<?xml version="1.0" encoding="UTF-8" standalone="yes"?>
<gpx
 version="1.1"
 creator="Global Mapper - http://www.globalmapper.com"
 xmlns:globalmapper="http://www.bluemarblegeo.com/globalmapper"
 xmlns:xsi="http://www.w3.org/2001/XMLSchema-instance"
 xmlns="http://www.topografix.com/GPX/1/1"
 xsi:schemaLocation="http://www.topografix.com/GPX/1/1 http://www.topografix.com/GPX/1/1/gpx.xsd">
 <metadata>
 </metadata>
<wpt lat="-0.50892100" lon="112.63583578">
 <name>Bukit Mamutu</name>
</wpt>
<wpt lat="-0.53836226" lon="112.57941459">
 <name>Pintu Rimba Korong</name>
</wpt>
<wpt lat="-0.55290487" lon="112.61104706">
 <name>Pos 3 Sungai Menanoi</name>
</wpt>
<wpt lat="-0.56063390" lon="112.62256145">
 <name>Pos 4 Sungai Mangan</name>
</wpt>
<wpt lat="-0.60236405" lon="112.64995476">
 <name>Pos 5 Hulu Rabang</name>
</wpt>
<wpt lat="-0.62087313" lon="112.64577236">
 <name>Pos 6 Hulu Jeludung</name>
</wpt>
<wpt lat="-0.64735240" lon="112.65619174">
 <name>Pos 7 Linang</name>
</wpt>
<wpt lat="-0.66046514" lon="112.66333496">
 <name>Pos 8 Soa Tohutung</name>
</wpt>
<wpt lat="-0.66174614" lon="112.69091427">
 <name>Puncak Bukit Raya</name>
</wpt>
<wpt lat="-0.50210634" lon="112.56488616">
 <name>Rantau Malam</name>
</wpt>
<wpt lat="-0.50338567" lon="112.56813792">
 <name>Sebrang Sungai</name>
</wpt>
<wpt lat="-0.56635011" lon="112.62829416">
 <name>Simpang Lekawai</name>
</wpt>
<wpt lat="-0.65449513" lon="112.67671508">
 <name>Tebing Jempol</name>
</wpt>
<trk>
 <name>1 019</name>
 <trkseg>
  <trkpt lat="-0.50062660" lon="112.55745526"></trkpt>
  <trkpt lat="-0.50057329" lon="112.55750857"></trkpt>
  <trkpt lat="-0.50051998" lon="112.55745526"></trkpt>
  <trkpt lat="-0.50051998" lon="112.55740196"></trkpt>
  <trkpt lat="-0.50046667" lon="112.55740196"></trkpt>
  <trkpt lat="-0.50051998" lon="112.55740196"></trkpt>
  <trkpt lat="-0.50046667" lon="112.55740196"></trkpt>
  <trkpt lat="-0.50051998" lon="112.55740196"></trkpt>
  <trkpt lat="-0.50046667" lon="112.55740196"></trkpt>
  <trkpt lat="-0.50051998" lon="112.55740196"></trkpt>
  <trkpt lat="-0.50046667" lon="112.55740196"></trkpt>
  <trkpt lat="-0.50051998" lon="112.55740196"></trkpt>
  <trkpt lat="-0.50057329" lon="112.55740196"></trkpt>
  <trkpt lat="-0.50041337" lon="112.55734865"></trkpt>
  <trkpt lat="-0.50041337" lon="112.55745526"></trkpt>
  <trkpt lat="-0.50051998" lon="112.55772181"></trkpt>
  <trkpt lat="-0.50062660" lon="112.55787838"></trkpt>
  <trkpt lat="-0.50067991" lon="112.55793169"></trkpt>
  <trkpt lat="-0.50094637" lon="112.55782843"></trkpt>
  <trkpt lat="-0.50126622" lon="112.55756188"></trkpt>
  <trkpt lat="-0.50131953" lon="112.55756188"></trkpt>
  <trkpt lat="-0.50137284" lon="112.55756188"></trkpt>
  <trkpt lat="-0.50158599" lon="112.55782843"></trkpt>
  <trkpt lat="-0.50163930" lon="112.55809162"></trkpt>
  <trkpt lat="-0.50163930" lon="112.55819824"></trkpt>
  <trkpt lat="-0.50169261" lon="112.55846478"></trkpt>
  <trkpt lat="-0.50179923" lon="112.55878463"></trkpt>
  <trkpt lat="-0.50185254" lon="112.55878463"></trkpt>
  <trkpt lat="-0.50185254" lon="112.55889125"></trkpt>
  <trkpt lat="-0.50195916" lon="112.55958427"></trkpt>
  <trkpt lat="-0.50206577" lon="112.55995743"></trkpt>
  <trkpt lat="-0.50206577" lon="112.56065036"></trkpt>
  <trkpt lat="-0.50211908" lon="112.56102352"></trkpt>
  <trkpt lat="-0.50217239" lon="112.56129007"></trkpt>
  <trkpt lat="-0.50222570" lon="112.56134338"></trkpt>
  <trkpt lat="-0.50217239" lon="112.56171654"></trkpt>
  <trkpt lat="-0.50211908" lon="112.56192978"></trkpt>
  <trkpt lat="-0.50211908" lon="112.56224963"></trkpt>
  <trkpt lat="-0.50211908" lon="112.56235625"></trkpt>
  <trkpt lat="-0.50217239" lon="112.56246286"></trkpt>
  <trkpt lat="-0.50217239" lon="112.56267610"></trkpt>
  <trkpt lat="-0.50227901" lon="112.56294264"></trkpt>
  <trkpt lat="-0.50233232" lon="112.56310257"></trkpt>
  <trkpt lat="-0.50243885" lon="112.56336912"></trkpt>
  <trkpt lat="-0.50249216" lon="112.56358235"></trkpt>
  <trkpt lat="-0.50249216" lon="112.56368889"></trkpt>
  <trkpt lat="-0.50238563" lon="112.56384881"></trkpt>
  <trkpt lat="-0.50227901" lon="112.56390212"></trkpt>
  <trkpt lat="-0.50222570" lon="112.56400874"></trkpt>
  <trkpt lat="-0.50190585" lon="112.56432859"></trkpt>
  <trkpt lat="-0.50190585" lon="112.56443521"></trkpt>
  <trkpt lat="-0.50217239" lon="112.56480837"></trkpt>
  <trkpt lat="-0.50206577" lon="112.56491499"></trkpt>
  <trkpt lat="-0.50195916" lon="112.56502161"></trkpt>
  <trkpt lat="-0.50195916" lon="112.56507492"></trkpt>
  <trkpt lat="-0.50185254" lon="112.56523484"></trkpt>
  <trkpt lat="-0.50169261" lon="112.56550139"></trkpt>
  <trkpt lat="-0.50163930" lon="112.56566131"></trkpt>
  <trkpt lat="-0.50158599" lon="112.56603448"></trkpt>
  <trkpt lat="-0.50158599" lon="112.56614110"></trkpt>
  <trkpt lat="-0.50147946" lon="112.56640764"></trkpt>
  <trkpt lat="-0.50147946" lon="112.56651426"></trkpt>
  <trkpt lat="-0.50147946" lon="112.56678072"></trkpt>
  <trkpt lat="-0.50147946" lon="112.56683403"></trkpt>
  <trkpt lat="-0.50158599" lon="112.56710057"></trkpt>
  <trkpt lat="-0.50163930" lon="112.56726050"></trkpt>
  <trkpt lat="-0.50179923" lon="112.56747373"></trkpt>
  <trkpt lat="-0.50201247" lon="112.56790021"></trkpt>
  <trkpt lat="-0.50206577" lon="112.56795351"></trkpt>
  <trkpt lat="-0.50211908" lon="112.56800682"></trkpt>
  <trkpt lat="-0.50222570" lon="112.56827337"></trkpt>
  <trkpt lat="-0.50254547" lon="112.56843329"></trkpt>
  <trkpt lat="-0.50275871" lon="112.56837999"></trkpt>
  <trkpt lat="-0.50297194" lon="112.56832668"></trkpt>
  <trkpt lat="-0.50329171" lon="112.56827337"></trkpt>
  <trkpt lat="-0.50339833" lon="112.56806013"></trkpt>
  <trkpt lat="-0.50345164" lon="112.56784690"></trkpt>
  <trkpt lat="-0.50361156" lon="112.56768697"></trkpt>
  <trkpt lat="-0.50419788" lon="112.56752704"></trkpt>
  <trkpt lat="-0.50425119" lon="112.56752704"></trkpt>
  <trkpt lat="-0.50441111" lon="112.56747373"></trkpt>
  <trkpt lat="-0.50451773" lon="112.56742042"></trkpt>
  <trkpt lat="-0.50473097" lon="112.56720719"></trkpt>
  <trkpt lat="-0.50478428" lon="112.56715388"></trkpt>
  <trkpt lat="-0.50499416" lon="112.56699395"></trkpt>
  <trkpt lat="-0.50520731" lon="112.56688734"></trkpt>
  <trkpt lat="-0.50536724" lon="112.56678072"></trkpt>
  <trkpt lat="-0.50552716" lon="112.56667410"></trkpt>
  <trkpt lat="-0.50568709" lon="112.56662079"></trkpt>
  <trkpt lat="-0.50584702" lon="112.56662079"></trkpt>
  <trkpt lat="-0.50600694" lon="112.56662079"></trkpt>
  <trkpt lat="-0.50622010" lon="112.56656748"></trkpt>
  <trkpt lat="-0.50638002" lon="112.56656748"></trkpt>
  <trkpt lat="-0.50653995" lon="112.56662079"></trkpt>
  <trkpt lat="-0.50675319" lon="112.56662079"></trkpt>
  <trkpt lat="-0.50685980" lon="112.56662079"></trkpt>
  <trkpt lat="-0.50712626" lon="112.56662079"></trkpt>
  <trkpt lat="-0.50733950" lon="112.56662079"></trkpt>
  <trkpt lat="-0.50765935" lon="112.56646095"></trkpt>
  <trkpt lat="-0.50787251" lon="112.56646095"></trkpt>
  <trkpt lat="-0.50797912" lon="112.56640764"></trkpt>
  <trkpt lat="-0.50856552" lon="112.56640764"></trkpt>
  <trkpt lat="-0.50899191" lon="112.56646095"></trkpt>
  <trkpt lat="-0.50915183" lon="112.56646095"></trkpt>
  <trkpt lat="-0.50931176" lon="112.56640764"></trkpt>
  <trkpt lat="-0.50952500" lon="112.56646095"></trkpt>
  <trkpt lat="-0.50968484" lon="112.56646095"></trkpt>
  <trkpt lat="-0.50973815" lon="112.56640764"></trkpt>
  <trkpt lat="-0.50984477" lon="112.56640764"></trkpt>
  <trkpt lat="-0.51000469" lon="112.56640764"></trkpt>
  <trkpt lat="-0.51016462" lon="112.56635433"></trkpt>
  <trkpt lat="-0.51048439" lon="112.56635433"></trkpt>
  <trkpt lat="-0.51091086" lon="112.56640764"></trkpt>
  <trkpt lat="-0.51117741" lon="112.56640764"></trkpt>
  <trkpt lat="-0.51144387" lon="112.56635433"></trkpt>
  <trkpt lat="-0.51149718" lon="112.56635433"></trkpt>
  <trkpt lat="-0.51176372" lon="112.56640764"></trkpt>
  <trkpt lat="-0.51213680" lon="112.56656748"></trkpt>
  <trkpt lat="-0.51219011" lon="112.56656748"></trkpt>
  <trkpt lat="-0.51235003" lon="112.56662079"></trkpt>
  <trkpt lat="-0.51250996" lon="112.56667410"></trkpt>
  <trkpt lat="-0.51261658" lon="112.56672741"></trkpt>
  <trkpt lat="-0.51341613" lon="112.56694064"></trkpt>
  <trkpt lat="-0.51368267" lon="112.56699395"></trkpt>
  <trkpt lat="-0.51378929" lon="112.56699395"></trkpt>
  <trkpt lat="-0.51389582" lon="112.56704726"></trkpt>
  <trkpt lat="-0.51421568" lon="112.56704726"></trkpt>
  <trkpt lat="-0.51448222" lon="112.56699395"></trkpt>
  <trkpt lat="-0.51474868" lon="112.56710057"></trkpt>
  <trkpt lat="-0.51496192" lon="112.56731381"></trkpt>
  <trkpt lat="-0.51501523" lon="112.56736712"></trkpt>
  <trkpt lat="-0.51517515" lon="112.56800682"></trkpt>
  <trkpt lat="-0.51528177" lon="112.56822006"></trkpt>
  <trkpt lat="-0.51538839" lon="112.56837999"></trkpt>
  <trkpt lat="-0.51554832" lon="112.56853991"></trkpt>
  <trkpt lat="-0.51565485" lon="112.56869984"></trkpt>
  <trkpt lat="-0.51581478" lon="112.56885977"></trkpt>
  <trkpt lat="-0.51618794" lon="112.56901969"></trkpt>
  <trkpt lat="-0.51629456" lon="112.56923293"></trkpt>
  <trkpt lat="-0.51640118" lon="112.56939285"></trkpt>
  <trkpt lat="-0.51645448" lon="112.56960601"></trkpt>
  <trkpt lat="-0.51645448" lon="112.56965932"></trkpt>
  <trkpt lat="-0.51656102" lon="112.56981924"></trkpt>
  <trkpt lat="-0.51666764" lon="112.56992586"></trkpt>
  <trkpt lat="-0.51672095" lon="112.56997917"></trkpt>
  <trkpt lat="-0.51682756" lon="112.57008579"></trkpt>
  <trkpt lat="-0.51682756" lon="112.57013910"></trkpt>
  <trkpt lat="-0.51688087" lon="112.57024571"></trkpt>
  <trkpt lat="-0.51693418" lon="112.57029902"></trkpt>
  <trkpt lat="-0.51698749" lon="112.57056557"></trkpt>
  <trkpt lat="-0.51704080" lon="112.57067218"></trkpt>
  <trkpt lat="-0.51720073" lon="112.57088542"></trkpt>
  <trkpt lat="-0.51725403" lon="112.57093873"></trkpt>
  <trkpt lat="-0.51725403" lon="112.57099204"></trkpt>
  <trkpt lat="-0.51736065" lon="112.57109866"></trkpt>
  <trkpt lat="-0.51752049" lon="112.57131189"></trkpt>
  <trkpt lat="-0.51762711" lon="112.57147182"></trkpt>
  <trkpt lat="-0.51789366" lon="112.57173836"></trkpt>
  <trkpt lat="-0.51805358" lon="112.57195160"></trkpt>
  <trkpt lat="-0.51810689" lon="112.57205822"></trkpt>
  <trkpt lat="-0.51816020" lon="112.57227145"></trkpt>
  <trkpt lat="-0.51816020" lon="112.57232476"></trkpt>
  <trkpt lat="-0.51837335" lon="112.57269784"></trkpt>
  <trkpt lat="-0.51837335" lon="112.57275115"></trkpt>
  <trkpt lat="-0.51842666" lon="112.57285777"></trkpt>
  <trkpt lat="-0.51847997" lon="112.57296438"></trkpt>
  <trkpt lat="-0.51863990" lon="112.57323093"></trkpt>
  <trkpt lat="-0.51863990" lon="112.57333755"></trkpt>
  <trkpt lat="-0.51874652" lon="112.57344416"></trkpt>
  <trkpt lat="-0.51885313" lon="112.57355078"></trkpt>
  <trkpt lat="-0.51895975" lon="112.57371071"></trkpt>
  <trkpt lat="-0.51917290" lon="112.57381733"></trkpt>
  <trkpt lat="-0.51917290" lon="112.57387063"></trkpt>
  <trkpt lat="-0.51927952" lon="112.57392394"></trkpt>
  <trkpt lat="-0.51938614" lon="112.57392394"></trkpt>
  <trkpt lat="-0.51959937" lon="112.57392394"></trkpt>
  <trkpt lat="-0.51991923" lon="112.57392394"></trkpt>
  <trkpt lat="-0.52029231" lon="112.57403056"></trkpt>
  <trkpt lat="-0.52039892" lon="112.57413718"></trkpt>
  <trkpt lat="-0.52045223" lon="112.57413718"></trkpt>
  <trkpt lat="-0.52055885" lon="112.57424380"></trkpt>
  <trkpt lat="-0.52061216" lon="112.57424380"></trkpt>
  <trkpt lat="-0.52098524" lon="112.57461696"></trkpt>
  <trkpt lat="-0.52109186" lon="112.57472358"></trkpt>
  <trkpt lat="-0.52151833" lon="112.57509674"></trkpt>
  <trkpt lat="-0.52167817" lon="112.57515005"></trkpt>
  <trkpt lat="-0.52178479" lon="112.57525667"></trkpt>
  <trkpt lat="-0.52199802" lon="112.57541651"></trkpt>
  <trkpt lat="-0.52210464" lon="112.57552321"></trkpt>
  <trkpt lat="-0.52231788" lon="112.57573636"></trkpt>
  <trkpt lat="-0.52258442" lon="112.57616283"></trkpt>
  <trkpt lat="-0.52274426" lon="112.57653600"></trkpt>
  <trkpt lat="-0.52279757" lon="112.57658930"></trkpt>
  <trkpt lat="-0.52285088" lon="112.57669592"></trkpt>
  <trkpt lat="-0.52290419" lon="112.57680254"></trkpt>
  <trkpt lat="-0.52301081" lon="112.57690916"></trkpt>
  <trkpt lat="-0.52311743" lon="112.57696247"></trkpt>
  <trkpt lat="-0.52322404" lon="112.57706909"></trkpt>
  <trkpt lat="-0.52333066" lon="112.57717570"></trkpt>
  <trkpt lat="-0.52343728" lon="112.57728232"></trkpt>
  <trkpt lat="-0.52359712" lon="112.57744225"></trkpt>
  <trkpt lat="-0.52381036" lon="112.57760217"></trkpt>
  <trkpt lat="-0.52402359" lon="112.57770879"></trkpt>
  <trkpt lat="-0.52444998" lon="112.57802865"></trkpt>
  <trkpt lat="-0.52471653" lon="112.57829519"></trkpt>
  <trkpt lat="-0.52503638" lon="112.57877489"></trkpt>
  <trkpt lat="-0.52508969" lon="112.57893481"></trkpt>
  <trkpt lat="-0.52524953" lon="112.57909474"></trkpt>
  <trkpt lat="-0.52556938" lon="112.57936128"></trkpt>
  <trkpt lat="-0.52567600" lon="112.57946790"></trkpt>
  <trkpt lat="-0.52583593" lon="112.57957452"></trkpt>
  <trkpt lat="-0.52610239" lon="112.57968114"></trkpt>
  <trkpt lat="-0.52620901" lon="112.57973445"></trkpt>
  <trkpt lat="-0.52631563" lon="112.57973445"></trkpt>
  <trkpt lat="-0.52636893" lon="112.57973445"></trkpt>
  <trkpt lat="-0.52658217" lon="112.57978776"></trkpt>
  <trkpt lat="-0.52706187" lon="112.57973445"></trkpt>
  <trkpt lat="-0.52732841" lon="112.57962783"></trkpt>
  <trkpt lat="-0.52732841" lon="112.57957452"></trkpt>
  <trkpt lat="-0.52748834" lon="112.57952121"></trkpt>
  <trkpt lat="-0.52764826" lon="112.57936128"></trkpt>
  <trkpt lat="-0.52775480" lon="112.57925467"></trkpt>
  <trkpt lat="-0.52791473" lon="112.57914805"></trkpt>
  <trkpt lat="-0.52802134" lon="112.57904143"></trkpt>
  <trkpt lat="-0.52818127" lon="112.57898812"></trkpt>
  <trkpt lat="-0.52828789" lon="112.57888150"></trkpt>
  <trkpt lat="-0.52834120" lon="112.57888150"></trkpt>
  <trkpt lat="-0.52844781" lon="112.57877489"></trkpt>
  <trkpt lat="-0.52850112" lon="112.57866827"></trkpt>
  <trkpt lat="-0.52855443" lon="112.57856165"></trkpt>
  <trkpt lat="-0.52866097" lon="112.57845503"></trkpt>
  <trkpt lat="-0.52882089" lon="112.57818857"></trkpt>
  <trkpt lat="-0.52903413" lon="112.57797534"></trkpt>
  <trkpt lat="-0.52908744" lon="112.57792203"></trkpt>
  <trkpt lat="-0.52914075" lon="112.57786872"></trkpt>
  <trkpt lat="-0.52935398" lon="112.57770879"></trkpt>
  <trkpt lat="-0.52946060" lon="112.57754887"></trkpt>
  <trkpt lat="-0.52967375" lon="112.57738894"></trkpt>
  <trkpt lat="-0.52988699" lon="112.57722901"></trkpt>
  <trkpt lat="-0.52988699" lon="112.57717570"></trkpt>
  <trkpt lat="-0.52999360" lon="112.57712239"></trkpt>
  <trkpt lat="-0.53004691" lon="112.57712239"></trkpt>
  <trkpt lat="-0.53015353" lon="112.57706909"></trkpt>
  <trkpt lat="-0.53031346" lon="112.57706909"></trkpt>
  <trkpt lat="-0.53036668" lon="112.57706909"></trkpt>
  <trkpt lat="-0.53052661" lon="112.57706909"></trkpt>
  <trkpt lat="-0.53079315" lon="112.57701578"></trkpt>
  <trkpt lat="-0.53084646" lon="112.57696247"></trkpt>
  <trkpt lat="-0.53095308" lon="112.57685585"></trkpt>
  <trkpt lat="-0.53095308" lon="112.57680254"></trkpt>
  <trkpt lat="-0.53100639" lon="112.57658930"></trkpt>
  <trkpt lat="-0.53105970" lon="112.57648269"></trkpt>
  <trkpt lat="-0.53105970" lon="112.57642938"></trkpt>
  <trkpt lat="-0.53116632" lon="112.57621614"></trkpt>
  <trkpt lat="-0.53127285" lon="112.57594960"></trkpt>
  <trkpt lat="-0.53121954" lon="112.57584298"></trkpt>
  <trkpt lat="-0.53121954" lon="112.57578967"></trkpt>
  <trkpt lat="-0.53121954" lon="112.57568305"></trkpt>
  <trkpt lat="-0.53116632" lon="112.57557644"></trkpt>
  <trkpt lat="-0.53121954" lon="112.57546990"></trkpt>
  <trkpt lat="-0.53121954" lon="112.57515005"></trkpt>
  <trkpt lat="-0.53121954" lon="112.57493681"></trkpt>
  <trkpt lat="-0.53111301" lon="112.57467027"></trkpt>
  <trkpt lat="-0.53105970" lon="112.57435041"></trkpt>
  <trkpt lat="-0.53105970" lon="112.57429711"></trkpt>
  <trkpt lat="-0.53105970" lon="112.57408387"></trkpt>
  <trkpt lat="-0.53105970" lon="112.57381733"></trkpt>
  <trkpt lat="-0.53105970" lon="112.57376402"></trkpt>
  <trkpt lat="-0.53100639" lon="112.57339085"></trkpt>
  <trkpt lat="-0.53100639" lon="112.57328424"></trkpt>
  <trkpt lat="-0.53100639" lon="112.57312431"></trkpt>
  <trkpt lat="-0.53100639" lon="112.57296438"></trkpt>
  <trkpt lat="-0.53105970" lon="112.57285777"></trkpt>
  <trkpt lat="-0.53105970" lon="112.57280446"></trkpt>
  <trkpt lat="-0.53111301" lon="112.57269784"></trkpt>
  <trkpt lat="-0.53121954" lon="112.57264453"></trkpt>
  <trkpt lat="-0.53132616" lon="112.57253791"></trkpt>
  <trkpt lat="-0.53143278" lon="112.57248460"></trkpt>
  <trkpt lat="-0.53159270" lon="112.57243138"></trkpt>
  <trkpt lat="-0.53169932" lon="112.57237807"></trkpt>
  <trkpt lat="-0.53185925" lon="112.57232476"></trkpt>
  <trkpt lat="-0.53196587" lon="112.57227145"></trkpt>
  <trkpt lat="-0.53212571" lon="112.57216483"></trkpt>
  <trkpt lat="-0.53228564" lon="112.57211152"></trkpt>
  <trkpt lat="-0.53244556" lon="112.57200491"></trkpt>
  <trkpt lat="-0.53260549" lon="112.57189829"></trkpt>
  <trkpt lat="-0.53287203" lon="112.57184498"></trkpt>
  <trkpt lat="-0.53292534" lon="112.57184498"></trkpt>
  <trkpt lat="-0.53297857" lon="112.57184498"></trkpt>
  <trkpt lat="-0.53313849" lon="112.57189829"></trkpt>
  <trkpt lat="-0.53324511" lon="112.57195160"></trkpt>
  <trkpt lat="-0.53335173" lon="112.57195160"></trkpt>
  <trkpt lat="-0.53340504" lon="112.57205822"></trkpt>
  <trkpt lat="-0.53351166" lon="112.57211152"></trkpt>
  <trkpt lat="-0.53367158" lon="112.57216483"></trkpt>
  <trkpt lat="-0.53383151" lon="112.57227145"></trkpt>
  <trkpt lat="-0.53399135" lon="112.57237807"></trkpt>
  <trkpt lat="-0.53420459" lon="112.57269784"></trkpt>
  <trkpt lat="-0.53431121" lon="112.57285777"></trkpt>
  <trkpt lat="-0.53441782" lon="112.57301769"></trkpt>
  <trkpt lat="-0.53441782" lon="112.57312431"></trkpt>
  <trkpt lat="-0.53447113" lon="112.57317762"></trkpt>
  <trkpt lat="-0.53452444" lon="112.57328424"></trkpt>
  <trkpt lat="-0.53463106" lon="112.57344416"></trkpt>
  <trkpt lat="-0.53473759" lon="112.57360409"></trkpt>
  <trkpt lat="-0.53479090" lon="112.57376402"></trkpt>
  <trkpt lat="-0.53489752" lon="112.57408387"></trkpt>
  <trkpt lat="-0.53495083" lon="112.57440372"></trkpt>
  <trkpt lat="-0.53495083" lon="112.57445703"></trkpt>
  <trkpt lat="-0.53500414" lon="112.57477689"></trkpt>
  <trkpt lat="-0.53500414" lon="112.57488350"></trkpt>
  <trkpt lat="-0.53500414" lon="112.57504343"></trkpt>
  <trkpt lat="-0.53500414" lon="112.57520336"></trkpt>
  <trkpt lat="-0.53505745" lon="112.57536320"></trkpt>
  <trkpt lat="-0.53505745" lon="112.57552321"></trkpt>
  <trkpt lat="-0.53511076" lon="112.57568305"></trkpt>
  <trkpt lat="-0.53532399" lon="112.57594960"></trkpt>
  <trkpt lat="-0.53532399" lon="112.57600291"></trkpt>
  <trkpt lat="-0.53548392" lon="112.57616283"></trkpt>
  <trkpt lat="-0.53553723" lon="112.57616283"></trkpt>
  <trkpt lat="-0.53569707" lon="112.57626945"></trkpt>
  <trkpt lat="-0.53580369" lon="112.57637607"></trkpt>
  <trkpt lat="-0.53591031" lon="112.57642938"></trkpt>
  <trkpt lat="-0.53601692" lon="112.57648269"></trkpt>
  <trkpt lat="-0.53612354" lon="112.57653600"></trkpt>
  <trkpt lat="-0.53623016" lon="112.57658930"></trkpt>
  <trkpt lat="-0.53639009" lon="112.57664261"></trkpt>
  <trkpt lat="-0.53649662" lon="112.57669592"></trkpt>
  <trkpt lat="-0.53654993" lon="112.57674923"></trkpt>
  <trkpt lat="-0.53665655" lon="112.57674923"></trkpt>
  <trkpt lat="-0.53670986" lon="112.57680254"></trkpt>
  <trkpt lat="-0.53681647" lon="112.57685585"></trkpt>
  <trkpt lat="-0.53692309" lon="112.57696247"></trkpt>
  <trkpt lat="-0.53697640" lon="112.57701578"></trkpt>
  <trkpt lat="-0.53708302" lon="112.57717570"></trkpt>
  <trkpt lat="-0.53713633" lon="112.57728232"></trkpt>
  <trkpt lat="-0.53718964" lon="112.57738894"></trkpt>
  <trkpt lat="-0.53724295" lon="112.57760217"></trkpt>
  <trkpt lat="-0.53729617" lon="112.57770879"></trkpt>
  <trkpt lat="-0.53740279" lon="112.57802865"></trkpt>
  <trkpt lat="-0.53750941" lon="112.57829519"></trkpt>
  <trkpt lat="-0.53750941" lon="112.57834850"></trkpt>
  <trkpt lat="-0.53766933" lon="112.57861496"></trkpt>
  <trkpt lat="-0.53777595" lon="112.57882820"></trkpt>
  <trkpt lat="-0.53788257" lon="112.57888150"></trkpt>
  <trkpt lat="-0.53793588" lon="112.57893481"></trkpt>
  <trkpt lat="-0.53804250" lon="112.57904143"></trkpt>
  <trkpt lat="-0.53804250" lon="112.57909474"></trkpt>
  <trkpt lat="-0.53804250" lon="112.57914805"></trkpt>
  <trkpt lat="-0.53798919" lon="112.57914805"></trkpt>
  <trkpt lat="-0.53804250" lon="112.57914805"></trkpt>
  <trkpt lat="-0.53798919" lon="112.57920136"></trkpt>
  <trkpt lat="-0.53804250" lon="112.57920136"></trkpt>
  <trkpt lat="-0.53798919" lon="112.57920136"></trkpt>
  <trkpt lat="-0.53798919" lon="112.57914805"></trkpt>
  <trkpt lat="-0.53804250" lon="112.57920136"></trkpt>
  <trkpt lat="-0.53804250" lon="112.57914805"></trkpt>
  <trkpt lat="-0.53798919" lon="112.57914805"></trkpt>
  <trkpt lat="-0.53804250" lon="112.57920136"></trkpt>
  <trkpt lat="-0.53798919" lon="112.57914805"></trkpt>
  <trkpt lat="-0.53804250" lon="112.57914805"></trkpt>
  <trkpt lat="-0.53798919" lon="112.57914805"></trkpt>
  <trkpt lat="-0.53798919" lon="112.57920136"></trkpt>
  <trkpt lat="-0.53798919" lon="112.57914805"></trkpt>
  <trkpt lat="-0.53798919" lon="112.57920136"></trkpt>
  <trkpt lat="-0.53798919" lon="112.57914805"></trkpt>
  <trkpt lat="-0.53798919" lon="112.57920136"></trkpt>
  <trkpt lat="-0.53798919" lon="112.57914805"></trkpt>
  <trkpt lat="-0.53798919" lon="112.57920136"></trkpt>
  <trkpt lat="-0.53804250" lon="112.57920136"></trkpt>
  <trkpt lat="-0.53798919" lon="112.57920136"></trkpt>
  <trkpt lat="-0.53804250" lon="112.57920136"></trkpt>
  <trkpt lat="-0.53798919" lon="112.57920136"></trkpt>
  <trkpt lat="-0.53804250" lon="112.57914805"></trkpt>
  <trkpt lat="-0.53798919" lon="112.57920136"></trkpt>
  <trkpt lat="-0.53804250" lon="112.57920136"></trkpt>
  <trkpt lat="-0.53798919" lon="112.57920136"></trkpt>
  <trkpt lat="-0.53804250" lon="112.57920136"></trkpt>
  <trkpt lat="-0.53798919" lon="112.57920136"></trkpt>
  <trkpt lat="-0.53804250" lon="112.57920136"></trkpt>
  <trkpt lat="-0.53798919" lon="112.57920136"></trkpt>
  <trkpt lat="-0.53804250" lon="112.57920136"></trkpt>
  <trkpt lat="-0.53798919" lon="112.57920136"></trkpt>
  <trkpt lat="-0.53804250" lon="112.57920136"></trkpt>
  <trkpt lat="-0.53798919" lon="112.57920136"></trkpt>
  <trkpt lat="-0.53804250" lon="112.57914805"></trkpt>
  <trkpt lat="-0.53804250" lon="112.57920136"></trkpt>
  <trkpt lat="-0.53804250" lon="112.57914805"></trkpt>
  <trkpt lat="-0.53804250" lon="112.57920136"></trkpt>
  <trkpt lat="-0.53804250" lon="112.57914805"></trkpt>
  <trkpt lat="-0.53804250" lon="112.57920136"></trkpt>
  <trkpt lat="-0.53804250" lon="112.57914805"></trkpt>
  <trkpt lat="-0.53804250" lon="112.57920136"></trkpt>
  <trkpt lat="-0.53798919" lon="112.57920136"></trkpt>
  <trkpt lat="-0.53804250" lon="112.57914805"></trkpt>
  <trkpt lat="-0.53804250" lon="112.57920136"></trkpt>
  <trkpt lat="-0.53804250" lon="112.57914805"></trkpt>
  <trkpt lat="-0.53798919" lon="112.57914805"></trkpt>
  <trkpt lat="-0.53798919" lon="112.57920136"></trkpt>
  <trkpt lat="-0.53804250" lon="112.57920136"></trkpt>
  <trkpt lat="-0.53804250" lon="112.57914805"></trkpt>
  <trkpt lat="-0.53798919" lon="112.57914805"></trkpt>
  <trkpt lat="-0.53804250" lon="112.57914805"></trkpt>
  <trkpt lat="-0.53798919" lon="112.57920136"></trkpt>
  <trkpt lat="-0.53804250" lon="112.57920136"></trkpt>
  <trkpt lat="-0.53804250" lon="112.57914805"></trkpt>
  <trkpt lat="-0.53798919" lon="112.57920136"></trkpt>
  <trkpt lat="-0.53804250" lon="112.57920136"></trkpt>
  <trkpt lat="-0.53798919" lon="112.57920136"></trkpt>
  <trkpt lat="-0.53804250" lon="112.57920136"></trkpt>
  <trkpt lat="-0.53809580" lon="112.57914805"></trkpt>
  <trkpt lat="-0.53814903" lon="112.57909474"></trkpt>
  <trkpt lat="-0.53820242" lon="112.57909474"></trkpt>
  <trkpt lat="-0.53814903" lon="112.57914805"></trkpt>
  <trkpt lat="-0.53809580" lon="112.57914805"></trkpt>
  <trkpt lat="-0.53804250" lon="112.57914805"></trkpt>
  <trkpt lat="-0.53809580" lon="112.57914805"></trkpt>
  <trkpt lat="-0.53804250" lon="112.57914805"></trkpt>
  <trkpt lat="-0.53798919" lon="112.57914805"></trkpt>
  <trkpt lat="-0.53793588" lon="112.57914805"></trkpt>
  <trkpt lat="-0.53798919" lon="112.57914805"></trkpt>
  <trkpt lat="-0.53798919" lon="112.57909474"></trkpt>
  <trkpt lat="-0.53804250" lon="112.57909474"></trkpt>
  <trkpt lat="-0.53798919" lon="112.57914805"></trkpt>
  <trkpt lat="-0.53798919" lon="112.57909474"></trkpt>
  <trkpt lat="-0.53793588" lon="112.57904143"></trkpt>
  <trkpt lat="-0.53798919" lon="112.57898812"></trkpt>
  <trkpt lat="-0.53793588" lon="112.57898812"></trkpt>
  <trkpt lat="-0.53793588" lon="112.57904143"></trkpt>
  <trkpt lat="-0.53798919" lon="112.57909474"></trkpt>
  <trkpt lat="-0.53798919" lon="112.57914805"></trkpt>
  <trkpt lat="-0.53798919" lon="112.57909474"></trkpt>
  <trkpt lat="-0.53798919" lon="112.57914805"></trkpt>
  <trkpt lat="-0.53798919" lon="112.57909474"></trkpt>
  <trkpt lat="-0.53798919" lon="112.57914805"></trkpt>
  <trkpt lat="-0.53804250" lon="112.57909474"></trkpt>
  <trkpt lat="-0.53798919" lon="112.57914805"></trkpt>
  <trkpt lat="-0.53804250" lon="112.57914805"></trkpt>
  <trkpt lat="-0.53804250" lon="112.57920136"></trkpt>
  <trkpt lat="-0.53804250" lon="112.57914805"></trkpt>
  <trkpt lat="-0.53798919" lon="112.57914805"></trkpt>
  <trkpt lat="-0.53804250" lon="112.57914805"></trkpt>
  <trkpt lat="-0.53798919" lon="112.57914805"></trkpt>
  <trkpt lat="-0.53798919" lon="112.57920136"></trkpt>
  <trkpt lat="-0.53798919" lon="112.57914805"></trkpt>
  <trkpt lat="-0.53804250" lon="112.57914805"></trkpt>
  <trkpt lat="-0.53804250" lon="112.57920136"></trkpt>
  <trkpt lat="-0.53814903" lon="112.57920136"></trkpt>
  <trkpt lat="-0.53825565" lon="112.57925467"></trkpt>
  <trkpt lat="-0.53830896" lon="112.57936128"></trkpt>
  <trkpt lat="-0.53836226" lon="112.57941459"></trkpt>
  <trkpt lat="-0.53836226" lon="112.57946790"></trkpt>
  <trkpt lat="-0.53841557" lon="112.57957452"></trkpt>
  <trkpt lat="-0.53846888" lon="112.57962783"></trkpt>
  <trkpt lat="-0.53862881" lon="112.57973445"></trkpt>
  <trkpt lat="-0.53862881" lon="112.57978776"></trkpt>
  <trkpt lat="-0.53873543" lon="112.57984106"></trkpt>
  <trkpt lat="-0.53884204" lon="112.57989437"></trkpt>
  <trkpt lat="-0.53889535" lon="112.58000099"></trkpt>
  <trkpt lat="-0.53894866" lon="112.58005430"></trkpt>
  <trkpt lat="-0.53900197" lon="112.58010761"></trkpt>
  <trkpt lat="-0.53900197" lon="112.58016092"></trkpt>
  <trkpt lat="-0.53905528" lon="112.58026754"></trkpt>
  <trkpt lat="-0.53905528" lon="112.58037415"></trkpt>
  <trkpt lat="-0.53910851" lon="112.58058739"></trkpt>
  <trkpt lat="-0.53916181" lon="112.58069401"></trkpt>
  <trkpt lat="-0.53921512" lon="112.58074732"></trkpt>
  <trkpt lat="-0.53926843" lon="112.58085393"></trkpt>
  <trkpt lat="-0.53926843" lon="112.58096055"></trkpt>
  <trkpt lat="-0.53926843" lon="112.58101386"></trkpt>
  <trkpt lat="-0.53926843" lon="112.58112048"></trkpt>
  <trkpt lat="-0.53932174" lon="112.58122710"></trkpt>
  <trkpt lat="-0.53942836" lon="112.58128032"></trkpt>
  <trkpt lat="-0.53948167" lon="112.58133363"></trkpt>
  <trkpt lat="-0.53953498" lon="112.58133363"></trkpt>
  <trkpt lat="-0.53958829" lon="112.58138694"></trkpt>
  <trkpt lat="-0.53964159" lon="112.58149356"></trkpt>
  <trkpt lat="-0.53964159" lon="112.58160017"></trkpt>
  <trkpt lat="-0.53964159" lon="112.58181341"></trkpt>
  <trkpt lat="-0.53964159" lon="112.58192003"></trkpt>
  <trkpt lat="-0.53964159" lon="112.58197334"></trkpt>
  <trkpt lat="-0.53964159" lon="112.58202665"></trkpt>
  <trkpt lat="-0.53964159" lon="112.58207995"></trkpt>
  <trkpt lat="-0.53964159" lon="112.58213326"></trkpt>
  <trkpt lat="-0.53964159" lon="112.58218657"></trkpt>
  <trkpt lat="-0.53958829" lon="112.58223988"></trkpt>
  <trkpt lat="-0.53958829" lon="112.58234650"></trkpt>
  <trkpt lat="-0.53958829" lon="112.58239981"></trkpt>
  <trkpt lat="-0.53958829" lon="112.58245312"></trkpt>
  <trkpt lat="-0.53964159" lon="112.58255973"></trkpt>
  <trkpt lat="-0.53969490" lon="112.58266635"></trkpt>
  <trkpt lat="-0.53969490" lon="112.58277297"></trkpt>
  <trkpt lat="-0.53969490" lon="112.58287959"></trkpt>
  <trkpt lat="-0.53969490" lon="112.58293290"></trkpt>
  <trkpt lat="-0.53969490" lon="112.58303951"></trkpt>
  <trkpt lat="-0.53964159" lon="112.58319944"></trkpt>
  <trkpt lat="-0.53958829" lon="112.58330606"></trkpt>
  <trkpt lat="-0.53958829" lon="112.58335937"></trkpt>
  <trkpt lat="-0.53958829" lon="112.58341268"></trkpt>
  <trkpt lat="-0.53964159" lon="112.58346599"></trkpt>
  <trkpt lat="-0.53964159" lon="112.58362256"></trkpt>
  <trkpt lat="-0.53969490" lon="112.58367587"></trkpt>
  <trkpt lat="-0.53969490" lon="112.58372918"></trkpt>
  <trkpt lat="-0.53969490" lon="112.58383580"></trkpt>
  <trkpt lat="-0.53974821" lon="112.58394241"></trkpt>
  <trkpt lat="-0.53980152" lon="112.58415565"></trkpt>
  <trkpt lat="-0.53985483" lon="112.58426227"></trkpt>
  <trkpt lat="-0.53990814" lon="112.58436888"></trkpt>
  <trkpt lat="-0.53996136" lon="112.58447550"></trkpt>
  <trkpt lat="-0.54012129" lon="112.58463543"></trkpt>
  <trkpt lat="-0.54017460" lon="112.58463543"></trkpt>
  <trkpt lat="-0.54028122" lon="112.58474205"></trkpt>
  <trkpt lat="-0.54033453" lon="112.58479536"></trkpt>
  <trkpt lat="-0.54038784" lon="112.58484866"></trkpt>
  <trkpt lat="-0.54049445" lon="112.58506190"></trkpt>
  <trkpt lat="-0.54054776" lon="112.58522174"></trkpt>
  <trkpt lat="-0.54065438" lon="112.58532836"></trkpt>
  <trkpt lat="-0.54070769" lon="112.58543498"></trkpt>
  <trkpt lat="-0.54076100" lon="112.58554160"></trkpt>
  <trkpt lat="-0.54081422" lon="112.58559491"></trkpt>
  <trkpt lat="-0.54086753" lon="112.58575483"></trkpt>
  <trkpt lat="-0.54092084" lon="112.58586145"></trkpt>
  <trkpt lat="-0.54097415" lon="112.58596807"></trkpt>
  <trkpt lat="-0.54108077" lon="112.58612799"></trkpt>
  <trkpt lat="-0.54118739" lon="112.58618130"></trkpt>
  <trkpt lat="-0.54118739" lon="112.58628792"></trkpt>
  <trkpt lat="-0.54129400" lon="112.58639454"></trkpt>
  <trkpt lat="-0.54129400" lon="112.58644785"></trkpt>
  <trkpt lat="-0.54134731" lon="112.58660777"></trkpt>
  <trkpt lat="-0.54134731" lon="112.58676770"></trkpt>
  <trkpt lat="-0.54140062" lon="112.58692763"></trkpt>
  <trkpt lat="-0.54150724" lon="112.58714086"></trkpt>
  <trkpt lat="-0.54156055" lon="112.58724748"></trkpt>
  <trkpt lat="-0.54166708" lon="112.58735410"></trkpt>
  <trkpt lat="-0.54172039" lon="112.58746072"></trkpt>
  <trkpt lat="-0.54177370" lon="112.58756733"></trkpt>
  <trkpt lat="-0.54188032" lon="112.58772726"></trkpt>
  <trkpt lat="-0.54188032" lon="112.58783388"></trkpt>
  <trkpt lat="-0.54188032" lon="112.58799372"></trkpt>
  <trkpt lat="-0.54188032" lon="112.58804703"></trkpt>
  <trkpt lat="-0.54188032" lon="112.58810034"></trkpt>
  <trkpt lat="-0.54182701" lon="112.58820696"></trkpt>
  <trkpt lat="-0.54182701" lon="112.58815365"></trkpt>
  <trkpt lat="-0.54182701" lon="112.58820696"></trkpt>
  <trkpt lat="-0.54182701" lon="112.58826027"></trkpt>
  <trkpt lat="-0.54182701" lon="112.58842019"></trkpt>
  <trkpt lat="-0.54182701" lon="112.58858012"></trkpt>
  <trkpt lat="-0.54177370" lon="112.58868674"></trkpt>
  <trkpt lat="-0.54177370" lon="112.58879336"></trkpt>
  <trkpt lat="-0.54182701" lon="112.58895328"></trkpt>
  <trkpt lat="-0.54182701" lon="112.58900659"></trkpt>
  <trkpt lat="-0.54188032" lon="112.58916652"></trkpt>
  <trkpt lat="-0.54193363" lon="112.58921983"></trkpt>
  <trkpt lat="-0.54198693" lon="112.58932645"></trkpt>
  <trkpt lat="-0.54204024" lon="112.58937975"></trkpt>
  <trkpt lat="-0.54209355" lon="112.58943306"></trkpt>
  <trkpt lat="-0.54220017" lon="112.58948637"></trkpt>
  <trkpt lat="-0.54220017" lon="112.58953968"></trkpt>
  <trkpt lat="-0.54225348" lon="112.58964630"></trkpt>
  <trkpt lat="-0.54236010" lon="112.58969961"></trkpt>
  <trkpt lat="-0.54241341" lon="112.58980623"></trkpt>
  <trkpt lat="-0.54246671" lon="112.58991284"></trkpt>
  <trkpt lat="-0.54257325" lon="112.59001946"></trkpt>
  <trkpt lat="-0.54262656" lon="112.59017939"></trkpt>
  <trkpt lat="-0.54273318" lon="112.59023270"></trkpt>
  <trkpt lat="-0.54278648" lon="112.59033931"></trkpt>
  <trkpt lat="-0.54289310" lon="112.59044593"></trkpt>
  <trkpt lat="-0.54294641" lon="112.59055255"></trkpt>
  <trkpt lat="-0.54299972" lon="112.59065917"></trkpt>
  <trkpt lat="-0.54305303" lon="112.59071248"></trkpt>
  <trkpt lat="-0.54305303" lon="112.59081909"></trkpt>
  <trkpt lat="-0.54310634" lon="112.59092563"></trkpt>
  <trkpt lat="-0.54315965" lon="112.59103233"></trkpt>
  <trkpt lat="-0.54321296" lon="112.59113886"></trkpt>
  <trkpt lat="-0.54326626" lon="112.59124548"></trkpt>
  <trkpt lat="-0.54331957" lon="112.59129879"></trkpt>
  <trkpt lat="-0.54331957" lon="112.59135210"></trkpt>
  <trkpt lat="-0.54331957" lon="112.59140541"></trkpt>
  <trkpt lat="-0.54337280" lon="112.59151203"></trkpt>
  <trkpt lat="-0.54337280" lon="112.59161864"></trkpt>
  <trkpt lat="-0.54342611" lon="112.59172526"></trkpt>
  <trkpt lat="-0.54347942" lon="112.59188519"></trkpt>
  <trkpt lat="-0.54353273" lon="112.59193850"></trkpt>
  <trkpt lat="-0.54363934" lon="112.59204512"></trkpt>
  <trkpt lat="-0.54363934" lon="112.59209842"></trkpt>
  <trkpt lat="-0.54369265" lon="112.59220504"></trkpt>
  <trkpt lat="-0.54369265" lon="112.59225835"></trkpt>
  <trkpt lat="-0.54369265" lon="112.59231166"></trkpt>
  <trkpt lat="-0.54374596" lon="112.59247159"></trkpt>
  <trkpt lat="-0.54379927" lon="112.59252490"></trkpt>
  <trkpt lat="-0.54385258" lon="112.59257820"></trkpt>
  <trkpt lat="-0.54390589" lon="112.59268482"></trkpt>
  <trkpt lat="-0.54390589" lon="112.59289806"></trkpt>
  <trkpt lat="-0.54390589" lon="112.59300468"></trkpt>
  <trkpt lat="-0.54395920" lon="112.59321791"></trkpt>
  <trkpt lat="-0.54395920" lon="112.59327122"></trkpt>
  <trkpt lat="-0.54401251" lon="112.59343115"></trkpt>
  <trkpt lat="-0.54411912" lon="112.59364438"></trkpt>
  <trkpt lat="-0.54417243" lon="112.59380431"></trkpt>
  <trkpt lat="-0.54427897" lon="112.59391093"></trkpt>
  <trkpt lat="-0.54427897" lon="112.59407077"></trkpt>
  <trkpt lat="-0.54433228" lon="112.59423070"></trkpt>
  <trkpt lat="-0.54438558" lon="112.59433731"></trkpt>
  <trkpt lat="-0.54443889" lon="112.59439062"></trkpt>
  <trkpt lat="-0.54449220" lon="112.59449724"></trkpt>
  <trkpt lat="-0.54449220" lon="112.59455055"></trkpt>
  <trkpt lat="-0.54449220" lon="112.59460386"></trkpt>
  <trkpt lat="-0.54449220" lon="112.59465717"></trkpt>
  <trkpt lat="-0.54459882" lon="112.59481709"></trkpt>
  <trkpt lat="-0.54465213" lon="112.59497702"></trkpt>
  <trkpt lat="-0.54470544" lon="112.59513695"></trkpt>
  <trkpt lat="-0.54470544" lon="112.59524357"></trkpt>
  <trkpt lat="-0.54470544" lon="112.59535018"></trkpt>
  <trkpt lat="-0.54470544" lon="112.59551011"></trkpt>
  <trkpt lat="-0.54470544" lon="112.59567004"></trkpt>
  <trkpt lat="-0.54470544" lon="112.59577665"></trkpt>
  <trkpt lat="-0.54475875" lon="112.59588327"></trkpt>
  <trkpt lat="-0.54470544" lon="112.59593658"></trkpt>
  <trkpt lat="-0.54475875" lon="112.59598989"></trkpt>
  <trkpt lat="-0.54481206" lon="112.59604320"></trkpt>
  <trkpt lat="-0.54486536" lon="112.59604320"></trkpt>
  <trkpt lat="-0.54486536" lon="112.59598989"></trkpt>
  <trkpt lat="-0.54486536" lon="112.59609651"></trkpt>
  <trkpt lat="-0.54486536" lon="112.59598989"></trkpt>
  <trkpt lat="-0.54491867" lon="112.59598989"></trkpt>
  <trkpt lat="-0.54486536" lon="112.59598989"></trkpt>
  <trkpt lat="-0.54486536" lon="112.59604320"></trkpt>
  <trkpt lat="-0.54481206" lon="112.59614982"></trkpt>
  <trkpt lat="-0.54481206" lon="112.59625643"></trkpt>
  <trkpt lat="-0.54481206" lon="112.59636305"></trkpt>
  <trkpt lat="-0.54486536" lon="112.59646967"></trkpt>
  <trkpt lat="-0.54491867" lon="112.59657629"></trkpt>
  <trkpt lat="-0.54497198" lon="112.59673622"></trkpt>
  <trkpt lat="-0.54502529" lon="112.59684275"></trkpt>
  <trkpt lat="-0.54502529" lon="112.59694945"></trkpt>
  <trkpt lat="-0.54507860" lon="112.59705598"></trkpt>
  <trkpt lat="-0.54513182" lon="112.59721591"></trkpt>
  <trkpt lat="-0.54518513" lon="112.59737584"></trkpt>
  <trkpt lat="-0.54529175" lon="112.59753576"></trkpt>
  <trkpt lat="-0.54529175" lon="112.59758907"></trkpt>
  <trkpt lat="-0.54534506" lon="112.59769569"></trkpt>
  <trkpt lat="-0.54545168" lon="112.59780231"></trkpt>
  <trkpt lat="-0.54555830" lon="112.59790893"></trkpt>
  <trkpt lat="-0.54561161" lon="112.59796224"></trkpt>
  <trkpt lat="-0.54571822" lon="112.59806885"></trkpt>
  <trkpt lat="-0.54582484" lon="112.59822878"></trkpt>
  <trkpt lat="-0.54598468" lon="112.59828209"></trkpt>
  <trkpt lat="-0.54609130" lon="112.59844202"></trkpt>
  <trkpt lat="-0.54614461" lon="112.59849533"></trkpt>
  <trkpt lat="-0.54630454" lon="112.59865525"></trkpt>
  <trkpt lat="-0.54635785" lon="112.59876187"></trkpt>
  <trkpt lat="-0.54651777" lon="112.59881518"></trkpt>
  <trkpt lat="-0.54657108" lon="112.59886849"></trkpt>
  <trkpt lat="-0.54662439" lon="112.59897511"></trkpt>
  <trkpt lat="-0.54673101" lon="112.59902841"></trkpt>
  <trkpt lat="-0.54678432" lon="112.59908172"></trkpt>
  <trkpt lat="-0.54683754" lon="112.59918834"></trkpt>
  <trkpt lat="-0.54678432" lon="112.59918834"></trkpt>
  <trkpt lat="-0.54683754" lon="112.59918834"></trkpt>
  <trkpt lat="-0.54683754" lon="112.59924165"></trkpt>
  <trkpt lat="-0.54689085" lon="112.59918834"></trkpt>
  <trkpt lat="-0.54689085" lon="112.59913503"></trkpt>
  <trkpt lat="-0.54683754" lon="112.59902841"></trkpt>
  <trkpt lat="-0.54689085" lon="112.59908172"></trkpt>
  <trkpt lat="-0.54683754" lon="112.59902841"></trkpt>
  <trkpt lat="-0.54683754" lon="112.59908172"></trkpt>
  <trkpt lat="-0.54689085" lon="112.59913503"></trkpt>
  <trkpt lat="-0.54683754" lon="112.59913503"></trkpt>
  <trkpt lat="-0.54689085" lon="112.59913503"></trkpt>
  <trkpt lat="-0.54683754" lon="112.59913503"></trkpt>
  <trkpt lat="-0.54689085" lon="112.59913503"></trkpt>
  <trkpt lat="-0.54694416" lon="112.59918834"></trkpt>
  <trkpt lat="-0.54699747" lon="112.59924165"></trkpt>
  <trkpt lat="-0.54710409" lon="112.59940158"></trkpt>
  <trkpt lat="-0.54710409" lon="112.59950819"></trkpt>
  <trkpt lat="-0.54715740" lon="112.59961481"></trkpt>
  <trkpt lat="-0.54721070" lon="112.59982805"></trkpt>
  <trkpt lat="-0.54726401" lon="112.59993458"></trkpt>
  <trkpt lat="-0.54726401" lon="112.60004120"></trkpt>
  <trkpt lat="-0.54726401" lon="112.60009451"></trkpt>
  <trkpt lat="-0.54726401" lon="112.60020113"></trkpt>
  <trkpt lat="-0.54731732" lon="112.60030774"></trkpt>
  <trkpt lat="-0.54737063" lon="112.60046767"></trkpt>
  <trkpt lat="-0.54742394" lon="112.60062760"></trkpt>
  <trkpt lat="-0.54742394" lon="112.60073422"></trkpt>
  <trkpt lat="-0.54747725" lon="112.60084083"></trkpt>
  <trkpt lat="-0.54753056" lon="112.60094745"></trkpt>
  <trkpt lat="-0.54753056" lon="112.60100076"></trkpt>
  <trkpt lat="-0.54753056" lon="112.60105407"></trkpt>
  <trkpt lat="-0.54753056" lon="112.60110738"></trkpt>
  <trkpt lat="-0.54758387" lon="112.60116069"></trkpt>
  <trkpt lat="-0.54753056" lon="112.60121400"></trkpt>
  <trkpt lat="-0.54753056" lon="112.60126730"></trkpt>
  <trkpt lat="-0.54753056" lon="112.60132061"></trkpt>
  <trkpt lat="-0.54763718" lon="112.60137392"></trkpt>
  <trkpt lat="-0.54763718" lon="112.60142723"></trkpt>
  <trkpt lat="-0.54774371" lon="112.60148054"></trkpt>
  <trkpt lat="-0.54779702" lon="112.60158716"></trkpt>
  <trkpt lat="-0.54785033" lon="112.60169378"></trkpt>
  <trkpt lat="-0.54785033" lon="112.60174708"></trkpt>
  <trkpt lat="-0.54790364" lon="112.60174708"></trkpt>
  <trkpt lat="-0.54790364" lon="112.60169378"></trkpt>
  <trkpt lat="-0.54790364" lon="112.60174708"></trkpt>
  <trkpt lat="-0.54801025" lon="112.60180039"></trkpt>
  <trkpt lat="-0.54806356" lon="112.60190701"></trkpt>
  <trkpt lat="-0.54817018" lon="112.60201363"></trkpt>
  <trkpt lat="-0.54827680" lon="112.60212025"></trkpt>
  <trkpt lat="-0.54833011" lon="112.60222686"></trkpt>
  <trkpt lat="-0.54843673" lon="112.60233348"></trkpt>
  <trkpt lat="-0.54849003" lon="112.60233348"></trkpt>
  <trkpt lat="-0.54849003" lon="112.60244010"></trkpt>
  <trkpt lat="-0.54843673" lon="112.60244010"></trkpt>
  <trkpt lat="-0.54843673" lon="112.60238679"></trkpt>
  <trkpt lat="-0.54849003" lon="112.60244010"></trkpt>
  <trkpt lat="-0.54843673" lon="112.60244010"></trkpt>
  <trkpt lat="-0.54849003" lon="112.60238679"></trkpt>
  <trkpt lat="-0.54843673" lon="112.60238679"></trkpt>
  <trkpt lat="-0.54849003" lon="112.60233348"></trkpt>
  <trkpt lat="-0.54843673" lon="112.60233348"></trkpt>
  <trkpt lat="-0.54838342" lon="112.60233348"></trkpt>
  <trkpt lat="-0.54854326" lon="112.60238679"></trkpt>
  <trkpt lat="-0.54864988" lon="112.60244010"></trkpt>
  <trkpt lat="-0.54870319" lon="112.60254672"></trkpt>
  <trkpt lat="-0.54875650" lon="112.60260003"></trkpt>
  <trkpt lat="-0.54886311" lon="112.60265334"></trkpt>
  <trkpt lat="-0.54896973" lon="112.60275987"></trkpt>
  <trkpt lat="-0.54907635" lon="112.60286657"></trkpt>
  <trkpt lat="-0.54912966" lon="112.60286657"></trkpt>
  <trkpt lat="-0.54918297" lon="112.60297311"></trkpt>
  <trkpt lat="-0.54918297" lon="112.60302641"></trkpt>
  <trkpt lat="-0.54923628" lon="112.60307972"></trkpt>
  <trkpt lat="-0.54934289" lon="112.60318634"></trkpt>
  <trkpt lat="-0.54939620" lon="112.60323965"></trkpt>
  <trkpt lat="-0.54950274" lon="112.60334627"></trkpt>
  <trkpt lat="-0.54955604" lon="112.60339958"></trkpt>
  <trkpt lat="-0.54955604" lon="112.60345289"></trkpt>
  <trkpt lat="-0.54960935" lon="112.60355950"></trkpt>
  <trkpt lat="-0.54966266" lon="112.60361281"></trkpt>
  <trkpt lat="-0.54976928" lon="112.60377274"></trkpt>
  <trkpt lat="-0.54982259" lon="112.60382605"></trkpt>
  <trkpt lat="-0.54992921" lon="112.60387936"></trkpt>
  <trkpt lat="-0.54998252" lon="112.60398597"></trkpt>
  <trkpt lat="-0.55008913" lon="112.60409259"></trkpt>
  <trkpt lat="-0.55014244" lon="112.60414590"></trkpt>
  <trkpt lat="-0.55014244" lon="112.60425252"></trkpt>
  <trkpt lat="-0.55014244" lon="112.60430583"></trkpt>
  <trkpt lat="-0.55024906" lon="112.60446575"></trkpt>
  <trkpt lat="-0.55024906" lon="112.60451906"></trkpt>
  <trkpt lat="-0.55035559" lon="112.60457237"></trkpt>
  <trkpt lat="-0.55040890" lon="112.60467899"></trkpt>
  <trkpt lat="-0.55046221" lon="112.60478561"></trkpt>
  <trkpt lat="-0.55056883" lon="112.60483892"></trkpt>
  <trkpt lat="-0.55072876" lon="112.60494553"></trkpt>
  <trkpt lat="-0.55083537" lon="112.60499884"></trkpt>
  <trkpt lat="-0.55094199" lon="112.60499884"></trkpt>
  <trkpt lat="-0.55099530" lon="112.60499884"></trkpt>
  <trkpt lat="-0.55099530" lon="112.60510546"></trkpt>
  <trkpt lat="-0.55110192" lon="112.60521208"></trkpt>
  <trkpt lat="-0.55120845" lon="112.60526539"></trkpt>
  <trkpt lat="-0.55126176" lon="112.60531870"></trkpt>
  <trkpt lat="-0.55136838" lon="112.60547862"></trkpt>
  <trkpt lat="-0.55147500" lon="112.60558524"></trkpt>
  <trkpt lat="-0.55158162" lon="112.60563855"></trkpt>
  <trkpt lat="-0.55163492" lon="112.60574517"></trkpt>
  <trkpt lat="-0.55168823" lon="112.60579839"></trkpt>
  <trkpt lat="-0.55174154" lon="112.60590501"></trkpt>
  <trkpt lat="-0.55190147" lon="112.60606494"></trkpt>
  <trkpt lat="-0.55200809" lon="112.60617156"></trkpt>
  <trkpt lat="-0.55206131" lon="112.60622486"></trkpt>
  <trkpt lat="-0.55216793" lon="112.60633148"></trkpt>
  <trkpt lat="-0.55238117" lon="112.60649141"></trkpt>
  <trkpt lat="-0.55248778" lon="112.60654472"></trkpt>
  <trkpt lat="-0.55259440" lon="112.60665134"></trkpt>
  <trkpt lat="-0.55264771" lon="112.60675795"></trkpt>
  <trkpt lat="-0.55270102" lon="112.60686457"></trkpt>
  <trkpt lat="-0.55275433" lon="112.60702450"></trkpt>
  <trkpt lat="-0.55280764" lon="112.60713112"></trkpt>
  <trkpt lat="-0.55280764" lon="112.60729104"></trkpt>
  <trkpt lat="-0.55280764" lon="112.60734435"></trkpt>
  <trkpt lat="-0.55286095" lon="112.60739766"></trkpt>
  <trkpt lat="-0.55286095" lon="112.60755759"></trkpt>
  <trkpt lat="-0.55286095" lon="112.60766421"></trkpt>
  <trkpt lat="-0.55286095" lon="112.60782413"></trkpt>
  <trkpt lat="-0.55286095" lon="112.60793075"></trkpt>
  <trkpt lat="-0.55291417" lon="112.60798406"></trkpt>
  <trkpt lat="-0.55286095" lon="112.60809068"></trkpt>
  <trkpt lat="-0.55280764" lon="112.60819729"></trkpt>
  <trkpt lat="-0.55280764" lon="112.60830391"></trkpt>
  <trkpt lat="-0.55275433" lon="112.60851715"></trkpt>
  <trkpt lat="-0.55275433" lon="112.60857046"></trkpt>
  <trkpt lat="-0.55280764" lon="112.60878361"></trkpt>
  <trkpt lat="-0.55286095" lon="112.60889023"></trkpt>
  <trkpt lat="-0.55286095" lon="112.60905015"></trkpt>
  <trkpt lat="-0.55286095" lon="112.60926339"></trkpt>
  <trkpt lat="-0.55291417" lon="112.60936674"></trkpt>
  <trkpt lat="-0.55291417" lon="112.60952658"></trkpt>
  <trkpt lat="-0.55291417" lon="112.60957989"></trkpt>
  <trkpt lat="-0.55291417" lon="112.60979312"></trkpt>
  <trkpt lat="-0.55291417" lon="112.60989974"></trkpt>
  <trkpt lat="-0.55291417" lon="112.60995305"></trkpt>
  <trkpt lat="-0.55291417" lon="112.61000636"></trkpt>
  <trkpt lat="-0.55291417" lon="112.61011298"></trkpt>
  <trkpt lat="-0.55286095" lon="112.61016629"></trkpt>
  <trkpt lat="-0.55280764" lon="112.61032621"></trkpt>
  <trkpt lat="-0.55280764" lon="112.61043283"></trkpt>
  <trkpt lat="-0.55280764" lon="112.61048614"></trkpt>
  <trkpt lat="-0.55280764" lon="112.61053945"></trkpt>
  <trkpt lat="-0.55275433" lon="112.61064607"></trkpt>
  <trkpt lat="-0.55275433" lon="112.61075268"></trkpt>
  <trkpt lat="-0.55275433" lon="112.61085930"></trkpt>
  <trkpt lat="-0.55275433" lon="112.61091261"></trkpt>
  <trkpt lat="-0.55270102" lon="112.61101923"></trkpt>
  <trkpt lat="-0.55270102" lon="112.61107254"></trkpt>
  <trkpt lat="-0.55275433" lon="112.61112585"></trkpt>
  <trkpt lat="-0.55270102" lon="112.61091261"></trkpt>
  <trkpt lat="-0.55275433" lon="112.61091261"></trkpt>
  <trkpt lat="-0.55275433" lon="112.61096592"></trkpt>
  <trkpt lat="-0.55270102" lon="112.61085930"></trkpt>
  <trkpt lat="-0.55270102" lon="112.61091261"></trkpt>
  <trkpt lat="-0.55264771" lon="112.61101923"></trkpt>
  <trkpt lat="-0.55270102" lon="112.61107254"></trkpt>
  <trkpt lat="-0.55270102" lon="112.61112585"></trkpt>
  <trkpt lat="-0.55264771" lon="112.61107254"></trkpt>
  <trkpt lat="-0.55259440" lon="112.61101923"></trkpt>
  <trkpt lat="-0.55264771" lon="112.61091261"></trkpt>
  <trkpt lat="-0.55259440" lon="112.61091261"></trkpt>
  <trkpt lat="-0.55254109" lon="112.61096592"></trkpt>
  <trkpt lat="-0.55259440" lon="112.61091261"></trkpt>
  <trkpt lat="-0.55275433" lon="112.61112585"></trkpt>
  <trkpt lat="-0.55275433" lon="112.61101923"></trkpt>
  <trkpt lat="-0.55275433" lon="112.61107254"></trkpt>
  <trkpt lat="-0.55270102" lon="112.61107254"></trkpt>
  <trkpt lat="-0.55275433" lon="112.61107254"></trkpt>
  <trkpt lat="-0.55264771" lon="112.61101923"></trkpt>
  <trkpt lat="-0.55270102" lon="112.61101923"></trkpt>
  <trkpt lat="-0.55259440" lon="112.61091261"></trkpt>
  <trkpt lat="-0.55264771" lon="112.61085930"></trkpt>
  <trkpt lat="-0.55264771" lon="112.61096592"></trkpt>
  <trkpt lat="-0.55264771" lon="112.61101923"></trkpt>
  <trkpt lat="-0.55264771" lon="112.61096592"></trkpt>
  <trkpt lat="-0.55264771" lon="112.61101923"></trkpt>
  <trkpt lat="-0.55259440" lon="112.61091261"></trkpt>
  <trkpt lat="-0.55264771" lon="112.61085930"></trkpt>
  <trkpt lat="-0.55259440" lon="112.61085930"></trkpt>
  <trkpt lat="-0.55259440" lon="112.61080599"></trkpt>
  <trkpt lat="-0.55259440" lon="112.61075268"></trkpt>
  <trkpt lat="-0.55270102" lon="112.61085930"></trkpt>
  <trkpt lat="-0.55270102" lon="112.61091261"></trkpt>
  <trkpt lat="-0.55270102" lon="112.61080599"></trkpt>
  <trkpt lat="-0.55270102" lon="112.61091261"></trkpt>
  <trkpt lat="-0.55270102" lon="112.61096592"></trkpt>
  <trkpt lat="-0.55270102" lon="112.61107254"></trkpt>
  <trkpt lat="-0.55270102" lon="112.61117916"></trkpt>
  <trkpt lat="-0.55275433" lon="112.61107254"></trkpt>
  <trkpt lat="-0.55275433" lon="112.61101923"></trkpt>
  <trkpt lat="-0.55270102" lon="112.61091261"></trkpt>
  <trkpt lat="-0.55264771" lon="112.61091261"></trkpt>
  <trkpt lat="-0.55275433" lon="112.61085930"></trkpt>
  <trkpt lat="-0.55264771" lon="112.61091261"></trkpt>
  <trkpt lat="-0.55264771" lon="112.61096592"></trkpt>
  <trkpt lat="-0.55270102" lon="112.61112585"></trkpt>
  <trkpt lat="-0.55270102" lon="112.61107254"></trkpt>
  <trkpt lat="-0.55280764" lon="112.61101923"></trkpt>
  <trkpt lat="-0.55270102" lon="112.61091261"></trkpt>
  <trkpt lat="-0.55264771" lon="112.61096592"></trkpt>
  <trkpt lat="-0.55264771" lon="112.61091261"></trkpt>
  <trkpt lat="-0.55264771" lon="112.61096592"></trkpt>
  <trkpt lat="-0.55264771" lon="112.61091261"></trkpt>
  <trkpt lat="-0.55264771" lon="112.61085930"></trkpt>
  <trkpt lat="-0.55270102" lon="112.61091261"></trkpt>
  <trkpt lat="-0.55264771" lon="112.61096592"></trkpt>
  <trkpt lat="-0.55270102" lon="112.61101923"></trkpt>
  <trkpt lat="-0.55264771" lon="112.61096592"></trkpt>
  <trkpt lat="-0.55270102" lon="112.61091261"></trkpt>
  <trkpt lat="-0.55264771" lon="112.61096592"></trkpt>
  <trkpt lat="-0.55264771" lon="112.61101923"></trkpt>
  <trkpt lat="-0.55264771" lon="112.61096592"></trkpt>
  <trkpt lat="-0.55264771" lon="112.61091261"></trkpt>
  <trkpt lat="-0.55259440" lon="112.61080599"></trkpt>
  <trkpt lat="-0.55264771" lon="112.61080599"></trkpt>
  <trkpt lat="-0.55264771" lon="112.61096592"></trkpt>
  <trkpt lat="-0.55270102" lon="112.61101923"></trkpt>
  <trkpt lat="-0.55270102" lon="112.61096592"></trkpt>
  <trkpt lat="-0.55270102" lon="112.61101923"></trkpt>
  <trkpt lat="-0.55270102" lon="112.61096592"></trkpt>
  <trkpt lat="-0.55270102" lon="112.61091261"></trkpt>
  <trkpt lat="-0.55270102" lon="112.61085930"></trkpt>
  <trkpt lat="-0.55270102" lon="112.61091261"></trkpt>
  <trkpt lat="-0.55264771" lon="112.61091261"></trkpt>
  <trkpt lat="-0.55264771" lon="112.61085930"></trkpt>
  <trkpt lat="-0.55264771" lon="112.61096592"></trkpt>
  <trkpt lat="-0.55264771" lon="112.61091261"></trkpt>
  <trkpt lat="-0.55264771" lon="112.61096592"></trkpt>
  <trkpt lat="-0.55259440" lon="112.61091261"></trkpt>
  <trkpt lat="-0.55270102" lon="112.61085930"></trkpt>
  <trkpt lat="-0.55270102" lon="112.61091261"></trkpt>
  <trkpt lat="-0.55280764" lon="112.61096592"></trkpt>
  <trkpt lat="-0.55270102" lon="112.61085930"></trkpt>
  <trkpt lat="-0.55270102" lon="112.61080599"></trkpt>
  <trkpt lat="-0.55270102" lon="112.61085930"></trkpt>
  <trkpt lat="-0.55270102" lon="112.61101923"></trkpt>
  <trkpt lat="-0.55270102" lon="112.61096592"></trkpt>
  <trkpt lat="-0.55275433" lon="112.61085930"></trkpt>
  <trkpt lat="-0.55275433" lon="112.61091261"></trkpt>
  <trkpt lat="-0.55270102" lon="112.61091261"></trkpt>
  <trkpt lat="-0.55270102" lon="112.61096592"></trkpt>
  <trkpt lat="-0.55280764" lon="112.61096592"></trkpt>
  <trkpt lat="-0.55270102" lon="112.61096592"></trkpt>
  <trkpt lat="-0.55270102" lon="112.61085930"></trkpt>
  <trkpt lat="-0.55270102" lon="112.61101923"></trkpt>
  <trkpt lat="-0.55270102" lon="112.61091261"></trkpt>
  <trkpt lat="-0.55275433" lon="112.61085930"></trkpt>
  <trkpt lat="-0.55275433" lon="112.61080599"></trkpt>
  <trkpt lat="-0.55275433" lon="112.61091261"></trkpt>
  <trkpt lat="-0.55270102" lon="112.61096592"></trkpt>
  <trkpt lat="-0.55270102" lon="112.61085930"></trkpt>
  <trkpt lat="-0.55270102" lon="112.61101923"></trkpt>
  <trkpt lat="-0.55280764" lon="112.61091261"></trkpt>
  <trkpt lat="-0.55270102" lon="112.61085930"></trkpt>
  <trkpt lat="-0.55275433" lon="112.61096592"></trkpt>
  <trkpt lat="-0.55275433" lon="112.61091261"></trkpt>
  <trkpt lat="-0.55280764" lon="112.61096592"></trkpt>
  <trkpt lat="-0.55270102" lon="112.61091261"></trkpt>
  <trkpt lat="-0.55270102" lon="112.61080599"></trkpt>
  <trkpt lat="-0.55270102" lon="112.61085930"></trkpt>
  <trkpt lat="-0.55270102" lon="112.61080599"></trkpt>
  <trkpt lat="-0.55270102" lon="112.61085930"></trkpt>
  <trkpt lat="-0.55280764" lon="112.61085930"></trkpt>
  <trkpt lat="-0.55275433" lon="112.61091261"></trkpt>
  <trkpt lat="-0.55275433" lon="112.61096592"></trkpt>
  <trkpt lat="-0.55275433" lon="112.61091261"></trkpt>
  <trkpt lat="-0.55275433" lon="112.61096592"></trkpt>
  <trkpt lat="-0.55275433" lon="112.61091261"></trkpt>
  <trkpt lat="-0.55270102" lon="112.61091261"></trkpt>
  <trkpt lat="-0.55270102" lon="112.61096592"></trkpt>
  <trkpt lat="-0.55275433" lon="112.61091261"></trkpt>
  <trkpt lat="-0.55270102" lon="112.61091261"></trkpt>
  <trkpt lat="-0.55275433" lon="112.61091261"></trkpt>
  <trkpt lat="-0.55280764" lon="112.61096592"></trkpt>
  <trkpt lat="-0.55275433" lon="112.61096592"></trkpt>
  <trkpt lat="-0.55270102" lon="112.61091261"></trkpt>
  <trkpt lat="-0.55270102" lon="112.61085930"></trkpt>
  <trkpt lat="-0.55270102" lon="112.61091261"></trkpt>
  <trkpt lat="-0.55264771" lon="112.61096592"></trkpt>
  <trkpt lat="-0.55264771" lon="112.61091261"></trkpt>
  <trkpt lat="-0.55264771" lon="112.61096592"></trkpt>
  <trkpt lat="-0.55275433" lon="112.61085930"></trkpt>
  <trkpt lat="-0.55275433" lon="112.61091261"></trkpt>
  <trkpt lat="-0.55270102" lon="112.61091261"></trkpt>
  <trkpt lat="-0.55275433" lon="112.61085930"></trkpt>
  <trkpt lat="-0.55270102" lon="112.61085930"></trkpt>
  <trkpt lat="-0.55270102" lon="112.61091261"></trkpt>
  <trkpt lat="-0.55264771" lon="112.61085930"></trkpt>
  <trkpt lat="-0.55270102" lon="112.61096592"></trkpt>
  <trkpt lat="-0.55280764" lon="112.61091261"></trkpt>
  <trkpt lat="-0.55280764" lon="112.61096592"></trkpt>
  <trkpt lat="-0.55270102" lon="112.61101923"></trkpt>
  <trkpt lat="-0.55275433" lon="112.61101923"></trkpt>
  <trkpt lat="-0.55270102" lon="112.61101923"></trkpt>
  <trkpt lat="-0.55275433" lon="112.61096592"></trkpt>
  <trkpt lat="-0.55280764" lon="112.61101923"></trkpt>
  <trkpt lat="-0.55280764" lon="112.61096592"></trkpt>
  <trkpt lat="-0.55280764" lon="112.61101923"></trkpt>
  <trkpt lat="-0.55275433" lon="112.61096592"></trkpt>
  <trkpt lat="-0.55275433" lon="112.61091261"></trkpt>
  <trkpt lat="-0.55280764" lon="112.61091261"></trkpt>
  <trkpt lat="-0.55275433" lon="112.61091261"></trkpt>
  <trkpt lat="-0.55275433" lon="112.61096592"></trkpt>
  <trkpt lat="-0.55275433" lon="112.61101923"></trkpt>
  <trkpt lat="-0.55270102" lon="112.61091261"></trkpt>
  <trkpt lat="-0.55280764" lon="112.61091261"></trkpt>
  <trkpt lat="-0.55280764" lon="112.61096592"></trkpt>
  <trkpt lat="-0.55286095" lon="112.61091261"></trkpt>
  <trkpt lat="-0.55286095" lon="112.61096592"></trkpt>
  <trkpt lat="-0.55280764" lon="112.61096592"></trkpt>
  <trkpt lat="-0.55270102" lon="112.61096592"></trkpt>
  <trkpt lat="-0.55275433" lon="112.61091261"></trkpt>
  <trkpt lat="-0.55280764" lon="112.61096592"></trkpt>
  <trkpt lat="-0.55286095" lon="112.61091261"></trkpt>
  <trkpt lat="-0.55280764" lon="112.61091261"></trkpt>
  <trkpt lat="-0.55286095" lon="112.61101923"></trkpt>
  <trkpt lat="-0.55280764" lon="112.61107254"></trkpt>
  <trkpt lat="-0.55275433" lon="112.61107254"></trkpt>
  <trkpt lat="-0.55275433" lon="112.61101923"></trkpt>
  <trkpt lat="-0.55275433" lon="112.61096592"></trkpt>
  <trkpt lat="-0.55270102" lon="112.61101923"></trkpt>
  <trkpt lat="-0.55270102" lon="112.61096592"></trkpt>
  <trkpt lat="-0.55270102" lon="112.61101923"></trkpt>
  <trkpt lat="-0.55275433" lon="112.61096592"></trkpt>
  <trkpt lat="-0.55280764" lon="112.61101923"></trkpt>
  <trkpt lat="-0.55280764" lon="112.61112585"></trkpt>
  <trkpt lat="-0.55280764" lon="112.61117916"></trkpt>
  <trkpt lat="-0.55280764" lon="112.61128577"></trkpt>
  <trkpt lat="-0.55275433" lon="112.61139239"></trkpt>
  <trkpt lat="-0.55280764" lon="112.61144570"></trkpt>
  <trkpt lat="-0.55286095" lon="112.61155232"></trkpt>
  <trkpt lat="-0.55286095" lon="112.61165894"></trkpt>
  <trkpt lat="-0.55286095" lon="112.61171225"></trkpt>
  <trkpt lat="-0.55291417" lon="112.61176555"></trkpt>
  <trkpt lat="-0.55291417" lon="112.61181886"></trkpt>
  <trkpt lat="-0.55296748" lon="112.61197879"></trkpt>
  <trkpt lat="-0.55302079" lon="112.61197879"></trkpt>
  <trkpt lat="-0.55312741" lon="112.61203210"></trkpt>
  <trkpt lat="-0.55312741" lon="112.61213872"></trkpt>
  <trkpt lat="-0.55312741" lon="112.61219203"></trkpt>
  <trkpt lat="-0.55323402" lon="112.61229856"></trkpt>
  <trkpt lat="-0.55328733" lon="112.61240526"></trkpt>
  <trkpt lat="-0.55328733" lon="112.61251180"></trkpt>
  <trkpt lat="-0.55328733" lon="112.61261841"></trkpt>
  <trkpt lat="-0.55339395" lon="112.61272503"></trkpt>
  <trkpt lat="-0.55339395" lon="112.61283165"></trkpt>
  <trkpt lat="-0.55339395" lon="112.61293827"></trkpt>
  <trkpt lat="-0.55344726" lon="112.61299158"></trkpt>
  <trkpt lat="-0.55350057" lon="112.61315150"></trkpt>
  <trkpt lat="-0.55355388" lon="112.61320481"></trkpt>
  <trkpt lat="-0.55360719" lon="112.61331143"></trkpt>
  <trkpt lat="-0.55360719" lon="112.61336474"></trkpt>
  <trkpt lat="-0.55360719" lon="112.61347136"></trkpt>
  <trkpt lat="-0.55360719" lon="112.61357797"></trkpt>
  <trkpt lat="-0.55350057" lon="112.61368459"></trkpt>
  <trkpt lat="-0.55344726" lon="112.61389783"></trkpt>
  <trkpt lat="-0.55350057" lon="112.61405775"></trkpt>
  <trkpt lat="-0.55350057" lon="112.61416437"></trkpt>
  <trkpt lat="-0.55371380" lon="112.61427099"></trkpt>
 </trkseg>
</trk>
<trk>
 <name>2 020</name>
 <trkseg>
  <trkpt lat="-0.55371707" lon="112.61427434"></trkpt>
  <trkpt lat="-0.55377038" lon="112.61432765"></trkpt>
  <trkpt lat="-0.55387700" lon="112.61443427"></trkpt>
  <trkpt lat="-0.55393031" lon="112.61448758"></trkpt>
  <trkpt lat="-0.55393031" lon="112.61459411"></trkpt>
  <trkpt lat="-0.55398362" lon="112.61475412"></trkpt>
  <trkpt lat="-0.55403693" lon="112.61491396"></trkpt>
  <trkpt lat="-0.55409024" lon="112.61496727"></trkpt>
  <trkpt lat="-0.55414354" lon="112.61512720"></trkpt>
  <trkpt lat="-0.55419685" lon="112.61523382"></trkpt>
  <trkpt lat="-0.55425016" lon="112.61534044"></trkpt>
  <trkpt lat="-0.55435678" lon="112.61550036"></trkpt>
  <trkpt lat="-0.55441009" lon="112.61566029"></trkpt>
  <trkpt lat="-0.55451662" lon="112.61582022"></trkpt>
  <trkpt lat="-0.55456993" lon="112.61587352"></trkpt>
  <trkpt lat="-0.55462324" lon="112.61603345"></trkpt>
  <trkpt lat="-0.55467655" lon="112.61608676"></trkpt>
  <trkpt lat="-0.55472986" lon="112.61614007"></trkpt>
  <trkpt lat="-0.55478317" lon="112.61624669"></trkpt>
  <trkpt lat="-0.55483648" lon="112.61635331"></trkpt>
  <trkpt lat="-0.55488979" lon="112.61651323"></trkpt>
  <trkpt lat="-0.55488979" lon="112.61661985"></trkpt>
  <trkpt lat="-0.55494309" lon="112.61667316"></trkpt>
  <trkpt lat="-0.55499640" lon="112.61667316"></trkpt>
  <trkpt lat="-0.55510302" lon="112.61683309"></trkpt>
  <trkpt lat="-0.55510302" lon="112.61693970"></trkpt>
  <trkpt lat="-0.55515633" lon="112.61699301"></trkpt>
  <trkpt lat="-0.55526295" lon="112.61715294"></trkpt>
  <trkpt lat="-0.55536948" lon="112.61731287"></trkpt>
  <trkpt lat="-0.55536948" lon="112.61736617"></trkpt>
  <trkpt lat="-0.55542279" lon="112.61752610"></trkpt>
  <trkpt lat="-0.55558272" lon="112.61768594"></trkpt>
  <trkpt lat="-0.55563603" lon="112.61773925"></trkpt>
  <trkpt lat="-0.55563603" lon="112.61784587"></trkpt>
  <trkpt lat="-0.55568933" lon="112.61789918"></trkpt>
  <trkpt lat="-0.55568933" lon="112.61800580"></trkpt>
  <trkpt lat="-0.55574264" lon="112.61805911"></trkpt>
  <trkpt lat="-0.55579595" lon="112.61816572"></trkpt>
  <trkpt lat="-0.55590257" lon="112.61821903"></trkpt>
  <trkpt lat="-0.55590257" lon="112.61827234"></trkpt>
  <trkpt lat="-0.55595588" lon="112.61827234"></trkpt>
  <trkpt lat="-0.55590257" lon="112.61821903"></trkpt>
  <trkpt lat="-0.55595588" lon="112.61821903"></trkpt>
  <trkpt lat="-0.55595588" lon="112.61816572"></trkpt>
  <trkpt lat="-0.55595588" lon="112.61827234"></trkpt>
  <trkpt lat="-0.55595588" lon="112.61837896"></trkpt>
  <trkpt lat="-0.55600919" lon="112.61848558"></trkpt>
  <trkpt lat="-0.55606250" lon="112.61859220"></trkpt>
  <trkpt lat="-0.55611581" lon="112.61869881"></trkpt>
  <trkpt lat="-0.55616903" lon="112.61875212"></trkpt>
  <trkpt lat="-0.55627565" lon="112.61885874"></trkpt>
  <trkpt lat="-0.55643558" lon="112.61896536"></trkpt>
  <trkpt lat="-0.55648888" lon="112.61901867"></trkpt>
  <trkpt lat="-0.55659550" lon="112.61912528"></trkpt>
  <trkpt lat="-0.55664881" lon="112.61923190"></trkpt>
  <trkpt lat="-0.55686205" lon="112.61939183"></trkpt>
  <trkpt lat="-0.55696866" lon="112.61944514"></trkpt>
  <trkpt lat="-0.55707520" lon="112.61955176"></trkpt>
  <trkpt lat="-0.55712851" lon="112.61955176"></trkpt>
  <trkpt lat="-0.55718182" lon="112.61960506"></trkpt>
  <trkpt lat="-0.55718182" lon="112.61965837"></trkpt>
  <trkpt lat="-0.55728843" lon="112.61971168"></trkpt>
  <trkpt lat="-0.55734174" lon="112.61976499"></trkpt>
  <trkpt lat="-0.55739505" lon="112.61981830"></trkpt>
  <trkpt lat="-0.55744836" lon="112.61987161"></trkpt>
  <trkpt lat="-0.55750167" lon="112.61987161"></trkpt>
  <trkpt lat="-0.55750167" lon="112.61992492"></trkpt>
  <trkpt lat="-0.55755498" lon="112.61997823"></trkpt>
  <trkpt lat="-0.55760829" lon="112.62003154"></trkpt>
  <trkpt lat="-0.55766160" lon="112.62008484"></trkpt>
  <trkpt lat="-0.55771491" lon="112.62003154"></trkpt>
  <trkpt lat="-0.55771491" lon="112.62008484"></trkpt>
  <trkpt lat="-0.55766160" lon="112.62008484"></trkpt>
  <trkpt lat="-0.55766160" lon="112.62003154"></trkpt>
  <trkpt lat="-0.55760829" lon="112.62003154"></trkpt>
  <trkpt lat="-0.55766160" lon="112.62003154"></trkpt>
  <trkpt lat="-0.55766160" lon="112.62008484"></trkpt>
  <trkpt lat="-0.55766160" lon="112.62013815"></trkpt>
  <trkpt lat="-0.55766160" lon="112.62003154"></trkpt>
  <trkpt lat="-0.55771491" lon="112.62008484"></trkpt>
  <trkpt lat="-0.55766160" lon="112.62008484"></trkpt>
  <trkpt lat="-0.55771491" lon="112.62008484"></trkpt>
  <trkpt lat="-0.55776821" lon="112.62019146"></trkpt>
  <trkpt lat="-0.55782152" lon="112.62024477"></trkpt>
  <trkpt lat="-0.55792814" lon="112.62040470"></trkpt>
  <trkpt lat="-0.55798137" lon="112.62051132"></trkpt>
  <trkpt lat="-0.55808798" lon="112.62056454"></trkpt>
  <trkpt lat="-0.55824791" lon="112.62067116"></trkpt>
  <trkpt lat="-0.55835453" lon="112.62072455"></trkpt>
  <trkpt lat="-0.55846115" lon="112.62077778"></trkpt>
  <trkpt lat="-0.55851446" lon="112.62083109"></trkpt>
  <trkpt lat="-0.55867438" lon="112.62083109"></trkpt>
  <trkpt lat="-0.55878100" lon="112.62083109"></trkpt>
  <trkpt lat="-0.55894084" lon="112.62093770"></trkpt>
  <trkpt lat="-0.55904746" lon="112.62104432"></trkpt>
  <trkpt lat="-0.55910077" lon="112.62109763"></trkpt>
  <trkpt lat="-0.55910077" lon="112.62125756"></trkpt>
  <trkpt lat="-0.55915408" lon="112.62141748"></trkpt>
  <trkpt lat="-0.55926070" lon="112.62152410"></trkpt>
  <trkpt lat="-0.55931401" lon="112.62163072"></trkpt>
  <trkpt lat="-0.55942062" lon="112.62173734"></trkpt>
  <trkpt lat="-0.55947393" lon="112.62173734"></trkpt>
  <trkpt lat="-0.55952724" lon="112.62184395"></trkpt>
  <trkpt lat="-0.55952724" lon="112.62189726"></trkpt>
  <trkpt lat="-0.55958055" lon="112.62195057"></trkpt>
  <trkpt lat="-0.55963386" lon="112.62200388"></trkpt>
  <trkpt lat="-0.55958055" lon="112.62200388"></trkpt>
  <trkpt lat="-0.55963386" lon="112.62205719"></trkpt>
  <trkpt lat="-0.55968708" lon="112.62211050"></trkpt>
  <trkpt lat="-0.55974039" lon="112.62216381"></trkpt>
  <trkpt lat="-0.55979370" lon="112.62221712"></trkpt>
  <trkpt lat="-0.55990032" lon="112.62227043"></trkpt>
  <trkpt lat="-0.56000694" lon="112.62232373"></trkpt>
  <trkpt lat="-0.56006025" lon="112.62232373"></trkpt>
  <trkpt lat="-0.56016686" lon="112.62237704"></trkpt>
  <trkpt lat="-0.56027348" lon="112.62243035"></trkpt>
  <trkpt lat="-0.56038010" lon="112.62248366"></trkpt>
  <trkpt lat="-0.56048672" lon="112.62248366"></trkpt>
  <trkpt lat="-0.56059325" lon="112.62253697"></trkpt>
  <trkpt lat="-0.56075318" lon="112.62253697"></trkpt>
  <trkpt lat="-0.56080649" lon="112.62259028"></trkpt>
  <trkpt lat="-0.56085980" lon="112.62269690"></trkpt>
  <trkpt lat="-0.56091310" lon="112.62280351"></trkpt>
  <trkpt lat="-0.56085980" lon="112.62280351"></trkpt>
  <trkpt lat="-0.56091310" lon="112.62280351"></trkpt>
  <trkpt lat="-0.56085980" lon="112.62280351"></trkpt>
  <trkpt lat="-0.56091310" lon="112.62280351"></trkpt>
  <trkpt lat="-0.56091310" lon="112.62275021"></trkpt>
  <trkpt lat="-0.56080649" lon="112.62269690"></trkpt>
  <trkpt lat="-0.56080649" lon="112.62275021"></trkpt>
  <trkpt lat="-0.56075318" lon="112.62269690"></trkpt>
  <trkpt lat="-0.56080649" lon="112.62269690"></trkpt>
  <trkpt lat="-0.56085980" lon="112.62269690"></trkpt>
  <trkpt lat="-0.56080649" lon="112.62264359"></trkpt>
  <trkpt lat="-0.56075318" lon="112.62259028"></trkpt>
  <trkpt lat="-0.56085980" lon="112.62264359"></trkpt>
  <trkpt lat="-0.56080649" lon="112.62269690"></trkpt>
  <trkpt lat="-0.56075318" lon="112.62264359"></trkpt>
  <trkpt lat="-0.56075318" lon="112.62269690"></trkpt>
  <trkpt lat="-0.56075318" lon="112.62264359"></trkpt>
  <trkpt lat="-0.56080649" lon="112.62269690"></trkpt>
  <trkpt lat="-0.56075318" lon="112.62264359"></trkpt>
  <trkpt lat="-0.56085980" lon="112.62264359"></trkpt>
  <trkpt lat="-0.56080649" lon="112.62259028"></trkpt>
  <trkpt lat="-0.56080649" lon="112.62264359"></trkpt>
  <trkpt lat="-0.56080649" lon="112.62269690"></trkpt>
  <trkpt lat="-0.56075318" lon="112.62269690"></trkpt>
  <trkpt lat="-0.56080649" lon="112.62275021"></trkpt>
  <trkpt lat="-0.56080649" lon="112.62269690"></trkpt>
  <trkpt lat="-0.56091310" lon="112.62264359"></trkpt>
  <trkpt lat="-0.56096641" lon="112.62264359"></trkpt>
  <trkpt lat="-0.56091310" lon="112.62264359"></trkpt>
  <trkpt lat="-0.56096641" lon="112.62269690"></trkpt>
  <trkpt lat="-0.56101972" lon="112.62264359"></trkpt>
  <trkpt lat="-0.56107303" lon="112.62264359"></trkpt>
  <trkpt lat="-0.56117965" lon="112.62269690"></trkpt>
  <trkpt lat="-0.56133958" lon="112.62269690"></trkpt>
  <trkpt lat="-0.56133958" lon="112.62280351"></trkpt>
  <trkpt lat="-0.56144611" lon="112.62291013"></trkpt>
  <trkpt lat="-0.56155273" lon="112.62301675"></trkpt>
  <trkpt lat="-0.56165935" lon="112.62317668"></trkpt>
  <trkpt lat="-0.56165935" lon="112.62333660"></trkpt>
  <trkpt lat="-0.56165935" lon="112.62344322"></trkpt>
  <trkpt lat="-0.56165935" lon="112.62360306"></trkpt>
  <trkpt lat="-0.56171265" lon="112.62376299"></trkpt>
  <trkpt lat="-0.56171265" lon="112.62392292"></trkpt>
  <trkpt lat="-0.56176596" lon="112.62402954"></trkpt>
  <trkpt lat="-0.56187258" lon="112.62408284"></trkpt>
  <trkpt lat="-0.56192589" lon="112.62413615"></trkpt>
  <trkpt lat="-0.56203251" lon="112.62424277"></trkpt>
  <trkpt lat="-0.56213913" lon="112.62434939"></trkpt>
  <trkpt lat="-0.56224566" lon="112.62445601"></trkpt>
  <trkpt lat="-0.56240559" lon="112.62456262"></trkpt>
  <trkpt lat="-0.56251220" lon="112.62472255"></trkpt>
  <trkpt lat="-0.56261882" lon="112.62482917"></trkpt>
  <trkpt lat="-0.56272544" lon="112.62493579"></trkpt>
  <trkpt lat="-0.56283206" lon="112.62504240"></trkpt>
  <trkpt lat="-0.56288537" lon="112.62504240"></trkpt>
  <trkpt lat="-0.56293868" lon="112.62509571"></trkpt>
  <trkpt lat="-0.56304529" lon="112.62525564"></trkpt>
  <trkpt lat="-0.56304529" lon="112.62541557"></trkpt>
  <trkpt lat="-0.56315191" lon="112.62552219"></trkpt>
  <trkpt lat="-0.56320514" lon="112.62562880"></trkpt>
  <trkpt lat="-0.56325844" lon="112.62573542"></trkpt>
  <trkpt lat="-0.56336506" lon="112.62584204"></trkpt>
  <trkpt lat="-0.56347168" lon="112.62594866"></trkpt>
  <trkpt lat="-0.56363161" lon="112.62600197"></trkpt>
  <trkpt lat="-0.56379153" lon="112.62605527"></trkpt>
  <trkpt lat="-0.56384484" lon="112.62610858"></trkpt>
  <trkpt lat="-0.56395146" lon="112.62616189"></trkpt>
  <trkpt lat="-0.56405799" lon="112.62621520"></trkpt>
  <trkpt lat="-0.56427123" lon="112.62610858"></trkpt>
  <trkpt lat="-0.56437785" lon="112.62605527"></trkpt>
  <trkpt lat="-0.56459108" lon="112.62600197"></trkpt>
  <trkpt lat="-0.56469770" lon="112.62600197"></trkpt>
  <trkpt lat="-0.56491085" lon="112.62610858"></trkpt>
  <trkpt lat="-0.56491085" lon="112.62621520"></trkpt>
  <trkpt lat="-0.56501747" lon="112.62632182"></trkpt>
  <trkpt lat="-0.56507078" lon="112.62637513"></trkpt>
  <trkpt lat="-0.56517740" lon="112.62648166"></trkpt>
  <trkpt lat="-0.56528402" lon="112.62658828"></trkpt>
  <trkpt lat="-0.56539063" lon="112.62674821"></trkpt>
  <trkpt lat="-0.56549725" lon="112.62690813"></trkpt>
  <trkpt lat="-0.56555056" lon="112.62701475"></trkpt>
  <trkpt lat="-0.56560387" lon="112.62712137"></trkpt>
  <trkpt lat="-0.56571049" lon="112.62722799"></trkpt>
  <trkpt lat="-0.56576371" lon="112.62733460"></trkpt>
  <trkpt lat="-0.56587033" lon="112.62749453"></trkpt>
  <trkpt lat="-0.56592364" lon="112.62760115"></trkpt>
  <trkpt lat="-0.56603026" lon="112.62760115"></trkpt>
  <trkpt lat="-0.56608357" lon="112.62765446"></trkpt>
  <trkpt lat="-0.56613687" lon="112.62770777"></trkpt>
  <trkpt lat="-0.56619018" lon="112.62781438"></trkpt>
  <trkpt lat="-0.56619018" lon="112.62792100"></trkpt>
  <trkpt lat="-0.56619018" lon="112.62802762"></trkpt>
  <trkpt lat="-0.56619018" lon="112.62813424"></trkpt>
  <trkpt lat="-0.56624349" lon="112.62813424"></trkpt>
  <trkpt lat="-0.56629680" lon="112.62813424"></trkpt>
  <trkpt lat="-0.56635011" lon="112.62818755"></trkpt>
  <trkpt lat="-0.56635011" lon="112.62829416"></trkpt>
  <trkpt lat="-0.56645673" lon="112.62829416"></trkpt>
  <trkpt lat="-0.56651004" lon="112.62824086"></trkpt>
  <trkpt lat="-0.56656335" lon="112.62829416"></trkpt>
  <trkpt lat="-0.56666988" lon="112.62824086"></trkpt>
  <trkpt lat="-0.56672319" lon="112.62824086"></trkpt>
  <trkpt lat="-0.56682981" lon="112.62824086"></trkpt>
  <trkpt lat="-0.56698973" lon="112.62818755"></trkpt>
  <trkpt lat="-0.56709635" lon="112.62829416"></trkpt>
  <trkpt lat="-0.56725628" lon="112.62834747"></trkpt>
  <trkpt lat="-0.56736290" lon="112.62840078"></trkpt>
  <trkpt lat="-0.56746943" lon="112.62856071"></trkpt>
  <trkpt lat="-0.56757605" lon="112.62861402"></trkpt>
  <trkpt lat="-0.56768266" lon="112.62866733"></trkpt>
  <trkpt lat="-0.56778928" lon="112.62872064"></trkpt>
  <trkpt lat="-0.56789590" lon="112.62877394"></trkpt>
  <trkpt lat="-0.56805583" lon="112.62888056"></trkpt>
  <trkpt lat="-0.56810914" lon="112.62893387"></trkpt>
  <trkpt lat="-0.56816244" lon="112.62904049"></trkpt>
  <trkpt lat="-0.56821575" lon="112.62914711"></trkpt>
  <trkpt lat="-0.56832237" lon="112.62930703"></trkpt>
  <trkpt lat="-0.56842891" lon="112.62941365"></trkpt>
  <trkpt lat="-0.56858883" lon="112.62946696"></trkpt>
  <trkpt lat="-0.56864214" lon="112.62946696"></trkpt>
  <trkpt lat="-0.56869545" lon="112.62946696"></trkpt>
  <trkpt lat="-0.56880207" lon="112.62941365"></trkpt>
  <trkpt lat="-0.56896199" lon="112.62936026"></trkpt>
  <trkpt lat="-0.56901530" lon="112.62930703"></trkpt>
  <trkpt lat="-0.56912192" lon="112.62925372"></trkpt>
  <trkpt lat="-0.56922846" lon="112.62925372"></trkpt>
  <trkpt lat="-0.56928176" lon="112.62930703"></trkpt>
  <trkpt lat="-0.56938838" lon="112.62941365"></trkpt>
  <trkpt lat="-0.56954831" lon="112.62946696"></trkpt>
  <trkpt lat="-0.56960162" lon="112.62957349"></trkpt>
  <trkpt lat="-0.56976154" lon="112.62962680"></trkpt>
  <trkpt lat="-0.56981485" lon="112.62968011"></trkpt>
  <trkpt lat="-0.56981485" lon="112.62973342"></trkpt>
  <trkpt lat="-0.56981485" lon="112.62978673"></trkpt>
  <trkpt lat="-0.56986816" lon="112.62984004"></trkpt>
  <trkpt lat="-0.56997478" lon="112.62984004"></trkpt>
  <trkpt lat="-0.57008131" lon="112.62994666"></trkpt>
  <trkpt lat="-0.57029455" lon="112.63005327"></trkpt>
  <trkpt lat="-0.57040117" lon="112.63005327"></trkpt>
  <trkpt lat="-0.57045448" lon="112.63005327"></trkpt>
  <trkpt lat="-0.57056109" lon="112.63005327"></trkpt>
  <trkpt lat="-0.57066771" lon="112.63005327"></trkpt>
  <trkpt lat="-0.57077433" lon="112.63005327"></trkpt>
  <trkpt lat="-0.57088095" lon="112.63005327"></trkpt>
  <trkpt lat="-0.57098748" lon="112.63010658"></trkpt>
  <trkpt lat="-0.57109410" lon="112.63015989"></trkpt>
  <trkpt lat="-0.57114741" lon="112.63010658"></trkpt>
  <trkpt lat="-0.57125403" lon="112.63010658"></trkpt>
  <trkpt lat="-0.57136064" lon="112.63005327"></trkpt>
  <trkpt lat="-0.57152057" lon="112.63005327"></trkpt>
  <trkpt lat="-0.57157388" lon="112.63005327"></trkpt>
  <trkpt lat="-0.57162719" lon="112.63005327"></trkpt>
  <trkpt lat="-0.57168050" lon="112.63005327"></trkpt>
  <trkpt lat="-0.57178703" lon="112.62999997"></trkpt>
  <trkpt lat="-0.57189365" lon="112.62994666"></trkpt>
  <trkpt lat="-0.57200027" lon="112.62989335"></trkpt>
  <trkpt lat="-0.57210688" lon="112.62989335"></trkpt>
  <trkpt lat="-0.57216019" lon="112.62989335"></trkpt>
  <trkpt lat="-0.57205358" lon="112.62989335"></trkpt>
  <trkpt lat="-0.57205358" lon="112.62984004"></trkpt>
  <trkpt lat="-0.57210688" lon="112.62984004"></trkpt>
  <trkpt lat="-0.57221350" lon="112.62984004"></trkpt>
  <trkpt lat="-0.57232012" lon="112.62989335"></trkpt>
  <trkpt lat="-0.57237343" lon="112.62989335"></trkpt>
  <trkpt lat="-0.57253336" lon="112.62994666"></trkpt>
  <trkpt lat="-0.57263989" lon="112.62994666"></trkpt>
  <trkpt lat="-0.57279982" lon="112.63005327"></trkpt>
  <trkpt lat="-0.57290643" lon="112.63010658"></trkpt>
  <trkpt lat="-0.57301305" lon="112.63015989"></trkpt>
  <trkpt lat="-0.57311967" lon="112.63015989"></trkpt>
  <trkpt lat="-0.57306636" lon="112.63015989"></trkpt>
  <trkpt lat="-0.57301305" lon="112.63010658"></trkpt>
  <trkpt lat="-0.57301305" lon="112.63015989"></trkpt>
  <trkpt lat="-0.57311967" lon="112.63021320"></trkpt>
  <trkpt lat="-0.57311967" lon="112.63015989"></trkpt>
  <trkpt lat="-0.57311967" lon="112.63010658"></trkpt>
  <trkpt lat="-0.57327960" lon="112.63015989"></trkpt>
  <trkpt lat="-0.57338621" lon="112.63015989"></trkpt>
  <trkpt lat="-0.57354614" lon="112.63015989"></trkpt>
  <trkpt lat="-0.57365268" lon="112.63010658"></trkpt>
  <trkpt lat="-0.57381260" lon="112.63005327"></trkpt>
  <trkpt lat="-0.57397253" lon="112.63005327"></trkpt>
  <trkpt lat="-0.57402584" lon="112.63010658"></trkpt>
  <trkpt lat="-0.57407915" lon="112.63005327"></trkpt>
  <trkpt lat="-0.57423907" lon="112.62999997"></trkpt>
  <trkpt lat="-0.57434569" lon="112.62999997"></trkpt>
  <trkpt lat="-0.57445223" lon="112.63005327"></trkpt>
  <trkpt lat="-0.57455884" lon="112.63010658"></trkpt>
  <trkpt lat="-0.57466546" lon="112.63010658"></trkpt>
  <trkpt lat="-0.57477208" lon="112.63010658"></trkpt>
  <trkpt lat="-0.57493201" lon="112.63015989"></trkpt>
  <trkpt lat="-0.57498531" lon="112.63021320"></trkpt>
  <trkpt lat="-0.57509193" lon="112.63026651"></trkpt>
  <trkpt lat="-0.57514524" lon="112.63021320"></trkpt>
  <trkpt lat="-0.57530508" lon="112.63021320"></trkpt>
  <trkpt lat="-0.57541170" lon="112.63026651"></trkpt>
  <trkpt lat="-0.57557163" lon="112.63026651"></trkpt>
  <trkpt lat="-0.57562494" lon="112.63026651"></trkpt>
  <trkpt lat="-0.57578486" lon="112.63031982"></trkpt>
  <trkpt lat="-0.57578486" lon="112.63037313"></trkpt>
  <trkpt lat="-0.57578486" lon="112.63042644"></trkpt>
  <trkpt lat="-0.57583817" lon="112.63037313"></trkpt>
  <trkpt lat="-0.57583817" lon="112.63031982"></trkpt>
  <trkpt lat="-0.57589148" lon="112.63031982"></trkpt>
  <trkpt lat="-0.57589148" lon="112.63037313"></trkpt>
  <trkpt lat="-0.57583817" lon="112.63031982"></trkpt>
  <trkpt lat="-0.57578486" lon="112.63031982"></trkpt>
  <trkpt lat="-0.57578486" lon="112.63026651"></trkpt>
  <trkpt lat="-0.57573155" lon="112.63026651"></trkpt>
  <trkpt lat="-0.57573155" lon="112.63031982"></trkpt>
  <trkpt lat="-0.57578486" lon="112.63031982"></trkpt>
  <trkpt lat="-0.57583817" lon="112.63031982"></trkpt>
  <trkpt lat="-0.57578486" lon="112.63037313"></trkpt>
  <trkpt lat="-0.57583817" lon="112.63042644"></trkpt>
  <trkpt lat="-0.57578486" lon="112.63037313"></trkpt>
  <trkpt lat="-0.57578486" lon="112.63031982"></trkpt>
  <trkpt lat="-0.57589148" lon="112.63031982"></trkpt>
  <trkpt lat="-0.57589148" lon="112.63037313"></trkpt>
  <trkpt lat="-0.57583817" lon="112.63037313"></trkpt>
  <trkpt lat="-0.57583817" lon="112.63031982"></trkpt>
  <trkpt lat="-0.57583817" lon="112.63026651"></trkpt>
  <trkpt lat="-0.57583817" lon="112.63031982"></trkpt>
  <trkpt lat="-0.57578486" lon="112.63021320"></trkpt>
  <trkpt lat="-0.57578486" lon="112.63026651"></trkpt>
  <trkpt lat="-0.57578486" lon="112.63031982"></trkpt>
  <trkpt lat="-0.57573155" lon="112.63031982"></trkpt>
  <trkpt lat="-0.57573155" lon="112.63021320"></trkpt>
  <trkpt lat="-0.57578486" lon="112.63015989"></trkpt>
  <trkpt lat="-0.57589148" lon="112.63021320"></trkpt>
  <trkpt lat="-0.57589148" lon="112.63026651"></trkpt>
  <trkpt lat="-0.57578486" lon="112.63031982"></trkpt>
  <trkpt lat="-0.57578486" lon="112.63026651"></trkpt>
  <trkpt lat="-0.57578486" lon="112.63031982"></trkpt>
  <trkpt lat="-0.57578486" lon="112.63026651"></trkpt>
  <trkpt lat="-0.57583817" lon="112.63021320"></trkpt>
  <trkpt lat="-0.57578486" lon="112.63026651"></trkpt>
  <trkpt lat="-0.57583817" lon="112.63026651"></trkpt>
  <trkpt lat="-0.57578486" lon="112.63031982"></trkpt>
  <trkpt lat="-0.57578486" lon="112.63026651"></trkpt>
  <trkpt lat="-0.57573155" lon="112.63031982"></trkpt>
  <trkpt lat="-0.57578486" lon="112.63026651"></trkpt>
  <trkpt lat="-0.57583817" lon="112.63026651"></trkpt>
  <trkpt lat="-0.57589148" lon="112.63031982"></trkpt>
  <trkpt lat="-0.57594479" lon="112.63031982"></trkpt>
  <trkpt lat="-0.57589148" lon="112.63037313"></trkpt>
  <trkpt lat="-0.57578486" lon="112.63026651"></trkpt>
  <trkpt lat="-0.57573155" lon="112.63026651"></trkpt>
  <trkpt lat="-0.57573155" lon="112.63037313"></trkpt>
  <trkpt lat="-0.57578486" lon="112.63037313"></trkpt>
  <trkpt lat="-0.57573155" lon="112.63037313"></trkpt>
  <trkpt lat="-0.57578486" lon="112.63042644"></trkpt>
  <trkpt lat="-0.57578486" lon="112.63037313"></trkpt>
  <trkpt lat="-0.57578486" lon="112.63031982"></trkpt>
  <trkpt lat="-0.57573155" lon="112.63031982"></trkpt>
  <trkpt lat="-0.57573155" lon="112.63026651"></trkpt>
  <trkpt lat="-0.57578486" lon="112.63037313"></trkpt>
  <trkpt lat="-0.57583817" lon="112.63042644"></trkpt>
  <trkpt lat="-0.57589148" lon="112.63042644"></trkpt>
  <trkpt lat="-0.57594479" lon="112.63047975"></trkpt>
  <trkpt lat="-0.57610472" lon="112.63053305"></trkpt>
  <trkpt lat="-0.57615794" lon="112.63063967"></trkpt>
  <trkpt lat="-0.57626456" lon="112.63079960"></trkpt>
  <trkpt lat="-0.57631787" lon="112.63085291"></trkpt>
  <trkpt lat="-0.57637118" lon="112.63085291"></trkpt>
  <trkpt lat="-0.57647780" lon="112.63090622"></trkpt>
  <trkpt lat="-0.57658441" lon="112.63106614"></trkpt>
  <trkpt lat="-0.57663772" lon="112.63106614"></trkpt>
  <trkpt lat="-0.57669103" lon="112.63111945"></trkpt>
  <trkpt lat="-0.57674434" lon="112.63111945"></trkpt>
  <trkpt lat="-0.57690427" lon="112.63117276"></trkpt>
  <trkpt lat="-0.57711742" lon="112.63122607"></trkpt>
  <trkpt lat="-0.57733065" lon="112.63127938"></trkpt>
  <trkpt lat="-0.57738396" lon="112.63127938"></trkpt>
  <trkpt lat="-0.57749058" lon="112.63133269"></trkpt>
  <trkpt lat="-0.57759720" lon="112.63127938"></trkpt>
  <trkpt lat="-0.57765051" lon="112.63122607"></trkpt>
  <trkpt lat="-0.57781043" lon="112.63117276"></trkpt>
  <trkpt lat="-0.57797028" lon="112.63122607"></trkpt>
  <trkpt lat="-0.57813020" lon="112.63127938"></trkpt>
  <trkpt lat="-0.57834344" lon="112.63127938"></trkpt>
  <trkpt lat="-0.57839675" lon="112.63127938"></trkpt>
  <trkpt lat="-0.57855668" lon="112.63127938"></trkpt>
  <trkpt lat="-0.57866329" lon="112.63127938"></trkpt>
  <trkpt lat="-0.57887645" lon="112.63138600"></trkpt>
  <trkpt lat="-0.57898306" lon="112.63154592"></trkpt>
  <trkpt lat="-0.57908968" lon="112.63154592"></trkpt>
  <trkpt lat="-0.57914299" lon="112.63165254"></trkpt>
  <trkpt lat="-0.57914299" lon="112.63175916"></trkpt>
  <trkpt lat="-0.57919630" lon="112.63186578"></trkpt>
  <trkpt lat="-0.57919630" lon="112.63202570"></trkpt>
  <trkpt lat="-0.57924961" lon="112.63213232"></trkpt>
  <trkpt lat="-0.57930292" lon="112.63223894"></trkpt>
  <trkpt lat="-0.57935623" lon="112.63239878"></trkpt>
  <trkpt lat="-0.57935623" lon="112.63245209"></trkpt>
  <trkpt lat="-0.57940953" lon="112.63255871"></trkpt>
  <trkpt lat="-0.57946284" lon="112.63261202"></trkpt>
  <trkpt lat="-0.57946284" lon="112.63271864"></trkpt>
  <trkpt lat="-0.57946284" lon="112.63282525"></trkpt>
  <trkpt lat="-0.57946284" lon="112.63293187"></trkpt>
  <trkpt lat="-0.57946284" lon="112.63303849"></trkpt>
  <trkpt lat="-0.57946284" lon="112.63309180"></trkpt>
  <trkpt lat="-0.57946284" lon="112.63319842"></trkpt>
  <trkpt lat="-0.57951615" lon="112.63319842"></trkpt>
  <trkpt lat="-0.57962277" lon="112.63319842"></trkpt>
  <trkpt lat="-0.57967599" lon="112.63330503"></trkpt>
  <trkpt lat="-0.57972930" lon="112.63335834"></trkpt>
  <trkpt lat="-0.57978261" lon="112.63346496"></trkpt>
  <trkpt lat="-0.57972930" lon="112.63362489"></trkpt>
  <trkpt lat="-0.57972930" lon="112.63378481"></trkpt>
  <trkpt lat="-0.57978261" lon="112.63389143"></trkpt>
  <trkpt lat="-0.57983592" lon="112.63405136"></trkpt>
  <trkpt lat="-0.57988923" lon="112.63415798"></trkpt>
  <trkpt lat="-0.58004916" lon="112.63426459"></trkpt>
  <trkpt lat="-0.58004916" lon="112.63436451"></trkpt>
  <trkpt lat="-0.58004916" lon="112.63447112"></trkpt>
  <trkpt lat="-0.58004916" lon="112.63463105"></trkpt>
  <trkpt lat="-0.58010247" lon="112.63468436"></trkpt>
  <trkpt lat="-0.58010247" lon="112.63484429"></trkpt>
  <trkpt lat="-0.58015577" lon="112.63495090"></trkpt>
  <trkpt lat="-0.58015577" lon="112.63511083"></trkpt>
  <trkpt lat="-0.58020908" lon="112.63521745"></trkpt>
  <trkpt lat="-0.58026239" lon="112.63521745"></trkpt>
  <trkpt lat="-0.58020908" lon="112.63516414"></trkpt>
  <trkpt lat="-0.58026239" lon="112.63527076"></trkpt>
  <trkpt lat="-0.58031570" lon="112.63537738"></trkpt>
  <trkpt lat="-0.58036901" lon="112.63543068"></trkpt>
  <trkpt lat="-0.58042232" lon="112.63548399"></trkpt>
  <trkpt lat="-0.58052885" lon="112.63559061"></trkpt>
  <trkpt lat="-0.58058216" lon="112.63569723"></trkpt>
  <trkpt lat="-0.58058216" lon="112.63585716"></trkpt>
  <trkpt lat="-0.58058216" lon="112.63596377"></trkpt>
  <trkpt lat="-0.58068878" lon="112.63607039"></trkpt>
  <trkpt lat="-0.58074209" lon="112.63617701"></trkpt>
  <trkpt lat="-0.58079540" lon="112.63617701"></trkpt>
  <trkpt lat="-0.58084871" lon="112.63623032"></trkpt>
  <trkpt lat="-0.58100863" lon="112.63633694"></trkpt>
  <trkpt lat="-0.58106194" lon="112.63644355"></trkpt>
  <trkpt lat="-0.58116856" lon="112.63649686"></trkpt>
  <trkpt lat="-0.58127518" lon="112.63660348"></trkpt>
  <trkpt lat="-0.58143502" lon="112.63665679"></trkpt>
  <trkpt lat="-0.58143502" lon="112.63660348"></trkpt>
  <trkpt lat="-0.58159495" lon="112.63665679"></trkpt>
  <trkpt lat="-0.58170157" lon="112.63665679"></trkpt>
  <trkpt lat="-0.58180818" lon="112.63660348"></trkpt>
  <trkpt lat="-0.58191480" lon="112.63665679"></trkpt>
  <trkpt lat="-0.58196811" lon="112.63665679"></trkpt>
  <trkpt lat="-0.58207473" lon="112.63671010"></trkpt>
  <trkpt lat="-0.58212804" lon="112.63676341"></trkpt>
  <trkpt lat="-0.58223457" lon="112.63681663"></trkpt>
  <trkpt lat="-0.58228788" lon="112.63686994"></trkpt>
  <trkpt lat="-0.58239450" lon="112.63697656"></trkpt>
  <trkpt lat="-0.58250112" lon="112.63702987"></trkpt>
  <trkpt lat="-0.58255442" lon="112.63708318"></trkpt>
  <trkpt lat="-0.58266104" lon="112.63708318"></trkpt>
  <trkpt lat="-0.58276766" lon="112.63713649"></trkpt>
  <trkpt lat="-0.58282097" lon="112.63718979"></trkpt>
  <trkpt lat="-0.58287428" lon="112.63718979"></trkpt>
  <trkpt lat="-0.58298090" lon="112.63713649"></trkpt>
  <trkpt lat="-0.58308743" lon="112.63713649"></trkpt>
  <trkpt lat="-0.58314074" lon="112.63713649"></trkpt>
  <trkpt lat="-0.58319405" lon="112.63718979"></trkpt>
  <trkpt lat="-0.58324736" lon="112.63729641"></trkpt>
  <trkpt lat="-0.58324736" lon="112.63718979"></trkpt>
  <trkpt lat="-0.58319405" lon="112.63718979"></trkpt>
  <trkpt lat="-0.58330067" lon="112.63713649"></trkpt>
  <trkpt lat="-0.58340728" lon="112.63708318"></trkpt>
  <trkpt lat="-0.58351390" lon="112.63702987"></trkpt>
  <trkpt lat="-0.58362052" lon="112.63708318"></trkpt>
  <trkpt lat="-0.58378045" lon="112.63708318"></trkpt>
  <trkpt lat="-0.58394037" lon="112.63708318"></trkpt>
  <trkpt lat="-0.58383375" lon="112.63708318"></trkpt>
  <trkpt lat="-0.58388706" lon="112.63708318"></trkpt>
  <trkpt lat="-0.58394037" lon="112.63702987"></trkpt>
  <trkpt lat="-0.58383375" lon="112.63708318"></trkpt>
  <trkpt lat="-0.58388706" lon="112.63697656"></trkpt>
  <trkpt lat="-0.58399360" lon="112.63697656"></trkpt>
  <trkpt lat="-0.58394037" lon="112.63708318"></trkpt>
  <trkpt lat="-0.58388706" lon="112.63713649"></trkpt>
  <trkpt lat="-0.58399360" lon="112.63713649"></trkpt>
  <trkpt lat="-0.58415352" lon="112.63708318"></trkpt>
  <trkpt lat="-0.58436676" lon="112.63708318"></trkpt>
  <trkpt lat="-0.58446667" lon="112.63718979"></trkpt>
  <trkpt lat="-0.58451998" lon="112.63724310"></trkpt>
  <trkpt lat="-0.58462660" lon="112.63718979"></trkpt>
  <trkpt lat="-0.58473322" lon="112.63724310"></trkpt>
  <trkpt lat="-0.58483983" lon="112.63729641"></trkpt>
  <trkpt lat="-0.58483983" lon="112.63740303"></trkpt>
  <trkpt lat="-0.58494645" lon="112.63734972"></trkpt>
  <trkpt lat="-0.58499976" lon="112.63734972"></trkpt>
  <trkpt lat="-0.58505307" lon="112.63734972"></trkpt>
  <trkpt lat="-0.58515969" lon="112.63740303"></trkpt>
  <trkpt lat="-0.58521300" lon="112.63745634"></trkpt>
  <trkpt lat="-0.58526622" lon="112.63750965"></trkpt>
  <trkpt lat="-0.58542615" lon="112.63750965"></trkpt>
  <trkpt lat="-0.58542615" lon="112.63761627"></trkpt>
  <trkpt lat="-0.58553277" lon="112.63761627"></trkpt>
  <trkpt lat="-0.58569269" lon="112.63761627"></trkpt>
  <trkpt lat="-0.58563938" lon="112.63766957"></trkpt>
  <trkpt lat="-0.58574600" lon="112.63766957"></trkpt>
  <trkpt lat="-0.58585262" lon="112.63777619"></trkpt>
  <trkpt lat="-0.58595924" lon="112.63788281"></trkpt>
  <trkpt lat="-0.58606585" lon="112.63798943"></trkpt>
  <trkpt lat="-0.58611908" lon="112.63809605"></trkpt>
  <trkpt lat="-0.58627901" lon="112.63814935"></trkpt>
  <trkpt lat="-0.58633232" lon="112.63814935"></trkpt>
  <trkpt lat="-0.58643893" lon="112.63820266"></trkpt>
  <trkpt lat="-0.58649224" lon="112.63825597"></trkpt>
  <trkpt lat="-0.58659886" lon="112.63836259"></trkpt>
  <trkpt lat="-0.58665217" lon="112.63846921"></trkpt>
  <trkpt lat="-0.58675879" lon="112.63857583"></trkpt>
  <trkpt lat="-0.58686540" lon="112.63868244"></trkpt>
  <trkpt lat="-0.58691871" lon="112.63873575"></trkpt>
  <trkpt lat="-0.58702525" lon="112.63878906"></trkpt>
  <trkpt lat="-0.58707856" lon="112.63889568"></trkpt>
  <trkpt lat="-0.58713187" lon="112.63905561"></trkpt>
  <trkpt lat="-0.58723848" lon="112.63910891"></trkpt>
  <trkpt lat="-0.58729179" lon="112.63916222"></trkpt>
  <trkpt lat="-0.58739841" lon="112.63916222"></trkpt>
  <trkpt lat="-0.58745172" lon="112.63921553"></trkpt>
  <trkpt lat="-0.58750503" lon="112.63921553"></trkpt>
  <trkpt lat="-0.58755834" lon="112.63921553"></trkpt>
  <trkpt lat="-0.58761165" lon="112.63921553"></trkpt>
  <trkpt lat="-0.58766495" lon="112.63926884"></trkpt>
  <trkpt lat="-0.58766495" lon="112.63921553"></trkpt>
  <trkpt lat="-0.58771826" lon="112.63921553"></trkpt>
  <trkpt lat="-0.58771826" lon="112.63926884"></trkpt>
  <trkpt lat="-0.58766495" lon="112.63921553"></trkpt>
  <trkpt lat="-0.58771826" lon="112.63921553"></trkpt>
  <trkpt lat="-0.58766495" lon="112.63921553"></trkpt>
  <trkpt lat="-0.58771826" lon="112.63926884"></trkpt>
  <trkpt lat="-0.58766495" lon="112.63926884"></trkpt>
  <trkpt lat="-0.58761165" lon="112.63921553"></trkpt>
  <trkpt lat="-0.58766495" lon="112.63926884"></trkpt>
  <trkpt lat="-0.58766495" lon="112.63921553"></trkpt>
  <trkpt lat="-0.58771826" lon="112.63921553"></trkpt>
  <trkpt lat="-0.58777157" lon="112.63926884"></trkpt>
  <trkpt lat="-0.58793142" lon="112.63926884"></trkpt>
  <trkpt lat="-0.58798472" lon="112.63926884"></trkpt>
  <trkpt lat="-0.58814465" lon="112.63926884"></trkpt>
  <trkpt lat="-0.58835789" lon="112.63926884"></trkpt>
  <trkpt lat="-0.58846450" lon="112.63937546"></trkpt>
  <trkpt lat="-0.58851781" lon="112.63948208"></trkpt>
  <trkpt lat="-0.58857112" lon="112.63953539"></trkpt>
  <trkpt lat="-0.58873096" lon="112.63958870"></trkpt>
  <trkpt lat="-0.58883758" lon="112.63964200"></trkpt>
  <trkpt lat="-0.58889089" lon="112.63964200"></trkpt>
  <trkpt lat="-0.58905082" lon="112.63969523"></trkpt>
  <trkpt lat="-0.58915744" lon="112.63974862"></trkpt>
  <trkpt lat="-0.58926405" lon="112.63980193"></trkpt>
  <trkpt lat="-0.58937067" lon="112.63985524"></trkpt>
  <trkpt lat="-0.58942398" lon="112.63990846"></trkpt>
  <trkpt lat="-0.58953060" lon="112.63990846"></trkpt>
  <trkpt lat="-0.58958382" lon="112.63996177"></trkpt>
  <trkpt lat="-0.58958382" lon="112.64001508"></trkpt>
  <trkpt lat="-0.58963713" lon="112.64001508"></trkpt>
  <trkpt lat="-0.58963713" lon="112.63996177"></trkpt>
  <trkpt lat="-0.58974375" lon="112.64001508"></trkpt>
  <trkpt lat="-0.58979706" lon="112.64001508"></trkpt>
  <trkpt lat="-0.58985037" lon="112.64001508"></trkpt>
  <trkpt lat="-0.58990368" lon="112.64001508"></trkpt>
  <trkpt lat="-0.58995699" lon="112.63996177"></trkpt>
  <trkpt lat="-0.59001029" lon="112.64001508"></trkpt>
  <trkpt lat="-0.59006360" lon="112.64006839"></trkpt>
  <trkpt lat="-0.59011691" lon="112.64006839"></trkpt>
  <trkpt lat="-0.59017022" lon="112.64012170"></trkpt>
  <trkpt lat="-0.59027684" lon="112.64017501"></trkpt>
  <trkpt lat="-0.59022353" lon="112.64017501"></trkpt>
  <trkpt lat="-0.59022353" lon="112.64012170"></trkpt>
  <trkpt lat="-0.59022353" lon="112.64022832"></trkpt>
  <trkpt lat="-0.59011691" lon="112.64028163"></trkpt>
  <trkpt lat="-0.59017022" lon="112.64022832"></trkpt>
  <trkpt lat="-0.59027684" lon="112.64006839"></trkpt>
  <trkpt lat="-0.59022353" lon="112.64017501"></trkpt>
  <trkpt lat="-0.59027684" lon="112.64017501"></trkpt>
  <trkpt lat="-0.59038346" lon="112.64017501"></trkpt>
  <trkpt lat="-0.59043668" lon="112.64028163"></trkpt>
  <trkpt lat="-0.59048999" lon="112.64044155"></trkpt>
  <trkpt lat="-0.59059661" lon="112.64044155"></trkpt>
  <trkpt lat="-0.59064992" lon="112.64054817"></trkpt>
  <trkpt lat="-0.59070323" lon="112.64065479"></trkpt>
  <trkpt lat="-0.59070323" lon="112.64076141"></trkpt>
  <trkpt lat="-0.59070323" lon="112.64081472"></trkpt>
  <trkpt lat="-0.59070323" lon="112.64097464"></trkpt>
  <trkpt lat="-0.59080984" lon="112.64108126"></trkpt>
  <trkpt lat="-0.59086315" lon="112.64113457"></trkpt>
  <trkpt lat="-0.59086315" lon="112.64124119"></trkpt>
  <trkpt lat="-0.59086315" lon="112.64129450"></trkpt>
  <trkpt lat="-0.59086315" lon="112.64140111"></trkpt>
  <trkpt lat="-0.59091646" lon="112.64150773"></trkpt>
  <trkpt lat="-0.59096977" lon="112.64161435"></trkpt>
  <trkpt lat="-0.59096977" lon="112.64172097"></trkpt>
  <trkpt lat="-0.59102308" lon="112.64188089"></trkpt>
  <trkpt lat="-0.59107639" lon="112.64193420"></trkpt>
  <trkpt lat="-0.59107639" lon="112.64198751"></trkpt>
  <trkpt lat="-0.59107639" lon="112.64204082"></trkpt>
  <trkpt lat="-0.59107639" lon="112.64209413"></trkpt>
  <trkpt lat="-0.59118301" lon="112.64214744"></trkpt>
  <trkpt lat="-0.59118301" lon="112.64209413"></trkpt>
  <trkpt lat="-0.59118301" lon="112.64204082"></trkpt>
  <trkpt lat="-0.59123632" lon="112.64214744"></trkpt>
  <trkpt lat="-0.59123632" lon="112.64220075"></trkpt>
  <trkpt lat="-0.59118301" lon="112.64220075"></trkpt>
  <trkpt lat="-0.59112970" lon="112.64225406"></trkpt>
  <trkpt lat="-0.59107639" lon="112.64225406"></trkpt>
  <trkpt lat="-0.59102308" lon="112.64225406"></trkpt>
  <trkpt lat="-0.59107639" lon="112.64225406"></trkpt>
  <trkpt lat="-0.59112970" lon="112.64225406"></trkpt>
  <trkpt lat="-0.59112970" lon="112.64230737"></trkpt>
  <trkpt lat="-0.59118301" lon="112.64230737"></trkpt>
  <trkpt lat="-0.59123632" lon="112.64230737"></trkpt>
  <trkpt lat="-0.59128954" lon="112.64236067"></trkpt>
  <trkpt lat="-0.59134285" lon="112.64241398"></trkpt>
  <trkpt lat="-0.59134285" lon="112.64246729"></trkpt>
  <trkpt lat="-0.59134285" lon="112.64252060"></trkpt>
  <trkpt lat="-0.59139616" lon="112.64252060"></trkpt>
  <trkpt lat="-0.59150278" lon="112.64257391"></trkpt>
  <trkpt lat="-0.59150278" lon="112.64268053"></trkpt>
  <trkpt lat="-0.59144947" lon="112.64273384"></trkpt>
  <trkpt lat="-0.59139616" lon="112.64268053"></trkpt>
  <trkpt lat="-0.59144947" lon="112.64273384"></trkpt>
  <trkpt lat="-0.59150278" lon="112.64273384"></trkpt>
  <trkpt lat="-0.59144947" lon="112.64268053"></trkpt>
  <trkpt lat="-0.59139616" lon="112.64284037"></trkpt>
  <trkpt lat="-0.59139616" lon="112.64278706"></trkpt>
  <trkpt lat="-0.59139616" lon="112.64268053"></trkpt>
  <trkpt lat="-0.59144947" lon="112.64268053"></trkpt>
  <trkpt lat="-0.59144947" lon="112.64273384"></trkpt>
  <trkpt lat="-0.59139616" lon="112.64268053"></trkpt>
  <trkpt lat="-0.59144947" lon="112.64262722"></trkpt>
  <trkpt lat="-0.59144947" lon="112.64268053"></trkpt>
  <trkpt lat="-0.59139616" lon="112.64268053"></trkpt>
  <trkpt lat="-0.59144947" lon="112.64268053"></trkpt>
  <trkpt lat="-0.59150278" lon="112.64268053"></trkpt>
  <trkpt lat="-0.59155609" lon="112.64273384"></trkpt>
  <trkpt lat="-0.59150278" lon="112.64273384"></trkpt>
  <trkpt lat="-0.59144947" lon="112.64273384"></trkpt>
  <trkpt lat="-0.59139616" lon="112.64268053"></trkpt>
  <trkpt lat="-0.59144947" lon="112.64262722"></trkpt>
  <trkpt lat="-0.59150278" lon="112.64273384"></trkpt>
  <trkpt lat="-0.59155609" lon="112.64284037"></trkpt>
  <trkpt lat="-0.59160939" lon="112.64294699"></trkpt>
  <trkpt lat="-0.59166270" lon="112.64305361"></trkpt>
  <trkpt lat="-0.59171601" lon="112.64316022"></trkpt>
  <trkpt lat="-0.59176932" lon="112.64326684"></trkpt>
  <trkpt lat="-0.59187594" lon="112.64332015"></trkpt>
  <trkpt lat="-0.59198256" lon="112.64337346"></trkpt>
  <trkpt lat="-0.59208917" lon="112.64348008"></trkpt>
  <trkpt lat="-0.59214240" lon="112.64353339"></trkpt>
  <trkpt lat="-0.59224902" lon="112.64348008"></trkpt>
  <trkpt lat="-0.59235564" lon="112.64348008"></trkpt>
  <trkpt lat="-0.59246225" lon="112.64353339"></trkpt>
  <trkpt lat="-0.59267549" lon="112.64353339"></trkpt>
  <trkpt lat="-0.59283542" lon="112.64348008"></trkpt>
  <trkpt lat="-0.59294203" lon="112.64342677"></trkpt>
  <trkpt lat="-0.59299534" lon="112.64342677"></trkpt>
  <trkpt lat="-0.59304865" lon="112.64342677"></trkpt>
  <trkpt lat="-0.59315518" lon="112.64342677"></trkpt>
  <trkpt lat="-0.59331511" lon="112.64348008"></trkpt>
  <trkpt lat="-0.59342173" lon="112.64348008"></trkpt>
  <trkpt lat="-0.59358166" lon="112.64342677"></trkpt>
  <trkpt lat="-0.59363496" lon="112.64342677"></trkpt>
  <trkpt lat="-0.59374158" lon="112.64348008"></trkpt>
  <trkpt lat="-0.59374158" lon="112.64353339"></trkpt>
  <trkpt lat="-0.59384820" lon="112.64348008"></trkpt>
  <trkpt lat="-0.59390151" lon="112.64353339"></trkpt>
  <trkpt lat="-0.59395473" lon="112.64353339"></trkpt>
  <trkpt lat="-0.59406135" lon="112.64353339"></trkpt>
  <trkpt lat="-0.59411466" lon="112.64353339"></trkpt>
  <trkpt lat="-0.59427459" lon="112.64358670"></trkpt>
  <trkpt lat="-0.59438121" lon="112.64369331"></trkpt>
  <trkpt lat="-0.59443451" lon="112.64364000"></trkpt>
  <trkpt lat="-0.59448782" lon="112.64364000"></trkpt>
  <trkpt lat="-0.59464775" lon="112.64364000"></trkpt>
  <trkpt lat="-0.59470106" lon="112.64364000"></trkpt>
  <trkpt lat="-0.59475437" lon="112.64364000"></trkpt>
  <trkpt lat="-0.59486090" lon="112.64364000"></trkpt>
  <trkpt lat="-0.59491421" lon="112.64369331"></trkpt>
  <trkpt lat="-0.59496752" lon="112.64369331"></trkpt>
  <trkpt lat="-0.59507414" lon="112.64374662"></trkpt>
  <trkpt lat="-0.59518076" lon="112.64379993"></trkpt>
  <trkpt lat="-0.59534068" lon="112.64385324"></trkpt>
  <trkpt lat="-0.59539399" lon="112.64385324"></trkpt>
  <trkpt lat="-0.59560723" lon="112.64385324"></trkpt>
  <trkpt lat="-0.59576707" lon="112.64390655"></trkpt>
  <trkpt lat="-0.59587369" lon="112.64390655"></trkpt>
  <trkpt lat="-0.59598031" lon="112.64390655"></trkpt>
  <trkpt lat="-0.59603361" lon="112.64395986"></trkpt>
  <trkpt lat="-0.59614023" lon="112.64406648"></trkpt>
  <trkpt lat="-0.59630016" lon="112.64417309"></trkpt>
  <trkpt lat="-0.59646009" lon="112.64427971"></trkpt>
  <trkpt lat="-0.59661993" lon="112.64438633"></trkpt>
  <trkpt lat="-0.59677985" lon="112.64443964"></trkpt>
  <trkpt lat="-0.59688647" lon="112.64443964"></trkpt>
  <trkpt lat="-0.59693978" lon="112.64438633"></trkpt>
  <trkpt lat="-0.59709971" lon="112.64433302"></trkpt>
  <trkpt lat="-0.59725964" lon="112.64438633"></trkpt>
  <trkpt lat="-0.59731294" lon="112.64443964"></trkpt>
  <trkpt lat="-0.59741956" lon="112.64438633"></trkpt>
  <trkpt lat="-0.59752610" lon="112.64443964"></trkpt>
  <trkpt lat="-0.59757940" lon="112.64443964"></trkpt>
  <trkpt lat="-0.59779264" lon="112.64449295"></trkpt>
  <trkpt lat="-0.59789926" lon="112.64454626"></trkpt>
  <trkpt lat="-0.59805918" lon="112.64459956"></trkpt>
  <trkpt lat="-0.59811249" lon="112.64459956"></trkpt>
  <trkpt lat="-0.59827242" lon="112.64470618"></trkpt>
  <trkpt lat="-0.59832565" lon="112.64481280"></trkpt>
  <trkpt lat="-0.59837895" lon="112.64481280"></trkpt>
  <trkpt lat="-0.59848557" lon="112.64481280"></trkpt>
  <trkpt lat="-0.59853888" lon="112.64491942"></trkpt>
  <trkpt lat="-0.59864550" lon="112.64497273"></trkpt>
  <trkpt lat="-0.59859219" lon="112.64502604"></trkpt>
  <trkpt lat="-0.59853888" lon="112.64502604"></trkpt>
  <trkpt lat="-0.59853888" lon="112.64497273"></trkpt>
  <trkpt lat="-0.59859219" lon="112.64497273"></trkpt>
  <trkpt lat="-0.59853888" lon="112.64497273"></trkpt>
  <trkpt lat="-0.59853888" lon="112.64502604"></trkpt>
  <trkpt lat="-0.59848557" lon="112.64497273"></trkpt>
  <trkpt lat="-0.59843226" lon="112.64497273"></trkpt>
  <trkpt lat="-0.59848557" lon="112.64486611"></trkpt>
  <trkpt lat="-0.59848557" lon="112.64491942"></trkpt>
  <trkpt lat="-0.59848557" lon="112.64497273"></trkpt>
  <trkpt lat="-0.59848557" lon="112.64491942"></trkpt>
  <trkpt lat="-0.59848557" lon="112.64497273"></trkpt>
  <trkpt lat="-0.59848557" lon="112.64491942"></trkpt>
  <trkpt lat="-0.59848557" lon="112.64486611"></trkpt>
  <trkpt lat="-0.59848557" lon="112.64491942"></trkpt>
  <trkpt lat="-0.59848557" lon="112.64486611"></trkpt>
  <trkpt lat="-0.59843226" lon="112.64486611"></trkpt>
  <trkpt lat="-0.59848557" lon="112.64491942"></trkpt>
  <trkpt lat="-0.59853888" lon="112.64502604"></trkpt>
  <trkpt lat="-0.59859219" lon="112.64502604"></trkpt>
  <trkpt lat="-0.59864550" lon="112.64502604"></trkpt>
  <trkpt lat="-0.59864550" lon="112.64507934"></trkpt>
  <trkpt lat="-0.59869881" lon="112.64507934"></trkpt>
  <trkpt lat="-0.59875212" lon="112.64507934"></trkpt>
  <trkpt lat="-0.59880543" lon="112.64507934"></trkpt>
  <trkpt lat="-0.59885873" lon="112.64513265"></trkpt>
  <trkpt lat="-0.59885873" lon="112.64518596"></trkpt>
  <trkpt lat="-0.59896535" lon="112.64523927"></trkpt>
  <trkpt lat="-0.59907197" lon="112.64534589"></trkpt>
  <trkpt lat="-0.59912528" lon="112.64534589"></trkpt>
  <trkpt lat="-0.59923181" lon="112.64534589"></trkpt>
  <trkpt lat="-0.59928512" lon="112.64539920"></trkpt>
  <trkpt lat="-0.59928512" lon="112.64545251"></trkpt>
  <trkpt lat="-0.59933843" lon="112.64550582"></trkpt>
  <trkpt lat="-0.59939174" lon="112.64555912"></trkpt>
  <trkpt lat="-0.59949836" lon="112.64555912"></trkpt>
  <trkpt lat="-0.59960498" lon="112.64566566"></trkpt>
  <trkpt lat="-0.59960498" lon="112.64577236"></trkpt>
  <trkpt lat="-0.59965828" lon="112.64587889"></trkpt>
  <trkpt lat="-0.59976490" lon="112.64598551"></trkpt>
  <trkpt lat="-0.59981821" lon="112.64609213"></trkpt>
  <trkpt lat="-0.59992483" lon="112.64619875"></trkpt>
  <trkpt lat="-0.59992483" lon="112.64635867"></trkpt>
  <trkpt lat="-0.59997814" lon="112.64646529"></trkpt>
  <trkpt lat="-0.59992483" lon="112.64657191"></trkpt>
  <trkpt lat="-0.59992483" lon="112.64662522"></trkpt>
  <trkpt lat="-0.59997814" lon="112.64667853"></trkpt>
  <trkpt lat="-0.59997814" lon="112.64678515"></trkpt>
  <trkpt lat="-0.60003136" lon="112.64683845"></trkpt>
  <trkpt lat="-0.60008467" lon="112.64689176"></trkpt>
  <trkpt lat="-0.60013798" lon="112.64694507"></trkpt>
  <trkpt lat="-0.60019129" lon="112.64705169"></trkpt>
  <trkpt lat="-0.60019129" lon="112.64715831"></trkpt>
  <trkpt lat="-0.60029791" lon="112.64731823"></trkpt>
  <trkpt lat="-0.60040453" lon="112.64747816"></trkpt>
  <trkpt lat="-0.60045783" lon="112.64747816"></trkpt>
  <trkpt lat="-0.60056445" lon="112.64758478"></trkpt>
  <trkpt lat="-0.60067107" lon="112.64763809"></trkpt>
  <trkpt lat="-0.60061776" lon="112.64769140"></trkpt>
  <trkpt lat="-0.60061776" lon="112.64774471"></trkpt>
  <trkpt lat="-0.60061776" lon="112.64769140"></trkpt>
  <trkpt lat="-0.60067107" lon="112.64769140"></trkpt>
  <trkpt lat="-0.60072438" lon="112.64763809"></trkpt>
  <trkpt lat="-0.60077769" lon="112.64763809"></trkpt>
  <trkpt lat="-0.60083100" lon="112.64769140"></trkpt>
  <trkpt lat="-0.60088422" lon="112.64774471"></trkpt>
  <trkpt lat="-0.60093753" lon="112.64785132"></trkpt>
  <trkpt lat="-0.60099084" lon="112.64785132"></trkpt>
  <trkpt lat="-0.60093753" lon="112.64790463"></trkpt>
  <trkpt lat="-0.60104415" lon="112.64801125"></trkpt>
  <trkpt lat="-0.60104415" lon="112.64806456"></trkpt>
  <trkpt lat="-0.60115077" lon="112.64811787"></trkpt>
  <trkpt lat="-0.60120407" lon="112.64822449"></trkpt>
  <trkpt lat="-0.60125738" lon="112.64827779"></trkpt>
  <trkpt lat="-0.60136400" lon="112.64833110"></trkpt>
  <trkpt lat="-0.60141731" lon="112.64838441"></trkpt>
  <trkpt lat="-0.60147062" lon="112.64849103"></trkpt>
  <trkpt lat="-0.60152393" lon="112.64854434"></trkpt>
  <trkpt lat="-0.60157724" lon="112.64859765"></trkpt>
  <trkpt lat="-0.60163055" lon="112.64859765"></trkpt>
  <trkpt lat="-0.60168386" lon="112.64870418"></trkpt>
  <trkpt lat="-0.60179039" lon="112.64886411"></trkpt>
  <trkpt lat="-0.60184370" lon="112.64897073"></trkpt>
  <trkpt lat="-0.60195032" lon="112.64902404"></trkpt>
  <trkpt lat="-0.60200362" lon="112.64907734"></trkpt>
  <trkpt lat="-0.60205693" lon="112.64918396"></trkpt>
  <trkpt lat="-0.60211024" lon="112.64923727"></trkpt>
  <trkpt lat="-0.60216355" lon="112.64929058"></trkpt>
  <trkpt lat="-0.60211024" lon="112.64934389"></trkpt>
  <trkpt lat="-0.60211024" lon="112.64945051"></trkpt>
  <trkpt lat="-0.60205693" lon="112.64950382"></trkpt>
  <trkpt lat="-0.60205693" lon="112.64955712"></trkpt>
  <trkpt lat="-0.60216355" lon="112.64961043"></trkpt>
  <trkpt lat="-0.60216355" lon="112.64966374"></trkpt>
  <trkpt lat="-0.60227017" lon="112.64971705"></trkpt>
  <trkpt lat="-0.60237679" lon="112.64977036"></trkpt>
  <trkpt lat="-0.60243010" lon="112.64977036"></trkpt>
  <trkpt lat="-0.60237679" lon="112.64982367"></trkpt>
  <trkpt lat="-0.60232348" lon="112.64977036"></trkpt>
  <trkpt lat="-0.60237679" lon="112.64971705"></trkpt>
  <trkpt lat="-0.60237679" lon="112.64977036"></trkpt>
  <trkpt lat="-0.60232348" lon="112.64977036"></trkpt>
  <trkpt lat="-0.60227017" lon="112.64982367"></trkpt>
  <trkpt lat="-0.60221686" lon="112.64977036"></trkpt>
  <trkpt lat="-0.60227017" lon="112.64982367"></trkpt>
  <trkpt lat="-0.60221686" lon="112.64987698"></trkpt>
  <trkpt lat="-0.60232348" lon="112.64977036"></trkpt>
  <trkpt lat="-0.60232348" lon="112.64982367"></trkpt>
  <trkpt lat="-0.60237679" lon="112.64982367"></trkpt>
  <trkpt lat="-0.60237679" lon="112.64998360"></trkpt>
  <trkpt lat="-0.60237679" lon="112.64987698"></trkpt>
  <trkpt lat="-0.60237679" lon="112.64993029"></trkpt>
  <trkpt lat="-0.60232348" lon="112.64982367"></trkpt>
  <trkpt lat="-0.60237679" lon="112.64987698"></trkpt>
  <trkpt lat="-0.60232348" lon="112.64987698"></trkpt>
  <trkpt lat="-0.60243010" lon="112.64982367"></trkpt>
  <trkpt lat="-0.60232348" lon="112.64987698"></trkpt>
  <trkpt lat="-0.60232348" lon="112.64982367"></trkpt>
  <trkpt lat="-0.60243010" lon="112.64993029"></trkpt>
  <trkpt lat="-0.60243010" lon="112.64982367"></trkpt>
  <trkpt lat="-0.60237679" lon="112.64982367"></trkpt>
  <trkpt lat="-0.60237679" lon="112.64977036"></trkpt>
  <trkpt lat="-0.60232348" lon="112.64977036"></trkpt>
  <trkpt lat="-0.60237679" lon="112.64977036"></trkpt>
  <trkpt lat="-0.60243010" lon="112.64977036"></trkpt>
  <trkpt lat="-0.60248340" lon="112.64993029"></trkpt>
  <trkpt lat="-0.60264325" lon="112.64998360"></trkpt>
  <trkpt lat="-0.60269656" lon="112.64998360"></trkpt>
  <trkpt lat="-0.60269656" lon="112.64993029"></trkpt>
  <trkpt lat="-0.60264325" lon="112.64993029"></trkpt>
  <trkpt lat="-0.60258994" lon="112.64998360"></trkpt>
  <trkpt lat="-0.60253671" lon="112.64998360"></trkpt>
  <trkpt lat="-0.60248340" lon="112.64998360"></trkpt>
  <trkpt lat="-0.60243010" lon="112.64998360"></trkpt>
  <trkpt lat="-0.60243010" lon="112.64993029"></trkpt>
  <trkpt lat="-0.60243010" lon="112.64998360"></trkpt>
  <trkpt lat="-0.60237679" lon="112.64993029"></trkpt>
  <trkpt lat="-0.60243010" lon="112.64998360"></trkpt>
  <trkpt lat="-0.60243010" lon="112.64982367"></trkpt>
  <trkpt lat="-0.60243010" lon="112.64987698"></trkpt>
  <trkpt lat="-0.60253671" lon="112.64993029"></trkpt>
  <trkpt lat="-0.60248340" lon="112.64993029"></trkpt>
  <trkpt lat="-0.60243010" lon="112.64982367"></trkpt>
  <trkpt lat="-0.60243010" lon="112.64987698"></trkpt>
  <trkpt lat="-0.60248340" lon="112.64982367"></trkpt>
  <trkpt lat="-0.60248340" lon="112.64977036"></trkpt>
  <trkpt lat="-0.60253671" lon="112.64971705"></trkpt>
  <trkpt lat="-0.60253671" lon="112.64977036"></trkpt>
  <trkpt lat="-0.60258994" lon="112.64971705"></trkpt>
  <trkpt lat="-0.60258994" lon="112.64977036"></trkpt>
  <trkpt lat="-0.60253671" lon="112.64982367"></trkpt>
  <trkpt lat="-0.60253671" lon="112.64977036"></trkpt>
  <trkpt lat="-0.60258994" lon="112.64977036"></trkpt>
  <trkpt lat="-0.60258994" lon="112.64982367"></trkpt>
  <trkpt lat="-0.60264325" lon="112.64977036"></trkpt>
  <trkpt lat="-0.60258994" lon="112.64982367"></trkpt>
  <trkpt lat="-0.60253671" lon="112.64982367"></trkpt>
  <trkpt lat="-0.60253671" lon="112.64977036"></trkpt>
  <trkpt lat="-0.60253671" lon="112.64982367"></trkpt>
  <trkpt lat="-0.60248340" lon="112.64987698"></trkpt>
  <trkpt lat="-0.60243010" lon="112.64993029"></trkpt>
  <trkpt lat="-0.60248340" lon="112.64987698"></trkpt>
  <trkpt lat="-0.60243010" lon="112.64987698"></trkpt>
  <trkpt lat="-0.60248340" lon="112.64987698"></trkpt>
  <trkpt lat="-0.60248340" lon="112.64982367"></trkpt>
  <trkpt lat="-0.60253671" lon="112.64977036"></trkpt>
  <trkpt lat="-0.60243010" lon="112.64982367"></trkpt>
  <trkpt lat="-0.60253671" lon="112.64977036"></trkpt>
  <trkpt lat="-0.60258994" lon="112.64977036"></trkpt>
  <trkpt lat="-0.60264325" lon="112.64971705"></trkpt>
  <trkpt lat="-0.60258994" lon="112.64977036"></trkpt>
  <trkpt lat="-0.60243010" lon="112.64987698"></trkpt>
  <trkpt lat="-0.60248340" lon="112.64987698"></trkpt>
  <trkpt lat="-0.60253671" lon="112.64977036"></trkpt>
  <trkpt lat="-0.60248340" lon="112.64982367"></trkpt>
  <trkpt lat="-0.60253671" lon="112.64982367"></trkpt>
  <trkpt lat="-0.60253671" lon="112.64977036"></trkpt>
  <trkpt lat="-0.60258994" lon="112.64966374"></trkpt>
  <trkpt lat="-0.60264325" lon="112.64966374"></trkpt>
  <trkpt lat="-0.60248340" lon="112.64987698"></trkpt>
  <trkpt lat="-0.60243010" lon="112.64987698"></trkpt>
  <trkpt lat="-0.60237679" lon="112.64982367"></trkpt>
  <trkpt lat="-0.60248340" lon="112.64977036"></trkpt>
  <trkpt lat="-0.60243010" lon="112.64977036"></trkpt>
  <trkpt lat="-0.60237679" lon="112.64987698"></trkpt>
  <trkpt lat="-0.60248340" lon="112.64987698"></trkpt>
  <trkpt lat="-0.60237679" lon="112.64998360"></trkpt>
  <trkpt lat="-0.60243010" lon="112.64993029"></trkpt>
  <trkpt lat="-0.60253671" lon="112.64982367"></trkpt>
  <trkpt lat="-0.60243010" lon="112.64993029"></trkpt>
  <trkpt lat="-0.60253671" lon="112.64987698"></trkpt>
  <trkpt lat="-0.60237679" lon="112.64998360"></trkpt>
  <trkpt lat="-0.60253671" lon="112.64987698"></trkpt>
  <trkpt lat="-0.60253671" lon="112.64982367"></trkpt>
  <trkpt lat="-0.60258994" lon="112.64982367"></trkpt>
  <trkpt lat="-0.60264325" lon="112.64977036"></trkpt>
  <trkpt lat="-0.60253671" lon="112.64982367"></trkpt>
  <trkpt lat="-0.60248340" lon="112.64993029"></trkpt>
  <trkpt lat="-0.60248340" lon="112.64987698"></trkpt>
  <trkpt lat="-0.60258994" lon="112.64982367"></trkpt>
  <trkpt lat="-0.60253671" lon="112.64987698"></trkpt>
  <trkpt lat="-0.60243010" lon="112.64987698"></trkpt>
  <trkpt lat="-0.60243010" lon="112.64993029"></trkpt>
  <trkpt lat="-0.60248340" lon="112.64987698"></trkpt>
  <trkpt lat="-0.60237679" lon="112.64993029"></trkpt>
  <trkpt lat="-0.60237679" lon="112.64982367"></trkpt>
  <trkpt lat="-0.60237679" lon="112.64987698"></trkpt>
  <trkpt lat="-0.60237679" lon="112.64998360"></trkpt>
  <trkpt lat="-0.60237679" lon="112.64993029"></trkpt>
  <trkpt lat="-0.60237679" lon="112.64998360"></trkpt>
  <trkpt lat="-0.60243010" lon="112.64998360"></trkpt>
  <trkpt lat="-0.60237679" lon="112.65003690"></trkpt>
  <trkpt lat="-0.60237679" lon="112.64998360"></trkpt>
  <trkpt lat="-0.60243010" lon="112.64993029"></trkpt>
  <trkpt lat="-0.60243010" lon="112.64998360"></trkpt>
  <trkpt lat="-0.60248340" lon="112.64993029"></trkpt>
  <trkpt lat="-0.60243010" lon="112.64998360"></trkpt>
  <trkpt lat="-0.60243010" lon="112.65003690"></trkpt>
  <trkpt lat="-0.60237679" lon="112.65003690"></trkpt>
  <trkpt lat="-0.60237679" lon="112.64998360"></trkpt>
  <trkpt lat="-0.60237679" lon="112.65003690"></trkpt>
  <trkpt lat="-0.60243010" lon="112.64998360"></trkpt>
  <trkpt lat="-0.60237679" lon="112.65003690"></trkpt>
  <trkpt lat="-0.60237679" lon="112.64998360"></trkpt>
  <trkpt lat="-0.60232348" lon="112.64998360"></trkpt>
  <trkpt lat="-0.60237679" lon="112.64998360"></trkpt>
  <trkpt lat="-0.60232348" lon="112.64998360"></trkpt>
  <trkpt lat="-0.60232348" lon="112.65003690"></trkpt>
  <trkpt lat="-0.60227017" lon="112.65003690"></trkpt>
  <trkpt lat="-0.60237679" lon="112.64998360"></trkpt>
  <trkpt lat="-0.60248340" lon="112.64998360"></trkpt>
  <trkpt lat="-0.60243010" lon="112.64993029"></trkpt>
  <trkpt lat="-0.60237679" lon="112.64993029"></trkpt>
  <trkpt lat="-0.60227017" lon="112.64998360"></trkpt>
  <trkpt lat="-0.60232348" lon="112.64993029"></trkpt>
  <trkpt lat="-0.60237679" lon="112.64993029"></trkpt>
  <trkpt lat="-0.60243010" lon="112.64987698"></trkpt>
  <trkpt lat="-0.60243010" lon="112.64993029"></trkpt>
  <trkpt lat="-0.60237679" lon="112.64998360"></trkpt>
  <trkpt lat="-0.60237679" lon="112.64993029"></trkpt>
  <trkpt lat="-0.60232348" lon="112.64993029"></trkpt>
  <trkpt lat="-0.60227017" lon="112.64993029"></trkpt>
  <trkpt lat="-0.60243010" lon="112.64987698"></trkpt>
  <trkpt lat="-0.60232348" lon="112.64993029"></trkpt>
  <trkpt lat="-0.60227017" lon="112.64998360"></trkpt>
  <trkpt lat="-0.60237679" lon="112.64993029"></trkpt>
  <trkpt lat="-0.60248340" lon="112.64993029"></trkpt>
  <trkpt lat="-0.60248340" lon="112.64982367"></trkpt>
  <trkpt lat="-0.60243010" lon="112.64987698"></trkpt>
  <trkpt lat="-0.60248340" lon="112.64987698"></trkpt>
  <trkpt lat="-0.60243010" lon="112.64993029"></trkpt>
  <trkpt lat="-0.60237679" lon="112.64993029"></trkpt>
  <trkpt lat="-0.60232348" lon="112.64987698"></trkpt>
  <trkpt lat="-0.60227017" lon="112.64993029"></trkpt>
  <trkpt lat="-0.60232348" lon="112.64998360"></trkpt>
  <trkpt lat="-0.60243010" lon="112.64998360"></trkpt>
  <trkpt lat="-0.60248340" lon="112.64993029"></trkpt>
  <trkpt lat="-0.60243010" lon="112.64993029"></trkpt>
  <trkpt lat="-0.60237679" lon="112.64987698"></trkpt>
  <trkpt lat="-0.60232348" lon="112.64993029"></trkpt>
  <trkpt lat="-0.60237679" lon="112.64987698"></trkpt>
  <trkpt lat="-0.60237679" lon="112.64993029"></trkpt>
  <trkpt lat="-0.60232348" lon="112.64987698"></trkpt>
  <trkpt lat="-0.60227017" lon="112.64987698"></trkpt>
  <trkpt lat="-0.60232348" lon="112.64993029"></trkpt>
  <trkpt lat="-0.60237679" lon="112.64987698"></trkpt>
  <trkpt lat="-0.60243010" lon="112.64982367"></trkpt>
  <trkpt lat="-0.60232348" lon="112.64977036"></trkpt>
  <trkpt lat="-0.60243010" lon="112.64977036"></trkpt>
  <trkpt lat="-0.60258994" lon="112.64966374"></trkpt>
  <trkpt lat="-0.60269656" lon="112.64966374"></trkpt>
  <trkpt lat="-0.60280317" lon="112.64961043"></trkpt>
  <trkpt lat="-0.60296310" lon="112.64955712"></trkpt>
  <trkpt lat="-0.60306972" lon="112.64955712"></trkpt>
  <trkpt lat="-0.60322965" lon="112.64950382"></trkpt>
  <trkpt lat="-0.60338957" lon="112.64955712"></trkpt>
  <trkpt lat="-0.60360272" lon="112.64955712"></trkpt>
  <trkpt lat="-0.60370934" lon="112.64955712"></trkpt>
  <trkpt lat="-0.60381596" lon="112.64950382"></trkpt>
  <trkpt lat="-0.60397589" lon="112.64955712"></trkpt>
  <trkpt lat="-0.60402920" lon="112.64955712"></trkpt>
  <trkpt lat="-0.60402920" lon="112.64950382"></trkpt>
  <trkpt lat="-0.60408250" lon="112.64945051"></trkpt>
  <trkpt lat="-0.60418912" lon="112.64945051"></trkpt>
  <trkpt lat="-0.60424243" lon="112.64945051"></trkpt>
  <trkpt lat="-0.60434896" lon="112.64939720"></trkpt>
  <trkpt lat="-0.60445558" lon="112.64939720"></trkpt>
  <trkpt lat="-0.60456220" lon="112.64939720"></trkpt>
  <trkpt lat="-0.60461551" lon="112.64939720"></trkpt>
  <trkpt lat="-0.60472213" lon="112.64934389"></trkpt>
 </trkseg>
</trk>
<trk>
 <name>3 016</name>
 <trkseg>
  <trkpt lat="-0.60472213" lon="112.64934389"></trkpt>
  <trkpt lat="-0.60477544" lon="112.64934389"></trkpt>
  <trkpt lat="-0.60482875" lon="112.64934389"></trkpt>
  <trkpt lat="-0.60488205" lon="112.64923727"></trkpt>
  <trkpt lat="-0.60493536" lon="112.64923727"></trkpt>
  <trkpt lat="-0.60498867" lon="112.64913065"></trkpt>
  <trkpt lat="-0.60509529" lon="112.64907734"></trkpt>
  <trkpt lat="-0.60514860" lon="112.64902404"></trkpt>
  <trkpt lat="-0.60520182" lon="112.64891742"></trkpt>
  <trkpt lat="-0.60530844" lon="112.64891742"></trkpt>
  <trkpt lat="-0.60541506" lon="112.64891742"></trkpt>
  <trkpt lat="-0.60557499" lon="112.64886411"></trkpt>
  <trkpt lat="-0.60562829" lon="112.64886411"></trkpt>
  <trkpt lat="-0.60573491" lon="112.64891742"></trkpt>
  <trkpt lat="-0.60589484" lon="112.64891742"></trkpt>
  <trkpt lat="-0.60600146" lon="112.64897073"></trkpt>
  <trkpt lat="-0.60605468" lon="112.64891742"></trkpt>
  <trkpt lat="-0.60616130" lon="112.64886411"></trkpt>
  <trkpt lat="-0.60626792" lon="112.64886411"></trkpt>
  <trkpt lat="-0.60632123" lon="112.64886411"></trkpt>
  <trkpt lat="-0.60632123" lon="112.64881080"></trkpt>
  <trkpt lat="-0.60642784" lon="112.64886411"></trkpt>
  <trkpt lat="-0.60653446" lon="112.64886411"></trkpt>
  <trkpt lat="-0.60658777" lon="112.64891742"></trkpt>
  <trkpt lat="-0.60664108" lon="112.64897073"></trkpt>
  <trkpt lat="-0.60680101" lon="112.64891742"></trkpt>
  <trkpt lat="-0.60690754" lon="112.64897073"></trkpt>
  <trkpt lat="-0.60696085" lon="112.64902404"></trkpt>
  <trkpt lat="-0.60696085" lon="112.64897073"></trkpt>
  <trkpt lat="-0.60701416" lon="112.64891742"></trkpt>
  <trkpt lat="-0.60717409" lon="112.64902404"></trkpt>
  <trkpt lat="-0.60728070" lon="112.64907734"></trkpt>
  <trkpt lat="-0.60733401" lon="112.64913065"></trkpt>
  <trkpt lat="-0.60733401" lon="112.64918396"></trkpt>
  <trkpt lat="-0.60733401" lon="112.64913065"></trkpt>
  <trkpt lat="-0.60738732" lon="112.64918396"></trkpt>
  <trkpt lat="-0.60749394" lon="112.64929058"></trkpt>
  <trkpt lat="-0.60760056" lon="112.64929058"></trkpt>
  <trkpt lat="-0.60754725" lon="112.64929058"></trkpt>
  <trkpt lat="-0.60765387" lon="112.64929058"></trkpt>
  <trkpt lat="-0.60781371" lon="112.64918396"></trkpt>
  <trkpt lat="-0.60781371" lon="112.64929058"></trkpt>
  <trkpt lat="-0.60792033" lon="112.64934389"></trkpt>
  <trkpt lat="-0.60797364" lon="112.64939720"></trkpt>
  <trkpt lat="-0.60808025" lon="112.64939720"></trkpt>
  <trkpt lat="-0.60813356" lon="112.64939720"></trkpt>
  <trkpt lat="-0.60818687" lon="112.64939720"></trkpt>
  <trkpt lat="-0.60824018" lon="112.64939720"></trkpt>
  <trkpt lat="-0.60829349" lon="112.64939720"></trkpt>
  <trkpt lat="-0.60818687" lon="112.64939720"></trkpt>
  <trkpt lat="-0.60829349" lon="112.64945051"></trkpt>
  <trkpt lat="-0.60840011" lon="112.64945051"></trkpt>
  <trkpt lat="-0.60845342" lon="112.64945051"></trkpt>
  <trkpt lat="-0.60850672" lon="112.64945051"></trkpt>
  <trkpt lat="-0.60856003" lon="112.64934389"></trkpt>
  <trkpt lat="-0.60861326" lon="112.64929058"></trkpt>
  <trkpt lat="-0.60877318" lon="112.64929058"></trkpt>
  <trkpt lat="-0.60893311" lon="112.64945051"></trkpt>
  <trkpt lat="-0.60903973" lon="112.64950382"></trkpt>
  <trkpt lat="-0.60909304" lon="112.64950382"></trkpt>
  <trkpt lat="-0.60893311" lon="112.64950382"></trkpt>
  <trkpt lat="-0.60887980" lon="112.64950382"></trkpt>
  <trkpt lat="-0.60898642" lon="112.64950382"></trkpt>
  <trkpt lat="-0.60898642" lon="112.64955712"></trkpt>
  <trkpt lat="-0.60887980" lon="112.64955712"></trkpt>
  <trkpt lat="-0.60898642" lon="112.64955712"></trkpt>
  <trkpt lat="-0.60903973" lon="112.64955712"></trkpt>
  <trkpt lat="-0.60903973" lon="112.64961043"></trkpt>
  <trkpt lat="-0.60903973" lon="112.64966374"></trkpt>
  <trkpt lat="-0.60909304" lon="112.64971705"></trkpt>
  <trkpt lat="-0.60903973" lon="112.64971705"></trkpt>
  <trkpt lat="-0.60909304" lon="112.64961043"></trkpt>
  <trkpt lat="-0.60919966" lon="112.64961043"></trkpt>
  <trkpt lat="-0.60925297" lon="112.64961043"></trkpt>
  <trkpt lat="-0.60935958" lon="112.64961043"></trkpt>
  <trkpt lat="-0.60941289" lon="112.64955712"></trkpt>
  <trkpt lat="-0.60946620" lon="112.64955712"></trkpt>
  <trkpt lat="-0.60957273" lon="112.64950382"></trkpt>
  <trkpt lat="-0.60962604" lon="112.64939720"></trkpt>
  <trkpt lat="-0.60973266" lon="112.64939720"></trkpt>
  <trkpt lat="-0.60978597" lon="112.64939720"></trkpt>
  <trkpt lat="-0.60989259" lon="112.64945051"></trkpt>
  <trkpt lat="-0.60994590" lon="112.64939720"></trkpt>
  <trkpt lat="-0.60989259" lon="112.64929058"></trkpt>
  <trkpt lat="-0.60994590" lon="112.64934389"></trkpt>
  <trkpt lat="-0.61005251" lon="112.64934389"></trkpt>
  <trkpt lat="-0.61010582" lon="112.64934389"></trkpt>
  <trkpt lat="-0.61015913" lon="112.64923727"></trkpt>
  <trkpt lat="-0.61021244" lon="112.64923727"></trkpt>
  <trkpt lat="-0.61026575" lon="112.64923727"></trkpt>
  <trkpt lat="-0.61037237" lon="112.64918396"></trkpt>
  <trkpt lat="-0.61042559" lon="112.64913065"></trkpt>
  <trkpt lat="-0.61053221" lon="112.64913065"></trkpt>
  <trkpt lat="-0.61053221" lon="112.64918396"></trkpt>
  <trkpt lat="-0.61053221" lon="112.64923727"></trkpt>
  <trkpt lat="-0.61047890" lon="112.64929058"></trkpt>
  <trkpt lat="-0.61053221" lon="112.64923727"></trkpt>
  <trkpt lat="-0.61037237" lon="112.64918396"></trkpt>
  <trkpt lat="-0.61042559" lon="112.64918396"></trkpt>
  <trkpt lat="-0.61053221" lon="112.64923727"></trkpt>
  <trkpt lat="-0.61042559" lon="112.64918396"></trkpt>
  <trkpt lat="-0.61053221" lon="112.64923727"></trkpt>
  <trkpt lat="-0.61042559" lon="112.64918396"></trkpt>
  <trkpt lat="-0.61042559" lon="112.64923727"></trkpt>
  <trkpt lat="-0.61047890" lon="112.64918396"></trkpt>
  <trkpt lat="-0.61042559" lon="112.64918396"></trkpt>
  <trkpt lat="-0.61042559" lon="112.64913065"></trkpt>
  <trkpt lat="-0.61031906" lon="112.64918396"></trkpt>
  <trkpt lat="-0.61037237" lon="112.64918396"></trkpt>
  <trkpt lat="-0.61026575" lon="112.64918396"></trkpt>
  <trkpt lat="-0.61026575" lon="112.64923727"></trkpt>
  <trkpt lat="-0.61047890" lon="112.64918396"></trkpt>
  <trkpt lat="-0.61047890" lon="112.64913065"></trkpt>
  <trkpt lat="-0.61053221" lon="112.64907734"></trkpt>
  <trkpt lat="-0.61058552" lon="112.64902404"></trkpt>
  <trkpt lat="-0.61063883" lon="112.64902404"></trkpt>
  <trkpt lat="-0.61074545" lon="112.64907734"></trkpt>
  <trkpt lat="-0.61085206" lon="112.64907734"></trkpt>
  <trkpt lat="-0.61095868" lon="112.64907734"></trkpt>
  <trkpt lat="-0.61101199" lon="112.64907734"></trkpt>
  <trkpt lat="-0.61106530" lon="112.64907734"></trkpt>
  <trkpt lat="-0.61117192" lon="112.64902404"></trkpt>
  <trkpt lat="-0.61127845" lon="112.64907734"></trkpt>
  <trkpt lat="-0.61127845" lon="112.64902404"></trkpt>
  <trkpt lat="-0.61133176" lon="112.64907734"></trkpt>
  <trkpt lat="-0.61138507" lon="112.64913065"></trkpt>
  <trkpt lat="-0.61143838" lon="112.64918396"></trkpt>
  <trkpt lat="-0.61143838" lon="112.64929058"></trkpt>
  <trkpt lat="-0.61143838" lon="112.64934389"></trkpt>
  <trkpt lat="-0.61149169" lon="112.64934389"></trkpt>
  <trkpt lat="-0.61154500" lon="112.64929058"></trkpt>
  <trkpt lat="-0.61154500" lon="112.64923727"></trkpt>
  <trkpt lat="-0.61159831" lon="112.64929058"></trkpt>
  <trkpt lat="-0.61165161" lon="112.64929058"></trkpt>
  <trkpt lat="-0.61170492" lon="112.64929058"></trkpt>
  <trkpt lat="-0.61170492" lon="112.64934389"></trkpt>
  <trkpt lat="-0.61181154" lon="112.64939720"></trkpt>
  <trkpt lat="-0.61186485" lon="112.64939720"></trkpt>
  <trkpt lat="-0.61197147" lon="112.64934389"></trkpt>
  <trkpt lat="-0.61197147" lon="112.64939720"></trkpt>
  <trkpt lat="-0.61207809" lon="112.64939720"></trkpt>
  <trkpt lat="-0.61213131" lon="112.64939720"></trkpt>
  <trkpt lat="-0.61213131" lon="112.64945051"></trkpt>
  <trkpt lat="-0.61213131" lon="112.64939720"></trkpt>
  <trkpt lat="-0.61218462" lon="112.64945051"></trkpt>
  <trkpt lat="-0.61213131" lon="112.64939720"></trkpt>
  <trkpt lat="-0.61202478" lon="112.64939720"></trkpt>
  <trkpt lat="-0.61213131" lon="112.64945051"></trkpt>
  <trkpt lat="-0.61213131" lon="112.64939720"></trkpt>
  <trkpt lat="-0.61207809" lon="112.64939720"></trkpt>
  <trkpt lat="-0.61207809" lon="112.64945051"></trkpt>
  <trkpt lat="-0.61207809" lon="112.64939720"></trkpt>
  <trkpt lat="-0.61213131" lon="112.64945051"></trkpt>
  <trkpt lat="-0.61213131" lon="112.64939720"></trkpt>
  <trkpt lat="-0.61213131" lon="112.64945051"></trkpt>
  <trkpt lat="-0.61207809" lon="112.64939720"></trkpt>
  <trkpt lat="-0.61202478" lon="112.64939720"></trkpt>
  <trkpt lat="-0.61207809" lon="112.64939720"></trkpt>
  <trkpt lat="-0.61197147" lon="112.64939720"></trkpt>
  <trkpt lat="-0.61202478" lon="112.64934389"></trkpt>
  <trkpt lat="-0.61202478" lon="112.64939720"></trkpt>
  <trkpt lat="-0.61207809" lon="112.64934389"></trkpt>
  <trkpt lat="-0.61207809" lon="112.64939720"></trkpt>
  <trkpt lat="-0.61213131" lon="112.64934389"></trkpt>
  <trkpt lat="-0.61207809" lon="112.64939720"></trkpt>
  <trkpt lat="-0.61213131" lon="112.64939720"></trkpt>
  <trkpt lat="-0.61213131" lon="112.64945051"></trkpt>
  <trkpt lat="-0.61207809" lon="112.64945051"></trkpt>
  <trkpt lat="-0.61213131" lon="112.64950382"></trkpt>
  <trkpt lat="-0.61207809" lon="112.64955712"></trkpt>
  <trkpt lat="-0.61207809" lon="112.64950382"></trkpt>
  <trkpt lat="-0.61213131" lon="112.64950382"></trkpt>
  <trkpt lat="-0.61223793" lon="112.64950382"></trkpt>
  <trkpt lat="-0.61229124" lon="112.64950382"></trkpt>
  <trkpt lat="-0.61223793" lon="112.64961043"></trkpt>
  <trkpt lat="-0.61223793" lon="112.64966374"></trkpt>
  <trkpt lat="-0.61234455" lon="112.64966374"></trkpt>
  <trkpt lat="-0.61239786" lon="112.64961043"></trkpt>
  <trkpt lat="-0.61250447" lon="112.64966374"></trkpt>
  <trkpt lat="-0.61255778" lon="112.64966374"></trkpt>
  <trkpt lat="-0.61261109" lon="112.64966374"></trkpt>
  <trkpt lat="-0.61277102" lon="112.64971705"></trkpt>
  <trkpt lat="-0.61277102" lon="112.64977036"></trkpt>
  <trkpt lat="-0.61287764" lon="112.64977036"></trkpt>
  <trkpt lat="-0.61282433" lon="112.64977036"></trkpt>
  <trkpt lat="-0.61287764" lon="112.64977036"></trkpt>
  <trkpt lat="-0.61293094" lon="112.64977036"></trkpt>
  <trkpt lat="-0.61298417" lon="112.64977036"></trkpt>
  <trkpt lat="-0.61303748" lon="112.64982367"></trkpt>
  <trkpt lat="-0.61319740" lon="112.64982367"></trkpt>
  <trkpt lat="-0.61325071" lon="112.64982367"></trkpt>
  <trkpt lat="-0.61330402" lon="112.64982367"></trkpt>
  <trkpt lat="-0.61341064" lon="112.64982367"></trkpt>
  <trkpt lat="-0.61346395" lon="112.64982367"></trkpt>
  <trkpt lat="-0.61346395" lon="112.64987698"></trkpt>
  <trkpt lat="-0.61346395" lon="112.64993029"></trkpt>
  <trkpt lat="-0.61351726" lon="112.64993029"></trkpt>
  <trkpt lat="-0.61357057" lon="112.64987698"></trkpt>
  <trkpt lat="-0.61357057" lon="112.64982367"></trkpt>
  <trkpt lat="-0.61351726" lon="112.64982367"></trkpt>
  <trkpt lat="-0.61357057" lon="112.64982367"></trkpt>
  <trkpt lat="-0.61367719" lon="112.64982367"></trkpt>
  <trkpt lat="-0.61373049" lon="112.64982367"></trkpt>
  <trkpt lat="-0.61378380" lon="112.64982367"></trkpt>
  <trkpt lat="-0.61383711" lon="112.64987698"></trkpt>
  <trkpt lat="-0.61389042" lon="112.64993029"></trkpt>
  <trkpt lat="-0.61394365" lon="112.64982367"></trkpt>
  <trkpt lat="-0.61399695" lon="112.64982367"></trkpt>
  <trkpt lat="-0.61410357" lon="112.64987698"></trkpt>
  <trkpt lat="-0.61415688" lon="112.64987698"></trkpt>
  <trkpt lat="-0.61421019" lon="112.64987698"></trkpt>
  <trkpt lat="-0.61426350" lon="112.64987698"></trkpt>
  <trkpt lat="-0.61431681" lon="112.64987698"></trkpt>
  <trkpt lat="-0.61431681" lon="112.64993029"></trkpt>
  <trkpt lat="-0.61437012" lon="112.64993029"></trkpt>
  <trkpt lat="-0.61447673" lon="112.64993029"></trkpt>
  <trkpt lat="-0.61447673" lon="112.64998360"></trkpt>
  <trkpt lat="-0.61453004" lon="112.64998360"></trkpt>
  <trkpt lat="-0.61458335" lon="112.65009021"></trkpt>
  <trkpt lat="-0.61463666" lon="112.65014352"></trkpt>
  <trkpt lat="-0.61463666" lon="112.65009021"></trkpt>
  <trkpt lat="-0.61463666" lon="112.65014352"></trkpt>
  <trkpt lat="-0.61468997" lon="112.65019683"></trkpt>
  <trkpt lat="-0.61474328" lon="112.65025014"></trkpt>
  <trkpt lat="-0.61474328" lon="112.65019683"></trkpt>
  <trkpt lat="-0.61474328" lon="112.65030345"></trkpt>
  <trkpt lat="-0.61479650" lon="112.65030345"></trkpt>
  <trkpt lat="-0.61484981" lon="112.65035676"></trkpt>
  <trkpt lat="-0.61490312" lon="112.65041007"></trkpt>
  <trkpt lat="-0.61500974" lon="112.65035676"></trkpt>
  <trkpt lat="-0.61506305" lon="112.65035676"></trkpt>
  <trkpt lat="-0.61511636" lon="112.65030345"></trkpt>
  <trkpt lat="-0.61516967" lon="112.65035676"></trkpt>
  <trkpt lat="-0.61511636" lon="112.65035676"></trkpt>
  <trkpt lat="-0.61506305" lon="112.65035676"></trkpt>
  <trkpt lat="-0.61511636" lon="112.65035676"></trkpt>
  <trkpt lat="-0.61511636" lon="112.65030345"></trkpt>
  <trkpt lat="-0.61511636" lon="112.65035676"></trkpt>
  <trkpt lat="-0.61511636" lon="112.65030345"></trkpt>
  <trkpt lat="-0.61516967" lon="112.65030345"></trkpt>
  <trkpt lat="-0.61511636" lon="112.65030345"></trkpt>
  <trkpt lat="-0.61516967" lon="112.65030345"></trkpt>
  <trkpt lat="-0.61506305" lon="112.65030345"></trkpt>
  <trkpt lat="-0.61506305" lon="112.65025014"></trkpt>
  <trkpt lat="-0.61511636" lon="112.65030345"></trkpt>
  <trkpt lat="-0.61516967" lon="112.65030345"></trkpt>
  <trkpt lat="-0.61511636" lon="112.65035676"></trkpt>
  <trkpt lat="-0.61516967" lon="112.65035676"></trkpt>
  <trkpt lat="-0.61511636" lon="112.65025014"></trkpt>
  <trkpt lat="-0.61506305" lon="112.65035676"></trkpt>
  <trkpt lat="-0.61516967" lon="112.65041007"></trkpt>
  <trkpt lat="-0.61511636" lon="112.65041007"></trkpt>
  <trkpt lat="-0.61506305" lon="112.65041007"></trkpt>
  <trkpt lat="-0.61511636" lon="112.65041007"></trkpt>
  <trkpt lat="-0.61511636" lon="112.65035676"></trkpt>
  <trkpt lat="-0.61516967" lon="112.65035676"></trkpt>
  <trkpt lat="-0.61522298" lon="112.65030345"></trkpt>
  <trkpt lat="-0.61522298" lon="112.65025014"></trkpt>
  <trkpt lat="-0.61516967" lon="112.65025014"></trkpt>
  <trkpt lat="-0.61522298" lon="112.65030345"></trkpt>
  <trkpt lat="-0.61516967" lon="112.65030345"></trkpt>
  <trkpt lat="-0.61522298" lon="112.65030345"></trkpt>
  <trkpt lat="-0.61522298" lon="112.65035676"></trkpt>
  <trkpt lat="-0.61516967" lon="112.65035676"></trkpt>
  <trkpt lat="-0.61506305" lon="112.65030345"></trkpt>
  <trkpt lat="-0.61511636" lon="112.65025014"></trkpt>
  <trkpt lat="-0.61516967" lon="112.65035676"></trkpt>
  <trkpt lat="-0.61522298" lon="112.65030345"></trkpt>
  <trkpt lat="-0.61516967" lon="112.65030345"></trkpt>
  <trkpt lat="-0.61511636" lon="112.65035676"></trkpt>
  <trkpt lat="-0.61516967" lon="112.65030345"></trkpt>
  <trkpt lat="-0.61522298" lon="112.65030345"></trkpt>
  <trkpt lat="-0.61516967" lon="112.65035676"></trkpt>
  <trkpt lat="-0.61516967" lon="112.65030345"></trkpt>
  <trkpt lat="-0.61511636" lon="112.65030345"></trkpt>
  <trkpt lat="-0.61506305" lon="112.65035676"></trkpt>
  <trkpt lat="-0.61511636" lon="112.65035676"></trkpt>
  <trkpt lat="-0.61516967" lon="112.65035676"></trkpt>
  <trkpt lat="-0.61511636" lon="112.65030345"></trkpt>
  <trkpt lat="-0.61516967" lon="112.65030345"></trkpt>
  <trkpt lat="-0.61516967" lon="112.65035676"></trkpt>
  <trkpt lat="-0.61511636" lon="112.65035676"></trkpt>
  <trkpt lat="-0.61511636" lon="112.65030345"></trkpt>
  <trkpt lat="-0.61516967" lon="112.65041007"></trkpt>
  <trkpt lat="-0.61511636" lon="112.65035676"></trkpt>
  <trkpt lat="-0.61516967" lon="112.65030345"></trkpt>
  <trkpt lat="-0.61516967" lon="112.65035676"></trkpt>
  <trkpt lat="-0.61511636" lon="112.65035676"></trkpt>
  <trkpt lat="-0.61506305" lon="112.65035676"></trkpt>
  <trkpt lat="-0.61511636" lon="112.65041007"></trkpt>
  <trkpt lat="-0.61506305" lon="112.65041007"></trkpt>
  <trkpt lat="-0.61511636" lon="112.65035676"></trkpt>
  <trkpt lat="-0.61522298" lon="112.65030345"></trkpt>
  <trkpt lat="-0.61527628" lon="112.65030345"></trkpt>
  <trkpt lat="-0.61538290" lon="112.65025014"></trkpt>
  <trkpt lat="-0.61543621" lon="112.65025014"></trkpt>
  <trkpt lat="-0.61554283" lon="112.65030345"></trkpt>
  <trkpt lat="-0.61559614" lon="112.65025014"></trkpt>
  <trkpt lat="-0.61564936" lon="112.65025014"></trkpt>
  <trkpt lat="-0.61575598" lon="112.65019683"></trkpt>
  <trkpt lat="-0.61580929" lon="112.65014352"></trkpt>
  <trkpt lat="-0.61586260" lon="112.65014352"></trkpt>
  <trkpt lat="-0.61591591" lon="112.65014352"></trkpt>
  <trkpt lat="-0.61602253" lon="112.65009021"></trkpt>
  <trkpt lat="-0.61618245" lon="112.65009021"></trkpt>
  <trkpt lat="-0.61623576" lon="112.65009021"></trkpt>
  <trkpt lat="-0.61639569" lon="112.65009021"></trkpt>
  <trkpt lat="-0.61639569" lon="112.65014352"></trkpt>
  <trkpt lat="-0.61644900" lon="112.65009021"></trkpt>
  <trkpt lat="-0.61650222" lon="112.65009021"></trkpt>
  <trkpt lat="-0.61660884" lon="112.65009021"></trkpt>
  <trkpt lat="-0.61666215" lon="112.65009021"></trkpt>
  <trkpt lat="-0.61671546" lon="112.65003690"></trkpt>
  <trkpt lat="-0.61676877" lon="112.65003690"></trkpt>
  <trkpt lat="-0.61676877" lon="112.64998360"></trkpt>
  <trkpt lat="-0.61676877" lon="112.64993029"></trkpt>
  <trkpt lat="-0.61687538" lon="112.64987698"></trkpt>
  <trkpt lat="-0.61698200" lon="112.64982367"></trkpt>
  <trkpt lat="-0.61703531" lon="112.64971705"></trkpt>
  <trkpt lat="-0.61708862" lon="112.64961043"></trkpt>
  <trkpt lat="-0.61714193" lon="112.64955712"></trkpt>
  <trkpt lat="-0.61719524" lon="112.64950382"></trkpt>
  <trkpt lat="-0.61719524" lon="112.64945051"></trkpt>
  <trkpt lat="-0.61724855" lon="112.64939720"></trkpt>
  <trkpt lat="-0.61730186" lon="112.64939720"></trkpt>
  <trkpt lat="-0.61735508" lon="112.64939720"></trkpt>
  <trkpt lat="-0.61740839" lon="112.64934389"></trkpt>
  <trkpt lat="-0.61740839" lon="112.64923727"></trkpt>
  <trkpt lat="-0.61740839" lon="112.64918396"></trkpt>
  <trkpt lat="-0.61746170" lon="112.64907734"></trkpt>
  <trkpt lat="-0.61746170" lon="112.64902404"></trkpt>
  <trkpt lat="-0.61751501" lon="112.64891742"></trkpt>
  <trkpt lat="-0.61756832" lon="112.64886411"></trkpt>
  <trkpt lat="-0.61756832" lon="112.64881080"></trkpt>
  <trkpt lat="-0.61762162" lon="112.64875749"></trkpt>
  <trkpt lat="-0.61762162" lon="112.64870418"></trkpt>
  <trkpt lat="-0.61767493" lon="112.64859765"></trkpt>
  <trkpt lat="-0.61767493" lon="112.64854434"></trkpt>
  <trkpt lat="-0.61778155" lon="112.64843772"></trkpt>
  <trkpt lat="-0.61778155" lon="112.64838441"></trkpt>
  <trkpt lat="-0.61783486" lon="112.64822449"></trkpt>
  <trkpt lat="-0.61788817" lon="112.64817118"></trkpt>
  <trkpt lat="-0.61788817" lon="112.64811787"></trkpt>
  <trkpt lat="-0.61788817" lon="112.64806456"></trkpt>
  <trkpt lat="-0.61799479" lon="112.64795794"></trkpt>
  <trkpt lat="-0.61804810" lon="112.64785132"></trkpt>
  <trkpt lat="-0.61810140" lon="112.64779801"></trkpt>
  <trkpt lat="-0.61810140" lon="112.64774471"></trkpt>
  <trkpt lat="-0.61815471" lon="112.64774471"></trkpt>
  <trkpt lat="-0.61826125" lon="112.64774471"></trkpt>
  <trkpt lat="-0.61820794" lon="112.64769140"></trkpt>
  <trkpt lat="-0.61815471" lon="112.64763809"></trkpt>
  <trkpt lat="-0.61820794" lon="112.64763809"></trkpt>
  <trkpt lat="-0.61820794" lon="112.64753147"></trkpt>
  <trkpt lat="-0.61831456" lon="112.64758478"></trkpt>
  <trkpt lat="-0.61836787" lon="112.64758478"></trkpt>
  <trkpt lat="-0.61842117" lon="112.64753147"></trkpt>
  <trkpt lat="-0.61847448" lon="112.64742485"></trkpt>
  <trkpt lat="-0.61852779" lon="112.64753147"></trkpt>
  <trkpt lat="-0.61847448" lon="112.64753147"></trkpt>
  <trkpt lat="-0.61852779" lon="112.64758478"></trkpt>
  <trkpt lat="-0.61858110" lon="112.64758478"></trkpt>
  <trkpt lat="-0.61863441" lon="112.64753147"></trkpt>
  <trkpt lat="-0.61852779" lon="112.64747816"></trkpt>
  <trkpt lat="-0.61852779" lon="112.64737154"></trkpt>
  <trkpt lat="-0.61858110" lon="112.64731823"></trkpt>
  <trkpt lat="-0.61858110" lon="112.64726493"></trkpt>
  <trkpt lat="-0.61863441" lon="112.64721162"></trkpt>
  <trkpt lat="-0.61874103" lon="112.64715831"></trkpt>
  <trkpt lat="-0.61874103" lon="112.64710500"></trkpt>
  <trkpt lat="-0.61874103" lon="112.64705169"></trkpt>
  <trkpt lat="-0.61879434" lon="112.64705169"></trkpt>
  <trkpt lat="-0.61890095" lon="112.64705169"></trkpt>
  <trkpt lat="-0.61895426" lon="112.64705169"></trkpt>
  <trkpt lat="-0.61895426" lon="112.64699838"></trkpt>
  <trkpt lat="-0.61906088" lon="112.64699838"></trkpt>
  <trkpt lat="-0.61906088" lon="112.64705169"></trkpt>
  <trkpt lat="-0.61911411" lon="112.64705169"></trkpt>
  <trkpt lat="-0.61916742" lon="112.64710500"></trkpt>
  <trkpt lat="-0.61916742" lon="112.64699838"></trkpt>
  <trkpt lat="-0.61916742" lon="112.64694507"></trkpt>
  <trkpt lat="-0.61922072" lon="112.64694507"></trkpt>
  <trkpt lat="-0.61927403" lon="112.64694507"></trkpt>
  <trkpt lat="-0.61932734" lon="112.64699838"></trkpt>
  <trkpt lat="-0.61932734" lon="112.64694507"></trkpt>
  <trkpt lat="-0.61938065" lon="112.64699838"></trkpt>
  <trkpt lat="-0.61938065" lon="112.64694507"></trkpt>
  <trkpt lat="-0.61943396" lon="112.64689176"></trkpt>
  <trkpt lat="-0.61943396" lon="112.64683845"></trkpt>
  <trkpt lat="-0.61943396" lon="112.64678515"></trkpt>
  <trkpt lat="-0.61948727" lon="112.64678515"></trkpt>
  <trkpt lat="-0.61954058" lon="112.64678515"></trkpt>
  <trkpt lat="-0.61959389" lon="112.64678515"></trkpt>
  <trkpt lat="-0.61954058" lon="112.64678515"></trkpt>
  <trkpt lat="-0.61954058" lon="112.64673184"></trkpt>
  <trkpt lat="-0.61943396" lon="112.64683845"></trkpt>
  <trkpt lat="-0.61948727" lon="112.64678515"></trkpt>
  <trkpt lat="-0.61943396" lon="112.64678515"></trkpt>
  <trkpt lat="-0.61954058" lon="112.64673184"></trkpt>
  <trkpt lat="-0.61948727" lon="112.64673184"></trkpt>
  <trkpt lat="-0.61954058" lon="112.64678515"></trkpt>
  <trkpt lat="-0.61959389" lon="112.64673184"></trkpt>
  <trkpt lat="-0.61959389" lon="112.64678515"></trkpt>
  <trkpt lat="-0.61959389" lon="112.64673184"></trkpt>
  <trkpt lat="-0.61954058" lon="112.64667853"></trkpt>
  <trkpt lat="-0.61959389" lon="112.64667853"></trkpt>
  <trkpt lat="-0.61964720" lon="112.64662522"></trkpt>
  <trkpt lat="-0.61964720" lon="112.64657191"></trkpt>
  <trkpt lat="-0.61964720" lon="112.64651860"></trkpt>
  <trkpt lat="-0.61964720" lon="112.64641198"></trkpt>
  <trkpt lat="-0.61964720" lon="112.64635867"></trkpt>
  <trkpt lat="-0.61970050" lon="112.64630537"></trkpt>
  <trkpt lat="-0.61980712" lon="112.64630537"></trkpt>
  <trkpt lat="-0.61986043" lon="112.64625206"></trkpt>
  <trkpt lat="-0.61991374" lon="112.64625206"></trkpt>
  <trkpt lat="-0.61986043" lon="112.64635867"></trkpt>
  <trkpt lat="-0.61991374" lon="112.64630537"></trkpt>
  <trkpt lat="-0.61991374" lon="112.64625206"></trkpt>
  <trkpt lat="-0.61996697" lon="112.64614544"></trkpt>
  <trkpt lat="-0.61996697" lon="112.64609213"></trkpt>
  <trkpt lat="-0.62002027" lon="112.64609213"></trkpt>
  <trkpt lat="-0.62007358" lon="112.64603882"></trkpt>
  <trkpt lat="-0.62012689" lon="112.64609213"></trkpt>
  <trkpt lat="-0.62018020" lon="112.64609213"></trkpt>
  <trkpt lat="-0.62023351" lon="112.64609213"></trkpt>
  <trkpt lat="-0.62028682" lon="112.64603882"></trkpt>
  <trkpt lat="-0.62034013" lon="112.64609213"></trkpt>
  <trkpt lat="-0.62044675" lon="112.64614544"></trkpt>
  <trkpt lat="-0.62050005" lon="112.64609213"></trkpt>
  <trkpt lat="-0.62050005" lon="112.64603882"></trkpt>
  <trkpt lat="-0.62055336" lon="112.64609213"></trkpt>
  <trkpt lat="-0.62055336" lon="112.64614544"></trkpt>
  <trkpt lat="-0.62060667" lon="112.64614544"></trkpt>
  <trkpt lat="-0.62055336" lon="112.64609213"></trkpt>
  <trkpt lat="-0.62055336" lon="112.64619875"></trkpt>
  <trkpt lat="-0.62050005" lon="112.64614544"></trkpt>
  <trkpt lat="-0.62055336" lon="112.64619875"></trkpt>
  <trkpt lat="-0.62055336" lon="112.64614544"></trkpt>
  <trkpt lat="-0.62055336" lon="112.64603882"></trkpt>
  <trkpt lat="-0.62060667" lon="112.64603882"></trkpt>
  <trkpt lat="-0.62065998" lon="112.64598551"></trkpt>
  <trkpt lat="-0.62071329" lon="112.64598551"></trkpt>
  <trkpt lat="-0.62076660" lon="112.64598551"></trkpt>
  <trkpt lat="-0.62081982" lon="112.64598551"></trkpt>
  <trkpt lat="-0.62087313" lon="112.64593220"></trkpt>
  <trkpt lat="-0.62092644" lon="112.64587889"></trkpt>
  <trkpt lat="-0.62087313" lon="112.64582559"></trkpt>
  <trkpt lat="-0.62087313" lon="112.64577236"></trkpt>
  <trkpt lat="-0.62092644" lon="112.64577236"></trkpt>
  <trkpt lat="-0.62097975" lon="112.64571905"></trkpt>
  <trkpt lat="-0.62108637" lon="112.64566566"></trkpt>
  <trkpt lat="-0.62103306" lon="112.64566566"></trkpt>
  <trkpt lat="-0.62097975" lon="112.64566566"></trkpt>
  <trkpt lat="-0.62097975" lon="112.64571905"></trkpt>
  <trkpt lat="-0.62097975" lon="112.64577236"></trkpt>
  <trkpt lat="-0.62092644" lon="112.64577236"></trkpt>
  <trkpt lat="-0.62092644" lon="112.64571905"></trkpt>
  <trkpt lat="-0.62097975" lon="112.64571905"></trkpt>
  <trkpt lat="-0.62103306" lon="112.64571905"></trkpt>
  <trkpt lat="-0.62097975" lon="112.64571905"></trkpt>
  <trkpt lat="-0.62097975" lon="112.64577236"></trkpt>
  <trkpt lat="-0.62097975" lon="112.64571905"></trkpt>
  <trkpt lat="-0.62092644" lon="112.64571905"></trkpt>
  <trkpt lat="-0.62097975" lon="112.64571905"></trkpt>
  <trkpt lat="-0.62103306" lon="112.64571905"></trkpt>
  <trkpt lat="-0.62097975" lon="112.64571905"></trkpt>
  <trkpt lat="-0.62103306" lon="112.64571905"></trkpt>
  <trkpt lat="-0.62097975" lon="112.64577236"></trkpt>
  <trkpt lat="-0.62103306" lon="112.64577236"></trkpt>
  <trkpt lat="-0.62108637" lon="112.64566566"></trkpt>
  <trkpt lat="-0.62097975" lon="112.64571905"></trkpt>
  <trkpt lat="-0.62092644" lon="112.64571905"></trkpt>
  <trkpt lat="-0.62097975" lon="112.64571905"></trkpt>
  <trkpt lat="-0.62097975" lon="112.64577236"></trkpt>
  <trkpt lat="-0.62097975" lon="112.64582559"></trkpt>
  <trkpt lat="-0.62103306" lon="112.64577236"></trkpt>
  <trkpt lat="-0.62097975" lon="112.64582559"></trkpt>
  <trkpt lat="-0.62092644" lon="112.64577236"></trkpt>
  <trkpt lat="-0.62097975" lon="112.64571905"></trkpt>
  <trkpt lat="-0.62103306" lon="112.64566566"></trkpt>
  <trkpt lat="-0.62097975" lon="112.64571905"></trkpt>
  <trkpt lat="-0.62092644" lon="112.64571905"></trkpt>
  <trkpt lat="-0.62092644" lon="112.64566566"></trkpt>
  <trkpt lat="-0.62092644" lon="112.64571905"></trkpt>
  <trkpt lat="-0.62092644" lon="112.64577236"></trkpt>
  <trkpt lat="-0.62092644" lon="112.64571905"></trkpt>
  <trkpt lat="-0.62097975" lon="112.64577236"></trkpt>
  <trkpt lat="-0.62097975" lon="112.64571905"></trkpt>
  <trkpt lat="-0.62092644" lon="112.64571905"></trkpt>
  <trkpt lat="-0.62092644" lon="112.64566566"></trkpt>
  <trkpt lat="-0.62092644" lon="112.64571905"></trkpt>
  <trkpt lat="-0.62097975" lon="112.64571905"></trkpt>
  <trkpt lat="-0.62092644" lon="112.64571905"></trkpt>
  <trkpt lat="-0.62092644" lon="112.64577236"></trkpt>
  <trkpt lat="-0.62097975" lon="112.64571905"></trkpt>
  <trkpt lat="-0.62097975" lon="112.64577236"></trkpt>
  <trkpt lat="-0.62103306" lon="112.64571905"></trkpt>
  <trkpt lat="-0.62103306" lon="112.64577236"></trkpt>
  <trkpt lat="-0.62103306" lon="112.64582559"></trkpt>
  <trkpt lat="-0.62097975" lon="112.64577236"></trkpt>
  <trkpt lat="-0.62097975" lon="112.64571905"></trkpt>
  <trkpt lat="-0.62097975" lon="112.64577236"></trkpt>
  <trkpt lat="-0.62103306" lon="112.64577236"></trkpt>
  <trkpt lat="-0.62103306" lon="112.64571905"></trkpt>
  <trkpt lat="-0.62097975" lon="112.64566566"></trkpt>
  <trkpt lat="-0.62097975" lon="112.64561243"></trkpt>
  <trkpt lat="-0.62092644" lon="112.64566566"></trkpt>
  <trkpt lat="-0.62097975" lon="112.64571905"></trkpt>
  <trkpt lat="-0.62087313" lon="112.64571905"></trkpt>
  <trkpt lat="-0.62092644" lon="112.64566566"></trkpt>
  <trkpt lat="-0.62087313" lon="112.64566566"></trkpt>
  <trkpt lat="-0.62092644" lon="112.64566566"></trkpt>
  <trkpt lat="-0.62092644" lon="112.64571905"></trkpt>
  <trkpt lat="-0.62097975" lon="112.64577236"></trkpt>
  <trkpt lat="-0.62097975" lon="112.64571905"></trkpt>
  <trkpt lat="-0.62092644" lon="112.64571905"></trkpt>
  <trkpt lat="-0.62092644" lon="112.64577236"></trkpt>
  <trkpt lat="-0.62097975" lon="112.64571905"></trkpt>
  <trkpt lat="-0.62103306" lon="112.64571905"></trkpt>
  <trkpt lat="-0.62097975" lon="112.64566566"></trkpt>
  <trkpt lat="-0.62097975" lon="112.64571905"></trkpt>
  <trkpt lat="-0.62092644" lon="112.64566566"></trkpt>
  <trkpt lat="-0.62092644" lon="112.64561243"></trkpt>
  <trkpt lat="-0.62097975" lon="112.64561243"></trkpt>
  <trkpt lat="-0.62097975" lon="112.64566566"></trkpt>
  <trkpt lat="-0.62092644" lon="112.64566566"></trkpt>
  <trkpt lat="-0.62097975" lon="112.64566566"></trkpt>
  <trkpt lat="-0.62092644" lon="112.64561243"></trkpt>
  <trkpt lat="-0.62092644" lon="112.64566566"></trkpt>
  <trkpt lat="-0.62097975" lon="112.64571905"></trkpt>
  <trkpt lat="-0.62092644" lon="112.64566566"></trkpt>
  <trkpt lat="-0.62097975" lon="112.64566566"></trkpt>
  <trkpt lat="-0.62097975" lon="112.64571905"></trkpt>
  <trkpt lat="-0.62092644" lon="112.64566566"></trkpt>
  <trkpt lat="-0.62097975" lon="112.64566566"></trkpt>
  <trkpt lat="-0.62097975" lon="112.64571905"></trkpt>
  <trkpt lat="-0.62092644" lon="112.64571905"></trkpt>
  <trkpt lat="-0.62092644" lon="112.64566566"></trkpt>
  <trkpt lat="-0.62087313" lon="112.64566566"></trkpt>
  <trkpt lat="-0.62092644" lon="112.64566566"></trkpt>
  <trkpt lat="-0.62097975" lon="112.64571905"></trkpt>
  <trkpt lat="-0.62103306" lon="112.64566566"></trkpt>
  <trkpt lat="-0.62097975" lon="112.64566566"></trkpt>
  <trkpt lat="-0.62097975" lon="112.64571905"></trkpt>
  <trkpt lat="-0.62103306" lon="112.64566566"></trkpt>
  <trkpt lat="-0.62097975" lon="112.64561243"></trkpt>
  <trkpt lat="-0.62103306" lon="112.64561243"></trkpt>
  <trkpt lat="-0.62103306" lon="112.64566566"></trkpt>
  <trkpt lat="-0.62097975" lon="112.64566566"></trkpt>
  <trkpt lat="-0.62092644" lon="112.64561243"></trkpt>
  <trkpt lat="-0.62092644" lon="112.64566566"></trkpt>
  <trkpt lat="-0.62097975" lon="112.64566566"></trkpt>
  <trkpt lat="-0.62097975" lon="112.64561243"></trkpt>
  <trkpt lat="-0.62092644" lon="112.64561243"></trkpt>
  <trkpt lat="-0.62092644" lon="112.64571905"></trkpt>
  <trkpt lat="-0.62092644" lon="112.64561243"></trkpt>
  <trkpt lat="-0.62097975" lon="112.64561243"></trkpt>
  <trkpt lat="-0.62103306" lon="112.64566566"></trkpt>
  <trkpt lat="-0.62108637" lon="112.64571905"></trkpt>
  <trkpt lat="-0.62113968" lon="112.64571905"></trkpt>
  <trkpt lat="-0.62108637" lon="112.64577236"></trkpt>
  <trkpt lat="-0.62103306" lon="112.64571905"></trkpt>
  <trkpt lat="-0.62108637" lon="112.64571905"></trkpt>
  <trkpt lat="-0.62108637" lon="112.64577236"></trkpt>
  <trkpt lat="-0.62103306" lon="112.64577236"></trkpt>
  <trkpt lat="-0.62103306" lon="112.64566566"></trkpt>
  <trkpt lat="-0.62113968" lon="112.64561243"></trkpt>
  <trkpt lat="-0.62119299" lon="112.64561243"></trkpt>
  <trkpt lat="-0.62113968" lon="112.64561243"></trkpt>
  <trkpt lat="-0.62108637" lon="112.64571905"></trkpt>
  <trkpt lat="-0.62103306" lon="112.64571905"></trkpt>
  <trkpt lat="-0.62103306" lon="112.64577236"></trkpt>
  <trkpt lat="-0.62103306" lon="112.64571905"></trkpt>
  <trkpt lat="-0.62108637" lon="112.64571905"></trkpt>
  <trkpt lat="-0.62108637" lon="112.64577236"></trkpt>
  <trkpt lat="-0.62108637" lon="112.64571905"></trkpt>
  <trkpt lat="-0.62108637" lon="112.64577236"></trkpt>
  <trkpt lat="-0.62108637" lon="112.64566566"></trkpt>
  <trkpt lat="-0.62113968" lon="112.64566566"></trkpt>
  <trkpt lat="-0.62108637" lon="112.64571905"></trkpt>
  <trkpt lat="-0.62113968" lon="112.64566566"></trkpt>
  <trkpt lat="-0.62113968" lon="112.64571905"></trkpt>
  <trkpt lat="-0.62113968" lon="112.64577236"></trkpt>
  <trkpt lat="-0.62113968" lon="112.64571905"></trkpt>
  <trkpt lat="-0.62108637" lon="112.64566566"></trkpt>
  <trkpt lat="-0.62108637" lon="112.64561243"></trkpt>
  <trkpt lat="-0.62108637" lon="112.64566566"></trkpt>
  <trkpt lat="-0.62103306" lon="112.64571905"></trkpt>
  <trkpt lat="-0.62103306" lon="112.64566566"></trkpt>
  <trkpt lat="-0.62113968" lon="112.64566566"></trkpt>
  <trkpt lat="-0.62119299" lon="112.64566566"></trkpt>
  <trkpt lat="-0.62124630" lon="112.64571905"></trkpt>
  <trkpt lat="-0.62129960" lon="112.64571905"></trkpt>
  <trkpt lat="-0.62135291" lon="112.64577236"></trkpt>
  <trkpt lat="-0.62145953" lon="112.64571905"></trkpt>
  <trkpt lat="-0.62151284" lon="112.64571905"></trkpt>
  <trkpt lat="-0.62167268" lon="112.64577236"></trkpt>
  <trkpt lat="-0.62172599" lon="112.64571905"></trkpt>
  <trkpt lat="-0.62177930" lon="112.64571905"></trkpt>
  <trkpt lat="-0.62183261" lon="112.64571905"></trkpt>
  <trkpt lat="-0.62193923" lon="112.64571905"></trkpt>
  <trkpt lat="-0.62199254" lon="112.64571905"></trkpt>
  <trkpt lat="-0.62209915" lon="112.64577236"></trkpt>
  <trkpt lat="-0.62215246" lon="112.64577236"></trkpt>
  <trkpt lat="-0.62220577" lon="112.64582559"></trkpt>
  <trkpt lat="-0.62225908" lon="112.64587889"></trkpt>
  <trkpt lat="-0.62236570" lon="112.64587889"></trkpt>
  <trkpt lat="-0.62241901" lon="112.64587889"></trkpt>
  <trkpt lat="-0.62252554" lon="112.64593220"></trkpt>
  <trkpt lat="-0.62257885" lon="112.64587889"></trkpt>
  <trkpt lat="-0.62263216" lon="112.64587889"></trkpt>
  <trkpt lat="-0.62268547" lon="112.64587889"></trkpt>
  <trkpt lat="-0.62273878" lon="112.64582559"></trkpt>
  <trkpt lat="-0.62279209" lon="112.64587889"></trkpt>
  <trkpt lat="-0.62284539" lon="112.64582559"></trkpt>
  <trkpt lat="-0.62289870" lon="112.64577236"></trkpt>
  <trkpt lat="-0.62295201" lon="112.64571905"></trkpt>
  <trkpt lat="-0.62300532" lon="112.64577236"></trkpt>
  <trkpt lat="-0.62300532" lon="112.64571905"></trkpt>
  <trkpt lat="-0.62305863" lon="112.64571905"></trkpt>
  <trkpt lat="-0.62311194" lon="112.64566566"></trkpt>
  <trkpt lat="-0.62316525" lon="112.64566566"></trkpt>
  <trkpt lat="-0.62327187" lon="112.64561243"></trkpt>
  <trkpt lat="-0.62321856" lon="112.64555912"></trkpt>
  <trkpt lat="-0.62327187" lon="112.64555912"></trkpt>
  <trkpt lat="-0.62332517" lon="112.64555912"></trkpt>
  <trkpt lat="-0.62332517" lon="112.64550582"></trkpt>
  <trkpt lat="-0.62337840" lon="112.64539920"></trkpt>
  <trkpt lat="-0.62348502" lon="112.64545251"></trkpt>
  <trkpt lat="-0.62348502" lon="112.64539920"></trkpt>
  <trkpt lat="-0.62353833" lon="112.64534589"></trkpt>
  <trkpt lat="-0.62353833" lon="112.64529258"></trkpt>
  <trkpt lat="-0.62359164" lon="112.64534589"></trkpt>
  <trkpt lat="-0.62369825" lon="112.64534589"></trkpt>
  <trkpt lat="-0.62375156" lon="112.64539920"></trkpt>
  <trkpt lat="-0.62385818" lon="112.64539920"></trkpt>
  <trkpt lat="-0.62391149" lon="112.64539920"></trkpt>
  <trkpt lat="-0.62396480" lon="112.64534589"></trkpt>
  <trkpt lat="-0.62401811" lon="112.64539920"></trkpt>
  <trkpt lat="-0.62407142" lon="112.64539920"></trkpt>
  <trkpt lat="-0.62407142" lon="112.64545251"></trkpt>
  <trkpt lat="-0.62412472" lon="112.64550582"></trkpt>
  <trkpt lat="-0.62412472" lon="112.64555912"></trkpt>
  <trkpt lat="-0.62417803" lon="112.64555912"></trkpt>
  <trkpt lat="-0.62423126" lon="112.64561243"></trkpt>
  <trkpt lat="-0.62439119" lon="112.64561243"></trkpt>
  <trkpt lat="-0.62433788" lon="112.64555912"></trkpt>
  <trkpt lat="-0.62439119" lon="112.64561243"></trkpt>
  <trkpt lat="-0.62433788" lon="112.64561243"></trkpt>
  <trkpt lat="-0.62439119" lon="112.64561243"></trkpt>
  <trkpt lat="-0.62433788" lon="112.64561243"></trkpt>
  <trkpt lat="-0.62433788" lon="112.64566566"></trkpt>
  <trkpt lat="-0.62439119" lon="112.64566566"></trkpt>
  <trkpt lat="-0.62433788" lon="112.64566566"></trkpt>
  <trkpt lat="-0.62433788" lon="112.64561243"></trkpt>
  <trkpt lat="-0.62433788" lon="112.64555912"></trkpt>
  <trkpt lat="-0.62439119" lon="112.64555912"></trkpt>
  <trkpt lat="-0.62433788" lon="112.64561243"></trkpt>
  <trkpt lat="-0.62439119" lon="112.64566566"></trkpt>
  <trkpt lat="-0.62433788" lon="112.64566566"></trkpt>
  <trkpt lat="-0.62433788" lon="112.64561243"></trkpt>
  <trkpt lat="-0.62428465" lon="112.64555912"></trkpt>
  <trkpt lat="-0.62423126" lon="112.64561243"></trkpt>
  <trkpt lat="-0.62428465" lon="112.64561243"></trkpt>
  <trkpt lat="-0.62439119" lon="112.64566566"></trkpt>
  <trkpt lat="-0.62444449" lon="112.64566566"></trkpt>
  <trkpt lat="-0.62455111" lon="112.64571905"></trkpt>
  <trkpt lat="-0.62460442" lon="112.64571905"></trkpt>
  <trkpt lat="-0.62465773" lon="112.64577236"></trkpt>
  <trkpt lat="-0.62476435" lon="112.64582559"></trkpt>
  <trkpt lat="-0.62481766" lon="112.64582559"></trkpt>
  <trkpt lat="-0.62487097" lon="112.64587889"></trkpt>
  <trkpt lat="-0.62503089" lon="112.64593220"></trkpt>
  <trkpt lat="-0.62513751" lon="112.64603882"></trkpt>
  <trkpt lat="-0.62519073" lon="112.64603882"></trkpt>
  <trkpt lat="-0.62524404" lon="112.64609213"></trkpt>
  <trkpt lat="-0.62540397" lon="112.64609213"></trkpt>
  <trkpt lat="-0.62545728" lon="112.64614544"></trkpt>
  <trkpt lat="-0.62556390" lon="112.64609213"></trkpt>
  <trkpt lat="-0.62567052" lon="112.64619875"></trkpt>
  <trkpt lat="-0.62572382" lon="112.64619875"></trkpt>
  <trkpt lat="-0.62583044" lon="112.64625206"></trkpt>
  <trkpt lat="-0.62593706" lon="112.64630537"></trkpt>
  <trkpt lat="-0.62599037" lon="112.64635867"></trkpt>
  <trkpt lat="-0.62604359" lon="112.64641198"></trkpt>
  <trkpt lat="-0.62609690" lon="112.64646529"></trkpt>
  <trkpt lat="-0.62620352" lon="112.64651860"></trkpt>
  <trkpt lat="-0.62631014" lon="112.64651860"></trkpt>
  <trkpt lat="-0.62641676" lon="112.64657191"></trkpt>
  <trkpt lat="-0.62647006" lon="112.64657191"></trkpt>
  <trkpt lat="-0.62652337" lon="112.64662522"></trkpt>
  <trkpt lat="-0.62662999" lon="112.64662522"></trkpt>
  <trkpt lat="-0.62668330" lon="112.64667853"></trkpt>
  <trkpt lat="-0.62673661" lon="112.64673184"></trkpt>
  <trkpt lat="-0.62684323" lon="112.64678515"></trkpt>
  <trkpt lat="-0.62689645" lon="112.64678515"></trkpt>
  <trkpt lat="-0.62705638" lon="112.64683845"></trkpt>
  <trkpt lat="-0.62716300" lon="112.64683845"></trkpt>
  <trkpt lat="-0.62721631" lon="112.64683845"></trkpt>
  <trkpt lat="-0.62737623" lon="112.64683845"></trkpt>
  <trkpt lat="-0.62748285" lon="112.64683845"></trkpt>
  <trkpt lat="-0.62758947" lon="112.64678515"></trkpt>
  <trkpt lat="-0.62764278" lon="112.64683845"></trkpt>
  <trkpt lat="-0.62769609" lon="112.64678515"></trkpt>
  <trkpt lat="-0.62780262" lon="112.64678515"></trkpt>
  <trkpt lat="-0.62790924" lon="112.64678515"></trkpt>
  <trkpt lat="-0.62806916" lon="112.64678515"></trkpt>
  <trkpt lat="-0.62817578" lon="112.64683845"></trkpt>
  <trkpt lat="-0.62822909" lon="112.64683845"></trkpt>
  <trkpt lat="-0.62828240" lon="112.64683845"></trkpt>
  <trkpt lat="-0.62833571" lon="112.64689176"></trkpt>
  <trkpt lat="-0.62838902" lon="112.64689176"></trkpt>
  <trkpt lat="-0.62844233" lon="112.64689176"></trkpt>
  <trkpt lat="-0.62849564" lon="112.64689176"></trkpt>
  <trkpt lat="-0.62854894" lon="112.64689176"></trkpt>
  <trkpt lat="-0.62860217" lon="112.64694507"></trkpt>
  <trkpt lat="-0.62870879" lon="112.64694507"></trkpt>
  <trkpt lat="-0.62881541" lon="112.64689176"></trkpt>
  <trkpt lat="-0.62892202" lon="112.64694507"></trkpt>
  <trkpt lat="-0.62897533" lon="112.64689176"></trkpt>
  <trkpt lat="-0.62908195" lon="112.64694507"></trkpt>
  <trkpt lat="-0.62918857" lon="112.64689176"></trkpt>
  <trkpt lat="-0.62924188" lon="112.64689176"></trkpt>
  <trkpt lat="-0.62934849" lon="112.64694507"></trkpt>
  <trkpt lat="-0.62940180" lon="112.64699838"></trkpt>
  <trkpt lat="-0.62956165" lon="112.64699838"></trkpt>
  <trkpt lat="-0.62966826" lon="112.64699838"></trkpt>
  <trkpt lat="-0.62977488" lon="112.64699838"></trkpt>
  <trkpt lat="-0.62982819" lon="112.64705169"></trkpt>
  <trkpt lat="-0.62988150" lon="112.64705169"></trkpt>
  <trkpt lat="-0.62998812" lon="112.64705169"></trkpt>
  <trkpt lat="-0.63004143" lon="112.64705169"></trkpt>
  <trkpt lat="-0.63009473" lon="112.64705169"></trkpt>
  <trkpt lat="-0.63020135" lon="112.64710500"></trkpt>
  <trkpt lat="-0.63030797" lon="112.64721162"></trkpt>
  <trkpt lat="-0.63030797" lon="112.64726493"></trkpt>
  <trkpt lat="-0.63041450" lon="112.64721162"></trkpt>
  <trkpt lat="-0.63052112" lon="112.64731823"></trkpt>
  <trkpt lat="-0.63057443" lon="112.64731823"></trkpt>
  <trkpt lat="-0.63068105" lon="112.64731823"></trkpt>
  <trkpt lat="-0.63073436" lon="112.64737154"></trkpt>
  <trkpt lat="-0.63084098" lon="112.64742485"></trkpt>
  <trkpt lat="-0.63094759" lon="112.64742485"></trkpt>
  <trkpt lat="-0.63100090" lon="112.64753147"></trkpt>
  <trkpt lat="-0.63105421" lon="112.64753147"></trkpt>
  <trkpt lat="-0.63110752" lon="112.64758478"></trkpt>
  <trkpt lat="-0.63121414" lon="112.64763809"></trkpt>
  <trkpt lat="-0.63126736" lon="112.64769140"></trkpt>
  <trkpt lat="-0.63137398" lon="112.64769140"></trkpt>
  <trkpt lat="-0.63142729" lon="112.64774471"></trkpt>
  <trkpt lat="-0.63148060" lon="112.64774471"></trkpt>
  <trkpt lat="-0.63153391" lon="112.64774471"></trkpt>
  <trkpt lat="-0.63164053" lon="112.64779801"></trkpt>
  <trkpt lat="-0.63169383" lon="112.64785132"></trkpt>
  <trkpt lat="-0.63180045" lon="112.64785132"></trkpt>
  <trkpt lat="-0.63201369" lon="112.64790463"></trkpt>
  <trkpt lat="-0.63206700" lon="112.64790463"></trkpt>
  <trkpt lat="-0.63217353" lon="112.64790463"></trkpt>
  <trkpt lat="-0.63228015" lon="112.64790463"></trkpt>
  <trkpt lat="-0.63233346" lon="112.64795794"></trkpt>
  <trkpt lat="-0.63244008" lon="112.64795794"></trkpt>
  <trkpt lat="-0.63254669" lon="112.64790463"></trkpt>
  <trkpt lat="-0.63260000" lon="112.64790463"></trkpt>
  <trkpt lat="-0.63265331" lon="112.64790463"></trkpt>
  <trkpt lat="-0.63270662" lon="112.64790463"></trkpt>
  <trkpt lat="-0.63275993" lon="112.64795794"></trkpt>
  <trkpt lat="-0.63281324" lon="112.64795794"></trkpt>
  <trkpt lat="-0.63286655" lon="112.64795794"></trkpt>
  <trkpt lat="-0.63291986" lon="112.64795794"></trkpt>
  <trkpt lat="-0.63302639" lon="112.64795794"></trkpt>
  <trkpt lat="-0.63307970" lon="112.64795794"></trkpt>
  <trkpt lat="-0.63307970" lon="112.64801125"></trkpt>
  <trkpt lat="-0.63313301" lon="112.64801125"></trkpt>
  <trkpt lat="-0.63318632" lon="112.64801125"></trkpt>
  <trkpt lat="-0.63323963" lon="112.64801125"></trkpt>
  <trkpt lat="-0.63334624" lon="112.64801125"></trkpt>
  <trkpt lat="-0.63345286" lon="112.64801125"></trkpt>
  <trkpt lat="-0.63350617" lon="112.64801125"></trkpt>
  <trkpt lat="-0.63355948" lon="112.64801125"></trkpt>
  <trkpt lat="-0.63366610" lon="112.64795794"></trkpt>
  <trkpt lat="-0.63371941" lon="112.64795794"></trkpt>
  <trkpt lat="-0.63377271" lon="112.64795794"></trkpt>
  <trkpt lat="-0.63393256" lon="112.64790463"></trkpt>
  <trkpt lat="-0.63403917" lon="112.64790463"></trkpt>
  <trkpt lat="-0.63409248" lon="112.64790463"></trkpt>
  <trkpt lat="-0.63425241" lon="112.64795794"></trkpt>
  <trkpt lat="-0.63435903" lon="112.64795794"></trkpt>
  <trkpt lat="-0.63441234" lon="112.64801125"></trkpt>
  <trkpt lat="-0.63451895" lon="112.64801125"></trkpt>
  <trkpt lat="-0.63462557" lon="112.64801125"></trkpt>
  <trkpt lat="-0.63467888" lon="112.64801125"></trkpt>
  <trkpt lat="-0.63478542" lon="112.64801125"></trkpt>
  <trkpt lat="-0.63494534" lon="112.64795794"></trkpt>
  <trkpt lat="-0.63499865" lon="112.64795794"></trkpt>
  <trkpt lat="-0.63515858" lon="112.64795794"></trkpt>
  <trkpt lat="-0.63526520" lon="112.64795794"></trkpt>
  <trkpt lat="-0.63537181" lon="112.64806456"></trkpt>
  <trkpt lat="-0.63547843" lon="112.64806456"></trkpt>
  <trkpt lat="-0.63558497" lon="112.64811787"></trkpt>
  <trkpt lat="-0.63563827" lon="112.64811787"></trkpt>
  <trkpt lat="-0.63569158" lon="112.64811787"></trkpt>
  <trkpt lat="-0.63574489" lon="112.64817118"></trkpt>
  <trkpt lat="-0.63585151" lon="112.64817118"></trkpt>
  <trkpt lat="-0.63590482" lon="112.64817118"></trkpt>
  <trkpt lat="-0.63601144" lon="112.64817118"></trkpt>
  <trkpt lat="-0.63606475" lon="112.64822449"></trkpt>
  <trkpt lat="-0.63611805" lon="112.64822449"></trkpt>
  <trkpt lat="-0.63622467" lon="112.64827779"></trkpt>
  <trkpt lat="-0.63627798" lon="112.64833110"></trkpt>
  <trkpt lat="-0.63633129" lon="112.64827779"></trkpt>
  <trkpt lat="-0.63638460" lon="112.64838441"></trkpt>
  <trkpt lat="-0.63638460" lon="112.64849103"></trkpt>
  <trkpt lat="-0.63638460" lon="112.64854434"></trkpt>
  <trkpt lat="-0.63643782" lon="112.64865096"></trkpt>
  <trkpt lat="-0.63654444" lon="112.64875749"></trkpt>
  <trkpt lat="-0.63654444" lon="112.64886411"></trkpt>
  <trkpt lat="-0.63654444" lon="112.64897073"></trkpt>
  <trkpt lat="-0.63649113" lon="112.64907734"></trkpt>
  <trkpt lat="-0.63649113" lon="112.64923727"></trkpt>
  <trkpt lat="-0.63659775" lon="112.64934389"></trkpt>
  <trkpt lat="-0.63654444" lon="112.64939720"></trkpt>
  <trkpt lat="-0.63654444" lon="112.64950382"></trkpt>
  <trkpt lat="-0.63654444" lon="112.64955712"></trkpt>
  <trkpt lat="-0.63654444" lon="112.64966374"></trkpt>
  <trkpt lat="-0.63654444" lon="112.64977036"></trkpt>
  <trkpt lat="-0.63649113" lon="112.64987698"></trkpt>
  <trkpt lat="-0.63654444" lon="112.64998360"></trkpt>
  <trkpt lat="-0.63654444" lon="112.65003690"></trkpt>
  <trkpt lat="-0.63665106" lon="112.65019683"></trkpt>
  <trkpt lat="-0.63665106" lon="112.65025014"></trkpt>
  <trkpt lat="-0.63670437" lon="112.65025014"></trkpt>
  <trkpt lat="-0.63670437" lon="112.65030345"></trkpt>
  <trkpt lat="-0.63670437" lon="112.65046338"></trkpt>
  <trkpt lat="-0.63681099" lon="112.65056999"></trkpt>
  <trkpt lat="-0.63681099" lon="112.65062330"></trkpt>
  <trkpt lat="-0.63686430" lon="112.65067661"></trkpt>
  <trkpt lat="-0.63691760" lon="112.65067661"></trkpt>
  <trkpt lat="-0.63691760" lon="112.65078323"></trkpt>
  <trkpt lat="-0.63686430" lon="112.65088985"></trkpt>
  <trkpt lat="-0.63691760" lon="112.65099647"></trkpt>
  <trkpt lat="-0.63697091" lon="112.65115639"></trkpt>
  <trkpt lat="-0.63702422" lon="112.65126301"></trkpt>
  <trkpt lat="-0.63713084" lon="112.65136963"></trkpt>
  <trkpt lat="-0.63718415" lon="112.65147625"></trkpt>
  <trkpt lat="-0.63729068" lon="112.65152955"></trkpt>
  <trkpt lat="-0.63739730" lon="112.65163609"></trkpt>
  <trkpt lat="-0.63750392" lon="112.65168948"></trkpt>
  <trkpt lat="-0.63761054" lon="112.65179601"></trkpt>
  <trkpt lat="-0.63761054" lon="112.65184932"></trkpt>
  <trkpt lat="-0.63761054" lon="112.65190263"></trkpt>
  <trkpt lat="-0.63761054" lon="112.65195594"></trkpt>
  <trkpt lat="-0.63755723" lon="112.65195594"></trkpt>
  <trkpt lat="-0.63755723" lon="112.65184932"></trkpt>
  <trkpt lat="-0.63755723" lon="112.65190263"></trkpt>
  <trkpt lat="-0.63750392" lon="112.65195594"></trkpt>
  <trkpt lat="-0.63750392" lon="112.65190263"></trkpt>
  <trkpt lat="-0.63755723" lon="112.65190263"></trkpt>
  <trkpt lat="-0.63761054" lon="112.65200925"></trkpt>
  <trkpt lat="-0.63761054" lon="112.65195594"></trkpt>
  <trkpt lat="-0.63761054" lon="112.65190263"></trkpt>
  <trkpt lat="-0.63761054" lon="112.65195594"></trkpt>
  <trkpt lat="-0.63761054" lon="112.65190263"></trkpt>
  <trkpt lat="-0.63771715" lon="112.65195594"></trkpt>
  <trkpt lat="-0.63761054" lon="112.65200925"></trkpt>
  <trkpt lat="-0.63755723" lon="112.65190263"></trkpt>
  <trkpt lat="-0.63761054" lon="112.65190263"></trkpt>
  <trkpt lat="-0.63755723" lon="112.65184932"></trkpt>
  <trkpt lat="-0.63755723" lon="112.65190263"></trkpt>
  <trkpt lat="-0.63761054" lon="112.65195594"></trkpt>
  <trkpt lat="-0.63750392" lon="112.65190263"></trkpt>
  <trkpt lat="-0.63755723" lon="112.65195594"></trkpt>
  <trkpt lat="-0.63761054" lon="112.65195594"></trkpt>
  <trkpt lat="-0.63755723" lon="112.65195594"></trkpt>
  <trkpt lat="-0.63761054" lon="112.65195594"></trkpt>
  <trkpt lat="-0.63755723" lon="112.65195594"></trkpt>
  <trkpt lat="-0.63761054" lon="112.65195594"></trkpt>
  <trkpt lat="-0.63755723" lon="112.65195594"></trkpt>
  <trkpt lat="-0.63761054" lon="112.65195594"></trkpt>
  <trkpt lat="-0.63766384" lon="112.65195594"></trkpt>
  <trkpt lat="-0.63761054" lon="112.65195594"></trkpt>
  <trkpt lat="-0.63761054" lon="112.65190263"></trkpt>
  <trkpt lat="-0.63766384" lon="112.65195594"></trkpt>
  <trkpt lat="-0.63766384" lon="112.65190263"></trkpt>
  <trkpt lat="-0.63761054" lon="112.65195594"></trkpt>
  <trkpt lat="-0.63766384" lon="112.65190263"></trkpt>
  <trkpt lat="-0.63771715" lon="112.65195594"></trkpt>
  <trkpt lat="-0.63777046" lon="112.65200925"></trkpt>
  <trkpt lat="-0.63787708" lon="112.65206256"></trkpt>
  <trkpt lat="-0.63793039" lon="112.65211587"></trkpt>
  <trkpt lat="-0.63798370" lon="112.65222249"></trkpt>
  <trkpt lat="-0.63803701" lon="112.65238241"></trkpt>
  <trkpt lat="-0.63803701" lon="112.65248903"></trkpt>
  <trkpt lat="-0.63809032" lon="112.65254234"></trkpt>
  <trkpt lat="-0.63809032" lon="112.65264896"></trkpt>
  <trkpt lat="-0.63814354" lon="112.65275558"></trkpt>
  <trkpt lat="-0.63825016" lon="112.65291550"></trkpt>
  <trkpt lat="-0.63830347" lon="112.65296881"></trkpt>
  <trkpt lat="-0.63835678" lon="112.65307543"></trkpt>
  <trkpt lat="-0.63835678" lon="112.65312874"></trkpt>
  <trkpt lat="-0.63841009" lon="112.65318205"></trkpt>
  <trkpt lat="-0.63846339" lon="112.65328866"></trkpt>
  <trkpt lat="-0.63851670" lon="112.65339528"></trkpt>
  <trkpt lat="-0.63857001" lon="112.65350190"></trkpt>
  <trkpt lat="-0.63862332" lon="112.65360852"></trkpt>
  <trkpt lat="-0.63867663" lon="112.65371514"></trkpt>
  <trkpt lat="-0.63872994" lon="112.65376844"></trkpt>
  <trkpt lat="-0.63878325" lon="112.65382175"></trkpt>
  <trkpt lat="-0.63888987" lon="112.65387506"></trkpt>
  <trkpt lat="-0.63899640" lon="112.65392837"></trkpt>
  <trkpt lat="-0.63910302" lon="112.65398168"></trkpt>
  <trkpt lat="-0.63915633" lon="112.65392837"></trkpt>
  <trkpt lat="-0.63926294" lon="112.65398168"></trkpt>
  <trkpt lat="-0.63936956" lon="112.65403499"></trkpt>
  <trkpt lat="-0.63947618" lon="112.65408830"></trkpt>
  <trkpt lat="-0.63963611" lon="112.65414161"></trkpt>
  <trkpt lat="-0.63974272" lon="112.65419492"></trkpt>
  <trkpt lat="-0.63984926" lon="112.65424822"></trkpt>
  <trkpt lat="-0.64000919" lon="112.65435484"></trkpt>
  <trkpt lat="-0.64006249" lon="112.65440815"></trkpt>
  <trkpt lat="-0.64011580" lon="112.65440815"></trkpt>
  <trkpt lat="-0.64027573" lon="112.65446146"></trkpt>
  <trkpt lat="-0.64038235" lon="112.65451477"></trkpt>
  <trkpt lat="-0.64048897" lon="112.65456808"></trkpt>
  <trkpt lat="-0.64054227" lon="112.65456808"></trkpt>
  <trkpt lat="-0.64064889" lon="112.65467461"></trkpt>
  <trkpt lat="-0.64064889" lon="112.65472792"></trkpt>
  <trkpt lat="-0.64070220" lon="112.65478123"></trkpt>
  <trkpt lat="-0.64080874" lon="112.65478123"></trkpt>
  <trkpt lat="-0.64091535" lon="112.65483454"></trkpt>
  <trkpt lat="-0.64102197" lon="112.65483454"></trkpt>
  <trkpt lat="-0.64112859" lon="112.65483454"></trkpt>
  <trkpt lat="-0.64123521" lon="112.65488785"></trkpt>
  <trkpt lat="-0.64134182" lon="112.65488785"></trkpt>
  <trkpt lat="-0.64144844" lon="112.65483454"></trkpt>
  <trkpt lat="-0.64150175" lon="112.65488785"></trkpt>
  <trkpt lat="-0.64160837" lon="112.65483454"></trkpt>
  <trkpt lat="-0.64166159" lon="112.65478123"></trkpt>
  <trkpt lat="-0.64176821" lon="112.65478123"></trkpt>
  <trkpt lat="-0.64182152" lon="112.65478123"></trkpt>
  <trkpt lat="-0.64198145" lon="112.65478123"></trkpt>
  <trkpt lat="-0.64203476" lon="112.65483454"></trkpt>
  <trkpt lat="-0.64214137" lon="112.65483454"></trkpt>
  <trkpt lat="-0.64219468" lon="112.65483454"></trkpt>
  <trkpt lat="-0.64224799" lon="112.65488785"></trkpt>
  <trkpt lat="-0.64230130" lon="112.65488785"></trkpt>
  <trkpt lat="-0.64240792" lon="112.65488785"></trkpt>
  <trkpt lat="-0.64251445" lon="112.65488785"></trkpt>
  <trkpt lat="-0.64262107" lon="112.65488785"></trkpt>
  <trkpt lat="-0.64272769" lon="112.65494116"></trkpt>
  <trkpt lat="-0.64283431" lon="112.65488785"></trkpt>
  <trkpt lat="-0.64288761" lon="112.65483454"></trkpt>
  <trkpt lat="-0.64294092" lon="112.65488785"></trkpt>
  <trkpt lat="-0.64299423" lon="112.65483454"></trkpt>
  <trkpt lat="-0.64299423" lon="112.65488785"></trkpt>
  <trkpt lat="-0.64304754" lon="112.65499447"></trkpt>
  <trkpt lat="-0.64304754" lon="112.65504777"></trkpt>
  <trkpt lat="-0.64315416" lon="112.65510108"></trkpt>
  <trkpt lat="-0.64326078" lon="112.65510108"></trkpt>
  <trkpt lat="-0.64336731" lon="112.65510108"></trkpt>
  <trkpt lat="-0.64342062" lon="112.65504777"></trkpt>
  <trkpt lat="-0.64347393" lon="112.65504777"></trkpt>
  <trkpt lat="-0.64347393" lon="112.65510108"></trkpt>
  <trkpt lat="-0.64358055" lon="112.65515439"></trkpt>
  <trkpt lat="-0.64363386" lon="112.65520770"></trkpt>
  <trkpt lat="-0.64368716" lon="112.65526101"></trkpt>
  <trkpt lat="-0.64374047" lon="112.65536763"></trkpt>
  <trkpt lat="-0.64379378" lon="112.65542094"></trkpt>
  <trkpt lat="-0.64390040" lon="112.65547425"></trkpt>
  <trkpt lat="-0.64395371" lon="112.65552755"></trkpt>
  <trkpt lat="-0.64400702" lon="112.65558086"></trkpt>
  <trkpt lat="-0.64406033" lon="112.65568748"></trkpt>
  <trkpt lat="-0.64411364" lon="112.65574079"></trkpt>
  <trkpt lat="-0.64422017" lon="112.65579410"></trkpt>
  <trkpt lat="-0.64432679" lon="112.65579410"></trkpt>
  <trkpt lat="-0.64438010" lon="112.65584741"></trkpt>
  <trkpt lat="-0.64448671" lon="112.65584741"></trkpt>
  <trkpt lat="-0.64454002" lon="112.65590072"></trkpt>
  <trkpt lat="-0.64459333" lon="112.65595403"></trkpt>
  <trkpt lat="-0.64459333" lon="112.65606064"></trkpt>
  <trkpt lat="-0.64464664" lon="112.65611395"></trkpt>
  <trkpt lat="-0.64464664" lon="112.65622057"></trkpt>
  <trkpt lat="-0.64475326" lon="112.65627388"></trkpt>
  <trkpt lat="-0.64480657" lon="112.65632719"></trkpt>
  <trkpt lat="-0.64485988" lon="112.65632719"></trkpt>
  <trkpt lat="-0.64496649" lon="112.65638050"></trkpt>
  <trkpt lat="-0.64507303" lon="112.65638050"></trkpt>
  <trkpt lat="-0.64523295" lon="112.65632719"></trkpt>
  <trkpt lat="-0.64528626" lon="112.65632719"></trkpt>
  <trkpt lat="-0.64544619" lon="112.65632719"></trkpt>
  <trkpt lat="-0.64555281" lon="112.65632719"></trkpt>
  <trkpt lat="-0.64565943" lon="112.65632719"></trkpt>
  <trkpt lat="-0.64576604" lon="112.65632719"></trkpt>
  <trkpt lat="-0.64581935" lon="112.65632719"></trkpt>
  <trkpt lat="-0.64597928" lon="112.65632719"></trkpt>
  <trkpt lat="-0.64608581" lon="112.65632719"></trkpt>
  <trkpt lat="-0.64619243" lon="112.65638050"></trkpt>
  <trkpt lat="-0.64624574" lon="112.65638050"></trkpt>
  <trkpt lat="-0.64629905" lon="112.65638050"></trkpt>
  <trkpt lat="-0.64635236" lon="112.65632719"></trkpt>
  <trkpt lat="-0.64640567" lon="112.65632719"></trkpt>
  <trkpt lat="-0.64651228" lon="112.65632719"></trkpt>
  <trkpt lat="-0.64661890" lon="112.65627388"></trkpt>
  <trkpt lat="-0.64667221" lon="112.65627388"></trkpt>
  <trkpt lat="-0.64672552" lon="112.65627388"></trkpt>
  <trkpt lat="-0.64677883" lon="112.65638050"></trkpt>
  <trkpt lat="-0.64677883" lon="112.65632719"></trkpt>
  <trkpt lat="-0.64683214" lon="112.65632719"></trkpt>
  <trkpt lat="-0.64688536" lon="112.65632719"></trkpt>
  <trkpt lat="-0.64693867" lon="112.65627388"></trkpt>
  <trkpt lat="-0.64699198" lon="112.65622057"></trkpt>
  <trkpt lat="-0.64704529" lon="112.65622057"></trkpt>
  <trkpt lat="-0.64709860" lon="112.65622057"></trkpt>
  <trkpt lat="-0.64720522" lon="112.65622057"></trkpt>
  <trkpt lat="-0.64731183" lon="112.65616726"></trkpt>
  <trkpt lat="-0.64741845" lon="112.65616726"></trkpt>
  <trkpt lat="-0.64741845" lon="112.65622057"></trkpt>
  <trkpt lat="-0.64736514" lon="112.65622057"></trkpt>
  <trkpt lat="-0.64731183" lon="112.65627388"></trkpt>
  <trkpt lat="-0.64736514" lon="112.65627388"></trkpt>
  <trkpt lat="-0.64731183" lon="112.65627388"></trkpt>
  <trkpt lat="-0.64736514" lon="112.65627388"></trkpt>
  <trkpt lat="-0.64741845" lon="112.65632719"></trkpt>
  <trkpt lat="-0.64741845" lon="112.65627388"></trkpt>
  <trkpt lat="-0.64736514" lon="112.65616726"></trkpt>
 </trkseg>
</trk>
<trk>
 <name>4 016</name>
 <trkseg>
  <trkpt lat="-0.64735240" lon="112.65619174"></trkpt>
  <trkpt lat="-0.64729909" lon="112.65624505"></trkpt>
  <trkpt lat="-0.64729909" lon="112.65629835"></trkpt>
  <trkpt lat="-0.64735240" lon="112.65629835"></trkpt>
  <trkpt lat="-0.64740571" lon="112.65629835"></trkpt>
  <trkpt lat="-0.64735240" lon="112.65629835"></trkpt>
  <trkpt lat="-0.64740571" lon="112.65624505"></trkpt>
  <trkpt lat="-0.64729909" lon="112.65629835"></trkpt>
  <trkpt lat="-0.64735240" lon="112.65624505"></trkpt>
  <trkpt lat="-0.64729909" lon="112.65624505"></trkpt>
  <trkpt lat="-0.64735240" lon="112.65624505"></trkpt>
  <trkpt lat="-0.64735240" lon="112.65629835"></trkpt>
  <trkpt lat="-0.64735240" lon="112.65635166"></trkpt>
  <trkpt lat="-0.64729909" lon="112.65619174"></trkpt>
  <trkpt lat="-0.64729909" lon="112.65624505"></trkpt>
  <trkpt lat="-0.64729909" lon="112.65619174"></trkpt>
  <trkpt lat="-0.64729909" lon="112.65624505"></trkpt>
  <trkpt lat="-0.64729909" lon="112.65629835"></trkpt>
  <trkpt lat="-0.64735240" lon="112.65624505"></trkpt>
  <trkpt lat="-0.64729909" lon="112.65624505"></trkpt>
  <trkpt lat="-0.64724579" lon="112.65629835"></trkpt>
  <trkpt lat="-0.64724579" lon="112.65624505"></trkpt>
  <trkpt lat="-0.64729909" lon="112.65619174"></trkpt>
  <trkpt lat="-0.64729909" lon="112.65624505"></trkpt>
  <trkpt lat="-0.64724579" lon="112.65624505"></trkpt>
  <trkpt lat="-0.64729909" lon="112.65624505"></trkpt>
  <trkpt lat="-0.64724579" lon="112.65629835"></trkpt>
  <trkpt lat="-0.64724579" lon="112.65624505"></trkpt>
  <trkpt lat="-0.64729909" lon="112.65629835"></trkpt>
  <trkpt lat="-0.64729909" lon="112.65624505"></trkpt>
  <trkpt lat="-0.64729909" lon="112.65629835"></trkpt>
  <trkpt lat="-0.64729909" lon="112.65624505"></trkpt>
  <trkpt lat="-0.64729909" lon="112.65629835"></trkpt>
  <trkpt lat="-0.64735240" lon="112.65635166"></trkpt>
  <trkpt lat="-0.64735240" lon="112.65629835"></trkpt>
  <trkpt lat="-0.64729909" lon="112.65629835"></trkpt>
  <trkpt lat="-0.64735240" lon="112.65629835"></trkpt>
  <trkpt lat="-0.64729909" lon="112.65629835"></trkpt>
  <trkpt lat="-0.64729909" lon="112.65624505"></trkpt>
  <trkpt lat="-0.64729909" lon="112.65629835"></trkpt>
  <trkpt lat="-0.64729909" lon="112.65635166"></trkpt>
  <trkpt lat="-0.64735240" lon="112.65640497"></trkpt>
  <trkpt lat="-0.64740571" lon="112.65635166"></trkpt>
  <trkpt lat="-0.64735240" lon="112.65635166"></trkpt>
  <trkpt lat="-0.64740571" lon="112.65635166"></trkpt>
  <trkpt lat="-0.64740571" lon="112.65640497"></trkpt>
  <trkpt lat="-0.64740571" lon="112.65635166"></trkpt>
  <trkpt lat="-0.64735240" lon="112.65635166"></trkpt>
  <trkpt lat="-0.64735240" lon="112.65629835"></trkpt>
  <trkpt lat="-0.64729909" lon="112.65635166"></trkpt>
  <trkpt lat="-0.64729909" lon="112.65629835"></trkpt>
  <trkpt lat="-0.64729909" lon="112.65624505"></trkpt>
  <trkpt lat="-0.64729909" lon="112.65619174"></trkpt>
  <trkpt lat="-0.64724579" lon="112.65624505"></trkpt>
  <trkpt lat="-0.64729909" lon="112.65624505"></trkpt>
  <trkpt lat="-0.64735240" lon="112.65624505"></trkpt>
  <trkpt lat="-0.64735240" lon="112.65619174"></trkpt>
  <trkpt lat="-0.64740571" lon="112.65619174"></trkpt>
  <trkpt lat="-0.64740571" lon="112.65629835"></trkpt>
  <trkpt lat="-0.64735240" lon="112.65629835"></trkpt>
  <trkpt lat="-0.64729909" lon="112.65629835"></trkpt>
  <trkpt lat="-0.64735240" lon="112.65624505"></trkpt>
  <trkpt lat="-0.64729909" lon="112.65624505"></trkpt>
  <trkpt lat="-0.64729909" lon="112.65629835"></trkpt>
  <trkpt lat="-0.64724579" lon="112.65624505"></trkpt>
  <trkpt lat="-0.64729909" lon="112.65624505"></trkpt>
  <trkpt lat="-0.64729909" lon="112.65629835"></trkpt>
  <trkpt lat="-0.64724579" lon="112.65629835"></trkpt>
  <trkpt lat="-0.64729909" lon="112.65619174"></trkpt>
  <trkpt lat="-0.64735240" lon="112.65624505"></trkpt>
  <trkpt lat="-0.64729909" lon="112.65629835"></trkpt>
  <trkpt lat="-0.64735240" lon="112.65629835"></trkpt>
  <trkpt lat="-0.64729909" lon="112.65629835"></trkpt>
  <trkpt lat="-0.64735240" lon="112.65619174"></trkpt>
  <trkpt lat="-0.64740571" lon="112.65624505"></trkpt>
  <trkpt lat="-0.64740571" lon="112.65619174"></trkpt>
  <trkpt lat="-0.64735240" lon="112.65619174"></trkpt>
  <trkpt lat="-0.64740571" lon="112.65629835"></trkpt>
  <trkpt lat="-0.64740571" lon="112.65635166"></trkpt>
  <trkpt lat="-0.64740571" lon="112.65629835"></trkpt>
  <trkpt lat="-0.64740571" lon="112.65624505"></trkpt>
  <trkpt lat="-0.64729909" lon="112.65619174"></trkpt>
  <trkpt lat="-0.64729909" lon="112.65624505"></trkpt>
  <trkpt lat="-0.64735240" lon="112.65613843"></trkpt>
  <trkpt lat="-0.64729909" lon="112.65619174"></trkpt>
  <trkpt lat="-0.64729909" lon="112.65613843"></trkpt>
  <trkpt lat="-0.64735240" lon="112.65619174"></trkpt>
  <trkpt lat="-0.64735240" lon="112.65613843"></trkpt>
  <trkpt lat="-0.64745902" lon="112.65613843"></trkpt>
  <trkpt lat="-0.64745902" lon="112.65608512"></trkpt>
  <trkpt lat="-0.64740571" lon="112.65613843"></trkpt>
  <trkpt lat="-0.64735240" lon="112.65619174"></trkpt>
  <trkpt lat="-0.64740571" lon="112.65619174"></trkpt>
  <trkpt lat="-0.64729909" lon="112.65624505"></trkpt>
  <trkpt lat="-0.64729909" lon="112.65629835"></trkpt>
  <trkpt lat="-0.64729909" lon="112.65624505"></trkpt>
  <trkpt lat="-0.64735240" lon="112.65624505"></trkpt>
  <trkpt lat="-0.64740571" lon="112.65619174"></trkpt>
  <trkpt lat="-0.64745902" lon="112.65619174"></trkpt>
  <trkpt lat="-0.64740571" lon="112.65624505"></trkpt>
  <trkpt lat="-0.64735240" lon="112.65629835"></trkpt>
  <trkpt lat="-0.64729909" lon="112.65624505"></trkpt>
  <trkpt lat="-0.64724579" lon="112.65624505"></trkpt>
  <trkpt lat="-0.64729909" lon="112.65629835"></trkpt>
  <trkpt lat="-0.64735240" lon="112.65629835"></trkpt>
  <trkpt lat="-0.64729909" lon="112.65629835"></trkpt>
  <trkpt lat="-0.64729909" lon="112.65624505"></trkpt>
  <trkpt lat="-0.64735240" lon="112.65629835"></trkpt>
  <trkpt lat="-0.64740571" lon="112.65624505"></trkpt>
  <trkpt lat="-0.64735240" lon="112.65629835"></trkpt>
  <trkpt lat="-0.64740571" lon="112.65624505"></trkpt>
  <trkpt lat="-0.64724579" lon="112.65624505"></trkpt>
  <trkpt lat="-0.64724579" lon="112.65629835"></trkpt>
  <trkpt lat="-0.64729909" lon="112.65624505"></trkpt>
  <trkpt lat="-0.64735240" lon="112.65624505"></trkpt>
  <trkpt lat="-0.64735240" lon="112.65629835"></trkpt>
  <trkpt lat="-0.64729909" lon="112.65619174"></trkpt>
  <trkpt lat="-0.64724579" lon="112.65624505"></trkpt>
  <trkpt lat="-0.64735240" lon="112.65619174"></trkpt>
  <trkpt lat="-0.64735240" lon="112.65624505"></trkpt>
  <trkpt lat="-0.64729909" lon="112.65624505"></trkpt>
  <trkpt lat="-0.64735240" lon="112.65624505"></trkpt>
  <trkpt lat="-0.64729909" lon="112.65619174"></trkpt>
  <trkpt lat="-0.64735240" lon="112.65629835"></trkpt>
  <trkpt lat="-0.64740571" lon="112.65624505"></trkpt>
  <trkpt lat="-0.64735240" lon="112.65624505"></trkpt>
  <trkpt lat="-0.64735240" lon="112.65629835"></trkpt>
  <trkpt lat="-0.64735240" lon="112.65635166"></trkpt>
  <trkpt lat="-0.64729909" lon="112.65629835"></trkpt>
  <trkpt lat="-0.64729909" lon="112.65624505"></trkpt>
  <trkpt lat="-0.64735240" lon="112.65629835"></trkpt>
  <trkpt lat="-0.64740571" lon="112.65635166"></trkpt>
  <trkpt lat="-0.64745902" lon="112.65635166"></trkpt>
  <trkpt lat="-0.64751233" lon="112.65635166"></trkpt>
  <trkpt lat="-0.64756564" lon="112.65635166"></trkpt>
  <trkpt lat="-0.64761895" lon="112.65640497"></trkpt>
  <trkpt lat="-0.64767226" lon="112.65640497"></trkpt>
  <trkpt lat="-0.64767226" lon="112.65645828"></trkpt>
  <trkpt lat="-0.64783218" lon="112.65645828"></trkpt>
  <trkpt lat="-0.64788549" lon="112.65651159"></trkpt>
  <trkpt lat="-0.64793880" lon="112.65651159"></trkpt>
  <trkpt lat="-0.64788549" lon="112.65645828"></trkpt>
  <trkpt lat="-0.64793880" lon="112.65656490"></trkpt>
  <trkpt lat="-0.64799211" lon="112.65656490"></trkpt>
  <trkpt lat="-0.64804542" lon="112.65661821"></trkpt>
  <trkpt lat="-0.64809864" lon="112.65667152"></trkpt>
  <trkpt lat="-0.64815195" lon="112.65661821"></trkpt>
  <trkpt lat="-0.64820526" lon="112.65661821"></trkpt>
  <trkpt lat="-0.64815195" lon="112.65656490"></trkpt>
  <trkpt lat="-0.64820526" lon="112.65661821"></trkpt>
  <trkpt lat="-0.64820526" lon="112.65656490"></trkpt>
  <trkpt lat="-0.64825857" lon="112.65656490"></trkpt>
  <trkpt lat="-0.64836519" lon="112.65656490"></trkpt>
  <trkpt lat="-0.64836519" lon="112.65661821"></trkpt>
  <trkpt lat="-0.64847181" lon="112.65667152"></trkpt>
  <trkpt lat="-0.64847181" lon="112.65672483"></trkpt>
  <trkpt lat="-0.64852512" lon="112.65672483"></trkpt>
  <trkpt lat="-0.64847181" lon="112.65672483"></trkpt>
  <trkpt lat="-0.64852512" lon="112.65667152"></trkpt>
  <trkpt lat="-0.64852512" lon="112.65672483"></trkpt>
  <trkpt lat="-0.64852512" lon="112.65667152"></trkpt>
  <trkpt lat="-0.64852512" lon="112.65672483"></trkpt>
  <trkpt lat="-0.64847181" lon="112.65677813"></trkpt>
  <trkpt lat="-0.64847181" lon="112.65683144"></trkpt>
  <trkpt lat="-0.64847181" lon="112.65688475"></trkpt>
  <trkpt lat="-0.64841850" lon="112.65699137"></trkpt>
  <trkpt lat="-0.64852512" lon="112.65704468"></trkpt>
  <trkpt lat="-0.64852512" lon="112.65715130"></trkpt>
  <trkpt lat="-0.64857842" lon="112.65725791"></trkpt>
  <trkpt lat="-0.64863173" lon="112.65736453"></trkpt>
  <trkpt lat="-0.64868504" lon="112.65747115"></trkpt>
  <trkpt lat="-0.64868504" lon="112.65752446"></trkpt>
  <trkpt lat="-0.64879166" lon="112.65763108"></trkpt>
  <trkpt lat="-0.64884497" lon="112.65773769"></trkpt>
  <trkpt lat="-0.64889828" lon="112.65784431"></trkpt>
  <trkpt lat="-0.64900481" lon="112.65795093"></trkpt>
  <trkpt lat="-0.64905812" lon="112.65800424"></trkpt>
  <trkpt lat="-0.64916474" lon="112.65811086"></trkpt>
  <trkpt lat="-0.64921805" lon="112.65816417"></trkpt>
  <trkpt lat="-0.64932466" lon="112.65821747"></trkpt>
  <trkpt lat="-0.64937797" lon="112.65827078"></trkpt>
  <trkpt lat="-0.64943128" lon="112.65837740"></trkpt>
  <trkpt lat="-0.64953790" lon="112.65843071"></trkpt>
  <trkpt lat="-0.64959121" lon="112.65853733"></trkpt>
  <trkpt lat="-0.64969783" lon="112.65859055"></trkpt>
  <trkpt lat="-0.64975114" lon="112.65864386"></trkpt>
  <trkpt lat="-0.64985767" lon="112.65875048"></trkpt>
  <trkpt lat="-0.64996429" lon="112.65885710"></trkpt>
  <trkpt lat="-0.65007091" lon="112.65885710"></trkpt>
  <trkpt lat="-0.65017752" lon="112.65885710"></trkpt>
  <trkpt lat="-0.65023083" lon="112.65885710"></trkpt>
  <trkpt lat="-0.65033745" lon="112.65885710"></trkpt>
  <trkpt lat="-0.65039076" lon="112.65891041"></trkpt>
  <trkpt lat="-0.65049738" lon="112.65901702"></trkpt>
  <trkpt lat="-0.65055069" lon="112.65907033"></trkpt>
  <trkpt lat="-0.65060399" lon="112.65912364"></trkpt>
  <trkpt lat="-0.65071053" lon="112.65917695"></trkpt>
  <trkpt lat="-0.65081715" lon="112.65917695"></trkpt>
  <trkpt lat="-0.65087046" lon="112.65923026"></trkpt>
  <trkpt lat="-0.65092376" lon="112.65917695"></trkpt>
  <trkpt lat="-0.65103038" lon="112.65928357"></trkpt>
  <trkpt lat="-0.65108369" lon="112.65939019"></trkpt>
  <trkpt lat="-0.65119031" lon="112.65939019"></trkpt>
  <trkpt lat="-0.65124362" lon="112.65933688"></trkpt>
  <trkpt lat="-0.65135024" lon="112.65933688"></trkpt>
  <trkpt lat="-0.65140354" lon="112.65933688"></trkpt>
  <trkpt lat="-0.65151008" lon="112.65933688"></trkpt>
  <trkpt lat="-0.65161670" lon="112.65939019"></trkpt>
  <trkpt lat="-0.65172331" lon="112.65933688"></trkpt>
  <trkpt lat="-0.65182993" lon="112.65928357"></trkpt>
  <trkpt lat="-0.65188324" lon="112.65928357"></trkpt>
  <trkpt lat="-0.65193655" lon="112.65923026"></trkpt>
  <trkpt lat="-0.65204317" lon="112.65923026"></trkpt>
  <trkpt lat="-0.65204317" lon="112.65928357"></trkpt>
  <trkpt lat="-0.65209648" lon="112.65933688"></trkpt>
  <trkpt lat="-0.65220309" lon="112.65933688"></trkpt>
  <trkpt lat="-0.65225640" lon="112.65933688"></trkpt>
  <trkpt lat="-0.65230971" lon="112.65939019"></trkpt>
  <trkpt lat="-0.65246955" lon="112.65939019"></trkpt>
  <trkpt lat="-0.65252286" lon="112.65933688"></trkpt>
  <trkpt lat="-0.65252286" lon="112.65939019"></trkpt>
  <trkpt lat="-0.65252286" lon="112.65933688"></trkpt>
  <trkpt lat="-0.65257617" lon="112.65933688"></trkpt>
  <trkpt lat="-0.65268279" lon="112.65933688"></trkpt>
  <trkpt lat="-0.65278941" lon="112.65944350"></trkpt>
  <trkpt lat="-0.65284272" lon="112.65949680"></trkpt>
  <trkpt lat="-0.65289603" lon="112.65960342"></trkpt>
  <trkpt lat="-0.65294934" lon="112.65965673"></trkpt>
  <trkpt lat="-0.65300264" lon="112.65971004"></trkpt>
  <trkpt lat="-0.65310926" lon="112.65976335"></trkpt>
  <trkpt lat="-0.65316257" lon="112.65981666"></trkpt>
  <trkpt lat="-0.65321588" lon="112.65986997"></trkpt>
  <trkpt lat="-0.65326919" lon="112.65986997"></trkpt>
  <trkpt lat="-0.65332241" lon="112.65992328"></trkpt>
  <trkpt lat="-0.65332241" lon="112.65986997"></trkpt>
  <trkpt lat="-0.65337572" lon="112.65986997"></trkpt>
  <trkpt lat="-0.65348234" lon="112.65992328"></trkpt>
  <trkpt lat="-0.65353565" lon="112.65992328"></trkpt>
  <trkpt lat="-0.65364227" lon="112.65997658"></trkpt>
  <trkpt lat="-0.65369558" lon="112.65997658"></trkpt>
  <trkpt lat="-0.65374888" lon="112.66002989"></trkpt>
  <trkpt lat="-0.65380219" lon="112.66002989"></trkpt>
  <trkpt lat="-0.65390881" lon="112.66002989"></trkpt>
  <trkpt lat="-0.65396212" lon="112.66002989"></trkpt>
  <trkpt lat="-0.65412205" lon="112.66008320"></trkpt>
  <trkpt lat="-0.65422858" lon="112.66018982"></trkpt>
  <trkpt lat="-0.65428189" lon="112.66024313"></trkpt>
  <trkpt lat="-0.65433520" lon="112.66040306"></trkpt>
  <trkpt lat="-0.65438851" lon="112.66040306"></trkpt>
  <trkpt lat="-0.65444182" lon="112.66045636"></trkpt>
  <trkpt lat="-0.65454843" lon="112.66045636"></trkpt>
  <trkpt lat="-0.65460174" lon="112.66045636"></trkpt>
  <trkpt lat="-0.65465505" lon="112.66050967"></trkpt>
  <trkpt lat="-0.65476167" lon="112.66050967"></trkpt>
  <trkpt lat="-0.65481498" lon="112.66050967"></trkpt>
  <trkpt lat="-0.65486829" lon="112.66066960"></trkpt>
  <trkpt lat="-0.65486829" lon="112.66072291"></trkpt>
  <trkpt lat="-0.65486829" lon="112.66077622"></trkpt>
  <trkpt lat="-0.65492160" lon="112.66082953"></trkpt>
  <trkpt lat="-0.65497491" lon="112.66082953"></trkpt>
  <trkpt lat="-0.65508144" lon="112.66088284"></trkpt>
  <trkpt lat="-0.65518806" lon="112.66093615"></trkpt>
  <trkpt lat="-0.65524137" lon="112.66098945"></trkpt>
  <trkpt lat="-0.65534798" lon="112.66098945"></trkpt>
  <trkpt lat="-0.65545460" lon="112.66109607"></trkpt>
  <trkpt lat="-0.65550791" lon="112.66114938"></trkpt>
  <trkpt lat="-0.65561453" lon="112.66120269"></trkpt>
  <trkpt lat="-0.65566784" lon="112.66114938"></trkpt>
  <trkpt lat="-0.65572115" lon="112.66120269"></trkpt>
  <trkpt lat="-0.65582776" lon="112.66125600"></trkpt>
  <trkpt lat="-0.65593430" lon="112.66125600"></trkpt>
  <trkpt lat="-0.65598761" lon="112.66125600"></trkpt>
  <trkpt lat="-0.65609423" lon="112.66120269"></trkpt>
  <trkpt lat="-0.65620084" lon="112.66125600"></trkpt>
  <trkpt lat="-0.65630746" lon="112.66136262"></trkpt>
  <trkpt lat="-0.65641408" lon="112.66141593"></trkpt>
  <trkpt lat="-0.65652070" lon="112.66146915"></trkpt>
  <trkpt lat="-0.65657401" lon="112.66146915"></trkpt>
  <trkpt lat="-0.65668062" lon="112.66146915"></trkpt>
  <trkpt lat="-0.65673385" lon="112.66152246"></trkpt>
  <trkpt lat="-0.65684047" lon="112.66162916"></trkpt>
  <trkpt lat="-0.65689377" lon="112.66162916"></trkpt>
  <trkpt lat="-0.65694708" lon="112.66168239"></trkpt>
  <trkpt lat="-0.65705370" lon="112.66173569"></trkpt>
  <trkpt lat="-0.65716032" lon="112.66173569"></trkpt>
  <trkpt lat="-0.65721363" lon="112.66178900"></trkpt>
  <trkpt lat="-0.65726694" lon="112.66178900"></trkpt>
  <trkpt lat="-0.65732025" lon="112.66184231"></trkpt>
  <trkpt lat="-0.65737356" lon="112.66189562"></trkpt>
  <trkpt lat="-0.65748017" lon="112.66184231"></trkpt>
  <trkpt lat="-0.65742686" lon="112.66184231"></trkpt>
  <trkpt lat="-0.65737356" lon="112.66189562"></trkpt>
  <trkpt lat="-0.65742686" lon="112.66194893"></trkpt>
  <trkpt lat="-0.65748017" lon="112.66194893"></trkpt>
  <trkpt lat="-0.65753348" lon="112.66194893"></trkpt>
  <trkpt lat="-0.65758679" lon="112.66200224"></trkpt>
  <trkpt lat="-0.65764002" lon="112.66200224"></trkpt>
  <trkpt lat="-0.65769332" lon="112.66205555"></trkpt>
  <trkpt lat="-0.65779994" lon="112.66205555"></trkpt>
  <trkpt lat="-0.65779994" lon="112.66200224"></trkpt>
  <trkpt lat="-0.65785325" lon="112.66205555"></trkpt>
  <trkpt lat="-0.65785325" lon="112.66210886"></trkpt>
  <trkpt lat="-0.65790656" lon="112.66216217"></trkpt>
  <trkpt lat="-0.65795987" lon="112.66216217"></trkpt>
  <trkpt lat="-0.65801318" lon="112.66221547"></trkpt>
  <trkpt lat="-0.65806649" lon="112.66221547"></trkpt>
  <trkpt lat="-0.65811980" lon="112.66226878"></trkpt>
  <trkpt lat="-0.65822641" lon="112.66232209"></trkpt>
  <trkpt lat="-0.65827972" lon="112.66237540"></trkpt>
  <trkpt lat="-0.65827972" lon="112.66242871"></trkpt>
  <trkpt lat="-0.65833303" lon="112.66242871"></trkpt>
  <trkpt lat="-0.65833303" lon="112.66248202"></trkpt>
  <trkpt lat="-0.65833303" lon="112.66253533"></trkpt>
  <trkpt lat="-0.65838634" lon="112.66258864"></trkpt>
  <trkpt lat="-0.65838634" lon="112.66264195"></trkpt>
  <trkpt lat="-0.65838634" lon="112.66269526"></trkpt>
  <trkpt lat="-0.65843965" lon="112.66280187"></trkpt>
  <trkpt lat="-0.65843965" lon="112.66290849"></trkpt>
  <trkpt lat="-0.65843965" lon="112.66296180"></trkpt>
  <trkpt lat="-0.65854618" lon="112.66301511"></trkpt>
  <trkpt lat="-0.65854618" lon="112.66306842"></trkpt>
  <trkpt lat="-0.65854618" lon="112.66312173"></trkpt>
  <trkpt lat="-0.65859949" lon="112.66312173"></trkpt>
  <trkpt lat="-0.65865280" lon="112.66306842"></trkpt>
  <trkpt lat="-0.65865280" lon="112.66301511"></trkpt>
  <trkpt lat="-0.65870611" lon="112.66306842"></trkpt>
  <trkpt lat="-0.65870611" lon="112.66312173"></trkpt>
  <trkpt lat="-0.65865280" lon="112.66306842"></trkpt>
  <trkpt lat="-0.65870611" lon="112.66312173"></trkpt>
  <trkpt lat="-0.65875942" lon="112.66322834"></trkpt>
  <trkpt lat="-0.65881273" lon="112.66328165"></trkpt>
  <trkpt lat="-0.65875942" lon="112.66328165"></trkpt>
  <trkpt lat="-0.65870611" lon="112.66328165"></trkpt>
  <trkpt lat="-0.65870611" lon="112.66333496"></trkpt>
  <trkpt lat="-0.65870611" lon="112.66328165"></trkpt>
  <trkpt lat="-0.65870611" lon="112.66333496"></trkpt>
  <trkpt lat="-0.65865280" lon="112.66349489"></trkpt>
  <trkpt lat="-0.65865280" lon="112.66338827"></trkpt>
  <trkpt lat="-0.65870611" lon="112.66328165"></trkpt>
  <trkpt lat="-0.65865280" lon="112.66322834"></trkpt>
  <trkpt lat="-0.65870611" lon="112.66328165"></trkpt>
  <trkpt lat="-0.65865280" lon="112.66322834"></trkpt>
  <trkpt lat="-0.65865280" lon="112.66328165"></trkpt>
  <trkpt lat="-0.65870611" lon="112.66328165"></trkpt>
  <trkpt lat="-0.65865280" lon="112.66333496"></trkpt>
  <trkpt lat="-0.65870611" lon="112.66333496"></trkpt>
  <trkpt lat="-0.65870611" lon="112.66338827"></trkpt>
  <trkpt lat="-0.65875942" lon="112.66344158"></trkpt>
  <trkpt lat="-0.65875942" lon="112.66349489"></trkpt>
  <trkpt lat="-0.65881273" lon="112.66354820"></trkpt>
  <trkpt lat="-0.65881273" lon="112.66360151"></trkpt>
  <trkpt lat="-0.65881273" lon="112.66365482"></trkpt>
  <trkpt lat="-0.65881273" lon="112.66370812"></trkpt>
  <trkpt lat="-0.65881273" lon="112.66376143"></trkpt>
  <trkpt lat="-0.65886604" lon="112.66381474"></trkpt>
  <trkpt lat="-0.65886604" lon="112.66386805"></trkpt>
  <trkpt lat="-0.65891935" lon="112.66392136"></trkpt>
  <trkpt lat="-0.65891935" lon="112.66397467"></trkpt>
  <trkpt lat="-0.65891935" lon="112.66402798"></trkpt>
  <trkpt lat="-0.65897265" lon="112.66408129"></trkpt>
  <trkpt lat="-0.65902596" lon="112.66413460"></trkpt>
  <trkpt lat="-0.65907927" lon="112.66418790"></trkpt>
  <trkpt lat="-0.65907927" lon="112.66424121"></trkpt>
  <trkpt lat="-0.65913258" lon="112.66424121"></trkpt>
  <trkpt lat="-0.65913258" lon="112.66429452"></trkpt>
  <trkpt lat="-0.65918589" lon="112.66429452"></trkpt>
  <trkpt lat="-0.65923920" lon="112.66429452"></trkpt>
  <trkpt lat="-0.65929251" lon="112.66434783"></trkpt>
  <trkpt lat="-0.65929251" lon="112.66429452"></trkpt>
  <trkpt lat="-0.65934573" lon="112.66434783"></trkpt>
  <trkpt lat="-0.65939904" lon="112.66440114"></trkpt>
  <trkpt lat="-0.65945235" lon="112.66445445"></trkpt>
  <trkpt lat="-0.65945235" lon="112.66450767"></trkpt>
  <trkpt lat="-0.65950566" lon="112.66450767"></trkpt>
  <trkpt lat="-0.65955897" lon="112.66456098"></trkpt>
  <trkpt lat="-0.65961228" lon="112.66456098"></trkpt>
  <trkpt lat="-0.65966559" lon="112.66461429"></trkpt>
  <trkpt lat="-0.65971890" lon="112.66466760"></trkpt>
  <trkpt lat="-0.65971890" lon="112.66472091"></trkpt>
  <trkpt lat="-0.65977220" lon="112.66472091"></trkpt>
  <trkpt lat="-0.65977220" lon="112.66477422"></trkpt>
  <trkpt lat="-0.65977220" lon="112.66482753"></trkpt>
  <trkpt lat="-0.65977220" lon="112.66488084"></trkpt>
  <trkpt lat="-0.65977220" lon="112.66493415"></trkpt>
  <trkpt lat="-0.65977220" lon="112.66498745"></trkpt>
  <trkpt lat="-0.65977220" lon="112.66509407"></trkpt>
  <trkpt lat="-0.65977220" lon="112.66514738"></trkpt>
  <trkpt lat="-0.65977220" lon="112.66520069"></trkpt>
  <trkpt lat="-0.65982551" lon="112.66525400"></trkpt>
  <trkpt lat="-0.65982551" lon="112.66530731"></trkpt>
  <trkpt lat="-0.65982551" lon="112.66536062"></trkpt>
  <trkpt lat="-0.65977220" lon="112.66541393"></trkpt>
  <trkpt lat="-0.65977220" lon="112.66552054"></trkpt>
  <trkpt lat="-0.65977220" lon="112.66557385"></trkpt>
  <trkpt lat="-0.65977220" lon="112.66568047"></trkpt>
  <trkpt lat="-0.65977220" lon="112.66573378"></trkpt>
  <trkpt lat="-0.65977220" lon="112.66578709"></trkpt>
  <trkpt lat="-0.65977220" lon="112.66584040"></trkpt>
  <trkpt lat="-0.65982551" lon="112.66589371"></trkpt>
  <trkpt lat="-0.65982551" lon="112.66594701"></trkpt>
  <trkpt lat="-0.65987882" lon="112.66605363"></trkpt>
  <trkpt lat="-0.65982551" lon="112.66610694"></trkpt>
  <trkpt lat="-0.65982551" lon="112.66616025"></trkpt>
  <trkpt lat="-0.65982551" lon="112.66621356"></trkpt>
  <trkpt lat="-0.65987882" lon="112.66626687"></trkpt>
  <trkpt lat="-0.65982551" lon="112.66626687"></trkpt>
  <trkpt lat="-0.65987882" lon="112.66637349"></trkpt>
  <trkpt lat="-0.65993213" lon="112.66637349"></trkpt>
  <trkpt lat="-0.65993213" lon="112.66642679"></trkpt>
  <trkpt lat="-0.65993213" lon="112.66648010"></trkpt>
  <trkpt lat="-0.65993213" lon="112.66653341"></trkpt>
  <trkpt lat="-0.65993213" lon="112.66664003"></trkpt>
  <trkpt lat="-0.65993213" lon="112.66669334"></trkpt>
  <trkpt lat="-0.65987882" lon="112.66679996"></trkpt>
  <trkpt lat="-0.65982551" lon="112.66685327"></trkpt>
  <trkpt lat="-0.65987882" lon="112.66690657"></trkpt>
  <trkpt lat="-0.65982551" lon="112.66695988"></trkpt>
  <trkpt lat="-0.65982551" lon="112.66701319"></trkpt>
  <trkpt lat="-0.65982551" lon="112.66706650"></trkpt>
  <trkpt lat="-0.65977220" lon="112.66711981"></trkpt>
  <trkpt lat="-0.65977220" lon="112.66717312"></trkpt>
  <trkpt lat="-0.65977220" lon="112.66727974"></trkpt>
  <trkpt lat="-0.65977220" lon="112.66733305"></trkpt>
  <trkpt lat="-0.65971890" lon="112.66738627"></trkpt>
  <trkpt lat="-0.65971890" lon="112.66743958"></trkpt>
  <trkpt lat="-0.65977220" lon="112.66749289"></trkpt>
  <trkpt lat="-0.65977220" lon="112.66759951"></trkpt>
  <trkpt lat="-0.65977220" lon="112.66765282"></trkpt>
  <trkpt lat="-0.65977220" lon="112.66770612"></trkpt>
  <trkpt lat="-0.65977220" lon="112.66781274"></trkpt>
  <trkpt lat="-0.65977220" lon="112.66791936"></trkpt>
  <trkpt lat="-0.65977220" lon="112.66797267"></trkpt>
  <trkpt lat="-0.65977220" lon="112.66802598"></trkpt>
  <trkpt lat="-0.65977220" lon="112.66807929"></trkpt>
  <trkpt lat="-0.65971890" lon="112.66813260"></trkpt>
  <trkpt lat="-0.65971890" lon="112.66818590"></trkpt>
  <trkpt lat="-0.65966559" lon="112.66829252"></trkpt>
  <trkpt lat="-0.65966559" lon="112.66834583"></trkpt>
  <trkpt lat="-0.65961228" lon="112.66834583"></trkpt>
  <trkpt lat="-0.65955897" lon="112.66839914"></trkpt>
  <trkpt lat="-0.65955897" lon="112.66845245"></trkpt>
  <trkpt lat="-0.65955897" lon="112.66855907"></trkpt>
  <trkpt lat="-0.65950566" lon="112.66861238"></trkpt>
  <trkpt lat="-0.65950566" lon="112.66866568"></trkpt>
  <trkpt lat="-0.65950566" lon="112.66877230"></trkpt>
  <trkpt lat="-0.65950566" lon="112.66882561"></trkpt>
  <trkpt lat="-0.65950566" lon="112.66893223"></trkpt>
  <trkpt lat="-0.65950566" lon="112.66898554"></trkpt>
  <trkpt lat="-0.65945235" lon="112.66909216"></trkpt>
  <trkpt lat="-0.65945235" lon="112.66914546"></trkpt>
  <trkpt lat="-0.65945235" lon="112.66925208"></trkpt>
  <trkpt lat="-0.65945235" lon="112.66935870"></trkpt>
  <trkpt lat="-0.65945235" lon="112.66941201"></trkpt>
  <trkpt lat="-0.65945235" lon="112.66946532"></trkpt>
  <trkpt lat="-0.65945235" lon="112.66951863"></trkpt>
  <trkpt lat="-0.65945235" lon="112.66957194"></trkpt>
  <trkpt lat="-0.65939904" lon="112.66967855"></trkpt>
  <trkpt lat="-0.65934573" lon="112.66978517"></trkpt>
  <trkpt lat="-0.65923920" lon="112.66989179"></trkpt>
  <trkpt lat="-0.65923920" lon="112.66994510"></trkpt>
  <trkpt lat="-0.65918589" lon="112.66989179"></trkpt>
  <trkpt lat="-0.65902596" lon="112.66989179"></trkpt>
  <trkpt lat="-0.65897265" lon="112.66994510"></trkpt>
  <trkpt lat="-0.65897265" lon="112.66999841"></trkpt>
  <trkpt lat="-0.65891935" lon="112.66999841"></trkpt>
  <trkpt lat="-0.65886604" lon="112.67005172"></trkpt>
  <trkpt lat="-0.65886604" lon="112.67010503"></trkpt>
  <trkpt lat="-0.65881273" lon="112.67015833"></trkpt>
  <trkpt lat="-0.65881273" lon="112.67021164"></trkpt>
  <trkpt lat="-0.65881273" lon="112.67026495"></trkpt>
  <trkpt lat="-0.65886604" lon="112.67026495"></trkpt>
  <trkpt lat="-0.65881273" lon="112.67031826"></trkpt>
  <trkpt lat="-0.65881273" lon="112.67037157"></trkpt>
  <trkpt lat="-0.65881273" lon="112.67042488"></trkpt>
  <trkpt lat="-0.65875942" lon="112.67047810"></trkpt>
  <trkpt lat="-0.65881273" lon="112.67047810"></trkpt>
  <trkpt lat="-0.65875942" lon="112.67047810"></trkpt>
  <trkpt lat="-0.65875942" lon="112.67053141"></trkpt>
  <trkpt lat="-0.65875942" lon="112.67047810"></trkpt>
  <trkpt lat="-0.65881273" lon="112.67053141"></trkpt>
  <trkpt lat="-0.65875942" lon="112.67053141"></trkpt>
  <trkpt lat="-0.65875942" lon="112.67047810"></trkpt>
  <trkpt lat="-0.65875942" lon="112.67053141"></trkpt>
  <trkpt lat="-0.65875942" lon="112.67058472"></trkpt>
  <trkpt lat="-0.65875942" lon="112.67063803"></trkpt>
  <trkpt lat="-0.65881273" lon="112.67069134"></trkpt>
  <trkpt lat="-0.65881273" lon="112.67074465"></trkpt>
  <trkpt lat="-0.65881273" lon="112.67079796"></trkpt>
  <trkpt lat="-0.65881273" lon="112.67085127"></trkpt>
  <trkpt lat="-0.65875942" lon="112.67085127"></trkpt>
  <trkpt lat="-0.65875942" lon="112.67090457"></trkpt>
  <trkpt lat="-0.65875942" lon="112.67095788"></trkpt>
  <trkpt lat="-0.65870611" lon="112.67101119"></trkpt>
  <trkpt lat="-0.65865280" lon="112.67106450"></trkpt>
  <trkpt lat="-0.65865280" lon="112.67111781"></trkpt>
  <trkpt lat="-0.65859949" lon="112.67111781"></trkpt>
  <trkpt lat="-0.65859949" lon="112.67117112"></trkpt>
  <trkpt lat="-0.65854618" lon="112.67117112"></trkpt>
  <trkpt lat="-0.65849287" lon="112.67117112"></trkpt>
  <trkpt lat="-0.65843965" lon="112.67117112"></trkpt>
  <trkpt lat="-0.65838634" lon="112.67122443"></trkpt>
  <trkpt lat="-0.65838634" lon="112.67133105"></trkpt>
  <trkpt lat="-0.65838634" lon="112.67138436"></trkpt>
  <trkpt lat="-0.65838634" lon="112.67143766"></trkpt>
  <trkpt lat="-0.65838634" lon="112.67154428"></trkpt>
  <trkpt lat="-0.65833303" lon="112.67159759"></trkpt>
  <trkpt lat="-0.65833303" lon="112.67170421"></trkpt>
  <trkpt lat="-0.65833303" lon="112.67181083"></trkpt>
  <trkpt lat="-0.65827972" lon="112.67186414"></trkpt>
  <trkpt lat="-0.65827972" lon="112.67197075"></trkpt>
  <trkpt lat="-0.65822641" lon="112.67202406"></trkpt>
  <trkpt lat="-0.65817310" lon="112.67213068"></trkpt>
  <trkpt lat="-0.65811980" lon="112.67218399"></trkpt>
  <trkpt lat="-0.65811980" lon="112.67223730"></trkpt>
  <trkpt lat="-0.65806649" lon="112.67229061"></trkpt>
  <trkpt lat="-0.65801318" lon="112.67234392"></trkpt>
  <trkpt lat="-0.65801318" lon="112.67245053"></trkpt>
  <trkpt lat="-0.65795987" lon="112.67250384"></trkpt>
  <trkpt lat="-0.65790656" lon="112.67255715"></trkpt>
  <trkpt lat="-0.65790656" lon="112.67261046"></trkpt>
  <trkpt lat="-0.65790656" lon="112.67271708"></trkpt>
  <trkpt lat="-0.65790656" lon="112.67282370"></trkpt>
  <trkpt lat="-0.65785325" lon="112.67282370"></trkpt>
  <trkpt lat="-0.65785325" lon="112.67287700"></trkpt>
  <trkpt lat="-0.65785325" lon="112.67293031"></trkpt>
  <trkpt lat="-0.65785325" lon="112.67298362"></trkpt>
  <trkpt lat="-0.65785325" lon="112.67303693"></trkpt>
  <trkpt lat="-0.65785325" lon="112.67314355"></trkpt>
  <trkpt lat="-0.65779994" lon="112.67319686"></trkpt>
  <trkpt lat="-0.65779994" lon="112.67325017"></trkpt>
  <trkpt lat="-0.65785325" lon="112.67330348"></trkpt>
  <trkpt lat="-0.65785325" lon="112.67335670"></trkpt>
  <trkpt lat="-0.65779994" lon="112.67341001"></trkpt>
  <trkpt lat="-0.65779994" lon="112.67346332"></trkpt>
  <trkpt lat="-0.65774663" lon="112.67346332"></trkpt>
  <trkpt lat="-0.65774663" lon="112.67351663"></trkpt>
  <trkpt lat="-0.65774663" lon="112.67356994"></trkpt>
  <trkpt lat="-0.65774663" lon="112.67362325"></trkpt>
  <trkpt lat="-0.65769332" lon="112.67367655"></trkpt>
  <trkpt lat="-0.65769332" lon="112.67372986"></trkpt>
  <trkpt lat="-0.65764002" lon="112.67378317"></trkpt>
  <trkpt lat="-0.65764002" lon="112.67383648"></trkpt>
  <trkpt lat="-0.65764002" lon="112.67388979"></trkpt>
  <trkpt lat="-0.65764002" lon="112.67394310"></trkpt>
  <trkpt lat="-0.65764002" lon="112.67399641"></trkpt>
  <trkpt lat="-0.65769332" lon="112.67404972"></trkpt>
  <trkpt lat="-0.65769332" lon="112.67410303"></trkpt>
  <trkpt lat="-0.65769332" lon="112.67415633"></trkpt>
  <trkpt lat="-0.65769332" lon="112.67420964"></trkpt>
  <trkpt lat="-0.65764002" lon="112.67426295"></trkpt>
  <trkpt lat="-0.65764002" lon="112.67431626"></trkpt>
  <trkpt lat="-0.65769332" lon="112.67431626"></trkpt>
  <trkpt lat="-0.65764002" lon="112.67436957"></trkpt>
  <trkpt lat="-0.65758679" lon="112.67442288"></trkpt>
  <trkpt lat="-0.65753348" lon="112.67447619"></trkpt>
  <trkpt lat="-0.65753348" lon="112.67452950"></trkpt>
  <trkpt lat="-0.65748017" lon="112.67452950"></trkpt>
  <trkpt lat="-0.65742686" lon="112.67452950"></trkpt>
  <trkpt lat="-0.65742686" lon="112.67458281"></trkpt>
  <trkpt lat="-0.65742686" lon="112.67463611"></trkpt>
  <trkpt lat="-0.65737356" lon="112.67468942"></trkpt>
  <trkpt lat="-0.65732025" lon="112.67474273"></trkpt>
  <trkpt lat="-0.65732025" lon="112.67479604"></trkpt>
  <trkpt lat="-0.65726694" lon="112.67479604"></trkpt>
  <trkpt lat="-0.65732025" lon="112.67474273"></trkpt>
  <trkpt lat="-0.65726694" lon="112.67479604"></trkpt>
  <trkpt lat="-0.65726694" lon="112.67484935"></trkpt>
  <trkpt lat="-0.65721363" lon="112.67490266"></trkpt>
  <trkpt lat="-0.65721363" lon="112.67495597"></trkpt>
  <trkpt lat="-0.65716032" lon="112.67495597"></trkpt>
  <trkpt lat="-0.65710701" lon="112.67500928"></trkpt>
  <trkpt lat="-0.65705370" lon="112.67500928"></trkpt>
  <trkpt lat="-0.65700039" lon="112.67506259"></trkpt>
  <trkpt lat="-0.65700039" lon="112.67511589"></trkpt>
  <trkpt lat="-0.65700039" lon="112.67506259"></trkpt>
  <trkpt lat="-0.65694708" lon="112.67511589"></trkpt>
  <trkpt lat="-0.65694708" lon="112.67516920"></trkpt>
  <trkpt lat="-0.65689377" lon="112.67511589"></trkpt>
  <trkpt lat="-0.65684047" lon="112.67516920"></trkpt>
  <trkpt lat="-0.65684047" lon="112.67522251"></trkpt>
  <trkpt lat="-0.65684047" lon="112.67527582"></trkpt>
  <trkpt lat="-0.65678716" lon="112.67527582"></trkpt>
  <trkpt lat="-0.65678716" lon="112.67532913"></trkpt>
  <trkpt lat="-0.65684047" lon="112.67532913"></trkpt>
  <trkpt lat="-0.65678716" lon="112.67532913"></trkpt>
  <trkpt lat="-0.65684047" lon="112.67532913"></trkpt>
  <trkpt lat="-0.65678716" lon="112.67532913"></trkpt>
  <trkpt lat="-0.65678716" lon="112.67527582"></trkpt>
  <trkpt lat="-0.65678716" lon="112.67532913"></trkpt>
  <trkpt lat="-0.65678716" lon="112.67527582"></trkpt>
  <trkpt lat="-0.65678716" lon="112.67532913"></trkpt>
  <trkpt lat="-0.65673385" lon="112.67532913"></trkpt>
  <trkpt lat="-0.65678716" lon="112.67527582"></trkpt>
  <trkpt lat="-0.65678716" lon="112.67532913"></trkpt>
  <trkpt lat="-0.65673385" lon="112.67532913"></trkpt>
  <trkpt lat="-0.65673385" lon="112.67538244"></trkpt>
  <trkpt lat="-0.65668062" lon="112.67543575"></trkpt>
  <trkpt lat="-0.65662731" lon="112.67548906"></trkpt>
  <trkpt lat="-0.65657401" lon="112.67554237"></trkpt>
  <trkpt lat="-0.65652070" lon="112.67554237"></trkpt>
  <trkpt lat="-0.65646739" lon="112.67559567"></trkpt>
  <trkpt lat="-0.65646739" lon="112.67564898"></trkpt>
  <trkpt lat="-0.65641408" lon="112.67564898"></trkpt>
  <trkpt lat="-0.65636077" lon="112.67570229"></trkpt>
  <trkpt lat="-0.65636077" lon="112.67575560"></trkpt>
  <trkpt lat="-0.65636077" lon="112.67580891"></trkpt>
  <trkpt lat="-0.65641408" lon="112.67580891"></trkpt>
  <trkpt lat="-0.65641408" lon="112.67586222"></trkpt>
  <trkpt lat="-0.65646739" lon="112.67586222"></trkpt>
  <trkpt lat="-0.65641408" lon="112.67591553"></trkpt>
  <trkpt lat="-0.65641408" lon="112.67596884"></trkpt>
  <trkpt lat="-0.65636077" lon="112.67596884"></trkpt>
  <trkpt lat="-0.65636077" lon="112.67602215"></trkpt>
  <trkpt lat="-0.65636077" lon="112.67607545"></trkpt>
  <trkpt lat="-0.65630746" lon="112.67607545"></trkpt>
  <trkpt lat="-0.65625415" lon="112.67612876"></trkpt>
  <trkpt lat="-0.65620084" lon="112.67612876"></trkpt>
  <trkpt lat="-0.65620084" lon="112.67618199"></trkpt>
  <trkpt lat="-0.65620084" lon="112.67623538"></trkpt>
  <trkpt lat="-0.65614753" lon="112.67618199"></trkpt>
  <trkpt lat="-0.65614753" lon="112.67623538"></trkpt>
  <trkpt lat="-0.65614753" lon="112.67628869"></trkpt>
  <trkpt lat="-0.65614753" lon="112.67623538"></trkpt>
  <trkpt lat="-0.65614753" lon="112.67618199"></trkpt>
  <trkpt lat="-0.65609423" lon="112.67623538"></trkpt>
  <trkpt lat="-0.65609423" lon="112.67628869"></trkpt>
  <trkpt lat="-0.65604092" lon="112.67628869"></trkpt>
  <trkpt lat="-0.65598761" lon="112.67628869"></trkpt>
  <trkpt lat="-0.65598761" lon="112.67634200"></trkpt>
  <trkpt lat="-0.65593430" lon="112.67639522"></trkpt>
  <trkpt lat="-0.65593430" lon="112.67644853"></trkpt>
  <trkpt lat="-0.65593430" lon="112.67639522"></trkpt>
  <trkpt lat="-0.65598761" lon="112.67639522"></trkpt>
  <trkpt lat="-0.65593430" lon="112.67639522"></trkpt>
  <trkpt lat="-0.65588099" lon="112.67644853"></trkpt>
  <trkpt lat="-0.65588099" lon="112.67650184"></trkpt>
  <trkpt lat="-0.65593430" lon="112.67650184"></trkpt>
  <trkpt lat="-0.65588099" lon="112.67650184"></trkpt>
  <trkpt lat="-0.65588099" lon="112.67644853"></trkpt>
  <trkpt lat="-0.65582776" lon="112.67644853"></trkpt>
  <trkpt lat="-0.65577446" lon="112.67650184"></trkpt>
  <trkpt lat="-0.65577446" lon="112.67655515"></trkpt>
  <trkpt lat="-0.65572115" lon="112.67655515"></trkpt>
  <trkpt lat="-0.65572115" lon="112.67660846"></trkpt>
  <trkpt lat="-0.65577446" lon="112.67660846"></trkpt>
  <trkpt lat="-0.65582776" lon="112.67655515"></trkpt>
  <trkpt lat="-0.65582776" lon="112.67660846"></trkpt>
  <trkpt lat="-0.65577446" lon="112.67660846"></trkpt>
  <trkpt lat="-0.65572115" lon="112.67666177"></trkpt>
  <trkpt lat="-0.65572115" lon="112.67660846"></trkpt>
  <trkpt lat="-0.65572115" lon="112.67666177"></trkpt>
  <trkpt lat="-0.65566784" lon="112.67660846"></trkpt>
  <trkpt lat="-0.65566784" lon="112.67666177"></trkpt>
  <trkpt lat="-0.65572115" lon="112.67660846"></trkpt>
  <trkpt lat="-0.65572115" lon="112.67655515"></trkpt>
  <trkpt lat="-0.65566784" lon="112.67650184"></trkpt>
  <trkpt lat="-0.65561453" lon="112.67650184"></trkpt>
  <trkpt lat="-0.65561453" lon="112.67644853"></trkpt>
  <trkpt lat="-0.65561453" lon="112.67655515"></trkpt>
  <trkpt lat="-0.65556122" lon="112.67660846"></trkpt>
  <trkpt lat="-0.65550791" lon="112.67660846"></trkpt>
  <trkpt lat="-0.65545460" lon="112.67655515"></trkpt>
  <trkpt lat="-0.65545460" lon="112.67650184"></trkpt>
  <trkpt lat="-0.65540129" lon="112.67655515"></trkpt>
  <trkpt lat="-0.65534798" lon="112.67655515"></trkpt>
  <trkpt lat="-0.65524137" lon="112.67655515"></trkpt>
  <trkpt lat="-0.65529468" lon="112.67650184"></trkpt>
  <trkpt lat="-0.65524137" lon="112.67650184"></trkpt>
  <trkpt lat="-0.65518806" lon="112.67650184"></trkpt>
  <trkpt lat="-0.65518806" lon="112.67644853"></trkpt>
  <trkpt lat="-0.65513475" lon="112.67644853"></trkpt>
  <trkpt lat="-0.65508144" lon="112.67644853"></trkpt>
  <trkpt lat="-0.65502813" lon="112.67639522"></trkpt>
  <trkpt lat="-0.65502813" lon="112.67644853"></trkpt>
  <trkpt lat="-0.65497491" lon="112.67644853"></trkpt>
  <trkpt lat="-0.65497491" lon="112.67650184"></trkpt>
  <trkpt lat="-0.65497491" lon="112.67644853"></trkpt>
  <trkpt lat="-0.65492160" lon="112.67650184"></trkpt>
  <trkpt lat="-0.65492160" lon="112.67644853"></trkpt>
  <trkpt lat="-0.65492160" lon="112.67639522"></trkpt>
  <trkpt lat="-0.65486829" lon="112.67639522"></trkpt>
  <trkpt lat="-0.65486829" lon="112.67644853"></trkpt>
  <trkpt lat="-0.65481498" lon="112.67644853"></trkpt>
  <trkpt lat="-0.65476167" lon="112.67644853"></trkpt>
  <trkpt lat="-0.65470836" lon="112.67644853"></trkpt>
  <trkpt lat="-0.65470836" lon="112.67639522"></trkpt>
  <trkpt lat="-0.65476167" lon="112.67639522"></trkpt>
  <trkpt lat="-0.65470836" lon="112.67639522"></trkpt>
  <trkpt lat="-0.65470836" lon="112.67644853"></trkpt>
  <trkpt lat="-0.65470836" lon="112.67650184"></trkpt>
  <trkpt lat="-0.65465505" lon="112.67644853"></trkpt>
  <trkpt lat="-0.65470836" lon="112.67650184"></trkpt>
  <trkpt lat="-0.65470836" lon="112.67655515"></trkpt>
  <trkpt lat="-0.65465505" lon="112.67655515"></trkpt>
  <trkpt lat="-0.65465505" lon="112.67650184"></trkpt>
  <trkpt lat="-0.65470836" lon="112.67650184"></trkpt>
  <trkpt lat="-0.65465505" lon="112.67644853"></trkpt>
  <trkpt lat="-0.65465505" lon="112.67650184"></trkpt>
  <trkpt lat="-0.65460174" lon="112.67650184"></trkpt>
  <trkpt lat="-0.65465505" lon="112.67650184"></trkpt>
  <trkpt lat="-0.65465505" lon="112.67644853"></trkpt>
  <trkpt lat="-0.65460174" lon="112.67650184"></trkpt>
  <trkpt lat="-0.65454843" lon="112.67650184"></trkpt>
  <trkpt lat="-0.65454843" lon="112.67655515"></trkpt>
  <trkpt lat="-0.65454843" lon="112.67650184"></trkpt>
  <trkpt lat="-0.65449513" lon="112.67650184"></trkpt>
  <trkpt lat="-0.65454843" lon="112.67650184"></trkpt>
  <trkpt lat="-0.65449513" lon="112.67650184"></trkpt>
  <trkpt lat="-0.65454843" lon="112.67650184"></trkpt>
  <trkpt lat="-0.65449513" lon="112.67650184"></trkpt>
  <trkpt lat="-0.65454843" lon="112.67655515"></trkpt>
  <trkpt lat="-0.65449513" lon="112.67655515"></trkpt>
  <trkpt lat="-0.65454843" lon="112.67655515"></trkpt>
  <trkpt lat="-0.65454843" lon="112.67660846"></trkpt>
  <trkpt lat="-0.65454843" lon="112.67655515"></trkpt>
  <trkpt lat="-0.65454843" lon="112.67660846"></trkpt>
  <trkpt lat="-0.65449513" lon="112.67666177"></trkpt>
  <trkpt lat="-0.65444182" lon="112.67666177"></trkpt>
  <trkpt lat="-0.65449513" lon="112.67671508"></trkpt>
  <trkpt lat="-0.65454843" lon="112.67671508"></trkpt>
  <trkpt lat="-0.65460174" lon="112.67676839"></trkpt>
  <trkpt lat="-0.65460174" lon="112.67682170"></trkpt>
  <trkpt lat="-0.65465505" lon="112.67682170"></trkpt>
  <trkpt lat="-0.65470836" lon="112.67687500"></trkpt>
  <trkpt lat="-0.65476167" lon="112.67687500"></trkpt>
  <trkpt lat="-0.65481498" lon="112.67687500"></trkpt>
  <trkpt lat="-0.65486829" lon="112.67687500"></trkpt>
  <trkpt lat="-0.65492160" lon="112.67692831"></trkpt>
  <trkpt lat="-0.65486829" lon="112.67692831"></trkpt>
  <trkpt lat="-0.65486829" lon="112.67687500"></trkpt>
  <trkpt lat="-0.65486829" lon="112.67692831"></trkpt>
  <trkpt lat="-0.65492160" lon="112.67692831"></trkpt>
  <trkpt lat="-0.65486829" lon="112.67692831"></trkpt>
  <trkpt lat="-0.65486829" lon="112.67698162"></trkpt>
  <trkpt lat="-0.65492160" lon="112.67703493"></trkpt>
  <trkpt lat="-0.65492160" lon="112.67698162"></trkpt>
  <trkpt lat="-0.65492160" lon="112.67703493"></trkpt>
  <trkpt lat="-0.65497491" lon="112.67698162"></trkpt>
  <trkpt lat="-0.65502813" lon="112.67698162"></trkpt>
  <trkpt lat="-0.65508144" lon="112.67698162"></trkpt>
  <trkpt lat="-0.65513475" lon="112.67703493"></trkpt>
  <trkpt lat="-0.65518806" lon="112.67703493"></trkpt>
  <trkpt lat="-0.65524137" lon="112.67698162"></trkpt>
  <trkpt lat="-0.65529468" lon="112.67698162"></trkpt>
  <trkpt lat="-0.65534798" lon="112.67698162"></trkpt>
  <trkpt lat="-0.65540129" lon="112.67703493"></trkpt>
  <trkpt lat="-0.65545460" lon="112.67708824"></trkpt>
  <trkpt lat="-0.65545460" lon="112.67714155"></trkpt>
  <trkpt lat="-0.65540129" lon="112.67719486"></trkpt>
  <trkpt lat="-0.65534798" lon="112.67724817"></trkpt>
  <trkpt lat="-0.65529468" lon="112.67735478"></trkpt>
  <trkpt lat="-0.65534798" lon="112.67740809"></trkpt>
  <trkpt lat="-0.65534798" lon="112.67746140"></trkpt>
  <trkpt lat="-0.65540129" lon="112.67746140"></trkpt>
  <trkpt lat="-0.65540129" lon="112.67751471"></trkpt>
  <trkpt lat="-0.65540129" lon="112.67756802"></trkpt>
  <trkpt lat="-0.65540129" lon="112.67762133"></trkpt>
  <trkpt lat="-0.65534798" lon="112.67767464"></trkpt>
  <trkpt lat="-0.65534798" lon="112.67772795"></trkpt>
  <trkpt lat="-0.65534798" lon="112.67778126"></trkpt>
  <trkpt lat="-0.65534798" lon="112.67788787"></trkpt>
  <trkpt lat="-0.65534798" lon="112.67794118"></trkpt>
  <trkpt lat="-0.65540129" lon="112.67794118"></trkpt>
  <trkpt lat="-0.65550791" lon="112.67799449"></trkpt>
  <trkpt lat="-0.65550791" lon="112.67804780"></trkpt>
  <trkpt lat="-0.65545460" lon="112.67810111"></trkpt>
  <trkpt lat="-0.65545460" lon="112.67815442"></trkpt>
  <trkpt lat="-0.65550791" lon="112.67826104"></trkpt>
  <trkpt lat="-0.65545460" lon="112.67831434"></trkpt>
  <trkpt lat="-0.65545460" lon="112.67836765"></trkpt>
  <trkpt lat="-0.65540129" lon="112.67847427"></trkpt>
  <trkpt lat="-0.65540129" lon="112.67852758"></trkpt>
  <trkpt lat="-0.65534798" lon="112.67863420"></trkpt>
  <trkpt lat="-0.65534798" lon="112.67868751"></trkpt>
  <trkpt lat="-0.65540129" lon="112.67874082"></trkpt>
  <trkpt lat="-0.65534798" lon="112.67879413"></trkpt>
  <trkpt lat="-0.65529468" lon="112.67884743"></trkpt>
  <trkpt lat="-0.65529468" lon="112.67890074"></trkpt>
  <trkpt lat="-0.65529468" lon="112.67895405"></trkpt>
  <trkpt lat="-0.65529468" lon="112.67900736"></trkpt>
  <trkpt lat="-0.65529468" lon="112.67906067"></trkpt>
  <trkpt lat="-0.65534798" lon="112.67906067"></trkpt>
  <trkpt lat="-0.65534798" lon="112.67911398"></trkpt>
  <trkpt lat="-0.65540129" lon="112.67916729"></trkpt>
  <trkpt lat="-0.65540129" lon="112.67922060"></trkpt>
  <trkpt lat="-0.65545460" lon="112.67927382"></trkpt>
  <trkpt lat="-0.65540129" lon="112.67932713"></trkpt>
  <trkpt lat="-0.65540129" lon="112.67938044"></trkpt>
  <trkpt lat="-0.65540129" lon="112.67943375"></trkpt>
  <trkpt lat="-0.65545460" lon="112.67948706"></trkpt>
  <trkpt lat="-0.65540129" lon="112.67948706"></trkpt>
  <trkpt lat="-0.65540129" lon="112.67954037"></trkpt>
  <trkpt lat="-0.65534798" lon="112.67954037"></trkpt>
  <trkpt lat="-0.65534798" lon="112.67959367"></trkpt>
  <trkpt lat="-0.65534798" lon="112.67964698"></trkpt>
  <trkpt lat="-0.65540129" lon="112.67970029"></trkpt>
  <trkpt lat="-0.65545460" lon="112.67970029"></trkpt>
  <trkpt lat="-0.65550791" lon="112.67970029"></trkpt>
  <trkpt lat="-0.65556122" lon="112.67970029"></trkpt>
  <trkpt lat="-0.65550791" lon="112.67970029"></trkpt>
  <trkpt lat="-0.65550791" lon="112.67975360"></trkpt>
  <trkpt lat="-0.65550791" lon="112.67980691"></trkpt>
  <trkpt lat="-0.65545460" lon="112.67986022"></trkpt>
  <trkpt lat="-0.65545460" lon="112.67991353"></trkpt>
  <trkpt lat="-0.65540129" lon="112.67996684"></trkpt>
  <trkpt lat="-0.65540129" lon="112.68002015"></trkpt>
  <trkpt lat="-0.65540129" lon="112.67996684"></trkpt>
  <trkpt lat="-0.65540129" lon="112.68002015"></trkpt>
  <trkpt lat="-0.65540129" lon="112.68007345"></trkpt>
  <trkpt lat="-0.65540129" lon="112.68012676"></trkpt>
  <trkpt lat="-0.65545460" lon="112.68018007"></trkpt>
  <trkpt lat="-0.65545460" lon="112.68023338"></trkpt>
  <trkpt lat="-0.65545460" lon="112.68018007"></trkpt>
  <trkpt lat="-0.65550791" lon="112.68023338"></trkpt>
  <trkpt lat="-0.65550791" lon="112.68028669"></trkpt>
  <trkpt lat="-0.65550791" lon="112.68034000"></trkpt>
  <trkpt lat="-0.65550791" lon="112.68039331"></trkpt>
  <trkpt lat="-0.65545460" lon="112.68039331"></trkpt>
  <trkpt lat="-0.65545460" lon="112.68044662"></trkpt>
  <trkpt lat="-0.65540129" lon="112.68044662"></trkpt>
  <trkpt lat="-0.65540129" lon="112.68049993"></trkpt>
  <trkpt lat="-0.65534798" lon="112.68049993"></trkpt>
  <trkpt lat="-0.65540129" lon="112.68055324"></trkpt>
  <trkpt lat="-0.65540129" lon="112.68060654"></trkpt>
  <trkpt lat="-0.65540129" lon="112.68065985"></trkpt>
  <trkpt lat="-0.65545460" lon="112.68065985"></trkpt>
  <trkpt lat="-0.65550791" lon="112.68071316"></trkpt>
  <trkpt lat="-0.65556122" lon="112.68081978"></trkpt>
  <trkpt lat="-0.65556122" lon="112.68087309"></trkpt>
  <trkpt lat="-0.65561453" lon="112.68092640"></trkpt>
  <trkpt lat="-0.65561453" lon="112.68097971"></trkpt>
  <trkpt lat="-0.65566784" lon="112.68103302"></trkpt>
  <trkpt lat="-0.65572115" lon="112.68103302"></trkpt>
  <trkpt lat="-0.65572115" lon="112.68108632"></trkpt>
  <trkpt lat="-0.65577446" lon="112.68108632"></trkpt>
  <trkpt lat="-0.65577446" lon="112.68113963"></trkpt>
  <trkpt lat="-0.65577446" lon="112.68119294"></trkpt>
  <trkpt lat="-0.65582776" lon="112.68119294"></trkpt>
  <trkpt lat="-0.65588099" lon="112.68124625"></trkpt>
  <trkpt lat="-0.65582776" lon="112.68124625"></trkpt>
  <trkpt lat="-0.65588099" lon="112.68129956"></trkpt>
  <trkpt lat="-0.65588099" lon="112.68135287"></trkpt>
  <trkpt lat="-0.65593430" lon="112.68140618"></trkpt>
  <trkpt lat="-0.65593430" lon="112.68145949"></trkpt>
  <trkpt lat="-0.65598761" lon="112.68145949"></trkpt>
  <trkpt lat="-0.65598761" lon="112.68151280"></trkpt>
  <trkpt lat="-0.65593430" lon="112.68151280"></trkpt>
  <trkpt lat="-0.65593430" lon="112.68156610"></trkpt>
  <trkpt lat="-0.65598761" lon="112.68156610"></trkpt>
  <trkpt lat="-0.65598761" lon="112.68161941"></trkpt>
  <trkpt lat="-0.65593430" lon="112.68161941"></trkpt>
  <trkpt lat="-0.65598761" lon="112.68167272"></trkpt>
  <trkpt lat="-0.65593430" lon="112.68167272"></trkpt>
  <trkpt lat="-0.65593430" lon="112.68172603"></trkpt>
  <trkpt lat="-0.65598761" lon="112.68172603"></trkpt>
  <trkpt lat="-0.65598761" lon="112.68177934"></trkpt>
  <trkpt lat="-0.65598761" lon="112.68183265"></trkpt>
  <trkpt lat="-0.65604092" lon="112.68188596"></trkpt>
  <trkpt lat="-0.65604092" lon="112.68193927"></trkpt>
  <trkpt lat="-0.65609423" lon="112.68193927"></trkpt>
  <trkpt lat="-0.65614753" lon="112.68199258"></trkpt>
  <trkpt lat="-0.65609423" lon="112.68199258"></trkpt>
  <trkpt lat="-0.65609423" lon="112.68204588"></trkpt>
  <trkpt lat="-0.65614753" lon="112.68204588"></trkpt>
  <trkpt lat="-0.65614753" lon="112.68209919"></trkpt>
  <trkpt lat="-0.65620084" lon="112.68209919"></trkpt>
  <trkpt lat="-0.65625415" lon="112.68215242"></trkpt>
  <trkpt lat="-0.65630746" lon="112.68215242"></trkpt>
  <trkpt lat="-0.65630746" lon="112.68220581"></trkpt>
  <trkpt lat="-0.65636077" lon="112.68220581"></trkpt>
  <trkpt lat="-0.65641408" lon="112.68225912"></trkpt>
  <trkpt lat="-0.65646739" lon="112.68231235"></trkpt>
  <trkpt lat="-0.65646739" lon="112.68236565"></trkpt>
  <trkpt lat="-0.65652070" lon="112.68241896"></trkpt>
  <trkpt lat="-0.65652070" lon="112.68247227"></trkpt>
  <trkpt lat="-0.65657401" lon="112.68247227"></trkpt>
  <trkpt lat="-0.65662731" lon="112.68252558"></trkpt>
  <trkpt lat="-0.65668062" lon="112.68252558"></trkpt>
  <trkpt lat="-0.65668062" lon="112.68257889"></trkpt>
  <trkpt lat="-0.65668062" lon="112.68263220"></trkpt>
  <trkpt lat="-0.65668062" lon="112.68268551"></trkpt>
  <trkpt lat="-0.65668062" lon="112.68273882"></trkpt>
  <trkpt lat="-0.65673385" lon="112.68279213"></trkpt>
  <trkpt lat="-0.65678716" lon="112.68279213"></trkpt>
  <trkpt lat="-0.65678716" lon="112.68284543"></trkpt>
  <trkpt lat="-0.65678716" lon="112.68289874"></trkpt>
  <trkpt lat="-0.65678716" lon="112.68295205"></trkpt>
  <trkpt lat="-0.65678716" lon="112.68300536"></trkpt>
  <trkpt lat="-0.65678716" lon="112.68305867"></trkpt>
  <trkpt lat="-0.65684047" lon="112.68311198"></trkpt>
  <trkpt lat="-0.65694708" lon="112.68316529"></trkpt>
  <trkpt lat="-0.65689377" lon="112.68316529"></trkpt>
  <trkpt lat="-0.65689377" lon="112.68321860"></trkpt>
  <trkpt lat="-0.65694708" lon="112.68321860"></trkpt>
  <trkpt lat="-0.65700039" lon="112.68327191"></trkpt>
  <trkpt lat="-0.65694708" lon="112.68327191"></trkpt>
  <trkpt lat="-0.65694708" lon="112.68332521"></trkpt>
  <trkpt lat="-0.65694708" lon="112.68343183"></trkpt>
  <trkpt lat="-0.65694708" lon="112.68348514"></trkpt>
  <trkpt lat="-0.65700039" lon="112.68353845"></trkpt>
  <trkpt lat="-0.65705370" lon="112.68359176"></trkpt>
  <trkpt lat="-0.65700039" lon="112.68359176"></trkpt>
  <trkpt lat="-0.65705370" lon="112.68359176"></trkpt>
  <trkpt lat="-0.65705370" lon="112.68353845"></trkpt>
  <trkpt lat="-0.65700039" lon="112.68353845"></trkpt>
  <trkpt lat="-0.65705370" lon="112.68353845"></trkpt>
  <trkpt lat="-0.65705370" lon="112.68359176"></trkpt>
  <trkpt lat="-0.65705370" lon="112.68364507"></trkpt>
  <trkpt lat="-0.65705370" lon="112.68369838"></trkpt>
  <trkpt lat="-0.65710701" lon="112.68369838"></trkpt>
  <trkpt lat="-0.65710701" lon="112.68375169"></trkpt>
  <trkpt lat="-0.65710701" lon="112.68380499"></trkpt>
  <trkpt lat="-0.65710701" lon="112.68385830"></trkpt>
  <trkpt lat="-0.65710701" lon="112.68391161"></trkpt>
  <trkpt lat="-0.65716032" lon="112.68391161"></trkpt>
  <trkpt lat="-0.65721363" lon="112.68396492"></trkpt>
  <trkpt lat="-0.65721363" lon="112.68401823"></trkpt>
  <trkpt lat="-0.65726694" lon="112.68407154"></trkpt>
  <trkpt lat="-0.65732025" lon="112.68412485"></trkpt>
  <trkpt lat="-0.65732025" lon="112.68417816"></trkpt>
  <trkpt lat="-0.65737356" lon="112.68417816"></trkpt>
  <trkpt lat="-0.65742686" lon="112.68423147"></trkpt>
  <trkpt lat="-0.65748017" lon="112.68428477"></trkpt>
  <trkpt lat="-0.65753348" lon="112.68433808"></trkpt>
  <trkpt lat="-0.65753348" lon="112.68439139"></trkpt>
  <trkpt lat="-0.65758679" lon="112.68439139"></trkpt>
  <trkpt lat="-0.65758679" lon="112.68444470"></trkpt>
  <trkpt lat="-0.65758679" lon="112.68449801"></trkpt>
  <trkpt lat="-0.65764002" lon="112.68449801"></trkpt>
  <trkpt lat="-0.65764002" lon="112.68455132"></trkpt>
  <trkpt lat="-0.65769332" lon="112.68455132"></trkpt>
  <trkpt lat="-0.65764002" lon="112.68455132"></trkpt>
  <trkpt lat="-0.65769332" lon="112.68455132"></trkpt>
  <trkpt lat="-0.65769332" lon="112.68460463"></trkpt>
  <trkpt lat="-0.65774663" lon="112.68460463"></trkpt>
  <trkpt lat="-0.65779994" lon="112.68465794"></trkpt>
  <trkpt lat="-0.65785325" lon="112.68471125"></trkpt>
  <trkpt lat="-0.65790656" lon="112.68471125"></trkpt>
  <trkpt lat="-0.65795987" lon="112.68476455"></trkpt>
  <trkpt lat="-0.65801318" lon="112.68481786"></trkpt>
  <trkpt lat="-0.65801318" lon="112.68487117"></trkpt>
  <trkpt lat="-0.65801318" lon="112.68492448"></trkpt>
  <trkpt lat="-0.65801318" lon="112.68497779"></trkpt>
  <trkpt lat="-0.65801318" lon="112.68503110"></trkpt>
  <trkpt lat="-0.65806649" lon="112.68503110"></trkpt>
  <trkpt lat="-0.65817310" lon="112.68508441"></trkpt>
  <trkpt lat="-0.65822641" lon="112.68513772"></trkpt>
  <trkpt lat="-0.65827972" lon="112.68519094"></trkpt>
  <trkpt lat="-0.65833303" lon="112.68524425"></trkpt>
  <trkpt lat="-0.65838634" lon="112.68524425"></trkpt>
  <trkpt lat="-0.65838634" lon="112.68529756"></trkpt>
  <trkpt lat="-0.65843965" lon="112.68535087"></trkpt>
  <trkpt lat="-0.65849287" lon="112.68535087"></trkpt>
  <trkpt lat="-0.65854618" lon="112.68535087"></trkpt>
  <trkpt lat="-0.65859949" lon="112.68540418"></trkpt>
  <trkpt lat="-0.65865280" lon="112.68540418"></trkpt>
  <trkpt lat="-0.65870611" lon="112.68540418"></trkpt>
  <trkpt lat="-0.65870611" lon="112.68545749"></trkpt>
  <trkpt lat="-0.65875942" lon="112.68545749"></trkpt>
  <trkpt lat="-0.65881273" lon="112.68551080"></trkpt>
  <trkpt lat="-0.65886604" lon="112.68551080"></trkpt>
  <trkpt lat="-0.65891935" lon="112.68551080"></trkpt>
  <trkpt lat="-0.65891935" lon="112.68556410"></trkpt>
  <trkpt lat="-0.65897265" lon="112.68561741"></trkpt>
  <trkpt lat="-0.65891935" lon="112.68561741"></trkpt>
  <trkpt lat="-0.65897265" lon="112.68567072"></trkpt>
  <trkpt lat="-0.65902596" lon="112.68567072"></trkpt>
  <trkpt lat="-0.65902596" lon="112.68572403"></trkpt>
  <trkpt lat="-0.65897265" lon="112.68577734"></trkpt>
  <trkpt lat="-0.65902596" lon="112.68577734"></trkpt>
  <trkpt lat="-0.65902596" lon="112.68582403"></trkpt>
  <trkpt lat="-0.65907927" lon="112.68582403"></trkpt>
  <trkpt lat="-0.65913258" lon="112.68582403"></trkpt>
  <trkpt lat="-0.65913258" lon="112.68587734"></trkpt>
  <trkpt lat="-0.65918589" lon="112.68593065"></trkpt>
  <trkpt lat="-0.65918589" lon="112.68598395"></trkpt>
  <trkpt lat="-0.65923920" lon="112.68598395"></trkpt>
  <trkpt lat="-0.65923920" lon="112.68603726"></trkpt>
  <trkpt lat="-0.65923920" lon="112.68609057"></trkpt>
  <trkpt lat="-0.65918589" lon="112.68609057"></trkpt>
  <trkpt lat="-0.65918589" lon="112.68614388"></trkpt>
  <trkpt lat="-0.65923920" lon="112.68609057"></trkpt>
  <trkpt lat="-0.65918589" lon="112.68614388"></trkpt>
  <trkpt lat="-0.65923920" lon="112.68614388"></trkpt>
  <trkpt lat="-0.65923920" lon="112.68609057"></trkpt>
  <trkpt lat="-0.65929251" lon="112.68609057"></trkpt>
  <trkpt lat="-0.65939904" lon="112.68614388"></trkpt>
  <trkpt lat="-0.65945235" lon="112.68614388"></trkpt>
  <trkpt lat="-0.65950566" lon="112.68614388"></trkpt>
  <trkpt lat="-0.65950566" lon="112.68619719"></trkpt>
  <trkpt lat="-0.65950566" lon="112.68625050"></trkpt>
  <trkpt lat="-0.65945235" lon="112.68630381"></trkpt>
  <trkpt lat="-0.65950566" lon="112.68630381"></trkpt>
  <trkpt lat="-0.65945235" lon="112.68630381"></trkpt>
  <trkpt lat="-0.65950566" lon="112.68635712"></trkpt>
  <trkpt lat="-0.65945235" lon="112.68630381"></trkpt>
  <trkpt lat="-0.65945235" lon="112.68635712"></trkpt>
  <trkpt lat="-0.65950566" lon="112.68635712"></trkpt>
  <trkpt lat="-0.65950566" lon="112.68641043"></trkpt>
  <trkpt lat="-0.65950566" lon="112.68646373"></trkpt>
  <trkpt lat="-0.65950566" lon="112.68651704"></trkpt>
  <trkpt lat="-0.65950566" lon="112.68646373"></trkpt>
  <trkpt lat="-0.65945235" lon="112.68646373"></trkpt>
  <trkpt lat="-0.65945235" lon="112.68651704"></trkpt>
  <trkpt lat="-0.65950566" lon="112.68657027"></trkpt>
  <trkpt lat="-0.65961228" lon="112.68657027"></trkpt>
  <trkpt lat="-0.65955897" lon="112.68662366"></trkpt>
  <trkpt lat="-0.65955897" lon="112.68673028"></trkpt>
  <trkpt lat="-0.65950566" lon="112.68667697"></trkpt>
  <trkpt lat="-0.65950566" lon="112.68673028"></trkpt>
  <trkpt lat="-0.65955897" lon="112.68678350"></trkpt>
  <trkpt lat="-0.65950566" lon="112.68683681"></trkpt>
  <trkpt lat="-0.65950566" lon="112.68689012"></trkpt>
  <trkpt lat="-0.65955897" lon="112.68689012"></trkpt>
  <trkpt lat="-0.65961228" lon="112.68689012"></trkpt>
  <trkpt lat="-0.65966559" lon="112.68694343"></trkpt>
  <trkpt lat="-0.65971890" lon="112.68694343"></trkpt>
  <trkpt lat="-0.65971890" lon="112.68699674"></trkpt>
  <trkpt lat="-0.65971890" lon="112.68705005"></trkpt>
  <trkpt lat="-0.65971890" lon="112.68699674"></trkpt>
  <trkpt lat="-0.65977220" lon="112.68699674"></trkpt>
  <trkpt lat="-0.65971890" lon="112.68699674"></trkpt>
  <trkpt lat="-0.65971890" lon="112.68705005"></trkpt>
  <trkpt lat="-0.65966559" lon="112.68710336"></trkpt>
 </trkseg>
</trk>
<trk>
 <name>5 013</name>
 <trkseg>
  <trkpt lat="-0.65966559" lon="112.68710336"></trkpt>
  <trkpt lat="-0.65966559" lon="112.68715667"></trkpt>
  <trkpt lat="-0.65961228" lon="112.68720997"></trkpt>
  <trkpt lat="-0.65955897" lon="112.68726328"></trkpt>
  <trkpt lat="-0.65955897" lon="112.68731659"></trkpt>
  <trkpt lat="-0.65950566" lon="112.68736990"></trkpt>
  <trkpt lat="-0.65955897" lon="112.68736990"></trkpt>
  <trkpt lat="-0.65961228" lon="112.68736990"></trkpt>
  <trkpt lat="-0.65955897" lon="112.68742321"></trkpt>
  <trkpt lat="-0.65961228" lon="112.68742321"></trkpt>
  <trkpt lat="-0.65966559" lon="112.68742321"></trkpt>
  <trkpt lat="-0.65971890" lon="112.68747652"></trkpt>
  <trkpt lat="-0.65971890" lon="112.68752983"></trkpt>
  <trkpt lat="-0.65971890" lon="112.68758314"></trkpt>
  <trkpt lat="-0.65971890" lon="112.68763645"></trkpt>
  <trkpt lat="-0.65977220" lon="112.68768976"></trkpt>
  <trkpt lat="-0.65977220" lon="112.68774306"></trkpt>
  <trkpt lat="-0.65977220" lon="112.68768976"></trkpt>
  <trkpt lat="-0.65977220" lon="112.68774306"></trkpt>
  <trkpt lat="-0.65982551" lon="112.68779637"></trkpt>
  <trkpt lat="-0.65977220" lon="112.68790299"></trkpt>
  <trkpt lat="-0.65977220" lon="112.68795630"></trkpt>
  <trkpt lat="-0.65982551" lon="112.68800961"></trkpt>
  <trkpt lat="-0.65982551" lon="112.68806292"></trkpt>
  <trkpt lat="-0.65982551" lon="112.68811623"></trkpt>
  <trkpt lat="-0.65982551" lon="112.68816954"></trkpt>
  <trkpt lat="-0.65987882" lon="112.68822284"></trkpt>
  <trkpt lat="-0.65987882" lon="112.68827615"></trkpt>
  <trkpt lat="-0.65987882" lon="112.68832946"></trkpt>
  <trkpt lat="-0.65987882" lon="112.68838277"></trkpt>
  <trkpt lat="-0.65987882" lon="112.68843608"></trkpt>
  <trkpt lat="-0.65993213" lon="112.68843608"></trkpt>
  <trkpt lat="-0.65987882" lon="112.68843608"></trkpt>
  <trkpt lat="-0.65987882" lon="112.68848939"></trkpt>
  <trkpt lat="-0.65987882" lon="112.68854270"></trkpt>
  <trkpt lat="-0.65987882" lon="112.68859601"></trkpt>
  <trkpt lat="-0.65987882" lon="112.68864932"></trkpt>
  <trkpt lat="-0.65987882" lon="112.68870262"></trkpt>
  <trkpt lat="-0.65987882" lon="112.68875593"></trkpt>
  <trkpt lat="-0.65987882" lon="112.68880924"></trkpt>
  <trkpt lat="-0.65993213" lon="112.68880924"></trkpt>
  <trkpt lat="-0.65993213" lon="112.68886255"></trkpt>
  <trkpt lat="-0.65993213" lon="112.68880924"></trkpt>
  <trkpt lat="-0.65993213" lon="112.68886255"></trkpt>
  <trkpt lat="-0.65993213" lon="112.68880924"></trkpt>
  <trkpt lat="-0.65993213" lon="112.68886255"></trkpt>
  <trkpt lat="-0.65993213" lon="112.68880924"></trkpt>
  <trkpt lat="-0.65987882" lon="112.68880924"></trkpt>
  <trkpt lat="-0.65993213" lon="112.68880924"></trkpt>
  <trkpt lat="-0.65993213" lon="112.68891586"></trkpt>
  <trkpt lat="-0.65998544" lon="112.68891586"></trkpt>
  <trkpt lat="-0.65993213" lon="112.68886255"></trkpt>
  <trkpt lat="-0.65998544" lon="112.68886255"></trkpt>
  <trkpt lat="-0.65993213" lon="112.68891586"></trkpt>
  <trkpt lat="-0.65998544" lon="112.68891586"></trkpt>
  <trkpt lat="-0.65998544" lon="112.68896917"></trkpt>
  <trkpt lat="-0.65998544" lon="112.68891586"></trkpt>
  <trkpt lat="-0.65993213" lon="112.68891586"></trkpt>
  <trkpt lat="-0.65998544" lon="112.68886255"></trkpt>
  <trkpt lat="-0.65998544" lon="112.68891586"></trkpt>
  <trkpt lat="-0.65998544" lon="112.68886255"></trkpt>
  <trkpt lat="-0.65998544" lon="112.68891586"></trkpt>
  <trkpt lat="-0.65993213" lon="112.68891586"></trkpt>
  <trkpt lat="-0.65993213" lon="112.68886255"></trkpt>
  <trkpt lat="-0.65993213" lon="112.68891586"></trkpt>
  <trkpt lat="-0.65993213" lon="112.68886255"></trkpt>
  <trkpt lat="-0.65993213" lon="112.68891586"></trkpt>
  <trkpt lat="-0.65993213" lon="112.68886255"></trkpt>
  <trkpt lat="-0.65993213" lon="112.68891586"></trkpt>
  <trkpt lat="-0.65993213" lon="112.68886255"></trkpt>
  <trkpt lat="-0.65993213" lon="112.68891586"></trkpt>
  <trkpt lat="-0.65993213" lon="112.68886255"></trkpt>
  <trkpt lat="-0.65993213" lon="112.68891586"></trkpt>
  <trkpt lat="-0.65993213" lon="112.68886255"></trkpt>
  <trkpt lat="-0.65993213" lon="112.68891586"></trkpt>
  <trkpt lat="-0.65993213" lon="112.68886255"></trkpt>
  <trkpt lat="-0.65993213" lon="112.68891586"></trkpt>
  <trkpt lat="-0.65998544" lon="112.68891586"></trkpt>
  <trkpt lat="-0.65993213" lon="112.68886255"></trkpt>
  <trkpt lat="-0.65993213" lon="112.68891586"></trkpt>
  <trkpt lat="-0.65982551" lon="112.68886255"></trkpt>
  <trkpt lat="-0.65993213" lon="112.68891586"></trkpt>
  <trkpt lat="-0.65998544" lon="112.68891586"></trkpt>
  <trkpt lat="-0.65998544" lon="112.68896917"></trkpt>
  <trkpt lat="-0.65993213" lon="112.68891586"></trkpt>
  <trkpt lat="-0.65987882" lon="112.68891586"></trkpt>
  <trkpt lat="-0.65987882" lon="112.68886255"></trkpt>
  <trkpt lat="-0.65998544" lon="112.68891586"></trkpt>
  <trkpt lat="-0.65998544" lon="112.68896917"></trkpt>
  <trkpt lat="-0.65993213" lon="112.68891586"></trkpt>
  <trkpt lat="-0.65987882" lon="112.68891586"></trkpt>
  <trkpt lat="-0.65998544" lon="112.68891586"></trkpt>
  <trkpt lat="-0.65987882" lon="112.68891586"></trkpt>
  <trkpt lat="-0.65998544" lon="112.68891586"></trkpt>
  <trkpt lat="-0.65993213" lon="112.68891586"></trkpt>
  <trkpt lat="-0.65993213" lon="112.68886255"></trkpt>
  <trkpt lat="-0.65993213" lon="112.68891586"></trkpt>
  <trkpt lat="-0.65993213" lon="112.68886255"></trkpt>
  <trkpt lat="-0.65993213" lon="112.68891586"></trkpt>
  <trkpt lat="-0.65993213" lon="112.68886255"></trkpt>
  <trkpt lat="-0.65993213" lon="112.68891586"></trkpt>
  <trkpt lat="-0.65993213" lon="112.68886255"></trkpt>
  <trkpt lat="-0.65993213" lon="112.68891586"></trkpt>
  <trkpt lat="-0.65993213" lon="112.68886255"></trkpt>
  <trkpt lat="-0.65993213" lon="112.68891586"></trkpt>
  <trkpt lat="-0.65993213" lon="112.68886255"></trkpt>
  <trkpt lat="-0.65998544" lon="112.68886255"></trkpt>
  <trkpt lat="-0.65993213" lon="112.68891586"></trkpt>
  <trkpt lat="-0.65993213" lon="112.68886255"></trkpt>
  <trkpt lat="-0.65993213" lon="112.68880924"></trkpt>
  <trkpt lat="-0.65987882" lon="112.68875593"></trkpt>
  <trkpt lat="-0.65987882" lon="112.68870262"></trkpt>
  <trkpt lat="-0.65987882" lon="112.68864932"></trkpt>
  <trkpt lat="-0.65987882" lon="112.68859601"></trkpt>
  <trkpt lat="-0.65987882" lon="112.68854270"></trkpt>
  <trkpt lat="-0.65987882" lon="112.68848939"></trkpt>
  <trkpt lat="-0.65987882" lon="112.68843608"></trkpt>
  <trkpt lat="-0.65987882" lon="112.68838277"></trkpt>
  <trkpt lat="-0.65987882" lon="112.68832946"></trkpt>
  <trkpt lat="-0.65987882" lon="112.68827615"></trkpt>
  <trkpt lat="-0.65982551" lon="112.68827615"></trkpt>
  <trkpt lat="-0.65982551" lon="112.68816954"></trkpt>
  <trkpt lat="-0.65982551" lon="112.68811623"></trkpt>
  <trkpt lat="-0.65977220" lon="112.68806292"></trkpt>
  <trkpt lat="-0.65977220" lon="112.68800961"></trkpt>
  <trkpt lat="-0.65977220" lon="112.68790299"></trkpt>
  <trkpt lat="-0.65977220" lon="112.68784968"></trkpt>
  <trkpt lat="-0.65977220" lon="112.68779637"></trkpt>
  <trkpt lat="-0.65977220" lon="112.68774306"></trkpt>
  <trkpt lat="-0.65971890" lon="112.68768976"></trkpt>
  <trkpt lat="-0.65971890" lon="112.68763645"></trkpt>
  <trkpt lat="-0.65971890" lon="112.68758314"></trkpt>
  <trkpt lat="-0.65971890" lon="112.68752983"></trkpt>
  <trkpt lat="-0.65966559" lon="112.68747652"></trkpt>
  <trkpt lat="-0.65961228" lon="112.68742321"></trkpt>
  <trkpt lat="-0.65955897" lon="112.68736990"></trkpt>
  <trkpt lat="-0.65955897" lon="112.68731659"></trkpt>
  <trkpt lat="-0.65961228" lon="112.68726328"></trkpt>
  <trkpt lat="-0.65966559" lon="112.68720997"></trkpt>
  <trkpt lat="-0.65961228" lon="112.68720997"></trkpt>
  <trkpt lat="-0.65961228" lon="112.68715667"></trkpt>
  <trkpt lat="-0.65966559" lon="112.68710336"></trkpt>
  <trkpt lat="-0.65971890" lon="112.68705005"></trkpt>
  <trkpt lat="-0.65971890" lon="112.68699674"></trkpt>
  <trkpt lat="-0.65966559" lon="112.68699674"></trkpt>
  <trkpt lat="-0.65971890" lon="112.68699674"></trkpt>
  <trkpt lat="-0.65966559" lon="112.68694343"></trkpt>
  <trkpt lat="-0.65955897" lon="112.68689012"></trkpt>
  <trkpt lat="-0.65950566" lon="112.68683681"></trkpt>
  <trkpt lat="-0.65950566" lon="112.68678350"></trkpt>
  <trkpt lat="-0.65950566" lon="112.68673028"></trkpt>
  <trkpt lat="-0.65955897" lon="112.68667697"></trkpt>
  <trkpt lat="-0.65955897" lon="112.68662366"></trkpt>
  <trkpt lat="-0.65950566" lon="112.68657027"></trkpt>
  <trkpt lat="-0.65950566" lon="112.68651704"></trkpt>
  <trkpt lat="-0.65950566" lon="112.68646373"></trkpt>
  <trkpt lat="-0.65950566" lon="112.68641043"></trkpt>
  <trkpt lat="-0.65950566" lon="112.68635712"></trkpt>
  <trkpt lat="-0.65945235" lon="112.68635712"></trkpt>
  <trkpt lat="-0.65950566" lon="112.68630381"></trkpt>
  <trkpt lat="-0.65950566" lon="112.68625050"></trkpt>
  <trkpt lat="-0.65950566" lon="112.68619719"></trkpt>
  <trkpt lat="-0.65945235" lon="112.68619719"></trkpt>
  <trkpt lat="-0.65939904" lon="112.68614388"></trkpt>
  <trkpt lat="-0.65934573" lon="112.68614388"></trkpt>
  <trkpt lat="-0.65929251" lon="112.68614388"></trkpt>
  <trkpt lat="-0.65923920" lon="112.68614388"></trkpt>
  <trkpt lat="-0.65918589" lon="112.68609057"></trkpt>
  <trkpt lat="-0.65918589" lon="112.68603726"></trkpt>
  <trkpt lat="-0.65918589" lon="112.68598395"></trkpt>
  <trkpt lat="-0.65918589" lon="112.68593065"></trkpt>
  <trkpt lat="-0.65918589" lon="112.68587734"></trkpt>
  <trkpt lat="-0.65913258" lon="112.68587734"></trkpt>
  <trkpt lat="-0.65913258" lon="112.68582403"></trkpt>
  <trkpt lat="-0.65907927" lon="112.68582403"></trkpt>
  <trkpt lat="-0.65902596" lon="112.68582403"></trkpt>
  <trkpt lat="-0.65897265" lon="112.68577734"></trkpt>
  <trkpt lat="-0.65902596" lon="112.68572403"></trkpt>
  <trkpt lat="-0.65897265" lon="112.68561741"></trkpt>
  <trkpt lat="-0.65891935" lon="112.68561741"></trkpt>
  <trkpt lat="-0.65891935" lon="112.68556410"></trkpt>
  <trkpt lat="-0.65886604" lon="112.68556410"></trkpt>
  <trkpt lat="-0.65886604" lon="112.68551080"></trkpt>
  <trkpt lat="-0.65881273" lon="112.68551080"></trkpt>
  <trkpt lat="-0.65875942" lon="112.68545749"></trkpt>
  <trkpt lat="-0.65870611" lon="112.68545749"></trkpt>
  <trkpt lat="-0.65865280" lon="112.68540418"></trkpt>
  <trkpt lat="-0.65859949" lon="112.68535087"></trkpt>
  <trkpt lat="-0.65854618" lon="112.68535087"></trkpt>
  <trkpt lat="-0.65849287" lon="112.68535087"></trkpt>
  <trkpt lat="-0.65838634" lon="112.68529756"></trkpt>
  <trkpt lat="-0.65833303" lon="112.68524425"></trkpt>
  <trkpt lat="-0.65827972" lon="112.68519094"></trkpt>
  <trkpt lat="-0.65822641" lon="112.68513772"></trkpt>
  <trkpt lat="-0.65811980" lon="112.68508441"></trkpt>
  <trkpt lat="-0.65811980" lon="112.68503110"></trkpt>
  <trkpt lat="-0.65806649" lon="112.68503110"></trkpt>
  <trkpt lat="-0.65801318" lon="112.68497779"></trkpt>
  <trkpt lat="-0.65801318" lon="112.68487117"></trkpt>
  <trkpt lat="-0.65795987" lon="112.68481786"></trkpt>
  <trkpt lat="-0.65795987" lon="112.68476455"></trkpt>
  <trkpt lat="-0.65790656" lon="112.68476455"></trkpt>
  <trkpt lat="-0.65785325" lon="112.68471125"></trkpt>
  <trkpt lat="-0.65774663" lon="112.68465794"></trkpt>
  <trkpt lat="-0.65769332" lon="112.68460463"></trkpt>
  <trkpt lat="-0.65764002" lon="112.68460463"></trkpt>
  <trkpt lat="-0.65764002" lon="112.68455132"></trkpt>
  <trkpt lat="-0.65758679" lon="112.68449801"></trkpt>
  <trkpt lat="-0.65753348" lon="112.68444470"></trkpt>
  <trkpt lat="-0.65753348" lon="112.68439139"></trkpt>
  <trkpt lat="-0.65748017" lon="112.68433808"></trkpt>
  <trkpt lat="-0.65748017" lon="112.68428477"></trkpt>
  <trkpt lat="-0.65742686" lon="112.68428477"></trkpt>
  <trkpt lat="-0.65742686" lon="112.68423147"></trkpt>
  <trkpt lat="-0.65742686" lon="112.68428477"></trkpt>
  <trkpt lat="-0.65737356" lon="112.68423147"></trkpt>
  <trkpt lat="-0.65737356" lon="112.68417816"></trkpt>
  <trkpt lat="-0.65732025" lon="112.68412485"></trkpt>
  <trkpt lat="-0.65726694" lon="112.68407154"></trkpt>
  <trkpt lat="-0.65721363" lon="112.68401823"></trkpt>
  <trkpt lat="-0.65716032" lon="112.68396492"></trkpt>
  <trkpt lat="-0.65716032" lon="112.68391161"></trkpt>
  <trkpt lat="-0.65710701" lon="112.68385830"></trkpt>
  <trkpt lat="-0.65710701" lon="112.68380499"></trkpt>
  <trkpt lat="-0.65710701" lon="112.68369838"></trkpt>
  <trkpt lat="-0.65705370" lon="112.68369838"></trkpt>
  <trkpt lat="-0.65710701" lon="112.68369838"></trkpt>
  <trkpt lat="-0.65705370" lon="112.68364507"></trkpt>
  <trkpt lat="-0.65705370" lon="112.68359176"></trkpt>
  <trkpt lat="-0.65700039" lon="112.68353845"></trkpt>
  <trkpt lat="-0.65694708" lon="112.68348514"></trkpt>
  <trkpt lat="-0.65694708" lon="112.68343183"></trkpt>
  <trkpt lat="-0.65694708" lon="112.68337852"></trkpt>
  <trkpt lat="-0.65694708" lon="112.68332521"></trkpt>
  <trkpt lat="-0.65694708" lon="112.68327191"></trkpt>
  <trkpt lat="-0.65694708" lon="112.68321860"></trkpt>
  <trkpt lat="-0.65689377" lon="112.68316529"></trkpt>
  <trkpt lat="-0.65684047" lon="112.68316529"></trkpt>
  <trkpt lat="-0.65678716" lon="112.68311198"></trkpt>
  <trkpt lat="-0.65678716" lon="112.68305867"></trkpt>
  <trkpt lat="-0.65678716" lon="112.68300536"></trkpt>
  <trkpt lat="-0.65673385" lon="112.68289874"></trkpt>
  <trkpt lat="-0.65678716" lon="112.68284543"></trkpt>
  <trkpt lat="-0.65673385" lon="112.68279213"></trkpt>
  <trkpt lat="-0.65668062" lon="112.68273882"></trkpt>
  <trkpt lat="-0.65668062" lon="112.68268551"></trkpt>
  <trkpt lat="-0.65668062" lon="112.68263220"></trkpt>
  <trkpt lat="-0.65668062" lon="112.68257889"></trkpt>
  <trkpt lat="-0.65657401" lon="112.68252558"></trkpt>
  <trkpt lat="-0.65652070" lon="112.68252558"></trkpt>
  <trkpt lat="-0.65652070" lon="112.68241896"></trkpt>
  <trkpt lat="-0.65646739" lon="112.68236565"></trkpt>
  <trkpt lat="-0.65646739" lon="112.68231235"></trkpt>
  <trkpt lat="-0.65652070" lon="112.68231235"></trkpt>
  <trkpt lat="-0.65646739" lon="112.68231235"></trkpt>
  <trkpt lat="-0.65641408" lon="112.68231235"></trkpt>
  <trkpt lat="-0.65636077" lon="112.68225912"></trkpt>
  <trkpt lat="-0.65630746" lon="112.68220581"></trkpt>
  <trkpt lat="-0.65625415" lon="112.68220581"></trkpt>
  <trkpt lat="-0.65625415" lon="112.68215242"></trkpt>
  <trkpt lat="-0.65620084" lon="112.68209919"></trkpt>
  <trkpt lat="-0.65614753" lon="112.68204588"></trkpt>
  <trkpt lat="-0.65609423" lon="112.68204588"></trkpt>
  <trkpt lat="-0.65609423" lon="112.68199258"></trkpt>
  <trkpt lat="-0.65609423" lon="112.68193927"></trkpt>
  <trkpt lat="-0.65598761" lon="112.68188596"></trkpt>
  <trkpt lat="-0.65598761" lon="112.68183265"></trkpt>
  <trkpt lat="-0.65598761" lon="112.68177934"></trkpt>
  <trkpt lat="-0.65593430" lon="112.68172603"></trkpt>
  <trkpt lat="-0.65598761" lon="112.68172603"></trkpt>
  <trkpt lat="-0.65593430" lon="112.68167272"></trkpt>
  <trkpt lat="-0.65598761" lon="112.68167272"></trkpt>
  <trkpt lat="-0.65598761" lon="112.68161941"></trkpt>
  <trkpt lat="-0.65598761" lon="112.68156610"></trkpt>
  <trkpt lat="-0.65593430" lon="112.68156610"></trkpt>
  <trkpt lat="-0.65598761" lon="112.68151280"></trkpt>
  <trkpt lat="-0.65593430" lon="112.68145949"></trkpt>
  <trkpt lat="-0.65593430" lon="112.68140618"></trkpt>
  <trkpt lat="-0.65582776" lon="112.68135287"></trkpt>
  <trkpt lat="-0.65582776" lon="112.68129956"></trkpt>
  <trkpt lat="-0.65588099" lon="112.68129956"></trkpt>
  <trkpt lat="-0.65582776" lon="112.68135287"></trkpt>
  <trkpt lat="-0.65588099" lon="112.68129956"></trkpt>
  <trkpt lat="-0.65582776" lon="112.68129956"></trkpt>
  <trkpt lat="-0.65588099" lon="112.68129956"></trkpt>
  <trkpt lat="-0.65582776" lon="112.68129956"></trkpt>
  <trkpt lat="-0.65582776" lon="112.68135287"></trkpt>
  <trkpt lat="-0.65588099" lon="112.68135287"></trkpt>
  <trkpt lat="-0.65588099" lon="112.68129956"></trkpt>
  <trkpt lat="-0.65582776" lon="112.68124625"></trkpt>
  <trkpt lat="-0.65582776" lon="112.68119294"></trkpt>
  <trkpt lat="-0.65577446" lon="112.68119294"></trkpt>
  <trkpt lat="-0.65577446" lon="112.68113963"></trkpt>
  <trkpt lat="-0.65572115" lon="112.68108632"></trkpt>
  <trkpt lat="-0.65572115" lon="112.68103302"></trkpt>
  <trkpt lat="-0.65566784" lon="112.68103302"></trkpt>
  <trkpt lat="-0.65561453" lon="112.68097971"></trkpt>
  <trkpt lat="-0.65556122" lon="112.68092640"></trkpt>
  <trkpt lat="-0.65556122" lon="112.68087309"></trkpt>
  <trkpt lat="-0.65550791" lon="112.68081978"></trkpt>
  <trkpt lat="-0.65550791" lon="112.68076647"></trkpt>
  <trkpt lat="-0.65550791" lon="112.68071316"></trkpt>
  <trkpt lat="-0.65545460" lon="112.68065985"></trkpt>
  <trkpt lat="-0.65540129" lon="112.68065985"></trkpt>
  <trkpt lat="-0.65540129" lon="112.68060654"></trkpt>
  <trkpt lat="-0.65540129" lon="112.68055324"></trkpt>
  <trkpt lat="-0.65534798" lon="112.68049993"></trkpt>
  <trkpt lat="-0.65540129" lon="112.68044662"></trkpt>
  <trkpt lat="-0.65545460" lon="112.68044662"></trkpt>
  <trkpt lat="-0.65550791" lon="112.68039331"></trkpt>
  <trkpt lat="-0.65550791" lon="112.68034000"></trkpt>
  <trkpt lat="-0.65545460" lon="112.68028669"></trkpt>
  <trkpt lat="-0.65540129" lon="112.68023338"></trkpt>
  <trkpt lat="-0.65534798" lon="112.68018007"></trkpt>
  <trkpt lat="-0.65534798" lon="112.68012676"></trkpt>
  <trkpt lat="-0.65534798" lon="112.68007345"></trkpt>
  <trkpt lat="-0.65540129" lon="112.68002015"></trkpt>
  <trkpt lat="-0.65540129" lon="112.67996684"></trkpt>
  <trkpt lat="-0.65540129" lon="112.67991353"></trkpt>
  <trkpt lat="-0.65545460" lon="112.67986022"></trkpt>
  <trkpt lat="-0.65550791" lon="112.67980691"></trkpt>
  <trkpt lat="-0.65550791" lon="112.67975360"></trkpt>
  <trkpt lat="-0.65545460" lon="112.67975360"></trkpt>
  <trkpt lat="-0.65540129" lon="112.67975360"></trkpt>
  <trkpt lat="-0.65540129" lon="112.67970029"></trkpt>
  <trkpt lat="-0.65540129" lon="112.67975360"></trkpt>
  <trkpt lat="-0.65534798" lon="112.67964698"></trkpt>
  <trkpt lat="-0.65534798" lon="112.67959367"></trkpt>
  <trkpt lat="-0.65534798" lon="112.67954037"></trkpt>
  <trkpt lat="-0.65540129" lon="112.67954037"></trkpt>
  <trkpt lat="-0.65540129" lon="112.67948706"></trkpt>
  <trkpt lat="-0.65540129" lon="112.67943375"></trkpt>
  <trkpt lat="-0.65540129" lon="112.67938044"></trkpt>
  <trkpt lat="-0.65534798" lon="112.67932713"></trkpt>
  <trkpt lat="-0.65534798" lon="112.67922060"></trkpt>
  <trkpt lat="-0.65534798" lon="112.67916729"></trkpt>
  <trkpt lat="-0.65534798" lon="112.67911398"></trkpt>
  <trkpt lat="-0.65529468" lon="112.67911398"></trkpt>
  <trkpt lat="-0.65529468" lon="112.67906067"></trkpt>
  <trkpt lat="-0.65524137" lon="112.67906067"></trkpt>
  <trkpt lat="-0.65529468" lon="112.67900736"></trkpt>
  <trkpt lat="-0.65529468" lon="112.67895405"></trkpt>
  <trkpt lat="-0.65529468" lon="112.67890074"></trkpt>
  <trkpt lat="-0.65534798" lon="112.67884743"></trkpt>
  <trkpt lat="-0.65534798" lon="112.67879413"></trkpt>
  <trkpt lat="-0.65534798" lon="112.67874082"></trkpt>
  <trkpt lat="-0.65534798" lon="112.67868751"></trkpt>
  <trkpt lat="-0.65534798" lon="112.67858089"></trkpt>
  <trkpt lat="-0.65540129" lon="112.67847427"></trkpt>
  <trkpt lat="-0.65540129" lon="112.67836765"></trkpt>
  <trkpt lat="-0.65545460" lon="112.67836765"></trkpt>
  <trkpt lat="-0.65545460" lon="112.67831434"></trkpt>
  <trkpt lat="-0.65540129" lon="112.67826104"></trkpt>
  <trkpt lat="-0.65545460" lon="112.67820773"></trkpt>
  <trkpt lat="-0.65545460" lon="112.67810111"></trkpt>
  <trkpt lat="-0.65545460" lon="112.67799449"></trkpt>
  <trkpt lat="-0.65550791" lon="112.67799449"></trkpt>
  <trkpt lat="-0.65550791" lon="112.67794118"></trkpt>
  <trkpt lat="-0.65550791" lon="112.67788787"></trkpt>
  <trkpt lat="-0.65545460" lon="112.67788787"></trkpt>
  <trkpt lat="-0.65545460" lon="112.67783456"></trkpt>
  <trkpt lat="-0.65545460" lon="112.67778126"></trkpt>
  <trkpt lat="-0.65545460" lon="112.67772795"></trkpt>
  <trkpt lat="-0.65545460" lon="112.67778126"></trkpt>
  <trkpt lat="-0.65545460" lon="112.67772795"></trkpt>
  <trkpt lat="-0.65540129" lon="112.67762133"></trkpt>
  <trkpt lat="-0.65534798" lon="112.67756802"></trkpt>
  <trkpt lat="-0.65534798" lon="112.67751471"></trkpt>
  <trkpt lat="-0.65534798" lon="112.67746140"></trkpt>
  <trkpt lat="-0.65534798" lon="112.67740809"></trkpt>
  <trkpt lat="-0.65529468" lon="112.67740809"></trkpt>
  <trkpt lat="-0.65534798" lon="112.67730148"></trkpt>
  <trkpt lat="-0.65534798" lon="112.67724817"></trkpt>
  <trkpt lat="-0.65540129" lon="112.67724817"></trkpt>
  <trkpt lat="-0.65545460" lon="112.67719486"></trkpt>
  <trkpt lat="-0.65540129" lon="112.67719486"></trkpt>
  <trkpt lat="-0.65540129" lon="112.67714155"></trkpt>
  <trkpt lat="-0.65540129" lon="112.67708824"></trkpt>
  <trkpt lat="-0.65540129" lon="112.67703493"></trkpt>
  <trkpt lat="-0.65534798" lon="112.67698162"></trkpt>
  <trkpt lat="-0.65529468" lon="112.67703493"></trkpt>
  <trkpt lat="-0.65524137" lon="112.67703493"></trkpt>
  <trkpt lat="-0.65518806" lon="112.67703493"></trkpt>
  <trkpt lat="-0.65513475" lon="112.67703493"></trkpt>
  <trkpt lat="-0.65508144" lon="112.67698162"></trkpt>
  <trkpt lat="-0.65502813" lon="112.67698162"></trkpt>
  <trkpt lat="-0.65502813" lon="112.67703493"></trkpt>
  <trkpt lat="-0.65497491" lon="112.67698162"></trkpt>
  <trkpt lat="-0.65497491" lon="112.67703493"></trkpt>
  <trkpt lat="-0.65492160" lon="112.67703493"></trkpt>
  <trkpt lat="-0.65492160" lon="112.67698162"></trkpt>
  <trkpt lat="-0.65492160" lon="112.67692831"></trkpt>
  <trkpt lat="-0.65486829" lon="112.67692831"></trkpt>
  <trkpt lat="-0.65492160" lon="112.67692831"></trkpt>
  <trkpt lat="-0.65486829" lon="112.67692831"></trkpt>
  <trkpt lat="-0.65486829" lon="112.67687500"></trkpt>
  <trkpt lat="-0.65481498" lon="112.67687500"></trkpt>
  <trkpt lat="-0.65476167" lon="112.67687500"></trkpt>
  <trkpt lat="-0.65470836" lon="112.67687500"></trkpt>
  <trkpt lat="-0.65465505" lon="112.67682170"></trkpt>
  <trkpt lat="-0.65460174" lon="112.67676839"></trkpt>
  <trkpt lat="-0.65454843" lon="112.67676839"></trkpt>
  <trkpt lat="-0.65449513" lon="112.67676839"></trkpt>
  <trkpt lat="-0.65449513" lon="112.67671508"></trkpt>
  <trkpt lat="-0.65444182" lon="112.67666177"></trkpt>
  <trkpt lat="-0.65449513" lon="112.67666177"></trkpt>
  <trkpt lat="-0.65454843" lon="112.67666177"></trkpt>
  <trkpt lat="-0.65454843" lon="112.67660846"></trkpt>
  <trkpt lat="-0.65454843" lon="112.67655515"></trkpt>
  <trkpt lat="-0.65454843" lon="112.67650184"></trkpt>
  <trkpt lat="-0.65460174" lon="112.67655515"></trkpt>
  <trkpt lat="-0.65460174" lon="112.67660846"></trkpt>
  <trkpt lat="-0.65465505" lon="112.67660846"></trkpt>
  <trkpt lat="-0.65470836" lon="112.67660846"></trkpt>
  <trkpt lat="-0.65470836" lon="112.67655515"></trkpt>
  <trkpt lat="-0.65470836" lon="112.67650184"></trkpt>
  <trkpt lat="-0.65465505" lon="112.67655515"></trkpt>
  <trkpt lat="-0.65470836" lon="112.67655515"></trkpt>
  <trkpt lat="-0.65470836" lon="112.67650184"></trkpt>
  <trkpt lat="-0.65476167" lon="112.67655515"></trkpt>
  <trkpt lat="-0.65476167" lon="112.67650184"></trkpt>
  <trkpt lat="-0.65470836" lon="112.67650184"></trkpt>
  <trkpt lat="-0.65476167" lon="112.67650184"></trkpt>
  <trkpt lat="-0.65481498" lon="112.67650184"></trkpt>
  <trkpt lat="-0.65481498" lon="112.67655515"></trkpt>
  <trkpt lat="-0.65486829" lon="112.67655515"></trkpt>
  <trkpt lat="-0.65486829" lon="112.67650184"></trkpt>
  <trkpt lat="-0.65492160" lon="112.67655515"></trkpt>
  <trkpt lat="-0.65492160" lon="112.67650184"></trkpt>
  <trkpt lat="-0.65497491" lon="112.67650184"></trkpt>
  <trkpt lat="-0.65502813" lon="112.67650184"></trkpt>
  <trkpt lat="-0.65508144" lon="112.67650184"></trkpt>
  <trkpt lat="-0.65513475" lon="112.67644853"></trkpt>
  <trkpt lat="-0.65513475" lon="112.67650184"></trkpt>
  <trkpt lat="-0.65518806" lon="112.67650184"></trkpt>
  <trkpt lat="-0.65518806" lon="112.67655515"></trkpt>
  <trkpt lat="-0.65524137" lon="112.67655515"></trkpt>
  <trkpt lat="-0.65529468" lon="112.67650184"></trkpt>
  <trkpt lat="-0.65534798" lon="112.67655515"></trkpt>
  <trkpt lat="-0.65540129" lon="112.67655515"></trkpt>
  <trkpt lat="-0.65534798" lon="112.67655515"></trkpt>
  <trkpt lat="-0.65534798" lon="112.67660846"></trkpt>
  <trkpt lat="-0.65540129" lon="112.67655515"></trkpt>
  <trkpt lat="-0.65545460" lon="112.67655515"></trkpt>
  <trkpt lat="-0.65545460" lon="112.67650184"></trkpt>
  <trkpt lat="-0.65550791" lon="112.67650184"></trkpt>
  <trkpt lat="-0.65550791" lon="112.67644853"></trkpt>
  <trkpt lat="-0.65550791" lon="112.67650184"></trkpt>
  <trkpt lat="-0.65556122" lon="112.67655515"></trkpt>
  <trkpt lat="-0.65561453" lon="112.67655515"></trkpt>
  <trkpt lat="-0.65561453" lon="112.67650184"></trkpt>
  <trkpt lat="-0.65566784" lon="112.67644853"></trkpt>
  <trkpt lat="-0.65572115" lon="112.67650184"></trkpt>
  <trkpt lat="-0.65577446" lon="112.67650184"></trkpt>
  <trkpt lat="-0.65577446" lon="112.67655515"></trkpt>
  <trkpt lat="-0.65577446" lon="112.67650184"></trkpt>
  <trkpt lat="-0.65577446" lon="112.67644853"></trkpt>
  <trkpt lat="-0.65582776" lon="112.67639522"></trkpt>
  <trkpt lat="-0.65582776" lon="112.67650184"></trkpt>
  <trkpt lat="-0.65582776" lon="112.67644853"></trkpt>
  <trkpt lat="-0.65588099" lon="112.67644853"></trkpt>
  <trkpt lat="-0.65593430" lon="112.67639522"></trkpt>
  <trkpt lat="-0.65593430" lon="112.67634200"></trkpt>
  <trkpt lat="-0.65598761" lon="112.67634200"></trkpt>
  <trkpt lat="-0.65604092" lon="112.67634200"></trkpt>
  <trkpt lat="-0.65604092" lon="112.67639522"></trkpt>
  <trkpt lat="-0.65604092" lon="112.67644853"></trkpt>
  <trkpt lat="-0.65604092" lon="112.67639522"></trkpt>
  <trkpt lat="-0.65593430" lon="112.67644853"></trkpt>
  <trkpt lat="-0.65598761" lon="112.67644853"></trkpt>
  <trkpt lat="-0.65598761" lon="112.67634200"></trkpt>
  <trkpt lat="-0.65598761" lon="112.67639522"></trkpt>
  <trkpt lat="-0.65598761" lon="112.67634200"></trkpt>
  <trkpt lat="-0.65604092" lon="112.67628869"></trkpt>
  <trkpt lat="-0.65609423" lon="112.67628869"></trkpt>
  <trkpt lat="-0.65604092" lon="112.67623538"></trkpt>
  <trkpt lat="-0.65609423" lon="112.67623538"></trkpt>
  <trkpt lat="-0.65614753" lon="112.67623538"></trkpt>
  <trkpt lat="-0.65620084" lon="112.67623538"></trkpt>
  <trkpt lat="-0.65620084" lon="112.67628869"></trkpt>
  <trkpt lat="-0.65614753" lon="112.67628869"></trkpt>
  <trkpt lat="-0.65614753" lon="112.67623538"></trkpt>
  <trkpt lat="-0.65620084" lon="112.67623538"></trkpt>
  <trkpt lat="-0.65625415" lon="112.67623538"></trkpt>
  <trkpt lat="-0.65625415" lon="112.67618199"></trkpt>
  <trkpt lat="-0.65625415" lon="112.67612876"></trkpt>
  <trkpt lat="-0.65630746" lon="112.67607545"></trkpt>
  <trkpt lat="-0.65630746" lon="112.67602215"></trkpt>
  <trkpt lat="-0.65636077" lon="112.67602215"></trkpt>
  <trkpt lat="-0.65636077" lon="112.67596884"></trkpt>
  <trkpt lat="-0.65636077" lon="112.67602215"></trkpt>
  <trkpt lat="-0.65641408" lon="112.67596884"></trkpt>
  <trkpt lat="-0.65636077" lon="112.67596884"></trkpt>
  <trkpt lat="-0.65636077" lon="112.67591553"></trkpt>
  <trkpt lat="-0.65630746" lon="112.67586222"></trkpt>
  <trkpt lat="-0.65630746" lon="112.67575560"></trkpt>
  <trkpt lat="-0.65641408" lon="112.67570229"></trkpt>
  <trkpt lat="-0.65641408" lon="112.67564898"></trkpt>
  <trkpt lat="-0.65646739" lon="112.67559567"></trkpt>
  <trkpt lat="-0.65646739" lon="112.67554237"></trkpt>
  <trkpt lat="-0.65657401" lon="112.67548906"></trkpt>
  <trkpt lat="-0.65662731" lon="112.67548906"></trkpt>
  <trkpt lat="-0.65668062" lon="112.67543575"></trkpt>
  <trkpt lat="-0.65668062" lon="112.67538244"></trkpt>
  <trkpt lat="-0.65668062" lon="112.67532913"></trkpt>
  <trkpt lat="-0.65673385" lon="112.67532913"></trkpt>
  <trkpt lat="-0.65673385" lon="112.67527582"></trkpt>
  <trkpt lat="-0.65678716" lon="112.67527582"></trkpt>
  <trkpt lat="-0.65678716" lon="112.67522251"></trkpt>
  <trkpt lat="-0.65684047" lon="112.67516920"></trkpt>
  <trkpt lat="-0.65689377" lon="112.67516920"></trkpt>
  <trkpt lat="-0.65689377" lon="112.67511589"></trkpt>
  <trkpt lat="-0.65694708" lon="112.67511589"></trkpt>
  <trkpt lat="-0.65700039" lon="112.67506259"></trkpt>
  <trkpt lat="-0.65700039" lon="112.67500928"></trkpt>
  <trkpt lat="-0.65710701" lon="112.67495597"></trkpt>
  <trkpt lat="-0.65716032" lon="112.67495597"></trkpt>
  <trkpt lat="-0.65721363" lon="112.67490266"></trkpt>
  <trkpt lat="-0.65721363" lon="112.67484935"></trkpt>
  <trkpt lat="-0.65726694" lon="112.67479604"></trkpt>
  <trkpt lat="-0.65732025" lon="112.67474273"></trkpt>
  <trkpt lat="-0.65732025" lon="112.67468942"></trkpt>
  <trkpt lat="-0.65737356" lon="112.67463611"></trkpt>
  <trkpt lat="-0.65748017" lon="112.67458281"></trkpt>
  <trkpt lat="-0.65748017" lon="112.67452950"></trkpt>
  <trkpt lat="-0.65748017" lon="112.67447619"></trkpt>
  <trkpt lat="-0.65753348" lon="112.67447619"></trkpt>
  <trkpt lat="-0.65758679" lon="112.67442288"></trkpt>
  <trkpt lat="-0.65758679" lon="112.67436957"></trkpt>
  <trkpt lat="-0.65758679" lon="112.67431626"></trkpt>
  <trkpt lat="-0.65764002" lon="112.67420964"></trkpt>
  <trkpt lat="-0.65764002" lon="112.67415633"></trkpt>
  <trkpt lat="-0.65764002" lon="112.67410303"></trkpt>
  <trkpt lat="-0.65764002" lon="112.67404972"></trkpt>
  <trkpt lat="-0.65758679" lon="112.67410303"></trkpt>
  <trkpt lat="-0.65753348" lon="112.67404972"></trkpt>
  <trkpt lat="-0.65758679" lon="112.67399641"></trkpt>
  <trkpt lat="-0.65764002" lon="112.67399641"></trkpt>
  <trkpt lat="-0.65764002" lon="112.67404972"></trkpt>
  <trkpt lat="-0.65764002" lon="112.67399641"></trkpt>
  <trkpt lat="-0.65764002" lon="112.67388979"></trkpt>
  <trkpt lat="-0.65764002" lon="112.67383648"></trkpt>
  <trkpt lat="-0.65774663" lon="112.67372986"></trkpt>
  <trkpt lat="-0.65774663" lon="112.67367655"></trkpt>
  <trkpt lat="-0.65769332" lon="112.67367655"></trkpt>
  <trkpt lat="-0.65774663" lon="112.67356994"></trkpt>
  <trkpt lat="-0.65779994" lon="112.67351663"></trkpt>
  <trkpt lat="-0.65779994" lon="112.67346332"></trkpt>
  <trkpt lat="-0.65779994" lon="112.67335670"></trkpt>
  <trkpt lat="-0.65779994" lon="112.67319686"></trkpt>
  <trkpt lat="-0.65779994" lon="112.67303693"></trkpt>
  <trkpt lat="-0.65785325" lon="112.67293031"></trkpt>
  <trkpt lat="-0.65785325" lon="112.67287700"></trkpt>
  <trkpt lat="-0.65790656" lon="112.67277039"></trkpt>
  <trkpt lat="-0.65785325" lon="112.67261046"></trkpt>
  <trkpt lat="-0.65795987" lon="112.67255715"></trkpt>
  <trkpt lat="-0.65801318" lon="112.67239722"></trkpt>
  <trkpt lat="-0.65806649" lon="112.67229061"></trkpt>
  <trkpt lat="-0.65817310" lon="112.67213068"></trkpt>
  <trkpt lat="-0.65822641" lon="112.67207737"></trkpt>
  <trkpt lat="-0.65827972" lon="112.67197075"></trkpt>
  <trkpt lat="-0.65838634" lon="112.67186414"></trkpt>
  <trkpt lat="-0.65833303" lon="112.67181083"></trkpt>
  <trkpt lat="-0.65838634" lon="112.67165090"></trkpt>
  <trkpt lat="-0.65838634" lon="112.67154428"></trkpt>
  <trkpt lat="-0.65838634" lon="112.67138436"></trkpt>
  <trkpt lat="-0.65843965" lon="112.67127774"></trkpt>
  <trkpt lat="-0.65849287" lon="112.67117112"></trkpt>
  <trkpt lat="-0.65854618" lon="112.67117112"></trkpt>
  <trkpt lat="-0.65859949" lon="112.67117112"></trkpt>
  <trkpt lat="-0.65865280" lon="112.67111781"></trkpt>
  <trkpt lat="-0.65870611" lon="112.67106450"></trkpt>
  <trkpt lat="-0.65875942" lon="112.67106450"></trkpt>
  <trkpt lat="-0.65881273" lon="112.67095788"></trkpt>
  <trkpt lat="-0.65881273" lon="112.67090457"></trkpt>
  <trkpt lat="-0.65881273" lon="112.67079796"></trkpt>
  <trkpt lat="-0.65881273" lon="112.67074465"></trkpt>
  <trkpt lat="-0.65881273" lon="112.67063803"></trkpt>
  <trkpt lat="-0.65881273" lon="112.67053141"></trkpt>
  <trkpt lat="-0.65881273" lon="112.67047810"></trkpt>
  <trkpt lat="-0.65881273" lon="112.67042488"></trkpt>
  <trkpt lat="-0.65886604" lon="112.67042488"></trkpt>
  <trkpt lat="-0.65886604" lon="112.67037157"></trkpt>
  <trkpt lat="-0.65891935" lon="112.67037157"></trkpt>
  <trkpt lat="-0.65886604" lon="112.67031826"></trkpt>
  <trkpt lat="-0.65881273" lon="112.67021164"></trkpt>
  <trkpt lat="-0.65886604" lon="112.67015833"></trkpt>
  <trkpt lat="-0.65886604" lon="112.67005172"></trkpt>
  <trkpt lat="-0.65891935" lon="112.67010503"></trkpt>
  <trkpt lat="-0.65897265" lon="112.67005172"></trkpt>
  <trkpt lat="-0.65902596" lon="112.66994510"></trkpt>
  <trkpt lat="-0.65913258" lon="112.66994510"></trkpt>
  <trkpt lat="-0.65929251" lon="112.66983848"></trkpt>
  <trkpt lat="-0.65939904" lon="112.66978517"></trkpt>
  <trkpt lat="-0.65939904" lon="112.66973186"></trkpt>
  <trkpt lat="-0.65939904" lon="112.66967855"></trkpt>
  <trkpt lat="-0.65945235" lon="112.66962525"></trkpt>
  <trkpt lat="-0.65945235" lon="112.66951863"></trkpt>
  <trkpt lat="-0.65945235" lon="112.66941201"></trkpt>
  <trkpt lat="-0.65945235" lon="112.66935870"></trkpt>
  <trkpt lat="-0.65950566" lon="112.66930539"></trkpt>
  <trkpt lat="-0.65950566" lon="112.66925208"></trkpt>
  <trkpt lat="-0.65945235" lon="112.66919877"></trkpt>
  <trkpt lat="-0.65945235" lon="112.66909216"></trkpt>
  <trkpt lat="-0.65950566" lon="112.66903885"></trkpt>
  <trkpt lat="-0.65950566" lon="112.66893223"></trkpt>
  <trkpt lat="-0.65945235" lon="112.66887892"></trkpt>
  <trkpt lat="-0.65945235" lon="112.66877230"></trkpt>
  <trkpt lat="-0.65950566" lon="112.66871899"></trkpt>
  <trkpt lat="-0.65950566" lon="112.66866568"></trkpt>
  <trkpt lat="-0.65955897" lon="112.66866568"></trkpt>
  <trkpt lat="-0.65955897" lon="112.66855907"></trkpt>
  <trkpt lat="-0.65955897" lon="112.66845245"></trkpt>
  <trkpt lat="-0.65961228" lon="112.66834583"></trkpt>
  <trkpt lat="-0.65971890" lon="112.66823921"></trkpt>
  <trkpt lat="-0.65971890" lon="112.66818590"></trkpt>
  <trkpt lat="-0.65977220" lon="112.66807929"></trkpt>
  <trkpt lat="-0.65977220" lon="112.66802598"></trkpt>
  <trkpt lat="-0.65982551" lon="112.66797267"></trkpt>
  <trkpt lat="-0.65977220" lon="112.66781274"></trkpt>
  <trkpt lat="-0.65977220" lon="112.66770612"></trkpt>
  <trkpt lat="-0.65977220" lon="112.66759951"></trkpt>
  <trkpt lat="-0.65971890" lon="112.66754628"></trkpt>
  <trkpt lat="-0.65977220" lon="112.66754628"></trkpt>
  <trkpt lat="-0.65977220" lon="112.66743958"></trkpt>
  <trkpt lat="-0.65977220" lon="112.66738627"></trkpt>
  <trkpt lat="-0.65977220" lon="112.66733305"></trkpt>
  <trkpt lat="-0.65977220" lon="112.66722643"></trkpt>
  <trkpt lat="-0.65982551" lon="112.66711981"></trkpt>
  <trkpt lat="-0.65982551" lon="112.66701319"></trkpt>
  <trkpt lat="-0.65982551" lon="112.66690657"></trkpt>
  <trkpt lat="-0.65987882" lon="112.66685327"></trkpt>
  <trkpt lat="-0.65987882" lon="112.66674665"></trkpt>
  <trkpt lat="-0.65993213" lon="112.66664003"></trkpt>
  <trkpt lat="-0.65993213" lon="112.66658672"></trkpt>
  <trkpt lat="-0.65993213" lon="112.66653341"></trkpt>
  <trkpt lat="-0.65993213" lon="112.66648010"></trkpt>
  <trkpt lat="-0.65982551" lon="112.66637349"></trkpt>
  <trkpt lat="-0.65987882" lon="112.66626687"></trkpt>
  <trkpt lat="-0.65982551" lon="112.66621356"></trkpt>
  <trkpt lat="-0.65982551" lon="112.66616025"></trkpt>
  <trkpt lat="-0.65982551" lon="112.66605363"></trkpt>
  <trkpt lat="-0.65977220" lon="112.66589371"></trkpt>
  <trkpt lat="-0.65971890" lon="112.66584040"></trkpt>
  <trkpt lat="-0.65971890" lon="112.66573378"></trkpt>
  <trkpt lat="-0.65971890" lon="112.66568047"></trkpt>
  <trkpt lat="-0.65971890" lon="112.66557385"></trkpt>
  <trkpt lat="-0.65971890" lon="112.66546723"></trkpt>
  <trkpt lat="-0.65977220" lon="112.66536062"></trkpt>
  <trkpt lat="-0.65977220" lon="112.66530731"></trkpt>
  <trkpt lat="-0.65977220" lon="112.66520069"></trkpt>
  <trkpt lat="-0.65977220" lon="112.66514738"></trkpt>
  <trkpt lat="-0.65977220" lon="112.66498745"></trkpt>
  <trkpt lat="-0.65977220" lon="112.66488084"></trkpt>
  <trkpt lat="-0.65971890" lon="112.66477422"></trkpt>
  <trkpt lat="-0.65966559" lon="112.66472091"></trkpt>
  <trkpt lat="-0.65966559" lon="112.66466760"></trkpt>
  <trkpt lat="-0.65955897" lon="112.66461429"></trkpt>
  <trkpt lat="-0.65950566" lon="112.66456098"></trkpt>
  <trkpt lat="-0.65945235" lon="112.66450767"></trkpt>
  <trkpt lat="-0.65939904" lon="112.66445445"></trkpt>
  <trkpt lat="-0.65934573" lon="112.66440114"></trkpt>
  <trkpt lat="-0.65923920" lon="112.66440114"></trkpt>
  <trkpt lat="-0.65918589" lon="112.66434783"></trkpt>
  <trkpt lat="-0.65913258" lon="112.66434783"></trkpt>
  <trkpt lat="-0.65907927" lon="112.66429452"></trkpt>
  <trkpt lat="-0.65902596" lon="112.66424121"></trkpt>
  <trkpt lat="-0.65897265" lon="112.66418790"></trkpt>
  <trkpt lat="-0.65891935" lon="112.66408129"></trkpt>
  <trkpt lat="-0.65886604" lon="112.66392136"></trkpt>
  <trkpt lat="-0.65886604" lon="112.66386805"></trkpt>
  <trkpt lat="-0.65886604" lon="112.66381474"></trkpt>
  <trkpt lat="-0.65881273" lon="112.66381474"></trkpt>
  <trkpt lat="-0.65875942" lon="112.66365482"></trkpt>
  <trkpt lat="-0.65875942" lon="112.66360151"></trkpt>
  <trkpt lat="-0.65870611" lon="112.66354820"></trkpt>
  <trkpt lat="-0.65870611" lon="112.66344158"></trkpt>
  <trkpt lat="-0.65870611" lon="112.66338827"></trkpt>
  <trkpt lat="-0.65870611" lon="112.66333496"></trkpt>
  <trkpt lat="-0.65875942" lon="112.66328165"></trkpt>
  <trkpt lat="-0.65881273" lon="112.66328165"></trkpt>
  <trkpt lat="-0.65886604" lon="112.66328165"></trkpt>
  <trkpt lat="-0.65897265" lon="112.66328165"></trkpt>
  <trkpt lat="-0.65907927" lon="112.66328165"></trkpt>
  <trkpt lat="-0.65913258" lon="112.66328165"></trkpt>
  <trkpt lat="-0.65918589" lon="112.66328165"></trkpt>
  <trkpt lat="-0.65918589" lon="112.66333496"></trkpt>
  <trkpt lat="-0.65923920" lon="112.66333496"></trkpt>
  <trkpt lat="-0.65929251" lon="112.66333496"></trkpt>
  <trkpt lat="-0.65939904" lon="112.66338827"></trkpt>
  <trkpt lat="-0.65945235" lon="112.66333496"></trkpt>
  <trkpt lat="-0.65950566" lon="112.66333496"></trkpt>
  <trkpt lat="-0.65966559" lon="112.66333496"></trkpt>
  <trkpt lat="-0.65977220" lon="112.66338827"></trkpt>
  <trkpt lat="-0.65982551" lon="112.66344158"></trkpt>
  <trkpt lat="-0.65987882" lon="112.66344158"></trkpt>
  <trkpt lat="-0.65993213" lon="112.66344158"></trkpt>
  <trkpt lat="-0.65998544" lon="112.66344158"></trkpt>
  <trkpt lat="-0.66003875" lon="112.66349489"></trkpt>
  <trkpt lat="-0.66003875" lon="112.66338827"></trkpt>
  <trkpt lat="-0.66003875" lon="112.66344158"></trkpt>
  <trkpt lat="-0.65998544" lon="112.66344158"></trkpt>
  <trkpt lat="-0.66014537" lon="112.66360151"></trkpt>
  <trkpt lat="-0.66014537" lon="112.66365482"></trkpt>
  <trkpt lat="-0.66009206" lon="112.66354820"></trkpt>
  <trkpt lat="-0.66003875" lon="112.66349489"></trkpt>
  <trkpt lat="-0.66009206" lon="112.66349489"></trkpt>
  <trkpt lat="-0.65998544" lon="112.66344158"></trkpt>
  <trkpt lat="-0.65998544" lon="112.66349489"></trkpt>
  <trkpt lat="-0.65998544" lon="112.66344158"></trkpt>
  <trkpt lat="-0.65993213" lon="112.66344158"></trkpt>
  <trkpt lat="-0.65998544" lon="112.66344158"></trkpt>
  <trkpt lat="-0.65993213" lon="112.66344158"></trkpt>
  <trkpt lat="-0.65998544" lon="112.66344158"></trkpt>
  <trkpt lat="-0.66003875" lon="112.66338827"></trkpt>
  <trkpt lat="-0.66009206" lon="112.66354820"></trkpt>
  <trkpt lat="-0.66009206" lon="112.66349489"></trkpt>
  <trkpt lat="-0.65998544" lon="112.66338827"></trkpt>
  <trkpt lat="-0.66003875" lon="112.66338827"></trkpt>
  <trkpt lat="-0.66009206" lon="112.66333496"></trkpt>
  <trkpt lat="-0.66014537" lon="112.66333496"></trkpt>
  <trkpt lat="-0.66019859" lon="112.66328165"></trkpt>
  <trkpt lat="-0.66014537" lon="112.66328165"></trkpt>
  <trkpt lat="-0.66019859" lon="112.66328165"></trkpt>
  <trkpt lat="-0.66025190" lon="112.66328165"></trkpt>
  <trkpt lat="-0.66030521" lon="112.66328165"></trkpt>
  <trkpt lat="-0.66041183" lon="112.66322834"></trkpt>
  <trkpt lat="-0.66046514" lon="112.66322834"></trkpt>
  <trkpt lat="-0.66051845" lon="112.66322834"></trkpt>
  <trkpt lat="-0.66046514" lon="112.66328165"></trkpt>
  <trkpt lat="-0.66046514" lon="112.66333496"></trkpt>
  <trkpt lat="-0.66041183" lon="112.66333496"></trkpt>
  <trkpt lat="-0.66035852" lon="112.66333496"></trkpt>
  <trkpt lat="-0.66030521" lon="112.66333496"></trkpt>
  <trkpt lat="-0.66025190" lon="112.66333496"></trkpt>
  <trkpt lat="-0.66019859" lon="112.66333496"></trkpt>
  <trkpt lat="-0.66019859" lon="112.66338827"></trkpt>
  <trkpt lat="-0.66014537" lon="112.66344158"></trkpt>
  <trkpt lat="-0.66009206" lon="112.66338827"></trkpt>
  <trkpt lat="-0.66009206" lon="112.66344158"></trkpt>
  <trkpt lat="-0.66009206" lon="112.66349489"></trkpt>
  <trkpt lat="-0.66003875" lon="112.66349489"></trkpt>
  <trkpt lat="-0.66003875" lon="112.66354820"></trkpt>
  <trkpt lat="-0.65998544" lon="112.66354820"></trkpt>
  <trkpt lat="-0.65987882" lon="112.66354820"></trkpt>
  <trkpt lat="-0.65977220" lon="112.66354820"></trkpt>
  <trkpt lat="-0.65971890" lon="112.66349489"></trkpt>
  <trkpt lat="-0.65966559" lon="112.66349489"></trkpt>
  <trkpt lat="-0.65961228" lon="112.66344158"></trkpt>
  <trkpt lat="-0.65945235" lon="112.66349489"></trkpt>
  <trkpt lat="-0.65934573" lon="112.66354820"></trkpt>
  <trkpt lat="-0.65929251" lon="112.66354820"></trkpt>
  <trkpt lat="-0.65929251" lon="112.66349489"></trkpt>
  <trkpt lat="-0.65923920" lon="112.66349489"></trkpt>
  <trkpt lat="-0.65918589" lon="112.66349489"></trkpt>
  <trkpt lat="-0.65902596" lon="112.66344158"></trkpt>
  <trkpt lat="-0.65897265" lon="112.66338827"></trkpt>
  <trkpt lat="-0.65886604" lon="112.66328165"></trkpt>
  <trkpt lat="-0.65875942" lon="112.66322834"></trkpt>
  <trkpt lat="-0.65870611" lon="112.66317504"></trkpt>
  <trkpt lat="-0.65865280" lon="112.66317504"></trkpt>
  <trkpt lat="-0.65859949" lon="112.66317504"></trkpt>
  <trkpt lat="-0.65865280" lon="112.66312173"></trkpt>
  <trkpt lat="-0.65870611" lon="112.66312173"></trkpt>
  <trkpt lat="-0.65865280" lon="112.66317504"></trkpt>
  <trkpt lat="-0.65870611" lon="112.66312173"></trkpt>
  <trkpt lat="-0.65865280" lon="112.66312173"></trkpt>
  <trkpt lat="-0.65865280" lon="112.66306842"></trkpt>
  <trkpt lat="-0.65859949" lon="112.66312173"></trkpt>
  <trkpt lat="-0.65859949" lon="112.66317504"></trkpt>
  <trkpt lat="-0.65859949" lon="112.66312173"></trkpt>
  <trkpt lat="-0.65854618" lon="112.66312173"></trkpt>
  <trkpt lat="-0.65849287" lon="112.66301511"></trkpt>
  <trkpt lat="-0.65843965" lon="112.66296180"></trkpt>
  <trkpt lat="-0.65838634" lon="112.66285518"></trkpt>
  <trkpt lat="-0.65838634" lon="112.66274856"></trkpt>
  <trkpt lat="-0.65838634" lon="112.66269526"></trkpt>
  <trkpt lat="-0.65838634" lon="112.66258864"></trkpt>
  <trkpt lat="-0.65838634" lon="112.66253533"></trkpt>
  <trkpt lat="-0.65833303" lon="112.66248202"></trkpt>
  <trkpt lat="-0.65827972" lon="112.66237540"></trkpt>
  <trkpt lat="-0.65822641" lon="112.66232209"></trkpt>
  <trkpt lat="-0.65817310" lon="112.66232209"></trkpt>
  <trkpt lat="-0.65811980" lon="112.66226878"></trkpt>
  <trkpt lat="-0.65801318" lon="112.66221547"></trkpt>
  <trkpt lat="-0.65795987" lon="112.66216217"></trkpt>
  <trkpt lat="-0.65785325" lon="112.66216217"></trkpt>
  <trkpt lat="-0.65785325" lon="112.66210886"></trkpt>
  <trkpt lat="-0.65785325" lon="112.66205555"></trkpt>
  <trkpt lat="-0.65779994" lon="112.66205555"></trkpt>
  <trkpt lat="-0.65774663" lon="112.66205555"></trkpt>
  <trkpt lat="-0.65769332" lon="112.66200224"></trkpt>
  <trkpt lat="-0.65764002" lon="112.66205555"></trkpt>
  <trkpt lat="-0.65758679" lon="112.66200224"></trkpt>
  <trkpt lat="-0.65753348" lon="112.66200224"></trkpt>
  <trkpt lat="-0.65748017" lon="112.66194893"></trkpt>
  <trkpt lat="-0.65737356" lon="112.66194893"></trkpt>
  <trkpt lat="-0.65726694" lon="112.66194893"></trkpt>
  <trkpt lat="-0.65716032" lon="112.66184231"></trkpt>
  <trkpt lat="-0.65705370" lon="112.66184231"></trkpt>
  <trkpt lat="-0.65700039" lon="112.66178900"></trkpt>
  <trkpt lat="-0.65689377" lon="112.66173569"></trkpt>
  <trkpt lat="-0.65684047" lon="112.66168239"></trkpt>
  <trkpt lat="-0.65673385" lon="112.66162916"></trkpt>
  <trkpt lat="-0.65668062" lon="112.66162916"></trkpt>
  <trkpt lat="-0.65657401" lon="112.66157577"></trkpt>
  <trkpt lat="-0.65652070" lon="112.66152246"></trkpt>
  <trkpt lat="-0.65641408" lon="112.66146915"></trkpt>
  <trkpt lat="-0.65636077" lon="112.66141593"></trkpt>
  <trkpt lat="-0.65630746" lon="112.66136262"></trkpt>
  <trkpt lat="-0.65625415" lon="112.66136262"></trkpt>
  <trkpt lat="-0.65620084" lon="112.66136262"></trkpt>
  <trkpt lat="-0.65604092" lon="112.66136262"></trkpt>
  <trkpt lat="-0.65588099" lon="112.66136262"></trkpt>
  <trkpt lat="-0.65577446" lon="112.66130931"></trkpt>
  <trkpt lat="-0.65572115" lon="112.66130931"></trkpt>
  <trkpt lat="-0.65561453" lon="112.66125600"></trkpt>
  <trkpt lat="-0.65556122" lon="112.66125600"></trkpt>
  <trkpt lat="-0.65545460" lon="112.66120269"></trkpt>
  <trkpt lat="-0.65534798" lon="112.66109607"></trkpt>
  <trkpt lat="-0.65529468" lon="112.66109607"></trkpt>
  <trkpt lat="-0.65524137" lon="112.66098945"></trkpt>
  <trkpt lat="-0.65518806" lon="112.66093615"></trkpt>
  <trkpt lat="-0.65508144" lon="112.66098945"></trkpt>
  <trkpt lat="-0.65502813" lon="112.66098945"></trkpt>
  <trkpt lat="-0.65492160" lon="112.66098945"></trkpt>
  <trkpt lat="-0.65481498" lon="112.66088284"></trkpt>
  <trkpt lat="-0.65481498" lon="112.66077622"></trkpt>
  <trkpt lat="-0.65481498" lon="112.66072291"></trkpt>
  <trkpt lat="-0.65476167" lon="112.66066960"></trkpt>
  <trkpt lat="-0.65470836" lon="112.66061629"></trkpt>
  <trkpt lat="-0.65465505" lon="112.66061629"></trkpt>
  <trkpt lat="-0.65454843" lon="112.66056298"></trkpt>
  <trkpt lat="-0.65454843" lon="112.66061629"></trkpt>
  <trkpt lat="-0.65449513" lon="112.66056298"></trkpt>
  <trkpt lat="-0.65433520" lon="112.66050967"></trkpt>
  <trkpt lat="-0.65428189" lon="112.66045636"></trkpt>
  <trkpt lat="-0.65422858" lon="112.66034975"></trkpt>
  <trkpt lat="-0.65422858" lon="112.66029644"></trkpt>
  <trkpt lat="-0.65417527" lon="112.66024313"></trkpt>
  <trkpt lat="-0.65417527" lon="112.66018982"></trkpt>
  <trkpt lat="-0.65412205" lon="112.66018982"></trkpt>
  <trkpt lat="-0.65412205" lon="112.66013651"></trkpt>
  <trkpt lat="-0.65406874" lon="112.66013651"></trkpt>
  <trkpt lat="-0.65406874" lon="112.66008320"></trkpt>
  <trkpt lat="-0.65396212" lon="112.66008320"></trkpt>
  <trkpt lat="-0.65390881" lon="112.66008320"></trkpt>
  <trkpt lat="-0.65380219" lon="112.66008320"></trkpt>
  <trkpt lat="-0.65374888" lon="112.66008320"></trkpt>
  <trkpt lat="-0.65374888" lon="112.66002989"></trkpt>
  <trkpt lat="-0.65369558" lon="112.66002989"></trkpt>
  <trkpt lat="-0.65364227" lon="112.66002989"></trkpt>
  <trkpt lat="-0.65358896" lon="112.65997658"></trkpt>
  <trkpt lat="-0.65353565" lon="112.65997658"></trkpt>
  <trkpt lat="-0.65348234" lon="112.65992328"></trkpt>
  <trkpt lat="-0.65337572" lon="112.65992328"></trkpt>
  <trkpt lat="-0.65332241" lon="112.65992328"></trkpt>
  <trkpt lat="-0.65326919" lon="112.65981666"></trkpt>
  <trkpt lat="-0.65316257" lon="112.65981666"></trkpt>
  <trkpt lat="-0.65305595" lon="112.65976335"></trkpt>
  <trkpt lat="-0.65300264" lon="112.65971004"></trkpt>
  <trkpt lat="-0.65294934" lon="112.65971004"></trkpt>
  <trkpt lat="-0.65289603" lon="112.65960342"></trkpt>
  <trkpt lat="-0.65284272" lon="112.65955011"></trkpt>
  <trkpt lat="-0.65278941" lon="112.65944350"></trkpt>
  <trkpt lat="-0.65273610" lon="112.65939019"></trkpt>
  <trkpt lat="-0.65257617" lon="112.65939019"></trkpt>
  <trkpt lat="-0.65252286" lon="112.65939019"></trkpt>
  <trkpt lat="-0.65246955" lon="112.65939019"></trkpt>
  <trkpt lat="-0.65246955" lon="112.65933688"></trkpt>
  <trkpt lat="-0.65241633" lon="112.65928357"></trkpt>
  <trkpt lat="-0.65236302" lon="112.65933688"></trkpt>
  <trkpt lat="-0.65225640" lon="112.65933688"></trkpt>
  <trkpt lat="-0.65220309" lon="112.65928357"></trkpt>
  <trkpt lat="-0.65214979" lon="112.65933688"></trkpt>
  <trkpt lat="-0.65209648" lon="112.65928357"></trkpt>
  <trkpt lat="-0.65204317" lon="112.65928357"></trkpt>
  <trkpt lat="-0.65204317" lon="112.65923026"></trkpt>
  <trkpt lat="-0.65198986" lon="112.65917695"></trkpt>
  <trkpt lat="-0.65193655" lon="112.65917695"></trkpt>
  <trkpt lat="-0.65193655" lon="112.65928357"></trkpt>
  <trkpt lat="-0.65188324" lon="112.65928357"></trkpt>
  <trkpt lat="-0.65188324" lon="112.65933688"></trkpt>
  <trkpt lat="-0.65177662" lon="112.65933688"></trkpt>
  <trkpt lat="-0.65167001" lon="112.65939019"></trkpt>
  <trkpt lat="-0.65156347" lon="112.65939019"></trkpt>
  <trkpt lat="-0.65151008" lon="112.65944350"></trkpt>
  <trkpt lat="-0.65145685" lon="112.65939019"></trkpt>
  <trkpt lat="-0.65135024" lon="112.65939019"></trkpt>
  <trkpt lat="-0.65129693" lon="112.65939019"></trkpt>
  <trkpt lat="-0.65119031" lon="112.65939019"></trkpt>
  <trkpt lat="-0.65113700" lon="112.65939019"></trkpt>
  <trkpt lat="-0.65108369" lon="112.65939019"></trkpt>
  <trkpt lat="-0.65108369" lon="112.65933688"></trkpt>
  <trkpt lat="-0.65103038" lon="112.65923026"></trkpt>
  <trkpt lat="-0.65092376" lon="112.65923026"></trkpt>
  <trkpt lat="-0.65081715" lon="112.65923026"></trkpt>
  <trkpt lat="-0.65076384" lon="112.65923026"></trkpt>
  <trkpt lat="-0.65065722" lon="112.65917695"></trkpt>
  <trkpt lat="-0.65060399" lon="112.65912364"></trkpt>
  <trkpt lat="-0.65055069" lon="112.65912364"></trkpt>
  <trkpt lat="-0.65049738" lon="112.65912364"></trkpt>
  <trkpt lat="-0.65044407" lon="112.65907033"></trkpt>
  <trkpt lat="-0.65039076" lon="112.65901702"></trkpt>
  <trkpt lat="-0.65039076" lon="112.65896372"></trkpt>
  <trkpt lat="-0.65033745" lon="112.65891041"></trkpt>
  <trkpt lat="-0.65033745" lon="112.65885710"></trkpt>
  <trkpt lat="-0.65033745" lon="112.65880379"></trkpt>
  <trkpt lat="-0.65039076" lon="112.65891041"></trkpt>
  <trkpt lat="-0.65033745" lon="112.65891041"></trkpt>
  <trkpt lat="-0.65028414" lon="112.65891041"></trkpt>
  <trkpt lat="-0.65023083" lon="112.65885710"></trkpt>
  <trkpt lat="-0.65017752" lon="112.65885710"></trkpt>
  <trkpt lat="-0.65007091" lon="112.65891041"></trkpt>
  <trkpt lat="-0.65001760" lon="112.65891041"></trkpt>
  <trkpt lat="-0.64996429" lon="112.65885710"></trkpt>
  <trkpt lat="-0.64991098" lon="112.65880379"></trkpt>
  <trkpt lat="-0.64980436" lon="112.65875048"></trkpt>
  <trkpt lat="-0.64975114" lon="112.65875048"></trkpt>
  <trkpt lat="-0.64964452" lon="112.65864386"></trkpt>
  <trkpt lat="-0.64959121" lon="112.65864386"></trkpt>
  <trkpt lat="-0.64953790" lon="112.65853733"></trkpt>
  <trkpt lat="-0.64948459" lon="112.65848402"></trkpt>
  <trkpt lat="-0.64943128" lon="112.65843071"></trkpt>
  <trkpt lat="-0.64943128" lon="112.65832409"></trkpt>
  <trkpt lat="-0.64937797" lon="112.65843071"></trkpt>
  <trkpt lat="-0.64932466" lon="112.65837740"></trkpt>
  <trkpt lat="-0.64932466" lon="112.65821747"></trkpt>
  <trkpt lat="-0.64927136" lon="112.65816417"></trkpt>
  <trkpt lat="-0.64921805" lon="112.65816417"></trkpt>
  <trkpt lat="-0.64916474" lon="112.65805755"></trkpt>
  <trkpt lat="-0.64905812" lon="112.65800424"></trkpt>
  <trkpt lat="-0.64900481" lon="112.65795093"></trkpt>
  <trkpt lat="-0.64895150" lon="112.65795093"></trkpt>
  <trkpt lat="-0.64884497" lon="112.65784431"></trkpt>
  <trkpt lat="-0.64884497" lon="112.65779100"></trkpt>
  <trkpt lat="-0.64879166" lon="112.65773769"></trkpt>
  <trkpt lat="-0.64873835" lon="112.65763108"></trkpt>
  <trkpt lat="-0.64868504" lon="112.65747115"></trkpt>
  <trkpt lat="-0.64863173" lon="112.65736453"></trkpt>
  <trkpt lat="-0.64857842" lon="112.65731122"></trkpt>
  <trkpt lat="-0.64852512" lon="112.65725791"></trkpt>
  <trkpt lat="-0.64852512" lon="112.65715130"></trkpt>
  <trkpt lat="-0.64847181" lon="112.65709799"></trkpt>
  <trkpt lat="-0.64841850" lon="112.65699137"></trkpt>
  <trkpt lat="-0.64841850" lon="112.65693806"></trkpt>
  <trkpt lat="-0.64841850" lon="112.65688475"></trkpt>
  <trkpt lat="-0.64847181" lon="112.65683144"></trkpt>
  <trkpt lat="-0.64847181" lon="112.65677813"></trkpt>
  <trkpt lat="-0.64852512" lon="112.65672483"></trkpt>
  <trkpt lat="-0.64847181" lon="112.65667152"></trkpt>
  <trkpt lat="-0.64852512" lon="112.65661821"></trkpt>
  <trkpt lat="-0.64847181" lon="112.65661821"></trkpt>
  <trkpt lat="-0.64841850" lon="112.65661821"></trkpt>
  <trkpt lat="-0.64836519" lon="112.65661821"></trkpt>
  <trkpt lat="-0.64831188" lon="112.65661821"></trkpt>
  <trkpt lat="-0.64825857" lon="112.65661821"></trkpt>
  <trkpt lat="-0.64820526" lon="112.65661821"></trkpt>
  <trkpt lat="-0.64820526" lon="112.65667152"></trkpt>
  <trkpt lat="-0.64815195" lon="112.65667152"></trkpt>
  <trkpt lat="-0.64809864" lon="112.65667152"></trkpt>
  <trkpt lat="-0.64804542" lon="112.65667152"></trkpt>
  <trkpt lat="-0.64799211" lon="112.65667152"></trkpt>
  <trkpt lat="-0.64793880" lon="112.65661821"></trkpt>
  <trkpt lat="-0.64793880" lon="112.65656490"></trkpt>
  <trkpt lat="-0.64788549" lon="112.65656490"></trkpt>
  <trkpt lat="-0.64783218" lon="112.65651159"></trkpt>
  <trkpt lat="-0.64772557" lon="112.65645828"></trkpt>
  <trkpt lat="-0.64767226" lon="112.65645828"></trkpt>
  <trkpt lat="-0.64761895" lon="112.65645828"></trkpt>
  <trkpt lat="-0.64756564" lon="112.65645828"></trkpt>
  <trkpt lat="-0.64751233" lon="112.65645828"></trkpt>
  <trkpt lat="-0.64751233" lon="112.65635166"></trkpt>
  <trkpt lat="-0.64751233" lon="112.65640497"></trkpt>
  <trkpt lat="-0.64745902" lon="112.65635166"></trkpt>
  <trkpt lat="-0.64740571" lon="112.65629835"></trkpt>
  <trkpt lat="-0.64735240" lon="112.65629835"></trkpt>
  <trkpt lat="-0.64735240" lon="112.65624505"></trkpt>
  <trkpt lat="-0.64735240" lon="112.65629835"></trkpt>
  <trkpt lat="-0.64740571" lon="112.65629835"></trkpt>
  <trkpt lat="-0.64740571" lon="112.65619174"></trkpt>
  <trkpt lat="-0.64735240" lon="112.65619174"></trkpt>
  <trkpt lat="-0.64729909" lon="112.65619174"></trkpt>
  <trkpt lat="-0.64735240" lon="112.65629835"></trkpt>
  <trkpt lat="-0.64729909" lon="112.65624505"></trkpt>
  <trkpt lat="-0.64735240" lon="112.65624505"></trkpt>
  <trkpt lat="-0.64735240" lon="112.65619174"></trkpt>
  <trkpt lat="-0.64729909" lon="112.65624505"></trkpt>
  <trkpt lat="-0.64735240" lon="112.65624505"></trkpt>
  <trkpt lat="-0.64740571" lon="112.65613843"></trkpt>
  <trkpt lat="-0.64740571" lon="112.65619174"></trkpt>
  <trkpt lat="-0.64735240" lon="112.65624505"></trkpt>
  <trkpt lat="-0.64735240" lon="112.65619174"></trkpt>
  <trkpt lat="-0.64745902" lon="112.65624505"></trkpt>
  <trkpt lat="-0.64751233" lon="112.65624505"></trkpt>
  <trkpt lat="-0.64756564" lon="112.65619174"></trkpt>
  <trkpt lat="-0.64761895" lon="112.65608512"></trkpt>
  <trkpt lat="-0.64767226" lon="112.65613843"></trkpt>
  <trkpt lat="-0.64772557" lon="112.65603181"></trkpt>
  <trkpt lat="-0.64767226" lon="112.65603181"></trkpt>
  <trkpt lat="-0.64761895" lon="112.65608512"></trkpt>
  <trkpt lat="-0.64761895" lon="112.65603181"></trkpt>
  <trkpt lat="-0.64756564" lon="112.65597850"></trkpt>
  <trkpt lat="-0.64751233" lon="112.65592519"></trkpt>
  <trkpt lat="-0.64756564" lon="112.65592519"></trkpt>
  <trkpt lat="-0.64756564" lon="112.65587188"></trkpt>
  <trkpt lat="-0.64751233" lon="112.65581857"></trkpt>
  <trkpt lat="-0.64751233" lon="112.65576527"></trkpt>
  <trkpt lat="-0.64745902" lon="112.65581857"></trkpt>
  <trkpt lat="-0.64745902" lon="112.65576527"></trkpt>
  <trkpt lat="-0.64745902" lon="112.65571196"></trkpt>
  <trkpt lat="-0.64745902" lon="112.65576527"></trkpt>
  <trkpt lat="-0.64745902" lon="112.65571196"></trkpt>
  <trkpt lat="-0.64751233" lon="112.65571196"></trkpt>
  <trkpt lat="-0.64745902" lon="112.65571196"></trkpt>
  <trkpt lat="-0.64745902" lon="112.65565873"></trkpt>
  <trkpt lat="-0.64745902" lon="112.65560534"></trkpt>
  <trkpt lat="-0.64740571" lon="112.65560534"></trkpt>
  <trkpt lat="-0.64735240" lon="112.65560534"></trkpt>
  <trkpt lat="-0.64735240" lon="112.65565873"></trkpt>
  <trkpt lat="-0.64735240" lon="112.65560534"></trkpt>
  <trkpt lat="-0.64729909" lon="112.65555203"></trkpt>
  <trkpt lat="-0.64735240" lon="112.65555203"></trkpt>
  <trkpt lat="-0.64735240" lon="112.65549880"></trkpt>
 </trkseg>
</trk>
<trk>
 <name>6 009</name>
 <trkseg>
  <trkpt lat="-0.64735240" lon="112.65549880"></trkpt>
  <trkpt lat="-0.64729909" lon="112.65549880"></trkpt>
  <trkpt lat="-0.64735240" lon="112.65555203"></trkpt>
  <trkpt lat="-0.64724579" lon="112.65555203"></trkpt>
  <trkpt lat="-0.64724579" lon="112.65565873"></trkpt>
  <trkpt lat="-0.64724579" lon="112.65560534"></trkpt>
  <trkpt lat="-0.64724579" lon="112.65571196"></trkpt>
  <trkpt lat="-0.64719256" lon="112.65565873"></trkpt>
  <trkpt lat="-0.64724579" lon="112.65560534"></trkpt>
  <trkpt lat="-0.64729909" lon="112.65560534"></trkpt>
  <trkpt lat="-0.64729909" lon="112.65565873"></trkpt>
  <trkpt lat="-0.64724579" lon="112.65565873"></trkpt>
  <trkpt lat="-0.64724579" lon="112.65576527"></trkpt>
  <trkpt lat="-0.64729909" lon="112.65571196"></trkpt>
  <trkpt lat="-0.64735240" lon="112.65560534"></trkpt>
  <trkpt lat="-0.64735240" lon="112.65565873"></trkpt>
  <trkpt lat="-0.64719256" lon="112.65576527"></trkpt>
  <trkpt lat="-0.64719256" lon="112.65571196"></trkpt>
  <trkpt lat="-0.64724579" lon="112.65560534"></trkpt>
  <trkpt lat="-0.64719256" lon="112.65565873"></trkpt>
  <trkpt lat="-0.64713925" lon="112.65576527"></trkpt>
  <trkpt lat="-0.64719256" lon="112.65576527"></trkpt>
  <trkpt lat="-0.64729909" lon="112.65560534"></trkpt>
  <trkpt lat="-0.64724579" lon="112.65576527"></trkpt>
  <trkpt lat="-0.64724579" lon="112.65571196"></trkpt>
  <trkpt lat="-0.64719256" lon="112.65576527"></trkpt>
  <trkpt lat="-0.64724579" lon="112.65571196"></trkpt>
  <trkpt lat="-0.64735240" lon="112.65571196"></trkpt>
  <trkpt lat="-0.64729909" lon="112.65571196"></trkpt>
  <trkpt lat="-0.64724579" lon="112.65555203"></trkpt>
  <trkpt lat="-0.64708594" lon="112.65565873"></trkpt>
  <trkpt lat="-0.64719256" lon="112.65549880"></trkpt>
  <trkpt lat="-0.64713925" lon="112.65560534"></trkpt>
  <trkpt lat="-0.64719256" lon="112.65560534"></trkpt>
  <trkpt lat="-0.64724579" lon="112.65555203"></trkpt>
  <trkpt lat="-0.64724579" lon="112.65544550"></trkpt>
  <trkpt lat="-0.64724579" lon="112.65539219"></trkpt>
  <trkpt lat="-0.64719256" lon="112.65555203"></trkpt>
  <trkpt lat="-0.64713925" lon="112.65560534"></trkpt>
  <trkpt lat="-0.64703263" lon="112.65565873"></trkpt>
  <trkpt lat="-0.64713925" lon="112.65565873"></trkpt>
  <trkpt lat="-0.64713925" lon="112.65544550"></trkpt>
  <trkpt lat="-0.64719256" lon="112.65555203"></trkpt>
  <trkpt lat="-0.64724579" lon="112.65544550"></trkpt>
  <trkpt lat="-0.64729909" lon="112.65544550"></trkpt>
  <trkpt lat="-0.64729909" lon="112.65549880"></trkpt>
  <trkpt lat="-0.64740571" lon="112.65549880"></trkpt>
  <trkpt lat="-0.64729909" lon="112.65549880"></trkpt>
  <trkpt lat="-0.64729909" lon="112.65555203"></trkpt>
  <trkpt lat="-0.64724579" lon="112.65565873"></trkpt>
  <trkpt lat="-0.64724579" lon="112.65560534"></trkpt>
  <trkpt lat="-0.64729909" lon="112.65560534"></trkpt>
  <trkpt lat="-0.64719256" lon="112.65565873"></trkpt>
  <trkpt lat="-0.64719256" lon="112.65571196"></trkpt>
  <trkpt lat="-0.64719256" lon="112.65576527"></trkpt>
  <trkpt lat="-0.64719256" lon="112.65560534"></trkpt>
  <trkpt lat="-0.64719256" lon="112.65555203"></trkpt>
  <trkpt lat="-0.64713925" lon="112.65555203"></trkpt>
  <trkpt lat="-0.64719256" lon="112.65549880"></trkpt>
  <trkpt lat="-0.64724579" lon="112.65533888"></trkpt>
  <trkpt lat="-0.64724579" lon="112.65528557"></trkpt>
  <trkpt lat="-0.64724579" lon="112.65533888"></trkpt>
  <trkpt lat="-0.64724579" lon="112.65544550"></trkpt>
  <trkpt lat="-0.64713925" lon="112.65560534"></trkpt>
  <trkpt lat="-0.64708594" lon="112.65560534"></trkpt>
  <trkpt lat="-0.64713925" lon="112.65571196"></trkpt>
  <trkpt lat="-0.64708594" lon="112.65576527"></trkpt>
  <trkpt lat="-0.64708594" lon="112.65571196"></trkpt>
  <trkpt lat="-0.64713925" lon="112.65565873"></trkpt>
  <trkpt lat="-0.64713925" lon="112.65560534"></trkpt>
  <trkpt lat="-0.64719256" lon="112.65555203"></trkpt>
  <trkpt lat="-0.64713925" lon="112.65571196"></trkpt>
  <trkpt lat="-0.64708594" lon="112.65571196"></trkpt>
  <trkpt lat="-0.64708594" lon="112.65576527"></trkpt>
  <trkpt lat="-0.64713925" lon="112.65565873"></trkpt>
  <trkpt lat="-0.64719256" lon="112.65565873"></trkpt>
  <trkpt lat="-0.64719256" lon="112.65560534"></trkpt>
  <trkpt lat="-0.64719256" lon="112.65555203"></trkpt>
  <trkpt lat="-0.64719256" lon="112.65544550"></trkpt>
  <trkpt lat="-0.64713925" lon="112.65555203"></trkpt>
  <trkpt lat="-0.64713925" lon="112.65549880"></trkpt>
  <trkpt lat="-0.64708594" lon="112.65555203"></trkpt>
  <trkpt lat="-0.64708594" lon="112.65560534"></trkpt>
  <trkpt lat="-0.64713925" lon="112.65560534"></trkpt>
  <trkpt lat="-0.64713925" lon="112.65565873"></trkpt>
  <trkpt lat="-0.64708594" lon="112.65565873"></trkpt>
  <trkpt lat="-0.64713925" lon="112.65565873"></trkpt>
  <trkpt lat="-0.64708594" lon="112.65571196"></trkpt>
  <trkpt lat="-0.64703263" lon="112.65571196"></trkpt>
  <trkpt lat="-0.64703263" lon="112.65565873"></trkpt>
  <trkpt lat="-0.64708594" lon="112.65555203"></trkpt>
  <trkpt lat="-0.64708594" lon="112.65560534"></trkpt>
  <trkpt lat="-0.64713925" lon="112.65555203"></trkpt>
  <trkpt lat="-0.64713925" lon="112.65549880"></trkpt>
  <trkpt lat="-0.64708594" lon="112.65555203"></trkpt>
  <trkpt lat="-0.64719256" lon="112.65549880"></trkpt>
  <trkpt lat="-0.64719256" lon="112.65544550"></trkpt>
  <trkpt lat="-0.64724579" lon="112.65539219"></trkpt>
  <trkpt lat="-0.64719256" lon="112.65549880"></trkpt>
  <trkpt lat="-0.64719256" lon="112.65544550"></trkpt>
  <trkpt lat="-0.64724579" lon="112.65539219"></trkpt>
  <trkpt lat="-0.64713925" lon="112.65539219"></trkpt>
  <trkpt lat="-0.64724579" lon="112.65539219"></trkpt>
  <trkpt lat="-0.64719256" lon="112.65544550"></trkpt>
  <trkpt lat="-0.64713925" lon="112.65544550"></trkpt>
  <trkpt lat="-0.64713925" lon="112.65555203"></trkpt>
  <trkpt lat="-0.64713925" lon="112.65560534"></trkpt>
  <trkpt lat="-0.64719256" lon="112.65560534"></trkpt>
  <trkpt lat="-0.64729909" lon="112.65560534"></trkpt>
  <trkpt lat="-0.64729909" lon="112.65555203"></trkpt>
  <trkpt lat="-0.64724579" lon="112.65560534"></trkpt>
  <trkpt lat="-0.64719256" lon="112.65560534"></trkpt>
  <trkpt lat="-0.64724579" lon="112.65560534"></trkpt>
  <trkpt lat="-0.64729909" lon="112.65555203"></trkpt>
  <trkpt lat="-0.64735240" lon="112.65549880"></trkpt>
  <trkpt lat="-0.64729909" lon="112.65555203"></trkpt>
  <trkpt lat="-0.64735240" lon="112.65555203"></trkpt>
  <trkpt lat="-0.64740571" lon="112.65549880"></trkpt>
  <trkpt lat="-0.64735240" lon="112.65555203"></trkpt>
  <trkpt lat="-0.64745902" lon="112.65555203"></trkpt>
  <trkpt lat="-0.64745902" lon="112.65549880"></trkpt>
  <trkpt lat="-0.64740571" lon="112.65549880"></trkpt>
  <trkpt lat="-0.64740571" lon="112.65555203"></trkpt>
  <trkpt lat="-0.64745902" lon="112.65555203"></trkpt>
  <trkpt lat="-0.64745902" lon="112.65560534"></trkpt>
  <trkpt lat="-0.64745902" lon="112.65571196"></trkpt>
  <trkpt lat="-0.64751233" lon="112.65565873"></trkpt>
  <trkpt lat="-0.64751233" lon="112.65571196"></trkpt>
  <trkpt lat="-0.64751233" lon="112.65565873"></trkpt>
  <trkpt lat="-0.64751233" lon="112.65571196"></trkpt>
  <trkpt lat="-0.64756564" lon="112.65576527"></trkpt>
  <trkpt lat="-0.64751233" lon="112.65576527"></trkpt>
  <trkpt lat="-0.64745902" lon="112.65581857"></trkpt>
  <trkpt lat="-0.64745902" lon="112.65592519"></trkpt>
  <trkpt lat="-0.64751233" lon="112.65597850"></trkpt>
  <trkpt lat="-0.64751233" lon="112.65603181"></trkpt>
  <trkpt lat="-0.64756564" lon="112.65603181"></trkpt>
  <trkpt lat="-0.64751233" lon="112.65603181"></trkpt>
  <trkpt lat="-0.64745902" lon="112.65608512"></trkpt>
  <trkpt lat="-0.64745902" lon="112.65613843"></trkpt>
  <trkpt lat="-0.64740571" lon="112.65613843"></trkpt>
  <trkpt lat="-0.64735240" lon="112.65619174"></trkpt>
  <trkpt lat="-0.64735240" lon="112.65624505"></trkpt>
  <trkpt lat="-0.64724579" lon="112.65629835"></trkpt>
  <trkpt lat="-0.64729909" lon="112.65629835"></trkpt>
  <trkpt lat="-0.64740571" lon="112.65624505"></trkpt>
  <trkpt lat="-0.64745902" lon="112.65629835"></trkpt>
  <trkpt lat="-0.64740571" lon="112.65629835"></trkpt>
  <trkpt lat="-0.64735240" lon="112.65629835"></trkpt>
  <trkpt lat="-0.64740571" lon="112.65624505"></trkpt>
  <trkpt lat="-0.64740571" lon="112.65629835"></trkpt>
  <trkpt lat="-0.64735240" lon="112.65629835"></trkpt>
  <trkpt lat="-0.64740571" lon="112.65629835"></trkpt>
  <trkpt lat="-0.64735240" lon="112.65629835"></trkpt>
  <trkpt lat="-0.64729909" lon="112.65629835"></trkpt>
  <trkpt lat="-0.64735240" lon="112.65624505"></trkpt>
  <trkpt lat="-0.64735240" lon="112.65629835"></trkpt>
  <trkpt lat="-0.64729909" lon="112.65629835"></trkpt>
  <trkpt lat="-0.64735240" lon="112.65629835"></trkpt>
  <trkpt lat="-0.64740571" lon="112.65624505"></trkpt>
  <trkpt lat="-0.64745902" lon="112.65629835"></trkpt>
  <trkpt lat="-0.64740571" lon="112.65624505"></trkpt>
  <trkpt lat="-0.64740571" lon="112.65629835"></trkpt>
  <trkpt lat="-0.64735240" lon="112.65624505"></trkpt>
  <trkpt lat="-0.64740571" lon="112.65624505"></trkpt>
  <trkpt lat="-0.64735240" lon="112.65629835"></trkpt>
  <trkpt lat="-0.64729909" lon="112.65624505"></trkpt>
  <trkpt lat="-0.64729909" lon="112.65629835"></trkpt>
  <trkpt lat="-0.64724579" lon="112.65645828"></trkpt>
  <trkpt lat="-0.64729909" lon="112.65635166"></trkpt>
  <trkpt lat="-0.64735240" lon="112.65635166"></trkpt>
  <trkpt lat="-0.64740571" lon="112.65635166"></trkpt>
  <trkpt lat="-0.64740571" lon="112.65629835"></trkpt>
  <trkpt lat="-0.64713925" lon="112.65635166"></trkpt>
  <trkpt lat="-0.64729909" lon="112.65629835"></trkpt>
  <trkpt lat="-0.64735240" lon="112.65624505"></trkpt>
  <trkpt lat="-0.64729909" lon="112.65624505"></trkpt>
  <trkpt lat="-0.64735240" lon="112.65624505"></trkpt>
  <trkpt lat="-0.64729909" lon="112.65624505"></trkpt>
  <trkpt lat="-0.64719256" lon="112.65624505"></trkpt>
  <trkpt lat="-0.64703263" lon="112.65629835"></trkpt>
  <trkpt lat="-0.64692602" lon="112.65635166"></trkpt>
  <trkpt lat="-0.64687271" lon="112.65635166"></trkpt>
  <trkpt lat="-0.64681940" lon="112.65640497"></trkpt>
  <trkpt lat="-0.64676609" lon="112.65635166"></trkpt>
  <trkpt lat="-0.64665947" lon="112.65635166"></trkpt>
  <trkpt lat="-0.64660616" lon="112.65635166"></trkpt>
  <trkpt lat="-0.64649954" lon="112.65635166"></trkpt>
  <trkpt lat="-0.64644624" lon="112.65640497"></trkpt>
  <trkpt lat="-0.64639293" lon="112.65640497"></trkpt>
  <trkpt lat="-0.64628631" lon="112.65640497"></trkpt>
  <trkpt lat="-0.64623308" lon="112.65640497"></trkpt>
  <trkpt lat="-0.64612647" lon="112.65635166"></trkpt>
  <trkpt lat="-0.64591323" lon="112.65640497"></trkpt>
  <trkpt lat="-0.64585992" lon="112.65640497"></trkpt>
  <trkpt lat="-0.64575330" lon="112.65640497"></trkpt>
  <trkpt lat="-0.64569999" lon="112.65640497"></trkpt>
  <trkpt lat="-0.64559338" lon="112.65640497"></trkpt>
  <trkpt lat="-0.64548676" lon="112.65635166"></trkpt>
  <trkpt lat="-0.64532692" lon="112.65635166"></trkpt>
  <trkpt lat="-0.64522030" lon="112.65640497"></trkpt>
  <trkpt lat="-0.64511368" lon="112.65640497"></trkpt>
  <trkpt lat="-0.64500706" lon="112.65635166"></trkpt>
  <trkpt lat="-0.64490044" lon="112.65635166"></trkpt>
  <trkpt lat="-0.64479383" lon="112.65635166"></trkpt>
  <trkpt lat="-0.64468721" lon="112.65629835"></trkpt>
  <trkpt lat="-0.64463390" lon="112.65619174"></trkpt>
  <trkpt lat="-0.64458059" lon="112.65608512"></trkpt>
  <trkpt lat="-0.64447406" lon="112.65597850"></trkpt>
  <trkpt lat="-0.64447406" lon="112.65592519"></trkpt>
  <trkpt lat="-0.64436744" lon="112.65587188"></trkpt>
  <trkpt lat="-0.64426082" lon="112.65581857"></trkpt>
  <trkpt lat="-0.64420751" lon="112.65576527"></trkpt>
  <trkpt lat="-0.64410090" lon="112.65571196"></trkpt>
  <trkpt lat="-0.64404759" lon="112.65565873"></trkpt>
  <trkpt lat="-0.64399428" lon="112.65560534"></trkpt>
  <trkpt lat="-0.64394097" lon="112.65555203"></trkpt>
  <trkpt lat="-0.64383435" lon="112.65544550"></trkpt>
  <trkpt lat="-0.64372773" lon="112.65539219"></trkpt>
  <trkpt lat="-0.64362120" lon="112.65528557"></trkpt>
  <trkpt lat="-0.64356789" lon="112.65517895"></trkpt>
  <trkpt lat="-0.64346127" lon="112.65512564"></trkpt>
  <trkpt lat="-0.64335465" lon="112.65512564"></trkpt>
  <trkpt lat="-0.64324804" lon="112.65512564"></trkpt>
  <trkpt lat="-0.64319473" lon="112.65512564"></trkpt>
  <trkpt lat="-0.64308811" lon="112.65517895"></trkpt>
  <trkpt lat="-0.64308811" lon="112.65512564"></trkpt>
  <trkpt lat="-0.64298149" lon="112.65512564"></trkpt>
  <trkpt lat="-0.64298149" lon="112.65507233"></trkpt>
  <trkpt lat="-0.64292818" lon="112.65496572"></trkpt>
  <trkpt lat="-0.64292818" lon="112.65491241"></trkpt>
  <trkpt lat="-0.64292818" lon="112.65485910"></trkpt>
  <trkpt lat="-0.64292818" lon="112.65480579"></trkpt>
  <trkpt lat="-0.64287487" lon="112.65485910"></trkpt>
  <trkpt lat="-0.64282165" lon="112.65485910"></trkpt>
  <trkpt lat="-0.64276834" lon="112.65496572"></trkpt>
  <trkpt lat="-0.64266172" lon="112.65491241"></trkpt>
  <trkpt lat="-0.64260841" lon="112.65491241"></trkpt>
  <trkpt lat="-0.64250180" lon="112.65496572"></trkpt>
  <trkpt lat="-0.64239518" lon="112.65491241"></trkpt>
  <trkpt lat="-0.64228856" lon="112.65491241"></trkpt>
  <trkpt lat="-0.64223525" lon="112.65491241"></trkpt>
  <trkpt lat="-0.64218194" lon="112.65491241"></trkpt>
  <trkpt lat="-0.64207532" lon="112.65491241"></trkpt>
  <trkpt lat="-0.64207532" lon="112.65485910"></trkpt>
  <trkpt lat="-0.64196879" lon="112.65480579"></trkpt>
  <trkpt lat="-0.64180886" lon="112.65480579"></trkpt>
  <trkpt lat="-0.64170225" lon="112.65480579"></trkpt>
  <trkpt lat="-0.64164894" lon="112.65485910"></trkpt>
  <trkpt lat="-0.64159563" lon="112.65485910"></trkpt>
  <trkpt lat="-0.64154232" lon="112.65485910"></trkpt>
  <trkpt lat="-0.64143570" lon="112.65491241"></trkpt>
  <trkpt lat="-0.64138239" lon="112.65491241"></trkpt>
  <trkpt lat="-0.64127577" lon="112.65491241"></trkpt>
  <trkpt lat="-0.64106262" lon="112.65485910"></trkpt>
  <trkpt lat="-0.64100931" lon="112.65485910"></trkpt>
  <trkpt lat="-0.64090270" lon="112.65485910"></trkpt>
  <trkpt lat="-0.64079608" lon="112.65485910"></trkpt>
  <trkpt lat="-0.64074277" lon="112.65480579"></trkpt>
  <trkpt lat="-0.64068946" lon="112.65480579"></trkpt>
  <trkpt lat="-0.64063615" lon="112.65475248"></trkpt>
  <trkpt lat="-0.64058284" lon="112.65464586"></trkpt>
  <trkpt lat="-0.64052953" lon="112.65459255"></trkpt>
  <trkpt lat="-0.64036961" lon="112.65453924"></trkpt>
  <trkpt lat="-0.64026299" lon="112.65448594"></trkpt>
  <trkpt lat="-0.64015646" lon="112.65443263"></trkpt>
  <trkpt lat="-0.63999653" lon="112.65437932"></trkpt>
  <trkpt lat="-0.63988991" lon="112.65432601"></trkpt>
  <trkpt lat="-0.63978329" lon="112.65427270"></trkpt>
  <trkpt lat="-0.63972998" lon="112.65421939"></trkpt>
  <trkpt lat="-0.63967668" lon="112.65427270"></trkpt>
  <trkpt lat="-0.63972998" lon="112.65432601"></trkpt>
  <trkpt lat="-0.63967668" lon="112.65427270"></trkpt>
  <trkpt lat="-0.63957006" lon="112.65421939"></trkpt>
  <trkpt lat="-0.63951675" lon="112.65411277"></trkpt>
  <trkpt lat="-0.63941013" lon="112.65411277"></trkpt>
  <trkpt lat="-0.63925029" lon="112.65405946"></trkpt>
  <trkpt lat="-0.63919698" lon="112.65400616"></trkpt>
  <trkpt lat="-0.63914367" lon="112.65400616"></trkpt>
  <trkpt lat="-0.63903705" lon="112.65395285"></trkpt>
  <trkpt lat="-0.63893043" lon="112.65389954"></trkpt>
  <trkpt lat="-0.63887713" lon="112.65384623"></trkpt>
  <trkpt lat="-0.63877051" lon="112.65384623"></trkpt>
  <trkpt lat="-0.63871720" lon="112.65379292"></trkpt>
  <trkpt lat="-0.63866389" lon="112.65373961"></trkpt>
  <trkpt lat="-0.63861058" lon="112.65363299"></trkpt>
  <trkpt lat="-0.63855727" lon="112.65352638"></trkpt>
  <trkpt lat="-0.63850405" lon="112.65341976"></trkpt>
  <trkpt lat="-0.63845074" lon="112.65336645"></trkpt>
  <trkpt lat="-0.63839743" lon="112.65320652"></trkpt>
  <trkpt lat="-0.63829081" lon="112.65309990"></trkpt>
  <trkpt lat="-0.63829081" lon="112.65304659"></trkpt>
  <trkpt lat="-0.63823750" lon="112.65293998"></trkpt>
  <trkpt lat="-0.63813088" lon="112.65288667"></trkpt>
  <trkpt lat="-0.63807758" lon="112.65278005"></trkpt>
  <trkpt lat="-0.63807758" lon="112.65267343"></trkpt>
  <trkpt lat="-0.63807758" lon="112.65256690"></trkpt>
  <trkpt lat="-0.63802427" lon="112.65246028"></trkpt>
  <trkpt lat="-0.63797096" lon="112.65235366"></trkpt>
  <trkpt lat="-0.63797096" lon="112.65224705"></trkpt>
  <trkpt lat="-0.63791765" lon="112.65219374"></trkpt>
  <trkpt lat="-0.63786434" lon="112.65208712"></trkpt>
  <trkpt lat="-0.63775772" lon="112.65198050"></trkpt>
  <trkpt lat="-0.63770441" lon="112.65192719"></trkpt>
  <trkpt lat="-0.63765119" lon="112.65192719"></trkpt>
  <trkpt lat="-0.63759788" lon="112.65187388"></trkpt>
  <trkpt lat="-0.63759788" lon="112.65192719"></trkpt>
  <trkpt lat="-0.63759788" lon="112.65187388"></trkpt>
  <trkpt lat="-0.63759788" lon="112.65192719"></trkpt>
  <trkpt lat="-0.63759788" lon="112.65187388"></trkpt>
  <trkpt lat="-0.63759788" lon="112.65192719"></trkpt>
  <trkpt lat="-0.63754457" lon="112.65192719"></trkpt>
  <trkpt lat="-0.63754457" lon="112.65198050"></trkpt>
  <trkpt lat="-0.63754457" lon="112.65192719"></trkpt>
  <trkpt lat="-0.63749126" lon="112.65182057"></trkpt>
  <trkpt lat="-0.63738464" lon="112.65176727"></trkpt>
  <trkpt lat="-0.63733133" lon="112.65166065"></trkpt>
  <trkpt lat="-0.63727803" lon="112.65160734"></trkpt>
  <trkpt lat="-0.63717141" lon="112.65150072"></trkpt>
  <trkpt lat="-0.63706479" lon="112.65144741"></trkpt>
  <trkpt lat="-0.63701148" lon="112.65134079"></trkpt>
  <trkpt lat="-0.63695817" lon="112.65118087"></trkpt>
  <trkpt lat="-0.63690486" lon="112.65107425"></trkpt>
  <trkpt lat="-0.63690486" lon="112.65096763"></trkpt>
  <trkpt lat="-0.63685155" lon="112.65080770"></trkpt>
  <trkpt lat="-0.63679833" lon="112.65070109"></trkpt>
  <trkpt lat="-0.63679833" lon="112.65064778"></trkpt>
  <trkpt lat="-0.63674502" lon="112.65054116"></trkpt>
  <trkpt lat="-0.63674502" lon="112.65048785"></trkpt>
  <trkpt lat="-0.63669171" lon="112.65043454"></trkpt>
  <trkpt lat="-0.63663840" lon="112.65043454"></trkpt>
  <trkpt lat="-0.63663840" lon="112.65038123"></trkpt>
  <trkpt lat="-0.63663840" lon="112.65027462"></trkpt>
  <trkpt lat="-0.63663840" lon="112.65022131"></trkpt>
  <trkpt lat="-0.63653179" lon="112.65011469"></trkpt>
  <trkpt lat="-0.63653179" lon="112.65000807"></trkpt>
  <trkpt lat="-0.63647848" lon="112.64990145"></trkpt>
  <trkpt lat="-0.63647848" lon="112.64984814"></trkpt>
  <trkpt lat="-0.63647848" lon="112.64974161"></trkpt>
  <trkpt lat="-0.63653179" lon="112.64968830"></trkpt>
  <trkpt lat="-0.63653179" lon="112.64958160"></trkpt>
  <trkpt lat="-0.63653179" lon="112.64942176"></trkpt>
  <trkpt lat="-0.63647848" lon="112.64931514"></trkpt>
  <trkpt lat="-0.63642517" lon="112.64920852"></trkpt>
  <trkpt lat="-0.63647848" lon="112.64910190"></trkpt>
  <trkpt lat="-0.63647848" lon="112.64899529"></trkpt>
  <trkpt lat="-0.63647848" lon="112.64894198"></trkpt>
  <trkpt lat="-0.63647848" lon="112.64878205"></trkpt>
  <trkpt lat="-0.63642517" lon="112.64867543"></trkpt>
  <trkpt lat="-0.63642517" lon="112.64862212"></trkpt>
  <trkpt lat="-0.63642517" lon="112.64856881"></trkpt>
  <trkpt lat="-0.63637186" lon="112.64846220"></trkpt>
  <trkpt lat="-0.63631855" lon="112.64840889"></trkpt>
  <trkpt lat="-0.63621193" lon="112.64835558"></trkpt>
  <trkpt lat="-0.63615862" lon="112.64830227"></trkpt>
  <trkpt lat="-0.63610531" lon="112.64824896"></trkpt>
  <trkpt lat="-0.63599870" lon="112.64824896"></trkpt>
  <trkpt lat="-0.63594547" lon="112.64824896"></trkpt>
  <trkpt lat="-0.63583885" lon="112.64819565"></trkpt>
  <trkpt lat="-0.63578554" lon="112.64819565"></trkpt>
  <trkpt lat="-0.63573224" lon="112.64819565"></trkpt>
  <trkpt lat="-0.63567893" lon="112.64814234"></trkpt>
  <trkpt lat="-0.63562562" lon="112.64814234"></trkpt>
  <trkpt lat="-0.63551900" lon="112.64814234"></trkpt>
  <trkpt lat="-0.63546569" lon="112.64814234"></trkpt>
  <trkpt lat="-0.63541238" lon="112.64814234"></trkpt>
  <trkpt lat="-0.63535907" lon="112.64808903"></trkpt>
  <trkpt lat="-0.63535907" lon="112.64814234"></trkpt>
  <trkpt lat="-0.63541238" lon="112.64814234"></trkpt>
  <trkpt lat="-0.63530576" lon="112.64803573"></trkpt>
  <trkpt lat="-0.63525246" lon="112.64798242"></trkpt>
  <trkpt lat="-0.63514584" lon="112.64798242"></trkpt>
  <trkpt lat="-0.63509253" lon="112.64803573"></trkpt>
  <trkpt lat="-0.63493269" lon="112.64803573"></trkpt>
  <trkpt lat="-0.63482607" lon="112.64803573"></trkpt>
  <trkpt lat="-0.63471945" lon="112.64808903"></trkpt>
  <trkpt lat="-0.63461283" lon="112.64808903"></trkpt>
  <trkpt lat="-0.63445291" lon="112.64808903"></trkpt>
  <trkpt lat="-0.63434629" lon="112.64803573"></trkpt>
  <trkpt lat="-0.63423967" lon="112.64803573"></trkpt>
  <trkpt lat="-0.63418636" lon="112.64803573"></trkpt>
  <trkpt lat="-0.63413314" lon="112.64792911"></trkpt>
  <trkpt lat="-0.63402652" lon="112.64792911"></trkpt>
  <trkpt lat="-0.63397321" lon="112.64792911"></trkpt>
  <trkpt lat="-0.63386659" lon="112.64798242"></trkpt>
  <trkpt lat="-0.63381328" lon="112.64798242"></trkpt>
  <trkpt lat="-0.63370666" lon="112.64798242"></trkpt>
  <trkpt lat="-0.63365336" lon="112.64798242"></trkpt>
  <trkpt lat="-0.63354674" lon="112.64808903"></trkpt>
  <trkpt lat="-0.63344012" lon="112.64803573"></trkpt>
  <trkpt lat="-0.63338681" lon="112.64808903"></trkpt>
  <trkpt lat="-0.63338681" lon="112.64803573"></trkpt>
  <trkpt lat="-0.63333350" lon="112.64808903"></trkpt>
  <trkpt lat="-0.63328028" lon="112.64808903"></trkpt>
  <trkpt lat="-0.63322697" lon="112.64808903"></trkpt>
  <trkpt lat="-0.63317366" lon="112.64808903"></trkpt>
  <trkpt lat="-0.63312035" lon="112.64803573"></trkpt>
  <trkpt lat="-0.63301373" lon="112.64798242"></trkpt>
  <trkpt lat="-0.63296042" lon="112.64798242"></trkpt>
  <trkpt lat="-0.63290711" lon="112.64798242"></trkpt>
  <trkpt lat="-0.63285381" lon="112.64798242"></trkpt>
  <trkpt lat="-0.63274719" lon="112.64798242"></trkpt>
  <trkpt lat="-0.63264057" lon="112.64798242"></trkpt>
  <trkpt lat="-0.63253395" lon="112.64798242"></trkpt>
  <trkpt lat="-0.63242742" lon="112.64798242"></trkpt>
  <trkpt lat="-0.63226749" lon="112.64798242"></trkpt>
  <trkpt lat="-0.63210757" lon="112.64792911"></trkpt>
  <trkpt lat="-0.63205426" lon="112.64792911"></trkpt>
  <trkpt lat="-0.63184102" lon="112.64792911"></trkpt>
  <trkpt lat="-0.63173440" lon="112.64787580"></trkpt>
  <trkpt lat="-0.63162779" lon="112.64782249"></trkpt>
  <trkpt lat="-0.63152125" lon="112.64782249"></trkpt>
  <trkpt lat="-0.63146794" lon="112.64776918"></trkpt>
  <trkpt lat="-0.63136132" lon="112.64771587"></trkpt>
  <trkpt lat="-0.63120140" lon="112.64771587"></trkpt>
  <trkpt lat="-0.63109478" lon="112.64766256"></trkpt>
  <trkpt lat="-0.63104147" lon="112.64755595"></trkpt>
  <trkpt lat="-0.63098816" lon="112.64750264"></trkpt>
  <trkpt lat="-0.63088154" lon="112.64750264"></trkpt>
  <trkpt lat="-0.63082824" lon="112.64744933"></trkpt>
  <trkpt lat="-0.63077493" lon="112.64739602"></trkpt>
  <trkpt lat="-0.63061508" lon="112.64734271"></trkpt>
  <trkpt lat="-0.63050847" lon="112.64728940"></trkpt>
  <trkpt lat="-0.63034854" lon="112.64728940"></trkpt>
  <trkpt lat="-0.63029523" lon="112.64723609"></trkpt>
  <trkpt lat="-0.63024192" lon="112.64718278"></trkpt>
  <trkpt lat="-0.63013530" lon="112.64712947"></trkpt>
  <trkpt lat="-0.63008199" lon="112.64712947"></trkpt>
  <trkpt lat="-0.62997538" lon="112.64707617"></trkpt>
  <trkpt lat="-0.62992207" lon="112.64712947"></trkpt>
  <trkpt lat="-0.62997538" lon="112.64707617"></trkpt>
  <trkpt lat="-0.62992207" lon="112.64707617"></trkpt>
  <trkpt lat="-0.62976222" lon="112.64702286"></trkpt>
  <trkpt lat="-0.62965561" lon="112.64702286"></trkpt>
  <trkpt lat="-0.62949568" lon="112.64702286"></trkpt>
  <trkpt lat="-0.62938906" lon="112.64702286"></trkpt>
  <trkpt lat="-0.62933575" lon="112.64696955"></trkpt>
  <trkpt lat="-0.62917583" lon="112.64696955"></trkpt>
  <trkpt lat="-0.62906921" lon="112.64696955"></trkpt>
  <trkpt lat="-0.62901590" lon="112.64696955"></trkpt>
  <trkpt lat="-0.62896259" lon="112.64696955"></trkpt>
  <trkpt lat="-0.62885606" lon="112.64691624"></trkpt>
  <trkpt lat="-0.62880275" lon="112.64691624"></trkpt>
  <trkpt lat="-0.62869613" lon="112.64696955"></trkpt>
  <trkpt lat="-0.62858951" lon="112.64696955"></trkpt>
  <trkpt lat="-0.62853620" lon="112.64691624"></trkpt>
  <trkpt lat="-0.62848289" lon="112.64691624"></trkpt>
  <trkpt lat="-0.62842959" lon="112.64691624"></trkpt>
  <trkpt lat="-0.62832297" lon="112.64691624"></trkpt>
  <trkpt lat="-0.62826966" lon="112.64680962"></trkpt>
  <trkpt lat="-0.62826966" lon="112.64686293"></trkpt>
  <trkpt lat="-0.62816304" lon="112.64686293"></trkpt>
  <trkpt lat="-0.62805651" lon="112.64680962"></trkpt>
  <trkpt lat="-0.62794989" lon="112.64680962"></trkpt>
  <trkpt lat="-0.62778996" lon="112.64680962"></trkpt>
  <trkpt lat="-0.62768335" lon="112.64686293"></trkpt>
  <trkpt lat="-0.62752342" lon="112.64686293"></trkpt>
  <trkpt lat="-0.62741680" lon="112.64691624"></trkpt>
  <trkpt lat="-0.62731018" lon="112.64686293"></trkpt>
  <trkpt lat="-0.62715034" lon="112.64686293"></trkpt>
  <trkpt lat="-0.62693710" lon="112.64686293"></trkpt>
  <trkpt lat="-0.62683049" lon="112.64680962"></trkpt>
  <trkpt lat="-0.62672387" lon="112.64680962"></trkpt>
  <trkpt lat="-0.62667056" lon="112.64675631"></trkpt>
  <trkpt lat="-0.62656394" lon="112.64664978"></trkpt>
  <trkpt lat="-0.62645732" lon="112.64670300"></trkpt>
  <trkpt lat="-0.62635079" lon="112.64664978"></trkpt>
  <trkpt lat="-0.62624417" lon="112.64659647"></trkpt>
  <trkpt lat="-0.62608425" lon="112.64654316"></trkpt>
  <trkpt lat="-0.62603094" lon="112.64654316"></trkpt>
  <trkpt lat="-0.62597763" lon="112.64643654"></trkpt>
  <trkpt lat="-0.62587101" lon="112.64638323"></trkpt>
  <trkpt lat="-0.62571108" lon="112.64627662"></trkpt>
  <trkpt lat="-0.62560447" lon="112.64622331"></trkpt>
  <trkpt lat="-0.62555116" lon="112.64617000"></trkpt>
  <trkpt lat="-0.62544462" lon="112.64617000"></trkpt>
  <trkpt lat="-0.62523139" lon="112.64617000"></trkpt>
  <trkpt lat="-0.62517808" lon="112.64611669"></trkpt>
  <trkpt lat="-0.62507146" lon="112.64606338"></trkpt>
  <trkpt lat="-0.62491153" lon="112.64595676"></trkpt>
  <trkpt lat="-0.62480492" lon="112.64590345"></trkpt>
  <trkpt lat="-0.62475161" lon="112.64590345"></trkpt>
  <trkpt lat="-0.62464499" lon="112.64579684"></trkpt>
  <trkpt lat="-0.62459176" lon="112.64574353"></trkpt>
  <trkpt lat="-0.62443184" lon="112.64574353"></trkpt>
  <trkpt lat="-0.62432522" lon="112.64569022"></trkpt>
  <trkpt lat="-0.62421860" lon="112.64563691"></trkpt>
  <trkpt lat="-0.62416529" lon="112.64558360"></trkpt>
  <trkpt lat="-0.62416529" lon="112.64553029"></trkpt>
  <trkpt lat="-0.62411198" lon="112.64553029"></trkpt>
  <trkpt lat="-0.62400537" lon="112.64542367"></trkpt>
  <trkpt lat="-0.62389875" lon="112.64542367"></trkpt>
  <trkpt lat="-0.62384544" lon="112.64542367"></trkpt>
  <trkpt lat="-0.62379213" lon="112.64547698"></trkpt>
  <trkpt lat="-0.62373891" lon="112.64542367"></trkpt>
  <trkpt lat="-0.62363229" lon="112.64542367"></trkpt>
  <trkpt lat="-0.62357898" lon="112.64542367"></trkpt>
  <trkpt lat="-0.62352567" lon="112.64542367"></trkpt>
  <trkpt lat="-0.62347236" lon="112.64547698"></trkpt>
  <trkpt lat="-0.62341905" lon="112.64547698"></trkpt>
  <trkpt lat="-0.62336574" lon="112.64553029"></trkpt>
  <trkpt lat="-0.62325913" lon="112.64558360"></trkpt>
  <trkpt lat="-0.62325913" lon="112.64563691"></trkpt>
  <trkpt lat="-0.62315251" lon="112.64569022"></trkpt>
  <trkpt lat="-0.62309920" lon="112.64574353"></trkpt>
  <trkpt lat="-0.62309920" lon="112.64579684"></trkpt>
  <trkpt lat="-0.62304589" lon="112.64579684"></trkpt>
  <trkpt lat="-0.62288605" lon="112.64579684"></trkpt>
  <trkpt lat="-0.62283274" lon="112.64579684"></trkpt>
  <trkpt lat="-0.62283274" lon="112.64585014"></trkpt>
  <trkpt lat="-0.62277943" lon="112.64585014"></trkpt>
  <trkpt lat="-0.62267281" lon="112.64590345"></trkpt>
  <trkpt lat="-0.62261950" lon="112.64590345"></trkpt>
  <trkpt lat="-0.62256619" lon="112.64595676"></trkpt>
  <trkpt lat="-0.62251288" lon="112.64595676"></trkpt>
  <trkpt lat="-0.62240627" lon="112.64595676"></trkpt>
  <trkpt lat="-0.62235296" lon="112.64590345"></trkpt>
  <trkpt lat="-0.62219303" lon="112.64585014"></trkpt>
  <trkpt lat="-0.62213972" lon="112.64579684"></trkpt>
  <trkpt lat="-0.62203319" lon="112.64574353"></trkpt>
  <trkpt lat="-0.62197988" lon="112.64574353"></trkpt>
  <trkpt lat="-0.62192657" lon="112.64574353"></trkpt>
  <trkpt lat="-0.62187326" lon="112.64574353"></trkpt>
  <trkpt lat="-0.62181995" lon="112.64574353"></trkpt>
  <trkpt lat="-0.62176664" lon="112.64574353"></trkpt>
  <trkpt lat="-0.62176664" lon="112.64579684"></trkpt>
  <trkpt lat="-0.62171333" lon="112.64579684"></trkpt>
  <trkpt lat="-0.62166003" lon="112.64579684"></trkpt>
  <trkpt lat="-0.62150010" lon="112.64579684"></trkpt>
  <trkpt lat="-0.62144679" lon="112.64574353"></trkpt>
  <trkpt lat="-0.62134017" lon="112.64579684"></trkpt>
  <trkpt lat="-0.62128686" lon="112.64574353"></trkpt>
  <trkpt lat="-0.62123355" lon="112.64574353"></trkpt>
  <trkpt lat="-0.62112702" lon="112.64574353"></trkpt>
  <trkpt lat="-0.62107371" lon="112.64569022"></trkpt>
  <trkpt lat="-0.62102040" lon="112.64574353"></trkpt>
  <trkpt lat="-0.62096709" lon="112.64574353"></trkpt>
  <trkpt lat="-0.62091378" lon="112.64585014"></trkpt>
  <trkpt lat="-0.62086048" lon="112.64590345"></trkpt>
  <trkpt lat="-0.62086048" lon="112.64595676"></trkpt>
  <trkpt lat="-0.62080717" lon="112.64595676"></trkpt>
  <trkpt lat="-0.62075386" lon="112.64601007"></trkpt>
  <trkpt lat="-0.62070055" lon="112.64601007"></trkpt>
  <trkpt lat="-0.62064724" lon="112.64601007"></trkpt>
  <trkpt lat="-0.62059393" lon="112.64601007"></trkpt>
  <trkpt lat="-0.62054062" lon="112.64606338"></trkpt>
  <trkpt lat="-0.62048731" lon="112.64617000"></trkpt>
  <trkpt lat="-0.62038070" lon="112.64617000"></trkpt>
  <trkpt lat="-0.62027408" lon="112.64617000"></trkpt>
  <trkpt lat="-0.62032747" lon="112.64611669"></trkpt>
  <trkpt lat="-0.62032747" lon="112.64606338"></trkpt>
  <trkpt lat="-0.62038070" lon="112.64611669"></trkpt>
  <trkpt lat="-0.62032747" lon="112.64617000"></trkpt>
  <trkpt lat="-0.62032747" lon="112.64622331"></trkpt>
  <trkpt lat="-0.62027408" lon="112.64622331"></trkpt>
  <trkpt lat="-0.62016754" lon="112.64611669"></trkpt>
  <trkpt lat="-0.62011424" lon="112.64611669"></trkpt>
  <trkpt lat="-0.62000762" lon="112.64611669"></trkpt>
  <trkpt lat="-0.62000762" lon="112.64617000"></trkpt>
  <trkpt lat="-0.62006093" lon="112.64622331"></trkpt>
  <trkpt lat="-0.61995431" lon="112.64627662"></trkpt>
  <trkpt lat="-0.61990100" lon="112.64632992"></trkpt>
  <trkpt lat="-0.61979438" lon="112.64632992"></trkpt>
  <trkpt lat="-0.61974107" lon="112.64638323"></trkpt>
  <trkpt lat="-0.61968776" lon="112.64643654"></trkpt>
  <trkpt lat="-0.61963446" lon="112.64654316"></trkpt>
  <trkpt lat="-0.61963446" lon="112.64664978"></trkpt>
  <trkpt lat="-0.61958115" lon="112.64670300"></trkpt>
  <trkpt lat="-0.61952784" lon="112.64680962"></trkpt>
  <trkpt lat="-0.61947453" lon="112.64680962"></trkpt>
  <trkpt lat="-0.61942122" lon="112.64686293"></trkpt>
  <trkpt lat="-0.61936799" lon="112.64686293"></trkpt>
  <trkpt lat="-0.61926138" lon="112.64691624"></trkpt>
  <trkpt lat="-0.61920807" lon="112.64691624"></trkpt>
  <trkpt lat="-0.61920807" lon="112.64696955"></trkpt>
  <trkpt lat="-0.61915476" lon="112.64696955"></trkpt>
  <trkpt lat="-0.61910145" lon="112.64702286"></trkpt>
  <trkpt lat="-0.61904814" lon="112.64707617"></trkpt>
  <trkpt lat="-0.61899483" lon="112.64712947"></trkpt>
  <trkpt lat="-0.61894152" lon="112.64712947"></trkpt>
  <trkpt lat="-0.61888821" lon="112.64712947"></trkpt>
  <trkpt lat="-0.61883491" lon="112.64718278"></trkpt>
  <trkpt lat="-0.61872829" lon="112.64718278"></trkpt>
  <trkpt lat="-0.61867498" lon="112.64728940"></trkpt>
  <trkpt lat="-0.61862167" lon="112.64734271"></trkpt>
  <trkpt lat="-0.61862167" lon="112.64739602"></trkpt>
  <trkpt lat="-0.61856836" lon="112.64744933"></trkpt>
  <trkpt lat="-0.61851514" lon="112.64750264"></trkpt>
  <trkpt lat="-0.61846183" lon="112.64755595"></trkpt>
  <trkpt lat="-0.61840852" lon="112.64755595"></trkpt>
  <trkpt lat="-0.61824859" lon="112.64766256"></trkpt>
  <trkpt lat="-0.61819528" lon="112.64771587"></trkpt>
  <trkpt lat="-0.61814197" lon="112.64771587"></trkpt>
  <trkpt lat="-0.61814197" lon="112.64776918"></trkpt>
  <trkpt lat="-0.61814197" lon="112.64787580"></trkpt>
  <trkpt lat="-0.61808866" lon="112.64798242"></trkpt>
  <trkpt lat="-0.61803536" lon="112.64808903"></trkpt>
  <trkpt lat="-0.61798205" lon="112.64819565"></trkpt>
  <trkpt lat="-0.61792874" lon="112.64830227"></trkpt>
  <trkpt lat="-0.61787543" lon="112.64840889"></trkpt>
  <trkpt lat="-0.61782212" lon="112.64846220"></trkpt>
  <trkpt lat="-0.61776881" lon="112.64851551"></trkpt>
  <trkpt lat="-0.61771550" lon="112.64856881"></trkpt>
  <trkpt lat="-0.61771550" lon="112.64862212"></trkpt>
  <trkpt lat="-0.61771550" lon="112.64856881"></trkpt>
  <trkpt lat="-0.61771550" lon="112.64862212"></trkpt>
  <trkpt lat="-0.61776881" lon="112.64856881"></trkpt>
  <trkpt lat="-0.61771550" lon="112.64862212"></trkpt>
  <trkpt lat="-0.61771550" lon="112.64856881"></trkpt>
  <trkpt lat="-0.61771550" lon="112.64851551"></trkpt>
  <trkpt lat="-0.61776881" lon="112.64851551"></trkpt>
  <trkpt lat="-0.61776881" lon="112.64856881"></trkpt>
  <trkpt lat="-0.61776881" lon="112.64862212"></trkpt>
  <trkpt lat="-0.61771550" lon="112.64862212"></trkpt>
  <trkpt lat="-0.61766228" lon="112.64872874"></trkpt>
  <trkpt lat="-0.61766228" lon="112.64883536"></trkpt>
  <trkpt lat="-0.61760897" lon="112.64888867"></trkpt>
  <trkpt lat="-0.61760897" lon="112.64894198"></trkpt>
  <trkpt lat="-0.61755566" lon="112.64899529"></trkpt>
  <trkpt lat="-0.61755566" lon="112.64904859"></trkpt>
  <trkpt lat="-0.61750235" lon="112.64915521"></trkpt>
  <trkpt lat="-0.61744904" lon="112.64926183"></trkpt>
  <trkpt lat="-0.61744904" lon="112.64931514"></trkpt>
  <trkpt lat="-0.61734242" lon="112.64942176"></trkpt>
  <trkpt lat="-0.61728911" lon="112.64952837"></trkpt>
  <trkpt lat="-0.61723581" lon="112.64952837"></trkpt>
  <trkpt lat="-0.61718250" lon="112.64958160"></trkpt>
  <trkpt lat="-0.61712919" lon="112.64963491"></trkpt>
  <trkpt lat="-0.61707588" lon="112.64974161"></trkpt>
  <trkpt lat="-0.61702257" lon="112.64984814"></trkpt>
  <trkpt lat="-0.61691595" lon="112.65000807"></trkpt>
  <trkpt lat="-0.61680942" lon="112.64995476"></trkpt>
  <trkpt lat="-0.61680942" lon="112.65006138"></trkpt>
  <trkpt lat="-0.61670280" lon="112.65011469"></trkpt>
  <trkpt lat="-0.61664949" lon="112.65016800"></trkpt>
  <trkpt lat="-0.61648956" lon="112.65016800"></trkpt>
  <trkpt lat="-0.61638295" lon="112.65016800"></trkpt>
  <trkpt lat="-0.61632964" lon="112.65011469"></trkpt>
  <trkpt lat="-0.61622302" lon="112.65011469"></trkpt>
  <trkpt lat="-0.61616971" lon="112.65011469"></trkpt>
  <trkpt lat="-0.61600978" lon="112.65016800"></trkpt>
  <trkpt lat="-0.61590325" lon="112.65016800"></trkpt>
  <trkpt lat="-0.61579663" lon="112.65027462"></trkpt>
  <trkpt lat="-0.61569002" lon="112.65027462"></trkpt>
  <trkpt lat="-0.61563671" lon="112.65032792"></trkpt>
  <trkpt lat="-0.61553009" lon="112.65038123"></trkpt>
  <trkpt lat="-0.61537016" lon="112.65038123"></trkpt>
  <trkpt lat="-0.61531685" lon="112.65038123"></trkpt>
  <trkpt lat="-0.61531685" lon="112.65043454"></trkpt>
  <trkpt lat="-0.61526354" lon="112.65043454"></trkpt>
  <trkpt lat="-0.61526354" lon="112.65032792"></trkpt>
  <trkpt lat="-0.61521024" lon="112.65038123"></trkpt>
  <trkpt lat="-0.61510370" lon="112.65043454"></trkpt>
  <trkpt lat="-0.61494377" lon="112.65048785"></trkpt>
  <trkpt lat="-0.61483716" lon="112.65043454"></trkpt>
  <trkpt lat="-0.61478385" lon="112.65038123"></trkpt>
  <trkpt lat="-0.61478385" lon="112.65032792"></trkpt>
  <trkpt lat="-0.61478385" lon="112.65027462"></trkpt>
  <trkpt lat="-0.61467723" lon="112.65027462"></trkpt>
  <trkpt lat="-0.61457061" lon="112.65022131"></trkpt>
  <trkpt lat="-0.61451730" lon="112.65011469"></trkpt>
  <trkpt lat="-0.61446399" lon="112.65006138"></trkpt>
  <trkpt lat="-0.61441069" lon="112.65000807"></trkpt>
  <trkpt lat="-0.61435738" lon="112.64995476"></trkpt>
  <trkpt lat="-0.61430407" lon="112.64995476"></trkpt>
  <trkpt lat="-0.61425076" lon="112.64995476"></trkpt>
  <trkpt lat="-0.61425076" lon="112.64990145"></trkpt>
  <trkpt lat="-0.61419745" lon="112.64990145"></trkpt>
  <trkpt lat="-0.61409092" lon="112.64995476"></trkpt>
  <trkpt lat="-0.61403761" lon="112.64995476"></trkpt>
  <trkpt lat="-0.61398430" lon="112.64995476"></trkpt>
  <trkpt lat="-0.61387768" lon="112.64990145"></trkpt>
  <trkpt lat="-0.61382437" lon="112.64990145"></trkpt>
  <trkpt lat="-0.61377106" lon="112.64990145"></trkpt>
  <trkpt lat="-0.61371775" lon="112.64990145"></trkpt>
  <trkpt lat="-0.61366444" lon="112.64990145"></trkpt>
  <trkpt lat="-0.61355783" lon="112.64995476"></trkpt>
  <trkpt lat="-0.61350452" lon="112.65000807"></trkpt>
  <trkpt lat="-0.61345121" lon="112.65000807"></trkpt>
  <trkpt lat="-0.61339790" lon="112.64995476"></trkpt>
  <trkpt lat="-0.61334459" lon="112.64990145"></trkpt>
  <trkpt lat="-0.61329137" lon="112.64990145"></trkpt>
  <trkpt lat="-0.61318475" lon="112.64984814"></trkpt>
  <trkpt lat="-0.61313144" lon="112.64984814"></trkpt>
  <trkpt lat="-0.61307813" lon="112.64984814"></trkpt>
  <trkpt lat="-0.61297151" lon="112.64990145"></trkpt>
  <trkpt lat="-0.61286489" lon="112.64990145"></trkpt>
  <trkpt lat="-0.61286489" lon="112.64984814"></trkpt>
  <trkpt lat="-0.61275828" lon="112.64984814"></trkpt>
  <trkpt lat="-0.61265166" lon="112.64979484"></trkpt>
  <trkpt lat="-0.61249173" lon="112.64979484"></trkpt>
  <trkpt lat="-0.61238520" lon="112.64974161"></trkpt>
  <trkpt lat="-0.61227858" lon="112.64968830"></trkpt>
  <trkpt lat="-0.61222527" lon="112.64968830"></trkpt>
  <trkpt lat="-0.61217196" lon="112.64958160"></trkpt>
  <trkpt lat="-0.61217196" lon="112.64947507"></trkpt>
  <trkpt lat="-0.61217196" lon="112.64942176"></trkpt>
  <trkpt lat="-0.61206535" lon="112.64947507"></trkpt>
  <trkpt lat="-0.61201204" lon="112.64947507"></trkpt>
  <trkpt lat="-0.61195873" lon="112.64942176"></trkpt>
  <trkpt lat="-0.61190542" lon="112.64942176"></trkpt>
  <trkpt lat="-0.61185211" lon="112.64942176"></trkpt>
  <trkpt lat="-0.61179880" lon="112.64942176"></trkpt>
  <trkpt lat="-0.61169218" lon="112.64936845"></trkpt>
  <trkpt lat="-0.61163887" lon="112.64931514"></trkpt>
  <trkpt lat="-0.61153234" lon="112.64931514"></trkpt>
  <trkpt lat="-0.61147903" lon="112.64931514"></trkpt>
  <trkpt lat="-0.61137241" lon="112.64936845"></trkpt>
  <trkpt lat="-0.61126580" lon="112.64936845"></trkpt>
  <trkpt lat="-0.61131910" lon="112.64920852"></trkpt>
  <trkpt lat="-0.61126580" lon="112.64920852"></trkpt>
  <trkpt lat="-0.61121249" lon="112.64915521"></trkpt>
  <trkpt lat="-0.61115918" lon="112.64915521"></trkpt>
  <trkpt lat="-0.61110587" lon="112.64915521"></trkpt>
  <trkpt lat="-0.61099925" lon="112.64910190"></trkpt>
  <trkpt lat="-0.61099925" lon="112.64915521"></trkpt>
  <trkpt lat="-0.61094594" lon="112.64915521"></trkpt>
  <trkpt lat="-0.61089263" lon="112.64920852"></trkpt>
  <trkpt lat="-0.61078602" lon="112.64915521"></trkpt>
  <trkpt lat="-0.61062617" lon="112.64915521"></trkpt>
  <trkpt lat="-0.61057286" lon="112.64910190"></trkpt>
  <trkpt lat="-0.61051955" lon="112.64910190"></trkpt>
  <trkpt lat="-0.61041294" lon="112.64915521"></trkpt>
  <trkpt lat="-0.61030632" lon="112.64915521"></trkpt>
  <trkpt lat="-0.61025301" lon="112.64920852"></trkpt>
  <trkpt lat="-0.61030632" lon="112.64920852"></trkpt>
  <trkpt lat="-0.61035963" lon="112.64920852"></trkpt>
  <trkpt lat="-0.61030632" lon="112.64920852"></trkpt>
  <trkpt lat="-0.61019970" lon="112.64920852"></trkpt>
  <trkpt lat="-0.61019970" lon="112.64926183"></trkpt>
  <trkpt lat="-0.61009308" lon="112.64931514"></trkpt>
  <trkpt lat="-0.61003977" lon="112.64942176"></trkpt>
  <trkpt lat="-0.61003977" lon="112.64936845"></trkpt>
  <trkpt lat="-0.60998647" lon="112.64942176"></trkpt>
  <trkpt lat="-0.60987993" lon="112.64942176"></trkpt>
  <trkpt lat="-0.60982662" lon="112.64942176"></trkpt>
  <trkpt lat="-0.60977331" lon="112.64942176"></trkpt>
  <trkpt lat="-0.60972000" lon="112.64936845"></trkpt>
  <trkpt lat="-0.60966670" lon="112.64942176"></trkpt>
  <trkpt lat="-0.60961339" lon="112.64947507"></trkpt>
  <trkpt lat="-0.60956008" lon="112.64952837"></trkpt>
  <trkpt lat="-0.60950677" lon="112.64958160"></trkpt>
  <trkpt lat="-0.60945346" lon="112.64963491"></trkpt>
  <trkpt lat="-0.60929353" lon="112.64963491"></trkpt>
  <trkpt lat="-0.60918692" lon="112.64968830"></trkpt>
  <trkpt lat="-0.60908030" lon="112.64958160"></trkpt>
  <trkpt lat="-0.60908030" lon="112.64963491"></trkpt>
  <trkpt lat="-0.60897376" lon="112.64968830"></trkpt>
  <trkpt lat="-0.60886715" lon="112.64974161"></trkpt>
  <trkpt lat="-0.60876053" lon="112.64968830"></trkpt>
  <trkpt lat="-0.60876053" lon="112.64963491"></trkpt>
  <trkpt lat="-0.60876053" lon="112.64952837"></trkpt>
  <trkpt lat="-0.60876053" lon="112.64942176"></trkpt>
  <trkpt lat="-0.60870722" lon="112.64936845"></trkpt>
  <trkpt lat="-0.60865391" lon="112.64936845"></trkpt>
  <trkpt lat="-0.60849398" lon="112.64942176"></trkpt>
  <trkpt lat="-0.60844067" lon="112.64942176"></trkpt>
  <trkpt lat="-0.60833406" lon="112.64947507"></trkpt>
  <trkpt lat="-0.60822744" lon="112.64942176"></trkpt>
  <trkpt lat="-0.60812091" lon="112.64942176"></trkpt>
  <trkpt lat="-0.60801429" lon="112.64936845"></trkpt>
  <trkpt lat="-0.60790767" lon="112.64936845"></trkpt>
  <trkpt lat="-0.60785436" lon="112.64931514"></trkpt>
  <trkpt lat="-0.60774774" lon="112.64926183"></trkpt>
  <trkpt lat="-0.60769443" lon="112.64926183"></trkpt>
  <trkpt lat="-0.60764113" lon="112.64931514"></trkpt>
  <trkpt lat="-0.60753451" lon="112.64931514"></trkpt>
  <trkpt lat="-0.60742789" lon="112.64926183"></trkpt>
  <trkpt lat="-0.60737458" lon="112.64926183"></trkpt>
  <trkpt lat="-0.60726805" lon="112.64915521"></trkpt>
  <trkpt lat="-0.60716143" lon="112.64910190"></trkpt>
  <trkpt lat="-0.60700150" lon="112.64904859"></trkpt>
  <trkpt lat="-0.60689488" lon="112.64904859"></trkpt>
  <trkpt lat="-0.60673496" lon="112.64899529"></trkpt>
  <trkpt lat="-0.60657503" lon="112.64899529"></trkpt>
  <trkpt lat="-0.60652172" lon="112.64888867"></trkpt>
  <trkpt lat="-0.60646841" lon="112.64894198"></trkpt>
  <trkpt lat="-0.60636188" lon="112.64894198"></trkpt>
  <trkpt lat="-0.60625526" lon="112.64888867"></trkpt>
  <trkpt lat="-0.60609533" lon="112.64888867"></trkpt>
  <trkpt lat="-0.60604203" lon="112.64894198"></trkpt>
  <trkpt lat="-0.60598872" lon="112.64894198"></trkpt>
  <trkpt lat="-0.60588210" lon="112.64894198"></trkpt>
  <trkpt lat="-0.60582879" lon="112.64894198"></trkpt>
  <trkpt lat="-0.60566886" lon="112.64888867"></trkpt>
  <trkpt lat="-0.60556233" lon="112.64894198"></trkpt>
  <trkpt lat="-0.60540240" lon="112.64899529"></trkpt>
  <trkpt lat="-0.60524248" lon="112.64904859"></trkpt>
  <trkpt lat="-0.60513586" lon="112.64910190"></trkpt>
  <trkpt lat="-0.60508255" lon="112.64920852"></trkpt>
  <trkpt lat="-0.60497593" lon="112.64926183"></trkpt>
  <trkpt lat="-0.60486931" lon="112.64931514"></trkpt>
  <trkpt lat="-0.60476270" lon="112.64942176"></trkpt>
  <trkpt lat="-0.60454954" lon="112.64942176"></trkpt>
  <trkpt lat="-0.60449624" lon="112.64947507"></trkpt>
  <trkpt lat="-0.60438962" lon="112.64947507"></trkpt>
  <trkpt lat="-0.60428300" lon="112.64947507"></trkpt>
  <trkpt lat="-0.60406976" lon="112.64952837"></trkpt>
  <trkpt lat="-0.60390984" lon="112.64958160"></trkpt>
  <trkpt lat="-0.60374999" lon="112.64952837"></trkpt>
  <trkpt lat="-0.60364338" lon="112.64958160"></trkpt>
  <trkpt lat="-0.60353676" lon="112.64958160"></trkpt>
  <trkpt lat="-0.60332352" lon="112.64952837"></trkpt>
  <trkpt lat="-0.60316360" lon="112.64958160"></trkpt>
  <trkpt lat="-0.60295036" lon="112.64958160"></trkpt>
  <trkpt lat="-0.60279052" lon="112.64963491"></trkpt>
  <trkpt lat="-0.60263059" lon="112.64968830"></trkpt>
  <trkpt lat="-0.60257728" lon="112.64979484"></trkpt>
  <trkpt lat="-0.60247066" lon="112.64990145"></trkpt>
  <trkpt lat="-0.60241736" lon="112.64990145"></trkpt>
  <trkpt lat="-0.60236405" lon="112.64995476"></trkpt>
  <trkpt lat="-0.60241736" lon="112.64995476"></trkpt>
  <trkpt lat="-0.60241736" lon="112.65006138"></trkpt>
  <trkpt lat="-0.60236405" lon="112.65000807"></trkpt>
  <trkpt lat="-0.60231074" lon="112.64995476"></trkpt>
  <trkpt lat="-0.60231074" lon="112.65000807"></trkpt>
  <trkpt lat="-0.60225743" lon="112.64995476"></trkpt>
  <trkpt lat="-0.60231074" lon="112.65000807"></trkpt>
  <trkpt lat="-0.60231074" lon="112.64995476"></trkpt>
  <trkpt lat="-0.60231074" lon="112.64990145"></trkpt>
  <trkpt lat="-0.60220412" lon="112.64984814"></trkpt>
  <trkpt lat="-0.60215081" lon="112.65000807"></trkpt>
  <trkpt lat="-0.60220412" lon="112.65000807"></trkpt>
  <trkpt lat="-0.60225743" lon="112.64990145"></trkpt>
  <trkpt lat="-0.60220412" lon="112.64979484"></trkpt>
  <trkpt lat="-0.60215081" lon="112.64984814"></trkpt>
  <trkpt lat="-0.60225743" lon="112.64990145"></trkpt>
  <trkpt lat="-0.60236405" lon="112.64995476"></trkpt>
  <trkpt lat="-0.60236405" lon="112.64990145"></trkpt>
  <trkpt lat="-0.60231074" lon="112.64990145"></trkpt>
  <trkpt lat="-0.60225743" lon="112.64984814"></trkpt>
  <trkpt lat="-0.60220412" lon="112.64990145"></trkpt>
  <trkpt lat="-0.60236405" lon="112.64995476"></trkpt>
  <trkpt lat="-0.60231074" lon="112.64979484"></trkpt>
  <trkpt lat="-0.60231074" lon="112.64984814"></trkpt>
  <trkpt lat="-0.60225743" lon="112.65000807"></trkpt>
  <trkpt lat="-0.60231074" lon="112.64990145"></trkpt>
  <trkpt lat="-0.60231074" lon="112.64963491"></trkpt>
  <trkpt lat="-0.60236405" lon="112.64979484"></trkpt>
  <trkpt lat="-0.60236405" lon="112.64995476"></trkpt>
  <trkpt lat="-0.60236405" lon="112.64990145"></trkpt>
  <trkpt lat="-0.60236405" lon="112.64984814"></trkpt>
  <trkpt lat="-0.60241736" lon="112.64995476"></trkpt>
  <trkpt lat="-0.60247066" lon="112.64984814"></trkpt>
  <trkpt lat="-0.60241736" lon="112.64979484"></trkpt>
  <trkpt lat="-0.60252397" lon="112.64984814"></trkpt>
  <trkpt lat="-0.60247066" lon="112.64979484"></trkpt>
  <trkpt lat="-0.60236405" lon="112.64984814"></trkpt>
  <trkpt lat="-0.60225743" lon="112.64984814"></trkpt>
  <trkpt lat="-0.60236405" lon="112.64984814"></trkpt>
  <trkpt lat="-0.60241736" lon="112.64984814"></trkpt>
  <trkpt lat="-0.60241736" lon="112.64990145"></trkpt>
  <trkpt lat="-0.60247066" lon="112.64990145"></trkpt>
  <trkpt lat="-0.60241736" lon="112.64990145"></trkpt>
  <trkpt lat="-0.60231074" lon="112.64995476"></trkpt>
  <trkpt lat="-0.60241736" lon="112.64990145"></trkpt>
  <trkpt lat="-0.60241736" lon="112.64984814"></trkpt>
  <trkpt lat="-0.60231074" lon="112.64979484"></trkpt>
  <trkpt lat="-0.60231074" lon="112.64968830"></trkpt>
  <trkpt lat="-0.60220412" lon="112.64968830"></trkpt>
  <trkpt lat="-0.60215081" lon="112.64963491"></trkpt>
  <trkpt lat="-0.60209750" lon="112.64963491"></trkpt>
  <trkpt lat="-0.60209750" lon="112.64958160"></trkpt>
  <trkpt lat="-0.60209750" lon="112.64952837"></trkpt>
  <trkpt lat="-0.60204428" lon="112.64942176"></trkpt>
  <trkpt lat="-0.60204428" lon="112.64936845"></trkpt>
  <trkpt lat="-0.60204428" lon="112.64931514"></trkpt>
  <trkpt lat="-0.60199097" lon="112.64920852"></trkpt>
  <trkpt lat="-0.60193766" lon="112.64920852"></trkpt>
  <trkpt lat="-0.60193766" lon="112.64910190"></trkpt>
  <trkpt lat="-0.60188435" lon="112.64904859"></trkpt>
  <trkpt lat="-0.60177773" lon="112.64899529"></trkpt>
  <trkpt lat="-0.60172442" lon="112.64894198"></trkpt>
  <trkpt lat="-0.60167111" lon="112.64888867"></trkpt>
  <trkpt lat="-0.60156450" lon="112.64872874"></trkpt>
  <trkpt lat="-0.60151119" lon="112.64867543"></trkpt>
  <trkpt lat="-0.60140457" lon="112.64856881"></trkpt>
  <trkpt lat="-0.60129795" lon="112.64846220"></trkpt>
  <trkpt lat="-0.60113811" lon="112.64830227"></trkpt>
  <trkpt lat="-0.60103149" lon="112.64819565"></trkpt>
  <trkpt lat="-0.60092487" lon="112.64803573"></trkpt>
  <trkpt lat="-0.60092487" lon="112.64792911"></trkpt>
  <trkpt lat="-0.60087156" lon="112.64787580"></trkpt>
  <trkpt lat="-0.60076495" lon="112.64776918"></trkpt>
  <trkpt lat="-0.60060502" lon="112.64771587"></trkpt>
  <trkpt lat="-0.60055171" lon="112.64760925"></trkpt>
  <trkpt lat="-0.60044509" lon="112.64755595"></trkpt>
  <trkpt lat="-0.60023194" lon="112.64739602"></trkpt>
  <trkpt lat="-0.60017863" lon="112.64728940"></trkpt>
  <trkpt lat="-0.60017863" lon="112.64718278"></trkpt>
  <trkpt lat="-0.60007202" lon="112.64702286"></trkpt>
  <trkpt lat="-0.59996540" lon="112.64691624"></trkpt>
  <trkpt lat="-0.59991209" lon="112.64675631"></trkpt>
  <trkpt lat="-0.59991209" lon="112.64664978"></trkpt>
  <trkpt lat="-0.59985878" lon="112.64648985"></trkpt>
  <trkpt lat="-0.59985878" lon="112.64632992"></trkpt>
  <trkpt lat="-0.59980547" lon="112.64622331"></trkpt>
  <trkpt lat="-0.59969885" lon="112.64606338"></trkpt>
  <trkpt lat="-0.59964554" lon="112.64595676"></trkpt>
  <trkpt lat="-0.59959223" lon="112.64585014"></trkpt>
  <trkpt lat="-0.59948570" lon="112.64569022"></trkpt>
  <trkpt lat="-0.59937908" lon="112.64563691"></trkpt>
  <trkpt lat="-0.59927247" lon="112.64553029"></trkpt>
  <trkpt lat="-0.59921916" lon="112.64547698"></trkpt>
  <trkpt lat="-0.59905923" lon="112.64542367"></trkpt>
  <trkpt lat="-0.59900592" lon="112.64542367"></trkpt>
  <trkpt lat="-0.59889930" lon="112.64531706"></trkpt>
  <trkpt lat="-0.59884599" lon="112.64526375"></trkpt>
  <trkpt lat="-0.59873938" lon="112.64521044"></trkpt>
  <trkpt lat="-0.59852622" lon="112.64505051"></trkpt>
  <trkpt lat="-0.59841961" lon="112.64494389"></trkpt>
  <trkpt lat="-0.59831299" lon="112.64489058"></trkpt>
  <trkpt lat="-0.59815306" lon="112.64478397"></trkpt>
  <trkpt lat="-0.59799314" lon="112.64467735"></trkpt>
  <trkpt lat="-0.59777990" lon="112.64457073"></trkpt>
  <trkpt lat="-0.59762006" lon="112.64457073"></trkpt>
  <trkpt lat="-0.59746013" lon="112.64451742"></trkpt>
  <trkpt lat="-0.59730020" lon="112.64446411"></trkpt>
  <trkpt lat="-0.59719359" lon="112.64446411"></trkpt>
  <trkpt lat="-0.59703366" lon="112.64446411"></trkpt>
  <trkpt lat="-0.59687373" lon="112.64446411"></trkpt>
  <trkpt lat="-0.59676720" lon="112.64446411"></trkpt>
  <trkpt lat="-0.59660727" lon="112.64441080"></trkpt>
  <trkpt lat="-0.59634073" lon="112.64435750"></trkpt>
  <trkpt lat="-0.59623411" lon="112.64430419"></trkpt>
  <trkpt lat="-0.59612749" lon="112.64414426"></trkpt>
  <trkpt lat="-0.59596765" lon="112.64409095"></trkpt>
  <trkpt lat="-0.59580772" lon="112.64398433"></trkpt>
  <trkpt lat="-0.59564780" lon="112.64393102"></trkpt>
  <trkpt lat="-0.59554118" lon="112.64393102"></trkpt>
  <trkpt lat="-0.59538125" lon="112.64393102"></trkpt>
  <trkpt lat="-0.59522132" lon="112.64393102"></trkpt>
  <trkpt lat="-0.59500817" lon="112.64382449"></trkpt>
  <trkpt lat="-0.59490155" lon="112.64382449"></trkpt>
  <trkpt lat="-0.59468832" lon="112.64377118"></trkpt>
  <trkpt lat="-0.59458170" lon="112.64371779"></trkpt>
  <trkpt lat="-0.59447508" lon="112.64371779"></trkpt>
  <trkpt lat="-0.59431516" lon="112.64377118"></trkpt>
  <trkpt lat="-0.59415531" lon="112.64366448"></trkpt>
  <trkpt lat="-0.59404870" lon="112.64361125"></trkpt>
  <trkpt lat="-0.59388877" lon="112.64361125"></trkpt>
  <trkpt lat="-0.59372884" lon="112.64355795"></trkpt>
  <trkpt lat="-0.59367553" lon="112.64355795"></trkpt>
  <trkpt lat="-0.59362222" lon="112.64350464"></trkpt>
  <trkpt lat="-0.59356892" lon="112.64361125"></trkpt>
  <trkpt lat="-0.59362222" lon="112.64355795"></trkpt>
  <trkpt lat="-0.59367553" lon="112.64355795"></trkpt>
  <trkpt lat="-0.59362222" lon="112.64355795"></trkpt>
  <trkpt lat="-0.59367553" lon="112.64355795"></trkpt>
  <trkpt lat="-0.59362222" lon="112.64355795"></trkpt>
  <trkpt lat="-0.59362222" lon="112.64361125"></trkpt>
  <trkpt lat="-0.59362222" lon="112.64355795"></trkpt>
  <trkpt lat="-0.59367553" lon="112.64350464"></trkpt>
  <trkpt lat="-0.59367553" lon="112.64345133"></trkpt>
  <trkpt lat="-0.59372884" lon="112.64345133"></trkpt>
  <trkpt lat="-0.59367553" lon="112.64345133"></trkpt>
  <trkpt lat="-0.59362222" lon="112.64355795"></trkpt>
  <trkpt lat="-0.59351561" lon="112.64350464"></trkpt>
  <trkpt lat="-0.59340899" lon="112.64350464"></trkpt>
  <trkpt lat="-0.59314253" lon="112.64345133"></trkpt>
  <trkpt lat="-0.59303591" lon="112.64350464"></trkpt>
  <trkpt lat="-0.59287598" lon="112.64350464"></trkpt>
  <trkpt lat="-0.59271606" lon="112.64350464"></trkpt>
  <trkpt lat="-0.59250291" lon="112.64361125"></trkpt>
  <trkpt lat="-0.59234298" lon="112.64355795"></trkpt>
  <trkpt lat="-0.59212974" lon="112.64355795"></trkpt>
  <trkpt lat="-0.59202312" lon="112.64350464"></trkpt>
  <trkpt lat="-0.59180989" lon="112.64339802"></trkpt>
  <trkpt lat="-0.59170327" lon="112.64329140"></trkpt>
  <trkpt lat="-0.59165005" lon="112.64318478"></trkpt>
  <trkpt lat="-0.59154343" lon="112.64297155"></trkpt>
  <trkpt lat="-0.59143681" lon="112.64275831"></trkpt>
  <trkpt lat="-0.59143681" lon="112.64270500"></trkpt>
  <trkpt lat="-0.59138350" lon="112.64259838"></trkpt>
  <trkpt lat="-0.59133019" lon="112.64254508"></trkpt>
  <trkpt lat="-0.59127688" lon="112.64249177"></trkpt>
  <trkpt lat="-0.59122358" lon="112.64238515"></trkpt>
  <trkpt lat="-0.59122358" lon="112.64233184"></trkpt>
  <trkpt lat="-0.59117027" lon="112.64222522"></trkpt>
  <trkpt lat="-0.59106365" lon="112.64217191"></trkpt>
  <trkpt lat="-0.59106365" lon="112.64211860"></trkpt>
  <trkpt lat="-0.59101034" lon="112.64201199"></trkpt>
  <trkpt lat="-0.59101034" lon="112.64190537"></trkpt>
  <trkpt lat="-0.59095703" lon="112.64185206"></trkpt>
  <trkpt lat="-0.59090372" lon="112.64174544"></trkpt>
  <trkpt lat="-0.59090372" lon="112.64163882"></trkpt>
  <trkpt lat="-0.59085041" lon="112.64147890"></trkpt>
  <trkpt lat="-0.59085041" lon="112.64137228"></trkpt>
  <trkpt lat="-0.59079719" lon="112.64126566"></trkpt>
  <trkpt lat="-0.59069057" lon="112.64110574"></trkpt>
  <trkpt lat="-0.59063726" lon="112.64094581"></trkpt>
  <trkpt lat="-0.59063726" lon="112.64078588"></trkpt>
  <trkpt lat="-0.59063726" lon="112.64062604"></trkpt>
  <trkpt lat="-0.59058395" lon="112.64051942"></trkpt>
  <trkpt lat="-0.59042403" lon="112.64035949"></trkpt>
  <trkpt lat="-0.59031741" lon="112.64025288"></trkpt>
  <trkpt lat="-0.59021079" lon="112.64019957"></trkpt>
  <trkpt lat="-0.59005086" lon="112.64009295"></trkpt>
  <trkpt lat="-0.58999755" lon="112.64009295"></trkpt>
  <trkpt lat="-0.58989102" lon="112.64009295"></trkpt>
  <trkpt lat="-0.58978440" lon="112.64003964"></trkpt>
  <trkpt lat="-0.58962448" lon="112.63998633"></trkpt>
  <trkpt lat="-0.58951786" lon="112.63993302"></trkpt>
  <trkpt lat="-0.58941124" lon="112.63993302"></trkpt>
  <trkpt lat="-0.58925131" lon="112.63982641"></trkpt>
  <trkpt lat="-0.58914470" lon="112.63982641"></trkpt>
  <trkpt lat="-0.58903816" lon="112.63977310"></trkpt>
  <trkpt lat="-0.58882493" lon="112.63966648"></trkpt>
  <trkpt lat="-0.58866500" lon="112.63961317"></trkpt>
  <trkpt lat="-0.58855838" lon="112.63955986"></trkpt>
  <trkpt lat="-0.58845176" lon="112.63939993"></trkpt>
  <trkpt lat="-0.58829184" lon="112.63934663"></trkpt>
  <trkpt lat="-0.58813199" lon="112.63929332"></trkpt>
  <trkpt lat="-0.58791876" lon="112.63934663"></trkpt>
  <trkpt lat="-0.58775883" lon="112.63934663"></trkpt>
  <trkpt lat="-0.58759890" lon="112.63929332"></trkpt>
  <trkpt lat="-0.58749229" lon="112.63924001"></trkpt>
  <trkpt lat="-0.58738567" lon="112.63918670"></trkpt>
  <trkpt lat="-0.58733236" lon="112.63918670"></trkpt>
  <trkpt lat="-0.58722583" lon="112.63913339"></trkpt>
  <trkpt lat="-0.58717252" lon="112.63902677"></trkpt>
  <trkpt lat="-0.58706590" lon="112.63892015"></trkpt>
  <trkpt lat="-0.58690597" lon="112.63876023"></trkpt>
  <trkpt lat="-0.58674605" lon="112.63865361"></trkpt>
 </trkseg>
</trk>
<trk>
 <name>7 009</name>
 <trkseg>
  <trkpt lat="-0.58674605" lon="112.63865361"></trkpt>
  <trkpt lat="-0.58663943" lon="112.63854699"></trkpt>
  <trkpt lat="-0.58653281" lon="112.63838707"></trkpt>
  <trkpt lat="-0.58642628" lon="112.63828045"></trkpt>
  <trkpt lat="-0.58631966" lon="112.63822714"></trkpt>
  <trkpt lat="-0.58615973" lon="112.63812052"></trkpt>
  <trkpt lat="-0.58605311" lon="112.63806721"></trkpt>
  <trkpt lat="-0.58589319" lon="112.63790729"></trkpt>
  <trkpt lat="-0.58578657" lon="112.63785406"></trkpt>
  <trkpt lat="-0.58567995" lon="112.63780075"></trkpt>
  <trkpt lat="-0.58557342" lon="112.63774736"></trkpt>
  <trkpt lat="-0.58552011" lon="112.63764082"></trkpt>
  <trkpt lat="-0.58546680" lon="112.63764082"></trkpt>
  <trkpt lat="-0.58541349" lon="112.63758752"></trkpt>
  <trkpt lat="-0.58536018" lon="112.63753421"></trkpt>
  <trkpt lat="-0.58530687" lon="112.63753421"></trkpt>
  <trkpt lat="-0.58520026" lon="112.63748090"></trkpt>
  <trkpt lat="-0.58509364" lon="112.63742759"></trkpt>
  <trkpt lat="-0.58498702" lon="112.63742759"></trkpt>
  <trkpt lat="-0.58493371" lon="112.63737428"></trkpt>
  <trkpt lat="-0.58482709" lon="112.63737428"></trkpt>
  <trkpt lat="-0.58477378" lon="112.63742759"></trkpt>
  <trkpt lat="-0.58472056" lon="112.63732097"></trkpt>
  <trkpt lat="-0.58461394" lon="112.63726766"></trkpt>
  <trkpt lat="-0.58450732" lon="112.63721435"></trkpt>
  <trkpt lat="-0.58445401" lon="112.63721435"></trkpt>
  <trkpt lat="-0.58435402" lon="112.63721435"></trkpt>
  <trkpt lat="-0.58430071" lon="112.63716104"></trkpt>
  <trkpt lat="-0.58419418" lon="112.63716104"></trkpt>
  <trkpt lat="-0.58408756" lon="112.63710774"></trkpt>
  <trkpt lat="-0.58398094" lon="112.63710774"></trkpt>
  <trkpt lat="-0.58392763" lon="112.63710774"></trkpt>
  <trkpt lat="-0.58403425" lon="112.63705443"></trkpt>
  <trkpt lat="-0.58392763" lon="112.63705443"></trkpt>
  <trkpt lat="-0.58387432" lon="112.63705443"></trkpt>
  <trkpt lat="-0.58387432" lon="112.63710774"></trkpt>
  <trkpt lat="-0.58382101" lon="112.63705443"></trkpt>
  <trkpt lat="-0.58387432" lon="112.63705443"></trkpt>
  <trkpt lat="-0.58387432" lon="112.63710774"></trkpt>
  <trkpt lat="-0.58392763" lon="112.63710774"></trkpt>
  <trkpt lat="-0.58387432" lon="112.63710774"></trkpt>
  <trkpt lat="-0.58387432" lon="112.63705443"></trkpt>
  <trkpt lat="-0.58387432" lon="112.63710774"></trkpt>
  <trkpt lat="-0.58392763" lon="112.63710774"></trkpt>
  <trkpt lat="-0.58392763" lon="112.63716104"></trkpt>
  <trkpt lat="-0.58398094" lon="112.63716104"></trkpt>
  <trkpt lat="-0.58392763" lon="112.63710774"></trkpt>
  <trkpt lat="-0.58392763" lon="112.63705443"></trkpt>
  <trkpt lat="-0.58398094" lon="112.63710774"></trkpt>
  <trkpt lat="-0.58382101" lon="112.63716104"></trkpt>
  <trkpt lat="-0.58376770" lon="112.63716104"></trkpt>
  <trkpt lat="-0.58360778" lon="112.63721435"></trkpt>
  <trkpt lat="-0.58350116" lon="112.63716104"></trkpt>
  <trkpt lat="-0.58328801" lon="112.63721435"></trkpt>
  <trkpt lat="-0.58312808" lon="112.63721435"></trkpt>
  <trkpt lat="-0.58307477" lon="112.63726766"></trkpt>
  <trkpt lat="-0.58296815" lon="112.63726766"></trkpt>
  <trkpt lat="-0.58286154" lon="112.63721435"></trkpt>
  <trkpt lat="-0.58280823" lon="112.63721435"></trkpt>
  <trkpt lat="-0.58275492" lon="112.63716104"></trkpt>
  <trkpt lat="-0.58264830" lon="112.63716104"></trkpt>
  <trkpt lat="-0.58254177" lon="112.63716104"></trkpt>
  <trkpt lat="-0.58243515" lon="112.63705443"></trkpt>
  <trkpt lat="-0.58238184" lon="112.63705443"></trkpt>
  <trkpt lat="-0.58232853" lon="112.63700112"></trkpt>
  <trkpt lat="-0.58222191" lon="112.63694781"></trkpt>
  <trkpt lat="-0.58211530" lon="112.63689450"></trkpt>
  <trkpt lat="-0.58206199" lon="112.63684119"></trkpt>
  <trkpt lat="-0.58200868" lon="112.63673457"></trkpt>
  <trkpt lat="-0.58190206" lon="112.63673457"></trkpt>
  <trkpt lat="-0.58179544" lon="112.63668126"></trkpt>
  <trkpt lat="-0.58168891" lon="112.63673457"></trkpt>
  <trkpt lat="-0.58163560" lon="112.63673457"></trkpt>
  <trkpt lat="-0.58152898" lon="112.63668126"></trkpt>
  <trkpt lat="-0.58142236" lon="112.63668126"></trkpt>
  <trkpt lat="-0.58131575" lon="112.63668126"></trkpt>
  <trkpt lat="-0.58126244" lon="112.63668126"></trkpt>
  <trkpt lat="-0.58120913" lon="112.63668126"></trkpt>
  <trkpt lat="-0.58110251" lon="112.63662796"></trkpt>
  <trkpt lat="-0.58110251" lon="112.63652134"></trkpt>
  <trkpt lat="-0.58099589" lon="112.63646803"></trkpt>
  <trkpt lat="-0.58088928" lon="112.63636141"></trkpt>
  <trkpt lat="-0.58078274" lon="112.63630810"></trkpt>
  <trkpt lat="-0.58072943" lon="112.63630810"></trkpt>
  <trkpt lat="-0.58067612" lon="112.63620148"></trkpt>
  <trkpt lat="-0.58062281" lon="112.63609487"></trkpt>
  <trkpt lat="-0.58051620" lon="112.63604156"></trkpt>
  <trkpt lat="-0.58051620" lon="112.63588163"></trkpt>
  <trkpt lat="-0.58046289" lon="112.63572170"></trkpt>
  <trkpt lat="-0.58040958" lon="112.63561509"></trkpt>
  <trkpt lat="-0.58035627" lon="112.63550847"></trkpt>
  <trkpt lat="-0.58024965" lon="112.63534854"></trkpt>
  <trkpt lat="-0.58014303" lon="112.63518861"></trkpt>
  <trkpt lat="-0.58008973" lon="112.63508200"></trkpt>
  <trkpt lat="-0.58008973" lon="112.63502869"></trkpt>
  <trkpt lat="-0.58008973" lon="112.63481554"></trkpt>
  <trkpt lat="-0.58003642" lon="112.63454899"></trkpt>
  <trkpt lat="-0.58003642" lon="112.63438907"></trkpt>
  <trkpt lat="-0.57998319" lon="112.63433576"></trkpt>
  <trkpt lat="-0.57987657" lon="112.63418245"></trkpt>
  <trkpt lat="-0.57982326" lon="112.63396922"></trkpt>
  <trkpt lat="-0.57976996" lon="112.63380929"></trkpt>
  <trkpt lat="-0.57976996" lon="112.63375598"></trkpt>
  <trkpt lat="-0.57966334" lon="112.63375598"></trkpt>
  <trkpt lat="-0.57971665" lon="112.63370267"></trkpt>
  <trkpt lat="-0.57971665" lon="112.63359605"></trkpt>
  <trkpt lat="-0.57971665" lon="112.63354274"></trkpt>
  <trkpt lat="-0.57966334" lon="112.63343621"></trkpt>
  <trkpt lat="-0.57961003" lon="112.63327620"></trkpt>
  <trkpt lat="-0.57955672" lon="112.63311636"></trkpt>
  <trkpt lat="-0.57945010" lon="112.63300974"></trkpt>
  <trkpt lat="-0.57939679" lon="112.63290312"></trkpt>
  <trkpt lat="-0.57939679" lon="112.63279650"></trkpt>
  <trkpt lat="-0.57939679" lon="112.63274319"></trkpt>
  <trkpt lat="-0.57939679" lon="112.63268989"></trkpt>
  <trkpt lat="-0.57945010" lon="112.63258327"></trkpt>
  <trkpt lat="-0.57939679" lon="112.63258327"></trkpt>
  <trkpt lat="-0.57934348" lon="112.63258327"></trkpt>
  <trkpt lat="-0.57939679" lon="112.63263658"></trkpt>
  <trkpt lat="-0.57945010" lon="112.63258327"></trkpt>
  <trkpt lat="-0.57939679" lon="112.63263658"></trkpt>
  <trkpt lat="-0.57934348" lon="112.63258327"></trkpt>
  <trkpt lat="-0.57939679" lon="112.63252996"></trkpt>
  <trkpt lat="-0.57939679" lon="112.63258327"></trkpt>
  <trkpt lat="-0.57950341" lon="112.63258327"></trkpt>
  <trkpt lat="-0.57945010" lon="112.63263658"></trkpt>
  <trkpt lat="-0.57939679" lon="112.63252996"></trkpt>
  <trkpt lat="-0.57945010" lon="112.63258327"></trkpt>
  <trkpt lat="-0.57939679" lon="112.63263658"></trkpt>
  <trkpt lat="-0.57934348" lon="112.63258327"></trkpt>
  <trkpt lat="-0.57929018" lon="112.63247665"></trkpt>
  <trkpt lat="-0.57923687" lon="112.63237003"></trkpt>
  <trkpt lat="-0.57918356" lon="112.63221011"></trkpt>
  <trkpt lat="-0.57913025" lon="112.63205018"></trkpt>
  <trkpt lat="-0.57913025" lon="112.63189025"></trkpt>
  <trkpt lat="-0.57907694" lon="112.63178363"></trkpt>
  <trkpt lat="-0.57902372" lon="112.63167702"></trkpt>
  <trkpt lat="-0.57891710" lon="112.63157040"></trkpt>
  <trkpt lat="-0.57881048" lon="112.63146378"></trkpt>
  <trkpt lat="-0.57870386" lon="112.63141047"></trkpt>
  <trkpt lat="-0.57859724" lon="112.63141047"></trkpt>
  <trkpt lat="-0.57849063" lon="112.63146378"></trkpt>
  <trkpt lat="-0.57833070" lon="112.63146378"></trkpt>
  <trkpt lat="-0.57822408" lon="112.63146378"></trkpt>
  <trkpt lat="-0.57801093" lon="112.63141047"></trkpt>
  <trkpt lat="-0.57779769" lon="112.63151709"></trkpt>
  <trkpt lat="-0.57769108" lon="112.63146378"></trkpt>
  <trkpt lat="-0.57763777" lon="112.63146378"></trkpt>
  <trkpt lat="-0.57753115" lon="112.63146378"></trkpt>
  <trkpt lat="-0.57742453" lon="112.63141047"></trkpt>
  <trkpt lat="-0.57737122" lon="112.63135716"></trkpt>
  <trkpt lat="-0.57726469" lon="112.63141047"></trkpt>
  <trkpt lat="-0.57721138" lon="112.63130385"></trkpt>
  <trkpt lat="-0.57710476" lon="112.63125055"></trkpt>
  <trkpt lat="-0.57694484" lon="112.63125055"></trkpt>
  <trkpt lat="-0.57673160" lon="112.63119724"></trkpt>
  <trkpt lat="-0.57657167" lon="112.63119724"></trkpt>
  <trkpt lat="-0.57646514" lon="112.63103731"></trkpt>
  <trkpt lat="-0.57641183" lon="112.63103731"></trkpt>
  <trkpt lat="-0.57630521" lon="112.63098400"></trkpt>
  <trkpt lat="-0.57625190" lon="112.63093069"></trkpt>
  <trkpt lat="-0.57614529" lon="112.63071746"></trkpt>
  <trkpt lat="-0.57603867" lon="112.63061084"></trkpt>
  <trkpt lat="-0.57603867" lon="112.63055753"></trkpt>
  <trkpt lat="-0.57593205" lon="112.63050422"></trkpt>
  <trkpt lat="-0.57587874" lon="112.63045091"></trkpt>
  <trkpt lat="-0.57577212" lon="112.63039769"></trkpt>
  <trkpt lat="-0.57582543" lon="112.63029107"></trkpt>
  <trkpt lat="-0.57571881" lon="112.63029107"></trkpt>
  <trkpt lat="-0.57555897" lon="112.63029107"></trkpt>
  <trkpt lat="-0.57545235" lon="112.63034438"></trkpt>
  <trkpt lat="-0.57529243" lon="112.63029107"></trkpt>
  <trkpt lat="-0.57507919" lon="112.63029107"></trkpt>
  <trkpt lat="-0.57497257" lon="112.63029107"></trkpt>
  <trkpt lat="-0.57491926" lon="112.63018445"></trkpt>
  <trkpt lat="-0.57481265" lon="112.63018445"></trkpt>
  <trkpt lat="-0.57459950" lon="112.63018445"></trkpt>
  <trkpt lat="-0.57454619" lon="112.63018445"></trkpt>
  <trkpt lat="-0.57443957" lon="112.63013114"></trkpt>
  <trkpt lat="-0.57438626" lon="112.63007783"></trkpt>
  <trkpt lat="-0.57433295" lon="112.63007783"></trkpt>
  <trkpt lat="-0.57417302" lon="112.63007783"></trkpt>
  <trkpt lat="-0.57411972" lon="112.63007783"></trkpt>
  <trkpt lat="-0.57406641" lon="112.63013114"></trkpt>
  <trkpt lat="-0.57395979" lon="112.63018445"></trkpt>
  <trkpt lat="-0.57385317" lon="112.63013114"></trkpt>
  <trkpt lat="-0.57374664" lon="112.63013114"></trkpt>
  <trkpt lat="-0.57358671" lon="112.63013114"></trkpt>
  <trkpt lat="-0.57342678" lon="112.63023776"></trkpt>
  <trkpt lat="-0.57326686" lon="112.63023776"></trkpt>
  <trkpt lat="-0.57316024" lon="112.63023776"></trkpt>
  <trkpt lat="-0.57300031" lon="112.63023776"></trkpt>
  <trkpt lat="-0.57284047" lon="112.63023776"></trkpt>
  <trkpt lat="-0.57273385" lon="112.63007783"></trkpt>
  <trkpt lat="-0.57262723" lon="112.63002452"></trkpt>
  <trkpt lat="-0.57252062" lon="112.63002452"></trkpt>
  <trkpt lat="-0.57241400" lon="112.62997122"></trkpt>
  <trkpt lat="-0.57230738" lon="112.62997122"></trkpt>
  <trkpt lat="-0.57225407" lon="112.62997122"></trkpt>
  <trkpt lat="-0.57214745" lon="112.62997122"></trkpt>
  <trkpt lat="-0.57204092" lon="112.62997122"></trkpt>
  <trkpt lat="-0.57188099" lon="112.62997122"></trkpt>
  <trkpt lat="-0.57182768" lon="112.62997122"></trkpt>
  <trkpt lat="-0.57172107" lon="112.63007783"></trkpt>
  <trkpt lat="-0.57156114" lon="112.63007783"></trkpt>
  <trkpt lat="-0.57134790" lon="112.63018445"></trkpt>
  <trkpt lat="-0.57129459" lon="112.63018445"></trkpt>
  <trkpt lat="-0.57118806" lon="112.63018445"></trkpt>
  <trkpt lat="-0.57108144" lon="112.63018445"></trkpt>
  <trkpt lat="-0.57092152" lon="112.63018445"></trkpt>
  <trkpt lat="-0.57086821" lon="112.63013114"></trkpt>
  <trkpt lat="-0.57070828" lon="112.63013114"></trkpt>
  <trkpt lat="-0.57054835" lon="112.63007783"></trkpt>
  <trkpt lat="-0.57049504" lon="112.63007783"></trkpt>
  <trkpt lat="-0.57033520" lon="112.63013114"></trkpt>
  <trkpt lat="-0.57028189" lon="112.63013114"></trkpt>
  <trkpt lat="-0.57012197" lon="112.63002452"></trkpt>
  <trkpt lat="-0.56996204" lon="112.62991791"></trkpt>
  <trkpt lat="-0.56980211" lon="112.62986460"></trkpt>
  <trkpt lat="-0.56974880" lon="112.62970467"></trkpt>
  <trkpt lat="-0.56969550" lon="112.62965136"></trkpt>
  <trkpt lat="-0.56964219" lon="112.62965136"></trkpt>
  <trkpt lat="-0.56958888" lon="112.62959805"></trkpt>
  <trkpt lat="-0.56948234" lon="112.62954474"></trkpt>
  <trkpt lat="-0.56937573" lon="112.62949144"></trkpt>
  <trkpt lat="-0.56926911" lon="112.62943813"></trkpt>
  <trkpt lat="-0.56926911" lon="112.62933151"></trkpt>
  <trkpt lat="-0.56921580" lon="112.62927820"></trkpt>
  <trkpt lat="-0.56910918" lon="112.62933151"></trkpt>
  <trkpt lat="-0.56900256" lon="112.62938482"></trkpt>
  <trkpt lat="-0.56894925" lon="112.62938482"></trkpt>
  <trkpt lat="-0.56884264" lon="112.62943813"></trkpt>
  <trkpt lat="-0.56873602" lon="112.62943813"></trkpt>
  <trkpt lat="-0.56862948" lon="112.62949144"></trkpt>
  <trkpt lat="-0.56852287" lon="112.62949144"></trkpt>
  <trkpt lat="-0.56841625" lon="112.62943813"></trkpt>
  <trkpt lat="-0.56830963" lon="112.62933151"></trkpt>
  <trkpt lat="-0.56820301" lon="112.62922489"></trkpt>
  <trkpt lat="-0.56809640" lon="112.62911827"></trkpt>
  <trkpt lat="-0.56809640" lon="112.62906496"></trkpt>
  <trkpt lat="-0.56804309" lon="112.62895835"></trkpt>
  <trkpt lat="-0.56798978" lon="112.62890504"></trkpt>
  <trkpt lat="-0.56788316" lon="112.62885173"></trkpt>
  <trkpt lat="-0.56782985" lon="112.62879842"></trkpt>
  <trkpt lat="-0.56772332" lon="112.62874511"></trkpt>
  <trkpt lat="-0.56767001" lon="112.62869180"></trkpt>
  <trkpt lat="-0.56756339" lon="112.62863849"></trkpt>
  <trkpt lat="-0.56751008" lon="112.62863849"></trkpt>
  <trkpt lat="-0.56745677" lon="112.62853188"></trkpt>
  <trkpt lat="-0.56735015" lon="112.62847857"></trkpt>
  <trkpt lat="-0.56719023" lon="112.62842526"></trkpt>
  <trkpt lat="-0.56713692" lon="112.62837195"></trkpt>
  <trkpt lat="-0.56703030" lon="112.62837195"></trkpt>
  <trkpt lat="-0.56692377" lon="112.62826533"></trkpt>
  <trkpt lat="-0.56687046" lon="112.62831864"></trkpt>
  <trkpt lat="-0.56692377" lon="112.62837195"></trkpt>
  <trkpt lat="-0.56687046" lon="112.62831864"></trkpt>
  <trkpt lat="-0.56676384" lon="112.62831864"></trkpt>
  <trkpt lat="-0.56671053" lon="112.62831864"></trkpt>
  <trkpt lat="-0.56665722" lon="112.62831864"></trkpt>
  <trkpt lat="-0.56655060" lon="112.62831864"></trkpt>
  <trkpt lat="-0.56644399" lon="112.62837195"></trkpt>
  <trkpt lat="-0.56633737" lon="112.62831864"></trkpt>
  <trkpt lat="-0.56628406" lon="112.62831864"></trkpt>
  <trkpt lat="-0.56633737" lon="112.62831864"></trkpt>
  <trkpt lat="-0.56639068" lon="112.62831864"></trkpt>
  <trkpt lat="-0.56628406" lon="112.62837195"></trkpt>
  <trkpt lat="-0.56623075" lon="112.62831864"></trkpt>
  <trkpt lat="-0.56628406" lon="112.62831864"></trkpt>
  <trkpt lat="-0.56639068" lon="112.62831864"></trkpt>
  <trkpt lat="-0.56639068" lon="112.62826533"></trkpt>
  <trkpt lat="-0.56639068" lon="112.62821202"></trkpt>
  <trkpt lat="-0.56639068" lon="112.62831864"></trkpt>
  <trkpt lat="-0.56639068" lon="112.62826533"></trkpt>
  <trkpt lat="-0.56639068" lon="112.62831864"></trkpt>
  <trkpt lat="-0.56639068" lon="112.62826533"></trkpt>
  <trkpt lat="-0.56633737" lon="112.62831864"></trkpt>
  <trkpt lat="-0.56628406" lon="112.62831864"></trkpt>
  <trkpt lat="-0.56623075" lon="112.62831864"></trkpt>
  <trkpt lat="-0.56628406" lon="112.62831864"></trkpt>
  <trkpt lat="-0.56633737" lon="112.62826533"></trkpt>
  <trkpt lat="-0.56628406" lon="112.62831864"></trkpt>
  <trkpt lat="-0.56628406" lon="112.62821202"></trkpt>
  <trkpt lat="-0.56633737" lon="112.62826533"></trkpt>
  <trkpt lat="-0.56633737" lon="112.62831864"></trkpt>
  <trkpt lat="-0.56639068" lon="112.62837195"></trkpt>
  <trkpt lat="-0.56644399" lon="112.62831864"></trkpt>
  <trkpt lat="-0.56639068" lon="112.62831864"></trkpt>
  <trkpt lat="-0.56623075" lon="112.62831864"></trkpt>
  <trkpt lat="-0.56623075" lon="112.62826533"></trkpt>
  <trkpt lat="-0.56628406" lon="112.62826533"></trkpt>
  <trkpt lat="-0.56639068" lon="112.62831864"></trkpt>
  <trkpt lat="-0.56633737" lon="112.62826533"></trkpt>
  <trkpt lat="-0.56639068" lon="112.62826533"></trkpt>
  <trkpt lat="-0.56639068" lon="112.62821202"></trkpt>
  <trkpt lat="-0.56639068" lon="112.62826533"></trkpt>
  <trkpt lat="-0.56628406" lon="112.62837195"></trkpt>
  <trkpt lat="-0.56623075" lon="112.62837195"></trkpt>
  <trkpt lat="-0.56623075" lon="112.62831864"></trkpt>
  <trkpt lat="-0.56623075" lon="112.62821202"></trkpt>
  <trkpt lat="-0.56617744" lon="112.62815871"></trkpt>
  <trkpt lat="-0.56617744" lon="112.62799879"></trkpt>
  <trkpt lat="-0.56612413" lon="112.62789217"></trkpt>
  <trkpt lat="-0.56607091" lon="112.62783886"></trkpt>
  <trkpt lat="-0.56601760" lon="112.62773224"></trkpt>
  <trkpt lat="-0.56591098" lon="112.62767893"></trkpt>
  <trkpt lat="-0.56585767" lon="112.62757231"></trkpt>
  <trkpt lat="-0.56575106" lon="112.62741239"></trkpt>
  <trkpt lat="-0.56564444" lon="112.62730585"></trkpt>
  <trkpt lat="-0.56559113" lon="112.62714593"></trkpt>
  <trkpt lat="-0.56553782" lon="112.62698600"></trkpt>
  <trkpt lat="-0.56543120" lon="112.62687938"></trkpt>
  <trkpt lat="-0.56532458" lon="112.62671946"></trkpt>
  <trkpt lat="-0.56521805" lon="112.62655953"></trkpt>
  <trkpt lat="-0.56511143" lon="112.62645291"></trkpt>
  <trkpt lat="-0.56500481" lon="112.62634629"></trkpt>
  <trkpt lat="-0.56489820" lon="112.62618637"></trkpt>
  <trkpt lat="-0.56473827" lon="112.62607975"></trkpt>
  <trkpt lat="-0.56457834" lon="112.62607975"></trkpt>
  <trkpt lat="-0.56441842" lon="112.62613306"></trkpt>
  <trkpt lat="-0.56425857" lon="112.62618637"></trkpt>
  <trkpt lat="-0.56409865" lon="112.62623968"></trkpt>
  <trkpt lat="-0.56399203" lon="112.62623968"></trkpt>
  <trkpt lat="-0.56383210" lon="112.62613306"></trkpt>
  <trkpt lat="-0.56367218" lon="112.62607975"></trkpt>
  <trkpt lat="-0.56356556" lon="112.62597313"></trkpt>
  <trkpt lat="-0.56340571" lon="112.62591982"></trkpt>
  <trkpt lat="-0.56340571" lon="112.62586651"></trkpt>
  <trkpt lat="-0.56324579" lon="112.62570659"></trkpt>
  <trkpt lat="-0.56319248" lon="112.62559997"></trkpt>
  <trkpt lat="-0.56313917" lon="112.62549335"></trkpt>
  <trkpt lat="-0.56308586" lon="112.62533342"></trkpt>
  <trkpt lat="-0.56303255" lon="112.62522681"></trkpt>
  <trkpt lat="-0.56292593" lon="112.62512019"></trkpt>
  <trkpt lat="-0.56281932" lon="112.62501357"></trkpt>
  <trkpt lat="-0.56265939" lon="112.62490695"></trkpt>
  <trkpt lat="-0.56260608" lon="112.62474703"></trkpt>
  <trkpt lat="-0.56244624" lon="112.62464041"></trkpt>
  <trkpt lat="-0.56233962" lon="112.62448048"></trkpt>
  <trkpt lat="-0.56217969" lon="112.62437395"></trkpt>
  <trkpt lat="-0.56207308" lon="112.62432064"></trkpt>
  <trkpt lat="-0.56201977" lon="112.62421402"></trkpt>
  <trkpt lat="-0.56185984" lon="112.62416071"></trkpt>
  <trkpt lat="-0.56175322" lon="112.62405409"></trkpt>
  <trkpt lat="-0.56170000" lon="112.62394748"></trkpt>
  <trkpt lat="-0.56175322" lon="112.62384086"></trkpt>
  <trkpt lat="-0.56170000" lon="112.62362762"></trkpt>
  <trkpt lat="-0.56164669" lon="112.62341439"></trkpt>
  <trkpt lat="-0.56164669" lon="112.62330777"></trkpt>
  <trkpt lat="-0.56154007" lon="112.62314784"></trkpt>
  <trkpt lat="-0.56148676" lon="112.62304123"></trkpt>
  <trkpt lat="-0.56138014" lon="112.62288130"></trkpt>
  <trkpt lat="-0.56132684" lon="112.62277468"></trkpt>
  <trkpt lat="-0.56122022" lon="112.62277468"></trkpt>
  <trkpt lat="-0.56111360" lon="112.62277468"></trkpt>
  <trkpt lat="-0.56106029" lon="112.62277468"></trkpt>
  <trkpt lat="-0.56095367" lon="112.62277468"></trkpt>
  <trkpt lat="-0.56090036" lon="112.62282799"></trkpt>
  <trkpt lat="-0.56090036" lon="112.62288130"></trkpt>
  <trkpt lat="-0.56090036" lon="112.62277468"></trkpt>
  <trkpt lat="-0.56084714" lon="112.62277468"></trkpt>
  <trkpt lat="-0.56084714" lon="112.62272137"></trkpt>
  <trkpt lat="-0.56090036" lon="112.62272137"></trkpt>
  <trkpt lat="-0.56095367" lon="112.62272137"></trkpt>
  <trkpt lat="-0.56100698" lon="112.62272137"></trkpt>
  <trkpt lat="-0.56100698" lon="112.62277468"></trkpt>
  <trkpt lat="-0.56095367" lon="112.62272137"></trkpt>
  <trkpt lat="-0.56100698" lon="112.62282799"></trkpt>
  <trkpt lat="-0.56095367" lon="112.62277468"></trkpt>
  <trkpt lat="-0.56090036" lon="112.62272137"></trkpt>
  <trkpt lat="-0.56090036" lon="112.62277468"></trkpt>
  <trkpt lat="-0.56084714" lon="112.62282799"></trkpt>
  <trkpt lat="-0.56090036" lon="112.62282799"></trkpt>
  <trkpt lat="-0.56095367" lon="112.62282799"></trkpt>
  <trkpt lat="-0.56095367" lon="112.62272137"></trkpt>
  <trkpt lat="-0.56090036" lon="112.62272137"></trkpt>
  <trkpt lat="-0.56090036" lon="112.62277468"></trkpt>
  <trkpt lat="-0.56095367" lon="112.62277468"></trkpt>
  <trkpt lat="-0.56100698" lon="112.62282799"></trkpt>
  <trkpt lat="-0.56095367" lon="112.62277468"></trkpt>
  <trkpt lat="-0.56095367" lon="112.62272137"></trkpt>
  <trkpt lat="-0.56090036" lon="112.62272137"></trkpt>
  <trkpt lat="-0.56090036" lon="112.62266806"></trkpt>
  <trkpt lat="-0.56090036" lon="112.62272137"></trkpt>
  <trkpt lat="-0.56095367" lon="112.62272137"></trkpt>
  <trkpt lat="-0.56100698" lon="112.62277468"></trkpt>
  <trkpt lat="-0.56090036" lon="112.62272137"></trkpt>
  <trkpt lat="-0.56084714" lon="112.62272137"></trkpt>
  <trkpt lat="-0.56090036" lon="112.62272137"></trkpt>
  <trkpt lat="-0.56090036" lon="112.62266806"></trkpt>
  <trkpt lat="-0.56084714" lon="112.62266806"></trkpt>
  <trkpt lat="-0.56084714" lon="112.62261475"></trkpt>
  <trkpt lat="-0.56079383" lon="112.62266806"></trkpt>
  <trkpt lat="-0.56084714" lon="112.62272137"></trkpt>
  <trkpt lat="-0.56084714" lon="112.62277468"></trkpt>
  <trkpt lat="-0.56090036" lon="112.62277468"></trkpt>
  <trkpt lat="-0.56090036" lon="112.62272137"></trkpt>
  <trkpt lat="-0.56084714" lon="112.62272137"></trkpt>
  <trkpt lat="-0.56079383" lon="112.62272137"></trkpt>
  <trkpt lat="-0.56090036" lon="112.62272137"></trkpt>
  <trkpt lat="-0.56084714" lon="112.62272137"></trkpt>
  <trkpt lat="-0.56079383" lon="112.62266806"></trkpt>
  <trkpt lat="-0.56084714" lon="112.62272137"></trkpt>
  <trkpt lat="-0.56090036" lon="112.62272137"></trkpt>
  <trkpt lat="-0.56095367" lon="112.62272137"></trkpt>
  <trkpt lat="-0.56090036" lon="112.62272137"></trkpt>
  <trkpt lat="-0.56084714" lon="112.62272137"></trkpt>
  <trkpt lat="-0.56090036" lon="112.62277468"></trkpt>
  <trkpt lat="-0.56084714" lon="112.62277468"></trkpt>
  <trkpt lat="-0.56090036" lon="112.62277468"></trkpt>
  <trkpt lat="-0.56090036" lon="112.62272137"></trkpt>
  <trkpt lat="-0.56090036" lon="112.62277468"></trkpt>
  <trkpt lat="-0.56084714" lon="112.62272137"></trkpt>
  <trkpt lat="-0.56090036" lon="112.62272137"></trkpt>
  <trkpt lat="-0.56090036" lon="112.62277468"></trkpt>
  <trkpt lat="-0.56095367" lon="112.62277468"></trkpt>
  <trkpt lat="-0.56095367" lon="112.62272137"></trkpt>
  <trkpt lat="-0.56090036" lon="112.62277468"></trkpt>
  <trkpt lat="-0.56084714" lon="112.62277468"></trkpt>
  <trkpt lat="-0.56090036" lon="112.62272137"></trkpt>
  <trkpt lat="-0.56084714" lon="112.62272137"></trkpt>
  <trkpt lat="-0.56090036" lon="112.62282799"></trkpt>
  <trkpt lat="-0.56084714" lon="112.62277468"></trkpt>
  <trkpt lat="-0.56079383" lon="112.62277468"></trkpt>
  <trkpt lat="-0.56074052" lon="112.62261475"></trkpt>
  <trkpt lat="-0.56074052" lon="112.62256145"></trkpt>
  <trkpt lat="-0.56063390" lon="112.62256145"></trkpt>
  <trkpt lat="-0.56052729" lon="112.62256145"></trkpt>
  <trkpt lat="-0.56036736" lon="112.62250814"></trkpt>
  <trkpt lat="-0.56020743" lon="112.62245483"></trkpt>
  <trkpt lat="-0.56010081" lon="112.62245483"></trkpt>
  <trkpt lat="-0.55999428" lon="112.62240152"></trkpt>
  <trkpt lat="-0.55999428" lon="112.62234821"></trkpt>
  <trkpt lat="-0.55988766" lon="112.62234821"></trkpt>
  <trkpt lat="-0.55978104" lon="112.62224159"></trkpt>
  <trkpt lat="-0.55967443" lon="112.62208167"></trkpt>
  <trkpt lat="-0.55956781" lon="112.62202836"></trkpt>
  <trkpt lat="-0.55956781" lon="112.62197505"></trkpt>
  <trkpt lat="-0.55956781" lon="112.62192174"></trkpt>
  <trkpt lat="-0.55951450" lon="112.62186843"></trkpt>
  <trkpt lat="-0.55946119" lon="112.62181512"></trkpt>
  <trkpt lat="-0.55940788" lon="112.62181512"></trkpt>
  <trkpt lat="-0.55935457" lon="112.62165519"></trkpt>
  <trkpt lat="-0.55924796" lon="112.62160197"></trkpt>
  <trkpt lat="-0.55919465" lon="112.62154866"></trkpt>
  <trkpt lat="-0.55914142" lon="112.62138873"></trkpt>
  <trkpt lat="-0.55908811" lon="112.62122881"></trkpt>
  <trkpt lat="-0.55898149" lon="112.62106888"></trkpt>
  <trkpt lat="-0.55887488" lon="112.62096226"></trkpt>
  <trkpt lat="-0.55876826" lon="112.62090895"></trkpt>
  <trkpt lat="-0.55860833" lon="112.62085564"></trkpt>
  <trkpt lat="-0.55844841" lon="112.62080234"></trkpt>
  <trkpt lat="-0.55834179" lon="112.62074903"></trkpt>
  <trkpt lat="-0.55812864" lon="112.62064241"></trkpt>
  <trkpt lat="-0.55802202" lon="112.62058910"></trkpt>
  <trkpt lat="-0.55786209" lon="112.62037586"></trkpt>
  <trkpt lat="-0.55780878" lon="112.62032256"></trkpt>
  <trkpt lat="-0.55770217" lon="112.62021594"></trkpt>
  <trkpt lat="-0.55754224" lon="112.62005601"></trkpt>
  <trkpt lat="-0.55754224" lon="112.62000270"></trkpt>
  <trkpt lat="-0.55748893" lon="112.61989608"></trkpt>
  <trkpt lat="-0.55738231" lon="112.61984278"></trkpt>
  <trkpt lat="-0.55727578" lon="112.61973616"></trkpt>
  <trkpt lat="-0.55722247" lon="112.61962954"></trkpt>
  <trkpt lat="-0.55716916" lon="112.61957623"></trkpt>
  <trkpt lat="-0.55706254" lon="112.61952292"></trkpt>
  <trkpt lat="-0.55690262" lon="112.61941630"></trkpt>
  <trkpt lat="-0.55679600" lon="112.61930969"></trkpt>
  <trkpt lat="-0.55668938" lon="112.61925638"></trkpt>
  <trkpt lat="-0.55652945" lon="112.61909645"></trkpt>
  <trkpt lat="-0.55642292" lon="112.61898983"></trkpt>
  <trkpt lat="-0.55620968" lon="112.61888321"></trkpt>
  <trkpt lat="-0.55615637" lon="112.61877660"></trkpt>
  <trkpt lat="-0.55610307" lon="112.61872329"></trkpt>
  <trkpt lat="-0.55599645" lon="112.61861667"></trkpt>
  <trkpt lat="-0.55594314" lon="112.61845683"></trkpt>
  <trkpt lat="-0.55583652" lon="112.61829690"></trkpt>
  <trkpt lat="-0.55583652" lon="112.61819028"></trkpt>
  <trkpt lat="-0.55578321" lon="112.61813697"></trkpt>
  <trkpt lat="-0.55572990" lon="112.61808367"></trkpt>
  <trkpt lat="-0.55567659" lon="112.61792374"></trkpt>
  <trkpt lat="-0.55557006" lon="112.61776381"></trkpt>
  <trkpt lat="-0.55551675" lon="112.61771050"></trkpt>
  <trkpt lat="-0.55546344" lon="112.61765719"></trkpt>
  <trkpt lat="-0.55541013" lon="112.61755058"></trkpt>
  <trkpt lat="-0.55535682" lon="112.61739065"></trkpt>
  <trkpt lat="-0.55525021" lon="112.61733734"></trkpt>
  <trkpt lat="-0.55519690" lon="112.61717741"></trkpt>
  <trkpt lat="-0.55509028" lon="112.61701749"></trkpt>
  <trkpt lat="-0.55509028" lon="112.61685756"></trkpt>
  <trkpt lat="-0.55503697" lon="112.61680425"></trkpt>
  <trkpt lat="-0.55498366" lon="112.61675094"></trkpt>
  <trkpt lat="-0.55487704" lon="112.61664432"></trkpt>
  <trkpt lat="-0.55482374" lon="112.61659102"></trkpt>
  <trkpt lat="-0.55482374" lon="112.61648440"></trkpt>
  <trkpt lat="-0.55477051" lon="112.61632447"></trkpt>
  <trkpt lat="-0.55471720" lon="112.61621785"></trkpt>
  <trkpt lat="-0.55466389" lon="112.61616454"></trkpt>
  <trkpt lat="-0.55461058" lon="112.61611124"></trkpt>
  <trkpt lat="-0.55455728" lon="112.61595131"></trkpt>
  <trkpt lat="-0.55450397" lon="112.61584469"></trkpt>
  <trkpt lat="-0.55445066" lon="112.61573807"></trkpt>
  <trkpt lat="-0.55434404" lon="112.61557823"></trkpt>
  <trkpt lat="-0.55429073" lon="112.61541830"></trkpt>
  <trkpt lat="-0.55423742" lon="112.61531169"></trkpt>
  <trkpt lat="-0.55418411" lon="112.61520507"></trkpt>
  <trkpt lat="-0.55407749" lon="112.61509845"></trkpt>
  <trkpt lat="-0.55402419" lon="112.61493852"></trkpt>
  <trkpt lat="-0.55402419" lon="112.61488521"></trkpt>
  <trkpt lat="-0.55391757" lon="112.61472529"></trkpt>
  <trkpt lat="-0.55386434" lon="112.61461867"></trkpt>
  <trkpt lat="-0.55375773" lon="112.61451205"></trkpt>
  <trkpt lat="-0.55365111" lon="112.61440543"></trkpt>
  <trkpt lat="-0.55354449" lon="112.61435213"></trkpt>
  <trkpt lat="-0.55343787" lon="112.61413889"></trkpt>
  <trkpt lat="-0.55343787" lon="112.61408558"></trkpt>
  <trkpt lat="-0.55338456" lon="112.61397896"></trkpt>
  <trkpt lat="-0.55343787" lon="112.61376573"></trkpt>
  <trkpt lat="-0.55354449" lon="112.61365911"></trkpt>
  <trkpt lat="-0.55354449" lon="112.61360580"></trkpt>
  <trkpt lat="-0.55359780" lon="112.61349918"></trkpt>
  <trkpt lat="-0.55359780" lon="112.61339257"></trkpt>
  <trkpt lat="-0.55354449" lon="112.61328595"></trkpt>
  <trkpt lat="-0.55343787" lon="112.61317933"></trkpt>
  <trkpt lat="-0.55343787" lon="112.61312602"></trkpt>
  <trkpt lat="-0.55338456" lon="112.61301940"></trkpt>
  <trkpt lat="-0.55333125" lon="112.61285948"></trkpt>
  <trkpt lat="-0.55333125" lon="112.61275286"></trkpt>
  <trkpt lat="-0.55327795" lon="112.61269955"></trkpt>
  <trkpt lat="-0.55327795" lon="112.61259302"></trkpt>
  <trkpt lat="-0.55322464" lon="112.61248640"></trkpt>
  <trkpt lat="-0.55322464" lon="112.61243309"></trkpt>
  <trkpt lat="-0.55311802" lon="112.61237978"></trkpt>
  <trkpt lat="-0.55311802" lon="112.61232647"></trkpt>
  <trkpt lat="-0.55306471" lon="112.61221985"></trkpt>
  <trkpt lat="-0.55306471" lon="112.61211324"></trkpt>
  <trkpt lat="-0.55295818" lon="112.61205993"></trkpt>
  <trkpt lat="-0.55290487" lon="112.61195331"></trkpt>
  <trkpt lat="-0.55285156" lon="112.61190000"></trkpt>
  <trkpt lat="-0.55285156" lon="112.61179338"></trkpt>
  <trkpt lat="-0.55279825" lon="112.61174007"></trkpt>
  <trkpt lat="-0.55290487" lon="112.61168676"></trkpt>
  <trkpt lat="-0.55285156" lon="112.61168676"></trkpt>
  <trkpt lat="-0.55285156" lon="112.61158015"></trkpt>
  <trkpt lat="-0.55274494" lon="112.61152684"></trkpt>
  <trkpt lat="-0.55269163" lon="112.61142022"></trkpt>
  <trkpt lat="-0.55274494" lon="112.61136691"></trkpt>
  <trkpt lat="-0.55274494" lon="112.61126029"></trkpt>
  <trkpt lat="-0.55274494" lon="112.61110037"></trkpt>
  <trkpt lat="-0.55274494" lon="112.61099375"></trkpt>
  <trkpt lat="-0.55269163" lon="112.61099375"></trkpt>
  <trkpt lat="-0.55274494" lon="112.61104706"></trkpt>
  <trkpt lat="-0.55279825" lon="112.61104706"></trkpt>
  <trkpt lat="-0.55285156" lon="112.61099375"></trkpt>
  <trkpt lat="-0.55279825" lon="112.61099375"></trkpt>
  <trkpt lat="-0.55285156" lon="112.61094044"></trkpt>
  <trkpt lat="-0.55285156" lon="112.61099375"></trkpt>
  <trkpt lat="-0.55290487" lon="112.61104706"></trkpt>
  <trkpt lat="-0.55285156" lon="112.61104706"></trkpt>
  <trkpt lat="-0.55279825" lon="112.61110037"></trkpt>
  <trkpt lat="-0.55285156" lon="112.61104706"></trkpt>
  <trkpt lat="-0.55285156" lon="112.61099375"></trkpt>
  <trkpt lat="-0.55279825" lon="112.61099375"></trkpt>
  <trkpt lat="-0.55285156" lon="112.61099375"></trkpt>
  <trkpt lat="-0.55285156" lon="112.61104706"></trkpt>
  <trkpt lat="-0.55285156" lon="112.61110037"></trkpt>
  <trkpt lat="-0.55279825" lon="112.61104706"></trkpt>
  <trkpt lat="-0.55279825" lon="112.61099375"></trkpt>
  <trkpt lat="-0.55285156" lon="112.61099375"></trkpt>
  <trkpt lat="-0.55290487" lon="112.61099375"></trkpt>
  <trkpt lat="-0.55285156" lon="112.61099375"></trkpt>
  <trkpt lat="-0.55279825" lon="112.61099375"></trkpt>
  <trkpt lat="-0.55285156" lon="112.61104706"></trkpt>
  <trkpt lat="-0.55279825" lon="112.61104706"></trkpt>
  <trkpt lat="-0.55285156" lon="112.61115368"></trkpt>
  <trkpt lat="-0.55279825" lon="112.61110037"></trkpt>
  <trkpt lat="-0.55274494" lon="112.61104706"></trkpt>
  <trkpt lat="-0.55279825" lon="112.61099375"></trkpt>
  <trkpt lat="-0.55285156" lon="112.61104706"></trkpt>
  <trkpt lat="-0.55279825" lon="112.61115368"></trkpt>
  <trkpt lat="-0.55285156" lon="112.61120698"></trkpt>
  <trkpt lat="-0.55279825" lon="112.61110037"></trkpt>
  <trkpt lat="-0.55279825" lon="112.61115368"></trkpt>
  <trkpt lat="-0.55279825" lon="112.61120698"></trkpt>
  <trkpt lat="-0.55274494" lon="112.61110037"></trkpt>
  <trkpt lat="-0.55274494" lon="112.61104706"></trkpt>
  <trkpt lat="-0.55279825" lon="112.61099375"></trkpt>
  <trkpt lat="-0.55279825" lon="112.61088713"></trkpt>
  <trkpt lat="-0.55279825" lon="112.61078051"></trkpt>
  <trkpt lat="-0.55274494" lon="112.61062059"></trkpt>
  <trkpt lat="-0.55279825" lon="112.61056728"></trkpt>
  <trkpt lat="-0.55279825" lon="112.61046066"></trkpt>
  <trkpt lat="-0.55279825" lon="112.61035404"></trkpt>
  <trkpt lat="-0.55285156" lon="112.61024742"></trkpt>
  <trkpt lat="-0.55290487" lon="112.61019411"></trkpt>
  <trkpt lat="-0.55290487" lon="112.61008750"></trkpt>
  <trkpt lat="-0.55290487" lon="112.61003419"></trkpt>
  <trkpt lat="-0.55290487" lon="112.60987426"></trkpt>
  <trkpt lat="-0.55290487" lon="112.60976764"></trkpt>
  <trkpt lat="-0.55290487" lon="112.60960780"></trkpt>
  <trkpt lat="-0.55290487" lon="112.60944787"></trkpt>
  <trkpt lat="-0.55285156" lon="112.60928795"></trkpt>
  <trkpt lat="-0.55285156" lon="112.60907471"></trkpt>
  <trkpt lat="-0.55279825" lon="112.60896809"></trkpt>
  <trkpt lat="-0.55279825" lon="112.60880817"></trkpt>
  <trkpt lat="-0.55274494" lon="112.60859493"></trkpt>
  <trkpt lat="-0.55279825" lon="112.60838170"></trkpt>
  <trkpt lat="-0.55279825" lon="112.60822177"></trkpt>
  <trkpt lat="-0.55285156" lon="112.60806184"></trkpt>
  <trkpt lat="-0.55285156" lon="112.60790192"></trkpt>
  <trkpt lat="-0.55279825" lon="112.60774199"></trkpt>
  <trkpt lat="-0.55285156" lon="112.60763537"></trkpt>
  <trkpt lat="-0.55285156" lon="112.60752875"></trkpt>
  <trkpt lat="-0.55279825" lon="112.60747544"></trkpt>
  <trkpt lat="-0.55279825" lon="112.60731552"></trkpt>
  <trkpt lat="-0.55274494" lon="112.60715559"></trkpt>
  <trkpt lat="-0.55269163" lon="112.60694236"></trkpt>
  <trkpt lat="-0.55263832" lon="112.60683582"></trkpt>
  <trkpt lat="-0.55253170" lon="112.60672912"></trkpt>
  <trkpt lat="-0.55242509" lon="112.60656928"></trkpt>
  <trkpt lat="-0.55221185" lon="112.60646266"></trkpt>
  <trkpt lat="-0.55210532" lon="112.60635604"></trkpt>
  <trkpt lat="-0.55199870" lon="112.60624942"></trkpt>
  <trkpt lat="-0.55183877" lon="112.60608950"></trkpt>
  <trkpt lat="-0.55173215" lon="112.60603619"></trkpt>
  <trkpt lat="-0.55162554" lon="112.60587626"></trkpt>
  <trkpt lat="-0.55151892" lon="112.60576964"></trkpt>
  <trkpt lat="-0.55151892" lon="112.60566303"></trkpt>
  <trkpt lat="-0.55135899" lon="112.60550310"></trkpt>
  <trkpt lat="-0.55125246" lon="112.60534317"></trkpt>
  <trkpt lat="-0.55114584" lon="112.60528986"></trkpt>
  <trkpt lat="-0.55098591" lon="112.60512994"></trkpt>
  <trkpt lat="-0.55093260" lon="112.60502332"></trkpt>
  <trkpt lat="-0.55077268" lon="112.60502332"></trkpt>
  <trkpt lat="-0.55066606" lon="112.60491670"></trkpt>
  <trkpt lat="-0.55055944" lon="112.60486339"></trkpt>
  <trkpt lat="-0.55045291" lon="112.60481008"></trkpt>
  <trkpt lat="-0.55034629" lon="112.60465016"></trkpt>
  <trkpt lat="-0.55023967" lon="112.60459685"></trkpt>
  <trkpt lat="-0.55013306" lon="112.60438361"></trkpt>
  <trkpt lat="-0.55002644" lon="112.60422369"></trkpt>
  <trkpt lat="-0.54997313" lon="112.60406376"></trkpt>
  <trkpt lat="-0.54986651" lon="112.60395714"></trkpt>
  <trkpt lat="-0.54981320" lon="112.60390383"></trkpt>
  <trkpt lat="-0.54970658" lon="112.60374399"></trkpt>
  <trkpt lat="-0.54965327" lon="112.60369068"></trkpt>
  <trkpt lat="-0.54954674" lon="112.60353075"></trkpt>
  <trkpt lat="-0.54938681" lon="112.60337083"></trkpt>
  <trkpt lat="-0.54938681" lon="112.60331752"></trkpt>
  <trkpt lat="-0.54933351" lon="112.60326421"></trkpt>
  <trkpt lat="-0.54922689" lon="112.60315759"></trkpt>
  <trkpt lat="-0.54912027" lon="112.60305097"></trkpt>
  <trkpt lat="-0.54906696" lon="112.60294436"></trkpt>
  <trkpt lat="-0.54896034" lon="112.60289105"></trkpt>
  <trkpt lat="-0.54890703" lon="112.60283774"></trkpt>
  <trkpt lat="-0.54874719" lon="112.60267781"></trkpt>
  <trkpt lat="-0.54869380" lon="112.60262450"></trkpt>
  <trkpt lat="-0.54848065" lon="112.60241127"></trkpt>
  <trkpt lat="-0.54832072" lon="112.60225134"></trkpt>
  <trkpt lat="-0.54810748" lon="112.60203810"></trkpt>
  <trkpt lat="-0.54800087" lon="112.60187818"></trkpt>
  <trkpt lat="-0.54789425" lon="112.60177156"></trkpt>
  <trkpt lat="-0.54778771" lon="112.60161163"></trkpt>
  <trkpt lat="-0.54773441" lon="112.60155832"></trkpt>
  <trkpt lat="-0.54768110" lon="112.60145171"></trkpt>
  <trkpt lat="-0.54762779" lon="112.60139840"></trkpt>
  <trkpt lat="-0.54757448" lon="112.60129178"></trkpt>
  <trkpt lat="-0.54752117" lon="112.60118516"></trkpt>
  <trkpt lat="-0.54752117" lon="112.60113185"></trkpt>
  <trkpt lat="-0.54752117" lon="112.60102523"></trkpt>
  <trkpt lat="-0.54752117" lon="112.60097193"></trkpt>
  <trkpt lat="-0.54746786" lon="112.60091870"></trkpt>
  <trkpt lat="-0.54746786" lon="112.60086531"></trkpt>
  <trkpt lat="-0.54741455" lon="112.60081200"></trkpt>
  <trkpt lat="-0.54741455" lon="112.60065216"></trkpt>
  <trkpt lat="-0.54736124" lon="112.60054554"></trkpt>
  <trkpt lat="-0.54736124" lon="112.60043892"></trkpt>
  <trkpt lat="-0.54730793" lon="112.60038561"></trkpt>
  <trkpt lat="-0.54725463" lon="112.60027899"></trkpt>
  <trkpt lat="-0.54725463" lon="112.60017238"></trkpt>
  <trkpt lat="-0.54725463" lon="112.60011907"></trkpt>
  <trkpt lat="-0.54725463" lon="112.60006576"></trkpt>
  <trkpt lat="-0.54725463" lon="112.60011907"></trkpt>
  <trkpt lat="-0.54725463" lon="112.60006576"></trkpt>
  <trkpt lat="-0.54725463" lon="112.60011907"></trkpt>
  <trkpt lat="-0.54720132" lon="112.59995914"></trkpt>
  <trkpt lat="-0.54714801" lon="112.59985252"></trkpt>
  <trkpt lat="-0.54709470" lon="112.59969260"></trkpt>
  <trkpt lat="-0.54709470" lon="112.59958598"></trkpt>
  <trkpt lat="-0.54704139" lon="112.59947936"></trkpt>
  <trkpt lat="-0.54693486" lon="112.59931943"></trkpt>
  <trkpt lat="-0.54677493" lon="112.59915951"></trkpt>
  <trkpt lat="-0.54677493" lon="112.59910620"></trkpt>
  <trkpt lat="-0.54661500" lon="112.59899958"></trkpt>
  <trkpt lat="-0.54645508" lon="112.59883965"></trkpt>
  <trkpt lat="-0.54634846" lon="112.59873304"></trkpt>
  <trkpt lat="-0.54624184" lon="112.59867973"></trkpt>
  <trkpt lat="-0.54613522" lon="112.59857311"></trkpt>
  <trkpt lat="-0.54597538" lon="112.59846649"></trkpt>
  <trkpt lat="-0.54581545" lon="112.59825326"></trkpt>
  <trkpt lat="-0.54570884" lon="112.59814664"></trkpt>
  <trkpt lat="-0.54560222" lon="112.59809333"></trkpt>
  <trkpt lat="-0.54554891" lon="112.59798671"></trkpt>
  <trkpt lat="-0.54544229" lon="112.59793340"></trkpt>
  <trkpt lat="-0.54538898" lon="112.59788009"></trkpt>
  <trkpt lat="-0.54533567" lon="112.59777356"></trkpt>
  <trkpt lat="-0.54528236" lon="112.59766694"></trkpt>
  <trkpt lat="-0.54512252" lon="112.59734709"></trkpt>
  <trkpt lat="-0.54506921" lon="112.59713385"></trkpt>
  <trkpt lat="-0.54501590" lon="112.59697393"></trkpt>
  <trkpt lat="-0.54496259" lon="112.59686731"></trkpt>
  <trkpt lat="-0.54490929" lon="112.59670738"></trkpt>
  <trkpt lat="-0.54490929" lon="112.59665407"></trkpt>
  <trkpt lat="-0.54485598" lon="112.59649415"></trkpt>
  <trkpt lat="-0.54474936" lon="112.59628091"></trkpt>
  <trkpt lat="-0.54474936" lon="112.59612098"></trkpt>
  <trkpt lat="-0.54474936" lon="112.59601437"></trkpt>
  <trkpt lat="-0.54474936" lon="112.59590775"></trkpt>
  <trkpt lat="-0.54469605" lon="112.59580113"></trkpt>
  <trkpt lat="-0.54469605" lon="112.59564120"></trkpt>
  <trkpt lat="-0.54469605" lon="112.59548128"></trkpt>
  <trkpt lat="-0.54469605" lon="112.59532135"></trkpt>
  <trkpt lat="-0.54464274" lon="112.59521473"></trkpt>
  <trkpt lat="-0.54464274" lon="112.59500158"></trkpt>
  <trkpt lat="-0.54448281" lon="112.59473504"></trkpt>
  <trkpt lat="-0.54448281" lon="112.59462842"></trkpt>
  <trkpt lat="-0.54442951" lon="112.59446849"></trkpt>
  <trkpt lat="-0.54437628" lon="112.59436187"></trkpt>
  <trkpt lat="-0.54426966" lon="112.59404202"></trkpt>
  <trkpt lat="-0.54421635" lon="112.59388209"></trkpt>
  <trkpt lat="-0.54410974" lon="112.59377548"></trkpt>
  <trkpt lat="-0.54405643" lon="112.59361555"></trkpt>
  <trkpt lat="-0.54400312" lon="112.59345562"></trkpt>
  <trkpt lat="-0.54400312" lon="112.59329570"></trkpt>
  <trkpt lat="-0.54394981" lon="112.59313577"></trkpt>
  <trkpt lat="-0.54389650" lon="112.59292253"></trkpt>
  <trkpt lat="-0.54384319" lon="112.59276261"></trkpt>
  <trkpt lat="-0.54378988" lon="112.59260268"></trkpt>
  <trkpt lat="-0.54368326" lon="112.59238944"></trkpt>
  <trkpt lat="-0.54368326" lon="112.59228283"></trkpt>
  <trkpt lat="-0.54362996" lon="112.59217621"></trkpt>
  <trkpt lat="-0.54357665" lon="112.59206959"></trkpt>
  <trkpt lat="-0.54341680" lon="112.59185644"></trkpt>
  <trkpt lat="-0.54336349" lon="112.59174982"></trkpt>
  <trkpt lat="-0.54336349" lon="112.59158989"></trkpt>
  <trkpt lat="-0.54325688" lon="112.59142997"></trkpt>
  <trkpt lat="-0.54320357" lon="112.59127004"></trkpt>
  <trkpt lat="-0.54315026" lon="112.59111011"></trkpt>
  <trkpt lat="-0.54304364" lon="112.59089688"></trkpt>
  <trkpt lat="-0.54299033" lon="112.59068364"></trkpt>
  <trkpt lat="-0.54293702" lon="112.59057702"></trkpt>
  <trkpt lat="-0.54283041" lon="112.59047041"></trkpt>
  <trkpt lat="-0.54272379" lon="112.59036379"></trkpt>
  <trkpt lat="-0.54261725" lon="112.59015055"></trkpt>
  <trkpt lat="-0.54251064" lon="112.59004394"></trkpt>
  <trkpt lat="-0.54235071" lon="112.58983070"></trkpt>
  <trkpt lat="-0.54224409" lon="112.58961746"></trkpt>
  <trkpt lat="-0.54213747" lon="112.58951085"></trkpt>
  <trkpt lat="-0.54208416" lon="112.58945754"></trkpt>
  <trkpt lat="-0.54197755" lon="112.58940423"></trkpt>
  <trkpt lat="-0.54197755" lon="112.58935092"></trkpt>
  <trkpt lat="-0.54187093" lon="112.58924430"></trkpt>
  <trkpt lat="-0.54181762" lon="112.58913768"></trkpt>
  <trkpt lat="-0.54176431" lon="112.58892445"></trkpt>
  <trkpt lat="-0.54176431" lon="112.58881791"></trkpt>
  <trkpt lat="-0.54176431" lon="112.58855137"></trkpt>
  <trkpt lat="-0.54176431" lon="112.58844475"></trkpt>
  <trkpt lat="-0.54176431" lon="112.58828483"></trkpt>
  <trkpt lat="-0.54181762" lon="112.58817821"></trkpt>
  <trkpt lat="-0.54181762" lon="112.58807159"></trkpt>
  <trkpt lat="-0.54187093" lon="112.58807159"></trkpt>
  <trkpt lat="-0.54187093" lon="112.58791166"></trkpt>
  <trkpt lat="-0.54181762" lon="112.58780505"></trkpt>
  <trkpt lat="-0.54181762" lon="112.58764512"></trkpt>
  <trkpt lat="-0.54176431" lon="112.58764512"></trkpt>
  <trkpt lat="-0.54171109" lon="112.58753850"></trkpt>
  <trkpt lat="-0.54165778" lon="112.58743188"></trkpt>
  <trkpt lat="-0.54155116" lon="112.58732527"></trkpt>
  <trkpt lat="-0.54149785" lon="112.58716534"></trkpt>
  <trkpt lat="-0.54133792" lon="112.58679218"></trkpt>
  <trkpt lat="-0.54128462" lon="112.58652563"></trkpt>
  <trkpt lat="-0.54128462" lon="112.58647232"></trkpt>
  <trkpt lat="-0.54117800" lon="112.58631240"></trkpt>
  <trkpt lat="-0.54117800" lon="112.58625909"></trkpt>
  <trkpt lat="-0.54107138" lon="112.58609916"></trkpt>
  <trkpt lat="-0.54096476" lon="112.58604585"></trkpt>
  <trkpt lat="-0.54091145" lon="112.58593932"></trkpt>
  <trkpt lat="-0.54085823" lon="112.58583270"></trkpt>
  <trkpt lat="-0.54085823" lon="112.58572608"></trkpt>
  <trkpt lat="-0.54080492" lon="112.58572608"></trkpt>
  <trkpt lat="-0.54064499" lon="112.58540623"></trkpt>
  <trkpt lat="-0.54059168" lon="112.58529961"></trkpt>
  <trkpt lat="-0.54053837" lon="112.58524630"></trkpt>
  <trkpt lat="-0.54053837" lon="112.58519299"></trkpt>
  <trkpt lat="-0.54043176" lon="112.58497976"></trkpt>
  <trkpt lat="-0.54027183" lon="112.58487314"></trkpt>
  <trkpt lat="-0.54016521" lon="112.58471321"></trkpt>
  <trkpt lat="-0.54000537" lon="112.58460660"></trkpt>
  <trkpt lat="-0.54000537" lon="112.58455329"></trkpt>
  <trkpt lat="-0.53989875" lon="112.58439336"></trkpt>
  <trkpt lat="-0.53973882" lon="112.58407351"></trkpt>
  <trkpt lat="-0.53968552" lon="112.58396689"></trkpt>
  <trkpt lat="-0.53968552" lon="112.58386027"></trkpt>
  <trkpt lat="-0.53963221" lon="112.58375365"></trkpt>
  <trkpt lat="-0.53957890" lon="112.58364704"></trkpt>
  <trkpt lat="-0.53957890" lon="112.58348711"></trkpt>
  <trkpt lat="-0.53957890" lon="112.58343380"></trkpt>
  <trkpt lat="-0.53957890" lon="112.58338049"></trkpt>
  <trkpt lat="-0.53957890" lon="112.58332718"></trkpt>
  <trkpt lat="-0.53963221" lon="112.58327387"></trkpt>
  <trkpt lat="-0.53968552" lon="112.58306072"></trkpt>
  <trkpt lat="-0.53968552" lon="112.58295402"></trkpt>
  <trkpt lat="-0.53963221" lon="112.58284749"></trkpt>
  <trkpt lat="-0.53968552" lon="112.58269418"></trkpt>
  <trkpt lat="-0.53963221" lon="112.58258756"></trkpt>
  <trkpt lat="-0.53957890" lon="112.58253425"></trkpt>
  <trkpt lat="-0.53957890" lon="112.58237433"></trkpt>
  <trkpt lat="-0.53952559" lon="112.58226771"></trkpt>
  <trkpt lat="-0.53952559" lon="112.58221440"></trkpt>
  <trkpt lat="-0.53957890" lon="112.58210778"></trkpt>
  <trkpt lat="-0.53957890" lon="112.58205447"></trkpt>
  <trkpt lat="-0.53957890" lon="112.58200116"></trkpt>
  <trkpt lat="-0.53957890" lon="112.58194786"></trkpt>
  <trkpt lat="-0.53957890" lon="112.58189455"></trkpt>
  <trkpt lat="-0.53957890" lon="112.58178793"></trkpt>
  <trkpt lat="-0.53963221" lon="112.58168131"></trkpt>
  <trkpt lat="-0.53963221" lon="112.58162800"></trkpt>
  <trkpt lat="-0.53957890" lon="112.58152147"></trkpt>
  <trkpt lat="-0.53952559" lon="112.58146816"></trkpt>
  <trkpt lat="-0.53947228" lon="112.58141485"></trkpt>
  <trkpt lat="-0.53936566" lon="112.58136154"></trkpt>
  <trkpt lat="-0.53931235" lon="112.58136154"></trkpt>
  <trkpt lat="-0.53925904" lon="112.58120161"></trkpt>
  <trkpt lat="-0.53925904" lon="112.58114831"></trkpt>
  <trkpt lat="-0.53925904" lon="112.58098838"></trkpt>
  <trkpt lat="-0.53925904" lon="112.58088176"></trkpt>
  <trkpt lat="-0.53920574" lon="112.58082845"></trkpt>
  <trkpt lat="-0.53915251" lon="112.58072183"></trkpt>
  <trkpt lat="-0.53909920" lon="112.58056191"></trkpt>
  <trkpt lat="-0.53904589" lon="112.58050860"></trkpt>
  <trkpt lat="-0.53899258" lon="112.58029536"></trkpt>
  <trkpt lat="-0.53893927" lon="112.58018875"></trkpt>
  <trkpt lat="-0.53888597" lon="112.58013544"></trkpt>
  <trkpt lat="-0.53883266" lon="112.57997551"></trkpt>
  <trkpt lat="-0.53877935" lon="112.57992220"></trkpt>
  <trkpt lat="-0.53867273" lon="112.57986889"></trkpt>
  <trkpt lat="-0.53856611" lon="112.57981558"></trkpt>
  <trkpt lat="-0.53851280" lon="112.57976227"></trkpt>
  <trkpt lat="-0.53840619" lon="112.57965566"></trkpt>
  <trkpt lat="-0.53835288" lon="112.57949573"></trkpt>
  <trkpt lat="-0.53819303" lon="112.57938911"></trkpt>
  <trkpt lat="-0.53808642" lon="112.57922919"></trkpt>
  <trkpt lat="-0.53803311" lon="112.57922919"></trkpt>
  <trkpt lat="-0.53797980" lon="112.57917588"></trkpt>
  <trkpt lat="-0.53803311" lon="112.57917588"></trkpt>
  <trkpt lat="-0.53803311" lon="112.57922919"></trkpt>
  <trkpt lat="-0.53803311" lon="112.57917588"></trkpt>
  <trkpt lat="-0.53803311" lon="112.57912257"></trkpt>
  <trkpt lat="-0.53803311" lon="112.57906926"></trkpt>
  <trkpt lat="-0.53781987" lon="112.57885602"></trkpt>
  <trkpt lat="-0.53776656" lon="112.57880271"></trkpt>
  <trkpt lat="-0.53771325" lon="112.57874941"></trkpt>
  <trkpt lat="-0.53760664" lon="112.57858948"></trkpt>
  <trkpt lat="-0.53755333" lon="112.57853617"></trkpt>
  <trkpt lat="-0.53728687" lon="112.57800316"></trkpt>
  <trkpt lat="-0.53723356" lon="112.57768331"></trkpt>
  <trkpt lat="-0.53718025" lon="112.57747008"></trkpt>
  <trkpt lat="-0.53712694" lon="112.57731015"></trkpt>
  <trkpt lat="-0.53702032" lon="112.57715022"></trkpt>
  <trkpt lat="-0.53691370" lon="112.57699030"></trkpt>
  <trkpt lat="-0.53680709" lon="112.57688368"></trkpt>
  <trkpt lat="-0.53664716" lon="112.57677706"></trkpt>
  <trkpt lat="-0.53648732" lon="112.57672375"></trkpt>
  <trkpt lat="-0.53632739" lon="112.57661713"></trkpt>
  <trkpt lat="-0.53622077" lon="112.57661713"></trkpt>
  <trkpt lat="-0.53606085" lon="112.57656382"></trkpt>
  <trkpt lat="-0.53595423" lon="112.57645721"></trkpt>
  <trkpt lat="-0.53590092" lon="112.57640390"></trkpt>
  <trkpt lat="-0.53579430" lon="112.57635059"></trkpt>
  <trkpt lat="-0.53568777" lon="112.57629728"></trkpt>
  <trkpt lat="-0.53558115" lon="112.57619066"></trkpt>
  <trkpt lat="-0.53536791" lon="112.57608404"></trkpt>
  <trkpt lat="-0.53531460" lon="112.57603073"></trkpt>
  <trkpt lat="-0.53520799" lon="112.57592412"></trkpt>
  <trkpt lat="-0.53510137" lon="112.57581750"></trkpt>
  <trkpt lat="-0.53504806" lon="112.57565757"></trkpt>
  <trkpt lat="-0.53499475" lon="112.57544442"></trkpt>
  <trkpt lat="-0.53499475" lon="112.57533780"></trkpt>
  <trkpt lat="-0.53499475" lon="112.57523119"></trkpt>
  <trkpt lat="-0.53499475" lon="112.57517788"></trkpt>
  <trkpt lat="-0.53499475" lon="112.57501795"></trkpt>
  <trkpt lat="-0.53494144" lon="112.57491133"></trkpt>
  <trkpt lat="-0.53483491" lon="112.57453817"></trkpt>
  <trkpt lat="-0.53478160" lon="112.57416501"></trkpt>
  <trkpt lat="-0.53478160" lon="112.57411170"></trkpt>
  <trkpt lat="-0.53472829" lon="112.57389846"></trkpt>
  <trkpt lat="-0.53467498" lon="112.57368523"></trkpt>
  <trkpt lat="-0.53462167" lon="112.57352530"></trkpt>
  <trkpt lat="-0.53456836" lon="112.57341868"></trkpt>
  <trkpt lat="-0.53451505" lon="112.57325876"></trkpt>
  <trkpt lat="-0.53440844" lon="112.57320545"></trkpt>
  <trkpt lat="-0.53435513" lon="112.57309883"></trkpt>
  <trkpt lat="-0.53430182" lon="112.57293890"></trkpt>
  <trkpt lat="-0.53419520" lon="112.57277898"></trkpt>
  <trkpt lat="-0.53403527" lon="112.57256582"></trkpt>
  <trkpt lat="-0.53392874" lon="112.57245921"></trkpt>
  <trkpt lat="-0.53371551" lon="112.57224597"></trkpt>
  <trkpt lat="-0.53360889" lon="112.57213935"></trkpt>
  <trkpt lat="-0.53355558" lon="112.57213935"></trkpt>
  <trkpt lat="-0.53350227" lon="112.57208604"></trkpt>
  <trkpt lat="-0.53344896" lon="112.57197943"></trkpt>
  <trkpt lat="-0.53328903" lon="112.57192612"></trkpt>
  <trkpt lat="-0.53318242" lon="112.57181950"></trkpt>
  <trkpt lat="-0.53302257" lon="112.57181950"></trkpt>
  <trkpt lat="-0.53275603" lon="112.57181950"></trkpt>
  <trkpt lat="-0.53270272" lon="112.57181950"></trkpt>
  <trkpt lat="-0.53254279" lon="112.57187281"></trkpt>
  <trkpt lat="-0.53232956" lon="112.57203273"></trkpt>
  <trkpt lat="-0.53216971" lon="112.57208604"></trkpt>
  <trkpt lat="-0.53200979" lon="112.57219266"></trkpt>
  <trkpt lat="-0.53184986" lon="112.57224597"></trkpt>
  <trkpt lat="-0.53168993" lon="112.57229928"></trkpt>
  <trkpt lat="-0.53158332" lon="112.57235259"></trkpt>
  <trkpt lat="-0.53147670" lon="112.57240590"></trkpt>
  <trkpt lat="-0.53131686" lon="112.57245921"></trkpt>
  <trkpt lat="-0.53121024" lon="112.57251251"></trkpt>
  <trkpt lat="-0.53115693" lon="112.57256582"></trkpt>
  <trkpt lat="-0.53105031" lon="112.57261905"></trkpt>
  <trkpt lat="-0.53099700" lon="112.57272575"></trkpt>
  <trkpt lat="-0.53094369" lon="112.57283228"></trkpt>
  <trkpt lat="-0.53094369" lon="112.57299221"></trkpt>
  <trkpt lat="-0.53094369" lon="112.57304552"></trkpt>
  <trkpt lat="-0.53094369" lon="112.57309883"></trkpt>
  <trkpt lat="-0.53094369" lon="112.57325876"></trkpt>
  <trkpt lat="-0.53099700" lon="112.57368523"></trkpt>
  <trkpt lat="-0.53099700" lon="112.57400508"></trkpt>
  <trkpt lat="-0.53099700" lon="112.57427162"></trkpt>
  <trkpt lat="-0.53105031" lon="112.57453817"></trkpt>
  <trkpt lat="-0.53110362" lon="112.57469810"></trkpt>
  <trkpt lat="-0.53121024" lon="112.57496464"></trkpt>
  <trkpt lat="-0.53121024" lon="112.57523119"></trkpt>
  <trkpt lat="-0.53115693" lon="112.57544442"></trkpt>
  <trkpt lat="-0.53115693" lon="112.57565757"></trkpt>
  <trkpt lat="-0.53115693" lon="112.57571088"></trkpt>
  <trkpt lat="-0.53115693" lon="112.57576419"></trkpt>
  <trkpt lat="-0.53121024" lon="112.57603073"></trkpt>
  <trkpt lat="-0.53121024" lon="112.57608404"></trkpt>
  <trkpt lat="-0.53110362" lon="112.57629728"></trkpt>
  <trkpt lat="-0.53105031" lon="112.57651052"></trkpt>
  <trkpt lat="-0.53105031" lon="112.57656382"></trkpt>
  <trkpt lat="-0.53099700" lon="112.57677706"></trkpt>
  <trkpt lat="-0.53094369" lon="112.57683037"></trkpt>
  <trkpt lat="-0.53073046" lon="112.57699030"></trkpt>
  <trkpt lat="-0.53041069" lon="112.57699030"></trkpt>
  <trkpt lat="-0.53019745" lon="112.57699030"></trkpt>
  <trkpt lat="-0.53014414" lon="112.57699030"></trkpt>
  <trkpt lat="-0.53014414" lon="112.57704360"></trkpt>
  <trkpt lat="-0.53009083" lon="112.57704360"></trkpt>
  <trkpt lat="-0.52998422" lon="112.57709691"></trkpt>
  <trkpt lat="-0.52987760" lon="112.57720353"></trkpt>
  <trkpt lat="-0.52982429" lon="112.57725684"></trkpt>
  <trkpt lat="-0.52977098" lon="112.57725684"></trkpt>
  <trkpt lat="-0.52966436" lon="112.57725684"></trkpt>
  <trkpt lat="-0.52955783" lon="112.57736346"></trkpt>
  <trkpt lat="-0.52934459" lon="112.57747008"></trkpt>
  <trkpt lat="-0.52886481" lon="112.57810978"></trkpt>
  <trkpt lat="-0.52875828" lon="112.57826971"></trkpt>
  <trkpt lat="-0.52849174" lon="112.57874941"></trkpt>
  <trkpt lat="-0.52827850" lon="112.57901595"></trkpt>
  <trkpt lat="-0.52811857" lon="112.57912257"></trkpt>
  <trkpt lat="-0.52801196" lon="112.57917588"></trkpt>
  <trkpt lat="-0.52790542" lon="112.57917588"></trkpt>
  <trkpt lat="-0.52785211" lon="112.57922919"></trkpt>
  <trkpt lat="-0.52769219" lon="112.57933580"></trkpt>
  <trkpt lat="-0.52758557" lon="112.57944242"></trkpt>
  <trkpt lat="-0.52742564" lon="112.57954904"></trkpt>
  <trkpt lat="-0.52742564" lon="112.57960235"></trkpt>
  <trkpt lat="-0.52721241" lon="112.57970897"></trkpt>
  <trkpt lat="-0.52699925" lon="112.57986889"></trkpt>
  <trkpt lat="-0.52689264" lon="112.57986889"></trkpt>
  <trkpt lat="-0.52625293" lon="112.57981558"></trkpt>
  <trkpt lat="-0.52619962" lon="112.57981558"></trkpt>
  <trkpt lat="-0.52593316" lon="112.57965566"></trkpt>
  <trkpt lat="-0.52571992" lon="112.57949573"></trkpt>
  <trkpt lat="-0.52566661" lon="112.57944242"></trkpt>
  <trkpt lat="-0.52534676" lon="112.57917588"></trkpt>
  <trkpt lat="-0.52518692" lon="112.57906926"></trkpt>
  <trkpt lat="-0.52513361" lon="112.57890933"></trkpt>
  <trkpt lat="-0.52508030" lon="112.57874941"></trkpt>
  <trkpt lat="-0.52492037" lon="112.57858948"></trkpt>
  <trkpt lat="-0.52481376" lon="112.57842964"></trkpt>
  <trkpt lat="-0.52465383" lon="112.57821640"></trkpt>
  <trkpt lat="-0.52438737" lon="112.57800316"></trkpt>
  <trkpt lat="-0.52433406" lon="112.57794986"></trkpt>
  <trkpt lat="-0.52417413" lon="112.57784324"></trkpt>
  <trkpt lat="-0.52390759" lon="112.57768331"></trkpt>
  <trkpt lat="-0.52364104" lon="112.57747008"></trkpt>
  <trkpt lat="-0.52348120" lon="112.57736346"></trkpt>
  <trkpt lat="-0.52332127" lon="112.57725684"></trkpt>
  <trkpt lat="-0.52321466" lon="112.57715022"></trkpt>
  <trkpt lat="-0.52310804" lon="112.57704360"></trkpt>
  <trkpt lat="-0.52300142" lon="112.57693699"></trkpt>
  <trkpt lat="-0.52289480" lon="112.57683037"></trkpt>
  <trkpt lat="-0.52278819" lon="112.57672375"></trkpt>
  <trkpt lat="-0.52273488" lon="112.57656382"></trkpt>
  <trkpt lat="-0.52262834" lon="112.57640390"></trkpt>
  <trkpt lat="-0.52262834" lon="112.57629728"></trkpt>
  <trkpt lat="-0.52236180" lon="112.57581750"></trkpt>
  <trkpt lat="-0.52220187" lon="112.57565757"></trkpt>
  <trkpt lat="-0.52214856" lon="112.57560435"></trkpt>
  <trkpt lat="-0.52193533" lon="112.57544442"></trkpt>
  <trkpt lat="-0.52193533" lon="112.57539111"></trkpt>
  <trkpt lat="-0.52182871" lon="112.57533780"></trkpt>
  <trkpt lat="-0.52156225" lon="112.57517788"></trkpt>
  <trkpt lat="-0.52086932" lon="112.57459148"></trkpt>
  <trkpt lat="-0.52054946" lon="112.57427162"></trkpt>
  <trkpt lat="-0.52038954" lon="112.57411170"></trkpt>
  <trkpt lat="-0.52028292" lon="112.57400508"></trkpt>
  <trkpt lat="-0.52017630" lon="112.57400508"></trkpt>
  <trkpt lat="-0.51969660" lon="112.57400508"></trkpt>
  <trkpt lat="-0.51964330" lon="112.57400508"></trkpt>
  <trkpt lat="-0.51943006" lon="112.57400508"></trkpt>
  <trkpt lat="-0.51927013" lon="112.57395177"></trkpt>
  <trkpt lat="-0.51916360" lon="112.57389846"></trkpt>
 </trkseg>
</trk>
<trk>
 <name>8 010</name>
 <trkseg>
  <trkpt lat="-0.51916025" lon="112.57389511"></trkpt>
  <trkpt lat="-0.51894701" lon="112.57373518"></trkpt>
  <trkpt lat="-0.51878708" lon="112.57357526"></trkpt>
  <trkpt lat="-0.51878708" lon="112.57352203"></trkpt>
  <trkpt lat="-0.51868047" lon="112.57341533"></trkpt>
  <trkpt lat="-0.51836070" lon="112.57288232"></trkpt>
  <trkpt lat="-0.51830739" lon="112.57272240"></trkpt>
  <trkpt lat="-0.51825408" lon="112.57261578"></trkpt>
  <trkpt lat="-0.51814746" lon="112.57240254"></trkpt>
  <trkpt lat="-0.51809415" lon="112.57218931"></trkpt>
  <trkpt lat="-0.51798753" lon="112.57197607"></trkpt>
  <trkpt lat="-0.51788092" lon="112.57181615"></trkpt>
  <trkpt lat="-0.51788092" lon="112.57176284"></trkpt>
  <trkpt lat="-0.51766776" lon="112.57160291"></trkpt>
  <trkpt lat="-0.51750784" lon="112.57138968"></trkpt>
  <trkpt lat="-0.51745453" lon="112.57128306"></trkpt>
  <trkpt lat="-0.51740122" lon="112.57122975"></trkpt>
  <trkpt lat="-0.51729460" lon="112.57112313"></trkpt>
  <trkpt lat="-0.51718798" lon="112.57096320"></trkpt>
  <trkpt lat="-0.51702806" lon="112.57080328"></trkpt>
  <trkpt lat="-0.51702806" lon="112.57074997"></trkpt>
  <trkpt lat="-0.51692144" lon="112.57048351"></trkpt>
  <trkpt lat="-0.51692144" lon="112.57037689"></trkpt>
  <trkpt lat="-0.51681491" lon="112.57016365"></trkpt>
  <trkpt lat="-0.51665498" lon="112.57000373"></trkpt>
  <trkpt lat="-0.51654836" lon="112.56984380"></trkpt>
  <trkpt lat="-0.51644174" lon="112.56973718"></trkpt>
  <trkpt lat="-0.51633513" lon="112.56947064"></trkpt>
  <trkpt lat="-0.51622851" lon="112.56925740"></trkpt>
  <trkpt lat="-0.51617520" lon="112.56915078"></trkpt>
  <trkpt lat="-0.51596205" lon="112.56893755"></trkpt>
  <trkpt lat="-0.51585543" lon="112.56893755"></trkpt>
  <trkpt lat="-0.51564219" lon="112.56877762"></trkpt>
  <trkpt lat="-0.51558889" lon="112.56867100"></trkpt>
  <trkpt lat="-0.51553558" lon="112.56861770"></trkpt>
  <trkpt lat="-0.51548227" lon="112.56851108"></trkpt>
  <trkpt lat="-0.51537565" lon="112.56840446"></trkpt>
  <trkpt lat="-0.51526903" lon="112.56829784"></trkpt>
  <trkpt lat="-0.51516241" lon="112.56808461"></trkpt>
  <trkpt lat="-0.51505588" lon="112.56776475"></trkpt>
  <trkpt lat="-0.51505588" lon="112.56765814"></trkpt>
  <trkpt lat="-0.51494926" lon="112.56733837"></trkpt>
  <trkpt lat="-0.51484264" lon="112.56723175"></trkpt>
  <trkpt lat="-0.51473603" lon="112.56712513"></trkpt>
  <trkpt lat="-0.51452279" lon="112.56701851"></trkpt>
  <trkpt lat="-0.51430956" lon="112.56701851"></trkpt>
  <trkpt lat="-0.51404309" lon="112.56707182"></trkpt>
  <trkpt lat="-0.51382986" lon="112.56701851"></trkpt>
  <trkpt lat="-0.51372324" lon="112.56701851"></trkpt>
  <trkpt lat="-0.51351001" lon="112.56696520"></trkpt>
  <trkpt lat="-0.51265715" lon="112.56675197"></trkpt>
  <trkpt lat="-0.51239069" lon="112.56669866"></trkpt>
  <trkpt lat="-0.51223076" lon="112.56659204"></trkpt>
  <trkpt lat="-0.51212414" lon="112.56659204"></trkpt>
  <trkpt lat="-0.51201752" lon="112.56653873"></trkpt>
  <trkpt lat="-0.51196421" lon="112.56648542"></trkpt>
  <trkpt lat="-0.51180429" lon="112.56643211"></trkpt>
  <trkpt lat="-0.51143121" lon="112.56632550"></trkpt>
  <trkpt lat="-0.51121797" lon="112.56637881"></trkpt>
  <trkpt lat="-0.51095143" lon="112.56643211"></trkpt>
  <trkpt lat="-0.51063166" lon="112.56637881"></trkpt>
  <trkpt lat="-0.51009857" lon="112.56637881"></trkpt>
  <trkpt lat="-0.50993864" lon="112.56643211"></trkpt>
  <trkpt lat="-0.50972549" lon="112.56643211"></trkpt>
  <trkpt lat="-0.50961887" lon="112.56643211"></trkpt>
  <trkpt lat="-0.50940564" lon="112.56643211"></trkpt>
  <trkpt lat="-0.50924571" lon="112.56643211"></trkpt>
  <trkpt lat="-0.50908579" lon="112.56648542"></trkpt>
  <trkpt lat="-0.50892594" lon="112.56648542"></trkpt>
  <trkpt lat="-0.50881932" lon="112.56643211"></trkpt>
  <trkpt lat="-0.50812631" lon="112.56643211"></trkpt>
  <trkpt lat="-0.50801978" lon="112.56643211"></trkpt>
  <trkpt lat="-0.50775323" lon="112.56648542"></trkpt>
  <trkpt lat="-0.50743338" lon="112.56664535"></trkpt>
  <trkpt lat="-0.50727345" lon="112.56669866"></trkpt>
  <trkpt lat="-0.50711361" lon="112.56664535"></trkpt>
  <trkpt lat="-0.50695368" lon="112.56664535"></trkpt>
  <trkpt lat="-0.50674045" lon="112.56664535"></trkpt>
  <trkpt lat="-0.50658052" lon="112.56664535"></trkpt>
  <trkpt lat="-0.50636737" lon="112.56659204"></trkpt>
  <trkpt lat="-0.50626075" lon="112.56659204"></trkpt>
  <trkpt lat="-0.50604751" lon="112.56659204"></trkpt>
  <trkpt lat="-0.50583428" lon="112.56664535"></trkpt>
  <trkpt lat="-0.50572766" lon="112.56664535"></trkpt>
  <trkpt lat="-0.50551451" lon="112.56669866"></trkpt>
  <trkpt lat="-0.50540789" lon="112.56675197"></trkpt>
  <trkpt lat="-0.50524796" lon="112.56685859"></trkpt>
  <trkpt lat="-0.50508804" lon="112.56691189"></trkpt>
  <trkpt lat="-0.50498142" lon="112.56701851"></trkpt>
  <trkpt lat="-0.50482485" lon="112.56717844"></trkpt>
  <trkpt lat="-0.50466492" lon="112.56723175"></trkpt>
  <trkpt lat="-0.50450499" lon="112.56739167"></trkpt>
  <trkpt lat="-0.50439846" lon="112.56744490"></trkpt>
  <trkpt lat="-0.50375875" lon="112.56760491"></trkpt>
  <trkpt lat="-0.50343898" lon="112.56792468"></trkpt>
  <trkpt lat="-0.50338567" lon="112.56813792"></trkpt>
  <trkpt lat="-0.50311913" lon="112.56840446"></trkpt>
  <trkpt lat="-0.50279927" lon="112.56845777"></trkpt>
  <trkpt lat="-0.50269274" lon="112.56851108"></trkpt>
  <trkpt lat="-0.50258612" lon="112.56856439"></trkpt>
  <trkpt lat="-0.50231958" lon="112.56851108"></trkpt>
  <trkpt lat="-0.50226627" lon="112.56845777"></trkpt>
  <trkpt lat="-0.50221296" lon="112.56840446"></trkpt>
  <trkpt lat="-0.50199972" lon="112.56797799"></trkpt>
  <trkpt lat="-0.50194642" lon="112.56787137"></trkpt>
  <trkpt lat="-0.50173326" lon="112.56760491"></trkpt>
  <trkpt lat="-0.50162665" lon="112.56733837"></trkpt>
  <trkpt lat="-0.50157334" lon="112.56717844"></trkpt>
  <trkpt lat="-0.50146672" lon="112.56669866"></trkpt>
  <trkpt lat="-0.50146672" lon="112.56643211"></trkpt>
  <trkpt lat="-0.50152003" lon="112.56627219"></trkpt>
  <trkpt lat="-0.50152003" lon="112.56595233"></trkpt>
  <trkpt lat="-0.50162665" lon="112.56563248"></trkpt>
  <trkpt lat="-0.50173326" lon="112.56536594"></trkpt>
  <trkpt lat="-0.50178657" lon="112.56525932"></trkpt>
  <trkpt lat="-0.50199972" lon="112.56499277"></trkpt>
  <trkpt lat="-0.50210634" lon="112.56488616"></trkpt>
  <trkpt lat="-0.50210634" lon="112.56477954"></trkpt>
  <trkpt lat="-0.50199972" lon="112.56461961"></trkpt>
  <trkpt lat="-0.50189319" lon="112.56435315"></trkpt>
  <trkpt lat="-0.50199972" lon="112.56424653"></trkpt>
  <trkpt lat="-0.50210634" lon="112.56408661"></trkpt>
  <trkpt lat="-0.50237289" lon="112.56382006"></trkpt>
  <trkpt lat="-0.50242620" lon="112.56360683"></trkpt>
  <trkpt lat="-0.50237289" lon="112.56334028"></trkpt>
  <trkpt lat="-0.50231958" lon="112.56328697"></trkpt>
  <trkpt lat="-0.50226627" lon="112.56323366"></trkpt>
  <trkpt lat="-0.50226627" lon="112.56312705"></trkpt>
  <trkpt lat="-0.50215965" lon="112.56291381"></trkpt>
  <trkpt lat="-0.50215965" lon="112.56280719"></trkpt>
  <trkpt lat="-0.50210634" lon="112.56243403"></trkpt>
  <trkpt lat="-0.50210634" lon="112.56232741"></trkpt>
  <trkpt lat="-0.50210634" lon="112.56227410"></trkpt>
  <trkpt lat="-0.50205303" lon="112.56206087"></trkpt>
  <trkpt lat="-0.50210634" lon="112.56190094"></trkpt>
  <trkpt lat="-0.50210634" lon="112.56184763"></trkpt>
  <trkpt lat="-0.50210634" lon="112.56142125"></trkpt>
  <trkpt lat="-0.50210634" lon="112.56131463"></trkpt>
  <trkpt lat="-0.50210634" lon="112.56126132"></trkpt>
  <trkpt lat="-0.50205303" lon="112.56110139"></trkpt>
  <trkpt lat="-0.50199972" lon="112.56024845"></trkpt>
  <trkpt lat="-0.50205303" lon="112.56003521"></trkpt>
  <trkpt lat="-0.50199972" lon="112.55982198"></trkpt>
  <trkpt lat="-0.50189319" lon="112.55902234"></trkpt>
  <trkpt lat="-0.50167996" lon="112.55864918"></trkpt>
  <trkpt lat="-0.50162665" lon="112.55843603"></trkpt>
  <trkpt lat="-0.50162665" lon="112.55832941"></trkpt>
  <trkpt lat="-0.50157334" lon="112.55811618"></trkpt>
  <trkpt lat="-0.50146672" lon="112.55779968"></trkpt>
  <trkpt lat="-0.50120017" lon="112.55721328"></trkpt>
  <trkpt lat="-0.50109356" lon="112.55700004"></trkpt>
  <trkpt lat="-0.50098694" lon="112.55705335"></trkpt>
  <trkpt lat="-0.50082710" lon="112.55721328"></trkpt>
  <trkpt lat="-0.50056055" lon="112.55742651"></trkpt>
  <trkpt lat="-0.50050724" lon="112.55747982"></trkpt>
  <trkpt lat="-0.50050724" lon="112.55753313"></trkpt>
  <trkpt lat="-0.50056055" lon="112.55747982"></trkpt>
  <trkpt lat="-0.50056055" lon="112.55753313"></trkpt>
  <trkpt lat="-0.50050724" lon="112.55753313"></trkpt>
  <trkpt lat="-0.50050724" lon="112.55747982"></trkpt>
  <trkpt lat="-0.50050724" lon="112.55753313"></trkpt>
  <trkpt lat="-0.50056055" lon="112.55758644"></trkpt>
  <trkpt lat="-0.50050724" lon="112.55753313"></trkpt>
  <trkpt lat="-0.50050724" lon="112.55747982"></trkpt>
  <trkpt lat="-0.50050724" lon="112.55753313"></trkpt>
  <trkpt lat="-0.50050724" lon="112.55747982"></trkpt>
  <trkpt lat="-0.50050724" lon="112.55753313"></trkpt>
  <trkpt lat="-0.50050724" lon="112.55747982"></trkpt>
  <trkpt lat="-0.50050724" lon="112.55753313"></trkpt>
  <trkpt lat="-0.50056055" lon="112.55747982"></trkpt>
  <trkpt lat="-0.50050724" lon="112.55747982"></trkpt>
  <trkpt lat="-0.50050724" lon="112.55753313"></trkpt>
  <trkpt lat="-0.50056055" lon="112.55747982"></trkpt>
  <trkpt lat="-0.50050724" lon="112.55747982"></trkpt>
  <trkpt lat="-0.50056055" lon="112.55747982"></trkpt>
  <trkpt lat="-0.50050724" lon="112.55747982"></trkpt>
  <trkpt lat="-0.50050724" lon="112.55742651"></trkpt>
  <trkpt lat="-0.50050724" lon="112.55747982"></trkpt>
 </trkseg>
</trk>
 <extensions>
 </extensions>
</gpx>
