<?xml version="1.0" encoding="UTF-8" standalone="yes"?>
<gpx
 version="1.1"
 creator="Global Mapper - http://www.globalmapper.com"
 xmlns:globalmapper="http://www.bluemarblegeo.com/globalmapper"
 xmlns:xsi="http://www.w3.org/2001/XMLSchema-instance"
 xmlns="http://www.topografix.com/GPX/1/1"
 xsi:schemaLocation="http://www.topografix.com/GPX/1/1 http://www.topografix.com/GPX/1/1/gpx.xsd">
 <metadata>
 </metadata>
<wpt lat="-7.74885172" lon="112.59633221">
 <ele>2526.932</ele>
 <name>AIR</name>
</wpt>
<wpt lat="-7.73279258" lon="112.60655335">
 <name>AIR</name>
</wpt>
<wpt lat="-7.75429803" lon="112.58812213">
 <name>BATU GEDE</name>
</wpt>
<wpt lat="-7.75956798" lon="112.58766700">
 <ele>3113.837</ele>
 <name>BATUDATAR</name>
</wpt>
<wpt lat="-7.73442328" lon="112.57284234">
 <name>BELERANG</name>
</wpt>
<wpt lat="-7.75105692" lon="112.59621729">
 <name>CAMP LEMBAH KIDANG</name>
</wpt>
<wpt lat="-7.74772997" lon="112.59373306">
 <name>CAMP LEMBAH KIDANG 1</name>
</wpt>
<wpt lat="-7.74627764" lon="112.57916682">
 <name>CAMP LEMBAH LENGKEAN</name>
</wpt>
<wpt lat="-7.76530799" lon="112.59003103">
 <ele>3354.934</ele>
 <name>CAMP</name>
</wpt>
<wpt lat="-7.76419798" lon="112.58941102">
 <ele>3340.303</ele>
 <name>CAMP</name>
</wpt>
<wpt lat="-7.75735256" lon="112.58733356">
 <ele>3000</ele>
 <name>CAMP</name>
</wpt>
<wpt lat="-7.67667482" lon="112.56262279">
 <name>PACET 975M
</name>
</wpt>
<wpt lat="-7.80712917" lon="112.65179702">
 <name>GERBANG VIA LAWANG</name>
</wpt>
<wpt lat="-7.73664289" lon="112.57518785">
 <name>GOA</name>
</wpt>
<wpt lat="-7.69468015" lon="112.57028745">
 <name>GUNUNG PUNDAK 1547M</name>
</wpt>
<wpt lat="-7.74623514" lon="112.65561322">
 <name>KALIANDRA SEJATI
</name>
</wpt>
<wpt lat="-7.74343670" lon="112.57892500">
 <name>KEMBAR 1 3037M</name>
</wpt>
<wpt lat="-7.75032400" lon="112.58127180">
 <name>KEMBAR 2 3113M</name>
</wpt>
<wpt lat="-7.74924584" lon="112.58226620">
 <name>KEMBAR 2 3095M</name>
</wpt>
<wpt lat="-7.75315110" lon="112.58585360">
 <name>LAPANGAN KOTAK</name>
</wpt>
<wpt lat="-7.75141260" lon="112.58797620">
 <name>LEMBAH KIJANLALI JIWO</name>
</wpt>
<wpt lat="-7.75636526" lon="112.54738248">
 <name>PINTU RIMBA VIA CANGAR 1950M
</name>
</wpt>
<wpt lat="-7.72349546" lon="112.61384108">
 <name>POANDOK BARU</name>
</wpt>
<wpt lat="-7.77794220" lon="112.64288446">
 <name>POS 1 GOA OENTO BOEGO1</name>
</wpt>
<wpt lat="-7.80272523" lon="112.64336374">
 <name>POS 1 KEBUN TEH WONOSARI</name>
</wpt>
<wpt lat="-7.70289106" lon="112.62686689">
 <name>POS 1 PET BOCOR</name>
</wpt>
<wpt lat="-7.75483397" lon="112.55079400">
 <ele>2056.181</ele>
 <name>POS 1 VIA CANGAR
</name>
</wpt>
<wpt lat="-7.74644150" lon="112.56878793">
 <name>POS BAYANGAN
</name>
</wpt>
<wpt lat="-7.72257412" lon="112.61643788">
 <name>POS 2 KOKOPAN</name>
</wpt>
<wpt lat="-7.79238112" lon="112.61828072">
 <name>POS 2 LINCING</name>
</wpt>
<wpt lat="-7.77110517" lon="112.63027229">
 <name>POS 2 TAMPUONO</name>
</wpt>
<wpt lat="-7.74923997" lon="112.56163197">
 <ele>2369.515</ele>
 <name>POS 2</name>
</wpt>
<wpt lat="-7.74621938" lon="112.56952194">
 <name>POS 3
</name>
</wpt>
<wpt lat="-7.74366980" lon="112.59489870">
 <name>POS 3 CAMP PONDOKAN</name>
</wpt>
<wpt lat="-7.76934774" lon="112.62963116">
 <name>POS 3 EYANG SAKRI</name>
</wpt>
<wpt lat="-7.78157770" lon="112.61120410">
 <name>POS 3 MAHAPENA</name>
</wpt>
<wpt lat="-7.77089722" lon="112.62242725">
 <name>POS 4 EYANG SEMAR</name>
</wpt>
<wpt lat="-7.77340994" lon="112.60186242">
 <name>POS 4 GOMBES</name>
</wpt>
<wpt lat="-7.77051110" lon="112.61986120">
 <name>POS 5 CANDI MAKHUTOROMO</name>
</wpt>
<wpt lat="-7.77005961" lon="112.61823772">
 <name>POS 6 CANDI SEPILAR</name>
</wpt>
<wpt lat="-7.76557856" lon="112.61338041">
 <name>POS 7 JAWA DWIPA</name>
</wpt>
<wpt lat="-7.80873070" lon="112.65405041">
 <ele>890</ele>
 <name>POS IJIN LAWANG 855M
</name>
</wpt>
<wpt lat="-7.75796704" lon="112.52899703">
 <ele>1664.244</ele>
 <name>POS IJIN SUMBER BRANTAS
</name>
</wpt>
<wpt lat="-7.69804129" lon="112.63178498">
 <name>POS IJIN TRETES 812M
</name>
</wpt>
<wpt lat="-7.70511059" lon="112.62678307">
 <name>POS PENGAMATAN</name>
</wpt>
<wpt lat="-7.76542492" lon="112.58993899">
 <name>PUNCAK BARAT 3337M</name>
</wpt>
<wpt lat="-7.76481490" lon="112.59276150">
 <name>PUNCAK OGAL AGIL 3339M</name>
</wpt>
<wpt lat="-7.73140797" lon="112.57447581">
 <name>PUNCAK WELIRANG 3156M</name>
</wpt>
<wpt lat="-7.78062360" lon="112.65786990">
 <name>PURWOSARI TAMBAKSARI 900M
</name>
</wpt>
<wpt lat="-7.69673900" lon="112.57444538">
 <name>SABANA</name>
</wpt>
<wpt lat="-7.78848639" lon="112.61312904">
 <name>SABANA</name>
</wpt>
<wpt lat="-7.77256966" lon="112.63009787">
 <name>SENDANG3</name>
</wpt>
<wpt lat="-7.75488490" lon="112.58696080">
 <name>SIMPANG KIDANG</name>
</wpt>
<wpt lat="-7.76633243" lon="112.59579451">
 <name>SIMPANG LAWANGSARI</name>
</wpt>
<wpt lat="-7.74053763" lon="112.57904118">
 <name>SIMPANG TAMAN DEWA</name>
</wpt>
<wpt lat="-7.76318100" lon="112.58885496">
 <ele>3317.748</ele>
 <name>TUGU</name>
</wpt>
<wpt lat="-7.71302462" lon="112.62503386">
 <name>WARUNG KOBONG</name>
</wpt>
<trk>
 <name>10</name>
 <trkseg>
  <trkpt lat="-7.74686395" lon="112.59571077"></trkpt>
  <trkpt lat="-7.74710996" lon="112.59537566"></trkpt>
  <trkpt lat="-7.74761254" lon="112.59508255"></trkpt>
  <trkpt lat="-7.74794756" lon="112.59499873"></trkpt>
  <trkpt lat="-7.74861761" lon="112.59466371"></trkpt>
  <trkpt lat="-7.74811512" lon="112.59390975"></trkpt>
  <trkpt lat="-7.74665457" lon="112.59323962"></trkpt>
  <trkpt lat="-7.74594261" lon="112.59307215"></trkpt>
  <trkpt lat="-7.74527256" lon="112.59261140"></trkpt>
  <trkpt lat="-7.74577506" lon="112.59143868"></trkpt>
  <trkpt lat="-7.74573323" lon="112.59039153"></trkpt>
  <trkpt lat="-7.74585888" lon="112.58921882"></trkpt>
  <trkpt lat="-7.74661266" lon="112.58829740"></trkpt>
  <trkpt lat="-7.74602635" lon="112.58758536"></trkpt>
  <trkpt lat="-7.74665457" lon="112.58695713"></trkpt>
  <trkpt lat="-7.74665457" lon="112.58670584"></trkpt>
  <trkpt lat="-7.74723561" lon="112.58586816"></trkpt>
  <trkpt lat="-7.74736125" lon="112.58519802"></trkpt>
  <trkpt lat="-7.74752880" lon="112.58490482"></trkpt>
 </trkseg>
</trk>
<trk>
 <name>11</name>
 <trkseg>
  <trkpt lat="-7.73538653" lon="112.57573234"></trkpt>
  <trkpt lat="-7.73542835" lon="112.57573234"></trkpt>
  <trkpt lat="-7.73609840" lon="112.57627683"></trkpt>
  <trkpt lat="-7.73651725" lon="112.57669567"></trkpt>
  <trkpt lat="-7.73685227" lon="112.57761709"></trkpt>
  <trkpt lat="-7.73756423" lon="112.57795220"></trkpt>
  <trkpt lat="-7.73785735" lon="112.57820349"></trkpt>
  <trkpt lat="-7.73794108" lon="112.57820349"></trkpt>
  <trkpt lat="-7.73798299" lon="112.57820349"></trkpt>
  <trkpt lat="-7.73810863" lon="112.57824532"></trkpt>
  <trkpt lat="-7.73815054" lon="112.57828723"></trkpt>
  <trkpt lat="-7.73823428" lon="112.57832914"></trkpt>
  <trkpt lat="-7.73831801" lon="112.57837096"></trkpt>
  <trkpt lat="-7.73840175" lon="112.57841287"></trkpt>
  <trkpt lat="-7.73844366" lon="112.57845478"></trkpt>
  <trkpt lat="-7.73852739" lon="112.57853852"></trkpt>
  <trkpt lat="-7.73865304" lon="112.57862234"></trkpt>
  <trkpt lat="-7.73873677" lon="112.57866416"></trkpt>
  <trkpt lat="-7.73877868" lon="112.57866416"></trkpt>
  <trkpt lat="-7.73886242" lon="112.57874798"></trkpt>
  <trkpt lat="-7.73890433" lon="112.57878981"></trkpt>
  <trkpt lat="-7.73894624" lon="112.57878981"></trkpt>
  <trkpt lat="-7.73898806" lon="112.57883172"></trkpt>
  <trkpt lat="-7.73907180" lon="112.57883172"></trkpt>
  <trkpt lat="-7.73915562" lon="112.57887363"></trkpt>
  <trkpt lat="-7.73919744" lon="112.57891545"></trkpt>
  <trkpt lat="-7.73923935" lon="112.57895736"></trkpt>
  <trkpt lat="-7.73932309" lon="112.57895736"></trkpt>
  <trkpt lat="-7.73940691" lon="112.57899927"></trkpt>
  <trkpt lat="-7.73949064" lon="112.57904118"></trkpt>
  <trkpt lat="-7.73953247" lon="112.57912491"></trkpt>
  <trkpt lat="-7.73957438" lon="112.57916682"></trkpt>
  <trkpt lat="-7.73965811" lon="112.57925056"></trkpt>
  <trkpt lat="-7.73970002" lon="112.57929247"></trkpt>
  <trkpt lat="-7.73974193" lon="112.57933429"></trkpt>
  <trkpt lat="-7.73978376" lon="112.57937620"></trkpt>
  <trkpt lat="-7.73986758" lon="112.57941811"></trkpt>
  <trkpt lat="-7.73995131" lon="112.57945994"></trkpt>
  <trkpt lat="-7.73999314" lon="112.57950185"></trkpt>
  <trkpt lat="-7.74003505" lon="112.57954376"></trkpt>
  <trkpt lat="-7.74007696" lon="112.57958558"></trkpt>
  <trkpt lat="-7.74020260" lon="112.57962749"></trkpt>
  <trkpt lat="-7.74024443" lon="112.57962749"></trkpt>
 </trkseg>
</trk>
<trk>
 <name>11 005</name>
 <trkseg>
  <trkpt lat="-7.80235408" lon="112.64990229"></trkpt>
  <trkpt lat="-7.80210162" lon="112.64972141"></trkpt>
  <trkpt lat="-7.80203381" lon="112.64965662"></trkpt>
  <trkpt lat="-7.80200531" lon="112.64958101"></trkpt>
  <trkpt lat="-7.80201604" lon="112.64950172"></trkpt>
  <trkpt lat="-7.80204101" lon="112.64940809"></trkpt>
  <trkpt lat="-7.80203381" lon="112.64929997"></trkpt>
  <trkpt lat="-7.80196600" lon="112.64921363"></trkpt>
  <trkpt lat="-7.80195887" lon="112.64910551"></trkpt>
  <trkpt lat="-7.80195887" lon="112.64898313"></trkpt>
  <trkpt lat="-7.80196960" lon="112.64880661"></trkpt>
  <trkpt lat="-7.80195887" lon="112.64860846"></trkpt>
  <trkpt lat="-7.80192677" lon="112.64844283"></trkpt>
  <trkpt lat="-7.80186248" lon="112.64836002"></trkpt>
  <trkpt lat="-7.80178051" lon="112.64830596"></trkpt>
  <trkpt lat="-7.80164489" lon="112.64826279"></trkpt>
  <trkpt lat="-7.80155084" lon="112.64819657"></trkpt>
  <trkpt lat="-7.80146694" lon="112.64810882"></trkpt>
  <trkpt lat="-7.80139552" lon="112.64805861"></trkpt>
  <trkpt lat="-7.80130232" lon="112.64805551"></trkpt>
  <trkpt lat="-7.80122780" lon="112.64814637"></trkpt>
  <trkpt lat="-7.80117801" lon="112.64823731"></trkpt>
  <trkpt lat="-7.80115630" lon="112.64834393"></trkpt>
  <trkpt lat="-7.80109109" lon="112.64844736"></trkpt>
  <trkpt lat="-7.80097609" lon="112.64852271"></trkpt>
  <trkpt lat="-7.80083008" lon="112.64855088"></trkpt>
  <trkpt lat="-7.80069027" lon="112.64852582"></trkpt>
  <trkpt lat="-7.80053814" lon="112.64856337"></trkpt>
  <trkpt lat="-7.80040772" lon="112.64860100"></trkpt>
  <trkpt lat="-7.80026481" lon="112.64861986"></trkpt>
  <trkpt lat="-7.80013430" lon="112.64856337"></trkpt>
  <trkpt lat="-7.80001620" lon="112.64846622"></trkpt>
  <trkpt lat="-7.79988578" lon="112.64831568"></trkpt>
  <trkpt lat="-7.79980497" lon="112.64819339"></trkpt>
  <trkpt lat="-7.79975217" lon="112.64816212"></trkpt>
  <trkpt lat="-7.79964664" lon="112.64810882"></trkpt>
  <trkpt lat="-7.79957506" lon="112.64807738"></trkpt>
  <trkpt lat="-7.79953474" lon="112.64798342"></trkpt>
  <trkpt lat="-7.79953474" lon="112.64779516"></trkpt>
  <trkpt lat="-7.79949753" lon="112.64769182"></trkpt>
  <trkpt lat="-7.79942293" lon="112.64766667"></trkpt>
  <trkpt lat="-7.79931111" lon="112.64766667"></trkpt>
  <trkpt lat="-7.79922101" lon="112.64764789"></trkpt>
  <trkpt lat="-7.79916200" lon="112.64758520"></trkpt>
  <trkpt lat="-7.79908430" lon="112.64745972"></trkpt>
  <trkpt lat="-7.79892898" lon="112.64715563"></trkpt>
  <trkpt lat="-7.79877366" lon="112.64692361"></trkpt>
  <trkpt lat="-7.79870837" lon="112.64687969"></trkpt>
  <trkpt lat="-7.79858113" lon="112.64681700"></trkpt>
  <trkpt lat="-7.79845993" lon="112.64670719"></trkpt>
  <trkpt lat="-7.79831702" lon="112.64659747"></trkpt>
  <trkpt lat="-7.79800949" lon="112.64647837"></trkpt>
  <trkpt lat="-7.79782617" lon="112.64639681"></trkpt>
  <trkpt lat="-7.79774227" lon="112.64633730"></trkpt>
  <trkpt lat="-7.79769567" lon="112.64621501"></trkpt>
  <trkpt lat="-7.79769877" lon="112.64608643"></trkpt>
  <trkpt lat="-7.79772366" lon="112.64592340"></trkpt>
  <trkpt lat="-7.79775476" lon="112.64580421"></trkpt>
  <trkpt lat="-7.79774537" lon="112.64576348"></trkpt>
  <trkpt lat="-7.79768947" lon="112.64576658"></trkpt>
  <trkpt lat="-7.79764907" lon="112.64581360"></trkpt>
  <trkpt lat="-7.79759014" lon="112.64586691"></trkpt>
  <trkpt lat="-7.79751244" lon="112.64589524"></trkpt>
  <trkpt lat="-7.79738202" lon="112.64588577"></trkpt>
  <trkpt lat="-7.79721421" lon="112.64584813"></trkpt>
  <trkpt lat="-7.79710240" lon="112.64580111"></trkpt>
  <trkpt lat="-7.79681968" lon="112.64576029"></trkpt>
  <trkpt lat="-7.79671096" lon="112.64572274"></trkpt>
  <trkpt lat="-7.79663016" lon="112.64559726"></trkpt>
  <trkpt lat="-7.79655883" lon="112.64547807"></trkpt>
  <trkpt lat="-7.79648423" lon="112.64539660"></trkpt>
  <trkpt lat="-7.79637552" lon="112.64535896"></trkpt>
  <trkpt lat="-7.79619841" lon="112.64535268"></trkpt>
  <trkpt lat="-7.79609280" lon="112.64534958"></trkpt>
  <trkpt lat="-7.79608039" lon="112.64529937"></trkpt>
  <trkpt lat="-7.79613010" lon="112.64525553"></trkpt>
  <trkpt lat="-7.79621081" lon="112.64522729"></trkpt>
  <trkpt lat="-7.79631341" lon="112.64519912"></trkpt>
  <trkpt lat="-7.79645942" lon="112.64510499"></trkpt>
  <trkpt lat="-7.79658976" lon="112.64502042"></trkpt>
  <trkpt lat="-7.79657434" lon="112.64492629"></trkpt>
  <trkpt lat="-7.79652773" lon="112.64492319"></trkpt>
  <trkpt lat="-7.79637862" lon="112.64495144"></trkpt>
  <trkpt lat="-7.79628851" lon="112.64493878"></trkpt>
  <trkpt lat="-7.79619221" lon="112.64488874"></trkpt>
  <trkpt lat="-7.79615801" lon="112.64481967"></trkpt>
  <trkpt lat="-7.79616111" lon="112.64471943"></trkpt>
  <trkpt lat="-7.79619221" lon="112.64457509"></trkpt>
  <trkpt lat="-7.79619531" lon="112.64440896"></trkpt>
  <trkpt lat="-7.79615181" lon="112.64425222"></trkpt>
  <trkpt lat="-7.79609900" lon="112.64415809"></trkpt>
  <trkpt lat="-7.79599339" lon="112.64413303"></trkpt>
  <trkpt lat="-7.79578527" lon="112.64410168"></trkpt>
  <trkpt lat="-7.79570756" lon="112.64401082"></trkpt>
  <trkpt lat="-7.79568904" lon="112.64386648"></trkpt>
  <trkpt lat="-7.79570446" lon="112.64365333"></trkpt>
  <trkpt lat="-7.79575727" lon="112.64351537"></trkpt>
  <trkpt lat="-7.79580697" lon="112.64345577"></trkpt>
  <trkpt lat="-7.79589398" lon="112.64337740"></trkpt>
  <trkpt lat="-7.79592700" lon="112.64324128"></trkpt>
  <trkpt lat="-7.79596472" lon="112.64297524"></trkpt>
  <trkpt lat="-7.79601183" lon="112.64283258"></trkpt>
  <trkpt lat="-7.79620964" lon="112.64253317"></trkpt>
  <trkpt lat="-7.79630369" lon="112.64236679"></trkpt>
  <trkpt lat="-7.79636018" lon="112.64222899"></trkpt>
  <trkpt lat="-7.79640729" lon="112.64203420"></trkpt>
  <trkpt lat="-7.79643562" lon="112.64182507"></trkpt>
  <trkpt lat="-7.79658146" lon="112.64165400"></trkpt>
  <trkpt lat="-7.79693468" lon="112.64125477"></trkpt>
  <trkpt lat="-7.79728311" lon="112.64087456"></trkpt>
  <trkpt lat="-7.79739141" lon="112.64068446"></trkpt>
  <trkpt lat="-7.79749501" lon="112.64040878"></trkpt>
  <trkpt lat="-7.79756089" lon="112.64032329"></trkpt>
  <trkpt lat="-7.79798468" lon="112.64005716"></trkpt>
  <trkpt lat="-7.79888866" lon="112.63950588"></trkpt>
  <trkpt lat="-7.79983683" lon="112.63889853"></trkpt>
 </trkseg>
</trk>
<trk>
 <name>12</name>
 <trkseg>
  <trkpt lat="-7.69723479" lon="112.56756510"></trkpt>
  <trkpt lat="-7.69715105" lon="112.56773257"></trkpt>
  <trkpt lat="-7.69736043" lon="112.56806768"></trkpt>
  <trkpt lat="-7.69727661" lon="112.56823523"></trkpt>
  <trkpt lat="-7.69689976" lon="112.56819332"></trkpt>
  <trkpt lat="-7.69602025" lon="112.56852834"></trkpt>
  <trkpt lat="-7.69560149" lon="112.57011998"></trkpt>
  <trkpt lat="-7.69530837" lon="112.57028745"></trkpt>
  <trkpt lat="-7.69509891" lon="112.57074821"></trkpt>
  <trkpt lat="-7.69463824" lon="112.57091576"></trkpt>
  <trkpt lat="-7.69455451" lon="112.57133461"></trkpt>
  <trkpt lat="-7.69405201" lon="112.57150208"></trkpt>
  <trkpt lat="-7.69388446" lon="112.57146025"></trkpt>
  <trkpt lat="-7.69375881" lon="112.57179528"></trkpt>
  <trkpt lat="-7.69313059" lon="112.57208847"></trkpt>
  <trkpt lat="-7.69300503" lon="112.57254923"></trkpt>
  <trkpt lat="-7.69329814" lon="112.57296807"></trkpt>
  <trkpt lat="-7.69325623" lon="112.57317745"></trkpt>
  <trkpt lat="-7.69250245" lon="112.57393132"></trkpt>
  <trkpt lat="-7.69220933" lon="112.57506221"></trkpt>
  <trkpt lat="-7.69199987" lon="112.57522976"></trkpt>
  <trkpt lat="-7.69149737" lon="112.57518785"></trkpt>
  <trkpt lat="-7.69116235" lon="112.57435016"></trkpt>
  <trkpt lat="-7.69141364" lon="112.57397323"></trkpt>
  <trkpt lat="-7.69141364" lon="112.57363820"></trkpt>
  <trkpt lat="-7.69091106" lon="112.57368003"></trkpt>
  <trkpt lat="-7.68952905" lon="112.57313554"></trkpt>
  <trkpt lat="-7.68823078" lon="112.57196283"></trkpt>
  <trkpt lat="-7.68710006" lon="112.57171154"></trkpt>
  <trkpt lat="-7.68588561" lon="112.57062256"></trkpt>
  <trkpt lat="-7.68563432" lon="112.57011998"></trkpt>
  <trkpt lat="-7.68601125" lon="112.57016181"></trkpt>
  <trkpt lat="-7.68592743" lon="112.56978488"></trkpt>
  <trkpt lat="-7.68630437" lon="112.56915665"></trkpt>
  <trkpt lat="-7.68626246" lon="112.56873781"></trkpt>
  <trkpt lat="-7.68534112" lon="112.56831896"></trkpt>
  <trkpt lat="-7.68559241" lon="112.56735563"></trkpt>
  <trkpt lat="-7.68324983" lon="112.56681114"></trkpt>
  <trkpt lat="-7.68257978" lon="112.56614101"></trkpt>
  <trkpt lat="-7.68165844" lon="112.56568034"></trkpt>
  <trkpt lat="-7.68149089" lon="112.56547088"></trkpt>
  <trkpt lat="-7.68052773" lon="112.56496830"></trkpt>
  <trkpt lat="-7.67914572" lon="112.56538714"></trkpt>
  <trkpt lat="-7.67893625" lon="112.56521959"></trkpt>
  <trkpt lat="-7.67881061" lon="112.56358612"></trkpt>
  <trkpt lat="-7.67834994" lon="112.56358612"></trkpt>
  <trkpt lat="-7.67814056" lon="112.56329292"></trkpt>
  <trkpt lat="-7.67747051" lon="112.56312537"></trkpt>
  <trkpt lat="-7.67692611" lon="112.56253906"></trkpt>
  <trkpt lat="-7.67671673" lon="112.56258088"></trkpt>
  <trkpt lat="-7.67667482" lon="112.56262279"></trkpt>
 </trkseg>
</trk>
<trk>
 <name>13</name>
 <trkseg>
  <trkpt lat="-7.73329256" lon="112.57581607"></trkpt>
  <trkpt lat="-7.73316692" lon="112.57581607"></trkpt>
  <trkpt lat="-7.73308318" lon="112.57581607"></trkpt>
  <trkpt lat="-7.73299936" lon="112.57581607"></trkpt>
  <trkpt lat="-7.73291563" lon="112.57581607"></trkpt>
  <trkpt lat="-7.73283189" lon="112.57581607"></trkpt>
  <trkpt lat="-7.73274816" lon="112.57581607"></trkpt>
  <trkpt lat="-7.73262251" lon="112.57573234"></trkpt>
  <trkpt lat="-7.73249687" lon="112.57569043"></trkpt>
  <trkpt lat="-7.73232931" lon="112.57564860"></trkpt>
  <trkpt lat="-7.73224558" lon="112.57556478"></trkpt>
  <trkpt lat="-7.73211993" lon="112.57548105"></trkpt>
  <trkpt lat="-7.73207802" lon="112.57543914"></trkpt>
  <trkpt lat="-7.73199429" lon="112.57539723"></trkpt>
  <trkpt lat="-7.73186864" lon="112.57531350"></trkpt>
  <trkpt lat="-7.73178491" lon="112.57522976"></trkpt>
  <trkpt lat="-7.73170117" lon="112.57514594"></trkpt>
  <trkpt lat="-7.73165926" lon="112.57502030"></trkpt>
  <trkpt lat="-7.73161735" lon="112.57489465"></trkpt>
  <trkpt lat="-7.73153362" lon="112.57481092"></trkpt>
  <trkpt lat="-7.73149171" lon="112.57472718"></trkpt>
  <trkpt lat="-7.73153362" lon="112.57464336"></trkpt>
  <trkpt lat="-7.73149171" lon="112.57455963"></trkpt>
  <trkpt lat="-7.73140797" lon="112.57447581"></trkpt>
 </trkseg>
</trk>
<trk>
 <name>18</name>
 <trkseg>
  <trkpt lat="-7.68998972" lon="112.56873781"></trkpt>
  <trkpt lat="-7.69007346" lon="112.56869590"></trkpt>
  <trkpt lat="-7.69036666" lon="112.56882154"></trkpt>
  <trkpt lat="-7.69074351" lon="112.56903101"></trkpt>
  <trkpt lat="-7.69082732" lon="112.56924039"></trkpt>
  <trkpt lat="-7.69107853" lon="112.56928230"></trkpt>
  <trkpt lat="-7.69137173" lon="112.56978488"></trkpt>
  <trkpt lat="-7.69170675" lon="112.56999434"></trkpt>
  <trkpt lat="-7.69212551" lon="112.56982679"></trkpt>
  <trkpt lat="-7.69246054" lon="112.56999434"></trkpt>
  <trkpt lat="-7.69329814" lon="112.56965923"></trkpt>
  <trkpt lat="-7.69350752" lon="112.56978488"></trkpt>
  <trkpt lat="-7.69367508" lon="112.57024563"></trkpt>
  <trkpt lat="-7.69438704" lon="112.57011998"></trkpt>
  <trkpt lat="-7.69468015" lon="112.57028745"></trkpt>
  <trkpt lat="-7.69447077" lon="112.56970114"></trkpt>
  <trkpt lat="-7.69451268" lon="112.56940794"></trkpt>
  <trkpt lat="-7.69438704" lon="112.56915665"></trkpt>
  <trkpt lat="-7.69463824" lon="112.56810950"></trkpt>
  <trkpt lat="-7.69442886" lon="112.56815141"></trkpt>
  <trkpt lat="-7.69426139" lon="112.56773257"></trkpt>
  <trkpt lat="-7.69430322" lon="112.56702061"></trkpt>
  <trkpt lat="-7.69535020" lon="112.56714625"></trkpt>
  <trkpt lat="-7.69706723" lon="112.56773257"></trkpt>
  <trkpt lat="-7.69723479" lon="112.56756510"></trkpt>
 </trkseg>
</trk>
<trk>
 <name>18 003</name>
 <trkseg>
  <trkpt lat="-7.74620941" lon="112.56944910"></trkpt>
  <trkpt lat="-7.74616423" lon="112.56953493"></trkpt>
  <trkpt lat="-7.74615090" lon="112.56964758"></trkpt>
  <trkpt lat="-7.74612039" lon="112.56970391"></trkpt>
  <trkpt lat="-7.74606457" lon="112.56975621"></trkpt>
  <trkpt lat="-7.74601411" lon="112.56981120"></trkpt>
  <trkpt lat="-7.74597287" lon="112.56995067"></trkpt>
  <trkpt lat="-7.74592367" lon="112.57003918"></trkpt>
  <trkpt lat="-7.74591437" lon="112.57010364"></trkpt>
  <trkpt lat="-7.74586257" lon="112.57026583"></trkpt>
  <trkpt lat="-7.74582803" lon="112.57035702"></trkpt>
  <trkpt lat="-7.74575888" lon="112.57040262"></trkpt>
  <trkpt lat="-7.74567121" lon="112.57055819"></trkpt>
  <trkpt lat="-7.74560214" lon="112.57063874"></trkpt>
  <trkpt lat="-7.74556233" lon="112.57076204"></trkpt>
  <trkpt lat="-7.74552243" lon="112.57081568"></trkpt>
  <trkpt lat="-7.74546660" lon="112.57088542"></trkpt>
  <trkpt lat="-7.74539217" lon="112.57096052"></trkpt>
  <trkpt lat="-7.74536820" lon="112.57104367"></trkpt>
  <trkpt lat="-7.74537357" lon="112.57116437"></trkpt>
  <trkpt lat="-7.74542411" lon="112.57124484"></trkpt>
  <trkpt lat="-7.74541866" lon="112.57137358"></trkpt>
  <trkpt lat="-7.74538949" lon="112.57143804"></trkpt>
  <trkpt lat="-7.74536292" lon="112.57150769"></trkpt>
  <trkpt lat="-7.74541078" lon="112.57169276"></trkpt>
  <trkpt lat="-7.74543467" lon="112.57178932"></trkpt>
  <trkpt lat="-7.74533643" lon="112.57201186"></trkpt>
  <trkpt lat="-7.74521942" lon="112.57215679"></trkpt>
  <trkpt lat="-7.74518221" lon="112.57228017"></trkpt>
  <trkpt lat="-7.74509453" lon="112.57229886"></trkpt>
  <trkpt lat="-7.74500409" lon="112.57233381"></trkpt>
  <trkpt lat="-7.74494567" lon="112.57236868"></trkpt>
  <trkpt lat="-7.74485003" lon="112.57236600"></trkpt>
  <trkpt lat="-7.74478348" lon="112.57244647"></trkpt>
  <trkpt lat="-7.74468793" lon="112.57251084"></trkpt>
  <trkpt lat="-7.74456563" lon="112.57256180"></trkpt>
  <trkpt lat="-7.74450453" lon="112.57269859"></trkpt>
  <trkpt lat="-7.74447519" lon="112.57290512"></trkpt>
  <trkpt lat="-7.74442742" lon="112.57306874"></trkpt>
  <trkpt lat="-7.74436363" lon="112.57320553"></trkpt>
  <trkpt lat="-7.74431577" lon="112.57332346"></trkpt>
  <trkpt lat="-7.74416691" lon="112.57341206"></trkpt>
  <trkpt lat="-7.74394101" lon="112.57368833"></trkpt>
  <trkpt lat="-7.74378419" lon="112.57369369"></trkpt>
  <trkpt lat="-7.74364874" lon="112.57382512"></trkpt>
  <trkpt lat="-7.74344397" lon="112.57380626"></trkpt>
  <trkpt lat="-7.74328723" lon="112.57390827"></trkpt>
  <trkpt lat="-7.74312780" lon="112.57395647"></trkpt>
  <trkpt lat="-7.74281424" lon="112.57431328"></trkpt>
  <trkpt lat="-7.74248717" lon="112.57469684"></trkpt>
  <trkpt lat="-7.74233839" lon="112.57489264"></trkpt>
  <trkpt lat="-7.74220554" lon="112.57495156"></trkpt>
  <trkpt lat="-7.74205928" lon="112.57508308"></trkpt>
  <trkpt lat="-7.74193707" lon="112.57533520"></trkpt>
  <trkpt lat="-7.74174839" lon="112.57550418"></trkpt>
  <trkpt lat="-7.74160489" lon="112.57560343"></trkpt>
  <trkpt lat="-7.74141094" lon="112.57584751"></trkpt>
  <trkpt lat="-7.74126467" lon="112.57596552"></trkpt>
  <trkpt lat="-7.74112914" lon="112.57605404"></trkpt>
  <trkpt lat="-7.74071717" lon="112.57643223"></trkpt>
  <trkpt lat="-7.74047267" lon="112.57667363"></trkpt>
  <trkpt lat="-7.74031316" lon="112.57691503"></trkpt>
  <trkpt lat="-7.74012708" lon="112.57705986"></trkpt>
  <trkpt lat="-7.74009531" lon="112.57722616"></trkpt>
  <trkpt lat="-7.73997302" lon="112.57731199"></trkpt>
  <trkpt lat="-7.73977102" lon="112.57738709"></trkpt>
  <trkpt lat="-7.73940423" lon="112.57784307"></trkpt>
  <trkpt lat="-7.73914380" lon="112.57786453"></trkpt>
  <trkpt lat="-7.73902151" lon="112.57765532"></trkpt>
 </trkseg>
</trk>
<trk>
 <name>20</name>
 <trkseg>
  <trkpt lat="-7.73618222" lon="112.57493656"></trkpt>
  <trkpt lat="-7.73614031" lon="112.57493656"></trkpt>
  <trkpt lat="-7.73609840" lon="112.57493656"></trkpt>
  <trkpt lat="-7.73601467" lon="112.57497847"></trkpt>
  <trkpt lat="-7.73588902" lon="112.57502030"></trkpt>
  <trkpt lat="-7.73580529" lon="112.57497847"></trkpt>
  <trkpt lat="-7.73576338" lon="112.57502030"></trkpt>
  <trkpt lat="-7.73563773" lon="112.57506221"></trkpt>
  <trkpt lat="-7.73559591" lon="112.57506221"></trkpt>
  <trkpt lat="-7.73547026" lon="112.57497847"></trkpt>
  <trkpt lat="-7.73538653" lon="112.57502030"></trkpt>
  <trkpt lat="-7.73534462" lon="112.57502030"></trkpt>
  <trkpt lat="-7.73530271" lon="112.57502030"></trkpt>
  <trkpt lat="-7.73526088" lon="112.57506221"></trkpt>
  <trkpt lat="-7.73521897" lon="112.57506221"></trkpt>
  <trkpt lat="-7.73513524" lon="112.57510412"></trkpt>
  <trkpt lat="-7.73509333" lon="112.57510412"></trkpt>
  <trkpt lat="-7.73505142" lon="112.57514594"></trkpt>
  <trkpt lat="-7.73500959" lon="112.57514594"></trkpt>
  <trkpt lat="-7.73492586" lon="112.57510412"></trkpt>
  <trkpt lat="-7.73488395" lon="112.57510412"></trkpt>
  <trkpt lat="-7.73484204" lon="112.57510412"></trkpt>
  <trkpt lat="-7.73480021" lon="112.57510412"></trkpt>
  <trkpt lat="-7.73480021" lon="112.57514594"></trkpt>
  <trkpt lat="-7.73475830" lon="112.57510412"></trkpt>
  <trkpt lat="-7.73471639" lon="112.57506221"></trkpt>
  <trkpt lat="-7.73471639" lon="112.57514594"></trkpt>
  <trkpt lat="-7.73467457" lon="112.57518785"></trkpt>
  <trkpt lat="-7.73463266" lon="112.57518785"></trkpt>
  <trkpt lat="-7.73459075" lon="112.57514594"></trkpt>
  <trkpt lat="-7.73454892" lon="112.57514594"></trkpt>
  <trkpt lat="-7.73450701" lon="112.57514594"></trkpt>
  <trkpt lat="-7.73442328" lon="112.57518785"></trkpt>
  <trkpt lat="-7.73438137" lon="112.57522976"></trkpt>
  <trkpt lat="-7.73433954" lon="112.57527159"></trkpt>
  <trkpt lat="-7.73433954" lon="112.57531350"></trkpt>
  <trkpt lat="-7.73425573" lon="112.57539723"></trkpt>
  <trkpt lat="-7.73421390" lon="112.57543914"></trkpt>
  <trkpt lat="-7.73413016" lon="112.57543914"></trkpt>
  <trkpt lat="-7.73404635" lon="112.57539723"></trkpt>
  <trkpt lat="-7.73400452" lon="112.57539723"></trkpt>
  <trkpt lat="-7.73400452" lon="112.57548105"></trkpt>
  <trkpt lat="-7.73396261" lon="112.57552296"></trkpt>
  <trkpt lat="-7.73387888" lon="112.57556478"></trkpt>
  <trkpt lat="-7.73383697" lon="112.57560669"></trkpt>
  <trkpt lat="-7.73375323" lon="112.57560669"></trkpt>
  <trkpt lat="-7.73371132" lon="112.57560669"></trkpt>
  <trkpt lat="-7.73366950" lon="112.57560669"></trkpt>
  <trkpt lat="-7.73358568" lon="112.57560669"></trkpt>
  <trkpt lat="-7.73354385" lon="112.57560669"></trkpt>
  <trkpt lat="-7.73350194" lon="112.57569043"></trkpt>
  <trkpt lat="-7.73346003" lon="112.57569043"></trkpt>
  <trkpt lat="-7.73341821" lon="112.57573234"></trkpt>
  <trkpt lat="-7.73341821" lon="112.57577425"></trkpt>
  <trkpt lat="-7.73337630" lon="112.57581607"></trkpt>
  <trkpt lat="-7.73333447" lon="112.57585798"></trkpt>
  <trkpt lat="-7.73329256" lon="112.57585798"></trkpt>
  <trkpt lat="-7.73325065" lon="112.57581607"></trkpt>
  <trkpt lat="-7.73320883" lon="112.57585798"></trkpt>
  <trkpt lat="-7.73320883" lon="112.57581607"></trkpt>
  <trkpt lat="-7.73320883" lon="112.57585798"></trkpt>
  <trkpt lat="-7.73320883" lon="112.57581607"></trkpt>
  <trkpt lat="-7.73325065" lon="112.57581607"></trkpt>
  <trkpt lat="-7.73320883" lon="112.57581607"></trkpt>
  <trkpt lat="-7.73320883" lon="112.57585798"></trkpt>
  <trkpt lat="-7.73320883" lon="112.57581607"></trkpt>
  <trkpt lat="-7.73320883" lon="112.57585798"></trkpt>
  <trkpt lat="-7.73320883" lon="112.57581607"></trkpt>
  <trkpt lat="-7.73320883" lon="112.57585798"></trkpt>
  <trkpt lat="-7.73320883" lon="112.57581607"></trkpt>
  <trkpt lat="-7.73325065" lon="112.57585798"></trkpt>
  <trkpt lat="-7.73320883" lon="112.57581607"></trkpt>
  <trkpt lat="-7.73316692" lon="112.57581607"></trkpt>
  <trkpt lat="-7.73316692" lon="112.57577425"></trkpt>
  <trkpt lat="-7.73312501" lon="112.57577425"></trkpt>
  <trkpt lat="-7.73312501" lon="112.57573234"></trkpt>
  <trkpt lat="-7.73312501" lon="112.57577425"></trkpt>
  <trkpt lat="-7.73312501" lon="112.57581607"></trkpt>
  <trkpt lat="-7.73316692" lon="112.57581607"></trkpt>
  <trkpt lat="-7.73312501" lon="112.57581607"></trkpt>
  <trkpt lat="-7.73312501" lon="112.57577425"></trkpt>
  <trkpt lat="-7.73320883" lon="112.57581607"></trkpt>
 </trkseg>
</trk>
<trk>
 <name>21</name>
 <trkseg>
  <trkpt lat="-7.73325065" lon="112.57581607"></trkpt>
  <trkpt lat="-7.73333447" lon="112.57589989"></trkpt>
  <trkpt lat="-7.73337630" lon="112.57585798"></trkpt>
  <trkpt lat="-7.73341821" lon="112.57577425"></trkpt>
  <trkpt lat="-7.73350194" lon="112.57573234"></trkpt>
  <trkpt lat="-7.73354385" lon="112.57573234"></trkpt>
  <trkpt lat="-7.73362759" lon="112.57569043"></trkpt>
  <trkpt lat="-7.73366950" lon="112.57564860"></trkpt>
  <trkpt lat="-7.73375323" lon="112.57564860"></trkpt>
  <trkpt lat="-7.73392070" lon="112.57564860"></trkpt>
  <trkpt lat="-7.73400452" lon="112.57564860"></trkpt>
  <trkpt lat="-7.73413016" lon="112.57560669"></trkpt>
  <trkpt lat="-7.73425573" lon="112.57556478"></trkpt>
  <trkpt lat="-7.73438137" lon="112.57560669"></trkpt>
  <trkpt lat="-7.73450701" lon="112.57564860"></trkpt>
  <trkpt lat="-7.73463266" lon="112.57560669"></trkpt>
  <trkpt lat="-7.73475830" lon="112.57564860"></trkpt>
  <trkpt lat="-7.73488395" lon="112.57564860"></trkpt>
  <trkpt lat="-7.73500959" lon="112.57569043"></trkpt>
  <trkpt lat="-7.73509333" lon="112.57569043"></trkpt>
  <trkpt lat="-7.73509333" lon="112.57573234"></trkpt>
  <trkpt lat="-7.73513524" lon="112.57573234"></trkpt>
  <trkpt lat="-7.73521897" lon="112.57569043"></trkpt>
  <trkpt lat="-7.73530271" lon="112.57569043"></trkpt>
  <trkpt lat="-7.73534462" lon="112.57573234"></trkpt>
  <trkpt lat="-7.73547026" lon="112.57569043"></trkpt>
  <trkpt lat="-7.73555400" lon="112.57564860"></trkpt>
  <trkpt lat="-7.73559591" lon="112.57556478"></trkpt>
  <trkpt lat="-7.73567964" lon="112.57548105"></trkpt>
  <trkpt lat="-7.73580529" lon="112.57539723"></trkpt>
  <trkpt lat="-7.73584720" lon="112.57531350"></trkpt>
  <trkpt lat="-7.73584720" lon="112.57518785"></trkpt>
  <trkpt lat="-7.73588902" lon="112.57510412"></trkpt>
  <trkpt lat="-7.73593093" lon="112.57502030"></trkpt>
  <trkpt lat="-7.73601467" lon="112.57502030"></trkpt>
  <trkpt lat="-7.73609840" lon="112.57497847"></trkpt>
  <trkpt lat="-7.73618222" lon="112.57493656"></trkpt>
  <trkpt lat="-7.73626596" lon="112.57485283"></trkpt>
  <trkpt lat="-7.73626596" lon="112.57472718"></trkpt>
  <trkpt lat="-7.73630787" lon="112.57476901"></trkpt>
  <trkpt lat="-7.73639160" lon="112.57481092"></trkpt>
  <trkpt lat="-7.73647534" lon="112.57489465"></trkpt>
  <trkpt lat="-7.73647534" lon="112.57502030"></trkpt>
  <trkpt lat="-7.73651725" lon="112.57510412"></trkpt>
  <trkpt lat="-7.73655907" lon="112.57518785"></trkpt>
  <trkpt lat="-7.73655907" lon="112.57514594"></trkpt>
  <trkpt lat="-7.73660098" lon="112.57514594"></trkpt>
  <trkpt lat="-7.73655907" lon="112.57510412"></trkpt>
  <trkpt lat="-7.73660098" lon="112.57510412"></trkpt>
  <trkpt lat="-7.73655907" lon="112.57510412"></trkpt>
  <trkpt lat="-7.73660098" lon="112.57514594"></trkpt>
  <trkpt lat="-7.73655907" lon="112.57510412"></trkpt>
  <trkpt lat="-7.73660098" lon="112.57514594"></trkpt>
  <trkpt lat="-7.73655907" lon="112.57514594"></trkpt>
  <trkpt lat="-7.73660098" lon="112.57514594"></trkpt>
  <trkpt lat="-7.73655907" lon="112.57514594"></trkpt>
  <trkpt lat="-7.73660098" lon="112.57514594"></trkpt>
  <trkpt lat="-7.73655907" lon="112.57514594"></trkpt>
  <trkpt lat="-7.73660098" lon="112.57514594"></trkpt>
  <trkpt lat="-7.73655907" lon="112.57514594"></trkpt>
  <trkpt lat="-7.73660098" lon="112.57514594"></trkpt>
  <trkpt lat="-7.73655907" lon="112.57514594"></trkpt>
  <trkpt lat="-7.73660098" lon="112.57514594"></trkpt>
  <trkpt lat="-7.73655907" lon="112.57514594"></trkpt>
  <trkpt lat="-7.73660098" lon="112.57514594"></trkpt>
  <trkpt lat="-7.73660098" lon="112.57510412"></trkpt>
  <trkpt lat="-7.73655907" lon="112.57514594"></trkpt>
  <trkpt lat="-7.73660098" lon="112.57514594"></trkpt>
  <trkpt lat="-7.73655907" lon="112.57510412"></trkpt>
  <trkpt lat="-7.73660098" lon="112.57514594"></trkpt>
  <trkpt lat="-7.73655907" lon="112.57514594"></trkpt>
  <trkpt lat="-7.73660098" lon="112.57514594"></trkpt>
  <trkpt lat="-7.73655907" lon="112.57514594"></trkpt>
  <trkpt lat="-7.73660098" lon="112.57514594"></trkpt>
  <trkpt lat="-7.73660098" lon="112.57518785"></trkpt>
 </trkseg>
</trk>
<trk>
 <name>28 003</name>
 <trkseg>
  <trkpt lat="-7.79229856" lon="112.61840880"></trkpt>
  <trkpt lat="-7.79208072" lon="112.61824921"></trkpt>
  <trkpt lat="-7.79200503" lon="112.61841416"></trkpt>
  <trkpt lat="-7.79191056" lon="112.61854827"></trkpt>
  <trkpt lat="-7.79161829" lon="112.61866093"></trkpt>
  <trkpt lat="-7.79152533" lon="112.61858046"></trkpt>
  <trkpt lat="-7.79140840" lon="112.61845171"></trkpt>
  <trkpt lat="-7.79125158" lon="112.61837929"></trkpt>
  <trkpt lat="-7.79117187" lon="112.61833102"></trkpt>
  <trkpt lat="-7.79104429" lon="112.61821836"></trkpt>
  <trkpt lat="-7.79091412" lon="112.61814326"></trkpt>
  <trkpt lat="-7.79072008" lon="112.61810026"></trkpt>
  <trkpt lat="-7.79053409" lon="112.61803597"></trkpt>
  <trkpt lat="-7.79038791" lon="112.61797696"></trkpt>
  <trkpt lat="-7.79029227" lon="112.61801183"></trkpt>
  <trkpt lat="-7.78996797" lon="112.61784017"></trkpt>
  <trkpt lat="-7.78954821" lon="112.61760414"></trkpt>
  <trkpt lat="-7.78917077" lon="112.61719108"></trkpt>
  <trkpt lat="-7.78892099" lon="112.61719108"></trkpt>
  <trkpt lat="-7.78856493" lon="112.61701397"></trkpt>
  <trkpt lat="-7.78834172" lon="112.61690140"></trkpt>
  <trkpt lat="-7.78781022" lon="112.61667073"></trkpt>
  <trkpt lat="-7.78748601" lon="112.61646152"></trkpt>
  <trkpt lat="-7.78733178" lon="112.61623076"></trkpt>
  <trkpt lat="-7.78724679" lon="112.61569977"></trkpt>
  <trkpt lat="-7.78715643" lon="112.61539400"></trkpt>
  <trkpt lat="-7.78698108" lon="112.61501849"></trkpt>
  <trkpt lat="-7.78677380" lon="112.61488438"></trkpt>
  <trkpt lat="-7.78646023" lon="112.61485747"></trkpt>
  <trkpt lat="-7.78623157" lon="112.61475563"></trkpt>
  <trkpt lat="-7.78609880" lon="112.61467516"></trkpt>
  <trkpt lat="-7.78593401" lon="112.61446059"></trkpt>
  <trkpt lat="-7.78574274" lon="112.61425674"></trkpt>
  <trkpt lat="-7.78547158" lon="112.61397779"></trkpt>
  <trkpt lat="-7.78527503" lon="112.61387587"></trkpt>
  <trkpt lat="-7.78495073" lon="112.61372030"></trkpt>
  <trkpt lat="-7.78458931" lon="112.61353246"></trkpt>
  <trkpt lat="-7.78421204" lon="112.61329106"></trkpt>
  <trkpt lat="-7.78394616" lon="112.61306047"></trkpt>
  <trkpt lat="-7.78371231" lon="112.61293173"></trkpt>
  <trkpt lat="-7.78357417" lon="112.61265806"></trkpt>
  <trkpt lat="-7.78343604" lon="112.61243820"></trkpt>
  <trkpt lat="-7.78329254" lon="112.61226654"></trkpt>
  <trkpt lat="-7.78305332" lon="112.61211634"></trkpt>
  <trkpt lat="-7.78286188" lon="112.61199832"></trkpt>
  <trkpt lat="-7.78259089" lon="112.61221290"></trkpt>
  <trkpt lat="-7.78235704" lon="112.61222363"></trkpt>
  <trkpt lat="-7.78219233" lon="112.61212707"></trkpt>
  <trkpt lat="-7.78203811" lon="112.61183739"></trkpt>
  <trkpt lat="-7.78185211" lon="112.61162817"></trkpt>
  <trkpt lat="-7.78168196" lon="112.61146188"></trkpt>
 </trkseg>
</trk>
<trk>
 <name>3 007</name>
 <trkseg>
  <trkpt lat="-7.74577087" lon="112.65572243"></trkpt>
  <trkpt lat="-7.74584186" lon="112.65584858"></trkpt>
  <trkpt lat="-7.74600640" lon="112.65617522"></trkpt>
 </trkseg>
</trk>
<trk>
 <name>30 003</name>
 <trkseg>
  <trkpt lat="-7.74577087" lon="112.65572243"></trkpt>
  <trkpt lat="-7.74592903" lon="112.65550777"></trkpt>
  <trkpt lat="-7.74605661" lon="112.65528507"></trkpt>
  <trkpt lat="-7.74614470" lon="112.65505666"></trkpt>
  <trkpt lat="-7.74622399" lon="112.65492171"></trkpt>
  <trkpt lat="-7.74632240" lon="112.65481174"></trkpt>
  <trkpt lat="-7.74641812" lon="112.65470579"></trkpt>
  <trkpt lat="-7.74655399" lon="112.65459398"></trkpt>
  <trkpt lat="-7.74679807" lon="112.65442148"></trkpt>
  <trkpt lat="-7.74703327" lon="112.65425384"></trkpt>
  <trkpt lat="-7.74730970" lon="112.65406072"></trkpt>
  <trkpt lat="-7.74736318" lon="112.65399308"></trkpt>
  <trkpt lat="-7.74739872" lon="112.65391722"></trkpt>
  <trkpt lat="-7.74742001" lon="112.65382871"></trkpt>
  <trkpt lat="-7.74751833" lon="112.65335941"></trkpt>
  <trkpt lat="-7.74760407" lon="112.65280008"></trkpt>
  <trkpt lat="-7.74762997" lon="112.65220329"></trkpt>
  <trkpt lat="-7.74765386" lon="112.65199274"></trkpt>
  <trkpt lat="-7.74770072" lon="112.65178428"></trkpt>
  <trkpt lat="-7.74775746" lon="112.65162393"></trkpt>
  <trkpt lat="-7.74789476" lon="112.65135253"></trkpt>
  <trkpt lat="-7.74810439" lon="112.65099227"></trkpt>
  <trkpt lat="-7.74831469" lon="112.65064836"></trkpt>
  <trkpt lat="-7.74838753" lon="112.65047050"></trkpt>
  <trkpt lat="-7.74846129" lon="112.65021980"></trkpt>
  <trkpt lat="-7.74853790" lon="112.64996591"></trkpt>
  <trkpt lat="-7.74870370" lon="112.64935210"></trkpt>
  <trkpt lat="-7.74873563" lon="112.64919788"></trkpt>
  <trkpt lat="-7.74878869" lon="112.64909327"></trkpt>
  <trkpt lat="-7.74885247" lon="112.64899403"></trkpt>
  <trkpt lat="-7.74890570" lon="112.64888942"></trkpt>
  <trkpt lat="-7.74895616" lon="112.64877937"></trkpt>
  <trkpt lat="-7.74900142" lon="112.64861860"></trkpt>
  <trkpt lat="-7.74903864" lon="112.64839053"></trkpt>
  <trkpt lat="-7.74906253" lon="112.64820009"></trkpt>
  <trkpt lat="-7.74922731" lon="112.64752150"></trkpt>
  <trkpt lat="-7.74924592" lon="112.64740080"></trkpt>
  <trkpt lat="-7.74924592" lon="112.64724523"></trkpt>
  <trkpt lat="-7.74922203" lon="112.64712319"></trkpt>
  <trkpt lat="-7.74918079" lon="112.64700249"></trkpt>
  <trkpt lat="-7.74917409" lon="112.64692202"></trkpt>
  <trkpt lat="-7.74921399" lon="112.64685773"></trkpt>
  <trkpt lat="-7.74928439" lon="112.64683619"></trkpt>
  <trkpt lat="-7.74935883" lon="112.64682949"></trkpt>
  <trkpt lat="-7.74997942" lon="112.64688179"></trkpt>
  <trkpt lat="-7.75089104" lon="112.64689922"></trkpt>
  <trkpt lat="-7.75115540" lon="112.64692873"></trkpt>
  <trkpt lat="-7.75129102" lon="112.64690056"></trkpt>
  <trkpt lat="-7.75136671" lon="112.64685228"></trkpt>
  <trkpt lat="-7.75145573" lon="112.64682270"></trkpt>
  <trkpt lat="-7.75152362" lon="112.64681339"></trkpt>
  <trkpt lat="-7.75159269" lon="112.64682278"></trkpt>
  <trkpt lat="-7.75164180" lon="112.64684290"></trkpt>
  <trkpt lat="-7.75176669" lon="112.64687911"></trkpt>
  <trkpt lat="-7.75190894" lon="112.64689118"></trkpt>
  <trkpt lat="-7.75197800" lon="112.64690048"></trkpt>
  <trkpt lat="-7.75205243" lon="112.64690056"></trkpt>
  <trkpt lat="-7.75227573" lon="112.64687500"></trkpt>
  <trkpt lat="-7.75250422" lon="112.64685363"></trkpt>
  <trkpt lat="-7.75274947" lon="112.64685379"></trkpt>
 </trkseg>
</trk>
<trk>
 <name>4 007</name>
 <trkseg>
  <trkpt lat="-7.69823953" lon="112.63028093"></trkpt>
  <trkpt lat="-7.69852568" lon="112.63012201"></trkpt>
  <trkpt lat="-7.69883137" lon="112.62988874"></trkpt>
  <trkpt lat="-7.69887387" lon="112.62983099"></trkpt>
  <trkpt lat="-7.69890312" lon="112.62975588"></trkpt>
  <trkpt lat="-7.69891636" lon="112.62962580"></trkpt>
  <trkpt lat="-7.69894302" lon="112.62943796"></trkpt>
  <trkpt lat="-7.69896146" lon="112.62935892"></trkpt>
  <trkpt lat="-7.69898820" lon="112.62929052"></trkpt>
  <trkpt lat="-7.69905198" lon="112.62925297"></trkpt>
  <trkpt lat="-7.69912373" lon="112.62924761"></trkpt>
  <trkpt lat="-7.69921669" lon="112.62924761"></trkpt>
  <trkpt lat="-7.69934158" lon="112.62926102"></trkpt>
  <trkpt lat="-7.69944526" lon="112.62927711"></trkpt>
  <trkpt lat="-7.69957426" lon="112.62926244"></trkpt>
  <trkpt lat="-7.69962212" lon="112.62923822"></trkpt>
  <trkpt lat="-7.69966068" lon="112.62916169"></trkpt>
  <trkpt lat="-7.69968716" lon="112.62895516"></trkpt>
  <trkpt lat="-7.69967132" lon="112.62882382"></trkpt>
  <trkpt lat="-7.69969647" lon="112.62872047"></trkpt>
  <trkpt lat="-7.69976830" lon="112.62867227"></trkpt>
  <trkpt lat="-7.69992647" lon="112.62862399"></trkpt>
  <trkpt lat="-7.70032251" lon="112.62846172"></trkpt>
  <trkpt lat="-7.70082752" lon="112.62822300"></trkpt>
  <trkpt lat="-7.70131392" lon="112.62782067"></trkpt>
 </trkseg>
</trk>
<trk>
 <name>ARJUNO - MAKUTARAMA</name>
 <trkseg>
  <trkpt lat="-7.76556649" lon="112.59345554">
   <ele>3267.18</ele>
  </trkpt>
  <trkpt lat="-7.76558535" lon="112.59338169">
   <ele>3269.1</ele>
  </trkpt>
  <trkpt lat="-7.76558636" lon="112.59330668">
   <ele>3270.06</ele>
  </trkpt>
  <trkpt lat="-7.76557135" lon="112.59327298">
   <ele>3272.46</ele>
  </trkpt>
  <trkpt lat="-7.76557404" lon="112.59326284">
   <ele>3274.39</ele>
  </trkpt>
  <trkpt lat="-7.76554193" lon="112.59321548">
   <ele>3275.35</ele>
  </trkpt>
  <trkpt lat="-7.76552517" lon="112.59319184">
   <ele>3278.23</ele>
  </trkpt>
  <trkpt lat="-7.76551276" lon="112.59314784">
   <ele>3279.67</ele>
  </trkpt>
  <trkpt lat="-7.76554906" lon="112.59317089">
   <ele>3279.19</ele>
  </trkpt>
  <trkpt lat="-7.76554881" lon="112.59316603">
   <ele>3278.23</ele>
  </trkpt>
  <trkpt lat="-7.76550882" lon="112.59318455">
   <ele>3278.71</ele>
  </trkpt>
  <trkpt lat="-7.76552634" lon="112.59318153">
   <ele>3278.23</ele>
  </trkpt>
  <trkpt lat="-7.76552727" lon="112.59315295">
   <ele>3278.23</ele>
  </trkpt>
  <trkpt lat="-7.76549768" lon="112.59312244">
   <ele>3279.67</ele>
  </trkpt>
  <trkpt lat="-7.76551151" lon="112.59306846">
   <ele>3281.6</ele>
  </trkpt>
  <trkpt lat="-7.76551536" lon="112.59301457">
   <ele>3283.52</ele>
  </trkpt>
  <trkpt lat="-7.76549726" lon="112.59299898">
   <ele>3284</ele>
  </trkpt>
  <trkpt lat="-7.76547270" lon="112.59295858">
   <ele>3286.4</ele>
  </trkpt>
  <trkpt lat="-7.76545241" lon="112.59292153">
   <ele>3287.85</ele>
  </trkpt>
  <trkpt lat="-7.76544085" lon="112.59284383">
   <ele>3291.21</ele>
  </trkpt>
  <trkpt lat="-7.76542685" lon="112.59276437">
   <ele>3294.09</ele>
  </trkpt>
  <trkpt lat="-7.76541553" lon="112.59270242">
   <ele>3296.02</ele>
  </trkpt>
  <trkpt lat="-7.76539676" lon="112.59270385">
   <ele>3298.42</ele>
  </trkpt>
  <trkpt lat="-7.76536038" lon="112.59267862">
   <ele>3301.79</ele>
  </trkpt>
  <trkpt lat="-7.76536935" lon="112.59261232">
   <ele>3303.23</ele>
  </trkpt>
  <trkpt lat="-7.76538787" lon="112.59255976">
   <ele>3303.71</ele>
  </trkpt>
  <trkpt lat="-7.76535460" lon="112.59252297">
   <ele>3306.59</ele>
  </trkpt>
  <trkpt lat="-7.76534085" lon="112.59248156">
   <ele>3309.48</ele>
  </trkpt>
  <trkpt lat="-7.76532660" lon="112.59244418">
   <ele>3311.88</ele>
  </trkpt>
  <trkpt lat="-7.76529492" lon="112.59240302">
   <ele>3315.24</ele>
  </trkpt>
  <trkpt lat="-7.76526701" lon="112.59237184">
   <ele>3316.69</ele>
  </trkpt>
  <trkpt lat="-7.76522174" lon="112.59233513">
   <ele>3319.57</ele>
  </trkpt>
  <trkpt lat="-7.76521387" lon="112.59228341">
   <ele>3321.01</ele>
  </trkpt>
  <trkpt lat="-7.76516852" lon="112.59219415">
   <ele>3324.38</ele>
  </trkpt>
  <trkpt lat="-7.76513357" lon="112.59211066">
   <ele>3326.3</ele>
  </trkpt>
  <trkpt lat="-7.76508059" lon="112.59207252">
   <ele>3328.22</ele>
  </trkpt>
  <trkpt lat="-7.76502259" lon="112.59203564">
   <ele>3331.11</ele>
  </trkpt>
 </trkseg>
</trk>
<trk>
 <name>Track 040</name>
 <trkseg>
  <trkpt lat="-7.80872902" lon="112.65405200">
   <ele>854.749</ele>
  </trkpt>
  <trkpt lat="-7.80866926" lon="112.65406801">
   <ele>851.865</ele>
  </trkpt>
  <trkpt lat="-7.80869231" lon="112.65404002">
   <ele>854.269</ele>
  </trkpt>
  <trkpt lat="-7.80866247" lon="112.65407698">
   <ele>851.865</ele>
  </trkpt>
  <trkpt lat="-7.80863740" lon="112.65406701">
   <ele>854.269</ele>
  </trkpt>
  <trkpt lat="-7.80866020" lon="112.65402200">
   <ele>853.788</ele>
  </trkpt>
  <trkpt lat="-7.80854629" lon="112.65392100">
   <ele>857.153</ele>
  </trkpt>
  <trkpt lat="-7.80826751" lon="112.65338103">
   <ele>864.363</ele>
  </trkpt>
  <trkpt lat="-7.80777281" lon="112.65305397">
   <ele>873.014</ele>
  </trkpt>
  <trkpt lat="-7.80749621" lon="112.65274803">
   <ele>878.302</ele>
  </trkpt>
  <trkpt lat="-7.80737090" lon="112.65255399">
   <ele>880.224</ele>
  </trkpt>
  <trkpt lat="-7.80714300" lon="112.65219298">
   <ele>885.511</ele>
  </trkpt>
  <trkpt lat="-7.80705306" lon="112.65195896">
   <ele>888.876</ele>
  </trkpt>
  <trkpt lat="-7.80695750" lon="112.65184899">
   <ele>890.799</ele>
  </trkpt>
  <trkpt lat="-7.80699941" lon="112.65163098">
   <ele>894.164</ele>
  </trkpt>
  <trkpt lat="-7.80710754" lon="112.65143199">
   <ele>897.047</ele>
  </trkpt>
  <trkpt lat="-7.80688609" lon="112.65171798">
   <ele>891.76</ele>
  </trkpt>
  <trkpt lat="-7.80682406" lon="112.65172703">
   <ele>891.76</ele>
  </trkpt>
  <trkpt lat="-7.80680411" lon="112.65170398">
   <ele>890.799</ele>
  </trkpt>
  <trkpt lat="-7.80685332" lon="112.65169602">
   <ele>890.318</ele>
  </trkpt>
  <trkpt lat="-7.80682733" lon="112.65169300">
   <ele>888.396</ele>
  </trkpt>
  <trkpt lat="-7.80681786" lon="112.65168403">
   <ele>893.202</ele>
  </trkpt>
  <trkpt lat="-7.80661762" lon="112.65125102">
   <ele>895.125</ele>
  </trkpt>
  <trkpt lat="-7.80658660" lon="112.65116603">
   <ele>898.009</ele>
  </trkpt>
  <trkpt lat="-7.80658174" lon="112.65116896">
   <ele>888.876</ele>
  </trkpt>
  <trkpt lat="-7.80658275" lon="112.65116896">
   <ele>908.103</ele>
  </trkpt>
  <trkpt lat="-7.80657864" lon="112.65115103">
   <ele>897.047</ele>
  </trkpt>
  <trkpt lat="-7.80625376" lon="112.65050202">
   <ele>906.66</ele>
  </trkpt>
  <trkpt lat="-7.80620020" lon="112.65048500">
   <ele>910.025</ele>
  </trkpt>
  <trkpt lat="-7.80610657" lon="112.65028803">
   <ele>912.428</ele>
  </trkpt>
  <trkpt lat="-7.80581136" lon="112.64955897">
   <ele>925.887</ele>
  </trkpt>
  <trkpt lat="-7.80565781" lon="112.64879999">
   <ele>935.981</ele>
  </trkpt>
  <trkpt lat="-7.80545790" lon="112.64834904">
   <ele>940.787</ele>
  </trkpt>
  <trkpt lat="-7.80543887" lon="112.64840386">
   <ele>0</ele>
  </trkpt>
  <trkpt lat="-7.80543166" lon="112.64828509">
   <ele>0</ele>
  </trkpt>
  <trkpt lat="-7.80542462" lon="112.64808342">
   <ele>0</ele>
  </trkpt>
  <trkpt lat="-7.80537819" lon="112.64791050">
   <ele>0</ele>
  </trkpt>
  <trkpt lat="-7.80508918" lon="112.64739904">
   <ele>0</ele>
  </trkpt>
  <trkpt lat="-7.80450043" lon="112.64645540">
   <ele>0</ele>
  </trkpt>
  <trkpt lat="-7.80410791" lon="112.64581067">
   <ele>0</ele>
  </trkpt>
  <trkpt lat="-7.80377246" lon="112.64520558">
   <ele>0</ele>
  </trkpt>
  <trkpt lat="-7.80371178" lon="112.64489586">
   <ele>0</ele>
  </trkpt>
  <trkpt lat="-7.80371538" lon="112.64470501">
   <ele>0</ele>
  </trkpt>
  <trkpt lat="-7.80377246" lon="112.64453930">
   <ele>0</ele>
  </trkpt>
  <trkpt lat="-7.80383667" lon="112.64430519">
   <ele>0</ele>
  </trkpt>
  <trkpt lat="-7.80383307" lon="112.64407109">
   <ele>0</ele>
  </trkpt>
  <trkpt lat="-7.80377598" lon="112.64382256">
   <ele>0</ele>
  </trkpt>
  <trkpt lat="-7.80365470" lon="112.64354160">
   <ele>0</ele>
  </trkpt>
  <trkpt lat="-7.80354766" lon="112.64332552">
   <ele>0</ele>
  </trkpt>
  <trkpt lat="-7.80347273" lon="112.64328226">
   <ele>0</ele>
  </trkpt>
  <trkpt lat="-7.80339419" lon="112.64328587">
   <ele>0</ele>
  </trkpt>
  <trkpt lat="-7.80333711" lon="112.64339039">
   <ele>0</ele>
  </trkpt>
  <trkpt lat="-7.80332638" lon="112.64355250">
   <ele>0</ele>
  </trkpt>
  <trkpt lat="-7.80328003" lon="112.64366054">
   <ele>0</ele>
  </trkpt>
  <trkpt lat="-7.80318732" lon="112.64371812">
   <ele>0</ele>
  </trkpt>
  <trkpt lat="-7.80306243" lon="112.64374687">
   <ele>0</ele>
  </trkpt>
  <trkpt lat="-7.80292681" lon="112.64372894">
   <ele>0</ele>
  </trkpt>
  <trkpt lat="-7.80280947" lon="112.64367730">
   <ele>0</ele>
  </trkpt>
  <trkpt lat="-7.80258819" lon="112.64334220">
   <ele>0</ele>
  </trkpt>
  <trkpt lat="-7.80215367" lon="112.64267609">
   <ele>0</ele>
  </trkpt>
  <trkpt lat="-7.80177657" lon="112.64202238">
   <ele>0</ele>
  </trkpt>
  <trkpt lat="-7.80175201" lon="112.64191903">
   <ele>0</ele>
  </trkpt>
  <trkpt lat="-7.80175201" lon="112.64179900">
   <ele>0</ele>
  </trkpt>
  <trkpt lat="-7.80176844" lon="112.64160463">
   <ele>0</ele>
  </trkpt>
  <trkpt lat="-7.80172736" lon="112.64134387">
   <ele>0</ele>
  </trkpt>
  <trkpt lat="-7.80172334" lon="112.64114119">
   <ele>0</ele>
  </trkpt>
  <trkpt lat="-7.80169048" lon="112.64096333">
   <ele>0</ele>
  </trkpt>
  <trkpt lat="-7.80170280" lon="112.64087230">
   <ele>0</ele>
  </trkpt>
  <trkpt lat="-7.80176022" lon="112.64075227">
   <ele>0</ele>
  </trkpt>
  <trkpt lat="-7.80181353" lon="112.64064892">
   <ele>0</ele>
  </trkpt>
  <trkpt lat="-7.80178889" lon="112.64058270">
   <ele>0</ele>
  </trkpt>
  <trkpt lat="-7.80171923" lon="112.64059092">
   <ele>0</ele>
  </trkpt>
  <trkpt lat="-7.80166182" lon="112.64065714">
   <ele>0</ele>
  </trkpt>
  <trkpt lat="-7.80159216" lon="112.64075638">
   <ele>0</ele>
  </trkpt>
  <trkpt lat="-7.80151019" lon="112.64085570">
   <ele>0</ele>
  </trkpt>
  <trkpt lat="-7.80142000" lon="112.64089711">
   <ele>0</ele>
  </trkpt>
  <trkpt lat="-7.80130517" lon="112.64089300">
   <ele>0</ele>
  </trkpt>
  <trkpt lat="-7.80119461" lon="112.64090122">
   <ele>0</ele>
  </trkpt>
  <trkpt lat="-7.80110853" lon="112.64092192">
   <ele>0</ele>
  </trkpt>
  <trkpt lat="-7.80096503" lon="112.64098403">
   <ele>0</ele>
  </trkpt>
  <trkpt lat="-7.80085841" lon="112.64099644">
   <ele>0</ele>
  </trkpt>
  <trkpt lat="-7.80070678" lon="112.64093852">
   <ele>0</ele>
  </trkpt>
  <trkpt lat="-7.80061249" lon="112.64085570">
   <ele>0</ele>
  </trkpt>
  <trkpt lat="-7.80057561" lon="112.64076057">
   <ele>0</ele>
  </trkpt>
  <trkpt lat="-7.80060427" lon="112.64064892">
   <ele>0</ele>
  </trkpt>
  <trkpt lat="-7.80065758" lon="112.64050400">
   <ele>0</ele>
  </trkpt>
  <trkpt lat="-7.80071910" lon="112.64035916">
   <ele>0</ele>
  </trkpt>
  <trkpt lat="-7.80065347" lon="112.64023100">
   <ele>0</ele>
  </trkpt>
  <trkpt lat="-7.80049363" lon="112.63998692">
   <ele>0</ele>
  </trkpt>
  <trkpt lat="-7.80030512" lon="112.63966011">
   <ele>0</ele>
  </trkpt>
  <trkpt lat="-7.80001821" lon="112.63921319">
   <ele>0</ele>
  </trkpt>
  <trkpt lat="-7.79987060" lon="112.63895670">
   <ele>0</ele>
  </trkpt>
  <trkpt lat="-7.79983683" lon="112.63889853">
   <ele>0</ele>
  </trkpt>
  <trkpt lat="-7.79963465" lon="112.63854397">
   <ele>1072.007</ele>
  </trkpt>
  <trkpt lat="-7.79977974" lon="112.63785297">
   <ele>1082.582</ele>
  </trkpt>
  <trkpt lat="-7.79975586" lon="112.63768701">
   <ele>1086.427</ele>
  </trkpt>
  <trkpt lat="-7.79973809" lon="112.63701897">
   <ele>1096.04</ele>
  </trkpt>
  <trkpt lat="-7.79964228" lon="112.63630098">
   <ele>1108.057</ele>
  </trkpt>
  <trkpt lat="-7.79976156" lon="112.63590099">
   <ele>1116.228</ele>
  </trkpt>
  <trkpt lat="-7.79971990" lon="112.63539297">
   <ele>1123.918</ele>
  </trkpt>
  <trkpt lat="-7.79965150" lon="112.63527696">
   <ele>1125.841</ele>
  </trkpt>
  <trkpt lat="-7.79964572" lon="112.63527696">
   <ele>1122.957</ele>
  </trkpt>
  <trkpt lat="-7.79964538" lon="112.63527604">
   <ele>1126.322</ele>
  </trkpt>
  <trkpt lat="-7.79957313" lon="112.63515903">
   <ele>1130.648</ele>
  </trkpt>
  <trkpt lat="-7.79949862" lon="112.63510102">
   <ele>1131.128</ele>
  </trkpt>
  <trkpt lat="-7.79950373" lon="112.63509097">
   <ele>1133.532</ele>
  </trkpt>
  <trkpt lat="-7.79950339" lon="112.63508996">
   <ele>1128.725</ele>
  </trkpt>
  <trkpt lat="-7.79945486" lon="112.63495099">
   <ele>1132.09</ele>
  </trkpt>
  <trkpt lat="-7.79868926" lon="112.63372203">
   <ele>1162.852</ele>
  </trkpt>
  <trkpt lat="-7.79866621" lon="112.63358901">
   <ele>1165.736</ele>
  </trkpt>
  <trkpt lat="-7.79817495" lon="112.63286004">
   <ele>1178.714</ele>
  </trkpt>
  <trkpt lat="-7.79813681" lon="112.63279399">
   <ele>1180.636</ele>
  </trkpt>
  <trkpt lat="-7.79814251" lon="112.63278100">
   <ele>1177.752</ele>
  </trkpt>
  <trkpt lat="-7.79787445" lon="112.63230599">
   <ele>1189.288</ele>
  </trkpt>
  <trkpt lat="-7.79780011" lon="112.63211204">
   <ele>1192.172</ele>
  </trkpt>
  <trkpt lat="-7.79778955" lon="112.63176796">
   <ele>1197.94</ele>
  </trkpt>
  <trkpt lat="-7.79785048" lon="112.63136999">
   <ele>1204.669</ele>
  </trkpt>
  <trkpt lat="-7.79766910" lon="112.63090697">
   <ele>1211.398</ele>
  </trkpt>
  <trkpt lat="-7.79767270" lon="112.63083103">
   <ele>1212.84</ele>
  </trkpt>
  <trkpt lat="-7.79736509" lon="112.63014497">
   <ele>1228.222</ele>
  </trkpt>
  <trkpt lat="-7.79737221" lon="112.63010600">
   <ele>1226.78</ele>
  </trkpt>
  <trkpt lat="-7.79734522" lon="112.63010398">
   <ele>1230.144</ele>
  </trkpt>
  <trkpt lat="-7.79732234" lon="112.63000097">
   <ele>1231.586</ele>
  </trkpt>
  <trkpt lat="-7.79732334" lon="112.62950996">
   <ele>1239.757</ele>
  </trkpt>
  <trkpt lat="-7.79724590" lon="112.62900604">
   <ele>1250.332</ele>
  </trkpt>
  <trkpt lat="-7.79723693" lon="112.62839399">
   <ele>1263.79</ele>
  </trkpt>
  <trkpt lat="-7.79722016" lon="112.62829199">
   <ele>1265.713</ele>
  </trkpt>
  <trkpt lat="-7.79721052" lon="112.62833498">
   <ele>1265.713</ele>
  </trkpt>
  <trkpt lat="-7.79721555" lon="112.62828201">
   <ele>1264.271</ele>
  </trkpt>
  <trkpt lat="-7.79708362" lon="112.62794204">
   <ele>1272.442</ele>
  </trkpt>
  <trkpt lat="-7.79709636" lon="112.62765203">
   <ele>1279.171</ele>
  </trkpt>
  <trkpt lat="-7.79701774" lon="112.62745203">
   <ele>1283.978</ele>
  </trkpt>
  <trkpt lat="-7.79703744" lon="112.62739898">
   <ele>1284.459</ele>
  </trkpt>
  <trkpt lat="-7.79694884" lon="112.62681903">
   <ele>1296.956</ele>
  </trkpt>
  <trkpt lat="-7.79696435" lon="112.62639700">
   <ele>1305.127</ele>
  </trkpt>
  <trkpt lat="-7.79699561" lon="112.62633297">
   <ele>1306.088</ele>
  </trkpt>
  <trkpt lat="-7.79696267" lon="112.62629097">
   <ele>1307.53</ele>
  </trkpt>
  <trkpt lat="-7.79695798" lon="112.62607296">
   <ele>1311.376</ele>
  </trkpt>
  <trkpt lat="-7.79680585" lon="112.62574598">
   <ele>1320.508</ele>
  </trkpt>
  <trkpt lat="-7.79665028" lon="112.62565797">
   <ele>1322.911</ele>
  </trkpt>
  <trkpt lat="-7.79655833" lon="112.62550198">
   <ele>1325.315</ele>
  </trkpt>
  <trkpt lat="-7.79651323" lon="112.62489002">
   <ele>1340.215</ele>
  </trkpt>
  <trkpt lat="-7.79654458" lon="112.62480796">
   <ele>1341.657</ele>
  </trkpt>
  <trkpt lat="-7.79649152" lon="112.62462700">
   <ele>1346.464</ele>
  </trkpt>
  <trkpt lat="-7.79629841" lon="112.62432500">
   <ele>1353.673</ele>
  </trkpt>
  <trkpt lat="-7.79631140" lon="112.62431804">
   <ele>1358.48</ele>
  </trkpt>
  <trkpt lat="-7.79631165" lon="112.62431603">
   <ele>1354.635</ele>
  </trkpt>
  <trkpt lat="-7.79627234" lon="112.62426197">
   <ele>1355.596</ele>
  </trkpt>
  <trkpt lat="-7.79620436" lon="112.62389098">
   <ele>1365.69</ele>
  </trkpt>
  <trkpt lat="-7.79620905" lon="112.62389299">
   <ele>1360.884</ele>
  </trkpt>
  <trkpt lat="-7.79620805" lon="112.62388998">
   <ele>1363.767</ele>
  </trkpt>
  <trkpt lat="-7.79616605" lon="112.62374799">
   <ele>1365.69</ele>
  </trkpt>
  <trkpt lat="-7.79607385" lon="112.62361002">
   <ele>1369.535</ele>
  </trkpt>
  <trkpt lat="-7.79607109" lon="112.62349703">
   <ele>1371.938</ele>
  </trkpt>
  <trkpt lat="-7.79601317" lon="112.62336602">
   <ele>1376.265</ele>
  </trkpt>
  <trkpt lat="-7.79573112" lon="112.62303201">
   <ele>1385.397</ele>
  </trkpt>
  <trkpt lat="-7.79566532" lon="112.62288499">
   <ele>1387.8</ele>
  </trkpt>
  <trkpt lat="-7.79511664" lon="112.62231200">
   <ele>1404.624</ele>
  </trkpt>
  <trkpt lat="-7.79497842" lon="112.62172703">
   <ele>1415.679</ele>
  </trkpt>
  <trkpt lat="-7.79489611" lon="112.62167104">
   <ele>1418.082</ele>
  </trkpt>
  <trkpt lat="-7.79489678" lon="112.62171898">
   <ele>1417.601</ele>
  </trkpt>
  <trkpt lat="-7.79469721" lon="112.62155402">
   <ele>1425.292</ele>
  </trkpt>
  <trkpt lat="-7.79466092" lon="112.62144296">
   <ele>1428.656</ele>
  </trkpt>
  <trkpt lat="-7.79448389" lon="112.62129603">
   <ele>1433.944</ele>
  </trkpt>
  <trkpt lat="-7.79436361" lon="112.62111699">
   <ele>1439.231</ele>
  </trkpt>
  <trkpt lat="-7.79424140" lon="112.62098900">
   <ele>1443.557</ele>
  </trkpt>
  <trkpt lat="-7.79392675" lon="112.62055901">
   <ele>1457.015</ele>
  </trkpt>
  <trkpt lat="-7.79389070" lon="112.62043303">
   <ele>1458.938</ele>
  </trkpt>
  <trkpt lat="-7.79376338" lon="112.62022600">
   <ele>1464.706</ele>
  </trkpt>
  <trkpt lat="-7.79340120" lon="112.61974303">
   <ele>1478.645</ele>
  </trkpt>
  <trkpt lat="-7.79340145" lon="112.61974202">
   <ele>1482.01</ele>
  </trkpt>
  <trkpt lat="-7.79340631" lon="112.61974202">
   <ele>1476.722</ele>
  </trkpt>
  <trkpt lat="-7.79277700" lon="112.61895304">
   <ele>1507.004</ele>
  </trkpt>
  <trkpt lat="-7.79277826" lon="112.61895304">
   <ele>1505.562</ele>
  </trkpt>
  <trkpt lat="-7.79277851" lon="112.61895304">
   <ele>1506.042</ele>
  </trkpt>
  <trkpt lat="-7.79253761" lon="112.61863302">
   <ele>1519.501</ele>
  </trkpt>
  <trkpt lat="-7.79245614" lon="112.61857702">
   <ele>1522.866</ele>
  </trkpt>
  <trkpt lat="-7.79236863" lon="112.61846102">
   <ele>1525.269</ele>
  </trkpt>
  <trkpt lat="-7.79232832" lon="112.61835800">
   <ele>1528.634</ele>
  </trkpt>
  <trkpt lat="-7.79232195" lon="112.61828902">
   <ele>1529.595</ele>
  </trkpt>
  <trkpt lat="-7.79235204" lon="112.61830796">
   <ele>1529.114</ele>
  </trkpt>
  <trkpt lat="-7.79230812" lon="112.61831903">
   <ele>1532.479</ele>
  </trkpt>
  <trkpt lat="-7.79229596" lon="112.61828802">
   <ele>1525.269</ele>
  </trkpt>
  <trkpt lat="-7.79240727" lon="112.61839204">
   <ele>1525.269</ele>
  </trkpt>
  <trkpt lat="-7.79237710" lon="112.61840000">
   <ele>1523.827</ele>
  </trkpt>
  <trkpt lat="-7.79225397" lon="112.61831802">
   <ele>1526.23</ele>
  </trkpt>
  <trkpt lat="-7.79212925" lon="112.61807604">
   <ele>1533.44</ele>
  </trkpt>
  <trkpt lat="-7.79189070" lon="112.61782198">
   <ele>1544.976</ele>
  </trkpt>
  <trkpt lat="-7.79184183" lon="112.61780497">
   <ele>1548.34</ele>
  </trkpt>
  <trkpt lat="-7.79183605" lon="112.61780103">
   <ele>1545.457</ele>
  </trkpt>
  <trkpt lat="-7.79183244" lon="112.61780103">
   <ele>1548.821</ele>
  </trkpt>
  <trkpt lat="-7.79176061" lon="112.61771796">
   <ele>1551.225</ele>
  </trkpt>
  <trkpt lat="-7.79165433" lon="112.61768997">
   <ele>1558.434</ele>
  </trkpt>
  <trkpt lat="-7.79165701" lon="112.61768301">
   <ele>1556.031</ele>
  </trkpt>
  <trkpt lat="-7.79161611" lon="112.61757103">
   <ele>1562.76</ele>
  </trkpt>
  <trkpt lat="-7.79157780" lon="112.61753700">
   <ele>1562.76</ele>
  </trkpt>
  <trkpt lat="-7.79148183" lon="112.61733198">
   <ele>1569.97</ele>
  </trkpt>
  <trkpt lat="-7.79154327" lon="112.61698999">
   <ele>1579.103</ele>
  </trkpt>
  <trkpt lat="-7.79148962" lon="112.61683099">
   <ele>1582.948</ele>
  </trkpt>
  <trkpt lat="-7.79143967" lon="112.61679604">
   <ele>1585.832</ele>
  </trkpt>
  <trkpt lat="-7.79141192" lon="112.61663804">
   <ele>1588.235</ele>
  </trkpt>
  <trkpt lat="-7.79129181" lon="112.61646403">
   <ele>1595.445</ele>
  </trkpt>
  <trkpt lat="-7.79116231" lon="112.61636102">
   <ele>1599.771</ele>
  </trkpt>
  <trkpt lat="-7.79073399" lon="112.61570496">
   <ele>1618.036</ele>
  </trkpt>
  <trkpt lat="-7.79065370" lon="112.61559801">
   <ele>1622.362</ele>
  </trkpt>
  <trkpt lat="-7.79061355" lon="112.61557496">
   <ele>1625.726</ele>
  </trkpt>
  <trkpt lat="-7.79054255" lon="112.61547698">
   <ele>1627.169</ele>
  </trkpt>
  <trkpt lat="-7.79038304" lon="112.61535997">
   <ele>1633.898</ele>
  </trkpt>
  <trkpt lat="-7.79029923" lon="112.61516701">
   <ele>1638.224</ele>
  </trkpt>
  <trkpt lat="-7.79021717" lon="112.61509099">
   <ele>1642.069</ele>
  </trkpt>
  <trkpt lat="-7.79021314" lon="112.61488203">
   <ele>1645.434</ele>
  </trkpt>
  <trkpt lat="-7.79014265" lon="112.61485797">
   <ele>1648.798</ele>
  </trkpt>
  <trkpt lat="-7.79007987" lon="112.61477298">
   <ele>1648.318</ele>
  </trkpt>
  <trkpt lat="-7.79015958" lon="112.61461699">
   <ele>1650.24</ele>
  </trkpt>
  <trkpt lat="-7.79015874" lon="112.61449303">
   <ele>1652.644</ele>
  </trkpt>
  <trkpt lat="-7.79023686" lon="112.61444097">
   <ele>1655.527</ele>
  </trkpt>
  <trkpt lat="-7.79017568" lon="112.61428197">
   <ele>1664.179</ele>
  </trkpt>
  <trkpt lat="-7.79019370" lon="112.61420997">
   <ele>1668.025</ele>
  </trkpt>
  <trkpt lat="-7.79008247" lon="112.61414601">
   <ele>1673.312</ele>
  </trkpt>
  <trkpt lat="-7.79008406" lon="112.61414501">
   <ele>1675.715</ele>
  </trkpt>
  <trkpt lat="-7.79008440" lon="112.61414601">
   <ele>1671.389</ele>
  </trkpt>
  <trkpt lat="-7.78999697" lon="112.61411500">
   <ele>1678.119</ele>
  </trkpt>
  <trkpt lat="-7.78980687" lon="112.61396304">
   <ele>1688.693</ele>
  </trkpt>
  <trkpt lat="-7.78963362" lon="112.61386598">
   <ele>1693.5</ele>
  </trkpt>
  <trkpt lat="-7.78949850" lon="112.61368903">
   <ele>1702.632</ele>
  </trkpt>
  <trkpt lat="-7.78931687" lon="112.61363899">
   <ele>1710.803</ele>
  </trkpt>
  <trkpt lat="-7.78914621" lon="112.61363296">
   <ele>1717.532</ele>
  </trkpt>
  <trkpt lat="-7.78909818" lon="112.61361301">
   <ele>1720.417</ele>
  </trkpt>
  <trkpt lat="-7.78911117" lon="112.61360496">
   <ele>1718.494</ele>
  </trkpt>
  <trkpt lat="-7.78881110" lon="112.61353699">
   <ele>1729.068</ele>
  </trkpt>
  <trkpt lat="-7.78877255" lon="112.61348703">
   <ele>1732.913</ele>
  </trkpt>
  <trkpt lat="-7.78866207" lon="112.61339801">
   <ele>1735.798</ele>
  </trkpt>
  <trkpt lat="-7.78867389" lon="112.61339500">
   <ele>1737.72</ele>
  </trkpt>
  <trkpt lat="-7.78855110" lon="112.61332802">
   <ele>1742.046</ele>
  </trkpt>
  <trkpt lat="-7.78843149" lon="112.61317497">
   <ele>1750.698</ele>
  </trkpt>
  <trkpt lat="-7.78842076" lon="112.61311797">
   <ele>1751.179</ele>
  </trkpt>
  <trkpt lat="-7.78843978" lon="112.61313801">
   <ele>1751.179</ele>
  </trkpt>
  <trkpt lat="-7.78843978" lon="112.61313901">
   <ele>1754.543</ele>
  </trkpt>
  <trkpt lat="-7.78842486" lon="112.61313801">
   <ele>1753.101</ele>
  </trkpt>
  <trkpt lat="-7.78837290" lon="112.61304002">
   <ele>1758.389</ele>
  </trkpt>
  <trkpt lat="-7.78831204" lon="112.61271497">
   <ele>1768.963</ele>
  </trkpt>
  <trkpt lat="-7.78816997" lon="112.61248003">
   <ele>1773.289</ele>
  </trkpt>
  <trkpt lat="-7.78788993" lon="112.61229102">
   <ele>1779.057</ele>
  </trkpt>
  <trkpt lat="-7.78767670" lon="112.61224500">
   <ele>1787.709</ele>
  </trkpt>
  <trkpt lat="-7.78763462" lon="112.61222497">
   <ele>1787.228</ele>
  </trkpt>
  <trkpt lat="-7.78760671" lon="112.61219001">
   <ele>1791.554</ele>
  </trkpt>
  <trkpt lat="-7.78745793" lon="112.61213000">
   <ele>1798.764</ele>
  </trkpt>
  <trkpt lat="-7.78719432" lon="112.61196203">
   <ele>1808.858</ele>
  </trkpt>
  <trkpt lat="-7.78711276" lon="112.61193302">
   <ele>1811.261</ele>
  </trkpt>
  <trkpt lat="-7.78699659" lon="112.61198298">
   <ele>1814.145</ele>
  </trkpt>
  <trkpt lat="-7.78701654" lon="112.61192699">
   <ele>1814.145</ele>
  </trkpt>
  <trkpt lat="-7.78684412" lon="112.61192498">
   <ele>1816.548</ele>
  </trkpt>
  <trkpt lat="-7.78667011" lon="112.61184602">
   <ele>1819.432</ele>
  </trkpt>
  <trkpt lat="-7.78645336" lon="112.61182599">
   <ele>1825.2</ele>
  </trkpt>
  <trkpt lat="-7.78636015" lon="112.61179397">
   <ele>1825.2</ele>
  </trkpt>
  <trkpt lat="-7.78635923" lon="112.61179397">
   <ele>1827.604</ele>
  </trkpt>
  <trkpt lat="-7.78617290" lon="112.61183999">
   <ele>1834.333</ele>
  </trkpt>
  <trkpt lat="-7.78617390" lon="112.61183797">
   <ele>1839.62</ele>
  </trkpt>
  <trkpt lat="-7.78617315" lon="112.61183797">
   <ele>1835.294</ele>
  </trkpt>
  <trkpt lat="-7.78613392" lon="112.61192397">
   <ele>1840.101</ele>
  </trkpt>
  <trkpt lat="-7.78591977" lon="112.61199304">
   <ele>1847.791</ele>
  </trkpt>
  <trkpt lat="-7.78590074" lon="112.61196898">
   <ele>1849.714</ele>
  </trkpt>
  <trkpt lat="-7.78590602" lon="112.61197703">
   <ele>1845.869</ele>
  </trkpt>
  <trkpt lat="-7.78590652" lon="112.61197703">
   <ele>1850.675</ele>
  </trkpt>
  <trkpt lat="-7.78591935" lon="112.61198197">
   <ele>1845.869</ele>
  </trkpt>
  <trkpt lat="-7.78593368" lon="112.61198600">
   <ele>1849.714</ele>
  </trkpt>
  <trkpt lat="-7.78584030" lon="112.61196404">
   <ele>1854.04</ele>
  </trkpt>
  <trkpt lat="-7.78572187" lon="112.61199103">
   <ele>1860.769</ele>
  </trkpt>
  <trkpt lat="-7.78561668" lon="112.61192900">
   <ele>1867.979</ele>
  </trkpt>
  <trkpt lat="-7.78555674" lon="112.61193403">
   <ele>1871.344</ele>
  </trkpt>
  <trkpt lat="-7.78548701" lon="112.61182196">
   <ele>1877.111</ele>
  </trkpt>
  <trkpt lat="-7.78543135" lon="112.61182004">
   <ele>1880.476</ele>
  </trkpt>
  <trkpt lat="-7.78540310" lon="112.61171702">
   <ele>1886.725</ele>
  </trkpt>
  <trkpt lat="-7.78532205" lon="112.61166497">
   <ele>1893.454</ele>
  </trkpt>
  <trkpt lat="-7.78524519" lon="112.61168098">
   <ele>1899.222</ele>
  </trkpt>
  <trkpt lat="-7.78515777" lon="112.61156397">
   <ele>1905.951</ele>
  </trkpt>
  <trkpt lat="-7.78491000" lon="112.61135300">
   <ele>1916.045</ele>
  </trkpt>
  <trkpt lat="-7.78475300" lon="112.61136699">
   <ele>1921.813</ele>
  </trkpt>
  <trkpt lat="-7.78471889" lon="112.61136197">
   <ele>1919.89</ele>
  </trkpt>
  <trkpt lat="-7.78471696" lon="112.61136297">
   <ele>1929.503</ele>
  </trkpt>
  <trkpt lat="-7.78470741" lon="112.61135199">
   <ele>1923.255</ele>
  </trkpt>
  <trkpt lat="-7.78459291" lon="112.61128301">
   <ele>1930.464</ele>
  </trkpt>
  <trkpt lat="-7.78460372" lon="112.61126298">
   <ele>1927.58</ele>
  </trkpt>
  <trkpt lat="-7.78443994" lon="112.61120497">
   <ele>1940.558</ele>
  </trkpt>
  <trkpt lat="-7.78443533" lon="112.61115703">
   <ele>1940.078</ele>
  </trkpt>
  <trkpt lat="-7.78443617" lon="112.61115703">
   <ele>1943.442</ele>
  </trkpt>
  <trkpt lat="-7.78436576" lon="112.61114697">
   <ele>1944.884</ele>
  </trkpt>
  <trkpt lat="-7.78434137" lon="112.61109299">
   <ele>1949.691</ele>
  </trkpt>
  <trkpt lat="-7.78418521" lon="112.61107002">
   <ele>1957.862</ele>
  </trkpt>
  <trkpt lat="-7.78418873" lon="112.61106801">
   <ele>1949.21</ele>
  </trkpt>
  <trkpt lat="-7.78416610" lon="112.61105502">
   <ele>1957.381</ele>
  </trkpt>
  <trkpt lat="-7.78417859" lon="112.61105200">
   <ele>1959.304</ele>
  </trkpt>
  <trkpt lat="-7.78407784" lon="112.61108402">
   <ele>1964.592</ele>
  </trkpt>
  <trkpt lat="-7.78394264" lon="112.61100397">
   <ele>1970.84</ele>
  </trkpt>
  <trkpt lat="-7.78387282" lon="112.61102099">
   <ele>1974.685</ele>
  </trkpt>
  <trkpt lat="-7.78385094" lon="112.61100599">
   <ele>1970.359</ele>
  </trkpt>
  <trkpt lat="-7.78385136" lon="112.61100397">
   <ele>1979.492</ele>
  </trkpt>
  <trkpt lat="-7.78374500" lon="112.61105200">
   <ele>1982.376</ele>
  </trkpt>
  <trkpt lat="-7.78351114" lon="112.61101403">
   <ele>1991.508</ele>
  </trkpt>
  <trkpt lat="-7.78343227" lon="112.61098604">
   <ele>1992.95</ele>
  </trkpt>
  <trkpt lat="-7.78336639" lon="112.61103700">
   <ele>1995.834</ele>
  </trkpt>
  <trkpt lat="-7.78318307" lon="112.61104697">
   <ele>2002.083</ele>
  </trkpt>
  <trkpt lat="-7.78307704" lon="112.61113498">
   <ele>2006.889</ele>
  </trkpt>
  <trkpt lat="-7.78270405" lon="112.61122601">
   <ele>2018.906</ele>
  </trkpt>
  <trkpt lat="-7.78262828" lon="112.61121302">
   <ele>2022.271</ele>
  </trkpt>
  <trkpt lat="-7.78252736" lon="112.61131201">
   <ele>2027.077</ele>
  </trkpt>
  <trkpt lat="-7.78239165" lon="112.61131796">
   <ele>2031.403</ele>
  </trkpt>
  <trkpt lat="-7.78241806" lon="112.61138099">
   <ele>2033.326</ele>
  </trkpt>
  <trkpt lat="-7.78236919" lon="112.61143397">
   <ele>2039.094</ele>
  </trkpt>
  <trkpt lat="-7.78227196" lon="112.61140496">
   <ele>2038.613</ele>
  </trkpt>
  <trkpt lat="-7.78228202" lon="112.61150597">
   <ele>2042.458</ele>
  </trkpt>
  <trkpt lat="-7.78224824" lon="112.61153597">
   <ele>2046.784</ele>
  </trkpt>
  <trkpt lat="-7.78224899" lon="112.61153899">
   <ele>2043.419</ele>
  </trkpt>
  <trkpt lat="-7.78192101" lon="112.61143598">
   <ele>2057.359</ele>
  </trkpt>
  <trkpt lat="-7.78178908" lon="112.61140103">
   <ele>2066.01</ele>
  </trkpt>
  <trkpt lat="-7.78175513" lon="112.61137404">
   <ele>2066.01</ele>
  </trkpt>
  <trkpt lat="-7.78169411" lon="112.61141896">
   <ele>2070.817</ele>
  </trkpt>
  <trkpt lat="-7.78167006" lon="112.61139901">
   <ele>2072.259</ele>
  </trkpt>
  <trkpt lat="-7.78167073" lon="112.61139600">
   <ele>2068.895</ele>
  </trkpt>
  <trkpt lat="-7.78162479" lon="112.61139298">
   <ele>2073.701</ele>
  </trkpt>
  <trkpt lat="-7.78157366" lon="112.61133699">
   <ele>2077.066</ele>
  </trkpt>
  <trkpt lat="-7.78158791" lon="112.61121000">
   <ele>2078.988</ele>
  </trkpt>
  <trkpt lat="-7.78157216" lon="112.61121302">
   <ele>2075.624</ele>
  </trkpt>
  <trkpt lat="-7.78156579" lon="112.61120698">
   <ele>2082.353</ele>
  </trkpt>
  <trkpt lat="-7.78154450" lon="112.61120900">
   <ele>2079.469</ele>
  </trkpt>
  <trkpt lat="-7.78157241" lon="112.61119600">
   <ele>2080.43</ele>
  </trkpt>
  <trkpt lat="-7.78156654" lon="112.61120204">
   <ele>2076.104</ele>
  </trkpt>
  <trkpt lat="-7.78156403" lon="112.61120296">
   <ele>2081.872</ele>
  </trkpt>
  <trkpt lat="-7.78155807" lon="112.61122903">
   <ele>2075.624</ele>
  </trkpt>
  <trkpt lat="-7.78145716" lon="112.61116499">
   <ele>2081.392</ele>
  </trkpt>
  <trkpt lat="-7.78135708" lon="112.61105301">
   <ele>2087.64</ele>
  </trkpt>
  <trkpt lat="-7.78108676" lon="112.61086903">
   <ele>2098.215</ele>
  </trkpt>
  <trkpt lat="-7.78089414" lon="112.61068697">
   <ele>2109.75</ele>
  </trkpt>
  <trkpt lat="-7.78085299" lon="112.61055001">
   <ele>2117.441</ele>
  </trkpt>
  <trkpt lat="-7.78085190" lon="112.61055797">
   <ele>2113.115</ele>
  </trkpt>
  <trkpt lat="-7.78084888" lon="112.61055898">
   <ele>2116.96</ele>
  </trkpt>
  <trkpt lat="-7.78075978" lon="112.61047399">
   <ele>2122.248</ele>
  </trkpt>
  <trkpt lat="-7.78069197" lon="112.61016604">
   <ele>2130.419</ele>
  </trkpt>
  <trkpt lat="-7.78053741" lon="112.60998197">
   <ele>2138.109</ele>
  </trkpt>
  <trkpt lat="-7.78029257" lon="112.60979204">
   <ele>2149.645</ele>
  </trkpt>
  <trkpt lat="-7.78015134" lon="112.60963303">
   <ele>2154.452</ele>
  </trkpt>
  <trkpt lat="-7.77991120" lon="112.60946003">
   <ele>2162.142</ele>
  </trkpt>
  <trkpt lat="-7.77974448" lon="112.60937696">
   <ele>2168.391</ele>
  </trkpt>
  <trkpt lat="-7.77961012" lon="112.60937696">
   <ele>2171.755</ele>
  </trkpt>
  <trkpt lat="-7.77955731" lon="112.60931603">
   <ele>2174.64</ele>
  </trkpt>
  <trkpt lat="-7.77954927" lon="112.60920103">
   <ele>2176.082</ele>
  </trkpt>
  <trkpt lat="-7.77949604" lon="112.60916700">
   <ele>2179.446</ele>
  </trkpt>
  <trkpt lat="-7.77947316" lon="112.60907697">
   <ele>2183.772</ele>
  </trkpt>
  <trkpt lat="-7.77950518" lon="112.60896600">
   <ele>2186.656</ele>
  </trkpt>
  <trkpt lat="-7.77943418" lon="112.60871999">
   <ele>2196.75</ele>
  </trkpt>
  <trkpt lat="-7.77931684" lon="112.60857800">
   <ele>2202.998</ele>
  </trkpt>
  <trkpt lat="-7.77929840" lon="112.60846401">
   <ele>2204.921</ele>
  </trkpt>
  <trkpt lat="-7.77923729" lon="112.60834498">
   <ele>2209.728</ele>
  </trkpt>
  <trkpt lat="-7.77917175" lon="112.60817299">
   <ele>2211.17</ele>
  </trkpt>
  <trkpt lat="-7.77896798" lon="112.60801801">
   <ele>2219.821</ele>
  </trkpt>
  <trkpt lat="-7.77891635" lon="112.60789898">
   <ele>2222.706</ele>
  </trkpt>
  <trkpt lat="-7.77877755" lon="112.60786998">
   <ele>2227.993</ele>
  </trkpt>
  <trkpt lat="-7.77862256" lon="112.60771902">
   <ele>2234.241</ele>
  </trkpt>
  <trkpt lat="-7.77852575" lon="112.60770796">
   <ele>2237.125</ele>
  </trkpt>
  <trkpt lat="-7.77852609" lon="112.60765800">
   <ele>2230.877</ele>
  </trkpt>
  <trkpt lat="-7.77834571" lon="112.60758399">
   <ele>2235.202</ele>
  </trkpt>
  <trkpt lat="-7.77820154" lon="112.60744996">
   <ele>2240.009</ele>
  </trkpt>
  <trkpt lat="-7.77798939" lon="112.60718702">
   <ele>2250.103</ele>
  </trkpt>
  <trkpt lat="-7.77789904" lon="112.60715400">
   <ele>2252.026</ele>
  </trkpt>
  <trkpt lat="-7.77791983" lon="112.60718099">
   <ele>2252.506</ele>
  </trkpt>
  <trkpt lat="-7.77768471" lon="112.60699198">
   <ele>2263.081</ele>
  </trkpt>
  <trkpt lat="-7.77758488" lon="112.60700799">
   <ele>2265.003</ele>
  </trkpt>
  <trkpt lat="-7.77751540" lon="112.60693104">
   <ele>2271.252</ele>
  </trkpt>
  <trkpt lat="-7.77749863" lon="112.60695501">
   <ele>2268.368</ele>
  </trkpt>
  <trkpt lat="-7.77746678" lon="112.60690698">
   <ele>2271.733</ele>
  </trkpt>
  <trkpt lat="-7.77725623" lon="112.60683901">
   <ele>2278.942</ele>
  </trkpt>
  <trkpt lat="-7.77724274" lon="112.60680900">
   <ele>2280.865</ele>
  </trkpt>
  <trkpt lat="-7.77690360" lon="112.60665997">
   <ele>2296.727</ele>
  </trkpt>
  <trkpt lat="-7.77680889" lon="112.60657003">
   <ele>2302.495</ele>
  </trkpt>
  <trkpt lat="-7.77680520" lon="112.60649200">
   <ele>2306.34</ele>
  </trkpt>
  <trkpt lat="-7.77667201" lon="112.60643500">
   <ele>2311.627</ele>
  </trkpt>
  <trkpt lat="-7.77653639" lon="112.60619100">
   <ele>2326.047</ele>
  </trkpt>
  <trkpt lat="-7.77625526" lon="112.60604197">
   <ele>2336.141</ele>
  </trkpt>
  <trkpt lat="-7.77619785" lon="112.60594298">
   <ele>2342.39</ele>
  </trkpt>
  <trkpt lat="-7.77601923" lon="112.60582597">
   <ele>2349.119</ele>
  </trkpt>
  <trkpt lat="-7.77594203" lon="112.60570502">
   <ele>2355.367</ele>
  </trkpt>
  <trkpt lat="-7.77548186" lon="112.60534703">
   <ele>2375.555</ele>
  </trkpt>
  <trkpt lat="-7.77539151" lon="112.60526497">
   <ele>2377.478</ele>
  </trkpt>
  <trkpt lat="-7.77532395" lon="112.60520797">
   <ele>2381.804</ele>
  </trkpt>
  <trkpt lat="-7.77518607" lon="112.60499901">
   <ele>2389.494</ele>
  </trkpt>
  <trkpt lat="-7.77507115" lon="112.60490497">
   <ele>2394.301</ele>
  </trkpt>
  <trkpt lat="-7.77482808" lon="112.60471998">
   <ele>2399.107</ele>
  </trkpt>
  <trkpt lat="-7.77455323" lon="112.60446098">
   <ele>2408.72</ele>
  </trkpt>
  <trkpt lat="-7.77456790" lon="112.60442401">
   <ele>2410.643</ele>
  </trkpt>
  <trkpt lat="-7.77429826" lon="112.60424699">
   <ele>2417.853</ele>
  </trkpt>
  <trkpt lat="-7.77421620" lon="112.60411103">
   <ele>2420.737</ele>
  </trkpt>
  <trkpt lat="-7.77416348" lon="112.60408203">
   <ele>2422.179</ele>
  </trkpt>
  <trkpt lat="-7.77390992" lon="112.60373502">
   <ele>2436.118</ele>
  </trkpt>
  <trkpt lat="-7.77371588" lon="112.60358599">
   <ele>2446.693</ele>
  </trkpt>
  <trkpt lat="-7.77369258" lon="112.60345699">
   <ele>2450.538</ele>
  </trkpt>
  <trkpt lat="-7.77365193" lon="112.60344299">
   <ele>2451.98</ele>
  </trkpt>
  <trkpt lat="-7.77361731" lon="112.60334400">
   <ele>2453.422</ele>
  </trkpt>
  <trkpt lat="-7.77355721" lon="112.60327997">
   <ele>2457.748</ele>
  </trkpt>
  <trkpt lat="-7.77361790" lon="112.60304301">
   <ele>2466.88</ele>
  </trkpt>
  <trkpt lat="-7.77372963" lon="112.60292700">
   <ele>2474.571</ele>
  </trkpt>
  <trkpt lat="-7.77373030" lon="112.60275098">
   <ele>2481.3</ele>
  </trkpt>
  <trkpt lat="-7.77366651" lon="112.60247103">
   <ele>2488.51</ele>
  </trkpt>
  <trkpt lat="-7.77361480" lon="112.60243398">
   <ele>2490.913</ele>
  </trkpt>
  <trkpt lat="-7.77349519" lon="112.60209502">
   <ele>2498.123</ele>
  </trkpt>
  <trkpt lat="-7.77349393" lon="112.60198597">
   <ele>2501.488</ele>
  </trkpt>
  <trkpt lat="-7.77332394" lon="112.60184599">
   <ele>2509.659</ele>
  </trkpt>
  <trkpt lat="-7.77327642" lon="112.60182596">
   <ele>2510.62</ele>
  </trkpt>
  <trkpt lat="-7.77322412" lon="112.60185001">
   <ele>2512.062</ele>
  </trkpt>
  <trkpt lat="-7.77316913" lon="112.60178899">
   <ele>2512.543</ele>
  </trkpt>
  <trkpt lat="-7.77310409" lon="112.60181297">
   <ele>2514.466</ele>
  </trkpt>
  <trkpt lat="-7.77286571" lon="112.60176402">
   <ele>2519.753</ele>
  </trkpt>
  <trkpt lat="-7.77278013" lon="112.60179503">
   <ele>2520.714</ele>
  </trkpt>
  <trkpt lat="-7.77252423" lon="112.60174901">
   <ele>2527.924</ele>
  </trkpt>
  <trkpt lat="-7.77244016" lon="112.60175698">
   <ele>2530.808</ele>
  </trkpt>
  <trkpt lat="-7.77239364" lon="112.60181397">
   <ele>2534.653</ele>
  </trkpt>
  <trkpt lat="-7.77218937" lon="112.60181498">
   <ele>2542.344</ele>
  </trkpt>
  <trkpt lat="-7.77215123" lon="112.60187097">
   <ele>2546.67</ele>
  </trkpt>
  <trkpt lat="-7.77215157" lon="112.60187097">
   <ele>2547.631</ele>
  </trkpt>
  <trkpt lat="-7.77214712" lon="112.60186996">
   <ele>2545.228</ele>
  </trkpt>
  <trkpt lat="-7.77211594" lon="112.60192201">
   <ele>2548.112</ele>
  </trkpt>
  <trkpt lat="-7.77197085" lon="112.60189997">
   <ele>2553.88</ele>
  </trkpt>
  <trkpt lat="-7.77179006" lon="112.60187700">
   <ele>2556.283</ele>
  </trkpt>
  <trkpt lat="-7.77162468" lon="112.60195797">
   <ele>2565.896</ele>
  </trkpt>
  <trkpt lat="-7.77142108" lon="112.60200801">
   <ele>2571.183</ele>
  </trkpt>
  <trkpt lat="-7.77132913" lon="112.60205898">
   <ele>2572.145</ele>
  </trkpt>
  <trkpt lat="-7.77110366" lon="112.60208596">
   <ele>2575.509</ele>
  </trkpt>
  <trkpt lat="-7.77102781" lon="112.60206803">
   <ele>2575.509</ele>
  </trkpt>
  <trkpt lat="-7.77091800" lon="112.60210801">
   <ele>2576.951</ele>
  </trkpt>
  <trkpt lat="-7.77069043" lon="112.60208203">
   <ele>2579.835</ele>
  </trkpt>
  <trkpt lat="-7.77043596" lon="112.60191799">
   <ele>2582.719</ele>
  </trkpt>
  <trkpt lat="-7.77036270" lon="112.60166402">
   <ele>2586.084</ele>
  </trkpt>
  <trkpt lat="-7.77011141" lon="112.60152496">
   <ele>2592.813</ele>
  </trkpt>
  <trkpt lat="-7.76990882" lon="112.60157400">
   <ele>2595.697</ele>
  </trkpt>
  <trkpt lat="-7.76987362" lon="112.60152798">
   <ele>2598.581</ele>
  </trkpt>
  <trkpt lat="-7.76986096" lon="112.60138398">
   <ele>2600.984</ele>
  </trkpt>
  <trkpt lat="-7.76974303" lon="112.60130201">
   <ele>2603.868</ele>
  </trkpt>
  <trkpt lat="-7.76962669" lon="112.60116102">
   <ele>2609.636</ele>
  </trkpt>
  <trkpt lat="-7.76954303" lon="112.60096103">
   <ele>2615.885</ele>
  </trkpt>
  <trkpt lat="-7.76952862" lon="112.60076397">
   <ele>2625.498</ele>
  </trkpt>
  <trkpt lat="-7.76942401" lon="112.60062500">
   <ele>2631.747</ele>
  </trkpt>
  <trkpt lat="-7.76910801" lon="112.60051101">
   <ele>2638.476</ele>
  </trkpt>
  <trkpt lat="-7.76893518" lon="112.60049097">
   <ele>2643.282</ele>
  </trkpt>
  <trkpt lat="-7.76879034" lon="112.60052601">
   <ele>2649.531</ele>
  </trkpt>
  <trkpt lat="-7.76874131" lon="112.60047002">
   <ele>2652.415</ele>
  </trkpt>
  <trkpt lat="-7.76874323" lon="112.60046398">
   <ele>2649.05</ele>
  </trkpt>
  <trkpt lat="-7.76869445" lon="112.60035099">
   <ele>2654.818</ele>
  </trkpt>
  <trkpt lat="-7.76845615" lon="112.60016198">
   <ele>2665.873</ele>
  </trkpt>
  <trkpt lat="-7.76837988" lon="112.59985202">
   <ele>2677.89</ele>
  </trkpt>
  <trkpt lat="-7.76830452" lon="112.59974699">
   <ele>2681.735</ele>
  </trkpt>
  <trkpt lat="-7.76834451" lon="112.59966502">
   <ele>2685.1</ele>
  </trkpt>
  <trkpt lat="-7.76835959" lon="112.59938498">
   <ele>2698.077</ele>
  </trkpt>
  <trkpt lat="-7.76828969" lon="112.59917099">
   <ele>2705.768</ele>
  </trkpt>
  <trkpt lat="-7.76816513" lon="112.59898097">
   <ele>2713.458</ele>
  </trkpt>
  <trkpt lat="-7.76812616" lon="112.59882004">
   <ele>2720.188</ele>
  </trkpt>
  <trkpt lat="-7.76813119" lon="112.59861804">
   <ele>2730.281</ele>
  </trkpt>
  <trkpt lat="-7.76797134" lon="112.59835099">
   <ele>2745.663</ele>
  </trkpt>
  <trkpt lat="-7.76799968" lon="112.59827999">
   <ele>2749.027</ele>
  </trkpt>
  <trkpt lat="-7.76795659" lon="112.59815200">
   <ele>2756.718</ele>
  </trkpt>
  <trkpt lat="-7.76776708" lon="112.59788596">
   <ele>2770.176</ele>
  </trkpt>
  <trkpt lat="-7.76777412" lon="112.59777297">
   <ele>2775.464</ele>
  </trkpt>
  <trkpt lat="-7.76765803" lon="112.59761900">
   <ele>2786.038</ele>
  </trkpt>
  <trkpt lat="-7.76759089" lon="112.59759704">
   <ele>2788.922</ele>
  </trkpt>
  <trkpt lat="-7.76761637" lon="112.59745597">
   <ele>2796.612</ele>
  </trkpt>
  <trkpt lat="-7.76763154" lon="112.59744197">
   <ele>2795.17</ele>
  </trkpt>
  <trkpt lat="-7.76758192" lon="112.59738003">
   <ele>2799.977</ele>
  </trkpt>
  <trkpt lat="-7.76739350" lon="112.59727299">
   <ele>2809.11</ele>
  </trkpt>
  <trkpt lat="-7.76729928" lon="112.59704601">
   <ele>2825.933</ele>
  </trkpt>
  <trkpt lat="-7.76729015" lon="112.59699396">
   <ele>2824.971</ele>
  </trkpt>
  <trkpt lat="-7.76729451" lon="112.59700603">
   <ele>2826.894</ele>
  </trkpt>
  <trkpt lat="-7.76730213" lon="112.59695197">
   <ele>2827.855</ele>
  </trkpt>
  <trkpt lat="-7.76718680" lon="112.59684904">
   <ele>2838.43</ele>
  </trkpt>
  <trkpt lat="-7.76719979" lon="112.59680503">
   <ele>2842.275</ele>
  </trkpt>
  <trkpt lat="-7.76703106" lon="112.59662499">
   <ele>2852.85</ele>
  </trkpt>
  <trkpt lat="-7.76697096" lon="112.59640496">
   <ele>2870.154</ele>
  </trkpt>
  <trkpt lat="-7.76692361" lon="112.59642701">
   <ele>2870.634</ele>
  </trkpt>
  <trkpt lat="-7.76689226" lon="112.59635702">
   <ele>2881.689</ele>
  </trkpt>
  <trkpt lat="-7.76681431" lon="112.59629700">
   <ele>2885.054</ele>
  </trkpt>
  <trkpt lat="-7.76658942" lon="112.59626197">
   <ele>2893.706</ele>
  </trkpt>
  <trkpt lat="-7.76650996" lon="112.59601898">
   <ele>2909.567</ele>
  </trkpt>
  <trkpt lat="-7.76642153" lon="112.59589601">
   <ele>2919.181</ele>
  </trkpt>
  <trkpt lat="-7.76639412" lon="112.59586701">
   <ele>2918.219</ele>
  </trkpt>
  <trkpt lat="-7.76637300" lon="112.59587497">
   <ele>2922.064</ele>
  </trkpt>
  <trkpt lat="-7.76627040" lon="112.59568797">
   <ele>2935.042</ele>
  </trkpt>
  <trkpt lat="-7.76622246" lon="112.59544599">
   <ele>2948.501</ele>
  </trkpt>
  <trkpt lat="-7.76612146" lon="112.59516201">
   <ele>2963.401</ele>
  </trkpt>
  <trkpt lat="-7.76611685" lon="112.59515899">
   <ele>2966.766</ele>
  </trkpt>
  <trkpt lat="-7.76602934" lon="112.59500703">
   <ele>2974.937</ele>
  </trkpt>
  <trkpt lat="-7.76601274" lon="112.59500703">
   <ele>2977.821</ele>
  </trkpt>
  <trkpt lat="-7.76597796" lon="112.59484601">
   <ele>2987.915</ele>
  </trkpt>
  <trkpt lat="-7.76598534" lon="112.59473202">
   <ele>2991.279</ele>
  </trkpt>
  <trkpt lat="-7.76596690" lon="112.59441401">
   <ele>3006.661</ele>
  </trkpt>
  <trkpt lat="-7.76602540" lon="112.59416800">
   <ele>3018.677</ele>
  </trkpt>
  <trkpt lat="-7.76599967" lon="112.59413598">
   <ele>3019.158</ele>
  </trkpt>
  <trkpt lat="-7.76585123" lon="112.59384999">
   <ele>3041.749</ele>
  </trkpt>
  <trkpt lat="-7.76569046" lon="112.59375502">
   <ele>3052.804</ele>
  </trkpt>
  <trkpt lat="-7.76570044" lon="112.59371102">
   <ele>3055.207</ele>
  </trkpt>
  <trkpt lat="-7.76555006" lon="112.59357800">
   <ele>3070.588</ele>
  </trkpt>
  <trkpt lat="-7.76554160" lon="112.59335102">
   <ele>3081.643</ele>
  </trkpt>
  <trkpt lat="-7.76551377" lon="112.59331296">
   <ele>3081.163</ele>
  </trkpt>
  <trkpt lat="-7.76550874" lon="112.59329896">
   <ele>3084.527</ele>
  </trkpt>
  <trkpt lat="-7.76548879" lon="112.59325404">
   <ele>3085.489</ele>
  </trkpt>
  <trkpt lat="-7.76543255" lon="112.59318799">
   <ele>3092.699</ele>
  </trkpt>
  <trkpt lat="-7.76532744" lon="112.59319503">
   <ele>3105.676</ele>
  </trkpt>
  <trkpt lat="-7.76526491" lon="112.59310501">
   <ele>3118.654</ele>
  </trkpt>
  <trkpt lat="-7.76523775" lon="112.59311196">
   <ele>3122.019</ele>
  </trkpt>
  <trkpt lat="-7.76522049" lon="112.59316804">
   <ele>3121.057</ele>
  </trkpt>
  <trkpt lat="-7.76519056" lon="112.59318396">
   <ele>3125.384</ele>
  </trkpt>
  <trkpt lat="-7.76519165" lon="112.59318204">
   <ele>3122.499</ele>
  </trkpt>
  <trkpt lat="-7.76508696" lon="112.59306503">
   <ele>3132.593</ele>
  </trkpt>
  <trkpt lat="-7.76506517" lon="112.59299403">
   <ele>3135.477</ele>
  </trkpt>
  <trkpt lat="-7.76505318" lon="112.59297199">
   <ele>3139.803</ele>
  </trkpt>
  <trkpt lat="-7.76494120" lon="112.59289001">
   <ele>3147.974</ele>
  </trkpt>
  <trkpt lat="-7.76489083" lon="112.59277903">
   <ele>3156.626</ele>
  </trkpt>
  <trkpt lat="-7.76488018" lon="112.59277401">
   <ele>3161.433</ele>
  </trkpt>
  <trkpt lat="-7.76487515" lon="112.59277401">
   <ele>3158.068</ele>
  </trkpt>
  <trkpt lat="-7.76484892" lon="112.59277401">
   <ele>3161.914</ele>
  </trkpt>
  <trkpt lat="-7.76476594" lon="112.59266504">
   <ele>3163.836</ele>
  </trkpt>
  <trkpt lat="-7.76476342" lon="112.59266596">
   <ele>3340.238</ele>
  </trkpt>
  <trkpt lat="-7.76473040" lon="112.59265364">
   <ele>3350.81</ele>
  </trkpt>
  <trkpt lat="-7.76471824" lon="112.59260913">
   <ele>3350.33</ele>
  </trkpt>
  <trkpt lat="-7.76471145" lon="112.59261886">
   <ele>3350.33</ele>
  </trkpt>
  <trkpt lat="-7.76467935" lon="112.59259472">
   <ele>3350.33</ele>
  </trkpt>
  <trkpt lat="-7.76465387" lon="112.59256496">
   <ele>3349.85</ele>
  </trkpt>
  <trkpt lat="-7.76465588" lon="112.59253194">
   <ele>3348.89</ele>
  </trkpt>
  <trkpt lat="-7.76465002" lon="112.59248374">
   <ele>3346.97</ele>
  </trkpt>
  <trkpt lat="-7.76469042" lon="112.59244678">
   <ele>3344.08</ele>
  </trkpt>
  <trkpt lat="-7.76469159" lon="112.59244611">
   <ele>3342.64</ele>
  </trkpt>
  <trkpt lat="-7.76471858" lon="112.59242507">
   <ele>3342.64</ele>
  </trkpt>
  <trkpt lat="-7.76473559" lon="112.59238173">
   <ele>3341.2</ele>
  </trkpt>
  <trkpt lat="-7.76475663" lon="112.59232130">
   <ele>3339.76</ele>
  </trkpt>
  <trkpt lat="-7.76476954" lon="112.59228266">
   <ele>3338.32</ele>
  </trkpt>
  <trkpt lat="-7.76480852" lon="112.59223103">
   <ele>3336.87</ele>
  </trkpt>
  <trkpt lat="-7.76483878" lon="112.59216540">
   <ele>3335.91</ele>
  </trkpt>
  <trkpt lat="-7.76486099" lon="112.59215752">
   <ele>3335.43</ele>
  </trkpt>
  <trkpt lat="-7.76489628" lon="112.59210379">
   <ele>3333.99</ele>
  </trkpt>
  <trkpt lat="-7.76493039" lon="112.59205325">
   <ele>3333.51</ele>
  </trkpt>
  <trkpt lat="-7.76499284" lon="112.59202760">
   <ele>3332.55</ele>
  </trkpt>
  <trkpt lat="-7.76501044" lon="112.59202089">
   <ele>3332.07</ele>
  </trkpt>
  <trkpt lat="-7.76500080" lon="112.59203690">
   <ele>3332.07</ele>
  </trkpt>
  <trkpt lat="-7.76501664" lon="112.59203221">
   <ele>3332.07</ele>
  </trkpt>
  <trkpt lat="-7.76500214" lon="112.59202081">
   <ele>3332.07</ele>
  </trkpt>
  <trkpt lat="-7.76500247" lon="112.59199784">
   <ele>3332.07</ele>
  </trkpt>
  <trkpt lat="-7.76505184" lon="112.59194269">
   <ele>3331.11</ele>
  </trkpt>
  <trkpt lat="-7.76511379" lon="112.59185904">
   <ele>3330.14</ele>
  </trkpt>
  <trkpt lat="-7.76516668" lon="112.59174068">
   <ele>3329.18</ele>
  </trkpt>
  <trkpt lat="-7.76527095" lon="112.59166935">
   <ele>3329.66</ele>
  </trkpt>
  <trkpt lat="-7.76533046" lon="112.59158654">
   <ele>3331.59</ele>
  </trkpt>
  <trkpt lat="-7.76533180" lon="112.59157984">
   <ele>3331.59</ele>
  </trkpt>
  <trkpt lat="-7.76535485" lon="112.59147682">
   <ele>3333.99</ele>
  </trkpt>
  <trkpt lat="-7.76541210" lon="112.59139309">
   <ele>3334.95</ele>
  </trkpt>
  <trkpt lat="-7.76542182" lon="112.59136383">
   <ele>3334.95</ele>
  </trkpt>
  <trkpt lat="-7.76541897" lon="112.59136006">
   <ele>3334.95</ele>
  </trkpt>
  <trkpt lat="-7.76540841" lon="112.59131321">
   <ele>3333.03</ele>
  </trkpt>
  <trkpt lat="-7.76538435" lon="112.59126568">
   <ele>3330.14</ele>
  </trkpt>
  <trkpt lat="-7.76535426" lon="112.59121195">
   <ele>3327.74</ele>
  </trkpt>
  <trkpt lat="-7.76537312" lon="112.59119553">
   <ele>3327.74</ele>
  </trkpt>
  <trkpt lat="-7.76535468" lon="112.59115881">
   <ele>3326.3</ele>
  </trkpt>
  <trkpt lat="-7.76536675" lon="112.59114691">
   <ele>3326.78</ele>
  </trkpt>
  <trkpt lat="-7.76539701" lon="112.59107181">
   <ele>3326.3</ele>
  </trkpt>
  <trkpt lat="-7.76540070" lon="112.59102453">
   <ele>3328.22</ele>
  </trkpt>
  <trkpt lat="-7.76541780" lon="112.59100140">
   <ele>3329.18</ele>
  </trkpt>
  <trkpt lat="-7.76541185" lon="112.59096242">
   <ele>3330.14</ele>
  </trkpt>
  <trkpt lat="-7.76544026" lon="112.59095186">
   <ele>3333.51</ele>
  </trkpt>
  <trkpt lat="-7.76544672" lon="112.59091993">
   <ele>3334.95</ele>
  </trkpt>
  <trkpt lat="-7.76542048" lon="112.59089101">
   <ele>3336.39</ele>
  </trkpt>
  <trkpt lat="-7.76538209" lon="112.59086436">
   <ele>3338.8</ele>
  </trkpt>
  <trkpt lat="-7.76539852" lon="112.59083452">
   <ele>3340.24</ele>
  </trkpt>
  <trkpt lat="-7.76540740" lon="112.59082136">
   <ele>3340.72</ele>
  </trkpt>
  <trkpt lat="-7.76539517" lon="112.59079018">
   <ele>3342.16</ele>
  </trkpt>
  <trkpt lat="-7.76547228" lon="112.59072555">
   <ele>3343.12</ele>
  </trkpt>
  <trkpt lat="-7.76544118" lon="112.59066319">
   <ele>3346.49</ele>
  </trkpt>
  <trkpt lat="-7.76543875" lon="112.59061810">
   <ele>3347.93</ele>
  </trkpt>
  <trkpt lat="-7.76542962" lon="112.59056512">
   <ele>3350.33</ele>
  </trkpt>
  <trkpt lat="-7.76540849" lon="112.59046102">
   <ele>3350.81</ele>
  </trkpt>
 </trkseg>
</trk>
<trk>
 <name>Track 041</name>
 <trkseg>
  <trkpt lat="-7.74624000" lon="112.57910002">
   <ele>2906.16</ele>
  </trkpt>
  <trkpt lat="-7.74626004" lon="112.57911997">
   <ele>2905.91</ele>
  </trkpt>
  <trkpt lat="-7.74627998" lon="112.57913003">
   <ele>2905.96</ele>
  </trkpt>
  <trkpt lat="-7.74630999" lon="112.57910999">
   <ele>2906.89</ele>
  </trkpt>
  <trkpt lat="-7.74633002" lon="112.57908996">
   <ele>2907.61</ele>
  </trkpt>
  <trkpt lat="-7.74630002" lon="112.57907999">
   <ele>2907.46</ele>
  </trkpt>
  <trkpt lat="-7.74627001" lon="112.57907999">
   <ele>2907.09</ele>
  </trkpt>
  <trkpt lat="-7.74598997" lon="112.57927998">
   <ele>2901.07</ele>
  </trkpt>
  <trkpt lat="-7.74595996" lon="112.57927001">
   <ele>2901.77</ele>
  </trkpt>
  <trkpt lat="-7.74593004" lon="112.57927001">
   <ele>2902.25</ele>
  </trkpt>
  <trkpt lat="-7.74590003" lon="112.57927001">
   <ele>2902.72</ele>
  </trkpt>
  <trkpt lat="-7.74588000" lon="112.57927001">
   <ele>2903.03</ele>
  </trkpt>
  <trkpt lat="-7.74584002" lon="112.57927001">
   <ele>2903.66</ele>
  </trkpt>
  <trkpt lat="-7.74581999" lon="112.57926003">
   <ele>2904.53</ele>
  </trkpt>
  <trkpt lat="-7.74578998" lon="112.57924000">
   <ele>2906.14</ele>
  </trkpt>
  <trkpt lat="-7.74575997" lon="112.57924000">
   <ele>2907.33</ele>
  </trkpt>
  <trkpt lat="-7.74574002" lon="112.57924997">
   <ele>2907.96</ele>
  </trkpt>
  <trkpt lat="-7.74571002" lon="112.57926003">
   <ele>2909.02</ele>
  </trkpt>
  <trkpt lat="-7.74568001" lon="112.57926003">
   <ele>2910.25</ele>
  </trkpt>
  <trkpt lat="-7.74565000" lon="112.57924997">
   <ele>2911.59</ele>
  </trkpt>
  <trkpt lat="-7.74561999" lon="112.57923002">
   <ele>2913.01</ele>
  </trkpt>
  <trkpt lat="-7.74559996" lon="112.57923002">
   <ele>2913.8</ele>
  </trkpt>
  <trkpt lat="-7.74557004" lon="112.57921997">
   <ele>2915.06</ele>
  </trkpt>
  <trkpt lat="-7.74554003" lon="112.57920999">
   <ele>2916.94</ele>
  </trkpt>
  <trkpt lat="-7.74551002" lon="112.57920999">
   <ele>2919.36</ele>
  </trkpt>
  <trkpt lat="-7.74548002" lon="112.57920999">
   <ele>2921.77</ele>
  </trkpt>
  <trkpt lat="-7.74545001" lon="112.57920999">
   <ele>2924.19</ele>
  </trkpt>
  <trkpt lat="-7.74542998" lon="112.57921997">
   <ele>2925.66</ele>
  </trkpt>
  <trkpt lat="-7.74542998" lon="112.57926003">
   <ele>2925.12</ele>
  </trkpt>
  <trkpt lat="-7.74542998" lon="112.57929004">
   <ele>2924.71</ele>
  </trkpt>
  <trkpt lat="-7.74542000" lon="112.57926003">
   <ele>2925.9</ele>
  </trkpt>
  <trkpt lat="-7.74539997" lon="112.57924000">
   <ele>2927.76</ele>
  </trkpt>
  <trkpt lat="-7.74536996" lon="112.57923002">
   <ele>2930.3</ele>
  </trkpt>
  <trkpt lat="-7.74534004" lon="112.57921997">
   <ele>2932.87</ele>
  </trkpt>
  <trkpt lat="-7.74531003" lon="112.57921997">
   <ele>2935.27</ele>
  </trkpt>
  <trkpt lat="-7.74529000" lon="112.57924997">
   <ele>2936.24</ele>
  </trkpt>
  <trkpt lat="-7.74526997" lon="112.57927001">
   <ele>2936.96</ele>
  </trkpt>
  <trkpt lat="-7.74525002" lon="112.57927998">
   <ele>2937.25</ele>
  </trkpt>
  <trkpt lat="-7.74522001" lon="112.57927998">
   <ele>2938.01</ele>
  </trkpt>
  <trkpt lat="-7.74519998" lon="112.57926003">
   <ele>2938.94</ele>
  </trkpt>
  <trkpt lat="-7.74518003" lon="112.57924000">
   <ele>2939.88</ele>
  </trkpt>
  <trkpt lat="-7.74515999" lon="112.57921997">
   <ele>2940.82</ele>
  </trkpt>
  <trkpt lat="-7.74513996" lon="112.57920002">
   <ele>2941.75</ele>
  </trkpt>
  <trkpt lat="-7.74511004" lon="112.57919004">
   <ele>2942.72</ele>
  </trkpt>
  <trkpt lat="-7.74509001" lon="112.57920999">
   <ele>2942.8</ele>
  </trkpt>
  <trkpt lat="-7.74506000" lon="112.57920002">
   <ele>2943.77</ele>
  </trkpt>
  <trkpt lat="-7.74505002" lon="112.57917998">
   <ele>2944.45</ele>
  </trkpt>
  <trkpt lat="-7.74502002" lon="112.57919004">
   <ele>2944.99</ele>
  </trkpt>
  <trkpt lat="-7.74499001" lon="112.57920002">
   <ele>2945.59</ele>
  </trkpt>
  <trkpt lat="-7.74496998" lon="112.57917998">
   <ele>2946.66</ele>
  </trkpt>
  <trkpt lat="-7.74496998" lon="112.57914998">
   <ele>2947.39</ele>
  </trkpt>
  <trkpt lat="-7.74495003" lon="112.57913003">
   <ele>2948.52</ele>
  </trkpt>
  <trkpt lat="-7.74492002" lon="112.57911997">
   <ele>2949.72</ele>
  </trkpt>
  <trkpt lat="-7.74489999" lon="112.57914000">
   <ele>2949.88</ele>
  </trkpt>
  <trkpt lat="-7.74486998" lon="112.57914998">
   <ele>2950.6</ele>
  </trkpt>
  <trkpt lat="-7.74483997" lon="112.57914998">
   <ele>2951.57</ele>
  </trkpt>
  <trkpt lat="-7.74480997" lon="112.57914000">
   <ele>2952.76</ele>
  </trkpt>
  <trkpt lat="-7.74479002" lon="112.57913003">
   <ele>2953.63</ele>
  </trkpt>
  <trkpt lat="-7.74479002" lon="112.57910002">
   <ele>2954.3</ele>
  </trkpt>
  <trkpt lat="-7.74477996" lon="112.57907001">
   <ele>2955.29</ele>
  </trkpt>
  <trkpt lat="-7.74476998" lon="112.57904998">
   <ele>2956.04</ele>
  </trkpt>
  <trkpt lat="-7.74473998" lon="112.57903003">
   <ele>2957.41</ele>
  </trkpt>
  <trkpt lat="-7.74472003" lon="112.57901997">
   <ele>2958.25</ele>
  </trkpt>
  <trkpt lat="-7.74469002" lon="112.57901000">
   <ele>2959.7</ele>
  </trkpt>
  <trkpt lat="-7.74466001" lon="112.57901000">
   <ele>2960.92</ele>
  </trkpt>
  <trkpt lat="-7.74463998" lon="112.57903003">
   <ele>2961.03</ele>
  </trkpt>
  <trkpt lat="-7.74462003" lon="112.57901000">
   <ele>2962.55</ele>
  </trkpt>
  <trkpt lat="-7.74459003" lon="112.57900002">
   <ele>2964.22</ele>
  </trkpt>
  <trkpt lat="-7.74456999" lon="112.57897999">
   <ele>2966.01</ele>
  </trkpt>
  <trkpt lat="-7.74453999" lon="112.57898997">
   <ele>2966.86</ele>
  </trkpt>
  <trkpt lat="-7.74450998" lon="112.57898997">
   <ele>2968.19</ele>
  </trkpt>
  <trkpt lat="-7.74447997" lon="112.57898997">
   <ele>2969.51</ele>
  </trkpt>
  <trkpt lat="-7.74446002" lon="112.57900002">
   <ele>2969.74</ele>
  </trkpt>
  <trkpt lat="-7.74443001" lon="112.57900002">
   <ele>2970.41</ele>
  </trkpt>
  <trkpt lat="-7.74440001" lon="112.57901000">
   <ele>2969.79</ele>
  </trkpt>
  <trkpt lat="-7.74437000" lon="112.57901000">
   <ele>2969.85</ele>
  </trkpt>
  <trkpt lat="-7.74434997" lon="112.57900002">
   <ele>2970.47</ele>
  </trkpt>
  <trkpt lat="-7.74431996" lon="112.57897999">
   <ele>2971.6</ele>
  </trkpt>
  <trkpt lat="-7.74430001" lon="112.57897002">
   <ele>2972.11</ele>
  </trkpt>
  <trkpt lat="-7.74427000" lon="112.57897002">
   <ele>2972.04</ele>
  </trkpt>
  <trkpt lat="-7.74426003" lon="112.57894001">
   <ele>2973.49</ele>
  </trkpt>
  <trkpt lat="-7.74424000" lon="112.57891998">
   <ele>2974.32</ele>
  </trkpt>
  <trkpt lat="-7.74420999" lon="112.57890003">
   <ele>2974.98</ele>
  </trkpt>
  <trkpt lat="-7.74419004" lon="112.57888997">
   <ele>2975.21</ele>
  </trkpt>
  <trkpt lat="-7.74417001" lon="112.57887002">
   <ele>2975.84</ele>
  </trkpt>
  <trkpt lat="-7.74414000" lon="112.57887002">
   <ele>2976.57</ele>
  </trkpt>
  <trkpt lat="-7.74411997" lon="112.57888997">
   <ele>2976.3</ele>
  </trkpt>
  <trkpt lat="-7.74410002" lon="112.57888000">
   <ele>2977.29</ele>
  </trkpt>
  <trkpt lat="-7.74408996" lon="112.57884999">
   <ele>2978.81</ele>
  </trkpt>
  <trkpt lat="-7.74407001" lon="112.57883004">
   <ele>2980.18</ele>
  </trkpt>
  <trkpt lat="-7.74404000" lon="112.57884001">
   <ele>2980.6</ele>
  </trkpt>
  <trkpt lat="-7.74401997" lon="112.57885996">
   <ele>2980.36</ele>
  </trkpt>
  <trkpt lat="-7.74398996" lon="112.57884999">
   <ele>2981.59</ele>
  </trkpt>
  <trkpt lat="-7.74397002" lon="112.57883004">
   <ele>2982.91</ele>
  </trkpt>
  <trkpt lat="-7.74394998" lon="112.57883004">
   <ele>2983.45</ele>
  </trkpt>
  <trkpt lat="-7.74393003" lon="112.57881001">
   <ele>2984.74</ele>
  </trkpt>
  <trkpt lat="-7.74390003" lon="112.57878997">
   <ele>2986.27</ele>
  </trkpt>
  <trkpt lat="-7.74387999" lon="112.57880003">
   <ele>2986.82</ele>
  </trkpt>
  <trkpt lat="-7.74384999" lon="112.57878997">
   <ele>2989.24</ele>
  </trkpt>
  <trkpt lat="-7.74381998" lon="112.57878997">
   <ele>2991.31</ele>
  </trkpt>
  <trkpt lat="-7.74378997" lon="112.57878997">
   <ele>2993.38</ele>
  </trkpt>
  <trkpt lat="-7.74375997" lon="112.57878000">
   <ele>2995.67</ele>
  </trkpt>
  <trkpt lat="-7.74374002" lon="112.57875997">
   <ele>2997.44</ele>
  </trkpt>
  <trkpt lat="-7.74371001" lon="112.57875997">
   <ele>2999.42</ele>
  </trkpt>
  <trkpt lat="-7.74368000" lon="112.57874999">
   <ele>3001.54</ele>
  </trkpt>
  <trkpt lat="-7.74364999" lon="112.57874999">
   <ele>3003.48</ele>
  </trkpt>
  <trkpt lat="-7.74361999" lon="112.57874999">
   <ele>3005.42</ele>
  </trkpt>
  <trkpt lat="-7.74358998" lon="112.57874999">
   <ele>3007.52</ele>
  </trkpt>
  <trkpt lat="-7.74355997" lon="112.57872996">
   <ele>3009.72</ele>
  </trkpt>
  <trkpt lat="-7.74352997" lon="112.57874002">
   <ele>3011.83</ele>
  </trkpt>
  <trkpt lat="-7.74351999" lon="112.57877002">
   <ele>3012.6</ele>
  </trkpt>
  <trkpt lat="-7.74349996" lon="112.57878997">
   <ele>3014.17</ele>
  </trkpt>
  <trkpt lat="-7.74348998" lon="112.57881998">
   <ele>3015.09</ele>
  </trkpt>
  <trkpt lat="-7.74351002" lon="112.57884001">
   <ele>3013.58</ele>
  </trkpt>
  <trkpt lat="-7.74349996" lon="112.57885996">
   <ele>3014.48</ele>
  </trkpt>
  <trkpt lat="-7.74349996" lon="112.57890003">
   <ele>3014.7</ele>
  </trkpt>
  <trkpt lat="-7.74347004" lon="112.57891000">
   <ele>3017.42</ele>
  </trkpt>
  <trkpt lat="-7.74344003" lon="112.57891000">
   <ele>3020.05</ele>
  </trkpt>
  <trkpt lat="-7.74347004" lon="112.57891998">
   <ele>3017.53</ele>
  </trkpt>
  <trkpt lat="-7.74344003" lon="112.57891998">
   <ele>3020.17</ele>
  </trkpt>
  <trkpt lat="-7.74342997" lon="112.57894001">
   <ele>3021.31</ele>
  </trkpt>
  <trkpt lat="-7.74345000" lon="112.57891998">
   <ele>3019.29</ele>
  </trkpt>
  <trkpt lat="-7.74347004" lon="112.57891000">
   <ele>3017.42</ele>
  </trkpt>
  <trkpt lat="-7.74349996" lon="112.57890003">
   <ele>3014.7</ele>
  </trkpt>
  <trkpt lat="-7.74348001" lon="112.57891000">
   <ele>3016.55</ele>
  </trkpt>
  <trkpt lat="-7.74345000" lon="112.57893004">
   <ele>3019.41</ele>
  </trkpt>
  <trkpt lat="-7.74347004" lon="112.57891000">
   <ele>3017.42</ele>
  </trkpt>
  <trkpt lat="-7.74349996" lon="112.57888997">
   <ele>3014.61</ele>
  </trkpt>
  <trkpt lat="-7.74349996" lon="112.57885996">
   <ele>3014.48</ele>
  </trkpt>
  <trkpt lat="-7.74348998" lon="112.57883004">
   <ele>3015.15</ele>
  </trkpt>
  <trkpt lat="-7.74349996" lon="112.57881001">
   <ele>3014.26</ele>
  </trkpt>
  <trkpt lat="-7.74351999" lon="112.57878000">
   <ele>3012.63</ele>
  </trkpt>
  <trkpt lat="-7.74352997" lon="112.57874999">
   <ele>3011.84</ele>
  </trkpt>
  <trkpt lat="-7.74352997" lon="112.57871998">
   <ele>3011.8</ele>
  </trkpt>
  <trkpt lat="-7.74352997" lon="112.57868000">
   <ele>3011.76</ele>
  </trkpt>
  <trkpt lat="-7.74352997" lon="112.57865000">
   <ele>3011.72</ele>
  </trkpt>
  <trkpt lat="-7.74351999" lon="112.57861001">
   <ele>3012.26</ele>
  </trkpt>
  <trkpt lat="-7.74351999" lon="112.57858998">
   <ele>3012.4</ele>
  </trkpt>
  <trkpt lat="-7.74351002" lon="112.57855000">
   <ele>3013.18</ele>
  </trkpt>
  <trkpt lat="-7.74349996" lon="112.57851999">
   <ele>3013.79</ele>
  </trkpt>
  <trkpt lat="-7.74349996" lon="112.57848999">
   <ele>3013.92</ele>
  </trkpt>
  <trkpt lat="-7.74348998" lon="112.57845998">
   <ele>3014.39</ele>
  </trkpt>
  <trkpt lat="-7.74347004" lon="112.57845000">
   <ele>3015.07</ele>
  </trkpt>
  <trkpt lat="-7.74345000" lon="112.57842000">
   <ele>3015.62</ele>
  </trkpt>
  <trkpt lat="-7.74342997" lon="112.57838999">
   <ele>3015.98</ele>
  </trkpt>
  <trkpt lat="-7.74342000" lon="112.57837004">
   <ele>3016.05</ele>
  </trkpt>
  <trkpt lat="-7.74341002" lon="112.57834003">
   <ele>3015.96</ele>
  </trkpt>
  <trkpt lat="-7.74338001" lon="112.57834003">
   <ele>3016.42</ele>
  </trkpt>
  <trkpt lat="-7.74337004" lon="112.57831003">
   <ele>3016.95</ele>
  </trkpt>
  <trkpt lat="-7.74335001" lon="112.57828999">
   <ele>3017.68</ele>
  </trkpt>
  <trkpt lat="-7.74332000" lon="112.57828002">
   <ele>3018.79</ele>
  </trkpt>
  <trkpt lat="-7.74328999" lon="112.57826996">
   <ele>3020.39</ele>
  </trkpt>
  <trkpt lat="-7.74325998" lon="112.57825001">
   <ele>3022.05</ele>
  </trkpt>
  <trkpt lat="-7.74322998" lon="112.57824004">
   <ele>3023.47</ele>
  </trkpt>
  <trkpt lat="-7.74319997" lon="112.57825001">
   <ele>3024.7</ele>
  </trkpt>
  <trkpt lat="-7.74318002" lon="112.57826996">
   <ele>3025.52</ele>
  </trkpt>
  <trkpt lat="-7.74315999" lon="112.57828002">
   <ele>3026.43</ele>
  </trkpt>
  <trkpt lat="-7.74312998" lon="112.57829997">
   <ele>3027.91</ele>
  </trkpt>
  <trkpt lat="-7.74309997" lon="112.57831003">
   <ele>3029.47</ele>
  </trkpt>
  <trkpt lat="-7.74308003" lon="112.57832997">
   <ele>3030.65</ele>
  </trkpt>
  <trkpt lat="-7.74305002" lon="112.57834003">
   <ele>3032.15</ele>
  </trkpt>
  <trkpt lat="-7.74302001" lon="112.57835001">
   <ele>3032.7</ele>
  </trkpt>
  <trkpt lat="-7.74299000" lon="112.57835001">
   <ele>3033.14</ele>
  </trkpt>
  <trkpt lat="-7.74296000" lon="112.57835001">
   <ele>3033.58</ele>
  </trkpt>
  <trkpt lat="-7.74292002" lon="112.57835998">
   <ele>3034.29</ele>
  </trkpt>
  <trkpt lat="-7.74289001" lon="112.57835998">
   <ele>3034.73</ele>
  </trkpt>
  <trkpt lat="-7.74286998" lon="112.57835998">
   <ele>3035.02</ele>
  </trkpt>
  <trkpt lat="-7.74282999" lon="112.57837004">
   <ele>3035.75</ele>
  </trkpt>
  <trkpt lat="-7.74279999" lon="112.57838001">
   <ele>3036.34</ele>
  </trkpt>
  <trkpt lat="-7.74276998" lon="112.57838999">
   <ele>3036.55</ele>
  </trkpt>
  <trkpt lat="-7.74273997" lon="112.57839996">
   <ele>3035.69</ele>
  </trkpt>
  <trkpt lat="-7.74270996" lon="112.57841002">
   <ele>3034.89</ele>
  </trkpt>
  <trkpt lat="-7.74268004" lon="112.57842997">
   <ele>3034.38</ele>
  </trkpt>
  <trkpt lat="-7.74265003" lon="112.57844003">
   <ele>3033.71</ele>
  </trkpt>
  <trkpt lat="-7.74263000" lon="112.57845000">
   <ele>3033.39</ele>
  </trkpt>
  <trkpt lat="-7.74260997" lon="112.57847004">
   <ele>3033.4</ele>
  </trkpt>
  <trkpt lat="-7.74257996" lon="112.57849996">
   <ele>3033.56</ele>
  </trkpt>
  <trkpt lat="-7.74256001" lon="112.57851002">
   <ele>3033.41</ele>
  </trkpt>
  <trkpt lat="-7.74253001" lon="112.57851999">
   <ele>3033.07</ele>
  </trkpt>
  <trkpt lat="-7.74250997" lon="112.57854003">
   <ele>3033.39</ele>
  </trkpt>
  <trkpt lat="-7.74247997" lon="112.57855000">
   <ele>3032.8</ele>
  </trkpt>
  <trkpt lat="-7.74246002" lon="112.57855997">
   <ele>3032.38</ele>
  </trkpt>
  <trkpt lat="-7.74243998" lon="112.57858001">
   <ele>3032.3</ele>
  </trkpt>
  <trkpt lat="-7.74242003" lon="112.57861001">
   <ele>3032.51</ele>
  </trkpt>
  <trkpt lat="-7.74240000" lon="112.57862996">
   <ele>3031.8</ele>
  </trkpt>
  <trkpt lat="-7.74237997" lon="112.57865000">
   <ele>3031.12</ele>
  </trkpt>
  <trkpt lat="-7.74236999" lon="112.57868000">
   <ele>3030.96</ele>
  </trkpt>
  <trkpt lat="-7.74236002" lon="112.57871001">
   <ele>3030.85</ele>
  </trkpt>
  <trkpt lat="-7.74233999" lon="112.57872996">
   <ele>3030.32</ele>
  </trkpt>
  <trkpt lat="-7.74233001" lon="112.57875997">
   <ele>3030.3</ele>
  </trkpt>
  <trkpt lat="-7.74230998" lon="112.57878000">
   <ele>3029.87</ele>
  </trkpt>
  <trkpt lat="-7.74227997" lon="112.57878000">
   <ele>3028.9</ele>
  </trkpt>
  <trkpt lat="-7.74224997" lon="112.57878000">
   <ele>3027.94</ele>
  </trkpt>
  <trkpt lat="-7.74221996" lon="112.57880003">
   <ele>3027.31</ele>
  </trkpt>
  <trkpt lat="-7.74220001" lon="112.57878000">
   <ele>3026.11</ele>
  </trkpt>
  <trkpt lat="-7.74217000" lon="112.57877002">
   <ele>3024.68</ele>
  </trkpt>
  <trkpt lat="-7.74214000" lon="112.57878000">
   <ele>3023.6</ele>
  </trkpt>
  <trkpt lat="-7.74211996" lon="112.57878000">
   <ele>3022.77</ele>
  </trkpt>
  <trkpt lat="-7.74209004" lon="112.57878997">
   <ele>3021.68</ele>
  </trkpt>
  <trkpt lat="-7.74206003" lon="112.57881001">
   <ele>3020.74</ele>
  </trkpt>
  <trkpt lat="-7.74204000" lon="112.57880003">
   <ele>3019.74</ele>
  </trkpt>
  <trkpt lat="-7.74200999" lon="112.57878997">
   <ele>3018.32</ele>
  </trkpt>
  <trkpt lat="-7.74197998" lon="112.57878997">
   <ele>3017.07</ele>
  </trkpt>
  <trkpt lat="-7.74196004" lon="112.57881001">
   <ele>3016.52</ele>
  </trkpt>
  <trkpt lat="-7.74193003" lon="112.57883004">
   <ele>3015.39</ele>
  </trkpt>
  <trkpt lat="-7.74191000" lon="112.57884001">
   <ele>3014.44</ele>
  </trkpt>
  <trkpt lat="-7.74187999" lon="112.57884001">
   <ele>3012.83</ele>
  </trkpt>
  <trkpt lat="-7.74188996" lon="112.57887002">
   <ele>3013.67</ele>
  </trkpt>
  <trkpt lat="-7.74186004" lon="112.57884999">
   <ele>3011.83</ele>
  </trkpt>
  <trkpt lat="-7.74184998" lon="112.57883004">
   <ele>3011.14</ele>
  </trkpt>
  <trkpt lat="-7.74184998" lon="112.57880003">
   <ele>3010.93</ele>
  </trkpt>
  <trkpt lat="-7.74184998" lon="112.57877002">
   <ele>3010.72</ele>
  </trkpt>
  <trkpt lat="-7.74184998" lon="112.57874002">
   <ele>3010.51</ele>
  </trkpt>
  <trkpt lat="-7.74184001" lon="112.57871001">
   <ele>3009.86</ele>
  </trkpt>
  <trkpt lat="-7.74180003" lon="112.57870004">
   <ele>3008.08</ele>
  </trkpt>
  <trkpt lat="-7.74178997" lon="112.57868000">
   <ele>3007.6</ele>
  </trkpt>
  <trkpt lat="-7.74177999" lon="112.57865000">
   <ele>3007.14</ele>
  </trkpt>
  <trkpt lat="-7.74175996" lon="112.57862996">
   <ele>3006.36</ele>
  </trkpt>
  <trkpt lat="-7.74174999" lon="112.57860004">
   <ele>3005.65</ele>
  </trkpt>
  <trkpt lat="-7.74171998" lon="112.57861001">
   <ele>3004.88</ele>
  </trkpt>
  <trkpt lat="-7.74170003" lon="112.57864002">
   <ele>3004.07</ele>
  </trkpt>
  <trkpt lat="-7.74168000" lon="112.57867003">
   <ele>3003.12</ele>
  </trkpt>
  <trkpt lat="-7.74165996" lon="112.57868998">
   <ele>3001.86</ele>
  </trkpt>
  <trkpt lat="-7.74164001" lon="112.57870004">
   <ele>3000.08</ele>
  </trkpt>
  <trkpt lat="-7.74163004" lon="112.57871998">
   <ele>2999.12</ele>
  </trkpt>
  <trkpt lat="-7.74161001" lon="112.57874002">
   <ele>2997.35</ele>
  </trkpt>
  <trkpt lat="-7.74158000" lon="112.57874999">
   <ele>2994.82</ele>
  </trkpt>
  <trkpt lat="-7.74155997" lon="112.57877002">
   <ele>2993.13</ele>
  </trkpt>
  <trkpt lat="-7.74154002" lon="112.57878997">
   <ele>2991.49</ele>
  </trkpt>
  <trkpt lat="-7.74151001" lon="112.57881001">
   <ele>2989.08</ele>
  </trkpt>
  <trkpt lat="-7.74148000" lon="112.57881001">
   <ele>2986.69</ele>
  </trkpt>
  <trkpt lat="-7.74147003" lon="112.57878000">
   <ele>2985.81</ele>
  </trkpt>
  <trkpt lat="-7.74144002" lon="112.57877002">
   <ele>2983.32</ele>
  </trkpt>
  <trkpt lat="-7.74141999" lon="112.57878000">
   <ele>2981.74</ele>
  </trkpt>
  <trkpt lat="-7.74140004" lon="112.57880003">
   <ele>2980.25</ele>
  </trkpt>
  <trkpt lat="-7.74138001" lon="112.57881998">
   <ele>2979.04</ele>
  </trkpt>
  <trkpt lat="-7.74135000" lon="112.57883004">
   <ele>2977.54</ele>
  </trkpt>
  <trkpt lat="-7.74131999" lon="112.57883004">
   <ele>2975.96</ele>
  </trkpt>
  <trkpt lat="-7.74128999" lon="112.57884001">
   <ele>2974.43</ele>
  </trkpt>
  <trkpt lat="-7.74125998" lon="112.57884001">
   <ele>2972.85</ele>
  </trkpt>
  <trkpt lat="-7.74122997" lon="112.57884001">
   <ele>2971.27</ele>
  </trkpt>
  <trkpt lat="-7.74122997" lon="112.57887002">
   <ele>2971.36</ele>
  </trkpt>
  <trkpt lat="-7.74122000" lon="112.57890003">
   <ele>2970.77</ele>
  </trkpt>
  <trkpt lat="-7.74122000" lon="112.57893004">
   <ele>2970.49</ele>
  </trkpt>
  <trkpt lat="-7.74121002" lon="112.57895996">
   <ele>2969.61</ele>
  </trkpt>
  <trkpt lat="-7.74118999" lon="112.57898997">
   <ele>2968.06</ele>
  </trkpt>
  <trkpt lat="-7.74118999" lon="112.57903003">
   <ele>2967.59</ele>
  </trkpt>
  <trkpt lat="-7.74118002" lon="112.57906004">
   <ele>2966.56</ele>
  </trkpt>
  <trkpt lat="-7.74117004" lon="112.57907999">
   <ele>2965.62</ele>
  </trkpt>
  <trkpt lat="-7.74114003" lon="112.57907999">
   <ele>2963.55</ele>
  </trkpt>
  <trkpt lat="-7.74111003" lon="112.57908996">
   <ele>2961.37</ele>
  </trkpt>
  <trkpt lat="-7.74108002" lon="112.57907999">
   <ele>2961.22</ele>
  </trkpt>
  <trkpt lat="-7.74105001" lon="112.57907999">
   <ele>2960.9</ele>
  </trkpt>
  <trkpt lat="-7.74102001" lon="112.57907999">
   <ele>2960.58</ele>
  </trkpt>
  <trkpt lat="-7.74102001" lon="112.57906004">
   <ele>2960.94</ele>
  </trkpt>
  <trkpt lat="-7.74101003" lon="112.57901997">
   <ele>2961.55</ele>
  </trkpt>
  <trkpt lat="-7.74099000" lon="112.57901000">
   <ele>2961.51</ele>
  </trkpt>
  <trkpt lat="-7.74095002" lon="112.57901000">
   <ele>2961.08</ele>
  </trkpt>
  <trkpt lat="-7.74092001" lon="112.57900002">
   <ele>2960.94</ele>
  </trkpt>
  <trkpt lat="-7.74091003" lon="112.57897002">
   <ele>2961.37</ele>
  </trkpt>
  <trkpt lat="-7.74088003" lon="112.57897999">
   <ele>2960.86</ele>
  </trkpt>
  <trkpt lat="-7.74085999" lon="112.57900002">
   <ele>2960.29</ele>
  </trkpt>
  <trkpt lat="-7.74082999" lon="112.57901000">
   <ele>2959.81</ele>
  </trkpt>
  <trkpt lat="-7.74079998" lon="112.57901000">
   <ele>2959.77</ele>
  </trkpt>
  <trkpt lat="-7.74076997" lon="112.57903003">
   <ele>2959.34</ele>
  </trkpt>
  <trkpt lat="-7.74073997" lon="112.57904001">
   <ele>2959.1</ele>
  </trkpt>
  <trkpt lat="-7.74070996" lon="112.57904001">
   <ele>2959.04</ele>
  </trkpt>
  <trkpt lat="-7.74068004" lon="112.57903003">
   <ele>2959.18</ele>
  </trkpt>
  <trkpt lat="-7.74065003" lon="112.57901000">
   <ele>2959.53</ele>
  </trkpt>
  <trkpt lat="-7.74062002" lon="112.57900002">
   <ele>2959.69</ele>
  </trkpt>
  <trkpt lat="-7.74058004" lon="112.57900002">
   <ele>2959.64</ele>
  </trkpt>
  <trkpt lat="-7.74056001" lon="112.57900002">
   <ele>2959.61</ele>
  </trkpt>
  <trkpt lat="-7.74053997" lon="112.57897002">
   <ele>2960.54</ele>
  </trkpt>
  <trkpt lat="-7.74052002" lon="112.57894998">
   <ele>2961.35</ele>
  </trkpt>
  <trkpt lat="-7.74049999" lon="112.57893004">
   <ele>2962.14</ele>
  </trkpt>
  <trkpt lat="-7.74049002" lon="112.57890003">
   <ele>2962.95</ele>
  </trkpt>
  <trkpt lat="-7.74050997" lon="112.57887002">
   <ele>2963.05</ele>
  </trkpt>
  <trkpt lat="-7.74053000" lon="112.57884999">
   <ele>2962.97</ele>
  </trkpt>
  <trkpt lat="-7.74055003" lon="112.57883004">
   <ele>2962.93</ele>
  </trkpt>
  <trkpt lat="-7.74056001" lon="112.57880003">
   <ele>2963.26</ele>
  </trkpt>
  <trkpt lat="-7.74059001" lon="112.57878000">
   <ele>2963.42</ele>
  </trkpt>
  <trkpt lat="-7.74060996" lon="112.57875997">
   <ele>2963.58</ele>
  </trkpt>
  <trkpt lat="-7.74060996" lon="112.57872996">
   <ele>2963.95</ele>
  </trkpt>
  <trkpt lat="-7.74059999" lon="112.57870004">
   <ele>2964.39</ele>
  </trkpt>
  <trkpt lat="-7.74059999" lon="112.57867003">
   <ele>2964.77</ele>
  </trkpt>
  <trkpt lat="-7.74058004" lon="112.57864002">
   <ele>2965.35</ele>
  </trkpt>
  <trkpt lat="-7.74056001" lon="112.57861999">
   <ele>2965.83</ele>
  </trkpt>
  <trkpt lat="-7.74053997" lon="112.57860004">
   <ele>2966.09</ele>
  </trkpt>
  <trkpt lat="-7.74052002" lon="112.57858001">
   <ele>2966.23</ele>
  </trkpt>
  <trkpt lat="-7.74049999" lon="112.57855997">
   <ele>2966.35</ele>
  </trkpt>
  <trkpt lat="-7.74047996" lon="112.57854003">
   <ele>2966.46</ele>
  </trkpt>
  <trkpt lat="-7.74046998" lon="112.57851002">
   <ele>2966.56</ele>
  </trkpt>
  <trkpt lat="-7.74043998" lon="112.57849996">
   <ele>2966.65</ele>
  </trkpt>
  <trkpt lat="-7.74040997" lon="112.57849996">
   <ele>2966.71</ele>
  </trkpt>
  <trkpt lat="-7.74036999" lon="112.57849996">
   <ele>2966.8</ele>
  </trkpt>
  <trkpt lat="-7.74033998" lon="112.57851002">
   <ele>2966.86</ele>
  </trkpt>
  <trkpt lat="-7.74030997" lon="112.57851002">
   <ele>2966.93</ele>
  </trkpt>
  <trkpt lat="-7.74027997" lon="112.57849996">
   <ele>2967</ele>
  </trkpt>
  <trkpt lat="-7.74026002" lon="112.57848001">
   <ele>2966.94</ele>
  </trkpt>
  <trkpt lat="-7.74023001" lon="112.57847004">
   <ele>2966.83</ele>
  </trkpt>
  <trkpt lat="-7.74020000" lon="112.57845998">
   <ele>2966.7</ele>
  </trkpt>
  <trkpt lat="-7.74017000" lon="112.57845998">
   <ele>2966.58</ele>
  </trkpt>
  <trkpt lat="-7.74013999" lon="112.57845000">
   <ele>2966.42</ele>
  </trkpt>
  <trkpt lat="-7.74010998" lon="112.57845000">
   <ele>2966.3</ele>
  </trkpt>
  <trkpt lat="-7.74007000" lon="112.57845000">
   <ele>2966.13</ele>
  </trkpt>
  <trkpt lat="-7.74003999" lon="112.57845000">
   <ele>2966.01</ele>
  </trkpt>
  <trkpt lat="-7.74000999" lon="112.57845998">
   <ele>2965.95</ele>
  </trkpt>
  <trkpt lat="-7.73997998" lon="112.57845998">
   <ele>2966.67</ele>
  </trkpt>
  <trkpt lat="-7.73994997" lon="112.57847004">
   <ele>2967.88</ele>
  </trkpt>
  <trkpt lat="-7.73991996" lon="112.57845998">
   <ele>2968.95</ele>
  </trkpt>
  <trkpt lat="-7.73987998" lon="112.57845998">
   <ele>2970.47</ele>
  </trkpt>
  <trkpt lat="-7.73984000" lon="112.57845998">
   <ele>2971.99</ele>
  </trkpt>
  <trkpt lat="-7.73980999" lon="112.57844003">
   <ele>2973.03</ele>
  </trkpt>
  <trkpt lat="-7.73977001" lon="112.57842000">
   <ele>2974.47</ele>
  </trkpt>
  <trkpt lat="-7.73974000" lon="112.57838999">
   <ele>2975.51</ele>
  </trkpt>
  <trkpt lat="-7.73971000" lon="112.57835998">
   <ele>2976.67</ele>
  </trkpt>
  <trkpt lat="-7.73967002" lon="112.57834003">
   <ele>2978.47</ele>
  </trkpt>
  <trkpt lat="-7.73964001" lon="112.57832000">
   <ele>2980.04</ele>
  </trkpt>
  <trkpt lat="-7.73960003" lon="112.57831003">
   <ele>2982.06</ele>
  </trkpt>
  <trkpt lat="-7.73955996" lon="112.57829997">
   <ele>2984.07</ele>
  </trkpt>
  <trkpt lat="-7.73951998" lon="112.57829997">
   <ele>2985.94</ele>
  </trkpt>
  <trkpt lat="-7.73950003" lon="112.57826996">
   <ele>2987.31</ele>
  </trkpt>
  <trkpt lat="-7.73948000" lon="112.57824004">
   <ele>2988.68</ele>
  </trkpt>
  <trkpt lat="-7.73944002" lon="112.57822000">
   <ele>2990.76</ele>
  </trkpt>
  <trkpt lat="-7.73940003" lon="112.57819997">
   <ele>2992.21</ele>
  </trkpt>
  <trkpt lat="-7.73937003" lon="112.57816996">
   <ele>2993.45</ele>
  </trkpt>
  <trkpt lat="-7.73934999" lon="112.57814004">
   <ele>2994.37</ele>
  </trkpt>
  <trkpt lat="-7.73931999" lon="112.57811003">
   <ele>2995.53</ele>
  </trkpt>
  <trkpt lat="-7.73928001" lon="112.57811003">
   <ele>2996.59</ele>
  </trkpt>
  <trkpt lat="-7.73924002" lon="112.57809998">
   <ele>2997.75</ele>
  </trkpt>
  <trkpt lat="-7.73921002" lon="112.57808003">
   <ele>2998.7</ele>
  </trkpt>
  <trkpt lat="-7.73918001" lon="112.57806997">
   <ele>2999.56</ele>
  </trkpt>
  <trkpt lat="-7.73914003" lon="112.57803996">
   <ele>3000.63</ele>
  </trkpt>
  <trkpt lat="-7.73912000" lon="112.57801004">
   <ele>3000.8</ele>
  </trkpt>
  <trkpt lat="-7.73908001" lon="112.57799000">
   <ele>3001.72</ele>
  </trkpt>
  <trkpt lat="-7.73905001" lon="112.57798003">
   <ele>3002.46</ele>
  </trkpt>
  <trkpt lat="-7.73902000" lon="112.57795002">
   <ele>3002.83</ele>
  </trkpt>
  <trkpt lat="-7.73899997" lon="112.57792002">
   <ele>3002.86</ele>
  </trkpt>
  <trkpt lat="-7.73898002" lon="112.57789001">
   <ele>3002.86</ele>
  </trkpt>
  <trkpt lat="-7.73895998" lon="112.57785003">
   <ele>3002.63</ele>
  </trkpt>
  <trkpt lat="-7.73896996" lon="112.57780996">
   <ele>3001.58</ele>
  </trkpt>
  <trkpt lat="-7.73898002" lon="112.57776998">
   <ele>3000.67</ele>
  </trkpt>
  <trkpt lat="-7.73898002" lon="112.57773997">
   <ele>3000.53</ele>
  </trkpt>
  <trkpt lat="-7.73895998" lon="112.57769999">
   <ele>3000.92</ele>
  </trkpt>
  <trkpt lat="-7.73894004" lon="112.57766001">
   <ele>3001.4</ele>
  </trkpt>
  <trkpt lat="-7.73898002" lon="112.57763998">
   <ele>3000.05</ele>
  </trkpt>
  <trkpt lat="-7.73899997" lon="112.57765003">
   <ele>2999.46</ele>
  </trkpt>
  <trkpt lat="-7.73902997" lon="112.57763998">
   <ele>2998.44</ele>
  </trkpt>
  <trkpt lat="-7.73901002" lon="112.57763998">
   <ele>2999.08</ele>
  </trkpt>
  <trkpt lat="-7.73901002" lon="112.57760997">
   <ele>2998.89</ele>
  </trkpt>
  <trkpt lat="-7.73898999" lon="112.57757996">
   <ele>2999.42</ele>
  </trkpt>
  <trkpt lat="-7.73898002" lon="112.57755004">
   <ele>2999.63</ele>
  </trkpt>
  <trkpt lat="-7.73895998" lon="112.57753001">
   <ele>3000.29</ele>
  </trkpt>
  <trkpt lat="-7.73894004" lon="112.57750997">
   <ele>3001</ele>
  </trkpt>
  <trkpt lat="-7.73892998" lon="112.57747997">
   <ele>3001.29</ele>
  </trkpt>
  <trkpt lat="-7.73891003" lon="112.57746002">
   <ele>3002.01</ele>
  </trkpt>
  <trkpt lat="-7.73889000" lon="112.57743001">
   <ele>3002.7</ele>
  </trkpt>
  <trkpt lat="-7.73888002" lon="112.57740000">
   <ele>3002.81</ele>
  </trkpt>
  <trkpt lat="-7.73886996" lon="112.57737000">
   <ele>3002.9</ele>
  </trkpt>
  <trkpt lat="-7.73885001" lon="112.57734996">
   <ele>3003.24</ele>
  </trkpt>
  <trkpt lat="-7.73885001" lon="112.57730998">
   <ele>3003.11</ele>
  </trkpt>
  <trkpt lat="-7.73884004" lon="112.57727997">
   <ele>3003.23</ele>
  </trkpt>
  <trkpt lat="-7.73882998" lon="112.57724997">
   <ele>3003.35</ele>
  </trkpt>
  <trkpt lat="-7.73881003" lon="112.57721996">
   <ele>3003.68</ele>
  </trkpt>
  <trkpt lat="-7.73879997" lon="112.57719004">
   <ele>3003.53</ele>
  </trkpt>
  <trkpt lat="-7.73878003" lon="112.57716003">
   <ele>3003.63</ele>
  </trkpt>
  <trkpt lat="-7.73875999" lon="112.57714000">
   <ele>3003.87</ele>
  </trkpt>
  <trkpt lat="-7.73875002" lon="112.57710001">
   <ele>3003.68</ele>
  </trkpt>
  <trkpt lat="-7.73875002" lon="112.57707998">
   <ele>3003.46</ele>
  </trkpt>
  <trkpt lat="-7.73873996" lon="112.57704997">
   <ele>3003.4</ele>
  </trkpt>
  <trkpt lat="-7.73872999" lon="112.57700999">
   <ele>3003.25</ele>
  </trkpt>
  <trkpt lat="-7.73873996" lon="112.57697001">
   <ele>3002.56</ele>
  </trkpt>
  <trkpt lat="-7.73875002" lon="112.57694000">
   <ele>3001.96</ele>
  </trkpt>
  <trkpt lat="-7.73872999" lon="112.57690002">
   <ele>3002.21</ele>
  </trkpt>
  <trkpt lat="-7.73869998" lon="112.57687001">
   <ele>3002.91</ele>
  </trkpt>
  <trkpt lat="-7.73869000" lon="112.57683003">
   <ele>3002.96</ele>
  </trkpt>
  <trkpt lat="-7.73869998" lon="112.57678997">
   <ele>3002.35</ele>
  </trkpt>
  <trkpt lat="-7.73873996" lon="112.57677999">
   <ele>3000.87</ele>
  </trkpt>
  <trkpt lat="-7.73876997" lon="112.57675996">
   <ele>2999.62</ele>
  </trkpt>
  <trkpt lat="-7.73879000" lon="112.57674999">
   <ele>2998.8</ele>
  </trkpt>
  <trkpt lat="-7.73879997" lon="112.57671998">
   <ele>2998.1</ele>
  </trkpt>
  <trkpt lat="-7.73878003" lon="112.57670003">
   <ele>2998.65</ele>
  </trkpt>
  <trkpt lat="-7.73879000" lon="112.57667002">
   <ele>2997.95</ele>
  </trkpt>
  <trkpt lat="-7.73879997" lon="112.57664002">
   <ele>2997.19</ele>
  </trkpt>
  <trkpt lat="-7.73882001" lon="112.57661998">
   <ele>2996.1</ele>
  </trkpt>
  <trkpt lat="-7.73882998" lon="112.57658000">
   <ele>2995.1</ele>
  </trkpt>
  <trkpt lat="-7.73882001" lon="112.57654002">
   <ele>2995.01</ele>
  </trkpt>
  <trkpt lat="-7.73879997" lon="112.57650004">
   <ele>2995.48</ele>
  </trkpt>
  <trkpt lat="-7.73876997" lon="112.57647003">
   <ele>2996.68</ele>
  </trkpt>
  <trkpt lat="-7.73873996" lon="112.57644002">
   <ele>2998</ele>
  </trkpt>
  <trkpt lat="-7.73872001" lon="112.57641002">
   <ele>2998.88</ele>
  </trkpt>
  <trkpt lat="-7.73869998" lon="112.57638001">
   <ele>2999.42</ele>
  </trkpt>
  <trkpt lat="-7.73868003" lon="112.57635998">
   <ele>2999.58</ele>
  </trkpt>
  <trkpt lat="-7.73866000" lon="112.57634003">
   <ele>2999.77</ele>
  </trkpt>
  <trkpt lat="-7.73863996" lon="112.57632997">
   <ele>3000.49</ele>
  </trkpt>
  <trkpt lat="-7.73859998" lon="112.57632997">
   <ele>3003.21</ele>
  </trkpt>
  <trkpt lat="-7.73858003" lon="112.57632997">
   <ele>3004.94</ele>
  </trkpt>
  <trkpt lat="-7.73855003" lon="112.57634003">
   <ele>3008.08</ele>
  </trkpt>
  <trkpt lat="-7.73852002" lon="112.57634003">
   <ele>3010.72</ele>
  </trkpt>
  <trkpt lat="-7.73849001" lon="112.57634003">
   <ele>3013.36</ele>
  </trkpt>
  <trkpt lat="-7.73846000" lon="112.57631999">
   <ele>3014.71</ele>
  </trkpt>
  <trkpt lat="-7.73843000" lon="112.57629996">
   <ele>3015.91</ele>
  </trkpt>
  <trkpt lat="-7.73840996" lon="112.57627004">
   <ele>3015.47</ele>
  </trkpt>
  <trkpt lat="-7.73839999" lon="112.57624003">
   <ele>3014.13</ele>
  </trkpt>
  <trkpt lat="-7.73836998" lon="112.57621002">
   <ele>3014.17</ele>
  </trkpt>
  <trkpt lat="-7.73836001" lon="112.57618002">
   <ele>3012.61</ele>
  </trkpt>
  <trkpt lat="-7.73836001" lon="112.57615001">
   <ele>3010.33</ele>
  </trkpt>
  <trkpt lat="-7.73835003" lon="112.57612000">
   <ele>3008.67</ele>
  </trkpt>
  <trkpt lat="-7.73833998" lon="112.57608999">
   <ele>3008.66</ele>
  </trkpt>
  <trkpt lat="-7.73833998" lon="112.57605999">
   <ele>3008.76</ele>
  </trkpt>
  <trkpt lat="-7.73833998" lon="112.57602998">
   <ele>3008.86</ele>
  </trkpt>
  <trkpt lat="-7.73832003" lon="112.57599997">
   <ele>3011.11</ele>
  </trkpt>
  <trkpt lat="-7.73829999" lon="112.57598002">
   <ele>3013.69</ele>
  </trkpt>
  <trkpt lat="-7.73826001" lon="112.57598002">
   <ele>3018.76</ele>
  </trkpt>
  <trkpt lat="-7.73823000" lon="112.57598002">
   <ele>3022.55</ele>
  </trkpt>
  <trkpt lat="-7.73820000" lon="112.57598002">
   <ele>3026.35</ele>
  </trkpt>
  <trkpt lat="-7.73817996" lon="112.57595999">
   <ele>3028.72</ele>
  </trkpt>
  <trkpt lat="-7.73816002" lon="112.57592998">
   <ele>3030.92</ele>
  </trkpt>
  <trkpt lat="-7.73815004" lon="112.57589998">
   <ele>3031.83</ele>
  </trkpt>
  <trkpt lat="-7.73816002" lon="112.57586997">
   <ele>3030.33</ele>
  </trkpt>
  <trkpt lat="-7.73816999" lon="112.57583996">
   <ele>3028.88</ele>
  </trkpt>
  <trkpt lat="-7.73817996" lon="112.57581004">
   <ele>3028.43</ele>
  </trkpt>
  <trkpt lat="-7.73819002" lon="112.57578003">
   <ele>3028.38</ele>
  </trkpt>
  <trkpt lat="-7.73820000" lon="112.57576000">
   <ele>3028.1</ele>
  </trkpt>
  <trkpt lat="-7.73822003" lon="112.57573997">
   <ele>3026.97</ele>
  </trkpt>
  <trkpt lat="-7.73825004" lon="112.57572002">
   <ele>3025.15</ele>
  </trkpt>
  <trkpt lat="-7.73827996" lon="112.57570996">
   <ele>3023.05</ele>
  </trkpt>
  <trkpt lat="-7.73829999" lon="112.57569001">
   <ele>3022.53</ele>
  </trkpt>
  <trkpt lat="-7.73830997" lon="112.57566000">
   <ele>3023.6</ele>
  </trkpt>
  <trkpt lat="-7.73833000" lon="112.57563000">
   <ele>3024.13</ele>
  </trkpt>
  <trkpt lat="-7.73833998" lon="112.57559001">
   <ele>3026.06</ele>
  </trkpt>
  <trkpt lat="-7.73833998" lon="112.57556001">
   <ele>3028.1</ele>
  </trkpt>
  <trkpt lat="-7.73835003" lon="112.57553000">
   <ele>3027.73</ele>
  </trkpt>
  <trkpt lat="-7.73836998" lon="112.57550997">
   <ele>3026.41</ele>
  </trkpt>
  <trkpt lat="-7.73839002" lon="112.57549002">
   <ele>3025.34</ele>
  </trkpt>
  <trkpt lat="-7.73839002" lon="112.57545004">
   <ele>3026.22</ele>
  </trkpt>
  <trkpt lat="-7.73840996" lon="112.57543000">
   <ele>3025.67</ele>
  </trkpt>
  <trkpt lat="-7.73843000" lon="112.57540000">
   <ele>3025.73</ele>
  </trkpt>
  <trkpt lat="-7.73843997" lon="112.57537996">
   <ele>3026.1</ele>
  </trkpt>
  <trkpt lat="-7.73845003" lon="112.57535004">
   <ele>3027.01</ele>
  </trkpt>
  <trkpt lat="-7.73845003" lon="112.57532003">
   <ele>3028.25</ele>
  </trkpt>
  <trkpt lat="-7.73846000" lon="112.57529003">
   <ele>3029.45</ele>
  </trkpt>
  <trkpt lat="-7.73848004" lon="112.57526999">
   <ele>3030.3</ele>
  </trkpt>
  <trkpt lat="-7.73849999" lon="112.57523999">
   <ele>3031.39</ele>
  </trkpt>
  <trkpt lat="-7.73850996" lon="112.57520998">
   <ele>3032.42</ele>
  </trkpt>
  <trkpt lat="-7.73852999" lon="112.57520000">
   <ele>3032.61</ele>
  </trkpt>
  <trkpt lat="-7.73856000" lon="112.57517997">
   <ele>3032.98</ele>
  </trkpt>
  <trkpt lat="-7.73856997" lon="112.57514996">
   <ele>3033.76</ele>
  </trkpt>
  <trkpt lat="-7.73858003" lon="112.57513002">
   <ele>3034.2</ele>
  </trkpt>
  <trkpt lat="-7.73859998" lon="112.57510998">
   <ele>3034.42</ele>
  </trkpt>
  <trkpt lat="-7.73861004" lon="112.57507998">
   <ele>3035.01</ele>
  </trkpt>
  <trkpt lat="-7.73862999" lon="112.57509003">
   <ele>3033.81</ele>
  </trkpt>
  <trkpt lat="-7.73866000" lon="112.57510998">
   <ele>3031.73</ele>
  </trkpt>
  <trkpt lat="-7.73869000" lon="112.57512004">
   <ele>3029.87</ele>
  </trkpt>
  <trkpt lat="-7.73872001" lon="112.57513002">
   <ele>3027.94</ele>
  </trkpt>
  <trkpt lat="-7.73875002" lon="112.57513999">
   <ele>3025.96</ele>
  </trkpt>
  <trkpt lat="-7.73878003" lon="112.57514996">
   <ele>3023.91</ele>
  </trkpt>
  <trkpt lat="-7.73881003" lon="112.57514996">
   <ele>3022.25</ele>
  </trkpt>
  <trkpt lat="-7.73882998" lon="112.57513002">
   <ele>3022.11</ele>
  </trkpt>
  <trkpt lat="-7.73885999" lon="112.57512004">
   <ele>3021.02</ele>
  </trkpt>
  <trkpt lat="-7.73888002" lon="112.57510001">
   <ele>3021.04</ele>
  </trkpt>
  <trkpt lat="-7.73889997" lon="112.57507000">
   <ele>3021.27</ele>
  </trkpt>
  <trkpt lat="-7.73891003" lon="112.57504997">
   <ele>3021.55</ele>
  </trkpt>
  <trkpt lat="-7.73892000" lon="112.57501996">
   <ele>3022.48</ele>
  </trkpt>
  <trkpt lat="-7.73891003" lon="112.57499004">
   <ele>3024.71</ele>
  </trkpt>
  <trkpt lat="-7.73889997" lon="112.57496003">
   <ele>3026.35</ele>
  </trkpt>
  <trkpt lat="-7.73888002" lon="112.57494000">
   <ele>3028.05</ele>
  </trkpt>
  <trkpt lat="-7.73885999" lon="112.57491997">
   <ele>3029.33</ele>
  </trkpt>
  <trkpt lat="-7.73884004" lon="112.57490002">
   <ele>3030.56</ele>
  </trkpt>
  <trkpt lat="-7.73882001" lon="112.57487001">
   <ele>3032.01</ele>
  </trkpt>
  <trkpt lat="-7.73879997" lon="112.57484998">
   <ele>3033.15</ele>
  </trkpt>
  <trkpt lat="-7.73878003" lon="112.57481997">
   <ele>3034.48</ele>
  </trkpt>
  <trkpt lat="-7.73876997" lon="112.57478996">
   <ele>3035.46</ele>
  </trkpt>
  <trkpt lat="-7.73873996" lon="112.57477001">
   <ele>3036.74</ele>
  </trkpt>
  <trkpt lat="-7.73872001" lon="112.57476004">
   <ele>3037.5</ele>
  </trkpt>
  <trkpt lat="-7.73869000" lon="112.57474998">
   <ele>3038.5</ele>
  </trkpt>
  <trkpt lat="-7.73866000" lon="112.57473003">
   <ele>3039.64</ele>
  </trkpt>
  <trkpt lat="-7.73863996" lon="112.57471997">
   <ele>3040.22</ele>
  </trkpt>
  <trkpt lat="-7.73859998" lon="112.57470002">
   <ele>3040.69</ele>
  </trkpt>
  <trkpt lat="-7.73859001" lon="112.57467999">
   <ele>3040.43</ele>
  </trkpt>
  <trkpt lat="-7.73856997" lon="112.57464998">
   <ele>3040.18</ele>
  </trkpt>
  <trkpt lat="-7.73856000" lon="112.57463004">
   <ele>3039.96</ele>
  </trkpt>
  <trkpt lat="-7.73853997" lon="112.57460003">
   <ele>3039.79</ele>
  </trkpt>
  <trkpt lat="-7.73852002" lon="112.57458000">
   <ele>3039.89</ele>
  </trkpt>
  <trkpt lat="-7.73849999" lon="112.57454999">
   <ele>3039.8</ele>
  </trkpt>
  <trkpt lat="-7.73848004" lon="112.57453004">
   <ele>3039.97</ele>
  </trkpt>
  <trkpt lat="-7.73846000" lon="112.57451001">
   <ele>3040.16</ele>
  </trkpt>
  <trkpt lat="-7.73843997" lon="112.57448997">
   <ele>3040.39</ele>
  </trkpt>
  <trkpt lat="-7.73840996" lon="112.57448997">
   <ele>3041.31</ele>
  </trkpt>
  <trkpt lat="-7.73838004" lon="112.57448000">
   <ele>3042.06</ele>
  </trkpt>
  <trkpt lat="-7.73835003" lon="112.57447002">
   <ele>3042.84</ele>
  </trkpt>
  <trkpt lat="-7.73832003" lon="112.57445997">
   <ele>3044.03</ele>
  </trkpt>
  <trkpt lat="-7.73829002" lon="112.57444999">
   <ele>3045.72</ele>
  </trkpt>
  <trkpt lat="-7.73826001" lon="112.57442996">
   <ele>3047.28</ele>
  </trkpt>
  <trkpt lat="-7.73823998" lon="112.57441001">
   <ele>3048.13</ele>
  </trkpt>
  <trkpt lat="-7.73822003" lon="112.57438998">
   <ele>3048.86</ele>
  </trkpt>
  <trkpt lat="-7.73819002" lon="112.57437003">
   <ele>3049.98</ele>
  </trkpt>
  <trkpt lat="-7.73817996" lon="112.57434002">
   <ele>3049.72</ele>
  </trkpt>
  <trkpt lat="-7.73816999" lon="112.57431001">
   <ele>3049.38</ele>
  </trkpt>
  <trkpt lat="-7.73816999" lon="112.57428001">
   <ele>3048.57</ele>
  </trkpt>
  <trkpt lat="-7.73816999" lon="112.57425000">
   <ele>3047.77</ele>
  </trkpt>
  <trkpt lat="-7.73816999" lon="112.57421999">
   <ele>3046.96</ele>
  </trkpt>
  <trkpt lat="-7.73816999" lon="112.57418999">
   <ele>3046.16</ele>
  </trkpt>
  <trkpt lat="-7.73816999" lon="112.57415000">
   <ele>3045.04</ele>
  </trkpt>
  <trkpt lat="-7.73816002" lon="112.57412000">
   <ele>3044.36</ele>
  </trkpt>
  <trkpt lat="-7.73815004" lon="112.57408999">
   <ele>3043.66</ele>
  </trkpt>
  <trkpt lat="-7.73813998" lon="112.57407004">
   <ele>3043.26</ele>
  </trkpt>
  <trkpt lat="-7.73815004" lon="112.57404003">
   <ele>3042.17</ele>
  </trkpt>
  <trkpt lat="-7.73812003" lon="112.57402997">
   <ele>3042.41</ele>
  </trkpt>
  <trkpt lat="-7.73810000" lon="112.57401003">
   <ele>3042.14</ele>
  </trkpt>
  <trkpt lat="-7.73807997" lon="112.57398999">
   <ele>3041.86</ele>
  </trkpt>
  <trkpt lat="-7.73804996" lon="112.57398002">
   <ele>3041.99</ele>
  </trkpt>
  <trkpt lat="-7.73802004" lon="112.57398002">
   <ele>3042.2</ele>
  </trkpt>
  <trkpt lat="-7.73800001" lon="112.57399997">
   <ele>3043.12</ele>
  </trkpt>
  <trkpt lat="-7.73797997" lon="112.57402000">
   <ele>3044.13</ele>
  </trkpt>
  <trkpt lat="-7.73796002" lon="112.57405001">
   <ele>3045.67</ele>
  </trkpt>
  <trkpt lat="-7.73793999" lon="112.57407004">
   <ele>3046.89</ele>
  </trkpt>
  <trkpt lat="-7.73791996" lon="112.57408999">
   <ele>3048.21</ele>
  </trkpt>
  <trkpt lat="-7.73790001" lon="112.57411002">
   <ele>3049.62</ele>
  </trkpt>
  <trkpt lat="-7.73787998" lon="112.57412997">
   <ele>3051.12</ele>
  </trkpt>
  <trkpt lat="-7.73786003" lon="112.57415000">
   <ele>3052.71</ele>
  </trkpt>
  <trkpt lat="-7.73783999" lon="112.57417004">
   <ele>3054.3</ele>
  </trkpt>
  <trkpt lat="-7.73781996" lon="112.57418001">
   <ele>3055.12</ele>
  </trkpt>
  <trkpt lat="-7.73779004" lon="112.57419996">
   <ele>3056.4</ele>
  </trkpt>
  <trkpt lat="-7.73777001" lon="112.57421999">
   <ele>3057.1</ele>
  </trkpt>
  <trkpt lat="-7.73774997" lon="112.57424003">
   <ele>3057.51</ele>
  </trkpt>
  <trkpt lat="-7.73771997" lon="112.57425997">
   <ele>3058.09</ele>
  </trkpt>
  <trkpt lat="-7.73768996" lon="112.57427003">
   <ele>3058.53</ele>
  </trkpt>
  <trkpt lat="-7.73766004" lon="112.57428998">
   <ele>3059.56</ele>
  </trkpt>
  <trkpt lat="-7.73763003" lon="112.57430004">
   <ele>3060.31</ele>
  </trkpt>
  <trkpt lat="-7.73760002" lon="112.57431001">
   <ele>3061.18</ele>
  </trkpt>
  <trkpt lat="-7.73756004" lon="112.57431999">
   <ele>3062.32</ele>
  </trkpt>
  <trkpt lat="-7.73753003" lon="112.57431999">
   <ele>3062.73</ele>
  </trkpt>
  <trkpt lat="-7.73748997" lon="112.57431999">
   <ele>3063.23</ele>
  </trkpt>
  <trkpt lat="-7.73745996" lon="112.57431999">
   <ele>3063.48</ele>
  </trkpt>
  <trkpt lat="-7.73743004" lon="112.57431999">
   <ele>3063.73</ele>
  </trkpt>
  <trkpt lat="-7.73740003" lon="112.57431999">
   <ele>3063.99</ele>
  </trkpt>
  <trkpt lat="-7.73737002" lon="112.57431999">
   <ele>3064.24</ele>
  </trkpt>
  <trkpt lat="-7.73733004" lon="112.57431999">
   <ele>3064.58</ele>
  </trkpt>
  <trkpt lat="-7.73730003" lon="112.57431999">
   <ele>3064.83</ele>
  </trkpt>
  <trkpt lat="-7.73727003" lon="112.57431999">
   <ele>3065.08</ele>
  </trkpt>
  <trkpt lat="-7.73724002" lon="112.57432996">
   <ele>3066.03</ele>
  </trkpt>
  <trkpt lat="-7.73721999" lon="112.57434002">
   <ele>3066.89</ele>
  </trkpt>
  <trkpt lat="-7.73718998" lon="112.57432996">
   <ele>3066.72</ele>
  </trkpt>
  <trkpt lat="-7.73715000" lon="112.57431999">
   <ele>3066.8</ele>
  </trkpt>
  <trkpt lat="-7.73711999" lon="112.57431001">
   <ele>3066.78</ele>
  </trkpt>
  <trkpt lat="-7.73708998" lon="112.57430004">
   <ele>3066.82</ele>
  </trkpt>
  <trkpt lat="-7.73707003" lon="112.57428001">
   <ele>3066.22</ele>
  </trkpt>
  <trkpt lat="-7.73704003" lon="112.57425997">
   <ele>3065.96</ele>
  </trkpt>
  <trkpt lat="-7.73701999" lon="112.57424003">
   <ele>3065.57</ele>
  </trkpt>
  <trkpt lat="-7.73698999" lon="112.57424003">
   <ele>3066.39</ele>
  </trkpt>
  <trkpt lat="-7.73697004" lon="112.57425997">
   <ele>3067.72</ele>
  </trkpt>
  <trkpt lat="-7.73694003" lon="112.57427003">
   <ele>3068.77</ele>
  </trkpt>
  <trkpt lat="-7.73691002" lon="112.57428001">
   <ele>3069.45</ele>
  </trkpt>
  <trkpt lat="-7.73689996" lon="112.57431001">
   <ele>3070.55</ele>
  </trkpt>
  <trkpt lat="-7.73688999" lon="112.57434002">
   <ele>3071.61</ele>
  </trkpt>
  <trkpt lat="-7.73688002" lon="112.57435997">
   <ele>3072.31</ele>
  </trkpt>
  <trkpt lat="-7.73691002" lon="112.57438000">
   <ele>3072.82</ele>
  </trkpt>
  <trkpt lat="-7.73688002" lon="112.57440004">
   <ele>3073.59</ele>
  </trkpt>
  <trkpt lat="-7.73685998" lon="112.57441998">
   <ele>3074.25</ele>
  </trkpt>
  <trkpt lat="-7.73685001" lon="112.57444999">
   <ele>3075.1</ele>
  </trkpt>
  <trkpt lat="-7.73685001" lon="112.57448000">
   <ele>3075.65</ele>
  </trkpt>
  <trkpt lat="-7.73682998" lon="112.57450003">
   <ele>3076.14</ele>
  </trkpt>
  <trkpt lat="-7.73679997" lon="112.57451998">
   <ele>3076.82</ele>
  </trkpt>
  <trkpt lat="-7.73678002" lon="112.57454001">
   <ele>3077.52</ele>
  </trkpt>
  <trkpt lat="-7.73675001" lon="112.57454999">
   <ele>3078.15</ele>
  </trkpt>
  <trkpt lat="-7.73672998" lon="112.57457002">
   <ele>3079.04</ele>
  </trkpt>
  <trkpt lat="-7.73671003" lon="112.57458997">
   <ele>3080.03</ele>
  </trkpt>
  <trkpt lat="-7.73669000" lon="112.57461000">
   <ele>3081.11</ele>
  </trkpt>
  <trkpt lat="-7.73669000" lon="112.57464001">
   <ele>3082.21</ele>
  </trkpt>
  <trkpt lat="-7.73669000" lon="112.57467002">
   <ele>3083.32</ele>
  </trkpt>
  <trkpt lat="-7.73668002" lon="112.57468997">
   <ele>3084.34</ele>
  </trkpt>
  <trkpt lat="-7.73668002" lon="112.57471997">
   <ele>3085.48</ele>
  </trkpt>
  <trkpt lat="-7.73669000" lon="112.57474998">
   <ele>3085.57</ele>
  </trkpt>
  <trkpt lat="-7.73669000" lon="112.57477999">
   <ele>3085.92</ele>
  </trkpt>
  <trkpt lat="-7.73668002" lon="112.57480999">
   <ele>3086.56</ele>
  </trkpt>
  <trkpt lat="-7.73669000" lon="112.57483003">
   <ele>3086.51</ele>
  </trkpt>
  <trkpt lat="-7.73668002" lon="112.57487001">
   <ele>3087.24</ele>
  </trkpt>
  <trkpt lat="-7.73668002" lon="112.57489004">
   <ele>3087.47</ele>
  </trkpt>
  <trkpt lat="-7.73666997" lon="112.57493002">
   <ele>3088.16</ele>
  </trkpt>
  <trkpt lat="-7.73665999" lon="112.57496003">
   <ele>3088.58</ele>
  </trkpt>
  <trkpt lat="-7.73664004" lon="112.57497998">
   <ele>3088.86</ele>
  </trkpt>
  <trkpt lat="-7.73662001" lon="112.57500999">
   <ele>3089.2</ele>
  </trkpt>
  <trkpt lat="-7.73661003" lon="112.57503002">
   <ele>3089.34</ele>
  </trkpt>
  <trkpt lat="-7.73659998" lon="112.57506003">
   <ele>3089.55</ele>
  </trkpt>
  <trkpt lat="-7.73659998" lon="112.57509003">
   <ele>3089.71</ele>
  </trkpt>
  <trkpt lat="-7.73661003" lon="112.57512004">
   <ele>3089.73</ele>
  </trkpt>
  <trkpt lat="-7.73662998" lon="112.57514996">
   <ele>3089.56</ele>
  </trkpt>
  <trkpt lat="-7.73662998" lon="112.57517997">
   <ele>3089.65</ele>
  </trkpt>
  <trkpt lat="-7.73662001" lon="112.57520998">
   <ele>3089.93</ele>
  </trkpt>
  <trkpt lat="-7.73662001" lon="112.57523001">
   <ele>3090</ele>
  </trkpt>
  <trkpt lat="-7.73662998" lon="112.57526002">
   <ele>3089.87</ele>
  </trkpt>
  <trkpt lat="-7.73665999" lon="112.57527997">
   <ele>3089.2</ele>
  </trkpt>
  <trkpt lat="-7.73666997" lon="112.57530998">
   <ele>3089.46</ele>
  </trkpt>
  <trkpt lat="-7.73668002" lon="112.57533998">
   <ele>3089.88</ele>
  </trkpt>
  <trkpt lat="-7.73668002" lon="112.57536999">
   <ele>3090.33</ele>
  </trkpt>
  <trkpt lat="-7.73668002" lon="112.57540997">
   <ele>3090.92</ele>
  </trkpt>
  <trkpt lat="-7.73668002" lon="112.57543998">
   <ele>3091.37</ele>
  </trkpt>
  <trkpt lat="-7.73666997" lon="112.57546999">
   <ele>3091.78</ele>
  </trkpt>
  <trkpt lat="-7.73666997" lon="112.57550997">
   <ele>3092.36</ele>
  </trkpt>
  <trkpt lat="-7.73665002" lon="112.57553997">
   <ele>3092.86</ele>
  </trkpt>
  <trkpt lat="-7.73664004" lon="112.57556998">
   <ele>3093.35</ele>
  </trkpt>
  <trkpt lat="-7.73664004" lon="112.57559999">
   <ele>3093.88</ele>
  </trkpt>
  <trkpt lat="-7.73662998" lon="112.57563997">
   <ele>3094.61</ele>
  </trkpt>
  <trkpt lat="-7.73662001" lon="112.57566998">
   <ele>3095.16</ele>
  </trkpt>
  <trkpt lat="-7.73661003" lon="112.57570996">
   <ele>3095.87</ele>
  </trkpt>
  <trkpt lat="-7.73659998" lon="112.57573997">
   <ele>3096.4</ele>
  </trkpt>
  <trkpt lat="-7.73658003" lon="112.57576000">
   <ele>3096.76</ele>
  </trkpt>
  <trkpt lat="-7.73655002" lon="112.57578003">
   <ele>3097.12</ele>
  </trkpt>
  <trkpt lat="-7.73652999" lon="112.57579998">
   <ele>3097.46</ele>
  </trkpt>
  <trkpt lat="-7.73652001" lon="112.57582999">
   <ele>3097.95</ele>
  </trkpt>
  <trkpt lat="-7.73649998" lon="112.57586000">
   <ele>3098.06</ele>
  </trkpt>
  <trkpt lat="-7.73648003" lon="112.57588003">
   <ele>3098.05</ele>
  </trkpt>
  <trkpt lat="-7.73646000" lon="112.57589998">
   <ele>3098.01</ele>
  </trkpt>
  <trkpt lat="-7.73643997" lon="112.57592001">
   <ele>3097.92</ele>
  </trkpt>
  <trkpt lat="-7.73642002" lon="112.57595002">
   <ele>3097.77</ele>
  </trkpt>
  <trkpt lat="-7.73639998" lon="112.57595999">
   <ele>3097.62</ele>
  </trkpt>
  <trkpt lat="-7.73636998" lon="112.57596997">
   <ele>3097.44</ele>
  </trkpt>
  <trkpt lat="-7.73633997" lon="112.57598002">
   <ele>3097.29</ele>
  </trkpt>
  <trkpt lat="-7.73632002" lon="112.57599000">
   <ele>3097.16</ele>
  </trkpt>
  <trkpt lat="-7.73629999" lon="112.57601003">
   <ele>3096.96</ele>
  </trkpt>
  <trkpt lat="-7.73628004" lon="112.57604004">
   <ele>3096.67</ele>
  </trkpt>
  <trkpt lat="-7.73626001" lon="112.57605001">
   <ele>3096.5</ele>
  </trkpt>
  <trkpt lat="-7.73623000" lon="112.57605999">
   <ele>3096.25</ele>
  </trkpt>
  <trkpt lat="-7.73619999" lon="112.57605999">
   <ele>3096.07</ele>
  </trkpt>
  <trkpt lat="-7.73617996" lon="112.57606996">
   <ele>3095.87</ele>
  </trkpt>
  <trkpt lat="-7.73616998" lon="112.57604004">
   <ele>3096.08</ele>
  </trkpt>
  <trkpt lat="-7.73616001" lon="112.57602001">
   <ele>3096.22</ele>
  </trkpt>
  <trkpt lat="-7.73613998" lon="112.57599997">
   <ele>3096.32</ele>
  </trkpt>
  <trkpt lat="-7.73612003" lon="112.57598002">
   <ele>3096.45</ele>
  </trkpt>
  <trkpt lat="-7.73610000" lon="112.57595002">
   <ele>3096.47</ele>
  </trkpt>
  <trkpt lat="-7.73610997" lon="112.57592998">
   <ele>3096.93</ele>
  </trkpt>
  <trkpt lat="-7.73610997" lon="112.57589998">
   <ele>3097.26</ele>
  </trkpt>
  <trkpt lat="-7.73610997" lon="112.57586997">
   <ele>3097.59</ele>
  </trkpt>
  <trkpt lat="-7.73610000" lon="112.57583996">
   <ele>3097.8</ele>
  </trkpt>
  <trkpt lat="-7.73607996" lon="112.57581004">
   <ele>3097.78</ele>
  </trkpt>
  <trkpt lat="-7.73606999" lon="112.57579001">
   <ele>3097.78</ele>
  </trkpt>
  <trkpt lat="-7.73606001" lon="112.57576000">
   <ele>3097.86</ele>
  </trkpt>
  <trkpt lat="-7.73603998" lon="112.57573997">
   <ele>3097.83</ele>
  </trkpt>
  <trkpt lat="-7.73600997" lon="112.57575002">
   <ele>3097.54</ele>
  </trkpt>
  <trkpt lat="-7.73597997" lon="112.57576000">
   <ele>3097.22</ele>
  </trkpt>
  <trkpt lat="-7.73596002" lon="112.57576000">
   <ele>3097.06</ele>
  </trkpt>
  <trkpt lat="-7.73596999" lon="112.57579001">
   <ele>3096.87</ele>
  </trkpt>
  <trkpt lat="-7.73596999" lon="112.57582001">
   <ele>3096.6</ele>
  </trkpt>
  <trkpt lat="-7.73596002" lon="112.57585002">
   <ele>3095.89</ele>
  </trkpt>
  <trkpt lat="-7.73593999" lon="112.57588003">
   <ele>3094.72</ele>
  </trkpt>
  <trkpt lat="-7.73592004" lon="112.57589998">
   <ele>3093.73</ele>
  </trkpt>
  <trkpt lat="-7.73589003" lon="112.57592001">
   <ele>3092.44</ele>
  </trkpt>
  <trkpt lat="-7.73587000" lon="112.57592998">
   <ele>3091.63</ele>
  </trkpt>
  <trkpt lat="-7.73583001" lon="112.57593996">
   <ele>3090.36</ele>
  </trkpt>
  <trkpt lat="-7.73580998" lon="112.57595002">
   <ele>3089.74</ele>
  </trkpt>
  <trkpt lat="-7.73577997" lon="112.57595999">
   <ele>3089.04</ele>
  </trkpt>
  <trkpt lat="-7.73574997" lon="112.57596997">
   <ele>3088.34</ele>
  </trkpt>
  <trkpt lat="-7.73571996" lon="112.57596997">
   <ele>3088.07</ele>
  </trkpt>
  <trkpt lat="-7.73569004" lon="112.57595999">
   <ele>3088.22</ele>
  </trkpt>
  <trkpt lat="-7.73564997" lon="112.57595002">
   <ele>3088.26</ele>
  </trkpt>
  <trkpt lat="-7.73563002" lon="112.57593996">
   <ele>3088.48</ele>
  </trkpt>
  <trkpt lat="-7.73560999" lon="112.57592001">
   <ele>3089.09</ele>
  </trkpt>
  <trkpt lat="-7.73559004" lon="112.57589000">
   <ele>3090.1</ele>
  </trkpt>
  <trkpt lat="-7.73557001" lon="112.57586997">
   <ele>3090.7</ele>
  </trkpt>
  <trkpt lat="-7.73554000" lon="112.57585002">
   <ele>3091</ele>
  </trkpt>
  <trkpt lat="-7.73550999" lon="112.57582999">
   <ele>3091.02</ele>
  </trkpt>
  <trkpt lat="-7.73548996" lon="112.57581004">
   <ele>3090.6</ele>
  </trkpt>
  <trkpt lat="-7.73546004" lon="112.57579001">
   <ele>3089.99</ele>
  </trkpt>
  <trkpt lat="-7.73543003" lon="112.57578003">
   <ele>3089.37</ele>
  </trkpt>
  <trkpt lat="-7.73540002" lon="112.57576997">
   <ele>3088.77</ele>
  </trkpt>
  <trkpt lat="-7.73537999" lon="112.57576000">
   <ele>3088.37</ele>
  </trkpt>
  <trkpt lat="-7.73534998" lon="112.57575002">
   <ele>3087.78</ele>
  </trkpt>
  <trkpt lat="-7.73531998" lon="112.57575002">
   <ele>3087.17</ele>
  </trkpt>
  <trkpt lat="-7.73528997" lon="112.57573997">
   <ele>3086.59</ele>
  </trkpt>
  <trkpt lat="-7.73525996" lon="112.57573997">
   <ele>3086.64</ele>
  </trkpt>
  <trkpt lat="-7.73523004" lon="112.57575002">
   <ele>3086.99</ele>
  </trkpt>
  <trkpt lat="-7.73521998" lon="112.57572002">
   <ele>3087.69</ele>
  </trkpt>
  <trkpt lat="-7.73524999" lon="112.57572999">
   <ele>3086.92</ele>
  </trkpt>
  <trkpt lat="-7.73527002" lon="112.57570996">
   <ele>3086.64</ele>
  </trkpt>
  <trkpt lat="-7.73524001" lon="112.57572999">
   <ele>3087.11</ele>
  </trkpt>
  <trkpt lat="-7.73521001" lon="112.57572999">
   <ele>3087.7</ele>
  </trkpt>
  <trkpt lat="-7.73524001" lon="112.57573997">
   <ele>3086.98</ele>
  </trkpt>
  <trkpt lat="-7.73520003" lon="112.57572999">
   <ele>3087.9</ele>
  </trkpt>
  <trkpt lat="-7.73517002" lon="112.57572999">
   <ele>3088.48</ele>
  </trkpt>
  <trkpt lat="-7.73514002" lon="112.57572002">
   <ele>3089.46</ele>
  </trkpt>
  <trkpt lat="-7.73511001" lon="112.57572999">
   <ele>3089.66</ele>
  </trkpt>
  <trkpt lat="-7.73508000" lon="112.57572999">
   <ele>3090.25</ele>
  </trkpt>
  <trkpt lat="-7.73504002" lon="112.57572999">
   <ele>3091.03</ele>
  </trkpt>
  <trkpt lat="-7.73501001" lon="112.57570996">
   <ele>3093.08</ele>
  </trkpt>
  <trkpt lat="-7.73502996" lon="112.57573997">
   <ele>3090.55</ele>
  </trkpt>
  <trkpt lat="-7.73500004" lon="112.57572002">
   <ele>3092.57</ele>
  </trkpt>
  <trkpt lat="-7.73497003" lon="112.57570996">
   <ele>3095.08</ele>
  </trkpt>
  <trkpt lat="-7.73492997" lon="112.57569999">
   <ele>3098.05</ele>
  </trkpt>
  <trkpt lat="-7.73489996" lon="112.57569001">
   <ele>3100.34</ele>
  </trkpt>
  <trkpt lat="-7.73487004" lon="112.57568004">
   <ele>3102.53</ele>
  </trkpt>
  <trkpt lat="-7.73484003" lon="112.57566998">
   <ele>3104.62</ele>
  </trkpt>
  <trkpt lat="-7.73481002" lon="112.57565003">
   <ele>3107.04</ele>
  </trkpt>
  <trkpt lat="-7.73478001" lon="112.57563997">
   <ele>3108.87</ele>
  </trkpt>
  <trkpt lat="-7.73475001" lon="112.57563000">
   <ele>3110.61</ele>
  </trkpt>
  <trkpt lat="-7.73472000" lon="112.57563000">
   <ele>3111.95</ele>
  </trkpt>
  <trkpt lat="-7.73468999" lon="112.57563000">
   <ele>3113.26</ele>
  </trkpt>
  <trkpt lat="-7.73465998" lon="112.57563000">
   <ele>3114.56</ele>
  </trkpt>
  <trkpt lat="-7.73462998" lon="112.57562002">
   <ele>3116.1</ele>
  </trkpt>
  <trkpt lat="-7.73459000" lon="112.57560996">
   <ele>3118.04</ele>
  </trkpt>
  <trkpt lat="-7.73456996" lon="112.57562002">
   <ele>3118.68</ele>
  </trkpt>
  <trkpt lat="-7.73454004" lon="112.57563000">
   <ele>3119.78</ele>
  </trkpt>
  <trkpt lat="-7.73451003" lon="112.57563997">
   <ele>3120.9</ele>
  </trkpt>
  <trkpt lat="-7.73449000" lon="112.57565003">
   <ele>3121.61</ele>
  </trkpt>
  <trkpt lat="-7.73445999" lon="112.57566000">
   <ele>3122.8</ele>
  </trkpt>
  <trkpt lat="-7.73442999" lon="112.57566998">
   <ele>3123.74</ele>
  </trkpt>
  <trkpt lat="-7.73439998" lon="112.57566000">
   <ele>3124.74</ele>
  </trkpt>
  <trkpt lat="-7.73438003" lon="112.57563997">
   <ele>3125.68</ele>
  </trkpt>
  <trkpt lat="-7.73435002" lon="112.57562002">
   <ele>3127</ele>
  </trkpt>
  <trkpt lat="-7.73432001" lon="112.57560996">
   <ele>3128.17</ele>
  </trkpt>
  <trkpt lat="-7.73429001" lon="112.57560996">
   <ele>3129.12</ele>
  </trkpt>
  <trkpt lat="-7.73426000" lon="112.57560996">
   <ele>3130.08</ele>
  </trkpt>
  <trkpt lat="-7.73422999" lon="112.57559999">
   <ele>3131.34</ele>
  </trkpt>
  <trkpt lat="-7.73419999" lon="112.57559999">
   <ele>3132.32</ele>
  </trkpt>
  <trkpt lat="-7.73416000" lon="112.57559999">
   <ele>3133.42</ele>
  </trkpt>
  <trkpt lat="-7.73413000" lon="112.57559999">
   <ele>3133.5</ele>
  </trkpt>
  <trkpt lat="-7.73409999" lon="112.57559999">
   <ele>3133.58</ele>
  </trkpt>
  <trkpt lat="-7.73408004" lon="112.57560996">
   <ele>3133.4</ele>
  </trkpt>
  <trkpt lat="-7.73405003" lon="112.57563000">
   <ele>3133.14</ele>
  </trkpt>
  <trkpt lat="-7.73402003" lon="112.57563997">
   <ele>3133.2</ele>
  </trkpt>
  <trkpt lat="-7.73399002" lon="112.57565003">
   <ele>3133.34</ele>
  </trkpt>
  <trkpt lat="-7.73396001" lon="112.57566000">
   <ele>3133.57</ele>
  </trkpt>
  <trkpt lat="-7.73393000" lon="112.57565003">
   <ele>3133.93</ele>
  </trkpt>
  <trkpt lat="-7.73390000" lon="112.57565003">
   <ele>3134.23</ele>
  </trkpt>
  <trkpt lat="-7.73386002" lon="112.57563997">
   <ele>3134.36</ele>
  </trkpt>
  <trkpt lat="-7.73383001" lon="112.57563997">
   <ele>3134.42</ele>
  </trkpt>
  <trkpt lat="-7.73380000" lon="112.57563997">
   <ele>3134.49</ele>
  </trkpt>
  <trkpt lat="-7.73380000" lon="112.57566998">
   <ele>3134.32</ele>
  </trkpt>
  <trkpt lat="-7.73383001" lon="112.57568004">
   <ele>3134.32</ele>
  </trkpt>
  <trkpt lat="-7.73380000" lon="112.57566000">
   <ele>3134.37</ele>
  </trkpt>
  <trkpt lat="-7.73377997" lon="112.57565003">
   <ele>3134.45</ele>
  </trkpt>
  <trkpt lat="-7.73374996" lon="112.57565003">
   <ele>3134.48</ele>
  </trkpt>
  <trkpt lat="-7.73372004" lon="112.57565003">
   <ele>3134.51</ele>
  </trkpt>
  <trkpt lat="-7.73369003" lon="112.57563997">
   <ele>3134.71</ele>
  </trkpt>
  <trkpt lat="-7.73366002" lon="112.57563997">
   <ele>3134.77</ele>
  </trkpt>
  <trkpt lat="-7.73361996" lon="112.57563000">
   <ele>3135.1</ele>
  </trkpt>
  <trkpt lat="-7.73359003" lon="112.57563000">
   <ele>3134.41</ele>
  </trkpt>
  <trkpt lat="-7.73356003" lon="112.57563997">
   <ele>3133.18</ele>
  </trkpt>
  <trkpt lat="-7.73353002" lon="112.57563997">
   <ele>3132.19</ele>
  </trkpt>
  <trkpt lat="-7.73350001" lon="112.57566000">
   <ele>3130.87</ele>
  </trkpt>
  <trkpt lat="-7.73349004" lon="112.57568004">
   <ele>3130.24</ele>
  </trkpt>
  <trkpt lat="-7.73346003" lon="112.57569999">
   <ele>3129.07</ele>
  </trkpt>
  <trkpt lat="-7.73343002" lon="112.57570996">
   <ele>3128.11</ele>
  </trkpt>
  <trkpt lat="-7.73341997" lon="112.57573997">
   <ele>3127.52</ele>
  </trkpt>
  <trkpt lat="-7.73341997" lon="112.57576000">
   <ele>3127.32</ele>
  </trkpt>
  <trkpt lat="-7.73340999" lon="112.57579001">
   <ele>3126.79</ele>
  </trkpt>
  <trkpt lat="-7.73338996" lon="112.57581004">
   <ele>3126.21</ele>
  </trkpt>
  <trkpt lat="-7.73337998" lon="112.57583996">
   <ele>3125.84</ele>
  </trkpt>
  <trkpt lat="-7.73337998" lon="112.57586997">
   <ele>3125.84</ele>
  </trkpt>
  <trkpt lat="-7.73337001" lon="112.57589998">
   <ele>3125.71</ele>
  </trkpt>
  <trkpt lat="-7.73334998" lon="112.57592001">
   <ele>3125.5</ele>
  </trkpt>
  <trkpt lat="-7.73331997" lon="112.57592998">
   <ele>3125.07</ele>
  </trkpt>
  <trkpt lat="-7.73328996" lon="112.57592998">
   <ele>3124.44</ele>
  </trkpt>
  <trkpt lat="-7.73326004" lon="112.57592001">
   <ele>3123.88</ele>
  </trkpt>
  <trkpt lat="-7.73324001" lon="112.57591004">
   <ele>3123.58</ele>
  </trkpt>
  <trkpt lat="-7.73321000" lon="112.57589000">
   <ele>3123.32</ele>
  </trkpt>
  <trkpt lat="-7.73318997" lon="112.57588003">
   <ele>3123.18</ele>
  </trkpt>
  <trkpt lat="-7.73315996" lon="112.57586997">
   <ele>3122.98</ele>
  </trkpt>
  <trkpt lat="-7.73313004" lon="112.57585002">
   <ele>3123.11</ele>
  </trkpt>
  <trkpt lat="-7.73311000" lon="112.57583996">
   <ele>3123.2</ele>
  </trkpt>
  <trkpt lat="-7.73308000" lon="112.57582999">
   <ele>3123.18</ele>
  </trkpt>
  <trkpt lat="-7.73307002" lon="112.57579998">
   <ele>3123.11</ele>
  </trkpt>
 </trkseg>
</trk>
<trk>
 <name>Track 042</name>
 <trkseg>
  <trkpt lat="-7.74946997" lon="112.53476998">
   <ele>1739.86</ele>
  </trkpt>
  <trkpt lat="-7.74945999" lon="112.53482002">
   <ele>1739.69</ele>
  </trkpt>
  <trkpt lat="-7.74948003" lon="112.53486000">
   <ele>1739.63</ele>
  </trkpt>
  <trkpt lat="-7.74951003" lon="112.53489001">
   <ele>1739.68</ele>
  </trkpt>
  <trkpt lat="-7.74953996" lon="112.53491004">
   <ele>1739.79</ele>
  </trkpt>
  <trkpt lat="-7.74958002" lon="112.53493996">
   <ele>1739.98</ele>
  </trkpt>
  <trkpt lat="-7.74962001" lon="112.53496997">
   <ele>1740.24</ele>
  </trkpt>
  <trkpt lat="-7.74966996" lon="112.53501004">
   <ele>1740.73</ele>
  </trkpt>
  <trkpt lat="-7.74972000" lon="112.53503996">
   <ele>1741.41</ele>
  </trkpt>
  <trkpt lat="-7.74975998" lon="112.53508002">
   <ele>1741.98</ele>
  </trkpt>
  <trkpt lat="-7.74981002" lon="112.53511003">
   <ele>1742.32</ele>
  </trkpt>
  <trkpt lat="-7.74985000" lon="112.53514004">
   <ele>1742.5</ele>
  </trkpt>
  <trkpt lat="-7.74988999" lon="112.53518002">
   <ele>1742.59</ele>
  </trkpt>
  <trkpt lat="-7.74991999" lon="112.53521003">
   <ele>1742.54</ele>
  </trkpt>
  <trkpt lat="-7.74995998" lon="112.53525001">
   <ele>1742.33</ele>
  </trkpt>
  <trkpt lat="-7.74998998" lon="112.53528002">
   <ele>1742.06</ele>
  </trkpt>
  <trkpt lat="-7.75001999" lon="112.53531002">
   <ele>1741.81</ele>
  </trkpt>
  <trkpt lat="-7.75005000" lon="112.53534003">
   <ele>1741.6</ele>
  </trkpt>
  <trkpt lat="-7.75007003" lon="112.53537004">
   <ele>1741.42</ele>
  </trkpt>
  <trkpt lat="-7.75010004" lon="112.53539996">
   <ele>1741.2</ele>
  </trkpt>
  <trkpt lat="-7.75014002" lon="112.53544003">
   <ele>1740.91</ele>
  </trkpt>
  <trkpt lat="-7.75017003" lon="112.53547003">
   <ele>1740.7</ele>
  </trkpt>
  <trkpt lat="-7.75020003" lon="112.53551002">
   <ele>1740.44</ele>
  </trkpt>
  <trkpt lat="-7.75023004" lon="112.53554002">
   <ele>1740.23</ele>
  </trkpt>
  <trkpt lat="-7.75027002" lon="112.53558001">
   <ele>1741.15</ele>
  </trkpt>
  <trkpt lat="-7.75030003" lon="112.53561001">
   <ele>1742.9</ele>
  </trkpt>
  <trkpt lat="-7.75033004" lon="112.53564999">
   <ele>1745.04</ele>
  </trkpt>
  <trkpt lat="-7.75037002" lon="112.53568000">
   <ele>1746.63</ele>
  </trkpt>
  <trkpt lat="-7.75040003" lon="112.53571998">
   <ele>1748.25</ele>
  </trkpt>
  <trkpt lat="-7.75043003" lon="112.53574999">
   <ele>1749.32</ele>
  </trkpt>
  <trkpt lat="-7.75046004" lon="112.53578000">
   <ele>1750.2</ele>
  </trkpt>
  <trkpt lat="-7.75048996" lon="112.53581000">
   <ele>1750.89</ele>
  </trkpt>
  <trkpt lat="-7.75051000" lon="112.53583004">
   <ele>1751.25</ele>
  </trkpt>
  <trkpt lat="-7.75054000" lon="112.53585996">
   <ele>1750.81</ele>
  </trkpt>
  <trkpt lat="-7.75057001" lon="112.53590003">
   <ele>1750.15</ele>
  </trkpt>
  <trkpt lat="-7.75060002" lon="112.53593003">
   <ele>1749.59</ele>
  </trkpt>
  <trkpt lat="-7.75063002" lon="112.53596004">
   <ele>1749.07</ele>
  </trkpt>
  <trkpt lat="-7.75066003" lon="112.53598996">
   <ele>1748.6</ele>
  </trkpt>
  <trkpt lat="-7.75069004" lon="112.53601997">
   <ele>1748.18</ele>
  </trkpt>
  <trkpt lat="-7.75070999" lon="112.53604998">
   <ele>1747.86</ele>
  </trkpt>
  <trkpt lat="-7.75074000" lon="112.53607999">
   <ele>1747.52</ele>
  </trkpt>
  <trkpt lat="-7.75077000" lon="112.53610999">
   <ele>1747.23</ele>
  </trkpt>
  <trkpt lat="-7.75080001" lon="112.53614000">
   <ele>1747.15</ele>
  </trkpt>
  <trkpt lat="-7.75083002" lon="112.53617001">
   <ele>1747.21</ele>
  </trkpt>
  <trkpt lat="-7.75086002" lon="112.53620001">
   <ele>1747.64</ele>
  </trkpt>
  <trkpt lat="-7.75089003" lon="112.53623002">
   <ele>1748.07</ele>
  </trkpt>
  <trkpt lat="-7.75092004" lon="112.53626003">
   <ele>1748.45</ele>
  </trkpt>
  <trkpt lat="-7.75094996" lon="112.53629004">
   <ele>1748.78</ele>
  </trkpt>
  <trkpt lat="-7.75097997" lon="112.53630999">
   <ele>1749.07</ele>
  </trkpt>
  <trkpt lat="-7.75100998" lon="112.53633999">
   <ele>1749.32</ele>
  </trkpt>
  <trkpt lat="-7.75103001" lon="112.53636003">
   <ele>1749.46</ele>
  </trkpt>
  <trkpt lat="-7.75106002" lon="112.53637997">
   <ele>1749.65</ele>
  </trkpt>
  <trkpt lat="-7.75107997" lon="112.53640001">
   <ele>1750.13</ele>
  </trkpt>
  <trkpt lat="-7.75110997" lon="112.53643001">
   <ele>1751.32</ele>
  </trkpt>
  <trkpt lat="-7.75115004" lon="112.53644996">
   <ele>1752.26</ele>
  </trkpt>
  <trkpt lat="-7.75119002" lon="112.53649003">
   <ele>1753.84</ele>
  </trkpt>
  <trkpt lat="-7.75120997" lon="112.53652004">
   <ele>1754.96</ele>
  </trkpt>
  <trkpt lat="-7.75123000" lon="112.53653998">
   <ele>1755.75</ele>
  </trkpt>
  <trkpt lat="-7.75125003" lon="112.53656002">
   <ele>1756.54</ele>
  </trkpt>
  <trkpt lat="-7.75126998" lon="112.53659002">
   <ele>1757.66</ele>
  </trkpt>
  <trkpt lat="-7.75129002" lon="112.53660997">
   <ele>1758.45</ele>
  </trkpt>
  <trkpt lat="-7.75130996" lon="112.53663001">
   <ele>1759.24</ele>
  </trkpt>
  <trkpt lat="-7.75133000" lon="112.53665004">
   <ele>1760.04</ele>
  </trkpt>
  <trkpt lat="-7.75135003" lon="112.53666999">
   <ele>1760.82</ele>
  </trkpt>
  <trkpt lat="-7.75136998" lon="112.53669002">
   <ele>1761.55</ele>
  </trkpt>
  <trkpt lat="-7.75139001" lon="112.53670997">
   <ele>1762.26</ele>
  </trkpt>
  <trkpt lat="-7.75142002" lon="112.53673000">
   <ele>1763.3</ele>
  </trkpt>
  <trkpt lat="-7.75143997" lon="112.53675004">
   <ele>1764.19</ele>
  </trkpt>
  <trkpt lat="-7.75146998" lon="112.53677996">
   <ele>1765.55</ele>
  </trkpt>
  <trkpt lat="-7.75149001" lon="112.53679999">
   <ele>1766.47</ele>
  </trkpt>
  <trkpt lat="-7.75151004" lon="112.53683000">
   <ele>1767.7</ele>
  </trkpt>
  <trkpt lat="-7.75153996" lon="112.53685003">
   <ele>1768.82</ele>
  </trkpt>
  <trkpt lat="-7.75156000" lon="112.53688004">
   <ele>1770.08</ele>
  </trkpt>
  <trkpt lat="-7.75159000" lon="112.53689999">
   <ele>1771.22</ele>
  </trkpt>
  <trkpt lat="-7.75161004" lon="112.53692999">
   <ele>1772.52</ele>
  </trkpt>
  <trkpt lat="-7.75163996" lon="112.53696000">
   <ele>1773.64</ele>
  </trkpt>
  <trkpt lat="-7.75165999" lon="112.53698003">
   <ele>1774.14</ele>
  </trkpt>
  <trkpt lat="-7.75169000" lon="112.53699998">
   <ele>1774.64</ele>
  </trkpt>
  <trkpt lat="-7.75171003" lon="112.53702999">
   <ele>1775.04</ele>
  </trkpt>
  <trkpt lat="-7.75174004" lon="112.53705002">
   <ele>1775.45</ele>
  </trkpt>
  <trkpt lat="-7.75175999" lon="112.53706997">
   <ele>1775.76</ele>
  </trkpt>
  <trkpt lat="-7.75178002" lon="112.53709001">
   <ele>1776.06</ele>
  </trkpt>
  <trkpt lat="-7.75181003" lon="112.53709998">
   <ele>1776.38</ele>
  </trkpt>
  <trkpt lat="-7.75184004" lon="112.53712001">
   <ele>1776.74</ele>
  </trkpt>
  <trkpt lat="-7.75185999" lon="112.53713996">
   <ele>1777.01</ele>
  </trkpt>
  <trkpt lat="-7.75188999" lon="112.53715999">
   <ele>1777.34</ele>
  </trkpt>
  <trkpt lat="-7.75191003" lon="112.53716997">
   <ele>1777.54</ele>
  </trkpt>
  <trkpt lat="-7.75194003" lon="112.53719000">
   <ele>1777.85</ele>
  </trkpt>
  <trkpt lat="-7.75195998" lon="112.53719998">
   <ele>1778.39</ele>
  </trkpt>
  <trkpt lat="-7.75198001" lon="112.53722001">
   <ele>1779.14</ele>
  </trkpt>
  <trkpt lat="-7.75201002" lon="112.53722998">
   <ele>1780.35</ele>
  </trkpt>
  <trkpt lat="-7.75202997" lon="112.53725002">
   <ele>1781.55</ele>
  </trkpt>
  <trkpt lat="-7.75205000" lon="112.53726996">
   <ele>1782.71</ele>
  </trkpt>
  <trkpt lat="-7.75208001" lon="112.53729000">
   <ele>1784.11</ele>
  </trkpt>
  <trkpt lat="-7.75209996" lon="112.53731003">
   <ele>1785.18</ele>
  </trkpt>
  <trkpt lat="-7.75212997" lon="112.53732998">
   <ele>1786.47</ele>
  </trkpt>
  <trkpt lat="-7.75215000" lon="112.53735001">
   <ele>1787.44</ele>
  </trkpt>
  <trkpt lat="-7.75218998" lon="112.53736996">
   <ele>1788.86</ele>
  </trkpt>
  <trkpt lat="-7.75221001" lon="112.53738999">
   <ele>1789.73</ele>
  </trkpt>
  <trkpt lat="-7.75224002" lon="112.53741003">
   <ele>1791.07</ele>
  </trkpt>
  <trkpt lat="-7.75227003" lon="112.53742000">
   <ele>1792.45</ele>
  </trkpt>
  <trkpt lat="-7.75230004" lon="112.53742998">
   <ele>1793.89</ele>
  </trkpt>
  <trkpt lat="-7.75231998" lon="112.53742998">
   <ele>1794.7</ele>
  </trkpt>
  <trkpt lat="-7.75238000" lon="112.53741003">
   <ele>1796.48</ele>
  </trkpt>
  <trkpt lat="-7.75240003" lon="112.53738999">
   <ele>1796.57</ele>
  </trkpt>
  <trkpt lat="-7.75241998" lon="112.53736996">
   <ele>1796.58</ele>
  </trkpt>
  <trkpt lat="-7.75244001" lon="112.53735001">
   <ele>1796.53</ele>
  </trkpt>
  <trkpt lat="-7.75245996" lon="112.53732998">
   <ele>1796.4</ele>
  </trkpt>
  <trkpt lat="-7.75250003" lon="112.53729997">
   <ele>1796.36</ele>
  </trkpt>
  <trkpt lat="-7.75254001" lon="112.53726996">
   <ele>1797.27</ele>
  </trkpt>
  <trkpt lat="-7.75257999" lon="112.53722998">
   <ele>1797.91</ele>
  </trkpt>
  <trkpt lat="-7.75260002" lon="112.53721003">
   <ele>1798.38</ele>
  </trkpt>
  <trkpt lat="-7.75261997" lon="112.53719000">
   <ele>1798.88</ele>
  </trkpt>
  <trkpt lat="-7.75264998" lon="112.53715002">
   <ele>1799.28</ele>
  </trkpt>
  <trkpt lat="-7.75267001" lon="112.53712999">
   <ele>1799.73</ele>
  </trkpt>
  <trkpt lat="-7.75270999" lon="112.53709001">
   <ele>1800.57</ele>
  </trkpt>
  <trkpt lat="-7.75274000" lon="112.53706000">
   <ele>1801.14</ele>
  </trkpt>
  <trkpt lat="-7.75277998" lon="112.53702999">
   <ele>1802.25</ele>
  </trkpt>
  <trkpt lat="-7.75281996" lon="112.53699001">
   <ele>1804.24</ele>
  </trkpt>
  <trkpt lat="-7.75284997" lon="112.53696998">
   <ele>1806.35</ele>
  </trkpt>
  <trkpt lat="-7.75287000" lon="112.53696000">
   <ele>1807.93</ele>
  </trkpt>
  <trkpt lat="-7.75290999" lon="112.53692999">
   <ele>1810.64</ele>
  </trkpt>
  <trkpt lat="-7.75294997" lon="112.53689999">
   <ele>1812.51</ele>
  </trkpt>
  <trkpt lat="-7.75297998" lon="112.53686001">
   <ele>1812.48</ele>
  </trkpt>
  <trkpt lat="-7.75300001" lon="112.53685003">
   <ele>1813.34</ele>
  </trkpt>
  <trkpt lat="-7.75302004" lon="112.53683000">
   <ele>1813.4</ele>
  </trkpt>
  <trkpt lat="-7.75306002" lon="112.53679002">
   <ele>1812.93</ele>
  </trkpt>
  <trkpt lat="-7.75309003" lon="112.53676001">
   <ele>1811.83</ele>
  </trkpt>
  <trkpt lat="-7.75313001" lon="112.53672003">
   <ele>1810.96</ele>
  </trkpt>
  <trkpt lat="-7.75316002" lon="112.53669002">
   <ele>1810.73</ele>
  </trkpt>
  <trkpt lat="-7.75320000" lon="112.53666001">
   <ele>1811.49</ele>
  </trkpt>
  <trkpt lat="-7.75323001" lon="112.53662003">
   <ele>1811.35</ele>
  </trkpt>
  <trkpt lat="-7.75326999" lon="112.53657997">
   <ele>1812.02</ele>
  </trkpt>
  <trkpt lat="-7.75330000" lon="112.53654996">
   <ele>1812.67</ele>
  </trkpt>
  <trkpt lat="-7.75333000" lon="112.53653001">
   <ele>1813.86</ele>
  </trkpt>
  <trkpt lat="-7.75335004" lon="112.53650998">
   <ele>1813.91</ele>
  </trkpt>
  <trkpt lat="-7.75336999" lon="112.53649003">
   <ele>1813.89</ele>
  </trkpt>
  <trkpt lat="-7.75339002" lon="112.53647000">
   <ele>1813.92</ele>
  </trkpt>
  <trkpt lat="-7.75340997" lon="112.53644996">
   <ele>1813.99</ele>
  </trkpt>
  <trkpt lat="-7.75343997" lon="112.53640998">
   <ele>1813.79</ele>
  </trkpt>
  <trkpt lat="-7.75346998" lon="112.53637997">
   <ele>1814.07</ele>
  </trkpt>
  <trkpt lat="-7.75349001" lon="112.53636003">
   <ele>1814.36</ele>
  </trkpt>
  <trkpt lat="-7.75352002" lon="112.53631996">
   <ele>1814.68</ele>
  </trkpt>
  <trkpt lat="-7.75355003" lon="112.53627000">
   <ele>1815.06</ele>
  </trkpt>
  <trkpt lat="-7.75356998" lon="112.53624997">
   <ele>1815.84</ele>
  </trkpt>
  <trkpt lat="-7.75359998" lon="112.53621996">
   <ele>1817.2</ele>
  </trkpt>
  <trkpt lat="-7.75362002" lon="112.53620001">
   <ele>1818.05</ele>
  </trkpt>
  <trkpt lat="-7.75363997" lon="112.53617998">
   <ele>1818.7</ele>
  </trkpt>
  <trkpt lat="-7.75366000" lon="112.53614997">
   <ele>1819.16</ele>
  </trkpt>
  <trkpt lat="-7.75369001" lon="112.53610999">
   <ele>1819.93</ele>
  </trkpt>
  <trkpt lat="-7.75372999" lon="112.53607001">
   <ele>1820.24</ele>
  </trkpt>
  <trkpt lat="-7.75373996" lon="112.53604998">
   <ele>1819.93</ele>
  </trkpt>
  <trkpt lat="-7.75376997" lon="112.53601000">
   <ele>1819.95</ele>
  </trkpt>
  <trkpt lat="-7.75379000" lon="112.53597999">
   <ele>1819.93</ele>
  </trkpt>
  <trkpt lat="-7.75381004" lon="112.53596004">
   <ele>1820.36</ele>
  </trkpt>
  <trkpt lat="-7.75382998" lon="112.53594001">
   <ele>1820.84</ele>
  </trkpt>
  <trkpt lat="-7.75385002" lon="112.53591000">
   <ele>1821.02</ele>
  </trkpt>
  <trkpt lat="-7.75386997" lon="112.53588997">
   <ele>1821.61</ele>
  </trkpt>
  <trkpt lat="-7.75389000" lon="112.53587002">
   <ele>1822.25</ele>
  </trkpt>
  <trkpt lat="-7.75392001" lon="112.53583004">
   <ele>1822.53</ele>
  </trkpt>
  <trkpt lat="-7.75394004" lon="112.53581000">
   <ele>1822.71</ele>
  </trkpt>
  <trkpt lat="-7.75395001" lon="112.53578000">
   <ele>1821.93</ele>
  </trkpt>
  <trkpt lat="-7.75398002" lon="112.53573004">
   <ele>1821.45</ele>
  </trkpt>
  <trkpt lat="-7.75399997" lon="112.53571001">
   <ele>1821.76</ele>
  </trkpt>
  <trkpt lat="-7.75402998" lon="112.53567003">
   <ele>1821.87</ele>
  </trkpt>
  <trkpt lat="-7.75405998" lon="112.53562996">
   <ele>1822.08</ele>
  </trkpt>
  <trkpt lat="-7.75408002" lon="112.53561001">
   <ele>1822.53</ele>
  </trkpt>
  <trkpt lat="-7.75409997" lon="112.53558998">
   <ele>1823.01</ele>
  </trkpt>
  <trkpt lat="-7.75412000" lon="112.53555997">
   <ele>1823.14</ele>
  </trkpt>
  <trkpt lat="-7.75414003" lon="112.53554002">
   <ele>1823.87</ele>
  </trkpt>
  <trkpt lat="-7.75417004" lon="112.53551999">
   <ele>1825.26</ele>
  </trkpt>
  <trkpt lat="-7.75418999" lon="112.53548998">
   <ele>1825.5</ele>
  </trkpt>
  <trkpt lat="-7.75421002" lon="112.53547003">
   <ele>1826.02</ele>
  </trkpt>
  <trkpt lat="-7.75424003" lon="112.53542997">
   <ele>1826.63</ele>
  </trkpt>
  <trkpt lat="-7.75427003" lon="112.53538999">
   <ele>1827.33</ele>
  </trkpt>
  <trkpt lat="-7.75428998" lon="112.53535998">
   <ele>1827.78</ele>
  </trkpt>
  <trkpt lat="-7.75431002" lon="112.53534003">
   <ele>1828.48</ele>
  </trkpt>
  <trkpt lat="-7.75432996" lon="112.53531002">
   <ele>1829.02</ele>
  </trkpt>
  <trkpt lat="-7.75435997" lon="112.53528002">
   <ele>1830.18</ele>
  </trkpt>
  <trkpt lat="-7.75440004" lon="112.53525001">
   <ele>1832.26</ele>
  </trkpt>
  <trkpt lat="-7.75444002" lon="112.53521003">
   <ele>1834.48</ele>
  </trkpt>
  <trkpt lat="-7.75445997" lon="112.53519997">
   <ele>1835.2</ele>
  </trkpt>
  <trkpt lat="-7.75448998" lon="112.53518002">
   <ele>1836.08</ele>
  </trkpt>
  <trkpt lat="-7.75451998" lon="112.53515999">
   <ele>1836.98</ele>
  </trkpt>
  <trkpt lat="-7.75454999" lon="112.53514004">
   <ele>1837.92</ele>
  </trkpt>
  <trkpt lat="-7.75457002" lon="112.53512001">
   <ele>1838.56</ele>
  </trkpt>
  <trkpt lat="-7.75460003" lon="112.53509997">
   <ele>1839.56</ele>
  </trkpt>
  <trkpt lat="-7.75463004" lon="112.53509000">
   <ele>1840.57</ele>
  </trkpt>
  <trkpt lat="-7.75464999" lon="112.53506997">
   <ele>1841.28</ele>
  </trkpt>
  <trkpt lat="-7.75467999" lon="112.53505999">
   <ele>1842.33</ele>
  </trkpt>
  <trkpt lat="-7.75471000" lon="112.53503996">
   <ele>1843.43</ele>
  </trkpt>
  <trkpt lat="-7.75473003" lon="112.53502999">
   <ele>1843.89</ele>
  </trkpt>
  <trkpt lat="-7.75477999" lon="112.53499998">
   <ele>1843.79</ele>
  </trkpt>
  <trkpt lat="-7.75481000" lon="112.53499000">
   <ele>1843.7</ele>
  </trkpt>
  <trkpt lat="-7.75484000" lon="112.53496997">
   <ele>1843.7</ele>
  </trkpt>
  <trkpt lat="-7.75487001" lon="112.53495002">
   <ele>1843.77</ele>
  </trkpt>
  <trkpt lat="-7.75488996" lon="112.53493996">
   <ele>1843.83</ele>
  </trkpt>
  <trkpt lat="-7.75491997" lon="112.53492001">
   <ele>1844.03</ele>
  </trkpt>
  <trkpt lat="-7.75494000" lon="112.53489998">
   <ele>1844.27</ele>
  </trkpt>
  <trkpt lat="-7.75497001" lon="112.53488003">
   <ele>1844.6</ele>
  </trkpt>
  <trkpt lat="-7.75500001" lon="112.53486000">
   <ele>1845.02</ele>
  </trkpt>
  <trkpt lat="-7.75503002" lon="112.53483997">
   <ele>1845.9</ele>
  </trkpt>
  <trkpt lat="-7.75506003" lon="112.53482002">
   <ele>1846.7</ele>
  </trkpt>
  <trkpt lat="-7.75509004" lon="112.53479999">
   <ele>1847.4</ele>
  </trkpt>
  <trkpt lat="-7.75511996" lon="112.53478004">
   <ele>1848</ele>
  </trkpt>
  <trkpt lat="-7.75514997" lon="112.53476000">
   <ele>1848.52</ele>
  </trkpt>
  <trkpt lat="-7.75517000" lon="112.53473997">
   <ele>1848.82</ele>
  </trkpt>
  <trkpt lat="-7.75520001" lon="112.53472002">
   <ele>1849.06</ele>
  </trkpt>
  <trkpt lat="-7.75523999" lon="112.53469999">
   <ele>1848.52</ele>
  </trkpt>
  <trkpt lat="-7.75529003" lon="112.53468004">
   <ele>1848.01</ele>
  </trkpt>
  <trkpt lat="-7.75534996" lon="112.53465003">
   <ele>1847.35</ele>
  </trkpt>
  <trkpt lat="-7.75540000" lon="112.53462003">
   <ele>1846.86</ele>
  </trkpt>
  <trkpt lat="-7.75547996" lon="112.53460997">
   <ele>1847.86</ele>
  </trkpt>
  <trkpt lat="-7.75553998" lon="112.53460997">
   <ele>1848.9</ele>
  </trkpt>
  <trkpt lat="-7.75562002" lon="112.53462003">
   <ele>1850.08</ele>
  </trkpt>
  <trkpt lat="-7.75569001" lon="112.53463000">
   <ele>1850.96</ele>
  </trkpt>
  <trkpt lat="-7.75576000" lon="112.53465003">
   <ele>1851.87</ele>
  </trkpt>
  <trkpt lat="-7.75582999" lon="112.53466001">
   <ele>1852.53</ele>
  </trkpt>
  <trkpt lat="-7.75589998" lon="112.53466998">
   <ele>1852.62</ele>
  </trkpt>
  <trkpt lat="-7.75596997" lon="112.53468004">
   <ele>1852.7</ele>
  </trkpt>
  <trkpt lat="-7.75602001" lon="112.53469999">
   <ele>1852.84</ele>
  </trkpt>
  <trkpt lat="-7.75609000" lon="112.53473000">
   <ele>1853.19</ele>
  </trkpt>
  <trkpt lat="-7.75615001" lon="112.53476000">
   <ele>1853.6</ele>
  </trkpt>
  <trkpt lat="-7.75619997" lon="112.53480996">
   <ele>1854.17</ele>
  </trkpt>
  <trkpt lat="-7.75624003" lon="112.53485003">
   <ele>1854.44</ele>
  </trkpt>
  <trkpt lat="-7.75628999" lon="112.53489998">
   <ele>1854.54</ele>
  </trkpt>
  <trkpt lat="-7.75634003" lon="112.53493996">
   <ele>1854.26</ele>
  </trkpt>
  <trkpt lat="-7.75641002" lon="112.53501004">
   <ele>1853.31</ele>
  </trkpt>
  <trkpt lat="-7.75645000" lon="112.53503996">
   <ele>1852.06</ele>
  </trkpt>
  <trkpt lat="-7.75650004" lon="112.53508002">
   <ele>1850.46</ele>
  </trkpt>
  <trkpt lat="-7.75654002" lon="112.53512998">
   <ele>1849.24</ele>
  </trkpt>
  <trkpt lat="-7.75658998" lon="112.53519997">
   <ele>1847.68</ele>
  </trkpt>
  <trkpt lat="-7.75662996" lon="112.53525001">
   <ele>1846.34</ele>
  </trkpt>
  <trkpt lat="-7.75668997" lon="112.53529997">
   <ele>1845.3</ele>
  </trkpt>
  <trkpt lat="-7.75673004" lon="112.53534003">
   <ele>1845.79</ele>
  </trkpt>
  <trkpt lat="-7.75675996" lon="112.53537004">
   <ele>1846.1</ele>
  </trkpt>
  <trkpt lat="-7.75680003" lon="112.53541002">
   <ele>1846.44</ele>
  </trkpt>
  <trkpt lat="-7.75683003" lon="112.53544003">
   <ele>1846.65</ele>
  </trkpt>
  <trkpt lat="-7.75687002" lon="112.53547003">
   <ele>1846.71</ele>
  </trkpt>
  <trkpt lat="-7.75690002" lon="112.53551999">
   <ele>1847.06</ele>
  </trkpt>
  <trkpt lat="-7.75694001" lon="112.53555000">
   <ele>1846.99</ele>
  </trkpt>
  <trkpt lat="-7.75696004" lon="112.53560004">
   <ele>1846.8</ele>
  </trkpt>
  <trkpt lat="-7.75698996" lon="112.53565997">
   <ele>1846.53</ele>
  </trkpt>
  <trkpt lat="-7.75700002" lon="112.53573004">
   <ele>1846.58</ele>
  </trkpt>
  <trkpt lat="-7.75700999" lon="112.53580003">
   <ele>1846.68</ele>
  </trkpt>
  <trkpt lat="-7.75700999" lon="112.53587002">
   <ele>1845.43</ele>
  </trkpt>
  <trkpt lat="-7.75700999" lon="112.53594001">
   <ele>1842.88</ele>
  </trkpt>
  <trkpt lat="-7.75700999" lon="112.53600002">
   <ele>1840.7</ele>
  </trkpt>
  <trkpt lat="-7.75700002" lon="112.53610002">
   <ele>1836.82</ele>
  </trkpt>
  <trkpt lat="-7.75694001" lon="112.53614000">
   <ele>1835.24</ele>
  </trkpt>
  <trkpt lat="-7.75685996" lon="112.53614997">
   <ele>1837.66</ele>
  </trkpt>
  <trkpt lat="-7.75680003" lon="112.53614997">
   <ele>1839.46</ele>
  </trkpt>
  <trkpt lat="-7.75671001" lon="112.53614000">
   <ele>1842.26</ele>
  </trkpt>
  <trkpt lat="-7.75664002" lon="112.53614000">
   <ele>1844.04</ele>
  </trkpt>
  <trkpt lat="-7.75655997" lon="112.53614997">
   <ele>1845.35</ele>
  </trkpt>
  <trkpt lat="-7.75648998" lon="112.53616003">
   <ele>1846.62</ele>
  </trkpt>
  <trkpt lat="-7.75641999" lon="112.53617998">
   <ele>1848.1</ele>
  </trkpt>
  <trkpt lat="-7.75634003" lon="112.53619004">
   <ele>1849.51</ele>
  </trkpt>
  <trkpt lat="-7.75628001" lon="112.53623002">
   <ele>1850.68</ele>
  </trkpt>
  <trkpt lat="-7.75622997" lon="112.53630001">
   <ele>1851.94</ele>
  </trkpt>
  <trkpt lat="-7.75618999" lon="112.53634997">
   <ele>1852.83</ele>
  </trkpt>
  <trkpt lat="-7.75615001" lon="112.53640998">
   <ele>1853.41</ele>
  </trkpt>
  <trkpt lat="-7.75612998" lon="112.53647997">
   <ele>1852.92</ele>
  </trkpt>
  <trkpt lat="-7.75612998" lon="112.53654996">
   <ele>1852.25</ele>
  </trkpt>
  <trkpt lat="-7.75615001" lon="112.53660000">
   <ele>1851.83</ele>
  </trkpt>
  <trkpt lat="-7.75615999" lon="112.53666001">
   <ele>1851.4</ele>
  </trkpt>
  <trkpt lat="-7.75616996" lon="112.53669002">
   <ele>1851.34</ele>
  </trkpt>
  <trkpt lat="-7.75616996" lon="112.53673000">
   <ele>1851.2</ele>
  </trkpt>
  <trkpt lat="-7.75618002" lon="112.53676001">
   <ele>1851.16</ele>
  </trkpt>
  <trkpt lat="-7.75618002" lon="112.53679002">
   <ele>1851.05</ele>
  </trkpt>
  <trkpt lat="-7.75618002" lon="112.53682002">
   <ele>1850.94</ele>
  </trkpt>
  <trkpt lat="-7.75618002" lon="112.53686001">
   <ele>1850.8</ele>
  </trkpt>
  <trkpt lat="-7.75618002" lon="112.53690996">
   <ele>1850.62</ele>
  </trkpt>
  <trkpt lat="-7.75618002" lon="112.53693997">
   <ele>1850.51</ele>
  </trkpt>
  <trkpt lat="-7.75618999" lon="112.53696998">
   <ele>1850.24</ele>
  </trkpt>
  <trkpt lat="-7.75618999" lon="112.53699998">
   <ele>1849.85</ele>
  </trkpt>
  <trkpt lat="-7.75618999" lon="112.53702999">
   <ele>1849.47</ele>
  </trkpt>
  <trkpt lat="-7.75619997" lon="112.53706000">
   <ele>1849.13</ele>
  </trkpt>
  <trkpt lat="-7.75619997" lon="112.53709998">
   <ele>1848.6</ele>
  </trkpt>
  <trkpt lat="-7.75619997" lon="112.53713996">
   <ele>1848.08</ele>
  </trkpt>
  <trkpt lat="-7.75621003" lon="112.53716997">
   <ele>1847.7</ele>
  </trkpt>
  <trkpt lat="-7.75621003" lon="112.53721003">
   <ele>1847.16</ele>
  </trkpt>
  <trkpt lat="-7.75621003" lon="112.53724004">
   <ele>1846.94</ele>
  </trkpt>
  <trkpt lat="-7.75621003" lon="112.53726996">
   <ele>1846.83</ele>
  </trkpt>
  <trkpt lat="-7.75622000" lon="112.53729997">
   <ele>1846.72</ele>
  </trkpt>
  <trkpt lat="-7.75622000" lon="112.53734004">
   <ele>1846.58</ele>
  </trkpt>
  <trkpt lat="-7.75622000" lon="112.53736996">
   <ele>1846.47</ele>
  </trkpt>
  <trkpt lat="-7.75622000" lon="112.53741003">
   <ele>1846.32</ele>
  </trkpt>
  <trkpt lat="-7.75622000" lon="112.53744003">
   <ele>1846.22</ele>
  </trkpt>
  <trkpt lat="-7.75622000" lon="112.53748002">
   <ele>1846.07</ele>
  </trkpt>
  <trkpt lat="-7.75622000" lon="112.53751002">
   <ele>1846.13</ele>
  </trkpt>
  <trkpt lat="-7.75622000" lon="112.53754003">
   <ele>1846.53</ele>
  </trkpt>
  <trkpt lat="-7.75622000" lon="112.53757004">
   <ele>1846.92</ele>
  </trkpt>
  <trkpt lat="-7.75622000" lon="112.53759996">
   <ele>1847.31</ele>
  </trkpt>
  <trkpt lat="-7.75622000" lon="112.53762997">
   <ele>1847.71</ele>
  </trkpt>
  <trkpt lat="-7.75622000" lon="112.53765997">
   <ele>1848.1</ele>
  </trkpt>
  <trkpt lat="-7.75622000" lon="112.53768998">
   <ele>1848.5</ele>
  </trkpt>
  <trkpt lat="-7.75622000" lon="112.53772996">
   <ele>1849.02</ele>
  </trkpt>
  <trkpt lat="-7.75622000" lon="112.53775997">
   <ele>1849.41</ele>
  </trkpt>
  <trkpt lat="-7.75622000" lon="112.53778000">
   <ele>1849.63</ele>
  </trkpt>
  <trkpt lat="-7.75622000" lon="112.53781001">
   <ele>1849.45</ele>
  </trkpt>
  <trkpt lat="-7.75621003" lon="112.53784002">
   <ele>1849.4</ele>
  </trkpt>
  <trkpt lat="-7.75621003" lon="112.53787003">
   <ele>1849.17</ele>
  </trkpt>
  <trkpt lat="-7.75621003" lon="112.53791001">
   <ele>1848.87</ele>
  </trkpt>
  <trkpt lat="-7.75621003" lon="112.53793004">
   <ele>1848.72</ele>
  </trkpt>
  <trkpt lat="-7.75622000" lon="112.53795996">
   <ele>1848.54</ele>
  </trkpt>
  <trkpt lat="-7.75622000" lon="112.53798997">
   <ele>1848.36</ele>
  </trkpt>
  <trkpt lat="-7.75622000" lon="112.53801998">
   <ele>1848.18</ele>
  </trkpt>
  <trkpt lat="-7.75622000" lon="112.53804998">
   <ele>1847.99</ele>
  </trkpt>
  <trkpt lat="-7.75622000" lon="112.53808997">
   <ele>1848.09</ele>
  </trkpt>
  <trkpt lat="-7.75622997" lon="112.53811997">
   <ele>1848.34</ele>
  </trkpt>
  <trkpt lat="-7.75622997" lon="112.53814998">
   <ele>1848.43</ele>
  </trkpt>
  <trkpt lat="-7.75624003" lon="112.53817999">
   <ele>1848.62</ele>
  </trkpt>
  <trkpt lat="-7.75625001" lon="112.53821997">
   <ele>1848.8</ele>
  </trkpt>
  <trkpt lat="-7.75627004" lon="112.53826004">
   <ele>1848.96</ele>
  </trkpt>
  <trkpt lat="-7.75628001" lon="112.53828996">
   <ele>1849.01</ele>
  </trkpt>
  <trkpt lat="-7.75629996" lon="112.53830999">
   <ele>1849.03</ele>
  </trkpt>
  <trkpt lat="-7.75632000" lon="112.53834000">
   <ele>1849.03</ele>
  </trkpt>
  <trkpt lat="-7.75634003" lon="112.53837001">
   <ele>1849.12</ele>
  </trkpt>
  <trkpt lat="-7.75635998" lon="112.53839004">
   <ele>1849.11</ele>
  </trkpt>
  <trkpt lat="-7.75638001" lon="112.53840999">
   <ele>1849.04</ele>
  </trkpt>
  <trkpt lat="-7.75641002" lon="112.53843999">
   <ele>1848.86</ele>
  </trkpt>
  <trkpt lat="-7.75644002" lon="112.53846003">
   <ele>1848.7</ele>
  </trkpt>
  <trkpt lat="-7.75647003" lon="112.53847998">
   <ele>1848.59</ele>
  </trkpt>
  <trkpt lat="-7.75650004" lon="112.53850998">
   <ele>1848.56</ele>
  </trkpt>
  <trkpt lat="-7.75652996" lon="112.53852004">
   <ele>1848.5</ele>
  </trkpt>
  <trkpt lat="-7.75655000" lon="112.53853002">
   <ele>1848.49</ele>
  </trkpt>
  <trkpt lat="-7.75658000" lon="112.53853999">
   <ele>1848.47</ele>
  </trkpt>
  <trkpt lat="-7.75661998" lon="112.53856002">
   <ele>1848.54</ele>
  </trkpt>
  <trkpt lat="-7.75664999" lon="112.53857000">
   <ele>1848.58</ele>
  </trkpt>
  <trkpt lat="-7.75667002" lon="112.53857997">
   <ele>1848.62</ele>
  </trkpt>
  <trkpt lat="-7.75670003" lon="112.53860998">
   <ele>1848.51</ele>
  </trkpt>
  <trkpt lat="-7.75671001" lon="112.53866002">
   <ele>1849.16</ele>
  </trkpt>
  <trkpt lat="-7.75671001" lon="112.53872003">
   <ele>1850.13</ele>
  </trkpt>
  <trkpt lat="-7.75670003" lon="112.53876999">
   <ele>1851.01</ele>
  </trkpt>
  <trkpt lat="-7.75670003" lon="112.53880000">
   <ele>1851.48</ele>
  </trkpt>
  <trkpt lat="-7.75670003" lon="112.53883998">
   <ele>1852.11</ele>
  </trkpt>
  <trkpt lat="-7.75668997" lon="112.53886999">
   <ele>1852.63</ele>
  </trkpt>
  <trkpt lat="-7.75668997" lon="112.53889999">
   <ele>1853.07</ele>
  </trkpt>
  <trkpt lat="-7.75668000" lon="112.53893998">
   <ele>1853.67</ele>
  </trkpt>
  <trkpt lat="-7.75668000" lon="112.53896998">
   <ele>1854.09</ele>
  </trkpt>
  <trkpt lat="-7.75667002" lon="112.53900996">
   <ele>1854.72</ele>
  </trkpt>
  <trkpt lat="-7.75667002" lon="112.53903997">
   <ele>1855.15</ele>
  </trkpt>
  <trkpt lat="-7.75665997" lon="112.53908004">
   <ele>1855.81</ele>
  </trkpt>
  <trkpt lat="-7.75665997" lon="112.53910996">
   <ele>1856.26</ele>
  </trkpt>
  <trkpt lat="-7.75664999" lon="112.53913997">
   <ele>1856.87</ele>
  </trkpt>
  <trkpt lat="-7.75664002" lon="112.53918003">
   <ele>1857.66</ele>
  </trkpt>
  <trkpt lat="-7.75664002" lon="112.53919998">
   <ele>1857.93</ele>
  </trkpt>
  <trkpt lat="-7.75662996" lon="112.53922999">
   <ele>1858.48</ele>
  </trkpt>
  <trkpt lat="-7.75661998" lon="112.53926000">
   <ele>1859.01</ele>
  </trkpt>
  <trkpt lat="-7.75660004" lon="112.53931004">
   <ele>1859.89</ele>
  </trkpt>
  <trkpt lat="-7.75655997" lon="112.53933996">
   <ele>1860.7</ele>
  </trkpt>
  <trkpt lat="-7.75651999" lon="112.53935999">
   <ele>1861.32</ele>
  </trkpt>
  <trkpt lat="-7.75648001" lon="112.53938003">
   <ele>1861.88</ele>
  </trkpt>
  <trkpt lat="-7.75642997" lon="112.53939997">
   <ele>1862.47</ele>
  </trkpt>
  <trkpt lat="-7.75638001" lon="112.53941003">
   <ele>1862.83</ele>
  </trkpt>
  <trkpt lat="-7.75632997" lon="112.53942001">
   <ele>1862.56</ele>
  </trkpt>
  <trkpt lat="-7.75628001" lon="112.53944004">
   <ele>1862.23</ele>
  </trkpt>
  <trkpt lat="-7.75622997" lon="112.53944004">
   <ele>1861.88</ele>
  </trkpt>
  <trkpt lat="-7.75619997" lon="112.53945001">
   <ele>1861.8</ele>
  </trkpt>
  <trkpt lat="-7.75616996" lon="112.53945001">
   <ele>1861.61</ele>
  </trkpt>
  <trkpt lat="-7.75611003" lon="112.53945999">
   <ele>1861.63</ele>
  </trkpt>
  <trkpt lat="-7.75608002" lon="112.53946996">
   <ele>1862.51</ele>
  </trkpt>
  <trkpt lat="-7.75605999" lon="112.53946996">
   <ele>1862.83</ele>
  </trkpt>
  <trkpt lat="-7.75601003" lon="112.53949000">
   <ele>1864.27</ele>
  </trkpt>
  <trkpt lat="-7.75595999" lon="112.53951003">
   <ele>1865.55</ele>
  </trkpt>
  <trkpt lat="-7.75592999" lon="112.53954004">
   <ele>1866.7</ele>
  </trkpt>
  <trkpt lat="-7.75589000" lon="112.53955998">
   <ele>1867.57</ele>
  </trkpt>
  <trkpt lat="-7.75585002" lon="112.53958999">
   <ele>1868.51</ele>
  </trkpt>
  <trkpt lat="-7.75581004" lon="112.53961002">
   <ele>1868.68</ele>
  </trkpt>
  <trkpt lat="-7.75576000" lon="112.53962997">
   <ele>1868.28</ele>
  </trkpt>
  <trkpt lat="-7.75572002" lon="112.53964003">
   <ele>1867.8</ele>
  </trkpt>
  <trkpt lat="-7.75568004" lon="112.53965001">
   <ele>1867.25</ele>
  </trkpt>
  <trkpt lat="-7.75565003" lon="112.53967004">
   <ele>1866.84</ele>
  </trkpt>
  <trkpt lat="-7.75563000" lon="112.53968999">
   <ele>1866.54</ele>
  </trkpt>
  <trkpt lat="-7.75562002" lon="112.53975998">
   <ele>1867.25</ele>
  </trkpt>
  <trkpt lat="-7.75559999" lon="112.53981999">
   <ele>1868.26</ele>
  </trkpt>
  <trkpt lat="-7.75559002" lon="112.53988998">
   <ele>1869.75</ele>
  </trkpt>
  <trkpt lat="-7.75556998" lon="112.53994999">
   <ele>1870.92</ele>
  </trkpt>
  <trkpt lat="-7.75556998" lon="112.53998000">
   <ele>1871.66</ele>
  </trkpt>
  <trkpt lat="-7.75556001" lon="112.54001998">
   <ele>1872.55</ele>
  </trkpt>
  <trkpt lat="-7.75555003" lon="112.54005997">
   <ele>1873.59</ele>
  </trkpt>
  <trkpt lat="-7.75553998" lon="112.54010003">
   <ele>1874.63</ele>
  </trkpt>
  <trkpt lat="-7.75553000" lon="112.54014999">
   <ele>1875.73</ele>
  </trkpt>
  <trkpt lat="-7.75553000" lon="112.54018997">
   <ele>1876.55</ele>
  </trkpt>
  <trkpt lat="-7.75552003" lon="112.54023003">
   <ele>1877.21</ele>
  </trkpt>
  <trkpt lat="-7.75550997" lon="112.54027999">
   <ele>1877.9</ele>
  </trkpt>
  <trkpt lat="-7.75549002" lon="112.54033003">
   <ele>1878.42</ele>
  </trkpt>
  <trkpt lat="-7.75549002" lon="112.54037999">
   <ele>1879.45</ele>
  </trkpt>
  <trkpt lat="-7.75549002" lon="112.54041997">
   <ele>1880.27</ele>
  </trkpt>
  <trkpt lat="-7.75549002" lon="112.54046003">
   <ele>1881.09</ele>
  </trkpt>
  <trkpt lat="-7.75549999" lon="112.54049004">
   <ele>1881.88</ele>
  </trkpt>
  <trkpt lat="-7.75552003" lon="112.54051996">
   <ele>1882.8</ele>
  </trkpt>
  <trkpt lat="-7.75555003" lon="112.54054997">
   <ele>1883.82</ele>
  </trkpt>
  <trkpt lat="-7.75558004" lon="112.54057998">
   <ele>1883.51</ele>
  </trkpt>
  <trkpt lat="-7.75559999" lon="112.54060001">
   <ele>1883.17</ele>
  </trkpt>
  <trkpt lat="-7.75562002" lon="112.54063002">
   <ele>1882.92</ele>
  </trkpt>
  <trkpt lat="-7.75563997" lon="112.54064997">
   <ele>1882.69</ele>
  </trkpt>
  <trkpt lat="-7.75566998" lon="112.54067997">
   <ele>1882.45</ele>
  </trkpt>
  <trkpt lat="-7.75569999" lon="112.54070998">
   <ele>1882.33</ele>
  </trkpt>
  <trkpt lat="-7.75572999" lon="112.54073999">
   <ele>1882.32</ele>
  </trkpt>
  <trkpt lat="-7.75576000" lon="112.54079003">
   <ele>1882.69</ele>
  </trkpt>
  <trkpt lat="-7.75579998" lon="112.54083001">
   <ele>1883.07</ele>
  </trkpt>
  <trkpt lat="-7.75582002" lon="112.54086999">
   <ele>1882.81</ele>
  </trkpt>
  <trkpt lat="-7.75585002" lon="112.54090997">
   <ele>1882.35</ele>
  </trkpt>
  <trkpt lat="-7.75588003" lon="112.54093998">
   <ele>1881.93</ele>
  </trkpt>
  <trkpt lat="-7.75589998" lon="112.54096999">
   <ele>1881.54</ele>
  </trkpt>
  <trkpt lat="-7.75592999" lon="112.54100000">
   <ele>1881.03</ele>
  </trkpt>
  <trkpt lat="-7.75595999" lon="112.54103000">
   <ele>1880.48</ele>
  </trkpt>
  <trkpt lat="-7.75599000" lon="112.54106001">
   <ele>1879.88</ele>
  </trkpt>
  <trkpt lat="-7.75601003" lon="112.54107996">
   <ele>1879.46</ele>
  </trkpt>
  <trkpt lat="-7.75604004" lon="112.54109999">
   <ele>1878.91</ele>
  </trkpt>
  <trkpt lat="-7.75606996" lon="112.54113000">
   <ele>1878.39</ele>
  </trkpt>
  <trkpt lat="-7.75609000" lon="112.54115003">
   <ele>1878.03</ele>
  </trkpt>
  <trkpt lat="-7.75612000" lon="112.54118004">
   <ele>1877.59</ele>
  </trkpt>
  <trkpt lat="-7.75615001" lon="112.54120996">
   <ele>1877.66</ele>
  </trkpt>
  <trkpt lat="-7.75618002" lon="112.54123997">
   <ele>1877.7</ele>
  </trkpt>
  <trkpt lat="-7.75621003" lon="112.54126998">
   <ele>1877.72</ele>
  </trkpt>
  <trkpt lat="-7.75624003" lon="112.54129998">
   <ele>1877.72</ele>
  </trkpt>
  <trkpt lat="-7.75627004" lon="112.54132999">
   <ele>1877.69</ele>
  </trkpt>
  <trkpt lat="-7.75629996" lon="112.54136997">
   <ele>1877.54</ele>
  </trkpt>
  <trkpt lat="-7.75632997" lon="112.54141004">
   <ele>1878.14</ele>
  </trkpt>
  <trkpt lat="-7.75634003" lon="112.54145002">
   <ele>1879.24</ele>
  </trkpt>
  <trkpt lat="-7.75634003" lon="112.54152998">
   <ele>1881.32</ele>
  </trkpt>
  <trkpt lat="-7.75632000" lon="112.54159000">
   <ele>1883.1</ele>
  </trkpt>
  <trkpt lat="-7.75628999" lon="112.54165001">
   <ele>1885.27</ele>
  </trkpt>
  <trkpt lat="-7.75621003" lon="112.54168999">
   <ele>1887.78</ele>
  </trkpt>
  <trkpt lat="-7.75614004" lon="112.54168002">
   <ele>1888.81</ele>
  </trkpt>
  <trkpt lat="-7.75605999" lon="112.54166996">
   <ele>1890.18</ele>
  </trkpt>
  <trkpt lat="-7.75599000" lon="112.54166996">
   <ele>1891.67</ele>
  </trkpt>
  <trkpt lat="-7.75592001" lon="112.54168999">
   <ele>1893.43</ele>
  </trkpt>
  <trkpt lat="-7.75585002" lon="112.54174003">
   <ele>1895.25</ele>
  </trkpt>
  <trkpt lat="-7.75581004" lon="112.54179996">
   <ele>1896</ele>
  </trkpt>
  <trkpt lat="-7.75578003" lon="112.54185000">
   <ele>1896.51</ele>
  </trkpt>
  <trkpt lat="-7.75575003" lon="112.54191002">
   <ele>1897.24</ele>
  </trkpt>
  <trkpt lat="-7.75572999" lon="112.54198001">
   <ele>1898.18</ele>
  </trkpt>
  <trkpt lat="-7.75570996" lon="112.54208998">
   <ele>1899.69</ele>
  </trkpt>
  <trkpt lat="-7.75569999" lon="112.54214999">
   <ele>1900.54</ele>
  </trkpt>
  <trkpt lat="-7.75572002" lon="112.54223004">
   <ele>1901.32</ele>
  </trkpt>
  <trkpt lat="-7.75576000" lon="112.54228997">
   <ele>1901.87</ele>
  </trkpt>
  <trkpt lat="-7.75579001" lon="112.54235996">
   <ele>1902.98</ele>
  </trkpt>
  <trkpt lat="-7.75579998" lon="112.54238997">
   <ele>1903.55</ele>
  </trkpt>
  <trkpt lat="-7.75581004" lon="112.54243003">
   <ele>1904.36</ele>
  </trkpt>
  <trkpt lat="-7.75582002" lon="112.54247001">
   <ele>1905.24</ele>
  </trkpt>
  <trkpt lat="-7.75582002" lon="112.54250002">
   <ele>1905.86</ele>
  </trkpt>
  <trkpt lat="-7.75581004" lon="112.54254000">
   <ele>1905.51</ele>
  </trkpt>
  <trkpt lat="-7.75579998" lon="112.54257001">
   <ele>1905.26</ele>
  </trkpt>
  <trkpt lat="-7.75578003" lon="112.54260002">
   <ele>1904.98</ele>
  </trkpt>
  <trkpt lat="-7.75573997" lon="112.54261997">
   <ele>1904.71</ele>
  </trkpt>
  <trkpt lat="-7.75570996" lon="112.54263002">
   <ele>1904.56</ele>
  </trkpt>
  <trkpt lat="-7.75568004" lon="112.54264000">
   <ele>1904.45</ele>
  </trkpt>
  <trkpt lat="-7.75563997" lon="112.54264997">
   <ele>1904.34</ele>
  </trkpt>
  <trkpt lat="-7.75560996" lon="112.54266003">
   <ele>1904.29</ele>
  </trkpt>
  <trkpt lat="-7.75558004" lon="112.54267001">
   <ele>1904.27</ele>
  </trkpt>
  <trkpt lat="-7.75555003" lon="112.54267998">
   <ele>1904.42</ele>
  </trkpt>
  <trkpt lat="-7.75552003" lon="112.54269004">
   <ele>1905.14</ele>
  </trkpt>
  <trkpt lat="-7.75547996" lon="112.54270999">
   <ele>1906.14</ele>
  </trkpt>
  <trkpt lat="-7.75543998" lon="112.54274997">
   <ele>1907.3</ele>
  </trkpt>
  <trkpt lat="-7.75542003" lon="112.54277000">
   <ele>1907.87</ele>
  </trkpt>
  <trkpt lat="-7.75539002" lon="112.54280001">
   <ele>1909.2</ele>
  </trkpt>
  <trkpt lat="-7.75536002" lon="112.54281996">
   <ele>1910.38</ele>
  </trkpt>
  <trkpt lat="-7.75533998" lon="112.54283002">
   <ele>1911.06</ele>
  </trkpt>
  <trkpt lat="-7.75527997" lon="112.54283999">
   <ele>1912.52</ele>
  </trkpt>
  <trkpt lat="-7.75524996" lon="112.54284997">
   <ele>1913.42</ele>
  </trkpt>
  <trkpt lat="-7.75522004" lon="112.54286002">
   <ele>1914.28</ele>
  </trkpt>
  <trkpt lat="-7.75519003" lon="112.54286002">
   <ele>1914.91</ele>
  </trkpt>
  <trkpt lat="-7.75516002" lon="112.54287000">
   <ele>1915.73</ele>
  </trkpt>
  <trkpt lat="-7.75513002" lon="112.54287997">
   <ele>1916.52</ele>
  </trkpt>
  <trkpt lat="-7.75509004" lon="112.54287997">
   <ele>1917.31</ele>
  </trkpt>
  <trkpt lat="-7.75506003" lon="112.54289003">
   <ele>1918.05</ele>
  </trkpt>
  <trkpt lat="-7.75503002" lon="112.54290001">
   <ele>1918.75</ele>
  </trkpt>
  <trkpt lat="-7.75497998" lon="112.54290998">
   <ele>1919.57</ele>
  </trkpt>
  <trkpt lat="-7.75493002" lon="112.54290998">
   <ele>1919.93</ele>
  </trkpt>
  <trkpt lat="-7.75488996" lon="112.54292004">
   <ele>1920.33</ele>
  </trkpt>
  <trkpt lat="-7.75484000" lon="112.54293001">
   <ele>1920.8</ele>
  </trkpt>
  <trkpt lat="-7.75478996" lon="112.54293001">
   <ele>1921.16</ele>
  </trkpt>
  <trkpt lat="-7.75476004" lon="112.54293999">
   <ele>1921.48</ele>
  </trkpt>
  <trkpt lat="-7.75473003" lon="112.54293999">
   <ele>1921.7</ele>
  </trkpt>
  <trkpt lat="-7.75470003" lon="112.54293999">
   <ele>1921.21</ele>
  </trkpt>
  <trkpt lat="-7.75467002" lon="112.54293999">
   <ele>1920.47</ele>
  </trkpt>
  <trkpt lat="-7.75464001" lon="112.54293999">
   <ele>1919.73</ele>
  </trkpt>
  <trkpt lat="-7.75461000" lon="112.54293999">
   <ele>1918.99</ele>
  </trkpt>
  <trkpt lat="-7.75457002" lon="112.54293999">
   <ele>1918.01</ele>
  </trkpt>
  <trkpt lat="-7.75453004" lon="112.54293001">
   <ele>1916.87</ele>
  </trkpt>
  <trkpt lat="-7.75450003" lon="112.54293001">
   <ele>1916.12</ele>
  </trkpt>
  <trkpt lat="-7.75445997" lon="112.54290998">
   <ele>1914.77</ele>
  </trkpt>
  <trkpt lat="-7.75442996" lon="112.54290001">
   <ele>1914.41</ele>
  </trkpt>
  <trkpt lat="-7.75441001" lon="112.54287997">
   <ele>1914.37</ele>
  </trkpt>
  <trkpt lat="-7.75438998" lon="112.54284997">
   <ele>1914.18</ele>
  </trkpt>
  <trkpt lat="-7.75438000" lon="112.54283002">
   <ele>1914.01</ele>
  </trkpt>
  <trkpt lat="-7.75437003" lon="112.54280001">
   <ele>1913.7</ele>
  </trkpt>
  <trkpt lat="-7.75434002" lon="112.54274997">
   <ele>1914.17</ele>
  </trkpt>
  <trkpt lat="-7.75431999" lon="112.54270001">
   <ele>1914.98</ele>
  </trkpt>
  <trkpt lat="-7.75430004" lon="112.54267001">
   <ele>1915.55</ele>
  </trkpt>
  <trkpt lat="-7.75428998" lon="112.54264000">
   <ele>1915.94</ele>
  </trkpt>
  <trkpt lat="-7.75427003" lon="112.54261997">
   <ele>1916.34</ele>
  </trkpt>
  <trkpt lat="-7.75425998" lon="112.54258996">
   <ele>1916.68</ele>
  </trkpt>
  <trkpt lat="-7.75425000" lon="112.54256004">
   <ele>1916.99</ele>
  </trkpt>
  <trkpt lat="-7.75421999" lon="112.54251997">
   <ele>1917.5</ele>
  </trkpt>
  <trkpt lat="-7.75419996" lon="112.54247999">
   <ele>1917.41</ele>
  </trkpt>
  <trkpt lat="-7.75415998" lon="112.54243003">
   <ele>1916.28</ele>
  </trkpt>
  <trkpt lat="-7.75412997" lon="112.54237999">
   <ele>1914.37</ele>
  </trkpt>
  <trkpt lat="-7.75409997" lon="112.54231998">
   <ele>1912.49</ele>
  </trkpt>
  <trkpt lat="-7.75405998" lon="112.54225996">
   <ele>1910.63</ele>
  </trkpt>
  <trkpt lat="-7.75399997" lon="112.54224001">
   <ele>1909.19</ele>
  </trkpt>
  <trkpt lat="-7.75394004" lon="112.54224001">
   <ele>1908.04</ele>
  </trkpt>
  <trkpt lat="-7.75388002" lon="112.54225996">
   <ele>1907.37</ele>
  </trkpt>
  <trkpt lat="-7.75382001" lon="112.54227002">
   <ele>1908.99</ele>
  </trkpt>
  <trkpt lat="-7.75375002" lon="112.54228997">
   <ele>1910.76</ele>
  </trkpt>
  <trkpt lat="-7.75369998" lon="112.54231000">
   <ele>1911.9</ele>
  </trkpt>
  <trkpt lat="-7.75363997" lon="112.54234001">
   <ele>1913.07</ele>
  </trkpt>
  <trkpt lat="-7.75358004" lon="112.54237002">
   <ele>1913.98</ele>
  </trkpt>
  <trkpt lat="-7.75352002" lon="112.54240002">
   <ele>1914.9</ele>
  </trkpt>
  <trkpt lat="-7.75346998" lon="112.54243003">
   <ele>1915.8</ele>
  </trkpt>
  <trkpt lat="-7.75340997" lon="112.54247001">
   <ele>1917.08</ele>
  </trkpt>
  <trkpt lat="-7.75335004" lon="112.54250002">
   <ele>1918.58</ele>
  </trkpt>
  <trkpt lat="-7.75327996" lon="112.54253003">
   <ele>1920.14</ele>
  </trkpt>
  <trkpt lat="-7.75323001" lon="112.54256004">
   <ele>1921.09</ele>
  </trkpt>
  <trkpt lat="-7.75316999" lon="112.54258996">
   <ele>1921.95</ele>
  </trkpt>
  <trkpt lat="-7.75310000" lon="112.54261997">
   <ele>1922.66</ele>
  </trkpt>
  <trkpt lat="-7.75303002" lon="112.54264997">
   <ele>1923.21</ele>
  </trkpt>
  <trkpt lat="-7.75297000" lon="112.54270001">
   <ele>1923.83</ele>
  </trkpt>
  <trkpt lat="-7.75290001" lon="112.54274997">
   <ele>1924.42</ele>
  </trkpt>
  <trkpt lat="-7.75284997" lon="112.54280001">
   <ele>1924.88</ele>
  </trkpt>
  <trkpt lat="-7.75279004" lon="112.54283999">
   <ele>1925.39</ele>
  </trkpt>
  <trkpt lat="-7.75274998" lon="112.54289003">
   <ele>1925.75</ele>
  </trkpt>
  <trkpt lat="-7.75270002" lon="112.54293999">
   <ele>1926.31</ele>
  </trkpt>
  <trkpt lat="-7.75267001" lon="112.54300000">
   <ele>1927.3</ele>
  </trkpt>
  <trkpt lat="-7.75264998" lon="112.54306002">
   <ele>1928.39</ele>
  </trkpt>
  <trkpt lat="-7.75261000" lon="112.54313000">
   <ele>1929.03</ele>
  </trkpt>
  <trkpt lat="-7.75257002" lon="112.54319002">
   <ele>1929.85</ele>
  </trkpt>
  <trkpt lat="-7.75254001" lon="112.54326001">
   <ele>1930.72</ele>
  </trkpt>
  <trkpt lat="-7.75254998" lon="112.54332002">
   <ele>1930.85</ele>
  </trkpt>
  <trkpt lat="-7.75257999" lon="112.54339001">
   <ele>1929.87</ele>
  </trkpt>
  <trkpt lat="-7.75261997" lon="112.54349001">
   <ele>1928.86</ele>
  </trkpt>
  <trkpt lat="-7.75263003" lon="112.54356000">
   <ele>1928.6</ele>
  </trkpt>
  <trkpt lat="-7.75263003" lon="112.54362999">
   <ele>1928.8</ele>
  </trkpt>
  <trkpt lat="-7.75260002" lon="112.54369997">
   <ele>1929.87</ele>
  </trkpt>
  <trkpt lat="-7.75257999" lon="112.54378002">
   <ele>1931.07</ele>
  </trkpt>
  <trkpt lat="-7.75253003" lon="112.54388002">
   <ele>1932.19</ele>
  </trkpt>
  <trkpt lat="-7.75248997" lon="112.54394003">
   <ele>1932.3</ele>
  </trkpt>
  <trkpt lat="-7.75244999" lon="112.54399996">
   <ele>1932.51</ele>
  </trkpt>
  <trkpt lat="-7.75240003" lon="112.54405000">
   <ele>1932.65</ele>
  </trkpt>
  <trkpt lat="-7.75235997" lon="112.54411002">
   <ele>1932.99</ele>
  </trkpt>
  <trkpt lat="-7.75232996" lon="112.54415997">
   <ele>1933.33</ele>
  </trkpt>
  <trkpt lat="-7.75230004" lon="112.54421001">
   <ele>1933.3</ele>
  </trkpt>
  <trkpt lat="-7.75225000" lon="112.54428000">
   <ele>1932.86</ele>
  </trkpt>
  <trkpt lat="-7.75221001" lon="112.54434999">
   <ele>1932.15</ele>
  </trkpt>
  <trkpt lat="-7.75218001" lon="112.54441001">
   <ele>1931.4</ele>
  </trkpt>
  <trkpt lat="-7.75215000" lon="112.54448997">
   <ele>1931.68</ele>
  </trkpt>
  <trkpt lat="-7.75212997" lon="112.54456004">
   <ele>1932.7</ele>
  </trkpt>
  <trkpt lat="-7.75214002" lon="112.54464000">
   <ele>1934.61</ele>
  </trkpt>
  <trkpt lat="-7.75215997" lon="112.54470002">
   <ele>1936.5</ele>
  </trkpt>
  <trkpt lat="-7.75220004" lon="112.54476003">
   <ele>1937.4</ele>
  </trkpt>
  <trkpt lat="-7.75224002" lon="112.54481996">
   <ele>1936.69</ele>
  </trkpt>
  <trkpt lat="-7.75227003" lon="112.54487000">
   <ele>1935.71</ele>
  </trkpt>
  <trkpt lat="-7.75231001" lon="112.54493002">
   <ele>1934.63</ele>
  </trkpt>
  <trkpt lat="-7.75234002" lon="112.54499003">
   <ele>1933.51</ele>
  </trkpt>
  <trkpt lat="-7.75235997" lon="112.54504996">
   <ele>1934.38</ele>
  </trkpt>
  <trkpt lat="-7.75238000" lon="112.54513999">
   <ele>1936.5</ele>
  </trkpt>
  <trkpt lat="-7.75238997" lon="112.54520997">
   <ele>1938.22</ele>
  </trkpt>
  <trkpt lat="-7.75238997" lon="112.54527996">
   <ele>1939.71</ele>
  </trkpt>
  <trkpt lat="-7.75240003" lon="112.54533998">
   <ele>1941.82</ele>
  </trkpt>
  <trkpt lat="-7.75240003" lon="112.54543000">
   <ele>1944.4</ele>
  </trkpt>
  <trkpt lat="-7.75240003" lon="112.54552002">
   <ele>1946.98</ele>
  </trkpt>
  <trkpt lat="-7.75241001" lon="112.54558004">
   <ele>1948.18</ele>
  </trkpt>
  <trkpt lat="-7.75241998" lon="112.54571004">
   <ele>1949.26</ele>
  </trkpt>
  <trkpt lat="-7.75243004" lon="112.54578003">
   <ele>1950.01</ele>
  </trkpt>
  <trkpt lat="-7.75244001" lon="112.54584004">
   <ele>1950.88</ele>
  </trkpt>
  <trkpt lat="-7.75247002" lon="112.54592001">
   <ele>1953.25</ele>
  </trkpt>
  <trkpt lat="-7.75250003" lon="112.54598002">
   <ele>1954.64</ele>
  </trkpt>
  <trkpt lat="-7.75248997" lon="112.54605001">
   <ele>1955.96</ele>
  </trkpt>
  <trkpt lat="-7.75244001" lon="112.54608999">
   <ele>1957.32</ele>
  </trkpt>
  <trkpt lat="-7.75237002" lon="112.54611002">
   <ele>1958.83</ele>
  </trkpt>
  <trkpt lat="-7.75230004" lon="112.54615000">
   <ele>1960.96</ele>
  </trkpt>
  <trkpt lat="-7.75225000" lon="112.54621002">
   <ele>1963.41</ele>
  </trkpt>
  <trkpt lat="-7.75221999" lon="112.54625998">
   <ele>1965.26</ele>
  </trkpt>
  <trkpt lat="-7.75218998" lon="112.54631002">
   <ele>1966.28</ele>
  </trkpt>
  <trkpt lat="-7.75217003" lon="112.54638000">
   <ele>1967.83</ele>
  </trkpt>
  <trkpt lat="-7.75218001" lon="112.54644999">
   <ele>1966</ele>
  </trkpt>
  <trkpt lat="-7.75218998" lon="112.54651001">
   <ele>1963.79</ele>
  </trkpt>
  <trkpt lat="-7.75218998" lon="112.54657002">
   <ele>1961.5</ele>
  </trkpt>
  <trkpt lat="-7.75220004" lon="112.54663004">
   <ele>1959.02</ele>
  </trkpt>
  <trkpt lat="-7.75221001" lon="112.54670002">
   <ele>1958.68</ele>
  </trkpt>
  <trkpt lat="-7.75221999" lon="112.54677001">
   <ele>1961.48</ele>
  </trkpt>
  <trkpt lat="-7.75221999" lon="112.54684000">
   <ele>1964.48</ele>
  </trkpt>
  <trkpt lat="-7.75221999" lon="112.54690002">
   <ele>1967.06</ele>
  </trkpt>
  <trkpt lat="-7.75221999" lon="112.54697001">
   <ele>1969.24</ele>
  </trkpt>
  <trkpt lat="-7.75222996" lon="112.54703002">
   <ele>1969.77</ele>
  </trkpt>
  <trkpt lat="-7.75225000" lon="112.54710001">
   <ele>1970.26</ele>
  </trkpt>
  <trkpt lat="-7.75228998" lon="112.54713999">
   <ele>1970.26</ele>
  </trkpt>
  <trkpt lat="-7.75232996" lon="112.54716002">
   <ele>1970.12</ele>
  </trkpt>
  <trkpt lat="-7.75238000" lon="112.54717000">
   <ele>1969.77</ele>
  </trkpt>
  <trkpt lat="-7.75243004" lon="112.54716002">
   <ele>1968.99</ele>
  </trkpt>
  <trkpt lat="-7.75245996" lon="112.54716002">
   <ele>1968.66</ele>
  </trkpt>
  <trkpt lat="-7.75250003" lon="112.54714997">
   <ele>1967.92</ele>
  </trkpt>
  <trkpt lat="-7.75254998" lon="112.54713002">
   <ele>1968</ele>
  </trkpt>
  <trkpt lat="-7.75260002" lon="112.54710998">
   <ele>1968.06</ele>
  </trkpt>
  <trkpt lat="-7.75264001" lon="112.54709003">
   <ele>1967.97</ele>
  </trkpt>
  <trkpt lat="-7.75267999" lon="112.54707000">
   <ele>1967.85</ele>
  </trkpt>
  <trkpt lat="-7.75271997" lon="112.54704997">
   <ele>1967.72</ele>
  </trkpt>
  <trkpt lat="-7.75274998" lon="112.54703002">
   <ele>1967.44</ele>
  </trkpt>
  <trkpt lat="-7.75279004" lon="112.54700999">
   <ele>1967.15</ele>
  </trkpt>
  <trkpt lat="-7.75281996" lon="112.54697998">
   <ele>1966.27</ele>
  </trkpt>
  <trkpt lat="-7.75287000" lon="112.54696003">
   <ele>1965.8</ele>
  </trkpt>
  <trkpt lat="-7.75290999" lon="112.54693002">
   <ele>1965.37</ele>
  </trkpt>
  <trkpt lat="-7.75294997" lon="112.54690002">
   <ele>1965.26</ele>
  </trkpt>
  <trkpt lat="-7.75297998" lon="112.54688996">
   <ele>1965.25</ele>
  </trkpt>
  <trkpt lat="-7.75300001" lon="112.54687001">
   <ele>1965.1</ele>
  </trkpt>
  <trkpt lat="-7.75303002" lon="112.54686004">
   <ele>1965.05</ele>
  </trkpt>
  <trkpt lat="-7.75306002" lon="112.54684000">
   <ele>1964.95</ele>
  </trkpt>
  <trkpt lat="-7.75309003" lon="112.54681997">
   <ele>1965.28</ele>
  </trkpt>
  <trkpt lat="-7.75312004" lon="112.54681000">
   <ele>1965.71</ele>
  </trkpt>
  <trkpt lat="-7.75316002" lon="112.54678996">
   <ele>1966.21</ele>
  </trkpt>
  <trkpt lat="-7.75319003" lon="112.54677001">
   <ele>1966.54</ele>
  </trkpt>
  <trkpt lat="-7.75322003" lon="112.54676004">
   <ele>1966.97</ele>
  </trkpt>
  <trkpt lat="-7.75325004" lon="112.54674998">
   <ele>1967.4</ele>
  </trkpt>
  <trkpt lat="-7.75329002" lon="112.54674001">
   <ele>1968.01</ele>
  </trkpt>
  <trkpt lat="-7.75333998" lon="112.54673003">
   <ele>1968.81</ele>
  </trkpt>
  <trkpt lat="-7.75337996" lon="112.54671000">
   <ele>1969.33</ele>
  </trkpt>
  <trkpt lat="-7.75343000" lon="112.54668997">
   <ele>1970.02</ele>
  </trkpt>
  <trkpt lat="-7.75346998" lon="112.54667999">
   <ele>1970.63</ele>
  </trkpt>
  <trkpt lat="-7.75349999" lon="112.54668997">
   <ele>1971.3</ele>
  </trkpt>
  <trkpt lat="-7.75352002" lon="112.54671000">
   <ele>1971.93</ele>
  </trkpt>
  <trkpt lat="-7.75353000" lon="112.54674001">
   <ele>1972.52</ele>
  </trkpt>
  <trkpt lat="-7.75353997" lon="112.54677999">
   <ele>1973.25</ele>
  </trkpt>
  <trkpt lat="-7.75353997" lon="112.54681997">
   <ele>1973.79</ele>
  </trkpt>
  <trkpt lat="-7.75355003" lon="112.54684998">
   <ele>1974.39</ele>
  </trkpt>
  <trkpt lat="-7.75355003" lon="112.54687998">
   <ele>1974.8</ele>
  </trkpt>
  <trkpt lat="-7.75355003" lon="112.54690999">
   <ele>1975.21</ele>
  </trkpt>
  <trkpt lat="-7.75355003" lon="112.54696003">
   <ele>1975.92</ele>
  </trkpt>
  <trkpt lat="-7.75355003" lon="112.54699004">
   <ele>1976.37</ele>
  </trkpt>
  <trkpt lat="-7.75355003" lon="112.54701996">
   <ele>1976.83</ele>
  </trkpt>
  <trkpt lat="-7.75355003" lon="112.54706003">
   <ele>1977.44</ele>
  </trkpt>
  <trkpt lat="-7.75355003" lon="112.54709003">
   <ele>1977.89</ele>
  </trkpt>
  <trkpt lat="-7.75356000" lon="112.54713002">
   <ele>1978.69</ele>
  </trkpt>
  <trkpt lat="-7.75356998" lon="112.54717000">
   <ele>1979.48</ele>
  </trkpt>
  <trkpt lat="-7.75359001" lon="112.54720998">
   <ele>1980.44</ele>
  </trkpt>
  <trkpt lat="-7.75359998" lon="112.54724996">
   <ele>1981.49</ele>
  </trkpt>
  <trkpt lat="-7.75362002" lon="112.54729003">
   <ele>1982.7</ele>
  </trkpt>
  <trkpt lat="-7.75365002" lon="112.54730998">
   <ele>1983.2</ele>
  </trkpt>
  <trkpt lat="-7.75366997" lon="112.54733998">
   <ele>1984.03</ele>
  </trkpt>
  <trkpt lat="-7.75369998" lon="112.54736999">
   <ele>1984.91</ele>
  </trkpt>
  <trkpt lat="-7.75372999" lon="112.54739002">
   <ele>1985.58</ele>
  </trkpt>
  <trkpt lat="-7.75376000" lon="112.54740997">
   <ele>1986.28</ele>
  </trkpt>
  <trkpt lat="-7.75378003" lon="112.54743000">
   <ele>1986.99</ele>
  </trkpt>
  <trkpt lat="-7.75381004" lon="112.54746001">
   <ele>1988.11</ele>
  </trkpt>
  <trkpt lat="-7.75383996" lon="112.54747996">
   <ele>1988.97</ele>
  </trkpt>
  <trkpt lat="-7.75388002" lon="112.54749999">
   <ele>1989.94</ele>
  </trkpt>
  <trkpt lat="-7.75391003" lon="112.54753000">
   <ele>1990.12</ele>
  </trkpt>
  <trkpt lat="-7.75394004" lon="112.54755003">
   <ele>1989.79</ele>
  </trkpt>
  <trkpt lat="-7.75398002" lon="112.54758004">
   <ele>1989.43</ele>
  </trkpt>
  <trkpt lat="-7.75399997" lon="112.54759999">
   <ele>1989.36</ele>
  </trkpt>
  <trkpt lat="-7.75402998" lon="112.54762002">
   <ele>1989.04</ele>
  </trkpt>
  <trkpt lat="-7.75405998" lon="112.54765003">
   <ele>1988.93</ele>
  </trkpt>
  <trkpt lat="-7.75408002" lon="112.54768004">
   <ele>1989.07</ele>
  </trkpt>
  <trkpt lat="-7.75409997" lon="112.54769999">
   <ele>1989</ele>
  </trkpt>
  <trkpt lat="-7.75412000" lon="112.54773997">
   <ele>1989.36</ele>
  </trkpt>
  <trkpt lat="-7.75412997" lon="112.54778003">
   <ele>1990.03</ele>
  </trkpt>
  <trkpt lat="-7.75415001" lon="112.54781004">
   <ele>1990.98</ele>
  </trkpt>
  <trkpt lat="-7.75417004" lon="112.54783996">
   <ele>1992.17</ele>
  </trkpt>
  <trkpt lat="-7.75418999" lon="112.54786997">
   <ele>1993.82</ele>
  </trkpt>
  <trkpt lat="-7.75421002" lon="112.54789998">
   <ele>1995.37</ele>
  </trkpt>
  <trkpt lat="-7.75424003" lon="112.54793996">
   <ele>1997.31</ele>
  </trkpt>
  <trkpt lat="-7.75427003" lon="112.54798003">
   <ele>1999.06</ele>
  </trkpt>
  <trkpt lat="-7.75428998" lon="112.54799997">
   <ele>1999.84</ele>
  </trkpt>
  <trkpt lat="-7.75431002" lon="112.54802998">
   <ele>2000.96</ele>
  </trkpt>
  <trkpt lat="-7.75434002" lon="112.54806996">
   <ele>2002.07</ele>
  </trkpt>
  <trkpt lat="-7.75437003" lon="112.54809997">
   <ele>2002.46</ele>
  </trkpt>
  <trkpt lat="-7.75438998" lon="112.54812998">
   <ele>2002.89</ele>
  </trkpt>
  <trkpt lat="-7.75441001" lon="112.54815001">
   <ele>2003.07</ele>
  </trkpt>
  <trkpt lat="-7.75442996" lon="112.54818002">
   <ele>2003.41</ele>
  </trkpt>
  <trkpt lat="-7.75444999" lon="112.54821002">
   <ele>2003.81</ele>
  </trkpt>
  <trkpt lat="-7.75445997" lon="112.54822997">
   <ele>2004.23</ele>
  </trkpt>
  <trkpt lat="-7.75448000" lon="112.54825998">
   <ele>2004.9</ele>
  </trkpt>
  <trkpt lat="-7.75448998" lon="112.54828999">
   <ele>2005.52</ele>
  </trkpt>
  <trkpt lat="-7.75450003" lon="112.54832997">
   <ele>2006.34</ele>
  </trkpt>
  <trkpt lat="-7.75451998" lon="112.54835998">
   <ele>2007.46</ele>
  </trkpt>
  <trkpt lat="-7.75453004" lon="112.54838998">
   <ele>2008.5</ele>
  </trkpt>
  <trkpt lat="-7.75454002" lon="112.54841999">
   <ele>2009.47</ele>
  </trkpt>
  <trkpt lat="-7.75455996" lon="112.54847003">
   <ele>2010.89</ele>
  </trkpt>
  <trkpt lat="-7.75457002" lon="112.54848998">
   <ele>2011.38</ele>
  </trkpt>
  <trkpt lat="-7.75458997" lon="112.54851999">
   <ele>2011.94</ele>
  </trkpt>
  <trkpt lat="-7.75461998" lon="112.54854999">
   <ele>2012.19</ele>
  </trkpt>
  <trkpt lat="-7.75464001" lon="112.54858000">
   <ele>2012.44</ele>
  </trkpt>
  <trkpt lat="-7.75461000" lon="112.54858000">
   <ele>2013.08</ele>
  </trkpt>
  <trkpt lat="-7.75461998" lon="112.54861001">
   <ele>2013.55</ele>
  </trkpt>
  <trkpt lat="-7.75463004" lon="112.54864002">
   <ele>2014.02</ele>
  </trkpt>
  <trkpt lat="-7.75464999" lon="112.54865997">
   <ele>2013.93</ele>
  </trkpt>
  <trkpt lat="-7.75465996" lon="112.54862996">
   <ele>2012.98</ele>
  </trkpt>
  <trkpt lat="-7.75464001" lon="112.54864999">
   <ele>2013.98</ele>
  </trkpt>
  <trkpt lat="-7.75464001" lon="112.54868000">
   <ele>2014.68</ele>
  </trkpt>
  <trkpt lat="-7.75464999" lon="112.54870003">
   <ele>2014.84</ele>
  </trkpt>
  <trkpt lat="-7.75467999" lon="112.54871998">
   <ele>2014.32</ele>
  </trkpt>
  <trkpt lat="-7.75470003" lon="112.54873004">
   <ele>2013.87</ele>
  </trkpt>
  <trkpt lat="-7.75474001" lon="112.54873004">
   <ele>2012.78</ele>
  </trkpt>
  <trkpt lat="-7.75477001" lon="112.54874999">
   <ele>2012.55</ele>
  </trkpt>
  <trkpt lat="-7.75480002" lon="112.54875996">
   <ele>2012.15</ele>
  </trkpt>
  <trkpt lat="-7.75483003" lon="112.54877002">
   <ele>2011.75</ele>
  </trkpt>
  <trkpt lat="-7.75486004" lon="112.54878997">
   <ele>2011.56</ele>
  </trkpt>
  <trkpt lat="-7.75487999" lon="112.54880003">
   <ele>2011.38</ele>
  </trkpt>
  <trkpt lat="-7.75490999" lon="112.54881000">
   <ele>2011.01</ele>
  </trkpt>
  <trkpt lat="-7.75493002" lon="112.54883003">
   <ele>2011.04</ele>
  </trkpt>
  <trkpt lat="-7.75497001" lon="112.54884001">
   <ele>2010.5</ele>
  </trkpt>
  <trkpt lat="-7.75500001" lon="112.54886004">
   <ele>2010.38</ele>
  </trkpt>
  <trkpt lat="-7.75503002" lon="112.54887002">
   <ele>2009.84</ele>
  </trkpt>
  <trkpt lat="-7.75506003" lon="112.54887999">
   <ele>2009.3</ele>
  </trkpt>
  <trkpt lat="-7.75507998" lon="112.54888996">
   <ele>2009.01</ele>
  </trkpt>
  <trkpt lat="-7.75510998" lon="112.54890002">
   <ele>2008.5</ele>
  </trkpt>
  <trkpt lat="-7.75513999" lon="112.54891000">
   <ele>2007.97</ele>
  </trkpt>
  <trkpt lat="-7.75514997" lon="112.54894000">
   <ele>2008.39</ele>
  </trkpt>
  <trkpt lat="-7.75513002" lon="112.54897001">
   <ele>2009.65</ele>
  </trkpt>
  <trkpt lat="-7.75510998" lon="112.54898996">
   <ele>2010.71</ele>
  </trkpt>
  <trkpt lat="-7.75510001" lon="112.54901997">
   <ele>2011.75</ele>
  </trkpt>
  <trkpt lat="-7.75509004" lon="112.54904000">
   <ele>2012.56</ele>
  </trkpt>
  <trkpt lat="-7.75507998" lon="112.54907001">
   <ele>2013.64</ele>
  </trkpt>
  <trkpt lat="-7.75507998" lon="112.54910002">
   <ele>2014.41</ele>
  </trkpt>
  <trkpt lat="-7.75507998" lon="112.54913002">
   <ele>2015.18</ele>
  </trkpt>
  <trkpt lat="-7.75507998" lon="112.54916003">
   <ele>2015.95</ele>
  </trkpt>
  <trkpt lat="-7.75507000" lon="112.54917998">
   <ele>2016.91</ele>
  </trkpt>
  <trkpt lat="-7.75506003" lon="112.54920999">
   <ele>2018.27</ele>
  </trkpt>
  <trkpt lat="-7.75506003" lon="112.54923999">
   <ele>2019.25</ele>
  </trkpt>
  <trkpt lat="-7.75504997" lon="112.54927000">
   <ele>2020.65</ele>
  </trkpt>
  <trkpt lat="-7.75504997" lon="112.54930001">
   <ele>2021.65</ele>
  </trkpt>
  <trkpt lat="-7.75504000" lon="112.54933001">
   <ele>2023.1</ele>
  </trkpt>
  <trkpt lat="-7.75504000" lon="112.54936002">
   <ele>2024.12</ele>
  </trkpt>
  <trkpt lat="-7.75503002" lon="112.54939003">
   <ele>2025.61</ele>
  </trkpt>
  <trkpt lat="-7.75501996" lon="112.54942004">
   <ele>2027.14</ele>
  </trkpt>
  <trkpt lat="-7.75501996" lon="112.54944996">
   <ele>2028.16</ele>
  </trkpt>
  <trkpt lat="-7.75500999" lon="112.54947997">
   <ele>2029.55</ele>
  </trkpt>
  <trkpt lat="-7.75501996" lon="112.54950997">
   <ele>2029.98</ele>
  </trkpt>
  <trkpt lat="-7.75500999" lon="112.54953001">
   <ele>2031.03</ele>
  </trkpt>
  <trkpt lat="-7.75500999" lon="112.54956999">
   <ele>2032.21</ele>
  </trkpt>
  <trkpt lat="-7.75500999" lon="112.54959002">
   <ele>2032.8</ele>
  </trkpt>
  <trkpt lat="-7.75500999" lon="112.54963000">
   <ele>2033.98</ele>
  </trkpt>
  <trkpt lat="-7.75500999" lon="112.54966001">
   <ele>2034.87</ele>
  </trkpt>
  <trkpt lat="-7.75500999" lon="112.54967996">
   <ele>2035.46</ele>
  </trkpt>
  <trkpt lat="-7.75500999" lon="112.54970997">
   <ele>2036.35</ele>
  </trkpt>
  <trkpt lat="-7.75500001" lon="112.54973997">
   <ele>2037.64</ele>
  </trkpt>
  <trkpt lat="-7.75500001" lon="112.54976998">
   <ele>2038.72</ele>
  </trkpt>
  <trkpt lat="-7.75499004" lon="112.54979999">
   <ele>2039.92</ele>
  </trkpt>
  <trkpt lat="-7.75499004" lon="112.54983000">
   <ele>2041</ele>
  </trkpt>
  <trkpt lat="-7.75499004" lon="112.54985003">
   <ele>2041.72</ele>
  </trkpt>
  <trkpt lat="-7.75499004" lon="112.54988004">
   <ele>2042.81</ele>
  </trkpt>
  <trkpt lat="-7.75497998" lon="112.54990996">
   <ele>2044.02</ele>
  </trkpt>
  <trkpt lat="-7.75497998" lon="112.54993997">
   <ele>2045.11</ele>
  </trkpt>
  <trkpt lat="-7.75499004" lon="112.54996997">
   <ele>2046.06</ele>
  </trkpt>
  <trkpt lat="-7.75497998" lon="112.54999998">
   <ele>2047.29</ele>
  </trkpt>
  <trkpt lat="-7.75496003" lon="112.55001004">
   <ele>2047.94</ele>
  </trkpt>
  <trkpt lat="-7.75494997" lon="112.55003996">
   <ele>2049.19</ele>
  </trkpt>
  <trkpt lat="-7.75494000" lon="112.55006997">
   <ele>2050.44</ele>
  </trkpt>
  <trkpt lat="-7.75494997" lon="112.55009998">
   <ele>2051.38</ele>
  </trkpt>
  <trkpt lat="-7.75496003" lon="112.55012001">
   <ele>2051.96</ele>
  </trkpt>
  <trkpt lat="-7.75496003" lon="112.55015002">
   <ele>2053.05</ele>
  </trkpt>
  <trkpt lat="-7.75496003" lon="112.55018002">
   <ele>2054.15</ele>
  </trkpt>
  <trkpt lat="-7.75494997" lon="112.55021003">
   <ele>2055.42</ele>
  </trkpt>
  <trkpt lat="-7.75494000" lon="112.55024004">
   <ele>2056.69</ele>
  </trkpt>
  <trkpt lat="-7.75494997" lon="112.55026996">
   <ele>2057.61</ele>
  </trkpt>
  <trkpt lat="-7.75494997" lon="112.55029997">
   <ele>2058.59</ele>
  </trkpt>
  <trkpt lat="-7.75494000" lon="112.55032998">
   <ele>2059.69</ele>
  </trkpt>
  <trkpt lat="-7.75493002" lon="112.55035998">
   <ele>2060.77</ele>
  </trkpt>
  <trkpt lat="-7.75493002" lon="112.55038999">
   <ele>2061.69</ele>
  </trkpt>
  <trkpt lat="-7.75491997" lon="112.55042000">
   <ele>2062.75</ele>
  </trkpt>
  <trkpt lat="-7.75491997" lon="112.55045000">
   <ele>2063.66</ele>
  </trkpt>
  <trkpt lat="-7.75491997" lon="112.55048001">
   <ele>2064.57</ele>
  </trkpt>
  <trkpt lat="-7.75490999" lon="112.55051999">
   <ele>2065.9</ele>
  </trkpt>
  <trkpt lat="-7.75490999" lon="112.55055000">
   <ele>2066.8</ele>
  </trkpt>
  <trkpt lat="-7.75488996" lon="112.55058001">
   <ele>2067.94</ele>
  </trkpt>
  <trkpt lat="-7.75488996" lon="112.55061002">
   <ele>2068.87</ele>
  </trkpt>
  <trkpt lat="-7.75488996" lon="112.55064002">
   <ele>2069.8</ele>
  </trkpt>
  <trkpt lat="-7.75488996" lon="112.55068000">
   <ele>2071.03</ele>
  </trkpt>
  <trkpt lat="-7.75487001" lon="112.55071001">
   <ele>2072.34</ele>
  </trkpt>
  <trkpt lat="-7.75486004" lon="112.55074002">
   <ele>2073.5</ele>
  </trkpt>
  <trkpt lat="-7.75484998" lon="112.55077003">
   <ele>2074.69</ele>
  </trkpt>
  <trkpt lat="-7.75483003" lon="112.55080003">
   <ele>2076.15</ele>
  </trkpt>
  <trkpt lat="-7.75481997" lon="112.55084001">
   <ele>2077.62</ele>
  </trkpt>
  <trkpt lat="-7.75484000" lon="112.55087002">
   <ele>2077.48</ele>
  </trkpt>
  <trkpt lat="-7.75487001" lon="112.55088997">
   <ele>2077</ele>
  </trkpt>
  <trkpt lat="-7.75484998" lon="112.55091998">
   <ele>2077.86</ele>
  </trkpt>
  <trkpt lat="-7.75484000" lon="112.55094001">
   <ele>2078.35</ele>
  </trkpt>
  <trkpt lat="-7.75483003" lon="112.55097999">
   <ele>2079.07</ele>
  </trkpt>
  <trkpt lat="-7.75483003" lon="112.55101000">
   <ele>2079.44</ele>
  </trkpt>
  <trkpt lat="-7.75484000" lon="112.55104998">
   <ele>2079.7</ele>
  </trkpt>
  <trkpt lat="-7.75484000" lon="112.55107999">
   <ele>2080.07</ele>
  </trkpt>
  <trkpt lat="-7.75483003" lon="112.55111000">
   <ele>2080.66</ele>
  </trkpt>
  <trkpt lat="-7.75481997" lon="112.55114000">
   <ele>2081.69</ele>
  </trkpt>
  <trkpt lat="-7.75481997" lon="112.55117001">
   <ele>2082.52</ele>
  </trkpt>
  <trkpt lat="-7.75484000" lon="112.55120999">
   <ele>2083.25</ele>
  </trkpt>
  <trkpt lat="-7.75484998" lon="112.55124000">
   <ele>2083.91</ele>
  </trkpt>
  <trkpt lat="-7.75484998" lon="112.55127001">
   <ele>2084.77</ele>
  </trkpt>
  <trkpt lat="-7.75483003" lon="112.55130001">
   <ele>2085.96</ele>
  </trkpt>
  <trkpt lat="-7.75483003" lon="112.55133002">
   <ele>2086.8</ele>
  </trkpt>
  <trkpt lat="-7.75484000" lon="112.55137000">
   <ele>2087.77</ele>
  </trkpt>
  <trkpt lat="-7.75484000" lon="112.55140998">
   <ele>2088.51</ele>
  </trkpt>
  <trkpt lat="-7.75484000" lon="112.55144997">
   <ele>2088.9</ele>
  </trkpt>
  <trkpt lat="-7.75484000" lon="112.55149003">
   <ele>2089.3</ele>
  </trkpt>
  <trkpt lat="-7.75484998" lon="112.55153001">
   <ele>2089.49</ele>
  </trkpt>
  <trkpt lat="-7.75484998" lon="112.55156999">
   <ele>2089.87</ele>
  </trkpt>
  <trkpt lat="-7.75484000" lon="112.55160000">
   <ele>2090.38</ele>
  </trkpt>
  <trkpt lat="-7.75484000" lon="112.55163998">
   <ele>2090.77</ele>
  </trkpt>
  <trkpt lat="-7.75481997" lon="112.55167997">
   <ele>2091.48</ele>
  </trkpt>
  <trkpt lat="-7.75480002" lon="112.55172003">
   <ele>2091.73</ele>
  </trkpt>
  <trkpt lat="-7.75477999" lon="112.55176001">
   <ele>2091.89</ele>
  </trkpt>
  <trkpt lat="-7.75477001" lon="112.55179999">
   <ele>2091.77</ele>
  </trkpt>
  <trkpt lat="-7.75477001" lon="112.55185003">
   <ele>2091.38</ele>
  </trkpt>
  <trkpt lat="-7.75476004" lon="112.55189002">
   <ele>2091.18</ele>
  </trkpt>
  <trkpt lat="-7.75474001" lon="112.55190996">
   <ele>2091.2</ele>
  </trkpt>
  <trkpt lat="-7.75471000" lon="112.55193997">
   <ele>2091.05</ele>
  </trkpt>
  <trkpt lat="-7.75471000" lon="112.55198004">
   <ele>2091.77</ele>
  </trkpt>
  <trkpt lat="-7.75471000" lon="112.55202999">
   <ele>2092.85</ele>
  </trkpt>
  <trkpt lat="-7.75471000" lon="112.55206000">
   <ele>2093.5</ele>
  </trkpt>
  <trkpt lat="-7.75471000" lon="112.55211004">
   <ele>2094.58</ele>
  </trkpt>
  <trkpt lat="-7.75470003" lon="112.55213996">
   <ele>2095.22</ele>
  </trkpt>
  <trkpt lat="-7.75468997" lon="112.55216997">
   <ele>2095.87</ele>
  </trkpt>
  <trkpt lat="-7.75471000" lon="112.55219000">
   <ele>2096.3</ele>
  </trkpt>
  <trkpt lat="-7.75471000" lon="112.55222999">
   <ele>2097.13</ele>
  </trkpt>
  <trkpt lat="-7.75471000" lon="112.55225999">
   <ele>2097.64</ele>
  </trkpt>
  <trkpt lat="-7.75470003" lon="112.55228003">
   <ele>2097.92</ele>
  </trkpt>
  <trkpt lat="-7.75470003" lon="112.55232001">
   <ele>2098.56</ele>
  </trkpt>
  <trkpt lat="-7.75468997" lon="112.55235001">
   <ele>2098.93</ele>
  </trkpt>
  <trkpt lat="-7.75468997" lon="112.55238002">
   <ele>2099.38</ele>
  </trkpt>
  <trkpt lat="-7.75467999" lon="112.55241003">
   <ele>2099.66</ele>
  </trkpt>
  <trkpt lat="-7.75467002" lon="112.55242998">
   <ele>2099.76</ele>
  </trkpt>
  <trkpt lat="-7.75467999" lon="112.55246996">
   <ele>2100.51</ele>
  </trkpt>
  <trkpt lat="-7.75467999" lon="112.55249997">
   <ele>2100.94</ele>
  </trkpt>
  <trkpt lat="-7.75465996" lon="112.55252997">
   <ele>2101.07</ele>
  </trkpt>
  <trkpt lat="-7.75463004" lon="112.55255998">
   <ele>2101.04</ele>
  </trkpt>
  <trkpt lat="-7.75461000" lon="112.55258999">
   <ele>2101.32</ele>
  </trkpt>
  <trkpt lat="-7.75461000" lon="112.55262997">
   <ele>2102.27</ele>
  </trkpt>
  <trkpt lat="-7.75461998" lon="112.55267004">
   <ele>2103.38</ele>
  </trkpt>
  <trkpt lat="-7.75464001" lon="112.55269996">
   <ele>2104.38</ele>
  </trkpt>
  <trkpt lat="-7.75464999" lon="112.55274002">
   <ele>2105.4</ele>
  </trkpt>
  <trkpt lat="-7.75464001" lon="112.55278001">
   <ele>2106.22</ele>
  </trkpt>
  <trkpt lat="-7.75463004" lon="112.55281999">
   <ele>2107.98</ele>
  </trkpt>
  <trkpt lat="-7.75461998" lon="112.55284999">
   <ele>2109.22</ele>
  </trkpt>
  <trkpt lat="-7.75461998" lon="112.55288998">
   <ele>2111.06</ele>
  </trkpt>
  <trkpt lat="-7.75461000" lon="112.55292996">
   <ele>2112.68</ele>
  </trkpt>
  <trkpt lat="-7.75458000" lon="112.55295997">
   <ele>2113.29</ele>
  </trkpt>
  <trkpt lat="-7.75455996" lon="112.55298997">
   <ele>2114.03</ele>
  </trkpt>
  <trkpt lat="-7.75455996" lon="112.55303004">
   <ele>2115.69</ele>
  </trkpt>
  <trkpt lat="-7.75457002" lon="112.55307002">
   <ele>2118</ele>
  </trkpt>
  <trkpt lat="-7.75458000" lon="112.55310003">
   <ele>2120.21</ele>
  </trkpt>
  <trkpt lat="-7.75458997" lon="112.55314001">
   <ele>2122.98</ele>
  </trkpt>
  <trkpt lat="-7.75458997" lon="112.55317999">
   <ele>2125.48</ele>
  </trkpt>
  <trkpt lat="-7.75457002" lon="112.55321997">
   <ele>2127.63</ele>
  </trkpt>
  <trkpt lat="-7.75457002" lon="112.55326004">
   <ele>2130.2</ele>
  </trkpt>
  <trkpt lat="-7.75454999" lon="112.55328996">
   <ele>2131.9</ele>
  </trkpt>
  <trkpt lat="-7.75454999" lon="112.55333003">
   <ele>2134.54</ele>
  </trkpt>
  <trkpt lat="-7.75454002" lon="112.55337001">
   <ele>2135.62</ele>
  </trkpt>
  <trkpt lat="-7.75453004" lon="112.55340999">
   <ele>2136.51</ele>
  </trkpt>
  <trkpt lat="-7.75453004" lon="112.55344997">
   <ele>2137.49</ele>
  </trkpt>
  <trkpt lat="-7.75451001" lon="112.55347998">
   <ele>2137.86</ele>
  </trkpt>
  <trkpt lat="-7.75450003" lon="112.55351996">
   <ele>2138.57</ele>
  </trkpt>
  <trkpt lat="-7.75448000" lon="112.55354997">
   <ele>2138.76</ele>
  </trkpt>
  <trkpt lat="-7.75448000" lon="112.55359003">
   <ele>2139.59</ele>
  </trkpt>
  <trkpt lat="-7.75451001" lon="112.55362004">
   <ele>2141</ele>
  </trkpt>
  <trkpt lat="-7.75453004" lon="112.55364996">
   <ele>2141.97</ele>
  </trkpt>
  <trkpt lat="-7.75454002" lon="112.55369003">
   <ele>2142.8</ele>
  </trkpt>
  <trkpt lat="-7.75457002" lon="112.55370998">
   <ele>2144.01</ele>
  </trkpt>
  <trkpt lat="-7.75460003" lon="112.55373999">
   <ele>2145.39</ele>
  </trkpt>
  <trkpt lat="-7.75461000" lon="112.55376999">
   <ele>2146.17</ele>
  </trkpt>
  <trkpt lat="-7.75461998" lon="112.55380997">
   <ele>2147.11</ele>
  </trkpt>
  <trkpt lat="-7.75461998" lon="112.55385004">
   <ele>2147.72</ele>
  </trkpt>
  <trkpt lat="-7.75458997" lon="112.55387996">
   <ele>2147.11</ele>
  </trkpt>
  <trkpt lat="-7.75455996" lon="112.55390997">
   <ele>2146.91</ele>
  </trkpt>
  <trkpt lat="-7.75451998" lon="112.55392003">
   <ele>2145.91</ele>
  </trkpt>
  <trkpt lat="-7.75448998" lon="112.55395004">
   <ele>2146.1</ele>
  </trkpt>
  <trkpt lat="-7.75445997" lon="112.55399002">
   <ele>2146.83</ele>
  </trkpt>
  <trkpt lat="-7.75444002" lon="112.55403000">
   <ele>2148.02</ele>
  </trkpt>
  <trkpt lat="-7.75441001" lon="112.55405003">
   <ele>2148.32</ele>
  </trkpt>
  <trkpt lat="-7.75438000" lon="112.55408004">
   <ele>2149.01</ele>
  </trkpt>
  <trkpt lat="-7.75435997" lon="112.55410996">
   <ele>2149.85</ele>
  </trkpt>
  <trkpt lat="-7.75434002" lon="112.55415003">
   <ele>2151.07</ele>
  </trkpt>
  <trkpt lat="-7.75430004" lon="112.55416998">
   <ele>2151.07</ele>
  </trkpt>
  <trkpt lat="-7.75427003" lon="112.55419001">
   <ele>2151.64</ele>
  </trkpt>
  <trkpt lat="-7.75424003" lon="112.55422002">
   <ele>2152.93</ele>
  </trkpt>
  <trkpt lat="-7.75421999" lon="112.55426000">
   <ele>2155.15</ele>
  </trkpt>
  <trkpt lat="-7.75418001" lon="112.55428003">
   <ele>2155.92</ele>
  </trkpt>
  <trkpt lat="-7.75415001" lon="112.55429001">
   <ele>2156.46</ele>
  </trkpt>
  <trkpt lat="-7.75412997" lon="112.55431004">
   <ele>2157.79</ele>
  </trkpt>
  <trkpt lat="-7.75409997" lon="112.55432001">
   <ele>2158.41</ele>
  </trkpt>
  <trkpt lat="-7.75408002" lon="112.55432999">
   <ele>2159.01</ele>
  </trkpt>
  <trkpt lat="-7.75405998" lon="112.55435002">
   <ele>2160.17</ele>
  </trkpt>
  <trkpt lat="-7.75408002" lon="112.55438003">
   <ele>2162.09</ele>
  </trkpt>
  <trkpt lat="-7.75407004" lon="112.55441003">
   <ele>2163.86</ele>
  </trkpt>
  <trkpt lat="-7.75405998" lon="112.55443996">
   <ele>2165.58</ele>
  </trkpt>
  <trkpt lat="-7.75402998" lon="112.55445999">
   <ele>2166.06</ele>
  </trkpt>
  <trkpt lat="-7.75401003" lon="112.55448002">
   <ele>2166.48</ele>
  </trkpt>
  <trkpt lat="-7.75399997" lon="112.55449997">
   <ele>2167</ele>
  </trkpt>
  <trkpt lat="-7.75396996" lon="112.55452001">
   <ele>2167.18</ele>
  </trkpt>
  <trkpt lat="-7.75395001" lon="112.55454004">
   <ele>2167.45</ele>
  </trkpt>
  <trkpt lat="-7.75394004" lon="112.55458002">
   <ele>2168.42</ele>
  </trkpt>
  <trkpt lat="-7.75392001" lon="112.55459997">
   <ele>2168.57</ele>
  </trkpt>
  <trkpt lat="-7.75389000" lon="112.55462000">
   <ele>2168.45</ele>
  </trkpt>
  <trkpt lat="-7.75386997" lon="112.55462998">
   <ele>2167.75</ele>
  </trkpt>
  <trkpt lat="-7.75383996" lon="112.55465001">
   <ele>2166.84</ele>
  </trkpt>
  <trkpt lat="-7.75381004" lon="112.55465998">
   <ele>2165.71</ele>
  </trkpt>
  <trkpt lat="-7.75379000" lon="112.55467004">
   <ele>2165.08</ele>
  </trkpt>
  <trkpt lat="-7.75376000" lon="112.55468999">
   <ele>2164.35</ele>
  </trkpt>
  <trkpt lat="-7.75375002" lon="112.55472000">
   <ele>2164.92</ele>
  </trkpt>
  <trkpt lat="-7.75372999" lon="112.55475000">
   <ele>2165.31</ele>
  </trkpt>
  <trkpt lat="-7.75369998" lon="112.55477004">
   <ele>2164.91</ele>
  </trkpt>
  <trkpt lat="-7.75366997" lon="112.55477004">
   <ele>2163.67</ele>
  </trkpt>
  <trkpt lat="-7.75363997" lon="112.55478001">
   <ele>2162.89</ele>
  </trkpt>
  <trkpt lat="-7.75362002" lon="112.55479996">
   <ele>2163</ele>
  </trkpt>
  <trkpt lat="-7.75359998" lon="112.55482997">
   <ele>2163.8</ele>
  </trkpt>
  <trkpt lat="-7.75359001" lon="112.55485998">
   <ele>2164.95</ele>
  </trkpt>
  <trkpt lat="-7.75358004" lon="112.55488998">
   <ele>2166.09</ele>
  </trkpt>
  <trkpt lat="-7.75355003" lon="112.55488998">
   <ele>2165.35</ele>
  </trkpt>
  <trkpt lat="-7.75352002" lon="112.55488001">
   <ele>2164.19</ele>
  </trkpt>
  <trkpt lat="-7.75349001" lon="112.55488998">
   <ele>2163.88</ele>
  </trkpt>
  <trkpt lat="-7.75346998" lon="112.55491999">
   <ele>2164.63</ele>
  </trkpt>
  <trkpt lat="-7.75345003" lon="112.55495000">
   <ele>2165.33</ele>
  </trkpt>
  <trkpt lat="-7.75343000" lon="112.55497003">
   <ele>2165.59</ele>
  </trkpt>
  <trkpt lat="-7.75340997" lon="112.55498998">
   <ele>2165.82</ele>
  </trkpt>
  <trkpt lat="-7.75337996" lon="112.55501001">
   <ele>2165.75</ele>
  </trkpt>
  <trkpt lat="-7.75336001" lon="112.55502996">
   <ele>2165.98</ele>
  </trkpt>
  <trkpt lat="-7.75333000" lon="112.55502996">
   <ele>2165.16</ele>
  </trkpt>
  <trkpt lat="-7.75330000" lon="112.55502996">
   <ele>2164.88</ele>
  </trkpt>
  <trkpt lat="-7.75326001" lon="112.55504002">
   <ele>2164.94</ele>
  </trkpt>
  <trkpt lat="-7.75322003" lon="112.55505997">
   <ele>2165.5</ele>
  </trkpt>
  <trkpt lat="-7.75319003" lon="112.55508000">
   <ele>2166.21</ele>
  </trkpt>
  <trkpt lat="-7.75316002" lon="112.55511001">
   <ele>2167.47</ele>
  </trkpt>
  <trkpt lat="-7.75313001" lon="112.55513004">
   <ele>2168.32</ele>
  </trkpt>
  <trkpt lat="-7.75309003" lon="112.55514001">
   <ele>2168.68</ele>
  </trkpt>
  <trkpt lat="-7.75304996" lon="112.55515996">
   <ele>2169.84</ele>
  </trkpt>
  <trkpt lat="-7.75302004" lon="112.55517002">
   <ele>2171.49</ele>
  </trkpt>
  <trkpt lat="-7.75297998" lon="112.55518000">
   <ele>2173.52</ele>
  </trkpt>
  <trkpt lat="-7.75293999" lon="112.55517002">
   <ele>2174.43</ele>
  </trkpt>
  <trkpt lat="-7.75290001" lon="112.55518000">
   <ele>2176.49</ele>
  </trkpt>
  <trkpt lat="-7.75286003" lon="112.55518000">
   <ele>2177.97</ele>
  </trkpt>
  <trkpt lat="-7.75281996" lon="112.55518000">
   <ele>2179.45</ele>
  </trkpt>
  <trkpt lat="-7.75279004" lon="112.55515996">
   <ele>2179.35</ele>
  </trkpt>
  <trkpt lat="-7.75274998" lon="112.55514001">
   <ele>2179.16</ele>
  </trkpt>
  <trkpt lat="-7.75271997" lon="112.55514001">
   <ele>2179.81</ele>
  </trkpt>
  <trkpt lat="-7.75270002" lon="112.55517002">
   <ele>2181.71</ele>
  </trkpt>
  <trkpt lat="-7.75266004" lon="112.55518000">
   <ele>2182.81</ele>
  </trkpt>
  <trkpt lat="-7.75263003" lon="112.55521000">
   <ele>2184.41</ele>
  </trkpt>
  <trkpt lat="-7.75260002" lon="112.55523004">
   <ele>2185.4</ele>
  </trkpt>
  <trkpt lat="-7.75256004" lon="112.55523004">
   <ele>2185.69</ele>
  </trkpt>
  <trkpt lat="-7.75253003" lon="112.55525996">
   <ele>2186.6</ele>
  </trkpt>
  <trkpt lat="-7.75251998" lon="112.55530003">
   <ele>2188.24</ele>
  </trkpt>
  <trkpt lat="-7.75250003" lon="112.55533003">
   <ele>2190.01</ele>
  </trkpt>
  <trkpt lat="-7.75247002" lon="112.55531997">
   <ele>2190.83</ele>
  </trkpt>
  <trkpt lat="-7.75243004" lon="112.55530003">
   <ele>2191.67</ele>
  </trkpt>
  <trkpt lat="-7.75238997" lon="112.55530003">
   <ele>2193.6</ele>
  </trkpt>
  <trkpt lat="-7.75234999" lon="112.55527999">
   <ele>2194.66</ele>
  </trkpt>
  <trkpt lat="-7.75231998" lon="112.55527002">
   <ele>2195.82</ele>
  </trkpt>
  <trkpt lat="-7.75230004" lon="112.55524001">
   <ele>2195.81</ele>
  </trkpt>
  <trkpt lat="-7.75227003" lon="112.55524999">
   <ele>2197.6</ele>
  </trkpt>
  <trkpt lat="-7.75225000" lon="112.55523004">
   <ele>2197.81</ele>
  </trkpt>
  <trkpt lat="-7.75224002" lon="112.55521000">
   <ele>2197.51</ele>
  </trkpt>
  <trkpt lat="-7.75221001" lon="112.55518997">
   <ele>2198.14</ele>
  </trkpt>
  <trkpt lat="-7.75218001" lon="112.55517002">
   <ele>2198.86</ele>
  </trkpt>
  <trkpt lat="-7.75214002" lon="112.55514001">
   <ele>2199.69</ele>
  </trkpt>
  <trkpt lat="-7.75211002" lon="112.55511998">
   <ele>2200.41</ele>
  </trkpt>
  <trkpt lat="-7.75208998" lon="112.55508000">
   <ele>2199.83</ele>
  </trkpt>
  <trkpt lat="-7.75207004" lon="112.55504999">
   <ele>2199.65</ele>
  </trkpt>
  <trkpt lat="-7.75202997" lon="112.55504999">
   <ele>2201.67</ele>
  </trkpt>
  <trkpt lat="-7.75202000" lon="112.55501001">
   <ele>2200.59</ele>
  </trkpt>
  <trkpt lat="-7.75198001" lon="112.55498998">
   <ele>2201.87</ele>
  </trkpt>
  <trkpt lat="-7.75195001" lon="112.55497003">
   <ele>2202.65</ele>
  </trkpt>
  <trkpt lat="-7.75192000" lon="112.55498000">
   <ele>2204.08</ele>
  </trkpt>
  <trkpt lat="-7.75189997" lon="112.55495997">
   <ele>2204.02</ele>
  </trkpt>
  <trkpt lat="-7.75188002" lon="112.55494002">
   <ele>2203.98</ele>
  </trkpt>
  <trkpt lat="-7.75185999" lon="112.55491999">
   <ele>2203.94</ele>
  </trkpt>
  <trkpt lat="-7.75185001" lon="112.55488998">
   <ele>2203.23</ele>
  </trkpt>
  <trkpt lat="-7.75184004" lon="112.55485998">
   <ele>2202.53</ele>
  </trkpt>
  <trkpt lat="-7.75182000" lon="112.55482997">
   <ele>2202.19</ele>
  </trkpt>
  <trkpt lat="-7.75181003" lon="112.55481002">
   <ele>2201.85</ele>
  </trkpt>
  <trkpt lat="-7.75179997" lon="112.55477004">
   <ele>2200.83</ele>
  </trkpt>
  <trkpt lat="-7.75178002" lon="112.55475000">
   <ele>2200.86</ele>
  </trkpt>
  <trkpt lat="-7.75176996" lon="112.55472000">
   <ele>2200.19</ele>
  </trkpt>
  <trkpt lat="-7.75175001" lon="112.55468999">
   <ele>2199.58</ele>
  </trkpt>
  <trkpt lat="-7.75174004" lon="112.55465998">
   <ele>2198.58</ele>
  </trkpt>
  <trkpt lat="-7.75174004" lon="112.55462998">
   <ele>2197.24</ele>
  </trkpt>
  <trkpt lat="-7.75172001" lon="112.55461003">
   <ele>2196.89</ele>
  </trkpt>
  <trkpt lat="-7.75169000" lon="112.55462998">
   <ele>2198.68</ele>
  </trkpt>
  <trkpt lat="-7.75165999" lon="112.55462000">
   <ele>2199.2</ele>
  </trkpt>
  <trkpt lat="-7.75162999" lon="112.55462998">
   <ele>2201.24</ele>
  </trkpt>
  <trkpt lat="-7.75161004" lon="112.55464003">
   <ele>2202.7</ele>
  </trkpt>
  <trkpt lat="-7.75162001" lon="112.55465998">
   <ele>2203.09</ele>
  </trkpt>
  <trkpt lat="-7.75161004" lon="112.55468999">
   <ele>2204.86</ele>
  </trkpt>
  <trkpt lat="-7.75159998" lon="112.55472000">
   <ele>2206.55</ele>
  </trkpt>
  <trkpt lat="-7.75158003" lon="112.55474003">
   <ele>2207.93</ele>
  </trkpt>
  <trkpt lat="-7.75158003" lon="112.55477004">
   <ele>2208.77</ele>
  </trkpt>
  <trkpt lat="-7.75158003" lon="112.55479996">
   <ele>2209.6</ele>
  </trkpt>
  <trkpt lat="-7.75158003" lon="112.55481999">
   <ele>2210.16</ele>
  </trkpt>
  <trkpt lat="-7.75156000" lon="112.55482997">
   <ele>2211.12</ele>
  </trkpt>
  <trkpt lat="-7.75152999" lon="112.55482997">
   <ele>2212.14</ele>
  </trkpt>
  <trkpt lat="-7.75149998" lon="112.55485000">
   <ele>2213.64</ele>
  </trkpt>
  <trkpt lat="-7.75148003" lon="112.55485998">
   <ele>2214.52</ele>
  </trkpt>
  <trkpt lat="-7.75149001" lon="112.55490004">
   <ele>2215.13</ele>
  </trkpt>
  <trkpt lat="-7.75148003" lon="112.55491999">
   <ele>2215.89</ele>
  </trkpt>
  <trkpt lat="-7.75145003" lon="112.55492996">
   <ele>2216.98</ele>
  </trkpt>
  <trkpt lat="-7.75142999" lon="112.55495997">
   <ele>2218.16</ele>
  </trkpt>
  <trkpt lat="-7.75140996" lon="112.55497003">
   <ele>2218.9</ele>
  </trkpt>
  <trkpt lat="-7.75140996" lon="112.55500004">
   <ele>2219.47</ele>
  </trkpt>
  <trkpt lat="-7.75139001" lon="112.55501999">
   <ele>2220.05</ele>
  </trkpt>
  <trkpt lat="-7.75136000" lon="112.55504002">
   <ele>2220.37</ele>
  </trkpt>
  <trkpt lat="-7.75133997" lon="112.55504999">
   <ele>2220.56</ele>
  </trkpt>
  <trkpt lat="-7.75132002" lon="112.55508000">
   <ele>2220.86</ele>
  </trkpt>
  <trkpt lat="-7.75130996" lon="112.55511001">
   <ele>2221.08</ele>
  </trkpt>
  <trkpt lat="-7.75129002" lon="112.55513004">
   <ele>2221.35</ele>
  </trkpt>
  <trkpt lat="-7.75128004" lon="112.55514999">
   <ele>2221.54</ele>
  </trkpt>
  <trkpt lat="-7.75126001" lon="112.55518000">
   <ele>2221.88</ele>
  </trkpt>
  <trkpt lat="-7.75126001" lon="112.55521000">
   <ele>2222.03</ele>
  </trkpt>
  <trkpt lat="-7.75126998" lon="112.55524001">
   <ele>2222.09</ele>
  </trkpt>
  <trkpt lat="-7.75126998" lon="112.55527002">
   <ele>2222.24</ele>
  </trkpt>
  <trkpt lat="-7.75126001" lon="112.55530003">
   <ele>2223.37</ele>
  </trkpt>
  <trkpt lat="-7.75125003" lon="112.55531997">
   <ele>2224.32</ele>
  </trkpt>
  <trkpt lat="-7.75125003" lon="112.55534998">
   <ele>2225.62</ele>
  </trkpt>
  <trkpt lat="-7.75125003" lon="112.55538996">
   <ele>2227.35</ele>
  </trkpt>
  <trkpt lat="-7.75123998" lon="112.55541997">
   <ele>2228.64</ele>
  </trkpt>
  <trkpt lat="-7.75122003" lon="112.55544000">
   <ele>2229.45</ele>
  </trkpt>
  <trkpt lat="-7.75119002" lon="112.55544000">
   <ele>2229.4</ele>
  </trkpt>
  <trkpt lat="-7.75116001" lon="112.55544000">
   <ele>2229.34</ele>
  </trkpt>
  <trkpt lat="-7.75113001" lon="112.55546004">
   <ele>2229.97</ele>
  </trkpt>
  <trkpt lat="-7.75110000" lon="112.55546004">
   <ele>2229.98</ele>
  </trkpt>
  <trkpt lat="-7.75109002" lon="112.55548996">
   <ele>2231.03</ele>
  </trkpt>
  <trkpt lat="-7.75106999" lon="112.55551997">
   <ele>2232.14</ele>
  </trkpt>
  <trkpt lat="-7.75106002" lon="112.55554997">
   <ele>2233.19</ele>
  </trkpt>
  <trkpt lat="-7.75106002" lon="112.55557998">
   <ele>2234.3</ele>
  </trkpt>
  <trkpt lat="-7.75104996" lon="112.55560999">
   <ele>2235.51</ele>
  </trkpt>
  <trkpt lat="-7.75102003" lon="112.55563002">
   <ele>2236.43</ele>
  </trkpt>
  <trkpt lat="-7.75099003" lon="112.55564997">
   <ele>2237.32</ele>
  </trkpt>
  <trkpt lat="-7.75097997" lon="112.55567000">
   <ele>2238.09</ele>
  </trkpt>
  <trkpt lat="-7.75096999" lon="112.55570001">
   <ele>2239.21</ele>
  </trkpt>
  <trkpt lat="-7.75094996" lon="112.55571996">
   <ele>2239.99</ele>
  </trkpt>
  <trkpt lat="-7.75093001" lon="112.55573999">
   <ele>2240.74</ele>
  </trkpt>
  <trkpt lat="-7.75093999" lon="112.55576002">
   <ele>2241.42</ele>
  </trkpt>
  <trkpt lat="-7.75093001" lon="112.55579003">
   <ele>2242.49</ele>
  </trkpt>
  <trkpt lat="-7.75093001" lon="112.55582004">
   <ele>2243.53</ele>
  </trkpt>
  <trkpt lat="-7.75096002" lon="112.55583999">
   <ele>2244.3</ele>
  </trkpt>
  <trkpt lat="-7.75094996" lon="112.55586999">
   <ele>2245.64</ele>
  </trkpt>
  <trkpt lat="-7.75096002" lon="112.55590000">
   <ele>2246.99</ele>
  </trkpt>
  <trkpt lat="-7.75096999" lon="112.55593998">
   <ele>2248.8</ele>
  </trkpt>
  <trkpt lat="-7.75096002" lon="112.55596999">
   <ele>2250.13</ele>
  </trkpt>
  <trkpt lat="-7.75096002" lon="112.55600000">
   <ele>2251.47</ele>
  </trkpt>
  <trkpt lat="-7.75096002" lon="112.55603001">
   <ele>2252.82</ele>
  </trkpt>
  <trkpt lat="-7.75096002" lon="112.55606001">
   <ele>2254.16</ele>
  </trkpt>
  <trkpt lat="-7.75094996" lon="112.55607996">
   <ele>2255.03</ele>
  </trkpt>
  <trkpt lat="-7.75093001" lon="112.55609999">
   <ele>2255.85</ele>
  </trkpt>
  <trkpt lat="-7.75090998" lon="112.55613000">
   <ele>2256.99</ele>
  </trkpt>
  <trkpt lat="-7.75090001" lon="112.55615003">
   <ele>2257.71</ele>
  </trkpt>
  <trkpt lat="-7.75087000" lon="112.55616998">
   <ele>2258.31</ele>
  </trkpt>
  <trkpt lat="-7.75086002" lon="112.55619999">
   <ele>2259.36</ele>
  </trkpt>
  <trkpt lat="-7.75087000" lon="112.55623000">
   <ele>2260.52</ele>
  </trkpt>
  <trkpt lat="-7.75087000" lon="112.55626000">
   <ele>2261.63</ele>
  </trkpt>
  <trkpt lat="-7.75087000" lon="112.55629001">
   <ele>2262.74</ele>
  </trkpt>
  <trkpt lat="-7.75087000" lon="112.55632002">
   <ele>2263.85</ele>
  </trkpt>
  <trkpt lat="-7.75087000" lon="112.55635003">
   <ele>2264.96</ele>
  </trkpt>
  <trkpt lat="-7.75084997" lon="112.55638003">
   <ele>2265.86</ele>
  </trkpt>
  <trkpt lat="-7.75083999" lon="112.55639998">
   <ele>2266.2</ele>
  </trkpt>
  <trkpt lat="-7.75086002" lon="112.55642999">
   <ele>2266.8</ele>
  </trkpt>
  <trkpt lat="-7.75087997" lon="112.55645002">
   <ele>2267.35</ele>
  </trkpt>
  <trkpt lat="-7.75089003" lon="112.55648003">
   <ele>2267.93</ele>
  </trkpt>
  <trkpt lat="-7.75090001" lon="112.55649998">
   <ele>2268.4</ele>
  </trkpt>
  <trkpt lat="-7.75092004" lon="112.55652001">
   <ele>2269.09</ele>
  </trkpt>
  <trkpt lat="-7.75090998" lon="112.55655002">
   <ele>2269.37</ele>
  </trkpt>
  <trkpt lat="-7.75093001" lon="112.55658003">
   <ele>2270.31</ele>
  </trkpt>
  <trkpt lat="-7.75094996" lon="112.55659997">
   <ele>2271.14</ele>
  </trkpt>
  <trkpt lat="-7.75093999" lon="112.55662998">
   <ele>2271.42</ele>
  </trkpt>
  <trkpt lat="-7.75096002" lon="112.55665001">
   <ele>2272.33</ele>
  </trkpt>
  <trkpt lat="-7.75097997" lon="112.55668002">
   <ele>2273.55</ele>
  </trkpt>
  <trkpt lat="-7.75100998" lon="112.55669000">
   <ele>2274.56</ele>
  </trkpt>
  <trkpt lat="-7.75103998" lon="112.55671003">
   <ele>2275.66</ele>
  </trkpt>
  <trkpt lat="-7.75106002" lon="112.55672998">
   <ele>2276.4</ele>
  </trkpt>
  <trkpt lat="-7.75107997" lon="112.55675999">
   <ele>2277.15</ele>
  </trkpt>
  <trkpt lat="-7.75110000" lon="112.55678002">
   <ele>2277.66</ele>
  </trkpt>
  <trkpt lat="-7.75113998" lon="112.55678999">
   <ele>2277.73</ele>
  </trkpt>
  <trkpt lat="-7.75116999" lon="112.55679997">
   <ele>2277.71</ele>
  </trkpt>
  <trkpt lat="-7.75119002" lon="112.55682000">
   <ele>2277.97</ele>
  </trkpt>
  <trkpt lat="-7.75119999" lon="112.55685001">
   <ele>2278.51</ele>
  </trkpt>
  <trkpt lat="-7.75117996" lon="112.55687004">
   <ele>2278.79</ele>
  </trkpt>
  <trkpt lat="-7.75116999" lon="112.55688999">
   <ele>2279.04</ele>
  </trkpt>
  <trkpt lat="-7.75116999" lon="112.55692997">
   <ele>2279.63</ele>
  </trkpt>
  <trkpt lat="-7.75116999" lon="112.55695998">
   <ele>2280.4</ele>
  </trkpt>
  <trkpt lat="-7.75116999" lon="112.55698998">
   <ele>2281.48</ele>
  </trkpt>
  <trkpt lat="-7.75115004" lon="112.55701002">
   <ele>2281.99</ele>
  </trkpt>
  <trkpt lat="-7.75113998" lon="112.55702997">
   <ele>2282.64</ele>
  </trkpt>
  <trkpt lat="-7.75113998" lon="112.55705997">
   <ele>2283.78</ele>
  </trkpt>
  <trkpt lat="-7.75116001" lon="112.55708998">
   <ele>2285.01</ele>
  </trkpt>
  <trkpt lat="-7.75117996" lon="112.55711999">
   <ele>2286.16</ele>
  </trkpt>
  <trkpt lat="-7.75119002" lon="112.55714002">
   <ele>2286.88</ele>
  </trkpt>
  <trkpt lat="-7.75119999" lon="112.55717003">
   <ele>2287.91</ele>
  </trkpt>
  <trkpt lat="-7.75119002" lon="112.55720004">
   <ele>2288.95</ele>
  </trkpt>
  <trkpt lat="-7.75119999" lon="112.55722996">
   <ele>2289.59</ele>
  </trkpt>
  <trkpt lat="-7.75120997" lon="112.55725997">
   <ele>2289.19</ele>
  </trkpt>
  <trkpt lat="-7.75119999" lon="112.55728000">
   <ele>2288.99</ele>
  </trkpt>
  <trkpt lat="-7.75120997" lon="112.55731001">
   <ele>2288.58</ele>
  </trkpt>
  <trkpt lat="-7.75122003" lon="112.55734001">
   <ele>2288.17</ele>
  </trkpt>
  <trkpt lat="-7.75120997" lon="112.55737002">
   <ele>2287.86</ele>
  </trkpt>
  <trkpt lat="-7.75120997" lon="112.55740003">
   <ele>2287.5</ele>
  </trkpt>
  <trkpt lat="-7.75120997" lon="112.55743003">
   <ele>2287.13</ele>
  </trkpt>
  <trkpt lat="-7.75122003" lon="112.55746004">
   <ele>2286.7</ele>
  </trkpt>
  <trkpt lat="-7.75119999" lon="112.55748997">
   <ele>2286.48</ele>
  </trkpt>
  <trkpt lat="-7.75119002" lon="112.55751000">
   <ele>2286.6</ele>
  </trkpt>
  <trkpt lat="-7.75116999" lon="112.55754001">
   <ele>2287.21</ele>
  </trkpt>
  <trkpt lat="-7.75116999" lon="112.55757001">
   <ele>2287.69</ele>
  </trkpt>
  <trkpt lat="-7.75115004" lon="112.55758996">
   <ele>2288.11</ele>
  </trkpt>
  <trkpt lat="-7.75113001" lon="112.55761997">
   <ele>2288.65</ele>
  </trkpt>
  <trkpt lat="-7.75112003" lon="112.55764998">
   <ele>2289.13</ele>
  </trkpt>
  <trkpt lat="-7.75110997" lon="112.55767001">
   <ele>2289.48</ele>
  </trkpt>
  <trkpt lat="-7.75110997" lon="112.55770002">
   <ele>2289.91</ele>
  </trkpt>
  <trkpt lat="-7.75110997" lon="112.55773002">
   <ele>2290.34</ele>
  </trkpt>
  <trkpt lat="-7.75110000" lon="112.55776003">
   <ele>2291.06</ele>
  </trkpt>
  <trkpt lat="-7.75109002" lon="112.55777998">
   <ele>2291.69</ele>
  </trkpt>
  <trkpt lat="-7.75107997" lon="112.55780999">
   <ele>2293.02</ele>
  </trkpt>
  <trkpt lat="-7.75107997" lon="112.55783999">
   <ele>2294.06</ele>
  </trkpt>
  <trkpt lat="-7.75106002" lon="112.55786003">
   <ele>2295.27</ele>
  </trkpt>
  <trkpt lat="-7.75103998" lon="112.55787998">
   <ele>2296.45</ele>
  </trkpt>
  <trkpt lat="-7.75103998" lon="112.55790998">
   <ele>2297.44</ele>
  </trkpt>
  <trkpt lat="-7.75103998" lon="112.55793999">
   <ele>2298.44</ele>
  </trkpt>
  <trkpt lat="-7.75103001" lon="112.55797000">
   <ele>2299.65</ele>
  </trkpt>
  <trkpt lat="-7.75100998" lon="112.55799003">
   <ele>2300.72</ele>
  </trkpt>
  <trkpt lat="-7.75100998" lon="112.55803001">
   <ele>2302</ele>
  </trkpt>
  <trkpt lat="-7.75100000" lon="112.55806002">
   <ele>2303.14</ele>
  </trkpt>
  <trkpt lat="-7.75100998" lon="112.55807997">
   <ele>2303.6</ele>
  </trkpt>
  <trkpt lat="-7.75103001" lon="112.55810997">
   <ele>2304.27</ele>
  </trkpt>
  <trkpt lat="-7.75104996" lon="112.55813001">
   <ele>2304.69</ele>
  </trkpt>
  <trkpt lat="-7.75106002" lon="112.55816001">
   <ele>2305.64</ele>
  </trkpt>
  <trkpt lat="-7.75106002" lon="112.55819002">
   <ele>2306.71</ele>
  </trkpt>
  <trkpt lat="-7.75106999" lon="112.55822003">
   <ele>2307.73</ele>
  </trkpt>
  <trkpt lat="-7.75106999" lon="112.55825004">
   <ele>2308.82</ele>
  </trkpt>
  <trkpt lat="-7.75106002" lon="112.55827996">
   <ele>2309.92</ele>
  </trkpt>
  <trkpt lat="-7.75103998" lon="112.55830997">
   <ele>2310.95</ele>
  </trkpt>
  <trkpt lat="-7.75103001" lon="112.55833997">
   <ele>2311.8</ele>
  </trkpt>
  <trkpt lat="-7.75103001" lon="112.55836998">
   <ele>2312.24</ele>
  </trkpt>
  <trkpt lat="-7.75103998" lon="112.55839999">
   <ele>2312.7</ele>
  </trkpt>
  <trkpt lat="-7.75103998" lon="112.55843000">
   <ele>2313.14</ele>
  </trkpt>
  <trkpt lat="-7.75102003" lon="112.55842002">
   <ele>2312.92</ele>
  </trkpt>
  <trkpt lat="-7.75102003" lon="112.55845003">
   <ele>2313.35</ele>
  </trkpt>
  <trkpt lat="-7.75102003" lon="112.55848004">
   <ele>2313.78</ele>
  </trkpt>
  <trkpt lat="-7.75102003" lon="112.55850996">
   <ele>2314.22</ele>
  </trkpt>
  <trkpt lat="-7.75100000" lon="112.55852999">
   <ele>2314.43</ele>
  </trkpt>
  <trkpt lat="-7.75097997" lon="112.55855002">
   <ele>2314.65</ele>
  </trkpt>
  <trkpt lat="-7.75094996" lon="112.55856000">
   <ele>2314.68</ele>
  </trkpt>
  <trkpt lat="-7.75093999" lon="112.55859001">
   <ele>2315.08</ele>
  </trkpt>
  <trkpt lat="-7.75093001" lon="112.55862001">
   <ele>2315.48</ele>
  </trkpt>
  <trkpt lat="-7.75090998" lon="112.55863996">
   <ele>2315.69</ele>
  </trkpt>
  <trkpt lat="-7.75089003" lon="112.55865999">
   <ele>2315.91</ele>
  </trkpt>
  <trkpt lat="-7.75087000" lon="112.55868003">
   <ele>2316.12</ele>
  </trkpt>
  <trkpt lat="-7.75084997" lon="112.55869998">
   <ele>2316.34</ele>
  </trkpt>
  <trkpt lat="-7.75080998" lon="112.55869000">
   <ele>2315.9</ele>
  </trkpt>
  <trkpt lat="-7.75079004" lon="112.55871003">
   <ele>2316.02</ele>
  </trkpt>
  <trkpt lat="-7.75079004" lon="112.55873996">
   <ele>2316.52</ele>
  </trkpt>
  <trkpt lat="-7.75077000" lon="112.55875999">
   <ele>2316.72</ele>
  </trkpt>
  <trkpt lat="-7.75074997" lon="112.55878002">
   <ele>2316.96</ele>
  </trkpt>
  <trkpt lat="-7.75071996" lon="112.55879000">
   <ele>2317</ele>
  </trkpt>
  <trkpt lat="-7.75069004" lon="112.55879000">
   <ele>2316.84</ele>
  </trkpt>
  <trkpt lat="-7.75067001" lon="112.55878002">
   <ele>2316.51</ele>
  </trkpt>
  <trkpt lat="-7.75063002" lon="112.55879000">
   <ele>2316.53</ele>
  </trkpt>
  <trkpt lat="-7.75060002" lon="112.55879997">
   <ele>2316.64</ele>
  </trkpt>
  <trkpt lat="-7.75058996" lon="112.55882998">
   <ele>2317.41</ele>
  </trkpt>
  <trkpt lat="-7.75058996" lon="112.55885999">
   <ele>2318.22</ele>
  </trkpt>
  <trkpt lat="-7.75057998" lon="112.55888002">
   <ele>2318.76</ele>
  </trkpt>
  <trkpt lat="-7.75056004" lon="112.55891003">
   <ele>2319.37</ele>
  </trkpt>
  <trkpt lat="-7.75054000" lon="112.55892998">
   <ele>2319.65</ele>
  </trkpt>
  <trkpt lat="-7.75051997" lon="112.55895001">
   <ele>2319.93</ele>
  </trkpt>
  <trkpt lat="-7.75050002" lon="112.55897004">
   <ele>2320.24</ele>
  </trkpt>
  <trkpt lat="-7.75047001" lon="112.55898002">
   <ele>2320.33</ele>
  </trkpt>
  <trkpt lat="-7.75044001" lon="112.55899996">
   <ele>2320.67</ele>
  </trkpt>
  <trkpt lat="-7.75041997" lon="112.55902000">
   <ele>2321.08</ele>
  </trkpt>
  <trkpt lat="-7.75038997" lon="112.55904003">
   <ele>2321.5</ele>
  </trkpt>
  <trkpt lat="-7.75037999" lon="112.55905998">
   <ele>2321.98</ele>
  </trkpt>
  <trkpt lat="-7.75037002" lon="112.55908999">
   <ele>2322.73</ele>
  </trkpt>
  <trkpt lat="-7.75035996" lon="112.55911999">
   <ele>2323.51</ele>
  </trkpt>
  <trkpt lat="-7.75035996" lon="112.55915998">
   <ele>2324.53</ele>
  </trkpt>
  <trkpt lat="-7.75037002" lon="112.55920004">
   <ele>2325.27</ele>
  </trkpt>
  <trkpt lat="-7.75037999" lon="112.55921999">
   <ele>2325.61</ele>
  </trkpt>
  <trkpt lat="-7.75037002" lon="112.55925000">
   <ele>2326.17</ele>
  </trkpt>
  <trkpt lat="-7.75034999" lon="112.55928000">
   <ele>2326.69</ele>
  </trkpt>
  <trkpt lat="-7.75034001" lon="112.55931001">
   <ele>2327.19</ele>
  </trkpt>
  <trkpt lat="-7.75033004" lon="112.55934002">
   <ele>2327.66</ele>
  </trkpt>
  <trkpt lat="-7.75031998" lon="112.55937003">
   <ele>2328.11</ele>
  </trkpt>
  <trkpt lat="-7.75030003" lon="112.55938997">
   <ele>2328.33</ele>
  </trkpt>
  <trkpt lat="-7.75027002" lon="112.55940003">
   <ele>2328.35</ele>
  </trkpt>
  <trkpt lat="-7.75024999" lon="112.55941998">
   <ele>2328.63</ele>
  </trkpt>
  <trkpt lat="-7.75024001" lon="112.55944999">
   <ele>2329.08</ele>
  </trkpt>
  <trkpt lat="-7.75024001" lon="112.55948000">
   <ele>2329.53</ele>
  </trkpt>
  <trkpt lat="-7.75023004" lon="112.55951000">
   <ele>2329.98</ele>
  </trkpt>
  <trkpt lat="-7.75021001" lon="112.55953004">
   <ele>2330.31</ele>
  </trkpt>
  <trkpt lat="-7.75018997" lon="112.55954999">
   <ele>2330.64</ele>
  </trkpt>
  <trkpt lat="-7.75017003" lon="112.55957999">
   <ele>2331.14</ele>
  </trkpt>
  <trkpt lat="-7.75014999" lon="112.55960003">
   <ele>2331.5</ele>
  </trkpt>
  <trkpt lat="-7.75012996" lon="112.55961997">
   <ele>2331.86</ele>
  </trkpt>
  <trkpt lat="-7.75011001" lon="112.55964998">
   <ele>2332.41</ele>
  </trkpt>
  <trkpt lat="-7.75010004" lon="112.55967001">
   <ele>2332.77</ele>
  </trkpt>
  <trkpt lat="-7.75008000" lon="112.55968996">
   <ele>2333.17</ele>
  </trkpt>
  <trkpt lat="-7.75005000" lon="112.55970002">
   <ele>2333.43</ele>
  </trkpt>
  <trkpt lat="-7.75004002" lon="112.55971997">
   <ele>2333.82</ele>
  </trkpt>
  <trkpt lat="-7.75001002" lon="112.55974000">
   <ele>2334.81</ele>
  </trkpt>
  <trkpt lat="-7.74998001" lon="112.55974000">
   <ele>2334.97</ele>
  </trkpt>
  <trkpt lat="-7.74995000" lon="112.55974998">
   <ele>2335.62</ele>
  </trkpt>
  <trkpt lat="-7.74991999" lon="112.55974998">
   <ele>2335.82</ele>
  </trkpt>
  <trkpt lat="-7.74988999" lon="112.55977001">
   <ele>2336.89</ele>
  </trkpt>
  <trkpt lat="-7.74987004" lon="112.55977998">
   <ele>2337.45</ele>
  </trkpt>
  <trkpt lat="-7.74984003" lon="112.55980002">
   <ele>2338.47</ele>
  </trkpt>
  <trkpt lat="-7.74982997" lon="112.55983002">
   <ele>2339.79</ele>
  </trkpt>
  <trkpt lat="-7.74982000" lon="112.55986003">
   <ele>2341.1</ele>
  </trkpt>
  <trkpt lat="-7.74981002" lon="112.55989004">
   <ele>2342.39</ele>
  </trkpt>
  <trkpt lat="-7.74981002" lon="112.55990999">
   <ele>2343.23</ele>
  </trkpt>
  <trkpt lat="-7.74982000" lon="112.55994000">
   <ele>2344.47</ele>
  </trkpt>
  <trkpt lat="-7.74982000" lon="112.55997000">
   <ele>2345.74</ele>
  </trkpt>
  <trkpt lat="-7.74982000" lon="112.56000001">
   <ele>2347</ele>
  </trkpt>
  <trkpt lat="-7.74978999" lon="112.56001996">
   <ele>2347.5</ele>
  </trkpt>
  <trkpt lat="-7.74978002" lon="112.56004997">
   <ele>2348.26</ele>
  </trkpt>
  <trkpt lat="-7.74978002" lon="112.56007997">
   <ele>2349.02</ele>
  </trkpt>
  <trkpt lat="-7.74978999" lon="112.56010998">
   <ele>2349.77</ele>
  </trkpt>
  <trkpt lat="-7.74981002" lon="112.56013001">
   <ele>2350.28</ele>
  </trkpt>
  <trkpt lat="-7.74982997" lon="112.56014996">
   <ele>2350.78</ele>
  </trkpt>
  <trkpt lat="-7.74982000" lon="112.56017997">
   <ele>2351.54</ele>
  </trkpt>
  <trkpt lat="-7.74981002" lon="112.56020000">
   <ele>2352.04</ele>
  </trkpt>
  <trkpt lat="-7.74979996" lon="112.56023001">
   <ele>2352.8</ele>
  </trkpt>
  <trkpt lat="-7.74981002" lon="112.56026002">
   <ele>2353.55</ele>
  </trkpt>
  <trkpt lat="-7.74982000" lon="112.56029002">
   <ele>2354.12</ele>
  </trkpt>
  <trkpt lat="-7.74982997" lon="112.56030997">
   <ele>2354.34</ele>
  </trkpt>
  <trkpt lat="-7.74982000" lon="112.56033998">
   <ele>2354.62</ele>
  </trkpt>
  <trkpt lat="-7.74981002" lon="112.56036999">
   <ele>2354.86</ele>
  </trkpt>
  <trkpt lat="-7.74979996" lon="112.56039999">
   <ele>2355.06</ele>
  </trkpt>
  <trkpt lat="-7.74979996" lon="112.56042003">
   <ele>2355.23</ele>
  </trkpt>
  <trkpt lat="-7.74978999" lon="112.56045003">
   <ele>2355.38</ele>
  </trkpt>
  <trkpt lat="-7.74977004" lon="112.56048004">
   <ele>2355.35</ele>
  </trkpt>
  <trkpt lat="-7.74975001" lon="112.56049999">
   <ele>2355.2</ele>
  </trkpt>
  <trkpt lat="-7.74974003" lon="112.56053000">
   <ele>2355.2</ele>
  </trkpt>
  <trkpt lat="-7.74972000" lon="112.56055003">
   <ele>2354.96</ele>
  </trkpt>
  <trkpt lat="-7.74969997" lon="112.56058004">
   <ele>2355.63</ele>
  </trkpt>
  <trkpt lat="-7.74968999" lon="112.56062002">
   <ele>2356.92</ele>
  </trkpt>
  <trkpt lat="-7.74968002" lon="112.56066000">
   <ele>2358.19</ele>
  </trkpt>
  <trkpt lat="-7.74965999" lon="112.56069001">
   <ele>2358.95</ele>
  </trkpt>
  <trkpt lat="-7.74964004" lon="112.56072002">
   <ele>2359.68</ele>
  </trkpt>
  <trkpt lat="-7.74962998" lon="112.56076000">
   <ele>2360.88</ele>
  </trkpt>
  <trkpt lat="-7.74962001" lon="112.56079998">
   <ele>2362.05</ele>
  </trkpt>
  <trkpt lat="-7.74961003" lon="112.56083996">
   <ele>2363.1</ele>
  </trkpt>
  <trkpt lat="-7.74959997" lon="112.56088003">
   <ele>2363.62</ele>
  </trkpt>
  <trkpt lat="-7.74959997" lon="112.56092001">
   <ele>2364.32</ele>
  </trkpt>
  <trkpt lat="-7.74958002" lon="112.56095001">
   <ele>2364.55</ele>
  </trkpt>
  <trkpt lat="-7.74956997" lon="112.56099000">
   <ele>2365.13</ele>
  </trkpt>
  <trkpt lat="-7.74955999" lon="112.56102000">
   <ele>2365.55</ele>
  </trkpt>
  <trkpt lat="-7.74952998" lon="112.56105001">
   <ele>2365.74</ele>
  </trkpt>
  <trkpt lat="-7.74949998" lon="112.56106996">
   <ele>2365.77</ele>
  </trkpt>
  <trkpt lat="-7.74946997" lon="112.56108999">
   <ele>2365.83</ele>
  </trkpt>
  <trkpt lat="-7.74945999" lon="112.56112000">
   <ele>2366.48</ele>
  </trkpt>
  <trkpt lat="-7.74945999" lon="112.56115001">
   <ele>2367.55</ele>
  </trkpt>
  <trkpt lat="-7.74945002" lon="112.56118999">
   <ele>2368.89</ele>
  </trkpt>
  <trkpt lat="-7.74943996" lon="112.56122000">
   <ele>2369.9</ele>
  </trkpt>
  <trkpt lat="-7.74942999" lon="112.56125000">
   <ele>2370.92</ele>
  </trkpt>
  <trkpt lat="-7.74942001" lon="112.56128001">
   <ele>2371.9</ele>
  </trkpt>
  <trkpt lat="-7.74942001" lon="112.56131002">
   <ele>2372.93</ele>
  </trkpt>
  <trkpt lat="-7.74942001" lon="112.56134002">
   <ele>2373.97</ele>
  </trkpt>
  <trkpt lat="-7.74942999" lon="112.56137003">
   <ele>2375.13</ele>
  </trkpt>
  <trkpt lat="-7.74942999" lon="112.56140004">
   <ele>2376</ele>
  </trkpt>
  <trkpt lat="-7.74941004" lon="112.56141999">
   <ele>2376.11</ele>
  </trkpt>
  <trkpt lat="-7.74939998" lon="112.56145000">
   <ele>2376.57</ele>
  </trkpt>
  <trkpt lat="-7.74939001" lon="112.56147003">
   <ele>2376.85</ele>
  </trkpt>
  <trkpt lat="-7.74936000" lon="112.56148998">
   <ele>2376.94</ele>
  </trkpt>
  <trkpt lat="-7.74935002" lon="112.56151998">
   <ele>2377.48</ele>
  </trkpt>
  <trkpt lat="-7.74932999" lon="112.56154002">
   <ele>2377.74</ele>
  </trkpt>
  <trkpt lat="-7.74930996" lon="112.56155997">
   <ele>2378.04</ele>
  </trkpt>
  <trkpt lat="-7.74930996" lon="112.56158997">
   <ele>2378.74</ele>
  </trkpt>
  <trkpt lat="-7.74929998" lon="112.56161998">
   <ele>2379.38</ele>
  </trkpt>
  <trkpt lat="-7.74929001" lon="112.56164001">
   <ele>2379.8</ele>
  </trkpt>
  <trkpt lat="-7.74928004" lon="112.56167002">
   <ele>2380.48</ele>
  </trkpt>
  <trkpt lat="-7.74929998" lon="112.56170003">
   <ele>2381.16</ele>
  </trkpt>
  <trkpt lat="-7.74926998" lon="112.56171000">
   <ele>2381.37</ele>
  </trkpt>
  <trkpt lat="-7.74925003" lon="112.56173003">
   <ele>2381.87</ele>
  </trkpt>
  <trkpt lat="-7.74920996" lon="112.56174001">
   <ele>2382.24</ele>
  </trkpt>
  <trkpt lat="-7.74922002" lon="112.56170003">
   <ele>2381.11</ele>
  </trkpt>
  <trkpt lat="-7.74923997" lon="112.56167999">
   <ele>2380.61</ele>
  </trkpt>
  <trkpt lat="-7.74926000" lon="112.56165996">
   <ele>2380.17</ele>
  </trkpt>
  <trkpt lat="-7.74925003" lon="112.56163004">
   <ele>2379.36</ele>
  </trkpt>
  <trkpt lat="-7.74926998" lon="112.56164999">
   <ele>2379.96</ele>
  </trkpt>
  <trkpt lat="-7.74929998" lon="112.56165996">
   <ele>2380.32</ele>
  </trkpt>
  <trkpt lat="-7.74926998" lon="112.56167002">
   <ele>2380.45</ele>
  </trkpt>
  <trkpt lat="-7.74926000" lon="112.56170003">
   <ele>2381.13</ele>
  </trkpt>
  <trkpt lat="-7.74923000" lon="112.56171998">
   <ele>2381.65</ele>
  </trkpt>
  <trkpt lat="-7.74922002" lon="112.56174001">
   <ele>2382.21</ele>
  </trkpt>
  <trkpt lat="-7.74919999" lon="112.56176004">
   <ele>2382.86</ele>
  </trkpt>
  <trkpt lat="-7.74918004" lon="112.56178997">
   <ele>2383.89</ele>
  </trkpt>
  <trkpt lat="-7.74918004" lon="112.56183003">
   <ele>2385.14</ele>
  </trkpt>
  <trkpt lat="-7.74918004" lon="112.56186004">
   <ele>2386.08</ele>
  </trkpt>
  <trkpt lat="-7.74916998" lon="112.56188996">
   <ele>2387.18</ele>
  </trkpt>
  <trkpt lat="-7.74913997" lon="112.56190999">
   <ele>2387.36</ele>
  </trkpt>
  <trkpt lat="-7.74913997" lon="112.56193003">
   <ele>2387.98</ele>
  </trkpt>
  <trkpt lat="-7.74913000" lon="112.56196003">
   <ele>2388.5</ele>
  </trkpt>
  <trkpt lat="-7.74910997" lon="112.56199004">
   <ele>2388.66</ele>
  </trkpt>
  <trkpt lat="-7.74909999" lon="112.56200999">
   <ele>2388.85</ele>
  </trkpt>
  <trkpt lat="-7.74909999" lon="112.56204000">
   <ele>2389.45</ele>
  </trkpt>
  <trkpt lat="-7.74909999" lon="112.56207000">
   <ele>2390.04</ele>
  </trkpt>
  <trkpt lat="-7.74909999" lon="112.56210001">
   <ele>2390.63</ele>
  </trkpt>
  <trkpt lat="-7.74909002" lon="112.56213002">
   <ele>2391.05</ele>
  </trkpt>
  <trkpt lat="-7.74907996" lon="112.56216003">
   <ele>2391.49</ele>
  </trkpt>
  <trkpt lat="-7.74907996" lon="112.56217998">
   <ele>2391.9</ele>
  </trkpt>
  <trkpt lat="-7.74909002" lon="112.56220998">
   <ele>2392.65</ele>
  </trkpt>
  <trkpt lat="-7.74909999" lon="112.56223999">
   <ele>2393.63</ele>
  </trkpt>
  <trkpt lat="-7.74909002" lon="112.56227000">
   <ele>2394.49</ele>
  </trkpt>
  <trkpt lat="-7.74907996" lon="112.56230000">
   <ele>2395.36</ele>
  </trkpt>
  <trkpt lat="-7.74906999" lon="112.56233001">
   <ele>2396.24</ele>
  </trkpt>
  <trkpt lat="-7.74906999" lon="112.56236002">
   <ele>2397.24</ele>
  </trkpt>
  <trkpt lat="-7.74906001" lon="112.56239003">
   <ele>2398.13</ele>
  </trkpt>
  <trkpt lat="-7.74906001" lon="112.56242003">
   <ele>2399.15</ele>
  </trkpt>
  <trkpt lat="-7.74905004" lon="112.56245004">
   <ele>2400.04</ele>
  </trkpt>
  <trkpt lat="-7.74905004" lon="112.56247996">
   <ele>2401.06</ele>
  </trkpt>
  <trkpt lat="-7.74905004" lon="112.56250997">
   <ele>2402</ele>
  </trkpt>
  <trkpt lat="-7.74905004" lon="112.56253998">
   <ele>2402.79</ele>
  </trkpt>
  <trkpt lat="-7.74905004" lon="112.56256999">
   <ele>2403.57</ele>
  </trkpt>
  <trkpt lat="-7.74905004" lon="112.56259999">
   <ele>2404.35</ele>
  </trkpt>
  <trkpt lat="-7.74905004" lon="112.56263000">
   <ele>2405.14</ele>
  </trkpt>
  <trkpt lat="-7.74905004" lon="112.56266001">
   <ele>2405.92</ele>
  </trkpt>
  <trkpt lat="-7.74903998" lon="112.56269001">
   <ele>2406.67</ele>
  </trkpt>
  <trkpt lat="-7.74903000" lon="112.56272002">
   <ele>2407.44</ele>
  </trkpt>
  <trkpt lat="-7.74903998" lon="112.56275003">
   <ele>2408.26</ele>
  </trkpt>
  <trkpt lat="-7.74906001" lon="112.56276998">
   <ele>2408.8</ele>
  </trkpt>
  <trkpt lat="-7.74906999" lon="112.56279998">
   <ele>2409.56</ele>
  </trkpt>
  <trkpt lat="-7.74906999" lon="112.56282999">
   <ele>2410.32</ele>
  </trkpt>
  <trkpt lat="-7.74906001" lon="112.56286000">
   <ele>2411.07</ele>
  </trkpt>
  <trkpt lat="-7.74906001" lon="112.56289001">
   <ele>2411.83</ele>
  </trkpt>
  <trkpt lat="-7.74903998" lon="112.56291004">
   <ele>2412.33</ele>
  </trkpt>
  <trkpt lat="-7.74903000" lon="112.56293996">
   <ele>2413.09</ele>
  </trkpt>
  <trkpt lat="-7.74902003" lon="112.56296997">
   <ele>2413.84</ele>
  </trkpt>
  <trkpt lat="-7.74900000" lon="112.56299000">
   <ele>2414.35</ele>
  </trkpt>
  <trkpt lat="-7.74897996" lon="112.56301004">
   <ele>2414.85</ele>
  </trkpt>
  <trkpt lat="-7.74896001" lon="112.56303996">
   <ele>2415.61</ele>
  </trkpt>
  <trkpt lat="-7.74895004" lon="112.56306997">
   <ele>2416.14</ele>
  </trkpt>
  <trkpt lat="-7.74893998" lon="112.56309997">
   <ele>2416.41</ele>
  </trkpt>
  <trkpt lat="-7.74893998" lon="112.56312001">
   <ele>2416.59</ele>
  </trkpt>
  <trkpt lat="-7.74895004" lon="112.56315999">
   <ele>2417</ele>
  </trkpt>
  <trkpt lat="-7.74895004" lon="112.56318999">
   <ele>2417.29</ele>
  </trkpt>
  <trkpt lat="-7.74893998" lon="112.56322000">
   <ele>2417.51</ele>
  </trkpt>
  <trkpt lat="-7.74893001" lon="112.56325001">
   <ele>2417.71</ele>
  </trkpt>
  <trkpt lat="-7.74890997" lon="112.56325998">
   <ele>2417.64</ele>
  </trkpt>
  <trkpt lat="-7.74892003" lon="112.56328999">
   <ele>2417.97</ele>
  </trkpt>
  <trkpt lat="-7.74893001" lon="112.56332000">
   <ele>2418.33</ele>
  </trkpt>
  <trkpt lat="-7.74893001" lon="112.56334003">
   <ele>2418.53</ele>
  </trkpt>
  <trkpt lat="-7.74892003" lon="112.56337004">
   <ele>2418.78</ele>
  </trkpt>
  <trkpt lat="-7.74890997" lon="112.56339996">
   <ele>2419</ele>
  </trkpt>
  <trkpt lat="-7.74890000" lon="112.56342997">
   <ele>2419.21</ele>
  </trkpt>
  <trkpt lat="-7.74889003" lon="112.56345000">
   <ele>2419.28</ele>
  </trkpt>
  <trkpt lat="-7.74890000" lon="112.56348001">
   <ele>2419.77</ele>
  </trkpt>
  <trkpt lat="-7.74892003" lon="112.56351002">
   <ele>2420.46</ele>
  </trkpt>
  <trkpt lat="-7.74893001" lon="112.56352996">
   <ele>2420.88</ele>
  </trkpt>
  <trkpt lat="-7.74895004" lon="112.56355000">
   <ele>2421.51</ele>
  </trkpt>
  <trkpt lat="-7.74896999" lon="112.56357003">
   <ele>2422.18</ele>
  </trkpt>
  <trkpt lat="-7.74899002" lon="112.56358998">
   <ele>2422.87</ele>
  </trkpt>
  <trkpt lat="-7.74900000" lon="112.56361999">
   <ele>2423.66</ele>
  </trkpt>
  <trkpt lat="-7.74900997" lon="112.56364002">
   <ele>2424.47</ele>
  </trkpt>
  <trkpt lat="-7.74903000" lon="112.56365997">
   <ele>2425.55</ele>
  </trkpt>
  <trkpt lat="-7.74902003" lon="112.56368998">
   <ele>2426.21</ele>
  </trkpt>
  <trkpt lat="-7.74903000" lon="112.56371998">
   <ele>2427.4</ele>
  </trkpt>
  <trkpt lat="-7.74903000" lon="112.56374999">
   <ele>2428.32</ele>
  </trkpt>
  <trkpt lat="-7.74900997" lon="112.56377002">
   <ele>2428.29</ele>
  </trkpt>
  <trkpt lat="-7.74897996" lon="112.56378000">
   <ele>2427.61</ele>
  </trkpt>
  <trkpt lat="-7.74896001" lon="112.56380003">
   <ele>2427.49</ele>
  </trkpt>
  <trkpt lat="-7.74896999" lon="112.56383004">
   <ele>2428.63</ele>
  </trkpt>
  <trkpt lat="-7.74897996" lon="112.56385996">
   <ele>2429.81</ele>
  </trkpt>
  <trkpt lat="-7.74900000" lon="112.56387999">
   <ele>2431.14</ele>
  </trkpt>
  <trkpt lat="-7.74902003" lon="112.56391000">
   <ele>2432.88</ele>
  </trkpt>
  <trkpt lat="-7.74903000" lon="112.56394001">
   <ele>2434.24</ele>
  </trkpt>
  <trkpt lat="-7.74902003" lon="112.56397001">
   <ele>2434.85</ele>
  </trkpt>
  <trkpt lat="-7.74902003" lon="112.56400002">
   <ele>2435.84</ele>
  </trkpt>
  <trkpt lat="-7.74900997" lon="112.56403003">
   <ele>2436.5</ele>
  </trkpt>
  <trkpt lat="-7.74899002" lon="112.56404998">
   <ele>2436.54</ele>
  </trkpt>
  <trkpt lat="-7.74899002" lon="112.56407999">
   <ele>2437.57</ele>
  </trkpt>
  <trkpt lat="-7.74900000" lon="112.56410002">
   <ele>2438.54</ele>
  </trkpt>
  <trkpt lat="-7.74903000" lon="112.56411997">
   <ele>2440.05</ele>
  </trkpt>
  <trkpt lat="-7.74903998" lon="112.56414997">
   <ele>2441.28</ele>
  </trkpt>
  <trkpt lat="-7.74903998" lon="112.56417001">
   <ele>2441.88</ele>
  </trkpt>
  <trkpt lat="-7.74903998" lon="112.56420001">
   <ele>2442.51</ele>
  </trkpt>
  <trkpt lat="-7.74905004" lon="112.56423002">
   <ele>2443.36</ele>
  </trkpt>
  <trkpt lat="-7.74907996" lon="112.56424997">
   <ele>2444.39</ele>
  </trkpt>
  <trkpt lat="-7.74907996" lon="112.56427000">
   <ele>2444.77</ele>
  </trkpt>
  <trkpt lat="-7.74906999" lon="112.56430001">
   <ele>2445.15</ele>
  </trkpt>
  <trkpt lat="-7.74906001" lon="112.56431996">
   <ele>2445.37</ele>
  </trkpt>
  <trkpt lat="-7.74905004" lon="112.56434997">
   <ele>2445.81</ele>
  </trkpt>
  <trkpt lat="-7.74905004" lon="112.56437997">
   <ele>2446.42</ele>
  </trkpt>
  <trkpt lat="-7.74905004" lon="112.56440998">
   <ele>2447.04</ele>
  </trkpt>
  <trkpt lat="-7.74903998" lon="112.56443999">
   <ele>2447.54</ele>
  </trkpt>
  <trkpt lat="-7.74903000" lon="112.56446999">
   <ele>2448.17</ele>
  </trkpt>
  <trkpt lat="-7.74903000" lon="112.56450000">
   <ele>2448.92</ele>
  </trkpt>
  <trkpt lat="-7.74903998" lon="112.56453001">
   <ele>2449.73</ele>
  </trkpt>
  <trkpt lat="-7.74903000" lon="112.56456002">
   <ele>2450.42</ele>
  </trkpt>
  <trkpt lat="-7.74903000" lon="112.56459002">
   <ele>2451.18</ele>
  </trkpt>
  <trkpt lat="-7.74903998" lon="112.56462003">
   <ele>2451.94</ele>
  </trkpt>
  <trkpt lat="-7.74903998" lon="112.56463998">
   <ele>2452.44</ele>
  </trkpt>
  <trkpt lat="-7.74903998" lon="112.56467996">
   <ele>2453.42</ele>
  </trkpt>
  <trkpt lat="-7.74902003" lon="112.56469999">
   <ele>2453.96</ele>
  </trkpt>
  <trkpt lat="-7.74900000" lon="112.56472003">
   <ele>2454.54</ele>
  </trkpt>
  <trkpt lat="-7.74900000" lon="112.56475003">
   <ele>2455.8</ele>
  </trkpt>
  <trkpt lat="-7.74899002" lon="112.56478004">
   <ele>2457.17</ele>
  </trkpt>
  <trkpt lat="-7.74899002" lon="112.56480996">
   <ele>2458.48</ele>
  </trkpt>
  <trkpt lat="-7.74897996" lon="112.56485003">
   <ele>2460.36</ele>
  </trkpt>
  <trkpt lat="-7.74896999" lon="112.56488004">
   <ele>2461.83</ele>
  </trkpt>
  <trkpt lat="-7.74896001" lon="112.56489999">
   <ele>2462.88</ele>
  </trkpt>
  <trkpt lat="-7.74895004" lon="112.56492999">
   <ele>2464.43</ele>
  </trkpt>
  <trkpt lat="-7.74893998" lon="112.56496000">
   <ele>2466.01</ele>
  </trkpt>
  <trkpt lat="-7.74893001" lon="112.56499001">
   <ele>2467.63</ele>
  </trkpt>
  <trkpt lat="-7.74893001" lon="112.56502002">
   <ele>2468.23</ele>
  </trkpt>
  <trkpt lat="-7.74893998" lon="112.56503996">
   <ele>2468.15</ele>
  </trkpt>
  <trkpt lat="-7.74893998" lon="112.56506997">
   <ele>2468.33</ele>
  </trkpt>
  <trkpt lat="-7.74893001" lon="112.56509998">
   <ele>2468.69</ele>
  </trkpt>
  <trkpt lat="-7.74890997" lon="112.56512001">
   <ele>2469.11</ele>
  </trkpt>
  <trkpt lat="-7.74890000" lon="112.56515002">
   <ele>2469.39</ele>
  </trkpt>
  <trkpt lat="-7.74890000" lon="112.56518003">
   <ele>2469.51</ele>
  </trkpt>
  <trkpt lat="-7.74889003" lon="112.56519997">
   <ele>2469.71</ele>
  </trkpt>
  <trkpt lat="-7.74886999" lon="112.56522998">
   <ele>2470.06</ele>
  </trkpt>
  <trkpt lat="-7.74886002" lon="112.56525999">
   <ele>2470.33</ele>
  </trkpt>
  <trkpt lat="-7.74884996" lon="112.56529000">
   <ele>2470.64</ele>
  </trkpt>
  <trkpt lat="-7.74884996" lon="112.56532000">
   <ele>2470.84</ele>
  </trkpt>
  <trkpt lat="-7.74887997" lon="112.56532998">
   <ele>2470.5</ele>
  </trkpt>
  <trkpt lat="-7.74886999" lon="112.56535999">
   <ele>2470.84</ele>
  </trkpt>
  <trkpt lat="-7.74886002" lon="112.56538002">
   <ele>2471.11</ele>
  </trkpt>
  <trkpt lat="-7.74886002" lon="112.56542000">
   <ele>2471.39</ele>
  </trkpt>
  <trkpt lat="-7.74884996" lon="112.56545001">
   <ele>2471.71</ele>
  </trkpt>
  <trkpt lat="-7.74883001" lon="112.56547004">
   <ele>2472.09</ele>
  </trkpt>
  <trkpt lat="-7.74882004" lon="112.56549996">
   <ele>2472.39</ele>
  </trkpt>
  <trkpt lat="-7.74880000" lon="112.56552000">
   <ele>2472.74</ele>
  </trkpt>
  <trkpt lat="-7.74877997" lon="112.56554003">
   <ele>2473.09</ele>
  </trkpt>
  <trkpt lat="-7.74874996" lon="112.56555000">
   <ele>2473.47</ele>
  </trkpt>
  <trkpt lat="-7.74873002" lon="112.56557004">
   <ele>2474.05</ele>
  </trkpt>
  <trkpt lat="-7.74870998" lon="112.56558998">
   <ele>2474.72</ele>
  </trkpt>
  <trkpt lat="-7.74867998" lon="112.56561002">
   <ele>2475.48</ele>
  </trkpt>
  <trkpt lat="-7.74866003" lon="112.56562997">
   <ele>2476.13</ele>
  </trkpt>
  <trkpt lat="-7.74863002" lon="112.56564002">
   <ele>2476.64</ele>
  </trkpt>
  <trkpt lat="-7.74860999" lon="112.56567003">
   <ele>2477.49</ele>
  </trkpt>
  <trkpt lat="-7.74860001" lon="112.56568998">
   <ele>2478.06</ele>
  </trkpt>
  <trkpt lat="-7.74860001" lon="112.56571999">
   <ele>2478.73</ele>
  </trkpt>
  <trkpt lat="-7.74857998" lon="112.56574002">
   <ele>2479.51</ele>
  </trkpt>
  <trkpt lat="-7.74859004" lon="112.56577003">
   <ele>2480.02</ele>
  </trkpt>
  <trkpt lat="-7.74860001" lon="112.56580004">
   <ele>2480.5</ele>
  </trkpt>
  <trkpt lat="-7.74859004" lon="112.56582996">
   <ele>2481.38</ele>
  </trkpt>
  <trkpt lat="-7.74859004" lon="112.56585997">
   <ele>2482.11</ele>
  </trkpt>
  <trkpt lat="-7.74860001" lon="112.56588997">
   <ele>2482.64</ele>
  </trkpt>
  <trkpt lat="-7.74857998" lon="112.56591998">
   <ele>2483.75</ele>
  </trkpt>
  <trkpt lat="-7.74856003" lon="112.56593004">
   <ele>2484.35</ele>
  </trkpt>
  <trkpt lat="-7.74853002" lon="112.56594001">
   <ele>2485.1</ele>
  </trkpt>
  <trkpt lat="-7.74850002" lon="112.56594001">
   <ele>2485.63</ele>
  </trkpt>
  <trkpt lat="-7.74847001" lon="112.56594001">
   <ele>2486.15</ele>
  </trkpt>
  <trkpt lat="-7.74844000" lon="112.56594999">
   <ele>2486.86</ele>
  </trkpt>
  <trkpt lat="-7.74841997" lon="112.56595996">
   <ele>2487.38</ele>
  </trkpt>
  <trkpt lat="-7.74837999" lon="112.56595996">
   <ele>2488.05</ele>
  </trkpt>
  <trkpt lat="-7.74836004" lon="112.56597002">
   <ele>2488.53</ele>
  </trkpt>
  <trkpt lat="-7.74833003" lon="112.56598997">
   <ele>2489.28</ele>
  </trkpt>
  <trkpt lat="-7.74830002" lon="112.56598997">
   <ele>2489.51</ele>
  </trkpt>
  <trkpt lat="-7.74827999" lon="112.56598997">
   <ele>2489.66</ele>
  </trkpt>
  <trkpt lat="-7.74824998" lon="112.56597999">
   <ele>2489.73</ele>
  </trkpt>
  <trkpt lat="-7.74821998" lon="112.56597999">
   <ele>2489.95</ele>
  </trkpt>
  <trkpt lat="-7.74818997" lon="112.56598997">
   <ele>2490.35</ele>
  </trkpt>
  <trkpt lat="-7.74815996" lon="112.56601000">
   <ele>2490.96</ele>
  </trkpt>
  <trkpt lat="-7.74814001" lon="112.56603003">
   <ele>2491.51</ele>
  </trkpt>
  <trkpt lat="-7.74811998" lon="112.56604998">
   <ele>2492.09</ele>
  </trkpt>
  <trkpt lat="-7.74811998" lon="112.56607999">
   <ele>2492.68</ele>
  </trkpt>
  <trkpt lat="-7.74811998" lon="112.56610002">
   <ele>2493.08</ele>
  </trkpt>
  <trkpt lat="-7.74810003" lon="112.56613003">
   <ele>2493.61</ele>
  </trkpt>
  <trkpt lat="-7.74808000" lon="112.56616004">
   <ele>2493.94</ele>
  </trkpt>
  <trkpt lat="-7.74807002" lon="112.56618996">
   <ele>2494.16</ele>
  </trkpt>
  <trkpt lat="-7.74805997" lon="112.56621997">
   <ele>2494.36</ele>
  </trkpt>
  <trkpt lat="-7.74804002" lon="112.56624000">
   <ele>2494.32</ele>
  </trkpt>
  <trkpt lat="-7.74802996" lon="112.56627998">
   <ele>2494.41</ele>
  </trkpt>
  <trkpt lat="-7.74801998" lon="112.56630002">
   <ele>2494.43</ele>
  </trkpt>
  <trkpt lat="-7.74801001" lon="112.56633002">
   <ele>2494.52</ele>
  </trkpt>
  <trkpt lat="-7.74798998" lon="112.56634997">
   <ele>2494.52</ele>
  </trkpt>
  <trkpt lat="-7.74797003" lon="112.56637000">
   <ele>2494.56</ele>
  </trkpt>
  <trkpt lat="-7.74794002" lon="112.56637998">
   <ele>2494.51</ele>
  </trkpt>
  <trkpt lat="-7.74791999" lon="112.56640001">
   <ele>2494.73</ele>
  </trkpt>
  <trkpt lat="-7.74791999" lon="112.56643002">
   <ele>2495.32</ele>
  </trkpt>
  <trkpt lat="-7.74791999" lon="112.56646003">
   <ele>2495.92</ele>
  </trkpt>
  <trkpt lat="-7.74791001" lon="112.56649003">
   <ele>2496.49</ele>
  </trkpt>
  <trkpt lat="-7.74791001" lon="112.56652004">
   <ele>2497.08</ele>
  </trkpt>
  <trkpt lat="-7.74790004" lon="112.56654996">
   <ele>2497.66</ele>
  </trkpt>
  <trkpt lat="-7.74788998" lon="112.56657997">
   <ele>2498.25</ele>
  </trkpt>
  <trkpt lat="-7.74788998" lon="112.56660998">
   <ele>2498.86</ele>
  </trkpt>
  <trkpt lat="-7.74788998" lon="112.56663999">
   <ele>2499.46</ele>
  </trkpt>
  <trkpt lat="-7.74788998" lon="112.56666999">
   <ele>2500.06</ele>
  </trkpt>
  <trkpt lat="-7.74788998" lon="112.56670000">
   <ele>2500.65</ele>
  </trkpt>
  <trkpt lat="-7.74788001" lon="112.56673001">
   <ele>2501.22</ele>
  </trkpt>
  <trkpt lat="-7.74788001" lon="112.56676001">
   <ele>2501.8</ele>
  </trkpt>
  <trkpt lat="-7.74788001" lon="112.56679002">
   <ele>2502.38</ele>
  </trkpt>
  <trkpt lat="-7.74788001" lon="112.56682003">
   <ele>2502.96</ele>
  </trkpt>
  <trkpt lat="-7.74785997" lon="112.56685004">
   <ele>2503.5</ele>
  </trkpt>
  <trkpt lat="-7.74785000" lon="112.56687996">
   <ele>2504.04</ele>
  </trkpt>
  <trkpt lat="-7.74784002" lon="112.56689999">
   <ele>2504.39</ele>
  </trkpt>
  <trkpt lat="-7.74781999" lon="112.56693000">
   <ele>2504.88</ele>
  </trkpt>
  <trkpt lat="-7.74781002" lon="112.56696001">
   <ele>2505.54</ele>
  </trkpt>
  <trkpt lat="-7.74779996" lon="112.56699001">
   <ele>2506.35</ele>
  </trkpt>
  <trkpt lat="-7.74777004" lon="112.56700996">
   <ele>2506.99</ele>
  </trkpt>
  <trkpt lat="-7.74775998" lon="112.56703000">
   <ele>2507.7</ele>
  </trkpt>
  <trkpt lat="-7.74772997" lon="112.56706000">
   <ele>2508.99</ele>
  </trkpt>
  <trkpt lat="-7.74771002" lon="112.56708004">
   <ele>2509.87</ele>
  </trkpt>
  <trkpt lat="-7.74768999" lon="112.56709998">
   <ele>2510.78</ele>
  </trkpt>
  <trkpt lat="-7.74768999" lon="112.56712999">
   <ele>2511.71</ele>
  </trkpt>
  <trkpt lat="-7.74768999" lon="112.56716000">
   <ele>2512.65</ele>
  </trkpt>
  <trkpt lat="-7.74768999" lon="112.56719001">
   <ele>2513.58</ele>
  </trkpt>
  <trkpt lat="-7.74768001" lon="112.56722001">
   <ele>2514.69</ele>
  </trkpt>
  <trkpt lat="-7.74767004" lon="112.56725002">
   <ele>2516.1</ele>
  </trkpt>
  <trkpt lat="-7.74765001" lon="112.56726997">
   <ele>2517.28</ele>
  </trkpt>
  <trkpt lat="-7.74764003" lon="112.56729998">
   <ele>2518.7</ele>
  </trkpt>
  <trkpt lat="-7.74764003" lon="112.56732001">
   <ele>2519.53</ele>
  </trkpt>
  <trkpt lat="-7.74764003" lon="112.56735002">
   <ele>2520.77</ele>
  </trkpt>
  <trkpt lat="-7.74762997" lon="112.56738002">
   <ele>2522.17</ele>
  </trkpt>
  <trkpt lat="-7.74762997" lon="112.56741003">
   <ele>2523.41</ele>
  </trkpt>
  <trkpt lat="-7.74762000" lon="112.56744004">
   <ele>2524.8</ele>
  </trkpt>
  <trkpt lat="-7.74764003" lon="112.56746996">
   <ele>2525.74</ele>
  </trkpt>
  <trkpt lat="-7.74765001" lon="112.56748999">
   <ele>2526.42</ele>
  </trkpt>
  <trkpt lat="-7.74765001" lon="112.56752000">
   <ele>2527.57</ele>
  </trkpt>
  <trkpt lat="-7.74762997" lon="112.56755001">
   <ele>2528.92</ele>
  </trkpt>
  <trkpt lat="-7.74761003" lon="112.56757004">
   <ele>2529.88</ele>
  </trkpt>
  <trkpt lat="-7.74758999" lon="112.56759997">
   <ele>2531.18</ele>
  </trkpt>
  <trkpt lat="-7.74755999" lon="112.56761002">
   <ele>2531.87</ele>
  </trkpt>
  <trkpt lat="-7.74755001" lon="112.56764003">
   <ele>2533</ele>
  </trkpt>
  <trkpt lat="-7.74755999" lon="112.56765998">
   <ele>2533.57</ele>
  </trkpt>
  <trkpt lat="-7.74756996" lon="112.56768999">
   <ele>2534.49</ele>
  </trkpt>
  <trkpt lat="-7.74755001" lon="112.56768001">
   <ele>2534.35</ele>
  </trkpt>
  <trkpt lat="-7.74755001" lon="112.56769996">
   <ele>2535.02</ele>
  </trkpt>
  <trkpt lat="-7.74755999" lon="112.56774003">
   <ele>2536.29</ele>
  </trkpt>
  <trkpt lat="-7.74752998" lon="112.56775998">
   <ele>2537.19</ele>
  </trkpt>
  <trkpt lat="-7.74751003" lon="112.56777003">
   <ele>2537.67</ele>
  </trkpt>
  <trkpt lat="-7.74749000" lon="112.56778998">
   <ele>2538.09</ele>
  </trkpt>
  <trkpt lat="-7.74746996" lon="112.56781002">
   <ele>2538.27</ele>
  </trkpt>
  <trkpt lat="-7.74744004" lon="112.56781999">
   <ele>2538.4</ele>
  </trkpt>
  <trkpt lat="-7.74741003" lon="112.56782996">
   <ele>2538.56</ele>
  </trkpt>
  <trkpt lat="-7.74738003" lon="112.56785000">
   <ele>2538.86</ele>
  </trkpt>
  <trkpt lat="-7.74735002" lon="112.56785000">
   <ele>2538.94</ele>
  </trkpt>
  <trkpt lat="-7.74733996" lon="112.56788000">
   <ele>2539.37</ele>
  </trkpt>
  <trkpt lat="-7.74731004" lon="112.56790004">
   <ele>2539.78</ele>
  </trkpt>
  <trkpt lat="-7.74729000" lon="112.56791999">
   <ele>2540.19</ele>
  </trkpt>
  <trkpt lat="-7.74726997" lon="112.56794002">
   <ele>2540.62</ele>
  </trkpt>
  <trkpt lat="-7.74725002" lon="112.56795997">
   <ele>2541.08</ele>
  </trkpt>
  <trkpt lat="-7.74722999" lon="112.56798000">
   <ele>2541.58</ele>
  </trkpt>
  <trkpt lat="-7.74721004" lon="112.56801001">
   <ele>2542.5</ele>
  </trkpt>
  <trkpt lat="-7.74719001" lon="112.56803004">
   <ele>2543.43</ele>
  </trkpt>
  <trkpt lat="-7.74716998" lon="112.56805996">
   <ele>2544.72</ele>
  </trkpt>
  <trkpt lat="-7.74715003" lon="112.56808000">
   <ele>2546.29</ele>
  </trkpt>
  <trkpt lat="-7.74712999" lon="112.56810003">
   <ele>2547.84</ele>
  </trkpt>
  <trkpt lat="-7.74710996" lon="112.56811998">
   <ele>2549.39</ele>
  </trkpt>
  <trkpt lat="-7.74709001" lon="112.56814001">
   <ele>2550.92</ele>
  </trkpt>
  <trkpt lat="-7.74706998" lon="112.56815996">
   <ele>2552.44</ele>
  </trkpt>
  <trkpt lat="-7.74703997" lon="112.56817999">
   <ele>2554.23</ele>
  </trkpt>
  <trkpt lat="-7.74702002" lon="112.56818997">
   <ele>2555.25</ele>
  </trkpt>
  <trkpt lat="-7.74699002" lon="112.56820003">
   <ele>2556.53</ele>
  </trkpt>
  <trkpt lat="-7.74696998" lon="112.56821997">
   <ele>2558.01</ele>
  </trkpt>
  <trkpt lat="-7.74696001" lon="112.56824998">
   <ele>2559.69</ele>
  </trkpt>
  <trkpt lat="-7.74693998" lon="112.56827001">
   <ele>2561.1</ele>
  </trkpt>
  <trkpt lat="-7.74690997" lon="112.56827999">
   <ele>2561.97</ele>
  </trkpt>
  <trkpt lat="-7.74687996" lon="112.56827999">
   <ele>2562.38</ele>
  </trkpt>
  <trkpt lat="-7.74686001" lon="112.56831000">
   <ele>2563.92</ele>
  </trkpt>
  <trkpt lat="-7.74683998" lon="112.56833003">
   <ele>2564.99</ele>
  </trkpt>
  <trkpt lat="-7.74682003" lon="112.56834998">
   <ele>2565.88</ele>
  </trkpt>
  <trkpt lat="-7.74680997" lon="112.56837999">
   <ele>2566.96</ele>
  </trkpt>
  <trkpt lat="-7.74680000" lon="112.56840999">
   <ele>2568.06</ele>
  </trkpt>
  <trkpt lat="-7.74679002" lon="112.56843003">
   <ele>2568.84</ele>
  </trkpt>
  <trkpt lat="-7.74679002" lon="112.56846003">
   <ele>2569.82</ele>
  </trkpt>
  <trkpt lat="-7.74677997" lon="112.56849004">
   <ele>2570.96</ele>
  </trkpt>
  <trkpt lat="-7.74676999" lon="112.56850999">
   <ele>2571.77</ele>
  </trkpt>
  <trkpt lat="-7.74676999" lon="112.56854000">
   <ele>2572.77</ele>
  </trkpt>
  <trkpt lat="-7.74677997" lon="112.56857000">
   <ele>2573.6</ele>
  </trkpt>
  <trkpt lat="-7.74676002" lon="112.56859004">
   <ele>2574.61</ele>
  </trkpt>
  <trkpt lat="-7.74676002" lon="112.56861996">
   <ele>2575.62</ele>
  </trkpt>
  <trkpt lat="-7.74676002" lon="112.56864997">
   <ele>2576.63</ele>
  </trkpt>
  <trkpt lat="-7.74676999" lon="112.56867997">
   <ele>2577.46</ele>
  </trkpt>
  <trkpt lat="-7.74676002" lon="112.56870998">
   <ele>2578.64</ele>
  </trkpt>
  <trkpt lat="-7.74676999" lon="112.56873001">
   <ele>2579.15</ele>
  </trkpt>
  <trkpt lat="-7.74677997" lon="112.56876002">
   <ele>2580</ele>
  </trkpt>
  <trkpt lat="-7.74677997" lon="112.56879003">
   <ele>2581.02</ele>
  </trkpt>
  <trkpt lat="-7.74676999" lon="112.56882004">
   <ele>2582.19</ele>
  </trkpt>
  <trkpt lat="-7.74675004" lon="112.56883998">
   <ele>2583.16</ele>
  </trkpt>
  <trkpt lat="-7.74673001" lon="112.56886002">
   <ele>2584.13</ele>
  </trkpt>
  <trkpt lat="-7.74670000" lon="112.56886002">
   <ele>2584.57</ele>
  </trkpt>
  <trkpt lat="-7.74666999" lon="112.56886999">
   <ele>2585.34</ele>
  </trkpt>
  <trkpt lat="-7.74663999" lon="112.56886999">
   <ele>2585.87</ele>
  </trkpt>
  <trkpt lat="-7.74662004" lon="112.56884996">
   <ele>2585.58</ele>
  </trkpt>
  <trkpt lat="-7.74659003" lon="112.56884996">
   <ele>2586.12</ele>
  </trkpt>
  <trkpt lat="-7.74656002" lon="112.56884996">
   <ele>2586.66</ele>
  </trkpt>
  <trkpt lat="-7.74653999" lon="112.56883998">
   <ele>2586.7</ele>
  </trkpt>
  <trkpt lat="-7.74650998" lon="112.56882004">
   <ele>2586.59</ele>
  </trkpt>
  <trkpt lat="-7.74649004" lon="112.56880000">
   <ele>2586.3</ele>
  </trkpt>
  <trkpt lat="-7.74646003" lon="112.56879003">
   <ele>2586.52</ele>
  </trkpt>
  <trkpt lat="-7.74643002" lon="112.56879003">
   <ele>2587.06</ele>
  </trkpt>
  <trkpt lat="-7.74640999" lon="112.56880998">
   <ele>2588.06</ele>
  </trkpt>
  <trkpt lat="-7.74639004" lon="112.56880998">
   <ele>2588.42</ele>
  </trkpt>
  <trkpt lat="-7.74636003" lon="112.56880998">
   <ele>2588.31</ele>
  </trkpt>
  <trkpt lat="-7.74633002" lon="112.56880998">
   <ele>2588.17</ele>
  </trkpt>
  <trkpt lat="-7.74630002" lon="112.56882004">
   <ele>2588.37</ele>
  </trkpt>
  <trkpt lat="-7.74628996" lon="112.56884996">
   <ele>2589.33</ele>
  </trkpt>
  <trkpt lat="-7.74627001" lon="112.56887997">
   <ele>2590.27</ele>
  </trkpt>
  <trkpt lat="-7.74626004" lon="112.56890000">
   <ele>2590.78</ele>
  </trkpt>
  <trkpt lat="-7.74624000" lon="112.56892003">
   <ele>2591.14</ele>
  </trkpt>
  <trkpt lat="-7.74624000" lon="112.56895004">
   <ele>2591.78</ele>
  </trkpt>
  <trkpt lat="-7.74624998" lon="112.56897996">
   <ele>2592.47</ele>
  </trkpt>
  <trkpt lat="-7.74624998" lon="112.56900997">
   <ele>2593.12</ele>
  </trkpt>
  <trkpt lat="-7.74624000" lon="112.56903998">
   <ele>2593.73</ele>
  </trkpt>
  <trkpt lat="-7.74624000" lon="112.56906998">
   <ele>2594.38</ele>
  </trkpt>
  <trkpt lat="-7.74624000" lon="112.56909999">
   <ele>2595.02</ele>
  </trkpt>
  <trkpt lat="-7.74624000" lon="112.56912002">
   <ele>2595.46</ele>
  </trkpt>
  <trkpt lat="-7.74624000" lon="112.56915003">
   <ele>2596.1</ele>
  </trkpt>
  <trkpt lat="-7.74624998" lon="112.56918004">
   <ele>2596.88</ele>
  </trkpt>
  <trkpt lat="-7.74624998" lon="112.56920996">
   <ele>2597.75</ele>
  </trkpt>
  <trkpt lat="-7.74624000" lon="112.56923997">
   <ele>2598.56</ele>
  </trkpt>
  <trkpt lat="-7.74624998" lon="112.56926998">
   <ele>2599.48</ele>
  </trkpt>
  <trkpt lat="-7.74626004" lon="112.56929998">
   <ele>2600.41</ele>
  </trkpt>
  <trkpt lat="-7.74624998" lon="112.56932999">
   <ele>2601.2</ele>
  </trkpt>
  <trkpt lat="-7.74623003" lon="112.56935002">
   <ele>2601.61</ele>
  </trkpt>
  <trkpt lat="-7.74623003" lon="112.56938003">
   <ele>2602.46</ele>
  </trkpt>
  <trkpt lat="-7.74621997" lon="112.56941004">
   <ele>2603.21</ele>
  </trkpt>
  <trkpt lat="-7.74621997" lon="112.56943996">
   <ele>2604.05</ele>
  </trkpt>
  <trkpt lat="-7.74623003" lon="112.56946997">
   <ele>2604.88</ele>
  </trkpt>
  <trkpt lat="-7.74624000" lon="112.56949000">
   <ele>2605.45</ele>
  </trkpt>
  <trkpt lat="-7.74623003" lon="112.56952001">
   <ele>2606.03</ele>
  </trkpt>
  <trkpt lat="-7.74620002" lon="112.56951003">
   <ele>2605.45</ele>
  </trkpt>
  <trkpt lat="-7.74617999" lon="112.56949998">
   <ele>2604.99</ele>
  </trkpt>
  <trkpt lat="-7.74614998" lon="112.56948003">
   <ele>2604.21</ele>
  </trkpt>
  <trkpt lat="-7.74611997" lon="112.56948003">
   <ele>2603.87</ele>
  </trkpt>
  <trkpt lat="-7.74610003" lon="112.56949000">
   <ele>2603.9</ele>
  </trkpt>
  <trkpt lat="-7.74610003" lon="112.56952001">
   <ele>2604.54</ele>
  </trkpt>
  <trkpt lat="-7.74611997" lon="112.56952001">
   <ele>2604.74</ele>
  </trkpt>
  <trkpt lat="-7.74616004" lon="112.56952001">
   <ele>2605.21</ele>
  </trkpt>
  <trkpt lat="-7.74618996" lon="112.56952001">
   <ele>2605.56</ele>
  </trkpt>
  <trkpt lat="-7.74623003" lon="112.56952001">
   <ele>2606.03</ele>
  </trkpt>
  <trkpt lat="-7.74620002" lon="112.56954004">
   <ele>2606.13</ele>
  </trkpt>
  <trkpt lat="-7.74623003" lon="112.56952998">
   <ele>2606.26</ele>
  </trkpt>
  <trkpt lat="-7.74626004" lon="112.56954004">
   <ele>2606.86</ele>
  </trkpt>
  <trkpt lat="-7.74628996" lon="112.56955002">
   <ele>2607.46</ele>
  </trkpt>
  <trkpt lat="-7.74630999" lon="112.56956996">
   <ele>2608.18</ele>
  </trkpt>
  <trkpt lat="-7.74631997" lon="112.56959000">
   <ele>2608.79</ele>
  </trkpt>
  <trkpt lat="-7.74634000" lon="112.56962000">
   <ele>2609.78</ele>
  </trkpt>
  <trkpt lat="-7.74636003" lon="112.56962998">
   <ele>2610.29</ele>
  </trkpt>
  <trkpt lat="-7.74639004" lon="112.56965001">
   <ele>2611.18</ele>
  </trkpt>
  <trkpt lat="-7.74640001" lon="112.56968002">
   <ele>2611.95</ele>
  </trkpt>
  <trkpt lat="-7.74640001" lon="112.56971003">
   <ele>2612.72</ele>
  </trkpt>
  <trkpt lat="-7.74641996" lon="112.56972000">
   <ele>2613.05</ele>
  </trkpt>
  <trkpt lat="-7.74643002" lon="112.56975001">
   <ele>2613.86</ele>
  </trkpt>
  <trkpt lat="-7.74644997" lon="112.56978001">
   <ele>2614.72</ele>
  </trkpt>
  <trkpt lat="-7.74643002" lon="112.56979996">
   <ele>2615.15</ele>
  </trkpt>
  <trkpt lat="-7.74640999" lon="112.56982000">
   <ele>2615.57</ele>
  </trkpt>
  <trkpt lat="-7.74639004" lon="112.56984003">
   <ele>2615.97</ele>
  </trkpt>
  <trkpt lat="-7.74640001" lon="112.56987004">
   <ele>2616.79</ele>
  </trkpt>
  <trkpt lat="-7.74641996" lon="112.56988999">
   <ele>2617.41</ele>
  </trkpt>
  <trkpt lat="-7.74644997" lon="112.56988999">
   <ele>2617.58</ele>
  </trkpt>
  <trkpt lat="-7.74646003" lon="112.56991999">
   <ele>2618.42</ele>
  </trkpt>
  <trkpt lat="-7.74644997" lon="112.56995000">
   <ele>2619.14</ele>
  </trkpt>
  <trkpt lat="-7.74644997" lon="112.56998001">
   <ele>2619.92</ele>
  </trkpt>
  <trkpt lat="-7.74647000" lon="112.57001001">
   <ele>2620.87</ele>
  </trkpt>
  <trkpt lat="-7.74649004" lon="112.57001001">
   <ele>2621.02</ele>
  </trkpt>
  <trkpt lat="-7.74651996" lon="112.57001999">
   <ele>2621.55</ele>
  </trkpt>
  <trkpt lat="-7.74650998" lon="112.57004002">
   <ele>2622.07</ele>
  </trkpt>
  <trkpt lat="-7.74650998" lon="112.57007003">
   <ele>2622.97</ele>
  </trkpt>
  <trkpt lat="-7.74650001" lon="112.57010004">
   <ele>2623.75</ele>
  </trkpt>
  <trkpt lat="-7.74649004" lon="112.57011998">
   <ele>2624.22</ele>
  </trkpt>
  <trkpt lat="-7.74650001" lon="112.57014999">
   <ele>2625.23</ele>
  </trkpt>
  <trkpt lat="-7.74651996" lon="112.57015997">
   <ele>2625.79</ele>
  </trkpt>
  <trkpt lat="-7.74654997" lon="112.57015997">
   <ele>2626.19</ele>
  </trkpt>
  <trkpt lat="-7.74657997" lon="112.57017002">
   <ele>2626.92</ele>
  </trkpt>
  <trkpt lat="-7.74660998" lon="112.57017002">
   <ele>2627.34</ele>
  </trkpt>
  <trkpt lat="-7.74663999" lon="112.57018000">
   <ele>2628.1</ele>
  </trkpt>
  <trkpt lat="-7.74664996" lon="112.57020003">
   <ele>2628.95</ele>
  </trkpt>
  <trkpt lat="-7.74666002" lon="112.57023004">
   <ele>2630.17</ele>
  </trkpt>
  <trkpt lat="-7.74667997" lon="112.57021001">
   <ele>2629.8</ele>
  </trkpt>
  <trkpt lat="-7.74670998" lon="112.57021998">
   <ele>2630.7</ele>
  </trkpt>
  <trkpt lat="-7.74672003" lon="112.57024999">
   <ele>2631.96</ele>
  </trkpt>
  <trkpt lat="-7.74673001" lon="112.57027999">
   <ele>2633.21</ele>
  </trkpt>
  <trkpt lat="-7.74673998" lon="112.57030003">
   <ele>2634.02</ele>
  </trkpt>
  <trkpt lat="-7.74676002" lon="112.57033003">
   <ele>2635.31</ele>
  </trkpt>
  <trkpt lat="-7.74676999" lon="112.57035996">
   <ele>2636.41</ele>
  </trkpt>
  <trkpt lat="-7.74679002" lon="112.57037002">
   <ele>2637.06</ele>
  </trkpt>
  <trkpt lat="-7.74680000" lon="112.57038997">
   <ele>2637.84</ele>
  </trkpt>
  <trkpt lat="-7.74680997" lon="112.57041997">
   <ele>2638.92</ele>
  </trkpt>
  <trkpt lat="-7.74683001" lon="112.57044001">
   <ele>2639.85</ele>
  </trkpt>
  <trkpt lat="-7.74686001" lon="112.57044998">
   <ele>2640.63</ele>
  </trkpt>
  <trkpt lat="-7.74689002" lon="112.57046004">
   <ele>2641.4</ele>
  </trkpt>
  <trkpt lat="-7.74692003" lon="112.57047999">
   <ele>2642.45</ele>
  </trkpt>
  <trkpt lat="-7.74693000" lon="112.57050002">
   <ele>2643.18</ele>
  </trkpt>
  <trkpt lat="-7.74693000" lon="112.57054000">
   <ele>2644.34</ele>
  </trkpt>
  <trkpt lat="-7.74693000" lon="112.57057001">
   <ele>2645.01</ele>
  </trkpt>
  <trkpt lat="-7.74693998" lon="112.57060999">
   <ele>2645.73</ele>
  </trkpt>
  <trkpt lat="-7.74693998" lon="112.57064000">
   <ele>2646.16</ele>
  </trkpt>
  <trkpt lat="-7.74693998" lon="112.57067000">
   <ele>2646.6</ele>
  </trkpt>
  <trkpt lat="-7.74693998" lon="112.57070001">
   <ele>2647.03</ele>
  </trkpt>
  <trkpt lat="-7.74695003" lon="112.57073002">
   <ele>2647.52</ele>
  </trkpt>
  <trkpt lat="-7.74695003" lon="112.57077000">
   <ele>2648.1</ele>
  </trkpt>
  <trkpt lat="-7.74696001" lon="112.57080001">
   <ele>2648.57</ele>
  </trkpt>
  <trkpt lat="-7.74696998" lon="112.57082004">
   <ele>2648.9</ele>
  </trkpt>
  <trkpt lat="-7.74698004" lon="112.57084996">
   <ele>2649.43</ele>
  </trkpt>
  <trkpt lat="-7.74699002" lon="112.57087997">
   <ele>2650</ele>
  </trkpt>
  <trkpt lat="-7.74698004" lon="112.57090000">
   <ele>2650.33</ele>
  </trkpt>
  <trkpt lat="-7.74699999" lon="112.57093001">
   <ele>2650.94</ele>
  </trkpt>
  <trkpt lat="-7.74702002" lon="112.57094996">
   <ele>2651.37</ele>
  </trkpt>
  <trkpt lat="-7.74703997" lon="112.57097997">
   <ele>2651.98</ele>
  </trkpt>
  <trkpt lat="-7.74703997" lon="112.57100997">
   <ele>2652.52</ele>
  </trkpt>
  <trkpt lat="-7.74706000" lon="112.57103001">
   <ele>2652.96</ele>
  </trkpt>
  <trkpt lat="-7.74705003" lon="112.57106001">
   <ele>2653.46</ele>
  </trkpt>
  <trkpt lat="-7.74705003" lon="112.57109002">
   <ele>2654</ele>
  </trkpt>
  <trkpt lat="-7.74706998" lon="112.57112003">
   <ele>2654.66</ele>
  </trkpt>
  <trkpt lat="-7.74706000" lon="112.57115004">
   <ele>2655.31</ele>
  </trkpt>
  <trkpt lat="-7.74706000" lon="112.57117996">
   <ele>2656.01</ele>
  </trkpt>
  <trkpt lat="-7.74706998" lon="112.57120997">
   <ele>2656.75</ele>
  </trkpt>
  <trkpt lat="-7.74708004" lon="112.57123997">
   <ele>2657.5</ele>
  </trkpt>
  <trkpt lat="-7.74708004" lon="112.57126998">
   <ele>2658.2</ele>
  </trkpt>
  <trkpt lat="-7.74706000" lon="112.57129001">
   <ele>2658.55</ele>
  </trkpt>
  <trkpt lat="-7.74706998" lon="112.57132002">
   <ele>2659.3</ele>
  </trkpt>
  <trkpt lat="-7.74706998" lon="112.57135003">
   <ele>2660</ele>
  </trkpt>
  <trkpt lat="-7.74706000" lon="112.57138004">
   <ele>2660.63</ele>
  </trkpt>
  <trkpt lat="-7.74703997" lon="112.57140996">
   <ele>2661.12</ele>
  </trkpt>
  <trkpt lat="-7.74705003" lon="112.57143997">
   <ele>2661.79</ele>
  </trkpt>
  <trkpt lat="-7.74703997" lon="112.57146000">
   <ele>2662.14</ele>
  </trkpt>
  <trkpt lat="-7.74703000" lon="112.57149001">
   <ele>2662.69</ele>
  </trkpt>
  <trkpt lat="-7.74703997" lon="112.57152001">
   <ele>2663.36</ele>
  </trkpt>
  <trkpt lat="-7.74703997" lon="112.57155002">
   <ele>2663.97</ele>
  </trkpt>
  <trkpt lat="-7.74703997" lon="112.57158003">
   <ele>2664.58</ele>
  </trkpt>
  <trkpt lat="-7.74706000" lon="112.57159000">
   <ele>2664.87</ele>
  </trkpt>
  <trkpt lat="-7.74708004" lon="112.57162001">
   <ele>2665.56</ele>
  </trkpt>
  <trkpt lat="-7.74706998" lon="112.57165002">
   <ele>2666.12</ele>
  </trkpt>
  <trkpt lat="-7.74706998" lon="112.57168002">
   <ele>2666.84</ele>
  </trkpt>
  <trkpt lat="-7.74706998" lon="112.57171003">
   <ele>2667.71</ele>
  </trkpt>
  <trkpt lat="-7.74705003" lon="112.57174004">
   <ele>2668.56</ele>
  </trkpt>
  <trkpt lat="-7.74703000" lon="112.57175999">
   <ele>2669.13</ele>
  </trkpt>
  <trkpt lat="-7.74700996" lon="112.57178999">
   <ele>2670.02</ele>
  </trkpt>
  <trkpt lat="-7.74700996" lon="112.57182000">
   <ele>2670.94</ele>
  </trkpt>
  <trkpt lat="-7.74702002" lon="112.57185001">
   <ele>2671.85</ele>
  </trkpt>
  <trkpt lat="-7.74702002" lon="112.57188002">
   <ele>2672.77</ele>
  </trkpt>
  <trkpt lat="-7.74700996" lon="112.57191002">
   <ele>2673.71</ele>
  </trkpt>
  <trkpt lat="-7.74699002" lon="112.57194003">
   <ele>2674.7</ele>
  </trkpt>
  <trkpt lat="-7.74696998" lon="112.57198001">
   <ele>2676.43</ele>
  </trkpt>
  <trkpt lat="-7.74696001" lon="112.57201002">
   <ele>2677.76</ele>
  </trkpt>
  <trkpt lat="-7.74693998" lon="112.57202997">
   <ele>2678.8</ele>
  </trkpt>
  <trkpt lat="-7.74693998" lon="112.57205998">
   <ele>2680.09</ele>
  </trkpt>
  <trkpt lat="-7.74695003" lon="112.57208998">
   <ele>2681.26</ele>
  </trkpt>
  <trkpt lat="-7.74695003" lon="112.57211999">
   <ele>2682.55</ele>
  </trkpt>
  <trkpt lat="-7.74695003" lon="112.57215000">
   <ele>2683.85</ele>
  </trkpt>
  <trkpt lat="-7.74695003" lon="112.57218000">
   <ele>2685.14</ele>
  </trkpt>
  <trkpt lat="-7.74695003" lon="112.57221001">
   <ele>2686.43</ele>
  </trkpt>
  <trkpt lat="-7.74696001" lon="112.57224002">
   <ele>2687.4</ele>
  </trkpt>
  <trkpt lat="-7.74698004" lon="112.57225997">
   <ele>2687.81</ele>
  </trkpt>
  <trkpt lat="-7.74700996" lon="112.57228000">
   <ele>2688.14</ele>
  </trkpt>
  <trkpt lat="-7.74703000" lon="112.57230003">
   <ele>2688.54</ele>
  </trkpt>
  <trkpt lat="-7.74703997" lon="112.57233004">
   <ele>2689.28</ele>
  </trkpt>
  <trkpt lat="-7.74706998" lon="112.57234002">
   <ele>2689.3</ele>
  </trkpt>
  <trkpt lat="-7.74706000" lon="112.57237002">
   <ele>2690.2</ele>
  </trkpt>
  <trkpt lat="-7.74706000" lon="112.57241000">
   <ele>2691.29</ele>
  </trkpt>
  <trkpt lat="-7.74703997" lon="112.57243004">
   <ele>2692.04</ele>
  </trkpt>
  <trkpt lat="-7.74702002" lon="112.57243004">
   <ele>2692.24</ele>
  </trkpt>
  <trkpt lat="-7.74703000" lon="112.57245996">
   <ele>2692.97</ele>
  </trkpt>
  <trkpt lat="-7.74703000" lon="112.57248997">
   <ele>2693.8</ele>
  </trkpt>
  <trkpt lat="-7.74703997" lon="112.57251997">
   <ele>2694.52</ele>
  </trkpt>
  <trkpt lat="-7.74705003" lon="112.57254998">
   <ele>2695.26</ele>
  </trkpt>
  <trkpt lat="-7.74705003" lon="112.57257999">
   <ele>2696.09</ele>
  </trkpt>
  <trkpt lat="-7.74706000" lon="112.57260002">
   <ele>2696.57</ele>
  </trkpt>
  <trkpt lat="-7.74706000" lon="112.57263003">
   <ele>2697.42</ele>
  </trkpt>
  <trkpt lat="-7.74705003" lon="112.57266004">
   <ele>2698.33</ele>
  </trkpt>
  <trkpt lat="-7.74706000" lon="112.57268996">
   <ele>2699.11</ele>
  </trkpt>
  <trkpt lat="-7.74708004" lon="112.57270999">
   <ele>2699.57</ele>
  </trkpt>
  <trkpt lat="-7.74709001" lon="112.57273003">
   <ele>2700.09</ele>
  </trkpt>
  <trkpt lat="-7.74709999" lon="112.57276003">
   <ele>2700.92</ele>
  </trkpt>
  <trkpt lat="-7.74709999" lon="112.57279004">
   <ele>2701.68</ele>
  </trkpt>
  <trkpt lat="-7.74706998" lon="112.57279004">
   <ele>2701.79</ele>
  </trkpt>
  <trkpt lat="-7.74705003" lon="112.57280001">
   <ele>2702.05</ele>
  </trkpt>
  <trkpt lat="-7.74703000" lon="112.57283002">
   <ele>2702.69</ele>
  </trkpt>
  <trkpt lat="-7.74705003" lon="112.57284997">
   <ele>2703.02</ele>
  </trkpt>
  <trkpt lat="-7.74705003" lon="112.57287998">
   <ele>2703.6</ele>
  </trkpt>
  <trkpt lat="-7.74708004" lon="112.57290001">
   <ele>2703.93</ele>
  </trkpt>
  <trkpt lat="-7.74709999" lon="112.57290998">
   <ele>2704.09</ele>
  </trkpt>
  <trkpt lat="-7.74709999" lon="112.57293999">
   <ele>2704.69</ele>
  </trkpt>
  <trkpt lat="-7.74709001" lon="112.57297000">
   <ele>2705.3</ele>
  </trkpt>
  <trkpt lat="-7.74706998" lon="112.57299003">
   <ele>2705.71</ele>
  </trkpt>
  <trkpt lat="-7.74705003" lon="112.57300998">
   <ele>2706.12</ele>
  </trkpt>
  <trkpt lat="-7.74708004" lon="112.57302004">
   <ele>2706.3</ele>
  </trkpt>
  <trkpt lat="-7.74710996" lon="112.57303001">
   <ele>2706.49</ele>
  </trkpt>
  <trkpt lat="-7.74712999" lon="112.57304996">
   <ele>2706.89</ele>
  </trkpt>
  <trkpt lat="-7.74713997" lon="112.57307997">
   <ele>2707.64</ele>
  </trkpt>
  <trkpt lat="-7.74716000" lon="112.57309003">
   <ele>2707.9</ele>
  </trkpt>
  <trkpt lat="-7.74719001" lon="112.57307997">
   <ele>2707.63</ele>
  </trkpt>
  <trkpt lat="-7.74719001" lon="112.57310998">
   <ele>2708.39</ele>
  </trkpt>
  <trkpt lat="-7.74716998" lon="112.57313001">
   <ele>2708.93</ele>
  </trkpt>
  <trkpt lat="-7.74716000" lon="112.57316002">
   <ele>2709.72</ele>
  </trkpt>
  <trkpt lat="-7.74716000" lon="112.57319002">
   <ele>2710.5</ele>
  </trkpt>
  <trkpt lat="-7.74713997" lon="112.57320997">
   <ele>2711.06</ele>
  </trkpt>
  <trkpt lat="-7.74713997" lon="112.57323998">
   <ele>2711.84</ele>
  </trkpt>
  <trkpt lat="-7.74716998" lon="112.57325004">
   <ele>2712.03</ele>
  </trkpt>
  <trkpt lat="-7.74718003" lon="112.57327996">
   <ele>2712.78</ele>
  </trkpt>
  <trkpt lat="-7.74719998" lon="112.57329002">
   <ele>2712.98</ele>
  </trkpt>
  <trkpt lat="-7.74722999" lon="112.57329999">
   <ele>2713.15</ele>
  </trkpt>
  <trkpt lat="-7.74726000" lon="112.57330997">
   <ele>2713.32</ele>
  </trkpt>
  <trkpt lat="-7.74726997" lon="112.57333998">
   <ele>2714</ele>
  </trkpt>
  <trkpt lat="-7.74725002" lon="112.57336998">
   <ele>2714.84</ele>
  </trkpt>
  <trkpt lat="-7.74725002" lon="112.57339999">
   <ele>2715.6</ele>
  </trkpt>
  <trkpt lat="-7.74726000" lon="112.57343000">
   <ele>2716.35</ele>
  </trkpt>
  <trkpt lat="-7.74725002" lon="112.57346001">
   <ele>2717.14</ele>
  </trkpt>
  <trkpt lat="-7.74726000" lon="112.57349001">
   <ele>2717.89</ele>
  </trkpt>
  <trkpt lat="-7.74723996" lon="112.57350996">
   <ele>2718.43</ele>
  </trkpt>
  <trkpt lat="-7.74721004" lon="112.57350996">
   <ele>2718.52</ele>
  </trkpt>
  <trkpt lat="-7.74719001" lon="112.57353997">
   <ele>2719.41</ele>
  </trkpt>
  <trkpt lat="-7.74716998" lon="112.57355003">
   <ele>2719.79</ele>
  </trkpt>
  <trkpt lat="-7.74716000" lon="112.57358003">
   <ele>2720.64</ele>
  </trkpt>
  <trkpt lat="-7.74716998" lon="112.57361004">
   <ele>2721.35</ele>
  </trkpt>
  <trkpt lat="-7.74716000" lon="112.57363996">
   <ele>2722.3</ele>
  </trkpt>
  <trkpt lat="-7.74715003" lon="112.57366997">
   <ele>2723.27</ele>
  </trkpt>
  <trkpt lat="-7.74716000" lon="112.57369998">
   <ele>2724.08</ele>
  </trkpt>
  <trkpt lat="-7.74716000" lon="112.57372999">
   <ele>2724.97</ele>
  </trkpt>
  <trkpt lat="-7.74716000" lon="112.57375002">
   <ele>2725.56</ele>
  </trkpt>
  <trkpt lat="-7.74713997" lon="112.57378003">
   <ele>2726.64</ele>
  </trkpt>
  <trkpt lat="-7.74713997" lon="112.57381003">
   <ele>2727.53</ele>
  </trkpt>
  <trkpt lat="-7.74712999" lon="112.57384004">
   <ele>2728.53</ele>
  </trkpt>
  <trkpt lat="-7.74713997" lon="112.57386996">
   <ele>2729.32</ele>
  </trkpt>
  <trkpt lat="-7.74713997" lon="112.57389997">
   <ele>2730.23</ele>
  </trkpt>
  <trkpt lat="-7.74713997" lon="112.57392998">
   <ele>2731.16</ele>
  </trkpt>
  <trkpt lat="-7.74713997" lon="112.57395001">
   <ele>2731.78</ele>
  </trkpt>
  <trkpt lat="-7.74713997" lon="112.57398999">
   <ele>2733.02</ele>
  </trkpt>
  <trkpt lat="-7.74713997" lon="112.57402000">
   <ele>2733.94</ele>
  </trkpt>
  <trkpt lat="-7.74712999" lon="112.57405001">
   <ele>2735.02</ele>
  </trkpt>
  <trkpt lat="-7.74713997" lon="112.57407004">
   <ele>2735.49</ele>
  </trkpt>
  <trkpt lat="-7.74716000" lon="112.57409996">
   <ele>2736.09</ele>
  </trkpt>
  <trkpt lat="-7.74716000" lon="112.57412997">
   <ele>2737</ele>
  </trkpt>
  <trkpt lat="-7.74716998" lon="112.57415998">
   <ele>2737.74</ele>
  </trkpt>
  <trkpt lat="-7.74716998" lon="112.57418001">
   <ele>2738.53</ele>
  </trkpt>
  <trkpt lat="-7.74716998" lon="112.57421999">
   <ele>2740.32</ele>
  </trkpt>
  <trkpt lat="-7.74718003" lon="112.57418999">
   <ele>2738.79</ele>
  </trkpt>
  <trkpt lat="-7.74719001" lon="112.57421999">
   <ele>2739.93</ele>
  </trkpt>
  <trkpt lat="-7.74716998" lon="112.57424003">
   <ele>2741.21</ele>
  </trkpt>
  <trkpt lat="-7.74718003" lon="112.57427003">
   <ele>2742.34</ele>
  </trkpt>
  <trkpt lat="-7.74719998" lon="112.57428998">
   <ele>2742.8</ele>
  </trkpt>
  <trkpt lat="-7.74722002" lon="112.57431001">
   <ele>2743.24</ele>
  </trkpt>
  <trkpt lat="-7.74722999" lon="112.57434002">
   <ele>2744.41</ele>
  </trkpt>
  <trkpt lat="-7.74723996" lon="112.57437003">
   <ele>2745.58</ele>
  </trkpt>
  <trkpt lat="-7.74726000" lon="112.57440004">
   <ele>2746.6</ele>
  </trkpt>
  <trkpt lat="-7.74729000" lon="112.57440004">
   <ele>2746.22</ele>
  </trkpt>
  <trkpt lat="-7.74726997" lon="112.57442996">
   <ele>2747.71</ele>
  </trkpt>
  <trkpt lat="-7.74725002" lon="112.57444999">
   <ele>2748.81</ele>
  </trkpt>
  <trkpt lat="-7.74723996" lon="112.57447002">
   <ele>2749.69</ele>
  </trkpt>
  <trkpt lat="-7.74722999" lon="112.57450003">
   <ele>2750.92</ele>
  </trkpt>
  <trkpt lat="-7.74722999" lon="112.57453004">
   <ele>2752.01</ele>
  </trkpt>
  <trkpt lat="-7.74725002" lon="112.57454999">
   <ele>2752.59</ele>
  </trkpt>
  <trkpt lat="-7.74722002" lon="112.57454999">
   <ele>2752.87</ele>
  </trkpt>
  <trkpt lat="-7.74725002" lon="112.57454999">
   <ele>2752.59</ele>
  </trkpt>
  <trkpt lat="-7.74725002" lon="112.57458000">
   <ele>2753.72</ele>
  </trkpt>
  <trkpt lat="-7.74725002" lon="112.57461000">
   <ele>2754.86</ele>
  </trkpt>
  <trkpt lat="-7.74726997" lon="112.57463004">
   <ele>2755.57</ele>
  </trkpt>
  <trkpt lat="-7.74726997" lon="112.57465996">
   <ele>2756.74</ele>
  </trkpt>
  <trkpt lat="-7.74726000" lon="112.57467999">
   <ele>2757.51</ele>
  </trkpt>
  <trkpt lat="-7.74726997" lon="112.57471000">
   <ele>2758.69</ele>
  </trkpt>
  <trkpt lat="-7.74725002" lon="112.57474001">
   <ele>2760.14</ele>
  </trkpt>
  <trkpt lat="-7.74725002" lon="112.57477001">
   <ele>2761.89</ele>
  </trkpt>
  <trkpt lat="-7.74725002" lon="112.57480002">
   <ele>2763.64</ele>
  </trkpt>
  <trkpt lat="-7.74726000" lon="112.57483003">
   <ele>2765.31</ele>
  </trkpt>
  <trkpt lat="-7.74726000" lon="112.57484998">
   <ele>2766.46</ele>
  </trkpt>
  <trkpt lat="-7.74728003" lon="112.57487001">
   <ele>2767.37</ele>
  </trkpt>
  <trkpt lat="-7.74726000" lon="112.57489004">
   <ele>2768.75</ele>
  </trkpt>
  <trkpt lat="-7.74723996" lon="112.57490999">
   <ele>2770.21</ele>
  </trkpt>
  <trkpt lat="-7.74721004" lon="112.57490999">
   <ele>2770.84</ele>
  </trkpt>
  <trkpt lat="-7.74718003" lon="112.57491997">
   <ele>2772.3</ele>
  </trkpt>
  <trkpt lat="-7.74716000" lon="112.57494000">
   <ele>2774.04</ele>
  </trkpt>
  <trkpt lat="-7.74713997" lon="112.57496003">
   <ele>2775.75</ele>
  </trkpt>
  <trkpt lat="-7.74712999" lon="112.57499004">
   <ele>2777.75</ele>
  </trkpt>
  <trkpt lat="-7.74712999" lon="112.57501996">
   <ele>2778.88</ele>
  </trkpt>
  <trkpt lat="-7.74713997" lon="112.57503999">
   <ele>2779.17</ele>
  </trkpt>
  <trkpt lat="-7.74712002" lon="112.57506003">
   <ele>2780.25</ele>
  </trkpt>
  <trkpt lat="-7.74713997" lon="112.57507998">
   <ele>2780.26</ele>
  </trkpt>
  <trkpt lat="-7.74715003" lon="112.57510998">
   <ele>2780.8</ele>
  </trkpt>
  <trkpt lat="-7.74716000" lon="112.57513002">
   <ele>2781.05</ele>
  </trkpt>
  <trkpt lat="-7.74718003" lon="112.57513999">
   <ele>2780.75</ele>
  </trkpt>
  <trkpt lat="-7.74718003" lon="112.57517000">
   <ele>2781.53</ele>
  </trkpt>
  <trkpt lat="-7.74716000" lon="112.57520000">
   <ele>2782.93</ele>
  </trkpt>
  <trkpt lat="-7.74715003" lon="112.57522004">
   <ele>2783.78</ele>
  </trkpt>
  <trkpt lat="-7.74712002" lon="112.57523999">
   <ele>2785.26</ele>
  </trkpt>
  <trkpt lat="-7.74710996" lon="112.57526002">
   <ele>2786.14</ele>
  </trkpt>
  <trkpt lat="-7.74709999" lon="112.57529003">
   <ele>2787.4</ele>
  </trkpt>
  <trkpt lat="-7.74709001" lon="112.57532003">
   <ele>2788.9</ele>
  </trkpt>
  <trkpt lat="-7.74709001" lon="112.57535004">
   <ele>2790.04</ele>
  </trkpt>
  <trkpt lat="-7.74708004" lon="112.57536999">
   <ele>2791.32</ele>
  </trkpt>
  <trkpt lat="-7.74709999" lon="112.57540000">
   <ele>2791.38</ele>
  </trkpt>
  <trkpt lat="-7.74709999" lon="112.57543000">
   <ele>2792.46</ele>
  </trkpt>
  <trkpt lat="-7.74709999" lon="112.57546001">
   <ele>2793.55</ele>
  </trkpt>
  <trkpt lat="-7.74709001" lon="112.57549002">
   <ele>2795.39</ele>
  </trkpt>
  <trkpt lat="-7.74709001" lon="112.57550997">
   <ele>2796.16</ele>
  </trkpt>
  <trkpt lat="-7.74709001" lon="112.57553997">
   <ele>2797.31</ele>
  </trkpt>
  <trkpt lat="-7.74706998" lon="112.57556998">
   <ele>2800.55</ele>
  </trkpt>
  <trkpt lat="-7.74703997" lon="112.57556998">
   <ele>2803.22</ele>
  </trkpt>
  <trkpt lat="-7.74703000" lon="112.57559001">
   <ele>2805.23</ele>
  </trkpt>
  <trkpt lat="-7.74702002" lon="112.57562002">
   <ele>2807.76</ele>
  </trkpt>
  <trkpt lat="-7.74699999" lon="112.57563997">
   <ele>2810.56</ele>
  </trkpt>
  <trkpt lat="-7.74698004" lon="112.57566000">
   <ele>2813.3</ele>
  </trkpt>
  <trkpt lat="-7.74696001" lon="112.57568004">
   <ele>2816</ele>
  </trkpt>
  <trkpt lat="-7.74693998" lon="112.57569999">
   <ele>2818.44</ele>
  </trkpt>
  <trkpt lat="-7.74696001" lon="112.57572999">
   <ele>2818.57</ele>
  </trkpt>
  <trkpt lat="-7.74696001" lon="112.57576000">
   <ele>2820.11</ele>
  </trkpt>
  <trkpt lat="-7.74695003" lon="112.57578003">
   <ele>2821.89</ele>
  </trkpt>
  <trkpt lat="-7.74693998" lon="112.57581004">
   <ele>2824.01</ele>
  </trkpt>
  <trkpt lat="-7.74695003" lon="112.57583996">
   <ele>2824.92</ele>
  </trkpt>
  <trkpt lat="-7.74693000" lon="112.57585002">
   <ele>2826.39</ele>
  </trkpt>
  <trkpt lat="-7.74689999" lon="112.57586997">
   <ele>2828.55</ele>
  </trkpt>
  <trkpt lat="-7.74686999" lon="112.57588003">
   <ele>2830.22</ele>
  </trkpt>
  <trkpt lat="-7.74686999" lon="112.57592001">
   <ele>2831.94</ele>
  </trkpt>
  <trkpt lat="-7.74685004" lon="112.57593996">
   <ele>2833.55</ele>
  </trkpt>
  <trkpt lat="-7.74682003" lon="112.57595002">
   <ele>2835.08</ele>
  </trkpt>
  <trkpt lat="-7.74680000" lon="112.57592998">
   <ele>2835.04</ele>
  </trkpt>
  <trkpt lat="-7.74676999" lon="112.57592998">
   <ele>2836.19</ele>
  </trkpt>
  <trkpt lat="-7.74675004" lon="112.57595002">
   <ele>2837.68</ele>
  </trkpt>
  <trkpt lat="-7.74672003" lon="112.57595002">
   <ele>2838.8</ele>
  </trkpt>
  <trkpt lat="-7.74672003" lon="112.57598002">
   <ele>2839.85</ele>
  </trkpt>
  <trkpt lat="-7.74670000" lon="112.57599997">
   <ele>2841.25</ele>
  </trkpt>
  <trkpt lat="-7.74666999" lon="112.57602001">
   <ele>2842.94</ele>
  </trkpt>
  <trkpt lat="-7.74666999" lon="112.57604004">
   <ele>2843.59</ele>
  </trkpt>
  <trkpt lat="-7.74663999" lon="112.57605001">
   <ele>2843.9</ele>
  </trkpt>
  <trkpt lat="-7.74662004" lon="112.57606996">
   <ele>2844.48</ele>
  </trkpt>
  <trkpt lat="-7.74659003" lon="112.57606996">
   <ele>2844.35</ele>
  </trkpt>
  <trkpt lat="-7.74657000" lon="112.57605001">
   <ele>2843.6</ele>
  </trkpt>
  <trkpt lat="-7.74654997" lon="112.57602001">
   <ele>2842.49</ele>
  </trkpt>
  <trkpt lat="-7.74654997" lon="112.57605001">
   <ele>2843.51</ele>
  </trkpt>
  <trkpt lat="-7.74653002" lon="112.57608002">
   <ele>2844.44</ele>
  </trkpt>
  <trkpt lat="-7.74650998" lon="112.57608999">
   <ele>2844.71</ele>
  </trkpt>
  <trkpt lat="-7.74647998" lon="112.57608999">
   <ele>2844.59</ele>
  </trkpt>
  <trkpt lat="-7.74644997" lon="112.57609997">
   <ele>2844.83</ele>
  </trkpt>
  <trkpt lat="-7.74644997" lon="112.57612998">
   <ele>2845.86</ele>
  </trkpt>
  <trkpt lat="-7.74641996" lon="112.57615001">
   <ele>2846.46</ele>
  </trkpt>
  <trkpt lat="-7.74641996" lon="112.57618002">
   <ele>2847.51</ele>
  </trkpt>
  <trkpt lat="-7.74641996" lon="112.57621002">
   <ele>2848.55</ele>
  </trkpt>
  <trkpt lat="-7.74640001" lon="112.57622000">
   <ele>2848.91</ele>
  </trkpt>
  <trkpt lat="-7.74641996" lon="112.57624003">
   <ele>2849.6</ele>
  </trkpt>
  <trkpt lat="-7.74639004" lon="112.57625998">
   <ele>2850.36</ele>
  </trkpt>
  <trkpt lat="-7.74639004" lon="112.57628999">
   <ele>2851.44</ele>
  </trkpt>
  <trkpt lat="-7.74639004" lon="112.57631999">
   <ele>2852.51</ele>
  </trkpt>
  <trkpt lat="-7.74639004" lon="112.57635000">
   <ele>2853.59</ele>
  </trkpt>
  <trkpt lat="-7.74640999" lon="112.57637003">
   <ele>2854.18</ele>
  </trkpt>
  <trkpt lat="-7.74641996" lon="112.57640004">
   <ele>2855.06</ele>
  </trkpt>
  <trkpt lat="-7.74643002" lon="112.57641999">
   <ele>2855.5</ele>
  </trkpt>
  <trkpt lat="-7.74644997" lon="112.57645000">
   <ele>2856.15</ele>
  </trkpt>
  <trkpt lat="-7.74647000" lon="112.57645997">
   <ele>2856.28</ele>
  </trkpt>
  <trkpt lat="-7.74647998" lon="112.57648998">
   <ele>2857.01</ele>
  </trkpt>
  <trkpt lat="-7.74646003" lon="112.57651999">
   <ele>2857.91</ele>
  </trkpt>
  <trkpt lat="-7.74643002" lon="112.57661998">
   <ele>2860.65</ele>
  </trkpt>
  <trkpt lat="-7.74640001" lon="112.57661998">
   <ele>2860.78</ele>
  </trkpt>
  <trkpt lat="-7.74637001" lon="112.57661998">
   <ele>2860.64</ele>
  </trkpt>
  <trkpt lat="-7.74634997" lon="112.57664002">
   <ele>2860.93</ele>
  </trkpt>
  <trkpt lat="-7.74636003" lon="112.57665996">
   <ele>2861.52</ele>
  </trkpt>
  <trkpt lat="-7.74634000" lon="112.57668997">
   <ele>2862.04</ele>
  </trkpt>
  <trkpt lat="-7.74631997" lon="112.57671000">
   <ele>2862.35</ele>
  </trkpt>
  <trkpt lat="-7.74633002" lon="112.57674001">
   <ele>2863.17</ele>
  </trkpt>
  <trkpt lat="-7.74636003" lon="112.57674999">
   <ele>2863.61</ele>
  </trkpt>
  <trkpt lat="-7.74637001" lon="112.57677999">
   <ele>2864.35</ele>
  </trkpt>
  <trkpt lat="-7.74637001" lon="112.57681000">
   <ele>2865.03</ele>
  </trkpt>
  <trkpt lat="-7.74637001" lon="112.57684001">
   <ele>2865.71</ele>
  </trkpt>
  <trkpt lat="-7.74634997" lon="112.57686004">
   <ele>2866.15</ele>
  </trkpt>
  <trkpt lat="-7.74633002" lon="112.57687001">
   <ele>2866.38</ele>
  </trkpt>
  <trkpt lat="-7.74630002" lon="112.57687999">
   <ele>2866.63</ele>
  </trkpt>
  <trkpt lat="-7.74630999" lon="112.57691000">
   <ele>2867.4</ele>
  </trkpt>
  <trkpt lat="-7.74633002" lon="112.57691997">
   <ele>2867.61</ele>
  </trkpt>
  <trkpt lat="-7.74634997" lon="112.57694000">
   <ele>2868.04</ele>
  </trkpt>
  <trkpt lat="-7.74637001" lon="112.57696004">
   <ele>2868.71</ele>
  </trkpt>
  <trkpt lat="-7.74639004" lon="112.57698996">
   <ele>2869.8</ele>
  </trkpt>
  <trkpt lat="-7.74639004" lon="112.57701997">
   <ele>2870.99</ele>
  </trkpt>
  <trkpt lat="-7.74641996" lon="112.57703003">
   <ele>2871.32</ele>
  </trkpt>
  <trkpt lat="-7.74643002" lon="112.57706003">
   <ele>2872.45</ele>
  </trkpt>
  <trkpt lat="-7.74644997" lon="112.57709004">
   <ele>2873.53</ele>
  </trkpt>
  <trkpt lat="-7.74643002" lon="112.57711996">
   <ele>2874.76</ele>
  </trkpt>
  <trkpt lat="-7.74640999" lon="112.57713002">
   <ele>2875.25</ele>
  </trkpt>
  <trkpt lat="-7.74641996" lon="112.57717000">
   <ele>2876.75</ele>
  </trkpt>
  <trkpt lat="-7.74643002" lon="112.57719004">
   <ele>2877.46</ele>
  </trkpt>
  <trkpt lat="-7.74641996" lon="112.57721996">
   <ele>2878.69</ele>
  </trkpt>
  <trkpt lat="-7.74640001" lon="112.57723999">
   <ele>2880.06</ele>
  </trkpt>
  <trkpt lat="-7.74637998" lon="112.57726002">
   <ele>2881.68</ele>
  </trkpt>
  <trkpt lat="-7.74640001" lon="112.57729003">
   <ele>2883.25</ele>
  </trkpt>
  <trkpt lat="-7.74637998" lon="112.57730998">
   <ele>2884.89</ele>
  </trkpt>
  <trkpt lat="-7.74637001" lon="112.57733999">
   <ele>2887.03</ele>
  </trkpt>
  <trkpt lat="-7.74637998" lon="112.57737000">
   <ele>2888.75</ele>
  </trkpt>
  <trkpt lat="-7.74639004" lon="112.57740000">
   <ele>2890.5</ele>
  </trkpt>
  <trkpt lat="-7.74639004" lon="112.57743001">
   <ele>2892.44</ele>
  </trkpt>
  <trkpt lat="-7.74639004" lon="112.57746002">
   <ele>2894.38</ele>
  </trkpt>
  <trkpt lat="-7.74639004" lon="112.57749002">
   <ele>2896.32</ele>
  </trkpt>
  <trkpt lat="-7.74637998" lon="112.57750997">
   <ele>2897.24</ele>
  </trkpt>
  <trkpt lat="-7.74636003" lon="112.57753998">
   <ele>2897.92</ele>
  </trkpt>
  <trkpt lat="-7.74634000" lon="112.57756999">
   <ele>2898.62</ele>
  </trkpt>
  <trkpt lat="-7.74631997" lon="112.57759002">
   <ele>2899.2</ele>
  </trkpt>
  <trkpt lat="-7.74630999" lon="112.57760997">
   <ele>2899.66</ele>
  </trkpt>
  <trkpt lat="-7.74628996" lon="112.57763000">
   <ele>2900.27</ele>
  </trkpt>
  <trkpt lat="-7.74627998" lon="112.57766001">
   <ele>2900.93</ele>
  </trkpt>
  <trkpt lat="-7.74627001" lon="112.57769002">
   <ele>2901.61</ele>
  </trkpt>
  <trkpt lat="-7.74627001" lon="112.57772002">
   <ele>2902.13</ele>
  </trkpt>
  <trkpt lat="-7.74624998" lon="112.57773997">
   <ele>2902.82</ele>
  </trkpt>
  <trkpt lat="-7.74626004" lon="112.57776998">
   <ele>2903.18</ele>
  </trkpt>
  <trkpt lat="-7.74626004" lon="112.57779999">
   <ele>2903.6</ele>
  </trkpt>
  <trkpt lat="-7.74626004" lon="112.57782999">
   <ele>2903.98</ele>
  </trkpt>
  <trkpt lat="-7.74627998" lon="112.57785003">
   <ele>2903.9</ele>
  </trkpt>
  <trkpt lat="-7.74627998" lon="112.57788003">
   <ele>2904.29</ele>
  </trkpt>
  <trkpt lat="-7.74627998" lon="112.57791004">
   <ele>2904.68</ele>
  </trkpt>
  <trkpt lat="-7.74627001" lon="112.57793996">
   <ele>2905.23</ele>
  </trkpt>
  <trkpt lat="-7.74627001" lon="112.57796000">
   <ele>2905.48</ele>
  </trkpt>
  <trkpt lat="-7.74628996" lon="112.57799000">
   <ele>2905.56</ele>
  </trkpt>
  <trkpt lat="-7.74631997" lon="112.57799000">
   <ele>2905.11</ele>
  </trkpt>
  <trkpt lat="-7.74633002" lon="112.57802001">
   <ele>2905.36</ele>
  </trkpt>
  <trkpt lat="-7.74633002" lon="112.57805002">
   <ele>2905.77</ele>
  </trkpt>
  <trkpt lat="-7.74630999" lon="112.57808003">
   <ele>2906.59</ele>
  </trkpt>
  <trkpt lat="-7.74630999" lon="112.57811003">
   <ele>2907.15</ele>
  </trkpt>
  <trkpt lat="-7.74628996" lon="112.57812998">
   <ele>2907.75</ele>
  </trkpt>
  <trkpt lat="-7.74627998" lon="112.57815999">
   <ele>2908.38</ele>
  </trkpt>
  <trkpt lat="-7.74627001" lon="112.57819000">
   <ele>2908.99</ele>
  </trkpt>
  <trkpt lat="-7.74626004" lon="112.57821003">
   <ele>2909.42</ele>
  </trkpt>
  <trkpt lat="-7.74626004" lon="112.57824004">
   <ele>2909.92</ele>
  </trkpt>
  <trkpt lat="-7.74624998" lon="112.57826996">
   <ele>2910.47</ele>
  </trkpt>
  <trkpt lat="-7.74624998" lon="112.57829997">
   <ele>2910.96</ele>
  </trkpt>
  <trkpt lat="-7.74621997" lon="112.57831003">
   <ele>2911.26</ele>
  </trkpt>
  <trkpt lat="-7.74620002" lon="112.57832997">
   <ele>2911.63</ele>
  </trkpt>
  <trkpt lat="-7.74620002" lon="112.57835998">
   <ele>2911.75</ele>
  </trkpt>
  <trkpt lat="-7.74620002" lon="112.57838999">
   <ele>2911.82</ele>
  </trkpt>
  <trkpt lat="-7.74618996" lon="112.57842000">
   <ele>2911.94</ele>
  </trkpt>
  <trkpt lat="-7.74617999" lon="112.57845000">
   <ele>2912.07</ele>
  </trkpt>
  <trkpt lat="-7.74617999" lon="112.57848001">
   <ele>2912.15</ele>
  </trkpt>
  <trkpt lat="-7.74617001" lon="112.57851002">
   <ele>2912.29</ele>
  </trkpt>
  <trkpt lat="-7.74617001" lon="112.57854003">
   <ele>2912.37</ele>
  </trkpt>
  <trkpt lat="-7.74614998" lon="112.57857003">
   <ele>2912.59</ele>
  </trkpt>
  <trkpt lat="-7.74614998" lon="112.57858998">
   <ele>2912.65</ele>
  </trkpt>
  <trkpt lat="-7.74614998" lon="112.57861999">
   <ele>2912.7</ele>
  </trkpt>
  <trkpt lat="-7.74614001" lon="112.57865000">
   <ele>2912.68</ele>
  </trkpt>
  <trkpt lat="-7.74614001" lon="112.57868000">
   <ele>2912.6</ele>
  </trkpt>
  <trkpt lat="-7.74611997" lon="112.57871001">
   <ele>2912.6</ele>
  </trkpt>
  <trkpt lat="-7.74613003" lon="112.57874002">
   <ele>2912.46</ele>
  </trkpt>
  <trkpt lat="-7.74611997" lon="112.57877002">
   <ele>2912.4</ele>
  </trkpt>
  <trkpt lat="-7.74611000" lon="112.57880003">
   <ele>2912.34</ele>
  </trkpt>
  <trkpt lat="-7.74611000" lon="112.57883004">
   <ele>2912.23</ele>
  </trkpt>
  <trkpt lat="-7.74611000" lon="112.57885996">
   <ele>2912.12</ele>
  </trkpt>
  <trkpt lat="-7.74610003" lon="112.57888997">
   <ele>2912.16</ele>
  </trkpt>
  <trkpt lat="-7.74610003" lon="112.57891998">
   <ele>2911.08</ele>
  </trkpt>
  <trkpt lat="-7.74611000" lon="112.57894998">
   <ele>2909.82</ele>
  </trkpt>
  <trkpt lat="-7.74613003" lon="112.57897002">
   <ele>2909.18</ele>
  </trkpt>
  <trkpt lat="-7.74614998" lon="112.57897999">
   <ele>2908.95</ele>
  </trkpt>
  <trkpt lat="-7.74617999" lon="112.57900002">
   <ele>2908.5</ele>
  </trkpt>
  <trkpt lat="-7.74621000" lon="112.57900002">
   <ele>2908.71</ele>
  </trkpt>
  <trkpt lat="-7.74624000" lon="112.57898997">
   <ele>2909.2</ele>
  </trkpt>
  <trkpt lat="-7.74626004" lon="112.57898997">
   <ele>2909.34</ele>
  </trkpt>
  <trkpt lat="-7.74628996" lon="112.57897002">
   <ele>2910.02</ele>
  </trkpt>
  <trkpt lat="-7.74627998" lon="112.57900002">
   <ele>2909.22</ele>
  </trkpt>
  <trkpt lat="-7.74627001" lon="112.57901997">
   <ele>2908.63</ele>
  </trkpt>
  <trkpt lat="-7.74624000" lon="112.57904001">
   <ele>2907.82</ele>
  </trkpt>
  <trkpt lat="-7.74623003" lon="112.57907001">
   <ele>2906.88</ele>
  </trkpt>
  <trkpt lat="-7.74624000" lon="112.57910002">
   <ele>2906.16</ele>
  </trkpt>
 </trkseg>
</trk>
<trk>
 <name>Track 043</name>
 <trkseg>
  <trkpt lat="-7.75547024" lon="112.54042634"></trkpt>
  <trkpt lat="-7.75541701" lon="112.54053891"></trkpt>
  <trkpt lat="-7.75529740" lon="112.54069984"></trkpt>
  <trkpt lat="-7.75469148" lon="112.54124156"></trkpt>
  <trkpt lat="-7.75414397" lon="112.54176736"></trkpt>
  <trkpt lat="-7.75409753" lon="112.54185864"></trkpt>
  <trkpt lat="-7.75401254" lon="112.54209258"></trkpt>
  <trkpt lat="-7.75399192" lon="112.54214354"></trkpt>
  <trkpt lat="-7.75400047" lon="112.54222199"></trkpt>
 </trkseg>
</trk>
<trk>
 <name>Track 044</name>
 <trkseg>
  <trkpt lat="-7.75626400" lon="112.54164901">
   <ele>1903.067</ele>
  </trkpt>
  <trkpt lat="-7.75626501" lon="112.54165504">
   <ele>1906.432</ele>
  </trkpt>
  <trkpt lat="-7.75627901" lon="112.54168899">
   <ele>1902.586</ele>
  </trkpt>
  <trkpt lat="-7.75634497" lon="112.54174598">
   <ele>1902.586</ele>
  </trkpt>
  <trkpt lat="-7.75637498" lon="112.54177004">
   <ele>1903.067</ele>
  </trkpt>
  <trkpt lat="-7.75647498" lon="112.54185604">
   <ele>1902.586</ele>
  </trkpt>
  <trkpt lat="-7.75652996" lon="112.54191304">
   <ele>1902.106</ele>
  </trkpt>
  <trkpt lat="-7.75653801" lon="112.54191798">
   <ele>1902.106</ele>
  </trkpt>
  <trkpt lat="-7.75656701" lon="112.54197699">
   <ele>1902.106</ele>
  </trkpt>
  <trkpt lat="-7.75659501" lon="112.54204597">
   <ele>1902.586</ele>
  </trkpt>
  <trkpt lat="-7.75661303" lon="112.54213700">
   <ele>1901.625</ele>
  </trkpt>
  <trkpt lat="-7.75662602" lon="112.54216600">
   <ele>1902.106</ele>
  </trkpt>
  <trkpt lat="-7.75662996" lon="112.54219702">
   <ele>1902.106</ele>
  </trkpt>
  <trkpt lat="-7.75666701" lon="112.54233498">
   <ele>1901.625</ele>
  </trkpt>
  <trkpt lat="-7.75668897" lon="112.54239600">
   <ele>1901.145</ele>
  </trkpt>
  <trkpt lat="-7.75670104" lon="112.54244403">
   <ele>1901.625</ele>
  </trkpt>
  <trkpt lat="-7.75671302" lon="112.54248099">
   <ele>1901.145</ele>
  </trkpt>
  <trkpt lat="-7.75671897" lon="112.54252299">
   <ele>1902.106</ele>
  </trkpt>
  <trkpt lat="-7.75674102" lon="112.54262198">
   <ele>1901.625</ele>
  </trkpt>
  <trkpt lat="-7.75677103" lon="112.54270596">
   <ele>1902.586</ele>
  </trkpt>
  <trkpt lat="-7.75671504" lon="112.54281401">
   <ele>1902.106</ele>
  </trkpt>
  <trkpt lat="-7.75661303" lon="112.54289900">
   <ele>1903.067</ele>
  </trkpt>
  <trkpt lat="-7.75656098" lon="112.54297100">
   <ele>1903.067</ele>
  </trkpt>
  <trkpt lat="-7.75652996" lon="112.54304099">
   <ele>1903.548</ele>
  </trkpt>
  <trkpt lat="-7.75653499" lon="112.54311098">
   <ele>1904.509</ele>
  </trkpt>
  <trkpt lat="-7.75653298" lon="112.54327300">
   <ele>1906.432</ele>
  </trkpt>
  <trkpt lat="-7.75654698" lon="112.54333201">
   <ele>1906.432</ele>
  </trkpt>
  <trkpt lat="-7.75660297" lon="112.54347903">
   <ele>1906.912</ele>
  </trkpt>
  <trkpt lat="-7.75662602" lon="112.54352999">
   <ele>1906.432</ele>
  </trkpt>
  <trkpt lat="-7.75664597" lon="112.54357902">
   <ele>1907.393</ele>
  </trkpt>
  <trkpt lat="-7.75667204" lon="112.54363099">
   <ele>1906.912</ele>
  </trkpt>
  <trkpt lat="-7.75671001" lon="112.54370400">
   <ele>1907.393</ele>
  </trkpt>
  <trkpt lat="-7.75674202" lon="112.54376804">
   <ele>1906.912</ele>
  </trkpt>
  <trkpt lat="-7.75676399" lon="112.54379704">
   <ele>1907.393</ele>
  </trkpt>
  <trkpt lat="-7.75681101" lon="112.54385102">
   <ele>1906.912</ele>
  </trkpt>
  <trkpt lat="-7.75684797" lon="112.54388002">
   <ele>1907.874</ele>
  </trkpt>
  <trkpt lat="-7.75688603" lon="112.54392100">
   <ele>1908.354</ele>
  </trkpt>
  <trkpt lat="-7.75692701" lon="112.54397700">
   <ele>1908.835</ele>
  </trkpt>
  <trkpt lat="-7.75692098" lon="112.54404497">
   <ele>1908.835</ele>
  </trkpt>
  <trkpt lat="-7.75686800" lon="112.54412997">
   <ele>1908.835</ele>
  </trkpt>
  <trkpt lat="-7.75684504" lon="112.54416903">
   <ele>1909.316</ele>
  </trkpt>
  <trkpt lat="-7.75681101" lon="112.54428302">
   <ele>1910.277</ele>
  </trkpt>
  <trkpt lat="-7.75680397" lon="112.54434697">
   <ele>1909.316</ele>
  </trkpt>
  <trkpt lat="-7.75680397" lon="112.54437204">
   <ele>1910.758</ele>
  </trkpt>
  <trkpt lat="-7.75679198" lon="112.54443398">
   <ele>1911.719</ele>
  </trkpt>
  <trkpt lat="-7.75674102" lon="112.54458703">
   <ele>1911.238</ele>
  </trkpt>
  <trkpt lat="-7.75672400" lon="112.54463204">
   <ele>1911.238</ele>
  </trkpt>
  <trkpt lat="-7.75671101" lon="112.54468200">
   <ele>1911.238</ele>
  </trkpt>
  <trkpt lat="-7.75669500" lon="112.54482097">
   <ele>1911.719</ele>
  </trkpt>
  <trkpt lat="-7.75669601" lon="112.54489498">
   <ele>1911.238</ele>
  </trkpt>
  <trkpt lat="-7.75669198" lon="112.54503597">
   <ele>1909.796</ele>
  </trkpt>
  <trkpt lat="-7.75670297" lon="112.54508198">
   <ele>1910.277</ele>
  </trkpt>
  <trkpt lat="-7.75668201" lon="112.54510998">
   <ele>1910.758</ele>
  </trkpt>
  <trkpt lat="-7.75665401" lon="112.54516203">
   <ele>1912.199</ele>
  </trkpt>
  <trkpt lat="-7.75662200" lon="112.54523504">
   <ele>1912.68</ele>
  </trkpt>
  <trkpt lat="-7.75662996" lon="112.54526496">
   <ele>1912.68</ele>
  </trkpt>
  <trkpt lat="-7.75669198" lon="112.54529103">
   <ele>1911.719</ele>
  </trkpt>
  <trkpt lat="-7.75668704" lon="112.54531198">
   <ele>1912.199</ele>
  </trkpt>
  <trkpt lat="-7.75668000" lon="112.54533403">
   <ele>1913.161</ele>
  </trkpt>
  <trkpt lat="-7.75665100" lon="112.54541298">
   <ele>1913.641</ele>
  </trkpt>
  <trkpt lat="-7.75666298" lon="112.54543100">
   <ele>1913.161</ele>
  </trkpt>
  <trkpt lat="-7.75662099" lon="112.54548297">
   <ele>1914.603</ele>
  </trkpt>
  <trkpt lat="-7.75659299" lon="112.54555204">
   <ele>1915.083</ele>
  </trkpt>
  <trkpt lat="-7.75656299" lon="112.54560200">
   <ele>1915.564</ele>
  </trkpt>
  <trkpt lat="-7.75654497" lon="112.54564097">
   <ele>1917.006</ele>
  </trkpt>
  <trkpt lat="-7.75652099" lon="112.54570099">
   <ele>1917.006</ele>
  </trkpt>
  <trkpt lat="-7.75652502" lon="112.54573996">
   <ele>1917.968</ele>
  </trkpt>
  <trkpt lat="-7.75653499" lon="112.54574700">
   <ele>1918.448</ele>
  </trkpt>
  <trkpt lat="-7.75645997" lon="112.54573200">
   <ele>1919.41</ele>
  </trkpt>
  <trkpt lat="-7.75645402" lon="112.54572404">
   <ele>1920.371</ele>
  </trkpt>
  <trkpt lat="-7.75641999" lon="112.54582303">
   <ele>1921.332</ele>
  </trkpt>
  <trkpt lat="-7.75641999" lon="112.54585597">
   <ele>1921.813</ele>
  </trkpt>
  <trkpt lat="-7.75638102" lon="112.54599703">
   <ele>1922.774</ele>
  </trkpt>
  <trkpt lat="-7.75638102" lon="112.54601698">
   <ele>1923.255</ele>
  </trkpt>
  <trkpt lat="-7.75639803" lon="112.54615797">
   <ele>1924.697</ele>
  </trkpt>
  <trkpt lat="-7.75640097" lon="112.54617800">
   <ele>1925.177</ele>
  </trkpt>
  <trkpt lat="-7.75637398" lon="112.54631203">
   <ele>1928.061</ele>
  </trkpt>
  <trkpt lat="-7.75632000" lon="112.54645100">
   <ele>1929.022</ele>
  </trkpt>
  <trkpt lat="-7.75630801" lon="112.54650104">
   <ele>1930.465</ele>
  </trkpt>
  <trkpt lat="-7.75635302" lon="112.54652501">
   <ele>1930.465</ele>
  </trkpt>
  <trkpt lat="-7.75643600" lon="112.54654496">
   <ele>1929.503</ele>
  </trkpt>
  <trkpt lat="-7.75653499" lon="112.54655602">
   <ele>1929.984</ele>
  </trkpt>
  <trkpt lat="-7.75653902" lon="112.54655401">
   <ele>1929.984</ele>
  </trkpt>
  <trkpt lat="-7.75652803" lon="112.54659802">
   <ele>1931.426</ele>
  </trkpt>
  <trkpt lat="-7.75651999" lon="112.54663398">
   <ele>1932.387</ele>
  </trkpt>
  <trkpt lat="-7.75656701" lon="112.54664303">
   <ele>1932.868</ele>
  </trkpt>
  <trkpt lat="-7.75655201" lon="112.54669198">
   <ele>1934.31</ele>
  </trkpt>
  <trkpt lat="-7.75663700" lon="112.54669399">
   <ele>1934.791</ele>
  </trkpt>
  <trkpt lat="-7.75665301" lon="112.54668997">
   <ele>1934.791</ele>
  </trkpt>
  <trkpt lat="-7.75660004" lon="112.54669097">
   <ele>1934.791</ele>
  </trkpt>
  <trkpt lat="-7.75655896" lon="112.54672098">
   <ele>1934.791</ele>
  </trkpt>
  <trkpt lat="-7.75655796" lon="112.54676004">
   <ele>1937.194</ele>
  </trkpt>
  <trkpt lat="-7.75655704" lon="112.54684101">
   <ele>1937.194</ele>
  </trkpt>
  <trkpt lat="-7.75652996" lon="112.54689499">
   <ele>1938.155</ele>
  </trkpt>
  <trkpt lat="-7.75650599" lon="112.54690404">
   <ele>1937.675</ele>
  </trkpt>
  <trkpt lat="-7.75649300" lon="112.54691896">
   <ele>1937.675</ele>
  </trkpt>
  <trkpt lat="-7.75645201" lon="112.54701502">
   <ele>1939.597</ele>
  </trkpt>
  <trkpt lat="-7.75642100" lon="112.54708299">
   <ele>1939.597</ele>
  </trkpt>
  <trkpt lat="-7.75641697" lon="112.54708903">
   <ele>1940.078</ele>
  </trkpt>
  <trkpt lat="-7.75639099" lon="112.54717302">
   <ele>1940.078</ele>
  </trkpt>
  <trkpt lat="-7.75638797" lon="112.54720403">
   <ele>1941.52</ele>
  </trkpt>
  <trkpt lat="-7.75640599" lon="112.54723303">
   <ele>1941.039</ele>
  </trkpt>
  <trkpt lat="-7.75634397" lon="112.54723001">
   <ele>1941.039</ele>
  </trkpt>
  <trkpt lat="-7.75627599" lon="112.54721803">
   <ele>1942.481</ele>
  </trkpt>
  <trkpt lat="-7.75622000" lon="112.54722297">
   <ele>1943.923</ele>
  </trkpt>
  <trkpt lat="-7.75618002" lon="112.54721601">
   <ele>1944.884</ele>
  </trkpt>
  <trkpt lat="-7.75611799" lon="112.54722004">
   <ele>1948.249</ele>
  </trkpt>
  <trkpt lat="-7.75606502" lon="112.54721601">
   <ele>1950.172</ele>
  </trkpt>
  <trkpt lat="-7.75602998" lon="112.54723102">
   <ele>1952.575</ele>
  </trkpt>
  <trkpt lat="-7.75600098" lon="112.54728299">
   <ele>1954.498</ele>
  </trkpt>
  <trkpt lat="-7.75592697" lon="112.54734300">
   <ele>1957.382</ele>
  </trkpt>
  <trkpt lat="-7.75589604" lon="112.54736002">
   <ele>1960.265</ele>
  </trkpt>
  <trkpt lat="-7.75584701" lon="112.54737996">
   <ele>1962.669</ele>
  </trkpt>
  <trkpt lat="-7.75580702" lon="112.54742397">
   <ele>1965.553</ele>
  </trkpt>
  <trkpt lat="-7.75575598" lon="112.54743696">
   <ele>1969.398</ele>
  </trkpt>
  <trkpt lat="-7.75573703" lon="112.54745498">
   <ele>1971.321</ele>
  </trkpt>
  <trkpt lat="-7.75571097" lon="112.54746596">
   <ele>1973.243</ele>
  </trkpt>
  <trkpt lat="-7.75563796" lon="112.54751500">
   <ele>1976.608</ele>
  </trkpt>
  <trkpt lat="-7.75559404" lon="112.54752900">
   <ele>1979.492</ele>
  </trkpt>
  <trkpt lat="-7.75555397" lon="112.54755397">
   <ele>1982.856</ele>
  </trkpt>
  <trkpt lat="-7.75552103" lon="112.54758499">
   <ele>1985.74</ele>
  </trkpt>
  <trkpt lat="-7.75549203" lon="112.54760996">
   <ele>1984.779</ele>
  </trkpt>
  <trkpt lat="-7.75547099" lon="112.54764902">
   <ele>1989.105</ele>
  </trkpt>
  <trkpt lat="-7.75545398" lon="112.54768004">
   <ele>1991.508</ele>
  </trkpt>
  <trkpt lat="-7.75543696" lon="112.54775003">
   <ele>1994.873</ele>
  </trkpt>
  <trkpt lat="-7.75540796" lon="112.54786000">
   <ele>1998.718</ele>
  </trkpt>
  <trkpt lat="-7.75540201" lon="112.54788104">
   <ele>1999.68</ele>
  </trkpt>
  <trkpt lat="-7.75537200" lon="112.54797500">
   <ele>2002.563</ele>
  </trkpt>
  <trkpt lat="-7.75533504" lon="112.54807197">
   <ele>2005.928</ele>
  </trkpt>
  <trkpt lat="-7.75530403" lon="112.54816300">
   <ele>2007.851</ele>
  </trkpt>
  <trkpt lat="-7.75526597" lon="112.54829200">
   <ele>2008.812</ele>
  </trkpt>
  <trkpt lat="-7.75523697" lon="112.54843902">
   <ele>2010.254</ele>
  </trkpt>
  <trkpt lat="-7.75520403" lon="112.54853197">
   <ele>2012.657</ele>
  </trkpt>
  <trkpt lat="-7.75519598" lon="112.54858403">
   <ele>2014.099</ele>
  </trkpt>
  <trkpt lat="-7.75518802" lon="112.54861697">
   <ele>2016.022</ele>
  </trkpt>
  <trkpt lat="-7.75518098" lon="112.54861998">
   <ele>2016.503</ele>
  </trkpt>
  <trkpt lat="-7.75515298" lon="112.54873800">
   <ele>2018.906</ele>
  </trkpt>
  <trkpt lat="-7.75512197" lon="112.54885702">
   <ele>2022.271</ele>
  </trkpt>
  <trkpt lat="-7.75511200" lon="112.54887597">
   <ele>2022.751</ele>
  </trkpt>
 </trkseg>
</trk>
<trk>
 <name>Track 045</name>
 <trkseg>
  <trkpt lat="-7.75538508" lon="112.54281476"></trkpt>
  <trkpt lat="-7.75539581" lon="112.54284963"></trkpt>
  <trkpt lat="-7.75544560" lon="112.54289933"></trkpt>
  <trkpt lat="-7.75556680" lon="112.54298039"></trkpt>
  <trkpt lat="-7.75571868" lon="112.54307628"></trkpt>
  <trkpt lat="-7.75579437" lon="112.54315071"></trkpt>
  <trkpt lat="-7.75594063" lon="112.54338666"></trkpt>
  <trkpt lat="-7.75605488" lon="112.54376158"></trkpt>
  <trkpt lat="-7.75610668" lon="112.54404321"></trkpt>
  <trkpt lat="-7.75616652" lon="112.54436508"></trkpt>
  <trkpt lat="-7.75620642" lon="112.54453942"></trkpt>
  <trkpt lat="-7.75622101" lon="112.54465484"></trkpt>
  <trkpt lat="-7.75621430" lon="112.54487738"></trkpt>
  <trkpt lat="-7.75618907" lon="112.54506111"></trkpt>
  <trkpt lat="-7.75615521" lon="112.54522372"></trkpt>
  <trkpt lat="-7.75609913" lon="112.54533168"></trkpt>
  <trkpt lat="-7.75602001" lon="112.54542422"></trkpt>
  <trkpt lat="-7.75598883" lon="112.54547954"></trkpt>
  <trkpt lat="-7.75596821" lon="112.54556000"></trkpt>
  <trkpt lat="-7.75592403" lon="112.54571054"></trkpt>
  <trkpt lat="-7.75590643" lon="112.54574172"></trkpt>
  <trkpt lat="-7.75588707" lon="112.54576083"></trkpt>
  <trkpt lat="-7.75585656" lon="112.54577357"></trkpt>
  <trkpt lat="-7.75579210" lon="112.54578128"></trkpt>
  <trkpt lat="-7.75561734" lon="112.54577693"></trkpt>
  <trkpt lat="-7.75560913" lon="112.54582789"></trkpt>
  <trkpt lat="-7.75561173" lon="112.54586041"></trkpt>
  <trkpt lat="-7.75562832" lon="112.54589830"></trkpt>
  <trkpt lat="-7.75569278" lon="112.54595060"></trkpt>
  <trkpt lat="-7.75576687" lon="112.54601900"></trkpt>
  <trkpt lat="-7.75579906" lon="112.54607800"></trkpt>
  <trkpt lat="-7.75580870" lon="112.54617758"></trkpt>
  <trkpt lat="-7.75580266" lon="112.54630230"></trkpt>
  <trkpt lat="-7.75576520" lon="112.54645276"></trkpt>
  <trkpt lat="-7.75574391" lon="112.54649676"></trkpt>
  <trkpt lat="-7.75572203" lon="112.54652694"></trkpt>
  <trkpt lat="-7.75569010" lon="112.54654496"></trkpt>
  <trkpt lat="-7.75564726" lon="112.54654169"></trkpt>
  <trkpt lat="-7.75559077" lon="112.54651453"></trkpt>
  <trkpt lat="-7.75552330" lon="112.54644848"></trkpt>
  <trkpt lat="-7.75542766" lon="112.54641362"></trkpt>
  <trkpt lat="-7.75528852" lon="112.54639576"></trkpt>
  <trkpt lat="-7.75503228" lon="112.54634321"></trkpt>
  <trkpt lat="-7.75497847" lon="112.54634321"></trkpt>
  <trkpt lat="-7.75491737" lon="112.54634321"></trkpt>
  <trkpt lat="-7.75477991" lon="112.54634321"></trkpt>
  <trkpt lat="-7.75456659" lon="112.54629023"></trkpt>
  <trkpt lat="-7.75438981" lon="112.54627079"></trkpt>
  <trkpt lat="-7.75433139" lon="112.54627481"></trkpt>
  <trkpt lat="-7.75427490" lon="112.54628764"></trkpt>
  <trkpt lat="-7.75418647" lon="112.54632167"></trkpt>
  <trkpt lat="-7.75411279" lon="112.54637137"></trkpt>
  <trkpt lat="-7.75406233" lon="112.54641831"></trkpt>
  <trkpt lat="-7.75401707" lon="112.54644237"></trkpt>
  <trkpt lat="-7.75369219" lon="112.54654169"></trkpt>
  <trkpt lat="-7.75349882" lon="112.54660740"></trkpt>
  <trkpt lat="-7.75355799" lon="112.54679717"></trkpt>
 </trkseg>
</trk>
<trk>
 <name>Track 047</name>
 <trkseg>
  <trkpt lat="-7.75250128" lon="112.54598061"></trkpt>
  <trkpt lat="-7.75292122" lon="112.54593233"></trkpt>
  <trkpt lat="-7.75336244" lon="112.54589469"></trkpt>
  <trkpt lat="-7.75395772" lon="112.54583568"></trkpt>
  <trkpt lat="-7.75444698" lon="112.54578128"></trkpt>
  <trkpt lat="-7.75453172" lon="112.54574994"></trkpt>
  <trkpt lat="-7.75458922" lon="112.54569612"></trkpt>
  <trkpt lat="-7.75463968" lon="112.54563854"></trkpt>
  <trkpt lat="-7.75472249" lon="112.54556143"></trkpt>
  <trkpt lat="-7.75561734" lon="112.54577693"></trkpt>
 </trkseg>
</trk>
<trk>
 <name>Track 049</name>
 <trkseg>
  <trkpt lat="-7.75461176" lon="112.54859626"></trkpt>
  <trkpt lat="-7.75453071" lon="112.54896767"></trkpt>
  <trkpt lat="-7.75442166" lon="112.54939690"></trkpt>
  <trkpt lat="-7.75440976" lon="112.54950964"></trkpt>
  <trkpt lat="-7.75442644" lon="112.54962078"></trkpt>
  <trkpt lat="-7.75449282" lon="112.54972681"></trkpt>
  <trkpt lat="-7.75458519" lon="112.54981927"></trkpt>
  <trkpt lat="-7.75481771" lon="112.54992404"></trkpt>
  <trkpt lat="-7.75487546" lon="112.54995480"></trkpt>
  <trkpt lat="-7.75490941" lon="112.54999906"></trkpt>
  <trkpt lat="-7.75491267" lon="112.55008757"></trkpt>
 </trkseg>
</trk>
<trk>
 <name>Track 054</name>
 <trkseg>
  <trkpt lat="-7.74628996" lon="112.57916003">
   <ele>2905.38</ele>
  </trkpt>
  <trkpt lat="-7.74631997" lon="112.57914998">
   <ele>2906.13</ele>
  </trkpt>
  <trkpt lat="-7.74634000" lon="112.57916003">
   <ele>2906.26</ele>
  </trkpt>
  <trkpt lat="-7.74637001" lon="112.57917001">
   <ele>2906.63</ele>
  </trkpt>
  <trkpt lat="-7.74640001" lon="112.57917998">
   <ele>2907.03</ele>
  </trkpt>
  <trkpt lat="-7.74641996" lon="112.57920002">
   <ele>2907.14</ele>
  </trkpt>
  <trkpt lat="-7.74644000" lon="112.57921997">
   <ele>2907.27</ele>
  </trkpt>
  <trkpt lat="-7.74646003" lon="112.57924000">
   <ele>2907.44</ele>
  </trkpt>
  <trkpt lat="-7.74649004" lon="112.57924000">
   <ele>2907.85</ele>
  </trkpt>
  <trkpt lat="-7.74651996" lon="112.57924997">
   <ele>2908.24</ele>
  </trkpt>
  <trkpt lat="-7.74653999" lon="112.57921997">
   <ele>2908.56</ele>
  </trkpt>
  <trkpt lat="-7.74654997" lon="112.57920002">
   <ele>2908.71</ele>
  </trkpt>
  <trkpt lat="-7.74657000" lon="112.57917998">
   <ele>2908.95</ele>
  </trkpt>
  <trkpt lat="-7.74657997" lon="112.57914998">
   <ele>2909.2</ele>
  </trkpt>
  <trkpt lat="-7.74659003" lon="112.57911997">
   <ele>2909.53</ele>
  </trkpt>
  <trkpt lat="-7.74662004" lon="112.57908996">
   <ele>2909.96</ele>
  </trkpt>
  <trkpt lat="-7.74663001" lon="112.57907001">
   <ele>2910.14</ele>
  </trkpt>
  <trkpt lat="-7.74663001" lon="112.57904001">
   <ele>2910.3</ele>
  </trkpt>
  <trkpt lat="-7.74664996" lon="112.57901997">
   <ele>2910.47</ele>
  </trkpt>
  <trkpt lat="-7.74667997" lon="112.57901000">
   <ele>2910.74</ele>
  </trkpt>
  <trkpt lat="-7.74670000" lon="112.57901997">
   <ele>2910.95</ele>
  </trkpt>
  <trkpt lat="-7.74673001" lon="112.57903003">
   <ele>2911.29</ele>
  </trkpt>
  <trkpt lat="-7.74676002" lon="112.57903003">
   <ele>2911.67</ele>
  </trkpt>
  <trkpt lat="-7.74676999" lon="112.57900002">
   <ele>2911.94</ele>
  </trkpt>
  <trkpt lat="-7.74679002" lon="112.57897999">
   <ele>2912.3</ele>
  </trkpt>
  <trkpt lat="-7.74682003" lon="112.57897002">
   <ele>2912.75</ele>
  </trkpt>
  <trkpt lat="-7.74683998" lon="112.57897002">
   <ele>2913.02</ele>
  </trkpt>
  <trkpt lat="-7.74686001" lon="112.57894998">
   <ele>2913.41</ele>
  </trkpt>
  <trkpt lat="-7.74689002" lon="112.57897002">
   <ele>2913.69</ele>
  </trkpt>
  <trkpt lat="-7.74690997" lon="112.57897999">
   <ele>2913.89</ele>
  </trkpt>
  <trkpt lat="-7.74693998" lon="112.57897002">
   <ele>2914.36</ele>
  </trkpt>
  <trkpt lat="-7.74695003" lon="112.57894998">
   <ele>2914.91</ele>
  </trkpt>
  <trkpt lat="-7.74696998" lon="112.57894001">
   <ele>2916.25</ele>
  </trkpt>
  <trkpt lat="-7.74699999" lon="112.57894998">
   <ele>2918.07</ele>
  </trkpt>
  <trkpt lat="-7.74702002" lon="112.57893004">
   <ele>2919.52</ele>
  </trkpt>
  <trkpt lat="-7.74705003" lon="112.57891998">
   <ele>2921.53</ele>
  </trkpt>
  <trkpt lat="-7.74706998" lon="112.57893004">
   <ele>2922.71</ele>
  </trkpt>
  <trkpt lat="-7.74709999" lon="112.57893004">
   <ele>2924.62</ele>
  </trkpt>
  <trkpt lat="-7.74712999" lon="112.57893004">
   <ele>2926.53</ele>
  </trkpt>
  <trkpt lat="-7.74716000" lon="112.57893004">
   <ele>2928.44</ele>
  </trkpt>
  <trkpt lat="-7.74719001" lon="112.57893004">
   <ele>2930.35</ele>
  </trkpt>
  <trkpt lat="-7.74721004" lon="112.57891000">
   <ele>2931.91</ele>
  </trkpt>
  <trkpt lat="-7.74723996" lon="112.57891000">
   <ele>2934.02</ele>
  </trkpt>
  <trkpt lat="-7.74726000" lon="112.57893004">
   <ele>2935.31</ele>
  </trkpt>
  <trkpt lat="-7.74728003" lon="112.57891998">
   <ele>2936.92</ele>
  </trkpt>
  <trkpt lat="-7.74731004" lon="112.57894001">
   <ele>2939.11</ele>
  </trkpt>
  <trkpt lat="-7.74732001" lon="112.57895996">
   <ele>2939.83</ele>
  </trkpt>
  <trkpt lat="-7.74733996" lon="112.57898997">
   <ele>2941.41</ele>
  </trkpt>
  <trkpt lat="-7.74735999" lon="112.57900002">
   <ele>2943.11</ele>
  </trkpt>
  <trkpt lat="-7.74736997" lon="112.57903003">
   <ele>2944.04</ele>
  </trkpt>
  <trkpt lat="-7.74736997" lon="112.57906004">
   <ele>2944.13</ele>
  </trkpt>
  <trkpt lat="-7.74738003" lon="112.57908996">
   <ele>2945.17</ele>
  </trkpt>
  <trkpt lat="-7.74741003" lon="112.57907001">
   <ele>2947.88</ele>
  </trkpt>
  <trkpt lat="-7.74742001" lon="112.57904998">
   <ele>2948.64</ele>
  </trkpt>
  <trkpt lat="-7.74745001" lon="112.57904001">
   <ele>2951.24</ele>
  </trkpt>
  <trkpt lat="-7.74748002" lon="112.57903003">
   <ele>2953.77</ele>
  </trkpt>
  <trkpt lat="-7.74749997" lon="112.57901000">
   <ele>2955.18</ele>
  </trkpt>
  <trkpt lat="-7.74752998" lon="112.57900002">
   <ele>2957.2</ele>
  </trkpt>
  <trkpt lat="-7.74755999" lon="112.57897999">
   <ele>2959.03</ele>
  </trkpt>
  <trkpt lat="-7.74758999" lon="112.57897002">
   <ele>2961.03</ele>
  </trkpt>
  <trkpt lat="-7.74762000" lon="112.57895996">
   <ele>2963.03</ele>
  </trkpt>
  <trkpt lat="-7.74764003" lon="112.57894998">
   <ele>2964.29</ele>
  </trkpt>
  <trkpt lat="-7.74765998" lon="112.57893004">
   <ele>2965.35</ele>
  </trkpt>
  <trkpt lat="-7.74768001" lon="112.57891000">
   <ele>2966.39</ele>
  </trkpt>
  <trkpt lat="-7.74768001" lon="112.57894001">
   <ele>2967</ele>
  </trkpt>
  <trkpt lat="-7.74768001" lon="112.57897002">
   <ele>2967.61</ele>
  </trkpt>
  <trkpt lat="-7.74767004" lon="112.57898997">
   <ele>2967.28</ele>
  </trkpt>
  <trkpt lat="-7.74765998" lon="112.57901997">
   <ele>2967.15</ele>
  </trkpt>
  <trkpt lat="-7.74765001" lon="112.57904998">
   <ele>2967.01</ele>
  </trkpt>
  <trkpt lat="-7.74764003" lon="112.57907001">
   <ele>2966.67</ele>
  </trkpt>
  <trkpt lat="-7.74765998" lon="112.57910002">
   <ele>2968.76</ele>
  </trkpt>
  <trkpt lat="-7.74768999" lon="112.57910999">
   <ele>2971.2</ele>
  </trkpt>
  <trkpt lat="-7.74772000" lon="112.57913003">
   <ele>2973.87</ele>
  </trkpt>
  <trkpt lat="-7.74775000" lon="112.57914000">
   <ele>2976.33</ele>
  </trkpt>
  <trkpt lat="-7.74777004" lon="112.57914998">
   <ele>2978.05</ele>
  </trkpt>
  <trkpt lat="-7.74777004" lon="112.57917998">
   <ele>2978.36</ele>
  </trkpt>
  <trkpt lat="-7.74775000" lon="112.57917001">
   <ele>2976.89</ele>
  </trkpt>
  <trkpt lat="-7.74772997" lon="112.57914000">
   <ele>2974.83</ele>
  </trkpt>
  <trkpt lat="-7.74771002" lon="112.57913003">
   <ele>2973.12</ele>
  </trkpt>
  <trkpt lat="-7.74768001" lon="112.57910999">
   <ele>2970.46</ele>
  </trkpt>
  <trkpt lat="-7.74765001" lon="112.57908996">
   <ele>2967.81</ele>
  </trkpt>
  <trkpt lat="-7.74762997" lon="112.57907001">
   <ele>2965.93</ele>
  </trkpt>
  <trkpt lat="-7.74762997" lon="112.57904998">
   <ele>2965.53</ele>
  </trkpt>
  <trkpt lat="-7.74764003" lon="112.57901997">
   <ele>2965.68</ele>
  </trkpt>
  <trkpt lat="-7.74765001" lon="112.57898997">
   <ele>2965.82</ele>
  </trkpt>
  <trkpt lat="-7.74765001" lon="112.57895996">
   <ele>2965.22</ele>
  </trkpt>
  <trkpt lat="-7.74762997" lon="112.57891998">
   <ele>2962.97</ele>
  </trkpt>
  <trkpt lat="-7.74759997" lon="112.57887002">
   <ele>2959.74</ele>
  </trkpt>
  <trkpt lat="-7.74758002" lon="112.57888997">
   <ele>2958.78</ele>
  </trkpt>
  <trkpt lat="-7.74755999" lon="112.57891998">
   <ele>2957.9</ele>
  </trkpt>
  <trkpt lat="-7.74754004" lon="112.57893004">
   <ele>2956.64</ele>
  </trkpt>
  <trkpt lat="-7.74752000" lon="112.57894998">
   <ele>2955.56</ele>
  </trkpt>
  <trkpt lat="-7.74749000" lon="112.57897002">
   <ele>2953.65</ele>
  </trkpt>
  <trkpt lat="-7.74746996" lon="112.57897999">
   <ele>2952.16</ele>
  </trkpt>
  <trkpt lat="-7.74744004" lon="112.57898997">
   <ele>2949.79</ele>
  </trkpt>
  <trkpt lat="-7.74741003" lon="112.57901000">
   <ele>2947.43</ele>
  </trkpt>
  <trkpt lat="-7.74738003" lon="112.57901997">
   <ele>2944.88</ele>
  </trkpt>
  <trkpt lat="-7.74735999" lon="112.57903003">
   <ele>2943.16</ele>
  </trkpt>
  <trkpt lat="-7.74732999" lon="112.57904001">
   <ele>2940.48</ele>
  </trkpt>
  <trkpt lat="-7.74735999" lon="112.57904998">
   <ele>2943.19</ele>
  </trkpt>
  <trkpt lat="-7.74739997" lon="112.57904001">
   <ele>2946.76</ele>
  </trkpt>
  <trkpt lat="-7.74742998" lon="112.57903003">
   <ele>2949.35</ele>
  </trkpt>
  <trkpt lat="-7.74745999" lon="112.57903003">
   <ele>2952</ele>
  </trkpt>
  <trkpt lat="-7.74749000" lon="112.57901997">
   <ele>2954.49</ele>
  </trkpt>
  <trkpt lat="-7.74752000" lon="112.57900002">
   <ele>2956.47</ele>
  </trkpt>
  <trkpt lat="-7.74754004" lon="112.57898997">
   <ele>2957.75</ele>
  </trkpt>
  <trkpt lat="-7.74756996" lon="112.57897999">
   <ele>2959.76</ele>
  </trkpt>
  <trkpt lat="-7.74758999" lon="112.57897002">
   <ele>2961.03</ele>
  </trkpt>
  <trkpt lat="-7.74762000" lon="112.57894998">
   <ele>2962.84</ele>
  </trkpt>
  <trkpt lat="-7.74764003" lon="112.57893004">
   <ele>2963.89</ele>
  </trkpt>
  <trkpt lat="-7.74765998" lon="112.57893004">
   <ele>2965.35</ele>
  </trkpt>
  <trkpt lat="-7.74765998" lon="112.57894998">
   <ele>2965.75</ele>
  </trkpt>
  <trkpt lat="-7.74767004" lon="112.57897999">
   <ele>2967.08</ele>
  </trkpt>
  <trkpt lat="-7.74767004" lon="112.57901000">
   <ele>2967.69</ele>
  </trkpt>
  <trkpt lat="-7.74765998" lon="112.57904001">
   <ele>2967.55</ele>
  </trkpt>
  <trkpt lat="-7.74765001" lon="112.57907001">
   <ele>2967.41</ele>
  </trkpt>
  <trkpt lat="-7.74765001" lon="112.57910002">
   <ele>2968.01</ele>
  </trkpt>
  <trkpt lat="-7.74768001" lon="112.57910999">
   <ele>2970.46</ele>
  </trkpt>
  <trkpt lat="-7.74771002" lon="112.57911997">
   <ele>2972.91</ele>
  </trkpt>
  <trkpt lat="-7.74774003" lon="112.57913003">
   <ele>2975.37</ele>
  </trkpt>
  <trkpt lat="-7.74775998" lon="112.57914998">
   <ele>2977.3</ele>
  </trkpt>
  <trkpt lat="-7.74775000" lon="112.57917001">
   <ele>2976.89</ele>
  </trkpt>
  <trkpt lat="-7.74774003" lon="112.57920002">
   <ele>2975.99</ele>
  </trkpt>
  <trkpt lat="-7.74772997" lon="112.57924000">
   <ele>2975.03</ele>
  </trkpt>
  <trkpt lat="-7.74772000" lon="112.57926003">
   <ele>2974.16</ele>
  </trkpt>
  <trkpt lat="-7.74774003" lon="112.57927998">
   <ele>2975.63</ele>
  </trkpt>
  <trkpt lat="-7.74777004" lon="112.57929004">
   <ele>2977.94</ele>
  </trkpt>
  <trkpt lat="-7.74778001" lon="112.57931996">
   <ele>2978.61</ele>
  </trkpt>
  <trkpt lat="-7.74781002" lon="112.57933999">
   <ele>2980.83</ele>
  </trkpt>
  <trkpt lat="-7.74781002" lon="112.57936003">
   <ele>2980.8</ele>
  </trkpt>
  <trkpt lat="-7.74782997" lon="112.57939003">
   <ele>2982.34</ele>
  </trkpt>
  <trkpt lat="-7.74784002" lon="112.57940998">
   <ele>2983.14</ele>
  </trkpt>
  <trkpt lat="-7.74785997" lon="112.57943999">
   <ele>2984.8</ele>
  </trkpt>
  <trkpt lat="-7.74788001" lon="112.57944996">
   <ele>2986.51</ele>
  </trkpt>
  <trkpt lat="-7.74790004" lon="112.57947000">
   <ele>2988.33</ele>
  </trkpt>
  <trkpt lat="-7.74791001" lon="112.57950000">
   <ele>2989.37</ele>
  </trkpt>
  <trkpt lat="-7.74792996" lon="112.57953001">
   <ele>2991.16</ele>
  </trkpt>
  <trkpt lat="-7.74795000" lon="112.57954996">
   <ele>2992.84</ele>
  </trkpt>
  <trkpt lat="-7.74795997" lon="112.57957997">
   <ele>2993.76</ele>
  </trkpt>
  <trkpt lat="-7.74797003" lon="112.57960998">
   <ele>2994.65</ele>
  </trkpt>
  <trkpt lat="-7.74800004" lon="112.57962003">
   <ele>2996.91</ele>
  </trkpt>
  <trkpt lat="-7.74801998" lon="112.57963001">
   <ele>2998.4</ele>
  </trkpt>
  <trkpt lat="-7.74804002" lon="112.57965004">
   <ele>2999.88</ele>
  </trkpt>
  <trkpt lat="-7.74804999" lon="112.57967996">
   <ele>3000.61</ele>
  </trkpt>
  <trkpt lat="-7.74805997" lon="112.57970997">
   <ele>3001.21</ele>
  </trkpt>
  <trkpt lat="-7.74808000" lon="112.57973000">
   <ele>3002.32</ele>
  </trkpt>
  <trkpt lat="-7.74811001" lon="112.57975004">
   <ele>3004.25</ele>
  </trkpt>
  <trkpt lat="-7.74813004" lon="112.57976999">
   <ele>3005.75</ele>
  </trkpt>
  <trkpt lat="-7.74814001" lon="112.57979999">
   <ele>3007.06</ele>
  </trkpt>
  <trkpt lat="-7.74817002" lon="112.57980997">
   <ele>3008.9</ele>
  </trkpt>
  <trkpt lat="-7.74818997" lon="112.57983000">
   <ele>3010.56</ele>
  </trkpt>
  <trkpt lat="-7.74821000" lon="112.57985003">
   <ele>3012.27</ele>
  </trkpt>
  <trkpt lat="-7.74823003" lon="112.57986001">
   <ele>3013.7</ele>
  </trkpt>
  <trkpt lat="-7.74824998" lon="112.57988004">
   <ele>3015.5</ele>
  </trkpt>
  <trkpt lat="-7.74827999" lon="112.57989001">
   <ele>3017.57</ele>
  </trkpt>
  <trkpt lat="-7.74830002" lon="112.57990996">
   <ele>3019.47</ele>
  </trkpt>
  <trkpt lat="-7.74833003" lon="112.57990996">
   <ele>3021.24</ele>
  </trkpt>
  <trkpt lat="-7.74836004" lon="112.57993000">
   <ele>3023.5</ele>
  </trkpt>
  <trkpt lat="-7.74838996" lon="112.57993000">
   <ele>3024.93</ele>
  </trkpt>
  <trkpt lat="-7.74840999" lon="112.57995003">
   <ele>3026.58</ele>
  </trkpt>
  <trkpt lat="-7.74843003" lon="112.57996000">
   <ele>3027.84</ele>
  </trkpt>
  <trkpt lat="-7.74847001" lon="112.57996000">
   <ele>3029.67</ele>
  </trkpt>
  <trkpt lat="-7.74849004" lon="112.57996998">
   <ele>3030.88</ele>
  </trkpt>
  <trkpt lat="-7.74850999" lon="112.57999001">
   <ele>3032.35</ele>
  </trkpt>
  <trkpt lat="-7.74854000" lon="112.58000996">
   <ele>3034.42</ele>
  </trkpt>
  <trkpt lat="-7.74853002" lon="112.58003997">
   <ele>3035.42</ele>
  </trkpt>
  <trkpt lat="-7.74854997" lon="112.58005003">
   <ele>3036.88</ele>
  </trkpt>
  <trkpt lat="-7.74856003" lon="112.58006997">
   <ele>3038.41</ele>
  </trkpt>
  <trkpt lat="-7.74857998" lon="112.58009998">
   <ele>3041.05</ele>
  </trkpt>
  <trkpt lat="-7.74859004" lon="112.58012001">
   <ele>3042.7</ele>
  </trkpt>
  <trkpt lat="-7.74860999" lon="112.58013996">
   <ele>3045</ele>
  </trkpt>
  <trkpt lat="-7.74863999" lon="112.58012999">
   <ele>3045.44</ele>
  </trkpt>
  <trkpt lat="-7.74864997" lon="112.58016000">
   <ele>3047.41</ele>
  </trkpt>
  <trkpt lat="-7.74864997" lon="112.58019000">
   <ele>3049.05</ele>
  </trkpt>
  <trkpt lat="-7.74866003" lon="112.58021004">
   <ele>3050.41</ele>
  </trkpt>
  <trkpt lat="-7.74867998" lon="112.58022998">
   <ele>3051.99</ele>
  </trkpt>
  <trkpt lat="-7.74870001" lon="112.58025002">
   <ele>3053.51</ele>
  </trkpt>
  <trkpt lat="-7.74870998" lon="112.58026997">
   <ele>3054.75</ele>
  </trkpt>
  <trkpt lat="-7.74873999" lon="112.58026997">
   <ele>3055.41</ele>
  </trkpt>
  <trkpt lat="-7.74877000" lon="112.58026997">
   <ele>3056.08</ele>
  </trkpt>
  <trkpt lat="-7.74880000" lon="112.58026997">
   <ele>3056.75</ele>
  </trkpt>
  <trkpt lat="-7.74880998" lon="112.58029000">
   <ele>3057.66</ele>
  </trkpt>
  <trkpt lat="-7.74880998" lon="112.58032001">
   <ele>3058.56</ele>
  </trkpt>
  <trkpt lat="-7.74883001" lon="112.58035001">
   <ele>3059.86</ele>
  </trkpt>
  <trkpt lat="-7.74883001" lon="112.58036996">
   <ele>3060.45</ele>
  </trkpt>
  <trkpt lat="-7.74882004" lon="112.58039997">
   <ele>3061.14</ele>
  </trkpt>
  <trkpt lat="-7.74880000" lon="112.58042000">
   <ele>3061.34</ele>
  </trkpt>
  <trkpt lat="-7.74880000" lon="112.58045001">
   <ele>3062.24</ele>
  </trkpt>
  <trkpt lat="-7.74880000" lon="112.58048002">
   <ele>3063.14</ele>
  </trkpt>
  <trkpt lat="-7.74880998" lon="112.58051002">
   <ele>3064.22</ele>
  </trkpt>
  <trkpt lat="-7.74883999" lon="112.58052000">
   <ele>3065.07</ele>
  </trkpt>
  <trkpt lat="-7.74886002" lon="112.58054003">
   <ele>3066.03</ele>
  </trkpt>
  <trkpt lat="-7.74886999" lon="112.58057004">
   <ele>3067.11</ele>
  </trkpt>
  <trkpt lat="-7.74889003" lon="112.58058001">
   <ele>3067.84</ele>
  </trkpt>
  <trkpt lat="-7.74890000" lon="112.58061999">
   <ele>3069.59</ele>
  </trkpt>
  <trkpt lat="-7.74890000" lon="112.58065000">
   <ele>3070.55</ele>
  </trkpt>
  <trkpt lat="-7.74890000" lon="112.58068001">
   <ele>3071.52</ele>
  </trkpt>
  <trkpt lat="-7.74889003" lon="112.58070004">
   <ele>3071.73</ele>
  </trkpt>
  <trkpt lat="-7.74887997" lon="112.58072997">
   <ele>3072.37</ele>
  </trkpt>
  <trkpt lat="-7.74886999" lon="112.58075997">
   <ele>3072.98</ele>
  </trkpt>
  <trkpt lat="-7.74889003" lon="112.58074002">
   <ele>3073.02</ele>
  </trkpt>
  <trkpt lat="-7.74892003" lon="112.58071999">
   <ele>3073.65</ele>
  </trkpt>
  <trkpt lat="-7.74893998" lon="112.58070004">
   <ele>3073.88</ele>
  </trkpt>
  <trkpt lat="-7.74896999" lon="112.58068998">
   <ele>3074.87</ele>
  </trkpt>
  <trkpt lat="-7.74900000" lon="112.58068001">
   <ele>3075.87</ele>
  </trkpt>
  <trkpt lat="-7.74903000" lon="112.58067003">
   <ele>3076.89</ele>
  </trkpt>
  <trkpt lat="-7.74906001" lon="112.58067003">
   <ele>3078.21</ele>
  </trkpt>
  <trkpt lat="-7.74909002" lon="112.58067003">
   <ele>3079.52</ele>
  </trkpt>
  <trkpt lat="-7.74912002" lon="112.58068001">
   <ele>3081.1</ele>
  </trkpt>
  <trkpt lat="-7.74915003" lon="112.58068998">
   <ele>3082.67</ele>
  </trkpt>
  <trkpt lat="-7.74918004" lon="112.58068998">
   <ele>3083.75</ele>
  </trkpt>
  <trkpt lat="-7.74919999" lon="112.58070004">
   <ele>3084.54</ele>
  </trkpt>
  <trkpt lat="-7.74923000" lon="112.58071002">
   <ele>3085.61</ele>
  </trkpt>
  <trkpt lat="-7.74926000" lon="112.58071002">
   <ele>3086.43</ele>
  </trkpt>
  <trkpt lat="-7.74929998" lon="112.58071002">
   <ele>3087.52</ele>
  </trkpt>
  <trkpt lat="-7.74932002" lon="112.58072997">
   <ele>3088.61</ele>
  </trkpt>
  <trkpt lat="-7.74933997" lon="112.58074002">
   <ele>3089.43</ele>
  </trkpt>
  <trkpt lat="-7.74936997" lon="112.58075000">
   <ele>3090.54</ele>
  </trkpt>
  <trkpt lat="-7.74939998" lon="112.58075997">
   <ele>3091.65</ele>
  </trkpt>
  <trkpt lat="-7.74942001" lon="112.58078001">
   <ele>3092.78</ele>
  </trkpt>
  <trkpt lat="-7.74942999" lon="112.58080004">
   <ele>3093.63</ele>
  </trkpt>
  <trkpt lat="-7.74943996" lon="112.58082996">
   <ele>3094.78</ele>
  </trkpt>
  <trkpt lat="-7.74945002" lon="112.58085997">
   <ele>3095.29</ele>
  </trkpt>
  <trkpt lat="-7.74945999" lon="112.58088998">
   <ele>3095.6</ele>
  </trkpt>
  <trkpt lat="-7.74946997" lon="112.58091001">
   <ele>3095.8</ele>
  </trkpt>
  <trkpt lat="-7.74949998" lon="112.58093004">
   <ele>3095.97</ele>
  </trkpt>
  <trkpt lat="-7.74949998" lon="112.58095996">
   <ele>3096.28</ele>
  </trkpt>
  <trkpt lat="-7.74952998" lon="112.58098000">
   <ele>3096.42</ele>
  </trkpt>
  <trkpt lat="-7.74952998" lon="112.58101000">
   <ele>3096.71</ele>
  </trkpt>
  <trkpt lat="-7.74953996" lon="112.58103004">
   <ele>3096.88</ele>
  </trkpt>
  <trkpt lat="-7.74956997" lon="112.58104001">
   <ele>3096.9</ele>
  </trkpt>
  <trkpt lat="-7.74959997" lon="112.58104999">
   <ele>3096.9</ele>
  </trkpt>
  <trkpt lat="-7.74962998" lon="112.58104001">
   <ele>3096.74</ele>
  </trkpt>
  <trkpt lat="-7.74964004" lon="112.58101998">
   <ele>3096.54</ele>
  </trkpt>
  <trkpt lat="-7.74966996" lon="112.58100003">
   <ele>3096.31</ele>
  </trkpt>
  <trkpt lat="-7.74969997" lon="112.58100003">
   <ele>3096.25</ele>
  </trkpt>
  <trkpt lat="-7.74972998" lon="112.58100003">
   <ele>3096.22</ele>
  </trkpt>
  <trkpt lat="-7.74975998" lon="112.58101000">
   <ele>3096.33</ele>
  </trkpt>
  <trkpt lat="-7.74978999" lon="112.58101000">
   <ele>3096.38</ele>
  </trkpt>
  <trkpt lat="-7.74982000" lon="112.58101000">
   <ele>3096.43</ele>
  </trkpt>
  <trkpt lat="-7.74984003" lon="112.58100003">
   <ele>3096.45</ele>
  </trkpt>
  <trkpt lat="-7.74987004" lon="112.58098997">
   <ele>3096.52</ele>
  </trkpt>
  <trkpt lat="-7.74989996" lon="112.58098000">
   <ele>3096.62</ele>
  </trkpt>
  <trkpt lat="-7.74992997" lon="112.58097002">
   <ele>3096.76</ele>
  </trkpt>
  <trkpt lat="-7.74995998" lon="112.58097002">
   <ele>3096.87</ele>
  </trkpt>
  <trkpt lat="-7.74998998" lon="112.58098000">
   <ele>3096.91</ele>
  </trkpt>
  <trkpt lat="-7.75001002" lon="112.58100003">
   <ele>3096.85</ele>
  </trkpt>
  <trkpt lat="-7.74998998" lon="112.58101998">
   <ele>3096.64</ele>
  </trkpt>
  <trkpt lat="-7.74995998" lon="112.58103004">
   <ele>3096.56</ele>
  </trkpt>
  <trkpt lat="-7.74997003" lon="112.58105996">
   <ele>3096.4</ele>
  </trkpt>
  <trkpt lat="-7.75000004" lon="112.58105996">
   <ele>3096.37</ele>
  </trkpt>
  <trkpt lat="-7.75002996" lon="112.58107002">
   <ele>3096.56</ele>
  </trkpt>
  <trkpt lat="-7.75005997" lon="112.58107999">
   <ele>3096.78</ele>
  </trkpt>
  <trkpt lat="-7.75008998" lon="112.58110003">
   <ele>3097</ele>
  </trkpt>
  <trkpt lat="-7.75011001" lon="112.58111000">
   <ele>3097.19</ele>
  </trkpt>
  <trkpt lat="-7.75014002" lon="112.58113003">
   <ele>3097.14</ele>
  </trkpt>
  <trkpt lat="-7.75017003" lon="112.58114001">
   <ele>3097.25</ele>
  </trkpt>
  <trkpt lat="-7.75018997" lon="112.58114998">
   <ele>3097.26</ele>
  </trkpt>
  <trkpt lat="-7.75021998" lon="112.58116004">
   <ele>3097.36</ele>
  </trkpt>
  <trkpt lat="-7.75024999" lon="112.58117999">
   <ele>3097.24</ele>
  </trkpt>
  <trkpt lat="-7.75027002" lon="112.58120002">
   <ele>3097</ele>
  </trkpt>
  <trkpt lat="-7.75028000" lon="112.58121997">
   <ele>3096.65</ele>
  </trkpt>
  <trkpt lat="-7.75031000" lon="112.58124998">
   <ele>3096.06</ele>
  </trkpt>
  <trkpt lat="-7.75031998" lon="112.58127001">
   <ele>3095.65</ele>
  </trkpt>
 </trkseg>
</trk>
<trk>
 <name>Track 055</name>
 <trkseg>
  <trkpt lat="-7.74870135" lon="112.59650655"></trkpt>
  <trkpt lat="-7.74974833" lon="112.59587833"></trkpt>
  <trkpt lat="-7.75025091" lon="112.59600397"></trkpt>
  <trkpt lat="-7.75054403" lon="112.59638091"></trkpt>
  <trkpt lat="-7.75071158" lon="112.59638091"></trkpt>
  <trkpt lat="-7.75110670" lon="112.59623674"></trkpt>
 </trkseg>
</trk>
<trk>
 <name>Track 057</name>
 <trkseg>
  <trkpt lat="-7.67881061" lon="112.56358612"></trkpt>
  <trkpt lat="-7.68086275" lon="112.56362803"></trkpt>
  <trkpt lat="-7.68216094" lon="112.56417252"></trkpt>
  <trkpt lat="-7.68211911" lon="112.56371177"></trkpt>
  <trkpt lat="-7.68274725" lon="112.56408870"></trkpt>
  <trkpt lat="-7.68345921" lon="112.56421435"></trkpt>
  <trkpt lat="-7.68529929" lon="112.56492639"></trkpt>
  <trkpt lat="-7.68626246" lon="112.56492639"></trkpt>
  <trkpt lat="-7.68714197" lon="112.56521959"></trkpt>
  <trkpt lat="-7.68810513" lon="112.56584781"></trkpt>
  <trkpt lat="-7.68915212" lon="112.56756510"></trkpt>
  <trkpt lat="-7.69036666" lon="112.56924039"></trkpt>
  <trkpt lat="-7.69191613" lon="112.57028745"></trkpt>
  <trkpt lat="-7.69283747" lon="112.57183718"></trkpt>
  <trkpt lat="-7.69413575" lon="112.57330310"></trkpt>
  <trkpt lat="-7.69606216" lon="112.57414078"></trkpt>
  <trkpt lat="-7.69689976" lon="112.57451772"></trkpt>
 </trkseg>
</trk>
<trk>
 <name>Track 060</name>
 <trkseg>
  <trkpt lat="-7.74624998" lon="112.57911997">
   <ele>2905.76</ele>
  </trkpt>
  <trkpt lat="-7.74624000" lon="112.57914000">
   <ele>2905.06</ele>
  </trkpt>
  <trkpt lat="-7.74621997" lon="112.57916003">
   <ele>2904.15</ele>
  </trkpt>
  <trkpt lat="-7.74618996" lon="112.57917998">
   <ele>2903.15</ele>
  </trkpt>
  <trkpt lat="-7.74616004" lon="112.57917001">
   <ele>2902.81</ele>
  </trkpt>
  <trkpt lat="-7.74613003" lon="112.57917001">
   <ele>2902.26</ele>
  </trkpt>
  <trkpt lat="-7.74611000" lon="112.57920002">
   <ele>2901.18</ele>
  </trkpt>
  <trkpt lat="-7.74611000" lon="112.57923002">
   <ele>2900.42</ele>
  </trkpt>
  <trkpt lat="-7.74611000" lon="112.57926003">
   <ele>2899.67</ele>
  </trkpt>
  <trkpt lat="-7.74611997" lon="112.57929004">
   <ele>2899.12</ele>
  </trkpt>
  <trkpt lat="-7.74611000" lon="112.57933002">
   <ele>2897.9</ele>
  </trkpt>
  <trkpt lat="-7.74610003" lon="112.57934997">
   <ele>2897.57</ele>
  </trkpt>
  <trkpt lat="-7.74607999" lon="112.57937998">
   <ele>2897.16</ele>
  </trkpt>
  <trkpt lat="-7.74607002" lon="112.57940001">
   <ele>2896.84</ele>
  </trkpt>
  <trkpt lat="-7.74604999" lon="112.57943002">
   <ele>2896.45</ele>
  </trkpt>
  <trkpt lat="-7.74604001" lon="112.57946002">
   <ele>2896.11</ele>
  </trkpt>
  <trkpt lat="-7.74604999" lon="112.57949003">
   <ele>2895.61</ele>
  </trkpt>
  <trkpt lat="-7.74604001" lon="112.57953001">
   <ele>2895.36</ele>
  </trkpt>
  <trkpt lat="-7.74604001" lon="112.57954996">
   <ele>2895.14</ele>
  </trkpt>
  <trkpt lat="-7.74604999" lon="112.57957997">
   <ele>2894.64</ele>
  </trkpt>
  <trkpt lat="-7.74605996" lon="112.57960998">
   <ele>2894.13</ele>
  </trkpt>
  <trkpt lat="-7.74605996" lon="112.57963998">
   <ele>2893.81</ele>
  </trkpt>
  <trkpt lat="-7.74607999" lon="112.57967996">
   <ele>2893.02</ele>
  </trkpt>
  <trkpt lat="-7.74608997" lon="112.57970997">
   <ele>2892.51</ele>
  </trkpt>
  <trkpt lat="-7.74608997" lon="112.57973998">
   <ele>2892.25</ele>
  </trkpt>
  <trkpt lat="-7.74608997" lon="112.57976999">
   <ele>2892.04</ele>
  </trkpt>
  <trkpt lat="-7.74608997" lon="112.57979999">
   <ele>2891.82</ele>
  </trkpt>
  <trkpt lat="-7.74607002" lon="112.57982003">
   <ele>2892.04</ele>
  </trkpt>
  <trkpt lat="-7.74607002" lon="112.57985003">
   <ele>2891.82</ele>
  </trkpt>
  <trkpt lat="-7.74607999" lon="112.57988004">
   <ele>2891.42</ele>
  </trkpt>
  <trkpt lat="-7.74610003" lon="112.57989999">
   <ele>2890.92</ele>
  </trkpt>
  <trkpt lat="-7.74611997" lon="112.57992002">
   <ele>2890.8</ele>
  </trkpt>
  <trkpt lat="-7.74613003" lon="112.57995003">
   <ele>2890.84</ele>
  </trkpt>
  <trkpt lat="-7.74616004" lon="112.57996000">
   <ele>2891.52</ele>
  </trkpt>
  <trkpt lat="-7.74618996" lon="112.57996998">
   <ele>2892.2</ele>
  </trkpt>
  <trkpt lat="-7.74621997" lon="112.57998004">
   <ele>2892.89</ele>
  </trkpt>
  <trkpt lat="-7.74624998" lon="112.57999001">
   <ele>2893.57</ele>
  </trkpt>
  <trkpt lat="-7.74627998" lon="112.57999001">
   <ele>2894.33</ele>
  </trkpt>
  <trkpt lat="-7.74630999" lon="112.57999001">
   <ele>2895.08</ele>
  </trkpt>
  <trkpt lat="-7.74633002" lon="112.57999999">
   <ele>2895.52</ele>
  </trkpt>
  <trkpt lat="-7.74636003" lon="112.58000996">
   <ele>2896.1</ele>
  </trkpt>
  <trkpt lat="-7.74637998" lon="112.58002999">
   <ele>2896.24</ele>
  </trkpt>
  <trkpt lat="-7.74640999" lon="112.58005003">
   <ele>2897.25</ele>
  </trkpt>
  <trkpt lat="-7.74644000" lon="112.58006000">
   <ele>2898.73</ele>
  </trkpt>
  <trkpt lat="-7.74647000" lon="112.58006997">
   <ele>2900.27</ele>
  </trkpt>
  <trkpt lat="-7.74650001" lon="112.58006997">
   <ele>2901.94</ele>
  </trkpt>
  <trkpt lat="-7.74651996" lon="112.58008003">
   <ele>2902.98</ele>
  </trkpt>
  <trkpt lat="-7.74654997" lon="112.58009001">
   <ele>2904.63</ele>
  </trkpt>
  <trkpt lat="-7.74657997" lon="112.58009998">
   <ele>2906.32</ele>
  </trkpt>
  <trkpt lat="-7.74659003" lon="112.58012001">
   <ele>2906.85</ele>
  </trkpt>
  <trkpt lat="-7.74657000" lon="112.58013996">
   <ele>2905.58</ele>
  </trkpt>
  <trkpt lat="-7.74653999" lon="112.58013996">
   <ele>2903.74</ele>
  </trkpt>
  <trkpt lat="-7.74651996" lon="112.58015002">
   <ele>2902.44</ele>
  </trkpt>
  <trkpt lat="-7.74649004" lon="112.58015002">
   <ele>2900.58</ele>
  </trkpt>
  <trkpt lat="-7.74646003" lon="112.58016997">
   <ele>2898.46</ele>
  </trkpt>
  <trkpt lat="-7.74644000" lon="112.58019000">
   <ele>2896.91</ele>
  </trkpt>
  <trkpt lat="-7.74641996" lon="112.58022001">
   <ele>2895.14</ele>
  </trkpt>
  <trkpt lat="-7.74640999" lon="112.58025002">
   <ele>2893.97</ele>
  </trkpt>
  <trkpt lat="-7.74640001" lon="112.58026997">
   <ele>2892.93</ele>
  </trkpt>
  <trkpt lat="-7.74637998" lon="112.58029997">
   <ele>2891.88</ele>
  </trkpt>
  <trkpt lat="-7.74637001" lon="112.58032001">
   <ele>2891.69</ele>
  </trkpt>
  <trkpt lat="-7.74636003" lon="112.58035001">
   <ele>2891.5</ele>
  </trkpt>
  <trkpt lat="-7.74634997" lon="112.58038002">
   <ele>2891.27</ele>
  </trkpt>
  <trkpt lat="-7.74634000" lon="112.58039997">
   <ele>2891</ele>
  </trkpt>
  <trkpt lat="-7.74631997" lon="112.58042998">
   <ele>2890.38</ele>
  </trkpt>
  <trkpt lat="-7.74630999" lon="112.58045998">
   <ele>2890.02</ele>
  </trkpt>
  <trkpt lat="-7.74630002" lon="112.58048002">
   <ele>2889.64</ele>
  </trkpt>
  <trkpt lat="-7.74630002" lon="112.58051002">
   <ele>2889.58</ele>
  </trkpt>
  <trkpt lat="-7.74630002" lon="112.58054003">
   <ele>2889.51</ele>
  </trkpt>
  <trkpt lat="-7.74627998" lon="112.58055998">
   <ele>2888.67</ele>
  </trkpt>
  <trkpt lat="-7.74626004" lon="112.58057004">
   <ele>2887.82</ele>
  </trkpt>
  <trkpt lat="-7.74623003" lon="112.58058999">
   <ele>2886.51</ele>
  </trkpt>
  <trkpt lat="-7.74621000" lon="112.58061999">
   <ele>2885.53</ele>
  </trkpt>
  <trkpt lat="-7.74620002" lon="112.58064003">
   <ele>2885.01</ele>
  </trkpt>
  <trkpt lat="-7.74617999" lon="112.58065998">
   <ele>2884.07</ele>
  </trkpt>
  <trkpt lat="-7.74616004" lon="112.58068998">
   <ele>2883.05</ele>
  </trkpt>
  <trkpt lat="-7.74614998" lon="112.58071002">
   <ele>2882.51</ele>
  </trkpt>
  <trkpt lat="-7.74614998" lon="112.58074002">
   <ele>2882.3</ele>
  </trkpt>
  <trkpt lat="-7.74614998" lon="112.58078001">
   <ele>2882.04</ele>
  </trkpt>
  <trkpt lat="-7.74616004" lon="112.58080004">
   <ele>2882.33</ele>
  </trkpt>
  <trkpt lat="-7.74617001" lon="112.58082996">
   <ele>2882.57</ele>
  </trkpt>
  <trkpt lat="-7.74618996" lon="112.58085997">
   <ele>2882.9</ele>
  </trkpt>
  <trkpt lat="-7.74621000" lon="112.58088000">
   <ele>2883.37</ele>
  </trkpt>
  <trkpt lat="-7.74623003" lon="112.58090003">
   <ele>2883.83</ele>
  </trkpt>
  <trkpt lat="-7.74624000" lon="112.58093004">
   <ele>2883.67</ele>
  </trkpt>
  <trkpt lat="-7.74624000" lon="112.58095996">
   <ele>2883.08</ele>
  </trkpt>
  <trkpt lat="-7.74624000" lon="112.58098997">
   <ele>2882.49</ele>
  </trkpt>
  <trkpt lat="-7.74624998" lon="112.58101998">
   <ele>2882.3</ele>
  </trkpt>
  <trkpt lat="-7.74624000" lon="112.58104999">
   <ele>2881.31</ele>
  </trkpt>
  <trkpt lat="-7.74624000" lon="112.58107999">
   <ele>2880.72</ele>
  </trkpt>
  <trkpt lat="-7.74621997" lon="112.58111000">
   <ele>2879.33</ele>
  </trkpt>
  <trkpt lat="-7.74621000" lon="112.58113003">
   <ele>2878.67</ele>
  </trkpt>
  <trkpt lat="-7.74620002" lon="112.58116004">
   <ele>2877.87</ele>
  </trkpt>
  <trkpt lat="-7.74617999" lon="112.58117999">
   <ele>2876.73</ele>
  </trkpt>
  <trkpt lat="-7.74617001" lon="112.58121000">
   <ele>2875.85</ele>
  </trkpt>
  <trkpt lat="-7.74617001" lon="112.58124998">
   <ele>2875.26</ele>
  </trkpt>
  <trkpt lat="-7.74616004" lon="112.58127001">
   <ele>2874.48</ele>
  </trkpt>
  <trkpt lat="-7.74616004" lon="112.58130999">
   <ele>2873.86</ele>
  </trkpt>
  <trkpt lat="-7.74616004" lon="112.58133003">
   <ele>2873.55</ele>
  </trkpt>
  <trkpt lat="-7.74616004" lon="112.58137001">
   <ele>2872.93</ele>
  </trkpt>
  <trkpt lat="-7.74614001" lon="112.58139004">
   <ele>2871.55</ele>
  </trkpt>
  <trkpt lat="-7.74611997" lon="112.58140999">
   <ele>2870.33</ele>
  </trkpt>
  <trkpt lat="-7.74611000" lon="112.58143002">
   <ele>2869.67</ele>
  </trkpt>
  <trkpt lat="-7.74608997" lon="112.58146003">
   <ele>2868.9</ele>
  </trkpt>
  <trkpt lat="-7.74607999" lon="112.58149004">
   <ele>2868.42</ele>
  </trkpt>
  <trkpt lat="-7.74607999" lon="112.58151996">
   <ele>2868.21</ele>
  </trkpt>
  <trkpt lat="-7.74607999" lon="112.58154997">
   <ele>2868.01</ele>
  </trkpt>
  <trkpt lat="-7.74608997" lon="112.58157997">
   <ele>2868.07</ele>
  </trkpt>
  <trkpt lat="-7.74608997" lon="112.58160998">
   <ele>2867.86</ele>
  </trkpt>
  <trkpt lat="-7.74610003" lon="112.58163999">
   <ele>2867.91</ele>
  </trkpt>
  <trkpt lat="-7.74611997" lon="112.58166002">
   <ele>2868.59</ele>
  </trkpt>
  <trkpt lat="-7.74614001" lon="112.58169003">
   <ele>2870</ele>
  </trkpt>
  <trkpt lat="-7.74613003" lon="112.58172004">
   <ele>2869.71</ele>
  </trkpt>
  <trkpt lat="-7.74613003" lon="112.58174996">
   <ele>2870.02</ele>
  </trkpt>
  <trkpt lat="-7.74611997" lon="112.58176999">
   <ele>2869.64</ele>
  </trkpt>
  <trkpt lat="-7.74608997" lon="112.58179002">
   <ele>2868.63</ele>
  </trkpt>
  <trkpt lat="-7.74607999" lon="112.58182003">
   <ele>2868.56</ele>
  </trkpt>
  <trkpt lat="-7.74607002" lon="112.58183998">
   <ele>2868.37</ele>
  </trkpt>
  <trkpt lat="-7.74605996" lon="112.58186999">
   <ele>2868.23</ele>
  </trkpt>
  <trkpt lat="-7.74605996" lon="112.58189999">
   <ele>2868.46</ele>
  </trkpt>
  <trkpt lat="-7.74605996" lon="112.58193998">
   <ele>2868.76</ele>
  </trkpt>
  <trkpt lat="-7.74604999" lon="112.58196001">
   <ele>2868.17</ele>
  </trkpt>
  <trkpt lat="-7.74604001" lon="112.58199002">
   <ele>2867.35</ele>
  </trkpt>
  <trkpt lat="-7.74603004" lon="112.58202002">
   <ele>2866.52</ele>
  </trkpt>
  <trkpt lat="-7.74603004" lon="112.58205003">
   <ele>2866.13</ele>
  </trkpt>
  <trkpt lat="-7.74601998" lon="112.58208004">
   <ele>2865.28</ele>
  </trkpt>
  <trkpt lat="-7.74601000" lon="112.58210996">
   <ele>2864.41</ele>
  </trkpt>
  <trkpt lat="-7.74601000" lon="112.58212999">
   <ele>2864.14</ele>
  </trkpt>
  <trkpt lat="-7.74600003" lon="112.58216000">
   <ele>2863.25</ele>
  </trkpt>
  <trkpt lat="-7.74598997" lon="112.58219001">
   <ele>2862.35</ele>
  </trkpt>
  <trkpt lat="-7.74598997" lon="112.58222002">
   <ele>2861.93</ele>
  </trkpt>
  <trkpt lat="-7.74600003" lon="112.58225002">
   <ele>2861.84</ele>
  </trkpt>
  <trkpt lat="-7.74601000" lon="112.58228003">
   <ele>2861.77</ele>
  </trkpt>
  <trkpt lat="-7.74601000" lon="112.58231004">
   <ele>2861.18</ele>
  </trkpt>
  <trkpt lat="-7.74601000" lon="112.58233996">
   <ele>2860.59</ele>
  </trkpt>
  <trkpt lat="-7.74601998" lon="112.58236997">
   <ele>2860.58</ele>
  </trkpt>
  <trkpt lat="-7.74601998" lon="112.58239000">
   <ele>2860.2</ele>
  </trkpt>
  <trkpt lat="-7.74603004" lon="112.58242001">
   <ele>2860.23</ele>
  </trkpt>
  <trkpt lat="-7.74603004" lon="112.58245002">
   <ele>2859.67</ele>
  </trkpt>
  <trkpt lat="-7.74604001" lon="112.58248002">
   <ele>2859.75</ele>
  </trkpt>
  <trkpt lat="-7.74604999" lon="112.58251003">
   <ele>2859.49</ele>
  </trkpt>
  <trkpt lat="-7.74607002" lon="112.58252998">
   <ele>2859.7</ele>
  </trkpt>
  <trkpt lat="-7.74607002" lon="112.58255999">
   <ele>2858.06</ele>
  </trkpt>
  <trkpt lat="-7.74604001" lon="112.58256996">
   <ele>2855.55</ele>
  </trkpt>
  <trkpt lat="-7.74601998" lon="112.58258999">
   <ele>2853.13</ele>
  </trkpt>
  <trkpt lat="-7.74601998" lon="112.58262000">
   <ele>2851.47</ele>
  </trkpt>
  <trkpt lat="-7.74604999" lon="112.58264003">
   <ele>2852.37</ele>
  </trkpt>
  <trkpt lat="-7.74605996" lon="112.58267004">
   <ele>2851.4</ele>
  </trkpt>
  <trkpt lat="-7.74605996" lon="112.58269996">
   <ele>2849.76</ele>
  </trkpt>
  <trkpt lat="-7.74605996" lon="112.58272997">
   <ele>2848.12</ele>
  </trkpt>
  <trkpt lat="-7.74605996" lon="112.58275998">
   <ele>2846.48</ele>
  </trkpt>
  <trkpt lat="-7.74604999" lon="112.58278001">
   <ele>2844.74</ele>
  </trkpt>
  <trkpt lat="-7.74604999" lon="112.58281002">
   <ele>2843.63</ele>
  </trkpt>
  <trkpt lat="-7.74604001" lon="112.58284003">
   <ele>2841.84</ele>
  </trkpt>
  <trkpt lat="-7.74604001" lon="112.58287003">
   <ele>2840.73</ele>
  </trkpt>
  <trkpt lat="-7.74604999" lon="112.58290004">
   <ele>2840.32</ele>
  </trkpt>
  <trkpt lat="-7.74607002" lon="112.58292996">
   <ele>2840.63</ele>
  </trkpt>
  <trkpt lat="-7.74608997" lon="112.58294002">
   <ele>2841.67</ele>
  </trkpt>
  <trkpt lat="-7.74611000" lon="112.58297003">
   <ele>2842</ele>
  </trkpt>
  <trkpt lat="-7.74613003" lon="112.58298998">
   <ele>2842.63</ele>
  </trkpt>
  <trkpt lat="-7.74616004" lon="112.58300004">
   <ele>2844.24</ele>
  </trkpt>
  <trkpt lat="-7.74618996" lon="112.58301001">
   <ele>2845.79</ele>
  </trkpt>
  <trkpt lat="-7.74621000" lon="112.58304002">
   <ele>2845.75</ele>
  </trkpt>
  <trkpt lat="-7.74621997" lon="112.58307002">
   <ele>2844.62</ele>
  </trkpt>
  <trkpt lat="-7.74621000" lon="112.58308997">
   <ele>2842.52</ele>
  </trkpt>
  <trkpt lat="-7.74621000" lon="112.58311998">
   <ele>2840.31</ele>
  </trkpt>
  <trkpt lat="-7.74623003" lon="112.58314999">
   <ele>2839.57</ele>
  </trkpt>
  <trkpt lat="-7.74624000" lon="112.58318000">
   <ele>2838.21</ele>
  </trkpt>
  <trkpt lat="-7.74624000" lon="112.58320003">
   <ele>2836.82</ele>
  </trkpt>
  <trkpt lat="-7.74624998" lon="112.58323004">
   <ele>2835.57</ele>
  </trkpt>
  <trkpt lat="-7.74626004" lon="112.58325996">
   <ele>2834.39</ele>
  </trkpt>
  <trkpt lat="-7.74627998" lon="112.58327999">
   <ele>2834.86</ele>
  </trkpt>
  <trkpt lat="-7.74630002" lon="112.58330002">
   <ele>2835.42</ele>
  </trkpt>
  <trkpt lat="-7.74631997" lon="112.58333003">
   <ele>2835.5</ele>
  </trkpt>
  <trkpt lat="-7.74634000" lon="112.58334998">
   <ele>2836.48</ele>
  </trkpt>
  <trkpt lat="-7.74634997" lon="112.58337001">
   <ele>2836.52</ele>
  </trkpt>
  <trkpt lat="-7.74637001" lon="112.58340002">
   <ele>2837.06</ele>
  </trkpt>
  <trkpt lat="-7.74639004" lon="112.58341997">
   <ele>2838.02</ele>
  </trkpt>
  <trkpt lat="-7.74640999" lon="112.58344000">
   <ele>2838.43</ele>
  </trkpt>
  <trkpt lat="-7.74641996" lon="112.58347001">
   <ele>2837.63</ele>
  </trkpt>
  <trkpt lat="-7.74643002" lon="112.58350002">
   <ele>2836.78</ele>
  </trkpt>
  <trkpt lat="-7.74644997" lon="112.58351997">
   <ele>2837</ele>
  </trkpt>
  <trkpt lat="-7.74647000" lon="112.58353002">
   <ele>2837.69</ele>
  </trkpt>
  <trkpt lat="-7.74649004" lon="112.58354997">
   <ele>2837.8</ele>
  </trkpt>
  <trkpt lat="-7.74650001" lon="112.58357998">
   <ele>2836.72</ele>
  </trkpt>
  <trkpt lat="-7.74650998" lon="112.58360999">
   <ele>2835.6</ele>
  </trkpt>
  <trkpt lat="-7.74651996" lon="112.58363999">
   <ele>2834.16</ele>
  </trkpt>
  <trkpt lat="-7.74653002" lon="112.58366003">
   <ele>2833.36</ele>
  </trkpt>
  <trkpt lat="-7.74654997" lon="112.58367998">
   <ele>2833.09</ele>
  </trkpt>
  <trkpt lat="-7.74659003" lon="112.58369003">
   <ele>2834.54</ele>
  </trkpt>
  <trkpt lat="-7.74662004" lon="112.58369003">
   <ele>2836.13</ele>
  </trkpt>
  <trkpt lat="-7.74663999" lon="112.58370998">
   <ele>2835.83</ele>
  </trkpt>
  <trkpt lat="-7.74663999" lon="112.58373999">
   <ele>2833.79</ele>
  </trkpt>
  <trkpt lat="-7.74663001" lon="112.58377000">
   <ele>2831.23</ele>
  </trkpt>
  <trkpt lat="-7.74663001" lon="112.58380000">
   <ele>2829.19</ele>
  </trkpt>
  <trkpt lat="-7.74664996" lon="112.58382004">
   <ele>2828.86</ele>
  </trkpt>
  <trkpt lat="-7.74666002" lon="112.58384996">
   <ele>2827.32</ele>
  </trkpt>
  <trkpt lat="-7.74667997" lon="112.58386999">
   <ele>2827.52</ele>
  </trkpt>
  <trkpt lat="-7.74669003" lon="112.58390000">
   <ele>2826.54</ele>
  </trkpt>
  <trkpt lat="-7.74670000" lon="112.58393001">
   <ele>2825.67</ele>
  </trkpt>
  <trkpt lat="-7.74670000" lon="112.58396002">
   <ele>2823.88</ele>
  </trkpt>
  <trkpt lat="-7.74672003" lon="112.58399002">
   <ele>2823.62</ele>
  </trkpt>
  <trkpt lat="-7.74673998" lon="112.58400997">
   <ele>2823.83</ele>
  </trkpt>
  <trkpt lat="-7.74676002" lon="112.58403000">
   <ele>2823.9</ele>
  </trkpt>
  <trkpt lat="-7.74677997" lon="112.58405004">
   <ele>2823.83</ele>
  </trkpt>
  <trkpt lat="-7.74679002" lon="112.58407996">
   <ele>2822.25</ele>
  </trkpt>
  <trkpt lat="-7.74680000" lon="112.58410997">
   <ele>2820.57</ele>
  </trkpt>
  <trkpt lat="-7.74682003" lon="112.58413000">
   <ele>2820.1</ele>
  </trkpt>
  <trkpt lat="-7.74683001" lon="112.58416001">
   <ele>2818.19</ele>
  </trkpt>
  <trkpt lat="-7.74683001" lon="112.58419001">
   <ele>2816.39</ele>
  </trkpt>
  <trkpt lat="-7.74683998" lon="112.58422002">
   <ele>2815.21</ele>
  </trkpt>
  <trkpt lat="-7.74686001" lon="112.58423997">
   <ele>2814.96</ele>
  </trkpt>
  <trkpt lat="-7.74689002" lon="112.58425003">
   <ele>2815.65</ele>
  </trkpt>
  <trkpt lat="-7.74692003" lon="112.58426000">
   <ele>2816.29</ele>
  </trkpt>
  <trkpt lat="-7.74690997" lon="112.58428004">
   <ele>2814.7</ele>
  </trkpt>
  <trkpt lat="-7.74692003" lon="112.58430996">
   <ele>2813.31</ele>
  </trkpt>
  <trkpt lat="-7.74693000" lon="112.58433997">
   <ele>2811.88</ele>
  </trkpt>
  <trkpt lat="-7.74695003" lon="112.58436000">
   <ele>2811.59</ele>
  </trkpt>
  <trkpt lat="-7.74696998" lon="112.58438003">
   <ele>2811.85</ele>
  </trkpt>
  <trkpt lat="-7.74699002" lon="112.58439998">
   <ele>2812.08</ele>
  </trkpt>
  <trkpt lat="-7.74700996" lon="112.58442001">
   <ele>2812.28</ele>
  </trkpt>
  <trkpt lat="-7.74703000" lon="112.58443996">
   <ele>2812.45</ele>
  </trkpt>
  <trkpt lat="-7.74705003" lon="112.58446997">
   <ele>2812.63</ele>
  </trkpt>
  <trkpt lat="-7.74706998" lon="112.58449000">
   <ele>2813.27</ele>
  </trkpt>
  <trkpt lat="-7.74708004" lon="112.58452001">
   <ele>2812.78</ele>
  </trkpt>
  <trkpt lat="-7.74709999" lon="112.58455002">
   <ele>2812.93</ele>
  </trkpt>
  <trkpt lat="-7.74710996" lon="112.58456997">
   <ele>2812.77</ele>
  </trkpt>
  <trkpt lat="-7.74712999" lon="112.58459000">
   <ele>2813.24</ele>
  </trkpt>
  <trkpt lat="-7.74715003" lon="112.58462001">
   <ele>2813.24</ele>
  </trkpt>
  <trkpt lat="-7.74718003" lon="112.58464004">
   <ele>2814.24</ele>
  </trkpt>
  <trkpt lat="-7.74721004" lon="112.58465001">
   <ele>2815.63</ele>
  </trkpt>
  <trkpt lat="-7.74723996" lon="112.58465999">
   <ele>2817.04</ele>
  </trkpt>
  <trkpt lat="-7.74726997" lon="112.58466996">
   <ele>2818.47</ele>
  </trkpt>
  <trkpt lat="-7.74729000" lon="112.58468002">
   <ele>2819.24</ele>
  </trkpt>
  <trkpt lat="-7.74732001" lon="112.58469997">
   <ele>2820.11</ele>
  </trkpt>
  <trkpt lat="-7.74732999" lon="112.58472000">
   <ele>2819.71</ele>
  </trkpt>
  <trkpt lat="-7.74735999" lon="112.58474004">
   <ele>2820.92</ele>
  </trkpt>
  <trkpt lat="-7.74739000" lon="112.58474004">
   <ele>2822.73</ele>
  </trkpt>
  <trkpt lat="-7.74742001" lon="112.58475001">
   <ele>2824.22</ele>
  </trkpt>
  <trkpt lat="-7.74744004" lon="112.58474004">
   <ele>2825.74</ele>
  </trkpt>
  <trkpt lat="-7.74742998" lon="112.58476996">
   <ele>2824.17</ele>
  </trkpt>
  <trkpt lat="-7.74742998" lon="112.58478999">
   <ele>2823.52</ele>
  </trkpt>
  <trkpt lat="-7.74744004" lon="112.58482997">
   <ele>2822.78</ele>
  </trkpt>
  <trkpt lat="-7.74744004" lon="112.58485998">
   <ele>2821.8</ele>
  </trkpt>
  <trkpt lat="-7.74744004" lon="112.58488999">
   <ele>2820.81</ele>
  </trkpt>
  <trkpt lat="-7.74745999" lon="112.58491999">
   <ele>2820.84</ele>
  </trkpt>
  <trkpt lat="-7.74746996" lon="112.58494003">
   <ele>2820.66</ele>
  </trkpt>
  <trkpt lat="-7.74749000" lon="112.58495998">
   <ele>2820.95</ele>
  </trkpt>
  <trkpt lat="-7.74752000" lon="112.58497003">
   <ele>2821.97</ele>
  </trkpt>
  <trkpt lat="-7.74754004" lon="112.58498998">
   <ele>2822.1</ele>
  </trkpt>
  <trkpt lat="-7.74756996" lon="112.58500004">
   <ele>2823.02</ele>
  </trkpt>
  <trkpt lat="-7.74759997" lon="112.58500004">
   <ele>2824.32</ele>
  </trkpt>
  <trkpt lat="-7.74762000" lon="112.58502997">
   <ele>2824.15</ele>
  </trkpt>
  <trkpt lat="-7.74761003" lon="112.58505997">
   <ele>2822.68</ele>
  </trkpt>
  <trkpt lat="-7.74758999" lon="112.58508001">
   <ele>2821.1</ele>
  </trkpt>
  <trkpt lat="-7.74756996" lon="112.58511001">
   <ele>2819.16</ele>
  </trkpt>
  <trkpt lat="-7.74756996" lon="112.58512996">
   <ele>2818.46</ele>
  </trkpt>
  <trkpt lat="-7.74755999" lon="112.58515997">
   <ele>2816.96</ele>
  </trkpt>
  <trkpt lat="-7.74755001" lon="112.58518998">
   <ele>2815.44</ele>
  </trkpt>
  <trkpt lat="-7.74755001" lon="112.58521998">
   <ele>2814.38</ele>
  </trkpt>
  <trkpt lat="-7.74756996" lon="112.58524999">
   <ele>2814.25</ele>
  </trkpt>
  <trkpt lat="-7.74759997" lon="112.58525996">
   <ele>2815.3</ele>
  </trkpt>
  <trkpt lat="-7.74761003" lon="112.58528997">
   <ele>2814.59</ele>
  </trkpt>
  <trkpt lat="-7.74761003" lon="112.58531998">
   <ele>2813.2</ele>
  </trkpt>
  <trkpt lat="-7.74762000" lon="112.58534999">
   <ele>2812.27</ele>
  </trkpt>
  <trkpt lat="-7.74764003" lon="112.58537002">
   <ele>2812.23</ele>
  </trkpt>
  <trkpt lat="-7.74765001" lon="112.58540003">
   <ele>2811.26</ele>
  </trkpt>
  <trkpt lat="-7.74767004" lon="112.58543003">
   <ele>2810.71</ele>
  </trkpt>
  <trkpt lat="-7.74768001" lon="112.58544998">
   <ele>2810.18</ele>
  </trkpt>
  <trkpt lat="-7.74769996" lon="112.58547002">
   <ele>2810.06</ele>
  </trkpt>
  <trkpt lat="-7.74772000" lon="112.58548996">
   <ele>2809.92</ele>
  </trkpt>
  <trkpt lat="-7.74774003" lon="112.58551997">
   <ele>2809.26</ele>
  </trkpt>
  <trkpt lat="-7.74775000" lon="112.58554000">
   <ele>2808.67</ele>
  </trkpt>
  <trkpt lat="-7.74777004" lon="112.58557001">
   <ele>2807.81</ele>
  </trkpt>
  <trkpt lat="-7.74779996" lon="112.58557001">
   <ele>2808.99</ele>
  </trkpt>
  <trkpt lat="-7.74782997" lon="112.58558996">
   <ele>2808.94</ele>
  </trkpt>
  <trkpt lat="-7.74785997" lon="112.58560002">
   <ele>2809.49</ele>
  </trkpt>
  <trkpt lat="-7.74787003" lon="112.58561997">
   <ele>2808.63</ele>
  </trkpt>
  <trkpt lat="-7.74788001" lon="112.58564997">
   <ele>2807.14</ele>
  </trkpt>
  <trkpt lat="-7.74790004" lon="112.58567001">
   <ele>2806.65</ele>
  </trkpt>
  <trkpt lat="-7.74794002" lon="112.58567001">
   <ele>2808.18</ele>
  </trkpt>
  <trkpt lat="-7.74795997" lon="112.58569004">
   <ele>2807.67</ele>
  </trkpt>
  <trkpt lat="-7.74798000" lon="112.58570999">
   <ele>2807.15</ele>
  </trkpt>
  <trkpt lat="-7.74801001" lon="112.58571996">
   <ele>2807.64</ele>
  </trkpt>
  <trkpt lat="-7.74804002" lon="112.58573002">
   <ele>2808.12</ele>
  </trkpt>
  <trkpt lat="-7.74805997" lon="112.58574997">
   <ele>2807.61</ele>
  </trkpt>
  <trkpt lat="-7.74807002" lon="112.58580001">
   <ele>2804.8</ele>
  </trkpt>
  <trkpt lat="-7.74808997" lon="112.58583002">
   <ele>2803.71</ele>
  </trkpt>
  <trkpt lat="-7.74811001" lon="112.58583999">
   <ele>2803.98</ele>
  </trkpt>
  <trkpt lat="-7.74814001" lon="112.58584997">
   <ele>2804.71</ele>
  </trkpt>
  <trkpt lat="-7.74815996" lon="112.58587997">
   <ele>2803.87</ele>
  </trkpt>
  <trkpt lat="-7.74818997" lon="112.58589003">
   <ele>2804.55</ele>
  </trkpt>
  <trkpt lat="-7.74821000" lon="112.58590998">
   <ele>2804.23</ele>
  </trkpt>
  <trkpt lat="-7.74823003" lon="112.58593001">
   <ele>2803.88</ele>
  </trkpt>
  <trkpt lat="-7.74826004" lon="112.58593999">
   <ele>2804.51</ele>
  </trkpt>
  <trkpt lat="-7.74827999" lon="112.58596002">
   <ele>2804.12</ele>
  </trkpt>
  <trkpt lat="-7.74831000" lon="112.58596002">
   <ele>2805.32</ele>
  </trkpt>
  <trkpt lat="-7.74834001" lon="112.58597997">
   <ele>2805.55</ele>
  </trkpt>
  <trkpt lat="-7.74836004" lon="112.58599003">
   <ele>2806.51</ele>
  </trkpt>
  <trkpt lat="-7.74838996" lon="112.58600000">
   <ele>2808.25</ele>
  </trkpt>
  <trkpt lat="-7.74841997" lon="112.58600998">
   <ele>2809.97</ele>
  </trkpt>
  <trkpt lat="-7.74844000" lon="112.58603001">
   <ele>2810.25</ele>
  </trkpt>
  <trkpt lat="-7.74846003" lon="112.58604996">
   <ele>2810.52</ele>
  </trkpt>
  <trkpt lat="-7.74847001" lon="112.58607997">
   <ele>2809.35</ele>
  </trkpt>
  <trkpt lat="-7.74849004" lon="112.58610000">
   <ele>2809.57</ele>
  </trkpt>
  <trkpt lat="-7.74850999" lon="112.58612003">
   <ele>2809.75</ele>
  </trkpt>
  <trkpt lat="-7.74853002" lon="112.58615004">
   <ele>2809.19</ele>
  </trkpt>
  <trkpt lat="-7.74854000" lon="112.58617996">
   <ele>2807.85</ele>
  </trkpt>
  <trkpt lat="-7.74854997" lon="112.58620000">
   <ele>2807.19</ele>
  </trkpt>
  <trkpt lat="-7.74856003" lon="112.58623000">
   <ele>2805.81</ele>
  </trkpt>
  <trkpt lat="-7.74856003" lon="112.58626001">
   <ele>2803.71</ele>
  </trkpt>
  <trkpt lat="-7.74857000" lon="112.58629002">
   <ele>2802.3</ele>
  </trkpt>
  <trkpt lat="-7.74857000" lon="112.58632002">
   <ele>2800.19</ele>
  </trkpt>
  <trkpt lat="-7.74857000" lon="112.58635003">
   <ele>2798.07</ele>
  </trkpt>
  <trkpt lat="-7.74856003" lon="112.58638004">
   <ele>2795.31</ele>
  </trkpt>
  <trkpt lat="-7.74856003" lon="112.58640996">
   <ele>2793.29</ele>
  </trkpt>
  <trkpt lat="-7.74857998" lon="112.58642999">
   <ele>2793.11</ele>
  </trkpt>
  <trkpt lat="-7.74857998" lon="112.58646000">
   <ele>2791.01</ele>
  </trkpt>
  <trkpt lat="-7.74859004" lon="112.58649001">
   <ele>2789.38</ele>
  </trkpt>
  <trkpt lat="-7.74860001" lon="112.58652002">
   <ele>2787.63</ele>
  </trkpt>
  <trkpt lat="-7.74860999" lon="112.58653997">
   <ele>2786.53</ele>
  </trkpt>
  <trkpt lat="-7.74863002" lon="112.58656000">
   <ele>2786.02</ele>
  </trkpt>
  <trkpt lat="-7.74866003" lon="112.58656997">
   <ele>2786.77</ele>
  </trkpt>
  <trkpt lat="-7.74867998" lon="112.58659001">
   <ele>2786.27</ele>
  </trkpt>
  <trkpt lat="-7.74870001" lon="112.58661004">
   <ele>2785.76</ele>
  </trkpt>
  <trkpt lat="-7.74870001" lon="112.58663996">
   <ele>2783.5</ele>
  </trkpt>
  <trkpt lat="-7.74870001" lon="112.58666997">
   <ele>2781.43</ele>
  </trkpt>
  <trkpt lat="-7.74869003" lon="112.58669000">
   <ele>2780.64</ele>
  </trkpt>
  <trkpt lat="-7.74867998" lon="112.58672001">
   <ele>2779.75</ele>
  </trkpt>
  <trkpt lat="-7.74867998" lon="112.58675002">
   <ele>2779.35</ele>
  </trkpt>
  <trkpt lat="-7.74870001" lon="112.58678002">
   <ele>2779.75</ele>
  </trkpt>
  <trkpt lat="-7.74873002" lon="112.58679000">
   <ele>2780.77</ele>
  </trkpt>
  <trkpt lat="-7.74874996" lon="112.58681003">
   <ele>2781.16</ele>
  </trkpt>
  <trkpt lat="-7.74877997" lon="112.58682998">
   <ele>2781.83</ele>
  </trkpt>
  <trkpt lat="-7.74880000" lon="112.58684004">
   <ele>2782.3</ele>
  </trkpt>
  <trkpt lat="-7.74882004" lon="112.58685999">
   <ele>2782.47</ele>
  </trkpt>
  <trkpt lat="-7.74884996" lon="112.58685001">
   <ele>2783.75</ele>
  </trkpt>
  <trkpt lat="-7.74886999" lon="112.58686996">
   <ele>2783.81</ele>
  </trkpt>
  <trkpt lat="-7.74887997" lon="112.58689997">
   <ele>2783.18</ele>
  </trkpt>
  <trkpt lat="-7.74889003" lon="112.58692998">
   <ele>2782.52</ele>
  </trkpt>
  <trkpt lat="-7.74889003" lon="112.58695998">
   <ele>2781.88</ele>
  </trkpt>
  <trkpt lat="-7.74889003" lon="112.58698999">
   <ele>2781.55</ele>
  </trkpt>
  <trkpt lat="-7.74890997" lon="112.58701002">
   <ele>2782.15</ele>
  </trkpt>
  <trkpt lat="-7.74893998" lon="112.58702000">
   <ele>2783.24</ele>
  </trkpt>
  <trkpt lat="-7.74895004" lon="112.58705000">
   <ele>2783.25</ele>
  </trkpt>
  <trkpt lat="-7.74896001" lon="112.58708001">
   <ele>2783.23</ele>
  </trkpt>
  <trkpt lat="-7.74897996" lon="112.58709996">
   <ele>2783.7</ele>
  </trkpt>
  <trkpt lat="-7.74900997" lon="112.58709996">
   <ele>2784.82</ele>
  </trkpt>
  <trkpt lat="-7.74903000" lon="112.58711002">
   <ele>2785.4</ele>
  </trkpt>
  <trkpt lat="-7.74906001" lon="112.58711999">
   <ele>2786.33</ele>
  </trkpt>
  <trkpt lat="-7.74909002" lon="112.58711999">
   <ele>2787.42</ele>
  </trkpt>
  <trkpt lat="-7.74912002" lon="112.58712997">
   <ele>2788.31</ele>
  </trkpt>
  <trkpt lat="-7.74913997" lon="112.58715997">
   <ele>2788.42</ele>
  </trkpt>
  <trkpt lat="-7.74916001" lon="112.58718001">
   <ele>2788.69</ele>
  </trkpt>
  <trkpt lat="-7.74918004" lon="112.58720004">
   <ele>2788.55</ele>
  </trkpt>
  <trkpt lat="-7.74919999" lon="112.58721999">
   <ele>2788.17</ele>
  </trkpt>
  <trkpt lat="-7.74922002" lon="112.58725000">
   <ele>2787.37</ele>
  </trkpt>
  <trkpt lat="-7.74923000" lon="112.58727003">
   <ele>2786.84</ele>
  </trkpt>
  <trkpt lat="-7.74926000" lon="112.58728000">
   <ele>2786.74</ele>
  </trkpt>
  <trkpt lat="-7.74929001" lon="112.58727003">
   <ele>2787.2</ele>
  </trkpt>
  <trkpt lat="-7.74930996" lon="112.58728000">
   <ele>2787.07</ele>
  </trkpt>
  <trkpt lat="-7.74933997" lon="112.58730004">
   <ele>2786.8</ele>
  </trkpt>
  <trkpt lat="-7.74936997" lon="112.58730004">
   <ele>2787.03</ele>
  </trkpt>
  <trkpt lat="-7.74939001" lon="112.58731999">
   <ele>2786.77</ele>
  </trkpt>
  <trkpt lat="-7.74942001" lon="112.58732996">
   <ele>2786.84</ele>
  </trkpt>
  <trkpt lat="-7.74942001" lon="112.58735997">
   <ele>2786.26</ele>
  </trkpt>
  <trkpt lat="-7.74943996" lon="112.58738997">
   <ele>2785.93</ele>
  </trkpt>
  <trkpt lat="-7.74946997" lon="112.58738997">
   <ele>2785.89</ele>
  </trkpt>
  <trkpt lat="-7.74949998" lon="112.58738997">
   <ele>2785.78</ele>
  </trkpt>
  <trkpt lat="-7.74952998" lon="112.58738000">
   <ele>2785.9</ele>
  </trkpt>
  <trkpt lat="-7.74955002" lon="112.58737002">
   <ele>2786.09</ele>
  </trkpt>
  <trkpt lat="-7.74958002" lon="112.58735997">
   <ele>2786.29</ele>
  </trkpt>
  <trkpt lat="-7.74959997" lon="112.58735997">
   <ele>2786.25</ele>
  </trkpt>
  <trkpt lat="-7.74962998" lon="112.58734999">
   <ele>2786.5</ele>
  </trkpt>
  <trkpt lat="-7.74965001" lon="112.58734002">
   <ele>2786.79</ele>
  </trkpt>
  <trkpt lat="-7.74968002" lon="112.58732996">
   <ele>2787.11</ele>
  </trkpt>
  <trkpt lat="-7.74971003" lon="112.58734002">
   <ele>2786.77</ele>
  </trkpt>
  <trkpt lat="-7.74972998" lon="112.58734999">
   <ele>2786.3</ele>
  </trkpt>
  <trkpt lat="-7.74975998" lon="112.58735997">
   <ele>2785.56</ele>
  </trkpt>
  <trkpt lat="-7.74978999" lon="112.58737002">
   <ele>2784.85</ele>
  </trkpt>
  <trkpt lat="-7.74982000" lon="112.58738000">
   <ele>2784.16</ele>
  </trkpt>
  <trkpt lat="-7.74985000" lon="112.58738000">
   <ele>2783.8</ele>
  </trkpt>
  <trkpt lat="-7.74987004" lon="112.58737002">
   <ele>2783.87</ele>
  </trkpt>
  <trkpt lat="-7.74988999" lon="112.58734002">
   <ele>2784.51</ele>
  </trkpt>
  <trkpt lat="-7.74989996" lon="112.58731999">
   <ele>2784.96</ele>
  </trkpt>
  <trkpt lat="-7.74991999" lon="112.58728998">
   <ele>2785.52</ele>
  </trkpt>
  <trkpt lat="-7.74994003" lon="112.58727003">
   <ele>2785.76</ele>
  </trkpt>
  <trkpt lat="-7.74995000" lon="112.58725000">
   <ele>2786.15</ele>
  </trkpt>
  <trkpt lat="-7.74995998" lon="112.58721001">
   <ele>2787.29</ele>
  </trkpt>
  <trkpt lat="-7.74998001" lon="112.58718998">
   <ele>2787.87</ele>
  </trkpt>
  <trkpt lat="-7.75001002" lon="112.58717003">
   <ele>2788.47</ele>
  </trkpt>
  <trkpt lat="-7.75002996" lon="112.58714003">
   <ele>2789.92</ele>
  </trkpt>
  <trkpt lat="-7.75005997" lon="112.58715000">
   <ele>2789.54</ele>
  </trkpt>
  <trkpt lat="-7.75008000" lon="112.58714003">
   <ele>2790.05</ele>
  </trkpt>
  <trkpt lat="-7.75008998" lon="112.58711002">
   <ele>2791.45</ele>
  </trkpt>
  <trkpt lat="-7.75011001" lon="112.58708999">
   <ele>2792.4</ele>
  </trkpt>
  <trkpt lat="-7.75014002" lon="112.58708999">
   <ele>2792.45</ele>
  </trkpt>
  <trkpt lat="-7.75017003" lon="112.58709996">
   <ele>2792.06</ele>
  </trkpt>
  <trkpt lat="-7.75020003" lon="112.58709996">
   <ele>2792.12</ele>
  </trkpt>
  <trkpt lat="-7.75023004" lon="112.58709996">
   <ele>2792.18</ele>
  </trkpt>
  <trkpt lat="-7.75025996" lon="112.58709996">
   <ele>2792.24</ele>
  </trkpt>
  <trkpt lat="-7.75028000" lon="112.58708999">
   <ele>2792.68</ele>
  </trkpt>
  <trkpt lat="-7.75030003" lon="112.58705998">
   <ele>2793.67</ele>
  </trkpt>
  <trkpt lat="-7.75031000" lon="112.58702997">
   <ele>2794.8</ele>
  </trkpt>
  <trkpt lat="-7.75031000" lon="112.58701002">
   <ele>2795.64</ele>
  </trkpt>
  <trkpt lat="-7.75031998" lon="112.58698002">
   <ele>2796.74</ele>
  </trkpt>
  <trkpt lat="-7.75034999" lon="112.58697004">
   <ele>2796.64</ele>
  </trkpt>
  <trkpt lat="-7.75037999" lon="112.58695998">
   <ele>2796.53</ele>
  </trkpt>
  <trkpt lat="-7.75040003" lon="112.58695001">
   <ele>2796.58</ele>
  </trkpt>
  <trkpt lat="-7.75043003" lon="112.58692998">
   <ele>2796.75</ele>
  </trkpt>
  <trkpt lat="-7.75044998" lon="112.58691003">
   <ele>2796.96</ele>
  </trkpt>
  <trkpt lat="-7.75046004" lon="112.58688002">
   <ele>2797.61</ele>
  </trkpt>
  <trkpt lat="-7.75048996" lon="112.58688002">
   <ele>2796.77</ele>
  </trkpt>
  <trkpt lat="-7.75051997" lon="112.58686996">
   <ele>2796.12</ele>
  </trkpt>
  <trkpt lat="-7.75054000" lon="112.58685001">
   <ele>2795.87</ele>
  </trkpt>
  <trkpt lat="-7.75054998" lon="112.58682000">
   <ele>2796</ele>
  </trkpt>
  <trkpt lat="-7.75057998" lon="112.58681003">
   <ele>2794.65</ele>
  </trkpt>
  <trkpt lat="-7.75060002" lon="112.58679000">
   <ele>2793.98</ele>
  </trkpt>
  <trkpt lat="-7.75060999" lon="112.58675999">
   <ele>2794.1</ele>
  </trkpt>
  <trkpt lat="-7.75063002" lon="112.58674004">
   <ele>2793.63</ele>
  </trkpt>
  <trkpt lat="-7.75060999" lon="112.58671003">
   <ele>2795.14</ele>
  </trkpt>
  <trkpt lat="-7.75061997" lon="112.58669000">
   <ele>2795.17</ele>
  </trkpt>
  <trkpt lat="-7.75063002" lon="112.58665999">
   <ele>2795.64</ele>
  </trkpt>
  <trkpt lat="-7.75064000" lon="112.58662999">
   <ele>2796.7</ele>
  </trkpt>
  <trkpt lat="-7.75066003" lon="112.58661004">
   <ele>2796.84</ele>
  </trkpt>
  <trkpt lat="-7.75069004" lon="112.58659998">
   <ele>2796.06</ele>
  </trkpt>
  <trkpt lat="-7.75070999" lon="112.58659001">
   <ele>2795.66</ele>
  </trkpt>
  <trkpt lat="-7.75071996" lon="112.58656000">
   <ele>2796.48</ele>
  </trkpt>
  <trkpt lat="-7.75073002" lon="112.58652999">
   <ele>2797.25</ele>
  </trkpt>
  <trkpt lat="-7.75074997" lon="112.58651004">
   <ele>2797.09</ele>
  </trkpt>
  <trkpt lat="-7.75077000" lon="112.58649001">
   <ele>2796.87</ele>
  </trkpt>
  <trkpt lat="-7.75079004" lon="112.58648003">
   <ele>2796.24</ele>
  </trkpt>
  <trkpt lat="-7.75081996" lon="112.58646000">
   <ele>2795.39</ele>
  </trkpt>
  <trkpt lat="-7.75081996" lon="112.58642999">
   <ele>2796.39</ele>
  </trkpt>
  <trkpt lat="-7.75083002" lon="112.58639999">
   <ele>2796.83</ele>
  </trkpt>
  <trkpt lat="-7.75083999" lon="112.58636001">
   <ele>2798</ele>
  </trkpt>
  <trkpt lat="-7.75089003" lon="112.58636001">
   <ele>2796.92</ele>
  </trkpt>
  <trkpt lat="-7.75092004" lon="112.58636001">
   <ele>2796.27</ele>
  </trkpt>
  <trkpt lat="-7.75093999" lon="112.58633997">
   <ele>2796.63</ele>
  </trkpt>
  <trkpt lat="-7.75096002" lon="112.58633000">
   <ele>2796.6</ele>
  </trkpt>
  <trkpt lat="-7.75099003" lon="112.58633997">
   <ele>2795.55</ele>
  </trkpt>
  <trkpt lat="-7.75100998" lon="112.58632002">
   <ele>2795.91</ele>
  </trkpt>
  <trkpt lat="-7.75103001" lon="112.58629002">
   <ele>2796.67</ele>
  </trkpt>
  <trkpt lat="-7.75106002" lon="112.58627996">
   <ele>2796.42</ele>
  </trkpt>
  <trkpt lat="-7.75109002" lon="112.58629002">
   <ele>2795.37</ele>
  </trkpt>
  <trkpt lat="-7.75112003" lon="112.58627996">
   <ele>2794.97</ele>
  </trkpt>
  <trkpt lat="-7.75113998" lon="112.58627996">
   <ele>2794.21</ele>
  </trkpt>
  <trkpt lat="-7.75116999" lon="112.58626998">
   <ele>2793.47</ele>
  </trkpt>
  <trkpt lat="-7.75119999" lon="112.58625004">
   <ele>2793.14</ele>
  </trkpt>
  <trkpt lat="-7.75117996" lon="112.58623000">
   <ele>2794.71</ele>
  </trkpt>
  <trkpt lat="-7.75117996" lon="112.58620000">
   <ele>2795.92</ele>
  </trkpt>
  <trkpt lat="-7.75119002" lon="112.58616999">
   <ele>2796.77</ele>
  </trkpt>
  <trkpt lat="-7.75119002" lon="112.58613998">
   <ele>2797.99</ele>
  </trkpt>
  <trkpt lat="-7.75119999" lon="112.58610000">
   <ele>2799.22</ele>
  </trkpt>
  <trkpt lat="-7.75122003" lon="112.58607997">
   <ele>2799.31</ele>
  </trkpt>
  <trkpt lat="-7.75125003" lon="112.58606002">
   <ele>2799.12</ele>
  </trkpt>
  <trkpt lat="-7.75126998" lon="112.58604996">
   <ele>2798.89</ele>
  </trkpt>
  <trkpt lat="-7.75129999" lon="112.58604996">
   <ele>2797.93</ele>
  </trkpt>
  <trkpt lat="-7.75132002" lon="112.58602004">
   <ele>2798.67</ele>
  </trkpt>
  <trkpt lat="-7.75135003" lon="112.58600998">
   <ele>2798.24</ele>
  </trkpt>
  <trkpt lat="-7.75138004" lon="112.58602004">
   <ele>2796.86</ele>
  </trkpt>
  <trkpt lat="-7.75140996" lon="112.58600998">
   <ele>2796.94</ele>
  </trkpt>
  <trkpt lat="-7.75143997" lon="112.58600998">
   <ele>2796.73</ele>
  </trkpt>
  <trkpt lat="-7.75146998" lon="112.58600998">
   <ele>2796.51</ele>
  </trkpt>
  <trkpt lat="-7.75149998" lon="112.58602004">
   <ele>2795.79</ele>
  </trkpt>
  <trkpt lat="-7.75152999" lon="112.58603001">
   <ele>2795.07</ele>
  </trkpt>
  <trkpt lat="-7.75155002" lon="112.58603998">
   <ele>2794.42</ele>
  </trkpt>
  <trkpt lat="-7.75158003" lon="112.58604996">
   <ele>2793.7</ele>
  </trkpt>
  <trkpt lat="-7.75161004" lon="112.58604996">
   <ele>2793.49</ele>
  </trkpt>
  <trkpt lat="-7.75163996" lon="112.58603001">
   <ele>2794.28</ele>
  </trkpt>
  <trkpt lat="-7.75166997" lon="112.58603001">
   <ele>2793.99</ele>
  </trkpt>
  <trkpt lat="-7.75169000" lon="112.58600998">
   <ele>2794.42</ele>
  </trkpt>
  <trkpt lat="-7.75171003" lon="112.58600000">
   <ele>2794.35</ele>
  </trkpt>
  <trkpt lat="-7.75172998" lon="112.58597000">
   <ele>2795.29</ele>
  </trkpt>
  <trkpt lat="-7.75175001" lon="112.58597997">
   <ele>2794.21</ele>
  </trkpt>
  <trkpt lat="-7.75178002" lon="112.58600000">
   <ele>2792.34</ele>
  </trkpt>
  <trkpt lat="-7.75181003" lon="112.58600000">
   <ele>2791.47</ele>
  </trkpt>
  <trkpt lat="-7.75184004" lon="112.58600000">
   <ele>2790.61</ele>
  </trkpt>
  <trkpt lat="-7.75186996" lon="112.58600998">
   <ele>2789.24</ele>
  </trkpt>
  <trkpt lat="-7.75188002" lon="112.58603001">
   <ele>2787.94</ele>
  </trkpt>
  <trkpt lat="-7.75191003" lon="112.58603001">
   <ele>2787.08</ele>
  </trkpt>
  <trkpt lat="-7.75192000" lon="112.58600000">
   <ele>2788.3</ele>
  </trkpt>
  <trkpt lat="-7.75192000" lon="112.58597000">
   <ele>2789.82</ele>
  </trkpt>
  <trkpt lat="-7.75195001" lon="112.58594996">
   <ele>2790.04</ele>
  </trkpt>
  <trkpt lat="-7.75197004" lon="112.58593999">
   <ele>2790.25</ele>
  </trkpt>
  <trkpt lat="-7.75198999" lon="112.58590998">
   <ele>2791.38</ele>
  </trkpt>
  <trkpt lat="-7.75198999" lon="112.58589003">
   <ele>2792.33</ele>
  </trkpt>
  <trkpt lat="-7.75198999" lon="112.58584997">
   <ele>2794.23</ele>
  </trkpt>
  <trkpt lat="-7.75202000" lon="112.58584997">
   <ele>2793.61</ele>
  </trkpt>
  <trkpt lat="-7.75205000" lon="112.58584997">
   <ele>2792.99</ele>
  </trkpt>
  <trkpt lat="-7.75208001" lon="112.58584997">
   <ele>2792.38</ele>
  </trkpt>
  <trkpt lat="-7.75211002" lon="112.58586003">
   <ele>2791.37</ele>
  </trkpt>
  <trkpt lat="-7.75212997" lon="112.58587000">
   <ele>2790.58</ele>
  </trkpt>
  <trkpt lat="-7.75215997" lon="112.58589003">
   <ele>2789.28</ele>
  </trkpt>
  <trkpt lat="-7.75218001" lon="112.58590998">
   <ele>2788.22</ele>
  </trkpt>
  <trkpt lat="-7.75218998" lon="112.58593001">
   <ele>2787.36</ele>
  </trkpt>
  <trkpt lat="-7.75221001" lon="112.58594996">
   <ele>2786.39</ele>
  </trkpt>
  <trkpt lat="-7.75224002" lon="112.58594996">
   <ele>2786.05</ele>
  </trkpt>
  <trkpt lat="-7.75227003" lon="112.58593999">
   <ele>2786.09</ele>
  </trkpt>
  <trkpt lat="-7.75230004" lon="112.58593999">
   <ele>2785.81</ele>
  </trkpt>
  <trkpt lat="-7.75231998" lon="112.58594996">
   <ele>2785.31</ele>
  </trkpt>
  <trkpt lat="-7.75234999" lon="112.58596002">
   <ele>2784.73</ele>
  </trkpt>
  <trkpt lat="-7.75238000" lon="112.58597000">
   <ele>2784.15</ele>
  </trkpt>
  <trkpt lat="-7.75241001" lon="112.58599003">
   <ele>2783.28</ele>
  </trkpt>
  <trkpt lat="-7.75243004" lon="112.58600000">
   <ele>2782.8</ele>
  </trkpt>
  <trkpt lat="-7.75245996" lon="112.58600998">
   <ele>2782.25</ele>
  </trkpt>
  <trkpt lat="-7.75247999" lon="112.58603001">
   <ele>2781.5</ele>
  </trkpt>
  <trkpt lat="-7.75250003" lon="112.58606002">
   <ele>2780.47</ele>
  </trkpt>
  <trkpt lat="-7.75251000" lon="112.58609002">
   <ele>2779.64</ele>
  </trkpt>
  <trkpt lat="-7.75253003" lon="112.58610997">
   <ele>2779.14</ele>
  </trkpt>
  <trkpt lat="-7.75254998" lon="112.58613001">
   <ele>2778.48</ele>
  </trkpt>
  <trkpt lat="-7.75257002" lon="112.58615004">
   <ele>2777.85</ele>
  </trkpt>
  <trkpt lat="-7.75258997" lon="112.58616001">
   <ele>2777.62</ele>
  </trkpt>
  <trkpt lat="-7.75261000" lon="112.58617996">
   <ele>2777.06</ele>
  </trkpt>
  <trkpt lat="-7.75263003" lon="112.58620997">
   <ele>2776.22</ele>
  </trkpt>
  <trkpt lat="-7.75264998" lon="112.58623000">
   <ele>2775.76</ele>
  </trkpt>
  <trkpt lat="-7.75267001" lon="112.58625004">
   <ele>2775.34</ele>
  </trkpt>
  <trkpt lat="-7.75268996" lon="112.58626998">
   <ele>2774.96</ele>
  </trkpt>
  <trkpt lat="-7.75270002" lon="112.58629999">
   <ele>2774.2</ele>
  </trkpt>
  <trkpt lat="-7.75270999" lon="112.58633000">
   <ele>2773.47</ele>
  </trkpt>
  <trkpt lat="-7.75270002" lon="112.58629999">
   <ele>2774.2</ele>
  </trkpt>
  <trkpt lat="-7.75268996" lon="112.58626998">
   <ele>2774.96</ele>
  </trkpt>
  <trkpt lat="-7.75271997" lon="112.58626998">
   <ele>2775.31</ele>
  </trkpt>
  <trkpt lat="-7.75274998" lon="112.58626998">
   <ele>2775.67</ele>
  </trkpt>
  <trkpt lat="-7.75277998" lon="112.58627996">
   <ele>2775.81</ele>
  </trkpt>
  <trkpt lat="-7.75280002" lon="112.58629002">
   <ele>2776.15</ele>
  </trkpt>
  <trkpt lat="-7.75283002" lon="112.58629999">
   <ele>2776.82</ele>
  </trkpt>
  <trkpt lat="-7.75286003" lon="112.58630997">
   <ele>2777.53</ele>
  </trkpt>
  <trkpt lat="-7.75289004" lon="112.58630997">
   <ele>2778.45</ele>
  </trkpt>
  <trkpt lat="-7.75291996" lon="112.58630997">
   <ele>2779.38</ele>
  </trkpt>
  <trkpt lat="-7.75294997" lon="112.58630997">
   <ele>2780.31</ele>
  </trkpt>
  <trkpt lat="-7.75297998" lon="112.58632002">
   <ele>2781.11</ele>
  </trkpt>
  <trkpt lat="-7.75300998" lon="112.58633997">
   <ele>2781.86</ele>
  </trkpt>
  <trkpt lat="-7.75303002" lon="112.58633997">
   <ele>2782.51</ele>
  </trkpt>
  <trkpt lat="-7.75306002" lon="112.58633997">
   <ele>2783.47</ele>
  </trkpt>
  <trkpt lat="-7.75309003" lon="112.58636001">
   <ele>2784.14</ele>
  </trkpt>
  <trkpt lat="-7.75310998" lon="112.58638004">
   <ele>2784.6</ele>
  </trkpt>
  <trkpt lat="-7.75313001" lon="112.58639999">
   <ele>2784.96</ele>
  </trkpt>
  <trkpt lat="-7.75316002" lon="112.58642002">
   <ele>2785.55</ele>
  </trkpt>
  <trkpt lat="-7.75316999" lon="112.58645003">
   <ele>2785.43</ele>
  </trkpt>
  <trkpt lat="-7.75317997" lon="112.58648003">
   <ele>2785.35</ele>
  </trkpt>
  <trkpt lat="-7.75320000" lon="112.58649001">
   <ele>2785.92</ele>
  </trkpt>
  <trkpt lat="-7.75323001" lon="112.58649998">
   <ele>2786.88</ele>
  </trkpt>
  <trkpt lat="-7.75325004" lon="112.58652002">
   <ele>2787.42</ele>
  </trkpt>
  <trkpt lat="-7.75325004" lon="112.58655002">
   <ele>2787.15</ele>
  </trkpt>
  <trkpt lat="-7.75326001" lon="112.58658003">
   <ele>2787.29</ele>
  </trkpt>
  <trkpt lat="-7.75326999" lon="112.58661004">
   <ele>2787.47</ele>
  </trkpt>
  <trkpt lat="-7.75329002" lon="112.58662999">
   <ele>2788.21</ele>
  </trkpt>
  <trkpt lat="-7.75332003" lon="112.58663996">
   <ele>2789.5</ele>
  </trkpt>
  <trkpt lat="-7.75333998" lon="112.58665002">
   <ele>2790.16</ele>
  </trkpt>
  <trkpt lat="-7.75336999" lon="112.58665002">
   <ele>2790.59</ele>
  </trkpt>
  <trkpt lat="-7.75339999" lon="112.58665999">
   <ele>2790.98</ele>
  </trkpt>
  <trkpt lat="-7.75342003" lon="112.58666997">
   <ele>2791.22</ele>
  </trkpt>
  <trkpt lat="-7.75342003" lon="112.58671003">
   <ele>2790.93</ele>
  </trkpt>
  <trkpt lat="-7.75340997" lon="112.58672998">
   <ele>2790.61</ele>
  </trkpt>
  <trkpt lat="-7.75339999" lon="112.58675999">
   <ele>2790.19</ele>
  </trkpt>
  <trkpt lat="-7.75339002" lon="112.58679000">
   <ele>2789.76</ele>
  </trkpt>
  <trkpt lat="-7.75342003" lon="112.58681003">
   <ele>2790.18</ele>
  </trkpt>
  <trkpt lat="-7.75345003" lon="112.58679997">
   <ele>2790.84</ele>
  </trkpt>
  <trkpt lat="-7.75346998" lon="112.58682000">
   <ele>2791.13</ele>
  </trkpt>
  <trkpt lat="-7.75348004" lon="112.58685001">
   <ele>2791.18</ele>
  </trkpt>
  <trkpt lat="-7.75352002" lon="112.58685999">
   <ele>2792</ele>
  </trkpt>
  <trkpt lat="-7.75353997" lon="112.58685999">
   <ele>2792.44</ele>
  </trkpt>
  <trkpt lat="-7.75356998" lon="112.58686996">
   <ele>2793.08</ele>
  </trkpt>
  <trkpt lat="-7.75359001" lon="112.58689997">
   <ele>2793.5</ele>
  </trkpt>
  <trkpt lat="-7.75360996" lon="112.58692000">
   <ele>2793.97</ele>
  </trkpt>
  <trkpt lat="-7.75362999" lon="112.58692998">
   <ele>2794.07</ele>
  </trkpt>
  <trkpt lat="-7.75365002" lon="112.58695001">
   <ele>2794.04</ele>
  </trkpt>
  <trkpt lat="-7.75366000" lon="112.58698002">
   <ele>2793.54</ele>
  </trkpt>
  <trkpt lat="-7.75369001" lon="112.58698999">
   <ele>2793.46</ele>
  </trkpt>
  <trkpt lat="-7.75372001" lon="112.58698002">
   <ele>2793.75</ele>
  </trkpt>
  <trkpt lat="-7.75375002" lon="112.58698002">
   <ele>2793.86</ele>
  </trkpt>
  <trkpt lat="-7.75378003" lon="112.58698002">
   <ele>2793.97</ele>
  </trkpt>
  <trkpt lat="-7.75379998" lon="112.58697004">
   <ele>2794.22</ele>
  </trkpt>
  <trkpt lat="-7.75382998" lon="112.58695998">
   <ele>2794.51</ele>
  </trkpt>
  <trkpt lat="-7.75385002" lon="112.58695001">
   <ele>2794.76</ele>
  </trkpt>
  <trkpt lat="-7.75386997" lon="112.58697004">
   <ele>2794.47</ele>
  </trkpt>
  <trkpt lat="-7.75388002" lon="112.58699996">
   <ele>2793.97</ele>
  </trkpt>
  <trkpt lat="-7.75391003" lon="112.58701002">
   <ele>2793.9</ele>
  </trkpt>
  <trkpt lat="-7.75394004" lon="112.58699996">
   <ele>2794.18</ele>
  </trkpt>
  <trkpt lat="-7.75396996" lon="112.58701002">
   <ele>2794.11</ele>
  </trkpt>
  <trkpt lat="-7.75398999" lon="112.58702997">
   <ele>2793.82</ele>
  </trkpt>
  <trkpt lat="-7.75399997" lon="112.58705000">
   <ele>2793.5</ele>
  </trkpt>
  <trkpt lat="-7.75402000" lon="112.58707004">
   <ele>2793.21</ele>
  </trkpt>
  <trkpt lat="-7.75405001" lon="112.58708999">
   <ele>2792.96</ele>
  </trkpt>
  <trkpt lat="-7.75408002" lon="112.58708999">
   <ele>2793.07</ele>
  </trkpt>
  <trkpt lat="-7.75411002" lon="112.58709996">
   <ele>2793</ele>
  </trkpt>
  <trkpt lat="-7.75414003" lon="112.58711002">
   <ele>2792.92</ele>
  </trkpt>
  <trkpt lat="-7.75417004" lon="112.58711002">
   <ele>2793.1</ele>
  </trkpt>
  <trkpt lat="-7.75419996" lon="112.58711002">
   <ele>2793.79</ele>
  </trkpt>
  <trkpt lat="-7.75422997" lon="112.58711002">
   <ele>2794.48</ele>
  </trkpt>
  <trkpt lat="-7.75425000" lon="112.58712997">
   <ele>2794.46</ele>
  </trkpt>
  <trkpt lat="-7.75428001" lon="112.58714003">
   <ele>2794.84</ele>
  </trkpt>
  <trkpt lat="-7.75431002" lon="112.58712997">
   <ele>2795.75</ele>
  </trkpt>
  <trkpt lat="-7.75434002" lon="112.58711999">
   <ele>2796.71</ele>
  </trkpt>
  <trkpt lat="-7.75435997" lon="112.58709996">
   <ele>2797.82</ele>
  </trkpt>
  <trkpt lat="-7.75438000" lon="112.58708001">
   <ele>2798.99</ele>
  </trkpt>
  <trkpt lat="-7.75441001" lon="112.58708001">
   <ele>2799.76</ele>
  </trkpt>
  <trkpt lat="-7.75444002" lon="112.58707004">
   <ele>2800.91</ele>
  </trkpt>
  <trkpt lat="-7.75447003" lon="112.58705998">
   <ele>2802.27</ele>
  </trkpt>
  <trkpt lat="-7.75448998" lon="112.58704003">
   <ele>2803.74</ele>
  </trkpt>
  <trkpt lat="-7.75451001" lon="112.58702000">
   <ele>2805.24</ele>
  </trkpt>
  <trkpt lat="-7.75454002" lon="112.58702000">
   <ele>2806.26</ele>
  </trkpt>
  <trkpt lat="-7.75457002" lon="112.58702000">
   <ele>2807.28</ele>
  </trkpt>
  <trkpt lat="-7.75460003" lon="112.58701002">
   <ele>2808.74</ele>
  </trkpt>
  <trkpt lat="-7.75463004" lon="112.58701002">
   <ele>2809.77</ele>
  </trkpt>
  <trkpt lat="-7.75465996" lon="112.58699996">
   <ele>2811.25</ele>
  </trkpt>
  <trkpt lat="-7.75467999" lon="112.58698999">
   <ele>2812.4</ele>
  </trkpt>
  <trkpt lat="-7.75470003" lon="112.58695998">
   <ele>2814.48</ele>
  </trkpt>
  <trkpt lat="-7.75471997" lon="112.58695001">
   <ele>2815.66</ele>
  </trkpt>
  <trkpt lat="-7.75474998" lon="112.58694003">
   <ele>2816.91</ele>
  </trkpt>
  <trkpt lat="-7.75476004" lon="112.58691003">
   <ele>2817.97</ele>
  </trkpt>
  <trkpt lat="-7.75478996" lon="112.58689997">
   <ele>2819.11</ele>
  </trkpt>
  <trkpt lat="-7.75481997" lon="112.58691003">
   <ele>2819.73</ele>
  </trkpt>
  <trkpt lat="-7.75484000" lon="112.58692998">
   <ele>2819.78</ele>
  </trkpt>
  <trkpt lat="-7.75486004" lon="112.58694003">
   <ele>2820.09</ele>
  </trkpt>
  <trkpt lat="-7.75488996" lon="112.58692998">
   <ele>2821.23</ele>
  </trkpt>
  <trkpt lat="-7.75491997" lon="112.58692998">
   <ele>2822.1</ele>
  </trkpt>
  <trkpt lat="-7.75494000" lon="112.58691003">
   <ele>2823.24</ele>
  </trkpt>
  <trkpt lat="-7.75496003" lon="112.58692998">
   <ele>2823.26</ele>
  </trkpt>
  <trkpt lat="-7.75496003" lon="112.58695001">
   <ele>2822.59</ele>
  </trkpt>
  <trkpt lat="-7.75499004" lon="112.58695001">
   <ele>2823.45</ele>
  </trkpt>
  <trkpt lat="-7.75503002" lon="112.58694003">
   <ele>2824.99</ele>
  </trkpt>
  <trkpt lat="-7.75504997" lon="112.58692998">
   <ele>2825.87</ele>
  </trkpt>
  <trkpt lat="-7.75507998" lon="112.58692998">
   <ele>2826.73</ele>
  </trkpt>
  <trkpt lat="-7.75510001" lon="112.58692998">
   <ele>2827.31</ele>
  </trkpt>
  <trkpt lat="-7.75513002" lon="112.58692000">
   <ele>2828.49</ele>
  </trkpt>
  <trkpt lat="-7.75514997" lon="112.58689997">
   <ele>2829.69</ele>
  </trkpt>
  <trkpt lat="-7.75517000" lon="112.58688999">
   <ele>2830.58</ele>
  </trkpt>
  <trkpt lat="-7.75520001" lon="112.58688002">
   <ele>2831.78</ele>
  </trkpt>
  <trkpt lat="-7.75523001" lon="112.58688999">
   <ele>2832.35</ele>
  </trkpt>
  <trkpt lat="-7.75524996" lon="112.58691003">
   <ele>2832.3</ele>
  </trkpt>
  <trkpt lat="-7.75527997" lon="112.58689997">
   <ele>2833.54</ele>
  </trkpt>
  <trkpt lat="-7.75530998" lon="112.58689997">
   <ele>2834.95</ele>
  </trkpt>
  <trkpt lat="-7.75533001" lon="112.58688999">
   <ele>2836.21</ele>
  </trkpt>
  <trkpt lat="-7.75536002" lon="112.58688002">
   <ele>2837.94</ele>
  </trkpt>
  <trkpt lat="-7.75537997" lon="112.58688999">
   <ele>2838.55</ele>
  </trkpt>
  <trkpt lat="-7.75540997" lon="112.58688999">
   <ele>2839.95</ele>
  </trkpt>
  <trkpt lat="-7.75543001" lon="112.58686996">
   <ele>2841.54</ele>
  </trkpt>
  <trkpt lat="-7.75543998" lon="112.58684004">
   <ele>2842.98</ele>
  </trkpt>
  <trkpt lat="-7.75546001" lon="112.58682000">
   <ele>2844.56</ele>
  </trkpt>
  <trkpt lat="-7.75547996" lon="112.58682998">
   <ele>2845.17</ele>
  </trkpt>
  <trkpt lat="-7.75550997" lon="112.58681003">
   <ele>2847.22</ele>
  </trkpt>
  <trkpt lat="-7.75553000" lon="112.58682998">
   <ele>2847.51</ele>
  </trkpt>
  <trkpt lat="-7.75555003" lon="112.58684004">
   <ele>2848.12</ele>
  </trkpt>
  <trkpt lat="-7.75558004" lon="112.58684004">
   <ele>2850.7</ele>
  </trkpt>
  <trkpt lat="-7.75560996" lon="112.58682998">
   <ele>2853.83</ele>
  </trkpt>
  <trkpt lat="-7.75563997" lon="112.58682998">
   <ele>2856.65</ele>
  </trkpt>
  <trkpt lat="-7.75566998" lon="112.58682000">
   <ele>2859.69</ele>
  </trkpt>
  <trkpt lat="-7.75569001" lon="112.58682000">
   <ele>2861.55</ele>
  </trkpt>
  <trkpt lat="-7.75572002" lon="112.58681003">
   <ele>2864.52</ele>
  </trkpt>
  <trkpt lat="-7.75572999" lon="112.58682998">
   <ele>2865.11</ele>
  </trkpt>
  <trkpt lat="-7.75576000" lon="112.58682998">
   <ele>2867.93</ele>
  </trkpt>
  <trkpt lat="-7.75576998" lon="112.58685001">
   <ele>2868.61</ele>
  </trkpt>
  <trkpt lat="-7.75579998" lon="112.58685999">
   <ele>2871.38</ele>
  </trkpt>
  <trkpt lat="-7.75582002" lon="112.58688002">
   <ele>2873.15</ele>
  </trkpt>
  <trkpt lat="-7.75582999" lon="112.58691003">
   <ele>2873.91</ele>
  </trkpt>
  <trkpt lat="-7.75585002" lon="112.58691003">
   <ele>2875.48</ele>
  </trkpt>
  <trkpt lat="-7.75588003" lon="112.58692000">
   <ele>2877.64</ele>
  </trkpt>
  <trkpt lat="-7.75591004" lon="112.58691003">
   <ele>2879.91</ele>
  </trkpt>
  <trkpt lat="-7.75593996" lon="112.58691003">
   <ele>2882.12</ele>
  </trkpt>
  <trkpt lat="-7.75595999" lon="112.58688999">
   <ele>2883.61</ele>
  </trkpt>
  <trkpt lat="-7.75599000" lon="112.58688002">
   <ele>2885.78</ele>
  </trkpt>
  <trkpt lat="-7.75602001" lon="112.58688002">
   <ele>2887.95</ele>
  </trkpt>
  <trkpt lat="-7.75605001" lon="112.58686996">
   <ele>2890.08</ele>
  </trkpt>
  <trkpt lat="-7.75606996" lon="112.58685999">
   <ele>2891.46</ele>
  </trkpt>
  <trkpt lat="-7.75609997" lon="112.58688002">
   <ele>2893.73</ele>
  </trkpt>
  <trkpt lat="-7.75612000" lon="112.58688002">
   <ele>2894.96</ele>
  </trkpt>
  <trkpt lat="-7.75614004" lon="112.58689997">
   <ele>2896.05</ele>
  </trkpt>
  <trkpt lat="-7.75616996" lon="112.58688999">
   <ele>2897.41</ele>
  </trkpt>
  <trkpt lat="-7.75619997" lon="112.58689997">
   <ele>2898.89</ele>
  </trkpt>
  <trkpt lat="-7.75621003" lon="112.58692000">
   <ele>2899.48</ele>
  </trkpt>
  <trkpt lat="-7.75622997" lon="112.58694003">
   <ele>2900.54</ele>
  </trkpt>
  <trkpt lat="-7.75625001" lon="112.58695001">
   <ele>2901.38</ele>
  </trkpt>
  <trkpt lat="-7.75628001" lon="112.58697004">
   <ele>2902.45</ele>
  </trkpt>
  <trkpt lat="-7.75628001" lon="112.58699996">
   <ele>2901.92</ele>
  </trkpt>
  <trkpt lat="-7.75631002" lon="112.58699996">
   <ele>2903.54</ele>
  </trkpt>
  <trkpt lat="-7.75632997" lon="112.58702000">
   <ele>2904.4</ele>
  </trkpt>
  <trkpt lat="-7.75635000" lon="112.58702000">
   <ele>2905.53</ele>
  </trkpt>
  <trkpt lat="-7.75638001" lon="112.58702997">
   <ele>2907.18</ele>
  </trkpt>
  <trkpt lat="-7.75638001" lon="112.58705998">
   <ele>2907.03</ele>
  </trkpt>
  <trkpt lat="-7.75641002" lon="112.58707004">
   <ele>2908.7</ele>
  </trkpt>
  <trkpt lat="-7.75642997" lon="112.58708999">
   <ele>2909.68</ele>
  </trkpt>
  <trkpt lat="-7.75645000" lon="112.58711002">
   <ele>2910.62</ele>
  </trkpt>
  <trkpt lat="-7.75647003" lon="112.58712997">
   <ele>2911.52</ele>
  </trkpt>
  <trkpt lat="-7.75648001" lon="112.58715000">
   <ele>2911.87</ele>
  </trkpt>
  <trkpt lat="-7.75650004" lon="112.58717003">
   <ele>2912.69</ele>
  </trkpt>
  <trkpt lat="-7.75652996" lon="112.58715997">
   <ele>2914.28</ele>
  </trkpt>
  <trkpt lat="-7.75655997" lon="112.58715997">
   <ele>2915.78</ele>
  </trkpt>
  <trkpt lat="-7.75658000" lon="112.58718001">
   <ele>2916.51</ele>
  </trkpt>
  <trkpt lat="-7.75661001" lon="112.58718998">
   <ele>2917.83</ele>
  </trkpt>
  <trkpt lat="-7.75662996" lon="112.58720004">
   <ele>2918.64</ele>
  </trkpt>
  <trkpt lat="-7.75665997" lon="112.58718998">
   <ele>2920.26</ele>
  </trkpt>
  <trkpt lat="-7.75668000" lon="112.58718001">
   <ele>2921.27</ele>
  </trkpt>
  <trkpt lat="-7.75671001" lon="112.58717003">
   <ele>2922.57</ele>
  </trkpt>
  <trkpt lat="-7.75674001" lon="112.58717003">
   <ele>2923.7</ele>
  </trkpt>
  <trkpt lat="-7.75677002" lon="112.58715997">
   <ele>2924.96</ele>
  </trkpt>
  <trkpt lat="-7.75680003" lon="112.58715000">
   <ele>2926.21</ele>
  </trkpt>
  <trkpt lat="-7.75681998" lon="112.58715997">
   <ele>2926.82</ele>
  </trkpt>
  <trkpt lat="-7.75684998" lon="112.58718001">
   <ele>2927.72</ele>
  </trkpt>
  <trkpt lat="-7.75687999" lon="112.58718001">
   <ele>2928.86</ele>
  </trkpt>
  <trkpt lat="-7.75690002" lon="112.58718001">
   <ele>2929.62</ele>
  </trkpt>
  <trkpt lat="-7.75693003" lon="112.58718001">
   <ele>2930.76</ele>
  </trkpt>
  <trkpt lat="-7.75696004" lon="112.58717003">
   <ele>2931.34</ele>
  </trkpt>
  <trkpt lat="-7.75697999" lon="112.58715000">
   <ele>2931.46</ele>
  </trkpt>
  <trkpt lat="-7.75697999" lon="112.58711999">
   <ele>2931.7</ele>
  </trkpt>
  <trkpt lat="-7.75700999" lon="112.58711999">
   <ele>2931.67</ele>
  </trkpt>
  <trkpt lat="-7.75704000" lon="112.58711002">
   <ele>2931.74</ele>
  </trkpt>
  <trkpt lat="-7.75706003" lon="112.58711002">
   <ele>2931.73</ele>
  </trkpt>
  <trkpt lat="-7.75709004" lon="112.58712997">
   <ele>2931.49</ele>
  </trkpt>
  <trkpt lat="-7.75710999" lon="112.58714003">
   <ele>2931.35</ele>
  </trkpt>
  <trkpt lat="-7.75711996" lon="112.58717003">
   <ele>2930.98</ele>
  </trkpt>
  <trkpt lat="-7.75714000" lon="112.58718998">
   <ele>2930.69</ele>
  </trkpt>
  <trkpt lat="-7.75716003" lon="112.58721001">
   <ele>2930.38</ele>
  </trkpt>
  <trkpt lat="-7.75717000" lon="112.58724002">
   <ele>2929.74</ele>
  </trkpt>
  <trkpt lat="-7.75720001" lon="112.58725000">
   <ele>2929.49</ele>
  </trkpt>
  <trkpt lat="-7.75723002" lon="112.58725000">
   <ele>2929.85</ele>
  </trkpt>
  <trkpt lat="-7.75724997" lon="112.58724002">
   <ele>2930.91</ele>
  </trkpt>
  <trkpt lat="-7.75724997" lon="112.58721001">
   <ele>2931.37</ele>
  </trkpt>
  <trkpt lat="-7.75727000" lon="112.58722996">
   <ele>2931.95</ele>
  </trkpt>
  <trkpt lat="-7.75730001" lon="112.58724002">
   <ele>2933.13</ele>
  </trkpt>
  <trkpt lat="-7.75733002" lon="112.58724002">
   <ele>2934.46</ele>
  </trkpt>
  <trkpt lat="-7.75736002" lon="112.58725000">
   <ele>2935.7</ele>
  </trkpt>
  <trkpt lat="-7.75737997" lon="112.58728000">
   <ele>2936.37</ele>
  </trkpt>
  <trkpt lat="-7.75740998" lon="112.58728000">
   <ele>2937.78</ele>
  </trkpt>
  <trkpt lat="-7.75743999" lon="112.58728000">
   <ele>2939.18</ele>
  </trkpt>
  <trkpt lat="-7.75746999" lon="112.58725997">
   <ele>2940.63</ele>
  </trkpt>
  <trkpt lat="-7.75749003" lon="112.58724002">
   <ele>2941.56</ele>
  </trkpt>
  <trkpt lat="-7.75752003" lon="112.58721999">
   <ele>2943.32</ele>
  </trkpt>
  <trkpt lat="-7.75753998" lon="112.58721001">
   <ele>2944.72</ele>
  </trkpt>
  <trkpt lat="-7.75756999" lon="112.58720004">
   <ele>2946.76</ele>
  </trkpt>
  <trkpt lat="-7.75756001" lon="112.58722996">
   <ele>2945.89</ele>
  </trkpt>
  <trkpt lat="-7.75759002" lon="112.58724002">
   <ele>2947.83</ele>
  </trkpt>
  <trkpt lat="-7.75760997" lon="112.58725997">
   <ele>2949.13</ele>
  </trkpt>
  <trkpt lat="-7.75763998" lon="112.58725997">
   <ele>2951.07</ele>
  </trkpt>
  <trkpt lat="-7.75766999" lon="112.58725000">
   <ele>2953.02</ele>
  </trkpt>
  <trkpt lat="-7.75769002" lon="112.58725997">
   <ele>2954.31</ele>
  </trkpt>
  <trkpt lat="-7.75770997" lon="112.58728000">
   <ele>2955.61</ele>
  </trkpt>
  <trkpt lat="-7.75773997" lon="112.58727003">
   <ele>2957.55</ele>
  </trkpt>
  <trkpt lat="-7.75776998" lon="112.58727003">
   <ele>2959.5</ele>
  </trkpt>
  <trkpt lat="-7.75779999" lon="112.58725997">
   <ele>2962.19</ele>
  </trkpt>
  <trkpt lat="-7.75782002" lon="112.58725000">
   <ele>2964.27</ele>
  </trkpt>
  <trkpt lat="-7.75785003" lon="112.58725000">
   <ele>2967.31</ele>
  </trkpt>
  <trkpt lat="-7.75788004" lon="112.58725997">
   <ele>2970.09</ele>
  </trkpt>
  <trkpt lat="-7.75789998" lon="112.58725000">
   <ele>2972.36</ele>
  </trkpt>
  <trkpt lat="-7.75792999" lon="112.58725000">
   <ele>2975.4</ele>
  </trkpt>
  <trkpt lat="-7.75796000" lon="112.58722996">
   <ele>2979.33</ele>
  </trkpt>
  <trkpt lat="-7.75798003" lon="112.58721001">
   <ele>2981.74</ele>
  </trkpt>
  <trkpt lat="-7.75799998" lon="112.58721001">
   <ele>2983.88</ele>
  </trkpt>
  <trkpt lat="-7.75802999" lon="112.58721999">
   <ele>2987.21</ele>
  </trkpt>
  <trkpt lat="-7.75803996" lon="112.58718998">
   <ele>2987.89</ele>
  </trkpt>
  <trkpt lat="-7.75806000" lon="112.58718001">
   <ele>2989.67</ele>
  </trkpt>
  <trkpt lat="-7.75808003" lon="112.58715000">
   <ele>2990.57</ele>
  </trkpt>
  <trkpt lat="-7.75811004" lon="112.58715997">
   <ele>2992.64</ele>
  </trkpt>
  <trkpt lat="-7.75812998" lon="112.58715000">
   <ele>2993.88</ele>
  </trkpt>
  <trkpt lat="-7.75813996" lon="112.58718001">
   <ele>2994.67</ele>
  </trkpt>
  <trkpt lat="-7.75816997" lon="112.58720004">
   <ele>2996.57</ele>
  </trkpt>
  <trkpt lat="-7.75819000" lon="112.58721001">
   <ele>2997.76</ele>
  </trkpt>
  <trkpt lat="-7.75821003" lon="112.58724002">
   <ele>2997.72</ele>
  </trkpt>
  <trkpt lat="-7.75822998" lon="112.58725000">
   <ele>2998.21</ele>
  </trkpt>
  <trkpt lat="-7.75825999" lon="112.58724002">
   <ele>3000.61</ele>
  </trkpt>
  <trkpt lat="-7.75825999" lon="112.58727003">
   <ele>2998.63</ele>
  </trkpt>
  <trkpt lat="-7.75825999" lon="112.58731001">
   <ele>2996</ele>
  </trkpt>
  <trkpt lat="-7.75826996" lon="112.58732996">
   <ele>2995.28</ele>
  </trkpt>
  <trkpt lat="-7.75829997" lon="112.58732996">
   <ele>2997.05</ele>
  </trkpt>
  <trkpt lat="-7.75832000" lon="112.58734999">
   <ele>2996.93</ele>
  </trkpt>
  <trkpt lat="-7.75834003" lon="112.58737002">
   <ele>2996.63</ele>
  </trkpt>
  <trkpt lat="-7.75835001" lon="112.58740003">
   <ele>2995.08</ele>
  </trkpt>
  <trkpt lat="-7.75837004" lon="112.58743004">
   <ele>2994.05</ele>
  </trkpt>
  <trkpt lat="-7.75839997" lon="112.58743004">
   <ele>2995.29</ele>
  </trkpt>
  <trkpt lat="-7.75842000" lon="112.58744999">
   <ele>2995.13</ele>
  </trkpt>
  <trkpt lat="-7.75845001" lon="112.58747002">
   <ele>2995.61</ele>
  </trkpt>
  <trkpt lat="-7.75847004" lon="112.58748000">
   <ele>2996.18</ele>
  </trkpt>
  <trkpt lat="-7.75849996" lon="112.58748997">
   <ele>2997.35</ele>
  </trkpt>
  <trkpt lat="-7.75851999" lon="112.58748997">
   <ele>2998.39</ele>
  </trkpt>
  <trkpt lat="-7.75855000" lon="112.58750003">
   <ele>2999.7</ele>
  </trkpt>
  <trkpt lat="-7.75858001" lon="112.58751000">
   <ele>3000.62</ele>
  </trkpt>
  <trkpt lat="-7.75861002" lon="112.58751000">
   <ele>3002.26</ele>
  </trkpt>
  <trkpt lat="-7.75864002" lon="112.58751000">
   <ele>3004.4</ele>
  </trkpt>
  <trkpt lat="-7.75865997" lon="112.58751998">
   <ele>3005.16</ele>
  </trkpt>
  <trkpt lat="-7.75868998" lon="112.58753004">
   <ele>3006.66</ele>
  </trkpt>
  <trkpt lat="-7.75871001" lon="112.58754998">
   <ele>3006.76</ele>
  </trkpt>
  <trkpt lat="-7.75871001" lon="112.58757002">
   <ele>3005.42</ele>
  </trkpt>
  <trkpt lat="-7.75874002" lon="112.58757999">
   <ele>3006.94</ele>
  </trkpt>
  <trkpt lat="-7.75877003" lon="112.58757002">
   <ele>3009.8</ele>
  </trkpt>
  <trkpt lat="-7.75878998" lon="112.58758997">
   <ele>3009.93</ele>
  </trkpt>
  <trkpt lat="-7.75881998" lon="112.58757999">
   <ele>3012.78</ele>
  </trkpt>
  <trkpt lat="-7.75884002" lon="112.58755996">
   <ele>3015.55</ele>
  </trkpt>
  <trkpt lat="-7.75887002" lon="112.58754998">
   <ele>3018.39</ele>
  </trkpt>
  <trkpt lat="-7.75890003" lon="112.58757002">
   <ele>3019.45</ele>
  </trkpt>
  <trkpt lat="-7.75893004" lon="112.58757002">
   <ele>3022.09</ele>
  </trkpt>
  <trkpt lat="-7.75894001" lon="112.58754001">
   <ele>3024.64</ele>
  </trkpt>
  <trkpt lat="-7.75893004" lon="112.58751000">
   <ele>3025.53</ele>
  </trkpt>
  <trkpt lat="-7.75893004" lon="112.58748000">
   <ele>3026.54</ele>
  </trkpt>
  <trkpt lat="-7.75893004" lon="112.58744999">
   <ele>3027.19</ele>
  </trkpt>
  <trkpt lat="-7.75895996" lon="112.58745996">
   <ele>3029.24</ele>
  </trkpt>
  <trkpt lat="-7.75897002" lon="112.58744001">
   <ele>3030.43</ele>
  </trkpt>
  <trkpt lat="-7.75897999" lon="112.58741001">
   <ele>3031.83</ele>
  </trkpt>
  <trkpt lat="-7.75901997" lon="112.58741998">
   <ele>3034.64</ele>
  </trkpt>
  <trkpt lat="-7.75904001" lon="112.58741001">
   <ele>3036.37</ele>
  </trkpt>
  <trkpt lat="-7.75906004" lon="112.58738000">
   <ele>3038.53</ele>
  </trkpt>
  <trkpt lat="-7.75906004" lon="112.58734999">
   <ele>3039.18</ele>
  </trkpt>
  <trkpt lat="-7.75907999" lon="112.58732996">
   <ele>3041.12</ele>
  </trkpt>
  <trkpt lat="-7.75910002" lon="112.58731999">
   <ele>3042.85</ele>
  </trkpt>
  <trkpt lat="-7.75911000" lon="112.58734999">
   <ele>3042.96</ele>
  </trkpt>
  <trkpt lat="-7.75911997" lon="112.58738000">
   <ele>3043.06</ele>
  </trkpt>
  <trkpt lat="-7.75914998" lon="112.58737002">
   <ele>3045.55</ele>
  </trkpt>
  <trkpt lat="-7.75917999" lon="112.58737002">
   <ele>3047.88</ele>
  </trkpt>
  <trkpt lat="-7.75918996" lon="112.58740003">
   <ele>3048.24</ele>
  </trkpt>
  <trkpt lat="-7.75920999" lon="112.58740003">
   <ele>3050.02</ele>
  </trkpt>
  <trkpt lat="-7.75924000" lon="112.58740003">
   <ele>3052.69</ele>
  </trkpt>
  <trkpt lat="-7.75927001" lon="112.58741001">
   <ele>3055.45</ele>
  </trkpt>
  <trkpt lat="-7.75929004" lon="112.58741998">
   <ele>3057.44</ele>
  </trkpt>
  <trkpt lat="-7.75930999" lon="112.58744999">
   <ele>3059.97</ele>
  </trkpt>
  <trkpt lat="-7.75933002" lon="112.58745996">
   <ele>3062.32</ele>
  </trkpt>
  <trkpt lat="-7.75934000" lon="112.58748997">
   <ele>3064.29</ele>
  </trkpt>
  <trkpt lat="-7.75934997" lon="112.58751998">
   <ele>3065.44</ele>
  </trkpt>
  <trkpt lat="-7.75936003" lon="112.58754001">
   <ele>3066.29</ele>
  </trkpt>
  <trkpt lat="-7.75939004" lon="112.58755996">
   <ele>3069.49</ele>
  </trkpt>
  <trkpt lat="-7.75941996" lon="112.58754998">
   <ele>3073.21</ele>
  </trkpt>
  <trkpt lat="-7.75943002" lon="112.58757999">
   <ele>3073.86</ele>
  </trkpt>
  <trkpt lat="-7.75943999" lon="112.58760002">
   <ele>3074.68</ele>
  </trkpt>
  <trkpt lat="-7.75946002" lon="112.58758997">
   <ele>3075.81</ele>
  </trkpt>
  <trkpt lat="-7.75949003" lon="112.58758997">
   <ele>3076.63</ele>
  </trkpt>
  <trkpt lat="-7.75952004" lon="112.58761000">
   <ele>3077.14</ele>
  </trkpt>
  <trkpt lat="-7.75953999" lon="112.58763003">
   <ele>3077.39</ele>
  </trkpt>
  <trkpt lat="-7.75957000" lon="112.58764001">
   <ele>3078.1</ele>
  </trkpt>
  <trkpt lat="-7.75960000" lon="112.58764998">
   <ele>3078.82</ele>
  </trkpt>
  <trkpt lat="-7.75963001" lon="112.58764998">
   <ele>3079.7</ele>
  </trkpt>
  <trkpt lat="-7.75963001" lon="112.58767999">
   <ele>3079.3</ele>
  </trkpt>
  <trkpt lat="-7.75964996" lon="112.58770002">
   <ele>3079.65</ele>
  </trkpt>
  <trkpt lat="-7.75967997" lon="112.58770999">
   <ele>3080.44</ele>
  </trkpt>
  <trkpt lat="-7.75970997" lon="112.58771997">
   <ele>3081.25</ele>
  </trkpt>
  <trkpt lat="-7.75973001" lon="112.58770002">
   <ele>3082.6</ele>
  </trkpt>
  <trkpt lat="-7.75976001" lon="112.58768996">
   <ele>3085.66</ele>
  </trkpt>
  <trkpt lat="-7.75979002" lon="112.58767001">
   <ele>3088.85</ele>
  </trkpt>
  <trkpt lat="-7.75982003" lon="112.58766004">
   <ele>3091.93</ele>
  </trkpt>
  <trkpt lat="-7.75985003" lon="112.58766004">
   <ele>3094.89</ele>
  </trkpt>
  <trkpt lat="-7.75986001" lon="112.58764001">
   <ele>3096.13</ele>
  </trkpt>
  <trkpt lat="-7.75989002" lon="112.58761997">
   <ele>3099.36</ele>
  </trkpt>
  <trkpt lat="-7.75990997" lon="112.58761000">
   <ele>3101.47</ele>
  </trkpt>
  <trkpt lat="-7.75993997" lon="112.58761000">
   <ele>3104.45</ele>
  </trkpt>
  <trkpt lat="-7.75996998" lon="112.58761000">
   <ele>3107.43</ele>
  </trkpt>
  <trkpt lat="-7.75999999" lon="112.58760002">
   <ele>3110.56</ele>
  </trkpt>
  <trkpt lat="-7.76002999" lon="112.58760002">
   <ele>3111.4</ele>
  </trkpt>
  <trkpt lat="-7.76006000" lon="112.58757999">
   <ele>3112.46</ele>
  </trkpt>
  <trkpt lat="-7.76009001" lon="112.58757999">
   <ele>3113.26</ele>
  </trkpt>
  <trkpt lat="-7.76009998" lon="112.58754998">
   <ele>3113.76</ele>
  </trkpt>
  <trkpt lat="-7.76012002" lon="112.58753004">
   <ele>3114.39</ele>
  </trkpt>
  <trkpt lat="-7.76013996" lon="112.58751000">
   <ele>3114.97</ele>
  </trkpt>
  <trkpt lat="-7.76013996" lon="112.58748000">
   <ele>3115.1</ele>
  </trkpt>
  <trkpt lat="-7.76013996" lon="112.58744999">
   <ele>3115.21</ele>
  </trkpt>
  <trkpt lat="-7.76013996" lon="112.58741001">
   <ele>3115.37</ele>
  </trkpt>
  <trkpt lat="-7.76015002" lon="112.58738997">
   <ele>3115.86</ele>
  </trkpt>
  <trkpt lat="-7.76016997" lon="112.58737002">
   <ele>3116.87</ele>
  </trkpt>
  <trkpt lat="-7.76018003" lon="112.58732996">
   <ele>3117.77</ele>
  </trkpt>
  <trkpt lat="-7.76019000" lon="112.58731001">
   <ele>3118.55</ele>
  </trkpt>
  <trkpt lat="-7.76022001" lon="112.58731999">
   <ele>3120.05</ele>
  </trkpt>
  <trkpt lat="-7.76023996" lon="112.58732996">
   <ele>3120.91</ele>
  </trkpt>
  <trkpt lat="-7.76026997" lon="112.58734002">
   <ele>3122.21</ele>
  </trkpt>
  <trkpt lat="-7.76029998" lon="112.58734002">
   <ele>3123.08</ele>
  </trkpt>
  <trkpt lat="-7.76032001" lon="112.58731999">
   <ele>3124.13</ele>
  </trkpt>
  <trkpt lat="-7.76032998" lon="112.58728998">
   <ele>3125.32</ele>
  </trkpt>
  <trkpt lat="-7.76034004" lon="112.58725997">
   <ele>3126.55</ele>
  </trkpt>
  <trkpt lat="-7.76034004" lon="112.58722996">
   <ele>3127.54</ele>
  </trkpt>
  <trkpt lat="-7.76034004" lon="112.58720004">
   <ele>3127.98</ele>
  </trkpt>
  <trkpt lat="-7.76034004" lon="112.58717003">
   <ele>3128.23</ele>
  </trkpt>
  <trkpt lat="-7.76034004" lon="112.58712997">
   <ele>3128.57</ele>
  </trkpt>
  <trkpt lat="-7.76035002" lon="112.58711002">
   <ele>3129.11</ele>
  </trkpt>
  <trkpt lat="-7.76035999" lon="112.58708001">
   <ele>3129.79</ele>
  </trkpt>
  <trkpt lat="-7.76039000" lon="112.58707004">
   <ele>3131.11</ele>
  </trkpt>
  <trkpt lat="-7.76039000" lon="112.58704003">
   <ele>3131.48</ele>
  </trkpt>
  <trkpt lat="-7.76039997" lon="112.58701002">
   <ele>3132.3</ele>
  </trkpt>
  <trkpt lat="-7.76041003" lon="112.58698002">
   <ele>3133.17</ele>
  </trkpt>
  <trkpt lat="-7.76042000" lon="112.58695998">
   <ele>3133.94</ele>
  </trkpt>
  <trkpt lat="-7.76042998" lon="112.58698999">
   <ele>3133.97</ele>
  </trkpt>
  <trkpt lat="-7.76042998" lon="112.58702000">
   <ele>3133.51</ele>
  </trkpt>
  <trkpt lat="-7.76045001" lon="112.58704003">
   <ele>3134.06</ele>
  </trkpt>
  <trkpt lat="-7.76048002" lon="112.58704003">
   <ele>3135.35</ele>
  </trkpt>
  <trkpt lat="-7.76049997" lon="112.58702997">
   <ele>3136.41</ele>
  </trkpt>
  <trkpt lat="-7.76052000" lon="112.58701002">
   <ele>3137.74</ele>
  </trkpt>
  <trkpt lat="-7.76055001" lon="112.58698999">
   <ele>3139.59</ele>
  </trkpt>
  <trkpt lat="-7.76057004" lon="112.58698999">
   <ele>3140.32</ele>
  </trkpt>
  <trkpt lat="-7.76058999" lon="112.58701002">
   <ele>3140.52</ele>
  </trkpt>
  <trkpt lat="-7.76061002" lon="112.58702997">
   <ele>3140.77</ele>
  </trkpt>
  <trkpt lat="-7.76064003" lon="112.58702997">
   <ele>3141.84</ele>
  </trkpt>
  <trkpt lat="-7.76067004" lon="112.58704003">
   <ele>3142.74</ele>
  </trkpt>
  <trkpt lat="-7.76068999" lon="112.58705000">
   <ele>3143.32</ele>
  </trkpt>
  <trkpt lat="-7.76071999" lon="112.58705000">
   <ele>3144.43</ele>
  </trkpt>
  <trkpt lat="-7.76074002" lon="112.58705998">
   <ele>3145.06</ele>
  </trkpt>
  <trkpt lat="-7.76077003" lon="112.58708001">
   <ele>3146.02</ele>
  </trkpt>
  <trkpt lat="-7.76080004" lon="112.58708001">
   <ele>3147.2</ele>
  </trkpt>
  <trkpt lat="-7.76082996" lon="112.58708001">
   <ele>3148.38</ele>
  </trkpt>
  <trkpt lat="-7.76085997" lon="112.58708001">
   <ele>3149.47</ele>
  </trkpt>
  <trkpt lat="-7.76088000" lon="112.58708001">
   <ele>3150.18</ele>
  </trkpt>
  <trkpt lat="-7.76091001" lon="112.58708001">
   <ele>3151.26</ele>
  </trkpt>
  <trkpt lat="-7.76091001" lon="112.58711002">
   <ele>3151.27</ele>
  </trkpt>
  <trkpt lat="-7.76092996" lon="112.58712997">
   <ele>3152.05</ele>
  </trkpt>
  <trkpt lat="-7.76095997" lon="112.58714003">
   <ele>3153.23</ele>
  </trkpt>
  <trkpt lat="-7.76098997" lon="112.58714003">
   <ele>3154.4</ele>
  </trkpt>
  <trkpt lat="-7.76101001" lon="112.58715997">
   <ele>3155.29</ele>
  </trkpt>
  <trkpt lat="-7.76104001" lon="112.58717003">
   <ele>3156.56</ele>
  </trkpt>
  <trkpt lat="-7.76107002" lon="112.58718001">
   <ele>3157.86</ele>
  </trkpt>
  <trkpt lat="-7.76108997" lon="112.58720004">
   <ele>3158.87</ele>
  </trkpt>
  <trkpt lat="-7.76111998" lon="112.58720004">
   <ele>3160.02</ele>
  </trkpt>
  <trkpt lat="-7.76114998" lon="112.58721999">
   <ele>3161.1</ele>
  </trkpt>
  <trkpt lat="-7.76117999" lon="112.58722996">
   <ele>3161.89</ele>
  </trkpt>
  <trkpt lat="-7.76121000" lon="112.58724002">
   <ele>3162.58</ele>
  </trkpt>
  <trkpt lat="-7.76124001" lon="112.58724002">
   <ele>3163.41</ele>
  </trkpt>
  <trkpt lat="-7.76127001" lon="112.58724002">
   <ele>3164.23</ele>
  </trkpt>
  <trkpt lat="-7.76130002" lon="112.58722996">
   <ele>3165.27</ele>
  </trkpt>
  <trkpt lat="-7.76131997" lon="112.58722996">
   <ele>3165.83</ele>
  </trkpt>
  <trkpt lat="-7.76134998" lon="112.58725000">
   <ele>3166.16</ele>
  </trkpt>
  <trkpt lat="-7.76137001" lon="112.58727003">
   <ele>3166.15</ele>
  </trkpt>
  <trkpt lat="-7.76140002" lon="112.58728000">
   <ele>3166.68</ele>
  </trkpt>
  <trkpt lat="-7.76141996" lon="112.58728998">
   <ele>3167.05</ele>
  </trkpt>
  <trkpt lat="-7.76144997" lon="112.58728998">
   <ele>3168.02</ele>
  </trkpt>
  <trkpt lat="-7.76147998" lon="112.58728998">
   <ele>3168.98</ele>
  </trkpt>
  <trkpt lat="-7.76150999" lon="112.58730004">
   <ele>3169.79</ele>
  </trkpt>
  <trkpt lat="-7.76153999" lon="112.58728998">
   <ele>3170.92</ele>
  </trkpt>
  <trkpt lat="-7.76157000" lon="112.58728000">
   <ele>3171.98</ele>
  </trkpt>
  <trkpt lat="-7.76156003" lon="112.58725000">
   <ele>3172</ele>
  </trkpt>
  <trkpt lat="-7.76154997" lon="112.58722996">
   <ele>3171.97</ele>
  </trkpt>
  <trkpt lat="-7.76157000" lon="112.58725000">
   <ele>3172.29</ele>
  </trkpt>
  <trkpt lat="-7.76160001" lon="112.58725000">
   <ele>3173.13</ele>
  </trkpt>
  <trkpt lat="-7.76163002" lon="112.58725997">
   <ele>3173.93</ele>
  </trkpt>
  <trkpt lat="-7.76166002" lon="112.58725997">
   <ele>3174.81</ele>
  </trkpt>
  <trkpt lat="-7.76169003" lon="112.58727003">
   <ele>3177.01</ele>
  </trkpt>
  <trkpt lat="-7.76172004" lon="112.58727003">
   <ele>3179.6</ele>
  </trkpt>
  <trkpt lat="-7.76174996" lon="112.58727003">
   <ele>3182.19</ele>
  </trkpt>
  <trkpt lat="-7.76177997" lon="112.58727003">
   <ele>3184.78</ele>
  </trkpt>
  <trkpt lat="-7.76180000" lon="112.58725997">
   <ele>3186.61</ele>
  </trkpt>
  <trkpt lat="-7.76183001" lon="112.58724002">
   <ele>3189.47</ele>
  </trkpt>
  <trkpt lat="-7.76185004" lon="112.58721999">
   <ele>3191.46</ele>
  </trkpt>
  <trkpt lat="-7.76187996" lon="112.58721999">
   <ele>3194.16</ele>
  </trkpt>
  <trkpt lat="-7.76190997" lon="112.58721999">
   <ele>3196.85</ele>
  </trkpt>
  <trkpt lat="-7.76193998" lon="112.58721999">
   <ele>3199.55</ele>
  </trkpt>
  <trkpt lat="-7.76197996" lon="112.58721999">
   <ele>3201.73</ele>
  </trkpt>
  <trkpt lat="-7.76199999" lon="112.58721999">
   <ele>3202.74</ele>
  </trkpt>
  <trkpt lat="-7.76203000" lon="112.58721001">
   <ele>3203.93</ele>
  </trkpt>
  <trkpt lat="-7.76206001" lon="112.58721001">
   <ele>3205.4</ele>
  </trkpt>
  <trkpt lat="-7.76209001" lon="112.58721001">
   <ele>3206.86</ele>
  </trkpt>
  <trkpt lat="-7.76212002" lon="112.58721001">
   <ele>3208.33</ele>
  </trkpt>
  <trkpt lat="-7.76213997" lon="112.58718998">
   <ele>3208.43</ele>
  </trkpt>
  <trkpt lat="-7.76216998" lon="112.58718001">
   <ele>3209.35</ele>
  </trkpt>
  <trkpt lat="-7.76219001" lon="112.58715997">
   <ele>3209.25</ele>
  </trkpt>
  <trkpt lat="-7.76220996" lon="112.58715000">
   <ele>3209.59</ele>
  </trkpt>
  <trkpt lat="-7.76223997" lon="112.58715997">
   <ele>3211.33</ele>
  </trkpt>
  <trkpt lat="-7.76226997" lon="112.58715997">
   <ele>3212.5</ele>
  </trkpt>
  <trkpt lat="-7.76229998" lon="112.58715997">
   <ele>3213.66</ele>
  </trkpt>
  <trkpt lat="-7.76232999" lon="112.58714003">
   <ele>3213.97</ele>
  </trkpt>
  <trkpt lat="-7.76235002" lon="112.58711999">
   <ele>3213.97</ele>
  </trkpt>
  <trkpt lat="-7.76236997" lon="112.58711002">
   <ele>3214.45</ele>
  </trkpt>
  <trkpt lat="-7.76239998" lon="112.58711002">
   <ele>3215.77</ele>
  </trkpt>
  <trkpt lat="-7.76242998" lon="112.58711999">
   <ele>3217.41</ele>
  </trkpt>
  <trkpt lat="-7.76245002" lon="112.58714003">
   <ele>3218.88</ele>
  </trkpt>
  <trkpt lat="-7.76246997" lon="112.58711999">
   <ele>3219.13</ele>
  </trkpt>
  <trkpt lat="-7.76249000" lon="112.58714003">
   <ele>3220.52</ele>
  </trkpt>
  <trkpt lat="-7.76252001" lon="112.58714003">
   <ele>3221.17</ele>
  </trkpt>
  <trkpt lat="-7.76252998" lon="112.58717003">
   <ele>3222.03</ele>
  </trkpt>
  <trkpt lat="-7.76252001" lon="112.58720004">
   <ele>3222.66</ele>
  </trkpt>
  <trkpt lat="-7.76252998" lon="112.58722996">
   <ele>3223.33</ele>
  </trkpt>
  <trkpt lat="-7.76252998" lon="112.58725997">
   <ele>3223.35</ele>
  </trkpt>
  <trkpt lat="-7.76255001" lon="112.58728998">
   <ele>3223.63</ele>
  </trkpt>
  <trkpt lat="-7.76255999" lon="112.58731001">
   <ele>3223.78</ele>
  </trkpt>
  <trkpt lat="-7.76258999" lon="112.58732996">
   <ele>3224.22</ele>
  </trkpt>
  <trkpt lat="-7.76258999" lon="112.58735997">
   <ele>3224.29</ele>
  </trkpt>
  <trkpt lat="-7.76256996" lon="112.58737002">
   <ele>3224.02</ele>
  </trkpt>
  <trkpt lat="-7.76255001" lon="112.58738997">
   <ele>3223.76</ele>
  </trkpt>
  <trkpt lat="-7.76254004" lon="112.58741998">
   <ele>3223.64</ele>
  </trkpt>
  <trkpt lat="-7.76255001" lon="112.58744001">
   <ele>3223.82</ele>
  </trkpt>
  <trkpt lat="-7.76254004" lon="112.58747002">
   <ele>3223.69</ele>
  </trkpt>
  <trkpt lat="-7.76252998" lon="112.58750003">
   <ele>3223.54</ele>
  </trkpt>
  <trkpt lat="-7.76252001" lon="112.58753004">
   <ele>3223.61</ele>
  </trkpt>
  <trkpt lat="-7.76251003" lon="112.58755996">
   <ele>3223.65</ele>
  </trkpt>
  <trkpt lat="-7.76249000" lon="112.58757999">
   <ele>3223.37</ele>
  </trkpt>
  <trkpt lat="-7.76249000" lon="112.58761000">
   <ele>3223.56</ele>
  </trkpt>
  <trkpt lat="-7.76249997" lon="112.58764001">
   <ele>3224.01</ele>
  </trkpt>
  <trkpt lat="-7.76251003" lon="112.58767001">
   <ele>3224.51</ele>
  </trkpt>
  <trkpt lat="-7.76251003" lon="112.58770002">
   <ele>3224.75</ele>
  </trkpt>
  <trkpt lat="-7.76252998" lon="112.58771997">
   <ele>3225.55</ele>
  </trkpt>
  <trkpt lat="-7.76255001" lon="112.58774998">
   <ele>3226.51</ele>
  </trkpt>
  <trkpt lat="-7.76255001" lon="112.58777001">
   <ele>3226.72</ele>
  </trkpt>
  <trkpt lat="-7.76255001" lon="112.58780002">
   <ele>3226.68</ele>
  </trkpt>
  <trkpt lat="-7.76255999" lon="112.58780002">
   <ele>3227.06</ele>
  </trkpt>
  <trkpt lat="-7.76258999" lon="112.58780999">
   <ele>3228.19</ele>
  </trkpt>
  <trkpt lat="-7.76262000" lon="112.58781997">
   <ele>3229.39</ele>
  </trkpt>
  <trkpt lat="-7.76265001" lon="112.58783002">
   <ele>3230.65</ele>
  </trkpt>
  <trkpt lat="-7.76265998" lon="112.58784997">
   <ele>3231.18</ele>
  </trkpt>
  <trkpt lat="-7.76265001" lon="112.58787998">
   <ele>3230.89</ele>
  </trkpt>
  <trkpt lat="-7.76266996" lon="112.58790999">
   <ele>3232.02</ele>
  </trkpt>
  <trkpt lat="-7.76268002" lon="112.58793002">
   <ele>3232.68</ele>
  </trkpt>
  <trkpt lat="-7.76271002" lon="112.58793999">
   <ele>3234.34</ele>
  </trkpt>
  <trkpt lat="-7.76274003" lon="112.58796003">
   <ele>3236.21</ele>
  </trkpt>
  <trkpt lat="-7.76275001" lon="112.58797998">
   <ele>3237.06</ele>
  </trkpt>
  <trkpt lat="-7.76272997" lon="112.58800998">
   <ele>3236.31</ele>
  </trkpt>
  <trkpt lat="-7.76274003" lon="112.58803002">
   <ele>3237.19</ele>
  </trkpt>
  <trkpt lat="-7.76275998" lon="112.58804996">
   <ele>3238.76</ele>
  </trkpt>
  <trkpt lat="-7.76278999" lon="112.58804996">
   <ele>3239.99</ele>
  </trkpt>
  <trkpt lat="-7.76281999" lon="112.58804996">
   <ele>3240.21</ele>
  </trkpt>
  <trkpt lat="-7.76285000" lon="112.58806002">
   <ele>3240.41</ele>
  </trkpt>
  <trkpt lat="-7.76287003" lon="112.58809003">
   <ele>3239.88</ele>
  </trkpt>
  <trkpt lat="-7.76288998" lon="112.58810998">
   <ele>3239.72</ele>
  </trkpt>
  <trkpt lat="-7.76288998" lon="112.58813999">
   <ele>3239.12</ele>
  </trkpt>
  <trkpt lat="-7.76290004" lon="112.58816002">
   <ele>3238.94</ele>
  </trkpt>
  <trkpt lat="-7.76291002" lon="112.58819003">
   <ele>3238.65</ele>
  </trkpt>
  <trkpt lat="-7.76288998" lon="112.58822003">
   <ele>3237.52</ele>
  </trkpt>
  <trkpt lat="-7.76291002" lon="112.58823998">
   <ele>3237.79</ele>
  </trkpt>
  <trkpt lat="-7.76291999" lon="112.58826002">
   <ele>3237.81</ele>
  </trkpt>
  <trkpt lat="-7.76292996" lon="112.58829002">
   <ele>3237.74</ele>
  </trkpt>
  <trkpt lat="-7.76294002" lon="112.58832003">
   <ele>3237.76</ele>
  </trkpt>
  <trkpt lat="-7.76295000" lon="112.58835004">
   <ele>3237.34</ele>
  </trkpt>
  <trkpt lat="-7.76295997" lon="112.58837996">
   <ele>3236.6</ele>
  </trkpt>
  <trkpt lat="-7.76298998" lon="112.58839999">
   <ele>3237.59</ele>
  </trkpt>
  <trkpt lat="-7.76301001" lon="112.58842003">
   <ele>3238.18</ele>
  </trkpt>
  <trkpt lat="-7.76301001" lon="112.58845003">
   <ele>3237.25</ele>
  </trkpt>
  <trkpt lat="-7.76300004" lon="112.58848004">
   <ele>3235.54</ele>
  </trkpt>
  <trkpt lat="-7.76298998" lon="112.58850996">
   <ele>3233.71</ele>
  </trkpt>
  <trkpt lat="-7.76301001" lon="112.58853000">
   <ele>3234.76</ele>
  </trkpt>
  <trkpt lat="-7.76304002" lon="112.58853000">
   <ele>3237.39</ele>
  </trkpt>
  <trkpt lat="-7.76305997" lon="112.58855003">
   <ele>3238.68</ele>
  </trkpt>
  <trkpt lat="-7.76308000" lon="112.58856998">
   <ele>3239.95</ele>
  </trkpt>
  <trkpt lat="-7.76311001" lon="112.58859001">
   <ele>3242.3</ele>
  </trkpt>
  <trkpt lat="-7.76314002" lon="112.58859999">
   <ele>3244.94</ele>
  </trkpt>
  <trkpt lat="-7.76315996" lon="112.58859999">
   <ele>3246.76</ele>
  </trkpt>
  <trkpt lat="-7.76317002" lon="112.58858004">
   <ele>3247.6</ele>
  </trkpt>
  <trkpt lat="-7.76320003" lon="112.58859999">
   <ele>3250.41</ele>
  </trkpt>
  <trkpt lat="-7.76323004" lon="112.58860996">
   <ele>3253.31</ele>
  </trkpt>
  <trkpt lat="-7.76324999" lon="112.58860996">
   <ele>3255.18</ele>
  </trkpt>
  <trkpt lat="-7.76327999" lon="112.58862999">
   <ele>3258.04</ele>
  </trkpt>
  <trkpt lat="-7.76330003" lon="112.58863997">
   <ele>3259.99</ele>
  </trkpt>
  <trkpt lat="-7.76333003" lon="112.58865003">
   <ele>3262.95</ele>
  </trkpt>
  <trkpt lat="-7.76336004" lon="112.58865003">
   <ele>3264.51</ele>
  </trkpt>
  <trkpt lat="-7.76337999" lon="112.58866997">
   <ele>3265.65</ele>
  </trkpt>
  <trkpt lat="-7.76340002" lon="112.58869001">
   <ele>3266.86</ele>
  </trkpt>
  <trkpt lat="-7.76341000" lon="112.58872001">
   <ele>3267.75</ele>
  </trkpt>
  <trkpt lat="-7.76341000" lon="112.58875002">
   <ele>3268.14</ele>
  </trkpt>
  <trkpt lat="-7.76343003" lon="112.58876997">
   <ele>3269.51</ele>
  </trkpt>
  <trkpt lat="-7.76343003" lon="112.58879998">
   <ele>3269.96</ele>
  </trkpt>
  <trkpt lat="-7.76346004" lon="112.58881004">
   <ele>3271.86</ele>
  </trkpt>
  <trkpt lat="-7.76347001" lon="112.58883996">
   <ele>3272.98</ele>
  </trkpt>
  <trkpt lat="-7.76348996" lon="112.58885999">
   <ele>3274.59</ele>
  </trkpt>
  <trkpt lat="-7.76350002" lon="112.58889000">
   <ele>3275.81</ele>
  </trkpt>
 </trkseg>
</trk>
<trk>
 <name>Track 062</name>
 <trkseg>
  <trkpt lat="-7.76065579" lon="112.58704975">
   <ele>3169.12</ele>
  </trkpt>
  <trkpt lat="-7.76063953" lon="112.58706903">
   <ele>3169.12</ele>
  </trkpt>
  <trkpt lat="-7.76065486" lon="112.58706400">
   <ele>3170.08</ele>
  </trkpt>
  <trkpt lat="-7.76067825" lon="112.58708965">
   <ele>3172.01</ele>
  </trkpt>
  <trkpt lat="-7.76065218" lon="112.58712326">
   <ele>3172.97</ele>
  </trkpt>
  <trkpt lat="-7.76067733" lon="112.58714598">
   <ele>3174.41</ele>
  </trkpt>
  <trkpt lat="-7.76070893" lon="112.58714623">
   <ele>3176.33</ele>
  </trkpt>
  <trkpt lat="-7.76074363" lon="112.58715151">
   <ele>3179.22</ele>
  </trkpt>
  <trkpt lat="-7.76074698" lon="112.58719141">
   <ele>3180.66</ele>
  </trkpt>
  <trkpt lat="-7.76075813" lon="112.58719468">
   <ele>3180.66</ele>
  </trkpt>
  <trkpt lat="-7.76079451" lon="112.58720750">
   <ele>3182.1</ele>
  </trkpt>
  <trkpt lat="-7.76082569" lon="112.58721245">
   <ele>3184.02</ele>
  </trkpt>
  <trkpt lat="-7.76083566" lon="112.58721496">
   <ele>3184.98</ele>
  </trkpt>
  <trkpt lat="-7.76082602" lon="112.58724027">
   <ele>3186.91</ele>
  </trkpt>
  <trkpt lat="-7.76088503" lon="112.58724455">
   <ele>3188.83</ele>
  </trkpt>
  <trkpt lat="-7.76091898" lon="112.58727808">
   <ele>3191.71</ele>
  </trkpt>
  <trkpt lat="-7.76092895" lon="112.58729165">
   <ele>3192.2</ele>
  </trkpt>
  <trkpt lat="-7.76093088" lon="112.58728093">
   <ele>3192.2</ele>
  </trkpt>
  <trkpt lat="-7.76096156" lon="112.58728797">
   <ele>3194.6</ele>
  </trkpt>
  <trkpt lat="-7.76104010" lon="112.58729291">
   <ele>3197.48</ele>
  </trkpt>
  <trkpt lat="-7.76110481" lon="112.58731118">
   <ele>3199.4</ele>
  </trkpt>
  <trkpt lat="-7.76118594" lon="112.58731378">
   <ele>3200.85</ele>
  </trkpt>
  <trkpt lat="-7.76122944" lon="112.58732501">
   <ele>3201.81</ele>
  </trkpt>
  <trkpt lat="-7.76129801" lon="112.58733524">
   <ele>3203.25</ele>
  </trkpt>
  <trkpt lat="-7.76135735" lon="112.58733566">
   <ele>3204.21</ele>
  </trkpt>
  <trkpt lat="-7.76141728" lon="112.58733331">
   <ele>3205.17</ele>
  </trkpt>
  <trkpt lat="-7.76148886" lon="112.58732527">
   <ele>3206.61</ele>
  </trkpt>
  <trkpt lat="-7.76158358" lon="112.58732258">
   <ele>3207.1</ele>
  </trkpt>
  <trkpt lat="-7.76162784" lon="112.58732627">
   <ele>3208.54</ele>
  </trkpt>
  <trkpt lat="-7.76167234" lon="112.58734304">
   <ele>3210.94</ele>
  </trkpt>
  <trkpt lat="-7.76169967" lon="112.58733943">
   <ele>3211.9</ele>
  </trkpt>
  <trkpt lat="-7.76171635" lon="112.58736785">
   <ele>3213.34</ele>
  </trkpt>
  <trkpt lat="-7.76172901" lon="112.58736525">
   <ele>3214.31</ele>
  </trkpt>
  <trkpt lat="-7.76176865" lon="112.58737355">
   <ele>3215.75</ele>
  </trkpt>
  <trkpt lat="-7.76181467" lon="112.58738226">
   <ele>3216.71</ele>
  </trkpt>
  <trkpt lat="-7.76186010" lon="112.58738570">
   <ele>3218.63</ele>
  </trkpt>
  <trkpt lat="-7.76190293" lon="112.58740615">
   <ele>3220.07</ele>
  </trkpt>
  <trkpt lat="-7.76193352" lon="112.58741026">
   <ele>3221.03</ele>
  </trkpt>
  <trkpt lat="-7.76193059" lon="112.58740800">
   <ele>3221.52</ele>
  </trkpt>
  <trkpt lat="-7.76196160" lon="112.58742107">
   <ele>3222.48</ele>
  </trkpt>
  <trkpt lat="-7.76196764" lon="112.58744714">
   <ele>3223.44</ele>
  </trkpt>
  <trkpt lat="-7.76196160" lon="112.58745200">
   <ele>3225.84</ele>
  </trkpt>
  <trkpt lat="-7.76202254" lon="112.58744211">
   <ele>3225.84</ele>
  </trkpt>
  <trkpt lat="-7.76206009" lon="112.58745468">
   <ele>3228.24</ele>
  </trkpt>
  <trkpt lat="-7.76207753" lon="112.58745594">
   <ele>3228.73</ele>
  </trkpt>
  <trkpt lat="-7.76209412" lon="112.58747882">
   <ele>3229.69</ele>
  </trkpt>
  <trkpt lat="-7.76214492" lon="112.58747170">
   <ele>3231.61</ele>
  </trkpt>
  <trkpt lat="-7.76218582" lon="112.58747136">
   <ele>3233.05</ele>
  </trkpt>
  <trkpt lat="-7.76222086" lon="112.58745938">
   <ele>3234.01</ele>
  </trkpt>
  <trkpt lat="-7.76224055" lon="112.58747664">
   <ele>3234.97</ele>
  </trkpt>
  <trkpt lat="-7.76222563" lon="112.58750472">
   <ele>3236.42</ele>
  </trkpt>
  <trkpt lat="-7.76221591" lon="112.58752526">
   <ele>3236.9</ele>
  </trkpt>
  <trkpt lat="-7.76224424" lon="112.58751897">
   <ele>3238.34</ele>
  </trkpt>
  <trkpt lat="-7.76226151" lon="112.58752107">
   <ele>3241.22</ele>
  </trkpt>
  <trkpt lat="-7.76228037" lon="112.58755585">
   <ele>3241.7</ele>
  </trkpt>
  <trkpt lat="-7.76227861" lon="112.58754965">
   <ele>3243.14</ele>
  </trkpt>
  <trkpt lat="-7.76233401" lon="112.58750523">
   <ele>3244.59</ele>
  </trkpt>
  <trkpt lat="-7.76234147" lon="112.58749031">
   <ele>3244.59</ele>
  </trkpt>
  <trkpt lat="-7.76234197" lon="112.58752224">
   <ele>3245.55</ele>
  </trkpt>
  <trkpt lat="-7.76240878" lon="112.58751386">
   <ele>3247.47</ele>
  </trkpt>
  <trkpt lat="-7.76243334" lon="112.58753364">
   <ele>3249.87</ele>
  </trkpt>
  <trkpt lat="-7.76245756" lon="112.58754261">
   <ele>3249.87</ele>
  </trkpt>
  <trkpt lat="-7.76246754" lon="112.58755820">
   <ele>3249.87</ele>
  </trkpt>
  <trkpt lat="-7.76245991" lon="112.58754185">
   <ele>3250.35</ele>
  </trkpt>
  <trkpt lat="-7.76246569" lon="112.58755267">
   <ele>3250.35</ele>
  </trkpt>
  <trkpt lat="-7.76244457" lon="112.58757555">
   <ele>3250.83</ele>
  </trkpt>
  <trkpt lat="-7.76247290" lon="112.58760857">
   <ele>3253.24</ele>
  </trkpt>
  <trkpt lat="-7.76247634" lon="112.58764227">
   <ele>3254.2</ele>
  </trkpt>
  <trkpt lat="-7.76249260" lon="112.58767236">
   <ele>3256.6</ele>
  </trkpt>
  <trkpt lat="-7.76251967" lon="112.58768393">
   <ele>3257.56</ele>
  </trkpt>
 </trkseg>
</trk>
<trk>
 <name>Track 069</name>
 <trkseg>
  <trkpt lat="-7.74614587" lon="112.57914595">
   <ele>2916.78</ele>
  </trkpt>
  <trkpt lat="-7.74621394" lon="112.57918543">
   <ele>2917.26</ele>
  </trkpt>
  <trkpt lat="-7.74629088" lon="112.57924922">
   <ele>2917.26</ele>
  </trkpt>
  <trkpt lat="-7.74637143" lon="112.57938978">
   <ele>2917.74</ele>
  </trkpt>
  <trkpt lat="-7.74646330" lon="112.57942113">
   <ele>2918.7</ele>
  </trkpt>
  <trkpt lat="-7.74653924" lon="112.57944435">
   <ele>2916.3</ele>
  </trkpt>
  <trkpt lat="-7.74661945" lon="112.57952482">
   <ele>2916.3</ele>
  </trkpt>
  <trkpt lat="-7.74664979" lon="112.57960671">
   <ele>2916.3</ele>
  </trkpt>
  <trkpt lat="-7.74668684" lon="112.57972900">
   <ele>2915.82</ele>
  </trkpt>
  <trkpt lat="-7.74665046" lon="112.57981868">
   <ele>2914.37</ele>
  </trkpt>
  <trkpt lat="-7.74655751" lon="112.57987250">
   <ele>2914.85</ele>
  </trkpt>
  <trkpt lat="-7.74650973" lon="112.57996160">
   <ele>2912.45</ele>
  </trkpt>
  <trkpt lat="-7.74646631" lon="112.58006176">
   <ele>2909.09</ele>
  </trkpt>
 </trkseg>
</trk>
<trk>
 <name>Track 075</name>
 <trkseg>
  <trkpt lat="-7.74879958" lon="112.58052243">
   <ele>3071.07</ele>
  </trkpt>
  <trkpt lat="-7.74879565" lon="112.58054506">
   <ele>3071.55</ele>
  </trkpt>
  <trkpt lat="-7.74880822" lon="112.58055202">
   <ele>3072.99</ele>
  </trkpt>
  <trkpt lat="-7.74881233" lon="112.58056015">
   <ele>3073.47</ele>
  </trkpt>
  <trkpt lat="-7.74883823" lon="112.58056249">
   <ele>3074.91</ele>
  </trkpt>
  <trkpt lat="-7.74885859" lon="112.58061220">
   <ele>3076.36</ele>
  </trkpt>
  <trkpt lat="-7.74883990" lon="112.58069225">
   <ele>3079.24</ele>
  </trkpt>
  <trkpt lat="-7.74880989" lon="112.58078428">
   <ele>3079.72</ele>
  </trkpt>
  <trkpt lat="-7.74879942" lon="112.58087841">
   <ele>3079.72</ele>
  </trkpt>
  <trkpt lat="-7.74876606" lon="112.58096759">
   <ele>3080.68</ele>
  </trkpt>
  <trkpt lat="-7.74875935" lon="112.58102392">
   <ele>3082.12</ele>
  </trkpt>
  <trkpt lat="-7.74875533" lon="112.58103942">
   <ele>3082.6</ele>
  </trkpt>
  <trkpt lat="-7.74875826" lon="112.58108896">
   <ele>3084.05</ele>
  </trkpt>
  <trkpt lat="-7.74873571" lon="112.58116616">
   <ele>3085.49</ele>
  </trkpt>
  <trkpt lat="-7.74871828" lon="112.58121670">
   <ele>3086.93</ele>
  </trkpt>
  <trkpt lat="-7.74872658" lon="112.58122332">
   <ele>3087.41</ele>
  </trkpt>
  <trkpt lat="-7.74876740" lon="112.58131091">
   <ele>3087.41</ele>
  </trkpt>
  <trkpt lat="-7.74876312" lon="112.58142298">
   <ele>3088.37</ele>
  </trkpt>
  <trkpt lat="-7.74876975" lon="112.58150160">
   <ele>3089.81</ele>
  </trkpt>
  <trkpt lat="-7.74878701" lon="112.58150948">
   <ele>3090.29</ele>
  </trkpt>
  <trkpt lat="-7.74881425" lon="112.58154075">
   <ele>3091.26</ele>
  </trkpt>
  <trkpt lat="-7.74882280" lon="112.58165826">
   <ele>3092.22</ele>
  </trkpt>
  <trkpt lat="-7.74885030" lon="112.58169405">
   <ele>3093.18</ele>
  </trkpt>
  <trkpt lat="-7.74885817" lon="112.58170973">
   <ele>3093.66</ele>
  </trkpt>
  <trkpt lat="-7.74884418" lon="112.58175038">
   <ele>3093.18</ele>
  </trkpt>
  <trkpt lat="-7.74887385" lon="112.58182146">
   <ele>3094.62</ele>
  </trkpt>
  <trkpt lat="-7.74889707" lon="112.58189212">
   <ele>3097.99</ele>
  </trkpt>
  <trkpt lat="-7.74892783" lon="112.58196286">
   <ele>3098.47</ele>
  </trkpt>
  <trkpt lat="-7.74895867" lon="112.58200544">
   <ele>3099.43</ele>
  </trkpt>
  <trkpt lat="-7.74899866" lon="112.58205137">
   <ele>3101.35</ele>
  </trkpt>
  <trkpt lat="-7.74902665" lon="112.58212136">
   <ele>3103.27</ele>
  </trkpt>
  <trkpt lat="-7.74904585" lon="112.58220317">
   <ele>3104.71</ele>
  </trkpt>
  <trkpt lat="-7.74906646" lon="112.58223896">
   <ele>3106.16</ele>
  </trkpt>
  <trkpt lat="-7.74907610" lon="112.58223737">
   <ele>3107.12</ele>
  </trkpt>
  <trkpt lat="-7.74912078" lon="112.58225824">
   <ele>3108.56</ele>
  </trkpt>
  <trkpt lat="-7.74912036" lon="112.58225941">
   <ele>3108.08</ele>
  </trkpt>
  <trkpt lat="-7.74914282" lon="112.58227953">
   <ele>3108.56</ele>
  </trkpt>
  <trkpt lat="-7.74918130" lon="112.58226754">
   <ele>3110.96</ele>
  </trkpt>
  <trkpt lat="-7.74920653" lon="112.58223653">
   <ele>3112.41</ele>
  </trkpt>
  <trkpt lat="-7.74922572" lon="112.58214089">
   <ele>3114.81</ele>
  </trkpt>
  <trkpt lat="-7.74922547" lon="112.58212270">
   <ele>3115.29</ele>
  </trkpt>
  <trkpt lat="-7.74920954" lon="112.58208406">
   <ele>3114.81</ele>
  </trkpt>
  <trkpt lat="-7.74920326" lon="112.58189564">
   <ele>3114.33</ele>
  </trkpt>
  <trkpt lat="-7.74919555" lon="112.58184174">
   <ele>3115.29</ele>
  </trkpt>
  <trkpt lat="-7.74917803" lon="112.58173219">
   <ele>3114.81</ele>
  </trkpt>
  <trkpt lat="-7.74915883" lon="112.58160847">
   <ele>3114.33</ele>
  </trkpt>
  <trkpt lat="-7.74916864" lon="112.58149431">
   <ele>3113.37</ele>
  </trkpt>
  <trkpt lat="-7.74917786" lon="112.58147872">
   <ele>3112.89</ele>
  </trkpt>
  <trkpt lat="-7.74918398" lon="112.58147679">
   <ele>3112.41</ele>
  </trkpt>
  <trkpt lat="-7.74918054" lon="112.58148199">
   <ele>3112.89</ele>
  </trkpt>
  <trkpt lat="-7.74918951" lon="112.58142943">
   <ele>3112.89</ele>
  </trkpt>
  <trkpt lat="-7.74918515" lon="112.58146992">
   <ele>3113.85</ele>
  </trkpt>
  <trkpt lat="-7.74919052" lon="112.58142105">
   <ele>3113.85</ele>
  </trkpt>
  <trkpt lat="-7.74922983" lon="112.58137571">
   <ele>3112.89</ele>
  </trkpt>
  <trkpt lat="-7.74924207" lon="112.58130714">
   <ele>3110.96</ele>
  </trkpt>
  <trkpt lat="-7.74930233" lon="112.58120622">
   <ele>3109.52</ele>
  </trkpt>
  <trkpt lat="-7.74930669" lon="112.58116733">
   <ele>3108.56</ele>
  </trkpt>
  <trkpt lat="-7.74938741" lon="112.58111067">
   <ele>3107.6</ele>
  </trkpt>
  <trkpt lat="-7.74941842" lon="112.58105921">
   <ele>3106.16</ele>
  </trkpt>
  <trkpt lat="-7.74949973" lon="112.58103557">
   <ele>3104.71</ele>
  </trkpt>
  <trkpt lat="-7.74954985" lon="112.58101646">
   <ele>3105.68</ele>
  </trkpt>
 </trkseg>
</trk>
<trk>
 <name>Track 079</name>
 <trkseg>
  <trkpt lat="-7.74174915" lon="112.57858001">
   <ele>3011.95</ele>
  </trkpt>
  <trkpt lat="-7.74167597" lon="112.57856886">
   <ele>3008.58</ele>
  </trkpt>
  <trkpt lat="-7.74162107" lon="112.57858738">
   <ele>3005.22</ele>
  </trkpt>
  <trkpt lat="-7.74154723" lon="112.57853692">
   <ele>3002.82</ele>
  </trkpt>
  <trkpt lat="-7.74149677" lon="112.57856073">
   <ele>2999.93</ele>
  </trkpt>
  <trkpt lat="-7.74143340" lon="112.57852234">
   <ele>2996.57</ele>
  </trkpt>
  <trkpt lat="-7.74134531" lon="112.57851823">
   <ele>2993.68</ele>
  </trkpt>
  <trkpt lat="-7.74126048" lon="112.57851563">
   <ele>2990.8</ele>
  </trkpt>
  <trkpt lat="-7.74118630" lon="112.57849401">
   <ele>2987.43</ele>
  </trkpt>
  <trkpt lat="-7.74110433" lon="112.57852913">
   <ele>2984.07</ele>
  </trkpt>
  <trkpt lat="-7.74108404" lon="112.57853449">
   <ele>2984.07</ele>
  </trkpt>
  <trkpt lat="-7.74102269" lon="112.57857372">
   <ele>2981.19</ele>
  </trkpt>
  <trkpt lat="-7.74098757" lon="112.57861161">
   <ele>2979.26</ele>
  </trkpt>
  <trkpt lat="-7.74091565" lon="112.57861278">
   <ele>2976.38</ele>
  </trkpt>
  <trkpt lat="-7.74086502" lon="112.57868662">
   <ele>2972.53</ele>
  </trkpt>
  <trkpt lat="-7.74081985" lon="112.57874161">
   <ele>2969.65</ele>
  </trkpt>
  <trkpt lat="-7.74073787" lon="112.57880020">
   <ele>2968.21</ele>
  </trkpt>
  <trkpt lat="-7.74068004" lon="112.57891168">
   <ele>2966.77</ele>
  </trkpt>
  <trkpt lat="-7.74063846" lon="112.57893506">
   <ele>2967.25</ele>
  </trkpt>
  <trkpt lat="-7.74055841" lon="112.57899868">
   <ele>0</ele>
  </trkpt>
 </trkseg>
</trk>
<trk>
 <name>Track 090</name>
 <trkseg>
  <trkpt lat="-7.75274947" lon="112.64685379"></trkpt>
  <trkpt lat="-7.75267957" lon="112.64660686"></trkpt>
  <trkpt lat="-7.75270890" lon="112.64638424"></trkpt>
  <trkpt lat="-7.75275936" lon="112.64622867"></trkpt>
  <trkpt lat="-7.75287101" lon="112.64602214"></trkpt>
  <trkpt lat="-7.75294544" lon="112.64582902"></trkpt>
  <trkpt lat="-7.75303043" lon="112.64552593"></trkpt>
  <trkpt lat="-7.75311283" lon="112.64534891"></trkpt>
  <trkpt lat="-7.75322439" lon="112.64517716"></trkpt>
  <trkpt lat="-7.75331751" lon="112.64495999"></trkpt>
  <trkpt lat="-7.75340779" lon="112.64469436"></trkpt>
  <trkpt lat="-7.75346361" lon="112.64451214"></trkpt>
  <trkpt lat="-7.75339446" lon="112.64379323"></trkpt>
  <trkpt lat="-7.75333612" lon="112.64335326"></trkpt>
  <trkpt lat="-7.75329346" lon="112.64306366"></trkpt>
  <trkpt lat="-7.75330419" lon="112.64275253"></trkpt>
  <trkpt lat="-7.75330947" lon="112.64248967"></trkpt>
  <trkpt lat="-7.75335196" lon="112.64220544"></trkpt>
  <trkpt lat="-7.75336261" lon="112.64190487"></trkpt>
  <trkpt lat="-7.75333084" lon="112.64163673"></trkpt>
  <trkpt lat="-7.75330947" lon="112.64134697"></trkpt>
  <trkpt lat="-7.75335196" lon="112.64114320"></trkpt>
  <trkpt lat="-7.75329346" lon="112.64087498"></trkpt>
  <trkpt lat="-7.75329346" lon="112.64072478"></trkpt>
  <trkpt lat="-7.75323512" lon="112.64059067"></trkpt>
  <trkpt lat="-7.75318190" lon="112.64033318"></trkpt>
  <trkpt lat="-7.75319790" lon="112.64014542"></trkpt>
  <trkpt lat="-7.75321911" lon="112.63997108"></trkpt>
  <trkpt lat="-7.75306229" lon="112.63989874"></trkpt>
  <trkpt lat="-7.75288157" lon="112.63992012"></trkpt>
  <trkpt lat="-7.75261846" lon="112.63988516"></trkpt>
  <trkpt lat="-7.75246968" lon="112.63983160"></trkpt>
  <trkpt lat="-7.75243783" lon="112.63961426"></trkpt>
  <trkpt lat="-7.75248033" lon="112.63938367"></trkpt>
  <trkpt lat="-7.75253607" lon="112.63913423"></trkpt>
  <trkpt lat="-7.75257329" lon="112.63884991"></trkpt>
  <trkpt lat="-7.75259994" lon="112.63852537"></trkpt>
  <trkpt lat="-7.75257597" lon="112.63833761"></trkpt>
  <trkpt lat="-7.75246432" lon="112.63823569"></trkpt>
  <trkpt lat="-7.75233683" lon="112.63792992"></trkpt>
  <trkpt lat="-7.75225704" lon="112.63768852"></trkpt>
  <trkpt lat="-7.75218789" lon="112.63743103"></trkpt>
  <trkpt lat="-7.75217732" lon="112.63720572"></trkpt>
  <trkpt lat="-7.75217196" lon="112.63694823"></trkpt>
  <trkpt lat="-7.75215067" lon="112.63672829"></trkpt>
  <trkpt lat="-7.75215067" lon="112.63646007"></trkpt>
  <trkpt lat="-7.75207632" lon="112.63620794"></trkpt>
  <trkpt lat="-7.75202318" lon="112.63600937"></trkpt>
  <trkpt lat="-7.75201790" lon="112.63586462"></trkpt>
  <trkpt lat="-7.75206040" lon="112.63580016"></trkpt>
  <trkpt lat="-7.75218260" lon="112.63569287"></trkpt>
  <trkpt lat="-7.75230490" lon="112.63548374"></trkpt>
  <trkpt lat="-7.75238461" lon="112.63530127"></trkpt>
  <trkpt lat="-7.75237933" lon="112.63505987"></trkpt>
  <trkpt lat="-7.75256532" lon="112.63487756"></trkpt>
  <trkpt lat="-7.75262911" lon="112.63474882"></trkpt>
  <trkpt lat="-7.75261846" lon="112.63450742"></trkpt>
  <trkpt lat="-7.75262911" lon="112.63394952"></trkpt>
  <trkpt lat="-7.75267697" lon="112.63333261"></trkpt>
  <trkpt lat="-7.75268233" lon="112.63297856"></trkpt>
  <trkpt lat="-7.75268233" lon="112.63279080"></trkpt>
  <trkpt lat="-7.75267697" lon="112.63265133"></trkpt>
  <trkpt lat="-7.75258661" lon="112.63250113"></trkpt>
  <trkpt lat="-7.75268233" lon="112.63241529"></trkpt>
  <trkpt lat="-7.75268761" lon="112.63225973"></trkpt>
  <trkpt lat="-7.75277261" lon="112.63205051"></trkpt>
  <trkpt lat="-7.75282047" lon="112.63194859"></trkpt>
  <trkpt lat="-7.75297989" lon="112.63201833"></trkpt>
  <trkpt lat="-7.75293740" lon="112.63188422"></trkpt>
  <trkpt lat="-7.75288828" lon="112.63176352"></trkpt>
  <trkpt lat="-7.75288157" lon="112.63158507"></trkpt>
  <trkpt lat="-7.75316597" lon="112.63174608"></trkpt>
  <trkpt lat="-7.75325096" lon="112.63155296"></trkpt>
  <trkpt lat="-7.75324970" lon="112.63141894"></trkpt>
  <trkpt lat="-7.75330679" lon="112.63114393"></trkpt>
  <trkpt lat="-7.75338918" lon="112.63107151"></trkpt>
  <trkpt lat="-7.75336797" lon="112.63086498"></trkpt>
  <trkpt lat="-7.75338658" lon="112.63071477"></trkpt>
  <trkpt lat="-7.75328290" lon="112.63060749"></trkpt>
  <trkpt lat="-7.75320847" lon="112.63044387"></trkpt>
  <trkpt lat="-7.75318458" lon="112.63022929"></trkpt>
  <trkpt lat="-7.75313412" lon="112.63012737"></trkpt>
  <trkpt lat="-7.75313672" lon="112.63000667"></trkpt>
  <trkpt lat="-7.75305172" lon="112.62991548"></trkpt>
  <trkpt lat="-7.75294804" lon="112.62982160"></trkpt>
  <trkpt lat="-7.75292683" lon="112.62970760"></trkpt>
  <trkpt lat="-7.75298391" lon="112.62960300"></trkpt>
  <trkpt lat="-7.75295466" lon="112.62955204"></trkpt>
  <trkpt lat="-7.75297604" lon="112.62939781"></trkpt>
  <trkpt lat="-7.75294008" lon="112.62928382"></trkpt>
  <trkpt lat="-7.75292147" lon="112.62919128"></trkpt>
  <trkpt lat="-7.75285240" lon="112.62908944"></trkpt>
  <trkpt lat="-7.75275400" lon="112.62892306"></trkpt>
  <trkpt lat="-7.75266901" lon="112.62883723"></trkpt>
  <trkpt lat="-7.75260790" lon="112.62867898"></trkpt>
  <trkpt lat="-7.75253339" lon="112.62853682"></trkpt>
  <trkpt lat="-7.75245108" lon="112.62839726"></trkpt>
  <trkpt lat="-7.75239257" lon="112.62826064"></trkpt>
  <trkpt lat="-7.75231822" lon="112.62816944"></trkpt>
  <trkpt lat="-7.75225972" lon="112.62798697"></trkpt>
  <trkpt lat="-7.75221982" lon="112.62782604"></trkpt>
  <trkpt lat="-7.75214807" lon="112.62746662"></trkpt>
  <trkpt lat="-7.75212418" lon="112.62714484"></trkpt>
  <trkpt lat="-7.75213751" lon="112.62699187"></trkpt>
  <trkpt lat="-7.75216140" lon="112.62687117"></trkpt>
  <trkpt lat="-7.75210558" lon="112.62676120"></trkpt>
  <trkpt lat="-7.75198060" lon="112.62677193"></trkpt>
  <trkpt lat="-7.75195143" lon="112.62671560"></trkpt>
  <trkpt lat="-7.75203911" lon="112.62654394"></trkpt>
  <trkpt lat="-7.75209493" lon="112.62638032"></trkpt>
  <trkpt lat="-7.75215872" lon="112.62623012"></trkpt>
  <trkpt lat="-7.75224111" lon="112.62613356"></trkpt>
  <trkpt lat="-7.75229693" lon="112.62594036"></trkpt>
  <trkpt lat="-7.75230750" lon="112.62586274"></trkpt>
  <trkpt lat="-7.75229962" lon="112.62563199"></trkpt>
  <trkpt lat="-7.75231554" lon="112.62541741"></trkpt>
  <trkpt lat="-7.75233407" lon="112.62527794"></trkpt>
  <trkpt lat="-7.75235804" lon="112.62511969"></trkpt>
  <trkpt lat="-7.75237933" lon="112.62500703"></trkpt>
  <trkpt lat="-7.75233407" lon="112.62487024"></trkpt>
  <trkpt lat="-7.75237128" lon="112.62480050"></trkpt>
  <trkpt lat="-7.75232082" lon="112.62471744"></trkpt>
  <trkpt lat="-7.75239517" lon="112.62461543"></trkpt>
  <trkpt lat="-7.75239794" lon="112.62446523"></trkpt>
  <trkpt lat="-7.75245108" lon="112.62438476"></trkpt>
  <trkpt lat="-7.75244043" lon="112.62422919"></trkpt>
  <trkpt lat="-7.75239257" lon="112.62412459"></trkpt>
  <trkpt lat="-7.75235008" lon="112.62401730"></trkpt>
  <trkpt lat="-7.75233407" lon="112.62394488"></trkpt>
  <trkpt lat="-7.75231554" lon="112.62387782"></trkpt>
  <trkpt lat="-7.75233407" lon="112.62376249"></trkpt>
  <trkpt lat="-7.75228361" lon="112.62366861"></trkpt>
  <trkpt lat="-7.75225444" lon="112.62358806"></trkpt>
  <trkpt lat="-7.75226240" lon="112.62347817"></trkpt>
  <trkpt lat="-7.75220658" lon="112.62338698"></trkpt>
  <trkpt lat="-7.75213751" lon="112.62331992"></trkpt>
  <trkpt lat="-7.75211622" lon="112.62308389"></trkpt>
  <trkpt lat="-7.75210289" lon="112.62293100"></trkpt>
  <trkpt lat="-7.75207104" lon="112.62276739"></trkpt>
  <trkpt lat="-7.75202846" lon="112.62261987"></trkpt>
  <trkpt lat="-7.75199661" lon="112.62255818"></trkpt>
  <trkpt lat="-7.75194079" lon="112.62241074"></trkpt>
  <trkpt lat="-7.75187968" lon="112.62223899"></trkpt>
  <trkpt lat="-7.75182922" lon="112.62213967"></trkpt>
  <trkpt lat="-7.75175471" lon="112.62204319"></trkpt>
  <trkpt lat="-7.75177332" lon="112.62196541"></trkpt>
  <trkpt lat="-7.75176007" lon="112.62186876"></trkpt>
  <trkpt lat="-7.75188228" lon="112.62190372"></trkpt>
  <trkpt lat="-7.75194339" lon="112.62190908"></trkpt>
  <trkpt lat="-7.75198597" lon="112.62176156"></trkpt>
  <trkpt lat="-7.75206299" lon="112.62164346"></trkpt>
  <trkpt lat="-7.75205512" lon="112.62150667"></trkpt>
  <trkpt lat="-7.75204967" lon="112.62144238"></trkpt>
  <trkpt lat="-7.75192478" lon="112.62121707"></trkpt>
  <trkpt lat="-7.75188496" lon="112.62105354"></trkpt>
  <trkpt lat="-7.75179201" lon="112.62085774"></trkpt>
  <trkpt lat="-7.75168028" lon="112.62060821"></trkpt>
  <trkpt lat="-7.75157928" lon="112.62049824"></trkpt>
  <trkpt lat="-7.75139596" lon="112.62029171"></trkpt>
  <trkpt lat="-7.75127904" lon="112.62003958"></trkpt>
  <trkpt lat="-7.75125238" lon="112.61988401"></trkpt>
  <trkpt lat="-7.75126311" lon="112.61957288"></trkpt>
  <trkpt lat="-7.75128432" lon="112.61938512"></trkpt>
  <trkpt lat="-7.75129496" lon="112.61919200"></trkpt>
  <trkpt lat="-7.75120988" lon="112.61892378"></trkpt>
  <trkpt lat="-7.75115683" lon="112.61867174"></trkpt>
  <trkpt lat="-7.75112489" lon="112.61840880"></trkpt>
  <trkpt lat="-7.75103982" lon="112.61824787"></trkpt>
  <trkpt lat="-7.75087503" lon="112.61796892"></trkpt>
  <trkpt lat="-7.75073153" lon="112.61778653"></trkpt>
  <trkpt lat="-7.75058267" lon="112.61760414"></trkpt>
  <trkpt lat="-7.75040204" lon="112.61736810"></trkpt>
  <trkpt lat="-7.75028503" lon="112.61714816"></trkpt>
  <trkpt lat="-7.75023188" lon="112.61695504"></trkpt>
  <trkpt lat="-7.75004053" lon="112.61666536"></trkpt>
  <trkpt lat="-7.74986509" lon="112.61633813"></trkpt>
  <trkpt lat="-7.74959930" lon="112.61611819"></trkpt>
  <trkpt lat="-7.74939202" lon="112.61582851"></trkpt>
  <trkpt lat="-7.74920602" lon="112.61556574"></trkpt>
  <trkpt lat="-7.74902531" lon="112.61543691"></trkpt>
  <trkpt lat="-7.74890302" lon="112.61528671"></trkpt>
  <trkpt lat="-7.74874359" lon="112.61506140"></trkpt>
  <trkpt lat="-7.74869573" lon="112.61476099"></trkpt>
  <trkpt lat="-7.74871702" lon="112.61447132"></trkpt>
  <trkpt lat="-7.74864259" lon="112.61422992"></trkpt>
  <trkpt lat="-7.74848308" lon="112.61373103"></trkpt>
  <trkpt lat="-7.74818536" lon="112.61284590"></trkpt>
  <trkpt lat="-7.74791429" lon="112.61229336"></trkpt>
  <trkpt lat="-7.74771237" lon="112.61191777"></trkpt>
  <trkpt lat="-7.74756351" lon="112.61168718"></trkpt>
  <trkpt lat="-7.74738279" lon="112.61144042"></trkpt>
  <trkpt lat="-7.74729780" lon="112.61122048"></trkpt>
  <trkpt lat="-7.74712773" lon="112.61107028"></trkpt>
  <trkpt lat="-7.74699479" lon="112.61080742"></trkpt>
  <trkpt lat="-7.74663856" lon="112.61038363"></trkpt>
  <trkpt lat="-7.74641544" lon="112.61012077"></trkpt>
  <trkpt lat="-7.74618678" lon="112.60984182"></trkpt>
  <trkpt lat="-7.74611243" lon="112.60957360"></trkpt>
  <trkpt lat="-7.74599550" lon="112.60926247"></trkpt>
  <trkpt lat="-7.74589450" lon="112.60895669"></trkpt>
  <trkpt lat="-7.74582543" lon="112.60870457"></trkpt>
  <trkpt lat="-7.74557549" lon="112.60861874"></trkpt>
  <trkpt lat="-7.74544272" lon="112.60846853"></trkpt>
  <trkpt lat="-7.74530450" lon="112.60842017"></trkpt>
  <trkpt lat="-7.74518749" lon="112.60825404"></trkpt>
  <trkpt lat="-7.74495900" lon="112.60823786"></trkpt>
  <trkpt lat="-7.74466127" lon="112.60799110"></trkpt>
  <trkpt lat="-7.74448064" lon="112.60784626"></trkpt>
  <trkpt lat="-7.74434242" lon="112.60747067"></trkpt>
  <trkpt lat="-7.74434770" lon="112.60724536"></trkpt>
  <trkpt lat="-7.74434770" lon="112.60688603"></trkpt>
  <trkpt lat="-7.74427864" lon="112.60668746"></trkpt>
  <trkpt lat="-7.74418820" lon="112.60655880"></trkpt>
  <trkpt lat="-7.74407663" lon="112.60645151"></trkpt>
  <trkpt lat="-7.74398619" lon="112.60631204"></trkpt>
  <trkpt lat="-7.74385334" lon="112.60626384"></trkpt>
  <trkpt lat="-7.74374697" lon="112.60613501"></trkpt>
  <trkpt lat="-7.74363013" lon="112.60609746"></trkpt>
  <trkpt lat="-7.74349191" lon="112.60589361"></trkpt>
  <trkpt lat="-7.74331111" lon="112.60573268"></trkpt>
  <trkpt lat="-7.74310383" lon="112.60566286"></trkpt>
  <trkpt lat="-7.74288062" lon="112.60560393"></trkpt>
  <trkpt lat="-7.74238089" lon="112.60542146"></trkpt>
  <trkpt lat="-7.74222147" lon="112.60545373"></trkpt>
  <trkpt lat="-7.74202483" lon="112.60534644"></trkpt>
  <trkpt lat="-7.74182810" lon="112.60534644"></trkpt>
  <trkpt lat="-7.74171118" lon="112.60528743"></trkpt>
  <trkpt lat="-7.74170053" lon="112.60515869"></trkpt>
  <trkpt lat="-7.74166332" lon="112.60500848"></trkpt>
  <trkpt lat="-7.74166332" lon="112.60476708"></trkpt>
  <trkpt lat="-7.74173238" lon="112.60465443"></trkpt>
  <trkpt lat="-7.74171118" lon="112.60442376"></trkpt>
  <trkpt lat="-7.74162082" lon="112.60421447"></trkpt>
  <trkpt lat="-7.74161017" lon="112.60389268"></trkpt>
  <trkpt lat="-7.74154111" lon="112.60373167"></trkpt>
  <trkpt lat="-7.74147732" lon="112.60348499"></trkpt>
  <trkpt lat="-7.74139216" lon="112.60335088"></trkpt>
  <trkpt lat="-7.74136567" lon="112.60303974"></trkpt>
  <trkpt lat="-7.74123810" lon="112.60288954"></trkpt>
  <trkpt lat="-7.74119033" lon="112.60277152"></trkpt>
  <trkpt lat="-7.74115839" lon="112.60254622"></trkpt>
  <trkpt lat="-7.74114238" lon="112.60225654"></trkpt>
  <trkpt lat="-7.74107331" lon="112.60207951"></trkpt>
  <trkpt lat="-7.74090316" lon="112.60202587"></trkpt>
  <trkpt lat="-7.74099888" lon="112.60170400"></trkpt>
  <trkpt lat="-7.74105739" lon="112.60153234"></trkpt>
  <trkpt lat="-7.74094038" lon="112.60131776"></trkpt>
  <trkpt lat="-7.74086603" lon="112.60100663"></trkpt>
  <trkpt lat="-7.74097231" lon="112.60083497"></trkpt>
  <trkpt lat="-7.74115303" lon="112.60058820"></trkpt>
  <trkpt lat="-7.74120617" lon="112.60030917"></trkpt>
  <trkpt lat="-7.74121153" lon="112.60000348"></trkpt>
  <trkpt lat="-7.74115839" lon="112.59969771"></trkpt>
  <trkpt lat="-7.74129133" lon="112.59941339"></trkpt>
  <trkpt lat="-7.74147204" lon="112.59917736"></trkpt>
  <trkpt lat="-7.74161554" lon="112.59894669"></trkpt>
  <trkpt lat="-7.74168461" lon="112.59881258"></trkpt>
  <trkpt lat="-7.74167396" lon="112.59845316"></trkpt>
  <trkpt lat="-7.74171654" lon="112.59827614"></trkpt>
  <trkpt lat="-7.74184411" lon="112.59790063"></trkpt>
  <trkpt lat="-7.74201946" lon="112.59756804"></trkpt>
  <trkpt lat="-7.74221082" lon="112.59726763"></trkpt>
  <trkpt lat="-7.74238089" lon="112.59705842"></trkpt>
  <trkpt lat="-7.74252984" lon="112.59682766"></trkpt>
  <trkpt lat="-7.74260947" lon="112.59650588"></trkpt>
  <trkpt lat="-7.74274240" lon="112.59618402"></trkpt>
  <trkpt lat="-7.74299218" lon="112.59578168"></trkpt>
  <trkpt lat="-7.74308790" lon="112.59527743"></trkpt>
  <trkpt lat="-7.74317826" lon="112.59514868"></trkpt>
  <trkpt lat="-7.74346802" lon="112.59488851"></trkpt>
  <trkpt lat="-7.74363809" lon="112.59464711"></trkpt>
  <trkpt lat="-7.74377086" lon="112.59440839"></trkpt>
  <trkpt lat="-7.74384798" lon="112.59426364"></trkpt>
  <trkpt lat="-7.74377363" lon="112.59376466"></trkpt>
  <trkpt lat="-7.74369392" lon="112.59357691"></trkpt>
  <trkpt lat="-7.74357690" lon="112.59328723"></trkpt>
  <trkpt lat="-7.74341212" lon="112.59305656"></trkpt>
  <trkpt lat="-7.74319947" lon="112.59292237"></trkpt>
  <trkpt lat="-7.74318891" lon="112.59238601"></trkpt>
  <trkpt lat="-7.74312512" lon="112.59236991"></trkpt>
  <trkpt lat="-7.74290719" lon="112.59259522"></trkpt>
  <trkpt lat="-7.74261483" lon="112.59255767"></trkpt>
  <trkpt lat="-7.74241283" lon="112.59229481"></trkpt>
  <trkpt lat="-7.74250318" lon="112.59175301"></trkpt>
  <trkpt lat="-7.74264140" lon="112.59158671"></trkpt>
  <trkpt lat="-7.74243412" lon="112.59135067"></trkpt>
  <trkpt lat="-7.74221082" lon="112.59109846"></trkpt>
  <trkpt lat="-7.74215240" lon="112.59076587"></trkpt>
  <trkpt lat="-7.74190254" lon="112.59044409"></trkpt>
  <trkpt lat="-7.74154111" lon="112.59014368"></trkpt>
  <trkpt lat="-7.74148260" lon="112.58973598"></trkpt>
  <trkpt lat="-7.74136039" lon="112.58932292"></trkpt>
  <trkpt lat="-7.74138688" lon="112.58900106"></trkpt>
  <trkpt lat="-7.74129661" lon="112.58871138"></trkpt>
  <trkpt lat="-7.74105739" lon="112.58828223"></trkpt>
  <trkpt lat="-7.74091381" lon="112.58800328"></trkpt>
  <trkpt lat="-7.74095639" lon="112.58768678"></trkpt>
  <trkpt lat="-7.74119561" lon="112.58742392"></trkpt>
  <trkpt lat="-7.74144539" lon="112.58700013"></trkpt>
  <trkpt lat="-7.74162082" lon="112.58669436"></trkpt>
  <trkpt lat="-7.74189717" lon="112.58651733"></trkpt>
  <trkpt lat="-7.74207260" lon="112.58636177"></trkpt>
  <trkpt lat="-7.74215240" lon="112.58600227"></trkpt>
  <trkpt lat="-7.74175904" lon="112.58550882"></trkpt>
  <trkpt lat="-7.74159953" lon="112.58518687"></trkpt>
  <trkpt lat="-7.74173783" lon="112.58459687"></trkpt>
  <trkpt lat="-7.74184411" lon="112.58444667"></trkpt>
  <trkpt lat="-7.74212047" lon="112.58421063"></trkpt>
  <trkpt lat="-7.74208861" lon="112.58407652"></trkpt>
  <trkpt lat="-7.74193967" lon="112.58393168"></trkpt>
  <trkpt lat="-7.74188661" lon="112.58359909"></trkpt>
  <trkpt lat="-7.74190254" lon="112.58338451"></trkpt>
  <trkpt lat="-7.74196632" lon="112.58323431"></trkpt>
  <trkpt lat="-7.74208861" lon="112.58322358"></trkpt>
  <trkpt lat="-7.74200882" lon="112.58308947"></trkpt>
  <trkpt lat="-7.74184411" lon="112.58293390"></trkpt>
  <trkpt lat="-7.74190790" lon="112.58279979"></trkpt>
  <trkpt lat="-7.74174311" lon="112.58276224"></trkpt>
  <trkpt lat="-7.74171118" lon="112.58262277"></trkpt>
  <trkpt lat="-7.74174839" lon="112.58252076"></trkpt>
  <trkpt lat="-7.74163683" lon="112.58245647"></trkpt>
  <trkpt lat="-7.74159417" lon="112.58233309"></trkpt>
  <trkpt lat="-7.74153046" lon="112.58232772"></trkpt>
  <trkpt lat="-7.74158360" lon="112.58220971"></trkpt>
  <trkpt lat="-7.74148788" lon="112.58211851"></trkpt>
  <trkpt lat="-7.74145067" lon="112.58195758"></trkpt>
  <trkpt lat="-7.74138688" lon="112.58197367"></trkpt>
  <trkpt lat="-7.74128588" lon="112.58178047"></trkpt>
  <trkpt lat="-7.74106267" lon="112.58172691"></trkpt>
  <trkpt lat="-7.74096167" lon="112.58143187"></trkpt>
  <trkpt lat="-7.74113182" lon="112.58138887"></trkpt>
  <trkpt lat="-7.74095111" lon="112.58120120"></trkpt>
  <trkpt lat="-7.74089260" lon="112.58106709"></trkpt>
  <trkpt lat="-7.74080216" lon="112.58091688"></trkpt>
  <trkpt lat="-7.74060024" lon="112.58068621"></trkpt>
  <trkpt lat="-7.74052053" lon="112.58054137"></trkpt>
  <trkpt lat="-7.74042481" lon="112.58049309"></trkpt>
  <trkpt lat="-7.74024937" lon="112.58036426"></trkpt>
  <trkpt lat="-7.74018559" lon="112.58024096"></trkpt>
  <trkpt lat="-7.74006338" lon="112.58025706"></trkpt>
  <trkpt lat="-7.74004209" lon="112.58009613"></trkpt>
  <trkpt lat="-7.73993581" lon="112.58003167"></trkpt>
  <trkpt lat="-7.74000487" lon="112.57992446"></trkpt>
  <trkpt lat="-7.74001552" lon="112.57981718"></trkpt>
  <trkpt lat="-7.74017503" lon="112.57975817"></trkpt>
  <trkpt lat="-7.74016438" lon="112.57964007"></trkpt>
  <trkpt lat="-7.74026002" lon="112.57959723"></trkpt>
  <trkpt lat="-7.74032908" lon="112.57944703"></trkpt>
  <trkpt lat="-7.74042481" lon="112.57929146"></trkpt>
  <trkpt lat="-7.74049387" lon="112.57916808"></trkpt>
  <trkpt lat="-7.74049387" lon="112.57899114"></trkpt>
  <trkpt lat="-7.74050628" lon="112.57894604"></trkpt>
 </trkseg>
</trk>
<trk>
 <name>Track 092</name>
 <trkseg>
  <trkpt lat="-7.74588838" lon="112.59619902">
   <ele>2515.907</ele>
  </trkpt>
  <trkpt lat="-7.74602409" lon="112.59613272">
   <ele>2525.521</ele>
  </trkpt>
  <trkpt lat="-7.74651133" lon="112.59583659">
   <ele>2526.482</ele>
  </trkpt>
  <trkpt lat="-7.74665432" lon="112.59574313">
   <ele>2538.018</ele>
  </trkpt>
  <trkpt lat="-7.74681567" lon="112.59570742">
   <ele>2526.482</ele>
  </trkpt>
  <trkpt lat="-7.74693863" lon="112.59569367">
   <ele>2541.863</ele>
  </trkpt>
  <trkpt lat="-7.74704592" lon="112.59584337">
   <ele>2538.979</ele>
  </trkpt>
  <trkpt lat="-7.74714768" lon="112.59589928">
   <ele>2528.405</ele>
  </trkpt>
  <trkpt lat="-7.74718523" lon="112.59606617">
   <ele>2533.692</ele>
  </trkpt>
  <trkpt lat="-7.74736946" lon="112.59626792">
   <ele>2526.482</ele>
  </trkpt>
  <trkpt lat="-7.74774053" lon="112.59639742">
   <ele>2531.289</ele>
  </trkpt>
  <trkpt lat="-7.74789317" lon="112.59635123">
   <ele>2532.73</ele>
  </trkpt>
  <trkpt lat="-7.74862759" lon="112.59653740">
   <ele>2528.885</ele>
  </trkpt>
  <trkpt lat="-7.74877846" lon="112.59636112">
   <ele>2522.637</ele>
  </trkpt>
  <trkpt lat="-7.74896588" lon="112.59625887">
   <ele>2536.095</ele>
  </trkpt>
  <trkpt lat="-7.74908138" lon="112.59614370">
   <ele>2531.289</ele>
  </trkpt>
  <trkpt lat="-7.74900620" lon="112.59595594">
   <ele>2550.996</ele>
  </trkpt>
  <trkpt lat="-7.74908323" lon="112.59591294">
   <ele>2557.725</ele>
  </trkpt>
  <trkpt lat="-7.74919932" lon="112.59566853">
   <ele>2545.228</ele>
  </trkpt>
  <trkpt lat="-7.74933385" lon="112.59559594">
   <ele>2552.918</ele>
  </trkpt>
  <trkpt lat="-7.74941012" lon="112.59542202">
   <ele>2547.15</ele>
  </trkpt>
  <trkpt lat="-7.74956703" lon="112.59526184">
   <ele>2559.647</ele>
  </trkpt>
  <trkpt lat="-7.74974548" lon="112.59525664">
   <ele>2559.167</ele>
  </trkpt>
  <trkpt lat="-7.74976099" lon="112.59512203">
   <ele>2555.802</ele>
  </trkpt>
  <trkpt lat="-7.74980575" lon="112.59512236">
   <ele>2562.051</ele>
  </trkpt>
  <trkpt lat="-7.74983006" lon="112.59509588">
   <ele>2555.322</ele>
  </trkpt>
  <trkpt lat="-7.75014748" lon="112.59497132">
   <ele>2571.664</ele>
  </trkpt>
  <trkpt lat="-7.75021889" lon="112.59487032">
   <ele>2564.935</ele>
  </trkpt>
  <trkpt lat="-7.75021663" lon="112.59480989">
   <ele>2572.625</ele>
  </trkpt>
  <trkpt lat="-7.75019299" lon="112.59481165">
   <ele>2562.531</ele>
  </trkpt>
  <trkpt lat="-7.75025443" lon="112.59481173">
   <ele>2577.432</ele>
  </trkpt>
  <trkpt lat="-7.75057487" lon="112.59464853">
   <ele>2579.354</ele>
  </trkpt>
  <trkpt lat="-7.75086849" lon="112.59461325">
   <ele>2606.271</ele>
  </trkpt>
  <trkpt lat="-7.75098818" lon="112.59439347">
   <ele>2588.968</ele>
  </trkpt>
  <trkpt lat="-7.75121734" lon="112.59445659">
   <ele>2604.349</ele>
  </trkpt>
  <trkpt lat="-7.75134978" lon="112.59438375">
   <ele>2598.581</ele>
  </trkpt>
  <trkpt lat="-7.75164340" lon="112.59444368">
   <ele>0</ele>
  </trkpt>
 </trkseg>
</trk>
<trk>
 <name>Track 099</name>
 <trkseg>
  <trkpt lat="-7.76303901" lon="112.58854299">
   <ele>3297.46</ele>
  </trkpt>
  <trkpt lat="-7.76303851" lon="112.58855179">
   <ele>3297.46</ele>
  </trkpt>
  <trkpt lat="-7.76303692" lon="112.58854877">
   <ele>3298.42</ele>
  </trkpt>
  <trkpt lat="-7.76307053" lon="112.58857819">
   <ele>3299.38</ele>
  </trkpt>
  <trkpt lat="-7.76307078" lon="112.58858574">
   <ele>3300.34</ele>
  </trkpt>
  <trkpt lat="-7.76308822" lon="112.58860451">
   <ele>3301.79</ele>
  </trkpt>
  <trkpt lat="-7.76309584" lon="112.58862848">
   <ele>3303.71</ele>
  </trkpt>
  <trkpt lat="-7.76309031" lon="112.58862664">
   <ele>3304.19</ele>
  </trkpt>
  <trkpt lat="-7.76308528" lon="112.58862438">
   <ele>3304.19</ele>
  </trkpt>
  <trkpt lat="-7.76310439" lon="112.58864583">
   <ele>3305.15</ele>
  </trkpt>
  <trkpt lat="-7.76314060" lon="112.58865698">
   <ele>3306.59</ele>
  </trkpt>
  <trkpt lat="-7.76315049" lon="112.58865480">
   <ele>3306.59</ele>
  </trkpt>
  <trkpt lat="-7.76316759" lon="112.58870250">
   <ele>3309</ele>
  </trkpt>
  <trkpt lat="-7.76316097" lon="112.58871482">
   <ele>3310.92</ele>
  </trkpt>
  <trkpt lat="-7.76318192" lon="112.58874499">
   <ele>3312.84</ele>
  </trkpt>
  <trkpt lat="-7.76318477" lon="112.58876427">
   <ele>3314.28</ele>
  </trkpt>
  <trkpt lat="-7.76321805" lon="112.58879847">
   <ele>3315.72</ele>
  </trkpt>
  <trkpt lat="-7.76321461" lon="112.58883518">
   <ele>3325.82</ele>
  </trkpt>
  <trkpt lat="-7.76327061" lon="112.58884918">
   <ele>3326.3</ele>
  </trkpt>
  <trkpt lat="-7.76336012" lon="112.58885630">
   <ele>3327.26</ele>
  </trkpt>
  <trkpt lat="-7.76341980" lon="112.58886376">
   <ele>3328.7</ele>
  </trkpt>
  <trkpt lat="-7.76351200" lon="112.58888698">
   <ele>3328.22</ele>
  </trkpt>
  <trkpt lat="-7.76358057" lon="112.58893593">
   <ele>3330.62</ele>
  </trkpt>
  <trkpt lat="-7.76366799" lon="112.58897608">
   <ele>3331.11</ele>
  </trkpt>
  <trkpt lat="-7.76375491" lon="112.58903819">
   <ele>3332.55</ele>
  </trkpt>
  <trkpt lat="-7.76377947" lon="112.58904347">
   <ele>3333.99</ele>
  </trkpt>
  <trkpt lat="-7.76380638" lon="112.58906476">
   <ele>3333.51</ele>
  </trkpt>
  <trkpt lat="-7.76386907" lon="112.58913626">
   <ele>3334.95</ele>
  </trkpt>
  <trkpt lat="-7.76393504" lon="112.58920122">
   <ele>3335.91</ele>
  </trkpt>
  <trkpt lat="-7.76396253" lon="112.58924648">
   <ele>3337.83</ele>
  </trkpt>
  <trkpt lat="-7.76402607" lon="112.58928202">
   <ele>3338.8</ele>
  </trkpt>
  <trkpt lat="-7.76408767" lon="112.58931614">
   <ele>3340.24</ele>
  </trkpt>
  <trkpt lat="-7.76413587" lon="112.58933801">
   <ele>3342.16</ele>
  </trkpt>
  <trkpt lat="-7.76415733" lon="112.58939140">
   <ele>3341.68</ele>
  </trkpt>
  <trkpt lat="-7.76416403" lon="112.58940188">
   <ele>3341.68</ele>
  </trkpt>
  <trkpt lat="-7.76420862" lon="112.58940515">
   <ele>3341.68</ele>
  </trkpt>
  <trkpt lat="-7.76428096" lon="112.58939710">
   <ele>3341.68</ele>
  </trkpt>
  <trkpt lat="-7.76442647" lon="112.58940037">
   <ele>3340.24</ele>
  </trkpt>
  <trkpt lat="-7.76449956" lon="112.58942074">
   <ele>3340.72</ele>
  </trkpt>
  <trkpt lat="-7.76458631" lon="112.58946290">
   <ele>3340.72</ele>
  </trkpt>
  <trkpt lat="-7.76461741" lon="112.58950984">
   <ele>3340.72</ele>
  </trkpt>
  <trkpt lat="-7.76470684" lon="112.58951345">
   <ele>3340.72</ele>
  </trkpt>
  <trkpt lat="-7.76476862" lon="112.58954840">
   <ele>3340.72</ele>
  </trkpt>
  <trkpt lat="-7.76483484" lon="112.58962794">
   <ele>3341.2</ele>
  </trkpt>
  <trkpt lat="-7.76490415" lon="112.58966910">
   <ele>3342.16</ele>
  </trkpt>
  <trkpt lat="-7.76498454" lon="112.58969843">
   <ele>3342.64</ele>
  </trkpt>
  <trkpt lat="-7.76502552" lon="112.58969399">
   <ele>3342.64</ele>
  </trkpt>
  <trkpt lat="-7.76504824" lon="112.58971008">
   <ele>3343.12</ele>
  </trkpt>
  <trkpt lat="-7.76509023" lon="112.58973372">
   <ele>3344.08</ele>
  </trkpt>
  <trkpt lat="-7.76512711" lon="112.58974562">
   <ele>3345.52</ele>
  </trkpt>
  <trkpt lat="-7.76513248" lon="112.58974629">
   <ele>3345.04</ele>
  </trkpt>
  <trkpt lat="-7.76512259" lon="112.58977354">
   <ele>3346.01</ele>
  </trkpt>
  <trkpt lat="-7.76517481" lon="112.58978250">
   <ele>3346.49</ele>
  </trkpt>
  <trkpt lat="-7.76521864" lon="112.58980036">
   <ele>3346.49</ele>
  </trkpt>
  <trkpt lat="-7.76523692" lon="112.58984998">
   <ele>3349.37</ele>
  </trkpt>
  <trkpt lat="-7.76524052" lon="112.58985593">
   <ele>3349.37</ele>
  </trkpt>
  <trkpt lat="-7.76525410" lon="112.58989298">
   <ele>3350.81</ele>
  </trkpt>
  <trkpt lat="-7.76525225" lon="112.58993204">
   <ele>3352.74</ele>
  </trkpt>
  <trkpt lat="-7.76526944" lon="112.58998350">
   <ele>3354.18</ele>
  </trkpt>
  <trkpt lat="-7.76531143" lon="112.59003430">
   <ele>3355.14</ele>
  </trkpt>
  <trkpt lat="-7.76531126" lon="112.59004394">
   <ele>3354.66</ele>
  </trkpt>
  <trkpt lat="-7.76538335" lon="112.59010127">
   <ele>3355.62</ele>
  </trkpt>
  <trkpt lat="-7.76541118" lon="112.59014972">
   <ele>3355.14</ele>
  </trkpt>
  <trkpt lat="-7.76543314" lon="112.59018861">
   <ele>3354.66</ele>
  </trkpt>
  <trkpt lat="-7.76546482" lon="112.59021711">
   <ele>3353.7</ele>
  </trkpt>
  <trkpt lat="-7.76546272" lon="112.59021560">
   <ele>3352.74</ele>
  </trkpt>
  <trkpt lat="-7.76544462" lon="112.59023404">
   <ele>3353.7</ele>
  </trkpt>
  <trkpt lat="-7.76545258" lon="112.59024259">
   <ele>3353.22</ele>
  </trkpt>
  <trkpt lat="-7.76547438" lon="112.59030025">
   <ele>3352.74</ele>
  </trkpt>
  <trkpt lat="-7.76543926" lon="112.59037754">
   <ele>3353.22</ele>
  </trkpt>
  <trkpt lat="-7.76540849" lon="112.59046102">
   <ele>3350.81</ele>
  </trkpt>
 </trkseg>
</trk>
<trk>
 <name>Track 120</name>
 <trkseg>
  <trkpt lat="-7.78027807" lon="112.65618009">
   <ele>0</ele>
  </trkpt>
  <trkpt lat="-7.78031998" lon="112.65618009">
   <ele>0</ele>
  </trkpt>
  <trkpt lat="-7.78036189" lon="112.65618009">
   <ele>0</ele>
  </trkpt>
  <trkpt lat="-7.78044563" lon="112.65618009">
   <ele>0</ele>
  </trkpt>
  <trkpt lat="-7.78044563" lon="112.65622200">
   <ele>0</ele>
  </trkpt>
  <trkpt lat="-7.78052936" lon="112.65622200">
   <ele>0</ele>
  </trkpt>
  <trkpt lat="-7.78048754" lon="112.65618009">
   <ele>0</ele>
  </trkpt>
  <trkpt lat="-7.78048754" lon="112.65609635">
   <ele>0</ele>
  </trkpt>
  <trkpt lat="-7.78052936" lon="112.65601253">
   <ele>0</ele>
  </trkpt>
  <trkpt lat="-7.78061310" lon="112.65592880">
   <ele>0</ele>
  </trkpt>
  <trkpt lat="-7.78065501" lon="112.65584498">
   <ele>0</ele>
  </trkpt>
  <trkpt lat="-7.78073874" lon="112.65580315">
   <ele>0</ele>
  </trkpt>
  <trkpt lat="-7.78078065" lon="112.65580315">
   <ele>0</ele>
  </trkpt>
  <trkpt lat="-7.78082256" lon="112.65580315">
   <ele>0</ele>
  </trkpt>
  <trkpt lat="-7.78086439" lon="112.65580315">
   <ele>0</ele>
  </trkpt>
  <trkpt lat="-7.78094821" lon="112.65576124">
   <ele>0</ele>
  </trkpt>
  <trkpt lat="-7.78099003" lon="112.65571933">
   <ele>0</ele>
  </trkpt>
  <trkpt lat="-7.78103194" lon="112.65571933">
   <ele>0</ele>
  </trkpt>
  <trkpt lat="-7.78111568" lon="112.65567751">
   <ele>0</ele>
  </trkpt>
  <trkpt lat="-7.78119941" lon="112.65563560">
   <ele>0</ele>
  </trkpt>
  <trkpt lat="-7.78128323" lon="112.65559369">
   <ele>0</ele>
  </trkpt>
  <trkpt lat="-7.78136697" lon="112.65555186">
   <ele>0</ele>
  </trkpt>
  <trkpt lat="-7.78136697" lon="112.65550995">
   <ele>0</ele>
  </trkpt>
  <trkpt lat="-7.78145070" lon="112.65550995">
   <ele>0</ele>
  </trkpt>
  <trkpt lat="-7.78153452" lon="112.65550995">
   <ele>0</ele>
  </trkpt>
  <trkpt lat="-7.78166008" lon="112.65555186">
   <ele>0</ele>
  </trkpt>
  <trkpt lat="-7.78174390" lon="112.65555186">
   <ele>0</ele>
  </trkpt>
  <trkpt lat="-7.78182764" lon="112.65555186">
   <ele>0</ele>
  </trkpt>
  <trkpt lat="-7.78191137" lon="112.65559369">
   <ele>0</ele>
  </trkpt>
  <trkpt lat="-7.78195328" lon="112.65567751">
   <ele>0</ele>
  </trkpt>
  <trkpt lat="-7.78199519" lon="112.65576124">
   <ele>0</ele>
  </trkpt>
  <trkpt lat="-7.78203702" lon="112.65584498">
   <ele>0</ele>
  </trkpt>
  <trkpt lat="-7.78207893" lon="112.65592880">
   <ele>0</ele>
  </trkpt>
  <trkpt lat="-7.78216266" lon="112.65592880">
   <ele>0</ele>
  </trkpt>
  <trkpt lat="-7.78224640" lon="112.65597062">
   <ele>0</ele>
  </trkpt>
  <trkpt lat="-7.78228831" lon="112.65597062">
   <ele>0</ele>
  </trkpt>
  <trkpt lat="-7.78233021" lon="112.65592880">
   <ele>0</ele>
  </trkpt>
  <trkpt lat="-7.78237204" lon="112.65592880">
   <ele>0</ele>
  </trkpt>
  <trkpt lat="-7.78245586" lon="112.65592880">
   <ele>0</ele>
  </trkpt>
  <trkpt lat="-7.78249769" lon="112.65584498">
   <ele>0</ele>
  </trkpt>
  <trkpt lat="-7.78253959" lon="112.65576124">
   <ele>0</ele>
  </trkpt>
  <trkpt lat="-7.78253959" lon="112.65567751">
   <ele>0</ele>
  </trkpt>
  <trkpt lat="-7.78258142" lon="112.65559369">
   <ele>0</ele>
  </trkpt>
  <trkpt lat="-7.78258142" lon="112.65555186">
   <ele>0</ele>
  </trkpt>
  <trkpt lat="-7.78262333" lon="112.65550995">
   <ele>0</ele>
  </trkpt>
  <trkpt lat="-7.78262333" lon="112.65546804">
   <ele>0</ele>
  </trkpt>
  <trkpt lat="-7.78262333" lon="112.65538431">
   <ele>0</ele>
  </trkpt>
  <trkpt lat="-7.78262333" lon="112.65530049">
   <ele>0</ele>
  </trkpt>
  <trkpt lat="-7.78262333" lon="112.65521675">
   <ele>0</ele>
  </trkpt>
  <trkpt lat="-7.78258142" lon="112.65521675">
   <ele>0</ele>
  </trkpt>
  <trkpt lat="-7.78258142" lon="112.65513302">
   <ele>0</ele>
  </trkpt>
  <trkpt lat="-7.78253959" lon="112.65504920">
   <ele>0</ele>
  </trkpt>
  <trkpt lat="-7.78253959" lon="112.65500737">
   <ele>0</ele>
  </trkpt>
  <trkpt lat="-7.78253959" lon="112.65492355">
   <ele>0</ele>
  </trkpt>
  <trkpt lat="-7.78249769" lon="112.65483982">
   <ele>0</ele>
  </trkpt>
  <trkpt lat="-7.78241395" lon="112.65479791">
   <ele>0</ele>
  </trkpt>
  <trkpt lat="-7.78241395" lon="112.65475600">
   <ele>0</ele>
  </trkpt>
  <trkpt lat="-7.78237204" lon="112.65471417">
   <ele>0</ele>
  </trkpt>
  <trkpt lat="-7.78237204" lon="112.65467227">
   <ele>0</ele>
  </trkpt>
  <trkpt lat="-7.78233021" lon="112.65463036">
   <ele>0</ele>
  </trkpt>
  <trkpt lat="-7.78233021" lon="112.65458853">
   <ele>0</ele>
  </trkpt>
  <trkpt lat="-7.78228831" lon="112.65454662">
   <ele>0</ele>
  </trkpt>
  <trkpt lat="-7.78224640" lon="112.65446289">
   <ele>0</ele>
  </trkpt>
  <trkpt lat="-7.78220457" lon="112.65437907">
   <ele>0</ele>
  </trkpt>
  <trkpt lat="-7.78216266" lon="112.65437907">
   <ele>0</ele>
  </trkpt>
  <trkpt lat="-7.78216266" lon="112.65429533">
   <ele>0</ele>
  </trkpt>
  <trkpt lat="-7.78212075" lon="112.65429533">
   <ele>0</ele>
  </trkpt>
  <trkpt lat="-7.78207893" lon="112.65421151">
   <ele>0</ele>
  </trkpt>
  <trkpt lat="-7.78203702" lon="112.65412778">
   <ele>0</ele>
  </trkpt>
  <trkpt lat="-7.78199519" lon="112.65408587">
   <ele>0</ele>
  </trkpt>
  <trkpt lat="-7.78199519" lon="112.65404404">
   <ele>0</ele>
  </trkpt>
  <trkpt lat="-7.78191137" lon="112.65400213">
   <ele>0</ele>
  </trkpt>
  <trkpt lat="-7.78186955" lon="112.65391840">
   <ele>0</ele>
  </trkpt>
  <trkpt lat="-7.78182764" lon="112.65383458">
   <ele>0</ele>
  </trkpt>
  <trkpt lat="-7.78178573" lon="112.65375084">
   <ele>0</ele>
  </trkpt>
  <trkpt lat="-7.78170199" lon="112.65366711">
   <ele>0</ele>
  </trkpt>
  <trkpt lat="-7.78170199" lon="112.65358329">
   <ele>0</ele>
  </trkpt>
  <trkpt lat="-7.78170199" lon="112.65349955">
   <ele>0</ele>
  </trkpt>
  <trkpt lat="-7.78161826" lon="112.65341573">
   <ele>0</ele>
  </trkpt>
  <trkpt lat="-7.78157635" lon="112.65333200">
   <ele>0</ele>
  </trkpt>
  <trkpt lat="-7.78153452" lon="112.65333200">
   <ele>0</ele>
  </trkpt>
  <trkpt lat="-7.78153452" lon="112.65324826">
   <ele>0</ele>
  </trkpt>
  <trkpt lat="-7.78149261" lon="112.65324826">
   <ele>0</ele>
  </trkpt>
  <trkpt lat="-7.78145070" lon="112.65316444">
   <ele>0</ele>
  </trkpt>
  <trkpt lat="-7.78140888" lon="112.65312262">
   <ele>0</ele>
  </trkpt>
  <trkpt lat="-7.78140888" lon="112.65308071">
   <ele>0</ele>
  </trkpt>
  <trkpt lat="-7.78136697" lon="112.65299689">
   <ele>0</ele>
  </trkpt>
  <trkpt lat="-7.78132506" lon="112.65295506">
   <ele>0</ele>
  </trkpt>
  <trkpt lat="-7.78132506" lon="112.65291316">
   <ele>0</ele>
  </trkpt>
  <trkpt lat="-7.78124132" lon="112.65287125">
   <ele>0</ele>
  </trkpt>
  <trkpt lat="-7.78124132" lon="112.65278751">
   <ele>0</ele>
  </trkpt>
  <trkpt lat="-7.78119941" lon="112.65270378">
   <ele>0</ele>
  </trkpt>
  <trkpt lat="-7.78115759" lon="112.65261996">
   <ele>0</ele>
  </trkpt>
  <trkpt lat="-7.78115759" lon="112.65257813">
   <ele>0</ele>
  </trkpt>
  <trkpt lat="-7.78115759" lon="112.65249431">
   <ele>0</ele>
  </trkpt>
  <trkpt lat="-7.78111568" lon="112.65241058">
   <ele>0</ele>
  </trkpt>
  <trkpt lat="-7.78107385" lon="112.65232684">
   <ele>0</ele>
  </trkpt>
  <trkpt lat="-7.78103194" lon="112.65224302">
   <ele>0</ele>
  </trkpt>
  <trkpt lat="-7.78103194" lon="112.65215929">
   <ele>0</ele>
  </trkpt>
  <trkpt lat="-7.78103194" lon="112.65211738">
   <ele>0</ele>
  </trkpt>
  <trkpt lat="-7.78103194" lon="112.65203364">
   <ele>0</ele>
  </trkpt>
  <trkpt lat="-7.78099003" lon="112.65194982">
   <ele>0</ele>
  </trkpt>
  <trkpt lat="-7.78094821" lon="112.65186609">
   <ele>0</ele>
  </trkpt>
  <trkpt lat="-7.78094821" lon="112.65178227">
   <ele>0</ele>
  </trkpt>
  <trkpt lat="-7.78094821" lon="112.65174044">
   <ele>0</ele>
  </trkpt>
  <trkpt lat="-7.78090630" lon="112.65165662">
   <ele>0</ele>
  </trkpt>
  <trkpt lat="-7.78090630" lon="112.65157289">
   <ele>0</ele>
  </trkpt>
  <trkpt lat="-7.78086439" lon="112.65148915">
   <ele>0</ele>
  </trkpt>
  <trkpt lat="-7.78086439" lon="112.65144724">
   <ele>0</ele>
  </trkpt>
  <trkpt lat="-7.78086439" lon="112.65136351">
   <ele>0</ele>
  </trkpt>
  <trkpt lat="-7.78082256" lon="112.65127969">
   <ele>0</ele>
  </trkpt>
  <trkpt lat="-7.78078065" lon="112.65119595">
   <ele>0</ele>
  </trkpt>
  <trkpt lat="-7.78073874" lon="112.65111214">
   <ele>0</ele>
  </trkpt>
  <trkpt lat="-7.78073874" lon="112.65098649">
   <ele>0</ele>
  </trkpt>
  <trkpt lat="-7.78069692" lon="112.65098649">
   <ele>0</ele>
  </trkpt>
  <trkpt lat="-7.78069692" lon="112.65090276">
   <ele>0</ele>
  </trkpt>
  <trkpt lat="-7.78069692" lon="112.65081902">
   <ele>0</ele>
  </trkpt>
  <trkpt lat="-7.78065501" lon="112.65081902">
   <ele>0</ele>
  </trkpt>
  <trkpt lat="-7.78065501" lon="112.65073520">
   <ele>0</ele>
  </trkpt>
  <trkpt lat="-7.78061310" lon="112.65069338">
   <ele>0</ele>
  </trkpt>
  <trkpt lat="-7.78061310" lon="112.65060956">
   <ele>0</ele>
  </trkpt>
  <trkpt lat="-7.78057127" lon="112.65052582">
   <ele>0</ele>
  </trkpt>
  <trkpt lat="-7.78052936" lon="112.65044200">
   <ele>0</ele>
  </trkpt>
  <trkpt lat="-7.78052936" lon="112.65035827">
   <ele>0</ele>
  </trkpt>
  <trkpt lat="-7.78048754" lon="112.65027453">
   <ele>0</ele>
  </trkpt>
  <trkpt lat="-7.78048754" lon="112.65023262">
   <ele>0</ele>
  </trkpt>
  <trkpt lat="-7.78044563" lon="112.65014889">
   <ele>0</ele>
  </trkpt>
  <trkpt lat="-7.78040372" lon="112.65010698">
   <ele>0</ele>
  </trkpt>
  <trkpt lat="-7.78031998" lon="112.65002316">
   <ele>0</ele>
  </trkpt>
  <trkpt lat="-7.78031998" lon="112.64993942">
   <ele>0</ele>
  </trkpt>
  <trkpt lat="-7.78027807" lon="112.64985569">
   <ele>0</ele>
  </trkpt>
  <trkpt lat="-7.78023625" lon="112.64977187">
   <ele>0</ele>
  </trkpt>
  <trkpt lat="-7.78023625" lon="112.64973004">
   <ele>0</ele>
  </trkpt>
  <trkpt lat="-7.78023625" lon="112.64964622">
   <ele>0</ele>
  </trkpt>
  <trkpt lat="-7.78019434" lon="112.64956249">
   <ele>0</ele>
  </trkpt>
  <trkpt lat="-7.78015251" lon="112.64947875">
   <ele>0</ele>
  </trkpt>
  <trkpt lat="-7.78015251" lon="112.64939493">
   <ele>0</ele>
  </trkpt>
  <trkpt lat="-7.78015251" lon="112.64935311">
   <ele>0</ele>
  </trkpt>
  <trkpt lat="-7.78011060" lon="112.64926929">
   <ele>0</ele>
  </trkpt>
  <trkpt lat="-7.78006869" lon="112.64922738">
   <ele>0</ele>
  </trkpt>
  <trkpt lat="-7.78006869" lon="112.64918556">
   <ele>0</ele>
  </trkpt>
  <trkpt lat="-7.78002687" lon="112.64910174">
   <ele>0</ele>
  </trkpt>
  <trkpt lat="-7.78002687" lon="112.64901800">
   <ele>0</ele>
  </trkpt>
  <trkpt lat="-7.78002687" lon="112.64893427">
   <ele>0</ele>
  </trkpt>
  <trkpt lat="-7.77998496" lon="112.64893427">
   <ele>0</ele>
  </trkpt>
  <trkpt lat="-7.77998496" lon="112.64885045">
   <ele>0</ele>
  </trkpt>
  <trkpt lat="-7.77994305" lon="112.64876671">
   <ele>0</ele>
  </trkpt>
  <trkpt lat="-7.77990122" lon="112.64872480">
   <ele>0</ele>
  </trkpt>
  <trkpt lat="-7.77990122" lon="112.64864107">
   <ele>0</ele>
  </trkpt>
  <trkpt lat="-7.77985931" lon="112.64864107">
   <ele>0</ele>
  </trkpt>
  <trkpt lat="-7.77981740" lon="112.64859916">
   <ele>0</ele>
  </trkpt>
  <trkpt lat="-7.77981740" lon="112.64855725">
   <ele>0</ele>
  </trkpt>
  <trkpt lat="-7.77981740" lon="112.64847351">
   <ele>0</ele>
  </trkpt>
  <trkpt lat="-7.77981740" lon="112.64838978">
   <ele>0</ele>
  </trkpt>
  <trkpt lat="-7.77977558" lon="112.64830596">
   <ele>0</ele>
  </trkpt>
  <trkpt lat="-7.77973367" lon="112.64822222">
   <ele>0</ele>
  </trkpt>
  <trkpt lat="-7.77964993" lon="112.64813849">
   <ele>0</ele>
  </trkpt>
  <trkpt lat="-7.77960802" lon="112.64805467">
   <ele>0</ele>
  </trkpt>
  <trkpt lat="-7.77956620" lon="112.64797093">
   <ele>0</ele>
  </trkpt>
  <trkpt lat="-7.77956620" lon="112.64788711">
   <ele>0</ele>
  </trkpt>
  <trkpt lat="-7.77952429" lon="112.64784529">
   <ele>0</ele>
  </trkpt>
  <trkpt lat="-7.77952429" lon="112.64780338">
   <ele>0</ele>
  </trkpt>
  <trkpt lat="-7.77952429" lon="112.64776147">
   <ele>0</ele>
  </trkpt>
  <trkpt lat="-7.77944055" lon="112.64771964">
   <ele>0</ele>
  </trkpt>
  <trkpt lat="-7.77944055" lon="112.64767773">
   <ele>0</ele>
  </trkpt>
  <trkpt lat="-7.77939864" lon="112.64763582">
   <ele>0</ele>
  </trkpt>
  <trkpt lat="-7.77935682" lon="112.64755209">
   <ele>0</ele>
  </trkpt>
  <trkpt lat="-7.77931491" lon="112.64746827">
   <ele>0</ele>
  </trkpt>
  <trkpt lat="-7.77923117" lon="112.64738454">
   <ele>0</ele>
  </trkpt>
  <trkpt lat="-7.77918926" lon="112.64730080">
   <ele>0</ele>
  </trkpt>
  <trkpt lat="-7.77914735" lon="112.64721698">
   <ele>0</ele>
  </trkpt>
  <trkpt lat="-7.77906362" lon="112.64713325">
   <ele>0</ele>
  </trkpt>
  <trkpt lat="-7.77902171" lon="112.64704951">
   <ele>0</ele>
  </trkpt>
  <trkpt lat="-7.77893797" lon="112.64700760">
   <ele>0</ele>
  </trkpt>
  <trkpt lat="-7.77893797" lon="112.64696569">
   <ele>0</ele>
  </trkpt>
  <trkpt lat="-7.77889615" lon="112.64692378">
   <ele>0</ele>
  </trkpt>
  <trkpt lat="-7.77885424" lon="112.64692378">
   <ele>0</ele>
  </trkpt>
  <trkpt lat="-7.77881233" lon="112.64688196">
   <ele>0</ele>
  </trkpt>
  <trkpt lat="-7.77872860" lon="112.64684005">
   <ele>0</ele>
  </trkpt>
  <trkpt lat="-7.77872860" lon="112.64679814">
   <ele>0</ele>
  </trkpt>
  <trkpt lat="-7.77868669" lon="112.64675631">
   <ele>0</ele>
  </trkpt>
  <trkpt lat="-7.77864486" lon="112.64671440">
   <ele>0</ele>
  </trkpt>
  <trkpt lat="-7.77868669" lon="112.64663067">
   <ele>0</ele>
  </trkpt>
  <trkpt lat="-7.77868669" lon="112.64654685">
   <ele>0</ele>
  </trkpt>
  <trkpt lat="-7.77864486" lon="112.64654685">
   <ele>0</ele>
  </trkpt>
  <trkpt lat="-7.77860295" lon="112.64646311">
   <ele>0</ele>
  </trkpt>
  <trkpt lat="-7.77860295" lon="112.64637938">
   <ele>0</ele>
  </trkpt>
  <trkpt lat="-7.77856104" lon="112.64629556">
   <ele>0</ele>
  </trkpt>
  <trkpt lat="-7.77851922" lon="112.64621182">
   <ele>0</ele>
  </trkpt>
  <trkpt lat="-7.77851922" lon="112.64616991">
   <ele>0</ele>
  </trkpt>
  <trkpt lat="-7.77847731" lon="112.64608618">
   <ele>0</ele>
  </trkpt>
  <trkpt lat="-7.77847731" lon="112.64600236">
   <ele>0</ele>
  </trkpt>
  <trkpt lat="-7.77843548" lon="112.64600236">
   <ele>0</ele>
  </trkpt>
  <trkpt lat="-7.77843548" lon="112.64591862">
   <ele>0</ele>
  </trkpt>
  <trkpt lat="-7.77843548" lon="112.64583489">
   <ele>0</ele>
  </trkpt>
  <trkpt lat="-7.77843548" lon="112.64575107">
   <ele>0</ele>
  </trkpt>
  <trkpt lat="-7.77843548" lon="112.64570916">
   <ele>0</ele>
  </trkpt>
  <trkpt lat="-7.77839357" lon="112.64566734">
   <ele>0</ele>
  </trkpt>
  <trkpt lat="-7.77839357" lon="112.64562543">
   <ele>0</ele>
  </trkpt>
  <trkpt lat="-7.77835166" lon="112.64554169">
   <ele>0</ele>
  </trkpt>
  <trkpt lat="-7.77835166" lon="112.64545787">
   <ele>0</ele>
  </trkpt>
  <trkpt lat="-7.77835166" lon="112.64537414">
   <ele>0</ele>
  </trkpt>
  <trkpt lat="-7.77839357" lon="112.64529040">
   <ele>0</ele>
  </trkpt>
  <trkpt lat="-7.77839357" lon="112.64520658">
   <ele>0</ele>
  </trkpt>
  <trkpt lat="-7.77839357" lon="112.64516476">
   <ele>0</ele>
  </trkpt>
  <trkpt lat="-7.77839357" lon="112.64508094">
   <ele>0</ele>
  </trkpt>
  <trkpt lat="-7.77839357" lon="112.64499720">
   <ele>0</ele>
  </trkpt>
  <trkpt lat="-7.77835166" lon="112.64499720">
   <ele>0</ele>
  </trkpt>
  <trkpt lat="-7.77835166" lon="112.64491338">
   <ele>0</ele>
  </trkpt>
  <trkpt lat="-7.77831813" lon="112.64483233">
   <ele>1113.34</ele>
  </trkpt>
  <trkpt lat="-7.77829349" lon="112.64471699">
   <ele>1114.31</ele>
  </trkpt>
  <trkpt lat="-7.77829056" lon="112.64463410">
   <ele>1117.19</ele>
  </trkpt>
  <trkpt lat="-7.77823054" lon="112.64453360">
   <ele>1119.11</ele>
  </trkpt>
  <trkpt lat="-7.77824773" lon="112.64443084">
   <ele>1122</ele>
  </trkpt>
  <trkpt lat="-7.77820632" lon="112.64430176">
   <ele>1124.88</ele>
  </trkpt>
  <trkpt lat="-7.77814689" lon="112.64412599">
   <ele>1128.24</ele>
  </trkpt>
  <trkpt lat="-7.77813675" lon="112.64395106">
   <ele>1131.61</ele>
  </trkpt>
  <trkpt lat="-7.77812133" lon="112.64387260">
   <ele>1131.13</ele>
  </trkpt>
  <trkpt lat="-7.77811588" lon="112.64387512">
   <ele>1089.79</ele>
  </trkpt>
  <trkpt lat="-7.77812066" lon="112.64386757">
   <ele>1089.79</ele>
  </trkpt>
  <trkpt lat="-7.77811269" lon="112.64378283">
   <ele>1091.71</ele>
  </trkpt>
  <trkpt lat="-7.77809920" lon="112.64364470">
   <ele>1092.68</ele>
  </trkpt>
  <trkpt lat="-7.77805905" lon="112.64359675">
   <ele>1094.12</ele>
  </trkpt>
  <trkpt lat="-7.77795511" lon="112.64350547">
   <ele>1096.52</ele>
  </trkpt>
  <trkpt lat="-7.77791765" lon="112.64350547">
   <ele>1098.44</ele>
  </trkpt>
  <trkpt lat="-7.77782729" lon="112.64350296">
   <ele>1100.37</ele>
  </trkpt>
  <trkpt lat="-7.77782092" lon="112.64349885">
   <ele>1099.89</ele>
  </trkpt>
  <trkpt lat="-7.77781581" lon="112.64348670">
   <ele>1099.4</ele>
  </trkpt>
  <trkpt lat="-7.77778303" lon="112.64349910">
   <ele>1099.89</ele>
  </trkpt>
  <trkpt lat="-7.77780969" lon="112.64343482">
   <ele>1099.89</ele>
  </trkpt>
  <trkpt lat="-7.77782293" lon="112.64340129">
   <ele>1099.89</ele>
  </trkpt>
  <trkpt lat="-7.77783651" lon="112.64342048">
   <ele>1099.89</ele>
  </trkpt>
  <trkpt lat="-7.77781547" lon="112.64337153">
   <ele>1100.37</ele>
  </trkpt>
  <trkpt lat="-7.77780843" lon="112.64344638">
   <ele>1099.89</ele>
  </trkpt>
  <trkpt lat="-7.77781891" lon="112.64343624">
   <ele>1099.89</ele>
  </trkpt>
  <trkpt lat="-7.77781438" lon="112.64340389">
   <ele>1099.89</ele>
  </trkpt>
  <trkpt lat="-7.77782570" lon="112.64344051">
   <ele>1100.85</ele>
  </trkpt>
  <trkpt lat="-7.77782754" lon="112.64342962">
   <ele>1101.33</ele>
  </trkpt>
  <trkpt lat="-7.77780776" lon="112.64337790">
   <ele>1100.85</ele>
  </trkpt>
  <trkpt lat="-7.77781748" lon="112.64338151">
   <ele>1100.37</ele>
  </trkpt>
  <trkpt lat="-7.77780684" lon="112.64332040">
   <ele>1100.85</ele>
  </trkpt>
  <trkpt lat="-7.77781622" lon="112.64329677">
   <ele>1101.33</ele>
  </trkpt>
  <trkpt lat="-7.77791228" lon="112.64313080">
   <ele>1101.81</ele>
  </trkpt>
  <trkpt lat="-7.77789175" lon="112.64304992">
   <ele>1102.29</ele>
  </trkpt>
  <trkpt lat="-7.77781857" lon="112.64290248">
   <ele>1103.25</ele>
  </trkpt>
  <trkpt lat="-7.77779871" lon="112.64285462">
   <ele>1102.29</ele>
  </trkpt>
  <trkpt lat="-7.77772654" lon="112.64275496">
   <ele>1103.25</ele>
  </trkpt>
  <trkpt lat="-7.77774909" lon="112.64265588">
   <ele>1106.61</ele>
  </trkpt>
  <trkpt lat="-7.77776401" lon="112.64264205">
   <ele>1108.06</ele>
  </trkpt>
  <trkpt lat="-7.77786073" lon="112.64261154">
   <ele>1109.5</ele>
  </trkpt>
  <trkpt lat="-7.77796199" lon="112.64257056">
   <ele>1111.9</ele>
  </trkpt>
  <trkpt lat="-7.77798135" lon="112.64246528">
   <ele>1113.34</ele>
  </trkpt>
  <trkpt lat="-7.77796199" lon="112.64232480">
   <ele>1117.19</ele>
  </trkpt>
  <trkpt lat="-7.77798361" lon="112.64226177">
   <ele>1118.15</ele>
  </trkpt>
  <trkpt lat="-7.77797012" lon="112.64224341">
   <ele>1117.67</ele>
  </trkpt>
  <trkpt lat="-7.77797548" lon="112.64222296">
   <ele>1118.15</ele>
  </trkpt>
  <trkpt lat="-7.77800524" lon="112.64219312">
   <ele>1118.15</ele>
  </trkpt>
  <trkpt lat="-7.77797582" lon="112.64220075">
   <ele>1118.15</ele>
  </trkpt>
  <trkpt lat="-7.77796685" lon="112.64218918">
   <ele>1118.63</ele>
  </trkpt>
  <trkpt lat="-7.77797607" lon="112.64219262">
   <ele>1118.15</ele>
  </trkpt>
  <trkpt lat="-7.77802141" lon="112.64215155">
   <ele>1119.11</ele>
  </trkpt>
  <trkpt lat="-7.77804153" lon="112.64216010">
   <ele>1118.63</ele>
  </trkpt>
  <trkpt lat="-7.77802275" lon="112.64215850">
   <ele>1119.11</ele>
  </trkpt>
  <trkpt lat="-7.77802376" lon="112.64215054">
   <ele>1118.151</ele>
  </trkpt>
  <trkpt lat="-7.77799820" lon="112.64208759">
   <ele>1119.112</ele>
  </trkpt>
  <trkpt lat="-7.77796810" lon="112.64200813">
   <ele>1120.073</ele>
  </trkpt>
  <trkpt lat="-7.77791932" lon="112.64188324">
   <ele>1121.515</ele>
  </trkpt>
  <trkpt lat="-7.77790407" lon="112.64178467">
   <ele>1122.477</ele>
  </trkpt>
  <trkpt lat="-7.77787138" lon="112.64171778">
   <ele>1124.399</ele>
  </trkpt>
  <trkpt lat="-7.77783114" lon="112.64164226">
   <ele>1124.88</ele>
  </trkpt>
  <trkpt lat="-7.77781128" lon="112.64153958">
   <ele>1126.322</ele>
  </trkpt>
  <trkpt lat="-7.77777256" lon="112.64145191">
   <ele>1127.764</ele>
  </trkpt>
  <trkpt lat="-7.77772034" lon="112.64133724">
   <ele>1130.167</ele>
  </trkpt>
  <trkpt lat="-7.77768387" lon="112.64128502">
   <ele>1131.128</ele>
  </trkpt>
  <trkpt lat="-7.77763417" lon="112.64120154">
   <ele>1132.09</ele>
  </trkpt>
  <trkpt lat="-7.77760291" lon="112.64111437">
   <ele>1134.012</ele>
  </trkpt>
  <trkpt lat="-7.77756318" lon="112.64104539">
   <ele>1135.454</ele>
  </trkpt>
  <trkpt lat="-7.77752127" lon="112.64095176">
   <ele>1136.416</ele>
  </trkpt>
  <trkpt lat="-7.77747910" lon="112.64086685">
   <ele>1137.858</ele>
  </trkpt>
  <trkpt lat="-7.77744524" lon="112.64078379">
   <ele>1139.3</ele>
  </trkpt>
  <trkpt lat="-7.77737651" lon="112.64063073">
   <ele>1141.703</ele>
  </trkpt>
  <trkpt lat="-7.77734935" lon="112.64058757">
   <ele>1145.067</ele>
  </trkpt>
  <trkpt lat="-7.77734927" lon="112.64058740">
   <ele>1141.703</ele>
  </trkpt>
  <trkpt lat="-7.77734927" lon="112.64058648">
   <ele>1144.106</ele>
  </trkpt>
  <trkpt lat="-7.77734986" lon="112.64058547">
   <ele>1143.625</ele>
  </trkpt>
  <trkpt lat="-7.77734935" lon="112.64058480">
   <ele>1145.548</ele>
  </trkpt>
  <trkpt lat="-7.77734885" lon="112.64058338">
   <ele>1144.106</ele>
  </trkpt>
  <trkpt lat="-7.77732898" lon="112.64056586">
   <ele>1145.548</ele>
  </trkpt>
  <trkpt lat="-7.77729370" lon="112.64049629">
   <ele>1147.951</ele>
  </trkpt>
  <trkpt lat="-7.77723243" lon="112.64037835">
   <ele>1150.835</ele>
  </trkpt>
  <trkpt lat="-7.77719923" lon="112.64029236">
   <ele>1152.758</ele>
  </trkpt>
  <trkpt lat="-7.77713151" lon="112.64016998">
   <ele>1155.161</ele>
  </trkpt>
  <trkpt lat="-7.77711282" lon="112.64019068">
   <ele>1157.084</ele>
  </trkpt>
  <trkpt lat="-7.77711290" lon="112.64018792">
   <ele>1157.565</ele>
  </trkpt>
  <trkpt lat="-7.77711231" lon="112.64018716">
   <ele>1150.355</ele>
  </trkpt>
  <trkpt lat="-7.77709555" lon="112.64017610">
   <ele>1157.565</ele>
  </trkpt>
  <trkpt lat="-7.77707979" lon="112.64012313">
   <ele>1158.526</ele>
  </trkpt>
  <trkpt lat="-7.77699840" lon="112.64003235">
   <ele>1159.968</ele>
  </trkpt>
  <trkpt lat="-7.77696605" lon="112.63996311">
   <ele>1162.852</ele>
  </trkpt>
  <trkpt lat="-7.77691760" lon="112.63982045">
   <ele>1165.736</ele>
  </trkpt>
  <trkpt lat="-7.77690151" lon="112.63978500">
   <ele>1168.62</ele>
  </trkpt>
  <trkpt lat="-7.77688759" lon="112.63975524">
   <ele>1171.504</ele>
  </trkpt>
  <trkpt lat="-7.77688743" lon="112.63975457">
   <ele>1172.465</ele>
  </trkpt>
  <trkpt lat="-7.77688692" lon="112.63975399">
   <ele>1168.62</ele>
  </trkpt>
  <trkpt lat="-7.77688650" lon="112.63975332">
   <ele>1170.542</ele>
  </trkpt>
  <trkpt lat="-7.77688634" lon="112.63975306">
   <ele>1166.697</ele>
  </trkpt>
  <trkpt lat="-7.77688432" lon="112.63974912">
   <ele>1170.062</ele>
  </trkpt>
  <trkpt lat="-7.77685750" lon="112.63975273">
   <ele>1172.946</ele>
  </trkpt>
  <trkpt lat="-7.77683873" lon="112.63974586">
   <ele>1174.388</ele>
  </trkpt>
  <trkpt lat="-7.77681593" lon="112.63970663">
   <ele>1174.868</ele>
  </trkpt>
  <trkpt lat="-7.77679556" lon="112.63966489">
   <ele>1176.31</ele>
  </trkpt>
  <trkpt lat="-7.77675935" lon="112.63961066">
   <ele>1178.233</ele>
  </trkpt>
  <trkpt lat="-7.77671794" lon="112.63954561">
   <ele>1179.194</ele>
  </trkpt>
  <trkpt lat="-7.77665935" lon="112.63944377">
   <ele>1180.636</ele>
  </trkpt>
  <trkpt lat="-7.77665357" lon="112.63939817">
   <ele>1182.078</ele>
  </trkpt>
  <trkpt lat="-7.77661937" lon="112.63931662">
   <ele>1184.001</ele>
  </trkpt>
  <trkpt lat="-7.77661434" lon="112.63926323">
   <ele>1184.482</ele>
  </trkpt>
  <trkpt lat="-7.77661216" lon="112.63924420">
   <ele>1185.924</ele>
  </trkpt>
  <trkpt lat="-7.77654377" lon="112.63916046">
   <ele>1185.924</ele>
  </trkpt>
  <trkpt lat="-7.77650697" lon="112.63911587">
   <ele>1187.365</ele>
  </trkpt>
  <trkpt lat="-7.77644243" lon="112.63899392">
   <ele>1189.769</ele>
  </trkpt>
  <trkpt lat="-7.77640362" lon="112.63892921">
   <ele>1192.653</ele>
  </trkpt>
  <trkpt lat="-7.77640362" lon="112.63893046">
   <ele>1190.73</ele>
  </trkpt>
  <trkpt lat="-7.77640371" lon="112.63893055">
   <ele>1196.498</ele>
  </trkpt>
  <trkpt lat="-7.77640421" lon="112.63893046">
   <ele>1189.769</ele>
  </trkpt>
  <trkpt lat="-7.77640471" lon="112.63892728">
   <ele>1193.614</ele>
  </trkpt>
  <trkpt lat="-7.77638124" lon="112.63891387">
   <ele>1192.653</ele>
  </trkpt>
  <trkpt lat="-7.77641955" lon="112.63894279">
   <ele>1193.133</ele>
  </trkpt>
  <trkpt lat="-7.77643556" lon="112.63898780">
   <ele>1192.653</ele>
  </trkpt>
  <trkpt lat="-7.77634663" lon="112.63889132">
   <ele>1193.614</ele>
  </trkpt>
  <trkpt lat="-7.77640153" lon="112.63892191">
   <ele>1193.614</ele>
  </trkpt>
  <trkpt lat="-7.77635811" lon="112.63887841">
   <ele>1195.537</ele>
  </trkpt>
  <trkpt lat="-7.77633422" lon="112.63883969">
   <ele>1195.537</ele>
  </trkpt>
  <trkpt lat="-7.77634319" lon="112.63880876">
   <ele>1196.498</ele>
  </trkpt>
  <trkpt lat="-7.77634143" lon="112.63875076">
   <ele>1197.459</ele>
  </trkpt>
  <trkpt lat="-7.77629801" lon="112.63870382">
   <ele>1198.901</ele>
  </trkpt>
  <trkpt lat="-7.77625887" lon="112.63865990">
   <ele>1199.382</ele>
  </trkpt>
  <trkpt lat="-7.77624638" lon="112.63862528">
   <ele>1200.344</ele>
  </trkpt>
  <trkpt lat="-7.77622727" lon="112.63858052">
   <ele>1201.305</ele>
  </trkpt>
  <trkpt lat="-7.77619307" lon="112.63848991">
   <ele>1202.266</ele>
  </trkpt>
  <trkpt lat="-7.77615845" lon="112.63841908">
   <ele>1203.708</ele>
  </trkpt>
  <trkpt lat="-7.77611461" lon="112.63835480">
   <ele>1204.189</ele>
  </trkpt>
  <trkpt lat="-7.77600951" lon="112.63821985">
   <ele>1206.592</ele>
  </trkpt>
  <trkpt lat="-7.77602878" lon="112.63809521">
   <ele>1208.514</ele>
  </trkpt>
  <trkpt lat="-7.77607748" lon="112.63806336">
   <ele>1211.879</ele>
  </trkpt>
  <trkpt lat="-7.77617781" lon="112.63801751">
   <ele>1214.282</ele>
  </trkpt>
  <trkpt lat="-7.77630212" lon="112.63790946">
   <ele>1216.205</ele>
  </trkpt>
  <trkpt lat="-7.77639139" lon="112.63778684">
   <ele>1217.647</ele>
  </trkpt>
  <trkpt lat="-7.77648493" lon="112.63768340">
   <ele>1220.531</ele>
  </trkpt>
  <trkpt lat="-7.77656187" lon="112.63763781">
   <ele>1223.415</ele>
  </trkpt>
  <trkpt lat="-7.77660613" lon="112.63760277">
   <ele>1223.896</ele>
  </trkpt>
  <trkpt lat="-7.77659926" lon="112.63759724">
   <ele>1224.376</ele>
  </trkpt>
  <trkpt lat="-7.77652835" lon="112.63760336">
   <ele>1225.818</ele>
  </trkpt>
  <trkpt lat="-7.77637722" lon="112.63763932">
   <ele>1227.26</ele>
  </trkpt>
  <trkpt lat="-7.77635794" lon="112.63757662">
   <ele>1229.183</ele>
  </trkpt>
  <trkpt lat="-7.77641930" lon="112.63750152">
   <ele>1232.548</ele>
  </trkpt>
  <trkpt lat="-7.77636272" lon="112.63750646">
   <ele>1235.431</ele>
  </trkpt>
  <trkpt lat="-7.77629105" lon="112.63751828">
   <ele>1236.393</ele>
  </trkpt>
  <trkpt lat="-7.77631762" lon="112.63739750">
   <ele>1238.796</ele>
  </trkpt>
  <trkpt lat="-7.77636549" lon="112.63732089">
   <ele>1239.757</ele>
  </trkpt>
  <trkpt lat="-7.77637110" lon="112.63732047">
   <ele>1243.122</ele>
  </trkpt>
  <trkpt lat="-7.77639004" lon="112.63727998">
   <ele>1243.122</ele>
  </trkpt>
  <trkpt lat="-7.77640915" lon="112.63719122">
   <ele>1245.525</ele>
  </trkpt>
  <trkpt lat="-7.77639943" lon="112.63717580">
   <ele>1246.487</ele>
  </trkpt>
  <trkpt lat="-7.77632290" lon="112.63714361">
   <ele>1249.851</ele>
  </trkpt>
  <trkpt lat="-7.77621738" lon="112.63720656">
   <ele>1252.735</ele>
  </trkpt>
  <trkpt lat="-7.77613901" lon="112.63730446">
   <ele>1253.697</ele>
  </trkpt>
  <trkpt lat="-7.77602057" lon="112.63727018">
   <ele>1257.542</ele>
  </trkpt>
  <trkpt lat="-7.77596986" lon="112.63726724">
   <ele>1260.426</ele>
  </trkpt>
  <trkpt lat="-7.77596760" lon="112.63726674">
   <ele>1260.906</ele>
  </trkpt>
  <trkpt lat="-7.77596827" lon="112.63726850">
   <ele>1263.31</ele>
  </trkpt>
  <trkpt lat="-7.77596877" lon="112.63726749">
   <ele>1261.868</ele>
  </trkpt>
  <trkpt lat="-7.77596843" lon="112.63726741">
   <ele>1264.752</ele>
  </trkpt>
  <trkpt lat="-7.77596726" lon="112.63726431">
   <ele>1262.348</ele>
  </trkpt>
  <trkpt lat="-7.77591513" lon="112.63725744">
   <ele>1263.79</ele>
  </trkpt>
  <trkpt lat="-7.77583726" lon="112.63725283">
   <ele>1264.271</ele>
  </trkpt>
  <trkpt lat="-7.77574413" lon="112.63721972">
   <ele>1266.194</ele>
  </trkpt>
  <trkpt lat="-7.77568932" lon="112.63713984">
   <ele>1268.116</ele>
  </trkpt>
  <trkpt lat="-7.77560634" lon="112.63706759">
   <ele>1269.558</ele>
  </trkpt>
  <trkpt lat="-7.77552721" lon="112.63699265">
   <ele>1271.961</ele>
  </trkpt>
  <trkpt lat="-7.77545974" lon="112.63688562">
   <ele>1274.845</ele>
  </trkpt>
  <trkpt lat="-7.77541297" lon="112.63685846">
   <ele>1276.768</ele>
  </trkpt>
  <trkpt lat="-7.77535412" lon="112.63677246">
   <ele>1280.133</ele>
  </trkpt>
  <trkpt lat="-7.77530299" lon="112.63673751">
   <ele>1282.536</ele>
  </trkpt>
  <trkpt lat="-7.77528296" lon="112.63670281">
   <ele>1284.939</ele>
  </trkpt>
  <trkpt lat="-7.77529193" lon="112.63672175">
   <ele>1285.42</ele>
  </trkpt>
  <trkpt lat="-7.77520828" lon="112.63666400">
   <ele>1286.862</ele>
  </trkpt>
  <trkpt lat="-7.77513259" lon="112.63656517">
   <ele>1288.304</ele>
  </trkpt>
  <trkpt lat="-7.77507635" lon="112.63651229">
   <ele>1291.188</ele>
  </trkpt>
  <trkpt lat="-7.77506931" lon="112.63649854">
   <ele>1290.707</ele>
  </trkpt>
  <trkpt lat="-7.77505229" lon="112.63646434">
   <ele>1292.149</ele>
  </trkpt>
  <trkpt lat="-7.77501516" lon="112.63640466">
   <ele>1293.591</ele>
  </trkpt>
  <trkpt lat="-7.77499513" lon="112.63635680">
   <ele>1294.552</ele>
  </trkpt>
  <trkpt lat="-7.77492732" lon="112.63626083">
   <ele>1296.956</ele>
  </trkpt>
  <trkpt lat="-7.77485657" lon="112.63618422">
   <ele>1298.398</ele>
  </trkpt>
  <trkpt lat="-7.77488206" lon="112.63614977">
   <ele>1298.878</ele>
  </trkpt>
  <trkpt lat="-7.77481148" lon="112.63609922">
   <ele>1299.84</ele>
  </trkpt>
  <trkpt lat="-7.77476840" lon="112.63607986">
   <ele>1300.321</ele>
  </trkpt>
  <trkpt lat="-7.77474577" lon="112.63602505">
   <ele>1301.762</ele>
  </trkpt>
  <trkpt lat="-7.77469254" lon="112.63597350">
   <ele>1302.724</ele>
  </trkpt>
  <trkpt lat="-7.77464736" lon="112.63593251">
   <ele>1303.685</ele>
  </trkpt>
  <trkpt lat="-7.77459464" lon="112.63585447">
   <ele>1304.646</ele>
  </trkpt>
  <trkpt lat="-7.77458995" lon="112.63578750">
   <ele>1306.088</ele>
  </trkpt>
  <trkpt lat="-7.77454234" lon="112.63571860">
   <ele>1307.05</ele>
  </trkpt>
  <trkpt lat="-7.77449246" lon="112.63565398">
   <ele>1308.011</ele>
  </trkpt>
  <trkpt lat="-7.77444527" lon="112.63556396">
   <ele>1309.453</ele>
  </trkpt>
  <trkpt lat="-7.77443983" lon="112.63555826">
   <ele>1310.895</ele>
  </trkpt>
  <trkpt lat="-7.77443790" lon="112.63555557">
   <ele>1317.144</ele>
  </trkpt>
  <trkpt lat="-7.77443530" lon="112.63555004">
   <ele>1308.972</ele>
  </trkpt>
  <trkpt lat="-7.77443413" lon="112.63554786">
   <ele>1312.337</ele>
  </trkpt>
  <trkpt lat="-7.77443002" lon="112.63553286">
   <ele>1307.05</ele>
  </trkpt>
  <trkpt lat="-7.77438115" lon="112.63545197">
   <ele>1310.895</ele>
  </trkpt>
  <trkpt lat="-7.77434302" lon="112.63538391">
   <ele>1310.895</ele>
  </trkpt>
  <trkpt lat="-7.77430211" lon="112.63528752">
   <ele>1311.856</ele>
  </trkpt>
  <trkpt lat="-7.77426372" lon="112.63520270">
   <ele>1313.779</ele>
  </trkpt>
  <trkpt lat="-7.77424688" lon="112.63518400">
   <ele>1314.26</ele>
  </trkpt>
  <trkpt lat="-7.77421846" lon="112.63511620">
   <ele>1315.221</ele>
  </trkpt>
  <trkpt lat="-7.77417471" lon="112.63506180">
   <ele>1316.663</ele>
  </trkpt>
  <trkpt lat="-7.77415543" lon="112.63503791">
   <ele>1317.144</ele>
  </trkpt>
  <trkpt lat="-7.77411796" lon="112.63494579">
   <ele>1318.105</ele>
  </trkpt>
  <trkpt lat="-7.77409332" lon="112.63491838">
   <ele>1319.547</ele>
  </trkpt>
  <trkpt lat="-7.77407069" lon="112.63488628">
   <ele>1320.508</ele>
  </trkpt>
  <trkpt lat="-7.77404127" lon="112.63483138">
   <ele>1321.469</ele>
  </trkpt>
  <trkpt lat="-7.77401285" lon="112.63476860">
   <ele>1322.911</ele>
  </trkpt>
  <trkpt lat="-7.77397606" lon="112.63471856">
   <ele>1322.911</ele>
  </trkpt>
  <trkpt lat="-7.77392652" lon="112.63463943">
   <ele>1324.354</ele>
  </trkpt>
  <trkpt lat="-7.77391889" lon="112.63461940">
   <ele>1324.834</ele>
  </trkpt>
  <trkpt lat="-7.77390070" lon="112.63455503">
   <ele>1325.315</ele>
  </trkpt>
  <trkpt lat="-7.77386818" lon="112.63450633">
   <ele>1326.276</ele>
  </trkpt>
  <trkpt lat="-7.77378436" lon="112.63445654">
   <ele>1327.718</ele>
  </trkpt>
  <trkpt lat="-7.77375218" lon="112.63442033">
   <ele>1328.679</ele>
  </trkpt>
  <trkpt lat="-7.77374195" lon="112.63434925">
   <ele>1329.16</ele>
  </trkpt>
  <trkpt lat="-7.77370591" lon="112.63427800">
   <ele>1330.121</ele>
  </trkpt>
  <trkpt lat="-7.77364438" lon="112.63419930">
   <ele>1331.563</ele>
  </trkpt>
  <trkpt lat="-7.77359895" lon="112.63412847">
   <ele>1332.525</ele>
  </trkpt>
  <trkpt lat="-7.77355277" lon="112.63407533">
   <ele>1333.486</ele>
  </trkpt>
  <trkpt lat="-7.77350466" lon="112.63403904">
   <ele>1334.447</ele>
  </trkpt>
  <trkpt lat="-7.77347255" lon="112.63398137">
   <ele>1335.408</ele>
  </trkpt>
  <trkpt lat="-7.77341673" lon="112.63392404">
   <ele>1336.37</ele>
  </trkpt>
  <trkpt lat="-7.77339427" lon="112.63388313">
   <ele>1337.812</ele>
  </trkpt>
  <trkpt lat="-7.77336569" lon="112.63384290">
   <ele>1339.254</ele>
  </trkpt>
  <trkpt lat="-7.77333744" lon="112.63380158">
   <ele>1339.734</ele>
  </trkpt>
  <trkpt lat="-7.77328606" lon="112.63372849">
   <ele>1340.696</ele>
  </trkpt>
  <trkpt lat="-7.77328078" lon="112.63372312">
   <ele>1344.541</ele>
  </trkpt>
  <trkpt lat="-7.77327575" lon="112.63371734">
   <ele>1341.177</ele>
  </trkpt>
  <trkpt lat="-7.77327122" lon="112.63371156">
   <ele>1337.812</ele>
  </trkpt>
  <trkpt lat="-7.77326711" lon="112.63370544">
   <ele>1345.022</ele>
  </trkpt>
  <trkpt lat="-7.77326368" lon="112.63369890">
   <ele>1339.254</ele>
  </trkpt>
  <trkpt lat="-7.77323644" lon="112.63365473">
   <ele>1341.177</ele>
  </trkpt>
  <trkpt lat="-7.77323225" lon="112.63364953">
   <ele>1337.812</ele>
  </trkpt>
  <trkpt lat="-7.77320618" lon="112.63361801">
   <ele>1343.099</ele>
  </trkpt>
  <trkpt lat="-7.77311012" lon="112.63352196">
   <ele>1344.061</ele>
  </trkpt>
  <trkpt lat="-7.77306846" lon="112.63344954">
   <ele>1344.541</ele>
  </trkpt>
  <trkpt lat="-7.77304256" lon="112.63341668">
   <ele>1345.022</ele>
  </trkpt>
  <trkpt lat="-7.77295707" lon="112.63333219">
   <ele>1346.944</ele>
  </trkpt>
  <trkpt lat="-7.77286763" lon="112.63323379">
   <ele>1348.867</ele>
  </trkpt>
  <trkpt lat="-7.77278088" lon="112.63313798">
   <ele>1350.79</ele>
  </trkpt>
  <trkpt lat="-7.77274450" lon="112.63308501">
   <ele>1352.712</ele>
  </trkpt>
  <trkpt lat="-7.77267770" lon="112.63303304">
   <ele>1353.674</ele>
  </trkpt>
  <trkpt lat="-7.77255926" lon="112.63286037">
   <ele>1356.077</ele>
  </trkpt>
  <trkpt lat="-7.77253739" lon="112.63283439">
   <ele>1356.077</ele>
  </trkpt>
  <trkpt lat="-7.77240780" lon="112.63276700">
   <ele>1358.961</ele>
  </trkpt>
  <trkpt lat="-7.77222223" lon="112.63257338">
   <ele>1362.325</ele>
  </trkpt>
  <trkpt lat="-7.77218753" lon="112.63257623">
   <ele>1362.806</ele>
  </trkpt>
  <trkpt lat="-7.77214863" lon="112.63253096">
   <ele>1363.767</ele>
  </trkpt>
  <trkpt lat="-7.77200790" lon="112.63238839">
   <ele>1366.171</ele>
  </trkpt>
  <trkpt lat="-7.77192140" lon="112.63229133">
   <ele>1370.016</ele>
  </trkpt>
  <trkpt lat="-7.77184328" lon="112.63222729">
   <ele>1372.9</ele>
  </trkpt>
  <trkpt lat="-7.77181604" lon="112.63219493">
   <ele>1376.265</ele>
  </trkpt>
  <trkpt lat="-7.77181612" lon="112.63219552">
   <ele>1378.668</ele>
  </trkpt>
  <trkpt lat="-7.77181579" lon="112.63219653">
   <ele>1381.071</ele>
  </trkpt>
  <trkpt lat="-7.77181730" lon="112.63219778">
   <ele>1374.823</ele>
  </trkpt>
  <trkpt lat="-7.77178964" lon="112.63220147">
   <ele>1375.303</ele>
  </trkpt>
  <trkpt lat="-7.77177329" lon="112.63220147">
   <ele>1373.861</ele>
  </trkpt>
  <trkpt lat="-7.77180145" lon="112.63221388">
   <ele>1375.784</ele>
  </trkpt>
  <trkpt lat="-7.77191176" lon="112.63220734">
   <ele>1376.265</ele>
  </trkpt>
  <trkpt lat="-7.77187781" lon="112.63218647">
   <ele>1377.226</ele>
  </trkpt>
  <trkpt lat="-7.77188217" lon="112.63208924">
   <ele>1378.668</ele>
  </trkpt>
  <trkpt lat="-7.77180640" lon="112.63212377">
   <ele>1380.11</ele>
  </trkpt>
  <trkpt lat="-7.77176566" lon="112.63210181">
   <ele>1380.11</ele>
  </trkpt>
  <trkpt lat="-7.77166609" lon="112.63201925">
   <ele>1382.513</ele>
  </trkpt>
  <trkpt lat="-7.77160155" lon="112.63196879">
   <ele>1382.994</ele>
  </trkpt>
  <trkpt lat="-7.77154949" lon="112.63195949">
   <ele>1384.436</ele>
  </trkpt>
  <trkpt lat="-7.77153709" lon="112.63187064">
   <ele>1386.358</ele>
  </trkpt>
  <trkpt lat="-7.77148655" lon="112.63187600">
   <ele>1386.358</ele>
  </trkpt>
  <trkpt lat="-7.77144087" lon="112.63195982">
   <ele>1386.358</ele>
  </trkpt>
  <trkpt lat="-7.77147012" lon="112.63191205">
   <ele>1388.281</ele>
  </trkpt>
  <trkpt lat="-7.77142653" lon="112.63188438">
   <ele>1390.204</ele>
  </trkpt>
  <trkpt lat="-7.77139527" lon="112.63185664">
   <ele>1391.646</ele>
  </trkpt>
  <trkpt lat="-7.77141086" lon="112.63180543">
   <ele>1391.165</ele>
  </trkpt>
  <trkpt lat="-7.77135973" lon="112.63179218">
   <ele>1392.126</ele>
  </trkpt>
  <trkpt lat="-7.77138487" lon="112.63182420">
   <ele>1392.607</ele>
  </trkpt>
  <trkpt lat="-7.77138974" lon="112.63179847">
   <ele>1393.568</ele>
  </trkpt>
  <trkpt lat="-7.77137188" lon="112.63161734">
   <ele>1395.01</ele>
  </trkpt>
  <trkpt lat="-7.77132218" lon="112.63163385">
   <ele>1395.972</ele>
  </trkpt>
  <trkpt lat="-7.77126845" lon="112.63157006">
   <ele>1397.414</ele>
  </trkpt>
  <trkpt lat="-7.77119620" lon="112.63150502">
   <ele>1397.894</ele>
  </trkpt>
  <trkpt lat="-7.77116267" lon="112.63143403">
   <ele>1399.336</ele>
  </trkpt>
  <trkpt lat="-7.77112319" lon="112.63134233">
   <ele>1400.778</ele>
  </trkpt>
  <trkpt lat="-7.77115932" lon="112.63139932">
   <ele>1400.778</ele>
  </trkpt>
  <trkpt lat="-7.77117248" lon="112.63136714">
   <ele>1400.778</ele>
  </trkpt>
  <trkpt lat="-7.77105806" lon="112.63128759">
   <ele>1402.22</ele>
  </trkpt>
  <trkpt lat="-7.77097885" lon="112.63118391">
   <ele>1403.181</ele>
  </trkpt>
  <trkpt lat="-7.77095891" lon="112.63108769">
   <ele>1404.143</ele>
  </trkpt>
  <trkpt lat="-7.77089965" lon="112.63103681">
   <ele>1406.065</ele>
  </trkpt>
  <trkpt lat="-7.77079286" lon="112.63099708">
   <ele>1406.546</ele>
  </trkpt>
  <trkpt lat="-7.77082622" lon="112.63092105">
   <ele>1407.027</ele>
  </trkpt>
  <trkpt lat="-7.77081809" lon="112.63095567">
   <ele>1407.508</ele>
  </trkpt>
  <trkpt lat="-7.77077048" lon="112.63093262">
   <ele>1408.469</ele>
  </trkpt>
  <trkpt lat="-7.77066822" lon="112.63090705">
   <ele>1408.949</ele>
  </trkpt>
  <trkpt lat="-7.77060879" lon="112.63090605">
   <ele>1408.949</ele>
  </trkpt>
  <trkpt lat="-7.77048793" lon="112.63092776">
   <ele>1410.872</ele>
  </trkpt>
  <trkpt lat="-7.77046664" lon="112.63080698">
   <ele>1416.64</ele>
  </trkpt>
  <trkpt lat="-7.77035625" lon="112.63069013">
   <ele>1418.56</ele>
  </trkpt>
  <trkpt lat="-7.77030210" lon="112.63070656">
   <ele>1420.49</ele>
  </trkpt>
  <trkpt lat="-7.77025164" lon="112.63074545">
   <ele>1423.37</ele>
  </trkpt>
  <trkpt lat="-7.77024284" lon="112.63077387">
   <ele>1424.33</ele>
  </trkpt>
  <trkpt lat="-7.77011108" lon="112.63080530">
   <ele>1427.21</ele>
  </trkpt>
  <trkpt lat="-7.76999398" lon="112.63082114">
   <ele>1430.58</ele>
  </trkpt>
  <trkpt lat="-7.76990849" lon="112.63082374">
   <ele>1432.5</ele>
  </trkpt>
  <trkpt lat="-7.76984378" lon="112.63078510">
   <ele>1433.46</ele>
  </trkpt>
  <trkpt lat="-7.76985945" lon="112.63075191">
   <ele>1434.42</ele>
  </trkpt>
  <trkpt lat="-7.76984286" lon="112.63069650">
   <ele>1436.35</ele>
  </trkpt>
  <trkpt lat="-7.76979499" lon="112.63065627">
   <ele>1437.79</ele>
  </trkpt>
  <trkpt lat="-7.76972316" lon="112.63056725">
   <ele>1439.71</ele>
  </trkpt>
  <trkpt lat="-7.76970053" lon="112.63052031">
   <ele>1440.67</ele>
  </trkpt>
  <trkpt lat="-7.76969089" lon="112.63046633">
   <ele>1442.11</ele>
  </trkpt>
  <trkpt lat="-7.76965284" lon="112.63041831">
   <ele>1444.04</ele>
  </trkpt>
  <trkpt lat="-7.76964731" lon="112.63035209">
   <ele>1444.04</ele>
  </trkpt>
  <trkpt lat="-7.76964194" lon="112.63029828">
   <ele>1446.92</ele>
  </trkpt>
  <trkpt lat="-7.76963524" lon="112.63022921">
   <ele>1447.88</ele>
  </trkpt>
  <trkpt lat="-7.76957757" lon="112.63013030">
   <ele>1450.29</ele>
  </trkpt>
  <trkpt lat="-7.76948595" lon="112.63006610">
   <ele>1453.17</ele>
  </trkpt>
  <trkpt lat="-7.76941337" lon="112.63000977">
   <ele>1456.05</ele>
  </trkpt>
  <trkpt lat="-7.76938017" lon="112.62992461">
   <ele>1457.5</ele>
  </trkpt>
  <trkpt lat="-7.76931982" lon="112.62986066">
   <ele>1459.42</ele>
  </trkpt>
  <trkpt lat="-7.76935805" lon="112.62978413">
   <ele>1461.34</ele>
  </trkpt>
  <trkpt lat="-7.76935461" lon="112.62972068">
   <ele>1462.78</ele>
  </trkpt>
  <trkpt lat="-7.76928479" lon="112.62969570">
   <ele>1465.67</ele>
  </trkpt>
  <trkpt lat="-7.76924221" lon="112.62966192">
   <ele>1464.71</ele>
  </trkpt>
  <trkpt lat="-7.76922645" lon="112.62955857">
   <ele>1466.15</ele>
  </trkpt>
  <trkpt lat="-7.76924263" lon="112.62947450">
   <ele>1468.07</ele>
  </trkpt>
  <trkpt lat="-7.76929610" lon="112.62939043">
   <ele>1469.99</ele>
  </trkpt>
  <trkpt lat="-7.76934128" lon="112.62933595">
   <ele>1472.4</ele>
  </trkpt>
  <trkpt lat="-7.76935813" lon="112.62933042">
   <ele>1473.84</ele>
  </trkpt>
  <trkpt lat="-7.76936064" lon="112.62930117">
   <ele>1475.76</ele>
  </trkpt>
  <trkpt lat="-7.76931991" lon="112.62927870">
   <ele>1476.72</ele>
  </trkpt>
  <trkpt lat="-7.76927297" lon="112.62923319">
   <ele>1478.65</ele>
  </trkpt>
  <trkpt lat="-7.76926719" lon="112.62920561">
   <ele>1480.57</ele>
  </trkpt>
  <trkpt lat="-7.76923718" lon="112.62914476">
   <ele>1482.97</ele>
  </trkpt>
  <trkpt lat="-7.76922712" lon="112.62909598">
   <ele>1484.41</ele>
  </trkpt>
  <trkpt lat="-7.76919242" lon="112.62904787">
   <ele>1486.34</ele>
  </trkpt>
  <trkpt lat="-7.76916912" lon="112.62898559">
   <ele>1488.74</ele>
  </trkpt>
  <trkpt lat="-7.76924908" lon="112.62899581">
   <ele>1490.18</ele>
  </trkpt>
  <trkpt lat="-7.76931857" lon="112.62897268">
   <ele>1492.1</ele>
  </trkpt>
  <trkpt lat="-7.76937607" lon="112.62893689">
   <ele>1494.99</ele>
  </trkpt>
  <trkpt lat="-7.76937230" lon="112.62887570">
   <ele>1497.87</ele>
  </trkpt>
  <trkpt lat="-7.76935008" lon="112.62886338">
   <ele>1499.79</ele>
  </trkpt>
  <trkpt lat="-7.76933273" lon="112.62887176">
   <ele>1501.24</ele>
  </trkpt>
  <trkpt lat="-7.76934329" lon="112.62881451">
   <ele>1501.72</ele>
  </trkpt>
  <trkpt lat="-7.76929837" lon="112.62877386">
   <ele>1504.12</ele>
  </trkpt>
  <trkpt lat="-7.76928873" lon="112.62871091">
   <ele>1506.04</ele>
  </trkpt>
  <trkpt lat="-7.76924288" lon="112.62864805">
   <ele>1508.45</ele>
  </trkpt>
  <trkpt lat="-7.76922050" lon="112.62859122">
   <ele>1511.81</ele>
  </trkpt>
  <trkpt lat="-7.76921832" lon="112.62853984">
   <ele>1515.18</ele>
  </trkpt>
  <trkpt lat="-7.76919108" lon="112.62846742">
   <ele>1518.06</ele>
  </trkpt>
  <trkpt lat="-7.76915227" lon="112.62841780">
   <ele>1521.42</ele>
  </trkpt>
  <trkpt lat="-7.76914858" lon="112.62835971">
   <ele>1525.27</ele>
  </trkpt>
  <trkpt lat="-7.76911053" lon="112.62831680">
   <ele>1528.63</ele>
  </trkpt>
  <trkpt lat="-7.76910324" lon="112.62825351">
   <ele>1531.52</ele>
  </trkpt>
  <trkpt lat="-7.76909485" lon="112.62825225">
   <ele>1532</ele>
  </trkpt>
  <trkpt lat="-7.76909184" lon="112.62827053">
   <ele>1532</ele>
  </trkpt>
  <trkpt lat="-7.76910827" lon="112.62826357">
   <ele>1533.92</ele>
  </trkpt>
  <trkpt lat="-7.76910173" lon="112.62821613">
   <ele>1534.4</ele>
  </trkpt>
  <trkpt lat="-7.76913031" lon="112.62820766">
   <ele>1536.8</ele>
  </trkpt>
  <trkpt lat="-7.76906476" lon="112.62817229">
   <ele>1538.73</ele>
  </trkpt>
  <trkpt lat="-7.76906091" lon="112.62815192">
   <ele>1540.65</ele>
  </trkpt>
  <trkpt lat="-7.76905244" lon="112.62813298">
   <ele>1542.57</ele>
  </trkpt>
  <trkpt lat="-7.76903149" lon="112.62812384">
   <ele>1542.57</ele>
  </trkpt>
  <trkpt lat="-7.76900299" lon="112.62806660">
   <ele>1544.01</ele>
  </trkpt>
  <trkpt lat="-7.76897533" lon="112.62801094">
   <ele>1546.9</ele>
  </trkpt>
  <trkpt lat="-7.76895957" lon="112.62799736">
   <ele>1548.82</ele>
  </trkpt>
  <trkpt lat="-7.76903719" lon="112.62806358">
   <ele>1548.34</ele>
  </trkpt>
  <trkpt lat="-7.76906334" lon="112.62808369">
   <ele>1548.34</ele>
  </trkpt>
  <trkpt lat="-7.76900793" lon="112.62807473">
   <ele>1548.34</ele>
  </trkpt>
  <trkpt lat="-7.76901917" lon="112.62806802">
   <ele>1548.34</ele>
  </trkpt>
  <trkpt lat="-7.76904079" lon="112.62808881">
   <ele>1548.34</ele>
  </trkpt>
  <trkpt lat="-7.76903492" lon="112.62805830">
   <ele>1548.34</ele>
  </trkpt>
  <trkpt lat="-7.76900777" lon="112.62803181">
   <ele>1547.86</ele>
  </trkpt>
  <trkpt lat="-7.76901531" lon="112.62801924">
   <ele>1548.34</ele>
  </trkpt>
  <trkpt lat="-7.76900425" lon="112.62802133">
   <ele>1548.34</ele>
  </trkpt>
  <trkpt lat="-7.76900173" lon="112.62801094">
   <ele>1548.34</ele>
  </trkpt>
  <trkpt lat="-7.76903442" lon="112.62799057">
   <ele>1549.78</ele>
  </trkpt>
  <trkpt lat="-7.76904339" lon="112.62794020">
   <ele>1552.19</ele>
  </trkpt>
  <trkpt lat="-7.76905194" lon="112.62790105">
   <ele>1553.15</ele>
  </trkpt>
  <trkpt lat="-7.76905529" lon="112.62785227">
   <ele>1554.11</ele>
  </trkpt>
  <trkpt lat="-7.76907993" lon="112.62777030">
   <ele>1556.51</ele>
  </trkpt>
  <trkpt lat="-7.76913727" lon="112.62773509">
   <ele>1558.43</ele>
  </trkpt>
  <trkpt lat="-7.76921363" lon="112.62761347">
   <ele>1560.36</ele>
  </trkpt>
  <trkpt lat="-7.76929962" lon="112.62753929">
   <ele>1559.88</ele>
  </trkpt>
  <trkpt lat="-7.76934774" lon="112.62744927">
   <ele>1561.32</ele>
  </trkpt>
  <trkpt lat="-7.76935235" lon="112.62732832">
   <ele>1561.32</ele>
  </trkpt>
  <trkpt lat="-7.76934581" lon="112.62731818">
   <ele>1561.8</ele>
  </trkpt>
  <trkpt lat="-7.76949568" lon="112.62727769">
   <ele>1562.28</ele>
  </trkpt>
  <trkpt lat="-7.76959383" lon="112.62721105">
   <ele>1562.28</ele>
  </trkpt>
  <trkpt lat="-7.76954614" lon="112.62723729">
   <ele>1562.28</ele>
  </trkpt>
  <trkpt lat="-7.76951127" lon="112.62724651">
   <ele>1562.28</ele>
  </trkpt>
  <trkpt lat="-7.76952066" lon="112.62721935">
   <ele>1562.76</ele>
  </trkpt>
  <trkpt lat="-7.76955066" lon="112.62724224">
   <ele>1562.76</ele>
  </trkpt>
  <trkpt lat="-7.76953910" lon="112.62724207">
   <ele>1562.28</ele>
  </trkpt>
  <trkpt lat="-7.76964303" lon="112.62714819">
   <ele>1563.72</ele>
  </trkpt>
  <trkpt lat="-7.76961646" lon="112.62707468">
   <ele>1565.64</ele>
  </trkpt>
  <trkpt lat="-7.76964211" lon="112.62704216">
   <ele>1567.57</ele>
  </trkpt>
  <trkpt lat="-7.76969894" lon="112.62702112">
   <ele>1569.49</ele>
  </trkpt>
  <trkpt lat="-7.76972274" lon="112.62697469">
   <ele>1572.37</ele>
  </trkpt>
  <trkpt lat="-7.76977798" lon="112.62694585">
   <ele>1574.78</ele>
  </trkpt>
  <trkpt lat="-7.76988577" lon="112.62692565">
   <ele>1577.18</ele>
  </trkpt>
  <trkpt lat="-7.76988124" lon="112.62685323">
   <ele>1580.54</ele>
  </trkpt>
  <trkpt lat="-7.76984696" lon="112.62677310">
   <ele>1582.47</ele>
  </trkpt>
  <trkpt lat="-7.76981947" lon="112.62669305">
   <ele>1585.35</ele>
  </trkpt>
  <trkpt lat="-7.76977396" lon="112.62653464">
   <ele>1588.72</ele>
  </trkpt>
  <trkpt lat="-7.76975409" lon="112.62638460">
   <ele>1592.56</ele>
  </trkpt>
  <trkpt lat="-7.76973825" lon="112.62628410">
   <ele>1595.93</ele>
  </trkpt>
  <trkpt lat="-7.76974630" lon="112.62616256">
   <ele>1598.33</ele>
  </trkpt>
  <trkpt lat="-7.76976365" lon="112.62602376">
   <ele>1601.69</ele>
  </trkpt>
  <trkpt lat="-7.76971528" lon="112.62594849">
   <ele>1604.58</ele>
  </trkpt>
  <trkpt lat="-7.76966625" lon="112.62587288">
   <ele>1607.46</ele>
  </trkpt>
  <trkpt lat="-7.76971336" lon="112.62580046">
   <ele>1609.38</ele>
  </trkpt>
  <trkpt lat="-7.76972819" lon="112.62571480">
   <ele>1612.75</ele>
  </trkpt>
  <trkpt lat="-7.76973389" lon="112.62565537">
   <ele>1615.63</ele>
  </trkpt>
  <trkpt lat="-7.76969248" lon="112.62562579">
   <ele>1617.07</ele>
  </trkpt>
  <trkpt lat="-7.76967614" lon="112.62557558">
   <ele>1619</ele>
  </trkpt>
  <trkpt lat="-7.76960867" lon="112.62557088">
   <ele>1619</ele>
  </trkpt>
  <trkpt lat="-7.76959492" lon="112.62556636">
   <ele>1619</ele>
  </trkpt>
  <trkpt lat="-7.76957715" lon="112.62558631">
   <ele>1619.48</ele>
  </trkpt>
  <trkpt lat="-7.76961789" lon="112.62557323">
   <ele>1619.48</ele>
  </trkpt>
  <trkpt lat="-7.76965435" lon="112.62558228">
   <ele>1619</ele>
  </trkpt>
  <trkpt lat="-7.76973305" lon="112.62562947">
   <ele>1619.48</ele>
  </trkpt>
  <trkpt lat="-7.76971394" lon="112.62564850">
   <ele>1618.52</ele>
  </trkpt>
  <trkpt lat="-7.76977563" lon="112.62565060">
   <ele>1618.52</ele>
  </trkpt>
  <trkpt lat="-7.76981377" lon="112.62563190">
   <ele>1618.04</ele>
  </trkpt>
  <trkpt lat="-7.76980354" lon="112.62562101">
   <ele>1618.52</ele>
  </trkpt>
  <trkpt lat="-7.76977907" lon="112.62562201">
   <ele>1617.56</ele>
  </trkpt>
  <trkpt lat="-7.76983640" lon="112.62563593">
   <ele>1617.56</ele>
  </trkpt>
  <trkpt lat="-7.76978678" lon="112.62564272">
   <ele>1616.59</ele>
  </trkpt>
  <trkpt lat="-7.76973263" lon="112.62566979">
   <ele>1616.59</ele>
  </trkpt>
  <trkpt lat="-7.76970414" lon="112.62565671">
   <ele>1616.11</ele>
  </trkpt>
  <trkpt lat="-7.76967849" lon="112.62558606">
   <ele>1616.59</ele>
  </trkpt>
  <trkpt lat="-7.76966767" lon="112.62557952">
   <ele>1617.07</ele>
  </trkpt>
  <trkpt lat="-7.76964613" lon="112.62554046">
   <ele>1618.04</ele>
  </trkpt>
  <trkpt lat="-7.76967145" lon="112.62551841">
   <ele>1619.48</ele>
  </trkpt>
  <trkpt lat="-7.76969181" lon="112.62547424">
   <ele>1621.88</ele>
  </trkpt>
  <trkpt lat="-7.76972299" lon="112.62545915">
   <ele>1623.32</ele>
  </trkpt>
  <trkpt lat="-7.76970489" lon="112.62537098">
   <ele>1624.77</ele>
  </trkpt>
  <trkpt lat="-7.76968896" lon="112.62534365">
   <ele>1626.21</ele>
  </trkpt>
  <trkpt lat="-7.76966943" lon="112.62529721">
   <ele>1629.09</ele>
  </trkpt>
  <trkpt lat="-7.76963012" lon="112.62521482">
   <ele>1631.49</ele>
  </trkpt>
  <trkpt lat="-7.76959274" lon="112.62514601">
   <ele>1634.86</ele>
  </trkpt>
  <trkpt lat="-7.76962199" lon="112.62508004">
   <ele>1636.78</ele>
  </trkpt>
  <trkpt lat="-7.76964219" lon="112.62506353">
   <ele>1638.7</ele>
  </trkpt>
  <trkpt lat="-7.76965485" lon="112.62503989">
   <ele>1639.67</ele>
  </trkpt>
  <trkpt lat="-7.76969349" lon="112.62503042">
   <ele>1640.63</ele>
  </trkpt>
  <trkpt lat="-7.76968603" lon="112.62499823">
   <ele>1642.55</ele>
  </trkpt>
  <trkpt lat="-7.76968511" lon="112.62492523">
   <ele>1645.43</ele>
  </trkpt>
  <trkpt lat="-7.76971813" lon="112.62490276">
   <ele>1646.88</ele>
  </trkpt>
  <trkpt lat="-7.76976901" lon="112.62490653">
   <ele>1649.28</ele>
  </trkpt>
  <trkpt lat="-7.76977086" lon="112.62484493">
   <ele>1651.2</ele>
  </trkpt>
  <trkpt lat="-7.76974596" lon="112.62477938">
   <ele>1653.6</ele>
  </trkpt>
  <trkpt lat="-7.76973909" lon="112.62471735">
   <ele>1656.97</ele>
  </trkpt>
  <trkpt lat="-7.76972149" lon="112.62465214">
   <ele>1658.89</ele>
  </trkpt>
  <trkpt lat="-7.76968167" lon="112.62460219">
   <ele>1660.81</ele>
  </trkpt>
  <trkpt lat="-7.76966834" lon="112.62450957">
   <ele>1662.26</ele>
  </trkpt>
  <trkpt lat="-7.76968209" lon="112.62445182">
   <ele>1663.7</ele>
  </trkpt>
  <trkpt lat="-7.76967497" lon="112.62438644">
   <ele>1666.58</ele>
  </trkpt>
  <trkpt lat="-7.76965938" lon="112.62432114">
   <ele>1668.51</ele>
  </trkpt>
  <trkpt lat="-7.76959827" lon="112.62426926">
   <ele>1671.39</ele>
  </trkpt>
  <trkpt lat="-7.76962233" lon="112.62421377">
   <ele>1673.79</ele>
  </trkpt>
  <trkpt lat="-7.76962535" lon="112.62420354">
   <ele>1675.23</ele>
  </trkpt>
  <trkpt lat="-7.76963850" lon="112.62414001">
   <ele>1677.16</ele>
  </trkpt>
  <trkpt lat="-7.76963557" lon="112.62408025">
   <ele>1679.56</ele>
  </trkpt>
  <trkpt lat="-7.76967295" lon="112.62402141">
   <ele>1681.48</ele>
  </trkpt>
  <trkpt lat="-7.76970296" lon="112.62395418">
   <ele>1684.37</ele>
  </trkpt>
  <trkpt lat="-7.76970724" lon="112.62389953">
   <ele>1685.33</ele>
  </trkpt>
  <trkpt lat="-7.76972710" lon="112.62380389">
   <ele>1688.21</ele>
  </trkpt>
  <trkpt lat="-7.76971629" lon="112.62368940">
   <ele>1690.14</ele>
  </trkpt>
  <trkpt lat="-7.76968033" lon="112.62352905">
   <ele>1693.02</ele>
  </trkpt>
  <trkpt lat="-7.76962082" lon="112.62342034">
   <ele>1695.42</ele>
  </trkpt>
  <trkpt lat="-7.76960179" lon="112.62336963">
   <ele>1698.31</ele>
  </trkpt>
  <trkpt lat="-7.76963239" lon="112.62327986">
   <ele>1700.23</ele>
  </trkpt>
  <trkpt lat="-7.76960473" lon="112.62319185">
   <ele>1702.63</ele>
  </trkpt>
  <trkpt lat="-7.76961554" lon="112.62312798">
   <ele>1704.55</ele>
  </trkpt>
  <trkpt lat="-7.76960573" lon="112.62303377">
   <ele>1706.96</ele>
  </trkpt>
  <trkpt lat="-7.76958805" lon="112.62297350">
   <ele>1709.84</ele>
  </trkpt>
  <trkpt lat="-7.76956734" lon="112.62291080">
   <ele>1710.32</ele>
  </trkpt>
  <trkpt lat="-7.76960825" lon="112.62289605">
   <ele>1713.21</ele>
  </trkpt>
  <trkpt lat="-7.76964538" lon="112.62285825">
   <ele>1715.13</ele>
  </trkpt>
  <trkpt lat="-7.76963540" lon="112.62283218">
   <ele>1717.53</ele>
  </trkpt>
  <trkpt lat="-7.76967354" lon="112.62274484">
   <ele>1719.46</ele>
  </trkpt>
  <trkpt lat="-7.76974814" lon="112.62277200">
   <ele>1722.34</ele>
  </trkpt>
  <trkpt lat="-7.76977823" lon="112.62276068">
   <ele>1725.22</ele>
  </trkpt>
  <trkpt lat="-7.76977664" lon="112.62274099">
   <ele>1727.15</ele>
  </trkpt>
  <trkpt lat="-7.76981763" lon="112.62274593">
   <ele>1728.59</ele>
  </trkpt>
  <trkpt lat="-7.76985258" lon="112.62273361">
   <ele>1730.51</ele>
  </trkpt>
  <trkpt lat="-7.76988443" lon="112.62267334">
   <ele>1732.91</ele>
  </trkpt>
  <trkpt lat="-7.76987311" lon="112.62258030">
   <ele>1734.84</ele>
  </trkpt>
  <trkpt lat="-7.76990488" lon="112.62255357">
   <ele>1736.28</ele>
  </trkpt>
  <trkpt lat="-7.76992584" lon="112.62250545">
   <ele>1739.16</ele>
  </trkpt>
  <trkpt lat="-7.76994830" lon="112.62247737">
   <ele>1741.08</ele>
  </trkpt>
  <trkpt lat="-7.77000035" lon="112.62243245">
   <ele>1743.49</ele>
  </trkpt>
  <trkpt lat="-7.77003824" lon="112.62240001">
   <ele>1745.41</ele>
  </trkpt>
  <trkpt lat="-7.77016321" lon="112.62242683">
   <ele>1747.33</ele>
  </trkpt>
  <trkpt lat="-7.77027394" lon="112.62248383">
   <ele>1747.33</ele>
  </trkpt>
  <trkpt lat="-7.77039967" lon="112.62249364">
   <ele>1746.85</ele>
  </trkpt>
  <trkpt lat="-7.77049572" lon="112.62245935">
   <ele>1748.78</ele>
  </trkpt>
  <trkpt lat="-7.77056881" lon="112.62246958">
   <ele>1750.7</ele>
  </trkpt>
  <trkpt lat="-7.77063134" lon="112.62247478">
   <ele>1753.1</ele>
  </trkpt>
  <trkpt lat="-7.77072337" lon="112.62246137">
   <ele>1755.02</ele>
  </trkpt>
  <trkpt lat="-7.77072656" lon="112.62246950">
   <ele>1755.02</ele>
  </trkpt>
  <trkpt lat="-7.77073251" lon="112.62249984">
   <ele>1755.5</ele>
  </trkpt>
  <trkpt lat="-7.77072069" lon="112.62246095">
   <ele>1755.5</ele>
  </trkpt>
  <trkpt lat="-7.77070711" lon="112.62243371">
   <ele>1755.5</ele>
  </trkpt>
  <trkpt lat="-7.77068993" lon="112.62243614">
   <ele>1755.02</ele>
  </trkpt>
  <trkpt lat="-7.77063570" lon="112.62241518">
   <ele>1754.54</ele>
  </trkpt>
  <trkpt lat="-7.77066286" lon="112.62239624">
   <ele>1755.02</ele>
  </trkpt>
  <trkpt lat="-7.77064752" lon="112.62239641">
   <ele>1755.02</ele>
  </trkpt>
  <trkpt lat="-7.77067325" lon="112.62242599">
   <ele>1755.02</ele>
  </trkpt>
  <trkpt lat="-7.77072379" lon="112.62247117">
   <ele>1755.02</ele>
  </trkpt>
  <trkpt lat="-7.77074701" lon="112.62247276">
   <ele>1756.47</ele>
  </trkpt>
  <trkpt lat="-7.77078808" lon="112.62246237">
   <ele>1758.39</ele>
  </trkpt>
  <trkpt lat="-7.77081432" lon="112.62242759">
   <ele>1759.35</ele>
  </trkpt>
  <trkpt lat="-7.77079940" lon="112.62241661">
   <ele>1760.31</ele>
  </trkpt>
  <trkpt lat="-7.77076889" lon="112.62239071">
   <ele>1760.79</ele>
  </trkpt>
  <trkpt lat="-7.77079236" lon="112.62235584">
   <ele>1762.71</ele>
  </trkpt>
  <trkpt lat="-7.77085338" lon="112.62238333">
   <ele>1763.2</ele>
  </trkpt>
  <trkpt lat="-7.77084181" lon="112.62237998">
   <ele>1763.2</ele>
  </trkpt>
  <trkpt lat="-7.77081247" lon="112.62236883">
   <ele>1763.2</ele>
  </trkpt>
  <trkpt lat="-7.77082639" lon="112.62236757">
   <ele>1763.2</ele>
  </trkpt>
  <trkpt lat="-7.77085162" lon="112.62234712">
   <ele>1765.6</ele>
  </trkpt>
  <trkpt lat="-7.77088841" lon="112.62235684">
   <ele>1767.04</ele>
  </trkpt>
  <trkpt lat="-7.77089872" lon="112.62232952">
   <ele>1768.48</ele>
  </trkpt>
  <trkpt lat="-7.77086386" lon="112.62231778">
   <ele>1768.96</ele>
  </trkpt>
  <trkpt lat="-7.77084491" lon="112.62228032">
   <ele>1770.41</ele>
  </trkpt>
  <trkpt lat="-7.77084793" lon="112.62224327">
   <ele>1772.33</ele>
  </trkpt>
  <trkpt lat="-7.77083879" lon="112.62221653">
   <ele>1773.77</ele>
  </trkpt>
  <trkpt lat="-7.77085438" lon="112.62215367">
   <ele>1775.21</ele>
  </trkpt>
  <trkpt lat="-7.77085899" lon="112.62210597">
   <ele>1778.58</ele>
  </trkpt>
  <trkpt lat="-7.77085992" lon="112.62207245">
   <ele>1780.5</ele>
  </trkpt>
  <trkpt lat="-7.77084810" lon="112.62201034">
   <ele>1782.9</ele>
  </trkpt>
  <trkpt lat="-7.77084231" lon="112.62195770">
   <ele>1784.82</ele>
  </trkpt>
  <trkpt lat="-7.77079890" lon="112.62192040">
   <ele>1787.23</ele>
  </trkpt>
  <trkpt lat="-7.77079864" lon="112.62188746">
   <ele>1788.19</ele>
  </trkpt>
  <trkpt lat="-7.77077895" lon="112.62183457">
   <ele>1790.11</ele>
  </trkpt>
  <trkpt lat="-7.77076294" lon="112.62180246">
   <ele>1793</ele>
  </trkpt>
  <trkpt lat="-7.77077811" lon="112.62177992">
   <ele>1793.96</ele>
  </trkpt>
  <trkpt lat="-7.77076243" lon="112.62173901">
   <ele>1796.36</ele>
  </trkpt>
  <trkpt lat="-7.77075414" lon="112.62167866">
   <ele>1799.24</ele>
  </trkpt>
  <trkpt lat="-7.77078582" lon="112.62166659">
   <ele>1800.69</ele>
  </trkpt>
  <trkpt lat="-7.77076679" lon="112.62164388">
   <ele>1801.65</ele>
  </trkpt>
  <trkpt lat="-7.77076202" lon="112.62160851">
   <ele>1803.09</ele>
  </trkpt>
  <trkpt lat="-7.77078448" lon="112.62158244">
   <ele>1805.01</ele>
  </trkpt>
  <trkpt lat="-7.77078180" lon="112.62151530">
   <ele>1806.94</ele>
  </trkpt>
  <trkpt lat="-7.77078372" lon="112.62145344">
   <ele>1809.82</ele>
  </trkpt>
  <trkpt lat="-7.77078842" lon="112.62142930">
   <ele>1811.26</ele>
  </trkpt>
  <trkpt lat="-7.77081189" lon="112.62141748">
   <ele>1813.18</ele>
  </trkpt>
  <trkpt lat="-7.77078087" lon="112.62137624">
   <ele>1814.15</ele>
  </trkpt>
  <trkpt lat="-7.77077761" lon="112.62133442">
   <ele>1816.07</ele>
  </trkpt>
  <trkpt lat="-7.77079487" lon="112.62123459">
   <ele>1818.47</ele>
  </trkpt>
  <trkpt lat="-7.77077459" lon="112.62115060">
   <ele>1820.87</ele>
  </trkpt>
  <trkpt lat="-7.77076428" lon="112.62110174">
   <ele>1821.84</ele>
  </trkpt>
  <trkpt lat="-7.77076243" lon="112.62107617">
   <ele>1823.28</ele>
  </trkpt>
  <trkpt lat="-7.77074718" lon="112.62101482">
   <ele>1825.2</ele>
  </trkpt>
  <trkpt lat="-7.77074483" lon="112.62097601">
   <ele>1827.12</ele>
  </trkpt>
  <trkpt lat="-7.77073662" lon="112.62090183">
   <ele>1830.01</ele>
  </trkpt>
  <trkpt lat="-7.77072857" lon="112.62081482">
   <ele>1831.93</ele>
  </trkpt>
  <trkpt lat="-7.77072262" lon="112.62081658">
   <ele>1831.93</ele>
  </trkpt>
  <trkpt lat="-7.77070351" lon="112.62082153">
   <ele>1832.89</ele>
  </trkpt>
  <trkpt lat="-7.77070661" lon="112.62073754">
   <ele>1835.77</ele>
  </trkpt>
  <trkpt lat="-7.77069337" lon="112.62068851">
   <ele>1838.18</ele>
  </trkpt>
  <trkpt lat="-7.77068138" lon="112.62064107">
   <ele>1840.58</ele>
  </trkpt>
  <trkpt lat="-7.77067409" lon="112.62059698">
   <ele>1842.98</ele>
  </trkpt>
  <trkpt lat="-7.77067878" lon="112.62056940">
   <ele>1844.43</ele>
  </trkpt>
  <trkpt lat="-7.77066294" lon="112.62052406">
   <ele>1846.35</ele>
  </trkpt>
  <trkpt lat="-7.77069655" lon="112.62051391">
   <ele>1847.79</ele>
  </trkpt>
  <trkpt lat="-7.77067350" lon="112.62048609">
   <ele>1849.71</ele>
  </trkpt>
  <trkpt lat="-7.77072564" lon="112.62043286">
   <ele>1852.6</ele>
  </trkpt>
  <trkpt lat="-7.77067702" lon="112.62041199">
   <ele>1854.52</ele>
  </trkpt>
  <trkpt lat="-7.77057183" lon="112.62038584">
   <ele>1857.89</ele>
  </trkpt>
  <trkpt lat="-7.77061667" lon="112.62036304">
   <ele>1860.29</ele>
  </trkpt>
  <trkpt lat="-7.77062271" lon="112.62033253">
   <ele>1862.69</ele>
  </trkpt>
  <trkpt lat="-7.77059329" lon="112.62028785">
   <ele>1865.09</ele>
  </trkpt>
  <trkpt lat="-7.77065506" lon="112.62030093">
   <ele>1866.54</ele>
  </trkpt>
  <trkpt lat="-7.77061508" lon="112.62025600">
   <ele>1868.94</ele>
  </trkpt>
  <trkpt lat="-7.77057594" lon="112.62020722">
   <ele>1871.34</ele>
  </trkpt>
  <trkpt lat="-7.77065733" lon="112.62020806">
   <ele>1873.27</ele>
  </trkpt>
  <trkpt lat="-7.77058625" lon="112.62017922">
   <ele>1876.15</ele>
  </trkpt>
  <trkpt lat="-7.77051374" lon="112.62015274">
   <ele>1877.59</ele>
  </trkpt>
  <trkpt lat="-7.77051559" lon="112.62012717">
   <ele>1880.48</ele>
  </trkpt>
  <trkpt lat="-7.77056873" lon="112.62009306">
   <ele>1882.88</ele>
  </trkpt>
  <trkpt lat="-7.77053285" lon="112.62006733">
   <ele>1886.24</ele>
  </trkpt>
  <trkpt lat="-7.77052539" lon="112.62005383">
   <ele>1886.72</ele>
  </trkpt>
  <trkpt lat="-7.77052238" lon="112.61999390">
   <ele>1889.61</ele>
  </trkpt>
  <trkpt lat="-7.77052187" lon="112.61999013">
   <ele>1889.61</ele>
  </trkpt>
  <trkpt lat="-7.77051341" lon="112.61994353">
   <ele>1889.13</ele>
  </trkpt>
  <trkpt lat="-7.77051156" lon="112.61994252">
   <ele>1889.61</ele>
  </trkpt>
  <trkpt lat="-7.77050201" lon="112.61995015">
   <ele>1889.13</ele>
  </trkpt>
  <trkpt lat="-7.77052078" lon="112.61997337">
   <ele>1889.13</ele>
  </trkpt>
  <trkpt lat="-7.77052715" lon="112.61998854">
   <ele>1889.61</ele>
  </trkpt>
  <trkpt lat="-7.77049564" lon="112.61994042">
   <ele>1889.13</ele>
  </trkpt>
  <trkpt lat="-7.77048022" lon="112.61991964">
   <ele>1890.57</ele>
  </trkpt>
  <trkpt lat="-7.77040201" lon="112.61986926">
   <ele>1891.53</ele>
  </trkpt>
  <trkpt lat="-7.77034384" lon="112.61976927">
   <ele>1897.3</ele>
  </trkpt>
  <trkpt lat="-7.77032943" lon="112.61974990">
   <ele>1897.78</ele>
  </trkpt>
  <trkpt lat="-7.77039061" lon="112.61971612">
   <ele>1898.26</ele>
  </trkpt>
  <trkpt lat="-7.77034803" lon="112.61960121">
   <ele>1898.26</ele>
  </trkpt>
  <trkpt lat="-7.77031325" lon="112.61949032">
   <ele>1898.26</ele>
  </trkpt>
  <trkpt lat="-7.77026329" lon="112.61942376">
   <ele>1899.7</ele>
  </trkpt>
  <trkpt lat="-7.77024762" lon="112.61936157">
   <ele>1901.63</ele>
  </trkpt>
  <trkpt lat="-7.77022080" lon="112.61931849">
   <ele>1903.07</ele>
  </trkpt>
  <trkpt lat="-7.77021292" lon="112.61924749">
   <ele>1904.51</ele>
  </trkpt>
  <trkpt lat="-7.77021711" lon="112.61921497">
   <ele>1906.91</ele>
  </trkpt>
  <trkpt lat="-7.77020629" lon="112.61918178">
   <ele>1907.87</ele>
  </trkpt>
  <trkpt lat="-7.77017620" lon="112.61913149">
   <ele>1909.32</ele>
  </trkpt>
  <trkpt lat="-7.77015257" lon="112.61906837">
   <ele>1910.76</ele>
  </trkpt>
  <trkpt lat="-7.77012600" lon="112.61894532">
   <ele>1912.68</ele>
  </trkpt>
  <trkpt lat="-7.77008199" lon="112.61889654">
   <ele>1914.12</ele>
  </trkpt>
  <trkpt lat="-7.77006556" lon="112.61887332">
   <ele>1915.08</ele>
  </trkpt>
  <trkpt lat="-7.77004989" lon="112.61883452">
   <ele>1916.53</ele>
  </trkpt>
  <trkpt lat="-7.77003497" lon="112.61879420">
   <ele>1918.93</ele>
  </trkpt>
  <trkpt lat="-7.77001938" lon="112.61875640">
   <ele>1921.33</ele>
  </trkpt>
  <trkpt lat="-7.77001116" lon="112.61872346">
   <ele>1923.74</ele>
  </trkpt>
  <trkpt lat="-7.77000773" lon="112.61869051">
   <ele>1925.18</ele>
  </trkpt>
  <trkpt lat="-7.76998644" lon="112.61866143">
   <ele>1926.62</ele>
  </trkpt>
  <trkpt lat="-7.76998040" lon="112.61861499">
   <ele>1929.5</ele>
  </trkpt>
  <trkpt lat="-7.76997847" lon="112.61858549">
   <ele>1930.95</ele>
  </trkpt>
  <trkpt lat="-7.76995786" lon="112.61857392">
   <ele>1932.39</ele>
  </trkpt>
  <trkpt lat="-7.76993782" lon="112.61854081">
   <ele>1934.31</ele>
  </trkpt>
  <trkpt lat="-7.76995660" lon="112.61849220">
   <ele>1935.75</ele>
  </trkpt>
  <trkpt lat="-7.76994017" lon="112.61848189">
   <ele>1938.16</ele>
  </trkpt>
  <trkpt lat="-7.76993514" lon="112.61845825">
   <ele>1939.12</ele>
  </trkpt>
  <trkpt lat="-7.76995375" lon="112.61845783">
   <ele>1940.08</ele>
  </trkpt>
  <trkpt lat="-7.76998191" lon="112.61843193">
   <ele>1941.52</ele>
  </trkpt>
  <trkpt lat="-7.76997135" lon="112.61842590">
   <ele>1942.48</ele>
  </trkpt>
  <trkpt lat="-7.76991687" lon="112.61843788">
   <ele>1943.92</ele>
  </trkpt>
  <trkpt lat="-7.76990681" lon="112.61839262">
   <ele>1945.36</ele>
  </trkpt>
  <trkpt lat="-7.76990128" lon="112.61834778">
   <ele>1946.33</ele>
  </trkpt>
  <trkpt lat="-7.76989030" lon="112.61831182">
   <ele>1947.77</ele>
  </trkpt>
  <trkpt lat="-7.76994503" lon="112.61828592">
   <ele>1947.29</ele>
  </trkpt>
  <trkpt lat="-7.76994319" lon="112.61828450">
   <ele>1946.33</ele>
  </trkpt>
  <trkpt lat="-7.76995325" lon="112.61826773">
   <ele>1946.33</ele>
  </trkpt>
  <trkpt lat="-7.76995962" lon="112.61828173">
   <ele>1945.85</ele>
  </trkpt>
  <trkpt lat="-7.76995224" lon="112.61829472">
   <ele>1945.85</ele>
  </trkpt>
  <trkpt lat="-7.76994847" lon="112.61830151">
   <ele>1945.85</ele>
  </trkpt>
  <trkpt lat="-7.76992634" lon="112.61828827">
   <ele>1946.33</ele>
  </trkpt>
  <trkpt lat="-7.76992693" lon="112.61824384">
   <ele>1946.81</ele>
  </trkpt>
  <trkpt lat="-7.76997898" lon="112.61819087">
   <ele>1946.33</ele>
  </trkpt>
  <trkpt lat="-7.76997973" lon="112.61814066">
   <ele>1946.81</ele>
  </trkpt>
  <trkpt lat="-7.76997638" lon="112.61806212">
   <ele>1948.73</ele>
  </trkpt>
  <trkpt lat="-7.76993724" lon="112.61804611">
   <ele>1950.65</ele>
  </trkpt>
  <trkpt lat="-7.76991033" lon="112.61802491">
   <ele>1953.06</ele>
  </trkpt>
  <trkpt lat="-7.76989684" lon="112.61799616">
   <ele>1954.02</ele>
  </trkpt>
  <trkpt lat="-7.76981696" lon="112.61802491">
   <ele>1955.94</ele>
  </trkpt>
  <trkpt lat="-7.76978695" lon="112.61800244">
   <ele>1957.38</ele>
  </trkpt>
  <trkpt lat="-7.76974789" lon="112.61796364">
   <ele>1959.3</ele>
  </trkpt>
  <trkpt lat="-7.76973087" lon="112.61794151">
   <ele>1961.23</ele>
  </trkpt>
  <trkpt lat="-7.76970858" lon="112.61792835">
   <ele>1962.67</ele>
  </trkpt>
  <trkpt lat="-7.76968955" lon="112.61792055">
   <ele>1965.07</ele>
  </trkpt>
  <trkpt lat="-7.76970070" lon="112.61789834">
   <ele>1965.55</ele>
  </trkpt>
  <trkpt lat="-7.76966667" lon="112.61788200">
   <ele>1966.03</ele>
  </trkpt>
  <trkpt lat="-7.76967790" lon="112.61787412">
   <ele>1967.96</ele>
  </trkpt>
  <trkpt lat="-7.76970162" lon="112.61787822">
   <ele>1967.48</ele>
  </trkpt>
  <trkpt lat="-7.76970715" lon="112.61784830">
   <ele>1968.92</ele>
  </trkpt>
  <trkpt lat="-7.76967455" lon="112.61785601">
   <ele>1969.4</ele>
  </trkpt>
  <trkpt lat="-7.76966524" lon="112.61782408">
   <ele>1970.36</ele>
  </trkpt>
  <trkpt lat="-7.76964353" lon="112.61779105">
   <ele>1971.8</ele>
  </trkpt>
  <trkpt lat="-7.76964974" lon="112.61776985">
   <ele>1973.72</ele>
  </trkpt>
  <trkpt lat="-7.76963037" lon="112.61772425">
   <ele>1974.2</ele>
  </trkpt>
  <trkpt lat="-7.76961076" lon="112.61764898">
   <ele>1976.13</ele>
  </trkpt>
  <trkpt lat="-7.76960154" lon="112.61759877">
   <ele>1978.05</ele>
  </trkpt>
  <trkpt lat="-7.76958092" lon="112.61755359">
   <ele>1979.49</ele>
  </trkpt>
  <trkpt lat="-7.76953893" lon="112.61753230">
   <ele>1980.93</ele>
  </trkpt>
  <trkpt lat="-7.76948025" lon="112.61751571">
   <ele>1983.82</ele>
  </trkpt>
  <trkpt lat="-7.76945544" lon="112.61749953">
   <ele>1985.26</ele>
  </trkpt>
  <trkpt lat="-7.76944019" lon="112.61747623">
   <ele>1986.7</ele>
  </trkpt>
  <trkpt lat="-7.76940029" lon="112.61745427">
   <ele>1988.14</ele>
  </trkpt>
  <trkpt lat="-7.76937255" lon="112.61744019">
   <ele>1990.07</ele>
  </trkpt>
  <trkpt lat="-7.76934966" lon="112.61743273">
   <ele>1991.03</ele>
  </trkpt>
  <trkpt lat="-7.76931630" lon="112.61742359">
   <ele>1992.95</ele>
  </trkpt>
  <trkpt lat="-7.76929552" lon="112.61741135">
   <ele>1994.87</ele>
  </trkpt>
  <trkpt lat="-7.76927113" lon="112.61740071">
   <ele>1996.32</ele>
  </trkpt>
  <trkpt lat="-7.76922251" lon="112.61736802">
   <ele>1998.72</ele>
  </trkpt>
  <trkpt lat="-7.76924472" lon="112.61736383">
   <ele>2000.16</ele>
  </trkpt>
  <trkpt lat="-7.76921748" lon="112.61732561">
   <ele>2002.08</ele>
  </trkpt>
  <trkpt lat="-7.76919200" lon="112.61731664">
   <ele>2002.56</ele>
  </trkpt>
  <trkpt lat="-7.76915194" lon="112.61730155">
   <ele>2004.49</ele>
  </trkpt>
  <trkpt lat="-7.76918588" lon="112.61726308">
   <ele>2005.93</ele>
  </trkpt>
  <trkpt lat="-7.76921430" lon="112.61724187">
   <ele>2007.37</ele>
  </trkpt>
  <trkpt lat="-7.76920030" lon="112.61722519">
   <ele>2009.29</ele>
  </trkpt>
  <trkpt lat="-7.76919904" lon="112.61720700">
   <ele>2010.25</ele>
  </trkpt>
  <trkpt lat="-7.76921882" lon="112.61719300">
   <ele>2011.22</ele>
  </trkpt>
  <trkpt lat="-7.76916853" lon="112.61715805">
   <ele>2013.62</ele>
  </trkpt>
  <trkpt lat="-7.76918169" lon="112.61712645">
   <ele>2015.06</ele>
  </trkpt>
  <trkpt lat="-7.76917708" lon="112.61709318">
   <ele>2016.98</ele>
  </trkpt>
  <trkpt lat="-7.76912360" lon="112.61706677">
   <ele>2019.39</ele>
  </trkpt>
  <trkpt lat="-7.76911740" lon="112.61704339">
   <ele>2021.31</ele>
  </trkpt>
  <trkpt lat="-7.76910475" lon="112.61702335">
   <ele>2023.23</ele>
  </trkpt>
  <trkpt lat="-7.76908094" lon="112.61699511">
   <ele>2025.15</ele>
  </trkpt>
  <trkpt lat="-7.76905261" lon="112.61691791">
   <ele>2027.56</ele>
  </trkpt>
  <trkpt lat="-7.76905236" lon="112.61686276">
   <ele>2028.52</ele>
  </trkpt>
  <trkpt lat="-7.76900953" lon="112.61680719">
   <ele>2030.44</ele>
  </trkpt>
  <trkpt lat="-7.76898103" lon="112.61676452">
   <ele>2031.88</ele>
  </trkpt>
  <trkpt lat="-7.76899813" lon="112.61680425">
   <ele>2031.88</ele>
  </trkpt>
  <trkpt lat="-7.76897659" lon="112.61682906">
   <ele>2031.88</ele>
  </trkpt>
  <trkpt lat="-7.76894465" lon="112.61686033">
   <ele>2032.36</ele>
  </trkpt>
  <trkpt lat="-7.76899687" lon="112.61684314">
   <ele>2032.36</ele>
  </trkpt>
  <trkpt lat="-7.76896284" lon="112.61680475">
   <ele>2033.33</ele>
  </trkpt>
  <trkpt lat="-7.76892420" lon="112.61675656">
   <ele>2036.21</ele>
  </trkpt>
  <trkpt lat="-7.76891137" lon="112.61671591">
   <ele>2037.65</ele>
  </trkpt>
  <trkpt lat="-7.76888799" lon="112.61668364">
   <ele>2039.09</ele>
  </trkpt>
  <trkpt lat="-7.76890777" lon="112.61666511">
   <ele>2040.54</ele>
  </trkpt>
  <trkpt lat="-7.76890710" lon="112.61666805">
   <ele>2041.98</ele>
  </trkpt>
  <trkpt lat="-7.76891221" lon="112.61664785">
   <ele>2042.94</ele>
  </trkpt>
  <trkpt lat="-7.76888154" lon="112.61660962">
   <ele>2044.38</ele>
  </trkpt>
  <trkpt lat="-7.76885505" lon="112.61658884">
   <ele>2046.78</ele>
  </trkpt>
  <trkpt lat="-7.76884776" lon="112.61657492">
   <ele>2047.75</ele>
  </trkpt>
  <trkpt lat="-7.76882454" lon="112.61655271">
   <ele>2049.19</ele>
  </trkpt>
  <trkpt lat="-7.76881146" lon="112.61655154">
   <ele>2050.63</ele>
  </trkpt>
  <trkpt lat="-7.76881716" lon="112.61653134">
   <ele>2052.07</ele>
  </trkpt>
  <trkpt lat="-7.76879612" lon="112.61651457">
   <ele>2053.03</ele>
  </trkpt>
  <trkpt lat="-7.76879436" lon="112.61649261">
   <ele>2053.99</ele>
  </trkpt>
  <trkpt lat="-7.76878129" lon="112.61650602">
   <ele>2054.96</ele>
  </trkpt>
  <trkpt lat="-7.76874969" lon="112.61650384">
   <ele>2055.92</ele>
  </trkpt>
  <trkpt lat="-7.76871717" lon="112.61646864">
   <ele>2057.84</ele>
  </trkpt>
  <trkpt lat="-7.76870568" lon="112.61643855">
   <ele>2059.28</ele>
  </trkpt>
  <trkpt lat="-7.76868833" lon="112.61638700">
   <ele>2061.68</ele>
  </trkpt>
  <trkpt lat="-7.76865799" lon="112.61633294">
   <ele>2064.09</ele>
  </trkpt>
  <trkpt lat="-7.76860988" lon="112.61630293">
   <ele>2067.45</ele>
  </trkpt>
  <trkpt lat="-7.76858113" lon="112.61628977">
   <ele>2069.38</ele>
  </trkpt>
  <trkpt lat="-7.76854676" lon="112.61626136">
   <ele>2071.78</ele>
  </trkpt>
  <trkpt lat="-7.76851533" lon="112.61622640">
   <ele>2073.7</ele>
  </trkpt>
  <trkpt lat="-7.76849588" lon="112.61618751">
   <ele>2076.1</ele>
  </trkpt>
  <trkpt lat="-7.76846252" lon="112.61615692">
   <ele>2078.51</ele>
  </trkpt>
  <trkpt lat="-7.76840611" lon="112.61613110">
   <ele>2081.39</ele>
  </trkpt>
  <trkpt lat="-7.76834769" lon="112.61609942">
   <ele>2084.76</ele>
  </trkpt>
  <trkpt lat="-7.76832967" lon="112.61607595">
   <ele>2085.72</ele>
  </trkpt>
  <trkpt lat="-7.76833118" lon="112.61604359">
   <ele>2085.72</ele>
  </trkpt>
  <trkpt lat="-7.76832900" lon="112.61610034">
   <ele>2085.72</ele>
  </trkpt>
  <trkpt lat="-7.76836798" lon="112.61612557">
   <ele>2086.2</ele>
  </trkpt>
  <trkpt lat="-7.76835917" lon="112.61611526">
   <ele>2085.72</ele>
  </trkpt>
  <trkpt lat="-7.76834836" lon="112.61608718">
   <ele>2086.2</ele>
  </trkpt>
  <trkpt lat="-7.76834618" lon="112.61608483">
   <ele>2085.72</ele>
  </trkpt>
  <trkpt lat="-7.76834778" lon="112.61605441">
   <ele>2088.12</ele>
  </trkpt>
  <trkpt lat="-7.76832439" lon="112.61602960">
   <ele>2089.08</ele>
  </trkpt>
  <trkpt lat="-7.76829480" lon="112.61602591">
   <ele>2091</ele>
  </trkpt>
  <trkpt lat="-7.76827150" lon="112.61597151">
   <ele>2092.45</ele>
  </trkpt>
  <trkpt lat="-7.76825340" lon="112.61596874">
   <ele>2093.41</ele>
  </trkpt>
  <trkpt lat="-7.76824342" lon="112.61593840">
   <ele>2094.85</ele>
  </trkpt>
  <trkpt lat="-7.76821543" lon="112.61589658">
   <ele>2097.25</ele>
  </trkpt>
  <trkpt lat="-7.76820914" lon="112.61584134">
   <ele>2099.66</ele>
  </trkpt>
  <trkpt lat="-7.76816782" lon="112.61581552">
   <ele>2102.54</ele>
  </trkpt>
  <trkpt lat="-7.76814217" lon="112.61580136">
   <ele>2103.02</ele>
  </trkpt>
  <trkpt lat="-7.76809531" lon="112.61578250">
   <ele>2104.94</ele>
  </trkpt>
  <trkpt lat="-7.76809766" lon="112.61573724">
   <ele>2106.39</ele>
  </trkpt>
  <trkpt lat="-7.76810126" lon="112.61568627">
   <ele>2108.79</ele>
  </trkpt>
  <trkpt lat="-7.76806254" lon="112.61567278">
   <ele>2110.71</ele>
  </trkpt>
  <trkpt lat="-7.76803421" lon="112.61564453">
   <ele>2112.15</ele>
  </trkpt>
  <trkpt lat="-7.76801443" lon="112.61563363">
   <ele>2113.6</ele>
  </trkpt>
  <trkpt lat="-7.76800026" lon="112.61562433">
   <ele>2114.56</ele>
  </trkpt>
  <trkpt lat="-7.76800563" lon="112.61560723">
   <ele>2115.52</ele>
  </trkpt>
  <trkpt lat="-7.76798207" lon="112.61558812">
   <ele>2116</ele>
  </trkpt>
  <trkpt lat="-7.76794343" lon="112.61556708">
   <ele>2118.4</ele>
  </trkpt>
  <trkpt lat="-7.76795357" lon="112.61554487">
   <ele>2119.36</ele>
  </trkpt>
  <trkpt lat="-7.76795676" lon="112.61550556">
   <ele>2121.29</ele>
  </trkpt>
  <trkpt lat="-7.76792441" lon="112.61547111">
   <ele>2123.21</ele>
  </trkpt>
  <trkpt lat="-7.76792960" lon="112.61540473">
   <ele>2125.61</ele>
  </trkpt>
  <trkpt lat="-7.76789138" lon="112.61539123">
   <ele>2127.53</ele>
  </trkpt>
  <trkpt lat="-7.76788526" lon="112.61536893">
   <ele>2127.05</ele>
  </trkpt>
  <trkpt lat="-7.76788099" lon="112.61537857">
   <ele>2127.53</ele>
  </trkpt>
  <trkpt lat="-7.76787353" lon="112.61535946">
   <ele>2128.02</ele>
  </trkpt>
  <trkpt lat="-7.76788468" lon="112.61535167">
   <ele>2127.53</ele>
  </trkpt>
  <trkpt lat="-7.76790563" lon="112.61535636">
   <ele>2128.5</ele>
  </trkpt>
  <trkpt lat="-7.76787093" lon="112.61532082">
   <ele>2129.94</ele>
  </trkpt>
  <trkpt lat="-7.76785852" lon="112.61526332">
   <ele>2131.38</ele>
  </trkpt>
  <trkpt lat="-7.76784251" lon="112.61526533">
   <ele>2131.86</ele>
  </trkpt>
  <trkpt lat="-7.76783279" lon="112.61525528">
   <ele>2133.78</ele>
  </trkpt>
  <trkpt lat="-7.76779901" lon="112.61523457">
   <ele>2135.23</ele>
  </trkpt>
  <trkpt lat="-7.76777387" lon="112.61519535">
   <ele>2137.15</ele>
  </trkpt>
  <trkpt lat="-7.76776498" lon="112.61516894">
   <ele>2138.59</ele>
  </trkpt>
  <trkpt lat="-7.76774721" lon="112.61514707">
   <ele>2140.03</ele>
  </trkpt>
  <trkpt lat="-7.76773179" lon="112.61510692">
   <ele>2142.44</ele>
  </trkpt>
  <trkpt lat="-7.76771897" lon="112.61507657">
   <ele>2143.88</ele>
  </trkpt>
  <trkpt lat="-7.76770832" lon="112.61504715">
   <ele>2145.8</ele>
  </trkpt>
  <trkpt lat="-7.76769994" lon="112.61500876">
   <ele>2148.2</ele>
  </trkpt>
  <trkpt lat="-7.76768493" lon="112.61498806">
   <ele>2149.65</ele>
  </trkpt>
  <trkpt lat="-7.76767429" lon="112.61497792">
   <ele>2151.57</ele>
  </trkpt>
  <trkpt lat="-7.76765753" lon="112.61497130">
   <ele>2152.53</ele>
  </trkpt>
  <trkpt lat="-7.76764361" lon="112.61496551">
   <ele>2153.97</ele>
  </trkpt>
  <trkpt lat="-7.76763406" lon="112.61495395">
   <ele>2155.41</ele>
  </trkpt>
  <trkpt lat="-7.76765962" lon="112.61494330">
   <ele>2156.86</ele>
  </trkpt>
  <trkpt lat="-7.76763523" lon="112.61490692">
   <ele>2158.78</ele>
  </trkpt>
  <trkpt lat="-7.76758418" lon="112.61489376">
   <ele>2159.26</ele>
  </trkpt>
  <trkpt lat="-7.76755577" lon="112.61487189">
   <ele>2161.18</ele>
  </trkpt>
  <trkpt lat="-7.76755820" lon="112.61486292">
   <ele>2161.66</ele>
  </trkpt>
  <trkpt lat="-7.76753096" lon="112.61484540">
   <ele>2163.1</ele>
  </trkpt>
  <trkpt lat="-7.76748201" lon="112.61483107">
   <ele>2164.55</ele>
  </trkpt>
  <trkpt lat="-7.76744865" lon="112.61480810">
   <ele>2166.95</ele>
  </trkpt>
  <trkpt lat="-7.76742317" lon="112.61476435">
   <ele>2169.35</ele>
  </trkpt>
  <trkpt lat="-7.76736785" lon="112.61476527">
   <ele>2170.79</ele>
  </trkpt>
  <trkpt lat="-7.76734614" lon="112.61471758">
   <ele>2173.2</ele>
  </trkpt>
  <trkpt lat="-7.76731789" lon="112.61472613">
   <ele>2174.64</ele>
  </trkpt>
  <trkpt lat="-7.76731077" lon="112.61469721">
   <ele>2177.52</ele>
  </trkpt>
  <trkpt lat="-7.76733415" lon="112.61466997">
   <ele>2178.97</ele>
  </trkpt>
  <trkpt lat="-7.76728621" lon="112.61466854">
   <ele>2179.93</ele>
  </trkpt>
  <trkpt lat="-7.76726089" lon="112.61461549">
   <ele>2181.37</ele>
  </trkpt>
  <trkpt lat="-7.76724882" lon="112.61458296">
   <ele>2182.33</ele>
  </trkpt>
  <trkpt lat="-7.76723751" lon="112.61454231">
   <ele>2185.21</ele>
  </trkpt>
  <trkpt lat="-7.76719577" lon="112.61445615">
   <ele>2187.14</ele>
  </trkpt>
  <trkpt lat="-7.76716291" lon="112.61440736">
   <ele>2190.5</ele>
  </trkpt>
  <trkpt lat="-7.76713726" lon="112.61438264">
   <ele>2191.94</ele>
  </trkpt>
  <trkpt lat="-7.76713014" lon="112.61434106">
   <ele>2193.87</ele>
  </trkpt>
  <trkpt lat="-7.76710876" lon="112.61445371">
   <ele>2194.35</ele>
  </trkpt>
  <trkpt lat="-7.76710298" lon="112.61436805">
   <ele>2194.83</ele>
  </trkpt>
  <trkpt lat="-7.76709787" lon="112.61436612">
   <ele>2194.83</ele>
  </trkpt>
  <trkpt lat="-7.76711497" lon="112.61439705">
   <ele>2195.31</ele>
  </trkpt>
  <trkpt lat="-7.76711790" lon="112.61440753">
   <ele>2196.27</ele>
  </trkpt>
  <trkpt lat="-7.76709577" lon="112.61438691">
   <ele>2197.71</ele>
  </trkpt>
  <trkpt lat="-7.76708513" lon="112.61436487">
   <ele>2199.63</ele>
  </trkpt>
  <trkpt lat="-7.76705327" lon="112.61434006">
   <ele>2200.59</ele>
  </trkpt>
  <trkpt lat="-7.76705579" lon="112.61433117">
   <ele>2202.52</ele>
  </trkpt>
  <trkpt lat="-7.76703341" lon="112.61431189">
   <ele>2203.48</ele>
  </trkpt>
  <trkpt lat="-7.76701958" lon="112.61425615">
   <ele>2204.92</ele>
  </trkpt>
  <trkpt lat="-7.76695244" lon="112.61424710">
   <ele>2207.32</ele>
  </trkpt>
  <trkpt lat="-7.76691087" lon="112.61419488">
   <ele>2209.73</ele>
  </trkpt>
  <trkpt lat="-7.76687927" lon="112.61419480">
   <ele>2211.17</ele>
  </trkpt>
  <trkpt lat="-7.76686083" lon="112.61424308">
   <ele>2213.09</ele>
  </trkpt>
  <trkpt lat="-7.76682805" lon="112.61421667">
   <ele>2214.53</ele>
  </trkpt>
  <trkpt lat="-7.76679159" lon="112.61415515">
   <ele>2216.46</ele>
  </trkpt>
  <trkpt lat="-7.76677567" lon="112.61414660">
   <ele>2218.86</ele>
  </trkpt>
  <trkpt lat="-7.76675052" lon="112.61416077">
   <ele>2220.3</ele>
  </trkpt>
  <trkpt lat="-7.76673242" lon="112.61416538">
   <ele>2221.74</ele>
  </trkpt>
  <trkpt lat="-7.76670249" lon="112.61412607">
   <ele>2223.67</ele>
  </trkpt>
  <trkpt lat="-7.76667433" lon="112.61421667">
   <ele>2225.59</ele>
  </trkpt>
  <trkpt lat="-7.76663359" lon="112.61419874">
   <ele>2227.51</ele>
  </trkpt>
  <trkpt lat="-7.76659613" lon="112.61421709">
   <ele>2229.43</ele>
  </trkpt>
  <trkpt lat="-7.76662177" lon="112.61417024">
   <ele>2230.4</ele>
  </trkpt>
  <trkpt lat="-7.76662077" lon="112.61416705">
   <ele>2231.84</ele>
  </trkpt>
  <trkpt lat="-7.76657039" lon="112.61419153">
   <ele>2233.28</ele>
  </trkpt>
  <trkpt lat="-7.76655246" lon="112.61418826">
   <ele>2235.68</ele>
  </trkpt>
  <trkpt lat="-7.76653511" lon="112.61412590">
   <ele>2238.09</ele>
  </trkpt>
  <trkpt lat="-7.76651700" lon="112.61412414">
   <ele>2240.49</ele>
  </trkpt>
  <trkpt lat="-7.76650677" lon="112.61411475">
   <ele>2240.97</ele>
  </trkpt>
  <trkpt lat="-7.76647559" lon="112.61409019">
   <ele>2241.93</ele>
  </trkpt>
  <trkpt lat="-7.76649060" lon="112.61407762">
   <ele>2243.37</ele>
  </trkpt>
  <trkpt lat="-7.76646185" lon="112.61413747">
   <ele>2244.82</ele>
  </trkpt>
  <trkpt lat="-7.76649043" lon="112.61408541">
   <ele>2246.26</ele>
  </trkpt>
  <trkpt lat="-7.76644793" lon="112.61407971">
   <ele>2247.7</ele>
  </trkpt>
  <trkpt lat="-7.76641927" lon="112.61411022">
   <ele>2249.14</ele>
  </trkpt>
  <trkpt lat="-7.76639731" lon="112.61408944">
   <ele>2251.06</ele>
  </trkpt>
  <trkpt lat="-7.76637761" lon="112.61408919">
   <ele>2252.99</ele>
  </trkpt>
  <trkpt lat="-7.76636244" lon="112.61407728">
   <ele>2254.43</ele>
  </trkpt>
  <trkpt lat="-7.76633553" lon="112.61406865">
   <ele>2255.39</ele>
  </trkpt>
  <trkpt lat="-7.76632246" lon="112.61402372">
   <ele>2257.79</ele>
  </trkpt>
  <trkpt lat="-7.76628843" lon="112.61402842">
   <ele>2259.72</ele>
  </trkpt>
  <trkpt lat="-7.76628281" lon="112.61399564">
   <ele>2261.16</ele>
  </trkpt>
  <trkpt lat="-7.76627292" lon="112.61401232">
   <ele>2262.6</ele>
  </trkpt>
  <trkpt lat="-7.76625020" lon="112.61397460">
   <ele>2264.04</ele>
  </trkpt>
  <trkpt lat="-7.76623369" lon="112.61393622">
   <ele>2265.48</ele>
  </trkpt>
  <trkpt lat="-7.76623637" lon="112.61395650">
   <ele>2265.48</ele>
  </trkpt>
  <trkpt lat="-7.76623361" lon="112.61393337">
   <ele>2267.41</ele>
  </trkpt>
  <trkpt lat="-7.76620570" lon="112.61389959">
   <ele>2268.37</ele>
  </trkpt>
  <trkpt lat="-7.76619748" lon="112.61391962">
   <ele>2268.85</ele>
  </trkpt>
  <trkpt lat="-7.76619229" lon="112.61395399">
   <ele>2269.33</ele>
  </trkpt>
  <trkpt lat="-7.76620528" lon="112.61394041">
   <ele>2270.77</ele>
  </trkpt>
  <trkpt lat="-7.76619279" lon="112.61396212">
   <ele>2271.25</ele>
  </trkpt>
  <trkpt lat="-7.76616345" lon="112.61394770">
   <ele>2272.21</ele>
  </trkpt>
  <trkpt lat="-7.76613437" lon="112.61394938">
   <ele>2273.66</ele>
  </trkpt>
  <trkpt lat="-7.76610360" lon="112.61395801">
   <ele>2275.1</ele>
  </trkpt>
  <trkpt lat="-7.76608768" lon="112.61397469">
   <ele>2277.98</ele>
  </trkpt>
  <trkpt lat="-7.76605222" lon="112.61393613">
   <ele>2280.38</ele>
  </trkpt>
  <trkpt lat="-7.76603823" lon="112.61388173">
   <ele>2281.83</ele>
  </trkpt>
  <trkpt lat="-7.76601258" lon="112.61388592">
   <ele>2284.23</ele>
  </trkpt>
  <trkpt lat="-7.76594913" lon="112.61385885">
   <ele>2286.63</ele>
  </trkpt>
  <trkpt lat="-7.76589531" lon="112.61381392">
   <ele>2289.52</ele>
  </trkpt>
  <trkpt lat="-7.76584502" lon="112.61374804">
   <ele>2292.88</ele>
  </trkpt>
  <trkpt lat="-7.76578970" lon="112.61371946">
   <ele>2296.25</ele>
  </trkpt>
  <trkpt lat="-7.76574394" lon="112.61369633">
   <ele>2298.65</ele>
  </trkpt>
  <trkpt lat="-7.76572726" lon="112.61366774">
   <ele>2298.65</ele>
  </trkpt>
  <trkpt lat="-7.76568267" lon="112.61359868">
   <ele>2300.57</ele>
  </trkpt>
  <trkpt lat="-7.76564729" lon="112.61352860">
   <ele>2303.94</ele>
  </trkpt>
  <trkpt lat="-7.76551570" lon="112.61343447">
   <ele>2307.3</ele>
  </trkpt>
  <trkpt lat="-7.76545049" lon="112.61334387">
   <ele>2309.7</ele>
  </trkpt>
  <trkpt lat="-7.76541914" lon="112.61325452">
   <ele>2312.59</ele>
  </trkpt>
  <trkpt lat="-7.76538192" lon="112.61315661">
   <ele>2315.95</ele>
  </trkpt>
  <trkpt lat="-7.76535527" lon="112.61307498">
   <ele>2317.4</ele>
  </trkpt>
  <trkpt lat="-7.76530867" lon="112.61293424">
   <ele>2319.8</ele>
  </trkpt>
  <trkpt lat="-7.76532074" lon="112.61285227">
   <ele>2321.24</ele>
  </trkpt>
  <trkpt lat="-7.76529366" lon="112.61280474">
   <ele>2324.61</ele>
  </trkpt>
  <trkpt lat="-7.76525234" lon="112.61274607">
   <ele>2327.01</ele>
  </trkpt>
  <trkpt lat="-7.76519886" lon="112.61267357">
   <ele>2329.41</ele>
  </trkpt>
  <trkpt lat="-7.76519853" lon="112.61261674">
   <ele>2332.78</ele>
  </trkpt>
  <trkpt lat="-7.76518235" lon="112.61258019">
   <ele>2334.7</ele>
  </trkpt>
  <trkpt lat="-7.76516810" lon="112.61252613">
   <ele>2336.62</ele>
  </trkpt>
  <trkpt lat="-7.76515268" lon="112.61246377">
   <ele>2339.51</ele>
  </trkpt>
  <trkpt lat="-7.76512108" lon="112.61242387">
   <ele>2341.43</ele>
  </trkpt>
  <trkpt lat="-7.76508889" lon="112.61240769">
   <ele>2344.31</ele>
  </trkpt>
  <trkpt lat="-7.76506500" lon="112.61232873">
   <ele>2346.23</ele>
  </trkpt>
  <trkpt lat="-7.76509157" lon="112.61225673">
   <ele>2348.16</ele>
  </trkpt>
  <trkpt lat="-7.76508839" lon="112.61220234">
   <ele>2350.56</ele>
  </trkpt>
  <trkpt lat="-7.76507129" lon="112.61215380">
   <ele>2352.48</ele>
  </trkpt>
  <trkpt lat="-7.76505386" lon="112.61209622">
   <ele>2354.41</ele>
  </trkpt>
  <trkpt lat="-7.76512443" lon="112.61203688">
   <ele>2357.29</ele>
  </trkpt>
  <trkpt lat="-7.76513667" lon="112.61197971">
   <ele>2359.21</ele>
  </trkpt>
  <trkpt lat="-7.76511705" lon="112.61192079">
   <ele>2361.62</ele>
  </trkpt>
  <trkpt lat="-7.76507380" lon="112.61189866">
   <ele>2364.5</ele>
  </trkpt>
  <trkpt lat="-7.76506492" lon="112.61183739">
   <ele>2366.42</ele>
  </trkpt>
  <trkpt lat="-7.76506970" lon="112.61177402">
   <ele>2369.31</ele>
  </trkpt>
  <trkpt lat="-7.76504497" lon="112.61172197">
   <ele>2371.71</ele>
  </trkpt>
  <trkpt lat="-7.76497859" lon="112.61167562">
   <ele>2374.11</ele>
  </trkpt>
  <trkpt lat="-7.76495227" lon="112.61162365">
   <ele>2376.52</ele>
  </trkpt>
  <trkpt lat="-7.76496450" lon="112.61157847">
   <ele>2377.96</ele>
  </trkpt>
  <trkpt lat="-7.76496618" lon="112.61152122">
   <ele>2380.84</ele>
  </trkpt>
  <trkpt lat="-7.76490550" lon="112.61145978">
   <ele>2383.25</ele>
  </trkpt>
  <trkpt lat="-7.76485763" lon="112.61138292">
   <ele>2386.13</ele>
  </trkpt>
  <trkpt lat="-7.76488856" lon="112.61136859">
   <ele>2387.57</ele>
  </trkpt>
  <trkpt lat="-7.76493450" lon="112.61132509">
   <ele>2389.49</ele>
  </trkpt>
  <trkpt lat="-7.76496501" lon="112.61124772">
   <ele>2391.42</ele>
  </trkpt>
  <trkpt lat="-7.76494891" lon="112.61115963">
   <ele>2394.3</ele>
  </trkpt>
  <trkpt lat="-7.76498311" lon="112.61110925">
   <ele>2397.67</ele>
  </trkpt>
  <trkpt lat="-7.76492125" lon="112.61102652">
   <ele>2401.03</ele>
  </trkpt>
  <trkpt lat="-7.76491757" lon="112.61096860">
   <ele>2403.91</ele>
  </trkpt>
  <trkpt lat="-7.76487633" lon="112.61089157">
   <ele>2407.28</ele>
  </trkpt>
  <trkpt lat="-7.76486794" lon="112.61082360">
   <ele>2410.16</ele>
  </trkpt>
  <trkpt lat="-7.76489158" lon="112.61079770">
   <ele>2411.12</ele>
  </trkpt>
  <trkpt lat="-7.76487029" lon="112.61080951">
   <ele>2412.09</ele>
  </trkpt>
  <trkpt lat="-7.76491421" lon="112.61075889">
   <ele>2413.53</ele>
  </trkpt>
  <trkpt lat="-7.76492259" lon="112.61070834">
   <ele>2417.37</ele>
  </trkpt>
  <trkpt lat="-7.76490659" lon="112.61067591">
   <ele>2419.78</ele>
  </trkpt>
  <trkpt lat="-7.76487859" lon="112.61065068">
   <ele>2421.22</ele>
  </trkpt>
  <trkpt lat="-7.76481070" lon="112.61058496">
   <ele>2422.66</ele>
  </trkpt>
  <trkpt lat="-7.76481044" lon="112.61054507">
   <ele>2425.06</ele>
  </trkpt>
  <trkpt lat="-7.76479133" lon="112.61048547">
   <ele>2426.99</ele>
  </trkpt>
  <trkpt lat="-7.76484498" lon="112.61042261">
   <ele>2429.39</ele>
  </trkpt>
  <trkpt lat="-7.76487842" lon="112.61039612">
   <ele>2431.79</ele>
  </trkpt>
  <trkpt lat="-7.76488840" lon="112.61036737">
   <ele>2432.27</ele>
  </trkpt>
  <trkpt lat="-7.76492092" lon="112.61030308">
   <ele>2435.64</ele>
  </trkpt>
  <trkpt lat="-7.76494204" lon="112.61025773">
   <ele>2438.52</ele>
  </trkpt>
  <trkpt lat="-7.76495847" lon="112.61022245">
   <ele>2440.92</ele>
  </trkpt>
  <trkpt lat="-7.76498294" lon="112.61017039">
   <ele>2441.41</ele>
  </trkpt>
  <trkpt lat="-7.76502024" lon="112.61009110">
   <ele>2444.29</ele>
  </trkpt>
  <trkpt lat="-7.76507238" lon="112.61004542">
   <ele>2447.17</ele>
  </trkpt>
  <trkpt lat="-7.76510792" lon="112.60999999">
   <ele>2449.58</ele>
  </trkpt>
  <trkpt lat="-7.76514958" lon="112.60994727">
   <ele>2451.98</ele>
  </trkpt>
  <trkpt lat="-7.76515217" lon="112.60994333">
   <ele>2451.98</ele>
  </trkpt>
  <trkpt lat="-7.76522015" lon="112.60992581">
   <ele>2454.38</ele>
  </trkpt>
  <trkpt lat="-7.76527162" lon="112.60991106">
   <ele>2457.75</ele>
  </trkpt>
  <trkpt lat="-7.76526567" lon="112.60990620">
   <ele>2458.23</ele>
  </trkpt>
  <trkpt lat="-7.76524052" lon="112.60987493">
   <ele>2461.11</ele>
  </trkpt>
  <trkpt lat="-7.76517388" lon="112.60985414">
   <ele>2462.55</ele>
  </trkpt>
  <trkpt lat="-7.76515008" lon="112.60986320">
   <ele>2464.48</ele>
  </trkpt>
  <trkpt lat="-7.76509526" lon="112.60985641">
   <ele>2467.84</ele>
  </trkpt>
  <trkpt lat="-7.76512862" lon="112.60980126">
   <ele>2470.24</ele>
  </trkpt>
  <trkpt lat="-7.76511865" lon="112.60978843">
   <ele>2471.69</ele>
  </trkpt>
  <trkpt lat="-7.76509585" lon="112.60975641">
   <ele>2473.13</ele>
  </trkpt>
  <trkpt lat="-7.76506970" lon="112.60972473">
   <ele>2475.53</ele>
  </trkpt>
  <trkpt lat="-7.76505888" lon="112.60971216">
   <ele>2478.9</ele>
  </trkpt>
  <trkpt lat="-7.76507431" lon="112.60968542">
   <ele>2479.86</ele>
  </trkpt>
  <trkpt lat="-7.76500876" lon="112.60964435">
   <ele>2482.74</ele>
  </trkpt>
  <trkpt lat="-7.76499518" lon="112.60961224">
   <ele>2485.15</ele>
  </trkpt>
  <trkpt lat="-7.76496048" lon="112.60961736">
   <ele>2487.07</ele>
  </trkpt>
  <trkpt lat="-7.76494212" lon="112.60958827">
   <ele>2489.47</ele>
  </trkpt>
  <trkpt lat="-7.76488161" lon="112.60956547">
   <ele>2491.87</ele>
  </trkpt>
  <trkpt lat="-7.76489376" lon="112.60953044">
   <ele>2494.76</ele>
  </trkpt>
  <trkpt lat="-7.76489301" lon="112.60951091">
   <ele>2494.76</ele>
  </trkpt>
  <trkpt lat="-7.76485059" lon="112.60947646">
   <ele>2498.12</ele>
  </trkpt>
  <trkpt lat="-7.76486618" lon="112.60942575">
   <ele>2500.05</ele>
  </trkpt>
  <trkpt lat="-7.76480801" lon="112.60945383">
   <ele>2501.01</ele>
  </trkpt>
  <trkpt lat="-7.76480994" lon="112.60940915">
   <ele>2503.89</ele>
  </trkpt>
  <trkpt lat="-7.76482578" lon="112.60938493">
   <ele>2504.37</ele>
  </trkpt>
  <trkpt lat="-7.76483735" lon="112.60939239">
   <ele>2504.37</ele>
  </trkpt>
  <trkpt lat="-7.76480785" lon="112.60938711">
   <ele>2506.77</ele>
  </trkpt>
  <trkpt lat="-7.76479921" lon="112.60935542">
   <ele>2509.18</ele>
  </trkpt>
  <trkpt lat="-7.76479729" lon="112.60931821">
   <ele>2509.66</ele>
  </trkpt>
  <trkpt lat="-7.76479167" lon="112.60929633">
   <ele>2513.02</ele>
  </trkpt>
  <trkpt lat="-7.76477113" lon="112.60928057">
   <ele>2514.95</ele>
  </trkpt>
  <trkpt lat="-7.76476501" lon="112.60921963">
   <ele>2517.83</ele>
  </trkpt>
  <trkpt lat="-7.76475001" lon="112.60920589">
   <ele>2519.75</ele>
  </trkpt>
  <trkpt lat="-7.76475471" lon="112.60919189">
   <ele>2520.71</ele>
  </trkpt>
  <trkpt lat="-7.76473342" lon="112.60914822">
   <ele>2524.08</ele>
  </trkpt>
  <trkpt lat="-7.76472931" lon="112.60906910">
   <ele>2526.96</ele>
  </trkpt>
  <trkpt lat="-7.76473006" lon="112.60899827">
   <ele>2529.85</ele>
  </trkpt>
  <trkpt lat="-7.76473450" lon="112.60893641">
   <ele>2533.69</ele>
  </trkpt>
  <trkpt lat="-7.76470961" lon="112.60886600">
   <ele>2536.58</ele>
  </trkpt>
  <trkpt lat="-7.76458782" lon="112.60887472">
   <ele>2539.46</ele>
  </trkpt>
  <trkpt lat="-7.76448045" lon="112.60886835">
   <ele>2542.82</ele>
  </trkpt>
  <trkpt lat="-7.76444893" lon="112.60882946">
   <ele>2543.31</ele>
  </trkpt>
  <trkpt lat="-7.76443862" lon="112.60872611">
   <ele>2542.82</ele>
  </trkpt>
  <trkpt lat="-7.76446536" lon="112.60876793">
   <ele>2543.31</ele>
  </trkpt>
  <trkpt lat="-7.76448112" lon="112.60874279">
   <ele>2544.27</ele>
  </trkpt>
  <trkpt lat="-7.76441935" lon="112.60871982">
   <ele>2546.67</ele>
  </trkpt>
  <trkpt lat="-7.76432513" lon="112.60869937">
   <ele>2550.03</ele>
  </trkpt>
  <trkpt lat="-7.76427216" lon="112.60869501">
   <ele>2553.4</ele>
  </trkpt>
  <trkpt lat="-7.76424584" lon="112.60865822">
   <ele>2555.8</ele>
  </trkpt>
  <trkpt lat="-7.76419773" lon="112.60866626">
   <ele>2558.21</ele>
  </trkpt>
  <trkpt lat="-7.76417862" lon="112.60862905">
   <ele>2560.13</ele>
  </trkpt>
  <trkpt lat="-7.76408147" lon="112.60860315">
   <ele>2563.97</ele>
  </trkpt>
  <trkpt lat="-7.76398944" lon="112.60859879">
   <ele>2566.86</ele>
  </trkpt>
  <trkpt lat="-7.76390478" lon="112.60854900">
   <ele>2569.26</ele>
  </trkpt>
  <trkpt lat="-7.76386061" lon="112.60848823">
   <ele>2570.22</ele>
  </trkpt>
  <trkpt lat="-7.76383328" lon="112.60842662">
   <ele>2571.18</ele>
  </trkpt>
  <trkpt lat="-7.76371828" lon="112.60829855">
   <ele>2573.59</ele>
  </trkpt>
  <trkpt lat="-7.76365735" lon="112.60823065">
   <ele>2576.95</ele>
  </trkpt>
  <trkpt lat="-7.76358308" lon="112.60819419">
   <ele>2580.32</ele>
  </trkpt>
  <trkpt lat="-7.76351745" lon="112.60812144">
   <ele>2584.16</ele>
  </trkpt>
  <trkpt lat="-7.76347571" lon="112.60806629">
   <ele>2587.04</ele>
  </trkpt>
  <trkpt lat="-7.76345945" lon="112.60797936">
   <ele>2589.93</ele>
  </trkpt>
  <trkpt lat="-7.76345199" lon="112.60796964">
   <ele>2590.89</ele>
  </trkpt>
  <trkpt lat="-7.76341997" lon="112.60789890">
   <ele>2594.25</ele>
  </trkpt>
  <trkpt lat="-7.76343958" lon="112.60786613">
   <ele>2597.14</ele>
  </trkpt>
  <trkpt lat="-7.76343875" lon="112.60779371">
   <ele>2600.02</ele>
  </trkpt>
  <trkpt lat="-7.76336096" lon="112.60773637">
   <ele>2600.5</ele>
  </trkpt>
  <trkpt lat="-7.76334872" lon="112.60774886">
   <ele>2601.46</ele>
  </trkpt>
  <trkpt lat="-7.76331235" lon="112.60771860">
   <ele>2602.91</ele>
  </trkpt>
  <trkpt lat="-7.76328452" lon="112.60764895">
   <ele>2604.83</ele>
  </trkpt>
  <trkpt lat="-7.76324437" lon="112.60751719">
   <ele>2607.23</ele>
  </trkpt>
  <trkpt lat="-7.76319073" lon="112.60743580">
   <ele>2610.6</ele>
  </trkpt>
  <trkpt lat="-7.76315267" lon="112.60735190">
   <ele>2613.48</ele>
  </trkpt>
  <trkpt lat="-7.76312937" lon="112.60726623">
   <ele>2616.85</ele>
  </trkpt>
  <trkpt lat="-7.76312602" lon="112.60723027">
   <ele>2619.25</ele>
  </trkpt>
  <trkpt lat="-7.76312778" lon="112.60715274">
   <ele>2621.17</ele>
  </trkpt>
  <trkpt lat="-7.76312308" lon="112.60714863">
   <ele>2621.17</ele>
  </trkpt>
  <trkpt lat="-7.76307958" lon="112.60708326">
   <ele>2625.02</ele>
  </trkpt>
  <trkpt lat="-7.76307045" lon="112.60701092">
   <ele>2628.38</ele>
  </trkpt>
  <trkpt lat="-7.76304136" lon="112.60694512">
   <ele>2631.27</ele>
  </trkpt>
  <trkpt lat="-7.76298101" lon="112.60689869">
   <ele>2633.19</ele>
  </trkpt>
  <trkpt lat="-7.76290633" lon="112.60684655">
   <ele>2637.03</ele>
  </trkpt>
  <trkpt lat="-7.76288135" lon="112.60676265">
   <ele>2640.4</ele>
  </trkpt>
  <trkpt lat="-7.76285989" lon="112.60670414">
   <ele>2642.8</ele>
  </trkpt>
  <trkpt lat="-7.76283014" lon="112.60666039">
   <ele>2644.72</ele>
  </trkpt>
  <trkpt lat="-7.76281547" lon="112.60663181">
   <ele>2646.65</ele>
  </trkpt>
  <trkpt lat="-7.76279544" lon="112.60655981">
   <ele>2649.53</ele>
  </trkpt>
  <trkpt lat="-7.76274246" lon="112.60651773">
   <ele>2652.9</ele>
  </trkpt>
  <trkpt lat="-7.76269552" lon="112.60653994">
   <ele>2652.42</ele>
  </trkpt>
  <trkpt lat="-7.76271195" lon="112.60656291">
   <ele>2652.9</ele>
  </trkpt>
  <trkpt lat="-7.76273131" lon="112.60652527">
   <ele>2652.9</ele>
  </trkpt>
  <trkpt lat="-7.76271069" lon="112.60647079">
   <ele>2652.42</ele>
  </trkpt>
  <trkpt lat="-7.76269946" lon="112.60647456">
   <ele>2652.42</ele>
  </trkpt>
  <trkpt lat="-7.76272067" lon="112.60651102">
   <ele>2652.42</ele>
  </trkpt>
  <trkpt lat="-7.76274204" lon="112.60654765">
   <ele>2652.9</ele>
  </trkpt>
  <trkpt lat="-7.76273442" lon="112.60648663">
   <ele>2652.42</ele>
  </trkpt>
  <trkpt lat="-7.76271623" lon="112.60653793">
   <ele>2652.42</ele>
  </trkpt>
  <trkpt lat="-7.76271128" lon="112.60649510">
   <ele>2652.42</ele>
  </trkpt>
  <trkpt lat="-7.76270072" lon="112.60656844">
   <ele>2652.9</ele>
  </trkpt>
  <trkpt lat="-7.76271983" lon="112.60654086">
   <ele>2652.42</ele>
  </trkpt>
  <trkpt lat="-7.76270458" lon="112.60651094">
   <ele>2652.42</ele>
  </trkpt>
  <trkpt lat="-7.76273810" lon="112.60653474">
   <ele>2652.42</ele>
  </trkpt>
  <trkpt lat="-7.76272679" lon="112.60653634">
   <ele>2652.42</ele>
  </trkpt>
  <trkpt lat="-7.76275763" lon="112.60647926">
   <ele>2652.9</ele>
  </trkpt>
  <trkpt lat="-7.76272989" lon="112.60647632">
   <ele>2653.38</ele>
  </trkpt>
  <trkpt lat="-7.76273995" lon="112.60650096">
   <ele>2652.9</ele>
  </trkpt>
  <trkpt lat="-7.76271782" lon="112.60647322">
   <ele>2655.3</ele>
  </trkpt>
  <trkpt lat="-7.76272100" lon="112.60638102">
   <ele>2658.18</ele>
  </trkpt>
  <trkpt lat="-7.76269108" lon="112.60631765">
   <ele>2661.07</ele>
  </trkpt>
  <trkpt lat="-7.76264749" lon="112.60627457">
   <ele>2664.43</ele>
  </trkpt>
  <trkpt lat="-7.76259720" lon="112.60619653">
   <ele>2667.31</ele>
  </trkpt>
  <trkpt lat="-7.76252914" lon="112.60610995">
   <ele>2670.68</ele>
  </trkpt>
  <trkpt lat="-7.76249561" lon="112.60603133">
   <ele>2672.6</ele>
  </trkpt>
  <trkpt lat="-7.76248815" lon="112.60600777">
   <ele>2674.04</ele>
  </trkpt>
  <trkpt lat="-7.76251288" lon="112.60589831">
   <ele>2677.41</ele>
  </trkpt>
  <trkpt lat="-7.76248313" lon="112.60584827">
   <ele>2679.81</ele>
  </trkpt>
  <trkpt lat="-7.76245396" lon="112.60577241">
   <ele>2682.7</ele>
  </trkpt>
  <trkpt lat="-7.76243803" lon="112.60573612">
   <ele>2685.58</ele>
  </trkpt>
  <trkpt lat="-7.76238724" lon="112.60565967">
   <ele>2688.46</ele>
  </trkpt>
  <trkpt lat="-7.76239285" lon="112.60563277">
   <ele>2688.94</ele>
  </trkpt>
  <trkpt lat="-7.76242387" lon="112.60557443">
   <ele>2689.91</ele>
  </trkpt>
  <trkpt lat="-7.76241330" lon="112.60551710">
   <ele>2693.27</ele>
  </trkpt>
  <trkpt lat="-7.76243183" lon="112.60542892">
   <ele>2696.64</ele>
  </trkpt>
  <trkpt lat="-7.76243661" lon="112.60532482">
   <ele>2699.52</ele>
  </trkpt>
  <trkpt lat="-7.76241146" lon="112.60525055">
   <ele>2703.36</ele>
  </trkpt>
  <trkpt lat="-7.76239277" lon="112.60511468">
   <ele>2706.25</ele>
  </trkpt>
  <trkpt lat="-7.76238740" lon="112.60502156">
   <ele>2709.61</ele>
  </trkpt>
  <trkpt lat="-7.76237584" lon="112.60495543">
   <ele>2712.98</ele>
  </trkpt>
  <trkpt lat="-7.76235740" lon="112.60486239">
   <ele>2715.86</ele>
  </trkpt>
  <trkpt lat="-7.76222806" lon="112.60479885">
   <ele>2719.23</ele>
  </trkpt>
  <trkpt lat="-7.76221558" lon="112.60473079">
   <ele>2722.59</ele>
  </trkpt>
  <trkpt lat="-7.76222387" lon="112.60471126">
   <ele>2724.03</ele>
  </trkpt>
  <trkpt lat="-7.76225413" lon="112.60465988">
   <ele>2727.4</ele>
  </trkpt>
  <trkpt lat="-7.76228473" lon="112.60460967">
   <ele>2730.28</ele>
  </trkpt>
  <trkpt lat="-7.76225455" lon="112.60454153">
   <ele>2733.65</ele>
  </trkpt>
  <trkpt lat="-7.76220937" lon="112.60446760">
   <ele>2736.53</ele>
  </trkpt>
  <trkpt lat="-7.76219303" lon="112.60445813">
   <ele>2737.49</ele>
  </trkpt>
  <trkpt lat="-7.76215925" lon="112.60440482">
   <ele>2737.97</ele>
  </trkpt>
  <trkpt lat="-7.76219470" lon="112.60441362">
   <ele>2737.97</ele>
  </trkpt>
  <trkpt lat="-7.76222488" lon="112.60437582">
   <ele>2737.97</ele>
  </trkpt>
  <trkpt lat="-7.76222806" lon="112.60442175">
   <ele>2738.45</ele>
  </trkpt>
  <trkpt lat="-7.76222614" lon="112.60441924">
   <ele>2738.45</ele>
  </trkpt>
  <trkpt lat="-7.76220334" lon="112.60442971">
   <ele>2738.93</ele>
  </trkpt>
  <trkpt lat="-7.76223293" lon="112.60441018">
   <ele>2738.93</ele>
  </trkpt>
  <trkpt lat="-7.76229152" lon="112.60437640">
   <ele>2738.93</ele>
  </trkpt>
  <trkpt lat="-7.76223259" lon="112.60436593">
   <ele>2739.89</ele>
  </trkpt>
  <trkpt lat="-7.76223008" lon="112.60428772">
   <ele>2741.82</ele>
  </trkpt>
  <trkpt lat="-7.76224885" lon="112.60421480">
   <ele>2744.22</ele>
  </trkpt>
  <trkpt lat="-7.76221616" lon="112.60414515">
   <ele>2747.1</ele>
  </trkpt>
  <trkpt lat="-7.76219730" lon="112.60406904">
   <ele>2749.99</ele>
  </trkpt>
  <trkpt lat="-7.76219621" lon="112.60398824">
   <ele>2753.35</ele>
  </trkpt>
  <trkpt lat="-7.76218046" lon="112.60394256">
   <ele>2755.76</ele>
  </trkpt>
  <trkpt lat="-7.76214131" lon="112.60388128">
   <ele>2759.12</ele>
  </trkpt>
  <trkpt lat="-7.76209680" lon="112.60383745">
   <ele>2762.49</ele>
  </trkpt>
  <trkpt lat="-7.76206923" lon="112.60382110">
   <ele>2763.93</ele>
  </trkpt>
  <trkpt lat="-7.76205724" lon="112.60380149">
   <ele>2765.37</ele>
  </trkpt>
  <trkpt lat="-7.76202086" lon="112.60374399">
   <ele>2768.25</ele>
  </trkpt>
  <trkpt lat="-7.76202237" lon="112.60368255">
   <ele>2770.66</ele>
  </trkpt>
  <trkpt lat="-7.76201173" lon="112.60366252">
   <ele>2772.58</ele>
  </trkpt>
  <trkpt lat="-7.76198935" lon="112.60364860">
   <ele>2774.5</ele>
  </trkpt>
  <trkpt lat="-7.76195515" lon="112.60357509">
   <ele>2776.91</ele>
  </trkpt>
  <trkpt lat="-7.76191911" lon="112.60353830">
   <ele>2779.79</ele>
  </trkpt>
  <trkpt lat="-7.76187988" lon="112.60348750">
   <ele>2782.67</ele>
  </trkpt>
  <trkpt lat="-7.76190754" lon="112.60345423">
   <ele>2783.15</ele>
  </trkpt>
  <trkpt lat="-7.76188893" lon="112.60337242">
   <ele>2786.52</ele>
  </trkpt>
  <trkpt lat="-7.76188768" lon="112.60329153">
   <ele>2789.4</ele>
  </trkpt>
  <trkpt lat="-7.76189664" lon="112.60324216">
   <ele>2790.36</ele>
  </trkpt>
  <trkpt lat="-7.76189891" lon="112.60313530">
   <ele>2791.33</ele>
  </trkpt>
  <trkpt lat="-7.76192875" lon="112.60303002">
   <ele>2789.4</ele>
  </trkpt>
  <trkpt lat="-7.76202371" lon="112.60296430">
   <ele>2788.92</ele>
  </trkpt>
  <trkpt lat="-7.76205741" lon="112.60291385">
   <ele>2791.81</ele>
  </trkpt>
  <trkpt lat="-7.76206378" lon="112.60285576">
   <ele>2794.69</ele>
  </trkpt>
  <trkpt lat="-7.76209488" lon="112.60279574">
   <ele>2798.05</ele>
  </trkpt>
  <trkpt lat="-7.76215003" lon="112.60274512">
   <ele>2801.42</ele>
  </trkpt>
  <trkpt lat="-7.76215824" lon="112.60271327">
   <ele>2802.86</ele>
  </trkpt>
  <trkpt lat="-7.76216579" lon="112.60265116">
   <ele>2804.78</ele>
  </trkpt>
  <trkpt lat="-7.76216520" lon="112.60260891">
   <ele>2806.23</ele>
  </trkpt>
  <trkpt lat="-7.76218884" lon="112.60252040">
   <ele>2809.59</ele>
  </trkpt>
  <trkpt lat="-7.76222848" lon="112.60244831">
   <ele>2812.47</ele>
  </trkpt>
  <trkpt lat="-7.76222471" lon="112.60233759">
   <ele>2815.36</ele>
  </trkpt>
  <trkpt lat="-7.76222840" lon="112.60224966">
   <ele>2817.76</ele>
  </trkpt>
  <trkpt lat="-7.76223117" lon="112.60221832">
   <ele>2819.2</ele>
  </trkpt>
  <trkpt lat="-7.76223100" lon="112.60213902">
   <ele>2822.09</ele>
  </trkpt>
  <trkpt lat="-7.76222211" lon="112.60206174">
   <ele>2825.45</ele>
  </trkpt>
  <trkpt lat="-7.76222236" lon="112.60200575">
   <ele>2828.82</ele>
  </trkpt>
  <trkpt lat="-7.76222178" lon="112.60197641">
   <ele>2828.82</ele>
  </trkpt>
  <trkpt lat="-7.76223511" lon="112.60193199">
   <ele>2829.78</ele>
  </trkpt>
  <trkpt lat="-7.76223108" lon="112.60183727">
   <ele>2832.66</ele>
  </trkpt>
  <trkpt lat="-7.76226277" lon="112.60176661">
   <ele>2835.06</ele>
  </trkpt>
  <trkpt lat="-7.76224734" lon="112.60166444">
   <ele>2838.43</ele>
  </trkpt>
  <trkpt lat="-7.76225103" lon="112.60158682">
   <ele>2841.79</ele>
  </trkpt>
  <trkpt lat="-7.76222765" lon="112.60150158">
   <ele>2844.2</ele>
  </trkpt>
  <trkpt lat="-7.76223376" lon="112.60141441">
   <ele>2848.04</ele>
  </trkpt>
  <trkpt lat="-7.76225782" lon="112.60132254">
   <ele>2849.97</ele>
  </trkpt>
  <trkpt lat="-7.76227291" lon="112.60126965">
   <ele>2853.33</ele>
  </trkpt>
  <trkpt lat="-7.76230426" lon="112.60122322">
   <ele>2856.21</ele>
  </trkpt>
  <trkpt lat="-7.76229965" lon="112.60117921">
   <ele>2858.14</ele>
  </trkpt>
  <trkpt lat="-7.76238103" lon="112.60112649">
   <ele>2860.54</ele>
  </trkpt>
  <trkpt lat="-7.76238154" lon="112.60110595">
   <ele>2862.46</ele>
  </trkpt>
  <trkpt lat="-7.76238238" lon="112.60102197">
   <ele>2865.83</ele>
  </trkpt>
  <trkpt lat="-7.76242118" lon="112.60096597">
   <ele>2868.71</ele>
  </trkpt>
  <trkpt lat="-7.76240568" lon="112.60086916">
   <ele>2872.08</ele>
  </trkpt>
  <trkpt lat="-7.76240936" lon="112.60080798">
   <ele>2874.48</ele>
  </trkpt>
  <trkpt lat="-7.76244658" lon="112.60073547">
   <ele>2877.36</ele>
  </trkpt>
  <trkpt lat="-7.76244859" lon="112.60064369">
   <ele>2880.25</ele>
  </trkpt>
  <trkpt lat="-7.76246259" lon="112.60057395">
   <ele>2882.65</ele>
  </trkpt>
  <trkpt lat="-7.76247424" lon="112.60050614">
   <ele>2886.02</ele>
  </trkpt>
  <trkpt lat="-7.76247885" lon="112.60042534">
   <ele>2889.38</ele>
  </trkpt>
  <trkpt lat="-7.76246896" lon="112.60037371">
   <ele>2892.26</ele>
  </trkpt>
  <trkpt lat="-7.76249913" lon="112.60030137">
   <ele>2895.63</ele>
  </trkpt>
  <trkpt lat="-7.76249981" lon="112.60025351">
   <ele>2896.11</ele>
  </trkpt>
  <trkpt lat="-7.76252822" lon="112.60021747">
   <ele>2899.47</ele>
  </trkpt>
  <trkpt lat="-7.76254348" lon="112.60019341">
   <ele>2900.92</ele>
  </trkpt>
  <trkpt lat="-7.76257826" lon="112.60013826">
   <ele>2904.28</ele>
  </trkpt>
  <trkpt lat="-7.76260919" lon="112.60007632">
   <ele>2907.65</ele>
  </trkpt>
  <trkpt lat="-7.76260341" lon="112.60001765">
   <ele>2910.53</ele>
  </trkpt>
  <trkpt lat="-7.76262646" lon="112.59992159">
   <ele>2913.89</ele>
  </trkpt>
  <trkpt lat="-7.76264255" lon="112.59988538">
   <ele>2915.34</ele>
  </trkpt>
  <trkpt lat="-7.76264967" lon="112.59985738">
   <ele>2916.3</ele>
  </trkpt>
  <trkpt lat="-7.76263995" lon="112.59978823">
   <ele>2919.66</ele>
  </trkpt>
  <trkpt lat="-7.76265906" lon="112.59969335">
   <ele>2922.54</ele>
  </trkpt>
  <trkpt lat="-7.76263517" lon="112.59962127">
   <ele>2923.99</ele>
  </trkpt>
  <trkpt lat="-7.76262939" lon="112.59955865">
   <ele>2927.35</ele>
  </trkpt>
  <trkpt lat="-7.76263568" lon="112.59947249">
   <ele>2930.24</ele>
  </trkpt>
  <trkpt lat="-7.76264305" lon="112.59939705">
   <ele>2933.6</ele>
  </trkpt>
  <trkpt lat="-7.76265118" lon="112.59933737">
   <ele>2936.97</ele>
  </trkpt>
  <trkpt lat="-7.76267130" lon="112.59928130">
   <ele>2939.85</ele>
  </trkpt>
  <trkpt lat="-7.76268060" lon="112.59918541">
   <ele>2943.21</ele>
  </trkpt>
  <trkpt lat="-7.76266225" lon="112.59912229">
   <ele>2946.58</ele>
  </trkpt>
  <trkpt lat="-7.76263643" lon="112.59906731">
   <ele>2949.94</ele>
  </trkpt>
  <trkpt lat="-7.76264925" lon="112.59897343">
   <ele>2952.83</ele>
  </trkpt>
  <trkpt lat="-7.76266593" lon="112.59891266">
   <ele>2955.71</ele>
  </trkpt>
  <trkpt lat="-7.76265873" lon="112.59884829">
   <ele>2959.08</ele>
  </trkpt>
  <trkpt lat="-7.76267122" lon="112.59879590">
   <ele>2961.48</ele>
  </trkpt>
  <trkpt lat="-7.76268806" lon="112.59867964">
   <ele>2964.84</ele>
  </trkpt>
  <trkpt lat="-7.76268664" lon="112.59864737">
   <ele>2966.77</ele>
  </trkpt>
  <trkpt lat="-7.76273542" lon="112.59857152">
   <ele>2970.13</ele>
  </trkpt>
  <trkpt lat="-7.76274447" lon="112.59854109">
   <ele>2970.13</ele>
  </trkpt>
  <trkpt lat="-7.76275093" lon="112.59863446">
   <ele>2972.05</ele>
  </trkpt>
  <trkpt lat="-7.76275311" lon="112.59861108">
   <ele>2974.94</ele>
  </trkpt>
  <trkpt lat="-7.76272997" lon="112.59860764">
   <ele>2978.3</ele>
  </trkpt>
  <trkpt lat="-7.76274313" lon="112.59859356">
   <ele>2982.15</ele>
  </trkpt>
  <trkpt lat="-7.76274313" lon="112.59859121">
   <ele>2982.15</ele>
  </trkpt>
  <trkpt lat="-7.76274766" lon="112.59858090">
   <ele>2985.03</ele>
  </trkpt>
  <trkpt lat="-7.76274154" lon="112.59858468">
   <ele>2988.88</ele>
  </trkpt>
  <trkpt lat="-7.76274439" lon="112.59858283">
   <ele>2990.32</ele>
  </trkpt>
  <trkpt lat="-7.76274825" lon="112.59858141">
   <ele>2990.32</ele>
  </trkpt>
  <trkpt lat="-7.76278337" lon="112.59858694">
   <ele>2993.68</ele>
  </trkpt>
  <trkpt lat="-7.76281773" lon="112.59859406">
   <ele>3001.37</ele>
  </trkpt>
  <trkpt lat="-7.76278337" lon="112.59858694">
   <ele>3000.89</ele>
  </trkpt>
  <trkpt lat="-7.76278085" lon="112.59857344">
   <ele>2993.68</ele>
  </trkpt>
  <trkpt lat="-7.76277356" lon="112.59857873">
   <ele>2993.2</ele>
  </trkpt>
  <trkpt lat="-7.76276057" lon="112.59855391">
   <ele>2994.64</ele>
  </trkpt>
  <trkpt lat="-7.76274992" lon="112.59847370">
   <ele>2997.53</ele>
  </trkpt>
  <trkpt lat="-7.76278311" lon="112.59841008">
   <ele>3000.41</ele>
  </trkpt>
  <trkpt lat="-7.76280625" lon="112.59831746">
   <ele>3002.82</ele>
  </trkpt>
  <trkpt lat="-7.76283315" lon="112.59827714">
   <ele>3006.18</ele>
  </trkpt>
  <trkpt lat="-7.76286601" lon="112.59819333">
   <ele>3009.54</ele>
  </trkpt>
  <trkpt lat="-7.76295402" lon="112.59815837">
   <ele>3011.95</ele>
  </trkpt>
  <trkpt lat="-7.76300037" lon="112.59809962">
   <ele>3013.87</ele>
  </trkpt>
  <trkpt lat="-7.76307531" lon="112.59802032">
   <ele>3016.27</ele>
  </trkpt>
  <trkpt lat="-7.76311638" lon="112.59794028">
   <ele>3019.16</ele>
  </trkpt>
  <trkpt lat="-7.76313792" lon="112.59789200">
   <ele>3022.52</ele>
  </trkpt>
  <trkpt lat="-7.76313750" lon="112.59784112">
   <ele>3025.41</ele>
  </trkpt>
  <trkpt lat="-7.76308092" lon="112.59781362">
   <ele>3028.29</ele>
  </trkpt>
  <trkpt lat="-7.76308503" lon="112.59776023">
   <ele>3030.69</ele>
  </trkpt>
  <trkpt lat="-7.76310263" lon="112.59769544">
   <ele>3034.06</ele>
  </trkpt>
  <trkpt lat="-7.76307908" lon="112.59764808">
   <ele>3036.94</ele>
  </trkpt>
  <trkpt lat="-7.76310825" lon="112.59758572">
   <ele>3040.31</ele>
  </trkpt>
  <trkpt lat="-7.76315929" lon="112.59755731">
   <ele>3040.31</ele>
  </trkpt>
  <trkpt lat="-7.76323146" lon="112.59751179">
   <ele>3042.71</ele>
  </trkpt>
  <trkpt lat="-7.76327631" lon="112.59751682">
   <ele>3046.07</ele>
  </trkpt>
  <trkpt lat="-7.76332157" lon="112.59751749">
   <ele>3048</ele>
  </trkpt>
  <trkpt lat="-7.76335753" lon="112.59749210">
   <ele>3050.88</ele>
  </trkpt>
  <trkpt lat="-7.76338393" lon="112.59744977">
   <ele>3053.77</ele>
  </trkpt>
  <trkpt lat="-7.76341737" lon="112.59741867">
   <ele>3057.13</ele>
  </trkpt>
  <trkpt lat="-7.76342366" lon="112.59738456">
   <ele>3057.13</ele>
  </trkpt>
  <trkpt lat="-7.76344059" lon="112.59736151">
   <ele>3059.05</ele>
  </trkpt>
  <trkpt lat="-7.76346674" lon="112.59735145">
   <ele>3060.98</ele>
  </trkpt>
  <trkpt lat="-7.76351821" lon="112.59730359">
   <ele>3063.86</ele>
  </trkpt>
  <trkpt lat="-7.76355115" lon="112.59728615">
   <ele>3066.26</ele>
  </trkpt>
  <trkpt lat="-7.76359398" lon="112.59725698">
   <ele>3067.7</ele>
  </trkpt>
  <trkpt lat="-7.76370202" lon="112.59722169">
   <ele>3071.07</ele>
  </trkpt>
  <trkpt lat="-7.76377461" lon="112.59723636">
   <ele>3072.99</ele>
  </trkpt>
  <trkpt lat="-7.76388072" lon="112.59720233">
   <ele>3074.91</ele>
  </trkpt>
  <trkpt lat="-7.76393873" lon="112.59718029">
   <ele>3076.36</ele>
  </trkpt>
  <trkpt lat="-7.76405280" lon="112.59717643">
   <ele>3077.8</ele>
  </trkpt>
  <trkpt lat="-7.76412430" lon="112.59717442">
   <ele>3077.8</ele>
  </trkpt>
  <trkpt lat="-7.76421751" lon="112.59714534">
   <ele>3080.68</ele>
  </trkpt>
  <trkpt lat="-7.76424366" lon="112.59710963">
   <ele>3083.57</ele>
  </trkpt>
  <trkpt lat="-7.76425892" lon="112.59710552">
   <ele>3084.53</ele>
  </trkpt>
  <trkpt lat="-7.76426696" lon="112.59703796">
   <ele>3087.89</ele>
  </trkpt>
  <trkpt lat="-7.76427476" lon="112.59701206">
   <ele>3088.37</ele>
  </trkpt>
  <trkpt lat="-7.76428163" lon="112.59699513">
   <ele>3088.85</ele>
  </trkpt>
  <trkpt lat="-7.76436578" lon="112.59693294">
   <ele>3091.74</ele>
  </trkpt>
  <trkpt lat="-7.76443142" lon="112.59688877">
   <ele>3093.66</ele>
  </trkpt>
  <trkpt lat="-7.76452906" lon="112.59682808">
   <ele>3095.58</ele>
  </trkpt>
  <trkpt lat="-7.76462680" lon="112.59674191">
   <ele>3098.95</ele>
  </trkpt>
  <trkpt lat="-7.76472889" lon="112.59666597">
   <ele>3098.95</ele>
  </trkpt>
  <trkpt lat="-7.76485663" lon="112.59658735">
   <ele>3098.47</ele>
  </trkpt>
  <trkpt lat="-7.76500490" lon="112.59653899">
   <ele>3097.51</ele>
  </trkpt>
  <trkpt lat="-7.76513248" lon="112.59652474">
   <ele>3097.51</ele>
  </trkpt>
  <trkpt lat="-7.76525988" lon="112.59646456">
   <ele>3099.91</ele>
  </trkpt>
  <trkpt lat="-7.76532325" lon="112.59641217">
   <ele>3101.35</ele>
  </trkpt>
  <trkpt lat="-7.76540665" lon="112.59635434">
   <ele>3103.75</ele>
  </trkpt>
  <trkpt lat="-7.76550715" lon="112.59626591">
   <ele>3105.2</ele>
  </trkpt>
  <trkpt lat="-7.76559918" lon="112.59619961">
   <ele>3104.23</ele>
  </trkpt>
  <trkpt lat="-7.76568359" lon="112.59622291">
   <ele>3103.75</ele>
  </trkpt>
  <trkpt lat="-7.76574863" lon="112.59622660">
   <ele>3103.27</ele>
  </trkpt>
  <trkpt lat="-7.76584427" lon="112.59623162">
   <ele>3103.75</ele>
  </trkpt>
  <trkpt lat="-7.76593320" lon="112.59625928">
   <ele>3101.83</ele>
  </trkpt>
  <trkpt lat="-7.76601694" lon="112.59624545">
   <ele>3102.31</ele>
  </trkpt>
  <trkpt lat="-7.76602046" lon="112.59619324">
   <ele>3103.75</ele>
  </trkpt>
  <trkpt lat="-7.76608684" lon="112.59610556">
   <ele>3105.2</ele>
  </trkpt>
  <trkpt lat="-7.76618734" lon="112.59602727">
   <ele>3105.2</ele>
  </trkpt>
  <trkpt lat="-7.76623017" lon="112.59593985">
   <ele>3108.08</ele>
  </trkpt>
  <trkpt lat="-7.76624367" lon="112.59587833">
   <ele>3111.44</ele>
  </trkpt>
  <trkpt lat="-7.76625381" lon="112.59581764">
   <ele>3112.89</ele>
  </trkpt>
  <trkpt lat="-7.76624911" lon="112.59577774">
   <ele>3112.89</ele>
  </trkpt>
 </trkseg>
</trk>
<trk>
 <name>Track 121</name>
 <trkseg>
  <trkpt lat="-7.74401352" lon="112.57883172"></trkpt>
  <trkpt lat="-7.74363667" lon="112.57891545"></trkpt>
  <trkpt lat="-7.74342729" lon="112.57912491"></trkpt>
  <trkpt lat="-7.74330164" lon="112.57920865"></trkpt>
  <trkpt lat="-7.74325973" lon="112.57925056"></trkpt>
  <trkpt lat="-7.74321782" lon="112.57929247"></trkpt>
  <trkpt lat="-7.74321782" lon="112.57925056"></trkpt>
  <trkpt lat="-7.74317600" lon="112.57925056"></trkpt>
  <trkpt lat="-7.74313409" lon="112.57925056"></trkpt>
  <trkpt lat="-7.74309218" lon="112.57929247"></trkpt>
  <trkpt lat="-7.74305035" lon="112.57929247"></trkpt>
  <trkpt lat="-7.74305035" lon="112.57925056"></trkpt>
  <trkpt lat="-7.74300844" lon="112.57925056"></trkpt>
  <trkpt lat="-7.74288280" lon="112.57933429"></trkpt>
  <trkpt lat="-7.74254777" lon="112.57954376"></trkpt>
  <trkpt lat="-7.74246404" lon="112.57962749"></trkpt>
  <trkpt lat="-7.74242213" lon="112.57966940"></trkpt>
  <trkpt lat="-7.74221275" lon="112.57954376"></trkpt>
  <trkpt lat="-7.74217092" lon="112.57954376"></trkpt>
  <trkpt lat="-7.74212901" lon="112.57954376"></trkpt>
  <trkpt lat="-7.74208711" lon="112.57954376"></trkpt>
  <trkpt lat="-7.74200337" lon="112.57945994"></trkpt>
  <trkpt lat="-7.74196146" lon="112.57941811"></trkpt>
  <trkpt lat="-7.74187773" lon="112.57941811"></trkpt>
  <trkpt lat="-7.74166835" lon="112.57937620"></trkpt>
  <trkpt lat="-7.74137515" lon="112.57958558"></trkpt>
  <trkpt lat="-7.74112394" lon="112.57937620"></trkpt>
  <trkpt lat="-7.74095639" lon="112.57933429"></trkpt>
  <trkpt lat="-7.74070510" lon="112.57933429"></trkpt>
  <trkpt lat="-7.74062136" lon="112.57912491"></trkpt>
  <trkpt lat="-7.74053763" lon="112.57899927"></trkpt>
 </trkseg>
</trk>
<trk>
 <name>Track 128</name>
 <trkseg>
  <trkpt lat="-7.73526088" lon="112.57489465"></trkpt>
  <trkpt lat="-7.73530271" lon="112.57476901"></trkpt>
  <trkpt lat="-7.73509333" lon="112.57460145"></trkpt>
  <trkpt lat="-7.73521897" lon="112.57451772"></trkpt>
  <trkpt lat="-7.73505142" lon="112.57347065"></trkpt>
  <trkpt lat="-7.73471639" lon="112.57321936"></trkpt>
  <trkpt lat="-7.73475830" lon="112.57284234"></trkpt>
  <trkpt lat="-7.73442328" lon="112.57284234"></trkpt>
  <trkpt lat="-7.73467457" lon="112.57284234"></trkpt>
  <trkpt lat="-7.73471639" lon="112.57313554"></trkpt>
  <trkpt lat="-7.73563773" lon="112.57388949"></trkpt>
  <trkpt lat="-7.73630787" lon="112.57393132"></trkpt>
  <trkpt lat="-7.73668472" lon="112.57376385"></trkpt>
  <trkpt lat="-7.73681036" lon="112.57414078"></trkpt>
 </trkseg>
</trk>
<trk>
 <name>Track 260</name>
 <trkseg>
  <trkpt lat="-7.74346802" lon="112.59488851"></trkpt>
  <trkpt lat="-7.74383213" lon="112.59518087"></trkpt>
  <trkpt lat="-7.74395962" lon="112.59565294"></trkpt>
  <trkpt lat="-7.74409248" lon="112.59593717"></trkpt>
  <trkpt lat="-7.74412441" lon="112.59633422"></trkpt>
  <trkpt lat="-7.74424670" lon="112.59691358"></trkpt>
  <trkpt lat="-7.74443798" lon="112.59690276"></trkpt>
  <trkpt lat="-7.74485263" lon="112.59655952"></trkpt>
  <trkpt lat="-7.74530978" lon="112.59633422"></trkpt>
  <trkpt lat="-7.74578822" lon="112.59628057"></trkpt>
  <trkpt lat="-7.74641544" lon="112.59647369"></trkpt>
  <trkpt lat="-7.74676622" lon="112.59644151"></trkpt>
  <trkpt lat="-7.74726586" lon="112.59657017"></trkpt>
  <trkpt lat="-7.74742529" lon="112.59722471"></trkpt>
  <trkpt lat="-7.74794622" lon="112.59728909"></trkpt>
  <trkpt lat="-7.74826524" lon="112.59722471"></trkpt>
  <trkpt lat="-7.74862658" lon="112.59735337"></trkpt>
  <trkpt lat="-7.74898809" lon="112.59708524"></trkpt>
  <trkpt lat="-7.74923787" lon="112.59702086"></trkpt>
  <trkpt lat="-7.74965781" lon="112.59697258"></trkpt>
  <trkpt lat="-7.74988110" lon="112.59716034"></trkpt>
  <trkpt lat="-7.75012560" lon="112.59729437"></trkpt>
  <trkpt lat="-7.75039131" lon="112.59719253"></trkpt>
  <trkpt lat="-7.75060932" lon="112.59685717"></trkpt>
  <trkpt lat="-7.75082993" lon="112.59663463"></trkpt>
  <trkpt lat="-7.75111416" lon="112.59645492"></trkpt>
  <trkpt lat="-7.75111693" lon="112.59616792"></trkpt>
  <trkpt lat="-7.75114082" lon="112.59604454"></trkpt>
  <trkpt lat="-7.75139596" lon="112.59587288"></trkpt>
  <trkpt lat="-7.75148900" lon="112.59511381"></trkpt>
  <trkpt lat="-7.75147299" lon="112.59466588"></trkpt>
  <trkpt lat="-7.75163778" lon="112.59449422"></trkpt>
  <trkpt lat="-7.75174147" lon="112.59414822"></trkpt>
  <trkpt lat="-7.75206040" lon="112.59383440"></trkpt>
  <trkpt lat="-7.75236868" lon="112.59357146"></trkpt>
  <trkpt lat="-7.75248561" lon="112.59329259"></trkpt>
  <trkpt lat="-7.75285240" lon="112.59292781"></trkpt>
  <trkpt lat="-7.75298534" lon="112.59256303"></trkpt>
  <trkpt lat="-7.75310218" lon="112.59220362"></trkpt>
  <trkpt lat="-7.75322439" lon="112.59206951"></trkpt>
  <trkpt lat="-7.75332011" lon="112.59188712"></trkpt>
  <trkpt lat="-7.75324568" lon="112.59152234"></trkpt>
  <trkpt lat="-7.75332539" lon="112.59124339"></trkpt>
  <trkpt lat="-7.75328290" lon="112.59101808"></trkpt>
  <trkpt lat="-7.75344240" lon="112.59068012"></trkpt>
  <trkpt lat="-7.75371884" lon="112.59025097"></trkpt>
  <trkpt lat="-7.75412813" lon="112.58980044"></trkpt>
  <trkpt lat="-7.75431940" lon="112.58949987"></trkpt>
  <trkpt lat="-7.75431940" lon="112.58932292"></trkpt>
  <trkpt lat="-7.75415998" lon="112.58918337"></trkpt>
  <trkpt lat="-7.75400584" lon="112.58893669"></trkpt>
  <trkpt lat="-7.75405898" lon="112.58835733"></trkpt>
  <trkpt lat="-7.75419183" lon="112.58796573"></trkpt>
  <trkpt lat="-7.75417591" lon="112.58771360"></trkpt>
  <trkpt lat="-7.75432468" lon="112.58752576"></trkpt>
  <trkpt lat="-7.75455326" lon="112.58726299"></trkpt>
  <trkpt lat="-7.75461151" lon="112.58697130"></trkpt>
 </trkseg>
</trk>
<trk>
 <name>Track 264</name>
 <trkseg>
  <trkpt lat="-7.79967380" lon="112.63861748"></trkpt>
  <trkpt lat="-7.79923928" lon="112.63791827"></trkpt>
  <trkpt lat="-7.79887861" lon="112.63735970"></trkpt>
  <trkpt lat="-7.79868188" lon="112.63702048"></trkpt>
  <trkpt lat="-7.79831710" lon="112.63643299"></trkpt>
  <trkpt lat="-7.79807931" lon="112.63604818"></trkpt>
  <trkpt lat="-7.79812851" lon="112.63594072"></trkpt>
  <trkpt lat="-7.79839908" lon="112.63576688"></trkpt>
  <trkpt lat="-7.79901389" lon="112.63539867"></trkpt>
  <trkpt lat="-7.79948529" lon="112.63510907"></trkpt>
 </trkseg>
</trk>
<trk>
 <name>Track 267</name>
 <trkseg>
  <trkpt lat="-7.75485400" lon="112.53498296">
   <ele>1847.311</ele>
  </trkpt>
  <trkpt lat="-7.75491703" lon="112.53506603">
   <ele>1849.233</ele>
  </trkpt>
  <trkpt lat="-7.75492198" lon="112.53507701">
   <ele>1849.714</ele>
  </trkpt>
  <trkpt lat="-7.75496397" lon="112.53514398">
   <ele>1851.636</ele>
  </trkpt>
  <trkpt lat="-7.75491200" lon="112.53518899">
   <ele>1852.117</ele>
  </trkpt>
  <trkpt lat="-7.75483296" lon="112.53523199">
   <ele>1852.598</ele>
  </trkpt>
  <trkpt lat="-7.75475300" lon="112.53528002">
   <ele>1852.117</ele>
  </trkpt>
  <trkpt lat="-7.75466600" lon="112.53532997">
   <ele>1851.636</ele>
  </trkpt>
  <trkpt lat="-7.75465200" lon="112.53533098">
   <ele>1851.156</ele>
  </trkpt>
  <trkpt lat="-7.75464001" lon="112.53533701">
   <ele>1851.636</ele>
  </trkpt>
  <trkpt lat="-7.75470296" lon="112.53531396">
   <ele>1851.636</ele>
  </trkpt>
  <trkpt lat="-7.75471897" lon="112.53530600">
   <ele>1852.117</ele>
  </trkpt>
  <trkpt lat="-7.75474403" lon="112.53530097">
   <ele>1852.598</ele>
  </trkpt>
  <trkpt lat="-7.75478301" lon="112.53535998">
   <ele>1853.079</ele>
  </trkpt>
  <trkpt lat="-7.75480899" lon="112.53540097">
   <ele>1854.521</ele>
  </trkpt>
  <trkpt lat="-7.75488200" lon="112.53539301">
   <ele>1855.482</ele>
  </trkpt>
  <trkpt lat="-7.75488401" lon="112.53539401">
   <ele>1855.962</ele>
  </trkpt>
  <trkpt lat="-7.75485903" lon="112.53536903">
   <ele>1855.962</ele>
  </trkpt>
  <trkpt lat="-7.75487504" lon="112.53535998">
   <ele>1855.962</ele>
  </trkpt>
  <trkpt lat="-7.75487403" lon="112.53536199">
   <ele>1855.482</ele>
  </trkpt>
  <trkpt lat="-7.75489700" lon="112.53538798">
   <ele>1856.443</ele>
  </trkpt>
  <trkpt lat="-7.75487202" lon="112.53540298">
   <ele>1855.962</ele>
  </trkpt>
  <trkpt lat="-7.75487102" lon="112.53544003">
   <ele>1856.443</ele>
  </trkpt>
  <trkpt lat="-7.75487596" lon="112.53545201">
   <ele>1856.443</ele>
  </trkpt>
  <trkpt lat="-7.75487999" lon="112.53552401">
   <ele>1856.443</ele>
  </trkpt>
  <trkpt lat="-7.75486498" lon="112.53560004">
   <ele>1856.924</ele>
  </trkpt>
  <trkpt lat="-7.75486004" lon="112.53565997">
   <ele>1857.405</ele>
  </trkpt>
  <trkpt lat="-7.75485903" lon="112.53568897">
   <ele>1857.405</ele>
  </trkpt>
  <trkpt lat="-7.75485098" lon="112.53579802">
   <ele>1857.885</ele>
  </trkpt>
  <trkpt lat="-7.75485802" lon="112.53584898">
   <ele>1858.366</ele>
  </trkpt>
  <trkpt lat="-7.75484998" lon="112.53594898">
   <ele>1858.366</ele>
  </trkpt>
  <trkpt lat="-7.75484797" lon="112.53595702">
   <ele>1858.366</ele>
  </trkpt>
  <trkpt lat="-7.75483003" lon="112.53604101">
   <ele>1859.327</ele>
  </trkpt>
  <trkpt lat="-7.75479399" lon="112.53607001">
   <ele>1859.327</ele>
  </trkpt>
  <trkpt lat="-7.75477898" lon="112.53608300">
   <ele>1859.808</ele>
  </trkpt>
  <trkpt lat="-7.75472199" lon="112.53614302">
   <ele>1859.327</ele>
  </trkpt>
  <trkpt lat="-7.75466398" lon="112.53619096">
   <ele>1859.808</ele>
  </trkpt>
  <trkpt lat="-7.75465703" lon="112.53619700">
   <ele>1859.808</ele>
  </trkpt>
  <trkpt lat="-7.75459902" lon="112.53625601">
   <ele>1859.327</ele>
  </trkpt>
  <trkpt lat="-7.75459198" lon="112.53633002">
   <ele>1859.327</ele>
  </trkpt>
  <trkpt lat="-7.75458796" lon="112.53634804">
   <ele>1859.327</ele>
  </trkpt>
  <trkpt lat="-7.75456801" lon="112.53646304">
   <ele>1858.846</ele>
  </trkpt>
  <trkpt lat="-7.75455502" lon="112.53653102">
   <ele>1859.808</ele>
  </trkpt>
  <trkpt lat="-7.75473598" lon="112.53655801">
   <ele>1867.018</ele>
  </trkpt>
  <trkpt lat="-7.75476700" lon="112.53652297">
   <ele>1867.018</ele>
  </trkpt>
  <trkpt lat="-7.75480798" lon="112.53650000">
   <ele>1867.018</ele>
  </trkpt>
  <trkpt lat="-7.75488602" lon="112.53648299">
   <ele>1867.498</ele>
  </trkpt>
  <trkpt lat="-7.75493899" lon="112.53648701">
   <ele>1867.498</ele>
  </trkpt>
  <trkpt lat="-7.75499004" lon="112.53649497">
   <ele>1867.498</ele>
  </trkpt>
  <trkpt lat="-7.75506204" lon="112.53648902">
   <ele>1867.498</ele>
  </trkpt>
  <trkpt lat="-7.75513999" lon="112.53649204">
   <ele>1867.498</ele>
  </trkpt>
  <trkpt lat="-7.75518601" lon="112.53649204">
   <ele>1868.46</ele>
  </trkpt>
  <trkpt lat="-7.75528399" lon="112.53649204">
   <ele>1867.498</ele>
  </trkpt>
  <trkpt lat="-7.75534501" lon="112.53649598">
   <ele>1868.46</ele>
  </trkpt>
  <trkpt lat="-7.75542196" lon="112.53649296">
   <ele>1867.979</ele>
  </trkpt>
  <trkpt lat="-7.75550997" lon="112.53648500">
   <ele>1868.46</ele>
  </trkpt>
  <trkpt lat="-7.75552799" lon="112.53648802">
   <ele>1868.94</ele>
  </trkpt>
  <trkpt lat="-7.75555599" lon="112.53649103">
   <ele>1870.382</ele>
  </trkpt>
  <trkpt lat="-7.75556596" lon="112.53649799">
   <ele>1872.786</ele>
  </trkpt>
  <trkpt lat="-7.75564098" lon="112.53648802">
   <ele>1868.94</ele>
  </trkpt>
  <trkpt lat="-7.75570803" lon="112.53648500">
   <ele>1868.94</ele>
  </trkpt>
  <trkpt lat="-7.75582102" lon="112.53647704">
   <ele>1867.979</ele>
  </trkpt>
  <trkpt lat="-7.75584600" lon="112.53647201">
   <ele>1867.979</ele>
  </trkpt>
  <trkpt lat="-7.75586897" lon="112.53646899">
   <ele>1867.979</ele>
  </trkpt>
  <trkpt lat="-7.75590300" lon="112.53646203">
   <ele>1867.979</ele>
  </trkpt>
  <trkpt lat="-7.75603501" lon="112.53645298">
   <ele>1867.018</ele>
  </trkpt>
  <trkpt lat="-7.75609201" lon="112.53649296">
   <ele>1867.018</ele>
  </trkpt>
  <trkpt lat="-7.75609704" lon="112.53650201">
   <ele>1867.979</ele>
  </trkpt>
 </trkseg>
</trk>
<trk>
 <name>Track 288</name>
 <trkseg>
  <trkpt lat="-7.74334582" lon="112.57822931">
   <ele>3034.06</ele>
  </trkpt>
  <trkpt lat="-7.74347188" lon="112.57825403">
   <ele>3032.14</ele>
  </trkpt>
  <trkpt lat="-7.74357473" lon="112.57830407">
   <ele>3030.69</ele>
  </trkpt>
  <trkpt lat="-7.74366248" lon="112.57831313">
   <ele>3027.81</ele>
  </trkpt>
  <trkpt lat="-7.74367439" lon="112.57830609">
   <ele>3027.33</ele>
  </trkpt>
  <trkpt lat="-7.74371621" lon="112.57829427">
   <ele>3025.89</ele>
  </trkpt>
  <trkpt lat="-7.74372359" lon="112.57826376">
   <ele>3023.48</ele>
  </trkpt>
  <trkpt lat="-7.74376784" lon="112.57824808">
   <ele>3020.12</ele>
  </trkpt>
  <trkpt lat="-7.74385937" lon="112.57826074">
   <ele>3019.64</ele>
  </trkpt>
  <trkpt lat="-7.74394730" lon="112.57826887">
   <ele>3019.16</ele>
  </trkpt>
  <trkpt lat="-7.74399047" lon="112.57826082">
   <ele>3018.2</ele>
  </trkpt>
  <trkpt lat="-7.74399181" lon="112.57826502">
   <ele>3017.72</ele>
  </trkpt>
  <trkpt lat="-7.74401000" lon="112.57822830">
   <ele>3015.79</ele>
  </trkpt>
  <trkpt lat="-7.74405057" lon="112.57823710">
   <ele>3013.39</ele>
  </trkpt>
  <trkpt lat="-7.74409616" lon="112.57829200">
   <ele>3010.03</ele>
  </trkpt>
  <trkpt lat="-7.74414293" lon="112.57832453">
   <ele>3008.1</ele>
  </trkpt>
  <trkpt lat="-7.74419566" lon="112.57835135">
   <ele>3006.66</ele>
  </trkpt>
  <trkpt lat="-7.74422969" lon="112.57838018">
   <ele>3004.74</ele>
  </trkpt>
  <trkpt lat="-7.74423765" lon="112.57839116">
   <ele>3002.33</ele>
  </trkpt>
  <trkpt lat="-7.74423447" lon="112.57839787">
   <ele>3002.33</ele>
  </trkpt>
  <trkpt lat="-7.74425467" lon="112.57840399">
   <ele>3000.89</ele>
  </trkpt>
  <trkpt lat="-7.74429088" lon="112.57842586">
   <ele>2998.49</ele>
  </trkpt>
  <trkpt lat="-7.74435030" lon="112.57848982">
   <ele>2996.57</ele>
  </trkpt>
  <trkpt lat="-7.74439883" lon="112.57855142">
   <ele>2995.12</ele>
  </trkpt>
  <trkpt lat="-7.74446396" lon="112.57859124">
   <ele>2993.2</ele>
  </trkpt>
  <trkpt lat="-7.74450411" lon="112.57865544">
   <ele>2990.8</ele>
  </trkpt>
  <trkpt lat="-7.74451258" lon="112.57870045">
   <ele>2989.36</ele>
  </trkpt>
  <trkpt lat="-7.74451300" lon="112.57874337">
   <ele>2988.4</ele>
  </trkpt>
  <trkpt lat="-7.74451191" lon="112.57876751">
   <ele>2987.91</ele>
  </trkpt>
  <trkpt lat="-7.74455750" lon="112.57885577">
   <ele>2986.47</ele>
  </trkpt>
  <trkpt lat="-7.74457946" lon="112.57890640">
   <ele>2985.99</ele>
  </trkpt>
  <trkpt lat="-7.74462590" lon="112.57896775">
   <ele>2984.07</ele>
  </trkpt>
  <trkpt lat="-7.74464845" lon="112.57901344">
   <ele>2981.67</ele>
  </trkpt>
 </trkseg>
</trk>
<trk>
 <name>Track 300</name>
 <trkseg>
  <trkpt lat="-7.76560253" lon="112.52997922">
   <ele>1647.36</ele>
  </trkpt>
  <trkpt lat="-7.76553179" lon="112.53009774">
   <ele>1648.8</ele>
  </trkpt>
  <trkpt lat="-7.76545543" lon="112.53015650">
   <ele>1650.72</ele>
  </trkpt>
  <trkpt lat="-7.76544906" lon="112.53016471">
   <ele>1651.2</ele>
  </trkpt>
  <trkpt lat="-7.76539022" lon="112.53027451">
   <ele>1654.09</ele>
  </trkpt>
  <trkpt lat="-7.76533146" lon="112.53036604">
   <ele>1655.53</ele>
  </trkpt>
  <trkpt lat="-7.76525787" lon="112.53047886">
   <ele>1657.93</ele>
  </trkpt>
  <trkpt lat="-7.76524303" lon="112.53052915">
   <ele>1658.89</ele>
  </trkpt>
  <trkpt lat="-7.76519056" lon="112.53059579">
   <ele>1660.33</ele>
  </trkpt>
  <trkpt lat="-7.76512904" lon="112.53071263">
   <ele>1662.26</ele>
  </trkpt>
  <trkpt lat="-7.76505654" lon="112.53086912">
   <ele>1665.14</ele>
  </trkpt>
  <trkpt lat="-7.76503022" lon="112.53094113">
   <ele>1666.1</ele>
  </trkpt>
  <trkpt lat="-7.76501496" lon="112.53096367">
   <ele>1666.1</ele>
  </trkpt>
  <trkpt lat="-7.76499568" lon="112.53099804">
   <ele>1666.58</ele>
  </trkpt>
  <trkpt lat="-7.76493064" lon="112.53113458">
   <ele>1668.51</ele>
  </trkpt>
  <trkpt lat="-7.76486484" lon="112.53126098">
   <ele>1669.95</ele>
  </trkpt>
  <trkpt lat="-7.76482478" lon="112.53135259">
   <ele>1671.39</ele>
  </trkpt>
  <trkpt lat="-7.76476845" lon="112.53144228">
   <ele>1673.79</ele>
  </trkpt>
  <trkpt lat="-7.76471523" lon="112.53152660">
   <ele>1676.2</ele>
  </trkpt>
  <trkpt lat="-7.76467390" lon="112.53159659">
   <ele>1676.68</ele>
  </trkpt>
  <trkpt lat="-7.76462931" lon="112.53167278">
   <ele>1678.12</ele>
  </trkpt>
  <trkpt lat="-7.76459352" lon="112.53173883">
   <ele>1679.08</ele>
  </trkpt>
  <trkpt lat="-7.76460450" lon="112.53174596">
   <ele>1678.6</ele>
  </trkpt>
  <trkpt lat="-7.76460400" lon="112.53173799">
   <ele>1678.12</ele>
  </trkpt>
  <trkpt lat="-7.76459914" lon="112.53175719">
   <ele>1677.64</ele>
  </trkpt>
  <trkpt lat="-7.76461121" lon="112.53175928">
   <ele>1678.12</ele>
  </trkpt>
  <trkpt lat="-7.76461707" lon="112.53177278">
   <ele>1677.64</ele>
  </trkpt>
  <trkpt lat="-7.76461640" lon="112.53179197">
   <ele>1678.6</ele>
  </trkpt>
  <trkpt lat="-7.76450543" lon="112.53190404">
   <ele>1681.48</ele>
  </trkpt>
  <trkpt lat="-7.76441197" lon="112.53205055">
   <ele>1683.41</ele>
  </trkpt>
  <trkpt lat="-7.76438230" lon="112.53211048">
   <ele>1684.37</ele>
  </trkpt>
  <trkpt lat="-7.76429588" lon="112.53225977">
   <ele>1685.81</ele>
  </trkpt>
  <trkpt lat="-7.76420795" lon="112.53237485">
   <ele>1688.21</ele>
  </trkpt>
  <trkpt lat="-7.76415649" lon="112.53246001">
   <ele>1690.14</ele>
  </trkpt>
  <trkpt lat="-7.76407736" lon="112.53255003">
   <ele>1692.06</ele>
  </trkpt>
  <trkpt lat="-7.76405901" lon="112.53258926">
   <ele>1693.02</ele>
  </trkpt>
  <trkpt lat="-7.76403571" lon="112.53261960">
   <ele>1693.02</ele>
  </trkpt>
  <trkpt lat="-7.76397393" lon="112.53272144">
   <ele>1695.42</ele>
  </trkpt>
  <trkpt lat="-7.76391651" lon="112.53280434">
   <ele>1697.34</ele>
  </trkpt>
  <trkpt lat="-7.76389078" lon="112.53289746">
   <ele>1698.31</ele>
  </trkpt>
  <trkpt lat="-7.76391568" lon="112.53303157">
   <ele>1699.75</ele>
  </trkpt>
  <trkpt lat="-7.76392825" lon="112.53304364">
   <ele>1699.27</ele>
  </trkpt>
  <trkpt lat="-7.76393915" lon="112.53314112">
   <ele>1700.23</ele>
  </trkpt>
  <trkpt lat="-7.76395281" lon="112.53330331">
   <ele>1701.19</ele>
  </trkpt>
  <trkpt lat="-7.76394577" lon="112.53331488">
   <ele>1702.63</ele>
  </trkpt>
  <trkpt lat="-7.76393797" lon="112.53344790">
   <ele>1703.59</ele>
  </trkpt>
  <trkpt lat="-7.76393051" lon="112.53343700">
   <ele>1704.07</ele>
  </trkpt>
  <trkpt lat="-7.76394124" lon="112.53345343">
   <ele>1703.59</ele>
  </trkpt>
  <trkpt lat="-7.76392456" lon="112.53351948">
   <ele>1704.55</ele>
  </trkpt>
  <trkpt lat="-7.76391802" lon="112.53358427">
   <ele>1706</ele>
  </trkpt>
  <trkpt lat="-7.76391224" lon="112.53362199">
   <ele>1706.96</ele>
  </trkpt>
  <trkpt lat="-7.76392666" lon="112.53365896">
   <ele>1707.92</ele>
  </trkpt>
  <trkpt lat="-7.76392146" lon="112.53368930">
   <ele>1707.92</ele>
  </trkpt>
  <trkpt lat="-7.76392062" lon="112.53369818">
   <ele>1708.4</ele>
  </trkpt>
  <trkpt lat="-7.76391149" lon="112.53385258">
   <ele>1710.32</ele>
  </trkpt>
  <trkpt lat="-7.76388383" lon="112.53400790">
   <ele>1713.21</ele>
  </trkpt>
  <trkpt lat="-7.76381241" lon="112.53415450">
   <ele>1714.65</ele>
  </trkpt>
  <trkpt lat="-7.76369171" lon="112.53424552">
   <ele>1716.57</ele>
  </trkpt>
  <trkpt lat="-7.76363782" lon="112.53432012">
   <ele>1718.97</ele>
  </trkpt>
  <trkpt lat="-7.76361787" lon="112.53439304">
   <ele>1719.94</ele>
  </trkpt>
  <trkpt lat="-7.76360882" lon="112.53437025">
   <ele>1719.94</ele>
  </trkpt>
  <trkpt lat="-7.76359892" lon="112.53436279">
   <ele>1719.94</ele>
  </trkpt>
  <trkpt lat="-7.76359314" lon="112.53435516">
   <ele>1719.94</ele>
  </trkpt>
  <trkpt lat="-7.76358048" lon="112.53435935">
   <ele>1719.94</ele>
  </trkpt>
  <trkpt lat="-7.76362566" lon="112.53437645">
   <ele>1719.94</ele>
  </trkpt>
  <trkpt lat="-7.76362843" lon="112.53440210">
   <ele>1720.42</ele>
  </trkpt>
  <trkpt lat="-7.76362005" lon="112.53438332">
   <ele>1719.94</ele>
  </trkpt>
  <trkpt lat="-7.76358669" lon="112.53436916">
   <ele>1719.94</ele>
  </trkpt>
  <trkpt lat="-7.76360680" lon="112.53437142">
   <ele>1718.97</ele>
  </trkpt>
  <trkpt lat="-7.76360504" lon="112.53438684">
   <ele>1718.97</ele>
  </trkpt>
  <trkpt lat="-7.76360303" lon="112.53437888">
   <ele>1718.97</ele>
  </trkpt>
  <trkpt lat="-7.76360462" lon="112.53438047">
   <ele>1718.49</ele>
  </trkpt>
  <trkpt lat="-7.76360395" lon="112.53437879">
   <ele>1718.49</ele>
  </trkpt>
  <trkpt lat="-7.76360521" lon="112.53437343">
   <ele>1717.53</ele>
  </trkpt>
  <trkpt lat="-7.76360454" lon="112.53437209">
   <ele>1718.01</ele>
  </trkpt>
  <trkpt lat="-7.76360907" lon="112.53438290">
   <ele>1718.01</ele>
  </trkpt>
  <trkpt lat="-7.76360680" lon="112.53438148">
   <ele>1718.01</ele>
  </trkpt>
  <trkpt lat="-7.76360856" lon="112.53438139">
   <ele>1718.01</ele>
  </trkpt>
  <trkpt lat="-7.76360672" lon="112.53438106">
   <ele>1718.01</ele>
  </trkpt>
  <trkpt lat="-7.76360077" lon="112.53437326">
   <ele>1718.01</ele>
  </trkpt>
  <trkpt lat="-7.76361711" lon="112.53437486">
   <ele>1717.53</ele>
  </trkpt>
  <trkpt lat="-7.76360898" lon="112.53437427">
   <ele>1717.53</ele>
  </trkpt>
  <trkpt lat="-7.76360479" lon="112.53437242">
   <ele>1718.01</ele>
  </trkpt>
  <trkpt lat="-7.76360957" lon="112.53437578">
   <ele>1718.01</ele>
  </trkpt>
  <trkpt lat="-7.76360940" lon="112.53437469">
   <ele>1718.01</ele>
  </trkpt>
  <trkpt lat="-7.76360655" lon="112.53436874">
   <ele>1718.01</ele>
  </trkpt>
  <trkpt lat="-7.76360571" lon="112.53436874">
   <ele>1718.49</ele>
  </trkpt>
  <trkpt lat="-7.76360513" lon="112.53437242">
   <ele>1718.49</ele>
  </trkpt>
  <trkpt lat="-7.76360102" lon="112.53442557">
   <ele>1719.94</ele>
  </trkpt>
  <trkpt lat="-7.76358803" lon="112.53458809">
   <ele>1722.34</ele>
  </trkpt>
  <trkpt lat="-7.76357546" lon="112.53474173">
   <ele>1724.26</ele>
  </trkpt>
  <trkpt lat="-7.76357546" lon="112.53486084">
   <ele>1726.18</ele>
  </trkpt>
  <trkpt lat="-7.76356858" lon="112.53498682">
   <ele>1728.59</ele>
  </trkpt>
  <trkpt lat="-7.76359264" lon="112.53512822">
   <ele>1729.07</ele>
  </trkpt>
  <trkpt lat="-7.76359088" lon="112.53520533">
   <ele>1730.03</ele>
  </trkpt>
  <trkpt lat="-7.76362332" lon="112.53536434">
   <ele>1730.99</ele>
  </trkpt>
  <trkpt lat="-7.76363161" lon="112.53545335">
   <ele>1733.88</ele>
  </trkpt>
  <trkpt lat="-7.76363044" lon="112.53552552">
   <ele>1735.32</ele>
  </trkpt>
  <trkpt lat="-7.76360412" lon="112.53562007">
   <ele>1737.72</ele>
  </trkpt>
  <trkpt lat="-7.76360664" lon="112.53569819">
   <ele>1738.2</ele>
  </trkpt>
  <trkpt lat="-7.76358015" lon="112.53576583">
   <ele>1740.6</ele>
  </trkpt>
  <trkpt lat="-7.76355467" lon="112.53586465">
   <ele>1741.08</ele>
  </trkpt>
  <trkpt lat="-7.76349482" lon="112.53600136">
   <ele>1743.97</ele>
  </trkpt>
  <trkpt lat="-7.76344168" lon="112.53615936">
   <ele>1744.93</ele>
  </trkpt>
  <trkpt lat="-7.76342165" lon="112.53628811">
   <ele>1745.89</ele>
  </trkpt>
  <trkpt lat="-7.76342140" lon="112.53629624">
   <ele>1745.89</ele>
  </trkpt>
  <trkpt lat="-7.76348761" lon="112.53637310">
   <ele>1745.89</ele>
  </trkpt>
  <trkpt lat="-7.76345199" lon="112.53635106">
   <ele>1745.89</ele>
  </trkpt>
  <trkpt lat="-7.76344118" lon="112.53635500">
   <ele>1745.89</ele>
  </trkpt>
  <trkpt lat="-7.76345392" lon="112.53638525">
   <ele>1745.89</ele>
  </trkpt>
  <trkpt lat="-7.76345928" lon="112.53637595">
   <ele>1745.89</ele>
  </trkpt>
  <trkpt lat="-7.76345467" lon="112.53634745">
   <ele>1745.89</ele>
  </trkpt>
  <trkpt lat="-7.76344780" lon="112.53636883">
   <ele>1745.41</ele>
  </trkpt>
  <trkpt lat="-7.76346054" lon="112.53634787">
   <ele>1745.89</ele>
  </trkpt>
  <trkpt lat="-7.76349423" lon="112.53637000">
   <ele>1747.33</ele>
  </trkpt>
  <trkpt lat="-7.76356129" lon="112.53646757">
   <ele>1748.29</ele>
  </trkpt>
  <trkpt lat="-7.76360136" lon="112.53657259">
   <ele>1750.7</ele>
  </trkpt>
  <trkpt lat="-7.76365693" lon="112.53668072">
   <ele>1753.58</ele>
  </trkpt>
  <trkpt lat="-7.76371057" lon="112.53679764">
   <ele>1755.02</ele>
  </trkpt>
  <trkpt lat="-7.76373102" lon="112.53692723">
   <ele>1756.47</ele>
  </trkpt>
  <trkpt lat="-7.76378073" lon="112.53705204">
   <ele>1757.91</ele>
  </trkpt>
  <trkpt lat="-7.76380738" lon="112.53718698">
   <ele>1760.31</ele>
  </trkpt>
  <trkpt lat="-7.76382850" lon="112.53732017">
   <ele>1762.71</ele>
  </trkpt>
  <trkpt lat="-7.76381719" lon="112.53740324">
   <ele>1763.68</ele>
  </trkpt>
  <trkpt lat="-7.76379498" lon="112.53744925">
   <ele>1764.16</ele>
  </trkpt>
  <trkpt lat="-7.76378408" lon="112.53751287">
   <ele>1765.6</ele>
  </trkpt>
  <trkpt lat="-7.76378936" lon="112.53752301">
   <ele>1765.12</ele>
  </trkpt>
  <trkpt lat="-7.76378701" lon="112.53759602">
   <ele>1766.08</ele>
  </trkpt>
  <trkpt lat="-7.76378928" lon="112.53777196">
   <ele>1768.48</ele>
  </trkpt>
  <trkpt lat="-7.76376262" lon="112.53791856">
   <ele>1769.92</ele>
  </trkpt>
  <trkpt lat="-7.76375080" lon="112.53806759">
   <ele>1770.89</ele>
  </trkpt>
  <trkpt lat="-7.76374628" lon="112.53822383">
   <ele>1772.33</ele>
  </trkpt>
  <trkpt lat="-7.76373438" lon="112.53838224">
   <ele>1773.29</ele>
  </trkpt>
  <trkpt lat="-7.76369364" lon="112.53851635">
   <ele>1774.73</ele>
  </trkpt>
  <trkpt lat="-7.76365064" lon="112.53864334">
   <ele>1776.17</ele>
  </trkpt>
  <trkpt lat="-7.76358007" lon="112.53876496">
   <ele>1777.61</ele>
  </trkpt>
  <trkpt lat="-7.76353874" lon="112.53884551">
   <ele>1779.06</ele>
  </trkpt>
  <trkpt lat="-7.76347797" lon="112.53892874">
   <ele>1780.5</ele>
  </trkpt>
  <trkpt lat="-7.76340430" lon="112.53902338">
   <ele>1782.42</ele>
  </trkpt>
  <trkpt lat="-7.76333515" lon="112.53910904">
   <ele>1783.86</ele>
  </trkpt>
  <trkpt lat="-7.76329173" lon="112.53917391">
   <ele>1785.79</ele>
  </trkpt>
  <trkpt lat="-7.76328930" lon="112.53917383">
   <ele>1785.31</ele>
  </trkpt>
  <trkpt lat="-7.76327790" lon="112.53917014">
   <ele>1785.79</ele>
  </trkpt>
  <trkpt lat="-7.76327555" lon="112.53917140">
   <ele>1785.31</ele>
  </trkpt>
  <trkpt lat="-7.76324412" lon="112.53922647">
   <ele>1786.27</ele>
  </trkpt>
  <trkpt lat="-7.76322668" lon="112.53922638">
   <ele>1786.75</ele>
  </trkpt>
  <trkpt lat="-7.76319844" lon="112.53929076">
   <ele>1788.19</ele>
  </trkpt>
  <trkpt lat="-7.76314722" lon="112.53936125">
   <ele>1789.63</ele>
  </trkpt>
  <trkpt lat="-7.76309274" lon="112.53949469">
   <ele>1791.55</ele>
  </trkpt>
  <trkpt lat="-7.76307623" lon="112.53959594">
   <ele>1793</ele>
  </trkpt>
  <trkpt lat="-7.76304446" lon="112.53972595">
   <ele>1794.44</ele>
  </trkpt>
  <trkpt lat="-7.76300951" lon="112.53984815">
   <ele>1795.88</ele>
  </trkpt>
  <trkpt lat="-7.76297598" lon="112.53996206">
   <ele>1797.32</ele>
  </trkpt>
  <trkpt lat="-7.76293659" lon="112.54005544">
   <ele>1798.76</ele>
  </trkpt>
  <trkpt lat="-7.76291043" lon="112.54011755">
   <ele>1799.24</ele>
  </trkpt>
  <trkpt lat="-7.76285503" lon="112.54020816">
   <ele>1800.69</ele>
  </trkpt>
  <trkpt lat="-7.76279074" lon="112.54027362">
   <ele>1803.09</ele>
  </trkpt>
  <trkpt lat="-7.76270734" lon="112.54034562">
   <ele>1805.01</ele>
  </trkpt>
  <trkpt lat="-7.76261397" lon="112.54043355">
   <ele>1806.94</ele>
  </trkpt>
  <trkpt lat="-7.76258882" lon="112.54051887">
   <ele>1806.94</ele>
  </trkpt>
  <trkpt lat="-7.76261045" lon="112.54062088">
   <ele>1808.38</ele>
  </trkpt>
  <trkpt lat="-7.76258647" lon="112.54064620">
   <ele>1807.9</ele>
  </trkpt>
  <trkpt lat="-7.76258455" lon="112.54071308">
   <ele>1808.38</ele>
  </trkpt>
  <trkpt lat="-7.76254264" lon="112.54084518">
   <ele>1809.82</ele>
  </trkpt>
  <trkpt lat="-7.76251405" lon="112.54095817">
   <ele>1811.74</ele>
  </trkpt>
  <trkpt lat="-7.76250559" lon="112.54103009">
   <ele>1811.74</ele>
  </trkpt>
  <trkpt lat="-7.76249327" lon="112.54107795">
   <ele>1811.74</ele>
  </trkpt>
  <trkpt lat="-7.76246653" lon="112.54111106">
   <ele>1812.22</ele>
  </trkpt>
  <trkpt lat="-7.76243317" lon="112.54127316">
   <ele>1814.15</ele>
  </trkpt>
  <trkpt lat="-7.76245731" lon="112.54134458">
   <ele>1815.11</ele>
  </trkpt>
  <trkpt lat="-7.76245848" lon="112.54135774">
   <ele>1815.11</ele>
  </trkpt>
  <trkpt lat="-7.76242060" lon="112.54142362">
   <ele>1817.03</ele>
  </trkpt>
  <trkpt lat="-7.76238472" lon="112.54148405">
   <ele>1817.03</ele>
  </trkpt>
  <trkpt lat="-7.76232261" lon="112.54158262">
   <ele>1818.47</ele>
  </trkpt>
  <trkpt lat="-7.76224030" lon="112.54171355">
   <ele>1820.87</ele>
  </trkpt>
  <trkpt lat="-7.76218046" lon="112.54183467">
   <ele>1821.84</ele>
  </trkpt>
  <trkpt lat="-7.76213829" lon="112.54190432">
   <ele>1822.8</ele>
  </trkpt>
  <trkpt lat="-7.76205699" lon="112.54199225">
   <ele>1823.28</ele>
  </trkpt>
  <trkpt lat="-7.76198541" lon="112.54209610">
   <ele>1824.72</ele>
  </trkpt>
  <trkpt lat="-7.76195968" lon="112.54215603">
   <ele>1825.2</ele>
  </trkpt>
  <trkpt lat="-7.76196730" lon="112.54215502">
   <ele>1824.72</ele>
  </trkpt>
  <trkpt lat="-7.76196202" lon="112.54215318">
   <ele>1825.2</ele>
  </trkpt>
  <trkpt lat="-7.76196948" lon="112.54214739">
   <ele>1825.2</ele>
  </trkpt>
  <trkpt lat="-7.76197988" lon="112.54214882">
   <ele>1825.2</ele>
  </trkpt>
  <trkpt lat="-7.76197669" lon="112.54214714">
   <ele>1825.2</ele>
  </trkpt>
  <trkpt lat="-7.76198574" lon="112.54215058">
   <ele>1824.72</ele>
  </trkpt>
  <trkpt lat="-7.76197409" lon="112.54213667">
   <ele>1825.68</ele>
  </trkpt>
  <trkpt lat="-7.76196973" lon="112.54214438">
   <ele>1825.2</ele>
  </trkpt>
  <trkpt lat="-7.76198591" lon="112.54216055">
   <ele>1825.2</ele>
  </trkpt>
  <trkpt lat="-7.76199513" lon="112.54214857">
   <ele>1825.68</ele>
  </trkpt>
  <trkpt lat="-7.76200410" lon="112.54214706">
   <ele>1825.68</ele>
  </trkpt>
  <trkpt lat="-7.76197099" lon="112.54215452">
   <ele>1826.16</ele>
  </trkpt>
  <trkpt lat="-7.76198516" lon="112.54215117">
   <ele>1826.16</ele>
  </trkpt>
  <trkpt lat="-7.76197040" lon="112.54217396">
   <ele>1826.16</ele>
  </trkpt>
  <trkpt lat="-7.76198843" lon="112.54217053">
   <ele>1825.68</ele>
  </trkpt>
  <trkpt lat="-7.76196973" lon="112.54216374">
   <ele>1826.16</ele>
  </trkpt>
  <trkpt lat="-7.76197267" lon="112.54215896">
   <ele>1826.16</ele>
  </trkpt>
  <trkpt lat="-7.76195532" lon="112.54216349">
   <ele>1826.64</ele>
  </trkpt>
  <trkpt lat="-7.76197024" lon="112.54215142">
   <ele>1826.16</ele>
  </trkpt>
  <trkpt lat="-7.76197795" lon="112.54216039">
   <ele>1826.64</ele>
  </trkpt>
  <trkpt lat="-7.76197091" lon="112.54215829">
   <ele>1826.64</ele>
  </trkpt>
  <trkpt lat="-7.76197250" lon="112.54216206">
   <ele>1827.6</ele>
  </trkpt>
  <trkpt lat="-7.76196940" lon="112.54215368">
   <ele>1827.12</ele>
  </trkpt>
  <trkpt lat="-7.76197384" lon="112.54215812">
   <ele>1827.12</ele>
  </trkpt>
  <trkpt lat="-7.76194694" lon="112.54216718">
   <ele>1828.56</ele>
  </trkpt>
  <trkpt lat="-7.76192724" lon="112.54217438">
   <ele>1828.08</ele>
  </trkpt>
  <trkpt lat="-7.76193311" lon="112.54217480">
   <ele>1827.6</ele>
  </trkpt>
  <trkpt lat="-7.76182146" lon="112.54229190">
   <ele>1829.53</ele>
  </trkpt>
  <trkpt lat="-7.76171434" lon="112.54239256">
   <ele>1831.93</ele>
  </trkpt>
  <trkpt lat="-7.76162541" lon="112.54248996">
   <ele>1832.89</ele>
  </trkpt>
  <trkpt lat="-7.76152298" lon="112.54263212">
   <ele>1833.85</ele>
  </trkpt>
  <trkpt lat="-7.76151904" lon="112.54263748">
   <ele>1833.85</ele>
  </trkpt>
  <trkpt lat="-7.76146028" lon="112.54271862">
   <ele>1834.33</ele>
  </trkpt>
  <trkpt lat="-7.76144637" lon="112.54275341">
   <ele>1834.33</ele>
  </trkpt>
  <trkpt lat="-7.76136255" lon="112.54279439">
   <ele>1834.81</ele>
  </trkpt>
  <trkpt lat="-7.76124244" lon="112.54289732">
   <ele>1836.26</ele>
  </trkpt>
  <trkpt lat="-7.76115476" lon="112.54309664">
   <ele>1836.74</ele>
  </trkpt>
  <trkpt lat="-7.76103616" lon="112.54320209">
   <ele>1838.66</ele>
  </trkpt>
  <trkpt lat="-7.76090859" lon="112.54331684">
   <ele>1839.14</ele>
  </trkpt>
  <trkpt lat="-7.76083700" lon="112.54337702">
   <ele>1840.1</ele>
  </trkpt>
  <trkpt lat="-7.76071731" lon="112.54347115">
   <ele>1840.58</ele>
  </trkpt>
  <trkpt lat="-7.76056610" lon="112.54358606">
   <ele>1842.02</ele>
  </trkpt>
  <trkpt lat="-7.76042629" lon="112.54367106">
   <ele>1842.98</ele>
  </trkpt>
  <trkpt lat="-7.76033803" lon="112.54376275">
   <ele>1845.39</ele>
  </trkpt>
  <trkpt lat="-7.76025396" lon="112.54382319">
   <ele>1847.31</ele>
  </trkpt>
  <trkpt lat="-7.76017441" lon="112.54387147">
   <ele>1848.27</ele>
  </trkpt>
  <trkpt lat="-7.76012278" lon="112.54389083">
   <ele>1849.23</ele>
  </trkpt>
  <trkpt lat="-7.76013167" lon="112.54389393">
   <ele>1848.27</ele>
  </trkpt>
  <trkpt lat="-7.76011817" lon="112.54388681">
   <ele>1848.75</ele>
  </trkpt>
  <trkpt lat="-7.76006017" lon="112.54395369">
   <ele>1849.71</ele>
  </trkpt>
  <trkpt lat="-7.75998205" lon="112.54399552">
   <ele>1851.16</ele>
  </trkpt>
  <trkpt lat="-7.75996864" lon="112.54400373">
   <ele>1851.16</ele>
  </trkpt>
  <trkpt lat="-7.75987409" lon="112.54407750">
   <ele>1852.12</ele>
  </trkpt>
  <trkpt lat="-7.75977359" lon="112.54416559">
   <ele>1853.08</ele>
  </trkpt>
  <trkpt lat="-7.75965541" lon="112.54424497">
   <ele>1855</ele>
  </trkpt>
  <trkpt lat="-7.75956715" lon="112.54430389">
   <ele>1855</ele>
  </trkpt>
  <trkpt lat="-7.75947251" lon="112.54437824">
   <ele>1856.92</ele>
  </trkpt>
  <trkpt lat="-7.75943035" lon="112.54442065">
   <ele>1857.4</ele>
  </trkpt>
  <trkpt lat="-7.75944016" lon="112.54442777">
   <ele>1857.4</ele>
  </trkpt>
  <trkpt lat="-7.75944443" lon="112.54442216">
   <ele>1857.89</ele>
  </trkpt>
  <trkpt lat="-7.75939381" lon="112.54446608">
   <ele>1858.85</ele>
  </trkpt>
  <trkpt lat="-7.75927814" lon="112.54453079">
   <ele>1861.25</ele>
  </trkpt>
  <trkpt lat="-7.75919532" lon="112.54458703">
   <ele>1863.65</ele>
  </trkpt>
  <trkpt lat="-7.75909935" lon="112.54468879">
   <ele>1866.06</ele>
  </trkpt>
  <trkpt lat="-7.75903179" lon="112.54474201">
   <ele>1867.5</ele>
  </trkpt>
  <trkpt lat="-7.75899014" lon="112.54480664">
   <ele>1868.46</ele>
  </trkpt>
  <trkpt lat="-7.75894957" lon="112.54489901">
   <ele>1870.86</ele>
  </trkpt>
  <trkpt lat="-7.75892383" lon="112.54493010">
   <ele>1870.86</ele>
  </trkpt>
  <trkpt lat="-7.75891311" lon="112.54491887">
   <ele>1871.82</ele>
  </trkpt>
  <trkpt lat="-7.75889031" lon="112.54494100">
   <ele>1872.3</ele>
  </trkpt>
  <trkpt lat="-7.75889877" lon="112.54492734">
   <ele>1871.82</ele>
  </trkpt>
  <trkpt lat="-7.75883507" lon="112.54492625">
   <ele>1872.3</ele>
  </trkpt>
  <trkpt lat="-7.75881219" lon="112.54493010">
   <ele>1872.3</ele>
  </trkpt>
  <trkpt lat="-7.75869367" lon="112.54490412">
   <ele>1873.75</ele>
  </trkpt>
  <trkpt lat="-7.75852100" lon="112.54490177">
   <ele>1875.19</ele>
  </trkpt>
  <trkpt lat="-7.75846870" lon="112.54503186">
   <ele>1877.11</ele>
  </trkpt>
  <trkpt lat="-7.75838471" lon="112.54516924">
   <ele>1878.07</ele>
  </trkpt>
  <trkpt lat="-7.75830986" lon="112.54529723">
   <ele>1879.51</ele>
  </trkpt>
  <trkpt lat="-7.75824951" lon="112.54542681">
   <ele>1880.48</ele>
  </trkpt>
  <trkpt lat="-7.75823493" lon="112.54551600">
   <ele>1881.44</ele>
  </trkpt>
  <trkpt lat="-7.75816561" lon="112.54566771">
   <ele>1882.4</ele>
  </trkpt>
  <trkpt lat="-7.75815496" lon="112.54570803">
   <ele>1882.88</ele>
  </trkpt>
  <trkpt lat="-7.75810744" lon="112.54576704">
   <ele>1883.84</ele>
  </trkpt>
  <trkpt lat="-7.75803007" lon="112.54590651">
   <ele>1883.84</ele>
  </trkpt>
  <trkpt lat="-7.75794785" lon="112.54601740">
   <ele>1883.36</ele>
  </trkpt>
  <trkpt lat="-7.75786185" lon="112.54614774">
   <ele>1883.84</ele>
  </trkpt>
  <trkpt lat="-7.75781491" lon="112.54628764">
   <ele>1885.28</ele>
  </trkpt>
  <trkpt lat="-7.75784835" lon="112.54638101">
   <ele>1886.24</ele>
  </trkpt>
  <trkpt lat="-7.75789429" lon="112.54649752">
   <ele>1886.72</ele>
  </trkpt>
  <trkpt lat="-7.75790409" lon="112.54661813">
   <ele>1887.21</ele>
  </trkpt>
  <trkpt lat="-7.75777677" lon="112.54674093">
   <ele>1887.21</ele>
  </trkpt>
  <trkpt lat="-7.75772044" lon="112.54675652">
   <ele>1886.72</ele>
  </trkpt>
  <trkpt lat="-7.75757552" lon="112.54674286">
   <ele>1886.72</ele>
  </trkpt>
  <trkpt lat="-7.75746714" lon="112.54670405">
   <ele>1886.72</ele>
  </trkpt>
  <trkpt lat="-7.75734854" lon="112.54671142">
   <ele>1886.72</ele>
  </trkpt>
  <trkpt lat="-7.75726832" lon="112.54674017">
   <ele>1887.21</ele>
  </trkpt>
  <trkpt lat="-7.75726296" lon="112.54678502">
   <ele>1926.139</ele>
  </trkpt>
  <trkpt lat="-7.75713396" lon="112.54685299">
   <ele>1935.752</ele>
  </trkpt>
  <trkpt lat="-7.75701402" lon="112.54691401">
   <ele>1942.481</ele>
  </trkpt>
  <trkpt lat="-7.75685602" lon="112.54691703">
   <ele>1948.73</ele>
  </trkpt>
  <trkpt lat="-7.75657900" lon="112.54694201">
   <ele>1961.227</ele>
  </trkpt>
  <trkpt lat="-7.75648302" lon="112.54709397">
   <ele>1961.708</ele>
  </trkpt>
  <trkpt lat="-7.75632896" lon="112.54725097">
   <ele>1966.514</ele>
  </trkpt>
  <trkpt lat="-7.75628898" lon="112.54738600">
   <ele>1969.398</ele>
  </trkpt>
  <trkpt lat="-7.75620801" lon="112.54753796">
   <ele>1972.282</ele>
  </trkpt>
  <trkpt lat="-7.75618002" lon="112.54772304">
   <ele>1976.127</ele>
  </trkpt>
  <trkpt lat="-7.75609997" lon="112.54788104">
   <ele>1981.415</ele>
  </trkpt>
  <trkpt lat="-7.75603501" lon="112.54799402">
   <ele>1987.663</ele>
  </trkpt>
  <trkpt lat="-7.75602202" lon="112.54814900">
   <ele>1994.392</ele>
  </trkpt>
  <trkpt lat="-7.75592697" lon="112.54825202">
   <ele>1996.796</ele>
  </trkpt>
  <trkpt lat="-7.75581599" lon="112.54840599">
   <ele>2003.044</ele>
  </trkpt>
  <trkpt lat="-7.75567300" lon="112.54864496">
   <ele>2007.851</ele>
  </trkpt>
  <trkpt lat="-7.75561600" lon="112.54892400">
   <ele>2017.945</ele>
  </trkpt>
  <trkpt lat="-7.75550402" lon="112.54904897">
   <ele>2024.193</ele>
  </trkpt>
  <trkpt lat="-7.75540603" lon="112.54913799">
   <ele>2030.923</ele>
  </trkpt>
  <trkpt lat="-7.75537896" lon="112.54938399">
   <ele>2038.132</ele>
  </trkpt>
  <trkpt lat="-7.75536999" lon="112.54955398">
   <ele>2044.381</ele>
  </trkpt>
  <trkpt lat="-7.75532599" lon="112.54972103">
   <ele>2050.149</ele>
  </trkpt>
  <trkpt lat="-7.75527704" lon="112.54990401">
   <ele>2055.436</ele>
  </trkpt>
  <trkpt lat="-7.75518299" lon="112.55014499">
   <ele>2064.569</ele>
  </trkpt>
  <trkpt lat="-7.75513798" lon="112.55032000">
   <ele>2072.259</ele>
  </trkpt>
  <trkpt lat="-7.75516103" lon="112.55045503">
   <ele>2078.027</ele>
  </trkpt>
  <trkpt lat="-7.75507503" lon="112.55059903">
   <ele>2082.833</ele>
  </trkpt>
  <trkpt lat="-7.75503698" lon="112.55072904">
   <ele>2085.718</ele>
  </trkpt>
  <trkpt lat="-7.75483900" lon="112.55091797">
   <ele>2089.082</ele>
  </trkpt>
 </trkseg>
</trk>
<trk>
 <name>Track 308</name>
 <trkseg>
  <trkpt lat="-7.75674496" lon="112.54493698">
   <ele>1930.465</ele>
  </trkpt>
  <trkpt lat="-7.75675099" lon="112.54513102">
   <ele>1928.542</ele>
  </trkpt>
  <trkpt lat="-7.75680497" lon="112.54528801">
   <ele>1927.581</ele>
  </trkpt>
  <trkpt lat="-7.75698502" lon="112.54542698">
   <ele>1927.1</ele>
  </trkpt>
  <trkpt lat="-7.75709004" lon="112.54550996">
   <ele>1927.1</ele>
  </trkpt>
  <trkpt lat="-7.75706900" lon="112.54566997">
   <ele>1925.658</ele>
  </trkpt>
  <trkpt lat="-7.75698401" lon="112.54578598">
   <ele>1924.216</ele>
  </trkpt>
  <trkpt lat="-7.75692701" lon="112.54591296">
   <ele>1923.735</ele>
  </trkpt>
  <trkpt lat="-7.75693598" lon="112.54605697">
   <ele>1922.774</ele>
  </trkpt>
  <trkpt lat="-7.75705903" lon="112.54643197">
   <ele>1921.813</ele>
  </trkpt>
  <trkpt lat="-7.75719498" lon="112.54664898">
   <ele>1922.293</ele>
  </trkpt>
  <trkpt lat="-7.75726296" lon="112.54678502">
   <ele>1926.139</ele>
  </trkpt>
 </trkseg>
</trk>
<trk>
 <name>tretes arjuna</name>
 <trkseg>
  <trkpt lat="-7.69834044" lon="112.63173393">
   <ele>813.893</ele>
  </trkpt>
  <trkpt lat="-7.69898325" lon="112.63147912">
   <ele>809.087</ele>
  </trkpt>
  <trkpt lat="-7.69959966" lon="112.63105894">
   <ele>840.81</ele>
  </trkpt>
  <trkpt lat="-7.69985924" lon="112.63082617">
   <ele>821.584</ele>
  </trkpt>
  <trkpt lat="-7.70004415" lon="112.63067437">
   <ele>835.523</ele>
  </trkpt>
  <trkpt lat="-7.70010349" lon="112.63056055">
   <ele>833.12</ele>
  </trkpt>
  <trkpt lat="-7.70013300" lon="112.63047966">
   <ele>842.733</ele>
  </trkpt>
  <trkpt lat="-7.70019393" lon="112.63031320">
   <ele>837.926</ele>
  </trkpt>
  <trkpt lat="-7.70068595" lon="112.63022812">
   <ele>851.385</ele>
  </trkpt>
  <trkpt lat="-7.70085133" lon="112.63010994">
   <ele>846.098</ele>
  </trkpt>
  <trkpt lat="-7.70099659" lon="112.63007163">
   <ele>858.594</ele>
  </trkpt>
  <trkpt lat="-7.70118057" lon="112.63002972">
   <ele>857.153</ele>
  </trkpt>
  <trkpt lat="-7.70127939" lon="112.63001698">
   <ele>866.285</ele>
  </trkpt>
  <trkpt lat="-7.70141585" lon="112.62993702">
   <ele>856.191</ele>
  </trkpt>
  <trkpt lat="-7.70147880" lon="112.62989192">
   <ele>867.247</ele>
  </trkpt>
  <trkpt lat="-7.70177283" lon="112.62942438">
   <ele>860.517</ele>
  </trkpt>
  <trkpt lat="-7.70181793" lon="112.62928247">
   <ele>876.379</ele>
  </trkpt>
  <trkpt lat="-7.70147452" lon="112.62930980">
   <ele>898.009</ele>
  </trkpt>
  <trkpt lat="-7.70079919" lon="112.62924006">
   <ele>914.351</ele>
  </trkpt>
  <trkpt lat="-7.70072007" lon="112.62908114">
   <ele>912.909</ele>
  </trkpt>
  <trkpt lat="-7.70085443" lon="112.62890663">
   <ele>909.545</ele>
  </trkpt>
  <trkpt lat="-7.70105568" lon="112.62883823">
   <ele>922.522</ele>
  </trkpt>
  <trkpt lat="-7.70128559" lon="112.62864118">
   <ele>929.732</ele>
  </trkpt>
  <trkpt lat="-7.70134628" lon="112.62824798">
   <ele>938.865</ele>
  </trkpt>
  <trkpt lat="-7.70120814" lon="112.62785143">
   <ele>948.478</ele>
  </trkpt>
  <trkpt lat="-7.70145734" lon="112.62769033">
   <ele>940.307</ele>
  </trkpt>
  <trkpt lat="-7.70181893" lon="112.62741708">
   <ele>949.439</ele>
  </trkpt>
  <trkpt lat="-7.70207944" lon="112.62729756">
   <ele>966.262</ele>
  </trkpt>
  <trkpt lat="-7.70225647" lon="112.62714827">
   <ele>958.091</ele>
  </trkpt>
  <trkpt lat="-7.70248169" lon="112.62706747">
   <ele>965.782</ele>
  </trkpt>
  <trkpt lat="-7.70268529" lon="112.62689992">
   <ele>964.82</ele>
  </trkpt>
  <trkpt lat="-7.70280699" lon="112.62687209">
   <ele>963.378</ele>
  </trkpt>
  <trkpt lat="-7.70314428" lon="112.62707099">
   <ele>961.456</ele>
  </trkpt>
  <trkpt lat="-7.70336129" lon="112.62724366">
   <ele>977.318</ele>
  </trkpt>
  <trkpt lat="-7.70340546" lon="112.62713118">
   <ele>983.566</ele>
  </trkpt>
  <trkpt lat="-7.70331334" lon="112.62717937">
   <ele>1010.002</ele>
  </trkpt>
  <trkpt lat="-7.70338224" lon="112.62712707">
   <ele>991.737</ele>
  </trkpt>
  <trkpt lat="-7.70341669" lon="112.62716143">
   <ele>1000.87</ele>
  </trkpt>
  <trkpt lat="-7.70340144" lon="112.62716445">
   <ele>988.373</ele>
  </trkpt>
  <trkpt lat="-7.70324268" lon="112.62721307">
   <ele>1015.77</ele>
  </trkpt>
  <trkpt lat="-7.70342004" lon="112.62715565">
   <ele>985.008</ele>
  </trkpt>
  <trkpt lat="-7.70347042" lon="112.62712137">
   <ele>994.141</ele>
  </trkpt>
  <trkpt lat="-7.70340286" lon="112.62714995">
   <ele>995.583</ele>
  </trkpt>
  <trkpt lat="-7.70349473" lon="112.62701903">
   <ele>989.334</ele>
  </trkpt>
  <trkpt lat="-7.70378818" lon="112.62654277">
   <ele>990.776</ele>
  </trkpt>
  <trkpt lat="-7.70401365" lon="112.62639625">
   <ele>996.544</ele>
  </trkpt>
  <trkpt lat="-7.70459150" lon="112.62649063">
   <ele>1005.196</ele>
  </trkpt>
  <trkpt lat="-7.70475654" lon="112.62677235">
   <ele>1016.251</ele>
  </trkpt>
  <trkpt lat="-7.70490649" lon="112.62682884">
   <ele>1022.98</ele>
  </trkpt>
  <trkpt lat="-7.70538074" lon="112.62661938">
   <ele>1028.267</ele>
  </trkpt>
  <trkpt lat="-7.70573186" lon="112.62661024">
   <ele>1049.416</ele>
  </trkpt>
  <trkpt lat="-7.70607292" lon="112.62655383">
   <ele>1039.803</ele>
  </trkpt>
  <trkpt lat="-7.70632538" lon="112.62649273">
   <ele>1048.455</ele>
  </trkpt>
  <trkpt lat="-7.70641607" lon="112.62668015">
   <ele>1042.687</ele>
  </trkpt>
  <trkpt lat="-7.70637223" lon="112.62690436">
   <ele>1049.897</ele>
  </trkpt>
  <trkpt lat="-7.70664498" lon="112.62690973">
   <ele>1057.588</ele>
  </trkpt>
  <trkpt lat="-7.70680625" lon="112.62732144">
   <ele>1057.107</ele>
  </trkpt>
  <trkpt lat="-7.70690859" lon="112.62745237">
   <ele>1067.201</ele>
  </trkpt>
  <trkpt lat="-7.70706316" lon="112.62734902">
   <ele>1082.101</ele>
  </trkpt>
  <trkpt lat="-7.70722325" lon="112.62717158">
   <ele>1070.565</ele>
  </trkpt>
  <trkpt lat="-7.70729919" lon="112.62712439">
   <ele>1085.947</ele>
  </trkpt>
  <trkpt lat="-7.70743699" lon="112.62701400">
   <ele>1072.488</ele>
  </trkpt>
  <trkpt lat="-7.70747504" lon="112.62705012">
   <ele>1089.311</ele>
  </trkpt>
  <trkpt lat="-7.70774259" lon="112.62701970">
   <ele>1088.35</ele>
  </trkpt>
  <trkpt lat="-7.70805272" lon="112.62727610">
   <ele>1103.731</ele>
  </trkpt>
  <trkpt lat="-7.70833553" lon="112.62732304">
   <ele>1094.118</ele>
  </trkpt>
  <trkpt lat="-7.70839797" lon="112.62736578">
   <ele>1111.421</ele>
  </trkpt>
  <trkpt lat="-7.70848397" lon="112.62725674">
   <ele>1108.537</ele>
  </trkpt>
  <trkpt lat="-7.70841172" lon="112.62722455">
   <ele>1125.36</ele>
  </trkpt>
  <trkpt lat="-7.70837006" lon="112.62742278">
   <ele>1130.167</ele>
  </trkpt>
  <trkpt lat="-7.70843863" lon="112.62736009">
   <ele>1138.819</ele>
  </trkpt>
  <trkpt lat="-7.70855346" lon="112.62735388">
   <ele>1138.338</ele>
  </trkpt>
  <trkpt lat="-7.70863585" lon="112.62725623">
   <ele>1124.399</ele>
  </trkpt>
  <trkpt lat="-7.70869377" lon="112.62704987">
   <ele>1121.035</ele>
  </trkpt>
  <trkpt lat="-7.70860224" lon="112.62698667">
   <ele>1123.438</ele>
  </trkpt>
  <trkpt lat="-7.70876225" lon="112.62694912">
   <ele>1131.609</ele>
  </trkpt>
  <trkpt lat="-7.70905352" lon="112.62679313">
   <ele>1128.244</ele>
  </trkpt>
  <trkpt lat="-7.70925226" lon="112.62680747">
   <ele>1138.338</ele>
  </trkpt>
  <trkpt lat="-7.70936524" lon="112.62671602">
   <ele>1129.206</ele>
  </trkpt>
  <trkpt lat="-7.70947874" lon="112.62677218">
   <ele>1133.532</ele>
  </trkpt>
  <trkpt lat="-7.70976774" lon="112.62648367">
   <ele>1153.239</ele>
  </trkpt>
  <trkpt lat="-7.71061256" lon="112.62620078">
   <ele>1159.487</ele>
  </trkpt>
  <trkpt lat="-7.71069369" lon="112.62608302">
   <ele>1161.41</ele>
  </trkpt>
  <trkpt lat="-7.71066167" lon="112.62590566">
   <ele>1175.83</ele>
  </trkpt>
  <trkpt lat="-7.71093803" lon="112.62573794">
   <ele>1184.962</ele>
  </trkpt>
  <trkpt lat="-7.71116367" lon="112.62577498">
   <ele>1194.575</ele>
  </trkpt>
  <trkpt lat="-7.71125210" lon="112.62597875">
   <ele>1190.73</ele>
  </trkpt>
  <trkpt lat="-7.71157287" lon="112.62606106">
   <ele>1193.133</ele>
  </trkpt>
  <trkpt lat="-7.71161537" lon="112.62602527">
   <ele>1205.15</ele>
  </trkpt>
  <trkpt lat="-7.71167806" lon="112.62601865">
   <ele>1197.94</ele>
  </trkpt>
  <trkpt lat="-7.71160497" lon="112.62598906">
   <ele>1217.167</ele>
  </trkpt>
  <trkpt lat="-7.71170120" lon="112.62583684">
   <ele>1217.167</ele>
  </trkpt>
  <trkpt lat="-7.71191083" lon="112.62603206">
   <ele>1225.337</ele>
  </trkpt>
  <trkpt lat="-7.71201937" lon="112.62585394">
   <ele>1232.067</ele>
  </trkpt>
  <trkpt lat="-7.71235105" lon="112.62566837">
   <ele>1234.951</ele>
  </trkpt>
  <trkpt lat="-7.71233764" lon="112.62547550">
   <ele>1230.625</ele>
  </trkpt>
  <trkpt lat="-7.71221182" lon="112.62507166">
   <ele>1250.332</ele>
  </trkpt>
  <trkpt lat="-7.71248256" lon="112.62508054">
   <ele>1256.58</ele>
  </trkpt>
  <trkpt lat="-7.71254065" lon="112.62490402">
   <ele>1263.79</ele>
  </trkpt>
  <trkpt lat="-7.71263586" lon="112.62502145">
   <ele>1274.365</ele>
  </trkpt>
  <trkpt lat="-7.71272706" lon="112.62505196">
   <ele>1266.194</ele>
  </trkpt>
  <trkpt lat="-7.71279613" lon="112.62500058">
   <ele>1264.752</ele>
  </trkpt>
  <trkpt lat="-7.71280099" lon="112.62479346">
   <ele>1281.094</ele>
  </trkpt>
  <trkpt lat="-7.71298028" lon="112.62500837">
   <ele>1287.343</ele>
  </trkpt>
  <trkpt lat="-7.71303543" lon="112.62467947">
   <ele>1297.437</ele>
  </trkpt>
  <trkpt lat="-7.71337599" lon="112.62449867">
   <ele>1293.591</ele>
  </trkpt>
  <trkpt lat="-7.71350716" lon="112.62433338">
   <ele>1300.801</ele>
  </trkpt>
  <trkpt lat="-7.71370925" lon="112.62436624">
   <ele>1309.453</ele>
  </trkpt>
  <trkpt lat="-7.71400589" lon="112.62415669">
   <ele>1321.469</ele>
  </trkpt>
  <trkpt lat="-7.71429422" lon="112.62396407">
   <ele>1311.376</ele>
  </trkpt>
  <trkpt lat="-7.71454426" lon="112.62394052">
   <ele>1317.624</ele>
  </trkpt>
  <trkpt lat="-7.71467996" lon="112.62382183">
   <ele>1333.486</ele>
  </trkpt>
  <trkpt lat="-7.71528857" lon="112.62333878">
   <ele>1345.022</ele>
  </trkpt>
  <trkpt lat="-7.71540776" lon="112.62303418">
   <ele>1356.558</ele>
  </trkpt>
  <trkpt lat="-7.71555805" lon="112.62301373">
   <ele>1349.828</ele>
  </trkpt>
  <trkpt lat="-7.71559283" lon="112.62287007">
   <ele>1362.806</ele>
  </trkpt>
  <trkpt lat="-7.71571588" lon="112.62281525">
   <ele>1360.403</ele>
  </trkpt>
  <trkpt lat="-7.71579349" lon="112.62263906">
   <ele>1374.342</ele>
  </trkpt>
  <trkpt lat="-7.71601813" lon="112.62260939">
   <ele>1381.552</ele>
  </trkpt>
  <trkpt lat="-7.71606976" lon="112.62244033">
   <ele>1388.762</ele>
  </trkpt>
  <trkpt lat="-7.71639573" lon="112.62227369">
   <ele>1395.972</ele>
  </trkpt>
  <trkpt lat="-7.71649146" lon="112.62224335">
   <ele>1401.259</ele>
  </trkpt>
  <trkpt lat="-7.71647578" lon="112.62229004">
   <ele>1398.375</ele>
  </trkpt>
  <trkpt lat="-7.71649875" lon="112.62229859">
   <ele>1405.585</ele>
  </trkpt>
  <trkpt lat="-7.71652943" lon="112.62228048">
   <ele>1388.281</ele>
  </trkpt>
  <trkpt lat="-7.71651350" lon="112.62225023">
   <ele>1401.259</ele>
  </trkpt>
  <trkpt lat="-7.71665398" lon="112.62212626">
   <ele>1410.391</ele>
  </trkpt>
  <trkpt lat="-7.71678298" lon="112.62213816">
   <ele>1403.662</ele>
  </trkpt>
  <trkpt lat="-7.71684249" lon="112.62211519">
   <ele>1411.833</ele>
  </trkpt>
  <trkpt lat="-7.71725027" lon="112.62171630">
   <ele>1418.563</ele>
  </trkpt>
  <trkpt lat="-7.71743936" lon="112.62154900">
   <ele>1431.54</ele>
  </trkpt>
  <trkpt lat="-7.71782569" lon="112.62135579">
   <ele>1436.347</ele>
  </trkpt>
  <trkpt lat="-7.71785645" lon="112.62121908">
   <ele>1443.076</ele>
  </trkpt>
  <trkpt lat="-7.71801906" lon="112.62117550">
   <ele>1446.441</ele>
  </trkpt>
  <trkpt lat="-7.71838987" lon="112.62062489">
   <ele>1469.032</ele>
  </trkpt>
  <trkpt lat="-7.71860906" lon="112.62058793">
   <ele>1479.125</ele>
  </trkpt>
  <trkpt lat="-7.71878575" lon="112.62021912">
   <ele>1487.778</ele>
  </trkpt>
  <trkpt lat="-7.71893503" lon="112.62015609">
   <ele>1490.181</ele>
  </trkpt>
  <trkpt lat="-7.71893428" lon="112.61992458">
   <ele>1499.794</ele>
  </trkpt>
  <trkpt lat="-7.71922840" lon="112.61973666">
   <ele>1505.562</ele>
  </trkpt>
  <trkpt lat="-7.71950106" lon="112.61934808">
   <ele>1520.943</ele>
  </trkpt>
  <trkpt lat="-7.71963140" lon="112.61944807">
   <ele>1525.269</ele>
  </trkpt>
  <trkpt lat="-7.72015150" lon="112.61909259">
   <ele>1540.169</ele>
  </trkpt>
  <trkpt lat="-7.72021067" lon="112.61897449">
   <ele>1547.86</ele>
  </trkpt>
  <trkpt lat="-7.72012962" lon="112.61888824">
   <ele>1550.744</ele>
  </trkpt>
  <trkpt lat="-7.72012719" lon="112.61885296">
   <ele>1544.495</ele>
  </trkpt>
  <trkpt lat="-7.72013155" lon="112.61885086">
   <ele>1559.876</ele>
  </trkpt>
  <trkpt lat="-7.72016097" lon="112.61885430">
   <ele>1544.015</ele>
  </trkpt>
  <trkpt lat="-7.72015586" lon="112.61890895">
   <ele>1556.031</ele>
  </trkpt>
  <trkpt lat="-7.72033774" lon="112.61867082">
   <ele>1567.086</ele>
  </trkpt>
  <trkpt lat="-7.72068006" lon="112.61871340">
   <ele>1570.451</ele>
  </trkpt>
  <trkpt lat="-7.72066154" lon="112.61835985">
   <ele>1581.987</ele>
  </trkpt>
  <trkpt lat="-7.72099522" lon="112.61845834">
   <ele>1586.793</ele>
  </trkpt>
  <trkpt lat="-7.72119823" lon="112.61837745">
   <ele>1590.158</ele>
  </trkpt>
  <trkpt lat="-7.72119345" lon="112.61815625">
   <ele>1605.058</ele>
  </trkpt>
  <trkpt lat="-7.72136293" lon="112.61812474">
   <ele>1603.136</ele>
  </trkpt>
  <trkpt lat="-7.72146142" lon="112.61795425">
   <ele>1607.462</ele>
  </trkpt>
  <trkpt lat="-7.72141348" lon="112.61766616">
   <ele>1624.765</ele>
  </trkpt>
  <trkpt lat="-7.72140736" lon="112.61764387">
   <ele>1618.517</ele>
  </trkpt>
  <trkpt lat="-7.72143879" lon="112.61747438">
   <ele>1622.843</ele>
  </trkpt>
  <trkpt lat="-7.72181539" lon="112.61742108">
   <ele>1637.262</ele>
  </trkpt>
  <trkpt lat="-7.72178329" lon="112.61721823">
   <ele>1633.417</ele>
  </trkpt>
  <trkpt lat="-7.72197875" lon="112.61718613">
   <ele>1638.224</ele>
  </trkpt>
  <trkpt lat="-7.72204774" lon="112.61708790">
   <ele>1645.915</ele>
  </trkpt>
  <trkpt lat="-7.72201438" lon="112.61695999">
   <ele>1651.682</ele>
  </trkpt>
  <trkpt lat="-7.72219559" lon="112.61674759">
   <ele>1648.318</ele>
  </trkpt>
  <trkpt lat="-7.72239164" lon="112.61662806">
   <ele>1663.699</ele>
  </trkpt>
  <trkpt lat="-7.72255132" lon="112.61661993">
   <ele>1663.699</ele>
  </trkpt>
  <trkpt lat="-7.72248175" lon="112.61660954">
   <ele>1683.406</ele>
  </trkpt>
  <trkpt lat="-7.72241813" lon="112.61679235">
   <ele>1704.555</ele>
  </trkpt>
  <trkpt lat="-7.72249533" lon="112.61657040">
   <ele>1659.853</ele>
  </trkpt>
  <trkpt lat="-7.72252978" lon="112.61664416">
   <ele>1669.947</ele>
  </trkpt>
  <trkpt lat="-7.72254528" lon="112.61639136">
   <ele>1669.467</ele>
  </trkpt>
  <trkpt lat="-7.72251427" lon="112.61665665">
   <ele>1664.179</ele>
  </trkpt>
  <trkpt lat="-7.72248695" lon="112.61662312">
   <ele>1688.693</ele>
  </trkpt>
  <trkpt lat="-7.72247806" lon="112.61629505">
   <ele>1669.467</ele>
  </trkpt>
  <trkpt lat="-7.72267018" lon="112.61616027">
   <ele>1678.119</ele>
  </trkpt>
  <trkpt lat="-7.72258786" lon="112.61606522">
   <ele>1682.445</ele>
  </trkpt>
  <trkpt lat="-7.72263899" lon="112.61589842">
   <ele>1689.174</ele>
  </trkpt>
  <trkpt lat="-7.72258108" lon="112.61587730">
   <ele>1698.787</ele>
  </trkpt>
  <trkpt lat="-7.72229106" lon="112.61582332">
   <ele>1695.903</ele>
  </trkpt>
  <trkpt lat="-7.72260689" lon="112.61549223">
   <ele>1712.245</ele>
  </trkpt>
  <trkpt lat="-7.72250488" lon="112.61527866">
   <ele>1720.417</ele>
  </trkpt>
  <trkpt lat="-7.72292465" lon="112.61483425">
   <ele>1733.875</ele>
  </trkpt>
  <trkpt lat="-7.72271217" lon="112.61433737">
   <ele>1749.737</ele>
  </trkpt>
  <trkpt lat="-7.72274075" lon="112.61419614">
   <ele>1752.621</ele>
  </trkpt>
  <trkpt lat="-7.72283974" lon="112.61428398">
   <ele>1754.063</ele>
  </trkpt>
  <trkpt lat="-7.72307955" lon="112.61426018">
   <ele>1761.273</ele>
  </trkpt>
  <trkpt lat="-7.72303923" lon="112.61392917">
   <ele>1773.289</ele>
  </trkpt>
  <trkpt lat="-7.72311333" lon="112.61381837">
   <ele>1778.096</ele>
  </trkpt>
  <trkpt lat="-7.72323386" lon="112.61376363">
   <ele>1782.902</ele>
  </trkpt>
  <trkpt lat="-7.72346176" lon="112.61386354">
   <ele>1790.112</ele>
  </trkpt>
  <trkpt lat="-7.72348699" lon="112.61371242">
   <ele>1791.554</ele>
  </trkpt>
  <trkpt lat="-7.72347786" lon="112.61372248">
   <ele>1809.819</ele>
  </trkpt>
  <trkpt lat="-7.72349755" lon="112.61368107">
   <ele>1793.958</ele>
  </trkpt>
  <trkpt lat="-7.72357534" lon="112.61329408">
   <ele>1799.725</ele>
  </trkpt>
  <trkpt lat="-7.72415159" lon="112.61343079">
   <ele>1815.106</ele>
  </trkpt>
  <trkpt lat="-7.72440649" lon="112.61303709">
   <ele>1824.239</ele>
  </trkpt>
  <trkpt lat="-7.72437690" lon="112.61269209">
   <ele>1830.968</ele>
  </trkpt>
  <trkpt lat="-7.72436055" lon="112.61271179">
   <ele>1858.366</ele>
  </trkpt>
  <trkpt lat="-7.72444068" lon="112.61268295">
   <ele>1837.217</ele>
  </trkpt>
  <trkpt lat="-7.72461746" lon="112.61269888">
   <ele>1842.023</ele>
  </trkpt>
  <trkpt lat="-7.72464512" lon="112.61240040">
   <ele>1844.427</ele>
  </trkpt>
  <trkpt lat="-7.72512247" lon="112.61212715">
   <ele>1861.25</ele>
  </trkpt>
  <trkpt lat="-7.72543796" lon="112.61182263">
   <ele>1879.995</ele>
  </trkpt>
  <trkpt lat="-7.72590039" lon="112.61164133">
   <ele>1895.376</ele>
  </trkpt>
  <trkpt lat="-7.72654295" lon="112.61112015">
   <ele>1923.255</ele>
  </trkpt>
  <trkpt lat="-7.72740075" lon="112.61069125">
   <ele>1953.056</ele>
  </trkpt>
  <trkpt lat="-7.72747275" lon="112.61067188">
   <ele>1948.249</ele>
  </trkpt>
  <trkpt lat="-7.72769018" lon="112.61029084">
   <ele>1969.879</ele>
  </trkpt>
  <trkpt lat="-7.72808128" lon="112.61013879">
   <ele>1990.066</ele>
  </trkpt>
  <trkpt lat="-7.72839510" lon="112.60990435">
   <ele>1992.95</ele>
  </trkpt>
  <trkpt lat="-7.72837037" lon="112.60985356">
   <ele>2001.122</ele>
  </trkpt>
  <trkpt lat="-7.72923203" lon="112.60909013">
   <ele>2019.387</ele>
  </trkpt>
  <trkpt lat="-7.72930663" lon="112.60897354">
   <ele>2028.519</ele>
  </trkpt>
  <trkpt lat="-7.72989102" lon="112.60841673">
   <ele>2036.69</ele>
  </trkpt>
  <trkpt lat="-7.73012227" lon="112.60816016">
   <ele>2048.707</ele>
  </trkpt>
  <trkpt lat="-7.73044137" lon="112.60797752">
   <ele>2057.839</ele>
  </trkpt>
  <trkpt lat="-7.73042603" lon="112.60800552">
   <ele>2078.508</ele>
  </trkpt>
  <trkpt lat="-7.73047524" lon="112.60795112">
   <ele>2056.878</ele>
  </trkpt>
  <trkpt lat="-7.73064706" lon="112.60786696">
   <ele>2056.878</ele>
  </trkpt>
  <trkpt lat="-7.73089542" lon="112.60776202">
   <ele>2073.22</ele>
  </trkpt>
  <trkpt lat="-7.73100514" lon="112.60762783">
   <ele>2071.298</ele>
  </trkpt>
  <trkpt lat="-7.73134008" lon="112.60722508">
   <ele>2088.602</ele>
  </trkpt>
  <trkpt lat="-7.73156933" lon="112.60747083">
   <ele>2096.773</ele>
  </trkpt>
  <trkpt lat="-7.73166823" lon="112.60736153">
   <ele>2102.06</ele>
  </trkpt>
  <trkpt lat="-7.73208288" lon="112.60723488">
   <ele>2122.248</ele>
  </trkpt>
  <trkpt lat="-7.73209512" lon="112.60724486">
   <ele>2148.203</ele>
  </trkpt>
  <trkpt lat="-7.73215128" lon="112.60721183">
   <ele>2119.844</ele>
  </trkpt>
  <trkpt lat="-7.73224424" lon="112.60711628">
   <ele>2127.054</ele>
  </trkpt>
  <trkpt lat="-7.73223166" lon="112.60709046">
   <ele>2140.993</ele>
  </trkpt>
  <trkpt lat="-7.73244792" lon="112.60689835">
   <ele>2139.071</ele>
  </trkpt>
  <trkpt lat="-7.73275855" lon="112.60653206">
   <ele>2156.375</ele>
  </trkpt>
  <trkpt lat="-7.73247088" lon="112.60639619">
   <ele>2172.236</ele>
  </trkpt>
  <trkpt lat="-7.73249569" lon="112.60639778">
   <ele>2153.971</ele>
  </trkpt>
  <trkpt lat="-7.73287598" lon="112.60613727">
   <ele>2173.198</ele>
  </trkpt>
  <trkpt lat="-7.73299827" lon="112.60611288">
   <ele>2170.313</ele>
  </trkpt>
  <trkpt lat="-7.73319315" lon="112.60598808">
   <ele>2190.501</ele>
  </trkpt>
  <trkpt lat="-7.73354787" lon="112.60569513">
   <ele>2190.982</ele>
  </trkpt>
  <trkpt lat="-7.73361979" lon="112.60564417">
   <ele>2201.556</ele>
  </trkpt>
  <trkpt lat="-7.73413050" lon="112.60537754">
   <ele>2202.998</ele>
  </trkpt>
  <trkpt lat="-7.73420803" lon="112.60531249">
   <ele>2215.496</ele>
  </trkpt>
  <trkpt lat="-7.73431348" lon="112.60525164">
   <ele>2202.998</ele>
  </trkpt>
  <trkpt lat="-7.73501278" lon="112.60472124">
   <ele>2227.512</ele>
  </trkpt>
  <trkpt lat="-7.73500389" lon="112.60464052">
   <ele>2236.645</ele>
  </trkpt>
  <trkpt lat="-7.73503063" lon="112.60464773">
   <ele>2226.551</ele>
  </trkpt>
  <trkpt lat="-7.73500398" lon="112.60467933">
   <ele>2249.142</ele>
  </trkpt>
  <trkpt lat="-7.73501789" lon="112.60466407">
   <ele>2230.396</ele>
  </trkpt>
  <trkpt lat="-7.73577754" lon="112.60417515">
   <ele>2245.296</ele>
  </trkpt>
  <trkpt lat="-7.73678052" lon="112.60370107">
   <ele>2273.655</ele>
  </trkpt>
  <trkpt lat="-7.73686929" lon="112.60347409">
   <ele>2287.594</ele>
  </trkpt>
  <trkpt lat="-7.73766574" lon="112.60298652">
   <ele>2301.534</ele>
  </trkpt>
  <trkpt lat="-7.73793622" lon="112.60273799">
   <ele>2315.473</ele>
  </trkpt>
  <trkpt lat="-7.73825582" lon="112.60242200">
   <ele>2315.473</ele>
  </trkpt>
  <trkpt lat="-7.73873367" lon="112.60209653">
   <ele>2324.125</ele>
  </trkpt>
  <trkpt lat="-7.73871188" lon="112.60198882">
   <ele>2347.196</ele>
  </trkpt>
  <trkpt lat="-7.73875672" lon="112.60206082">
   <ele>2335.18</ele>
  </trkpt>
  <trkpt lat="-7.73875589" lon="112.60208890">
   <ele>2352.964</ele>
  </trkpt>
  <trkpt lat="-7.73877307" lon="112.60206585">
   <ele>2322.202</ele>
  </trkpt>
  <trkpt lat="-7.73888715" lon="112.60199284">
   <ele>2322.202</ele>
  </trkpt>
  <trkpt lat="-7.73937749" lon="112.60180123">
   <ele>2337.583</ele>
  </trkpt>
  <trkpt lat="-7.73965074" lon="112.60168967">
   <ele>2356.809</ele>
  </trkpt>
  <trkpt lat="-7.74029162" lon="112.60139069">
   <ele>2360.174</ele>
  </trkpt>
  <trkpt lat="-7.74054794" lon="112.60119304">
   <ele>2365.461</ele>
  </trkpt>
  <trkpt lat="-7.74065833" lon="112.60112146">
   <ele>2379.881</ele>
  </trkpt>
  <trkpt lat="-7.74089444" lon="112.60092809">
   <ele>2379.4</ele>
  </trkpt>
 </trkseg>
</trk>
 <extensions>
 </extensions>
</gpx>
