<?xml version="1.0" encoding="UTF-8" standalone="yes"?>
<gpx
 version="1.1"
 creator="Global Mapper - http://www.globalmapper.com"
 xmlns:globalmapper="http://www.bluemarblegeo.com/globalmapper"
 xmlns:xsi="http://www.w3.org/2001/XMLSchema-instance"
 xmlns="http://www.topografix.com/GPX/1/1"
 xsi:schemaLocation="http://www.topografix.com/GPX/1/1 http://www.topografix.com/GPX/1/1/gpx.xsd">
 <metadata>
 </metadata>
<wpt lat="-3.64068316" lon="121.18822125">
 <name>Air</name>
</wpt>
<wpt lat="-3.64243071" lon="121.18440212">
 <name>Air</name>
</wpt>
<wpt lat="-3.64133033" lon="121.17475715">
 <name>Air</name>
</wpt>
<wpt lat="-3.64650833" lon="121.12246237">
 <name>Air</name>
</wpt>
<wpt lat="-3.64482550" lon="121.09902958">
 <name>Air</name>
</wpt>
<wpt lat="-3.63990641" lon="121.14893745">
 <name>Camp LIPI</name>
</wpt>
<wpt lat="-3.63880612" lon="121.16938443">
 <name>Monumen NKRI</name>
</wpt>
<wpt lat="-3.63489294" lon="121.07337979">
 <name>Pos 1 Mekonga</name>
</wpt>
<wpt lat="-3.64223650" lon="121.09508104">
 <name>Pos 2 Mekonga</name>
</wpt>
<wpt lat="-3.64437246" lon="121.12628150">
 <name>Pos 3 Mekonga</name>
</wpt>
<wpt lat="-3.63848249" lon="121.17300935">
 <name>Pos 4 Mekonga</name>
</wpt>
<wpt lat="-3.63828837" lon="121.19314084">
 <name>Pos 5 Mekonga</name>
</wpt>
<wpt lat="-3.63194536" lon="121.22096716">
 <name>Pos 6 Mekonga</name>
</wpt>
<wpt lat="-3.64586108" lon="121.23235985">
 <name>Pos 7 Mekonga</name>
</wpt>
<wpt lat="-3.66217160" lon="121.23689110">
 <name>Pos 8 Mekonga</name>
</wpt>
<wpt lat="-3.66463110" lon="121.23663210">
 <name>Puncak Mekonga</name>
</wpt>
<wpt lat="-3.63977700" lon="121.05482619">
 <name>Tinukari</name>
</wpt>
<trk>
 <name>Track 453</name>
 <trkseg>
  <trkpt lat="-3.66450168" lon="121.23669690"></trkpt>
  <trkpt lat="-3.66450168" lon="121.23676160"></trkpt>
  <trkpt lat="-3.66450168" lon="121.23669690"></trkpt>
  <trkpt lat="-3.66456639" lon="121.23663210"></trkpt>
  <trkpt lat="-3.66463110" lon="121.23663210"></trkpt>
  <trkpt lat="-3.66463110" lon="121.23656739"></trkpt>
  <trkpt lat="-3.66463110" lon="121.23650269"></trkpt>
  <trkpt lat="-3.66456639" lon="121.23643798"></trkpt>
  <trkpt lat="-3.66456639" lon="121.23637319"></trkpt>
  <trkpt lat="-3.66456639" lon="121.23630848"></trkpt>
  <trkpt lat="-3.66456639" lon="121.23624377"></trkpt>
  <trkpt lat="-3.66463110" lon="121.23624377"></trkpt>
  <trkpt lat="-3.66463110" lon="121.23617906"></trkpt>
  <trkpt lat="-3.66456639" lon="121.23617906"></trkpt>
  <trkpt lat="-3.66450168" lon="121.23617906"></trkpt>
  <trkpt lat="-3.66443697" lon="121.23611427"></trkpt>
  <trkpt lat="-3.66437227" lon="121.23611427"></trkpt>
  <trkpt lat="-3.66430747" lon="121.23611427"></trkpt>
  <trkpt lat="-3.66424276" lon="121.23611427"></trkpt>
  <trkpt lat="-3.66417806" lon="121.23611427"></trkpt>
  <trkpt lat="-3.66411335" lon="121.23617906"></trkpt>
  <trkpt lat="-3.66404864" lon="121.23617906"></trkpt>
  <trkpt lat="-3.66398393" lon="121.23624377"></trkpt>
  <trkpt lat="-3.66391914" lon="121.23624377"></trkpt>
  <trkpt lat="-3.66385443" lon="121.23624377"></trkpt>
  <trkpt lat="-3.66385443" lon="121.23617906"></trkpt>
  <trkpt lat="-3.66378972" lon="121.23617906"></trkpt>
  <trkpt lat="-3.66372501" lon="121.23617906"></trkpt>
  <trkpt lat="-3.66366022" lon="121.23617906"></trkpt>
  <trkpt lat="-3.66359551" lon="121.23617906"></trkpt>
  <trkpt lat="-3.66353081" lon="121.23617906"></trkpt>
  <trkpt lat="-3.66353081" lon="121.23611427"></trkpt>
  <trkpt lat="-3.66346610" lon="121.23611427"></trkpt>
  <trkpt lat="-3.66346610" lon="121.23617906"></trkpt>
  <trkpt lat="-3.66340139" lon="121.23617906"></trkpt>
  <trkpt lat="-3.66340139" lon="121.23624377"></trkpt>
  <trkpt lat="-3.66333668" lon="121.23624377"></trkpt>
  <trkpt lat="-3.66333668" lon="121.23630848"></trkpt>
  <trkpt lat="-3.66333668" lon="121.23637319"></trkpt>
  <trkpt lat="-3.66327189" lon="121.23637319"></trkpt>
  <trkpt lat="-3.66320718" lon="121.23637319"></trkpt>
  <trkpt lat="-3.66320718" lon="121.23643798"></trkpt>
  <trkpt lat="-3.66314247" lon="121.23643798"></trkpt>
  <trkpt lat="-3.66314247" lon="121.23650269"></trkpt>
  <trkpt lat="-3.66307776" lon="121.23656739"></trkpt>
  <trkpt lat="-3.66301306" lon="121.23663210"></trkpt>
  <trkpt lat="-3.66288356" lon="121.23669690"></trkpt>
  <trkpt lat="-3.66288356" lon="121.23676160"></trkpt>
  <trkpt lat="-3.66281885" lon="121.23676160"></trkpt>
  <trkpt lat="-3.66281885" lon="121.23669690"></trkpt>
  <trkpt lat="-3.66275414" lon="121.23676160"></trkpt>
  <trkpt lat="-3.66275414" lon="121.23682631"></trkpt>
  <trkpt lat="-3.66275414" lon="121.23676160"></trkpt>
  <trkpt lat="-3.66268943" lon="121.23682631"></trkpt>
  <trkpt lat="-3.66262464" lon="121.23676160"></trkpt>
  <trkpt lat="-3.66255993" lon="121.23676160"></trkpt>
  <trkpt lat="-3.66249522" lon="121.23676160"></trkpt>
  <trkpt lat="-3.66243051" lon="121.23676160"></trkpt>
  <trkpt lat="-3.66236581" lon="121.23676160"></trkpt>
  <trkpt lat="-3.66230101" lon="121.23682631"></trkpt>
  <trkpt lat="-3.66223630" lon="121.23682631"></trkpt>
  <trkpt lat="-3.66223630" lon="121.23689110"></trkpt>
  <trkpt lat="-3.66217160" lon="121.23689110"></trkpt>
  <trkpt lat="-3.66210689" lon="121.23689110"></trkpt>
  <trkpt lat="-3.66204218" lon="121.23689110"></trkpt>
  <trkpt lat="-3.66197747" lon="121.23689110"></trkpt>
  <trkpt lat="-3.66197747" lon="121.23695581"></trkpt>
  <trkpt lat="-3.66184797" lon="121.23689110"></trkpt>
  <trkpt lat="-3.66178326" lon="121.23689110"></trkpt>
  <trkpt lat="-3.66171855" lon="121.23689110"></trkpt>
  <trkpt lat="-3.66171855" lon="121.23682631"></trkpt>
  <trkpt lat="-3.66165385" lon="121.23682631"></trkpt>
  <trkpt lat="-3.66158905" lon="121.23682631"></trkpt>
  <trkpt lat="-3.66152435" lon="121.23682631"></trkpt>
  <trkpt lat="-3.66126543" lon="121.23676160"></trkpt>
  <trkpt lat="-3.66113601" lon="121.23669690"></trkpt>
  <trkpt lat="-3.66107130" lon="121.23663210"></trkpt>
  <trkpt lat="-3.66100660" lon="121.23663210"></trkpt>
  <trkpt lat="-3.66094180" lon="121.23656739"></trkpt>
  <trkpt lat="-3.66087710" lon="121.23656739"></trkpt>
  <trkpt lat="-3.66081239" lon="121.23656739"></trkpt>
  <trkpt lat="-3.66074768" lon="121.23656739"></trkpt>
  <trkpt lat="-3.66074768" lon="121.23650269"></trkpt>
  <trkpt lat="-3.66068297" lon="121.23650269"></trkpt>
  <trkpt lat="-3.66061818" lon="121.23650269"></trkpt>
  <trkpt lat="-3.66055347" lon="121.23650269"></trkpt>
  <trkpt lat="-3.66048876" lon="121.23643798"></trkpt>
  <trkpt lat="-3.66029464" lon="121.23650269"></trkpt>
  <trkpt lat="-3.66022984" lon="121.23650269"></trkpt>
  <trkpt lat="-3.66016514" lon="121.23650269"></trkpt>
  <trkpt lat="-3.66010043" lon="121.23656739"></trkpt>
  <trkpt lat="-3.66003572" lon="121.23656739"></trkpt>
  <trkpt lat="-3.66003572" lon="121.23650269"></trkpt>
  <trkpt lat="-3.65997101" lon="121.23650269"></trkpt>
  <trkpt lat="-3.65997101" lon="121.23643798"></trkpt>
  <trkpt lat="-3.65990622" lon="121.23643798"></trkpt>
  <trkpt lat="-3.65984151" lon="121.23643798"></trkpt>
  <trkpt lat="-3.65977680" lon="121.23643798"></trkpt>
  <trkpt lat="-3.65964739" lon="121.23656739"></trkpt>
  <trkpt lat="-3.65958259" lon="121.23656739"></trkpt>
  <trkpt lat="-3.65951789" lon="121.23656739"></trkpt>
  <trkpt lat="-3.65951789" lon="121.23663210"></trkpt>
  <trkpt lat="-3.65938847" lon="121.23669690"></trkpt>
  <trkpt lat="-3.65932376" lon="121.23676160"></trkpt>
  <trkpt lat="-3.65925897" lon="121.23682631"></trkpt>
  <trkpt lat="-3.65912955" lon="121.23689110"></trkpt>
  <trkpt lat="-3.65906484" lon="121.23689110"></trkpt>
  <trkpt lat="-3.65906484" lon="121.23682631"></trkpt>
  <trkpt lat="-3.65900014" lon="121.23682631"></trkpt>
  <trkpt lat="-3.65893543" lon="121.23682631"></trkpt>
  <trkpt lat="-3.65893543" lon="121.23676160"></trkpt>
  <trkpt lat="-3.65887064" lon="121.23676160"></trkpt>
  <trkpt lat="-3.65880593" lon="121.23669690"></trkpt>
  <trkpt lat="-3.65874122" lon="121.23669690"></trkpt>
  <trkpt lat="-3.65874122" lon="121.23663210"></trkpt>
  <trkpt lat="-3.65867651" lon="121.23663210"></trkpt>
  <trkpt lat="-3.65861180" lon="121.23663210"></trkpt>
  <trkpt lat="-3.65854701" lon="121.23663210"></trkpt>
  <trkpt lat="-3.65841759" lon="121.23663210"></trkpt>
  <trkpt lat="-3.65835289" lon="121.23656739"></trkpt>
  <trkpt lat="-3.65828818" lon="121.23656739"></trkpt>
  <trkpt lat="-3.65822338" lon="121.23656739"></trkpt>
  <trkpt lat="-3.65815868" lon="121.23656739"></trkpt>
  <trkpt lat="-3.65809397" lon="121.23656739"></trkpt>
  <trkpt lat="-3.65802926" lon="121.23650269"></trkpt>
  <trkpt lat="-3.65802926" lon="121.23643798"></trkpt>
  <trkpt lat="-3.65796455" lon="121.23643798"></trkpt>
  <trkpt lat="-3.65789976" lon="121.23637319"></trkpt>
  <trkpt lat="-3.65789976" lon="121.23630848"></trkpt>
  <trkpt lat="-3.65783505" lon="121.23624377"></trkpt>
  <trkpt lat="-3.65777034" lon="121.23624377"></trkpt>
  <trkpt lat="-3.65764093" lon="121.23611427"></trkpt>
  <trkpt lat="-3.65757622" lon="121.23611427"></trkpt>
  <trkpt lat="-3.65757622" lon="121.23604956"></trkpt>
  <trkpt lat="-3.65744672" lon="121.23604956"></trkpt>
  <trkpt lat="-3.65731730" lon="121.23604956"></trkpt>
  <trkpt lat="-3.65725259" lon="121.23611427"></trkpt>
  <trkpt lat="-3.65718780" lon="121.23611427"></trkpt>
  <trkpt lat="-3.65699368" lon="121.23604956"></trkpt>
  <trkpt lat="-3.65699368" lon="121.23611427"></trkpt>
  <trkpt lat="-3.65692897" lon="121.23611427"></trkpt>
  <trkpt lat="-3.65686418" lon="121.23611427"></trkpt>
  <trkpt lat="-3.65679947" lon="121.23617906"></trkpt>
  <trkpt lat="-3.65673476" lon="121.23624377"></trkpt>
  <trkpt lat="-3.65667005" lon="121.23624377"></trkpt>
  <trkpt lat="-3.65667005" lon="121.23630848"></trkpt>
  <trkpt lat="-3.65660534" lon="121.23637319"></trkpt>
  <trkpt lat="-3.65660534" lon="121.23643798"></trkpt>
  <trkpt lat="-3.65660534" lon="121.23650269"></trkpt>
  <trkpt lat="-3.65654055" lon="121.23650269"></trkpt>
  <trkpt lat="-3.65647584" lon="121.23650269"></trkpt>
  <trkpt lat="-3.65641113" lon="121.23656739"></trkpt>
  <trkpt lat="-3.65634643" lon="121.23656739"></trkpt>
  <trkpt lat="-3.65628172" lon="121.23656739"></trkpt>
  <trkpt lat="-3.65621701" lon="121.23656739"></trkpt>
  <trkpt lat="-3.65602280" lon="121.23656739"></trkpt>
  <trkpt lat="-3.65589338" lon="121.23656739"></trkpt>
  <trkpt lat="-3.65582859" lon="121.23656739"></trkpt>
  <trkpt lat="-3.65576388" lon="121.23663210"></trkpt>
  <trkpt lat="-3.65576388" lon="121.23669690"></trkpt>
  <trkpt lat="-3.65569917" lon="121.23669690"></trkpt>
  <trkpt lat="-3.65563447" lon="121.23669690"></trkpt>
  <trkpt lat="-3.65563447" lon="121.23663210"></trkpt>
  <trkpt lat="-3.65556976" lon="121.23656739"></trkpt>
  <trkpt lat="-3.65556976" lon="121.23650269"></trkpt>
  <trkpt lat="-3.65550497" lon="121.23643798"></trkpt>
  <trkpt lat="-3.65537555" lon="121.23637319"></trkpt>
  <trkpt lat="-3.65544026" lon="121.23637319"></trkpt>
  <trkpt lat="-3.65544026" lon="121.23630848"></trkpt>
  <trkpt lat="-3.65537555" lon="121.23630848"></trkpt>
  <trkpt lat="-3.65531084" lon="121.23630848"></trkpt>
  <trkpt lat="-3.65518134" lon="121.23630848"></trkpt>
  <trkpt lat="-3.65505192" lon="121.23630848"></trkpt>
  <trkpt lat="-3.65505192" lon="121.23637319"></trkpt>
  <trkpt lat="-3.65492251" lon="121.23650269"></trkpt>
  <trkpt lat="-3.65485780" lon="121.23663210"></trkpt>
  <trkpt lat="-3.65479301" lon="121.23663210"></trkpt>
  <trkpt lat="-3.65472830" lon="121.23656739"></trkpt>
  <trkpt lat="-3.65472830" lon="121.23650269"></trkpt>
  <trkpt lat="-3.65466359" lon="121.23650269"></trkpt>
  <trkpt lat="-3.65466359" lon="121.23643798"></trkpt>
  <trkpt lat="-3.65459888" lon="121.23643798"></trkpt>
  <trkpt lat="-3.65453409" lon="121.23637319"></trkpt>
  <trkpt lat="-3.65446938" lon="121.23637319"></trkpt>
  <trkpt lat="-3.65440467" lon="121.23630848"></trkpt>
  <trkpt lat="-3.65433997" lon="121.23630848"></trkpt>
  <trkpt lat="-3.65427526" lon="121.23630848"></trkpt>
  <trkpt lat="-3.65421055" lon="121.23630848"></trkpt>
  <trkpt lat="-3.65414576" lon="121.23630848"></trkpt>
  <trkpt lat="-3.65408105" lon="121.23630848"></trkpt>
  <trkpt lat="-3.65401634" lon="121.23630848"></trkpt>
  <trkpt lat="-3.65395163" lon="121.23630848"></trkpt>
  <trkpt lat="-3.65395163" lon="121.23624377"></trkpt>
  <trkpt lat="-3.65388692" lon="121.23630848"></trkpt>
  <trkpt lat="-3.65382213" lon="121.23630848"></trkpt>
  <trkpt lat="-3.65375742" lon="121.23630848"></trkpt>
  <trkpt lat="-3.65362801" lon="121.23624377"></trkpt>
  <trkpt lat="-3.65356330" lon="121.23624377"></trkpt>
  <trkpt lat="-3.65349859" lon="121.23624377"></trkpt>
  <trkpt lat="-3.65343380" lon="121.23624377"></trkpt>
  <trkpt lat="-3.65343380" lon="121.23630848"></trkpt>
  <trkpt lat="-3.65336909" lon="121.23637319"></trkpt>
  <trkpt lat="-3.65317488" lon="121.23643798"></trkpt>
  <trkpt lat="-3.65311017" lon="121.23643798"></trkpt>
  <trkpt lat="-3.65304546" lon="121.23637319"></trkpt>
  <trkpt lat="-3.65291605" lon="121.23637319"></trkpt>
  <trkpt lat="-3.65285134" lon="121.23643798"></trkpt>
  <trkpt lat="-3.65272184" lon="121.23643798"></trkpt>
  <trkpt lat="-3.65272184" lon="121.23637319"></trkpt>
  <trkpt lat="-3.65265713" lon="121.23637319"></trkpt>
  <trkpt lat="-3.65259242" lon="121.23637319"></trkpt>
  <trkpt lat="-3.65259242" lon="121.23643798"></trkpt>
  <trkpt lat="-3.65246292" lon="121.23650269"></trkpt>
  <trkpt lat="-3.65239821" lon="121.23650269"></trkpt>
  <trkpt lat="-3.65233351" lon="121.23650269"></trkpt>
  <trkpt lat="-3.65226880" lon="121.23656739"></trkpt>
  <trkpt lat="-3.65226880" lon="121.23650269"></trkpt>
  <trkpt lat="-3.65226880" lon="121.23656739"></trkpt>
  <trkpt lat="-3.65220409" lon="121.23656739"></trkpt>
  <trkpt lat="-3.65162155" lon="121.23637319"></trkpt>
  <trkpt lat="-3.65149213" lon="121.23637319"></trkpt>
  <trkpt lat="-3.65142734" lon="121.23637319"></trkpt>
  <trkpt lat="-3.65129792" lon="121.23630848"></trkpt>
  <trkpt lat="-3.65123321" lon="121.23624377"></trkpt>
  <trkpt lat="-3.65116850" lon="121.23624377"></trkpt>
  <trkpt lat="-3.65110371" lon="121.23617906"></trkpt>
  <trkpt lat="-3.65103900" lon="121.23611427"></trkpt>
  <trkpt lat="-3.65103900" lon="121.23604956"></trkpt>
  <trkpt lat="-3.65090959" lon="121.23598485"></trkpt>
  <trkpt lat="-3.65084488" lon="121.23579064"></trkpt>
  <trkpt lat="-3.65084488" lon="121.23572594"></trkpt>
  <trkpt lat="-3.65078009" lon="121.23559644"></trkpt>
  <trkpt lat="-3.65078009" lon="121.23553173"></trkpt>
  <trkpt lat="-3.65071538" lon="121.23546702"></trkpt>
  <trkpt lat="-3.65065067" lon="121.23546702"></trkpt>
  <trkpt lat="-3.65065067" lon="121.23540223"></trkpt>
  <trkpt lat="-3.65065067" lon="121.23533752"></trkpt>
  <trkpt lat="-3.65058596" lon="121.23533752"></trkpt>
  <trkpt lat="-3.65052125" lon="121.23533752"></trkpt>
  <trkpt lat="-3.65045646" lon="121.23527281"></trkpt>
  <trkpt lat="-3.65039175" lon="121.23527281"></trkpt>
  <trkpt lat="-3.65032705" lon="121.23527281"></trkpt>
  <trkpt lat="-3.65039175" lon="121.23527281"></trkpt>
  <trkpt lat="-3.65039175" lon="121.23533752"></trkpt>
  <trkpt lat="-3.65032705" lon="121.23533752"></trkpt>
  <trkpt lat="-3.65032705" lon="121.23540223"></trkpt>
  <trkpt lat="-3.65032705" lon="121.23533752"></trkpt>
  <trkpt lat="-3.65026234" lon="121.23533752"></trkpt>
  <trkpt lat="-3.65019763" lon="121.23520802"></trkpt>
  <trkpt lat="-3.65013292" lon="121.23514331"></trkpt>
  <trkpt lat="-3.65000342" lon="121.23507860"></trkpt>
  <trkpt lat="-3.64993871" lon="121.23507860"></trkpt>
  <trkpt lat="-3.64987400" lon="121.23507860"></trkpt>
  <trkpt lat="-3.64987400" lon="121.23501389"></trkpt>
  <trkpt lat="-3.64980930" lon="121.23501389"></trkpt>
  <trkpt lat="-3.64974450" lon="121.23501389"></trkpt>
  <trkpt lat="-3.64974450" lon="121.23494910"></trkpt>
  <trkpt lat="-3.64967979" lon="121.23494910"></trkpt>
  <trkpt lat="-3.64961509" lon="121.23494910"></trkpt>
  <trkpt lat="-3.64955038" lon="121.23488439"></trkpt>
  <trkpt lat="-3.64948567" lon="121.23488439"></trkpt>
  <trkpt lat="-3.64942088" lon="121.23488439"></trkpt>
  <trkpt lat="-3.64942088" lon="121.23481968"></trkpt>
  <trkpt lat="-3.64935617" lon="121.23481968"></trkpt>
  <trkpt lat="-3.64929146" lon="121.23481968"></trkpt>
  <trkpt lat="-3.64916204" lon="121.23481968"></trkpt>
  <trkpt lat="-3.64909725" lon="121.23481968"></trkpt>
  <trkpt lat="-3.64903254" lon="121.23501389"></trkpt>
  <trkpt lat="-3.64896784" lon="121.23507860"></trkpt>
  <trkpt lat="-3.64883842" lon="121.23520802"></trkpt>
  <trkpt lat="-3.64877371" lon="121.23520802"></trkpt>
  <trkpt lat="-3.64877371" lon="121.23527281"></trkpt>
  <trkpt lat="-3.64870892" lon="121.23533752"></trkpt>
  <trkpt lat="-3.64857950" lon="121.23527281"></trkpt>
  <trkpt lat="-3.64851479" lon="121.23527281"></trkpt>
  <trkpt lat="-3.64845009" lon="121.23527281"></trkpt>
  <trkpt lat="-3.64838529" lon="121.23527281"></trkpt>
  <trkpt lat="-3.64832059" lon="121.23520802"></trkpt>
  <trkpt lat="-3.64832059" lon="121.23514331"></trkpt>
  <trkpt lat="-3.64825588" lon="121.23501389"></trkpt>
  <trkpt lat="-3.64819117" lon="121.23488439"></trkpt>
  <trkpt lat="-3.64819117" lon="121.23481968"></trkpt>
  <trkpt lat="-3.64819117" lon="121.23475489"></trkpt>
  <trkpt lat="-3.64819117" lon="121.23469018"></trkpt>
  <trkpt lat="-3.64812646" lon="121.23462548"></trkpt>
  <trkpt lat="-3.64812646" lon="121.23456077"></trkpt>
  <trkpt lat="-3.64786754" lon="121.23443127"></trkpt>
  <trkpt lat="-3.64780284" lon="121.23436656"></trkpt>
  <trkpt lat="-3.64773804" lon="121.23436656"></trkpt>
  <trkpt lat="-3.64773804" lon="121.23430185"></trkpt>
  <trkpt lat="-3.64773804" lon="121.23423706"></trkpt>
  <trkpt lat="-3.64773804" lon="121.23417235"></trkpt>
  <trkpt lat="-3.64767333" lon="121.23417235"></trkpt>
  <trkpt lat="-3.64760863" lon="121.23410764"></trkpt>
  <trkpt lat="-3.64760863" lon="121.23404285"></trkpt>
  <trkpt lat="-3.64754392" lon="121.23404285"></trkpt>
  <trkpt lat="-3.64747921" lon="121.23404285"></trkpt>
  <trkpt lat="-3.64741450" lon="121.23397814"></trkpt>
  <trkpt lat="-3.64741450" lon="121.23391343"></trkpt>
  <trkpt lat="-3.64734971" lon="121.23397814"></trkpt>
  <trkpt lat="-3.64734971" lon="121.23391343"></trkpt>
  <trkpt lat="-3.64728500" lon="121.23391343"></trkpt>
  <trkpt lat="-3.64722029" lon="121.23397814"></trkpt>
  <trkpt lat="-3.64722029" lon="121.23391343"></trkpt>
  <trkpt lat="-3.64709088" lon="121.23384872"></trkpt>
  <trkpt lat="-3.64702608" lon="121.23384872"></trkpt>
  <trkpt lat="-3.64689667" lon="121.23384872"></trkpt>
  <trkpt lat="-3.64689667" lon="121.23378393"></trkpt>
  <trkpt lat="-3.64689667" lon="121.23371922"></trkpt>
  <trkpt lat="-3.64683196" lon="121.23378393"></trkpt>
  <trkpt lat="-3.64676725" lon="121.23371922"></trkpt>
  <trkpt lat="-3.64670246" lon="121.23371922"></trkpt>
  <trkpt lat="-3.64670246" lon="121.23365452"></trkpt>
  <trkpt lat="-3.64663775" lon="121.23365452"></trkpt>
  <trkpt lat="-3.64657304" lon="121.23365452"></trkpt>
  <trkpt lat="-3.64657304" lon="121.23358981"></trkpt>
  <trkpt lat="-3.64657304" lon="121.23352502"></trkpt>
  <trkpt lat="-3.64650833" lon="121.23346031"></trkpt>
  <trkpt lat="-3.64657304" lon="121.23346031"></trkpt>
  <trkpt lat="-3.64657304" lon="121.23339560"></trkpt>
  <trkpt lat="-3.64650833" lon="121.23333089"></trkpt>
  <trkpt lat="-3.64650833" lon="121.23326610"></trkpt>
  <trkpt lat="-3.64650833" lon="121.23320139"></trkpt>
  <trkpt lat="-3.64644363" lon="121.23313668"></trkpt>
  <trkpt lat="-3.64644363" lon="121.23307189"></trkpt>
  <trkpt lat="-3.64650833" lon="121.23307189"></trkpt>
  <trkpt lat="-3.64644363" lon="121.23307189"></trkpt>
  <trkpt lat="-3.64637883" lon="121.23307189"></trkpt>
  <trkpt lat="-3.64637883" lon="121.23313668"></trkpt>
  <trkpt lat="-3.64631413" lon="121.23313668"></trkpt>
  <trkpt lat="-3.64618471" lon="121.23307189"></trkpt>
  <trkpt lat="-3.64612000" lon="121.23307189"></trkpt>
  <trkpt lat="-3.64605521" lon="121.23313668"></trkpt>
  <trkpt lat="-3.64599050" lon="121.23313668"></trkpt>
  <trkpt lat="-3.64599050" lon="121.23307189"></trkpt>
  <trkpt lat="-3.64592579" lon="121.23287776"></trkpt>
  <trkpt lat="-3.64592579" lon="121.23274826"></trkpt>
  <trkpt lat="-3.64592579" lon="121.23255406"></trkpt>
  <trkpt lat="-3.64586108" lon="121.23235985"></trkpt>
  <trkpt lat="-3.64579638" lon="121.23223043"></trkpt>
  <trkpt lat="-3.64579638" lon="121.23216564"></trkpt>
  <trkpt lat="-3.64553746" lon="121.23216564"></trkpt>
  <trkpt lat="-3.64547275" lon="121.23216564"></trkpt>
  <trkpt lat="-3.64540804" lon="121.23216564"></trkpt>
  <trkpt lat="-3.64534325" lon="121.23216564"></trkpt>
  <trkpt lat="-3.64534325" lon="121.23223043"></trkpt>
  <trkpt lat="-3.64534325" lon="121.23229514"></trkpt>
  <trkpt lat="-3.64527854" lon="121.23229514"></trkpt>
  <trkpt lat="-3.64521383" lon="121.23229514"></trkpt>
  <trkpt lat="-3.64508442" lon="121.23229514"></trkpt>
  <trkpt lat="-3.64501962" lon="121.23223043"></trkpt>
  <trkpt lat="-3.64469600" lon="121.23229514"></trkpt>
  <trkpt lat="-3.64450187" lon="121.23216564"></trkpt>
  <trkpt lat="-3.64443717" lon="121.23210093"></trkpt>
  <trkpt lat="-3.64443717" lon="121.23203622"></trkpt>
  <trkpt lat="-3.64437246" lon="121.23197151"></trkpt>
  <trkpt lat="-3.64437246" lon="121.23190672"></trkpt>
  <trkpt lat="-3.64437246" lon="121.23177730"></trkpt>
  <trkpt lat="-3.64437246" lon="121.23171260"></trkpt>
  <trkpt lat="-3.64437246" lon="121.23164780"></trkpt>
  <trkpt lat="-3.64430767" lon="121.23145368"></trkpt>
  <trkpt lat="-3.64424296" lon="121.23138889"></trkpt>
  <trkpt lat="-3.64417825" lon="121.23132418"></trkpt>
  <trkpt lat="-3.64417825" lon="121.23125947"></trkpt>
  <trkpt lat="-3.64411354" lon="121.23119468"></trkpt>
  <trkpt lat="-3.64417825" lon="121.23119468"></trkpt>
  <trkpt lat="-3.64417825" lon="121.23106526"></trkpt>
  <trkpt lat="-3.64417825" lon="121.23100055"></trkpt>
  <trkpt lat="-3.64404875" lon="121.23093576"></trkpt>
  <trkpt lat="-3.64391933" lon="121.23074155"></trkpt>
  <trkpt lat="-3.64391933" lon="121.23067684"></trkpt>
  <trkpt lat="-3.64385462" lon="121.23048264"></trkpt>
  <trkpt lat="-3.64385462" lon="121.23041793"></trkpt>
  <trkpt lat="-3.64385462" lon="121.23035322"></trkpt>
  <trkpt lat="-3.64378992" lon="121.23022372"></trkpt>
  <trkpt lat="-3.64366041" lon="121.23015901"></trkpt>
  <trkpt lat="-3.64366041" lon="121.23009430"></trkpt>
  <trkpt lat="-3.64359571" lon="121.23002951"></trkpt>
  <trkpt lat="-3.64353100" lon="121.22996480"></trkpt>
  <trkpt lat="-3.64346629" lon="121.22990009"></trkpt>
  <trkpt lat="-3.64340158" lon="121.22983539"></trkpt>
  <trkpt lat="-3.64333679" lon="121.22983539"></trkpt>
  <trkpt lat="-3.64320737" lon="121.22957647"></trkpt>
  <trkpt lat="-3.64307796" lon="121.22938226"></trkpt>
  <trkpt lat="-3.64301325" lon="121.22938226"></trkpt>
  <trkpt lat="-3.64294846" lon="121.22931755"></trkpt>
  <trkpt lat="-3.64294846" lon="121.22925276"></trkpt>
  <trkpt lat="-3.64288375" lon="121.22912334"></trkpt>
  <trkpt lat="-3.64288375" lon="121.22905855"></trkpt>
  <trkpt lat="-3.64288375" lon="121.22899384"></trkpt>
  <trkpt lat="-3.64281904" lon="121.22899384"></trkpt>
  <trkpt lat="-3.64275433" lon="121.22879963"></trkpt>
  <trkpt lat="-3.64268954" lon="121.22867022"></trkpt>
  <trkpt lat="-3.64268954" lon="121.22860542"></trkpt>
  <trkpt lat="-3.64256012" lon="121.22854072"></trkpt>
  <trkpt lat="-3.64249541" lon="121.22834651"></trkpt>
  <trkpt lat="-3.64236600" lon="121.22815230"></trkpt>
  <trkpt lat="-3.64230121" lon="121.22802288"></trkpt>
  <trkpt lat="-3.64217179" lon="121.22776397"></trkpt>
  <trkpt lat="-3.64210708" lon="121.22763447"></trkpt>
  <trkpt lat="-3.64204237" lon="121.22756976"></trkpt>
  <trkpt lat="-3.64204237" lon="121.22750505"></trkpt>
  <trkpt lat="-3.64191287" lon="121.22737555"></trkpt>
  <trkpt lat="-3.64184816" lon="121.22737555"></trkpt>
  <trkpt lat="-3.64184816" lon="121.22731084"></trkpt>
  <trkpt lat="-3.64158925" lon="121.22718134"></trkpt>
  <trkpt lat="-3.64158925" lon="121.22711663"></trkpt>
  <trkpt lat="-3.64145983" lon="121.22711663"></trkpt>
  <trkpt lat="-3.64139512" lon="121.22705192"></trkpt>
  <trkpt lat="-3.64133033" lon="121.22705192"></trkpt>
  <trkpt lat="-3.64133033" lon="121.22698721"></trkpt>
  <trkpt lat="-3.64126562" lon="121.22698721"></trkpt>
  <trkpt lat="-3.64126562" lon="121.22692242"></trkpt>
  <trkpt lat="-3.64120091" lon="121.22692242"></trkpt>
  <trkpt lat="-3.64120091" lon="121.22685771"></trkpt>
  <trkpt lat="-3.64107150" lon="121.22679301"></trkpt>
  <trkpt lat="-3.64100679" lon="121.22679301"></trkpt>
  <trkpt lat="-3.64087729" lon="121.22672821"></trkpt>
  <trkpt lat="-3.64081258" lon="121.22672821"></trkpt>
  <trkpt lat="-3.64074787" lon="121.22672821"></trkpt>
  <trkpt lat="-3.64074787" lon="121.22666351"></trkpt>
  <trkpt lat="-3.64061837" lon="121.22679301"></trkpt>
  <trkpt lat="-3.64048895" lon="121.22621038"></trkpt>
  <trkpt lat="-3.64042425" lon="121.22614567"></trkpt>
  <trkpt lat="-3.64035954" lon="121.22608096"></trkpt>
  <trkpt lat="-3.64029475" lon="121.22601617"></trkpt>
  <trkpt lat="-3.64029475" lon="121.22595146"></trkpt>
  <trkpt lat="-3.64035954" lon="121.22588675"></trkpt>
  <trkpt lat="-3.64035954" lon="121.22582205"></trkpt>
  <trkpt lat="-3.64029475" lon="121.22582205"></trkpt>
  <trkpt lat="-3.64023004" lon="121.22569255"></trkpt>
  <trkpt lat="-3.64016533" lon="121.22562784"></trkpt>
  <trkpt lat="-3.64010062" lon="121.22556313"></trkpt>
  <trkpt lat="-3.63997112" lon="121.22549834"></trkpt>
  <trkpt lat="-3.63990641" lon="121.22536892"></trkpt>
  <trkpt lat="-3.63984170" lon="121.22530413"></trkpt>
  <trkpt lat="-3.63977700" lon="121.22530413"></trkpt>
  <trkpt lat="-3.63977700" lon="121.22523942"></trkpt>
  <trkpt lat="-3.63958279" lon="121.22511000"></trkpt>
  <trkpt lat="-3.63958279" lon="121.22517471"></trkpt>
  <trkpt lat="-3.63951808" lon="121.22517471"></trkpt>
  <trkpt lat="-3.63945337" lon="121.22517471"></trkpt>
  <trkpt lat="-3.63938866" lon="121.22511000"></trkpt>
  <trkpt lat="-3.63938866" lon="121.22498050"></trkpt>
  <trkpt lat="-3.63932395" lon="121.22498050"></trkpt>
  <trkpt lat="-3.63925916" lon="121.22498050"></trkpt>
  <trkpt lat="-3.63925916" lon="121.22491580"></trkpt>
  <trkpt lat="-3.63912974" lon="121.22478629"></trkpt>
  <trkpt lat="-3.63912974" lon="121.22472159"></trkpt>
  <trkpt lat="-3.63912974" lon="121.22465688"></trkpt>
  <trkpt lat="-3.63900033" lon="121.22446267"></trkpt>
  <trkpt lat="-3.63887083" lon="121.22446267"></trkpt>
  <trkpt lat="-3.63874141" lon="121.22446267"></trkpt>
  <trkpt lat="-3.63867670" lon="121.22446267"></trkpt>
  <trkpt lat="-3.63861191" lon="121.22439796"></trkpt>
  <trkpt lat="-3.63867670" lon="121.22439796"></trkpt>
  <trkpt lat="-3.63861191" lon="121.22426846"></trkpt>
  <trkpt lat="-3.63861191" lon="121.22420375"></trkpt>
  <trkpt lat="-3.63854720" lon="121.22426846"></trkpt>
  <trkpt lat="-3.63841779" lon="121.22420375"></trkpt>
  <trkpt lat="-3.63835308" lon="121.22413896"></trkpt>
  <trkpt lat="-3.63828837" lon="121.22413896"></trkpt>
  <trkpt lat="-3.63828837" lon="121.22407425"></trkpt>
  <trkpt lat="-3.63822358" lon="121.22407425"></trkpt>
  <trkpt lat="-3.63802945" lon="121.22388004"></trkpt>
  <trkpt lat="-3.63796474" lon="121.22388004"></trkpt>
  <trkpt lat="-3.63789995" lon="121.22381533"></trkpt>
  <trkpt lat="-3.63783524" lon="121.22381533"></trkpt>
  <trkpt lat="-3.63770583" lon="121.22381533"></trkpt>
  <trkpt lat="-3.63770583" lon="121.22375063"></trkpt>
  <trkpt lat="-3.63764112" lon="121.22375063"></trkpt>
  <trkpt lat="-3.63764112" lon="121.22368592"></trkpt>
  <trkpt lat="-3.63751162" lon="121.22362113"></trkpt>
  <trkpt lat="-3.63744691" lon="121.22349171"></trkpt>
  <trkpt lat="-3.63718799" lon="121.22329750"></trkpt>
  <trkpt lat="-3.63712328" lon="121.22323279"></trkpt>
  <trkpt lat="-3.63705858" lon="121.22323279"></trkpt>
  <trkpt lat="-3.63699387" lon="121.22323279"></trkpt>
  <trkpt lat="-3.63692916" lon="121.22323279"></trkpt>
  <trkpt lat="-3.63686437" lon="121.22329750"></trkpt>
  <trkpt lat="-3.63679966" lon="121.22342700"></trkpt>
  <trkpt lat="-3.63679966" lon="121.22349171"></trkpt>
  <trkpt lat="-3.63686437" lon="121.22355642"></trkpt>
  <trkpt lat="-3.63686437" lon="121.22368592"></trkpt>
  <trkpt lat="-3.63679966" lon="121.22381533"></trkpt>
  <trkpt lat="-3.63673495" lon="121.22388004"></trkpt>
  <trkpt lat="-3.63667024" lon="121.22394484"></trkpt>
  <trkpt lat="-3.63654074" lon="121.22394484"></trkpt>
  <trkpt lat="-3.63647603" lon="121.22400954"></trkpt>
  <trkpt lat="-3.63634662" lon="121.22407425"></trkpt>
  <trkpt lat="-3.63628191" lon="121.22407425"></trkpt>
  <trkpt lat="-3.63621712" lon="121.22413896"></trkpt>
  <trkpt lat="-3.63615241" lon="121.22407425"></trkpt>
  <trkpt lat="-3.63608770" lon="121.22407425"></trkpt>
  <trkpt lat="-3.63608770" lon="121.22400954"></trkpt>
  <trkpt lat="-3.63602299" lon="121.22394484"></trkpt>
  <trkpt lat="-3.63602299" lon="121.22388004"></trkpt>
  <trkpt lat="-3.63595828" lon="121.22388004"></trkpt>
  <trkpt lat="-3.63595828" lon="121.22381533"></trkpt>
  <trkpt lat="-3.63589349" lon="121.22368592"></trkpt>
  <trkpt lat="-3.63582878" lon="121.22368592"></trkpt>
  <trkpt lat="-3.63576408" lon="121.22362113"></trkpt>
  <trkpt lat="-3.63569937" lon="121.22362113"></trkpt>
  <trkpt lat="-3.63563466" lon="121.22355642"></trkpt>
  <trkpt lat="-3.63556995" lon="121.22349171"></trkpt>
  <trkpt lat="-3.63556995" lon="121.22342700"></trkpt>
  <trkpt lat="-3.63556995" lon="121.22336221"></trkpt>
  <trkpt lat="-3.63550516" lon="121.22336221"></trkpt>
  <trkpt lat="-3.63550516" lon="121.22329750"></trkpt>
  <trkpt lat="-3.63544045" lon="121.22316800"></trkpt>
  <trkpt lat="-3.63537574" lon="121.22297388"></trkpt>
  <trkpt lat="-3.63531103" lon="121.22290908"></trkpt>
  <trkpt lat="-3.63524633" lon="121.22284438"></trkpt>
  <trkpt lat="-3.63524633" lon="121.22277967"></trkpt>
  <trkpt lat="-3.63518153" lon="121.22271487"></trkpt>
  <trkpt lat="-3.63511682" lon="121.22271487"></trkpt>
  <trkpt lat="-3.63505212" lon="121.22265017"></trkpt>
  <trkpt lat="-3.63498741" lon="121.22245596"></trkpt>
  <trkpt lat="-3.63492270" lon="121.22245596"></trkpt>
  <trkpt lat="-3.63492270" lon="121.22239125"></trkpt>
  <trkpt lat="-3.63492270" lon="121.22232654"></trkpt>
  <trkpt lat="-3.63485791" lon="121.22226183"></trkpt>
  <trkpt lat="-3.63485791" lon="121.22219704"></trkpt>
  <trkpt lat="-3.63485791" lon="121.22213233"></trkpt>
  <trkpt lat="-3.63485791" lon="121.22206762"></trkpt>
  <trkpt lat="-3.63472849" lon="121.22193812"></trkpt>
  <trkpt lat="-3.63466378" lon="121.22187342"></trkpt>
  <trkpt lat="-3.63453428" lon="121.22174392"></trkpt>
  <trkpt lat="-3.63440487" lon="121.22167921"></trkpt>
  <trkpt lat="-3.63434016" lon="121.22167921"></trkpt>
  <trkpt lat="-3.63427545" lon="121.22161450"></trkpt>
  <trkpt lat="-3.63421074" lon="121.22161450"></trkpt>
  <trkpt lat="-3.63414595" lon="121.22161450"></trkpt>
  <trkpt lat="-3.63401653" lon="121.22154979"></trkpt>
  <trkpt lat="-3.63375762" lon="121.22148500"></trkpt>
  <trkpt lat="-3.63362820" lon="121.22142029"></trkpt>
  <trkpt lat="-3.63356349" lon="121.22142029"></trkpt>
  <trkpt lat="-3.63356349" lon="121.22135558"></trkpt>
  <trkpt lat="-3.63349870" lon="121.22129079"></trkpt>
  <trkpt lat="-3.63343399" lon="121.22122608"></trkpt>
  <trkpt lat="-3.63336928" lon="121.22122608"></trkpt>
  <trkpt lat="-3.63330457" lon="121.22116137"></trkpt>
  <trkpt lat="-3.63330457" lon="121.22122608"></trkpt>
  <trkpt lat="-3.63311036" lon="121.22116137"></trkpt>
  <trkpt lat="-3.63311036" lon="121.22109666"></trkpt>
  <trkpt lat="-3.63298095" lon="121.22109666"></trkpt>
  <trkpt lat="-3.63291624" lon="121.22103187"></trkpt>
  <trkpt lat="-3.63285153" lon="121.22103187"></trkpt>
  <trkpt lat="-3.63278674" lon="121.22103187"></trkpt>
  <trkpt lat="-3.63278674" lon="121.22096716"></trkpt>
  <trkpt lat="-3.63265732" lon="121.22090246"></trkpt>
  <trkpt lat="-3.63259261" lon="121.22090246"></trkpt>
  <trkpt lat="-3.63252782" lon="121.22090246"></trkpt>
  <trkpt lat="-3.63246311" lon="121.22090246"></trkpt>
  <trkpt lat="-3.63233370" lon="121.22083775"></trkpt>
  <trkpt lat="-3.63220428" lon="121.22083775"></trkpt>
  <trkpt lat="-3.63207478" lon="121.22083775"></trkpt>
  <trkpt lat="-3.63201007" lon="121.22090246"></trkpt>
  <trkpt lat="-3.63194536" lon="121.22096716"></trkpt>
  <trkpt lat="-3.63194536" lon="121.22090246"></trkpt>
  <trkpt lat="-3.63188066" lon="121.22090246"></trkpt>
  <trkpt lat="-3.63181586" lon="121.22083775"></trkpt>
  <trkpt lat="-3.63175116" lon="121.22077296"></trkpt>
  <trkpt lat="-3.63175116" lon="121.22070825"></trkpt>
  <trkpt lat="-3.63168645" lon="121.22064354"></trkpt>
  <trkpt lat="-3.63162174" lon="121.22057875"></trkpt>
  <trkpt lat="-3.63155703" lon="121.22044933"></trkpt>
  <trkpt lat="-3.63149224" lon="121.22031983"></trkpt>
  <trkpt lat="-3.63142753" lon="121.22019041"></trkpt>
  <trkpt lat="-3.63136282" lon="121.22012562"></trkpt>
  <trkpt lat="-3.63123341" lon="121.22012562"></trkpt>
  <trkpt lat="-3.63110390" lon="121.22012562"></trkpt>
  <trkpt lat="-3.63090978" lon="121.22025512"></trkpt>
  <trkpt lat="-3.63084507" lon="121.22031983"></trkpt>
  <trkpt lat="-3.63078028" lon="121.22031983"></trkpt>
  <trkpt lat="-3.63071557" lon="121.22038462"></trkpt>
  <trkpt lat="-3.63058615" lon="121.22044933"></trkpt>
  <trkpt lat="-3.63039195" lon="121.22051404"></trkpt>
  <trkpt lat="-3.63032724" lon="121.22051404"></trkpt>
  <trkpt lat="-3.63026253" lon="121.22044933"></trkpt>
  <trkpt lat="-3.63026253" lon="121.22038462"></trkpt>
  <trkpt lat="-3.63013303" lon="121.22025512"></trkpt>
  <trkpt lat="-3.63006832" lon="121.22012562"></trkpt>
  <trkpt lat="-3.63000361" lon="121.21999620"></trkpt>
  <trkpt lat="-3.62993890" lon="121.21993150"></trkpt>
  <trkpt lat="-3.62993890" lon="121.21980200"></trkpt>
  <trkpt lat="-3.62987420" lon="121.21973729"></trkpt>
  <trkpt lat="-3.62980940" lon="121.21960779"></trkpt>
  <trkpt lat="-3.62980940" lon="121.21954308"></trkpt>
  <trkpt lat="-3.62974470" lon="121.21941358"></trkpt>
  <trkpt lat="-3.62974470" lon="121.21928416"></trkpt>
  <trkpt lat="-3.62974470" lon="121.21921945"></trkpt>
  <trkpt lat="-3.62967999" lon="121.21921945"></trkpt>
  <trkpt lat="-3.62974470" lon="121.21908995"></trkpt>
  <trkpt lat="-3.62980940" lon="121.21896054"></trkpt>
  <trkpt lat="-3.62974470" lon="121.21883104"></trkpt>
  <trkpt lat="-3.62974470" lon="121.21870154"></trkpt>
  <trkpt lat="-3.62967999" lon="121.21857212"></trkpt>
  <trkpt lat="-3.62967999" lon="121.21844262"></trkpt>
  <trkpt lat="-3.62961528" lon="121.21831320"></trkpt>
  <trkpt lat="-3.62955057" lon="121.21824849"></trkpt>
  <trkpt lat="-3.62948578" lon="121.21811899"></trkpt>
  <trkpt lat="-3.62942107" lon="121.21805429"></trkpt>
  <trkpt lat="-3.62942107" lon="121.21798949"></trkpt>
  <trkpt lat="-3.62935636" lon="121.21786008"></trkpt>
  <trkpt lat="-3.62935636" lon="121.21779537"></trkpt>
  <trkpt lat="-3.62935636" lon="121.21766587"></trkpt>
  <trkpt lat="-3.62935636" lon="121.21753645"></trkpt>
  <trkpt lat="-3.62935636" lon="121.21741508"></trkpt>
  <trkpt lat="-3.62942107" lon="121.21735029"></trkpt>
  <trkpt lat="-3.62935636" lon="121.21722087"></trkpt>
  <trkpt lat="-3.62948578" lon="121.21709137"></trkpt>
  <trkpt lat="-3.62948578" lon="121.21696196"></trkpt>
  <trkpt lat="-3.62955057" lon="121.21683246"></trkpt>
  <trkpt lat="-3.62955057" lon="121.21676775"></trkpt>
  <trkpt lat="-3.62948578" lon="121.21663825"></trkpt>
  <trkpt lat="-3.62948578" lon="121.21657354"></trkpt>
  <trkpt lat="-3.62948578" lon="121.21650883"></trkpt>
  <trkpt lat="-3.62942107" lon="121.21644404"></trkpt>
  <trkpt lat="-3.62935636" lon="121.21637933"></trkpt>
  <trkpt lat="-3.62929165" lon="121.21631462"></trkpt>
  <trkpt lat="-3.62922695" lon="121.21631462"></trkpt>
  <trkpt lat="-3.62916224" lon="121.21631462"></trkpt>
  <trkpt lat="-3.62916224" lon="121.21624991"></trkpt>
  <trkpt lat="-3.62909744" lon="121.21618512"></trkpt>
  <trkpt lat="-3.62896803" lon="121.21612041"></trkpt>
  <trkpt lat="-3.62890332" lon="121.21605570"></trkpt>
  <trkpt lat="-3.62883861" lon="121.21599091"></trkpt>
  <trkpt lat="-3.62883861" lon="121.21586150"></trkpt>
  <trkpt lat="-3.62877382" lon="121.21579679"></trkpt>
  <trkpt lat="-3.62877382" lon="121.21566729"></trkpt>
  <trkpt lat="-3.62870911" lon="121.21560258"></trkpt>
  <trkpt lat="-3.62864440" lon="121.21553787"></trkpt>
  <trkpt lat="-3.62857969" lon="121.21547308"></trkpt>
  <trkpt lat="-3.62857969" lon="121.21540837"></trkpt>
  <trkpt lat="-3.62864440" lon="121.21540837"></trkpt>
  <trkpt lat="-3.62870911" lon="121.21534366"></trkpt>
  <trkpt lat="-3.62877382" lon="121.21534366"></trkpt>
  <trkpt lat="-3.62890332" lon="121.21527887"></trkpt>
  <trkpt lat="-3.62896803" lon="121.21527887"></trkpt>
  <trkpt lat="-3.62903274" lon="121.21527887"></trkpt>
  <trkpt lat="-3.62916224" lon="121.21527887"></trkpt>
  <trkpt lat="-3.62916224" lon="121.21521416"></trkpt>
  <trkpt lat="-3.62929165" lon="121.21521416"></trkpt>
  <trkpt lat="-3.62942107" lon="121.21521416"></trkpt>
  <trkpt lat="-3.62955057" lon="121.21521416"></trkpt>
  <trkpt lat="-3.62961528" lon="121.21527887"></trkpt>
  <trkpt lat="-3.62967999" lon="121.21527887"></trkpt>
  <trkpt lat="-3.62987420" lon="121.21527887"></trkpt>
  <trkpt lat="-3.63006832" lon="121.21527887"></trkpt>
  <trkpt lat="-3.63006832" lon="121.21521416"></trkpt>
  <trkpt lat="-3.63006832" lon="121.21514945"></trkpt>
  <trkpt lat="-3.63006832" lon="121.21508474"></trkpt>
  <trkpt lat="-3.63000361" lon="121.21508474"></trkpt>
  <trkpt lat="-3.63000361" lon="121.21495524"></trkpt>
  <trkpt lat="-3.62993890" lon="121.21482583"></trkpt>
  <trkpt lat="-3.62993890" lon="121.21476104"></trkpt>
  <trkpt lat="-3.62993890" lon="121.21463162"></trkpt>
  <trkpt lat="-3.62993890" lon="121.21450212"></trkpt>
  <trkpt lat="-3.62993890" lon="121.21437270"></trkpt>
  <trkpt lat="-3.62993890" lon="121.21430791"></trkpt>
  <trkpt lat="-3.62993890" lon="121.21424320"></trkpt>
  <trkpt lat="-3.62987420" lon="121.21417849"></trkpt>
  <trkpt lat="-3.62987420" lon="121.21411370"></trkpt>
  <trkpt lat="-3.62980940" lon="121.21404899"></trkpt>
  <trkpt lat="-3.62980940" lon="121.21398428"></trkpt>
  <trkpt lat="-3.62974470" lon="121.21391958"></trkpt>
  <trkpt lat="-3.62967999" lon="121.21372537"></trkpt>
  <trkpt lat="-3.62967999" lon="121.21359587"></trkpt>
  <trkpt lat="-3.62967999" lon="121.21346645"></trkpt>
  <trkpt lat="-3.62974470" lon="121.21333695"></trkpt>
  <trkpt lat="-3.62980940" lon="121.21314274"></trkpt>
  <trkpt lat="-3.62987420" lon="121.21301332"></trkpt>
  <trkpt lat="-3.62987420" lon="121.21288382"></trkpt>
  <trkpt lat="-3.62993890" lon="121.21281912"></trkpt>
  <trkpt lat="-3.62993890" lon="121.21275441"></trkpt>
  <trkpt lat="-3.62993890" lon="121.21262491"></trkpt>
  <trkpt lat="-3.63000361" lon="121.21249549"></trkpt>
  <trkpt lat="-3.63006832" lon="121.21236599"></trkpt>
  <trkpt lat="-3.63006832" lon="121.21223657"></trkpt>
  <trkpt lat="-3.63006832" lon="121.21217178"></trkpt>
  <trkpt lat="-3.63013303" lon="121.21210707"></trkpt>
  <trkpt lat="-3.63019782" lon="121.21197757"></trkpt>
  <trkpt lat="-3.63019782" lon="121.21184816"></trkpt>
  <trkpt lat="-3.63026253" lon="121.21171866"></trkpt>
  <trkpt lat="-3.63026253" lon="121.21165395"></trkpt>
  <trkpt lat="-3.63026253" lon="121.21158924"></trkpt>
  <trkpt lat="-3.63032724" lon="121.21145974"></trkpt>
  <trkpt lat="-3.63039195" lon="121.21139503"></trkpt>
  <trkpt lat="-3.63045665" lon="121.21133032"></trkpt>
  <trkpt lat="-3.63052145" lon="121.21120082"></trkpt>
  <trkpt lat="-3.63065086" lon="121.21113611"></trkpt>
  <trkpt lat="-3.63071557" lon="121.21100661"></trkpt>
  <trkpt lat="-3.63084507" lon="121.21087720"></trkpt>
  <trkpt lat="-3.63090978" lon="121.21081249"></trkpt>
  <trkpt lat="-3.63090978" lon="121.21074770"></trkpt>
  <trkpt lat="-3.63090978" lon="121.21068299"></trkpt>
  <trkpt lat="-3.63090978" lon="121.21055349"></trkpt>
  <trkpt lat="-3.63090978" lon="121.21048878"></trkpt>
  <trkpt lat="-3.63090978" lon="121.21042407"></trkpt>
  <trkpt lat="-3.63090978" lon="121.21035936"></trkpt>
  <trkpt lat="-3.63097449" lon="121.21029457"></trkpt>
  <trkpt lat="-3.63103920" lon="121.21016515"></trkpt>
  <trkpt lat="-3.63110390" lon="121.21010036"></trkpt>
  <trkpt lat="-3.63110390" lon="121.21003565"></trkpt>
  <trkpt lat="-3.63116861" lon="121.20984145"></trkpt>
  <trkpt lat="-3.63116861" lon="121.20971203"></trkpt>
  <trkpt lat="-3.63116861" lon="121.20958253"></trkpt>
  <trkpt lat="-3.63123341" lon="121.20951782"></trkpt>
  <trkpt lat="-3.63129811" lon="121.20938832"></trkpt>
  <trkpt lat="-3.63129811" lon="121.20932361"></trkpt>
  <trkpt lat="-3.63136282" lon="121.20925890"></trkpt>
  <trkpt lat="-3.63149224" lon="121.20919419"></trkpt>
  <trkpt lat="-3.63149224" lon="121.20912940"></trkpt>
  <trkpt lat="-3.63155703" lon="121.20912940"></trkpt>
  <trkpt lat="-3.63162174" lon="121.20906469"></trkpt>
  <trkpt lat="-3.63168645" lon="121.20899999"></trkpt>
  <trkpt lat="-3.63175116" lon="121.20899999"></trkpt>
  <trkpt lat="-3.63188066" lon="121.20893528"></trkpt>
  <trkpt lat="-3.63194536" lon="121.20893528"></trkpt>
  <trkpt lat="-3.63207478" lon="121.20887049"></trkpt>
  <trkpt lat="-3.63213949" lon="121.20887049"></trkpt>
  <trkpt lat="-3.63220428" lon="121.20880578"></trkpt>
  <trkpt lat="-3.63233370" lon="121.20880578"></trkpt>
  <trkpt lat="-3.63239841" lon="121.20887049"></trkpt>
  <trkpt lat="-3.63246311" lon="121.20880578"></trkpt>
  <trkpt lat="-3.63252782" lon="121.20880578"></trkpt>
  <trkpt lat="-3.63259261" lon="121.20880578"></trkpt>
  <trkpt lat="-3.63265732" lon="121.20867636"></trkpt>
  <trkpt lat="-3.63265732" lon="121.20854686"></trkpt>
  <trkpt lat="-3.63265732" lon="121.20841736"></trkpt>
  <trkpt lat="-3.63265732" lon="121.20828794"></trkpt>
  <trkpt lat="-3.63265732" lon="121.20822323"></trkpt>
  <trkpt lat="-3.63259261" lon="121.20809373"></trkpt>
  <trkpt lat="-3.63259261" lon="121.20802903"></trkpt>
  <trkpt lat="-3.63259261" lon="121.20796423"></trkpt>
  <trkpt lat="-3.63265732" lon="121.20783482"></trkpt>
  <trkpt lat="-3.63265732" lon="121.20777011"></trkpt>
  <trkpt lat="-3.63265732" lon="121.20764061"></trkpt>
  <trkpt lat="-3.63265732" lon="121.20751111"></trkpt>
  <trkpt lat="-3.63265732" lon="121.20738169"></trkpt>
  <trkpt lat="-3.63272203" lon="121.20725219"></trkpt>
  <trkpt lat="-3.63272203" lon="121.20712277"></trkpt>
  <trkpt lat="-3.63265732" lon="121.20699327"></trkpt>
  <trkpt lat="-3.63272203" lon="121.20692857"></trkpt>
  <trkpt lat="-3.63272203" lon="121.20679915"></trkpt>
  <trkpt lat="-3.63272203" lon="121.20666965"></trkpt>
  <trkpt lat="-3.63272203" lon="121.20660494"></trkpt>
  <trkpt lat="-3.63265732" lon="121.20647544"></trkpt>
  <trkpt lat="-3.63265732" lon="121.20634602"></trkpt>
  <trkpt lat="-3.63265732" lon="121.20615182"></trkpt>
  <trkpt lat="-3.63259261" lon="121.20608702"></trkpt>
  <trkpt lat="-3.63252782" lon="121.20595761"></trkpt>
  <trkpt lat="-3.63252782" lon="121.20576340"></trkpt>
  <trkpt lat="-3.63246311" lon="121.20563398"></trkpt>
  <trkpt lat="-3.63246311" lon="121.20550448"></trkpt>
  <trkpt lat="-3.63239841" lon="121.20531027"></trkpt>
  <trkpt lat="-3.63239841" lon="121.20518086"></trkpt>
  <trkpt lat="-3.63239841" lon="121.20511606"></trkpt>
  <trkpt lat="-3.63239841" lon="121.20518086"></trkpt>
  <trkpt lat="-3.63233370" lon="121.20511606"></trkpt>
  <trkpt lat="-3.63233370" lon="121.20479244"></trkpt>
  <trkpt lat="-3.63226899" lon="121.20466302"></trkpt>
  <trkpt lat="-3.63226899" lon="121.20453352"></trkpt>
  <trkpt lat="-3.63233370" lon="121.20440402"></trkpt>
  <trkpt lat="-3.63233370" lon="121.20433931"></trkpt>
  <trkpt lat="-3.63239841" lon="121.20433931"></trkpt>
  <trkpt lat="-3.63252782" lon="121.20420990"></trkpt>
  <trkpt lat="-3.63265732" lon="121.20414510"></trkpt>
  <trkpt lat="-3.63265732" lon="121.20408040"></trkpt>
  <trkpt lat="-3.63272203" lon="121.20395089"></trkpt>
  <trkpt lat="-3.63265732" lon="121.20395089"></trkpt>
  <trkpt lat="-3.63265732" lon="121.20382148"></trkpt>
  <trkpt lat="-3.63272203" lon="121.20375677"></trkpt>
  <trkpt lat="-3.63272203" lon="121.20369198"></trkpt>
  <trkpt lat="-3.63272203" lon="121.20349777"></trkpt>
  <trkpt lat="-3.63272203" lon="121.20336835"></trkpt>
  <trkpt lat="-3.63272203" lon="121.20323885"></trkpt>
  <trkpt lat="-3.63272203" lon="121.20317414"></trkpt>
  <trkpt lat="-3.63278674" lon="121.20304473"></trkpt>
  <trkpt lat="-3.63285153" lon="121.20291523"></trkpt>
  <trkpt lat="-3.63285153" lon="121.20272102"></trkpt>
  <trkpt lat="-3.63285153" lon="121.20259160"></trkpt>
  <trkpt lat="-3.63278674" lon="121.20252681"></trkpt>
  <trkpt lat="-3.63278674" lon="121.20233268"></trkpt>
  <trkpt lat="-3.63278674" lon="121.20220318"></trkpt>
  <trkpt lat="-3.63278674" lon="121.20213848"></trkpt>
  <trkpt lat="-3.63278674" lon="121.20200898"></trkpt>
  <trkpt lat="-3.63285153" lon="121.20194427"></trkpt>
  <trkpt lat="-3.63285153" lon="121.20187956"></trkpt>
  <trkpt lat="-3.63291624" lon="121.20175006"></trkpt>
  <trkpt lat="-3.63298095" lon="121.20168535"></trkpt>
  <trkpt lat="-3.63311036" lon="121.20155585"></trkpt>
  <trkpt lat="-3.63311036" lon="121.20149114"></trkpt>
  <trkpt lat="-3.63317507" lon="121.20142643"></trkpt>
  <trkpt lat="-3.63311036" lon="121.20129693"></trkpt>
  <trkpt lat="-3.63311036" lon="121.20116752"></trkpt>
  <trkpt lat="-3.63304566" lon="121.20110272"></trkpt>
  <trkpt lat="-3.63311036" lon="121.20097331"></trkpt>
  <trkpt lat="-3.63317507" lon="121.20084381"></trkpt>
  <trkpt lat="-3.63317507" lon="121.20077910"></trkpt>
  <trkpt lat="-3.63317507" lon="121.20064960"></trkpt>
  <trkpt lat="-3.63311036" lon="121.20058489"></trkpt>
  <trkpt lat="-3.63304566" lon="121.20058489"></trkpt>
  <trkpt lat="-3.63291624" lon="121.20039068"></trkpt>
  <trkpt lat="-3.63285153" lon="121.20032597"></trkpt>
  <trkpt lat="-3.63285153" lon="121.20026127"></trkpt>
  <trkpt lat="-3.63278674" lon="121.20019656"></trkpt>
  <trkpt lat="-3.63278674" lon="121.20013176"></trkpt>
  <trkpt lat="-3.63278674" lon="121.20006706"></trkpt>
  <trkpt lat="-3.63278674" lon="121.20000235"></trkpt>
  <trkpt lat="-3.63285153" lon="121.20000235"></trkpt>
  <trkpt lat="-3.63291624" lon="121.19987285"></trkpt>
  <trkpt lat="-3.63304566" lon="121.19974343"></trkpt>
  <trkpt lat="-3.63304566" lon="121.19967864"></trkpt>
  <trkpt lat="-3.63311036" lon="121.19967864"></trkpt>
  <trkpt lat="-3.63317507" lon="121.19954922"></trkpt>
  <trkpt lat="-3.63317507" lon="121.19948443"></trkpt>
  <trkpt lat="-3.63323987" lon="121.19941972"></trkpt>
  <trkpt lat="-3.63330457" lon="121.19929031"></trkpt>
  <trkpt lat="-3.63336928" lon="121.19922551"></trkpt>
  <trkpt lat="-3.63336928" lon="121.19916080"></trkpt>
  <trkpt lat="-3.63343399" lon="121.19909610"></trkpt>
  <trkpt lat="-3.63343399" lon="121.19903139"></trkpt>
  <trkpt lat="-3.63349870" lon="121.19890189"></trkpt>
  <trkpt lat="-3.63349870" lon="121.19883718"></trkpt>
  <trkpt lat="-3.63356349" lon="121.19877247"></trkpt>
  <trkpt lat="-3.63362820" lon="121.19870768"></trkpt>
  <trkpt lat="-3.63369291" lon="121.19870768"></trkpt>
  <trkpt lat="-3.63375762" lon="121.19870768"></trkpt>
  <trkpt lat="-3.63375762" lon="121.19857826"></trkpt>
  <trkpt lat="-3.63382232" lon="121.19857826"></trkpt>
  <trkpt lat="-3.63388712" lon="121.19857826"></trkpt>
  <trkpt lat="-3.63395182" lon="121.19857826"></trkpt>
  <trkpt lat="-3.63395182" lon="121.19851347"></trkpt>
  <trkpt lat="-3.63401653" lon="121.19851347"></trkpt>
  <trkpt lat="-3.63408124" lon="121.19851347"></trkpt>
  <trkpt lat="-3.63414595" lon="121.19851347"></trkpt>
  <trkpt lat="-3.63414595" lon="121.19844876"></trkpt>
  <trkpt lat="-3.63421074" lon="121.19844876"></trkpt>
  <trkpt lat="-3.63427545" lon="121.19838405"></trkpt>
  <trkpt lat="-3.63440487" lon="121.19825455"></trkpt>
  <trkpt lat="-3.63440487" lon="121.19818985"></trkpt>
  <trkpt lat="-3.63446957" lon="121.19818985"></trkpt>
  <trkpt lat="-3.63453428" lon="121.19812514"></trkpt>
  <trkpt lat="-3.63466378" lon="121.19812514"></trkpt>
  <trkpt lat="-3.63472849" lon="121.19806034"></trkpt>
  <trkpt lat="-3.63479320" lon="121.19806034"></trkpt>
  <trkpt lat="-3.63485791" lon="121.19799564"></trkpt>
  <trkpt lat="-3.63492270" lon="121.19793093"></trkpt>
  <trkpt lat="-3.63505212" lon="121.19786622"></trkpt>
  <trkpt lat="-3.63524633" lon="121.19773672"></trkpt>
  <trkpt lat="-3.63524633" lon="121.19767201"></trkpt>
  <trkpt lat="-3.63524633" lon="121.19760730"></trkpt>
  <trkpt lat="-3.63531103" lon="121.19747780"></trkpt>
  <trkpt lat="-3.63537574" lon="121.19741309"></trkpt>
  <trkpt lat="-3.63550516" lon="121.19734830"></trkpt>
  <trkpt lat="-3.63556995" lon="121.19728359"></trkpt>
  <trkpt lat="-3.63563466" lon="121.19715418"></trkpt>
  <trkpt lat="-3.63569937" lon="121.19708939"></trkpt>
  <trkpt lat="-3.63569937" lon="121.19695997"></trkpt>
  <trkpt lat="-3.63576408" lon="121.19683047"></trkpt>
  <trkpt lat="-3.63582878" lon="121.19670105"></trkpt>
  <trkpt lat="-3.63595828" lon="121.19657155"></trkpt>
  <trkpt lat="-3.63602299" lon="121.19650684"></trkpt>
  <trkpt lat="-3.63608770" lon="121.19650684"></trkpt>
  <trkpt lat="-3.63615241" lon="121.19644213"></trkpt>
  <trkpt lat="-3.63621712" lon="121.19631263"></trkpt>
  <trkpt lat="-3.63628191" lon="121.19624793"></trkpt>
  <trkpt lat="-3.63634662" lon="121.19618322"></trkpt>
  <trkpt lat="-3.63641133" lon="121.19611843"></trkpt>
  <trkpt lat="-3.63647603" lon="121.19605372"></trkpt>
  <trkpt lat="-3.63654074" lon="121.19598901"></trkpt>
  <trkpt lat="-3.63660553" lon="121.19585951"></trkpt>
  <trkpt lat="-3.63667024" lon="121.19573009"></trkpt>
  <trkpt lat="-3.63673495" lon="121.19566530"></trkpt>
  <trkpt lat="-3.63686437" lon="121.19560059"></trkpt>
  <trkpt lat="-3.63692916" lon="121.19553588"></trkpt>
  <trkpt lat="-3.63705858" lon="121.19547109"></trkpt>
  <trkpt lat="-3.63718799" lon="121.19540638"></trkpt>
  <trkpt lat="-3.63718799" lon="121.19534167"></trkpt>
  <trkpt lat="-3.63725270" lon="121.19527697"></trkpt>
  <trkpt lat="-3.63744691" lon="121.19508276"></trkpt>
  <trkpt lat="-3.63744691" lon="121.19501805"></trkpt>
  <trkpt lat="-3.63757633" lon="121.19482384"></trkpt>
  <trkpt lat="-3.63764112" lon="121.19469434"></trkpt>
  <trkpt lat="-3.63770583" lon="121.19456492"></trkpt>
  <trkpt lat="-3.63770583" lon="121.19450013"></trkpt>
  <trkpt lat="-3.63777054" lon="121.19443542"></trkpt>
  <trkpt lat="-3.63777054" lon="121.19430601"></trkpt>
  <trkpt lat="-3.63777054" lon="121.19417651"></trkpt>
  <trkpt lat="-3.63777054" lon="121.19411180"></trkpt>
  <trkpt lat="-3.63777054" lon="121.19404709"></trkpt>
  <trkpt lat="-3.63777054" lon="121.19398230"></trkpt>
  <trkpt lat="-3.63770583" lon="121.19385288"></trkpt>
  <trkpt lat="-3.63789995" lon="121.19365867"></trkpt>
  <trkpt lat="-3.63802945" lon="121.19352917"></trkpt>
  <trkpt lat="-3.63809416" lon="121.19339976"></trkpt>
  <trkpt lat="-3.63822358" lon="121.19320555"></trkpt>
  <trkpt lat="-3.63822358" lon="121.19314084"></trkpt>
  <trkpt lat="-3.63828837" lon="121.19314084"></trkpt>
  <trkpt lat="-3.63828837" lon="121.19301134"></trkpt>
  <trkpt lat="-3.63828837" lon="121.19314084"></trkpt>
  <trkpt lat="-3.63822358" lon="121.19314084"></trkpt>
  <trkpt lat="-3.63828837" lon="121.19314084"></trkpt>
  <trkpt lat="-3.63828837" lon="121.19320555"></trkpt>
  <trkpt lat="-3.63828837" lon="121.19314084"></trkpt>
  <trkpt lat="-3.63822358" lon="121.19314084"></trkpt>
  <trkpt lat="-3.63828837" lon="121.19314084"></trkpt>
  <trkpt lat="-3.63822358" lon="121.19314084"></trkpt>
  <trkpt lat="-3.63828837" lon="121.19314084"></trkpt>
  <trkpt lat="-3.63822358" lon="121.19314084"></trkpt>
  <trkpt lat="-3.63828837" lon="121.19314084"></trkpt>
  <trkpt lat="-3.63822358" lon="121.19314084"></trkpt>
  <trkpt lat="-3.63822358" lon="121.19307605"></trkpt>
  <trkpt lat="-3.63822358" lon="121.19301134"></trkpt>
  <trkpt lat="-3.63815887" lon="121.19294663"></trkpt>
  <trkpt lat="-3.63822358" lon="121.19281713"></trkpt>
  <trkpt lat="-3.63822358" lon="121.19268771"></trkpt>
  <trkpt lat="-3.63828837" lon="121.19255821"></trkpt>
  <trkpt lat="-3.63828837" lon="121.19249350"></trkpt>
  <trkpt lat="-3.63828837" lon="121.19242880"></trkpt>
  <trkpt lat="-3.63828837" lon="121.19229930"></trkpt>
  <trkpt lat="-3.63828837" lon="121.19223459"></trkpt>
  <trkpt lat="-3.63828837" lon="121.19216988"></trkpt>
  <trkpt lat="-3.63828837" lon="121.19210509"></trkpt>
  <trkpt lat="-3.63828837" lon="121.19197567"></trkpt>
  <trkpt lat="-3.63835308" lon="121.19191088"></trkpt>
  <trkpt lat="-3.63835308" lon="121.19184617"></trkpt>
  <trkpt lat="-3.63835308" lon="121.19178146"></trkpt>
  <trkpt lat="-3.63841779" lon="121.19171675"></trkpt>
  <trkpt lat="-3.63841779" lon="121.19165196"></trkpt>
  <trkpt lat="-3.63848249" lon="121.19158725"></trkpt>
  <trkpt lat="-3.63854720" lon="121.19152254"></trkpt>
  <trkpt lat="-3.63861191" lon="121.19145775"></trkpt>
  <trkpt lat="-3.63867670" lon="121.19145775"></trkpt>
  <trkpt lat="-3.63874141" lon="121.19139304"></trkpt>
  <trkpt lat="-3.63880612" lon="121.19139304"></trkpt>
  <trkpt lat="-3.63887083" lon="121.19132834"></trkpt>
  <trkpt lat="-3.63900033" lon="121.19119884"></trkpt>
  <trkpt lat="-3.63906504" lon="121.19113413"></trkpt>
  <trkpt lat="-3.63912974" lon="121.19106942"></trkpt>
  <trkpt lat="-3.63919445" lon="121.19100471"></trkpt>
  <trkpt lat="-3.63925916" lon="121.19093992"></trkpt>
  <trkpt lat="-3.63932395" lon="121.19081050"></trkpt>
  <trkpt lat="-3.63938866" lon="121.19081050"></trkpt>
  <trkpt lat="-3.63945337" lon="121.19068100"></trkpt>
  <trkpt lat="-3.63951808" lon="121.19061629"></trkpt>
  <trkpt lat="-3.63958279" lon="121.19055158"></trkpt>
  <trkpt lat="-3.63958279" lon="121.19048679"></trkpt>
  <trkpt lat="-3.63964758" lon="121.19042208"></trkpt>
  <trkpt lat="-3.63964758" lon="121.19035738"></trkpt>
  <trkpt lat="-3.63977700" lon="121.19016317"></trkpt>
  <trkpt lat="-3.63977700" lon="121.19003375"></trkpt>
  <trkpt lat="-3.63984170" lon="121.18990425"></trkpt>
  <trkpt lat="-3.63984170" lon="121.18983954"></trkpt>
  <trkpt lat="-3.63984170" lon="121.18977475"></trkpt>
  <trkpt lat="-3.63990641" lon="121.18971004"></trkpt>
  <trkpt lat="-3.63997112" lon="121.18951583"></trkpt>
  <trkpt lat="-3.64003591" lon="121.18945112"></trkpt>
  <trkpt lat="-3.64003591" lon="121.18932162"></trkpt>
  <trkpt lat="-3.64010062" lon="121.18919221"></trkpt>
  <trkpt lat="-3.64010062" lon="121.18906271"></trkpt>
  <trkpt lat="-3.64016533" lon="121.18899800"></trkpt>
  <trkpt lat="-3.64016533" lon="121.18893329"></trkpt>
  <trkpt lat="-3.64023004" lon="121.18886850"></trkpt>
  <trkpt lat="-3.64029475" lon="121.18880379"></trkpt>
  <trkpt lat="-3.64035954" lon="121.18860958"></trkpt>
  <trkpt lat="-3.64042425" lon="121.18848016"></trkpt>
  <trkpt lat="-3.64035954" lon="121.18841546"></trkpt>
  <trkpt lat="-3.64042425" lon="121.18841546"></trkpt>
  <trkpt lat="-3.64042425" lon="121.18835066"></trkpt>
  <trkpt lat="-3.64055366" lon="121.18822125"></trkpt>
  <trkpt lat="-3.64068316" lon="121.18822125"></trkpt>
  <trkpt lat="-3.64068316" lon="121.18815654"></trkpt>
  <trkpt lat="-3.64074787" lon="121.18802704"></trkpt>
  <trkpt lat="-3.64074787" lon="121.18789754"></trkpt>
  <trkpt lat="-3.64087729" lon="121.18776812"></trkpt>
  <trkpt lat="-3.64087729" lon="121.18770341"></trkpt>
  <trkpt lat="-3.64094200" lon="121.18763862"></trkpt>
  <trkpt lat="-3.64094200" lon="121.18757391"></trkpt>
  <trkpt lat="-3.64100679" lon="121.18750921"></trkpt>
  <trkpt lat="-3.64107150" lon="121.18744441"></trkpt>
  <trkpt lat="-3.64120091" lon="121.18737970"></trkpt>
  <trkpt lat="-3.64120091" lon="121.18731500"></trkpt>
  <trkpt lat="-3.64139512" lon="121.18725029"></trkpt>
  <trkpt lat="-3.64145983" lon="121.18712079"></trkpt>
  <trkpt lat="-3.64145983" lon="121.18705608"></trkpt>
  <trkpt lat="-3.64158925" lon="121.18692658"></trkpt>
  <trkpt lat="-3.64165395" lon="121.18686187"></trkpt>
  <trkpt lat="-3.64165395" lon="121.18679716"></trkpt>
  <trkpt lat="-3.64165395" lon="121.18673237"></trkpt>
  <trkpt lat="-3.64165395" lon="121.18666766"></trkpt>
  <trkpt lat="-3.64171875" lon="121.18660295"></trkpt>
  <trkpt lat="-3.64184816" lon="121.18653825"></trkpt>
  <trkpt lat="-3.64191287" lon="121.18647345"></trkpt>
  <trkpt lat="-3.64197758" lon="121.18640875"></trkpt>
  <trkpt lat="-3.64210708" lon="121.18627933"></trkpt>
  <trkpt lat="-3.64210708" lon="121.18621454"></trkpt>
  <trkpt lat="-3.64217179" lon="121.18608512"></trkpt>
  <trkpt lat="-3.64223650" lon="121.18602041"></trkpt>
  <trkpt lat="-3.64223650" lon="121.18595562"></trkpt>
  <trkpt lat="-3.64223650" lon="121.18589091"></trkpt>
  <trkpt lat="-3.64230121" lon="121.18569670"></trkpt>
  <trkpt lat="-3.64236600" lon="121.18556729"></trkpt>
  <trkpt lat="-3.64249541" lon="121.18543779"></trkpt>
  <trkpt lat="-3.64249541" lon="121.18530829"></trkpt>
  <trkpt lat="-3.64256012" lon="121.18517887"></trkpt>
  <trkpt lat="-3.64256012" lon="121.18504937"></trkpt>
  <trkpt lat="-3.64256012" lon="121.18485516"></trkpt>
  <trkpt lat="-3.64256012" lon="121.18472574"></trkpt>
  <trkpt lat="-3.64249541" lon="121.18472574"></trkpt>
  <trkpt lat="-3.64249541" lon="121.18466103"></trkpt>
  <trkpt lat="-3.64243071" lon="121.18466103"></trkpt>
  <trkpt lat="-3.64243071" lon="121.18459624"></trkpt>
  <trkpt lat="-3.64236600" lon="121.18453153"></trkpt>
  <trkpt lat="-3.64230121" lon="121.18453153"></trkpt>
  <trkpt lat="-3.64236600" lon="121.18440212"></trkpt>
  <trkpt lat="-3.64243071" lon="121.18440212"></trkpt>
  <trkpt lat="-3.64249541" lon="121.18440212"></trkpt>
  <trkpt lat="-3.64262483" lon="121.18440212"></trkpt>
  <trkpt lat="-3.64268954" lon="121.18440212"></trkpt>
  <trkpt lat="-3.64275433" lon="121.18440212"></trkpt>
  <trkpt lat="-3.64288375" lon="121.18440212"></trkpt>
  <trkpt lat="-3.64294846" lon="121.18440212"></trkpt>
  <trkpt lat="-3.64301325" lon="121.18433733"></trkpt>
  <trkpt lat="-3.64307796" lon="121.18433733"></trkpt>
  <trkpt lat="-3.64327208" lon="121.18427262"></trkpt>
  <trkpt lat="-3.64340158" lon="121.18420791"></trkpt>
  <trkpt lat="-3.64340158" lon="121.18407841"></trkpt>
  <trkpt lat="-3.64346629" lon="121.18401370"></trkpt>
  <trkpt lat="-3.64346629" lon="121.18394899"></trkpt>
  <trkpt lat="-3.64346629" lon="121.18388420"></trkpt>
  <trkpt lat="-3.64340158" lon="121.18388420"></trkpt>
  <trkpt lat="-3.64346629" lon="121.18381949"></trkpt>
  <trkpt lat="-3.64346629" lon="121.18369007"></trkpt>
  <trkpt lat="-3.64353100" lon="121.18356057"></trkpt>
  <trkpt lat="-3.64353100" lon="121.18343107"></trkpt>
  <trkpt lat="-3.64359571" lon="121.18336637"></trkpt>
  <trkpt lat="-3.64359571" lon="121.18323695"></trkpt>
  <trkpt lat="-3.64366041" lon="121.18317216"></trkpt>
  <trkpt lat="-3.64372521" lon="121.18310745"></trkpt>
  <trkpt lat="-3.64372521" lon="121.18304274"></trkpt>
  <trkpt lat="-3.64378992" lon="121.18297795"></trkpt>
  <trkpt lat="-3.64378992" lon="121.18291324"></trkpt>
  <trkpt lat="-3.64378992" lon="121.18284853"></trkpt>
  <trkpt lat="-3.64378992" lon="121.18278382"></trkpt>
  <trkpt lat="-3.64378992" lon="121.18271903"></trkpt>
  <trkpt lat="-3.64378992" lon="121.18252491"></trkpt>
  <trkpt lat="-3.64385462" lon="121.18239541"></trkpt>
  <trkpt lat="-3.64385462" lon="121.18233070"></trkpt>
  <trkpt lat="-3.64385462" lon="121.18226599"></trkpt>
  <trkpt lat="-3.64385462" lon="121.18220120"></trkpt>
  <trkpt lat="-3.64391933" lon="121.18213649"></trkpt>
  <trkpt lat="-3.64404875" lon="121.18200699"></trkpt>
  <trkpt lat="-3.64411354" lon="121.18194228"></trkpt>
  <trkpt lat="-3.64424296" lon="121.18187757"></trkpt>
  <trkpt lat="-3.64437246" lon="121.18174807"></trkpt>
  <trkpt lat="-3.64443717" lon="121.18168336"></trkpt>
  <trkpt lat="-3.64450187" lon="121.18155395"></trkpt>
  <trkpt lat="-3.64450187" lon="121.18142445"></trkpt>
  <trkpt lat="-3.64450187" lon="121.18129495"></trkpt>
  <trkpt lat="-3.64450187" lon="121.18123024"></trkpt>
  <trkpt lat="-3.64450187" lon="121.18110082"></trkpt>
  <trkpt lat="-3.64450187" lon="121.18103603"></trkpt>
  <trkpt lat="-3.64443717" lon="121.18090661"></trkpt>
  <trkpt lat="-3.64443717" lon="121.18077711"></trkpt>
  <trkpt lat="-3.64437246" lon="121.18064770"></trkpt>
  <trkpt lat="-3.64437246" lon="121.18051820"></trkpt>
  <trkpt lat="-3.64437246" lon="121.18038878"></trkpt>
  <trkpt lat="-3.64430767" lon="121.18019457"></trkpt>
  <trkpt lat="-3.64430767" lon="121.18012986"></trkpt>
  <trkpt lat="-3.64424296" lon="121.18006507"></trkpt>
  <trkpt lat="-3.64424296" lon="121.18000036"></trkpt>
  <trkpt lat="-3.64424296" lon="121.17993565"></trkpt>
  <trkpt lat="-3.64424296" lon="121.17980615"></trkpt>
  <trkpt lat="-3.64424296" lon="121.17974144"></trkpt>
  <trkpt lat="-3.64417825" lon="121.17961194"></trkpt>
  <trkpt lat="-3.64424296" lon="121.17941773"></trkpt>
  <trkpt lat="-3.64424296" lon="121.17935303"></trkpt>
  <trkpt lat="-3.64417825" lon="121.17922361"></trkpt>
  <trkpt lat="-3.64411354" lon="121.17915882"></trkpt>
  <trkpt lat="-3.64404875" lon="121.17909411"></trkpt>
  <trkpt lat="-3.64398404" lon="121.17896461"></trkpt>
  <trkpt lat="-3.64391933" lon="121.17889990"></trkpt>
  <trkpt lat="-3.64385462" lon="121.17877048"></trkpt>
  <trkpt lat="-3.64378992" lon="121.17870569"></trkpt>
  <trkpt lat="-3.64372521" lon="121.17864098"></trkpt>
  <trkpt lat="-3.64372521" lon="121.17851157"></trkpt>
  <trkpt lat="-3.64366041" lon="121.17851157"></trkpt>
  <trkpt lat="-3.64359571" lon="121.17844678"></trkpt>
  <trkpt lat="-3.64353100" lon="121.17838207"></trkpt>
  <trkpt lat="-3.64353100" lon="121.17825265"></trkpt>
  <trkpt lat="-3.64346629" lon="121.17818786"></trkpt>
  <trkpt lat="-3.64333679" lon="121.17812315"></trkpt>
  <trkpt lat="-3.64320737" lon="121.17799365"></trkpt>
  <trkpt lat="-3.64320737" lon="121.17792894"></trkpt>
  <trkpt lat="-3.64314266" lon="121.17786423"></trkpt>
  <trkpt lat="-3.64314266" lon="121.17779952"></trkpt>
  <trkpt lat="-3.64307796" lon="121.17767002"></trkpt>
  <trkpt lat="-3.64301325" lon="121.17767002"></trkpt>
  <trkpt lat="-3.64301325" lon="121.17754061"></trkpt>
  <trkpt lat="-3.64301325" lon="121.17747582"></trkpt>
  <trkpt lat="-3.64294846" lon="121.17741111"></trkpt>
  <trkpt lat="-3.64294846" lon="121.17734640"></trkpt>
  <trkpt lat="-3.64288375" lon="121.17721690"></trkpt>
  <trkpt lat="-3.64288375" lon="121.17715219"></trkpt>
  <trkpt lat="-3.64288375" lon="121.17702269"></trkpt>
  <trkpt lat="-3.64288375" lon="121.17695798"></trkpt>
  <trkpt lat="-3.64288375" lon="121.17682848"></trkpt>
  <trkpt lat="-3.64288375" lon="121.17676377"></trkpt>
  <trkpt lat="-3.64288375" lon="121.17669906"></trkpt>
  <trkpt lat="-3.64281904" lon="121.17663436"></trkpt>
  <trkpt lat="-3.64281904" lon="121.17656956"></trkpt>
  <trkpt lat="-3.64275433" lon="121.17644015"></trkpt>
  <trkpt lat="-3.64275433" lon="121.17637544"></trkpt>
  <trkpt lat="-3.64268954" lon="121.17631065"></trkpt>
  <trkpt lat="-3.64268954" lon="121.17624594"></trkpt>
  <trkpt lat="-3.64262483" lon="121.17624594"></trkpt>
  <trkpt lat="-3.64249541" lon="121.17618123"></trkpt>
  <trkpt lat="-3.64236600" lon="121.17605173"></trkpt>
  <trkpt lat="-3.64217179" lon="121.17592231"></trkpt>
  <trkpt lat="-3.64204237" lon="121.17579281"></trkpt>
  <trkpt lat="-3.64197758" lon="121.17566340"></trkpt>
  <trkpt lat="-3.64197758" lon="121.17559860"></trkpt>
  <trkpt lat="-3.64191287" lon="121.17553390"></trkpt>
  <trkpt lat="-3.64191287" lon="121.17540440"></trkpt>
  <trkpt lat="-3.64197758" lon="121.17533969"></trkpt>
  <trkpt lat="-3.64197758" lon="121.17521027"></trkpt>
  <trkpt lat="-3.64197758" lon="121.17514548"></trkpt>
  <trkpt lat="-3.64191287" lon="121.17514548"></trkpt>
  <trkpt lat="-3.64184816" lon="121.17514548"></trkpt>
  <trkpt lat="-3.64171875" lon="121.17495135"></trkpt>
  <trkpt lat="-3.64165395" lon="121.17495135"></trkpt>
  <trkpt lat="-3.64152454" lon="121.17488656"></trkpt>
  <trkpt lat="-3.64145983" lon="121.17482185"></trkpt>
  <trkpt lat="-3.64133033" lon="121.17475715"></trkpt>
  <trkpt lat="-3.64120091" lon="121.17475715"></trkpt>
  <trkpt lat="-3.64113620" lon="121.17475715"></trkpt>
  <trkpt lat="-3.64113620" lon="121.17482185"></trkpt>
  <trkpt lat="-3.64107150" lon="121.17482185"></trkpt>
  <trkpt lat="-3.64100679" lon="121.17475715"></trkpt>
  <trkpt lat="-3.64100679" lon="121.17469235"></trkpt>
  <trkpt lat="-3.64094200" lon="121.17449823"></trkpt>
  <trkpt lat="-3.64094200" lon="121.17436873"></trkpt>
  <trkpt lat="-3.64094200" lon="121.17430402"></trkpt>
  <trkpt lat="-3.64094200" lon="121.17417452"></trkpt>
  <trkpt lat="-3.64100679" lon="121.17404510"></trkpt>
  <trkpt lat="-3.64094200" lon="121.17391560"></trkpt>
  <trkpt lat="-3.64081258" lon="121.17391560"></trkpt>
  <trkpt lat="-3.64068316" lon="121.17391560"></trkpt>
  <trkpt lat="-3.64061837" lon="121.17391560"></trkpt>
  <trkpt lat="-3.64055366" lon="121.17391560"></trkpt>
  <trkpt lat="-3.64048895" lon="121.17391560"></trkpt>
  <trkpt lat="-3.64016533" lon="121.17391560"></trkpt>
  <trkpt lat="-3.64010062" lon="121.17385089"></trkpt>
  <trkpt lat="-3.63997112" lon="121.17385089"></trkpt>
  <trkpt lat="-3.63990641" lon="121.17385089"></trkpt>
  <trkpt lat="-3.63977700" lon="121.17372139"></trkpt>
  <trkpt lat="-3.63971229" lon="121.17365669"></trkpt>
  <trkpt lat="-3.63964758" lon="121.17352727"></trkpt>
  <trkpt lat="-3.63958279" lon="121.17346248"></trkpt>
  <trkpt lat="-3.63951808" lon="121.17346248"></trkpt>
  <trkpt lat="-3.63951808" lon="121.17339777"></trkpt>
  <trkpt lat="-3.63945337" lon="121.17346248"></trkpt>
  <trkpt lat="-3.63938866" lon="121.17339777"></trkpt>
  <trkpt lat="-3.63938866" lon="121.17333306"></trkpt>
  <trkpt lat="-3.63932395" lon="121.17326827"></trkpt>
  <trkpt lat="-3.63925916" lon="121.17326827"></trkpt>
  <trkpt lat="-3.63925916" lon="121.17320356"></trkpt>
  <trkpt lat="-3.63919445" lon="121.17320356"></trkpt>
  <trkpt lat="-3.63912974" lon="121.17313885"></trkpt>
  <trkpt lat="-3.63906504" lon="121.17307414"></trkpt>
  <trkpt lat="-3.63874141" lon="121.17294464"></trkpt>
  <trkpt lat="-3.63867670" lon="121.17294464"></trkpt>
  <trkpt lat="-3.63848249" lon="121.17300935"></trkpt>
  <trkpt lat="-3.63854720" lon="121.17307414"></trkpt>
  <trkpt lat="-3.63854720" lon="121.17300935"></trkpt>
  <trkpt lat="-3.63848249" lon="121.17300935"></trkpt>
  <trkpt lat="-3.63854720" lon="121.17300935"></trkpt>
  <trkpt lat="-3.63861191" lon="121.17294464"></trkpt>
  <trkpt lat="-3.63874141" lon="121.17275043"></trkpt>
  <trkpt lat="-3.63874141" lon="121.17268573"></trkpt>
  <trkpt lat="-3.63874141" lon="121.17262102"></trkpt>
  <trkpt lat="-3.63874141" lon="121.17255623"></trkpt>
  <trkpt lat="-3.63887083" lon="121.17229731"></trkpt>
  <trkpt lat="-3.63893554" lon="121.17229731"></trkpt>
  <trkpt lat="-3.63887083" lon="121.17223260"></trkpt>
  <trkpt lat="-3.63887083" lon="121.17210310"></trkpt>
  <trkpt lat="-3.63887083" lon="121.17197368"></trkpt>
  <trkpt lat="-3.63887083" lon="121.17184418"></trkpt>
  <trkpt lat="-3.63893554" lon="121.17171477"></trkpt>
  <trkpt lat="-3.63900033" lon="121.17158527"></trkpt>
  <trkpt lat="-3.63906504" lon="121.17152056"></trkpt>
  <trkpt lat="-3.63906504" lon="121.17145585"></trkpt>
  <trkpt lat="-3.63906504" lon="121.17132635"></trkpt>
  <trkpt lat="-3.63912974" lon="121.17119693"></trkpt>
  <trkpt lat="-3.63906504" lon="121.17113214"></trkpt>
  <trkpt lat="-3.63906504" lon="121.17100272"></trkpt>
  <trkpt lat="-3.63900033" lon="121.17087322"></trkpt>
  <trkpt lat="-3.63900033" lon="121.17074381"></trkpt>
  <trkpt lat="-3.63900033" lon="121.17067901"></trkpt>
  <trkpt lat="-3.63900033" lon="121.17054960"></trkpt>
  <trkpt lat="-3.63900033" lon="121.17042010"></trkpt>
  <trkpt lat="-3.63893554" lon="121.17035539"></trkpt>
  <trkpt lat="-3.63893554" lon="121.17022589"></trkpt>
  <trkpt lat="-3.63887083" lon="121.17016118"></trkpt>
  <trkpt lat="-3.63887083" lon="121.17003176"></trkpt>
  <trkpt lat="-3.63880612" lon="121.16996697"></trkpt>
  <trkpt lat="-3.63874141" lon="121.16990226"></trkpt>
  <trkpt lat="-3.63874141" lon="121.16996697"></trkpt>
  <trkpt lat="-3.63874141" lon="121.16983755"></trkpt>
  <trkpt lat="-3.63867670" lon="121.16977285"></trkpt>
  <trkpt lat="-3.63874141" lon="121.16970805"></trkpt>
  <trkpt lat="-3.63874141" lon="121.16957864"></trkpt>
  <trkpt lat="-3.63880612" lon="121.16951393"></trkpt>
  <trkpt lat="-3.63880612" lon="121.16944914"></trkpt>
  <trkpt lat="-3.63887083" lon="121.16944914"></trkpt>
  <trkpt lat="-3.63880612" lon="121.16938443"></trkpt>
  <trkpt lat="-3.63880612" lon="121.16944914"></trkpt>
  <trkpt lat="-3.63887083" lon="121.16944914"></trkpt>
  <trkpt lat="-3.63887083" lon="121.16951393"></trkpt>
  <trkpt lat="-3.63880612" lon="121.16944914"></trkpt>
  <trkpt lat="-3.63874141" lon="121.16938443"></trkpt>
  <trkpt lat="-3.63874141" lon="121.16931972"></trkpt>
  <trkpt lat="-3.63874141" lon="121.16925493"></trkpt>
  <trkpt lat="-3.63867670" lon="121.16925493"></trkpt>
  <trkpt lat="-3.63867670" lon="121.16919022"></trkpt>
  <trkpt lat="-3.63867670" lon="121.16912551"></trkpt>
  <trkpt lat="-3.63861191" lon="121.16906080"></trkpt>
  <trkpt lat="-3.63867670" lon="121.16899601"></trkpt>
  <trkpt lat="-3.63874141" lon="121.16893130"></trkpt>
  <trkpt lat="-3.63874141" lon="121.16886660"></trkpt>
  <trkpt lat="-3.63874141" lon="121.16854289"></trkpt>
  <trkpt lat="-3.63880612" lon="121.16841347"></trkpt>
  <trkpt lat="-3.63887083" lon="121.16834876"></trkpt>
  <trkpt lat="-3.63893554" lon="121.16828397"></trkpt>
  <trkpt lat="-3.63900033" lon="121.16821926"></trkpt>
  <trkpt lat="-3.63912974" lon="121.16821926"></trkpt>
  <trkpt lat="-3.63919445" lon="121.16808976"></trkpt>
  <trkpt lat="-3.63925916" lon="121.16802505"></trkpt>
  <trkpt lat="-3.63932395" lon="121.16789564"></trkpt>
  <trkpt lat="-3.63932395" lon="121.16783084"></trkpt>
  <trkpt lat="-3.63932395" lon="121.16776614"></trkpt>
  <trkpt lat="-3.63925916" lon="121.16776614"></trkpt>
  <trkpt lat="-3.63925916" lon="121.16763672"></trkpt>
  <trkpt lat="-3.63919445" lon="121.16763672"></trkpt>
  <trkpt lat="-3.63919445" lon="121.16757193"></trkpt>
  <trkpt lat="-3.63925916" lon="121.16750722"></trkpt>
  <trkpt lat="-3.63925916" lon="121.16737772"></trkpt>
  <trkpt lat="-3.63958279" lon="121.16673047"></trkpt>
  <trkpt lat="-3.63964758" lon="121.16666568"></trkpt>
  <trkpt lat="-3.63964758" lon="121.16660097"></trkpt>
  <trkpt lat="-3.63964758" lon="121.16653626"></trkpt>
  <trkpt lat="-3.63964758" lon="121.16647155"></trkpt>
  <trkpt lat="-3.63964758" lon="121.16640676"></trkpt>
  <trkpt lat="-3.63964758" lon="121.16634205"></trkpt>
  <trkpt lat="-3.63977700" lon="121.16627734"></trkpt>
  <trkpt lat="-3.63977700" lon="121.16621255"></trkpt>
  <trkpt lat="-3.63984170" lon="121.16614784"></trkpt>
  <trkpt lat="-3.63984170" lon="121.16608313"></trkpt>
  <trkpt lat="-3.63997112" lon="121.16595363"></trkpt>
  <trkpt lat="-3.63997112" lon="121.16588892"></trkpt>
  <trkpt lat="-3.63997112" lon="121.16582422"></trkpt>
  <trkpt lat="-3.64010062" lon="121.16563001"></trkpt>
  <trkpt lat="-3.64023004" lon="121.16550059"></trkpt>
  <trkpt lat="-3.64048895" lon="121.16530638"></trkpt>
  <trkpt lat="-3.64048895" lon="121.16524159"></trkpt>
  <trkpt lat="-3.64048895" lon="121.16517688"></trkpt>
  <trkpt lat="-3.64048895" lon="121.16504746"></trkpt>
  <trkpt lat="-3.64055366" lon="121.16498267"></trkpt>
  <trkpt lat="-3.64055366" lon="121.16485326"></trkpt>
  <trkpt lat="-3.64055366" lon="121.16478846"></trkpt>
  <trkpt lat="-3.64055366" lon="121.16472376"></trkpt>
  <trkpt lat="-3.64048895" lon="121.16472376"></trkpt>
  <trkpt lat="-3.64048895" lon="121.16465905"></trkpt>
  <trkpt lat="-3.64048895" lon="121.16459434"></trkpt>
  <trkpt lat="-3.64042425" lon="121.16446484"></trkpt>
  <trkpt lat="-3.64042425" lon="121.16440013"></trkpt>
  <trkpt lat="-3.64055366" lon="121.16388230"></trkpt>
  <trkpt lat="-3.64055366" lon="121.16394700"></trkpt>
  <trkpt lat="-3.64061837" lon="121.16394700"></trkpt>
  <trkpt lat="-3.64055366" lon="121.16394700"></trkpt>
  <trkpt lat="-3.64061837" lon="121.16394700"></trkpt>
  <trkpt lat="-3.64061837" lon="121.16388230"></trkpt>
  <trkpt lat="-3.64055366" lon="121.16388230"></trkpt>
  <trkpt lat="-3.64055366" lon="121.16381750"></trkpt>
  <trkpt lat="-3.64048895" lon="121.16375280"></trkpt>
  <trkpt lat="-3.64048895" lon="121.16362338"></trkpt>
  <trkpt lat="-3.64055366" lon="121.16362338"></trkpt>
  <trkpt lat="-3.64061837" lon="121.16355859"></trkpt>
  <trkpt lat="-3.64061837" lon="121.16342917"></trkpt>
  <trkpt lat="-3.64068316" lon="121.16342917"></trkpt>
  <trkpt lat="-3.64074787" lon="121.16336438"></trkpt>
  <trkpt lat="-3.64081258" lon="121.16329967"></trkpt>
  <trkpt lat="-3.64081258" lon="121.16317025"></trkpt>
  <trkpt lat="-3.64081258" lon="121.16310546"></trkpt>
  <trkpt lat="-3.64087729" lon="121.16291134"></trkpt>
  <trkpt lat="-3.64094200" lon="121.16278184"></trkpt>
  <trkpt lat="-3.64094200" lon="121.16265234"></trkpt>
  <trkpt lat="-3.64094200" lon="121.16245821"></trkpt>
  <trkpt lat="-3.64100679" lon="121.16232871"></trkpt>
  <trkpt lat="-3.64100679" lon="121.16226400"></trkpt>
  <trkpt lat="-3.64100679" lon="121.16206979"></trkpt>
  <trkpt lat="-3.64107150" lon="121.16206979"></trkpt>
  <trkpt lat="-3.64107150" lon="121.16194029"></trkpt>
  <trkpt lat="-3.64107150" lon="121.16181088"></trkpt>
  <trkpt lat="-3.64107150" lon="121.16174617"></trkpt>
  <trkpt lat="-3.64100679" lon="121.16168138"></trkpt>
  <trkpt lat="-3.64107150" lon="121.16161667"></trkpt>
  <trkpt lat="-3.64113620" lon="121.16148725"></trkpt>
  <trkpt lat="-3.64113620" lon="121.16142246"></trkpt>
  <trkpt lat="-3.64113620" lon="121.16129304"></trkpt>
  <trkpt lat="-3.64120091" lon="121.16116354"></trkpt>
  <trkpt lat="-3.64120091" lon="121.16096933"></trkpt>
  <trkpt lat="-3.64120091" lon="121.16090463"></trkpt>
  <trkpt lat="-3.64120091" lon="121.16077513"></trkpt>
  <trkpt lat="-3.64126562" lon="121.16064571"></trkpt>
  <trkpt lat="-3.64126562" lon="121.16051621"></trkpt>
  <trkpt lat="-3.64133033" lon="121.16045150"></trkpt>
  <trkpt lat="-3.64133033" lon="121.16032200"></trkpt>
  <trkpt lat="-3.64133033" lon="121.16012787"></trkpt>
  <trkpt lat="-3.64139512" lon="121.15999837"></trkpt>
  <trkpt lat="-3.64139512" lon="121.15993367"></trkpt>
  <trkpt lat="-3.64139512" lon="121.15980417"></trkpt>
  <trkpt lat="-3.64139512" lon="121.15967475"></trkpt>
  <trkpt lat="-3.64139512" lon="121.15961004"></trkpt>
  <trkpt lat="-3.64145983" lon="121.15941583"></trkpt>
  <trkpt lat="-3.64145983" lon="121.15928633"></trkpt>
  <trkpt lat="-3.64145983" lon="121.15915691"></trkpt>
  <trkpt lat="-3.64145983" lon="121.15909212"></trkpt>
  <trkpt lat="-3.64145983" lon="121.15902741"></trkpt>
  <trkpt lat="-3.64145983" lon="121.15889800"></trkpt>
  <trkpt lat="-3.64145983" lon="121.15876850"></trkpt>
  <trkpt lat="-3.64139512" lon="121.15863900"></trkpt>
  <trkpt lat="-3.64133033" lon="121.15857429"></trkpt>
  <trkpt lat="-3.64133033" lon="121.15844487"></trkpt>
  <trkpt lat="-3.64126562" lon="121.15831537"></trkpt>
  <trkpt lat="-3.64120091" lon="121.15825066"></trkpt>
  <trkpt lat="-3.64107150" lon="121.15812116"></trkpt>
  <trkpt lat="-3.64107150" lon="121.15805645"></trkpt>
  <trkpt lat="-3.64094200" lon="121.15779754"></trkpt>
  <trkpt lat="-3.64094200" lon="121.15773283"></trkpt>
  <trkpt lat="-3.64087729" lon="121.15766804"></trkpt>
  <trkpt lat="-3.64081258" lon="121.15766804"></trkpt>
  <trkpt lat="-3.64068316" lon="121.15760333"></trkpt>
  <trkpt lat="-3.64055366" lon="121.15747383"></trkpt>
  <trkpt lat="-3.64048895" lon="121.15740912"></trkpt>
  <trkpt lat="-3.64042425" lon="121.15727970"></trkpt>
  <trkpt lat="-3.64042425" lon="121.15721491"></trkpt>
  <trkpt lat="-3.64035954" lon="121.15702079"></trkpt>
  <trkpt lat="-3.64029475" lon="121.15695599"></trkpt>
  <trkpt lat="-3.64023004" lon="121.15669708"></trkpt>
  <trkpt lat="-3.64023004" lon="121.15663237"></trkpt>
  <trkpt lat="-3.64016533" lon="121.15656766"></trkpt>
  <trkpt lat="-3.64010062" lon="121.15643816"></trkpt>
  <trkpt lat="-3.64003591" lon="121.15630866"></trkpt>
  <trkpt lat="-3.63997112" lon="121.15617924"></trkpt>
  <trkpt lat="-3.63997112" lon="121.15598504"></trkpt>
  <trkpt lat="-3.63997112" lon="121.15592033"></trkpt>
  <trkpt lat="-3.63997112" lon="121.15585562"></trkpt>
  <trkpt lat="-3.63990641" lon="121.15579083"></trkpt>
  <trkpt lat="-3.63984170" lon="121.15566141"></trkpt>
  <trkpt lat="-3.63977700" lon="121.15559670"></trkpt>
  <trkpt lat="-3.63977700" lon="121.15546720"></trkpt>
  <trkpt lat="-3.63990641" lon="121.15514358"></trkpt>
  <trkpt lat="-3.64003591" lon="121.15507878"></trkpt>
  <trkpt lat="-3.64003591" lon="121.15501408"></trkpt>
  <trkpt lat="-3.64010062" lon="121.15495741"></trkpt>
  <trkpt lat="-3.64010062" lon="121.15489271"></trkpt>
  <trkpt lat="-3.64010062" lon="121.15463379"></trkpt>
  <trkpt lat="-3.64010062" lon="121.15450429"></trkpt>
  <trkpt lat="-3.64016533" lon="121.15437487"></trkpt>
  <trkpt lat="-3.64016533" lon="121.15418066"></trkpt>
  <trkpt lat="-3.64016533" lon="121.15405116"></trkpt>
  <trkpt lat="-3.64010062" lon="121.15385704"></trkpt>
  <trkpt lat="-3.64010062" lon="121.15379225"></trkpt>
  <trkpt lat="-3.64003591" lon="121.15366283"></trkpt>
  <trkpt lat="-3.64003591" lon="121.15346862"></trkpt>
  <trkpt lat="-3.64003591" lon="121.15333912"></trkpt>
  <trkpt lat="-3.64003591" lon="121.15320970"></trkpt>
  <trkpt lat="-3.64010062" lon="121.15295079"></trkpt>
  <trkpt lat="-3.64010062" lon="121.15288608"></trkpt>
  <trkpt lat="-3.64010062" lon="121.15275658"></trkpt>
  <trkpt lat="-3.64016533" lon="121.15269187"></trkpt>
  <trkpt lat="-3.64010062" lon="121.15256237"></trkpt>
  <trkpt lat="-3.64003591" lon="121.15243295"></trkpt>
  <trkpt lat="-3.64010062" lon="121.15230345"></trkpt>
  <trkpt lat="-3.64010062" lon="121.15217395"></trkpt>
  <trkpt lat="-3.64010062" lon="121.15204453"></trkpt>
  <trkpt lat="-3.64010062" lon="121.15191503"></trkpt>
  <trkpt lat="-3.64010062" lon="121.15178562"></trkpt>
  <trkpt lat="-3.64016533" lon="121.15172091"></trkpt>
  <trkpt lat="-3.64010062" lon="121.15159141"></trkpt>
  <trkpt lat="-3.64010062" lon="121.15146191"></trkpt>
  <trkpt lat="-3.64010062" lon="121.15133249"></trkpt>
  <trkpt lat="-3.64010062" lon="121.15126778"></trkpt>
  <trkpt lat="-3.64010062" lon="121.15120299"></trkpt>
  <trkpt lat="-3.64016533" lon="121.15100887"></trkpt>
  <trkpt lat="-3.64016533" lon="121.15094407"></trkpt>
  <trkpt lat="-3.64010062" lon="121.15081466"></trkpt>
  <trkpt lat="-3.64010062" lon="121.15062045"></trkpt>
  <trkpt lat="-3.64010062" lon="121.15055574"></trkpt>
  <trkpt lat="-3.64003591" lon="121.15042624"></trkpt>
  <trkpt lat="-3.64003591" lon="121.15036153"></trkpt>
  <trkpt lat="-3.63997112" lon="121.15029682"></trkpt>
  <trkpt lat="-3.63997112" lon="121.15023203"></trkpt>
  <trkpt lat="-3.63997112" lon="121.15010262"></trkpt>
  <trkpt lat="-3.63997112" lon="121.14997311"></trkpt>
  <trkpt lat="-3.63997112" lon="121.14984370"></trkpt>
  <trkpt lat="-3.63997112" lon="121.14971420"></trkpt>
  <trkpt lat="-3.63997112" lon="121.14964949"></trkpt>
  <trkpt lat="-3.63997112" lon="121.14958478"></trkpt>
  <trkpt lat="-3.63984170" lon="121.14939057"></trkpt>
  <trkpt lat="-3.63977700" lon="121.14932578"></trkpt>
  <trkpt lat="-3.63971229" lon="121.14932578"></trkpt>
  <trkpt lat="-3.63977700" lon="121.14913166"></trkpt>
  <trkpt lat="-3.63984170" lon="121.14906686"></trkpt>
  <trkpt lat="-3.63990641" lon="121.14893745"></trkpt>
  <trkpt lat="-3.63997112" lon="121.14880795"></trkpt>
  <trkpt lat="-3.64003591" lon="121.14867853"></trkpt>
  <trkpt lat="-3.64003591" lon="121.14848432"></trkpt>
  <trkpt lat="-3.64003591" lon="121.14841961"></trkpt>
  <trkpt lat="-3.64003591" lon="121.14835482"></trkpt>
  <trkpt lat="-3.64003591" lon="121.14822540"></trkpt>
  <trkpt lat="-3.64003591" lon="121.14816061"></trkpt>
  <trkpt lat="-3.64003591" lon="121.14803120"></trkpt>
  <trkpt lat="-3.64010062" lon="121.14790170"></trkpt>
  <trkpt lat="-3.64010062" lon="121.14783699"></trkpt>
  <trkpt lat="-3.64023004" lon="121.14757807"></trkpt>
  <trkpt lat="-3.64023004" lon="121.14751336"></trkpt>
  <trkpt lat="-3.64029475" lon="121.14731915"></trkpt>
  <trkpt lat="-3.64035954" lon="121.14731915"></trkpt>
  <trkpt lat="-3.64042425" lon="121.14718965"></trkpt>
  <trkpt lat="-3.64048895" lon="121.14712494"></trkpt>
  <trkpt lat="-3.64048895" lon="121.14706024"></trkpt>
  <trkpt lat="-3.64048895" lon="121.14699553"></trkpt>
  <trkpt lat="-3.64055366" lon="121.14693074"></trkpt>
  <trkpt lat="-3.64061837" lon="121.14673653"></trkpt>
  <trkpt lat="-3.64061837" lon="121.14660711"></trkpt>
  <trkpt lat="-3.64068316" lon="121.14641290"></trkpt>
  <trkpt lat="-3.64074787" lon="121.14641290"></trkpt>
  <trkpt lat="-3.64081258" lon="121.14628348"></trkpt>
  <trkpt lat="-3.64081258" lon="121.14615398"></trkpt>
  <trkpt lat="-3.64081258" lon="121.14608928"></trkpt>
  <trkpt lat="-3.64074787" lon="121.14602448"></trkpt>
  <trkpt lat="-3.64074787" lon="121.14583036"></trkpt>
  <trkpt lat="-3.64068316" lon="121.14570086"></trkpt>
  <trkpt lat="-3.64061837" lon="121.14557136"></trkpt>
  <trkpt lat="-3.64055366" lon="121.14550665"></trkpt>
  <trkpt lat="-3.64048895" lon="121.14544194"></trkpt>
  <trkpt lat="-3.64042425" lon="121.14531244"></trkpt>
  <trkpt lat="-3.64035954" lon="121.14524773"></trkpt>
  <trkpt lat="-3.64023004" lon="121.14498882"></trkpt>
  <trkpt lat="-3.64023004" lon="121.14492411"></trkpt>
  <trkpt lat="-3.64029475" lon="121.14479461"></trkpt>
  <trkpt lat="-3.64029475" lon="121.14472990"></trkpt>
  <trkpt lat="-3.64035954" lon="121.14460040"></trkpt>
  <trkpt lat="-3.64035954" lon="121.14447098"></trkpt>
  <trkpt lat="-3.64035954" lon="121.14427677"></trkpt>
  <trkpt lat="-3.64035954" lon="121.14421207"></trkpt>
  <trkpt lat="-3.64042425" lon="121.14414727"></trkpt>
  <trkpt lat="-3.64048895" lon="121.14408256"></trkpt>
  <trkpt lat="-3.64055366" lon="121.14401786"></trkpt>
  <trkpt lat="-3.64068316" lon="121.14395315"></trkpt>
  <trkpt lat="-3.64074787" lon="121.14382365"></trkpt>
  <trkpt lat="-3.64087729" lon="121.14375894"></trkpt>
  <trkpt lat="-3.64100679" lon="121.14369423"></trkpt>
  <trkpt lat="-3.64113620" lon="121.14362944"></trkpt>
  <trkpt lat="-3.64113620" lon="121.14356473"></trkpt>
  <trkpt lat="-3.64120091" lon="121.14343523"></trkpt>
  <trkpt lat="-3.64126562" lon="121.14330581"></trkpt>
  <trkpt lat="-3.64126562" lon="121.14311161"></trkpt>
  <trkpt lat="-3.64126562" lon="121.14298219"></trkpt>
  <trkpt lat="-3.64126562" lon="121.14278798"></trkpt>
  <trkpt lat="-3.64120091" lon="121.14252906"></trkpt>
  <trkpt lat="-3.64120091" lon="121.14246427"></trkpt>
  <trkpt lat="-3.64120091" lon="121.14233485"></trkpt>
  <trkpt lat="-3.64120091" lon="121.14227015"></trkpt>
  <trkpt lat="-3.64126562" lon="121.14214065"></trkpt>
  <trkpt lat="-3.64126562" lon="121.14194644"></trkpt>
  <trkpt lat="-3.64126562" lon="121.14188173"></trkpt>
  <trkpt lat="-3.64120091" lon="121.14181702"></trkpt>
  <trkpt lat="-3.64120091" lon="121.14168752"></trkpt>
  <trkpt lat="-3.64120091" lon="121.14149331"></trkpt>
  <trkpt lat="-3.64120091" lon="121.14142860"></trkpt>
  <trkpt lat="-3.64113620" lon="121.14129910"></trkpt>
  <trkpt lat="-3.64107150" lon="121.14104019"></trkpt>
  <trkpt lat="-3.64107150" lon="121.14091077"></trkpt>
  <trkpt lat="-3.64107150" lon="121.14071656"></trkpt>
  <trkpt lat="-3.64100679" lon="121.14058706"></trkpt>
  <trkpt lat="-3.64094200" lon="121.14045764"></trkpt>
  <trkpt lat="-3.64087729" lon="121.14039293"></trkpt>
  <trkpt lat="-3.64081258" lon="121.14013393"></trkpt>
  <trkpt lat="-3.64081258" lon="121.14000452"></trkpt>
  <trkpt lat="-3.64068316" lon="121.13993981"></trkpt>
  <trkpt lat="-3.64068316" lon="121.13974560"></trkpt>
  <trkpt lat="-3.64061837" lon="121.13968081"></trkpt>
  <trkpt lat="-3.64055366" lon="121.13961610"></trkpt>
  <trkpt lat="-3.64048895" lon="121.13948668"></trkpt>
  <trkpt lat="-3.64048895" lon="121.13929247"></trkpt>
  <trkpt lat="-3.64055366" lon="121.13916297"></trkpt>
  <trkpt lat="-3.64048895" lon="121.13916297"></trkpt>
  <trkpt lat="-3.64055366" lon="121.13903356"></trkpt>
  <trkpt lat="-3.64068316" lon="121.13890406"></trkpt>
  <trkpt lat="-3.64068316" lon="121.13877464"></trkpt>
  <trkpt lat="-3.64081258" lon="121.13851572"></trkpt>
  <trkpt lat="-3.64081258" lon="121.13838622"></trkpt>
  <trkpt lat="-3.64081258" lon="121.13825681"></trkpt>
  <trkpt lat="-3.64087729" lon="121.13812731"></trkpt>
  <trkpt lat="-3.64087729" lon="121.13806260"></trkpt>
  <trkpt lat="-3.64087729" lon="121.13799781"></trkpt>
  <trkpt lat="-3.64081258" lon="121.13786839"></trkpt>
  <trkpt lat="-3.64087729" lon="121.13780368"></trkpt>
  <trkpt lat="-3.64100679" lon="121.13747997"></trkpt>
  <trkpt lat="-3.64120091" lon="121.13741526"></trkpt>
  <trkpt lat="-3.64133033" lon="121.13741526"></trkpt>
  <trkpt lat="-3.64145983" lon="121.13735056"></trkpt>
  <trkpt lat="-3.64158925" lon="121.13728576"></trkpt>
  <trkpt lat="-3.64171875" lon="121.13728576"></trkpt>
  <trkpt lat="-3.64178346" lon="121.13722106"></trkpt>
  <trkpt lat="-3.64184816" lon="121.13715635"></trkpt>
  <trkpt lat="-3.64191287" lon="121.13702685"></trkpt>
  <trkpt lat="-3.64204237" lon="121.13683272"></trkpt>
  <trkpt lat="-3.64210708" lon="121.13676793"></trkpt>
  <trkpt lat="-3.64210708" lon="121.13670322"></trkpt>
  <trkpt lat="-3.64217179" lon="121.13657372"></trkpt>
  <trkpt lat="-3.64217179" lon="121.13644430"></trkpt>
  <trkpt lat="-3.64217179" lon="121.13637960"></trkpt>
  <trkpt lat="-3.64223650" lon="121.13612060"></trkpt>
  <trkpt lat="-3.64230121" lon="121.13592647"></trkpt>
  <trkpt lat="-3.64236600" lon="121.13573226"></trkpt>
  <trkpt lat="-3.64236600" lon="121.13560276"></trkpt>
  <trkpt lat="-3.64243071" lon="121.13553805"></trkpt>
  <trkpt lat="-3.64249541" lon="121.13547334"></trkpt>
  <trkpt lat="-3.64256012" lon="121.13540855"></trkpt>
  <trkpt lat="-3.64262483" lon="121.13534384"></trkpt>
  <trkpt lat="-3.64268954" lon="121.13521443"></trkpt>
  <trkpt lat="-3.64275433" lon="121.13495551"></trkpt>
  <trkpt lat="-3.64268954" lon="121.13489072"></trkpt>
  <trkpt lat="-3.64268954" lon="121.13482601"></trkpt>
  <trkpt lat="-3.64262483" lon="121.13469651"></trkpt>
  <trkpt lat="-3.64262483" lon="121.13456709"></trkpt>
  <trkpt lat="-3.64268954" lon="121.13443759"></trkpt>
  <trkpt lat="-3.64268954" lon="121.13437288"></trkpt>
  <trkpt lat="-3.64275433" lon="121.13430818"></trkpt>
  <trkpt lat="-3.64268954" lon="121.13437288"></trkpt>
  <trkpt lat="-3.64268954" lon="121.13430818"></trkpt>
  <trkpt lat="-3.64262483" lon="121.13424347"></trkpt>
  <trkpt lat="-3.64262483" lon="121.13411397"></trkpt>
  <trkpt lat="-3.64262483" lon="121.13404926"></trkpt>
  <trkpt lat="-3.64268954" lon="121.13385505"></trkpt>
  <trkpt lat="-3.64275433" lon="121.13379034"></trkpt>
  <trkpt lat="-3.64281904" lon="121.13372555"></trkpt>
  <trkpt lat="-3.64288375" lon="121.13366084"></trkpt>
  <trkpt lat="-3.64294846" lon="121.13359613"></trkpt>
  <trkpt lat="-3.64301325" lon="121.13346663"></trkpt>
  <trkpt lat="-3.64307796" lon="121.13346663"></trkpt>
  <trkpt lat="-3.64307796" lon="121.13333722"></trkpt>
  <trkpt lat="-3.64307796" lon="121.13327242"></trkpt>
  <trkpt lat="-3.64307796" lon="121.13314301"></trkpt>
  <trkpt lat="-3.64307796" lon="121.13307830"></trkpt>
  <trkpt lat="-3.64307796" lon="121.13301351"></trkpt>
  <trkpt lat="-3.64301325" lon="121.13281930"></trkpt>
  <trkpt lat="-3.64301325" lon="121.13275459"></trkpt>
  <trkpt lat="-3.64307796" lon="121.13236626"></trkpt>
  <trkpt lat="-3.64307796" lon="121.13230146"></trkpt>
  <trkpt lat="-3.64307796" lon="121.13223676"></trkpt>
  <trkpt lat="-3.64307796" lon="121.13217205"></trkpt>
  <trkpt lat="-3.64307796" lon="121.13210726"></trkpt>
  <trkpt lat="-3.64307796" lon="121.13204255"></trkpt>
  <trkpt lat="-3.64307796" lon="121.13184834"></trkpt>
  <trkpt lat="-3.64314266" lon="121.13171892"></trkpt>
  <trkpt lat="-3.64314266" lon="121.13158942"></trkpt>
  <trkpt lat="-3.64314266" lon="121.13146001"></trkpt>
  <trkpt lat="-3.64314266" lon="121.13133051"></trkpt>
  <trkpt lat="-3.64314266" lon="121.13120109"></trkpt>
  <trkpt lat="-3.64307796" lon="121.13120109"></trkpt>
  <trkpt lat="-3.64307796" lon="121.13113630"></trkpt>
  <trkpt lat="-3.64307796" lon="121.13107159"></trkpt>
  <trkpt lat="-3.64294846" lon="121.13100688"></trkpt>
  <trkpt lat="-3.64294846" lon="121.13087738"></trkpt>
  <trkpt lat="-3.64288375" lon="121.13087738"></trkpt>
  <trkpt lat="-3.64288375" lon="121.13081267"></trkpt>
  <trkpt lat="-3.64288375" lon="121.13074796"></trkpt>
  <trkpt lat="-3.64288375" lon="121.13068317"></trkpt>
  <trkpt lat="-3.64301325" lon="121.13035955"></trkpt>
  <trkpt lat="-3.64301325" lon="121.13010063"></trkpt>
  <trkpt lat="-3.64301325" lon="121.13003592"></trkpt>
  <trkpt lat="-3.64314266" lon="121.12990642"></trkpt>
  <trkpt lat="-3.64320737" lon="121.12977700"></trkpt>
  <trkpt lat="-3.64327208" lon="121.12971221"></trkpt>
  <trkpt lat="-3.64327208" lon="121.12951800"></trkpt>
  <trkpt lat="-3.64320737" lon="121.12932388"></trkpt>
  <trkpt lat="-3.64320737" lon="121.12925909"></trkpt>
  <trkpt lat="-3.64307796" lon="121.12906496"></trkpt>
  <trkpt lat="-3.64307796" lon="121.12893546"></trkpt>
  <trkpt lat="-3.64301325" lon="121.12874125"></trkpt>
  <trkpt lat="-3.64301325" lon="121.12861183"></trkpt>
  <trkpt lat="-3.64307796" lon="121.12854704"></trkpt>
  <trkpt lat="-3.64301325" lon="121.12841763"></trkpt>
  <trkpt lat="-3.64294846" lon="121.12835292"></trkpt>
  <trkpt lat="-3.64294846" lon="121.12828813"></trkpt>
  <trkpt lat="-3.64288375" lon="121.12828813"></trkpt>
  <trkpt lat="-3.64281904" lon="121.12828813"></trkpt>
  <trkpt lat="-3.64281904" lon="121.12822342"></trkpt>
  <trkpt lat="-3.64281904" lon="121.12815871"></trkpt>
  <trkpt lat="-3.64288375" lon="121.12809392"></trkpt>
  <trkpt lat="-3.64294846" lon="121.12802921"></trkpt>
  <trkpt lat="-3.64314266" lon="121.12777029"></trkpt>
  <trkpt lat="-3.64327208" lon="121.12783500"></trkpt>
  <trkpt lat="-3.64340158" lon="121.12783500"></trkpt>
  <trkpt lat="-3.64346629" lon="121.12789979"></trkpt>
  <trkpt lat="-3.64359571" lon="121.12789979"></trkpt>
  <trkpt lat="-3.64378992" lon="121.12789979"></trkpt>
  <trkpt lat="-3.64391933" lon="121.12789979"></trkpt>
  <trkpt lat="-3.64404875" lon="121.12783500"></trkpt>
  <trkpt lat="-3.64411354" lon="121.12777029"></trkpt>
  <trkpt lat="-3.64417825" lon="121.12770558"></trkpt>
  <trkpt lat="-3.64417825" lon="121.12757608"></trkpt>
  <trkpt lat="-3.64417825" lon="121.12751137"></trkpt>
  <trkpt lat="-3.64417825" lon="121.12744667"></trkpt>
  <trkpt lat="-3.64417825" lon="121.12731717"></trkpt>
  <trkpt lat="-3.64424296" lon="121.12725246"></trkpt>
  <trkpt lat="-3.64417825" lon="121.12705825"></trkpt>
  <trkpt lat="-3.64417825" lon="121.12686404"></trkpt>
  <trkpt lat="-3.64417825" lon="121.12679933"></trkpt>
  <trkpt lat="-3.64424296" lon="121.12647571"></trkpt>
  <trkpt lat="-3.64430767" lon="121.12641091"></trkpt>
  <trkpt lat="-3.64430767" lon="121.12628150"></trkpt>
  <trkpt lat="-3.64437246" lon="121.12628150"></trkpt>
  <trkpt lat="-3.64437246" lon="121.12621679"></trkpt>
  <trkpt lat="-3.64430767" lon="121.12621679"></trkpt>
  <trkpt lat="-3.64430767" lon="121.12615200"></trkpt>
  <trkpt lat="-3.64424296" lon="121.12615200"></trkpt>
  <trkpt lat="-3.64424296" lon="121.12608729"></trkpt>
  <trkpt lat="-3.64430767" lon="121.12608729"></trkpt>
  <trkpt lat="-3.64437246" lon="121.12608729"></trkpt>
  <trkpt lat="-3.64443717" lon="121.12608729"></trkpt>
  <trkpt lat="-3.64450187" lon="121.12602258"></trkpt>
  <trkpt lat="-3.64456658" lon="121.12602258"></trkpt>
  <trkpt lat="-3.64463129" lon="121.12602258"></trkpt>
  <trkpt lat="-3.64495492" lon="121.12582837"></trkpt>
  <trkpt lat="-3.64501962" lon="121.12576366"></trkpt>
  <trkpt lat="-3.64508442" lon="121.12569887"></trkpt>
  <trkpt lat="-3.64514912" lon="121.12569887"></trkpt>
  <trkpt lat="-3.64527854" lon="121.12563416"></trkpt>
  <trkpt lat="-3.64540804" lon="121.12556946"></trkpt>
  <trkpt lat="-3.64547275" lon="121.12550466"></trkpt>
  <trkpt lat="-3.64560217" lon="121.12531054"></trkpt>
  <trkpt lat="-3.64573167" lon="121.12531054"></trkpt>
  <trkpt lat="-3.64579638" lon="121.12524575"></trkpt>
  <trkpt lat="-3.64592579" lon="121.12511633"></trkpt>
  <trkpt lat="-3.64605521" lon="121.12498683"></trkpt>
  <trkpt lat="-3.64612000" lon="121.12485741"></trkpt>
  <trkpt lat="-3.64612000" lon="121.12479262"></trkpt>
  <trkpt lat="-3.64612000" lon="121.12472791"></trkpt>
  <trkpt lat="-3.64618471" lon="121.12453370"></trkpt>
  <trkpt lat="-3.64624942" lon="121.12446900"></trkpt>
  <trkpt lat="-3.64624942" lon="121.12427479"></trkpt>
  <trkpt lat="-3.64631413" lon="121.12427479"></trkpt>
  <trkpt lat="-3.64631413" lon="121.12421008"></trkpt>
  <trkpt lat="-3.64637883" lon="121.12414537"></trkpt>
  <trkpt lat="-3.64650833" lon="121.12408058"></trkpt>
  <trkpt lat="-3.64657304" lon="121.12388645"></trkpt>
  <trkpt lat="-3.64670246" lon="121.12382166"></trkpt>
  <trkpt lat="-3.64670246" lon="121.12375695"></trkpt>
  <trkpt lat="-3.64676725" lon="121.12375695"></trkpt>
  <trkpt lat="-3.64676725" lon="121.12369224"></trkpt>
  <trkpt lat="-3.64676725" lon="121.12362754"></trkpt>
  <trkpt lat="-3.64676725" lon="121.12343333"></trkpt>
  <trkpt lat="-3.64683196" lon="121.12317441"></trkpt>
  <trkpt lat="-3.64683196" lon="121.12304491"></trkpt>
  <trkpt lat="-3.64676725" lon="121.12291541"></trkpt>
  <trkpt lat="-3.64670246" lon="121.12278599"></trkpt>
  <trkpt lat="-3.64670246" lon="121.12272128"></trkpt>
  <trkpt lat="-3.64663775" lon="121.12272128"></trkpt>
  <trkpt lat="-3.64663775" lon="121.12265649"></trkpt>
  <trkpt lat="-3.64657304" lon="121.12252708"></trkpt>
  <trkpt lat="-3.64650833" lon="121.12246237"></trkpt>
  <trkpt lat="-3.64650833" lon="121.12233287"></trkpt>
  <trkpt lat="-3.64650833" lon="121.12220345"></trkpt>
  <trkpt lat="-3.64650833" lon="121.12213866"></trkpt>
  <trkpt lat="-3.64657304" lon="121.12200924"></trkpt>
  <trkpt lat="-3.64663775" lon="121.12194445"></trkpt>
  <trkpt lat="-3.64670246" lon="121.12175032"></trkpt>
  <trkpt lat="-3.64676725" lon="121.12162082"></trkpt>
  <trkpt lat="-3.64683196" lon="121.12149132"></trkpt>
  <trkpt lat="-3.64689667" lon="121.12142662"></trkpt>
  <trkpt lat="-3.64702608" lon="121.12123241"></trkpt>
  <trkpt lat="-3.64709088" lon="121.12110299"></trkpt>
  <trkpt lat="-3.64709088" lon="121.12103820"></trkpt>
  <trkpt lat="-3.64715558" lon="121.12084407"></trkpt>
  <trkpt lat="-3.64722029" lon="121.12064986"></trkpt>
  <trkpt lat="-3.64728500" lon="121.12058516"></trkpt>
  <trkpt lat="-3.64728500" lon="121.12052036"></trkpt>
  <trkpt lat="-3.64734971" lon="121.12039095"></trkpt>
  <trkpt lat="-3.64734971" lon="121.12032624"></trkpt>
  <trkpt lat="-3.64734971" lon="121.12019674"></trkpt>
  <trkpt lat="-3.64728500" lon="121.12000253"></trkpt>
  <trkpt lat="-3.64734971" lon="121.11987311"></trkpt>
  <trkpt lat="-3.64741450" lon="121.11974361"></trkpt>
  <trkpt lat="-3.64747921" lon="121.11967891"></trkpt>
  <trkpt lat="-3.64760863" lon="121.11954940"></trkpt>
  <trkpt lat="-3.64760863" lon="121.11948470"></trkpt>
  <trkpt lat="-3.64760863" lon="121.11941999"></trkpt>
  <trkpt lat="-3.64760863" lon="121.11935520"></trkpt>
  <trkpt lat="-3.64767333" lon="121.11935520"></trkpt>
  <trkpt lat="-3.64767333" lon="121.11929049"></trkpt>
  <trkpt lat="-3.64780284" lon="121.11916107"></trkpt>
  <trkpt lat="-3.64799696" lon="121.11909628"></trkpt>
  <trkpt lat="-3.64799696" lon="121.11896686"></trkpt>
  <trkpt lat="-3.64806167" lon="121.11890207"></trkpt>
  <trkpt lat="-3.64819117" lon="121.11890207"></trkpt>
  <trkpt lat="-3.64832059" lon="121.11890207"></trkpt>
  <trkpt lat="-3.64838529" lon="121.11877265"></trkpt>
  <trkpt lat="-3.64845009" lon="121.11870795"></trkpt>
  <trkpt lat="-3.64851479" lon="121.11857845"></trkpt>
  <trkpt lat="-3.64864421" lon="121.11851374"></trkpt>
  <trkpt lat="-3.64870892" lon="121.11851374"></trkpt>
  <trkpt lat="-3.64890313" lon="121.11831953"></trkpt>
  <trkpt lat="-3.64909725" lon="121.11825482"></trkpt>
  <trkpt lat="-3.64916204" lon="121.11819011"></trkpt>
  <trkpt lat="-3.64922675" lon="121.11812532"></trkpt>
  <trkpt lat="-3.64929146" lon="121.11806061"></trkpt>
  <trkpt lat="-3.64942088" lon="121.11799590"></trkpt>
  <trkpt lat="-3.64948567" lon="121.11793111"></trkpt>
  <trkpt lat="-3.64948567" lon="121.11780169"></trkpt>
  <trkpt lat="-3.64942088" lon="121.11773699"></trkpt>
  <trkpt lat="-3.64948567" lon="121.11760749"></trkpt>
  <trkpt lat="-3.64948567" lon="121.11754278"></trkpt>
  <trkpt lat="-3.64955038" lon="121.11747799"></trkpt>
  <trkpt lat="-3.64955038" lon="121.11728386"></trkpt>
  <trkpt lat="-3.64955038" lon="121.11721907"></trkpt>
  <trkpt lat="-3.64955038" lon="121.11715436"></trkpt>
  <trkpt lat="-3.64948567" lon="121.11696015"></trkpt>
  <trkpt lat="-3.64948567" lon="121.11670123"></trkpt>
  <trkpt lat="-3.64942088" lon="121.11657182"></trkpt>
  <trkpt lat="-3.64935617" lon="121.11644232"></trkpt>
  <trkpt lat="-3.64935617" lon="121.11631290"></trkpt>
  <trkpt lat="-3.64929146" lon="121.11631290"></trkpt>
  <trkpt lat="-3.64929146" lon="121.11624811"></trkpt>
  <trkpt lat="-3.64929146" lon="121.11605390"></trkpt>
  <trkpt lat="-3.64929146" lon="121.11592448"></trkpt>
  <trkpt lat="-3.64935617" lon="121.11579498"></trkpt>
  <trkpt lat="-3.64935617" lon="121.11573027"></trkpt>
  <trkpt lat="-3.64942088" lon="121.11566557"></trkpt>
  <trkpt lat="-3.64948567" lon="121.11553607"></trkpt>
  <trkpt lat="-3.64955038" lon="121.11553607"></trkpt>
  <trkpt lat="-3.64961509" lon="121.11547136"></trkpt>
  <trkpt lat="-3.64967979" lon="121.11547136"></trkpt>
  <trkpt lat="-3.64974450" lon="121.11547136"></trkpt>
  <trkpt lat="-3.64980930" lon="121.11540665"></trkpt>
  <trkpt lat="-3.64987400" lon="121.11540665"></trkpt>
  <trkpt lat="-3.65000342" lon="121.11540665"></trkpt>
  <trkpt lat="-3.65013292" lon="121.11540665"></trkpt>
  <trkpt lat="-3.65019763" lon="121.11540665"></trkpt>
  <trkpt lat="-3.65026234" lon="121.11540665"></trkpt>
  <trkpt lat="-3.65032705" lon="121.11534186"></trkpt>
  <trkpt lat="-3.65071538" lon="121.11521244"></trkpt>
  <trkpt lat="-3.65078009" lon="121.11521244"></trkpt>
  <trkpt lat="-3.65090959" lon="121.11514773"></trkpt>
  <trkpt lat="-3.65097430" lon="121.11514773"></trkpt>
  <trkpt lat="-3.65097430" lon="121.11508294"></trkpt>
  <trkpt lat="-3.65103900" lon="121.11495352"></trkpt>
  <trkpt lat="-3.65110371" lon="121.11488873"></trkpt>
  <trkpt lat="-3.65116850" lon="121.11482402"></trkpt>
  <trkpt lat="-3.65129792" lon="121.11469461"></trkpt>
  <trkpt lat="-3.65142734" lon="121.11462981"></trkpt>
  <trkpt lat="-3.65142734" lon="121.11450040"></trkpt>
  <trkpt lat="-3.65142734" lon="121.11443569"></trkpt>
  <trkpt lat="-3.65149213" lon="121.11424148"></trkpt>
  <trkpt lat="-3.65149213" lon="121.11417669"></trkpt>
  <trkpt lat="-3.65142734" lon="121.11404727"></trkpt>
  <trkpt lat="-3.65136263" lon="121.11398256"></trkpt>
  <trkpt lat="-3.65129792" lon="121.11391777"></trkpt>
  <trkpt lat="-3.65129792" lon="121.11378836"></trkpt>
  <trkpt lat="-3.65129792" lon="121.11372365"></trkpt>
  <trkpt lat="-3.65129792" lon="121.11365885"></trkpt>
  <trkpt lat="-3.65123321" lon="121.11359415"></trkpt>
  <trkpt lat="-3.65116850" lon="121.11346465"></trkpt>
  <trkpt lat="-3.65116850" lon="121.11339994"></trkpt>
  <trkpt lat="-3.65110371" lon="121.11327052"></trkpt>
  <trkpt lat="-3.65103900" lon="121.11320573"></trkpt>
  <trkpt lat="-3.65090959" lon="121.11301152"></trkpt>
  <trkpt lat="-3.65090959" lon="121.11288210"></trkpt>
  <trkpt lat="-3.65090959" lon="121.11281740"></trkpt>
  <trkpt lat="-3.65084488" lon="121.11268790"></trkpt>
  <trkpt lat="-3.65084488" lon="121.11255848"></trkpt>
  <trkpt lat="-3.65084488" lon="121.11242898"></trkpt>
  <trkpt lat="-3.65084488" lon="121.11236427"></trkpt>
  <trkpt lat="-3.65090959" lon="121.11236427"></trkpt>
  <trkpt lat="-3.65084488" lon="121.11223477"></trkpt>
  <trkpt lat="-3.65084488" lon="121.11210535"></trkpt>
  <trkpt lat="-3.65084488" lon="121.11204056"></trkpt>
  <trkpt lat="-3.65078009" lon="121.11191114"></trkpt>
  <trkpt lat="-3.65078009" lon="121.11184644"></trkpt>
  <trkpt lat="-3.65071538" lon="121.11178164"></trkpt>
  <trkpt lat="-3.65071538" lon="121.11165223"></trkpt>
  <trkpt lat="-3.65065067" lon="121.11158752"></trkpt>
  <trkpt lat="-3.65065067" lon="121.11152273"></trkpt>
  <trkpt lat="-3.65058596" lon="121.11145802"></trkpt>
  <trkpt lat="-3.65052125" lon="121.11145802"></trkpt>
  <trkpt lat="-3.65045646" lon="121.11139331"></trkpt>
  <trkpt lat="-3.65026234" lon="121.11132852"></trkpt>
  <trkpt lat="-3.65019763" lon="121.11126381"></trkpt>
  <trkpt lat="-3.65013292" lon="121.11119910"></trkpt>
  <trkpt lat="-3.65006813" lon="121.11119910"></trkpt>
  <trkpt lat="-3.65006813" lon="121.11113439"></trkpt>
  <trkpt lat="-3.65000342" lon="121.11113439"></trkpt>
  <trkpt lat="-3.64987400" lon="121.11106960"></trkpt>
  <trkpt lat="-3.64974450" lon="121.11100489"></trkpt>
  <trkpt lat="-3.64967979" lon="121.11094018"></trkpt>
  <trkpt lat="-3.64955038" lon="121.11081068"></trkpt>
  <trkpt lat="-3.64948567" lon="121.11074598"></trkpt>
  <trkpt lat="-3.64942088" lon="121.11068127"></trkpt>
  <trkpt lat="-3.64935617" lon="121.11061648"></trkpt>
  <trkpt lat="-3.64929146" lon="121.11055177"></trkpt>
  <trkpt lat="-3.64922675" lon="121.11035756"></trkpt>
  <trkpt lat="-3.64916204" lon="121.11035756"></trkpt>
  <trkpt lat="-3.64916204" lon="121.11029285"></trkpt>
  <trkpt lat="-3.64916204" lon="121.11022814"></trkpt>
  <trkpt lat="-3.64896784" lon="121.10990443"></trkpt>
  <trkpt lat="-3.64896784" lon="121.10977502"></trkpt>
  <trkpt lat="-3.64883842" lon="121.10945131"></trkpt>
  <trkpt lat="-3.64890313" lon="121.10945131"></trkpt>
  <trkpt lat="-3.64890313" lon="121.10932189"></trkpt>
  <trkpt lat="-3.64890313" lon="121.10925718"></trkpt>
  <trkpt lat="-3.64883842" lon="121.10912768"></trkpt>
  <trkpt lat="-3.64883842" lon="121.10906297"></trkpt>
  <trkpt lat="-3.64883842" lon="121.10893347"></trkpt>
  <trkpt lat="-3.64877371" lon="121.10886876"></trkpt>
  <trkpt lat="-3.64883842" lon="121.10880406"></trkpt>
  <trkpt lat="-3.64877371" lon="121.10873926"></trkpt>
  <trkpt lat="-3.64877371" lon="121.10867456"></trkpt>
  <trkpt lat="-3.64877371" lon="121.10854514"></trkpt>
  <trkpt lat="-3.64864421" lon="121.10835093"></trkpt>
  <trkpt lat="-3.64857950" lon="121.10822143"></trkpt>
  <trkpt lat="-3.64851479" lon="121.10802722"></trkpt>
  <trkpt lat="-3.64851479" lon="121.10796251"></trkpt>
  <trkpt lat="-3.64851479" lon="121.10789781"></trkpt>
  <trkpt lat="-3.64845009" lon="121.10783310"></trkpt>
  <trkpt lat="-3.64845009" lon="121.10770360"></trkpt>
  <trkpt lat="-3.64845009" lon="121.10763889"></trkpt>
  <trkpt lat="-3.64851479" lon="121.10744468"></trkpt>
  <trkpt lat="-3.64845009" lon="121.10737997"></trkpt>
  <trkpt lat="-3.64838529" lon="121.10712105"></trkpt>
  <trkpt lat="-3.64838529" lon="121.10705626"></trkpt>
  <trkpt lat="-3.64832059" lon="121.10699155"></trkpt>
  <trkpt lat="-3.64825588" lon="121.10679734"></trkpt>
  <trkpt lat="-3.64819117" lon="121.10666793"></trkpt>
  <trkpt lat="-3.64806167" lon="121.10647372"></trkpt>
  <trkpt lat="-3.64799696" lon="121.10640901"></trkpt>
  <trkpt lat="-3.64786754" lon="121.10634422"></trkpt>
  <trkpt lat="-3.64780284" lon="121.10627951"></trkpt>
  <trkpt lat="-3.64767333" lon="121.10621480"></trkpt>
  <trkpt lat="-3.64760863" lon="121.10621480"></trkpt>
  <trkpt lat="-3.64741450" lon="121.10621480"></trkpt>
  <trkpt lat="-3.64734971" lon="121.10621480"></trkpt>
  <trkpt lat="-3.64722029" lon="121.10621480"></trkpt>
  <trkpt lat="-3.64702608" lon="121.10615001"></trkpt>
  <trkpt lat="-3.64696138" lon="121.10602059"></trkpt>
  <trkpt lat="-3.64689667" lon="121.10589109"></trkpt>
  <trkpt lat="-3.64683196" lon="121.10582639"></trkpt>
  <trkpt lat="-3.64676725" lon="121.10569697"></trkpt>
  <trkpt lat="-3.64676725" lon="121.10563218"></trkpt>
  <trkpt lat="-3.64670246" lon="121.10556747"></trkpt>
  <trkpt lat="-3.64657304" lon="121.10550276"></trkpt>
  <trkpt lat="-3.64644363" lon="121.10543797"></trkpt>
  <trkpt lat="-3.64637883" lon="121.10537326"></trkpt>
  <trkpt lat="-3.64624942" lon="121.10524384"></trkpt>
  <trkpt lat="-3.64618471" lon="121.10517905"></trkpt>
  <trkpt lat="-3.64599050" lon="121.10498484"></trkpt>
  <trkpt lat="-3.64586108" lon="121.10479072"></trkpt>
  <trkpt lat="-3.64560217" lon="121.10433759"></trkpt>
  <trkpt lat="-3.64553746" lon="121.10420809"></trkpt>
  <trkpt lat="-3.64547275" lon="121.10414338"></trkpt>
  <trkpt lat="-3.64547275" lon="121.10407867"></trkpt>
  <trkpt lat="-3.64540804" lon="121.10401388"></trkpt>
  <trkpt lat="-3.64540804" lon="121.10388447"></trkpt>
  <trkpt lat="-3.64540804" lon="121.10375497"></trkpt>
  <trkpt lat="-3.64540804" lon="121.10369026"></trkpt>
  <trkpt lat="-3.64540804" lon="121.10362555"></trkpt>
  <trkpt lat="-3.64534325" lon="121.10349605"></trkpt>
  <trkpt lat="-3.64534325" lon="121.10343134"></trkpt>
  <trkpt lat="-3.64534325" lon="121.10330184"></trkpt>
  <trkpt lat="-3.64527854" lon="121.10323713"></trkpt>
  <trkpt lat="-3.64527854" lon="121.10310772"></trkpt>
  <trkpt lat="-3.64527854" lon="121.10297821"></trkpt>
  <trkpt lat="-3.64521383" lon="121.10278401"></trkpt>
  <trkpt lat="-3.64514912" lon="121.10271930"></trkpt>
  <trkpt lat="-3.64514912" lon="121.10265459"></trkpt>
  <trkpt lat="-3.64514912" lon="121.10258980"></trkpt>
  <trkpt lat="-3.64514912" lon="121.10252509"></trkpt>
  <trkpt lat="-3.64508442" lon="121.10246038"></trkpt>
  <trkpt lat="-3.64508442" lon="121.10226617"></trkpt>
  <trkpt lat="-3.64501962" lon="121.10213667"></trkpt>
  <trkpt lat="-3.64508442" lon="121.10194255"></trkpt>
  <trkpt lat="-3.64508442" lon="121.10187775"></trkpt>
  <trkpt lat="-3.64508442" lon="121.10181305"></trkpt>
  <trkpt lat="-3.64508442" lon="121.10174834"></trkpt>
  <trkpt lat="-3.64521383" lon="121.10161884"></trkpt>
  <trkpt lat="-3.64521383" lon="121.10155413"></trkpt>
  <trkpt lat="-3.64527854" lon="121.10135992"></trkpt>
  <trkpt lat="-3.64521383" lon="121.10013004"></trkpt>
  <trkpt lat="-3.64521383" lon="121.09993584"></trkpt>
  <trkpt lat="-3.64521383" lon="121.09980642"></trkpt>
  <trkpt lat="-3.64521383" lon="121.09967692"></trkpt>
  <trkpt lat="-3.64527854" lon="121.09954750"></trkpt>
  <trkpt lat="-3.64527854" lon="121.09941800"></trkpt>
  <trkpt lat="-3.64527854" lon="121.09928850"></trkpt>
  <trkpt lat="-3.64527854" lon="121.09922379"></trkpt>
  <trkpt lat="-3.64514912" lon="121.09915908"></trkpt>
  <trkpt lat="-3.64508442" lon="121.09909438"></trkpt>
  <trkpt lat="-3.64514912" lon="121.09902958"></trkpt>
  <trkpt lat="-3.64514912" lon="121.09896488"></trkpt>
  <trkpt lat="-3.64450187" lon="121.09812333"></trkpt>
  <trkpt lat="-3.64411354" lon="121.09786442"></trkpt>
  <trkpt lat="-3.64404875" lon="121.09779971"></trkpt>
  <trkpt lat="-3.64391933" lon="121.09773500"></trkpt>
  <trkpt lat="-3.64378992" lon="121.09773500"></trkpt>
  <trkpt lat="-3.64372521" lon="121.09767029"></trkpt>
  <trkpt lat="-3.64366041" lon="121.09760550"></trkpt>
  <trkpt lat="-3.64353100" lon="121.09767029"></trkpt>
  <trkpt lat="-3.64346629" lon="121.09760550"></trkpt>
  <trkpt lat="-3.64346629" lon="121.09767029"></trkpt>
  <trkpt lat="-3.64340158" lon="121.09760550"></trkpt>
  <trkpt lat="-3.64333679" lon="121.09754079"></trkpt>
  <trkpt lat="-3.64333679" lon="121.09747608"></trkpt>
  <trkpt lat="-3.64327208" lon="121.09747608"></trkpt>
  <trkpt lat="-3.64327208" lon="121.09741129"></trkpt>
  <trkpt lat="-3.64320737" lon="121.09741129"></trkpt>
  <trkpt lat="-3.64314266" lon="121.09741129"></trkpt>
  <trkpt lat="-3.64307796" lon="121.09741129"></trkpt>
  <trkpt lat="-3.64301325" lon="121.09734658"></trkpt>
  <trkpt lat="-3.64294846" lon="121.09728187"></trkpt>
  <trkpt lat="-3.64288375" lon="121.09721716"></trkpt>
  <trkpt lat="-3.64281904" lon="121.09715237"></trkpt>
  <trkpt lat="-3.64268954" lon="121.09715237"></trkpt>
  <trkpt lat="-3.64268954" lon="121.09708766"></trkpt>
  <trkpt lat="-3.64256012" lon="121.09702296"></trkpt>
  <trkpt lat="-3.64256012" lon="121.09689346"></trkpt>
  <trkpt lat="-3.64249541" lon="121.09669925"></trkpt>
  <trkpt lat="-3.64249541" lon="121.09663454"></trkpt>
  <trkpt lat="-3.64249541" lon="121.09656983"></trkpt>
  <trkpt lat="-3.64243071" lon="121.09650512"></trkpt>
  <trkpt lat="-3.64243071" lon="121.09644033"></trkpt>
  <trkpt lat="-3.64243071" lon="121.09637562"></trkpt>
  <trkpt lat="-3.64243071" lon="121.09631091"></trkpt>
  <trkpt lat="-3.64243071" lon="121.09624612"></trkpt>
  <trkpt lat="-3.64236600" lon="121.09618141"></trkpt>
  <trkpt lat="-3.64236600" lon="121.09605200"></trkpt>
  <trkpt lat="-3.64236600" lon="121.09598720"></trkpt>
  <trkpt lat="-3.64236600" lon="121.09592250"></trkpt>
  <trkpt lat="-3.64243071" lon="121.09579308"></trkpt>
  <trkpt lat="-3.64236600" lon="121.09579308"></trkpt>
  <trkpt lat="-3.64236600" lon="121.09572829"></trkpt>
  <trkpt lat="-3.64236600" lon="121.09566358"></trkpt>
  <trkpt lat="-3.64230121" lon="121.09559887"></trkpt>
  <trkpt lat="-3.64230121" lon="121.09553408"></trkpt>
  <trkpt lat="-3.64230121" lon="121.09540466"></trkpt>
  <trkpt lat="-3.64223650" lon="121.09533995"></trkpt>
  <trkpt lat="-3.64223650" lon="121.09527516"></trkpt>
  <trkpt lat="-3.64217179" lon="121.09514575"></trkpt>
  <trkpt lat="-3.64217179" lon="121.09508104"></trkpt>
  <trkpt lat="-3.64217179" lon="121.09501624"></trkpt>
  <trkpt lat="-3.64210708" lon="121.09501624"></trkpt>
  <trkpt lat="-3.64217179" lon="121.09508104"></trkpt>
  <trkpt lat="-3.64223650" lon="121.09501624"></trkpt>
  <trkpt lat="-3.64223650" lon="121.09508104"></trkpt>
  <trkpt lat="-3.64223650" lon="121.09514575"></trkpt>
  <trkpt lat="-3.64223650" lon="121.09508104"></trkpt>
  <trkpt lat="-3.64217179" lon="121.09501624"></trkpt>
  <trkpt lat="-3.64223650" lon="121.09501624"></trkpt>
  <trkpt lat="-3.64230121" lon="121.09501624"></trkpt>
  <trkpt lat="-3.64230121" lon="121.09495154"></trkpt>
  <trkpt lat="-3.64230121" lon="121.09488683"></trkpt>
  <trkpt lat="-3.64236600" lon="121.09475733"></trkpt>
  <trkpt lat="-3.64243071" lon="121.09482204"></trkpt>
  <trkpt lat="-3.64249541" lon="121.09482204"></trkpt>
  <trkpt lat="-3.64256012" lon="121.09482204"></trkpt>
  <trkpt lat="-3.64268954" lon="121.09482204"></trkpt>
  <trkpt lat="-3.64275433" lon="121.09482204"></trkpt>
  <trkpt lat="-3.64288375" lon="121.09475733"></trkpt>
  <trkpt lat="-3.64301325" lon="121.09475733"></trkpt>
  <trkpt lat="-3.64307796" lon="121.09469262"></trkpt>
  <trkpt lat="-3.64320737" lon="121.09462791"></trkpt>
  <trkpt lat="-3.64327208" lon="121.09449841"></trkpt>
  <trkpt lat="-3.64333679" lon="121.09443370"></trkpt>
  <trkpt lat="-3.64333679" lon="121.09430420"></trkpt>
  <trkpt lat="-3.64327208" lon="121.09417479"></trkpt>
  <trkpt lat="-3.64320737" lon="121.09404529"></trkpt>
  <trkpt lat="-3.64314266" lon="121.09398058"></trkpt>
  <trkpt lat="-3.64307796" lon="121.09391587"></trkpt>
  <trkpt lat="-3.64294846" lon="121.09378637"></trkpt>
  <trkpt lat="-3.64288375" lon="121.09372166"></trkpt>
  <trkpt lat="-3.64281904" lon="121.09359216"></trkpt>
  <trkpt lat="-3.64275433" lon="121.09346274"></trkpt>
  <trkpt lat="-3.64275433" lon="121.09339795"></trkpt>
  <trkpt lat="-3.64275433" lon="121.09326853"></trkpt>
  <trkpt lat="-3.64275433" lon="121.09320383"></trkpt>
  <trkpt lat="-3.64275433" lon="121.09307433"></trkpt>
  <trkpt lat="-3.64275433" lon="121.09294483"></trkpt>
  <trkpt lat="-3.64268954" lon="121.09288012"></trkpt>
  <trkpt lat="-3.64268954" lon="121.09281541"></trkpt>
  <trkpt lat="-3.64262483" lon="121.09262120"></trkpt>
  <trkpt lat="-3.64262483" lon="121.09255649"></trkpt>
  <trkpt lat="-3.64256012" lon="121.09249178"></trkpt>
  <trkpt lat="-3.64249541" lon="121.09249178"></trkpt>
  <trkpt lat="-3.64249541" lon="121.09237033"></trkpt>
  <trkpt lat="-3.64243071" lon="121.09230562"></trkpt>
  <trkpt lat="-3.64243071" lon="121.09198200"></trkpt>
  <trkpt lat="-3.64243071" lon="121.09178779"></trkpt>
  <trkpt lat="-3.64243071" lon="121.09172308"></trkpt>
  <trkpt lat="-3.64243071" lon="121.09146416"></trkpt>
  <trkpt lat="-3.64243071" lon="121.09139937"></trkpt>
  <trkpt lat="-3.64243071" lon="121.09133466"></trkpt>
  <trkpt lat="-3.64236600" lon="121.09120524"></trkpt>
  <trkpt lat="-3.64236600" lon="121.09107574"></trkpt>
  <trkpt lat="-3.64243071" lon="121.09094633"></trkpt>
  <trkpt lat="-3.64243071" lon="121.09075212"></trkpt>
  <trkpt lat="-3.64236600" lon="121.09062262"></trkpt>
  <trkpt lat="-3.64230121" lon="121.09055791"></trkpt>
  <trkpt lat="-3.64230121" lon="121.09036370"></trkpt>
  <trkpt lat="-3.64230121" lon="121.09023420"></trkpt>
  <trkpt lat="-3.64236600" lon="121.09004008"></trkpt>
  <trkpt lat="-3.64243071" lon="121.08984587"></trkpt>
  <trkpt lat="-3.64249541" lon="121.08978116"></trkpt>
  <trkpt lat="-3.64256012" lon="121.08965166"></trkpt>
  <trkpt lat="-3.64256012" lon="121.08958695"></trkpt>
  <trkpt lat="-3.64256012" lon="121.08945745"></trkpt>
  <trkpt lat="-3.64256012" lon="121.08932803"></trkpt>
  <trkpt lat="-3.64249541" lon="121.08913383"></trkpt>
  <trkpt lat="-3.64243071" lon="121.08900432"></trkpt>
  <trkpt lat="-3.64243071" lon="121.08893962"></trkpt>
  <trkpt lat="-3.64243071" lon="121.08887491"></trkpt>
  <trkpt lat="-3.64236600" lon="121.08881012"></trkpt>
  <trkpt lat="-3.64230121" lon="121.08868070"></trkpt>
  <trkpt lat="-3.64230121" lon="121.08861599"></trkpt>
  <trkpt lat="-3.64223650" lon="121.08855120"></trkpt>
  <trkpt lat="-3.64223650" lon="121.08848649"></trkpt>
  <trkpt lat="-3.64223650" lon="121.08829228"></trkpt>
  <trkpt lat="-3.64217179" lon="121.08816287"></trkpt>
  <trkpt lat="-3.64210708" lon="121.08803337"></trkpt>
  <trkpt lat="-3.64204237" lon="121.08796866"></trkpt>
  <trkpt lat="-3.64197758" lon="121.08790395"></trkpt>
  <trkpt lat="-3.64191287" lon="121.08777445"></trkpt>
  <trkpt lat="-3.64178346" lon="121.08758024"></trkpt>
  <trkpt lat="-3.64171875" lon="121.08751553"></trkpt>
  <trkpt lat="-3.64158925" lon="121.08738603"></trkpt>
  <trkpt lat="-3.64145983" lon="121.08732132"></trkpt>
  <trkpt lat="-3.64133033" lon="121.08712711"></trkpt>
  <trkpt lat="-3.64107150" lon="121.08706241"></trkpt>
  <trkpt lat="-3.64094200" lon="121.08693299"></trkpt>
  <trkpt lat="-3.64081258" lon="121.08686820"></trkpt>
  <trkpt lat="-3.64074787" lon="121.08667399"></trkpt>
  <trkpt lat="-3.64068316" lon="121.08654457"></trkpt>
  <trkpt lat="-3.64061837" lon="121.08641507"></trkpt>
  <trkpt lat="-3.64048895" lon="121.08628565"></trkpt>
  <trkpt lat="-3.64029475" lon="121.08609145"></trkpt>
  <trkpt lat="-3.64023004" lon="121.08602674"></trkpt>
  <trkpt lat="-3.64016533" lon="121.08602674"></trkpt>
  <trkpt lat="-3.64010062" lon="121.08589724"></trkpt>
  <trkpt lat="-3.64003591" lon="121.08583253"></trkpt>
  <trkpt lat="-3.63990641" lon="121.08557361"></trkpt>
  <trkpt lat="-3.63990641" lon="121.08544411"></trkpt>
  <trkpt lat="-3.63990641" lon="121.08531469"></trkpt>
  <trkpt lat="-3.63984170" lon="121.08524990"></trkpt>
  <trkpt lat="-3.63984170" lon="121.08512049"></trkpt>
  <trkpt lat="-3.63984170" lon="121.08499099"></trkpt>
  <trkpt lat="-3.63984170" lon="121.08492628"></trkpt>
  <trkpt lat="-3.63990641" lon="121.08466736"></trkpt>
  <trkpt lat="-3.63990641" lon="121.08447315"></trkpt>
  <trkpt lat="-3.63990641" lon="121.08434365"></trkpt>
  <trkpt lat="-3.63990641" lon="121.08421423"></trkpt>
  <trkpt lat="-3.63990641" lon="121.08408473"></trkpt>
  <trkpt lat="-3.64003591" lon="121.08395532"></trkpt>
  <trkpt lat="-3.63997112" lon="121.08382582"></trkpt>
  <trkpt lat="-3.64003591" lon="121.08363161"></trkpt>
  <trkpt lat="-3.64003591" lon="121.08356690"></trkpt>
  <trkpt lat="-3.63990641" lon="121.08337269"></trkpt>
  <trkpt lat="-3.63990641" lon="121.08324328"></trkpt>
  <trkpt lat="-3.63984170" lon="121.08317857"></trkpt>
  <trkpt lat="-3.63977700" lon="121.08298436"></trkpt>
  <trkpt lat="-3.63977700" lon="121.08285486"></trkpt>
  <trkpt lat="-3.63977700" lon="121.08272544"></trkpt>
  <trkpt lat="-3.63977700" lon="121.08259594"></trkpt>
  <trkpt lat="-3.63971229" lon="121.08233702"></trkpt>
  <trkpt lat="-3.63971229" lon="121.08220752"></trkpt>
  <trkpt lat="-3.63971229" lon="121.08207811"></trkpt>
  <trkpt lat="-3.63971229" lon="121.08201340"></trkpt>
  <trkpt lat="-3.63964758" lon="121.08194861"></trkpt>
  <trkpt lat="-3.63964758" lon="121.08188390"></trkpt>
  <trkpt lat="-3.63964758" lon="121.08175448"></trkpt>
  <trkpt lat="-3.63958279" lon="121.08156027"></trkpt>
  <trkpt lat="-3.63958279" lon="121.08143077"></trkpt>
  <trkpt lat="-3.63951808" lon="121.08136606"></trkpt>
  <trkpt lat="-3.63951808" lon="121.08117186"></trkpt>
  <trkpt lat="-3.63951808" lon="121.08110715"></trkpt>
  <trkpt lat="-3.63964758" lon="121.08078344"></trkpt>
  <trkpt lat="-3.63971229" lon="121.08065402"></trkpt>
  <trkpt lat="-3.63971229" lon="121.08058931"></trkpt>
  <trkpt lat="-3.63964758" lon="121.08045981"></trkpt>
  <trkpt lat="-3.63958279" lon="121.08045981"></trkpt>
  <trkpt lat="-3.63945337" lon="121.08033031"></trkpt>
  <trkpt lat="-3.63932395" lon="121.08033031"></trkpt>
  <trkpt lat="-3.63925916" lon="121.08020090"></trkpt>
  <trkpt lat="-3.63919445" lon="121.08020090"></trkpt>
  <trkpt lat="-3.63906504" lon="121.08020090"></trkpt>
  <trkpt lat="-3.63893554" lon="121.08013619"></trkpt>
  <trkpt lat="-3.63887083" lon="121.08013619"></trkpt>
  <trkpt lat="-3.63880612" lon="121.08013619"></trkpt>
  <trkpt lat="-3.63874141" lon="121.08013619"></trkpt>
  <trkpt lat="-3.63867670" lon="121.08007140"></trkpt>
  <trkpt lat="-3.63854720" lon="121.08007140"></trkpt>
  <trkpt lat="-3.63848249" lon="121.08007140"></trkpt>
  <trkpt lat="-3.63841779" lon="121.08007140"></trkpt>
  <trkpt lat="-3.63835308" lon="121.08007140"></trkpt>
  <trkpt lat="-3.63828837" lon="121.08007140"></trkpt>
  <trkpt lat="-3.63822358" lon="121.08007140"></trkpt>
  <trkpt lat="-3.63815887" lon="121.08007140"></trkpt>
  <trkpt lat="-3.63815887" lon="121.08000669"></trkpt>
  <trkpt lat="-3.63815887" lon="121.07987727"></trkpt>
  <trkpt lat="-3.63815887" lon="121.07974777"></trkpt>
  <trkpt lat="-3.63809416" lon="121.07974777"></trkpt>
  <trkpt lat="-3.63802945" lon="121.07968306"></trkpt>
  <trkpt lat="-3.63770583" lon="121.07922994"></trkpt>
  <trkpt lat="-3.63770583" lon="121.07916523"></trkpt>
  <trkpt lat="-3.63770583" lon="121.07903573"></trkpt>
  <trkpt lat="-3.63757633" lon="121.07903573"></trkpt>
  <trkpt lat="-3.63751162" lon="121.07897102"></trkpt>
  <trkpt lat="-3.63744691" lon="121.07897102"></trkpt>
  <trkpt lat="-3.63738220" lon="121.07890631"></trkpt>
  <trkpt lat="-3.63738220" lon="121.07877681"></trkpt>
  <trkpt lat="-3.63738220" lon="121.07871210"></trkpt>
  <trkpt lat="-3.63731749" lon="121.07871210"></trkpt>
  <trkpt lat="-3.63731749" lon="121.07858260"></trkpt>
  <trkpt lat="-3.63731749" lon="121.07851789"></trkpt>
  <trkpt lat="-3.63705858" lon="121.07812948"></trkpt>
  <trkpt lat="-3.63705858" lon="121.07800006"></trkpt>
  <trkpt lat="-3.63705858" lon="121.07793527"></trkpt>
  <trkpt lat="-3.63705858" lon="121.07787056"></trkpt>
  <trkpt lat="-3.63699387" lon="121.07774106"></trkpt>
  <trkpt lat="-3.63692916" lon="121.07767635"></trkpt>
  <trkpt lat="-3.63692916" lon="121.07761164"></trkpt>
  <trkpt lat="-3.63686437" lon="121.07754693"></trkpt>
  <trkpt lat="-3.63679966" lon="121.07748214"></trkpt>
  <trkpt lat="-3.63679966" lon="121.07741743"></trkpt>
  <trkpt lat="-3.63673495" lon="121.07741743"></trkpt>
  <trkpt lat="-3.63673495" lon="121.07735272"></trkpt>
  <trkpt lat="-3.63660553" lon="121.07728802"></trkpt>
  <trkpt lat="-3.63654074" lon="121.07722322"></trkpt>
  <trkpt lat="-3.63641133" lon="121.07715852"></trkpt>
  <trkpt lat="-3.63634662" lon="121.07715852"></trkpt>
  <trkpt lat="-3.63634662" lon="121.07709381"></trkpt>
  <trkpt lat="-3.63628191" lon="121.07702910"></trkpt>
  <trkpt lat="-3.63621712" lon="121.07702910"></trkpt>
  <trkpt lat="-3.63621712" lon="121.07696431"></trkpt>
  <trkpt lat="-3.63608770" lon="121.07689960"></trkpt>
  <trkpt lat="-3.63602299" lon="121.07683489"></trkpt>
  <trkpt lat="-3.63582878" lon="121.07677010"></trkpt>
  <trkpt lat="-3.63582878" lon="121.07670539"></trkpt>
  <trkpt lat="-3.63576408" lon="121.07664068"></trkpt>
  <trkpt lat="-3.63569937" lon="121.07651118"></trkpt>
  <trkpt lat="-3.63569937" lon="121.07644647"></trkpt>
  <trkpt lat="-3.63569937" lon="121.07638177"></trkpt>
  <trkpt lat="-3.63556995" lon="121.07638177"></trkpt>
  <trkpt lat="-3.63563466" lon="121.07638177"></trkpt>
  <trkpt lat="-3.63569937" lon="121.07638177"></trkpt>
  <trkpt lat="-3.63563466" lon="121.07638177"></trkpt>
  <trkpt lat="-3.63550516" lon="121.07644647"></trkpt>
  <trkpt lat="-3.63544045" lon="121.07644647"></trkpt>
  <trkpt lat="-3.63537574" lon="121.07651118"></trkpt>
  <trkpt lat="-3.63537574" lon="121.07644647"></trkpt>
  <trkpt lat="-3.63531103" lon="121.07644647"></trkpt>
  <trkpt lat="-3.63524633" lon="121.07631697"></trkpt>
  <trkpt lat="-3.63511682" lon="121.07618756"></trkpt>
  <trkpt lat="-3.63505212" lon="121.07612285"></trkpt>
  <trkpt lat="-3.63498741" lon="121.07605806"></trkpt>
  <trkpt lat="-3.63485791" lon="121.07599335"></trkpt>
  <trkpt lat="-3.63479320" lon="121.07592864"></trkpt>
  <trkpt lat="-3.63466378" lon="121.07592864"></trkpt>
  <trkpt lat="-3.63472849" lon="121.07586393"></trkpt>
  <trkpt lat="-3.63472849" lon="121.07579914"></trkpt>
  <trkpt lat="-3.63479320" lon="121.07560493"></trkpt>
  <trkpt lat="-3.63485791" lon="121.07554022"></trkpt>
  <trkpt lat="-3.63485791" lon="121.07547551"></trkpt>
  <trkpt lat="-3.63492270" lon="121.07547551"></trkpt>
  <trkpt lat="-3.63498741" lon="121.07534601"></trkpt>
  <trkpt lat="-3.63505212" lon="121.07534601"></trkpt>
  <trkpt lat="-3.63511682" lon="121.07528131"></trkpt>
  <trkpt lat="-3.63518153" lon="121.07521660"></trkpt>
  <trkpt lat="-3.63524633" lon="121.07515189"></trkpt>
  <trkpt lat="-3.63537574" lon="121.07515189"></trkpt>
  <trkpt lat="-3.63537574" lon="121.07508710"></trkpt>
  <trkpt lat="-3.63544045" lon="121.07508710"></trkpt>
  <trkpt lat="-3.63550516" lon="121.07508710"></trkpt>
  <trkpt lat="-3.63556995" lon="121.07502239"></trkpt>
  <trkpt lat="-3.63556995" lon="121.07495768"></trkpt>
  <trkpt lat="-3.63556995" lon="121.07489297"></trkpt>
  <trkpt lat="-3.63563466" lon="121.07476347"></trkpt>
  <trkpt lat="-3.63556995" lon="121.07469876"></trkpt>
  <trkpt lat="-3.63556995" lon="121.07456926"></trkpt>
  <trkpt lat="-3.63550516" lon="121.07450455"></trkpt>
  <trkpt lat="-3.63537574" lon="121.07437505"></trkpt>
  <trkpt lat="-3.63531103" lon="121.07431035"></trkpt>
  <trkpt lat="-3.63524633" lon="121.07424564"></trkpt>
  <trkpt lat="-3.63518153" lon="121.07418085"></trkpt>
  <trkpt lat="-3.63518153" lon="121.07405143"></trkpt>
  <trkpt lat="-3.63511682" lon="121.07392193"></trkpt>
  <trkpt lat="-3.63498741" lon="121.07379251"></trkpt>
  <trkpt lat="-3.63498741" lon="121.07366301"></trkpt>
  <trkpt lat="-3.63492270" lon="121.07359830"></trkpt>
  <trkpt lat="-3.63492270" lon="121.07346880"></trkpt>
  <trkpt lat="-3.63485791" lon="121.07327468"></trkpt>
  <trkpt lat="-3.63492270" lon="121.07327468"></trkpt>
  <trkpt lat="-3.63485791" lon="121.07327468"></trkpt>
  <trkpt lat="-3.63485791" lon="121.07320989"></trkpt>
  <trkpt lat="-3.63492270" lon="121.07327468"></trkpt>
  <trkpt lat="-3.63492270" lon="121.07333939"></trkpt>
  <trkpt lat="-3.63485791" lon="121.07327468"></trkpt>
  <trkpt lat="-3.63492270" lon="121.07320989"></trkpt>
  <trkpt lat="-3.63485791" lon="121.07320989"></trkpt>
  <trkpt lat="-3.63485791" lon="121.07327468"></trkpt>
  <trkpt lat="-3.63492270" lon="121.07327468"></trkpt>
  <trkpt lat="-3.63485791" lon="121.07327468"></trkpt>
  <trkpt lat="-3.63492270" lon="121.07327468"></trkpt>
  <trkpt lat="-3.63485791" lon="121.07327468"></trkpt>
  <trkpt lat="-3.63492270" lon="121.07327468"></trkpt>
  <trkpt lat="-3.63511682" lon="121.07314518"></trkpt>
  <trkpt lat="-3.63524633" lon="121.07301576"></trkpt>
  <trkpt lat="-3.63518153" lon="121.07301576"></trkpt>
  <trkpt lat="-3.63524633" lon="121.07288626"></trkpt>
  <trkpt lat="-3.63524633" lon="121.07275676"></trkpt>
  <trkpt lat="-3.63531103" lon="121.07269205"></trkpt>
  <trkpt lat="-3.63537574" lon="121.07256263"></trkpt>
  <trkpt lat="-3.63544045" lon="121.07243313"></trkpt>
  <trkpt lat="-3.63544045" lon="121.07236843"></trkpt>
  <trkpt lat="-3.63544045" lon="121.07230372"></trkpt>
  <trkpt lat="-3.63550516" lon="121.07223893"></trkpt>
  <trkpt lat="-3.63550516" lon="121.07217422"></trkpt>
  <trkpt lat="-3.63556995" lon="121.07210951"></trkpt>
  <trkpt lat="-3.63563466" lon="121.07204472"></trkpt>
  <trkpt lat="-3.63563466" lon="121.07198001"></trkpt>
  <trkpt lat="-3.63569937" lon="121.07191530"></trkpt>
  <trkpt lat="-3.63576408" lon="121.07191530"></trkpt>
  <trkpt lat="-3.63576408" lon="121.07185059"></trkpt>
  <trkpt lat="-3.63582878" lon="121.07185059"></trkpt>
  <trkpt lat="-3.63589349" lon="121.07178580"></trkpt>
  <trkpt lat="-3.63595828" lon="121.07172109"></trkpt>
  <trkpt lat="-3.63602299" lon="121.07165638"></trkpt>
  <trkpt lat="-3.63602299" lon="121.07159159"></trkpt>
  <trkpt lat="-3.63602299" lon="121.07146217"></trkpt>
  <trkpt lat="-3.63608770" lon="121.07133267"></trkpt>
  <trkpt lat="-3.63602299" lon="121.07133267"></trkpt>
  <trkpt lat="-3.63602299" lon="121.07126797"></trkpt>
  <trkpt lat="-3.63608770" lon="121.07113855"></trkpt>
  <trkpt lat="-3.63608770" lon="121.07107376"></trkpt>
  <trkpt lat="-3.63608770" lon="121.07094434"></trkpt>
  <trkpt lat="-3.63608770" lon="121.07081484"></trkpt>
  <trkpt lat="-3.63602299" lon="121.07075013"></trkpt>
  <trkpt lat="-3.63602299" lon="121.07068542"></trkpt>
  <trkpt lat="-3.63602299" lon="121.07055592"></trkpt>
  <trkpt lat="-3.63602299" lon="121.07049122"></trkpt>
  <trkpt lat="-3.63602299" lon="121.07042651"></trkpt>
  <trkpt lat="-3.63595828" lon="121.07029701"></trkpt>
  <trkpt lat="-3.63595828" lon="121.07023230"></trkpt>
  <trkpt lat="-3.63589349" lon="121.07016751"></trkpt>
  <trkpt lat="-3.63589349" lon="121.07010280"></trkpt>
  <trkpt lat="-3.63589349" lon="121.07003809"></trkpt>
  <trkpt lat="-3.63589349" lon="121.06997338"></trkpt>
  <trkpt lat="-3.63589349" lon="121.06990859"></trkpt>
  <trkpt lat="-3.63582878" lon="121.06984388"></trkpt>
  <trkpt lat="-3.63589349" lon="121.06977917"></trkpt>
  <trkpt lat="-3.63589349" lon="121.06971438"></trkpt>
  <trkpt lat="-3.63582878" lon="121.06971438"></trkpt>
  <trkpt lat="-3.63582878" lon="121.06964967"></trkpt>
  <trkpt lat="-3.63576408" lon="121.06958496"></trkpt>
  <trkpt lat="-3.63576408" lon="121.06952026"></trkpt>
  <trkpt lat="-3.63576408" lon="121.06945546"></trkpt>
  <trkpt lat="-3.63569937" lon="121.06932605"></trkpt>
  <trkpt lat="-3.63569937" lon="121.06926134"></trkpt>
  <trkpt lat="-3.63569937" lon="121.06913184"></trkpt>
  <trkpt lat="-3.63576408" lon="121.06906713"></trkpt>
  <trkpt lat="-3.63569937" lon="121.06893763"></trkpt>
  <trkpt lat="-3.63569937" lon="121.06887292"></trkpt>
  <trkpt lat="-3.63569937" lon="121.06880821"></trkpt>
  <trkpt lat="-3.63569937" lon="121.06874342"></trkpt>
  <trkpt lat="-3.63576408" lon="121.06867871"></trkpt>
  <trkpt lat="-3.63589349" lon="121.06854930"></trkpt>
  <trkpt lat="-3.63602299" lon="121.06848450"></trkpt>
  <trkpt lat="-3.63602299" lon="121.06835509"></trkpt>
  <trkpt lat="-3.63602299" lon="121.06829038"></trkpt>
  <trkpt lat="-3.63602299" lon="121.06822559"></trkpt>
  <trkpt lat="-3.63608770" lon="121.06822559"></trkpt>
  <trkpt lat="-3.63608770" lon="121.06809617"></trkpt>
  <trkpt lat="-3.63608770" lon="121.06803138"></trkpt>
  <trkpt lat="-3.63608770" lon="121.06796667"></trkpt>
  <trkpt lat="-3.63615241" lon="121.06783725"></trkpt>
  <trkpt lat="-3.63608770" lon="121.06777246"></trkpt>
  <trkpt lat="-3.63615241" lon="121.06777246"></trkpt>
  <trkpt lat="-3.63608770" lon="121.06770775"></trkpt>
  <trkpt lat="-3.63608770" lon="121.06757825"></trkpt>
  <trkpt lat="-3.63608770" lon="121.06751354"></trkpt>
  <trkpt lat="-3.63615241" lon="121.06738413"></trkpt>
  <trkpt lat="-3.63615241" lon="121.06731934"></trkpt>
  <trkpt lat="-3.63615241" lon="121.06725463"></trkpt>
  <trkpt lat="-3.63621712" lon="121.06725463"></trkpt>
  <trkpt lat="-3.63628191" lon="121.06712521"></trkpt>
  <trkpt lat="-3.63621712" lon="121.06693100"></trkpt>
  <trkpt lat="-3.63615241" lon="121.06660729"></trkpt>
  <trkpt lat="-3.63608770" lon="121.06654258"></trkpt>
  <trkpt lat="-3.63608770" lon="121.06634838"></trkpt>
  <trkpt lat="-3.63602299" lon="121.06628367"></trkpt>
  <trkpt lat="-3.63602299" lon="121.06615417"></trkpt>
  <trkpt lat="-3.63602299" lon="121.06608946"></trkpt>
  <trkpt lat="-3.63608770" lon="121.06589525"></trkpt>
  <trkpt lat="-3.63602299" lon="121.06589525"></trkpt>
  <trkpt lat="-3.63602299" lon="121.06576583"></trkpt>
  <trkpt lat="-3.63608770" lon="121.06563633"></trkpt>
  <trkpt lat="-3.63602299" lon="121.06550692"></trkpt>
  <trkpt lat="-3.63608770" lon="121.06544212"></trkpt>
  <trkpt lat="-3.63602299" lon="121.06537742"></trkpt>
  <trkpt lat="-3.63595828" lon="121.06524800"></trkpt>
  <trkpt lat="-3.63582878" lon="121.06485958"></trkpt>
  <trkpt lat="-3.63569937" lon="121.06466537"></trkpt>
  <trkpt lat="-3.63556995" lon="121.06453596"></trkpt>
  <trkpt lat="-3.63556995" lon="121.06447116"></trkpt>
  <trkpt lat="-3.63550516" lon="121.06440646"></trkpt>
  <trkpt lat="-3.63550516" lon="121.06434175"></trkpt>
  <trkpt lat="-3.63524633" lon="121.06414754"></trkpt>
  <trkpt lat="-3.63518153" lon="121.06408283"></trkpt>
  <trkpt lat="-3.63505212" lon="121.06401804"></trkpt>
  <trkpt lat="-3.63498741" lon="121.06395333"></trkpt>
  <trkpt lat="-3.63492270" lon="121.06388862"></trkpt>
  <trkpt lat="-3.63492270" lon="121.06382391"></trkpt>
  <trkpt lat="-3.63485791" lon="121.06382391"></trkpt>
  <trkpt lat="-3.63479320" lon="121.06382391"></trkpt>
  <trkpt lat="-3.63479320" lon="121.06375912"></trkpt>
  <trkpt lat="-3.63479320" lon="121.06369441"></trkpt>
  <trkpt lat="-3.63479320" lon="121.06362971"></trkpt>
  <trkpt lat="-3.63472849" lon="121.06356491"></trkpt>
  <trkpt lat="-3.63472849" lon="121.06350021"></trkpt>
  <trkpt lat="-3.63472849" lon="121.06343550"></trkpt>
  <trkpt lat="-3.63466378" lon="121.06343550"></trkpt>
  <trkpt lat="-3.63459907" lon="121.06337079"></trkpt>
  <trkpt lat="-3.63459907" lon="121.06330600"></trkpt>
  <trkpt lat="-3.63453428" lon="121.06330600"></trkpt>
  <trkpt lat="-3.63446957" lon="121.06317658"></trkpt>
  <trkpt lat="-3.63434016" lon="121.06311187"></trkpt>
  <trkpt lat="-3.63421074" lon="121.06304708"></trkpt>
  <trkpt lat="-3.63414595" lon="121.06298237"></trkpt>
  <trkpt lat="-3.63414595" lon="121.06291766"></trkpt>
  <trkpt lat="-3.63414595" lon="121.06285287"></trkpt>
  <trkpt lat="-3.63408124" lon="121.06278816"></trkpt>
  <trkpt lat="-3.63395182" lon="121.06265875"></trkpt>
  <trkpt lat="-3.63388712" lon="121.06246454"></trkpt>
  <trkpt lat="-3.63369291" lon="121.06227033"></trkpt>
  <trkpt lat="-3.63362820" lon="121.06220562"></trkpt>
  <trkpt lat="-3.63362820" lon="121.06214083"></trkpt>
  <trkpt lat="-3.63362820" lon="121.06201141"></trkpt>
  <trkpt lat="-3.63369291" lon="121.06181720"></trkpt>
  <trkpt lat="-3.63369291" lon="121.06175249"></trkpt>
  <trkpt lat="-3.63382232" lon="121.06162299"></trkpt>
  <trkpt lat="-3.63395182" lon="121.06149358"></trkpt>
  <trkpt lat="-3.63401653" lon="121.06142879"></trkpt>
  <trkpt lat="-3.63401653" lon="121.06136408"></trkpt>
  <trkpt lat="-3.63408124" lon="121.06129937"></trkpt>
  <trkpt lat="-3.63408124" lon="121.06123466"></trkpt>
  <trkpt lat="-3.63408124" lon="121.06116987"></trkpt>
  <trkpt lat="-3.63414595" lon="121.06110516"></trkpt>
  <trkpt lat="-3.63414595" lon="121.06097566"></trkpt>
  <trkpt lat="-3.63414595" lon="121.06091095"></trkpt>
  <trkpt lat="-3.63414595" lon="121.06071674"></trkpt>
  <trkpt lat="-3.63408124" lon="121.06065203"></trkpt>
  <trkpt lat="-3.63408124" lon="121.06052262"></trkpt>
  <trkpt lat="-3.63414595" lon="121.06045783"></trkpt>
  <trkpt lat="-3.63421074" lon="121.06032841"></trkpt>
  <trkpt lat="-3.63421074" lon="121.06026370"></trkpt>
  <trkpt lat="-3.63421074" lon="121.06013420"></trkpt>
  <trkpt lat="-3.63427545" lon="121.06013420"></trkpt>
  <trkpt lat="-3.63440487" lon="121.06006949"></trkpt>
  <trkpt lat="-3.63440487" lon="121.06000470"></trkpt>
  <trkpt lat="-3.63440487" lon="121.05993999"></trkpt>
  <trkpt lat="-3.63440487" lon="121.05981058"></trkpt>
  <trkpt lat="-3.63440487" lon="121.05974578"></trkpt>
  <trkpt lat="-3.63440487" lon="121.05961637"></trkpt>
  <trkpt lat="-3.63440487" lon="121.05955157"></trkpt>
  <trkpt lat="-3.63440487" lon="121.05948687"></trkpt>
  <trkpt lat="-3.63440487" lon="121.05942216"></trkpt>
  <trkpt lat="-3.63440487" lon="121.05935745"></trkpt>
  <trkpt lat="-3.63440487" lon="121.05929266"></trkpt>
  <trkpt lat="-3.63434016" lon="121.05929266"></trkpt>
  <trkpt lat="-3.63434016" lon="121.05922795"></trkpt>
  <trkpt lat="-3.63440487" lon="121.05909845"></trkpt>
  <trkpt lat="-3.63434016" lon="121.05903374"></trkpt>
  <trkpt lat="-3.63434016" lon="121.05896903"></trkpt>
  <trkpt lat="-3.63446957" lon="121.05890432"></trkpt>
  <trkpt lat="-3.63440487" lon="121.05877482"></trkpt>
  <trkpt lat="-3.63414595" lon="121.05864541"></trkpt>
  <trkpt lat="-3.63414595" lon="121.05851591"></trkpt>
  <trkpt lat="-3.63414595" lon="121.05845120"></trkpt>
  <trkpt lat="-3.63414595" lon="121.05825699"></trkpt>
  <trkpt lat="-3.63414595" lon="121.05819228"></trkpt>
  <trkpt lat="-3.63414595" lon="121.05806278"></trkpt>
  <trkpt lat="-3.63414595" lon="121.05793336"></trkpt>
  <trkpt lat="-3.63414595" lon="121.05786857"></trkpt>
  <trkpt lat="-3.63414595" lon="121.05780386"></trkpt>
  <trkpt lat="-3.63421074" lon="121.05773916"></trkpt>
  <trkpt lat="-3.63427545" lon="121.05760965"></trkpt>
  <trkpt lat="-3.63434016" lon="121.05748024"></trkpt>
  <trkpt lat="-3.63440487" lon="121.05741545"></trkpt>
  <trkpt lat="-3.63440487" lon="121.05735074"></trkpt>
  <trkpt lat="-3.63446957" lon="121.05722132"></trkpt>
  <trkpt lat="-3.63453428" lon="121.05715653"></trkpt>
  <trkpt lat="-3.63459907" lon="121.05709182"></trkpt>
  <trkpt lat="-3.63459907" lon="121.05702711"></trkpt>
  <trkpt lat="-3.63466378" lon="121.05702711"></trkpt>
  <trkpt lat="-3.63485791" lon="121.05702711"></trkpt>
  <trkpt lat="-3.63492270" lon="121.05702711"></trkpt>
  <trkpt lat="-3.63498741" lon="121.05696232"></trkpt>
  <trkpt lat="-3.63511682" lon="121.05689761"></trkpt>
  <trkpt lat="-3.63518153" lon="121.05683290"></trkpt>
  <trkpt lat="-3.63518153" lon="121.05689761"></trkpt>
  <trkpt lat="-3.63531103" lon="121.05676820"></trkpt>
  <trkpt lat="-3.63550516" lon="121.05670340"></trkpt>
  <trkpt lat="-3.63556995" lon="121.05663870"></trkpt>
  <trkpt lat="-3.63563466" lon="121.05657399"></trkpt>
  <trkpt lat="-3.63582878" lon="121.05657399"></trkpt>
  <trkpt lat="-3.63621712" lon="121.05650928"></trkpt>
  <trkpt lat="-3.63641133" lon="121.05650928"></trkpt>
  <trkpt lat="-3.63660553" lon="121.05644449"></trkpt>
  <trkpt lat="-3.63673495" lon="121.05644449"></trkpt>
  <trkpt lat="-3.63686437" lon="121.05644449"></trkpt>
  <trkpt lat="-3.63699387" lon="121.05637978"></trkpt>
  <trkpt lat="-3.63705858" lon="121.05637978"></trkpt>
  <trkpt lat="-3.63725270" lon="121.05631507"></trkpt>
  <trkpt lat="-3.63731749" lon="121.05631507"></trkpt>
  <trkpt lat="-3.63738220" lon="121.05625036"></trkpt>
  <trkpt lat="-3.63744691" lon="121.05612086"></trkpt>
  <trkpt lat="-3.63757633" lon="121.05605615"></trkpt>
  <trkpt lat="-3.63764112" lon="121.05605615"></trkpt>
  <trkpt lat="-3.63770583" lon="121.05599136"></trkpt>
  <trkpt lat="-3.63777054" lon="121.05599136"></trkpt>
  <trkpt lat="-3.63783524" lon="121.05599136"></trkpt>
  <trkpt lat="-3.63783524" lon="121.05592665"></trkpt>
  <trkpt lat="-3.63783524" lon="121.05586194"></trkpt>
  <trkpt lat="-3.63789995" lon="121.05586194"></trkpt>
  <trkpt lat="-3.63789995" lon="121.05579724"></trkpt>
  <trkpt lat="-3.63796474" lon="121.05573244"></trkpt>
  <trkpt lat="-3.63802945" lon="121.05573244"></trkpt>
  <trkpt lat="-3.63796474" lon="121.05566774"></trkpt>
  <trkpt lat="-3.63789995" lon="121.05586194"></trkpt>
  <trkpt lat="-3.63802945" lon="121.05573244"></trkpt>
  <trkpt lat="-3.63822358" lon="121.05566774"></trkpt>
  <trkpt lat="-3.63835308" lon="121.05553824"></trkpt>
  <trkpt lat="-3.63854720" lon="121.05547353"></trkpt>
  <trkpt lat="-3.63874141" lon="121.05534411"></trkpt>
  <trkpt lat="-3.63887083" lon="121.05521461"></trkpt>
  <trkpt lat="-3.63906504" lon="121.05521461"></trkpt>
  <trkpt lat="-3.63919445" lon="121.05514990"></trkpt>
  <trkpt lat="-3.63938866" lon="121.05502040"></trkpt>
  <trkpt lat="-3.63958279" lon="121.05495569"></trkpt>
  <trkpt lat="-3.63971229" lon="121.05482619"></trkpt>
  <trkpt lat="-3.63977700" lon="121.05482619"></trkpt>
 </trkseg>
</trk>
 <extensions>
 </extensions>
</gpx>
