<?xml version="1.0" encoding="UTF-8" standalone="yes"?>
<gpx
 version="1.1"
 creator="Global Mapper - http://www.globalmapper.com"
 xmlns:globalmapper="http://www.bluemarblegeo.com/globalmapper"
 xmlns:xsi="http://www.w3.org/2001/XMLSchema-instance"
 xmlns="http://www.topografix.com/GPX/1/1"
 xsi:schemaLocation="http://www.topografix.com/GPX/1/1 http://www.topografix.com/GPX/1/1/gpx.xsd">
 <metadata>
 </metadata>
<wpt lat="-4.02276652" lon="103.12978369">
 <name>Camp Area</name>
</wpt>
<wpt lat="-4.03128111" lon="103.13925222">
 <ele>2320</ele>
 <name>Dinding Lemari</name>
</wpt>
<wpt lat="-4.02419840" lon="103.14059970">
 <ele>2564</ele>
 <name>Hutan</name>
</wpt>
<wpt lat="-4.02293223" lon="103.13006775">
 <ele>2980</ele>
 <name>Kali</name>
</wpt>
<wpt lat="-4.02794243" lon="103.17021254">
 <ele>1466</ele>
 <name>Kampung 2</name>
</wpt>
<wpt lat="-4.04241043" lon="103.15715907">
 <ele>1533</ele>
 <name>Kampung 4</name>
</wpt>
<wpt lat="-4.02366104" lon="103.25431296">
 <ele>695</ele>
 <name>Konter OI</name>
</wpt>
<wpt lat="-4.02378601" lon="103.13928735">
 <ele>2641</ele>
 <name>Lapang</name>
</wpt>
<wpt lat="-4.02114797" lon="103.13399577">
 <ele>3045</ele>
 <name>Margomulyo</name>
</wpt>
<wpt lat="-4.04243566" lon="103.14880759">
 <name>Pintu Rimba Kampung Empat</name>
</wpt>
<wpt lat="-4.03516696" lon="103.14261178">
 <name>Pos 1 Kampung 4</name>
</wpt>
<wpt lat="-4.02489393" lon="103.14821810">
 <name>Pos 1 Tugu Rimau</name>
</wpt>
<wpt lat="-4.02890174" lon="103.13609627">
 <name>Pos 2 Kampung 4</name>
</wpt>
<wpt lat="-4.02318805" lon="103.13767651">
 <name>Pos 2 Tugu Rimau</name>
</wpt>
<wpt lat="-4.02123674" lon="103.13396869">
 <name>Puncak Bayangan</name>
</wpt>
<wpt lat="-4.02306399" lon="103.13132722">
 <name>Puncak Bayangan
</name>
</wpt>
<wpt lat="-4.01543411" lon="103.12792961">
 <name>Puncak Dempo</name>
</wpt>
<wpt lat="-4.02465865" lon="103.13242273">
 <ele>2926</ele>
 <name>Puncak Palsu</name>
</wpt>
<wpt lat="-4.02431566" lon="103.15186054">
 <ele>2010</ele>
 <name>selter</name>
</wpt>
<wpt lat="-4.04565607" lon="103.15098957">
 <name>Start Kampung Empat</name>
</wpt>
<wpt lat="-4.02150814" lon="103.13509958">
 <ele>2977</ele>
 <name>Tali
</name>
</wpt>
<wpt lat="-4.02187267" lon="103.13593601">
 <ele>2906</ele>
 <name>tali
</name>
</wpt>
<wpt lat="-4.02255563" lon="103.13733126">
 <ele>2801</ele>
 <name>tali
</name>
</wpt>
<wpt lat="-4.02261849" lon="103.13745883">
 <ele>2777</ele>
 <name>tali
</name>
</wpt>
<wpt lat="-4.02312384" lon="103.13764701">
 <ele>2738</ele>
 <name>tali
</name>
</wpt>
<wpt lat="-4.02456980" lon="103.15436605">
 <name>Tugu Rimau</name>
</wpt>
<wpt lat="-4.02420452" lon="103.14098795">
 <ele>2541</ele>
 <name>Umah1</name>
</wpt>
<wpt lat="-4.03033018" lon="103.18028927">
 <name>Villa Lahat (Kodya Pagaralam)</name>
</wpt>
<trk>
 <name>Dempo 4</name>
 <trkseg>
  <trkpt lat="-4.01926766" lon="103.12658952"></trkpt>
  <trkpt lat="-4.01953496" lon="103.12627729"></trkpt>
  <trkpt lat="-4.01982070" lon="103.12589935"></trkpt>
  <trkpt lat="-4.02003737" lon="103.12543382"></trkpt>
  <trkpt lat="-4.02023552" lon="103.12497290"></trkpt>
  <trkpt lat="-4.02031850" lon="103.12459496"></trkpt>
  <trkpt lat="-4.02037843" lon="103.12419858"></trkpt>
  <trkpt lat="-4.02041992" lon="103.12382064"></trkpt>
  <trkpt lat="-4.02032772" lon="103.12346114"></trkpt>
  <trkpt lat="-4.02021247" lon="103.12324455"></trkpt>
  <trkpt lat="-4.02012496" lon="103.12311547"></trkpt>
 </trkseg>
</trk>
<trk>
 <name>Dempo 5</name>
 <trkseg>
  <trkpt lat="-4.01926766" lon="103.12658952"></trkpt>
  <trkpt lat="-4.01884245" lon="103.12708271"></trkpt>
  <trkpt lat="-4.01828941" lon="103.12741455"></trkpt>
  <trkpt lat="-4.01765331" lon="103.12769107"></trkpt>
  <trkpt lat="-4.01704495" lon="103.12785015"></trkpt>
  <trkpt lat="-4.01678226" lon="103.12790539"></trkpt>
  <trkpt lat="-4.01620148" lon="103.12800220"></trkpt>
  <trkpt lat="-4.01543411" lon="103.12792961"></trkpt>
  <trkpt lat="-4.01496741" lon="103.12773256"></trkpt>
  <trkpt lat="-4.01460447" lon="103.12745260"></trkpt>
  <trkpt lat="-4.01440741" lon="103.12718295"></trkpt>
  <trkpt lat="-4.01427951" lon="103.12700048"></trkpt>
  <trkpt lat="-4.01425805" lon="103.12699746"></trkpt>
 </trkseg>
</trk>
<trk>
 <name>Track 469</name>
 <trkseg>
  <trkpt lat="-4.02892521" lon="103.18096259">
   <ele>1153.239</ele>
  </trkpt>
  <trkpt lat="-4.02908564" lon="103.18097591">
   <ele>1155.642</ele>
  </trkpt>
  <trkpt lat="-4.02918974" lon="103.18104523">
   <ele>1156.123</ele>
  </trkpt>
  <trkpt lat="-4.02955393" lon="103.18093250">
   <ele>1159.487</ele>
  </trkpt>
  <trkpt lat="-4.02972610" lon="103.18082906">
   <ele>1160.929</ele>
  </trkpt>
  <trkpt lat="-4.02998334" lon="103.18049412">
   <ele>1164.294</ele>
  </trkpt>
  <trkpt lat="-4.03003950" lon="103.18023663">
   <ele>1166.217</ele>
  </trkpt>
  <trkpt lat="-4.03028727" lon="103.18017184">
   <ele>1167.658</ele>
  </trkpt>
  <trkpt lat="-4.03066286" lon="103.18025398">
   <ele>1171.023</ele>
  </trkpt>
  <trkpt lat="-4.03082723" lon="103.18028927">
   <ele>1172.946</ele>
  </trkpt>
  <trkpt lat="-4.03106175" lon="103.18028927">
   <ele>1174.868</ele>
  </trkpt>
  <trkpt lat="-4.03117156" lon="103.18026404">
   <ele>1175.349</ele>
  </trkpt>
  <trkpt lat="-4.03156098" lon="103.18015499">
   <ele>1178.714</ele>
  </trkpt>
  <trkpt lat="-4.03159216" lon="103.17994016">
   <ele>1182.078</ele>
  </trkpt>
  <trkpt lat="-4.03154690" lon="103.17992432">
   <ele>1182.559</ele>
  </trkpt>
  <trkpt lat="-4.03138437" lon="103.17991870">
   <ele>1184.001</ele>
  </trkpt>
  <trkpt lat="-4.03118195" lon="103.17991175">
   <ele>1185.443</ele>
  </trkpt>
  <trkpt lat="-4.03106033" lon="103.17990756">
   <ele>1185.924</ele>
  </trkpt>
  <trkpt lat="-4.03094659" lon="103.17990362">
   <ele>1186.404</ele>
  </trkpt>
  <trkpt lat="-4.03066219" lon="103.17947304">
   <ele>1189.288</ele>
  </trkpt>
  <trkpt lat="-4.03051685" lon="103.17934195">
   <ele>1191.691</ele>
  </trkpt>
  <trkpt lat="-4.03032079" lon="103.17928378">
   <ele>1193.133</ele>
  </trkpt>
  <trkpt lat="-4.03019096" lon="103.17926215">
   <ele>1194.095</ele>
  </trkpt>
  <trkpt lat="-4.03004880" lon="103.17927506">
   <ele>1195.056</ele>
  </trkpt>
  <trkpt lat="-4.02975971" lon="103.17930138">
   <ele>1196.979</ele>
  </trkpt>
  <trkpt lat="-4.02962484" lon="103.17931353">
   <ele>1197.94</ele>
  </trkpt>
  <trkpt lat="-4.02946668" lon="103.17920264">
   <ele>1200.344</ele>
  </trkpt>
  <trkpt lat="-4.02955117" lon="103.17920364">
   <ele>1202.266</ele>
  </trkpt>
  <trkpt lat="-4.02987354" lon="103.17907372">
   <ele>1205.631</ele>
  </trkpt>
  <trkpt lat="-4.02999457" lon="103.17899091">
   <ele>1206.111</ele>
  </trkpt>
  <trkpt lat="-4.03038776" lon="103.17876955">
   <ele>1209.956</ele>
  </trkpt>
  <trkpt lat="-4.03071843" lon="103.17842145">
   <ele>1212.841</ele>
  </trkpt>
  <trkpt lat="-4.03077132" lon="103.17838431">
   <ele>1214.763</ele>
  </trkpt>
  <trkpt lat="-4.03115219" lon="103.17836495">
   <ele>1216.205</ele>
  </trkpt>
  <trkpt lat="-4.03129569" lon="103.17840099">
   <ele>1216.686</ele>
  </trkpt>
  <trkpt lat="-4.03158478" lon="103.17821408">
   <ele>1214.763</ele>
  </trkpt>
  <trkpt lat="-4.03169593" lon="103.17808860">
   <ele>1214.763</ele>
  </trkpt>
  <trkpt lat="-4.03209155" lon="103.17774695">
   <ele>1213.802</ele>
  </trkpt>
  <trkpt lat="-4.03245072" lon="103.17743791">
   <ele>1214.763</ele>
  </trkpt>
  <trkpt lat="-4.03290921" lon="103.17730338">
   <ele>1218.128</ele>
  </trkpt>
  <trkpt lat="-4.03304625" lon="103.17727203">
   <ele>1219.089</ele>
  </trkpt>
  <trkpt lat="-4.03355135" lon="103.17727430">
   <ele>1222.454</ele>
  </trkpt>
  <trkpt lat="-4.03368663" lon="103.17730011">
   <ele>1224.376</ele>
  </trkpt>
  <trkpt lat="-4.03397589" lon="103.17704950">
   <ele>1226.299</ele>
  </trkpt>
  <trkpt lat="-4.03402350" lon="103.17691857">
   <ele>1227.26</ele>
  </trkpt>
  <trkpt lat="-4.03411612" lon="103.17666393">
   <ele>1227.741</ele>
  </trkpt>
  <trkpt lat="-4.03433866" lon="103.17628004">
   <ele>1224.857</ele>
  </trkpt>
  <trkpt lat="-4.03444905" lon="103.17612665">
   <ele>1223.415</ele>
  </trkpt>
  <trkpt lat="-4.03468098" lon="103.17613872">
   <ele>1223.415</ele>
  </trkpt>
  <trkpt lat="-4.03514634" lon="103.17649126">
   <ele>1226.78</ele>
  </trkpt>
  <trkpt lat="-4.03558681" lon="103.17635430">
   <ele>1229.664</ele>
  </trkpt>
  <trkpt lat="-4.03580667" lon="103.17635690">
   <ele>1231.586</ele>
  </trkpt>
  <trkpt lat="-4.03600389" lon="103.17642261">
   <ele>1232.067</ele>
  </trkpt>
  <trkpt lat="-4.03632266" lon="103.17631340">
   <ele>1234.47</ele>
  </trkpt>
  <trkpt lat="-4.03638460" lon="103.17620192">
   <ele>1235.431</ele>
  </trkpt>
  <trkpt lat="-4.03672524" lon="103.17618985">
   <ele>1237.354</ele>
  </trkpt>
  <trkpt lat="-4.03676866" lon="103.17621424">
   <ele>1237.354</ele>
  </trkpt>
  <trkpt lat="-4.03696798" lon="103.17616738">
   <ele>1238.796</ele>
  </trkpt>
  <trkpt lat="-4.03694141" lon="103.17585214">
   <ele>1242.641</ele>
  </trkpt>
  <trkpt lat="-4.03692280" lon="103.17581484">
   <ele>1242.641</ele>
  </trkpt>
  <trkpt lat="-4.03686186" lon="103.17577285">
   <ele>1244.083</ele>
  </trkpt>
  <trkpt lat="-4.03676748" lon="103.17568123">
   <ele>1244.564</ele>
  </trkpt>
  <trkpt lat="-4.03686161" lon="103.17558409">
   <ele>1245.525</ele>
  </trkpt>
  <trkpt lat="-4.03720192" lon="103.17540706">
   <ele>1248.89</ele>
  </trkpt>
  <trkpt lat="-4.03740694" lon="103.17533690">
   <ele>1249.851</ele>
  </trkpt>
  <trkpt lat="-4.03764909" lon="103.17544503">
   <ele>1252.254</ele>
  </trkpt>
  <trkpt lat="-4.03775822" lon="103.17550178">
   <ele>1252.735</ele>
  </trkpt>
  <trkpt lat="-4.03792812" lon="103.17559004">
   <ele>1254.177</ele>
  </trkpt>
  <trkpt lat="-4.03838661" lon="103.17561979">
   <ele>1256.58</ele>
  </trkpt>
  <trkpt lat="-4.03856087" lon="103.17533984">
   <ele>1258.984</ele>
  </trkpt>
  <trkpt lat="-4.03844018" lon="103.17515736">
   <ele>1261.387</ele>
  </trkpt>
  <trkpt lat="-4.03841428" lon="103.17514630">
   <ele>1261.387</ele>
  </trkpt>
  <trkpt lat="-4.03833523" lon="103.17514563">
   <ele>1261.868</ele>
  </trkpt>
  <trkpt lat="-4.03814706" lon="103.17514001">
   <ele>1263.31</ele>
  </trkpt>
  <trkpt lat="-4.03788865" lon="103.17499241">
   <ele>1266.674</ele>
  </trkpt>
  <trkpt lat="-4.03775454" lon="103.17481211">
   <ele>1267.635</ele>
  </trkpt>
  <trkpt lat="-4.03770022" lon="103.17461539">
   <ele>1268.116</ele>
  </trkpt>
  <trkpt lat="-4.03752848" lon="103.17424416">
   <ele>1271.481</ele>
  </trkpt>
  <trkpt lat="-4.03718641" lon="103.17402807">
   <ele>1274.365</ele>
  </trkpt>
  <trkpt lat="-4.03704425" lon="103.17395146">
   <ele>1275.807</ele>
  </trkpt>
  <trkpt lat="-4.03680939" lon="103.17387636">
   <ele>1277.249</ele>
  </trkpt>
  <trkpt lat="-4.03647982" lon="103.17407132">
   <ele>1280.614</ele>
  </trkpt>
  <trkpt lat="-4.03643279" lon="103.17414341">
   <ele>1280.614</ele>
  </trkpt>
  <trkpt lat="-4.03638577" lon="103.17421549">
   <ele>1281.094</ele>
  </trkpt>
  <trkpt lat="-4.03626029" lon="103.17440785">
   <ele>1282.055</ele>
  </trkpt>
  <trkpt lat="-4.03590096" lon="103.17458932">
   <ele>1284.939</ele>
  </trkpt>
  <trkpt lat="-4.03582335" lon="103.17458153">
   <ele>1285.901</ele>
  </trkpt>
  <trkpt lat="-4.03585872" lon="103.17449595">
   <ele>1287.823</ele>
  </trkpt>
  <trkpt lat="-4.03596466" lon="103.17440442">
   <ele>1289.265</ele>
  </trkpt>
  <trkpt lat="-4.03615535" lon="103.17393336">
   <ele>1293.111</ele>
  </trkpt>
  <trkpt lat="-4.03618477" lon="103.17386328">
   <ele>1293.591</ele>
  </trkpt>
  <trkpt lat="-4.03628267" lon="103.17366396">
   <ele>1294.552</ele>
  </trkpt>
  <trkpt lat="-4.03644034" lon="103.17346699">
   <ele>1296.475</ele>
  </trkpt>
  <trkpt lat="-4.03658912" lon="103.17315090">
   <ele>1299.359</ele>
  </trkpt>
  <trkpt lat="-4.03658585" lon="103.17309240">
   <ele>1300.321</ele>
  </trkpt>
  <trkpt lat="-4.03673261" lon="103.17274748">
   <ele>1302.243</ele>
  </trkpt>
  <trkpt lat="-4.03694116" lon="103.17262963">
   <ele>1304.166</ele>
  </trkpt>
  <trkpt lat="-4.03718348" lon="103.17243618">
   <ele>1308.011</ele>
  </trkpt>
  <trkpt lat="-4.03733913" lon="103.17230701">
   <ele>1309.453</ele>
  </trkpt>
  <trkpt lat="-4.03743267" lon="103.17230701">
   <ele>1309.934</ele>
  </trkpt>
  <trkpt lat="-4.03760693" lon="103.17214885">
   <ele>1310.895</ele>
  </trkpt>
  <trkpt lat="-4.03764515" lon="103.17203418">
   <ele>1312.337</ele>
  </trkpt>
  <trkpt lat="-4.03768849" lon="103.17190418">
   <ele>1313.298</ele>
  </trkpt>
  <trkpt lat="-4.03767239" lon="103.17177485">
   <ele>1314.74</ele>
  </trkpt>
  <trkpt lat="-4.03759235" lon="103.17149690">
   <ele>1316.663</ele>
  </trkpt>
  <trkpt lat="-4.03742001" lon="103.17117688">
   <ele>1319.547</ele>
  </trkpt>
  <trkpt lat="-4.03739772" lon="103.17113548">
   <ele>1320.508</ele>
  </trkpt>
  <trkpt lat="-4.03721332" lon="103.17093230">
   <ele>1322.431</ele>
  </trkpt>
  <trkpt lat="-4.03710452" lon="103.17062745">
   <ele>1322.911</ele>
  </trkpt>
  <trkpt lat="-4.03723435" lon="103.17035210">
   <ele>1325.315</ele>
  </trkpt>
  <trkpt lat="-4.03744407" lon="103.17004507">
   <ele>1326.276</ele>
  </trkpt>
  <trkpt lat="-4.03760224" lon="103.17011791">
   <ele>1326.276</ele>
  </trkpt>
  <trkpt lat="-4.03782419" lon="103.17031464">
   <ele>1328.199</ele>
  </trkpt>
  <trkpt lat="-4.03789007" lon="103.17040323">
   <ele>1329.16</ele>
  </trkpt>
  <trkpt lat="-4.03813474" lon="103.17064220">
   <ele>1331.083</ele>
  </trkpt>
  <trkpt lat="-4.03829207" lon="103.17041153">
   <ele>1330.602</ele>
  </trkpt>
  <trkpt lat="-4.03844613" lon="103.17012512">
   <ele>1332.044</ele>
  </trkpt>
  <trkpt lat="-4.03873547" lon="103.16992714">
   <ele>1333.005</ele>
  </trkpt>
  <trkpt lat="-4.03908541" lon="103.16978758">
   <ele>1333.486</ele>
  </trkpt>
  <trkpt lat="-4.03934986" lon="103.16962020">
   <ele>1333.967</ele>
  </trkpt>
  <trkpt lat="-4.03942186" lon="103.16962548">
   <ele>1333.967</ele>
  </trkpt>
  <trkpt lat="-4.03954097" lon="103.16966646">
   <ele>1334.447</ele>
  </trkpt>
  <trkpt lat="-4.04007892" lon="103.16996545">
   <ele>1331.563</ele>
  </trkpt>
  <trkpt lat="-4.04031688" lon="103.17010995">
   <ele>1329.16</ele>
  </trkpt>
  <trkpt lat="-4.04071595" lon="103.17011221">
   <ele>1326.276</ele>
  </trkpt>
  <trkpt lat="-4.04114082" lon="103.17002823">
   <ele>1322.911</ele>
  </trkpt>
  <trkpt lat="-4.04159026" lon="103.16995732">
   <ele>1320.027</ele>
  </trkpt>
  <trkpt lat="-4.04193970" lon="103.16990225">
   <ele>1319.066</ele>
  </trkpt>
  <trkpt lat="-4.04196762" lon="103.16976805">
   <ele>1318.585</ele>
  </trkpt>
  <trkpt lat="-4.04179461" lon="103.16922893">
   <ele>1315.702</ele>
  </trkpt>
  <trkpt lat="-4.04191716" lon="103.16910295">
   <ele>1315.702</ele>
  </trkpt>
  <trkpt lat="-4.04214900" lon="103.16924209">
   <ele>1316.182</ele>
  </trkpt>
  <trkpt lat="-4.04238872" lon="103.16955029">
   <ele>1318.585</ele>
  </trkpt>
  <trkpt lat="-4.04273205" lon="103.16988573">
   <ele>1320.508</ele>
  </trkpt>
  <trkpt lat="-4.04295785" lon="103.16987886">
   <ele>1321.469</ele>
  </trkpt>
  <trkpt lat="-4.04315734" lon="103.16959991">
   <ele>1324.354</ele>
  </trkpt>
  <trkpt lat="-4.04333252" lon="103.16929615">
   <ele>1326.757</ele>
  </trkpt>
  <trkpt lat="-4.04337091" lon="103.16887278">
   <ele>1330.121</ele>
  </trkpt>
  <trkpt lat="-4.04353444" lon="103.16848118">
   <ele>1333.486</ele>
  </trkpt>
  <trkpt lat="-4.04369420" lon="103.16818312">
   <ele>1336.37</ele>
  </trkpt>
  <trkpt lat="-4.04409067" lon="103.16826166">
   <ele>1339.254</ele>
  </trkpt>
  <trkpt lat="-4.04426627" lon="103.16806812">
   <ele>1340.696</ele>
  </trkpt>
  <trkpt lat="-4.04441488" lon="103.16773410">
   <ele>1343.099</ele>
  </trkpt>
  <trkpt lat="-4.04477354" lon="103.16757199">
   <ele>1345.983</ele>
  </trkpt>
  <trkpt lat="-4.04496448" lon="103.16710453">
   <ele>1348.867</ele>
  </trkpt>
  <trkpt lat="-4.04511510" lon="103.16668301">
   <ele>1352.231</ele>
  </trkpt>
  <trkpt lat="-4.04539179" lon="103.16649584">
   <ele>1354.154</ele>
  </trkpt>
  <trkpt lat="-4.04590904" lon="103.16628898">
   <ele>1357.519</ele>
  </trkpt>
  <trkpt lat="-4.04594139" lon="103.16605462">
   <ele>1359.922</ele>
  </trkpt>
  <trkpt lat="-4.04612680" lon="103.16566125">
   <ele>1362.325</ele>
  </trkpt>
  <trkpt lat="-4.04624423" lon="103.16532338">
   <ele>1365.69</ele>
  </trkpt>
  <trkpt lat="-4.04633760" lon="103.16500856">
   <ele>1368.093</ele>
  </trkpt>
  <trkpt lat="-4.04622830" lon="103.16467118">
   <ele>1370.977</ele>
  </trkpt>
  <trkpt lat="-4.04630785" lon="103.16421278">
   <ele>1373.861</ele>
  </trkpt>
  <trkpt lat="-4.04659158" lon="103.16386920">
   <ele>1376.265</ele>
  </trkpt>
  <trkpt lat="-4.04677799" lon="103.16370500">
   <ele>1379.148</ele>
  </trkpt>
  <trkpt lat="-4.04674656" lon="103.16367860">
   <ele>1379.629</ele>
  </trkpt>
  <trkpt lat="-4.04635043" lon="103.16384708">
   <ele>1382.994</ele>
  </trkpt>
  <trkpt lat="-4.04595992" lon="103.16390533">
   <ele>1384.436</ele>
  </trkpt>
  <trkpt lat="-4.04579756" lon="103.16393986">
   <ele>1385.878</ele>
  </trkpt>
  <trkpt lat="-4.04546027" lon="103.16414857">
   <ele>1387.8</ele>
  </trkpt>
  <trkpt lat="-4.04523371" lon="103.16435209">
   <ele>1391.165</ele>
  </trkpt>
  <trkpt lat="-4.04524092" lon="103.16441420">
   <ele>1391.165</ele>
  </trkpt>
  <trkpt lat="-4.04504419" lon="103.16475115">
   <ele>1394.049</ele>
  </trkpt>
  <trkpt lat="-4.04477731" lon="103.16484595">
   <ele>1396.452</ele>
  </trkpt>
  <trkpt lat="-4.04448118" lon="103.16480814">
   <ele>1399.336</ele>
  </trkpt>
  <trkpt lat="-4.04432025" lon="103.16506840">
   <ele>1400.778</ele>
  </trkpt>
  <trkpt lat="-4.04390660" lon="103.16518986">
   <ele>1404.143</ele>
  </trkpt>
  <trkpt lat="-4.04348608" lon="103.16500981">
   <ele>1407.027</ele>
  </trkpt>
  <trkpt lat="-4.04321811" lon="103.16461503">
   <ele>1410.391</ele>
  </trkpt>
  <trkpt lat="-4.04285082" lon="103.16449977">
   <ele>1412.795</ele>
  </trkpt>
  <trkpt lat="-4.04273381" lon="103.16423172">
   <ele>1414.717</ele>
  </trkpt>
  <trkpt lat="-4.04246072" lon="103.16408194">
   <ele>1417.601</ele>
  </trkpt>
  <trkpt lat="-4.04244639" lon="103.16407037">
   <ele>1417.121</ele>
  </trkpt>
  <trkpt lat="-4.04248889" lon="103.16399108">
   <ele>1418.082</ele>
  </trkpt>
  <trkpt lat="-4.04300211" lon="103.16401614">
   <ele>1422.408</ele>
  </trkpt>
  <trkpt lat="-4.04340411" lon="103.16397666">
   <ele>1424.811</ele>
  </trkpt>
  <trkpt lat="-4.04372589" lon="103.16381581">
   <ele>1427.695</ele>
  </trkpt>
  <trkpt lat="-4.04376453" lon="103.16369696">
   <ele>1428.656</ele>
  </trkpt>
  <trkpt lat="-4.04376126" lon="103.16354910">
   <ele>1428.656</ele>
  </trkpt>
  <trkpt lat="-4.04369513" lon="103.16319513">
   <ele>1432.021</ele>
  </trkpt>
  <trkpt lat="-4.04370049" lon="103.16271426">
   <ele>1434.905</ele>
  </trkpt>
  <trkpt lat="-4.04387886" lon="103.16245861">
   <ele>1436.828</ele>
  </trkpt>
  <trkpt lat="-4.04422218" lon="103.16223742">
   <ele>1439.712</ele>
  </trkpt>
  <trkpt lat="-4.04446249" lon="103.16192192">
   <ele>1443.076</ele>
  </trkpt>
  <trkpt lat="-4.04462988" lon="103.16151749">
   <ele>1445.479</ele>
  </trkpt>
  <trkpt lat="-4.04459056" lon="103.16115674">
   <ele>1448.363</ele>
  </trkpt>
  <trkpt lat="-4.04475535" lon="103.16064226">
   <ele>1451.247</ele>
  </trkpt>
  <trkpt lat="-4.04479575" lon="103.16055106">
   <ele>1452.689</ele>
  </trkpt>
  <trkpt lat="-4.04478771" lon="103.16022886">
   <ele>1454.132</ele>
  </trkpt>
  <trkpt lat="-4.04470791" lon="103.16032542">
   <ele>1455.093</ele>
  </trkpt>
  <trkpt lat="-4.04461596" lon="103.16051041">
   <ele>1457.015</ele>
  </trkpt>
  <trkpt lat="-4.04429644" lon="103.16076145">
   <ele>1459.899</ele>
  </trkpt>
  <trkpt lat="-4.04391523" lon="103.16105900">
   <ele>1463.264</ele>
  </trkpt>
  <trkpt lat="-4.04370720" lon="103.16132220">
   <ele>1465.187</ele>
  </trkpt>
  <trkpt lat="-4.04325223" lon="103.16136218">
   <ele>1468.071</ele>
  </trkpt>
  <trkpt lat="-4.04292391" lon="103.16109597">
   <ele>1471.435</ele>
  </trkpt>
  <trkpt lat="-4.04259852" lon="103.16100745">
   <ele>1473.838</ele>
  </trkpt>
  <trkpt lat="-4.04245737" lon="103.16114835">
   <ele>1474.8</ele>
  </trkpt>
  <trkpt lat="-4.04222502" lon="103.16121499">
   <ele>1476.722</ele>
  </trkpt>
  <trkpt lat="-4.04185982" lon="103.16091643">
   <ele>1479.606</ele>
  </trkpt>
  <trkpt lat="-4.04185723" lon="103.16086647">
   <ele>1480.087</ele>
  </trkpt>
  <trkpt lat="-4.04199477" lon="103.16086505">
   <ele>1482.01</ele>
  </trkpt>
  <trkpt lat="-4.04239467" lon="103.16073479">
   <ele>1484.413</ele>
  </trkpt>
  <trkpt lat="-4.04273439" lon="103.16042449">
   <ele>1487.778</ele>
  </trkpt>
  <trkpt lat="-4.04305349" lon="103.16040924">
   <ele>1490.661</ele>
  </trkpt>
  <trkpt lat="-4.04314712" lon="103.16022777">
   <ele>1492.104</ele>
  </trkpt>
  <trkpt lat="-4.04300999" lon="103.15976551">
   <ele>1494.987</ele>
  </trkpt>
  <trkpt lat="-4.04280581" lon="103.15925010">
   <ele>1497.871</ele>
  </trkpt>
  <trkpt lat="-4.04260715" lon="103.15882397">
   <ele>1501.236</ele>
  </trkpt>
  <trkpt lat="-4.04272341" lon="103.15855307">
   <ele>1502.197</ele>
  </trkpt>
  <trkpt lat="-4.04305232" lon="103.15847578">
   <ele>1504.601</ele>
  </trkpt>
  <trkpt lat="-4.04323337" lon="103.15805082">
   <ele>1507.485</ele>
  </trkpt>
  <trkpt lat="-4.04323597" lon="103.15798637">
   <ele>1507.965</ele>
  </trkpt>
  <trkpt lat="-4.04308870" lon="103.15796440">
   <ele>1509.888</ele>
  </trkpt>
  <trkpt lat="-4.04278234" lon="103.15819616">
   <ele>1513.252</ele>
  </trkpt>
  <trkpt lat="-4.04242468" lon="103.15804311">
   <ele>1515.175</ele>
  </trkpt>
  <trkpt lat="-4.04236467" lon="103.15800506">
   <ele>1516.136</ele>
  </trkpt>
  <trkpt lat="-4.04227582" lon="103.15800799">
   <ele>1516.136</ele>
  </trkpt>
  <trkpt lat="-4.04221287" lon="103.15812358">
   <ele>1517.578</ele>
  </trkpt>
  <trkpt lat="-4.04204984" lon="103.15858316">
   <ele>1520.462</ele>
  </trkpt>
  <trkpt lat="-4.04194859" lon="103.15865256">
   <ele>1522.385</ele>
  </trkpt>
  <trkpt lat="-4.04188698" lon="103.15854234">
   <ele>1523.346</ele>
  </trkpt>
  <trkpt lat="-4.04196979" lon="103.15814084">
   <ele>1525.269</ele>
  </trkpt>
  <trkpt lat="-4.04203920" lon="103.15767774">
   <ele>1529.595</ele>
  </trkpt>
  <trkpt lat="-4.04227900" lon="103.15740860">
   <ele>1531.037</ele>
  </trkpt>
  <trkpt lat="-4.04244035" lon="103.15705053">
   <ele>1533.921</ele>
  </trkpt>
  <trkpt lat="-4.04247137" lon="103.15686964">
   <ele>1534.402</ele>
  </trkpt>
  <trkpt lat="-4.04234153" lon="103.15688817">
   <ele>1536.805</ele>
  </trkpt>
  <trkpt lat="-4.04193945" lon="103.15716762">
   <ele>1539.689</ele>
  </trkpt>
  <trkpt lat="-4.04161725" lon="103.15732336">
   <ele>1542.573</ele>
  </trkpt>
  <trkpt lat="-4.04146361" lon="103.15746283">
   <ele>1544.015</ele>
  </trkpt>
  <trkpt lat="-4.04104787" lon="103.15736351">
   <ele>1546.898</ele>
  </trkpt>
  <trkpt lat="-4.04113823" lon="103.15729938">
   <ele>1548.341</ele>
  </trkpt>
  <trkpt lat="-4.04130687" lon="103.15696419">
   <ele>1551.705</ele>
  </trkpt>
  <trkpt lat="-4.04131944" lon="103.15692957">
   <ele>1549.302</ele>
  </trkpt>
  <trkpt lat="-4.04135297" lon="103.15694726">
   <ele>1546.898</ele>
  </trkpt>
  <trkpt lat="-4.04156168" lon="103.15685657">
   <ele>1546.898</ele>
  </trkpt>
  <trkpt lat="-4.04168883" lon="103.15687979">
   <ele>1546.418</ele>
  </trkpt>
  <trkpt lat="-4.04157677" lon="103.15693326">
   <ele>1546.418</ele>
  </trkpt>
  <trkpt lat="-4.04168355" lon="103.15683461">
   <ele>1546.418</ele>
  </trkpt>
  <trkpt lat="-4.04174097" lon="103.15687342">
   <ele>1545.457</ele>
  </trkpt>
  <trkpt lat="-4.04185195" lon="103.15678792">
   <ele>1546.898</ele>
  </trkpt>
  <trkpt lat="-4.04173208" lon="103.15685967">
   <ele>1546.898</ele>
  </trkpt>
  <trkpt lat="-4.04176041" lon="103.15684056">
   <ele>1546.898</ele>
  </trkpt>
  <trkpt lat="-4.04168255" lon="103.15693838">
   <ele>1545.937</ele>
  </trkpt>
  <trkpt lat="-4.04173443" lon="103.15698473">
   <ele>1546.418</ele>
  </trkpt>
  <trkpt lat="-4.04166796" lon="103.15700954">
   <ele>1547.379</ele>
  </trkpt>
  <trkpt lat="-4.04163754" lon="103.15705421">
   <ele>1548.341</ele>
  </trkpt>
  <trkpt lat="-4.04162806" lon="103.15706645">
   <ele>1548.821</ele>
  </trkpt>
  <trkpt lat="-4.04162563" lon="103.15707408">
   <ele>1552.186</ele>
  </trkpt>
  <trkpt lat="-4.04157023" lon="103.15704701">
   <ele>1555.551</ele>
  </trkpt>
  <trkpt lat="-4.04151935" lon="103.15703871">
   <ele>1556.031</ele>
  </trkpt>
  <trkpt lat="-4.04136186" lon="103.15697450">
   <ele>1558.915</ele>
  </trkpt>
  <trkpt lat="-4.04133503" lon="103.15699051">
   <ele>1560.357</ele>
  </trkpt>
  <trkpt lat="-4.04133587" lon="103.15698414">
   <ele>1562.28</ele>
  </trkpt>
  <trkpt lat="-4.04133520" lon="103.15698272">
   <ele>1565.645</ele>
  </trkpt>
  <trkpt lat="-4.04133302" lon="103.15698020">
   <ele>1569.009</ele>
  </trkpt>
  <trkpt lat="-4.04130402" lon="103.15696159">
   <ele>1571.893</ele>
  </trkpt>
  <trkpt lat="-4.04130511" lon="103.15696428">
   <ele>1575.257</ele>
  </trkpt>
  <trkpt lat="-4.04130880" lon="103.15696545">
   <ele>1578.141</ele>
  </trkpt>
  <trkpt lat="-4.04131022" lon="103.15696361">
   <ele>1581.506</ele>
  </trkpt>
  <trkpt lat="-4.04132145" lon="103.15695933">
   <ele>1584.871</ele>
  </trkpt>
  <trkpt lat="-4.04131701" lon="103.15694533">
   <ele>1585.351</ele>
  </trkpt>
  <trkpt lat="-4.04137284" lon="103.15676697">
   <ele>1586.793</ele>
  </trkpt>
  <trkpt lat="-4.04154358" lon="103.15665624">
   <ele>1588.716</ele>
  </trkpt>
  <trkpt lat="-4.04163670" lon="103.15641928">
   <ele>1591.6</ele>
  </trkpt>
  <trkpt lat="-4.04143453" lon="103.15625056">
   <ele>1594.003</ele>
  </trkpt>
  <trkpt lat="-4.04149949" lon="103.15594370">
   <ele>1594.484</ele>
  </trkpt>
  <trkpt lat="-4.04164148" lon="103.15556098">
   <ele>1595.445</ele>
  </trkpt>
  <trkpt lat="-4.04177450" lon="103.15524079">
   <ele>1595.445</ele>
  </trkpt>
  <trkpt lat="-4.04179771" lon="103.15493368">
   <ele>1594.003</ele>
  </trkpt>
  <trkpt lat="-4.04186058" lon="103.15462128">
   <ele>1593.042</ele>
  </trkpt>
  <trkpt lat="-4.04170996" lon="103.15435440">
   <ele>1591.6</ele>
  </trkpt>
  <trkpt lat="-4.04165019" lon="103.15425885">
   <ele>1590.158</ele>
  </trkpt>
  <trkpt lat="-4.04172085" lon="103.15389533">
   <ele>1587.274</ele>
  </trkpt>
  <trkpt lat="-4.04190484" lon="103.15395785">
   <ele>1588.716</ele>
  </trkpt>
  <trkpt lat="-4.04225143" lon="103.15402382">
   <ele>1590.638</ele>
  </trkpt>
  <trkpt lat="-4.04245100" lon="103.15423085">
   <ele>1593.522</ele>
  </trkpt>
  <trkpt lat="-4.04262266" lon="103.15454040">
   <ele>1595.926</ele>
  </trkpt>
  <trkpt lat="-4.04287403" lon="103.15483469">
   <ele>1597.849</ele>
  </trkpt>
  <trkpt lat="-4.04301904" lon="103.15460024">
   <ele>1599.291</ele>
  </trkpt>
  <trkpt lat="-4.04315240" lon="103.15438843">
   <ele>1601.213</ele>
  </trkpt>
  <trkpt lat="-4.04310051" lon="103.15406682">
   <ele>1603.616</ele>
  </trkpt>
  <trkpt lat="-4.04313806" lon="103.15382643">
   <ele>1605.058</ele>
  </trkpt>
  <trkpt lat="-4.04334493" lon="103.15365225">
   <ele>1606.981</ele>
  </trkpt>
  <trkpt lat="-4.04365397" lon="103.15373448">
   <ele>1609.865</ele>
  </trkpt>
  <trkpt lat="-4.04405655" lon="103.15374822">
   <ele>1612.268</ele>
  </trkpt>
  <trkpt lat="-4.04424129" lon="103.15364487">
   <ele>1613.23</ele>
  </trkpt>
  <trkpt lat="-4.04432645" lon="103.15356650">
   <ele>1614.672</ele>
  </trkpt>
  <trkpt lat="-4.04441002" lon="103.15329376">
   <ele>1615.152</ele>
  </trkpt>
  <trkpt lat="-4.04445888" lon="103.15317339">
   <ele>1616.114</ele>
  </trkpt>
  <trkpt lat="-4.04462652" lon="103.15301053">
   <ele>1618.036</ele>
  </trkpt>
  <trkpt lat="-4.04479324" lon="103.15286008">
   <ele>1619.478</ele>
  </trkpt>
  <trkpt lat="-4.04480170" lon="103.15285371">
   <ele>1620.439</ele>
  </trkpt>
  <trkpt lat="-4.04479961" lon="103.15284147">
   <ele>1623.323</ele>
  </trkpt>
  <trkpt lat="-4.04481679" lon="103.15282303">
   <ele>1624.285</ele>
  </trkpt>
  <trkpt lat="-4.04489072" lon="103.15258448">
   <ele>1624.285</ele>
  </trkpt>
  <trkpt lat="-4.04493531" lon="103.15252698">
   <ele>1625.246</ele>
  </trkpt>
  <trkpt lat="-4.04501276" lon="103.15230436">
   <ele>1626.688</ele>
  </trkpt>
  <trkpt lat="-4.04489256" lon="103.15205961">
   <ele>1626.207</ele>
  </trkpt>
  <trkpt lat="-4.04477396" lon="103.15185240">
   <ele>1624.765</ele>
  </trkpt>
  <trkpt lat="-4.04478771" lon="103.15161302">
   <ele>1623.323</ele>
  </trkpt>
  <trkpt lat="-4.04497513" lon="103.15153414">
   <ele>1622.362</ele>
  </trkpt>
  <trkpt lat="-4.04527386" lon="103.15166591">
   <ele>1624.765</ele>
  </trkpt>
  <trkpt lat="-4.04535768" lon="103.15167387">
   <ele>1624.765</ele>
  </trkpt>
  <trkpt lat="-4.04556697" lon="103.15149525">
   <ele>1627.169</ele>
  </trkpt>
  <trkpt lat="-4.04570988" lon="103.15124614">
   <ele>1629.091</ele>
  </trkpt>
  <trkpt lat="-4.04567988" lon="103.15100273">
   <ele>1630.533</ele>
  </trkpt>
  <trkpt lat="-4.04568541" lon="103.15101279">
   <ele>1630.533</ele>
  </trkpt>
  <trkpt lat="-4.04569840" lon="103.15102528">
   <ele>1631.975</ele>
  </trkpt>
  <trkpt lat="-4.04569346" lon="103.15103416">
   <ele>1631.975</ele>
  </trkpt>
  <trkpt lat="-4.04570142" lon="103.15106551">
   <ele>1631.495</ele>
  </trkpt>
  <trkpt lat="-4.04566311" lon="103.15103986">
   <ele>1632.456</ele>
  </trkpt>
  <trkpt lat="-4.04566102" lon="103.15104179">
   <ele>1635.821</ele>
  </trkpt>
  <trkpt lat="-4.04566714" lon="103.15104146">
   <ele>1636.782</ele>
  </trkpt>
  <trkpt lat="-4.04570653" lon="103.15104296">
   <ele>1638.224</ele>
  </trkpt>
  <trkpt lat="-4.04559086" lon="103.15086560">
   <ele>1639.185</ele>
  </trkpt>
  <trkpt lat="-4.04553420" lon="103.15078916">
   <ele>1642.069</ele>
  </trkpt>
  <trkpt lat="-4.04545180" lon="103.15078564">
   <ele>1644.953</ele>
  </trkpt>
  <trkpt lat="-4.04537654" lon="103.15080701">
   <ele>1647.837</ele>
  </trkpt>
  <trkpt lat="-4.04531702" lon="103.15084498">
   <ele>1651.202</ele>
  </trkpt>
  <trkpt lat="-4.04528299" lon="103.15085756">
   <ele>1654.566</ele>
  </trkpt>
  <trkpt lat="-4.04519280" lon="103.15078438">
   <ele>1657.45</ele>
  </trkpt>
  <trkpt lat="-4.04512701" lon="103.15072286">
   <ele>1659.373</ele>
  </trkpt>
  <trkpt lat="-4.04507353" lon="103.15057266">
   <ele>1661.296</ele>
  </trkpt>
  <trkpt lat="-4.04506196" lon="103.15051147">
   <ele>1662.257</ele>
  </trkpt>
  <trkpt lat="-4.04501444" lon="103.15047886">
   <ele>1665.141</ele>
  </trkpt>
  <trkpt lat="-4.04501293" lon="103.15040678">
   <ele>1668.025</ele>
  </trkpt>
  <trkpt lat="-4.04499482" lon="103.15035230">
   <ele>1671.389</ele>
  </trkpt>
  <trkpt lat="-4.04498225" lon="103.15029756">
   <ele>1672.831</ele>
  </trkpt>
  <trkpt lat="-4.04495182" lon="103.15029806">
   <ele>1676.196</ele>
  </trkpt>
  <trkpt lat="-4.04484018" lon="103.15022556">
   <ele>1678.599</ele>
  </trkpt>
  <trkpt lat="-4.04469492" lon="103.15017778">
   <ele>1681.964</ele>
  </trkpt>
  <trkpt lat="-4.04468922" lon="103.15017762">
   <ele>1682.445</ele>
  </trkpt>
  <trkpt lat="-4.04454497" lon="103.15010704">
   <ele>1685.328</ele>
  </trkpt>
  <trkpt lat="-4.04441220" lon="103.14998006">
   <ele>1688.212</ele>
  </trkpt>
  <trkpt lat="-4.04435998" lon="103.14994569">
   <ele>1691.577</ele>
  </trkpt>
  <trkpt lat="-4.04432117" lon="103.14989339">
   <ele>1693.019</ele>
  </trkpt>
  <trkpt lat="-4.04425923" lon="103.14982658">
   <ele>1696.384</ele>
  </trkpt>
  <trkpt lat="-4.04418178" lon="103.14977076">
   <ele>1699.748</ele>
  </trkpt>
  <trkpt lat="-4.04412822" lon="103.14967244">
   <ele>1703.113</ele>
  </trkpt>
  <trkpt lat="-4.04406351" lon="103.14962206">
   <ele>1706.477</ele>
  </trkpt>
  <trkpt lat="-4.04396083" lon="103.14956683">
   <ele>1708.881</ele>
  </trkpt>
  <trkpt lat="-4.04380820" lon="103.14953942">
   <ele>1712.245</ele>
  </trkpt>
  <trkpt lat="-4.04370560" lon="103.14952408">
   <ele>1715.129</ele>
  </trkpt>
  <trkpt lat="-4.04356378" lon="103.14950136">
   <ele>1718.494</ele>
  </trkpt>
  <trkpt lat="-4.04340687" lon="103.14947354">
   <ele>1721.378</ele>
  </trkpt>
  <trkpt lat="-4.04328902" lon="103.14940137">
   <ele>1724.262</ele>
  </trkpt>
  <trkpt lat="-4.04319280" lon="103.14934370">
   <ele>1727.146</ele>
  </trkpt>
  <trkpt lat="-4.04309993" lon="103.14924865">
   <ele>1730.51</ele>
  </trkpt>
  <trkpt lat="-4.04304804" lon="103.14920372">
   <ele>1733.394</ele>
  </trkpt>
  <trkpt lat="-4.04296137" lon="103.14910255">
   <ele>1736.278</ele>
  </trkpt>
  <trkpt lat="-4.04283917" lon="103.14906291">
   <ele>1739.643</ele>
  </trkpt>
  <trkpt lat="-4.04276616" lon="103.14900901">
   <ele>1742.527</ele>
  </trkpt>
  <trkpt lat="-4.04265250" lon="103.14894380">
   <ele>1745.892</ele>
  </trkpt>
  <trkpt lat="-4.04255351" lon="103.14889024">
   <ele>1747.333</ele>
  </trkpt>
  <trkpt lat="-4.04254328" lon="103.14888940">
   <ele>1750.218</ele>
  </trkpt>
  <trkpt lat="-4.04253247" lon="103.14888513">
   <ele>1753.582</ele>
  </trkpt>
  <trkpt lat="-4.04251839" lon="103.14887708">
   <ele>1756.466</ele>
  </trkpt>
  <trkpt lat="-4.04212176" lon="103.14863225">
   <ele>1759.831</ele>
  </trkpt>
  <trkpt lat="-4.04191305" lon="103.14856661">
   <ele>1762.715</ele>
  </trkpt>
  <trkpt lat="-4.04183862" lon="103.14852018">
   <ele>1766.079</ele>
  </trkpt>
  <trkpt lat="-4.04170820" lon="103.14839252">
   <ele>1769.924</ele>
  </trkpt>
  <trkpt lat="-4.04159521" lon="103.14832857">
   <ele>1772.809</ele>
  </trkpt>
  <trkpt lat="-4.04153989" lon="103.14830200">
   <ele>1776.173</ele>
  </trkpt>
  <trkpt lat="-4.04134928" lon="103.14831013">
   <ele>1779.538</ele>
  </trkpt>
  <trkpt lat="-4.04131483" lon="103.14833444">
   <ele>1782.422</ele>
  </trkpt>
  <trkpt lat="-4.04124116" lon="103.14832815">
   <ele>1785.786</ele>
  </trkpt>
  <trkpt lat="-4.04113462" lon="103.14827912">
   <ele>1789.151</ele>
  </trkpt>
  <trkpt lat="-4.04105298" lon="103.14823243">
   <ele>1790.593</ele>
  </trkpt>
  <trkpt lat="-4.04103253" lon="103.14815708">
   <ele>1793.477</ele>
  </trkpt>
  <trkpt lat="-4.04091870" lon="103.14807896">
   <ele>1796.841</ele>
  </trkpt>
  <trkpt lat="-4.04071167" lon="103.14804048">
   <ele>1799.725</ele>
  </trkpt>
  <trkpt lat="-4.04055652" lon="103.14790076">
   <ele>1803.571</ele>
  </trkpt>
  <trkpt lat="-4.04041990" lon="103.14785407">
   <ele>1805.493</ele>
  </trkpt>
  <trkpt lat="-4.04041512" lon="103.14785901">
   <ele>1808.858</ele>
  </trkpt>
  <trkpt lat="-4.04038344" lon="103.14780730">
   <ele>1811.742</ele>
  </trkpt>
  <trkpt lat="-4.04020281" lon="103.14762977">
   <ele>1815.106</ele>
  </trkpt>
  <trkpt lat="-4.04017397" lon="103.14766061">
   <ele>1818.471</ele>
  </trkpt>
  <trkpt lat="-4.03996015" lon="103.14764377">
   <ele>1821.355</ele>
  </trkpt>
  <trkpt lat="-4.03986351" lon="103.14763078">
   <ele>1824.72</ele>
  </trkpt>
  <trkpt lat="-4.03985295" lon="103.14758618">
   <ele>1827.604</ele>
  </trkpt>
  <trkpt lat="-4.03963250" lon="103.14752164">
   <ele>1830.968</ele>
  </trkpt>
  <trkpt lat="-4.03954055" lon="103.14742081">
   <ele>1833.852</ele>
  </trkpt>
  <trkpt lat="-4.03941616" lon="103.14734076">
   <ele>1836.736</ele>
  </trkpt>
  <trkpt lat="-4.03939580" lon="103.14732827">
   <ele>1840.101</ele>
  </trkpt>
  <trkpt lat="-4.03934584" lon="103.14732878">
   <ele>1842.985</ele>
  </trkpt>
  <trkpt lat="-4.03929261" lon="103.14730103">
   <ele>1845.869</ele>
  </trkpt>
  <trkpt lat="-4.03908365" lon="103.14715846">
   <ele>1848.752</ele>
  </trkpt>
  <trkpt lat="-4.03897167" lon="103.14709391">
   <ele>1851.636</ele>
  </trkpt>
  <trkpt lat="-4.03891149" lon="103.14704387">
   <ele>1853.559</ele>
  </trkpt>
  <trkpt lat="-4.03881325" lon="103.14699383">
   <ele>1856.924</ele>
  </trkpt>
  <trkpt lat="-4.03880546" lon="103.14691429">
   <ele>1859.808</ele>
  </trkpt>
  <trkpt lat="-4.03879850" lon="103.14689040">
   <ele>1861.25</ele>
  </trkpt>
  <trkpt lat="-4.03878886" lon="103.14689526">
   <ele>1862.211</ele>
  </trkpt>
  <trkpt lat="-4.03877235" lon="103.14687045">
   <ele>1865.576</ele>
  </trkpt>
  <trkpt lat="-4.03867797" lon="103.14677976">
   <ele>1868.94</ele>
  </trkpt>
  <trkpt lat="-4.03862902" lon="103.14670173">
   <ele>1871.824</ele>
  </trkpt>
  <trkpt lat="-4.03861117" lon="103.14658823">
   <ele>1875.189</ele>
  </trkpt>
  <trkpt lat="-4.03852793" lon="103.14655395">
   <ele>1878.073</ele>
  </trkpt>
  <trkpt lat="-4.03850455" lon="103.14653040">
   <ele>1880.957</ele>
  </trkpt>
  <trkpt lat="-4.03838444" lon="103.14657046">
   <ele>1884.322</ele>
  </trkpt>
  <trkpt lat="-4.03828444" lon="103.14647198">
   <ele>1887.686</ele>
  </trkpt>
  <trkpt lat="-4.03820045" lon="103.14636092">
   <ele>1888.647</ele>
  </trkpt>
  <trkpt lat="-4.03809384" lon="103.14626427">
   <ele>1891.051</ele>
  </trkpt>
  <trkpt lat="-4.03813851" lon="103.14615363">
   <ele>1894.896</ele>
  </trkpt>
  <trkpt lat="-4.03805335" lon="103.14594274">
   <ele>1897.299</ele>
  </trkpt>
  <trkpt lat="-4.03801957" lon="103.14594769">
   <ele>1900.183</ele>
  </trkpt>
  <trkpt lat="-4.03805159" lon="103.14576731">
   <ele>1903.548</ele>
  </trkpt>
  <trkpt lat="-4.03801815" lon="103.14576371">
   <ele>1905.951</ele>
  </trkpt>
  <trkpt lat="-4.03801647" lon="103.14571375">
   <ele>1909.316</ele>
  </trkpt>
  <trkpt lat="-4.03795662" lon="103.14566773">
   <ele>1909.796</ele>
  </trkpt>
  <trkpt lat="-4.03793433" lon="103.14560428">
   <ele>1912.68</ele>
  </trkpt>
  <trkpt lat="-4.03792276" lon="103.14555651">
   <ele>1914.603</ele>
  </trkpt>
  <trkpt lat="-4.03789476" lon="103.14549901">
   <ele>1917.968</ele>
  </trkpt>
  <trkpt lat="-4.03779938" lon="103.14545634">
   <ele>1921.332</ele>
  </trkpt>
  <trkpt lat="-4.03764239" lon="103.14542189">
   <ele>1923.255</ele>
  </trkpt>
  <trkpt lat="-4.03755605" lon="103.14523565">
   <ele>1927.1</ele>
  </trkpt>
  <trkpt lat="-4.03755144" lon="103.14523489">
   <ele>1927.581</ele>
  </trkpt>
  <trkpt lat="-4.03743887" lon="103.14514831">
   <ele>1930.945</ele>
  </trkpt>
  <trkpt lat="-4.03732521" lon="103.14498570">
   <ele>1934.31</ele>
  </trkpt>
  <trkpt lat="-4.03716009" lon="103.14485419">
   <ele>1937.675</ele>
  </trkpt>
  <trkpt lat="-4.03714794" lon="103.14476919">
   <ele>1941.039</ele>
  </trkpt>
  <trkpt lat="-4.03714450" lon="103.14457851">
   <ele>1944.404</ele>
  </trkpt>
  <trkpt lat="-4.03700167" lon="103.14446418">
   <ele>1948.249</ele>
  </trkpt>
  <trkpt lat="-4.03688072" lon="103.14440148">
   <ele>1950.172</ele>
  </trkpt>
  <trkpt lat="-4.03686807" lon="103.14428170">
   <ele>1953.056</ele>
  </trkpt>
  <trkpt lat="-4.03680461" lon="103.14420786">
   <ele>1956.42</ele>
  </trkpt>
  <trkpt lat="-4.03673102" lon="103.14409646">
   <ele>1957.862</ele>
  </trkpt>
  <trkpt lat="-4.03660320" lon="103.14404449">
   <ele>1961.227</ele>
  </trkpt>
  <trkpt lat="-4.03659062" lon="103.14401373">
   <ele>1964.111</ele>
  </trkpt>
  <trkpt lat="-4.03657369" lon="103.14399437">
   <ele>1967.475</ele>
  </trkpt>
  <trkpt lat="-4.03671199" lon="103.14422294">
   <ele>1967.475</ele>
  </trkpt>
  <trkpt lat="-4.03656288" lon="103.14411884">
   <ele>1966.995</ele>
  </trkpt>
  <trkpt lat="-4.03658375" lon="103.14414985">
   <ele>1967.475</ele>
  </trkpt>
  <trkpt lat="-4.03656489" lon="103.14406226">
   <ele>1969.879</ele>
  </trkpt>
  <trkpt lat="-4.03652122" lon="103.14402631">
   <ele>1973.243</ele>
  </trkpt>
  <trkpt lat="-4.03647655" lon="103.14399068">
   <ele>1976.608</ele>
  </trkpt>
  <trkpt lat="-4.03645509" lon="103.14399856">
   <ele>1979.972</ele>
  </trkpt>
  <trkpt lat="-4.03642366" lon="103.14396319">
   <ele>1982.856</ele>
  </trkpt>
  <trkpt lat="-4.03636423" lon="103.14390158">
   <ele>1985.74</ele>
  </trkpt>
  <trkpt lat="-4.03633481" lon="103.14384023">
   <ele>1989.105</ele>
  </trkpt>
  <trkpt lat="-4.03632542" lon="103.14381684">
   <ele>1992.47</ele>
  </trkpt>
  <trkpt lat="-4.03626733" lon="103.14373956">
   <ele>1994.392</ele>
  </trkpt>
  <trkpt lat="-4.03627337" lon="103.14369924">
   <ele>1997.757</ele>
  </trkpt>
  <trkpt lat="-4.03628175" lon="103.14365256">
   <ele>2000.641</ele>
  </trkpt>
  <trkpt lat="-4.03628284" lon="103.14363437">
   <ele>2004.486</ele>
  </trkpt>
  <trkpt lat="-4.03619114" lon="103.14359053">
   <ele>2007.37</ele>
  </trkpt>
  <trkpt lat="-4.03605578" lon="103.14345810">
   <ele>2009.773</ele>
  </trkpt>
  <trkpt lat="-4.03596533" lon="103.14338014">
   <ele>2013.138</ele>
  </trkpt>
  <trkpt lat="-4.03597682" lon="103.14337964">
   <ele>2016.022</ele>
  </trkpt>
  <trkpt lat="-4.03600540" lon="103.14339573">
   <ele>2016.983</ele>
  </trkpt>
  <trkpt lat="-4.03598403" lon="103.14340303">
   <ele>2019.387</ele>
  </trkpt>
  <trkpt lat="-4.03592946" lon="103.14339699">
   <ele>2023.232</ele>
  </trkpt>
  <trkpt lat="-4.03585763" lon="103.14326548">
   <ele>2026.596</ele>
  </trkpt>
  <trkpt lat="-4.03583659" lon="103.14324008">
   <ele>2029.48</ele>
  </trkpt>
  <trkpt lat="-4.03586299" lon="103.14317320">
   <ele>2030.923</ele>
  </trkpt>
  <trkpt lat="-4.03578328" lon="103.14323531">
   <ele>2034.287</ele>
  </trkpt>
  <trkpt lat="-4.03570726" lon="103.14321276">
   <ele>2037.652</ele>
  </trkpt>
  <trkpt lat="-4.03569669" lon="103.14318459">
   <ele>2040.535</ele>
  </trkpt>
  <trkpt lat="-4.03566543" lon="103.14314587">
   <ele>2043.9</ele>
  </trkpt>
  <trkpt lat="-4.03553685" lon="103.14307504">
   <ele>2045.823</ele>
  </trkpt>
  <trkpt lat="-4.03548044" lon="103.14305861">
   <ele>2047.746</ele>
  </trkpt>
  <trkpt lat="-4.03545764" lon="103.14300723">
   <ele>2050.629</ele>
  </trkpt>
  <trkpt lat="-4.03543401" lon="103.14296239">
   <ele>2053.513</ele>
  </trkpt>
  <trkpt lat="-4.03538237" lon="103.14297111">
   <ele>2054.955</ele>
  </trkpt>
  <trkpt lat="-4.03533703" lon="103.14290422">
   <ele>2057.839</ele>
  </trkpt>
  <trkpt lat="-4.03526327" lon="103.14288092">
   <ele>2059.762</ele>
  </trkpt>
  <trkpt lat="-4.03525430" lon="103.14285041">
   <ele>2061.204</ele>
  </trkpt>
  <trkpt lat="-4.03518129" lon="103.14280062">
   <ele>2064.569</ele>
  </trkpt>
  <trkpt lat="-4.03528179" lon="103.14268839">
   <ele>2068.414</ele>
  </trkpt>
  <trkpt lat="-4.03521046" lon="103.14261580">
   <ele>2071.778</ele>
  </trkpt>
  <trkpt lat="-4.03509521" lon="103.14257221">
   <ele>2075.143</ele>
  </trkpt>
  <trkpt lat="-4.03502690" lon="103.14252083">
   <ele>2078.027</ele>
  </trkpt>
  <trkpt lat="-4.03505296" lon="103.14243475">
   <ele>2079.95</ele>
  </trkpt>
  <trkpt lat="-4.03496688" lon="103.14238404">
   <ele>2083.314</ele>
  </trkpt>
  <trkpt lat="-4.03492556" lon="103.14232763">
   <ele>2086.679</ele>
  </trkpt>
  <trkpt lat="-4.03487753" lon="103.14228698">
   <ele>2087.159</ele>
  </trkpt>
  <trkpt lat="-4.03485322" lon="103.14227960">
   <ele>2090.524</ele>
  </trkpt>
  <trkpt lat="-4.03486387" lon="103.14226644">
   <ele>2093.408</ele>
  </trkpt>
  <trkpt lat="-4.03475935" lon="103.14224616">
   <ele>2096.773</ele>
  </trkpt>
  <trkpt lat="-4.03471911" lon="103.14219804">
   <ele>2099.657</ele>
  </trkpt>
  <trkpt lat="-4.03458752" lon="103.14209118">
   <ele>2103.021</ele>
  </trkpt>
  <trkpt lat="-4.03453982" lon="103.14205664">
   <ele>2105.905</ele>
  </trkpt>
  <trkpt lat="-4.03441376" lon="103.14202923">
   <ele>2109.27</ele>
  </trkpt>
  <trkpt lat="-4.03440974" lon="103.14195002">
   <ele>2113.115</ele>
  </trkpt>
  <trkpt lat="-4.03438518" lon="103.14188381">
   <ele>2115.999</ele>
  </trkpt>
  <trkpt lat="-4.03436070" lon="103.14171290">
   <ele>2119.364</ele>
  </trkpt>
  <trkpt lat="-4.03434847" lon="103.14165540">
   <ele>2122.248</ele>
  </trkpt>
  <trkpt lat="-4.03431905" lon="103.14163788">
   <ele>2125.612</ele>
  </trkpt>
  <trkpt lat="-4.03422886" lon="103.14152959">
   <ele>2128.977</ele>
  </trkpt>
  <trkpt lat="-4.03418871" lon="103.14146119">
   <ele>2131.861</ele>
  </trkpt>
  <trkpt lat="-4.03416893" lon="103.14141090">
   <ele>2135.225</ele>
  </trkpt>
  <trkpt lat="-4.03415484" lon="103.14137838">
   <ele>2138.59</ele>
  </trkpt>
  <trkpt lat="-4.03415325" lon="103.14136706">
   <ele>2141.474</ele>
  </trkpt>
  <trkpt lat="-4.03400950" lon="103.14134644">
   <ele>2144.839</ele>
  </trkpt>
  <trkpt lat="-4.03394320" lon="103.14132934">
   <ele>2148.203</ele>
  </trkpt>
  <trkpt lat="-4.03386533" lon="103.14120789">
   <ele>2151.568</ele>
  </trkpt>
  <trkpt lat="-4.03386290" lon="103.14118735">
   <ele>2154.452</ele>
  </trkpt>
  <trkpt lat="-4.03385033" lon="103.14115500">
   <ele>2157.817</ele>
  </trkpt>
  <trkpt lat="-4.03378068" lon="103.14107252">
   <ele>2160.7</ele>
  </trkpt>
  <trkpt lat="-4.03369887" lon="103.14104319">
   <ele>2164.065</ele>
  </trkpt>
  <trkpt lat="-4.03368294" lon="103.14099776">
   <ele>2166.468</ele>
  </trkpt>
  <trkpt lat="-4.03366182" lon="103.14100237">
   <ele>2169.833</ele>
  </trkpt>
  <trkpt lat="-4.03353802" lon="103.14103656">
   <ele>2172.717</ele>
  </trkpt>
  <trkpt lat="-4.03350273" lon="103.14095073">
   <ele>2175.12</ele>
  </trkpt>
  <trkpt lat="-4.03354389" lon="103.14084009">
   <ele>2178.004</ele>
  </trkpt>
  <trkpt lat="-4.03349167" lon="103.14071026">
   <ele>2181.369</ele>
  </trkpt>
  <trkpt lat="-4.03344573" lon="103.14070690">
   <ele>2184.253</ele>
  </trkpt>
  <trkpt lat="-4.03337893" lon="103.14063339">
   <ele>2186.175</ele>
  </trkpt>
  <trkpt lat="-4.03337122" lon="103.14060381">
   <ele>2188.098</ele>
  </trkpt>
  <trkpt lat="-4.03329352" lon="103.14064085">
   <ele>2190.021</ele>
  </trkpt>
  <trkpt lat="-4.03333400" lon="103.14063415">
   <ele>2191.943</ele>
  </trkpt>
  <trkpt lat="-4.03333283" lon="103.14061311">
   <ele>2194.346</ele>
  </trkpt>
  <trkpt lat="-4.03326368" lon="103.14057087">
   <ele>2196.75</ele>
  </trkpt>
  <trkpt lat="-4.03317458" lon="103.14056240">
   <ele>2200.115</ele>
  </trkpt>
  <trkpt lat="-4.03308121" lon="103.14043634">
   <ele>2203.479</ele>
  </trkpt>
  <trkpt lat="-4.03305891" lon="103.14041991">
   <ele>2206.363</ele>
  </trkpt>
  <trkpt lat="-4.03301792" lon="103.14033827">
   <ele>2208.286</ele>
  </trkpt>
  <trkpt lat="-4.03308632" lon="103.14025311">
   <ele>2211.65</ele>
  </trkpt>
  <trkpt lat="-4.03307274" lon="103.14024934">
   <ele>2213.573</ele>
  </trkpt>
  <trkpt lat="-4.03297132" lon="103.14018371">
   <ele>2216.938</ele>
  </trkpt>
  <trkpt lat="-4.03290384" lon="103.14016619">
   <ele>2220.783</ele>
  </trkpt>
  <trkpt lat="-4.03291851" lon="103.14011472">
   <ele>2222.706</ele>
  </trkpt>
  <trkpt lat="-4.03291197" lon="103.14007047">
   <ele>2225.589</ele>
  </trkpt>
  <trkpt lat="-4.03284140" lon="103.14013635">
   <ele>2227.993</ele>
  </trkpt>
  <trkpt lat="-4.03277962" lon="103.14012554">
   <ele>2227.993</ele>
  </trkpt>
  <trkpt lat="-4.03276261" lon="103.14008689">
   <ele>2228.954</ele>
  </trkpt>
  <trkpt lat="-4.03277443" lon="103.14005060">
   <ele>2232.319</ele>
  </trkpt>
  <trkpt lat="-4.03279362" lon="103.13998740">
   <ele>2233.76</ele>
  </trkpt>
  <trkpt lat="-4.03275775" lon="103.13994046">
   <ele>2236.645</ele>
  </trkpt>
  <trkpt lat="-4.03271299" lon="103.13992303">
   <ele>2238.087</ele>
  </trkpt>
  <trkpt lat="-4.03272338" lon="103.13988112">
   <ele>2241.932</ele>
  </trkpt>
  <trkpt lat="-4.03268600" lon="103.13985698">
   <ele>2244.816</ele>
  </trkpt>
  <trkpt lat="-4.03274417" lon="103.13963855">
   <ele>2246.738</ele>
  </trkpt>
  <trkpt lat="-4.03275951" lon="103.13958683">
   <ele>2249.622</ele>
  </trkpt>
  <trkpt lat="-4.03266496" lon="103.13964919">
   <ele>2250.103</ele>
  </trkpt>
  <trkpt lat="-4.03264250" lon="103.13974072">
   <ele>2249.622</ele>
  </trkpt>
  <trkpt lat="-4.03262355" lon="103.13973175">
   <ele>2250.103</ele>
  </trkpt>
  <trkpt lat="-4.03261668" lon="103.13970359">
   <ele>2251.545</ele>
  </trkpt>
  <trkpt lat="-4.03265457" lon="103.13968683">
   <ele>2253.468</ele>
  </trkpt>
  <trkpt lat="-4.03263009" lon="103.13968498">
   <ele>2256.832</ele>
  </trkpt>
  <trkpt lat="-4.03258785" lon="103.13964366">
   <ele>2259.716</ele>
  </trkpt>
  <trkpt lat="-4.03258340" lon="103.13955012">
   <ele>2263.081</ele>
  </trkpt>
  <trkpt lat="-4.03258014" lon="103.13951056">
   <ele>2265.965</ele>
  </trkpt>
  <trkpt lat="-4.03258567" lon="103.13945448">
   <ele>2269.33</ele>
  </trkpt>
  <trkpt lat="-4.03233203" lon="103.13950703">
   <ele>2270.771</ele>
  </trkpt>
  <trkpt lat="-4.03241099" lon="103.13941148">
   <ele>2273.655</ele>
  </trkpt>
  <trkpt lat="-4.03248039" lon="103.13936018">
   <ele>2276.539</ele>
  </trkpt>
  <trkpt lat="-4.03244033" lon="103.13934107">
   <ele>2279.904</ele>
  </trkpt>
  <trkpt lat="-4.03236539" lon="103.13930679">
   <ele>2282.788</ele>
  </trkpt>
  <trkpt lat="-4.03227202" lon="103.13929933">
   <ele>2285.672</ele>
  </trkpt>
  <trkpt lat="-4.03224310" lon="103.13928894">
   <ele>2289.036</ele>
  </trkpt>
  <trkpt lat="-4.03193112" lon="103.13937393">
   <ele>2290.959</ele>
  </trkpt>
  <trkpt lat="-4.03186901" lon="103.13935323">
   <ele>2293.843</ele>
  </trkpt>
  <trkpt lat="-4.03180322" lon="103.13942757">
   <ele>2297.208</ele>
  </trkpt>
  <trkpt lat="-4.03164413" lon="103.13939095">
   <ele>2300.572</ele>
  </trkpt>
  <trkpt lat="-4.03155914" lon="103.13933269">
   <ele>2303.937</ele>
  </trkpt>
  <trkpt lat="-4.03144472" lon="103.13937125">
   <ele>2306.821</ele>
  </trkpt>
  <trkpt lat="-4.03144967" lon="103.13940151">
   <ele>2307.302</ele>
  </trkpt>
  <trkpt lat="-4.03149862" lon="103.13936329">
   <ele>2310.185</ele>
  </trkpt>
  <trkpt lat="-4.03147071" lon="103.13929221">
   <ele>2313.55</ele>
  </trkpt>
  <trkpt lat="-4.03135034" lon="103.13934107">
   <ele>2316.434</ele>
  </trkpt>
  <trkpt lat="-4.03127247" lon="103.13926094">
   <ele>2319.799</ele>
  </trkpt>
  <trkpt lat="-4.03133777" lon="103.13924024">
   <ele>2323.644</ele>
  </trkpt>
  <trkpt lat="-4.03137029" lon="103.13922867">
   <ele>2326.528</ele>
  </trkpt>
  <trkpt lat="-4.03133526" lon="103.13926346">
   <ele>2327.009</ele>
  </trkpt>
  <trkpt lat="-4.03132226" lon="103.13926279">
   <ele>2328.45</ele>
  </trkpt>
  <trkpt lat="-4.03137239" lon="103.13944157">
   <ele>2329.412</ele>
  </trkpt>
  <trkpt lat="-4.03142184" lon="103.13947300">
   <ele>2328.931</ele>
  </trkpt>
  <trkpt lat="-4.03133567" lon="103.13944685">
   <ele>2328.45</ele>
  </trkpt>
  <trkpt lat="-4.03119947" lon="103.13932976">
   <ele>2329.412</ele>
  </trkpt>
  <trkpt lat="-4.03120223" lon="103.13938164">
   <ele>2332.776</ele>
  </trkpt>
  <trkpt lat="-4.03115756" lon="103.13931132">
   <ele>2335.66</ele>
  </trkpt>
  <trkpt lat="-4.03118128" lon="103.13924384">
   <ele>2339.025</ele>
  </trkpt>
  <trkpt lat="-4.03112219" lon="103.13920780">
   <ele>2341.909</ele>
  </trkpt>
  <trkpt lat="-4.03103049" lon="103.13915650">
   <ele>2345.273</ele>
  </trkpt>
  <trkpt lat="-4.03100576" lon="103.13918307">
   <ele>2348.638</ele>
  </trkpt>
  <trkpt lat="-4.03100442" lon="103.13919447">
   <ele>2351.522</ele>
  </trkpt>
  <trkpt lat="-4.03093083" lon="103.13912163">
   <ele>2354.887</ele>
  </trkpt>
  <trkpt lat="-4.03079999" lon="103.13893715">
   <ele>2355.848</ele>
  </trkpt>
  <trkpt lat="-4.03080351" lon="103.13886012">
   <ele>2357.29</ele>
  </trkpt>
  <trkpt lat="-4.03080468" lon="103.13887579">
   <ele>2360.174</ele>
  </trkpt>
  <trkpt lat="-4.03078834" lon="103.13894679">
   <ele>2363.538</ele>
  </trkpt>
  <trkpt lat="-4.03077484" lon="103.13895442">
   <ele>2366.903</ele>
  </trkpt>
  <trkpt lat="-4.03073050" lon="103.13888962">
   <ele>2369.787</ele>
  </trkpt>
  <trkpt lat="-4.03064249" lon="103.13883430">
   <ele>2372.19</ele>
  </trkpt>
  <trkpt lat="-4.03059178" lon="103.13878451">
   <ele>2375.555</ele>
  </trkpt>
  <trkpt lat="-4.03051475" lon="103.13865887">
   <ele>2377.478</ele>
  </trkpt>
  <trkpt lat="-4.03044811" lon="103.13864722">
   <ele>2379.881</ele>
  </trkpt>
  <trkpt lat="-4.03047368" lon="103.13856642">
   <ele>2380.362</ele>
  </trkpt>
  <trkpt lat="-4.03046848" lon="103.13848218">
   <ele>2380.362</ele>
  </trkpt>
  <trkpt lat="-4.03058549" lon="103.13849081">
   <ele>2380.362</ele>
  </trkpt>
  <trkpt lat="-4.03057703" lon="103.13854286">
   <ele>2382.284</ele>
  </trkpt>
  <trkpt lat="-4.03056018" lon="103.13855636">
   <ele>2381.804</ele>
  </trkpt>
  <trkpt lat="-4.03053336" lon="103.13852996">
   <ele>2384.207</ele>
  </trkpt>
  <trkpt lat="-4.03047703" lon="103.13848796">
   <ele>2387.572</ele>
  </trkpt>
  <trkpt lat="-4.03047695" lon="103.13846651">
   <ele>2390.455</ele>
  </trkpt>
  <trkpt lat="-4.03046622" lon="103.13837774">
   <ele>2393.82</ele>
  </trkpt>
  <trkpt lat="-4.03042741" lon="103.13838755">
   <ele>2397.185</ele>
  </trkpt>
  <trkpt lat="-4.03044744" lon="103.13829803">
   <ele>2400.069</ele>
  </trkpt>
  <trkpt lat="-4.03041760" lon="103.13825436">
   <ele>2403.433</ele>
  </trkpt>
  <trkpt lat="-4.03035122" lon="103.13808178">
   <ele>2406.317</ele>
  </trkpt>
  <trkpt lat="-4.03019523" lon="103.13810047">
   <ele>2408.72</ele>
  </trkpt>
  <trkpt lat="-4.03021183" lon="103.13811614">
   <ele>2411.604</ele>
  </trkpt>
  <trkpt lat="-4.03023195" lon="103.13808890">
   <ele>2412.085</ele>
  </trkpt>
  <trkpt lat="-4.03014486" lon="103.13806158">
   <ele>2415.45</ele>
  </trkpt>
  <trkpt lat="-4.03012516" lon="103.13797683">
   <ele>2418.334</ele>
  </trkpt>
  <trkpt lat="-4.03013480" lon="103.13800802">
   <ele>2421.698</ele>
  </trkpt>
  <trkpt lat="-4.03008593" lon="103.13801296">
   <ele>2425.063</ele>
  </trkpt>
  <trkpt lat="-4.03004134" lon="103.13795730">
   <ele>2426.024</ele>
  </trkpt>
  <trkpt lat="-4.03000379" lon="103.13789126">
   <ele>2427.947</ele>
  </trkpt>
  <trkpt lat="-4.03004092" lon="103.13783560">
   <ele>2429.87</ele>
  </trkpt>
  <trkpt lat="-4.03005484" lon="103.13780216">
   <ele>2431.312</ele>
  </trkpt>
  <trkpt lat="-4.03001913" lon="103.13776913">
   <ele>2432.273</ele>
  </trkpt>
  <trkpt lat="-4.02999960" lon="103.13769822">
   <ele>2435.157</ele>
  </trkpt>
  <trkpt lat="-4.02995886" lon="103.13769512">
   <ele>2438.521</ele>
  </trkpt>
  <trkpt lat="-4.02986591" lon="103.13757828">
   <ele>2440.925</ele>
  </trkpt>
  <trkpt lat="-4.02991033" lon="103.13761834">
   <ele>2443.809</ele>
  </trkpt>
  <trkpt lat="-4.02998149" lon="103.13765765">
   <ele>2444.77</ele>
  </trkpt>
  <trkpt lat="-4.03000840" lon="103.13769897">
   <ele>2445.251</ele>
  </trkpt>
  <trkpt lat="-4.02998183" lon="103.13767693">
   <ele>2448.615</ele>
  </trkpt>
  <trkpt lat="-4.02993129" lon="103.13763041">
   <ele>2449.096</ele>
  </trkpt>
  <trkpt lat="-4.02992416" lon="103.13751793">
   <ele>2450.057</ele>
  </trkpt>
  <trkpt lat="-4.02990354" lon="103.13746914">
   <ele>2451.499</ele>
  </trkpt>
  <trkpt lat="-4.02989315" lon="103.13744945">
   <ele>2454.864</ele>
  </trkpt>
  <trkpt lat="-4.02988192" lon="103.13746059">
   <ele>2457.267</ele>
  </trkpt>
  <trkpt lat="-4.02986809" lon="103.13739588">
   <ele>2460.151</ele>
  </trkpt>
  <trkpt lat="-4.02988217" lon="103.13735020">
   <ele>2460.632</ele>
  </trkpt>
  <trkpt lat="-4.02988435" lon="103.13735029">
   <ele>2463.035</ele>
  </trkpt>
  <trkpt lat="-4.02977865" lon="103.13732095">
   <ele>2464.477</ele>
  </trkpt>
  <trkpt lat="-4.02977781" lon="103.13730947">
   <ele>2465.919</ele>
  </trkpt>
  <trkpt lat="-4.02976549" lon="103.13726353">
   <ele>2466.88</ele>
  </trkpt>
  <trkpt lat="-4.02974923" lon="103.13715390">
   <ele>2470.245</ele>
  </trkpt>
  <trkpt lat="-4.02978779" lon="103.13714694">
   <ele>2470.245</ele>
  </trkpt>
  <trkpt lat="-4.02983062" lon="103.13715256">
   <ele>2474.09</ele>
  </trkpt>
  <trkpt lat="-4.02981084" lon="103.13706983">
   <ele>2476.974</ele>
  </trkpt>
  <trkpt lat="-4.02978259" lon="103.13703781">
   <ele>2480.339</ele>
  </trkpt>
  <trkpt lat="-4.02975644" lon="103.13707410">
   <ele>2480.82</ele>
  </trkpt>
  <trkpt lat="-4.02973473" lon="103.13703295">
   <ele>2480.339</ele>
  </trkpt>
  <trkpt lat="-4.02976164" lon="103.13704661">
   <ele>2483.703</ele>
  </trkpt>
  <trkpt lat="-4.02971059" lon="103.13699305">
   <ele>2486.587</ele>
  </trkpt>
  <trkpt lat="-4.02970087" lon="103.13699339">
   <ele>2489.952</ele>
  </trkpt>
  <trkpt lat="-4.02964865" lon="103.13695332">
   <ele>2492.836</ele>
  </trkpt>
  <trkpt lat="-4.02961579" lon="103.13691652">
   <ele>2496.681</ele>
  </trkpt>
  <trkpt lat="-4.02954094" lon="103.13684159">
   <ele>2498.123</ele>
  </trkpt>
  <trkpt lat="-4.02953767" lon="103.13679155">
   <ele>2498.604</ele>
  </trkpt>
  <trkpt lat="-4.02945377" lon="103.13673623">
   <ele>2501.488</ele>
  </trkpt>
  <trkpt lat="-4.02940306" lon="103.13671452">
   <ele>2503.41</ele>
  </trkpt>
  <trkpt lat="-4.02943013" lon="103.13669734">
   <ele>2504.852</ele>
  </trkpt>
  <trkpt lat="-4.02943608" lon="103.13667320">
   <ele>2507.736</ele>
  </trkpt>
  <trkpt lat="-4.02935025" lon="103.13658846">
   <ele>2510.62</ele>
  </trkpt>
  <trkpt lat="-4.02927808" lon="103.13651755">
   <ele>2513.985</ele>
  </trkpt>
  <trkpt lat="-4.02925814" lon="103.13649843">
   <ele>2516.869</ele>
  </trkpt>
  <trkpt lat="-4.02920181" lon="103.13640883">
   <ele>2519.753</ele>
  </trkpt>
  <trkpt lat="-4.02911615" lon="103.13636080">
   <ele>2523.117</ele>
  </trkpt>
  <trkpt lat="-4.02904842" lon="103.13630607">
   <ele>2524.56</ele>
  </trkpt>
  <trkpt lat="-4.02898732" lon="103.13623566">
   <ele>2527.924</ele>
  </trkpt>
  <trkpt lat="-4.02893870" lon="103.13621043">
   <ele>2530.808</ele>
  </trkpt>
  <trkpt lat="-4.02888120" lon="103.13613818">
   <ele>2533.692</ele>
  </trkpt>
  <trkpt lat="-4.02881825" lon="103.13611865">
   <ele>2537.056</ele>
  </trkpt>
  <trkpt lat="-4.02882479" lon="103.13611605">
   <ele>2539.94</ele>
  </trkpt>
  <trkpt lat="-4.02882705" lon="103.13611563">
   <ele>2543.305</ele>
  </trkpt>
  <trkpt lat="-4.02882898" lon="103.13611303">
   <ele>2546.189</ele>
  </trkpt>
  <trkpt lat="-4.02883384" lon="103.13611580">
   <ele>2549.554</ele>
  </trkpt>
  <trkpt lat="-4.02883720" lon="103.13611622">
   <ele>2552.438</ele>
  </trkpt>
  <trkpt lat="-4.02883770" lon="103.13611521">
   <ele>2555.802</ele>
  </trkpt>
  <trkpt lat="-4.02883837" lon="103.13611438">
   <ele>2558.686</ele>
  </trkpt>
  <trkpt lat="-4.02884172" lon="103.13611312">
   <ele>2562.051</ele>
  </trkpt>
  <trkpt lat="-4.02884466" lon="103.13611312">
   <ele>2564.935</ele>
  </trkpt>
  <trkpt lat="-4.02884516" lon="103.13611169">
   <ele>2571.183</ele>
  </trkpt>
  <trkpt lat="-4.02889914" lon="103.13607984">
   <ele>2574.548</ele>
  </trkpt>
  <trkpt lat="-4.02891322" lon="103.13611723">
   <ele>2577.432</ele>
  </trkpt>
  <trkpt lat="-4.02891272" lon="103.13612217">
   <ele>2581.277</ele>
  </trkpt>
  <trkpt lat="-4.02891188" lon="103.13612075">
   <ele>2584.642</ele>
  </trkpt>
  <trkpt lat="-4.02890828" lon="103.13611806">
   <ele>2587.526</ele>
  </trkpt>
  <trkpt lat="-4.02890584" lon="103.13611714">
   <ele>2589.448</ele>
  </trkpt>
  <trkpt lat="-4.02881750" lon="103.13604849">
   <ele>2593.294</ele>
  </trkpt>
  <trkpt lat="-4.02859421" lon="103.13576125">
   <ele>2597.139</ele>
  </trkpt>
  <trkpt lat="-4.02854802" lon="103.13567433">
   <ele>2600.023</ele>
  </trkpt>
  <trkpt lat="-4.02847493" lon="103.13565211">
   <ele>2603.387</ele>
  </trkpt>
  <trkpt lat="-4.02834283" lon="103.13567902">
   <ele>2606.271</ele>
  </trkpt>
  <trkpt lat="-4.02834912" lon="103.13568204">
   <ele>2609.636</ele>
  </trkpt>
  <trkpt lat="-4.02832724" lon="103.13567676">
   <ele>2612.52</ele>
  </trkpt>
  <trkpt lat="-4.02831953" lon="103.13565035">
   <ele>2615.885</ele>
  </trkpt>
  <trkpt lat="-4.02825088" lon="103.13561515">
   <ele>2619.25</ele>
  </trkpt>
  <trkpt lat="-4.02819908" lon="103.13560023">
   <ele>2622.614</ele>
  </trkpt>
  <trkpt lat="-4.02819389" lon="103.13556201">
   <ele>2625.979</ele>
  </trkpt>
  <trkpt lat="-4.02819296" lon="103.13556075">
   <ele>2625.979</ele>
  </trkpt>
  <trkpt lat="-4.02817167" lon="103.13548900">
   <ele>2629.343</ele>
  </trkpt>
  <trkpt lat="-4.02813354" lon="103.13545589">
   <ele>2632.708</ele>
  </trkpt>
  <trkpt lat="-4.02806279" lon="103.13539588">
   <ele>2636.072</ele>
  </trkpt>
  <trkpt lat="-4.02800881" lon="103.13530762">
   <ele>2638.956</ele>
  </trkpt>
  <trkpt lat="-4.02799859" lon="103.13527132">
   <ele>2642.321</ele>
  </trkpt>
  <trkpt lat="-4.02797805" lon="103.13524006">
   <ele>2645.205</ele>
  </trkpt>
  <trkpt lat="-4.02794084" lon="103.13520393">
   <ele>2648.57</ele>
  </trkpt>
  <trkpt lat="-4.02783187" lon="103.13516739">
   <ele>2651.454</ele>
  </trkpt>
  <trkpt lat="-4.02773221" lon="103.13519128">
   <ele>2654.818</ele>
  </trkpt>
  <trkpt lat="-4.02771603" lon="103.13514920">
   <ele>2657.702</ele>
  </trkpt>
  <trkpt lat="-4.02768041" lon="103.13513235">
   <ele>2661.066</ele>
  </trkpt>
  <trkpt lat="-4.02767622" lon="103.13514073">
   <ele>2663.951</ele>
  </trkpt>
  <trkpt lat="-4.02761830" lon="103.13506622">
   <ele>2667.315</ele>
  </trkpt>
  <trkpt lat="-4.02755954" lon="103.13502540">
   <ele>2670.199</ele>
  </trkpt>
  <trkpt lat="-4.02748955" lon="103.13504233">
   <ele>2673.563</ele>
  </trkpt>
  <trkpt lat="-4.02740465" lon="103.13501626">
   <ele>2676.929</ele>
  </trkpt>
  <trkpt lat="-4.02742141" lon="103.13489246">
   <ele>2679.813</ele>
  </trkpt>
  <trkpt lat="-4.02738503" lon="103.13485768">
   <ele>2683.177</ele>
  </trkpt>
  <trkpt lat="-4.02731286" lon="103.13482809">
   <ele>2686.061</ele>
  </trkpt>
  <trkpt lat="-4.02731203" lon="103.13481443">
   <ele>2687.022</ele>
  </trkpt>
  <trkpt lat="-4.02729962" lon="103.13480638">
   <ele>2690.387</ele>
  </trkpt>
  <trkpt lat="-4.02727992" lon="103.13473119">
   <ele>2694.232</ele>
  </trkpt>
  <trkpt lat="-4.02724698" lon="103.13465576">
   <ele>2695.674</ele>
  </trkpt>
  <trkpt lat="-4.02723583" lon="103.13465936">
   <ele>2699.519</ele>
  </trkpt>
  <trkpt lat="-4.02719971" lon="103.13459876">
   <ele>2701.442</ele>
  </trkpt>
  <trkpt lat="-4.02718076" lon="103.13456875">
   <ele>2704.806</ele>
  </trkpt>
  <trkpt lat="-4.02715839" lon="103.13455920">
   <ele>2705.287</ele>
  </trkpt>
  <trkpt lat="-4.02710415" lon="103.13455727">
   <ele>2707.69</ele>
  </trkpt>
  <trkpt lat="-4.02713089" lon="103.13447806">
   <ele>2710.575</ele>
  </trkpt>
  <trkpt lat="-4.02712863" lon="103.13446566">
   <ele>2711.536</ele>
  </trkpt>
  <trkpt lat="-4.02708798" lon="103.13433456">
   <ele>2714.9</ele>
  </trkpt>
  <trkpt lat="-4.02711279" lon="103.13427983">
   <ele>2716.343</ele>
  </trkpt>
  <trkpt lat="-4.02699041" lon="103.13433356">
   <ele>2719.707</ele>
  </trkpt>
  <trkpt lat="-4.02698019" lon="103.13431126">
   <ele>2723.072</ele>
  </trkpt>
  <trkpt lat="-4.02698027" lon="103.13431771">
   <ele>2725.956</ele>
  </trkpt>
  <trkpt lat="-4.02694029" lon="103.13427924">
   <ele>2729.32</ele>
  </trkpt>
  <trkpt lat="-4.02697767" lon="103.13427161">
   <ele>2732.685</ele>
  </trkpt>
  <trkpt lat="-4.02687759" lon="103.13426700">
   <ele>2735.568</ele>
  </trkpt>
  <trkpt lat="-4.02678732" lon="103.13425862">
   <ele>2738.933</ele>
  </trkpt>
  <trkpt lat="-4.02674675" lon="103.13423172">
   <ele>2741.817</ele>
  </trkpt>
  <trkpt lat="-4.02647702" lon="103.13418771">
   <ele>2745.182</ele>
  </trkpt>
  <trkpt lat="-4.02640359" lon="103.13418302">
   <ele>2748.066</ele>
  </trkpt>
  <trkpt lat="-4.02627770" lon="103.13402586">
   <ele>2751.431</ele>
  </trkpt>
  <trkpt lat="-4.02625415" lon="103.13398177">
   <ele>2754.795</ele>
  </trkpt>
  <trkpt lat="-4.02625842" lon="103.13392703">
   <ele>2758.16</ele>
  </trkpt>
  <trkpt lat="-4.02619639" lon="103.13390600">
   <ele>2761.043</ele>
  </trkpt>
  <trkpt lat="-4.02615231" lon="103.13393089">
   <ele>2764.408</ele>
  </trkpt>
  <trkpt lat="-4.02616119" lon="103.13391916">
   <ele>2767.292</ele>
  </trkpt>
  <trkpt lat="-4.02611358" lon="103.13389895">
   <ele>2770.657</ele>
  </trkpt>
  <trkpt lat="-4.02612641" lon="103.13389887">
   <ele>2773.541</ele>
  </trkpt>
  <trkpt lat="-4.02606974" lon="103.13385403">
   <ele>2776.906</ele>
  </trkpt>
  <trkpt lat="-4.02609782" lon="103.13378546">
   <ele>2779.79</ele>
  </trkpt>
  <trkpt lat="-4.02605742" lon="103.13375386">
   <ele>2783.154</ele>
  </trkpt>
  <trkpt lat="-4.02600956" lon="103.13373702">
   <ele>2786.519</ele>
  </trkpt>
  <trkpt lat="-4.02591250" lon="103.13370449">
   <ele>2788.441</ele>
  </trkpt>
  <trkpt lat="-4.02588601" lon="103.13368991">
   <ele>2791.806</ele>
  </trkpt>
  <trkpt lat="-4.02593404" lon="103.13361355">
   <ele>2795.17</ele>
  </trkpt>
  <trkpt lat="-4.02586137" lon="103.13360609">
   <ele>2798.054</ele>
  </trkpt>
  <trkpt lat="-4.02579934" lon="103.13358572">
   <ele>2799.016</ele>
  </trkpt>
  <trkpt lat="-4.02581066" lon="103.13352361">
   <ele>2802.861</ele>
  </trkpt>
  <trkpt lat="-4.02575618" lon="103.13341867">
   <ele>2805.745</ele>
  </trkpt>
  <trkpt lat="-4.02565970" lon="103.13337953">
   <ele>2809.11</ele>
  </trkpt>
  <trkpt lat="-4.02562425" lon="103.13335539">
   <ele>2812.474</ele>
  </trkpt>
  <trkpt lat="-4.02557052" lon="103.13331935">
   <ele>2815.358</ele>
  </trkpt>
  <trkpt lat="-4.02553506" lon="103.13329278">
   <ele>2817.762</ele>
  </trkpt>
  <trkpt lat="-4.02552106" lon="103.13328079">
   <ele>2820.646</ele>
  </trkpt>
  <trkpt lat="-4.02548477" lon="103.13329093">
   <ele>2821.126</ele>
  </trkpt>
  <trkpt lat="-4.02560706" lon="103.13342186">
   <ele>2824.491</ele>
  </trkpt>
  <trkpt lat="-4.02562710" lon="103.13345153">
   <ele>2824.01</ele>
  </trkpt>
  <trkpt lat="-4.02562927" lon="103.13345295">
   <ele>2820.646</ele>
  </trkpt>
  <trkpt lat="-4.02559533" lon="103.13344927">
   <ele>2823.529</ele>
  </trkpt>
  <trkpt lat="-4.02543498" lon="103.13339914">
   <ele>2826.413</ele>
  </trkpt>
  <trkpt lat="-4.02541218" lon="103.13348858">
   <ele>2828.336</ele>
  </trkpt>
  <trkpt lat="-4.02543389" lon="103.13344424">
   <ele>2831.22</ele>
  </trkpt>
  <trkpt lat="-4.02547287" lon="103.13341381">
   <ele>2834.584</ele>
  </trkpt>
  <trkpt lat="-4.02555208" lon="103.13339998">
   <ele>2837.469</ele>
  </trkpt>
  <trkpt lat="-4.02559038" lon="103.13343225">
   <ele>2840.833</ele>
  </trkpt>
  <trkpt lat="-4.02556440" lon="103.13349486">
   <ele>2843.717</ele>
  </trkpt>
  <trkpt lat="-4.02550061" lon="103.13342982">
   <ele>2847.082</ele>
  </trkpt>
  <trkpt lat="-4.02547220" lon="103.13338825">
   <ele>2850.446</ele>
  </trkpt>
  <trkpt lat="-4.02534848" lon="103.13336427">
   <ele>2853.811</ele>
  </trkpt>
  <trkpt lat="-4.02531822" lon="103.13334114">
   <ele>2856.695</ele>
  </trkpt>
  <trkpt lat="-4.02529660" lon="103.13328121">
   <ele>2857.656</ele>
  </trkpt>
  <trkpt lat="-4.02526944" lon="103.13327786">
   <ele>2860.54</ele>
  </trkpt>
  <trkpt lat="-4.02526542" lon="103.13326637">
   <ele>2863.905</ele>
  </trkpt>
  <trkpt lat="-4.02527170" lon="103.13301475">
   <ele>2866.789</ele>
  </trkpt>
  <trkpt lat="-4.02526609" lon="103.13295716">
   <ele>2870.154</ele>
  </trkpt>
  <trkpt lat="-4.02524505" lon="103.13293613">
   <ele>2873.038</ele>
  </trkpt>
  <trkpt lat="-4.02531411" lon="103.13289028">
   <ele>2876.402</ele>
  </trkpt>
  <trkpt lat="-4.02533859" lon="103.13287728">
   <ele>2879.286</ele>
  </trkpt>
  <trkpt lat="-4.02533683" lon="103.13287552">
   <ele>2882.65</ele>
  </trkpt>
  <trkpt lat="-4.02533465" lon="103.13287251">
   <ele>2885.535</ele>
  </trkpt>
  <trkpt lat="-4.02532769" lon="103.13286706">
   <ele>2888.899</ele>
  </trkpt>
  <trkpt lat="-4.02525804" lon="103.13277670">
   <ele>2891.783</ele>
  </trkpt>
  <trkpt lat="-4.02509945" lon="103.13264351">
   <ele>2895.147</ele>
  </trkpt>
  <trkpt lat="-4.02499066" lon="103.13259833">
   <ele>2898.512</ele>
  </trkpt>
  <trkpt lat="-4.02489980" lon="103.13253363">
   <ele>2901.396</ele>
  </trkpt>
  <trkpt lat="-4.02497029" lon="103.13247235">
   <ele>2903.319</ele>
  </trkpt>
  <trkpt lat="-4.02495101" lon="103.13243145">
   <ele>2906.203</ele>
  </trkpt>
  <trkpt lat="-4.02491706" lon="103.13238317">
   <ele>2909.567</ele>
  </trkpt>
  <trkpt lat="-4.02495034" lon="103.13237873">
   <ele>2911.009</ele>
  </trkpt>
  <trkpt lat="-4.02488312" lon="103.13237697">
   <ele>2914.374</ele>
  </trkpt>
  <trkpt lat="-4.02479863" lon="103.13237965">
   <ele>2917.258</ele>
  </trkpt>
  <trkpt lat="-4.02475311" lon="103.13240463">
   <ele>2920.623</ele>
  </trkpt>
  <trkpt lat="-4.02472738" lon="103.13241645">
   <ele>2923.987</ele>
  </trkpt>
  <trkpt lat="-4.02468589" lon="103.13242634">
   <ele>2927.352</ele>
  </trkpt>
  <trkpt lat="-4.02452571" lon="103.13239130">
   <ele>2930.235</ele>
  </trkpt>
  <trkpt lat="-4.02440258" lon="103.13235451">
   <ele>2933.12</ele>
  </trkpt>
  <trkpt lat="-4.02438154" lon="103.13232517">
   <ele>2936.484</ele>
  </trkpt>
  <trkpt lat="-4.02431105" lon="103.13222123">
   <ele>2939.369</ele>
  </trkpt>
  <trkpt lat="-4.02417988" lon="103.13212325">
   <ele>2942.252</ele>
  </trkpt>
  <trkpt lat="-4.02417962" lon="103.13212124">
   <ele>2943.213</ele>
  </trkpt>
  <trkpt lat="-4.02409321" lon="103.13209190">
   <ele>2946.578</ele>
  </trkpt>
  <trkpt lat="-4.02401693" lon="103.13206407">
   <ele>2948.02</ele>
  </trkpt>
  <trkpt lat="-4.02401945" lon="103.13204488">
   <ele>2949.943</ele>
  </trkpt>
  <trkpt lat="-4.02397418" lon="103.13203893">
   <ele>2953.307</ele>
  </trkpt>
  <trkpt lat="-4.02392465" lon="103.13198922">
   <ele>2954.269</ele>
  </trkpt>
  <trkpt lat="-4.02385172" lon="103.13199299">
   <ele>2957.152</ele>
  </trkpt>
  <trkpt lat="-4.02382046" lon="103.13200012">
   <ele>2957.152</ele>
  </trkpt>
  <trkpt lat="-4.02376807" lon="103.13198721">
   <ele>2960.037</ele>
  </trkpt>
  <trkpt lat="-4.02375684" lon="103.13191722">
   <ele>2963.401</ele>
  </trkpt>
  <trkpt lat="-4.02372935" lon="103.13190054">
   <ele>2964.363</ele>
  </trkpt>
  <trkpt lat="-4.02371317" lon="103.13191672">
   <ele>2964.363</ele>
  </trkpt>
  <trkpt lat="-4.02371669" lon="103.13193759">
   <ele>2967.247</ele>
  </trkpt>
  <trkpt lat="-4.02371351" lon="103.13193348">
   <ele>2970.611</ele>
  </trkpt>
  <trkpt lat="-4.02370982" lon="103.13192929">
   <ele>2973.495</ele>
  </trkpt>
  <trkpt lat="-4.02370429" lon="103.13192569">
   <ele>2976.86</ele>
  </trkpt>
  <trkpt lat="-4.02354327" lon="103.13175067">
   <ele>2979.263</ele>
  </trkpt>
  <trkpt lat="-4.02349700" lon="103.13162687">
   <ele>2982.147</ele>
  </trkpt>
  <trkpt lat="-4.02342039" lon="103.13174472">
   <ele>2985.512</ele>
  </trkpt>
  <trkpt lat="-4.02336750" lon="103.13171228">
   <ele>2985.992</ele>
  </trkpt>
  <trkpt lat="-4.02336599" lon="103.13168529">
   <ele>2989.837</ele>
  </trkpt>
  <trkpt lat="-4.02334051" lon="103.13161614">
   <ele>2992.721</ele>
  </trkpt>
  <trkpt lat="-4.02330707" lon="103.13159477">
   <ele>2995.125</ele>
  </trkpt>
  <trkpt lat="-4.02330187" lon="103.13159192">
   <ele>2998.97</ele>
  </trkpt>
  <trkpt lat="-4.02322602" lon="103.13151715">
   <ele>3000.893</ele>
  </trkpt>
  <trkpt lat="-4.02324035" lon="103.13157122">
   <ele>3004.257</ele>
  </trkpt>
  <trkpt lat="-4.02322182" lon="103.13154867">
   <ele>3007.622</ele>
  </trkpt>
  <trkpt lat="-4.02321068" lon="103.13151271">
   <ele>3011.467</ele>
  </trkpt>
  <trkpt lat="-4.02314890" lon="103.13140668">
   <ele>3014.351</ele>
  </trkpt>
  <trkpt lat="-4.02308201" lon="103.13113376">
   <ele>3017.235</ele>
  </trkpt>
  <trkpt lat="-4.02308788" lon="103.13113150">
   <ele>3018.196</ele>
  </trkpt>
  <trkpt lat="-4.02316013" lon="103.13115849">
   <ele>3021.561</ele>
  </trkpt>
  <trkpt lat="-4.02305997" lon="103.13129344">
   <ele>3023.003</ele>
  </trkpt>
  <trkpt lat="-4.02306240" lon="103.13134465">
   <ele>3025.887</ele>
  </trkpt>
  <trkpt lat="-4.02311294" lon="103.13137868">
   <ele>3027.329</ele>
  </trkpt>
  <trkpt lat="-4.02310833" lon="103.13138531">
   <ele>3027.329</ele>
  </trkpt>
  <trkpt lat="-4.02308051" lon="103.13138975">
   <ele>3029.252</ele>
  </trkpt>
  <trkpt lat="-4.02311780" lon="103.13137273">
   <ele>3032.616</ele>
  </trkpt>
  <trkpt lat="-4.02309593" lon="103.13137240">
   <ele>3034.058</ele>
  </trkpt>
  <trkpt lat="-4.02309710" lon="103.13137206">
   <ele>3030.694</ele>
  </trkpt>
  <trkpt lat="-4.02309643" lon="103.13136871">
   <ele>3027.809</ele>
  </trkpt>
  <trkpt lat="-4.02309534" lon="103.13136611">
   <ele>3023.964</ele>
  </trkpt>
  <trkpt lat="-4.02309400" lon="103.13136335">
   <ele>3020.6</ele>
  </trkpt>
  <trkpt lat="-4.02308964" lon="103.13135547">
   <ele>3016.754</ele>
  </trkpt>
  <trkpt lat="-4.02294665" lon="103.13107627">
   <ele>3014.351</ele>
  </trkpt>
  <trkpt lat="-4.02288521" lon="103.13095825">
   <ele>3010.025</ele>
  </trkpt>
  <trkpt lat="-4.02287867" lon="103.13089999">
   <ele>3008.583</ele>
  </trkpt>
  <trkpt lat="-4.02290507" lon="103.13086370">
   <ele>3005.699</ele>
  </trkpt>
  <trkpt lat="-4.02290390" lon="103.13078877">
   <ele>3003.296</ele>
  </trkpt>
  <trkpt lat="-4.02290641" lon="103.13076194">
   <ele>2999.932</ele>
  </trkpt>
  <trkpt lat="-4.02291153" lon="103.13070855">
   <ele>2996.567</ele>
  </trkpt>
  <trkpt lat="-4.02292200" lon="103.13067201">
   <ele>2995.125</ele>
  </trkpt>
  <trkpt lat="-4.02291739" lon="103.13060319">
   <ele>2992.721</ele>
  </trkpt>
  <trkpt lat="-4.02289568" lon="103.13056991">
   <ele>2988.876</ele>
  </trkpt>
  <trkpt lat="-4.02289367" lon="103.13056941">
   <ele>2988.876</ele>
  </trkpt>
  <trkpt lat="-4.02293089" lon="103.13045248">
   <ele>2986.473</ele>
  </trkpt>
  <trkpt lat="-4.02295226" lon="103.13036028">
   <ele>2983.108</ele>
  </trkpt>
  <trkpt lat="-4.02295159" lon="103.13020170">
   <ele>2980.224</ele>
  </trkpt>
  <trkpt lat="-4.02296827" lon="103.13010153">
   <ele>2979.263</ele>
  </trkpt>
  <trkpt lat="-4.02293315" lon="103.13006960">
   <ele>2979.744</ele>
  </trkpt>
  <trkpt lat="-4.02288613" lon="103.12999072">
   <ele>2980.705</ele>
  </trkpt>
  <trkpt lat="-4.02279477" lon="103.12992870">
   <ele>2979.744</ele>
  </trkpt>
  <trkpt lat="-4.02272972" lon="103.12992107">
   <ele>2981.666</ele>
  </trkpt>
  <trkpt lat="-4.02269586" lon="103.12990925">
   <ele>2983.108</ele>
  </trkpt>
  <trkpt lat="-4.02269846" lon="103.12990791">
   <ele>2983.589</ele>
  </trkpt>
  <trkpt lat="-4.02269502" lon="103.12990909">
   <ele>2983.589</ele>
  </trkpt>
  <trkpt lat="-4.02268723" lon="103.12990992">
   <ele>2984.069</ele>
  </trkpt>
  <trkpt lat="-4.02268647" lon="103.12990045">
   <ele>2985.992</ele>
  </trkpt>
  <trkpt lat="-4.02269427" lon="103.12990129">
   <ele>2986.473</ele>
  </trkpt>
  <trkpt lat="-4.02264255" lon="103.12985846">
   <ele>2986.954</ele>
  </trkpt>
  <trkpt lat="-4.02246913" lon="103.12966727">
   <ele>2987.915</ele>
  </trkpt>
  <trkpt lat="-4.02239176" lon="103.12956258">
   <ele>2988.876</ele>
  </trkpt>
  <trkpt lat="-4.02236997" lon="103.12954900">
   <ele>2989.356</ele>
  </trkpt>
  <trkpt lat="-4.02242110" lon="103.12934272">
   <ele>2989.837</ele>
  </trkpt>
  <trkpt lat="-4.02238464" lon="103.12926980">
   <ele>2989.837</ele>
  </trkpt>
  <trkpt lat="-4.02229127" lon="103.12914365">
   <ele>2991.279</ele>
  </trkpt>
  <trkpt lat="-4.02220636" lon="103.12899076">
   <ele>2993.202</ele>
  </trkpt>
  <trkpt lat="-4.02206428" lon="103.12883989">
   <ele>2994.644</ele>
  </trkpt>
  <trkpt lat="-4.02197988" lon="103.12869438">
   <ele>2996.086</ele>
  </trkpt>
  <trkpt lat="-4.02197267" lon="103.12863654">
   <ele>2997.047</ele>
  </trkpt>
  <trkpt lat="-4.02195951" lon="103.12860637">
   <ele>2997.528</ele>
  </trkpt>
  <trkpt lat="-4.02195130" lon="103.12855013">
   <ele>2997.528</ele>
  </trkpt>
  <trkpt lat="-4.02187007" lon="103.12851191">
   <ele>2998.49</ele>
  </trkpt>
  <trkpt lat="-4.02182540" lon="103.12845541">
   <ele>2999.451</ele>
  </trkpt>
  <trkpt lat="-4.02171970" lon="103.12843462">
   <ele>3001.374</ele>
  </trkpt>
  <trkpt lat="-4.02166857" lon="103.12835692">
   <ele>3002.335</ele>
  </trkpt>
  <trkpt lat="-4.02163530" lon="103.12824788">
   <ele>3004.257</ele>
  </trkpt>
  <trkpt lat="-4.02159087" lon="103.12819197">
   <ele>3005.219</ele>
  </trkpt>
  <trkpt lat="-4.02153497" lon="103.12814729">
   <ele>3006.661</ele>
  </trkpt>
  <trkpt lat="-4.02149918" lon="103.12808124">
   <ele>3007.622</ele>
  </trkpt>
  <trkpt lat="-4.02142818" lon="103.12807018">
   <ele>3010.025</ele>
  </trkpt>
  <trkpt lat="-4.02138694" lon="103.12798066">
   <ele>3010.986</ele>
  </trkpt>
  <trkpt lat="-4.02134579" lon="103.12790841">
   <ele>3012.428</ele>
  </trkpt>
  <trkpt lat="-4.02131863" lon="103.12780732">
   <ele>3014.351</ele>
  </trkpt>
  <trkpt lat="-4.02129089" lon="103.12773289">
   <ele>3015.313</ele>
  </trkpt>
  <trkpt lat="-4.02124353" lon="103.12768486">
   <ele>3017.235</ele>
  </trkpt>
  <trkpt lat="-4.02120983" lon="103.12756643">
   <ele>3019.158</ele>
  </trkpt>
  <trkpt lat="-4.02118293" lon="103.12748730">
   <ele>3020.6</ele>
  </trkpt>
  <trkpt lat="-4.02110782" lon="103.12749241">
   <ele>3023.003</ele>
  </trkpt>
  <trkpt lat="-4.02105703" lon="103.12749711">
   <ele>3025.406</ele>
  </trkpt>
  <trkpt lat="-4.02104764" lon="103.12748998">
   <ele>3024.925</ele>
  </trkpt>
  <trkpt lat="-4.02095435" lon="103.12748822">
   <ele>3028.291</ele>
  </trkpt>
  <trkpt lat="-4.02086777" lon="103.12746811">
   <ele>3031.655</ele>
  </trkpt>
  <trkpt lat="-4.02080121" lon="103.12745017">
   <ele>3034.058</ele>
  </trkpt>
  <trkpt lat="-4.02076987" lon="103.12740491">
   <ele>3035.981</ele>
  </trkpt>
  <trkpt lat="-4.02073106" lon="103.12737725">
   <ele>3038.865</ele>
  </trkpt>
  <trkpt lat="-4.02069468" lon="103.12736275">
   <ele>3041.268</ele>
  </trkpt>
  <trkpt lat="-4.02066115" lon="103.12733140">
   <ele>3042.71</ele>
  </trkpt>
  <trkpt lat="-4.02061514" lon="103.12731212">
   <ele>3045.113</ele>
  </trkpt>
  <trkpt lat="-4.02058773" lon="103.12730508">
   <ele>3047.997</ele>
  </trkpt>
  <trkpt lat="-4.02055881" lon="103.12728748">
   <ele>3050.4</ele>
  </trkpt>
  <trkpt lat="-4.02050114" lon="103.12725605">
   <ele>3053.284</ele>
  </trkpt>
  <trkpt lat="-4.02044834" lon="103.12723442">
   <ele>3056.649</ele>
  </trkpt>
  <trkpt lat="-4.02041053" lon="103.12723920">
   <ele>3058.091</ele>
  </trkpt>
  <trkpt lat="-4.02036804" lon="103.12722352">
   <ele>3062.417</ele>
  </trkpt>
  <trkpt lat="-4.02036091" lon="103.12721103">
   <ele>3061.937</ele>
  </trkpt>
  <trkpt lat="-4.02031817" lon="103.12719603">
   <ele>3065.782</ele>
  </trkpt>
  <trkpt lat="-4.02031573" lon="103.12719343">
   <ele>3065.782</ele>
  </trkpt>
  <trkpt lat="-4.02027156" lon="103.12716284">
   <ele>3069.146</ele>
  </trkpt>
  <trkpt lat="-4.02025823" lon="103.12715714">
   <ele>3070.108</ele>
  </trkpt>
  <trkpt lat="-4.02025094" lon="103.12714004">
   <ele>3073.472</ele>
  </trkpt>
  <trkpt lat="-4.02015832" lon="103.12712797">
   <ele>3076.356</ele>
  </trkpt>
  <trkpt lat="-4.02011792" lon="103.12711556">
   <ele>3078.759</ele>
  </trkpt>
  <trkpt lat="-4.02009831" lon="103.12711431">
   <ele>3080.682</ele>
  </trkpt>
  <trkpt lat="-4.02009672" lon="103.12711414">
   <ele>3084.046</ele>
  </trkpt>
  <trkpt lat="-4.02006621" lon="103.12710634">
   <ele>3086.931</ele>
  </trkpt>
  <trkpt lat="-4.01998825" lon="103.12708346">
   <ele>3089.333</ele>
  </trkpt>
  <trkpt lat="-4.01994081" lon="103.12706938">
   <ele>3092.218</ele>
  </trkpt>
  <trkpt lat="-4.01988868" lon="103.12704206">
   <ele>3095.102</ele>
  </trkpt>
  <trkpt lat="-4.01984367" lon="103.12702135">
   <ele>3098.467</ele>
  </trkpt>
  <trkpt lat="-4.01980117" lon="103.12701272">
   <ele>3100.389</ele>
  </trkpt>
  <trkpt lat="-4.01972481" lon="103.12701071">
   <ele>3103.754</ele>
  </trkpt>
  <trkpt lat="-4.01968156" lon="103.12700987">
   <ele>3107.118</ele>
  </trkpt>
  <trkpt lat="-4.01962674" lon="103.12698171">
   <ele>3110.483</ele>
  </trkpt>
  <trkpt lat="-4.01960009" lon="103.12696972">
   <ele>3111.444</ele>
  </trkpt>
  <trkpt lat="-4.01959397" lon="103.12696737">
   <ele>3112.405</ele>
  </trkpt>
  <trkpt lat="-4.01955181" lon="103.12693954">
   <ele>3115.77</ele>
  </trkpt>
  <trkpt lat="-4.01953605" lon="103.12692546">
   <ele>3117.693</ele>
  </trkpt>
  <trkpt lat="-4.01952867" lon="103.12691364">
   <ele>3118.654</ele>
  </trkpt>
  <trkpt lat="-4.01949582" lon="103.12690266">
   <ele>3122.019</ele>
  </trkpt>
  <trkpt lat="-4.01942491" lon="103.12690979">
   <ele>3124.903</ele>
  </trkpt>
  <trkpt lat="-4.01939465" lon="103.12689462">
   <ele>3127.306</ele>
  </trkpt>
  <trkpt lat="-4.01934586" lon="103.12688506">
   <ele>3130.671</ele>
  </trkpt>
  <trkpt lat="-4.01927353" lon="103.12689479">
   <ele>3132.593</ele>
  </trkpt>
  <trkpt lat="-4.01921620" lon="103.12687651">
   <ele>3136.919</ele>
  </trkpt>
  <trkpt lat="-4.01915149" lon="103.12686553">
   <ele>3137.88</ele>
  </trkpt>
  <trkpt lat="-4.01911771" lon="103.12686277">
   <ele>3138.842</ele>
  </trkpt>
  <trkpt lat="-4.01903842" lon="103.12681977">
   <ele>3140.284</ele>
  </trkpt>
  <trkpt lat="-4.01903816" lon="103.12680418">
   <ele>3140.765</ele>
  </trkpt>
  <trkpt lat="-4.01903280" lon="103.12679965">
   <ele>3140.765</ele>
  </trkpt>
  <trkpt lat="-4.01902568" lon="103.12680443">
   <ele>3141.726</ele>
  </trkpt>
  <trkpt lat="-4.01902366" lon="103.12680678">
   <ele>3141.245</ele>
  </trkpt>
  <trkpt lat="-4.01905920" lon="103.12679680">
   <ele>3140.765</ele>
  </trkpt>
  <trkpt lat="-4.01908787" lon="103.12682027">
   <ele>3141.245</ele>
  </trkpt>
  <trkpt lat="-4.01905895" lon="103.12677911">
   <ele>3140.765</ele>
  </trkpt>
  <trkpt lat="-4.01904244" lon="103.12677057">
   <ele>3141.245</ele>
  </trkpt>
  <trkpt lat="-4.01900782" lon="103.12680510">
   <ele>3141.245</ele>
  </trkpt>
  <trkpt lat="-4.01902140" lon="103.12682102">
   <ele>3144.129</ele>
  </trkpt>
  <trkpt lat="-4.01902819" lon="103.12682538">
   <ele>3144.61</ele>
  </trkpt>
  <trkpt lat="-4.01901805" lon="103.12684139">
   <ele>3145.09</ele>
  </trkpt>
  <trkpt lat="-4.01897497" lon="103.12687551">
   <ele>3146.052</ele>
  </trkpt>
  <trkpt lat="-4.01896524" lon="103.12691339">
   <ele>3145.571</ele>
  </trkpt>
  <trkpt lat="-4.01898075" lon="103.12691138">
   <ele>3145.571</ele>
  </trkpt>
  <trkpt lat="-4.01898184" lon="103.12689520">
   <ele>3145.571</ele>
  </trkpt>
  <trkpt lat="-4.01898947" lon="103.12689537">
   <ele>3145.09</ele>
  </trkpt>
  <trkpt lat="-4.01902593" lon="103.12685941">
   <ele>3144.61</ele>
  </trkpt>
  <trkpt lat="-4.01903925" lon="103.12682035">
   <ele>3143.648</ele>
  </trkpt>
  <trkpt lat="-4.01902467" lon="103.12677526">
   <ele>3144.129</ele>
  </trkpt>
  <trkpt lat="-4.01903272" lon="103.12678632">
   <ele>3144.129</ele>
  </trkpt>
  <trkpt lat="-4.01903087" lon="103.12679403">
   <ele>3144.129</ele>
  </trkpt>
  <trkpt lat="-4.01903573" lon="103.12679831">
   <ele>3144.61</ele>
  </trkpt>
  <trkpt lat="-4.01903096" lon="103.12680434">
   <ele>3145.571</ele>
  </trkpt>
  <trkpt lat="-4.01904345" lon="103.12681155">
   <ele>3145.571</ele>
  </trkpt>
  <trkpt lat="-4.01905091" lon="103.12682899">
   <ele>3145.571</ele>
  </trkpt>
 </trkseg>
</trk>
<trk>
 <name>Track 471</name>
 <trkseg>
  <trkpt lat="-4.02998275" lon="103.18187429">
   <ele>1166.217</ele>
  </trkpt>
  <trkpt lat="-4.03040260" lon="103.18133307">
   <ele>1170.542</ele>
  </trkpt>
  <trkpt lat="-4.03051031" lon="103.18117616">
   <ele>1173.427</ele>
  </trkpt>
  <trkpt lat="-4.03069354" lon="103.18105127">
   <ele>1176.31</ele>
  </trkpt>
  <trkpt lat="-4.03082371" lon="103.18028927">
   <ele>1182.559</ele>
  </trkpt>
  <trkpt lat="-4.03075187" lon="103.18027343">
   <ele>1183.52</ele>
  </trkpt>
 </trkseg>
</trk>
<trk>
 <name>Track 472</name>
 <trkseg>
  <trkpt lat="-4.02306399" lon="103.13132722">
   <ele>0</ele>
  </trkpt>
  <trkpt lat="-4.02289401" lon="103.13148874">
   <ele>0</ele>
  </trkpt>
  <trkpt lat="-4.02263593" lon="103.13182980">
   <ele>0</ele>
  </trkpt>
  <trkpt lat="-4.02235933" lon="103.13219391">
   <ele>0</ele>
  </trkpt>
  <trkpt lat="-4.02212547" lon="103.13259146">
   <ele>0</ele>
  </trkpt>
  <trkpt lat="-4.02204987" lon="103.13271836">
   <ele>3046.555</ele>
  </trkpt>
  <trkpt lat="-4.02206386" lon="103.13278919">
   <ele>3046.075</ele>
  </trkpt>
  <trkpt lat="-4.02198398" lon="103.13285650">
   <ele>3046.075</ele>
  </trkpt>
  <trkpt lat="-4.02191576" lon="103.13293470">
   <ele>3046.555</ele>
  </trkpt>
  <trkpt lat="-4.02186438" lon="103.13301031">
   <ele>3046.075</ele>
  </trkpt>
  <trkpt lat="-4.02183085" lon="103.13310402">
   <ele>3047.036</ele>
  </trkpt>
  <trkpt lat="-4.02173337" lon="103.13319219">
   <ele>3046.555</ele>
  </trkpt>
  <trkpt lat="-4.02162256" lon="103.13326444">
   <ele>3046.075</ele>
  </trkpt>
  <trkpt lat="-4.02152784" lon="103.13340115">
   <ele>3046.555</ele>
  </trkpt>
  <trkpt lat="-4.02140538" lon="103.13354390">
   <ele>3045.113</ele>
  </trkpt>
  <trkpt lat="-4.02130706" lon="103.13364490">
   <ele>3047.036</ele>
  </trkpt>
  <trkpt lat="-4.02123246" lon="103.13376484">
   <ele>3047.036</ele>
  </trkpt>
  <trkpt lat="-4.02118611" lon="103.13387381">
   <ele>3047.036</ele>
  </trkpt>
  <trkpt lat="-4.02112543" lon="103.13396903">
   <ele>3045.113</ele>
  </trkpt>
  <trkpt lat="-4.02112819" lon="103.13396735">
   <ele>3045.594</ele>
  </trkpt>
  <trkpt lat="-4.02119349" lon="103.13397431">
   <ele>3045.113</ele>
  </trkpt>
  <trkpt lat="-4.02118402" lon="103.13400457">
   <ele>3041.749</ele>
  </trkpt>
  <trkpt lat="-4.02125074" lon="103.13415159">
   <ele>3038.865</ele>
  </trkpt>
  <trkpt lat="-4.02125635" lon="103.13416206">
   <ele>3035.02</ele>
  </trkpt>
  <trkpt lat="-4.02127077" lon="103.13420305">
   <ele>3032.136</ele>
  </trkpt>
  <trkpt lat="-4.02127203" lon="103.13423666">
   <ele>3030.213</ele>
  </trkpt>
  <trkpt lat="-4.02124068" lon="103.13434789">
   <ele>3028.291</ele>
  </trkpt>
  <trkpt lat="-4.02127312" lon="103.13441914">
   <ele>3025.406</ele>
  </trkpt>
  <trkpt lat="-4.02127328" lon="103.13447278">
   <ele>3023.964</ele>
  </trkpt>
  <trkpt lat="-4.02125392" lon="103.13450371">
   <ele>3020.6</ele>
  </trkpt>
  <trkpt lat="-4.02121746" lon="103.13458862">
   <ele>3016.754</ele>
  </trkpt>
  <trkpt lat="-4.02121034" lon="103.13468719">
   <ele>3015.313</ele>
  </trkpt>
  <trkpt lat="-4.02122509" lon="103.13475223">
   <ele>3011.948</ele>
  </trkpt>
  <trkpt lat="-4.02126138" lon="103.13479112">
   <ele>3008.583</ele>
  </trkpt>
  <trkpt lat="-4.02127127" lon="103.13483002">
   <ele>3005.699</ele>
  </trkpt>
  <trkpt lat="-4.02127060" lon="103.13488056">
   <ele>3002.815</ele>
  </trkpt>
  <trkpt lat="-4.02132919" lon="103.13495809">
   <ele>2999.451</ele>
  </trkpt>
  <trkpt lat="-4.02135358" lon="103.13498751">
   <ele>2997.047</ele>
  </trkpt>
  <trkpt lat="-4.02142491" lon="103.13498558">
   <ele>2994.644</ele>
  </trkpt>
  <trkpt lat="-4.02145140" lon="103.13499422">
   <ele>2992.241</ele>
  </trkpt>
  <trkpt lat="-4.02148803" lon="103.13498693">
   <ele>2990.318</ele>
  </trkpt>
  <trkpt lat="-4.02145023" lon="103.13504359">
   <ele>2986.954</ele>
  </trkpt>
  <trkpt lat="-4.02145567" lon="103.13506924">
   <ele>2984.069</ele>
  </trkpt>
  <trkpt lat="-4.02147411" lon="103.13509732">
   <ele>2980.705</ele>
  </trkpt>
  <trkpt lat="-4.02150529" lon="103.13510067">
   <ele>2977.34</ele>
  </trkpt>
  <trkpt lat="-4.02151317" lon="103.13511123">
   <ele>2974.457</ele>
  </trkpt>
  <trkpt lat="-4.02149163" lon="103.13512355">
   <ele>2975.898</ele>
  </trkpt>
  <trkpt lat="-4.02153270" lon="103.13512255">
   <ele>2974.937</ele>
  </trkpt>
  <trkpt lat="-4.02153262" lon="103.13512246">
   <ele>2976.379</ele>
  </trkpt>
  <trkpt lat="-4.02153807" lon="103.13511408">
   <ele>2973.015</ele>
  </trkpt>
  <trkpt lat="-4.02155458" lon="103.13512933">
   <ele>2969.65</ele>
  </trkpt>
  <trkpt lat="-4.02157369" lon="103.13513235">
   <ele>2966.285</ele>
  </trkpt>
  <trkpt lat="-4.02167327" lon="103.13515892">
   <ele>2962.92</ele>
  </trkpt>
  <trkpt lat="-4.02153321" lon="103.13518465">
   <ele>2960.037</ele>
  </trkpt>
  <trkpt lat="-4.02157243" lon="103.13518574">
   <ele>2957.152</ele>
  </trkpt>
  <trkpt lat="-4.02163756" lon="103.13520184">
   <ele>2954.269</ele>
  </trkpt>
  <trkpt lat="-4.02169137" lon="103.13523369">
   <ele>2951.385</ele>
  </trkpt>
  <trkpt lat="-4.02169598" lon="103.13524157">
   <ele>2948.02</ele>
  </trkpt>
  <trkpt lat="-4.02172448" lon="103.13525481">
   <ele>2945.136</ele>
  </trkpt>
  <trkpt lat="-4.02173270" lon="103.13525783">
   <ele>2946.578</ele>
  </trkpt>
  <trkpt lat="-4.02178600" lon="103.13528323">
   <ele>2943.213</ele>
  </trkpt>
  <trkpt lat="-4.02182716" lon="103.13531290">
   <ele>2940.811</ele>
  </trkpt>
  <trkpt lat="-4.02179807" lon="103.13531927">
   <ele>2938.407</ele>
  </trkpt>
  <trkpt lat="-4.02180889" lon="103.13532706">
   <ele>2936.965</ele>
  </trkpt>
  <trkpt lat="-4.02180880" lon="103.13533938">
   <ele>2936.484</ele>
  </trkpt>
  <trkpt lat="-4.02181718" lon="103.13536746">
   <ele>2936.965</ele>
  </trkpt>
  <trkpt lat="-4.02185767" lon="103.13542932">
   <ele>2935.042</ele>
  </trkpt>
  <trkpt lat="-4.02187267" lon="103.13546453">
   <ele>2931.678</ele>
  </trkpt>
  <trkpt lat="-4.02189882" lon="103.13550568">
   <ele>2928.793</ele>
  </trkpt>
  <trkpt lat="-4.02189857" lon="103.13553871">
   <ele>2925.429</ele>
  </trkpt>
  <trkpt lat="-4.02194534" lon="103.13560920">
   <ele>2922.545</ele>
  </trkpt>
  <trkpt lat="-4.02193889" lon="103.13565857">
   <ele>2920.623</ele>
  </trkpt>
  <trkpt lat="-4.02192280" lon="103.13562345">
   <ele>2917.739</ele>
  </trkpt>
  <trkpt lat="-4.02190712" lon="103.13567944">
   <ele>2914.374</ele>
  </trkpt>
  <trkpt lat="-4.02192104" lon="103.13580877">
   <ele>2911.009</ele>
  </trkpt>
  <trkpt lat="-4.02191140" lon="103.13589536">
   <ele>2908.125</ele>
  </trkpt>
  <trkpt lat="-4.02191115" lon="103.13594112">
   <ele>2904.28</ele>
  </trkpt>
  <trkpt lat="-4.02190905" lon="103.13590080">
   <ele>2903.8</ele>
  </trkpt>
  <trkpt lat="-4.02190628" lon="103.13592503">
   <ele>2900.916</ele>
  </trkpt>
  <trkpt lat="-4.02192154" lon="103.13597691">
   <ele>2898.031</ele>
  </trkpt>
  <trkpt lat="-4.02191802" lon="103.13600508">
   <ele>2894.667</ele>
  </trkpt>
  <trkpt lat="-4.02196378" lon="103.13603181">
   <ele>2895.147</ele>
  </trkpt>
  <trkpt lat="-4.02201651" lon="103.13605922">
   <ele>2891.783</ele>
  </trkpt>
  <trkpt lat="-4.02200427" lon="103.13611865">
   <ele>2890.341</ele>
  </trkpt>
  <trkpt lat="-4.02202740" lon="103.13612695">
   <ele>2888.418</ele>
  </trkpt>
  <trkpt lat="-4.02207216" lon="103.13615151">
   <ele>2885.535</ele>
  </trkpt>
  <trkpt lat="-4.02211701" lon="103.13617623">
   <ele>2884.092</ele>
  </trkpt>
  <trkpt lat="-4.02214215" lon="103.13622091">
   <ele>2881.689</ele>
  </trkpt>
  <trkpt lat="-4.02217291" lon="103.13628998">
   <ele>2878.325</ele>
  </trkpt>
  <trkpt lat="-4.02217367" lon="103.13631722">
   <ele>2874.96</ele>
  </trkpt>
  <trkpt lat="-4.02217367" lon="103.13631806">
   <ele>2872.076</ele>
  </trkpt>
  <trkpt lat="-4.02217501" lon="103.13632325">
   <ele>2868.711</ele>
  </trkpt>
  <trkpt lat="-4.02217593" lon="103.13632753">
   <ele>2865.347</ele>
  </trkpt>
  <trkpt lat="-4.02217501" lon="103.13633071">
   <ele>2863.905</ele>
  </trkpt>
  <trkpt lat="-4.02220535" lon="103.13648150">
   <ele>2861.501</ele>
  </trkpt>
  <trkpt lat="-4.02224860" lon="103.13656901">
   <ele>2858.137</ele>
  </trkpt>
  <trkpt lat="-4.02225464" lon="103.13662768">
   <ele>2856.695</ele>
  </trkpt>
  <trkpt lat="-4.02226352" lon="103.13665995">
   <ele>2853.811</ele>
  </trkpt>
  <trkpt lat="-4.02230560" lon="103.13674151">
   <ele>2850.446</ele>
  </trkpt>
  <trkpt lat="-4.02231926" lon="103.13675609">
   <ele>2849.004</ele>
  </trkpt>
  <trkpt lat="-4.02234893" lon="103.13676347">
   <ele>2845.64</ele>
  </trkpt>
  <trkpt lat="-4.02239956" lon="103.13676691">
   <ele>2843.717</ele>
  </trkpt>
  <trkpt lat="-4.02239973" lon="103.13678141">
   <ele>2840.833</ele>
  </trkpt>
  <trkpt lat="-4.02239914" lon="103.13680530">
   <ele>2837.469</ele>
  </trkpt>
  <trkpt lat="-4.02241398" lon="103.13687755">
   <ele>2834.104</ele>
  </trkpt>
  <trkpt lat="-4.02241481" lon="103.13689196">
   <ele>2831.701</ele>
  </trkpt>
  <trkpt lat="-4.02240501" lon="103.13690806">
   <ele>2828.816</ele>
  </trkpt>
  <trkpt lat="-4.02239637" lon="103.13698031">
   <ele>2825.452</ele>
  </trkpt>
  <trkpt lat="-4.02239746" lon="103.13702063">
   <ele>2824.01</ele>
  </trkpt>
  <trkpt lat="-4.02242001" lon="103.13707109">
   <ele>2821.607</ele>
  </trkpt>
  <trkpt lat="-4.02240861" lon="103.13709514">
   <ele>2818.242</ele>
  </trkpt>
  <trkpt lat="-4.02241188" lon="103.13709598">
   <ele>2817.762</ele>
  </trkpt>
  <trkpt lat="-4.02245019" lon="103.13710780">
   <ele>2813.917</ele>
  </trkpt>
  <trkpt lat="-4.02244130" lon="103.13713848">
   <ele>2811.513</ele>
  </trkpt>
  <trkpt lat="-4.02244415" lon="103.13716169">
   <ele>2810.552</ele>
  </trkpt>
  <trkpt lat="-4.02246854" lon="103.13725188">
   <ele>2806.707</ele>
  </trkpt>
  <trkpt lat="-4.02247600" lon="103.13730603">
   <ele>2803.341</ele>
  </trkpt>
  <trkpt lat="-4.02256552" lon="103.13733160">
   <ele>2799.977</ele>
  </trkpt>
  <trkpt lat="-4.02255915" lon="103.13733554">
   <ele>2798.054</ele>
  </trkpt>
  <trkpt lat="-4.02261891" lon="103.13735372">
   <ele>2796.132</ele>
  </trkpt>
  <trkpt lat="-4.02259402" lon="103.13735884">
   <ele>2795.17</ele>
  </trkpt>
  <trkpt lat="-4.02254792" lon="103.13732581">
   <ele>2791.806</ele>
  </trkpt>
  <trkpt lat="-4.02256502" lon="103.13737493">
   <ele>2788.922</ele>
  </trkpt>
  <trkpt lat="-4.02259042" lon="103.13738465">
   <ele>2785.558</ele>
  </trkpt>
  <trkpt lat="-4.02260609" lon="103.13737166">
   <ele>2782.673</ele>
  </trkpt>
  <trkpt lat="-4.02261598" lon="103.13741148">
   <ele>2779.309</ele>
  </trkpt>
  <trkpt lat="-4.02262780" lon="103.13743930">
   <ele>2776.425</ele>
  </trkpt>
  <trkpt lat="-4.02259796" lon="103.13745372">
   <ele>2773.061</ele>
  </trkpt>
  <trkpt lat="-4.02262478" lon="103.13747317">
   <ele>2769.695</ele>
  </trkpt>
  <trkpt lat="-4.02266200" lon="103.13750083">
   <ele>2766.331</ele>
  </trkpt>
  <trkpt lat="-4.02273450" lon="103.13754106">
   <ele>2763.447</ele>
  </trkpt>
  <trkpt lat="-4.02277214" lon="103.13753687">
   <ele>2760.563</ele>
  </trkpt>
  <trkpt lat="-4.02281597" lon="103.13758054">
   <ele>2757.198</ele>
  </trkpt>
  <trkpt lat="-4.02286241" lon="103.13758850">
   <ele>2753.834</ele>
  </trkpt>
  <trkpt lat="-4.02289233" lon="103.13758967">
   <ele>2750.469</ele>
  </trkpt>
  <trkpt lat="-4.02293852" lon="103.13760359">
   <ele>2747.585</ele>
  </trkpt>
  <trkpt lat="-4.02300356" lon="103.13760912">
   <ele>2744.702</ele>
  </trkpt>
  <trkpt lat="-4.02305930" lon="103.13761985">
   <ele>2741.337</ele>
  </trkpt>
  <trkpt lat="-4.02311873" lon="103.13767266">
   <ele>2738.453</ele>
  </trkpt>
  <trkpt lat="-4.02309978" lon="103.13762018">
   <ele>2735.088</ele>
  </trkpt>
  <trkpt lat="-4.02310406" lon="103.13762153">
   <ele>2732.204</ele>
  </trkpt>
  <trkpt lat="-4.02310532" lon="103.13762186">
   <ele>2731.243</ele>
  </trkpt>
  <trkpt lat="-4.02310750" lon="103.13762303">
   <ele>2728.359</ele>
  </trkpt>
  <trkpt lat="-4.02317631" lon="103.13771767">
   <ele>2727.397</ele>
  </trkpt>
  <trkpt lat="-4.02317790" lon="103.13770518">
   <ele>2724.514</ele>
  </trkpt>
  <trkpt lat="-4.02322073" lon="103.13769571">
   <ele>2721.149</ele>
  </trkpt>
  <trkpt lat="-4.02323331" lon="103.13768171">
   <ele>2718.265</ele>
  </trkpt>
  <trkpt lat="-4.02324605" lon="103.13775974">
   <ele>2715.381</ele>
  </trkpt>
  <trkpt lat="-4.02329139" lon="103.13782244">
   <ele>2712.017</ele>
  </trkpt>
  <trkpt lat="-4.02333045" lon="103.13791380">
   <ele>2709.133</ele>
  </trkpt>
  <trkpt lat="-4.02332777" lon="103.13794213">
   <ele>2705.768</ele>
  </trkpt>
  <trkpt lat="-4.02333607" lon="103.13794280">
   <ele>2703.364</ele>
  </trkpt>
  <trkpt lat="-4.02334747" lon="103.13795906">
   <ele>2700</ele>
  </trkpt>
  <trkpt lat="-4.02337085" lon="103.13803609">
   <ele>2697.116</ele>
  </trkpt>
  <trkpt lat="-4.02339491" lon="103.13806552">
   <ele>2694.232</ele>
  </trkpt>
  <trkpt lat="-4.02340086" lon="103.13809066">
   <ele>2690.868</ele>
  </trkpt>
  <trkpt lat="-4.02344453" lon="103.13813609">
   <ele>2687.983</ele>
  </trkpt>
  <trkpt lat="-4.02344956" lon="103.13815252">
   <ele>2686.542</ele>
  </trkpt>
  <trkpt lat="-4.02345467" lon="103.13817096">
   <ele>2683.177</ele>
  </trkpt>
  <trkpt lat="-4.02347026" lon="103.13825352">
   <ele>2681.254</ele>
  </trkpt>
  <trkpt lat="-4.02347839" lon="103.13835679">
   <ele>2677.89</ele>
  </trkpt>
  <trkpt lat="-4.02347965" lon="103.13835897">
   <ele>2677.409</ele>
  </trkpt>
  <trkpt lat="-4.02350220" lon="103.13841294">
   <ele>2675.967</ele>
  </trkpt>
  <trkpt lat="-4.02351435" lon="103.13845720">
   <ele>2673.563</ele>
  </trkpt>
  <trkpt lat="-4.02354109" lon="103.13849869">
   <ele>2670.199</ele>
  </trkpt>
  <trkpt lat="-4.02356741" lon="103.13855376">
   <ele>2667.796</ele>
  </trkpt>
  <trkpt lat="-4.02358342" lon="103.13859073">
   <ele>2667.315</ele>
  </trkpt>
  <trkpt lat="-4.02359432" lon="103.13862300">
   <ele>2666.354</ele>
  </trkpt>
  <trkpt lat="-4.02360404" lon="103.13864479">
   <ele>2664.431</ele>
  </trkpt>
  <trkpt lat="-4.02363304" lon="103.13870195">
   <ele>2661.066</ele>
  </trkpt>
  <trkpt lat="-4.02365668" lon="103.13879726">
   <ele>2657.702</ele>
  </trkpt>
  <trkpt lat="-4.02367327" lon="103.13888174">
   <ele>2655.299</ele>
  </trkpt>
  <trkpt lat="-4.02368358" lon="103.13893028">
   <ele>2652.896</ele>
  </trkpt>
  <trkpt lat="-4.02367998" lon="103.13899381">
   <ele>2649.531</ele>
  </trkpt>
  <trkpt lat="-4.02375600" lon="103.13906950">
   <ele>2646.167</ele>
  </trkpt>
  <trkpt lat="-4.02377226" lon="103.13911744">
   <ele>2642.801</ele>
  </trkpt>
  <trkpt lat="-4.02377738" lon="103.13920093">
   <ele>2642.321</ele>
  </trkpt>
  <trkpt lat="-4.02382297" lon="103.13932515">
   <ele>2639.437</ele>
  </trkpt>
  <trkpt lat="-4.02388081" lon="103.13939346">
   <ele>2636.072</ele>
  </trkpt>
  <trkpt lat="-4.02394535" lon="103.13944358">
   <ele>2633.188</ele>
  </trkpt>
  <trkpt lat="-4.02396522" lon="103.13950033">
   <ele>2631.266</ele>
  </trkpt>
  <trkpt lat="-4.02400453" lon="103.13956956">
   <ele>2627.901</ele>
  </trkpt>
  <trkpt lat="-4.02402573" lon="103.13961575">
   <ele>2625.017</ele>
  </trkpt>
  <trkpt lat="-4.02406471" lon="103.13966160">
   <ele>2621.653</ele>
  </trkpt>
  <trkpt lat="-4.02405239" lon="103.13971583">
   <ele>2619.25</ele>
  </trkpt>
  <trkpt lat="-4.02405348" lon="103.13973527">
   <ele>2616.366</ele>
  </trkpt>
  <trkpt lat="-4.02409321" lon="103.13978431">
   <ele>2613.001</ele>
  </trkpt>
  <trkpt lat="-4.02413042" lon="103.13982932">
   <ele>2610.117</ele>
  </trkpt>
  <trkpt lat="-4.02417040" lon="103.13988606">
   <ele>2606.752</ele>
  </trkpt>
  <trkpt lat="-4.02419178" lon="103.13995295">
   <ele>2604.349</ele>
  </trkpt>
  <trkpt lat="-4.02418340" lon="103.13998254">
   <ele>2600.984</ele>
  </trkpt>
  <trkpt lat="-4.02419454" lon="103.14004306">
   <ele>2597.62</ele>
  </trkpt>
  <trkpt lat="-4.02419915" lon="103.14004993">
   <ele>2596.178</ele>
  </trkpt>
  <trkpt lat="-4.02420376" lon="103.14005898">
   <ele>2594.736</ele>
  </trkpt>
  <trkpt lat="-4.02420167" lon="103.14013878">
   <ele>2591.852</ele>
  </trkpt>
  <trkpt lat="-4.02419974" lon="103.14020609">
   <ele>2588.487</ele>
  </trkpt>
  <trkpt lat="-4.02419848" lon="103.14021539">
   <ele>2588.007</ele>
  </trkpt>
  <trkpt lat="-4.02418298" lon="103.14031656">
   <ele>2586.084</ele>
  </trkpt>
  <trkpt lat="-4.02418298" lon="103.14034028">
   <ele>2582.239</ele>
  </trkpt>
  <trkpt lat="-4.02414358" lon="103.14040239">
   <ele>2579.354</ele>
  </trkpt>
  <trkpt lat="-4.02412162" lon="103.14042234">
   <ele>2575.99</ele>
  </trkpt>
  <trkpt lat="-4.02411047" lon="103.14048328">
   <ele>2573.106</ele>
  </trkpt>
  <trkpt lat="-4.02413788" lon="103.14056408">
   <ele>2570.703</ele>
  </trkpt>
  <trkpt lat="-4.02415020" lon="103.14056559">
   <ele>2567.338</ele>
  </trkpt>
  <trkpt lat="-4.02415180" lon="103.14056533">
   <ele>2567.338</ele>
  </trkpt>
  <trkpt lat="-4.02419329" lon="103.14057590">
   <ele>2564.935</ele>
  </trkpt>
  <trkpt lat="-4.02420309" lon="103.14058302">
   <ele>2564.454</ele>
  </trkpt>
  <trkpt lat="-4.02433737" lon="103.14054983">
   <ele>2562.051</ele>
  </trkpt>
  <trkpt lat="-4.02424995" lon="103.14055637">
   <ele>2559.167</ele>
  </trkpt>
  <trkpt lat="-4.02418708" lon="103.14057883">
   <ele>2557.725</ele>
  </trkpt>
  <trkpt lat="-4.02420703" lon="103.14063725">
   <ele>2554.36</ele>
  </trkpt>
  <trkpt lat="-4.02422832" lon="103.14067673">
   <ele>2551.476</ele>
  </trkpt>
  <trkpt lat="-4.02426395" lon="103.14074345">
   <ele>2548.592</ele>
  </trkpt>
  <trkpt lat="-4.02427551" lon="103.14084462">
   <ele>2545.708</ele>
  </trkpt>
  <trkpt lat="-4.02421458" lon="103.14089198">
   <ele>2544.266</ele>
  </trkpt>
  <trkpt lat="-4.02421022" lon="103.14093590">
   <ele>2541.383</ele>
  </trkpt>
  <trkpt lat="-4.02420360" lon="103.14098661">
   <ele>2540.902</ele>
  </trkpt>
  <trkpt lat="-4.02417141" lon="103.14093196">
   <ele>2538.018</ele>
  </trkpt>
  <trkpt lat="-4.02429580" lon="103.14102542">
   <ele>2534.653</ele>
  </trkpt>
  <trkpt lat="-4.02439781" lon="103.14109985">
   <ele>2531.289</ele>
  </trkpt>
  <trkpt lat="-4.02437358" lon="103.14116313">
   <ele>2529.366</ele>
  </trkpt>
  <trkpt lat="-4.02433134" lon="103.14123211">
   <ele>2526.001</ele>
  </trkpt>
  <trkpt lat="-4.02432379" lon="103.14123974">
   <ele>2526.001</ele>
  </trkpt>
  <trkpt lat="-4.02427543" lon="103.14139590">
   <ele>2522.156</ele>
  </trkpt>
  <trkpt lat="-4.02426973" lon="103.14141769">
   <ele>2520.233</ele>
  </trkpt>
  <trkpt lat="-4.02429773" lon="103.14143982">
   <ele>2517.349</ele>
  </trkpt>
  <trkpt lat="-4.02429211" lon="103.14146798">
   <ele>2513.985</ele>
  </trkpt>
  <trkpt lat="-4.02429865" lon="103.14147209">
   <ele>2513.504</ele>
  </trkpt>
  <trkpt lat="-4.02434240" lon="103.14149497">
   <ele>2510.14</ele>
  </trkpt>
  <trkpt lat="-4.02434332" lon="103.14150075">
   <ele>2509.659</ele>
  </trkpt>
  <trkpt lat="-4.02435154" lon="103.14154945">
   <ele>2506.775</ele>
  </trkpt>
  <trkpt lat="-4.02439219" lon="103.14154761">
   <ele>2502.93</ele>
  </trkpt>
  <trkpt lat="-4.02444893" lon="103.14158700">
   <ele>2501.007</ele>
  </trkpt>
  <trkpt lat="-4.02446461" lon="103.14165406">
   <ele>2498.604</ele>
  </trkpt>
  <trkpt lat="-4.02445204" lon="103.14168289">
   <ele>2497.162</ele>
  </trkpt>
  <trkpt lat="-4.02447970" lon="103.14174810">
   <ele>2494.278</ele>
  </trkpt>
  <trkpt lat="-4.02451624" lon="103.14176386">
   <ele>2492.355</ele>
  </trkpt>
  <trkpt lat="-4.02447810" lon="103.14178993">
   <ele>2489.952</ele>
  </trkpt>
  <trkpt lat="-4.02440208" lon="103.14179571">
   <ele>2488.029</ele>
  </trkpt>
  <trkpt lat="-4.02441868" lon="103.14181306">
   <ele>2485.626</ele>
  </trkpt>
  <trkpt lat="-4.02444944" lon="103.14185891">
   <ele>2482.261</ele>
  </trkpt>
  <trkpt lat="-4.02449613" lon="103.14185120">
   <ele>2478.897</ele>
  </trkpt>
  <trkpt lat="-4.02451423" lon="103.14191272">
   <ele>2475.532</ele>
  </trkpt>
  <trkpt lat="-4.02456863" lon="103.14194608">
   <ele>2472.648</ele>
  </trkpt>
  <trkpt lat="-4.02459428" lon="103.14201591">
   <ele>2470.726</ele>
  </trkpt>
  <trkpt lat="-4.02456008" lon="103.14208212">
   <ele>2467.361</ele>
  </trkpt>
  <trkpt lat="-4.02452571" lon="103.14215186">
   <ele>2463.996</ele>
  </trkpt>
  <trkpt lat="-4.02452161" lon="103.14220073">
   <ele>2461.113</ele>
  </trkpt>
  <trkpt lat="-4.02451507" lon="103.14225052">
   <ele>2460.151</ele>
  </trkpt>
  <trkpt lat="-4.02451155" lon="103.14225856">
   <ele>2457.748</ele>
  </trkpt>
  <trkpt lat="-4.02457257" lon="103.14231221">
   <ele>2454.383</ele>
  </trkpt>
  <trkpt lat="-4.02456502" lon="103.14237834">
   <ele>2451.019</ele>
  </trkpt>
  <trkpt lat="-4.02455731" lon="103.14244959">
   <ele>2447.173</ele>
  </trkpt>
  <trkpt lat="-4.02455631" lon="103.14245487">
   <ele>2447.173</ele>
  </trkpt>
  <trkpt lat="-4.02463225" lon="103.14255872">
   <ele>2443.809</ele>
  </trkpt>
  <trkpt lat="-4.02463501" lon="103.14257322">
   <ele>2442.367</ele>
  </trkpt>
  <trkpt lat="-4.02471456" lon="103.14260432">
   <ele>2439.483</ele>
  </trkpt>
  <trkpt lat="-4.02471766" lon="103.14270800">
   <ele>2436.118</ele>
  </trkpt>
  <trkpt lat="-4.02466536" lon="103.14273708">
   <ele>2434.676</ele>
  </trkpt>
  <trkpt lat="-4.02463292" lon="103.14261270">
   <ele>2431.792</ele>
  </trkpt>
  <trkpt lat="-4.02463309" lon="103.14261530">
   <ele>2428.428</ele>
  </trkpt>
  <trkpt lat="-4.02463334" lon="103.14261672">
   <ele>2425.543</ele>
  </trkpt>
  <trkpt lat="-4.02463359" lon="103.14261932">
   <ele>2422.179</ele>
  </trkpt>
  <trkpt lat="-4.02476150" lon="103.14279903">
   <ele>2418.814</ele>
  </trkpt>
  <trkpt lat="-4.02480274" lon="103.14282116">
   <ele>2418.814</ele>
  </trkpt>
  <trkpt lat="-4.02482226" lon="103.14284245">
   <ele>2415.45</ele>
  </trkpt>
  <trkpt lat="-4.02483475" lon="103.14288964">
   <ele>2412.085</ele>
  </trkpt>
  <trkpt lat="-4.02481087" lon="103.14301109">
   <ele>2410.643</ele>
  </trkpt>
  <trkpt lat="-4.02476510" lon="103.14299684">
   <ele>2407.279</ele>
  </trkpt>
  <trkpt lat="-4.02481732" lon="103.14305845">
   <ele>2403.914</ele>
  </trkpt>
  <trkpt lat="-4.02487080" lon="103.14312684">
   <ele>2400.549</ele>
  </trkpt>
  <trkpt lat="-4.02486769" lon="103.14319583">
   <ele>2398.146</ele>
  </trkpt>
  <trkpt lat="-4.02487700" lon="103.14324176">
   <ele>2395.262</ele>
  </trkpt>
  <trkpt lat="-4.02485127" lon="103.14327152">
   <ele>2391.897</ele>
  </trkpt>
  <trkpt lat="-4.02486719" lon="103.14341476">
   <ele>2390.455</ele>
  </trkpt>
  <trkpt lat="-4.02477910" lon="103.14348777">
   <ele>2387.572</ele>
  </trkpt>
  <trkpt lat="-4.02476602" lon="103.14358969">
   <ele>2384.207</ele>
  </trkpt>
  <trkpt lat="-4.02481573" lon="103.14347385">
   <ele>2380.843</ele>
  </trkpt>
  <trkpt lat="-4.02477667" lon="103.14362817">
   <ele>2377.958</ele>
  </trkpt>
  <trkpt lat="-4.02468950" lon="103.14376127">
   <ele>2374.113</ele>
  </trkpt>
  <trkpt lat="-4.02471657" lon="103.14374694">
   <ele>2371.229</ele>
  </trkpt>
  <trkpt lat="-4.02476736" lon="103.14381676">
   <ele>2367.865</ele>
  </trkpt>
  <trkpt lat="-4.02476368" lon="103.14387023">
   <ele>2364.5</ele>
  </trkpt>
  <trkpt lat="-4.02479142" lon="103.14395355">
   <ele>2363.538</ele>
  </trkpt>
  <trkpt lat="-4.02482017" lon="103.14394165">
   <ele>2361.135</ele>
  </trkpt>
  <trkpt lat="-4.02486937" lon="103.14398213">
   <ele>2357.771</ele>
  </trkpt>
  <trkpt lat="-4.02495394" lon="103.14406168">
   <ele>2354.887</ele>
  </trkpt>
  <trkpt lat="-4.02497146" lon="103.14407945">
   <ele>2351.522</ele>
  </trkpt>
  <trkpt lat="-4.02495772" lon="103.14415958">
   <ele>2349.119</ele>
  </trkpt>
  <trkpt lat="-4.02496710" lon="103.14419520">
   <ele>2345.754</ele>
  </trkpt>
  <trkpt lat="-4.02498781" lon="103.14424247">
   <ele>2342.87</ele>
  </trkpt>
  <trkpt lat="-4.02496811" lon="103.14424893">
   <ele>2339.986</ele>
  </trkpt>
  <trkpt lat="-4.02496576" lon="103.14432789">
   <ele>2336.622</ele>
  </trkpt>
  <trkpt lat="-4.02500407" lon="103.14435638">
   <ele>2333.257</ele>
  </trkpt>
  <trkpt lat="-4.02497339" lon="103.14437407">
   <ele>2329.892</ele>
  </trkpt>
  <trkpt lat="-4.02502745" lon="103.14440433">
   <ele>2327.009</ele>
  </trkpt>
  <trkpt lat="-4.02503768" lon="103.14440198">
   <ele>2323.644</ele>
  </trkpt>
  <trkpt lat="-4.02504682" lon="103.14448438">
   <ele>2320.76</ele>
  </trkpt>
  <trkpt lat="-4.02504874" lon="103.14463098">
   <ele>2317.395</ele>
  </trkpt>
  <trkpt lat="-4.02512100" lon="103.14465285">
   <ele>2314.511</ele>
  </trkpt>
  <trkpt lat="-4.02508713" lon="103.14467280">
   <ele>2311.147</ele>
  </trkpt>
  <trkpt lat="-4.02510314" lon="103.14473030">
   <ele>2307.782</ele>
  </trkpt>
  <trkpt lat="-4.02508923" lon="103.14478789">
   <ele>2304.898</ele>
  </trkpt>
  <trkpt lat="-4.02509158" lon="103.14479191">
   <ele>2304.417</ele>
  </trkpt>
  <trkpt lat="-4.02507205" lon="103.14483910">
   <ele>2301.053</ele>
  </trkpt>
  <trkpt lat="-4.02509267" lon="103.14494337">
   <ele>2299.611</ele>
  </trkpt>
  <trkpt lat="-4.02506090" lon="103.14490272">
   <ele>2296.246</ele>
  </trkpt>
  <trkpt lat="-4.02505696" lon="103.14493675">
   <ele>2293.362</ele>
  </trkpt>
  <trkpt lat="-4.02505763" lon="103.14499944">
   <ele>2290.959</ele>
  </trkpt>
  <trkpt lat="-4.02506517" lon="103.14506901">
   <ele>2287.594</ele>
  </trkpt>
  <trkpt lat="-4.02504497" lon="103.14511553">
   <ele>2284.711</ele>
  </trkpt>
  <trkpt lat="-4.02496777" lon="103.14514697">
   <ele>2282.788</ele>
  </trkpt>
  <trkpt lat="-4.02491706" lon="103.14521754">
   <ele>2279.423</ele>
  </trkpt>
  <trkpt lat="-4.02488823" lon="103.14523322">
   <ele>2278.942</ele>
  </trkpt>
  <trkpt lat="-4.02492830" lon="103.14523322">
   <ele>2275.578</ele>
  </trkpt>
  <trkpt lat="-4.02501346" lon="103.14532542">
   <ele>2274.136</ele>
  </trkpt>
  <trkpt lat="-4.02499233" lon="103.14534545">
   <ele>2271.252</ele>
  </trkpt>
  <trkpt lat="-4.02491916" lon="103.14536397">
   <ele>2267.887</ele>
  </trkpt>
  <trkpt lat="-4.02490365" lon="103.14539256">
   <ele>2265.003</ele>
  </trkpt>
  <trkpt lat="-4.02487574" lon="103.14552373">
   <ele>2261.639</ele>
  </trkpt>
  <trkpt lat="-4.02488085" lon="103.14566472">
   <ele>2259.716</ele>
  </trkpt>
  <trkpt lat="-4.02488546" lon="103.14567000">
   <ele>2257.794</ele>
  </trkpt>
  <trkpt lat="-4.02484716" lon="103.14572372">
   <ele>2254.429</ele>
  </trkpt>
  <trkpt lat="-4.02481858" lon="103.14572548">
   <ele>2253.948</ele>
  </trkpt>
  <trkpt lat="-4.02485470" lon="103.14577159">
   <ele>2250.583</ele>
  </trkpt>
  <trkpt lat="-4.02492964" lon="103.14592682">
   <ele>2247.219</ele>
  </trkpt>
  <trkpt lat="-4.02506928" lon="103.14596697">
   <ele>2244.335</ele>
  </trkpt>
  <trkpt lat="-4.02504506" lon="103.14599890">
   <ele>2242.413</ele>
  </trkpt>
  <trkpt lat="-4.02505394" lon="103.14603746">
   <ele>2239.048</ele>
  </trkpt>
  <trkpt lat="-4.02500298" lon="103.14611684">
   <ele>2237.606</ele>
  </trkpt>
  <trkpt lat="-4.02507322" lon="103.14607610">
   <ele>2238.087</ele>
  </trkpt>
  <trkpt lat="-4.02508562" lon="103.14602505">
   <ele>2238.567</ele>
  </trkpt>
  <trkpt lat="-4.02509962" lon="103.14600972">
   <ele>2238.567</ele>
  </trkpt>
  <trkpt lat="-4.02513030" lon="103.14599010">
   <ele>2238.087</ele>
  </trkpt>
  <trkpt lat="-4.02516098" lon="103.14590896">
   <ele>2239.048</ele>
  </trkpt>
  <trkpt lat="-4.02517699" lon="103.14588273">
   <ele>2238.087</ele>
  </trkpt>
  <trkpt lat="-4.02510314" lon="103.14598667">
   <ele>2237.125</ele>
  </trkpt>
  <trkpt lat="-4.02500952" lon="103.14599220">
   <ele>2234.722</ele>
  </trkpt>
  <trkpt lat="-4.02499376" lon="103.14604567">
   <ele>2231.838</ele>
  </trkpt>
  <trkpt lat="-4.02492872" lon="103.14610133">
   <ele>2228.954</ele>
  </trkpt>
  <trkpt lat="-4.02491832" lon="103.14612002">
   <ele>2225.589</ele>
  </trkpt>
  <trkpt lat="-4.02498060" lon="103.14626394">
   <ele>2222.225</ele>
  </trkpt>
  <trkpt lat="-4.02498504" lon="103.14636310">
   <ele>2219.341</ele>
  </trkpt>
  <trkpt lat="-4.02490843" lon="103.14642445">
   <ele>2217.418</ele>
  </trkpt>
  <trkpt lat="-4.02499669" lon="103.14644851">
   <ele>2215.976</ele>
  </trkpt>
  <trkpt lat="-4.02501304" lon="103.14649997">
   <ele>2213.092</ele>
  </trkpt>
  <trkpt lat="-4.02511161" lon="103.14652864">
   <ele>2210.208</ele>
  </trkpt>
  <trkpt lat="-4.02507707" lon="103.14661933">
   <ele>2206.844</ele>
  </trkpt>
  <trkpt lat="-4.02508940" lon="103.14659611">
   <ele>2203.96</ele>
  </trkpt>
  <trkpt lat="-4.02509049" lon="103.14671648">
   <ele>2200.595</ele>
  </trkpt>
  <trkpt lat="-4.02515360" lon="103.14680625">
   <ele>2197.23</ele>
  </trkpt>
  <trkpt lat="-4.02515503" lon="103.14684715">
   <ele>2194.346</ele>
  </trkpt>
  <trkpt lat="-4.02518051" lon="103.14692150">
   <ele>2190.982</ele>
  </trkpt>
  <trkpt lat="-4.02519442" lon="103.14707112">
   <ele>2188.098</ele>
  </trkpt>
  <trkpt lat="-4.02514949" lon="103.14717983">
   <ele>2186.175</ele>
  </trkpt>
  <trkpt lat="-4.02515486" lon="103.14725988">
   <ele>2182.811</ele>
  </trkpt>
  <trkpt lat="-4.02512183" lon="103.14731972">
   <ele>2179.927</ele>
  </trkpt>
  <trkpt lat="-4.02502201" lon="103.14737714">
   <ele>2176.562</ele>
  </trkpt>
  <trkpt lat="-4.02504816" lon="103.14744093">
   <ele>2173.198</ele>
  </trkpt>
  <trkpt lat="-4.02501907" lon="103.14748200">
   <ele>2171.755</ele>
  </trkpt>
  <trkpt lat="-4.02501798" lon="103.14754360">
   <ele>2168.391</ele>
  </trkpt>
  <trkpt lat="-4.02501295" lon="103.14755509">
   <ele>2167.429</ele>
  </trkpt>
  <trkpt lat="-4.02496316" lon="103.14754629">
   <ele>2164.546</ele>
  </trkpt>
  <trkpt lat="-4.02496576" lon="103.14762080">
   <ele>2161.662</ele>
  </trkpt>
  <trkpt lat="-4.02493006" lon="103.14770889">
   <ele>2158.297</ele>
  </trkpt>
  <trkpt lat="-4.02493852" lon="103.14780788">
   <ele>2155.413</ele>
  </trkpt>
  <trkpt lat="-4.02487733" lon="103.14793210">
   <ele>2152.048</ele>
  </trkpt>
  <trkpt lat="-4.02486845" lon="103.14807644">
   <ele>2148.684</ele>
  </trkpt>
  <trkpt lat="-4.02483467" lon="103.14826520">
   <ele>2147.723</ele>
  </trkpt>
  <trkpt lat="-4.02488521" lon="103.14821952">
   <ele>2147.242</ele>
  </trkpt>
  <trkpt lat="-4.02479268" lon="103.14826763">
   <ele>2144.358</ele>
  </trkpt>
  <trkpt lat="-4.02475689" lon="103.14837048">
   <ele>2142.916</ele>
  </trkpt>
  <trkpt lat="-4.02475437" lon="103.14840870">
   <ele>2139.551</ele>
  </trkpt>
  <trkpt lat="-4.02481707" lon="103.14844147">
   <ele>2136.187</ele>
  </trkpt>
  <trkpt lat="-4.02487398" lon="103.14855555">
   <ele>2133.303</ele>
  </trkpt>
  <trkpt lat="-4.02493316" lon="103.14865949">
   <ele>2129.938</ele>
  </trkpt>
  <trkpt lat="-4.02490256" lon="103.14882268">
   <ele>2126.574</ele>
  </trkpt>
  <trkpt lat="-4.02487792" lon="103.14890164">
   <ele>2124.17</ele>
  </trkpt>
  <trkpt lat="-4.02488890" lon="103.14894548">
   <ele>2122.728</ele>
  </trkpt>
  <trkpt lat="-4.02489393" lon="103.14906375">
   <ele>2119.364</ele>
  </trkpt>
  <trkpt lat="-4.02481279" lon="103.14913642">
   <ele>2116.48</ele>
  </trkpt>
  <trkpt lat="-4.02475655" lon="103.14932643">
   <ele>2113.115</ele>
  </trkpt>
  <trkpt lat="-4.02472235" lon="103.14941034">
   <ele>2110.712</ele>
  </trkpt>
  <trkpt lat="-4.02471070" lon="103.14947136">
   <ele>2108.309</ele>
  </trkpt>
  <trkpt lat="-4.02474834" lon="103.14952785">
   <ele>2104.944</ele>
  </trkpt>
  <trkpt lat="-4.02478773" lon="103.14954294">
   <ele>2102.06</ele>
  </trkpt>
  <trkpt lat="-4.02481128" lon="103.14957672">
   <ele>2098.695</ele>
  </trkpt>
  <trkpt lat="-4.02483408" lon="103.14970328">
   <ele>2095.812</ele>
  </trkpt>
  <trkpt lat="-4.02484020" lon="103.14976489">
   <ele>2093.408</ele>
  </trkpt>
  <trkpt lat="-4.02491329" lon="103.14980781">
   <ele>2090.043</ele>
  </trkpt>
  <trkpt lat="-4.02490625" lon="103.14987872">
   <ele>2087.159</ele>
  </trkpt>
  <trkpt lat="-4.02480542" lon="103.14992742">
   <ele>2086.198</ele>
  </trkpt>
  <trkpt lat="-4.02473962" lon="103.14994192">
   <ele>2082.833</ele>
  </trkpt>
  <trkpt lat="-4.02460517" lon="103.15010922">
   <ele>2080.43</ele>
  </trkpt>
  <trkpt lat="-4.02455362" lon="103.15014468">
   <ele>2077.546</ele>
  </trkpt>
  <trkpt lat="-4.02450803" lon="103.15019916">
   <ele>2075.624</ele>
  </trkpt>
  <trkpt lat="-4.02449168" lon="103.15022095">
   <ele>2072.74</ele>
  </trkpt>
  <trkpt lat="-4.02448774" lon="103.15034458">
   <ele>2069.375</ele>
  </trkpt>
  <trkpt lat="-4.02450182" lon="103.15040234">
   <ele>2066.491</ele>
  </trkpt>
  <trkpt lat="-4.02447450" lon="103.15054315">
   <ele>2063.127</ele>
  </trkpt>
  <trkpt lat="-4.02449403" lon="103.15063535">
   <ele>2059.762</ele>
  </trkpt>
  <trkpt lat="-4.02448783" lon="103.15071582">
   <ele>2057.359</ele>
  </trkpt>
  <trkpt lat="-4.02444089" lon="103.15078790">
   <ele>2054.475</ele>
  </trkpt>
  <trkpt lat="-4.02437425" lon="103.15087315">
   <ele>2052.552</ele>
  </trkpt>
  <trkpt lat="-4.02446209" lon="103.15080903">
   <ele>2049.668</ele>
  </trkpt>
  <trkpt lat="-4.02448364" lon="103.15087524">
   <ele>2046.304</ele>
  </trkpt>
  <trkpt lat="-4.02443033" lon="103.15100281">
   <ele>2042.939</ele>
  </trkpt>
  <trkpt lat="-4.02435296" lon="103.15110105">
   <ele>2040.535</ele>
  </trkpt>
  <trkpt lat="-4.02437635" lon="103.15115595">
   <ele>2038.132</ele>
  </trkpt>
  <trkpt lat="-4.02435673" lon="103.15116869">
   <ele>2034.768</ele>
  </trkpt>
  <trkpt lat="-4.02434986" lon="103.15118521">
   <ele>2031.884</ele>
  </trkpt>
  <trkpt lat="-4.02435129" lon="103.15126123">
   <ele>2028.519</ele>
  </trkpt>
  <trkpt lat="-4.02426906" lon="103.15134974">
   <ele>2025.635</ele>
  </trkpt>
  <trkpt lat="-4.02431105" lon="103.15144630">
   <ele>2024.193</ele>
  </trkpt>
  <trkpt lat="-4.02441801" lon="103.15150011">
   <ele>2021.309</ele>
  </trkpt>
  <trkpt lat="-4.02439479" lon="103.15156432">
   <ele>2017.945</ele>
  </trkpt>
  <trkpt lat="-4.02436403" lon="103.15164655">
   <ele>2015.061</ele>
  </trkpt>
  <trkpt lat="-4.02431893" lon="103.15173548">
   <ele>2011.696</ele>
  </trkpt>
  <trkpt lat="-4.02430711" lon="103.15191485">
   <ele>2008.812</ele>
  </trkpt>
  <trkpt lat="-4.02433226" lon="103.15185165">
   <ele>2008.331</ele>
  </trkpt>
  <trkpt lat="-4.02436897" lon="103.15181921">
   <ele>2004.486</ele>
  </trkpt>
  <trkpt lat="-4.02439923" lon="103.15194109">
   <ele>2001.602</ele>
  </trkpt>
  <trkpt lat="-4.02439672" lon="103.15198031">
   <ele>1998.238</ele>
  </trkpt>
  <trkpt lat="-4.02437584" lon="103.15212549">
   <ele>1994.873</ele>
  </trkpt>
  <trkpt lat="-4.02438389" lon="103.15227544">
   <ele>1991.508</ele>
  </trkpt>
  <trkpt lat="-4.02437534" lon="103.15233814">
   <ele>1988.625</ele>
  </trkpt>
  <trkpt lat="-4.02437559" lon="103.15238977">
   <ele>1985.26</ele>
  </trkpt>
  <trkpt lat="-4.02439705" lon="103.15247065">
   <ele>1982.376</ele>
  </trkpt>
  <trkpt lat="-4.02441616" lon="103.15257291">
   <ele>1979.011</ele>
  </trkpt>
  <trkpt lat="-4.02444751" lon="103.15263787">
   <ele>1976.127</ele>
  </trkpt>
  <trkpt lat="-4.02451951" lon="103.15267509">
   <ele>1974.205</ele>
  </trkpt>
  <trkpt lat="-4.02450132" lon="103.15278606">
   <ele>1971.801</ele>
  </trkpt>
  <trkpt lat="-4.02447894" lon="103.15285807">
   <ele>1969.879</ele>
  </trkpt>
  <trkpt lat="-4.02446168" lon="103.15297181">
   <ele>1966.995</ele>
  </trkpt>
  <trkpt lat="-4.02448313" lon="103.15305546">
   <ele>1964.592</ele>
  </trkpt>
  <trkpt lat="-4.02448657" lon="103.15316493">
   <ele>1961.227</ele>
  </trkpt>
  <trkpt lat="-4.02446796" lon="103.15326341">
   <ele>1958.343</ele>
  </trkpt>
  <trkpt lat="-4.02442530" lon="103.15328286">
   <ele>1954.978</ele>
  </trkpt>
  <trkpt lat="-4.02441457" lon="103.15337439">
   <ele>1952.094</ele>
  </trkpt>
  <trkpt lat="-4.02441985" lon="103.15343130">
   <ele>1948.73</ele>
  </trkpt>
  <trkpt lat="-4.02444424" lon="103.15353490">
   <ele>1946.326</ele>
  </trkpt>
  <trkpt lat="-4.02443259" lon="103.15357623">
   <ele>1942.962</ele>
  </trkpt>
  <trkpt lat="-4.02443309" lon="103.15358352">
   <ele>1942.962</ele>
  </trkpt>
  <trkpt lat="-4.02444089" lon="103.15364672">
   <ele>1940.558</ele>
  </trkpt>
  <trkpt lat="-4.02446536" lon="103.15370556">
   <ele>1937.194</ele>
  </trkpt>
  <trkpt lat="-4.02450484" lon="103.15378443">
   <ele>1934.791</ele>
  </trkpt>
  <trkpt lat="-4.02450174" lon="103.15382207">
   <ele>1933.349</ele>
  </trkpt>
  <trkpt lat="-4.02453678" lon="103.15387697">
   <ele>1930.465</ele>
  </trkpt>
  <trkpt lat="-4.02453485" lon="103.15394050">
   <ele>1927.1</ele>
  </trkpt>
  <trkpt lat="-4.02450082" lon="103.15400320">
   <ele>1923.735</ele>
  </trkpt>
  <trkpt lat="-4.02447735" lon="103.15413622">
   <ele>1920.371</ele>
  </trkpt>
  <trkpt lat="-4.02453175" lon="103.15418266">
   <ele>1918.929</ele>
  </trkpt>
  <trkpt lat="-4.02452890" lon="103.15421417">
   <ele>1915.564</ele>
  </trkpt>
  <trkpt lat="-4.02451767" lon="103.15422163">
   <ele>1915.083</ele>
  </trkpt>
  <trkpt lat="-4.02453384" lon="103.15432465">
   <ele>1911.238</ele>
  </trkpt>
  <trkpt lat="-4.02452060" lon="103.15437628">
   <ele>1909.316</ele>
  </trkpt>
  <trkpt lat="-4.02452672" lon="103.15437678">
   <ele>1906.432</ele>
  </trkpt>
  <trkpt lat="-4.02452362" lon="103.15436354">
   <ele>1906.432</ele>
  </trkpt>
  <trkpt lat="-4.02454021" lon="103.15438701">
   <ele>1903.548</ele>
  </trkpt>
  <trkpt lat="-4.02451205" lon="103.15446270">
   <ele>1901.625</ele>
  </trkpt>
  <trkpt lat="-4.02453410" lon="103.15450218">
   <ele>1899.702</ele>
  </trkpt>
  <trkpt lat="-4.02456544" lon="103.15453294">
   <ele>1898.26</ele>
  </trkpt>
  <trkpt lat="-4.02453418" lon="103.15466126">
   <ele>1894.896</ele>
  </trkpt>
  <trkpt lat="-4.02453661" lon="103.15475238">
   <ele>1892.012</ele>
  </trkpt>
  <trkpt lat="-4.02454189" lon="103.15476034">
   <ele>1890.57</ele>
  </trkpt>
  <trkpt lat="-4.02454700" lon="103.15474668">
   <ele>1887.205</ele>
  </trkpt>
  <trkpt lat="-4.02455161" lon="103.15474223">
   <ele>1884.322</ele>
  </trkpt>
  <trkpt lat="-4.02455715" lon="103.15473301">
   <ele>1880.957</ele>
  </trkpt>
  <trkpt lat="-4.02454508" lon="103.15473896">
   <ele>1878.073</ele>
  </trkpt>
  <trkpt lat="-4.02454239" lon="103.15473829">
   <ele>1874.708</ele>
  </trkpt>
  <trkpt lat="-4.02456813" lon="103.15472597">
   <ele>1872.786</ele>
  </trkpt>
  <trkpt lat="-4.02456846" lon="103.15472673">
   <ele>1869.902</ele>
  </trkpt>
  <trkpt lat="-4.02456972" lon="103.15472430">
   <ele>1866.537</ele>
  </trkpt>
  <trkpt lat="-4.02457416" lon="103.15471734">
   <ele>1863.653</ele>
  </trkpt>
  <trkpt lat="-4.02455991" lon="103.15470954">
   <ele>1860.769</ele>
  </trkpt>
  <trkpt lat="-4.02455974" lon="103.15471147">
   <ele>1857.405</ele>
  </trkpt>
  <trkpt lat="-4.02455857" lon="103.15471415">
   <ele>1854.521</ele>
  </trkpt>
  <trkpt lat="-4.02453435" lon="103.15466537">
   <ele>1857.885</ele>
  </trkpt>
  <trkpt lat="-4.02451691" lon="103.15463084">
   <ele>1858.846</ele>
  </trkpt>
  <trkpt lat="-4.02453435" lon="103.15466026">
   <ele>1857.405</ele>
  </trkpt>
  <trkpt lat="-4.02455882" lon="103.15470468">
   <ele>1855.962</ele>
  </trkpt>
  <trkpt lat="-4.02451758" lon="103.15464534">
   <ele>1857.885</ele>
  </trkpt>
  <trkpt lat="-4.02448079" lon="103.15458415">
   <ele>1860.288</ele>
  </trkpt>
  <trkpt lat="-4.02448741" lon="103.15455213">
   <ele>1860.288</ele>
  </trkpt>
  <trkpt lat="-4.02453770" lon="103.15458323">
   <ele>1860.288</ele>
  </trkpt>
  <trkpt lat="-4.02455337" lon="103.15464534">
   <ele>1856.924</ele>
  </trkpt>
  <trkpt lat="-4.02455991" lon="103.15470770">
   <ele>1855.962</ele>
  </trkpt>
  <trkpt lat="-4.02456000" lon="103.15470644">
   <ele>1852.598</ele>
  </trkpt>
  <trkpt lat="-4.02456033" lon="103.15470703">
   <ele>1849.714</ele>
  </trkpt>
  <trkpt lat="-4.02458556" lon="103.15469328">
   <ele>1850.675</ele>
  </trkpt>
  <trkpt lat="-4.02457793" lon="103.15471181">
   <ele>1849.714</ele>
  </trkpt>
  <trkpt lat="-4.02458858" lon="103.15471726">
   <ele>1849.714</ele>
  </trkpt>
  <trkpt lat="-4.02458657" lon="103.15471835">
   <ele>1847.791</ele>
  </trkpt>
  <trkpt lat="-4.02456050" lon="103.15469043">
   <ele>1851.156</ele>
  </trkpt>
  <trkpt lat="-4.02455932" lon="103.15467375">
   <ele>1851.156</ele>
  </trkpt>
  <trkpt lat="-4.02459252" lon="103.15449371">
   <ele>1855.001</ele>
  </trkpt>
  <trkpt lat="-4.02462638" lon="103.15443001">
   <ele>1855.962</ele>
  </trkpt>
  <trkpt lat="-4.02481933" lon="103.15434845">
   <ele>1858.846</ele>
  </trkpt>
  <trkpt lat="-4.02499728" lon="103.15427218">
   <ele>1858.846</ele>
  </trkpt>
  <trkpt lat="-4.02493458" lon="103.15427016">
   <ele>1859.808</ele>
  </trkpt>
  <trkpt lat="-4.02488169" lon="103.15422826">
   <ele>1860.769</ele>
  </trkpt>
  <trkpt lat="-4.02490072" lon="103.15420898">
   <ele>1861.25</ele>
  </trkpt>
  <trkpt lat="-4.02491665" lon="103.15418350">
   <ele>1861.25</ele>
  </trkpt>
  <trkpt lat="-4.02490474" lon="103.15420177">
   <ele>1860.769</ele>
  </trkpt>
  <trkpt lat="-4.02488840" lon="103.15428031">
   <ele>1859.808</ele>
  </trkpt>
  <trkpt lat="-4.02496534" lon="103.15431710">
   <ele>1860.769</ele>
  </trkpt>
  <trkpt lat="-4.02499183" lon="103.15433160">
   <ele>1859.327</ele>
  </trkpt>
  <trkpt lat="-4.02499862" lon="103.15427796">
   <ele>1860.769</ele>
  </trkpt>
  <trkpt lat="-4.02497859" lon="103.15432004">
   <ele>1860.288</ele>
  </trkpt>
  <trkpt lat="-4.02495906" lon="103.15433705">
   <ele>1859.808</ele>
  </trkpt>
  <trkpt lat="-4.02494489" lon="103.15433521">
   <ele>1860.288</ele>
  </trkpt>
  <trkpt lat="-4.02489494" lon="103.15428643">
   <ele>1860.769</ele>
  </trkpt>
  <trkpt lat="-4.02488161" lon="103.15419699">
   <ele>1861.25</ele>
  </trkpt>
  <trkpt lat="-4.02487616" lon="103.15419976">
   <ele>1861.73</ele>
  </trkpt>
  <trkpt lat="-4.02486174" lon="103.15420370">
   <ele>1861.25</ele>
  </trkpt>
  <trkpt lat="-4.02486820" lon="103.15416489">
   <ele>1860.288</ele>
  </trkpt>
  <trkpt lat="-4.02483693" lon="103.15431342">
   <ele>1859.327</ele>
  </trkpt>
  <trkpt lat="-4.02479393" lon="103.15434979">
   <ele>1858.846</ele>
  </trkpt>
  <trkpt lat="-4.02460149" lon="103.15446982">
   <ele>1855.962</ele>
  </trkpt>
  <trkpt lat="-4.02458740" lon="103.15459220">
   <ele>1852.598</ele>
  </trkpt>
  <trkpt lat="-4.02458564" lon="103.15459580">
   <ele>1852.117</ele>
  </trkpt>
  <trkpt lat="-4.02457223" lon="103.15464567">
   <ele>1850.675</ele>
  </trkpt>
  <trkpt lat="-4.02457349" lon="103.15471952">
   <ele>1848.752</ele>
  </trkpt>
  <trkpt lat="-4.02456787" lon="103.15472069">
   <ele>1848.752</ele>
  </trkpt>
  <trkpt lat="-4.02456712" lon="103.15471558">
   <ele>1847.791</ele>
  </trkpt>
  <trkpt lat="-4.02458372" lon="103.15465389">
   <ele>1851.156</ele>
  </trkpt>
  <trkpt lat="-4.02463828" lon="103.15458926">
   <ele>1852.117</ele>
  </trkpt>
  <trkpt lat="-4.02462973" lon="103.15458591">
   <ele>1852.117</ele>
  </trkpt>
  <trkpt lat="-4.02492545" lon="103.15455087">
   <ele>1851.636</ele>
  </trkpt>
  <trkpt lat="-4.02515494" lon="103.15456152">
   <ele>1850.195</ele>
  </trkpt>
  <trkpt lat="-4.02525276" lon="103.15461508">
   <ele>1848.272</ele>
  </trkpt>
  <trkpt lat="-4.02526248" lon="103.15465380">
   <ele>1847.311</ele>
  </trkpt>
  <trkpt lat="-4.02520314" lon="103.15470460">
   <ele>1845.388</ele>
  </trkpt>
  <trkpt lat="-4.02509962" lon="103.15468239">
   <ele>1844.907</ele>
  </trkpt>
  <trkpt lat="-4.02471146" lon="103.15481742">
   <ele>1841.543</ele>
  </trkpt>
  <trkpt lat="-4.02460073" lon="103.15487291">
   <ele>1840.581</ele>
  </trkpt>
  <trkpt lat="-4.02416982" lon="103.15496603">
   <ele>1838.178</ele>
  </trkpt>
  <trkpt lat="-4.02387167" lon="103.15486964">
   <ele>1835.294</ele>
  </trkpt>
  <trkpt lat="-4.02390185" lon="103.15497525">
   <ele>1833.371</ele>
  </trkpt>
  <trkpt lat="-4.02420226" lon="103.15511590">
   <ele>1830.007</ele>
  </trkpt>
  <trkpt lat="-4.02442723" lon="103.15513249">
   <ele>1828.565</ele>
  </trkpt>
  <trkpt lat="-4.02480525" lon="103.15511288">
   <ele>1825.681</ele>
  </trkpt>
  <trkpt lat="-4.02506324" lon="103.15515571">
   <ele>1823.758</ele>
  </trkpt>
  <trkpt lat="-4.02543557" lon="103.15532335">
   <ele>1821.355</ele>
  </trkpt>
  <trkpt lat="-4.02556155" lon="103.15533869">
   <ele>1820.394</ele>
  </trkpt>
  <trkpt lat="-4.02573774" lon="103.15534665">
   <ele>1818.952</ele>
  </trkpt>
  <trkpt lat="-4.02593136" lon="103.15538764">
   <ele>1816.068</ele>
  </trkpt>
  <trkpt lat="-4.02591962" lon="103.15546568">
   <ele>1814.145</ele>
  </trkpt>
  <trkpt lat="-4.02585165" lon="103.15548277">
   <ele>1813.664</ele>
  </trkpt>
  <trkpt lat="-4.02559407" lon="103.15554715">
   <ele>1812.703</ele>
  </trkpt>
  <trkpt lat="-4.02505310" lon="103.15555637">
   <ele>1808.858</ele>
  </trkpt>
  <trkpt lat="-4.02497892" lon="103.15555410">
   <ele>1808.377</ele>
  </trkpt>
  <trkpt lat="-4.02469167" lon="103.15559987">
   <ele>1806.455</ele>
  </trkpt>
  <trkpt lat="-4.02440468" lon="103.15574337">
   <ele>1805.013</ele>
  </trkpt>
  <trkpt lat="-4.02426001" lon="103.15581570">
   <ele>1804.052</ele>
  </trkpt>
  <trkpt lat="-4.02409539" lon="103.15588846">
   <ele>1801.648</ele>
  </trkpt>
  <trkpt lat="-4.02384158" lon="103.15581788">
   <ele>1800.687</ele>
  </trkpt>
  <trkpt lat="-4.02359247" lon="103.15591863">
   <ele>1798.283</ele>
  </trkpt>
  <trkpt lat="-4.02357269" lon="103.15602223">
   <ele>1796.841</ele>
  </trkpt>
  <trkpt lat="-4.02339986" lon="103.15617068">
   <ele>1795.399</ele>
  </trkpt>
  <trkpt lat="-4.02330372" lon="103.15638760">
   <ele>1792.035</ele>
  </trkpt>
  <trkpt lat="-4.02334286" lon="103.15659304">
   <ele>1791.073</ele>
  </trkpt>
  <trkpt lat="-4.02332777" lon="103.15683628">
   <ele>1789.151</ele>
  </trkpt>
  <trkpt lat="-4.02329374" lon="103.15704047">
   <ele>1786.267</ele>
  </trkpt>
  <trkpt lat="-4.02328268" lon="103.15710694">
   <ele>1785.786</ele>
  </trkpt>
  <trkpt lat="-4.02327203" lon="103.15717064">
   <ele>1785.786</ele>
  </trkpt>
  <trkpt lat="-4.02315385" lon="103.15750441">
   <ele>1782.902</ele>
  </trkpt>
  <trkpt lat="-4.02317514" lon="103.15752670">
   <ele>1782.902</ele>
  </trkpt>
  <trkpt lat="-4.02325133" lon="103.15748395">
   <ele>1781.941</ele>
  </trkpt>
  <trkpt lat="-4.02341067" lon="103.15726267">
   <ele>1780.98</ele>
  </trkpt>
  <trkpt lat="-4.02352961" lon="103.15712395">
   <ele>1779.538</ele>
  </trkpt>
  <trkpt lat="-4.02360898" lon="103.15705061">
   <ele>1778.096</ele>
  </trkpt>
  <trkpt lat="-4.02367461" lon="103.15705061">
   <ele>1777.615</ele>
  </trkpt>
  <trkpt lat="-4.02365819" lon="103.15711297">
   <ele>1776.173</ele>
  </trkpt>
  <trkpt lat="-4.02341704" lon="103.15762569">
   <ele>1772.809</ele>
  </trkpt>
  <trkpt lat="-4.02327245" lon="103.15799290">
   <ele>1769.924</ele>
  </trkpt>
  <trkpt lat="-4.02319182" lon="103.15810162">
   <ele>1768.002</ele>
  </trkpt>
  <trkpt lat="-4.02356934" lon="103.15794353">
   <ele>1765.118</ele>
  </trkpt>
  <trkpt lat="-4.02388106" lon="103.15776609">
   <ele>1761.753</ele>
  </trkpt>
  <trkpt lat="-4.02397754" lon="103.15765578">
   <ele>1760.311</ele>
  </trkpt>
  <trkpt lat="-4.02404199" lon="103.15774321">
   <ele>1758.389</ele>
  </trkpt>
  <trkpt lat="-4.02385918" lon="103.15805350">
   <ele>1755.985</ele>
  </trkpt>
  <trkpt lat="-4.02363262" lon="103.15829088">
   <ele>1755.024</ele>
  </trkpt>
  <trkpt lat="-4.02338997" lon="103.15864736">
   <ele>1751.179</ele>
  </trkpt>
  <trkpt lat="-4.02333498" lon="103.15875197">
   <ele>1750.218</ele>
  </trkpt>
  <trkpt lat="-4.02353271" lon="103.15872934">
   <ele>1747.814</ele>
  </trkpt>
  <trkpt lat="-4.02365978" lon="103.15858257">
   <ele>1746.372</ele>
  </trkpt>
  <trkpt lat="-4.02373781" lon="103.15853119">
   <ele>1745.411</ele>
  </trkpt>
  <trkpt lat="-4.02386396" lon="103.15861274">
   <ele>1743.488</ele>
  </trkpt>
  <trkpt lat="-4.02385491" lon="103.15871215">
   <ele>1742.527</ele>
  </trkpt>
  <trkpt lat="-4.02361636" lon="103.15901541">
   <ele>1740.124</ele>
  </trkpt>
  <trkpt lat="-4.02351620" lon="103.15912186">
   <ele>1739.643</ele>
  </trkpt>
  <trkpt lat="-4.02319500" lon="103.15927751">
   <ele>1735.798</ele>
  </trkpt>
  <trkpt lat="-4.02318478" lon="103.15928221">
   <ele>1736.278</ele>
  </trkpt>
  <trkpt lat="-4.02333607" lon="103.15933443">
   <ele>1733.394</ele>
  </trkpt>
  <trkpt lat="-4.02370554" lon="103.15927081">
   <ele>1730.991</ele>
  </trkpt>
  <trkpt lat="-4.02395801" lon="103.15941246">
   <ele>1728.588</ele>
  </trkpt>
  <trkpt lat="-4.02400469" lon="103.15950584">
   <ele>1727.146</ele>
  </trkpt>
  <trkpt lat="-4.02417543" lon="103.15959343">
   <ele>1725.704</ele>
  </trkpt>
  <trkpt lat="-4.02430569" lon="103.15941045">
   <ele>1724.743</ele>
  </trkpt>
  <trkpt lat="-4.02456963" lon="103.15933895">
   <ele>1722.339</ele>
  </trkpt>
  <trkpt lat="-4.02469662" lon="103.15936209">
   <ele>1720.897</ele>
  </trkpt>
  <trkpt lat="-4.02496576" lon="103.15941095">
   <ele>1718.494</ele>
  </trkpt>
  <trkpt lat="-4.02490667" lon="103.15947005">
   <ele>1717.532</ele>
  </trkpt>
  <trkpt lat="-4.02472403" lon="103.15957943">
   <ele>1716.571</ele>
  </trkpt>
  <trkpt lat="-4.02461431" lon="103.15960147">
   <ele>1715.61</ele>
  </trkpt>
  <trkpt lat="-4.02444491" lon="103.15977179">
   <ele>1711.765</ele>
  </trkpt>
  <trkpt lat="-4.02434014" lon="103.15995544">
   <ele>1710.803</ele>
  </trkpt>
  <trkpt lat="-4.02410788" lon="103.15999584">
   <ele>1709.842</ele>
  </trkpt>
  <trkpt lat="-4.02398868" lon="103.16001663">
   <ele>1708.881</ele>
  </trkpt>
  <trkpt lat="-4.02393504" lon="103.16002593">
   <ele>1708.4</ele>
  </trkpt>
  <trkpt lat="-4.02386304" lon="103.16023204">
   <ele>1705.516</ele>
  </trkpt>
  <trkpt lat="-4.02370898" lon="103.16061870">
   <ele>1700.709</ele>
  </trkpt>
  <trkpt lat="-4.02366430" lon="103.16067712">
   <ele>1700.229</ele>
  </trkpt>
  <trkpt lat="-4.02359650" lon="103.16076580">
   <ele>1698.306</ele>
  </trkpt>
  <trkpt lat="-4.02353439" lon="103.16088776">
   <ele>1696.864</ele>
  </trkpt>
  <trkpt lat="-4.02351905" lon="103.16092062">
   <ele>1695.903</ele>
  </trkpt>
  <trkpt lat="-4.02334621" lon="103.16103151">
   <ele>1694.461</ele>
  </trkpt>
  <trkpt lat="-4.02308277" lon="103.16108700">
   <ele>1692.058</ele>
  </trkpt>
  <trkpt lat="-4.02304597" lon="103.16109471">
   <ele>1692.058</ele>
  </trkpt>
  <trkpt lat="-4.02302896" lon="103.16118783">
   <ele>1690.135</ele>
  </trkpt>
  <trkpt lat="-4.02313063" lon="103.16123519">
   <ele>1688.212</ele>
  </trkpt>
  <trkpt lat="-4.02335091" lon="103.16133762">
   <ele>1686.77</ele>
  </trkpt>
  <trkpt lat="-4.02368501" lon="103.16149302">
   <ele>1684.848</ele>
  </trkpt>
  <trkpt lat="-4.02403965" lon="103.16173391">
   <ele>1681.003</ele>
  </trkpt>
  <trkpt lat="-4.02409354" lon="103.16179175">
   <ele>1680.522</ele>
  </trkpt>
  <trkpt lat="-4.02427208" lon="103.16192871">
   <ele>1678.119</ele>
  </trkpt>
  <trkpt lat="-4.02447173" lon="103.16185143">
   <ele>1676.196</ele>
  </trkpt>
  <trkpt lat="-4.02456922" lon="103.16174699">
   <ele>1675.234</ele>
  </trkpt>
  <trkpt lat="-4.02465982" lon="103.16164993">
   <ele>1673.792</ele>
  </trkpt>
  <trkpt lat="-4.02481833" lon="103.16160223">
   <ele>1672.351</ele>
  </trkpt>
  <trkpt lat="-4.02503148" lon="103.16170030">
   <ele>1669.947</ele>
  </trkpt>
  <trkpt lat="-4.02525628" lon="103.16163484">
   <ele>1668.505</ele>
  </trkpt>
  <trkpt lat="-4.02530909" lon="103.16159964">
   <ele>1668.025</ele>
  </trkpt>
  <trkpt lat="-4.02517607" lon="103.16181782">
   <ele>1664.179</ele>
  </trkpt>
  <trkpt lat="-4.02482939" lon="103.16202887">
   <ele>1660.334</ele>
  </trkpt>
  <trkpt lat="-4.02478714" lon="103.16242634">
   <ele>1657.931</ele>
  </trkpt>
  <trkpt lat="-4.02483702" lon="103.16282214">
   <ele>1654.086</ele>
  </trkpt>
  <trkpt lat="-4.02483702" lon="103.16296916">
   <ele>1652.644</ele>
  </trkpt>
  <trkpt lat="-4.02483702" lon="103.16316990">
   <ele>1651.202</ele>
  </trkpt>
  <trkpt lat="-4.02472730" lon="103.16323101">
   <ele>1650.24</ele>
  </trkpt>
  <trkpt lat="-4.02439320" lon="103.16323092">
   <ele>1647.837</ele>
  </trkpt>
  <trkpt lat="-4.02421382" lon="103.16321466">
   <ele>1646.876</ele>
  </trkpt>
  <trkpt lat="-4.02393110" lon="103.16324559">
   <ele>1642.55</ele>
  </trkpt>
  <trkpt lat="-4.02381962" lon="103.16324509">
   <ele>1640.627</ele>
  </trkpt>
  <trkpt lat="-4.02365685" lon="103.16323042">
   <ele>1639.666</ele>
  </trkpt>
  <trkpt lat="-4.02355626" lon="103.16328138">
   <ele>1637.743</ele>
  </trkpt>
  <trkpt lat="-4.02349130" lon="103.16333771">
   <ele>1637.262</ele>
  </trkpt>
  <trkpt lat="-4.02337253" lon="103.16333771">
   <ele>1635.821</ele>
  </trkpt>
  <trkpt lat="-4.02313926" lon="103.16337786">
   <ele>1634.379</ele>
  </trkpt>
  <trkpt lat="-4.02286249" lon="103.16362211">
   <ele>1630.053</ele>
  </trkpt>
  <trkpt lat="-4.02284925" lon="103.16363384">
   <ele>1630.533</ele>
  </trkpt>
  <trkpt lat="-4.02317086" lon="103.16364566">
   <ele>1625.727</ele>
  </trkpt>
  <trkpt lat="-4.02329978" lon="103.16381254">
   <ele>1624.765</ele>
  </trkpt>
  <trkpt lat="-4.02352709" lon="103.16426827">
   <ele>1619.959</ele>
  </trkpt>
  <trkpt lat="-4.02392942" lon="103.16446574">
   <ele>1616.594</ele>
  </trkpt>
  <trkpt lat="-4.02413093" lon="103.16453288">
   <ele>1615.633</ele>
  </trkpt>
  <trkpt lat="-4.02442262" lon="103.16465400">
   <ele>1613.71</ele>
  </trkpt>
  <trkpt lat="-4.02450945" lon="103.16469742">
   <ele>1612.268</ele>
  </trkpt>
  <trkpt lat="-4.02483249" lon="103.16484218">
   <ele>1607.942</ele>
  </trkpt>
  <trkpt lat="-4.02523122" lon="103.16486715">
   <ele>1603.616</ele>
  </trkpt>
  <trkpt lat="-4.02538067" lon="103.16487646">
   <ele>1602.655</ele>
  </trkpt>
  <trkpt lat="-4.02551645" lon="103.16494083">
   <ele>1600.732</ele>
  </trkpt>
  <trkpt lat="-4.02556356" lon="103.16501702">
   <ele>1599.771</ele>
  </trkpt>
  <trkpt lat="-4.02547513" lon="103.16505021">
   <ele>1598.81</ele>
  </trkpt>
  <trkpt lat="-4.02536524" lon="103.16513822">
   <ele>1597.849</ele>
  </trkpt>
  <trkpt lat="-4.02504212" lon="103.16536018">
   <ele>1594.484</ele>
  </trkpt>
  <trkpt lat="-4.02495051" lon="103.16541256">
   <ele>1594.003</ele>
  </trkpt>
  <trkpt lat="-4.02456846" lon="103.16557375">
   <ele>1590.158</ele>
  </trkpt>
  <trkpt lat="-4.02439278" lon="103.16568707">
   <ele>1587.274</ele>
  </trkpt>
  <trkpt lat="-4.02400662" lon="103.16596728">
   <ele>1582.948</ele>
  </trkpt>
  <trkpt lat="-4.02391911" lon="103.16621999">
   <ele>1581.026</ele>
  </trkpt>
  <trkpt lat="-4.02393211" lon="103.16653096">
   <ele>1577.18</ele>
  </trkpt>
  <trkpt lat="-4.02384946" lon="103.16663154">
   <ele>1575.738</ele>
  </trkpt>
  <trkpt lat="-4.02335518" lon="103.16646944">
   <ele>1572.854</ele>
  </trkpt>
  <trkpt lat="-4.02301571" lon="103.16632611">
   <ele>1569.97</ele>
  </trkpt>
  <trkpt lat="-4.02281505" lon="103.16624145">
   <ele>1567.086</ele>
  </trkpt>
  <trkpt lat="-4.02272905" lon="103.16623424">
   <ele>1565.164</ele>
  </trkpt>
  <trkpt lat="-4.02289527" lon="103.16653431">
   <ele>1562.76</ele>
  </trkpt>
  <trkpt lat="-4.02302317" lon="103.16682642">
   <ele>1560.357</ele>
  </trkpt>
  <trkpt lat="-4.02310917" lon="103.16726253">
   <ele>1556.512</ele>
  </trkpt>
  <trkpt lat="-4.02318679" lon="103.16757292">
   <ele>1553.628</ele>
  </trkpt>
  <trkpt lat="-4.02330011" lon="103.16783058">
   <ele>1552.186</ele>
  </trkpt>
  <trkpt lat="-4.02334697" lon="103.16792043">
   <ele>1550.744</ele>
  </trkpt>
  <trkpt lat="-4.02347789" lon="103.16815361">
   <ele>1548.341</ele>
  </trkpt>
  <trkpt lat="-4.02372264" lon="103.16827297">
   <ele>1545.457</ele>
  </trkpt>
  <trkpt lat="-4.02386094" lon="103.16823701">
   <ele>1544.015</ele>
  </trkpt>
  <trkpt lat="-4.02411265" lon="103.16816082">
   <ele>1542.573</ele>
  </trkpt>
  <trkpt lat="-4.02452094" lon="103.16805840">
   <ele>1539.689</ele>
  </trkpt>
  <trkpt lat="-4.02467617" lon="103.16805840">
   <ele>1538.728</ele>
  </trkpt>
  <trkpt lat="-4.02469955" lon="103.16814674">
   <ele>1536.324</ele>
  </trkpt>
  <trkpt lat="-4.02465790" lon="103.16815864">
   <ele>1535.363</ele>
  </trkpt>
  <trkpt lat="-4.02456092" lon="103.16818639">
   <ele>1534.882</ele>
  </trkpt>
  <trkpt lat="-4.02408089" lon="103.16845888">
   <ele>1532.479</ele>
  </trkpt>
  <trkpt lat="-4.02360630" lon="103.16895610">
   <ele>1527.672</ele>
  </trkpt>
  <trkpt lat="-4.02354285" lon="103.16902860">
   <ele>1527.672</ele>
  </trkpt>
  <trkpt lat="-4.02305754" lon="103.16934837">
   <ele>1523.346</ele>
  </trkpt>
  <trkpt lat="-4.02284363" lon="103.16937620">
   <ele>1520.943</ele>
  </trkpt>
  <trkpt lat="-4.02274674" lon="103.16935684">
   <ele>1520.462</ele>
  </trkpt>
  <trkpt lat="-4.02270709" lon="103.16939338">
   <ele>1518.059</ele>
  </trkpt>
  <trkpt lat="-4.02288730" lon="103.16945390">
   <ele>1517.098</ele>
  </trkpt>
  <trkpt lat="-4.02352743" lon="103.16927654">
   <ele>1514.214</ele>
  </trkpt>
  <trkpt lat="-4.02359817" lon="103.16922348">
   <ele>1513.252</ele>
  </trkpt>
  <trkpt lat="-4.02414476" lon="103.16909046">
   <ele>1508.446</ele>
  </trkpt>
  <trkpt lat="-4.02441088" lon="103.16922298">
   <ele>1506.523</ele>
  </trkpt>
  <trkpt lat="-4.02449730" lon="103.16927796">
   <ele>1505.562</ele>
  </trkpt>
  <trkpt lat="-4.02462965" lon="103.16940629">
   <ele>1504.12</ele>
  </trkpt>
  <trkpt lat="-4.02478279" lon="103.16960905">
   <ele>1502.678</ele>
  </trkpt>
  <trkpt lat="-4.02486619" lon="103.16975313">
   <ele>1500.755</ele>
  </trkpt>
  <trkpt lat="-4.02508462" lon="103.16999294">
   <ele>1499.794</ele>
  </trkpt>
  <trkpt lat="-4.02524429" lon="103.17003854">
   <ele>1497.871</ele>
  </trkpt>
  <trkpt lat="-4.02569532" lon="103.17003250">
   <ele>1494.026</ele>
  </trkpt>
  <trkpt lat="-4.02572701" lon="103.17000861">
   <ele>1493.065</ele>
  </trkpt>
  <trkpt lat="-4.02589372" lon="103.16988364">
   <ele>1491.623</ele>
  </trkpt>
  <trkpt lat="-4.02621014" lon="103.16998925">
   <ele>1490.661</ele>
  </trkpt>
  <trkpt lat="-4.02630997" lon="103.17024406">
   <ele>1488.258</ele>
  </trkpt>
  <trkpt lat="-4.02632087" lon="103.17030944">
   <ele>1487.778</ele>
  </trkpt>
  <trkpt lat="-4.02635054" lon="103.17043634">
   <ele>1486.816</ele>
  </trkpt>
  <trkpt lat="-4.02643913" lon="103.17057213">
   <ele>1485.855</ele>
  </trkpt>
  <trkpt lat="-4.02663141" lon="103.17086700">
   <ele>1482.01</ele>
  </trkpt>
  <trkpt lat="-4.02666092" lon="103.17091227">
   <ele>1481.048</ele>
  </trkpt>
  <trkpt lat="-4.02689972" lon="103.17080456">
   <ele>1478.164</ele>
  </trkpt>
  <trkpt lat="-4.02716082" lon="103.17072921">
   <ele>1474.8</ele>
  </trkpt>
  <trkpt lat="-4.02722871" lon="103.17074119">
   <ele>1475.28</ele>
  </trkpt>
  <trkpt lat="-4.02736844" lon="103.17079701">
   <ele>1473.838</ele>
  </trkpt>
  <trkpt lat="-4.02742585" lon="103.17062778">
   <ele>1471.916</ele>
  </trkpt>
  <trkpt lat="-4.02750372" lon="103.17049803">
   <ele>1471.435</ele>
  </trkpt>
  <trkpt lat="-4.02774503" lon="103.17023828">
   <ele>1469.032</ele>
  </trkpt>
  <trkpt lat="-4.02782483" lon="103.17017684">
   <ele>1467.59</ele>
  </trkpt>
  <trkpt lat="-4.02784931" lon="103.17016301">
   <ele>1466.628</ele>
  </trkpt>
  <trkpt lat="-4.02752417" lon="103.17047607">
   <ele>1464.225</ele>
  </trkpt>
  <trkpt lat="-4.02734756" lon="103.17076206">
   <ele>1461.822</ele>
  </trkpt>
  <trkpt lat="-4.02759383" lon="103.17137235">
   <ele>1459.899</ele>
  </trkpt>
  <trkpt lat="-4.02750934" lon="103.17143362">
   <ele>1458.938</ele>
  </trkpt>
  <trkpt lat="-4.02751931" lon="103.17159019">
   <ele>1457.015</ele>
  </trkpt>
  <trkpt lat="-4.02753121" lon="103.17170712">
   <ele>1455.573</ele>
  </trkpt>
  <trkpt lat="-4.02735033" lon="103.17186914">
   <ele>1454.612</ele>
  </trkpt>
  <trkpt lat="-4.02713165" lon="103.17190100">
   <ele>1453.651</ele>
  </trkpt>
  <trkpt lat="-4.02698882" lon="103.17198750">
   <ele>1452.689</ele>
  </trkpt>
  <trkpt lat="-4.02691514" lon="103.17204902">
   <ele>1452.209</ele>
  </trkpt>
  <trkpt lat="-4.02669570" lon="103.17228162">
   <ele>1450.286</ele>
  </trkpt>
  <trkpt lat="-4.02646361" lon="103.17257725">
   <ele>1446.441</ele>
  </trkpt>
  <trkpt lat="-4.02635288" lon="103.17266610">
   <ele>1445.96</ele>
  </trkpt>
  <trkpt lat="-4.02623118" lon="103.17268906">
   <ele>1444.518</ele>
  </trkpt>
  <trkpt lat="-4.02613713" lon="103.17268630">
   <ele>1443.557</ele>
  </trkpt>
  <trkpt lat="-4.02604971" lon="103.17275126">
   <ele>1442.596</ele>
  </trkpt>
  <trkpt lat="-4.02619891" lon="103.17289819">
   <ele>1440.192</ele>
  </trkpt>
  <trkpt lat="-4.02649244" lon="103.17287346">
   <ele>1438.27</ele>
  </trkpt>
  <trkpt lat="-4.02663996" lon="103.17277070">
   <ele>1436.828</ele>
  </trkpt>
  <trkpt lat="-4.02696854" lon="103.17267171">
   <ele>1434.905</ele>
  </trkpt>
  <trkpt lat="-4.02711622" lon="103.17267456">
   <ele>1433.944</ele>
  </trkpt>
  <trkpt lat="-4.02732468" lon="103.17257817">
   <ele>1431.54</ele>
  </trkpt>
  <trkpt lat="-4.02748084" lon="103.17258823">
   <ele>1429.618</ele>
  </trkpt>
  <trkpt lat="-4.02730834" lon="103.17280909">
   <ele>1427.695</ele>
  </trkpt>
  <trkpt lat="-4.02693383" lon="103.17304320">
   <ele>1425.772</ele>
  </trkpt>
  <trkpt lat="-4.02682495" lon="103.17316373">
   <ele>1424.331</ele>
  </trkpt>
  <trkpt lat="-4.02684675" lon="103.17346799">
   <ele>1421.447</ele>
  </trkpt>
  <trkpt lat="-4.02698094" lon="103.17383696">
   <ele>1417.601</ele>
  </trkpt>
  <trkpt lat="-4.02699217" lon="103.17390075">
   <ele>1417.121</ele>
  </trkpt>
  <trkpt lat="-4.02678422" lon="103.17404752">
   <ele>1413.756</ele>
  </trkpt>
  <trkpt lat="-4.02610000" lon="103.17410426">
   <ele>1409.43</ele>
  </trkpt>
  <trkpt lat="-4.02602046" lon="103.17411759">
   <ele>1409.43</ele>
  </trkpt>
  <trkpt lat="-4.02585240" lon="103.17413343">
   <ele>1408.469</ele>
  </trkpt>
  <trkpt lat="-4.02564202" lon="103.17402690">
   <ele>1406.065</ele>
  </trkpt>
  <trkpt lat="-4.02561494" lon="103.17400946">
   <ele>1405.585</ele>
  </trkpt>
  <trkpt lat="-4.02557538" lon="103.17408708">
   <ele>1404.143</ele>
  </trkpt>
  <trkpt lat="-4.02583606" lon="103.17428674">
   <ele>1402.22</ele>
  </trkpt>
  <trkpt lat="-4.02633000" lon="103.17431909">
   <ele>1399.817</ele>
  </trkpt>
  <trkpt lat="-4.02676586" lon="103.17443476">
   <ele>1395.972</ele>
  </trkpt>
  <trkpt lat="-4.02685429" lon="103.17449444">
   <ele>1395.972</ele>
  </trkpt>
  <trkpt lat="-4.02694004" lon="103.17455152">
   <ele>1395.972</ele>
  </trkpt>
  <trkpt lat="-4.02735335" lon="103.17479275">
   <ele>1391.646</ele>
  </trkpt>
  <trkpt lat="-4.02748679" lon="103.17506055">
   <ele>1388.762</ele>
  </trkpt>
  <trkpt lat="-4.02783564" lon="103.17503893">
   <ele>1386.358</ele>
  </trkpt>
  <trkpt lat="-4.02830796" lon="103.17504354">
   <ele>1383.955</ele>
  </trkpt>
  <trkpt lat="-4.02859102" lon="103.17522308">
   <ele>1381.071</ele>
  </trkpt>
  <trkpt lat="-4.02865380" lon="103.17523565">
   <ele>1379.629</ele>
  </trkpt>
  <trkpt lat="-4.02872312" lon="103.17524152">
   <ele>1378.668</ele>
  </trkpt>
  <trkpt lat="-4.02874399" lon="103.17532165">
   <ele>1377.226</ele>
  </trkpt>
  <trkpt lat="-4.02873226" lon="103.17539155">
   <ele>1377.226</ele>
  </trkpt>
  <trkpt lat="-4.02867006" lon="103.17557990">
   <ele>1375.303</ele>
  </trkpt>
  <trkpt lat="-4.02843730" lon="103.17546716">
   <ele>1373.381</ele>
  </trkpt>
  <trkpt lat="-4.02824015" lon="103.17548962">
   <ele>1371.458</ele>
  </trkpt>
  <trkpt lat="-4.02804804" lon="103.17566799">
   <ele>1370.497</ele>
  </trkpt>
  <trkpt lat="-4.02762584" lon="103.17589916">
   <ele>1366.651</ele>
  </trkpt>
  <trkpt lat="-4.02737095" lon="103.17602430">
   <ele>1363.287</ele>
  </trkpt>
  <trkpt lat="-4.02710290" lon="103.17627526">
   <ele>1361.845</ele>
  </trkpt>
  <trkpt lat="-4.02684633" lon="103.17636629">
   <ele>1359.442</ele>
  </trkpt>
  <trkpt lat="-4.02668824" lon="103.17607183">
   <ele>1357.519</ele>
  </trkpt>
  <trkpt lat="-4.02651776" lon="103.17594702">
   <ele>1355.115</ele>
  </trkpt>
  <trkpt lat="-4.02604527" lon="103.17622606">
   <ele>1352.712</ele>
  </trkpt>
  <trkpt lat="-4.02580077" lon="103.17638489">
   <ele>1350.79</ele>
  </trkpt>
  <trkpt lat="-4.02542534" lon="103.17631910">
   <ele>1347.425</ele>
  </trkpt>
  <trkpt lat="-4.02503173" lon="103.17629554">
   <ele>1345.502</ele>
  </trkpt>
  <trkpt lat="-4.02495420" lon="103.17634986">
   <ele>1343.58</ele>
  </trkpt>
  <trkpt lat="-4.02506459" lon="103.17641985">
   <ele>1343.099</ele>
  </trkpt>
  <trkpt lat="-4.02528008" lon="103.17645011">
   <ele>1341.657</ele>
  </trkpt>
  <trkpt lat="-4.02534387" lon="103.17648330">
   <ele>1341.177</ele>
  </trkpt>
  <trkpt lat="-4.02565928" lon="103.17672822">
   <ele>1337.812</ele>
  </trkpt>
  <trkpt lat="-4.02573816" lon="103.17675504">
   <ele>1337.812</ele>
  </trkpt>
  <trkpt lat="-4.02592138" lon="103.17677231">
   <ele>1335.889</ele>
  </trkpt>
  <trkpt lat="-4.02607041" lon="103.17675688">
   <ele>1335.889</ele>
  </trkpt>
  <trkpt lat="-4.02637828" lon="103.17667776">
   <ele>1333.486</ele>
  </trkpt>
  <trkpt lat="-4.02670878" lon="103.17690239">
   <ele>1331.083</ele>
  </trkpt>
  <trkpt lat="-4.02729928" lon="103.17708009">
   <ele>1328.199</ele>
  </trkpt>
  <trkpt lat="-4.02756440" lon="103.17706450">
   <ele>1327.238</ele>
  </trkpt>
  <trkpt lat="-4.02777965" lon="103.17696945">
   <ele>1326.276</ele>
  </trkpt>
  <trkpt lat="-4.02820746" lon="103.17680969">
   <ele>1323.392</ele>
  </trkpt>
  <trkpt lat="-4.02862103" lon="103.17677482">
   <ele>1320.989</ele>
  </trkpt>
  <trkpt lat="-4.02917096" lon="103.17694707">
   <ele>1319.066</ele>
  </trkpt>
  <trkpt lat="-4.02936283" lon="103.17710297">
   <ele>1317.624</ele>
  </trkpt>
  <trkpt lat="-4.02934212" lon="103.17719014">
   <ele>1316.663</ele>
  </trkpt>
  <trkpt lat="-4.02929267" lon="103.17719735">
   <ele>1316.182</ele>
  </trkpt>
  <trkpt lat="-4.02888506" lon="103.17704245">
   <ele>1312.818</ele>
  </trkpt>
  <trkpt lat="-4.02844559" lon="103.17697532">
   <ele>1309.934</ele>
  </trkpt>
  <trkpt lat="-4.02825910" lon="103.17729098">
   <ele>1307.05</ele>
  </trkpt>
  <trkpt lat="-4.02784344" lon="103.17756976">
   <ele>1305.608</ele>
  </trkpt>
  <trkpt lat="-4.02735804" lon="103.17766615">
   <ele>1302.243</ele>
  </trkpt>
  <trkpt lat="-4.02707918" lon="103.17795918">
   <ele>1298.398</ele>
  </trkpt>
  <trkpt lat="-4.02703492" lon="103.17819078">
   <ele>1296.956</ele>
  </trkpt>
  <trkpt lat="-4.02670568" lon="103.17837342">
   <ele>1294.072</ele>
  </trkpt>
  <trkpt lat="-4.02653687" lon="103.17830930">
   <ele>1292.63</ele>
  </trkpt>
  <trkpt lat="-4.02640561" lon="103.17823453">
   <ele>1291.188</ele>
  </trkpt>
  <trkpt lat="-4.02632070" lon="103.17829312">
   <ele>1290.227</ele>
  </trkpt>
  <trkpt lat="-4.02619807" lon="103.17850526">
   <ele>1286.862</ele>
  </trkpt>
  <trkpt lat="-4.02608776" lon="103.17878949">
   <ele>1283.497</ele>
  </trkpt>
  <trkpt lat="-4.02588677" lon="103.17898924">
   <ele>1281.575</ele>
  </trkpt>
  <trkpt lat="-4.02568175" lon="103.17966398">
   <ele>1278.691</ele>
  </trkpt>
  <trkpt lat="-4.02552794" lon="103.17974537">
   <ele>1277.729</ele>
  </trkpt>
  <trkpt lat="-4.02514723" lon="103.17973623">
   <ele>1277.249</ele>
  </trkpt>
  <trkpt lat="-4.02490952" lon="103.17968820">
   <ele>1274.845</ele>
  </trkpt>
  <trkpt lat="-4.02484037" lon="103.17968007">
   <ele>1275.326</ele>
  </trkpt>
  <trkpt lat="-4.02473132" lon="103.17967772">
   <ele>1271.481</ele>
  </trkpt>
  <trkpt lat="-4.02482235" lon="103.17967798">
   <ele>1269.078</ele>
  </trkpt>
  <trkpt lat="-4.02526097" lon="103.17979314">
   <ele>1267.155</ele>
  </trkpt>
  <trkpt lat="-4.02549047" lon="103.17976532">
   <ele>1266.194</ele>
  </trkpt>
  <trkpt lat="-4.02615960" lon="103.17968384">
   <ele>1261.868</ele>
  </trkpt>
  <trkpt lat="-4.02636051" lon="103.17990303">
   <ele>1258.503</ele>
  </trkpt>
  <trkpt lat="-4.02636051" lon="103.17996732">
   <ele>1257.542</ele>
  </trkpt>
  <trkpt lat="-4.02645120" lon="103.18005164">
   <ele>1256.58</ele>
  </trkpt>
  <trkpt lat="-4.02665514" lon="103.18009246">
   <ele>1254.177</ele>
  </trkpt>
  <trkpt lat="-4.02700424" lon="103.18007469">
   <ele>1251.774</ele>
  </trkpt>
  <trkpt lat="-4.02757622" lon="103.18044475">
   <ele>1247.929</ele>
  </trkpt>
  <trkpt lat="-4.02763339" lon="103.18051466">
   <ele>1246.967</ele>
  </trkpt>
  <trkpt lat="-4.02784025" lon="103.18088304">
   <ele>1243.122</ele>
  </trkpt>
  <trkpt lat="-4.02787227" lon="103.18095102">
   <ele>1243.122</ele>
  </trkpt>
  <trkpt lat="-4.02800068" lon="103.18102260">
   <ele>1241.199</ele>
  </trkpt>
  <trkpt lat="-4.02807461" lon="103.18105219">
   <ele>1240.719</ele>
  </trkpt>
  <trkpt lat="-4.02835608" lon="103.18089008">
   <ele>1237.835</ele>
  </trkpt>
  <trkpt lat="-4.02834468" lon="103.18077592">
   <ele>1237.354</ele>
  </trkpt>
  <trkpt lat="-4.02836655" lon="103.18063284">
   <ele>1237.354</ele>
  </trkpt>
  <trkpt lat="-4.02849748" lon="103.18060937">
   <ele>1235.912</ele>
  </trkpt>
  <trkpt lat="-4.02860058" lon="103.18067718">
   <ele>1234.47</ele>
  </trkpt>
  <trkpt lat="-4.02880032" lon="103.18081699">
   <ele>1233.028</ele>
  </trkpt>
  <trkpt lat="-4.02897265" lon="103.18107868">
   <ele>1229.664</ele>
  </trkpt>
  <trkpt lat="-4.02912411" lon="103.18120390">
   <ele>1227.26</ele>
  </trkpt>
  <trkpt lat="-4.02958008" lon="103.18129267">
   <ele>1223.896</ele>
  </trkpt>
  <trkpt lat="-4.02962862" lon="103.18132795">
   <ele>1223.415</ele>
  </trkpt>
  <trkpt lat="-4.02973012" lon="103.18140180">
   <ele>1222.454</ele>
  </trkpt>
  <trkpt lat="-4.02982811" lon="103.18159701">
   <ele>1220.531</ele>
  </trkpt>
  <trkpt lat="-4.02992701" lon="103.18180840">
   <ele>1218.608</ele>
  </trkpt>
 </trkseg>
</trk>
 <extensions>
 </extensions>
</gpx>
