<?xml version="1.0" encoding="UTF-8" standalone="yes"?>
<gpx
 version="1.1"
 creator="Global Mapper - http://www.globalmapper.com"
 xmlns:globalmapper="http://www.bluemarblegeo.com/globalmapper"
 xmlns:xsi="http://www.w3.org/2001/XMLSchema-instance"
 xmlns="http://www.topografix.com/GPX/1/1"
 xsi:schemaLocation="http://www.topografix.com/GPX/1/1 http://www.topografix.com/GPX/1/1/gpx.xsd">
 <metadata>
 </metadata>
<wpt lat="-7.16451229" lon="107.88249978">
 <name>CITIIS 882M
</name>
</wpt>
<wpt lat="-7.15731663" lon="107.86598924">
 <name>CURUG CITIIS
</name>
</wpt>
<wpt lat="-7.15375837" lon="107.85230442">
 <name>CAMP/KAWAH</name>
</wpt>
<wpt lat="-7.14948235" lon="107.84583868">
 <name>PUNCAK 2135M
</name>
</wpt>
<wpt lat="-7.14699471" lon="107.84419405">
 <name>KUBURAN</name>
</wpt>
<wpt lat="-7.14265675" lon="107.84123371">
 <name>PUNCAK GUNTUR 2249M
</name>
</wpt>
<wpt lat="-7.14475378" lon="107.84413237">
 <name>PUNCAK 2213M
</name>
</wpt>
<wpt lat="-7.15941365" lon="107.82131057">
 <name>CIBEUREUM 1602M
</name>
</wpt>
<wpt lat="-7.16615701" lon="107.83858303">
 <name>CIKAHURUPAN</name>
</wpt>
<wpt lat="-7.19050147" lon="107.82001671">
 <name>TANJUNG KARYA 1063M
</name>
</wpt>
<trk>
 <name>10 005</name>
 <trkseg>
  <trkpt lat="-7.14594620" lon="107.84238495"></trkpt>
  <trkpt lat="-7.14553499" lon="107.84250833"></trkpt>
  <trkpt lat="-7.14508270" lon="107.84275501"></trkpt>
  <trkpt lat="-7.14438373" lon="107.84242610"></trkpt>
  <trkpt lat="-7.14419866" lon="107.84187097"></trkpt>
  <trkpt lat="-7.14411643" lon="107.84154207"></trkpt>
  <trkpt lat="-7.14354076" lon="107.84164491"></trkpt>
  <trkpt lat="-7.14321186" lon="107.84135708"></trkpt>
  <trkpt lat="-7.14265672" lon="107.84123369"></trkpt>
 </trkseg>
</trk>
<trk>
 <name>11 003</name>
 <trkseg>
  <trkpt lat="-7.15947535" lon="107.82135165"></trkpt>
  <trkpt lat="-7.15943419" lon="107.82131058"></trkpt>
  <trkpt lat="-7.15941366" lon="107.82131058"></trkpt>
  <trkpt lat="-7.15933143" lon="107.82141334"></trkpt>
  <trkpt lat="-7.15922859" lon="107.82151619"></trkpt>
  <trkpt lat="-7.15916698" lon="107.82161895"></trkpt>
  <trkpt lat="-7.15908467" lon="107.82170118"></trkpt>
  <trkpt lat="-7.15900244" lon="107.82182456"></trkpt>
  <trkpt lat="-7.15894075" lon="107.82194786"></trkpt>
  <trkpt lat="-7.15889968" lon="107.82205062"></trkpt>
  <trkpt lat="-7.15887914" lon="107.82207124"></trkpt>
  <trkpt lat="-7.15883799" lon="107.82215347"></trkpt>
  <trkpt lat="-7.15881745" lon="107.82221516"></trkpt>
  <trkpt lat="-7.15877630" lon="107.82231792"></trkpt>
  <trkpt lat="-7.15871461" lon="107.82242068"></trkpt>
  <trkpt lat="-7.15869407" lon="107.82248237"></trkpt>
  <trkpt lat="-7.15865300" lon="107.82260575"></trkpt>
  <trkpt lat="-7.15865300" lon="107.82272905"></trkpt>
  <trkpt lat="-7.15863238" lon="107.82279074"></trkpt>
  <trkpt lat="-7.15863238" lon="107.82281128"></trkpt>
  <trkpt lat="-7.15859131" lon="107.82293466"></trkpt>
  <trkpt lat="-7.15852962" lon="107.82303742"></trkpt>
  <trkpt lat="-7.15848846" lon="107.82314018"></trkpt>
  <trkpt lat="-7.15842686" lon="107.82320187"></trkpt>
  <trkpt lat="-7.15840624" lon="107.82326357"></trkpt>
  <trkpt lat="-7.15838570" lon="107.82330472"></trkpt>
  <trkpt lat="-7.15840624" lon="107.82334579"></trkpt>
  <trkpt lat="-7.15840624" lon="107.82336633"></trkpt>
  <trkpt lat="-7.15840624" lon="107.82338695"></trkpt>
  <trkpt lat="-7.15840624" lon="107.82342802"></trkpt>
  <trkpt lat="-7.15838570" lon="107.82344855"></trkpt>
  <trkpt lat="-7.15836517" lon="107.82348971"></trkpt>
  <trkpt lat="-7.15834455" lon="107.82351024"></trkpt>
  <trkpt lat="-7.15834455" lon="107.82357194"></trkpt>
  <trkpt lat="-7.15828294" lon="107.82361309"></trkpt>
  <trkpt lat="-7.15832401" lon="107.82371585"></trkpt>
  <trkpt lat="-7.15828294" lon="107.82377754"></trkpt>
  <trkpt lat="-7.15826232" lon="107.82383915"></trkpt>
  <trkpt lat="-7.15824178" lon="107.82392146"></trkpt>
  <trkpt lat="-7.15822125" lon="107.82402422"></trkpt>
  <trkpt lat="-7.15818009" lon="107.82406529"></trkpt>
  <trkpt lat="-7.15820063" lon="107.82416814"></trkpt>
  <trkpt lat="-7.15820063" lon="107.82427090"></trkpt>
  <trkpt lat="-7.15809787" lon="107.82431206"></trkpt>
  <trkpt lat="-7.15805671" lon="107.82441482"></trkpt>
  <trkpt lat="-7.15801564" lon="107.82445589"></trkpt>
  <trkpt lat="-7.15797449" lon="107.82451758"></trkpt>
  <trkpt lat="-7.15791288" lon="107.82455874"></trkpt>
  <trkpt lat="-7.15793341" lon="107.82462043"></trkpt>
  <trkpt lat="-7.15795395" lon="107.82464096"></trkpt>
  <trkpt lat="-7.15795395" lon="107.82470265"></trkpt>
  <trkpt lat="-7.15795395" lon="107.82486711"></trkpt>
  <trkpt lat="-7.15791288" lon="107.82490818"></trkpt>
  <trkpt lat="-7.15783057" lon="107.82494933"></trkpt>
  <trkpt lat="-7.15778950" lon="107.82496987"></trkpt>
  <trkpt lat="-7.15768665" lon="107.82494933"></trkpt>
  <trkpt lat="-7.15760442" lon="107.82496987"></trkpt>
  <trkpt lat="-7.15758389" lon="107.82501102"></trkpt>
  <trkpt lat="-7.15758389" lon="107.82507263"></trkpt>
  <trkpt lat="-7.15762504" lon="107.82515486"></trkpt>
  <trkpt lat="-7.15764558" lon="107.82525770"></trkpt>
  <trkpt lat="-7.15762504" lon="107.82527824"></trkpt>
  <trkpt lat="-7.15756335" lon="107.82531931"></trkpt>
  <trkpt lat="-7.15752220" lon="107.82533993"></trkpt>
  <trkpt lat="-7.15748113" lon="107.82540162"></trkpt>
  <trkpt lat="-7.15750166" lon="107.82546323"></trkpt>
  <trkpt lat="-7.15752220" lon="107.82552492"></trkpt>
  <trkpt lat="-7.15750166" lon="107.82558661"></trkpt>
  <trkpt lat="-7.15752220" lon="107.82566884"></trkpt>
  <trkpt lat="-7.15743997" lon="107.82573053"></trkpt>
  <trkpt lat="-7.15741944" lon="107.82573053"></trkpt>
  <trkpt lat="-7.15737828" lon="107.82583329"></trkpt>
  <trkpt lat="-7.15735774" lon="107.82591552"></trkpt>
  <trkpt lat="-7.15729605" lon="107.82599774"></trkpt>
  <trkpt lat="-7.15729605" lon="107.82603890"></trkpt>
  <trkpt lat="-7.15729605" lon="107.82612112"></trkpt>
  <trkpt lat="-7.15725498" lon="107.82620461"></trkpt>
  <trkpt lat="-7.15721383" lon="107.82628683"></trkpt>
  <trkpt lat="-7.15719329" lon="107.82638968"></trkpt>
  <trkpt lat="-7.15717276" lon="107.82641022"></trkpt>
  <trkpt lat="-7.15715214" lon="107.82651298"></trkpt>
  <trkpt lat="-7.15711107" lon="107.82657467"></trkpt>
  <trkpt lat="-7.15706991" lon="107.82663636"></trkpt>
  <trkpt lat="-7.15704937" lon="107.82673912"></trkpt>
  <trkpt lat="-7.15704937" lon="107.82680081"></trkpt>
  <trkpt lat="-7.15702884" lon="107.82686250"></trkpt>
  <trkpt lat="-7.15698768" lon="107.82692411"></trkpt>
  <trkpt lat="-7.15696715" lon="107.82696526"></trkpt>
  <trkpt lat="-7.15698768" lon="107.82702696"></trkpt>
  <trkpt lat="-7.15696715" lon="107.82708865"></trkpt>
  <trkpt lat="-7.15692599" lon="107.82712972"></trkpt>
  <trkpt lat="-7.15688492" lon="107.82721194"></trkpt>
  <trkpt lat="-7.15686430" lon="107.82725310"></trkpt>
  <trkpt lat="-7.15682323" lon="107.82725310"></trkpt>
  <trkpt lat="-7.15678208" lon="107.82731479"></trkpt>
  <trkpt lat="-7.15674100" lon="107.82737640"></trkpt>
  <trkpt lat="-7.15667931" lon="107.82747924"></trkpt>
  <trkpt lat="-7.15667931" lon="107.82756147"></trkpt>
  <trkpt lat="-7.15663816" lon="107.82766423"></trkpt>
  <trkpt lat="-7.15665878" lon="107.82768477"></trkpt>
  <trkpt lat="-7.15661762" lon="107.82774646"></trkpt>
  <trkpt lat="-7.15655593" lon="107.82784922"></trkpt>
  <trkpt lat="-7.15651486" lon="107.82797260"></trkpt>
  <trkpt lat="-7.15641201" lon="107.82799314"></trkpt>
  <trkpt lat="-7.15637094" lon="107.82805483"></trkpt>
  <trkpt lat="-7.15637094" lon="107.82815759"></trkpt>
  <trkpt lat="-7.15635032" lon="107.82823990"></trkpt>
  <trkpt lat="-7.15632979" lon="107.82834266"></trkpt>
  <trkpt lat="-7.15632979" lon="107.82836320"></trkpt>
  <trkpt lat="-7.15632979" lon="107.82840435"></trkpt>
  <trkpt lat="-7.15630925" lon="107.82844543"></trkpt>
  <trkpt lat="-7.15616534" lon="107.82844543"></trkpt>
  <trkpt lat="-7.15614480" lon="107.82850712"></trkpt>
  <trkpt lat="-7.15608311" lon="107.82856881"></trkpt>
  <trkpt lat="-7.15602142" lon="107.82863050"></trkpt>
  <trkpt lat="-7.15600088" lon="107.82871272"></trkpt>
  <trkpt lat="-7.15598026" lon="107.82879495"></trkpt>
  <trkpt lat="-7.15598026" lon="107.82883602"></trkpt>
  <trkpt lat="-7.15593919" lon="107.82891825"></trkpt>
  <trkpt lat="-7.15589804" lon="107.82897994"></trkpt>
  <trkpt lat="-7.15587750" lon="107.82900047"></trkpt>
  <trkpt lat="-7.15583635" lon="107.82902109"></trkpt>
  <trkpt lat="-7.15583635" lon="107.82906217"></trkpt>
  <trkpt lat="-7.15575412" lon="107.82912386"></trkpt>
  <trkpt lat="-7.15569243" lon="107.82916493"></trkpt>
  <trkpt lat="-7.15567189" lon="107.82920608"></trkpt>
  <trkpt lat="-7.15565136" lon="107.82926777"></trkpt>
  <trkpt lat="-7.15561020" lon="107.82930885"></trkpt>
  <trkpt lat="-7.15556913" lon="107.82932938"></trkpt>
  <trkpt lat="-7.15554851" lon="107.82941169"></trkpt>
  <trkpt lat="-7.15552798" lon="107.82945276"></trkpt>
  <trkpt lat="-7.15550744" lon="107.82951445"></trkpt>
  <trkpt lat="-7.15546628" lon="107.82955552"></trkpt>
  <trkpt lat="-7.15544575" lon="107.82955552"></trkpt>
  <trkpt lat="-7.15542521" lon="107.82959668"></trkpt>
  <trkpt lat="-7.15540468" lon="107.82965837"></trkpt>
  <trkpt lat="-7.15536352" lon="107.82974060"></trkpt>
  <trkpt lat="-7.15536352" lon="107.82969944"></trkpt>
  <trkpt lat="-7.15532111" lon="107.82974060"></trkpt>
  <trkpt lat="-7.15528004" lon="107.82978167"></trkpt>
  <trkpt lat="-7.15523888" lon="107.82978167"></trkpt>
  <trkpt lat="-7.15525942" lon="107.82976113"></trkpt>
  <trkpt lat="-7.15523888" lon="107.82976113"></trkpt>
  <trkpt lat="-7.15517719" lon="107.82982282"></trkpt>
  <trkpt lat="-7.15517719" lon="107.82984336"></trkpt>
  <trkpt lat="-7.15517719" lon="107.82990505"></trkpt>
  <trkpt lat="-7.15517719" lon="107.82994612"></trkpt>
  <trkpt lat="-7.15517719" lon="107.82996674"></trkpt>
  <trkpt lat="-7.15509497" lon="107.83004897"></trkpt>
  <trkpt lat="-7.15503328" lon="107.83009004"></trkpt>
  <trkpt lat="-7.15499220" lon="107.83017226"></trkpt>
  <trkpt lat="-7.15497158" lon="107.83021342"></trkpt>
  <trkpt lat="-7.15497158" lon="107.83023396"></trkpt>
  <trkpt lat="-7.15493051" lon="107.83027511"></trkpt>
  <trkpt lat="-7.15486882" lon="107.83031618"></trkpt>
  <trkpt lat="-7.15482767" lon="107.83033680"></trkpt>
  <trkpt lat="-7.15482767" lon="107.83039841"></trkpt>
  <trkpt lat="-7.15480713" lon="107.83041903"></trkpt>
  <trkpt lat="-7.15478660" lon="107.83043956"></trkpt>
  <trkpt lat="-7.15480713" lon="107.83048064"></trkpt>
  <trkpt lat="-7.15478660" lon="107.83048064"></trkpt>
  <trkpt lat="-7.15478660" lon="107.83054233"></trkpt>
  <trkpt lat="-7.15480713" lon="107.83060402"></trkpt>
  <trkpt lat="-7.15480713" lon="107.83064509"></trkpt>
  <trkpt lat="-7.15478660" lon="107.83064509"></trkpt>
  <trkpt lat="-7.15478660" lon="107.83068624"></trkpt>
  <trkpt lat="-7.15480713" lon="107.83072740"></trkpt>
  <trkpt lat="-7.15474544" lon="107.83078901"></trkpt>
  <trkpt lat="-7.15472491" lon="107.83085070"></trkpt>
  <trkpt lat="-7.15466321" lon="107.83091239"></trkpt>
  <trkpt lat="-7.15460152" lon="107.83097408"></trkpt>
  <trkpt lat="-7.15451930" lon="107.83101515"></trkpt>
  <trkpt lat="-7.15445761" lon="107.83107684"></trkpt>
  <trkpt lat="-7.15443707" lon="107.83115907"></trkpt>
  <trkpt lat="-7.15431369" lon="107.83120022"></trkpt>
  <trkpt lat="-7.15423146" lon="107.83126183"></trkpt>
  <trkpt lat="-7.15419039" lon="107.83132352"></trkpt>
  <trkpt lat="-7.15414924" lon="107.83136467"></trkpt>
  <trkpt lat="-7.15408755" lon="107.83142637"></trkpt>
  <trkpt lat="-7.15408755" lon="107.83144690"></trkpt>
  <trkpt lat="-7.15404647" lon="107.83148797"></trkpt>
  <trkpt lat="-7.15390256" lon="107.83157020"></trkpt>
  <trkpt lat="-7.15386140" lon="107.83167304"></trkpt>
  <trkpt lat="-7.15382033" lon="107.83171412"></trkpt>
  <trkpt lat="-7.15379971" lon="107.83175527"></trkpt>
  <trkpt lat="-7.15377918" lon="107.83177581"></trkpt>
  <trkpt lat="-7.15369695" lon="107.83179634"></trkpt>
  <trkpt lat="-7.15365588" lon="107.83185803"></trkpt>
  <trkpt lat="-7.15359419" lon="107.83189919"></trkpt>
  <trkpt lat="-7.15357357" lon="107.83191972"></trkpt>
  <trkpt lat="-7.15355303" lon="107.83196080"></trkpt>
  <trkpt lat="-7.15347080" lon="107.83204302"></trkpt>
  <trkpt lat="-7.15345027" lon="107.83210471"></trkpt>
  <trkpt lat="-7.15340911" lon="107.83212525"></trkpt>
  <trkpt lat="-7.15338858" lon="107.83214587"></trkpt>
  <trkpt lat="-7.15334742" lon="107.83216640"></trkpt>
  <trkpt lat="-7.15332689" lon="107.83218694"></trkpt>
  <trkpt lat="-7.15326520" lon="107.83220756"></trkpt>
  <trkpt lat="-7.15322413" lon="107.83224863"></trkpt>
  <trkpt lat="-7.15320351" lon="107.83233086"></trkpt>
  <trkpt lat="-7.15318297" lon="107.83239255"></trkpt>
  <trkpt lat="-7.15312128" lon="107.83245424"></trkpt>
  <trkpt lat="-7.15312128" lon="107.83247477"></trkpt>
  <trkpt lat="-7.15310074" lon="107.83255700"></trkpt>
  <trkpt lat="-7.15308021" lon="107.83259816"></trkpt>
  <trkpt lat="-7.15305959" lon="107.83263923"></trkpt>
  <trkpt lat="-7.15299798" lon="107.83268038"></trkpt>
  <trkpt lat="-7.15295683" lon="107.83280368"></trkpt>
  <trkpt lat="-7.15293629" lon="107.83278314"></trkpt>
  <trkpt lat="-7.15289514" lon="107.83282430"></trkpt>
  <trkpt lat="-7.15287460" lon="107.83284483"></trkpt>
  <trkpt lat="-7.15287460" lon="107.83288591"></trkpt>
  <trkpt lat="-7.15281291" lon="107.83296813"></trkpt>
  <trkpt lat="-7.15279237" lon="107.83305036"></trkpt>
  <trkpt lat="-7.15279237" lon="107.83309151"></trkpt>
  <trkpt lat="-7.15279237" lon="107.83313267"></trkpt>
  <trkpt lat="-7.15275122" lon="107.83319428"></trkpt>
  <trkpt lat="-7.15268953" lon="107.83325597"></trkpt>
  <trkpt lat="-7.15264846" lon="107.83327650"></trkpt>
  <trkpt lat="-7.15262792" lon="107.83331766"></trkpt>
  <trkpt lat="-7.15260730" lon="107.83333819"></trkpt>
  <trkpt lat="-7.15256623" lon="107.83333819"></trkpt>
  <trkpt lat="-7.15248400" lon="107.83344104"></trkpt>
  <trkpt lat="-7.15246338" lon="107.83356434"></trkpt>
  <trkpt lat="-7.15246338" lon="107.83364656"></trkpt>
  <trkpt lat="-7.15248400" lon="107.83370825"></trkpt>
  <trkpt lat="-7.15231947" lon="107.83372879"></trkpt>
  <trkpt lat="-7.15225786" lon="107.83379048"></trkpt>
  <trkpt lat="-7.15221670" lon="107.83387271"></trkpt>
  <trkpt lat="-7.15217555" lon="107.83395493"></trkpt>
  <trkpt lat="-7.15211394" lon="107.83401662"></trkpt>
  <trkpt lat="-7.15205225" lon="107.83401662"></trkpt>
  <trkpt lat="-7.15205225" lon="107.83405770"></trkpt>
  <trkpt lat="-7.15201110" lon="107.83405770"></trkpt>
  <trkpt lat="-7.15192887" lon="107.83395493"></trkpt>
  <trkpt lat="-7.15194941" lon="107.83391386"></trkpt>
  <trkpt lat="-7.15192887" lon="107.83389324"></trkpt>
  <trkpt lat="-7.15188780" lon="107.83387271"></trkpt>
  <trkpt lat="-7.15184664" lon="107.83385217"></trkpt>
  <trkpt lat="-7.15180549" lon="107.83383164"></trkpt>
  <trkpt lat="-7.15176442" lon="107.83385217"></trkpt>
  <trkpt lat="-7.15172326" lon="107.83389324"></trkpt>
  <trkpt lat="-7.15170273" lon="107.83391386"></trkpt>
  <trkpt lat="-7.15168219" lon="107.83395493"></trkpt>
  <trkpt lat="-7.15162050" lon="107.83395493"></trkpt>
  <trkpt lat="-7.15153827" lon="107.83391386"></trkpt>
  <trkpt lat="-7.15153827" lon="107.83401662"></trkpt>
  <trkpt lat="-7.15149712" lon="107.83405770"></trkpt>
  <trkpt lat="-7.15145605" lon="107.83409885"></trkpt>
  <trkpt lat="-7.15141489" lon="107.83420161"></trkpt>
  <trkpt lat="-7.15143543" lon="107.83422223"></trkpt>
  <trkpt lat="-7.15137382" lon="107.83418108"></trkpt>
  <trkpt lat="-7.15131213" lon="107.83420161"></trkpt>
  <trkpt lat="-7.15125044" lon="107.83416054"></trkpt>
  <trkpt lat="-7.15122990" lon="107.83424277"></trkpt>
  <trkpt lat="-7.15120928" lon="107.83424277"></trkpt>
  <trkpt lat="-7.15116821" lon="107.83422223"></trkpt>
  <trkpt lat="-7.15112706" lon="107.83424277"></trkpt>
  <trkpt lat="-7.15110652" lon="107.83430446"></trkpt>
  <trkpt lat="-7.15110652" lon="107.83432500"></trkpt>
  <trkpt lat="-7.15108599" lon="107.83438669"></trkpt>
  <trkpt lat="-7.15102430" lon="107.83446891"></trkpt>
  <trkpt lat="-7.15094207" lon="107.83450998"></trkpt>
  <trkpt lat="-7.15092145" lon="107.83459221"></trkpt>
  <trkpt lat="-7.15088038" lon="107.83463337"></trkpt>
  <trkpt lat="-7.15081869" lon="107.83471559"></trkpt>
  <trkpt lat="-7.15079815" lon="107.83477728"></trkpt>
  <trkpt lat="-7.15075700" lon="107.83479782"></trkpt>
  <trkpt lat="-7.15073646" lon="107.83479782"></trkpt>
  <trkpt lat="-7.15073646" lon="107.83485951"></trkpt>
  <trkpt lat="-7.15067477" lon="107.83492120"></trkpt>
  <trkpt lat="-7.15061308" lon="107.83494174"></trkpt>
  <trkpt lat="-7.15061308" lon="107.83502396"></trkpt>
  <trkpt lat="-7.15059254" lon="107.83502396"></trkpt>
  <trkpt lat="-7.15057201" lon="107.83508565"></trkpt>
  <trkpt lat="-7.15057201" lon="107.83510619"></trkpt>
  <trkpt lat="-7.15048978" lon="107.83508565"></trkpt>
  <trkpt lat="-7.15042809" lon="107.83508565"></trkpt>
  <trkpt lat="-7.15036640" lon="107.83512672"></trkpt>
  <trkpt lat="-7.15034586" lon="107.83522957"></trkpt>
  <trkpt lat="-7.15030471" lon="107.83525011"></trkpt>
  <trkpt lat="-7.15030471" lon="107.83529118"></trkpt>
  <trkpt lat="-7.15030471" lon="107.83527064"></trkpt>
  <trkpt lat="-7.15026364" lon="107.83531180"></trkpt>
  <trkpt lat="-7.15026364" lon="107.83545563"></trkpt>
  <trkpt lat="-7.15026364" lon="107.83547625"></trkpt>
  <trkpt lat="-7.15022248" lon="107.83543509"></trkpt>
  <trkpt lat="-7.15018133" lon="107.83541456"></trkpt>
  <trkpt lat="-7.15014026" lon="107.83543509"></trkpt>
  <trkpt lat="-7.15014026" lon="107.83545563"></trkpt>
  <trkpt lat="-7.15016079" lon="107.83551732"></trkpt>
  <trkpt lat="-7.15016079" lon="107.83553794"></trkpt>
  <trkpt lat="-7.15014026" lon="107.83555848"></trkpt>
  <trkpt lat="-7.15009910" lon="107.83555848"></trkpt>
  <trkpt lat="-7.15007856" lon="107.83559955"></trkpt>
  <trkpt lat="-7.15003741" lon="107.83559955"></trkpt>
  <trkpt lat="-7.15001687" lon="107.83559955"></trkpt>
  <trkpt lat="-7.14999634" lon="107.83562017"></trkpt>
  <trkpt lat="-7.14993465" lon="107.83564070"></trkpt>
  <trkpt lat="-7.14989349" lon="107.83564070"></trkpt>
  <trkpt lat="-7.14983189" lon="107.83564070"></trkpt>
  <trkpt lat="-7.14981127" lon="107.83568177"></trkpt>
  <trkpt lat="-7.14977019" lon="107.83574346"></trkpt>
  <trkpt lat="-7.14974966" lon="107.83578462"></trkpt>
  <trkpt lat="-7.14974966" lon="107.83580516"></trkpt>
  <trkpt lat="-7.14970850" lon="107.83584631"></trkpt>
  <trkpt lat="-7.14970850" lon="107.83588738"></trkpt>
  <trkpt lat="-7.14968797" lon="107.83590792"></trkpt>
  <trkpt lat="-7.14968797" lon="107.83592854"></trkpt>
  <trkpt lat="-7.14966735" lon="107.83592854"></trkpt>
  <trkpt lat="-7.14966735" lon="107.83594907"></trkpt>
  <trkpt lat="-7.14966735" lon="107.83596961"></trkpt>
  <trkpt lat="-7.14964681" lon="107.83601076"></trkpt>
  <trkpt lat="-7.14966735" lon="107.83603130"></trkpt>
  <trkpt lat="-7.14964681" lon="107.83607237"></trkpt>
  <trkpt lat="-7.14964681" lon="107.83609299"></trkpt>
  <trkpt lat="-7.14962628" lon="107.83613406"></trkpt>
  <trkpt lat="-7.14960574" lon="107.83615468"></trkpt>
  <trkpt lat="-7.14960574" lon="107.83619575"></trkpt>
  <trkpt lat="-7.14958512" lon="107.83621629"></trkpt>
  <trkpt lat="-7.14956459" lon="107.83621629"></trkpt>
  <trkpt lat="-7.14950290" lon="107.83623691"></trkpt>
  <trkpt lat="-7.14946182" lon="107.83625744"></trkpt>
  <trkpt lat="-7.14946182" lon="107.83627798"></trkpt>
  <trkpt lat="-7.14942067" lon="107.83623691"></trkpt>
  <trkpt lat="-7.14935898" lon="107.83621629"></trkpt>
  <trkpt lat="-7.14927675" lon="107.83623691"></trkpt>
  <trkpt lat="-7.14921506" lon="107.83621629"></trkpt>
  <trkpt lat="-7.14915337" lon="107.83625744"></trkpt>
  <trkpt lat="-7.14907114" lon="107.83625744"></trkpt>
  <trkpt lat="-7.14900954" lon="107.83627798"></trkpt>
  <trkpt lat="-7.14896838" lon="107.83631913"></trkpt>
  <trkpt lat="-7.14894785" lon="107.83640136"></trkpt>
  <trkpt lat="-7.14886562" lon="107.83646297"></trkpt>
  <trkpt lat="-7.14876277" lon="107.83650412"></trkpt>
  <trkpt lat="-7.14868055" lon="107.83654528"></trkpt>
  <trkpt lat="-7.14861886" lon="107.83658635"></trkpt>
  <trkpt lat="-7.14853663" lon="107.83666858"></trkpt>
  <trkpt lat="-7.14847494" lon="107.83670973"></trkpt>
  <trkpt lat="-7.14839271" lon="107.83679196"></trkpt>
  <trkpt lat="-7.14831049" lon="107.83687544"></trkpt>
  <trkpt lat="-7.14822826" lon="107.83693713"></trkpt>
  <trkpt lat="-7.14820772" lon="107.83695767"></trkpt>
  <trkpt lat="-7.14816657" lon="107.83699882"></trkpt>
  <trkpt lat="-7.14808434" lon="107.83708105"></trkpt>
  <trkpt lat="-7.14804319" lon="107.83712212"></trkpt>
  <trkpt lat="-7.14800212" lon="107.83716328"></trkpt>
  <trkpt lat="-7.14798158" lon="107.83720435"></trkpt>
  <trkpt lat="-7.14796096" lon="107.83722497"></trkpt>
  <trkpt lat="-7.14791989" lon="107.83728657"></trkpt>
  <trkpt lat="-7.14787873" lon="107.83734826"></trkpt>
  <trkpt lat="-7.14787873" lon="107.83740995"></trkpt>
  <trkpt lat="-7.14787873" lon="107.83745111"></trkpt>
  <trkpt lat="-7.14785820" lon="107.83749218"></trkpt>
  <trkpt lat="-7.14783766" lon="107.83753334"></trkpt>
  <trkpt lat="-7.14783766" lon="107.83755387"></trkpt>
  <trkpt lat="-7.14783766" lon="107.83757441"></trkpt>
  <trkpt lat="-7.14781704" lon="107.83759494"></trkpt>
  <trkpt lat="-7.14779651" lon="107.83763610"></trkpt>
  <trkpt lat="-7.14779651" lon="107.83765663"></trkpt>
  <trkpt lat="-7.14781704" lon="107.83767717"></trkpt>
  <trkpt lat="-7.14783766" lon="107.83769779"></trkpt>
  <trkpt lat="-7.14783766" lon="107.83771832"></trkpt>
  <trkpt lat="-7.14785820" lon="107.83771832"></trkpt>
  <trkpt lat="-7.14785820" lon="107.83773886"></trkpt>
  <trkpt lat="-7.14785820" lon="107.83778002"></trkpt>
  <trkpt lat="-7.14783766" lon="107.83780055"></trkpt>
  <trkpt lat="-7.14783766" lon="107.83782109"></trkpt>
  <trkpt lat="-7.14783766" lon="107.83784171"></trkpt>
  <trkpt lat="-7.14783766" lon="107.83786224"></trkpt>
  <trkpt lat="-7.14783766" lon="107.83788278"></trkpt>
  <trkpt lat="-7.14783766" lon="107.83792393"></trkpt>
  <trkpt lat="-7.14785820" lon="107.83796500"></trkpt>
  <trkpt lat="-7.14785820" lon="107.83800616"></trkpt>
  <trkpt lat="-7.14787873" lon="107.83802669"></trkpt>
  <trkpt lat="-7.14791989" lon="107.83808839"></trkpt>
  <trkpt lat="-7.14794043" lon="107.83810892"></trkpt>
  <trkpt lat="-7.14796096" lon="107.83814999"></trkpt>
  <trkpt lat="-7.14794043" lon="107.83819115"></trkpt>
  <trkpt lat="-7.14791989" lon="107.83821168"></trkpt>
  <trkpt lat="-7.14789927" lon="107.83821168"></trkpt>
  <trkpt lat="-7.14787873" lon="107.83823230"></trkpt>
  <trkpt lat="-7.14787873" lon="107.83827337"></trkpt>
  <trkpt lat="-7.14794043" lon="107.83833507"></trkpt>
  <trkpt lat="-7.14791989" lon="107.83837614"></trkpt>
  <trkpt lat="-7.14789927" lon="107.83841729"></trkpt>
  <trkpt lat="-7.14791989" lon="107.83845836"></trkpt>
  <trkpt lat="-7.14791989" lon="107.83847898"></trkpt>
  <trkpt lat="-7.14791989" lon="107.83852005"></trkpt>
  <trkpt lat="-7.14794043" lon="107.83852005"></trkpt>
  <trkpt lat="-7.14791989" lon="107.83856121"></trkpt>
  <trkpt lat="-7.14785820" lon="107.83856121"></trkpt>
  <trkpt lat="-7.14781704" lon="107.83858174"></trkpt>
  <trkpt lat="-7.14779651" lon="107.83860228"></trkpt>
  <trkpt lat="-7.14775535" lon="107.83862290"></trkpt>
  <trkpt lat="-7.14769375" lon="107.83864344"></trkpt>
  <trkpt lat="-7.14765259" lon="107.83870513"></trkpt>
  <trkpt lat="-7.14761152" lon="107.83874620"></trkpt>
  <trkpt lat="-7.14761152" lon="107.83880789"></trkpt>
  <trkpt lat="-7.14757036" lon="107.83882842"></trkpt>
  <trkpt lat="-7.14752921" lon="107.83880789"></trkpt>
  <trkpt lat="-7.14750867" lon="107.83884896"></trkpt>
  <trkpt lat="-7.14744698" lon="107.83891065"></trkpt>
  <trkpt lat="-7.14746760" lon="107.83893127"></trkpt>
  <trkpt lat="-7.14742645" lon="107.83895181"></trkpt>
  <trkpt lat="-7.14740591" lon="107.83893127"></trkpt>
  <trkpt lat="-7.14738529" lon="107.83895181"></trkpt>
  <trkpt lat="-7.14732368" lon="107.83897234"></trkpt>
  <trkpt lat="-7.14724146" lon="107.83903403"></trkpt>
  <trkpt lat="-7.14722084" lon="107.83905457"></trkpt>
  <trkpt lat="-7.14722084" lon="107.83909572"></trkpt>
  <trkpt lat="-7.14728253" lon="107.83911626"></trkpt>
  <trkpt lat="-7.14730307" lon="107.83917795"></trkpt>
  <trkpt lat="-7.14728253" lon="107.83926018"></trkpt>
  <trkpt lat="-7.14728253" lon="107.83930125"></trkpt>
  <trkpt lat="-7.14728253" lon="107.83934240"></trkpt>
  <trkpt lat="-7.14732368" lon="107.83938347"></trkpt>
  <trkpt lat="-7.14734422" lon="107.83938347"></trkpt>
  <trkpt lat="-7.14734422" lon="107.83944516"></trkpt>
  <trkpt lat="-7.14724146" lon="107.83946570"></trkpt>
  <trkpt lat="-7.14722084" lon="107.83952739"></trkpt>
  <trkpt lat="-7.14715915" lon="107.83956855"></trkpt>
  <trkpt lat="-7.14711808" lon="107.83956855"></trkpt>
  <trkpt lat="-7.14707692" lon="107.83954801"></trkpt>
  <trkpt lat="-7.14709754" lon="107.83960962"></trkpt>
  <trkpt lat="-7.14703585" lon="107.83965077"></trkpt>
  <trkpt lat="-7.14705639" lon="107.83965077"></trkpt>
  <trkpt lat="-7.14703585" lon="107.83973300"></trkpt>
  <trkpt lat="-7.14701523" lon="107.83975353"></trkpt>
  <trkpt lat="-7.14695362" lon="107.83977407"></trkpt>
  <trkpt lat="-7.14695362" lon="107.83981523"></trkpt>
  <trkpt lat="-7.14693300" lon="107.83985638"></trkpt>
  <trkpt lat="-7.14693300" lon="107.83987692"></trkpt>
  <trkpt lat="-7.14691247" lon="107.83987692"></trkpt>
  <trkpt lat="-7.14689193" lon="107.83993861"></trkpt>
  <trkpt lat="-7.14687140" lon="107.83995914"></trkpt>
  <trkpt lat="-7.14691247" lon="107.83997968"></trkpt>
  <trkpt lat="-7.14691247" lon="107.84004137"></trkpt>
  <trkpt lat="-7.14687140" lon="107.84004137"></trkpt>
  <trkpt lat="-7.14685078" lon="107.84002083"></trkpt>
  <trkpt lat="-7.14687140" lon="107.84004137"></trkpt>
  <trkpt lat="-7.14685078" lon="107.84006190"></trkpt>
  <trkpt lat="-7.14678909" lon="107.84012360"></trkpt>
  <trkpt lat="-7.14670686" lon="107.84016475"></trkpt>
  <trkpt lat="-7.14668632" lon="107.84018529"></trkpt>
  <trkpt lat="-7.14666579" lon="107.84020582"></trkpt>
  <trkpt lat="-7.14668632" lon="107.84020582"></trkpt>
  <trkpt lat="-7.14662463" lon="107.84028805"></trkpt>
  <trkpt lat="-7.14662463" lon="107.84034974"></trkpt>
  <trkpt lat="-7.14658356" lon="107.84049366"></trkpt>
  <trkpt lat="-7.14660410" lon="107.84055526"></trkpt>
  <trkpt lat="-7.14660410" lon="107.84057588"></trkpt>
  <trkpt lat="-7.14662463" lon="107.84057588"></trkpt>
  <trkpt lat="-7.14666579" lon="107.84057588"></trkpt>
  <trkpt lat="-7.14670686" lon="107.84059642"></trkpt>
  <trkpt lat="-7.14670686" lon="107.84061695"></trkpt>
  <trkpt lat="-7.14672748" lon="107.84061695"></trkpt>
  <trkpt lat="-7.14672748" lon="107.84063757"></trkpt>
  <trkpt lat="-7.14670686" lon="107.84065811"></trkpt>
  <trkpt lat="-7.14668632" lon="107.84067865"></trkpt>
  <trkpt lat="-7.14664517" lon="107.84069918"></trkpt>
  <trkpt lat="-7.14660410" lon="107.84071980"></trkpt>
  <trkpt lat="-7.14656294" lon="107.84078141"></trkpt>
  <trkpt lat="-7.14654241" lon="107.84080203"></trkpt>
  <trkpt lat="-7.14650125" lon="107.84088425"></trkpt>
  <trkpt lat="-7.14646018" lon="107.84092532"></trkpt>
  <trkpt lat="-7.14641903" lon="107.84096648"></trkpt>
  <trkpt lat="-7.14639849" lon="107.84100755"></trkpt>
  <trkpt lat="-7.14633680" lon="107.84104871"></trkpt>
  <trkpt lat="-7.14635742" lon="107.84111040"></trkpt>
  <trkpt lat="-7.14633680" lon="107.84115147"></trkpt>
  <trkpt lat="-7.14631626" lon="107.84119262"></trkpt>
  <trkpt lat="-7.14627511" lon="107.84123369"></trkpt>
  <trkpt lat="-7.14625457" lon="107.84125423"></trkpt>
  <trkpt lat="-7.14621350" lon="107.84127485"></trkpt>
  <trkpt lat="-7.14617235" lon="107.84131592"></trkpt>
  <trkpt lat="-7.14619288" lon="107.84139815"></trkpt>
  <trkpt lat="-7.14615181" lon="107.84139815"></trkpt>
  <trkpt lat="-7.14615181" lon="107.84141877"></trkpt>
  <trkpt lat="-7.14613119" lon="107.84145984"></trkpt>
  <trkpt lat="-7.14611066" lon="107.84152153"></trkpt>
  <trkpt lat="-7.14611066" lon="107.84158322"></trkpt>
  <trkpt lat="-7.14606958" lon="107.84164491"></trkpt>
  <trkpt lat="-7.14604896" lon="107.84168598"></trkpt>
  <trkpt lat="-7.14602843" lon="107.84170652"></trkpt>
  <trkpt lat="-7.14600789" lon="107.84178874"></trkpt>
  <trkpt lat="-7.14598736" lon="107.84185044"></trkpt>
  <trkpt lat="-7.14598736" lon="107.84187097"></trkpt>
  <trkpt lat="-7.14596674" lon="107.84193266"></trkpt>
  <trkpt lat="-7.14596674" lon="107.84195328"></trkpt>
  <trkpt lat="-7.14592567" lon="107.84201489"></trkpt>
  <trkpt lat="-7.14590505" lon="107.84205604"></trkpt>
 </trkseg>
</trk>
<trk>
 <name>12 007</name>
 <trkseg>
  <trkpt lat="-7.14588451" lon="107.84207658"></trkpt>
  <trkpt lat="-7.14584344" lon="107.84215881"></trkpt>
  <trkpt lat="-7.14569952" lon="107.84224103"></trkpt>
  <trkpt lat="-7.14567890" lon="107.84224103"></trkpt>
  <trkpt lat="-7.14565837" lon="107.84224103"></trkpt>
  <trkpt lat="-7.14559668" lon="107.84222050"></trkpt>
  <trkpt lat="-7.14553499" lon="107.84219996"></trkpt>
  <trkpt lat="-7.14549392" lon="107.84217934"></trkpt>
  <trkpt lat="-7.14545276" lon="107.84217934"></trkpt>
  <trkpt lat="-7.14543222" lon="107.84209711"></trkpt>
  <trkpt lat="-7.14541169" lon="107.84205604"></trkpt>
  <trkpt lat="-7.14539107" lon="107.84201489"></trkpt>
  <trkpt lat="-7.14537053" lon="107.84197382"></trkpt>
  <trkpt lat="-7.14535000" lon="107.84193266"></trkpt>
  <trkpt lat="-7.14535000" lon="107.84189159"></trkpt>
  <trkpt lat="-7.14532946" lon="107.84182990"></trkpt>
  <trkpt lat="-7.14530884" lon="107.84180936"></trkpt>
  <trkpt lat="-7.14524715" lon="107.84168598"></trkpt>
  <trkpt lat="-7.14522662" lon="107.84162429"></trkpt>
  <trkpt lat="-7.14520608" lon="107.84160376"></trkpt>
  <trkpt lat="-7.14520608" lon="107.84156260"></trkpt>
  <trkpt lat="-7.14518555" lon="107.84152153"></trkpt>
  <trkpt lat="-7.14518555" lon="107.84150099"></trkpt>
  <trkpt lat="-7.14518555" lon="107.84145984"></trkpt>
  <trkpt lat="-7.14516493" lon="107.84145984"></trkpt>
  <trkpt lat="-7.14512385" lon="107.84139815"></trkpt>
  <trkpt lat="-7.14512385" lon="107.84135708"></trkpt>
  <trkpt lat="-7.14512385" lon="107.84133654"></trkpt>
  <trkpt lat="-7.14510332" lon="107.84129539"></trkpt>
  <trkpt lat="-7.14510332" lon="107.84127485"></trkpt>
  <trkpt lat="-7.14510332" lon="107.84123369"></trkpt>
  <trkpt lat="-7.14504163" lon="107.84119262"></trkpt>
  <trkpt lat="-7.14504163" lon="107.84117200"></trkpt>
  <trkpt lat="-7.14500047" lon="107.84115147"></trkpt>
  <trkpt lat="-7.14495940" lon="107.84117200"></trkpt>
  <trkpt lat="-7.14491825" lon="107.84119262"></trkpt>
  <trkpt lat="-7.14489771" lon="107.84119262"></trkpt>
  <trkpt lat="-7.14487709" lon="107.84121316"></trkpt>
  <trkpt lat="-7.14481548" lon="107.84123369"></trkpt>
  <trkpt lat="-7.14477433" lon="107.84125423"></trkpt>
  <trkpt lat="-7.14477433" lon="107.84127485"></trkpt>
  <trkpt lat="-7.14473326" lon="107.84129539"></trkpt>
  <trkpt lat="-7.14473326" lon="107.84131592"></trkpt>
  <trkpt lat="-7.14471264" lon="107.84135708"></trkpt>
  <trkpt lat="-7.14467157" lon="107.84139815"></trkpt>
  <trkpt lat="-7.14460988" lon="107.84139815"></trkpt>
  <trkpt lat="-7.14458934" lon="107.84139815"></trkpt>
  <trkpt lat="-7.14454819" lon="107.84141877"></trkpt>
  <trkpt lat="-7.14450703" lon="107.84143930"></trkpt>
  <trkpt lat="-7.14444542" lon="107.84145984"></trkpt>
  <trkpt lat="-7.14434258" lon="107.84148037"></trkpt>
  <trkpt lat="-7.14430151" lon="107.84148037"></trkpt>
  <trkpt lat="-7.14421928" lon="107.84152153"></trkpt>
  <trkpt lat="-7.14417812" lon="107.84154207"></trkpt>
  <trkpt lat="-7.14413697" lon="107.84154207"></trkpt>
  <trkpt lat="-7.14411643" lon="107.84156260"></trkpt>
 </trkseg>
</trk>
<trk>
 <name>31 002</name>
 <trkseg>
  <trkpt lat="-7.14473326" lon="107.84353620"></trkpt>
  <trkpt lat="-7.14475379" lon="107.84349505"></trkpt>
  <trkpt lat="-7.14475379" lon="107.84345398"></trkpt>
  <trkpt lat="-7.14473326" lon="107.84343344"></trkpt>
  <trkpt lat="-7.14471264" lon="107.84341282"></trkpt>
  <trkpt lat="-7.14469210" lon="107.84339229"></trkpt>
  <trkpt lat="-7.14467157" lon="107.84337175"></trkpt>
  <trkpt lat="-7.14465095" lon="107.84337175"></trkpt>
  <trkpt lat="-7.14465095" lon="107.84335122"></trkpt>
  <trkpt lat="-7.14463041" lon="107.84335122"></trkpt>
  <trkpt lat="-7.14465095" lon="107.84335122"></trkpt>
  <trkpt lat="-7.14465095" lon="107.84333060"></trkpt>
  <trkpt lat="-7.14463041" lon="107.84331006"></trkpt>
  <trkpt lat="-7.14460988" lon="107.84331006"></trkpt>
  <trkpt lat="-7.14458934" lon="107.84328952"></trkpt>
  <trkpt lat="-7.14458934" lon="107.84326890"></trkpt>
  <trkpt lat="-7.14460988" lon="107.84326890"></trkpt>
  <trkpt lat="-7.14458934" lon="107.84324837"></trkpt>
  <trkpt lat="-7.14456872" lon="107.84322783"></trkpt>
  <trkpt lat="-7.14454819" lon="107.84318668"></trkpt>
  <trkpt lat="-7.14450703" lon="107.84314561"></trkpt>
  <trkpt lat="-7.14452765" lon="107.84312507"></trkpt>
  <trkpt lat="-7.14452765" lon="107.84310445"></trkpt>
  <trkpt lat="-7.14452765" lon="107.84306338"></trkpt>
  <trkpt lat="-7.14448649" lon="107.84300169"></trkpt>
  <trkpt lat="-7.14446596" lon="107.84294000"></trkpt>
  <trkpt lat="-7.14442480" lon="107.84289893"></trkpt>
  <trkpt lat="-7.14440427" lon="107.84283724"></trkpt>
  <trkpt lat="-7.14438373" lon="107.84285777"></trkpt>
  <trkpt lat="-7.14432204" lon="107.84283724"></trkpt>
  <trkpt lat="-7.14430151" lon="107.84285777"></trkpt>
  <trkpt lat="-7.14428089" lon="107.84281670"></trkpt>
  <trkpt lat="-7.14421928" lon="107.84275501"></trkpt>
  <trkpt lat="-7.14423981" lon="107.84273447"></trkpt>
  <trkpt lat="-7.14419866" lon="107.84269332"></trkpt>
  <trkpt lat="-7.14415759" lon="107.84261109"></trkpt>
  <trkpt lat="-7.14413697" lon="107.84257002"></trkpt>
  <trkpt lat="-7.14411643" lon="107.84257002"></trkpt>
  <trkpt lat="-7.14411643" lon="107.84254940"></trkpt>
  <trkpt lat="-7.14411643" lon="107.84252887"></trkpt>
  <trkpt lat="-7.14413697" lon="107.84250833"></trkpt>
  <trkpt lat="-7.14413697" lon="107.84248771"></trkpt>
  <trkpt lat="-7.14413697" lon="107.84244664"></trkpt>
  <trkpt lat="-7.14413697" lon="107.84242610"></trkpt>
  <trkpt lat="-7.14409590" lon="107.84238495"></trkpt>
  <trkpt lat="-7.14407536" lon="107.84238495"></trkpt>
  <trkpt lat="-7.14403421" lon="107.84236441"></trkpt>
  <trkpt lat="-7.14401367" lon="107.84234388"></trkpt>
  <trkpt lat="-7.14401367" lon="107.84232326"></trkpt>
  <trkpt lat="-7.14401367" lon="107.84230272"></trkpt>
  <trkpt lat="-7.14399305" lon="107.84230272"></trkpt>
  <trkpt lat="-7.14397252" lon="107.84230272"></trkpt>
  <trkpt lat="-7.14395198" lon="107.84228219"></trkpt>
  <trkpt lat="-7.14397252" lon="107.84228219"></trkpt>
  <trkpt lat="-7.14397252" lon="107.84226165"></trkpt>
  <trkpt lat="-7.14397252" lon="107.84222050"></trkpt>
  <trkpt lat="-7.14395198" lon="107.84217934"></trkpt>
  <trkpt lat="-7.14393144" lon="107.84217934"></trkpt>
  <trkpt lat="-7.14395198" lon="107.84215881"></trkpt>
  <trkpt lat="-7.14393144" lon="107.84211773"></trkpt>
  <trkpt lat="-7.14391083" lon="107.84209711"></trkpt>
  <trkpt lat="-7.14391083" lon="107.84207658"></trkpt>
  <trkpt lat="-7.14393144" lon="107.84205604"></trkpt>
  <trkpt lat="-7.14391083" lon="107.84203551"></trkpt>
  <trkpt lat="-7.14386975" lon="107.84199435"></trkpt>
  <trkpt lat="-7.14384922" lon="107.84195328"></trkpt>
  <trkpt lat="-7.14382860" lon="107.84191213"></trkpt>
  <trkpt lat="-7.14380806" lon="107.84187097"></trkpt>
  <trkpt lat="-7.14380806" lon="107.84185044"></trkpt>
  <trkpt lat="-7.14382860" lon="107.84182990"></trkpt>
  <trkpt lat="-7.14384922" lon="107.84180936"></trkpt>
  <trkpt lat="-7.14384922" lon="107.84178874"></trkpt>
  <trkpt lat="-7.14386975" lon="107.84178874"></trkpt>
  <trkpt lat="-7.14386975" lon="107.84176821"></trkpt>
  <trkpt lat="-7.14384922" lon="107.84174767"></trkpt>
  <trkpt lat="-7.14384922" lon="107.84172714"></trkpt>
  <trkpt lat="-7.14384922" lon="107.84170652"></trkpt>
  <trkpt lat="-7.14384922" lon="107.84168598"></trkpt>
  <trkpt lat="-7.14384922" lon="107.84166545"></trkpt>
  <trkpt lat="-7.14382860" lon="107.84164491"></trkpt>
  <trkpt lat="-7.14382860" lon="107.84162429"></trkpt>
  <trkpt lat="-7.14382860" lon="107.84164491"></trkpt>
  <trkpt lat="-7.14382860" lon="107.84162429"></trkpt>
  <trkpt lat="-7.14380806" lon="107.84164491"></trkpt>
  <trkpt lat="-7.14376691" lon="107.84164491"></trkpt>
  <trkpt lat="-7.14368468" lon="107.84164491"></trkpt>
  <trkpt lat="-7.14364361" lon="107.84164491"></trkpt>
  <trkpt lat="-7.14360246" lon="107.84162429"></trkpt>
  <trkpt lat="-7.14358192" lon="107.84162429"></trkpt>
 </trkseg>
</trk>
<trk>
 <name>5 012</name>
 <trkseg>
  <trkpt lat="-7.14421928" lon="107.84474915"></trkpt>
  <trkpt lat="-7.14423981" lon="107.84472853"></trkpt>
  <trkpt lat="-7.14423981" lon="107.84470799"></trkpt>
  <trkpt lat="-7.14426035" lon="107.84470799"></trkpt>
  <trkpt lat="-7.14428089" lon="107.84470799"></trkpt>
  <trkpt lat="-7.14432204" lon="107.84468746"></trkpt>
  <trkpt lat="-7.14438373" lon="107.84470799"></trkpt>
  <trkpt lat="-7.14440427" lon="107.84470799"></trkpt>
  <trkpt lat="-7.14446596" lon="107.84468746"></trkpt>
  <trkpt lat="-7.14448649" lon="107.84470799"></trkpt>
  <trkpt lat="-7.14452765" lon="107.84470799"></trkpt>
  <trkpt lat="-7.14456872" lon="107.84470799"></trkpt>
  <trkpt lat="-7.14463041" lon="107.84476968"></trkpt>
  <trkpt lat="-7.14469210" lon="107.84474915"></trkpt>
  <trkpt lat="-7.14473326" lon="107.84476968"></trkpt>
  <trkpt lat="-7.14475379" lon="107.84476968"></trkpt>
  <trkpt lat="-7.14483602" lon="107.84479022"></trkpt>
  <trkpt lat="-7.14485656" lon="107.84479022"></trkpt>
  <trkpt lat="-7.14487709" lon="107.84479022"></trkpt>
  <trkpt lat="-7.14489771" lon="107.84476968"></trkpt>
  <trkpt lat="-7.14495940" lon="107.84476968"></trkpt>
  <trkpt lat="-7.14500047" lon="107.84476968"></trkpt>
  <trkpt lat="-7.14502101" lon="107.84474915"></trkpt>
  <trkpt lat="-7.14504163" lon="107.84474915"></trkpt>
  <trkpt lat="-7.14506216" lon="107.84474915"></trkpt>
  <trkpt lat="-7.14508270" lon="107.84472853"></trkpt>
  <trkpt lat="-7.14514439" lon="107.84464630"></trkpt>
  <trkpt lat="-7.14516493" lon="107.84462577"></trkpt>
  <trkpt lat="-7.14518555" lon="107.84460523"></trkpt>
  <trkpt lat="-7.14522662" lon="107.84460523"></trkpt>
  <trkpt lat="-7.14526777" lon="107.84460523"></trkpt>
  <trkpt lat="-7.14530884" lon="107.84458461"></trkpt>
  <trkpt lat="-7.14530884" lon="107.84456408"></trkpt>
  <trkpt lat="-7.14532946" lon="107.84454354"></trkpt>
  <trkpt lat="-7.14537053" lon="107.84448185"></trkpt>
  <trkpt lat="-7.14543222" lon="107.84439962"></trkpt>
  <trkpt lat="-7.14549392" lon="107.84435847"></trkpt>
  <trkpt lat="-7.14553499" lon="107.84429686"></trkpt>
  <trkpt lat="-7.14555561" lon="107.84425571"></trkpt>
  <trkpt lat="-7.14559668" lon="107.84421463"></trkpt>
  <trkpt lat="-7.14561730" lon="107.84421463"></trkpt>
  <trkpt lat="-7.14565837" lon="107.84423517"></trkpt>
  <trkpt lat="-7.14572006" lon="107.84421463"></trkpt>
  <trkpt lat="-7.14578175" lon="107.84419402"></trkpt>
 </trkseg>
</trk>
<trk>
 <name>Track 111</name>
 <trkseg>
  <trkpt lat="-7.14530884" lon="107.84458461"></trkpt>
  <trkpt lat="-7.14528831" lon="107.84456408"></trkpt>
  <trkpt lat="-7.14524715" lon="107.84454354"></trkpt>
  <trkpt lat="-7.14518555" lon="107.84452301"></trkpt>
  <trkpt lat="-7.14502101" lon="107.84439962"></trkpt>
  <trkpt lat="-7.14491825" lon="107.84431740"></trkpt>
  <trkpt lat="-7.14483602" lon="107.84423517"></trkpt>
  <trkpt lat="-7.14481548" lon="107.84419402"></trkpt>
  <trkpt lat="-7.14475379" lon="107.84413241"></trkpt>
  <trkpt lat="-7.14473326" lon="107.84409125"></trkpt>
  <trkpt lat="-7.14471264" lon="107.84394734"></trkpt>
  <trkpt lat="-7.14469210" lon="107.84386511"></trkpt>
  <trkpt lat="-7.14471264" lon="107.84380342"></trkpt>
  <trkpt lat="-7.14471264" lon="107.84374181"></trkpt>
  <trkpt lat="-7.14471264" lon="107.84368012"></trkpt>
  <trkpt lat="-7.14473326" lon="107.84359789"></trkpt>
  <trkpt lat="-7.14473326" lon="107.84351567"></trkpt>
  <trkpt lat="-7.14479486" lon="107.84347451"></trkpt>
  <trkpt lat="-7.14485656" lon="107.84347451"></trkpt>
  <trkpt lat="-7.14491825" lon="107.84345398"></trkpt>
  <trkpt lat="-7.14508270" lon="107.84345398"></trkpt>
  <trkpt lat="-7.14522662" lon="107.84341282"></trkpt>
  <trkpt lat="-7.14530884" lon="107.84335122"></trkpt>
  <trkpt lat="-7.14530884" lon="107.84333060"></trkpt>
  <trkpt lat="-7.14532946" lon="107.84331006"></trkpt>
  <trkpt lat="-7.14539107" lon="107.84331006"></trkpt>
  <trkpt lat="-7.14543222" lon="107.84328952"></trkpt>
  <trkpt lat="-7.14545276" lon="107.84326890"></trkpt>
  <trkpt lat="-7.14547338" lon="107.84326890"></trkpt>
  <trkpt lat="-7.14549392" lon="107.84324837"></trkpt>
  <trkpt lat="-7.14555561" lon="107.84316614"></trkpt>
  <trkpt lat="-7.14561730" lon="107.84310445"></trkpt>
  <trkpt lat="-7.14561730" lon="107.84306338"></trkpt>
  <trkpt lat="-7.14563783" lon="107.84304284"></trkpt>
  <trkpt lat="-7.14563783" lon="107.84302223"></trkpt>
  <trkpt lat="-7.14565837" lon="107.84302223"></trkpt>
  <trkpt lat="-7.14567890" lon="107.84300169"></trkpt>
  <trkpt lat="-7.14569952" lon="107.84294000"></trkpt>
  <trkpt lat="-7.14572006" lon="107.84289893"></trkpt>
  <trkpt lat="-7.14569952" lon="107.84283724"></trkpt>
  <trkpt lat="-7.14576113" lon="107.84273447"></trkpt>
  <trkpt lat="-7.14578175" lon="107.84271386"></trkpt>
  <trkpt lat="-7.14582282" lon="107.84267278"></trkpt>
  <trkpt lat="-7.14582282" lon="107.84265225"></trkpt>
  <trkpt lat="-7.14586398" lon="107.84261109"></trkpt>
  <trkpt lat="-7.14590505" lon="107.84252887"></trkpt>
  <trkpt lat="-7.14596674" lon="107.84246718"></trkpt>
  <trkpt lat="-7.14594620" lon="107.84236441"></trkpt>
  <trkpt lat="-7.14594620" lon="107.84234388"></trkpt>
  <trkpt lat="-7.14594620" lon="107.84230272"></trkpt>
  <trkpt lat="-7.14592567" lon="107.84224103"></trkpt>
  <trkpt lat="-7.14588451" lon="107.84215881"></trkpt>
  <trkpt lat="-7.14590505" lon="107.84205604"></trkpt>
 </trkseg>
</trk>
<trk>
 <name>Track 116</name>
 <trkseg>
  <trkpt lat="-7.19054262" lon="107.82001675"></trkpt>
  <trkpt lat="-7.19050147" lon="107.82001675"></trkpt>
  <trkpt lat="-7.19046040" lon="107.82001675"></trkpt>
  <trkpt lat="-7.19035755" lon="107.82003729"></trkpt>
  <trkpt lat="-7.19027532" lon="107.82005782"></trkpt>
  <trkpt lat="-7.19019310" lon="107.82009898"></trkpt>
  <trkpt lat="-7.19015194" lon="107.82014005"></trkpt>
  <trkpt lat="-7.19015194" lon="107.82016058"></trkpt>
  <trkpt lat="-7.19011087" lon="107.82024281"></trkpt>
  <trkpt lat="-7.19006971" lon="107.82028397"></trkpt>
  <trkpt lat="-7.19004918" lon="107.82030450"></trkpt>
  <trkpt lat="-7.18992580" lon="107.82038673"></trkpt>
  <trkpt lat="-7.18982304" lon="107.82040735"></trkpt>
  <trkpt lat="-7.18976134" lon="107.82044842"></trkpt>
  <trkpt lat="-7.18965858" lon="107.82048957"></trkpt>
  <trkpt lat="-7.18959689" lon="107.82053065"></trkpt>
  <trkpt lat="-7.18955574" lon="107.82055118"></trkpt>
  <trkpt lat="-7.18951466" lon="107.82057180"></trkpt>
  <trkpt lat="-7.18935013" lon="107.82073625"></trkpt>
  <trkpt lat="-7.18922683" lon="107.82085955"></trkpt>
  <trkpt lat="-7.18914460" lon="107.82098293"></trkpt>
  <trkpt lat="-7.18908291" lon="107.82104462"></trkpt>
  <trkpt lat="-7.18906238" lon="107.82108570"></trkpt>
  <trkpt lat="-7.18902122" lon="107.82108570"></trkpt>
  <trkpt lat="-7.18891846" lon="107.82100347"></trkpt>
  <trkpt lat="-7.18889784" lon="107.82098293"></trkpt>
  <trkpt lat="-7.18883615" lon="107.82096240"></trkpt>
  <trkpt lat="-7.18879508" lon="107.82096240"></trkpt>
  <trkpt lat="-7.18877454" lon="107.82096240"></trkpt>
  <trkpt lat="-7.18865116" lon="107.82094178"></trkpt>
  <trkpt lat="-7.18861001" lon="107.82094178"></trkpt>
  <trkpt lat="-7.18854840" lon="107.82090071"></trkpt>
  <trkpt lat="-7.18844555" lon="107.82081848"></trkpt>
  <trkpt lat="-7.18840448" lon="107.82075679"></trkpt>
  <trkpt lat="-7.18840448" lon="107.82079794"></trkpt>
  <trkpt lat="-7.18836333" lon="107.82088017"></trkpt>
  <trkpt lat="-7.18834279" lon="107.82092124"></trkpt>
  <trkpt lat="-7.18834279" lon="107.82102400"></trkpt>
  <trkpt lat="-7.18836333" lon="107.82104462"></trkpt>
  <trkpt lat="-7.18846609" lon="107.82114739"></trkpt>
  <trkpt lat="-7.18846609" lon="107.82116792"></trkpt>
  <trkpt lat="-7.18852778" lon="107.82122961"></trkpt>
  <trkpt lat="-7.18852778" lon="107.82133237"></trkpt>
  <trkpt lat="-7.18848671" lon="107.82139407"></trkpt>
  <trkpt lat="-7.18844555" lon="107.82145576"></trkpt>
  <trkpt lat="-7.18840448" lon="107.82149691"></trkpt>
  <trkpt lat="-7.18830164" lon="107.82151745"></trkpt>
  <trkpt lat="-7.18826056" lon="107.82153798"></trkpt>
  <trkpt lat="-7.18823995" lon="107.82159967"></trkpt>
  <trkpt lat="-7.18821941" lon="107.82164074"></trkpt>
  <trkpt lat="-7.18809611" lon="107.82174359"></trkpt>
  <trkpt lat="-7.18799327" lon="107.82174359"></trkpt>
  <trkpt lat="-7.18797273" lon="107.82170244"></trkpt>
  <trkpt lat="-7.18795211" lon="107.82170244"></trkpt>
  <trkpt lat="-7.18795211" lon="107.82176413"></trkpt>
  <trkpt lat="-7.18799327" lon="107.82184635"></trkpt>
  <trkpt lat="-7.18799327" lon="107.82186689"></trkpt>
  <trkpt lat="-7.18801380" lon="107.82192858"></trkpt>
  <trkpt lat="-7.18801380" lon="107.82194912"></trkpt>
  <trkpt lat="-7.18799327" lon="107.82194912"></trkpt>
  <trkpt lat="-7.18795211" lon="107.82196973"></trkpt>
  <trkpt lat="-7.18780828" lon="107.82201081"></trkpt>
  <trkpt lat="-7.18776712" lon="107.82203134"></trkpt>
  <trkpt lat="-7.18764374" lon="107.82205196"></trkpt>
  <trkpt lat="-7.18758205" lon="107.82207250"></trkpt>
  <trkpt lat="-7.18743822" lon="107.82211365"></trkpt>
  <trkpt lat="-7.18737653" lon="107.82215472"></trkpt>
  <trkpt lat="-7.18741760" lon="107.82217526"></trkpt>
  <trkpt lat="-7.18743822" lon="107.82223695"></trkpt>
  <trkpt lat="-7.18739706" lon="107.82221641"></trkpt>
  <trkpt lat="-7.18737653" lon="107.82221641"></trkpt>
  <trkpt lat="-7.18733537" lon="107.82223695"></trkpt>
  <trkpt lat="-7.18731483" lon="107.82223695"></trkpt>
  <trkpt lat="-7.18733537" lon="107.82225749"></trkpt>
  <trkpt lat="-7.18733537" lon="107.82231918"></trkpt>
  <trkpt lat="-7.18729430" lon="107.82240140"></trkpt>
  <trkpt lat="-7.18729430" lon="107.82242194"></trkpt>
  <trkpt lat="-7.18733537" lon="107.82254532"></trkpt>
  <trkpt lat="-7.18733537" lon="107.82256586"></trkpt>
  <trkpt lat="-7.18731483" lon="107.82260701"></trkpt>
  <trkpt lat="-7.18721199" lon="107.82264808"></trkpt>
  <trkpt lat="-7.18708869" lon="107.82264808"></trkpt>
  <trkpt lat="-7.18696531" lon="107.82264808"></trkpt>
  <trkpt lat="-7.18686255" lon="107.82266870"></trkpt>
  <trkpt lat="-7.18684201" lon="107.82268924"></trkpt>
  <trkpt lat="-7.18682139" lon="107.82270977"></trkpt>
  <trkpt lat="-7.18684201" lon="107.82279200"></trkpt>
  <trkpt lat="-7.18684201" lon="107.82285369"></trkpt>
  <trkpt lat="-7.18688308" lon="107.82295645"></trkpt>
  <trkpt lat="-7.18690362" lon="107.82305930"></trkpt>
  <trkpt lat="-7.18690362" lon="107.82316206"></trkpt>
  <trkpt lat="-7.18690362" lon="107.82326482"></trkpt>
  <trkpt lat="-7.18690362" lon="107.82328544"></trkpt>
  <trkpt lat="-7.18673917" lon="107.82332651"></trkpt>
  <trkpt lat="-7.18665694" lon="107.82332651"></trkpt>
  <trkpt lat="-7.18661578" lon="107.82332651"></trkpt>
  <trkpt lat="-7.18651302" lon="107.82334705"></trkpt>
  <trkpt lat="-7.18645133" lon="107.82336767"></trkpt>
  <trkpt lat="-7.18634857" lon="107.82338820"></trkpt>
  <trkpt lat="-7.18630741" lon="107.82340874"></trkpt>
  <trkpt lat="-7.18618412" lon="107.82342936"></trkpt>
  <trkpt lat="-7.18614296" lon="107.82342936"></trkpt>
  <trkpt lat="-7.18604020" lon="107.82340874"></trkpt>
  <trkpt lat="-7.18597851" lon="107.82338820"></trkpt>
  <trkpt lat="-7.18595789" lon="107.82338820"></trkpt>
  <trkpt lat="-7.18593735" lon="107.82338820"></trkpt>
  <trkpt lat="-7.18583459" lon="107.82336767"></trkpt>
  <trkpt lat="-7.18577290" lon="107.82336767"></trkpt>
  <trkpt lat="-7.18567014" lon="107.82336767"></trkpt>
  <trkpt lat="-7.18558791" lon="107.82340874"></trkpt>
  <trkpt lat="-7.18552622" lon="107.82344989"></trkpt>
  <trkpt lat="-7.18552622" lon="107.82351159"></trkpt>
  <trkpt lat="-7.18556729" lon="107.82357319"></trkpt>
  <trkpt lat="-7.18558791" lon="107.82361435"></trkpt>
  <trkpt lat="-7.18560845" lon="107.82365542"></trkpt>
  <trkpt lat="-7.18560845" lon="107.82373765"></trkpt>
  <trkpt lat="-7.18560845" lon="107.82377880"></trkpt>
  <trkpt lat="-7.18558791" lon="107.82386103"></trkpt>
  <trkpt lat="-7.18558791" lon="107.82396379"></trkpt>
  <trkpt lat="-7.18558791" lon="107.82404602"></trkpt>
  <trkpt lat="-7.18558791" lon="107.82412824"></trkpt>
  <trkpt lat="-7.18558791" lon="107.82416940"></trkpt>
  <trkpt lat="-7.18562898" lon="107.82433385"></trkpt>
  <trkpt lat="-7.18571121" lon="107.82449830"></trkpt>
  <trkpt lat="-7.18575236" lon="107.82462168"></trkpt>
  <trkpt lat="-7.18573174" lon="107.82470391"></trkpt>
  <trkpt lat="-7.18567014" lon="107.82470391"></trkpt>
  <trkpt lat="-7.18552622" lon="107.82472445"></trkpt>
  <trkpt lat="-7.18546453" lon="107.82474498"></trkpt>
  <trkpt lat="-7.18544391" lon="107.82476560"></trkpt>
  <trkpt lat="-7.18542337" lon="107.82476560"></trkpt>
  <trkpt lat="-7.18540284" lon="107.82476560"></trkpt>
  <trkpt lat="-7.18538230" lon="107.82478614"></trkpt>
  <trkpt lat="-7.18534115" lon="107.82478614"></trkpt>
  <trkpt lat="-7.18532061" lon="107.82478614"></trkpt>
  <trkpt lat="-7.18523839" lon="107.82480667"></trkpt>
  <trkpt lat="-7.18513554" lon="107.82482721"></trkpt>
  <trkpt lat="-7.18501224" lon="107.82484783"></trkpt>
  <trkpt lat="-7.18495055" lon="107.82486836"></trkpt>
  <trkpt lat="-7.18482717" lon="107.82488890"></trkpt>
  <trkpt lat="-7.18476548" lon="107.82488890"></trkpt>
  <trkpt lat="-7.18468325" lon="107.82490952"></trkpt>
  <trkpt lat="-7.18462156" lon="107.82493006"></trkpt>
  <trkpt lat="-7.18455987" lon="107.82497113"></trkpt>
  <trkpt lat="-7.18447764" lon="107.82499175"></trkpt>
  <trkpt lat="-7.18439542" lon="107.82503282"></trkpt>
  <trkpt lat="-7.18429266" lon="107.82505335"></trkpt>
  <trkpt lat="-7.18427212" lon="107.82505335"></trkpt>
  <trkpt lat="-7.18416927" lon="107.82507397"></trkpt>
  <trkpt lat="-7.18410758" lon="107.82509451"></trkpt>
  <trkpt lat="-7.18408705" lon="107.82507397"></trkpt>
  <trkpt lat="-7.18404598" lon="107.82509451"></trkpt>
  <trkpt lat="-7.18398429" lon="107.82511504"></trkpt>
  <trkpt lat="-7.18396367" lon="107.82511504"></trkpt>
  <trkpt lat="-7.18390206" lon="107.82513558"></trkpt>
  <trkpt lat="-7.18377868" lon="107.82513558"></trkpt>
  <trkpt lat="-7.18377868" lon="107.82515620"></trkpt>
  <trkpt lat="-7.18373752" lon="107.82517673"></trkpt>
  <trkpt lat="-7.18365530" lon="107.82523843"></trkpt>
  <trkpt lat="-7.18363476" lon="107.82538234"></trkpt>
  <trkpt lat="-7.18355253" lon="107.82544395"></trkpt>
  <trkpt lat="-7.18344977" lon="107.82548510"></trkpt>
  <trkpt lat="-7.18340862" lon="107.82550564"></trkpt>
  <trkpt lat="-7.18334693" lon="107.82550564"></trkpt>
  <trkpt lat="-7.18322354" lon="107.82554680"></trkpt>
  <trkpt lat="-7.18320301" lon="107.82554680"></trkpt>
  <trkpt lat="-7.18307963" lon="107.82556733"></trkpt>
  <trkpt lat="-7.18297686" lon="107.82556733"></trkpt>
  <trkpt lat="-7.18291517" lon="107.82556733"></trkpt>
  <trkpt lat="-7.18279188" lon="107.82556733"></trkpt>
  <trkpt lat="-7.18268903" lon="107.82556733"></trkpt>
  <trkpt lat="-7.18258627" lon="107.82556733"></trkpt>
  <trkpt lat="-7.18248342" lon="107.82558787"></trkpt>
  <trkpt lat="-7.18242181" lon="107.82558787"></trkpt>
  <trkpt lat="-7.18233950" lon="107.82560849"></trkpt>
  <trkpt lat="-7.18225728" lon="107.82564956"></trkpt>
  <trkpt lat="-7.18221621" lon="107.82571125"></trkpt>
  <trkpt lat="-7.18215452" lon="107.82579347"></trkpt>
  <trkpt lat="-7.18213398" lon="107.82579347"></trkpt>
  <trkpt lat="-7.18205167" lon="107.82587570"></trkpt>
  <trkpt lat="-7.18201060" lon="107.82589624"></trkpt>
  <trkpt lat="-7.18188722" lon="107.82593739"></trkpt>
  <trkpt lat="-7.18186668" lon="107.82593739"></trkpt>
  <trkpt lat="-7.18184615" lon="107.82595793"></trkpt>
  <trkpt lat="-7.18174330" lon="107.82601962"></trkpt>
  <trkpt lat="-7.18170223" lon="107.82606069"></trkpt>
  <trkpt lat="-7.18164054" lon="107.82608131"></trkpt>
  <trkpt lat="-7.18159938" lon="107.82608131"></trkpt>
  <trkpt lat="-7.18145547" lon="107.82614292"></trkpt>
  <trkpt lat="-7.18137324" lon="107.82616354"></trkpt>
  <trkpt lat="-7.18133217" lon="107.82616354"></trkpt>
  <trkpt lat="-7.18124994" lon="107.82620461"></trkpt>
  <trkpt lat="-7.18120879" lon="107.82620461"></trkpt>
  <trkpt lat="-7.18116763" lon="107.82620461"></trkpt>
  <trkpt lat="-7.18114709" lon="107.82622523"></trkpt>
  <trkpt lat="-7.18108540" lon="107.82624576"></trkpt>
  <trkpt lat="-7.18106487" lon="107.82624576"></trkpt>
  <trkpt lat="-7.18098264" lon="107.82624576"></trkpt>
  <trkpt lat="-7.18083872" lon="107.82624576"></trkpt>
  <trkpt lat="-7.18081819" lon="107.82622523"></trkpt>
  <trkpt lat="-7.18075650" lon="107.82624576"></trkpt>
  <trkpt lat="-7.18059205" lon="107.82626630"></trkpt>
  <trkpt lat="-7.18048920" lon="107.82626630"></trkpt>
  <trkpt lat="-7.18038644" lon="107.82628683"></trkpt>
  <trkpt lat="-7.18028367" lon="107.82630745"></trkpt>
  <trkpt lat="-7.18024252" lon="107.82632799"></trkpt>
  <trkpt lat="-7.18018083" lon="107.82634852"></trkpt>
  <trkpt lat="-7.18011914" lon="107.82641022"></trkpt>
  <trkpt lat="-7.18001638" lon="107.82647191"></trkpt>
  <trkpt lat="-7.17995469" lon="107.82653351"></trkpt>
  <trkpt lat="-7.17989299" lon="107.82657467"></trkpt>
  <trkpt lat="-7.17989299" lon="107.82665689"></trkpt>
  <trkpt lat="-7.17987246" lon="107.82671859"></trkpt>
  <trkpt lat="-7.17985192" lon="107.82678028"></trkpt>
  <trkpt lat="-7.17979023" lon="107.82688304"></trkpt>
  <trkpt lat="-7.17976970" lon="107.82690357"></trkpt>
  <trkpt lat="-7.17972854" lon="107.82696526"></trkpt>
  <trkpt lat="-7.17968739" lon="107.82702696"></trkpt>
  <trkpt lat="-7.17964632" lon="107.82708865"></trkpt>
  <trkpt lat="-7.17960516" lon="107.82719141"></trkpt>
  <trkpt lat="-7.17954347" lon="107.82723248"></trkpt>
  <trkpt lat="-7.17952293" lon="107.82723248"></trkpt>
  <trkpt lat="-7.17942017" lon="107.82729417"></trkpt>
  <trkpt lat="-7.17925572" lon="107.82735586"></trkpt>
  <trkpt lat="-7.17923510" lon="107.82735586"></trkpt>
  <trkpt lat="-7.17911180" lon="107.82729417"></trkpt>
  <trkpt lat="-7.17905011" lon="107.82723248"></trkpt>
  <trkpt lat="-7.17896788" lon="107.82719141"></trkpt>
  <trkpt lat="-7.17892673" lon="107.82723248"></trkpt>
  <trkpt lat="-7.17892673" lon="107.82725310"></trkpt>
  <trkpt lat="-7.17890619" lon="107.82729417"></trkpt>
  <trkpt lat="-7.17888566" lon="107.82729417"></trkpt>
  <trkpt lat="-7.17886504" lon="107.82737640"></trkpt>
  <trkpt lat="-7.17880343" lon="107.82747924"></trkpt>
  <trkpt lat="-7.17878281" lon="107.82754085"></trkpt>
  <trkpt lat="-7.17874174" lon="107.82758201"></trkpt>
  <trkpt lat="-7.17870058" lon="107.82766423"></trkpt>
  <trkpt lat="-7.17868005" lon="107.82770539"></trkpt>
  <trkpt lat="-7.17865943" lon="107.82774646"></trkpt>
  <trkpt lat="-7.17861836" lon="107.82778761"></trkpt>
  <trkpt lat="-7.17861836" lon="107.82782868"></trkpt>
  <trkpt lat="-7.17857720" lon="107.82786984"></trkpt>
  <trkpt lat="-7.17855667" lon="107.82789038"></trkpt>
  <trkpt lat="-7.17851560" lon="107.82797260"></trkpt>
  <trkpt lat="-7.17847444" lon="107.82803429"></trkpt>
  <trkpt lat="-7.17845391" lon="107.82807536"></trkpt>
  <trkpt lat="-7.17839221" lon="107.82817821"></trkpt>
  <trkpt lat="-7.17837168" lon="107.82823990"></trkpt>
  <trkpt lat="-7.17833052" lon="107.82830151"></trkpt>
  <trkpt lat="-7.17830999" lon="107.82834266"></trkpt>
  <trkpt lat="-7.17828937" lon="107.82836320"></trkpt>
  <trkpt lat="-7.17824830" lon="107.82842489"></trkpt>
  <trkpt lat="-7.17822776" lon="107.82844543"></trkpt>
  <trkpt lat="-7.17824830" lon="107.82850712"></trkpt>
  <trkpt lat="-7.17822776" lon="107.82852765"></trkpt>
  <trkpt lat="-7.17818661" lon="107.82858934"></trkpt>
  <trkpt lat="-7.17816607" lon="107.82871272"></trkpt>
  <trkpt lat="-7.17814554" lon="107.82879495"></trkpt>
  <trkpt lat="-7.17810438" lon="107.82885656"></trkpt>
  <trkpt lat="-7.17808384" lon="107.82891825"></trkpt>
  <trkpt lat="-7.17804269" lon="107.82895940"></trkpt>
  <trkpt lat="-7.17800162" lon="107.82904163"></trkpt>
  <trkpt lat="-7.17796046" lon="107.82910332"></trkpt>
  <trkpt lat="-7.17791939" lon="107.82916493"></trkpt>
  <trkpt lat="-7.17785770" lon="107.82922662"></trkpt>
  <trkpt lat="-7.17779601" lon="107.82924715"></trkpt>
  <trkpt lat="-7.17769316" lon="107.82930885"></trkpt>
  <trkpt lat="-7.17761094" lon="107.82935000"></trkpt>
  <trkpt lat="-7.17752871" lon="107.82939107"></trkpt>
  <trkpt lat="-7.17746702" lon="107.82941169"></trkpt>
  <trkpt lat="-7.17742595" lon="107.82941169"></trkpt>
  <trkpt lat="-7.17736426" lon="107.82945276"></trkpt>
  <trkpt lat="-7.17732310" lon="107.82945276"></trkpt>
  <trkpt lat="-7.17728203" lon="107.82947330"></trkpt>
  <trkpt lat="-7.17724088" lon="107.82947330"></trkpt>
  <trkpt lat="-7.17715865" lon="107.82953499"></trkpt>
  <trkpt lat="-7.17707642" lon="107.82955552"></trkpt>
  <trkpt lat="-7.17695304" lon="107.82963775"></trkpt>
  <trkpt lat="-7.17689143" lon="107.82969944"></trkpt>
  <trkpt lat="-7.17682974" lon="107.82974060"></trkpt>
  <trkpt lat="-7.17678859" lon="107.82980229"></trkpt>
  <trkpt lat="-7.17674752" lon="107.82984336"></trkpt>
  <trkpt lat="-7.17670636" lon="107.82992559"></trkpt>
  <trkpt lat="-7.17668583" lon="107.82994612"></trkpt>
  <trkpt lat="-7.17662414" lon="107.82998728"></trkpt>
  <trkpt lat="-7.17658298" lon="107.83004897"></trkpt>
  <trkpt lat="-7.17652129" lon="107.83011066"></trkpt>
  <trkpt lat="-7.17645968" lon="107.83015173"></trkpt>
  <trkpt lat="-7.17641853" lon="107.83017226"></trkpt>
  <trkpt lat="-7.17635684" lon="107.83021342"></trkpt>
  <trkpt lat="-7.17631577" lon="107.83023396"></trkpt>
  <trkpt lat="-7.17623354" lon="107.83027511"></trkpt>
  <trkpt lat="-7.17613069" lon="107.83031618"></trkpt>
  <trkpt lat="-7.17602793" lon="107.83037787"></trkpt>
  <trkpt lat="-7.17594570" lon="107.83041903"></trkpt>
  <trkpt lat="-7.17586348" lon="107.83046010"></trkpt>
  <trkpt lat="-7.17578125" lon="107.83048064"></trkpt>
  <trkpt lat="-7.17571956" lon="107.83054233"></trkpt>
  <trkpt lat="-7.17569894" lon="107.83056286"></trkpt>
  <trkpt lat="-7.17563733" lon="107.83064509"></trkpt>
  <trkpt lat="-7.17557564" lon="107.83068624"></trkpt>
  <trkpt lat="-7.17553449" lon="107.83072740"></trkpt>
  <trkpt lat="-7.17547280" lon="107.83083016"></trkpt>
  <trkpt lat="-7.17541119" lon="107.83089185"></trkpt>
  <trkpt lat="-7.17534950" lon="107.83091239"></trkpt>
  <trkpt lat="-7.17526719" lon="107.83097408"></trkpt>
  <trkpt lat="-7.17520558" lon="107.83099461"></trkpt>
  <trkpt lat="-7.17516443" lon="107.83101515"></trkpt>
  <trkpt lat="-7.17508220" lon="107.83105630"></trkpt>
  <trkpt lat="-7.17497944" lon="107.83111800"></trkpt>
  <trkpt lat="-7.17489713" lon="107.83115907"></trkpt>
  <trkpt lat="-7.17481490" lon="107.83120022"></trkpt>
  <trkpt lat="-7.17473268" lon="107.83124129"></trkpt>
  <trkpt lat="-7.17465045" lon="107.83126183"></trkpt>
  <trkpt lat="-7.17465045" lon="107.83128245"></trkpt>
  <trkpt lat="-7.17464785" lon="107.83128245"></trkpt>
  <trkpt lat="-7.17465045" lon="107.83128245"></trkpt>
  <trkpt lat="-7.17462991" lon="107.83128245"></trkpt>
  <trkpt lat="-7.17460938" lon="107.83128245"></trkpt>
  <trkpt lat="-7.17454769" lon="107.83130298"></trkpt>
  <trkpt lat="-7.17444484" lon="107.83130298"></trkpt>
  <trkpt lat="-7.17434208" lon="107.83134406"></trkpt>
  <trkpt lat="-7.17428039" lon="107.83136467"></trkpt>
  <trkpt lat="-7.17407478" lon="107.83144690"></trkpt>
  <trkpt lat="-7.17391033" lon="107.83150859"></trkpt>
  <trkpt lat="-7.17384864" lon="107.83152913"></trkpt>
  <trkpt lat="-7.17368418" lon="107.83159082"></trkpt>
  <trkpt lat="-7.17351973" lon="107.83165243"></trkpt>
  <trkpt lat="-7.17347858" lon="107.83165243"></trkpt>
  <trkpt lat="-7.17339635" lon="107.83171412"></trkpt>
  <trkpt lat="-7.17337581" lon="107.83171412"></trkpt>
  <trkpt lat="-7.17323190" lon="107.83181696"></trkpt>
  <trkpt lat="-7.17319074" lon="107.83185803"></trkpt>
  <trkpt lat="-7.17317021" lon="107.83187857"></trkpt>
  <trkpt lat="-7.17306744" lon="107.83191972"></trkpt>
  <trkpt lat="-7.17298522" lon="107.83198141"></trkpt>
  <trkpt lat="-7.17292353" lon="107.83202249"></trkpt>
  <trkpt lat="-7.17284130" lon="107.83206364"></trkpt>
  <trkpt lat="-7.17277961" lon="107.83210471"></trkpt>
  <trkpt lat="-7.17271792" lon="107.83214587"></trkpt>
  <trkpt lat="-7.17267676" lon="107.83218694"></trkpt>
  <trkpt lat="-7.17261516" lon="107.83224863"></trkpt>
  <trkpt lat="-7.17247124" lon="107.83235139"></trkpt>
  <trkpt lat="-7.17240955" lon="107.83237201"></trkpt>
  <trkpt lat="-7.17238901" lon="107.83239255"></trkpt>
  <trkpt lat="-7.17234786" lon="107.83245424"></trkpt>
  <trkpt lat="-7.17226563" lon="107.83249531"></trkpt>
  <trkpt lat="-7.17220394" lon="107.83251593"></trkpt>
  <trkpt lat="-7.17218340" lon="107.83253646"></trkpt>
  <trkpt lat="-7.17208056" lon="107.83261869"></trkpt>
  <trkpt lat="-7.17203949" lon="107.83263923"></trkpt>
  <trkpt lat="-7.17197780" lon="107.83268038"></trkpt>
  <trkpt lat="-7.17187495" lon="107.83272145"></trkpt>
  <trkpt lat="-7.17185441" lon="107.83274199"></trkpt>
  <trkpt lat="-7.17181334" lon="107.83276261"></trkpt>
  <trkpt lat="-7.17181074" lon="107.83276261"></trkpt>
  <trkpt lat="-7.17181334" lon="107.83276261"></trkpt>
  <trkpt lat="-7.17173112" lon="107.83280368"></trkpt>
  <trkpt lat="-7.17168996" lon="107.83282430"></trkpt>
  <trkpt lat="-7.17158720" lon="107.83290653"></trkpt>
  <trkpt lat="-7.17144328" lon="107.83300929"></trkpt>
  <trkpt lat="-7.17140213" lon="107.83302982"></trkpt>
  <trkpt lat="-7.17138159" lon="107.83305036"></trkpt>
  <trkpt lat="-7.17134044" lon="107.83307098"></trkpt>
  <trkpt lat="-7.17127874" lon="107.83313267"></trkpt>
  <trkpt lat="-7.17119652" lon="107.83319428"></trkpt>
  <trkpt lat="-7.17113491" lon="107.83325597"></trkpt>
  <trkpt lat="-7.17109376" lon="107.83331766"></trkpt>
  <trkpt lat="-7.17105260" lon="107.83337935"></trkpt>
  <trkpt lat="-7.17101153" lon="107.83342042"></trkpt>
  <trkpt lat="-7.17097037" lon="107.83348211"></trkpt>
  <trkpt lat="-7.17088815" lon="107.83352327"></trkpt>
  <trkpt lat="-7.17078539" lon="107.83364656"></trkpt>
  <trkpt lat="-7.17072370" lon="107.83372879"></trkpt>
  <trkpt lat="-7.17068254" lon="107.83376995"></trkpt>
  <trkpt lat="-7.17066200" lon="107.83381102"></trkpt>
  <trkpt lat="-7.17064147" lon="107.83389324"></trkpt>
  <trkpt lat="-7.17062085" lon="107.83393440"></trkpt>
  <trkpt lat="-7.17057978" lon="107.83399609"></trkpt>
  <trkpt lat="-7.17053862" lon="107.83405770"></trkpt>
  <trkpt lat="-7.17051809" lon="107.83413992"></trkpt>
  <trkpt lat="-7.17043586" lon="107.83420161"></trkpt>
  <trkpt lat="-7.17035363" lon="107.83434553"></trkpt>
  <trkpt lat="-7.17027141" lon="107.83446891"></trkpt>
  <trkpt lat="-7.17025079" lon="107.83448945"></trkpt>
  <trkpt lat="-7.17023025" lon="107.83457167"></trkpt>
  <trkpt lat="-7.17018918" lon="107.83465390"></trkpt>
  <trkpt lat="-7.17008634" lon="107.83475666"></trkpt>
  <trkpt lat="-7.17002464" lon="107.83485951"></trkpt>
  <trkpt lat="-7.16996304" lon="107.83494174"></trkpt>
  <trkpt lat="-7.16990135" lon="107.83500343"></trkpt>
  <trkpt lat="-7.16990135" lon="107.83502396"></trkpt>
  <trkpt lat="-7.16986019" lon="107.83514726"></trkpt>
  <trkpt lat="-7.16986019" lon="107.83516788"></trkpt>
  <trkpt lat="-7.16981912" lon="107.83527064"></trkpt>
  <trkpt lat="-7.16979850" lon="107.83529118"></trkpt>
  <trkpt lat="-7.16973681" lon="107.83537340"></trkpt>
  <trkpt lat="-7.16967520" lon="107.83543509"></trkpt>
  <trkpt lat="-7.16959298" lon="107.83547625"></trkpt>
  <trkpt lat="-7.16953129" lon="107.83551732"></trkpt>
  <trkpt lat="-7.16949013" lon="107.83555848"></trkpt>
  <trkpt lat="-7.16934370" lon="107.83564070"></trkpt>
  <trkpt lat="-7.16924085" lon="107.83568177"></trkpt>
  <trkpt lat="-7.16915863" lon="107.83570239"></trkpt>
  <trkpt lat="-7.16907640" lon="107.83572293"></trkpt>
  <trkpt lat="-7.16899417" lon="107.83574346"></trkpt>
  <trkpt lat="-7.16893248" lon="107.83578462"></trkpt>
  <trkpt lat="-7.16885026" lon="107.83580516"></trkpt>
  <trkpt lat="-7.16878857" lon="107.83580516"></trkpt>
  <trkpt lat="-7.16876803" lon="107.83582569"></trkpt>
  <trkpt lat="-7.16874741" lon="107.83580516"></trkpt>
  <trkpt lat="-7.16864465" lon="107.83584631"></trkpt>
  <trkpt lat="-7.16858296" lon="107.83584631"></trkpt>
  <trkpt lat="-7.16854189" lon="107.83584631"></trkpt>
  <trkpt lat="-7.16848020" lon="107.83586685"></trkpt>
  <trkpt lat="-7.16841850" lon="107.83590792"></trkpt>
  <trkpt lat="-7.16839797" lon="107.83590792"></trkpt>
  <trkpt lat="-7.16835681" lon="107.83590792"></trkpt>
  <trkpt lat="-7.16833628" lon="107.83590792"></trkpt>
  <trkpt lat="-7.16823343" lon="107.83590792"></trkpt>
  <trkpt lat="-7.16821290" lon="107.83592854"></trkpt>
  <trkpt lat="-7.16817182" lon="107.83592854"></trkpt>
  <trkpt lat="-7.16811013" lon="107.83596961"></trkpt>
  <trkpt lat="-7.16804844" lon="107.83601076"></trkpt>
  <trkpt lat="-7.16796622" lon="107.83601076"></trkpt>
  <trkpt lat="-7.16790453" lon="107.83601076"></trkpt>
  <trkpt lat="-7.16780176" lon="107.83605183"></trkpt>
  <trkpt lat="-7.16774007" lon="107.83611353"></trkpt>
  <trkpt lat="-7.16767838" lon="107.83615468"></trkpt>
  <trkpt lat="-7.16763723" lon="107.83615468"></trkpt>
  <trkpt lat="-7.16761669" lon="107.83615468"></trkpt>
  <trkpt lat="-7.16753446" lon="107.83619575"></trkpt>
  <trkpt lat="-7.16743170" lon="107.83625744"></trkpt>
  <trkpt lat="-7.16737001" lon="107.83629851"></trkpt>
  <trkpt lat="-7.16732886" lon="107.83631913"></trkpt>
  <trkpt lat="-7.16728779" lon="107.83633967"></trkpt>
  <trkpt lat="-7.16728779" lon="107.83638074"></trkpt>
  <trkpt lat="-7.16718494" lon="107.83646297"></trkpt>
  <trkpt lat="-7.16714387" lon="107.83654528"></trkpt>
  <trkpt lat="-7.16710271" lon="107.83662750"></trkpt>
  <trkpt lat="-7.16706164" lon="107.83666858"></trkpt>
  <trkpt lat="-7.16704102" lon="107.83673027"></trkpt>
  <trkpt lat="-7.16699995" lon="107.83679196"></trkpt>
  <trkpt lat="-7.16695880" lon="107.83685356"></trkpt>
  <trkpt lat="-7.16695880" lon="107.83693587"></trkpt>
  <trkpt lat="-7.16689711" lon="107.83699748"></trkpt>
  <trkpt lat="-7.16687657" lon="107.83705917"></trkpt>
  <trkpt lat="-7.16685603" lon="107.83710033"></trkpt>
  <trkpt lat="-7.16683550" lon="107.83714140"></trkpt>
  <trkpt lat="-7.16683550" lon="107.83716193"></trkpt>
  <trkpt lat="-7.16681488" lon="107.83722622"></trkpt>
  <trkpt lat="-7.16679434" lon="107.83724676"></trkpt>
  <trkpt lat="-7.16675319" lon="107.83732899"></trkpt>
  <trkpt lat="-7.16675319" lon="107.83737014"></trkpt>
  <trkpt lat="-7.16671212" lon="107.83741121"></trkpt>
  <trkpt lat="-7.16667096" lon="107.83747290"></trkpt>
  <trkpt lat="-7.16665043" lon="107.83747290"></trkpt>
  <trkpt lat="-7.16662989" lon="107.83751406"></trkpt>
  <trkpt lat="-7.16660927" lon="107.83755513"></trkpt>
  <trkpt lat="-7.16660927" lon="107.83757566"></trkpt>
  <trkpt lat="-7.16658873" lon="107.83763736"></trkpt>
  <trkpt lat="-7.16652704" lon="107.83769905"></trkpt>
  <trkpt lat="-7.16650651" lon="107.83778127"></trkpt>
  <trkpt lat="-7.16648597" lon="107.83782243"></trkpt>
  <trkpt lat="-7.16646544" lon="107.83784296"></trkpt>
  <trkpt lat="-7.16644482" lon="107.83786350"></trkpt>
  <trkpt lat="-7.16640375" lon="107.83790465"></trkpt>
  <trkpt lat="-7.16634206" lon="107.83792519"></trkpt>
  <trkpt lat="-7.16630090" lon="107.83794573"></trkpt>
  <trkpt lat="-7.16630090" lon="107.83796626"></trkpt>
  <trkpt lat="-7.16628036" lon="107.83800742"></trkpt>
  <trkpt lat="-7.16628036" lon="107.83811018"></trkpt>
  <trkpt lat="-7.16630090" lon="107.83817187"></trkpt>
  <trkpt lat="-7.16628036" lon="107.83829525"></trkpt>
  <trkpt lat="-7.16628036" lon="107.83833632"></trkpt>
  <trkpt lat="-7.16628036" lon="107.83843917"></trkpt>
  <trkpt lat="-7.16628036" lon="107.83845970"></trkpt>
  <trkpt lat="-7.16621867" lon="107.83854193"></trkpt>
  <trkpt lat="-7.16619814" lon="107.83856247"></trkpt>
  <trkpt lat="-7.16617760" lon="107.83858300"></trkpt>
  <trkpt lat="-7.16615698" lon="107.83858300"></trkpt>
  <trkpt lat="-7.16613645" lon="107.83854193"></trkpt>
  <trkpt lat="-7.16609538" lon="107.83854193"></trkpt>
  <trkpt lat="-7.16597199" lon="107.83856247"></trkpt>
  <trkpt lat="-7.16591030" lon="107.83858300"></trkpt>
  <trkpt lat="-7.16582808" lon="107.83856247"></trkpt>
  <trkpt lat="-7.16576639" lon="107.83856247"></trkpt>
  <trkpt lat="-7.16570470" lon="107.83856247"></trkpt>
  <trkpt lat="-7.16566362" lon="107.83858300"></trkpt>
  <trkpt lat="-7.16564300" lon="107.83860362"></trkpt>
  <trkpt lat="-7.16558140" lon="107.83862416"></trkpt>
  <trkpt lat="-7.16558140" lon="107.83864469"></trkpt>
  <trkpt lat="-7.16556078" lon="107.83868585"></trkpt>
  <trkpt lat="-7.16554024" lon="107.83868585"></trkpt>
  <trkpt lat="-7.16549909" lon="107.83874754"></trkpt>
  <trkpt lat="-7.16545802" lon="107.83874754"></trkpt>
  <trkpt lat="-7.16543748" lon="107.83874754"></trkpt>
  <trkpt lat="-7.16539633" lon="107.83876807"></trkpt>
  <trkpt lat="-7.16533463" lon="107.83880915"></trkpt>
  <trkpt lat="-7.16527294" lon="107.83885030"></trkpt>
  <trkpt lat="-7.16517018" lon="107.83887084"></trkpt>
  <trkpt lat="-7.16512903" lon="107.83887084"></trkpt>
  <trkpt lat="-7.16506742" lon="107.83887084"></trkpt>
  <trkpt lat="-7.16500573" lon="107.83889137"></trkpt>
  <trkpt lat="-7.16490288" lon="107.83891199"></trkpt>
  <trkpt lat="-7.16482066" lon="107.83891199"></trkpt>
  <trkpt lat="-7.16477958" lon="107.83891199"></trkpt>
  <trkpt lat="-7.16465620" lon="107.83893253"></trkpt>
  <trkpt lat="-7.16459451" lon="107.83895306"></trkpt>
  <trkpt lat="-7.16451229" lon="107.83897360"></trkpt>
  <trkpt lat="-7.16449175" lon="107.83897360"></trkpt>
  <trkpt lat="-7.16445060" lon="107.83893253"></trkpt>
  <trkpt lat="-7.16438890" lon="107.83891199"></trkpt>
  <trkpt lat="-7.16436837" lon="107.83891199"></trkpt>
  <trkpt lat="-7.16430668" lon="107.83885030"></trkpt>
  <trkpt lat="-7.16426561" lon="107.83880915"></trkpt>
  <trkpt lat="-7.16426561" lon="107.83878861"></trkpt>
  <trkpt lat="-7.16426561" lon="107.83878735"></trkpt>
  <trkpt lat="-7.16428614" lon="107.83884896"></trkpt>
  <trkpt lat="-7.16434783" lon="107.83891065"></trkpt>
  <trkpt lat="-7.16436837" lon="107.83895181"></trkpt>
  <trkpt lat="-7.16434783" lon="107.83895181"></trkpt>
  <trkpt lat="-7.16430668" lon="107.83901350"></trkpt>
  <trkpt lat="-7.16428614" lon="107.83907510"></trkpt>
  <trkpt lat="-7.16424499" lon="107.83907510"></trkpt>
  <trkpt lat="-7.16418338" lon="107.83907510"></trkpt>
  <trkpt lat="-7.16414222" lon="107.83907510"></trkpt>
  <trkpt lat="-7.16408053" lon="107.83907510"></trkpt>
  <trkpt lat="-7.16406000" lon="107.83909572"></trkpt>
  <trkpt lat="-7.16401884" lon="107.83909572"></trkpt>
  <trkpt lat="-7.16395724" lon="107.83913679"></trkpt>
  <trkpt lat="-7.16393662" lon="107.83915733"></trkpt>
  <trkpt lat="-7.16385439" lon="107.83915733"></trkpt>
  <trkpt lat="-7.16381332" lon="107.83915733"></trkpt>
  <trkpt lat="-7.16373101" lon="107.83919849"></trkpt>
  <trkpt lat="-7.16362825" lon="107.83919849"></trkpt>
  <trkpt lat="-7.16356656" lon="107.83915733"></trkpt>
  <trkpt lat="-7.16350487" lon="107.83913679"></trkpt>
  <trkpt lat="-7.16344326" lon="107.83913679"></trkpt>
  <trkpt lat="-7.16338157" lon="107.83913679"></trkpt>
  <trkpt lat="-7.16331988" lon="107.83911626"></trkpt>
  <trkpt lat="-7.16327872" lon="107.83911626"></trkpt>
  <trkpt lat="-7.16323765" lon="107.83911626"></trkpt>
  <trkpt lat="-7.16319649" lon="107.83911626"></trkpt>
  <trkpt lat="-7.16315542" lon="107.83911626"></trkpt>
  <trkpt lat="-7.16311427" lon="107.83909572"></trkpt>
  <trkpt lat="-7.16307320" lon="107.83909572"></trkpt>
  <trkpt lat="-7.16299089" lon="107.83909572"></trkpt>
  <trkpt lat="-7.16294982" lon="107.83909572"></trkpt>
  <trkpt lat="-7.16286759" lon="107.83905457"></trkpt>
  <trkpt lat="-7.16278536" lon="107.83903403"></trkpt>
  <trkpt lat="-7.16274421" lon="107.83901350"></trkpt>
  <trkpt lat="-7.16268252" lon="107.83897234"></trkpt>
  <trkpt lat="-7.16264145" lon="107.83897234"></trkpt>
  <trkpt lat="-7.16260029" lon="107.83897234"></trkpt>
  <trkpt lat="-7.16255922" lon="107.83895181"></trkpt>
  <trkpt lat="-7.16249753" lon="107.83895181"></trkpt>
  <trkpt lat="-7.16243584" lon="107.83897234"></trkpt>
  <trkpt lat="-7.16243584" lon="107.83897108"></trkpt>
  <trkpt lat="-7.16243584" lon="107.83899288"></trkpt>
  <trkpt lat="-7.16239468" lon="107.83899288"></trkpt>
  <trkpt lat="-7.16233299" lon="107.83901350"></trkpt>
  <trkpt lat="-7.16227138" lon="107.83905457"></trkpt>
  <trkpt lat="-7.16220969" lon="107.83907510"></trkpt>
  <trkpt lat="-7.16214800" lon="107.83909572"></trkpt>
  <trkpt lat="-7.16210685" lon="107.83911626"></trkpt>
  <trkpt lat="-7.16204524" lon="107.83911626"></trkpt>
  <trkpt lat="-7.16198355" lon="107.83911626"></trkpt>
  <trkpt lat="-7.16196293" lon="107.83913679"></trkpt>
  <trkpt lat="-7.16192186" lon="107.83913679"></trkpt>
  <trkpt lat="-7.16181910" lon="107.83919849"></trkpt>
  <trkpt lat="-7.16171625" lon="107.83923964"></trkpt>
  <trkpt lat="-7.16163402" lon="107.83926018"></trkpt>
  <trkpt lat="-7.16155180" lon="107.83923964"></trkpt>
  <trkpt lat="-7.16151064" lon="107.83926018"></trkpt>
  <trkpt lat="-7.16146957" lon="107.83928071"></trkpt>
  <trkpt lat="-7.16138734" lon="107.83928071"></trkpt>
  <trkpt lat="-7.16112005" lon="107.83921902"></trkpt>
  <trkpt lat="-7.16101728" lon="107.83921902"></trkpt>
  <trkpt lat="-7.16097613" lon="107.83919849"></trkpt>
  <trkpt lat="-7.16091444" lon="107.83917795"></trkpt>
  <trkpt lat="-7.16089390" lon="107.83919849"></trkpt>
  <trkpt lat="-7.16085275" lon="107.83917795"></trkpt>
  <trkpt lat="-7.16081168" lon="107.83917795"></trkpt>
  <trkpt lat="-7.16077052" lon="107.83919849"></trkpt>
  <trkpt lat="-7.16072945" lon="107.83923964"></trkpt>
  <trkpt lat="-7.16068829" lon="107.83928071"></trkpt>
  <trkpt lat="-7.16062660" lon="107.83932187"></trkpt>
  <trkpt lat="-7.16058553" lon="107.83932187"></trkpt>
  <trkpt lat="-7.16052384" lon="107.83940409"></trkpt>
  <trkpt lat="-7.16042108" lon="107.83948632"></trkpt>
  <trkpt lat="-7.16042108" lon="107.83954801"></trkpt>
  <trkpt lat="-7.16035939" lon="107.83965077"></trkpt>
  <trkpt lat="-7.16031823" lon="107.83969184"></trkpt>
  <trkpt lat="-7.16027716" lon="107.83975353"></trkpt>
  <trkpt lat="-7.16023601" lon="107.83979469"></trkpt>
  <trkpt lat="-7.16021547" lon="107.83981523"></trkpt>
  <trkpt lat="-7.16021547" lon="107.83983576"></trkpt>
  <trkpt lat="-7.16015378" lon="107.83981523"></trkpt>
  <trkpt lat="-7.16013324" lon="107.83981523"></trkpt>
  <trkpt lat="-7.16005102" lon="107.83985638"></trkpt>
  <trkpt lat="-7.16003040" lon="107.83991799"></trkpt>
  <trkpt lat="-7.15996871" lon="107.83995914"></trkpt>
  <trkpt lat="-7.15994817" lon="107.83995914"></trkpt>
  <trkpt lat="-7.15986595" lon="107.83997968"></trkpt>
  <trkpt lat="-7.15980425" lon="107.84000021"></trkpt>
  <trkpt lat="-7.15972203" lon="107.84002083"></trkpt>
  <trkpt lat="-7.15968096" lon="107.84004137"></trkpt>
  <trkpt lat="-7.15961927" lon="107.84004137"></trkpt>
  <trkpt lat="-7.15959865" lon="107.84006190"></trkpt>
  <trkpt lat="-7.15957811" lon="107.84006190"></trkpt>
  <trkpt lat="-7.15953704" lon="107.84008244"></trkpt>
  <trkpt lat="-7.15949588" lon="107.84010306"></trkpt>
  <trkpt lat="-7.15943419" lon="107.84012360"></trkpt>
  <trkpt lat="-7.15937250" lon="107.84012360"></trkpt>
  <trkpt lat="-7.15933143" lon="107.84012360"></trkpt>
  <trkpt lat="-7.15926974" lon="107.84010306"></trkpt>
  <trkpt lat="-7.15918751" lon="107.84012360"></trkpt>
  <trkpt lat="-7.15912582" lon="107.84012360"></trkpt>
  <trkpt lat="-7.15908467" lon="107.84014413"></trkpt>
  <trkpt lat="-7.15902306" lon="107.84014413"></trkpt>
  <trkpt lat="-7.15898191" lon="107.84016475"></trkpt>
  <trkpt lat="-7.15892022" lon="107.84018529"></trkpt>
  <trkpt lat="-7.15892022" lon="107.84016475"></trkpt>
  <trkpt lat="-7.15889968" lon="107.84016475"></trkpt>
  <trkpt lat="-7.15887914" lon="107.84014413"></trkpt>
  <trkpt lat="-7.15881745" lon="107.84014413"></trkpt>
  <trkpt lat="-7.15877630" lon="107.84012360"></trkpt>
  <trkpt lat="-7.15875576" lon="107.84014413"></trkpt>
  <trkpt lat="-7.15869407" lon="107.84014413"></trkpt>
  <trkpt lat="-7.15867354" lon="107.84014413"></trkpt>
  <trkpt lat="-7.15859131" lon="107.84012360"></trkpt>
  <trkpt lat="-7.15857069" lon="107.84012360"></trkpt>
  <trkpt lat="-7.15855015" lon="107.84012360"></trkpt>
  <trkpt lat="-7.15848846" lon="107.84016475"></trkpt>
  <trkpt lat="-7.15842686" lon="107.84020582"></trkpt>
  <trkpt lat="-7.15838570" lon="107.84024698"></trkpt>
  <trkpt lat="-7.15836517" lon="107.84024698"></trkpt>
  <trkpt lat="-7.15832401" lon="107.84026751"></trkpt>
  <trkpt lat="-7.15828294" lon="107.84026751"></trkpt>
  <trkpt lat="-7.15824178" lon="107.84026751"></trkpt>
  <trkpt lat="-7.15822125" lon="107.84028805"></trkpt>
  <trkpt lat="-7.15818009" lon="107.84030858"></trkpt>
  <trkpt lat="-7.15811840" lon="107.84034974"></trkpt>
  <trkpt lat="-7.15807733" lon="107.84037028"></trkpt>
  <trkpt lat="-7.15801564" lon="107.84039081"></trkpt>
  <trkpt lat="-7.15797449" lon="107.84043197"></trkpt>
  <trkpt lat="-7.15797449" lon="107.84047304"></trkpt>
  <trkpt lat="-7.15795395" lon="107.84053473"></trkpt>
  <trkpt lat="-7.15793341" lon="107.84055526"></trkpt>
  <trkpt lat="-7.15787172" lon="107.84059642"></trkpt>
  <trkpt lat="-7.15787172" lon="107.84061695"></trkpt>
  <trkpt lat="-7.15783057" lon="107.84063757"></trkpt>
  <trkpt lat="-7.15783057" lon="107.84065811"></trkpt>
  <trkpt lat="-7.15781003" lon="107.84067865"></trkpt>
  <trkpt lat="-7.15781003" lon="107.84065811"></trkpt>
  <trkpt lat="-7.15781003" lon="107.84067865"></trkpt>
  <trkpt lat="-7.15776896" lon="107.84071980"></trkpt>
  <trkpt lat="-7.15770727" lon="107.84074034"></trkpt>
  <trkpt lat="-7.15766612" lon="107.84076087"></trkpt>
  <trkpt lat="-7.15760442" lon="107.84080203"></trkpt>
  <trkpt lat="-7.15754282" lon="107.84082256"></trkpt>
  <trkpt lat="-7.15750166" lon="107.84080203"></trkpt>
  <trkpt lat="-7.15746051" lon="107.84076087"></trkpt>
  <trkpt lat="-7.15743997" lon="107.84074034"></trkpt>
  <trkpt lat="-7.15735774" lon="107.84065811"></trkpt>
  <trkpt lat="-7.15733721" lon="107.84059642"></trkpt>
  <trkpt lat="-7.15729605" lon="107.84055526"></trkpt>
  <trkpt lat="-7.15723436" lon="107.84057588"></trkpt>
  <trkpt lat="-7.15717276" lon="107.84059642"></trkpt>
  <trkpt lat="-7.15715214" lon="107.84061695"></trkpt>
  <trkpt lat="-7.15713160" lon="107.84061695"></trkpt>
  <trkpt lat="-7.15709045" lon="107.84063757"></trkpt>
  <trkpt lat="-7.15706991" lon="107.84065811"></trkpt>
  <trkpt lat="-7.15700822" lon="107.84065811"></trkpt>
  <trkpt lat="-7.15696715" lon="107.84069918"></trkpt>
  <trkpt lat="-7.15692599" lon="107.84071980"></trkpt>
  <trkpt lat="-7.15688492" lon="107.84074034"></trkpt>
  <trkpt lat="-7.15684377" lon="107.84078141"></trkpt>
  <trkpt lat="-7.15680261" lon="107.84080203"></trkpt>
  <trkpt lat="-7.15680261" lon="107.84082256"></trkpt>
  <trkpt lat="-7.15676154" lon="107.84080203"></trkpt>
  <trkpt lat="-7.15672038" lon="107.84082256"></trkpt>
  <trkpt lat="-7.15667931" lon="107.84080203"></trkpt>
  <trkpt lat="-7.15661762" lon="107.84080203"></trkpt>
  <trkpt lat="-7.15659709" lon="107.84078141"></trkpt>
  <trkpt lat="-7.15657647" lon="107.84078141"></trkpt>
  <trkpt lat="-7.15651486" lon="107.84078141"></trkpt>
  <trkpt lat="-7.15649424" lon="107.84080203"></trkpt>
  <trkpt lat="-7.15645317" lon="107.84078141"></trkpt>
  <trkpt lat="-7.15639148" lon="107.84078141"></trkpt>
  <trkpt lat="-7.15635032" lon="107.84080203"></trkpt>
  <trkpt lat="-7.15626810" lon="107.84084310"></trkpt>
  <trkpt lat="-7.15618587" lon="107.84084310"></trkpt>
  <trkpt lat="-7.15598026" lon="107.84088425"></trkpt>
  <trkpt lat="-7.15591857" lon="107.84094586"></trkpt>
  <trkpt lat="-7.15587750" lon="107.84098702"></trkpt>
  <trkpt lat="-7.15585697" lon="107.84100755"></trkpt>
  <trkpt lat="-7.15583635" lon="107.84102817"></trkpt>
  <trkpt lat="-7.15581581" lon="107.84102817"></trkpt>
  <trkpt lat="-7.15579527" lon="107.84102817"></trkpt>
  <trkpt lat="-7.15575412" lon="107.84104871"></trkpt>
  <trkpt lat="-7.15571305" lon="107.84106924"></trkpt>
  <trkpt lat="-7.15569243" lon="107.84106924"></trkpt>
  <trkpt lat="-7.15565136" lon="107.84111040"></trkpt>
  <trkpt lat="-7.15563082" lon="107.84111040"></trkpt>
  <trkpt lat="-7.15558967" lon="107.84111040"></trkpt>
  <trkpt lat="-7.15554851" lon="107.84113093"></trkpt>
  <trkpt lat="-7.15550744" lon="107.84113093"></trkpt>
  <trkpt lat="-7.15546628" lon="107.84115147"></trkpt>
  <trkpt lat="-7.15542521" lon="107.84117200"></trkpt>
  <trkpt lat="-7.15538406" lon="107.84119262"></trkpt>
  <trkpt lat="-7.15538406" lon="107.84123369"></trkpt>
  <trkpt lat="-7.15540468" lon="107.84123369"></trkpt>
  <trkpt lat="-7.15534165" lon="107.84127485"></trkpt>
  <trkpt lat="-7.15530057" lon="107.84125423"></trkpt>
  <trkpt lat="-7.15523888" lon="107.84125423"></trkpt>
  <trkpt lat="-7.15517719" lon="107.84125423"></trkpt>
  <trkpt lat="-7.15513612" lon="107.84127485"></trkpt>
  <trkpt lat="-7.15507443" lon="107.84129539"></trkpt>
  <trkpt lat="-7.15503328" lon="107.84129539"></trkpt>
  <trkpt lat="-7.15497158" lon="107.84129539"></trkpt>
  <trkpt lat="-7.15495105" lon="107.84129539"></trkpt>
  <trkpt lat="-7.15488936" lon="107.84129539"></trkpt>
  <trkpt lat="-7.15482767" lon="107.84131592"></trkpt>
  <trkpt lat="-7.15478660" lon="107.84129539"></trkpt>
  <trkpt lat="-7.15472491" lon="107.84129539"></trkpt>
  <trkpt lat="-7.15472491" lon="107.84131592"></trkpt>
  <trkpt lat="-7.15468375" lon="107.84133654"></trkpt>
  <trkpt lat="-7.15466321" lon="107.84133654"></trkpt>
  <trkpt lat="-7.15458099" lon="107.84133654"></trkpt>
  <trkpt lat="-7.15451930" lon="107.84131592"></trkpt>
  <trkpt lat="-7.15451930" lon="107.84133654"></trkpt>
  <trkpt lat="-7.15449876" lon="107.84131592"></trkpt>
  <trkpt lat="-7.15441654" lon="107.84135708"></trkpt>
  <trkpt lat="-7.15437538" lon="107.84139815"></trkpt>
  <trkpt lat="-7.15429315" lon="107.84137761"></trkpt>
  <trkpt lat="-7.15421093" lon="107.84137761"></trkpt>
  <trkpt lat="-7.15412870" lon="107.84135708"></trkpt>
  <trkpt lat="-7.15402594" lon="107.84137761"></trkpt>
  <trkpt lat="-7.15394363" lon="107.84135708"></trkpt>
  <trkpt lat="-7.15382033" lon="107.84135708"></trkpt>
  <trkpt lat="-7.15375864" lon="107.84135708"></trkpt>
  <trkpt lat="-7.15369695" lon="107.84131592"></trkpt>
  <trkpt lat="-7.15361472" lon="107.84127485"></trkpt>
  <trkpt lat="-7.15353250" lon="107.84125423"></trkpt>
  <trkpt lat="-7.15345027" lon="107.84125423"></trkpt>
  <trkpt lat="-7.15338858" lon="107.84123369"></trkpt>
  <trkpt lat="-7.15330635" lon="107.84121316"></trkpt>
  <trkpt lat="-7.15328573" lon="107.84121316"></trkpt>
  <trkpt lat="-7.15320351" lon="107.84119262"></trkpt>
  <trkpt lat="-7.15314190" lon="107.84119262"></trkpt>
  <trkpt lat="-7.15303905" lon="107.84117200"></trkpt>
  <trkpt lat="-7.15297736" lon="107.84117200"></trkpt>
  <trkpt lat="-7.15291567" lon="107.84119262"></trkpt>
  <trkpt lat="-7.15287460" lon="107.84117200"></trkpt>
  <trkpt lat="-7.15283344" lon="107.84119262"></trkpt>
  <trkpt lat="-7.15279237" lon="107.84121316"></trkpt>
  <trkpt lat="-7.15275122" lon="107.84119262"></trkpt>
  <trkpt lat="-7.15271015" lon="107.84121316"></trkpt>
  <trkpt lat="-7.15264846" lon="107.84121316"></trkpt>
  <trkpt lat="-7.15260730" lon="107.84123369"></trkpt>
  <trkpt lat="-7.15256623" lon="107.84123369"></trkpt>
  <trkpt lat="-7.15248400" lon="107.84127485"></trkpt>
  <trkpt lat="-7.15244285" lon="107.84131592"></trkpt>
  <trkpt lat="-7.15242231" lon="107.84133654"></trkpt>
  <trkpt lat="-7.15242231" lon="107.84135708"></trkpt>
  <trkpt lat="-7.15242231" lon="107.84137761"></trkpt>
  <trkpt lat="-7.15244285" lon="107.84137761"></trkpt>
  <trkpt lat="-7.15240178" lon="107.84139815"></trkpt>
  <trkpt lat="-7.15238116" lon="107.84139815"></trkpt>
  <trkpt lat="-7.15231947" lon="107.84143930"></trkpt>
  <trkpt lat="-7.15225786" lon="107.84145984"></trkpt>
  <trkpt lat="-7.15221670" lon="107.84150099"></trkpt>
  <trkpt lat="-7.15219617" lon="107.84152153"></trkpt>
  <trkpt lat="-7.15213448" lon="107.84152153"></trkpt>
  <trkpt lat="-7.15213448" lon="107.84154207"></trkpt>
  <trkpt lat="-7.15211394" lon="107.84156260"></trkpt>
  <trkpt lat="-7.15211394" lon="107.84154207"></trkpt>
  <trkpt lat="-7.15211394" lon="107.84156260"></trkpt>
  <trkpt lat="-7.15199056" lon="107.84162429"></trkpt>
  <trkpt lat="-7.15197003" lon="107.84162429"></trkpt>
  <trkpt lat="-7.15180549" lon="107.84170652"></trkpt>
  <trkpt lat="-7.15168219" lon="107.84189159"></trkpt>
  <trkpt lat="-7.15166157" lon="107.84197382"></trkpt>
  <trkpt lat="-7.15164104" lon="107.84207658"></trkpt>
  <trkpt lat="-7.15164104" lon="107.84215881"></trkpt>
  <trkpt lat="-7.15162050" lon="107.84222050"></trkpt>
  <trkpt lat="-7.15157934" lon="107.84226165"></trkpt>
  <trkpt lat="-7.15153827" lon="107.84234388"></trkpt>
  <trkpt lat="-7.15149712" lon="107.84242610"></trkpt>
  <trkpt lat="-7.15147658" lon="107.84250833"></trkpt>
  <trkpt lat="-7.15143543" lon="107.84257002"></trkpt>
  <trkpt lat="-7.15141489" lon="107.84259056"></trkpt>
  <trkpt lat="-7.15137382" lon="107.84261109"></trkpt>
  <trkpt lat="-7.15127097" lon="107.84265225"></trkpt>
  <trkpt lat="-7.15116821" lon="107.84267278"></trkpt>
  <trkpt lat="-7.15104483" lon="107.84271386"></trkpt>
  <trkpt lat="-7.15096260" lon="107.84275501"></trkpt>
  <trkpt lat="-7.15094207" lon="107.84275501"></trkpt>
  <trkpt lat="-7.15081869" lon="107.84277555"></trkpt>
  <trkpt lat="-7.15071592" lon="107.84283724"></trkpt>
  <trkpt lat="-7.15061308" lon="107.84289893"></trkpt>
  <trkpt lat="-7.15042809" lon="107.84289893"></trkpt>
  <trkpt lat="-7.15018133" lon="107.84308392"></trkpt>
  <trkpt lat="-7.15014026" lon="107.84310445"></trkpt>
  <trkpt lat="-7.15005803" lon="107.84314561"></trkpt>
  <trkpt lat="-7.15001687" lon="107.84318668"></trkpt>
  <trkpt lat="-7.14989349" lon="107.84328952"></trkpt>
  <trkpt lat="-7.14968797" lon="107.84347451"></trkpt>
  <trkpt lat="-7.14964681" lon="107.84359789"></trkpt>
  <trkpt lat="-7.14958512" lon="107.84370066"></trkpt>
  <trkpt lat="-7.14954405" lon="107.84374181"></trkpt>
  <trkpt lat="-7.14948236" lon="107.84380342"></trkpt>
  <trkpt lat="-7.14944120" lon="107.84384457"></trkpt>
  <trkpt lat="-7.14942067" lon="107.84388565"></trkpt>
  <trkpt lat="-7.14937960" lon="107.84390626"></trkpt>
  <trkpt lat="-7.14929729" lon="107.84394734"></trkpt>
  <trkpt lat="-7.14919453" lon="107.84402956"></trkpt>
  <trkpt lat="-7.14915337" lon="107.84409125"></trkpt>
  <trkpt lat="-7.14911230" lon="107.84411179"></trkpt>
  <trkpt lat="-7.14905061" lon="107.84415294"></trkpt>
  <trkpt lat="-7.14898892" lon="107.84425571"></trkpt>
  <trkpt lat="-7.14898892" lon="107.84435847"></trkpt>
  <trkpt lat="-7.14898892" lon="107.84439962"></trkpt>
  <trkpt lat="-7.14896838" lon="107.84442016"></trkpt>
  <trkpt lat="-7.14892723" lon="107.84448185"></trkpt>
  <trkpt lat="-7.14886562" lon="107.84458461"></trkpt>
  <trkpt lat="-7.14880393" lon="107.84466684"></trkpt>
  <trkpt lat="-7.14876277" lon="107.84468746"></trkpt>
  <trkpt lat="-7.14870108" lon="107.84472853"></trkpt>
  <trkpt lat="-7.14868055" lon="107.84476968"></trkpt>
  <trkpt lat="-7.14866001" lon="107.84476968"></trkpt>
  <trkpt lat="-7.14859832" lon="107.84479022"></trkpt>
  <trkpt lat="-7.14855717" lon="107.84483138"></trkpt>
  <trkpt lat="-7.14849556" lon="107.84487245"></trkpt>
  <trkpt lat="-7.14845440" lon="107.84491360"></trkpt>
  <trkpt lat="-7.14845440" lon="107.84493414"></trkpt>
  <trkpt lat="-7.14839271" lon="107.84499583"></trkpt>
  <trkpt lat="-7.14839271" lon="107.84501636"></trkpt>
  <trkpt lat="-7.14835164" lon="107.84503690"></trkpt>
  <trkpt lat="-7.14831049" lon="107.84507805"></trkpt>
  <trkpt lat="-7.14833102" lon="107.84511913"></trkpt>
  <trkpt lat="-7.14831049" lon="107.84513975"></trkpt>
  <trkpt lat="-7.14828995" lon="107.84516028"></trkpt>
  <trkpt lat="-7.14826933" lon="107.84518082"></trkpt>
  <trkpt lat="-7.14816657" lon="107.84524251"></trkpt>
  <trkpt lat="-7.14814603" lon="107.84528358"></trkpt>
 </trkseg>
</trk>
<trk>
 <name>Track 153</name>
 <trkseg>
  <trkpt lat="-7.16443006" lon="107.88245866"></trkpt>
  <trkpt lat="-7.16451229" lon="107.88243813"></trkpt>
  <trkpt lat="-7.16451229" lon="107.88245866"></trkpt>
  <trkpt lat="-7.16451229" lon="107.88249982"></trkpt>
  <trkpt lat="-7.16451229" lon="107.88247920"></trkpt>
  <trkpt lat="-7.16449175" lon="107.88245866"></trkpt>
  <trkpt lat="-7.16447113" lon="107.88210922"></trkpt>
  <trkpt lat="-7.16430668" lon="107.88182138"></trkpt>
  <trkpt lat="-7.16434783" lon="107.88138963"></trkpt>
  <trkpt lat="-7.16461505" lon="107.88110188"></trkpt>
  <trkpt lat="-7.16463567" lon="107.88075236"></trkpt>
  <trkpt lat="-7.16455344" lon="107.88050568"></trkpt>
  <trkpt lat="-7.16453282" lon="107.88030007"></trkpt>
  <trkpt lat="-7.16451229" lon="107.87988894"></trkpt>
  <trkpt lat="-7.16445060" lon="107.87953690"></trkpt>
  <trkpt lat="-7.16445060" lon="107.87931075"></trkpt>
  <trkpt lat="-7.16440952" lon="107.87902292"></trkpt>
  <trkpt lat="-7.16436837" lon="107.87881731"></trkpt>
  <trkpt lat="-7.16434783" lon="107.87859125"></trkpt>
  <trkpt lat="-7.16432730" lon="107.87830342"></trkpt>
  <trkpt lat="-7.16430668" lon="107.87813896"></trkpt>
  <trkpt lat="-7.16422445" lon="107.87793336"></trkpt>
  <trkpt lat="-7.16412169" lon="107.87776890"></trkpt>
  <trkpt lat="-7.16401884" lon="107.87772783"></trkpt>
  <trkpt lat="-7.16379270" lon="107.87787166"></trkpt>
  <trkpt lat="-7.16346379" lon="107.87791282"></trkpt>
  <trkpt lat="-7.16338157" lon="107.87789228"></trkpt>
  <trkpt lat="-7.16327872" lon="107.87783059"></trkpt>
  <trkpt lat="-7.16319649" lon="107.87774837"></trkpt>
  <trkpt lat="-7.16305258" lon="107.87768668"></trkpt>
  <trkpt lat="-7.16303204" lon="107.87768668"></trkpt>
  <trkpt lat="-7.16286759" lon="107.87744000"></trkpt>
  <trkpt lat="-7.16274421" lon="107.87731661"></trkpt>
  <trkpt lat="-7.16272367" lon="107.87729608"></trkpt>
  <trkpt lat="-7.16262083" lon="107.87715216"></trkpt>
  <trkpt lat="-7.16255922" lon="107.87706994"></trkpt>
  <trkpt lat="-7.16255922" lon="107.87704940"></trkpt>
  <trkpt lat="-7.16247691" lon="107.87694655"></trkpt>
  <trkpt lat="-7.16245637" lon="107.87682326"></trkpt>
  <trkpt lat="-7.16241530" lon="107.87672041"></trkpt>
  <trkpt lat="-7.16233299" lon="107.87661765"></trkpt>
  <trkpt lat="-7.16233299" lon="107.87657658"></trkpt>
  <trkpt lat="-7.16231246" lon="107.87651489"></trkpt>
  <trkpt lat="-7.16231246" lon="107.87635043"></trkpt>
  <trkpt lat="-7.16235361" lon="107.87622705"></trkpt>
  <trkpt lat="-7.16249753" lon="107.87604206"></trkpt>
  <trkpt lat="-7.16270305" lon="107.87585699"></trkpt>
  <trkpt lat="-7.16270305" lon="107.87565147"></trkpt>
  <trkpt lat="-7.16270305" lon="107.87526087"></trkpt>
  <trkpt lat="-7.16260029" lon="107.87493188"></trkpt>
  <trkpt lat="-7.16255922" lon="107.87470582"></trkpt>
  <trkpt lat="-7.16257975" lon="107.87480858"></trkpt>
  <trkpt lat="-7.16251806" lon="107.87464413"></trkpt>
  <trkpt lat="-7.16239468" lon="107.87439745"></trkpt>
  <trkpt lat="-7.16225076" lon="107.87431514"></trkpt>
  <trkpt lat="-7.16183963" lon="107.87427407"></trkpt>
  <trkpt lat="-7.16165456" lon="107.87421238"></trkpt>
  <trkpt lat="-7.16140788" lon="107.87410961"></trkpt>
  <trkpt lat="-7.16124343" lon="107.87384232"></trkpt>
  <trkpt lat="-7.16101728" lon="107.87365733"></trkpt>
  <trkpt lat="-7.16089390" lon="107.87355457"></trkpt>
  <trkpt lat="-7.16079114" lon="107.87334896"></trkpt>
  <trkpt lat="-7.16060607" lon="107.87312281"></trkpt>
  <trkpt lat="-7.16056500" lon="107.87308174"></trkpt>
  <trkpt lat="-7.16062660" lon="107.87302005"></trkpt>
  <trkpt lat="-7.16083221" lon="107.87291729"></trkpt>
  <trkpt lat="-7.16083221" lon="107.87287613"></trkpt>
  <trkpt lat="-7.16079114" lon="107.87273222"></trkpt>
  <trkpt lat="-7.16081168" lon="107.87258830"></trkpt>
  <trkpt lat="-7.16085275" lon="107.87242385"></trkpt>
  <trkpt lat="-7.16097613" lon="107.87225939"></trkpt>
  <trkpt lat="-7.16103782" lon="107.87211548"></trkpt>
  <trkpt lat="-7.16112005" lon="107.87193049"></trkpt>
  <trkpt lat="-7.16103782" lon="107.87178657"></trkpt>
  <trkpt lat="-7.16097613" lon="107.87172488"></trkpt>
  <trkpt lat="-7.16093506" lon="107.87166319"></trkpt>
  <trkpt lat="-7.16093506" lon="107.87164265"></trkpt>
  <trkpt lat="-7.16091444" lon="107.87147820"></trkpt>
  <trkpt lat="-7.16083221" lon="107.87143704"></trkpt>
  <trkpt lat="-7.16068829" lon="107.87137544"></trkpt>
  <trkpt lat="-7.16052384" lon="107.87135482"></trkpt>
  <trkpt lat="-7.16035939" lon="107.87129321"></trkpt>
  <trkpt lat="-7.16027716" lon="107.87137544"></trkpt>
  <trkpt lat="-7.16025654" lon="107.87139597"></trkpt>
  <trkpt lat="-7.16023601" lon="107.87143704"></trkpt>
  <trkpt lat="-7.16021547" lon="107.87145766"></trkpt>
  <trkpt lat="-7.16021547" lon="107.87147820"></trkpt>
  <trkpt lat="-7.16021547" lon="107.87156043"></trkpt>
  <trkpt lat="-7.16019485" lon="107.87160158"></trkpt>
  <trkpt lat="-7.16017432" lon="107.87160158"></trkpt>
  <trkpt lat="-7.16011262" lon="107.87160158"></trkpt>
  <trkpt lat="-7.16005102" lon="107.87156043"></trkpt>
  <trkpt lat="-7.16000986" lon="107.87153989"></trkpt>
  <trkpt lat="-7.15992764" lon="107.87156043"></trkpt>
  <trkpt lat="-7.15986595" lon="107.87151927"></trkpt>
  <trkpt lat="-7.15982479" lon="107.87145766"></trkpt>
  <trkpt lat="-7.15980425" lon="107.87143704"></trkpt>
  <trkpt lat="-7.15976318" lon="107.87137544"></trkpt>
  <trkpt lat="-7.15968096" lon="107.87131375"></trkpt>
  <trkpt lat="-7.15957811" lon="107.87121090"></trkpt>
  <trkpt lat="-7.15949588" lon="107.87108760"></trkpt>
  <trkpt lat="-7.15949588" lon="107.87106707"></trkpt>
  <trkpt lat="-7.15951642" lon="107.87100538"></trkpt>
  <trkpt lat="-7.15947535" lon="107.87088200"></trkpt>
  <trkpt lat="-7.15935197" lon="107.87073808"></trkpt>
  <trkpt lat="-7.15926974" lon="107.87067647"></trkpt>
  <trkpt lat="-7.15924921" lon="107.87065585"></trkpt>
  <trkpt lat="-7.15924921" lon="107.87063532"></trkpt>
  <trkpt lat="-7.15920805" lon="107.87063532"></trkpt>
  <trkpt lat="-7.15908467" lon="107.87057362"></trkpt>
  <trkpt lat="-7.15904360" lon="107.87055309"></trkpt>
  <trkpt lat="-7.15900244" lon="107.87040917"></trkpt>
  <trkpt lat="-7.15902306" lon="107.87026525"></trkpt>
  <trkpt lat="-7.15902306" lon="107.87020365"></trkpt>
  <trkpt lat="-7.15892022" lon="107.87016249"></trkpt>
  <trkpt lat="-7.15885852" lon="107.87012142"></trkpt>
  <trkpt lat="-7.15881745" lon="107.87008027"></trkpt>
  <trkpt lat="-7.15871461" lon="107.86997750"></trkpt>
  <trkpt lat="-7.15869407" lon="107.86993635"></trkpt>
  <trkpt lat="-7.15863238" lon="107.86983359"></trkpt>
  <trkpt lat="-7.15859131" lon="107.86979243"></trkpt>
  <trkpt lat="-7.15844739" lon="107.86979243"></trkpt>
  <trkpt lat="-7.15840624" lon="107.86975136"></trkpt>
  <trkpt lat="-7.15834455" lon="107.86971021"></trkpt>
  <trkpt lat="-7.15830348" lon="107.86964851"></trkpt>
  <trkpt lat="-7.15836517" lon="107.86956629"></trkpt>
  <trkpt lat="-7.15832401" lon="107.86952522"></trkpt>
  <trkpt lat="-7.15834455" lon="107.86944299"></trkpt>
  <trkpt lat="-7.15834455" lon="107.86936076"></trkpt>
  <trkpt lat="-7.15834455" lon="107.86929907"></trkpt>
  <trkpt lat="-7.15828294" lon="107.86925792"></trkpt>
  <trkpt lat="-7.15826232" lon="107.86921685"></trkpt>
  <trkpt lat="-7.15826232" lon="107.86915516"></trkpt>
  <trkpt lat="-7.15826232" lon="107.86905239"></trkpt>
  <trkpt lat="-7.15822125" lon="107.86903177"></trkpt>
  <trkpt lat="-7.15822125" lon="107.86901124"></trkpt>
  <trkpt lat="-7.15824178" lon="107.86897017"></trkpt>
  <trkpt lat="-7.15824178" lon="107.86894955"></trkpt>
  <trkpt lat="-7.15824178" lon="107.86892901"></trkpt>
  <trkpt lat="-7.15822125" lon="107.86886732"></trkpt>
  <trkpt lat="-7.15828294" lon="107.86888794"></trkpt>
  <trkpt lat="-7.15828294" lon="107.86890848"></trkpt>
  <trkpt lat="-7.15828294" lon="107.86886732"></trkpt>
  <trkpt lat="-7.15830348" lon="107.86876456"></trkpt>
  <trkpt lat="-7.15830348" lon="107.86866180"></trkpt>
  <trkpt lat="-7.15824178" lon="107.86857957"></trkpt>
  <trkpt lat="-7.15822125" lon="107.86839450"></trkpt>
  <trkpt lat="-7.15826232" lon="107.86829174"></trkpt>
  <trkpt lat="-7.15822125" lon="107.86810666"></trkpt>
  <trkpt lat="-7.15824178" lon="107.86808613"></trkpt>
  <trkpt lat="-7.15822125" lon="107.86802444"></trkpt>
  <trkpt lat="-7.15818009" lon="107.86788060"></trkpt>
  <trkpt lat="-7.15809787" lon="107.86781891"></trkpt>
  <trkpt lat="-7.15801564" lon="107.86777776"></trkpt>
  <trkpt lat="-7.15793341" lon="107.86773669"></trkpt>
  <trkpt lat="-7.15789226" lon="107.86771607"></trkpt>
  <trkpt lat="-7.15781003" lon="107.86746939"></trkpt>
  <trkpt lat="-7.15783057" lon="107.86746939"></trkpt>
  <trkpt lat="-7.15772781" lon="107.86744885"></trkpt>
  <trkpt lat="-7.15766612" lon="107.86742832"></trkpt>
  <trkpt lat="-7.15756335" lon="107.86732547"></trkpt>
  <trkpt lat="-7.15756335" lon="107.86724324"></trkpt>
  <trkpt lat="-7.15754282" lon="107.86714048"></trkpt>
  <trkpt lat="-7.15756335" lon="107.86705825"></trkpt>
  <trkpt lat="-7.15752220" lon="107.86689380"></trkpt>
  <trkpt lat="-7.15752220" lon="107.86679104"></trkpt>
  <trkpt lat="-7.15750166" lon="107.86670873"></trkpt>
  <trkpt lat="-7.15750166" lon="107.86660597"></trkpt>
  <trkpt lat="-7.15748113" lon="107.86650321"></trkpt>
  <trkpt lat="-7.15748113" lon="107.86642098"></trkpt>
  <trkpt lat="-7.15748113" lon="107.86635929"></trkpt>
  <trkpt lat="-7.15743997" lon="107.86633875"></trkpt>
  <trkpt lat="-7.15743997" lon="107.86625653"></trkpt>
  <trkpt lat="-7.15739890" lon="107.86619483"></trkpt>
  <trkpt lat="-7.15748113" lon="107.86615368"></trkpt>
  <trkpt lat="-7.15750166" lon="107.86613314"></trkpt>
  <trkpt lat="-7.15750166" lon="107.86611261"></trkpt>
  <trkpt lat="-7.15750166" lon="107.86609199"></trkpt>
  <trkpt lat="-7.15748113" lon="107.86607145"></trkpt>
  <trkpt lat="-7.15743997" lon="107.86613314"></trkpt>
  <trkpt lat="-7.15746051" lon="107.86611261"></trkpt>
  <trkpt lat="-7.15741944" lon="107.86611261"></trkpt>
  <trkpt lat="-7.15739890" lon="107.86611261"></trkpt>
  <trkpt lat="-7.15737828" lon="107.86605092"></trkpt>
  <trkpt lat="-7.15735774" lon="107.86600976"></trkpt>
  <trkpt lat="-7.15731659" lon="107.86598923"></trkpt>
  <trkpt lat="-7.15735774" lon="107.86594816"></trkpt>
  <trkpt lat="-7.15737828" lon="107.86592754"></trkpt>
  <trkpt lat="-7.15739890" lon="107.86588646"></trkpt>
  <trkpt lat="-7.15735774" lon="107.86588646"></trkpt>
  <trkpt lat="-7.15731659" lon="107.86586593"></trkpt>
  <trkpt lat="-7.15729605" lon="107.86582477"></trkpt>
  <trkpt lat="-7.15729605" lon="107.86578362"></trkpt>
  <trkpt lat="-7.15729605" lon="107.86576308"></trkpt>
  <trkpt lat="-7.15727552" lon="107.86572201"></trkpt>
  <trkpt lat="-7.15725498" lon="107.86572201"></trkpt>
  <trkpt lat="-7.15723436" lon="107.86570139"></trkpt>
  <trkpt lat="-7.15725498" lon="107.86566032"></trkpt>
  <trkpt lat="-7.15723436" lon="107.86561917"></trkpt>
  <trkpt lat="-7.15723436" lon="107.86559863"></trkpt>
  <trkpt lat="-7.15721383" lon="107.86559863"></trkpt>
  <trkpt lat="-7.15721383" lon="107.86555756"></trkpt>
  <trkpt lat="-7.15721383" lon="107.86551640"></trkpt>
  <trkpt lat="-7.15717276" lon="107.86549587"></trkpt>
  <trkpt lat="-7.15715214" lon="107.86547533"></trkpt>
  <trkpt lat="-7.15715214" lon="107.86543418"></trkpt>
  <trkpt lat="-7.15713160" lon="107.86541364"></trkpt>
  <trkpt lat="-7.15709045" lon="107.86541364"></trkpt>
  <trkpt lat="-7.15706991" lon="107.86537249"></trkpt>
  <trkpt lat="-7.15704937" lon="107.86535195"></trkpt>
  <trkpt lat="-7.15702884" lon="107.86537249"></trkpt>
  <trkpt lat="-7.15696715" lon="107.86541364"></trkpt>
  <trkpt lat="-7.15694653" lon="107.86541364"></trkpt>
  <trkpt lat="-7.15692599" lon="107.86539311"></trkpt>
  <trkpt lat="-7.15694653" lon="107.86539311"></trkpt>
  <trkpt lat="-7.15698768" lon="107.86537249"></trkpt>
  <trkpt lat="-7.15700822" lon="107.86533142"></trkpt>
  <trkpt lat="-7.15698768" lon="107.86531080"></trkpt>
  <trkpt lat="-7.15696715" lon="107.86529026"></trkpt>
  <trkpt lat="-7.15696715" lon="107.86524919"></trkpt>
  <trkpt lat="-7.15696715" lon="107.86522857"></trkpt>
  <trkpt lat="-7.15698768" lon="107.86518750"></trkpt>
  <trkpt lat="-7.15698768" lon="107.86512581"></trkpt>
  <trkpt lat="-7.15698768" lon="107.86510527"></trkpt>
  <trkpt lat="-7.15696715" lon="107.86504358"></trkpt>
  <trkpt lat="-7.15694653" lon="107.86504358"></trkpt>
  <trkpt lat="-7.15690546" lon="107.86504358"></trkpt>
  <trkpt lat="-7.15686430" lon="107.86504358"></trkpt>
  <trkpt lat="-7.15686430" lon="107.86500251"></trkpt>
  <trkpt lat="-7.15684377" lon="107.86496135"></trkpt>
  <trkpt lat="-7.15684377" lon="107.86494082"></trkpt>
  <trkpt lat="-7.15680261" lon="107.86492020"></trkpt>
  <trkpt lat="-7.15678208" lon="107.86489966"></trkpt>
  <trkpt lat="-7.15678208" lon="107.86485859"></trkpt>
  <trkpt lat="-7.15676154" lon="107.86483797"></trkpt>
  <trkpt lat="-7.15669985" lon="107.86481744"></trkpt>
  <trkpt lat="-7.15667931" lon="107.86481744"></trkpt>
  <trkpt lat="-7.15665878" lon="107.86481744"></trkpt>
  <trkpt lat="-7.15665878" lon="107.86479690"></trkpt>
  <trkpt lat="-7.15663816" lon="107.86471467"></trkpt>
  <trkpt lat="-7.15657647" lon="107.86469414"></trkpt>
  <trkpt lat="-7.15655593" lon="107.86461183"></trkpt>
  <trkpt lat="-7.15653540" lon="107.86455022"></trkpt>
  <trkpt lat="-7.15649424" lon="107.86450907"></trkpt>
  <trkpt lat="-7.15641201" lon="107.86446800"></trkpt>
  <trkpt lat="-7.15635032" lon="107.86440630"></trkpt>
  <trkpt lat="-7.15630925" lon="107.86436515"></trkpt>
  <trkpt lat="-7.15624756" lon="107.86428292"></trkpt>
  <trkpt lat="-7.15618587" lon="107.86422123"></trkpt>
  <trkpt lat="-7.15612418" lon="107.86420070"></trkpt>
  <trkpt lat="-7.15608311" lon="107.86422123"></trkpt>
  <trkpt lat="-7.15604195" lon="107.86420070"></trkpt>
  <trkpt lat="-7.15598026" lon="107.86413901"></trkpt>
  <trkpt lat="-7.15583635" lon="107.86422123"></trkpt>
  <trkpt lat="-7.15575412" lon="107.86418016"></trkpt>
  <trkpt lat="-7.15571305" lon="107.86413901"></trkpt>
  <trkpt lat="-7.15567189" lon="107.86409793"></trkpt>
  <trkpt lat="-7.15563082" lon="107.86401571"></trkpt>
  <trkpt lat="-7.15554851" lon="107.86399509"></trkpt>
  <trkpt lat="-7.15542521" lon="107.86397455"></trkpt>
  <trkpt lat="-7.15536352" lon="107.86387179"></trkpt>
  <trkpt lat="-7.15534299" lon="107.86385125"></trkpt>
  <trkpt lat="-7.15521961" lon="107.86374841"></trkpt>
  <trkpt lat="-7.15513738" lon="107.86364565"></trkpt>
  <trkpt lat="-7.15511684" lon="107.86356342"></trkpt>
  <trkpt lat="-7.15511684" lon="107.86344004"></trkpt>
  <trkpt lat="-7.15503462" lon="107.86337843"></trkpt>
  <trkpt lat="-7.15501400" lon="107.86329612"></trkpt>
  <trkpt lat="-7.15493177" lon="107.86323451"></trkpt>
  <trkpt lat="-7.15493177" lon="107.86317282"></trkpt>
  <trkpt lat="-7.15499346" lon="107.86311113"></trkpt>
  <trkpt lat="-7.15501400" lon="107.86304944"></trkpt>
  <trkpt lat="-7.15507569" lon="107.86300837"></trkpt>
  <trkpt lat="-7.15509622" lon="107.86300837"></trkpt>
  <trkpt lat="-7.15511684" lon="107.86300837"></trkpt>
  <trkpt lat="-7.15513738" lon="107.86300837"></trkpt>
  <trkpt lat="-7.15513738" lon="107.86296722"></trkpt>
  <trkpt lat="-7.15513738" lon="107.86290552"></trkpt>
  <trkpt lat="-7.15515791" lon="107.86282330"></trkpt>
  <trkpt lat="-7.15513738" lon="107.86276169"></trkpt>
  <trkpt lat="-7.15515791" lon="107.86263831"></trkpt>
  <trkpt lat="-7.15513738" lon="107.86251493"></trkpt>
  <trkpt lat="-7.15515791" lon="107.86241217"></trkpt>
  <trkpt lat="-7.15511684" lon="107.86228887"></trkpt>
  <trkpt lat="-7.15511684" lon="107.86222718"></trkpt>
  <trkpt lat="-7.15503462" lon="107.86210380"></trkpt>
  <trkpt lat="-7.15493177" lon="107.86202157"></trkpt>
  <trkpt lat="-7.15480839" lon="107.86200103"></trkpt>
  <trkpt lat="-7.15470563" lon="107.86191881"></trkpt>
  <trkpt lat="-7.15474678" lon="107.86185712"></trkpt>
  <trkpt lat="-7.15472616" lon="107.86177489"></trkpt>
  <trkpt lat="-7.15474678" lon="107.86169266"></trkpt>
  <trkpt lat="-7.15472616" lon="107.86167213"></trkpt>
  <trkpt lat="-7.15472616" lon="107.86156928"></trkpt>
  <trkpt lat="-7.15476732" lon="107.86150759"></trkpt>
  <trkpt lat="-7.15478785" lon="107.86146652"></trkpt>
  <trkpt lat="-7.15484954" lon="107.86146652"></trkpt>
  <trkpt lat="-7.15487008" lon="107.86150759"></trkpt>
  <trkpt lat="-7.15491123" lon="107.86154875"></trkpt>
  <trkpt lat="-7.15484954" lon="107.86146652"></trkpt>
  <trkpt lat="-7.15482901" lon="107.86144598"></trkpt>
  <trkpt lat="-7.15482901" lon="107.86140483"></trkpt>
  <trkpt lat="-7.15482901" lon="107.86136376"></trkpt>
  <trkpt lat="-7.15480839" lon="107.86132260"></trkpt>
  <trkpt lat="-7.15480839" lon="107.86128153"></trkpt>
  <trkpt lat="-7.15482901" lon="107.86126091"></trkpt>
  <trkpt lat="-7.15484954" lon="107.86121984"></trkpt>
  <trkpt lat="-7.15487008" lon="107.86107592"></trkpt>
  <trkpt lat="-7.15487008" lon="107.86105539"></trkpt>
  <trkpt lat="-7.15484954" lon="107.86103477"></trkpt>
  <trkpt lat="-7.15484954" lon="107.86097316"></trkpt>
  <trkpt lat="-7.15484954" lon="107.86093201"></trkpt>
  <trkpt lat="-7.15482901" lon="107.86087031"></trkpt>
  <trkpt lat="-7.15478785" lon="107.86084978"></trkpt>
  <trkpt lat="-7.15478785" lon="107.86078809"></trkpt>
  <trkpt lat="-7.15478785" lon="107.86072640"></trkpt>
  <trkpt lat="-7.15478785" lon="107.86068533"></trkpt>
  <trkpt lat="-7.15476732" lon="107.86062364"></trkpt>
  <trkpt lat="-7.15478785" lon="107.86054141"></trkpt>
  <trkpt lat="-7.15478785" lon="107.86050025"></trkpt>
  <trkpt lat="-7.15478785" lon="107.86047972"></trkpt>
  <trkpt lat="-7.15480839" lon="107.86041803"></trkpt>
  <trkpt lat="-7.15487008" lon="107.86033580"></trkpt>
  <trkpt lat="-7.15487008" lon="107.86025357"></trkpt>
  <trkpt lat="-7.15489070" lon="107.86017135"></trkpt>
  <trkpt lat="-7.15493177" lon="107.86010966"></trkpt>
  <trkpt lat="-7.15495231" lon="107.86004805"></trkpt>
  <trkpt lat="-7.15495231" lon="107.86000689"></trkpt>
  <trkpt lat="-7.15497293" lon="107.85996582"></trkpt>
  <trkpt lat="-7.15499346" lon="107.85990413"></trkpt>
  <trkpt lat="-7.15497293" lon="107.85984244"></trkpt>
  <trkpt lat="-7.15493177" lon="107.85980129"></trkpt>
  <trkpt lat="-7.15493177" lon="107.85978075"></trkpt>
  <trkpt lat="-7.15493177" lon="107.85973968"></trkpt>
  <trkpt lat="-7.15493177" lon="107.85971906"></trkpt>
  <trkpt lat="-7.15493177" lon="107.85969852"></trkpt>
  <trkpt lat="-7.15493177" lon="107.85967799"></trkpt>
  <trkpt lat="-7.15493177" lon="107.85959576"></trkpt>
  <trkpt lat="-7.15491123" lon="107.85957523"></trkpt>
  <trkpt lat="-7.15489070" lon="107.85953407"></trkpt>
  <trkpt lat="-7.15491123" lon="107.85949300"></trkpt>
  <trkpt lat="-7.15491123" lon="107.85947238"></trkpt>
  <trkpt lat="-7.15493177" lon="107.85943131"></trkpt>
  <trkpt lat="-7.15493177" lon="107.85939015"></trkpt>
  <trkpt lat="-7.15493177" lon="107.85934908"></trkpt>
  <trkpt lat="-7.15495231" lon="107.85932846"></trkpt>
  <trkpt lat="-7.15493177" lon="107.85928739"></trkpt>
  <trkpt lat="-7.15491123" lon="107.85926686"></trkpt>
  <trkpt lat="-7.15491123" lon="107.85924624"></trkpt>
  <trkpt lat="-7.15489070" lon="107.85922570"></trkpt>
  <trkpt lat="-7.15489070" lon="107.85920517"></trkpt>
  <trkpt lat="-7.15491123" lon="107.85918463"></trkpt>
  <trkpt lat="-7.15493177" lon="107.85912294"></trkpt>
  <trkpt lat="-7.15491123" lon="107.85906125"></trkpt>
  <trkpt lat="-7.15491123" lon="107.85904071"></trkpt>
  <trkpt lat="-7.15487008" lon="107.85895849"></trkpt>
  <trkpt lat="-7.15484954" lon="107.85887626"></trkpt>
  <trkpt lat="-7.15484954" lon="107.85885564"></trkpt>
  <trkpt lat="-7.15482901" lon="107.85881457"></trkpt>
  <trkpt lat="-7.15482901" lon="107.85877341"></trkpt>
  <trkpt lat="-7.15478785" lon="107.85871172"></trkpt>
  <trkpt lat="-7.15478785" lon="107.85865012"></trkpt>
  <trkpt lat="-7.15480839" lon="107.85862950"></trkpt>
  <trkpt lat="-7.15480839" lon="107.85856789"></trkpt>
  <trkpt lat="-7.15480839" lon="107.85852673"></trkpt>
  <trkpt lat="-7.15480839" lon="107.85850360"></trkpt>
  <trkpt lat="-7.15480839" lon="107.85848306"></trkpt>
  <trkpt lat="-7.15480839" lon="107.85844191"></trkpt>
  <trkpt lat="-7.15476732" lon="107.85840084"></trkpt>
  <trkpt lat="-7.15472616" lon="107.85835968"></trkpt>
  <trkpt lat="-7.15472616" lon="107.85831861"></trkpt>
  <trkpt lat="-7.15470563" lon="107.85831861"></trkpt>
  <trkpt lat="-7.15468509" lon="107.85829799"></trkpt>
  <trkpt lat="-7.15466447" lon="107.85825692"></trkpt>
  <trkpt lat="-7.15466447" lon="107.85819523"></trkpt>
  <trkpt lat="-7.15466447" lon="107.85815416"></trkpt>
  <trkpt lat="-7.15466447" lon="107.85813354"></trkpt>
  <trkpt lat="-7.15466447" lon="107.85809247"></trkpt>
  <trkpt lat="-7.15466447" lon="107.85805131"></trkpt>
  <trkpt lat="-7.15466447" lon="107.85803078"></trkpt>
  <trkpt lat="-7.15466447" lon="107.85801024"></trkpt>
  <trkpt lat="-7.15464394" lon="107.85798962"></trkpt>
  <trkpt lat="-7.15464394" lon="107.85796909"></trkpt>
  <trkpt lat="-7.15460286" lon="107.85792802"></trkpt>
  <trkpt lat="-7.15458225" lon="107.85786632"></trkpt>
  <trkpt lat="-7.15456171" lon="107.85782517"></trkpt>
  <trkpt lat="-7.15456171" lon="107.85778410"></trkpt>
  <trkpt lat="-7.15454117" lon="107.85774294"></trkpt>
  <trkpt lat="-7.15456171" lon="107.85770187"></trkpt>
  <trkpt lat="-7.15456171" lon="107.85766072"></trkpt>
  <trkpt lat="-7.15458225" lon="107.85761965"></trkpt>
  <trkpt lat="-7.15458225" lon="107.85755795"></trkpt>
  <trkpt lat="-7.15456171" lon="107.85751680"></trkpt>
  <trkpt lat="-7.15454117" lon="107.85747573"></trkpt>
  <trkpt lat="-7.15450002" lon="107.85745519"></trkpt>
  <trkpt lat="-7.15450002" lon="107.85743457"></trkpt>
  <trkpt lat="-7.15450002" lon="107.85739350"></trkpt>
  <trkpt lat="-7.15450002" lon="107.85737297"></trkpt>
  <trkpt lat="-7.15445895" lon="107.85733181"></trkpt>
  <trkpt lat="-7.15445895" lon="107.85729074"></trkpt>
  <trkpt lat="-7.15445895" lon="107.85724958"></trkpt>
  <trkpt lat="-7.15445895" lon="107.85720843"></trkpt>
  <trkpt lat="-7.15443833" lon="107.85714682"></trkpt>
  <trkpt lat="-7.15441779" lon="107.85710567"></trkpt>
  <trkpt lat="-7.15439726" lon="107.85706460"></trkpt>
  <trkpt lat="-7.15439726" lon="107.85702344"></trkpt>
  <trkpt lat="-7.15437672" lon="107.85696175"></trkpt>
  <trkpt lat="-7.15435610" lon="107.85692068"></trkpt>
  <trkpt lat="-7.15433557" lon="107.85687952"></trkpt>
  <trkpt lat="-7.15429441" lon="107.85683845"></trkpt>
  <trkpt lat="-7.15427388" lon="107.85679730"></trkpt>
  <trkpt lat="-7.15425334" lon="107.85677676"></trkpt>
  <trkpt lat="-7.15425334" lon="107.85675623"></trkpt>
  <trkpt lat="-7.15425334" lon="107.85673561"></trkpt>
  <trkpt lat="-7.15423280" lon="107.85669453"></trkpt>
  <trkpt lat="-7.15419165" lon="107.85665338"></trkpt>
  <trkpt lat="-7.15419165" lon="107.85663284"></trkpt>
  <trkpt lat="-7.15419165" lon="107.85661231"></trkpt>
  <trkpt lat="-7.15419165" lon="107.85659169"></trkpt>
  <trkpt lat="-7.15421218" lon="107.85659169"></trkpt>
  <trkpt lat="-7.15419165" lon="107.85657115"></trkpt>
  <trkpt lat="-7.15417111" lon="107.85650946"></trkpt>
  <trkpt lat="-7.15415058" lon="107.85650946"></trkpt>
  <trkpt lat="-7.15415058" lon="107.85648893"></trkpt>
  <trkpt lat="-7.15412996" lon="107.85648893"></trkpt>
  <trkpt lat="-7.15410942" lon="107.85644786"></trkpt>
  <trkpt lat="-7.15410942" lon="107.85642724"></trkpt>
  <trkpt lat="-7.15410942" lon="107.85638616"></trkpt>
  <trkpt lat="-7.15410942" lon="107.85634501"></trkpt>
  <trkpt lat="-7.15408889" lon="107.85634501"></trkpt>
  <trkpt lat="-7.15408889" lon="107.85632447"></trkpt>
  <trkpt lat="-7.15408889" lon="107.85628332"></trkpt>
  <trkpt lat="-7.15406827" lon="107.85628332"></trkpt>
  <trkpt lat="-7.15406827" lon="107.85624225"></trkpt>
  <trkpt lat="-7.15404773" lon="107.85620109"></trkpt>
  <trkpt lat="-7.15402720" lon="107.85616002"></trkpt>
  <trkpt lat="-7.15398604" lon="107.85613948"></trkpt>
  <trkpt lat="-7.15396550" lon="107.85613948"></trkpt>
  <trkpt lat="-7.15398604" lon="107.85609833"></trkpt>
  <trkpt lat="-7.15396550" lon="107.85605726"></trkpt>
  <trkpt lat="-7.15394497" lon="107.85603664"></trkpt>
  <trkpt lat="-7.15394497" lon="107.85599557"></trkpt>
  <trkpt lat="-7.15390381" lon="107.85599557"></trkpt>
  <trkpt lat="-7.15390381" lon="107.85595441"></trkpt>
  <trkpt lat="-7.15390381" lon="107.85591334"></trkpt>
  <trkpt lat="-7.15392435" lon="107.85589272"></trkpt>
  <trkpt lat="-7.15390381" lon="107.85587219"></trkpt>
  <trkpt lat="-7.15386274" lon="107.85587219"></trkpt>
  <trkpt lat="-7.15384212" lon="107.85585165"></trkpt>
  <trkpt lat="-7.15384212" lon="107.85583111"></trkpt>
  <trkpt lat="-7.15382159" lon="107.85581050"></trkpt>
  <trkpt lat="-7.15384212" lon="107.85581050"></trkpt>
  <trkpt lat="-7.15382159" lon="107.85576942"></trkpt>
  <trkpt lat="-7.15380105" lon="107.85574889"></trkpt>
  <trkpt lat="-7.15378052" lon="107.85572827"></trkpt>
  <trkpt lat="-7.15378052" lon="107.85570773"></trkpt>
  <trkpt lat="-7.15375990" lon="107.85566666"></trkpt>
  <trkpt lat="-7.15373936" lon="107.85564604"></trkpt>
  <trkpt lat="-7.15373936" lon="107.85560497"></trkpt>
  <trkpt lat="-7.15371883" lon="107.85556382"></trkpt>
  <trkpt lat="-7.15369821" lon="107.85552274"></trkpt>
  <trkpt lat="-7.15369821" lon="107.85550212"></trkpt>
  <trkpt lat="-7.15367767" lon="107.85546105"></trkpt>
  <trkpt lat="-7.15369821" lon="107.85541990"></trkpt>
  <trkpt lat="-7.15369821" lon="107.85537883"></trkpt>
  <trkpt lat="-7.15369821" lon="107.85535829"></trkpt>
  <trkpt lat="-7.15369821" lon="107.85533767"></trkpt>
  <trkpt lat="-7.15367767" lon="107.85531714"></trkpt>
  <trkpt lat="-7.15369821" lon="107.85529660"></trkpt>
  <trkpt lat="-7.15367767" lon="107.85527598"></trkpt>
  <trkpt lat="-7.15365713" lon="107.85525545"></trkpt>
  <trkpt lat="-7.15365713" lon="107.85523491"></trkpt>
  <trkpt lat="-7.15363660" lon="107.85521437"></trkpt>
  <trkpt lat="-7.15365713" lon="107.85519375"></trkpt>
  <trkpt lat="-7.15365713" lon="107.85517322"></trkpt>
  <trkpt lat="-7.15365713" lon="107.85515268"></trkpt>
  <trkpt lat="-7.15365713" lon="107.85511153"></trkpt>
  <trkpt lat="-7.15363660" lon="107.85507046"></trkpt>
  <trkpt lat="-7.15363660" lon="107.85504992"></trkpt>
  <trkpt lat="-7.15363660" lon="107.85502930"></trkpt>
  <trkpt lat="-7.15363660" lon="107.85498823"></trkpt>
  <trkpt lat="-7.15363660" lon="107.85496769"></trkpt>
  <trkpt lat="-7.15365713" lon="107.85494708"></trkpt>
  <trkpt lat="-7.15365713" lon="107.85492654"></trkpt>
  <trkpt lat="-7.15367767" lon="107.85490600"></trkpt>
  <trkpt lat="-7.15367767" lon="107.85488538"></trkpt>
  <trkpt lat="-7.15369821" lon="107.85486485"></trkpt>
  <trkpt lat="-7.15371883" lon="107.85484431"></trkpt>
  <trkpt lat="-7.15369821" lon="107.85482378"></trkpt>
  <trkpt lat="-7.15369821" lon="107.85480316"></trkpt>
  <trkpt lat="-7.15367767" lon="107.85478262"></trkpt>
  <trkpt lat="-7.15367767" lon="107.85476209"></trkpt>
  <trkpt lat="-7.15367767" lon="107.85472093"></trkpt>
  <trkpt lat="-7.15369821" lon="107.85470040"></trkpt>
  <trkpt lat="-7.15367767" lon="107.85465932"></trkpt>
  <trkpt lat="-7.15367767" lon="107.85463871"></trkpt>
  <trkpt lat="-7.15365713" lon="107.85457710"></trkpt>
  <trkpt lat="-7.15365713" lon="107.85455648"></trkpt>
  <trkpt lat="-7.15365713" lon="107.85451541"></trkpt>
  <trkpt lat="-7.15363660" lon="107.85449479"></trkpt>
  <trkpt lat="-7.15363660" lon="107.85447425"></trkpt>
  <trkpt lat="-7.15363660" lon="107.85445372"></trkpt>
  <trkpt lat="-7.15363660" lon="107.85441256"></trkpt>
  <trkpt lat="-7.15363660" lon="107.85439203"></trkpt>
  <trkpt lat="-7.15363660" lon="107.85437149"></trkpt>
  <trkpt lat="-7.15363660" lon="107.85435095"></trkpt>
  <trkpt lat="-7.15363660" lon="107.85430980"></trkpt>
  <trkpt lat="-7.15361598" lon="107.85426873"></trkpt>
  <trkpt lat="-7.15359544" lon="107.85424811"></trkpt>
  <trkpt lat="-7.15359544" lon="107.85422757"></trkpt>
  <trkpt lat="-7.15359544" lon="107.85420704"></trkpt>
  <trkpt lat="-7.15357491" lon="107.85416588"></trkpt>
  <trkpt lat="-7.15355429" lon="107.85414535"></trkpt>
  <trkpt lat="-7.15355429" lon="107.85408366"></trkpt>
  <trkpt lat="-7.15355429" lon="107.85406312"></trkpt>
  <trkpt lat="-7.15355429" lon="107.85404258"></trkpt>
  <trkpt lat="-7.15355429" lon="107.85398089"></trkpt>
  <trkpt lat="-7.15355429" lon="107.85396036"></trkpt>
  <trkpt lat="-7.15357491" lon="107.85393974"></trkpt>
  <trkpt lat="-7.15357491" lon="107.85389867"></trkpt>
  <trkpt lat="-7.15357491" lon="107.85387813"></trkpt>
  <trkpt lat="-7.15357491" lon="107.85385751"></trkpt>
  <trkpt lat="-7.15357491" lon="107.85383698"></trkpt>
  <trkpt lat="-7.15359544" lon="107.85381644"></trkpt>
  <trkpt lat="-7.15363660" lon="107.85375475"></trkpt>
  <trkpt lat="-7.15363660" lon="107.85373421"></trkpt>
  <trkpt lat="-7.15365713" lon="107.85371359"></trkpt>
  <trkpt lat="-7.15365713" lon="107.85365199"></trkpt>
  <trkpt lat="-7.15363660" lon="107.85365199"></trkpt>
  <trkpt lat="-7.15365713" lon="107.85365199"></trkpt>
  <trkpt lat="-7.15363660" lon="107.85361083"></trkpt>
  <trkpt lat="-7.15363660" lon="107.85359030"></trkpt>
  <trkpt lat="-7.15365713" lon="107.85354914"></trkpt>
  <trkpt lat="-7.15365713" lon="107.85352861"></trkpt>
  <trkpt lat="-7.15365713" lon="107.85350807"></trkpt>
  <trkpt lat="-7.15365713" lon="107.85348745"></trkpt>
  <trkpt lat="-7.15367767" lon="107.85346691"></trkpt>
  <trkpt lat="-7.15367767" lon="107.85342584"></trkpt>
  <trkpt lat="-7.15367767" lon="107.85338469"></trkpt>
  <trkpt lat="-7.15365713" lon="107.85336415"></trkpt>
  <trkpt lat="-7.15367767" lon="107.85334362"></trkpt>
  <trkpt lat="-7.15367767" lon="107.85332300"></trkpt>
  <trkpt lat="-7.15367767" lon="107.85330246"></trkpt>
  <trkpt lat="-7.15365713" lon="107.85328193"></trkpt>
  <trkpt lat="-7.15363660" lon="107.85326139"></trkpt>
  <trkpt lat="-7.15361598" lon="107.85326139"></trkpt>
  <trkpt lat="-7.15359544" lon="107.85324077"></trkpt>
  <trkpt lat="-7.15355429" lon="107.85322024"></trkpt>
  <trkpt lat="-7.15353375" lon="107.85319970"></trkpt>
  <trkpt lat="-7.15357491" lon="107.85319970"></trkpt>
  <trkpt lat="-7.15357491" lon="107.85315854"></trkpt>
  <trkpt lat="-7.15357491" lon="107.85313801"></trkpt>
  <trkpt lat="-7.15357491" lon="107.85311747"></trkpt>
  <trkpt lat="-7.15357491" lon="107.85309685"></trkpt>
  <trkpt lat="-7.15359544" lon="107.85307632"></trkpt>
  <trkpt lat="-7.15357491" lon="107.85305578"></trkpt>
  <trkpt lat="-7.15357491" lon="107.85303525"></trkpt>
  <trkpt lat="-7.15359544" lon="107.85301463"></trkpt>
  <trkpt lat="-7.15361598" lon="107.85299409"></trkpt>
  <trkpt lat="-7.15359544" lon="107.85297356"></trkpt>
  <trkpt lat="-7.15361598" lon="107.85293240"></trkpt>
  <trkpt lat="-7.15361598" lon="107.85291187"></trkpt>
  <trkpt lat="-7.15363660" lon="107.85287071"></trkpt>
  <trkpt lat="-7.15363660" lon="107.85285017"></trkpt>
  <trkpt lat="-7.15363660" lon="107.85282964"></trkpt>
  <trkpt lat="-7.15363660" lon="107.85280910"></trkpt>
  <trkpt lat="-7.15363660" lon="107.85276795"></trkpt>
  <trkpt lat="-7.15363660" lon="107.85272688"></trkpt>
  <trkpt lat="-7.15365713" lon="107.85272688"></trkpt>
  <trkpt lat="-7.15365713" lon="107.85268572"></trkpt>
  <trkpt lat="-7.15365713" lon="107.85264465"></trkpt>
  <trkpt lat="-7.15363660" lon="107.85260350"></trkpt>
  <trkpt lat="-7.15363660" lon="107.85256242"></trkpt>
  <trkpt lat="-7.15367767" lon="107.85250073"></trkpt>
  <trkpt lat="-7.15369821" lon="107.85248011"></trkpt>
  <trkpt lat="-7.15373936" lon="107.85241851"></trkpt>
  <trkpt lat="-7.15375990" lon="107.85229512"></trkpt>
  <trkpt lat="-7.15375990" lon="107.85223343"></trkpt>
  <trkpt lat="-7.15373936" lon="107.85223343"></trkpt>
  <trkpt lat="-7.15371883" lon="107.85227459"></trkpt>
  <trkpt lat="-7.15369695" lon="107.85225405"></trkpt>
  <trkpt lat="-7.15365588" lon="107.85213067"></trkpt>
  <trkpt lat="-7.15363526" lon="107.85202791"></trkpt>
  <trkpt lat="-7.15359419" lon="107.85194568"></trkpt>
  <trkpt lat="-7.15355303" lon="107.85180177"></trkpt>
  <trkpt lat="-7.15353250" lon="107.85171954"></trkpt>
  <trkpt lat="-7.15351196" lon="107.85159616"></trkpt>
  <trkpt lat="-7.15351196" lon="107.85149340"></trkpt>
  <trkpt lat="-7.15342965" lon="107.85134948"></trkpt>
  <trkpt lat="-7.15334742" lon="107.85126725"></trkpt>
  <trkpt lat="-7.15330635" lon="107.85124672"></trkpt>
  <trkpt lat="-7.15322413" lon="107.85118503"></trkpt>
  <trkpt lat="-7.15314190" lon="107.85108218"></trkpt>
  <trkpt lat="-7.15308021" lon="107.85099995"></trkpt>
  <trkpt lat="-7.15305959" lon="107.85099995"></trkpt>
  <trkpt lat="-7.15299798" lon="107.85091773"></trkpt>
  <trkpt lat="-7.15301852" lon="107.85087666"></trkpt>
  <trkpt lat="-7.15301852" lon="107.85083550"></trkpt>
  <trkpt lat="-7.15301852" lon="107.85077381"></trkpt>
  <trkpt lat="-7.15303905" lon="107.85073274"></trkpt>
  <trkpt lat="-7.15303905" lon="107.85069158"></trkpt>
  <trkpt lat="-7.15303905" lon="107.85062998"></trkpt>
  <trkpt lat="-7.15303905" lon="107.85056829"></trkpt>
  <trkpt lat="-7.15299798" lon="107.85050659"></trkpt>
  <trkpt lat="-7.15295683" lon="107.85046544"></trkpt>
  <trkpt lat="-7.15293629" lon="107.85040383"></trkpt>
  <trkpt lat="-7.15295683" lon="107.85036268"></trkpt>
  <trkpt lat="-7.15295683" lon="107.85032161"></trkpt>
  <trkpt lat="-7.15295683" lon="107.85028045"></trkpt>
  <trkpt lat="-7.15295683" lon="107.85021876"></trkpt>
  <trkpt lat="-7.15297736" lon="107.85021876"></trkpt>
  <trkpt lat="-7.15291567" lon="107.85021876"></trkpt>
  <trkpt lat="-7.15287460" lon="107.85019822"></trkpt>
  <trkpt lat="-7.15285406" lon="107.85017769"></trkpt>
  <trkpt lat="-7.15281291" lon="107.85015707"></trkpt>
  <trkpt lat="-7.15283344" lon="107.85017769"></trkpt>
  <trkpt lat="-7.15275122" lon="107.85011600"></trkpt>
  <trkpt lat="-7.15271015" lon="107.85007484"></trkpt>
  <trkpt lat="-7.15266899" lon="107.85005431"></trkpt>
  <trkpt lat="-7.15264846" lon="107.85005431"></trkpt>
  <trkpt lat="-7.15256623" lon="107.85001324"></trkpt>
  <trkpt lat="-7.15252507" lon="107.84999262"></trkpt>
  <trkpt lat="-7.15250454" lon="107.84995154"></trkpt>
  <trkpt lat="-7.15252507" lon="107.84995154"></trkpt>
  <trkpt lat="-7.15246338" lon="107.84991039"></trkpt>
  <trkpt lat="-7.15242231" lon="107.84986932"></trkpt>
  <trkpt lat="-7.15240178" lon="107.84982816"></trkpt>
  <trkpt lat="-7.15236062" lon="107.84980763"></trkpt>
  <trkpt lat="-7.15236062" lon="107.84978709"></trkpt>
  <trkpt lat="-7.15231947" lon="107.84980763"></trkpt>
  <trkpt lat="-7.15229893" lon="107.84980763"></trkpt>
  <trkpt lat="-7.15225786" lon="107.84978709"></trkpt>
  <trkpt lat="-7.15223724" lon="107.84972540"></trkpt>
  <trkpt lat="-7.15221670" lon="107.84968425"></trkpt>
  <trkpt lat="-7.15219617" lon="107.84964317"></trkpt>
  <trkpt lat="-7.15219617" lon="107.84962264"></trkpt>
  <trkpt lat="-7.15217555" lon="107.84958148"></trkpt>
  <trkpt lat="-7.15215501" lon="107.84956095"></trkpt>
  <trkpt lat="-7.15211394" lon="107.84954041"></trkpt>
  <trkpt lat="-7.15207279" lon="107.84949926"></trkpt>
  <trkpt lat="-7.15203163" lon="107.84947872"></trkpt>
  <trkpt lat="-7.15199056" lon="107.84943757"></trkpt>
  <trkpt lat="-7.15199056" lon="107.84939650"></trkpt>
  <trkpt lat="-7.15197003" lon="107.84937596"></trkpt>
  <trkpt lat="-7.15194941" lon="107.84935534"></trkpt>
  <trkpt lat="-7.15190833" lon="107.84935534"></trkpt>
  <trkpt lat="-7.15186718" lon="107.84931427"></trkpt>
  <trkpt lat="-7.15182611" lon="107.84929365"></trkpt>
  <trkpt lat="-7.15184664" lon="107.84929365"></trkpt>
  <trkpt lat="-7.15186718" lon="107.84929365"></trkpt>
  <trkpt lat="-7.15186718" lon="107.84923204"></trkpt>
  <trkpt lat="-7.15186718" lon="107.84921142"></trkpt>
  <trkpt lat="-7.15192887" lon="107.84917035"></trkpt>
  <trkpt lat="-7.15197003" lon="107.84912920"></trkpt>
  <trkpt lat="-7.15201110" lon="107.84904697"></trkpt>
  <trkpt lat="-7.15205225" lon="107.84896474"></trkpt>
  <trkpt lat="-7.15213448" lon="107.84888252"></trkpt>
  <trkpt lat="-7.15215501" lon="107.84886198"></trkpt>
  <trkpt lat="-7.15221670" lon="107.84882083"></trkpt>
  <trkpt lat="-7.15229893" lon="107.84877975"></trkpt>
  <trkpt lat="-7.15229893" lon="107.84873860"></trkpt>
  <trkpt lat="-7.15231947" lon="107.84873860"></trkpt>
  <trkpt lat="-7.15236062" lon="107.84867691"></trkpt>
  <trkpt lat="-7.15205225" lon="107.84830693"></trkpt>
  <trkpt lat="-7.15197003" lon="107.84826578"></trkpt>
  <trkpt lat="-7.15048978" lon="107.84727772"></trkpt>
  <trkpt lat="-7.15003741" lon="107.84670213"></trkpt>
  <trkpt lat="-7.14974966" lon="107.84651706"></trkpt>
  <trkpt lat="-7.14948236" lon="107.84583871"></trkpt>
  <trkpt lat="-7.14919453" lon="107.84583871"></trkpt>
  <trkpt lat="-7.14818710" lon="107.84530420"></trkpt>
  <trkpt lat="-7.14763205" lon="107.84497521"></trkpt>
  <trkpt lat="-7.14734422" lon="107.84468746"></trkpt>
  <trkpt lat="-7.14732368" lon="107.84437909"></trkpt>
  <trkpt lat="-7.14701523" lon="107.84431740"></trkpt>
  <trkpt lat="-7.14699470" lon="107.84419402"></trkpt>
  <trkpt lat="-7.14693300" lon="107.84419402"></trkpt>
  <trkpt lat="-7.14687140" lon="107.84419402"></trkpt>
  <trkpt lat="-7.14695362" lon="107.84431740"></trkpt>
  <trkpt lat="-7.14625457" lon="107.84409125"></trkpt>
  <trkpt lat="-7.14623404" lon="107.84409125"></trkpt>
 </trkseg>
</trk>
<trk>
 <name>Track 154</name>
 <trkseg>
  <trkpt lat="-7.14553499" lon="107.84318668"></trkpt>
  <trkpt lat="-7.14553499" lon="107.84324837"></trkpt>
  <trkpt lat="-7.14555561" lon="107.84337175"></trkpt>
  <trkpt lat="-7.14553499" lon="107.84343344"></trkpt>
  <trkpt lat="-7.14553499" lon="107.84345398"></trkpt>
  <trkpt lat="-7.14551445" lon="107.84355674"></trkpt>
  <trkpt lat="-7.14549392" lon="107.84365950"></trkpt>
  <trkpt lat="-7.14551445" lon="107.84372119"></trkpt>
  <trkpt lat="-7.14555561" lon="107.84378288"></trkpt>
  <trkpt lat="-7.14559668" lon="107.84376235"></trkpt>
  <trkpt lat="-7.14563783" lon="107.84378288"></trkpt>
  <trkpt lat="-7.14565837" lon="107.84388565"></trkpt>
  <trkpt lat="-7.14565837" lon="107.84392680"></trkpt>
  <trkpt lat="-7.14563783" lon="107.84398849"></trkpt>
  <trkpt lat="-7.14567890" lon="107.84409125"></trkpt>
  <trkpt lat="-7.14565837" lon="107.84411179"></trkpt>
  <trkpt lat="-7.14565837" lon="107.84417348"></trkpt>
  <trkpt lat="-7.14565837" lon="107.84419402"></trkpt>
  <trkpt lat="-7.14572006" lon="107.84421463"></trkpt>
  <trkpt lat="-7.14572006" lon="107.84419402"></trkpt>
  <trkpt lat="-7.14582282" lon="107.84419402"></trkpt>
  <trkpt lat="-7.14592567" lon="107.84419402"></trkpt>
  <trkpt lat="-7.14596674" lon="107.84419402"></trkpt>
  <trkpt lat="-7.14609012" lon="107.84419402"></trkpt>
  <trkpt lat="-7.14617235" lon="107.84417348"></trkpt>
  <trkpt lat="-7.14617109" lon="107.84417348"></trkpt>
  <trkpt lat="-7.14625457" lon="107.84417348"></trkpt>
  <trkpt lat="-7.14625457" lon="107.84415294"></trkpt>
  <trkpt lat="-7.14623404" lon="107.84409125"></trkpt>
  <trkpt lat="-7.14619288" lon="107.84402956"></trkpt>
  <trkpt lat="-7.14619288" lon="107.84398849"></trkpt>
  <trkpt lat="-7.14615181" lon="107.84396787"></trkpt>
  <trkpt lat="-7.14611066" lon="107.84392680"></trkpt>
  <trkpt lat="-7.14606958" lon="107.84388565"></trkpt>
  <trkpt lat="-7.14604896" lon="107.84384457"></trkpt>
  <trkpt lat="-7.14600789" lon="107.84382404"></trkpt>
  <trkpt lat="-7.14596674" lon="107.84380342"></trkpt>
  <trkpt lat="-7.14594620" lon="107.84374181"></trkpt>
  <trkpt lat="-7.14594620" lon="107.84368012"></trkpt>
  <trkpt lat="-7.14588451" lon="107.84368012"></trkpt>
  <trkpt lat="-7.14586398" lon="107.84365950"></trkpt>
  <trkpt lat="-7.14582282" lon="107.84363897"></trkpt>
  <trkpt lat="-7.14580229" lon="107.84359789"></trkpt>
  <trkpt lat="-7.14580229" lon="107.84353620"></trkpt>
  <trkpt lat="-7.14582282" lon="107.84351567"></trkpt>
  <trkpt lat="-7.14582282" lon="107.84347451"></trkpt>
  <trkpt lat="-7.14580229" lon="107.84341282"></trkpt>
  <trkpt lat="-7.14582282" lon="107.84335122"></trkpt>
  <trkpt lat="-7.14582282" lon="107.84333060"></trkpt>
  <trkpt lat="-7.14582282" lon="107.84328952"></trkpt>
  <trkpt lat="-7.14578175" lon="107.84324837"></trkpt>
  <trkpt lat="-7.14574059" lon="107.84320730"></trkpt>
  <trkpt lat="-7.14572006" lon="107.84316614"></trkpt>
  <trkpt lat="-7.14567890" lon="107.84312507"></trkpt>
  <trkpt lat="-7.14565837" lon="107.84308392"></trkpt>
  <trkpt lat="-7.14563783" lon="107.84308392"></trkpt>
  <trkpt lat="-7.14565837" lon="107.84308392"></trkpt>
  <trkpt lat="-7.14563783" lon="107.84308392"></trkpt>
 </trkseg>
</trk>
<trk>
 <name>Track 155</name>
 <trkseg>
  <trkpt lat="-7.14592567" lon="107.84419402"></trkpt>
  <trkpt lat="-7.14594620" lon="107.84419402"></trkpt>
  <trkpt lat="-7.14598736" lon="107.84419402"></trkpt>
  <trkpt lat="-7.14602843" lon="107.84421463"></trkpt>
  <trkpt lat="-7.14615181" lon="107.84423517"></trkpt>
  <trkpt lat="-7.14619288" lon="107.84427624"></trkpt>
  <trkpt lat="-7.14621350" lon="107.84427624"></trkpt>
  <trkpt lat="-7.14623404" lon="107.84433793"></trkpt>
  <trkpt lat="-7.14623404" lon="107.84435847"></trkpt>
  <trkpt lat="-7.14619288" lon="107.84442016"></trkpt>
  <trkpt lat="-7.14617235" lon="107.84448185"></trkpt>
  <trkpt lat="-7.14615181" lon="107.84454354"></trkpt>
  <trkpt lat="-7.14615181" lon="107.84458461"></trkpt>
  <trkpt lat="-7.14611066" lon="107.84464630"></trkpt>
  <trkpt lat="-7.14606958" lon="107.84466684"></trkpt>
  <trkpt lat="-7.14602843" lon="107.84472853"></trkpt>
  <trkpt lat="-7.14598736" lon="107.84479022"></trkpt>
  <trkpt lat="-7.14596674" lon="107.84481076"></trkpt>
  <trkpt lat="-7.14596674" lon="107.84483138"></trkpt>
  <trkpt lat="-7.14592567" lon="107.84487245"></trkpt>
  <trkpt lat="-7.14586398" lon="107.84489298"></trkpt>
  <trkpt lat="-7.14578175" lon="107.84493414"></trkpt>
  <trkpt lat="-7.14574059" lon="107.84493414"></trkpt>
  <trkpt lat="-7.14567890" lon="107.84491360"></trkpt>
  <trkpt lat="-7.14563783" lon="107.84489298"></trkpt>
  <trkpt lat="-7.14549392" lon="107.84481076"></trkpt>
  <trkpt lat="-7.14545276" lon="107.84479022"></trkpt>
  <trkpt lat="-7.14541169" lon="107.84479022"></trkpt>
  <trkpt lat="-7.14535000" lon="107.84481076"></trkpt>
  <trkpt lat="-7.14524715" lon="107.84479022"></trkpt>
  <trkpt lat="-7.14520608" lon="107.84479022"></trkpt>
  <trkpt lat="-7.14514439" lon="107.84481076"></trkpt>
  <trkpt lat="-7.14512385" lon="107.84483138"></trkpt>
  <trkpt lat="-7.14510332" lon="107.84483138"></trkpt>
  <trkpt lat="-7.14510332" lon="107.84485191"></trkpt>
  <trkpt lat="-7.14504163" lon="107.84485191"></trkpt>
  <trkpt lat="-7.14500047" lon="107.84487245"></trkpt>
  <trkpt lat="-7.14493878" lon="107.84485191"></trkpt>
  <trkpt lat="-7.14491825" lon="107.84485191"></trkpt>
  <trkpt lat="-7.14487709" lon="107.84483138"></trkpt>
  <trkpt lat="-7.14483602" lon="107.84483138"></trkpt>
  <trkpt lat="-7.14475379" lon="107.84481076"></trkpt>
  <trkpt lat="-7.14467157" lon="107.84479022"></trkpt>
  <trkpt lat="-7.14465095" lon="107.84479022"></trkpt>
  <trkpt lat="-7.14458934" lon="107.84479022"></trkpt>
  <trkpt lat="-7.14456872" lon="107.84479022"></trkpt>
  <trkpt lat="-7.14448649" lon="107.84476968"></trkpt>
  <trkpt lat="-7.14446596" lon="107.84474915"></trkpt>
  <trkpt lat="-7.14444542" lon="107.84479022"></trkpt>
  <trkpt lat="-7.14436311" lon="107.84474915"></trkpt>
  <trkpt lat="-7.14432204" lon="107.84472853"></trkpt>
  <trkpt lat="-7.14430151" lon="107.84474915"></trkpt>
  <trkpt lat="-7.14428089" lon="107.84474915"></trkpt>
  <trkpt lat="-7.14423981" lon="107.84474915"></trkpt>
  <trkpt lat="-7.14421928" lon="107.84474915"></trkpt>
  <trkpt lat="-7.14421794" lon="107.84474915"></trkpt>
 </trkseg>
</trk>
 <extensions>
 </extensions>
</gpx>
