<?xml version="1.0" encoding="UTF-8" standalone="yes"?>
<gpx
 version="1.1"
 creator="Global Mapper - http://www.globalmapper.com"
 xmlns:globalmapper="http://www.bluemarblegeo.com/globalmapper"
 xmlns:xsi="http://www.w3.org/2001/XMLSchema-instance"
 xmlns="http://www.topografix.com/GPX/1/1"
 xsi:schemaLocation="http://www.topografix.com/GPX/1/1 http://www.topografix.com/GPX/1/1/gpx.xsd">
 <metadata>
 </metadata>
<wpt lat="-3.19188698" lon="129.49149303">
 <ele>2587.254</ele>
 <name>Air4</name>
</wpt>
<wpt lat="-3.33895267" lon="128.92077503">
 <ele>7.095</ele>
 <name>Amahai Port</name>
</wpt>
<wpt lat="-3.33797693" lon="128.92473221">
 <name>Amahai Port1</name>
</wpt>
<wpt lat="-3.23092385" lon="129.51342965">
 <ele>1672.807</ele>
 <name>Bks Camp</name>
</wpt>
<wpt lat="-3.29971790" lon="128.95451546">
 <name>Bri Binaya</name>
</wpt>
<wpt lat="-3.15450068" lon="129.46661261">
 <ele>1853.184</ele>
 <name>Camp Lost</name>
</wpt>
<wpt lat="-2.96349764" lon="129.32899475">
 <name>Halte Huwaulu</name>
</wpt>
<wpt lat="-2.96353326" lon="129.32901671">
 <ele>143.561</ele>
 <name>Huahulu Halte</name>
</wpt>
<wpt lat="-3.15068121" lon="129.46625143">
 <ele>1709.623</ele>
 <name>Jumrin Point</name>
</wpt>
<wpt lat="-3.26295873" lon="129.53628710">
 <ele>614.644</ele>
 <name>KaliA</name>
</wpt>
<wpt lat="-3.11000057" lon="129.47974755">
 <ele>609.295</ele>
 <name>Kanikeh Village</name>
</wpt>
<wpt lat="-3.30398798" lon="128.95412922">
 <name>Kantor Bupati1</name>
</wpt>
<wpt lat="-3.23749904" lon="129.51089538">
 <ele>1235.41</ele>
 <name>Lembah1</name>
</wpt>
<wpt lat="-3.24527710" lon="129.51433540">
 <name>Lukuamano</name>
</wpt>
<wpt lat="-3.17954371" lon="129.47354394">
 <ele>3002.89</ele>
 <name>Mt Binaiya Summit 1</name>
</wpt>
<wpt lat="-3.25887616" lon="129.53359650">
 <ele>661.989</ele>
 <name>Ngepok</name>
</wpt>
<wpt lat="-3.16558759" lon="129.47222698">
 <ele>2370.734</ele>
 <name>Ovie Cliff</name>
</wpt>
<wpt lat="-3.18280360" lon="129.47873142">
 <name>P Binaia Besar</name>
</wpt>
<wpt lat="-3.21337223" lon="129.50524807">
 <ele>2281.077</ele>
 <name>P Manukupa</name>
</wpt>
<wpt lat="-3.23431492" lon="129.50932503">
 <ele>1418.06</ele>
 <name>Pck 2 Ailunasa</name>
</wpt>
<wpt lat="-3.17549022" lon="129.47276124">
 <ele>2840.431</ele>
 <name>Pondok Rusa</name>
</wpt>
<wpt lat="-3.25402957" lon="129.52860273">
 <name>Pos 1 Yamitala</name>
</wpt>
<wpt lat="-3.24008160" lon="129.51207520">
 <name>Pos 2 Aimoto</name>
</wpt>
<wpt lat="-3.21991615" lon="129.50938085">
 <name>Pos 3 Highcamp</name>
</wpt>
<wpt lat="-3.20905840" lon="129.50224060">
 <name>Pos 4 Isiali</name>
</wpt>
<wpt lat="-3.19147040" lon="129.49115046">
 <name>Pos 5 Nasapeha</name>
</wpt>
<wpt lat="-3.18278270" lon="129.47828240">
 <name>Pos 6 Waifuku</name>
</wpt>
<wpt lat="-3.24964230" lon="129.51881050">
 <name>Pulehata</name>
</wpt>
<wpt lat="-3.23525906" lon="129.50994730">
 <ele>1368.072</ele>
 <name>Puncak 1 Aiula</name>
</wpt>
<wpt lat="-3.19707810" lon="129.49357930">
 <name>Puncak Bintang</name>
</wpt>
<wpt lat="-3.17322750" lon="129.45451220">
 <name>Puncak Siale</name>
</wpt>
<wpt lat="-3.16819218" lon="129.47323649">
 <ele>2473.757</ele>
 <name>Rock Junction</name>
</wpt>
<wpt lat="-3.01972980" lon="129.39149730">
 <name>Roho Village</name>
</wpt>
<wpt lat="-3.14469460" lon="129.46857163">
 <ele>1493.52</ele>
 <name>Rusa Pond</name>
</wpt>
<wpt lat="-3.13872635" lon="129.48192811">
 <ele>995.782</ele>
 <name>Small River Kanikeh 2</name>
</wpt>
<wpt lat="-3.13554081" lon="129.48307073">
 <ele>932.383</ele>
 <name>Small River Kanikeh 3</name>
</wpt>
<wpt lat="-3.27064830" lon="129.54845590">
 <name>Start Piliana</name>
</wpt>
<wpt lat="-3.27855393" lon="129.53942209">
 <name>Sungai Yahe</name>
</wpt>
<wpt lat="-3.25468923" lon="129.52533664">
 <ele>673.044</ele>
 <name>Tebing1</name>
</wpt>
<wpt lat="-3.37821007" lon="129.54245567">
 <name>Tehoru</name>
</wpt>
<wpt lat="-3.23005716" lon="129.51338271">
 <ele>1721.353</ele>
 <name>Teleuna</name>
</wpt>
<wpt lat="-3.29980206" lon="128.95617139">
 <ele>-1.076</ele>
 <name>Terminal Masohi</name>
</wpt>
<wpt lat="-3.31128761" lon="128.94370372">
 <ele>9.739</ele>
 <name>Toko New Victo</name>
</wpt>
<wpt lat="-3.01357900" lon="129.36636660">
 <name>Waera River</name>
</wpt>
<wpt lat="-3.26469538" lon="129.53707919">
 <name>WaifuIno</name>
</wpt>
<wpt lat="-3.07900211" lon="129.43470782">
 <ele>375.818</ele>
 <name>Wasamata River</name>
</wpt>
<wpt lat="-3.23255740" lon="129.51009893">
 <ele>1491.119</ele>
 <name>Watu11</name>
</wpt>
<wpt lat="-3.22726306" lon="129.51211033">
 <ele>1773.504</ele>
 <name>Watu2</name>
</wpt>
<wpt lat="-3.14335275" lon="129.47476686">
 <ele>1298.448</ele>
 <name>Way Wuhu</name>
</wpt>
<wpt lat="-3.12836062" lon="129.47957681">
 <ele>812.292</ele>
 <name>Wayamsela River</name>
</wpt>
<wpt lat="-3.25526310" lon="129.52960520">
 <name>Yahe Atas</name>
</wpt>
<wpt lat="-3.29755200" lon="129.52785370">
 <name>Yaputi</name>
</wpt>
<wpt lat="-2.99102410" lon="129.35237090">
 <name>Desa Balileo Huahulu
</name>
</wpt>
<trk>
 <name>10</name>
 <trkseg>
  <trkpt lat="-3.17461783" lon="129.46178673"></trkpt>
  <trkpt lat="-3.17484624" lon="129.46144408"></trkpt>
  <trkpt lat="-3.17518889" lon="129.46075869"></trkpt>
  <trkpt lat="-3.17518889" lon="129.46018755"></trkpt>
  <trkpt lat="-3.17530314" lon="129.45950216"></trkpt>
  <trkpt lat="-3.17518889" lon="129.45858828"></trkpt>
  <trkpt lat="-3.17484624" lon="129.45778873"></trkpt>
  <trkpt lat="-3.17450359" lon="129.45698909"></trkpt>
  <trkpt lat="-3.17404669" lon="129.45641795"></trkpt>
  <trkpt lat="-3.17381828" lon="129.45573256"></trkpt>
  <trkpt lat="-3.17370404" lon="129.45538991"></trkpt>
  <trkpt lat="-3.17347563" lon="129.45493293"></trkpt>
  <trkpt lat="-3.17313298" lon="129.45459028"></trkpt>
 </trkseg>
</trk>
<trk>
 <name>ACTIVE LOG 017</name>
 <trkseg>
  <trkpt lat="-3.30158757" lon="128.95290529">
   <ele>45.8</ele>
  </trkpt>
  <trkpt lat="-3.30160668" lon="128.95286917">
   <ele>43.877</ele>
  </trkpt>
  <trkpt lat="-3.30160635" lon="128.95286917">
   <ele>44.358</ele>
  </trkpt>
  <trkpt lat="-3.30160744" lon="128.95286975">
   <ele>41.474</ele>
  </trkpt>
  <trkpt lat="-3.30160517" lon="128.95285869">
   <ele>40.032</ele>
  </trkpt>
  <trkpt lat="-3.30160425" lon="128.95285819">
   <ele>39.551</ele>
  </trkpt>
  <trkpt lat="-3.30160199" lon="128.95285752">
   <ele>41.474</ele>
  </trkpt>
  <trkpt lat="-3.30160182" lon="128.95285743">
   <ele>38.59</ele>
  </trkpt>
  <trkpt lat="-3.30159813" lon="128.95285643">
   <ele>38.109</ele>
  </trkpt>
 </trkseg>
</trk>
<trk>
 <name>ACTIVE LOG 021 001</name>
 <trkseg>
  <trkpt lat="-3.29980524" lon="128.95623970">
   <ele>27.535</ele>
  </trkpt>
  <trkpt lat="-3.29977968" lon="128.95630147">
   <ele>24.17</ele>
  </trkpt>
  <trkpt lat="-3.29977540" lon="128.95629946">
   <ele>23.69</ele>
  </trkpt>
  <trkpt lat="-3.29976643" lon="128.95628664">
   <ele>19.364</ele>
  </trkpt>
  <trkpt lat="-3.29975621" lon="128.95627406">
   <ele>15.999</ele>
  </trkpt>
  <trkpt lat="-3.29974791" lon="128.95627054">
   <ele>13.115</ele>
  </trkpt>
  <trkpt lat="-3.29974581" lon="128.95626862">
   <ele>13.115</ele>
  </trkpt>
  <trkpt lat="-3.29973919" lon="128.95626526">
   <ele>9.27</ele>
  </trkpt>
  <trkpt lat="-3.29973768" lon="128.95626384">
   <ele>-1.785</ele>
  </trkpt>
  <trkpt lat="-3.29973718" lon="128.95626334">
   <ele>-1.785</ele>
  </trkpt>
  <trkpt lat="-3.29969862" lon="128.95625780">
   <ele>-2.266</ele>
  </trkpt>
  <trkpt lat="-3.29929604" lon="128.95568389">
   <ele>-2.747</ele>
  </trkpt>
  <trkpt lat="-3.29923393" lon="128.95564090">
   <ele>-1.785</ele>
  </trkpt>
  <trkpt lat="-3.29907501" lon="128.95556889">
   <ele>-2.747</ele>
  </trkpt>
  <trkpt lat="-3.29918766" lon="128.95544023">
   <ele>-2.266</ele>
  </trkpt>
  <trkpt lat="-3.29973416" lon="128.95481570">
   <ele>-2.266</ele>
  </trkpt>
  <trkpt lat="-3.29988487" lon="128.95464345">
   <ele>-2.266</ele>
  </trkpt>
  <trkpt lat="-3.30000146" lon="128.95451009">
   <ele>-2.266</ele>
  </trkpt>
  <trkpt lat="-3.30014706" lon="128.95434380">
   <ele>-2.266</ele>
  </trkpt>
  <trkpt lat="-3.30093906" lon="128.95352480">
   <ele>-0.343</ele>
  </trkpt>
  <trkpt lat="-3.30221269" lon="128.95244932">
   <ele>0.137</ele>
  </trkpt>
  <trkpt lat="-3.30309816" lon="128.95169000">
   <ele>0.618</ele>
  </trkpt>
  <trkpt lat="-3.30417884" lon="128.95053875">
   <ele>1.099</ele>
  </trkpt>
  <trkpt lat="-3.30511166" lon="128.94915104">
   <ele>0.618</ele>
  </trkpt>
  <trkpt lat="-3.30597231" lon="128.94792695">
   <ele>2.06</ele>
  </trkpt>
  <trkpt lat="-3.30690245" lon="128.94708532">
   <ele>0.618</ele>
  </trkpt>
  <trkpt lat="-3.30717696" lon="128.94683696">
   <ele>-0.824</ele>
  </trkpt>
  <trkpt lat="-3.30724955" lon="128.94681215">
   <ele>-1.305</ele>
  </trkpt>
  <trkpt lat="-3.30765397" lon="128.94777431">
   <ele>0.618</ele>
  </trkpt>
  <trkpt lat="-3.30785556" lon="128.94825401">
   <ele>1.099</ele>
  </trkpt>
  <trkpt lat="-3.30820458" lon="128.94915791">
   <ele>1.099</ele>
  </trkpt>
  <trkpt lat="-3.30866558" lon="128.95035661">
   <ele>1.099</ele>
  </trkpt>
  <trkpt lat="-3.30892676" lon="128.95103554">
   <ele>-0.343</ele>
  </trkpt>
  <trkpt lat="-3.30894470" lon="128.95108223">
   <ele>0.137</ele>
  </trkpt>
  <trkpt lat="-3.30966177" lon="128.95212159">
   <ele>1.579</ele>
  </trkpt>
  <trkpt lat="-3.30960872" lon="128.95298936">
   <ele>2.06</ele>
  </trkpt>
  <trkpt lat="-3.30962179" lon="128.95304494">
   <ele>1.579</ele>
  </trkpt>
  <trkpt lat="-3.30969572" lon="128.95305634">
   <ele>2.541</ele>
  </trkpt>
  <trkpt lat="-3.30914645" lon="128.95353813">
   <ele>1.099</ele>
  </trkpt>
  <trkpt lat="-3.30888846" lon="128.95374650">
   <ele>1.579</ele>
  </trkpt>
  <trkpt lat="-3.30875058" lon="128.95368129">
   <ele>1.579</ele>
  </trkpt>
  <trkpt lat="-3.30801222" lon="128.95275777">
   <ele>2.06</ele>
  </trkpt>
  <trkpt lat="-3.30754534" lon="128.95218864">
   <ele>2.541</ele>
  </trkpt>
  <trkpt lat="-3.30723681" lon="128.95184507">
   <ele>4.463</ele>
  </trkpt>
  <trkpt lat="-3.30696599" lon="128.95157643">
   <ele>3.502</ele>
  </trkpt>
  <trkpt lat="-3.30631195" lon="128.95081242">
   <ele>2.541</ele>
  </trkpt>
  <trkpt lat="-3.30584273" lon="128.95027346">
   <ele>2.06</ele>
  </trkpt>
  <trkpt lat="-3.30524074" lon="128.94955857">
   <ele>1.579</ele>
  </trkpt>
  <trkpt lat="-3.30497093" lon="128.94916051">
   <ele>0.137</ele>
  </trkpt>
  <trkpt lat="-3.30514862" lon="128.94909614">
   <ele>0.618</ele>
  </trkpt>
  <trkpt lat="-3.30563259" lon="128.94837613">
   <ele>2.541</ele>
  </trkpt>
  <trkpt lat="-3.30641429" lon="128.94752705">
   <ele>2.06</ele>
  </trkpt>
  <trkpt lat="-3.30702977" lon="128.94697015">
   <ele>0.618</ele>
  </trkpt>
  <trkpt lat="-3.30795798" lon="128.94622517">
   <ele>1.099</ele>
  </trkpt>
  <trkpt lat="-3.30887488" lon="128.94528950">
   <ele>-0.343</ele>
  </trkpt>
  <trkpt lat="-3.30976143" lon="128.94449967">
   <ele>0.137</ele>
  </trkpt>
  <trkpt lat="-3.31091587" lon="128.94375083">
   <ele>1.579</ele>
  </trkpt>
  <trkpt lat="-3.31163856" lon="128.94328203">
   <ele>2.541</ele>
  </trkpt>
  <trkpt lat="-3.31183663" lon="128.94311666">
   <ele>2.541</ele>
  </trkpt>
  <trkpt lat="-3.31198239" lon="128.94263855">
   <ele>3.502</ele>
  </trkpt>
  <trkpt lat="-3.31165633" lon="128.94151362">
   <ele>2.541</ele>
  </trkpt>
  <trkpt lat="-3.31162331" lon="128.94139971">
   <ele>2.06</ele>
  </trkpt>
  <trkpt lat="-3.31179237" lon="128.94036010">
   <ele>1.099</ele>
  </trkpt>
  <trkpt lat="-3.31192723" lon="128.93994729">
   <ele>0.137</ele>
  </trkpt>
  <trkpt lat="-3.31246862" lon="128.93914347">
   <ele>1.579</ele>
  </trkpt>
  <trkpt lat="-3.31280817" lon="128.93853905">
   <ele>1.579</ele>
  </trkpt>
  <trkpt lat="-3.31340404" lon="128.93766180">
   <ele>1.099</ele>
  </trkpt>
  <trkpt lat="-3.31465395" lon="128.93660760">
   <ele>2.06</ele>
  </trkpt>
  <trkpt lat="-3.31501538" lon="128.93630426">
   <ele>0.618</ele>
  </trkpt>
  <trkpt lat="-3.31533565" lon="128.93605717">
   <ele>0.618</ele>
  </trkpt>
  <trkpt lat="-3.31626177" lon="128.93496743">
   <ele>2.06</ele>
  </trkpt>
  <trkpt lat="-3.31708873" lon="128.93372700">
   <ele>3.502</ele>
  </trkpt>
  <trkpt lat="-3.31824576" lon="128.93238380">
   <ele>2.06</ele>
  </trkpt>
  <trkpt lat="-3.31837560" lon="128.93232110">
   <ele>1.099</ele>
  </trkpt>
  <trkpt lat="-3.31911815" lon="128.93211834">
   <ele>0.618</ele>
  </trkpt>
  <trkpt lat="-3.31948092" lon="128.93220736">
   <ele>-1.305</ele>
  </trkpt>
  <trkpt lat="-3.31993656" lon="128.93236016">
   <ele>0.137</ele>
  </trkpt>
  <trkpt lat="-3.32100132" lon="128.93271748">
   <ele>3.021</ele>
  </trkpt>
  <trkpt lat="-3.32232683" lon="128.93316222">
   <ele>3.983</ele>
  </trkpt>
  <trkpt lat="-3.32430127" lon="128.93370646">
   <ele>3.983</ele>
  </trkpt>
  <trkpt lat="-3.32444577" lon="128.93371895">
   <ele>4.463</ele>
  </trkpt>
  <trkpt lat="-3.32562184" lon="128.93359959">
   <ele>5.425</ele>
  </trkpt>
  <trkpt lat="-3.32635157" lon="128.93355726">
   <ele>9.27</ele>
  </trkpt>
  <trkpt lat="-3.32649565" lon="128.93357017">
   <ele>8.789</ele>
  </trkpt>
  <trkpt lat="-3.32725237" lon="128.93363832">
   <ele>10.712</ele>
  </trkpt>
  <trkpt lat="-3.32870780" lon="128.93386672">
   <ele>12.634</ele>
  </trkpt>
  <trkpt lat="-3.32913461" lon="128.93397854">
   <ele>13.596</ele>
  </trkpt>
  <trkpt lat="-3.32999610" lon="128.93382624">
   <ele>11.193</ele>
  </trkpt>
  <trkpt lat="-3.33098290" lon="128.93345232">
   <ele>7.347</ele>
  </trkpt>
  <trkpt lat="-3.33139320" lon="128.93327186">
   <ele>8.309</ele>
  </trkpt>
  <trkpt lat="-3.33319338" lon="128.93238338">
   <ele>8.309</ele>
  </trkpt>
  <trkpt lat="-3.33438596" lon="128.93179463">
   <ele>5.905</ele>
  </trkpt>
  <trkpt lat="-3.33516891" lon="128.93093976">
   <ele>5.425</ele>
  </trkpt>
  <trkpt lat="-3.33544124" lon="128.93060801">
   <ele>2.541</ele>
  </trkpt>
  <trkpt lat="-3.33568834" lon="128.93030693">
   <ele>2.06</ele>
  </trkpt>
  <trkpt lat="-3.33606971" lon="128.93009302">
   <ele>2.541</ele>
  </trkpt>
  <trkpt lat="-3.33736665" lon="128.92966915">
   <ele>2.541</ele>
  </trkpt>
  <trkpt lat="-3.33801725" lon="128.92948642">
   <ele>1.099</ele>
  </trkpt>
  <trkpt lat="-3.33830919" lon="128.92934561">
   <ele>1.099</ele>
  </trkpt>
  <trkpt lat="-3.33860323" lon="128.92908300">
   <ele>-0.343</ele>
  </trkpt>
  <trkpt lat="-3.33874044" lon="128.92896046">
   <ele>0.137</ele>
  </trkpt>
  <trkpt lat="-3.33893104" lon="128.92851932">
   <ele>0.137</ele>
  </trkpt>
  <trkpt lat="-3.33902702" lon="128.92790392">
   <ele>0.137</ele>
  </trkpt>
  <trkpt lat="-3.33886064" lon="128.92680950">
   <ele>-0.824</ele>
  </trkpt>
  <trkpt lat="-3.33861094" lon="128.92575581">
   <ele>0.137</ele>
  </trkpt>
  <trkpt lat="-3.33856593" lon="128.92556596">
   <ele>-0.343</ele>
  </trkpt>
  <trkpt lat="-3.33848211" lon="128.92521232">
   <ele>-0.824</ele>
  </trkpt>
  <trkpt lat="-3.33842997" lon="128.92499263">
   <ele>-1.305</ele>
  </trkpt>
  <trkpt lat="-3.33840206" lon="128.92487462">
   <ele>-1.305</ele>
  </trkpt>
  <trkpt lat="-3.33847306" lon="128.92488618">
   <ele>-0.824</ele>
  </trkpt>
  <trkpt lat="-3.33935576" lon="128.92489465">
   <ele>0.618</ele>
  </trkpt>
  <trkpt lat="-3.33946883" lon="128.92486481">
   <ele>0.618</ele>
  </trkpt>
  <trkpt lat="-3.33975155" lon="128.92485919">
   <ele>2.06</ele>
  </trkpt>
  <trkpt lat="-3.34058127" lon="128.92487244">
   <ele>3.502</ele>
  </trkpt>
  <trkpt lat="-3.34208792" lon="128.92489465">
   <ele>6.386</ele>
  </trkpt>
  <trkpt lat="-3.34261732" lon="128.92490923">
   <ele>4.944</ele>
  </trkpt>
  <trkpt lat="-3.34351880" lon="128.92524803">
   <ele>4.944</ele>
  </trkpt>
  <trkpt lat="-3.34391526" lon="128.92553058">
   <ele>3.502</ele>
  </trkpt>
  <trkpt lat="-3.34504321" lon="128.92678326">
   <ele>3.983</ele>
  </trkpt>
  <trkpt lat="-3.34587520" lon="128.92769370">
   <ele>4.463</ele>
  </trkpt>
  <trkpt lat="-3.34697424" lon="128.92818790">
   <ele>4.463</ele>
  </trkpt>
  <trkpt lat="-3.34781813" lon="128.92854287">
   <ele>3.021</ele>
  </trkpt>
  <trkpt lat="-3.34852782" lon="128.92919825">
   <ele>3.502</ele>
  </trkpt>
  <trkpt lat="-3.34947187" lon="128.93028421">
   <ele>3.021</ele>
  </trkpt>
  <trkpt lat="-3.35001645" lon="128.93101059">
   <ele>4.944</ele>
  </trkpt>
  <trkpt lat="-3.35068490" lon="128.93232579">
   <ele>5.905</ele>
  </trkpt>
  <trkpt lat="-3.35134766" lon="128.93372306">
   <ele>7.828</ele>
  </trkpt>
  <trkpt lat="-3.35204847" lon="128.93516558">
   <ele>8.309</ele>
  </trkpt>
  <trkpt lat="-3.35257871" lon="128.93630879">
   <ele>8.789</ele>
  </trkpt>
  <trkpt lat="-3.35302656" lon="128.93730758">
   <ele>8.309</ele>
  </trkpt>
  <trkpt lat="-3.35377556" lon="128.93841022">
   <ele>7.347</ele>
  </trkpt>
  <trkpt lat="-3.35420480" lon="128.93895186">
   <ele>5.905</ele>
  </trkpt>
  <trkpt lat="-3.35431108" lon="128.93906711">
   <ele>4.463</ele>
  </trkpt>
  <trkpt lat="-3.35436691" lon="128.93926157">
   <ele>5.425</ele>
  </trkpt>
  <trkpt lat="-3.35451384" lon="128.93979675">
   <ele>5.425</ele>
  </trkpt>
  <trkpt lat="-3.35476521" lon="128.94114012">
   <ele>6.866</ele>
  </trkpt>
  <trkpt lat="-3.35490108" lon="128.94233052">
   <ele>7.347</ele>
  </trkpt>
  <trkpt lat="-3.35500066" lon="128.94320693">
   <ele>6.866</ele>
  </trkpt>
  <trkpt lat="-3.35509580" lon="128.94393330">
   <ele>6.866</ele>
  </trkpt>
  <trkpt lat="-3.35512698" lon="128.94421737">
   <ele>6.866</ele>
  </trkpt>
  <trkpt lat="-3.35502857" lon="128.94552922">
   <ele>8.789</ele>
  </trkpt>
  <trkpt lat="-3.35500955" lon="128.94568990">
   <ele>8.789</ele>
  </trkpt>
  <trkpt lat="-3.35485264" lon="128.94705816">
   <ele>10.712</ele>
  </trkpt>
  <trkpt lat="-3.35465474" lon="128.94894744">
   <ele>8.789</ele>
  </trkpt>
  <trkpt lat="-3.35449406" lon="128.95060295">
   <ele>5.905</ele>
  </trkpt>
  <trkpt lat="-3.35446615" lon="128.95105063">
   <ele>4.944</ele>
  </trkpt>
  <trkpt lat="-3.35484870" lon="128.95216090">
   <ele>4.944</ele>
  </trkpt>
  <trkpt lat="-3.35515858" lon="128.95289440">
   <ele>5.425</ele>
  </trkpt>
  <trkpt lat="-3.35602124" lon="128.95424657">
   <ele>5.425</ele>
  </trkpt>
  <trkpt lat="-3.35652290" lon="128.95495366">
   <ele>3.983</ele>
  </trkpt>
  <trkpt lat="-3.35682029" lon="128.95564442">
   <ele>1.099</ele>
  </trkpt>
  <trkpt lat="-3.35722497" lon="128.95623802">
   <ele>1.579</ele>
  </trkpt>
  <trkpt lat="-3.35790206" lon="128.95698259">
   <ele>1.579</ele>
  </trkpt>
  <trkpt lat="-3.35855643" lon="128.95770703">
   <ele>2.541</ele>
  </trkpt>
  <trkpt lat="-3.35918700" lon="128.95864857">
   <ele>3.502</ele>
  </trkpt>
  <trkpt lat="-3.35982076" lon="128.95962884">
   <ele>3.983</ele>
  </trkpt>
  <trkpt lat="-3.36043817" lon="128.96066903">
   <ele>3.502</ele>
  </trkpt>
  <trkpt lat="-3.36077504" lon="128.96134813">
   <ele>3.502</ele>
  </trkpt>
  <trkpt lat="-3.36120151" lon="128.96282293">
   <ele>3.502</ele>
  </trkpt>
  <trkpt lat="-3.36143260" lon="128.96354076">
   <ele>2.06</ele>
  </trkpt>
  <trkpt lat="-3.36154265" lon="128.96456519">
   <ele>2.06</ele>
  </trkpt>
  <trkpt lat="-3.36143109" lon="128.96583756">
   <ele>2.541</ele>
  </trkpt>
  <trkpt lat="-3.36134484" lon="128.96733918">
   <ele>3.983</ele>
  </trkpt>
  <trkpt lat="-3.36128927" lon="128.96818567">
   <ele>1.579</ele>
  </trkpt>
  <trkpt lat="-3.36127728" lon="128.96827485">
   <ele>1.579</ele>
  </trkpt>
  <trkpt lat="-3.36127988" lon="128.96842606">
   <ele>1.099</ele>
  </trkpt>
  <trkpt lat="-3.36112373" lon="128.96901255">
   <ele>1.579</ele>
  </trkpt>
  <trkpt lat="-3.36101728" lon="128.96926166">
   <ele>2.541</ele>
  </trkpt>
  <trkpt lat="-3.36039249" lon="128.97037804">
   <ele>4.463</ele>
  </trkpt>
  <trkpt lat="-3.36024505" lon="128.97065012">
   <ele>4.944</ele>
  </trkpt>
  <trkpt lat="-3.36000633" lon="128.97184806">
   <ele>3.502</ele>
  </trkpt>
  <trkpt lat="-3.35993450" lon="128.97304483">
   <ele>3.502</ele>
  </trkpt>
  <trkpt lat="-3.35993375" lon="128.97336653">
   <ele>2.541</ele>
  </trkpt>
  <trkpt lat="-3.35991514" lon="128.97396357">
   <ele>2.06</ele>
  </trkpt>
  <trkpt lat="-3.35990684" lon="128.97432332">
   <ele>1.099</ele>
  </trkpt>
  <trkpt lat="-3.35990508" lon="128.97452172">
   <ele>1.579</ele>
  </trkpt>
  <trkpt lat="-3.35990818" lon="128.97474635">
   <ele>2.541</ele>
  </trkpt>
  <trkpt lat="-3.35998479" lon="128.97540417">
   <ele>2.541</ele>
  </trkpt>
  <trkpt lat="-3.35995588" lon="128.97580574">
   <ele>2.06</ele>
  </trkpt>
  <trkpt lat="-3.35985730" lon="128.97605150">
   <ele>2.541</ele>
  </trkpt>
  <trkpt lat="-3.35980953" lon="128.97617153">
   <ele>3.021</ele>
  </trkpt>
  <trkpt lat="-3.35964642" lon="128.97671954">
   <ele>3.502</ele>
  </trkpt>
  <trkpt lat="-3.35931885" lon="128.97755387">
   <ele>3.983</ele>
  </trkpt>
  <trkpt lat="-3.35903982" lon="128.97818084">
   <ele>3.502</ele>
  </trkpt>
  <trkpt lat="-3.35901660" lon="128.97827061">
   <ele>3.021</ele>
  </trkpt>
  <trkpt lat="-3.35892172" lon="128.97855735">
   <ele>3.983</ele>
  </trkpt>
  <trkpt lat="-3.35885089" lon="128.97880839">
   <ele>3.983</ele>
  </trkpt>
  <trkpt lat="-3.35841604" lon="128.97983593">
   <ele>5.425</ele>
  </trkpt>
  <trkpt lat="-3.35799443" lon="128.98082323">
   <ele>6.866</ele>
  </trkpt>
  <trkpt lat="-3.35742102" lon="128.98192663">
   <ele>5.905</ele>
  </trkpt>
  <trkpt lat="-3.35690453" lon="128.98327209">
   <ele>10.231</ele>
  </trkpt>
  <trkpt lat="-3.35680353" lon="128.98354341">
   <ele>13.115</ele>
  </trkpt>
  <trkpt lat="-3.35676136" lon="128.98368356">
   <ele>13.115</ele>
  </trkpt>
  <trkpt lat="-3.35671543" lon="128.98382077">
   <ele>15.038</ele>
  </trkpt>
  <trkpt lat="-3.35632651" lon="128.98468302">
   <ele>16.48</ele>
  </trkpt>
  <trkpt lat="-3.35614236" lon="128.98553973">
   <ele>14.076</ele>
  </trkpt>
  <trkpt lat="-3.35595788" lon="128.98634934">
   <ele>11.673</ele>
  </trkpt>
  <trkpt lat="-3.35544440" lon="128.98763227">
   <ele>8.789</ele>
  </trkpt>
  <trkpt lat="-3.35504903" lon="128.98880783">
   <ele>5.425</ele>
  </trkpt>
  <trkpt lat="-3.35447294" lon="128.99049981">
   <ele>6.866</ele>
  </trkpt>
  <trkpt lat="-3.35426523" lon="128.99104128">
   <ele>7.347</ele>
  </trkpt>
  <trkpt lat="-3.35414847" lon="128.99140279">
   <ele>6.386</ele>
  </trkpt>
  <trkpt lat="-3.35411889" lon="128.99209413">
   <ele>4.944</ele>
  </trkpt>
  <trkpt lat="-3.35422031" lon="128.99301999">
   <ele>3.983</ele>
  </trkpt>
  <trkpt lat="-3.35424570" lon="128.99333918">
   <ele>2.541</ele>
  </trkpt>
  <trkpt lat="-3.35428317" lon="128.99402733">
   <ele>2.06</ele>
  </trkpt>
  <trkpt lat="-3.35433313" lon="128.99472998">
   <ele>1.099</ele>
  </trkpt>
  <trkpt lat="-3.35434092" lon="128.99478170">
   <ele>1.099</ele>
  </trkpt>
  <trkpt lat="-3.35433371" lon="128.99562618">
   <ele>3.021</ele>
  </trkpt>
  <trkpt lat="-3.35427345" lon="128.99660334">
   <ele>3.021</ele>
  </trkpt>
  <trkpt lat="-3.35426800" lon="128.99668599">
   <ele>3.021</ele>
  </trkpt>
  <trkpt lat="-3.35434453" lon="128.99703425">
   <ele>3.983</ele>
  </trkpt>
  <trkpt lat="-3.35460763" lon="128.99771185">
   <ele>3.502</ele>
  </trkpt>
  <trkpt lat="-3.35505489" lon="128.99866613">
   <ele>5.425</ele>
  </trkpt>
  <trkpt lat="-3.35522915" lon="128.99961177">
   <ele>5.425</ele>
  </trkpt>
  <trkpt lat="-3.35537265" lon="129.00058030">
   <ele>4.944</ele>
  </trkpt>
  <trkpt lat="-3.35528347" lon="129.00207412">
   <ele>4.944</ele>
  </trkpt>
  <trkpt lat="-3.35507191" lon="129.00364162">
   <ele>6.386</ele>
  </trkpt>
  <trkpt lat="-3.35450403" lon="129.00500025">
   <ele>6.866</ele>
  </trkpt>
  <trkpt lat="-3.35441913" lon="129.00517141">
   <ele>6.386</ele>
  </trkpt>
  <trkpt lat="-3.35409910" lon="129.00665140">
   <ele>6.386</ele>
  </trkpt>
  <trkpt lat="-3.35409231" lon="129.00682398">
   <ele>5.905</ele>
  </trkpt>
  <trkpt lat="-3.35409215" lon="129.00716303">
   <ele>6.386</ele>
  </trkpt>
  <trkpt lat="-3.35418150" lon="129.00789091">
   <ele>5.905</ele>
  </trkpt>
  <trkpt lat="-3.35417647" lon="129.00819752">
   <ele>5.905</ele>
  </trkpt>
  <trkpt lat="-3.35375134" lon="129.00936889">
   <ele>8.789</ele>
  </trkpt>
  <trkpt lat="-3.35333803" lon="129.01079407">
   <ele>7.828</ele>
  </trkpt>
  <trkpt lat="-3.35303301" lon="129.01158038">
   <ele>6.386</ele>
  </trkpt>
  <trkpt lat="-3.35244066" lon="129.01281411">
   <ele>5.905</ele>
  </trkpt>
  <trkpt lat="-3.35216389" lon="129.01388716">
   <ele>6.866</ele>
  </trkpt>
  <trkpt lat="-3.35213531" lon="129.01403946">
   <ele>7.347</ele>
  </trkpt>
  <trkpt lat="-3.35195577" lon="129.01525903">
   <ele>3.502</ele>
  </trkpt>
  <trkpt lat="-3.35189173" lon="129.01670281">
   <ele>4.463</ele>
  </trkpt>
  <trkpt lat="-3.35217395" lon="129.01790511">
   <ele>5.425</ele>
  </trkpt>
  <trkpt lat="-3.35231108" lon="129.01860449">
   <ele>3.983</ele>
  </trkpt>
  <trkpt lat="-3.35238710" lon="129.01888973">
   <ele>3.021</ele>
  </trkpt>
  <trkpt lat="-3.35245918" lon="129.01907807">
   <ele>1.099</ele>
  </trkpt>
  <trkpt lat="-3.35245541" lon="129.01904337">
   <ele>2.541</ele>
  </trkpt>
  <trkpt lat="-3.35252498" lon="129.01930489">
   <ele>3.502</ele>
  </trkpt>
  <trkpt lat="-3.35264543" lon="129.01992163">
   <ele>2.06</ele>
  </trkpt>
  <trkpt lat="-3.35269421" lon="129.02020686">
   <ele>1.579</ele>
  </trkpt>
  <trkpt lat="-3.35240998" lon="129.02029429">
   <ele>2.06</ele>
  </trkpt>
  <trkpt lat="-3.35230295" lon="129.02032320">
   <ele>1.099</ele>
  </trkpt>
  <trkpt lat="-3.35231024" lon="129.02031767">
   <ele>1.579</ele>
  </trkpt>
  <trkpt lat="-3.35219859" lon="129.02032094">
   <ele>2.06</ele>
  </trkpt>
  <trkpt lat="-3.35202215" lon="129.02042546">
   <ele>3.021</ele>
  </trkpt>
  <trkpt lat="-3.35189793" lon="129.02052194">
   <ele>3.021</ele>
  </trkpt>
  <trkpt lat="-3.35177681" lon="129.02060936">
   <ele>1.579</ele>
  </trkpt>
  <trkpt lat="-3.35173591" lon="129.02068446">
   <ele>1.099</ele>
  </trkpt>
  <trkpt lat="-3.35165435" lon="129.02080919">
   <ele>0.618</ele>
  </trkpt>
  <trkpt lat="-3.35163902" lon="129.02081539">
   <ele>1.099</ele>
  </trkpt>
  <trkpt lat="-3.35159669" lon="129.02079217">
   <ele>1.099</ele>
  </trkpt>
  <trkpt lat="-3.35157858" lon="129.02080223">
   <ele>1.099</ele>
  </trkpt>
  <trkpt lat="-3.35159124" lon="129.02112585">
   <ele>3.021</ele>
  </trkpt>
  <trkpt lat="-3.35159635" lon="129.02128126">
   <ele>2.541</ele>
  </trkpt>
  <trkpt lat="-3.35161965" lon="129.02156197">
   <ele>3.502</ele>
  </trkpt>
  <trkpt lat="-3.35164480" lon="129.02183773">
   <ele>3.021</ele>
  </trkpt>
  <trkpt lat="-3.35166860" lon="129.02205901">
   <ele>1.579</ele>
  </trkpt>
  <trkpt lat="-3.35168143" lon="129.02223143">
   <ele>1.099</ele>
  </trkpt>
  <trkpt lat="-3.35167623" lon="129.02223755">
   <ele>1.099</ele>
  </trkpt>
  <trkpt lat="-3.35150264" lon="129.02230527">
   <ele>3.502</ele>
  </trkpt>
  <trkpt lat="-3.35123953" lon="129.02246838">
   <ele>3.502</ele>
  </trkpt>
  <trkpt lat="-3.35106812" lon="129.02267156">
   <ele>3.502</ele>
  </trkpt>
  <trkpt lat="-3.35083108" lon="129.02308638">
   <ele>4.944</ele>
  </trkpt>
  <trkpt lat="-3.34994998" lon="129.02398123">
   <ele>4.944</ele>
  </trkpt>
  <trkpt lat="-3.34924053" lon="129.02504741">
   <ele>7.347</ele>
  </trkpt>
  <trkpt lat="-3.34878397" lon="129.02652279">
   <ele>10.712</ele>
  </trkpt>
  <trkpt lat="-3.34863192" lon="129.02736886">
   <ele>14.076</ele>
  </trkpt>
  <trkpt lat="-3.34860477" lon="129.02754488">
   <ele>14.076</ele>
  </trkpt>
  <trkpt lat="-3.34859965" lon="129.02772828">
   <ele>14.076</ele>
  </trkpt>
  <trkpt lat="-3.34869085" lon="129.02884316">
   <ele>11.673</ele>
  </trkpt>
  <trkpt lat="-3.34874550" lon="129.02969006">
   <ele>9.751</ele>
  </trkpt>
  <trkpt lat="-3.34869336" lon="129.03000522">
   <ele>8.789</ele>
  </trkpt>
  <trkpt lat="-3.34829832" lon="129.03166291">
   <ele>5.905</ele>
  </trkpt>
  <trkpt lat="-3.34788384" lon="129.03267184">
   <ele>3.983</ele>
  </trkpt>
  <trkpt lat="-3.34776297" lon="129.03302363">
   <ele>4.463</ele>
  </trkpt>
  <trkpt lat="-3.34780782" lon="129.03306210">
   <ele>3.502</ele>
  </trkpt>
  <trkpt lat="-3.34785551" lon="129.03319479">
   <ele>2.541</ele>
  </trkpt>
  <trkpt lat="-3.34791276" lon="129.03343971">
   <ele>3.021</ele>
  </trkpt>
  <trkpt lat="-3.34791846" lon="129.03357818">
   <ele>1.579</ele>
  </trkpt>
  <trkpt lat="-3.34789733" lon="129.03390775">
   <ele>1.579</ele>
  </trkpt>
  <trkpt lat="-3.34780212" lon="129.03459666">
   <ele>3.021</ele>
  </trkpt>
  <trkpt lat="-3.34750867" lon="129.03603340">
   <ele>4.944</ele>
  </trkpt>
  <trkpt lat="-3.34735611" lon="129.03759403">
   <ele>4.944</ele>
  </trkpt>
  <trkpt lat="-3.34758553" lon="129.03898794">
   <ele>3.983</ele>
  </trkpt>
  <trkpt lat="-3.34775283" lon="129.03940947">
   <ele>3.021</ele>
  </trkpt>
  <trkpt lat="-3.34830168" lon="129.04025780">
   <ele>4.463</ele>
  </trkpt>
  <trkpt lat="-3.34853930" lon="129.04096942">
   <ele>4.463</ele>
  </trkpt>
  <trkpt lat="-3.34856512" lon="129.04193938">
   <ele>3.983</ele>
  </trkpt>
  <trkpt lat="-3.34819665" lon="129.04330186">
   <ele>3.502</ele>
  </trkpt>
  <trkpt lat="-3.34817813" lon="129.04346463">
   <ele>4.463</ele>
  </trkpt>
  <trkpt lat="-3.34826027" lon="129.04406679">
   <ele>4.944</ele>
  </trkpt>
  <trkpt lat="-3.34875321" lon="129.04568659">
   <ele>3.983</ele>
  </trkpt>
  <trkpt lat="-3.34900643" lon="129.04724428">
   <ele>5.905</ele>
  </trkpt>
  <trkpt lat="-3.34903937" lon="129.04742307">
   <ele>5.905</ele>
  </trkpt>
  <trkpt lat="-3.34921480" lon="129.04909618">
   <ele>5.425</ele>
  </trkpt>
  <trkpt lat="-3.34947824" lon="129.05069830">
   <ele>5.905</ele>
  </trkpt>
  <trkpt lat="-3.34966701" lon="129.05204058">
   <ele>4.944</ele>
  </trkpt>
  <trkpt lat="-3.34954949" lon="129.05344094">
   <ele>5.425</ele>
  </trkpt>
  <trkpt lat="-3.34951999" lon="129.05361344">
   <ele>5.425</ele>
  </trkpt>
  <trkpt lat="-3.34950306" lon="129.05395978">
   <ele>4.944</ele>
  </trkpt>
  <trkpt lat="-3.34976507" lon="129.05515236">
   <ele>5.425</ele>
  </trkpt>
  <trkpt lat="-3.34987848" lon="129.05563474">
   <ele>3.983</ele>
  </trkpt>
  <trkpt lat="-3.34979852" lon="129.05634033">
   <ele>3.983</ele>
  </trkpt>
  <trkpt lat="-3.34969232" lon="129.05662875">
   <ele>4.463</ele>
  </trkpt>
  <trkpt lat="-3.34977899" lon="129.05770565">
   <ele>3.983</ele>
  </trkpt>
  <trkpt lat="-3.35019741" lon="129.05945856">
   <ele>4.463</ele>
  </trkpt>
  <trkpt lat="-3.35032624" lon="129.06008008">
   <ele>2.06</ele>
  </trkpt>
  <trkpt lat="-3.35013832" lon="129.06047168">
   <ele>3.021</ele>
  </trkpt>
  <trkpt lat="-3.34924271" lon="129.06154926">
   <ele>4.944</ele>
  </trkpt>
  <trkpt lat="-3.34903400" lon="129.06186501">
   <ele>3.983</ele>
  </trkpt>
  <trkpt lat="-3.34867383" lon="129.06214731">
   <ele>3.983</ele>
  </trkpt>
  <trkpt lat="-3.34812817" lon="129.06264000">
   <ele>4.944</ele>
  </trkpt>
  <trkpt lat="-3.34789004" lon="129.06306949">
   <ele>3.983</ele>
  </trkpt>
  <trkpt lat="-3.34786280" lon="129.06427883">
   <ele>4.944</ele>
  </trkpt>
  <trkpt lat="-3.34781092" lon="129.06471879">
   <ele>3.983</ele>
  </trkpt>
  <trkpt lat="-3.34800462" lon="129.06562781">
   <ele>3.983</ele>
  </trkpt>
  <trkpt lat="-3.34822926" lon="129.06630180">
   <ele>2.541</ele>
  </trkpt>
  <trkpt lat="-3.34817117" lon="129.06673732">
   <ele>2.541</ele>
  </trkpt>
  <trkpt lat="-3.34768946" lon="129.06783267">
   <ele>3.502</ele>
  </trkpt>
  <trkpt lat="-3.34714003" lon="129.06869844">
   <ele>5.425</ele>
  </trkpt>
  <trkpt lat="-3.34654273" lon="129.06981088">
   <ele>5.905</ele>
  </trkpt>
  <trkpt lat="-3.34623520" lon="129.07102232">
   <ele>5.425</ele>
  </trkpt>
  <trkpt lat="-3.34581636" lon="129.07209202">
   <ele>4.944</ele>
  </trkpt>
  <trkpt lat="-3.34544655" lon="129.07270733">
   <ele>4.463</ele>
  </trkpt>
  <trkpt lat="-3.34489175" lon="129.07394978">
   <ele>3.502</ele>
  </trkpt>
  <trkpt lat="-3.34462739" lon="129.07434088">
   <ele>2.06</ele>
  </trkpt>
  <trkpt lat="-3.34451775" lon="129.07452931">
   <ele>3.021</ele>
  </trkpt>
  <trkpt lat="-3.34411634" lon="129.07532928">
   <ele>4.944</ele>
  </trkpt>
  <trkpt lat="-3.34357755" lon="129.07644759">
   <ele>4.944</ele>
  </trkpt>
  <trkpt lat="-3.34323741" lon="129.07680868">
   <ele>4.463</ele>
  </trkpt>
  <trkpt lat="-3.34273358" lon="129.07782641">
   <ele>6.386</ele>
  </trkpt>
  <trkpt lat="-3.34197267" lon="129.07932082">
   <ele>6.386</ele>
  </trkpt>
  <trkpt lat="-3.34155735" lon="129.08086502">
   <ele>7.828</ele>
  </trkpt>
  <trkpt lat="-3.34118729" lon="129.08253629">
   <ele>4.944</ele>
  </trkpt>
  <trkpt lat="-3.34063006" lon="129.08386717">
   <ele>7.347</ele>
  </trkpt>
  <trkpt lat="-3.34042495" lon="129.08427704">
   <ele>6.866</ele>
  </trkpt>
  <trkpt lat="-3.34031272" lon="129.08444166">
   <ele>5.425</ele>
  </trkpt>
  <trkpt lat="-3.34019763" lon="129.08456546">
   <ele>3.502</ele>
  </trkpt>
  <trkpt lat="-3.34037441" lon="129.08431501">
   <ele>3.983</ele>
  </trkpt>
  <trkpt lat="-3.34045236" lon="129.08412701">
   <ele>3.021</ele>
  </trkpt>
  <trkpt lat="-3.34047457" lon="129.08410639">
   <ele>3.502</ele>
  </trkpt>
  <trkpt lat="-3.34056158" lon="129.08406246">
   <ele>3.983</ele>
  </trkpt>
  <trkpt lat="-3.34051573" lon="129.08408384">
   <ele>3.502</ele>
  </trkpt>
  <trkpt lat="-3.34050357" lon="129.08406196">
   <ele>3.021</ele>
  </trkpt>
  <trkpt lat="-3.34048321" lon="129.08412189">
   <ele>3.983</ele>
  </trkpt>
  <trkpt lat="-3.34014324" lon="129.08469119">
   <ele>6.866</ele>
  </trkpt>
  <trkpt lat="-3.33963705" lon="129.08550851">
   <ele>6.866</ele>
  </trkpt>
  <trkpt lat="-3.33922089" lon="129.08657653">
   <ele>8.789</ele>
  </trkpt>
  <trkpt lat="-3.33915853" lon="129.08688960">
   <ele>7.347</ele>
  </trkpt>
  <trkpt lat="-3.33920572" lon="129.08749284">
   <ele>6.866</ele>
  </trkpt>
  <trkpt lat="-3.33951811" lon="129.08899949">
   <ele>7.828</ele>
  </trkpt>
  <trkpt lat="-3.34011381" lon="129.09010598">
   <ele>8.789</ele>
  </trkpt>
  <trkpt lat="-3.34020467" lon="129.09027974">
   <ele>7.828</ele>
  </trkpt>
  <trkpt lat="-3.34065009" lon="129.09197364">
   <ele>8.789</ele>
  </trkpt>
  <trkpt lat="-3.34092116" lon="129.09302641">
   <ele>8.789</ele>
  </trkpt>
  <trkpt lat="-3.34098855" lon="129.09317234">
   <ele>8.309</ele>
  </trkpt>
  <trkpt lat="-3.34127295" lon="129.09355246">
   <ele>8.789</ele>
  </trkpt>
  <trkpt lat="-3.34164762" lon="129.09392185">
   <ele>9.27</ele>
  </trkpt>
  <trkpt lat="-3.34188005" lon="129.09419803">
   <ele>10.712</ele>
  </trkpt>
  <trkpt lat="-3.34272956" lon="129.09576687">
   <ele>13.596</ele>
  </trkpt>
  <trkpt lat="-3.34319785" lon="129.09669315">
   <ele>13.596</ele>
  </trkpt>
  <trkpt lat="-3.34383119" lon="129.09815839">
   <ele>15.038</ele>
  </trkpt>
  <trkpt lat="-3.34432488" lon="129.09974735">
   <ele>14.076</ele>
  </trkpt>
  <trkpt lat="-3.34490491" lon="129.10109013">
   <ele>13.596</ele>
  </trkpt>
  <trkpt lat="-3.34546977" lon="129.10276945">
   <ele>11.193</ele>
  </trkpt>
  <trkpt lat="-3.34562123" lon="129.10313942">
   <ele>9.27</ele>
  </trkpt>
  <trkpt lat="-3.34568770" lon="129.10329306">
   <ele>8.789</ele>
  </trkpt>
  <trkpt lat="-3.34577814" lon="129.10346791">
   <ele>7.828</ele>
  </trkpt>
  <trkpt lat="-3.34593614" lon="129.10381526">
   <ele>7.828</ele>
  </trkpt>
  <trkpt lat="-3.34618608" lon="129.10414157">
   <ele>8.309</ele>
  </trkpt>
  <trkpt lat="-3.34729535" lon="129.10486350">
   <ele>8.309</ele>
  </trkpt>
  <trkpt lat="-3.34796129" lon="129.10553372">
   <ele>9.27</ele>
  </trkpt>
  <trkpt lat="-3.34861558" lon="129.10653267">
   <ele>8.309</ele>
  </trkpt>
  <trkpt lat="-3.34893434" lon="129.10704799">
   <ele>5.425</ele>
  </trkpt>
  <trkpt lat="-3.34894926" lon="129.10707691">
   <ele>5.425</ele>
  </trkpt>
  <trkpt lat="-3.34904138" lon="129.10724044">
   <ele>5.425</ele>
  </trkpt>
  <trkpt lat="-3.34937708" lon="129.10814795">
   <ele>7.828</ele>
  </trkpt>
  <trkpt lat="-3.34957397" lon="129.10873518">
   <ele>6.866</ele>
  </trkpt>
  <trkpt lat="-3.34965108" lon="129.10900667">
   <ele>6.866</ele>
  </trkpt>
  <trkpt lat="-3.34974345" lon="129.10926308">
   <ele>7.347</ele>
  </trkpt>
  <trkpt lat="-3.34982299" lon="129.10980430">
   <ele>5.905</ele>
  </trkpt>
  <trkpt lat="-3.34965904" lon="129.11057811">
   <ele>5.425</ele>
  </trkpt>
  <trkpt lat="-3.34968570" lon="129.11094281">
   <ele>6.866</ele>
  </trkpt>
  <trkpt lat="-3.34974932" lon="129.11130985">
   <ele>6.386</ele>
  </trkpt>
  <trkpt lat="-3.34978234" lon="129.11150322">
   <ele>6.386</ele>
  </trkpt>
  <trkpt lat="-3.34984261" lon="129.11234762">
   <ele>5.905</ele>
  </trkpt>
  <trkpt lat="-3.34994939" lon="129.11321120">
   <ele>6.386</ele>
  </trkpt>
  <trkpt lat="-3.35001284" lon="129.11396658">
   <ele>5.905</ele>
  </trkpt>
  <trkpt lat="-3.35008065" lon="129.11457955">
   <ele>4.944</ele>
  </trkpt>
  <trkpt lat="-3.35013824" lon="129.11486747">
   <ele>3.502</ele>
  </trkpt>
  <trkpt lat="-3.35030931" lon="129.11560005">
   <ele>4.463</ele>
  </trkpt>
  <trkpt lat="-3.35038927" lon="129.11636104">
   <ele>5.425</ele>
  </trkpt>
  <trkpt lat="-3.35054954" lon="129.11683311">
   <ele>3.502</ele>
  </trkpt>
  <trkpt lat="-3.35067049" lon="129.11708406">
   <ele>4.944</ele>
  </trkpt>
  <trkpt lat="-3.35087501" lon="129.11763710">
   <ele>4.944</ele>
  </trkpt>
  <trkpt lat="-3.35107424" lon="129.11822509">
   <ele>6.386</ele>
  </trkpt>
  <trkpt lat="-3.35113317" lon="129.11860839">
   <ele>6.866</ele>
  </trkpt>
  <trkpt lat="-3.35112688" lon="129.11893495">
   <ele>8.789</ele>
  </trkpt>
  <trkpt lat="-3.35111942" lon="129.11904451">
   <ele>8.789</ele>
  </trkpt>
  <trkpt lat="-3.35128463" lon="129.11964515">
   <ele>8.789</ele>
  </trkpt>
  <trkpt lat="-3.35133685" lon="129.11984699">
   <ele>6.866</ele>
  </trkpt>
  <trkpt lat="-3.35132570" lon="129.11982235">
   <ele>6.866</ele>
  </trkpt>
  <trkpt lat="-3.35128170" lon="129.11962889">
   <ele>6.386</ele>
  </trkpt>
  <trkpt lat="-3.35127742" lon="129.11961305">
   <ele>7.347</ele>
  </trkpt>
  <trkpt lat="-3.35125320" lon="129.11961825">
   <ele>6.866</ele>
  </trkpt>
  <trkpt lat="-3.35114381" lon="129.11972059">
   <ele>6.866</ele>
  </trkpt>
  <trkpt lat="-3.35115672" lon="129.11973744">
   <ele>6.866</ele>
  </trkpt>
  <trkpt lat="-3.35134724" lon="129.12011286">
   <ele>5.905</ele>
  </trkpt>
  <trkpt lat="-3.35154329" lon="129.12054562">
   <ele>5.905</ele>
  </trkpt>
  <trkpt lat="-3.35226866" lon="129.12115850">
   <ele>8.309</ele>
  </trkpt>
  <trkpt lat="-3.35237335" lon="129.12124182">
   <ele>8.309</ele>
  </trkpt>
  <trkpt lat="-3.35249179" lon="129.12131550">
   <ele>9.27</ele>
  </trkpt>
  <trkpt lat="-3.35310652" lon="129.12162035">
   <ele>9.751</ele>
  </trkpt>
  <trkpt lat="-3.35418007" lon="129.12255049">
   <ele>8.789</ele>
  </trkpt>
  <trkpt lat="-3.35452901" lon="129.12284561">
   <ele>6.866</ele>
  </trkpt>
  <trkpt lat="-3.35482355" lon="129.12330662">
   <ele>7.828</ele>
  </trkpt>
  <trkpt lat="-3.35497669" lon="129.12371281">
   <ele>7.828</ele>
  </trkpt>
  <trkpt lat="-3.35535572" lon="129.12418647">
   <ele>8.309</ele>
  </trkpt>
  <trkpt lat="-3.35559980" lon="129.12439442">
   <ele>8.789</ele>
  </trkpt>
  <trkpt lat="-3.35598872" lon="129.12487538">
   <ele>7.347</ele>
  </trkpt>
  <trkpt lat="-3.35625015" lon="129.12548231">
   <ele>8.309</ele>
  </trkpt>
  <trkpt lat="-3.35633766" lon="129.12596963">
   <ele>10.231</ele>
  </trkpt>
  <trkpt lat="-3.35661644" lon="129.12752992">
   <ele>8.789</ele>
  </trkpt>
  <trkpt lat="-3.35665307" lon="129.12766856">
   <ele>8.789</ele>
  </trkpt>
  <trkpt lat="-3.35672624" lon="129.12790325">
   <ele>7.828</ele>
  </trkpt>
  <trkpt lat="-3.35699203" lon="129.12827516">
   <ele>7.347</ele>
  </trkpt>
  <trkpt lat="-3.35714643" lon="129.12839846">
   <ele>6.386</ele>
  </trkpt>
  <trkpt lat="-3.35780089" lon="129.12898184">
   <ele>9.27</ele>
  </trkpt>
  <trkpt lat="-3.35865073" lon="129.12970670">
   <ele>10.231</ele>
  </trkpt>
  <trkpt lat="-3.35892918" lon="129.13008624">
   <ele>8.309</ele>
  </trkpt>
  <trkpt lat="-3.35915976" lon="129.13052369">
   <ele>12.154</ele>
  </trkpt>
  <trkpt lat="-3.35923704" lon="129.13068445">
   <ele>11.673</ele>
  </trkpt>
  <trkpt lat="-3.35970358" lon="129.13164779">
   <ele>10.712</ele>
  </trkpt>
  <trkpt lat="-3.36008571" lon="129.13246846">
   <ele>13.596</ele>
  </trkpt>
  <trkpt lat="-3.36034681" lon="129.13312350">
   <ele>14.076</ele>
  </trkpt>
  <trkpt lat="-3.36049064" lon="129.13416294">
   <ele>12.154</ele>
  </trkpt>
  <trkpt lat="-3.36019602" lon="129.13555434">
   <ele>11.673</ele>
  </trkpt>
  <trkpt lat="-3.36015813" lon="129.13612573">
   <ele>13.596</ele>
  </trkpt>
  <trkpt lat="-3.36027715" lon="129.13684926">
   <ele>15.038</ele>
  </trkpt>
  <trkpt lat="-3.36033306" lon="129.13719300">
   <ele>14.076</ele>
  </trkpt>
  <trkpt lat="-3.36034815" lon="129.13753381">
   <ele>13.115</ele>
  </trkpt>
  <trkpt lat="-3.36028713" lon="129.13833814">
   <ele>12.634</ele>
  </trkpt>
  <trkpt lat="-3.36036164" lon="129.13874927">
   <ele>9.27</ele>
  </trkpt>
  <trkpt lat="-3.36048159" lon="129.13911480">
   <ele>7.828</ele>
  </trkpt>
  <trkpt lat="-3.36050430" lon="129.14003757">
   <ele>8.789</ele>
  </trkpt>
  <trkpt lat="-3.36048620" lon="129.14026279">
   <ele>8.789</ele>
  </trkpt>
  <trkpt lat="-3.36035301" lon="129.14156601">
   <ele>10.231</ele>
  </trkpt>
  <trkpt lat="-3.36033809" lon="129.14297450">
   <ele>13.596</ele>
  </trkpt>
  <trkpt lat="-3.36036458" lon="129.14368378">
   <ele>14.557</ele>
  </trkpt>
  <trkpt lat="-3.36043800" lon="129.14438459">
   <ele>13.115</ele>
  </trkpt>
  <trkpt lat="-3.36081980" lon="129.14550525">
   <ele>14.076</ele>
  </trkpt>
  <trkpt lat="-3.36131827" lon="129.14683504">
   <ele>12.634</ele>
  </trkpt>
  <trkpt lat="-3.36163854" lon="129.14791186">
   <ele>13.596</ele>
  </trkpt>
  <trkpt lat="-3.36244446" lon="129.14903118">
   <ele>11.673</ele>
  </trkpt>
  <trkpt lat="-3.36275887" lon="129.14947500">
   <ele>9.751</ele>
  </trkpt>
  <trkpt lat="-3.36301242" lon="129.15008638">
   <ele>11.673</ele>
  </trkpt>
  <trkpt lat="-3.36342481" lon="129.15060732">
   <ele>12.154</ele>
  </trkpt>
  <trkpt lat="-3.36400760" lon="129.15104452">
   <ele>14.557</ele>
  </trkpt>
  <trkpt lat="-3.36430734" lon="129.15127963">
   <ele>13.115</ele>
  </trkpt>
  <trkpt lat="-3.36544409" lon="129.15238168">
   <ele>13.115</ele>
  </trkpt>
  <trkpt lat="-3.36644229" lon="129.15327075">
   <ele>13.115</ele>
  </trkpt>
  <trkpt lat="-3.36669744" lon="129.15354609">
   <ele>11.193</ele>
  </trkpt>
  <trkpt lat="-3.36755759" lon="129.15524586">
   <ele>10.231</ele>
  </trkpt>
  <trkpt lat="-3.36793360" lon="129.15600308">
   <ele>9.751</ele>
  </trkpt>
  <trkpt lat="-3.36804617" lon="129.15627784">
   <ele>8.789</ele>
  </trkpt>
  <trkpt lat="-3.36809512" lon="129.15673918">
   <ele>10.712</ele>
  </trkpt>
  <trkpt lat="-3.36807777" lon="129.15817089">
   <ele>10.712</ele>
  </trkpt>
  <trkpt lat="-3.36837667" lon="129.16001709">
   <ele>10.712</ele>
  </trkpt>
  <trkpt lat="-3.36844767" lon="129.16073106">
   <ele>6.866</ele>
  </trkpt>
  <trkpt lat="-3.36844842" lon="129.16089417">
   <ele>7.347</ele>
  </trkpt>
  <trkpt lat="-3.36844817" lon="129.16105804">
   <ele>8.309</ele>
  </trkpt>
  <trkpt lat="-3.36854640" lon="129.16167914">
   <ele>9.27</ele>
  </trkpt>
  <trkpt lat="-3.36864095" lon="129.16296409">
   <ele>8.789</ele>
  </trkpt>
  <trkpt lat="-3.36864338" lon="129.16316056">
   <ele>9.751</ele>
  </trkpt>
  <trkpt lat="-3.36895301" lon="129.16507959">
   <ele>11.193</ele>
  </trkpt>
  <trkpt lat="-3.36907924" lon="129.16562006">
   <ele>9.27</ele>
  </trkpt>
  <trkpt lat="-3.36941242" lon="129.16623772">
   <ele>7.828</ele>
  </trkpt>
  <trkpt lat="-3.37052872" lon="129.16719276">
   <ele>8.789</ele>
  </trkpt>
  <trkpt lat="-3.37091572" lon="129.16777706">
   <ele>8.789</ele>
  </trkpt>
  <trkpt lat="-3.37116919" lon="129.16846856">
   <ele>6.866</ele>
  </trkpt>
  <trkpt lat="-3.37152743" lon="129.16884550">
   <ele>6.386</ele>
  </trkpt>
  <trkpt lat="-3.37186773" lon="129.16913509">
   <ele>6.866</ele>
  </trkpt>
  <trkpt lat="-3.37224592" lon="129.16986264">
   <ele>9.27</ele>
  </trkpt>
  <trkpt lat="-3.37290617" lon="129.17135370">
   <ele>9.751</ele>
  </trkpt>
  <trkpt lat="-3.37366708" lon="129.17241200">
   <ele>10.712</ele>
  </trkpt>
  <trkpt lat="-3.37378870" lon="129.17255206">
   <ele>10.712</ele>
  </trkpt>
  <trkpt lat="-3.37495747" lon="129.17380088">
   <ele>10.712</ele>
  </trkpt>
  <trkpt lat="-3.37546055" lon="129.17430388">
   <ele>10.231</ele>
  </trkpt>
  <trkpt lat="-3.37577362" lon="129.17479170">
   <ele>7.828</ele>
  </trkpt>
  <trkpt lat="-3.37650770" lon="129.17523184">
   <ele>7.347</ele>
  </trkpt>
  <trkpt lat="-3.37703543" lon="129.17582117">
   <ele>11.193</ele>
  </trkpt>
  <trkpt lat="-3.37733692" lon="129.17648032">
   <ele>11.193</ele>
  </trkpt>
  <trkpt lat="-3.37765636" lon="129.17802519">
   <ele>12.634</ele>
  </trkpt>
  <trkpt lat="-3.37785057" lon="129.18010357">
   <ele>11.673</ele>
  </trkpt>
  <trkpt lat="-3.37777387" lon="129.18157426">
   <ele>16.48</ele>
  </trkpt>
  <trkpt lat="-3.37775233" lon="129.18177090">
   <ele>15.518</ele>
  </trkpt>
  <trkpt lat="-3.37767497" lon="129.18305031">
   <ele>16.96</ele>
  </trkpt>
  <trkpt lat="-3.37775057" lon="129.18351140">
   <ele>17.922</ele>
  </trkpt>
  <trkpt lat="-3.37807462" lon="129.18416049">
   <ele>17.922</ele>
  </trkpt>
  <trkpt lat="-3.37828668" lon="129.18459233">
   <ele>16.96</ele>
  </trkpt>
  <trkpt lat="-3.37849505" lon="129.18478335">
   <ele>16.96</ele>
  </trkpt>
  <trkpt lat="-3.37853244" lon="129.18491419">
   <ele>15.999</ele>
  </trkpt>
  <trkpt lat="-3.37867158" lon="129.18490766">
   <ele>15.999</ele>
  </trkpt>
  <trkpt lat="-3.37874190" lon="129.18490548">
   <ele>16.48</ele>
  </trkpt>
  <trkpt lat="-3.37915840" lon="129.18516012">
   <ele>17.441</ele>
  </trkpt>
  <trkpt lat="-3.37975016" lon="129.18607324">
   <ele>16.96</ele>
  </trkpt>
  <trkpt lat="-3.38019515" lon="129.18693817">
   <ele>16.48</ele>
  </trkpt>
  <trkpt lat="-3.38105095" lon="129.18844733">
   <ele>14.557</ele>
  </trkpt>
  <trkpt lat="-3.38152385" lon="129.18934210">
   <ele>12.634</ele>
  </trkpt>
  <trkpt lat="-3.38181202" lon="129.18986564">
   <ele>11.193</ele>
  </trkpt>
  <trkpt lat="-3.38213707" lon="129.19046846">
   <ele>9.751</ele>
  </trkpt>
  <trkpt lat="-3.38233212" lon="129.19104153">
   <ele>9.751</ele>
  </trkpt>
  <trkpt lat="-3.38234989" lon="129.19162131">
   <ele>10.231</ele>
  </trkpt>
  <trkpt lat="-3.38231485" lon="129.19190428">
   <ele>10.712</ele>
  </trkpt>
  <trkpt lat="-3.38235668" lon="129.19240116">
   <ele>10.231</ele>
  </trkpt>
  <trkpt lat="-3.38237897" lon="129.19267978">
   <ele>9.27</ele>
  </trkpt>
  <trkpt lat="-3.38243086" lon="129.19347480">
   <ele>10.712</ele>
  </trkpt>
  <trkpt lat="-3.38249322" lon="129.19416036">
   <ele>12.154</ele>
  </trkpt>
  <trkpt lat="-3.38252038" lon="129.19442874">
   <ele>12.634</ele>
  </trkpt>
  <trkpt lat="-3.38268684" lon="129.19489050">
   <ele>12.154</ele>
  </trkpt>
  <trkpt lat="-3.38295783" lon="129.19520256">
   <ele>11.193</ele>
  </trkpt>
  <trkpt lat="-3.38366074" lon="129.19560749">
   <ele>10.712</ele>
  </trkpt>
  <trkpt lat="-3.38473571" lon="129.19587990">
   <ele>8.789</ele>
  </trkpt>
  <trkpt lat="-3.38497820" lon="129.19594511">
   <ele>6.386</ele>
  </trkpt>
  <trkpt lat="-3.38516914" lon="129.19596808">
   <ele>5.905</ele>
  </trkpt>
  <trkpt lat="-3.38515674" lon="129.19598426">
   <ele>5.905</ele>
  </trkpt>
  <trkpt lat="-3.38521013" lon="129.19595039">
   <ele>4.944</ele>
  </trkpt>
  <trkpt lat="-3.38539529" lon="129.19596364">
   <ele>4.463</ele>
  </trkpt>
  <trkpt lat="-3.38590482" lon="129.19609683">
   <ele>5.905</ele>
  </trkpt>
  <trkpt lat="-3.38680135" lon="129.19637913">
   <ele>4.944</ele>
  </trkpt>
  <trkpt lat="-3.38687427" lon="129.19641132">
   <ele>4.463</ele>
  </trkpt>
  <trkpt lat="-3.38705675" lon="129.19652246">
   <ele>4.944</ele>
  </trkpt>
  <trkpt lat="-3.38727593" lon="129.19665422">
   <ele>4.463</ele>
  </trkpt>
  <trkpt lat="-3.38745338" lon="129.19682086">
   <ele>3.502</ele>
  </trkpt>
  <trkpt lat="-3.38770039" lon="129.19704826">
   <ele>3.021</ele>
  </trkpt>
  <trkpt lat="-3.38773577" lon="129.19706804">
   <ele>2.541</ele>
  </trkpt>
  <trkpt lat="-3.38825318" lon="129.19754924">
   <ele>3.983</ele>
  </trkpt>
  <trkpt lat="-3.38845787" lon="129.19778368">
   <ele>4.463</ele>
  </trkpt>
  <trkpt lat="-3.38858552" lon="129.19799122">
   <ele>4.463</ele>
  </trkpt>
  <trkpt lat="-3.38869080" lon="129.19886537">
   <ele>5.425</ele>
  </trkpt>
  <trkpt lat="-3.38871041" lon="129.19921607">
   <ele>6.866</ele>
  </trkpt>
  <trkpt lat="-3.38875274" lon="129.19986416">
   <ele>5.425</ele>
  </trkpt>
  <trkpt lat="-3.38875442" lon="129.19991336">
   <ele>3.983</ele>
  </trkpt>
  <trkpt lat="-3.38879582" lon="129.20029297">
   <ele>4.463</ele>
  </trkpt>
  <trkpt lat="-3.38887822" lon="129.20106470">
   <ele>4.944</ele>
  </trkpt>
  <trkpt lat="-3.38902264" lon="129.20204488">
   <ele>5.425</ele>
  </trkpt>
  <trkpt lat="-3.38914149" lon="129.20286714">
   <ele>4.463</ele>
  </trkpt>
  <trkpt lat="-3.38936672" lon="129.20393198">
   <ele>6.386</ele>
  </trkpt>
  <trkpt lat="-3.38952430" lon="129.20467805">
   <ele>6.866</ele>
  </trkpt>
  <trkpt lat="-3.38960761" lon="129.20486648">
   <ele>6.866</ele>
  </trkpt>
  <trkpt lat="-3.38966285" lon="129.20501517">
   <ele>5.425</ele>
  </trkpt>
  <trkpt lat="-3.38978405" lon="129.20518222">
   <ele>5.905</ele>
  </trkpt>
  <trkpt lat="-3.39001774" lon="129.20534257">
   <ele>5.905</ele>
  </trkpt>
  <trkpt lat="-3.39018093" lon="129.20549965">
   <ele>5.425</ele>
  </trkpt>
  <trkpt lat="-3.39020533" lon="129.20558698">
   <ele>6.386</ele>
  </trkpt>
  <trkpt lat="-3.39027850" lon="129.20583107">
   <ele>8.309</ele>
  </trkpt>
  <trkpt lat="-3.39029225" lon="129.20596886">
   <ele>9.751</ele>
  </trkpt>
  <trkpt lat="-3.39030809" lon="129.20617489">
   <ele>11.673</ele>
  </trkpt>
  <trkpt lat="-3.39034304" lon="129.20635904">
   <ele>10.712</ele>
  </trkpt>
  <trkpt lat="-3.39048813" lon="129.20661938">
   <ele>8.789</ele>
  </trkpt>
  <trkpt lat="-3.39062174" lon="129.20680412">
   <ele>8.789</ele>
  </trkpt>
  <trkpt lat="-3.39074621" lon="129.20690110">
   <ele>6.386</ele>
  </trkpt>
  <trkpt lat="-3.39078292" lon="129.20692708">
   <ele>5.905</ele>
  </trkpt>
  <trkpt lat="-3.39112499" lon="129.20720109">
   <ele>4.944</ele>
  </trkpt>
  <trkpt lat="-3.39151584" lon="129.20734190">
   <ele>4.944</ele>
  </trkpt>
  <trkpt lat="-3.39185195" lon="129.20773669">
   <ele>6.386</ele>
  </trkpt>
  <trkpt lat="-3.39198690" lon="129.20816735">
   <ele>7.828</ele>
  </trkpt>
  <trkpt lat="-3.39204004" lon="129.20832686">
   <ele>8.309</ele>
  </trkpt>
  <trkpt lat="-3.39204222" lon="129.20854672">
   <ele>8.789</ele>
  </trkpt>
  <trkpt lat="-3.39201154" lon="129.20879717">
   <ele>5.425</ele>
  </trkpt>
  <trkpt lat="-3.39188430" lon="129.20924460">
   <ele>5.905</ele>
  </trkpt>
  <trkpt lat="-3.39176285" lon="129.20966981">
   <ele>7.347</ele>
  </trkpt>
  <trkpt lat="-3.39178263" lon="129.21007290">
   <ele>8.789</ele>
  </trkpt>
  <trkpt lat="-3.39181038" lon="129.21013182">
   <ele>8.789</ele>
  </trkpt>
  <trkpt lat="-3.39187475" lon="129.21030893">
   <ele>9.751</ele>
  </trkpt>
  <trkpt lat="-3.39202479" lon="129.21101016">
   <ele>11.193</ele>
  </trkpt>
  <trkpt lat="-3.39227272" lon="129.21207575">
   <ele>9.751</ele>
  </trkpt>
  <trkpt lat="-3.39235922" lon="129.21233383">
   <ele>10.231</ele>
  </trkpt>
  <trkpt lat="-3.39271638" lon="129.21347955">
   <ele>9.751</ele>
  </trkpt>
  <trkpt lat="-3.39329691" lon="129.21501210">
   <ele>9.27</ele>
  </trkpt>
  <trkpt lat="-3.39366311" lon="129.21613242">
   <ele>9.751</ele>
  </trkpt>
  <trkpt lat="-3.39431397" lon="129.21718745">
   <ele>8.309</ele>
  </trkpt>
  <trkpt lat="-3.39453223" lon="129.21745140">
   <ele>9.751</ele>
  </trkpt>
  <trkpt lat="-3.39478645" lon="129.21788567">
   <ele>9.751</ele>
  </trkpt>
  <trkpt lat="-3.39496147" lon="129.21917112">
   <ele>9.27</ele>
  </trkpt>
  <trkpt lat="-3.39494085" lon="129.22047107">
   <ele>6.866</ele>
  </trkpt>
  <trkpt lat="-3.39497815" lon="129.22095956">
   <ele>5.905</ele>
  </trkpt>
  <trkpt lat="-3.39497362" lon="129.22097356">
   <ele>4.944</ele>
  </trkpt>
  <trkpt lat="-3.39496843" lon="129.22101631">
   <ele>4.463</ele>
  </trkpt>
  <trkpt lat="-3.39502090" lon="129.22109904">
   <ele>4.463</ele>
  </trkpt>
  <trkpt lat="-3.39505342" lon="129.22113005">
   <ele>4.944</ele>
  </trkpt>
  <trkpt lat="-3.39518166" lon="129.22140012">
   <ele>5.425</ele>
  </trkpt>
  <trkpt lat="-3.39568684" lon="129.22213010">
   <ele>7.347</ele>
  </trkpt>
  <trkpt lat="-3.39597635" lon="129.22237778">
   <ele>6.866</ele>
  </trkpt>
  <trkpt lat="-3.39728753" lon="129.22320357">
   <ele>6.866</ele>
  </trkpt>
  <trkpt lat="-3.39771668" lon="129.22347036">
   <ele>7.347</ele>
  </trkpt>
  <trkpt lat="-3.39907598" lon="129.22494172">
   <ele>9.27</ele>
  </trkpt>
  <trkpt lat="-3.39979389" lon="129.22608761">
   <ele>8.309</ele>
  </trkpt>
  <trkpt lat="-3.39978442" lon="129.22704265">
   <ele>7.828</ele>
  </trkpt>
  <trkpt lat="-3.39907447" lon="129.22807060">
   <ele>8.789</ele>
  </trkpt>
  <trkpt lat="-3.39898705" lon="129.22820329">
   <ele>7.347</ele>
  </trkpt>
  <trkpt lat="-3.39887121" lon="129.22852700">
   <ele>7.347</ele>
  </trkpt>
  <trkpt lat="-3.39885159" lon="129.22876647">
   <ele>6.866</ele>
  </trkpt>
  <trkpt lat="-3.39884430" lon="129.22881424">
   <ele>6.866</ele>
  </trkpt>
  <trkpt lat="-3.39884480" lon="129.22901834">
   <ele>7.828</ele>
  </trkpt>
  <trkpt lat="-3.39889199" lon="129.22918674">
   <ele>7.347</ele>
  </trkpt>
  <trkpt lat="-3.39898981" lon="129.22970625">
   <ele>7.828</ele>
  </trkpt>
  <trkpt lat="-3.39903474" lon="129.23007756">
   <ele>8.789</ele>
  </trkpt>
  <trkpt lat="-3.39916105" lon="129.23056573">
   <ele>9.27</ele>
  </trkpt>
  <trkpt lat="-3.39942668" lon="129.23101374">
   <ele>9.751</ele>
  </trkpt>
  <trkpt lat="-3.40039236" lon="129.23234085">
   <ele>7.828</ele>
  </trkpt>
  <trkpt lat="-3.40047433" lon="129.23245652">
   <ele>8.309</ele>
  </trkpt>
  <trkpt lat="-3.40071229" lon="129.23288533">
   <ele>7.347</ele>
  </trkpt>
  <trkpt lat="-3.40079427" lon="129.23302833">
   <ele>7.347</ele>
  </trkpt>
  <trkpt lat="-3.40088052" lon="129.23357550">
   <ele>5.905</ele>
  </trkpt>
  <trkpt lat="-3.40083811" lon="129.23450346">
   <ele>7.347</ele>
  </trkpt>
  <trkpt lat="-3.40078304" lon="129.23585664">
   <ele>8.789</ele>
  </trkpt>
  <trkpt lat="-3.40051414" lon="129.23731836">
   <ele>11.673</ele>
  </trkpt>
  <trkpt lat="-3.40034936" lon="129.23914645">
   <ele>13.596</ele>
  </trkpt>
  <trkpt lat="-3.40056561" lon="129.24053080">
   <ele>12.154</ele>
  </trkpt>
  <trkpt lat="-3.40097037" lon="129.24162204">
   <ele>11.193</ele>
  </trkpt>
  <trkpt lat="-3.40139533" lon="129.24371098">
   <ele>11.193</ele>
  </trkpt>
  <trkpt lat="-3.40146624" lon="129.24388709">
   <ele>11.673</ele>
  </trkpt>
  <trkpt lat="-3.40190671" lon="129.24499232">
   <ele>13.596</ele>
  </trkpt>
  <trkpt lat="-3.40236269" lon="129.24583303">
   <ele>14.076</ele>
  </trkpt>
  <trkpt lat="-3.40280056" lon="129.24736599">
   <ele>15.518</ele>
  </trkpt>
  <trkpt lat="-3.40330976" lon="129.24889552">
   <ele>13.115</ele>
  </trkpt>
  <trkpt lat="-3.40393212" lon="129.25088690">
   <ele>14.076</ele>
  </trkpt>
  <trkpt lat="-3.40412892" lon="129.25149534">
   <ele>12.634</ele>
  </trkpt>
  <trkpt lat="-3.40458121" lon="129.25291800">
   <ele>12.154</ele>
  </trkpt>
  <trkpt lat="-3.40501967" lon="129.25490275">
   <ele>13.596</ele>
  </trkpt>
  <trkpt lat="-3.40515437" lon="129.25551195">
   <ele>15.038</ele>
  </trkpt>
  <trkpt lat="-3.40546902" lon="129.25706662">
   <ele>15.518</ele>
  </trkpt>
  <trkpt lat="-3.40560070" lon="129.25798142">
   <ele>11.673</ele>
  </trkpt>
  <trkpt lat="-3.40577924" lon="129.25862356">
   <ele>10.231</ele>
  </trkpt>
  <trkpt lat="-3.40595232" lon="129.25906931">
   <ele>11.673</ele>
  </trkpt>
  <trkpt lat="-3.40606607" lon="129.25947458">
   <ele>11.193</ele>
  </trkpt>
  <trkpt lat="-3.40606581" lon="129.25973190">
   <ele>11.673</ele>
  </trkpt>
  <trkpt lat="-3.40601343" lon="129.26006793">
   <ele>13.596</ele>
  </trkpt>
  <trkpt lat="-3.40598417" lon="129.26027354">
   <ele>13.596</ele>
  </trkpt>
  <trkpt lat="-3.40600287" lon="129.26107158">
   <ele>11.193</ele>
  </trkpt>
  <trkpt lat="-3.40612834" lon="129.26164499">
   <ele>12.634</ele>
  </trkpt>
  <trkpt lat="-3.40660217" lon="129.26225192">
   <ele>16.96</ele>
  </trkpt>
  <trkpt lat="-3.40691465" lon="129.26279020">
   <ele>15.999</ele>
  </trkpt>
  <trkpt lat="-3.40702269" lon="129.26304870">
   <ele>12.634</ele>
  </trkpt>
  <trkpt lat="-3.40706821" lon="129.26318835">
   <ele>12.634</ele>
  </trkpt>
  <trkpt lat="-3.40710576" lon="129.26332598">
   <ele>12.634</ele>
  </trkpt>
  <trkpt lat="-3.40713903" lon="129.26399611">
   <ele>14.076</ele>
  </trkpt>
  <trkpt lat="-3.40728572" lon="129.26445862">
   <ele>13.596</ele>
  </trkpt>
  <trkpt lat="-3.40737364" lon="129.26535842">
   <ele>12.634</ele>
  </trkpt>
  <trkpt lat="-3.40735797" lon="129.26557459">
   <ele>11.193</ele>
  </trkpt>
  <trkpt lat="-3.40737046" lon="129.26563796">
   <ele>10.712</ele>
  </trkpt>
  <trkpt lat="-3.40739250" lon="129.26577508">
   <ele>10.231</ele>
  </trkpt>
  <trkpt lat="-3.40738965" lon="129.26599117">
   <ele>9.27</ele>
  </trkpt>
  <trkpt lat="-3.40739946" lon="129.26653113">
   <ele>10.231</ele>
  </trkpt>
  <trkpt lat="-3.40746207" lon="129.26698862">
   <ele>13.596</ele>
  </trkpt>
  <trkpt lat="-3.40747884" lon="129.26707537">
   <ele>13.596</ele>
  </trkpt>
  <trkpt lat="-3.40761948" lon="129.26794834">
   <ele>13.115</ele>
  </trkpt>
  <trkpt lat="-3.40793305" lon="129.26884990">
   <ele>13.596</ele>
  </trkpt>
  <trkpt lat="-3.40866169" lon="129.26978239">
   <ele>12.634</ele>
  </trkpt>
  <trkpt lat="-3.40870922" lon="129.26988414">
   <ele>12.634</ele>
  </trkpt>
  <trkpt lat="-3.40884182" lon="129.27042126">
   <ele>10.712</ele>
  </trkpt>
  <trkpt lat="-3.40898624" lon="129.27105711">
   <ele>9.27</ele>
  </trkpt>
  <trkpt lat="-3.40945629" lon="129.27211323">
   <ele>11.673</ele>
  </trkpt>
  <trkpt lat="-3.40996843" lon="129.27288570">
   <ele>10.712</ele>
  </trkpt>
  <trkpt lat="-3.41012659" lon="129.27315887">
   <ele>9.27</ele>
  </trkpt>
  <trkpt lat="-3.41012333" lon="129.27339046">
   <ele>9.751</ele>
  </trkpt>
  <trkpt lat="-3.41012995" lon="129.27344386">
   <ele>11.193</ele>
  </trkpt>
  <trkpt lat="-3.41013540" lon="129.27359649">
   <ele>10.712</ele>
  </trkpt>
  <trkpt lat="-3.41022743" lon="129.27393302">
   <ele>13.115</ele>
  </trkpt>
  <trkpt lat="-3.41027630" lon="129.27443317">
   <ele>15.038</ele>
  </trkpt>
  <trkpt lat="-3.41031804" lon="129.27468387">
   <ele>14.557</ele>
  </trkpt>
  <trkpt lat="-3.41075138" lon="129.27566648">
   <ele>12.634</ele>
  </trkpt>
  <trkpt lat="-3.41118908" lon="129.27702863">
   <ele>12.634</ele>
  </trkpt>
  <trkpt lat="-3.41120543" lon="129.27758250">
   <ele>15.518</ele>
  </trkpt>
  <trkpt lat="-3.41127743" lon="129.27794921">
   <ele>16.48</ele>
  </trkpt>
  <trkpt lat="-3.41126989" lon="129.27828399">
   <ele>18.883</ele>
  </trkpt>
  <trkpt lat="-3.41118816" lon="129.27871238">
   <ele>23.69</ele>
  </trkpt>
  <trkpt lat="-3.41116620" lon="129.27883250">
   <ele>25.132</ele>
  </trkpt>
  <trkpt lat="-3.41116394" lon="129.27912167">
   <ele>29.938</ele>
  </trkpt>
  <trkpt lat="-3.41115992" lon="129.27921974">
   <ele>31.861</ele>
  </trkpt>
  <trkpt lat="-3.41126947" lon="129.27947438">
   <ele>35.706</ele>
  </trkpt>
  <trkpt lat="-3.41132923" lon="129.27958637">
   <ele>37.148</ele>
  </trkpt>
  <trkpt lat="-3.41133409" lon="129.27970975">
   <ele>37.148</ele>
  </trkpt>
  <trkpt lat="-3.41131833" lon="129.27991628">
   <ele>39.551</ele>
  </trkpt>
  <trkpt lat="-3.41132797" lon="129.28014284">
   <ele>39.551</ele>
  </trkpt>
  <trkpt lat="-3.41130501" lon="129.28039446">
   <ele>41.474</ele>
  </trkpt>
  <trkpt lat="-3.41128405" lon="129.28090291">
   <ele>45.319</ele>
  </trkpt>
  <trkpt lat="-3.41116570" lon="129.28129879">
   <ele>46.281</ele>
  </trkpt>
  <trkpt lat="-3.41099471" lon="129.28150867">
   <ele>51.087</ele>
  </trkpt>
  <trkpt lat="-3.41089731" lon="129.28141362">
   <ele>51.568</ele>
  </trkpt>
  <trkpt lat="-3.41074392" lon="129.28137070">
   <ele>53.971</ele>
  </trkpt>
  <trkpt lat="-3.41056480" lon="129.28135637">
   <ele>56.855</ele>
  </trkpt>
  <trkpt lat="-3.41055030" lon="129.28159961">
   <ele>57.817</ele>
  </trkpt>
  <trkpt lat="-3.41057293" lon="129.28177396">
   <ele>58.297</ele>
  </trkpt>
  <trkpt lat="-3.41049062" lon="129.28203832">
   <ele>60.7</ele>
  </trkpt>
  <trkpt lat="-3.41056589" lon="129.28213488">
   <ele>61.662</ele>
  </trkpt>
  <trkpt lat="-3.41078558" lon="129.28224008">
   <ele>62.623</ele>
  </trkpt>
  <trkpt lat="-3.41089044" lon="129.28226036">
   <ele>63.104</ele>
  </trkpt>
  <trkpt lat="-3.41089488" lon="129.28222323">
   <ele>63.104</ele>
  </trkpt>
  <trkpt lat="-3.41097727" lon="129.28221342">
   <ele>64.546</ele>
  </trkpt>
  <trkpt lat="-3.41114583" lon="129.28244367">
   <ele>66.949</ele>
  </trkpt>
  <trkpt lat="-3.41115732" lon="129.28266998">
   <ele>68.391</ele>
  </trkpt>
  <trkpt lat="-3.41098649" lon="129.28322788">
   <ele>71.275</ele>
  </trkpt>
  <trkpt lat="-3.41092153" lon="129.28375251">
   <ele>74.159</ele>
  </trkpt>
  <trkpt lat="-3.41092841" lon="129.28468709">
   <ele>71.755</ele>
  </trkpt>
  <trkpt lat="-3.41095154" lon="129.28496218">
   <ele>67.43</ele>
  </trkpt>
  <trkpt lat="-3.41093193" lon="129.28512488">
   <ele>64.065</ele>
  </trkpt>
  <trkpt lat="-3.41117509" lon="129.28535848">
   <ele>58.297</ele>
  </trkpt>
  <trkpt lat="-3.41126737" lon="129.28563173">
   <ele>50.126</ele>
  </trkpt>
  <trkpt lat="-3.41125119" lon="129.28582611">
   <ele>45.8</ele>
  </trkpt>
  <trkpt lat="-3.41123845" lon="129.28593180">
   <ele>43.877</ele>
  </trkpt>
  <trkpt lat="-3.41115011" lon="129.28614386">
   <ele>40.513</ele>
  </trkpt>
  <trkpt lat="-3.41118791" lon="129.28643832">
   <ele>35.706</ele>
  </trkpt>
  <trkpt lat="-3.41133837" lon="129.28663613">
   <ele>32.342</ele>
  </trkpt>
  <trkpt lat="-3.41157993" lon="129.28696697">
   <ele>26.574</ele>
  </trkpt>
  <trkpt lat="-3.41185855" lon="129.28743132">
   <ele>22.728</ele>
  </trkpt>
  <trkpt lat="-3.41220413" lon="129.28789577">
   <ele>18.402</ele>
  </trkpt>
  <trkpt lat="-3.41251452" lon="129.28829432">
   <ele>14.557</ele>
  </trkpt>
  <trkpt lat="-3.41265877" lon="129.28853170">
   <ele>14.557</ele>
  </trkpt>
  <trkpt lat="-3.41287402" lon="129.28955186">
   <ele>10.712</ele>
  </trkpt>
  <trkpt lat="-3.41290285" lon="129.28974766">
   <ele>10.712</ele>
  </trkpt>
  <trkpt lat="-3.41300310" lon="129.29112867">
   <ele>11.193</ele>
  </trkpt>
  <trkpt lat="-3.41270328" lon="129.29263548">
   <ele>11.193</ele>
  </trkpt>
  <trkpt lat="-3.41262985" lon="129.29303748">
   <ele>12.634</ele>
  </trkpt>
  <trkpt lat="-3.41257679" lon="129.29343017">
   <ele>12.634</ele>
  </trkpt>
  <trkpt lat="-3.41258509" lon="129.29400936">
   <ele>12.154</ele>
  </trkpt>
  <trkpt lat="-3.41227605" lon="129.29539665">
   <ele>13.115</ele>
  </trkpt>
  <trkpt lat="-3.41206374" lon="129.29610265">
   <ele>12.154</ele>
  </trkpt>
  <trkpt lat="-3.41209207" lon="129.29683263">
   <ele>11.673</ele>
  </trkpt>
  <trkpt lat="-3.41193851" lon="129.29766395">
   <ele>10.712</ele>
  </trkpt>
  <trkpt lat="-3.41189736" lon="129.29778700">
   <ele>11.193</ele>
  </trkpt>
  <trkpt lat="-3.41185628" lon="129.29825068">
   <ele>11.673</ele>
  </trkpt>
  <trkpt lat="-3.41198838" lon="129.29900891">
   <ele>10.712</ele>
  </trkpt>
  <trkpt lat="-3.41211227" lon="129.29929063">
   <ele>10.231</ele>
  </trkpt>
  <trkpt lat="-3.41232056" lon="129.29972095">
   <ele>9.751</ele>
  </trkpt>
  <trkpt lat="-3.41235769" lon="129.30011482">
   <ele>6.386</ele>
  </trkpt>
  <trkpt lat="-3.41231846" lon="129.30022261">
   <ele>6.386</ele>
  </trkpt>
  <trkpt lat="-3.41179996" lon="129.30124646">
   <ele>9.27</ele>
  </trkpt>
  <trkpt lat="-3.41152637" lon="129.30242077">
   <ele>10.712</ele>
  </trkpt>
  <trkpt lat="-3.41128204" lon="129.30394937">
   <ele>14.076</ele>
  </trkpt>
  <trkpt lat="-3.41096227" lon="129.30528394">
   <ele>13.115</ele>
  </trkpt>
  <trkpt lat="-3.41080830" lon="129.30600453">
   <ele>13.115</ele>
  </trkpt>
  <trkpt lat="-3.41080880" lon="129.30668062">
   <ele>12.154</ele>
  </trkpt>
  <trkpt lat="-3.41080905" lon="129.30701681">
   <ele>10.712</ele>
  </trkpt>
  <trkpt lat="-3.41074551" lon="129.30735645">
   <ele>9.751</ele>
  </trkpt>
  <trkpt lat="-3.41056011" lon="129.30822783">
   <ele>12.154</ele>
  </trkpt>
  <trkpt lat="-3.41060084" lon="129.30832188">
   <ele>12.154</ele>
  </trkpt>
  <trkpt lat="-3.41077410" lon="129.30896661">
   <ele>12.154</ele>
  </trkpt>
  <trkpt lat="-3.41096386" lon="129.30952686">
   <ele>14.557</ele>
  </trkpt>
  <trkpt lat="-3.41130249" lon="129.31012952">
   <ele>15.038</ele>
  </trkpt>
  <trkpt lat="-3.41132437" lon="129.31063520">
   <ele>15.999</ele>
  </trkpt>
  <trkpt lat="-3.41147558" lon="129.31163868">
   <ele>15.999</ele>
  </trkpt>
  <trkpt lat="-3.41149569" lon="129.31181151">
   <ele>15.518</ele>
  </trkpt>
  <trkpt lat="-3.41159167" lon="129.31301842">
   <ele>17.922</ele>
  </trkpt>
  <trkpt lat="-3.41172611" lon="129.31459783">
   <ele>15.518</ele>
  </trkpt>
  <trkpt lat="-3.41181605" lon="129.31559720">
   <ele>14.076</ele>
  </trkpt>
  <trkpt lat="-3.41190347" lon="129.31605326">
   <ele>11.193</ele>
  </trkpt>
  <trkpt lat="-3.41203574" lon="129.31655383">
   <ele>12.634</ele>
  </trkpt>
  <trkpt lat="-3.41248577" lon="129.31811328">
   <ele>7.828</ele>
  </trkpt>
  <trkpt lat="-3.41252558" lon="129.31823985">
   <ele>8.309</ele>
  </trkpt>
  <trkpt lat="-3.41267059" lon="129.31876791">
   <ele>7.828</ele>
  </trkpt>
  <trkpt lat="-3.41269984" lon="129.31892599">
   <ele>6.386</ele>
  </trkpt>
  <trkpt lat="-3.41283957" lon="129.31958330">
   <ele>8.309</ele>
  </trkpt>
  <trkpt lat="-3.41304249" lon="129.32027757">
   <ele>5.905</ele>
  </trkpt>
  <trkpt lat="-3.41305892" lon="129.32031764">
   <ele>6.386</ele>
  </trkpt>
  <trkpt lat="-3.41314827" lon="129.32086087">
   <ele>5.905</ele>
  </trkpt>
  <trkpt lat="-3.41314601" lon="129.32124937">
   <ele>5.905</ele>
  </trkpt>
  <trkpt lat="-3.41294275" lon="129.32226199">
   <ele>7.347</ele>
  </trkpt>
  <trkpt lat="-3.41277125" lon="129.32308098">
   <ele>8.309</ele>
  </trkpt>
  <trkpt lat="-3.41274099" lon="129.32338315">
   <ele>7.347</ele>
  </trkpt>
  <trkpt lat="-3.41235098" lon="129.32451462">
   <ele>11.673</ele>
  </trkpt>
  <trkpt lat="-3.41231151" lon="129.32465234">
   <ele>12.154</ele>
  </trkpt>
  <trkpt lat="-3.41183868" lon="129.32597509">
   <ele>10.712</ele>
  </trkpt>
  <trkpt lat="-3.41178504" lon="129.32610895">
   <ele>11.193</ele>
  </trkpt>
  <trkpt lat="-3.41147759" lon="129.32755415">
   <ele>12.634</ele>
  </trkpt>
  <trkpt lat="-3.41126385" lon="129.32829780">
   <ele>14.557</ele>
  </trkpt>
  <trkpt lat="-3.41120518" lon="129.32856811">
   <ele>13.596</ele>
  </trkpt>
  <trkpt lat="-3.41126595" lon="129.32898302">
   <ele>13.596</ele>
  </trkpt>
  <trkpt lat="-3.41144473" lon="129.33032001">
   <ele>13.596</ele>
  </trkpt>
  <trkpt lat="-3.41149771" lon="129.33096056">
   <ele>11.673</ele>
  </trkpt>
  <trkpt lat="-3.41171564" lon="129.33215942">
   <ele>13.596</ele>
  </trkpt>
  <trkpt lat="-3.41201303" lon="129.33302200">
   <ele>15.038</ele>
  </trkpt>
  <trkpt lat="-3.41225778" lon="129.33376104">
   <ele>15.518</ele>
  </trkpt>
  <trkpt lat="-3.41228686" lon="129.33383161">
   <ele>14.557</ele>
  </trkpt>
  <trkpt lat="-3.41226909" lon="129.33401786">
   <ele>15.038</ele>
  </trkpt>
  <trkpt lat="-3.41231075" lon="129.33411098">
   <ele>15.999</ele>
  </trkpt>
  <trkpt lat="-3.41249649" lon="129.33483979">
   <ele>14.557</ele>
  </trkpt>
  <trkpt lat="-3.41258492" lon="129.33516249">
   <ele>13.115</ele>
  </trkpt>
  <trkpt lat="-3.41270730" lon="129.33559818">
   <ele>14.557</ele>
  </trkpt>
  <trkpt lat="-3.41306110" lon="129.33629287">
   <ele>13.596</ele>
  </trkpt>
  <trkpt lat="-3.41320317" lon="129.33659462">
   <ele>13.115</ele>
  </trkpt>
  <trkpt lat="-3.41321591" lon="129.33742435">
   <ele>14.076</ele>
  </trkpt>
  <trkpt lat="-3.41320192" lon="129.33793162">
   <ele>17.441</ele>
  </trkpt>
  <trkpt lat="-3.41321608" lon="129.33805140">
   <ele>17.441</ele>
  </trkpt>
  <trkpt lat="-3.41329286" lon="129.33854484">
   <ele>20.325</ele>
  </trkpt>
  <trkpt lat="-3.41339679" lon="129.33906192">
   <ele>20.806</ele>
  </trkpt>
  <trkpt lat="-3.41337902" lon="129.33932838">
   <ele>19.364</ele>
  </trkpt>
  <trkpt lat="-3.41319739" lon="129.33972526">
   <ele>19.364</ele>
  </trkpt>
  <trkpt lat="-3.41215367" lon="129.34109596">
   <ele>19.364</ele>
  </trkpt>
  <trkpt lat="-3.41140609" lon="129.34213120">
   <ele>18.883</ele>
  </trkpt>
  <trkpt lat="-3.41116503" lon="129.34270981">
   <ele>18.402</ele>
  </trkpt>
  <trkpt lat="-3.41088608" lon="129.34413699">
   <ele>15.518</ele>
  </trkpt>
  <trkpt lat="-3.41084233" lon="129.34433464">
   <ele>15.518</ele>
  </trkpt>
  <trkpt lat="-3.41055826" lon="129.34577256">
   <ele>16.48</ele>
  </trkpt>
  <trkpt lat="-3.41020421" lon="129.34781875">
   <ele>14.557</ele>
  </trkpt>
  <trkpt lat="-3.40999089" lon="129.34923797">
   <ele>14.557</ele>
  </trkpt>
  <trkpt lat="-3.40992568" lon="129.34994901">
   <ele>12.154</ele>
  </trkpt>
  <trkpt lat="-3.40993012" lon="129.35010583">
   <ele>12.154</ele>
  </trkpt>
  <trkpt lat="-3.40991889" lon="129.35015453">
   <ele>11.673</ele>
  </trkpt>
  <trkpt lat="-3.40990858" lon="129.35033851">
   <ele>14.076</ele>
  </trkpt>
  <trkpt lat="-3.40995183" lon="129.35042988">
   <ele>13.115</ele>
  </trkpt>
  <trkpt lat="-3.40995728" lon="129.35042610">
   <ele>12.634</ele>
  </trkpt>
  <trkpt lat="-3.40996156" lon="129.35061797">
   <ele>13.115</ele>
  </trkpt>
  <trkpt lat="-3.40970574" lon="129.35144040">
   <ele>10.712</ele>
  </trkpt>
  <trkpt lat="-3.40950751" lon="129.35215320">
   <ele>11.673</ele>
  </trkpt>
  <trkpt lat="-3.40946250" lon="129.35287446">
   <ele>14.557</ele>
  </trkpt>
  <trkpt lat="-3.40946166" lon="129.35295777">
   <ele>14.076</ele>
  </trkpt>
  <trkpt lat="-3.40940852" lon="129.35379395">
   <ele>15.038</ele>
  </trkpt>
  <trkpt lat="-3.40934398" lon="129.35492710">
   <ele>11.673</ele>
  </trkpt>
  <trkpt lat="-3.40934046" lon="129.35506792">
   <ele>11.673</ele>
  </trkpt>
  <trkpt lat="-3.40940089" lon="129.35629955">
   <ele>12.634</ele>
  </trkpt>
  <trkpt lat="-3.40950156" lon="129.35676852">
   <ele>14.076</ele>
  </trkpt>
  <trkpt lat="-3.40978713" lon="129.35737596">
   <ele>13.115</ele>
  </trkpt>
  <trkpt lat="-3.41056220" lon="129.35872159">
   <ele>13.115</ele>
  </trkpt>
  <trkpt lat="-3.41064208" lon="129.35889560">
   <ele>13.115</ele>
  </trkpt>
  <trkpt lat="-3.41087225" lon="129.36039956">
   <ele>12.634</ele>
  </trkpt>
  <trkpt lat="-3.41093042" lon="129.36121554">
   <ele>12.154</ele>
  </trkpt>
  <trkpt lat="-3.41120702" lon="129.36179984">
   <ele>10.231</ele>
  </trkpt>
  <trkpt lat="-3.41130241" lon="129.36198265">
   <ele>9.751</ele>
  </trkpt>
  <trkpt lat="-3.41146083" lon="129.36222967">
   <ele>10.712</ele>
  </trkpt>
  <trkpt lat="-3.41159871" lon="129.36253779">
   <ele>12.634</ele>
  </trkpt>
  <trkpt lat="-3.41183592" lon="129.36301497">
   <ele>11.193</ele>
  </trkpt>
  <trkpt lat="-3.41194790" lon="129.36318093">
   <ele>11.193</ele>
  </trkpt>
  <trkpt lat="-3.41204211" lon="129.36337187">
   <ele>9.27</ele>
  </trkpt>
  <trkpt lat="-3.41229265" lon="129.36386154">
   <ele>8.789</ele>
  </trkpt>
  <trkpt lat="-3.41238233" lon="129.36412792">
   <ele>8.309</ele>
  </trkpt>
  <trkpt lat="-3.41239993" lon="129.36429271">
   <ele>7.828</ele>
  </trkpt>
  <trkpt lat="-3.41241427" lon="129.36446487">
   <ele>8.309</ele>
  </trkpt>
  <trkpt lat="-3.41244989" lon="129.36473695">
   <ele>6.386</ele>
  </trkpt>
  <trkpt lat="-3.41248367" lon="129.36531882">
   <ele>8.309</ele>
  </trkpt>
  <trkpt lat="-3.41244863" lon="129.36572090">
   <ele>8.309</ele>
  </trkpt>
  <trkpt lat="-3.41220782" lon="129.36658356">
   <ele>8.309</ele>
  </trkpt>
  <trkpt lat="-3.41208989" lon="129.36722344">
   <ele>9.27</ele>
  </trkpt>
  <trkpt lat="-3.41198838" lon="129.36789734">
   <ele>9.751</ele>
  </trkpt>
  <trkpt lat="-3.41195175" lon="129.36810027">
   <ele>9.751</ele>
  </trkpt>
  <trkpt lat="-3.41192200" lon="129.36872841">
   <ele>8.789</ele>
  </trkpt>
  <trkpt lat="-3.41193876" lon="129.36945001">
   <ele>7.347</ele>
  </trkpt>
  <trkpt lat="-3.41190465" lon="129.36954011">
   <ele>7.828</ele>
  </trkpt>
  <trkpt lat="-3.41192979" lon="129.36974421">
   <ele>8.309</ele>
  </trkpt>
  <trkpt lat="-3.41185654" lon="129.37016373">
   <ele>7.347</ele>
  </trkpt>
  <trkpt lat="-3.41173952" lon="129.37065776">
   <ele>9.27</ele>
  </trkpt>
  <trkpt lat="-3.41155898" lon="129.37145110">
   <ele>8.309</ele>
  </trkpt>
  <trkpt lat="-3.41154037" lon="129.37168253">
   <ele>7.828</ele>
  </trkpt>
  <trkpt lat="-3.41145328" lon="129.37238066">
   <ele>6.866</ele>
  </trkpt>
  <trkpt lat="-3.41139930" lon="129.37309697">
   <ele>6.866</ele>
  </trkpt>
  <trkpt lat="-3.41140131" lon="129.37312807">
   <ele>6.866</ele>
  </trkpt>
  <trkpt lat="-3.41145496" lon="129.37311022">
   <ele>6.386</ele>
  </trkpt>
  <trkpt lat="-3.41143803" lon="129.37315950">
   <ele>6.386</ele>
  </trkpt>
  <trkpt lat="-3.41136385" lon="129.37366828">
   <ele>7.828</ele>
  </trkpt>
  <trkpt lat="-3.41136645" lon="129.37383466">
   <ele>7.828</ele>
  </trkpt>
  <trkpt lat="-3.41136158" lon="129.37396685">
   <ele>7.347</ele>
  </trkpt>
  <trkpt lat="-3.41137701" lon="129.37409936">
   <ele>7.828</ele>
  </trkpt>
  <trkpt lat="-3.41121934" lon="129.37480185">
   <ele>9.27</ele>
  </trkpt>
  <trkpt lat="-3.41120484" lon="129.37503646">
   <ele>10.712</ele>
  </trkpt>
  <trkpt lat="-3.41128757" lon="129.37539051">
   <ele>9.27</ele>
  </trkpt>
  <trkpt lat="-3.41129746" lon="129.37542471">
   <ele>8.309</ele>
  </trkpt>
  <trkpt lat="-3.41136536" lon="129.37563216">
   <ele>8.309</ele>
  </trkpt>
  <trkpt lat="-3.41148346" lon="129.37602125">
   <ele>8.309</ele>
  </trkpt>
  <trkpt lat="-3.41151514" lon="129.37613323">
   <ele>6.866</ele>
  </trkpt>
  <trkpt lat="-3.41156392" lon="129.37617925">
   <ele>6.866</ele>
  </trkpt>
  <trkpt lat="-3.41163081" lon="129.37635552">
   <ele>6.866</ele>
  </trkpt>
  <trkpt lat="-3.41164112" lon="129.37637229">
   <ele>6.866</ele>
  </trkpt>
  <trkpt lat="-3.41162561" lon="129.37640741">
   <ele>6.866</ele>
  </trkpt>
  <trkpt lat="-3.41164640" lon="129.37644923">
   <ele>7.347</ele>
  </trkpt>
  <trkpt lat="-3.41176383" lon="129.37668317">
   <ele>7.347</ele>
  </trkpt>
  <trkpt lat="-3.41192602" lon="129.37687109">
   <ele>7.347</ele>
  </trkpt>
  <trkpt lat="-3.41211847" lon="129.37715650">
   <ele>8.309</ele>
  </trkpt>
  <trkpt lat="-3.41229700" lon="129.37740410">
   <ele>8.309</ele>
  </trkpt>
  <trkpt lat="-3.41243614" lon="129.37765522">
   <ele>7.828</ele>
  </trkpt>
  <trkpt lat="-3.41252776" lon="129.37790274">
   <ele>6.866</ele>
  </trkpt>
  <trkpt lat="-3.41261460" lon="129.37806325">
   <ele>7.828</ele>
  </trkpt>
  <trkpt lat="-3.41281157" lon="129.37859936">
   <ele>8.789</ele>
  </trkpt>
  <trkpt lat="-3.41283420" lon="129.37865635">
   <ele>8.309</ele>
  </trkpt>
  <trkpt lat="-3.41290017" lon="129.37880597">
   <ele>8.789</ele>
  </trkpt>
  <trkpt lat="-3.41342982" lon="129.37961742">
   <ele>9.751</ele>
  </trkpt>
  <trkpt lat="-3.41395427" lon="129.38057967">
   <ele>9.27</ele>
  </trkpt>
  <trkpt lat="-3.41399392" lon="129.38067287">
   <ele>8.789</ele>
  </trkpt>
  <trkpt lat="-3.41411244" lon="129.38102533">
   <ele>7.828</ele>
  </trkpt>
  <trkpt lat="-3.41417665" lon="129.38119657">
   <ele>7.347</ele>
  </trkpt>
  <trkpt lat="-3.41426977" lon="129.38135583">
   <ele>7.347</ele>
  </trkpt>
  <trkpt lat="-3.41440053" lon="129.38165808">
   <ele>8.309</ele>
  </trkpt>
  <trkpt lat="-3.41455576" lon="129.38190308">
   <ele>7.347</ele>
  </trkpt>
  <trkpt lat="-3.41471351" lon="129.38212143">
   <ele>7.347</ele>
  </trkpt>
  <trkpt lat="-3.41491811" lon="129.38246744">
   <ele>7.347</ele>
  </trkpt>
  <trkpt lat="-3.41496890" lon="129.38250801">
   <ele>7.347</ele>
  </trkpt>
  <trkpt lat="-3.41511768" lon="129.38272116">
   <ele>7.347</ele>
  </trkpt>
  <trkpt lat="-3.41519136" lon="129.38283088">
   <ele>7.828</ele>
  </trkpt>
  <trkpt lat="-3.41532824" lon="129.38310253">
   <ele>7.347</ele>
  </trkpt>
  <trkpt lat="-3.41541742" lon="129.38326011">
   <ele>6.866</ele>
  </trkpt>
  <trkpt lat="-3.41546411" lon="129.38335961">
   <ele>8.309</ele>
  </trkpt>
  <trkpt lat="-3.41591044" lon="129.38412907">
   <ele>7.828</ele>
  </trkpt>
  <trkpt lat="-3.41604766" lon="129.38448530">
   <ele>6.866</ele>
  </trkpt>
  <trkpt lat="-3.41606031" lon="129.38452637">
   <ele>6.866</ele>
  </trkpt>
  <trkpt lat="-3.41625092" lon="129.38502979">
   <ele>6.866</ele>
  </trkpt>
  <trkpt lat="-3.41635452" lon="129.38530664">
   <ele>8.789</ele>
  </trkpt>
  <trkpt lat="-3.41648620" lon="129.38603000">
   <ele>9.751</ele>
  </trkpt>
  <trkpt lat="-3.41653867" lon="129.38619697">
   <ele>8.789</ele>
  </trkpt>
  <trkpt lat="-3.41656205" lon="129.38654616">
   <ele>6.386</ele>
  </trkpt>
  <trkpt lat="-3.41657010" lon="129.38667658">
   <ele>7.828</ele>
  </trkpt>
  <trkpt lat="-3.41659239" lon="129.38735442">
   <ele>8.309</ele>
  </trkpt>
  <trkpt lat="-3.41661922" lon="129.38768886">
   <ele>7.347</ele>
  </trkpt>
  <trkpt lat="-3.41662106" lon="129.38773043">
   <ele>7.828</ele>
  </trkpt>
  <trkpt lat="-3.41646960" lon="129.38844826">
   <ele>8.789</ele>
  </trkpt>
  <trkpt lat="-3.41646046" lon="129.38850274">
   <ele>8.789</ele>
  </trkpt>
  <trkpt lat="-3.41630020" lon="129.38906173">
   <ele>8.789</ele>
  </trkpt>
  <trkpt lat="-3.41626609" lon="129.38927614">
   <ele>8.309</ele>
  </trkpt>
  <trkpt lat="-3.41609610" lon="129.38973069">
   <ele>8.309</ele>
  </trkpt>
  <trkpt lat="-3.41607909" lon="129.38976531">
   <ele>8.789</ele>
  </trkpt>
  <trkpt lat="-3.41588572" lon="129.39012984">
   <ele>8.789</ele>
  </trkpt>
  <trkpt lat="-3.41581707" lon="129.39028809">
   <ele>8.789</ele>
  </trkpt>
  <trkpt lat="-3.41564029" lon="129.39061909">
   <ele>8.309</ele>
  </trkpt>
  <trkpt lat="-3.41559126" lon="129.39067072">
   <ele>8.309</ele>
  </trkpt>
  <trkpt lat="-3.41553552" lon="129.39088019">
   <ele>7.828</ele>
  </trkpt>
  <trkpt lat="-3.41554818" lon="129.39145401">
   <ele>9.27</ele>
  </trkpt>
  <trkpt lat="-3.41548976" lon="129.39195575">
   <ele>8.309</ele>
  </trkpt>
  <trkpt lat="-3.41548883" lon="129.39225440">
   <ele>7.347</ele>
  </trkpt>
  <trkpt lat="-3.41550677" lon="129.39265581">
   <ele>6.386</ele>
  </trkpt>
  <trkpt lat="-3.41549034" lon="129.39327917">
   <ele>7.828</ele>
  </trkpt>
  <trkpt lat="-3.41550426" lon="129.39408685">
   <ele>5.905</ele>
  </trkpt>
  <trkpt lat="-3.41546235" lon="129.39444669">
   <ele>4.944</ele>
  </trkpt>
  <trkpt lat="-3.41547023" lon="129.39480837">
   <ele>5.425</ele>
  </trkpt>
  <trkpt lat="-3.41537551" lon="129.39541245">
   <ele>6.866</ele>
  </trkpt>
  <trkpt lat="-3.41537450" lon="129.39566466">
   <ele>7.347</ele>
  </trkpt>
  <trkpt lat="-3.41535405" lon="129.39612550">
   <ele>7.347</ele>
  </trkpt>
  <trkpt lat="-3.41540376" lon="129.39636983">
   <ele>7.828</ele>
  </trkpt>
  <trkpt lat="-3.41543167" lon="129.39663009">
   <ele>9.27</ele>
  </trkpt>
  <trkpt lat="-3.41544039" lon="129.39722277">
   <ele>8.789</ele>
  </trkpt>
  <trkpt lat="-3.41540728" lon="129.39749938">
   <ele>7.828</ele>
  </trkpt>
  <trkpt lat="-3.41546084" lon="129.39778738">
   <ele>9.27</ele>
  </trkpt>
  <trkpt lat="-3.41549210" lon="129.39818946">
   <ele>8.789</ele>
  </trkpt>
  <trkpt lat="-3.41548867" lon="129.39831074">
   <ele>8.309</ele>
  </trkpt>
  <trkpt lat="-3.41557031" lon="129.39881743">
   <ele>6.866</ele>
  </trkpt>
  <trkpt lat="-3.41554717" lon="129.39888901">
   <ele>6.866</ele>
  </trkpt>
  <trkpt lat="-3.41558808" lon="129.39942822">
   <ele>7.828</ele>
  </trkpt>
  <trkpt lat="-3.41568480" lon="129.39990104">
   <ele>9.27</ele>
  </trkpt>
  <trkpt lat="-3.41578388" lon="129.40030371">
   <ele>8.309</ele>
  </trkpt>
  <trkpt lat="-3.41584967" lon="129.40079112">
   <ele>9.751</ele>
  </trkpt>
  <trkpt lat="-3.41588203" lon="129.40094652">
   <ele>9.751</ele>
  </trkpt>
  <trkpt lat="-3.41613214" lon="129.40146108">
   <ele>8.789</ele>
  </trkpt>
  <trkpt lat="-3.41630825" lon="129.40180005">
   <ele>7.828</ele>
  </trkpt>
  <trkpt lat="-3.41638385" lon="129.40196626">
   <ele>7.828</ele>
  </trkpt>
  <trkpt lat="-3.41640062" lon="129.40226683">
   <ele>7.347</ele>
  </trkpt>
  <trkpt lat="-3.41645694" lon="129.40253665">
   <ele>7.828</ele>
  </trkpt>
  <trkpt lat="-3.41637061" lon="129.40301031">
   <ele>8.789</ele>
  </trkpt>
  <trkpt lat="-3.41616550" lon="129.40375940">
   <ele>7.828</ele>
  </trkpt>
  <trkpt lat="-3.41617498" lon="129.40402561">
   <ele>7.347</ele>
  </trkpt>
  <trkpt lat="-3.41618537" lon="129.40419375">
   <ele>7.347</ele>
  </trkpt>
  <trkpt lat="-3.41621789" lon="129.40434001">
   <ele>7.347</ele>
  </trkpt>
  <trkpt lat="-3.41620297" lon="129.40456138">
   <ele>7.347</ele>
  </trkpt>
  <trkpt lat="-3.41623784" lon="129.40477705">
   <ele>7.347</ele>
  </trkpt>
  <trkpt lat="-3.41638369" lon="129.40528583">
   <ele>7.347</ele>
  </trkpt>
  <trkpt lat="-3.41642543" lon="129.40543494">
   <ele>7.347</ele>
  </trkpt>
  <trkpt lat="-3.41643272" lon="129.40601505">
   <ele>8.789</ele>
  </trkpt>
  <trkpt lat="-3.41643515" lon="129.40627707">
   <ele>10.231</ele>
  </trkpt>
  <trkpt lat="-3.41641478" lon="129.40646273">
   <ele>10.231</ele>
  </trkpt>
  <trkpt lat="-3.41639224" lon="129.40676666">
   <ele>11.673</ele>
  </trkpt>
  <trkpt lat="-3.41652283" lon="129.40692977">
   <ele>12.154</ele>
  </trkpt>
  <trkpt lat="-3.41664009" lon="129.40704879">
   <ele>13.115</ele>
  </trkpt>
  <trkpt lat="-3.41674780" lon="129.40733311">
   <ele>12.634</ele>
  </trkpt>
  <trkpt lat="-3.41680144" lon="129.40788397">
   <ele>12.154</ele>
  </trkpt>
  <trkpt lat="-3.41701744" lon="129.40871537">
   <ele>9.751</ele>
  </trkpt>
  <trkpt lat="-3.41714962" lon="129.40925307">
   <ele>8.309</ele>
  </trkpt>
  <trkpt lat="-3.41717812" lon="129.40971985">
   <ele>7.347</ele>
  </trkpt>
  <trkpt lat="-3.41724065" lon="129.41016108">
   <ele>6.386</ele>
  </trkpt>
  <trkpt lat="-3.41724417" lon="129.41033794">
   <ele>6.866</ele>
  </trkpt>
  <trkpt lat="-3.41734425" lon="129.41084554">
   <ele>8.309</ele>
  </trkpt>
  <trkpt lat="-3.41739178" lon="129.41091008">
   <ele>9.27</ele>
  </trkpt>
  <trkpt lat="-3.41743863" lon="129.41097731">
   <ele>8.309</ele>
  </trkpt>
  <trkpt lat="-3.41761800" lon="129.41140126">
   <ele>9.751</ele>
  </trkpt>
  <trkpt lat="-3.41777625" lon="129.41178842">
   <ele>9.751</ele>
  </trkpt>
  <trkpt lat="-3.41785957" lon="129.41195355">
   <ele>9.27</ele>
  </trkpt>
  <trkpt lat="-3.41805378" lon="129.41247842">
   <ele>8.309</ele>
  </trkpt>
  <trkpt lat="-3.41809418" lon="129.41257431">
   <ele>7.828</ele>
  </trkpt>
  <trkpt lat="-3.41828101" lon="129.41287371">
   <ele>8.309</ele>
  </trkpt>
  <trkpt lat="-3.41882399" lon="129.41355835">
   <ele>5.905</ele>
  </trkpt>
  <trkpt lat="-3.41900244" lon="129.41383830">
   <ele>5.425</ele>
  </trkpt>
  <trkpt lat="-3.41914284" lon="129.41407048">
   <ele>5.905</ele>
  </trkpt>
  <trkpt lat="-3.41945213" lon="129.41450542">
   <ele>7.347</ele>
  </trkpt>
  <trkpt lat="-3.41963444" lon="129.41478529">
   <ele>7.828</ele>
  </trkpt>
  <trkpt lat="-3.41987743" lon="129.41533791">
   <ele>7.347</ele>
  </trkpt>
  <trkpt lat="-3.42004146" lon="129.41561091">
   <ele>6.866</ele>
  </trkpt>
  <trkpt lat="-3.42046408" lon="129.41612765">
   <ele>4.944</ele>
  </trkpt>
  <trkpt lat="-3.42071604" lon="129.41631080">
   <ele>5.905</ele>
  </trkpt>
  <trkpt lat="-3.42094570" lon="129.41644130">
   <ele>6.386</ele>
  </trkpt>
  <trkpt lat="-3.42142431" lon="129.41678253">
   <ele>8.309</ele>
  </trkpt>
  <trkpt lat="-3.42156186" lon="129.41687481">
   <ele>10.231</ele>
  </trkpt>
  <trkpt lat="-3.42188003" lon="129.41703483">
   <ele>8.309</ele>
  </trkpt>
  <trkpt lat="-3.42215521" lon="129.41716508">
   <ele>9.751</ele>
  </trkpt>
  <trkpt lat="-3.42226552" lon="129.41722937">
   <ele>9.27</ele>
  </trkpt>
  <trkpt lat="-3.42254757" lon="129.41743330">
   <ele>8.309</ele>
  </trkpt>
  <trkpt lat="-3.42264103" lon="129.41751670">
   <ele>7.347</ele>
  </trkpt>
  <trkpt lat="-3.42300531" lon="129.41815976">
   <ele>7.347</ele>
  </trkpt>
  <trkpt lat="-3.42306674" lon="129.41825464">
   <ele>6.866</ele>
  </trkpt>
  <trkpt lat="-3.42330278" lon="129.41869201">
   <ele>7.828</ele>
  </trkpt>
  <trkpt lat="-3.42339288" lon="129.41892461">
   <ele>8.309</ele>
  </trkpt>
  <trkpt lat="-3.42341225" lon="129.41921152">
   <ele>8.789</ele>
  </trkpt>
  <trkpt lat="-3.42337201" lon="129.41947094">
   <ele>9.751</ele>
  </trkpt>
  <trkpt lat="-3.42336246" lon="129.41960991">
   <ele>9.751</ele>
  </trkpt>
  <trkpt lat="-3.42336464" lon="129.41998827">
   <ele>9.751</ele>
  </trkpt>
  <trkpt lat="-3.42342289" lon="129.42027326">
   <ele>9.751</ele>
  </trkpt>
  <trkpt lat="-3.42353127" lon="129.42043922">
   <ele>9.751</ele>
  </trkpt>
  <trkpt lat="-3.42361165" lon="129.42067894">
   <ele>8.309</ele>
  </trkpt>
  <trkpt lat="-3.42366387" lon="129.42086016">
   <ele>8.789</ele>
  </trkpt>
  <trkpt lat="-3.42368240" lon="129.42096334">
   <ele>9.27</ele>
  </trkpt>
  <trkpt lat="-3.42381483" lon="129.42127607">
   <ele>9.27</ele>
  </trkpt>
  <trkpt lat="-3.42393980" lon="129.42194042">
   <ele>8.789</ele>
  </trkpt>
  <trkpt lat="-3.42410794" lon="129.42221409">
   <ele>9.27</ele>
  </trkpt>
  <trkpt lat="-3.42418263" lon="129.42231224">
   <ele>8.309</ele>
  </trkpt>
  <trkpt lat="-3.42430182" lon="129.42254484">
   <ele>8.789</ele>
  </trkpt>
  <trkpt lat="-3.42436695" lon="129.42271885">
   <ele>7.828</ele>
  </trkpt>
  <trkpt lat="-3.42437122" lon="129.42338705">
   <ele>9.27</ele>
  </trkpt>
  <trkpt lat="-3.42437910" lon="129.42398787">
   <ele>8.309</ele>
  </trkpt>
  <trkpt lat="-3.42437700" lon="129.42435080">
   <ele>7.828</ele>
  </trkpt>
  <trkpt lat="-3.42440517" lon="129.42456219">
   <ele>7.828</ele>
  </trkpt>
  <trkpt lat="-3.42440433" lon="129.42464643">
   <ele>7.347</ele>
  </trkpt>
  <trkpt lat="-3.42428287" lon="129.42501063">
   <ele>8.309</ele>
  </trkpt>
  <trkpt lat="-3.42425094" lon="129.42512185">
   <ele>7.828</ele>
  </trkpt>
  <trkpt lat="-3.42421808" lon="129.42521573">
   <ele>7.828</ele>
  </trkpt>
  <trkpt lat="-3.42382195" lon="129.42570205">
   <ele>9.27</ele>
  </trkpt>
  <trkpt lat="-3.42354669" lon="129.42600011">
   <ele>9.27</ele>
  </trkpt>
  <trkpt lat="-3.42346497" lon="129.42637889">
   <ele>8.789</ele>
  </trkpt>
  <trkpt lat="-3.42352565" lon="129.42656899">
   <ele>7.828</ele>
  </trkpt>
  <trkpt lat="-3.42366496" lon="129.42691935">
   <ele>8.309</ele>
  </trkpt>
  <trkpt lat="-3.42375649" lon="129.42715354">
   <ele>8.789</ele>
  </trkpt>
  <trkpt lat="-3.42391198" lon="129.42743124">
   <ele>8.789</ele>
  </trkpt>
  <trkpt lat="-3.42397199" lon="129.42762838">
   <ele>8.309</ele>
  </trkpt>
  <trkpt lat="-3.42429570" lon="129.42807136">
   <ele>9.751</ele>
  </trkpt>
  <trkpt lat="-3.42434163" lon="129.42813230">
   <ele>9.751</ele>
  </trkpt>
  <trkpt lat="-3.42455797" lon="129.42870822">
   <ele>10.231</ele>
  </trkpt>
  <trkpt lat="-3.42459150" lon="129.42907627">
   <ele>11.193</ele>
  </trkpt>
  <trkpt lat="-3.42459326" lon="129.42914525">
   <ele>11.193</ele>
  </trkpt>
  <trkpt lat="-3.42463349" lon="129.42954968">
   <ele>10.231</ele>
  </trkpt>
  <trkpt lat="-3.42468202" lon="129.42980038">
   <ele>8.789</ele>
  </trkpt>
  <trkpt lat="-3.42466651" lon="129.42979183">
   <ele>7.828</ele>
  </trkpt>
  <trkpt lat="-3.42471387" lon="129.42999551">
   <ele>7.828</ele>
  </trkpt>
  <trkpt lat="-3.42477791" lon="129.43025284">
   <ele>8.309</ele>
  </trkpt>
  <trkpt lat="-3.42483801" lon="129.43057772">
   <ele>8.789</ele>
  </trkpt>
  <trkpt lat="-3.42485226" lon="129.43081308">
   <ele>8.309</ele>
  </trkpt>
  <trkpt lat="-3.42486760" lon="129.43090562">
   <ele>8.789</ele>
  </trkpt>
  <trkpt lat="-3.42512484" lon="129.43158682">
   <ele>10.712</ele>
  </trkpt>
  <trkpt lat="-3.42543321" lon="129.43252215">
   <ele>12.154</ele>
  </trkpt>
  <trkpt lat="-3.42549942" lon="129.43273597">
   <ele>11.193</ele>
  </trkpt>
  <trkpt lat="-3.42552943" lon="129.43297712">
   <ele>11.193</ele>
  </trkpt>
  <trkpt lat="-3.42565583" lon="129.43332757">
   <ele>11.193</ele>
  </trkpt>
  <trkpt lat="-3.42576245" lon="129.43361926">
   <ele>11.673</ele>
  </trkpt>
  <trkpt lat="-3.42581308" lon="129.43377323">
   <ele>11.673</ele>
  </trkpt>
  <trkpt lat="-3.42585490" lon="129.43392637">
   <ele>13.115</ele>
  </trkpt>
  <trkpt lat="-3.42601634" lon="129.43434371">
   <ele>13.596</ele>
  </trkpt>
  <trkpt lat="-3.42611960" lon="129.43465224">
   <ele>14.557</ele>
  </trkpt>
  <trkpt lat="-3.42613611" lon="129.43474889">
   <ele>14.076</ele>
  </trkpt>
  <trkpt lat="-3.42629294" lon="129.43520252">
   <ele>13.596</ele>
  </trkpt>
  <trkpt lat="-3.42649410" lon="129.43557803">
   <ele>13.115</ele>
  </trkpt>
  <trkpt lat="-3.42666619" lon="129.43599938">
   <ele>12.154</ele>
  </trkpt>
  <trkpt lat="-3.42670801" lon="129.43618068">
   <ele>12.154</ele>
  </trkpt>
  <trkpt lat="-3.42674917" lon="129.43632209">
   <ele>12.154</ele>
  </trkpt>
  <trkpt lat="-3.42690800" lon="129.43661772">
   <ele>12.634</ele>
  </trkpt>
  <trkpt lat="-3.42712115" lon="129.43688678">
   <ele>11.673</ele>
  </trkpt>
  <trkpt lat="-3.42761225" lon="129.43724753">
   <ele>10.712</ele>
  </trkpt>
  <trkpt lat="-3.42771971" lon="129.43734250">
   <ele>10.231</ele>
  </trkpt>
  <trkpt lat="-3.42787502" lon="129.43757770">
   <ele>9.751</ele>
  </trkpt>
  <trkpt lat="-3.42820410" lon="129.43795103">
   <ele>9.27</ele>
  </trkpt>
  <trkpt lat="-3.42856159" lon="129.43842804">
   <ele>7.828</ele>
  </trkpt>
  <trkpt lat="-3.42868220" lon="129.43859451">
   <ele>7.828</ele>
  </trkpt>
  <trkpt lat="-3.42889275" lon="129.43892173">
   <ele>6.866</ele>
  </trkpt>
  <trkpt lat="-3.42903282" lon="129.43917671">
   <ele>6.866</ele>
  </trkpt>
  <trkpt lat="-3.42913147" lon="129.43936992">
   <ele>7.828</ele>
  </trkpt>
  <trkpt lat="-3.42925963" lon="129.43977132">
   <ele>7.347</ele>
  </trkpt>
  <trkpt lat="-3.42927195" lon="129.43990828">
   <ele>7.828</ele>
  </trkpt>
  <trkpt lat="-3.42927773" lon="129.44007877">
   <ele>7.828</ele>
  </trkpt>
  <trkpt lat="-3.42928796" lon="129.44021163">
   <ele>7.347</ele>
  </trkpt>
  <trkpt lat="-3.42932082" lon="129.44047272">
   <ele>7.347</ele>
  </trkpt>
  <trkpt lat="-3.42937890" lon="129.44093431">
   <ele>8.789</ele>
  </trkpt>
  <trkpt lat="-3.42946038" lon="129.44175021">
   <ele>11.193</ele>
  </trkpt>
  <trkpt lat="-3.42946943" lon="129.44183227">
   <ele>11.193</ele>
  </trkpt>
  <trkpt lat="-3.42948074" lon="129.44191542">
   <ele>11.193</ele>
  </trkpt>
  <trkpt lat="-3.42949265" lon="129.44221892">
   <ele>12.154</ele>
  </trkpt>
  <trkpt lat="-3.42951218" lon="129.44236502">
   <ele>13.115</ele>
  </trkpt>
  <trkpt lat="-3.42954487" lon="129.44249528">
   <ele>12.154</ele>
  </trkpt>
  <trkpt lat="-3.42952676" lon="129.44271790">
   <ele>11.193</ele>
  </trkpt>
  <trkpt lat="-3.42965375" lon="129.44319525">
   <ele>10.231</ele>
  </trkpt>
  <trkpt lat="-3.42984527" lon="129.44352935">
   <ele>10.231</ele>
  </trkpt>
  <trkpt lat="-3.43002724" lon="129.44379397">
   <ele>9.27</ele>
  </trkpt>
  <trkpt lat="-3.43015792" lon="129.44403905">
   <ele>8.309</ele>
  </trkpt>
  <trkpt lat="-3.43020678" lon="129.44420686">
   <ele>8.309</ele>
  </trkpt>
  <trkpt lat="-3.43032145" lon="129.44450039">
   <ele>7.828</ele>
  </trkpt>
  <trkpt lat="-3.43045061" lon="129.44467566">
   <ele>8.309</ele>
  </trkpt>
  <trkpt lat="-3.43056411" lon="129.44478060">
   <ele>8.309</ele>
  </trkpt>
  <trkpt lat="-3.43080500" lon="129.44510850">
   <ele>7.347</ele>
  </trkpt>
  <trkpt lat="-3.43090039" lon="129.44536046">
   <ele>7.347</ele>
  </trkpt>
  <trkpt lat="-3.43102352" lon="129.44557462">
   <ele>7.347</ele>
  </trkpt>
  <trkpt lat="-3.43123625" lon="129.44595424">
   <ele>8.309</ele>
  </trkpt>
  <trkpt lat="-3.43134605" lon="129.44614098">
   <ele>9.751</ele>
  </trkpt>
  <trkpt lat="-3.43144060" lon="129.44631784">
   <ele>11.673</ele>
  </trkpt>
  <trkpt lat="-3.43180220" lon="129.44702511">
   <ele>13.596</ele>
  </trkpt>
  <trkpt lat="-3.43196330" lon="129.44727640">
   <ele>12.634</ele>
  </trkpt>
  <trkpt lat="-3.43210738" lon="129.44751746">
   <ele>12.634</ele>
  </trkpt>
  <trkpt lat="-3.43248499" lon="129.44802465">
   <ele>11.193</ele>
  </trkpt>
  <trkpt lat="-3.43256244" lon="129.44816605">
   <ele>10.712</ele>
  </trkpt>
  <trkpt lat="-3.43269210" lon="129.44844802">
   <ele>10.712</ele>
  </trkpt>
  <trkpt lat="-3.43271147" lon="129.44857492">
   <ele>10.712</ele>
  </trkpt>
  <trkpt lat="-3.43286720" lon="129.44904707">
   <ele>11.193</ele>
  </trkpt>
  <trkpt lat="-3.43295152" lon="129.44937321">
   <ele>10.712</ele>
  </trkpt>
  <trkpt lat="-3.43315948" lon="129.44992801">
   <ele>11.673</ele>
  </trkpt>
  <trkpt lat="-3.43332267" lon="129.45028584">
   <ele>13.596</ele>
  </trkpt>
  <trkpt lat="-3.43377496" lon="129.45139585">
   <ele>14.557</ele>
  </trkpt>
  <trkpt lat="-3.43393170" lon="129.45187848">
   <ele>13.115</ele>
  </trkpt>
  <trkpt lat="-3.43402357" lon="129.45215978">
   <ele>11.193</ele>
  </trkpt>
  <trkpt lat="-3.43405626" lon="129.45233077">
   <ele>11.673</ele>
  </trkpt>
  <trkpt lat="-3.43429036" lon="129.45300300">
   <ele>13.115</ele>
  </trkpt>
  <trkpt lat="-3.43450913" lon="129.45377463">
   <ele>12.634</ele>
  </trkpt>
  <trkpt lat="-3.43462011" lon="129.45403992">
   <ele>12.634</ele>
  </trkpt>
  <trkpt lat="-3.43478004" lon="129.45436548">
   <ele>11.193</ele>
  </trkpt>
  <trkpt lat="-3.43493376" lon="129.45471282">
   <ele>10.231</ele>
  </trkpt>
  <trkpt lat="-3.43491557" lon="129.45471106">
   <ele>9.751</ele>
  </trkpt>
  <trkpt lat="-3.43498891" lon="129.45487484">
   <ele>11.193</ele>
  </trkpt>
  <trkpt lat="-3.43508044" lon="129.45518212">
   <ele>11.193</ele>
  </trkpt>
  <trkpt lat="-3.43508522" lon="129.45519461">
   <ele>11.673</ele>
  </trkpt>
  <trkpt lat="-3.43513761" lon="129.45552712">
   <ele>12.154</ele>
  </trkpt>
  <trkpt lat="-3.43518446" lon="129.45628216">
   <ele>12.634</ele>
  </trkpt>
  <trkpt lat="-3.43523098" lon="129.45657402">
   <ele>11.673</ele>
  </trkpt>
  <trkpt lat="-3.43540641" lon="129.45714810">
   <ele>9.27</ele>
  </trkpt>
  <trkpt lat="-3.43547984" lon="129.45735983">
   <ele>9.27</ele>
  </trkpt>
  <trkpt lat="-3.43550239" lon="129.45742319">
   <ele>10.231</ele>
  </trkpt>
  <trkpt lat="-3.43563046" lon="129.45787749">
   <ele>9.751</ele>
  </trkpt>
  <trkpt lat="-3.43567925" lon="129.45805033">
   <ele>9.751</ele>
  </trkpt>
  <trkpt lat="-3.43586926" lon="129.45842952">
   <ele>10.712</ele>
  </trkpt>
  <trkpt lat="-3.43599030" lon="129.45861946">
   <ele>11.193</ele>
  </trkpt>
  <trkpt lat="-3.43610102" lon="129.45870940">
   <ele>11.193</ele>
  </trkpt>
  <trkpt lat="-3.43633932" lon="129.45894174">
   <ele>11.673</ele>
  </trkpt>
  <trkpt lat="-3.43683670" lon="129.45952915">
   <ele>14.557</ele>
  </trkpt>
  <trkpt lat="-3.43738337" lon="129.46027656">
   <ele>13.596</ele>
  </trkpt>
  <trkpt lat="-3.43766836" lon="129.46067579">
   <ele>10.231</ele>
  </trkpt>
  <trkpt lat="-3.43780708" lon="129.46089506">
   <ele>10.712</ele>
  </trkpt>
  <trkpt lat="-3.43787019" lon="129.46103085">
   <ele>9.27</ele>
  </trkpt>
  <trkpt lat="-3.43788905" lon="129.46106236">
   <ele>9.751</ele>
  </trkpt>
  <trkpt lat="-3.43792576" lon="129.46115104">
   <ele>10.712</ele>
  </trkpt>
  <trkpt lat="-3.43819776" lon="129.46155497">
   <ele>14.557</ele>
  </trkpt>
  <trkpt lat="-3.43824562" lon="129.46160241">
   <ele>14.076</ele>
  </trkpt>
  <trkpt lat="-3.43846740" lon="129.46177281">
   <ele>15.999</ele>
  </trkpt>
  <trkpt lat="-3.43863646" lon="129.46186828">
   <ele>16.96</ele>
  </trkpt>
  <trkpt lat="-3.43874920" lon="129.46195479">
   <ele>16.96</ele>
  </trkpt>
  <trkpt lat="-3.43883486" lon="129.46203844">
   <ele>17.922</ele>
  </trkpt>
  <trkpt lat="-3.43927726" lon="129.46274763">
   <ele>14.076</ele>
  </trkpt>
  <trkpt lat="-3.43940743" lon="129.46292977">
   <ele>12.154</ele>
  </trkpt>
  <trkpt lat="-3.43971471" lon="129.46320998">
   <ele>9.27</ele>
  </trkpt>
  <trkpt lat="-3.43972863" lon="129.46337258">
   <ele>9.751</ele>
  </trkpt>
  <trkpt lat="-3.44001269" lon="129.46389444">
   <ele>12.154</ele>
  </trkpt>
  <trkpt lat="-3.44009642" lon="129.46408287">
   <ele>14.557</ele>
  </trkpt>
  <trkpt lat="-3.44044050" lon="129.46456055">
   <ele>17.922</ele>
  </trkpt>
  <trkpt lat="-3.44079640" lon="129.46495308">
   <ele>20.806</ele>
  </trkpt>
  <trkpt lat="-3.44136159" lon="129.46568239">
   <ele>20.806</ele>
  </trkpt>
  <trkpt lat="-3.44167021" lon="129.46602789">
   <ele>18.883</ele>
  </trkpt>
  <trkpt lat="-3.44170215" lon="129.46606586">
   <ele>18.402</ele>
  </trkpt>
  <trkpt lat="-3.44208956" lon="129.46652032">
   <ele>16.48</ele>
  </trkpt>
  <trkpt lat="-3.44226030" lon="129.46674689">
   <ele>15.038</ele>
  </trkpt>
  <trkpt lat="-3.44272541" lon="129.46726539">
   <ele>11.673</ele>
  </trkpt>
  <trkpt lat="-3.44279615" lon="129.46734955">
   <ele>11.673</ele>
  </trkpt>
  <trkpt lat="-3.44286673" lon="129.46743789">
   <ele>11.193</ele>
  </trkpt>
  <trkpt lat="-3.44328742" lon="129.46783603">
   <ele>9.751</ele>
  </trkpt>
  <trkpt lat="-3.44396568" lon="129.46865712">
   <ele>10.712</ele>
  </trkpt>
  <trkpt lat="-3.44412276" lon="129.46902853">
   <ele>10.712</ele>
  </trkpt>
  <trkpt lat="-3.44416182" lon="129.47015723">
   <ele>12.634</ele>
  </trkpt>
  <trkpt lat="-3.44432929" lon="129.47124051">
   <ele>14.076</ele>
  </trkpt>
  <trkpt lat="-3.44446977" lon="129.47162515">
   <ele>14.076</ele>
  </trkpt>
  <trkpt lat="-3.44500269" lon="129.47244398">
   <ele>16.96</ele>
  </trkpt>
  <trkpt lat="-3.44516848" lon="129.47267650">
   <ele>16.48</ele>
  </trkpt>
  <trkpt lat="-3.44533872" lon="129.47324085">
   <ele>13.596</ele>
  </trkpt>
  <trkpt lat="-3.44534777" lon="129.47327714">
   <ele>13.115</ele>
  </trkpt>
  <trkpt lat="-3.44537878" lon="129.47335032">
   <ele>14.076</ele>
  </trkpt>
  <trkpt lat="-3.44543017" lon="129.47398810">
   <ele>17.922</ele>
  </trkpt>
  <trkpt lat="-3.44545707" lon="129.47417493">
   <ele>18.883</ele>
  </trkpt>
  <trkpt lat="-3.44551591" lon="129.47435162">
   <ele>19.844</ele>
  </trkpt>
  <trkpt lat="-3.44565346" lon="129.47458849">
   <ele>23.69</ele>
  </trkpt>
  <trkpt lat="-3.44593467" lon="129.47496844">
   <ele>26.574</ele>
  </trkpt>
  <trkpt lat="-3.44599024" lon="129.47503500">
   <ele>27.535</ele>
  </trkpt>
  <trkpt lat="-3.44634446" lon="129.47567076">
   <ele>24.17</ele>
  </trkpt>
  <trkpt lat="-3.44667999" lon="129.47614627">
   <ele>20.806</ele>
  </trkpt>
  <trkpt lat="-3.44681025" lon="129.47636445">
   <ele>19.844</ele>
  </trkpt>
  <trkpt lat="-3.44708618" lon="129.47677785">
   <ele>19.844</ele>
  </trkpt>
  <trkpt lat="-3.44731551" lon="129.47700483">
   <ele>21.286</ele>
  </trkpt>
  <trkpt lat="-3.44744677" lon="129.47712712">
   <ele>22.728</ele>
  </trkpt>
  <trkpt lat="-3.44765481" lon="129.47732996">
   <ele>21.767</ele>
  </trkpt>
  <trkpt lat="-3.44812654" lon="129.47763431">
   <ele>18.402</ele>
  </trkpt>
  <trkpt lat="-3.44893615" lon="129.47813806">
   <ele>17.922</ele>
  </trkpt>
  <trkpt lat="-3.44901267" lon="129.47819305">
   <ele>17.922</ele>
  </trkpt>
  <trkpt lat="-3.44957678" lon="129.47881297">
   <ele>14.557</ele>
  </trkpt>
  <trkpt lat="-3.45013216" lon="129.47964077">
   <ele>16.48</ele>
  </trkpt>
  <trkpt lat="-3.45030240" lon="129.47992207">
   <ele>17.922</ele>
  </trkpt>
  <trkpt lat="-3.45037976" lon="129.48005123">
   <ele>17.441</ele>
  </trkpt>
  <trkpt lat="-3.45051186" lon="129.48034393">
   <ele>16.48</ele>
  </trkpt>
  <trkpt lat="-3.45104596" lon="129.48179115">
   <ele>15.999</ele>
  </trkpt>
  <trkpt lat="-3.45167619" lon="129.48312596">
   <ele>16.96</ele>
  </trkpt>
  <trkpt lat="-3.45226360" lon="129.48441694">
   <ele>13.115</ele>
  </trkpt>
  <trkpt lat="-3.45273022" lon="129.48513259">
   <ele>15.038</ele>
  </trkpt>
  <trkpt lat="-3.45356891" lon="129.48636993">
   <ele>14.557</ele>
  </trkpt>
  <trkpt lat="-3.45439360" lon="129.48782930">
   <ele>13.596</ele>
  </trkpt>
  <trkpt lat="-3.45447550" lon="129.48797221">
   <ele>13.596</ele>
  </trkpt>
  <trkpt lat="-3.45476174" lon="129.48836775">
   <ele>13.115</ele>
  </trkpt>
  <trkpt lat="-3.45526859" lon="129.48890059">
   <ele>10.712</ele>
  </trkpt>
  <trkpt lat="-3.45542609" lon="129.48910394">
   <ele>9.751</ele>
  </trkpt>
  <trkpt lat="-3.45557948" lon="129.48946411">
   <ele>9.751</ele>
  </trkpt>
  <trkpt lat="-3.45550379" lon="129.49051788">
   <ele>11.673</ele>
  </trkpt>
  <trkpt lat="-3.45554008" lon="129.49169244">
   <ele>12.154</ele>
  </trkpt>
  <trkpt lat="-3.45582364" lon="129.49253473">
   <ele>15.518</ele>
  </trkpt>
  <trkpt lat="-3.45617333" lon="129.49336798">
   <ele>17.922</ele>
  </trkpt>
  <trkpt lat="-3.45661548" lon="129.49481218">
   <ele>15.038</ele>
  </trkpt>
  <trkpt lat="-3.45684464" lon="129.49609897">
   <ele>16.96</ele>
  </trkpt>
  <trkpt lat="-3.45686132" lon="129.49741342">
   <ele>13.115</ele>
  </trkpt>
  <trkpt lat="-3.45686518" lon="129.49766404">
   <ele>12.634</ele>
  </trkpt>
  <trkpt lat="-3.45706534" lon="129.49849150">
   <ele>15.038</ele>
  </trkpt>
  <trkpt lat="-3.45722032" lon="129.49879224">
   <ele>15.999</ele>
  </trkpt>
  <trkpt lat="-3.45733113" lon="129.49899752">
   <ele>15.518</ele>
  </trkpt>
  <trkpt lat="-3.45748686" lon="129.49938560">
   <ele>13.115</ele>
  </trkpt>
  <trkpt lat="-3.45755526" lon="129.49958752">
   <ele>11.673</ele>
  </trkpt>
  <trkpt lat="-3.45761527" lon="129.49966388">
   <ele>12.154</ele>
  </trkpt>
  <trkpt lat="-3.45778886" lon="129.50010762">
   <ele>13.115</ele>
  </trkpt>
  <trkpt lat="-3.45788919" lon="129.50036611">
   <ele>13.115</ele>
  </trkpt>
  <trkpt lat="-3.45804862" lon="129.50093172">
   <ele>12.154</ele>
  </trkpt>
  <trkpt lat="-3.45817242" lon="129.50126055">
   <ele>11.673</ele>
  </trkpt>
  <trkpt lat="-3.45826445" lon="129.50145752">
   <ele>11.673</ele>
  </trkpt>
  <trkpt lat="-3.45835120" lon="129.50181065">
   <ele>11.673</ele>
  </trkpt>
  <trkpt lat="-3.45859202" lon="129.50234684">
   <ele>11.193</ele>
  </trkpt>
  <trkpt lat="-3.45865798" lon="129.50254072">
   <ele>10.231</ele>
  </trkpt>
  <trkpt lat="-3.45875110" lon="129.50278597">
   <ele>8.789</ele>
  </trkpt>
  <trkpt lat="-3.45887893" lon="129.50298965">
   <ele>10.231</ele>
  </trkpt>
  <trkpt lat="-3.45922586" lon="129.50369750">
   <ele>11.673</ele>
  </trkpt>
  <trkpt lat="-3.45977655" lon="129.50455229">
   <ele>10.231</ele>
  </trkpt>
  <trkpt lat="-3.45991812" lon="129.50479151">
   <ele>9.27</ele>
  </trkpt>
  <trkpt lat="-3.45997662" lon="129.50489611">
   <ele>8.309</ele>
  </trkpt>
  <trkpt lat="-3.46012842" lon="129.50532426">
   <ele>9.27</ele>
  </trkpt>
  <trkpt lat="-3.46019447" lon="129.50550984">
   <ele>8.309</ele>
  </trkpt>
  <trkpt lat="-3.46026706" lon="129.50595550">
   <ele>10.231</ele>
  </trkpt>
  <trkpt lat="-3.46035155" lon="129.50633135">
   <ele>12.634</ele>
  </trkpt>
  <trkpt lat="-3.46067668" lon="129.50687257">
   <ele>12.154</ele>
  </trkpt>
  <trkpt lat="-3.46093870" lon="129.50710625">
   <ele>11.193</ele>
  </trkpt>
  <trkpt lat="-3.46110491" lon="129.50720944">
   <ele>11.193</ele>
  </trkpt>
  <trkpt lat="-3.46161411" lon="129.50778435">
   <ele>10.712</ele>
  </trkpt>
  <trkpt lat="-3.46194771" lon="129.50812005">
   <ele>9.27</ele>
  </trkpt>
  <trkpt lat="-3.46204746" lon="129.50824686">
   <ele>8.309</ele>
  </trkpt>
  <trkpt lat="-3.46231610" lon="129.50852204">
   <ele>9.27</ele>
  </trkpt>
  <trkpt lat="-3.46255632" lon="129.50869043">
   <ele>10.231</ele>
  </trkpt>
  <trkpt lat="-3.46273066" lon="129.50873134">
   <ele>11.673</ele>
  </trkpt>
  <trkpt lat="-3.46282261" lon="129.50875321">
   <ele>12.154</ele>
  </trkpt>
  <trkpt lat="-3.46296293" lon="129.50882002">
   <ele>12.634</ele>
  </trkpt>
  <trkpt lat="-3.46334506" lon="129.50927004">
   <ele>10.231</ele>
  </trkpt>
  <trkpt lat="-3.46339141" lon="129.50935084">
   <ele>10.231</ele>
  </trkpt>
  <trkpt lat="-3.46345159" lon="129.50969165">
   <ele>9.27</ele>
  </trkpt>
  <trkpt lat="-3.46337691" lon="129.51005652">
   <ele>8.309</ele>
  </trkpt>
  <trkpt lat="-3.46334632" lon="129.51055641">
   <ele>8.309</ele>
  </trkpt>
  <trkpt lat="-3.46341111" lon="129.51079999">
   <ele>8.309</ele>
  </trkpt>
  <trkpt lat="-3.46354639" lon="129.51143643">
   <ele>7.347</ele>
  </trkpt>
  <trkpt lat="-3.46355762" lon="129.51151748">
   <ele>6.386</ele>
  </trkpt>
  <trkpt lat="-3.46353206" lon="129.51173147">
   <ele>8.309</ele>
  </trkpt>
  <trkpt lat="-3.46349426" lon="129.51182703">
   <ele>7.828</ele>
  </trkpt>
  <trkpt lat="-3.46346148" lon="129.51205996">
   <ele>7.828</ele>
  </trkpt>
  <trkpt lat="-3.46349836" lon="129.51220882">
   <ele>8.309</ele>
  </trkpt>
  <trkpt lat="-3.46353298" lon="129.51239482">
   <ele>8.309</ele>
  </trkpt>
  <trkpt lat="-3.46363205" lon="129.51267511">
   <ele>6.866</ele>
  </trkpt>
  <trkpt lat="-3.46362099" lon="129.51274627">
   <ele>8.309</ele>
  </trkpt>
  <trkpt lat="-3.46373297" lon="129.51316553">
   <ele>8.789</ele>
  </trkpt>
  <trkpt lat="-3.46380673" lon="129.51359401">
   <ele>8.309</ele>
  </trkpt>
  <trkpt lat="-3.46382249" lon="129.51361564">
   <ele>8.309</ele>
  </trkpt>
  <trkpt lat="-3.46392651" lon="129.51371849">
   <ele>8.789</ele>
  </trkpt>
  <trkpt lat="-3.46394135" lon="129.51385008">
   <ele>9.751</ele>
  </trkpt>
  <trkpt lat="-3.46397881" lon="129.51398050">
   <ele>9.751</ele>
  </trkpt>
  <trkpt lat="-3.46422088" lon="129.51459448">
   <ele>7.828</ele>
  </trkpt>
  <trkpt lat="-3.46423153" lon="129.51464972">
   <ele>7.828</ele>
  </trkpt>
  <trkpt lat="-3.46427277" lon="129.51481023">
   <ele>7.828</ele>
  </trkpt>
  <trkpt lat="-3.46428903" lon="129.51505708">
   <ele>7.828</ele>
  </trkpt>
  <trkpt lat="-3.46424117" lon="129.51526243">
   <ele>7.347</ele>
  </trkpt>
  <trkpt lat="-3.46420705" lon="129.51548447">
   <ele>6.386</ele>
  </trkpt>
  <trkpt lat="-3.46419004" lon="129.51565102">
   <ele>6.386</ele>
  </trkpt>
  <trkpt lat="-3.46418870" lon="129.51607137">
   <ele>5.425</ele>
  </trkpt>
  <trkpt lat="-3.46418224" lon="129.51624580">
   <ele>6.866</ele>
  </trkpt>
  <trkpt lat="-3.46437855" lon="129.51684929">
   <ele>8.309</ele>
  </trkpt>
  <trkpt lat="-3.46478247" lon="129.51742245">
   <ele>6.386</ele>
  </trkpt>
  <trkpt lat="-3.46479638" lon="129.51752177">
   <ele>5.905</ele>
  </trkpt>
  <trkpt lat="-3.46491516" lon="129.51778396">
   <ele>7.347</ele>
  </trkpt>
  <trkpt lat="-3.46501498" lon="129.51799351">
   <ele>7.347</ele>
  </trkpt>
  <trkpt lat="-3.46516192" lon="129.51827128">
   <ele>7.347</ele>
  </trkpt>
  <trkpt lat="-3.46532386" lon="129.51866440">
   <ele>6.386</ele>
  </trkpt>
  <trkpt lat="-3.46545587" lon="129.51905457">
   <ele>6.386</ele>
  </trkpt>
  <trkpt lat="-3.46555805" lon="129.51932372">
   <ele>7.828</ele>
  </trkpt>
  <trkpt lat="-3.46567925" lon="129.51956201">
   <ele>8.309</ele>
  </trkpt>
  <trkpt lat="-3.46593247" lon="129.51988329">
   <ele>7.828</ele>
  </trkpt>
  <trkpt lat="-3.46601369" lon="129.51996158">
   <ele>8.309</ele>
  </trkpt>
  <trkpt lat="-3.46610220" lon="129.52002143">
   <ele>9.27</ele>
  </trkpt>
  <trkpt lat="-3.46629951" lon="129.52020155">
   <ele>7.828</ele>
  </trkpt>
  <trkpt lat="-3.46667401" lon="129.52060883">
   <ele>7.828</ele>
  </trkpt>
  <trkpt lat="-3.46679002" lon="129.52072240">
   <ele>7.828</ele>
  </trkpt>
  <trkpt lat="-3.46682313" lon="129.52099146">
   <ele>9.27</ele>
  </trkpt>
  <trkpt lat="-3.46702731" lon="129.52154199">
   <ele>9.27</ele>
  </trkpt>
  <trkpt lat="-3.46704148" lon="129.52174718">
   <ele>8.789</ele>
  </trkpt>
  <trkpt lat="-3.46694056" lon="129.52193485">
   <ele>8.309</ele>
  </trkpt>
  <trkpt lat="-3.46693452" lon="129.52245209">
   <ele>7.347</ele>
  </trkpt>
  <trkpt lat="-3.46695229" lon="129.52248084">
   <ele>7.828</ele>
  </trkpt>
  <trkpt lat="-3.46708045" lon="129.52281788">
   <ele>8.309</ele>
  </trkpt>
  <trkpt lat="-3.46715237" lon="129.52300362">
   <ele>9.27</ele>
  </trkpt>
  <trkpt lat="-3.46717341" lon="129.52322138">
   <ele>10.231</ele>
  </trkpt>
  <trkpt lat="-3.46715254" lon="129.52339707">
   <ele>10.712</ele>
  </trkpt>
  <trkpt lat="-3.46702555" lon="129.52360444">
   <ele>13.596</ele>
  </trkpt>
  <trkpt lat="-3.46667225" lon="129.52424515">
   <ele>16.48</ele>
  </trkpt>
  <trkpt lat="-3.46648961" lon="129.52465503">
   <ele>15.999</ele>
  </trkpt>
  <trkpt lat="-3.46641225" lon="129.52503908">
   <ele>16.48</ele>
  </trkpt>
  <trkpt lat="-3.46655943" lon="129.52588147">
   <ele>14.076</ele>
  </trkpt>
  <trkpt lat="-3.46658802" lon="129.52597098">
   <ele>12.634</ele>
  </trkpt>
  <trkpt lat="-3.46661744" lon="129.52603896">
   <ele>10.712</ele>
  </trkpt>
  <trkpt lat="-3.46666940" lon="129.52608414">
   <ele>9.751</ele>
  </trkpt>
  <trkpt lat="-3.46684182" lon="129.52627173">
   <ele>8.309</ele>
  </trkpt>
  <trkpt lat="-3.46695188" lon="129.52649594">
   <ele>8.309</ele>
  </trkpt>
  <trkpt lat="-3.46735454" lon="129.52723640">
   <ele>6.866</ele>
  </trkpt>
  <trkpt lat="-3.46767842" lon="129.52774652">
   <ele>7.347</ele>
  </trkpt>
  <trkpt lat="-3.46809869" lon="129.52842831">
   <ele>6.866</ele>
  </trkpt>
  <trkpt lat="-3.46814672" lon="129.52856929">
   <ele>6.866</ele>
  </trkpt>
  <trkpt lat="-3.46816650" lon="129.52889769">
   <ele>7.828</ele>
  </trkpt>
  <trkpt lat="-3.46812140" lon="129.52907036">
   <ele>8.309</ele>
  </trkpt>
  <trkpt lat="-3.46810464" lon="129.52931377">
   <ele>8.309</ele>
  </trkpt>
  <trkpt lat="-3.46815610" lon="129.52977796">
   <ele>6.866</ele>
  </trkpt>
  <trkpt lat="-3.46829147" lon="129.53000511">
   <ele>7.828</ele>
  </trkpt>
  <trkpt lat="-3.46830488" lon="129.53019060">
   <ele>8.309</ele>
  </trkpt>
  <trkpt lat="-3.46821327" lon="129.53041918">
   <ele>9.751</ele>
  </trkpt>
  <trkpt lat="-3.46811034" lon="129.53059805">
   <ele>9.751</ele>
  </trkpt>
  <trkpt lat="-3.46807597" lon="129.53084146">
   <ele>8.309</ele>
  </trkpt>
  <trkpt lat="-3.46819441" lon="129.53163824">
   <ele>10.712</ele>
  </trkpt>
  <trkpt lat="-3.46829457" lon="129.53197318">
   <ele>10.231</ele>
  </trkpt>
  <trkpt lat="-3.46838174" lon="129.53246042">
   <ele>11.673</ele>
  </trkpt>
  <trkpt lat="-3.46857914" lon="129.53285605">
   <ele>9.751</ele>
  </trkpt>
  <trkpt lat="-3.46859682" lon="129.53306484">
   <ele>10.231</ele>
  </trkpt>
  <trkpt lat="-3.46868031" lon="129.53320817">
   <ele>9.751</ele>
  </trkpt>
  <trkpt lat="-3.46893822" lon="129.53375450">
   <ele>8.309</ele>
  </trkpt>
  <trkpt lat="-3.46897149" lon="129.53383422">
   <ele>8.309</ele>
  </trkpt>
  <trkpt lat="-3.46899748" lon="129.53394368">
   <ele>9.27</ele>
  </trkpt>
  <trkpt lat="-3.46915280" lon="129.53424451">
   <ele>8.789</ele>
  </trkpt>
  <trkpt lat="-3.46924483" lon="129.53441525">
   <ele>8.789</ele>
  </trkpt>
  <trkpt lat="-3.46924852" lon="129.53445850">
   <ele>8.789</ele>
  </trkpt>
  <trkpt lat="-3.46926746" lon="129.53462278">
   <ele>7.347</ele>
  </trkpt>
  <trkpt lat="-3.46923561" lon="129.53573146">
   <ele>7.347</ele>
  </trkpt>
  <trkpt lat="-3.46908180" lon="129.53687618">
   <ele>10.231</ele>
  </trkpt>
  <trkpt lat="-3.46905825" lon="129.53698824">
   <ele>10.712</ele>
  </trkpt>
  <trkpt lat="-3.46892531" lon="129.53785694">
   <ele>8.789</ele>
  </trkpt>
  <trkpt lat="-3.46884384" lon="129.53824477">
   <ele>7.828</ele>
  </trkpt>
  <trkpt lat="-3.46872590" lon="129.53847846">
   <ele>7.347</ele>
  </trkpt>
  <trkpt lat="-3.46853698" lon="129.53871181">
   <ele>8.309</ele>
  </trkpt>
  <trkpt lat="-3.46809860" lon="129.53907936">
   <ele>8.789</ele>
  </trkpt>
  <trkpt lat="-3.46769032" lon="129.53978143">
   <ele>7.347</ele>
  </trkpt>
  <trkpt lat="-3.46759393" lon="129.54011586">
   <ele>5.905</ele>
  </trkpt>
  <trkpt lat="-3.46755126" lon="129.54025752">
   <ele>5.905</ele>
  </trkpt>
  <trkpt lat="-3.46736477" lon="129.54058550">
   <ele>5.425</ele>
  </trkpt>
  <trkpt lat="-3.46728439" lon="129.54082489">
   <ele>6.386</ele>
  </trkpt>
  <trkpt lat="-3.46711440" lon="129.54108481">
   <ele>6.866</ele>
  </trkpt>
  <trkpt lat="-3.46697124" lon="129.54121440">
   <ele>6.386</ele>
  </trkpt>
  <trkpt lat="-3.46667091" lon="129.54162746">
   <ele>6.386</ele>
  </trkpt>
  <trkpt lat="-3.46637621" lon="129.54202945">
   <ele>7.828</ele>
  </trkpt>
  <trkpt lat="-3.46618040" lon="129.54240823">
   <ele>7.828</ele>
  </trkpt>
  <trkpt lat="-3.46601377" lon="129.54323435">
   <ele>8.789</ele>
  </trkpt>
  <trkpt lat="-3.46566567" lon="129.54414924">
   <ele>9.27</ele>
  </trkpt>
  <trkpt lat="-3.46536686" lon="129.54465936">
   <ele>8.309</ele>
  </trkpt>
  <trkpt lat="-3.46532185" lon="129.54505121">
   <ele>8.789</ele>
  </trkpt>
  <trkpt lat="-3.46547230" lon="129.54596945">
   <ele>6.866</ele>
  </trkpt>
  <trkpt lat="-3.46546819" lon="129.54602762">
   <ele>6.386</ele>
  </trkpt>
  <trkpt lat="-3.46544456" lon="129.54624320">
   <ele>6.386</ele>
  </trkpt>
  <trkpt lat="-3.46517969" lon="129.54719162">
   <ele>6.866</ele>
  </trkpt>
  <trkpt lat="-3.46495254" lon="129.54792989">
   <ele>5.905</ele>
  </trkpt>
  <trkpt lat="-3.46491323" lon="129.54801782">
   <ele>4.463</ele>
  </trkpt>
  <trkpt lat="-3.46490929" lon="129.54801765">
   <ele>4.463</ele>
  </trkpt>
  <trkpt lat="-3.46469924" lon="129.54865434">
   <ele>4.944</ele>
  </trkpt>
  <trkpt lat="-3.46444351" lon="129.54928441">
   <ele>3.502</ele>
  </trkpt>
  <trkpt lat="-3.46444175" lon="129.54930612">
   <ele>3.502</ele>
  </trkpt>
  <trkpt lat="-3.46438752" lon="129.54938206">
   <ele>3.983</ele>
  </trkpt>
  <trkpt lat="-3.46397337" lon="129.55020944">
   <ele>3.983</ele>
  </trkpt>
  <trkpt lat="-3.46381227" lon="129.55048403">
   <ele>2.541</ele>
  </trkpt>
  <trkpt lat="-3.46379559" lon="129.55050624">
   <ele>2.541</ele>
  </trkpt>
  <trkpt lat="-3.46358327" lon="129.55091704">
   <ele>2.541</ele>
  </trkpt>
  <trkpt lat="-3.46359224" lon="129.55091042">
   <ele>2.541</ele>
  </trkpt>
  <trkpt lat="-3.46357757" lon="129.55090874">
   <ele>2.541</ele>
  </trkpt>
  <trkpt lat="-3.46355050" lon="129.55097294">
   <ele>3.021</ele>
  </trkpt>
  <trkpt lat="-3.46313777" lon="129.55157032">
   <ele>4.463</ele>
  </trkpt>
  <trkpt lat="-3.46260737" lon="129.55234590">
   <ele>3.502</ele>
  </trkpt>
  <trkpt lat="-3.46255121" lon="129.55242544">
   <ele>2.541</ele>
  </trkpt>
  <trkpt lat="-3.46218601" lon="129.55295158">
   <ele>3.502</ele>
  </trkpt>
  <trkpt lat="-3.46204938" lon="129.55312718">
   <ele>3.502</ele>
  </trkpt>
  <trkpt lat="-3.46180379" lon="129.55349749">
   <ele>3.021</ele>
  </trkpt>
  <trkpt lat="-3.46176809" lon="129.55358106">
   <ele>2.541</ele>
  </trkpt>
  <trkpt lat="-3.46176373" lon="129.55359162">
   <ele>2.541</ele>
  </trkpt>
  <trkpt lat="-3.46173096" lon="129.55372749">
   <ele>3.021</ele>
  </trkpt>
  <trkpt lat="-3.46153214" lon="129.55404097">
   <ele>3.021</ele>
  </trkpt>
  <trkpt lat="-3.46131647" lon="129.55431699">
   <ele>3.502</ele>
  </trkpt>
  <trkpt lat="-3.46096594" lon="129.55483407">
   <ele>3.502</ele>
  </trkpt>
  <trkpt lat="-3.46067224" lon="129.55528208">
   <ele>3.983</ele>
  </trkpt>
  <trkpt lat="-3.46057425" lon="129.55538199">
   <ele>3.502</ele>
  </trkpt>
  <trkpt lat="-3.46047417" lon="129.55552356">
   <ele>3.502</ele>
  </trkpt>
  <trkpt lat="-3.45993396" lon="129.55618565">
   <ele>4.463</ele>
  </trkpt>
  <trkpt lat="-3.45905788" lon="129.55708008">
   <ele>4.944</ele>
  </trkpt>
  <trkpt lat="-3.45811383" lon="129.55788282">
   <ele>5.905</ele>
  </trkpt>
  <trkpt lat="-3.45789389" lon="129.55801986">
   <ele>4.463</ele>
  </trkpt>
  <trkpt lat="-3.45766154" lon="129.55810997">
   <ele>4.944</ele>
  </trkpt>
  <trkpt lat="-3.45614559" lon="129.55831750">
   <ele>6.386</ele>
  </trkpt>
  <trkpt lat="-3.45597644" lon="129.55834332">
   <ele>6.386</ele>
  </trkpt>
  <trkpt lat="-3.45549633" lon="129.55833846">
   <ele>4.944</ele>
  </trkpt>
  <trkpt lat="-3.45518980" lon="129.55824969">
   <ele>5.905</ele>
  </trkpt>
  <trkpt lat="-3.45396722" lon="129.55780445">
   <ele>7.828</ele>
  </trkpt>
  <trkpt lat="-3.45260214" lon="129.55779531">
   <ele>8.309</ele>
  </trkpt>
  <trkpt lat="-3.45230710" lon="129.55785231">
   <ele>9.751</ele>
  </trkpt>
  <trkpt lat="-3.45206193" lon="129.55792364">
   <ele>9.751</ele>
  </trkpt>
  <trkpt lat="-3.45167896" lon="129.55817895">
   <ele>6.386</ele>
  </trkpt>
  <trkpt lat="-3.45144963" lon="129.55873316">
   <ele>7.828</ele>
  </trkpt>
  <trkpt lat="-3.45077304" lon="129.56012808">
   <ele>8.789</ele>
  </trkpt>
  <trkpt lat="-3.44998875" lon="129.56169189">
   <ele>10.231</ele>
  </trkpt>
  <trkpt lat="-3.44932381" lon="129.56334380">
   <ele>9.751</ele>
  </trkpt>
  <trkpt lat="-3.44828965" lon="129.56455456">
   <ele>7.828</ele>
  </trkpt>
  <trkpt lat="-3.44796091" lon="129.56476620">
   <ele>9.751</ele>
  </trkpt>
  <trkpt lat="-3.44679725" lon="129.56544229">
   <ele>7.828</ele>
  </trkpt>
  <trkpt lat="-3.44552798" lon="129.56561747">
   <ele>8.309</ele>
  </trkpt>
  <trkpt lat="-3.44364624" lon="129.56545235">
   <ele>8.309</ele>
  </trkpt>
  <trkpt lat="-3.44166996" lon="129.56548160">
   <ele>7.347</ele>
  </trkpt>
  <trkpt lat="-3.44025820" lon="129.56552611">
   <ele>6.866</ele>
  </trkpt>
  <trkpt lat="-3.43895364" lon="129.56552317">
   <ele>6.866</ele>
  </trkpt>
  <trkpt lat="-3.43767883" lon="129.56557179">
   <ele>7.347</ele>
  </trkpt>
  <trkpt lat="-3.43608552" lon="129.56577362">
   <ele>8.789</ele>
  </trkpt>
  <trkpt lat="-3.43447141" lon="129.56585267">
   <ele>8.309</ele>
  </trkpt>
  <trkpt lat="-3.43427989" lon="129.56587203">
   <ele>9.27</ele>
  </trkpt>
  <trkpt lat="-3.43237401" lon="129.56615265">
   <ele>8.789</ele>
  </trkpt>
  <trkpt lat="-3.43160539" lon="129.56628794">
   <ele>9.27</ele>
  </trkpt>
  <trkpt lat="-3.43083350" lon="129.56627796">
   <ele>8.309</ele>
  </trkpt>
  <trkpt lat="-3.43012137" lon="129.56607361">
   <ele>9.751</ele>
  </trkpt>
  <trkpt lat="-3.42941646" lon="129.56567665">
   <ele>7.828</ele>
  </trkpt>
  <trkpt lat="-3.42796639" lon="129.56516493">
   <ele>9.27</ele>
  </trkpt>
  <trkpt lat="-3.42638439" lon="129.56461424">
   <ele>9.751</ele>
  </trkpt>
  <trkpt lat="-3.42606730" lon="129.56451994">
   <ele>8.789</ele>
  </trkpt>
  <trkpt lat="-3.42507614" lon="129.56447376">
   <ele>7.828</ele>
  </trkpt>
  <trkpt lat="-3.42379077" lon="129.56472966">
   <ele>7.347</ele>
  </trkpt>
  <trkpt lat="-3.42333966" lon="129.56475832">
   <ele>5.425</ele>
  </trkpt>
  <trkpt lat="-3.42291956" lon="129.56484684">
   <ele>5.905</ele>
  </trkpt>
  <trkpt lat="-3.42270029" lon="129.56485455">
   <ele>5.425</ele>
  </trkpt>
  <trkpt lat="-3.42240189" lon="129.56489906">
   <ele>4.944</ele>
  </trkpt>
  <trkpt lat="-3.42176923" lon="129.56497852">
   <ele>6.386</ele>
  </trkpt>
  <trkpt lat="-3.42079131" lon="129.56485396">
   <ele>5.905</ele>
  </trkpt>
  <trkpt lat="-3.41949387" lon="129.56463545">
   <ele>8.309</ele>
  </trkpt>
  <trkpt lat="-3.41813986" lon="129.56440712">
   <ele>9.27</ele>
  </trkpt>
  <trkpt lat="-3.41699045" lon="129.56414594">
   <ele>7.347</ele>
  </trkpt>
  <trkpt lat="-3.41666280" lon="129.56409490">
   <ele>7.828</ele>
  </trkpt>
  <trkpt lat="-3.41541650" lon="129.56370489">
   <ele>9.751</ele>
  </trkpt>
  <trkpt lat="-3.41513570" lon="129.56361797">
   <ele>10.231</ele>
  </trkpt>
  <trkpt lat="-3.41384389" lon="129.56322351">
   <ele>10.712</ele>
  </trkpt>
  <trkpt lat="-3.41236121" lon="129.56284625">
   <ele>10.231</ele>
  </trkpt>
  <trkpt lat="-3.41150416" lon="129.56276377">
   <ele>9.27</ele>
  </trkpt>
  <trkpt lat="-3.41103276" lon="129.56265589">
   <ele>6.386</ele>
  </trkpt>
  <trkpt lat="-3.40966819" lon="129.56229078">
   <ele>7.347</ele>
  </trkpt>
  <trkpt lat="-3.40951187" lon="129.56226010">
   <ele>6.866</ele>
  </trkpt>
  <trkpt lat="-3.40922286" lon="129.56223411">
   <ele>6.386</ele>
  </trkpt>
  <trkpt lat="-3.40797823" lon="129.56197813">
   <ele>7.828</ele>
  </trkpt>
  <trkpt lat="-3.40746693" lon="129.56180647">
   <ele>9.751</ele>
  </trkpt>
  <trkpt lat="-3.40712965" lon="129.56169717">
   <ele>11.193</ele>
  </trkpt>
  <trkpt lat="-3.40542208" lon="129.56128034">
   <ele>9.751</ele>
  </trkpt>
  <trkpt lat="-3.40406924" lon="129.56079251">
   <ele>9.27</ele>
  </trkpt>
  <trkpt lat="-3.40355342" lon="129.56058263">
   <ele>6.866</ele>
  </trkpt>
  <trkpt lat="-3.40295051" lon="129.56045631">
   <ele>3.502</ele>
  </trkpt>
  <trkpt lat="-3.40268891" lon="129.56038842">
   <ele>4.463</ele>
  </trkpt>
  <trkpt lat="-3.40264927" lon="129.56038062">
   <ele>4.944</ele>
  </trkpt>
  <trkpt lat="-3.40246126" lon="129.56030091">
   <ele>5.905</ele>
  </trkpt>
  <trkpt lat="-3.40167009" lon="129.55975869">
   <ele>9.27</ele>
  </trkpt>
  <trkpt lat="-3.40055832" lon="129.55911437">
   <ele>8.789</ele>
  </trkpt>
  <trkpt lat="-3.39953581" lon="129.55862059">
   <ele>7.347</ele>
  </trkpt>
  <trkpt lat="-3.39898269" lon="129.55857047">
   <ele>6.386</ele>
  </trkpt>
  <trkpt lat="-3.39855370" lon="129.55861598">
   <ele>6.386</ele>
  </trkpt>
  <trkpt lat="-3.39800041" lon="129.55854834">
   <ele>5.905</ele>
  </trkpt>
  <trkpt lat="-3.39752633" lon="129.55829093">
   <ele>6.866</ele>
  </trkpt>
  <trkpt lat="-3.39658697" lon="129.55762164">
   <ele>6.386</ele>
  </trkpt>
  <trkpt lat="-3.39645328" lon="129.55751502">
   <ele>4.944</ele>
  </trkpt>
  <trkpt lat="-3.39625723" lon="129.55737538">
   <ele>5.905</ele>
  </trkpt>
  <trkpt lat="-3.39584978" lon="129.55700708">
   <ele>6.386</ele>
  </trkpt>
  <trkpt lat="-3.39515970" lon="129.55648949">
   <ele>8.789</ele>
  </trkpt>
  <trkpt lat="-3.39493440" lon="129.55634113">
   <ele>10.231</ele>
  </trkpt>
  <trkpt lat="-3.39443626" lon="129.55603545">
   <ele>11.193</ele>
  </trkpt>
  <trkpt lat="-3.39359019" lon="129.55546984">
   <ele>10.231</ele>
  </trkpt>
  <trkpt lat="-3.39226107" lon="129.55431481">
   <ele>11.673</ele>
  </trkpt>
  <trkpt lat="-3.39201372" lon="129.55409026">
   <ele>10.712</ele>
  </trkpt>
  <trkpt lat="-3.39173863" lon="129.55378641">
   <ele>5.425</ele>
  </trkpt>
  <trkpt lat="-3.39164760" lon="129.55369639">
   <ele>5.425</ele>
  </trkpt>
  <trkpt lat="-3.39142296" lon="129.55356438">
   <ele>5.905</ele>
  </trkpt>
  <trkpt lat="-3.39087688" lon="129.55322625">
   <ele>3.983</ele>
  </trkpt>
  <trkpt lat="-3.39077169" lon="129.55313095">
   <ele>2.541</ele>
  </trkpt>
  <trkpt lat="-3.39073967" lon="129.55311997">
   <ele>3.021</ele>
  </trkpt>
  <trkpt lat="-3.39063833" lon="129.55307077">
   <ele>3.021</ele>
  </trkpt>
  <trkpt lat="-3.38985253" lon="129.55243911">
   <ele>3.983</ele>
  </trkpt>
  <trkpt lat="-3.38886950" lon="129.55178046">
   <ele>4.944</ele>
  </trkpt>
  <trkpt lat="-3.38846608" lon="129.55156429">
   <ele>4.944</ele>
  </trkpt>
  <trkpt lat="-3.38750065" lon="129.55120445">
   <ele>2.06</ele>
  </trkpt>
  <trkpt lat="-3.38719714" lon="129.55110328">
   <ele>2.06</ele>
  </trkpt>
  <trkpt lat="-3.38683287" lon="129.55088083">
   <ele>3.502</ele>
  </trkpt>
  <trkpt lat="-3.38617522" lon="129.55042594">
   <ele>3.983</ele>
  </trkpt>
  <trkpt lat="-3.38568647" lon="129.55010391">
   <ele>3.502</ele>
  </trkpt>
  <trkpt lat="-3.38546117" lon="129.55003694">
   <ele>2.06</ele>
  </trkpt>
  <trkpt lat="-3.38528297" lon="129.54997709">
   <ele>3.021</ele>
  </trkpt>
  <trkpt lat="-3.38490109" lon="129.54985203">
   <ele>4.463</ele>
  </trkpt>
  <trkpt lat="-3.38471199" lon="129.54978582">
   <ele>4.463</ele>
  </trkpt>
  <trkpt lat="-3.38445618" lon="129.54974785">
   <ele>4.463</ele>
  </trkpt>
  <trkpt lat="-3.38430857" lon="129.54970828">
   <ele>4.944</ele>
  </trkpt>
  <trkpt lat="-3.38404463" lon="129.54965514">
   <ele>3.983</ele>
  </trkpt>
  <trkpt lat="-3.38383751" lon="129.54959647">
   <ele>3.021</ele>
  </trkpt>
  <trkpt lat="-3.38362302" lon="129.54951332">
   <ele>3.021</ele>
  </trkpt>
  <trkpt lat="-3.38261493" lon="129.54885903">
   <ele>2.541</ele>
  </trkpt>
  <trkpt lat="-3.38215610" lon="129.54855074">
   <ele>2.541</ele>
  </trkpt>
  <trkpt lat="-3.38135739" lon="129.54791707">
   <ele>1.579</ele>
  </trkpt>
  <trkpt lat="-3.38064384" lon="129.54733830">
   <ele>1.099</ele>
  </trkpt>
  <trkpt lat="-3.38044561" lon="129.54718893">
   <ele>0.618</ele>
  </trkpt>
  <trkpt lat="-3.38044778" lon="129.54719799">
   <ele>0.618</ele>
  </trkpt>
  <trkpt lat="-3.38027554" lon="129.54706723">
   <ele>0.618</ele>
  </trkpt>
  <trkpt lat="-3.37970565" lon="129.54660983">
   <ele>1.579</ele>
  </trkpt>
  <trkpt lat="-3.37935923" lon="129.54630012">
   <ele>2.06</ele>
  </trkpt>
  <trkpt lat="-3.37915077" lon="129.54604070">
   <ele>1.099</ele>
  </trkpt>
  <trkpt lat="-3.37897768" lon="129.54590265">
   <ele>1.099</ele>
  </trkpt>
  <trkpt lat="-3.37887358" lon="129.54580382">
   <ele>0.618</ele>
  </trkpt>
  <trkpt lat="-3.37864081" lon="129.54539143">
   <ele>1.579</ele>
  </trkpt>
  <trkpt lat="-3.37841635" lon="129.54488810">
   <ele>1.099</ele>
  </trkpt>
  <trkpt lat="-3.37825994" lon="129.54451025">
   <ele>1.099</ele>
  </trkpt>
  <trkpt lat="-3.37821920" lon="129.54441704">
   <ele>1.579</ele>
  </trkpt>
  <trkpt lat="-3.37800471" lon="129.54392460">
   <ele>1.099</ele>
  </trkpt>
  <trkpt lat="-3.37789441" lon="129.54376132">
   <ele>0.137</ele>
  </trkpt>
  <trkpt lat="-3.37789960" lon="129.54364775">
   <ele>0.137</ele>
  </trkpt>
  <trkpt lat="-3.37815776" lon="129.54353183">
   <ele>0.137</ele>
  </trkpt>
  <trkpt lat="-3.37826715" lon="129.54353493">
   <ele>0.618</ele>
  </trkpt>
  <trkpt lat="-3.37837201" lon="129.54335136">
   <ele>1.579</ele>
  </trkpt>
  <trkpt lat="-3.37836798" lon="129.54308096">
   <ele>0.137</ele>
  </trkpt>
  <trkpt lat="-3.37833563" lon="129.54282104">
   <ele>0.618</ele>
  </trkpt>
  <trkpt lat="-3.37830042" lon="129.54257486">
   <ele>0.618</ele>
  </trkpt>
  <trkpt lat="-3.37823723" lon="129.54224839">
   <ele>1.099</ele>
  </trkpt>
  <trkpt lat="-3.37818266" lon="129.54193784">
   <ele>0.137</ele>
  </trkpt>
  <trkpt lat="-3.37810739" lon="129.54163039">
   <ele>0.137</ele>
  </trkpt>
  <trkpt lat="-3.37806573" lon="129.54143400">
   <ele>0.618</ele>
  </trkpt>
  <trkpt lat="-3.37807059" lon="129.54142906">
   <ele>1.579</ele>
  </trkpt>
  <trkpt lat="-3.37807151" lon="129.54142772">
   <ele>0.618</ele>
  </trkpt>
  <trkpt lat="-3.37806816" lon="129.54142964">
   <ele>1.099</ele>
  </trkpt>
  <trkpt lat="-3.37806908" lon="129.54142227">
   <ele>0.618</ele>
  </trkpt>
  <trkpt lat="-3.37803279" lon="129.54137206">
   <ele>0.137</ele>
  </trkpt>
  <trkpt lat="-3.37782643" lon="129.54107157">
   <ele>0.618</ele>
  </trkpt>
  <trkpt lat="-3.37780505" lon="129.54104533">
   <ele>1.099</ele>
  </trkpt>
  <trkpt lat="-3.37750867" lon="129.54079748">
   <ele>1.099</ele>
  </trkpt>
  <trkpt lat="-3.37730667" lon="129.54057863">
   <ele>1.579</ele>
  </trkpt>
  <trkpt lat="-3.37730516" lon="129.54061383">
   <ele>1.579</ele>
  </trkpt>
  <trkpt lat="-3.37729267" lon="129.54059648">
   <ele>1.579</ele>
  </trkpt>
  <trkpt lat="-3.37702336" lon="129.54021620">
   <ele>1.099</ele>
  </trkpt>
  <trkpt lat="-3.37691691" lon="129.54009860">
   <ele>1.579</ele>
  </trkpt>
  <trkpt lat="-3.37685237" lon="129.54004914">
   <ele>1.579</ele>
  </trkpt>
  <trkpt lat="-3.37678875" lon="129.54001210">
   <ele>0.618</ele>
  </trkpt>
  <trkpt lat="-3.37670837" lon="129.53994881">
   <ele>1.099</ele>
  </trkpt>
  <trkpt lat="-3.37653201" lon="129.53977950">
   <ele>0.618</ele>
  </trkpt>
  <trkpt lat="-3.37637326" lon="129.53958848">
   <ele>1.099</ele>
  </trkpt>
  <trkpt lat="-3.37622657" lon="129.53941924">
   <ele>2.06</ele>
  </trkpt>
  <trkpt lat="-3.37614384" lon="129.53907223">
   <ele>6.386</ele>
  </trkpt>
  <trkpt lat="-3.37605961" lon="129.53887534">
   <ele>9.751</ele>
  </trkpt>
  <trkpt lat="-3.37575325" lon="129.53859153">
   <ele>12.154</ele>
  </trkpt>
  <trkpt lat="-3.37546935" lon="129.53841032">
   <ele>13.596</ele>
  </trkpt>
  <trkpt lat="-3.37523458" lon="129.53824318">
   <ele>14.557</ele>
  </trkpt>
  <trkpt lat="-3.37515084" lon="129.53818610">
   <ele>15.038</ele>
  </trkpt>
  <trkpt lat="-3.37466436" lon="129.53807428">
   <ele>12.154</ele>
  </trkpt>
  <trkpt lat="-3.37452404" lon="129.53804168">
   <ele>10.712</ele>
  </trkpt>
  <trkpt lat="-3.37423076" lon="129.53793330">
   <ele>8.789</ele>
  </trkpt>
  <trkpt lat="-3.37346742" lon="129.53759878">
   <ele>12.154</ele>
  </trkpt>
  <trkpt lat="-3.37320012" lon="129.53744715">
   <ele>11.193</ele>
  </trkpt>
  <trkpt lat="-3.37196438" lon="129.53617226">
   <ele>11.673</ele>
  </trkpt>
  <trkpt lat="-3.37125108" lon="129.53552753">
   <ele>13.115</ele>
  </trkpt>
  <trkpt lat="-3.37093818" lon="129.53528345">
   <ele>14.557</ele>
  </trkpt>
  <trkpt lat="-3.36943991" lon="129.53425541">
   <ele>15.518</ele>
  </trkpt>
  <trkpt lat="-3.36895075" lon="129.53395282">
   <ele>14.076</ele>
  </trkpt>
  <trkpt lat="-3.36756865" lon="129.53348662">
   <ele>9.751</ele>
  </trkpt>
  <trkpt lat="-3.36740320" lon="129.53341973">
   <ele>10.231</ele>
  </trkpt>
  <trkpt lat="-3.36586612" lon="129.53262345">
   <ele>14.076</ele>
  </trkpt>
  <trkpt lat="-3.36522524" lon="129.53223679">
   <ele>15.999</ele>
  </trkpt>
  <trkpt lat="-3.36481445" lon="129.53192557">
   <ele>14.557</ele>
  </trkpt>
  <trkpt lat="-3.36439200" lon="129.53170312">
   <ele>12.634</ele>
  </trkpt>
  <trkpt lat="-3.36337544" lon="129.53141386">
   <ele>9.27</ele>
  </trkpt>
  <trkpt lat="-3.36306741" lon="129.53128830">
   <ele>7.347</ele>
  </trkpt>
  <trkpt lat="-3.36266072" lon="129.53100482">
   <ele>4.463</ele>
  </trkpt>
  <trkpt lat="-3.36240465" lon="129.53075093">
   <ele>5.905</ele>
  </trkpt>
  <trkpt lat="-3.36186334" lon="129.53022673">
   <ele>6.866</ele>
  </trkpt>
  <trkpt lat="-3.36027506" lon="129.52908612">
   <ele>9.27</ele>
  </trkpt>
  <trkpt lat="-3.35932002" lon="129.52847047">
   <ele>8.309</ele>
  </trkpt>
  <trkpt lat="-3.35827824" lon="129.52790737">
   <ele>11.673</ele>
  </trkpt>
  <trkpt lat="-3.35721441" lon="129.52692199">
   <ele>14.557</ele>
  </trkpt>
  <trkpt lat="-3.35606709" lon="129.52592061">
   <ele>12.634</ele>
  </trkpt>
  <trkpt lat="-3.35514667" lon="129.52506255">
   <ele>14.557</ele>
  </trkpt>
  <trkpt lat="-3.35503704" lon="129.52497731">
   <ele>15.999</ele>
  </trkpt>
  <trkpt lat="-3.35446917" lon="129.52443031">
   <ele>14.557</ele>
  </trkpt>
  <trkpt lat="-3.35425224" lon="129.52422788">
   <ele>19.364</ele>
  </trkpt>
  <trkpt lat="-3.35415359" lon="129.52413711">
   <ele>20.325</ele>
  </trkpt>
  <trkpt lat="-3.35397430" lon="129.52397509">
   <ele>19.844</ele>
  </trkpt>
  <trkpt lat="-3.35367557" lon="129.52368650">
   <ele>18.402</ele>
  </trkpt>
  <trkpt lat="-3.35309193" lon="129.52340889">
   <ele>16.96</ele>
  </trkpt>
  <trkpt lat="-3.35264761" lon="129.52304201">
   <ele>16.48</ele>
  </trkpt>
  <trkpt lat="-3.35237369" lon="129.52266835">
   <ele>12.154</ele>
  </trkpt>
  <trkpt lat="-3.35210723" lon="129.52223207">
   <ele>10.231</ele>
  </trkpt>
  <trkpt lat="-3.35196205" lon="129.52204222">
   <ele>12.634</ele>
  </trkpt>
  <trkpt lat="-3.35179500" lon="129.52189906">
   <ele>13.596</ele>
  </trkpt>
  <trkpt lat="-3.35135981" lon="129.52173360">
   <ele>16.48</ele>
  </trkpt>
  <trkpt lat="-3.35099889" lon="129.52157736">
   <ele>15.038</ele>
  </trkpt>
  <trkpt lat="-3.35087945" lon="129.52151625">
   <ele>13.115</ele>
  </trkpt>
  <trkpt lat="-3.35064132" lon="129.52135566">
   <ele>12.154</ele>
  </trkpt>
  <trkpt lat="-3.35009297" lon="129.52100060">
   <ele>7.347</ele>
  </trkpt>
  <trkpt lat="-3.34924288" lon="129.52056516">
   <ele>5.425</ele>
  </trkpt>
  <trkpt lat="-3.34880945" lon="129.52044982">
   <ele>3.983</ele>
  </trkpt>
  <trkpt lat="-3.34754487" lon="129.52005923">
   <ele>7.347</ele>
  </trkpt>
  <trkpt lat="-3.34740163" lon="129.51998220">
   <ele>7.828</ele>
  </trkpt>
  <trkpt lat="-3.34644358" lon="129.51902524">
   <ele>8.789</ele>
  </trkpt>
  <trkpt lat="-3.34616262" lon="129.51867462">
   <ele>6.386</ele>
  </trkpt>
  <trkpt lat="-3.34606119" lon="129.51857748">
   <ele>5.425</ele>
  </trkpt>
  <trkpt lat="-3.34584670" lon="129.51843163">
   <ele>3.502</ele>
  </trkpt>
  <trkpt lat="-3.34556842" lon="129.51828218">
   <ele>3.021</ele>
  </trkpt>
  <trkpt lat="-3.34542367" lon="129.51821353">
   <ele>2.06</ele>
  </trkpt>
  <trkpt lat="-3.34525913" lon="129.51813365">
   <ele>4.463</ele>
  </trkpt>
  <trkpt lat="-3.34521328" lon="129.51811295">
   <ele>5.425</ele>
  </trkpt>
  <trkpt lat="-3.34517489" lon="129.51809895">
   <ele>5.905</ele>
  </trkpt>
  <trkpt lat="-3.34510105" lon="129.51809409">
   <ele>6.386</ele>
  </trkpt>
  <trkpt lat="-3.34492796" lon="129.51797423">
   <ele>5.905</ele>
  </trkpt>
  <trkpt lat="-3.34475613" lon="129.51784297">
   <ele>6.866</ele>
  </trkpt>
  <trkpt lat="-3.34461322" lon="129.51775513">
   <ele>8.309</ele>
  </trkpt>
  <trkpt lat="-3.34441273" lon="129.51762864">
   <ele>9.27</ele>
  </trkpt>
  <trkpt lat="-3.34358065" lon="129.51719253">
   <ele>12.154</ele>
  </trkpt>
  <trkpt lat="-3.34338368" lon="129.51706287">
   <ele>12.154</ele>
  </trkpt>
  <trkpt lat="-3.34320900" lon="129.51689481">
   <ele>14.076</ele>
  </trkpt>
  <trkpt lat="-3.34311906" lon="129.51681233">
   <ele>14.557</ele>
  </trkpt>
  <trkpt lat="-3.34297682" lon="129.51658937">
   <ele>13.115</ele>
  </trkpt>
  <trkpt lat="-3.34264448" lon="129.51611009">
   <ele>14.076</ele>
  </trkpt>
  <trkpt lat="-3.34171585" lon="129.51528339">
   <ele>11.673</ele>
  </trkpt>
  <trkpt lat="-3.34129130" lon="129.51502950">
   <ele>8.789</ele>
  </trkpt>
  <trkpt lat="-3.34113456" lon="129.51497175">
   <ele>8.789</ele>
  </trkpt>
  <trkpt lat="-3.34065646" lon="129.51480788">
   <ele>11.193</ele>
  </trkpt>
  <trkpt lat="-3.34037340" lon="129.51467201">
   <ele>11.193</ele>
  </trkpt>
  <trkpt lat="-3.33994743" lon="129.51431469">
   <ele>6.386</ele>
  </trkpt>
  <trkpt lat="-3.33940538" lon="129.51409576">
   <ele>6.386</ele>
  </trkpt>
  <trkpt lat="-3.33912416" lon="129.51404647">
   <ele>8.789</ele>
  </trkpt>
  <trkpt lat="-3.33886114" lon="129.51394212">
   <ele>9.751</ele>
  </trkpt>
  <trkpt lat="-3.33863701" lon="129.51378621">
   <ele>11.193</ele>
  </trkpt>
  <trkpt lat="-3.33738525" lon="129.51266840">
   <ele>14.076</ele>
  </trkpt>
  <trkpt lat="-3.33725282" lon="129.51253898">
   <ele>14.557</ele>
  </trkpt>
  <trkpt lat="-3.33691210" lon="129.51220622">
   <ele>20.806</ele>
  </trkpt>
  <trkpt lat="-3.33670657" lon="129.51178377">
   <ele>25.612</ele>
  </trkpt>
  <trkpt lat="-3.33668168" lon="129.51170004">
   <ele>25.132</ele>
  </trkpt>
  <trkpt lat="-3.33669333" lon="129.51121381">
   <ele>22.248</ele>
  </trkpt>
  <trkpt lat="-3.33669358" lon="129.51118506">
   <ele>22.248</ele>
  </trkpt>
  <trkpt lat="-3.33667715" lon="129.51111565">
   <ele>18.883</ele>
  </trkpt>
  <trkpt lat="-3.33661437" lon="129.51103686">
   <ele>16.48</ele>
  </trkpt>
  <trkpt lat="-3.33652225" lon="129.51096176">
   <ele>18.402</ele>
  </trkpt>
  <trkpt lat="-3.33634229" lon="129.51096755">
   <ele>20.325</ele>
  </trkpt>
  <trkpt lat="-3.33613660" lon="129.51096562">
   <ele>21.767</ele>
  </trkpt>
  <trkpt lat="-3.33600635" lon="129.51092237">
   <ele>22.248</ele>
  </trkpt>
  <trkpt lat="-3.33574517" lon="129.51091466">
   <ele>22.248</ele>
  </trkpt>
  <trkpt lat="-3.33553235" lon="129.51083159">
   <ele>21.767</ele>
  </trkpt>
  <trkpt lat="-3.33539346" lon="129.51062959">
   <ele>18.883</ele>
  </trkpt>
  <trkpt lat="-3.33525457" lon="129.51035785">
   <ele>15.038</ele>
  </trkpt>
  <trkpt lat="-3.33516019" lon="129.51015039">
   <ele>11.193</ele>
  </trkpt>
  <trkpt lat="-3.33512700" lon="129.51009281">
   <ele>10.712</ele>
  </trkpt>
  <trkpt lat="-3.33504980" lon="129.50998586">
   <ele>8.789</ele>
  </trkpt>
  <trkpt lat="-3.33477588" lon="129.50968461">
   <ele>7.347</ele>
  </trkpt>
  <trkpt lat="-3.33471587" lon="129.50966290">
   <ele>6.866</ele>
  </trkpt>
  <trkpt lat="-3.33453960" lon="129.50948219">
   <ele>7.828</ele>
  </trkpt>
  <trkpt lat="-3.33438319" lon="129.50925051">
   <ele>9.751</ele>
  </trkpt>
  <trkpt lat="-3.33428345" lon="129.50903770">
   <ele>12.154</ele>
  </trkpt>
  <trkpt lat="-3.33418747" lon="129.50882496">
   <ele>11.193</ele>
  </trkpt>
  <trkpt lat="-3.33409360" lon="129.50872505">
   <ele>9.751</ele>
  </trkpt>
  <trkpt lat="-3.33406585" lon="129.50866554">
   <ele>8.789</ele>
  </trkpt>
  <trkpt lat="-3.33402780" lon="129.50860754">
   <ele>8.309</ele>
  </trkpt>
  <trkpt lat="-3.33397365" lon="129.50849371">
   <ele>7.347</ele>
  </trkpt>
  <trkpt lat="-3.33383133" lon="129.50802432">
   <ele>4.463</ele>
  </trkpt>
  <trkpt lat="-3.33380803" lon="129.50798359">
   <ele>3.983</ele>
  </trkpt>
  <trkpt lat="-3.33345414" lon="129.50759358">
   <ele>5.425</ele>
  </trkpt>
  <trkpt lat="-3.33325742" lon="129.50748160">
   <ele>6.866</ele>
  </trkpt>
  <trkpt lat="-3.33310998" lon="129.50736282">
   <ele>9.27</ele>
  </trkpt>
  <trkpt lat="-3.33297336" lon="129.50724950">
   <ele>11.673</ele>
  </trkpt>
  <trkpt lat="-3.33289557" lon="129.50717800">
   <ele>12.634</ele>
  </trkpt>
  <trkpt lat="-3.33282634" lon="129.50711086">
   <ele>14.557</ele>
  </trkpt>
  <trkpt lat="-3.33246055" lon="129.50687458">
   <ele>16.96</ele>
  </trkpt>
  <trkpt lat="-3.33215863" lon="129.50663343">
   <ele>14.076</ele>
  </trkpt>
  <trkpt lat="-3.33195370" lon="129.50643713">
   <ele>9.751</ele>
  </trkpt>
  <trkpt lat="-3.33177206" lon="129.50613161">
   <ele>6.386</ele>
  </trkpt>
  <trkpt lat="-3.33175714" lon="129.50609858">
   <ele>6.386</ele>
  </trkpt>
  <trkpt lat="-3.33165832" lon="129.50594444">
   <ele>2.541</ele>
  </trkpt>
  <trkpt lat="-3.33145975" lon="129.50560044">
   <ele>3.021</ele>
  </trkpt>
  <trkpt lat="-3.33140728" lon="129.50551478">
   <ele>3.021</ele>
  </trkpt>
  <trkpt lat="-3.33141541" lon="129.50543675">
   <ele>3.021</ele>
  </trkpt>
  <trkpt lat="-3.33114157" lon="129.50507289">
   <ele>5.905</ele>
  </trkpt>
  <trkpt lat="-3.33106983" lon="129.50498345">
   <ele>6.386</ele>
  </trkpt>
  <trkpt lat="-3.33091585" lon="129.50467257">
   <ele>5.905</ele>
  </trkpt>
  <trkpt lat="-3.33065953" lon="129.50424836">
   <ele>6.386</ele>
  </trkpt>
  <trkpt lat="-3.33065484" lon="129.50420637">
   <ele>5.905</ele>
  </trkpt>
  <trkpt lat="-3.33065559" lon="129.50413973">
   <ele>5.425</ele>
  </trkpt>
  <trkpt lat="-3.33048913" lon="129.50374335">
   <ele>6.866</ele>
  </trkpt>
  <trkpt lat="-3.33039651" lon="129.50317053">
   <ele>5.425</ele>
  </trkpt>
  <trkpt lat="-3.33041503" lon="129.50301052">
   <ele>4.463</ele>
  </trkpt>
  <trkpt lat="-3.33046490" lon="129.50282075">
   <ele>3.983</ele>
  </trkpt>
  <trkpt lat="-3.33047479" lon="129.50279745">
   <ele>4.463</ele>
  </trkpt>
  <trkpt lat="-3.33054973" lon="129.50237903">
   <ele>5.905</ele>
  </trkpt>
  <trkpt lat="-3.33040665" lon="129.50165332">
   <ele>9.27</ele>
  </trkpt>
  <trkpt lat="-3.33035233" lon="129.50146850">
   <ele>10.231</ele>
  </trkpt>
  <trkpt lat="-3.33026592" lon="129.50121067">
   <ele>12.634</ele>
  </trkpt>
  <trkpt lat="-3.33022334" lon="129.50094011">
   <ele>13.596</ele>
  </trkpt>
  <trkpt lat="-3.33029433" lon="129.50059544">
   <ele>14.557</ele>
  </trkpt>
  <trkpt lat="-3.33033498" lon="129.50043107">
   <ele>14.076</ele>
  </trkpt>
  <trkpt lat="-3.33020397" lon="129.50017459">
   <ele>15.999</ele>
  </trkpt>
  <trkpt lat="-3.33019425" lon="129.50015665">
   <ele>16.48</ele>
  </trkpt>
  <trkpt lat="-3.33014530" lon="129.50006001">
   <ele>19.364</ele>
  </trkpt>
  <trkpt lat="-3.33010976" lon="129.50000066">
   <ele>20.806</ele>
  </trkpt>
  <trkpt lat="-3.33003106" lon="129.49979983">
   <ele>24.17</ele>
  </trkpt>
  <trkpt lat="-3.33000876" lon="129.49959322">
   <ele>27.535</ele>
  </trkpt>
  <trkpt lat="-3.33000432" lon="129.49955190">
   <ele>27.535</ele>
  </trkpt>
  <trkpt lat="-3.32997372" lon="129.49936406">
   <ele>28.496</ele>
  </trkpt>
  <trkpt lat="-3.32976476" lon="129.49874011">
   <ele>27.054</ele>
  </trkpt>
  <trkpt lat="-3.32966988" lon="129.49852687">
   <ele>26.574</ele>
  </trkpt>
  <trkpt lat="-3.32961959" lon="129.49843702">
   <ele>25.612</ele>
  </trkpt>
  <trkpt lat="-3.32951766" lon="129.49810149">
   <ele>22.248</ele>
  </trkpt>
  <trkpt lat="-3.32946050" lon="129.49785758">
   <ele>18.883</ele>
  </trkpt>
  <trkpt lat="-3.32942194" lon="129.49780871">
   <ele>17.922</ele>
  </trkpt>
  <trkpt lat="-3.32937475" lon="129.49775054">
   <ele>16.48</ele>
  </trkpt>
  <trkpt lat="-3.32919270" lon="129.49755767">
   <ele>12.634</ele>
  </trkpt>
  <trkpt lat="-3.32916168" lon="129.49752834">
   <ele>13.115</ele>
  </trkpt>
  <trkpt lat="-3.32900176" lon="129.49734092">
   <ele>10.231</ele>
  </trkpt>
  <trkpt lat="-3.32879908" lon="129.49713053">
   <ele>6.866</ele>
  </trkpt>
  <trkpt lat="-3.32877939" lon="129.49709985">
   <ele>7.347</ele>
  </trkpt>
  <trkpt lat="-3.32865911" lon="129.49689936">
   <ele>6.386</ele>
  </trkpt>
  <trkpt lat="-3.32861887" lon="129.49682107">
   <ele>6.386</ele>
  </trkpt>
  <trkpt lat="-3.32849239" lon="129.49658437">
   <ele>3.502</ele>
  </trkpt>
  <trkpt lat="-3.32830874" lon="129.49654631">
   <ele>1.099</ele>
  </trkpt>
  <trkpt lat="-3.32809090" lon="129.49655822">
   <ele>0.137</ele>
  </trkpt>
  <trkpt lat="-3.32797221" lon="129.49646409">
   <ele>0.137</ele>
  </trkpt>
  <trkpt lat="-3.32784279" lon="129.49601046">
   <ele>0.618</ele>
  </trkpt>
  <trkpt lat="-3.32766267" lon="129.49579244">
   <ele>1.579</ele>
  </trkpt>
  <trkpt lat="-3.32753526" lon="129.49556043">
   <ele>1.579</ele>
  </trkpt>
  <trkpt lat="-3.32742848" lon="129.49536924">
   <ele>3.021</ele>
  </trkpt>
  <trkpt lat="-3.32708071" lon="129.49507395">
   <ele>4.463</ele>
  </trkpt>
  <trkpt lat="-3.32630790" lon="129.49470020">
   <ele>8.309</ele>
  </trkpt>
  <trkpt lat="-3.32617144" lon="129.49463088">
   <ele>8.789</ele>
  </trkpt>
  <trkpt lat="-3.32603859" lon="129.49455075">
   <ele>8.789</ele>
  </trkpt>
  <trkpt lat="-3.32566802" lon="129.49434875">
   <ele>9.751</ele>
  </trkpt>
  <trkpt lat="-3.32535731" lon="129.49419460">
   <ele>11.193</ele>
  </trkpt>
  <trkpt lat="-3.32498859" lon="129.49402613">
   <ele>12.154</ele>
  </trkpt>
  <trkpt lat="-3.32475306" lon="129.49392739">
   <ele>10.712</ele>
  </trkpt>
  <trkpt lat="-3.32445650" lon="129.49379437">
   <ele>12.154</ele>
  </trkpt>
  <trkpt lat="-3.32422474" lon="129.49358289">
   <ele>15.038</ele>
  </trkpt>
  <trkpt lat="-3.32408544" lon="129.49345272">
   <ele>15.999</ele>
  </trkpt>
  <trkpt lat="-3.32389357" lon="129.49325767">
   <ele>16.96</ele>
  </trkpt>
  <trkpt lat="-3.32346903" lon="129.49280832">
   <ele>21.286</ele>
  </trkpt>
  <trkpt lat="-3.32338119" lon="129.49272509">
   <ele>21.767</ele>
  </trkpt>
  <trkpt lat="-3.32329100" lon="129.49260389">
   <ele>23.209</ele>
  </trkpt>
  <trkpt lat="-3.32306033" lon="129.49218110">
   <ele>26.093</ele>
  </trkpt>
  <trkpt lat="-3.32279731" lon="129.49159445">
   <ele>28.977</ele>
  </trkpt>
  <trkpt lat="-3.32250092" lon="129.49100948">
   <ele>29.938</ele>
  </trkpt>
  <trkpt lat="-3.32228601" lon="129.49075157">
   <ele>26.574</ele>
  </trkpt>
  <trkpt lat="-3.32214830" lon="129.49066364">
   <ele>22.728</ele>
  </trkpt>
  <trkpt lat="-3.32196968" lon="129.49053615">
   <ele>19.364</ele>
  </trkpt>
  <trkpt lat="-3.32190933" lon="129.49047446">
   <ele>17.922</ele>
  </trkpt>
  <trkpt lat="-3.32163868" lon="129.49033105">
   <ele>16.48</ele>
  </trkpt>
  <trkpt lat="-3.32152510" lon="129.49025377">
   <ele>15.518</ele>
  </trkpt>
  <trkpt lat="-3.32083929" lon="129.48974507">
   <ele>14.557</ele>
  </trkpt>
  <trkpt lat="-3.32073360" lon="129.48967667">
   <ele>14.076</ele>
  </trkpt>
  <trkpt lat="-3.32032892" lon="129.48937015">
   <ele>13.596</ele>
  </trkpt>
  <trkpt lat="-3.31963238" lon="129.48883060">
   <ele>10.712</ele>
  </trkpt>
  <trkpt lat="-3.31938495" lon="129.48861695">
   <ele>8.789</ele>
  </trkpt>
  <trkpt lat="-3.31929476" lon="129.48854545">
   <ele>9.27</ele>
  </trkpt>
  <trkpt lat="-3.31920180" lon="129.48846230">
   <ele>9.751</ele>
  </trkpt>
  <trkpt lat="-3.31908245" lon="129.48835711">
   <ele>10.231</ele>
  </trkpt>
  <trkpt lat="-3.31895571" lon="129.48825795">
   <ele>10.231</ele>
  </trkpt>
  <trkpt lat="-3.31883912" lon="129.48817011">
   <ele>10.712</ele>
  </trkpt>
  <trkpt lat="-3.31854701" lon="129.48797364">
   <ele>11.193</ele>
  </trkpt>
  <trkpt lat="-3.31801401" lon="129.48747047">
   <ele>12.154</ele>
  </trkpt>
  <trkpt lat="-3.31781234" lon="129.48725397">
   <ele>12.154</ele>
  </trkpt>
  <trkpt lat="-3.31696166" lon="129.48641997">
   <ele>13.596</ele>
  </trkpt>
  <trkpt lat="-3.31688957" lon="129.48633799">
   <ele>14.076</ele>
  </trkpt>
  <trkpt lat="-3.31651809" lon="129.48559879">
   <ele>15.518</ele>
  </trkpt>
  <trkpt lat="-3.31637291" lon="129.48532127">
   <ele>14.076</ele>
  </trkpt>
  <trkpt lat="-3.31624165" lon="129.48506931">
   <ele>13.596</ele>
  </trkpt>
  <trkpt lat="-3.31616596" lon="129.48493738">
   <ele>13.596</ele>
  </trkpt>
  <trkpt lat="-3.31607619" lon="129.48474627">
   <ele>13.115</ele>
  </trkpt>
  <trkpt lat="-3.31582381" lon="129.48438392">
   <ele>13.596</ele>
  </trkpt>
  <trkpt lat="-3.31562684" lon="129.48415987">
   <ele>14.557</ele>
  </trkpt>
  <trkpt lat="-3.31522116" lon="129.48389601">
   <ele>14.557</ele>
  </trkpt>
  <trkpt lat="-3.31498847" lon="129.48381077">
   <ele>14.076</ele>
  </trkpt>
  <trkpt lat="-3.31440140" lon="129.48374363">
   <ele>15.038</ele>
  </trkpt>
  <trkpt lat="-3.31428674" lon="129.48371496">
   <ele>13.596</ele>
  </trkpt>
  <trkpt lat="-3.31413243" lon="129.48371664">
   <ele>14.076</ele>
  </trkpt>
  <trkpt lat="-3.31352508" lon="129.48365428">
   <ele>15.999</ele>
  </trkpt>
  <trkpt lat="-3.31311788" lon="129.48378554">
   <ele>16.96</ele>
  </trkpt>
  <trkpt lat="-3.31282779" lon="129.48404772">
   <ele>16.96</ele>
  </trkpt>
  <trkpt lat="-3.31269745" lon="129.48422693">
   <ele>16.48</ele>
  </trkpt>
  <trkpt lat="-3.31257876" lon="129.48435375">
   <ele>15.518</ele>
  </trkpt>
  <trkpt lat="-3.31255219" lon="129.48447453">
   <ele>16.96</ele>
  </trkpt>
  <trkpt lat="-3.31230082" lon="129.48484157">
   <ele>17.922</ele>
  </trkpt>
  <trkpt lat="-3.31178265" lon="129.48571664">
   <ele>18.883</ele>
  </trkpt>
  <trkpt lat="-3.31155617" lon="129.48655140">
   <ele>18.402</ele>
  </trkpt>
  <trkpt lat="-3.31135986" lon="129.48789946">
   <ele>19.364</ele>
  </trkpt>
  <trkpt lat="-3.31107580" lon="129.48967810">
   <ele>16.96</ele>
  </trkpt>
  <trkpt lat="-3.31101352" lon="129.49013902">
   <ele>15.518</ele>
  </trkpt>
  <trkpt lat="-3.31087992" lon="129.49111258">
   <ele>12.154</ele>
  </trkpt>
  <trkpt lat="-3.31080532" lon="129.49146571">
   <ele>10.712</ele>
  </trkpt>
  <trkpt lat="-3.31062326" lon="129.49222603">
   <ele>7.347</ele>
  </trkpt>
  <trkpt lat="-3.31035345" lon="129.49316975">
   <ele>5.905</ele>
  </trkpt>
  <trkpt lat="-3.31025697" lon="129.49356479">
   <ele>5.425</ele>
  </trkpt>
  <trkpt lat="-3.31017978" lon="129.49408195">
   <ele>3.502</ele>
  </trkpt>
  <trkpt lat="-3.31008581" lon="129.49433215">
   <ele>2.541</ele>
  </trkpt>
  <trkpt lat="-3.31005296" lon="129.49457020">
   <ele>2.06</ele>
  </trkpt>
  <trkpt lat="-3.31004131" lon="129.49463876">
   <ele>2.06</ele>
  </trkpt>
  <trkpt lat="-3.30990309" lon="129.49499248">
   <ele>3.021</ele>
  </trkpt>
  <trkpt lat="-3.30965289" lon="129.49534100">
   <ele>2.06</ele>
  </trkpt>
  <trkpt lat="-3.30957033" lon="129.49544627">
   <ele>1.579</ele>
  </trkpt>
  <trkpt lat="-3.30938073" lon="129.49567342">
   <ele>1.579</ele>
  </trkpt>
  <trkpt lat="-3.30919306" lon="129.49608724">
   <ele>0.618</ele>
  </trkpt>
  <trkpt lat="-3.30913539" lon="129.49616150">
   <ele>1.099</ele>
  </trkpt>
  <trkpt lat="-3.30883238" lon="129.49642176">
   <ele>0.137</ele>
  </trkpt>
  <trkpt lat="-3.30866517" lon="129.49646551">
   <ele>1.579</ele>
  </trkpt>
  <trkpt lat="-3.30832905" lon="129.49691646">
   <ele>1.579</ele>
  </trkpt>
  <trkpt lat="-3.30819972" lon="129.49708837">
   <ele>0.618</ele>
  </trkpt>
  <trkpt lat="-3.30796251" lon="129.49735190">
   <ele>0.137</ele>
  </trkpt>
  <trkpt lat="-3.30791490" lon="129.49739850">
   <ele>0.618</ele>
  </trkpt>
  <trkpt lat="-3.30788397" lon="129.49740521">
   <ele>0.137</ele>
  </trkpt>
  <trkpt lat="-3.30785983" lon="129.49745298">
   <ele>0.137</ele>
  </trkpt>
  <trkpt lat="-3.30782907" lon="129.49742130">
   <ele>3.021</ele>
  </trkpt>
  <trkpt lat="-3.30783787" lon="129.49742834">
   <ele>3.021</ele>
  </trkpt>
  <trkpt lat="-3.30786746" lon="129.49747729">
   <ele>3.983</ele>
  </trkpt>
  <trkpt lat="-3.30780862" lon="129.49749850">
   <ele>4.463</ele>
  </trkpt>
  <trkpt lat="-3.30781482" lon="129.49756949">
   <ele>3.983</ele>
  </trkpt>
  <trkpt lat="-3.30772857" lon="129.49778935">
   <ele>4.463</ele>
  </trkpt>
  <trkpt lat="-3.30774106" lon="129.49780687">
   <ele>3.983</ele>
  </trkpt>
  <trkpt lat="-3.30763335" lon="129.49780846">
   <ele>3.502</ele>
  </trkpt>
  <trkpt lat="-3.30751911" lon="129.49791843">
   <ele>5.425</ele>
  </trkpt>
  <trkpt lat="-3.30716556" lon="129.49832520">
   <ele>5.425</ele>
  </trkpt>
  <trkpt lat="-3.30699633" lon="129.49865730">
   <ele>3.502</ele>
  </trkpt>
  <trkpt lat="-3.30689474" lon="129.49873617">
   <ele>4.944</ele>
  </trkpt>
  <trkpt lat="-3.30671017" lon="129.49877531">
   <ele>4.944</ele>
  </trkpt>
  <trkpt lat="-3.30653952" lon="129.49880348">
   <ele>5.425</ele>
  </trkpt>
  <trkpt lat="-3.30637330" lon="129.49867808">
   <ele>4.944</ele>
  </trkpt>
  <trkpt lat="-3.30635151" lon="129.49866534">
   <ele>3.983</ele>
  </trkpt>
  <trkpt lat="-3.30620793" lon="129.49871044">
   <ele>3.983</ele>
  </trkpt>
  <trkpt lat="-3.30614381" lon="129.49899869">
   <ele>2.541</ele>
  </trkpt>
  <trkpt lat="-3.30620499" lon="129.49938342">
   <ele>3.983</ele>
  </trkpt>
  <trkpt lat="-3.30609536" lon="129.49974225">
   <ele>3.502</ele>
  </trkpt>
  <trkpt lat="-3.30579570" lon="129.50015455">
   <ele>4.944</ele>
  </trkpt>
  <trkpt lat="-3.30560108" lon="129.50048438">
   <ele>4.463</ele>
  </trkpt>
  <trkpt lat="-3.30557434" lon="129.50078789">
   <ele>2.541</ele>
  </trkpt>
  <trkpt lat="-3.30558708" lon="129.50102116">
   <ele>1.579</ele>
  </trkpt>
  <trkpt lat="-3.30562077" lon="129.50111764">
   <ele>4.944</ele>
  </trkpt>
  <trkpt lat="-3.30563871" lon="129.50114815">
   <ele>4.944</ele>
  </trkpt>
  <trkpt lat="-3.30571742" lon="129.50122911">
   <ele>4.463</ele>
  </trkpt>
  <trkpt lat="-3.30588765" lon="129.50135007">
   <ele>3.502</ele>
  </trkpt>
  <trkpt lat="-3.30608916" lon="129.50147077">
   <ele>3.502</ele>
  </trkpt>
  <trkpt lat="-3.30623374" lon="129.50152927">
   <ele>3.021</ele>
  </trkpt>
  <trkpt lat="-3.30664278" lon="129.50197184">
   <ele>2.06</ele>
  </trkpt>
  <trkpt lat="-3.30656206" lon="129.50239738">
   <ele>2.541</ele>
  </trkpt>
  <trkpt lat="-3.30643214" lon="129.50260065">
   <ele>3.021</ele>
  </trkpt>
  <trkpt lat="-3.30649568" lon="129.50269972">
   <ele>2.06</ele>
  </trkpt>
  <trkpt lat="-3.30652728" lon="129.50305352">
   <ele>2.541</ele>
  </trkpt>
  <trkpt lat="-3.30653180" lon="129.50336223">
   <ele>2.06</ele>
  </trkpt>
  <trkpt lat="-3.30657749" lon="129.50363430">
   <ele>0.618</ele>
  </trkpt>
  <trkpt lat="-3.30656474" lon="129.50390705">
   <ele>2.541</ele>
  </trkpt>
  <trkpt lat="-3.30675401" lon="129.50433503">
   <ele>2.541</ele>
  </trkpt>
  <trkpt lat="-3.30688259" lon="129.50522016">
   <ele>4.463</ele>
  </trkpt>
  <trkpt lat="-3.30688762" lon="129.50535687">
   <ele>4.463</ele>
  </trkpt>
  <trkpt lat="-3.30694302" lon="129.50633001">
   <ele>4.944</ele>
  </trkpt>
  <trkpt lat="-3.30683464" lon="129.50687567">
   <ele>4.944</ele>
  </trkpt>
  <trkpt lat="-3.30618102" lon="129.50807822">
   <ele>5.425</ele>
  </trkpt>
  <trkpt lat="-3.30552220" lon="129.50895539">
   <ele>4.463</ele>
  </trkpt>
  <trkpt lat="-3.30509976" lon="129.50950289">
   <ele>2.541</ele>
  </trkpt>
  <trkpt lat="-3.30505634" lon="129.50951320">
   <ele>2.541</ele>
  </trkpt>
  <trkpt lat="-3.30491158" lon="129.50974152">
   <ele>2.541</ele>
  </trkpt>
  <trkpt lat="-3.30440925" lon="129.51046907">
   <ele>4.463</ele>
  </trkpt>
  <trkpt lat="-3.30384264" lon="129.51130073">
   <ele>5.425</ele>
  </trkpt>
  <trkpt lat="-3.30315457" lon="129.51239817">
   <ele>5.425</ele>
  </trkpt>
  <trkpt lat="-3.30278736" lon="129.51326930">
   <ele>3.502</ele>
  </trkpt>
  <trkpt lat="-3.30247270" lon="129.51372477">
   <ele>3.502</ele>
  </trkpt>
  <trkpt lat="-3.30165714" lon="129.51483437">
   <ele>4.944</ele>
  </trkpt>
  <trkpt lat="-3.30088559" lon="129.51600423">
   <ele>3.983</ele>
  </trkpt>
  <trkpt lat="-3.30024404" lon="129.51698525">
   <ele>5.905</ele>
  </trkpt>
  <trkpt lat="-3.29986257" lon="129.51761565">
   <ele>3.021</ele>
  </trkpt>
  <trkpt lat="-3.29974892" lon="129.51782025">
   <ele>2.541</ele>
  </trkpt>
  <trkpt lat="-3.29968832" lon="129.51801916">
   <ele>0.618</ele>
  </trkpt>
  <trkpt lat="-3.29965990" lon="129.51813508">
   <ele>1.579</ele>
  </trkpt>
  <trkpt lat="-3.29961833" lon="129.51821345">
   <ele>3.021</ele>
  </trkpt>
  <trkpt lat="-3.29958413" lon="129.51825242">
   <ele>-0.343</ele>
  </trkpt>
  <trkpt lat="-3.29951540" lon="129.51833616">
   <ele>-0.343</ele>
  </trkpt>
  <trkpt lat="-3.29944993" lon="129.51845669">
   <ele>2.541</ele>
  </trkpt>
  <trkpt lat="-3.29905079" lon="129.51919799">
   <ele>3.502</ele>
  </trkpt>
  <trkpt lat="-3.29849188" lon="129.52036978">
   <ele>3.983</ele>
  </trkpt>
  <trkpt lat="-3.29780172" lon="129.52176000">
   <ele>4.944</ele>
  </trkpt>
  <trkpt lat="-3.29753299" lon="129.52245260">
   <ele>6.386</ele>
  </trkpt>
  <trkpt lat="-3.29725740" lon="129.52340428">
   <ele>5.425</ele>
  </trkpt>
  <trkpt lat="-3.29718858" lon="129.52390208">
   <ele>2.541</ele>
  </trkpt>
  <trkpt lat="-3.29715220" lon="129.52496524">
   <ele>3.021</ele>
  </trkpt>
  <trkpt lat="-3.29749921" lon="129.52608640">
   <ele>2.541</ele>
  </trkpt>
  <trkpt lat="-3.29776391" lon="129.52690381">
   <ele>1.579</ele>
  </trkpt>
  <trkpt lat="-3.29780172" lon="129.52715308">
   <ele>0.618</ele>
  </trkpt>
  <trkpt lat="-3.29787112" lon="129.52737923">
   <ele>1.099</ele>
  </trkpt>
  <trkpt lat="-3.29794756" lon="129.52796026">
   <ele>1.099</ele>
  </trkpt>
  <trkpt lat="-3.29795041" lon="129.52799303">
   <ele>1.579</ele>
  </trkpt>
  <trkpt lat="-3.29793063" lon="129.52799957">
   <ele>0.618</ele>
  </trkpt>
  <trkpt lat="-3.29791076" lon="129.52799899">
   <ele>-0.343</ele>
  </trkpt>
  <trkpt lat="-3.29791839" lon="129.52800267">
   <ele>-1.305</ele>
  </trkpt>
  <trkpt lat="-3.29791890" lon="129.52800200">
   <ele>-2.266</ele>
  </trkpt>
  <trkpt lat="-3.29798209" lon="129.52815824">
   <ele>-1.305</ele>
  </trkpt>
  <trkpt lat="-3.29797002" lon="129.52838581">
   <ele>-1.305</ele>
  </trkpt>
  <trkpt lat="-3.29773617" lon="129.52839822">
   <ele>-0.343</ele>
  </trkpt>
  <trkpt lat="-3.29744129" lon="129.52846544">
   <ele>-0.343</ele>
  </trkpt>
  <trkpt lat="-3.29728371" lon="129.52853316">
   <ele>1.099</ele>
  </trkpt>
  <trkpt lat="-3.29707123" lon="129.52854423">
   <ele>1.579</ele>
  </trkpt>
  <trkpt lat="-3.29684392" lon="129.52861036">
   <ele>2.06</ele>
  </trkpt>
  <trkpt lat="-3.29660939" lon="129.52865244">
   <ele>2.06</ele>
  </trkpt>
  <trkpt lat="-3.29639942" lon="129.52873190">
   <ele>2.06</ele>
  </trkpt>
  <trkpt lat="-3.29622047" lon="129.52872788">
   <ele>2.06</ele>
  </trkpt>
  <trkpt lat="-3.29612508" lon="129.52874481">
   <ele>2.541</ele>
  </trkpt>
  <trkpt lat="-3.29596155" lon="129.52875176">
   <ele>2.06</ele>
  </trkpt>
  <trkpt lat="-3.29592526" lon="129.52875453">
   <ele>2.06</ele>
  </trkpt>
  <trkpt lat="-3.29574589" lon="129.52872679">
   <ele>2.541</ele>
  </trkpt>
  <trkpt lat="-3.29554397" lon="129.52869510">
   <ele>2.541</ele>
  </trkpt>
  <trkpt lat="-3.29526552" lon="129.52869787">
   <ele>3.021</ele>
  </trkpt>
  <trkpt lat="-3.29510559" lon="129.52871908">
   <ele>3.021</ele>
  </trkpt>
  <trkpt lat="-3.29488599" lon="129.52875369">
   <ele>3.983</ele>
  </trkpt>
  <trkpt lat="-3.29483603" lon="129.52876006">
   <ele>3.502</ele>
  </trkpt>
  <trkpt lat="-3.29474232" lon="129.52880767">
   <ele>3.502</ele>
  </trkpt>
  <trkpt lat="-3.29456035" lon="129.52896534">
   <ele>3.983</ele>
  </trkpt>
  <trkpt lat="-3.29441191" lon="129.52902359">
   <ele>3.502</ele>
  </trkpt>
  <trkpt lat="-3.29421292" lon="129.52912895">
   <ele>3.502</ele>
  </trkpt>
  <trkpt lat="-3.29410781" lon="129.52916692">
   <ele>3.502</ele>
  </trkpt>
  <trkpt lat="-3.29400547" lon="129.52922551">
   <ele>2.541</ele>
  </trkpt>
  <trkpt lat="-3.29396339" lon="129.52923817">
   <ele>1.579</ele>
  </trkpt>
  <trkpt lat="-3.29389382" lon="129.52922878">
   <ele>2.06</ele>
  </trkpt>
  <trkpt lat="-3.29375577" lon="129.52915938">
   <ele>1.099</ele>
  </trkpt>
  <trkpt lat="-3.29354782" lon="129.52907623">
   <ele>2.541</ele>
  </trkpt>
  <trkpt lat="-3.29345176" lon="129.52904689">
   <ele>1.579</ele>
  </trkpt>
  <trkpt lat="-3.29344547" lon="129.52905376">
   <ele>1.579</ele>
  </trkpt>
  <trkpt lat="-3.29332846" lon="129.52914437">
   <ele>3.502</ele>
  </trkpt>
  <trkpt lat="-3.29327951" lon="129.52912677">
   <ele>3.983</ele>
  </trkpt>
  <trkpt lat="-3.29307944" lon="129.52911805">
   <ele>4.944</ele>
  </trkpt>
  <trkpt lat="-3.29298933" lon="129.52916550">
   <ele>4.463</ele>
  </trkpt>
  <trkpt lat="-3.29281054" lon="129.52921612">
   <ele>4.463</ele>
  </trkpt>
  <trkpt lat="-3.29262899" lon="129.52930246">
   <ele>3.502</ele>
  </trkpt>
  <trkpt lat="-3.29241425" lon="129.52935643">
   <ele>3.502</ele>
  </trkpt>
  <trkpt lat="-3.29227469" lon="129.52948786">
   <ele>3.983</ele>
  </trkpt>
  <trkpt lat="-3.29211803" lon="129.52958954">
   <ele>4.463</ele>
  </trkpt>
  <trkpt lat="-3.29197017" lon="129.52965776">
   <ele>6.386</ele>
  </trkpt>
  <trkpt lat="-3.29182249" lon="129.52976916">
   <ele>3.021</ele>
  </trkpt>
  <trkpt lat="-3.29166608" lon="129.52978349">
   <ele>2.541</ele>
  </trkpt>
  <trkpt lat="-3.29150439" lon="129.52990319">
   <ele>3.021</ele>
  </trkpt>
  <trkpt lat="-3.29136475" lon="129.53007476">
   <ele>4.944</ele>
  </trkpt>
  <trkpt lat="-3.29122569" lon="129.53025171">
   <ele>6.386</ele>
  </trkpt>
  <trkpt lat="-3.29111815" lon="129.53036612">
   <ele>5.425</ele>
  </trkpt>
  <trkpt lat="-3.29101137" lon="129.53052085">
   <ele>5.425</ele>
  </trkpt>
  <trkpt lat="-3.29078455" lon="129.53072755">
   <ele>5.425</ele>
  </trkpt>
  <trkpt lat="-3.29064927" lon="129.53066091">
   <ele>5.425</ele>
  </trkpt>
  <trkpt lat="-3.29039605" lon="129.53066150">
   <ele>5.905</ele>
  </trkpt>
  <trkpt lat="-3.29015549" lon="129.53065831">
   <ele>8.309</ele>
  </trkpt>
  <trkpt lat="-3.28998366" lon="129.53060701">
   <ele>7.347</ele>
  </trkpt>
  <trkpt lat="-3.28984251" lon="129.53055857">
   <ele>5.425</ele>
  </trkpt>
  <trkpt lat="-3.28960975" lon="129.53051272">
   <ele>5.905</ele>
  </trkpt>
  <trkpt lat="-3.28938385" lon="129.53043669">
   <ele>6.866</ele>
  </trkpt>
  <trkpt lat="-3.28931655" lon="129.53034634">
   <ele>6.386</ele>
  </trkpt>
  <trkpt lat="-3.28913030" lon="129.53021575">
   <ele>9.27</ele>
  </trkpt>
  <trkpt lat="-3.28891103" lon="129.53012095">
   <ele>11.193</ele>
  </trkpt>
  <trkpt lat="-3.28874138" lon="129.53021114">
   <ele>9.751</ele>
  </trkpt>
  <trkpt lat="-3.28867198" lon="129.53038984">
   <ele>9.751</ele>
  </trkpt>
  <trkpt lat="-3.28859218" lon="129.53053468">
   <ele>10.231</ele>
  </trkpt>
  <trkpt lat="-3.28858355" lon="129.53082981">
   <ele>12.154</ele>
  </trkpt>
  <trkpt lat="-3.28876946" lon="129.53103206">
   <ele>14.076</ele>
  </trkpt>
  <trkpt lat="-3.28883425" lon="129.53109560">
   <ele>15.999</ele>
  </trkpt>
  <trkpt lat="-3.28877860" lon="129.53126600">
   <ele>16.96</ele>
  </trkpt>
  <trkpt lat="-3.28871062" lon="129.53133188">
   <ele>19.364</ele>
  </trkpt>
  <trkpt lat="-3.28867927" lon="129.53129567">
   <ele>22.728</ele>
  </trkpt>
  <trkpt lat="-3.28866226" lon="129.53122627">
   <ele>26.093</ele>
  </trkpt>
  <trkpt lat="-3.28845422" lon="129.53138477">
   <ele>28.016</ele>
  </trkpt>
  <trkpt lat="-3.28830158" lon="129.53165626">
   <ele>28.496</ele>
  </trkpt>
  <trkpt lat="-3.28826445" lon="129.53178995">
   <ele>28.496</ele>
  </trkpt>
  <trkpt lat="-3.28815549" lon="129.53194837">
   <ele>30.419</ele>
  </trkpt>
  <trkpt lat="-3.28802632" lon="129.53206136">
   <ele>30.9</ele>
  </trkpt>
  <trkpt lat="-3.28798039" lon="129.53197184">
   <ele>30.9</ele>
  </trkpt>
  <trkpt lat="-3.28792230" lon="129.53199481">
   <ele>30.9</ele>
  </trkpt>
  <trkpt lat="-3.28783873" lon="129.53197042">
   <ele>31.861</ele>
  </trkpt>
  <trkpt lat="-3.28784284" lon="129.53196463">
   <ele>35.225</ele>
  </trkpt>
  <trkpt lat="-3.28781359" lon="129.53200629">
   <ele>38.109</ele>
  </trkpt>
  <trkpt lat="-3.28781309" lon="129.53212330">
   <ele>41.474</ele>
  </trkpt>
  <trkpt lat="-3.28779657" lon="129.53222196">
   <ele>44.358</ele>
  </trkpt>
  <trkpt lat="-3.28784184" lon="129.53236168">
   <ele>47.723</ele>
  </trkpt>
  <trkpt lat="-3.28783312" lon="129.53247953">
   <ele>50.607</ele>
  </trkpt>
  <trkpt lat="-3.28783287" lon="129.53259177">
   <ele>51.087</ele>
  </trkpt>
  <trkpt lat="-3.28784695" lon="129.53258724">
   <ele>51.087</ele>
  </trkpt>
  <trkpt lat="-3.28782516" lon="129.53258892">
   <ele>51.087</ele>
  </trkpt>
  <trkpt lat="-3.28770672" lon="129.53267366">
   <ele>51.568</ele>
  </trkpt>
  <trkpt lat="-3.28763212" lon="129.53279478">
   <ele>54.932</ele>
  </trkpt>
  <trkpt lat="-3.28755752" lon="129.53290625">
   <ele>56.855</ele>
  </trkpt>
  <trkpt lat="-3.28749114" lon="129.53300935">
   <ele>56.855</ele>
  </trkpt>
  <trkpt lat="-3.28745912" lon="129.53309560">
   <ele>55.894</ele>
  </trkpt>
  <trkpt lat="-3.28741863" lon="129.53315126">
   <ele>54.452</ele>
  </trkpt>
  <trkpt lat="-3.28735217" lon="129.53324849">
   <ele>55.413</ele>
  </trkpt>
  <trkpt lat="-3.28729743" lon="129.53342434">
   <ele>57.336</ele>
  </trkpt>
  <trkpt lat="-3.28727480" lon="129.53354370">
   <ele>60.7</ele>
  </trkpt>
  <trkpt lat="-3.28713692" lon="129.53371234">
   <ele>63.584</ele>
  </trkpt>
  <trkpt lat="-3.28704949" lon="129.53383271">
   <ele>64.546</ele>
  </trkpt>
  <trkpt lat="-3.28695101" lon="129.53392097">
   <ele>65.988</ele>
  </trkpt>
  <trkpt lat="-3.28681765" lon="129.53407930">
   <ele>65.988</ele>
  </trkpt>
  <trkpt lat="-3.28666619" lon="129.53421534">
   <ele>66.468</ele>
  </trkpt>
  <trkpt lat="-3.28657860" lon="129.53439337">
   <ele>69.352</ele>
  </trkpt>
  <trkpt lat="-3.28650299" lon="129.53452933">
   <ele>73.198</ele>
  </trkpt>
  <trkpt lat="-3.28642915" lon="129.53461591">
   <ele>74.64</ele>
  </trkpt>
  <trkpt lat="-3.28630141" lon="129.53467232">
   <ele>74.159</ele>
  </trkpt>
  <trkpt lat="-3.28619194" lon="129.53481800">
   <ele>75.12</ele>
  </trkpt>
  <trkpt lat="-3.28608097" lon="129.53493753">
   <ele>76.081</ele>
  </trkpt>
  <trkpt lat="-3.28597703" lon="129.53505504">
   <ele>78.965</ele>
  </trkpt>
  <trkpt lat="-3.28582431" lon="129.53512821">
   <ele>82.33</ele>
  </trkpt>
  <trkpt lat="-3.28566732" lon="129.53508572">
   <ele>83.772</ele>
  </trkpt>
  <trkpt lat="-3.28558124" lon="129.53502679">
   <ele>86.656</ele>
  </trkpt>
  <trkpt lat="-3.28541653" lon="129.53513316">
   <ele>89.059</ele>
  </trkpt>
  <trkpt lat="-3.28533514" lon="129.53520474">
   <ele>92.424</ele>
  </trkpt>
  <trkpt lat="-3.28529022" lon="129.53525051">
   <ele>93.385</ele>
  </trkpt>
  <trkpt lat="-3.28523892" lon="129.53526014">
   <ele>96.75</ele>
  </trkpt>
  <trkpt lat="-3.28513867" lon="129.53517482">
   <ele>100.115</ele>
  </trkpt>
  <trkpt lat="-3.28506885" lon="129.53523106">
   <ele>101.556</ele>
  </trkpt>
  <trkpt lat="-3.28506391" lon="129.53522662">
   <ele>104.44</ele>
  </trkpt>
  <trkpt lat="-3.28496391" lon="129.53520290">
   <ele>108.286</ele>
  </trkpt>
  <trkpt lat="-3.28491102" lon="129.53519778">
   <ele>108.286</ele>
  </trkpt>
  <trkpt lat="-3.28493038" lon="129.53521002">
   <ele>108.766</ele>
  </trkpt>
  <trkpt lat="-3.28483365" lon="129.53528202">
   <ele>110.689</ele>
  </trkpt>
  <trkpt lat="-3.28478512" lon="129.53553549">
   <ele>110.689</ele>
  </trkpt>
  <trkpt lat="-3.28474833" lon="129.53563079">
   <ele>112.131</ele>
  </trkpt>
  <trkpt lat="-3.28477523" lon="129.53573280">
   <ele>114.054</ele>
  </trkpt>
  <trkpt lat="-3.28474774" lon="129.53584621">
   <ele>115.496</ele>
  </trkpt>
  <trkpt lat="-3.28469326" lon="129.53601032">
   <ele>118.379</ele>
  </trkpt>
  <trkpt lat="-3.28461220" lon="129.53614997">
   <ele>119.821</ele>
  </trkpt>
  <trkpt lat="-3.28454968" lon="129.53624259">
   <ele>123.186</ele>
  </trkpt>
  <trkpt lat="-3.28437667" lon="129.53630797">
   <ele>124.628</ele>
  </trkpt>
  <trkpt lat="-3.28433032" lon="129.53642959">
   <ele>127.993</ele>
  </trkpt>
  <trkpt lat="-3.28429847" lon="129.53647401">
   <ele>130.396</ele>
  </trkpt>
  <trkpt lat="-3.28423879" lon="129.53648231">
   <ele>132.319</ele>
  </trkpt>
  <trkpt lat="-3.28418959" lon="129.53649480">
   <ele>135.203</ele>
  </trkpt>
  <trkpt lat="-3.28411994" lon="129.53647041">
   <ele>138.567</ele>
  </trkpt>
  <trkpt lat="-3.28408683" lon="129.53651735">
   <ele>140.009</ele>
  </trkpt>
  <trkpt lat="-3.28403872" lon="129.53656596">
   <ele>142.412</ele>
  </trkpt>
  <trkpt lat="-3.28415296" lon="129.53662346">
   <ele>141.451</ele>
  </trkpt>
  <trkpt lat="-3.28404567" lon="129.53652246">
   <ele>141.451</ele>
  </trkpt>
  <trkpt lat="-3.28406017" lon="129.53662287">
   <ele>142.412</ele>
  </trkpt>
  <trkpt lat="-3.28403461" lon="129.53660469">
   <ele>142.893</ele>
  </trkpt>
  <trkpt lat="-3.28405296" lon="129.53666403">
   <ele>142.412</ele>
  </trkpt>
  <trkpt lat="-3.28403109" lon="129.53657568">
   <ele>140.97</ele>
  </trkpt>
  <trkpt lat="-3.28403167" lon="129.53657585">
   <ele>142.893</ele>
  </trkpt>
  <trkpt lat="-3.28401634" lon="129.53660435">
   <ele>144.335</ele>
  </trkpt>
  <trkpt lat="-3.28393025" lon="129.53666294">
   <ele>147.219</ele>
  </trkpt>
  <trkpt lat="-3.28384744" lon="129.53678741">
   <ele>149.622</ele>
  </trkpt>
  <trkpt lat="-3.28367729" lon="129.53689964">
   <ele>152.026</ele>
  </trkpt>
  <trkpt lat="-3.28363429" lon="129.53698950">
   <ele>154.429</ele>
  </trkpt>
  <trkpt lat="-3.28354267" lon="129.53715093">
   <ele>156.352</ele>
  </trkpt>
  <trkpt lat="-3.28348249" lon="129.53718865">
   <ele>156.352</ele>
  </trkpt>
  <trkpt lat="-3.28332709" lon="129.53723417">
   <ele>155.871</ele>
  </trkpt>
  <trkpt lat="-3.28317714" lon="129.53727758">
   <ele>155.39</ele>
  </trkpt>
  <trkpt lat="-3.28310120" lon="129.53731346">
   <ele>154.429</ele>
  </trkpt>
  <trkpt lat="-3.28290313" lon="129.53731589">
   <ele>152.987</ele>
  </trkpt>
  <trkpt lat="-3.28285117" lon="129.53730030">
   <ele>151.545</ele>
  </trkpt>
  <trkpt lat="-3.28275142" lon="129.53729083">
   <ele>150.584</ele>
  </trkpt>
  <trkpt lat="-3.28261714" lon="129.53727155">
   <ele>152.506</ele>
  </trkpt>
  <trkpt lat="-3.28256283" lon="129.53711011">
   <ele>154.429</ele>
  </trkpt>
  <trkpt lat="-3.28250273" lon="129.53697793">
   <ele>155.39</ele>
  </trkpt>
  <trkpt lat="-3.28235454" lon="129.53691775">
   <ele>157.313</ele>
  </trkpt>
  <trkpt lat="-3.28222898" lon="129.53691565">
   <ele>157.794</ele>
  </trkpt>
  <trkpt lat="-3.28215027" lon="129.53690300">
   <ele>160.197</ele>
  </trkpt>
  <trkpt lat="-3.28208171" lon="129.53688112">
   <ele>162.12</ele>
  </trkpt>
  <trkpt lat="-3.28194441" lon="129.53687735">
   <ele>163.562</ele>
  </trkpt>
  <trkpt lat="-3.28188063" lon="129.53688833">
   <ele>165.003</ele>
  </trkpt>
  <trkpt lat="-3.28181583" lon="129.53693016">
   <ele>166.926</ele>
  </trkpt>
  <trkpt lat="-3.28176940" lon="129.53697676">
   <ele>167.407</ele>
  </trkpt>
  <trkpt lat="-3.28170377" lon="129.53702764">
   <ele>168.849</ele>
  </trkpt>
  <trkpt lat="-3.28159455" lon="129.53707173">
   <ele>170.291</ele>
  </trkpt>
  <trkpt lat="-3.28151685" lon="129.53708279">
   <ele>171.252</ele>
  </trkpt>
  <trkpt lat="-3.28138601" lon="129.53709612">
   <ele>172.694</ele>
  </trkpt>
  <trkpt lat="-3.28126925" lon="129.53713652">
   <ele>173.655</ele>
  </trkpt>
  <trkpt lat="-3.28111251" lon="129.53721631">
   <ele>174.617</ele>
  </trkpt>
  <trkpt lat="-3.28102852" lon="129.53732813">
   <ele>173.175</ele>
  </trkpt>
  <trkpt lat="-3.28096331" lon="129.53739602">
   <ele>171.252</ele>
  </trkpt>
  <trkpt lat="-3.28081529" lon="129.53745679">
   <ele>170.291</ele>
  </trkpt>
  <trkpt lat="-3.28073281" lon="129.53753533">
   <ele>166.926</ele>
  </trkpt>
  <trkpt lat="-3.28071194" lon="129.53756559">
   <ele>166.926</ele>
  </trkpt>
  <trkpt lat="-3.28066642" lon="129.53761403">
   <ele>164.523</ele>
  </trkpt>
  <trkpt lat="-3.28063776" lon="129.53770037">
   <ele>162.6</ele>
  </trkpt>
  <trkpt lat="-3.28050306" lon="129.53774521">
   <ele>162.6</ele>
  </trkpt>
  <trkpt lat="-3.28043894" lon="129.53779525">
   <ele>161.639</ele>
  </trkpt>
  <trkpt lat="-3.28046082" lon="129.53785644">
   <ele>159.716</ele>
  </trkpt>
  <trkpt lat="-3.28039468" lon="129.53792274">
   <ele>158.274</ele>
  </trkpt>
  <trkpt lat="-3.28036166" lon="129.53795979">
   <ele>156.832</ele>
  </trkpt>
  <trkpt lat="-3.28031883" lon="129.53804319">
   <ele>155.39</ele>
  </trkpt>
  <trkpt lat="-3.28030609" lon="129.53808652">
   <ele>152.987</ele>
  </trkpt>
  <trkpt lat="-3.28023895" lon="129.53811812">
   <ele>152.506</ele>
  </trkpt>
  <trkpt lat="-3.28018480" lon="129.53814176">
   <ele>152.026</ele>
  </trkpt>
  <trkpt lat="-3.28009696" lon="129.53817210">
   <ele>151.545</ele>
  </trkpt>
  <trkpt lat="-3.28001188" lon="129.53819565">
   <ele>150.584</ele>
  </trkpt>
  <trkpt lat="-3.27995245" lon="129.53829423">
   <ele>149.622</ele>
  </trkpt>
  <trkpt lat="-3.27992924" lon="129.53839389">
   <ele>148.661</ele>
  </trkpt>
  <trkpt lat="-3.27985262" lon="129.53850352">
   <ele>147.219</ele>
  </trkpt>
  <trkpt lat="-3.27976897" lon="129.53852532">
   <ele>146.738</ele>
  </trkpt>
  <trkpt lat="-3.27967451" lon="129.53856010">
   <ele>145.296</ele>
  </trkpt>
  <trkpt lat="-3.27967694" lon="129.53856722">
   <ele>145.777</ele>
  </trkpt>
  <trkpt lat="-3.27968373" lon="129.53856337">
   <ele>143.374</ele>
  </trkpt>
  <trkpt lat="-3.27957166" lon="129.53858340">
   <ele>143.854</ele>
  </trkpt>
  <trkpt lat="-3.27952179" lon="129.53859857">
   <ele>143.374</ele>
  </trkpt>
  <trkpt lat="-3.27945675" lon="129.53861752">
   <ele>141.451</ele>
  </trkpt>
  <trkpt lat="-3.27941878" lon="129.53861249">
   <ele>140.97</ele>
  </trkpt>
  <trkpt lat="-3.27928953" lon="129.53867828">
   <ele>137.606</ele>
  </trkpt>
  <trkpt lat="-3.27921066" lon="129.53868373">
   <ele>136.645</ele>
  </trkpt>
  <trkpt lat="-3.27914259" lon="129.53869069">
   <ele>134.722</ele>
  </trkpt>
  <trkpt lat="-3.27904587" lon="129.53870385">
   <ele>132.319</ele>
  </trkpt>
  <trkpt lat="-3.27901972" lon="129.53868625">
   <ele>130.396</ele>
  </trkpt>
  <trkpt lat="-3.27897680" lon="129.53876294">
   <ele>127.993</ele>
  </trkpt>
  <trkpt lat="-3.27899390" lon="129.53880502">
   <ele>125.109</ele>
  </trkpt>
  <trkpt lat="-3.27895442" lon="129.53879060">
   <ele>123.186</ele>
  </trkpt>
  <trkpt lat="-3.27889516" lon="129.53877325">
   <ele>122.225</ele>
  </trkpt>
  <trkpt lat="-3.27888493" lon="129.53878633">
   <ele>118.86</ele>
  </trkpt>
  <trkpt lat="-3.27880170" lon="129.53891683">
   <ele>115.976</ele>
  </trkpt>
  <trkpt lat="-3.27879273" lon="129.53900442">
   <ele>116.457</ele>
  </trkpt>
  <trkpt lat="-3.27877329" lon="129.53906519">
   <ele>114.534</ele>
  </trkpt>
  <trkpt lat="-3.27875669" lon="129.53909428">
   <ele>111.17</ele>
  </trkpt>
  <trkpt lat="-3.27864261" lon="129.53912856">
   <ele>109.728</ele>
  </trkpt>
  <trkpt lat="-3.27862384" lon="129.53918573">
   <ele>108.766</ele>
  </trkpt>
  <trkpt lat="-3.27867857" lon="129.53932646">
   <ele>107.805</ele>
  </trkpt>
  <trkpt lat="-3.27866499" lon="129.53938035">
   <ele>106.844</ele>
  </trkpt>
  <trkpt lat="-3.27860079" lon="129.53939427">
   <ele>106.363</ele>
  </trkpt>
  <trkpt lat="-3.27855678" lon="129.53942704">
   <ele>106.363</ele>
  </trkpt>
  <trkpt lat="-3.27852518" lon="129.53939720">
   <ele>106.844</ele>
  </trkpt>
  <trkpt lat="-3.27842301" lon="129.53943173">
   <ele>108.766</ele>
  </trkpt>
  <trkpt lat="-3.27828454" lon="129.53949074">
   <ele>108.766</ele>
  </trkpt>
  <trkpt lat="-3.27819401" lon="129.53951840">
   <ele>112.131</ele>
  </trkpt>
  <trkpt lat="-3.27802705" lon="129.53951010">
   <ele>110.208</ele>
  </trkpt>
  <trkpt lat="-3.27793929" lon="129.53950868">
   <ele>112.131</ele>
  </trkpt>
  <trkpt lat="-3.27792864" lon="129.53957423">
   <ele>115.496</ele>
  </trkpt>
  <trkpt lat="-3.27792462" lon="129.53963843">
   <ele>118.379</ele>
  </trkpt>
  <trkpt lat="-3.27787567" lon="129.53968168">
   <ele>122.225</ele>
  </trkpt>
  <trkpt lat="-3.27783342" lon="129.53976265">
   <ele>124.628</ele>
  </trkpt>
  <trkpt lat="-3.27780426" lon="129.53984035">
   <ele>126.551</ele>
  </trkpt>
  <trkpt lat="-3.27773770" lon="129.53999131">
   <ele>129.435</ele>
  </trkpt>
  <trkpt lat="-3.27772044" lon="129.54007907">
   <ele>131.357</ele>
  </trkpt>
  <trkpt lat="-3.27769521" lon="129.54017269">
   <ele>132.799</ele>
  </trkpt>
  <trkpt lat="-3.27766369" lon="129.54031527">
   <ele>134.722</ele>
  </trkpt>
  <trkpt lat="-3.27763033" lon="129.54047436">
   <ele>136.164</ele>
  </trkpt>
  <trkpt lat="-3.27757753" lon="129.54057419">
   <ele>133.76</ele>
  </trkpt>
  <trkpt lat="-3.27756604" lon="129.54062263">
   <ele>134.722</ele>
  </trkpt>
  <trkpt lat="-3.27751508" lon="129.54059950">
   <ele>137.125</ele>
  </trkpt>
  <trkpt lat="-3.27747501" lon="129.54062473">
   <ele>138.087</ele>
  </trkpt>
  <trkpt lat="-3.27755615" lon="129.54074216">
   <ele>141.451</ele>
  </trkpt>
  <trkpt lat="-3.27754341" lon="129.54080955">
   <ele>144.335</ele>
  </trkpt>
  <trkpt lat="-3.27750477" lon="129.54087568">
   <ele>146.258</ele>
  </trkpt>
  <trkpt lat="-3.27745884" lon="129.54093444">
   <ele>149.142</ele>
  </trkpt>
  <trkpt lat="-3.27743763" lon="129.54103108">
   <ele>152.506</ele>
  </trkpt>
  <trkpt lat="-3.27740050" lon="129.54108892">
   <ele>155.39</ele>
  </trkpt>
  <trkpt lat="-3.27738457" lon="129.54115338">
   <ele>158.274</ele>
  </trkpt>
  <trkpt lat="-3.27743461" lon="129.54126947">
   <ele>158.274</ele>
  </trkpt>
  <trkpt lat="-3.27732867" lon="129.54140299">
   <ele>160.197</ele>
  </trkpt>
  <trkpt lat="-3.27728919" lon="129.54154490">
   <ele>163.081</ele>
  </trkpt>
  <trkpt lat="-3.27730008" lon="129.54170038">
   <ele>164.523</ele>
  </trkpt>
  <trkpt lat="-3.27724200" lon="129.54186324">
   <ele>167.887</ele>
  </trkpt>
  <trkpt lat="-3.27718634" lon="129.54201772">
   <ele>170.291</ele>
  </trkpt>
  <trkpt lat="-3.27714083" lon="129.54218368">
   <ele>172.694</ele>
  </trkpt>
  <trkpt lat="-3.27710068" lon="129.54237906">
   <ele>175.578</ele>
  </trkpt>
  <trkpt lat="-3.27709280" lon="129.54258417">
   <ele>177.981</ele>
  </trkpt>
  <trkpt lat="-3.27703471" lon="129.54270101">
   <ele>180.865</ele>
  </trkpt>
  <trkpt lat="-3.27701074" lon="129.54278315">
   <ele>181.826</ele>
  </trkpt>
  <trkpt lat="-3.27700789" lon="129.54276119">
   <ele>184.711</ele>
  </trkpt>
  <trkpt lat="-3.27693581" lon="129.54280076">
   <ele>187.594</ele>
  </trkpt>
  <trkpt lat="-3.27686766" lon="129.54292481">
   <ele>189.517</ele>
  </trkpt>
  <trkpt lat="-3.27684101" lon="129.54302841">
   <ele>192.882</ele>
  </trkpt>
  <trkpt lat="-3.27676842" lon="129.54318121">
   <ele>194.804</ele>
  </trkpt>
  <trkpt lat="-3.27673665" lon="129.54339587">
   <ele>197.208</ele>
  </trkpt>
  <trkpt lat="-3.27667974" lon="129.54352646">
   <ele>200.572</ele>
  </trkpt>
  <trkpt lat="-3.27663431" lon="129.54368161">
   <ele>203.937</ele>
  </trkpt>
  <trkpt lat="-3.27661176" lon="129.54384774">
   <ele>201.534</ele>
  </trkpt>
  <trkpt lat="-3.27660263" lon="129.54394614">
   <ele>203.937</ele>
  </trkpt>
  <trkpt lat="-3.27656223" lon="129.54401286">
   <ele>207.301</ele>
  </trkpt>
  <trkpt lat="-3.27649374" lon="129.54415292">
   <ele>209.224</ele>
  </trkpt>
  <trkpt lat="-3.27645360" lon="129.54420933">
   <ele>212.589</ele>
  </trkpt>
  <trkpt lat="-3.27645016" lon="129.54421277">
   <ele>212.108</ele>
  </trkpt>
  <trkpt lat="-3.27639517" lon="129.54430615">
   <ele>215.473</ele>
  </trkpt>
  <trkpt lat="-3.27633298" lon="129.54451159">
   <ele>218.837</ele>
  </trkpt>
  <trkpt lat="-3.27628395" lon="129.54464209">
   <ele>221.721</ele>
  </trkpt>
  <trkpt lat="-3.27622971" lon="129.54485516">
   <ele>224.125</ele>
  </trkpt>
  <trkpt lat="-3.27629887" lon="129.54487083">
   <ele>225.086</ele>
  </trkpt>
  <trkpt lat="-3.27620381" lon="129.54494753">
   <ele>222.682</ele>
  </trkpt>
  <trkpt lat="-3.27620633" lon="129.54502263">
   <ele>224.125</ele>
  </trkpt>
  <trkpt lat="-3.27613517" lon="129.54518423">
   <ele>227.009</ele>
  </trkpt>
  <trkpt lat="-3.27612176" lon="129.54520703">
   <ele>228.45</ele>
  </trkpt>
  <trkpt lat="-3.27604841" lon="129.54534559">
   <ele>231.334</ele>
  </trkpt>
  <trkpt lat="-3.27606442" lon="129.54556301">
   <ele>233.738</ele>
  </trkpt>
  <trkpt lat="-3.27600382" lon="129.54572168">
   <ele>236.141</ele>
  </trkpt>
  <trkpt lat="-3.27593157" lon="129.54585345">
   <ele>239.025</ele>
  </trkpt>
  <trkpt lat="-3.27589335" lon="129.54602041">
   <ele>239.025</ele>
  </trkpt>
  <trkpt lat="-3.27586527" lon="129.54602368">
   <ele>239.505</ele>
  </trkpt>
  <trkpt lat="-3.27584616" lon="129.54603097">
   <ele>240.467</ele>
  </trkpt>
  <trkpt lat="-3.27586887" lon="129.54604078">
   <ele>240.948</ele>
  </trkpt>
  <trkpt lat="-3.27586158" lon="129.54604061">
   <ele>241.428</ele>
  </trkpt>
  <trkpt lat="-3.27585404" lon="129.54618051">
   <ele>244.312</ele>
  </trkpt>
  <trkpt lat="-3.27583577" lon="129.54628201">
   <ele>247.677</ele>
  </trkpt>
  <trkpt lat="-3.27576729" lon="129.54643087">
   <ele>250.561</ele>
  </trkpt>
  <trkpt lat="-3.27569294" lon="129.54654671">
   <ele>253.925</ele>
  </trkpt>
  <trkpt lat="-3.27560820" lon="129.54660673">
   <ele>256.809</ele>
  </trkpt>
  <trkpt lat="-3.27553469" lon="129.54669415">
   <ele>259.693</ele>
  </trkpt>
  <trkpt lat="-3.27552874" lon="129.54680244">
   <ele>263.058</ele>
  </trkpt>
  <trkpt lat="-3.27551357" lon="129.54686003">
   <ele>264.5</ele>
  </trkpt>
  <trkpt lat="-3.27548884" lon="129.54685919">
   <ele>264.5</ele>
  </trkpt>
  <trkpt lat="-3.27548959" lon="129.54687092">
   <ele>263.539</ele>
  </trkpt>
  <trkpt lat="-3.27550510" lon="129.54688509">
   <ele>267.865</ele>
  </trkpt>
  <trkpt lat="-3.27550435" lon="129.54688610">
   <ele>264.019</ele>
  </trkpt>
  <trkpt lat="-3.27554106" lon="129.54687880">
   <ele>265.461</ele>
  </trkpt>
  <trkpt lat="-3.27549756" lon="129.54682424">
   <ele>264.5</ele>
  </trkpt>
  <trkpt lat="-3.27549906" lon="129.54681636">
   <ele>264.019</ele>
  </trkpt>
  <trkpt lat="-3.27541164" lon="129.54689641">
   <ele>267.865</ele>
  </trkpt>
  <trkpt lat="-3.27534735" lon="129.54692272">
   <ele>271.71</ele>
  </trkpt>
  <trkpt lat="-3.27534702" lon="129.54696128">
   <ele>272.671</ele>
  </trkpt>
  <trkpt lat="-3.27536453" lon="129.54706212">
   <ele>274.113</ele>
  </trkpt>
  <trkpt lat="-3.27530955" lon="129.54716144">
   <ele>276.516</ele>
  </trkpt>
  <trkpt lat="-3.27526395" lon="129.54727502">
   <ele>278.92</ele>
  </trkpt>
  <trkpt lat="-3.27516521" lon="129.54738096">
   <ele>279.881</ele>
  </trkpt>
  <trkpt lat="-3.27515029" lon="129.54738700">
   <ele>281.804</ele>
  </trkpt>
  <trkpt lat="-3.27509925" lon="129.54746914">
   <ele>284.688</ele>
  </trkpt>
  <trkpt lat="-3.27497805" lon="129.54753678">
   <ele>287.571</ele>
  </trkpt>
  <trkpt lat="-3.27486824" lon="129.54765053">
   <ele>290.936</ele>
  </trkpt>
  <trkpt lat="-3.27488232" lon="129.54773460">
   <ele>292.378</ele>
  </trkpt>
  <trkpt lat="-3.27487671" lon="129.54772479">
   <ele>296.224</ele>
  </trkpt>
  <trkpt lat="-3.27486263" lon="129.54771674">
   <ele>296.704</ele>
  </trkpt>
  <trkpt lat="-3.27486430" lon="129.54771775">
   <ele>292.378</ele>
  </trkpt>
  <trkpt lat="-3.27486439" lon="129.54771750">
   <ele>297.665</ele>
  </trkpt>
  <trkpt lat="-3.27485768" lon="129.54771297">
   <ele>299.107</ele>
  </trkpt>
  <trkpt lat="-3.27485936" lon="129.54771314">
   <ele>297.185</ele>
  </trkpt>
  <trkpt lat="-3.27485953" lon="129.54771322">
   <ele>301.511</ele>
  </trkpt>
  <trkpt lat="-3.27485978" lon="129.54771389">
   <ele>296.224</ele>
  </trkpt>
  <trkpt lat="-3.27486036" lon="129.54771498">
   <ele>295.743</ele>
  </trkpt>
  <trkpt lat="-3.27486053" lon="129.54771498">
   <ele>300.069</ele>
  </trkpt>
  <trkpt lat="-3.27486036" lon="129.54771498">
   <ele>304.395</ele>
  </trkpt>
  <trkpt lat="-3.27478853" lon="129.54771314">
   <ele>301.03</ele>
  </trkpt>
  <trkpt lat="-3.27487587" lon="129.54775429">
   <ele>301.03</ele>
  </trkpt>
  <trkpt lat="-3.27474050" lon="129.54778036">
   <ele>301.03</ele>
  </trkpt>
  <trkpt lat="-3.27474285" lon="129.54786074">
   <ele>304.875</ele>
  </trkpt>
  <trkpt lat="-3.27459885" lon="129.54788153">
   <ele>306.317</ele>
  </trkpt>
  <trkpt lat="-3.27454168" lon="129.54796141">
   <ele>307.279</ele>
  </trkpt>
  <trkpt lat="-3.27464872" lon="129.54803148">
   <ele>309.201</ele>
  </trkpt>
  <trkpt lat="-3.27457513" lon="129.54813869">
   <ele>311.124</ele>
  </trkpt>
  <trkpt lat="-3.27454160" lon="129.54824572">
   <ele>313.047</ele>
  </trkpt>
  <trkpt lat="-3.27450145" lon="129.54829350">
   <ele>316.411</ele>
  </trkpt>
  <trkpt lat="-3.27439617" lon="129.54823885">
   <ele>319.295</ele>
  </trkpt>
  <trkpt lat="-3.27431303" lon="129.54821211">
   <ele>321.218</ele>
  </trkpt>
  <trkpt lat="-3.27428989" lon="129.54826894">
   <ele>322.179</ele>
  </trkpt>
  <trkpt lat="-3.27425553" lon="129.54827389">
   <ele>325.063</ele>
  </trkpt>
  <trkpt lat="-3.27417204" lon="129.54831965">
   <ele>328.428</ele>
  </trkpt>
  <trkpt lat="-3.27410163" lon="129.54836022">
   <ele>330.831</ele>
  </trkpt>
  <trkpt lat="-3.27400030" lon="129.54836592">
   <ele>333.715</ele>
  </trkpt>
  <trkpt lat="-3.27390189" lon="129.54828822">
   <ele>337.079</ele>
  </trkpt>
  <trkpt lat="-3.27387381" lon="129.54825855">
   <ele>338.521</ele>
  </trkpt>
  <trkpt lat="-3.27382637" lon="129.54825964">
   <ele>341.405</ele>
  </trkpt>
  <trkpt lat="-3.27372998" lon="129.54822452">
   <ele>345.251</ele>
  </trkpt>
  <trkpt lat="-3.27364281" lon="129.54830012">
   <ele>348.135</ele>
  </trkpt>
  <trkpt lat="-3.27358271" lon="129.54831873">
   <ele>351.499</ele>
  </trkpt>
  <trkpt lat="-3.27349487" lon="129.54835494">
   <ele>351.499</ele>
  </trkpt>
  <trkpt lat="-3.27344567" lon="129.54842476">
   <ele>354.383</ele>
  </trkpt>
  <trkpt lat="-3.27340828" lon="129.54847346">
   <ele>357.748</ele>
  </trkpt>
  <trkpt lat="-3.27335212" lon="129.54849752">
   <ele>358.228</ele>
  </trkpt>
  <trkpt lat="-3.27334894" lon="129.54849986">
   <ele>357.748</ele>
  </trkpt>
  <trkpt lat="-3.27334885" lon="129.54849894">
   <ele>358.228</ele>
  </trkpt>
  <trkpt lat="-3.27329169" lon="129.54849031">
   <ele>361.112</ele>
  </trkpt>
  <trkpt lat="-3.27319589" lon="129.54851252">
   <ele>362.554</ele>
  </trkpt>
  <trkpt lat="-3.27309086" lon="129.54851227">
   <ele>365.919</ele>
  </trkpt>
  <trkpt lat="-3.27297544" lon="129.54855653">
   <ele>368.322</ele>
  </trkpt>
  <trkpt lat="-3.27291660" lon="129.54858377">
   <ele>369.764</ele>
  </trkpt>
  <trkpt lat="-3.27281660" lon="129.54865845">
   <ele>371.206</ele>
  </trkpt>
  <trkpt lat="-3.27279632" lon="129.54869902">
   <ele>374.571</ele>
  </trkpt>
  <trkpt lat="-3.27273245" lon="129.54868376">
   <ele>375.052</ele>
  </trkpt>
  <trkpt lat="-3.27265064" lon="129.54872299">
   <ele>378.416</ele>
  </trkpt>
  <trkpt lat="-3.27259935" lon="129.54880245">
   <ele>380.819</ele>
  </trkpt>
  <trkpt lat="-3.27250337" lon="129.54877873">
   <ele>383.223</ele>
  </trkpt>
  <trkpt lat="-3.27242483" lon="129.54877605">
   <ele>384.184</ele>
  </trkpt>
  <trkpt lat="-3.27233825" lon="129.54878317">
   <ele>386.107</ele>
  </trkpt>
  <trkpt lat="-3.27226784" lon="129.54879734">
   <ele>388.991</ele>
  </trkpt>
  <trkpt lat="-3.27218394" lon="129.54885978">
   <ele>390.433</ele>
  </trkpt>
  <trkpt lat="-3.27211336" lon="129.54889582">
   <ele>391.875</ele>
  </trkpt>
  <trkpt lat="-3.27201756" lon="129.54895332">
   <ele>392.355</ele>
  </trkpt>
  <trkpt lat="-3.27189937" lon="129.54897914">
   <ele>392.355</ele>
  </trkpt>
  <trkpt lat="-3.27182243" lon="129.54900521">
   <ele>391.875</ele>
  </trkpt>
  <trkpt lat="-3.27176023" lon="129.54903631">
   <ele>392.355</ele>
  </trkpt>
  <trkpt lat="-3.27165680" lon="129.54905206">
   <ele>395.239</ele>
  </trkpt>
  <trkpt lat="-3.27154096" lon="129.54903069">
   <ele>397.642</ele>
  </trkpt>
  <trkpt lat="-3.27145639" lon="129.54896648">
   <ele>400.526</ele>
  </trkpt>
  <trkpt lat="-3.27135555" lon="129.54897093">
   <ele>402.93</ele>
  </trkpt>
  <trkpt lat="-3.27124156" lon="129.54896581">
   <ele>405.333</ele>
  </trkpt>
  <trkpt lat="-3.27117224" lon="129.54898593">
   <ele>405.814</ele>
  </trkpt>
  <trkpt lat="-3.27116973" lon="129.54899582">
   <ele>408.217</ele>
  </trkpt>
  <trkpt lat="-3.27117115" lon="129.54899490">
   <ele>408.698</ele>
  </trkpt>
  <trkpt lat="-3.27117157" lon="129.54899456">
   <ele>406.775</ele>
  </trkpt>
  <trkpt lat="-3.27117459" lon="129.54899523">
   <ele>409.178</ele>
  </trkpt>
  <trkpt lat="-3.27117467" lon="129.54899406">
   <ele>408.698</ele>
  </trkpt>
  <trkpt lat="-3.27117476" lon="129.54899305">
   <ele>407.256</ele>
  </trkpt>
  <trkpt lat="-3.27111525" lon="129.54891418">
   <ele>408.217</ele>
  </trkpt>
  <trkpt lat="-3.27103294" lon="129.54892214">
   <ele>408.698</ele>
  </trkpt>
  <trkpt lat="-3.27102858" lon="129.54883631">
   <ele>409.659</ele>
  </trkpt>
  <trkpt lat="-3.27109354" lon="129.54861361">
   <ele>411.582</ele>
  </trkpt>
  <trkpt lat="-3.27098239" lon="129.54858695">
   <ele>413.024</ele>
  </trkpt>
  <trkpt lat="-3.27082959" lon="129.54857631">
   <ele>415.427</ele>
  </trkpt>
  <trkpt lat="-3.27071157" lon="129.54854546">
   <ele>418.311</ele>
  </trkpt>
  <trkpt lat="-3.27056648" lon="129.54850925">
   <ele>419.753</ele>
  </trkpt>
  <trkpt lat="-3.27050110" lon="129.54852752">
   <ele>422.156</ele>
  </trkpt>
  <trkpt lat="-3.27046196" lon="129.54853054">
   <ele>422.637</ele>
  </trkpt>
  <trkpt lat="-3.27049549" lon="129.54853054">
   <ele>422.637</ele>
  </trkpt>
  <trkpt lat="-3.27048811" lon="129.54852560">
   <ele>421.195</ele>
  </trkpt>
  <trkpt lat="-3.27046623" lon="129.54851881">
   <ele>422.637</ele>
  </trkpt>
  <trkpt lat="-3.27048241" lon="129.54848142">
   <ele>425.521</ele>
  </trkpt>
 </trkseg>
</trk>
<trk>
 <name>ACTIVE LOG 033</name>
 <trkseg>
  <trkpt lat="-3.19170174" lon="129.49149823">
   <ele>2589.448</ele>
  </trkpt>
  <trkpt lat="-3.19171021" lon="129.49160552">
   <ele>2590.41</ele>
  </trkpt>
  <trkpt lat="-3.19173720" lon="129.49153301">
   <ele>2588.487</ele>
  </trkpt>
  <trkpt lat="-3.19174642" lon="129.49152270">
   <ele>2587.526</ele>
  </trkpt>
  <trkpt lat="-3.19179025" lon="129.49142405">
   <ele>2586.564</ele>
  </trkpt>
  <trkpt lat="-3.19179403" lon="129.49138767">
   <ele>2586.564</ele>
  </trkpt>
  <trkpt lat="-3.19177726" lon="129.49135590">
   <ele>2587.526</ele>
  </trkpt>
  <trkpt lat="-3.19173477" lon="129.49136395">
   <ele>2588.487</ele>
  </trkpt>
  <trkpt lat="-3.19164868" lon="129.49128248">
   <ele>2588.487</ele>
  </trkpt>
  <trkpt lat="-3.19158850" lon="129.49121852">
   <ele>2587.045</ele>
  </trkpt>
  <trkpt lat="-3.19155003" lon="129.49117460">
   <ele>2583.68</ele>
  </trkpt>
  <trkpt lat="-3.19147602" lon="129.49119581">
   <ele>2582.719</ele>
  </trkpt>
  <trkpt lat="-3.19140360" lon="129.49117293">
   <ele>2580.316</ele>
  </trkpt>
  <trkpt lat="-3.19139052" lon="129.49121651">
   <ele>2579.835</ele>
  </trkpt>
  <trkpt lat="-3.19130151" lon="129.49115382">
   <ele>2579.835</ele>
  </trkpt>
  <trkpt lat="-3.19128818" lon="129.49115474">
   <ele>2578.874</ele>
  </trkpt>
 </trkseg>
</trk>
<trk>
 <name>ACTIVE LOG 038</name>
 <trkseg>
  <trkpt lat="-3.29825568" lon="129.52447783">
   <ele>10.712</ele>
  </trkpt>
  <trkpt lat="-3.29828954" lon="129.52444690">
   <ele>9.27</ele>
  </trkpt>
  <trkpt lat="-3.29846682" lon="129.52435328">
   <ele>5.905</ele>
  </trkpt>
  <trkpt lat="-3.29849322" lon="129.52434699">
   <ele>5.905</ele>
  </trkpt>
  <trkpt lat="-3.29879028" lon="129.52435059">
   <ele>2.541</ele>
  </trkpt>
  <trkpt lat="-3.29944055" lon="129.52452184">
   <ele>-0.343</ele>
  </trkpt>
  <trkpt lat="-3.30064511" lon="129.52485141">
   <ele>-1.305</ele>
  </trkpt>
  <trkpt lat="-3.30164121" lon="129.52505845">
   <ele>-1.305</ele>
  </trkpt>
  <trkpt lat="-3.30264989" lon="129.52530228">
   <ele>-1.785</ele>
  </trkpt>
  <trkpt lat="-3.30374666" lon="129.52558240">
   <ele>-2.747</ele>
  </trkpt>
  <trkpt lat="-3.30519338" lon="129.52580804">
   <ele>-1.785</ele>
  </trkpt>
  <trkpt lat="-3.30636400" lon="129.52592581">
   <ele>-2.266</ele>
  </trkpt>
  <trkpt lat="-3.30731107" lon="129.52611390">
   <ele>-2.266</ele>
  </trkpt>
  <trkpt lat="-3.30816091" lon="129.52630383">
   <ele>-2.747</ele>
  </trkpt>
  <trkpt lat="-3.30906247" lon="129.52638497">
   <ele>-2.266</ele>
  </trkpt>
  <trkpt lat="-3.31029050" lon="129.52664346">
   <ele>-2.747</ele>
  </trkpt>
  <trkpt lat="-3.31126934" lon="129.52681714">
   <ele>-2.266</ele>
  </trkpt>
  <trkpt lat="-3.31244733" lon="129.52708444">
   <ele>-2.266</ele>
  </trkpt>
  <trkpt lat="-3.31312719" lon="129.52712333">
   <ele>-1.785</ele>
  </trkpt>
  <trkpt lat="-3.31423519" lon="129.52732055">
   <ele>-2.266</ele>
  </trkpt>
  <trkpt lat="-3.31495788" lon="129.52748979">
   <ele>-1.785</ele>
  </trkpt>
  <trkpt lat="-3.31589288" lon="129.52764527">
   <ele>-2.266</ele>
  </trkpt>
  <trkpt lat="-3.31661398" lon="129.52787996">
   <ele>-1.785</ele>
  </trkpt>
  <trkpt lat="-3.31727061" lon="129.52806051">
   <ele>-1.785</ele>
  </trkpt>
  <trkpt lat="-3.31823755" lon="129.52821968">
   <ele>-1.785</ele>
  </trkpt>
  <trkpt lat="-3.31936500" lon="129.52833326">
   <ele>-1.305</ele>
  </trkpt>
  <trkpt lat="-3.32044668" lon="129.52847994">
   <ele>-1.305</ele>
  </trkpt>
  <trkpt lat="-3.32154924" lon="129.52868915">
   <ele>-1.785</ele>
  </trkpt>
  <trkpt lat="-3.32271156" lon="129.52894270">
   <ele>-0.824</ele>
  </trkpt>
  <trkpt lat="-3.32382216" lon="129.52915317">
   <ele>-0.824</ele>
  </trkpt>
  <trkpt lat="-3.32496554" lon="129.52937286">
   <ele>-0.824</ele>
  </trkpt>
  <trkpt lat="-3.32605250" lon="129.52963932">
   <ele>-1.305</ele>
  </trkpt>
  <trkpt lat="-3.32710418" lon="129.52989807">
   <ele>-1.305</ele>
  </trkpt>
  <trkpt lat="-3.32806818" lon="129.53025104">
   <ele>-0.824</ele>
  </trkpt>
  <trkpt lat="-3.32897644" lon="129.53038339">
   <ele>-0.343</ele>
  </trkpt>
  <trkpt lat="-3.33009501" lon="129.53062353">
   <ele>-0.343</ele>
  </trkpt>
  <trkpt lat="-3.33103554" lon="129.53082553">
   <ele>-0.824</ele>
  </trkpt>
  <trkpt lat="-3.33180115" lon="129.53104413">
   <ele>-0.824</ele>
  </trkpt>
  <trkpt lat="-3.33273682" lon="129.53126969">
   <ele>-0.824</ele>
  </trkpt>
  <trkpt lat="-3.33373737" lon="129.53146566">
   <ele>-0.343</ele>
  </trkpt>
  <trkpt lat="-3.33491427" lon="129.53171971">
   <ele>-0.824</ele>
  </trkpt>
  <trkpt lat="-3.33587701" lon="129.53194686">
   <ele>-0.343</ele>
  </trkpt>
  <trkpt lat="-3.33719934" lon="129.53225297">
   <ele>-0.343</ele>
  </trkpt>
  <trkpt lat="-3.33806645" lon="129.53248062">
   <ele>-0.343</ele>
  </trkpt>
  <trkpt lat="-3.33913716" lon="129.53270886">
   <ele>-0.343</ele>
  </trkpt>
  <trkpt lat="-3.34030140" lon="129.53297155">
   <ele>-0.343</ele>
  </trkpt>
  <trkpt lat="-3.34169934" lon="129.53319945">
   <ele>-0.343</ele>
  </trkpt>
  <trkpt lat="-3.34274347" lon="129.53344479">
   <ele>-0.343</ele>
  </trkpt>
  <trkpt lat="-3.34388341" lon="129.53371712">
   <ele>-0.343</ele>
  </trkpt>
  <trkpt lat="-3.34492939" lon="129.53395114">
   <ele>-0.343</ele>
  </trkpt>
  <trkpt lat="-3.34606161" lon="129.53425096">
   <ele>-0.343</ele>
  </trkpt>
  <trkpt lat="-3.34700977" lon="129.53458507">
   <ele>0.137</ele>
  </trkpt>
  <trkpt lat="-3.34772299" lon="129.53494842">
   <ele>-0.343</ele>
  </trkpt>
  <trkpt lat="-3.34820822" lon="129.53529644">
   <ele>-0.343</ele>
  </trkpt>
  <trkpt lat="-3.34914171" lon="129.53540515">
   <ele>0.137</ele>
  </trkpt>
  <trkpt lat="-3.34995811" lon="129.53543164">
   <ele>0.137</ele>
  </trkpt>
  <trkpt lat="-3.35086461" lon="129.53556608">
   <ele>0.137</ele>
  </trkpt>
  <trkpt lat="-3.35186709" lon="129.53573942">
   <ele>0.137</ele>
  </trkpt>
  <trkpt lat="-3.35304164" lon="129.53599490">
   <ele>0.618</ele>
  </trkpt>
  <trkpt lat="-3.35423330" lon="129.53628860">
   <ele>0.618</ele>
  </trkpt>
  <trkpt lat="-3.35536787" lon="129.53658641">
   <ele>0.618</ele>
  </trkpt>
  <trkpt lat="-3.35655391" lon="129.53686117">
   <ele>1.099</ele>
  </trkpt>
  <trkpt lat="-3.35755253" lon="129.53709595">
   <ele>0.618</ele>
  </trkpt>
  <trkpt lat="-3.35826332" lon="129.53727339">
   <ele>0.618</ele>
  </trkpt>
  <trkpt lat="-3.35920410" lon="129.53748554">
   <ele>0.137</ele>
  </trkpt>
  <trkpt lat="-3.36011077" lon="129.53772652">
   <ele>0.137</ele>
  </trkpt>
  <trkpt lat="-3.36081100" lon="129.53780011">
   <ele>1.099</ele>
  </trkpt>
  <trkpt lat="-3.36179378" lon="129.53802944">
   <ele>0.618</ele>
  </trkpt>
  <trkpt lat="-3.36256097" lon="129.53820831">
   <ele>0.137</ele>
  </trkpt>
  <trkpt lat="-3.36330595" lon="129.53833756">
   <ele>0.618</ele>
  </trkpt>
  <trkpt lat="-3.36405806" lon="129.53844829">
   <ele>0.618</ele>
  </trkpt>
  <trkpt lat="-3.36504235" lon="129.53873285">
   <ele>0.618</ele>
  </trkpt>
  <trkpt lat="-3.36594977" lon="129.53909554">
   <ele>1.099</ele>
  </trkpt>
  <trkpt lat="-3.36703766" lon="129.53944355">
   <ele>1.099</ele>
  </trkpt>
  <trkpt lat="-3.36817852" lon="129.53975745">
   <ele>0.618</ele>
  </trkpt>
  <trkpt lat="-3.36965642" lon="129.54024293">
   <ele>0.618</ele>
  </trkpt>
  <trkpt lat="-3.37076258" lon="129.54055985">
   <ele>1.099</ele>
  </trkpt>
  <trkpt lat="-3.37191450" lon="129.54094634">
   <ele>0.618</ele>
  </trkpt>
  <trkpt lat="-3.37304355" lon="129.54125212">
   <ele>1.099</ele>
  </trkpt>
  <trkpt lat="-3.37417116" lon="129.54168454">
   <ele>1.579</ele>
  </trkpt>
  <trkpt lat="-3.37524103" lon="129.54201395">
   <ele>2.06</ele>
  </trkpt>
  <trkpt lat="-3.37632515" lon="129.54225090">
   <ele>2.06</ele>
  </trkpt>
  <trkpt lat="-3.37704431" lon="129.54257109">
   <ele>2.541</ele>
  </trkpt>
  <trkpt lat="-3.37741672" lon="129.54310158">
   <ele>2.06</ele>
  </trkpt>
  <trkpt lat="-3.37751043" lon="129.54350324">
   <ele>2.06</ele>
  </trkpt>
  <trkpt lat="-3.37749920" lon="129.54359100">
   <ele>3.021</ele>
  </trkpt>
  <trkpt lat="-3.37749953" lon="129.54363819">
   <ele>2.541</ele>
  </trkpt>
  <trkpt lat="-3.37751186" lon="129.54363987">
   <ele>3.021</ele>
  </trkpt>
 </trkseg>
</trk>
<trk>
 <name>ACTIVE LOG 040</name>
 <trkseg>
  <trkpt lat="-3.46496788" lon="129.54779553">
   <ele>22.248</ele>
  </trkpt>
  <trkpt lat="-3.46534020" lon="129.54672424">
   <ele>22.248</ele>
  </trkpt>
  <trkpt lat="-3.46544045" lon="129.54628805">
   <ele>20.806</ele>
  </trkpt>
  <trkpt lat="-3.46544925" lon="129.54622895">
   <ele>20.325</ele>
  </trkpt>
  <trkpt lat="-3.46545001" lon="129.54611488">
   <ele>20.325</ele>
  </trkpt>
 </trkseg>
</trk>
<trk>
 <name>Return to Way Wuhu</name>
 <trkseg>
  <trkpt lat="-3.17400042" lon="129.47279334">
   <ele>2731.243</ele>
  </trkpt>
  <trkpt lat="-3.17399497" lon="129.47280105">
   <ele>2732.204</ele>
  </trkpt>
  <trkpt lat="-3.17399338" lon="129.47280214">
   <ele>2730.281</ele>
  </trkpt>
  <trkpt lat="-3.17399338" lon="129.47280264">
   <ele>2733.646</ele>
  </trkpt>
  <trkpt lat="-3.17398977" lon="129.47280499">
   <ele>2731.724</ele>
  </trkpt>
  <trkpt lat="-3.17398198" lon="129.47278789">
   <ele>2728.839</ele>
  </trkpt>
  <trkpt lat="-3.17395424" lon="129.47277683">
   <ele>2728.839</ele>
  </trkpt>
  <trkpt lat="-3.17393705" lon="129.47281254">
   <ele>2726.436</ele>
  </trkpt>
  <trkpt lat="-3.17391216" lon="129.47276132">
   <ele>2724.033</ele>
  </trkpt>
  <trkpt lat="-3.17387729" lon="129.47279049">
   <ele>2720.668</ele>
  </trkpt>
  <trkpt lat="-3.17384359" lon="129.47279435">
   <ele>2718.746</ele>
  </trkpt>
  <trkpt lat="-3.17383932" lon="129.47279854">
   <ele>2717.785</ele>
  </trkpt>
  <trkpt lat="-3.17381174" lon="129.47281589">
   <ele>2714.42</ele>
  </trkpt>
  <trkpt lat="-3.17379230" lon="129.47281522">
   <ele>2714.42</ele>
  </trkpt>
  <trkpt lat="-3.17375072" lon="129.47281279">
   <ele>2712.497</ele>
  </trkpt>
  <trkpt lat="-3.17371552" lon="129.47281689">
   <ele>2709.613</ele>
  </trkpt>
  <trkpt lat="-3.17371200" lon="129.47281815">
   <ele>2709.613</ele>
  </trkpt>
  <trkpt lat="-3.17369423" lon="129.47281438">
   <ele>2707.69</ele>
  </trkpt>
  <trkpt lat="-3.17365869" lon="129.47280725">
   <ele>2705.287</ele>
  </trkpt>
  <trkpt lat="-3.17364469" lon="129.47280985">
   <ele>2703.364</ele>
  </trkpt>
  <trkpt lat="-3.17361150" lon="129.47280692">
   <ele>2702.884</ele>
  </trkpt>
  <trkpt lat="-3.17356079" lon="129.47284883">
   <ele>2700</ele>
  </trkpt>
  <trkpt lat="-3.17352332" lon="129.47285947">
   <ele>2699.039</ele>
  </trkpt>
  <trkpt lat="-3.17349248" lon="129.47282486">
   <ele>2696.155</ele>
  </trkpt>
  <trkpt lat="-3.17344763" lon="129.47280399">
   <ele>2694.713</ele>
  </trkpt>
  <trkpt lat="-3.17339349" lon="129.47279074">
   <ele>2691.348</ele>
  </trkpt>
  <trkpt lat="-3.17338108" lon="129.47273660">
   <ele>2687.983</ele>
  </trkpt>
  <trkpt lat="-3.17337907" lon="129.47273375">
   <ele>2688.464</ele>
  </trkpt>
  <trkpt lat="-3.17334412" lon="129.47269745">
   <ele>2687.022</ele>
  </trkpt>
  <trkpt lat="-3.17331637" lon="129.47271916">
   <ele>2684.619</ele>
  </trkpt>
  <trkpt lat="-3.17330556" lon="129.47268899">
   <ele>2683.177</ele>
  </trkpt>
  <trkpt lat="-3.17327773" lon="129.47272394">
   <ele>2683.658</ele>
  </trkpt>
  <trkpt lat="-3.17328729" lon="129.47277130">
   <ele>2685.1</ele>
  </trkpt>
  <trkpt lat="-3.17332802" lon="129.47271975">
   <ele>2685.1</ele>
  </trkpt>
  <trkpt lat="-3.17327228" lon="129.47278898">
   <ele>2683.658</ele>
  </trkpt>
  <trkpt lat="-3.17326994" lon="129.47279410">
   <ele>2682.216</ele>
  </trkpt>
  <trkpt lat="-3.17326499" lon="129.47281119">
   <ele>2678.851</ele>
  </trkpt>
  <trkpt lat="-3.17326558" lon="129.47282846">
   <ele>2678.371</ele>
  </trkpt>
  <trkpt lat="-3.17323867" lon="129.47285889">
   <ele>2676.448</ele>
  </trkpt>
  <trkpt lat="-3.17321973" lon="129.47284724">
   <ele>2675.005</ele>
  </trkpt>
  <trkpt lat="-3.17317748" lon="129.47282804">
   <ele>2673.563</ele>
  </trkpt>
  <trkpt lat="-3.17316843" lon="129.47283207">
   <ele>2672.602</ele>
  </trkpt>
  <trkpt lat="-3.17315276" lon="129.47281564">
   <ele>2671.641</ele>
  </trkpt>
  <trkpt lat="-3.17314228" lon="129.47280533">
   <ele>2671.16</ele>
  </trkpt>
  <trkpt lat="-3.17313407" lon="129.47280985">
   <ele>2669.238</ele>
  </trkpt>
  <trkpt lat="-3.17312057" lon="129.47282176">
   <ele>2667.796</ele>
  </trkpt>
  <trkpt lat="-3.17309727" lon="129.47283424">
   <ele>2664.912</ele>
  </trkpt>
  <trkpt lat="-3.17309073" lon="129.47284824">
   <ele>2664.912</ele>
  </trkpt>
  <trkpt lat="-3.17304974" lon="129.47284296">
   <ele>2662.028</ele>
  </trkpt>
  <trkpt lat="-3.17301722" lon="129.47283768">
   <ele>2659.625</ele>
  </trkpt>
  <trkpt lat="-3.17300842" lon="129.47285067">
   <ele>2659.625</ele>
  </trkpt>
  <trkpt lat="-3.17298445" lon="129.47284975">
   <ele>2658.183</ele>
  </trkpt>
  <trkpt lat="-3.17297389" lon="129.47287397">
   <ele>2656.741</ele>
  </trkpt>
  <trkpt lat="-3.17297246" lon="129.47287959">
   <ele>2654.818</ele>
  </trkpt>
  <trkpt lat="-3.17295000" lon="129.47287682">
   <ele>2652.415</ele>
  </trkpt>
  <trkpt lat="-3.17293516" lon="129.47287884">
   <ele>2650.492</ele>
  </trkpt>
  <trkpt lat="-3.17293223" lon="129.47288680">
   <ele>2648.089</ele>
  </trkpt>
  <trkpt lat="-3.17293257" lon="129.47290147">
   <ele>2647.608</ele>
  </trkpt>
  <trkpt lat="-3.17292469" lon="129.47292896">
   <ele>2645.205</ele>
  </trkpt>
  <trkpt lat="-3.17290893" lon="129.47293768">
   <ele>2643.763</ele>
  </trkpt>
  <trkpt lat="-3.17287624" lon="129.47292988">
   <ele>2641.359</ele>
  </trkpt>
  <trkpt lat="-3.17285009" lon="129.47291085">
   <ele>2640.398</ele>
  </trkpt>
  <trkpt lat="-3.17284305" lon="129.47291194">
   <ele>2639.917</ele>
  </trkpt>
  <trkpt lat="-3.17282855" lon="129.47290809">
   <ele>2637.514</ele>
  </trkpt>
  <trkpt lat="-3.17280432" lon="129.47288814">
   <ele>2635.591</ele>
  </trkpt>
  <trkpt lat="-3.17277163" lon="129.47287498">
   <ele>2633.188</ele>
  </trkpt>
  <trkpt lat="-3.17276962" lon="129.47287942">
   <ele>2633.669</ele>
  </trkpt>
  <trkpt lat="-3.17277960" lon="129.47290935">
   <ele>2632.227</ele>
  </trkpt>
  <trkpt lat="-3.17279133" lon="129.47294774">
   <ele>2629.824</ele>
  </trkpt>
  <trkpt lat="-3.17277188" lon="129.47298017">
   <ele>2627.901</ele>
  </trkpt>
  <trkpt lat="-3.17275604" lon="129.47302502">
   <ele>2625.979</ele>
  </trkpt>
  <trkpt lat="-3.17276116" lon="129.47305905">
   <ele>2623.575</ele>
  </trkpt>
  <trkpt lat="-3.17277264" lon="129.47304497">
   <ele>2624.056</ele>
  </trkpt>
  <trkpt lat="-3.17277214" lon="129.47307682">
   <ele>2623.095</ele>
  </trkpt>
  <trkpt lat="-3.17279443" lon="129.47312778">
   <ele>2620.691</ele>
  </trkpt>
  <trkpt lat="-3.17278446" lon="129.47317053">
   <ele>2619.25</ele>
  </trkpt>
  <trkpt lat="-3.17276459" lon="129.47320246">
   <ele>2618.769</ele>
  </trkpt>
  <trkpt lat="-3.17276266" lon="129.47323532">
   <ele>2615.404</ele>
  </trkpt>
  <trkpt lat="-3.17276543" lon="129.47326147">
   <ele>2613.001</ele>
  </trkpt>
  <trkpt lat="-3.17276644" lon="129.47326382">
   <ele>2613.001</ele>
  </trkpt>
  <trkpt lat="-3.17276518" lon="129.47331386">
   <ele>2612.04</ele>
  </trkpt>
  <trkpt lat="-3.17275546" lon="129.47334596">
   <ele>2609.636</ele>
  </trkpt>
  <trkpt lat="-3.17273978" lon="129.47338653">
   <ele>2609.155</ele>
  </trkpt>
  <trkpt lat="-3.17275814" lon="129.47338862">
   <ele>2607.232</ele>
  </trkpt>
  <trkpt lat="-3.17276342" lon="129.47341033">
   <ele>2604.349</ele>
  </trkpt>
  <trkpt lat="-3.17277767" lon="129.47343145">
   <ele>2603.387</ele>
  </trkpt>
  <trkpt lat="-3.17275244" lon="129.47345476">
   <ele>2601.465</ele>
  </trkpt>
  <trkpt lat="-3.17275428" lon="129.47346725">
   <ele>2600.023</ele>
  </trkpt>
  <trkpt lat="-3.17278169" lon="129.47348627">
   <ele>2600.023</ele>
  </trkpt>
  <trkpt lat="-3.17277608" lon="129.47349968">
   <ele>2596.178</ele>
  </trkpt>
  <trkpt lat="-3.17277130" lon="129.47352952">
   <ele>2595.216</ele>
  </trkpt>
  <trkpt lat="-3.17277205" lon="129.47356515">
   <ele>2591.852</ele>
  </trkpt>
  <trkpt lat="-3.17276560" lon="129.47357328">
   <ele>2590.41</ele>
  </trkpt>
  <trkpt lat="-3.17273970" lon="129.47358954">
   <ele>2589.929</ele>
  </trkpt>
  <trkpt lat="-3.17273928" lon="129.47361636">
   <ele>2589.448</ele>
  </trkpt>
  <trkpt lat="-3.17272838" lon="129.47360085">
   <ele>2588.007</ele>
  </trkpt>
  <trkpt lat="-3.17270759" lon="129.47358275">
   <ele>2588.487</ele>
  </trkpt>
  <trkpt lat="-3.17271749" lon="129.47360027">
   <ele>2588.487</ele>
  </trkpt>
  <trkpt lat="-3.17270240" lon="129.47358543">
   <ele>2588.487</ele>
  </trkpt>
  <trkpt lat="-3.17270106" lon="129.47359717">
   <ele>2587.045</ele>
  </trkpt>
  <trkpt lat="-3.17268346" lon="129.47361879">
   <ele>2586.084</ele>
  </trkpt>
  <trkpt lat="-3.17264582" lon="129.47362642">
   <ele>2584.161</ele>
  </trkpt>
  <trkpt lat="-3.17264314" lon="129.47363555">
   <ele>2583.2</ele>
  </trkpt>
  <trkpt lat="-3.17263643" lon="129.47363446">
   <ele>2581.758</ele>
  </trkpt>
  <trkpt lat="-3.17259595" lon="129.47362944">
   <ele>2579.835</ele>
  </trkpt>
  <trkpt lat="-3.17260307" lon="129.47364327">
   <ele>2580.797</ele>
  </trkpt>
  <trkpt lat="-3.17259947" lon="129.47364436">
   <ele>2580.797</ele>
  </trkpt>
  <trkpt lat="-3.17259368" lon="129.47363229">
   <ele>2577.432</ele>
  </trkpt>
  <trkpt lat="-3.17259209" lon="129.47363254">
   <ele>2577.913</ele>
  </trkpt>
  <trkpt lat="-3.17258304" lon="129.47364209">
   <ele>2579.835</ele>
  </trkpt>
  <trkpt lat="-3.17260953" lon="129.47365902">
   <ele>2579.835</ele>
  </trkpt>
  <trkpt lat="-3.17257935" lon="129.47369892">
   <ele>2580.797</ele>
  </trkpt>
  <trkpt lat="-3.17254222" lon="129.47364570">
   <ele>2578.874</ele>
  </trkpt>
  <trkpt lat="-3.17249738" lon="129.47365165">
   <ele>2576.471</ele>
  </trkpt>
  <trkpt lat="-3.17247734" lon="129.47363488">
   <ele>2573.106</ele>
  </trkpt>
  <trkpt lat="-3.17244424" lon="129.47365617">
   <ele>2571.183</ele>
  </trkpt>
  <trkpt lat="-3.17242269" lon="129.47361100">
   <ele>2572.625</ele>
  </trkpt>
  <trkpt lat="-3.17240953" lon="129.47363019">
   <ele>2569.261</ele>
  </trkpt>
  <trkpt lat="-3.17227987" lon="129.47367788">
   <ele>2565.416</ele>
  </trkpt>
  <trkpt lat="-3.17227677" lon="129.47367922">
   <ele>2565.416</ele>
  </trkpt>
  <trkpt lat="-3.17217937" lon="129.47366229">
   <ele>2563.493</ele>
  </trkpt>
  <trkpt lat="-3.17215506" lon="129.47365819">
   <ele>2560.128</ele>
  </trkpt>
  <trkpt lat="-3.17214299" lon="129.47366162">
   <ele>2559.647</ele>
  </trkpt>
  <trkpt lat="-3.17210720" lon="129.47371694">
   <ele>2559.647</ele>
  </trkpt>
  <trkpt lat="-3.17205154" lon="129.47372113">
   <ele>2557.725</ele>
  </trkpt>
  <trkpt lat="-3.17200427" lon="129.47371996">
   <ele>2558.206</ele>
  </trkpt>
  <trkpt lat="-3.17199656" lon="129.47374016">
   <ele>2555.322</ele>
  </trkpt>
  <trkpt lat="-3.17197368" lon="129.47374309">
   <ele>2553.88</ele>
  </trkpt>
  <trkpt lat="-3.17191056" lon="129.47377008">
   <ele>2552.918</ele>
  </trkpt>
  <trkpt lat="-3.17189916" lon="129.47380009">
   <ele>2550.515</ele>
  </trkpt>
  <trkpt lat="-3.17186035" lon="129.47383018">
   <ele>2547.15</ele>
  </trkpt>
  <trkpt lat="-3.17186354" lon="129.47382960">
   <ele>2546.67</ele>
  </trkpt>
  <trkpt lat="-3.17185264" lon="129.47385675">
   <ele>2546.67</ele>
  </trkpt>
  <trkpt lat="-3.17185474" lon="129.47386237">
   <ele>2546.189</ele>
  </trkpt>
  <trkpt lat="-3.17183487" lon="129.47393370">
   <ele>2543.786</ele>
  </trkpt>
  <trkpt lat="-3.17180034" lon="129.47396446">
   <ele>2542.824</ele>
  </trkpt>
  <trkpt lat="-3.17177318" lon="129.47400142">
   <ele>2539.94</ele>
  </trkpt>
  <trkpt lat="-3.17171778" lon="129.47408290">
   <ele>2537.056</ele>
  </trkpt>
  <trkpt lat="-3.17172993" lon="129.47405046">
   <ele>2537.537</ele>
  </trkpt>
  <trkpt lat="-3.17169447" lon="129.47405985">
   <ele>2538.018</ele>
  </trkpt>
  <trkpt lat="-3.17167184" lon="129.47405842">
   <ele>2538.979</ele>
  </trkpt>
  <trkpt lat="-3.17162918" lon="129.47407292">
   <ele>2535.134</ele>
  </trkpt>
  <trkpt lat="-3.17162792" lon="129.47407359">
   <ele>2539.46</ele>
  </trkpt>
  <trkpt lat="-3.17160873" lon="129.47408139">
   <ele>2535.615</ele>
  </trkpt>
  <trkpt lat="-3.17160093" lon="129.47408499">
   <ele>2538.979</ele>
  </trkpt>
  <trkpt lat="-3.17160345" lon="129.47408139">
   <ele>2536.095</ele>
  </trkpt>
  <trkpt lat="-3.17164410" lon="129.47407275">
   <ele>2539.94</ele>
  </trkpt>
  <trkpt lat="-3.17166732" lon="129.47407284">
   <ele>2538.979</ele>
  </trkpt>
  <trkpt lat="-3.17173244" lon="129.47406412">
   <ele>2538.499</ele>
  </trkpt>
  <trkpt lat="-3.17174686" lon="129.47406253">
   <ele>2536.576</ele>
  </trkpt>
  <trkpt lat="-3.17175088" lon="129.47406580">
   <ele>2540.902</ele>
  </trkpt>
  <trkpt lat="-3.17175248" lon="129.47406236">
   <ele>2537.537</ele>
  </trkpt>
  <trkpt lat="-3.17176379" lon="129.47406127">
   <ele>2534.173</ele>
  </trkpt>
  <trkpt lat="-3.17176379" lon="129.47405767">
   <ele>2539.46</ele>
  </trkpt>
  <trkpt lat="-3.17177050" lon="129.47406379">
   <ele>2535.615</ele>
  </trkpt>
  <trkpt lat="-3.17177000" lon="129.47406513">
   <ele>2538.979</ele>
  </trkpt>
  <trkpt lat="-3.17175826" lon="129.47406052">
   <ele>2536.095</ele>
  </trkpt>
  <trkpt lat="-3.17176128" lon="129.47406144">
   <ele>2536.095</ele>
  </trkpt>
  <trkpt lat="-3.17171803" lon="129.47406462">
   <ele>2536.095</ele>
  </trkpt>
  <trkpt lat="-3.17170344" lon="129.47392289">
   <ele>2532.73</ele>
  </trkpt>
  <trkpt lat="-3.17168836" lon="129.47386103">
   <ele>2533.211</ele>
  </trkpt>
  <trkpt lat="-3.17165885" lon="129.47384317">
   <ele>2530.327</ele>
  </trkpt>
  <trkpt lat="-3.17165466" lon="129.47377159">
   <ele>2529.366</ele>
  </trkpt>
  <trkpt lat="-3.17159557" lon="129.47364477">
   <ele>2526.001</ele>
  </trkpt>
  <trkpt lat="-3.17153379" lon="129.47360253">
   <ele>2524.56</ele>
  </trkpt>
  <trkpt lat="-3.17147512" lon="129.47347437">
   <ele>2525.521</ele>
  </trkpt>
  <trkpt lat="-3.17143640" lon="129.47343917">
   <ele>2521.675</ele>
  </trkpt>
  <trkpt lat="-3.17142944" lon="129.47343556">
   <ele>2521.675</ele>
  </trkpt>
  <trkpt lat="-3.17137940" lon="129.47341167">
   <ele>2521.195</ele>
  </trkpt>
  <trkpt lat="-3.17136724" lon="129.47337873">
   <ele>2520.233</ele>
  </trkpt>
  <trkpt lat="-3.17136699" lon="129.47335568">
   <ele>2516.869</ele>
  </trkpt>
  <trkpt lat="-3.17134453" lon="129.47324186">
   <ele>2516.388</ele>
  </trkpt>
  <trkpt lat="-3.17133045" lon="129.47318913">
   <ele>2513.024</ele>
  </trkpt>
  <trkpt lat="-3.17133573" lon="129.47312166">
   <ele>2512.062</ele>
  </trkpt>
  <trkpt lat="-3.17134528" lon="129.47302468">
   <ele>2513.985</ele>
  </trkpt>
  <trkpt lat="-3.17128376" lon="129.47306156">
   <ele>2513.985</ele>
  </trkpt>
  <trkpt lat="-3.17129516" lon="129.47312585">
   <ele>2512.062</ele>
  </trkpt>
  <trkpt lat="-3.17126356" lon="129.47309559">
   <ele>2509.178</ele>
  </trkpt>
  <trkpt lat="-3.17120128" lon="129.47306248">
   <ele>2507.736</ele>
  </trkpt>
  <trkpt lat="-3.17121168" lon="129.47306852">
   <ele>2507.736</ele>
  </trkpt>
  <trkpt lat="-3.17120564" lon="129.47308989">
   <ele>2507.256</ele>
  </trkpt>
  <trkpt lat="-3.17118024" lon="129.47305175">
   <ele>2507.736</ele>
  </trkpt>
  <trkpt lat="-3.17116993" lon="129.47305167">
   <ele>2508.698</ele>
  </trkpt>
  <trkpt lat="-3.17116189" lon="129.47304689">
   <ele>2508.698</ele>
  </trkpt>
  <trkpt lat="-3.17118343" lon="129.47306466">
   <ele>2508.217</ele>
  </trkpt>
  <trkpt lat="-3.17122333" lon="129.47306508">
   <ele>2507.736</ele>
  </trkpt>
  <trkpt lat="-3.17126675" lon="129.47306843">
   <ele>2511.101</ele>
  </trkpt>
  <trkpt lat="-3.17120698" lon="129.47306366">
   <ele>2513.504</ele>
  </trkpt>
  <trkpt lat="-3.17122492" lon="129.47305553">
   <ele>2509.659</ele>
  </trkpt>
  <trkpt lat="-3.17128720" lon="129.47307279">
   <ele>2511.101</ele>
  </trkpt>
  <trkpt lat="-3.17121084" lon="129.47306776">
   <ele>2511.101</ele>
  </trkpt>
  <trkpt lat="-3.17115543" lon="129.47305838">
   <ele>2510.14</ele>
  </trkpt>
  <trkpt lat="-3.17112803" lon="129.47305092">
   <ele>2508.217</ele>
  </trkpt>
  <trkpt lat="-3.17109919" lon="129.47304480">
   <ele>2506.775</ele>
  </trkpt>
  <trkpt lat="-3.17108997" lon="129.47302963">
   <ele>2505.333</ele>
  </trkpt>
  <trkpt lat="-3.17102476" lon="129.47305653">
   <ele>2504.372</ele>
  </trkpt>
  <trkpt lat="-3.17099106" lon="129.47304245">
   <ele>2501.488</ele>
  </trkpt>
  <trkpt lat="-3.17100540" lon="129.47300834">
   <ele>2498.604</ele>
  </trkpt>
  <trkpt lat="-3.17097179" lon="129.47306684">
   <ele>2495.72</ele>
  </trkpt>
  <trkpt lat="-3.17090875" lon="129.47309299">
   <ele>2492.355</ele>
  </trkpt>
  <trkpt lat="-3.17084522" lon="129.47306106">
   <ele>2488.99</ele>
  </trkpt>
  <trkpt lat="-3.17080960" lon="129.47306584">
   <ele>2487.549</ele>
  </trkpt>
  <trkpt lat="-3.17080247" lon="129.47304882">
   <ele>2484.665</ele>
  </trkpt>
  <trkpt lat="-3.17067549" lon="129.47304983">
   <ele>2481.3</ele>
  </trkpt>
  <trkpt lat="-3.17068186" lon="129.47300389">
   <ele>2480.339</ele>
  </trkpt>
  <trkpt lat="-3.17058882" lon="129.47298269">
   <ele>2478.416</ele>
  </trkpt>
  <trkpt lat="-3.17052109" lon="129.47294648">
   <ele>2476.013</ele>
  </trkpt>
  <trkpt lat="-3.17042302" lon="129.47294028">
   <ele>2476.494</ele>
  </trkpt>
  <trkpt lat="-3.17036888" lon="129.47293106">
   <ele>2479.377</ele>
  </trkpt>
  <trkpt lat="-3.17030434" lon="129.47293709">
   <ele>2480.339</ele>
  </trkpt>
  <trkpt lat="-3.17028020" lon="129.47291739">
   <ele>2476.974</ele>
  </trkpt>
  <trkpt lat="-3.17027525" lon="129.47292837">
   <ele>2476.494</ele>
  </trkpt>
  <trkpt lat="-3.17022999" lon="129.47288680">
   <ele>2476.974</ele>
  </trkpt>
  <trkpt lat="-3.17019110" lon="129.47286978">
   <ele>2476.974</ele>
  </trkpt>
  <trkpt lat="-3.17015229" lon="129.47287892">
   <ele>2476.494</ele>
  </trkpt>
  <trkpt lat="-3.17007165" lon="129.47290524">
   <ele>2476.494</ele>
  </trkpt>
  <trkpt lat="-3.17006319" lon="129.47290365">
   <ele>2475.051</ele>
  </trkpt>
  <trkpt lat="-3.17002446" lon="129.47291454">
   <ele>2473.609</ele>
  </trkpt>
  <trkpt lat="-3.17000024" lon="129.47296215">
   <ele>2471.206</ele>
  </trkpt>
  <trkpt lat="-3.16993972" lon="129.47297833">
   <ele>2467.842</ele>
  </trkpt>
  <trkpt lat="-3.16987200" lon="129.47295226">
   <ele>2467.361</ele>
  </trkpt>
  <trkpt lat="-3.16980737" lon="129.47290834">
   <ele>2466.88</ele>
  </trkpt>
  <trkpt lat="-3.16975163" lon="129.47288378">
   <ele>2467.361</ele>
  </trkpt>
  <trkpt lat="-3.16974367" lon="129.47287716">
   <ele>2466.88</ele>
  </trkpt>
  <trkpt lat="-3.16966547" lon="129.47289770">
   <ele>2466.88</ele>
  </trkpt>
  <trkpt lat="-3.16959833" lon="129.47290247">
   <ele>2466.88</ele>
  </trkpt>
  <trkpt lat="-3.16950663" lon="129.47290909">
   <ele>2465.438</ele>
  </trkpt>
  <trkpt lat="-3.16948534" lon="129.47290809">
   <ele>2463.035</ele>
  </trkpt>
  <trkpt lat="-3.16945240" lon="129.47286492">
   <ele>2462.554</ele>
  </trkpt>
  <trkpt lat="-3.16938266" lon="129.47281522">
   <ele>2461.593</ele>
  </trkpt>
  <trkpt lat="-3.16934570" lon="129.47283659">
   <ele>2461.593</ele>
  </trkpt>
  <trkpt lat="-3.16930538" lon="129.47286869">
   <ele>2458.228</ele>
  </trkpt>
  <trkpt lat="-3.16926355" lon="129.47290205">
   <ele>2456.786</ele>
  </trkpt>
  <trkpt lat="-3.16924897" lon="129.47290784">
   <ele>2457.748</ele>
  </trkpt>
  <trkpt lat="-3.16923204" lon="129.47291714">
   <ele>2458.709</ele>
  </trkpt>
  <trkpt lat="-3.16921527" lon="129.47289015">
   <ele>2460.151</ele>
  </trkpt>
  <trkpt lat="-3.16916507" lon="129.47285327">
   <ele>2460.151</ele>
  </trkpt>
  <trkpt lat="-3.16921494" lon="129.47280868">
   <ele>2460.151</ele>
  </trkpt>
  <trkpt lat="-3.16918502" lon="129.47280072">
   <ele>2461.593</ele>
  </trkpt>
  <trkpt lat="-3.16914537" lon="129.47281765">
   <ele>2462.074</ele>
  </trkpt>
  <trkpt lat="-3.16906457" lon="129.47285059">
   <ele>2460.151</ele>
  </trkpt>
  <trkpt lat="-3.16901822" lon="129.47286660">
   <ele>2458.709</ele>
  </trkpt>
  <trkpt lat="-3.16891604" lon="129.47288152">
   <ele>2459.67</ele>
  </trkpt>
  <trkpt lat="-3.16883323" lon="129.47293089">
   <ele>2458.709</ele>
  </trkpt>
  <trkpt lat="-3.16882049" lon="129.47294212">
   <ele>2461.113</ele>
  </trkpt>
  <trkpt lat="-3.16875000" lon="129.47293575">
   <ele>2462.074</ele>
  </trkpt>
  <trkpt lat="-3.16875746" lon="129.47298688">
   <ele>2464.477</ele>
  </trkpt>
  <trkpt lat="-3.16875502" lon="129.47299878">
   <ele>2465.438</ele>
  </trkpt>
  <trkpt lat="-3.16876173" lon="129.47296282">
   <ele>2468.803</ele>
  </trkpt>
  <trkpt lat="-3.16876139" lon="129.47296433">
   <ele>2468.803</ele>
  </trkpt>
  <trkpt lat="-3.16874815" lon="129.47297213">
   <ele>2465.438</ele>
  </trkpt>
  <trkpt lat="-3.16873373" lon="129.47298713">
   <ele>2468.803</ele>
  </trkpt>
  <trkpt lat="-3.16874136" lon="129.47299509">
   <ele>2465.438</ele>
  </trkpt>
  <trkpt lat="-3.16876114" lon="129.47299870">
   <ele>2462.554</ele>
  </trkpt>
  <trkpt lat="-3.16874337" lon="129.47304572">
   <ele>2461.593</ele>
  </trkpt>
  <trkpt lat="-3.16868076" lon="129.47306148">
   <ele>2462.554</ele>
  </trkpt>
  <trkpt lat="-3.16867196" lon="129.47309417">
   <ele>2461.593</ele>
  </trkpt>
  <trkpt lat="-3.16860725" lon="129.47309869">
   <ele>2463.035</ele>
  </trkpt>
  <trkpt lat="-3.16853500" lon="129.47311906">
   <ele>2463.996</ele>
  </trkpt>
  <trkpt lat="-3.16852008" lon="129.47311923">
   <ele>2467.361</ele>
  </trkpt>
  <trkpt lat="-3.16845026" lon="129.47314546">
   <ele>2469.284</ele>
  </trkpt>
  <trkpt lat="-3.16836937" lon="129.47314915">
   <ele>2471.206</ele>
  </trkpt>
  <trkpt lat="-3.16838815" lon="129.47319416">
   <ele>2472.648</ele>
  </trkpt>
  <trkpt lat="-3.16839259" lon="129.47319777">
   <ele>2473.129</ele>
  </trkpt>
  <trkpt lat="-3.16844556" lon="129.47322208">
   <ele>2476.013</ele>
  </trkpt>
  <trkpt lat="-3.16844548" lon="129.47318117">
   <ele>2475.051</ele>
  </trkpt>
  <trkpt lat="-3.16847582" lon="129.47318260">
   <ele>2475.051</ele>
  </trkpt>
  <trkpt lat="-3.16840156" lon="129.47322987">
   <ele>2477.455</ele>
  </trkpt>
  <trkpt lat="-3.16835395" lon="129.47324404">
   <ele>2476.974</ele>
  </trkpt>
  <trkpt lat="-3.16831967" lon="129.47322945">
   <ele>2478.897</ele>
  </trkpt>
  <trkpt lat="-3.16825747" lon="129.47322543">
   <ele>2481.3</ele>
  </trkpt>
  <trkpt lat="-3.16821582" lon="129.47322266">
   <ele>2483.703</ele>
  </trkpt>
  <trkpt lat="-3.16818388" lon="129.47322300">
   <ele>2484.184</ele>
  </trkpt>
  <trkpt lat="-3.16817852" lon="129.47322685">
   <ele>2485.626</ele>
  </trkpt>
  <trkpt lat="-3.16817793" lon="129.47322216">
   <ele>2474.571</ele>
  </trkpt>
  <trkpt lat="-3.16817877" lon="129.47322015">
   <ele>2477.455</ele>
  </trkpt>
  <trkpt lat="-3.16817952" lon="129.47321855">
   <ele>2484.184</ele>
  </trkpt>
  <trkpt lat="-3.16817986" lon="129.47321797">
   <ele>2483.223</ele>
  </trkpt>
  <trkpt lat="-3.16818070" lon="129.47321696">
   <ele>2482.261</ele>
  </trkpt>
  <trkpt lat="-3.16818229" lon="129.47321503">
   <ele>2478.897</ele>
  </trkpt>
  <trkpt lat="-3.16818187" lon="129.47321327">
   <ele>2483.703</ele>
  </trkpt>
  <trkpt lat="-3.16818204" lon="129.47321403">
   <ele>2484.665</ele>
  </trkpt>
  <trkpt lat="-3.16817156" lon="129.47322224">
   <ele>2485.145</ele>
  </trkpt>
  <trkpt lat="-3.16816754" lon="129.47322736">
   <ele>2483.703</ele>
  </trkpt>
  <trkpt lat="-3.16816737" lon="129.47322744">
   <ele>2485.145</ele>
  </trkpt>
  <trkpt lat="-3.16816083" lon="129.47321822">
   <ele>2482.742</ele>
  </trkpt>
  <trkpt lat="-3.16818933" lon="129.47323037">
   <ele>2483.223</ele>
  </trkpt>
  <trkpt lat="-3.16817994" lon="129.47322819">
   <ele>2482.742</ele>
  </trkpt>
  <trkpt lat="-3.16815949" lon="129.47324328">
   <ele>2484.665</ele>
  </trkpt>
  <trkpt lat="-3.16810333" lon="129.47325669">
   <ele>2485.626</ele>
  </trkpt>
  <trkpt lat="-3.16804944" lon="129.47328787">
   <ele>2485.626</ele>
  </trkpt>
  <trkpt lat="-3.16802328" lon="129.47328418">
   <ele>2488.51</ele>
  </trkpt>
  <trkpt lat="-3.16799755" lon="129.47328695">
   <ele>2488.51</ele>
  </trkpt>
  <trkpt lat="-3.16798179" lon="129.47328779">
   <ele>2491.875</ele>
  </trkpt>
  <trkpt lat="-3.16794575" lon="129.47330254">
   <ele>2489.952</ele>
  </trkpt>
  <trkpt lat="-3.16792907" lon="129.47328184">
   <ele>2492.355</ele>
  </trkpt>
  <trkpt lat="-3.16791985" lon="129.47327815">
   <ele>2492.836</ele>
  </trkpt>
  <trkpt lat="-3.16789890" lon="129.47327974">
   <ele>2494.278</ele>
  </trkpt>
  <trkpt lat="-3.16787652" lon="129.47330589">
   <ele>2493.317</ele>
  </trkpt>
  <trkpt lat="-3.16784475" lon="129.47331897">
   <ele>2492.836</ele>
  </trkpt>
  <trkpt lat="-3.16777258" lon="129.47331503">
   <ele>2493.317</ele>
  </trkpt>
  <trkpt lat="-3.16767904" lon="129.47331998">
   <ele>2492.836</ele>
  </trkpt>
  <trkpt lat="-3.16760427" lon="129.47336826">
   <ele>2489.952</ele>
  </trkpt>
  <trkpt lat="-3.16751886" lon="129.47335568">
   <ele>2491.394</ele>
  </trkpt>
  <trkpt lat="-3.16751425" lon="129.47335074">
   <ele>2491.875</ele>
  </trkpt>
  <trkpt lat="-3.16745642" lon="129.47334143">
   <ele>2493.797</ele>
  </trkpt>
  <trkpt lat="-3.16738735" lon="129.47329726">
   <ele>2493.317</ele>
  </trkpt>
  <trkpt lat="-3.16735759" lon="129.47330539">
   <ele>2490.913</ele>
  </trkpt>
  <trkpt lat="-3.16729079" lon="129.47333599">
   <ele>2487.549</ele>
  </trkpt>
  <trkpt lat="-3.16728802" lon="129.47333096">
   <ele>2487.068</ele>
  </trkpt>
  <trkpt lat="-3.16717043" lon="129.47330832">
   <ele>2486.587</ele>
  </trkpt>
  <trkpt lat="-3.16713874" lon="129.47332869">
   <ele>2483.223</ele>
  </trkpt>
  <trkpt lat="-3.16712449" lon="129.47333196">
   <ele>2482.742</ele>
  </trkpt>
  <trkpt lat="-3.16705786" lon="129.47330506">
   <ele>2480.82</ele>
  </trkpt>
  <trkpt lat="-3.16702534" lon="129.47322593">
   <ele>2479.858</ele>
  </trkpt>
  <trkpt lat="-3.16697362" lon="129.47316885">
   <ele>2478.416</ele>
  </trkpt>
  <trkpt lat="-3.16690832" lon="129.47318167">
   <ele>2476.974</ele>
  </trkpt>
  <trkpt lat="-3.16690355" lon="129.47320255">
   <ele>2474.09</ele>
  </trkpt>
  <trkpt lat="-3.16679609" lon="129.47319156">
   <ele>2472.167</ele>
  </trkpt>
  <trkpt lat="-3.16677262" lon="129.47321202">
   <ele>2469.284</ele>
  </trkpt>
  <trkpt lat="-3.16668796" lon="129.47319509">
   <ele>2468.322</ele>
  </trkpt>
  <trkpt lat="-3.16663432" lon="129.47317329">
   <ele>2465.438</ele>
  </trkpt>
  <trkpt lat="-3.16656978" lon="129.47311898">
   <ele>2464.958</ele>
  </trkpt>
  <trkpt lat="-3.16652359" lon="129.47309953">
   <ele>2462.554</ele>
  </trkpt>
  <trkpt lat="-3.16643500" lon="129.47305075">
   <ele>2459.19</ele>
  </trkpt>
  <trkpt lat="-3.16638060" lon="129.47301119">
   <ele>2456.306</ele>
  </trkpt>
  <trkpt lat="-3.16634255" lon="129.47300306">
   <ele>2452.941</ele>
  </trkpt>
  <trkpt lat="-3.16631656" lon="129.47299534">
   <ele>2452.46</ele>
  </trkpt>
  <trkpt lat="-3.16626845" lon="129.47294430">
   <ele>2450.538</ele>
  </trkpt>
  <trkpt lat="-3.16625847" lon="129.47292116">
   <ele>2449.096</ele>
  </trkpt>
  <trkpt lat="-3.16619854" lon="129.47288185">
   <ele>2447.173</ele>
  </trkpt>
  <trkpt lat="-3.16610408" lon="129.47287523">
   <ele>2447.173</ele>
  </trkpt>
  <trkpt lat="-3.16601506" lon="129.47292888">
   <ele>2445.251</ele>
  </trkpt>
  <trkpt lat="-3.16591515" lon="129.47289434">
   <ele>2441.886</ele>
  </trkpt>
  <trkpt lat="-3.16583536" lon="129.47283299">
   <ele>2440.444</ele>
  </trkpt>
  <trkpt lat="-3.16572606" lon="129.47282444">
   <ele>2437.56</ele>
  </trkpt>
  <trkpt lat="-3.16563612" lon="129.47273936">
   <ele>2434.196</ele>
  </trkpt>
  <trkpt lat="-3.16560234" lon="129.47266635">
   <ele>2433.715</ele>
  </trkpt>
  <trkpt lat="-3.16559454" lon="129.47265395">
   <ele>2431.792</ele>
  </trkpt>
  <trkpt lat="-3.16554777" lon="129.47264188">
   <ele>2428.908</ele>
  </trkpt>
  <trkpt lat="-3.16547787" lon="129.47263350">
   <ele>2426.505</ele>
  </trkpt>
  <trkpt lat="-3.16541039" lon="129.47261154">
   <ele>2425.543</ele>
  </trkpt>
  <trkpt lat="-3.16538315" lon="129.47262906">
   <ele>2425.063</ele>
  </trkpt>
  <trkpt lat="-3.16539908" lon="129.47265085">
   <ele>2425.543</ele>
  </trkpt>
  <trkpt lat="-3.16538692" lon="129.47263392">
   <ele>2424.102</ele>
  </trkpt>
  <trkpt lat="-3.16538567" lon="129.47262939">
   <ele>2422.179</ele>
  </trkpt>
  <trkpt lat="-3.16536614" lon="129.47261875">
   <ele>2421.218</ele>
  </trkpt>
  <trkpt lat="-3.16536144" lon="129.47262017">
   <ele>2421.698</ele>
  </trkpt>
  <trkpt lat="-3.16532565" lon="129.47258933">
   <ele>2418.814</ele>
  </trkpt>
  <trkpt lat="-3.16530294" lon="129.47260324">
   <ele>2417.372</ele>
  </trkpt>
  <trkpt lat="-3.16520948" lon="129.47264406">
   <ele>2415.45</ele>
  </trkpt>
  <trkpt lat="-3.16516489" lon="129.47263492">
   <ele>2412.566</ele>
  </trkpt>
  <trkpt lat="-3.16510336" lon="129.47259536">
   <ele>2408.72</ele>
  </trkpt>
  <trkpt lat="-3.16509783" lon="129.47259125">
   <ele>2408.24</ele>
  </trkpt>
  <trkpt lat="-3.16505768" lon="129.47255722">
   <ele>2405.356</ele>
  </trkpt>
  <trkpt lat="-3.16501636" lon="129.47251992">
   <ele>2403.433</ele>
  </trkpt>
  <trkpt lat="-3.16499398" lon="129.47253752">
   <ele>2402.953</ele>
  </trkpt>
  <trkpt lat="-3.16495459" lon="129.47253937">
   <ele>2400.069</ele>
  </trkpt>
  <trkpt lat="-3.16485769" lon="129.47253308">
   <ele>2396.704</ele>
  </trkpt>
  <trkpt lat="-3.16483330" lon="129.47255747">
   <ele>2393.339</ele>
  </trkpt>
  <trkpt lat="-3.16483213" lon="129.47256376">
   <ele>2393.339</ele>
  </trkpt>
  <trkpt lat="-3.16480489" lon="129.47253526">
   <ele>2392.859</ele>
  </trkpt>
  <trkpt lat="-3.16477303" lon="129.47250199">
   <ele>2389.494</ele>
  </trkpt>
  <trkpt lat="-3.16472123" lon="129.47249059">
   <ele>2387.572</ele>
  </trkpt>
  <trkpt lat="-3.16466516" lon="129.47258379">
   <ele>2384.688</ele>
  </trkpt>
  <trkpt lat="-3.16466616" lon="129.47258815">
   <ele>2384.688</ele>
  </trkpt>
  <trkpt lat="-3.16469089" lon="129.47253987">
   <ele>2383.246</ele>
  </trkpt>
  <trkpt lat="-3.16461914" lon="129.47237877">
   <ele>2380.843</ele>
  </trkpt>
  <trkpt lat="-3.16458268" lon="129.47236335">
   <ele>2377.958</ele>
  </trkpt>
  <trkpt lat="-3.16454873" lon="129.47236176">
   <ele>2374.594</ele>
  </trkpt>
  <trkpt lat="-3.16454605" lon="129.47235933">
   <ele>2374.594</ele>
  </trkpt>
  <trkpt lat="-3.16450926" lon="129.47228833">
   <ele>2374.113</ele>
  </trkpt>
  <trkpt lat="-3.16450129" lon="129.47225975">
   <ele>2371.229</ele>
  </trkpt>
  <trkpt lat="-3.16445762" lon="129.47225899">
   <ele>2369.787</ele>
  </trkpt>
  <trkpt lat="-3.16440599" lon="129.47222823">
   <ele>2366.423</ele>
  </trkpt>
  <trkpt lat="-3.16434396" lon="129.47222304">
   <ele>2365.461</ele>
  </trkpt>
  <trkpt lat="-3.16426786" lon="129.47221222">
   <ele>2363.538</ele>
  </trkpt>
  <trkpt lat="-3.16417423" lon="129.47218255">
   <ele>2360.174</ele>
  </trkpt>
  <trkpt lat="-3.16412704" lon="129.47217040">
   <ele>2358.732</ele>
  </trkpt>
  <trkpt lat="-3.16407474" lon="129.47216604">
   <ele>2355.367</ele>
  </trkpt>
  <trkpt lat="-3.16400458" lon="129.47218406">
   <ele>2353.926</ele>
  </trkpt>
  <trkpt lat="-3.16393878" lon="129.47218825">
   <ele>2351.522</ele>
  </trkpt>
  <trkpt lat="-3.16383912" lon="129.47219194">
   <ele>2349.6</ele>
  </trkpt>
  <trkpt lat="-3.16380492" lon="129.47217945">
   <ele>2347.196</ele>
  </trkpt>
  <trkpt lat="-3.16377919" lon="129.47216989">
   <ele>2346.715</ele>
  </trkpt>
  <trkpt lat="-3.16375296" lon="129.47215992">
   <ele>2346.715</ele>
  </trkpt>
  <trkpt lat="-3.16372043" lon="129.47219873">
   <ele>2345.273</ele>
  </trkpt>
  <trkpt lat="-3.16373024" lon="129.47216847">
   <ele>2346.235</ele>
  </trkpt>
  <trkpt lat="-3.16371582" lon="129.47216813">
   <ele>2345.273</ele>
  </trkpt>
  <trkpt lat="-3.16360778" lon="129.47216956">
   <ele>2345.273</ele>
  </trkpt>
  <trkpt lat="-3.16359362" lon="129.47219035">
   <ele>2346.235</ele>
  </trkpt>
  <trkpt lat="-3.16365162" lon="129.47219873">
   <ele>2346.715</ele>
  </trkpt>
  <trkpt lat="-3.16363963" lon="129.47218624">
   <ele>2345.273</ele>
  </trkpt>
  <trkpt lat="-3.16365749" lon="129.47223703">
   <ele>2345.754</ele>
  </trkpt>
  <trkpt lat="-3.16363812" lon="129.47222748">
   <ele>2346.235</ele>
  </trkpt>
  <trkpt lat="-3.16358783" lon="129.47215816">
   <ele>2345.273</ele>
  </trkpt>
  <trkpt lat="-3.16352388" lon="129.47215489">
   <ele>2344.312</ele>
  </trkpt>
  <trkpt lat="-3.16348298" lon="129.47216596">
   <ele>2342.87</ele>
  </trkpt>
  <trkpt lat="-3.16342833" lon="129.47213570">
   <ele>2344.793</ele>
  </trkpt>
  <trkpt lat="-3.16332213" lon="129.47212346">
   <ele>2343.351</ele>
  </trkpt>
  <trkpt lat="-3.16326354" lon="129.47213184">
   <ele>2341.428</ele>
  </trkpt>
  <trkpt lat="-3.16318919" lon="129.47217576">
   <ele>2339.986</ele>
  </trkpt>
  <trkpt lat="-3.16308919" lon="129.47217484">
   <ele>2339.986</ele>
  </trkpt>
  <trkpt lat="-3.16302834" lon="129.47219906">
   <ele>2339.506</ele>
  </trkpt>
  <trkpt lat="-3.16299833" lon="129.47219144">
   <ele>2338.544</ele>
  </trkpt>
  <trkpt lat="-3.16299238" lon="129.47222555">
   <ele>2338.064</ele>
  </trkpt>
  <trkpt lat="-3.16296363" lon="129.47220376">
   <ele>2335.18</ele>
  </trkpt>
  <trkpt lat="-3.16286758" lon="129.47216042">
   <ele>2332.296</ele>
  </trkpt>
  <trkpt lat="-3.16278887" lon="129.47218666">
   <ele>2331.815</ele>
  </trkpt>
  <trkpt lat="-3.16269835" lon="129.47219236">
   <ele>2331.334</ele>
  </trkpt>
  <trkpt lat="-3.16261964" lon="129.47220946">
   <ele>2328.931</ele>
  </trkpt>
  <trkpt lat="-3.16251646" lon="129.47219479">
   <ele>2327.97</ele>
  </trkpt>
  <trkpt lat="-3.16246156" lon="129.47224332">
   <ele>2327.489</ele>
  </trkpt>
  <trkpt lat="-3.16243113" lon="129.47231934">
   <ele>2325.086</ele>
  </trkpt>
  <trkpt lat="-3.16235444" lon="129.47239872">
   <ele>2326.047</ele>
  </trkpt>
  <trkpt lat="-3.16228235" lon="129.47240953">
   <ele>2325.086</ele>
  </trkpt>
  <trkpt lat="-3.16221412" lon="129.47248732">
   <ele>2324.605</ele>
  </trkpt>
  <trkpt lat="-3.16214774" lon="129.47254205">
   <ele>2322.683</ele>
  </trkpt>
  <trkpt lat="-3.16209963" lon="129.47259813">
   <ele>2319.799</ele>
  </trkpt>
  <trkpt lat="-3.16202922" lon="129.47261699">
   <ele>2316.915</ele>
  </trkpt>
  <trkpt lat="-3.16198387" lon="129.47263828">
   <ele>2314.031</ele>
  </trkpt>
  <trkpt lat="-3.16192394" lon="129.47268119">
   <ele>2312.589</ele>
  </trkpt>
  <trkpt lat="-3.16186720" lon="129.47270659">
   <ele>2310.666</ele>
  </trkpt>
  <trkpt lat="-3.16178287" lon="129.47273232">
   <ele>2308.743</ele>
  </trkpt>
  <trkpt lat="-3.16170794" lon="129.47278722">
   <ele>2308.263</ele>
  </trkpt>
  <trkpt lat="-3.16163032" lon="129.47282997">
   <ele>2306.821</ele>
  </trkpt>
  <trkpt lat="-3.16155363" lon="129.47288185">
   <ele>2305.859</ele>
  </trkpt>
  <trkpt lat="-3.16146604" lon="129.47293877">
   <ele>2304.898</ele>
  </trkpt>
  <trkpt lat="-3.16134970" lon="129.47293969">
   <ele>2302.495</ele>
  </trkpt>
  <trkpt lat="-3.16129262" lon="129.47291790">
   <ele>2301.053</ele>
  </trkpt>
  <trkpt lat="-3.16123269" lon="129.47292485">
   <ele>2299.611</ele>
  </trkpt>
  <trkpt lat="-3.16114887" lon="129.47293793">
   <ele>2298.169</ele>
  </trkpt>
  <trkpt lat="-3.16108039" lon="129.47293885">
   <ele>2295.766</ele>
  </trkpt>
  <trkpt lat="-3.16099313" lon="129.47291655">
   <ele>2294.323</ele>
  </trkpt>
  <trkpt lat="-3.16090018" lon="129.47289158">
   <ele>2293.843</ele>
  </trkpt>
  <trkpt lat="-3.16083245" lon="129.47289778">
   <ele>2292.882</ele>
  </trkpt>
  <trkpt lat="-3.16077788" lon="129.47286417">
   <ele>2290.959</ele>
  </trkpt>
  <trkpt lat="-3.16069817" lon="129.47284497">
   <ele>2289.998</ele>
  </trkpt>
  <trkpt lat="-3.16063690" lon="129.47285788">
   <ele>2290.478</ele>
  </trkpt>
  <trkpt lat="-3.16058426" lon="129.47285109">
   <ele>2292.401</ele>
  </trkpt>
  <trkpt lat="-3.16051519" lon="129.47285327">
   <ele>2291.92</ele>
  </trkpt>
  <trkpt lat="-3.16039852" lon="129.47286383">
   <ele>2291.44</ele>
  </trkpt>
  <trkpt lat="-3.16031797" lon="129.47287112">
   <ele>2293.362</ele>
  </trkpt>
  <trkpt lat="-3.16028243" lon="129.47286232">
   <ele>2290.959</ele>
  </trkpt>
  <trkpt lat="-3.16022652" lon="129.47285377">
   <ele>2287.594</ele>
  </trkpt>
  <trkpt lat="-3.16015092" lon="129.47283416">
   <ele>2285.672</ele>
  </trkpt>
  <trkpt lat="-3.16005704" lon="129.47282662">
   <ele>2284.711</ele>
  </trkpt>
  <trkpt lat="-3.16000147" lon="129.47281966">
   <ele>2283.749</ele>
  </trkpt>
  <trkpt lat="-3.16002678" lon="129.47280843">
   <ele>2283.749</ele>
  </trkpt>
  <trkpt lat="-3.16003407" lon="129.47280977">
   <ele>2283.268</ele>
  </trkpt>
  <trkpt lat="-3.16001278" lon="129.47280239">
   <ele>2282.788</ele>
  </trkpt>
  <trkpt lat="-3.16001563" lon="129.47280055">
   <ele>2283.268</ele>
  </trkpt>
  <trkpt lat="-3.16002930" lon="129.47279326">
   <ele>2284.711</ele>
  </trkpt>
  <trkpt lat="-3.15998068" lon="129.47279217">
   <ele>2283.749</ele>
  </trkpt>
  <trkpt lat="-3.15995453" lon="129.47278102">
   <ele>2280.385</ele>
  </trkpt>
  <trkpt lat="-3.15989384" lon="129.47275822">
   <ele>2277.5</ele>
  </trkpt>
  <trkpt lat="-3.15980039" lon="129.47272352">
   <ele>2274.617</ele>
  </trkpt>
  <trkpt lat="-3.15973459" lon="129.47269795">
   <ele>2273.175</ele>
  </trkpt>
  <trkpt lat="-3.15967055" lon="129.47266862">
   <ele>2269.81</ele>
  </trkpt>
  <trkpt lat="-3.15957466" lon="129.47265579">
   <ele>2267.887</ele>
  </trkpt>
  <trkpt lat="-3.15953476" lon="129.47264783">
   <ele>2264.523</ele>
  </trkpt>
  <trkpt lat="-3.15949805" lon="129.47267172">
   <ele>2261.639</ele>
  </trkpt>
  <trkpt lat="-3.15946226" lon="129.47269745">
   <ele>2258.274</ele>
  </trkpt>
  <trkpt lat="-3.15936503" lon="129.47264364">
   <ele>2254.91</ele>
  </trkpt>
  <trkpt lat="-3.15929714" lon="129.47259142">
   <ele>2253.948</ele>
  </trkpt>
  <trkpt lat="-3.15928733" lon="129.47257784">
   <ele>2251.064</ele>
  </trkpt>
  <trkpt lat="-3.15925757" lon="129.47257373">
   <ele>2250.103</ele>
  </trkpt>
  <trkpt lat="-3.15924190" lon="129.47252822">
   <ele>2248.661</ele>
  </trkpt>
  <trkpt lat="-3.15918708" lon="129.47251749">
   <ele>2245.296</ele>
  </trkpt>
  <trkpt lat="-3.15914358" lon="129.47250576">
   <ele>2245.777</ele>
  </trkpt>
  <trkpt lat="-3.15906244" lon="129.47249813">
   <ele>2242.413</ele>
  </trkpt>
  <trkpt lat="-3.15899983" lon="129.47255328">
   <ele>2240.009</ele>
  </trkpt>
  <trkpt lat="-3.15895985" lon="129.47255177">
   <ele>2238.567</ele>
  </trkpt>
  <trkpt lat="-3.15887402" lon="129.47252604">
   <ele>2236.645</ele>
  </trkpt>
  <trkpt lat="-3.15886832" lon="129.47252252">
   <ele>2236.164</ele>
  </trkpt>
  <trkpt lat="-3.15881149" lon="129.47247935">
   <ele>2233.28</ele>
  </trkpt>
  <trkpt lat="-3.15874452" lon="129.47245647">
   <ele>2230.877</ele>
  </trkpt>
  <trkpt lat="-3.15869783" lon="129.47242848">
   <ele>2227.031</ele>
  </trkpt>
  <trkpt lat="-3.15869163" lon="129.47242579">
   <ele>2227.031</ele>
  </trkpt>
  <trkpt lat="-3.15863128" lon="129.47236050">
   <ele>2227.031</ele>
  </trkpt>
  <trkpt lat="-3.15861460" lon="129.47235949">
   <ele>2225.589</ele>
  </trkpt>
  <trkpt lat="-3.15858803" lon="129.47235463">
   <ele>2224.628</ele>
  </trkpt>
  <trkpt lat="-3.15854033" lon="129.47233854">
   <ele>2221.263</ele>
  </trkpt>
  <trkpt lat="-3.15847806" lon="129.47232722">
   <ele>2221.263</ele>
  </trkpt>
  <trkpt lat="-3.15836909" lon="129.47226746">
   <ele>2221.744</ele>
  </trkpt>
  <trkpt lat="-3.15827304" lon="129.47226570">
   <ele>2219.821</ele>
  </trkpt>
  <trkpt lat="-3.15820682" lon="129.47228146">
   <ele>2217.899</ele>
  </trkpt>
  <trkpt lat="-3.15814094" lon="129.47226134">
   <ele>2215.015</ele>
  </trkpt>
  <trkpt lat="-3.15816239" lon="129.47222245">
   <ele>2212.612</ele>
  </trkpt>
  <trkpt lat="-3.15812124" lon="129.47217266">
   <ele>2210.689</ele>
  </trkpt>
  <trkpt lat="-3.15811118" lon="129.47211474">
   <ele>2210.689</ele>
  </trkpt>
  <trkpt lat="-3.15809148" lon="129.47208725">
   <ele>2207.324</ele>
  </trkpt>
  <trkpt lat="-3.15802602" lon="129.47205515">
   <ele>2204.44</ele>
  </trkpt>
  <trkpt lat="-3.15796467" lon="129.47203436">
   <ele>2201.076</ele>
  </trkpt>
  <trkpt lat="-3.15791798" lon="129.47206856">
   <ele>2200.595</ele>
  </trkpt>
  <trkpt lat="-3.15783357" lon="129.47204442">
   <ele>2199.153</ele>
  </trkpt>
  <trkpt lat="-3.15777314" lon="129.47204299">
   <ele>2198.672</ele>
  </trkpt>
  <trkpt lat="-3.15777356" lon="129.47199019">
   <ele>2199.153</ele>
  </trkpt>
  <trkpt lat="-3.15776384" lon="129.47195984">
   <ele>2197.711</ele>
  </trkpt>
  <trkpt lat="-3.15779652" lon="129.47197996">
   <ele>2197.711</ele>
  </trkpt>
  <trkpt lat="-3.15777238" lon="129.47195859">
   <ele>2197.23</ele>
  </trkpt>
  <trkpt lat="-3.15778772" lon="129.47194920">
   <ele>2196.75</ele>
  </trkpt>
  <trkpt lat="-3.15777213" lon="129.47193302">
   <ele>2196.75</ele>
  </trkpt>
  <trkpt lat="-3.15774338" lon="129.47194065">
   <ele>2196.75</ele>
  </trkpt>
  <trkpt lat="-3.15775679" lon="129.47193009">
   <ele>2193.385</ele>
  </trkpt>
  <trkpt lat="-3.15775638" lon="129.47192623">
   <ele>2199.634</ele>
  </trkpt>
  <trkpt lat="-3.15775906" lon="129.47192850">
   <ele>2197.23</ele>
  </trkpt>
  <trkpt lat="-3.15776543" lon="129.47192087">
   <ele>2196.269</ele>
  </trkpt>
  <trkpt lat="-3.15774288" lon="129.47191450">
   <ele>2194.827</ele>
  </trkpt>
  <trkpt lat="-3.15772536" lon="129.47186815">
   <ele>2191.463</ele>
  </trkpt>
  <trkpt lat="-3.15766434" lon="129.47181626">
   <ele>2188.579</ele>
  </trkpt>
  <trkpt lat="-3.15763157" lon="129.47182062">
   <ele>2186.656</ele>
  </trkpt>
  <trkpt lat="-3.15760424" lon="129.47175466">
   <ele>2183.772</ele>
  </trkpt>
  <trkpt lat="-3.15758195" lon="129.47170093">
   <ele>2180.888</ele>
  </trkpt>
  <trkpt lat="-3.15757080" lon="129.47169020">
   <ele>2178.965</ele>
  </trkpt>
  <trkpt lat="-3.15752990" lon="129.47168098">
   <ele>2177.523</ele>
  </trkpt>
  <trkpt lat="-3.15749042" lon="129.47163479">
   <ele>2175.12</ele>
  </trkpt>
  <trkpt lat="-3.15747365" lon="129.47159247">
   <ele>2171.755</ele>
  </trkpt>
  <trkpt lat="-3.15745488" lon="129.47156237">
   <ele>2168.391</ele>
  </trkpt>
  <trkpt lat="-3.15742395" lon="129.47152348">
   <ele>2165.988</ele>
  </trkpt>
  <trkpt lat="-3.15740869" lon="129.47145928">
   <ele>2163.584</ele>
  </trkpt>
  <trkpt lat="-3.15736519" lon="129.47141469">
   <ele>2160.7</ele>
  </trkpt>
  <trkpt lat="-3.15736754" lon="129.47139683">
   <ele>2158.297</ele>
  </trkpt>
  <trkpt lat="-3.15738112" lon="129.47133522">
   <ele>2155.894</ele>
  </trkpt>
  <trkpt lat="-3.15732236" lon="129.47131846">
   <ele>2154.932</ele>
  </trkpt>
  <trkpt lat="-3.15724516" lon="129.47132802">
   <ele>2152.048</ele>
  </trkpt>
  <trkpt lat="-3.15718766" lon="129.47131947">
   <ele>2150.126</ele>
  </trkpt>
  <trkpt lat="-3.15714248" lon="129.47130966">
   <ele>2147.723</ele>
  </trkpt>
  <trkpt lat="-3.15711482" lon="129.47127194">
   <ele>2144.839</ele>
  </trkpt>
  <trkpt lat="-3.15704626" lon="129.47122660">
   <ele>2141.955</ele>
  </trkpt>
  <trkpt lat="-3.15706478" lon="129.47121478">
   <ele>2139.071</ele>
  </trkpt>
  <trkpt lat="-3.15706973" lon="129.47120103">
   <ele>2135.225</ele>
  </trkpt>
  <trkpt lat="-3.15706277" lon="129.47120338">
   <ele>2142.916</ele>
  </trkpt>
  <trkpt lat="-3.15705774" lon="129.47120430">
   <ele>2140.032</ele>
  </trkpt>
  <trkpt lat="-3.15701089" lon="129.47121260">
   <ele>2138.59</ele>
  </trkpt>
  <trkpt lat="-3.15702648" lon="129.47117245">
   <ele>2135.706</ele>
  </trkpt>
  <trkpt lat="-3.15698390" lon="129.47111922">
   <ele>2133.783</ele>
  </trkpt>
  <trkpt lat="-3.15694023" lon="129.47110439">
   <ele>2131.861</ele>
  </trkpt>
  <trkpt lat="-3.15692799" lon="129.47113347">
   <ele>2131.861</ele>
  </trkpt>
  <trkpt lat="-3.15689413" lon="129.47110288">
   <ele>2131.38</ele>
  </trkpt>
  <trkpt lat="-3.15694199" lon="129.47114906">
   <ele>2129.938</ele>
  </trkpt>
  <trkpt lat="-3.15693713" lon="129.47112752">
   <ele>2129.938</ele>
  </trkpt>
  <trkpt lat="-3.15692564" lon="129.47109525">
   <ele>2128.977</ele>
  </trkpt>
  <trkpt lat="-3.15696755" lon="129.47110766">
   <ele>2128.496</ele>
  </trkpt>
  <trkpt lat="-3.15694777" lon="129.47112802">
   <ele>2128.977</ele>
  </trkpt>
  <trkpt lat="-3.15694308" lon="129.47114789">
   <ele>2128.496</ele>
  </trkpt>
  <trkpt lat="-3.15696496" lon="129.47115535">
   <ele>2128.496</ele>
  </trkpt>
  <trkpt lat="-3.15691072" lon="129.47114286">
   <ele>2128.016</ele>
  </trkpt>
  <trkpt lat="-3.15687720" lon="129.47117848">
   <ele>2127.054</ele>
  </trkpt>
  <trkpt lat="-3.15682883" lon="129.47116759">
   <ele>2125.132</ele>
  </trkpt>
  <trkpt lat="-3.15689094" lon="129.47117614">
   <ele>2125.132</ele>
  </trkpt>
  <trkpt lat="-3.15683370" lon="129.47120304">
   <ele>2124.651</ele>
  </trkpt>
  <trkpt lat="-3.15689128" lon="129.47121520">
   <ele>2124.651</ele>
  </trkpt>
  <trkpt lat="-3.15688013" lon="129.47118787">
   <ele>2125.132</ele>
  </trkpt>
  <trkpt lat="-3.15681458" lon="129.47116247">
   <ele>2124.17</ele>
  </trkpt>
  <trkpt lat="-3.15679690" lon="129.47119349">
   <ele>2123.689</ele>
  </trkpt>
  <trkpt lat="-3.15681316" lon="129.47118033">
   <ele>2123.689</ele>
  </trkpt>
  <trkpt lat="-3.15678366" lon="129.47119902">
   <ele>2124.17</ele>
  </trkpt>
  <trkpt lat="-3.15684007" lon="129.47120304">
   <ele>2124.17</ele>
  </trkpt>
  <trkpt lat="-3.15676932" lon="129.47117597">
   <ele>2123.689</ele>
  </trkpt>
  <trkpt lat="-3.15675365" lon="129.47120405">
   <ele>2123.689</ele>
  </trkpt>
  <trkpt lat="-3.15671979" lon="129.47118427">
   <ele>2122.728</ele>
  </trkpt>
  <trkpt lat="-3.15673797" lon="129.47120983">
   <ele>2122.728</ele>
  </trkpt>
  <trkpt lat="-3.15662247" lon="129.47112735">
   <ele>2123.689</ele>
  </trkpt>
  <trkpt lat="-3.15671165" lon="129.47116884">
   <ele>2124.17</ele>
  </trkpt>
  <trkpt lat="-3.15677837" lon="129.47118779">
   <ele>2122.728</ele>
  </trkpt>
  <trkpt lat="-3.15674795" lon="129.47115158">
   <ele>2120.325</ele>
  </trkpt>
  <trkpt lat="-3.15676698" lon="129.47114755">
   <ele>2118.883</ele>
  </trkpt>
  <trkpt lat="-3.15669447" lon="129.47111394">
   <ele>2116.48</ele>
  </trkpt>
  <trkpt lat="-3.15666027" lon="129.47112685">
   <ele>2113.115</ele>
  </trkpt>
  <trkpt lat="-3.15666388" lon="129.47119684">
   <ele>2113.115</ele>
  </trkpt>
  <trkpt lat="-3.15665550" lon="129.47111897">
   <ele>2110.231</ele>
  </trkpt>
  <trkpt lat="-3.15656053" lon="129.47113548">
   <ele>2107.828</ele>
  </trkpt>
  <trkpt lat="-3.15655055" lon="129.47106734">
   <ele>2104.463</ele>
  </trkpt>
  <trkpt lat="-3.15657126" lon="129.47096114">
   <ele>2102.06</ele>
  </trkpt>
  <trkpt lat="-3.15658693" lon="129.47097329">
   <ele>2102.541</ele>
  </trkpt>
  <trkpt lat="-3.15655936" lon="129.47096240">
   <ele>2102.06</ele>
  </trkpt>
  <trkpt lat="-3.15655525" lon="129.47096240">
   <ele>2101.099</ele>
  </trkpt>
  <trkpt lat="-3.15649146" lon="129.47092543">
   <ele>2101.099</ele>
  </trkpt>
  <trkpt lat="-3.15648752" lon="129.47091512">
   <ele>2100.137</ele>
  </trkpt>
  <trkpt lat="-3.15645953" lon="129.47079786">
   <ele>2097.253</ele>
  </trkpt>
  <trkpt lat="-3.15647713" lon="129.47086207">
   <ele>2097.253</ele>
  </trkpt>
  <trkpt lat="-3.15644285" lon="129.47074832">
   <ele>2097.734</ele>
  </trkpt>
  <trkpt lat="-3.15643958" lon="129.47075654">
   <ele>2098.215</ele>
  </trkpt>
  <trkpt lat="-3.15647168" lon="129.47081136">
   <ele>2098.215</ele>
  </trkpt>
  <trkpt lat="-3.15642734" lon="129.47082032">
   <ele>2098.215</ele>
  </trkpt>
  <trkpt lat="-3.15640362" lon="129.47083659">
   <ele>2098.215</ele>
  </trkpt>
  <trkpt lat="-3.15636825" lon="129.47074120">
   <ele>2096.773</ele>
  </trkpt>
  <trkpt lat="-3.15630455" lon="129.47066484">
   <ele>2093.889</ele>
  </trkpt>
  <trkpt lat="-3.15619617" lon="129.47065813">
   <ele>2092.447</ele>
  </trkpt>
  <trkpt lat="-3.15616624" lon="129.47064875">
   <ele>2092.447</ele>
  </trkpt>
  <trkpt lat="-3.15626934" lon="129.47067440">
   <ele>2092.927</ele>
  </trkpt>
  <trkpt lat="-3.15624822" lon="129.47071832">
   <ele>2091.005</ele>
  </trkpt>
  <trkpt lat="-3.15631192" lon="129.47074858">
   <ele>2091.485</ele>
  </trkpt>
  <trkpt lat="-3.15626339" lon="129.47079820">
   <ele>2089.082</ele>
  </trkpt>
  <trkpt lat="-3.15617882" lon="129.47081295">
   <ele>2087.64</ele>
  </trkpt>
  <trkpt lat="-3.15618049" lon="129.47083382">
   <ele>2085.237</ele>
  </trkpt>
  <trkpt lat="-3.15613833" lon="129.47089207">
   <ele>2083.314</ele>
  </trkpt>
  <trkpt lat="-3.15617882" lon="129.47095376">
   <ele>2082.833</ele>
  </trkpt>
  <trkpt lat="-3.15614370" lon="129.47095980">
   <ele>2081.392</ele>
  </trkpt>
  <trkpt lat="-3.15605108" lon="129.47099425">
   <ele>2080.911</ele>
  </trkpt>
  <trkpt lat="-3.15605485" lon="129.47103708">
   <ele>2082.353</ele>
  </trkpt>
  <trkpt lat="-3.15607622" lon="129.47107547">
   <ele>2081.872</ele>
  </trkpt>
  <trkpt lat="-3.15604923" lon="129.47102183">
   <ele>2081.872</ele>
  </trkpt>
  <trkpt lat="-3.15612266" lon="129.47095754">
   <ele>2082.833</ele>
  </trkpt>
  <trkpt lat="-3.15617085" lon="129.47096793">
   <ele>2081.872</ele>
  </trkpt>
  <trkpt lat="-3.15605946" lon="129.47100322">
   <ele>2082.353</ele>
  </trkpt>
  <trkpt lat="-3.15604253" lon="129.47098478">
   <ele>2081.392</ele>
  </trkpt>
  <trkpt lat="-3.15605233" lon="129.47098210">
   <ele>2082.833</ele>
  </trkpt>
  <trkpt lat="-3.15605879" lon="129.47091890">
   <ele>2082.833</ele>
  </trkpt>
  <trkpt lat="-3.15606834" lon="129.47097757">
   <ele>2082.353</ele>
  </trkpt>
  <trkpt lat="-3.15610564" lon="129.47095443">
   <ele>2082.833</ele>
  </trkpt>
  <trkpt lat="-3.15608712" lon="129.47096366">
   <ele>2078.988</ele>
  </trkpt>
  <trkpt lat="-3.15607958" lon="129.47096483">
   <ele>2081.872</ele>
  </trkpt>
  <trkpt lat="-3.15606818" lon="129.47096357">
   <ele>2082.833</ele>
  </trkpt>
  <trkpt lat="-3.15605518" lon="129.47098176">
   <ele>2082.353</ele>
  </trkpt>
  <trkpt lat="-3.15606139" lon="129.47092518">
   <ele>2081.392</ele>
  </trkpt>
  <trkpt lat="-3.15607639" lon="129.47095192">
   <ele>2081.392</ele>
  </trkpt>
  <trkpt lat="-3.15604345" lon="129.47100942">
   <ele>2079.95</ele>
  </trkpt>
  <trkpt lat="-3.15606616" lon="129.47100389">
   <ele>2082.353</ele>
  </trkpt>
  <trkpt lat="-3.15603423" lon="129.47099375">
   <ele>2080.43</ele>
  </trkpt>
  <trkpt lat="-3.15610422" lon="129.47097288">
   <ele>2079.95</ele>
  </trkpt>
  <trkpt lat="-3.15601336" lon="129.47099634">
   <ele>2078.988</ele>
  </trkpt>
  <trkpt lat="-3.15600716" lon="129.47102887">
   <ele>2078.988</ele>
  </trkpt>
  <trkpt lat="-3.15605292" lon="129.47101277">
   <ele>2077.546</ele>
  </trkpt>
  <trkpt lat="-3.15607396" lon="129.47099752">
   <ele>2078.027</ele>
  </trkpt>
  <trkpt lat="-3.15610078" lon="129.47098008">
   <ele>2079.469</ele>
  </trkpt>
  <trkpt lat="-3.15611025" lon="129.47093742">
   <ele>2079.469</ele>
  </trkpt>
  <trkpt lat="-3.15612584" lon="129.47096759">
   <ele>2080.43</ele>
  </trkpt>
  <trkpt lat="-3.15614906" lon="129.47092778">
   <ele>2079.469</ele>
  </trkpt>
  <trkpt lat="-3.15613305" lon="129.47095267">
   <ele>2079.469</ele>
  </trkpt>
  <trkpt lat="-3.15609366" lon="129.47098754">
   <ele>2079.95</ele>
  </trkpt>
  <trkpt lat="-3.15609676" lon="129.47094882">
   <ele>2079.469</ele>
  </trkpt>
  <trkpt lat="-3.15609332" lon="129.47095184">
   <ele>2079.469</ele>
  </trkpt>
  <trkpt lat="-3.15615820" lon="129.47092862">
   <ele>2079.469</ele>
  </trkpt>
  <trkpt lat="-3.15623598" lon="129.47085285">
   <ele>2078.988</ele>
  </trkpt>
  <trkpt lat="-3.15607144" lon="129.47089325">
   <ele>2078.988</ele>
  </trkpt>
  <trkpt lat="-3.15582569" lon="129.47099894">
   <ele>2073.22</ele>
  </trkpt>
  <trkpt lat="-3.15575888" lon="129.47103700">
   <ele>2069.375</ele>
  </trkpt>
  <trkpt lat="-3.15567196" lon="129.47107622">
   <ele>2066.491</ele>
  </trkpt>
  <trkpt lat="-3.15564372" lon="129.47111453">
   <ele>2063.127</ele>
  </trkpt>
  <trkpt lat="-3.15565025" lon="129.47112517">
   <ele>2059.762</ele>
  </trkpt>
  <trkpt lat="-3.15564673" lon="129.47112618">
   <ele>2059.281</ele>
  </trkpt>
  <trkpt lat="-3.15561245" lon="129.47113448">
   <ele>2057.839</ele>
  </trkpt>
  <trkpt lat="-3.15561622" lon="129.47108846">
   <ele>2054.475</ele>
  </trkpt>
  <trkpt lat="-3.15561497" lon="129.47102417">
   <ele>2051.591</ele>
  </trkpt>
  <trkpt lat="-3.15556493" lon="129.47100137">
   <ele>2049.188</ele>
  </trkpt>
  <trkpt lat="-3.15550047" lon="129.47096500">
   <ele>2049.188</ele>
  </trkpt>
  <trkpt lat="-3.15542168" lon="129.47096927">
   <ele>2045.823</ele>
  </trkpt>
  <trkpt lat="-3.15541280" lon="129.47097707">
   <ele>2045.823</ele>
  </trkpt>
  <trkpt lat="-3.15538974" lon="129.47098545">
   <ele>2043.9</ele>
  </trkpt>
  <trkpt lat="-3.15532822" lon="129.47100406">
   <ele>2040.535</ele>
  </trkpt>
  <trkpt lat="-3.15522739" lon="129.47103113">
   <ele>2037.652</ele>
  </trkpt>
  <trkpt lat="-3.15522890" lon="129.47108125">
   <ele>2034.768</ele>
  </trkpt>
  <trkpt lat="-3.15518556" lon="129.47107958">
   <ele>2032.365</ele>
  </trkpt>
  <trkpt lat="-3.15518833" lon="129.47111017">
   <ele>2030.923</ele>
  </trkpt>
  <trkpt lat="-3.15518313" lon="129.47108989">
   <ele>2029.961</ele>
  </trkpt>
  <trkpt lat="-3.15511658" lon="129.47113624">
   <ele>2026.596</ele>
  </trkpt>
  <trkpt lat="-3.15506754" lon="129.47115325">
   <ele>2023.232</ele>
  </trkpt>
  <trkpt lat="-3.15500359" lon="129.47110640">
   <ele>2019.867</ele>
  </trkpt>
  <trkpt lat="-3.15497995" lon="129.47114177">
   <ele>2016.503</ele>
  </trkpt>
  <trkpt lat="-3.15493352" lon="129.47110682">
   <ele>2013.138</ele>
  </trkpt>
  <trkpt lat="-3.15490829" lon="129.47105410">
   <ele>2009.773</ele>
  </trkpt>
  <trkpt lat="-3.15492203" lon="129.47103029">
   <ele>2005.928</ele>
  </trkpt>
  <trkpt lat="-3.15492027" lon="129.47103239">
   <ele>2005.928</ele>
  </trkpt>
  <trkpt lat="-3.15489396" lon="129.47104873">
   <ele>2003.044</ele>
  </trkpt>
  <trkpt lat="-3.15484995" lon="129.47105225">
   <ele>1999.68</ele>
  </trkpt>
  <trkpt lat="-3.15479748" lon="129.47096366">
   <ele>1997.757</ele>
  </trkpt>
  <trkpt lat="-3.15472565" lon="129.47101076">
   <ele>1997.757</ele>
  </trkpt>
  <trkpt lat="-3.15470436" lon="129.47100137">
   <ele>1996.315</ele>
  </trkpt>
  <trkpt lat="-3.15478449" lon="129.47102828">
   <ele>1996.315</ele>
  </trkpt>
  <trkpt lat="-3.15476236" lon="129.47104689">
   <ele>1994.873</ele>
  </trkpt>
  <trkpt lat="-3.15475968" lon="129.47106315">
   <ele>1996.315</ele>
  </trkpt>
  <trkpt lat="-3.15476244" lon="129.47112199">
   <ele>1996.315</ele>
  </trkpt>
  <trkpt lat="-3.15477703" lon="129.47106306">
   <ele>1996.315</ele>
  </trkpt>
  <trkpt lat="-3.15471366" lon="129.47099400">
   <ele>1992.47</ele>
  </trkpt>
  <trkpt lat="-3.15460419" lon="129.47102275">
   <ele>1989.586</ele>
  </trkpt>
  <trkpt lat="-3.15463923" lon="129.47104286">
   <ele>1986.221</ele>
  </trkpt>
  <trkpt lat="-3.15463613" lon="129.47104353">
   <ele>1986.221</ele>
  </trkpt>
  <trkpt lat="-3.15463646" lon="129.47105837">
   <ele>1988.144</ele>
  </trkpt>
  <trkpt lat="-3.15462154" lon="129.47114060">
   <ele>1985.74</ele>
  </trkpt>
  <trkpt lat="-3.15452750" lon="129.47106625">
   <ele>1982.856</ele>
  </trkpt>
  <trkpt lat="-3.15447159" lon="129.47101160">
   <ele>1980.934</ele>
  </trkpt>
  <trkpt lat="-3.15441828" lon="129.47107949">
   <ele>1979.011</ele>
  </trkpt>
  <trkpt lat="-3.15437084" lon="129.47101948">
   <ele>1977.569</ele>
  </trkpt>
  <trkpt lat="-3.15432952" lon="129.47108905">
   <ele>1974.205</ele>
  </trkpt>
  <trkpt lat="-3.15430194" lon="129.47109533">
   <ele>1970.84</ele>
  </trkpt>
  <trkpt lat="-3.15426020" lon="129.47108536">
   <ele>1969.398</ele>
  </trkpt>
  <trkpt lat="-3.15418552" lon="129.47102945">
   <ele>1967.475</ele>
  </trkpt>
  <trkpt lat="-3.15410740" lon="129.47102149">
   <ele>1968.917</ele>
  </trkpt>
  <trkpt lat="-3.15408535" lon="129.47101680">
   <ele>1969.879</ele>
  </trkpt>
  <trkpt lat="-3.15402953" lon="129.47098947">
   <ele>1969.879</ele>
  </trkpt>
  <trkpt lat="-3.15398259" lon="129.47104705">
   <ele>1969.879</ele>
  </trkpt>
  <trkpt lat="-3.15392928" lon="129.47105887">
   <ele>1970.359</ele>
  </trkpt>
  <trkpt lat="-3.15390405" lon="129.47110799">
   <ele>1968.917</ele>
  </trkpt>
  <trkpt lat="-3.15394655" lon="129.47110816">
   <ele>1970.359</ele>
  </trkpt>
  <trkpt lat="-3.15399550" lon="129.47112040">
   <ele>1967.475</ele>
  </trkpt>
  <trkpt lat="-3.15394755" lon="129.47114797">
   <ele>1966.033</ele>
  </trkpt>
  <trkpt lat="-3.15390254" lon="129.47114605">
   <ele>1965.072</ele>
  </trkpt>
  <trkpt lat="-3.15385980" lon="129.47113004">
   <ele>1963.149</ele>
  </trkpt>
  <trkpt lat="-3.15385024" lon="129.47119223">
   <ele>1962.669</ele>
  </trkpt>
  <trkpt lat="-3.15378897" lon="129.47123942">
   <ele>1961.227</ele>
  </trkpt>
  <trkpt lat="-3.15376835" lon="129.47125132">
   <ele>1957.862</ele>
  </trkpt>
  <trkpt lat="-3.15372954" lon="129.47133983">
   <ele>1954.978</ele>
  </trkpt>
  <trkpt lat="-3.15367548" lon="129.47131578">
   <ele>1951.614</ele>
  </trkpt>
  <trkpt lat="-3.15367506" lon="129.47133254">
   <ele>1950.652</ele>
  </trkpt>
  <trkpt lat="-3.15364740" lon="129.47131477">
   <ele>1949.21</ele>
  </trkpt>
  <trkpt lat="-3.15360105" lon="129.47123674">
   <ele>1946.807</ele>
  </trkpt>
  <trkpt lat="-3.15356794" lon="129.47122802">
   <ele>1943.442</ele>
  </trkpt>
  <trkpt lat="-3.15357448" lon="129.47124696">
   <ele>1941.039</ele>
  </trkpt>
  <trkpt lat="-3.15354162" lon="129.47118888">
   <ele>1937.675</ele>
  </trkpt>
  <trkpt lat="-3.15352930" lon="129.47118435">
   <ele>1937.675</ele>
  </trkpt>
  <trkpt lat="-3.15350558" lon="129.47115979">
   <ele>1935.752</ele>
  </trkpt>
  <trkpt lat="-3.15345964" lon="129.47117555">
   <ele>1933.349</ele>
  </trkpt>
  <trkpt lat="-3.15343349" lon="129.47116532">
   <ele>1931.426</ele>
  </trkpt>
  <trkpt lat="-3.15331900" lon="129.47109425">
   <ele>1930.465</ele>
  </trkpt>
  <trkpt lat="-3.15329435" lon="129.47117337">
   <ele>1927.1</ele>
  </trkpt>
  <trkpt lat="-3.15320835" lon="129.47120019">
   <ele>1925.177</ele>
  </trkpt>
  <trkpt lat="-3.15312504" lon="129.47117086">
   <ele>1925.177</ele>
  </trkpt>
  <trkpt lat="-3.15304290" lon="129.47115853">
   <ele>1925.177</ele>
  </trkpt>
  <trkpt lat="-3.15296679" lon="129.47113833">
   <ele>1925.177</ele>
  </trkpt>
  <trkpt lat="-3.15288582" lon="129.47109450">
   <ele>1928.542</ele>
  </trkpt>
  <trkpt lat="-3.15280879" lon="129.47107882">
   <ele>1928.061</ele>
  </trkpt>
  <trkpt lat="-3.15275389" lon="129.47103649">
   <ele>1926.619</ele>
  </trkpt>
  <trkpt lat="-3.15271282" lon="129.47103406">
   <ele>1925.177</ele>
  </trkpt>
  <trkpt lat="-3.15263243" lon="129.47101839">
   <ele>1921.813</ele>
  </trkpt>
  <trkpt lat="-3.15265087" lon="129.47096265">
   <ele>1921.813</ele>
  </trkpt>
  <trkpt lat="-3.15260268" lon="129.47095309">
   <ele>1920.371</ele>
  </trkpt>
  <trkpt lat="-3.15255792" lon="129.47098545">
   <ele>1917.487</ele>
  </trkpt>
  <trkpt lat="-3.15257267" lon="129.47093616">
   <ele>1917.006</ele>
  </trkpt>
  <trkpt lat="-3.15252389" lon="129.47093063">
   <ele>1914.122</ele>
  </trkpt>
  <trkpt lat="-3.15256446" lon="129.47090674">
   <ele>1914.603</ele>
  </trkpt>
  <trkpt lat="-3.15253906" lon="129.47085167">
   <ele>1914.603</ele>
  </trkpt>
  <trkpt lat="-3.15251643" lon="129.47082443">
   <ele>1914.122</ele>
  </trkpt>
  <trkpt lat="-3.15246052" lon="129.47080683">
   <ele>1914.122</ele>
  </trkpt>
  <trkpt lat="-3.15247636" lon="129.47085310">
   <ele>1912.68</ele>
  </trkpt>
  <trkpt lat="-3.15246404" lon="129.47081747">
   <ele>1909.796</ele>
  </trkpt>
  <trkpt lat="-3.15248156" lon="129.47083256">
   <ele>1908.835</ele>
  </trkpt>
  <trkpt lat="-3.15248810" lon="129.47083265">
   <ele>1908.835</ele>
  </trkpt>
  <trkpt lat="-3.15242616" lon="129.47078219">
   <ele>1910.277</ele>
  </trkpt>
  <trkpt lat="-3.15243772" lon="129.47076232">
   <ele>1910.277</ele>
  </trkpt>
  <trkpt lat="-3.15260503" lon="129.47080247">
   <ele>1909.796</ele>
  </trkpt>
  <trkpt lat="-3.15247628" lon="129.47073449">
   <ele>1908.835</ele>
  </trkpt>
  <trkpt lat="-3.15244082" lon="129.47073575">
   <ele>1908.354</ele>
  </trkpt>
  <trkpt lat="-3.15240428" lon="129.47075486">
   <ele>1905.47</ele>
  </trkpt>
  <trkpt lat="-3.15241300" lon="129.47075042">
   <ele>1904.029</ele>
  </trkpt>
  <trkpt lat="-3.15241124" lon="129.47075243">
   <ele>1903.067</ele>
  </trkpt>
  <trkpt lat="-3.15240637" lon="129.47075117">
   <ele>1900.183</ele>
  </trkpt>
  <trkpt lat="-3.15234619" lon="129.47072050">
   <ele>1897.299</ele>
  </trkpt>
  <trkpt lat="-3.15238114" lon="129.47073299">
   <ele>1895.857</ele>
  </trkpt>
  <trkpt lat="-3.15234133" lon="129.47073743">
   <ele>1895.376</ele>
  </trkpt>
  <trkpt lat="-3.15235290" lon="129.47070616">
   <ele>1894.415</ele>
  </trkpt>
  <trkpt lat="-3.15235927" lon="129.47074162">
   <ele>1892.973</ele>
  </trkpt>
  <trkpt lat="-3.15232524" lon="129.47067808">
   <ele>1892.493</ele>
  </trkpt>
  <trkpt lat="-3.15224066" lon="129.47063995">
   <ele>1889.128</ele>
  </trkpt>
  <trkpt lat="-3.15222960" lon="129.47063374">
   <ele>1889.128</ele>
  </trkpt>
  <trkpt lat="-3.15221342" lon="129.47068378">
   <ele>1888.647</ele>
  </trkpt>
  <trkpt lat="-3.15224653" lon="129.47064565">
   <ele>1887.686</ele>
  </trkpt>
  <trkpt lat="-3.15227629" lon="129.47061757">
   <ele>1886.725</ele>
  </trkpt>
  <trkpt lat="-3.15225642" lon="129.47062578">
   <ele>1883.36</ele>
  </trkpt>
  <trkpt lat="-3.15227863" lon="129.47063232">
   <ele>1882.399</ele>
  </trkpt>
  <trkpt lat="-3.15223874" lon="129.47059485">
   <ele>1879.034</ele>
  </trkpt>
  <trkpt lat="-3.15218727" lon="129.47056979">
   <ele>1877.592</ele>
  </trkpt>
  <trkpt lat="-3.15212214" lon="129.47053274">
   <ele>1876.15</ele>
  </trkpt>
  <trkpt lat="-3.15201402" lon="129.47056216">
   <ele>1873.747</ele>
  </trkpt>
  <trkpt lat="-3.15197764" lon="129.47056727">
   <ele>1871.344</ele>
  </trkpt>
  <trkpt lat="-3.15195585" lon="129.47053375">
   <ele>1870.382</ele>
  </trkpt>
  <trkpt lat="-3.15185945" lon="129.47053006">
   <ele>1867.979</ele>
  </trkpt>
  <trkpt lat="-3.15186792" lon="129.47045278">
   <ele>1867.979</ele>
  </trkpt>
  <trkpt lat="-3.15183096" lon="129.47053107">
   <ele>1867.979</ele>
  </trkpt>
  <trkpt lat="-3.15179357" lon="129.47046753">
   <ele>1864.614</ele>
  </trkpt>
  <trkpt lat="-3.15175334" lon="129.47052293">
   <ele>1861.73</ele>
  </trkpt>
  <trkpt lat="-3.15176549" lon="129.47053727">
   <ele>1860.288</ele>
  </trkpt>
  <trkpt lat="-3.15170716" lon="129.47053224">
   <ele>1857.885</ele>
  </trkpt>
  <trkpt lat="-3.15168310" lon="129.47053039">
   <ele>1857.405</ele>
  </trkpt>
  <trkpt lat="-3.15164379" lon="129.47052578">
   <ele>1855.001</ele>
  </trkpt>
  <trkpt lat="-3.15162267" lon="129.47049586">
   <ele>1855.001</ele>
  </trkpt>
  <trkpt lat="-3.15159065" lon="129.47051640">
   <ele>1851.636</ele>
  </trkpt>
  <trkpt lat="-3.15157615" lon="129.47052134">
   <ele>1851.156</ele>
  </trkpt>
  <trkpt lat="-3.15160372" lon="129.47047985">
   <ele>1851.156</ele>
  </trkpt>
  <trkpt lat="-3.15155452" lon="129.47049745">
   <ele>1851.156</ele>
  </trkpt>
  <trkpt lat="-3.15140876" lon="129.47045336">
   <ele>1850.675</ele>
  </trkpt>
  <trkpt lat="-3.15142309" lon="129.47046678">
   <ele>1850.195</ele>
  </trkpt>
  <trkpt lat="-3.15138713" lon="129.47052394">
   <ele>1848.272</ele>
  </trkpt>
  <trkpt lat="-3.15137867" lon="129.47049846">
   <ele>1847.311</ele>
  </trkpt>
  <trkpt lat="-3.15135520" lon="129.47054557">
   <ele>1847.311</ele>
  </trkpt>
  <trkpt lat="-3.15133735" lon="129.47053819">
   <ele>1844.427</ele>
  </trkpt>
  <trkpt lat="-3.15132502" lon="129.47052386">
   <ele>1843.465</ele>
  </trkpt>
  <trkpt lat="-3.15126149" lon="129.47049569">
   <ele>1842.504</ele>
  </trkpt>
  <trkpt lat="-3.15123844" lon="129.47042939">
   <ele>1842.023</ele>
  </trkpt>
  <trkpt lat="-3.15123475" lon="129.47042998">
   <ele>1841.543</ele>
  </trkpt>
  <trkpt lat="-3.15119485" lon="129.47040970">
   <ele>1842.504</ele>
  </trkpt>
  <trkpt lat="-3.15119745" lon="129.47036854">
   <ele>1842.504</ele>
  </trkpt>
  <trkpt lat="-3.15124305" lon="129.47035697">
   <ele>1842.023</ele>
  </trkpt>
  <trkpt lat="-3.15121472" lon="129.47034415">
   <ele>1842.023</ele>
  </trkpt>
  <trkpt lat="-3.15120868" lon="129.47036452">
   <ele>1842.504</ele>
  </trkpt>
  <trkpt lat="-3.15118790" lon="129.47036494">
   <ele>1842.023</ele>
  </trkpt>
  <trkpt lat="-3.15118647" lon="129.47036929">
   <ele>1842.023</ele>
  </trkpt>
  <trkpt lat="-3.15120173" lon="129.47037248">
   <ele>1842.023</ele>
  </trkpt>
  <trkpt lat="-3.15117985" lon="129.47036024">
   <ele>1840.101</ele>
  </trkpt>
  <trkpt lat="-3.15115563" lon="129.47035764">
   <ele>1838.659</ele>
  </trkpt>
  <trkpt lat="-3.15111732" lon="129.47035655">
   <ele>1835.294</ele>
  </trkpt>
  <trkpt lat="-3.15106493" lon="129.47037072">
   <ele>1832.41</ele>
  </trkpt>
  <trkpt lat="-3.15110374" lon="129.47030216">
   <ele>1830.968</ele>
  </trkpt>
  <trkpt lat="-3.15107038" lon="129.47028556">
   <ele>1827.604</ele>
  </trkpt>
  <trkpt lat="-3.15101699" lon="129.47027667">
   <ele>1826.162</ele>
  </trkpt>
  <trkpt lat="-3.15101137" lon="129.47024122">
   <ele>1823.758</ele>
  </trkpt>
  <trkpt lat="-3.15096125" lon="129.47025220">
   <ele>1820.394</ele>
  </trkpt>
  <trkpt lat="-3.15091406" lon="129.47021716">
   <ele>1819.432</ele>
  </trkpt>
  <trkpt lat="-3.15088657" lon="129.47023150">
   <ele>1817.029</ele>
  </trkpt>
  <trkpt lat="-3.15088137" lon="129.47017492">
   <ele>1814.145</ele>
  </trkpt>
  <trkpt lat="-3.15087802" lon="129.47011918">
   <ele>1813.184</ele>
  </trkpt>
  <trkpt lat="-3.15086947" lon="129.47006218">
   <ele>1811.742</ele>
  </trkpt>
  <trkpt lat="-3.15088372" lon="129.47004642">
   <ele>1810.781</ele>
  </trkpt>
  <trkpt lat="-3.15092655" lon="129.47000443">
   <ele>1810.3</ele>
  </trkpt>
  <trkpt lat="-3.15086570" lon="129.46999202">
   <ele>1809.339</ele>
  </trkpt>
  <trkpt lat="-3.15085765" lon="129.46997853">
   <ele>1807.897</ele>
  </trkpt>
  <trkpt lat="-3.15078615" lon="129.46985984">
   <ele>1805.974</ele>
  </trkpt>
  <trkpt lat="-3.15076713" lon="129.46985263">
   <ele>1803.571</ele>
  </trkpt>
  <trkpt lat="-3.15076889" lon="129.46983696">
   <ele>1802.128</ele>
  </trkpt>
  <trkpt lat="-3.15068414" lon="129.46986018">
   <ele>1801.648</ele>
  </trkpt>
  <trkpt lat="-3.15067224" lon="129.46981869">
   <ele>1798.764</ele>
  </trkpt>
  <trkpt lat="-3.15061357" lon="129.46983486">
   <ele>1798.283</ele>
  </trkpt>
  <trkpt lat="-3.15061566" lon="129.46984216">
   <ele>1794.919</ele>
  </trkpt>
  <trkpt lat="-3.15062832" lon="129.46980905">
   <ele>1795.88</ele>
  </trkpt>
  <trkpt lat="-3.15057317" lon="129.46980209">
   <ele>1793.477</ele>
  </trkpt>
  <trkpt lat="-3.15050108" lon="129.46974576">
   <ele>1792.035</ele>
  </trkpt>
  <trkpt lat="-3.15049916" lon="129.46972238">
   <ele>1791.554</ele>
  </trkpt>
  <trkpt lat="-3.15036664" lon="129.46980402">
   <ele>1789.151</ele>
  </trkpt>
  <trkpt lat="-3.15042942" lon="129.46983336">
   <ele>1787.709</ele>
  </trkpt>
  <trkpt lat="-3.15033512" lon="129.46978323">
   <ele>1785.305</ele>
  </trkpt>
  <trkpt lat="-3.15035608" lon="129.46979932">
   <ele>1786.267</ele>
  </trkpt>
  <trkpt lat="-3.15033345" lon="129.46984098">
   <ele>1784.344</ele>
  </trkpt>
  <trkpt lat="-3.15034786" lon="129.46982514">
   <ele>1787.709</ele>
  </trkpt>
  <trkpt lat="-3.15034543" lon="129.46981978">
   <ele>1784.344</ele>
  </trkpt>
  <trkpt lat="-3.15032833" lon="129.46977787">
   <ele>1780.499</ele>
  </trkpt>
  <trkpt lat="-3.15027226" lon="129.46991298">
   <ele>1777.135</ele>
  </trkpt>
  <trkpt lat="-3.15020110" lon="129.46991248">
   <ele>1778.096</ele>
  </trkpt>
  <trkpt lat="-3.15020252" lon="129.46990837">
   <ele>1776.173</ele>
  </trkpt>
  <trkpt lat="-3.15023487" lon="129.46985255">
   <ele>1774.25</ele>
  </trkpt>
  <trkpt lat="-3.15026044" lon="129.46980000">
   <ele>1773.77</ele>
  </trkpt>
  <trkpt lat="-3.15028324" lon="129.46976102">
   <ele>1774.25</ele>
  </trkpt>
  <trkpt lat="-3.15021124" lon="129.46973487">
   <ele>1774.25</ele>
  </trkpt>
  <trkpt lat="-3.15022163" lon="129.46976295">
   <ele>1773.289</ele>
  </trkpt>
  <trkpt lat="-3.15021878" lon="129.46981827">
   <ele>1772.328</ele>
  </trkpt>
  <trkpt lat="-3.15017167" lon="129.46988742">
   <ele>1770.405</ele>
  </trkpt>
  <trkpt lat="-3.15014913" lon="129.46985448">
   <ele>1767.521</ele>
  </trkpt>
  <trkpt lat="-3.15012557" lon="129.46986755">
   <ele>1765.599</ele>
  </trkpt>
  <trkpt lat="-3.15011702" lon="129.46986839">
   <ele>1766.079</ele>
  </trkpt>
  <trkpt lat="-3.15005885" lon="129.46983629">
   <ele>1763.195</ele>
  </trkpt>
  <trkpt lat="-3.15003765" lon="129.46986638">
   <ele>1760.311</ele>
  </trkpt>
  <trkpt lat="-3.15000119" lon="129.46988314">
   <ele>1758.869</ele>
  </trkpt>
  <trkpt lat="-3.14999607" lon="129.46989739">
   <ele>1756.466</ele>
  </trkpt>
  <trkpt lat="-3.14996925" lon="129.46996453">
   <ele>1755.505</ele>
  </trkpt>
  <trkpt lat="-3.15002667" lon="129.46996596">
   <ele>1752.621</ele>
  </trkpt>
  <trkpt lat="-3.14993363" lon="129.46989069">
   <ele>1749.256</ele>
  </trkpt>
  <trkpt lat="-3.14991267" lon="129.46989706">
   <ele>1749.737</ele>
  </trkpt>
  <trkpt lat="-3.14988485" lon="129.46991952">
   <ele>1748.775</ele>
  </trkpt>
  <trkpt lat="-3.14985375" lon="129.46987283">
   <ele>1748.295</ele>
  </trkpt>
  <trkpt lat="-3.14984939" lon="129.46990066">
   <ele>1748.775</ele>
  </trkpt>
  <trkpt lat="-3.14984168" lon="129.46983327">
   <ele>1749.256</ele>
  </trkpt>
  <trkpt lat="-3.14984780" lon="129.46983084">
   <ele>1747.333</ele>
  </trkpt>
  <trkpt lat="-3.14985769" lon="129.46985892">
   <ele>1747.814</ele>
  </trkpt>
  <trkpt lat="-3.14987537" lon="129.46990888">
   <ele>1746.372</ele>
  </trkpt>
  <trkpt lat="-3.14977848" lon="129.46998708">
   <ele>1743.969</ele>
  </trkpt>
  <trkpt lat="-3.14981519" lon="129.46998247">
   <ele>1743.488</ele>
  </trkpt>
  <trkpt lat="-3.14978552" lon="129.46998063">
   <ele>1741.566</ele>
  </trkpt>
  <trkpt lat="-3.14979642" lon="129.46985188">
   <ele>1741.566</ele>
  </trkpt>
  <trkpt lat="-3.14977119" lon="129.46989689">
   <ele>1740.124</ele>
  </trkpt>
  <trkpt lat="-3.14970874" lon="129.46988968">
   <ele>1739.162</ele>
  </trkpt>
  <trkpt lat="-3.14964806" lon="129.46985230">
   <ele>1738.682</ele>
  </trkpt>
  <trkpt lat="-3.14966373" lon="129.46990477">
   <ele>1736.278</ele>
  </trkpt>
  <trkpt lat="-3.14965577" lon="129.46993754">
   <ele>1734.836</ele>
  </trkpt>
  <trkpt lat="-3.14965937" lon="129.46992924">
   <ele>1732.914</ele>
  </trkpt>
  <trkpt lat="-3.14956709" lon="129.46996797">
   <ele>1731.952</ele>
  </trkpt>
  <trkpt lat="-3.14955804" lon="129.46996856">
   <ele>1732.433</ele>
  </trkpt>
  <trkpt lat="-3.14957907" lon="129.46994576">
   <ele>1732.433</ele>
  </trkpt>
  <trkpt lat="-3.14962937" lon="129.46989672">
   <ele>1733.875</ele>
  </trkpt>
  <trkpt lat="-3.14963649" lon="129.46989379">
   <ele>1730.51</ele>
  </trkpt>
  <trkpt lat="-3.14963892" lon="129.46989295">
   <ele>1732.433</ele>
  </trkpt>
  <trkpt lat="-3.14965149" lon="129.46990184">
   <ele>1735.798</ele>
  </trkpt>
  <trkpt lat="-3.14964672" lon="129.46990720">
   <ele>1733.394</ele>
  </trkpt>
  <trkpt lat="-3.14966884" lon="129.46996545">
   <ele>1731.952</ele>
  </trkpt>
  <trkpt lat="-3.14968938" lon="129.46997283">
   <ele>1730.991</ele>
  </trkpt>
  <trkpt lat="-3.14974076" lon="129.46991374">
   <ele>1730.991</ele>
  </trkpt>
  <trkpt lat="-3.14982005" lon="129.46978407">
   <ele>1731.952</ele>
  </trkpt>
  <trkpt lat="-3.14962928" lon="129.47002178">
   <ele>1730.03</ele>
  </trkpt>
  <trkpt lat="-3.14967538" lon="129.46998750">
   <ele>1730.03</ele>
  </trkpt>
  <trkpt lat="-3.14971134" lon="129.46995338">
   <ele>1730.51</ele>
  </trkpt>
  <trkpt lat="-3.14968393" lon="129.47001365">
   <ele>1730.51</ele>
  </trkpt>
  <trkpt lat="-3.14967538" lon="129.47002103">
   <ele>1730.03</ele>
  </trkpt>
  <trkpt lat="-3.14962124" lon="129.47002354">
   <ele>1730.51</ele>
  </trkpt>
  <trkpt lat="-3.14966147" lon="129.46998222">
   <ele>1730.51</ele>
  </trkpt>
  <trkpt lat="-3.14973749" lon="129.46989857">
   <ele>1730.03</ele>
  </trkpt>
  <trkpt lat="-3.14972634" lon="129.46998607">
   <ele>1730.03</ele>
  </trkpt>
  <trkpt lat="-3.14977563" lon="129.46989689">
   <ele>1730.03</ele>
  </trkpt>
  <trkpt lat="-3.14975836" lon="129.46986428">
   <ele>1730.03</ele>
  </trkpt>
  <trkpt lat="-3.14962517" lon="129.46988633">
   <ele>1729.549</ele>
  </trkpt>
  <trkpt lat="-3.14964219" lon="129.46991885">
   <ele>1729.549</ele>
  </trkpt>
  <trkpt lat="-3.14966574" lon="129.46990787">
   <ele>1730.03</ele>
  </trkpt>
  <trkpt lat="-3.14964999" lon="129.46992489">
   <ele>1727.146</ele>
  </trkpt>
  <trkpt lat="-3.14955158" lon="129.46993226">
   <ele>1723.781</ele>
  </trkpt>
  <trkpt lat="-3.14955167" lon="129.46993737">
   <ele>1723.301</ele>
  </trkpt>
  <trkpt lat="-3.14949140" lon="129.47004517">
   <ele>1719.936</ele>
  </trkpt>
  <trkpt lat="-3.14936542" lon="129.46985289">
   <ele>1716.571</ele>
  </trkpt>
  <trkpt lat="-3.14940012" lon="129.46988608">
   <ele>1714.649</ele>
  </trkpt>
  <trkpt lat="-3.14929107" lon="129.46994467">
   <ele>1711.284</ele>
  </trkpt>
  <trkpt lat="-3.14925059" lon="129.46993444">
   <ele>1708.4</ele>
  </trkpt>
  <trkpt lat="-3.14919979" lon="129.46999345">
   <ele>1705.035</ele>
  </trkpt>
  <trkpt lat="-3.14909653" lon="129.47001399">
   <ele>1703.113</ele>
  </trkpt>
  <trkpt lat="-3.14921798" lon="129.46986118">
   <ele>1702.151</ele>
  </trkpt>
  <trkpt lat="-3.14920080" lon="129.46982807">
   <ele>1702.151</ele>
  </trkpt>
  <trkpt lat="-3.14905998" lon="129.46992195">
   <ele>1702.151</ele>
  </trkpt>
  <trkpt lat="-3.14901975" lon="129.46984660">
   <ele>1702.151</ele>
  </trkpt>
  <trkpt lat="-3.14895538" lon="129.46981542">
   <ele>1702.632</ele>
  </trkpt>
  <trkpt lat="-3.14888740" lon="129.46985054">
   <ele>1700.709</ele>
  </trkpt>
  <trkpt lat="-3.14889260" lon="129.46975758">
   <ele>1699.268</ele>
  </trkpt>
  <trkpt lat="-3.14882445" lon="129.46977108">
   <ele>1697.345</ele>
  </trkpt>
  <trkpt lat="-3.14870887" lon="129.46977024">
   <ele>1696.384</ele>
  </trkpt>
  <trkpt lat="-3.14872487" lon="129.46979572">
   <ele>1696.384</ele>
  </trkpt>
  <trkpt lat="-3.14868129" lon="129.46980234">
   <ele>1695.422</ele>
  </trkpt>
  <trkpt lat="-3.14856763" lon="129.46978223">
   <ele>1692.058</ele>
  </trkpt>
  <trkpt lat="-3.14853368" lon="129.46982590">
   <ele>1689.174</ele>
  </trkpt>
  <trkpt lat="-3.14851315" lon="129.46982514">
   <ele>1687.732</ele>
  </trkpt>
  <trkpt lat="-3.14842648" lon="129.46983344">
   <ele>1685.328</ele>
  </trkpt>
  <trkpt lat="-3.14836378" lon="129.46982724">
   <ele>1683.406</ele>
  </trkpt>
  <trkpt lat="-3.14831248" lon="129.46983176">
   <ele>1682.445</ele>
  </trkpt>
  <trkpt lat="-3.14829614" lon="129.46972925">
   <ele>1680.041</ele>
  </trkpt>
  <trkpt lat="-3.14825993" lon="129.46973437">
   <ele>1678.599</ele>
  </trkpt>
  <trkpt lat="-3.14819120" lon="129.46974685">
   <ele>1677.157</ele>
  </trkpt>
  <trkpt lat="-3.14816086" lon="129.46975616">
   <ele>1676.196</ele>
  </trkpt>
  <trkpt lat="-3.14810939" lon="129.46973135">
   <ele>1673.792</ele>
  </trkpt>
  <trkpt lat="-3.14805306" lon="129.46973177">
   <ele>1672.351</ele>
  </trkpt>
  <trkpt lat="-3.14803488" lon="129.46972389">
   <ele>1668.986</ele>
  </trkpt>
  <trkpt lat="-3.14801694" lon="129.46969966">
   <ele>1666.583</ele>
  </trkpt>
  <trkpt lat="-3.14801375" lon="129.46966932">
   <ele>1665.141</ele>
  </trkpt>
  <trkpt lat="-3.14800998" lon="129.46967795">
   <ele>1664.66</ele>
  </trkpt>
  <trkpt lat="-3.14792893" lon="129.46968533">
   <ele>1661.296</ele>
  </trkpt>
  <trkpt lat="-3.14792105" lon="129.46969430">
   <ele>1658.892</ele>
  </trkpt>
  <trkpt lat="-3.14786799" lon="129.46970813">
   <ele>1656.008</ele>
  </trkpt>
  <trkpt lat="-3.14787017" lon="129.46968525">
   <ele>1655.528</ele>
  </trkpt>
  <trkpt lat="-3.14787663" lon="129.46967485">
   <ele>1652.163</ele>
  </trkpt>
  <trkpt lat="-3.14778954" lon="129.46965884">
   <ele>1649.279</ele>
  </trkpt>
  <trkpt lat="-3.14774226" lon="129.46973068">
   <ele>1647.356</ele>
  </trkpt>
  <trkpt lat="-3.14768996" lon="129.46976278">
   <ele>1645.915</ele>
  </trkpt>
  <trkpt lat="-3.14766884" lon="129.46975012">
   <ele>1643.03</ele>
  </trkpt>
  <trkpt lat="-3.14764319" lon="129.46971626">
   <ele>1642.55</ele>
  </trkpt>
  <trkpt lat="-3.14761033" lon="129.46972917">
   <ele>1639.666</ele>
  </trkpt>
  <trkpt lat="-3.14758116" lon="129.46982699">
   <ele>1636.782</ele>
  </trkpt>
  <trkpt lat="-3.14756314" lon="129.46983704">
   <ele>1633.898</ele>
  </trkpt>
  <trkpt lat="-3.14755904" lon="129.46977359">
   <ele>1632.456</ele>
  </trkpt>
  <trkpt lat="-3.14750053" lon="129.46978642">
   <ele>1631.495</ele>
  </trkpt>
  <trkpt lat="-3.14748687" lon="129.46986169">
   <ele>1628.611</ele>
  </trkpt>
  <trkpt lat="-3.14751059" lon="129.46985858">
   <ele>1628.13</ele>
  </trkpt>
  <trkpt lat="-3.14743968" lon="129.46985029">
   <ele>1625.246</ele>
  </trkpt>
  <trkpt lat="-3.14748318" lon="129.46984685">
   <ele>1624.285</ele>
  </trkpt>
  <trkpt lat="-3.14743926" lon="129.46992857">
   <ele>1621.401</ele>
  </trkpt>
  <trkpt lat="-3.14734756" lon="129.46991315">
   <ele>1618.036</ele>
  </trkpt>
  <trkpt lat="-3.14734362" lon="129.46998809">
   <ele>1615.152</ele>
  </trkpt>
  <trkpt lat="-3.14726919" lon="129.46999932">
   <ele>1611.788</ele>
  </trkpt>
  <trkpt lat="-3.14728520" lon="129.47000493">
   <ele>1609.384</ele>
  </trkpt>
  <trkpt lat="-3.14723692" lon="129.47008749">
   <ele>1607.942</ele>
  </trkpt>
  <trkpt lat="-3.14723792" lon="129.47012597">
   <ele>1604.578</ele>
  </trkpt>
  <trkpt lat="-3.14722896" lon="129.47009395">
   <ele>1603.616</ele>
  </trkpt>
  <trkpt lat="-3.14715553" lon="129.47018280">
   <ele>1601.694</ele>
  </trkpt>
  <trkpt lat="-3.14713986" lon="129.47014642">
   <ele>1600.732</ele>
  </trkpt>
  <trkpt lat="-3.14719518" lon="129.47017224">
   <ele>1600.732</ele>
  </trkpt>
  <trkpt lat="-3.14717967" lon="129.47011968">
   <ele>1600.252</ele>
  </trkpt>
  <trkpt lat="-3.14713349" lon="129.47021917">
   <ele>1598.329</ele>
  </trkpt>
  <trkpt lat="-3.14704212" lon="129.47026838">
   <ele>1596.407</ele>
  </trkpt>
  <trkpt lat="-3.14701287" lon="129.47025346">
   <ele>1594.964</ele>
  </trkpt>
  <trkpt lat="-3.14693710" lon="129.47024818">
   <ele>1592.081</ele>
  </trkpt>
  <trkpt lat="-3.14688689" lon="129.47030987">
   <ele>1590.158</ele>
  </trkpt>
  <trkpt lat="-3.14684666" lon="129.47021725">
   <ele>1589.197</ele>
  </trkpt>
  <trkpt lat="-3.14678312" lon="129.47019294">
   <ele>1585.832</ele>
  </trkpt>
  <trkpt lat="-3.14674415" lon="129.47014499">
   <ele>1584.39</ele>
  </trkpt>
  <trkpt lat="-3.14670492" lon="129.47006486">
   <ele>1581.506</ele>
  </trkpt>
  <trkpt lat="-3.14669386" lon="129.47003184">
   <ele>1579.583</ele>
  </trkpt>
  <trkpt lat="-3.14660559" lon="129.47011415">
   <ele>1576.219</ele>
  </trkpt>
  <trkpt lat="-3.14648883" lon="129.47015136">
   <ele>1575.257</ele>
  </trkpt>
  <trkpt lat="-3.14645145" lon="129.47017358">
   <ele>1572.854</ele>
  </trkpt>
  <trkpt lat="-3.14638490" lon="129.47027056">
   <ele>1569.97</ele>
  </trkpt>
  <trkpt lat="-3.14632312" lon="129.47034423">
   <ele>1567.086</ele>
  </trkpt>
  <trkpt lat="-3.14627023" lon="129.47045194">
   <ele>1564.683</ele>
  </trkpt>
  <trkpt lat="-3.14623042" lon="129.47054179">
   <ele>1563.241</ele>
  </trkpt>
  <trkpt lat="-3.14622355" lon="129.47071195">
   <ele>1560.357</ele>
  </trkpt>
  <trkpt lat="-3.14617778" lon="129.47077137">
   <ele>1559.396</ele>
  </trkpt>
  <trkpt lat="-3.14617694" lon="129.47074866">
   <ele>1558.915</ele>
  </trkpt>
  <trkpt lat="-3.14610654" lon="129.47078638">
   <ele>1555.551</ele>
  </trkpt>
  <trkpt lat="-3.14603537" lon="129.47076106">
   <ele>1552.667</ele>
  </trkpt>
  <trkpt lat="-3.14596966" lon="129.47071572">
   <ele>1551.705</ele>
  </trkpt>
  <trkpt lat="-3.14594183" lon="129.47074623">
   <ele>1548.341</ele>
  </trkpt>
  <trkpt lat="-3.14589984" lon="129.47075025">
   <ele>1546.898</ele>
  </trkpt>
  <trkpt lat="-3.14586564" lon="129.47081454">
   <ele>1543.053</ele>
  </trkpt>
  <trkpt lat="-3.14583563" lon="129.47078093">
   <ele>1540.169</ele>
  </trkpt>
  <trkpt lat="-3.14571334" lon="129.47078202">
   <ele>1537.285</ele>
  </trkpt>
  <trkpt lat="-3.14577654" lon="129.47069770">
   <ele>1534.882</ele>
  </trkpt>
  <trkpt lat="-3.14570404" lon="129.47068186">
   <ele>1531.517</ele>
  </trkpt>
  <trkpt lat="-3.14563447" lon="129.47078043">
   <ele>1529.114</ele>
  </trkpt>
  <trkpt lat="-3.14562977" lon="129.47082795">
   <ele>1526.711</ele>
  </trkpt>
  <trkpt lat="-3.14559616" lon="129.47094387">
   <ele>1525.75</ele>
  </trkpt>
  <trkpt lat="-3.14563774" lon="129.47100372">
   <ele>1523.346</ele>
  </trkpt>
  <trkpt lat="-3.14562617" lon="129.47097338">
   <ele>1519.982</ele>
  </trkpt>
  <trkpt lat="-3.14556884" lon="129.47108930">
   <ele>1516.617</ele>
  </trkpt>
  <trkpt lat="-3.14561334" lon="129.47113825">
   <ele>1513.733</ele>
  </trkpt>
  <trkpt lat="-3.14561846" lon="129.47106583">
   <ele>1513.733</ele>
  </trkpt>
  <trkpt lat="-3.14564276" lon="129.47109198">
   <ele>1514.214</ele>
  </trkpt>
  <trkpt lat="-3.14555475" lon="129.47110606">
   <ele>1513.252</ele>
  </trkpt>
  <trkpt lat="-3.14546976" lon="129.47110254">
   <ele>1512.772</ele>
  </trkpt>
  <trkpt lat="-3.14542919" lon="129.47111520">
   <ele>1509.888</ele>
  </trkpt>
  <trkpt lat="-3.14544420" lon="129.47112526">
   <ele>1506.523</ele>
  </trkpt>
  <trkpt lat="-3.14547789" lon="129.47115158">
   <ele>1505.081</ele>
  </trkpt>
  <trkpt lat="-3.14549893" lon="129.47124302">
   <ele>1502.678</ele>
  </trkpt>
  <trkpt lat="-3.14553858" lon="129.47124948">
   <ele>1501.717</ele>
  </trkpt>
  <trkpt lat="-3.14550807" lon="129.47131419">
   <ele>1498.352</ele>
  </trkpt>
  <trkpt lat="-3.14551050" lon="129.47129575">
   <ele>1497.391</ele>
  </trkpt>
  <trkpt lat="-3.14546197" lon="129.47132383">
   <ele>1494.507</ele>
  </trkpt>
  <trkpt lat="-3.14542584" lon="129.47127605">
   <ele>1493.065</ele>
  </trkpt>
  <trkpt lat="-3.14542433" lon="129.47130572">
   <ele>1491.142</ele>
  </trkpt>
  <trkpt lat="-3.14543230" lon="129.47137454">
   <ele>1488.258</ele>
  </trkpt>
  <trkpt lat="-3.14537899" lon="129.47143732">
   <ele>1487.297</ele>
  </trkpt>
  <trkpt lat="-3.14543087" lon="129.47148015">
   <ele>1486.336</ele>
  </trkpt>
  <trkpt lat="-3.14545476" lon="129.47149314">
   <ele>1483.451</ele>
  </trkpt>
  <trkpt lat="-3.14539072" lon="129.47149825">
   <ele>1482.49</ele>
  </trkpt>
  <trkpt lat="-3.14527203" lon="129.47146975">
   <ele>1482.01</ele>
  </trkpt>
  <trkpt lat="-3.14528737" lon="129.47144427">
   <ele>1480.087</ele>
  </trkpt>
  <trkpt lat="-3.14540748" lon="129.47149054">
   <ele>1476.722</ele>
  </trkpt>
  <trkpt lat="-3.14538485" lon="129.47146732">
   <ele>1476.722</ele>
  </trkpt>
  <trkpt lat="-3.14531939" lon="129.47145165">
   <ele>1473.838</ele>
  </trkpt>
  <trkpt lat="-3.14543297" lon="129.47141670">
   <ele>1472.396</ele>
  </trkpt>
  <trkpt lat="-3.14537873" lon="129.47155165">
   <ele>1469.993</ele>
  </trkpt>
  <trkpt lat="-3.14538485" lon="129.47162624">
   <ele>1468.551</ele>
  </trkpt>
  <trkpt lat="-3.14535367" lon="129.47152692">
   <ele>1466.148</ele>
  </trkpt>
  <trkpt lat="-3.14511982" lon="129.47162432">
   <ele>1462.783</ele>
  </trkpt>
  <trkpt lat="-3.14529818" lon="129.47164837">
   <ele>1459.899</ele>
  </trkpt>
  <trkpt lat="-3.14529684" lon="129.47171082">
   <ele>1458.457</ele>
  </trkpt>
  <trkpt lat="-3.14529584" lon="129.47177678">
   <ele>1457.496</ele>
  </trkpt>
  <trkpt lat="-3.14525619" lon="129.47177703">
   <ele>1457.015</ele>
  </trkpt>
  <trkpt lat="-3.14522233" lon="129.47170084">
   <ele>1457.015</ele>
  </trkpt>
  <trkpt lat="-3.14524387" lon="129.47167796">
   <ele>1457.496</ele>
  </trkpt>
  <trkpt lat="-3.14530992" lon="129.47169732">
   <ele>1455.573</ele>
  </trkpt>
  <trkpt lat="-3.14518696" lon="129.47173487">
   <ele>1452.689</ele>
  </trkpt>
  <trkpt lat="-3.14519014" lon="129.47172247">
   <ele>1449.325</ele>
  </trkpt>
  <trkpt lat="-3.14522476" lon="129.47176798">
   <ele>1448.844</ele>
  </trkpt>
  <trkpt lat="-3.14513273" lon="129.47181299">
   <ele>1445.96</ele>
  </trkpt>
  <trkpt lat="-3.14511638" lon="129.47163664">
   <ele>1442.596</ele>
  </trkpt>
  <trkpt lat="-3.14514195" lon="129.47161912">
   <ele>1447.402</ele>
  </trkpt>
  <trkpt lat="-3.14517162" lon="129.47160286">
   <ele>1444.999</ele>
  </trkpt>
  <trkpt lat="-3.14520448" lon="129.47164854">
   <ele>1443.557</ele>
  </trkpt>
  <trkpt lat="-3.14516072" lon="129.47180562">
   <ele>1440.673</ele>
  </trkpt>
  <trkpt lat="-3.14513692" lon="129.47186186">
   <ele>1437.308</ele>
  </trkpt>
  <trkpt lat="-3.14512686" lon="129.47187284">
   <ele>1446.441</ele>
  </trkpt>
  <trkpt lat="-3.14512317" lon="129.47188298">
   <ele>1442.115</ele>
  </trkpt>
  <trkpt lat="-3.14511085" lon="129.47190712">
   <ele>1441.154</ele>
  </trkpt>
  <trkpt lat="-3.14521185" lon="129.47196462">
   <ele>1440.673</ele>
  </trkpt>
  <trkpt lat="-3.14521923" lon="129.47188860">
   <ele>1441.154</ele>
  </trkpt>
  <trkpt lat="-3.14521344" lon="129.47186178">
   <ele>1441.154</ele>
  </trkpt>
  <trkpt lat="-3.14515326" lon="129.47192917">
   <ele>1441.154</ele>
  </trkpt>
  <trkpt lat="-3.14515326" lon="129.47197787">
   <ele>1444.038</ele>
  </trkpt>
  <trkpt lat="-3.14520875" lon="129.47192238">
   <ele>1443.076</ele>
  </trkpt>
  <trkpt lat="-3.14521135" lon="129.47190855">
   <ele>1443.557</ele>
  </trkpt>
  <trkpt lat="-3.14515787" lon="129.47191835">
   <ele>1442.115</ele>
  </trkpt>
  <trkpt lat="-3.14514907" lon="129.47193864">
   <ele>1440.673</ele>
  </trkpt>
  <trkpt lat="-3.14518754" lon="129.47204207">
   <ele>1439.231</ele>
  </trkpt>
  <trkpt lat="-3.14512946" lon="129.47206998">
   <ele>1436.828</ele>
  </trkpt>
  <trkpt lat="-3.14500163" lon="129.47201273">
   <ele>1434.424</ele>
  </trkpt>
  <trkpt lat="-3.14500406" lon="129.47204886">
   <ele>1430.579</ele>
  </trkpt>
  <trkpt lat="-3.14504363" lon="129.47214257">
   <ele>1429.137</ele>
  </trkpt>
  <trkpt lat="-3.14501236" lon="129.47220124">
   <ele>1427.695</ele>
  </trkpt>
  <trkpt lat="-3.14505285" lon="129.47220468">
   <ele>1424.811</ele>
  </trkpt>
  <trkpt lat="-3.14505327" lon="129.47220434">
   <ele>1424.331</ele>
  </trkpt>
  <trkpt lat="-3.14505192" lon="129.47220686">
   <ele>1429.618</ele>
  </trkpt>
  <trkpt lat="-3.14505268" lon="129.47221004">
   <ele>1428.176</ele>
  </trkpt>
  <trkpt lat="-3.14503139" lon="129.47226034">
   <ele>1425.292</ele>
  </trkpt>
  <trkpt lat="-3.14506316" lon="129.47230954">
   <ele>1425.292</ele>
  </trkpt>
  <trkpt lat="-3.14506760" lon="129.47232672">
   <ele>1424.331</ele>
  </trkpt>
  <trkpt lat="-3.14508545" lon="129.47236938">
   <ele>1420.966</ele>
  </trkpt>
  <trkpt lat="-3.14508277" lon="129.47239428">
   <ele>1420.485</ele>
  </trkpt>
  <trkpt lat="-3.14512166" lon="129.47245413">
   <ele>1418.563</ele>
  </trkpt>
  <trkpt lat="-3.14511194" lon="129.47244423">
   <ele>1417.601</ele>
  </trkpt>
  <trkpt lat="-3.14515326" lon="129.47244910">
   <ele>1416.64</ele>
  </trkpt>
  <trkpt lat="-3.14519006" lon="129.47250115">
   <ele>1415.679</ele>
  </trkpt>
  <trkpt lat="-3.14514748" lon="129.47254968">
   <ele>1413.756</ele>
  </trkpt>
  <trkpt lat="-3.14514865" lon="129.47254943">
   <ele>1410.391</ele>
  </trkpt>
  <trkpt lat="-3.14507908" lon="129.47255907">
   <ele>1409.911</ele>
  </trkpt>
  <trkpt lat="-3.14507330" lon="129.47252956">
   <ele>1406.065</ele>
  </trkpt>
  <trkpt lat="-3.14507347" lon="129.47252856">
   <ele>1409.911</ele>
  </trkpt>
  <trkpt lat="-3.14509652" lon="129.47250400">
   <ele>1406.546</ele>
  </trkpt>
  <trkpt lat="-3.14509124" lon="129.47263660">
   <ele>1405.104</ele>
  </trkpt>
  <trkpt lat="-3.14513407" lon="129.47261766">
   <ele>1403.662</ele>
  </trkpt>
  <trkpt lat="-3.14526717" lon="129.47264917">
   <ele>1403.181</ele>
  </trkpt>
  <trkpt lat="-3.14528033" lon="129.47251364">
   <ele>1404.143</ele>
  </trkpt>
  <trkpt lat="-3.14514387" lon="129.47252965">
   <ele>1403.662</ele>
  </trkpt>
  <trkpt lat="-3.14507162" lon="129.47249528">
   <ele>1403.181</ele>
  </trkpt>
  <trkpt lat="-3.14510993" lon="129.47252654">
   <ele>1404.143</ele>
  </trkpt>
  <trkpt lat="-3.14508218" lon="129.47257499">
   <ele>1404.624</ele>
  </trkpt>
  <trkpt lat="-3.14509417" lon="129.47254775">
   <ele>1405.104</ele>
  </trkpt>
  <trkpt lat="-3.14506249" lon="129.47252789">
   <ele>1404.624</ele>
  </trkpt>
  <trkpt lat="-3.14509694" lon="129.47251565">
   <ele>1405.104</ele>
  </trkpt>
  <trkpt lat="-3.14508009" lon="129.47250718">
   <ele>1404.143</ele>
  </trkpt>
  <trkpt lat="-3.14506659" lon="129.47257348">
   <ele>1403.662</ele>
  </trkpt>
  <trkpt lat="-3.14513197" lon="129.47254515">
   <ele>1404.143</ele>
  </trkpt>
  <trkpt lat="-3.14515536" lon="129.47264138">
   <ele>1404.624</ele>
  </trkpt>
  <trkpt lat="-3.14514932" lon="129.47268689">
   <ele>1401.74</ele>
  </trkpt>
  <trkpt lat="-3.14506617" lon="129.47270089">
   <ele>1398.855</ele>
  </trkpt>
  <trkpt lat="-3.14500205" lon="129.47269896">
   <ele>1396.452</ele>
  </trkpt>
  <trkpt lat="-3.14502309" lon="129.47270424">
   <ele>1398.375</ele>
  </trkpt>
  <trkpt lat="-3.14506064" lon="129.47271883">
   <ele>1395.972</ele>
  </trkpt>
  <trkpt lat="-3.14513038" lon="129.47275478">
   <ele>1393.088</ele>
  </trkpt>
  <trkpt lat="-3.14504706" lon="129.47276912">
   <ele>1392.607</ele>
  </trkpt>
  <trkpt lat="-3.14504706" lon="129.47274682">
   <ele>1390.684</ele>
  </trkpt>
  <trkpt lat="-3.14497280" lon="129.47286802">
   <ele>1388.762</ele>
  </trkpt>
  <trkpt lat="-3.14495184" lon="129.47290666">
   <ele>1385.397</ele>
  </trkpt>
  <trkpt lat="-3.14497984" lon="129.47289845">
   <ele>1384.917</ele>
  </trkpt>
  <trkpt lat="-3.14499727" lon="129.47295905">
   <ele>1383.955</ele>
  </trkpt>
  <trkpt lat="-3.14490172" lon="129.47291865">
   <ele>1383.955</ele>
  </trkpt>
  <trkpt lat="-3.14489292" lon="129.47292536">
   <ele>1382.994</ele>
  </trkpt>
  <trkpt lat="-3.14476904" lon="129.47296215">
   <ele>1379.629</ele>
  </trkpt>
  <trkpt lat="-3.14476183" lon="129.47300758">
   <ele>1377.226</ele>
  </trkpt>
  <trkpt lat="-3.14472872" lon="129.47303868">
   <ele>1373.381</ele>
  </trkpt>
  <trkpt lat="-3.14478764" lon="129.47315292">
   <ele>1372.9</ele>
  </trkpt>
  <trkpt lat="-3.14476183" lon="129.47314513">
   <ele>1370.497</ele>
  </trkpt>
  <trkpt lat="-3.14469779" lon="129.47317103">
   <ele>1369.535</ele>
  </trkpt>
  <trkpt lat="-3.14469854" lon="129.47326432">
   <ele>1366.651</ele>
  </trkpt>
  <trkpt lat="-3.14465018" lon="129.47337815">
   <ele>1364.729</ele>
  </trkpt>
  <trkpt lat="-3.14460693" lon="129.47330296">
   <ele>1361.364</ele>
  </trkpt>
  <trkpt lat="-3.14461447" lon="129.47322886">
   <ele>1361.845</ele>
  </trkpt>
  <trkpt lat="-3.14463308" lon="129.47329349">
   <ele>1360.403</ele>
  </trkpt>
  <trkpt lat="-3.14468337" lon="129.47336373">
   <ele>1359.922</ele>
  </trkpt>
  <trkpt lat="-3.14453367" lon="129.47335166">
   <ele>1357.038</ele>
  </trkpt>
  <trkpt lat="-3.14456603" lon="129.47335728">
   <ele>1357.038</ele>
  </trkpt>
  <trkpt lat="-3.14465772" lon="129.47342793">
   <ele>1357.038</ele>
  </trkpt>
  <trkpt lat="-3.14461724" lon="129.47337949">
   <ele>1356.077</ele>
  </trkpt>
  <trkpt lat="-3.14471883" lon="129.47341712">
   <ele>1355.115</ele>
  </trkpt>
  <trkpt lat="-3.14464247" lon="129.47344964">
   <ele>1354.635</ele>
  </trkpt>
  <trkpt lat="-3.14462269" lon="129.47349725">
   <ele>1354.154</ele>
  </trkpt>
  <trkpt lat="-3.14449729" lon="129.47357202">
   <ele>1350.79</ele>
  </trkpt>
  <trkpt lat="-3.14436603" lon="129.47368610">
   <ele>1350.79</ele>
  </trkpt>
  <trkpt lat="-3.14423813" lon="129.47368895">
   <ele>1349.348</ele>
  </trkpt>
  <trkpt lat="-3.14417778" lon="129.47384066">
   <ele>1346.464</ele>
  </trkpt>
  <trkpt lat="-3.14414735" lon="129.47388190">
   <ele>1343.099</ele>
  </trkpt>
  <trkpt lat="-3.14422094" lon="129.47389992">
   <ele>1340.215</ele>
  </trkpt>
  <trkpt lat="-3.14411793" lon="129.47395298">
   <ele>1340.215</ele>
  </trkpt>
  <trkpt lat="-3.14412874" lon="129.47396102">
   <ele>1338.773</ele>
  </trkpt>
  <trkpt lat="-3.14410586" lon="129.47392565">
   <ele>1337.331</ele>
  </trkpt>
  <trkpt lat="-3.14404090" lon="129.47398558">
   <ele>1338.292</ele>
  </trkpt>
  <trkpt lat="-3.14406579" lon="129.47396069">
   <ele>1338.292</ele>
  </trkpt>
  <trkpt lat="-3.14400570" lon="129.47410058">
   <ele>1335.408</ele>
  </trkpt>
  <trkpt lat="-3.14402590" lon="129.47410159">
   <ele>1333.005</ele>
  </trkpt>
  <trkpt lat="-3.14404794" lon="129.47411248">
   <ele>1330.121</ele>
  </trkpt>
  <trkpt lat="-3.14404333" lon="129.47411257">
   <ele>1330.121</ele>
  </trkpt>
  <trkpt lat="-3.14396764" lon="129.47414316">
   <ele>1326.757</ele>
  </trkpt>
  <trkpt lat="-3.14393663" lon="129.47419563">
   <ele>1327.238</ele>
  </trkpt>
  <trkpt lat="-3.14403009" lon="129.47417627">
   <ele>1325.795</ele>
  </trkpt>
  <trkpt lat="-3.14409974" lon="129.47420552">
   <ele>1322.431</ele>
  </trkpt>
  <trkpt lat="-3.14409136" lon="129.47427384">
   <ele>1321.95</ele>
  </trkpt>
  <trkpt lat="-3.14398072" lon="129.47434726">
   <ele>1321.469</ele>
  </trkpt>
  <trkpt lat="-3.14398642" lon="129.47433469">
   <ele>1320.508</ele>
  </trkpt>
  <trkpt lat="-3.14387494" lon="129.47434927">
   <ele>1319.547</ele>
  </trkpt>
  <trkpt lat="-3.14392389" lon="129.47424668">
   <ele>1319.547</ele>
  </trkpt>
  <trkpt lat="-3.14379615" lon="129.47434206">
   <ele>1316.663</ele>
  </trkpt>
  <trkpt lat="-3.14382599" lon="129.47432388">
   <ele>1320.508</ele>
  </trkpt>
  <trkpt lat="-3.14382356" lon="129.47432748">
   <ele>1317.144</ele>
  </trkpt>
  <trkpt lat="-3.14382423" lon="129.47431759">
   <ele>1315.221</ele>
  </trkpt>
  <trkpt lat="-3.14383127" lon="129.47431558">
   <ele>1319.547</ele>
  </trkpt>
  <trkpt lat="-3.14383127" lon="129.47431499">
   <ele>1318.105</ele>
  </trkpt>
  <trkpt lat="-3.14384669" lon="129.47431658">
   <ele>1317.144</ele>
  </trkpt>
  <trkpt lat="-3.14385465" lon="129.47423654">
   <ele>1315.702</ele>
  </trkpt>
  <trkpt lat="-3.14380839" lon="129.47431449">
   <ele>1314.74</ele>
  </trkpt>
  <trkpt lat="-3.14379598" lon="129.47433938">
   <ele>1311.856</ele>
  </trkpt>
  <trkpt lat="-3.14378140" lon="129.47430946">
   <ele>1308.492</ele>
  </trkpt>
  <trkpt lat="-3.14375415" lon="129.47432463">
   <ele>1308.011</ele>
  </trkpt>
  <trkpt lat="-3.14377712" lon="129.47428264">
   <ele>1308.011</ele>
  </trkpt>
  <trkpt lat="-3.14371258" lon="129.47428264">
   <ele>1307.53</ele>
  </trkpt>
  <trkpt lat="-3.14372482" lon="129.47437467">
   <ele>1304.166</ele>
  </trkpt>
  <trkpt lat="-3.14367738" lon="129.47432497">
   <ele>1300.801</ele>
  </trkpt>
  <trkpt lat="-3.14356238" lon="129.47432798">
   <ele>1300.801</ele>
  </trkpt>
  <trkpt lat="-3.14363387" lon="129.47433787">
   <ele>1300.801</ele>
  </trkpt>
  <trkpt lat="-3.14363899" lon="129.47436637">
   <ele>1300.321</ele>
  </trkpt>
  <trkpt lat="-3.14343455" lon="129.47458128">
   <ele>1297.437</ele>
  </trkpt>
  <trkpt lat="-3.14332324" lon="129.47469587">
   <ele>1294.072</ele>
  </trkpt>
  <trkpt lat="-3.14341444" lon="129.47473040">
   <ele>1290.707</ele>
  </trkpt>
  <trkpt lat="-3.14339675" lon="129.47463795">
   <ele>1290.227</ele>
  </trkpt>
  <trkpt lat="-3.14338787" lon="129.47473928">
   <ele>1289.746</ele>
  </trkpt>
  <trkpt lat="-3.14317077" lon="129.47484179">
   <ele>1290.707</ele>
  </trkpt>
  <trkpt lat="-3.14323565" lon="129.47485755">
   <ele>1294.552</ele>
  </trkpt>
  <trkpt lat="-3.14323992" lon="129.47485437">
   <ele>1291.188</ele>
  </trkpt>
  <trkpt lat="-3.14326214" lon="129.47484490">
   <ele>1292.149</ele>
  </trkpt>
  <trkpt lat="-3.14316675" lon="129.47472537">
   <ele>1292.63</ele>
  </trkpt>
  <trkpt lat="-3.14339315" lon="129.47478714">
   <ele>1292.149</ele>
  </trkpt>
  <trkpt lat="-3.14338409" lon="129.47482335">
   <ele>1295.033</ele>
  </trkpt>
  <trkpt lat="-3.14337227" lon="129.47484607">
   <ele>1290.707</ele>
  </trkpt>
  <trkpt lat="-3.14337010" lon="129.47484909">
   <ele>1294.072</ele>
  </trkpt>
  <trkpt lat="-3.14333774" lon="129.47480642">
   <ele>1292.63</ele>
  </trkpt>
  <trkpt lat="-3.14333045" lon="129.47476426">
   <ele>1293.591</ele>
  </trkpt>
  <trkpt lat="-3.14333900" lon="129.47478094">
   <ele>1293.591</ele>
  </trkpt>
  <trkpt lat="-3.14336867" lon="129.47472160">
   <ele>1293.111</ele>
  </trkpt>
  <trkpt lat="-3.14335534" lon="129.47469746">
   <ele>1293.111</ele>
  </trkpt>
 </trkseg>
</trk>
<trk>
 <name>Track 124</name>
 <trkseg>
  <trkpt lat="-3.33831456" lon="128.92477831">
   <ele>6.386</ele>
  </trkpt>
  <trkpt lat="-3.33903347" lon="128.92781926">
   <ele>11.193</ele>
  </trkpt>
  <trkpt lat="-3.33870046" lon="128.92899625">
   <ele>10.712</ele>
  </trkpt>
  <trkpt lat="-3.32949352" lon="128.93394266">
   <ele>22.728</ele>
  </trkpt>
  <trkpt lat="-3.32445407" lon="128.93371970">
   <ele>16.48</ele>
  </trkpt>
  <trkpt lat="-3.31915939" lon="128.93211599">
   <ele>10.231</ele>
  </trkpt>
  <trkpt lat="-3.31823185" lon="128.93239888">
   <ele>10.712</ele>
  </trkpt>
  <trkpt lat="-3.31304312" lon="128.93805742">
   <ele>8.789</ele>
  </trkpt>
  <trkpt lat="-3.31157176" lon="128.94122209">
   <ele>12.634</ele>
  </trkpt>
  <trkpt lat="-3.31192187" lon="128.94287157">
   <ele>13.596</ele>
  </trkpt>
  <trkpt lat="-3.31129566" lon="128.94372736">
   <ele>9.751</ele>
  </trkpt>
  <trkpt lat="-3.31052050" lon="128.94331640">
   <ele>8.309</ele>
  </trkpt>
  <trkpt lat="-3.31124386" lon="128.94385946">
   <ele>8.789</ele>
  </trkpt>
  <trkpt lat="-3.30657355" lon="128.94738003">
   <ele>12.634</ele>
  </trkpt>
  <trkpt lat="-3.29799559" lon="128.95735273">
   <ele>7.828</ele>
  </trkpt>
  <trkpt lat="-3.29777607" lon="128.95810635">
   <ele>6.386</ele>
  </trkpt>
  <trkpt lat="-3.29872624" lon="128.95868269">
   <ele>9.27</ele>
  </trkpt>
  <trkpt lat="-3.29794572" lon="128.95991248">
   <ele>11.193</ele>
  </trkpt>
  <trkpt lat="-3.29942998" lon="128.95975096">
   <ele>11.193</ele>
  </trkpt>
  <trkpt lat="-3.29857134" lon="128.96173144">
   <ele>12.154</ele>
  </trkpt>
  <trkpt lat="-3.30065634" lon="128.96289552">
   <ele>14.557</ele>
  </trkpt>
  <trkpt lat="-3.29961246" lon="128.96591359">
   <ele>15.999</ele>
  </trkpt>
  <trkpt lat="-3.30162856" lon="128.96716685">
   <ele>25.132</ele>
  </trkpt>
  <trkpt lat="-3.29958463" lon="128.97105329">
   <ele>38.109</ele>
  </trkpt>
  <trkpt lat="-3.30054595" lon="128.97169727">
   <ele>42.916</ele>
  </trkpt>
  <trkpt lat="-3.29939788" lon="128.97353148">
   <ele>47.723</ele>
  </trkpt>
  <trkpt lat="-3.29580548" lon="128.97505682">
   <ele>32.822</ele>
  </trkpt>
  <trkpt lat="-3.28594283" lon="128.98218890">
   <ele>21.767</ele>
  </trkpt>
  <trkpt lat="-3.28110547" lon="128.98387995">
   <ele>16.96</ele>
  </trkpt>
  <trkpt lat="-3.27724962" lon="128.98817274">
   <ele>19.364</ele>
  </trkpt>
  <trkpt lat="-3.27380349" lon="128.98963094">
   <ele>14.076</ele>
  </trkpt>
  <trkpt lat="-3.27122312" lon="128.99014668">
   <ele>16.96</ele>
  </trkpt>
  <trkpt lat="-3.26723820" lon="128.98839368">
   <ele>17.922</ele>
  </trkpt>
  <trkpt lat="-3.26186146" lon="128.98747989">
   <ele>15.038</ele>
  </trkpt>
  <trkpt lat="-3.25664624" lon="128.98773487">
   <ele>8.789</ele>
  </trkpt>
  <trkpt lat="-3.25929827" lon="129.04983563">
   <ele>36.187</ele>
  </trkpt>
  <trkpt lat="-3.25817325" lon="129.05335427">
   <ele>31.38</ele>
  </trkpt>
  <trkpt lat="-3.25705276" lon="129.05353256">
   <ele>32.822</ele>
  </trkpt>
  <trkpt lat="-3.25498008" lon="129.05255657">
   <ele>33.303</ele>
  </trkpt>
  <trkpt lat="-3.25355717" lon="129.05304934">
   <ele>32.342</ele>
  </trkpt>
  <trkpt lat="-3.25241723" lon="129.05925966">
   <ele>33.783</ele>
  </trkpt>
  <trkpt lat="-3.24899985" lon="129.07070138">
   <ele>36.187</ele>
  </trkpt>
  <trkpt lat="-3.24326922" lon="129.07319055">
   <ele>40.032</ele>
  </trkpt>
  <trkpt lat="-3.24119277" lon="129.07520522">
   <ele>38.59</ele>
  </trkpt>
  <trkpt lat="-3.23225347" lon="129.07139372">
   <ele>40.993</ele>
  </trkpt>
  <trkpt lat="-3.22480875" lon="129.06052466">
   <ele>40.032</ele>
  </trkpt>
  <trkpt lat="-3.22705963" lon="129.05122116">
   <ele>35.225</ele>
  </trkpt>
  <trkpt lat="-3.23587094" lon="129.04153772">
   <ele>27.054</ele>
  </trkpt>
  <trkpt lat="-3.23593975" lon="129.04069819">
   <ele>27.054</ele>
  </trkpt>
  <trkpt lat="-3.20958302" lon="129.02081287">
   <ele>44.839</ele>
  </trkpt>
  <trkpt lat="-3.20198315" lon="129.03029507">
   <ele>64.065</ele>
  </trkpt>
  <trkpt lat="-3.19775968" lon="129.03084853">
   <ele>72.236</ele>
  </trkpt>
  <trkpt lat="-3.19557779" lon="129.03263639">
   <ele>73.678</ele>
  </trkpt>
  <trkpt lat="-3.19241739" lon="129.04245210">
   <ele>147.219</ele>
  </trkpt>
  <trkpt lat="-3.18955614" lon="129.04474723">
   <ele>147.7</ele>
  </trkpt>
  <trkpt lat="-3.18705347" lon="129.04523036">
   <ele>177.02</ele>
  </trkpt>
  <trkpt lat="-3.18533996" lon="129.04756489">
   <ele>201.534</ele>
  </trkpt>
  <trkpt lat="-3.18466027" lon="129.04750077">
   <ele>207.301</ele>
  </trkpt>
  <trkpt lat="-3.18433380" lon="129.04570218">
   <ele>214.992</ele>
  </trkpt>
  <trkpt lat="-3.18382854" lon="129.04589128">
   <ele>216.434</ele>
  </trkpt>
  <trkpt lat="-3.18321766" lon="129.04745174">
   <ele>234.218</ele>
  </trkpt>
  <trkpt lat="-3.18150247" lon="129.04868036">
   <ele>259.213</ele>
  </trkpt>
  <trkpt lat="-3.18012826" lon="129.05162165">
   <ele>290.456</ele>
  </trkpt>
  <trkpt lat="-3.17661323" lon="129.05107582">
   <ele>299.588</ele>
  </trkpt>
  <trkpt lat="-3.17547404" lon="129.05340213">
   <ele>312.085</ele>
  </trkpt>
  <trkpt lat="-3.17274925" lon="129.05353767">
   <ele>332.273</ele>
  </trkpt>
  <trkpt lat="-3.17387662" lon="129.05800028">
   <ele>400.046</ele>
  </trkpt>
  <trkpt lat="-3.17001876" lon="129.05881433">
   <ele>395.72</ele>
  </trkpt>
  <trkpt lat="-3.16727604" lon="129.06104132">
   <ele>373.129</ele>
  </trkpt>
  <trkpt lat="-3.16651488" lon="129.06651193">
   <ele>402.449</ele>
  </trkpt>
  <trkpt lat="-3.16312448" lon="129.06810299">
   <ele>420.714</ele>
  </trkpt>
  <trkpt lat="-3.16222812" lon="129.06976780">
   <ele>424.559</ele>
  </trkpt>
  <trkpt lat="-3.15837773" lon="129.07134083">
   <ele>428.885</ele>
  </trkpt>
  <trkpt lat="-3.15720652" lon="129.07307178">
   <ele>427.924</ele>
  </trkpt>
  <trkpt lat="-3.15324415" lon="129.07370176">
   <ele>454.841</ele>
  </trkpt>
  <trkpt lat="-3.15453018" lon="129.07429009">
   <ele>445.708</ele>
  </trkpt>
  <trkpt lat="-3.15448274" lon="129.07625036">
   <ele>432.25</ele>
  </trkpt>
  <trkpt lat="-3.15087668" lon="129.07615992">
   <ele>430.327</ele>
  </trkpt>
  <trkpt lat="-3.14947472" lon="129.07684179">
   <ele>422.637</ele>
  </trkpt>
  <trkpt lat="-3.14748058" lon="129.07629529">
   <ele>433.211</ele>
  </trkpt>
  <trkpt lat="-3.14531998" lon="129.07712828">
   <ele>439.46</ele>
  </trkpt>
  <trkpt lat="-3.14230283" lon="129.07477758">
   <ele>466.377</ele>
  </trkpt>
  <trkpt lat="-3.14162456" lon="129.07718545">
   <ele>472.625</ele>
  </trkpt>
  <trkpt lat="-3.13860079" lon="129.07750815">
   <ele>467.819</ele>
  </trkpt>
  <trkpt lat="-3.13812537" lon="129.07627744">
   <ele>471.183</ele>
  </trkpt>
  <trkpt lat="-3.13731467" lon="129.07613838">
   <ele>471.664</ele>
  </trkpt>
  <trkpt lat="-3.13238553" lon="129.07741779">
   <ele>503.868</ele>
  </trkpt>
  <trkpt lat="-3.13142194" lon="129.07392723">
   <ele>529.343</ele>
  </trkpt>
  <trkpt lat="-3.13185655" lon="129.07176043">
   <ele>552.895</ele>
  </trkpt>
  <trkpt lat="-3.13051242" lon="129.07032469">
   <ele>562.028</ele>
  </trkpt>
  <trkpt lat="-3.12969754" lon="129.07055528">
   <ele>572.603</ele>
  </trkpt>
  <trkpt lat="-3.12944314" lon="129.07186093">
   <ele>589.906</ele>
  </trkpt>
  <trkpt lat="-3.12641962" lon="129.07332357">
   <ele>608.171</ele>
  </trkpt>
  <trkpt lat="-3.12513887" lon="129.07467448">
   <ele>612.978</ele>
  </trkpt>
  <trkpt lat="-3.12030192" lon="129.07189965">
   <ele>650.469</ele>
  </trkpt>
  <trkpt lat="-3.11767395" lon="129.07196453">
   <ele>681.231</ele>
  </trkpt>
  <trkpt lat="-3.11552399" lon="129.07406604">
   <ele>706.706</ele>
  </trkpt>
  <trkpt lat="-3.11218422" lon="129.07559406">
   <ele>685.557</ele>
  </trkpt>
  <trkpt lat="-3.10842745" lon="129.07551024">
   <ele>676.425</ele>
  </trkpt>
  <trkpt lat="-3.10711484" lon="129.07639420">
   <ele>673.06</ele>
  </trkpt>
  <trkpt lat="-3.10657262" lon="129.07574384">
   <ele>661.524</ele>
  </trkpt>
  <trkpt lat="-3.10625955" lon="129.07134653">
   <ele>630.762</ele>
  </trkpt>
  <trkpt lat="-3.10468946" lon="129.07251539">
   <ele>629.801</ele>
  </trkpt>
  <trkpt lat="-3.10336025" lon="129.07262284">
   <ele>618.746</ele>
  </trkpt>
  <trkpt lat="-3.10080713" lon="129.07196637">
   <ele>610.574</ele>
  </trkpt>
  <trkpt lat="-3.09877292" lon="129.06955691">
   <ele>603.845</ele>
  </trkpt>
  <trkpt lat="-3.09687216" lon="129.07081529">
   <ele>587.503</ele>
  </trkpt>
  <trkpt lat="-3.09479672" lon="129.06677521">
   <ele>601.442</ele>
  </trkpt>
  <trkpt lat="-3.08932065" lon="129.07317898">
   <ele>600.961</ele>
  </trkpt>
  <trkpt lat="-3.08855966" lon="129.07305082">
   <ele>598.558</ele>
  </trkpt>
  <trkpt lat="-3.08776933" lon="129.07190636">
   <ele>596.155</ele>
  </trkpt>
  <trkpt lat="-3.08778123" lon="129.06971474">
   <ele>591.829</ele>
  </trkpt>
  <trkpt lat="-3.08628548" lon="129.06752028">
   <ele>598.077</ele>
  </trkpt>
  <trkpt lat="-3.08420392" lon="129.06604548">
   <ele>591.829</ele>
  </trkpt>
  <trkpt lat="-3.08426393" lon="129.06514149">
   <ele>579.812</ele>
  </trkpt>
  <trkpt lat="-3.08297924" lon="129.06366519">
   <ele>557.702</ele>
  </trkpt>
  <trkpt lat="-3.08282853" lon="129.06296949">
   <ele>555.779</ele>
  </trkpt>
  <trkpt lat="-3.08448974" lon="129.06065810">
   <ele>560.586</ele>
  </trkpt>
  <trkpt lat="-3.08330865" lon="129.05852918">
   <ele>567.315</ele>
  </trkpt>
  <trkpt lat="-3.08213987" lon="129.05892145">
   <ele>561.547</ele>
  </trkpt>
  <trkpt lat="-3.08142423" lon="129.06008729">
   <ele>544.244</ele>
  </trkpt>
  <trkpt lat="-3.07917419" lon="129.05962628">
   <ele>511.559</ele>
  </trkpt>
  <trkpt lat="-3.07930713" lon="129.05814629">
   <ele>513.481</ele>
  </trkpt>
  <trkpt lat="-3.07848528" lon="129.05718120">
   <ele>513.962</ele>
  </trkpt>
  <trkpt lat="-3.07990048" lon="129.05421183">
   <ele>526.459</ele>
  </trkpt>
  <trkpt lat="-3.07839207" lon="129.05370262">
   <ele>527.42</ele>
  </trkpt>
  <trkpt lat="-3.07881444" lon="129.05293308">
   <ele>526.459</ele>
  </trkpt>
  <trkpt lat="-3.07642979" lon="129.05053359">
   <ele>487.526</ele>
  </trkpt>
  <trkpt lat="-3.07666649" lon="129.04877423">
   <ele>482.719</ele>
  </trkpt>
  <trkpt lat="-3.07553896" lon="129.04744352">
   <ele>475.029</ele>
  </trkpt>
  <trkpt lat="-3.07597859" lon="129.04597384">
   <ele>465.416</ele>
  </trkpt>
  <trkpt lat="-3.07519815" lon="129.04424516">
   <ele>452.918</ele>
  </trkpt>
  <trkpt lat="-3.07643993" lon="129.04335525">
   <ele>450.515</ele>
  </trkpt>
  <trkpt lat="-3.07659030" lon="129.04197500">
   <ele>440.421</ele>
  </trkpt>
  <trkpt lat="-3.07442157" lon="129.04247934">
   <ele>413.504</ele>
  </trkpt>
  <trkpt lat="-3.07400323" lon="129.04121585">
   <ele>396.201</ele>
  </trkpt>
  <trkpt lat="-3.07311466" lon="129.04113438">
   <ele>378.897</ele>
  </trkpt>
  <trkpt lat="-3.07229164" lon="129.04465285">
   <ele>347.654</ele>
  </trkpt>
  <trkpt lat="-3.06858868" lon="129.04244690">
   <ele>298.627</ele>
  </trkpt>
  <trkpt lat="-3.06660527" lon="129.04307689">
   <ele>283.726</ele>
  </trkpt>
  <trkpt lat="-3.06483996" lon="129.04187484">
   <ele>291.897</ele>
  </trkpt>
  <trkpt lat="-3.06391904" lon="129.03982513">
   <ele>293.82</ele>
  </trkpt>
  <trkpt lat="-3.06217326" lon="129.03951827">
   <ele>278.92</ele>
  </trkpt>
  <trkpt lat="-3.06165710" lon="129.03834740">
   <ele>276.036</ele>
  </trkpt>
  <trkpt lat="-3.06207075" lon="129.03506010">
   <ele>264.981</ele>
  </trkpt>
  <trkpt lat="-3.06086794" lon="129.03476212">
   <ele>262.097</ele>
  </trkpt>
  <trkpt lat="-3.05953195" lon="129.03464394">
   <ele>264.981</ele>
  </trkpt>
  <trkpt lat="-3.05951368" lon="129.03858192">
   <ele>280.362</ele>
  </trkpt>
  <trkpt lat="-3.05666710" lon="129.03684050">
   <ele>268.345</ele>
  </trkpt>
  <trkpt lat="-3.05601373" lon="129.03566980">
   <ele>259.213</ele>
  </trkpt>
  <trkpt lat="-3.05179085" lon="129.03722866">
   <ele>250.08</ele>
  </trkpt>
  <trkpt lat="-3.05156546" lon="129.03865493">
   <ele>246.715</ele>
  </trkpt>
  <trkpt lat="-3.04847538" lon="129.03936605">
   <ele>251.041</ele>
  </trkpt>
  <trkpt lat="-3.04606928" lon="129.03608965">
   <ele>265.461</ele>
  </trkpt>
  <trkpt lat="-3.04323812" lon="129.03647739">
   <ele>279.881</ele>
  </trkpt>
  <trkpt lat="-3.04183734" lon="129.03871972">
   <ele>280.362</ele>
  </trkpt>
  <trkpt lat="-3.03916594" lon="129.03835854">
   <ele>295.262</ele>
  </trkpt>
  <trkpt lat="-3.03834158" lon="129.03901703">
   <ele>295.743</ele>
  </trkpt>
  <trkpt lat="-3.03456595" lon="129.03726228">
   <ele>248.158</ele>
  </trkpt>
  <trkpt lat="-3.02947084" lon="129.03779520">
   <ele>254.887</ele>
  </trkpt>
  <trkpt lat="-3.02733564" lon="129.03600734">
   <ele>262.577</ele>
  </trkpt>
  <trkpt lat="-3.02205529" lon="129.03786485">
   <ele>336.118</ele>
  </trkpt>
  <trkpt lat="-3.02110512" lon="129.03942925">
   <ele>354.864</ele>
  </trkpt>
  <trkpt lat="-3.01872935" lon="129.03855585">
   <ele>384.184</ele>
  </trkpt>
  <trkpt lat="-3.01487703" lon="129.04040742">
   <ele>429.847</ele>
  </trkpt>
  <trkpt lat="-3.01397354" lon="129.03833457">
   <ele>444.747</ele>
  </trkpt>
  <trkpt lat="-3.01166542" lon="129.03832410">
   <ele>456.283</ele>
  </trkpt>
  <trkpt lat="-3.01035206" lon="129.04024992">
   <ele>479.354</ele>
  </trkpt>
  <trkpt lat="-3.00844383" lon="129.04054647">
   <ele>481.277</ele>
  </trkpt>
  <trkpt lat="-3.00630804" lon="129.03823692">
   <ele>469.261</ele>
  </trkpt>
  <trkpt lat="-3.00601928" lon="129.03569939">
   <ele>452.438</ele>
  </trkpt>
  <trkpt lat="-3.00493534" lon="129.03467855">
   <ele>441.863</ele>
  </trkpt>
  <trkpt lat="-3.00529551" lon="129.03379644">
   <ele>421.195</ele>
  </trkpt>
  <trkpt lat="-3.00472344" lon="129.03345773">
   <ele>419.753</ele>
  </trkpt>
  <trkpt lat="-3.00288294" lon="129.03317744">
   <ele>410.14</ele>
  </trkpt>
  <trkpt lat="-3.00224575" lon="129.03406022">
   <ele>396.201</ele>
  </trkpt>
  <trkpt lat="-3.00087053" lon="129.03433532">
   <ele>376.494</ele>
  </trkpt>
  <trkpt lat="-3.00022320" lon="129.03375772">
   <ele>372.167</ele>
  </trkpt>
  <trkpt lat="-2.99911176" lon="129.03541834">
   <ele>353.903</ele>
  </trkpt>
  <trkpt lat="-2.99772640" lon="129.03237060">
   <ele>308.72</ele>
  </trkpt>
  <trkpt lat="-2.99480933" lon="129.03228602">
   <ele>306.317</ele>
  </trkpt>
  <trkpt lat="-2.99351575" lon="129.03381522">
   <ele>278.92</ele>
  </trkpt>
  <trkpt lat="-2.99370225" lon="129.03557885">
   <ele>257.29</ele>
  </trkpt>
  <trkpt lat="-2.99236106" lon="129.04006644">
   <ele>193.362</ele>
  </trkpt>
  <trkpt lat="-2.99149504" lon="129.04083758">
   <ele>174.617</ele>
  </trkpt>
  <trkpt lat="-2.99020263" lon="129.04049409">
   <ele>161.639</ele>
  </trkpt>
  <trkpt lat="-2.98828913" lon="129.04276986">
   <ele>122.225</ele>
  </trkpt>
  <trkpt lat="-2.98898315" lon="129.04400049">
   <ele>116.457</ele>
  </trkpt>
  <trkpt lat="-2.98703855" lon="129.04413016">
   <ele>112.612</ele>
  </trkpt>
  <trkpt lat="-2.98716864" lon="129.04540018">
   <ele>118.379</ele>
  </trkpt>
  <trkpt lat="-2.98639826" lon="129.04630425">
   <ele>125.109</ele>
  </trkpt>
  <trkpt lat="-2.98560843" lon="129.04597862">
   <ele>126.551</ele>
  </trkpt>
  <trkpt lat="-2.98504148" lon="129.04652956">
   <ele>130.877</ele>
  </trkpt>
  <trkpt lat="-2.98650244" lon="129.04934856">
   <ele>122.705</ele>
  </trkpt>
  <trkpt lat="-2.98406004" lon="129.04901354">
   <ele>128.954</ele>
  </trkpt>
  <trkpt lat="-2.98241576" lon="129.05007636">
   <ele>121.264</ele>
  </trkpt>
  <trkpt lat="-2.98159878" lon="129.05235750">
   <ele>121.264</ele>
  </trkpt>
  <trkpt lat="-2.97776733" lon="129.05314213">
   <ele>102.037</ele>
  </trkpt>
  <trkpt lat="-2.97820193" lon="129.05346123">
   <ele>99.634</ele>
  </trkpt>
  <trkpt lat="-2.97759592" lon="129.05405349">
   <ele>93.866</ele>
  </trkpt>
  <trkpt lat="-2.97616806" lon="129.05371302">
   <ele>102.998</ele>
  </trkpt>
  <trkpt lat="-2.97431499" lon="129.05553885">
   <ele>112.131</ele>
  </trkpt>
  <trkpt lat="-2.97289333" lon="129.05557849">
   <ele>107.805</ele>
  </trkpt>
  <trkpt lat="-2.97220149" lon="129.05876454">
   <ele>81.369</ele>
  </trkpt>
  <trkpt lat="-2.97165826" lon="129.05782275">
   <ele>83.772</ele>
  </trkpt>
  <trkpt lat="-2.97054112" lon="129.05818652">
   <ele>87.137</ele>
  </trkpt>
  <trkpt lat="-2.96969287" lon="129.06152763">
   <ele>61.662</ele>
  </trkpt>
  <trkpt lat="-2.97025169" lon="129.06416056">
   <ele>56.375</ele>
  </trkpt>
  <trkpt lat="-2.96933287" lon="129.06455979">
   <ele>63.584</ele>
  </trkpt>
  <trkpt lat="-2.96817122" lon="129.06391597">
   <ele>66.949</ele>
  </trkpt>
  <trkpt lat="-2.96594339" lon="129.06536722">
   <ele>75.601</ele>
  </trkpt>
  <trkpt lat="-2.96121223" lon="129.06663213">
   <ele>61.662</ele>
  </trkpt>
  <trkpt lat="-2.96106638" lon="129.06562840">
   <ele>68.391</ele>
  </trkpt>
  <trkpt lat="-2.95968186" lon="129.06516764">
   <ele>65.507</ele>
  </trkpt>
  <trkpt lat="-2.95490057" lon="129.06635477">
   <ele>70.794</ele>
  </trkpt>
  <trkpt lat="-2.95376918" lon="129.06516010">
   <ele>82.811</ele>
  </trkpt>
  <trkpt lat="-2.95300492" lon="129.06535699">
   <ele>89.54</ele>
  </trkpt>
  <trkpt lat="-2.95377413" lon="129.06809326">
   <ele>123.186</ele>
  </trkpt>
  <trkpt lat="-2.95649447" lon="129.07055897">
   <ele>157.794</ele>
  </trkpt>
  <trkpt lat="-2.96433633" lon="129.06997919">
   <ele>156.832</ele>
  </trkpt>
  <trkpt lat="-2.96690706" lon="129.07076818">
   <ele>165.965</ele>
  </trkpt>
  <trkpt lat="-2.97083189" lon="129.07066106">
   <ele>192.882</ele>
  </trkpt>
  <trkpt lat="-2.97320087" lon="129.07136254">
   <ele>221.721</ele>
  </trkpt>
  <trkpt lat="-2.97641943" lon="129.07329516">
   <ele>197.208</ele>
  </trkpt>
  <trkpt lat="-2.98041333" lon="129.07340236">
   <ele>194.324</ele>
  </trkpt>
  <trkpt lat="-2.98321942" lon="129.07490549">
   <ele>183.268</ele>
  </trkpt>
  <trkpt lat="-2.98570256" lon="129.07517899">
   <ele>188.556</ele>
  </trkpt>
  <trkpt lat="-2.98732496" lon="129.07424776">
   <ele>182.788</ele>
  </trkpt>
  <trkpt lat="-2.98993332" lon="129.07437768">
   <ele>189.036</ele>
  </trkpt>
  <trkpt lat="-2.99163284" lon="129.07616747">
   <ele>170.771</ele>
  </trkpt>
  <trkpt lat="-2.99169134" lon="129.07766590">
   <ele>152.026</ele>
  </trkpt>
  <trkpt lat="-2.99409536" lon="129.07821785">
   <ele>114.534</ele>
  </trkpt>
  <trkpt lat="-2.99464286" lon="129.08227134">
   <ele>65.026</ele>
  </trkpt>
  <trkpt lat="-2.99794827" lon="129.08336090">
   <ele>75.12</ele>
  </trkpt>
  <trkpt lat="-2.99997434" lon="129.08638098">
   <ele>83.291</ele>
  </trkpt>
  <trkpt lat="-3.00269879" lon="129.08632684">
   <ele>91.463</ele>
  </trkpt>
  <trkpt lat="-3.00485370" lon="129.08744196">
   <ele>116.938</ele>
  </trkpt>
  <trkpt lat="-3.01084776" lon="129.08373163">
   <ele>209.224</ele>
  </trkpt>
  <trkpt lat="-3.01242616" lon="129.08446052">
   <ele>223.644</ele>
  </trkpt>
  <trkpt lat="-3.01388109" lon="129.08432105">
   <ele>214.031</ele>
  </trkpt>
  <trkpt lat="-3.01483705" lon="129.08556224">
   <ele>227.97</ele>
  </trkpt>
  <trkpt lat="-3.01551062" lon="129.08472648">
   <ele>240.467</ele>
  </trkpt>
  <trkpt lat="-3.01597045" lon="129.08619457">
   <ele>259.213</ele>
  </trkpt>
  <trkpt lat="-3.01762202" lon="129.08616800">
   <ele>279.881</ele>
  </trkpt>
  <trkpt lat="-3.01855325" lon="129.08756887">
   <ele>311.604</ele>
  </trkpt>
  <trkpt lat="-3.01785822" lon="129.08875063">
   <ele>324.102</ele>
  </trkpt>
  <trkpt lat="-3.01859667" lon="129.08902916">
   <ele>336.118</ele>
  </trkpt>
  <trkpt lat="-3.01785965" lon="129.09004002">
   <ele>352.461</ele>
  </trkpt>
  <trkpt lat="-3.01921953" lon="129.08979367">
   <ele>375.052</ele>
  </trkpt>
  <trkpt lat="-3.01874008" lon="129.09056707">
   <ele>394.759</ele>
  </trkpt>
  <trkpt lat="-3.01992863" lon="129.09077276">
   <ele>412.543</ele>
  </trkpt>
  <trkpt lat="-3.01918935" lon="129.09113947">
   <ele>422.156</ele>
  </trkpt>
  <trkpt lat="-3.02008814" lon="129.09201496">
   <ele>439.94</ele>
  </trkpt>
  <trkpt lat="-3.01854839" lon="129.09365279">
   <ele>475.029</ele>
  </trkpt>
  <trkpt lat="-3.01969847" lon="129.09322137">
   <ele>500.023</ele>
  </trkpt>
  <trkpt lat="-3.02049005" lon="129.09442719">
   <ele>513.001</ele>
  </trkpt>
  <trkpt lat="-3.02296196" lon="129.09558792">
   <ele>545.686</ele>
  </trkpt>
  <trkpt lat="-3.02510412" lon="129.09965582">
   <ele>594.713</ele>
  </trkpt>
  <trkpt lat="-3.02736221" lon="129.09971994">
   <ele>616.823</ele>
  </trkpt>
  <trkpt lat="-3.02829780" lon="129.10181626">
   <ele>627.878</ele>
  </trkpt>
  <trkpt lat="-3.03005498" lon="129.10271077">
   <ele>626.917</ele>
  </trkpt>
  <trkpt lat="-3.03224819" lon="129.10279828">
   <ele>628.84</ele>
  </trkpt>
  <trkpt lat="-3.03623269" lon="129.10466753">
   <ele>648.546</ele>
  </trkpt>
  <trkpt lat="-3.03314748" lon="129.10632723">
   <ele>650.95</ele>
  </trkpt>
  <trkpt lat="-3.03312745" lon="129.11029707">
   <ele>704.784</ele>
  </trkpt>
  <trkpt lat="-3.03423302" lon="129.11244367">
   <ele>742.275</ele>
  </trkpt>
  <trkpt lat="-3.03391744" lon="129.11496126">
   <ele>787.457</ele>
  </trkpt>
  <trkpt lat="-3.03490190" lon="129.11542109">
   <ele>806.203</ele>
  </trkpt>
  <trkpt lat="-3.03615038" lon="129.11914425">
   <ele>840.33</ele>
  </trkpt>
  <trkpt lat="-3.03597453" lon="129.12082247">
   <ele>847.54</ele>
  </trkpt>
  <trkpt lat="-3.03431382" lon="129.12381775">
   <ele>888.876</ele>
  </trkpt>
  <trkpt lat="-3.03471498" lon="129.12565883">
   <ele>919.158</ele>
  </trkpt>
  <trkpt lat="-3.03702822" lon="129.12727704">
   <ele>960.494</ele>
  </trkpt>
  <trkpt lat="-3.03759249" lon="129.12890053">
   <ele>987.411</ele>
  </trkpt>
  <trkpt lat="-3.04073989" lon="129.13059695">
   <ele>1038.842</ele>
  </trkpt>
  <trkpt lat="-3.03576699" lon="129.12975725">
   <ele>1043.648</ele>
  </trkpt>
  <trkpt lat="-3.03623102" lon="129.13100850">
   <ele>1064.797</ele>
  </trkpt>
  <trkpt lat="-3.03455564" lon="129.13196898">
   <ele>1089.792</ele>
  </trkpt>
  <trkpt lat="-3.03287365" lon="129.13542476">
   <ele>1102.77</ele>
  </trkpt>
  <trkpt lat="-3.03481875" lon="129.13711438">
   <ele>1097.963</ele>
  </trkpt>
  <trkpt lat="-3.03665263" lon="129.13718713">
   <ele>1089.311</ele>
  </trkpt>
  <trkpt lat="-3.03627125" lon="129.13908203">
   <ele>1086.908</ele>
  </trkpt>
  <trkpt lat="-3.03834845" lon="129.14073293">
   <ele>1097.963</ele>
  </trkpt>
  <trkpt lat="-3.03989877" lon="129.14525606">
   <ele>1150.835</ele>
  </trkpt>
  <trkpt lat="-3.03968444" lon="129.14638326">
   <ele>1144.106</ele>
  </trkpt>
  <trkpt lat="-3.04131464" lon="129.14761464">
   <ele>1134.012</ele>
  </trkpt>
  <trkpt lat="-3.04328397" lon="129.14777717">
   <ele>1137.377</ele>
  </trkpt>
  <trkpt lat="-3.04380809" lon="129.15121576">
   <ele>1105.173</ele>
  </trkpt>
  <trkpt lat="-3.04598403" lon="129.15189628">
   <ele>1124.88</ele>
  </trkpt>
  <trkpt lat="-3.04727945" lon="129.15387232">
   <ele>1106.134</ele>
  </trkpt>
  <trkpt lat="-3.05038176" lon="129.15500765">
   <ele>1104.212</ele>
  </trkpt>
  <trkpt lat="-3.05060648" lon="129.15662158">
   <ele>1083.543</ele>
  </trkpt>
  <trkpt lat="-3.05386981" lon="129.15737009">
   <ele>1060.952</ele>
  </trkpt>
  <trkpt lat="-3.05393997" lon="129.15985993">
   <ele>1022.5</ele>
  </trkpt>
  <trkpt lat="-3.05209276" lon="129.15960755">
   <ele>1007.599</ele>
  </trkpt>
  <trkpt lat="-3.05138600" lon="129.16050425">
   <ele>989.334</ele>
  </trkpt>
  <trkpt lat="-3.05597417" lon="129.16829053">
   <ele>985.008</ele>
  </trkpt>
  <trkpt lat="-3.05464153" lon="129.16915655">
   <ele>960.975</ele>
  </trkpt>
  <trkpt lat="-3.05495812" lon="129.17013807">
   <ele>946.075</ele>
  </trkpt>
  <trkpt lat="-3.05579429" lon="129.17038299">
   <ele>939.345</ele>
  </trkpt>
  <trkpt lat="-3.05667741" lon="129.17139678">
   <ele>928.29</ele>
  </trkpt>
  <trkpt lat="-3.05626787" lon="129.17193892">
   <ele>925.887</ele>
  </trkpt>
  <trkpt lat="-3.05912510" lon="129.17451259">
   <ele>910.506</ele>
  </trkpt>
  <trkpt lat="-3.05936071" lon="129.17780911">
   <ele>908.583</ele>
  </trkpt>
  <trkpt lat="-3.05991417" lon="129.17650614">
   <ele>903.296</ele>
  </trkpt>
  <trkpt lat="-3.06012757" lon="129.17735347">
   <ele>900.412</ele>
  </trkpt>
  <trkpt lat="-3.06263745" lon="129.17823776">
   <ele>913.39</ele>
  </trkpt>
  <trkpt lat="-3.06301262" lon="129.17943662">
   <ele>900.893</ele>
  </trkpt>
  <trkpt lat="-3.06642992" lon="129.18119749">
   <ele>894.644</ele>
  </trkpt>
  <trkpt lat="-3.06755402" lon="129.18254966">
   <ele>881.666</ele>
  </trkpt>
  <trkpt lat="-3.06712428" lon="129.18373654">
   <ele>881.186</ele>
  </trkpt>
  <trkpt lat="-3.06429422" lon="129.18566504">
   <ele>874.456</ele>
  </trkpt>
  <trkpt lat="-3.06465246" lon="129.18469576">
   <ele>876.379</ele>
  </trkpt>
  <trkpt lat="-3.06925328" lon="129.18714873">
   <ele>882.147</ele>
  </trkpt>
  <trkpt lat="-3.06960189" lon="129.19078421">
   <ele>871.572</ele>
  </trkpt>
  <trkpt lat="-3.07184028" lon="129.19024768">
   <ele>863.401</ele>
  </trkpt>
  <trkpt lat="-3.07180792" lon="129.18882988">
   <ele>860.998</ele>
  </trkpt>
  <trkpt lat="-3.07097635" lon="129.19169985">
   <ele>855.23</ele>
  </trkpt>
  <trkpt lat="-3.06935571" lon="129.19162726">
   <ele>849.943</ele>
  </trkpt>
  <trkpt lat="-3.06711590" lon="129.19259369">
   <ele>826.39</ele>
  </trkpt>
  <trkpt lat="-3.06451106" lon="129.19145828">
   <ele>809.087</ele>
  </trkpt>
  <trkpt lat="-3.06564043" lon="129.19337774">
   <ele>804.761</ele>
  </trkpt>
  <trkpt lat="-3.06480082" lon="129.19314346">
   <ele>807.164</ele>
  </trkpt>
  <trkpt lat="-3.05903323" lon="129.19153984">
   <ele>851.385</ele>
  </trkpt>
  <trkpt lat="-3.05665294" lon="129.19004308">
   <ele>881.186</ele>
  </trkpt>
  <trkpt lat="-3.05518602" lon="129.19034508">
   <ele>901.373</ele>
  </trkpt>
  <trkpt lat="-3.05245897" lon="129.18920204">
   <ele>930.694</ele>
  </trkpt>
  <trkpt lat="-3.04734986" lon="129.18993286">
   <ele>941.749</ele>
  </trkpt>
  <trkpt lat="-3.04373668" lon="129.18952667">
   <ele>964.34</ele>
  </trkpt>
  <trkpt lat="-3.04364129" lon="129.18862637">
   <ele>971.549</ele>
  </trkpt>
  <trkpt lat="-3.04076940" lon="129.18826000">
   <ele>998.947</ele>
  </trkpt>
  <trkpt lat="-3.03925454" lon="129.18735928">
   <ele>1022.5</ele>
  </trkpt>
  <trkpt lat="-3.03500525" lon="129.18797267">
   <ele>1070.565</ele>
  </trkpt>
  <trkpt lat="-3.03115619" lon="129.18543865">
   <ele>1126.802</ele>
  </trkpt>
  <trkpt lat="-3.01606810" lon="129.18377417">
   <ele>1147.471</ele>
  </trkpt>
  <trkpt lat="-3.01259103" lon="129.18175371">
   <ele>1094.118</ele>
  </trkpt>
  <trkpt lat="-3.01293964" lon="129.18476634">
   <ele>1093.637</ele>
  </trkpt>
  <trkpt lat="-3.01215819" lon="129.18257078">
   <ele>1078.256</ele>
  </trkpt>
  <trkpt lat="-3.01061952" lon="129.18123378">
   <ele>1043.648</ele>
  </trkpt>
  <trkpt lat="-3.00847225" lon="129.18101602">
   <ele>1010.002</ele>
  </trkpt>
  <trkpt lat="-3.00840595" lon="129.18035159">
   <ele>1001.35</ele>
  </trkpt>
  <trkpt lat="-3.00694917" lon="129.17958490">
   <ele>982.605</ele>
  </trkpt>
  <trkpt lat="-3.00644140" lon="129.17990307">
   <ele>970.588</ele>
  </trkpt>
  <trkpt lat="-3.00748486" lon="129.18117796">
   <ele>948.958</ele>
  </trkpt>
  <trkpt lat="-3.00725377" lon="129.18228437">
   <ele>931.655</ele>
  </trkpt>
  <trkpt lat="-3.00637384" lon="129.18268570">
   <ele>913.39</ele>
  </trkpt>
  <trkpt lat="-3.00716199" lon="129.18404415">
   <ele>896.086</ele>
  </trkpt>
  <trkpt lat="-3.00506274" lon="129.18245343">
   <ele>860.998</ele>
  </trkpt>
  <trkpt lat="-3.00612842" lon="129.18390845">
   <ele>844.175</ele>
  </trkpt>
  <trkpt lat="-3.00474582" lon="129.18390476">
   <ele>819.181</ele>
  </trkpt>
  <trkpt lat="-3.00436964" lon="129.18539934">
   <ele>780.728</ele>
  </trkpt>
  <trkpt lat="-3.00361904" lon="129.18463097">
   <ele>763.424</ele>
  </trkpt>
  <trkpt lat="-3.00374653" lon="129.18336052">
   <ele>749.966</ele>
  </trkpt>
  <trkpt lat="-3.00309107" lon="129.18317964">
   <ele>740.833</ele>
  </trkpt>
  <trkpt lat="-3.00269980" lon="129.18390107">
   <ele>729.297</ele>
  </trkpt>
  <trkpt lat="-3.00056342" lon="129.18225738">
   <ele>691.325</ele>
  </trkpt>
  <trkpt lat="-2.99949314" lon="129.18260146">
   <ele>667.773</ele>
  </trkpt>
  <trkpt lat="-3.00071538" lon="129.18383695">
   <ele>645.663</ele>
  </trkpt>
  <trkpt lat="-2.99945693" lon="129.18339833">
   <ele>629.801</ele>
  </trkpt>
  <trkpt lat="-2.99869342" lon="129.18385548">
   <ele>617.304</ele>
  </trkpt>
  <trkpt lat="-2.99624657" lon="129.18242594">
   <ele>583.657</ele>
  </trkpt>
  <trkpt lat="-2.99297956" lon="129.18350453">
   <ele>554.337</ele>
  </trkpt>
  <trkpt lat="-2.99312532" lon="129.18201255">
   <ele>548.089</ele>
  </trkpt>
  <trkpt lat="-2.98911818" lon="129.18419955">
   <ele>468.299</ele>
  </trkpt>
  <trkpt lat="-2.98632483" lon="129.18080907">
   <ele>465.896</ele>
  </trkpt>
  <trkpt lat="-2.98433270" lon="129.18171281">
   <ele>426.482</ele>
  </trkpt>
  <trkpt lat="-2.98537265" lon="129.18350612">
   <ele>420.714</ele>
  </trkpt>
  <trkpt lat="-2.98496026" lon="129.18441815">
   <ele>397.162</ele>
  </trkpt>
  <trkpt lat="-2.98553995" lon="129.18469107">
   <ele>382.742</ele>
  </trkpt>
  <trkpt lat="-2.98329066" lon="129.18671312">
   <ele>342.847</ele>
  </trkpt>
  <trkpt lat="-2.98344146" lon="129.18789748">
   <ele>323.621</ele>
  </trkpt>
  <trkpt lat="-2.98215852" lon="129.18987175">
   <ele>283.726</ele>
  </trkpt>
  <trkpt lat="-2.98642432" lon="129.19312678">
   <ele>226.528</ele>
  </trkpt>
  <trkpt lat="-2.98399558" lon="129.19719016">
   <ele>220.76</ele>
  </trkpt>
  <trkpt lat="-2.98482732" lon="129.19849933">
   <ele>207.782</ele>
  </trkpt>
  <trkpt lat="-2.98355478" lon="129.19854962">
   <ele>194.804</ele>
  </trkpt>
  <trkpt lat="-2.98313015" lon="129.20001813">
   <ele>175.578</ele>
  </trkpt>
  <trkpt lat="-2.98412148" lon="129.20108255">
   <ele>158.755</ele>
  </trkpt>
  <trkpt lat="-2.98594790" lon="129.20833927">
   <ele>87.617</ele>
  </trkpt>
  <trkpt lat="-2.98945514" lon="129.21390032">
   <ele>67.91</ele>
  </trkpt>
  <trkpt lat="-2.99004933" lon="129.21934278">
   <ele>61.662</ele>
  </trkpt>
  <trkpt lat="-2.98599048" lon="129.22344706">
   <ele>78.485</ele>
  </trkpt>
  <trkpt lat="-2.98289286" lon="129.22932043">
   <ele>58.778</ele>
  </trkpt>
  <trkpt lat="-2.98313686" lon="129.23072959">
   <ele>54.452</ele>
  </trkpt>
  <trkpt lat="-2.98234812" lon="129.23327166">
   <ele>50.126</ele>
  </trkpt>
  <trkpt lat="-2.98288154" lon="129.23547987">
   <ele>52.049</ele>
  </trkpt>
  <trkpt lat="-2.97982760" lon="129.23523964">
   <ele>47.242</ele>
  </trkpt>
  <trkpt lat="-2.97807838" lon="129.23637087">
   <ele>44.839</ele>
  </trkpt>
  <trkpt lat="-2.96866810" lon="129.23804448">
   <ele>70.794</ele>
  </trkpt>
  <trkpt lat="-2.96711812" lon="129.24139062">
   <ele>105.402</ele>
  </trkpt>
  <trkpt lat="-2.96205226" lon="129.24358022">
   <ele>95.308</ele>
  </trkpt>
  <trkpt lat="-2.96144298" lon="129.24655538">
   <ele>86.656</ele>
  </trkpt>
  <trkpt lat="-2.95830882" lon="129.25273368">
   <ele>52.529</ele>
  </trkpt>
  <trkpt lat="-2.95896789" lon="129.25479253">
   <ele>46.281</ele>
  </trkpt>
  <trkpt lat="-2.96118834" lon="129.25735856">
   <ele>56.855</ele>
  </trkpt>
  <trkpt lat="-2.95739193" lon="129.26174942">
   <ele>43.877</ele>
  </trkpt>
  <trkpt lat="-2.95874602" lon="129.26231017">
   <ele>41.955</ele>
  </trkpt>
  <trkpt lat="-2.95717567" lon="129.26376041">
   <ele>39.071</ele>
  </trkpt>
  <trkpt lat="-2.95788470" lon="129.26373367">
   <ele>38.109</ele>
  </trkpt>
  <trkpt lat="-2.95734708" lon="129.26508936">
   <ele>39.551</ele>
  </trkpt>
  <trkpt lat="-2.95613397" lon="129.26768281">
   <ele>59.258</ele>
  </trkpt>
  <trkpt lat="-2.95625106" lon="129.26640297">
   <ele>60.7</ele>
  </trkpt>
  <trkpt lat="-2.95525219" lon="129.26792613">
   <ele>55.894</ele>
  </trkpt>
  <trkpt lat="-2.95679212" lon="129.27102316">
   <ele>35.706</ele>
  </trkpt>
  <trkpt lat="-2.95687191" lon="129.27354419">
   <ele>33.783</ele>
  </trkpt>
  <trkpt lat="-2.95558286" lon="129.27945402">
   <ele>36.187</ele>
  </trkpt>
  <trkpt lat="-2.95784949" lon="129.28171855">
   <ele>37.148</ele>
  </trkpt>
  <trkpt lat="-2.95811118" lon="129.28333878">
   <ele>34.745</ele>
  </trkpt>
  <trkpt lat="-2.95395073" lon="129.28383012">
   <ele>33.783</ele>
  </trkpt>
  <trkpt lat="-2.95477727" lon="129.28495154">
   <ele>36.187</ele>
  </trkpt>
  <trkpt lat="-2.95458944" lon="129.29012686">
   <ele>68.872</ele>
  </trkpt>
  <trkpt lat="-2.95559878" lon="129.28874033">
   <ele>67.91</ele>
  </trkpt>
  <trkpt lat="-2.95586742" lon="129.29086212">
   <ele>40.993</ele>
  </trkpt>
  <trkpt lat="-2.95918037" lon="129.29348893">
   <ele>34.264</ele>
  </trkpt>
  <trkpt lat="-2.96145388" lon="129.29836552">
   <ele>74.159</ele>
  </trkpt>
  <trkpt lat="-2.96276305" lon="129.29955566">
   <ele>86.656</ele>
  </trkpt>
  <trkpt lat="-2.95995025" lon="129.30319986">
   <ele>76.081</ele>
  </trkpt>
  <trkpt lat="-2.95980466" lon="129.30472294">
   <ele>86.175</ele>
  </trkpt>
  <trkpt lat="-2.96169327" lon="129.30964638">
   <ele>46.761</ele>
  </trkpt>
  <trkpt lat="-2.96172763" lon="129.31629424">
   <ele>46.281</ele>
  </trkpt>
  <trkpt lat="-2.96037974" lon="129.31888467">
   <ele>50.126</ele>
  </trkpt>
  <trkpt lat="-2.96119572" lon="129.32024949">
   <ele>72.717</ele>
  </trkpt>
  <trkpt lat="-2.96090000" lon="129.32330671">
   <ele>106.363</ele>
  </trkpt>
  <trkpt lat="-2.96345531" lon="129.32425311">
   <ele>131.838</ele>
  </trkpt>
  <trkpt lat="-2.96332866" lon="129.32610165">
   <ele>136.645</ele>
  </trkpt>
  <trkpt lat="-2.96403425" lon="129.32758064">
   <ele>145.777</ele>
  </trkpt>
  <trkpt lat="-2.96352656" lon="129.32900674">
   <ele>142.893</ele>
  </trkpt>
 </trkseg>
</trk>
<trk>
 <name>Track 401</name>
 <trkseg>
  <trkpt lat="-3.17146699" lon="129.47344009">
   <ele>2515.427</ele>
  </trkpt>
  <trkpt lat="-3.17192808" lon="129.47421139">
   <ele>2530.327</ele>
  </trkpt>
  <trkpt lat="-3.17213779" lon="129.47383203">
   <ele>2546.189</ele>
  </trkpt>
  <trkpt lat="-3.17273333" lon="129.47357378">
   <ele>2586.084</ele>
  </trkpt>
  <trkpt lat="-3.17277440" lon="129.47287682">
   <ele>2629.343</ele>
  </trkpt>
  <trkpt lat="-3.17537505" lon="129.47283039">
   <ele>2841.314</ele>
  </trkpt>
  <trkpt lat="-3.17567479" lon="129.47264758">
   <ele>2823.049</ele>
  </trkpt>
  <trkpt lat="-3.17545116" lon="129.47274573">
   <ele>2813.436</ele>
  </trkpt>
  <trkpt lat="-3.17544328" lon="129.47274540">
   <ele>2850.927</ele>
  </trkpt>
  <trkpt lat="-3.17543456" lon="129.47275244">
   <ele>2833.623</ele>
  </trkpt>
  <trkpt lat="-3.17616086" lon="129.47269142">
   <ele>2866.308</ele>
  </trkpt>
  <trkpt lat="-3.17664206" lon="129.47223242">
   <ele>2908.606</ele>
  </trkpt>
 </trkseg>
</trk>
<trk>
 <name>Track 404</name>
 <trkseg>
  <trkpt lat="-3.19235779" lon="129.49146713">
   <ele>0</ele>
  </trkpt>
  <trkpt lat="-3.19247204" lon="129.49146713">
   <ele>0</ele>
  </trkpt>
  <trkpt lat="-3.19270053" lon="129.49158138">
   <ele>0</ele>
  </trkpt>
  <trkpt lat="-3.19281469" lon="129.49158138">
   <ele>0</ele>
  </trkpt>
  <trkpt lat="-3.19292894" lon="129.49169562">
   <ele>0</ele>
  </trkpt>
  <trkpt lat="-3.19315734" lon="129.49169562">
   <ele>0</ele>
  </trkpt>
  <trkpt lat="-3.19327159" lon="129.49169562">
   <ele>0</ele>
  </trkpt>
  <trkpt lat="-3.19338583" lon="129.49180987">
   <ele>0</ele>
  </trkpt>
  <trkpt lat="-3.19350000" lon="129.49180987">
   <ele>0</ele>
  </trkpt>
  <trkpt lat="-3.19361424" lon="129.49180987">
   <ele>0</ele>
  </trkpt>
  <trkpt lat="-3.19372849" lon="129.49180987">
   <ele>0</ele>
  </trkpt>
  <trkpt lat="-3.19372849" lon="129.49192403">
   <ele>0</ele>
  </trkpt>
  <trkpt lat="-3.19384265" lon="129.49192403">
   <ele>0</ele>
  </trkpt>
  <trkpt lat="-3.19395689" lon="129.49192403">
   <ele>0</ele>
  </trkpt>
  <trkpt lat="-3.19395689" lon="129.49203827">
   <ele>0</ele>
  </trkpt>
  <trkpt lat="-3.19407114" lon="129.49203827">
   <ele>0</ele>
  </trkpt>
  <trkpt lat="-3.19418530" lon="129.49215252">
   <ele>0</ele>
  </trkpt>
  <trkpt lat="-3.19429955" lon="129.49215252">
   <ele>0</ele>
  </trkpt>
  <trkpt lat="-3.19441379" lon="129.49215252">
   <ele>0</ele>
  </trkpt>
  <trkpt lat="-3.19452795" lon="129.49203827">
   <ele>0</ele>
  </trkpt>
  <trkpt lat="-3.19464220" lon="129.49203827">
   <ele>0</ele>
  </trkpt>
  <trkpt lat="-3.19464220" lon="129.49215252">
   <ele>0</ele>
  </trkpt>
  <trkpt lat="-3.19475644" lon="129.49215252">
   <ele>0</ele>
  </trkpt>
  <trkpt lat="-3.19487060" lon="129.49215252">
   <ele>0</ele>
  </trkpt>
  <trkpt lat="-3.19498485" lon="129.49215252">
   <ele>0</ele>
  </trkpt>
  <trkpt lat="-3.19498485" lon="129.49226676">
   <ele>0</ele>
  </trkpt>
  <trkpt lat="-3.19498485" lon="129.49215252">
   <ele>0</ele>
  </trkpt>
  <trkpt lat="-3.19509909" lon="129.49226676">
   <ele>0</ele>
  </trkpt>
  <trkpt lat="-3.19521326" lon="129.49238101">
   <ele>0</ele>
  </trkpt>
  <trkpt lat="-3.19521326" lon="129.49249517">
   <ele>0</ele>
  </trkpt>
  <trkpt lat="-3.19532750" lon="129.49249517">
   <ele>0</ele>
  </trkpt>
  <trkpt lat="-3.19532750" lon="129.49260942">
   <ele>0</ele>
  </trkpt>
  <trkpt lat="-3.19544175" lon="129.49260942">
   <ele>0</ele>
  </trkpt>
  <trkpt lat="-3.19544175" lon="129.49272366">
   <ele>0</ele>
  </trkpt>
  <trkpt lat="-3.19555591" lon="129.49283791">
   <ele>0</ele>
  </trkpt>
  <trkpt lat="-3.19567015" lon="129.49283791">
   <ele>0</ele>
  </trkpt>
  <trkpt lat="-3.19578440" lon="129.49283791">
   <ele>0</ele>
  </trkpt>
  <trkpt lat="-3.19589856" lon="129.49283791">
   <ele>0</ele>
  </trkpt>
  <trkpt lat="-3.19589856" lon="129.49295215">
   <ele>0</ele>
  </trkpt>
  <trkpt lat="-3.19601281" lon="129.49295215">
   <ele>0</ele>
  </trkpt>
  <trkpt lat="-3.19612705" lon="129.49295215">
   <ele>0</ele>
  </trkpt>
  <trkpt lat="-3.19624130" lon="129.49295215">
   <ele>0</ele>
  </trkpt>
  <trkpt lat="-3.19635546" lon="129.49295215">
   <ele>0</ele>
  </trkpt>
  <trkpt lat="-3.19646970" lon="129.49306640">
   <ele>0</ele>
  </trkpt>
  <trkpt lat="-3.19658395" lon="129.49306640">
   <ele>0</ele>
  </trkpt>
  <trkpt lat="-3.19658395" lon="129.49318056">
   <ele>0</ele>
  </trkpt>
  <trkpt lat="-3.19669811" lon="129.49306640">
   <ele>0</ele>
  </trkpt>
  <trkpt lat="-3.19669811" lon="129.49318056">
   <ele>0</ele>
  </trkpt>
  <trkpt lat="-3.19681236" lon="129.49318056">
   <ele>0</ele>
  </trkpt>
  <trkpt lat="-3.19692660" lon="129.49318056">
   <ele>0</ele>
  </trkpt>
  <trkpt lat="-3.19704076" lon="129.49318056">
   <ele>0</ele>
  </trkpt>
  <trkpt lat="-3.19704076" lon="129.49329481">
   <ele>0</ele>
  </trkpt>
  <trkpt lat="-3.19715501" lon="129.49329481">
   <ele>0</ele>
  </trkpt>
  <trkpt lat="-3.19726925" lon="129.49340905">
   <ele>0</ele>
  </trkpt>
  <trkpt lat="-3.19715501" lon="129.49340905">
   <ele>0</ele>
  </trkpt>
  <trkpt lat="-3.19726925" lon="129.49352330">
   <ele>0</ele>
  </trkpt>
  <trkpt lat="-3.19715501" lon="129.49363754">
   <ele>0</ele>
  </trkpt>
  <trkpt lat="-3.19715501" lon="129.49375170">
   <ele>0</ele>
  </trkpt>
  <trkpt lat="-3.19715501" lon="129.49386595">
   <ele>0</ele>
  </trkpt>
  <trkpt lat="-3.19715501" lon="129.49398019">
   <ele>0</ele>
  </trkpt>
  <trkpt lat="-3.19726925" lon="129.49398019">
   <ele>0</ele>
  </trkpt>
  <trkpt lat="-3.19726925" lon="129.49409444">
   <ele>0</ele>
  </trkpt>
  <trkpt lat="-3.19726925" lon="129.49420868">
   <ele>0</ele>
  </trkpt>
  <trkpt lat="-3.19726925" lon="129.49432293">
   <ele>0</ele>
  </trkpt>
  <trkpt lat="-3.19738341" lon="129.49432293">
   <ele>0</ele>
  </trkpt>
  <trkpt lat="-3.19738341" lon="129.49443709">
   <ele>0</ele>
  </trkpt>
  <trkpt lat="-3.19749766" lon="129.49443709">
   <ele>0</ele>
  </trkpt>
  <trkpt lat="-3.19761191" lon="129.49443709">
   <ele>0</ele>
  </trkpt>
  <trkpt lat="-3.19761191" lon="129.49455134">
   <ele>0</ele>
  </trkpt>
  <trkpt lat="-3.19772607" lon="129.49455134">
   <ele>0</ele>
  </trkpt>
  <trkpt lat="-3.19772607" lon="129.49466558">
   <ele>0</ele>
  </trkpt>
  <trkpt lat="-3.19784031" lon="129.49466558">
   <ele>0</ele>
  </trkpt>
  <trkpt lat="-3.19784031" lon="129.49477983">
   <ele>0</ele>
  </trkpt>
  <trkpt lat="-3.19784031" lon="129.49489407">
   <ele>0</ele>
  </trkpt>
  <trkpt lat="-3.19795456" lon="129.49489407">
   <ele>0</ele>
  </trkpt>
  <trkpt lat="-3.19795456" lon="129.49500823">
   <ele>0</ele>
  </trkpt>
  <trkpt lat="-3.19784031" lon="129.49512248">
   <ele>0</ele>
  </trkpt>
  <trkpt lat="-3.19772607" lon="129.49512248">
   <ele>0</ele>
  </trkpt>
  <trkpt lat="-3.19784031" lon="129.49523672">
   <ele>0</ele>
  </trkpt>
  <trkpt lat="-3.19784031" lon="129.49535097">
   <ele>0</ele>
  </trkpt>
  <trkpt lat="-3.19795456" lon="129.49535097">
   <ele>0</ele>
  </trkpt>
  <trkpt lat="-3.19795456" lon="129.49546522">
   <ele>0</ele>
  </trkpt>
  <trkpt lat="-3.19806872" lon="129.49546522">
   <ele>0</ele>
  </trkpt>
  <trkpt lat="-3.19818296" lon="129.49546522">
   <ele>0</ele>
  </trkpt>
  <trkpt lat="-3.19829721" lon="129.49557938">
   <ele>0</ele>
  </trkpt>
  <trkpt lat="-3.19841137" lon="129.49557938">
   <ele>0</ele>
  </trkpt>
  <trkpt lat="-3.19829721" lon="129.49569362">
   <ele>0</ele>
  </trkpt>
  <trkpt lat="-3.19841137" lon="129.49569362">
   <ele>0</ele>
  </trkpt>
  <trkpt lat="-3.19852562" lon="129.49557938">
   <ele>0</ele>
  </trkpt>
  <trkpt lat="-3.19852562" lon="129.49569362">
   <ele>0</ele>
  </trkpt>
  <trkpt lat="-3.19863986" lon="129.49569362">
   <ele>0</ele>
  </trkpt>
  <trkpt lat="-3.19863986" lon="129.49557938">
   <ele>0</ele>
  </trkpt>
  <trkpt lat="-3.19875402" lon="129.49557938">
   <ele>0</ele>
  </trkpt>
  <trkpt lat="-3.19886827" lon="129.49569362">
   <ele>0</ele>
  </trkpt>
  <trkpt lat="-3.19898251" lon="129.49580787">
   <ele>0</ele>
  </trkpt>
  <trkpt lat="-3.19909676" lon="129.49592211">
   <ele>0</ele>
  </trkpt>
  <trkpt lat="-3.19921092" lon="129.49592211">
   <ele>0</ele>
  </trkpt>
  <trkpt lat="-3.19909676" lon="129.49580787">
   <ele>0</ele>
  </trkpt>
  <trkpt lat="-3.19909676" lon="129.49592211">
   <ele>0</ele>
  </trkpt>
  <trkpt lat="-3.19898251" lon="129.49592211">
   <ele>0</ele>
  </trkpt>
  <trkpt lat="-3.19909676" lon="129.49603636">
   <ele>0</ele>
  </trkpt>
  <trkpt lat="-3.19921092" lon="129.49603636">
   <ele>0</ele>
  </trkpt>
  <trkpt lat="-3.19932517" lon="129.49603636">
   <ele>0</ele>
  </trkpt>
  <trkpt lat="-3.19932517" lon="129.49615052">
   <ele>0</ele>
  </trkpt>
  <trkpt lat="-3.19932517" lon="129.49603636">
   <ele>0</ele>
  </trkpt>
  <trkpt lat="-3.19943933" lon="129.49615052">
   <ele>0</ele>
  </trkpt>
  <trkpt lat="-3.19955357" lon="129.49615052">
   <ele>0</ele>
  </trkpt>
  <trkpt lat="-3.19955357" lon="129.49626477">
   <ele>0</ele>
  </trkpt>
  <trkpt lat="-3.19966782" lon="129.49626477">
   <ele>0</ele>
  </trkpt>
  <trkpt lat="-3.19966782" lon="129.49637901">
   <ele>0</ele>
  </trkpt>
  <trkpt lat="-3.19978206" lon="129.49637901">
   <ele>0</ele>
  </trkpt>
  <trkpt lat="-3.19989623" lon="129.49649326">
   <ele>0</ele>
  </trkpt>
  <trkpt lat="-3.20001047" lon="129.49649326">
   <ele>0</ele>
  </trkpt>
  <trkpt lat="-3.20012472" lon="129.49660750">
   <ele>0</ele>
  </trkpt>
  <trkpt lat="-3.20023888" lon="129.49660750">
   <ele>0</ele>
  </trkpt>
  <trkpt lat="-3.20023888" lon="129.49672175">
   <ele>0</ele>
  </trkpt>
  <trkpt lat="-3.20035312" lon="129.49672175">
   <ele>0</ele>
  </trkpt>
  <trkpt lat="-3.20035312" lon="129.49683591">
   <ele>0</ele>
  </trkpt>
  <trkpt lat="-3.20035312" lon="129.49695015">
   <ele>0</ele>
  </trkpt>
  <trkpt lat="-3.20035312" lon="129.49706440">
   <ele>0</ele>
  </trkpt>
  <trkpt lat="-3.20046737" lon="129.49706440">
   <ele>0</ele>
  </trkpt>
  <trkpt lat="-3.20058153" lon="129.49706440">
   <ele>0</ele>
  </trkpt>
  <trkpt lat="-3.20069578" lon="129.49717864">
   <ele>0</ele>
  </trkpt>
  <trkpt lat="-3.20081002" lon="129.49717864">
   <ele>0</ele>
  </trkpt>
  <trkpt lat="-3.20069578" lon="129.49729289">
   <ele>0</ele>
  </trkpt>
  <trkpt lat="-3.20081002" lon="129.49729289">
   <ele>0</ele>
  </trkpt>
  <trkpt lat="-3.20081002" lon="129.49740705">
   <ele>0</ele>
  </trkpt>
  <trkpt lat="-3.20092418" lon="129.49752130">
   <ele>0</ele>
  </trkpt>
  <trkpt lat="-3.20103843" lon="129.49752130">
   <ele>0</ele>
  </trkpt>
  <trkpt lat="-3.20103843" lon="129.49763554">
   <ele>0</ele>
  </trkpt>
  <trkpt lat="-3.20115267" lon="129.49763554">
   <ele>0</ele>
  </trkpt>
  <trkpt lat="-3.20126683" lon="129.49763554">
   <ele>0</ele>
  </trkpt>
  <trkpt lat="-3.20126683" lon="129.49774979">
   <ele>0</ele>
  </trkpt>
  <trkpt lat="-3.20138108" lon="129.49774979">
   <ele>0</ele>
  </trkpt>
  <trkpt lat="-3.20138108" lon="129.49786403">
   <ele>0</ele>
  </trkpt>
  <trkpt lat="-3.20149533" lon="129.49786403">
   <ele>0</ele>
  </trkpt>
  <trkpt lat="-3.20160949" lon="129.49786403">
   <ele>0</ele>
  </trkpt>
  <trkpt lat="-3.20172373" lon="129.49797828">
   <ele>0</ele>
  </trkpt>
  <trkpt lat="-3.20183798" lon="129.49797828">
   <ele>0</ele>
  </trkpt>
  <trkpt lat="-3.20195214" lon="129.49797828">
   <ele>0</ele>
  </trkpt>
  <trkpt lat="-3.20195214" lon="129.49809244">
   <ele>0</ele>
  </trkpt>
  <trkpt lat="-3.20206638" lon="129.49809244">
   <ele>0</ele>
  </trkpt>
  <trkpt lat="-3.20218063" lon="129.49820668">
   <ele>0</ele>
  </trkpt>
  <trkpt lat="-3.20229479" lon="129.49832093">
   <ele>0</ele>
  </trkpt>
  <trkpt lat="-3.20240904" lon="129.49843518">
   <ele>0</ele>
  </trkpt>
  <trkpt lat="-3.20252328" lon="129.49843518">
   <ele>0</ele>
  </trkpt>
  <trkpt lat="-3.20263753" lon="129.49854942">
   <ele>0</ele>
  </trkpt>
  <trkpt lat="-3.20275169" lon="129.49854942">
   <ele>0</ele>
  </trkpt>
  <trkpt lat="-3.20286593" lon="129.49854942">
   <ele>0</ele>
  </trkpt>
  <trkpt lat="-3.20298018" lon="129.49854942">
   <ele>0</ele>
  </trkpt>
  <trkpt lat="-3.20309434" lon="129.49866358">
   <ele>0</ele>
  </trkpt>
  <trkpt lat="-3.20320859" lon="129.49877783">
   <ele>0</ele>
  </trkpt>
  <trkpt lat="-3.20332283" lon="129.49877783">
   <ele>0</ele>
  </trkpt>
  <trkpt lat="-3.20343699" lon="129.49877783">
   <ele>0</ele>
  </trkpt>
  <trkpt lat="-3.20355124" lon="129.49889207">
   <ele>0</ele>
  </trkpt>
  <trkpt lat="-3.20366548" lon="129.49889207">
   <ele>0</ele>
  </trkpt>
  <trkpt lat="-3.20366548" lon="129.49900632">
   <ele>0</ele>
  </trkpt>
  <trkpt lat="-3.20377965" lon="129.49900632">
   <ele>0</ele>
  </trkpt>
  <trkpt lat="-3.20389389" lon="129.49900632">
   <ele>0</ele>
  </trkpt>
  <trkpt lat="-3.20412230" lon="129.49912056">
   <ele>0</ele>
  </trkpt>
  <trkpt lat="-3.20423654" lon="129.49923472">
   <ele>0</ele>
  </trkpt>
  <trkpt lat="-3.20435079" lon="129.49923472">
   <ele>0</ele>
  </trkpt>
  <trkpt lat="-3.20446495" lon="129.49934897">
   <ele>0</ele>
  </trkpt>
  <trkpt lat="-3.20446495" lon="129.49946322">
   <ele>0</ele>
  </trkpt>
  <trkpt lat="-3.20457920" lon="129.49946322">
   <ele>0</ele>
  </trkpt>
  <trkpt lat="-3.20469344" lon="129.49946322">
   <ele>0</ele>
  </trkpt>
  <trkpt lat="-3.20480760" lon="129.49946322">
   <ele>0</ele>
  </trkpt>
  <trkpt lat="-3.20492185" lon="129.49946322">
   <ele>0</ele>
  </trkpt>
  <trkpt lat="-3.20503609" lon="129.49946322">
   <ele>0</ele>
  </trkpt>
  <trkpt lat="-3.20515025" lon="129.49946322">
   <ele>0</ele>
  </trkpt>
  <trkpt lat="-3.20515025" lon="129.49957746">
   <ele>0</ele>
  </trkpt>
  <trkpt lat="-3.20526450" lon="129.49957746">
   <ele>0</ele>
  </trkpt>
  <trkpt lat="-3.20537874" lon="129.49957746">
   <ele>0</ele>
  </trkpt>
  <trkpt lat="-3.20537874" lon="129.49969171">
   <ele>0</ele>
  </trkpt>
  <trkpt lat="-3.20549299" lon="129.49969171">
   <ele>0</ele>
  </trkpt>
  <trkpt lat="-3.20560715" lon="129.49980595">
   <ele>0</ele>
  </trkpt>
  <trkpt lat="-3.20572140" lon="129.49992011">
   <ele>0</ele>
  </trkpt>
  <trkpt lat="-3.20583556" lon="129.49992011">
   <ele>0</ele>
  </trkpt>
  <trkpt lat="-3.20583556" lon="129.50003436">
   <ele>0</ele>
  </trkpt>
  <trkpt lat="-3.20606405" lon="129.50003436">
   <ele>0</ele>
  </trkpt>
  <trkpt lat="-3.20617829" lon="129.50014860">
   <ele>0</ele>
  </trkpt>
  <trkpt lat="-3.20629246" lon="129.50014860">
   <ele>0</ele>
  </trkpt>
  <trkpt lat="-3.20640670" lon="129.50026285">
   <ele>0</ele>
  </trkpt>
  <trkpt lat="-3.20652095" lon="129.50026285">
   <ele>0</ele>
  </trkpt>
  <trkpt lat="-3.20652095" lon="129.50037709">
   <ele>0</ele>
  </trkpt>
  <trkpt lat="-3.20663511" lon="129.50049126">
   <ele>0</ele>
  </trkpt>
  <trkpt lat="-3.20663511" lon="129.50060550">
   <ele>0</ele>
  </trkpt>
  <trkpt lat="-3.20674935" lon="129.50060550">
   <ele>0</ele>
  </trkpt>
  <trkpt lat="-3.20686360" lon="129.50060550">
   <ele>0</ele>
  </trkpt>
  <trkpt lat="-3.20697776" lon="129.50071975">
   <ele>0</ele>
  </trkpt>
  <trkpt lat="-3.20709201" lon="129.50071975">
   <ele>0</ele>
  </trkpt>
  <trkpt lat="-3.20720625" lon="129.50071975">
   <ele>0</ele>
  </trkpt>
  <trkpt lat="-3.20732041" lon="129.50071975">
   <ele>0</ele>
  </trkpt>
  <trkpt lat="-3.20743466" lon="129.50071975">
   <ele>0</ele>
  </trkpt>
  <trkpt lat="-3.20743466" lon="129.50083399">
   <ele>0</ele>
  </trkpt>
  <trkpt lat="-3.20754890" lon="129.50083399">
   <ele>0</ele>
  </trkpt>
  <trkpt lat="-3.20766306" lon="129.50083399">
   <ele>0</ele>
  </trkpt>
  <trkpt lat="-3.20777731" lon="129.50083399">
   <ele>0</ele>
  </trkpt>
  <trkpt lat="-3.20789156" lon="129.50083399">
   <ele>0</ele>
  </trkpt>
  <trkpt lat="-3.20800572" lon="129.50083399">
   <ele>0</ele>
  </trkpt>
  <trkpt lat="-3.20811996" lon="129.50083399">
   <ele>0</ele>
  </trkpt>
  <trkpt lat="-3.20811996" lon="129.50094824">
   <ele>0</ele>
  </trkpt>
  <trkpt lat="-3.20823421" lon="129.50094824">
   <ele>0</ele>
  </trkpt>
  <trkpt lat="-3.20834837" lon="129.50094824">
   <ele>0</ele>
  </trkpt>
  <trkpt lat="-3.20834837" lon="129.50106240">
   <ele>0</ele>
  </trkpt>
  <trkpt lat="-3.20846261" lon="129.50106240">
   <ele>0</ele>
  </trkpt>
  <trkpt lat="-3.20857686" lon="129.50106240">
   <ele>0</ele>
  </trkpt>
  <trkpt lat="-3.20857686" lon="129.50117664">
   <ele>0</ele>
  </trkpt>
  <trkpt lat="-3.20869102" lon="129.50117664">
   <ele>0</ele>
  </trkpt>
  <trkpt lat="-3.20880527" lon="129.50117664">
   <ele>0</ele>
  </trkpt>
  <trkpt lat="-3.20891951" lon="129.50129089">
   <ele>0</ele>
  </trkpt>
  <trkpt lat="-3.20903376" lon="129.50129089">
   <ele>0</ele>
  </trkpt>
  <trkpt lat="-3.20914792" lon="129.50129089">
   <ele>0</ele>
  </trkpt>
  <trkpt lat="-3.20926216" lon="129.50140513">
   <ele>0</ele>
  </trkpt>
  <trkpt lat="-3.20937641" lon="129.50140513">
   <ele>0</ele>
  </trkpt>
  <trkpt lat="-3.20949057" lon="129.50151938">
   <ele>0</ele>
  </trkpt>
  <trkpt lat="-3.20960482" lon="129.50151938">
   <ele>0</ele>
  </trkpt>
  <trkpt lat="-3.20971906" lon="129.50163363">
   <ele>0</ele>
  </trkpt>
  <trkpt lat="-3.20983322" lon="129.50163363">
   <ele>0</ele>
  </trkpt>
  <trkpt lat="-3.20983322" lon="129.50174779">
   <ele>0</ele>
  </trkpt>
  <trkpt lat="-3.20983322" lon="129.50186203">
   <ele>0</ele>
  </trkpt>
  <trkpt lat="-3.20983322" lon="129.50197628">
   <ele>0</ele>
  </trkpt>
  <trkpt lat="-3.20971906" lon="129.50197628">
   <ele>0</ele>
  </trkpt>
  <trkpt lat="-3.20971906" lon="129.50186203">
   <ele>0</ele>
  </trkpt>
  <trkpt lat="-3.20971906" lon="129.50197628">
   <ele>0</ele>
  </trkpt>
  <trkpt lat="-3.20971906" lon="129.50209052">
   <ele>0</ele>
  </trkpt>
  <trkpt lat="-3.20960482" lon="129.50220477">
   <ele>0</ele>
  </trkpt>
  <trkpt lat="-3.20949057" lon="129.50220477">
   <ele>0</ele>
  </trkpt>
  <trkpt lat="-3.20949057" lon="129.50231893">
   <ele>0</ele>
  </trkpt>
  <trkpt lat="-3.20937641" lon="129.50231893">
   <ele>0</ele>
  </trkpt>
  <trkpt lat="-3.20937641" lon="129.50220477">
   <ele>0</ele>
  </trkpt>
  <trkpt lat="-3.20926216" lon="129.50220477">
   <ele>0</ele>
  </trkpt>
  <trkpt lat="-3.20926216" lon="129.50209052">
   <ele>0</ele>
  </trkpt>
  <trkpt lat="-3.20898397" lon="129.50225942">
   <ele>2161.181</ele>
  </trkpt>
  <trkpt lat="-3.20898263" lon="129.50225749">
   <ele>2161.181</ele>
  </trkpt>
  <trkpt lat="-3.20898238" lon="129.50223603">
   <ele>2161.662</ele>
  </trkpt>
  <trkpt lat="-3.20899537" lon="129.50228046">
   <ele>2161.662</ele>
  </trkpt>
  <trkpt lat="-3.20918178" lon="129.50225464">
   <ele>2162.623</ele>
  </trkpt>
  <trkpt lat="-3.20926066" lon="129.50223075">
   <ele>2165.988</ele>
  </trkpt>
  <trkpt lat="-3.20925697" lon="129.50235045">
   <ele>2165.988</ele>
  </trkpt>
  <trkpt lat="-3.20929594" lon="129.50246813">
   <ele>2165.507</ele>
  </trkpt>
  <trkpt lat="-3.20933232" lon="129.50261196">
   <ele>2167.429</ele>
  </trkpt>
  <trkpt lat="-3.20934464" lon="129.50274347">
   <ele>2165.988</ele>
  </trkpt>
  <trkpt lat="-3.20946601" lon="129.50283266">
   <ele>2166.949</ele>
  </trkpt>
  <trkpt lat="-3.20950130" lon="129.50286870">
   <ele>2169.833</ele>
  </trkpt>
  <trkpt lat="-3.20952418" lon="129.50289183">
   <ele>2171.755</ele>
  </trkpt>
  <trkpt lat="-3.20957297" lon="129.50280885">
   <ele>2173.198</ele>
  </trkpt>
  <trkpt lat="-3.20953533" lon="129.50286794">
   <ele>2174.159</ele>
  </trkpt>
  <trkpt lat="-3.20956039" lon="129.50279100">
   <ele>2174.64</ele>
  </trkpt>
  <trkpt lat="-3.20970104" lon="129.50284766">
   <ele>2175.12</ele>
  </trkpt>
  <trkpt lat="-3.20977279" lon="129.50289737">
   <ele>2178.004</ele>
  </trkpt>
  <trkpt lat="-3.20985342" lon="129.50291589">
   <ele>2181.369</ele>
  </trkpt>
  <trkpt lat="-3.20993196" lon="129.50296115">
   <ele>2184.253</ele>
  </trkpt>
  <trkpt lat="-3.20996943" lon="129.50300130">
   <ele>2188.098</ele>
  </trkpt>
  <trkpt lat="-3.20997010" lon="129.50300306">
   <ele>2188.098</ele>
  </trkpt>
  <trkpt lat="-3.21000162" lon="129.50303131">
   <ele>2191.463</ele>
  </trkpt>
  <trkpt lat="-3.21003892" lon="129.50303726">
   <ele>2192.905</ele>
  </trkpt>
  <trkpt lat="-3.21007144" lon="129.50304790">
   <ele>2193.385</ele>
  </trkpt>
  <trkpt lat="-3.21011812" lon="129.50305402">
   <ele>2195.308</ele>
  </trkpt>
  <trkpt lat="-3.21018300" lon="129.50305629">
   <ele>2196.75</ele>
  </trkpt>
  <trkpt lat="-3.21017554" lon="129.50307338">
   <ele>2197.711</ele>
  </trkpt>
  <trkpt lat="-3.21021594" lon="129.50310901">
   <ele>2201.076</ele>
  </trkpt>
  <trkpt lat="-3.21022038" lon="129.50315511">
   <ele>2202.037</ele>
  </trkpt>
  <trkpt lat="-3.21023706" lon="129.50317539">
   <ele>2203.479</ele>
  </trkpt>
  <trkpt lat="-3.21026037" lon="129.50323842">
   <ele>2206.844</ele>
  </trkpt>
  <trkpt lat="-3.21022566" lon="129.50323256">
   <ele>2208.766</ele>
  </trkpt>
  <trkpt lat="-3.21017889" lon="129.50321076">
   <ele>2209.728</ele>
  </trkpt>
  <trkpt lat="-3.21017051" lon="129.50326608">
   <ele>2211.65</ele>
  </trkpt>
  <trkpt lat="-3.21019222" lon="129.50334286">
   <ele>2213.573</ele>
  </trkpt>
  <trkpt lat="-3.21019121" lon="129.50337589">
   <ele>2216.457</ele>
  </trkpt>
  <trkpt lat="-3.21015710" lon="129.50340464">
   <ele>2218.379</ele>
  </trkpt>
  <trkpt lat="-3.21009658" lon="129.50344563">
   <ele>2219.821</ele>
  </trkpt>
  <trkpt lat="-3.21004872" lon="129.50347094">
   <ele>2222.706</ele>
  </trkpt>
  <trkpt lat="-3.21005375" lon="129.50353623">
   <ele>2224.147</ele>
  </trkpt>
  <trkpt lat="-3.21008778" lon="129.50355601">
   <ele>2226.551</ele>
  </trkpt>
  <trkpt lat="-3.21011804" lon="129.50356783">
   <ele>2228.473</ele>
  </trkpt>
  <trkpt lat="-3.21018225" lon="129.50355358">
   <ele>2230.877</ele>
  </trkpt>
  <trkpt lat="-3.21019859" lon="129.50359021">
   <ele>2231.838</ele>
  </trkpt>
  <trkpt lat="-3.21020035" lon="129.50359197">
   <ele>2231.838</ele>
  </trkpt>
  <trkpt lat="-3.21022457" lon="129.50361972">
   <ele>2234.722</ele>
  </trkpt>
  <trkpt lat="-3.21027386" lon="129.50364134">
   <ele>2236.645</ele>
  </trkpt>
  <trkpt lat="-3.21027285" lon="129.50367403">
   <ele>2240.009</ele>
  </trkpt>
  <trkpt lat="-3.21032809" lon="129.50371946">
   <ele>2241.932</ele>
  </trkpt>
  <trkpt lat="-3.21036489" lon="129.50375257">
   <ele>2244.335</ele>
  </trkpt>
  <trkpt lat="-3.21042247" lon="129.50376213">
   <ele>2247.219</ele>
  </trkpt>
  <trkpt lat="-3.21042591" lon="129.50379775">
   <ele>2249.142</ele>
  </trkpt>
  <trkpt lat="-3.21043454" lon="129.50383555">
   <ele>2250.103</ele>
  </trkpt>
  <trkpt lat="-3.21049808" lon="129.50385718">
   <ele>2250.583</ele>
  </trkpt>
  <trkpt lat="-3.21057008" lon="129.50385952">
   <ele>2249.622</ele>
  </trkpt>
  <trkpt lat="-3.21061702" lon="129.50387411">
   <ele>2251.064</ele>
  </trkpt>
  <trkpt lat="-3.21068114" lon="129.50390386">
   <ele>2251.064</ele>
  </trkpt>
  <trkpt lat="-3.21075071" lon="129.50392599">
   <ele>2253.468</ele>
  </trkpt>
  <trkpt lat="-3.21082095" lon="129.50393680">
   <ele>2254.91</ele>
  </trkpt>
  <trkpt lat="-3.21086143" lon="129.50397955">
   <ele>2255.39</ele>
  </trkpt>
  <trkpt lat="-3.21093528" lon="129.50402272">
   <ele>2257.794</ele>
  </trkpt>
  <trkpt lat="-3.21100703" lon="129.50407167">
   <ele>2258.755</ele>
  </trkpt>
  <trkpt lat="-3.21108758" lon="129.50417401">
   <ele>2258.755</ele>
  </trkpt>
  <trkpt lat="-3.21117098" lon="129.50423218">
   <ele>2260.677</ele>
  </trkpt>
  <trkpt lat="-3.21121314" lon="129.50427149">
   <ele>2257.794</ele>
  </trkpt>
  <trkpt lat="-3.21125689" lon="129.50432933">
   <ele>2258.274</ele>
  </trkpt>
  <trkpt lat="-3.21131313" lon="129.50437509">
   <ele>2258.755</ele>
  </trkpt>
  <trkpt lat="-3.21131514" lon="129.50437501">
   <ele>2259.236</ele>
  </trkpt>
  <trkpt lat="-3.21136409" lon="129.50438281">
   <ele>2258.755</ele>
  </trkpt>
  <trkpt lat="-3.21140307" lon="129.50441390">
   <ele>2259.236</ele>
  </trkpt>
  <trkpt lat="-3.21146543" lon="129.50444383">
   <ele>2257.794</ele>
  </trkpt>
  <trkpt lat="-3.21151799" lon="129.50444760">
   <ele>2255.39</ele>
  </trkpt>
  <trkpt lat="-3.21156568" lon="129.50441147">
   <ele>2253.948</ele>
  </trkpt>
  <trkpt lat="-3.21160692" lon="129.50438264">
   <ele>2250.583</ele>
  </trkpt>
  <trkpt lat="-3.21168177" lon="129.50433218">
   <ele>2249.622</ele>
  </trkpt>
  <trkpt lat="-3.21176978" lon="129.50423243">
   <ele>2249.142</ele>
  </trkpt>
  <trkpt lat="-3.21187614" lon="129.50418265">
   <ele>2251.064</ele>
  </trkpt>
  <trkpt lat="-3.21195443" lon="129.50421156">
   <ele>2249.142</ele>
  </trkpt>
  <trkpt lat="-3.21200330" lon="129.50425180">
   <ele>2252.506</ele>
  </trkpt>
  <trkpt lat="-3.21205066" lon="129.50428843">
   <ele>2253.948</ele>
  </trkpt>
  <trkpt lat="-3.21207002" lon="129.50428055">
   <ele>2256.352</ele>
  </trkpt>
  <trkpt lat="-3.21208343" lon="129.50429538">
   <ele>2257.313</ele>
  </trkpt>
  <trkpt lat="-3.21210598" lon="129.50428583">
   <ele>2259.236</ele>
  </trkpt>
  <trkpt lat="-3.21213992" lon="129.50427082">
   <ele>2261.158</ele>
  </trkpt>
  <trkpt lat="-3.21218058" lon="129.50427518">
   <ele>2263.081</ele>
  </trkpt>
  <trkpt lat="-3.21223137" lon="129.50427493">
   <ele>2263.081</ele>
  </trkpt>
  <trkpt lat="-3.21227806" lon="129.50430142">
   <ele>2264.523</ele>
  </trkpt>
  <trkpt lat="-3.21227755" lon="129.50430829">
   <ele>2265.965</ele>
  </trkpt>
  <trkpt lat="-3.21228233" lon="129.50433956">
   <ele>2266.926</ele>
  </trkpt>
  <trkpt lat="-3.21233271" lon="129.50435565">
   <ele>2268.368</ele>
  </trkpt>
  <trkpt lat="-3.21237822" lon="129.50437191">
   <ele>2269.81</ele>
  </trkpt>
  <trkpt lat="-3.21243161" lon="129.50442346">
   <ele>2271.733</ele>
  </trkpt>
  <trkpt lat="-3.21251904" lon="129.50444726">
   <ele>2273.655</ele>
  </trkpt>
  <trkpt lat="-3.21254611" lon="129.50449596">
   <ele>2273.175</ele>
  </trkpt>
  <trkpt lat="-3.21257184" lon="129.50452697">
   <ele>2271.733</ele>
  </trkpt>
  <trkpt lat="-3.21264870" lon="129.50454810">
   <ele>2274.617</ele>
  </trkpt>
  <trkpt lat="-3.21265030" lon="129.50455556">
   <ele>2276.059</ele>
  </trkpt>
  <trkpt lat="-3.21270218" lon="129.50462521">
   <ele>2275.097</ele>
  </trkpt>
  <trkpt lat="-3.21276672" lon="129.50465237">
   <ele>2275.097</ele>
  </trkpt>
  <trkpt lat="-3.21279304" lon="129.50465279">
   <ele>2276.539</ele>
  </trkpt>
  <trkpt lat="-3.21283747" lon="129.50467718">
   <ele>2278.942</ele>
  </trkpt>
  <trkpt lat="-3.21292807" lon="129.50471205">
   <ele>2280.865</ele>
  </trkpt>
  <trkpt lat="-3.21293176" lon="129.50475463">
   <ele>2282.788</ele>
  </trkpt>
  <trkpt lat="-3.21299521" lon="129.50477650">
   <ele>2284.711</ele>
  </trkpt>
  <trkpt lat="-3.21305539" lon="129.50478388">
   <ele>2284.23</ele>
  </trkpt>
  <trkpt lat="-3.21310074" lon="129.50476678">
   <ele>2281.826</ele>
  </trkpt>
  <trkpt lat="-3.21315003" lon="129.50479142">
   <ele>2284.711</ele>
  </trkpt>
  <trkpt lat="-3.21319336" lon="129.50479411">
   <ele>2283.749</ele>
  </trkpt>
  <trkpt lat="-3.21318179" lon="129.50480450">
   <ele>2284.23</ele>
  </trkpt>
  <trkpt lat="-3.21318900" lon="129.50489762">
   <ele>2281.826</ele>
  </trkpt>
  <trkpt lat="-3.21322027" lon="129.50498220">
   <ele>2282.307</ele>
  </trkpt>
  <trkpt lat="-3.21322924" lon="129.50504615">
   <ele>2282.788</ele>
  </trkpt>
  <trkpt lat="-3.21325346" lon="129.50508487">
   <ele>2284.23</ele>
  </trkpt>
  <trkpt lat="-3.21326595" lon="129.50515411">
   <ele>2283.749</ele>
  </trkpt>
  <trkpt lat="-3.21335454" lon="129.50524162">
   <ele>2281.826</ele>
  </trkpt>
  <trkpt lat="-3.21334004" lon="129.50532753">
   <ele>2280.865</ele>
  </trkpt>
  <trkpt lat="-3.21334977" lon="129.50535871">
   <ele>2280.385</ele>
  </trkpt>
  <trkpt lat="-3.21337768" lon="129.50541412">
   <ele>2277.981</ele>
  </trkpt>
  <trkpt lat="-3.21345177" lon="129.50546684">
   <ele>2276.059</ele>
  </trkpt>
  <trkpt lat="-3.21345840" lon="129.50547053">
   <ele>2272.694</ele>
  </trkpt>
  <trkpt lat="-3.21346602" lon="129.50550363">
   <ele>2270.771</ele>
  </trkpt>
  <trkpt lat="-3.21349737" lon="129.50557664">
   <ele>2268.849</ele>
  </trkpt>
  <trkpt lat="-3.21353484" lon="129.50563238">
   <ele>2266.926</ele>
  </trkpt>
  <trkpt lat="-3.21356912" lon="129.50568192">
   <ele>2263.561</ele>
  </trkpt>
  <trkpt lat="-3.21358815" lon="129.50570706">
   <ele>2261.158</ele>
  </trkpt>
  <trkpt lat="-3.21360491" lon="129.50576104">
   <ele>2257.794</ele>
  </trkpt>
  <trkpt lat="-3.21362302" lon="129.50579382">
   <ele>2257.313</ele>
  </trkpt>
  <trkpt lat="-3.21367088" lon="129.50586607">
   <ele>2254.429</ele>
  </trkpt>
  <trkpt lat="-3.21368169" lon="129.50589976">
   <ele>2253.468</ele>
  </trkpt>
  <trkpt lat="-3.21370692" lon="129.50594243">
   <ele>2250.583</ele>
  </trkpt>
  <trkpt lat="-3.21375537" lon="129.50601384">
   <ele>2246.738</ele>
  </trkpt>
  <trkpt lat="-3.21376191" lon="129.50603932">
   <ele>2244.816</ele>
  </trkpt>
  <trkpt lat="-3.21377456" lon="129.50606623">
   <ele>2242.893</ele>
  </trkpt>
  <trkpt lat="-3.21380122" lon="129.50610847">
   <ele>2240.97</ele>
  </trkpt>
  <trkpt lat="-3.21381521" lon="129.50614653">
   <ele>2238.567</ele>
  </trkpt>
  <trkpt lat="-3.21381630" lon="129.50620218">
   <ele>2236.164</ele>
  </trkpt>
  <trkpt lat="-3.21385612" lon="129.50621760">
   <ele>2236.164</ele>
  </trkpt>
  <trkpt lat="-3.21386307" lon="129.50625365">
   <ele>2233.28</ele>
  </trkpt>
  <trkpt lat="-3.21387464" lon="129.50626748">
   <ele>2232.799</ele>
  </trkpt>
  <trkpt lat="-3.21388344" lon="129.50628424">
   <ele>2231.357</ele>
  </trkpt>
  <trkpt lat="-3.21390834" lon="129.50632774">
   <ele>2229.435</ele>
  </trkpt>
  <trkpt lat="-3.21392384" lon="129.50637636">
   <ele>2227.993</ele>
  </trkpt>
  <trkpt lat="-3.21396776" lon="129.50644115">
   <ele>2226.551</ele>
  </trkpt>
  <trkpt lat="-3.21399040" lon="129.50648750">
   <ele>2225.589</ele>
  </trkpt>
  <trkpt lat="-3.21400682" lon="129.50652204">
   <ele>2225.109</ele>
  </trkpt>
  <trkpt lat="-3.21405225" lon="129.50656353">
   <ele>2223.186</ele>
  </trkpt>
  <trkpt lat="-3.21410967" lon="129.50662019">
   <ele>2221.744</ele>
  </trkpt>
  <trkpt lat="-3.21415653" lon="129.50665791">
   <ele>2218.379</ele>
  </trkpt>
  <trkpt lat="-3.21415560" lon="129.50665832">
   <ele>2218.379</ele>
  </trkpt>
  <trkpt lat="-3.21420053" lon="129.50668154">
   <ele>2216.457</ele>
  </trkpt>
  <trkpt lat="-3.21422308" lon="129.50671842">
   <ele>2214.534</ele>
  </trkpt>
  <trkpt lat="-3.21426264" lon="129.50676461">
   <ele>2211.17</ele>
  </trkpt>
  <trkpt lat="-3.21430807" lon="129.50677014">
   <ele>2208.286</ele>
  </trkpt>
  <trkpt lat="-3.21437697" lon="129.50680023">
   <ele>2204.921</ele>
  </trkpt>
  <trkpt lat="-3.21448836" lon="129.50688841">
   <ele>2202.998</ele>
  </trkpt>
  <trkpt lat="-3.21451016" lon="129.50692160">
   <ele>2200.115</ele>
  </trkpt>
  <trkpt lat="-3.21450479" lon="129.50700802">
   <ele>2198.192</ele>
  </trkpt>
  <trkpt lat="-3.21450010" lon="129.50710122">
   <ele>2197.23</ele>
  </trkpt>
  <trkpt lat="-3.21449541" lon="129.50711388">
   <ele>2196.269</ele>
  </trkpt>
  <trkpt lat="-3.21455743" lon="129.50717792">
   <ele>2194.346</ele>
  </trkpt>
  <trkpt lat="-3.21458534" lon="129.50720633">
   <ele>2190.501</ele>
  </trkpt>
  <trkpt lat="-3.21465357" lon="129.50729107">
   <ele>2187.617</ele>
  </trkpt>
  <trkpt lat="-3.21468123" lon="129.50730901">
   <ele>2184.253</ele>
  </trkpt>
  <trkpt lat="-3.21473412" lon="129.50735939">
   <ele>2181.369</ele>
  </trkpt>
  <trkpt lat="-3.21478014" lon="129.50744086">
   <ele>2180.888</ele>
  </trkpt>
  <trkpt lat="-3.21480235" lon="129.50751009">
   <ele>2179.927</ele>
  </trkpt>
  <trkpt lat="-3.21482255" lon="129.50760674">
   <ele>2178.485</ele>
  </trkpt>
  <trkpt lat="-3.21487485" lon="129.50761219">
   <ele>2177.523</ele>
  </trkpt>
  <trkpt lat="-3.21489950" lon="129.50765611">
   <ele>2176.082</ele>
  </trkpt>
  <trkpt lat="-3.21491048" lon="129.50766591">
   <ele>2175.12</ele>
  </trkpt>
  <trkpt lat="-3.21494618" lon="129.50769668">
   <ele>2174.64</ele>
  </trkpt>
  <trkpt lat="-3.21497879" lon="129.50775258">
   <ele>2174.159</ele>
  </trkpt>
  <trkpt lat="-3.21500435" lon="129.50778988">
   <ele>2174.64</ele>
  </trkpt>
  <trkpt lat="-3.21504199" lon="129.50785652">
   <ele>2174.159</ele>
  </trkpt>
  <trkpt lat="-3.21506688" lon="129.50797521">
   <ele>2172.717</ele>
  </trkpt>
  <trkpt lat="-3.21507066" lon="129.50806514">
   <ele>2170.794</ele>
  </trkpt>
  <trkpt lat="-3.21510217" lon="129.50815282">
   <ele>2169.352</ele>
  </trkpt>
  <trkpt lat="-3.21514064" lon="129.50818576">
   <ele>2169.352</ele>
  </trkpt>
  <trkpt lat="-3.21517241" lon="129.50824259">
   <ele>2165.988</ele>
  </trkpt>
  <trkpt lat="-3.21523486" lon="129.50832037">
   <ele>2165.988</ele>
  </trkpt>
  <trkpt lat="-3.21527668" lon="129.50836220">
   <ele>2165.988</ele>
  </trkpt>
  <trkpt lat="-3.21530242" lon="129.50844694">
   <ele>2164.065</ele>
  </trkpt>
  <trkpt lat="-3.21536989" lon="129.50846463">
   <ele>2162.623</ele>
  </trkpt>
  <trkpt lat="-3.21539252" lon="129.50852858">
   <ele>2161.662</ele>
  </trkpt>
  <trkpt lat="-3.21545480" lon="129.50859061">
   <ele>2159.259</ele>
  </trkpt>
  <trkpt lat="-3.21553241" lon="129.50863972">
   <ele>2156.375</ele>
  </trkpt>
  <trkpt lat="-3.21559184" lon="129.50866194">
   <ele>2155.894</ele>
  </trkpt>
  <trkpt lat="-3.21561732" lon="129.50868364">
   <ele>2154.452</ele>
  </trkpt>
  <trkpt lat="-3.21566275" lon="129.50871793">
   <ele>2153.49</ele>
  </trkpt>
  <trkpt lat="-3.21570382" lon="129.50878859">
   <ele>2153.971</ele>
  </trkpt>
  <trkpt lat="-3.21574708" lon="129.50879269">
   <ele>2152.048</ele>
  </trkpt>
  <trkpt lat="-3.21579712" lon="129.50881055">
   <ele>2152.048</ele>
  </trkpt>
  <trkpt lat="-3.21582871" lon="129.50885120">
   <ele>2151.087</ele>
  </trkpt>
  <trkpt lat="-3.21587691" lon="129.50888347">
   <ele>2150.606</ele>
  </trkpt>
  <trkpt lat="-3.21588605" lon="129.50886821">
   <ele>2149.645</ele>
  </trkpt>
  <trkpt lat="-3.21606081" lon="129.50890199">
   <ele>2146.281</ele>
  </trkpt>
  <trkpt lat="-3.21606291" lon="129.50890183">
   <ele>2142.916</ele>
  </trkpt>
  <trkpt lat="-3.21607405" lon="129.50889562">
   <ele>2140.032</ele>
  </trkpt>
  <trkpt lat="-3.21611345" lon="129.50893234">
   <ele>2138.59</ele>
  </trkpt>
  <trkpt lat="-3.21614237" lon="129.50896025">
   <ele>2135.706</ele>
  </trkpt>
  <trkpt lat="-3.21614304" lon="129.50901263">
   <ele>2135.706</ele>
  </trkpt>
  <trkpt lat="-3.21621445" lon="129.50903962">
   <ele>2133.783</ele>
  </trkpt>
  <trkpt lat="-3.21627857" lon="129.50910710">
   <ele>2130.419</ele>
  </trkpt>
  <trkpt lat="-3.21631168" lon="129.50914431">
   <ele>2127.535</ele>
  </trkpt>
  <trkpt lat="-3.21638796" lon="129.50916812">
   <ele>2124.651</ele>
  </trkpt>
  <trkpt lat="-3.21645275" lon="129.50922285">
   <ele>2121.286</ele>
  </trkpt>
  <trkpt lat="-3.21647454" lon="129.50923735">
   <ele>2117.922</ele>
  </trkpt>
  <trkpt lat="-3.21656565" lon="129.50933374">
   <ele>2115.519</ele>
  </trkpt>
  <trkpt lat="-3.21663153" lon="129.50930416">
   <ele>2114.557</ele>
  </trkpt>
  <trkpt lat="-3.21664101" lon="129.50935495">
   <ele>2115.038</ele>
  </trkpt>
  <trkpt lat="-3.21670722" lon="129.50939812">
   <ele>2113.115</ele>
  </trkpt>
  <trkpt lat="-3.21672231" lon="129.50941119">
   <ele>2112.154</ele>
  </trkpt>
  <trkpt lat="-3.21679448" lon="129.50943567">
   <ele>2109.27</ele>
  </trkpt>
  <trkpt lat="-3.21687595" lon="129.50943550">
   <ele>2106.386</ele>
  </trkpt>
  <trkpt lat="-3.21687704" lon="129.50943500">
   <ele>2105.425</ele>
  </trkpt>
  <trkpt lat="-3.21695382" lon="129.50943198">
   <ele>2103.502</ele>
  </trkpt>
  <trkpt lat="-3.21697092" lon="129.50942016">
   <ele>2100.137</ele>
  </trkpt>
  <trkpt lat="-3.21701157" lon="129.50941421">
   <ele>2097.734</ele>
  </trkpt>
  <trkpt lat="-3.21705499" lon="129.50942041">
   <ele>2094.85</ele>
  </trkpt>
  <trkpt lat="-3.21712799" lon="129.50944455">
   <ele>2091.485</ele>
  </trkpt>
  <trkpt lat="-3.21719061" lon="129.50950423">
   <ele>2088.121</ele>
  </trkpt>
  <trkpt lat="-3.21719689" lon="129.50942343">
   <ele>2085.237</ele>
  </trkpt>
  <trkpt lat="-3.21724878" lon="129.50943190">
   <ele>2082.353</ele>
  </trkpt>
  <trkpt lat="-3.21723428" lon="129.50945394">
   <ele>2079.95</ele>
  </trkpt>
  <trkpt lat="-3.21724710" lon="129.50945126">
   <ele>2079.469</ele>
  </trkpt>
  <trkpt lat="-3.21730066" lon="129.50942846">
   <ele>2077.546</ele>
  </trkpt>
  <trkpt lat="-3.21733025" lon="129.50944615">
   <ele>2074.182</ele>
  </trkpt>
  <trkpt lat="-3.21734995" lon="129.50944120">
   <ele>2070.817</ele>
  </trkpt>
  <trkpt lat="-3.21739630" lon="129.50948219">
   <ele>2067.933</ele>
  </trkpt>
  <trkpt lat="-3.21741323" lon="129.50943181">
   <ele>2064.569</ele>
  </trkpt>
  <trkpt lat="-3.21744617" lon="129.50943382">
   <ele>2061.685</ele>
  </trkpt>
  <trkpt lat="-3.21755170" lon="129.50943768">
   <ele>2058.32</ele>
  </trkpt>
  <trkpt lat="-3.21767458" lon="129.50944807">
   <ele>2057.359</ele>
  </trkpt>
  <trkpt lat="-3.21768044" lon="129.50944849">
   <ele>2053.994</ele>
  </trkpt>
  <trkpt lat="-3.21769017" lon="129.50945000">
   <ele>2050.629</ele>
  </trkpt>
  <trkpt lat="-3.21769327" lon="129.50945025">
   <ele>2047.746</ele>
  </trkpt>
  <trkpt lat="-3.21770442" lon="129.50944422">
   <ele>2044.381</ele>
  </trkpt>
  <trkpt lat="-3.21773669" lon="129.50939460">
   <ele>2041.016</ele>
  </trkpt>
  <trkpt lat="-3.21782294" lon="129.50937381">
   <ele>2037.171</ele>
  </trkpt>
  <trkpt lat="-3.21783476" lon="129.50937331">
   <ele>2034.287</ele>
  </trkpt>
  <trkpt lat="-3.21782604" lon="129.50937146">
   <ele>2030.923</ele>
  </trkpt>
  <trkpt lat="-3.21782671" lon="129.50937163">
   <ele>2030.923</ele>
  </trkpt>
  <trkpt lat="-3.21787507" lon="129.50937917">
   <ele>2027.077</ele>
  </trkpt>
  <trkpt lat="-3.21789670" lon="129.50938596">
   <ele>2024.193</ele>
  </trkpt>
  <trkpt lat="-3.21802871" lon="129.50933861">
   <ele>2023.712</ele>
  </trkpt>
  <trkpt lat="-3.21808454" lon="129.50931807">
   <ele>2020.348</ele>
  </trkpt>
  <trkpt lat="-3.21808848" lon="129.50931732">
   <ele>2016.983</ele>
  </trkpt>
  <trkpt lat="-3.21812754" lon="129.50932067">
   <ele>2012.657</ele>
  </trkpt>
  <trkpt lat="-3.21814790" lon="129.50931824">
   <ele>2009.773</ele>
  </trkpt>
  <trkpt lat="-3.21814447" lon="129.50932151">
   <ele>2006.889</ele>
  </trkpt>
  <trkpt lat="-3.21817028" lon="129.50929334">
   <ele>2003.525</ele>
  </trkpt>
  <trkpt lat="-3.21823172" lon="129.50928597">
   <ele>2000.16</ele>
  </trkpt>
  <trkpt lat="-3.21837899" lon="129.50923936">
   <ele>1998.238</ele>
  </trkpt>
  <trkpt lat="-3.21839031" lon="129.50923878">
   <ele>1995.354</ele>
  </trkpt>
  <trkpt lat="-3.21839567" lon="129.50923953">
   <ele>1991.989</ele>
  </trkpt>
  <trkpt lat="-3.21841420" lon="129.50924842">
   <ele>1988.625</ele>
  </trkpt>
  <trkpt lat="-3.21845183" lon="129.50922478">
   <ele>1985.74</ele>
  </trkpt>
  <trkpt lat="-3.21851159" lon="129.50925345">
   <ele>1985.74</ele>
  </trkpt>
  <trkpt lat="-3.21860438" lon="129.50926728">
   <ele>1984.779</ele>
  </trkpt>
  <trkpt lat="-3.21867194" lon="129.50927415">
   <ele>1981.895</ele>
  </trkpt>
  <trkpt lat="-3.21880513" lon="129.50928018">
   <ele>1979.492</ele>
  </trkpt>
  <trkpt lat="-3.21885215" lon="129.50930592">
   <ele>1976.608</ele>
  </trkpt>
  <trkpt lat="-3.21889498" lon="129.50926065">
   <ele>1975.646</ele>
  </trkpt>
  <trkpt lat="-3.21898584" lon="129.50928018">
   <ele>1971.801</ele>
  </trkpt>
  <trkpt lat="-3.21904234" lon="129.50930013">
   <ele>1968.437</ele>
  </trkpt>
  <trkpt lat="-3.21903798" lon="129.50926552">
   <ele>1966.033</ele>
  </trkpt>
  <trkpt lat="-3.21900638" lon="129.50929837">
   <ele>1966.995</ele>
  </trkpt>
  <trkpt lat="-3.21906799" lon="129.50937465">
   <ele>1964.592</ele>
  </trkpt>
  <trkpt lat="-3.21923370" lon="129.50928287">
   <ele>1962.188</ele>
  </trkpt>
  <trkpt lat="-3.21926077" lon="129.50928236">
   <ele>1959.304</ele>
  </trkpt>
  <trkpt lat="-3.21926186" lon="129.50928186">
   <ele>1956.42</ele>
  </trkpt>
  <trkpt lat="-3.21927418" lon="129.50927775">
   <ele>1954.978</ele>
  </trkpt>
  <trkpt lat="-3.21937091" lon="129.50926074">
   <ele>1952.094</ele>
  </trkpt>
  <trkpt lat="-3.21936831" lon="129.50930659">
   <ele>1949.21</ele>
  </trkpt>
  <trkpt lat="-3.21943771" lon="129.50934456">
   <ele>1945.846</ele>
  </trkpt>
  <trkpt lat="-3.21945800" lon="129.50934355">
   <ele>1942.962</ele>
  </trkpt>
  <trkpt lat="-3.21949764" lon="129.50941555">
   <ele>1941.039</ele>
  </trkpt>
  <trkpt lat="-3.21957476" lon="129.50950750">
   <ele>1938.155</ele>
  </trkpt>
  <trkpt lat="-3.21958255" lon="129.50954773">
   <ele>1934.791</ele>
  </trkpt>
  <trkpt lat="-3.21961784" lon="129.50948579">
   <ele>1935.752</ele>
  </trkpt>
  <trkpt lat="-3.21970853" lon="129.50948051">
   <ele>1937.194</ele>
  </trkpt>
  <trkpt lat="-3.21973125" lon="129.50947699">
   <ele>1940.078</ele>
  </trkpt>
  <trkpt lat="-3.21973066" lon="129.50948210">
   <ele>1941.039</ele>
  </trkpt>
  <trkpt lat="-3.21970970" lon="129.50949535">
   <ele>1939.116</ele>
  </trkpt>
  <trkpt lat="-3.21974474" lon="129.50954145">
   <ele>1939.116</ele>
  </trkpt>
  <trkpt lat="-3.21974298" lon="129.50958545">
   <ele>1939.116</ele>
  </trkpt>
  <trkpt lat="-3.21978858" lon="129.50961010">
   <ele>1942.481</ele>
  </trkpt>
  <trkpt lat="-3.21983770" lon="129.50971521">
   <ele>1942</ele>
  </trkpt>
  <trkpt lat="-3.21986410" lon="129.50976835">
   <ele>1943.442</ele>
  </trkpt>
  <trkpt lat="-3.21999016" lon="129.50976986">
   <ele>1946.807</ele>
  </trkpt>
  <trkpt lat="-3.22001858" lon="129.50981101">
   <ele>1949.21</ele>
  </trkpt>
  <trkpt lat="-3.22010164" lon="129.50985728">
   <ele>1950.652</ele>
  </trkpt>
  <trkpt lat="-3.22016124" lon="129.50987798">
   <ele>1952.094</ele>
  </trkpt>
  <trkpt lat="-3.22021010" lon="129.50992953">
   <ele>1954.498</ele>
  </trkpt>
  <trkpt lat="-3.22026207" lon="129.50998527">
   <ele>1956.901</ele>
  </trkpt>
  <trkpt lat="-3.22032661" lon="129.51000379">
   <ele>1955.939</ele>
  </trkpt>
  <trkpt lat="-3.22034195" lon="129.51006708">
   <ele>1956.901</ele>
  </trkpt>
  <trkpt lat="-3.22039945" lon="129.51013103">
   <ele>1959.304</ele>
  </trkpt>
  <trkpt lat="-3.22044639" lon="129.51016406">
   <ele>1959.304</ele>
  </trkpt>
  <trkpt lat="-3.22049794" lon="129.51018484">
   <ele>1960.265</ele>
  </trkpt>
  <trkpt lat="-3.22051797" lon="129.51022566">
   <ele>1962.188</ele>
  </trkpt>
  <trkpt lat="-3.22058461" lon="129.51020471">
   <ele>1961.708</ele>
  </trkpt>
  <trkpt lat="-3.22067010" lon="129.51023371">
   <ele>1961.227</ele>
  </trkpt>
  <trkpt lat="-3.22072442" lon="129.51025450">
   <ele>1962.188</ele>
  </trkpt>
  <trkpt lat="-3.22083288" lon="129.51028962">
   <ele>1962.188</ele>
  </trkpt>
  <trkpt lat="-3.22091008" lon="129.51030998">
   <ele>1960.746</ele>
  </trkpt>
  <trkpt lat="-3.22092852" lon="129.51033773">
   <ele>1961.227</ele>
  </trkpt>
  <trkpt lat="-3.22097705" lon="129.51033555">
   <ele>1962.669</ele>
  </trkpt>
  <trkpt lat="-3.22103597" lon="129.51034343">
   <ele>1964.111</ele>
  </trkpt>
  <trkpt lat="-3.22106204" lon="129.51035818">
   <ele>1965.072</ele>
  </trkpt>
  <trkpt lat="-3.22106422" lon="129.51035617">
   <ele>1963.63</ele>
  </trkpt>
  <trkpt lat="-3.22110730" lon="129.51036396">
   <ele>1963.63</ele>
  </trkpt>
  <trkpt lat="-3.22118106" lon="129.51037201">
   <ele>1961.708</ele>
  </trkpt>
  <trkpt lat="-3.22123068" lon="129.51039615">
   <ele>1958.343</ele>
  </trkpt>
  <trkpt lat="-3.22128408" lon="129.51043068">
   <ele>1955.459</ele>
  </trkpt>
  <trkpt lat="-3.22136186" lon="129.51049464">
   <ele>1953.056</ele>
  </trkpt>
  <trkpt lat="-3.22136362" lon="129.51049522">
   <ele>1951.614</ele>
  </trkpt>
  <trkpt lat="-3.22137284" lon="129.51049003">
   <ele>1952.094</ele>
  </trkpt>
  <trkpt lat="-3.22144392" lon="129.51052657">
   <ele>1949.21</ele>
  </trkpt>
  <trkpt lat="-3.22150066" lon="129.51057829">
   <ele>1948.73</ele>
  </trkpt>
  <trkpt lat="-3.22157434" lon="129.51062330">
   <ele>1947.288</ele>
  </trkpt>
  <trkpt lat="-3.22165045" lon="129.51063327">
   <ele>1945.365</ele>
  </trkpt>
  <trkpt lat="-3.22166688" lon="129.51061710">
   <ele>1944.884</ele>
  </trkpt>
  <trkpt lat="-3.22167384" lon="129.51061349">
   <ele>1943.923</ele>
  </trkpt>
  <trkpt lat="-3.22169387" lon="129.51061090">
   <ele>1943.923</ele>
  </trkpt>
  <trkpt lat="-3.22174433" lon="129.51064250">
   <ele>1943.442</ele>
  </trkpt>
  <trkpt lat="-3.22180510" lon="129.51067124">
   <ele>1942.962</ele>
  </trkpt>
  <trkpt lat="-3.22180744" lon="129.51067368">
   <ele>1942.962</ele>
  </trkpt>
  <trkpt lat="-3.22187894" lon="129.51068851">
   <ele>1939.597</ele>
  </trkpt>
  <trkpt lat="-3.22195672" lon="129.51070620">
   <ele>1937.675</ele>
  </trkpt>
  <trkpt lat="-3.22199754" lon="129.51074098">
   <ele>1936.713</ele>
  </trkpt>
  <trkpt lat="-3.22202596" lon="129.51074375">
   <ele>1935.271</ele>
  </trkpt>
  <trkpt lat="-3.22203166" lon="129.51076169">
   <ele>1934.791</ele>
  </trkpt>
  <trkpt lat="-3.22207508" lon="129.51080997">
   <ele>1932.387</ele>
  </trkpt>
  <trkpt lat="-3.22211606" lon="129.51087451">
   <ele>1929.984</ele>
  </trkpt>
  <trkpt lat="-3.22220013" lon="129.51095346">
   <ele>1927.1</ele>
  </trkpt>
  <trkpt lat="-3.22225101" lon="129.51096562">
   <ele>1925.177</ele>
  </trkpt>
  <trkpt lat="-3.22230684" lon="129.51098632">
   <ele>1924.216</ele>
  </trkpt>
  <trkpt lat="-3.22235319" lon="129.51101675">
   <ele>1922.774</ele>
  </trkpt>
  <trkpt lat="-3.22239015" lon="129.51105229">
   <ele>1921.332</ele>
  </trkpt>
  <trkpt lat="-3.22245939" lon="129.51106670">
   <ele>1919.89</ele>
  </trkpt>
  <trkpt lat="-3.22251161" lon="129.51107492">
   <ele>1920.371</ele>
  </trkpt>
  <trkpt lat="-3.22258604" lon="129.51114591">
   <ele>1917.968</ele>
  </trkpt>
  <trkpt lat="-3.22279559" lon="129.51117533">
   <ele>1915.564</ele>
  </trkpt>
  <trkpt lat="-3.22284093" lon="129.51119034">
   <ele>1915.564</ele>
  </trkpt>
  <trkpt lat="-3.22294294" lon="129.51122697">
   <ele>1914.122</ele>
  </trkpt>
  <trkpt lat="-3.22303631" lon="129.51126577">
   <ele>1911.719</ele>
  </trkpt>
  <trkpt lat="-3.22315047" lon="129.51127768">
   <ele>1910.277</ele>
  </trkpt>
  <trkpt lat="-3.22340277" lon="129.51133576">
   <ele>1909.316</ele>
  </trkpt>
  <trkpt lat="-3.22341107" lon="129.51134331">
   <ele>1905.951</ele>
  </trkpt>
  <trkpt lat="-3.22341199" lon="129.51134431">
   <ele>1902.586</ele>
  </trkpt>
  <trkpt lat="-3.22348835" lon="129.51133450">
   <ele>1901.145</ele>
  </trkpt>
  <trkpt lat="-3.22355197" lon="129.51133249">
   <ele>1900.664</ele>
  </trkpt>
  <trkpt lat="-3.22362087" lon="129.51137122">
   <ele>1897.78</ele>
  </trkpt>
  <trkpt lat="-3.22368256" lon="129.51136250">
   <ele>1894.415</ele>
  </trkpt>
  <trkpt lat="-3.22370242" lon="129.51135915">
   <ele>1891.531</ele>
  </trkpt>
  <trkpt lat="-3.22382312" lon="129.51137122">
   <ele>1889.609</ele>
  </trkpt>
  <trkpt lat="-3.22385179" lon="129.51137247">
   <ele>1885.763</ele>
  </trkpt>
  <trkpt lat="-3.22393276" lon="129.51139368">
   <ele>1882.399</ele>
  </trkpt>
  <trkpt lat="-3.22398724" lon="129.51139636">
   <ele>1879.515</ele>
  </trkpt>
  <trkpt lat="-3.22407056" lon="129.51141229">
   <ele>1878.073</ele>
  </trkpt>
  <trkpt lat="-3.22417458" lon="129.51147004">
   <ele>1875.669</ele>
  </trkpt>
  <trkpt lat="-3.22422696" lon="129.51150407">
   <ele>1872.786</ele>
  </trkpt>
  <trkpt lat="-3.22428823" lon="129.51152846">
   <ele>1870.863</ele>
  </trkpt>
  <trkpt lat="-3.22444179" lon="129.51158596">
   <ele>1868.46</ele>
  </trkpt>
  <trkpt lat="-3.22444992" lon="129.51158596">
   <ele>1865.095</ele>
  </trkpt>
  <trkpt lat="-3.22445017" lon="129.51158529">
   <ele>1862.211</ele>
  </trkpt>
  <trkpt lat="-3.22448940" lon="129.51158294">
   <ele>1858.846</ele>
  </trkpt>
  <trkpt lat="-3.22454606" lon="129.51160247">
   <ele>1856.924</ele>
  </trkpt>
  <trkpt lat="-3.22463784" lon="129.51161647">
   <ele>1855.001</ele>
  </trkpt>
  <trkpt lat="-3.22475963" lon="129.51157993">
   <ele>1851.636</ele>
  </trkpt>
  <trkpt lat="-3.22476231" lon="129.51157942">
   <ele>1848.752</ele>
  </trkpt>
  <trkpt lat="-3.22476877" lon="129.51157766">
   <ele>1845.869</ele>
  </trkpt>
  <trkpt lat="-3.22478511" lon="129.51161999">
   <ele>1847.311</ele>
  </trkpt>
  <trkpt lat="-3.22483314" lon="129.51164648">
   <ele>1844.427</ele>
  </trkpt>
  <trkpt lat="-3.22487773" lon="129.51164179">
   <ele>1840.581</ele>
  </trkpt>
  <trkpt lat="-3.22497756" lon="129.51164061">
   <ele>1837.698</ele>
  </trkpt>
  <trkpt lat="-3.22508284" lon="129.51169124">
   <ele>1834.813</ele>
  </trkpt>
  <trkpt lat="-3.22514906" lon="129.51169174">
   <ele>1832.41</ele>
  </trkpt>
  <trkpt lat="-3.22530840" lon="129.51174245">
   <ele>1830.968</ele>
  </trkpt>
  <trkpt lat="-3.22539590" lon="129.51178319">
   <ele>1829.526</ele>
  </trkpt>
  <trkpt lat="-3.22550395" lon="129.51182242">
   <ele>1829.045</ele>
  </trkpt>
  <trkpt lat="-3.22559330" lon="129.51181496">
   <ele>1829.045</ele>
  </trkpt>
  <trkpt lat="-3.22572255" lon="129.51182401">
   <ele>1826.162</ele>
  </trkpt>
  <trkpt lat="-3.22577183" lon="129.51178646">
   <ele>1822.797</ele>
  </trkpt>
  <trkpt lat="-3.22583545" lon="129.51176492">
   <ele>1819.432</ele>
  </trkpt>
  <trkpt lat="-3.22585951" lon="129.51180733">
   <ele>1818.471</ele>
  </trkpt>
  <trkpt lat="-3.22587786" lon="129.51182585">
   <ele>1817.51</ele>
  </trkpt>
  <trkpt lat="-3.22594349" lon="129.51181890">
   <ele>1815.106</ele>
  </trkpt>
  <trkpt lat="-3.22598691" lon="129.51184178">
   <ele>1811.742</ele>
  </trkpt>
  <trkpt lat="-3.22595783" lon="129.51183641">
   <ele>1813.664</ele>
  </trkpt>
  <trkpt lat="-3.22601918" lon="129.51183977">
   <ele>1811.742</ele>
  </trkpt>
  <trkpt lat="-3.22607081" lon="129.51184538">
   <ele>1809.339</ele>
  </trkpt>
  <trkpt lat="-3.22614265" lon="129.51186684">
   <ele>1805.974</ele>
  </trkpt>
  <trkpt lat="-3.22621037" lon="129.51188218">
   <ele>1804.532</ele>
  </trkpt>
  <trkpt lat="-3.22630668" lon="129.51188721">
   <ele>1802.128</ele>
  </trkpt>
  <trkpt lat="-3.22640282" lon="129.51189601">
   <ele>1799.725</ele>
  </trkpt>
  <trkpt lat="-3.22644548" lon="129.51192359">
   <ele>1797.322</ele>
  </trkpt>
  <trkpt lat="-3.22648169" lon="129.51192216">
   <ele>1796.361</ele>
  </trkpt>
  <trkpt lat="-3.22654640" lon="129.51189634">
   <ele>1794.438</ele>
  </trkpt>
  <trkpt lat="-3.22655705" lon="129.51193079">
   <ele>1794.919</ele>
  </trkpt>
  <trkpt lat="-3.22659946" lon="129.51191462">
   <ele>1792.996</ele>
  </trkpt>
  <trkpt lat="-3.22663969" lon="129.51194613">
   <ele>1791.554</ele>
  </trkpt>
  <trkpt lat="-3.22670155" lon="129.51193574">
   <ele>1789.632</ele>
  </trkpt>
  <trkpt lat="-3.22678277" lon="129.51197505">
   <ele>1788.19</ele>
  </trkpt>
  <trkpt lat="-3.22685997" lon="129.51200212">
   <ele>1785.786</ele>
  </trkpt>
  <trkpt lat="-3.22692376" lon="129.51198637">
   <ele>1782.422</ele>
  </trkpt>
  <trkpt lat="-3.22701344" lon="129.51204169">
   <ele>1781.941</ele>
  </trkpt>
  <trkpt lat="-3.22708611" lon="129.51208309">
   <ele>1781.46</ele>
  </trkpt>
  <trkpt lat="-3.22710690" lon="129.51212551">
   <ele>1778.096</ele>
  </trkpt>
  <trkpt lat="-3.22716541" lon="129.51212106">
   <ele>1776.173</ele>
  </trkpt>
  <trkpt lat="-3.22726255" lon="129.51211059">
   <ele>1774.25</ele>
  </trkpt>
  <trkpt lat="-3.22726582" lon="129.51210447">
   <ele>1771.366</ele>
  </trkpt>
  <trkpt lat="-3.22734612" lon="129.51213565">
   <ele>1767.521</ele>
  </trkpt>
  <trkpt lat="-3.22740907" lon="129.51216188">
   <ele>1766.56</ele>
  </trkpt>
  <trkpt lat="-3.22748543" lon="129.51220304">
   <ele>1763.195</ele>
  </trkpt>
  <trkpt lat="-3.22759012" lon="129.51225878">
   <ele>1761.273</ele>
  </trkpt>
  <trkpt lat="-3.22759716" lon="129.51227001">
   <ele>1760.311</ele>
  </trkpt>
  <trkpt lat="-3.22768425" lon="129.51230094">
   <ele>1758.389</ele>
  </trkpt>
  <trkpt lat="-3.22776605" lon="129.51235643">
   <ele>1755.985</ele>
  </trkpt>
  <trkpt lat="-3.22786957" lon="129.51234327">
   <ele>1752.621</ele>
  </trkpt>
  <trkpt lat="-3.22792347" lon="129.51232407">
   <ele>1751.179</ele>
  </trkpt>
  <trkpt lat="-3.22802740" lon="129.51233572">
   <ele>1748.295</ele>
  </trkpt>
  <trkpt lat="-3.22805179" lon="129.51233899">
   <ele>1745.411</ele>
  </trkpt>
  <trkpt lat="-3.22811315" lon="129.51234142">
   <ele>1742.046</ele>
  </trkpt>
  <trkpt lat="-3.22818238" lon="129.51234159">
   <ele>1742.046</ele>
  </trkpt>
  <trkpt lat="-3.22826955" lon="129.51235861">
   <ele>1738.682</ele>
  </trkpt>
  <trkpt lat="-3.22838229" lon="129.51237260">
   <ele>1736.278</ele>
  </trkpt>
  <trkpt lat="-3.22842420" lon="129.51240999">
   <ele>1735.317</ele>
  </trkpt>
  <trkpt lat="-3.22851372" lon="129.51241074">
   <ele>1732.914</ele>
  </trkpt>
  <trkpt lat="-3.22859419" lon="129.51245039">
   <ele>1733.394</ele>
  </trkpt>
  <trkpt lat="-3.22865210" lon="129.51248224">
   <ele>1732.433</ele>
  </trkpt>
  <trkpt lat="-3.22877163" lon="129.51249607">
   <ele>1730.51</ele>
  </trkpt>
  <trkpt lat="-3.22884380" lon="129.51252365">
   <ele>1729.549</ele>
  </trkpt>
  <trkpt lat="-3.22893885" lon="129.51252004">
   <ele>1729.068</ele>
  </trkpt>
  <trkpt lat="-3.22900230" lon="129.51252691">
   <ele>1728.588</ele>
  </trkpt>
  <trkpt lat="-3.22907019" lon="129.51253245">
   <ele>1727.146</ele>
  </trkpt>
  <trkpt lat="-3.22914253" lon="129.51256581">
   <ele>1726.665</ele>
  </trkpt>
  <trkpt lat="-3.22929592" lon="129.51254619">
   <ele>1727.146</ele>
  </trkpt>
  <trkpt lat="-3.22939768" lon="129.51257880">
   <ele>1729.068</ele>
  </trkpt>
  <trkpt lat="-3.22941461" lon="129.51264175">
   <ele>1729.068</ele>
  </trkpt>
  <trkpt lat="-3.22947621" lon="129.51270805">
   <ele>1729.068</ele>
  </trkpt>
  <trkpt lat="-3.22953438" lon="129.51273671">
   <ele>1730.03</ele>
  </trkpt>
  <trkpt lat="-3.22959708" lon="129.51274183">
   <ele>1728.588</ele>
  </trkpt>
  <trkpt lat="-3.22965936" lon="129.51283847">
   <ele>1729.549</ele>
  </trkpt>
  <trkpt lat="-3.22974360" lon="129.51289840">
   <ele>1729.068</ele>
  </trkpt>
  <trkpt lat="-3.22984996" lon="129.51306076">
   <ele>1728.588</ele>
  </trkpt>
  <trkpt lat="-3.22991811" lon="129.51313787">
   <ele>1727.146</ele>
  </trkpt>
  <trkpt lat="-3.22996111" lon="129.51319026">
   <ele>1727.146</ele>
  </trkpt>
  <trkpt lat="-3.23005607" lon="129.51337734">
   <ele>1725.223</ele>
  </trkpt>
  <trkpt lat="-3.23005700" lon="129.51338145">
   <ele>1722.339</ele>
  </trkpt>
  <trkpt lat="-3.23005700" lon="129.51338153">
   <ele>1720.897</ele>
  </trkpt>
  <trkpt lat="-3.23005649" lon="129.51338229">
   <ele>1721.858</ele>
  </trkpt>
  <trkpt lat="-3.23005666" lon="129.51338246">
   <ele>1721.858</ele>
  </trkpt>
  <trkpt lat="-3.23005716" lon="129.51338254">
   <ele>1719.936</ele>
  </trkpt>
  <trkpt lat="-3.23005306" lon="129.51337751">
   <ele>1721.378</ele>
  </trkpt>
  <trkpt lat="-3.23017619" lon="129.51331859">
   <ele>1718.975</ele>
  </trkpt>
  <trkpt lat="-3.23021910" lon="129.51331875">
   <ele>1716.091</ele>
  </trkpt>
  <trkpt lat="-3.23030661" lon="129.51330744">
   <ele>1713.687</ele>
  </trkpt>
  <trkpt lat="-3.23034248" lon="129.51328849">
   <ele>1710.323</ele>
  </trkpt>
  <trkpt lat="-3.23043837" lon="129.51333359">
   <ele>1707.439</ele>
  </trkpt>
  <trkpt lat="-3.23048690" lon="129.51334474">
   <ele>1704.074</ele>
  </trkpt>
  <trkpt lat="-3.23048858" lon="129.51334365">
   <ele>1704.074</ele>
  </trkpt>
  <trkpt lat="-3.23049637" lon="129.51336712">
   <ele>1700.709</ele>
  </trkpt>
  <trkpt lat="-3.23054424" lon="129.51337156">
   <ele>1697.345</ele>
  </trkpt>
  <trkpt lat="-3.23057533" lon="129.51343074">
   <ele>1693.98</ele>
  </trkpt>
  <trkpt lat="-3.23063124" lon="129.51344901">
   <ele>1691.096</ele>
  </trkpt>
  <trkpt lat="-3.23069477" lon="129.51341615">
   <ele>1689.654</ele>
  </trkpt>
  <trkpt lat="-3.23071774" lon="129.51341816">
   <ele>1686.77</ele>
  </trkpt>
  <trkpt lat="-3.23063384" lon="129.51339545">
   <ele>1684.848</ele>
  </trkpt>
  <trkpt lat="-3.23073492" lon="129.51329478">
   <ele>1682.925</ele>
  </trkpt>
  <trkpt lat="-3.23081128" lon="129.51333920">
   <ele>1680.041</ele>
  </trkpt>
  <trkpt lat="-3.23080190" lon="129.51335195">
   <ele>1677.157</ele>
  </trkpt>
  <trkpt lat="-3.23080324" lon="129.51332998">
   <ele>1674.273</ele>
  </trkpt>
  <trkpt lat="-3.23089452" lon="129.51342965">
   <ele>1673.792</ele>
  </trkpt>
  <trkpt lat="-3.23093542" lon="129.51343057">
   <ele>1671.87</ele>
  </trkpt>
  <trkpt lat="-3.23101371" lon="129.51337265">
   <ele>1669.947</ele>
  </trkpt>
  <trkpt lat="-3.23116223" lon="129.51328397">
   <ele>1667.544</ele>
  </trkpt>
  <trkpt lat="-3.23117296" lon="129.51327550">
   <ele>1664.66</ele>
  </trkpt>
  <trkpt lat="-3.23117715" lon="129.51327500">
   <ele>1661.296</ele>
  </trkpt>
  <trkpt lat="-3.23118294" lon="129.51326938">
   <ele>1658.411</ele>
  </trkpt>
  <trkpt lat="-3.23119056" lon="129.51326058">
   <ele>1655.528</ele>
  </trkpt>
  <trkpt lat="-3.23122325" lon="129.51320392">
   <ele>1652.163</ele>
  </trkpt>
  <trkpt lat="-3.23122635" lon="129.51318406">
   <ele>1649.279</ele>
  </trkpt>
  <trkpt lat="-3.23121672" lon="129.51304668">
   <ele>1648.318</ele>
  </trkpt>
  <trkpt lat="-3.23122007" lon="129.51299404">
   <ele>1647.356</ele>
  </trkpt>
  <trkpt lat="-3.23122099" lon="129.51298993">
   <ele>1644.472</ele>
  </trkpt>
  <trkpt lat="-3.23116307" lon="129.51294559">
   <ele>1641.108</ele>
  </trkpt>
  <trkpt lat="-3.23110658" lon="129.51289614">
   <ele>1640.627</ele>
  </trkpt>
  <trkpt lat="-3.23110364" lon="129.51274862">
   <ele>1637.262</ele>
  </trkpt>
  <trkpt lat="-3.23113474" lon="129.51263823">
   <ele>1633.898</ele>
  </trkpt>
  <trkpt lat="-3.23102871" lon="129.51262238">
   <ele>1631.495</ele>
  </trkpt>
  <trkpt lat="-3.23100340" lon="129.51260118">
   <ele>1628.13</ele>
  </trkpt>
  <trkpt lat="-3.23103399" lon="129.51258006">
   <ele>1626.207</ele>
  </trkpt>
  <trkpt lat="-3.23104229" lon="129.51248383">
   <ele>1622.843</ele>
  </trkpt>
  <trkpt lat="-3.23101094" lon="129.51241451">
   <ele>1619.959</ele>
  </trkpt>
  <trkpt lat="-3.23110406" lon="129.51226783">
   <ele>1617.075</ele>
  </trkpt>
  <trkpt lat="-3.23111027" lon="129.51229465">
   <ele>1614.191</ele>
  </trkpt>
  <trkpt lat="-3.23111127" lon="129.51228895">
   <ele>1610.345</ele>
  </trkpt>
  <trkpt lat="-3.23120867" lon="129.51217580">
   <ele>1607.462</ele>
  </trkpt>
  <trkpt lat="-3.23120741" lon="129.51217462">
   <ele>1604.578</ele>
  </trkpt>
  <trkpt lat="-3.23126441" lon="129.51219415">
   <ele>1601.694</ele>
  </trkpt>
  <trkpt lat="-3.23132182" lon="129.51221108">
   <ele>1598.329</ele>
  </trkpt>
  <trkpt lat="-3.23132090" lon="129.51217060">
   <ele>1595.445</ele>
  </trkpt>
  <trkpt lat="-3.23128679" lon="129.51207228">
   <ele>1593.042</ele>
  </trkpt>
  <trkpt lat="-3.23133356" lon="129.51201076">
   <ele>1590.158</ele>
  </trkpt>
  <trkpt lat="-3.23136692" lon="129.51190053">
   <ele>1588.235</ele>
  </trkpt>
  <trkpt lat="-3.23137488" lon="129.51179492">
   <ele>1586.793</ele>
  </trkpt>
  <trkpt lat="-3.23123960" lon="129.51160465">
   <ele>1589.677</ele>
  </trkpt>
  <trkpt lat="-3.23119232" lon="129.51152176">
   <ele>1593.042</ele>
  </trkpt>
  <trkpt lat="-3.23116885" lon="129.51146468">
   <ele>1595.926</ele>
  </trkpt>
  <trkpt lat="-3.23116751" lon="129.51133316">
   <ele>1593.042</ele>
  </trkpt>
  <trkpt lat="-3.23117606" lon="129.51131456">
   <ele>1589.677</ele>
  </trkpt>
  <trkpt lat="-3.23118092" lon="129.51130777">
   <ele>1588.235</ele>
  </trkpt>
  <trkpt lat="-3.23118118" lon="129.51130584">
   <ele>1589.197</ele>
  </trkpt>
  <trkpt lat="-3.23120255" lon="129.51131389">
   <ele>1585.832</ele>
  </trkpt>
  <trkpt lat="-3.23120037" lon="129.51133903">
   <ele>1584.871</ele>
  </trkpt>
  <trkpt lat="-3.23118185" lon="129.51135362">
   <ele>1585.351</ele>
  </trkpt>
  <trkpt lat="-3.23116835" lon="129.51134842">
   <ele>1584.39</ele>
  </trkpt>
  <trkpt lat="-3.23116567" lon="129.51132914">
   <ele>1585.351</ele>
  </trkpt>
  <trkpt lat="-3.23121219" lon="129.51108355">
   <ele>1581.987</ele>
  </trkpt>
  <trkpt lat="-3.23121370" lon="129.51107366">
   <ele>1578.622</ele>
  </trkpt>
  <trkpt lat="-3.23121479" lon="129.51106855">
   <ele>1575.257</ele>
  </trkpt>
  <trkpt lat="-3.23121797" lon="129.51106410">
   <ele>1572.374</ele>
  </trkpt>
  <trkpt lat="-3.23122703" lon="129.51106436">
   <ele>1569.009</ele>
  </trkpt>
  <trkpt lat="-3.23122828" lon="129.51102664">
   <ele>1565.645</ele>
  </trkpt>
  <trkpt lat="-3.23120800" lon="129.51097417">
   <ele>1562.76</ele>
  </trkpt>
  <trkpt lat="-3.23128134" lon="129.51096226">
   <ele>1559.396</ele>
  </trkpt>
  <trkpt lat="-3.23128268" lon="129.51092304">
   <ele>1556.031</ele>
  </trkpt>
  <trkpt lat="-3.23130431" lon="129.51084944">
   <ele>1553.147</ele>
  </trkpt>
  <trkpt lat="-3.23132233" lon="129.51085858">
   <ele>1549.783</ele>
  </trkpt>
  <trkpt lat="-3.23139441" lon="129.51075758">
   <ele>1546.418</ele>
  </trkpt>
  <trkpt lat="-3.23139441" lon="129.51078205">
   <ele>1543.534</ele>
  </trkpt>
  <trkpt lat="-3.23139475" lon="129.51078155">
   <ele>1546.898</ele>
  </trkpt>
  <trkpt lat="-3.23139684" lon="129.51074526">
   <ele>1544.495</ele>
  </trkpt>
  <trkpt lat="-3.23140707" lon="129.51078658">
   <ele>1542.573</ele>
  </trkpt>
  <trkpt lat="-3.23138368" lon="129.51082790">
   <ele>1539.689</ele>
  </trkpt>
  <trkpt lat="-3.23142668" lon="129.51077065">
   <ele>1537.766</ele>
  </trkpt>
  <trkpt lat="-3.23144931" lon="129.51066370">
   <ele>1534.882</ele>
  </trkpt>
  <trkpt lat="-3.23141604" lon="129.51077987">
   <ele>1534.402</ele>
  </trkpt>
  <trkpt lat="-3.23151268" lon="129.51073377">
   <ele>1531.517</ele>
  </trkpt>
  <trkpt lat="-3.23154034" lon="129.51072606">
   <ele>1528.634</ele>
  </trkpt>
  <trkpt lat="-3.23156255" lon="129.51068901">
   <ele>1526.711</ele>
  </trkpt>
  <trkpt lat="-3.23158183" lon="129.51069337">
   <ele>1523.346</ele>
  </trkpt>
  <trkpt lat="-3.23167940" lon="129.51067099">
   <ele>1521.424</ele>
  </trkpt>
  <trkpt lat="-3.23171427" lon="129.51054526">
   <ele>1518.059</ele>
  </trkpt>
  <trkpt lat="-3.23176925" lon="129.51049313">
   <ele>1514.694</ele>
  </trkpt>
  <trkpt lat="-3.23186765" lon="129.51047427">
   <ele>1513.252</ele>
  </trkpt>
  <trkpt lat="-3.23191350" lon="129.51043890">
   <ele>1511.33</ele>
  </trkpt>
  <trkpt lat="-3.23194695" lon="129.51038391">
   <ele>1508.446</ele>
  </trkpt>
  <trkpt lat="-3.23201098" lon="129.51034209">
   <ele>1505.081</ele>
  </trkpt>
  <trkpt lat="-3.23213470" lon="129.51033756">
   <ele>1504.601</ele>
  </trkpt>
  <trkpt lat="-3.23221073" lon="129.51033010">
   <ele>1503.639</ele>
  </trkpt>
  <trkpt lat="-3.23224677" lon="129.51022960">
   <ele>1500.275</ele>
  </trkpt>
  <trkpt lat="-3.23232757" lon="129.51019247">
   <ele>1497.871</ele>
  </trkpt>
  <trkpt lat="-3.23237099" lon="129.51016732">
   <ele>1494.987</ele>
  </trkpt>
  <trkpt lat="-3.23251130" lon="129.51010622">
   <ele>1492.584</ele>
  </trkpt>
  <trkpt lat="-3.23253108" lon="129.51009633">
   <ele>1489.7</ele>
  </trkpt>
  <trkpt lat="-3.23260644" lon="129.51008351">
   <ele>1488.739</ele>
  </trkpt>
  <trkpt lat="-3.23269000" lon="129.51002592">
   <ele>1488.258</ele>
  </trkpt>
  <trkpt lat="-3.23271674" lon="129.51002534">
   <ele>1485.374</ele>
  </trkpt>
  <trkpt lat="-3.23279243" lon="129.50999315">
   <ele>1484.894</ele>
  </trkpt>
  <trkpt lat="-3.23282470" lon="129.50999558">
   <ele>1480.568</ele>
  </trkpt>
  <trkpt lat="-3.23292662" lon="129.50996339">
   <ele>1479.125</ele>
  </trkpt>
  <trkpt lat="-3.23298161" lon="129.50994034">
   <ele>1478.164</ele>
  </trkpt>
  <trkpt lat="-3.23305336" lon="129.50992886">
   <ele>1478.164</ele>
  </trkpt>
  <trkpt lat="-3.23314983" lon="129.51007429">
   <ele>1476.722</ele>
  </trkpt>
  <trkpt lat="-3.23328118" lon="129.51014872">
   <ele>1473.838</ele>
  </trkpt>
  <trkpt lat="-3.23328646" lon="129.51015442">
   <ele>1470.955</ele>
  </trkpt>
  <trkpt lat="-3.23328881" lon="129.51015408">
   <ele>1467.59</ele>
  </trkpt>
  <trkpt lat="-3.23330741" lon="129.51013313">
   <ele>1464.706</ele>
  </trkpt>
  <trkpt lat="-3.23338176" lon="129.51011511">
   <ele>1461.341</ele>
  </trkpt>
  <trkpt lat="-3.23356532" lon="129.51023404">
   <ele>1457.977</ele>
  </trkpt>
  <trkpt lat="-3.23352492" lon="129.51018023">
   <ele>1457.015</ele>
  </trkpt>
  <trkpt lat="-3.23367806" lon="129.50994294">
   <ele>1454.612</ele>
  </trkpt>
  <trkpt lat="-3.23372332" lon="129.50989969">
   <ele>1451.728</ele>
  </trkpt>
  <trkpt lat="-3.23372735" lon="129.50989634">
   <ele>1448.844</ele>
  </trkpt>
  <trkpt lat="-3.23372827" lon="129.50988770">
   <ele>1445.479</ele>
  </trkpt>
  <trkpt lat="-3.23373531" lon="129.50988435">
   <ele>1442.596</ele>
  </trkpt>
  <trkpt lat="-3.23379046" lon="129.50985879">
   <ele>1439.231</ele>
  </trkpt>
  <trkpt lat="-3.23383128" lon="129.50984378">
   <ele>1436.347</ele>
  </trkpt>
  <trkpt lat="-3.23393396" lon="129.50993842">
   <ele>1432.982</ele>
  </trkpt>
  <trkpt lat="-3.23398467" lon="129.50999759">
   <ele>1429.618</ele>
  </trkpt>
  <trkpt lat="-3.23390982" lon="129.50994277">
   <ele>1428.656</ele>
  </trkpt>
  <trkpt lat="-3.23399213" lon="129.50985451">
   <ele>1428.176</ele>
  </trkpt>
  <trkpt lat="-3.23391770" lon="129.50991444">
   <ele>1427.215</ele>
  </trkpt>
  <trkpt lat="-3.23412389" lon="129.50985543">
   <ele>1425.772</ele>
  </trkpt>
  <trkpt lat="-3.23415399" lon="129.50971847">
   <ele>1424.811</ele>
  </trkpt>
  <trkpt lat="-3.23420847" lon="129.50966978">
   <ele>1421.927</ele>
  </trkpt>
  <trkpt lat="-3.23421643" lon="129.50968444">
   <ele>1418.563</ele>
  </trkpt>
  <trkpt lat="-3.23421853" lon="129.50966567">
   <ele>1415.679</ele>
  </trkpt>
  <trkpt lat="-3.23432003" lon="129.50944782">
   <ele>1413.275</ele>
  </trkpt>
  <trkpt lat="-3.23437686" lon="129.50935428">
   <ele>1410.391</ele>
  </trkpt>
  <trkpt lat="-3.23438340" lon="129.50936434">
   <ele>1407.027</ele>
  </trkpt>
  <trkpt lat="-3.23444718" lon="129.50939083">
   <ele>1403.181</ele>
  </trkpt>
  <trkpt lat="-3.23456797" lon="129.50944221">
   <ele>1400.778</ele>
  </trkpt>
  <trkpt lat="-3.23460661" lon="129.50945101">
   <ele>1397.894</ele>
  </trkpt>
  <trkpt lat="-3.23470057" lon="129.50946232">
   <ele>1396.452</ele>
  </trkpt>
  <trkpt lat="-3.23473108" lon="129.50945444">
   <ele>1395.01</ele>
  </trkpt>
  <trkpt lat="-3.23480425" lon="129.50945746">
   <ele>1391.646</ele>
  </trkpt>
  <trkpt lat="-3.23481264" lon="129.50953407">
   <ele>1388.281</ele>
  </trkpt>
  <trkpt lat="-3.23486988" lon="129.50957330">
   <ele>1384.917</ele>
  </trkpt>
  <trkpt lat="-3.23491850" lon="129.50959870">
   <ele>1382.032</ele>
  </trkpt>
  <trkpt lat="-3.23489411" lon="129.50964346">
   <ele>1378.668</ele>
  </trkpt>
  <trkpt lat="-3.23498237" lon="129.50971671">
   <ele>1375.784</ele>
  </trkpt>
  <trkpt lat="-3.23509661" lon="129.50975167">
   <ele>1372.419</ele>
  </trkpt>
  <trkpt lat="-3.23527532" lon="129.50995401">
   <ele>1369.535</ele>
  </trkpt>
  <trkpt lat="-3.23528169" lon="129.50995694">
   <ele>1366.171</ele>
  </trkpt>
  <trkpt lat="-3.23528470" lon="129.50996230">
   <ele>1362.806</ele>
  </trkpt>
  <trkpt lat="-3.23529334" lon="129.50996817">
   <ele>1359.922</ele>
  </trkpt>
  <trkpt lat="-3.23529451" lon="129.50995744">
   <ele>1357.038</ele>
  </trkpt>
  <trkpt lat="-3.23529451" lon="129.50995753">
   <ele>1355.596</ele>
  </trkpt>
  <trkpt lat="-3.23529443" lon="129.50995753">
   <ele>1352.231</ele>
  </trkpt>
  <trkpt lat="-3.23529518" lon="129.50995820">
   <ele>1358.961</ele>
  </trkpt>
  <trkpt lat="-3.23529585" lon="129.50995845">
   <ele>1358</ele>
  </trkpt>
  <trkpt lat="-3.23529594" lon="129.50995862">
   <ele>1355.596</ele>
  </trkpt>
  <trkpt lat="-3.23529284" lon="129.50996599">
   <ele>1356.077</ele>
  </trkpt>
  <trkpt lat="-3.23525327" lon="129.51001712">
   <ele>1356.558</ele>
  </trkpt>
  <trkpt lat="-3.23523886" lon="129.51007412">
   <ele>1355.596</ele>
  </trkpt>
  <trkpt lat="-3.23525914" lon="129.51010195">
   <ele>1357.038</ele>
  </trkpt>
  <trkpt lat="-3.23526668" lon="129.51015148">
   <ele>1358.48</ele>
  </trkpt>
  <trkpt lat="-3.23533894" lon="129.51019247">
   <ele>1358</ele>
  </trkpt>
  <trkpt lat="-3.23532360" lon="129.51020605">
   <ele>1360.884</ele>
  </trkpt>
  <trkpt lat="-3.23537246" lon="129.51025927">
   <ele>1359.442</ele>
  </trkpt>
  <trkpt lat="-3.23542628" lon="129.51031057">
   <ele>1358</ele>
  </trkpt>
  <trkpt lat="-3.23546190" lon="129.51031711">
   <ele>1355.596</ele>
  </trkpt>
  <trkpt lat="-3.23552744" lon="129.51019306">
   <ele>1353.193</ele>
  </trkpt>
 </trkseg>
</trk>
<trk>
 <name>Track 405</name>
 <trkseg>
  <trkpt lat="-3.27071166" lon="129.54858201">
   <ele>0</ele>
  </trkpt>
  <trkpt lat="-3.27048325" lon="129.54846776">
   <ele>0</ele>
  </trkpt>
  <trkpt lat="-3.27059741" lon="129.54846776">
   <ele>0</ele>
  </trkpt>
  <trkpt lat="-3.27071166" lon="129.54846776">
   <ele>0</ele>
  </trkpt>
  <trkpt lat="-3.27071166" lon="129.54858201">
   <ele>0</ele>
  </trkpt>
  <trkpt lat="-3.27059741" lon="129.54846776">
   <ele>0</ele>
  </trkpt>
  <trkpt lat="-3.27048325" lon="129.54846776">
   <ele>0</ele>
  </trkpt>
  <trkpt lat="-3.27025476" lon="129.54835352">
   <ele>0</ele>
  </trkpt>
  <trkpt lat="-3.27014060" lon="129.54835352">
   <ele>0</ele>
  </trkpt>
  <trkpt lat="-3.27002635" lon="129.54823927">
   <ele>0</ele>
  </trkpt>
  <trkpt lat="-3.26991211" lon="129.54823927">
   <ele>0</ele>
  </trkpt>
  <trkpt lat="-3.26979795" lon="129.54823927">
   <ele>0</ele>
  </trkpt>
  <trkpt lat="-3.26956945" lon="129.54812511">
   <ele>0</ele>
  </trkpt>
  <trkpt lat="-3.26968370" lon="129.54801086">
   <ele>0</ele>
  </trkpt>
  <trkpt lat="-3.26979795" lon="129.54789662">
   <ele>0</ele>
  </trkpt>
  <trkpt lat="-3.26991211" lon="129.54778237">
   <ele>0</ele>
  </trkpt>
  <trkpt lat="-3.26979795" lon="129.54766813">
   <ele>0</ele>
  </trkpt>
  <trkpt lat="-3.26991211" lon="129.54755388">
   <ele>0</ele>
  </trkpt>
  <trkpt lat="-3.26991211" lon="129.54743972">
   <ele>0</ele>
  </trkpt>
  <trkpt lat="-3.27002635" lon="129.54743972">
   <ele>0</ele>
  </trkpt>
  <trkpt lat="-3.27014060" lon="129.54732548">
   <ele>0</ele>
  </trkpt>
  <trkpt lat="-3.27014060" lon="129.54721123">
   <ele>0</ele>
  </trkpt>
  <trkpt lat="-3.27025476" lon="129.54709698">
   <ele>0</ele>
  </trkpt>
  <trkpt lat="-3.27025476" lon="129.54698274">
   <ele>0</ele>
  </trkpt>
  <trkpt lat="-3.27014060" lon="129.54686858">
   <ele>0</ele>
  </trkpt>
  <trkpt lat="-3.27014060" lon="129.54675433">
   <ele>0</ele>
  </trkpt>
  <trkpt lat="-3.27002635" lon="129.54664009">
   <ele>0</ele>
  </trkpt>
  <trkpt lat="-3.27002635" lon="129.54652584">
   <ele>0</ele>
  </trkpt>
  <trkpt lat="-3.26991211" lon="129.54641160">
   <ele>0</ele>
  </trkpt>
  <trkpt lat="-3.26991211" lon="129.54629743">
   <ele>0</ele>
  </trkpt>
  <trkpt lat="-3.26979795" lon="129.54618319">
   <ele>0</ele>
  </trkpt>
  <trkpt lat="-3.26979795" lon="129.54606894">
   <ele>0</ele>
  </trkpt>
  <trkpt lat="-3.26968370" lon="129.54595470">
   <ele>0</ele>
  </trkpt>
  <trkpt lat="-3.26968370" lon="129.54584045">
   <ele>0</ele>
  </trkpt>
  <trkpt lat="-3.26968370" lon="129.54561205">
   <ele>0</ele>
  </trkpt>
  <trkpt lat="-3.26968370" lon="129.54549780">
   <ele>0</ele>
  </trkpt>
  <trkpt lat="-3.26956945" lon="129.54549780">
   <ele>0</ele>
  </trkpt>
  <trkpt lat="-3.26956945" lon="129.54538356">
   <ele>0</ele>
  </trkpt>
  <trkpt lat="-3.26956945" lon="129.54515507">
   <ele>0</ele>
  </trkpt>
  <trkpt lat="-3.26945521" lon="129.54504090">
   <ele>0</ele>
  </trkpt>
  <trkpt lat="-3.26945521" lon="129.54481241">
   <ele>0</ele>
  </trkpt>
  <trkpt lat="-3.26934105" lon="129.54469817">
   <ele>0</ele>
  </trkpt>
  <trkpt lat="-3.26934105" lon="129.54458392">
   <ele>0</ele>
  </trkpt>
  <trkpt lat="-3.26934105" lon="129.54435552">
   <ele>0</ele>
  </trkpt>
  <trkpt lat="-3.26922680" lon="129.54424127">
   <ele>0</ele>
  </trkpt>
  <trkpt lat="-3.26922680" lon="129.54401278">
   <ele>0</ele>
  </trkpt>
  <trkpt lat="-3.26922680" lon="129.54389853">
   <ele>0</ele>
  </trkpt>
  <trkpt lat="-3.26922680" lon="129.54367013">
   <ele>0</ele>
  </trkpt>
  <trkpt lat="-3.26922680" lon="129.54355588">
   <ele>0</ele>
  </trkpt>
  <trkpt lat="-3.26911264" lon="129.54332739">
   <ele>0</ele>
  </trkpt>
  <trkpt lat="-3.26899840" lon="129.54309898">
   <ele>0</ele>
  </trkpt>
  <trkpt lat="-3.26899840" lon="129.54287049">
   <ele>0</ele>
  </trkpt>
  <trkpt lat="-3.26888415" lon="129.54275625">
   <ele>0</ele>
  </trkpt>
  <trkpt lat="-3.26888415" lon="129.54252784">
   <ele>0</ele>
  </trkpt>
  <trkpt lat="-3.26888415" lon="129.54241360">
   <ele>0</ele>
  </trkpt>
  <trkpt lat="-3.26888415" lon="129.54229935">
   <ele>0</ele>
  </trkpt>
  <trkpt lat="-3.26876990" lon="129.54218511">
   <ele>0</ele>
  </trkpt>
  <trkpt lat="-3.26876990" lon="129.54195670">
   <ele>0</ele>
  </trkpt>
  <trkpt lat="-3.26865574" lon="129.54184245">
   <ele>0</ele>
  </trkpt>
  <trkpt lat="-3.26854150" lon="129.54172821">
   <ele>0</ele>
  </trkpt>
  <trkpt lat="-3.26842725" lon="129.54172821">
   <ele>0</ele>
  </trkpt>
  <trkpt lat="-3.26831309" lon="129.54161396">
   <ele>0</ele>
  </trkpt>
  <trkpt lat="-3.26808460" lon="129.54149972">
   <ele>0</ele>
  </trkpt>
  <trkpt lat="-3.26797044" lon="129.54138556">
   <ele>0</ele>
  </trkpt>
  <trkpt lat="-3.26785619" lon="129.54138556">
   <ele>0</ele>
  </trkpt>
  <trkpt lat="-3.26785619" lon="129.54127131">
   <ele>0</ele>
  </trkpt>
  <trkpt lat="-3.26774195" lon="129.54115706">
   <ele>0</ele>
  </trkpt>
  <trkpt lat="-3.26762779" lon="129.54104282">
   <ele>0</ele>
  </trkpt>
  <trkpt lat="-3.26762779" lon="129.54092857">
   <ele>0</ele>
  </trkpt>
  <trkpt lat="-3.26751354" lon="129.54092857">
   <ele>0</ele>
  </trkpt>
  <trkpt lat="-3.26739930" lon="129.54092857">
   <ele>0</ele>
  </trkpt>
  <trkpt lat="-3.26728513" lon="129.54081433">
   <ele>0</ele>
  </trkpt>
  <trkpt lat="-3.26717089" lon="129.54070017">
   <ele>0</ele>
  </trkpt>
  <trkpt lat="-3.26705664" lon="129.54070017">
   <ele>0</ele>
  </trkpt>
  <trkpt lat="-3.26705664" lon="129.54058592">
   <ele>0</ele>
  </trkpt>
  <trkpt lat="-3.26682824" lon="129.54058592">
   <ele>0</ele>
  </trkpt>
  <trkpt lat="-3.26671399" lon="129.54058592">
   <ele>0</ele>
  </trkpt>
  <trkpt lat="-3.26671399" lon="129.54047168">
   <ele>0</ele>
  </trkpt>
  <trkpt lat="-3.26659983" lon="129.54047168">
   <ele>0</ele>
  </trkpt>
  <trkpt lat="-3.26648558" lon="129.54035743">
   <ele>0</ele>
  </trkpt>
  <trkpt lat="-3.26659983" lon="129.54035743">
   <ele>0</ele>
  </trkpt>
  <trkpt lat="-3.26648558" lon="129.54024319">
   <ele>0</ele>
  </trkpt>
  <trkpt lat="-3.26648558" lon="129.54012902">
   <ele>0</ele>
  </trkpt>
  <trkpt lat="-3.26648558" lon="129.54001478">
   <ele>0</ele>
  </trkpt>
  <trkpt lat="-3.26637134" lon="129.53990053">
   <ele>0</ele>
  </trkpt>
  <trkpt lat="-3.26637134" lon="129.53978629">
   <ele>0</ele>
  </trkpt>
  <trkpt lat="-3.26625718" lon="129.53978629">
   <ele>0</ele>
  </trkpt>
  <trkpt lat="-3.26625718" lon="129.53967204">
   <ele>0</ele>
  </trkpt>
  <trkpt lat="-3.26625718" lon="129.53978629">
   <ele>0</ele>
  </trkpt>
  <trkpt lat="-3.26614293" lon="129.53944364">
   <ele>0</ele>
  </trkpt>
  <trkpt lat="-3.26614293" lon="129.53921515">
   <ele>0</ele>
  </trkpt>
  <trkpt lat="-3.26614293" lon="129.53910090">
   <ele>0</ele>
  </trkpt>
  <trkpt lat="-3.26602869" lon="129.53898674">
   <ele>0</ele>
  </trkpt>
  <trkpt lat="-3.26591444" lon="129.53898674">
   <ele>0</ele>
  </trkpt>
  <trkpt lat="-3.26591444" lon="129.53887249">
   <ele>0</ele>
  </trkpt>
  <trkpt lat="-3.26580028" lon="129.53887249">
   <ele>0</ele>
  </trkpt>
  <trkpt lat="-3.26580028" lon="129.53875825">
   <ele>0</ele>
  </trkpt>
  <trkpt lat="-3.26568604" lon="129.53864400">
   <ele>0</ele>
  </trkpt>
  <trkpt lat="-3.26568604" lon="129.53852976">
   <ele>0</ele>
  </trkpt>
  <trkpt lat="-3.26568604" lon="129.53830135">
   <ele>0</ele>
  </trkpt>
  <trkpt lat="-3.26568604" lon="129.53818711">
   <ele>0</ele>
  </trkpt>
  <trkpt lat="-3.26557179" lon="129.53807286">
   <ele>0</ele>
  </trkpt>
  <trkpt lat="-3.26557179" lon="129.53795861">
   <ele>0</ele>
  </trkpt>
  <trkpt lat="-3.26534338" lon="129.53784437">
   <ele>0</ele>
  </trkpt>
  <trkpt lat="-3.26534338" lon="129.53773021">
   <ele>0</ele>
  </trkpt>
  <trkpt lat="-3.26522914" lon="129.53750172">
   <ele>0</ele>
  </trkpt>
  <trkpt lat="-3.26511498" lon="129.53738747">
   <ele>0</ele>
  </trkpt>
  <trkpt lat="-3.26488649" lon="129.53727323">
   <ele>0</ele>
  </trkpt>
  <trkpt lat="-3.26477232" lon="129.53727323">
   <ele>0</ele>
  </trkpt>
  <trkpt lat="-3.26477232" lon="129.53715898">
   <ele>0</ele>
  </trkpt>
  <trkpt lat="-3.26465808" lon="129.53704482">
   <ele>0</ele>
  </trkpt>
  <trkpt lat="-3.26454383" lon="129.53693057">
   <ele>0</ele>
  </trkpt>
  <trkpt lat="-3.26442967" lon="129.53693057">
   <ele>0</ele>
  </trkpt>
  <trkpt lat="-3.26442967" lon="129.53681633">
   <ele>0</ele>
  </trkpt>
  <trkpt lat="-3.26431543" lon="129.53681633">
   <ele>0</ele>
  </trkpt>
  <trkpt lat="-3.26420118" lon="129.53670208">
   <ele>0</ele>
  </trkpt>
  <trkpt lat="-3.26408702" lon="129.53658784">
   <ele>0</ele>
  </trkpt>
  <trkpt lat="-3.26397277" lon="129.53647368">
   <ele>0</ele>
  </trkpt>
  <trkpt lat="-3.26374437" lon="129.53635943">
   <ele>0</ele>
  </trkpt>
  <trkpt lat="-3.26363012" lon="129.53635943">
   <ele>0</ele>
  </trkpt>
  <trkpt lat="-3.26351588" lon="129.53635943">
   <ele>0</ele>
  </trkpt>
  <trkpt lat="-3.26340172" lon="129.53624519">
   <ele>0</ele>
  </trkpt>
  <trkpt lat="-3.26328747" lon="129.53624519">
   <ele>0</ele>
  </trkpt>
  <trkpt lat="-3.26317322" lon="129.53624519">
   <ele>0</ele>
  </trkpt>
  <trkpt lat="-3.26305898" lon="129.53635943">
   <ele>0</ele>
  </trkpt>
  <trkpt lat="-3.26294482" lon="129.53624519">
   <ele>0</ele>
  </trkpt>
  <trkpt lat="-3.26283057" lon="129.53601670">
   <ele>0</ele>
  </trkpt>
  <trkpt lat="-3.26260217" lon="129.53601670">
   <ele>0</ele>
  </trkpt>
  <trkpt lat="-3.26260217" lon="129.53635943">
   <ele>0</ele>
  </trkpt>
  <trkpt lat="-3.26237367" lon="129.53647368">
   <ele>0</ele>
  </trkpt>
  <trkpt lat="-3.26225951" lon="129.53647368">
   <ele>0</ele>
  </trkpt>
  <trkpt lat="-3.26214527" lon="129.53635943">
   <ele>0</ele>
  </trkpt>
  <trkpt lat="-3.26203102" lon="129.53624519">
   <ele>0</ele>
  </trkpt>
  <trkpt lat="-3.26191686" lon="129.53613094">
   <ele>0</ele>
  </trkpt>
  <trkpt lat="-3.26168837" lon="129.53613094">
   <ele>0</ele>
  </trkpt>
  <trkpt lat="-3.26145996" lon="129.53613094">
   <ele>0</ele>
  </trkpt>
  <trkpt lat="-3.26145996" lon="129.53601670">
   <ele>0</ele>
  </trkpt>
  <trkpt lat="-3.26134572" lon="129.53578829">
   <ele>0</ele>
  </trkpt>
  <trkpt lat="-3.26134572" lon="129.53567404">
   <ele>0</ele>
  </trkpt>
  <trkpt lat="-3.26123156" lon="129.53567404">
   <ele>0</ele>
  </trkpt>
  <trkpt lat="-3.26123156" lon="129.53555980">
   <ele>0</ele>
  </trkpt>
  <trkpt lat="-3.26111731" lon="129.53533139">
   <ele>0</ele>
  </trkpt>
  <trkpt lat="-3.26100307" lon="129.53510290">
   <ele>0</ele>
  </trkpt>
  <trkpt lat="-3.26088890" lon="129.53510290">
   <ele>0</ele>
  </trkpt>
  <trkpt lat="-3.26077466" lon="129.53510290">
   <ele>0</ele>
  </trkpt>
  <trkpt lat="-3.26077466" lon="129.53498865">
   <ele>0</ele>
  </trkpt>
  <trkpt lat="-3.26066041" lon="129.53498865">
   <ele>0</ele>
  </trkpt>
  <trkpt lat="-3.26054625" lon="129.53487441">
   <ele>0</ele>
  </trkpt>
  <trkpt lat="-3.26043201" lon="129.53464600">
   <ele>0</ele>
  </trkpt>
  <trkpt lat="-3.26020360" lon="129.53441751">
   <ele>0</ele>
  </trkpt>
  <trkpt lat="-3.26020360" lon="129.53418902">
   <ele>0</ele>
  </trkpt>
  <trkpt lat="-3.26008935" lon="129.53418902">
   <ele>0</ele>
  </trkpt>
  <trkpt lat="-3.25986095" lon="129.53407486">
   <ele>0</ele>
  </trkpt>
  <trkpt lat="-3.25974670" lon="129.53384637">
   <ele>0</ele>
  </trkpt>
  <trkpt lat="-3.25963246" lon="129.53384637">
   <ele>0</ele>
  </trkpt>
  <trkpt lat="-3.25963246" lon="129.53373212">
   <ele>0</ele>
  </trkpt>
  <trkpt lat="-3.25951821" lon="129.53373212">
   <ele>0</ele>
  </trkpt>
  <trkpt lat="-3.25940405" lon="129.53350363">
   <ele>0</ele>
  </trkpt>
  <trkpt lat="-3.25940405" lon="129.53361788">
   <ele>0</ele>
  </trkpt>
  <trkpt lat="-3.25917556" lon="129.53361788">
   <ele>0</ele>
  </trkpt>
  <trkpt lat="-3.25894715" lon="129.53338947">
   <ele>0</ele>
  </trkpt>
  <trkpt lat="-3.25871875" lon="129.53350363">
   <ele>0</ele>
  </trkpt>
  <trkpt lat="-3.25860450" lon="129.53350363">
   <ele>0</ele>
  </trkpt>
  <trkpt lat="-3.25849026" lon="129.53350363">
   <ele>0</ele>
  </trkpt>
  <trkpt lat="-3.25826185" lon="129.53338947">
   <ele>0</ele>
  </trkpt>
  <trkpt lat="-3.25814760" lon="129.53338947">
   <ele>0</ele>
  </trkpt>
  <trkpt lat="-3.25791920" lon="129.53350363">
   <ele>0</ele>
  </trkpt>
  <trkpt lat="-3.25780495" lon="129.53338947">
   <ele>0</ele>
  </trkpt>
  <trkpt lat="-3.25769079" lon="129.53338947">
   <ele>0</ele>
  </trkpt>
  <trkpt lat="-3.25746230" lon="129.53338947">
   <ele>0</ele>
  </trkpt>
  <trkpt lat="-3.25734814" lon="129.53327523">
   <ele>0</ele>
  </trkpt>
  <trkpt lat="-3.25734814" lon="129.53316098">
   <ele>0</ele>
  </trkpt>
  <trkpt lat="-3.25711965" lon="129.53316098">
   <ele>0</ele>
  </trkpt>
  <trkpt lat="-3.25700548" lon="129.53304674">
   <ele>0</ele>
  </trkpt>
  <trkpt lat="-3.25689124" lon="129.53304674">
   <ele>0</ele>
  </trkpt>
  <trkpt lat="-3.25677699" lon="129.53304674">
   <ele>0</ele>
  </trkpt>
  <trkpt lat="-3.25666275" lon="129.53293249">
   <ele>0</ele>
  </trkpt>
  <trkpt lat="-3.25666275" lon="129.53281833">
   <ele>0</ele>
  </trkpt>
  <trkpt lat="-3.25666275" lon="129.53270408">
   <ele>0</ele>
  </trkpt>
  <trkpt lat="-3.25654859" lon="129.53258984">
   <ele>0</ele>
  </trkpt>
  <trkpt lat="-3.25643434" lon="129.53236135">
   <ele>0</ele>
  </trkpt>
  <trkpt lat="-3.25643434" lon="129.53224710">
   <ele>0</ele>
  </trkpt>
  <trkpt lat="-3.25643434" lon="129.53201870">
   <ele>0</ele>
  </trkpt>
  <trkpt lat="-3.25643434" lon="129.53190445">
   <ele>0</ele>
  </trkpt>
  <trkpt lat="-3.25643434" lon="129.53179020">
   <ele>0</ele>
  </trkpt>
  <trkpt lat="-3.25632018" lon="129.53167596">
   <ele>0</ele>
  </trkpt>
  <trkpt lat="-3.25632018" lon="129.53156180">
   <ele>0</ele>
  </trkpt>
  <trkpt lat="-3.25643434" lon="129.53144755">
   <ele>0</ele>
  </trkpt>
  <trkpt lat="-3.25643434" lon="129.53133331">
   <ele>0</ele>
  </trkpt>
  <trkpt lat="-3.25654859" lon="129.53121906">
   <ele>0</ele>
  </trkpt>
  <trkpt lat="-3.25654859" lon="129.53110482">
   <ele>0</ele>
  </trkpt>
  <trkpt lat="-3.25654859" lon="129.53099065">
   <ele>0</ele>
  </trkpt>
  <trkpt lat="-3.25654859" lon="129.53087641">
   <ele>0</ele>
  </trkpt>
  <trkpt lat="-3.25643434" lon="129.53087641">
   <ele>0</ele>
  </trkpt>
  <trkpt lat="-3.25643434" lon="129.53076216">
   <ele>0</ele>
  </trkpt>
  <trkpt lat="-3.25643434" lon="129.53064792">
   <ele>0</ele>
  </trkpt>
  <trkpt lat="-3.25632018" lon="129.53064792">
   <ele>0</ele>
  </trkpt>
  <trkpt lat="-3.25620594" lon="129.53053367">
   <ele>0</ele>
  </trkpt>
  <trkpt lat="-3.25620594" lon="129.53041951">
   <ele>0</ele>
  </trkpt>
  <trkpt lat="-3.25609169" lon="129.53030527">
   <ele>0</ele>
  </trkpt>
  <trkpt lat="-3.25597744" lon="129.53030527">
   <ele>0</ele>
  </trkpt>
  <trkpt lat="-3.25586328" lon="129.53041951">
   <ele>0</ele>
  </trkpt>
  <trkpt lat="-3.25586328" lon="129.53030527">
   <ele>0</ele>
  </trkpt>
  <trkpt lat="-3.25586328" lon="129.53019102">
   <ele>0</ele>
  </trkpt>
  <trkpt lat="-3.25586328" lon="129.53007678">
   <ele>0</ele>
  </trkpt>
  <trkpt lat="-3.25574904" lon="129.52996253">
   <ele>0</ele>
  </trkpt>
  <trkpt lat="-3.25563479" lon="129.52996253">
   <ele>0</ele>
  </trkpt>
  <trkpt lat="-3.25552063" lon="129.52984829">
   <ele>0</ele>
  </trkpt>
  <trkpt lat="-3.25540639" lon="129.52984829">
   <ele>0</ele>
  </trkpt>
  <trkpt lat="-3.25529214" lon="129.52984829">
   <ele>0</ele>
  </trkpt>
  <trkpt lat="-3.25517798" lon="129.52973412">
   <ele>0</ele>
  </trkpt>
  <trkpt lat="-3.25506373" lon="129.52973412">
   <ele>0</ele>
  </trkpt>
  <trkpt lat="-3.25494949" lon="129.52961988">
   <ele>0</ele>
  </trkpt>
  <trkpt lat="-3.25483533" lon="129.52950563">
   <ele>0</ele>
  </trkpt>
  <trkpt lat="-3.25483533" lon="129.52961988">
   <ele>0</ele>
  </trkpt>
  <trkpt lat="-3.25494949" lon="129.52961988">
   <ele>0</ele>
  </trkpt>
  <trkpt lat="-3.25494949" lon="129.52950563">
   <ele>0</ele>
  </trkpt>
  <trkpt lat="-3.25517798" lon="129.52950563">
   <ele>0</ele>
  </trkpt>
  <trkpt lat="-3.25506373" lon="129.52950563">
   <ele>0</ele>
  </trkpt>
  <trkpt lat="-3.25506373" lon="129.52973412">
   <ele>0</ele>
  </trkpt>
  <trkpt lat="-3.25517798" lon="129.52973412">
   <ele>0</ele>
  </trkpt>
  <trkpt lat="-3.25529214" lon="129.52973412">
   <ele>0</ele>
  </trkpt>
  <trkpt lat="-3.25529214" lon="129.52984829">
   <ele>0</ele>
  </trkpt>
  <trkpt lat="-3.25540639" lon="129.52961988">
   <ele>0</ele>
  </trkpt>
  <trkpt lat="-3.25529214" lon="129.52961988">
   <ele>0</ele>
  </trkpt>
  <trkpt lat="-3.25506373" lon="129.52950563">
   <ele>0</ele>
  </trkpt>
  <trkpt lat="-3.25517798" lon="129.52950563">
   <ele>0</ele>
  </trkpt>
  <trkpt lat="-3.25517798" lon="129.52961988">
   <ele>0</ele>
  </trkpt>
  <trkpt lat="-3.25540639" lon="129.52973412">
   <ele>0</ele>
  </trkpt>
  <trkpt lat="-3.25552063" lon="129.52961988">
   <ele>0</ele>
  </trkpt>
  <trkpt lat="-3.25540639" lon="129.52973412">
   <ele>0</ele>
  </trkpt>
  <trkpt lat="-3.25517798" lon="129.52961988">
   <ele>0</ele>
  </trkpt>
  <trkpt lat="-3.25529214" lon="129.52950563">
   <ele>0</ele>
  </trkpt>
  <trkpt lat="-3.25506373" lon="129.52961988">
   <ele>0</ele>
  </trkpt>
  <trkpt lat="-3.25540639" lon="129.52973412">
   <ele>0</ele>
  </trkpt>
  <trkpt lat="-3.25529214" lon="129.52961988">
   <ele>0</ele>
  </trkpt>
  <trkpt lat="-3.25506373" lon="129.52950563">
   <ele>0</ele>
  </trkpt>
  <trkpt lat="-3.25494949" lon="129.52950563">
   <ele>0</ele>
  </trkpt>
  <trkpt lat="-3.25506373" lon="129.52973412">
   <ele>0</ele>
  </trkpt>
  <trkpt lat="-3.25517798" lon="129.52950563">
   <ele>0</ele>
  </trkpt>
  <trkpt lat="-3.25494949" lon="129.52961988">
   <ele>0</ele>
  </trkpt>
  <trkpt lat="-3.25506373" lon="129.52950563">
   <ele>0</ele>
  </trkpt>
  <trkpt lat="-3.25517798" lon="129.52961988">
   <ele>0</ele>
  </trkpt>
  <trkpt lat="-3.25529214" lon="129.52961988">
   <ele>0</ele>
  </trkpt>
  <trkpt lat="-3.25552063" lon="129.52996253">
   <ele>0</ele>
  </trkpt>
  <trkpt lat="-3.25494949" lon="129.52950563">
   <ele>0</ele>
  </trkpt>
  <trkpt lat="-3.25483533" lon="129.52950563">
   <ele>0</ele>
  </trkpt>
  <trkpt lat="-3.25483533" lon="129.52939139">
   <ele>0</ele>
  </trkpt>
  <trkpt lat="-3.25483533" lon="129.52950563">
   <ele>0</ele>
  </trkpt>
  <trkpt lat="-3.25472108" lon="129.52950563">
   <ele>0</ele>
  </trkpt>
  <trkpt lat="-3.25472108" lon="129.52927714">
   <ele>0</ele>
  </trkpt>
  <trkpt lat="-3.25472108" lon="129.52916298">
   <ele>0</ele>
  </trkpt>
  <trkpt lat="-3.25460684" lon="129.52927714">
   <ele>0</ele>
  </trkpt>
  <trkpt lat="-3.25449267" lon="129.52927714">
   <ele>0</ele>
  </trkpt>
  <trkpt lat="-3.25449267" lon="129.52916298">
   <ele>0</ele>
  </trkpt>
  <trkpt lat="-3.25437843" lon="129.52904874">
   <ele>0</ele>
  </trkpt>
  <trkpt lat="-3.25449267" lon="129.52904874">
   <ele>0</ele>
  </trkpt>
  <trkpt lat="-3.25437843" lon="129.52893449">
   <ele>0</ele>
  </trkpt>
  <trkpt lat="-3.25426418" lon="129.52870600">
   <ele>0</ele>
  </trkpt>
  <trkpt lat="-3.25426418" lon="129.52859175">
   <ele>0</ele>
  </trkpt>
  <trkpt lat="-3.25415002" lon="129.52859175">
   <ele>0</ele>
  </trkpt>
  <trkpt lat="-3.25415002" lon="129.52847759">
   <ele>0</ele>
  </trkpt>
  <trkpt lat="-3.25426418" lon="129.52847759">
   <ele>0</ele>
  </trkpt>
  <trkpt lat="-3.25426418" lon="129.52859175">
   <ele>0</ele>
  </trkpt>
  <trkpt lat="-3.25426418" lon="129.52870600">
   <ele>0</ele>
  </trkpt>
  <trkpt lat="-3.25415002" lon="129.52859175">
   <ele>0</ele>
  </trkpt>
  <trkpt lat="-3.25415002" lon="129.52847759">
   <ele>0</ele>
  </trkpt>
  <trkpt lat="-3.25426418" lon="129.52847759">
   <ele>0</ele>
  </trkpt>
  <trkpt lat="-3.25426418" lon="129.52824910">
   <ele>0</ele>
  </trkpt>
  <trkpt lat="-3.25426418" lon="129.52813486">
   <ele>0</ele>
  </trkpt>
  <trkpt lat="-3.25426418" lon="129.52802061">
   <ele>0</ele>
  </trkpt>
  <trkpt lat="-3.25437843" lon="129.52790645">
   <ele>0</ele>
  </trkpt>
  <trkpt lat="-3.25426418" lon="129.52790645">
   <ele>0</ele>
  </trkpt>
  <trkpt lat="-3.25415002" lon="129.52756371">
   <ele>0</ele>
  </trkpt>
  <trkpt lat="-3.25403578" lon="129.52756371">
   <ele>0</ele>
  </trkpt>
  <trkpt lat="-3.25403578" lon="129.52744947">
   <ele>0</ele>
  </trkpt>
  <trkpt lat="-3.25403578" lon="129.52733531">
   <ele>0</ele>
  </trkpt>
  <trkpt lat="-3.25403578" lon="129.52722106">
   <ele>0</ele>
  </trkpt>
  <trkpt lat="-3.25415002" lon="129.52722106">
   <ele>0</ele>
  </trkpt>
  <trkpt lat="-3.25426418" lon="129.52722106">
   <ele>0</ele>
  </trkpt>
  <trkpt lat="-3.25415002" lon="129.52722106">
   <ele>0</ele>
  </trkpt>
  <trkpt lat="-3.25415002" lon="129.52710682">
   <ele>0</ele>
  </trkpt>
  <trkpt lat="-3.25415002" lon="129.52699257">
   <ele>0</ele>
  </trkpt>
  <trkpt lat="-3.25415002" lon="129.52687833">
   <ele>0</ele>
  </trkpt>
  <trkpt lat="-3.25426418" lon="129.52687833">
   <ele>0</ele>
  </trkpt>
  <trkpt lat="-3.25426418" lon="129.52676408">
   <ele>0</ele>
  </trkpt>
  <trkpt lat="-3.25437843" lon="129.52676408">
   <ele>0</ele>
  </trkpt>
  <trkpt lat="-3.25437843" lon="129.52664992">
   <ele>0</ele>
  </trkpt>
  <trkpt lat="-3.25449267" lon="129.52653567">
   <ele>0</ele>
  </trkpt>
  <trkpt lat="-3.25449267" lon="129.52642143">
   <ele>0</ele>
  </trkpt>
  <trkpt lat="-3.25460684" lon="129.52642143">
   <ele>0</ele>
  </trkpt>
  <trkpt lat="-3.25460684" lon="129.52630718">
   <ele>0</ele>
  </trkpt>
  <trkpt lat="-3.25460684" lon="129.52619294">
   <ele>0</ele>
  </trkpt>
  <trkpt lat="-3.25472108" lon="129.52619294">
   <ele>0</ele>
  </trkpt>
  <trkpt lat="-3.25483533" lon="129.52607878">
   <ele>0</ele>
  </trkpt>
  <trkpt lat="-3.25472108" lon="129.52596453">
   <ele>0</ele>
  </trkpt>
  <trkpt lat="-3.25472108" lon="129.52585028">
   <ele>0</ele>
  </trkpt>
  <trkpt lat="-3.25472108" lon="129.52573604">
   <ele>0</ele>
  </trkpt>
  <trkpt lat="-3.25472108" lon="129.52562179">
   <ele>0</ele>
  </trkpt>
  <trkpt lat="-3.25483533" lon="129.52550755">
   <ele>0</ele>
  </trkpt>
  <trkpt lat="-3.25483533" lon="129.52539339">
   <ele>0</ele>
  </trkpt>
  <trkpt lat="-3.25483533" lon="129.52527914">
   <ele>0</ele>
  </trkpt>
  <trkpt lat="-3.25472108" lon="129.52527914">
   <ele>0</ele>
  </trkpt>
  <trkpt lat="-3.25460684" lon="129.52539339">
   <ele>0</ele>
  </trkpt>
  <trkpt lat="-3.25449267" lon="129.52527914">
   <ele>0</ele>
  </trkpt>
  <trkpt lat="-3.25460684" lon="129.52527914">
   <ele>0</ele>
  </trkpt>
  <trkpt lat="-3.25449267" lon="129.52527914">
   <ele>0</ele>
  </trkpt>
  <trkpt lat="-3.25449267" lon="129.52516490">
   <ele>0</ele>
  </trkpt>
  <trkpt lat="-3.25449267" lon="129.52505065">
   <ele>0</ele>
  </trkpt>
  <trkpt lat="-3.25460684" lon="129.52505065">
   <ele>0</ele>
  </trkpt>
  <trkpt lat="-3.25449267" lon="129.52493641">
   <ele>0</ele>
  </trkpt>
  <trkpt lat="-3.25437843" lon="129.52470800">
   <ele>0</ele>
  </trkpt>
  <trkpt lat="-3.25449267" lon="129.52482224">
   <ele>0</ele>
  </trkpt>
  <trkpt lat="-3.25449267" lon="129.52470800">
   <ele>0</ele>
  </trkpt>
  <trkpt lat="-3.25449267" lon="129.52482224">
   <ele>0</ele>
  </trkpt>
  <trkpt lat="-3.25437843" lon="129.52470800">
   <ele>0</ele>
  </trkpt>
  <trkpt lat="-3.25426418" lon="129.52459375">
   <ele>0</ele>
  </trkpt>
  <trkpt lat="-3.25426418" lon="129.52447951">
   <ele>0</ele>
  </trkpt>
  <trkpt lat="-3.25415002" lon="129.52447951">
   <ele>0</ele>
  </trkpt>
  <trkpt lat="-3.25403578" lon="129.52436526">
   <ele>0</ele>
  </trkpt>
  <trkpt lat="-3.25392153" lon="129.52436526">
   <ele>0</ele>
  </trkpt>
  <trkpt lat="-3.25380737" lon="129.52413686">
   <ele>0</ele>
  </trkpt>
  <trkpt lat="-3.25380737" lon="129.52402261">
   <ele>0</ele>
  </trkpt>
  <trkpt lat="-3.25380737" lon="129.52390837">
   <ele>0</ele>
  </trkpt>
  <trkpt lat="-3.25369312" lon="129.52379412">
   <ele>0</ele>
  </trkpt>
  <trkpt lat="-3.25369312" lon="129.52367996">
   <ele>0</ele>
  </trkpt>
  <trkpt lat="-3.25369312" lon="129.52356571">
   <ele>0</ele>
  </trkpt>
  <trkpt lat="-3.25357888" lon="129.52322298">
   <ele>0</ele>
  </trkpt>
  <trkpt lat="-3.25346472" lon="129.52310873">
   <ele>0</ele>
  </trkpt>
  <trkpt lat="-3.25346472" lon="129.52299457">
   <ele>0</ele>
  </trkpt>
  <trkpt lat="-3.25335047" lon="129.52288033">
   <ele>0</ele>
  </trkpt>
  <trkpt lat="-3.25335047" lon="129.52265183">
   <ele>0</ele>
  </trkpt>
  <trkpt lat="-3.25335047" lon="129.52276608">
   <ele>0</ele>
  </trkpt>
  <trkpt lat="-3.25335047" lon="129.52265183">
   <ele>0</ele>
  </trkpt>
  <trkpt lat="-3.25335047" lon="129.52276608">
   <ele>0</ele>
  </trkpt>
  <trkpt lat="-3.25335047" lon="129.52265183">
   <ele>0</ele>
  </trkpt>
  <trkpt lat="-3.25346472" lon="129.52276608">
   <ele>0</ele>
  </trkpt>
  <trkpt lat="-3.25335047" lon="129.52276608">
   <ele>0</ele>
  </trkpt>
  <trkpt lat="-3.25323623" lon="129.52265183">
   <ele>0</ele>
  </trkpt>
  <trkpt lat="-3.25312198" lon="129.52253759">
   <ele>0</ele>
  </trkpt>
  <trkpt lat="-3.25300782" lon="129.52242343">
   <ele>0</ele>
  </trkpt>
  <trkpt lat="-3.25289357" lon="129.52230918">
   <ele>0</ele>
  </trkpt>
  <trkpt lat="-3.25277933" lon="129.52219494">
   <ele>0</ele>
  </trkpt>
  <trkpt lat="-3.25266517" lon="129.52219494">
   <ele>0</ele>
  </trkpt>
  <trkpt lat="-3.25266517" lon="129.52208069">
   <ele>0</ele>
  </trkpt>
  <trkpt lat="-3.25255092" lon="129.52208069">
   <ele>0</ele>
  </trkpt>
  <trkpt lat="-3.25243668" lon="129.52208069">
   <ele>0</ele>
  </trkpt>
  <trkpt lat="-3.25243668" lon="129.52196645">
   <ele>0</ele>
  </trkpt>
  <trkpt lat="-3.25232252" lon="129.52185220">
   <ele>0</ele>
  </trkpt>
  <trkpt lat="-3.25209402" lon="129.52173804">
   <ele>0</ele>
  </trkpt>
  <trkpt lat="-3.25209402" lon="129.52162379">
   <ele>0</ele>
  </trkpt>
  <trkpt lat="-3.25197986" lon="129.52150955">
   <ele>0</ele>
  </trkpt>
  <trkpt lat="-3.25186562" lon="129.52139530">
   <ele>0</ele>
  </trkpt>
  <trkpt lat="-3.25175137" lon="129.52128106">
   <ele>0</ele>
  </trkpt>
  <trkpt lat="-3.25163721" lon="129.52116690">
   <ele>0</ele>
  </trkpt>
  <trkpt lat="-3.25163721" lon="129.52105265">
   <ele>0</ele>
  </trkpt>
  <trkpt lat="-3.25163721" lon="129.52082416">
   <ele>0</ele>
  </trkpt>
  <trkpt lat="-3.25163721" lon="129.52070992">
   <ele>0</ele>
  </trkpt>
  <trkpt lat="-3.25152297" lon="129.52059575">
   <ele>0</ele>
  </trkpt>
  <trkpt lat="-3.25152297" lon="129.52048151">
   <ele>0</ele>
  </trkpt>
  <trkpt lat="-3.25152297" lon="129.52036726">
   <ele>0</ele>
  </trkpt>
  <trkpt lat="-3.25140872" lon="129.52025302">
   <ele>0</ele>
  </trkpt>
  <trkpt lat="-3.25140872" lon="129.52002461">
   <ele>0</ele>
  </trkpt>
  <trkpt lat="-3.25129456" lon="129.52002461">
   <ele>0</ele>
  </trkpt>
  <trkpt lat="-3.25129456" lon="129.51991037">
   <ele>0</ele>
  </trkpt>
  <trkpt lat="-3.25118031" lon="129.51979612">
   <ele>0</ele>
  </trkpt>
  <trkpt lat="-3.25106607" lon="129.51968187">
   <ele>0</ele>
  </trkpt>
  <trkpt lat="-3.25095191" lon="129.51968187">
   <ele>0</ele>
  </trkpt>
  <trkpt lat="-3.25095191" lon="129.51956763">
   <ele>0</ele>
  </trkpt>
  <trkpt lat="-3.25083766" lon="129.51945338">
   <ele>0</ele>
  </trkpt>
  <trkpt lat="-3.25083766" lon="129.51933922">
   <ele>0</ele>
  </trkpt>
  <trkpt lat="-3.25083766" lon="129.51922498">
   <ele>0</ele>
  </trkpt>
  <trkpt lat="-3.25083766" lon="129.51911073">
   <ele>0</ele>
  </trkpt>
  <trkpt lat="-3.25072342" lon="129.51911073">
   <ele>0</ele>
  </trkpt>
  <trkpt lat="-3.25083766" lon="129.51911073">
   <ele>0</ele>
  </trkpt>
  <trkpt lat="-3.25072342" lon="129.51899649">
   <ele>0</ele>
  </trkpt>
  <trkpt lat="-3.25072342" lon="129.51888224">
   <ele>0</ele>
  </trkpt>
  <trkpt lat="-3.25060925" lon="129.51876808">
   <ele>0</ele>
  </trkpt>
  <trkpt lat="-3.25049501" lon="129.51876808">
   <ele>0</ele>
  </trkpt>
  <trkpt lat="-3.25038076" lon="129.51876808">
   <ele>0</ele>
  </trkpt>
  <trkpt lat="-3.25026652" lon="129.51876808">
   <ele>0</ele>
  </trkpt>
  <trkpt lat="-3.25015236" lon="129.51876808">
   <ele>0</ele>
  </trkpt>
  <trkpt lat="-3.25003811" lon="129.51876808">
   <ele>0</ele>
  </trkpt>
  <trkpt lat="-3.24992395" lon="129.51876808">
   <ele>0</ele>
  </trkpt>
  <trkpt lat="-3.24980970" lon="129.51876808">
   <ele>0</ele>
  </trkpt>
  <trkpt lat="-3.24980970" lon="129.51888224">
   <ele>0</ele>
  </trkpt>
  <trkpt lat="-3.24969546" lon="129.51888224">
   <ele>0</ele>
  </trkpt>
  <trkpt lat="-3.24969546" lon="129.51876808">
   <ele>0</ele>
  </trkpt>
  <trkpt lat="-3.24958121" lon="129.51876808">
   <ele>0</ele>
  </trkpt>
  <trkpt lat="-3.24958121" lon="129.51865383">
   <ele>0</ele>
  </trkpt>
  <trkpt lat="-3.24958121" lon="129.51876808">
   <ele>0</ele>
  </trkpt>
  <trkpt lat="-3.24946705" lon="129.51876808">
   <ele>0</ele>
  </trkpt>
  <trkpt lat="-3.24958121" lon="129.51865383">
   <ele>0</ele>
  </trkpt>
  <trkpt lat="-3.24946705" lon="129.51888224">
   <ele>0</ele>
  </trkpt>
  <trkpt lat="-3.24958121" lon="129.51865383">
   <ele>0</ele>
  </trkpt>
  <trkpt lat="-3.24958121" lon="129.51876808">
   <ele>0</ele>
  </trkpt>
  <trkpt lat="-3.24946705" lon="129.51876808">
   <ele>0</ele>
  </trkpt>
  <trkpt lat="-3.24935281" lon="129.51865383">
   <ele>0</ele>
  </trkpt>
  <trkpt lat="-3.24923856" lon="129.51865383">
   <ele>0</ele>
  </trkpt>
  <trkpt lat="-3.24901015" lon="129.51865383">
   <ele>0</ele>
  </trkpt>
  <trkpt lat="-3.24889591" lon="129.51865383">
   <ele>0</ele>
  </trkpt>
  <trkpt lat="-3.24878175" lon="129.51865383">
   <ele>0</ele>
  </trkpt>
  <trkpt lat="-3.24855326" lon="129.51853959">
   <ele>0</ele>
  </trkpt>
  <trkpt lat="-3.24843910" lon="129.51853959">
   <ele>0</ele>
  </trkpt>
  <trkpt lat="-3.24832485" lon="129.51842534">
   <ele>0</ele>
  </trkpt>
  <trkpt lat="-3.24821061" lon="129.51842534">
   <ele>0</ele>
  </trkpt>
  <trkpt lat="-3.24798220" lon="129.51819685">
   <ele>0</ele>
  </trkpt>
  <trkpt lat="-3.24798220" lon="129.51808269">
   <ele>0</ele>
  </trkpt>
  <trkpt lat="-3.24786795" lon="129.51796845">
   <ele>0</ele>
  </trkpt>
  <trkpt lat="-3.24775379" lon="129.51785420">
   <ele>0</ele>
  </trkpt>
  <trkpt lat="-3.24763955" lon="129.51785420">
   <ele>0</ele>
  </trkpt>
  <trkpt lat="-3.24752530" lon="129.51773996">
   <ele>0</ele>
  </trkpt>
  <trkpt lat="-3.24729689" lon="129.51773996">
   <ele>0</ele>
  </trkpt>
  <trkpt lat="-3.24718265" lon="129.51762571">
   <ele>0</ele>
  </trkpt>
  <trkpt lat="-3.24706849" lon="129.51751155">
   <ele>0</ele>
  </trkpt>
  <trkpt lat="-3.24706849" lon="129.51739730">
   <ele>0</ele>
  </trkpt>
  <trkpt lat="-3.24706849" lon="129.51728306">
   <ele>0</ele>
  </trkpt>
  <trkpt lat="-3.24695424" lon="129.51716881">
   <ele>0</ele>
  </trkpt>
  <trkpt lat="-3.24684000" lon="129.51705457">
   <ele>0</ele>
  </trkpt>
  <trkpt lat="-3.24684000" lon="129.51694041">
   <ele>0</ele>
  </trkpt>
  <trkpt lat="-3.24684000" lon="129.51682616">
   <ele>0</ele>
  </trkpt>
  <trkpt lat="-3.24684000" lon="129.51671191">
   <ele>0</ele>
  </trkpt>
  <trkpt lat="-3.24684000" lon="129.51659767">
   <ele>0</ele>
  </trkpt>
  <trkpt lat="-3.24672575" lon="129.51636918">
   <ele>0</ele>
  </trkpt>
  <trkpt lat="-3.24661159" lon="129.51636918">
   <ele>0</ele>
  </trkpt>
  <trkpt lat="-3.24661159" lon="129.51625502">
   <ele>0</ele>
  </trkpt>
  <trkpt lat="-3.24649734" lon="129.51614077">
   <ele>0</ele>
  </trkpt>
  <trkpt lat="-3.24638310" lon="129.51602653">
   <ele>0</ele>
  </trkpt>
  <trkpt lat="-3.24638310" lon="129.51591228">
   <ele>0</ele>
  </trkpt>
  <trkpt lat="-3.24626894" lon="129.51568387">
   <ele>0</ele>
  </trkpt>
  <trkpt lat="-3.24626894" lon="129.51556963">
   <ele>0</ele>
  </trkpt>
  <trkpt lat="-3.24626894" lon="129.51545538">
   <ele>0</ele>
  </trkpt>
  <trkpt lat="-3.24604045" lon="129.51534114">
   <ele>0</ele>
  </trkpt>
  <trkpt lat="-3.24592629" lon="129.51522689">
   <ele>0</ele>
  </trkpt>
  <trkpt lat="-3.24592629" lon="129.51511273">
   <ele>0</ele>
  </trkpt>
  <trkpt lat="-3.24581204" lon="129.51488424">
   <ele>0</ele>
  </trkpt>
  <trkpt lat="-3.24569779" lon="129.51477000">
   <ele>0</ele>
  </trkpt>
  <trkpt lat="-3.24558363" lon="129.51477000">
   <ele>0</ele>
  </trkpt>
  <trkpt lat="-3.24546939" lon="129.51477000">
   <ele>0</ele>
  </trkpt>
  <trkpt lat="-3.24546939" lon="129.51454150">
   <ele>0</ele>
  </trkpt>
  <trkpt lat="-3.24524098" lon="129.51442734">
   <ele>0</ele>
  </trkpt>
  <trkpt lat="-3.24512674" lon="129.51431310">
   <ele>0</ele>
  </trkpt>
  <trkpt lat="-3.24501249" lon="129.51431310">
   <ele>0</ele>
  </trkpt>
  <trkpt lat="-3.24478408" lon="129.51419885">
   <ele>0</ele>
  </trkpt>
  <trkpt lat="-3.24466984" lon="129.51419885">
   <ele>0</ele>
  </trkpt>
  <trkpt lat="-3.24444143" lon="129.51397036">
   <ele>0</ele>
  </trkpt>
  <trkpt lat="-3.24444143" lon="129.51385620">
   <ele>0</ele>
  </trkpt>
  <trkpt lat="-3.24432719" lon="129.51385620">
   <ele>0</ele>
  </trkpt>
  <trkpt lat="-3.24421302" lon="129.51374196">
   <ele>0</ele>
  </trkpt>
  <trkpt lat="-3.24409878" lon="129.51374196">
   <ele>0</ele>
  </trkpt>
  <trkpt lat="-3.24375613" lon="129.51362771">
   <ele>0</ele>
  </trkpt>
  <trkpt lat="-3.24364188" lon="129.51351346">
   <ele>0</ele>
  </trkpt>
  <trkpt lat="-3.24375613" lon="129.51351346">
   <ele>0</ele>
  </trkpt>
  <trkpt lat="-3.24387029" lon="129.51328506">
   <ele>0</ele>
  </trkpt>
  <trkpt lat="-3.24375613" lon="129.51328506">
   <ele>0</ele>
  </trkpt>
  <trkpt lat="-3.24364188" lon="129.51328506">
   <ele>0</ele>
  </trkpt>
  <trkpt lat="-3.24352772" lon="129.51339922">
   <ele>0</ele>
  </trkpt>
  <trkpt lat="-3.24341347" lon="129.51351346">
   <ele>0</ele>
  </trkpt>
  <trkpt lat="-3.24341347" lon="129.51362771">
   <ele>0</ele>
  </trkpt>
  <trkpt lat="-3.24329923" lon="129.51374196">
   <ele>0</ele>
  </trkpt>
  <trkpt lat="-3.24318498" lon="129.51385620">
   <ele>0</ele>
  </trkpt>
  <trkpt lat="-3.24318498" lon="129.51397036">
   <ele>0</ele>
  </trkpt>
  <trkpt lat="-3.24318498" lon="129.51408461">
   <ele>0</ele>
  </trkpt>
  <trkpt lat="-3.24307082" lon="129.51408461">
   <ele>0</ele>
  </trkpt>
  <trkpt lat="-3.24307082" lon="129.51419885">
   <ele>0</ele>
  </trkpt>
  <trkpt lat="-3.24295658" lon="129.51408461">
   <ele>0</ele>
  </trkpt>
  <trkpt lat="-3.24284233" lon="129.51419885">
   <ele>0</ele>
  </trkpt>
  <trkpt lat="-3.24284233" lon="129.51408461">
   <ele>0</ele>
  </trkpt>
  <trkpt lat="-3.24272817" lon="129.51397036">
   <ele>0</ele>
  </trkpt>
  <trkpt lat="-3.24261392" lon="129.51408461">
   <ele>0</ele>
  </trkpt>
  <trkpt lat="-3.24249968" lon="129.51408461">
   <ele>0</ele>
  </trkpt>
  <trkpt lat="-3.24238552" lon="129.51419885">
   <ele>0</ele>
  </trkpt>
  <trkpt lat="-3.24227127" lon="129.51397036">
   <ele>0</ele>
  </trkpt>
  <trkpt lat="-3.24227127" lon="129.51385620">
   <ele>0</ele>
  </trkpt>
  <trkpt lat="-3.24215703" lon="129.51385620">
   <ele>0</ele>
  </trkpt>
  <trkpt lat="-3.24204287" lon="129.51385620">
   <ele>0</ele>
  </trkpt>
  <trkpt lat="-3.24192862" lon="129.51362771">
   <ele>0</ele>
  </trkpt>
  <trkpt lat="-3.24181437" lon="129.51351346">
   <ele>0</ele>
  </trkpt>
  <trkpt lat="-3.24170021" lon="129.51351346">
   <ele>0</ele>
  </trkpt>
  <trkpt lat="-3.24147172" lon="129.51351346">
   <ele>0</ele>
  </trkpt>
  <trkpt lat="-3.24135756" lon="129.51339922">
   <ele>0</ele>
  </trkpt>
  <trkpt lat="-3.24135756" lon="129.51328506">
   <ele>0</ele>
  </trkpt>
  <trkpt lat="-3.24112907" lon="129.51317081">
   <ele>0</ele>
  </trkpt>
  <trkpt lat="-3.24112907" lon="129.51305657">
   <ele>0</ele>
  </trkpt>
  <trkpt lat="-3.24112907" lon="129.51282808">
   <ele>0</ele>
  </trkpt>
  <trkpt lat="-3.24112907" lon="129.51271383">
   <ele>0</ele>
  </trkpt>
  <trkpt lat="-3.24090066" lon="129.51259967">
   <ele>0</ele>
  </trkpt>
  <trkpt lat="-3.24078642" lon="129.51259967">
   <ele>0</ele>
  </trkpt>
  <trkpt lat="-3.24055801" lon="129.51259967">
   <ele>0</ele>
  </trkpt>
  <trkpt lat="-3.24067226" lon="129.51248542">
   <ele>0</ele>
  </trkpt>
  <trkpt lat="-3.24055801" lon="129.51248542">
   <ele>0</ele>
  </trkpt>
  <trkpt lat="-3.24055801" lon="129.51259967">
   <ele>0</ele>
  </trkpt>
  <trkpt lat="-3.24044377" lon="129.51248542">
   <ele>0</ele>
  </trkpt>
  <trkpt lat="-3.24044377" lon="129.51237118">
   <ele>0</ele>
  </trkpt>
  <trkpt lat="-3.24044377" lon="129.51225693">
   <ele>0</ele>
  </trkpt>
  <trkpt lat="-3.24032952" lon="129.51237118">
   <ele>0</ele>
  </trkpt>
  <trkpt lat="-3.24010111" lon="129.51225693">
   <ele>0</ele>
  </trkpt>
  <trkpt lat="-3.23998687" lon="129.51214269">
   <ele>0</ele>
  </trkpt>
  <trkpt lat="-3.23987271" lon="129.51214269">
   <ele>0</ele>
  </trkpt>
  <trkpt lat="-3.23998687" lon="129.51214269">
   <ele>0</ele>
  </trkpt>
  <trkpt lat="-3.24010111" lon="129.51214269">
   <ele>0</ele>
  </trkpt>
  <trkpt lat="-3.24010111" lon="129.51202853">
   <ele>0</ele>
  </trkpt>
  <trkpt lat="-3.23998687" lon="129.51202853">
   <ele>0</ele>
  </trkpt>
  <trkpt lat="-3.23998687" lon="129.51214269">
   <ele>0</ele>
  </trkpt>
  <trkpt lat="-3.23984907" lon="129.51212240">
   <ele>1201.305</ele>
  </trkpt>
  <trkpt lat="-3.23983742" lon="129.51211696">
   <ele>1202.747</ele>
  </trkpt>
  <trkpt lat="-3.23963198" lon="129.51201528">
   <ele>1200.824</ele>
  </trkpt>
  <trkpt lat="-3.23947465" lon="129.51190858">
   <ele>1202.266</ele>
  </trkpt>
  <trkpt lat="-3.23945487" lon="129.51180741">
   <ele>1200.824</ele>
  </trkpt>
  <trkpt lat="-3.23944087" lon="129.51175000">
   <ele>1204.189</ele>
  </trkpt>
  <trkpt lat="-3.23938429" lon="129.51163592">
   <ele>1207.073</ele>
  </trkpt>
  <trkpt lat="-3.23931975" lon="129.51162100">
   <ele>1208.514</ele>
  </trkpt>
  <trkpt lat="-3.23921255" lon="129.51159493">
   <ele>1208.514</ele>
  </trkpt>
  <trkpt lat="-3.23910995" lon="129.51147649">
   <ele>1205.15</ele>
  </trkpt>
  <trkpt lat="-3.23906461" lon="129.51142746">
   <ele>1201.785</ele>
  </trkpt>
  <trkpt lat="-3.23895891" lon="129.51137323">
   <ele>1205.15</ele>
  </trkpt>
  <trkpt lat="-3.23894424" lon="129.51135688">
   <ele>1208.034</ele>
  </trkpt>
  <trkpt lat="-3.23888322" lon="129.51130928">
   <ele>1211.398</ele>
  </trkpt>
  <trkpt lat="-3.23872631" lon="129.51128765">
   <ele>1212.841</ele>
  </trkpt>
  <trkpt lat="-3.23865482" lon="129.51124851">
   <ele>1215.725</ele>
  </trkpt>
  <trkpt lat="-3.23862439" lon="129.51123635">
   <ele>1218.608</ele>
  </trkpt>
  <trkpt lat="-3.23856580" lon="129.51117106">
   <ele>1221.973</ele>
  </trkpt>
  <trkpt lat="-3.23851928" lon="129.51112311">
   <ele>1224.857</ele>
  </trkpt>
  <trkpt lat="-3.23841769" lon="129.51103980">
   <ele>1225.337</ele>
  </trkpt>
  <trkpt lat="-3.23830437" lon="129.51092564">
   <ele>1224.376</ele>
  </trkpt>
  <trkpt lat="-3.23813547" lon="129.51094936">
   <ele>1225.818</ele>
  </trkpt>
  <trkpt lat="-3.23800187" lon="129.51098942">
   <ele>1228.702</ele>
  </trkpt>
  <trkpt lat="-3.23798208" lon="129.51097475">
   <ele>1230.625</ele>
  </trkpt>
  <trkpt lat="-3.23780129" lon="129.51092379">
   <ele>1233.509</ele>
  </trkpt>
  <trkpt lat="-3.23766131" lon="129.51088834">
   <ele>1233.028</ele>
  </trkpt>
  <trkpt lat="-3.23757020" lon="129.51087065">
   <ele>1230.144</ele>
  </trkpt>
  <trkpt lat="-3.23744648" lon="129.51093720">
   <ele>1231.586</ele>
  </trkpt>
  <trkpt lat="-3.23738127" lon="129.51087015">
   <ele>1232.067</ele>
  </trkpt>
  <trkpt lat="-3.23724247" lon="129.51092446">
   <ele>1234.951</ele>
  </trkpt>
  <trkpt lat="-3.23715152" lon="129.51091633">
   <ele>1238.315</ele>
  </trkpt>
  <trkpt lat="-3.23699193" lon="129.51092714">
   <ele>1241.68</ele>
  </trkpt>
  <trkpt lat="-3.23693158" lon="129.51092815">
   <ele>1245.525</ele>
  </trkpt>
  <trkpt lat="-3.23689219" lon="129.51093343">
   <ele>1248.89</ele>
  </trkpt>
  <trkpt lat="-3.23680267" lon="129.51088423">
   <ele>1251.774</ele>
  </trkpt>
  <trkpt lat="-3.23679135" lon="129.51085757">
   <ele>1254.658</ele>
  </trkpt>
  <trkpt lat="-3.23668691" lon="129.51087819">
   <ele>1258.022</ele>
  </trkpt>
  <trkpt lat="-3.23669110" lon="129.51089018">
   <ele>1261.387</ele>
  </trkpt>
  <trkpt lat="-3.23661600" lon="129.51086386">
   <ele>1264.271</ele>
  </trkpt>
  <trkpt lat="-3.23653151" lon="129.51086436">
   <ele>1267.635</ele>
  </trkpt>
  <trkpt lat="-3.23642917" lon="129.51096855">
   <ele>1269.558</ele>
  </trkpt>
  <trkpt lat="-3.23637879" lon="129.51098297">
   <ele>1272.442</ele>
  </trkpt>
  <trkpt lat="-3.23634569" lon="129.51089144">
   <ele>1275.326</ele>
  </trkpt>
  <trkpt lat="-3.23633973" lon="129.51091717">
   <ele>1278.691</ele>
  </trkpt>
  <trkpt lat="-3.23629539" lon="129.51091885">
   <ele>1282.055</ele>
  </trkpt>
  <trkpt lat="-3.23620671" lon="129.51090954">
   <ele>1285.42</ele>
  </trkpt>
  <trkpt lat="-3.23613656" lon="129.51094349">
   <ele>1288.304</ele>
  </trkpt>
  <trkpt lat="-3.23609758" lon="129.51086453">
   <ele>1291.668</ele>
  </trkpt>
  <trkpt lat="-3.23611166" lon="129.51084835">
   <ele>1294.552</ele>
  </trkpt>
  <trkpt lat="-3.23611954" lon="129.51085875">
   <ele>1296.956</ele>
  </trkpt>
  <trkpt lat="-3.23609632" lon="129.51086311">
   <ele>1299.84</ele>
  </trkpt>
  <trkpt lat="-3.23604008" lon="129.51079295">
   <ele>1303.204</ele>
  </trkpt>
  <trkpt lat="-3.23599692" lon="129.51074584">
   <ele>1306.088</ele>
  </trkpt>
  <trkpt lat="-3.23597412" lon="129.51077401">
   <ele>1309.453</ele>
  </trkpt>
  <trkpt lat="-3.23576398" lon="129.51081231">
   <ele>1308.492</ele>
  </trkpt>
  <trkpt lat="-3.23580069" lon="129.51078725">
   <ele>1311.376</ele>
  </trkpt>
  <trkpt lat="-3.23593053" lon="129.51077920">
   <ele>1313.298</ele>
  </trkpt>
  <trkpt lat="-3.23588720" lon="129.51069999">
   <ele>1316.182</ele>
  </trkpt>
  <trkpt lat="-3.23579458" lon="129.51060176">
   <ele>1318.585</ele>
  </trkpt>
  <trkpt lat="-3.23578418" lon="129.51046698">
   <ele>1318.105</ele>
  </trkpt>
  <trkpt lat="-3.23577840" lon="129.51043957">
   <ele>1321.95</ele>
  </trkpt>
  <trkpt lat="-3.23564488" lon="129.51046497">
   <ele>1324.834</ele>
  </trkpt>
  <trkpt lat="-3.23558394" lon="129.51045943">
   <ele>1327.718</ele>
  </trkpt>
  <trkpt lat="-3.23549995" lon="129.51039154">
   <ele>1331.083</ele>
  </trkpt>
  <trkpt lat="-3.23546559" lon="129.51044175">
   <ele>1332.525</ele>
  </trkpt>
  <trkpt lat="-3.23546458" lon="129.51036748">
   <ele>1334.928</ele>
  </trkpt>
  <trkpt lat="-3.23548017" lon="129.51039305">
   <ele>1338.292</ele>
  </trkpt>
  <trkpt lat="-3.23549828" lon="129.51037033">
   <ele>1339.734</ele>
  </trkpt>
 </trkseg>
</trk>
<trk>
 <name>Track 407</name>
 <trkseg>
  <trkpt lat="-3.19152212" lon="129.49101526"></trkpt>
  <trkpt lat="-3.19117947" lon="129.49090102"></trkpt>
  <trkpt lat="-3.19117947" lon="129.49078677"></trkpt>
  <trkpt lat="-3.19129371" lon="129.49090102"></trkpt>
  <trkpt lat="-3.19117947" lon="129.49090102"></trkpt>
  <trkpt lat="-3.19106522" lon="129.49090102"></trkpt>
  <trkpt lat="-3.19095106" lon="129.49090102"></trkpt>
  <trkpt lat="-3.19095106" lon="129.49078677"></trkpt>
  <trkpt lat="-3.19095106" lon="129.49067261"></trkpt>
  <trkpt lat="-3.19083681" lon="129.49067261"></trkpt>
  <trkpt lat="-3.19083681" lon="129.49078677"></trkpt>
  <trkpt lat="-3.19072257" lon="129.49078677"></trkpt>
  <trkpt lat="-3.19072257" lon="129.49067261"></trkpt>
  <trkpt lat="-3.19060841" lon="129.49067261"></trkpt>
  <trkpt lat="-3.19049416" lon="129.49055837"></trkpt>
  <trkpt lat="-3.19037992" lon="129.49055837"></trkpt>
  <trkpt lat="-3.19037992" lon="129.49044412"></trkpt>
  <trkpt lat="-3.19026575" lon="129.49044412"></trkpt>
  <trkpt lat="-3.19015151" lon="129.49044412"></trkpt>
  <trkpt lat="-3.19015151" lon="129.49055837"></trkpt>
  <trkpt lat="-3.19015151" lon="129.49044412"></trkpt>
  <trkpt lat="-3.19003726" lon="129.49032987"></trkpt>
  <trkpt lat="-3.19015151" lon="129.49021563"></trkpt>
  <trkpt lat="-3.19026575" lon="129.49021563"></trkpt>
  <trkpt lat="-3.19026575" lon="129.49010138"></trkpt>
  <trkpt lat="-3.19037992" lon="129.49010138"></trkpt>
  <trkpt lat="-3.19037992" lon="129.48998722"></trkpt>
  <trkpt lat="-3.19037992" lon="129.48987298"></trkpt>
  <trkpt lat="-3.19037992" lon="129.48975873"></trkpt>
  <trkpt lat="-3.19049416" lon="129.48975873"></trkpt>
  <trkpt lat="-3.19037992" lon="129.48964449"></trkpt>
  <trkpt lat="-3.19026575" lon="129.48964449"></trkpt>
  <trkpt lat="-3.19026575" lon="129.48953024"></trkpt>
  <trkpt lat="-3.19015151" lon="129.48953024"></trkpt>
  <trkpt lat="-3.19003726" lon="129.48941608"></trkpt>
  <trkpt lat="-3.18992310" lon="129.48941608"></trkpt>
  <trkpt lat="-3.18980886" lon="129.48930183"></trkpt>
  <trkpt lat="-3.18969461" lon="129.48930183"></trkpt>
  <trkpt lat="-3.18958045" lon="129.48930183"></trkpt>
  <trkpt lat="-3.18958045" lon="129.48918759"></trkpt>
  <trkpt lat="-3.18946620" lon="129.48907334"></trkpt>
  <trkpt lat="-3.18935196" lon="129.48895910"></trkpt>
  <trkpt lat="-3.18923780" lon="129.48895910"></trkpt>
  <trkpt lat="-3.18923780" lon="129.48884485"></trkpt>
  <trkpt lat="-3.18912355" lon="129.48884485"></trkpt>
  <trkpt lat="-3.18912355" lon="129.48873069"></trkpt>
  <trkpt lat="-3.18900931" lon="129.48873069"></trkpt>
  <trkpt lat="-3.18900931" lon="129.48861645"></trkpt>
  <trkpt lat="-3.18900931" lon="129.48850220"></trkpt>
  <trkpt lat="-3.18889506" lon="129.48850220"></trkpt>
  <trkpt lat="-3.18889506" lon="129.48838796"></trkpt>
  <trkpt lat="-3.18878090" lon="129.48827371"></trkpt>
  <trkpt lat="-3.18878090" lon="129.48815955"></trkpt>
  <trkpt lat="-3.18866665" lon="129.48804530"></trkpt>
  <trkpt lat="-3.18855241" lon="129.48793106"></trkpt>
  <trkpt lat="-3.18843825" lon="129.48781681"></trkpt>
  <trkpt lat="-3.18843825" lon="129.48770257"></trkpt>
  <trkpt lat="-3.18832400" lon="129.48758841"></trkpt>
  <trkpt lat="-3.18832400" lon="129.48747416"></trkpt>
  <trkpt lat="-3.18832400" lon="129.48735991"></trkpt>
  <trkpt lat="-3.18820976" lon="129.48735991"></trkpt>
  <trkpt lat="-3.18820976" lon="129.48724567"></trkpt>
  <trkpt lat="-3.18809560" lon="129.48724567"></trkpt>
  <trkpt lat="-3.18809560" lon="129.48713142"></trkpt>
  <trkpt lat="-3.18809560" lon="129.48701718"></trkpt>
  <trkpt lat="-3.18798135" lon="129.48690302"></trkpt>
  <trkpt lat="-3.18786711" lon="129.48690302"></trkpt>
  <trkpt lat="-3.18786711" lon="129.48678877"></trkpt>
  <trkpt lat="-3.18786711" lon="129.48667453"></trkpt>
  <trkpt lat="-3.18775294" lon="129.48656028"></trkpt>
  <trkpt lat="-3.18775294" lon="129.48644604"></trkpt>
  <trkpt lat="-3.18775294" lon="129.48633187"></trkpt>
  <trkpt lat="-3.18763870" lon="129.48633187"></trkpt>
  <trkpt lat="-3.18763870" lon="129.48621763"></trkpt>
  <trkpt lat="-3.18775294" lon="129.48621763"></trkpt>
  <trkpt lat="-3.18775294" lon="129.48610338"></trkpt>
  <trkpt lat="-3.18786711" lon="129.48610338"></trkpt>
  <trkpt lat="-3.18786711" lon="129.48598914"></trkpt>
  <trkpt lat="-3.18786711" lon="129.48587489"></trkpt>
  <trkpt lat="-3.18786711" lon="129.48576073"></trkpt>
  <trkpt lat="-3.18775294" lon="129.48564649"></trkpt>
  <trkpt lat="-3.18786711" lon="129.48564649"></trkpt>
  <trkpt lat="-3.18775294" lon="129.48553224"></trkpt>
  <trkpt lat="-3.18775294" lon="129.48541800"></trkpt>
  <trkpt lat="-3.18775294" lon="129.48530375"></trkpt>
  <trkpt lat="-3.18763870" lon="129.48530375"></trkpt>
  <trkpt lat="-3.18763870" lon="129.48518950"></trkpt>
  <trkpt lat="-3.18752445" lon="129.48518950"></trkpt>
  <trkpt lat="-3.18741029" lon="129.48507534"></trkpt>
  <trkpt lat="-3.18741029" lon="129.48496110"></trkpt>
  <trkpt lat="-3.18729605" lon="129.48496110"></trkpt>
  <trkpt lat="-3.18718180" lon="129.48484685"></trkpt>
  <trkpt lat="-3.18718180" lon="129.48473261"></trkpt>
  <trkpt lat="-3.18706764" lon="129.48473261"></trkpt>
  <trkpt lat="-3.18706764" lon="129.48461836"></trkpt>
  <trkpt lat="-3.18695339" lon="129.48461836"></trkpt>
  <trkpt lat="-3.18695339" lon="129.48450420"></trkpt>
  <trkpt lat="-3.18683915" lon="129.48438996"></trkpt>
  <trkpt lat="-3.18672499" lon="129.48427571"></trkpt>
  <trkpt lat="-3.18672499" lon="129.48416146"></trkpt>
  <trkpt lat="-3.18672499" lon="129.48404722"></trkpt>
  <trkpt lat="-3.18661074" lon="129.48393306"></trkpt>
  <trkpt lat="-3.18649650" lon="129.48381881"></trkpt>
  <trkpt lat="-3.18638233" lon="129.48370457"></trkpt>
  <trkpt lat="-3.18638233" lon="129.48359032"></trkpt>
  <trkpt lat="-3.18626809" lon="129.48359032"></trkpt>
  <trkpt lat="-3.18615384" lon="129.48347608"></trkpt>
  <trkpt lat="-3.18615384" lon="129.48336183"></trkpt>
  <trkpt lat="-3.18615384" lon="129.48324767"></trkpt>
  <trkpt lat="-3.18626809" lon="129.48324767"></trkpt>
  <trkpt lat="-3.18626809" lon="129.48313342"></trkpt>
  <trkpt lat="-3.18638233" lon="129.48313342"></trkpt>
  <trkpt lat="-3.18638233" lon="129.48301918"></trkpt>
  <trkpt lat="-3.18626809" lon="129.48290493"></trkpt>
  <trkpt lat="-3.18615384" lon="129.48279069"></trkpt>
  <trkpt lat="-3.18615384" lon="129.48267653"></trkpt>
  <trkpt lat="-3.18615384" lon="129.48256228"></trkpt>
  <trkpt lat="-3.18615384" lon="129.48244804"></trkpt>
  <trkpt lat="-3.18615384" lon="129.48233379"></trkpt>
  <trkpt lat="-3.18615384" lon="129.48221955"></trkpt>
  <trkpt lat="-3.18615384" lon="129.48210530"></trkpt>
  <trkpt lat="-3.18603960" lon="129.48210530"></trkpt>
  <trkpt lat="-3.18592544" lon="129.48199114"></trkpt>
  <trkpt lat="-3.18592544" lon="129.48187689"></trkpt>
  <trkpt lat="-3.18581119" lon="129.48176265"></trkpt>
  <trkpt lat="-3.18569703" lon="129.48176265"></trkpt>
  <trkpt lat="-3.18569703" lon="129.48164840"></trkpt>
  <trkpt lat="-3.18558278" lon="129.48164840"></trkpt>
  <trkpt lat="-3.18546854" lon="129.48164840"></trkpt>
  <trkpt lat="-3.18546854" lon="129.48153416"></trkpt>
  <trkpt lat="-3.18535429" lon="129.48153416"></trkpt>
  <trkpt lat="-3.18524013" lon="129.48153416"></trkpt>
  <trkpt lat="-3.18512589" lon="129.48142000"></trkpt>
  <trkpt lat="-3.18512589" lon="129.48130575"></trkpt>
  <trkpt lat="-3.18501164" lon="129.48130575"></trkpt>
  <trkpt lat="-3.18501164" lon="129.48119150"></trkpt>
  <trkpt lat="-3.18489748" lon="129.48107726"></trkpt>
  <trkpt lat="-3.18489748" lon="129.48096301"></trkpt>
  <trkpt lat="-3.18489748" lon="129.48084885"></trkpt>
  <trkpt lat="-3.18478324" lon="129.48084885"></trkpt>
  <trkpt lat="-3.18466899" lon="129.48073461"></trkpt>
  <trkpt lat="-3.18466899" lon="129.48062036"></trkpt>
  <trkpt lat="-3.18466899" lon="129.48050612"></trkpt>
  <trkpt lat="-3.18466899" lon="129.48039187"></trkpt>
  <trkpt lat="-3.18455483" lon="129.48027771"></trkpt>
  <trkpt lat="-3.18444058" lon="129.48016346"></trkpt>
  <trkpt lat="-3.18432634" lon="129.48016346"></trkpt>
  <trkpt lat="-3.18421218" lon="129.48004922"></trkpt>
  <trkpt lat="-3.18409793" lon="129.48004922"></trkpt>
  <trkpt lat="-3.18398369" lon="129.48004922"></trkpt>
  <trkpt lat="-3.18386952" lon="129.47993497"></trkpt>
  <trkpt lat="-3.18386952" lon="129.47982073"></trkpt>
  <trkpt lat="-3.18386952" lon="129.47970648"></trkpt>
  <trkpt lat="-3.18386952" lon="129.47959232"></trkpt>
  <trkpt lat="-3.18386952" lon="129.47947808"></trkpt>
  <trkpt lat="-3.18386952" lon="129.47936383"></trkpt>
  <trkpt lat="-3.18375528" lon="129.47936383"></trkpt>
  <trkpt lat="-3.18364103" lon="129.47936383"></trkpt>
  <trkpt lat="-3.18364103" lon="129.47924959"></trkpt>
  <trkpt lat="-3.18364103" lon="129.47913534"></trkpt>
  <trkpt lat="-3.18352687" lon="129.47902118"></trkpt>
  <trkpt lat="-3.18352687" lon="129.47890693"></trkpt>
  <trkpt lat="-3.18341263" lon="129.47890693"></trkpt>
  <trkpt lat="-3.18329838" lon="129.47890693"></trkpt>
  <trkpt lat="-3.18329838" lon="129.47879269"></trkpt>
  <trkpt lat="-3.18329838" lon="129.47867844"></trkpt>
  <trkpt lat="-3.18318422" lon="129.47867844"></trkpt>
  <trkpt lat="-3.18318422" lon="129.47856420"></trkpt>
  <trkpt lat="-3.18306997" lon="129.47844995"></trkpt>
  <trkpt lat="-3.18295573" lon="129.47844995"></trkpt>
  <trkpt lat="-3.18295573" lon="129.47833579"></trkpt>
  <trkpt lat="-3.18295573" lon="129.47822154"></trkpt>
  <trkpt lat="-3.18284157" lon="129.47810730"></trkpt>
  <trkpt lat="-3.18284157" lon="129.47799305"></trkpt>
  <trkpt lat="-3.18272732" lon="129.47787881"></trkpt>
  <trkpt lat="-3.18261308" lon="129.47776465"></trkpt>
  <trkpt lat="-3.18249883" lon="129.47753616"></trkpt>
  <trkpt lat="-3.18238467" lon="129.47742191"></trkpt>
  <trkpt lat="-3.18227042" lon="129.47742191"></trkpt>
  <trkpt lat="-3.18227042" lon="129.47730767"></trkpt>
  <trkpt lat="-3.18227042" lon="129.47719350"></trkpt>
  <trkpt lat="-3.18227042" lon="129.47707926"></trkpt>
  <trkpt lat="-3.18227042" lon="129.47696501"></trkpt>
  <trkpt lat="-3.18215618" lon="129.47685077"></trkpt>
  <trkpt lat="-3.18204202" lon="129.47673652"></trkpt>
  <trkpt lat="-3.18204202" lon="129.47662236"></trkpt>
  <trkpt lat="-3.18192777" lon="129.47662236"></trkpt>
  <trkpt lat="-3.18192777" lon="129.47650812"></trkpt>
  <trkpt lat="-3.18192777" lon="129.47639387"></trkpt>
  <trkpt lat="-3.18192777" lon="129.47627963"></trkpt>
  <trkpt lat="-3.18204202" lon="129.47616538"></trkpt>
  <trkpt lat="-3.18192777" lon="129.47616538"></trkpt>
  <trkpt lat="-3.18192777" lon="129.47605113"></trkpt>
  <trkpt lat="-3.18181353" lon="129.47593697"></trkpt>
  <trkpt lat="-3.18169937" lon="129.47593697"></trkpt>
  <trkpt lat="-3.18169937" lon="129.47582273"></trkpt>
  <trkpt lat="-3.18158512" lon="129.47582273"></trkpt>
  <trkpt lat="-3.18158512" lon="129.47570848"></trkpt>
  <trkpt lat="-3.18147087" lon="129.47570848"></trkpt>
  <trkpt lat="-3.18135671" lon="129.47570848"></trkpt>
  <trkpt lat="-3.18135671" lon="129.47559424"></trkpt>
  <trkpt lat="-3.18124247" lon="129.47559424"></trkpt>
  <trkpt lat="-3.18112822" lon="129.47559424"></trkpt>
  <trkpt lat="-3.18101406" lon="129.47547999"></trkpt>
  <trkpt lat="-3.18089982" lon="129.47547999"></trkpt>
  <trkpt lat="-3.18078557" lon="129.47547999"></trkpt>
  <trkpt lat="-3.18078557" lon="129.47536583"></trkpt>
  <trkpt lat="-3.18078557" lon="129.47525159"></trkpt>
  <trkpt lat="-3.18067141" lon="129.47525159"></trkpt>
  <trkpt lat="-3.18067141" lon="129.47513734"></trkpt>
  <trkpt lat="-3.18067141" lon="129.47502309"></trkpt>
  <trkpt lat="-3.18055716" lon="129.47502309"></trkpt>
  <trkpt lat="-3.18044292" lon="129.47502309"></trkpt>
  <trkpt lat="-3.18032876" lon="129.47490885"></trkpt>
  <trkpt lat="-3.18021451" lon="129.47490885"></trkpt>
  <trkpt lat="-3.18010027" lon="129.47479460"></trkpt>
  <trkpt lat="-3.17998610" lon="129.47479460"></trkpt>
  <trkpt lat="-3.17975761" lon="129.47468044"></trkpt>
  <trkpt lat="-3.17975761" lon="129.47456620"></trkpt>
  <trkpt lat="-3.17975761" lon="129.47445195"></trkpt>
  <trkpt lat="-3.17975761" lon="129.47433771"></trkpt>
  <trkpt lat="-3.17975761" lon="129.47422346"></trkpt>
  <trkpt lat="-3.17975761" lon="129.47410930"></trkpt>
  <trkpt lat="-3.17975761" lon="129.47399505"></trkpt>
  <trkpt lat="-3.17975761" lon="129.47388081"></trkpt>
  <trkpt lat="-3.17975761" lon="129.47376656"></trkpt>
  <trkpt lat="-3.17964337" lon="129.47376656"></trkpt>
  <trkpt lat="-3.17964337" lon="129.47365232"></trkpt>
  <trkpt lat="-3.17964337" lon="129.47353816"></trkpt>
  <trkpt lat="-3.17964337" lon="129.47342391"></trkpt>
  <trkpt lat="-3.17975761" lon="129.47342391"></trkpt>
  <trkpt lat="-3.17964337" lon="129.47342391"></trkpt>
  <trkpt lat="-3.17975761" lon="129.47342391"></trkpt>
  <trkpt lat="-3.17964337" lon="129.47342391"></trkpt>
  <trkpt lat="-3.17861541" lon="129.47330967"></trkpt>
  <trkpt lat="-3.17781595" lon="129.47308118"></trkpt>
  <trkpt lat="-3.17701640" lon="129.47273852"></trkpt>
  <trkpt lat="-3.17644534" lon="129.47205313"></trkpt>
  <trkpt lat="-3.17598844" lon="129.47136775"></trkpt>
  <trkpt lat="-3.17598844" lon="129.47091085"></trkpt>
  <trkpt lat="-3.17587419" lon="129.46999697"></trkpt>
  <trkpt lat="-3.17541730" lon="129.46954007"></trkpt>
  <trkpt lat="-3.17518889" lon="129.46908318"></trkpt>
  <trkpt lat="-3.17496048" lon="129.46839779"></trkpt>
  <trkpt lat="-3.17496048" lon="129.46748391"></trkpt>
  <trkpt lat="-3.17496048" lon="129.46645587"></trkpt>
  <trkpt lat="-3.17518889" lon="129.46554207"></trkpt>
  <trkpt lat="-3.17530314" lon="129.46521367"></trkpt>
  <trkpt lat="-3.17530314" lon="129.46464244"></trkpt>
  <trkpt lat="-3.17496048" lon="129.46384289"></trkpt>
  <trkpt lat="-3.17496048" lon="129.46258636"></trkpt>
  <trkpt lat="-3.17461783" lon="129.46178673"></trkpt>
 </trkseg>
</trk>
<trk>
 <name>Track 409</name>
 <trkseg>
  <trkpt lat="-3.14318494" lon="129.47455287">
   <ele>1296.956</ele>
  </trkpt>
  <trkpt lat="-3.14301814" lon="129.47445120">
   <ele>1302.243</ele>
  </trkpt>
  <trkpt lat="-3.14268228" lon="129.47461129">
   <ele>1313.779</ele>
  </trkpt>
  <trkpt lat="-3.14280306" lon="129.47384024">
   <ele>1350.309</ele>
  </trkpt>
  <trkpt lat="-3.14271069" lon="129.47398164">
   <ele>1362.806</ele>
  </trkpt>
  <trkpt lat="-3.14264322" lon="129.47366900">
   <ele>1361.845</ele>
  </trkpt>
  <trkpt lat="-3.14270072" lon="129.47338804">
   <ele>1397.414</ele>
  </trkpt>
  <trkpt lat="-3.14323850" lon="129.47317153">
   <ele>1411.353</ele>
  </trkpt>
  <trkpt lat="-3.14276543" lon="129.47167536">
   <ele>1480.087</ele>
  </trkpt>
  <trkpt lat="-3.14294497" lon="129.47155835">
   <ele>1481.048</ele>
  </trkpt>
  <trkpt lat="-3.14276333" lon="129.47163253">
   <ele>1487.778</ele>
  </trkpt>
  <trkpt lat="-3.14272947" lon="129.47037139">
   <ele>1520.943</ele>
  </trkpt>
  <trkpt lat="-3.14321780" lon="129.46982103">
   <ele>1542.573</ele>
  </trkpt>
  <trkpt lat="-3.14301127" lon="129.46946774">
   <ele>1556.512</ele>
  </trkpt>
  <trkpt lat="-3.14327278" lon="129.46890464">
   <ele>1563.241</ele>
  </trkpt>
  <trkpt lat="-3.14327798" lon="129.46922064">
   <ele>1564.683</ele>
  </trkpt>
  <trkpt lat="-3.14347085" lon="129.46866173">
   <ele>1556.031</ele>
  </trkpt>
  <trkpt lat="-3.14323624" lon="129.46825496">
   <ele>1546.898</ele>
  </trkpt>
  <trkpt lat="-3.14342039" lon="129.46811238">
   <ele>1536.324</ele>
  </trkpt>
  <trkpt lat="-3.14379422" lon="129.46865436">
   <ele>1526.711</ele>
  </trkpt>
  <trkpt lat="-3.14401424" lon="129.46825345">
   <ele>1489.7</ele>
  </trkpt>
  <trkpt lat="-3.14442194" lon="129.46866668">
   <ele>1479.125</ele>
  </trkpt>
  <trkpt lat="-3.14470768" lon="129.46854824">
   <ele>1482.01</ele>
  </trkpt>
  <trkpt lat="-3.14469947" lon="129.46881236">
   <ele>1482.01</ele>
  </trkpt>
  <trkpt lat="-3.14460048" lon="129.46837264">
   <ele>1487.297</ele>
  </trkpt>
  <trkpt lat="-3.14466627" lon="129.46865528">
   <ele>1494.026</ele>
  </trkpt>
  <trkpt lat="-3.14523096" lon="129.46861999">
   <ele>1493.545</ele>
  </trkpt>
  <trkpt lat="-3.14599807" lon="129.46796738">
   <ele>1486.816</ele>
  </trkpt>
  <trkpt lat="-3.14599724" lon="129.46770620">
   <ele>1477.684</ele>
  </trkpt>
  <trkpt lat="-3.14602213" lon="129.46817500">
   <ele>1491.142</ele>
  </trkpt>
  <trkpt lat="-3.14595415" lon="129.46784517">
   <ele>1492.584</ele>
  </trkpt>
  <trkpt lat="-3.14606278" lon="129.46813233">
   <ele>1490.661</ele>
  </trkpt>
  <trkpt lat="-3.14658506" lon="129.46802379">
   <ele>1485.855</ele>
  </trkpt>
  <trkpt lat="-3.14679477" lon="129.46747100">
   <ele>1487.297</ele>
  </trkpt>
  <trkpt lat="-3.14646344" lon="129.46750679">
   <ele>1483.451</ele>
  </trkpt>
  <trkpt lat="-3.14693282" lon="129.46742507">
   <ele>1491.142</ele>
  </trkpt>
  <trkpt lat="-3.14697306" lon="129.46763713">
   <ele>1491.623</ele>
  </trkpt>
  <trkpt lat="-3.14687599" lon="129.46727796">
   <ele>1489.7</ele>
  </trkpt>
  <trkpt lat="-3.14761058" lon="129.46695635">
   <ele>1494.987</ele>
  </trkpt>
  <trkpt lat="-3.14791669" lon="129.46653893">
   <ele>1512.772</ele>
  </trkpt>
  <trkpt lat="-3.14807402" lon="129.46673339">
   <ele>1521.424</ele>
  </trkpt>
  <trkpt lat="-3.14826077" lon="129.46633173">
   <ele>1521.904</ele>
  </trkpt>
  <trkpt lat="-3.14812548" lon="129.46663884">
   <ele>1523.346</ele>
  </trkpt>
  <trkpt lat="-3.14897918" lon="129.46621330">
   <ele>1586.793</ele>
  </trkpt>
  <trkpt lat="-3.14940297" lon="129.46632737">
   <ele>1604.097</ele>
  </trkpt>
  <trkpt lat="-3.14910172" lon="129.46658386">
   <ele>1605.539</ele>
  </trkpt>
  <trkpt lat="-3.14897172" lon="129.46634824">
   <ele>1606.02</ele>
  </trkpt>
  <trkpt lat="-3.14938788" lon="129.46628085">
   <ele>1606.5</ele>
  </trkpt>
  <trkpt lat="-3.14910223" lon="129.46650708">
   <ele>1606.02</ele>
  </trkpt>
  <trkpt lat="-3.15001728" lon="129.46623425">
   <ele>1655.047</ele>
  </trkpt>
  <trkpt lat="-3.14996917" lon="129.46646467">
   <ele>1661.776</ele>
  </trkpt>
  <trkpt lat="-3.15009356" lon="129.46628798">
   <ele>1666.583</ele>
  </trkpt>
  <trkpt lat="-3.15021752" lon="129.46648856">
   <ele>1674.273</ele>
  </trkpt>
  <trkpt lat="-3.15014896" lon="129.46622260">
   <ele>1679.08</ele>
  </trkpt>
  <trkpt lat="-3.15057225" lon="129.46642175">
   <ele>1700.229</ele>
  </trkpt>
  <trkpt lat="-3.15065833" lon="129.46621036">
   <ele>1711.284</ele>
  </trkpt>
  <trkpt lat="-3.15077065" lon="129.46639862">
   <ele>1703.113</ele>
  </trkpt>
  <trkpt lat="-3.15166843" lon="129.46639543">
   <ele>1731.952</ele>
  </trkpt>
  <trkpt lat="-3.15203707" lon="129.46611808">
   <ele>1746.853</ele>
  </trkpt>
  <trkpt lat="-3.15306142" lon="129.46700052">
   <ele>1790.112</ele>
  </trkpt>
  <trkpt lat="-3.15381923" lon="129.46701435">
   <ele>1804.532</ele>
  </trkpt>
  <trkpt lat="-3.15405702" lon="129.46679584">
   <ele>1802.609</ele>
  </trkpt>
  <trkpt lat="-3.15384345" lon="129.46689508">
   <ele>1803.571</ele>
  </trkpt>
  <trkpt lat="-3.15426707" lon="129.46687354">
   <ele>1820.875</ele>
  </trkpt>
  <trkpt lat="-3.15396365" lon="129.46674848">
   <ele>1823.758</ele>
  </trkpt>
  <trkpt lat="-3.15437738" lon="129.46683683">
   <ele>1822.797</ele>
  </trkpt>
  <trkpt lat="-3.15407949" lon="129.46687169">
   <ele>1823.278</ele>
  </trkpt>
  <trkpt lat="-3.15456505" lon="129.46653432">
   <ele>1821.836</ele>
  </trkpt>
  <trkpt lat="-3.15484174" lon="129.46672442">
   <ele>1831.449</ele>
  </trkpt>
  <trkpt lat="-3.15472514" lon="129.46643257">
   <ele>1826.162</ele>
  </trkpt>
  <trkpt lat="-3.15467896" lon="129.46644908">
   <ele>1871.824</ele>
  </trkpt>
  <trkpt lat="-3.15473562" lon="129.46648462">
   <ele>1853.079</ele>
  </trkpt>
  <trkpt lat="-3.15430328" lon="129.46667262">
   <ele>1853.079</ele>
  </trkpt>
  <trkpt lat="-3.15463680" lon="129.46660314">
   <ele>1858.846</ele>
  </trkpt>
  <trkpt lat="-3.15446053" lon="129.46669609">
   <ele>1855.962</ele>
  </trkpt>
  <trkpt lat="-3.15456480" lon="129.46656735">
   <ele>1825.2</ele>
  </trkpt>
  <trkpt lat="-3.15551279" lon="129.46657112">
   <ele>1838.178</ele>
  </trkpt>
  <trkpt lat="-3.15563056" lon="129.46735986">
   <ele>1853.559</ele>
  </trkpt>
  <trkpt lat="-3.15629273" lon="129.46731493">
   <ele>1868.46</ele>
  </trkpt>
  <trkpt lat="-3.15648484" lon="129.46790745">
   <ele>1882.399</ele>
  </trkpt>
  <trkpt lat="-3.15713578" lon="129.46819478">
   <ele>1897.299</ele>
  </trkpt>
  <trkpt lat="-3.15722446" lon="129.46868856">
   <ele>1917.487</ele>
  </trkpt>
  <trkpt lat="-3.15798780" lon="129.46908309">
   <ele>1952.575</ele>
  </trkpt>
  <trkpt lat="-3.15807304" lon="129.46955382">
   <ele>1975.166</ele>
  </trkpt>
  <trkpt lat="-3.15813323" lon="129.46932122">
   <ele>1977.569</ele>
  </trkpt>
  <trkpt lat="-3.15809660" lon="129.46966781">
   <ele>1979.972</ele>
  </trkpt>
  <trkpt lat="-3.15832232" lon="129.46984216">
   <ele>2000.641</ele>
  </trkpt>
  <trkpt lat="-3.15844134" lon="129.46962624">
   <ele>2003.525</ele>
  </trkpt>
  <trkpt lat="-3.15859507" lon="129.47026083">
   <ele>2021.309</ele>
  </trkpt>
  <trkpt lat="-3.15848988" lon="129.46989002">
   <ele>2026.116</ele>
  </trkpt>
  <trkpt lat="-3.15893856" lon="129.47041363">
   <ele>2028.519</ele>
  </trkpt>
  <trkpt lat="-3.15909748" lon="129.47002740">
   <ele>2030.442</ele>
  </trkpt>
  <trkpt lat="-3.15949185" lon="129.47058815">
   <ele>2071.778</ele>
  </trkpt>
  <trkpt lat="-3.16013164" lon="129.47063827">
   <ele>2091.005</ele>
  </trkpt>
  <trkpt lat="-3.16011077" lon="129.47028715">
   <ele>2093.408</ele>
  </trkpt>
  <trkpt lat="-3.16022937" lon="129.47074648">
   <ele>2102.06</ele>
  </trkpt>
  <trkpt lat="-3.16002435" lon="129.47085033">
   <ele>2103.983</ele>
  </trkpt>
  <trkpt lat="-3.15988714" lon="129.47049234">
   <ele>2105.425</ele>
  </trkpt>
  <trkpt lat="-3.16013969" lon="129.47070717">
   <ele>2114.557</ele>
  </trkpt>
  <trkpt lat="-3.16003843" lon="129.47053953">
   <ele>2116.48</ele>
  </trkpt>
  <trkpt lat="-3.16111827" lon="129.47000116">
   <ele>2146.761</ele>
  </trkpt>
  <trkpt lat="-3.16144743" lon="129.47057440">
   <ele>2178.965</ele>
  </trkpt>
  <trkpt lat="-3.16278669" lon="129.47016696">
   <ele>2188.579</ele>
  </trkpt>
  <trkpt lat="-3.16425679" lon="129.47085595">
   <ele>2265.484</ele>
  </trkpt>
  <trkpt lat="-3.16488753" lon="129.47065897">
   <ele>2290.478</ele>
  </trkpt>
  <trkpt lat="-3.16544057" lon="129.47117379">
   <ele>2319.799</ele>
  </trkpt>
  <trkpt lat="-3.16528383" lon="129.47162214">
   <ele>2337.583</ele>
  </trkpt>
  <trkpt lat="-3.16554610" lon="129.47212832">
   <ele>2368.345</ele>
  </trkpt>
  <trkpt lat="-3.16565976" lon="129.47194132">
   <ele>2373.632</ele>
  </trkpt>
  <trkpt lat="-3.16558306" lon="129.47223066">
   <ele>2380.843</ele>
  </trkpt>
  <trkpt lat="-3.16558273" lon="129.47207518">
   <ele>2369.307</ele>
  </trkpt>
  <trkpt lat="-3.16603325" lon="129.47242169">
   <ele>2381.804</ele>
  </trkpt>
  <trkpt lat="-3.16706968" lon="129.47247407">
   <ele>2396.704</ele>
  </trkpt>
  <trkpt lat="-3.16726212" lon="129.47269955">
   <ele>2414.008</ele>
  </trkpt>
  <trkpt lat="-3.16737738" lon="129.47250039">
   <ele>2426.024</ele>
  </trkpt>
  <trkpt lat="-3.16821246" lon="129.47325753">
   <ele>2479.858</ele>
  </trkpt>
 </trkseg>
</trk>
<trk>
 <name>Track 413</name>
 <trkseg>
  <trkpt lat="-2.96370685" lon="129.32906105"></trkpt>
  <trkpt lat="-2.96382110" lon="129.32894689"></trkpt>
  <trkpt lat="-2.96370685" lon="129.32894689"></trkpt>
  <trkpt lat="-2.96370685" lon="129.32906105"></trkpt>
  <trkpt lat="-2.96370685" lon="129.32883264"></trkpt>
  <trkpt lat="-2.96370685" lon="129.32894689"></trkpt>
  <trkpt lat="-2.96530595" lon="129.33145987"></trkpt>
  <trkpt lat="-2.96587701" lon="129.33168836"></trkpt>
  <trkpt lat="-2.96827557" lon="129.33237375"></trkpt>
  <trkpt lat="-2.96953202" lon="129.33305914"></trkpt>
  <trkpt lat="-2.97067422" lon="129.33431567"></trkpt>
  <trkpt lat="-2.97193059" lon="129.33442991"></trkpt>
  <trkpt lat="-2.97215908" lon="129.33465832"></trkpt>
  <trkpt lat="-2.97364385" lon="129.33500106"></trkpt>
  <trkpt lat="-2.97547136" lon="129.33602910"></trkpt>
  <trkpt lat="-2.97729886" lon="129.33637175"></trkpt>
  <trkpt lat="-2.97798417" lon="129.33671448"></trkpt>
  <trkpt lat="-2.98004008" lon="129.33865640"></trkpt>
  <trkpt lat="-2.98026857" lon="129.33865640"></trkpt>
  <trkpt lat="-2.98083963" lon="129.33945595"></trkpt>
  <trkpt lat="-2.98289554" lon="129.34082673"></trkpt>
  <trkpt lat="-2.98415199" lon="129.34185477"></trkpt>
  <trkpt lat="-2.98403774" lon="129.34231175"></trkpt>
  <trkpt lat="-2.98403774" lon="129.34208326"></trkpt>
  <trkpt lat="-2.98426615" lon="129.34219751"></trkpt>
  <trkpt lat="-2.98415199" lon="129.34208326"></trkpt>
  <trkpt lat="-2.98415199" lon="129.34231175"></trkpt>
  <trkpt lat="-2.98415199" lon="129.34219751"></trkpt>
  <trkpt lat="-2.98438040" lon="129.34208326"></trkpt>
  <trkpt lat="-2.98460880" lon="129.34288289"></trkpt>
  <trkpt lat="-2.98438040" lon="129.34391093"></trkpt>
  <trkpt lat="-2.98460880" lon="129.34528171"></trkpt>
  <trkpt lat="-2.98495154" lon="129.34573861"></trkpt>
  <trkpt lat="-2.98643631" lon="129.34630975"></trkpt>
  <trkpt lat="-2.98700745" lon="129.34688089"></trkpt>
  <trkpt lat="-2.98757851" lon="129.34836592"></trkpt>
  <trkpt lat="-2.98769276" lon="129.34825167"></trkpt>
  <trkpt lat="-2.98803541" lon="129.34893706"></trkpt>
  <trkpt lat="-2.98803541" lon="129.35065049"></trkpt>
  <trkpt lat="-2.98814957" lon="129.35087898"></trkpt>
  <trkpt lat="-2.98849231" lon="129.35122163"></trkpt>
  <trkpt lat="-2.98963442" lon="129.35167853"></trkpt>
  <trkpt lat="-2.99031973" lon="129.35236392"></trkpt>
  <trkpt lat="-2.99203307" lon="129.35247816"></trkpt>
  <trkpt lat="-2.99248989" lon="129.35270665"></trkpt>
  <trkpt lat="-2.99306103" lon="129.35327780"></trkpt>
  <trkpt lat="-2.99386050" lon="129.35304930"></trkpt>
  <trkpt lat="-2.99397474" lon="129.35327780"></trkpt>
  <trkpt lat="-2.99408899" lon="129.35304930"></trkpt>
  <trkpt lat="-2.99397474" lon="129.35304930"></trkpt>
  <trkpt lat="-2.99420315" lon="129.35327780"></trkpt>
  <trkpt lat="-2.99420315" lon="129.35304930"></trkpt>
  <trkpt lat="-2.99408899" lon="129.35316355"></trkpt>
  <trkpt lat="-2.99420315" lon="129.35327780"></trkpt>
  <trkpt lat="-2.99443164" lon="129.35316355"></trkpt>
  <trkpt lat="-2.99431739" lon="129.35327780"></trkpt>
  <trkpt lat="-2.99488854" lon="129.35350620"></trkpt>
  <trkpt lat="-2.99545960" lon="129.35350620"></trkpt>
  <trkpt lat="-2.99660180" lon="129.35396318"></trkpt>
  <trkpt lat="-2.99683020" lon="129.35396318"></trkpt>
  <trkpt lat="-2.99671596" lon="129.35384894"></trkpt>
  <trkpt lat="-2.99751551" lon="129.35566228"></trkpt>
  <trkpt lat="-2.99785816" lon="129.35726155"></trkpt>
  <trkpt lat="-2.99820081" lon="129.35771844"></trkpt>
  <trkpt lat="-2.99854347" lon="129.35771844"></trkpt>
  <trkpt lat="-2.99888612" lon="129.35828959"></trkpt>
  <trkpt lat="-2.99968567" lon="129.35851808"></trkpt>
  <trkpt lat="-2.99957142" lon="129.35863232"></trkpt>
  <trkpt lat="-2.99968567" lon="129.35851808"></trkpt>
  <trkpt lat="-2.99957142" lon="129.35863232"></trkpt>
  <trkpt lat="-2.99957142" lon="129.35840383"></trkpt>
  <trkpt lat="-2.99957142" lon="129.35863232"></trkpt>
  <trkpt lat="-3.00025673" lon="129.35920347"></trkpt>
  <trkpt lat="-3.00105628" lon="129.36057424"></trkpt>
  <trkpt lat="-3.00151317" lon="129.36080265"></trkpt>
  <trkpt lat="-3.00219848" lon="129.36068840"></trkpt>
  <trkpt lat="-3.00345484" lon="129.36137379"></trkpt>
  <trkpt lat="-3.00379749" lon="129.36171653"></trkpt>
  <trkpt lat="-3.00539659" lon="129.36217343"></trkpt>
  <trkpt lat="-3.00608190" lon="129.36251608"></trkpt>
  <trkpt lat="-3.00642455" lon="129.36297306"></trkpt>
  <trkpt lat="-3.00665296" lon="129.36308722"></trkpt>
  <trkpt lat="-3.00653880" lon="129.36285881"></trkpt>
  <trkpt lat="-3.00653880" lon="129.36308722"></trkpt>
  <trkpt lat="-3.00768100" lon="129.36365836"></trkpt>
  <trkpt lat="-3.00962267" lon="129.36457224"></trkpt>
  <trkpt lat="-3.01122176" lon="129.36480065"></trkpt>
  <trkpt lat="-3.01327768" lon="129.36605718"></trkpt>
  <trkpt lat="-3.01373449" lon="129.36651416"></trkpt>
  <trkpt lat="-3.01350608" lon="129.36651416"></trkpt>
  <trkpt lat="-3.01373449" lon="129.36628567"></trkpt>
  <trkpt lat="-3.01362033" lon="129.36651416"></trkpt>
  <trkpt lat="-3.01373449" lon="129.36651416"></trkpt>
  <trkpt lat="-3.01350608" lon="129.36651416"></trkpt>
  <trkpt lat="-3.01350608" lon="129.36639992"></trkpt>
  <trkpt lat="-3.01350608" lon="129.36651416"></trkpt>
  <trkpt lat="-3.01362033" lon="129.36651416"></trkpt>
  <trkpt lat="-3.01339184" lon="129.36639992"></trkpt>
  <trkpt lat="-3.01350608" lon="129.36639992"></trkpt>
  <trkpt lat="-3.01362033" lon="129.36639992"></trkpt>
  <trkpt lat="-3.01350608" lon="129.36651416"></trkpt>
  <trkpt lat="-3.01373449" lon="129.36651416"></trkpt>
  <trkpt lat="-3.01350608" lon="129.36651416"></trkpt>
  <trkpt lat="-3.01339184" lon="129.36628567"></trkpt>
  <trkpt lat="-3.01362033" lon="129.36651416"></trkpt>
  <trkpt lat="-3.01373449" lon="129.36651416"></trkpt>
  <trkpt lat="-3.01350608" lon="129.36651416"></trkpt>
  <trkpt lat="-3.01373449" lon="129.36651416"></trkpt>
  <trkpt lat="-3.01362033" lon="129.36628567"></trkpt>
  <trkpt lat="-3.01350608" lon="129.36651416"></trkpt>
  <trkpt lat="-3.01362033" lon="129.36651416"></trkpt>
  <trkpt lat="-3.01373449" lon="129.36662841"></trkpt>
  <trkpt lat="-3.01362033" lon="129.36651416"></trkpt>
  <trkpt lat="-3.01373449" lon="129.36651416"></trkpt>
  <trkpt lat="-3.01350608" lon="129.36628567"></trkpt>
  <trkpt lat="-3.01373449" lon="129.36662841"></trkpt>
  <trkpt lat="-3.01339184" lon="129.36628567"></trkpt>
  <trkpt lat="-3.01362033" lon="129.36651416"></trkpt>
  <trkpt lat="-3.01362033" lon="129.36628567"></trkpt>
  <trkpt lat="-3.01362033" lon="129.36651416"></trkpt>
  <trkpt lat="-3.01339184" lon="129.36639992"></trkpt>
  <trkpt lat="-3.01362033" lon="129.36651416"></trkpt>
  <trkpt lat="-3.01350608" lon="129.36651416"></trkpt>
  <trkpt lat="-3.01362033" lon="129.36651416"></trkpt>
  <trkpt lat="-3.01373449" lon="129.36639992"></trkpt>
  <trkpt lat="-3.01350608" lon="129.36651416"></trkpt>
  <trkpt lat="-3.01362033" lon="129.36628567"></trkpt>
  <trkpt lat="-3.01350608" lon="129.36651416"></trkpt>
  <trkpt lat="-3.01350608" lon="129.36639992"></trkpt>
  <trkpt lat="-3.01362033" lon="129.36651416"></trkpt>
  <trkpt lat="-3.01350608" lon="129.36628567"></trkpt>
  <trkpt lat="-3.01350608" lon="129.36662841"></trkpt>
  <trkpt lat="-3.01373449" lon="129.36662841"></trkpt>
  <trkpt lat="-3.01350608" lon="129.36651416"></trkpt>
  <trkpt lat="-3.01362033" lon="129.36628567"></trkpt>
  <trkpt lat="-3.01350608" lon="129.36697106"></trkpt>
  <trkpt lat="-3.01384874" lon="129.36754220"></trkpt>
  <trkpt lat="-3.01384874" lon="129.36765645"></trkpt>
  <trkpt lat="-3.01407723" lon="129.36754220"></trkpt>
  <trkpt lat="-3.01407723" lon="129.36822759"></trkpt>
  <trkpt lat="-3.01419139" lon="129.36822759"></trkpt>
  <trkpt lat="-3.01407723" lon="129.36822759"></trkpt>
  <trkpt lat="-3.01430563" lon="129.36845608"></trkpt>
  <trkpt lat="-3.01441988" lon="129.36845608"></trkpt>
  <trkpt lat="-3.01441988" lon="129.36822759"></trkpt>
  <trkpt lat="-3.01453404" lon="129.36857024"></trkpt>
  <trkpt lat="-3.01464829" lon="129.36857024"></trkpt>
  <trkpt lat="-3.01464829" lon="129.36834184"></trkpt>
  <trkpt lat="-3.01430563" lon="129.36879873"></trkpt>
  <trkpt lat="-3.01476253" lon="129.36902722"></trkpt>
  <trkpt lat="-3.01521935" lon="129.37005526"></trkpt>
  <trkpt lat="-3.01590465" lon="129.37051216"></trkpt>
  <trkpt lat="-3.01670420" lon="129.37119755"></trkpt>
  <trkpt lat="-3.01658995" lon="129.37142604"></trkpt>
  <trkpt lat="-3.01716110" lon="129.37188294"></trkpt>
  <trkpt lat="-3.01750375" lon="129.37302522"></trkpt>
  <trkpt lat="-3.01750375" lon="129.37313947"></trkpt>
  <trkpt lat="-3.01738950" lon="129.37348212"></trkpt>
  <trkpt lat="-3.01784640" lon="129.37393910"></trkpt>
  <trkpt lat="-3.01784640" lon="129.37382486"></trkpt>
  <trkpt lat="-3.01796065" lon="129.37393910"></trkpt>
  <trkpt lat="-3.01796065" lon="129.37473865"></trkpt>
  <trkpt lat="-3.01830330" lon="129.37496714"></trkpt>
  <trkpt lat="-3.01841746" lon="129.37542404"></trkpt>
  <trkpt lat="-3.01853171" lon="129.37530980"></trkpt>
  <trkpt lat="-3.01841746" lon="129.37599518"></trkpt>
  <trkpt lat="-3.01887436" lon="129.37633792"></trkpt>
  <trkpt lat="-3.01898860" lon="129.37725171"></trkpt>
  <trkpt lat="-3.01910277" lon="129.37713747"></trkpt>
  <trkpt lat="-3.01933126" lon="129.37702331"></trkpt>
  <trkpt lat="-3.01944542" lon="129.37736596"></trkpt>
  <trkpt lat="-3.01933126" lon="129.37736596"></trkpt>
  <trkpt lat="-3.01967391" lon="129.37736596"></trkpt>
  <trkpt lat="-3.01933126" lon="129.37702331"></trkpt>
  <trkpt lat="-3.01933126" lon="129.37690906"></trkpt>
  <trkpt lat="-3.01944542" lon="129.37690906"></trkpt>
  <trkpt lat="-3.01955966" lon="129.37702331"></trkpt>
  <trkpt lat="-3.01921701" lon="129.37816559"></trkpt>
  <trkpt lat="-3.01921701" lon="129.37850825"></trkpt>
  <trkpt lat="-3.01933126" lon="129.37850825"></trkpt>
  <trkpt lat="-3.01921701" lon="129.37885098"></trkpt>
  <trkpt lat="-3.01978807" lon="129.37896514"></trkpt>
  <trkpt lat="-3.01978807" lon="129.37919363"></trkpt>
  <trkpt lat="-3.02035921" lon="129.37953637"></trkpt>
  <trkpt lat="-3.02035921" lon="129.37965053"></trkpt>
  <trkpt lat="-3.02024497" lon="129.37965053"></trkpt>
  <trkpt lat="-3.02024497" lon="129.37976478"></trkpt>
  <trkpt lat="-3.02013081" lon="129.38022167"></trkpt>
  <trkpt lat="-3.02024497" lon="129.38045016"></trkpt>
  <trkpt lat="-3.02024497" lon="129.38102131"></trkpt>
  <trkpt lat="-3.02047346" lon="129.38090706"></trkpt>
  <trkpt lat="-3.02024497" lon="129.38079282"></trkpt>
  <trkpt lat="-3.02035921" lon="129.38102131"></trkpt>
  <trkpt lat="-3.02047346" lon="129.38090706"></trkpt>
  <trkpt lat="-3.02024497" lon="129.38079282"></trkpt>
  <trkpt lat="-3.02047346" lon="129.38113555"></trkpt>
  <trkpt lat="-3.02035921" lon="129.38159245"></trkpt>
  <trkpt lat="-3.01955966" lon="129.38284898"></trkpt>
  <trkpt lat="-3.01955966" lon="129.38307747"></trkpt>
  <trkpt lat="-3.01967391" lon="129.38307747"></trkpt>
  <trkpt lat="-3.01990231" lon="129.38330588"></trkpt>
  <trkpt lat="-3.02013081" lon="129.38410551"></trkpt>
  <trkpt lat="-3.02013081" lon="129.38421976"></trkpt>
  <trkpt lat="-3.02001656" lon="129.38433400"></trkpt>
  <trkpt lat="-3.01978807" lon="129.38536204"></trkpt>
  <trkpt lat="-3.01990231" lon="129.38593319"></trkpt>
  <trkpt lat="-3.02013081" lon="129.38593319"></trkpt>
  <trkpt lat="-3.02013081" lon="129.38604743"></trkpt>
  <trkpt lat="-3.02024497" lon="129.38627584"></trkpt>
  <trkpt lat="-3.01978807" lon="129.38650433"></trkpt>
  <trkpt lat="-3.01978807" lon="129.38661858"></trkpt>
  <trkpt lat="-3.01967391" lon="129.38661858"></trkpt>
  <trkpt lat="-3.01955966" lon="129.38639008"></trkpt>
  <trkpt lat="-3.01978807" lon="129.38673282"></trkpt>
  <trkpt lat="-3.01967391" lon="129.38661858"></trkpt>
  <trkpt lat="-3.01978807" lon="129.38684707"></trkpt>
  <trkpt lat="-3.01978807" lon="129.38673282"></trkpt>
  <trkpt lat="-3.01978807" lon="129.38684707"></trkpt>
  <trkpt lat="-3.01967391" lon="129.38673282"></trkpt>
  <trkpt lat="-3.01967391" lon="129.38718972"></trkpt>
  <trkpt lat="-3.01955966" lon="129.38730396"></trkpt>
  <trkpt lat="-3.01864595" lon="129.38776086"></trkpt>
  <trkpt lat="-3.01853171" lon="129.38798935"></trkpt>
  <trkpt lat="-3.01841746" lon="129.38798935"></trkpt>
  <trkpt lat="-3.01818905" lon="129.38844625"></trkpt>
  <trkpt lat="-3.01841746" lon="129.38867474"></trkpt>
  <trkpt lat="-3.01773216" lon="129.38924588"></trkpt>
  <trkpt lat="-3.01773216" lon="129.38970278"></trkpt>
  <trkpt lat="-3.01990231" lon="129.39153045"></trkpt>
  <trkpt lat="-3.02001656" lon="129.39130196"></trkpt>
  <trkpt lat="-3.01990231" lon="129.39141621"></trkpt>
  <trkpt lat="-3.02001656" lon="129.39130196"></trkpt>
  <trkpt lat="-3.02001656" lon="129.39141621"></trkpt>
  <trkpt lat="-3.01990231" lon="129.39107356"></trkpt>
  <trkpt lat="-3.02001656" lon="129.39141621"></trkpt>
  <trkpt lat="-3.01990231" lon="129.39153045"></trkpt>
  <trkpt lat="-3.02047346" lon="129.39233009"></trkpt>
  <trkpt lat="-3.02070186" lon="129.39438617"></trkpt>
  <trkpt lat="-3.02047346" lon="129.39541421"></trkpt>
  <trkpt lat="-3.02161558" lon="129.39758462"></trkpt>
  <trkpt lat="-3.02321468" lon="129.39918380"></trkpt>
  <trkpt lat="-3.02629855" lon="129.40158262"></trkpt>
  <trkpt lat="-3.02709810" lon="129.40295340"></trkpt>
  <trkpt lat="-3.02835446" lon="129.40432417"></trkpt>
  <trkpt lat="-3.02915401" lon="129.40455266"></trkpt>
  <trkpt lat="-3.02915401" lon="129.40466682"></trkpt>
  <trkpt lat="-3.02915401" lon="129.40443842"></trkpt>
  <trkpt lat="-3.02903976" lon="129.40455266"></trkpt>
  <trkpt lat="-3.02983931" lon="129.40535221"></trkpt>
  <trkpt lat="-3.03155257" lon="129.40877915"></trkpt>
  <trkpt lat="-3.03189523" lon="129.40866491"></trkpt>
  <trkpt lat="-3.03326592" lon="129.41003568"></trkpt>
  <trkpt lat="-3.03383698" lon="129.41014985"></trkpt>
  <trkpt lat="-3.03475069" lon="129.41094948"></trkpt>
  <trkpt lat="-3.03589289" lon="129.41152062"></trkpt>
  <trkpt lat="-3.03692085" lon="129.41163487"></trkpt>
  <trkpt lat="-3.03760615" lon="129.41197752"></trkpt>
  <trkpt lat="-3.04206071" lon="129.41289140"></trkpt>
  <trkpt lat="-3.04251761" lon="129.41277715"></trkpt>
  <trkpt lat="-3.04411663" lon="129.41300564"></trkpt>
  <trkpt lat="-3.04434503" lon="129.41289140"></trkpt>
  <trkpt lat="-3.04411663" lon="129.41289140"></trkpt>
  <trkpt lat="-3.04423087" lon="129.41266291"></trkpt>
  <trkpt lat="-3.04423087" lon="129.41300564"></trkpt>
  <trkpt lat="-3.04434503" lon="129.41277715"></trkpt>
  <trkpt lat="-3.04434503" lon="129.41311989"></trkpt>
  <trkpt lat="-3.04480193" lon="129.41334830"></trkpt>
  <trkpt lat="-3.04628679" lon="129.41346254"></trkpt>
  <trkpt lat="-3.04697209" lon="129.41334830"></trkpt>
  <trkpt lat="-3.04822845" lon="129.41414793"></trkpt>
  <trkpt lat="-3.05005596" lon="129.41494756"></trkpt>
  <trkpt lat="-3.05051286" lon="129.41529022"></trkpt>
  <trkpt lat="-3.05176922" lon="129.41517597"></trkpt>
  <trkpt lat="-3.05222612" lon="129.41551871"></trkpt>
  <trkpt lat="-3.05348257" lon="129.41563287"></trkpt>
  <trkpt lat="-3.05485317" lon="129.41654675"></trkpt>
  <trkpt lat="-3.05530999" lon="129.41677524"></trkpt>
  <trkpt lat="-3.05565272" lon="129.41677524"></trkpt>
  <trkpt lat="-3.05553848" lon="129.41654675"></trkpt>
  <trkpt lat="-3.05622378" lon="129.41700364"></trkpt>
  <trkpt lat="-3.05656644" lon="129.41700364"></trkpt>
  <trkpt lat="-3.05668068" lon="129.41677524"></trkpt>
  <trkpt lat="-3.05668068" lon="129.41700364"></trkpt>
  <trkpt lat="-3.05679484" lon="129.41677524"></trkpt>
  <trkpt lat="-3.05668068" lon="129.41711789"></trkpt>
  <trkpt lat="-3.05782280" lon="129.41734638"></trkpt>
  <trkpt lat="-3.05805129" lon="129.41757479"></trkpt>
  <trkpt lat="-3.05953614" lon="129.41723214"></trkpt>
  <trkpt lat="-3.06090675" lon="129.41723214"></trkpt>
  <trkpt lat="-3.06239161" lon="129.41746054"></trkpt>
  <trkpt lat="-3.06341956" lon="129.41780328"></trkpt>
  <trkpt lat="-3.06399062" lon="129.41848867"></trkpt>
  <trkpt lat="-3.06490442" lon="129.41894556"></trkpt>
  <trkpt lat="-3.06638919" lon="129.42054475"></trkpt>
  <trkpt lat="-3.06707449" lon="129.42100173"></trkpt>
  <trkpt lat="-3.06696033" lon="129.42100173"></trkpt>
  <trkpt lat="-3.06718874" lon="129.42168712"></trkpt>
  <trkpt lat="-3.07027261" lon="129.42534246"></trkpt>
  <trkpt lat="-3.07107216" lon="129.42557087"></trkpt>
  <trkpt lat="-3.07232860" lon="129.42648475"></trkpt>
  <trkpt lat="-3.07244277" lon="129.42637051"></trkpt>
  <trkpt lat="-3.07312807" lon="129.42728430"></trkpt>
  <trkpt lat="-3.07335656" lon="129.42785544"></trkpt>
  <trkpt lat="-3.07381338" lon="129.42831242"></trkpt>
  <trkpt lat="-3.07541247" lon="129.42899781"></trkpt>
  <trkpt lat="-3.07621202" lon="129.42945471"></trkpt>
  <trkpt lat="-3.07655468" lon="129.43002585"></trkpt>
  <trkpt lat="-3.07666884" lon="129.43014010"></trkpt>
  <trkpt lat="-3.07678308" lon="129.42991161"></trkpt>
  <trkpt lat="-3.07712574" lon="129.43116814"></trkpt>
  <trkpt lat="-3.07781104" lon="129.43253892"></trkpt>
  <trkpt lat="-3.07861059" lon="129.43333855"></trkpt>
  <trkpt lat="-3.07883900" lon="129.43390969"></trkpt>
  <trkpt lat="-3.07918165" lon="129.43425234"></trkpt>
  <trkpt lat="-3.07906749" lon="129.43459508"></trkpt>
  <trkpt lat="-3.07883900" lon="129.43436659"></trkpt>
  <trkpt lat="-3.07906749" lon="129.43448083"></trkpt>
  <trkpt lat="-3.07895324" lon="129.43459508"></trkpt>
  <trkpt lat="-3.07918165" lon="129.43482349"></trkpt>
  <trkpt lat="-3.07895324" lon="129.43459508"></trkpt>
  <trkpt lat="-3.07918165" lon="129.43459508"></trkpt>
  <trkpt lat="-3.07872484" lon="129.43436659"></trkpt>
  <trkpt lat="-3.07861059" lon="129.43402385"></trkpt>
  <trkpt lat="-3.07883900" lon="129.43459508"></trkpt>
  <trkpt lat="-3.07883900" lon="129.43436659"></trkpt>
  <trkpt lat="-3.07883900" lon="129.43459508"></trkpt>
  <trkpt lat="-3.07918165" lon="129.43470924"></trkpt>
  <trkpt lat="-3.07895324" lon="129.43470924"></trkpt>
  <trkpt lat="-3.07906749" lon="129.43482349"></trkpt>
  <trkpt lat="-3.07895324" lon="129.43493773"></trkpt>
  <trkpt lat="-3.07906749" lon="129.43459508"></trkpt>
  <trkpt lat="-3.07895324" lon="129.43436659"></trkpt>
  <trkpt lat="-3.07895324" lon="129.43470924"></trkpt>
  <trkpt lat="-3.07952430" lon="129.43470924"></trkpt>
  <trkpt lat="-3.07929589" lon="129.43470924"></trkpt>
  <trkpt lat="-3.07963855" lon="129.43470924"></trkpt>
  <trkpt lat="-3.07918165" lon="129.43482349"></trkpt>
  <trkpt lat="-3.07929589" lon="129.43459508"></trkpt>
  <trkpt lat="-3.07941014" lon="129.43482349"></trkpt>
  <trkpt lat="-3.07986695" lon="129.43470924"></trkpt>
  <trkpt lat="-3.07952430" lon="129.43482349"></trkpt>
  <trkpt lat="-3.07918165" lon="129.43459508"></trkpt>
  <trkpt lat="-3.07929589" lon="129.43482349"></trkpt>
  <trkpt lat="-3.07906749" lon="129.43482349"></trkpt>
  <trkpt lat="-3.07963855" lon="129.43482349"></trkpt>
  <trkpt lat="-3.07918165" lon="129.43470924"></trkpt>
  <trkpt lat="-3.07918165" lon="129.43482349"></trkpt>
  <trkpt lat="-3.07918165" lon="129.43470924"></trkpt>
  <trkpt lat="-3.07918165" lon="129.43448083"></trkpt>
  <trkpt lat="-3.07918165" lon="129.43436659"></trkpt>
  <trkpt lat="-3.07906749" lon="129.43459508"></trkpt>
  <trkpt lat="-3.07929589" lon="129.43470924"></trkpt>
  <trkpt lat="-3.07906749" lon="129.43459508"></trkpt>
  <trkpt lat="-3.07929589" lon="129.43505198"></trkpt>
  <trkpt lat="-3.07861059" lon="129.43665116"></trkpt>
  <trkpt lat="-3.07895324" lon="129.43813618"></trkpt>
  <trkpt lat="-3.07883900" lon="129.43893573"></trkpt>
  <trkpt lat="-3.07861059" lon="129.43904998"></trkpt>
  <trkpt lat="-3.07872484" lon="129.43984961"></trkpt>
  <trkpt lat="-3.07861059" lon="129.43984961"></trkpt>
  <trkpt lat="-3.07861059" lon="129.44019226"></trkpt>
  <trkpt lat="-3.07906749" lon="129.44110614"></trkpt>
  <trkpt lat="-3.07952430" lon="129.44247692"></trkpt>
  <trkpt lat="-3.07929589" lon="129.44259108"></trkpt>
  <trkpt lat="-3.07952430" lon="129.44281957"></trkpt>
  <trkpt lat="-3.07963855" lon="129.44350496"></trkpt>
  <trkpt lat="-3.08009544" lon="129.44396186"></trkpt>
  <trkpt lat="-3.08009544" lon="129.44430459"></trkpt>
  <trkpt lat="-3.08089491" lon="129.44510414"></trkpt>
  <trkpt lat="-3.08146605" lon="129.44613227"></trkpt>
  <trkpt lat="-3.08226560" lon="129.44658916"></trkpt>
  <trkpt lat="-3.08260825" lon="129.44727455"></trkpt>
  <trkpt lat="-3.08317931" lon="129.44738880"></trkpt>
  <trkpt lat="-3.08363621" lon="129.44795994"></trkpt>
  <trkpt lat="-3.08569212" lon="129.44933063"></trkpt>
  <trkpt lat="-3.08649167" lon="129.45058716"></trkpt>
  <trkpt lat="-3.08796220" lon="129.45035876"></trkpt>
  <trkpt lat="-3.08796220" lon="129.45058716"></trkpt>
  <trkpt lat="-3.08933280" lon="129.45127255"></trkpt>
  <trkpt lat="-3.09047501" lon="129.45127255"></trkpt>
  <trkpt lat="-3.09173145" lon="129.45195794"></trkpt>
  <trkpt lat="-3.09138880" lon="129.45184370"></trkpt>
  <trkpt lat="-3.09184561" lon="129.45321447"></trkpt>
  <trkpt lat="-3.09173145" lon="129.45321447"></trkpt>
  <trkpt lat="-3.09230251" lon="129.45355721"></trkpt>
  <trkpt lat="-3.09287357" lon="129.45447100"></trkpt>
  <trkpt lat="-3.09333047" lon="129.45538480"></trkpt>
  <trkpt lat="-3.09333047" lon="129.45584178"></trkpt>
  <trkpt lat="-3.09355896" lon="129.45595603"></trkpt>
  <trkpt lat="-3.09401577" lon="129.45721256"></trkpt>
  <trkpt lat="-3.09424426" lon="129.45721256"></trkpt>
  <trkpt lat="-3.09435843" lon="129.45846900"></trkpt>
  <trkpt lat="-3.09435843" lon="129.45812635"></trkpt>
  <trkpt lat="-3.09447267" lon="129.45835484"></trkpt>
  <trkpt lat="-3.09424426" lon="129.45846900"></trkpt>
  <trkpt lat="-3.09401577" lon="129.45904023"></trkpt>
  <trkpt lat="-3.09424426" lon="129.45949713"></trkpt>
  <trkpt lat="-3.09424426" lon="129.46086790"></trkpt>
  <trkpt lat="-3.09413002" lon="129.46086790"></trkpt>
  <trkpt lat="-3.09401577" lon="129.46063941"></trkpt>
  <trkpt lat="-3.09413002" lon="129.46063941"></trkpt>
  <trkpt lat="-3.09424426" lon="129.46155321"></trkpt>
  <trkpt lat="-3.09492957" lon="129.46269558"></trkpt>
  <trkpt lat="-3.09607169" lon="129.46349513"></trkpt>
  <trkpt lat="-3.09618593" lon="129.46395211"></trkpt>
  <trkpt lat="-3.09664283" lon="129.46452325"></trkpt>
  <trkpt lat="-3.09664283" lon="129.46509439"></trkpt>
  <trkpt lat="-3.09675699" lon="129.46498015"></trkpt>
  <trkpt lat="-3.09698548" lon="129.46498015"></trkpt>
  <trkpt lat="-3.09698548" lon="129.46532280"></trkpt>
  <trkpt lat="-3.09709973" lon="129.46542280"></trkpt>
  <trkpt lat="-3.09698548" lon="129.46542280"></trkpt>
  <trkpt lat="-3.09687124" lon="129.46542280"></trkpt>
  <trkpt lat="-3.09744238" lon="129.46587970"></trkpt>
  <trkpt lat="-3.09789919" lon="129.46667933"></trkpt>
  <trkpt lat="-3.09801344" lon="129.46690774"></trkpt>
  <trkpt lat="-3.09801344" lon="129.46679349"></trkpt>
  <trkpt lat="-3.09801344" lon="129.46690774"></trkpt>
  <trkpt lat="-3.09812768" lon="129.46667933"></trkpt>
  <trkpt lat="-3.09778503" lon="129.46702198"></trkpt>
  <trkpt lat="-3.09801344" lon="129.46690774"></trkpt>
  <trkpt lat="-3.09778503" lon="129.46690774"></trkpt>
  <trkpt lat="-3.09812768" lon="129.46690774"></trkpt>
  <trkpt lat="-3.09789919" lon="129.46702198"></trkpt>
  <trkpt lat="-3.09789919" lon="129.46667933"></trkpt>
  <trkpt lat="-3.09801344" lon="129.46702198"></trkpt>
  <trkpt lat="-3.09858450" lon="129.46736472"></trkpt>
  <trkpt lat="-3.09892715" lon="129.46850700"></trkpt>
  <trkpt lat="-3.09961245" lon="129.46942080"></trkpt>
  <trkpt lat="-3.09961245" lon="129.47022043"></trkpt>
  <trkpt lat="-3.09938405" lon="129.47044884"></trkpt>
  <trkpt lat="-3.09949829" lon="129.47079157"></trkpt>
  <trkpt lat="-3.09926980" lon="129.47079157"></trkpt>
  <trkpt lat="-3.09949829" lon="129.47102007"></trkpt>
  <trkpt lat="-3.09926980" lon="129.47079157"></trkpt>
  <trkpt lat="-3.09949829" lon="129.47113423"></trkpt>
  <trkpt lat="-3.09938405" lon="129.47124847"></trkpt>
  <trkpt lat="-3.09938405" lon="129.47216235"></trkpt>
  <trkpt lat="-3.09961245" lon="129.47239076"></trkpt>
  <trkpt lat="-3.09949829" lon="129.47273349"></trkpt>
  <trkpt lat="-3.09972670" lon="129.47284774"></trkpt>
  <trkpt lat="-3.09984094" lon="129.47364729"></trkpt>
  <trkpt lat="-3.10052625" lon="129.47421843"></trkpt>
  <trkpt lat="-3.10064049" lon="129.47444692"></trkpt>
  <trkpt lat="-3.10075466" lon="129.47444692"></trkpt>
  <trkpt lat="-3.10086890" lon="129.47478957"></trkpt>
  <trkpt lat="-3.10098315" lon="129.47467541"></trkpt>
  <trkpt lat="-3.10155421" lon="129.47501807"></trkpt>
  <trkpt lat="-3.10189686" lon="129.47581770"></trkpt>
  <trkpt lat="-3.10223951" lon="129.47661725"></trkpt>
  <trkpt lat="-3.10212526" lon="129.47707423"></trkpt>
  <trkpt lat="-3.10269641" lon="129.47775962"></trkpt>
  <trkpt lat="-3.10326747" lon="129.47890190"></trkpt>
  <trkpt lat="-3.10395277" lon="129.47970145"></trkpt>
  <trkpt lat="-3.10440967" lon="129.47981570"></trkpt>
  <trkpt lat="-3.10440967" lon="129.48015844"></trkpt>
  <trkpt lat="-3.10509497" lon="129.48061533"></trkpt>
  <trkpt lat="-3.10703672" lon="129.48130072"></trkpt>
  <trkpt lat="-3.10783619" lon="129.48095798"></trkpt>
  <trkpt lat="-3.10863574" lon="129.47992994"></trkpt>
  <trkpt lat="-3.10954945" lon="129.47981570"></trkpt>
  <trkpt lat="-3.10966370" lon="129.47981570"></trkpt>
  <trkpt lat="-3.11012059" lon="129.47970145"></trkpt>
  <trkpt lat="-3.11023484" lon="129.47958729"></trkpt>
  <trkpt lat="-3.11057749" lon="129.47958729"></trkpt>
  <trkpt lat="-3.11092014" lon="129.47935880"></trkpt>
  <trkpt lat="-3.11103431" lon="129.47947305"></trkpt>
  <trkpt lat="-3.11126280" lon="129.47935880"></trkpt>
  <trkpt lat="-3.11171961" lon="129.47924456"></trkpt>
  <trkpt lat="-3.11194810" lon="129.47924456"></trkpt>
  <trkpt lat="-3.11171961" lon="129.47924456"></trkpt>
  <trkpt lat="-3.11183386" lon="129.47935880"></trkpt>
  <trkpt lat="-3.11217651" lon="129.47924456"></trkpt>
  <trkpt lat="-3.11240491" lon="129.47913031"></trkpt>
  <trkpt lat="-3.11251916" lon="129.47901615"></trkpt>
  <trkpt lat="-3.11286181" lon="129.47913031"></trkpt>
  <trkpt lat="-3.11263341" lon="129.47901615"></trkpt>
  <trkpt lat="-3.11274765" lon="129.47913031"></trkpt>
  <trkpt lat="-3.11297606" lon="129.47924456"></trkpt>
  <trkpt lat="-3.11320446" lon="129.47947305"></trkpt>
  <trkpt lat="-3.11331871" lon="129.47958729"></trkpt>
  <trkpt lat="-3.11343295" lon="129.47958729"></trkpt>
  <trkpt lat="-3.11366136" lon="129.47958729"></trkpt>
  <trkpt lat="-3.11388977" lon="129.47958729"></trkpt>
  <trkpt lat="-3.11400401" lon="129.47970145"></trkpt>
  <trkpt lat="-3.11423242" lon="129.47981570"></trkpt>
  <trkpt lat="-3.11446091" lon="129.48004419"></trkpt>
  <trkpt lat="-3.11457507" lon="129.48015844"></trkpt>
  <trkpt lat="-3.11480356" lon="129.48027260"></trkpt>
  <trkpt lat="-3.11503197" lon="129.48027260"></trkpt>
  <trkpt lat="-3.11514622" lon="129.48027260"></trkpt>
  <trkpt lat="-3.11548887" lon="129.48027260"></trkpt>
  <trkpt lat="-3.11560303" lon="129.48027260"></trkpt>
  <trkpt lat="-3.11583152" lon="129.48015844"></trkpt>
  <trkpt lat="-3.11605993" lon="129.48027260"></trkpt>
  <trkpt lat="-3.11617417" lon="129.48050109"></trkpt>
  <trkpt lat="-3.11628842" lon="129.48050109"></trkpt>
  <trkpt lat="-3.11651682" lon="129.48072958"></trkpt>
  <trkpt lat="-3.11663107" lon="129.48084374"></trkpt>
  <trkpt lat="-3.11685948" lon="129.48072958"></trkpt>
  <trkpt lat="-3.11708788" lon="129.48095798"></trkpt>
  <trkpt lat="-3.11720213" lon="129.48095798"></trkpt>
  <trkpt lat="-3.11743054" lon="129.48107223"></trkpt>
  <trkpt lat="-3.11754478" lon="129.48107223"></trkpt>
  <trkpt lat="-3.11777319" lon="129.48118648"></trkpt>
  <trkpt lat="-3.11777319" lon="129.48095798"></trkpt>
  <trkpt lat="-3.11788743" lon="129.48107223"></trkpt>
  <trkpt lat="-3.11777319" lon="129.48118648"></trkpt>
  <trkpt lat="-3.11800168" lon="129.48095798"></trkpt>
  <trkpt lat="-3.11845849" lon="129.48118648"></trkpt>
  <trkpt lat="-3.11868698" lon="129.48107223"></trkpt>
  <trkpt lat="-3.11891539" lon="129.48118648"></trkpt>
  <trkpt lat="-3.11902964" lon="129.48107223"></trkpt>
  <trkpt lat="-3.11948645" lon="129.48118648"></trkpt>
  <trkpt lat="-3.11960069" lon="129.48107223"></trkpt>
  <trkpt lat="-3.11982919" lon="129.48107223"></trkpt>
  <trkpt lat="-3.12005759" lon="129.48107223"></trkpt>
  <trkpt lat="-3.12028600" lon="129.48084374"></trkpt>
  <trkpt lat="-3.12051449" lon="129.48061533"></trkpt>
  <trkpt lat="-3.12062865" lon="129.48095798"></trkpt>
  <trkpt lat="-3.12085714" lon="129.48084374"></trkpt>
  <trkpt lat="-3.12085714" lon="129.48072958"></trkpt>
  <trkpt lat="-3.12119979" lon="129.48095798"></trkpt>
  <trkpt lat="-3.12154245" lon="129.48072958"></trkpt>
  <trkpt lat="-3.12177085" lon="129.48072958"></trkpt>
  <trkpt lat="-3.12177085" lon="129.48061533"></trkpt>
  <trkpt lat="-3.12188510" lon="129.48061533"></trkpt>
  <trkpt lat="-3.12211351" lon="129.48061533"></trkpt>
  <trkpt lat="-3.12234191" lon="129.48050109"></trkpt>
  <trkpt lat="-3.12268465" lon="129.48061533"></trkpt>
  <trkpt lat="-3.12291306" lon="129.48061533"></trkpt>
  <trkpt lat="-3.12314146" lon="129.48038684"></trkpt>
  <trkpt lat="-3.12325571" lon="129.48038684"></trkpt>
  <trkpt lat="-3.12348411" lon="129.48038684"></trkpt>
  <trkpt lat="-3.12359836" lon="129.48027260"></trkpt>
  <trkpt lat="-3.12371260" lon="129.48015844"></trkpt>
  <trkpt lat="-3.12348411" lon="129.47981570"></trkpt>
  <trkpt lat="-3.12394101" lon="129.48004419"></trkpt>
  <trkpt lat="-3.12416942" lon="129.47992994"></trkpt>
  <trkpt lat="-3.12428366" lon="129.47992994"></trkpt>
  <trkpt lat="-3.12451207" lon="129.47981570"></trkpt>
  <trkpt lat="-3.12462632" lon="129.47981570"></trkpt>
  <trkpt lat="-3.12496897" lon="129.47970145"></trkpt>
  <trkpt lat="-3.12508321" lon="129.47947305"></trkpt>
  <trkpt lat="-3.12542587" lon="129.47947305"></trkpt>
  <trkpt lat="-3.12542587" lon="129.47935880"></trkpt>
  <trkpt lat="-3.12576852" lon="129.47947305"></trkpt>
  <trkpt lat="-3.12611117" lon="129.47947305"></trkpt>
  <trkpt lat="-3.12633958" lon="129.47913031"></trkpt>
  <trkpt lat="-3.12645382" lon="129.47935880"></trkpt>
  <trkpt lat="-3.12679647" lon="129.47935880"></trkpt>
  <trkpt lat="-3.12691072" lon="129.47913031"></trkpt>
  <trkpt lat="-3.12713913" lon="129.47913031"></trkpt>
  <trkpt lat="-3.12736753" lon="129.47924456"></trkpt>
  <trkpt lat="-3.12771019" lon="129.47935880"></trkpt>
  <trkpt lat="-3.12782443" lon="129.47935880"></trkpt>
  <trkpt lat="-3.12805284" lon="129.47947305"></trkpt>
  <trkpt lat="-3.12816708" lon="129.47958729"></trkpt>
  <trkpt lat="-3.12862398" lon="129.47958729"></trkpt>
  <trkpt lat="-3.12862398" lon="129.47947305"></trkpt>
  <trkpt lat="-3.12873823" lon="129.47970145"></trkpt>
  <trkpt lat="-3.12862398" lon="129.47970145"></trkpt>
  <trkpt lat="-3.12885239" lon="129.47958729"></trkpt>
  <trkpt lat="-3.12862398" lon="129.47970145"></trkpt>
  <trkpt lat="-3.12850974" lon="129.47981570"></trkpt>
  <trkpt lat="-3.12873823" lon="129.47970145"></trkpt>
  <trkpt lat="-3.12839549" lon="129.47970145"></trkpt>
  <trkpt lat="-3.12885239" lon="129.47981570"></trkpt>
  <trkpt lat="-3.12919504" lon="129.47992994"></trkpt>
  <trkpt lat="-3.12908088" lon="129.48027260"></trkpt>
  <trkpt lat="-3.12930929" lon="129.48061533"></trkpt>
  <trkpt lat="-3.12930929" lon="129.48038684"></trkpt>
  <trkpt lat="-3.12930929" lon="129.48027260"></trkpt>
  <trkpt lat="-3.12965194" lon="129.48050109"></trkpt>
  <trkpt lat="-3.12988034" lon="129.48061533"></trkpt>
  <trkpt lat="-3.13010884" lon="129.48084374"></trkpt>
  <trkpt lat="-3.13033724" lon="129.48095798"></trkpt>
  <trkpt lat="-3.13045149" lon="129.48095798"></trkpt>
  <trkpt lat="-3.13056565" lon="129.48107223"></trkpt>
  <trkpt lat="-3.13090830" lon="129.48095798"></trkpt>
  <trkpt lat="-3.13113679" lon="129.48118648"></trkpt>
  <trkpt lat="-3.13136520" lon="129.48118648"></trkpt>
  <trkpt lat="-3.13170785" lon="129.48141497"></trkpt>
  <trkpt lat="-3.13205050" lon="129.48141497"></trkpt>
  <trkpt lat="-3.13227899" lon="129.48152913"></trkpt>
  <trkpt lat="-3.13250740" lon="129.48141497"></trkpt>
  <trkpt lat="-3.13285005" lon="129.48164337"></trkpt>
  <trkpt lat="-3.13285005" lon="129.48187186"></trkpt>
  <trkpt lat="-3.13296430" lon="129.48164337"></trkpt>
  <trkpt lat="-3.13273581" lon="129.48187186"></trkpt>
  <trkpt lat="-3.13273581" lon="129.48164337"></trkpt>
  <trkpt lat="-3.13296430" lon="129.48164337"></trkpt>
  <trkpt lat="-3.13296430" lon="129.48175762"></trkpt>
  <trkpt lat="-3.13285005" lon="129.48187186"></trkpt>
  <trkpt lat="-3.13319270" lon="129.48210027"></trkpt>
  <trkpt lat="-3.13353536" lon="129.48210027"></trkpt>
  <trkpt lat="-3.13387801" lon="129.48210027"></trkpt>
  <trkpt lat="-3.13399225" lon="129.48198611"></trkpt>
  <trkpt lat="-3.13376376" lon="129.48210027"></trkpt>
  <trkpt lat="-3.13399225" lon="129.48198611"></trkpt>
  <trkpt lat="-3.13422066" lon="129.48221452"></trkpt>
  <trkpt lat="-3.13433491" lon="129.48221452"></trkpt>
  <trkpt lat="-3.13444907" lon="129.48255725"></trkpt>
  <trkpt lat="-3.13479172" lon="129.48255725"></trkpt>
  <trkpt lat="-3.13490597" lon="129.48267150"></trkpt>
  <trkpt lat="-3.13490597" lon="129.48278566"></trkpt>
  <trkpt lat="-3.13513446" lon="129.48289990"></trkpt>
  <trkpt lat="-3.13536286" lon="129.48289990"></trkpt>
  <trkpt lat="-3.13581976" lon="129.48312839"></trkpt>
  <trkpt lat="-3.13581976" lon="129.48278566"></trkpt>
  <trkpt lat="-3.13593392" lon="129.48324264"></trkpt>
  <trkpt lat="-3.13604817" lon="129.48324264"></trkpt>
  <trkpt lat="-3.13627657" lon="129.48312839"></trkpt>
  <trkpt lat="-3.13650507" lon="129.48324264"></trkpt>
  <trkpt lat="-3.13673347" lon="129.48312839"></trkpt>
  <trkpt lat="-3.13684772" lon="129.48301415"></trkpt>
  <trkpt lat="-3.13696188" lon="129.48289990"></trkpt>
  <trkpt lat="-3.13719037" lon="129.48278566"></trkpt>
  <trkpt lat="-3.13730453" lon="129.48267150"></trkpt>
  <trkpt lat="-3.13753302" lon="129.48267150"></trkpt>
  <trkpt lat="-3.13787567" lon="129.48232876"></trkpt>
  <trkpt lat="-3.13821833" lon="129.48232876"></trkpt>
  <trkpt lat="-3.13833257" lon="129.48232876"></trkpt>
  <trkpt lat="-3.13856098" lon="129.48221452"></trkpt>
  <trkpt lat="-3.13878939" lon="129.48198611"></trkpt>
  <trkpt lat="-3.13890363" lon="129.48198611"></trkpt>
  <trkpt lat="-3.13867522" lon="129.48210027"></trkpt>
  <trkpt lat="-3.13901788" lon="129.48175762"></trkpt>
  <trkpt lat="-3.13890363" lon="129.48175762"></trkpt>
  <trkpt lat="-3.13867522" lon="129.48187186"></trkpt>
  <trkpt lat="-3.13924628" lon="129.48130072"></trkpt>
  <trkpt lat="-3.13890363" lon="129.48152913"></trkpt>
  <trkpt lat="-3.13878939" lon="129.48141497"></trkpt>
  <trkpt lat="-3.13890363" lon="129.48130072"></trkpt>
  <trkpt lat="-3.13901788" lon="129.48107223"></trkpt>
  <trkpt lat="-3.13901788" lon="129.48061533"></trkpt>
  <trkpt lat="-3.13901788" lon="129.48038684"></trkpt>
  <trkpt lat="-3.13913204" lon="129.48015844"></trkpt>
  <trkpt lat="-3.13913204" lon="129.48027260"></trkpt>
  <trkpt lat="-3.13913204" lon="129.48015844"></trkpt>
  <trkpt lat="-3.13924628" lon="129.48015844"></trkpt>
  <trkpt lat="-3.13936053" lon="129.48004419"></trkpt>
  <trkpt lat="-3.13936053" lon="129.48015844"></trkpt>
  <trkpt lat="-3.13958894" lon="129.47992994"></trkpt>
  <trkpt lat="-3.13981734" lon="129.48004419"></trkpt>
  <trkpt lat="-3.13993159" lon="129.47981570"></trkpt>
  <trkpt lat="-3.14015999" lon="129.47958729"></trkpt>
  <trkpt lat="-3.14027424" lon="129.47935880"></trkpt>
  <trkpt lat="-3.14050265" lon="129.47913031"></trkpt>
  <trkpt lat="-3.14050265" lon="129.47901615"></trkpt>
  <trkpt lat="-3.14061689" lon="129.47890190"></trkpt>
  <trkpt lat="-3.14084530" lon="129.47855917"></trkpt>
  <trkpt lat="-3.14095954" lon="129.47844492"></trkpt>
  <trkpt lat="-3.14107379" lon="129.47844492"></trkpt>
  <trkpt lat="-3.14118795" lon="129.47833076"></trkpt>
  <trkpt lat="-3.14153069" lon="129.47810227"></trkpt>
  <trkpt lat="-3.14164485" lon="129.47787378"></trkpt>
  <trkpt lat="-3.14175909" lon="129.47764537"></trkpt>
  <trkpt lat="-3.14175909" lon="129.47753113"></trkpt>
  <trkpt lat="-3.14164485" lon="129.47707423"></trkpt>
  <trkpt lat="-3.14187334" lon="129.47684574"></trkpt>
  <trkpt lat="-3.14210175" lon="129.47673149"></trkpt>
  <trkpt lat="-3.14221599" lon="129.47650309"></trkpt>
  <trkpt lat="-3.14244440" lon="129.47650309"></trkpt>
  <trkpt lat="-3.14255864" lon="129.47627460"></trkpt>
  <trkpt lat="-3.14278705" lon="129.47604611"></trkpt>
  <trkpt lat="-3.14301546" lon="129.47570345"></trkpt>
  <trkpt lat="-3.14312970" lon="129.47558921"></trkpt>
  <trkpt lat="-3.14312970" lon="129.47547496"></trkpt>
  <trkpt lat="-3.14335811" lon="129.47467541"></trkpt>
  <trkpt lat="-3.14335811" lon="129.47490382"></trkpt>
  <trkpt lat="-3.14347235" lon="129.47456117"></trkpt>
  <trkpt lat="-3.14358660" lon="129.47444692"></trkpt>
  <trkpt lat="-3.14381501" lon="129.47444692"></trkpt>
  <trkpt lat="-3.14404341" lon="129.47433268"></trkpt>
  <trkpt lat="-3.14415766" lon="129.47421843"></trkpt>
  <trkpt lat="-3.14427190" lon="129.47410427"></trkpt>
  <trkpt lat="-3.14438615" lon="129.47387578"></trkpt>
  <trkpt lat="-3.14450031" lon="129.47399002"></trkpt>
  <trkpt lat="-3.14461456" lon="129.47387578"></trkpt>
  <trkpt lat="-3.14472872" lon="129.47399002"></trkpt>
  <trkpt lat="-3.14461456" lon="129.47376153"></trkpt>
  <trkpt lat="-3.14472872" lon="129.47364729"></trkpt>
  <trkpt lat="-3.14484296" lon="129.47353304"></trkpt>
  <trkpt lat="-3.14484296" lon="129.47387578"></trkpt>
  <trkpt lat="-3.14472872" lon="129.47387578"></trkpt>
  <trkpt lat="-3.14472872" lon="129.47364729"></trkpt>
  <trkpt lat="-3.14484296" lon="129.47364729"></trkpt>
  <trkpt lat="-3.14495721" lon="129.47341888"></trkpt>
  <trkpt lat="-3.14484296" lon="129.47353304"></trkpt>
  <trkpt lat="-3.14472872" lon="129.47364729"></trkpt>
  <trkpt lat="-3.14495721" lon="129.47399002"></trkpt>
  <trkpt lat="-3.14484296" lon="129.47364729"></trkpt>
  <trkpt lat="-3.14495721" lon="129.47341888"></trkpt>
  <trkpt lat="-3.14495721" lon="129.47364729"></trkpt>
  <trkpt lat="-3.14495721" lon="129.47353304"></trkpt>
  <trkpt lat="-3.14495721" lon="129.47364729"></trkpt>
  <trkpt lat="-3.14495721" lon="129.47353304"></trkpt>
  <trkpt lat="-3.14484296" lon="129.47364729"></trkpt>
  <trkpt lat="-3.14484296" lon="129.47353304"></trkpt>
  <trkpt lat="-3.14507145" lon="129.47364729"></trkpt>
  <trkpt lat="-3.14529986" lon="129.47387578"></trkpt>
  <trkpt lat="-3.14564251" lon="129.47341888"></trkpt>
  <trkpt lat="-3.14529986" lon="129.47319039"></trkpt>
  <trkpt lat="-3.14552827" lon="129.47319039"></trkpt>
  <trkpt lat="-3.14587092" lon="129.47284774"></trkpt>
  <trkpt lat="-3.14598517" lon="129.47307615"></trkpt>
  <trkpt lat="-3.14609941" lon="129.47330464"></trkpt>
  <trkpt lat="-3.14609941" lon="129.47296190"></trkpt>
  <trkpt lat="-3.14587092" lon="129.47319039"></trkpt>
  <trkpt lat="-3.14621357" lon="129.47261925"></trkpt>
  <trkpt lat="-3.14632782" lon="129.47273349"></trkpt>
  <trkpt lat="-3.14655622" lon="129.47273349"></trkpt>
  <trkpt lat="-3.14655622" lon="129.47250500"></trkpt>
  <trkpt lat="-3.14712737" lon="129.47284774"></trkpt>
  <trkpt lat="-3.14678472" lon="129.47273349"></trkpt>
  <trkpt lat="-3.14689888" lon="129.47307615"></trkpt>
  <trkpt lat="-3.14747002" lon="129.47296190"></trkpt>
  <trkpt lat="-3.14781267" lon="129.47284774"></trkpt>
  <trkpt lat="-3.14781267" lon="129.47319039"></trkpt>
  <trkpt lat="-3.14781267" lon="129.47341888"></trkpt>
  <trkpt lat="-3.14758418" lon="129.47330464"></trkpt>
  <trkpt lat="-3.14781267" lon="129.47353304"></trkpt>
  <trkpt lat="-3.14792692" lon="129.47353304"></trkpt>
  <trkpt lat="-3.14792692" lon="129.47376153"></trkpt>
  <trkpt lat="-3.14804108" lon="129.47387578"></trkpt>
  <trkpt lat="-3.14826957" lon="129.47410427"></trkpt>
  <trkpt lat="-3.14838373" lon="129.47399002"></trkpt>
  <trkpt lat="-3.14849798" lon="129.47421843"></trkpt>
  <trkpt lat="-3.14861222" lon="129.47421843"></trkpt>
  <trkpt lat="-3.14884063" lon="129.47433268"></trkpt>
  <trkpt lat="-3.14884063" lon="129.47444692"></trkpt>
  <trkpt lat="-3.14872638" lon="129.47467541"></trkpt>
  <trkpt lat="-3.14884063" lon="129.47478957"></trkpt>
  <trkpt lat="-3.14906904" lon="129.47490382"></trkpt>
  <trkpt lat="-3.14918328" lon="129.47501807"></trkpt>
  <trkpt lat="-3.14929753" lon="129.47524656"></trkpt>
  <trkpt lat="-3.14941169" lon="129.47536080"></trkpt>
  <trkpt lat="-3.14952593" lon="129.47558921"></trkpt>
  <trkpt lat="-3.14964018" lon="129.47570345"></trkpt>
  <trkpt lat="-3.14975434" lon="129.47558921"></trkpt>
  <trkpt lat="-3.14986859" lon="129.47581770"></trkpt>
  <trkpt lat="-3.14986859" lon="129.47593194"></trkpt>
  <trkpt lat="-3.14986859" lon="129.47604611"></trkpt>
  <trkpt lat="-3.15009699" lon="129.47616035"></trkpt>
  <trkpt lat="-3.15021124" lon="129.47638884"></trkpt>
  <trkpt lat="-3.15032548" lon="129.47661725"></trkpt>
  <trkpt lat="-3.15043964" lon="129.47673149"></trkpt>
  <trkpt lat="-3.15055389" lon="129.47684574"></trkpt>
  <trkpt lat="-3.15066813" lon="129.47695998"></trkpt>
  <trkpt lat="-3.15066813" lon="129.47718839"></trkpt>
  <trkpt lat="-3.15078238" lon="129.47718839"></trkpt>
  <trkpt lat="-3.15101079" lon="129.47741688"></trkpt>
  <trkpt lat="-3.15112495" lon="129.47753113"></trkpt>
  <trkpt lat="-3.15123919" lon="129.47753113"></trkpt>
  <trkpt lat="-3.15135344" lon="129.47753113"></trkpt>
  <trkpt lat="-3.15158185" lon="129.47753113"></trkpt>
  <trkpt lat="-3.15169609" lon="129.47764537"></trkpt>
  <trkpt lat="-3.15192450" lon="129.47764537"></trkpt>
  <trkpt lat="-3.15192450" lon="129.47787378"></trkpt>
  <trkpt lat="-3.15181034" lon="129.47775962"></trkpt>
  <trkpt lat="-3.15226715" lon="129.47798803"></trkpt>
  <trkpt lat="-3.15238140" lon="129.47787378"></trkpt>
  <trkpt lat="-3.15260980" lon="129.47810227"></trkpt>
  <trkpt lat="-3.15249564" lon="129.47810227"></trkpt>
  <trkpt lat="-3.15260980" lon="129.47810227"></trkpt>
  <trkpt lat="-3.15272405" lon="129.47821652"></trkpt>
  <trkpt lat="-3.15283829" lon="129.47821652"></trkpt>
  <trkpt lat="-3.15306670" lon="129.47821652"></trkpt>
  <trkpt lat="-3.15329511" lon="129.47833076"></trkpt>
  <trkpt lat="-3.15318095" lon="129.47821652"></trkpt>
  <trkpt lat="-3.15329511" lon="129.47833076"></trkpt>
  <trkpt lat="-3.15340935" lon="129.47821652"></trkpt>
  <trkpt lat="-3.15375200" lon="129.47821652"></trkpt>
  <trkpt lat="-3.15398041" lon="129.47844492"></trkpt>
  <trkpt lat="-3.15375200" lon="129.47855917"></trkpt>
  <trkpt lat="-3.15363776" lon="129.47855917"></trkpt>
  <trkpt lat="-3.15375200" lon="129.47855917"></trkpt>
  <trkpt lat="-3.15375200" lon="129.47844492"></trkpt>
  <trkpt lat="-3.15363776" lon="129.47867341"></trkpt>
  <trkpt lat="-3.15340935" lon="129.47867341"></trkpt>
  <trkpt lat="-3.15398041" lon="129.47844492"></trkpt>
  <trkpt lat="-3.15386625" lon="129.47844492"></trkpt>
  <trkpt lat="-3.15398041" lon="129.47878766"></trkpt>
  <trkpt lat="-3.15420890" lon="129.47901615"></trkpt>
  <trkpt lat="-3.15455155" lon="129.47913031"></trkpt>
  <trkpt lat="-3.15477996" lon="129.47924456"></trkpt>
  <trkpt lat="-3.15489421" lon="129.47947305"></trkpt>
  <trkpt lat="-3.15512261" lon="129.47970145"></trkpt>
  <trkpt lat="-3.15546527" lon="129.47981570"></trkpt>
  <trkpt lat="-3.15557951" lon="129.48015844"></trkpt>
  <trkpt lat="-3.15569376" lon="129.48027260"></trkpt>
  <trkpt lat="-3.15557951" lon="129.48015844"></trkpt>
  <trkpt lat="-3.15557951" lon="129.48027260"></trkpt>
  <trkpt lat="-3.15580792" lon="129.48038684"></trkpt>
  <trkpt lat="-3.15592216" lon="129.48027260"></trkpt>
  <trkpt lat="-3.15569376" lon="129.48038684"></trkpt>
  <trkpt lat="-3.15580792" lon="129.48027260"></trkpt>
  <trkpt lat="-3.15580792" lon="129.48050109"></trkpt>
  <trkpt lat="-3.15592216" lon="129.48027260"></trkpt>
  <trkpt lat="-3.15580792" lon="129.48050109"></trkpt>
  <trkpt lat="-3.15569376" lon="129.48072958"></trkpt>
  <trkpt lat="-3.15603641" lon="129.48061533"></trkpt>
  <trkpt lat="-3.15580792" lon="129.48095798"></trkpt>
  <trkpt lat="-3.15592216" lon="129.48095798"></trkpt>
  <trkpt lat="-3.15603641" lon="129.48107223"></trkpt>
  <trkpt lat="-3.15615057" lon="129.48130072"></trkpt>
  <trkpt lat="-3.15626482" lon="129.48141497"></trkpt>
  <trkpt lat="-3.15649322" lon="129.48130072"></trkpt>
  <trkpt lat="-3.15672171" lon="129.48130072"></trkpt>
  <trkpt lat="-3.15683587" lon="129.48152913"></trkpt>
  <trkpt lat="-3.15695012" lon="129.48141497"></trkpt>
  <trkpt lat="-3.15706437" lon="129.48152913"></trkpt>
  <trkpt lat="-3.15729277" lon="129.48164337"></trkpt>
  <trkpt lat="-3.15729277" lon="129.48175762"></trkpt>
  <trkpt lat="-3.15752118" lon="129.48187186"></trkpt>
  <trkpt lat="-3.15786391" lon="129.48198611"></trkpt>
  <trkpt lat="-3.15797808" lon="129.48210027"></trkpt>
  <trkpt lat="-3.15820657" lon="129.48187186"></trkpt>
  <trkpt lat="-3.15843497" lon="129.48187186"></trkpt>
  <trkpt lat="-3.15854922" lon="129.48187186"></trkpt>
  <trkpt lat="-3.15866338" lon="129.48175762"></trkpt>
  <trkpt lat="-3.15889187" lon="129.48164337"></trkpt>
  <trkpt lat="-3.15912028" lon="129.48141497"></trkpt>
  <trkpt lat="-3.15923452" lon="129.48141497"></trkpt>
  <trkpt lat="-3.15934869" lon="129.48152913"></trkpt>
  <trkpt lat="-3.15957718" lon="129.48152913"></trkpt>
  <trkpt lat="-3.15991983" lon="129.48175762"></trkpt>
  <trkpt lat="-3.16003399" lon="129.48187186"></trkpt>
  <trkpt lat="-3.16014824" lon="129.48175762"></trkpt>
  <trkpt lat="-3.16037664" lon="129.48187186"></trkpt>
  <trkpt lat="-3.16049089" lon="129.48198611"></trkpt>
  <trkpt lat="-3.16060513" lon="129.48221452"></trkpt>
  <trkpt lat="-3.16071938" lon="129.48255725"></trkpt>
  <trkpt lat="-3.16083354" lon="129.48244301"></trkpt>
  <trkpt lat="-3.16117619" lon="129.48244301"></trkpt>
  <trkpt lat="-3.16129044" lon="129.48255725"></trkpt>
  <trkpt lat="-3.16151884" lon="129.48244301"></trkpt>
  <trkpt lat="-3.16186150" lon="129.48232876"></trkpt>
  <trkpt lat="-3.16243264" lon="129.48221452"></trkpt>
  <trkpt lat="-3.16266105" lon="129.48221452"></trkpt>
  <trkpt lat="-3.16277529" lon="129.48232876"></trkpt>
  <trkpt lat="-3.16300370" lon="129.48221452"></trkpt>
  <trkpt lat="-3.16334635" lon="129.48210027"></trkpt>
  <trkpt lat="-3.16357484" lon="129.48210027"></trkpt>
  <trkpt lat="-3.16368900" lon="129.48232876"></trkpt>
  <trkpt lat="-3.16391741" lon="129.48221452"></trkpt>
  <trkpt lat="-3.16426015" lon="129.48244301"></trkpt>
  <trkpt lat="-3.16437431" lon="129.48221452"></trkpt>
  <trkpt lat="-3.16448855" lon="129.48232876"></trkpt>
  <trkpt lat="-3.16471696" lon="129.48232876"></trkpt>
  <trkpt lat="-3.16494545" lon="129.48221452"></trkpt>
  <trkpt lat="-3.16517386" lon="129.48175762"></trkpt>
  <trkpt lat="-3.16540226" lon="129.48141497"></trkpt>
  <trkpt lat="-3.16563075" lon="129.48141497"></trkpt>
  <trkpt lat="-3.16597341" lon="129.48141497"></trkpt>
  <trkpt lat="-3.16620181" lon="129.48152913"></trkpt>
  <trkpt lat="-3.16654447" lon="129.48164337"></trkpt>
  <trkpt lat="-3.16665871" lon="129.48175762"></trkpt>
  <trkpt lat="-3.16665871" lon="129.48210027"></trkpt>
  <trkpt lat="-3.16688712" lon="129.48198611"></trkpt>
  <trkpt lat="-3.16688712" lon="129.48221452"></trkpt>
  <trkpt lat="-3.16700136" lon="129.48244301"></trkpt>
  <trkpt lat="-3.16700136" lon="129.48232876"></trkpt>
  <trkpt lat="-3.16711561" lon="129.48221452"></trkpt>
  <trkpt lat="-3.16734402" lon="129.48221452"></trkpt>
  <trkpt lat="-3.16722977" lon="129.48232876"></trkpt>
  <trkpt lat="-3.16734402" lon="129.48232876"></trkpt>
  <trkpt lat="-3.16711561" lon="129.48232876"></trkpt>
  <trkpt lat="-3.16722977" lon="129.48221452"></trkpt>
  <trkpt lat="-3.16734402" lon="129.48210027"></trkpt>
  <trkpt lat="-3.16791507" lon="129.48152913"></trkpt>
  <trkpt lat="-3.16791507" lon="129.48130072"></trkpt>
  <trkpt lat="-3.16802932" lon="129.48141497"></trkpt>
  <trkpt lat="-3.16837197" lon="129.48107223"></trkpt>
  <trkpt lat="-3.16837197" lon="129.48118648"></trkpt>
  <trkpt lat="-3.16837197" lon="129.48095798"></trkpt>
  <trkpt lat="-3.16848622" lon="129.48072958"></trkpt>
  <trkpt lat="-3.16894303" lon="129.48072958"></trkpt>
  <trkpt lat="-3.16928568" lon="129.48072958"></trkpt>
  <trkpt lat="-3.16951417" lon="129.48061533"></trkpt>
  <trkpt lat="-3.16997107" lon="129.48084374"></trkpt>
  <trkpt lat="-3.17019948" lon="129.48130072"></trkpt>
  <trkpt lat="-3.17042788" lon="129.48118648"></trkpt>
  <trkpt lat="-3.17054213" lon="129.48141497"></trkpt>
  <trkpt lat="-3.17077054" lon="129.48107223"></trkpt>
  <trkpt lat="-3.17122743" lon="129.48107223"></trkpt>
  <trkpt lat="-3.17145584" lon="129.48107223"></trkpt>
  <trkpt lat="-3.17202698" lon="129.48118648"></trkpt>
  <trkpt lat="-3.17225539" lon="129.48141497"></trkpt>
  <trkpt lat="-3.17191274" lon="129.48107223"></trkpt>
  <trkpt lat="-3.17214115" lon="129.48107223"></trkpt>
  <trkpt lat="-3.17202698" lon="129.48107223"></trkpt>
  <trkpt lat="-3.17214115" lon="129.48118648"></trkpt>
  <trkpt lat="-3.17214115" lon="129.48130072"></trkpt>
  <trkpt lat="-3.17225539" lon="129.48130072"></trkpt>
  <trkpt lat="-3.17236964" lon="129.48141497"></trkpt>
  <trkpt lat="-3.17225539" lon="129.48141497"></trkpt>
  <trkpt lat="-3.17225539" lon="129.48118648"></trkpt>
  <trkpt lat="-3.17248380" lon="129.48141497"></trkpt>
  <trkpt lat="-3.17271229" lon="129.48084374"></trkpt>
  <trkpt lat="-3.17294070" lon="129.48061533"></trkpt>
  <trkpt lat="-3.17316910" lon="129.48050109"></trkpt>
  <trkpt lat="-3.17339759" lon="129.48015844"></trkpt>
  <trkpt lat="-3.17374025" lon="129.48004419"></trkpt>
  <trkpt lat="-3.17408290" lon="129.47981570"></trkpt>
  <trkpt lat="-3.17419714" lon="129.47970145"></trkpt>
  <trkpt lat="-3.17442555" lon="129.47958729"></trkpt>
  <trkpt lat="-3.17453980" lon="129.47947305"></trkpt>
  <trkpt lat="-3.17465396" lon="129.47913031"></trkpt>
  <trkpt lat="-3.17499661" lon="129.47890190"></trkpt>
  <trkpt lat="-3.17499661" lon="129.47867341"></trkpt>
  <trkpt lat="-3.17511085" lon="129.47855917"></trkpt>
  <trkpt lat="-3.17522510" lon="129.47833076"></trkpt>
  <trkpt lat="-3.17533926" lon="129.47821652"></trkpt>
  <trkpt lat="-3.17533926" lon="129.47810227"></trkpt>
  <trkpt lat="-3.17556775" lon="129.47798803"></trkpt>
  <trkpt lat="-3.17556775" lon="129.47787378"></trkpt>
  <trkpt lat="-3.17568191" lon="129.47787378"></trkpt>
  <trkpt lat="-3.17579616" lon="129.47775962"></trkpt>
  <trkpt lat="-3.17591040" lon="129.47775962"></trkpt>
  <trkpt lat="-3.17613881" lon="129.47753113"></trkpt>
  <trkpt lat="-3.17625306" lon="129.47741688"></trkpt>
  <trkpt lat="-3.17636730" lon="129.47730264"></trkpt>
  <trkpt lat="-3.17670987" lon="129.47718839"></trkpt>
  <trkpt lat="-3.17693836" lon="129.47718839"></trkpt>
  <trkpt lat="-3.17693836" lon="129.47695998"></trkpt>
  <trkpt lat="-3.17705261" lon="129.47673149"></trkpt>
  <trkpt lat="-3.17716677" lon="129.47673149"></trkpt>
  <trkpt lat="-3.17705261" lon="129.47650309"></trkpt>
  <trkpt lat="-3.17728101" lon="129.47638884"></trkpt>
  <trkpt lat="-3.17750942" lon="129.47627460"></trkpt>
  <trkpt lat="-3.17762366" lon="129.47627460"></trkpt>
  <trkpt lat="-3.17773791" lon="129.47627460"></trkpt>
  <trkpt lat="-3.17785207" lon="129.47604611"></trkpt>
  <trkpt lat="-3.17785207" lon="129.47616035"></trkpt>
  <trkpt lat="-3.17785207" lon="129.47604611"></trkpt>
  <trkpt lat="-3.17796632" lon="129.47593194"></trkpt>
  <trkpt lat="-3.17785207" lon="129.47581770"></trkpt>
  <trkpt lat="-3.17808056" lon="129.47558921"></trkpt>
  <trkpt lat="-3.17808056" lon="129.47547496"></trkpt>
  <trkpt lat="-3.17819472" lon="129.47558921"></trkpt>
  <trkpt lat="-3.17819472" lon="129.47547496"></trkpt>
  <trkpt lat="-3.17819472" lon="129.47536080"></trkpt>
  <trkpt lat="-3.17830897" lon="129.47524656"></trkpt>
  <trkpt lat="-3.17819472" lon="129.47513231"></trkpt>
  <trkpt lat="-3.17830897" lon="129.47490382"></trkpt>
  <trkpt lat="-3.17842321" lon="129.47501807"></trkpt>
  <trkpt lat="-3.17853738" lon="129.47490382"></trkpt>
  <trkpt lat="-3.17853738" lon="129.47478957"></trkpt>
  <trkpt lat="-3.17853738" lon="129.47467541"></trkpt>
  <trkpt lat="-3.17865162" lon="129.47456117"></trkpt>
  <trkpt lat="-3.17876587" lon="129.47444692"></trkpt>
  <trkpt lat="-3.17876587" lon="129.47433268"></trkpt>
  <trkpt lat="-3.17888003" lon="129.47433268"></trkpt>
  <trkpt lat="-3.17910852" lon="129.47444692"></trkpt>
  <trkpt lat="-3.17910852" lon="129.47433268"></trkpt>
  <trkpt lat="-3.17922268" lon="129.47444692"></trkpt>
  <trkpt lat="-3.17945117" lon="129.47444692"></trkpt>
  <trkpt lat="-3.17945117" lon="129.47456117"></trkpt>
  <trkpt lat="-3.17956533" lon="129.47467541"></trkpt>
  <trkpt lat="-3.17967958" lon="129.47478957"></trkpt>
 </trkseg>
</trk>
 <extensions>
 </extensions>
</gpx>
