<?xml version="1.0" encoding="UTF-8" standalone="yes"?>
<gpx
 version="1.1"
 creator="Global Mapper - http://www.globalmapper.com"
 xmlns:globalmapper="http://www.bluemarblegeo.com/globalmapper"
 xmlns:xsi="http://www.w3.org/2001/XMLSchema-instance"
 xmlns="http://www.topografix.com/GPX/1/1"
 xsi:schemaLocation="http://www.topografix.com/GPX/1/1 http://www.topografix.com/GPX/1/1/gpx.xsd">
 <metadata>
 </metadata>
<wpt lat="-7.79257500" lon="111.75497521">
 <ele>1945.099</ele>
 <name>2 Punggung</name>
</wpt>
<wpt lat="-7.76446863" lon="111.74469505">
 <ele>1083.283</ele>
 <name>Air1</name>
</wpt>
<wpt lat="-7.78808825" lon="111.73715981">
 <ele>1624.021</ele>
 <name>Alas</name>
</wpt>
<wpt lat="-7.78919935" lon="111.73977613">
 <name>Alas a</name>
</wpt>
<wpt lat="-7.78086581" lon="111.75904135">
 <ele>1339.473</ele>
 <name>antena</name>
</wpt>
<wpt lat="-7.80376911" lon="111.75647020">
 <name>Bay1</name>
</wpt>
<wpt lat="-7.73338577" lon="111.76826756">
 <ele>672.803</ele>
 <name>Belok</name>
</wpt>
<wpt lat="-7.81063054" lon="111.75829260">
 <ele>2475.742</ele>
 <name>Bts Nga-Po</name>
</wpt>
<wpt lat="-7.79956341" lon="111.75108433">
 <name>Bts1</name>
</wpt>
<wpt lat="-7.79934456" lon="111.75101702">
 <ele>2374.083</ele>
 <name>Camp7</name>
</wpt>
<wpt lat="-7.80132294" lon="111.75333738">
 <name>Cbg1</name>
</wpt>
<wpt lat="-7.76400100" lon="111.76316584">
 <ele>927.551</ele>
 <name>gerbang</name>
</wpt>
<wpt lat="-7.76400100" lon="111.76316584">
 <ele>927.551</ele>
 <name>gerbang1</name>
</wpt>
<wpt lat="-7.82432556" lon="111.75149202">
 <name>Gunung Liman</name>
</wpt>
<wpt lat="-7.82034206" lon="111.75685946">
 <ele>2573.315</ele>
 <name>Gunung Wilis</name>
</wpt>
<wpt lat="-7.78159051" lon="111.75851170">
 <ele>1381.77</ele>
 <name>Jurang Watu</name>
</wpt>
<wpt lat="-7.77622760" lon="111.73963096">
 <ele>1228.681</ele>
 <name>Kali2</name>
</wpt>
<wpt lat="-7.71954775" lon="111.68872833">
 <name>Kantor Kecamatan Kare</name>
</wpt>
<wpt lat="-7.71527767" lon="111.69078827">
 <name>Kantor Pos Kare</name>
</wpt>
<wpt lat="-7.75866752" lon="111.69960679">
 <ele>889.098</ele>
 <name>Kempo</name>
</wpt>
<wpt lat="-7.81224120" lon="111.75978675">
 <ele>2537.987</ele>
 <name>Kuburan</name>
</wpt>
<wpt lat="-7.79346943" lon="111.74535513">
 <name>Lapang</name>
</wpt>
<wpt lat="-7.75972808" lon="111.74591169">
 <ele>1055.646</ele>
 <name>Mawar</name>
</wpt>
<wpt lat="-7.76177829" lon="111.74583776">
 <ele>1070.786</ele>
 <name>p3an 01</name>
</wpt>
<wpt lat="-7.76558409" lon="111.74477041">
 <ele>1168.119</ele>
 <name>p3an 02</name>
</wpt>
<wpt lat="-7.76704053" lon="111.74373181">
 <ele>1197.198</ele>
 <name>p3an 03</name>
</wpt>
<wpt lat="-7.77019557" lon="111.74187681">
 <ele>1224.596</ele>
 <name>p3an 04</name>
</wpt>
<wpt lat="-7.78282315" lon="111.73457374">
 <ele>1476.7</ele>
 <name>p3an alas</name>
</wpt>
<wpt lat="-7.77872239" lon="111.73722921">
 <ele>1413.253</ele>
 <name>p3an atas</name>
</wpt>
<wpt lat="-7.75088291" lon="111.70105342">
 <ele>873.717</ele>
 <name>p3an grenjeng</name>
</wpt>
<wpt lat="-7.78579789" lon="111.73581384">
 <ele>1599.507</ele>
 <name>p3an jalur</name>
</wpt>
<wpt lat="-7.77872105" lon="111.72063413">
 <ele>1307.028</ele>
 <name>p3an kali</name>
</wpt>
<wpt lat="-7.77015961" lon="111.74242423">
 <ele>1233.007</ele>
 <name>p3an parkir</name>
</wpt>
<wpt lat="-7.80004411" lon="111.75135951">
 <ele>2347.888</ele>
 <name>p3an sedudo</name>
</wpt>
<wpt lat="-7.77334440" lon="111.74069823">
 <ele>1223.875</ele>
 <name>pancuran</name>
</wpt>
<wpt lat="-7.78204640" lon="111.73124579">
 <ele>1458.435</ele>
 <name>Patok</name>
</wpt>
<wpt lat="-7.78370619" lon="111.73275948">
 <name>Patok1</name>
</wpt>
<wpt lat="-7.78250422" lon="111.75812714">
 <ele>1414.695</ele>
 <name>Pipa</name>
</wpt>
<wpt lat="-7.73149967" lon="111.76902294">
 <name>Polsek Sawahan</name>
</wpt>
<wpt lat="-7.81376839" lon="111.76018238">
 <name>Pulosari to Pu</name>
</wpt>
<wpt lat="-7.81376839" lon="111.76018238">
 <name>Pulosari to Pu1</name>
</wpt>
<wpt lat="-7.79890459" lon="111.75062517">
 <ele>2354.376</ele>
 <name>Puncak 11</name>
</wpt>
<wpt lat="-7.78872963" lon="111.75643961">
 <ele>1749.952</ele>
 <name>Punggung Alas</name>
</wpt>
<wpt lat="-7.75696901" lon="111.74673404">
 <ele>1029.69</ele>
 <name>Rumah Parkir</name>
</wpt>
<wpt lat="-7.76226997" lon="111.76284313">
 <name>Sd Negeri Ngliman 1</name>
</wpt>
<wpt lat="-7.75317192" lon="111.75971031">
 <name>Sd Negeri Ngliman 3</name>
</wpt>
<wpt lat="-7.78098106" lon="111.75784349">
 <name>Sedudo Waterfall</name>
</wpt>
<wpt lat="-7.77338505" lon="111.76280022">
 <name>Sedudo Waterfall Parking</name>
</wpt>
<wpt lat="-7.78098106" lon="111.75784349">
 <name>Sedudo Waterfall1</name>
</wpt>
<wpt lat="-7.77922573" lon="111.71686890">
 <ele>1234.93</ele>
 <name>Seklayar</name>
</wpt>
<wpt lat="-7.73465395" lon="111.76672697">
 <name>Stasiun Geofisika Sawahan Nganjuk</name>
</wpt>
<wpt lat="-7.74699647" lon="111.75283539">
 <ele>854.01</ele>
 <name>Wates</name>
</wpt>
<wpt lat="-7.79601241" lon="111.74812694">
 <ele>2206.815</ele>
 <name>Watu Garuda</name>
</wpt>
<wpt lat="-7.79365182" lon="111.74566241">
 <ele>2063.58</ele>
 <name>Watu Tulis</name>
</wpt>
<wpt lat="-7.79630486" lon="111.75317134">
 <ele>2140.725</ele>
 <name>Watu1</name>
</wpt>
<wpt lat="-7.79370546" lon="111.74561262">
 <name>Wt Ombo</name>
</wpt>
<trk>
 <name>Track 059</name>
 <trkseg>
  <trkpt lat="-7.71978186" lon="111.68928539">
   <ele>646.143</ele>
  </trkpt>
  <trkpt lat="-7.72022593" lon="111.68932261">
   <ele>649.989</ele>
  </trkpt>
  <trkpt lat="-7.72041016" lon="111.68936041">
   <ele>650.469</ele>
  </trkpt>
  <trkpt lat="-7.72078031" lon="111.68944356">
   <ele>653.834</ele>
  </trkpt>
  <trkpt lat="-7.72151590" lon="111.68967943">
   <ele>651.43</ele>
  </trkpt>
  <trkpt lat="-7.72206022" lon="111.68983826">
   <ele>649.989</ele>
  </trkpt>
  <trkpt lat="-7.72255979" lon="111.68997439">
   <ele>650.95</ele>
  </trkpt>
  <trkpt lat="-7.72332765" lon="111.69003239">
   <ele>650.95</ele>
  </trkpt>
  <trkpt lat="-7.72400038" lon="111.69027152">
   <ele>650.95</ele>
  </trkpt>
  <trkpt lat="-7.72441017" lon="111.69044461">
   <ele>651.43</ele>
  </trkpt>
  <trkpt lat="-7.72471176" lon="111.69051963">
   <ele>652.873</ele>
  </trkpt>
  <trkpt lat="-7.72511777" lon="111.69065651">
   <ele>656.237</ele>
  </trkpt>
  <trkpt lat="-7.72602260" lon="111.69104165">
   <ele>659.602</ele>
  </trkpt>
  <trkpt lat="-7.72621522" lon="111.69111701">
   <ele>660.563</ele>
  </trkpt>
  <trkpt lat="-7.72735524" lon="111.69159519">
   <ele>662.486</ele>
  </trkpt>
  <trkpt lat="-7.72845461" lon="111.69210917">
   <ele>664.408</ele>
  </trkpt>
  <trkpt lat="-7.72854136" lon="111.69216223">
   <ele>664.408</ele>
  </trkpt>
  <trkpt lat="-7.72881528" lon="111.69232182">
   <ele>665.37</ele>
  </trkpt>
  <trkpt lat="-7.72932407" lon="111.69226700">
   <ele>665.37</ele>
  </trkpt>
  <trkpt lat="-7.72955071" lon="111.69192402">
   <ele>667.773</ele>
  </trkpt>
  <trkpt lat="-7.72957074" lon="111.69175236">
   <ele>670.176</ele>
  </trkpt>
  <trkpt lat="-7.72970703" lon="111.69163140">
   <ele>673.541</ele>
  </trkpt>
  <trkpt lat="-7.72975607" lon="111.69163945">
   <ele>674.983</ele>
  </trkpt>
  <trkpt lat="-7.73006343" lon="111.69163845">
   <ele>678.828</ele>
  </trkpt>
  <trkpt lat="-7.73048739" lon="111.69157189">
   <ele>683.154</ele>
  </trkpt>
  <trkpt lat="-7.73073834" lon="111.69154096">
   <ele>687.48</ele>
  </trkpt>
  <trkpt lat="-7.73108318" lon="111.69149017">
   <ele>689.883</ele>
  </trkpt>
  <trkpt lat="-7.73167024" lon="111.69134759">
   <ele>686.519</ele>
  </trkpt>
  <trkpt lat="-7.73200024" lon="111.69127082">
   <ele>682.193</ele>
  </trkpt>
  <trkpt lat="-7.73245018" lon="111.69116906">
   <ele>677.867</ele>
  </trkpt>
  <trkpt lat="-7.73329549" lon="111.69099723">
   <ele>680.27</ele>
  </trkpt>
  <trkpt lat="-7.73359842" lon="111.69083806">
   <ele>685.557</ele>
  </trkpt>
  <trkpt lat="-7.73362893" lon="111.69077989">
   <ele>687.48</ele>
  </trkpt>
  <trkpt lat="-7.73370990" lon="111.69049582">
   <ele>692.287</ele>
  </trkpt>
  <trkpt lat="-7.73373940" lon="111.69035627">
   <ele>693.729</ele>
  </trkpt>
  <trkpt lat="-7.73383554" lon="111.69013138">
   <ele>694.69</ele>
  </trkpt>
  <trkpt lat="-7.73419747" lon="111.68973525">
   <ele>694.209</ele>
  </trkpt>
  <trkpt lat="-7.73413645" lon="111.68940584">
   <ele>695.651</ele>
  </trkpt>
  <trkpt lat="-7.73406227" lon="111.68938279">
   <ele>695.651</ele>
  </trkpt>
  <trkpt lat="-7.73373060" lon="111.68931121">
   <ele>697.574</ele>
  </trkpt>
  <trkpt lat="-7.73349029" lon="111.68919789">
   <ele>699.496</ele>
  </trkpt>
  <trkpt lat="-7.73324386" lon="111.68885171">
   <ele>704.303</ele>
  </trkpt>
  <trkpt lat="-7.73327965" lon="111.68830781">
   <ele>707.187</ele>
  </trkpt>
  <trkpt lat="-7.73370738" lon="111.68804169">
   <ele>708.148</ele>
  </trkpt>
  <trkpt lat="-7.73389589" lon="111.68805619">
   <ele>707.668</ele>
  </trkpt>
  <trkpt lat="-7.73422111" lon="111.68813162">
   <ele>708.148</ele>
  </trkpt>
  <trkpt lat="-7.73435203" lon="111.68823506">
   <ele>709.59</ele>
  </trkpt>
  <trkpt lat="-7.73469611" lon="111.68851526">
   <ele>711.513</ele>
  </trkpt>
  <trkpt lat="-7.73499895" lon="111.68872590">
   <ele>710.071</ele>
  </trkpt>
  <trkpt lat="-7.73551033" lon="111.68908582">
   <ele>713.436</ele>
  </trkpt>
  <trkpt lat="-7.73575148" lon="111.68927668">
   <ele>717.281</ele>
  </trkpt>
  <trkpt lat="-7.73607125" lon="111.68948597">
   <ele>720.646</ele>
  </trkpt>
  <trkpt lat="-7.73649830" lon="111.68968563">
   <ele>724.01</ele>
  </trkpt>
  <trkpt lat="-7.73672244" lon="111.68985712">
   <ele>727.375</ele>
  </trkpt>
  <trkpt lat="-7.73679796" lon="111.68991580">
   <ele>727.375</ele>
  </trkpt>
  <trkpt lat="-7.73703047" lon="111.69006634">
   <ele>730.259</ele>
  </trkpt>
  <trkpt lat="-7.73726994" lon="111.69030715">
   <ele>732.181</ele>
  </trkpt>
  <trkpt lat="-7.73735234" lon="111.69045199">
   <ele>733.623</ele>
  </trkpt>
  <trkpt lat="-7.73755576" lon="111.69076581">
   <ele>736.027</ele>
  </trkpt>
  <trkpt lat="-7.73777378" lon="111.69140853">
   <ele>740.353</ele>
  </trkpt>
  <trkpt lat="-7.73786103" lon="111.69168421">
   <ele>743.236</ele>
  </trkpt>
  <trkpt lat="-7.73795617" lon="111.69194573">
   <ele>746.601</ele>
  </trkpt>
  <trkpt lat="-7.73806815" lon="111.69222317">
   <ele>750.447</ele>
  </trkpt>
  <trkpt lat="-7.73816320" lon="111.69248636">
   <ele>753.811</ele>
  </trkpt>
  <trkpt lat="-7.73819019" lon="111.69256699">
   <ele>754.292</ele>
  </trkpt>
  <trkpt lat="-7.73826521" lon="111.69271418">
   <ele>755.253</ele>
  </trkpt>
  <trkpt lat="-7.73849471" lon="111.69295055">
   <ele>757.176</ele>
  </trkpt>
  <trkpt lat="-7.73868514" lon="111.69313939">
   <ele>759.098</ele>
  </trkpt>
  <trkpt lat="-7.73875983" lon="111.69322363">
   <ele>760.54</ele>
  </trkpt>
  <trkpt lat="-7.73913039" lon="111.69360853">
   <ele>761.982</ele>
  </trkpt>
  <trkpt lat="-7.73926844" lon="111.69371012">
   <ele>761.982</ele>
  </trkpt>
  <trkpt lat="-7.73941940" lon="111.69376770">
   <ele>761.982</ele>
  </trkpt>
  <trkpt lat="-7.73953691" lon="111.69381732">
   <ele>761.982</ele>
  </trkpt>
  <trkpt lat="-7.73969323" lon="111.69393014">
   <ele>761.982</ele>
  </trkpt>
  <trkpt lat="-7.74003245" lon="111.69414002">
   <ele>762.463</ele>
  </trkpt>
  <trkpt lat="-7.74041265" lon="111.69437497">
   <ele>762.463</ele>
  </trkpt>
  <trkpt lat="-7.74105487" lon="111.69477856">
   <ele>762.943</ele>
  </trkpt>
  <trkpt lat="-7.74124171" lon="111.69516664">
   <ele>764.385</ele>
  </trkpt>
  <trkpt lat="-7.74121379" lon="111.69529941">
   <ele>764.866</ele>
  </trkpt>
  <trkpt lat="-7.74113006" lon="111.69545255">
   <ele>764.866</ele>
  </trkpt>
  <trkpt lat="-7.74110491" lon="111.69554374">
   <ele>764.866</ele>
  </trkpt>
  <trkpt lat="-7.74112050" lon="111.69589570">
   <ele>763.905</ele>
  </trkpt>
  <trkpt lat="-7.74142125" lon="111.69610592">
   <ele>764.385</ele>
  </trkpt>
  <trkpt lat="-7.74185183" lon="111.69628914">
   <ele>764.866</ele>
  </trkpt>
  <trkpt lat="-7.74193321" lon="111.69633256">
   <ele>765.347</ele>
  </trkpt>
  <trkpt lat="-7.74231384" lon="111.69648302">
   <ele>766.308</ele>
  </trkpt>
  <trkpt lat="-7.74254786" lon="111.69647874">
   <ele>766.308</ele>
  </trkpt>
  <trkpt lat="-7.74265079" lon="111.69648997">
   <ele>766.308</ele>
  </trkpt>
  <trkpt lat="-7.74307215" lon="111.69649953">
   <ele>767.27</ele>
  </trkpt>
  <trkpt lat="-7.74330257" lon="111.69653817">
   <ele>767.27</ele>
  </trkpt>
  <trkpt lat="-7.74341446" lon="111.69656818">
   <ele>767.27</ele>
  </trkpt>
  <trkpt lat="-7.74360381" lon="111.69664915">
   <ele>768.231</ele>
  </trkpt>
  <trkpt lat="-7.74380565" lon="111.69677915">
   <ele>768.711</ele>
  </trkpt>
  <trkpt lat="-7.74386021" lon="111.69682651">
   <ele>769.192</ele>
  </trkpt>
  <trkpt lat="-7.74425576" lon="111.69726262">
   <ele>768.711</ele>
  </trkpt>
  <trkpt lat="-7.74447016" lon="111.69748650">
   <ele>768.711</ele>
  </trkpt>
  <trkpt lat="-7.74457620" lon="111.69759295">
   <ele>768.231</ele>
  </trkpt>
  <trkpt lat="-7.74481600" lon="111.69814833">
   <ele>770.153</ele>
  </trkpt>
  <trkpt lat="-7.74486420" lon="111.69827289">
   <ele>771.115</ele>
  </trkpt>
  <trkpt lat="-7.74505220" lon="111.69854069">
   <ele>773.037</ele>
  </trkpt>
  <trkpt lat="-7.74517911" lon="111.69880657">
   <ele>773.518</ele>
  </trkpt>
  <trkpt lat="-7.74520073" lon="111.69904537">
   <ele>773.037</ele>
  </trkpt>
  <trkpt lat="-7.74524700" lon="111.69922097">
   <ele>773.518</ele>
  </trkpt>
  <trkpt lat="-7.74536510" lon="111.69937779">
   <ele>774.96</ele>
  </trkpt>
  <trkpt lat="-7.74556610" lon="111.69948022">
   <ele>775.921</ele>
  </trkpt>
  <trkpt lat="-7.74568009" lon="111.69948969">
   <ele>777.363</ele>
  </trkpt>
  <trkpt lat="-7.74594060" lon="111.69956597">
   <ele>780.247</ele>
  </trkpt>
  <trkpt lat="-7.74610849" lon="111.69960259">
   <ele>782.17</ele>
  </trkpt>
  <trkpt lat="-7.74630907" lon="111.69965280">
   <ele>784.093</ele>
  </trkpt>
  <trkpt lat="-7.74654703" lon="111.69963763">
   <ele>786.496</ele>
  </trkpt>
  <trkpt lat="-7.74683671" lon="111.69955599">
   <ele>789.38</ele>
  </trkpt>
  <trkpt lat="-7.74717526" lon="111.69961005">
   <ele>792.744</ele>
  </trkpt>
  <trkpt lat="-7.74749863" lon="111.69965599">
   <ele>796.109</ele>
  </trkpt>
  <trkpt lat="-7.74766677" lon="111.69972296">
   <ele>797.551</ele>
  </trkpt>
  <trkpt lat="-7.74782200" lon="111.69968306">
   <ele>798.993</ele>
  </trkpt>
  <trkpt lat="-7.74811679" lon="111.69968407">
   <ele>801.877</ele>
  </trkpt>
  <trkpt lat="-7.74841645" lon="111.69984383">
   <ele>802.838</ele>
  </trkpt>
  <trkpt lat="-7.74872180" lon="111.69996168">
   <ele>803.8</ele>
  </trkpt>
  <trkpt lat="-7.74894711" lon="111.70009922">
   <ele>805.722</ele>
  </trkpt>
  <trkpt lat="-7.74920636" lon="111.70001817">
   <ele>807.645</ele>
  </trkpt>
  <trkpt lat="-7.74955689" lon="111.70001792">
   <ele>811.009</ele>
  </trkpt>
  <trkpt lat="-7.74959452" lon="111.70004248">
   <ele>811.971</ele>
  </trkpt>
  <trkpt lat="-7.74982042" lon="111.70024415">
   <ele>814.855</ele>
  </trkpt>
  <trkpt lat="-7.75009995" lon="111.70041706">
   <ele>817.258</ele>
  </trkpt>
  <trkpt lat="-7.75025376" lon="111.70047423">
   <ele>818.7</ele>
  </trkpt>
  <trkpt lat="-7.75051268" lon="111.70059593">
   <ele>820.623</ele>
  </trkpt>
  <trkpt lat="-7.75070244" lon="111.70090456">
   <ele>822.545</ele>
  </trkpt>
  <trkpt lat="-7.75093789" lon="111.70098812">
   <ele>823.026</ele>
  </trkpt>
  <trkpt lat="-7.75109983" lon="111.70079760">
   <ele>822.545</ele>
  </trkpt>
  <trkpt lat="-7.75115884" lon="111.70073222">
   <ele>823.987</ele>
  </trkpt>
  <trkpt lat="-7.75132958" lon="111.70062301">
   <ele>824.948</ele>
  </trkpt>
  <trkpt lat="-7.75155698" lon="111.70061613">
   <ele>826.871</ele>
  </trkpt>
  <trkpt lat="-7.75191153" lon="111.70055109">
   <ele>828.794</ele>
  </trkpt>
  <trkpt lat="-7.75201153" lon="111.70038982">
   <ele>829.274</ele>
  </trkpt>
  <trkpt lat="-7.75212971" lon="111.70014624">
   <ele>828.794</ele>
  </trkpt>
  <trkpt lat="-7.75252383" lon="111.69981583">
   <ele>827.352</ele>
  </trkpt>
  <trkpt lat="-7.75256767" lon="111.69980083">
   <ele>826.871</ele>
  </trkpt>
  <trkpt lat="-7.75289113" lon="111.69985196">
   <ele>824.948</ele>
  </trkpt>
  <trkpt lat="-7.75324333" lon="111.70030835">
   <ele>823.507</ele>
  </trkpt>
  <trkpt lat="-7.75325549" lon="111.70034121">
   <ele>823.026</ele>
  </trkpt>
  <trkpt lat="-7.75326345" lon="111.70053349">
   <ele>822.545</ele>
  </trkpt>
  <trkpt lat="-7.75340494" lon="111.70066257">
   <ele>822.064</ele>
  </trkpt>
  <trkpt lat="-7.75352773" lon="111.70068763">
   <ele>821.584</ele>
  </trkpt>
  <trkpt lat="-7.75377315" lon="111.70094965">
   <ele>819.181</ele>
  </trkpt>
  <trkpt lat="-7.75410072" lon="111.70127629">
   <ele>818.219</ele>
  </trkpt>
  <trkpt lat="-7.75418915" lon="111.70136908">
   <ele>818.219</ele>
  </trkpt>
  <trkpt lat="-7.75433525" lon="111.70149079">
   <ele>818.7</ele>
  </trkpt>
  <trkpt lat="-7.75440448" lon="111.70156111">
   <ele>819.181</ele>
  </trkpt>
  <trkpt lat="-7.75445578" lon="111.70174970">
   <ele>819.661</ele>
  </trkpt>
  <trkpt lat="-7.75446139" lon="111.70186252">
   <ele>819.181</ele>
  </trkpt>
  <trkpt lat="-7.75462031" lon="111.70217534">
   <ele>818.7</ele>
  </trkpt>
  <trkpt lat="-7.75490211" lon="111.70238270">
   <ele>818.7</ele>
  </trkpt>
  <trkpt lat="-7.75530771" lon="111.70242738">
   <ele>818.219</ele>
  </trkpt>
  <trkpt lat="-7.75544048" lon="111.70241665">
   <ele>818.7</ele>
  </trkpt>
  <trkpt lat="-7.75560318" lon="111.70248999">
   <ele>816.777</ele>
  </trkpt>
  <trkpt lat="-7.75556705" lon="111.70269024">
   <ele>815.816</ele>
  </trkpt>
  <trkpt lat="-7.75545180" lon="111.70302887">
   <ele>815.335</ele>
  </trkpt>
  <trkpt lat="-7.75548222" lon="111.70322224">
   <ele>815.816</ele>
  </trkpt>
  <trkpt lat="-7.75578565" lon="111.70333589">
   <ele>814.855</ele>
  </trkpt>
  <trkpt lat="-7.75597768" lon="111.70336138">
   <ele>812.932</ele>
  </trkpt>
  <trkpt lat="-7.75603929" lon="111.70331477">
   <ele>813.413</ele>
  </trkpt>
  <trkpt lat="-7.75587944" lon="111.70322198">
   <ele>813.413</ele>
  </trkpt>
  <trkpt lat="-7.75583250" lon="111.70323397">
   <ele>813.893</ele>
  </trkpt>
  <trkpt lat="-7.75584491" lon="111.70311553">
   <ele>817.258</ele>
  </trkpt>
  <trkpt lat="-7.75592068" lon="111.70313615">
   <ele>817.739</ele>
  </trkpt>
  <trkpt lat="-7.75596896" lon="111.70279057">
   <ele>820.623</ele>
  </trkpt>
  <trkpt lat="-7.75598807" lon="111.70261052">
   <ele>822.064</ele>
  </trkpt>
  <trkpt lat="-7.75618614" lon="111.70256174">
   <ele>823.987</ele>
  </trkpt>
  <trkpt lat="-7.75622034" lon="111.70260172">
   <ele>823.987</ele>
  </trkpt>
  <trkpt lat="-7.75633609" lon="111.70276718">
   <ele>825.91</ele>
  </trkpt>
  <trkpt lat="-7.75652661" lon="111.70282091">
   <ele>827.352</ele>
  </trkpt>
  <trkpt lat="-7.75702156" lon="111.70296399">
   <ele>831.197</ele>
  </trkpt>
  <trkpt lat="-7.75705190" lon="111.70296508">
   <ele>830.717</ele>
  </trkpt>
  <trkpt lat="-7.75719398" lon="111.70295267">
   <ele>831.197</ele>
  </trkpt>
  <trkpt lat="-7.75724293" lon="111.70292820">
   <ele>831.197</ele>
  </trkpt>
  <trkpt lat="-7.75732356" lon="111.70273558">
   <ele>831.197</ele>
  </trkpt>
  <trkpt lat="-7.75722206" lon="111.70267490">
   <ele>829.755</ele>
  </trkpt>
  <trkpt lat="-7.75717009" lon="111.70266350">
   <ele>830.236</ele>
  </trkpt>
  <trkpt lat="-7.75701938" lon="111.70259141">
   <ele>832.158</ele>
  </trkpt>
  <trkpt lat="-7.75686239" lon="111.70249477">
   <ele>834.081</ele>
  </trkpt>
  <trkpt lat="-7.75674563" lon="111.70236208">
   <ele>835.042</ele>
  </trkpt>
  <trkpt lat="-7.75663993" lon="111.70214198">
   <ele>836.484</ele>
  </trkpt>
  <trkpt lat="-7.75667874" lon="111.70205916">
   <ele>837.446</ele>
  </trkpt>
  <trkpt lat="-7.75659400" lon="111.70188515">
   <ele>839.849</ele>
  </trkpt>
  <trkpt lat="-7.75652896" lon="111.70168868">
   <ele>840.81</ele>
  </trkpt>
  <trkpt lat="-7.75659123" lon="111.70145466">
   <ele>843.213</ele>
  </trkpt>
  <trkpt lat="-7.75654706" lon="111.70129037">
   <ele>843.213</ele>
  </trkpt>
  <trkpt lat="-7.75640055" lon="111.70103992">
   <ele>843.213</ele>
  </trkpt>
  <trkpt lat="-7.75648688" lon="111.70088855">
   <ele>843.694</ele>
  </trkpt>
  <trkpt lat="-7.75675275" lon="111.70080808">
   <ele>846.578</ele>
  </trkpt>
  <trkpt lat="-7.75678838" lon="111.70080573">
   <ele>846.578</ele>
  </trkpt>
  <trkpt lat="-7.75698845" lon="111.70074614">
   <ele>848.981</ele>
  </trkpt>
  <trkpt lat="-7.75718811" lon="111.70069140">
   <ele>850.904</ele>
  </trkpt>
  <trkpt lat="-7.75726137" lon="111.70071764">
   <ele>851.865</ele>
  </trkpt>
  <trkpt lat="-7.75748491" lon="111.70083440">
   <ele>855.711</ele>
  </trkpt>
  <trkpt lat="-7.75758751" lon="111.70079517">
   <ele>855.711</ele>
  </trkpt>
  <trkpt lat="-7.75780711" lon="111.70065561">
   <ele>857.153</ele>
  </trkpt>
  <trkpt lat="-7.75786428" lon="111.70063533">
   <ele>857.153</ele>
  </trkpt>
  <trkpt lat="-7.75781617" lon="111.70053198">
   <ele>858.114</ele>
  </trkpt>
  <trkpt lat="-7.75768423" lon="111.70043483">
   <ele>857.153</ele>
  </trkpt>
  <trkpt lat="-7.75773855" lon="111.70029100">
   <ele>858.114</ele>
  </trkpt>
  <trkpt lat="-7.75792697" lon="111.70003669">
   <ele>860.998</ele>
  </trkpt>
  <trkpt lat="-7.75806427" lon="111.69993485">
   <ele>862.44</ele>
  </trkpt>
  <trkpt lat="-7.75835512" lon="111.69980804">
   <ele>864.363</ele>
  </trkpt>
  <trkpt lat="-7.75848454" lon="111.69971826">
   <ele>865.805</ele>
  </trkpt>
  <trkpt lat="-7.75856492" lon="111.69968834">
   <ele>867.727</ele>
  </trkpt>
  <trkpt lat="-7.75858847" lon="111.69963118">
   <ele>868.208</ele>
  </trkpt>
  <trkpt lat="-7.75865151" lon="111.69959446">
   <ele>870.13</ele>
  </trkpt>
  <trkpt lat="-7.75863315" lon="111.69966538">
   <ele>872.534</ele>
  </trkpt>
  <trkpt lat="-7.75861463" lon="111.69964124">
   <ele>873.976</ele>
  </trkpt>
  <trkpt lat="-7.75865184" lon="111.69956119">
   <ele>876.86</ele>
  </trkpt>
  <trkpt lat="-7.75858898" lon="111.69952649">
   <ele>877.341</ele>
  </trkpt>
  <trkpt lat="-7.75867682" lon="111.69956831">
   <ele>879.744</ele>
  </trkpt>
  <trkpt lat="-7.75861789" lon="111.69962238">
   <ele>880.224</ele>
  </trkpt>
  <trkpt lat="-7.75868696" lon="111.69960042">
   <ele>881.666</ele>
  </trkpt>
  <trkpt lat="-7.75868353" lon="111.69964056">
   <ele>881.666</ele>
  </trkpt>
  <trkpt lat="-7.75869962" lon="111.69962741">
   <ele>883.108</ele>
  </trkpt>
  <trkpt lat="-7.75902383" lon="111.69973821">
   <ele>885.992</ele>
  </trkpt>
  <trkpt lat="-7.75908787" lon="111.69977057">
   <ele>886.953</ele>
  </trkpt>
  <trkpt lat="-7.75911251" lon="111.69997584">
   <ele>889.357</ele>
  </trkpt>
  <trkpt lat="-7.75895761" lon="111.70005748">
   <ele>889.837</ele>
  </trkpt>
  <trkpt lat="-7.75890824" lon="111.70012252">
   <ele>891.76</ele>
  </trkpt>
  <trkpt lat="-7.75894538" lon="111.70016854">
   <ele>893.202</ele>
  </trkpt>
  <trkpt lat="-7.75900690" lon="111.70018975">
   <ele>894.164</ele>
  </trkpt>
  <trkpt lat="-7.75925232" lon="111.70018287">
   <ele>894.164</ele>
  </trkpt>
  <trkpt lat="-7.75989270" lon="111.70010895">
   <ele>896.567</ele>
  </trkpt>
  <trkpt lat="-7.76007081" lon="111.70009788">
   <ele>897.047</ele>
  </trkpt>
  <trkpt lat="-7.76028028" lon="111.70009470">
   <ele>897.047</ele>
  </trkpt>
  <trkpt lat="-7.76077355" lon="111.70032453">
   <ele>898.489</ele>
  </trkpt>
  <trkpt lat="-7.76100204" lon="111.70022872">
   <ele>898.97</ele>
  </trkpt>
  <trkpt lat="-7.76112224" lon="111.70016728">
   <ele>898.009</ele>
  </trkpt>
  <trkpt lat="-7.76148903" lon="111.70028379">
   <ele>895.605</ele>
  </trkpt>
  <trkpt lat="-7.76187108" lon="111.70025722">
   <ele>896.567</ele>
  </trkpt>
  <trkpt lat="-7.76213964" lon="111.70016971">
   <ele>897.047</ele>
  </trkpt>
  <trkpt lat="-7.76249268" lon="111.70037247">
   <ele>897.047</ele>
  </trkpt>
  <trkpt lat="-7.76272050" lon="111.70044841">
   <ele>897.047</ele>
  </trkpt>
  <trkpt lat="-7.76295234" lon="111.70057322">
   <ele>897.047</ele>
  </trkpt>
  <trkpt lat="-7.76316198" lon="111.70051589">
   <ele>897.047</ele>
  </trkpt>
  <trkpt lat="-7.76337379" lon="111.70058470">
   <ele>898.009</ele>
  </trkpt>
  <trkpt lat="-7.76359549" lon="111.70065997">
   <ele>898.009</ele>
  </trkpt>
  <trkpt lat="-7.76384225" lon="111.70086876">
   <ele>898.009</ele>
  </trkpt>
  <trkpt lat="-7.76399095" lon="111.70103707">
   <ele>897.528</ele>
  </trkpt>
  <trkpt lat="-7.76413813" lon="111.70104001">
   <ele>898.009</ele>
  </trkpt>
  <trkpt lat="-7.76440744" lon="111.70099801">
   <ele>898.489</ele>
  </trkpt>
  <trkpt lat="-7.76465253" lon="111.70099190">
   <ele>898.97</ele>
  </trkpt>
  <trkpt lat="-7.76489636" lon="111.70087379">
   <ele>899.451</ele>
  </trkpt>
  <trkpt lat="-7.76506685" lon="111.70055034">
   <ele>900.412</ele>
  </trkpt>
  <trkpt lat="-7.76519811" lon="111.70039368">
   <ele>900.412</ele>
  </trkpt>
  <trkpt lat="-7.76532057" lon="111.70050214">
   <ele>900.412</ele>
  </trkpt>
  <trkpt lat="-7.76534211" lon="111.70080381">
   <ele>901.854</ele>
  </trkpt>
  <trkpt lat="-7.76535954" lon="111.70092903">
   <ele>901.854</ele>
  </trkpt>
  <trkpt lat="-7.76552299" lon="111.70089215">
   <ele>903.777</ele>
  </trkpt>
  <trkpt lat="-7.76568753" lon="111.70083096">
   <ele>905.219</ele>
  </trkpt>
  <trkpt lat="-7.76573271" lon="111.70081261">
   <ele>906.18</ele>
  </trkpt>
  <trkpt lat="-7.76578878" lon="111.70076927">
   <ele>906.18</ele>
  </trkpt>
  <trkpt lat="-7.76595064" lon="111.70082610">
   <ele>907.622</ele>
  </trkpt>
  <trkpt lat="-7.76619488" lon="111.70076768">
   <ele>909.545</ele>
  </trkpt>
  <trkpt lat="-7.76628281" lon="111.70070498">
   <ele>910.987</ele>
  </trkpt>
  <trkpt lat="-7.76642161" lon="111.70072057">
   <ele>912.428</ele>
  </trkpt>
  <trkpt lat="-7.76651641" lon="111.70074614">
   <ele>912.909</ele>
  </trkpt>
  <trkpt lat="-7.76672353" lon="111.70066827">
   <ele>914.832</ele>
  </trkpt>
  <trkpt lat="-7.76701966" lon="111.70070440">
   <ele>914.832</ele>
  </trkpt>
  <trkpt lat="-7.76698689" lon="111.70057733">
   <ele>916.754</ele>
  </trkpt>
  <trkpt lat="-7.76692931" lon="111.70057448">
   <ele>917.235</ele>
  </trkpt>
  <trkpt lat="-7.76655891" lon="111.70045881">
   <ele>921.08</ele>
  </trkpt>
  <trkpt lat="-7.76640611" lon="111.70041346">
   <ele>922.042</ele>
  </trkpt>
  <trkpt lat="-7.76627761" lon="111.70029393">
   <ele>922.522</ele>
  </trkpt>
  <trkpt lat="-7.76637518" lon="111.70017156">
   <ele>924.926</ele>
  </trkpt>
  <trkpt lat="-7.76653661" lon="111.70025303">
   <ele>926.368</ele>
  </trkpt>
  <trkpt lat="-7.76702821" lon="111.70031606">
   <ele>929.732</ele>
  </trkpt>
  <trkpt lat="-7.76729719" lon="111.70039527">
   <ele>931.655</ele>
  </trkpt>
  <trkpt lat="-7.76742727" lon="111.70051882">
   <ele>932.616</ele>
  </trkpt>
  <trkpt lat="-7.76769910" lon="111.70062033">
   <ele>935.02</ele>
  </trkpt>
  <trkpt lat="-7.76797235" lon="111.70036728">
   <ele>936.461</ele>
  </trkpt>
  <trkpt lat="-7.76830293" lon="111.70038370">
   <ele>936.461</ele>
  </trkpt>
  <trkpt lat="-7.76861281" lon="111.70050105">
   <ele>939.826</ele>
  </trkpt>
  <trkpt lat="-7.76875648" lon="111.70058311">
   <ele>942.229</ele>
  </trkpt>
  <trkpt lat="-7.76889721" lon="111.70064396">
   <ele>945.113</ele>
  </trkpt>
  <trkpt lat="-7.76932485" lon="111.70071504">
   <ele>948.478</ele>
  </trkpt>
  <trkpt lat="-7.76955460" lon="111.70076961">
   <ele>951.843</ele>
  </trkpt>
  <trkpt lat="-7.76974881" lon="111.70082803">
   <ele>955.207</ele>
  </trkpt>
  <trkpt lat="-7.76986088" lon="111.70089936">
   <ele>956.649</ele>
  </trkpt>
  <trkpt lat="-7.77010404" lon="111.70104814">
   <ele>960.014</ele>
  </trkpt>
  <trkpt lat="-7.77033580" lon="111.70105970">
   <ele>962.898</ele>
  </trkpt>
  <trkpt lat="-7.77066713" lon="111.70111762">
   <ele>966.262</ele>
  </trkpt>
  <trkpt lat="-7.77074525" lon="111.70113690">
   <ele>967.224</ele>
  </trkpt>
  <trkpt lat="-7.77122453" lon="111.70118602">
   <ele>970.107</ele>
  </trkpt>
  <trkpt lat="-7.77145587" lon="111.70117957">
   <ele>972.03</ele>
  </trkpt>
  <trkpt lat="-7.77174831" lon="111.70124503">
   <ele>973.472</ele>
  </trkpt>
  <trkpt lat="-7.77204671" lon="111.70129457">
   <ele>975.395</ele>
  </trkpt>
  <trkpt lat="-7.77223555" lon="111.70125509">
   <ele>976.837</ele>
  </trkpt>
  <trkpt lat="-7.77231795" lon="111.70121837">
   <ele>978.279</ele>
  </trkpt>
  <trkpt lat="-7.77246589" lon="111.70106356">
   <ele>979.721</ele>
  </trkpt>
  <trkpt lat="-7.77272866" lon="111.70108519">
   <ele>979.721</ele>
  </trkpt>
  <trkpt lat="-7.77306285" lon="111.70128484">
   <ele>981.643</ele>
  </trkpt>
  <trkpt lat="-7.77312865" lon="111.70130974">
   <ele>981.643</ele>
  </trkpt>
  <trkpt lat="-7.77331229" lon="111.70136497">
   <ele>982.605</ele>
  </trkpt>
  <trkpt lat="-7.77364564" lon="111.70156119">
   <ele>984.527</ele>
  </trkpt>
  <trkpt lat="-7.77382468" lon="111.70172456">
   <ele>984.047</ele>
  </trkpt>
  <trkpt lat="-7.77390162" lon="111.70174694">
   <ele>984.047</ele>
  </trkpt>
  <trkpt lat="-7.77412425" lon="111.70171835">
   <ele>984.047</ele>
  </trkpt>
  <trkpt lat="-7.77436389" lon="111.70175775">
   <ele>984.527</ele>
  </trkpt>
  <trkpt lat="-7.77439834" lon="111.70182514">
   <ele>984.527</ele>
  </trkpt>
  <trkpt lat="-7.77445693" lon="111.70192304">
   <ele>984.527</ele>
  </trkpt>
  <trkpt lat="-7.77460126" lon="111.70204282">
   <ele>984.527</ele>
  </trkpt>
  <trkpt lat="-7.77474116" lon="111.70206704">
   <ele>985.489</ele>
  </trkpt>
  <trkpt lat="-7.77465264" lon="111.70185205">
   <ele>988.854</ele>
  </trkpt>
  <trkpt lat="-7.77464518" lon="111.70180787">
   <ele>988.854</ele>
  </trkpt>
  <trkpt lat="-7.77464594" lon="111.70175674">
   <ele>988.854</ele>
  </trkpt>
  <trkpt lat="-7.77480444" lon="111.70152096">
   <ele>989.815</ele>
  </trkpt>
  <trkpt lat="-7.77502329" lon="111.70147117">
   <ele>990.295</ele>
  </trkpt>
  <trkpt lat="-7.77505757" lon="111.70146195">
   <ele>990.295</ele>
  </trkpt>
  <trkpt lat="-7.77533929" lon="111.70132684">
   <ele>990.776</ele>
  </trkpt>
  <trkpt lat="-7.77540006" lon="111.70132239">
   <ele>990.295</ele>
  </trkpt>
  <trkpt lat="-7.77574120" lon="111.70147578">
   <ele>992.699</ele>
  </trkpt>
  <trkpt lat="-7.77584991" lon="111.70151308">
   <ele>994.141</ele>
  </trkpt>
  <trkpt lat="-7.77596139" lon="111.70141049">
   <ele>996.063</ele>
  </trkpt>
  <trkpt lat="-7.77602434" lon="111.70138157">
   <ele>997.505</ele>
  </trkpt>
  <trkpt lat="-7.77621595" lon="111.70139741">
   <ele>999.428</ele>
  </trkpt>
  <trkpt lat="-7.77635165" lon="111.70139557">
   <ele>1001.35</ele>
  </trkpt>
  <trkpt lat="-7.77659934" lon="111.70128593">
   <ele>1004.715</ele>
  </trkpt>
  <trkpt lat="-7.77672415" lon="111.70121661">
   <ele>1005.196</ele>
  </trkpt>
  <trkpt lat="-7.77685038" lon="111.70116289">
   <ele>1005.196</ele>
  </trkpt>
  <trkpt lat="-7.77690360" lon="111.70101034">
   <ele>1007.118</ele>
  </trkpt>
  <trkpt lat="-7.77692548" lon="111.70096541">
   <ele>1008.08</ele>
  </trkpt>
  <trkpt lat="-7.77702866" lon="111.70098159">
   <ele>1010.002</ele>
  </trkpt>
  <trkpt lat="-7.77706236" lon="111.70100455">
   <ele>1010.002</ele>
  </trkpt>
  <trkpt lat="-7.77732798" lon="111.70110120">
   <ele>1012.886</ele>
  </trkpt>
  <trkpt lat="-7.77738892" lon="111.70111134">
   <ele>1014.328</ele>
  </trkpt>
  <trkpt lat="-7.77766384" lon="111.70116850">
   <ele>1016.731</ele>
  </trkpt>
  <trkpt lat="-7.77790985" lon="111.70121645">
   <ele>1019.135</ele>
  </trkpt>
  <trkpt lat="-7.77819953" lon="111.70144184">
   <ele>1021.058</ele>
  </trkpt>
  <trkpt lat="-7.77826047" lon="111.70147620">
   <ele>1020.577</ele>
  </trkpt>
  <trkpt lat="-7.77855710" lon="111.70177594">
   <ele>1022.98</ele>
  </trkpt>
  <trkpt lat="-7.77878685" lon="111.70199035">
   <ele>1024.903</ele>
  </trkpt>
  <trkpt lat="-7.77889531" lon="111.70213661">
   <ele>1024.903</ele>
  </trkpt>
  <trkpt lat="-7.77911584" lon="111.70220316">
   <ele>1025.864</ele>
  </trkpt>
  <trkpt lat="-7.77939060" lon="111.70227131">
   <ele>1026.345</ele>
  </trkpt>
  <trkpt lat="-7.77962571" lon="111.70235437">
   <ele>1026.825</ele>
  </trkpt>
  <trkpt lat="-7.77996367" lon="111.70238195">
   <ele>1028.267</ele>
  </trkpt>
  <trkpt lat="-7.78002352" lon="111.70237675">
   <ele>1028.267</ele>
  </trkpt>
  <trkpt lat="-7.78029199" lon="111.70228019">
   <ele>1028.748</ele>
  </trkpt>
  <trkpt lat="-7.78056306" lon="111.70230190">
   <ele>1029.709</ele>
  </trkpt>
  <trkpt lat="-7.78084352" lon="111.70216050">
   <ele>1030.19</ele>
  </trkpt>
  <trkpt lat="-7.78130477" lon="111.70197207">
   <ele>1031.632</ele>
  </trkpt>
  <trkpt lat="-7.78158699" lon="111.70188004">
   <ele>1034.035</ele>
  </trkpt>
  <trkpt lat="-7.78171532" lon="111.70199253">
   <ele>1035.477</ele>
  </trkpt>
  <trkpt lat="-7.78190156" lon="111.70228547">
   <ele>1038.361</ele>
  </trkpt>
  <trkpt lat="-7.78208052" lon="111.70256224">
   <ele>1039.323</ele>
  </trkpt>
  <trkpt lat="-7.78229426" lon="111.70277263">
   <ele>1041.245</ele>
  </trkpt>
  <trkpt lat="-7.78253096" lon="111.70295837">
   <ele>1043.168</ele>
  </trkpt>
  <trkpt lat="-7.78269173" lon="111.70326867">
   <ele>1044.61</ele>
  </trkpt>
  <trkpt lat="-7.78270874" lon="111.70365617">
   <ele>1047.013</ele>
  </trkpt>
  <trkpt lat="-7.78272274" lon="111.70412103">
   <ele>1050.378</ele>
  </trkpt>
  <trkpt lat="-7.78256558" lon="111.70446175">
   <ele>1053.742</ele>
  </trkpt>
  <trkpt lat="-7.78244195" lon="111.70474305">
   <ele>1055.184</ele>
  </trkpt>
  <trkpt lat="-7.78227808" lon="111.70500440">
   <ele>1056.626</ele>
  </trkpt>
  <trkpt lat="-7.78197155" lon="111.70524839">
   <ele>1059.03</ele>
  </trkpt>
  <trkpt lat="-7.78180651" lon="111.70541176">
   <ele>1060.952</ele>
  </trkpt>
  <trkpt lat="-7.78177919" lon="111.70541712">
   <ele>1061.433</ele>
  </trkpt>
  <trkpt lat="-7.78153201" lon="111.70539206">
   <ele>1063.355</ele>
  </trkpt>
  <trkpt lat="-7.78133847" lon="111.70537538">
   <ele>1064.317</ele>
  </trkpt>
  <trkpt lat="-7.78132573" lon="111.70539206">
   <ele>1065.278</ele>
  </trkpt>
  <trkpt lat="-7.78121349" lon="111.70543623">
   <ele>1065.759</ele>
  </trkpt>
  <trkpt lat="-7.78117527" lon="111.70559239">
   <ele>1066.72</ele>
  </trkpt>
  <trkpt lat="-7.78116203" lon="111.70567076">
   <ele>1067.201</ele>
  </trkpt>
  <trkpt lat="-7.78110520" lon="111.70572365">
   <ele>1067.681</ele>
  </trkpt>
  <trkpt lat="-7.78101476" lon="111.70585021">
   <ele>1069.124</ele>
  </trkpt>
  <trkpt lat="-7.78095198" lon="111.70609337">
   <ele>1069.604</ele>
  </trkpt>
  <trkpt lat="-7.78091870" lon="111.70623352">
   <ele>1071.046</ele>
  </trkpt>
  <trkpt lat="-7.78083044" lon="111.70638858">
   <ele>1072.488</ele>
  </trkpt>
  <trkpt lat="-7.78071888" lon="111.70667424">
   <ele>1073.449</ele>
  </trkpt>
  <trkpt lat="-7.78028067" lon="111.70683819">
   <ele>1075.853</ele>
  </trkpt>
  <trkpt lat="-7.78020649" lon="111.70723767">
   <ele>1078.737</ele>
  </trkpt>
  <trkpt lat="-7.78014413" lon="111.70753498">
   <ele>1079.698</ele>
  </trkpt>
  <trkpt lat="-7.78023566" lon="111.70770379">
   <ele>1080.659</ele>
  </trkpt>
  <trkpt lat="-7.78031277" lon="111.70799715">
   <ele>1082.582</ele>
  </trkpt>
  <trkpt lat="-7.78040154" lon="111.70825481">
   <ele>1084.024</ele>
  </trkpt>
  <trkpt lat="-7.78042182" lon="111.70847098">
   <ele>1084.985</ele>
  </trkpt>
  <trkpt lat="-7.78038427" lon="111.70849554">
   <ele>1084.985</ele>
  </trkpt>
  <trkpt lat="-7.78038293" lon="111.70846109">
   <ele>1085.466</ele>
  </trkpt>
  <trkpt lat="-7.78038922" lon="111.70846998">
   <ele>1086.908</ele>
  </trkpt>
  <trkpt lat="-7.78038830" lon="111.70846621">
   <ele>1087.388</ele>
  </trkpt>
  <trkpt lat="-7.78029115" lon="111.70827057">
   <ele>1088.35</ele>
  </trkpt>
  <trkpt lat="-7.78024698" lon="111.70807393">
   <ele>1088.831</ele>
  </trkpt>
  <trkpt lat="-7.78018260" lon="111.70780823">
   <ele>1090.753</ele>
  </trkpt>
  <trkpt lat="-7.78008688" lon="111.70770831">
   <ele>1091.714</ele>
  </trkpt>
  <trkpt lat="-7.77996275" lon="111.70753514">
   <ele>1093.156</ele>
  </trkpt>
  <trkpt lat="-7.77992880" lon="111.70741327">
   <ele>1094.598</ele>
  </trkpt>
  <trkpt lat="-7.77990491" lon="111.70732124">
   <ele>1095.56</ele>
  </trkpt>
  <trkpt lat="-7.77989284" lon="111.70725502">
   <ele>1097.482</ele>
  </trkpt>
  <trkpt lat="-7.77992411" lon="111.70691187">
   <ele>1100.847</ele>
  </trkpt>
  <trkpt lat="-7.77989787" lon="111.70654994">
   <ele>1104.212</ele>
  </trkpt>
  <trkpt lat="-7.77984766" lon="111.70634617">
   <ele>1105.173</ele>
  </trkpt>
  <trkpt lat="-7.77977583" lon="111.70632329">
   <ele>1105.173</ele>
  </trkpt>
  <trkpt lat="-7.77976753" lon="111.70634575">
   <ele>1105.173</ele>
  </trkpt>
  <trkpt lat="-7.77976862" lon="111.70636411">
   <ele>1106.134</ele>
  </trkpt>
  <trkpt lat="-7.77976527" lon="111.70666250">
   <ele>1106.134</ele>
  </trkpt>
  <trkpt lat="-7.77977248" lon="111.70712887">
   <ele>1109.018</ele>
  </trkpt>
  <trkpt lat="-7.77973342" lon="111.70751427">
   <ele>1111.902</ele>
  </trkpt>
  <trkpt lat="-7.77973149" lon="111.70755099">
   <ele>1111.902</ele>
  </trkpt>
  <trkpt lat="-7.77973970" lon="111.70782331">
   <ele>1115.267</ele>
  </trkpt>
  <trkpt lat="-7.77980492" lon="111.70802741">
   <ele>1118.631</ele>
  </trkpt>
  <trkpt lat="-7.77981615" lon="111.70804669">
   <ele>1118.631</ele>
  </trkpt>
  <trkpt lat="-7.77989267" lon="111.70818508">
   <ele>1121.996</ele>
  </trkpt>
  <trkpt lat="-7.77993567" lon="111.70838406">
   <ele>1125.36</ele>
  </trkpt>
  <trkpt lat="-7.77994171" lon="111.70848431">
   <ele>1126.802</ele>
  </trkpt>
  <trkpt lat="-7.77998873" lon="111.70886250">
   <ele>1130.167</ele>
  </trkpt>
  <trkpt lat="-7.77989938" lon="111.70915520">
   <ele>1131.128</ele>
  </trkpt>
  <trkpt lat="-7.77980885" lon="111.70936910">
   <ele>1132.571</ele>
  </trkpt>
  <trkpt lat="-7.77977047" lon="111.70946818">
   <ele>1134.493</ele>
  </trkpt>
  <trkpt lat="-7.77970551" lon="111.70967421">
   <ele>1137.858</ele>
  </trkpt>
  <trkpt lat="-7.77971833" lon="111.70975006">
   <ele>1139.3</ele>
  </trkpt>
  <trkpt lat="-7.77973342" lon="111.70978510">
   <ele>1140.261</ele>
  </trkpt>
  <trkpt lat="-7.77978891" lon="111.70991016">
   <ele>1143.625</ele>
  </trkpt>
  <trkpt lat="-7.77980081" lon="111.70994318">
   <ele>1144.106</ele>
  </trkpt>
  <trkpt lat="-7.77990055" lon="111.71019229">
   <ele>1147.471</ele>
  </trkpt>
  <trkpt lat="-7.77991530" lon="111.71021836">
   <ele>1147.951</ele>
  </trkpt>
  <trkpt lat="-7.77999451" lon="111.71040075">
   <ele>1150.355</ele>
  </trkpt>
  <trkpt lat="-7.78006299" lon="111.71078238">
   <ele>1153.719</ele>
  </trkpt>
  <trkpt lat="-7.78017640" lon="111.71110047">
   <ele>1157.084</ele>
  </trkpt>
  <trkpt lat="-7.78029936" lon="111.71131974">
   <ele>1160.448</ele>
  </trkpt>
  <trkpt lat="-7.78049190" lon="111.71167404">
   <ele>1162.371</ele>
  </trkpt>
  <trkpt lat="-7.78051293" lon="111.71181243">
   <ele>1165.255</ele>
  </trkpt>
  <trkpt lat="-7.78048569" lon="111.71195023">
   <ele>1168.139</ele>
  </trkpt>
  <trkpt lat="-7.78048142" lon="111.71211929">
   <ele>1169.581</ele>
  </trkpt>
  <trkpt lat="-7.78048301" lon="111.71224116">
   <ele>1171.023</ele>
  </trkpt>
  <trkpt lat="-7.78049734" lon="111.71251131">
   <ele>1173.427</ele>
  </trkpt>
  <trkpt lat="-7.78050757" lon="111.71271885">
   <ele>1176.791</ele>
  </trkpt>
  <trkpt lat="-7.78050262" lon="111.71290526">
   <ele>1179.194</ele>
  </trkpt>
  <trkpt lat="-7.78046717" lon="111.71315026">
   <ele>1181.598</ele>
  </trkpt>
  <trkpt lat="-7.78039844" lon="111.71344330">
   <ele>1184.001</ele>
  </trkpt>
  <trkpt lat="-7.78029190" lon="111.71370808">
   <ele>1187.365</ele>
  </trkpt>
  <trkpt lat="-7.78021596" lon="111.71400589">
   <ele>1190.73</ele>
  </trkpt>
  <trkpt lat="-7.78012502" lon="111.71430076">
   <ele>1193.614</ele>
  </trkpt>
  <trkpt lat="-7.78004548" lon="111.71453160">
   <ele>1196.498</ele>
  </trkpt>
  <trkpt lat="-7.77999803" lon="111.71467242">
   <ele>1198.421</ele>
  </trkpt>
  <trkpt lat="-7.77993760" lon="111.71481759">
   <ele>1200.344</ele>
  </trkpt>
  <trkpt lat="-7.77986350" lon="111.71487149">
   <ele>1201.785</ele>
  </trkpt>
  <trkpt lat="-7.77963032" lon="111.71487384">
   <ele>1204.189</ele>
  </trkpt>
  <trkpt lat="-7.77936528" lon="111.71491600">
   <ele>1207.553</ele>
  </trkpt>
  <trkpt lat="-7.77905591" lon="111.71501432">
   <ele>1210.918</ele>
  </trkpt>
  <trkpt lat="-7.77885399" lon="111.71524775">
   <ele>1213.802</ele>
  </trkpt>
  <trkpt lat="-7.77891031" lon="111.71557138">
   <ele>1217.167</ele>
  </trkpt>
  <trkpt lat="-7.77900285" lon="111.71597580">
   <ele>1220.05</ele>
  </trkpt>
  <trkpt lat="-7.77901752" lon="111.71602760">
   <ele>1221.012</ele>
  </trkpt>
  <trkpt lat="-7.77906706" lon="111.71636296">
   <ele>1223.896</ele>
  </trkpt>
  <trkpt lat="-7.77913780" lon="111.71668751">
   <ele>1227.26</ele>
  </trkpt>
  <trkpt lat="-7.77913998" lon="111.71670402">
   <ele>1227.26</ele>
  </trkpt>
  <trkpt lat="-7.77912506" lon="111.71680712">
   <ele>1228.702</ele>
  </trkpt>
  <trkpt lat="-7.77913579" lon="111.71686705">
   <ele>1229.664</ele>
  </trkpt>
 </trkseg>
</trk>
<trk>
 <name>Track 108</name>
 <trkseg>
  <trkpt lat="-7.77393389" lon="111.76236788"></trkpt>
  <trkpt lat="-7.77398779" lon="111.76226369"></trkpt>
  <trkpt lat="-7.77396985" lon="111.76188776"></trkpt>
  <trkpt lat="-7.77401025" lon="111.76182440"></trkpt>
  <trkpt lat="-7.77410908" lon="111.76172926"></trkpt>
  <trkpt lat="-7.77441451" lon="111.76169758"></trkpt>
  <trkpt lat="-7.77475138" lon="111.76164318"></trkpt>
  <trkpt lat="-7.77492656" lon="111.76164770"></trkpt>
  <trkpt lat="-7.77514667" lon="111.76155257"></trkpt>
  <trkpt lat="-7.77574849" lon="111.76104538"></trkpt>
  <trkpt lat="-7.77584279" lon="111.76095025"></trkpt>
  <trkpt lat="-7.77597757" lon="111.76067398"></trkpt>
  <trkpt lat="-7.77610330" lon="111.76048371"></trkpt>
  <trkpt lat="-7.77612132" lon="111.76034784"></trkpt>
  <trkpt lat="-7.77613029" lon="111.76027089"></trkpt>
  <trkpt lat="-7.77617069" lon="111.76023007"></trkpt>
  <trkpt lat="-7.77678869" lon="111.75997744"></trkpt>
  <trkpt lat="-7.77696387" lon="111.75996839"></trkpt>
  <trkpt lat="-7.77706269" lon="111.75998650"></trkpt>
  <trkpt lat="-7.77726931" lon="111.75997292"></trkpt>
  <trkpt lat="-7.77758815" lon="111.75987778"></trkpt>
  <trkpt lat="-7.77774992" lon="111.75978726"></trkpt>
  <trkpt lat="-7.77787113" lon="111.75967402"></trkpt>
  <trkpt lat="-7.77791161" lon="111.75960151"></trkpt>
  <trkpt lat="-7.77790708" lon="111.75953815"></trkpt>
  <trkpt lat="-7.77792955" lon="111.75944754"></trkpt>
  <trkpt lat="-7.77795654" lon="111.75941586"></trkpt>
  <trkpt lat="-7.77845057" lon="111.75922559"></trkpt>
  <trkpt lat="-7.77866623" lon="111.75918024"></trkpt>
  <trkpt lat="-7.77883236" lon="111.75917119"></trkpt>
  <trkpt lat="-7.77917376" lon="111.75914856"></trkpt>
  <trkpt lat="-7.77924115" lon="111.75913950"></trkpt>
  <trkpt lat="-7.77947023" lon="111.75897195"></trkpt>
  <trkpt lat="-7.77952856" lon="111.75896290"></trkpt>
  <trkpt lat="-7.77978907" lon="111.75896290"></trkpt>
  <trkpt lat="-7.77991489" lon="111.75893113"></trkpt>
  <trkpt lat="-7.78009007" lon="111.75879979"></trkpt>
  <trkpt lat="-7.78015025" lon="111.75868747"></trkpt>
  <trkpt lat="-7.78018621" lon="111.75858605"></trkpt>
  <trkpt lat="-7.78020062" lon="111.75846283"></trkpt>
  <trkpt lat="-7.78025268" lon="111.75836049"></trkpt>
  <trkpt lat="-7.78033180" lon="111.75827902"></trkpt>
  <trkpt lat="-7.78044135" lon="111.75823367"></trkpt>
  <trkpt lat="-7.78054018" lon="111.75821741"></trkpt>
  <trkpt lat="-7.78077554" lon="111.75818120"></trkpt>
  <trkpt lat="-7.78114560" lon="111.75814298"></trkpt>
  <trkpt lat="-7.78125876" lon="111.75810853"></trkpt>
  <trkpt lat="-7.78142589" lon="111.75800166"></trkpt>
  <trkpt lat="-7.78161448" lon="111.75782598"></trkpt>
 </trkseg>
</trk>
<trk>
 <name>Track 328</name>
 <trkseg>
  <trkpt lat="-7.75014790" lon="111.70046560">
   <ele>868.688</ele>
  </trkpt>
  <trkpt lat="-7.74986140" lon="111.70041899">
   <ele>867.247</ele>
  </trkpt>
  <trkpt lat="-7.74972176" lon="111.70038907">
   <ele>865.805</ele>
  </trkpt>
  <trkpt lat="-7.74949042" lon="111.70051052">
   <ele>864.363</ele>
  </trkpt>
  <trkpt lat="-7.74932404" lon="111.70068805">
   <ele>862.44</ele>
  </trkpt>
  <trkpt lat="-7.74868978" lon="111.70066031">
   <ele>859.556</ele>
  </trkpt>
  <trkpt lat="-7.74818611" lon="111.70058370">
   <ele>857.153</ele>
  </trkpt>
  <trkpt lat="-7.74783215" lon="111.70051614">
   <ele>853.788</ele>
  </trkpt>
  <trkpt lat="-7.74777054" lon="111.70050155">
   <ele>854.269</ele>
  </trkpt>
  <trkpt lat="-7.74763953" lon="111.70046903">
   <ele>853.307</ele>
  </trkpt>
  <trkpt lat="-7.74705548" lon="111.70039896">
   <ele>851.865</ele>
  </trkpt>
  <trkpt lat="-7.74676287" lon="111.70033920">
   <ele>848.501</ele>
  </trkpt>
  <trkpt lat="-7.74659623" lon="111.70030014">
   <ele>845.136</ele>
  </trkpt>
  <trkpt lat="-7.74656069" lon="111.70028488">
   <ele>844.175</ele>
  </trkpt>
  <trkpt lat="-7.74643404" lon="111.70012940">
   <ele>840.81</ele>
  </trkpt>
  <trkpt lat="-7.74628543" lon="111.70000752">
   <ele>838.888</ele>
  </trkpt>
  <trkpt lat="-7.74621427" lon="111.69995178">
   <ele>836.965</ele>
  </trkpt>
  <trkpt lat="-7.74614713" lon="111.69988012">
   <ele>835.042</ele>
  </trkpt>
  <trkpt lat="-7.74601805" lon="111.69973369">
   <ele>830.236</ele>
  </trkpt>
  <trkpt lat="-7.74588394" lon="111.69961953">
   <ele>827.352</ele>
  </trkpt>
 </trkseg>
</trk>
<trk>
 <name>Track 330</name>
 <trkseg>
  <trkpt lat="-7.77386106" lon="111.76236947">
   <ele>1131.609</ele>
  </trkpt>
  <trkpt lat="-7.77386047" lon="111.76237509">
   <ele>1131.609</ele>
  </trkpt>
  <trkpt lat="-7.77386944" lon="111.76241431">
   <ele>1131.128</ele>
  </trkpt>
  <trkpt lat="-7.77398586" lon="111.76263987">
   <ele>1128.244</ele>
  </trkpt>
  <trkpt lat="-7.77398586" lon="111.76268279">
   <ele>1127.283</ele>
  </trkpt>
  <trkpt lat="-7.77398586" lon="111.76282419">
   <ele>1124.88</ele>
  </trkpt>
  <trkpt lat="-7.77386785" lon="111.76308990">
   <ele>1121.996</ele>
  </trkpt>
  <trkpt lat="-7.77361027" lon="111.76319207">
   <ele>1116.709</ele>
  </trkpt>
  <trkpt lat="-7.77345453" lon="111.76321520">
   <ele>1113.344</ele>
  </trkpt>
  <trkpt lat="-7.77326158" lon="111.76324379">
   <ele>1108.057</ele>
  </trkpt>
  <trkpt lat="-7.77318950" lon="111.76332937">
   <ele>1103.731</ele>
  </trkpt>
  <trkpt lat="-7.77317617" lon="111.76337295">
   <ele>1102.77</ele>
  </trkpt>
  <trkpt lat="-7.77314281" lon="111.76348276">
   <ele>1100.366</ele>
  </trkpt>
  <trkpt lat="-7.77307307" lon="111.76371166">
   <ele>1096.04</ele>
  </trkpt>
  <trkpt lat="-7.77303703" lon="111.76377059">
   <ele>1094.118</ele>
  </trkpt>
  <trkpt lat="-7.77276764" lon="111.76393873">
   <ele>1088.831</ele>
  </trkpt>
  <trkpt lat="-7.77262221" lon="111.76401392">
   <ele>1085.466</ele>
  </trkpt>
  <trkpt lat="-7.77244183" lon="111.76410729">
   <ele>1082.101</ele>
  </trkpt>
  <trkpt lat="-7.77229557" lon="111.76417275">
   <ele>1078.256</ele>
  </trkpt>
  <trkpt lat="-7.77207781" lon="111.76424853">
   <ele>1072.969</ele>
  </trkpt>
  <trkpt lat="-7.77200664" lon="111.76427334">
   <ele>1071.046</ele>
  </trkpt>
  <trkpt lat="-7.77173155" lon="111.76432371">
   <ele>1064.317</ele>
  </trkpt>
  <trkpt lat="-7.77159610" lon="111.76413646">
   <ele>1061.433</ele>
  </trkpt>
  <trkpt lat="-7.77176860" lon="111.76400713">
   <ele>1060.471</ele>
  </trkpt>
  <trkpt lat="-7.77188636" lon="111.76396874">
   <ele>1059.991</ele>
  </trkpt>
  <trkpt lat="-7.77191495" lon="111.76379724">
   <ele>1059.51</ele>
  </trkpt>
  <trkpt lat="-7.77183079" lon="111.76367001">
   <ele>1057.107</ele>
  </trkpt>
  <trkpt lat="-7.77138948" lon="111.76344395">
   <ele>1053.262</ele>
  </trkpt>
  <trkpt lat="-7.77112378" lon="111.76332761">
   <ele>1050.378</ele>
  </trkpt>
  <trkpt lat="-7.77095891" lon="111.76320649">
   <ele>1045.571</ele>
  </trkpt>
  <trkpt lat="-7.77090803" lon="111.76315553">
   <ele>1044.61</ele>
  </trkpt>
  <trkpt lat="-7.77074969" lon="111.76281589">
   <ele>1040.284</ele>
  </trkpt>
  <trkpt lat="-7.77064140" lon="111.76256904">
   <ele>1039.323</ele>
  </trkpt>
  <trkpt lat="-7.77043562" lon="111.76237014">
   <ele>1034.516</ele>
  </trkpt>
  <trkpt lat="-7.77021828" lon="111.76216009">
   <ele>1030.671</ele>
  </trkpt>
  <trkpt lat="-7.76992592" lon="111.76191743">
   <ele>1027.787</ele>
  </trkpt>
  <trkpt lat="-7.76963339" lon="111.76188407">
   <ele>1023.941</ele>
  </trkpt>
  <trkpt lat="-7.76946994" lon="111.76193227">
   <ele>1020.577</ele>
  </trkpt>
  <trkpt lat="-7.76922058" lon="111.76200561">
   <ele>1016.251</ele>
  </trkpt>
  <trkpt lat="-7.76902193" lon="111.76210670">
   <ele>1013.847</ele>
  </trkpt>
  <trkpt lat="-7.76891045" lon="111.76238883">
   <ele>1009.522</ele>
  </trkpt>
  <trkpt lat="-7.76909921" lon="111.76226696">
   <ele>1008.56</ele>
  </trkpt>
  <trkpt lat="-7.76923408" lon="111.76239805">
   <ele>1007.599</ele>
  </trkpt>
  <trkpt lat="-7.76937447" lon="111.76253459">
   <ele>1004.715</ele>
  </trkpt>
  <trkpt lat="-7.76955041" lon="111.76270558">
   <ele>1002.312</ele>
  </trkpt>
  <trkpt lat="-7.76980044" lon="111.76301002">
   <ele>1000.87</ele>
  </trkpt>
  <trkpt lat="-7.76984772" lon="111.76312443">
   <ele>1000.87</ele>
  </trkpt>
  <trkpt lat="-7.77020227" lon="111.76346574">
   <ele>1000.87</ele>
  </trkpt>
  <trkpt lat="-7.77008794" lon="111.76380202">
   <ele>996.544</ele>
  </trkpt>
  <trkpt lat="-7.77001326" lon="111.76380571">
   <ele>996.544</ele>
  </trkpt>
  <trkpt lat="-7.76971931" lon="111.76390177">
   <ele>992.699</ele>
  </trkpt>
  <trkpt lat="-7.76956223" lon="111.76396463">
   <ele>989.815</ele>
  </trkpt>
  <trkpt lat="-7.76932226" lon="111.76399648">
   <ele>985.489</ele>
  </trkpt>
  <trkpt lat="-7.76908790" lon="111.76401526">
   <ele>982.605</ele>
  </trkpt>
  <trkpt lat="-7.76893862" lon="111.76406731">
   <ele>980.201</ele>
  </trkpt>
  <trkpt lat="-7.76877349" lon="111.76421978">
   <ele>975.875</ele>
  </trkpt>
  <trkpt lat="-7.76852371" lon="111.76434760">
   <ele>970.107</ele>
  </trkpt>
  <trkpt lat="-7.76844006" lon="111.76437794">
   <ele>968.185</ele>
  </trkpt>
  <trkpt lat="-7.76813529" lon="111.76445246">
   <ele>963.378</ele>
  </trkpt>
  <trkpt lat="-7.76799775" lon="111.76445246">
   <ele>961.937</ele>
  </trkpt>
  <trkpt lat="-7.76788887" lon="111.76435246">
   <ele>957.13</ele>
  </trkpt>
  <trkpt lat="-7.76780329" lon="111.76418206">
   <ele>954.246</ele>
  </trkpt>
  <trkpt lat="-7.76778778" lon="111.76374888">
   <ele>948.958</ele>
  </trkpt>
  <trkpt lat="-7.76778527" lon="111.76367923">
   <ele>948.478</ele>
  </trkpt>
  <trkpt lat="-7.76769935" lon="111.76347387">
   <ele>947.036</ele>
  </trkpt>
  <trkpt lat="-7.76758804" lon="111.76335686">
   <ele>946.555</ele>
  </trkpt>
  <trkpt lat="-7.76693928" lon="111.76323021">
   <ele>942.71</ele>
  </trkpt>
  <trkpt lat="-7.76668045" lon="111.76318830">
   <ele>940.787</ele>
  </trkpt>
  <trkpt lat="-7.76637853" lon="111.76306190">
   <ele>935.5</ele>
  </trkpt>
  <trkpt lat="-7.76628541" lon="111.76303617">
   <ele>935.5</ele>
  </trkpt>
  <trkpt lat="-7.76592541" lon="111.76293684">
   <ele>933.577</ele>
  </trkpt>
  <trkpt lat="-7.76514270" lon="111.76298336">
   <ele>931.655</ele>
  </trkpt>
  <trkpt lat="-7.76486501" lon="111.76305268">
   <ele>929.732</ele>
  </trkpt>
  <trkpt lat="-7.76450166" lon="111.76314354">
   <ele>926.848</ele>
  </trkpt>
  <trkpt lat="-7.76429839" lon="111.76317573">
   <ele>927.329</ele>
  </trkpt>
  <trkpt lat="-7.76402917" lon="111.76320020">
   <ele>927.329</ele>
  </trkpt>
  <trkpt lat="-7.76390051" lon="111.76320246">
   <ele>928.29</ele>
  </trkpt>
  <trkpt lat="-7.76325627" lon="111.76304346">
   <ele>928.29</ele>
  </trkpt>
  <trkpt lat="-7.76306667" lon="111.76302041">
   <ele>926.368</ele>
  </trkpt>
  <trkpt lat="-7.76293407" lon="111.76300817">
   <ele>924.926</ele>
  </trkpt>
  <trkpt lat="-7.76271991" lon="111.76298822">
   <ele>922.042</ele>
  </trkpt>
  <trkpt lat="-7.76242638" lon="111.76296098">
   <ele>918.196</ele>
  </trkpt>
  <trkpt lat="-7.76213360" lon="111.76293382">
   <ele>914.351</ele>
  </trkpt>
  <trkpt lat="-7.76191835" lon="111.76291388">
   <ele>910.987</ele>
  </trkpt>
  <trkpt lat="-7.76177184" lon="111.76290038">
   <ele>907.622</ele>
  </trkpt>
  <trkpt lat="-7.76153488" lon="111.76287834">
   <ele>903.296</ele>
  </trkpt>
  <trkpt lat="-7.76128720" lon="111.76285537">
   <ele>899.451</ele>
  </trkpt>
  <trkpt lat="-7.76111553" lon="111.76282980">
   <ele>895.605</ele>
  </trkpt>
  <trkpt lat="-7.76094622" lon="111.76277155">
   <ele>892.722</ele>
  </trkpt>
  <trkpt lat="-7.76076727" lon="111.76271011">
   <ele>888.876</ele>
  </trkpt>
  <trkpt lat="-7.76057289" lon="111.76264331">
   <ele>885.031</ele>
  </trkpt>
  <trkpt lat="-7.76037625" lon="111.76257583">
   <ele>882.147</ele>
  </trkpt>
  <trkpt lat="-7.75999278" lon="111.76244407">
   <ele>878.782</ele>
  </trkpt>
  <trkpt lat="-7.75961341" lon="111.76231373">
   <ele>875.417</ele>
  </trkpt>
  <trkpt lat="-7.75932960" lon="111.76221633">
   <ele>872.053</ele>
  </trkpt>
  <trkpt lat="-7.75884169" lon="111.76204870">
   <ele>868.688</ele>
  </trkpt>
  <trkpt lat="-7.75839343" lon="111.76189464">
   <ele>866.766</ele>
  </trkpt>
  <trkpt lat="-7.75831967" lon="111.76185172">
   <ele>865.805</ele>
  </trkpt>
  <trkpt lat="-7.75817365" lon="111.76169196">
   <ele>864.843</ele>
  </trkpt>
  <trkpt lat="-7.75794751" lon="111.76144461">
   <ele>860.517</ele>
  </trkpt>
  <trkpt lat="-7.75772262" lon="111.76119860">
   <ele>857.633</ele>
  </trkpt>
  <trkpt lat="-7.75767141" lon="111.76114261">
   <ele>856.672</ele>
  </trkpt>
  <trkpt lat="-7.75741274" lon="111.76103633">
   <ele>852.827</ele>
  </trkpt>
  <trkpt lat="-7.75732591" lon="111.76102895">
   <ele>851.385</ele>
  </trkpt>
  <trkpt lat="-7.75695048" lon="111.76099710">
   <ele>847.54</ele>
  </trkpt>
  <trkpt lat="-7.75676030" lon="111.76098101">
   <ele>845.136</ele>
  </trkpt>
  <trkpt lat="-7.75648680" lon="111.76095779">
   <ele>841.771</ele>
  </trkpt>
  <trkpt lat="-7.75632343" lon="111.76094404">
   <ele>838.888</ele>
  </trkpt>
  <trkpt lat="-7.75619745" lon="111.76090574">
   <ele>836.965</ele>
  </trkpt>
  <trkpt lat="-7.75619745" lon="111.76082611">
   <ele>835.042</ele>
  </trkpt>
  <trkpt lat="-7.75630415" lon="111.76077892">
   <ele>833.12</ele>
  </trkpt>
  <trkpt lat="-7.75668251" lon="111.76070323">
   <ele>829.755</ele>
  </trkpt>
  <trkpt lat="-7.75692844" lon="111.76060852">
   <ele>823.507</ele>
  </trkpt>
  <trkpt lat="-7.75708627" lon="111.76051087">
   <ele>820.623</ele>
  </trkpt>
  <trkpt lat="-7.75723773" lon="111.76041707">
   <ele>818.219</ele>
  </trkpt>
  <trkpt lat="-7.75749019" lon="111.76031691">
   <ele>813.893</ele>
  </trkpt>
  <trkpt lat="-7.75750017" lon="111.75994542">
   <ele>810.529</ele>
  </trkpt>
  <trkpt lat="-7.75737687" lon="111.75993000">
   <ele>809.567</ele>
  </trkpt>
  <trkpt lat="-7.75715282" lon="111.75990041">
   <ele>809.087</ele>
  </trkpt>
  <trkpt lat="-7.75667162" lon="111.75976002">
   <ele>809.087</ele>
  </trkpt>
  <trkpt lat="-7.75638227" lon="111.75963923">
   <ele>811.009</ele>
  </trkpt>
  <trkpt lat="-7.75614683" lon="111.75957612">
   <ele>811.009</ele>
  </trkpt>
  <trkpt lat="-7.75581750" lon="111.75968014">
   <ele>811.009</ele>
  </trkpt>
  <trkpt lat="-7.75568993" lon="111.75972045">
   <ele>811.971</ele>
  </trkpt>
  <trkpt lat="-7.75533018" lon="111.75981760">
   <ele>813.413</ele>
  </trkpt>
  <trkpt lat="-7.75515659" lon="111.75981760">
   <ele>813.893</ele>
  </trkpt>
  <trkpt lat="-7.75485928" lon="111.75987845">
   <ele>816.297</ele>
  </trkpt>
  <trkpt lat="-7.75458788" lon="111.75976220">
   <ele>819.181</ele>
  </trkpt>
  <trkpt lat="-7.75451730" lon="111.75971610">
   <ele>820.142</ele>
  </trkpt>
  <trkpt lat="-7.75436483" lon="111.75960177">
   <ele>821.584</ele>
  </trkpt>
  <trkpt lat="-7.75421362" lon="111.75949364">
   <ele>822.064</ele>
  </trkpt>
  <trkpt lat="-7.75412955" lon="111.75947679">
   <ele>822.545</ele>
  </trkpt>
  <trkpt lat="-7.75397248" lon="111.75944544">
   <ele>823.987</ele>
  </trkpt>
  <trkpt lat="-7.75385513" lon="111.75944427">
   <ele>825.91</ele>
  </trkpt>
  <trkpt lat="-7.75371172" lon="111.75948417">
   <ele>826.871</ele>
  </trkpt>
  <trkpt lat="-7.75314208" lon="111.75957084">
   <ele>823.026</ele>
  </trkpt>
  <trkpt lat="-7.75275987" lon="111.75960386">
   <ele>820.623</ele>
  </trkpt>
  <trkpt lat="-7.75256733" lon="111.75962046">
   <ele>817.258</ele>
  </trkpt>
  <trkpt lat="-7.75237044" lon="111.75963747">
   <ele>815.816</ele>
  </trkpt>
  <trkpt lat="-7.75219652" lon="111.75967938">
   <ele>814.374</ele>
  </trkpt>
  <trkpt lat="-7.75211647" lon="111.75971542">
   <ele>814.855</ele>
  </trkpt>
  <trkpt lat="-7.75187507" lon="111.75982405">
   <ele>816.297</ele>
  </trkpt>
  <trkpt lat="-7.75102892" lon="111.75988876">
   <ele>815.335</ele>
  </trkpt>
  <trkpt lat="-7.75082356" lon="111.75992296">
   <ele>812.932</ele>
  </trkpt>
  <trkpt lat="-7.75045141" lon="111.76004760">
   <ele>811.009</ele>
  </trkpt>
  <trkpt lat="-7.75019090" lon="111.76011784">
   <ele>808.606</ele>
  </trkpt>
  <trkpt lat="-7.74993315" lon="111.76012488">
   <ele>804.761</ele>
  </trkpt>
  <trkpt lat="-7.74975026" lon="111.76009999">
   <ele>801.877</ele>
  </trkpt>
  <trkpt lat="-7.74955639" lon="111.76008046">
   <ele>798.032</ele>
  </trkpt>
  <trkpt lat="-7.74928263" lon="111.76021733">
   <ele>794.186</ele>
  </trkpt>
  <trkpt lat="-7.74916051" lon="111.76032085">
   <ele>794.186</ele>
  </trkpt>
  <trkpt lat="-7.74872038" lon="111.76071698">
   <ele>793.225</ele>
  </trkpt>
  <trkpt lat="-7.74856464" lon="111.76082443">
   <ele>792.744</ele>
  </trkpt>
  <trkpt lat="-7.74812836" lon="111.76097204">
   <ele>788.899</ele>
  </trkpt>
  <trkpt lat="-7.74803801" lon="111.76100272">
   <ele>788.418</ele>
  </trkpt>
  <trkpt lat="-7.74777356" lon="111.76109215">
   <ele>785.534</ele>
  </trkpt>
  <trkpt lat="-7.74735429" lon="111.76123414">
   <ele>780.728</ele>
  </trkpt>
  <trkpt lat="-7.74717283" lon="111.76129919">
   <ele>777.363</ele>
  </trkpt>
  <trkpt lat="-7.74697619" lon="111.76137898">
   <ele>773.518</ele>
  </trkpt>
  <trkpt lat="-7.74676924" lon="111.76146288">
   <ele>770.153</ele>
  </trkpt>
  <trkpt lat="-7.74646061" lon="111.76158811">
   <ele>766.789</ele>
  </trkpt>
  <trkpt lat="-7.74614797" lon="111.76171493">
   <ele>762.463</ele>
  </trkpt>
  <trkpt lat="-7.74584614" lon="111.76183739">
   <ele>759.098</ele>
  </trkpt>
  <trkpt lat="-7.74565687" lon="111.76191417">
   <ele>755.734</ele>
  </trkpt>
  <trkpt lat="-7.74546702" lon="111.76199120">
   <ele>751.888</ele>
  </trkpt>
  <trkpt lat="-7.74518397" lon="111.76210603">
   <ele>749.004</ele>
  </trkpt>
  <trkpt lat="-7.74491583" lon="111.76221742">
   <ele>745.64</ele>
  </trkpt>
  <trkpt lat="-7.74467309" lon="111.76233301">
   <ele>741.794</ele>
  </trkpt>
  <trkpt lat="-7.74443035" lon="111.76244868">
   <ele>738.911</ele>
  </trkpt>
  <trkpt lat="-7.74421024" lon="111.76255345">
   <ele>735.546</ele>
  </trkpt>
  <trkpt lat="-7.74408661" lon="111.76261238">
   <ele>733.623</ele>
  </trkpt>
  <trkpt lat="-7.74377983" lon="111.76286560">
   <ele>729.297</ele>
  </trkpt>
  <trkpt lat="-7.74374236" lon="111.76289820">
   <ele>729.297</ele>
  </trkpt>
  <trkpt lat="-7.74352368" lon="111.76319852">
   <ele>727.375</ele>
  </trkpt>
  <trkpt lat="-7.74355561" lon="111.76328226">
   <ele>725.452</ele>
  </trkpt>
  <trkpt lat="-7.74363181" lon="111.76345250">
   <ele>722.087</ele>
  </trkpt>
  <trkpt lat="-7.74362669" lon="111.76347312">
   <ele>722.568</ele>
  </trkpt>
  <trkpt lat="-7.74349225" lon="111.76345644">
   <ele>718.723</ele>
  </trkpt>
  <trkpt lat="-7.74327205" lon="111.76340573">
   <ele>714.877</ele>
  </trkpt>
  <trkpt lat="-7.74322109" lon="111.76339391">
   <ele>714.877</ele>
  </trkpt>
  <trkpt lat="-7.74295983" lon="111.76333372">
   <ele>711.513</ele>
  </trkpt>
  <trkpt lat="-7.74290551" lon="111.76332107">
   <ele>711.032</ele>
  </trkpt>
  <trkpt lat="-7.74264392" lon="111.76330472">
   <ele>707.668</ele>
  </trkpt>
  <trkpt lat="-7.74260175" lon="111.76330808">
   <ele>707.668</ele>
  </trkpt>
  <trkpt lat="-7.74232607" lon="111.76342199">
   <ele>703.823</ele>
  </trkpt>
  <trkpt lat="-7.74209289" lon="111.76357336">
   <ele>699.496</ele>
  </trkpt>
  <trkpt lat="-7.74195308" lon="111.76369574">
   <ele>697.093</ele>
  </trkpt>
  <trkpt lat="-7.74175669" lon="111.76385156">
   <ele>695.651</ele>
  </trkpt>
  <trkpt lat="-7.74147908" lon="111.76399036">
   <ele>692.287</ele>
  </trkpt>
  <trkpt lat="-7.74126249" lon="111.76407703">
   <ele>688.441</ele>
  </trkpt>
  <trkpt lat="-7.74110123" lon="111.76410394">
   <ele>683.154</ele>
  </trkpt>
  <trkpt lat="-7.74092445" lon="111.76411408">
   <ele>679.309</ele>
  </trkpt>
  <trkpt lat="-7.74064827" lon="111.76412330">
   <ele>675.463</ele>
  </trkpt>
  <trkpt lat="-7.74038650" lon="111.76409421">
   <ele>671.138</ele>
  </trkpt>
  <trkpt lat="-7.74023353" lon="111.76395399">
   <ele>666.331</ele>
  </trkpt>
  <trkpt lat="-7.74018710" lon="111.76391149">
   <ele>664.889</ele>
  </trkpt>
  <trkpt lat="-7.74007168" lon="111.76385717">
   <ele>662.966</ele>
  </trkpt>
  <trkpt lat="-7.73996120" lon="111.76381468">
   <ele>662.005</ele>
  </trkpt>
  <trkpt lat="-7.73952794" lon="111.76387243">
   <ele>663.447</ele>
  </trkpt>
  <trkpt lat="-7.73931798" lon="111.76396362">
   <ele>665.37</ele>
  </trkpt>
  <trkpt lat="-7.73919007" lon="111.76401962">
   <ele>667.773</ele>
  </trkpt>
  <trkpt lat="-7.73893509" lon="111.76426973">
   <ele>672.58</ele>
  </trkpt>
  <trkpt lat="-7.73886158" lon="111.76433695">
   <ele>672.58</ele>
  </trkpt>
  <trkpt lat="-7.73878606" lon="111.76438825">
   <ele>672.58</ele>
  </trkpt>
  <trkpt lat="-7.73778727" lon="111.76506668">
   <ele>674.021</ele>
  </trkpt>
  <trkpt lat="-7.73726977" lon="111.76535821">
   <ele>670.176</ele>
  </trkpt>
  <trkpt lat="-7.73684783" lon="111.76554680">
   <ele>667.292</ele>
  </trkpt>
  <trkpt lat="-7.73655832" lon="111.76580831">
   <ele>669.215</ele>
  </trkpt>
  <trkpt lat="-7.73641457" lon="111.76608098">
   <ele>672.58</ele>
  </trkpt>
  <trkpt lat="-7.73621147" lon="111.76637485">
   <ele>677.386</ele>
  </trkpt>
  <trkpt lat="-7.73607166" lon="111.76648842">
   <ele>678.828</ele>
  </trkpt>
  <trkpt lat="-7.73587352" lon="111.76667131">
   <ele>681.712</ele>
  </trkpt>
  <trkpt lat="-7.73567436" lon="111.76688229">
   <ele>682.193</ele>
  </trkpt>
  <trkpt lat="-7.73484380" lon="111.76726677">
   <ele>682.673</ele>
  </trkpt>
  <trkpt lat="-7.73460248" lon="111.76753792">
   <ele>682.193</ele>
  </trkpt>
  <trkpt lat="-7.73447131" lon="111.76776800">
   <ele>681.231</ele>
  </trkpt>
  <trkpt lat="-7.73431063" lon="111.76799297">
   <ele>679.309</ele>
  </trkpt>
  <trkpt lat="-7.73415791" lon="111.76804528">
   <ele>678.828</ele>
  </trkpt>
  <trkpt lat="-7.73359339" lon="111.76823856">
   <ele>675.463</ele>
  </trkpt>
  <trkpt lat="-7.73342106" lon="111.76829757">
   <ele>673.06</ele>
  </trkpt>
  <trkpt lat="-7.73333489" lon="111.76832699">
   <ele>674.502</ele>
  </trkpt>
 </trkseg>
</trk>
<trk>
 <name>Track 331</name>
 <trkseg>
  <trkpt lat="-7.79922570" lon="111.75097511">
   <ele>2376.997</ele>
  </trkpt>
  <trkpt lat="-7.79908539" lon="111.75091920">
   <ele>2376.516</ele>
  </trkpt>
  <trkpt lat="-7.79904130" lon="111.75091996">
   <ele>2375.074</ele>
  </trkpt>
  <trkpt lat="-7.79903426" lon="111.75096413">
   <ele>2373.152</ele>
  </trkpt>
  <trkpt lat="-7.79898204" lon="111.75097578">
   <ele>2371.229</ele>
  </trkpt>
  <trkpt lat="-7.79895153" lon="111.75096807">
   <ele>2370.749</ele>
  </trkpt>
  <trkpt lat="-7.79890518" lon="111.75094284">
   <ele>2369.787</ele>
  </trkpt>
  <trkpt lat="-7.79885455" lon="111.75087109">
   <ele>2369.787</ele>
  </trkpt>
  <trkpt lat="-7.79883569" lon="111.75086598">
   <ele>2366.423</ele>
  </trkpt>
  <trkpt lat="-7.79880040" lon="111.75088400">
   <ele>2364.981</ele>
  </trkpt>
  <trkpt lat="-7.79882505" lon="111.75091443">
   <ele>2364.981</ele>
  </trkpt>
  <trkpt lat="-7.79881851" lon="111.75093823">
   <ele>2363.538</ele>
  </trkpt>
  <trkpt lat="-7.79877475" lon="111.75095826">
   <ele>2362.577</ele>
  </trkpt>
  <trkpt lat="-7.79875497" lon="111.75097654">
   <ele>2359.213</ele>
  </trkpt>
  <trkpt lat="-7.79868306" lon="111.75097997">
   <ele>2356.809</ele>
  </trkpt>
  <trkpt lat="-7.79862639" lon="111.75098668">
   <ele>2353.445</ele>
  </trkpt>
  <trkpt lat="-7.79859748" lon="111.75101560">
   <ele>2351.042</ele>
  </trkpt>
  <trkpt lat="-7.79858172" lon="111.75103605">
   <ele>2349.6</ele>
  </trkpt>
  <trkpt lat="-7.79857418" lon="111.75109631">
   <ele>2346.235</ele>
  </trkpt>
  <trkpt lat="-7.79856018" lon="111.75115834">
   <ele>2343.832</ele>
  </trkpt>
  <trkpt lat="-7.79853403" lon="111.75120846">
   <ele>2341.428</ele>
  </trkpt>
  <trkpt lat="-7.79850041" lon="111.75124937">
   <ele>2338.544</ele>
  </trkpt>
  <trkpt lat="-7.79846722" lon="111.75126471">
   <ele>2335.18</ele>
  </trkpt>
  <trkpt lat="-7.79844409" lon="111.75130125">
   <ele>2332.296</ele>
  </trkpt>
  <trkpt lat="-7.79840654" lon="111.75133947">
   <ele>2329.892</ele>
  </trkpt>
  <trkpt lat="-7.79838407" lon="111.75137862">
   <ele>2327.009</ele>
  </trkpt>
  <trkpt lat="-7.79835843" lon="111.75140678">
   <ele>2323.644</ele>
  </trkpt>
  <trkpt lat="-7.79835935" lon="111.75144668">
   <ele>2322.683</ele>
  </trkpt>
  <trkpt lat="-7.79836840" lon="111.75150502">
   <ele>2321.24</ele>
  </trkpt>
  <trkpt lat="-7.79836605" lon="111.75150133">
   <ele>2319.318</ele>
  </trkpt>
  <trkpt lat="-7.79834669" lon="111.75152052">
   <ele>2316.434</ele>
  </trkpt>
  <trkpt lat="-7.79833001" lon="111.75152924">
   <ele>2315.473</ele>
  </trkpt>
  <trkpt lat="-7.79830704" lon="111.75154910">
   <ele>2311.627</ele>
  </trkpt>
  <trkpt lat="-7.79827796" lon="111.75160225">
   <ele>2308.743</ele>
  </trkpt>
  <trkpt lat="-7.79825868" lon="111.75163996">
   <ele>2305.379</ele>
  </trkpt>
  <trkpt lat="-7.79822432" lon="111.75167366">
   <ele>2302.976</ele>
  </trkpt>
  <trkpt lat="-7.79821342" lon="111.75172010">
   <ele>2299.611</ele>
  </trkpt>
  <trkpt lat="-7.79817067" lon="111.75174482">
   <ele>2296.727</ele>
  </trkpt>
  <trkpt lat="-7.79816782" lon="111.75174943">
   <ele>2296.727</ele>
  </trkpt>
  <trkpt lat="-7.79816363" lon="111.75179629">
   <ele>2293.362</ele>
  </trkpt>
  <trkpt lat="-7.79816992" lon="111.75180115">
   <ele>2291.92</ele>
  </trkpt>
  <trkpt lat="-7.79816229" lon="111.75181104">
   <ele>2289.036</ele>
  </trkpt>
  <trkpt lat="-7.79814108" lon="111.75183224">
   <ele>2286.633</ele>
  </trkpt>
  <trkpt lat="-7.79811275" lon="111.75188103">
   <ele>2282.307</ele>
  </trkpt>
  <trkpt lat="-7.79805450" lon="111.75190818">
   <ele>2279.904</ele>
  </trkpt>
  <trkpt lat="-7.79801116" lon="111.75193928">
   <ele>2275.578</ele>
  </trkpt>
  <trkpt lat="-7.79800706" lon="111.75195244">
   <ele>2274.617</ele>
  </trkpt>
  <trkpt lat="-7.79797344" lon="111.75198019">
   <ele>2271.733</ele>
  </trkpt>
  <trkpt lat="-7.79792642" lon="111.75201003">
   <ele>2268.368</ele>
  </trkpt>
  <trkpt lat="-7.79786959" lon="111.75204104">
   <ele>2265.003</ele>
  </trkpt>
  <trkpt lat="-7.79782559" lon="111.75205395">
   <ele>2264.042</ele>
  </trkpt>
  <trkpt lat="-7.79777320" lon="111.75207415">
   <ele>2261.158</ele>
  </trkpt>
  <trkpt lat="-7.79772635" lon="111.75214120">
   <ele>2257.794</ele>
  </trkpt>
  <trkpt lat="-7.79768913" lon="111.75218898">
   <ele>2255.871</ele>
  </trkpt>
  <trkpt lat="-7.79763867" lon="111.75220096">
   <ele>2252.506</ele>
  </trkpt>
  <trkpt lat="-7.79762836" lon="111.75221672">
   <ele>2252.026</ele>
  </trkpt>
  <trkpt lat="-7.79761554" lon="111.75222418">
   <ele>2248.18</ele>
  </trkpt>
  <trkpt lat="-7.79759349" lon="111.75224832">
   <ele>2244.816</ele>
  </trkpt>
  <trkpt lat="-7.79754496" lon="111.75230054">
   <ele>2243.854</ele>
  </trkpt>
  <trkpt lat="-7.79752979" lon="111.75232217">
   <ele>2240.49</ele>
  </trkpt>
  <trkpt lat="-7.79747380" lon="111.75234748">
   <ele>2237.125</ele>
  </trkpt>
  <trkpt lat="-7.79741789" lon="111.75238847">
   <ele>2234.722</ele>
  </trkpt>
  <trkpt lat="-7.79737816" lon="111.75240196">
   <ele>2231.357</ele>
  </trkpt>
  <trkpt lat="-7.79738445" lon="111.75242920">
   <ele>2228.473</ele>
  </trkpt>
  <trkpt lat="-7.79733818" lon="111.75245695">
   <ele>2225.109</ele>
  </trkpt>
  <trkpt lat="-7.79728269" lon="111.75249165">
   <ele>2221.744</ele>
  </trkpt>
  <trkpt lat="-7.79725629" lon="111.75253121">
   <ele>2218.86</ele>
  </trkpt>
  <trkpt lat="-7.79719141" lon="111.75255359">
   <ele>2215.496</ele>
  </trkpt>
  <trkpt lat="-7.79717909" lon="111.75256818">
   <ele>2212.131</ele>
  </trkpt>
  <trkpt lat="-7.79714976" lon="111.75257388">
   <ele>2210.208</ele>
  </trkpt>
  <trkpt lat="-7.79710961" lon="111.75258293">
   <ele>2207.324</ele>
  </trkpt>
  <trkpt lat="-7.79707164" lon="111.75258989">
   <ele>2204.921</ele>
  </trkpt>
  <trkpt lat="-7.79705579" lon="111.75261461">
   <ele>2201.556</ele>
  </trkpt>
  <trkpt lat="-7.79702218" lon="111.75261796">
   <ele>2198.672</ele>
  </trkpt>
  <trkpt lat="-7.79697600" lon="111.75263096">
   <ele>2195.308</ele>
  </trkpt>
  <trkpt lat="-7.79694264" lon="111.75264797">
   <ele>2193.385</ele>
  </trkpt>
  <trkpt lat="-7.79690173" lon="111.75266583">
   <ele>2190.982</ele>
  </trkpt>
  <trkpt lat="-7.79687592" lon="111.75270103">
   <ele>2188.579</ele>
  </trkpt>
  <trkpt lat="-7.79682973" lon="111.75272651">
   <ele>2186.656</ele>
  </trkpt>
  <trkpt lat="-7.79677240" lon="111.75277102">
   <ele>2183.772</ele>
  </trkpt>
  <trkpt lat="-7.79671281" lon="111.75280681">
   <ele>2180.888</ele>
  </trkpt>
  <trkpt lat="-7.79666905" lon="111.75282240">
   <ele>2178.004</ele>
  </trkpt>
  <trkpt lat="-7.79662924" lon="111.75284553">
   <ele>2175.601</ele>
  </trkpt>
  <trkpt lat="-7.79659898" lon="111.75287177">
   <ele>2174.159</ele>
  </trkpt>
  <trkpt lat="-7.79657451" lon="111.75289951">
   <ele>2170.794</ele>
  </trkpt>
  <trkpt lat="-7.79653670" lon="111.75293162">
   <ele>2167.91</ele>
  </trkpt>
  <trkpt lat="-7.79651156" lon="111.75297914">
   <ele>2164.546</ele>
  </trkpt>
  <trkpt lat="-7.79647317" lon="111.75298945">
   <ele>2162.142</ele>
  </trkpt>
  <trkpt lat="-7.79641734" lon="111.75301242">
   <ele>2159.739</ele>
  </trkpt>
  <trkpt lat="-7.79637585" lon="111.75302105">
   <ele>2158.297</ele>
  </trkpt>
  <trkpt lat="-7.79635658" lon="111.75305340">
   <ele>2156.375</ele>
  </trkpt>
  <trkpt lat="-7.79634140" lon="111.75307134">
   <ele>2153.971</ele>
  </trkpt>
  <trkpt lat="-7.79631140" lon="111.75308559">
   <ele>2152.048</ele>
  </trkpt>
  <trkpt lat="-7.79625557" lon="111.75312004">
   <ele>2148.684</ele>
  </trkpt>
  <trkpt lat="-7.79624149" lon="111.75312767">
   <ele>2147.723</ele>
  </trkpt>
  <trkpt lat="-7.79622431" lon="111.75316681">
   <ele>2145.319</ele>
  </trkpt>
  <trkpt lat="-7.79617343" lon="111.75318014">
   <ele>2144.358</ele>
  </trkpt>
  <trkpt lat="-7.79619061" lon="111.75319313">
   <ele>2143.877</ele>
  </trkpt>
  <trkpt lat="-7.79617033" lon="111.75319841">
   <ele>2142.436</ele>
  </trkpt>
  <trkpt lat="-7.79613781" lon="111.75321425">
   <ele>2140.513</ele>
  </trkpt>
  <trkpt lat="-7.79609850" lon="111.75322490">
   <ele>2137.629</ele>
  </trkpt>
  <trkpt lat="-7.79602842" lon="111.75324166">
   <ele>2135.706</ele>
  </trkpt>
  <trkpt lat="-7.79597973" lon="111.75327175">
   <ele>2133.303</ele>
  </trkpt>
  <trkpt lat="-7.79591829" lon="111.75328843">
   <ele>2131.38</ele>
  </trkpt>
  <trkpt lat="-7.79587805" lon="111.75331752">
   <ele>2129.458</ele>
  </trkpt>
  <trkpt lat="-7.79581418" lon="111.75334191">
   <ele>2126.093</ele>
  </trkpt>
  <trkpt lat="-7.79574981" lon="111.75336404">
   <ele>2123.209</ele>
  </trkpt>
  <trkpt lat="-7.79569348" lon="111.75339279">
   <ele>2120.806</ele>
  </trkpt>
  <trkpt lat="-7.79562593" lon="111.75339505">
   <ele>2118.402</ele>
  </trkpt>
  <trkpt lat="-7.79559340" lon="111.75342430">
   <ele>2115.038</ele>
  </trkpt>
  <trkpt lat="-7.79554420" lon="111.75345439">
   <ele>2112.154</ele>
  </trkpt>
  <trkpt lat="-7.79552149" lon="111.75348499">
   <ele>2110.231</ele>
  </trkpt>
  <trkpt lat="-7.79548167" lon="111.75349672">
   <ele>2107.828</ele>
  </trkpt>
  <trkpt lat="-7.79544245" lon="111.75351768">
   <ele>2104.463</ele>
  </trkpt>
  <trkpt lat="-7.79539542" lon="111.75351994">
   <ele>2103.021</ele>
  </trkpt>
  <trkpt lat="-7.79536416" lon="111.75351592">
   <ele>2099.657</ele>
  </trkpt>
  <trkpt lat="-7.79532711" lon="111.75352614">
   <ele>2096.773</ele>
  </trkpt>
  <trkpt lat="-7.79529492" lon="111.75354593">
   <ele>2093.889</ele>
  </trkpt>
  <trkpt lat="-7.79523902" lon="111.75357342">
   <ele>2091.005</ele>
  </trkpt>
  <trkpt lat="-7.79519870" lon="111.75360016">
   <ele>2089.563</ele>
  </trkpt>
  <trkpt lat="-7.79515428" lon="111.75363000">
   <ele>2087.159</ele>
  </trkpt>
  <trkpt lat="-7.79511823" lon="111.75365254">
   <ele>2085.237</ele>
  </trkpt>
  <trkpt lat="-7.79507431" lon="111.75366512">
   <ele>2082.353</ele>
  </trkpt>
  <trkpt lat="-7.79504430" lon="111.75368532">
   <ele>2079.95</ele>
  </trkpt>
  <trkpt lat="-7.79501463" lon="111.75371063">
   <ele>2077.066</ele>
  </trkpt>
  <trkpt lat="-7.79497113" lon="111.75373083">
   <ele>2075.143</ele>
  </trkpt>
  <trkpt lat="-7.79493341" lon="111.75374692">
   <ele>2071.778</ele>
  </trkpt>
  <trkpt lat="-7.79490877" lon="111.75377852">
   <ele>2069.856</ele>
  </trkpt>
  <trkpt lat="-7.79487457" lon="111.75379696">
   <ele>2067.452</ele>
  </trkpt>
  <trkpt lat="-7.79483509" lon="111.75382320">
   <ele>2065.049</ele>
  </trkpt>
  <trkpt lat="-7.79480617" lon="111.75386243">
   <ele>2062.165</ele>
  </trkpt>
  <trkpt lat="-7.79475790" lon="111.75389612">
   <ele>2058.801</ele>
  </trkpt>
  <trkpt lat="-7.79474901" lon="111.75390551">
   <ele>2058.32</ele>
  </trkpt>
  <trkpt lat="-7.79474482" lon="111.75392428">
   <ele>2055.436</ele>
  </trkpt>
  <trkpt lat="-7.79465321" lon="111.75398078">
   <ele>2052.552</ele>
  </trkpt>
  <trkpt lat="-7.79462848" lon="111.75399788">
   <ele>2050.149</ele>
  </trkpt>
  <trkpt lat="-7.79460300" lon="111.75401841">
   <ele>2046.784</ele>
  </trkpt>
  <trkpt lat="-7.79456964" lon="111.75403945">
   <ele>2044.862</ele>
  </trkpt>
  <trkpt lat="-7.79453921" lon="111.75406292">
   <ele>2042.939</ele>
  </trkpt>
  <trkpt lat="-7.79444818" lon="111.75409460">
   <ele>2039.574</ele>
  </trkpt>
  <trkpt lat="-7.79438532" lon="111.75412411">
   <ele>2037.171</ele>
  </trkpt>
  <trkpt lat="-7.79431952" lon="111.75414884">
   <ele>2034.287</ele>
  </trkpt>
  <trkpt lat="-7.79427292" lon="111.75416878">
   <ele>2030.923</ele>
  </trkpt>
  <trkpt lat="-7.79424107" lon="111.75417951">
   <ele>2028.519</ele>
  </trkpt>
  <trkpt lat="-7.79416705" lon="111.75421044">
   <ele>2026.116</ele>
  </trkpt>
  <trkpt lat="-7.79410092" lon="111.75424984">
   <ele>2022.751</ele>
  </trkpt>
  <trkpt lat="-7.79404803" lon="111.75428378">
   <ele>2020.829</ele>
  </trkpt>
  <trkpt lat="-7.79398961" lon="111.75429099">
   <ele>2018.425</ele>
  </trkpt>
  <trkpt lat="-7.79395198" lon="111.75431228">
   <ele>2016.983</ele>
  </trkpt>
  <trkpt lat="-7.79389481" lon="111.75434774">
   <ele>2013.619</ele>
  </trkpt>
  <trkpt lat="-7.79385039" lon="111.75438244">
   <ele>2011.696</ele>
  </trkpt>
  <trkpt lat="-7.79384075" lon="111.75438646">
   <ele>2012.177</ele>
  </trkpt>
  <trkpt lat="-7.79383798" lon="111.75439241">
   <ele>2008.812</ele>
  </trkpt>
  <trkpt lat="-7.79383672" lon="111.75439317">
   <ele>2008.812</ele>
  </trkpt>
  <trkpt lat="-7.79375483" lon="111.75444623">
   <ele>2005.448</ele>
  </trkpt>
  <trkpt lat="-7.79370571" lon="111.75447187">
   <ele>2003.044</ele>
  </trkpt>
  <trkpt lat="-7.79361955" lon="111.75448914">
   <ele>1999.68</ele>
  </trkpt>
  <trkpt lat="-7.79356389" lon="111.75453222">
   <ele>1996.315</ele>
  </trkpt>
  <trkpt lat="-7.79347396" lon="111.75456131">
   <ele>1993.431</ele>
  </trkpt>
  <trkpt lat="-7.79344445" lon="111.75459685">
   <ele>1991.989</ele>
  </trkpt>
  <trkpt lat="-7.79338712" lon="111.75459743">
   <ele>1989.105</ele>
  </trkpt>
  <trkpt lat="-7.79331017" lon="111.75460473">
   <ele>1985.74</ele>
  </trkpt>
  <trkpt lat="-7.79324278" lon="111.75463331">
   <ele>1982.856</ele>
  </trkpt>
  <trkpt lat="-7.79315067" lon="111.75467002">
   <ele>1979.972</ele>
  </trkpt>
  <trkpt lat="-7.79306584" lon="111.75471847">
   <ele>1976.608</ele>
  </trkpt>
  <trkpt lat="-7.79300591" lon="111.75477002">
   <ele>1974.205</ele>
  </trkpt>
  <trkpt lat="-7.79297037" lon="111.75480128">
   <ele>1973.243</ele>
  </trkpt>
  <trkpt lat="-7.79291723" lon="111.75479726">
   <ele>1970.84</ele>
  </trkpt>
  <trkpt lat="-7.79286928" lon="111.75480556">
   <ele>1968.917</ele>
  </trkpt>
  <trkpt lat="-7.79279787" lon="111.75482173">
   <ele>1966.033</ele>
  </trkpt>
  <trkpt lat="-7.79275605" lon="111.75486021">
   <ele>1963.149</ele>
  </trkpt>
  <trkpt lat="-7.79270525" lon="111.75488804">
   <ele>1960.265</ele>
  </trkpt>
  <trkpt lat="-7.79269813" lon="111.75490706">
   <ele>1960.265</ele>
  </trkpt>
  <trkpt lat="-7.79270005" lon="111.75491729">
   <ele>1959.785</ele>
  </trkpt>
  <trkpt lat="-7.79272227" lon="111.75497998">
   <ele>1956.42</ele>
  </trkpt>
  <trkpt lat="-7.79267365" lon="111.75501142">
   <ele>1954.498</ele>
  </trkpt>
  <trkpt lat="-7.79259654" lon="111.75498636">
   <ele>1952.575</ele>
  </trkpt>
  <trkpt lat="-7.79254314" lon="111.75495920">
   <ele>1949.691</ele>
  </trkpt>
  <trkpt lat="-7.79254130" lon="111.75497194">
   <ele>1948.73</ele>
  </trkpt>
  <trkpt lat="-7.79249319" lon="111.75494009">
   <ele>1945.846</ele>
  </trkpt>
  <trkpt lat="-7.79244449" lon="111.75492886">
   <ele>1943.923</ele>
  </trkpt>
  <trkpt lat="-7.79239386" lon="111.75492399">
   <ele>1941.039</ele>
  </trkpt>
  <trkpt lat="-7.79237266" lon="111.75492433">
   <ele>1939.597</ele>
  </trkpt>
  <trkpt lat="-7.79230141" lon="111.75488695">
   <ele>1935.752</ele>
  </trkpt>
  <trkpt lat="-7.79226780" lon="111.75490002">
   <ele>1933.349</ele>
  </trkpt>
  <trkpt lat="-7.79221080" lon="111.75489809">
   <ele>1931.426</ele>
  </trkpt>
  <trkpt lat="-7.79213721" lon="111.75486968">
   <ele>1928.542</ele>
  </trkpt>
  <trkpt lat="-7.79208977" lon="111.75487949">
   <ele>1927.1</ele>
  </trkpt>
  <trkpt lat="-7.79201995" lon="111.75489591">
   <ele>1923.735</ele>
  </trkpt>
  <trkpt lat="-7.79193596" lon="111.75490413">
   <ele>1920.371</ele>
  </trkpt>
  <trkpt lat="-7.79188106" lon="111.75490513">
   <ele>1918.448</ele>
  </trkpt>
  <trkpt lat="-7.79182373" lon="111.75489726">
   <ele>1915.564</ele>
  </trkpt>
  <trkpt lat="-7.79177620" lon="111.75492642">
   <ele>1913.161</ele>
  </trkpt>
  <trkpt lat="-7.79167964" lon="111.75492994">
   <ele>1909.796</ele>
  </trkpt>
  <trkpt lat="-7.79156799" lon="111.75496230">
   <ele>1907.874</ele>
  </trkpt>
  <trkpt lat="-7.79152759" lon="111.75498225">
   <ele>1904.99</ele>
  </trkpt>
  <trkpt lat="-7.79143439" lon="111.75501812">
   <ele>1902.106</ele>
  </trkpt>
  <trkpt lat="-7.79135803" lon="111.75502508">
   <ele>1899.702</ele>
  </trkpt>
  <trkpt lat="-7.79130883" lon="111.75506573">
   <ele>1896.818</ele>
  </trkpt>
  <trkpt lat="-7.79122375" lon="111.75508023">
   <ele>1892.973</ele>
  </trkpt>
  <trkpt lat="-7.79115586" lon="111.75510898">
   <ele>1890.089</ele>
  </trkpt>
  <trkpt lat="-7.79113834" lon="111.75512013">
   <ele>1889.609</ele>
  </trkpt>
  <trkpt lat="-7.79108872" lon="111.75512834">
   <ele>1886.244</ele>
  </trkpt>
  <trkpt lat="-7.79099132" lon="111.75513941">
   <ele>1883.841</ele>
  </trkpt>
  <trkpt lat="-7.79091228" lon="111.75515701">
   <ele>1880.957</ele>
  </trkpt>
  <trkpt lat="-7.79084296" lon="111.75516665">
   <ele>1879.034</ele>
  </trkpt>
  <trkpt lat="-7.79076995" lon="111.75517587">
   <ele>1875.669</ele>
  </trkpt>
  <trkpt lat="-7.79070960" lon="111.75520051">
   <ele>1873.266</ele>
  </trkpt>
  <trkpt lat="-7.79065001" lon="111.75522004">
   <ele>1869.902</ele>
  </trkpt>
  <trkpt lat="-7.79054037" lon="111.75524418">
   <ele>1867.018</ele>
  </trkpt>
  <trkpt lat="-7.79046435" lon="111.75525273">
   <ele>1863.172</ele>
  </trkpt>
  <trkpt lat="-7.79035983" lon="111.75525256">
   <ele>1859.808</ele>
  </trkpt>
  <trkpt lat="-7.79031817" lon="111.75527092">
   <ele>1857.885</ele>
  </trkpt>
  <trkpt lat="-7.79027006" lon="111.75530034">
   <ele>1855.001</ele>
  </trkpt>
  <trkpt lat="-7.79022790" lon="111.75531442">
   <ele>1853.559</ele>
  </trkpt>
  <trkpt lat="-7.79018356" lon="111.75533898">
   <ele>1850.195</ele>
  </trkpt>
  <trkpt lat="-7.79013486" lon="111.75536773">
   <ele>1847.311</ele>
  </trkpt>
  <trkpt lat="-7.79009689" lon="111.75538475">
   <ele>1843.946</ele>
  </trkpt>
  <trkpt lat="-7.79007434" lon="111.75539321">
   <ele>1842.985</ele>
  </trkpt>
  <trkpt lat="-7.79004509" lon="111.75540780">
   <ele>1841.062</ele>
  </trkpt>
  <trkpt lat="-7.79000552" lon="111.75541945">
   <ele>1838.659</ele>
  </trkpt>
  <trkpt lat="-7.78997174" lon="111.75543814">
   <ele>1835.775</ele>
  </trkpt>
  <trkpt lat="-7.78992975" lon="111.75544987">
   <ele>1833.371</ele>
  </trkpt>
  <trkpt lat="-7.78989354" lon="111.75545515">
   <ele>1830.968</ele>
  </trkpt>
  <trkpt lat="-7.78986907" lon="111.75545826">
   <ele>1828.565</ele>
  </trkpt>
  <trkpt lat="-7.78982095" lon="111.75548927">
   <ele>1825.681</ele>
  </trkpt>
  <trkpt lat="-7.78976547" lon="111.75550218">
   <ele>1822.797</ele>
  </trkpt>
  <trkpt lat="-7.78974225" lon="111.75551215">
   <ele>1819.913</ele>
  </trkpt>
  <trkpt lat="-7.78968785" lon="111.75553336">
   <ele>1817.51</ele>
  </trkpt>
  <trkpt lat="-7.78963203" lon="111.75555364">
   <ele>1814.626</ele>
  </trkpt>
  <trkpt lat="-7.78956480" lon="111.75557460">
   <ele>1811.261</ele>
  </trkpt>
  <trkpt lat="-7.78950890" lon="111.75557837">
   <ele>1807.897</ele>
  </trkpt>
  <trkpt lat="-7.78944762" lon="111.75560150">
   <ele>1804.532</ele>
  </trkpt>
  <trkpt lat="-7.78941519" lon="111.75561416">
   <ele>1802.128</ele>
  </trkpt>
  <trkpt lat="-7.78937261" lon="111.75563914">
   <ele>1799.725</ele>
  </trkpt>
  <trkpt lat="-7.78933397" lon="111.75566613">
   <ele>1797.803</ele>
  </trkpt>
  <trkpt lat="-7.78931427" lon="111.75569907">
   <ele>1794.438</ele>
  </trkpt>
  <trkpt lat="-7.78925492" lon="111.75573343">
   <ele>1791.073</ele>
  </trkpt>
  <trkpt lat="-7.78919466" lon="111.75576210">
   <ele>1788.19</ele>
  </trkpt>
  <trkpt lat="-7.78915350" lon="111.75578205">
   <ele>1787.228</ele>
  </trkpt>
  <trkpt lat="-7.78909726" lon="111.75578943">
   <ele>1784.344</ele>
  </trkpt>
  <trkpt lat="-7.78909366" lon="111.75577283">
   <ele>1783.864</ele>
  </trkpt>
  <trkpt lat="-7.78910154" lon="111.75577912">
   <ele>1780.018</ele>
  </trkpt>
  <trkpt lat="-7.78905753" lon="111.75585455">
   <ele>1782.422</ele>
  </trkpt>
  <trkpt lat="-7.78904814" lon="111.75591054">
   <ele>1783.864</ele>
  </trkpt>
  <trkpt lat="-7.78901537" lon="111.75597148">
   <ele>1783.383</ele>
  </trkpt>
  <trkpt lat="-7.78899475" lon="111.75607231">
   <ele>1782.422</ele>
  </trkpt>
  <trkpt lat="-7.78895619" lon="111.75615253">
   <ele>1780.499</ele>
  </trkpt>
  <trkpt lat="-7.78891982" lon="111.75619955">
   <ele>1779.057</ele>
  </trkpt>
  <trkpt lat="-7.78885653" lon="111.75628924">
   <ele>1775.692</ele>
  </trkpt>
  <trkpt lat="-7.78879643" lon="111.75637817">
   <ele>1772.809</ele>
  </trkpt>
  <trkpt lat="-7.78874497" lon="111.75647917">
   <ele>1769.444</ele>
  </trkpt>
  <trkpt lat="-7.78870348" lon="111.75657665">
   <ele>1766.56</ele>
  </trkpt>
  <trkpt lat="-7.78864908" lon="111.75668059">
   <ele>1764.637</ele>
  </trkpt>
  <trkpt lat="-7.78858655" lon="111.75677447">
   <ele>1762.234</ele>
  </trkpt>
  <trkpt lat="-7.78852528" lon="111.75691210">
   <ele>1759.35</ele>
  </trkpt>
  <trkpt lat="-7.78847373" lon="111.75703933">
   <ele>1756.466</ele>
  </trkpt>
  <trkpt lat="-7.78843157" lon="111.75707253">
   <ele>1754.063</ele>
  </trkpt>
  <trkpt lat="-7.78842403" lon="111.75707655">
   <ele>1751.179</ele>
  </trkpt>
  <trkpt lat="-7.78832068" lon="111.75711829">
   <ele>1747.814</ele>
  </trkpt>
  <trkpt lat="-7.78831531" lon="111.75711452">
   <ele>1743.969</ele>
  </trkpt>
  <trkpt lat="-7.78831540" lon="111.75711058">
   <ele>1740.124</ele>
  </trkpt>
  <trkpt lat="-7.78831380" lon="111.75711117">
   <ele>1736.759</ele>
  </trkpt>
  <trkpt lat="-7.78825320" lon="111.75713413">
   <ele>1733.875</ele>
  </trkpt>
  <trkpt lat="-7.78815824" lon="111.75713908">
   <ele>1731.472</ele>
  </trkpt>
  <trkpt lat="-7.78811549" lon="111.75717135">
   <ele>1729.068</ele>
  </trkpt>
  <trkpt lat="-7.78804709" lon="111.75716758">
   <ele>1727.146</ele>
  </trkpt>
  <trkpt lat="-7.78800418" lon="111.75719314">
   <ele>1724.743</ele>
  </trkpt>
  <trkpt lat="-7.78796193" lon="111.75720421">
   <ele>1721.858</ele>
  </trkpt>
  <trkpt lat="-7.78790686" lon="111.75719918">
   <ele>1718.975</ele>
  </trkpt>
  <trkpt lat="-7.78785565" lon="111.75718015">
   <ele>1715.61</ele>
  </trkpt>
  <trkpt lat="-7.78779019" lon="111.75718803">
   <ele>1712.726</ele>
  </trkpt>
  <trkpt lat="-7.78773118" lon="111.75718887">
   <ele>1709.362</ele>
  </trkpt>
  <trkpt lat="-7.78767762" lon="111.75719708">
   <ele>1706.477</ele>
  </trkpt>
  <trkpt lat="-7.78761115" lon="111.75719784">
   <ele>1703.594</ele>
  </trkpt>
  <trkpt lat="-7.78757477" lon="111.75720446">
   <ele>1700.229</ele>
  </trkpt>
  <trkpt lat="-7.78751836" lon="111.75720530">
   <ele>1696.864</ele>
  </trkpt>
  <trkpt lat="-7.78745365" lon="111.75720815">
   <ele>1693.98</ele>
  </trkpt>
  <trkpt lat="-7.78741744" lon="111.75720781">
   <ele>1691.577</ele>
  </trkpt>
  <trkpt lat="-7.78738610" lon="111.75720639">
   <ele>1688.212</ele>
  </trkpt>
  <trkpt lat="-7.78738685" lon="111.75720588">
   <ele>1684.848</ele>
  </trkpt>
  <trkpt lat="-7.78738668" lon="111.75720538">
   <ele>1679.561</ele>
  </trkpt>
  <trkpt lat="-7.78734729" lon="111.75719976">
   <ele>1676.196</ele>
  </trkpt>
  <trkpt lat="-7.78734310" lon="111.75720161">
   <ele>1677.638</ele>
  </trkpt>
  <trkpt lat="-7.78727260" lon="111.75719691">
   <ele>1675.715</ele>
  </trkpt>
  <trkpt lat="-7.78717730" lon="111.75721393">
   <ele>1673.312</ele>
  </trkpt>
  <trkpt lat="-7.78708342" lon="111.75722868">
   <ele>1670.428</ele>
  </trkpt>
  <trkpt lat="-7.78701268" lon="111.75724478">
   <ele>1667.063</ele>
  </trkpt>
  <trkpt lat="-7.78693247" lon="111.75722793">
   <ele>1665.141</ele>
  </trkpt>
  <trkpt lat="-7.78685368" lon="111.75718401">
   <ele>1662.738</ele>
  </trkpt>
  <trkpt lat="-7.78678017" lon="111.75714746">
   <ele>1659.853</ele>
  </trkpt>
  <trkpt lat="-7.78670901" lon="111.75712299">
   <ele>1656.489</ele>
  </trkpt>
  <trkpt lat="-7.78663759" lon="111.75712056">
   <ele>1653.124</ele>
  </trkpt>
  <trkpt lat="-7.78660289" lon="111.75709692">
   <ele>1650.721</ele>
  </trkpt>
  <trkpt lat="-7.78654899" lon="111.75711150">
   <ele>1648.798</ele>
  </trkpt>
  <trkpt lat="-7.78648085" lon="111.75710790">
   <ele>1645.915</ele>
  </trkpt>
  <trkpt lat="-7.78640315" lon="111.75710002">
   <ele>1643.03</ele>
  </trkpt>
  <trkpt lat="-7.78640902" lon="111.75709415">
   <ele>1638.224</ele>
  </trkpt>
  <trkpt lat="-7.78640860" lon="111.75709466">
   <ele>1637.743</ele>
  </trkpt>
  <trkpt lat="-7.78635520" lon="111.75711628">
   <ele>1634.859</ele>
  </trkpt>
  <trkpt lat="-7.78627147" lon="111.75712952">
   <ele>1633.417</ele>
  </trkpt>
  <trkpt lat="-7.78624129" lon="111.75714059">
   <ele>1631.495</ele>
  </trkpt>
  <trkpt lat="-7.78616351" lon="111.75717772">
   <ele>1628.611</ele>
  </trkpt>
  <trkpt lat="-7.78611842" lon="111.75721049">
   <ele>1627.169</ele>
  </trkpt>
  <trkpt lat="-7.78606812" lon="111.75724092">
   <ele>1624.765</ele>
  </trkpt>
  <trkpt lat="-7.78606980" lon="111.75723924">
   <ele>1620.92</ele>
  </trkpt>
  <trkpt lat="-7.78606829" lon="111.75723790">
   <ele>1623.804</ele>
  </trkpt>
  <trkpt lat="-7.78606745" lon="111.75723815">
   <ele>1620.439</ele>
  </trkpt>
  <trkpt lat="-7.78601130" lon="111.75726020">
   <ele>1618.517</ele>
  </trkpt>
  <trkpt lat="-7.78590334" lon="111.75730227">
   <ele>1615.633</ele>
  </trkpt>
  <trkpt lat="-7.78587375" lon="111.75734301">
   <ele>1612.268</ele>
  </trkpt>
  <trkpt lat="-7.78585782" lon="111.75738961">
   <ele>1609.865</ele>
  </trkpt>
  <trkpt lat="-7.78584994" lon="111.75741082">
   <ele>1606.981</ele>
  </trkpt>
  <trkpt lat="-7.78585061" lon="111.75741099">
   <ele>1606.02</ele>
  </trkpt>
  <trkpt lat="-7.78585170" lon="111.75741342">
   <ele>1607.462</ele>
  </trkpt>
  <trkpt lat="-7.78580175" lon="111.75740898">
   <ele>1599.291</ele>
  </trkpt>
  <trkpt lat="-7.78580317" lon="111.75740537">
   <ele>1597.368</ele>
  </trkpt>
  <trkpt lat="-7.78580309" lon="111.75740822">
   <ele>1594.484</ele>
  </trkpt>
  <trkpt lat="-7.78580049" lon="111.75741023">
   <ele>1591.6</ele>
  </trkpt>
  <trkpt lat="-7.78577216" lon="111.75746187">
   <ele>1588.235</ele>
  </trkpt>
  <trkpt lat="-7.78570293" lon="111.75751710">
   <ele>1585.832</ele>
  </trkpt>
  <trkpt lat="-7.78562782" lon="111.75757066">
   <ele>1584.39</ele>
  </trkpt>
  <trkpt lat="-7.78557871" lon="111.75761232">
   <ele>1582.468</ele>
  </trkpt>
  <trkpt lat="-7.78552045" lon="111.75766982">
   <ele>1580.064</ele>
  </trkpt>
  <trkpt lat="-7.78543403" lon="111.75773922">
   <ele>1578.622</ele>
  </trkpt>
  <trkpt lat="-7.78536472" lon="111.75785054">
   <ele>1577.18</ele>
  </trkpt>
  <trkpt lat="-7.78533940" lon="111.75790921">
   <ele>1575.738</ele>
  </trkpt>
  <trkpt lat="-7.78533345" lon="111.75790938">
   <ele>1572.374</ele>
  </trkpt>
  <trkpt lat="-7.78533203" lon="111.75790787">
   <ele>1574.296</ele>
  </trkpt>
  <trkpt lat="-7.78532960" lon="111.75790636">
   <ele>1570.932</ele>
  </trkpt>
  <trkpt lat="-7.78519423" lon="111.75791290">
   <ele>1568.048</ele>
  </trkpt>
  <trkpt lat="-7.78518534" lon="111.75784634">
   <ele>1565.645</ele>
  </trkpt>
  <trkpt lat="-7.78517763" lon="111.75779932">
   <ele>1563.721</ele>
  </trkpt>
  <trkpt lat="-7.78513706" lon="111.75775892">
   <ele>1560.357</ele>
  </trkpt>
  <trkpt lat="-7.78505794" lon="111.75779379">
   <ele>1557.473</ele>
  </trkpt>
  <trkpt lat="-7.78498342" lon="111.75783268">
   <ele>1554.589</ele>
  </trkpt>
  <trkpt lat="-7.78491654" lon="111.75782162">
   <ele>1551.225</ele>
  </trkpt>
  <trkpt lat="-7.78481746" lon="111.75784299">
   <ele>1547.86</ele>
  </trkpt>
  <trkpt lat="-7.78474211" lon="111.75784718">
   <ele>1544.976</ele>
  </trkpt>
  <trkpt lat="-7.78468763" lon="111.75786168">
   <ele>1541.611</ele>
  </trkpt>
  <trkpt lat="-7.78462635" lon="111.75788314">
   <ele>1538.247</ele>
  </trkpt>
  <trkpt lat="-7.78458755" lon="111.75787099">
   <ele>1536.324</ele>
  </trkpt>
  <trkpt lat="-7.78452108" lon="111.75785213">
   <ele>1532.959</ele>
  </trkpt>
  <trkpt lat="-7.78446978" lon="111.75783771">
   <ele>1530.075</ele>
  </trkpt>
  <trkpt lat="-7.78441999" lon="111.75780192">
   <ele>1526.711</ele>
  </trkpt>
  <trkpt lat="-7.78435738" lon="111.75778658">
   <ele>1522.866</ele>
  </trkpt>
  <trkpt lat="-7.78427381" lon="111.75775590">
   <ele>1519.982</ele>
  </trkpt>
  <trkpt lat="-7.78420324" lon="111.75775465">
   <ele>1516.136</ele>
  </trkpt>
  <trkpt lat="-7.78416778" lon="111.75774165">
   <ele>1513.252</ele>
  </trkpt>
  <trkpt lat="-7.78416879" lon="111.75774082">
   <ele>1509.888</ele>
  </trkpt>
  <trkpt lat="-7.78416837" lon="111.75774358">
   <ele>1506.523</ele>
  </trkpt>
  <trkpt lat="-7.78418756" lon="111.75783050">
   <ele>1503.639</ele>
  </trkpt>
  <trkpt lat="-7.78422545" lon="111.75787484">
   <ele>1499.794</ele>
  </trkpt>
  <trkpt lat="-7.78416946" lon="111.75792673">
   <ele>1496.429</ele>
  </trkpt>
  <trkpt lat="-7.78405353" lon="111.75794014">
   <ele>1493.545</ele>
  </trkpt>
  <trkpt lat="-7.78397508" lon="111.75796017">
   <ele>1490.181</ele>
  </trkpt>
  <trkpt lat="-7.78391917" lon="111.75798557">
   <ele>1487.297</ele>
  </trkpt>
  <trkpt lat="-7.78386737" lon="111.75802438">
   <ele>1484.413</ele>
  </trkpt>
  <trkpt lat="-7.78380543" lon="111.75806134">
   <ele>1481.529</ele>
  </trkpt>
  <trkpt lat="-7.78377727" lon="111.75809185">
   <ele>1478.164</ele>
  </trkpt>
  <trkpt lat="-7.78378054" lon="111.75809143">
   <ele>1475.28</ele>
  </trkpt>
  <trkpt lat="-7.78371365" lon="111.75810627">
   <ele>1471.435</ele>
  </trkpt>
  <trkpt lat="-7.78367903" lon="111.75815522">
   <ele>1468.071</ele>
  </trkpt>
  <trkpt lat="-7.78361642" lon="111.75819688">
   <ele>1464.706</ele>
  </trkpt>
  <trkpt lat="-7.78357820" lon="111.75821959">
   <ele>1461.341</ele>
  </trkpt>
  <trkpt lat="-7.78356453" lon="111.75825262">
   <ele>1457.977</ele>
  </trkpt>
  <trkpt lat="-7.78350108" lon="111.75829008">
   <ele>1454.612</ele>
  </trkpt>
  <trkpt lat="-7.78345934" lon="111.75830140">
   <ele>1451.728</ele>
  </trkpt>
  <trkpt lat="-7.78338952" lon="111.75831833">
   <ele>1448.363</ele>
  </trkpt>
  <trkpt lat="-7.78337242" lon="111.75832135">
   <ele>1444.999</ele>
  </trkpt>
  <trkpt lat="-7.78330067" lon="111.75834180">
   <ele>1442.115</ele>
  </trkpt>
  <trkpt lat="-7.78325164" lon="111.75835328">
   <ele>1439.231</ele>
  </trkpt>
  <trkpt lat="-7.78320721" lon="111.75836409">
   <ele>1435.385</ele>
  </trkpt>
  <trkpt lat="-7.78315617" lon="111.75835496">
   <ele>1432.021</ele>
  </trkpt>
  <trkpt lat="-7.78310864" lon="111.75836812">
   <ele>1428.656</ele>
  </trkpt>
  <trkpt lat="-7.78302642" lon="111.75835119">
   <ele>1425.292</ele>
  </trkpt>
  <trkpt lat="-7.78297160" lon="111.75833199">
   <ele>1422.889</ele>
  </trkpt>
  <trkpt lat="-7.78282944" lon="111.75826360">
   <ele>1420.005</ele>
  </trkpt>
  <trkpt lat="-7.78276817" lon="111.75823971">
   <ele>1415.198</ele>
  </trkpt>
  <trkpt lat="-7.78276322" lon="111.75823744">
   <ele>1407.508</ele>
  </trkpt>
  <trkpt lat="-7.78275258" lon="111.75823317">
   <ele>1404.624</ele>
  </trkpt>
  <trkpt lat="-7.78274738" lon="111.75823116">
   <ele>1404.143</ele>
  </trkpt>
  <trkpt lat="-7.78266298" lon="111.75821180">
   <ele>1403.662</ele>
  </trkpt>
  <trkpt lat="-7.78269491" lon="111.75818782">
   <ele>1404.143</ele>
  </trkpt>
  <trkpt lat="-7.78261009" lon="111.75821615">
   <ele>1402.22</ele>
  </trkpt>
  <trkpt lat="-7.78246902" lon="111.75821858">
   <ele>1399.336</ele>
  </trkpt>
  <trkpt lat="-7.78235318" lon="111.75824599">
   <ele>1396.452</ele>
  </trkpt>
  <trkpt lat="-7.78223743" lon="111.75827743">
   <ele>1394.53</ele>
  </trkpt>
  <trkpt lat="-7.78214514" lon="111.75832059">
   <ele>1392.607</ele>
  </trkpt>
  <trkpt lat="-7.78204020" lon="111.75835957">
   <ele>1389.242</ele>
  </trkpt>
  <trkpt lat="-7.78197717" lon="111.75838321">
   <ele>1388.281</ele>
  </trkpt>
  <trkpt lat="-7.78192830" lon="111.75840835">
   <ele>1385.397</ele>
  </trkpt>
  <trkpt lat="-7.78187952" lon="111.75844071">
   <ele>1382.032</ele>
  </trkpt>
  <trkpt lat="-7.78183660" lon="111.75846560">
   <ele>1378.668</ele>
  </trkpt>
  <trkpt lat="-7.78177039" lon="111.75850583">
   <ele>1376.265</ele>
  </trkpt>
  <trkpt lat="-7.78171741" lon="111.75854322">
   <ele>1375.784</ele>
  </trkpt>
  <trkpt lat="-7.78160828" lon="111.75858839">
   <ele>1375.303</ele>
  </trkpt>
  <trkpt lat="-7.78161189" lon="111.75860298">
   <ele>1375.784</ele>
  </trkpt>
  <trkpt lat="-7.78156285" lon="111.75863693">
   <ele>1373.861</ele>
  </trkpt>
  <trkpt lat="-7.78153729" lon="111.75865662">
   <ele>1373.861</ele>
  </trkpt>
  <trkpt lat="-7.78154508" lon="111.75865310">
   <ele>1373.861</ele>
  </trkpt>
  <trkpt lat="-7.78148046" lon="111.75868470">
   <ele>1372.9</ele>
  </trkpt>
  <trkpt lat="-7.78142841" lon="111.75873910">
   <ele>1372.419</ele>
  </trkpt>
  <trkpt lat="-7.78139329" lon="111.75879593">
   <ele>1369.055</ele>
  </trkpt>
  <trkpt lat="-7.78132657" lon="111.75885343">
   <ele>1365.69</ele>
  </trkpt>
  <trkpt lat="-7.78130678" lon="111.75889417">
   <ele>1364.729</ele>
  </trkpt>
  <trkpt lat="-7.78128508" lon="111.75893373">
   <ele>1361.364</ele>
  </trkpt>
  <trkpt lat="-7.78122766" lon="111.75898125">
   <ele>1358.48</ele>
  </trkpt>
  <trkpt lat="-7.78120687" lon="111.75899265">
   <ele>1355.115</ele>
  </trkpt>
  <trkpt lat="-7.78116656" lon="111.75902761">
   <ele>1352.712</ele>
  </trkpt>
  <trkpt lat="-7.78112624" lon="111.75903565">
   <ele>1350.309</ele>
  </trkpt>
  <trkpt lat="-7.78108492" lon="111.75904177">
   <ele>1348.867</ele>
  </trkpt>
  <trkpt lat="-7.78108827" lon="111.75903733">
   <ele>1351.751</ele>
  </trkpt>
  <trkpt lat="-7.78108852" lon="111.75903708">
   <ele>1351.751</ele>
  </trkpt>
  <trkpt lat="-7.78108852" lon="111.75903565">
   <ele>1349.348</ele>
  </trkpt>
  <trkpt lat="-7.78107234" lon="111.75901453">
   <ele>1348.386</ele>
  </trkpt>
  <trkpt lat="-7.78104946" lon="111.75903548">
   <ele>1346.464</ele>
  </trkpt>
  <trkpt lat="-7.78099833" lon="111.75908008">
   <ele>1344.541</ele>
  </trkpt>
  <trkpt lat="-7.78098375" lon="111.75912207">
   <ele>1343.099</ele>
  </trkpt>
  <trkpt lat="-7.78094687" lon="111.75913213">
   <ele>1342.138</ele>
  </trkpt>
  <trkpt lat="-7.78090538" lon="111.75912651">
   <ele>1340.215</ele>
  </trkpt>
  <trkpt lat="-7.78088056" lon="111.75914395">
   <ele>1339.254</ele>
  </trkpt>
  <trkpt lat="-7.78086129" lon="111.75912316">
   <ele>1338.292</ele>
  </trkpt>
  <trkpt lat="-7.78083497" lon="111.75911746">
   <ele>1335.889</ele>
  </trkpt>
  <trkpt lat="-7.78078459" lon="111.75918435">
   <ele>1333.486</ele>
  </trkpt>
  <trkpt lat="-7.78077143" lon="111.75921955">
   <ele>1332.044</ele>
  </trkpt>
  <trkpt lat="-7.78073070" lon="111.75925685">
   <ele>1331.083</ele>
  </trkpt>
  <trkpt lat="-7.78070748" lon="111.75929876">
   <ele>1328.199</ele>
  </trkpt>
  <trkpt lat="-7.78066758" lon="111.75933715">
   <ele>1325.315</ele>
  </trkpt>
  <trkpt lat="-7.78064311" lon="111.75934302">
   <ele>1322.911</ele>
  </trkpt>
  <trkpt lat="-7.78062819" lon="111.75938920">
   <ele>1320.508</ele>
  </trkpt>
  <trkpt lat="-7.78059097" lon="111.75941460">
   <ele>1318.585</ele>
  </trkpt>
  <trkpt lat="-7.78058334" lon="111.75942130">
   <ele>1317.624</ele>
  </trkpt>
  <trkpt lat="-7.78053699" lon="111.75943019">
   <ele>1316.182</ele>
  </trkpt>
  <trkpt lat="-7.78046759" lon="111.75946045">
   <ele>1315.221</ele>
  </trkpt>
  <trkpt lat="-7.78042786" lon="111.75946908">
   <ele>1311.856</ele>
  </trkpt>
  <trkpt lat="-7.78040288" lon="111.75948450">
   <ele>1310.414</ele>
  </trkpt>
  <trkpt lat="-7.78037723" lon="111.75948274">
   <ele>1308.492</ele>
  </trkpt>
  <trkpt lat="-7.78032920" lon="111.75952557">
   <ele>1306.088</ele>
  </trkpt>
  <trkpt lat="-7.78029190" lon="111.75954225">
   <ele>1303.685</ele>
  </trkpt>
  <trkpt lat="-7.78023449" lon="111.75955893">
   <ele>1301.762</ele>
  </trkpt>
  <trkpt lat="-7.78019593" lon="111.75955952">
   <ele>1298.878</ele>
  </trkpt>
  <trkpt lat="-7.78010943" lon="111.75960462">
   <ele>1296.956</ele>
  </trkpt>
  <trkpt lat="-7.77998898" lon="111.75964703">
   <ele>1294.072</ele>
  </trkpt>
  <trkpt lat="-7.77987390" lon="111.75970369">
   <ele>1293.111</ele>
  </trkpt>
  <trkpt lat="-7.77981045" lon="111.75970335">
   <ele>1289.746</ele>
  </trkpt>
  <trkpt lat="-7.77976921" lon="111.75967511">
   <ele>1287.343</ele>
  </trkpt>
  <trkpt lat="-7.77976150" lon="111.75966052">
   <ele>1284.459</ele>
  </trkpt>
  <trkpt lat="-7.77972839" lon="111.75963580">
   <ele>1281.575</ele>
  </trkpt>
  <trkpt lat="-7.77973669" lon="111.75960202">
   <ele>1278.21</ele>
  </trkpt>
  <trkpt lat="-7.77976443" lon="111.75959749">
   <ele>1277.729</ele>
  </trkpt>
  <trkpt lat="-7.77981715" lon="111.75953982">
   <ele>1273.884</ele>
  </trkpt>
  <trkpt lat="-7.77984733" lon="111.75950470">
   <ele>1271.481</ele>
  </trkpt>
  <trkpt lat="-7.77997222" lon="111.75943413">
   <ele>1269.558</ele>
  </trkpt>
  <trkpt lat="-7.78005352" lon="111.75936045">
   <ele>1268.597</ele>
  </trkpt>
  <trkpt lat="-7.78012116" lon="111.75923900">
   <ele>1266.674</ele>
  </trkpt>
  <trkpt lat="-7.78026240" lon="111.75906147">
   <ele>1264.752</ele>
  </trkpt>
  <trkpt lat="-7.78028964" lon="111.75897522">
   <ele>1264.271</ele>
  </trkpt>
  <trkpt lat="-7.78029333" lon="111.75880758">
   <ele>1261.387</ele>
  </trkpt>
  <trkpt lat="-7.78023466" lon="111.75875318">
   <ele>1258.022</ele>
  </trkpt>
  <trkpt lat="-7.78020356" lon="111.75872267">
   <ele>1256.1</ele>
  </trkpt>
  <trkpt lat="-7.78018093" lon="111.75867531">
   <ele>1254.177</ele>
  </trkpt>
  <trkpt lat="-7.78014815" lon="111.75868889">
   <ele>1252.254</ele>
  </trkpt>
  <trkpt lat="-7.78013977" lon="111.75863517">
   <ele>1249.851</ele>
  </trkpt>
  <trkpt lat="-7.78014765" lon="111.75861740">
   <ele>1247.929</ele>
  </trkpt>
  <trkpt lat="-7.78012066" lon="111.75859166">
   <ele>1246.006</ele>
  </trkpt>
  <trkpt lat="-7.78012812" lon="111.75855663">
   <ele>1244.564</ele>
  </trkpt>
  <trkpt lat="-7.78014053" lon="111.75851748">
   <ele>1242.641</ele>
  </trkpt>
  <trkpt lat="-7.78014732" lon="111.75846174">
   <ele>1241.68</ele>
  </trkpt>
  <trkpt lat="-7.78013793" lon="111.75845973">
   <ele>1240.719</ele>
  </trkpt>
 </trkseg>
</trk>
<trk>
 <name>Track 333</name>
 <trkseg>
  <trkpt lat="-7.73333489" lon="111.76832699">
   <ele>674.502</ele>
  </trkpt>
  <trkpt lat="-7.73330748" lon="111.76785953">
   <ele>678.828</ele>
  </trkpt>
  <trkpt lat="-7.73331301" lon="111.76773339">
   <ele>679.789</ele>
  </trkpt>
  <trkpt lat="-7.73332668" lon="111.76760145">
   <ele>682.673</ele>
  </trkpt>
  <trkpt lat="-7.73349322" lon="111.76732058">
   <ele>688.441</ele>
  </trkpt>
  <trkpt lat="-7.73357889" lon="111.76721723">
   <ele>689.883</ele>
  </trkpt>
  <trkpt lat="-7.73376924" lon="111.76702134">
   <ele>694.69</ele>
  </trkpt>
  <trkpt lat="-7.73398273" lon="111.76680626">
   <ele>698.054</ele>
  </trkpt>
  <trkpt lat="-7.73407426" lon="111.76669688">
   <ele>700.458</ele>
  </trkpt>
  <trkpt lat="-7.73414148" lon="111.76652731">
   <ele>704.784</ele>
  </trkpt>
  <trkpt lat="-7.73414240" lon="111.76646822">
   <ele>706.226</ele>
  </trkpt>
  <trkpt lat="-7.73414223" lon="111.76629405">
   <ele>708.629</ele>
  </trkpt>
  <trkpt lat="-7.73414617" lon="111.76618542">
   <ele>710.552</ele>
  </trkpt>
  <trkpt lat="-7.73411994" lon="111.76593262">
   <ele>714.397</ele>
  </trkpt>
  <trkpt lat="-7.73409219" lon="111.76580328">
   <ele>716.32</ele>
  </trkpt>
  <trkpt lat="-7.73408666" lon="111.76553330">
   <ele>720.646</ele>
  </trkpt>
  <trkpt lat="-7.73413134" lon="111.76550866">
   <ele>721.126</ele>
  </trkpt>
  <trkpt lat="-7.73425145" lon="111.76544555">
   <ele>723.049</ele>
  </trkpt>
  <trkpt lat="-7.73441683" lon="111.76524463">
   <ele>728.336</ele>
  </trkpt>
  <trkpt lat="-7.73454222" lon="111.76507758">
   <ele>730.259</ele>
  </trkpt>
  <trkpt lat="-7.73516709" lon="111.76429722">
   <ele>731.7</ele>
  </trkpt>
  <trkpt lat="-7.73554226" lon="111.76356557">
   <ele>733.143</ele>
  </trkpt>
  <trkpt lat="-7.73568450" lon="111.76330715">
   <ele>734.104</ele>
  </trkpt>
  <trkpt lat="-7.73579649" lon="111.76315075">
   <ele>734.585</ele>
  </trkpt>
  <trkpt lat="-7.73580705" lon="111.76293860">
   <ele>736.507</ele>
  </trkpt>
  <trkpt lat="-7.73571652" lon="111.76281757">
   <ele>736.988</ele>
  </trkpt>
  <trkpt lat="-7.73578844" lon="111.76250459">
   <ele>736.988</ele>
  </trkpt>
  <trkpt lat="-7.73597368" lon="111.76230158">
   <ele>740.353</ele>
  </trkpt>
  <trkpt lat="-7.73609798" lon="111.76212665">
   <ele>741.314</ele>
  </trkpt>
  <trkpt lat="-7.73610343" lon="111.76173303">
   <ele>744.198</ele>
  </trkpt>
  <trkpt lat="-7.73610352" lon="111.76166053">
   <ele>744.678</ele>
  </trkpt>
  <trkpt lat="-7.73626830" lon="111.76131377">
   <ele>749.966</ele>
  </trkpt>
  <trkpt lat="-7.73636336" lon="111.76110590">
   <ele>752.85</ele>
  </trkpt>
  <trkpt lat="-7.73642144" lon="111.76079107">
   <ele>761.021</ele>
  </trkpt>
  <trkpt lat="-7.73646318" lon="111.76065135">
   <ele>762.463</ele>
  </trkpt>
  <trkpt lat="-7.73661003" lon="111.76056166">
   <ele>766.308</ele>
  </trkpt>
  <trkpt lat="-7.73666552" lon="111.76054884">
   <ele>767.27</ele>
  </trkpt>
  <trkpt lat="-7.73684875" lon="111.76049293">
   <ele>770.153</ele>
  </trkpt>
  <trkpt lat="-7.73720993" lon="111.76032496">
   <ele>773.518</ele>
  </trkpt>
  <trkpt lat="-7.73751771" lon="111.76014106">
   <ele>775.921</ele>
  </trkpt>
  <trkpt lat="-7.73794477" lon="111.75982615">
   <ele>778.324</ele>
  </trkpt>
  <trkpt lat="-7.73824878" lon="111.75952272">
   <ele>782.17</ele>
  </trkpt>
  <trkpt lat="-7.73829379" lon="111.75947629">
   <ele>782.651</ele>
  </trkpt>
  <trkpt lat="-7.73844006" lon="111.75918929">
   <ele>784.573</ele>
  </trkpt>
  <trkpt lat="-7.73860191" lon="111.75896097">
   <ele>786.976</ele>
  </trkpt>
  <trkpt lat="-7.73882713" lon="111.75868018">
   <ele>790.341</ele>
  </trkpt>
  <trkpt lat="-7.73931680" lon="111.75834683">
   <ele>791.783</ele>
  </trkpt>
  <trkpt lat="-7.73955703" lon="111.75817994">
   <ele>792.744</ele>
  </trkpt>
  <trkpt lat="-7.73999213" lon="111.75787535">
   <ele>798.993</ele>
  </trkpt>
  <trkpt lat="-7.74009791" lon="111.75779513">
   <ele>801.396</ele>
  </trkpt>
  <trkpt lat="-7.74025365" lon="111.75772472">
   <ele>806.683</ele>
  </trkpt>
  <trkpt lat="-7.74037384" lon="111.75766571">
   <ele>809.567</ele>
  </trkpt>
  <trkpt lat="-7.74053218" lon="111.75762305">
   <ele>812.932</ele>
  </trkpt>
  <trkpt lat="-7.74078506" lon="111.75751794">
   <ele>815.816</ele>
  </trkpt>
  <trkpt lat="-7.74104482" lon="111.75744141">
   <ele>818.7</ele>
  </trkpt>
  <trkpt lat="-7.74108069" lon="111.75742951">
   <ele>819.181</ele>
  </trkpt>
  <trkpt lat="-7.74145746" lon="111.75728098">
   <ele>822.545</ele>
  </trkpt>
  <trkpt lat="-7.74156491" lon="111.75724268">
   <ele>823.507</ele>
  </trkpt>
  <trkpt lat="-7.74199641" lon="111.75700279">
   <ele>826.871</ele>
  </trkpt>
  <trkpt lat="-7.74234384" lon="111.75683473">
   <ele>829.274</ele>
  </trkpt>
  <trkpt lat="-7.74251156" lon="111.75673231">
   <ele>830.717</ele>
  </trkpt>
  <trkpt lat="-7.74276017" lon="111.75657246">
   <ele>835.523</ele>
  </trkpt>
  <trkpt lat="-7.74324456" lon="111.75617902">
   <ele>835.042</ele>
  </trkpt>
  <trkpt lat="-7.74341061" lon="111.75603929">
   <ele>835.042</ele>
  </trkpt>
  <trkpt lat="-7.74351882" lon="111.75592035">
   <ele>836.004</ele>
  </trkpt>
  <trkpt lat="-7.74360926" lon="111.75582714">
   <ele>836.004</ele>
  </trkpt>
  <trkpt lat="-7.74379064" lon="111.75566722">
   <ele>837.446</ele>
  </trkpt>
  <trkpt lat="-7.74384412" lon="111.75558440">
   <ele>837.446</ele>
  </trkpt>
  <trkpt lat="-7.74419365" lon="111.75532104">
   <ele>838.888</ele>
  </trkpt>
  <trkpt lat="-7.74427344" lon="111.75522599">
   <ele>839.368</ele>
  </trkpt>
  <trkpt lat="-7.74465348" lon="111.75462677">
   <ele>841.771</ele>
  </trkpt>
  <trkpt lat="-7.74517911" lon="111.75403995">
   <ele>840.33</ele>
  </trkpt>
  <trkpt lat="-7.74559686" lon="111.75370677">
   <ele>843.213</ele>
  </trkpt>
  <trkpt lat="-7.74563617" lon="111.75367719">
   <ele>843.213</ele>
  </trkpt>
  <trkpt lat="-7.74604931" lon="111.75338625">
   <ele>846.578</ele>
  </trkpt>
  <trkpt lat="-7.74662507" lon="111.75301719">
   <ele>849.462</ele>
  </trkpt>
  <trkpt lat="-7.74686873" lon="111.75290446">
   <ele>852.827</ele>
  </trkpt>
  <trkpt lat="-7.74699471" lon="111.75283883">
   <ele>854.269</ele>
  </trkpt>
  <trkpt lat="-7.74699471" lon="111.75283187">
   <ele>853.788</ele>
  </trkpt>
  <trkpt lat="-7.74698423" lon="111.75283480">
   <ele>854.269</ele>
  </trkpt>
  <trkpt lat="-7.74696638" lon="111.75282240">
   <ele>852.346</ele>
  </trkpt>
  <trkpt lat="-7.74697074" lon="111.75283581">
   <ele>852.827</ele>
  </trkpt>
  <trkpt lat="-7.74703905" lon="111.75280882">
   <ele>854.269</ele>
  </trkpt>
  <trkpt lat="-7.74712723" lon="111.75276289">
   <ele>855.23</ele>
  </trkpt>
  <trkpt lat="-7.74720619" lon="111.75268812">
   <ele>856.672</ele>
  </trkpt>
  <trkpt lat="-7.74726352" lon="111.75268712">
   <ele>857.153</ele>
  </trkpt>
  <trkpt lat="-7.74730786" lon="111.75259089">
   <ele>859.075</ele>
  </trkpt>
  <trkpt lat="-7.74734516" lon="111.75253423">
   <ele>860.998</ele>
  </trkpt>
  <trkpt lat="-7.74736234" lon="111.75248645">
   <ele>860.998</ele>
  </trkpt>
  <trkpt lat="-7.74745613" lon="111.75234212">
   <ele>863.401</ele>
  </trkpt>
  <trkpt lat="-7.74756166" lon="111.75217716">
   <ele>865.324</ele>
  </trkpt>
  <trkpt lat="-7.74767524" lon="111.75203157">
   <ele>868.688</ele>
  </trkpt>
  <trkpt lat="-7.74779283" lon="111.75189444">
   <ele>871.092</ele>
  </trkpt>
  <trkpt lat="-7.74790800" lon="111.75176988">
   <ele>874.456</ele>
  </trkpt>
  <trkpt lat="-7.74798855" lon="111.75166586">
   <ele>877.341</ele>
  </trkpt>
  <trkpt lat="-7.74811462" lon="111.75158850">
   <ele>880.224</ele>
  </trkpt>
  <trkpt lat="-7.74823557" lon="111.75151658">
   <ele>883.108</ele>
  </trkpt>
  <trkpt lat="-7.74836297" lon="111.75143570">
   <ele>886.473</ele>
  </trkpt>
  <trkpt lat="-7.74842709" lon="111.75132103">
   <ele>889.837</ele>
  </trkpt>
  <trkpt lat="-7.74847428" lon="111.75115365">
   <ele>891.76</ele>
  </trkpt>
  <trkpt lat="-7.74849650" lon="111.75103362">
   <ele>894.644</ele>
  </trkpt>
  <trkpt lat="-7.74850203" lon="111.75092457">
   <ele>898.009</ele>
  </trkpt>
  <trkpt lat="-7.74853908" lon="111.75080630">
   <ele>900.893</ele>
  </trkpt>
  <trkpt lat="-7.74858819" lon="111.75070019">
   <ele>904.257</ele>
  </trkpt>
  <trkpt lat="-7.74870177" lon="111.75058267">
   <ele>907.622</ele>
  </trkpt>
  <trkpt lat="-7.74882691" lon="111.75051444">
   <ele>910.987</ele>
  </trkpt>
  <trkpt lat="-7.74898860" lon="111.75044060">
   <ele>913.87</ele>
  </trkpt>
  <trkpt lat="-7.74915741" lon="111.75037120">
   <ele>917.235</ele>
  </trkpt>
  <trkpt lat="-7.74932656" lon="111.75030179">
   <ele>920.6</ele>
  </trkpt>
  <trkpt lat="-7.74949126" lon="111.75022736">
   <ele>923.003</ele>
  </trkpt>
  <trkpt lat="-7.74963928" lon="111.75016022">
   <ele>925.887</ele>
  </trkpt>
  <trkpt lat="-7.74980357" lon="111.75007598">
   <ele>928.29</ele>
  </trkpt>
  <trkpt lat="-7.74990533" lon="111.75005268">
   <ele>930.694</ele>
  </trkpt>
  <trkpt lat="-7.75004891" lon="111.74997121">
   <ele>934.058</ele>
  </trkpt>
  <trkpt lat="-7.75015703" lon="111.74989108">
   <ele>936.461</ele>
  </trkpt>
  <trkpt lat="-7.75027555" lon="111.74985906">
   <ele>939.826</ele>
  </trkpt>
  <trkpt lat="-7.75036926" lon="111.74978698">
   <ele>942.71</ele>
  </trkpt>
  <trkpt lat="-7.75052089" lon="111.74974037">
   <ele>945.594</ele>
  </trkpt>
  <trkpt lat="-7.75065484" lon="111.74967030">
   <ele>948.958</ele>
  </trkpt>
  <trkpt lat="-7.75078794" lon="111.74959444">
   <ele>951.362</ele>
  </trkpt>
  <trkpt lat="-7.75091493" lon="111.74948791">
   <ele>952.804</ele>
  </trkpt>
  <trkpt lat="-7.75092431" lon="111.74951155">
   <ele>952.804</ele>
  </trkpt>
  <trkpt lat="-7.75100444" lon="111.74943175">
   <ele>953.284</ele>
  </trkpt>
  <trkpt lat="-7.75114392" lon="111.74930183">
   <ele>954.726</ele>
  </trkpt>
  <trkpt lat="-7.75125842" lon="111.74916403">
   <ele>955.207</ele>
  </trkpt>
  <trkpt lat="-7.75126940" lon="111.74915238">
   <ele>955.688</ele>
  </trkpt>
  <trkpt lat="-7.75133570" lon="111.74908441">
   <ele>956.168</ele>
  </trkpt>
  <trkpt lat="-7.75141616" lon="111.74902959">
   <ele>956.649</ele>
  </trkpt>
  <trkpt lat="-7.75151365" lon="111.74897351">
   <ele>957.13</ele>
  </trkpt>
  <trkpt lat="-7.75174121" lon="111.74887922">
   <ele>958.572</ele>
  </trkpt>
  <trkpt lat="-7.75197800" lon="111.74879657">
   <ele>959.052</ele>
  </trkpt>
  <trkpt lat="-7.75221965" lon="111.74867570">
   <ele>960.975</ele>
  </trkpt>
  <trkpt lat="-7.75246147" lon="111.74860538">
   <ele>962.898</ele>
  </trkpt>
  <trkpt lat="-7.75267337" lon="111.74860572">
   <ele>965.782</ele>
  </trkpt>
  <trkpt lat="-7.75280287" lon="111.74860236">
   <ele>966.743</ele>
  </trkpt>
  <trkpt lat="-7.75291862" lon="111.74859608">
   <ele>969.627</ele>
  </trkpt>
  <trkpt lat="-7.75301308" lon="111.74858702">
   <ele>972.511</ele>
  </trkpt>
  <trkpt lat="-7.75316790" lon="111.74858560">
   <ele>974.914</ele>
  </trkpt>
  <trkpt lat="-7.75330008" lon="111.74859708">
   <ele>977.318</ele>
  </trkpt>
  <trkpt lat="-7.75341399" lon="111.74860806">
   <ele>980.682</ele>
  </trkpt>
  <trkpt lat="-7.75358414" lon="111.74863606">
   <ele>983.085</ele>
  </trkpt>
  <trkpt lat="-7.75369906" lon="111.74862499">
   <ele>985.969</ele>
  </trkpt>
  <trkpt lat="-7.75383057" lon="111.74857328">
   <ele>988.373</ele>
  </trkpt>
  <trkpt lat="-7.75399771" lon="111.74850312">
   <ele>991.257</ele>
  </trkpt>
  <trkpt lat="-7.75414187" lon="111.74843456">
   <ele>993.66</ele>
  </trkpt>
  <trkpt lat="-7.75429526" lon="111.74835552">
   <ele>996.063</ele>
  </trkpt>
  <trkpt lat="-7.75442183" lon="111.74829030">
   <ele>998.466</ele>
  </trkpt>
  <trkpt lat="-7.75453884" lon="111.74822845">
   <ele>1000.87</ele>
  </trkpt>
  <trkpt lat="-7.75466549" lon="111.74814899">
   <ele>1003.754</ele>
  </trkpt>
  <trkpt lat="-7.75486683" lon="111.74794581">
   <ele>1004.715</ele>
  </trkpt>
  <trkpt lat="-7.75499297" lon="111.74780449">
   <ele>1006.157</ele>
  </trkpt>
  <trkpt lat="-7.75519079" lon="111.74768404">
   <ele>1008.56</ele>
  </trkpt>
  <trkpt lat="-7.75540813" lon="111.74765923">
   <ele>1010.964</ele>
  </trkpt>
  <trkpt lat="-7.75559890" lon="111.74763174">
   <ele>1014.328</ele>
  </trkpt>
  <trkpt lat="-7.75587534" lon="111.74755571">
   <ele>1015.77</ele>
  </trkpt>
  <trkpt lat="-7.75594784" lon="111.74746016">
   <ele>1016.251</ele>
  </trkpt>
  <trkpt lat="-7.75606896" lon="111.74725648">
   <ele>1018.654</ele>
  </trkpt>
  <trkpt lat="-7.75627557" lon="111.74716109">
   <ele>1020.577</ele>
  </trkpt>
  <trkpt lat="-7.75649250" lon="111.74711793">
   <ele>1022.98</ele>
  </trkpt>
  <trkpt lat="-7.75667036" lon="111.74703495">
   <ele>1025.383</ele>
  </trkpt>
  <trkpt lat="-7.75683825" lon="111.74683806">
   <ele>1027.787</ele>
  </trkpt>
  <trkpt lat="-7.75688510" lon="111.74680755">
   <ele>1028.267</ele>
  </trkpt>
  <trkpt lat="-7.75690480" lon="111.74677444">
   <ele>1029.229</ele>
  </trkpt>
  <trkpt lat="-7.75709465" lon="111.74670026">
   <ele>1030.671</ele>
  </trkpt>
  <trkpt lat="-7.75734066" lon="111.74662499">
   <ele>1032.593</ele>
  </trkpt>
  <trkpt lat="-7.75757695" lon="111.74654226">
   <ele>1034.997</ele>
  </trkpt>
  <trkpt lat="-7.75780141" lon="111.74637286">
   <ele>1038.361</ele>
  </trkpt>
  <trkpt lat="-7.75804449" lon="111.74614714">
   <ele>1040.764</ele>
  </trkpt>
  <trkpt lat="-7.75824758" lon="111.74601705">
   <ele>1043.648</ele>
  </trkpt>
  <trkpt lat="-7.75844950" lon="111.74594329">
   <ele>1045.571</ele>
  </trkpt>
  <trkpt lat="-7.75866634" lon="111.74591957">
   <ele>1047.974</ele>
  </trkpt>
  <trkpt lat="-7.75893347" lon="111.74588528">
   <ele>1049.897</ele>
  </trkpt>
  <trkpt lat="-7.75918158" lon="111.74588302">
   <ele>1052.3</ele>
  </trkpt>
  <trkpt lat="-7.75943538" lon="111.74587883">
   <ele>1053.262</ele>
  </trkpt>
  <trkpt lat="-7.75963998" lon="111.74589593">
   <ele>1054.223</ele>
  </trkpt>
  <trkpt lat="-7.75967561" lon="111.74590012">
   <ele>1054.704</ele>
  </trkpt>
  <trkpt lat="-7.75980016" lon="111.74591043">
   <ele>1055.665</ele>
  </trkpt>
  <trkpt lat="-7.75998850" lon="111.74589392">
   <ele>1056.626</ele>
  </trkpt>
  <trkpt lat="-7.76022714" lon="111.74587011">
   <ele>1058.549</ele>
  </trkpt>
  <trkpt lat="-7.76042319" lon="111.74589518">
   <ele>1059.991</ele>
  </trkpt>
  <trkpt lat="-7.76066702" lon="111.74594119">
   <ele>1061.914</ele>
  </trkpt>
  <trkpt lat="-7.76097011" lon="111.74594454">
   <ele>1061.914</ele>
  </trkpt>
  <trkpt lat="-7.76120262" lon="111.74593423">
   <ele>1062.875</ele>
  </trkpt>
  <trkpt lat="-7.76139490" lon="111.74594371">
   <ele>1064.317</ele>
  </trkpt>
  <trkpt lat="-7.76158651" lon="111.74588076">
   <ele>1067.201</ele>
  </trkpt>
  <trkpt lat="-7.76175809" lon="111.74585352">
   <ele>1069.604</ele>
  </trkpt>
  <trkpt lat="-7.76177863" lon="111.74583801">
   <ele>1070.085</ele>
  </trkpt>
  <trkpt lat="-7.76186781" lon="111.74573952">
   <ele>1070.565</ele>
  </trkpt>
  <trkpt lat="-7.76199262" lon="111.74563534">
   <ele>1069.124</ele>
  </trkpt>
  <trkpt lat="-7.76210736" lon="111.74547801">
   <ele>1071.046</ele>
  </trkpt>
  <trkpt lat="-7.76223167" lon="111.74536913">
   <ele>1071.046</ele>
  </trkpt>
  <trkpt lat="-7.76237542" lon="111.74536007">
   <ele>1069.604</ele>
  </trkpt>
  <trkpt lat="-7.76247147" lon="111.74530677">
   <ele>1071.046</ele>
  </trkpt>
  <trkpt lat="-7.76253887" lon="111.74525522">
   <ele>1072.007</ele>
  </trkpt>
  <trkpt lat="-7.76261698" lon="111.74520032">
   <ele>1070.565</ele>
  </trkpt>
  <trkpt lat="-7.76258765" lon="111.74511138">
   <ele>1070.085</ele>
  </trkpt>
  <trkpt lat="-7.76264230" lon="111.74504181">
   <ele>1068.643</ele>
  </trkpt>
  <trkpt lat="-7.76273081" lon="111.74502748">
   <ele>1066.72</ele>
  </trkpt>
  <trkpt lat="-7.76280960" lon="111.74499010">
   <ele>1065.759</ele>
  </trkpt>
  <trkpt lat="-7.76290834" lon="111.74492958">
   <ele>1066.72</ele>
  </trkpt>
  <trkpt lat="-7.76305301" lon="111.74497182">
   <ele>1068.162</ele>
  </trkpt>
  <trkpt lat="-7.76318377" lon="111.74497367">
   <ele>1066.239</ele>
  </trkpt>
  <trkpt lat="-7.76322342" lon="111.74472464">
   <ele>1067.201</ele>
  </trkpt>
  <trkpt lat="-7.76334571" lon="111.74472573">
   <ele>1067.681</ele>
  </trkpt>
  <trkpt lat="-7.76343690" lon="111.74479254">
   <ele>1069.604</ele>
  </trkpt>
  <trkpt lat="-7.76352575" lon="111.74474618">
   <ele>1071.527</ele>
  </trkpt>
  <trkpt lat="-7.76359633" lon="111.74466714">
   <ele>1072.969</ele>
  </trkpt>
  <trkpt lat="-7.76367126" lon="111.74467837">
   <ele>1075.853</ele>
  </trkpt>
  <trkpt lat="-7.76373035" lon="111.74467159">
   <ele>1076.814</ele>
  </trkpt>
  <trkpt lat="-7.76383337" lon="111.74456480">
   <ele>1076.814</ele>
  </trkpt>
  <trkpt lat="-7.76393370" lon="111.74450378">
   <ele>1076.814</ele>
  </trkpt>
  <trkpt lat="-7.76402053" lon="111.74448073">
   <ele>1076.333</ele>
  </trkpt>
  <trkpt lat="-7.76417887" lon="111.74451794">
   <ele>1077.295</ele>
  </trkpt>
  <trkpt lat="-7.76432865" lon="111.74454619">
   <ele>1078.256</ele>
  </trkpt>
  <trkpt lat="-7.76439755" lon="111.74451744">
   <ele>1080.178</ele>
  </trkpt>
  <trkpt lat="-7.76446595" lon="111.74454099">
   <ele>1084.505</ele>
  </trkpt>
  <trkpt lat="-7.76434022" lon="111.74469170">
   <ele>1094.118</ele>
  </trkpt>
  <trkpt lat="-7.76447324" lon="111.74438668">
   <ele>1111.421</ele>
  </trkpt>
  <trkpt lat="-7.76429219" lon="111.74451476">
   <ele>1109.499</ele>
  </trkpt>
  <trkpt lat="-7.76429060" lon="111.74455038">
   <ele>1110.46</ele>
  </trkpt>
  <trkpt lat="-7.76428834" lon="111.74454250">
   <ele>1113.824</ele>
  </trkpt>
  <trkpt lat="-7.76416043" lon="111.74461350">
   <ele>1110.941</ele>
  </trkpt>
  <trkpt lat="-7.76414610" lon="111.74462783">
   <ele>1110.941</ele>
  </trkpt>
  <trkpt lat="-7.76406362" lon="111.74465105">
   <ele>1110.941</ele>
  </trkpt>
  <trkpt lat="-7.76389112" lon="111.74461601">
   <ele>1109.979</ele>
  </trkpt>
  <trkpt lat="-7.76370739" lon="111.74460252">
   <ele>1110.941</ele>
  </trkpt>
  <trkpt lat="-7.76354000" lon="111.74461283">
   <ele>1111.421</ele>
  </trkpt>
  <trkpt lat="-7.76346213" lon="111.74464325">
   <ele>1108.537</ele>
  </trkpt>
  <trkpt lat="-7.76333515" lon="111.74473101">
   <ele>1105.173</ele>
  </trkpt>
  <trkpt lat="-7.76321587" lon="111.74471442">
   <ele>1102.77</ele>
  </trkpt>
  <trkpt lat="-7.76317941" lon="111.74482791">
   <ele>1102.289</ele>
  </trkpt>
  <trkpt lat="-7.76304496" lon="111.74490376">
   <ele>1102.77</ele>
  </trkpt>
  <trkpt lat="-7.76287146" lon="111.74493419">
   <ele>1101.808</ele>
  </trkpt>
  <trkpt lat="-7.76270030" lon="111.74501642">
   <ele>1101.808</ele>
  </trkpt>
  <trkpt lat="-7.76258270" lon="111.74506847">
   <ele>1104.212</ele>
  </trkpt>
  <trkpt lat="-7.76256887" lon="111.74520233">
   <ele>1105.654</ele>
  </trkpt>
  <trkpt lat="-7.76241448" lon="111.74533937">
   <ele>1103.731</ele>
  </trkpt>
  <trkpt lat="-7.76224516" lon="111.74536477">
   <ele>1105.654</ele>
  </trkpt>
  <trkpt lat="-7.76211482" lon="111.74540827">
   <ele>1106.134</ele>
  </trkpt>
  <trkpt lat="-7.76198532" lon="111.74565193">
   <ele>1104.212</ele>
  </trkpt>
  <trkpt lat="-7.76181769" lon="111.74577506">
   <ele>1105.173</ele>
  </trkpt>
  <trkpt lat="-7.76180830" lon="111.74579132">
   <ele>1103.731</ele>
  </trkpt>
  <trkpt lat="-7.76180486" lon="111.74579275">
   <ele>1100.847</ele>
  </trkpt>
  <trkpt lat="-7.76181886" lon="111.74581345">
   <ele>1101.328</ele>
  </trkpt>
  <trkpt lat="-7.76183009" lon="111.74582519">
   <ele>1098.443</ele>
  </trkpt>
  <trkpt lat="-7.76192280" lon="111.74589610">
   <ele>1099.885</ele>
  </trkpt>
  <trkpt lat="-7.76203972" lon="111.74594488">
   <ele>1102.77</ele>
  </trkpt>
  <trkpt lat="-7.76215120" lon="111.74590012">
   <ele>1106.134</ele>
  </trkpt>
  <trkpt lat="-7.76223762" lon="111.74583675">
   <ele>1109.018</ele>
  </trkpt>
  <trkpt lat="-7.76240308" lon="111.74581060">
   <ele>1111.902</ele>
  </trkpt>
  <trkpt lat="-7.76250291" lon="111.74582074">
   <ele>1115.267</ele>
  </trkpt>
  <trkpt lat="-7.76259502" lon="111.74587439">
   <ele>1117.189</ele>
  </trkpt>
  <trkpt lat="-7.76272771" lon="111.74597413">
   <ele>1120.554</ele>
  </trkpt>
  <trkpt lat="-7.76282460" lon="111.74608570">
   <ele>1122.957</ele>
  </trkpt>
  <trkpt lat="-7.76290230" lon="111.74608318">
   <ele>1125.841</ele>
  </trkpt>
  <trkpt lat="-7.76306651" lon="111.74601956">
   <ele>1129.206</ele>
  </trkpt>
  <trkpt lat="-7.76315753" lon="111.74588495">
   <ele>1132.571</ele>
  </trkpt>
  <trkpt lat="-7.76325728" lon="111.74573064">
   <ele>1135.454</ele>
  </trkpt>
  <trkpt lat="-7.76343531" lon="111.74562469">
   <ele>1137.858</ele>
  </trkpt>
  <trkpt lat="-7.76362709" lon="111.74556778">
   <ele>1139.78</ele>
  </trkpt>
  <trkpt lat="-7.76384871" lon="111.74549838">
   <ele>1142.664</ele>
  </trkpt>
  <trkpt lat="-7.76405691" lon="111.74545001">
   <ele>1145.067</ele>
  </trkpt>
  <trkpt lat="-7.76421759" lon="111.74546359">
   <ele>1148.432</ele>
  </trkpt>
  <trkpt lat="-7.76440786" lon="111.74546468">
   <ele>1149.394</ele>
  </trkpt>
  <trkpt lat="-7.76454759" lon="111.74547021">
   <ele>1152.277</ele>
  </trkpt>
  <trkpt lat="-7.76472126" lon="111.74547985">
   <ele>1155.642</ele>
  </trkpt>
  <trkpt lat="-7.76481539" lon="111.74548756">
   <ele>1156.603</ele>
  </trkpt>
  <trkpt lat="-7.76501153" lon="111.74549603">
   <ele>1158.526</ele>
  </trkpt>
  <trkpt lat="-7.76518059" lon="111.74545948">
   <ele>1160.929</ele>
  </trkpt>
  <trkpt lat="-7.76525225" lon="111.74537055">
   <ele>1161.891</ele>
  </trkpt>
  <trkpt lat="-7.76533348" lon="111.74521540">
   <ele>1163.813</ele>
  </trkpt>
  <trkpt lat="-7.76544001" lon="111.74506143">
   <ele>1165.255</ele>
  </trkpt>
  <trkpt lat="-7.76550673" lon="111.74495020">
   <ele>1166.697</ele>
  </trkpt>
  <trkpt lat="-7.76559365" lon="111.74485532">
   <ele>1168.139</ele>
  </trkpt>
  <trkpt lat="-7.76560899" lon="111.74482238">
   <ele>1168.62</ele>
  </trkpt>
  <trkpt lat="-7.76558611" lon="111.74477602">
   <ele>1169.101</ele>
  </trkpt>
  <trkpt lat="-7.76560731" lon="111.74477041">
   <ele>1170.062</ele>
  </trkpt>
  <trkpt lat="-7.76570362" lon="111.74473738">
   <ele>1171.504</ele>
  </trkpt>
  <trkpt lat="-7.76581175" lon="111.74464954">
   <ele>1175.349</ele>
  </trkpt>
  <trkpt lat="-7.76593479" lon="111.74455516">
   <ele>1176.791</ele>
  </trkpt>
  <trkpt lat="-7.76600973" lon="111.74449523">
   <ele>1178.714</ele>
  </trkpt>
  <trkpt lat="-7.76615188" lon="111.74435391">
   <ele>1181.598</ele>
  </trkpt>
  <trkpt lat="-7.76633587" lon="111.74420605">
   <ele>1184.482</ele>
  </trkpt>
  <trkpt lat="-7.76645791" lon="111.74412777">
   <ele>1187.365</ele>
  </trkpt>
  <trkpt lat="-7.76662613" lon="111.74402257">
   <ele>1189.769</ele>
  </trkpt>
  <trkpt lat="-7.76674893" lon="111.74393213">
   <ele>1191.691</ele>
  </trkpt>
  <trkpt lat="-7.76689645" lon="111.74382082">
   <ele>1195.056</ele>
  </trkpt>
  <trkpt lat="-7.76703073" lon="111.74375226">
   <ele>1196.498</ele>
  </trkpt>
  <trkpt lat="-7.76709267" lon="111.74375343">
   <ele>1199.863</ele>
  </trkpt>
  <trkpt lat="-7.76723105" lon="111.74375569">
   <ele>1203.227</ele>
  </trkpt>
  <trkpt lat="-7.76735066" lon="111.74379475">
   <ele>1206.111</ele>
  </trkpt>
  <trkpt lat="-7.76742937" lon="111.74370959">
   <ele>1208.034</ele>
  </trkpt>
  <trkpt lat="-7.76745192" lon="111.74355679">
   <ele>1210.918</ele>
  </trkpt>
  <trkpt lat="-7.76749886" lon="111.74342863">
   <ele>1214.282</ele>
  </trkpt>
  <trkpt lat="-7.76767186" lon="111.74339946">
   <ele>1217.647</ele>
  </trkpt>
  <trkpt lat="-7.76787965" lon="111.74338890">
   <ele>1220.531</ele>
  </trkpt>
  <trkpt lat="-7.76804687" lon="111.74333878">
   <ele>1223.415</ele>
  </trkpt>
  <trkpt lat="-7.76818190" lon="111.74330072">
   <ele>1225.337</ele>
  </trkpt>
  <trkpt lat="-7.76835859" lon="111.74326854">
   <ele>1228.702</ele>
  </trkpt>
  <trkpt lat="-7.76854886" lon="111.74326418">
   <ele>1232.067</ele>
  </trkpt>
  <trkpt lat="-7.76870585" lon="111.74325194">
   <ele>1233.99</ele>
  </trkpt>
  <trkpt lat="-7.76889855" lon="111.74318355">
   <ele>1237.354</ele>
  </trkpt>
  <trkpt lat="-7.76904456" lon="111.74311188">
   <ele>1238.315</ele>
  </trkpt>
  <trkpt lat="-7.76924011" lon="111.74302991">
   <ele>1238.796</ele>
  </trkpt>
  <trkpt lat="-7.76943047" lon="111.74290032">
   <ele>1238.796</ele>
  </trkpt>
  <trkpt lat="-7.76960791" lon="111.74276973">
   <ele>1236.873</ele>
  </trkpt>
  <trkpt lat="-7.76962266" lon="111.74276252">
   <ele>1236.873</ele>
  </trkpt>
  <trkpt lat="-7.76975803" lon="111.74266496">
   <ele>1235.431</ele>
  </trkpt>
  <trkpt lat="-7.76995492" lon="111.74253797">
   <ele>1233.028</ele>
  </trkpt>
  <trkpt lat="-7.77012457" lon="111.74244921">
   <ele>1232.067</ele>
  </trkpt>
  <trkpt lat="-7.77015994" lon="111.74242406">
   <ele>1232.548</ele>
  </trkpt>
  <trkpt lat="-7.77018308" lon="111.74241400">
   <ele>1232.548</ele>
  </trkpt>
  <trkpt lat="-7.77021451" lon="111.74223136">
   <ele>1231.106</ele>
  </trkpt>
  <trkpt lat="-7.77023982" lon="111.74210697">
   <ele>1229.664</ele>
  </trkpt>
  <trkpt lat="-7.77024460" lon="111.74198510">
   <ele>1229.183</ele>
  </trkpt>
  <trkpt lat="-7.77023722" lon="111.74197705">
   <ele>1225.818</ele>
  </trkpt>
  <trkpt lat="-7.77019221" lon="111.74184906">
   <ele>1224.376</ele>
  </trkpt>
  <trkpt lat="-7.77022499" lon="111.74181973">
   <ele>1221.012</ele>
  </trkpt>
  <trkpt lat="-7.77035474" lon="111.74174068">
   <ele>1219.089</ele>
  </trkpt>
  <trkpt lat="-7.77040218" lon="111.74171587">
   <ele>1215.725</ele>
  </trkpt>
  <trkpt lat="-7.77050779" lon="111.74167237">
   <ele>1215.725</ele>
  </trkpt>
  <trkpt lat="-7.77075179" lon="111.74161470">
   <ele>1216.205</ele>
  </trkpt>
  <trkpt lat="-7.77092689" lon="111.74159761">
   <ele>1216.686</ele>
  </trkpt>
  <trkpt lat="-7.77112118" lon="111.74159685">
   <ele>1216.686</ele>
  </trkpt>
  <trkpt lat="-7.77125102" lon="111.74149275">
   <ele>1216.686</ele>
  </trkpt>
  <trkpt lat="-7.77136987" lon="111.74150180">
   <ele>1217.647</ele>
  </trkpt>
  <trkpt lat="-7.77150465" lon="111.74159224">
   <ele>1217.647</ele>
  </trkpt>
  <trkpt lat="-7.77164438" lon="111.74155888">
   <ele>1218.128</ele>
  </trkpt>
  <trkpt lat="-7.77177748" lon="111.74145419">
   <ele>1218.128</ele>
  </trkpt>
  <trkpt lat="-7.77190732" lon="111.74138605">
   <ele>1219.089</ele>
  </trkpt>
  <trkpt lat="-7.77204880" lon="111.74127893">
   <ele>1220.05</ele>
  </trkpt>
  <trkpt lat="-7.77224754" lon="111.74131463">
   <ele>1220.531</ele>
  </trkpt>
  <trkpt lat="-7.77234963" lon="111.74121640">
   <ele>1220.531</ele>
  </trkpt>
  <trkpt lat="-7.77245441" lon="111.74112604">
   <ele>1221.973</ele>
  </trkpt>
  <trkpt lat="-7.77254342" lon="111.74095798">
   <ele>1222.454</ele>
  </trkpt>
  <trkpt lat="-7.77260100" lon="111.74086838">
   <ele>1222.934</ele>
  </trkpt>
  <trkpt lat="-7.77269656" lon="111.74077216">
   <ele>1223.896</ele>
  </trkpt>
  <trkpt lat="-7.77281206" lon="111.74063939">
   <ele>1223.415</ele>
  </trkpt>
  <trkpt lat="-7.77285322" lon="111.74061491">
   <ele>1224.857</ele>
  </trkpt>
  <trkpt lat="-7.77303041" lon="111.74073393">
   <ele>1224.376</ele>
  </trkpt>
  <trkpt lat="-7.77313988" lon="111.74076470">
   <ele>1224.376</ele>
  </trkpt>
  <trkpt lat="-7.77331313" lon="111.74074651">
   <ele>1223.896</ele>
  </trkpt>
  <trkpt lat="-7.77337474" lon="111.74066487">
   <ele>1224.376</ele>
  </trkpt>
  <trkpt lat="-7.77339234" lon="111.74057392">
   <ele>1225.337</ele>
  </trkpt>
  <trkpt lat="-7.77339997" lon="111.74045163">
   <ele>1225.337</ele>
  </trkpt>
  <trkpt lat="-7.77352980" lon="111.74038885">
   <ele>1225.818</ele>
  </trkpt>
  <trkpt lat="-7.77368026" lon="111.74024787">
   <ele>1226.299</ele>
  </trkpt>
  <trkpt lat="-7.77377816" lon="111.74008685">
   <ele>1225.818</ele>
  </trkpt>
  <trkpt lat="-7.77405141" lon="111.73992190">
   <ele>1227.26</ele>
  </trkpt>
  <trkpt lat="-7.77422357" lon="111.73989675">
   <ele>1226.78</ele>
  </trkpt>
  <trkpt lat="-7.77451937" lon="111.73977781">
   <ele>1227.26</ele>
  </trkpt>
  <trkpt lat="-7.77476764" lon="111.73973825">
   <ele>1226.78</ele>
  </trkpt>
  <trkpt lat="-7.77504944" lon="111.73965418">
   <ele>1226.78</ele>
  </trkpt>
  <trkpt lat="-7.77517509" lon="111.73958151">
   <ele>1226.78</ele>
  </trkpt>
  <trkpt lat="-7.77534080" lon="111.73952694">
   <ele>1226.78</ele>
  </trkpt>
  <trkpt lat="-7.77561195" lon="111.73952023">
   <ele>1228.222</ele>
  </trkpt>
  <trkpt lat="-7.77587548" lon="111.73959492">
   <ele>1227.741</ele>
  </trkpt>
  <trkpt lat="-7.77607908" lon="111.73963867">
   <ele>1229.183</ele>
  </trkpt>
  <trkpt lat="-7.77632232" lon="111.73967279">
   <ele>1228.222</ele>
  </trkpt>
  <trkpt lat="-7.77636934" lon="111.73962836">
   <ele>1227.741</ele>
  </trkpt>
  <trkpt lat="-7.77644780" lon="111.73968025">
   <ele>1228.222</ele>
  </trkpt>
  <trkpt lat="-7.77638007" lon="111.73974110">
   <ele>1228.222</ele>
  </trkpt>
  <trkpt lat="-7.77636238" lon="111.73966080">
   <ele>1228.222</ele>
  </trkpt>
  <trkpt lat="-7.77627831" lon="111.73962484">
   <ele>1229.183</ele>
  </trkpt>
  <trkpt lat="-7.77629181" lon="111.73956122">
   <ele>1233.028</ele>
  </trkpt>
  <trkpt lat="-7.77621645" lon="111.73944580">
   <ele>1236.393</ele>
  </trkpt>
  <trkpt lat="-7.77620430" lon="111.73948771">
   <ele>1239.277</ele>
  </trkpt>
  <trkpt lat="-7.77623054" lon="111.73945997">
   <ele>1243.122</ele>
  </trkpt>
  <trkpt lat="-7.77633062" lon="111.73936701">
   <ele>1246.006</ele>
  </trkpt>
  <trkpt lat="-7.77645350" lon="111.73926794">
   <ele>1249.371</ele>
  </trkpt>
  <trkpt lat="-7.77650395" lon="111.73932100">
   <ele>1252.735</ele>
  </trkpt>
  <trkpt lat="-7.77659951" lon="111.73934673">
   <ele>1255.619</ele>
  </trkpt>
  <trkpt lat="-7.77669548" lon="111.73926014">
   <ele>1258.984</ele>
  </trkpt>
  <trkpt lat="-7.77675449" lon="111.73916501">
   <ele>1262.348</ele>
  </trkpt>
  <trkpt lat="-7.77683387" lon="111.73916132">
   <ele>1265.232</ele>
  </trkpt>
  <trkpt lat="-7.77689095" lon="111.73914137">
   <ele>1268.116</ele>
  </trkpt>
  <trkpt lat="-7.77694962" lon="111.73913425">
   <ele>1271.481</ele>
  </trkpt>
  <trkpt lat="-7.77697803" lon="111.73906166">
   <ele>1274.365</ele>
  </trkpt>
  <trkpt lat="-7.77703101" lon="111.73914716">
   <ele>1277.729</ele>
  </trkpt>
  <trkpt lat="-7.77713402" lon="111.73904062">
   <ele>1281.094</ele>
  </trkpt>
  <trkpt lat="-7.77721088" lon="111.73895446">
   <ele>1284.459</ele>
  </trkpt>
  <trkpt lat="-7.77724802" lon="111.73886946">
   <ele>1287.823</ele>
  </trkpt>
  <trkpt lat="-7.77729730" lon="111.73877525">
   <ele>1290.227</ele>
  </trkpt>
  <trkpt lat="-7.77733359" lon="111.73872856">
   <ele>1293.591</ele>
  </trkpt>
  <trkpt lat="-7.77741155" lon="111.73873644">
   <ele>1296.475</ele>
  </trkpt>
  <trkpt lat="-7.77743468" lon="111.73869881">
   <ele>1299.359</ele>
  </trkpt>
  <trkpt lat="-7.77746586" lon="111.73867316">
   <ele>1302.724</ele>
  </trkpt>
  <trkpt lat="-7.77751163" lon="111.73868456">
   <ele>1305.127</ele>
  </trkpt>
  <trkpt lat="-7.77756711" lon="111.73868121">
   <ele>1308.492</ele>
  </trkpt>
  <trkpt lat="-7.77762696" lon="111.73865749">
   <ele>1310.895</ele>
  </trkpt>
  <trkpt lat="-7.77768371" lon="111.73864458">
   <ele>1313.779</ele>
  </trkpt>
  <trkpt lat="-7.77771438" lon="111.73867249">
   <ele>1317.144</ele>
  </trkpt>
  <trkpt lat="-7.77768211" lon="111.73863578">
   <ele>1320.027</ele>
  </trkpt>
  <trkpt lat="-7.77768723" lon="111.73856545">
   <ele>1323.392</ele>
  </trkpt>
  <trkpt lat="-7.77770659" lon="111.73848549">
   <ele>1326.276</ele>
  </trkpt>
  <trkpt lat="-7.77773785" lon="111.73841701">
   <ele>1329.641</ele>
  </trkpt>
  <trkpt lat="-7.77779544" lon="111.73841751">
   <ele>1332.525</ele>
  </trkpt>
  <trkpt lat="-7.77787649" lon="111.73845104">
   <ele>1335.889</ele>
  </trkpt>
  <trkpt lat="-7.77791178" lon="111.73845104">
   <ele>1338.773</ele>
  </trkpt>
  <trkpt lat="-7.77793433" lon="111.73845523">
   <ele>1339.734</ele>
  </trkpt>
  <trkpt lat="-7.77795603" lon="111.73844433">
   <ele>1342.619</ele>
  </trkpt>
  <trkpt lat="-7.77804513" lon="111.73842128">
   <ele>1345.502</ele>
  </trkpt>
  <trkpt lat="-7.77802510" lon="111.73836689">
   <ele>1348.386</ele>
  </trkpt>
  <trkpt lat="-7.77805528" lon="111.73829648">
   <ele>1351.751</ele>
  </trkpt>
  <trkpt lat="-7.77807347" lon="111.73821257">
   <ele>1354.635</ele>
  </trkpt>
  <trkpt lat="-7.77807707" lon="111.73821014">
   <ele>1357.519</ele>
  </trkpt>
  <trkpt lat="-7.77808445" lon="111.73815063">
   <ele>1360.884</ele>
  </trkpt>
  <trkpt lat="-7.77811705" lon="111.73806321">
   <ele>1364.248</ele>
  </trkpt>
  <trkpt lat="-7.77812703" lon="111.73803245">
   <ele>1365.209</ele>
  </trkpt>
  <trkpt lat="-7.77813407" lon="111.73800143">
   <ele>1366.651</ele>
  </trkpt>
  <trkpt lat="-7.77812309" lon="111.73793832">
   <ele>1370.016</ele>
  </trkpt>
  <trkpt lat="-7.77812401" lon="111.73787847">
   <ele>1372.9</ele>
  </trkpt>
  <trkpt lat="-7.77811621" lon="111.73784712">
   <ele>1376.265</ele>
  </trkpt>
  <trkpt lat="-7.77810691" lon="111.73780035">
   <ele>1378.668</ele>
  </trkpt>
  <trkpt lat="-7.77810884" lon="111.73774654">
   <ele>1381.552</ele>
  </trkpt>
  <trkpt lat="-7.77808746" lon="111.73771787">
   <ele>1381.552</ele>
  </trkpt>
  <trkpt lat="-7.77807975" lon="111.73771368">
   <ele>1380.591</ele>
  </trkpt>
  <trkpt lat="-7.77807497" lon="111.73773372">
   <ele>1382.513</ele>
  </trkpt>
  <trkpt lat="-7.77806106" lon="111.73765333">
   <ele>1385.397</ele>
  </trkpt>
  <trkpt lat="-7.77804287" lon="111.73759910">
   <ele>1388.281</ele>
  </trkpt>
  <trkpt lat="-7.77804673" lon="111.73752576">
   <ele>1391.646</ele>
  </trkpt>
  <trkpt lat="-7.77802275" lon="111.73745259">
   <ele>1393.568</ele>
  </trkpt>
  <trkpt lat="-7.77801295" lon="111.73739165">
   <ele>1396.452</ele>
  </trkpt>
  <trkpt lat="-7.77801362" lon="111.73733901">
   <ele>1399.817</ele>
  </trkpt>
  <trkpt lat="-7.77810054" lon="111.73722234">
   <ele>1402.22</ele>
  </trkpt>
  <trkpt lat="-7.77826776" lon="111.73721706">
   <ele>1404.143</ele>
  </trkpt>
  <trkpt lat="-7.77840950" lon="111.73722695">
   <ele>1407.027</ele>
  </trkpt>
  <trkpt lat="-7.77853606" lon="111.73720331">
   <ele>1410.391</ele>
  </trkpt>
  <trkpt lat="-7.77865190" lon="111.73722292">
   <ele>1412.314</ele>
  </trkpt>
  <trkpt lat="-7.77871829" lon="111.73723742">
   <ele>1414.237</ele>
  </trkpt>
  <trkpt lat="-7.77882155" lon="111.73723650">
   <ele>1417.601</ele>
  </trkpt>
  <trkpt lat="-7.77894870" lon="111.73723717">
   <ele>1420.485</ele>
  </trkpt>
  <trkpt lat="-7.77902221" lon="111.73725477">
   <ele>1422.889</ele>
  </trkpt>
  <trkpt lat="-7.77913813" lon="111.73726223">
   <ele>1424.331</ele>
  </trkpt>
  <trkpt lat="-7.77921424" lon="111.73725461">
   <ele>1426.734</ele>
  </trkpt>
  <trkpt lat="-7.77933385" lon="111.73722527">
   <ele>1429.618</ele>
  </trkpt>
  <trkpt lat="-7.77939973" lon="111.73719862">
   <ele>1430.579</ele>
  </trkpt>
  <trkpt lat="-7.77950157" lon="111.73715218">
   <ele>1433.944</ele>
  </trkpt>
  <trkpt lat="-7.77959486" lon="111.73710449">
   <ele>1436.828</ele>
  </trkpt>
  <trkpt lat="-7.77963962" lon="111.73701455">
   <ele>1438.27</ele>
  </trkpt>
  <trkpt lat="-7.77978983" lon="111.73690408">
   <ele>1441.154</ele>
  </trkpt>
  <trkpt lat="-7.77991866" lon="111.73681171">
   <ele>1444.518</ele>
  </trkpt>
  <trkpt lat="-7.77999694" lon="111.73673132">
   <ele>1446.441</ele>
  </trkpt>
  <trkpt lat="-7.78013634" lon="111.73667106">
   <ele>1448.844</ele>
  </trkpt>
  <trkpt lat="-7.78029115" lon="111.73665379">
   <ele>1451.247</ele>
  </trkpt>
  <trkpt lat="-7.78036541" lon="111.73662303">
   <ele>1452.209</ele>
  </trkpt>
  <trkpt lat="-7.78045091" lon="111.73661649">
   <ele>1452.689</ele>
  </trkpt>
  <trkpt lat="-7.78058108" lon="111.73656737">
   <ele>1454.612</ele>
  </trkpt>
  <trkpt lat="-7.78072382" lon="111.73646436">
   <ele>1457.015</ele>
  </trkpt>
  <trkpt lat="-7.78079255" lon="111.73640560">
   <ele>1459.899</ele>
  </trkpt>
  <trkpt lat="-7.78081141" lon="111.73638331">
   <ele>1458.938</ele>
  </trkpt>
  <trkpt lat="-7.78072248" lon="111.73640451">
   <ele>1461.822</ele>
  </trkpt>
  <trkpt lat="-7.78068225" lon="111.73639655">
   <ele>1463.264</ele>
  </trkpt>
  <trkpt lat="-7.78070379" lon="111.73638532">
   <ele>1466.628</ele>
  </trkpt>
  <trkpt lat="-7.78104016" lon="111.73619337">
   <ele>1467.59</ele>
  </trkpt>
  <trkpt lat="-7.78119958" lon="111.73608215">
   <ele>1470.474</ele>
  </trkpt>
  <trkpt lat="-7.78125188" lon="111.73597528">
   <ele>1471.435</ele>
  </trkpt>
  <trkpt lat="-7.78130980" lon="111.73574494">
   <ele>1471.916</ele>
  </trkpt>
  <trkpt lat="-7.78136152" lon="111.73554034">
   <ele>1472.877</ele>
  </trkpt>
  <trkpt lat="-7.78140762" lon="111.73540858">
   <ele>1473.358</ele>
  </trkpt>
  <trkpt lat="-7.78141147" lon="111.73532719">
   <ele>1474.319</ele>
  </trkpt>
  <trkpt lat="-7.78144207" lon="111.73518344">
   <ele>1474.319</ele>
  </trkpt>
  <trkpt lat="-7.78140586" lon="111.73508478">
   <ele>1472.877</ele>
  </trkpt>
  <trkpt lat="-7.78136730" lon="111.73502100">
   <ele>1470.955</ele>
  </trkpt>
  <trkpt lat="-7.78130092" lon="111.73493248">
   <ele>1470.955</ele>
  </trkpt>
  <trkpt lat="-7.78120553" lon="111.73486526">
   <ele>1471.435</ele>
  </trkpt>
  <trkpt lat="-7.78108584" lon="111.73469394">
   <ele>1471.435</ele>
  </trkpt>
  <trkpt lat="-7.78100847" lon="111.73449378">
   <ele>1471.916</ele>
  </trkpt>
  <trkpt lat="-7.78095684" lon="111.73432882">
   <ele>1471.916</ele>
  </trkpt>
  <trkpt lat="-7.78094695" lon="111.73422111">
   <ele>1471.435</ele>
  </trkpt>
  <trkpt lat="-7.78094016" lon="111.73414978">
   <ele>1471.916</ele>
  </trkpt>
  <trkpt lat="-7.78102004" lon="111.73402422">
   <ele>1470.955</ele>
  </trkpt>
  <trkpt lat="-7.78107729" lon="111.73397150">
   <ele>1470.474</ele>
  </trkpt>
  <trkpt lat="-7.78114359" lon="111.73385952">
   <ele>1470.955</ele>
  </trkpt>
  <trkpt lat="-7.78130100" lon="111.73377151">
   <ele>1470.474</ele>
  </trkpt>
  <trkpt lat="-7.78141919" lon="111.73381912">
   <ele>1469.993</ele>
  </trkpt>
  <trkpt lat="-7.78154391" lon="111.73390503">
   <ele>1469.993</ele>
  </trkpt>
  <trkpt lat="-7.78164726" lon="111.73409354">
   <ele>1468.551</ele>
  </trkpt>
  <trkpt lat="-7.78180777" lon="111.73414274">
   <ele>1469.513</ele>
  </trkpt>
  <trkpt lat="-7.78194641" lon="111.73414182">
   <ele>1469.513</ele>
  </trkpt>
  <trkpt lat="-7.78208689" lon="111.73420762">
   <ele>1469.513</ele>
  </trkpt>
  <trkpt lat="-7.78227783" lon="111.73436821">
   <ele>1469.513</ele>
  </trkpt>
  <trkpt lat="-7.78240540" lon="111.73449755">
   <ele>1469.993</ele>
  </trkpt>
  <trkpt lat="-7.78248570" lon="111.73452470">
   <ele>1472.396</ele>
  </trkpt>
  <trkpt lat="-7.78262182" lon="111.73460743">
   <ele>1475.28</ele>
  </trkpt>
  <trkpt lat="-7.78277546" lon="111.73457542">
   <ele>1476.242</ele>
  </trkpt>
  <trkpt lat="-7.78286280" lon="111.73454239">
   <ele>1475.761</ele>
  </trkpt>
  <trkpt lat="-7.78281318" lon="111.73444508">
   <ele>1477.203</ele>
  </trkpt>
  <trkpt lat="-7.78271746" lon="111.73437207">
   <ele>1477.684</ele>
  </trkpt>
  <trkpt lat="-7.78261419" lon="111.73423603">
   <ele>1480.087</ele>
  </trkpt>
  <trkpt lat="-7.78258335" lon="111.73407921">
   <ele>1483.451</ele>
  </trkpt>
  <trkpt lat="-7.78264822" lon="111.73370278">
   <ele>1485.855</ele>
  </trkpt>
  <trkpt lat="-7.78273883" lon="111.73359373">
   <ele>1486.816</ele>
  </trkpt>
  <trkpt lat="-7.78283489" lon="111.73362709">
   <ele>1488.258</ele>
  </trkpt>
  <trkpt lat="-7.78306900" lon="111.73365852">
   <ele>1489.219</ele>
  </trkpt>
  <trkpt lat="-7.78308484" lon="111.73345383">
   <ele>1491.142</ele>
  </trkpt>
  <trkpt lat="-7.78309238" lon="111.73327186">
   <ele>1492.584</ele>
  </trkpt>
  <trkpt lat="-7.78315583" lon="111.73308880">
   <ele>1492.584</ele>
  </trkpt>
  <trkpt lat="-7.78326161" lon="111.73294840">
   <ele>1493.545</ele>
  </trkpt>
  <trkpt lat="-7.78323563" lon="111.73282251">
   <ele>1494.507</ele>
  </trkpt>
  <trkpt lat="-7.78307629" lon="111.73265210">
   <ele>1494.507</ele>
  </trkpt>
  <trkpt lat="-7.78300496" lon="111.73253920">
   <ele>1495.468</ele>
  </trkpt>
  <trkpt lat="-7.78288074" lon="111.73238439">
   <ele>1493.545</ele>
  </trkpt>
  <trkpt lat="-7.78282743" lon="111.73228640">
   <ele>1492.584</ele>
  </trkpt>
  <trkpt lat="-7.78277571" lon="111.73214676">
   <ele>1492.584</ele>
  </trkpt>
  <trkpt lat="-7.78273724" lon="111.73202405">
   <ele>1491.142</ele>
  </trkpt>
  <trkpt lat="-7.78260070" lon="111.73192254">
   <ele>1490.181</ele>
  </trkpt>
  <trkpt lat="-7.78251068" lon="111.73183059">
   <ele>1490.181</ele>
  </trkpt>
  <trkpt lat="-7.78245184" lon="111.73173923">
   <ele>1489.7</ele>
  </trkpt>
  <trkpt lat="-7.78236710" lon="111.73158224">
   <ele>1488.739</ele>
  </trkpt>
  <trkpt lat="-7.78234421" lon="111.73150554">
   <ele>1487.297</ele>
  </trkpt>
  <trkpt lat="-7.78226500" lon="111.73140320">
   <ele>1486.336</ele>
  </trkpt>
  <trkpt lat="-7.78222485" lon="111.73138786">
   <ele>1484.894</ele>
  </trkpt>
  <trkpt lat="-7.78214439" lon="111.73130505">
   <ele>1484.413</ele>
  </trkpt>
  <trkpt lat="-7.78213928" lon="111.73122726">
   <ele>1482.49</ele>
  </trkpt>
  <trkpt lat="-7.78209829" lon="111.73122559">
   <ele>1479.125</ele>
  </trkpt>
  <trkpt lat="-7.78198572" lon="111.73114764">
   <ele>1478.645</ele>
  </trkpt>
  <trkpt lat="-7.78181557" lon="111.73101864">
   <ele>1477.684</ele>
  </trkpt>
  <trkpt lat="-7.78169294" lon="111.73087673">
   <ele>1476.722</ele>
  </trkpt>
  <trkpt lat="-7.78156931" lon="111.73073751">
   <ele>1475.761</ele>
  </trkpt>
  <trkpt lat="-7.78150477" lon="111.73066350">
   <ele>1474.319</ele>
  </trkpt>
  <trkpt lat="-7.78135498" lon="111.73053777">
   <ele>1473.358</ele>
  </trkpt>
  <trkpt lat="-7.78124023" lon="111.73043098">
   <ele>1471.916</ele>
  </trkpt>
  <trkpt lat="-7.78111241" lon="111.73030391">
   <ele>1471.435</ele>
  </trkpt>
  <trkpt lat="-7.78100294" lon="111.73021389">
   <ele>1469.993</ele>
  </trkpt>
  <trkpt lat="-7.78090781" lon="111.73010535">
   <ele>1467.59</ele>
  </trkpt>
  <trkpt lat="-7.78083681" lon="111.73000527">
   <ele>1467.109</ele>
  </trkpt>
  <trkpt lat="-7.78075936" lon="111.72991323">
   <ele>1465.187</ele>
  </trkpt>
  <trkpt lat="-7.78059734" lon="111.72968583">
   <ele>1463.264</ele>
  </trkpt>
  <trkpt lat="-7.78059047" lon="111.72966697">
   <ele>1461.822</ele>
  </trkpt>
  <trkpt lat="-7.78059307" lon="111.72967141">
   <ele>1458.457</ele>
  </trkpt>
  <trkpt lat="-7.78059080" lon="111.72967066">
   <ele>1452.689</ele>
  </trkpt>
  <trkpt lat="-7.78050615" lon="111.72957083">
   <ele>1450.767</ele>
  </trkpt>
  <trkpt lat="-7.78035862" lon="111.72941828">
   <ele>1448.844</ele>
  </trkpt>
  <trkpt lat="-7.78027765" lon="111.72929884">
   <ele>1448.844</ele>
  </trkpt>
  <trkpt lat="-7.78018747" lon="111.72919046">
   <ele>1447.402</ele>
  </trkpt>
  <trkpt lat="-7.78011555" lon="111.72910094">
   <ele>1445.479</ele>
  </trkpt>
  <trkpt lat="-7.77999376" lon="111.72899206">
   <ele>1443.557</ele>
  </trkpt>
  <trkpt lat="-7.77993115" lon="111.72895384">
   <ele>1439.712</ele>
  </trkpt>
  <trkpt lat="-7.77988748" lon="111.72892149">
   <ele>1443.076</ele>
  </trkpt>
  <trkpt lat="-7.77986434" lon="111.72890699">
   <ele>1440.192</ele>
  </trkpt>
  <trkpt lat="-7.77980014" lon="111.72880188">
   <ele>1436.828</ele>
  </trkpt>
  <trkpt lat="-7.77969193" lon="111.72876349">
   <ele>1433.463</ele>
  </trkpt>
  <trkpt lat="-7.77964608" lon="111.72876089">
   <ele>1431.06</ele>
  </trkpt>
  <trkpt lat="-7.77957031" lon="111.72865461">
   <ele>1429.137</ele>
  </trkpt>
  <trkpt lat="-7.77944223" lon="111.72854011">
   <ele>1426.253</ele>
  </trkpt>
  <trkpt lat="-7.77940409" lon="111.72844129">
   <ele>1424.331</ele>
  </trkpt>
  <trkpt lat="-7.77937668" lon="111.72836811">
   <ele>1423.85</ele>
  </trkpt>
  <trkpt lat="-7.77937509" lon="111.72834758">
   <ele>1422.408</ele>
  </trkpt>
  <trkpt lat="-7.77935179" lon="111.72817885">
   <ele>1420.005</ele>
  </trkpt>
  <trkpt lat="-7.77930426" lon="111.72809838">
   <ele>1418.082</ele>
  </trkpt>
  <trkpt lat="-7.77922472" lon="111.72798556">
   <ele>1414.717</ele>
  </trkpt>
  <trkpt lat="-7.77917661" lon="111.72785455">
   <ele>1413.756</ele>
  </trkpt>
  <trkpt lat="-7.77911928" lon="111.72768021">
   <ele>1410.872</ele>
  </trkpt>
  <trkpt lat="-7.77908575" lon="111.72754124">
   <ele>1409.43</ele>
  </trkpt>
  <trkpt lat="-7.77903965" lon="111.72737528">
   <ele>1408.469</ele>
  </trkpt>
  <trkpt lat="-7.77897636" lon="111.72727084">
   <ele>1407.508</ele>
  </trkpt>
  <trkpt lat="-7.77889062" lon="111.72712960">
   <ele>1407.027</ele>
  </trkpt>
  <trkpt lat="-7.77877805" lon="111.72688410">
   <ele>1405.585</ele>
  </trkpt>
  <trkpt lat="-7.77869565" lon="111.72668620">
   <ele>1404.624</ele>
  </trkpt>
  <trkpt lat="-7.77863832" lon="111.72654932">
   <ele>1403.662</ele>
  </trkpt>
  <trkpt lat="-7.77856423" lon="111.72640474">
   <ele>1402.22</ele>
  </trkpt>
  <trkpt lat="-7.77856909" lon="111.72631446">
   <ele>1398.855</ele>
  </trkpt>
  <trkpt lat="-7.77856976" lon="111.72621363">
   <ele>1401.74</ele>
  </trkpt>
  <trkpt lat="-7.77850974" lon="111.72605957">
   <ele>1401.259</ele>
  </trkpt>
  <trkpt lat="-7.77847328" lon="111.72595178">
   <ele>1398.855</ele>
  </trkpt>
  <trkpt lat="-7.77845224" lon="111.72588556">
   <ele>1399.817</ele>
  </trkpt>
  <trkpt lat="-7.77839189" lon="111.72566520">
   <ele>1400.778</ele>
  </trkpt>
  <trkpt lat="-7.77834672" lon="111.72551005">
   <ele>1401.259</ele>
  </trkpt>
  <trkpt lat="-7.77834009" lon="111.72537150">
   <ele>1401.259</ele>
  </trkpt>
  <trkpt lat="-7.77838728" lon="111.72523513">
   <ele>1400.778</ele>
  </trkpt>
  <trkpt lat="-7.77838695" lon="111.72513429">
   <ele>1400.298</ele>
  </trkpt>
  <trkpt lat="-7.77844738" lon="111.72497638">
   <ele>1399.817</ele>
  </trkpt>
  <trkpt lat="-7.77847320" lon="111.72490748">
   <ele>1399.336</ele>
  </trkpt>
  <trkpt lat="-7.77855065" lon="111.72473322">
   <ele>1398.375</ele>
  </trkpt>
  <trkpt lat="-7.77853824" lon="111.72464387">
   <ele>1395.01</ele>
  </trkpt>
  <trkpt lat="-7.77850094" lon="111.72456348">
   <ele>1395.01</ele>
  </trkpt>
  <trkpt lat="-7.77851838" lon="111.72442233">
   <ele>1392.607</ele>
  </trkpt>
  <trkpt lat="-7.77849055" lon="111.72428227">
   <ele>1390.684</ele>
  </trkpt>
  <trkpt lat="-7.77843154" lon="111.72414942">
   <ele>1388.762</ele>
  </trkpt>
  <trkpt lat="-7.77836507" lon="111.72392864">
   <ele>1385.878</ele>
  </trkpt>
  <trkpt lat="-7.77837471" lon="111.72384960">
   <ele>1385.397</ele>
  </trkpt>
  <trkpt lat="-7.77838871" lon="111.72375522">
   <ele>1382.032</ele>
  </trkpt>
  <trkpt lat="-7.77839181" lon="111.72373124">
   <ele>1384.917</ele>
  </trkpt>
  <trkpt lat="-7.77840237" lon="111.72369420">
   <ele>1383.474</ele>
  </trkpt>
  <trkpt lat="-7.77837463" lon="111.72350057">
   <ele>1382.513</ele>
  </trkpt>
  <trkpt lat="-7.77842341" lon="111.72335406">
   <ele>1382.032</ele>
  </trkpt>
  <trkpt lat="-7.77841603" lon="111.72311811">
   <ele>1379.629</ele>
  </trkpt>
  <trkpt lat="-7.77841863" lon="111.72310721">
   <ele>1376.265</ele>
  </trkpt>
  <trkpt lat="-7.77839634" lon="111.72300445">
   <ele>1375.784</ele>
  </trkpt>
  <trkpt lat="-7.77837211" lon="111.72277864">
   <ele>1374.823</ele>
  </trkpt>
  <trkpt lat="-7.77836331" lon="111.72261620">
   <ele>1373.381</ele>
  </trkpt>
  <trkpt lat="-7.77836943" lon="111.72240808">
   <ele>1372.9</ele>
  </trkpt>
  <trkpt lat="-7.77834739" lon="111.72224983">
   <ele>1348.867</ele>
  </trkpt>
  <trkpt lat="-7.77834646" lon="111.72224404">
   <ele>1348.386</ele>
  </trkpt>
  <trkpt lat="-7.77833305" lon="111.72209417">
   <ele>1345.022</ele>
  </trkpt>
  <trkpt lat="-7.77837278" lon="111.72191916">
   <ele>1343.099</ele>
  </trkpt>
  <trkpt lat="-7.77839885" lon="111.72175705">
   <ele>1341.657</ele>
  </trkpt>
  <trkpt lat="-7.77846322" lon="111.72157550">
   <ele>1340.215</ele>
  </trkpt>
  <trkpt lat="-7.77853405" lon="111.72145464">
   <ele>1338.773</ele>
  </trkpt>
  <trkpt lat="-7.77858451" lon="111.72129253">
   <ele>1337.331</ele>
  </trkpt>
  <trkpt lat="-7.77863195" lon="111.72115649">
   <ele>1334.928</ele>
  </trkpt>
  <trkpt lat="-7.77868182" lon="111.72096564">
   <ele>1333.486</ele>
  </trkpt>
  <trkpt lat="-7.77870420" lon="111.72078350">
   <ele>1332.525</ele>
  </trkpt>
  <trkpt lat="-7.77878760" lon="111.72064142">
   <ele>1330.602</ele>
  </trkpt>
  <trkpt lat="-7.77879213" lon="111.72058904">
   <ele>1330.121</ele>
  </trkpt>
  <trkpt lat="-7.77882867" lon="111.72047177">
   <ele>1329.16</ele>
  </trkpt>
  <trkpt lat="-7.77883890" lon="111.72037664">
   <ele>1328.679</ele>
  </trkpt>
  <trkpt lat="-7.77887067" lon="111.72024345">
   <ele>1327.718</ele>
  </trkpt>
  <trkpt lat="-7.77890990" lon="111.72007640">
   <ele>1328.199</ele>
  </trkpt>
  <trkpt lat="-7.77895692" lon="111.71989853">
   <ele>1326.276</ele>
  </trkpt>
  <trkpt lat="-7.77898542" lon="111.71972386">
   <ele>1323.392</ele>
  </trkpt>
  <trkpt lat="-7.77902498" lon="111.71955194">
   <ele>1320.508</ele>
  </trkpt>
  <trkpt lat="-7.77907770" lon="111.71943719">
   <ele>1317.624</ele>
  </trkpt>
  <trkpt lat="-7.77914526" lon="111.71930074">
   <ele>1314.26</ele>
  </trkpt>
  <trkpt lat="-7.77922329" lon="111.71915179">
   <ele>1311.856</ele>
  </trkpt>
  <trkpt lat="-7.77928272" lon="111.71896756">
   <ele>1308.972</ele>
  </trkpt>
  <trkpt lat="-7.77934760" lon="111.71879749">
   <ele>1306.088</ele>
  </trkpt>
  <trkpt lat="-7.77942815" lon="111.71860546">
   <ele>1302.724</ele>
  </trkpt>
  <trkpt lat="-7.77947232" lon="111.71845400">
   <ele>1299.84</ele>
  </trkpt>
  <trkpt lat="-7.77951071" lon="111.71827739">
   <ele>1296.475</ele>
  </trkpt>
  <trkpt lat="-7.77954130" lon="111.71812635">
   <ele>1293.591</ele>
  </trkpt>
  <trkpt lat="-7.77956938" lon="111.71802166">
   <ele>1291.188</ele>
  </trkpt>
  <trkpt lat="-7.77957190" lon="111.71797439">
   <ele>1289.265</ele>
  </trkpt>
  <trkpt lat="-7.77959612" lon="111.71780884">
   <ele>1286.381</ele>
  </trkpt>
  <trkpt lat="-7.77960417" lon="111.71765084">
   <ele>1283.497</ele>
  </trkpt>
  <trkpt lat="-7.77959914" lon="111.71748321">
   <ele>1279.652</ele>
  </trkpt>
  <trkpt lat="-7.77959126" lon="111.71732739">
   <ele>1276.768</ele>
  </trkpt>
  <trkpt lat="-7.77956829" lon="111.71720929">
   <ele>1273.404</ele>
  </trkpt>
  <trkpt lat="-7.77952245" lon="111.71707107">
   <ele>1271.481</ele>
  </trkpt>
  <trkpt lat="-7.77954516" lon="111.71700167">
   <ele>1269.078</ele>
  </trkpt>
  <trkpt lat="-7.77950845" lon="111.71702555">
   <ele>1270.039</ele>
  </trkpt>
  <trkpt lat="-7.77931307" lon="111.71703385">
   <ele>1269.558</ele>
  </trkpt>
  <trkpt lat="-7.77919387" lon="111.71689010">
   <ele>1266.674</ele>
  </trkpt>
  <trkpt lat="-7.77924609" lon="111.71687091">
   <ele>1267.155</ele>
  </trkpt>
  <trkpt lat="-7.77924391" lon="111.71689161">
   <ele>1265.713</ele>
  </trkpt>
  <trkpt lat="-7.77923746" lon="111.71688373">
   <ele>1265.713</ele>
  </trkpt>
  <trkpt lat="-7.77923821" lon="111.71688977">
   <ele>1266.194</ele>
  </trkpt>
  <trkpt lat="-7.77925406" lon="111.71688298">
   <ele>1266.194</ele>
  </trkpt>
  <trkpt lat="-7.77925204" lon="111.71687644">
   <ele>1265.713</ele>
  </trkpt>
  <trkpt lat="-7.77924115" lon="111.71678072">
   <ele>1265.232</ele>
  </trkpt>
  <trkpt lat="-7.77921500" lon="111.71684618">
   <ele>1265.713</ele>
  </trkpt>
  <trkpt lat="-7.77922346" lon="111.71684492">
   <ele>1265.713</ele>
  </trkpt>
  <trkpt lat="-7.77918348" lon="111.71685054">
   <ele>1265.232</ele>
  </trkpt>
  <trkpt lat="-7.77893471" lon="111.71696428">
   <ele>1264.271</ele>
  </trkpt>
  <trkpt lat="-7.77879934" lon="111.71714374">
   <ele>1264.271</ele>
  </trkpt>
  <trkpt lat="-7.77858057" lon="111.71733057">
   <ele>1265.232</ele>
  </trkpt>
  <trkpt lat="-7.77833523" lon="111.71747021">
   <ele>1265.232</ele>
  </trkpt>
  <trkpt lat="-7.77819668" lon="111.71759695">
   <ele>1263.79</ele>
  </trkpt>
  <trkpt lat="-7.77809761" lon="111.71771237">
   <ele>1262.829</ele>
  </trkpt>
  <trkpt lat="-7.77789753" lon="111.71793315">
   <ele>1259.945</ele>
  </trkpt>
  <trkpt lat="-7.77767533" lon="111.71804454">
   <ele>1258.984</ele>
  </trkpt>
  <trkpt lat="-7.77746896" lon="111.71790465">
   <ele>1257.061</ele>
  </trkpt>
  <trkpt lat="-7.77724558" lon="111.71775671">
   <ele>1254.658</ele>
  </trkpt>
  <trkpt lat="-7.77713880" lon="111.71754196">
   <ele>1252.735</ele>
  </trkpt>
  <trkpt lat="-7.77705079" lon="111.71736125">
   <ele>1250.332</ele>
  </trkpt>
  <trkpt lat="-7.77691383" lon="111.71727198">
   <ele>1246.967</ele>
  </trkpt>
  <trkpt lat="-7.77676245" lon="111.71712203">
   <ele>1245.045</ele>
  </trkpt>
  <trkpt lat="-7.77661895" lon="111.71683084">
   <ele>1242.641</ele>
  </trkpt>
  <trkpt lat="-7.77652960" lon="111.71673386">
   <ele>1240.719</ele>
  </trkpt>
  <trkpt lat="-7.77633422" lon="111.71651476">
   <ele>1236.873</ele>
  </trkpt>
  <trkpt lat="-7.77630178" lon="111.71647947">
   <ele>1236.393</ele>
  </trkpt>
  <trkpt lat="-7.77617312" lon="111.71636925">
   <ele>1235.912</ele>
  </trkpt>
  <trkpt lat="-7.77612786" lon="111.71638057">
   <ele>1235.912</ele>
  </trkpt>
  <trkpt lat="-7.77585804" lon="111.71622123">
   <ele>1236.393</ele>
  </trkpt>
  <trkpt lat="-7.77571455" lon="111.71589433">
   <ele>1236.393</ele>
  </trkpt>
  <trkpt lat="-7.77566803" lon="111.71562402">
   <ele>1234.951</ele>
  </trkpt>
  <trkpt lat="-7.77557876" lon="111.71534222">
   <ele>1232.067</ele>
  </trkpt>
  <trkpt lat="-7.77538539" lon="111.71515957">
   <ele>1229.664</ele>
  </trkpt>
  <trkpt lat="-7.77517450" lon="111.71496972">
   <ele>1228.702</ele>
  </trkpt>
  <trkpt lat="-7.77502505" lon="111.71469589">
   <ele>1226.78</ele>
  </trkpt>
  <trkpt lat="-7.77499680" lon="111.71446891">
   <ele>1224.376</ele>
  </trkpt>
  <trkpt lat="-7.77499689" lon="111.71444778">
   <ele>1224.857</ele>
  </trkpt>
  <trkpt lat="-7.77486370" lon="111.71421602">
   <ele>1221.973</ele>
  </trkpt>
  <trkpt lat="-7.77466270" lon="111.71397379">
   <ele>1220.531</ele>
  </trkpt>
  <trkpt lat="-7.77470981" lon="111.71358897">
   <ele>1219.089</ele>
  </trkpt>
  <trkpt lat="-7.77460671" lon="111.71337448">
   <ele>1218.128</ele>
  </trkpt>
  <trkpt lat="-7.77439071" lon="111.71336954">
   <ele>1215.244</ele>
  </trkpt>
  <trkpt lat="-7.77432223" lon="111.71340139">
   <ele>1215.725</ele>
  </trkpt>
  <trkpt lat="-7.77414110" lon="111.71321405">
   <ele>1213.802</ele>
  </trkpt>
  <trkpt lat="-7.77401998" lon="111.71300652">
   <ele>1211.398</ele>
  </trkpt>
  <trkpt lat="-7.77396508" lon="111.71272916">
   <ele>1208.995</ele>
  </trkpt>
  <trkpt lat="-7.77391914" lon="111.71266780">
   <ele>1208.034</ele>
  </trkpt>
  <trkpt lat="-7.77388670" lon="111.71260284">
   <ele>1207.553</ele>
  </trkpt>
  <trkpt lat="-7.77360977" lon="111.71265858">
   <ele>1206.111</ele>
  </trkpt>
  <trkpt lat="-7.77337365" lon="111.71283779">
   <ele>1202.266</ele>
  </trkpt>
  <trkpt lat="-7.77321791" lon="111.71299252">
   <ele>1199.863</ele>
  </trkpt>
  <trkpt lat="-7.77309579" lon="111.71319997">
   <ele>1197.459</ele>
  </trkpt>
  <trkpt lat="-7.77286026" lon="111.71323920">
   <ele>1194.575</ele>
  </trkpt>
  <trkpt lat="-7.77248651" lon="111.71321455">
   <ele>1192.653</ele>
  </trkpt>
  <trkpt lat="-7.77211217" lon="111.71321992">
   <ele>1189.288</ele>
  </trkpt>
  <trkpt lat="-7.77184496" lon="111.71327415">
   <ele>1186.404</ele>
  </trkpt>
  <trkpt lat="-7.77158780" lon="111.71331430">
   <ele>1183.04</ele>
  </trkpt>
  <trkpt lat="-7.77149820" lon="111.71331111">
   <ele>1182.078</ele>
  </trkpt>
  <trkpt lat="-7.77133475" lon="111.71317181">
   <ele>1179.194</ele>
  </trkpt>
  <trkpt lat="-7.77134699" lon="111.71292672">
   <ele>1177.272</ele>
  </trkpt>
  <trkpt lat="-7.77143274" lon="111.71268532">
   <ele>1173.907</ele>
  </trkpt>
  <trkpt lat="-7.77143718" lon="111.71253730">
   <ele>1171.504</ele>
  </trkpt>
  <trkpt lat="-7.77126384" lon="111.71248307">
   <ele>1168.62</ele>
  </trkpt>
  <trkpt lat="-7.77106184" lon="111.71256831">
   <ele>1165.736</ele>
  </trkpt>
  <trkpt lat="-7.77087559" lon="111.71274617">
   <ele>1164.294</ele>
  </trkpt>
  <trkpt lat="-7.77082739" lon="111.71290719">
   <ele>1160.929</ele>
  </trkpt>
  <trkpt lat="-7.77080325" lon="111.71294407">
   <ele>1160.929</ele>
  </trkpt>
  <trkpt lat="-7.77073368" lon="111.71286453">
   <ele>1159.007</ele>
  </trkpt>
  <trkpt lat="-7.77073435" lon="111.71283301">
   <ele>1158.526</ele>
  </trkpt>
  <trkpt lat="-7.77069898" lon="111.71252053">
   <ele>1156.123</ele>
  </trkpt>
  <trkpt lat="-7.77067183" lon="111.71240453">
   <ele>1155.161</ele>
  </trkpt>
  <trkpt lat="-7.77080024" lon="111.71224921">
   <ele>1152.758</ele>
  </trkpt>
  <trkpt lat="-7.77083963" lon="111.71210269">
   <ele>1150.355</ele>
  </trkpt>
  <trkpt lat="-7.77071156" lon="111.71197370">
   <ele>1147.471</ele>
  </trkpt>
  <trkpt lat="-7.77060360" lon="111.71187529">
   <ele>1145.067</ele>
  </trkpt>
  <trkpt lat="-7.77046680" lon="111.71181922">
   <ele>1141.703</ele>
  </trkpt>
  <trkpt lat="-7.77030529" lon="111.71170992">
   <ele>1139.78</ele>
  </trkpt>
  <trkpt lat="-7.77016824" lon="111.71158779">
   <ele>1137.377</ele>
  </trkpt>
  <trkpt lat="-7.77003673" lon="111.71146919">
   <ele>1135.935</ele>
  </trkpt>
  <trkpt lat="-7.76988342" lon="111.71134153">
   <ele>1133.051</ele>
  </trkpt>
  <trkpt lat="-7.76983657" lon="111.71130172">
   <ele>1132.571</ele>
  </trkpt>
  <trkpt lat="-7.76969953" lon="111.71114925">
   <ele>1131.609</ele>
  </trkpt>
  <trkpt lat="-7.76965695" lon="111.71108002">
   <ele>1129.686</ele>
  </trkpt>
  <trkpt lat="-7.76964203" lon="111.71106367">
   <ele>1129.686</ele>
  </trkpt>
  <trkpt lat="-7.76953918" lon="111.71100902">
   <ele>1128.725</ele>
  </trkpt>
  <trkpt lat="-7.76950289" lon="111.71099519">
   <ele>1128.244</ele>
  </trkpt>
  <trkpt lat="-7.76929828" lon="111.71094658">
   <ele>1126.322</ele>
  </trkpt>
  <trkpt lat="-7.76920801" lon="111.71082169">
   <ele>1128.244</ele>
  </trkpt>
  <trkpt lat="-7.76907348" lon="111.71067584">
   <ele>1127.764</ele>
  </trkpt>
  <trkpt lat="-7.76885815" lon="111.71047233">
   <ele>1124.88</ele>
  </trkpt>
  <trkpt lat="-7.76872002" lon="111.71036580">
   <ele>1122.477</ele>
  </trkpt>
  <trkpt lat="-7.76865531" lon="111.71029757">
   <ele>1121.515</ele>
  </trkpt>
  <trkpt lat="-7.76857417" lon="111.71022624">
   <ele>1119.593</ele>
  </trkpt>
  <trkpt lat="-7.76855330" lon="111.71021207">
   <ele>1118.631</ele>
  </trkpt>
  <trkpt lat="-7.76845850" lon="111.71016580">
   <ele>1117.189</ele>
  </trkpt>
  <trkpt lat="-7.76839882" lon="111.71011543">
   <ele>1115.747</ele>
  </trkpt>
  <trkpt lat="-7.76831182" lon="111.71007603">
   <ele>1113.344</ele>
  </trkpt>
  <trkpt lat="-7.76829078" lon="111.71005743">
   <ele>1111.902</ele>
  </trkpt>
  <trkpt lat="-7.76827309" lon="111.71004561">
   <ele>1109.979</ele>
  </trkpt>
  <trkpt lat="-7.76821392" lon="111.70999548">
   <ele>1109.499</ele>
  </trkpt>
  <trkpt lat="-7.76817209" lon="111.70996472">
   <ele>1108.537</ele>
  </trkpt>
  <trkpt lat="-7.76814309" lon="111.70992751">
   <ele>1106.615</ele>
  </trkpt>
  <trkpt lat="-7.76806816" lon="111.70986632">
   <ele>1103.25</ele>
  </trkpt>
  <trkpt lat="-7.76803798" lon="111.70981854">
   <ele>1103.25</ele>
  </trkpt>
  <trkpt lat="-7.76795659" lon="111.70975115">
   <ele>1100.366</ele>
  </trkpt>
  <trkpt lat="-7.76792306" lon="111.70972223">
   <ele>1098.924</ele>
  </trkpt>
  <trkpt lat="-7.76788794" lon="111.70969441">
   <ele>1097.963</ele>
  </trkpt>
  <trkpt lat="-7.76783405" lon="111.70965761">
   <ele>1096.521</ele>
  </trkpt>
  <trkpt lat="-7.76780454" lon="111.70963087">
   <ele>1095.56</ele>
  </trkpt>
  <trkpt lat="-7.76768946" lon="111.70954403">
   <ele>1094.118</ele>
  </trkpt>
  <trkpt lat="-7.76760723" lon="111.70951646">
   <ele>1092.195</ele>
  </trkpt>
  <trkpt lat="-7.76744136" lon="111.70947740">
   <ele>1089.792</ele>
  </trkpt>
  <trkpt lat="-7.76734765" lon="111.70945938">
   <ele>1087.869</ele>
  </trkpt>
  <trkpt lat="-7.76728143" lon="111.70944236">
   <ele>1087.869</ele>
  </trkpt>
  <trkpt lat="-7.76722309" lon="111.70942987">
   <ele>1085.947</ele>
  </trkpt>
  <trkpt lat="-7.76709845" lon="111.70938453">
   <ele>1084.985</ele>
  </trkpt>
  <trkpt lat="-7.76710357" lon="111.70938964">
   <ele>1084.505</ele>
  </trkpt>
  <trkpt lat="-7.76709309" lon="111.70938411">
   <ele>1083.062</ele>
  </trkpt>
  <trkpt lat="-7.76727514" lon="111.70943012">
   <ele>1085.947</ele>
  </trkpt>
  <trkpt lat="-7.76741395" lon="111.70946256">
   <ele>1087.869</ele>
  </trkpt>
  <trkpt lat="-7.76760883" lon="111.70950481">
   <ele>1090.753</ele>
  </trkpt>
  <trkpt lat="-7.76774000" lon="111.70958720">
   <ele>1092.676</ele>
  </trkpt>
  <trkpt lat="-7.76781167" lon="111.70962702">
   <ele>1094.598</ele>
  </trkpt>
  <trkpt lat="-7.76791401" lon="111.70968879">
   <ele>1097.963</ele>
  </trkpt>
  <trkpt lat="-7.76795232" lon="111.70971838">
   <ele>1098.443</ele>
  </trkpt>
  <trkpt lat="-7.76788476" lon="111.70968561">
   <ele>1095.079</ele>
  </trkpt>
  <trkpt lat="-7.76778594" lon="111.70962450">
   <ele>1092.195</ele>
  </trkpt>
  <trkpt lat="-7.76776968" lon="111.70961428">
   <ele>1092.195</ele>
  </trkpt>
  <trkpt lat="-7.76767102" lon="111.70955191">
   <ele>1091.234</ele>
  </trkpt>
  <trkpt lat="-7.76748444" lon="111.70948243">
   <ele>1087.869</ele>
  </trkpt>
  <trkpt lat="-7.76736592" lon="111.70945326">
   <ele>1086.427</ele>
  </trkpt>
  <trkpt lat="-7.76728109" lon="111.70942652">
   <ele>1084.505</ele>
  </trkpt>
  <trkpt lat="-7.76716802" lon="111.70941001">
   <ele>1083.062</ele>
  </trkpt>
  <trkpt lat="-7.76712234" lon="111.70937891">
   <ele>1082.101</ele>
  </trkpt>
  <trkpt lat="-7.76697977" lon="111.70930356">
   <ele>1079.698</ele>
  </trkpt>
  <trkpt lat="-7.76694582" lon="111.70927724">
   <ele>1079.217</ele>
  </trkpt>
  <trkpt lat="-7.76693081" lon="111.70925796">
   <ele>1078.737</ele>
  </trkpt>
  <trkpt lat="-7.76678740" lon="111.70910331">
   <ele>1077.295</ele>
  </trkpt>
  <trkpt lat="-7.76662068" lon="111.70901480">
   <ele>1075.853</ele>
  </trkpt>
  <trkpt lat="-7.76652521" lon="111.70897189">
   <ele>1073.93</ele>
  </trkpt>
  <trkpt lat="-7.76644014" lon="111.70896468">
   <ele>1073.449</ele>
  </trkpt>
  <trkpt lat="-7.76622271" lon="111.70892545">
   <ele>1072.488</ele>
  </trkpt>
  <trkpt lat="-7.76620368" lon="111.70890357">
   <ele>1072.007</ele>
  </trkpt>
  <trkpt lat="-7.76619413" lon="111.70891254">
   <ele>1072.488</ele>
  </trkpt>
  <trkpt lat="-7.76612414" lon="111.70893509">
   <ele>1070.565</ele>
  </trkpt>
  <trkpt lat="-7.76598374" lon="111.70895445">
   <ele>1067.201</ele>
  </trkpt>
  <trkpt lat="-7.76587863" lon="111.70895588">
   <ele>1064.797</ele>
  </trkpt>
  <trkpt lat="-7.76582105" lon="111.70895579">
   <ele>1061.433</ele>
  </trkpt>
  <trkpt lat="-7.76568216" lon="111.70897197">
   <ele>1059.51</ele>
  </trkpt>
  <trkpt lat="-7.76560639" lon="111.70897499">
   <ele>1058.068</ele>
  </trkpt>
  <trkpt lat="-7.76553866" lon="111.70897842">
   <ele>1056.146</ele>
  </trkpt>
  <trkpt lat="-7.76550815" lon="111.70897943">
   <ele>1055.184</ele>
  </trkpt>
  <trkpt lat="-7.76550665" lon="111.70898614">
   <ele>1054.704</ele>
  </trkpt>
  <trkpt lat="-7.76544118" lon="111.70898169">
   <ele>1053.742</ele>
  </trkpt>
  <trkpt lat="-7.76530464" lon="111.70895018">
   <ele>1050.858</ele>
  </trkpt>
  <trkpt lat="-7.76515863" lon="111.70885865">
   <ele>1048.455</ele>
  </trkpt>
  <trkpt lat="-7.76499451" lon="111.70875630">
   <ele>1045.571</ele>
  </trkpt>
  <trkpt lat="-7.76487323" lon="111.70864365">
   <ele>1042.687</ele>
  </trkpt>
  <trkpt lat="-7.76476585" lon="111.70855220">
   <ele>1039.323</ele>
  </trkpt>
  <trkpt lat="-7.76463677" lon="111.70844517">
   <ele>1036.919</ele>
  </trkpt>
  <trkpt lat="-7.76446058" lon="111.70838071">
   <ele>1033.554</ele>
  </trkpt>
  <trkpt lat="-7.76434642" lon="111.70831634">
   <ele>1030.19</ele>
  </trkpt>
  <trkpt lat="-7.76421231" lon="111.70822958">
   <ele>1028.748</ele>
  </trkpt>
  <trkpt lat="-7.76422773" lon="111.70822849">
   <ele>1028.748</ele>
  </trkpt>
  <trkpt lat="-7.76421416" lon="111.70822489">
   <ele>1027.787</ele>
  </trkpt>
  <trkpt lat="-7.76421080" lon="111.70824308">
   <ele>1027.787</ele>
  </trkpt>
  <trkpt lat="-7.76417258" lon="111.70818633">
   <ele>1026.345</ele>
  </trkpt>
  <trkpt lat="-7.76407770" lon="111.70809455">
   <ele>1024.903</ele>
  </trkpt>
  <trkpt lat="-7.76396982" lon="111.70810796">
   <ele>1022.019</ele>
  </trkpt>
  <trkpt lat="-7.76394518" lon="111.70811148">
   <ele>1022.019</ele>
  </trkpt>
  <trkpt lat="-7.76389539" lon="111.70802775">
   <ele>1021.058</ele>
  </trkpt>
  <trkpt lat="-7.76387201" lon="111.70791032">
   <ele>1020.096</ele>
  </trkpt>
  <trkpt lat="-7.76378349" lon="111.70792784">
   <ele>1018.173</ele>
  </trkpt>
  <trkpt lat="-7.76372465" lon="111.70808022">
   <ele>1016.251</ele>
  </trkpt>
  <trkpt lat="-7.76360060" lon="111.70800202">
   <ele>1013.367</ele>
  </trkpt>
  <trkpt lat="-7.76356841" lon="111.70792507">
   <ele>1012.886</ele>
  </trkpt>
  <trkpt lat="-7.76345526" lon="111.70796480">
   <ele>1009.522</ele>
  </trkpt>
  <trkpt lat="-7.76340933" lon="111.70808651">
   <ele>1008.08</ele>
  </trkpt>
  <trkpt lat="-7.76339793" lon="111.70808508">
   <ele>1008.08</ele>
  </trkpt>
  <trkpt lat="-7.76330581" lon="111.70810042">
   <ele>1006.638</ele>
  </trkpt>
  <trkpt lat="-7.76316784" lon="111.70806438">
   <ele>1004.235</ele>
  </trkpt>
  <trkpt lat="-7.76311353" lon="111.70805222">
   <ele>1002.792</ele>
  </trkpt>
  <trkpt lat="-7.76286115" lon="111.70802373">
   <ele>1000.389</ele>
  </trkpt>
  <trkpt lat="-7.76263802" lon="111.70797192">
   <ele>997.986</ele>
  </trkpt>
  <trkpt lat="-7.76253660" lon="111.70797628">
   <ele>996.544</ele>
  </trkpt>
  <trkpt lat="-7.76233862" lon="111.70797545">
   <ele>994.141</ele>
  </trkpt>
  <trkpt lat="-7.76213964" lon="111.70802976">
   <ele>992.699</ele>
  </trkpt>
  <trkpt lat="-7.76199521" lon="111.70808885">
   <ele>991.257</ele>
  </trkpt>
  <trkpt lat="-7.76186630" lon="111.70813135">
   <ele>988.854</ele>
  </trkpt>
  <trkpt lat="-7.76167318" lon="111.70814300">
   <ele>987.892</ele>
  </trkpt>
  <trkpt lat="-7.76147738" lon="111.70810134">
   <ele>986.93</ele>
  </trkpt>
  <trkpt lat="-7.76133623" lon="111.70817678">
   <ele>983.566</ele>
  </trkpt>
  <trkpt lat="-7.76120514" lon="111.70827208">
   <ele>981.643</ele>
  </trkpt>
  <trkpt lat="-7.76107220" lon="111.70835590">
   <ele>978.76</ele>
  </trkpt>
  <trkpt lat="-7.76098729" lon="111.70843670">
   <ele>978.279</ele>
  </trkpt>
  <trkpt lat="-7.76085905" lon="111.70849881">
   <ele>977.318</ele>
  </trkpt>
  <trkpt lat="-7.76070314" lon="111.70861180">
   <ele>976.837</ele>
  </trkpt>
  <trkpt lat="-7.76061019" lon="111.70871817">
   <ele>974.914</ele>
  </trkpt>
  <trkpt lat="-7.76056199" lon="111.70884767">
   <ele>973.472</ele>
  </trkpt>
  <trkpt lat="-7.76043258" lon="111.70901648">
   <ele>972.992</ele>
  </trkpt>
  <trkpt lat="-7.76028019" lon="111.70891229">
   <ele>972.03</ele>
  </trkpt>
  <trkpt lat="-7.76015664" lon="111.70882914">
   <ele>971.069</ele>
  </trkpt>
  <trkpt lat="-7.75998959" lon="111.70883803">
   <ele>968.185</ele>
  </trkpt>
  <trkpt lat="-7.75979136" lon="111.70880182">
   <ele>966.743</ele>
  </trkpt>
  <trkpt lat="-7.75962842" lon="111.70881405">
   <ele>963.378</ele>
  </trkpt>
  <trkpt lat="-7.75950587" lon="111.70888044">
   <ele>962.417</ele>
  </trkpt>
  <trkpt lat="-7.75934192" lon="111.70890994">
   <ele>959.533</ele>
  </trkpt>
  <trkpt lat="-7.75920756" lon="111.70896283">
   <ele>958.572</ele>
  </trkpt>
  <trkpt lat="-7.75914914" lon="111.70898245">
   <ele>957.13</ele>
  </trkpt>
  <trkpt lat="-7.75898175" lon="111.70896191">
   <ele>954.726</ele>
  </trkpt>
  <trkpt lat="-7.75882727" lon="111.70888614">
   <ele>952.804</ele>
  </trkpt>
  <trkpt lat="-7.75873843" lon="111.70873325">
   <ele>951.362</ele>
  </trkpt>
  <trkpt lat="-7.75861949" lon="111.70853636">
   <ele>948.958</ele>
  </trkpt>
  <trkpt lat="-7.75848848" lon="111.70842254">
   <ele>947.517</ele>
  </trkpt>
  <trkpt lat="-7.75832034" lon="111.70832715">
   <ele>946.555</ele>
  </trkpt>
  <trkpt lat="-7.75827390" lon="111.70831156">
   <ele>946.555</ele>
  </trkpt>
  <trkpt lat="-7.75827122" lon="111.70830628">
   <ele>947.036</ele>
  </trkpt>
  <trkpt lat="-7.75815412" lon="111.70815733">
   <ele>945.594</ele>
  </trkpt>
  <trkpt lat="-7.75803812" lon="111.70801627">
   <ele>945.113</ele>
  </trkpt>
  <trkpt lat="-7.75793142" lon="111.70790562">
   <ele>944.633</ele>
  </trkpt>
  <trkpt lat="-7.75781684" lon="111.70777101">
   <ele>943.671</ele>
  </trkpt>
  <trkpt lat="-7.75766429" lon="111.70764562">
   <ele>942.229</ele>
  </trkpt>
  <trkpt lat="-7.75753135" lon="111.70750245">
   <ele>939.826</ele>
  </trkpt>
  <trkpt lat="-7.75740788" lon="111.70739726">
   <ele>937.423</ele>
  </trkpt>
  <trkpt lat="-7.75725282" lon="111.70735929">
   <ele>934.539</ele>
  </trkpt>
  <trkpt lat="-7.75709147" lon="111.70734110">
   <ele>931.174</ele>
  </trkpt>
  <trkpt lat="-7.75704151" lon="111.70733792">
   <ele>930.694</ele>
  </trkpt>
  <trkpt lat="-7.75705392" lon="111.70733155">
   <ele>931.174</ele>
  </trkpt>
  <trkpt lat="-7.75698954" lon="111.70729492">
   <ele>931.174</ele>
  </trkpt>
  <trkpt lat="-7.75667514" lon="111.70718688">
   <ele>931.655</ele>
  </trkpt>
  <trkpt lat="-7.75646785" lon="111.70710599">
   <ele>931.655</ele>
  </trkpt>
  <trkpt lat="-7.75616979" lon="111.70705386">
   <ele>932.616</ele>
  </trkpt>
  <trkpt lat="-7.75599042" lon="111.70684448">
   <ele>933.577</ele>
  </trkpt>
  <trkpt lat="-7.75596368" lon="111.70657776">
   <ele>935.02</ele>
  </trkpt>
  <trkpt lat="-7.75596511" lon="111.70629445">
   <ele>936.461</ele>
  </trkpt>
  <trkpt lat="-7.75595647" lon="111.70615791">
   <ele>935.981</ele>
  </trkpt>
  <trkpt lat="-7.75585346" lon="111.70586136">
   <ele>933.097</ele>
  </trkpt>
  <trkpt lat="-7.75574349" lon="111.70560286">
   <ele>929.732</ele>
  </trkpt>
  <trkpt lat="-7.75563637" lon="111.70538460">
   <ele>926.848</ele>
  </trkpt>
  <trkpt lat="-7.75548767" lon="111.70519936">
   <ele>923.003</ele>
  </trkpt>
  <trkpt lat="-7.75544836" lon="111.70516089">
   <ele>922.522</ele>
  </trkpt>
  <trkpt lat="-7.75538944" lon="111.70509140">
   <ele>921.08</ele>
  </trkpt>
  <trkpt lat="-7.75533303" lon="111.70486886">
   <ele>917.716</ele>
  </trkpt>
  <trkpt lat="-7.75537770" lon="111.70461221">
   <ele>915.313</ele>
  </trkpt>
  <trkpt lat="-7.75528257" lon="111.70418087">
   <ele>917.235</ele>
  </trkpt>
  <trkpt lat="-7.75501108" lon="111.70381634">
   <ele>915.313</ele>
  </trkpt>
  <trkpt lat="-7.75494637" lon="111.70375407">
   <ele>915.313</ele>
  </trkpt>
  <trkpt lat="-7.75473255" lon="111.70355927">
   <ele>914.832</ele>
  </trkpt>
  <trkpt lat="-7.75460196" lon="111.70342868">
   <ele>913.39</ele>
  </trkpt>
  <trkpt lat="-7.75441269" lon="111.70323162">
   <ele>910.506</ele>
  </trkpt>
  <trkpt lat="-7.75432829" lon="111.70314152">
   <ele>909.064</ele>
  </trkpt>
  <trkpt lat="-7.75411195" lon="111.70294270">
   <ele>906.66</ele>
  </trkpt>
  <trkpt lat="-7.75392738" lon="111.70264933">
   <ele>906.18</ele>
  </trkpt>
  <trkpt lat="-7.75375622" lon="111.70241263">
   <ele>905.699</ele>
  </trkpt>
  <trkpt lat="-7.75361842" lon="111.70218766">
   <ele>905.699</ele>
  </trkpt>
  <trkpt lat="-7.75340997" lon="111.70191474">
   <ele>905.219</ele>
  </trkpt>
  <trkpt lat="-7.75317159" lon="111.70170846">
   <ele>905.219</ele>
  </trkpt>
  <trkpt lat="-7.75294553" lon="111.70163319">
   <ele>903.777</ele>
  </trkpt>
  <trkpt lat="-7.75269264" lon="111.70154636">
   <ele>900.412</ele>
  </trkpt>
  <trkpt lat="-7.75241244" lon="111.70145189">
   <ele>897.528</ele>
  </trkpt>
  <trkpt lat="-7.75220758" lon="111.70137788">
   <ele>894.644</ele>
  </trkpt>
  <trkpt lat="-7.75211840" lon="111.70134008">
   <ele>893.202</ele>
  </trkpt>
  <trkpt lat="-7.75195805" lon="111.70132206">
   <ele>891.279</ele>
  </trkpt>
  <trkpt lat="-7.75178882" lon="111.70134192">
   <ele>888.876</ele>
  </trkpt>
  <trkpt lat="-7.75157467" lon="111.70132181">
   <ele>885.992</ele>
  </trkpt>
  <trkpt lat="-7.75139077" lon="111.70126582">
   <ele>883.108</ele>
  </trkpt>
  <trkpt lat="-7.75128767" lon="111.70121653">
   <ele>881.186</ele>
  </trkpt>
  <trkpt lat="-7.75115297" lon="111.70113363">
   <ele>877.821</ele>
  </trkpt>
  <trkpt lat="-7.75110226" lon="111.70110421">
   <ele>876.86</ele>
  </trkpt>
  <trkpt lat="-7.75093035" lon="111.70106867">
   <ele>875.898</ele>
  </trkpt>
 </trkseg>
</trk>
<trk>
 <name>Track 383</name>
 <trkseg>
  <trkpt lat="-7.78214732" lon="111.73126196">
   <ele>1469.032</ele>
  </trkpt>
  <trkpt lat="-7.78221404" lon="111.73128594">
   <ele>1470.955</ele>
  </trkpt>
  <trkpt lat="-7.78228663" lon="111.73132248">
   <ele>1472.396</ele>
  </trkpt>
  <trkpt lat="-7.78235804" lon="111.73137194">
   <ele>1473.358</ele>
  </trkpt>
  <trkpt lat="-7.78242761" lon="111.73141317">
   <ele>1475.28</ele>
  </trkpt>
  <trkpt lat="-7.78249836" lon="111.73146573">
   <ele>1477.684</ele>
  </trkpt>
  <trkpt lat="-7.78259408" lon="111.73152030">
   <ele>1480.568</ele>
  </trkpt>
  <trkpt lat="-7.78269550" lon="111.73159766">
   <ele>1484.413</ele>
  </trkpt>
  <trkpt lat="-7.78270011" lon="111.73160085">
   <ele>1483.932</ele>
  </trkpt>
  <trkpt lat="-7.78277203" lon="111.73166086">
   <ele>1486.336</ele>
  </trkpt>
  <trkpt lat="-7.78284612" lon="111.73170260">
   <ele>1488.258</ele>
  </trkpt>
  <trkpt lat="-7.78293271" lon="111.73175884">
   <ele>1491.142</ele>
  </trkpt>
  <trkpt lat="-7.78299943" lon="111.73181090">
   <ele>1492.584</ele>
  </trkpt>
  <trkpt lat="-7.78306782" lon="111.73188809">
   <ele>1494.026</ele>
  </trkpt>
  <trkpt lat="-7.78312700" lon="111.73197334">
   <ele>1495.468</ele>
  </trkpt>
  <trkpt lat="-7.78316614" lon="111.73202732">
   <ele>1496.91</ele>
  </trkpt>
  <trkpt lat="-7.78320084" lon="111.73207291">
   <ele>1497.391</ele>
  </trkpt>
  <trkpt lat="-7.78324166" lon="111.73215489">
   <ele>1497.871</ele>
  </trkpt>
  <trkpt lat="-7.78328190" lon="111.73221298">
   <ele>1500.275</ele>
  </trkpt>
  <trkpt lat="-7.78331350" lon="111.73225128">
   <ele>1500.755</ele>
  </trkpt>
  <trkpt lat="-7.78335960" lon="111.73233954">
   <ele>1503.159</ele>
  </trkpt>
  <trkpt lat="-7.78340176" lon="111.73242931">
   <ele>1504.12</ele>
  </trkpt>
  <trkpt lat="-7.78344694" lon="111.73247416">
   <ele>1506.042</ele>
  </trkpt>
  <trkpt lat="-7.78351458" lon="111.73255596">
   <ele>1507.965</ele>
  </trkpt>
  <trkpt lat="-7.78357283" lon="111.73261606">
   <ele>1509.407</ele>
  </trkpt>
  <trkpt lat="-7.78361055" lon="111.73264967">
   <ele>1510.368</ele>
  </trkpt>
  <trkpt lat="-7.78364877" lon="111.73270131">
   <ele>1511.811</ele>
  </trkpt>
  <trkpt lat="-7.78367970" lon="111.73273860">
   <ele>1512.772</ele>
  </trkpt>
  <trkpt lat="-7.78375078" lon="111.73279610">
   <ele>1514.214</ele>
  </trkpt>
  <trkpt lat="-7.78380652" lon="111.73284556">
   <ele>1515.656</ele>
  </trkpt>
  <trkpt lat="-7.78385656" lon="111.73290842">
   <ele>1518.059</ele>
  </trkpt>
  <trkpt lat="-7.78390157" lon="111.73296944">
   <ele>1519.982</ele>
  </trkpt>
  <trkpt lat="-7.78391909" lon="111.73299802">
   <ele>1520.462</ele>
  </trkpt>
  <trkpt lat="-7.78399017" lon="111.73306843">
   <ele>1523.346</ele>
  </trkpt>
  <trkpt lat="-7.78400643" lon="111.73308251">
   <ele>1525.75</ele>
  </trkpt>
  <trkpt lat="-7.78404507" lon="111.73319584">
   <ele>1527.192</ele>
  </trkpt>
  <trkpt lat="-7.78405555" lon="111.73322911">
   <ele>1527.192</ele>
  </trkpt>
  <trkpt lat="-7.78409603" lon="111.73330841">
   <ele>1529.595</ele>
  </trkpt>
  <trkpt lat="-7.78413828" lon="111.73337462">
   <ele>1531.037</ele>
  </trkpt>
  <trkpt lat="-7.78415278" lon="111.73341846">
   <ele>1531.998</ele>
  </trkpt>
  <trkpt lat="-7.78417365" lon="111.73348476">
   <ele>1535.363</ele>
  </trkpt>
  <trkpt lat="-7.78420642" lon="111.73355400">
   <ele>1537.285</ele>
  </trkpt>
  <trkpt lat="-7.78428295" lon="111.73361351">
   <ele>1538.247</ele>
  </trkpt>
  <trkpt lat="-7.78431907" lon="111.73364427">
   <ele>1540.169</ele>
  </trkpt>
  <trkpt lat="-7.78438982" lon="111.73370487">
   <ele>1541.611</ele>
  </trkpt>
  <trkpt lat="-7.78445268" lon="111.73375038">
   <ele>1542.092</ele>
  </trkpt>
  <trkpt lat="-7.78450666" lon="111.73378039">
   <ele>1543.534</ele>
  </trkpt>
  <trkpt lat="-7.78453398" lon="111.73379933">
   <ele>1544.015</ele>
  </trkpt>
  <trkpt lat="-7.78455251" lon="111.73386740">
   <ele>1544.976</ele>
  </trkpt>
  <trkpt lat="-7.78460515" lon="111.73393889">
   <ele>1546.418</ele>
  </trkpt>
  <trkpt lat="-7.78460900" lon="111.73395096">
   <ele>1546.898</ele>
  </trkpt>
  <trkpt lat="-7.78468754" lon="111.73402908">
   <ele>1548.821</ele>
  </trkpt>
  <trkpt lat="-7.78470338" lon="111.73406932">
   <ele>1549.783</ele>
  </trkpt>
  <trkpt lat="-7.78474521" lon="111.73408809">
   <ele>1550.744</ele>
  </trkpt>
  <trkpt lat="-7.78477094" lon="111.73412011">
   <ele>1552.186</ele>
  </trkpt>
  <trkpt lat="-7.78481310" lon="111.73417074">
   <ele>1554.109</ele>
  </trkpt>
  <trkpt lat="-7.78481972" lon="111.73422916">
   <ele>1555.551</ele>
  </trkpt>
  <trkpt lat="-7.78483037" lon="111.73427643">
   <ele>1557.473</ele>
  </trkpt>
  <trkpt lat="-7.78485820" lon="111.73432429">
   <ele>1559.396</ele>
  </trkpt>
  <trkpt lat="-7.78490245" lon="111.73433301">
   <ele>1560.838</ele>
  </trkpt>
  <trkpt lat="-7.78491578" lon="111.73439370">
   <ele>1564.202</ele>
  </trkpt>
  <trkpt lat="-7.78493397" lon="111.73446469">
   <ele>1565.645</ele>
  </trkpt>
  <trkpt lat="-7.78497295" lon="111.73453485">
   <ele>1567.086</ele>
  </trkpt>
  <trkpt lat="-7.78504905" lon="111.73460416">
   <ele>1569.97</ele>
  </trkpt>
  <trkpt lat="-7.78510203" lon="111.73462931">
   <ele>1571.412</ele>
  </trkpt>
  <trkpt lat="-7.78511929" lon="111.73464306">
   <ele>1571.893</ele>
  </trkpt>
  <trkpt lat="-7.78514394" lon="111.73464448">
   <ele>1572.854</ele>
  </trkpt>
  <trkpt lat="-7.78525927" lon="111.73465211">
   <ele>1575.738</ele>
  </trkpt>
  <trkpt lat="-7.78529003" lon="111.73472445">
   <ele>1578.622</ele>
  </trkpt>
  <trkpt lat="-7.78535206" lon="111.73476426">
   <ele>1579.103</ele>
  </trkpt>
  <trkpt lat="-7.78536078" lon="111.73482754">
   <ele>1581.506</ele>
  </trkpt>
  <trkpt lat="-7.78536270" lon="111.73488085">
   <ele>1582.948</ele>
  </trkpt>
  <trkpt lat="-7.78536203" lon="111.73492779">
   <ele>1584.871</ele>
  </trkpt>
  <trkpt lat="-7.78537343" lon="111.73504237">
   <ele>1588.235</ele>
  </trkpt>
  <trkpt lat="-7.78540302" lon="111.73511010">
   <ele>1588.716</ele>
  </trkpt>
  <trkpt lat="-7.78544082" lon="111.73517154">
   <ele>1590.638</ele>
  </trkpt>
  <trkpt lat="-7.78549866" lon="111.73522686">
   <ele>1593.522</ele>
  </trkpt>
  <trkpt lat="-7.78553814" lon="111.73526994">
   <ele>1594.003</ele>
  </trkpt>
  <trkpt lat="-7.78561014" lon="111.73537513">
   <ele>1596.887</ele>
  </trkpt>
  <trkpt lat="-7.78567107" lon="111.73545191">
   <ele>1598.329</ele>
  </trkpt>
  <trkpt lat="-7.78571634" lon="111.73552643">
   <ele>1600.732</ele>
  </trkpt>
  <trkpt lat="-7.78574416" lon="111.73561142">
   <ele>1602.174</ele>
  </trkpt>
  <trkpt lat="-7.78575447" lon="111.73567663">
   <ele>1604.097</ele>
  </trkpt>
  <trkpt lat="-7.78582455" lon="111.73577637">
   <ele>1605.058</ele>
  </trkpt>
  <trkpt lat="-7.78589319" lon="111.73578476">
   <ele>1605.058</ele>
  </trkpt>
  <trkpt lat="-7.78598187" lon="111.73579372">
   <ele>1605.058</ele>
  </trkpt>
  <trkpt lat="-7.78613878" lon="111.73584578">
   <ele>1605.058</ele>
  </trkpt>
  <trkpt lat="-7.78630332" lon="111.73594435">
   <ele>1606.5</ele>
  </trkpt>
  <trkpt lat="-7.78641061" lon="111.73600595">
   <ele>1607.462</ele>
  </trkpt>
  <trkpt lat="-7.78654505" lon="111.73608935">
   <ele>1607.942</ele>
  </trkpt>
  <trkpt lat="-7.78668629" lon="111.73615406">
   <ele>1608.904</ele>
  </trkpt>
  <trkpt lat="-7.78679257" lon="111.73618826">
   <ele>1610.345</ele>
  </trkpt>
  <trkpt lat="-7.78692316" lon="111.73620611">
   <ele>1611.307</ele>
  </trkpt>
  <trkpt lat="-7.78705593" lon="111.73623838">
   <ele>1614.672</ele>
  </trkpt>
  <trkpt lat="-7.78713011" lon="111.73626303">
   <ele>1616.114</ele>
  </trkpt>
  <trkpt lat="-7.78718971" lon="111.73628440">
   <ele>1617.075</ele>
  </trkpt>
  <trkpt lat="-7.78724880" lon="111.73633193">
   <ele>1618.036</ele>
  </trkpt>
  <trkpt lat="-7.78734502" lon="111.73637752">
   <ele>1619.478</ele>
  </trkpt>
  <trkpt lat="-7.78741996" lon="111.73640753">
   <ele>1620.439</ele>
  </trkpt>
  <trkpt lat="-7.78748827" lon="111.73649110">
   <ele>1621.401</ele>
  </trkpt>
  <trkpt lat="-7.78753219" lon="111.73652672">
   <ele>1621.401</ele>
  </trkpt>
  <trkpt lat="-7.78761811" lon="111.73659906">
   <ele>1622.362</ele>
  </trkpt>
  <trkpt lat="-7.78770813" lon="111.73669595">
   <ele>1623.323</ele>
  </trkpt>
  <trkpt lat="-7.78780351" lon="111.73676712">
   <ele>1624.765</ele>
  </trkpt>
  <trkpt lat="-7.78789446" lon="111.73683484">
   <ele>1626.688</ele>
  </trkpt>
  <trkpt lat="-7.78797367" lon="111.73689888">
   <ele>1628.611</ele>
  </trkpt>
  <trkpt lat="-7.78803075" lon="111.73698228">
   <ele>1629.572</ele>
  </trkpt>
  <trkpt lat="-7.78809344" lon="111.73707875">
   <ele>1631.495</ele>
  </trkpt>
  <trkpt lat="-7.78817768" lon="111.73716928">
   <ele>1630.053</ele>
  </trkpt>
  <trkpt lat="-7.78824029" lon="111.73726265">
   <ele>1630.053</ele>
  </trkpt>
  <trkpt lat="-7.78830308" lon="111.73731512">
   <ele>1631.495</ele>
  </trkpt>
  <trkpt lat="-7.78839603" lon="111.73736189">
   <ele>1631.495</ele>
  </trkpt>
  <trkpt lat="-7.78838773" lon="111.73741311">
   <ele>1631.014</ele>
  </trkpt>
  <trkpt lat="-7.78843509" lon="111.73749668">
   <ele>1630.053</ele>
  </trkpt>
  <trkpt lat="-7.78857373" lon="111.73760178">
   <ele>1633.417</ele>
  </trkpt>
  <trkpt lat="-7.78865805" lon="111.73762584">
   <ele>1636.782</ele>
  </trkpt>
  <trkpt lat="-7.78869820" lon="111.73769960">
   <ele>1639.666</ele>
  </trkpt>
  <trkpt lat="-7.78873743" lon="111.73776993">
   <ele>1641.588</ele>
  </trkpt>
  <trkpt lat="-7.78876844" lon="111.73781904">
   <ele>1644.953</ele>
  </trkpt>
  <trkpt lat="-7.78882376" lon="111.73787336">
   <ele>1647.356</ele>
  </trkpt>
  <trkpt lat="-7.78889165" lon="111.73790965">
   <ele>1648.318</ele>
  </trkpt>
  <trkpt lat="-7.78883038" lon="111.73782516">
   <ele>1651.202</ele>
  </trkpt>
  <trkpt lat="-7.78882921" lon="111.73781695">
   <ele>1654.566</ele>
  </trkpt>
  <trkpt lat="-7.78882384" lon="111.73782944">
   <ele>1657.45</ele>
  </trkpt>
  <trkpt lat="-7.78883331" lon="111.73783799">
   <ele>1660.815</ele>
  </trkpt>
  <trkpt lat="-7.78884002" lon="111.73785827">
   <ele>1664.179</ele>
  </trkpt>
  <trkpt lat="-7.78892107" lon="111.73799951">
   <ele>1666.583</ele>
  </trkpt>
  <trkpt lat="-7.78896349" lon="111.73806438">
   <ele>1669.467</ele>
  </trkpt>
  <trkpt lat="-7.78900078" lon="111.73813999">
   <ele>1672.351</ele>
  </trkpt>
  <trkpt lat="-7.78903683" lon="111.73818768">
   <ele>1675.715</ele>
  </trkpt>
  <trkpt lat="-7.78907103" lon="111.73828994">
   <ele>1677.638</ele>
  </trkpt>
  <trkpt lat="-7.78911402" lon="111.73835305">
   <ele>1680.041</ele>
  </trkpt>
  <trkpt lat="-7.78914168" lon="111.73842573">
   <ele>1683.406</ele>
  </trkpt>
  <trkpt lat="-7.78916742" lon="111.73843469">
   <ele>1686.29</ele>
  </trkpt>
  <trkpt lat="-7.78915610" lon="111.73856813">
   <ele>1689.174</ele>
  </trkpt>
  <trkpt lat="-7.78916046" lon="111.73866511">
   <ele>1690.615</ele>
  </trkpt>
  <trkpt lat="-7.78916398" lon="111.73867953">
   <ele>1693.5</ele>
  </trkpt>
  <trkpt lat="-7.78917253" lon="111.73873980">
   <ele>1696.864</ele>
  </trkpt>
  <trkpt lat="-7.78925266" lon="111.73879813">
   <ele>1697.826</ele>
  </trkpt>
  <trkpt lat="-7.78921771" lon="111.73890643">
   <ele>1700.709</ele>
  </trkpt>
  <trkpt lat="-7.78929717" lon="111.73892847">
   <ele>1702.632</ele>
  </trkpt>
  <trkpt lat="-7.78928066" lon="111.73906200">
   <ele>1704.555</ele>
  </trkpt>
  <trkpt lat="-7.78928937" lon="111.73908094">
   <ele>1707.919</ele>
  </trkpt>
  <trkpt lat="-7.78937202" lon="111.73912788">
   <ele>1711.284</ele>
  </trkpt>
  <trkpt lat="-7.78936825" lon="111.73920767">
   <ele>1714.649</ele>
  </trkpt>
  <trkpt lat="-7.78938074" lon="111.73929434">
   <ele>1716.571</ele>
  </trkpt>
  <trkpt lat="-7.78937244" lon="111.73929468">
   <ele>1719.455</ele>
  </trkpt>
  <trkpt lat="-7.78937227" lon="111.73930088">
   <ele>1722.82</ele>
  </trkpt>
  <trkpt lat="-7.78937378" lon="111.73930759">
   <ele>1725.704</ele>
  </trkpt>
  <trkpt lat="-7.78938082" lon="111.73932041">
   <ele>1729.068</ele>
  </trkpt>
  <trkpt lat="-7.78947998" lon="111.73947489">
   <ele>1731.472</ele>
  </trkpt>
  <trkpt lat="-7.78950412" lon="111.73954186">
   <ele>1734.836</ele>
  </trkpt>
  <trkpt lat="-7.78938543" lon="111.73945368">
   <ele>1736.278</ele>
  </trkpt>
  <trkpt lat="-7.78938786" lon="111.73953080">
   <ele>1739.643</ele>
  </trkpt>
  <trkpt lat="-7.78948811" lon="111.73966642">
   <ele>1743.008</ele>
  </trkpt>
  <trkpt lat="-7.78947495" lon="111.73972065">
   <ele>1746.372</ele>
  </trkpt>
  <trkpt lat="-7.78935559" lon="111.73966306">
   <ele>1746.372</ele>
  </trkpt>
  <trkpt lat="-7.78934939" lon="111.73966256">
   <ele>1749.256</ele>
  </trkpt>
  <trkpt lat="-7.78927320" lon="111.73967966">
   <ele>1751.659</ele>
  </trkpt>
  <trkpt lat="-7.78921419" lon="111.73968435">
   <ele>1752.14</ele>
  </trkpt>
  <trkpt lat="-7.78915090" lon="111.73974336">
   <ele>1754.063</ele>
  </trkpt>
  <trkpt lat="-7.78909667" lon="111.73977823">
   <ele>1755.985</ele>
  </trkpt>
  <trkpt lat="-7.78908159" lon="111.73981142">
   <ele>1758.869</ele>
  </trkpt>
  <trkpt lat="-7.78916214" lon="111.73988887">
   <ele>1762.234</ele>
  </trkpt>
  <trkpt lat="-7.78919340" lon="111.73995576">
   <ele>1763.195</ele>
  </trkpt>
  <trkpt lat="-7.78919617" lon="111.73995928">
   <ele>1766.56</ele>
  </trkpt>
  <trkpt lat="-7.78923548" lon="111.74000211">
   <ele>1769.444</ele>
  </trkpt>
  <trkpt lat="-7.78926875" lon="111.74001426">
   <ele>1770.405</ele>
  </trkpt>
  <trkpt lat="-7.78932550" lon="111.74007864">
   <ele>1773.77</ele>
  </trkpt>
  <trkpt lat="-7.78934889" lon="111.74010152">
   <ele>1777.135</ele>
  </trkpt>
  <trkpt lat="-7.78941602" lon="111.74015810">
   <ele>1777.615</ele>
  </trkpt>
  <trkpt lat="-7.78944058" lon="111.74016279">
   <ele>1778.096</ele>
  </trkpt>
  <trkpt lat="-7.78944310" lon="111.74016782">
   <ele>1781.46</ele>
  </trkpt>
  <trkpt lat="-7.78947034" lon="111.74018928">
   <ele>1784.344</ele>
  </trkpt>
  <trkpt lat="-7.78949498" lon="111.74022499">
   <ele>1785.305</ele>
  </trkpt>
  <trkpt lat="-7.78956690" lon="111.74027871">
   <ele>1788.19</ele>
  </trkpt>
  <trkpt lat="-7.78961979" lon="111.74032481">
   <ele>1789.151</ele>
  </trkpt>
  <trkpt lat="-7.78964845" lon="111.74038030">
   <ele>1792.516</ele>
  </trkpt>
  <trkpt lat="-7.78967553" lon="111.74043789">
   <ele>1795.399</ele>
  </trkpt>
  <trkpt lat="-7.78973479" lon="111.74049706">
   <ele>1796.841</ele>
  </trkpt>
  <trkpt lat="-7.78978424" lon="111.74055607">
   <ele>1799.725</ele>
  </trkpt>
  <trkpt lat="-7.78982917" lon="111.74065489">
   <ele>1802.609</ele>
  </trkpt>
  <trkpt lat="-7.78984996" lon="111.74072010">
   <ele>1803.571</ele>
  </trkpt>
  <trkpt lat="-7.78985247" lon="111.74072379">
   <ele>1806.455</ele>
  </trkpt>
  <trkpt lat="-7.78990352" lon="111.74081172">
   <ele>1807.897</ele>
  </trkpt>
  <trkpt lat="-7.78994836" lon="111.74088858">
   <ele>1809.339</ele>
  </trkpt>
  <trkpt lat="-7.78995641" lon="111.74091524">
   <ele>1812.703</ele>
  </trkpt>
  <trkpt lat="-7.79000284" lon="111.74101406">
   <ele>1815.587</ele>
  </trkpt>
  <trkpt lat="-7.79003511" lon="111.74112285">
   <ele>1818.952</ele>
  </trkpt>
  <trkpt lat="-7.79009026" lon="111.74119804">
   <ele>1822.316</ele>
  </trkpt>
  <trkpt lat="-7.79014936" lon="111.74121925">
   <ele>1823.278</ele>
  </trkpt>
  <trkpt lat="-7.79013226" lon="111.74123065">
   <ele>1826.162</ele>
  </trkpt>
  <trkpt lat="-7.79014282" lon="111.74128446">
   <ele>1829.526</ele>
  </trkpt>
  <trkpt lat="-7.79013268" lon="111.74129670">
   <ele>1832.891</ele>
  </trkpt>
  <trkpt lat="-7.79012639" lon="111.74136233">
   <ele>1835.294</ele>
  </trkpt>
  <trkpt lat="-7.79012010" lon="111.74140180">
   <ele>1835.775</ele>
  </trkpt>
  <trkpt lat="-7.79013494" lon="111.74142888">
   <ele>1839.139</ele>
  </trkpt>
  <trkpt lat="-7.79015279" lon="111.74146961">
   <ele>1840.581</ele>
  </trkpt>
  <trkpt lat="-7.79015724" lon="111.74153013">
   <ele>1842.985</ele>
  </trkpt>
  <trkpt lat="-7.79016713" lon="111.74158746">
   <ele>1846.349</ele>
  </trkpt>
  <trkpt lat="-7.79017308" lon="111.74161395">
   <ele>1849.714</ele>
  </trkpt>
  <trkpt lat="-7.79016847" lon="111.74163541">
   <ele>1852.117</ele>
  </trkpt>
  <trkpt lat="-7.79017232" lon="111.74165678">
   <ele>1855.001</ele>
  </trkpt>
  <trkpt lat="-7.79022320" lon="111.74172333">
   <ele>1856.924</ele>
  </trkpt>
  <trkpt lat="-7.79023527" lon="111.74175812">
   <ele>1858.846</ele>
  </trkpt>
  <trkpt lat="-7.79028238" lon="111.74182216">
   <ele>1861.73</ele>
  </trkpt>
  <trkpt lat="-7.79030149" lon="111.74190111">
   <ele>1865.095</ele>
  </trkpt>
  <trkpt lat="-7.79032177" lon="111.74194001">
   <ele>1866.056</ele>
  </trkpt>
  <trkpt lat="-7.79035069" lon="111.74195711">
   <ele>1869.421</ele>
  </trkpt>
  <trkpt lat="-7.79037944" lon="111.74200421">
   <ele>1870.863</ele>
  </trkpt>
  <trkpt lat="-7.79038246" lon="111.74200656">
   <ele>1873.747</ele>
  </trkpt>
  <trkpt lat="-7.79043091" lon="111.74207169">
   <ele>1877.112</ele>
  </trkpt>
  <trkpt lat="-7.79046695" lon="111.74212826">
   <ele>1878.073</ele>
  </trkpt>
  <trkpt lat="-7.79049528" lon="111.74217369">
   <ele>1879.995</ele>
  </trkpt>
  <trkpt lat="-7.79052353" lon="111.74222717">
   <ele>1882.879</ele>
  </trkpt>
  <trkpt lat="-7.79055387" lon="111.74225517">
   <ele>1884.802</ele>
  </trkpt>
  <trkpt lat="-7.79058220" lon="111.74229724">
   <ele>1886.725</ele>
  </trkpt>
  <trkpt lat="-7.79058991" lon="111.74230713">
   <ele>1888.647</ele>
  </trkpt>
  <trkpt lat="-7.79061724" lon="111.74236354">
   <ele>1891.051</ele>
  </trkpt>
  <trkpt lat="-7.79064540" lon="111.74241685">
   <ele>1892.973</ele>
  </trkpt>
  <trkpt lat="-7.79068932" lon="111.74247343">
   <ele>1894.896</ele>
  </trkpt>
  <trkpt lat="-7.79070684" lon="111.74250931">
   <ele>1897.299</ele>
  </trkpt>
  <trkpt lat="-7.79074062" lon="111.74256186">
   <ele>1899.222</ele>
  </trkpt>
  <trkpt lat="-7.79076979" lon="111.74258407">
   <ele>1902.586</ele>
  </trkpt>
  <trkpt lat="-7.79080767" lon="111.74263218">
   <ele>1904.99</ele>
  </trkpt>
  <trkpt lat="-7.79083810" lon="111.74267820">
   <ele>1908.354</ele>
  </trkpt>
  <trkpt lat="-7.79085671" lon="111.74271919">
   <ele>1909.796</ele>
  </trkpt>
  <trkpt lat="-7.79086224" lon="111.74274014">
   <ele>1910.277</ele>
  </trkpt>
  <trkpt lat="-7.79093642" lon="111.74279630">
   <ele>1912.68</ele>
  </trkpt>
  <trkpt lat="-7.79098369" lon="111.74283679">
   <ele>1914.603</ele>
  </trkpt>
  <trkpt lat="-7.79100490" lon="111.74286512">
   <ele>1917.487</ele>
  </trkpt>
  <trkpt lat="-7.79105519" lon="111.74290049">
   <ele>1919.41</ele>
  </trkpt>
  <trkpt lat="-7.79109551" lon="111.74292614">
   <ele>1920.371</ele>
  </trkpt>
  <trkpt lat="-7.79113247" lon="111.74295849">
   <ele>1923.735</ele>
  </trkpt>
  <trkpt lat="-7.79117974" lon="111.74301163">
   <ele>1927.1</ele>
  </trkpt>
  <trkpt lat="-7.79122869" lon="111.74310006">
   <ele>1929.984</ele>
  </trkpt>
  <trkpt lat="-7.79125267" lon="111.74312026">
   <ele>1932.868</ele>
  </trkpt>
  <trkpt lat="-7.79133372" lon="111.74317952">
   <ele>1935.752</ele>
  </trkpt>
  <trkpt lat="-7.79135451" lon="111.74319721">
   <ele>1936.233</ele>
  </trkpt>
  <trkpt lat="-7.79139156" lon="111.74322956">
   <ele>1939.597</ele>
  </trkpt>
  <trkpt lat="-7.79142072" lon="111.74327466">
   <ele>1940.078</ele>
  </trkpt>
  <trkpt lat="-7.79148350" lon="111.74333727">
   <ele>1941.039</ele>
  </trkpt>
  <trkpt lat="-7.79154704" lon="111.74339619">
   <ele>1942.481</ele>
  </trkpt>
  <trkpt lat="-7.79158744" lon="111.74342176">
   <ele>1942.962</ele>
  </trkpt>
  <trkpt lat="-7.79164611" lon="111.74345520">
   <ele>1944.404</ele>
  </trkpt>
  <trkpt lat="-7.79168920" lon="111.74348840">
   <ele>1945.846</ele>
  </trkpt>
  <trkpt lat="-7.79172708" lon="111.74351631">
   <ele>1948.73</ele>
  </trkpt>
  <trkpt lat="-7.79175659" lon="111.74355185">
   <ele>1949.691</ele>
  </trkpt>
  <trkpt lat="-7.79178869" lon="111.74357783">
   <ele>1952.094</ele>
  </trkpt>
  <trkpt lat="-7.79179364" lon="111.74357867">
   <ele>1954.978</ele>
  </trkpt>
  <trkpt lat="-7.79186505" lon="111.74362058">
   <ele>1956.901</ele>
  </trkpt>
  <trkpt lat="-7.79191769" lon="111.74365092">
   <ele>1958.823</ele>
  </trkpt>
  <trkpt lat="-7.79197209" lon="111.74366341">
   <ele>1961.708</ele>
  </trkpt>
  <trkpt lat="-7.79204576" lon="111.74368973">
   <ele>1964.592</ele>
  </trkpt>
  <trkpt lat="-7.79209069" lon="111.74375284">
   <ele>1966.995</ele>
  </trkpt>
  <trkpt lat="-7.79209304" lon="111.74375536">
   <ele>1969.879</ele>
  </trkpt>
  <trkpt lat="-7.79210486" lon="111.74376332">
   <ele>1973.243</ele>
  </trkpt>
  <trkpt lat="-7.79221206" lon="111.74383298">
   <ele>1974.685</ele>
  </trkpt>
  <trkpt lat="-7.79224349" lon="111.74386047">
   <ele>1976.608</ele>
  </trkpt>
  <trkpt lat="-7.79230862" lon="111.74392023">
   <ele>1979.972</ele>
  </trkpt>
  <trkpt lat="-7.79233184" lon="111.74394328">
   <ele>1979.972</ele>
  </trkpt>
  <trkpt lat="-7.79235539" lon="111.74396281">
   <ele>1983.337</ele>
  </trkpt>
  <trkpt lat="-7.79241356" lon="111.74399600">
   <ele>1985.74</ele>
  </trkpt>
  <trkpt lat="-7.79244566" lon="111.74401704">
   <ele>1988.144</ele>
  </trkpt>
  <trkpt lat="-7.79246880" lon="111.74403087">
   <ele>1989.105</ele>
  </trkpt>
  <trkpt lat="-7.79252923" lon="111.74406633">
   <ele>1992.47</ele>
  </trkpt>
  <trkpt lat="-7.79254340" lon="111.74411109">
   <ele>1992.95</ele>
  </trkpt>
  <trkpt lat="-7.79257399" lon="111.74412760">
   <ele>1995.834</ele>
  </trkpt>
  <trkpt lat="-7.79257684" lon="111.74412995">
   <ele>1998.718</ele>
  </trkpt>
  <trkpt lat="-7.79258120" lon="111.74413347">
   <ele>2002.083</ele>
  </trkpt>
  <trkpt lat="-7.79259168" lon="111.74414344">
   <ele>2004.967</ele>
  </trkpt>
  <trkpt lat="-7.79268656" lon="111.74424629">
   <ele>2006.409</ele>
  </trkpt>
  <trkpt lat="-7.79271154" lon="111.74426137">
   <ele>2009.293</ele>
  </trkpt>
  <trkpt lat="-7.79276962" lon="111.74432214">
   <ele>2011.215</ele>
  </trkpt>
  <trkpt lat="-7.79283777" lon="111.74439800">
   <ele>2014.099</ele>
  </trkpt>
  <trkpt lat="-7.79289208" lon="111.74448492">
   <ele>2016.983</ele>
  </trkpt>
  <trkpt lat="-7.79295377" lon="111.74451007">
   <ele>2018.425</ele>
  </trkpt>
  <trkpt lat="-7.79300415" lon="111.74456648">
   <ele>2020.829</ele>
  </trkpt>
  <trkpt lat="-7.79305503" lon="111.74462859">
   <ele>2022.751</ele>
  </trkpt>
  <trkpt lat="-7.79311663" lon="111.74470218">
   <ele>2026.116</ele>
  </trkpt>
  <trkpt lat="-7.79313885" lon="111.74471827">
   <ele>2029</ele>
  </trkpt>
  <trkpt lat="-7.79318453" lon="111.74477720">
   <ele>2030.442</ele>
  </trkpt>
  <trkpt lat="-7.79319718" lon="111.74478399">
   <ele>2033.326</ele>
  </trkpt>
  <trkpt lat="-7.79326080" lon="111.74490502">
   <ele>2036.69</ele>
  </trkpt>
  <trkpt lat="-7.79328084" lon="111.74494701">
   <ele>2038.613</ele>
  </trkpt>
  <trkpt lat="-7.79329282" lon="111.74498012">
   <ele>2041.978</ele>
  </trkpt>
  <trkpt lat="-7.79332166" lon="111.74502186">
   <ele>2045.342</ele>
  </trkpt>
  <trkpt lat="-7.79335091" lon="111.74508339">
   <ele>2047.746</ele>
  </trkpt>
  <trkpt lat="-7.79336985" lon="111.74513527">
   <ele>2051.11</ele>
  </trkpt>
  <trkpt lat="-7.79341637" lon="111.74517534">
   <ele>2052.552</ele>
  </trkpt>
  <trkpt lat="-7.79343029" lon="111.74518338">
   <ele>2055.436</ele>
  </trkpt>
  <trkpt lat="-7.79346130" lon="111.74522739">
   <ele>2059.281</ele>
  </trkpt>
  <trkpt lat="-7.79346205" lon="111.74523066">
   <ele>2062.165</ele>
  </trkpt>
  <trkpt lat="-7.79353213" lon="111.74533602">
   <ele>2064.569</ele>
  </trkpt>
  <trkpt lat="-7.79353514" lon="111.74535069">
   <ele>2067.933</ele>
  </trkpt>
  <trkpt lat="-7.79349667" lon="111.74538824">
   <ele>2069.856</ele>
  </trkpt>
  <trkpt lat="-7.79352299" lon="111.74542135">
   <ele>2072.74</ele>
  </trkpt>
  <trkpt lat="-7.79354394" lon="111.74546057">
   <ele>2074.662</ele>
  </trkpt>
  <trkpt lat="-7.79357663" lon="111.74552503">
   <ele>2076.585</ele>
  </trkpt>
  <trkpt lat="-7.79362785" lon="111.74559284">
   <ele>2078.508</ele>
  </trkpt>
  <trkpt lat="-7.79370831" lon="111.74563115">
   <ele>2079.95</ele>
  </trkpt>
  <trkpt lat="-7.79373254" lon="111.74566300">
   <ele>2081.872</ele>
  </trkpt>
  <trkpt lat="-7.79372784" lon="111.74567004">
   <ele>2084.756</ele>
  </trkpt>
  <trkpt lat="-7.79372206" lon="111.74567515">
   <ele>2084.756</ele>
  </trkpt>
  <trkpt lat="-7.79377931" lon="111.74572242">
   <ele>2086.198</ele>
  </trkpt>
  <trkpt lat="-7.79385399" lon="111.74578730">
   <ele>2088.121</ele>
  </trkpt>
  <trkpt lat="-7.79391023" lon="111.74583592">
   <ele>2089.563</ele>
  </trkpt>
  <trkpt lat="-7.79398215" lon="111.74585218">
   <ele>2091.485</ele>
  </trkpt>
  <trkpt lat="-7.79401878" lon="111.74586467">
   <ele>2094.85</ele>
  </trkpt>
  <trkpt lat="-7.79406421" lon="111.74589367">
   <ele>2097.734</ele>
  </trkpt>
  <trkpt lat="-7.79416999" lon="111.74597220">
   <ele>2100.618</ele>
  </trkpt>
  <trkpt lat="-7.79421475" lon="111.74598612">
   <ele>2102.06</ele>
  </trkpt>
  <trkpt lat="-7.79421609" lon="111.74597556">
   <ele>2103.502</ele>
  </trkpt>
  <trkpt lat="-7.79426470" lon="111.74600188">
   <ele>2104.463</ele>
  </trkpt>
  <trkpt lat="-7.79430804" lon="111.74603096">
   <ele>2106.386</ele>
  </trkpt>
  <trkpt lat="-7.79436093" lon="111.74606994">
   <ele>2109.75</ele>
  </trkpt>
  <trkpt lat="-7.79439948" lon="111.74611277">
   <ele>2112.635</ele>
  </trkpt>
  <trkpt lat="-7.79443477" lon="111.74615183">
   <ele>2114.076</ele>
  </trkpt>
  <trkpt lat="-7.79443771" lon="111.74615351">
   <ele>2116.96</ele>
  </trkpt>
  <trkpt lat="-7.79452907" lon="111.74623079">
   <ele>2119.364</ele>
  </trkpt>
  <trkpt lat="-7.79462244" lon="111.74629055">
   <ele>2121.286</ele>
  </trkpt>
  <trkpt lat="-7.79471406" lon="111.74635777">
   <ele>2124.17</ele>
  </trkpt>
  <trkpt lat="-7.79474549" lon="111.74637445">
   <ele>2125.612</ele>
  </trkpt>
  <trkpt lat="-7.79483845" lon="111.74644712">
   <ele>2128.977</ele>
  </trkpt>
  <trkpt lat="-7.79487784" lon="111.74652449">
   <ele>2130.9</ele>
  </trkpt>
  <trkpt lat="-7.79492855" lon="111.74658165">
   <ele>2132.342</ele>
  </trkpt>
  <trkpt lat="-7.79496652" lon="111.74663605">
   <ele>2134.264</ele>
  </trkpt>
  <trkpt lat="-7.79499737" lon="111.74668341">
   <ele>2136.187</ele>
  </trkpt>
  <trkpt lat="-7.79502494" lon="111.74675038">
   <ele>2139.071</ele>
  </trkpt>
  <trkpt lat="-7.79503902" lon="111.74681945">
   <ele>2141.955</ele>
  </trkpt>
  <trkpt lat="-7.79505545" lon="111.74686756">
   <ele>2144.839</ele>
  </trkpt>
  <trkpt lat="-7.79509300" lon="111.74692841">
   <ele>2147.723</ele>
  </trkpt>
  <trkpt lat="-7.79510516" lon="111.74695440">
   <ele>2148.684</ele>
  </trkpt>
  <trkpt lat="-7.79510784" lon="111.74695926">
   <ele>2152.048</ele>
  </trkpt>
  <trkpt lat="-7.79511396" lon="111.74696806">
   <ele>2154.932</ele>
  </trkpt>
  <trkpt lat="-7.79519300" lon="111.74704886">
   <ele>2157.817</ele>
  </trkpt>
  <trkpt lat="-7.79533423" lon="111.74723326">
   <ele>2160.7</ele>
  </trkpt>
  <trkpt lat="-7.79536533" lon="111.74726553">
   <ele>2161.181</ele>
  </trkpt>
  <trkpt lat="-7.79543079" lon="111.74734684">
   <ele>2163.104</ele>
  </trkpt>
  <trkpt lat="-7.79547631" lon="111.74738556">
   <ele>2165.988</ele>
  </trkpt>
  <trkpt lat="-7.79548930" lon="111.74744826">
   <ele>2168.391</ele>
  </trkpt>
  <trkpt lat="-7.79552124" lon="111.74748992">
   <ele>2171.755</ele>
  </trkpt>
  <trkpt lat="-7.79558452" lon="111.74759771">
   <ele>2174.64</ele>
  </trkpt>
  <trkpt lat="-7.79562727" lon="111.74764498">
   <ele>2177.523</ele>
  </trkpt>
  <trkpt lat="-7.79563020" lon="111.74764758">
   <ele>2181.369</ele>
  </trkpt>
  <trkpt lat="-7.79563640" lon="111.74765294">
   <ele>2184.253</ele>
  </trkpt>
  <trkpt lat="-7.79564671" lon="111.74766535">
   <ele>2187.617</ele>
  </trkpt>
  <trkpt lat="-7.79566138" lon="111.74768035">
   <ele>2190.501</ele>
  </trkpt>
  <trkpt lat="-7.79579616" lon="111.74783835">
   <ele>2192.424</ele>
  </trkpt>
  <trkpt lat="-7.79584260" lon="111.74785562">
   <ele>2195.308</ele>
  </trkpt>
  <trkpt lat="-7.79590412" lon="111.74793935">
   <ele>2197.23</ele>
  </trkpt>
  <trkpt lat="-7.79591401" lon="111.74795997">
   <ele>2200.595</ele>
  </trkpt>
  <trkpt lat="-7.79593932" lon="111.74796559">
   <ele>2201.556</ele>
  </trkpt>
  <trkpt lat="-7.79599205" lon="111.74800926">
   <ele>2204.44</ele>
  </trkpt>
  <trkpt lat="-7.79600060" lon="111.74803072">
   <ele>2204.44</ele>
  </trkpt>
  <trkpt lat="-7.79602599" lon="111.74805687">
   <ele>2207.324</ele>
  </trkpt>
  <trkpt lat="-7.79605675" lon="111.74809685">
   <ele>2210.689</ele>
  </trkpt>
  <trkpt lat="-7.79607846" lon="111.74813692">
   <ele>2211.65</ele>
  </trkpt>
  <trkpt lat="-7.79608416" lon="111.74815762">
   <ele>2211.65</ele>
  </trkpt>
  <trkpt lat="-7.79607645" lon="111.74814949">
   <ele>2208.286</ele>
  </trkpt>
  <trkpt lat="-7.79608240" lon="111.74814144">
   <ele>2209.728</ele>
  </trkpt>
  <trkpt lat="-7.79617603" lon="111.74818771">
   <ele>2209.728</ele>
  </trkpt>
  <trkpt lat="-7.79622213" lon="111.74826583">
   <ele>2210.689</ele>
  </trkpt>
  <trkpt lat="-7.79627762" lon="111.74831025">
   <ele>2211.65</ele>
  </trkpt>
  <trkpt lat="-7.79637879" lon="111.74836683">
   <ele>2210.208</ele>
  </trkpt>
  <trkpt lat="-7.79644014" lon="111.74839709">
   <ele>2211.17</ele>
  </trkpt>
  <trkpt lat="-7.79647007" lon="111.74841503">
   <ele>2211.65</ele>
  </trkpt>
  <trkpt lat="-7.79648826" lon="111.74841369">
   <ele>2214.053</ele>
  </trkpt>
  <trkpt lat="-7.79651005" lon="111.74839986">
   <ele>2214.534</ele>
  </trkpt>
  <trkpt lat="-7.79653612" lon="111.74841788">
   <ele>2215.496</ele>
  </trkpt>
  <trkpt lat="-7.79657392" lon="111.74844059">
   <ele>2216.938</ele>
  </trkpt>
  <trkpt lat="-7.79660803" lon="111.74844227">
   <ele>2217.899</ele>
  </trkpt>
  <trkpt lat="-7.79668498" lon="111.74845794">
   <ele>2221.263</ele>
  </trkpt>
  <trkpt lat="-7.79672982" lon="111.74846381">
   <ele>2222.225</ele>
  </trkpt>
  <trkpt lat="-7.79675262" lon="111.74847336">
   <ele>2222.706</ele>
  </trkpt>
  <trkpt lat="-7.79677123" lon="111.74849189">
   <ele>2224.628</ele>
  </trkpt>
  <trkpt lat="-7.79680526" lon="111.74849331">
   <ele>2226.551</ele>
  </trkpt>
  <trkpt lat="-7.79684658" lon="111.74851494">
   <ele>2227.993</ele>
  </trkpt>
  <trkpt lat="-7.79688455" lon="111.74853564">
   <ele>2229.915</ele>
  </trkpt>
  <trkpt lat="-7.79691967" lon="111.74854880">
   <ele>2231.357</ele>
  </trkpt>
  <trkpt lat="-7.79696275" lon="111.74856196">
   <ele>2233.28</ele>
  </trkpt>
  <trkpt lat="-7.79700425" lon="111.74855500">
   <ele>2235.202</ele>
  </trkpt>
  <trkpt lat="-7.79705328" lon="111.74856615">
   <ele>2236.645</ele>
  </trkpt>
  <trkpt lat="-7.79710759" lon="111.74857143">
   <ele>2239.529</ele>
  </trkpt>
  <trkpt lat="-7.79716736" lon="111.74859289">
   <ele>2240.97</ele>
  </trkpt>
  <trkpt lat="-7.79720524" lon="111.74861519">
   <ele>2242.413</ele>
  </trkpt>
  <trkpt lat="-7.79724388" lon="111.74863799">
   <ele>2243.374</ele>
  </trkpt>
  <trkpt lat="-7.79728085" lon="111.74867218">
   <ele>2245.296</ele>
  </trkpt>
  <trkpt lat="-7.79733801" lon="111.74871124">
   <ele>2248.18</ele>
  </trkpt>
  <trkpt lat="-7.79738001" lon="111.74874117">
   <ele>2247.7</ele>
  </trkpt>
  <trkpt lat="-7.79740104" lon="111.74874955">
   <ele>2248.661</ele>
  </trkpt>
  <trkpt lat="-7.79745989" lon="111.74879020">
   <ele>2249.622</ele>
  </trkpt>
  <trkpt lat="-7.79751889" lon="111.74880126">
   <ele>2251.545</ele>
  </trkpt>
  <trkpt lat="-7.79754949" lon="111.74881191">
   <ele>2252.506</ele>
  </trkpt>
  <trkpt lat="-7.79759995" lon="111.74884695">
   <ele>2255.39</ele>
  </trkpt>
  <trkpt lat="-7.79761772" lon="111.74886874">
   <ele>2257.313</ele>
  </trkpt>
  <trkpt lat="-7.79765292" lon="111.74890931">
   <ele>2260.197</ele>
  </trkpt>
  <trkpt lat="-7.79768427" lon="111.74897008">
   <ele>2262.119</ele>
  </trkpt>
  <trkpt lat="-7.79773205" lon="111.74900654">
   <ele>2265.003</ele>
  </trkpt>
  <trkpt lat="-7.79777253" lon="111.74903235">
   <ele>2266.926</ele>
  </trkpt>
  <trkpt lat="-7.79782559" lon="111.74905599">
   <ele>2269.81</ele>
  </trkpt>
  <trkpt lat="-7.79786641" lon="111.74907686">
   <ele>2272.694</ele>
  </trkpt>
  <trkpt lat="-7.79789608" lon="111.74909547">
   <ele>2275.097</ele>
  </trkpt>
  <trkpt lat="-7.79794537" lon="111.74911919">
   <ele>2277.5</ele>
  </trkpt>
  <trkpt lat="-7.79800521" lon="111.74916060">
   <ele>2280.865</ele>
  </trkpt>
  <trkpt lat="-7.79808224" lon="111.74920091">
   <ele>2283.749</ele>
  </trkpt>
  <trkpt lat="-7.79808819" lon="111.74920485">
   <ele>2283.749</ele>
  </trkpt>
  <trkpt lat="-7.79808618" lon="111.74920552">
   <ele>2283.749</ele>
  </trkpt>
  <trkpt lat="-7.79812675" lon="111.74922816">
   <ele>2287.114</ele>
  </trkpt>
  <trkpt lat="-7.79818693" lon="111.74928138">
   <ele>2290.478</ele>
  </trkpt>
  <trkpt lat="-7.79821292" lon="111.74931239">
   <ele>2291.92</ele>
  </trkpt>
  <trkpt lat="-7.79824426" lon="111.74934609">
   <ele>2295.285</ele>
  </trkpt>
  <trkpt lat="-7.79829137" lon="111.74938238">
   <ele>2296.246</ele>
  </trkpt>
  <trkpt lat="-7.79833538" lon="111.74942647">
   <ele>2298.649</ele>
  </trkpt>
  <trkpt lat="-7.79837150" lon="111.74944432">
   <ele>2302.014</ele>
  </trkpt>
  <trkpt lat="-7.79837527" lon="111.74944784">
   <ele>2304.898</ele>
  </trkpt>
  <trkpt lat="-7.79849773" lon="111.74952001">
   <ele>2307.782</ele>
  </trkpt>
  <trkpt lat="-7.79855892" lon="111.74957081">
   <ele>2309.224</ele>
  </trkpt>
  <trkpt lat="-7.79861164" lon="111.74959998">
   <ele>2310.666</ele>
  </trkpt>
  <trkpt lat="-7.79867442" lon="111.74965270">
   <ele>2313.069</ele>
  </trkpt>
  <trkpt lat="-7.79869731" lon="111.74969159">
   <ele>2314.511</ele>
  </trkpt>
  <trkpt lat="-7.79873938" lon="111.74977197">
   <ele>2317.395</ele>
  </trkpt>
  <trkpt lat="-7.79875715" lon="111.74981187">
   <ele>2318.837</ele>
  </trkpt>
  <trkpt lat="-7.79880376" lon="111.74987960">
   <ele>2320.76</ele>
  </trkpt>
  <trkpt lat="-7.79883066" lon="111.74989167">
   <ele>2321.721</ele>
  </trkpt>
  <trkpt lat="-7.79882790" lon="111.74991061">
   <ele>2324.605</ele>
  </trkpt>
  <trkpt lat="-7.79883276" lon="111.75002603">
   <ele>2327.97</ele>
  </trkpt>
  <trkpt lat="-7.79882899" lon="111.75009526">
   <ele>2331.334</ele>
  </trkpt>
  <trkpt lat="-7.79882622" lon="111.75014044">
   <ele>2332.296</ele>
  </trkpt>
  <trkpt lat="-7.79883536" lon="111.75017112">
   <ele>2334.219</ele>
  </trkpt>
  <trkpt lat="-7.79886117" lon="111.75022468">
   <ele>2335.66</ele>
  </trkpt>
  <trkpt lat="-7.79888003" lon="111.75028369">
   <ele>2339.025</ele>
  </trkpt>
  <trkpt lat="-7.79893351" lon="111.75036474">
   <ele>2340.467</ele>
  </trkpt>
  <trkpt lat="-7.79893703" lon="111.75036759">
   <ele>2341.428</ele>
  </trkpt>
  <trkpt lat="-7.79892479" lon="111.75039014">
   <ele>2344.312</ele>
  </trkpt>
  <trkpt lat="-7.79893309" lon="111.75045828">
   <ele>2345.754</ele>
  </trkpt>
  <trkpt lat="-7.79893585" lon="111.75050271">
   <ele>2348.638</ele>
  </trkpt>
  <trkpt lat="-7.79893778" lon="111.75053364">
   <ele>2349.6</ele>
  </trkpt>
  <trkpt lat="-7.79895069" lon="111.75060371">
   <ele>2351.042</ele>
  </trkpt>
  <trkpt lat="-7.79895128" lon="111.75062517">
   <ele>2351.042</ele>
  </trkpt>
  <trkpt lat="-7.79895136" lon="111.75071427">
   <ele>2351.042</ele>
  </trkpt>
  <trkpt lat="-7.79900199" lon="111.75074268">
   <ele>2353.445</ele>
  </trkpt>
  <trkpt lat="-7.79909905" lon="111.75077009">
   <ele>2352.483</ele>
  </trkpt>
  <trkpt lat="-7.79904767" lon="111.75081267">
   <ele>2352.964</ele>
  </trkpt>
  <trkpt lat="-7.79912135" lon="111.75089020">
   <ele>2352.964</ele>
  </trkpt>
  <trkpt lat="-7.79920131" lon="111.75091837">
   <ele>2353.926</ele>
  </trkpt>
  <trkpt lat="-7.79923802" lon="111.75093907">
   <ele>2354.887</ele>
  </trkpt>
  <trkpt lat="-7.79923978" lon="111.75092909">
   <ele>2352.483</ele>
  </trkpt>
  <trkpt lat="-7.79923811" lon="111.75092951">
   <ele>2353.445</ele>
  </trkpt>
  <trkpt lat="-7.79933249" lon="111.75103110">
   <ele>2323.644</ele>
  </trkpt>
  <trkpt lat="-7.79933735" lon="111.75101727">
   <ele>2326.528</ele>
  </trkpt>
  <trkpt lat="-7.79935210" lon="111.75101174">
   <ele>2331.334</ele>
  </trkpt>
  <trkpt lat="-7.79936207" lon="111.75101015">
   <ele>2331.334</ele>
  </trkpt>
  <trkpt lat="-7.79938781" lon="111.75101602">
   <ele>2335.18</ele>
  </trkpt>
  <trkpt lat="-7.79940818" lon="111.75102540">
   <ele>2339.025</ele>
  </trkpt>
  <trkpt lat="-7.79942058" lon="111.75103194">
   <ele>2340.948</ele>
  </trkpt>
  <trkpt lat="-7.79943843" lon="111.75103890">
   <ele>2344.312</ele>
  </trkpt>
  <trkpt lat="-7.79945000" lon="111.75104250">
   <ele>2347.196</ele>
  </trkpt>
  <trkpt lat="-7.79947540" lon="111.75104418">
   <ele>2351.042</ele>
  </trkpt>
  <trkpt lat="-7.79949023" lon="111.75105038">
   <ele>2354.406</ele>
  </trkpt>
  <trkpt lat="-7.79949300" lon="111.75105440">
   <ele>2354.406</ele>
  </trkpt>
  <trkpt lat="-7.79950348" lon="111.75106312">
   <ele>2356.809</ele>
  </trkpt>
  <trkpt lat="-7.79952921" lon="111.75108374">
   <ele>2360.174</ele>
  </trkpt>
  <trkpt lat="-7.79957858" lon="111.75110595">
   <ele>2363.538</ele>
  </trkpt>
  <trkpt lat="-7.79961923" lon="111.75112993">
   <ele>2366.903</ele>
  </trkpt>
  <trkpt lat="-7.79969417" lon="111.75117502">
   <ele>2367.865</ele>
  </trkpt>
  <trkpt lat="-7.79972862" lon="111.75120729">
   <ele>2367.865</ele>
  </trkpt>
  <trkpt lat="-7.79978285" lon="111.75126035">
   <ele>2369.307</ele>
  </trkpt>
  <trkpt lat="-7.79980430" lon="111.75127937">
   <ele>2367.384</ele>
  </trkpt>
  <trkpt lat="-7.79982266" lon="111.75130754">
   <ele>2364.981</ele>
  </trkpt>
  <trkpt lat="-7.79990816" lon="111.75132707">
   <ele>2361.135</ele>
  </trkpt>
  <trkpt lat="-7.79995099" lon="111.75132128">
   <ele>2360.655</ele>
  </trkpt>
  <trkpt lat="-7.80005031" lon="111.75136143">
   <ele>2359.213</ele>
  </trkpt>
  <trkpt lat="-7.80011309" lon="111.75137501">
   <ele>2360.174</ele>
  </trkpt>
  <trkpt lat="-7.80016573" lon="111.75139605">
   <ele>2359.693</ele>
  </trkpt>
  <trkpt lat="-7.80025450" lon="111.75146512">
   <ele>2359.213</ele>
  </trkpt>
  <trkpt lat="-7.80035173" lon="111.75152463">
   <ele>2358.732</ele>
  </trkpt>
  <trkpt lat="-7.80042993" lon="111.75156972">
   <ele>2360.174</ele>
  </trkpt>
  <trkpt lat="-7.80051157" lon="111.75162018">
   <ele>2361.616</ele>
  </trkpt>
  <trkpt lat="-7.80061182" lon="111.75171532">
   <ele>2363.058</ele>
  </trkpt>
  <trkpt lat="-7.80064174" lon="111.75173988">
   <ele>2363.058</ele>
  </trkpt>
  <trkpt lat="-7.80066747" lon="111.75178086">
   <ele>2364.981</ele>
  </trkpt>
  <trkpt lat="-7.80071223" lon="111.75185119">
   <ele>2366.423</ele>
  </trkpt>
  <trkpt lat="-7.80075397" lon="111.75190751">
   <ele>2368.826</ele>
  </trkpt>
  <trkpt lat="-7.80080116" lon="111.75196518">
   <ele>2372.19</ele>
  </trkpt>
  <trkpt lat="-7.80083067" lon="111.75208739">
   <ele>2374.594</ele>
  </trkpt>
  <trkpt lat="-7.80090418" lon="111.75224287">
   <ele>2377.478</ele>
  </trkpt>
  <trkpt lat="-7.80093980" lon="111.75234203">
   <ele>2377.478</ele>
  </trkpt>
  <trkpt lat="-7.80098020" lon="111.75245661">
   <ele>2378.919</ele>
  </trkpt>
  <trkpt lat="-7.80104181" lon="111.75254446">
   <ele>2380.362</ele>
  </trkpt>
  <trkpt lat="-7.80107525" lon="111.75261771">
   <ele>2379.4</ele>
  </trkpt>
  <trkpt lat="-7.80105807" lon="111.75267563">
   <ele>2377.958</ele>
  </trkpt>
  <trkpt lat="-7.80104826" lon="111.75271855">
   <ele>2378.439</ele>
  </trkpt>
  <trkpt lat="-7.80109788" lon="111.75279273">
   <ele>2379.4</ele>
  </trkpt>
  <trkpt lat="-7.80114708" lon="111.75287026">
   <ele>2380.843</ele>
  </trkpt>
  <trkpt lat="-7.80116276" lon="111.75296489">
   <ele>2382.284</ele>
  </trkpt>
  <trkpt lat="-7.80119872" lon="111.75306749">
   <ele>2381.323</ele>
  </trkpt>
  <trkpt lat="-7.80125731" lon="111.75317159">
   <ele>2384.688</ele>
  </trkpt>
  <trkpt lat="-7.80130517" lon="111.75327024">
   <ele>2386.61</ele>
  </trkpt>
  <trkpt lat="-7.80133107" lon="111.75333051">
   <ele>2388.533</ele>
  </trkpt>
  <trkpt lat="-7.80136979" lon="111.75341081">
   <ele>2390.936</ele>
  </trkpt>
  <trkpt lat="-7.80141103" lon="111.75351525">
   <ele>2393.82</ele>
  </trkpt>
  <trkpt lat="-7.80148613" lon="111.75360669">
   <ele>2397.185</ele>
  </trkpt>
  <trkpt lat="-7.80153047" lon="111.75371951">
   <ele>2398.627</ele>
  </trkpt>
  <trkpt lat="-7.80161421" lon="111.75384734">
   <ele>2400.069</ele>
  </trkpt>
  <trkpt lat="-7.80166090" lon="111.75389235">
   <ele>2401.511</ele>
  </trkpt>
  <trkpt lat="-7.80172510" lon="111.75397315">
   <ele>2403.914</ele>
  </trkpt>
  <trkpt lat="-7.80179216" lon="111.75408103">
   <ele>2405.356</ele>
  </trkpt>
  <trkpt lat="-7.80188260" lon="111.75422561">
   <ele>2407.279</ele>
  </trkpt>
  <trkpt lat="-7.80193029" lon="111.75432905">
   <ele>2409.682</ele>
  </trkpt>
  <trkpt lat="-7.80198821" lon="111.75444170">
   <ele>2411.604</ele>
  </trkpt>
  <trkpt lat="-7.80202886" lon="111.75453759">
   <ele>2414.969</ele>
  </trkpt>
  <trkpt lat="-7.80208183" lon="111.75463230">
   <ele>2418.334</ele>
  </trkpt>
  <trkpt lat="-7.80209709" lon="111.75469031">
   <ele>2421.218</ele>
  </trkpt>
  <trkpt lat="-7.80213028" lon="111.75477077">
   <ele>2424.102</ele>
  </trkpt>
  <trkpt lat="-7.80219256" lon="111.75483791">
   <ele>2426.505</ele>
  </trkpt>
  <trkpt lat="-7.80224872" lon="111.75492676">
   <ele>2428.908</ele>
  </trkpt>
  <trkpt lat="-7.80227797" lon="111.75498795">
   <ele>2431.792</ele>
  </trkpt>
  <trkpt lat="-7.80232617" lon="111.75505257">
   <ele>2434.676</ele>
  </trkpt>
  <trkpt lat="-7.80238518" lon="111.75518098">
   <ele>2437.56</ele>
  </trkpt>
  <trkpt lat="-7.80243890" lon="111.75524494">
   <ele>2440.925</ele>
  </trkpt>
  <trkpt lat="-7.80248852" lon="111.75526614">
   <ele>2443.328</ele>
  </trkpt>
  <trkpt lat="-7.80257528" lon="111.75535172">
   <ele>2445.251</ele>
  </trkpt>
  <trkpt lat="-7.80267008" lon="111.75544937">
   <ele>2446.693</ele>
  </trkpt>
  <trkpt lat="-7.80278424" lon="111.75550955">
   <ele>2448.135</ele>
  </trkpt>
  <trkpt lat="-7.80280486" lon="111.75559471">
   <ele>2449.096</ele>
  </trkpt>
  <trkpt lat="-7.80291265" lon="111.75568138">
   <ele>2450.538</ele>
  </trkpt>
  <trkpt lat="-7.80296990" lon="111.75570737">
   <ele>2450.538</ele>
  </trkpt>
  <trkpt lat="-7.80305388" lon="111.75574056">
   <ele>2451.019</ele>
  </trkpt>
  <trkpt lat="-7.80315908" lon="111.75583402">
   <ele>2452.46</ele>
  </trkpt>
  <trkpt lat="-7.80322923" lon="111.75587182">
   <ele>2453.903</ele>
  </trkpt>
  <trkpt lat="-7.80329503" lon="111.75593711">
   <ele>2455.344</ele>
  </trkpt>
  <trkpt lat="-7.80336837" lon="111.75600543">
   <ele>2456.786</ele>
  </trkpt>
  <trkpt lat="-7.80343333" lon="111.75609277">
   <ele>2458.709</ele>
  </trkpt>
  <trkpt lat="-7.80348849" lon="111.75615010">
   <ele>2460.151</ele>
  </trkpt>
  <trkpt lat="-7.80355688" lon="111.75621330">
   <ele>2462.554</ele>
  </trkpt>
  <trkpt lat="-7.80359904" lon="111.75630173">
   <ele>2464.958</ele>
  </trkpt>
  <trkpt lat="-7.80365026" lon="111.75635696">
   <ele>2466.88</ele>
  </trkpt>
  <trkpt lat="-7.80367716" lon="111.75637834">
   <ele>2467.842</ele>
  </trkpt>
  <trkpt lat="-7.80370742" lon="111.75643743">
   <ele>2468.322</ele>
  </trkpt>
  <trkpt lat="-7.80382602" lon="111.75649946">
   <ele>2465.919</ele>
  </trkpt>
  <trkpt lat="-7.80388461" lon="111.75651656">
   <ele>2464.958</ele>
  </trkpt>
  <trkpt lat="-7.80396089" lon="111.75650993">
   <ele>2467.361</ele>
  </trkpt>
  <trkpt lat="-7.80403323" lon="111.75651236">
   <ele>2467.361</ele>
  </trkpt>
  <trkpt lat="-7.80409500" lon="111.75653902">
   <ele>2467.842</ele>
  </trkpt>
  <trkpt lat="-7.80423908" lon="111.75652552">
   <ele>2469.764</ele>
  </trkpt>
  <trkpt lat="-7.80433455" lon="111.75653902">
   <ele>2470.245</ele>
  </trkpt>
  <trkpt lat="-7.80434193" lon="111.75654531">
   <ele>2470.726</ele>
  </trkpt>
  <trkpt lat="-7.80433740" lon="111.75655302">
   <ele>2470.726</ele>
  </trkpt>
  <trkpt lat="-7.80442106" lon="111.75651555">
   <ele>2469.764</ele>
  </trkpt>
  <trkpt lat="-7.80455818" lon="111.75653139">
   <ele>2466.88</ele>
  </trkpt>
  <trkpt lat="-7.80468056" lon="111.75650314">
   <ele>2464.477</ele>
  </trkpt>
  <trkpt lat="-7.80478433" lon="111.75648051">
   <ele>2462.074</ele>
  </trkpt>
  <trkpt lat="-7.80489304" lon="111.75649535">
   <ele>2461.113</ele>
  </trkpt>
  <trkpt lat="-7.80499547" lon="111.75644757">
   <ele>2459.19</ele>
  </trkpt>
  <trkpt lat="-7.80509563" lon="111.75643357">
   <ele>2457.267</ele>
  </trkpt>
  <trkpt lat="-7.80519781" lon="111.75642125">
   <ele>2455.344</ele>
  </trkpt>
  <trkpt lat="-7.80529873" lon="111.75638320">
   <ele>2453.422</ele>
  </trkpt>
  <trkpt lat="-7.80534122" lon="111.75638370">
   <ele>2452.46</ele>
  </trkpt>
  <trkpt lat="-7.80539738" lon="111.75639116">
   <ele>2449.577</ele>
  </trkpt>
  <trkpt lat="-7.80547659" lon="111.75637415">
   <ele>2450.538</ele>
  </trkpt>
  <trkpt lat="-7.80560592" lon="111.75635076">
   <ele>2450.538</ele>
  </trkpt>
  <trkpt lat="-7.80573676" lon="111.75636861">
   <ele>2448.615</ele>
  </trkpt>
  <trkpt lat="-7.80584523" lon="111.75636903">
   <ele>2447.654</ele>
  </trkpt>
  <trkpt lat="-7.80587574" lon="111.75634682">
   <ele>2446.693</ele>
  </trkpt>
  <trkpt lat="-7.80600649" lon="111.75632386">
   <ele>2444.77</ele>
  </trkpt>
  <trkpt lat="-7.80614714" lon="111.75633710">
   <ele>2442.367</ele>
  </trkpt>
  <trkpt lat="-7.80621411" lon="111.75635789">
   <ele>2441.886</ele>
  </trkpt>
  <trkpt lat="-7.80629785" lon="111.75640097">
   <ele>2442.847</ele>
  </trkpt>
  <trkpt lat="-7.80638536" lon="111.75643584">
   <ele>2446.212</ele>
  </trkpt>
  <trkpt lat="-7.80648166" lon="111.75649292">
   <ele>2449.096</ele>
  </trkpt>
  <trkpt lat="-7.80657898" lon="111.75651253">
   <ele>2450.057</ele>
  </trkpt>
  <trkpt lat="-7.80669381" lon="111.75654723">
   <ele>2447.654</ele>
  </trkpt>
  <trkpt lat="-7.80679850" lon="111.75658177">
   <ele>2447.173</ele>
  </trkpt>
  <trkpt lat="-7.80689389" lon="111.75663633">
   <ele>2447.173</ele>
  </trkpt>
  <trkpt lat="-7.80700218" lon="111.75671588">
   <ele>2447.654</ele>
  </trkpt>
  <trkpt lat="-7.80706370" lon="111.75677044">
   <ele>2448.615</ele>
  </trkpt>
  <trkpt lat="-7.80716755" lon="111.75683188">
   <ele>2448.615</ele>
  </trkpt>
  <trkpt lat="-7.80729043" lon="111.75689441">
   <ele>2448.135</ele>
  </trkpt>
  <trkpt lat="-7.80733092" lon="111.75690883">
   <ele>2448.135</ele>
  </trkpt>
  <trkpt lat="-7.80740107" lon="111.75698276">
   <ele>2449.577</ele>
  </trkpt>
  <trkpt lat="-7.80749562" lon="111.75703053">
   <ele>2451.019</ele>
  </trkpt>
  <trkpt lat="-7.80756947" lon="111.75711670">
   <ele>2453.422</ele>
  </trkpt>
  <trkpt lat="-7.80763870" lon="111.75717386">
   <ele>2455.344</ele>
  </trkpt>
  <trkpt lat="-7.80769830" lon="111.75720178">
   <ele>2455.344</ele>
  </trkpt>
  <trkpt lat="-7.80777893" lon="111.75721477">
   <ele>2455.344</ele>
  </trkpt>
  <trkpt lat="-7.80792436" lon="111.75723983">
   <ele>2455.825</ele>
  </trkpt>
  <trkpt lat="-7.80803299" lon="111.75731367">
   <ele>2458.709</ele>
  </trkpt>
  <trkpt lat="-7.80810524" lon="111.75736950">
   <ele>2460.632</ele>
  </trkpt>
  <trkpt lat="-7.80818319" lon="111.75742180">
   <ele>2462.554</ele>
  </trkpt>
  <trkpt lat="-7.80825477" lon="111.75745558">
   <ele>2465.438</ele>
  </trkpt>
  <trkpt lat="-7.80828126" lon="111.75749590">
   <ele>2466.4</ele>
  </trkpt>
  <trkpt lat="-7.80828369" lon="111.75751585">
   <ele>2467.842</ele>
  </trkpt>
  <trkpt lat="-7.80839768" lon="111.75759338">
   <ele>2469.764</ele>
  </trkpt>
  <trkpt lat="-7.80848016" lon="111.75760168">
   <ele>2468.322</ele>
  </trkpt>
  <trkpt lat="-7.80857278" lon="111.75759640">
   <ele>2467.842</ele>
  </trkpt>
  <trkpt lat="-7.80876741" lon="111.75758206">
   <ele>2467.361</ele>
  </trkpt>
  <trkpt lat="-7.80889607" lon="111.75759279">
   <ele>2469.284</ele>
  </trkpt>
  <trkpt lat="-7.80900680" lon="111.75761056">
   <ele>2471.206</ele>
  </trkpt>
  <trkpt lat="-7.80914342" lon="111.75763370">
   <ele>2473.609</ele>
  </trkpt>
  <trkpt lat="-7.80924484" lon="111.75770746">
   <ele>2476.974</ele>
  </trkpt>
  <trkpt lat="-7.80934794" lon="111.75776219">
   <ele>2476.974</ele>
  </trkpt>
  <trkpt lat="-7.80943880" lon="111.75777258">
   <ele>2476.974</ele>
  </trkpt>
  <trkpt lat="-7.80952966" lon="111.75779362">
   <ele>2475.532</ele>
  </trkpt>
  <trkpt lat="-7.80961842" lon="111.75781625">
   <ele>2475.532</ele>
  </trkpt>
  <trkpt lat="-7.80972286" lon="111.75785456">
   <ele>2475.532</ele>
  </trkpt>
  <trkpt lat="-7.80984046" lon="111.75787685">
   <ele>2475.051</ele>
  </trkpt>
  <trkpt lat="-7.80992235" lon="111.75787576">
   <ele>2475.532</ele>
  </trkpt>
  <trkpt lat="-7.80997298" lon="111.75790158">
   <ele>2475.532</ele>
  </trkpt>
  <trkpt lat="-7.81006895" lon="111.75796587">
   <ele>2475.051</ele>
  </trkpt>
  <trkpt lat="-7.81013525" lon="111.75802228">
   <ele>2473.129</ele>
  </trkpt>
  <trkpt lat="-7.81019736" lon="111.75806679">
   <ele>2470.245</ele>
  </trkpt>
  <trkpt lat="-7.81033617" lon="111.75811800">
   <ele>2468.803</ele>
  </trkpt>
  <trkpt lat="-7.81041889" lon="111.75815882">
   <ele>2470.726</ele>
  </trkpt>
  <trkpt lat="-7.81050414" lon="111.75821699">
   <ele>2473.129</ele>
  </trkpt>
  <trkpt lat="-7.81061210" lon="111.75829193">
   <ele>2474.571</ele>
  </trkpt>
  <trkpt lat="-7.81063062" lon="111.75829293">
   <ele>2476.013</ele>
  </trkpt>
  <trkpt lat="-7.81068988" lon="111.75833912">
   <ele>2479.377</ele>
  </trkpt>
  <trkpt lat="-7.81075031" lon="111.75834641">
   <ele>2482.261</ele>
  </trkpt>
  <trkpt lat="-7.81083883" lon="111.75846920">
   <ele>2485.145</ele>
  </trkpt>
  <trkpt lat="-7.81094570" lon="111.75856115">
   <ele>2488.029</ele>
  </trkpt>
  <trkpt lat="-7.81101929" lon="111.75864430">
   <ele>2491.394</ele>
  </trkpt>
  <trkpt lat="-7.81106791" lon="111.75869996">
   <ele>2494.278</ele>
  </trkpt>
  <trkpt lat="-7.81108165" lon="111.75870691">
   <ele>2494.759</ele>
  </trkpt>
  <trkpt lat="-7.81115524" lon="111.75879358">
   <ele>2497.643</ele>
  </trkpt>
  <trkpt lat="-7.81121668" lon="111.75882862">
   <ele>2500.526</ele>
  </trkpt>
  <trkpt lat="-7.81125558" lon="111.75888252">
   <ele>2502.93</ele>
  </trkpt>
  <trkpt lat="-7.81132992" lon="111.75894211">
   <ele>2506.294</ele>
  </trkpt>
  <trkpt lat="-7.81141944" lon="111.75903515">
   <ele>2509.178</ele>
  </trkpt>
  <trkpt lat="-7.81146781" lon="111.75911729">
   <ele>2511.582</ele>
  </trkpt>
  <trkpt lat="-7.81152296" lon="111.75918552">
   <ele>2514.466</ele>
  </trkpt>
  <trkpt lat="-7.81157912" lon="111.75923891">
   <ele>2517.349</ele>
  </trkpt>
  <trkpt lat="-7.81162715" lon="111.75927831">
   <ele>2520.714</ele>
  </trkpt>
  <trkpt lat="-7.81164684" lon="111.75932600">
   <ele>2524.079</ele>
  </trkpt>
  <trkpt lat="-7.81167157" lon="111.75934545">
   <ele>2525.521</ele>
  </trkpt>
  <trkpt lat="-7.81174206" lon="111.75939876">
   <ele>2527.443</ele>
  </trkpt>
  <trkpt lat="-7.81184717" lon="111.75947486">
   <ele>2529.366</ele>
  </trkpt>
  <trkpt lat="-7.81194742" lon="111.75954376">
   <ele>2530.808</ele>
  </trkpt>
  <trkpt lat="-7.81201640" lon="111.75960512">
   <ele>2533.211</ele>
  </trkpt>
  <trkpt lat="-7.81207977" lon="111.75965281">
   <ele>2534.653</ele>
  </trkpt>
  <trkpt lat="-7.81219527" lon="111.75971475">
   <ele>2537.537</ele>
  </trkpt>
  <trkpt lat="-7.81220843" lon="111.75974568">
   <ele>2537.537</ele>
  </trkpt>
  <trkpt lat="-7.81222503" lon="111.75980645">
   <ele>2537.537</ele>
  </trkpt>
  <trkpt lat="-7.81226099" lon="111.75979933">
   <ele>2538.499</ele>
  </trkpt>
  <trkpt lat="-7.81234765" lon="111.75984643">
   <ele>2541.383</ele>
  </trkpt>
  <trkpt lat="-7.81241186" lon="111.75992388">
   <ele>2543.305</ele>
  </trkpt>
  <trkpt lat="-7.81248227" lon="111.75998683">
   <ele>2546.67</ele>
  </trkpt>
  <trkpt lat="-7.81253533" lon="111.76002455">
   <ele>2548.112</ele>
  </trkpt>
  <trkpt lat="-7.81258763" lon="111.76011197">
   <ele>2550.996</ele>
  </trkpt>
  <trkpt lat="-7.81264094" lon="111.76012706">
   <ele>2553.88</ele>
  </trkpt>
  <trkpt lat="-7.81271210" lon="111.76014164">
   <ele>2556.283</ele>
  </trkpt>
  <trkpt lat="-7.81277681" lon="111.76017819">
   <ele>2559.647</ele>
  </trkpt>
  <trkpt lat="-7.81283825" lon="111.76017702">
   <ele>2563.012</ele>
  </trkpt>
  <trkpt lat="-7.81295643" lon="111.76019303">
   <ele>2564.454</ele>
  </trkpt>
  <trkpt lat="-7.81302692" lon="111.76017081">
   <ele>2564.935</ele>
  </trkpt>
  <trkpt lat="-7.81314578" lon="111.76012907">
   <ele>2564.454</ele>
  </trkpt>
  <trkpt lat="-7.81324510" lon="111.76012144">
   <ele>2564.935</ele>
  </trkpt>
  <trkpt lat="-7.81339011" lon="111.76013242">
   <ele>2566.857</ele>
  </trkpt>
  <trkpt lat="-7.81350830" lon="111.76016143">
   <ele>2569.741</ele>
  </trkpt>
  <trkpt lat="-7.81361827" lon="111.76016847">
   <ele>2569.261</ele>
  </trkpt>
  <trkpt lat="-7.81368272" lon="111.76016981">
   <ele>2569.741</ele>
  </trkpt>
  <trkpt lat="-7.81372673" lon="111.76014324">
   <ele>2571.664</ele>
  </trkpt>
  <trkpt lat="-7.81376872" lon="111.76014651">
   <ele>2572.625</ele>
  </trkpt>
  <trkpt lat="-7.81377040" lon="111.76014315">
   <ele>2572.625</ele>
  </trkpt>
  <trkpt lat="-7.81376319" lon="111.76014282">
   <ele>2572.625</ele>
  </trkpt>
  <trkpt lat="-7.81383326" lon="111.76010485">
   <ele>2572.145</ele>
  </trkpt>
  <trkpt lat="-7.81386008" lon="111.76005766">
   <ele>2570.222</ele>
  </trkpt>
  <trkpt lat="-7.81392504" lon="111.76001089">
   <ele>2567.338</ele>
  </trkpt>
  <trkpt lat="-7.81398322" lon="111.76000427">
   <ele>2564.454</ele>
  </trkpt>
  <trkpt lat="-7.81404013" lon="111.75997635">
   <ele>2561.09</ele>
  </trkpt>
  <trkpt lat="-7.81405471" lon="111.75996252">
   <ele>2560.128</ele>
  </trkpt>
  <trkpt lat="-7.81409226" lon="111.75993327">
   <ele>2556.764</ele>
  </trkpt>
  <trkpt lat="-7.81414867" lon="111.75989354">
   <ele>2555.322</ele>
  </trkpt>
  <trkpt lat="-7.81417910" lon="111.75988306">
   <ele>2554.36</ele>
  </trkpt>
  <trkpt lat="-7.81423878" lon="111.75985976">
   <ele>2550.515</ele>
  </trkpt>
  <trkpt lat="-7.81431296" lon="111.75981676">
   <ele>2547.15</ele>
  </trkpt>
  <trkpt lat="-7.81437792" lon="111.75979338">
   <ele>2543.786</ele>
  </trkpt>
  <trkpt lat="-7.81446425" lon="111.75975281">
   <ele>2541.863</ele>
  </trkpt>
  <trkpt lat="-7.81452720" lon="111.75971190">
   <ele>2538.979</ele>
  </trkpt>
  <trkpt lat="-7.81458579" lon="111.75971073">
   <ele>2536.576</ele>
  </trkpt>
  <trkpt lat="-7.81465360" lon="111.75969975">
   <ele>2533.211</ele>
  </trkpt>
  <trkpt lat="-7.81475913" lon="111.75964259">
   <ele>2532.73</ele>
  </trkpt>
  <trkpt lat="-7.81481361" lon="111.75964259">
   <ele>2530.808</ele>
  </trkpt>
  <trkpt lat="-7.81490388" lon="111.75961048">
   <ele>2530.327</ele>
  </trkpt>
  <trkpt lat="-7.81504286" lon="111.75960747">
   <ele>2528.405</ele>
  </trkpt>
  <trkpt lat="-7.81510144" lon="111.75960034">
   <ele>2527.443</ele>
  </trkpt>
  <trkpt lat="-7.81514201" lon="111.75955273">
   <ele>2524.079</ele>
  </trkpt>
  <trkpt lat="-7.81520421" lon="111.75953647">
   <ele>2523.117</ele>
  </trkpt>
  <trkpt lat="-7.81523530" lon="111.75953136">
   <ele>2523.117</ele>
  </trkpt>
  <trkpt lat="-7.81533404" lon="111.75946170">
   <ele>2521.195</ele>
  </trkpt>
  <trkpt lat="-7.81548936" lon="111.75940521">
   <ele>2519.753</ele>
  </trkpt>
  <trkpt lat="-7.81559975" lon="111.75932609">
   <ele>2519.272</ele>
  </trkpt>
  <trkpt lat="-7.81568072" lon="111.75932189">
   <ele>2520.714</ele>
  </trkpt>
  <trkpt lat="-7.81582003" lon="111.75931050">
   <ele>2521.675</ele>
  </trkpt>
  <trkpt lat="-7.81592463" lon="111.75932273">
   <ele>2522.637</ele>
  </trkpt>
  <trkpt lat="-7.81599521" lon="111.75931737">
   <ele>2526.001</ele>
  </trkpt>
  <trkpt lat="-7.81608640" lon="111.75934092">
   <ele>2527.924</ele>
  </trkpt>
  <trkpt lat="-7.81618858" lon="111.75934000">
   <ele>2530.327</ele>
  </trkpt>
  <trkpt lat="-7.81627961" lon="111.75932391">
   <ele>2533.211</ele>
  </trkpt>
  <trkpt lat="-7.81637440" lon="111.75934670">
   <ele>2535.134</ele>
  </trkpt>
  <trkpt lat="-7.81642000" lon="111.75932231">
   <ele>2537.056</ele>
  </trkpt>
  <trkpt lat="-7.81647943" lon="111.75930723">
   <ele>2537.056</ele>
  </trkpt>
  <trkpt lat="-7.81656384" lon="111.75930119">
   <ele>2537.537</ele>
  </trkpt>
  <trkpt lat="-7.81666475" lon="111.75930773">
   <ele>2537.056</ele>
  </trkpt>
  <trkpt lat="-7.81672091" lon="111.75925182">
   <ele>2534.653</ele>
  </trkpt>
  <trkpt lat="-7.81673734" lon="111.75921025">
   <ele>2532.25</ele>
  </trkpt>
  <trkpt lat="-7.81682434" lon="111.75915090">
   <ele>2530.327</ele>
  </trkpt>
  <trkpt lat="-7.81689148" lon="111.75911545">
   <ele>2526.963</ele>
  </trkpt>
  <trkpt lat="-7.81697463" lon="111.75905275">
   <ele>2524.079</ele>
  </trkpt>
  <trkpt lat="-7.81702065" lon="111.75900673">
   <ele>2523.117</ele>
  </trkpt>
  <trkpt lat="-7.81708896" lon="111.75887933">
   <ele>2520.714</ele>
  </trkpt>
  <trkpt lat="-7.81712383" lon="111.75882351">
   <ele>2520.233</ele>
  </trkpt>
  <trkpt lat="-7.81720589" lon="111.75876198">
   <ele>2519.753</ele>
  </trkpt>
  <trkpt lat="-7.81727202" lon="111.75869920">
   <ele>2519.753</ele>
  </trkpt>
  <trkpt lat="-7.81734352" lon="111.75863039">
   <ele>2520.233</ele>
  </trkpt>
  <trkpt lat="-7.81744419" lon="111.75857440">
   <ele>2523.117</ele>
  </trkpt>
  <trkpt lat="-7.81750889" lon="111.75855327">
   <ele>2524.56</ele>
  </trkpt>
  <trkpt lat="-7.81759380" lon="111.75851530">
   <ele>2525.521</ele>
  </trkpt>
  <trkpt lat="-7.81768550" lon="111.75849058">
   <ele>2526.482</ele>
  </trkpt>
  <trkpt lat="-7.81772012" lon="111.75844029">
   <ele>2526.963</ele>
  </trkpt>
  <trkpt lat="-7.81782875" lon="111.75835764">
   <ele>2527.443</ele>
  </trkpt>
  <trkpt lat="-7.81791634" lon="111.75833618">
   <ele>2528.405</ele>
  </trkpt>
  <trkpt lat="-7.81798708" lon="111.75828413">
   <ele>2527.924</ele>
  </trkpt>
  <trkpt lat="-7.81807124" lon="111.75825899">
   <ele>2528.405</ele>
  </trkpt>
  <trkpt lat="-7.81813435" lon="111.75822093">
   <ele>2527.924</ele>
  </trkpt>
  <trkpt lat="-7.81823326" lon="111.75816092">
   <ele>2528.405</ele>
  </trkpt>
  <trkpt lat="-7.81830199" lon="111.75813066">
   <ele>2528.885</ele>
  </trkpt>
  <trkpt lat="-7.81836838" lon="111.75809143">
   <ele>2529.366</ele>
  </trkpt>
  <trkpt lat="-7.81844758" lon="111.75803737">
   <ele>2530.327</ele>
  </trkpt>
  <trkpt lat="-7.81852042" lon="111.75800703">
   <ele>2531.289</ele>
  </trkpt>
  <trkpt lat="-7.81858404" lon="111.75798515">
   <ele>2534.173</ele>
  </trkpt>
  <trkpt lat="-7.81861916" lon="111.75795062">
   <ele>2535.134</ele>
  </trkpt>
  <trkpt lat="-7.81870139" lon="111.75792656">
   <ele>2537.056</ele>
  </trkpt>
  <trkpt lat="-7.81875461" lon="111.75789831">
   <ele>2538.499</ele>
  </trkpt>
  <trkpt lat="-7.81882619" lon="111.75787065">
   <ele>2539.46</ele>
  </trkpt>
  <trkpt lat="-7.81887800" lon="111.75782036">
   <ele>2541.863</ele>
  </trkpt>
  <trkpt lat="-7.81893214" lon="111.75779413">
   <ele>2544.266</ele>
  </trkpt>
  <trkpt lat="-7.81897279" lon="111.75777954">
   <ele>2545.708</ele>
  </trkpt>
  <trkpt lat="-7.81902392" lon="111.75776185">
   <ele>2548.112</ele>
  </trkpt>
  <trkpt lat="-7.81908109" lon="111.75773386">
   <ele>2550.515</ele>
  </trkpt>
  <trkpt lat="-7.81913457" lon="111.75770938">
   <ele>2551.476</ele>
  </trkpt>
  <trkpt lat="-7.81918477" lon="111.75767309">
   <ele>2553.399</ele>
  </trkpt>
  <trkpt lat="-7.81926214" lon="111.75764308">
   <ele>2553.88</ele>
  </trkpt>
  <trkpt lat="-7.81929768" lon="111.75761081">
   <ele>2554.841</ele>
  </trkpt>
  <trkpt lat="-7.81932316" lon="111.75757184">
   <ele>2556.764</ele>
  </trkpt>
  <trkpt lat="-7.81935082" lon="111.75753806">
   <ele>2557.244</ele>
  </trkpt>
  <trkpt lat="-7.81939164" lon="111.75753127">
   <ele>2558.206</ele>
  </trkpt>
  <trkpt lat="-7.81945417" lon="111.75755407">
   <ele>2560.128</ele>
  </trkpt>
  <trkpt lat="-7.81948828" lon="111.75751953">
   <ele>2560.609</ele>
  </trkpt>
  <trkpt lat="-7.81949700" lon="111.75748601">
   <ele>2561.57</ele>
  </trkpt>
  <trkpt lat="-7.81956104" lon="111.75742457">
   <ele>2563.973</ele>
  </trkpt>
  <trkpt lat="-7.81960999" lon="111.75740127">
   <ele>2564.935</ele>
  </trkpt>
  <trkpt lat="-7.81964209" lon="111.75740680">
   <ele>2564.935</ele>
  </trkpt>
  <trkpt lat="-7.81970856" lon="111.75737780">
   <ele>2564.935</ele>
  </trkpt>
  <trkpt lat="-7.81977494" lon="111.75734846">
   <ele>2565.896</ele>
  </trkpt>
  <trkpt lat="-7.81981090" lon="111.75730437">
   <ele>2566.377</ele>
  </trkpt>
  <trkpt lat="-7.81985717" lon="111.75728224">
   <ele>2567.338</ele>
  </trkpt>
  <trkpt lat="-7.81989732" lon="111.75723271">
   <ele>2568.299</ele>
  </trkpt>
  <trkpt lat="-7.81993772" lon="111.75719541">
   <ele>2569.261</ele>
  </trkpt>
  <trkpt lat="-7.81999161" lon="111.75713774">
   <ele>2570.222</ele>
  </trkpt>
  <trkpt lat="-7.82001894" lon="111.75706984">
   <ele>2571.664</ele>
  </trkpt>
  <trkpt lat="-7.82005825" lon="111.75699566">
   <ele>2572.145</ele>
  </trkpt>
  <trkpt lat="-7.82014869" lon="111.75695954">
   <ele>2574.548</ele>
  </trkpt>
  <trkpt lat="-7.82022413" lon="111.75696708">
   <ele>2575.99</ele>
  </trkpt>
  <trkpt lat="-7.82025875" lon="111.75692484">
   <ele>2575.99</ele>
  </trkpt>
  <trkpt lat="-7.82030367" lon="111.75689726">
   <ele>2575.99</ele>
  </trkpt>
  <trkpt lat="-7.82036000" lon="111.75685946">
   <ele>2577.913</ele>
  </trkpt>
  <trkpt lat="-7.82042194" lon="111.75684907">
   <ele>2577.913</ele>
  </trkpt>
  <trkpt lat="-7.82043720" lon="111.75680950">
   <ele>2576.471</ele>
  </trkpt>
  <trkpt lat="-7.82042312" lon="111.75678981">
   <ele>2575.509</ele>
  </trkpt>
  <trkpt lat="-7.82047726" lon="111.75669467">
   <ele>2573.106</ele>
  </trkpt>
  <trkpt lat="-7.82052143" lon="111.75666852">
   <ele>2571.664</ele>
  </trkpt>
  <trkpt lat="-7.82056527" lon="111.75662871">
   <ele>2571.183</ele>
  </trkpt>
  <trkpt lat="-7.82061380" lon="111.75656886">
   <ele>2568.78</ele>
  </trkpt>
  <trkpt lat="-7.82065127" lon="111.75650817">
   <ele>2567.338</ele>
  </trkpt>
  <trkpt lat="-7.82070919" lon="111.75645738">
   <ele>2564.935</ele>
  </trkpt>
  <trkpt lat="-7.82075956" lon="111.75639678">
   <ele>2563.012</ele>
  </trkpt>
  <trkpt lat="-7.82079108" lon="111.75632696">
   <ele>2560.128</ele>
  </trkpt>
  <trkpt lat="-7.82085897" lon="111.75626778">
   <ele>2557.244</ele>
  </trkpt>
  <trkpt lat="-7.82090885" lon="111.75620508">
   <ele>2555.322</ele>
  </trkpt>
  <trkpt lat="-7.82095067" lon="111.75616980">
   <ele>2554.36</ele>
  </trkpt>
  <trkpt lat="-7.82103173" lon="111.75612009">
   <ele>2551.957</ele>
  </trkpt>
  <trkpt lat="-7.82107213" lon="111.75606888">
   <ele>2550.515</ele>
  </trkpt>
  <trkpt lat="-7.82114421" lon="111.75598456">
   <ele>2547.15</ele>
  </trkpt>
  <trkpt lat="-7.82121185" lon="111.75591398">
   <ele>2545.228</ele>
  </trkpt>
  <trkpt lat="-7.82119785" lon="111.75584324">
   <ele>2543.305</ele>
  </trkpt>
  <trkpt lat="-7.82125016" lon="111.75575942">
   <ele>2540.421</ele>
  </trkpt>
  <trkpt lat="-7.82128545" lon="111.75565213">
   <ele>2537.537</ele>
  </trkpt>
  <trkpt lat="-7.82136105" lon="111.75562095">
   <ele>2536.576</ele>
  </trkpt>
  <trkpt lat="-7.82140028" lon="111.75554249">
   <ele>2533.692</ele>
  </trkpt>
  <trkpt lat="-7.82143339" lon="111.75547686">
   <ele>2530.808</ele>
  </trkpt>
  <trkpt lat="-7.82142224" lon="111.75545272">
   <ele>2530.327</ele>
  </trkpt>
  <trkpt lat="-7.82144638" lon="111.75542439">
   <ele>2528.885</ele>
  </trkpt>
  <trkpt lat="-7.82144998" lon="111.75539472">
   <ele>2526.482</ele>
  </trkpt>
  <trkpt lat="-7.82149407" lon="111.75533529">
   <ele>2523.117</ele>
  </trkpt>
  <trkpt lat="-7.82152433" lon="111.75526639">
   <ele>2519.753</ele>
  </trkpt>
  <trkpt lat="-7.82152668" lon="111.75523521">
   <ele>2518.792</ele>
  </trkpt>
  <trkpt lat="-7.82154453" lon="111.75519146">
   <ele>2515.427</ele>
  </trkpt>
  <trkpt lat="-7.82155300" lon="111.75511778">
   <ele>2512.543</ele>
  </trkpt>
  <trkpt lat="-7.82156833" lon="111.75503019">
   <ele>2509.178</ele>
  </trkpt>
  <trkpt lat="-7.82156456" lon="111.75498057">
   <ele>2507.736</ele>
  </trkpt>
  <trkpt lat="-7.82155551" lon="111.75494721">
   <ele>2507.256</ele>
  </trkpt>
  <trkpt lat="-7.82157278" lon="111.75487563">
   <ele>2505.333</ele>
  </trkpt>
  <trkpt lat="-7.82160454" lon="111.75483976">
   <ele>2502.449</ele>
  </trkpt>
  <trkpt lat="-7.82158753" lon="111.75477111">
   <ele>2499.084</ele>
  </trkpt>
  <trkpt lat="-7.82159071" lon="111.75467111">
   <ele>2496.201</ele>
  </trkpt>
  <trkpt lat="-7.82159356" lon="111.75461940">
   <ele>2494.759</ele>
  </trkpt>
  <trkpt lat="-7.82166858" lon="111.75451454">
   <ele>2491.394</ele>
  </trkpt>
  <trkpt lat="-7.82171401" lon="111.75441815">
   <ele>2488.51</ele>
  </trkpt>
  <trkpt lat="-7.82176682" lon="111.75436031">
   <ele>2486.587</ele>
  </trkpt>
  <trkpt lat="-7.82181099" lon="111.75430633">
   <ele>2484.665</ele>
  </trkpt>
  <trkpt lat="-7.82184544" lon="111.75420776">
   <ele>2482.261</ele>
  </trkpt>
  <trkpt lat="-7.82191786" lon="111.75411908">
   <ele>2480.339</ele>
  </trkpt>
  <trkpt lat="-7.82193982" lon="111.75401028">
   <ele>2477.936</ele>
  </trkpt>
  <trkpt lat="-7.82196488" lon="111.75396787">
   <ele>2477.455</ele>
  </trkpt>
  <trkpt lat="-7.82198709" lon="111.75384591">
   <ele>2476.013</ele>
  </trkpt>
  <trkpt lat="-7.82209195" lon="111.75375916">
   <ele>2475.532</ele>
  </trkpt>
  <trkpt lat="-7.82213244" lon="111.75372270">
   <ele>2475.051</ele>
  </trkpt>
  <trkpt lat="-7.82218558" lon="111.75364743">
   <ele>2475.532</ele>
  </trkpt>
  <trkpt lat="-7.82224325" lon="111.75358691">
   <ele>2474.571</ele>
  </trkpt>
  <trkpt lat="-7.82229505" lon="111.75354500">
   <ele>2475.532</ele>
  </trkpt>
  <trkpt lat="-7.82233167" lon="111.75349949">
   <ele>2476.013</ele>
  </trkpt>
  <trkpt lat="-7.82242438" lon="111.75338709">
   <ele>2478.416</ele>
  </trkpt>
  <trkpt lat="-7.82247760" lon="111.75332984">
   <ele>2480.82</ele>
  </trkpt>
  <trkpt lat="-7.82250644" lon="111.75325189">
   <ele>2482.742</ele>
  </trkpt>
  <trkpt lat="-7.82253142" lon="111.75318064">
   <ele>2485.145</ele>
  </trkpt>
  <trkpt lat="-7.82259059" lon="111.75306229">
   <ele>2487.549</ele>
  </trkpt>
  <trkpt lat="-7.82260685" lon="111.75302650">
   <ele>2489.471</ele>
  </trkpt>
  <trkpt lat="-7.82262932" lon="111.75300127">
   <ele>2489.952</ele>
  </trkpt>
  <trkpt lat="-7.82265899" lon="111.75297252">
   <ele>2491.875</ele>
  </trkpt>
  <trkpt lat="-7.82271515" lon="111.75287437">
   <ele>2494.759</ele>
  </trkpt>
  <trkpt lat="-7.82275312" lon="111.75290672">
   <ele>2494.759</ele>
  </trkpt>
  <trkpt lat="-7.82280567" lon="111.75284520">
   <ele>2495.72</ele>
  </trkpt>
  <trkpt lat="-7.82284766" lon="111.75278870">
   <ele>2498.123</ele>
  </trkpt>
  <trkpt lat="-7.82289058" lon="111.75275610">
   <ele>2499.084</ele>
  </trkpt>
  <trkpt lat="-7.82294196" lon="111.75271880">
   <ele>2501.488</ele>
  </trkpt>
  <trkpt lat="-7.82296719" lon="111.75263674">
   <ele>2504.852</ele>
  </trkpt>
  <trkpt lat="-7.82298898" lon="111.75259693">
   <ele>2506.775</ele>
  </trkpt>
  <trkpt lat="-7.82300994" lon="111.75256608">
   <ele>2508.698</ele>
  </trkpt>
  <trkpt lat="-7.82309284" lon="111.75253490">
   <ele>2511.582</ele>
  </trkpt>
  <trkpt lat="-7.82311203" lon="111.75250095">
   <ele>2513.504</ele>
  </trkpt>
  <trkpt lat="-7.82314413" lon="111.75247061">
   <ele>2515.427</ele>
  </trkpt>
  <trkpt lat="-7.82314531" lon="111.75246240">
   <ele>2515.427</ele>
  </trkpt>
  <trkpt lat="-7.82317976" lon="111.75241948">
   <ele>2518.792</ele>
  </trkpt>
  <trkpt lat="-7.82322762" lon="111.75236207">
   <ele>2521.675</ele>
  </trkpt>
  <trkpt lat="-7.82332594" lon="111.75233927">
   <ele>2525.04</ele>
  </trkpt>
  <trkpt lat="-7.82335921" lon="111.75230524">
   <ele>2528.405</ele>
  </trkpt>
  <trkpt lat="-7.82340623" lon="111.75229878">
   <ele>2531.769</ele>
  </trkpt>
  <trkpt lat="-7.82340766" lon="111.75229979">
   <ele>2534.653</ele>
  </trkpt>
  <trkpt lat="-7.82348595" lon="111.75229057">
   <ele>2536.576</ele>
  </trkpt>
  <trkpt lat="-7.82353247" lon="111.75225134">
   <ele>2539.94</ele>
  </trkpt>
  <trkpt lat="-7.82357329" lon="111.75221169">
   <ele>2542.344</ele>
  </trkpt>
  <trkpt lat="-7.82357102" lon="111.75219459">
   <ele>2545.708</ele>
  </trkpt>
  <trkpt lat="-7.82366230" lon="111.75214162">
   <ele>2548.592</ele>
  </trkpt>
  <trkpt lat="-7.82374637" lon="111.75210348">
   <ele>2551.957</ele>
  </trkpt>
  <trkpt lat="-7.82380471" lon="111.75207431">
   <ele>2554.841</ele>
  </trkpt>
  <trkpt lat="-7.82389121" lon="111.75204674">
   <ele>2558.206</ele>
  </trkpt>
  <trkpt lat="-7.82394754" lon="111.75202704">
   <ele>2561.09</ele>
  </trkpt>
  <trkpt lat="-7.82396405" lon="111.75200650">
   <ele>2562.051</ele>
  </trkpt>
  <trkpt lat="-7.82399707" lon="111.75202863">
   <ele>2563.012</ele>
  </trkpt>
  <trkpt lat="-7.82404494" lon="111.75201614">
   <ele>2563.012</ele>
  </trkpt>
  <trkpt lat="-7.82405776" lon="111.75196300">
   <ele>2564.454</ele>
  </trkpt>
  <trkpt lat="-7.82408425" lon="111.75191992">
   <ele>2565.416</ele>
  </trkpt>
  <trkpt lat="-7.82409850" lon="111.75184985">
   <ele>2564.454</ele>
  </trkpt>
  <trkpt lat="-7.82414527" lon="111.75181523">
   <ele>2564.935</ele>
  </trkpt>
  <trkpt lat="-7.82414426" lon="111.75167835">
   <ele>2565.896</ele>
  </trkpt>
  <trkpt lat="-7.82421878" lon="111.75160484">
   <ele>2565.416</ele>
  </trkpt>
  <trkpt lat="-7.82428809" lon="111.75157559">
   <ele>2565.896</ele>
  </trkpt>
  <trkpt lat="-7.82432900" lon="111.75152781">
   <ele>2569.261</ele>
  </trkpt>
  <trkpt lat="-7.82433017" lon="111.75150753">
   <ele>2570.222</ele>
  </trkpt>
 </trkseg>
</trk>
 <extensions>
 </extensions>
</gpx>
