<?xml version="1.0" encoding="UTF-8" standalone="yes"?>
<gpx
 version="1.1"
 creator="Global Mapper - http://www.globalmapper.com"
 xmlns:globalmapper="http://www.bluemarblegeo.com/globalmapper"
 xmlns:xsi="http://www.w3.org/2001/XMLSchema-instance"
 xmlns="http://www.topografix.com/GPX/1/1"
 xsi:schemaLocation="http://www.topografix.com/GPX/1/1 http://www.topografix.com/GPX/1/1/gpx.xsd">
 <metadata>
 </metadata>
<wpt lat="-1.05461919" lon="119.84018759">
 <name>Air8</name>
</wpt>
<wpt lat="-1.06594666" lon="119.82321683">
 <name>Aor</name>
</wpt>
<wpt lat="-1.05548730" lon="119.84523626">
 <name>Dusun Tiga</name>
</wpt>
<wpt lat="-1.05313442" lon="119.84311170">
 <name>Kebun</name>
</wpt>
<wpt lat="-1.06034998" lon="119.82984181">
 <name>Pintu Rimba Bulu Nti</name>
</wpt>
<wpt lat="-1.05875381" lon="119.84066737">
 <name>Pondok2</name>
</wpt>
<wpt lat="-1.05984891" lon="119.83267313">
 <name>Pos 3 Bulu Nti</name>
</wpt>
<wpt lat="-1.07024113" lon="119.81346214">
 <name>Pos 4 Bulu Nti</name>
</wpt>
<wpt lat="-1.08070333" lon="119.80629176">
 <name>Pos 5 Bulu Nti</name>
</wpt>
<wpt lat="-1.08682539" lon="119.80069483">
 <name>Puncak Bulu Nti</name>
</wpt>
<wpt lat="-1.04945669" lon="119.86069928">
 <name>Start Balumpewa</name>
</wpt>
<trk>
 <name>Track 444</name>
 <trkseg>
  <trkpt lat="-1.04954805" lon="119.86065360"></trkpt>
  <trkpt lat="-1.04950237" lon="119.86065360"></trkpt>
  <trkpt lat="-1.04945669" lon="119.86067648"></trkpt>
  <trkpt lat="-1.04945669" lon="119.86069928"></trkpt>
  <trkpt lat="-1.04950237" lon="119.86069928"></trkpt>
  <trkpt lat="-1.04950237" lon="119.86072216"></trkpt>
  <trkpt lat="-1.04950237" lon="119.86065360"></trkpt>
  <trkpt lat="-1.04954805" lon="119.86065360"></trkpt>
  <trkpt lat="-1.04952517" lon="119.86065360"></trkpt>
  <trkpt lat="-1.04947949" lon="119.86067648"></trkpt>
  <trkpt lat="-1.04947949" lon="119.86069928"></trkpt>
  <trkpt lat="-1.04950237" lon="119.86069928"></trkpt>
  <trkpt lat="-1.04954805" lon="119.86065360"></trkpt>
  <trkpt lat="-1.04957085" lon="119.86065360"></trkpt>
  <trkpt lat="-1.04957085" lon="119.86067648"></trkpt>
  <trkpt lat="-1.04957085" lon="119.86065360"></trkpt>
  <trkpt lat="-1.04957085" lon="119.86067648"></trkpt>
  <trkpt lat="-1.04954805" lon="119.86065360"></trkpt>
  <trkpt lat="-1.04957085" lon="119.86065360"></trkpt>
  <trkpt lat="-1.04954805" lon="119.86063072"></trkpt>
  <trkpt lat="-1.04954805" lon="119.86065360"></trkpt>
  <trkpt lat="-1.04954805" lon="119.86067648"></trkpt>
  <trkpt lat="-1.04952517" lon="119.86067648"></trkpt>
  <trkpt lat="-1.04950237" lon="119.86067648"></trkpt>
  <trkpt lat="-1.04947949" lon="119.86067648"></trkpt>
  <trkpt lat="-1.04952517" lon="119.86067648"></trkpt>
  <trkpt lat="-1.04957085" lon="119.86065360"></trkpt>
  <trkpt lat="-1.04959373" lon="119.86065360"></trkpt>
  <trkpt lat="-1.04957085" lon="119.86067648"></trkpt>
  <trkpt lat="-1.04954805" lon="119.86067648"></trkpt>
  <trkpt lat="-1.04952517" lon="119.86065360"></trkpt>
  <trkpt lat="-1.04954805" lon="119.86067648"></trkpt>
  <trkpt lat="-1.04954805" lon="119.86065360"></trkpt>
  <trkpt lat="-1.04952517" lon="119.86067648"></trkpt>
  <trkpt lat="-1.04954805" lon="119.86067648"></trkpt>
  <trkpt lat="-1.04952517" lon="119.86067648"></trkpt>
  <trkpt lat="-1.04954805" lon="119.86065360"></trkpt>
  <trkpt lat="-1.04954805" lon="119.86067648"></trkpt>
  <trkpt lat="-1.04954805" lon="119.86065360"></trkpt>
  <trkpt lat="-1.04957085" lon="119.86067648"></trkpt>
  <trkpt lat="-1.04954805" lon="119.86067648"></trkpt>
  <trkpt lat="-1.04952517" lon="119.86063072"></trkpt>
  <trkpt lat="-1.04952517" lon="119.86056224"></trkpt>
  <trkpt lat="-1.04952517" lon="119.86051655"></trkpt>
  <trkpt lat="-1.04952517" lon="119.86044799"></trkpt>
  <trkpt lat="-1.04952517" lon="119.86033374"></trkpt>
  <trkpt lat="-1.04954805" lon="119.86021958"></trkpt>
  <trkpt lat="-1.04957085" lon="119.86010534"></trkpt>
  <trkpt lat="-1.04957085" lon="119.85999109"></trkpt>
  <trkpt lat="-1.04959373" lon="119.85992253"></trkpt>
  <trkpt lat="-1.04963941" lon="119.85978548"></trkpt>
  <trkpt lat="-1.04963941" lon="119.85969412"></trkpt>
  <trkpt lat="-1.04966221" lon="119.85960276"></trkpt>
  <trkpt lat="-1.04968510" lon="119.85948851"></trkpt>
  <trkpt lat="-1.04970790" lon="119.85939715"></trkpt>
  <trkpt lat="-1.04973078" lon="119.85930579"></trkpt>
  <trkpt lat="-1.04975358" lon="119.85928291"></trkpt>
  <trkpt lat="-1.04979926" lon="119.85919154"></trkpt>
  <trkpt lat="-1.04984494" lon="119.85900882"></trkpt>
  <trkpt lat="-1.04984494" lon="119.85889457"></trkpt>
  <trkpt lat="-1.04986782" lon="119.85880321"></trkpt>
  <trkpt lat="-1.04989070" lon="119.85871176"></trkpt>
  <trkpt lat="-1.04989070" lon="119.85864328"></trkpt>
  <trkpt lat="-1.04991350" lon="119.85852904"></trkpt>
  <trkpt lat="-1.04993639" lon="119.85839199"></trkpt>
  <trkpt lat="-1.04995918" lon="119.85827775"></trkpt>
  <trkpt lat="-1.04995918" lon="119.85818638"></trkpt>
  <trkpt lat="-1.05000487" lon="119.85802646"></trkpt>
  <trkpt lat="-1.05000487" lon="119.85798078"></trkpt>
  <trkpt lat="-1.05007343" lon="119.85798078"></trkpt>
  <trkpt lat="-1.05021047" lon="119.85800358"></trkpt>
  <trkpt lat="-1.05025616" lon="119.85804934"></trkpt>
  <trkpt lat="-1.05037040" lon="119.85811782"></trkpt>
  <trkpt lat="-1.05043888" lon="119.85818638"></trkpt>
  <trkpt lat="-1.05048456" lon="119.85823207"></trkpt>
  <trkpt lat="-1.05057593" lon="119.85832343"></trkpt>
  <trkpt lat="-1.05059881" lon="119.85834631"></trkpt>
  <trkpt lat="-1.05071305" lon="119.85846047"></trkpt>
  <trkpt lat="-1.05080442" lon="119.85857472"></trkpt>
  <trkpt lat="-1.05085010" lon="119.85862040"></trkpt>
  <trkpt lat="-1.05096426" lon="119.85873464"></trkpt>
  <trkpt lat="-1.05103282" lon="119.85882601"></trkpt>
  <trkpt lat="-1.05112419" lon="119.85894025"></trkpt>
  <trkpt lat="-1.05123843" lon="119.85907730"></trkpt>
  <trkpt lat="-1.05128411" lon="119.85910018"></trkpt>
  <trkpt lat="-1.05135268" lon="119.85910018"></trkpt>
  <trkpt lat="-1.05139836" lon="119.85910018"></trkpt>
  <trkpt lat="-1.05146684" lon="119.85903162"></trkpt>
  <trkpt lat="-1.05155820" lon="119.85894025"></trkpt>
  <trkpt lat="-1.05162676" lon="119.85882601"></trkpt>
  <trkpt lat="-1.05164956" lon="119.85871176"></trkpt>
  <trkpt lat="-1.05167245" lon="119.85862040"></trkpt>
  <trkpt lat="-1.05169524" lon="119.85855192"></trkpt>
  <trkpt lat="-1.05178669" lon="119.85850615"></trkpt>
  <trkpt lat="-1.05187805" lon="119.85848336"></trkpt>
  <trkpt lat="-1.05201510" lon="119.85846047"></trkpt>
  <trkpt lat="-1.05215214" lon="119.85848336"></trkpt>
  <trkpt lat="-1.05226639" lon="119.85852904"></trkpt>
  <trkpt lat="-1.05231207" lon="119.85855192"></trkpt>
  <trkpt lat="-1.05240343" lon="119.85859760"></trkpt>
  <trkpt lat="-1.05251768" lon="119.85862040"></trkpt>
  <trkpt lat="-1.05263184" lon="119.85866608"></trkpt>
  <trkpt lat="-1.05272320" lon="119.85866608"></trkpt>
  <trkpt lat="-1.05276888" lon="119.85859760"></trkpt>
  <trkpt lat="-1.05279176" lon="119.85852904"></trkpt>
  <trkpt lat="-1.05283745" lon="119.85848336"></trkpt>
  <trkpt lat="-1.05288313" lon="119.85839199"></trkpt>
  <trkpt lat="-1.05292881" lon="119.85832343"></trkpt>
  <trkpt lat="-1.05295169" lon="119.85825486"></trkpt>
  <trkpt lat="-1.05302017" lon="119.85818638"></trkpt>
  <trkpt lat="-1.05311153" lon="119.85816350"></trkpt>
  <trkpt lat="-1.05320298" lon="119.85814070"></trkpt>
  <trkpt lat="-1.05327146" lon="119.85818638"></trkpt>
  <trkpt lat="-1.05334003" lon="119.85827775"></trkpt>
  <trkpt lat="-1.05338571" lon="119.85834631"></trkpt>
  <trkpt lat="-1.05345419" lon="119.85841479"></trkpt>
  <trkpt lat="-1.05349987" lon="119.85846047"></trkpt>
  <trkpt lat="-1.05354555" lon="119.85848336"></trkpt>
  <trkpt lat="-1.05361411" lon="119.85852904"></trkpt>
  <trkpt lat="-1.05368268" lon="119.85857472"></trkpt>
  <trkpt lat="-1.05372836" lon="119.85868896"></trkpt>
  <trkpt lat="-1.05377404" lon="119.85873464"></trkpt>
  <trkpt lat="-1.05379684" lon="119.85873464"></trkpt>
  <trkpt lat="-1.05391108" lon="119.85873464"></trkpt>
  <trkpt lat="-1.05397965" lon="119.85866608"></trkpt>
  <trkpt lat="-1.05404813" lon="119.85857472"></trkpt>
  <trkpt lat="-1.05407101" lon="119.85848336"></trkpt>
  <trkpt lat="-1.05411669" lon="119.85839199"></trkpt>
  <trkpt lat="-1.05411669" lon="119.85830063"></trkpt>
  <trkpt lat="-1.05409381" lon="119.85823207"></trkpt>
  <trkpt lat="-1.05402533" lon="119.85818638"></trkpt>
  <trkpt lat="-1.05397965" lon="119.85814070"></trkpt>
  <trkpt lat="-1.05391108" lon="119.85802646"></trkpt>
  <trkpt lat="-1.05388820" lon="119.85795789"></trkpt>
  <trkpt lat="-1.05386540" lon="119.85786653"></trkpt>
  <trkpt lat="-1.05384252" lon="119.85782085"></trkpt>
  <trkpt lat="-1.05388820" lon="119.85777517"></trkpt>
  <trkpt lat="-1.05395677" lon="119.85782085"></trkpt>
  <trkpt lat="-1.05402533" lon="119.85786653"></trkpt>
  <trkpt lat="-1.05413949" lon="119.85786653"></trkpt>
  <trkpt lat="-1.05418517" lon="119.85779805"></trkpt>
  <trkpt lat="-1.05413949" lon="119.85775229"></trkpt>
  <trkpt lat="-1.05411669" lon="119.85770660"></trkpt>
  <trkpt lat="-1.05418517" lon="119.85766092"></trkpt>
  <trkpt lat="-1.05420806" lon="119.85768381"></trkpt>
  <trkpt lat="-1.05427654" lon="119.85770660"></trkpt>
  <trkpt lat="-1.05439078" lon="119.85775229"></trkpt>
  <trkpt lat="-1.05448214" lon="119.85775229"></trkpt>
  <trkpt lat="-1.05448214" lon="119.85772949"></trkpt>
  <trkpt lat="-1.05450503" lon="119.85770660"></trkpt>
  <trkpt lat="-1.05457351" lon="119.85768381"></trkpt>
  <trkpt lat="-1.05464207" lon="119.85763812"></trkpt>
  <trkpt lat="-1.05471055" lon="119.85756956"></trkpt>
  <trkpt lat="-1.05480200" lon="119.85752388"></trkpt>
  <trkpt lat="-1.05489336" lon="119.85747820"></trkpt>
  <trkpt lat="-1.05496184" lon="119.85745532"></trkpt>
  <trkpt lat="-1.05500752" lon="119.85740963"></trkpt>
  <trkpt lat="-1.05503040" lon="119.85736395"></trkpt>
  <trkpt lat="-1.05498472" lon="119.85731827"></trkpt>
  <trkpt lat="-1.05496184" lon="119.85727259"></trkpt>
  <trkpt lat="-1.05489336" lon="119.85722691"></trkpt>
  <trkpt lat="-1.05482480" lon="119.85718123"></trkpt>
  <trkpt lat="-1.05473343" lon="119.85711266"></trkpt>
  <trkpt lat="-1.05464207" lon="119.85704410"></trkpt>
  <trkpt lat="-1.05455071" lon="119.85699842"></trkpt>
  <trkpt lat="-1.05448214" lon="119.85697562"></trkpt>
  <trkpt lat="-1.05443646" lon="119.85690705"></trkpt>
  <trkpt lat="-1.05436798" lon="119.85688426"></trkpt>
  <trkpt lat="-1.05427654" lon="119.85683849"></trkpt>
  <trkpt lat="-1.05423085" lon="119.85679281"></trkpt>
  <trkpt lat="-1.05420806" lon="119.85679281"></trkpt>
  <trkpt lat="-1.05416237" lon="119.85677001"></trkpt>
  <trkpt lat="-1.05413949" lon="119.85674713"></trkpt>
  <trkpt lat="-1.05409381" lon="119.85670145"></trkpt>
  <trkpt lat="-1.05402533" lon="119.85667865"></trkpt>
  <trkpt lat="-1.05397965" lon="119.85667865"></trkpt>
  <trkpt lat="-1.05393388" lon="119.85663297"></trkpt>
  <trkpt lat="-1.05391108" lon="119.85661008"></trkpt>
  <trkpt lat="-1.05393388" lon="119.85661008"></trkpt>
  <trkpt lat="-1.05395677" lon="119.85658720"></trkpt>
  <trkpt lat="-1.05400245" lon="119.85654152"></trkpt>
  <trkpt lat="-1.05409381" lon="119.85647304"></trkpt>
  <trkpt lat="-1.05416237" lon="119.85647304"></trkpt>
  <trkpt lat="-1.05425374" lon="119.85645016"></trkpt>
  <trkpt lat="-1.05434510" lon="119.85642736"></trkpt>
  <trkpt lat="-1.05441366" lon="119.85647304"></trkpt>
  <trkpt lat="-1.05450503" lon="119.85654152"></trkpt>
  <trkpt lat="-1.05459639" lon="119.85654152"></trkpt>
  <trkpt lat="-1.05468775" lon="119.85654152"></trkpt>
  <trkpt lat="-1.05475632" lon="119.85656440"></trkpt>
  <trkpt lat="-1.05487048" lon="119.85656440"></trkpt>
  <trkpt lat="-1.05498472" lon="119.85656440"></trkpt>
  <trkpt lat="-1.05509897" lon="119.85651872"></trkpt>
  <trkpt lat="-1.05519033" lon="119.85647304"></trkpt>
  <trkpt lat="-1.05528169" lon="119.85642736"></trkpt>
  <trkpt lat="-1.05537306" lon="119.85638168"></trkpt>
  <trkpt lat="-1.05546442" lon="119.85638168"></trkpt>
  <trkpt lat="-1.05555578" lon="119.85635879"></trkpt>
  <trkpt lat="-1.05564714" lon="119.85635879"></trkpt>
  <trkpt lat="-1.05571571" lon="119.85635879"></trkpt>
  <trkpt lat="-1.05580707" lon="119.85633591"></trkpt>
  <trkpt lat="-1.05585275" lon="119.85631311"></trkpt>
  <trkpt lat="-1.05589843" lon="119.85629023"></trkpt>
  <trkpt lat="-1.05594411" lon="119.85624455"></trkpt>
  <trkpt lat="-1.05598980" lon="119.85617607"></trkpt>
  <trkpt lat="-1.05601268" lon="119.85615319"></trkpt>
  <trkpt lat="-1.05601268" lon="119.85613039"></trkpt>
  <trkpt lat="-1.05601268" lon="119.85615319"></trkpt>
  <trkpt lat="-1.05601268" lon="119.85613039"></trkpt>
  <trkpt lat="-1.05598980" lon="119.85608462"></trkpt>
  <trkpt lat="-1.05592132" lon="119.85608462"></trkpt>
  <trkpt lat="-1.05585275" lon="119.85606182"></trkpt>
  <trkpt lat="-1.05580707" lon="119.85601614"></trkpt>
  <trkpt lat="-1.05576139" lon="119.85599326"></trkpt>
  <trkpt lat="-1.05571571" lon="119.85597046"></trkpt>
  <trkpt lat="-1.05567003" lon="119.85594758"></trkpt>
  <trkpt lat="-1.05560146" lon="119.85592478"></trkpt>
  <trkpt lat="-1.05548730" lon="119.85587901"></trkpt>
  <trkpt lat="-1.05544162" lon="119.85583333"></trkpt>
  <trkpt lat="-1.05539585" lon="119.85578765"></trkpt>
  <trkpt lat="-1.05532737" lon="119.85572202"></trkpt>
  <trkpt lat="-1.05528169" lon="119.85569914"></trkpt>
  <trkpt lat="-1.05521313" lon="119.85563066"></trkpt>
  <trkpt lat="-1.05516745" lon="119.85560778"></trkpt>
  <trkpt lat="-1.05512177" lon="119.85558489"></trkpt>
  <trkpt lat="-1.05507609" lon="119.85553921"></trkpt>
  <trkpt lat="-1.05505320" lon="119.85551641"></trkpt>
  <trkpt lat="-1.05500752" lon="119.85547073"></trkpt>
  <trkpt lat="-1.05496184" lon="119.85542505"></trkpt>
  <trkpt lat="-1.05491616" lon="119.85537937"></trkpt>
  <trkpt lat="-1.05493904" lon="119.85531081"></trkpt>
  <trkpt lat="-1.05498472" lon="119.85531081"></trkpt>
  <trkpt lat="-1.05503040" lon="119.85531081"></trkpt>
  <trkpt lat="-1.05507609" lon="119.85531081"></trkpt>
  <trkpt lat="-1.05507609" lon="119.85524224"></trkpt>
  <trkpt lat="-1.05505320" lon="119.85524224"></trkpt>
  <trkpt lat="-1.05500752" lon="119.85517376"></trkpt>
  <trkpt lat="-1.05496184" lon="119.85512800"></trkpt>
  <trkpt lat="-1.05491616" lon="119.85508231"></trkpt>
  <trkpt lat="-1.05489336" lon="119.85503663"></trkpt>
  <trkpt lat="-1.05489336" lon="119.85494527"></trkpt>
  <trkpt lat="-1.05489336" lon="119.85489959"></trkpt>
  <trkpt lat="-1.05489336" lon="119.85483103"></trkpt>
  <trkpt lat="-1.05491616" lon="119.85480823"></trkpt>
  <trkpt lat="-1.05491616" lon="119.85478534"></trkpt>
  <trkpt lat="-1.05489336" lon="119.85471686"></trkpt>
  <trkpt lat="-1.05489336" lon="119.85464830"></trkpt>
  <trkpt lat="-1.05491616" lon="119.85460262"></trkpt>
  <trkpt lat="-1.05491616" lon="119.85451126"></trkpt>
  <trkpt lat="-1.05491616" lon="119.85444269"></trkpt>
  <trkpt lat="-1.05491616" lon="119.85432845"></trkpt>
  <trkpt lat="-1.05489336" lon="119.85428276"></trkpt>
  <trkpt lat="-1.05487048" lon="119.85421428"></trkpt>
  <trkpt lat="-1.05487048" lon="119.85419140"></trkpt>
  <trkpt lat="-1.05489336" lon="119.85416852"></trkpt>
  <trkpt lat="-1.05493904" lon="119.85403148"></trkpt>
  <trkpt lat="-1.05493904" lon="119.85394011"></trkpt>
  <trkpt lat="-1.05498472" lon="119.85389443"></trkpt>
  <trkpt lat="-1.05505320" lon="119.85387155"></trkpt>
  <trkpt lat="-1.05509897" lon="119.85391723"></trkpt>
  <trkpt lat="-1.05516745" lon="119.85400868"></trkpt>
  <trkpt lat="-1.05519033" lon="119.85405436"></trkpt>
  <trkpt lat="-1.05523601" lon="119.85410004"></trkpt>
  <trkpt lat="-1.05528169" lon="119.85412284"></trkpt>
  <trkpt lat="-1.05532737" lon="119.85414572"></trkpt>
  <trkpt lat="-1.05537306" lon="119.85416852"></trkpt>
  <trkpt lat="-1.05544162" lon="119.85416852"></trkpt>
  <trkpt lat="-1.05544162" lon="119.85410004"></trkpt>
  <trkpt lat="-1.05541874" lon="119.85405436"></trkpt>
  <trkpt lat="-1.05537306" lon="119.85398579"></trkpt>
  <trkpt lat="-1.05535017" lon="119.85389443"></trkpt>
  <trkpt lat="-1.05535017" lon="119.85382587"></trkpt>
  <trkpt lat="-1.05537306" lon="119.85378019"></trkpt>
  <trkpt lat="-1.05537306" lon="119.85373450"></trkpt>
  <trkpt lat="-1.05539585" lon="119.85364314"></trkpt>
  <trkpt lat="-1.05539585" lon="119.85359746"></trkpt>
  <trkpt lat="-1.05537306" lon="119.85350610"></trkpt>
  <trkpt lat="-1.05537306" lon="119.85348321"></trkpt>
  <trkpt lat="-1.05537306" lon="119.85346033"></trkpt>
  <trkpt lat="-1.05537306" lon="119.85341465"></trkpt>
  <trkpt lat="-1.05530449" lon="119.85330049"></trkpt>
  <trkpt lat="-1.05521313" lon="119.85320904"></trkpt>
  <trkpt lat="-1.05519033" lon="119.85314056"></trkpt>
  <trkpt lat="-1.05519033" lon="119.85302632"></trkpt>
  <trkpt lat="-1.05512177" lon="119.85295775"></trkpt>
  <trkpt lat="-1.05505320" lon="119.85291207"></trkpt>
  <trkpt lat="-1.05500752" lon="119.85288927"></trkpt>
  <trkpt lat="-1.05496184" lon="119.85286639"></trkpt>
  <trkpt lat="-1.05487048" lon="119.85284359"></trkpt>
  <trkpt lat="-1.05477911" lon="119.85284359"></trkpt>
  <trkpt lat="-1.05473343" lon="119.85282071"></trkpt>
  <trkpt lat="-1.05466487" lon="119.85284359"></trkpt>
  <trkpt lat="-1.05455071" lon="119.85284359"></trkpt>
  <trkpt lat="-1.05445934" lon="119.85284359"></trkpt>
  <trkpt lat="-1.05439078" lon="119.85284359"></trkpt>
  <trkpt lat="-1.05432230" lon="119.85282071"></trkpt>
  <trkpt lat="-1.05425374" lon="119.85277503"></trkpt>
  <trkpt lat="-1.05420806" lon="119.85275215"></trkpt>
  <trkpt lat="-1.05418517" lon="119.85270646"></trkpt>
  <trkpt lat="-1.05411669" lon="119.85266078"></trkpt>
  <trkpt lat="-1.05407101" lon="119.85259230"></trkpt>
  <trkpt lat="-1.05404813" lon="119.85252374"></trkpt>
  <trkpt lat="-1.05407101" lon="119.85247806"></trkpt>
  <trkpt lat="-1.05407101" lon="119.85250086"></trkpt>
  <trkpt lat="-1.05407101" lon="119.85247806"></trkpt>
  <trkpt lat="-1.05409381" lon="119.85247806"></trkpt>
  <trkpt lat="-1.05413949" lon="119.85243238"></trkpt>
  <trkpt lat="-1.05418517" lon="119.85238669"></trkpt>
  <trkpt lat="-1.05418517" lon="119.85231813"></trkpt>
  <trkpt lat="-1.05413949" lon="119.85224957"></trkpt>
  <trkpt lat="-1.05411669" lon="119.85222677"></trkpt>
  <trkpt lat="-1.05409381" lon="119.85218109"></trkpt>
  <trkpt lat="-1.05407101" lon="119.85215820"></trkpt>
  <trkpt lat="-1.05407101" lon="119.85206684"></trkpt>
  <trkpt lat="-1.05400245" lon="119.85197548"></trkpt>
  <trkpt lat="-1.05397965" lon="119.85188412"></trkpt>
  <trkpt lat="-1.05393388" lon="119.85181555"></trkpt>
  <trkpt lat="-1.05386540" lon="119.85176987"></trkpt>
  <trkpt lat="-1.05381972" lon="119.85176987"></trkpt>
  <trkpt lat="-1.05375116" lon="119.85181555"></trkpt>
  <trkpt lat="-1.05370548" lon="119.85186123"></trkpt>
  <trkpt lat="-1.05365979" lon="119.85181555"></trkpt>
  <trkpt lat="-1.05368268" lon="119.85174699"></trkpt>
  <trkpt lat="-1.05368268" lon="119.85165562"></trkpt>
  <trkpt lat="-1.05370548" lon="119.85156426"></trkpt>
  <trkpt lat="-1.05370548" lon="119.85149570"></trkpt>
  <trkpt lat="-1.05372836" lon="119.85145002"></trkpt>
  <trkpt lat="-1.05379684" lon="119.85138154"></trkpt>
  <trkpt lat="-1.05386540" lon="119.85129009"></trkpt>
  <trkpt lat="-1.05393388" lon="119.85124441"></trkpt>
  <trkpt lat="-1.05397965" lon="119.85119873"></trkpt>
  <trkpt lat="-1.05402533" lon="119.85110736"></trkpt>
  <trkpt lat="-1.05402533" lon="119.85106168"></trkpt>
  <trkpt lat="-1.05404813" lon="119.85103880"></trkpt>
  <trkpt lat="-1.05407101" lon="119.85097032"></trkpt>
  <trkpt lat="-1.05413949" lon="119.85090176"></trkpt>
  <trkpt lat="-1.05420806" lon="119.85085608"></trkpt>
  <trkpt lat="-1.05425374" lon="119.85081039"></trkpt>
  <trkpt lat="-1.05425374" lon="119.85076471"></trkpt>
  <trkpt lat="-1.05413949" lon="119.85071903"></trkpt>
  <trkpt lat="-1.05402533" lon="119.85071903"></trkpt>
  <trkpt lat="-1.05395677" lon="119.85069615"></trkpt>
  <trkpt lat="-1.05393388" lon="119.85067335"></trkpt>
  <trkpt lat="-1.05386540" lon="119.85067335"></trkpt>
  <trkpt lat="-1.05379684" lon="119.85065047"></trkpt>
  <trkpt lat="-1.05381972" lon="119.85058190"></trkpt>
  <trkpt lat="-1.05388820" lon="119.85053622"></trkpt>
  <trkpt lat="-1.05393388" lon="119.85046774"></trkpt>
  <trkpt lat="-1.05397965" lon="119.85039918"></trkpt>
  <trkpt lat="-1.05407101" lon="119.85033061"></trkpt>
  <trkpt lat="-1.05411669" lon="119.85030781"></trkpt>
  <trkpt lat="-1.05413949" lon="119.85030781"></trkpt>
  <trkpt lat="-1.05413949" lon="119.85028493"></trkpt>
  <trkpt lat="-1.05418517" lon="119.85026213"></trkpt>
  <trkpt lat="-1.05420806" lon="119.85023925"></trkpt>
  <trkpt lat="-1.05423085" lon="119.85023925"></trkpt>
  <trkpt lat="-1.05427654" lon="119.85021645"></trkpt>
  <trkpt lat="-1.05436798" lon="119.85017077"></trkpt>
  <trkpt lat="-1.05441366" lon="119.85017077"></trkpt>
  <trkpt lat="-1.05450503" lon="119.85014789"></trkpt>
  <trkpt lat="-1.05457351" lon="119.85012501"></trkpt>
  <trkpt lat="-1.05464207" lon="119.85012501"></trkpt>
  <trkpt lat="-1.05471055" lon="119.85012501"></trkpt>
  <trkpt lat="-1.05475632" lon="119.85010221"></trkpt>
  <trkpt lat="-1.05484768" lon="119.85005653"></trkpt>
  <trkpt lat="-1.05491616" lon="119.85003364"></trkpt>
  <trkpt lat="-1.05500752" lon="119.84998796"></trkpt>
  <trkpt lat="-1.05505320" lon="119.84994228"></trkpt>
  <trkpt lat="-1.05509897" lon="119.84985092"></trkpt>
  <trkpt lat="-1.05512177" lon="119.84982803"></trkpt>
  <trkpt lat="-1.05514465" lon="119.84978235"></trkpt>
  <trkpt lat="-1.05521313" lon="119.84971387"></trkpt>
  <trkpt lat="-1.05525881" lon="119.84964531"></trkpt>
  <trkpt lat="-1.05530449" lon="119.84957675"></trkpt>
  <trkpt lat="-1.05530449" lon="119.84955395"></trkpt>
  <trkpt lat="-1.05530449" lon="119.84957675"></trkpt>
  <trkpt lat="-1.05530449" lon="119.84955395"></trkpt>
  <trkpt lat="-1.05530449" lon="119.84957675"></trkpt>
  <trkpt lat="-1.05525881" lon="119.84953106"></trkpt>
  <trkpt lat="-1.05514465" lon="119.84953106"></trkpt>
  <trkpt lat="-1.05505320" lon="119.84953106"></trkpt>
  <trkpt lat="-1.05493904" lon="119.84950827"></trkpt>
  <trkpt lat="-1.05487048" lon="119.84946258"></trkpt>
  <trkpt lat="-1.05482480" lon="119.84941682"></trkpt>
  <trkpt lat="-1.05473343" lon="119.84937114"></trkpt>
  <trkpt lat="-1.05468775" lon="119.84934834"></trkpt>
  <trkpt lat="-1.05461919" lon="119.84930266"></trkpt>
  <trkpt lat="-1.05457351" lon="119.84927977"></trkpt>
  <trkpt lat="-1.05455071" lon="119.84921121"></trkpt>
  <trkpt lat="-1.05455071" lon="119.84918841"></trkpt>
  <trkpt lat="-1.05457351" lon="119.84914273"></trkpt>
  <trkpt lat="-1.05466487" lon="119.84911985"></trkpt>
  <trkpt lat="-1.05466487" lon="119.84905137"></trkpt>
  <trkpt lat="-1.05464207" lon="119.84898280"></trkpt>
  <trkpt lat="-1.05464207" lon="119.84895992"></trkpt>
  <trkpt lat="-1.05464207" lon="119.84893712"></trkpt>
  <trkpt lat="-1.05461919" lon="119.84886856"></trkpt>
  <trkpt lat="-1.05461919" lon="119.84884576"></trkpt>
  <trkpt lat="-1.05461919" lon="119.84875440"></trkpt>
  <trkpt lat="-1.05461919" lon="119.84868583"></trkpt>
  <trkpt lat="-1.05461919" lon="119.84861727"></trkpt>
  <trkpt lat="-1.05461919" lon="119.84854879"></trkpt>
  <trkpt lat="-1.05461919" lon="119.84850311"></trkpt>
  <trkpt lat="-1.05459639" lon="119.84843454"></trkpt>
  <trkpt lat="-1.05459639" lon="119.84836598"></trkpt>
  <trkpt lat="-1.05455071" lon="119.84829750"></trkpt>
  <trkpt lat="-1.05455071" lon="119.84822894"></trkpt>
  <trkpt lat="-1.05455071" lon="119.84820605"></trkpt>
  <trkpt lat="-1.05452782" lon="119.84813757"></trkpt>
  <trkpt lat="-1.05448214" lon="119.84804621"></trkpt>
  <trkpt lat="-1.05448214" lon="119.84793196"></trkpt>
  <trkpt lat="-1.05445934" lon="119.84790908"></trkpt>
  <trkpt lat="-1.05445934" lon="119.84781772"></trkpt>
  <trkpt lat="-1.05445934" lon="119.84784060"></trkpt>
  <trkpt lat="-1.05448214" lon="119.84786340"></trkpt>
  <trkpt lat="-1.05450503" lon="119.84786340"></trkpt>
  <trkpt lat="-1.05457351" lon="119.84793196"></trkpt>
  <trkpt lat="-1.05464207" lon="119.84797765"></trkpt>
  <trkpt lat="-1.05468775" lon="119.84802333"></trkpt>
  <trkpt lat="-1.05473343" lon="119.84806901"></trkpt>
  <trkpt lat="-1.05473343" lon="119.84809189"></trkpt>
  <trkpt lat="-1.05480200" lon="119.84816037"></trkpt>
  <trkpt lat="-1.05487048" lon="119.84820605"></trkpt>
  <trkpt lat="-1.05498472" lon="119.84822894"></trkpt>
  <trkpt lat="-1.05503040" lon="119.84818325"></trkpt>
  <trkpt lat="-1.05503040" lon="119.84813757"></trkpt>
  <trkpt lat="-1.05496184" lon="119.84806901"></trkpt>
  <trkpt lat="-1.05496184" lon="119.84797765"></trkpt>
  <trkpt lat="-1.05496184" lon="119.84793196"></trkpt>
  <trkpt lat="-1.05498472" lon="119.84790908"></trkpt>
  <trkpt lat="-1.05498472" lon="119.84788628"></trkpt>
  <trkpt lat="-1.05496184" lon="119.84779492"></trkpt>
  <trkpt lat="-1.05498472" lon="119.84772636"></trkpt>
  <trkpt lat="-1.05500752" lon="119.84765779"></trkpt>
  <trkpt lat="-1.05500752" lon="119.84763499"></trkpt>
  <trkpt lat="-1.05500752" lon="119.84754363"></trkpt>
  <trkpt lat="-1.05503040" lon="119.84749787"></trkpt>
  <trkpt lat="-1.05505320" lon="119.84740650"></trkpt>
  <trkpt lat="-1.05503040" lon="119.84731514"></trkpt>
  <trkpt lat="-1.05498472" lon="119.84720089"></trkpt>
  <trkpt lat="-1.05498472" lon="119.84713241"></trkpt>
  <trkpt lat="-1.05496184" lon="119.84701817"></trkpt>
  <trkpt lat="-1.05498472" lon="119.84692681"></trkpt>
  <trkpt lat="-1.05498472" lon="119.84685824"></trkpt>
  <trkpt lat="-1.05491616" lon="119.84676688"></trkpt>
  <trkpt lat="-1.05489336" lon="119.84667552"></trkpt>
  <trkpt lat="-1.05491616" lon="119.84665263"></trkpt>
  <trkpt lat="-1.05498472" lon="119.84665263"></trkpt>
  <trkpt lat="-1.05505320" lon="119.84665263"></trkpt>
  <trkpt lat="-1.05512177" lon="119.84667552"></trkpt>
  <trkpt lat="-1.05519033" lon="119.84669832"></trkpt>
  <trkpt lat="-1.05525881" lon="119.84669832"></trkpt>
  <trkpt lat="-1.05535017" lon="119.84669832"></trkpt>
  <trkpt lat="-1.05539585" lon="119.84662984"></trkpt>
  <trkpt lat="-1.05544162" lon="119.84656127"></trkpt>
  <trkpt lat="-1.05546442" lon="119.84649271"></trkpt>
  <trkpt lat="-1.05544162" lon="119.84649271"></trkpt>
  <trkpt lat="-1.05541874" lon="119.84646991"></trkpt>
  <trkpt lat="-1.05530449" lon="119.84644703"></trkpt>
  <trkpt lat="-1.05525881" lon="119.84642423"></trkpt>
  <trkpt lat="-1.05519033" lon="119.84640134"></trkpt>
  <trkpt lat="-1.05516745" lon="119.84633278"></trkpt>
  <trkpt lat="-1.05523601" lon="119.84628710"></trkpt>
  <trkpt lat="-1.05530449" lon="119.84624142"></trkpt>
  <trkpt lat="-1.05537306" lon="119.84619574"></trkpt>
  <trkpt lat="-1.05539585" lon="119.84619574"></trkpt>
  <trkpt lat="-1.05541874" lon="119.84615006"></trkpt>
  <trkpt lat="-1.05544162" lon="119.84610437"></trkpt>
  <trkpt lat="-1.05546442" lon="119.84603581"></trkpt>
  <trkpt lat="-1.05537306" lon="119.84601301"></trkpt>
  <trkpt lat="-1.05528169" lon="119.84596733"></trkpt>
  <trkpt lat="-1.05525881" lon="119.84589877"></trkpt>
  <trkpt lat="-1.05523601" lon="119.84580740"></trkpt>
  <trkpt lat="-1.05523601" lon="119.84569316"></trkpt>
  <trkpt lat="-1.05532737" lon="119.84567036"></trkpt>
  <trkpt lat="-1.05535017" lon="119.84564748"></trkpt>
  <trkpt lat="-1.05537306" lon="119.84560180"></trkpt>
  <trkpt lat="-1.05539585" lon="119.84555611"></trkpt>
  <trkpt lat="-1.05537306" lon="119.84555611"></trkpt>
  <trkpt lat="-1.05539585" lon="119.84555611"></trkpt>
  <trkpt lat="-1.05541874" lon="119.84548755"></trkpt>
  <trkpt lat="-1.05544162" lon="119.84541907"></trkpt>
  <trkpt lat="-1.05546442" lon="119.84537330"></trkpt>
  <trkpt lat="-1.05548730" lon="119.84523626"></trkpt>
  <trkpt lat="-1.05551010" lon="119.84519058"></trkpt>
  <trkpt lat="-1.05551010" lon="119.84514490"></trkpt>
  <trkpt lat="-1.05551010" lon="119.84519058"></trkpt>
  <trkpt lat="-1.05551010" lon="119.84516778"></trkpt>
  <trkpt lat="-1.05553298" lon="119.84507633"></trkpt>
  <trkpt lat="-1.05557866" lon="119.84500785"></trkpt>
  <trkpt lat="-1.05560146" lon="119.84489361"></trkpt>
  <trkpt lat="-1.05564714" lon="119.84480225"></trkpt>
  <trkpt lat="-1.05562435" lon="119.84468800"></trkpt>
  <trkpt lat="-1.05562435" lon="119.84466520"></trkpt>
  <trkpt lat="-1.05564714" lon="119.84464232"></trkpt>
  <trkpt lat="-1.05564714" lon="119.84461944"></trkpt>
  <trkpt lat="-1.05562435" lon="119.84448239"></trkpt>
  <trkpt lat="-1.05562435" lon="119.84441383"></trkpt>
  <trkpt lat="-1.05562435" lon="119.84432247"></trkpt>
  <trkpt lat="-1.05560146" lon="119.84423110"></trkpt>
  <trkpt lat="-1.05557866" lon="119.84418542"></trkpt>
  <trkpt lat="-1.05555578" lon="119.84411686"></trkpt>
  <trkpt lat="-1.05541874" lon="119.84407118"></trkpt>
  <trkpt lat="-1.05528169" lon="119.84404838"></trkpt>
  <trkpt lat="-1.05516745" lon="119.84400270"></trkpt>
  <trkpt lat="-1.05505320" lon="119.84393413"></trkpt>
  <trkpt lat="-1.05498472" lon="119.84388845"></trkpt>
  <trkpt lat="-1.05496184" lon="119.84384277"></trkpt>
  <trkpt lat="-1.05489336" lon="119.84381989"></trkpt>
  <trkpt lat="-1.05484768" lon="119.84381989"></trkpt>
  <trkpt lat="-1.05482480" lon="119.84381989"></trkpt>
  <trkpt lat="-1.05484768" lon="119.84381989"></trkpt>
  <trkpt lat="-1.05482480" lon="119.84381989"></trkpt>
  <trkpt lat="-1.05475632" lon="119.84381989"></trkpt>
  <trkpt lat="-1.05468775" lon="119.84377421"></trkpt>
  <trkpt lat="-1.05457351" lon="119.84368284"></trkpt>
  <trkpt lat="-1.05450503" lon="119.84365996"></trkpt>
  <trkpt lat="-1.05441366" lon="119.84368284"></trkpt>
  <trkpt lat="-1.05436798" lon="119.84370564"></trkpt>
  <trkpt lat="-1.05429942" lon="119.84377421"></trkpt>
  <trkpt lat="-1.05423085" lon="119.84379709"></trkpt>
  <trkpt lat="-1.05418517" lon="119.84386557"></trkpt>
  <trkpt lat="-1.05416237" lon="119.84388845"></trkpt>
  <trkpt lat="-1.05413949" lon="119.84388845"></trkpt>
  <trkpt lat="-1.05411669" lon="119.84393413"></trkpt>
  <trkpt lat="-1.05409381" lon="119.84393413"></trkpt>
  <trkpt lat="-1.05404813" lon="119.84395693"></trkpt>
  <trkpt lat="-1.05400245" lon="119.84397981"></trkpt>
  <trkpt lat="-1.05397965" lon="119.84400270"></trkpt>
  <trkpt lat="-1.05388820" lon="119.84404838"></trkpt>
  <trkpt lat="-1.05386540" lon="119.84404838"></trkpt>
  <trkpt lat="-1.05384252" lon="119.84402549"></trkpt>
  <trkpt lat="-1.05381972" lon="119.84402549"></trkpt>
  <trkpt lat="-1.05381972" lon="119.84400270"></trkpt>
  <trkpt lat="-1.05379684" lon="119.84395693"></trkpt>
  <trkpt lat="-1.05379684" lon="119.84393413"></trkpt>
  <trkpt lat="-1.05377404" lon="119.84391125"></trkpt>
  <trkpt lat="-1.05375116" lon="119.84391125"></trkpt>
  <trkpt lat="-1.05370548" lon="119.84393413"></trkpt>
  <trkpt lat="-1.05368268" lon="119.84391125"></trkpt>
  <trkpt lat="-1.05365979" lon="119.84391125"></trkpt>
  <trkpt lat="-1.05363700" lon="119.84391125"></trkpt>
  <trkpt lat="-1.05361411" lon="119.84391125"></trkpt>
  <trkpt lat="-1.05356843" lon="119.84388845"></trkpt>
  <trkpt lat="-1.05352275" lon="119.84386557"></trkpt>
  <trkpt lat="-1.05349987" lon="119.84386557"></trkpt>
  <trkpt lat="-1.05345419" lon="119.84381989"></trkpt>
  <trkpt lat="-1.05343139" lon="119.84379709"></trkpt>
  <trkpt lat="-1.05338571" lon="119.84375141"></trkpt>
  <trkpt lat="-1.05336282" lon="119.84370564"></trkpt>
  <trkpt lat="-1.05334003" lon="119.84365996"></trkpt>
  <trkpt lat="-1.05331714" lon="119.84361428"></trkpt>
  <trkpt lat="-1.05329434" lon="119.84354580"></trkpt>
  <trkpt lat="-1.05327146" lon="119.84352292"></trkpt>
  <trkpt lat="-1.05324866" lon="119.84347723"></trkpt>
  <trkpt lat="-1.05322578" lon="119.84343155"></trkpt>
  <trkpt lat="-1.05322578" lon="119.84336299"></trkpt>
  <trkpt lat="-1.05324866" lon="119.84324883"></trkpt>
  <trkpt lat="-1.05320298" lon="119.84320306"></trkpt>
  <trkpt lat="-1.05313442" lon="119.84311170"></trkpt>
  <trkpt lat="-1.05311153" lon="119.84306602"></trkpt>
  <trkpt lat="-1.05313442" lon="119.84299745"></trkpt>
  <trkpt lat="-1.05315722" lon="119.84288329"></trkpt>
  <trkpt lat="-1.05320298" lon="119.84281473"></trkpt>
  <trkpt lat="-1.05322578" lon="119.84272337"></trkpt>
  <trkpt lat="-1.05324866" lon="119.84272337"></trkpt>
  <trkpt lat="-1.05329434" lon="119.84274616"></trkpt>
  <trkpt lat="-1.05334003" lon="119.84274616"></trkpt>
  <trkpt lat="-1.05331714" lon="119.84274616"></trkpt>
  <trkpt lat="-1.05327146" lon="119.84272337"></trkpt>
  <trkpt lat="-1.05324866" lon="119.84272337"></trkpt>
  <trkpt lat="-1.05329434" lon="119.84267768"></trkpt>
  <trkpt lat="-1.05331714" lon="119.84263200"></trkpt>
  <trkpt lat="-1.05334003" lon="119.84256344"></trkpt>
  <trkpt lat="-1.05336282" lon="119.84247208"></trkpt>
  <trkpt lat="-1.05340851" lon="119.84238071"></trkpt>
  <trkpt lat="-1.05345419" lon="119.84228935"></trkpt>
  <trkpt lat="-1.05347707" lon="119.84222079"></trkpt>
  <trkpt lat="-1.05352275" lon="119.84212942"></trkpt>
  <trkpt lat="-1.05356843" lon="119.84203806"></trkpt>
  <trkpt lat="-1.05361411" lon="119.84196950"></trkpt>
  <trkpt lat="-1.05363700" lon="119.84192382"></trkpt>
  <trkpt lat="-1.05365979" lon="119.84187813"></trkpt>
  <trkpt lat="-1.05368268" lon="119.84187813"></trkpt>
  <trkpt lat="-1.05370548" lon="119.84180957"></trkpt>
  <trkpt lat="-1.05370548" lon="119.84178669"></trkpt>
  <trkpt lat="-1.05372836" lon="119.84174101"></trkpt>
  <trkpt lat="-1.05375116" lon="119.84167253"></trkpt>
  <trkpt lat="-1.05379684" lon="119.84160396"></trkpt>
  <trkpt lat="-1.05381972" lon="119.84148972"></trkpt>
  <trkpt lat="-1.05384252" lon="119.84144404"></trkpt>
  <trkpt lat="-1.05386540" lon="119.84137556"></trkpt>
  <trkpt lat="-1.05388820" lon="119.84130699"></trkpt>
  <trkpt lat="-1.05388820" lon="119.84123843"></trkpt>
  <trkpt lat="-1.05391108" lon="119.84114707"></trkpt>
  <trkpt lat="-1.05391108" lon="119.84110138"></trkpt>
  <trkpt lat="-1.05393388" lon="119.84105570"></trkpt>
  <trkpt lat="-1.05393388" lon="119.84096434"></trkpt>
  <trkpt lat="-1.05393388" lon="119.84091866"></trkpt>
  <trkpt lat="-1.05393388" lon="119.84085009"></trkpt>
  <trkpt lat="-1.05395677" lon="119.84082721"></trkpt>
  <trkpt lat="-1.05400245" lon="119.84075873"></trkpt>
  <trkpt lat="-1.05402533" lon="119.84069017"></trkpt>
  <trkpt lat="-1.05404813" lon="119.84062160"></trkpt>
  <trkpt lat="-1.05411669" lon="119.84059880"></trkpt>
  <trkpt lat="-1.05413949" lon="119.84059880"></trkpt>
  <trkpt lat="-1.05411669" lon="119.84059880"></trkpt>
  <trkpt lat="-1.05411669" lon="119.84062160"></trkpt>
  <trkpt lat="-1.05411669" lon="119.84059880"></trkpt>
  <trkpt lat="-1.05411669" lon="119.84062160"></trkpt>
  <trkpt lat="-1.05411669" lon="119.84059880"></trkpt>
  <trkpt lat="-1.05413949" lon="119.84059880"></trkpt>
  <trkpt lat="-1.05411669" lon="119.84059880"></trkpt>
  <trkpt lat="-1.05413949" lon="119.84059880"></trkpt>
  <trkpt lat="-1.05413949" lon="119.84057592"></trkpt>
  <trkpt lat="-1.05411669" lon="119.84059880"></trkpt>
  <trkpt lat="-1.05416237" lon="119.84057592"></trkpt>
  <trkpt lat="-1.05420806" lon="119.84053024"></trkpt>
  <trkpt lat="-1.05425374" lon="119.84046176"></trkpt>
  <trkpt lat="-1.05429942" lon="119.84041608"></trkpt>
  <trkpt lat="-1.05434510" lon="119.84032463"></trkpt>
  <trkpt lat="-1.05439078" lon="119.84025615"></trkpt>
  <trkpt lat="-1.05445934" lon="119.84014191"></trkpt>
  <trkpt lat="-1.05452782" lon="119.84009623"></trkpt>
  <trkpt lat="-1.05457351" lon="119.84002766"></trkpt>
  <trkpt lat="-1.05459639" lon="119.84000486"></trkpt>
  <trkpt lat="-1.05461919" lon="119.84002766"></trkpt>
  <trkpt lat="-1.05461919" lon="119.84005054"></trkpt>
  <trkpt lat="-1.05459639" lon="119.84005054"></trkpt>
  <trkpt lat="-1.05464207" lon="119.84005054"></trkpt>
  <trkpt lat="-1.05464207" lon="119.84009623"></trkpt>
  <trkpt lat="-1.05464207" lon="119.84007334"></trkpt>
  <trkpt lat="-1.05459639" lon="119.84005054"></trkpt>
  <trkpt lat="-1.05457351" lon="119.84005054"></trkpt>
  <trkpt lat="-1.05459639" lon="119.84005054"></trkpt>
  <trkpt lat="-1.05464207" lon="119.84002766"></trkpt>
  <trkpt lat="-1.05464207" lon="119.84005054"></trkpt>
  <trkpt lat="-1.05464207" lon="119.84007334"></trkpt>
  <trkpt lat="-1.05466487" lon="119.84009623"></trkpt>
  <trkpt lat="-1.05464207" lon="119.84007334"></trkpt>
  <trkpt lat="-1.05459639" lon="119.84005054"></trkpt>
  <trkpt lat="-1.05459639" lon="119.84002766"></trkpt>
  <trkpt lat="-1.05459639" lon="119.84005054"></trkpt>
  <trkpt lat="-1.05455071" lon="119.84005054"></trkpt>
  <trkpt lat="-1.05452782" lon="119.84005054"></trkpt>
  <trkpt lat="-1.05457351" lon="119.84000486"></trkpt>
  <trkpt lat="-1.05455071" lon="119.84000486"></trkpt>
  <trkpt lat="-1.05457351" lon="119.84002766"></trkpt>
  <trkpt lat="-1.05455071" lon="119.84000486"></trkpt>
  <trkpt lat="-1.05455071" lon="119.83998198"></trkpt>
  <trkpt lat="-1.05459639" lon="119.84002766"></trkpt>
  <trkpt lat="-1.05457351" lon="119.84007334"></trkpt>
  <trkpt lat="-1.05461919" lon="119.84018759"></trkpt>
  <trkpt lat="-1.05466487" lon="119.84023327"></trkpt>
  <trkpt lat="-1.05468775" lon="119.84025615"></trkpt>
  <trkpt lat="-1.05471055" lon="119.84027895"></trkpt>
  <trkpt lat="-1.05471055" lon="119.84025615"></trkpt>
  <trkpt lat="-1.05471055" lon="119.84027895"></trkpt>
  <trkpt lat="-1.05468775" lon="119.84030183"></trkpt>
  <trkpt lat="-1.05464207" lon="119.84023327"></trkpt>
  <trkpt lat="-1.05461919" lon="119.84018759"></trkpt>
  <trkpt lat="-1.05459639" lon="119.84011902"></trkpt>
  <trkpt lat="-1.05459639" lon="119.84007334"></trkpt>
  <trkpt lat="-1.05457351" lon="119.84005054"></trkpt>
  <trkpt lat="-1.05455071" lon="119.84002766"></trkpt>
  <trkpt lat="-1.05455071" lon="119.84005054"></trkpt>
  <trkpt lat="-1.05457351" lon="119.84005054"></trkpt>
  <trkpt lat="-1.05459639" lon="119.83998198"></trkpt>
  <trkpt lat="-1.05461919" lon="119.83991350"></trkpt>
  <trkpt lat="-1.05473343" lon="119.83984494"></trkpt>
  <trkpt lat="-1.05480200" lon="119.83982205"></trkpt>
  <trkpt lat="-1.05489336" lon="119.83975357"></trkpt>
  <trkpt lat="-1.05500752" lon="119.83973069"></trkpt>
  <trkpt lat="-1.05503040" lon="119.83975357"></trkpt>
  <trkpt lat="-1.05505320" lon="119.83973069"></trkpt>
  <trkpt lat="-1.05521313" lon="119.83970789"></trkpt>
  <trkpt lat="-1.05532737" lon="119.83968501"></trkpt>
  <trkpt lat="-1.05537306" lon="119.83966221"></trkpt>
  <trkpt lat="-1.05551010" lon="119.83968501"></trkpt>
  <trkpt lat="-1.05557866" lon="119.83966221"></trkpt>
  <trkpt lat="-1.05562435" lon="119.83966221"></trkpt>
  <trkpt lat="-1.05567003" lon="119.83966221"></trkpt>
  <trkpt lat="-1.05576139" lon="119.83966221"></trkpt>
  <trkpt lat="-1.05587563" lon="119.83963933"></trkpt>
  <trkpt lat="-1.05596700" lon="119.83963933"></trkpt>
  <trkpt lat="-1.05608116" lon="119.83963933"></trkpt>
  <trkpt lat="-1.05610404" lon="119.83966221"></trkpt>
  <trkpt lat="-1.05612684" lon="119.83966221"></trkpt>
  <trkpt lat="-1.05617252" lon="119.83963933"></trkpt>
  <trkpt lat="-1.05624109" lon="119.83963933"></trkpt>
  <trkpt lat="-1.05628677" lon="119.83966221"></trkpt>
  <trkpt lat="-1.05630965" lon="119.83968501"></trkpt>
  <trkpt lat="-1.05637813" lon="119.83970789"></trkpt>
  <trkpt lat="-1.05642381" lon="119.83977637"></trkpt>
  <trkpt lat="-1.05646949" lon="119.83979926"></trkpt>
  <trkpt lat="-1.05651517" lon="119.83984494"></trkpt>
  <trkpt lat="-1.05658374" lon="119.83984494"></trkpt>
  <trkpt lat="-1.05662942" lon="119.83991350"></trkpt>
  <trkpt lat="-1.05667510" lon="119.83998198"></trkpt>
  <trkpt lat="-1.05669798" lon="119.84000486"></trkpt>
  <trkpt lat="-1.05672078" lon="119.84002766"></trkpt>
  <trkpt lat="-1.05674366" lon="119.84007334"></trkpt>
  <trkpt lat="-1.05678935" lon="119.84007334"></trkpt>
  <trkpt lat="-1.05678935" lon="119.84009623"></trkpt>
  <trkpt lat="-1.05678935" lon="119.84011902"></trkpt>
  <trkpt lat="-1.05681214" lon="119.84014191"></trkpt>
  <trkpt lat="-1.05681214" lon="119.84016479"></trkpt>
  <trkpt lat="-1.05683503" lon="119.84018759"></trkpt>
  <trkpt lat="-1.05685783" lon="119.84023327"></trkpt>
  <trkpt lat="-1.05688071" lon="119.84027895"></trkpt>
  <trkpt lat="-1.05688071" lon="119.84030183"></trkpt>
  <trkpt lat="-1.05690359" lon="119.84032463"></trkpt>
  <trkpt lat="-1.05692639" lon="119.84034752"></trkpt>
  <trkpt lat="-1.05694919" lon="119.84039320"></trkpt>
  <trkpt lat="-1.05697207" lon="119.84041608"></trkpt>
  <trkpt lat="-1.05697207" lon="119.84043888"></trkpt>
  <trkpt lat="-1.05701775" lon="119.84043888"></trkpt>
  <trkpt lat="-1.05704064" lon="119.84043888"></trkpt>
  <trkpt lat="-1.05706343" lon="119.84046176"></trkpt>
  <trkpt lat="-1.05708632" lon="119.84048456"></trkpt>
  <trkpt lat="-1.05713200" lon="119.84048456"></trkpt>
  <trkpt lat="-1.05715480" lon="119.84050744"></trkpt>
  <trkpt lat="-1.05717768" lon="119.84053024"></trkpt>
  <trkpt lat="-1.05720048" lon="119.84055312"></trkpt>
  <trkpt lat="-1.05722336" lon="119.84055312"></trkpt>
  <trkpt lat="-1.05724616" lon="119.84057592"></trkpt>
  <trkpt lat="-1.05726904" lon="119.84062160"></trkpt>
  <trkpt lat="-1.05729184" lon="119.84064449"></trkpt>
  <trkpt lat="-1.05733761" lon="119.84066737"></trkpt>
  <trkpt lat="-1.05736041" lon="119.84066737"></trkpt>
  <trkpt lat="-1.05738329" lon="119.84071305"></trkpt>
  <trkpt lat="-1.05742897" lon="119.84073585"></trkpt>
  <trkpt lat="-1.05742897" lon="119.84075873"></trkpt>
  <trkpt lat="-1.05745177" lon="119.84075873"></trkpt>
  <trkpt lat="-1.05747465" lon="119.84075873"></trkpt>
  <trkpt lat="-1.05754313" lon="119.84075873"></trkpt>
  <trkpt lat="-1.05758881" lon="119.84073585"></trkpt>
  <trkpt lat="-1.05761169" lon="119.84073585"></trkpt>
  <trkpt lat="-1.05763449" lon="119.84073585"></trkpt>
  <trkpt lat="-1.05765738" lon="119.84073585"></trkpt>
  <trkpt lat="-1.05770306" lon="119.84073585"></trkpt>
  <trkpt lat="-1.05774874" lon="119.84073585"></trkpt>
  <trkpt lat="-1.05781730" lon="119.84075873"></trkpt>
  <trkpt lat="-1.05790867" lon="119.84080441"></trkpt>
  <trkpt lat="-1.05795435" lon="119.84080441"></trkpt>
  <trkpt lat="-1.05800003" lon="119.84085009"></trkpt>
  <trkpt lat="-1.05802291" lon="119.84085009"></trkpt>
  <trkpt lat="-1.05809139" lon="119.84082721"></trkpt>
  <trkpt lat="-1.05813707" lon="119.84082721"></trkpt>
  <trkpt lat="-1.05815995" lon="119.84082721"></trkpt>
  <trkpt lat="-1.05825132" lon="119.84085009"></trkpt>
  <trkpt lat="-1.05829700" lon="119.84080441"></trkpt>
  <trkpt lat="-1.05838836" lon="119.84078153"></trkpt>
  <trkpt lat="-1.05845693" lon="119.84073585"></trkpt>
  <trkpt lat="-1.05857109" lon="119.84073585"></trkpt>
  <trkpt lat="-1.05863965" lon="119.84071305"></trkpt>
  <trkpt lat="-1.05875381" lon="119.84066737"></trkpt>
  <trkpt lat="-1.05877670" lon="119.84062160"></trkpt>
  <trkpt lat="-1.05879958" lon="119.84053024"></trkpt>
  <trkpt lat="-1.05879958" lon="119.84050744"></trkpt>
  <trkpt lat="-1.05882238" lon="119.84048456"></trkpt>
  <trkpt lat="-1.05884526" lon="119.84043888"></trkpt>
  <trkpt lat="-1.05889094" lon="119.84037031"></trkpt>
  <trkpt lat="-1.05891374" lon="119.84034752"></trkpt>
  <trkpt lat="-1.05891374" lon="119.84032463"></trkpt>
  <trkpt lat="-1.05893662" lon="119.84030183"></trkpt>
  <trkpt lat="-1.05893662" lon="119.84025615"></trkpt>
  <trkpt lat="-1.05895942" lon="119.84023327"></trkpt>
  <trkpt lat="-1.05895942" lon="119.84021047"></trkpt>
  <trkpt lat="-1.05898230" lon="119.84021047"></trkpt>
  <trkpt lat="-1.05898230" lon="119.84018759"></trkpt>
  <trkpt lat="-1.05898230" lon="119.84021047"></trkpt>
  <trkpt lat="-1.05900510" lon="119.84016479"></trkpt>
  <trkpt lat="-1.05902798" lon="119.84016479"></trkpt>
  <trkpt lat="-1.05902798" lon="119.84014191"></trkpt>
  <trkpt lat="-1.05900510" lon="119.84014191"></trkpt>
  <trkpt lat="-1.05900510" lon="119.84011902"></trkpt>
  <trkpt lat="-1.05902798" lon="119.84011902"></trkpt>
  <trkpt lat="-1.05902798" lon="119.84009623"></trkpt>
  <trkpt lat="-1.05905078" lon="119.84005054"></trkpt>
  <trkpt lat="-1.05907367" lon="119.84000486"></trkpt>
  <trkpt lat="-1.05909646" lon="119.83991350"></trkpt>
  <trkpt lat="-1.05909646" lon="119.83984494"></trkpt>
  <trkpt lat="-1.05909646" lon="119.83979926"></trkpt>
  <trkpt lat="-1.05911935" lon="119.83977637"></trkpt>
  <trkpt lat="-1.05911935" lon="119.83975357"></trkpt>
  <trkpt lat="-1.05914223" lon="119.83973069"></trkpt>
  <trkpt lat="-1.05914223" lon="119.83970789"></trkpt>
  <trkpt lat="-1.05916503" lon="119.83968501"></trkpt>
  <trkpt lat="-1.05916503" lon="119.83966221"></trkpt>
  <trkpt lat="-1.05914223" lon="119.83966221"></trkpt>
  <trkpt lat="-1.05916503" lon="119.83961645"></trkpt>
  <trkpt lat="-1.05914223" lon="119.83952508"></trkpt>
  <trkpt lat="-1.05911935" lon="119.83950228"></trkpt>
  <trkpt lat="-1.05911935" lon="119.83943372"></trkpt>
  <trkpt lat="-1.05909646" lon="119.83941092"></trkpt>
  <trkpt lat="-1.05909646" lon="119.83938804"></trkpt>
  <trkpt lat="-1.05911935" lon="119.83936516"></trkpt>
  <trkpt lat="-1.05911935" lon="119.83931947"></trkpt>
  <trkpt lat="-1.05911935" lon="119.83922811"></trkpt>
  <trkpt lat="-1.05911935" lon="119.83918243"></trkpt>
  <trkpt lat="-1.05909646" lon="119.83913675"></trkpt>
  <trkpt lat="-1.05911935" lon="119.83913675"></trkpt>
  <trkpt lat="-1.05914223" lon="119.83906819"></trkpt>
  <trkpt lat="-1.05914223" lon="119.83902250"></trkpt>
  <trkpt lat="-1.05914223" lon="119.83899971"></trkpt>
  <trkpt lat="-1.05911935" lon="119.83890826"></trkpt>
  <trkpt lat="-1.05911935" lon="119.83888546"></trkpt>
  <trkpt lat="-1.05911935" lon="119.83886258"></trkpt>
  <trkpt lat="-1.05911935" lon="119.83883978"></trkpt>
  <trkpt lat="-1.05911935" lon="119.83881690"></trkpt>
  <trkpt lat="-1.05911935" lon="119.83877121"></trkpt>
  <trkpt lat="-1.05911935" lon="119.83874842"></trkpt>
  <trkpt lat="-1.05909646" lon="119.83874842"></trkpt>
  <trkpt lat="-1.05907367" lon="119.83870265"></trkpt>
  <trkpt lat="-1.05907367" lon="119.83867985"></trkpt>
  <trkpt lat="-1.05902798" lon="119.83863417"></trkpt>
  <trkpt lat="-1.05902798" lon="119.83861129"></trkpt>
  <trkpt lat="-1.05900510" lon="119.83861129"></trkpt>
  <trkpt lat="-1.05898230" lon="119.83858849"></trkpt>
  <trkpt lat="-1.05900510" lon="119.83856561"></trkpt>
  <trkpt lat="-1.05900510" lon="119.83854281"></trkpt>
  <trkpt lat="-1.05900510" lon="119.83851993"></trkpt>
  <trkpt lat="-1.05900510" lon="119.83847424"></trkpt>
  <trkpt lat="-1.05898230" lon="119.83842856"></trkpt>
  <trkpt lat="-1.05898230" lon="119.83840568"></trkpt>
  <trkpt lat="-1.05900510" lon="119.83833720"></trkpt>
  <trkpt lat="-1.05900510" lon="119.83831432"></trkpt>
  <trkpt lat="-1.05902798" lon="119.83829152"></trkpt>
  <trkpt lat="-1.05902798" lon="119.83826864"></trkpt>
  <trkpt lat="-1.05902798" lon="119.83824584"></trkpt>
  <trkpt lat="-1.05898230" lon="119.83822295"></trkpt>
  <trkpt lat="-1.05895942" lon="119.83817727"></trkpt>
  <trkpt lat="-1.05895942" lon="119.83815439"></trkpt>
  <trkpt lat="-1.05895942" lon="119.83813159"></trkpt>
  <trkpt lat="-1.05895942" lon="119.83810871"></trkpt>
  <trkpt lat="-1.05895942" lon="119.83806303"></trkpt>
  <trkpt lat="-1.05893662" lon="119.83799446"></trkpt>
  <trkpt lat="-1.05895942" lon="119.83799446"></trkpt>
  <trkpt lat="-1.05893662" lon="119.83797166"></trkpt>
  <trkpt lat="-1.05893662" lon="119.83794878"></trkpt>
  <trkpt lat="-1.05891374" lon="119.83792598"></trkpt>
  <trkpt lat="-1.05891374" lon="119.83790310"></trkpt>
  <trkpt lat="-1.05889094" lon="119.83790310"></trkpt>
  <trkpt lat="-1.05889094" lon="119.83788030"></trkpt>
  <trkpt lat="-1.05886806" lon="119.83785742"></trkpt>
  <trkpt lat="-1.05884526" lon="119.83783462"></trkpt>
  <trkpt lat="-1.05882238" lon="119.83778894"></trkpt>
  <trkpt lat="-1.05879958" lon="119.83774317"></trkpt>
  <trkpt lat="-1.05877670" lon="119.83772038"></trkpt>
  <trkpt lat="-1.05875381" lon="119.83772038"></trkpt>
  <trkpt lat="-1.05875381" lon="119.83769749"></trkpt>
  <trkpt lat="-1.05877670" lon="119.83767469"></trkpt>
  <trkpt lat="-1.05877670" lon="119.83765181"></trkpt>
  <trkpt lat="-1.05875381" lon="119.83765181"></trkpt>
  <trkpt lat="-1.05873101" lon="119.83758333"></trkpt>
  <trkpt lat="-1.05873101" lon="119.83756045"></trkpt>
  <trkpt lat="-1.05870813" lon="119.83751477"></trkpt>
  <trkpt lat="-1.05868533" lon="119.83749188"></trkpt>
  <trkpt lat="-1.05870813" lon="119.83749188"></trkpt>
  <trkpt lat="-1.05870813" lon="119.83746909"></trkpt>
  <trkpt lat="-1.05873101" lon="119.83742340"></trkpt>
  <trkpt lat="-1.05875381" lon="119.83735484"></trkpt>
  <trkpt lat="-1.05875381" lon="119.83730916"></trkpt>
  <trkpt lat="-1.05875381" lon="119.83724060"></trkpt>
  <trkpt lat="-1.05877670" lon="119.83724060"></trkpt>
  <trkpt lat="-1.05875381" lon="119.83721780"></trkpt>
  <trkpt lat="-1.05873101" lon="119.83717212"></trkpt>
  <trkpt lat="-1.05873101" lon="119.83714923"></trkpt>
  <trkpt lat="-1.05875381" lon="119.83710355"></trkpt>
  <trkpt lat="-1.05875381" lon="119.83708075"></trkpt>
  <trkpt lat="-1.05875381" lon="119.83705787"></trkpt>
  <trkpt lat="-1.05875381" lon="119.83703507"></trkpt>
  <trkpt lat="-1.05875381" lon="119.83698931"></trkpt>
  <trkpt lat="-1.05873101" lon="119.83698931"></trkpt>
  <trkpt lat="-1.05873101" lon="119.83694362"></trkpt>
  <trkpt lat="-1.05870813" lon="119.83692083"></trkpt>
  <trkpt lat="-1.05870813" lon="119.83689794"></trkpt>
  <trkpt lat="-1.05870813" lon="119.83687514"></trkpt>
  <trkpt lat="-1.05873101" lon="119.83682938"></trkpt>
  <trkpt lat="-1.05873101" lon="119.83680658"></trkpt>
  <trkpt lat="-1.05875381" lon="119.83678370"></trkpt>
  <trkpt lat="-1.05875381" lon="119.83673802"></trkpt>
  <trkpt lat="-1.05875381" lon="119.83671522"></trkpt>
  <trkpt lat="-1.05875381" lon="119.83669234"></trkpt>
  <trkpt lat="-1.05875381" lon="119.83666954"></trkpt>
  <trkpt lat="-1.05875381" lon="119.83664665"></trkpt>
  <trkpt lat="-1.05875381" lon="119.83662385"></trkpt>
  <trkpt lat="-1.05873101" lon="119.83660097"></trkpt>
  <trkpt lat="-1.05875381" lon="119.83660097"></trkpt>
  <trkpt lat="-1.05875381" lon="119.83657809"></trkpt>
  <trkpt lat="-1.05873101" lon="119.83655529"></trkpt>
  <trkpt lat="-1.05875381" lon="119.83655529"></trkpt>
  <trkpt lat="-1.05873101" lon="119.83655529"></trkpt>
  <trkpt lat="-1.05873101" lon="119.83653241"></trkpt>
  <trkpt lat="-1.05873101" lon="119.83650961"></trkpt>
  <trkpt lat="-1.05873101" lon="119.83648673"></trkpt>
  <trkpt lat="-1.05873101" lon="119.83646393"></trkpt>
  <trkpt lat="-1.05870813" lon="119.83646393"></trkpt>
  <trkpt lat="-1.05870813" lon="119.83644105"></trkpt>
  <trkpt lat="-1.05870813" lon="119.83639536"></trkpt>
  <trkpt lat="-1.05870813" lon="119.83637257"></trkpt>
  <trkpt lat="-1.05870813" lon="119.83634968"></trkpt>
  <trkpt lat="-1.05870813" lon="119.83632680"></trkpt>
  <trkpt lat="-1.05870813" lon="119.83630400"></trkpt>
  <trkpt lat="-1.05870813" lon="119.83628112"></trkpt>
  <trkpt lat="-1.05868533" lon="119.83625832"></trkpt>
  <trkpt lat="-1.05868533" lon="119.83623544"></trkpt>
  <trkpt lat="-1.05868533" lon="119.83618976"></trkpt>
  <trkpt lat="-1.05868533" lon="119.83614407"></trkpt>
  <trkpt lat="-1.05868533" lon="119.83612128"></trkpt>
  <trkpt lat="-1.05870813" lon="119.83612128"></trkpt>
  <trkpt lat="-1.05870813" lon="119.83609839"></trkpt>
  <trkpt lat="-1.05870813" lon="119.83607551"></trkpt>
  <trkpt lat="-1.05870813" lon="119.83609839"></trkpt>
  <trkpt lat="-1.05870813" lon="119.83607551"></trkpt>
  <trkpt lat="-1.05870813" lon="119.83605271"></trkpt>
  <trkpt lat="-1.05868533" lon="119.83602983"></trkpt>
  <trkpt lat="-1.05870813" lon="119.83602983"></trkpt>
  <trkpt lat="-1.05870813" lon="119.83600703"></trkpt>
  <trkpt lat="-1.05873101" lon="119.83596135"></trkpt>
  <trkpt lat="-1.05873101" lon="119.83593847"></trkpt>
  <trkpt lat="-1.05875381" lon="119.83593847"></trkpt>
  <trkpt lat="-1.05875381" lon="119.83591567"></trkpt>
  <trkpt lat="-1.05875381" lon="119.83589279"></trkpt>
  <trkpt lat="-1.05877670" lon="119.83589279"></trkpt>
  <trkpt lat="-1.05877670" lon="119.83586999"></trkpt>
  <trkpt lat="-1.05879958" lon="119.83586999"></trkpt>
  <trkpt lat="-1.05879958" lon="119.83584710"></trkpt>
  <trkpt lat="-1.05882238" lon="119.83584710"></trkpt>
  <trkpt lat="-1.05882238" lon="119.83582422"></trkpt>
  <trkpt lat="-1.05886806" lon="119.83577854"></trkpt>
  <trkpt lat="-1.05886806" lon="119.83575574"></trkpt>
  <trkpt lat="-1.05889094" lon="119.83575574"></trkpt>
  <trkpt lat="-1.05895942" lon="119.83571006"></trkpt>
  <trkpt lat="-1.05898230" lon="119.83568718"></trkpt>
  <trkpt lat="-1.05898230" lon="119.83564150"></trkpt>
  <trkpt lat="-1.05898230" lon="119.83561861"></trkpt>
  <trkpt lat="-1.05898230" lon="119.83555013"></trkpt>
  <trkpt lat="-1.05898230" lon="119.83548157"></trkpt>
  <trkpt lat="-1.05898230" lon="119.83545877"></trkpt>
  <trkpt lat="-1.05898230" lon="119.83543589"></trkpt>
  <trkpt lat="-1.05900510" lon="119.83536732"></trkpt>
  <trkpt lat="-1.05900510" lon="119.83532164"></trkpt>
  <trkpt lat="-1.05902798" lon="119.83529884"></trkpt>
  <trkpt lat="-1.05902798" lon="119.83525316"></trkpt>
  <trkpt lat="-1.05902798" lon="119.83523028"></trkpt>
  <trkpt lat="-1.05902798" lon="119.83520748"></trkpt>
  <trkpt lat="-1.05902798" lon="119.83516180"></trkpt>
  <trkpt lat="-1.05902798" lon="119.83513892"></trkpt>
  <trkpt lat="-1.05902798" lon="119.83511603"></trkpt>
  <trkpt lat="-1.05902798" lon="119.83509324"></trkpt>
  <trkpt lat="-1.05902798" lon="119.83507035"></trkpt>
  <trkpt lat="-1.05902798" lon="119.83504755"></trkpt>
  <trkpt lat="-1.05902798" lon="119.83500187"></trkpt>
  <trkpt lat="-1.05902798" lon="119.83495619"></trkpt>
  <trkpt lat="-1.05902798" lon="119.83493331"></trkpt>
  <trkpt lat="-1.05902798" lon="119.83491051"></trkpt>
  <trkpt lat="-1.05902798" lon="119.83488763"></trkpt>
  <trkpt lat="-1.05905078" lon="119.83481906"></trkpt>
  <trkpt lat="-1.05905078" lon="119.83477338"></trkpt>
  <trkpt lat="-1.05905078" lon="119.83475058"></trkpt>
  <trkpt lat="-1.05905078" lon="119.83472770"></trkpt>
  <trkpt lat="-1.05907367" lon="119.83465922"></trkpt>
  <trkpt lat="-1.05907367" lon="119.83461346"></trkpt>
  <trkpt lat="-1.05907367" lon="119.83459066"></trkpt>
  <trkpt lat="-1.05907367" lon="119.83461346"></trkpt>
  <trkpt lat="-1.05907367" lon="119.83459066"></trkpt>
  <trkpt lat="-1.05909646" lon="119.83456777"></trkpt>
  <trkpt lat="-1.05907367" lon="119.83452209"></trkpt>
  <trkpt lat="-1.05907367" lon="119.83447641"></trkpt>
  <trkpt lat="-1.05907367" lon="119.83445353"></trkpt>
  <trkpt lat="-1.05909646" lon="119.83443073"></trkpt>
  <trkpt lat="-1.05909646" lon="119.83436217"></trkpt>
  <trkpt lat="-1.05911935" lon="119.83431648"></trkpt>
  <trkpt lat="-1.05911935" lon="119.83429369"></trkpt>
  <trkpt lat="-1.05914223" lon="119.83427080"></trkpt>
  <trkpt lat="-1.05916503" lon="119.83424800"></trkpt>
  <trkpt lat="-1.05918791" lon="119.83420224"></trkpt>
  <trkpt lat="-1.05921071" lon="119.83415656"></trkpt>
  <trkpt lat="-1.05923359" lon="119.83413376"></trkpt>
  <trkpt lat="-1.05923359" lon="119.83408808"></trkpt>
  <trkpt lat="-1.05925639" lon="119.83406520"></trkpt>
  <trkpt lat="-1.05930207" lon="119.83397383"></trkpt>
  <trkpt lat="-1.05930207" lon="119.83390527"></trkpt>
  <trkpt lat="-1.05932496" lon="119.83383679"></trkpt>
  <trkpt lat="-1.05934775" lon="119.83381391"></trkpt>
  <trkpt lat="-1.05934775" lon="119.83379111"></trkpt>
  <trkpt lat="-1.05934775" lon="119.83374543"></trkpt>
  <trkpt lat="-1.05934775" lon="119.83370251"></trkpt>
  <trkpt lat="-1.05934775" lon="119.83367971"></trkpt>
  <trkpt lat="-1.05937064" lon="119.83367971"></trkpt>
  <trkpt lat="-1.05934775" lon="119.83365683"></trkpt>
  <trkpt lat="-1.05937064" lon="119.83363403"></trkpt>
  <trkpt lat="-1.05939344" lon="119.83356547"></trkpt>
  <trkpt lat="-1.05939344" lon="119.83358835"></trkpt>
  <trkpt lat="-1.05937064" lon="119.83361115"></trkpt>
  <trkpt lat="-1.05937064" lon="119.83358835"></trkpt>
  <trkpt lat="-1.05937064" lon="119.83356547"></trkpt>
  <trkpt lat="-1.05937064" lon="119.83354267"></trkpt>
  <trkpt lat="-1.05939344" lon="119.83345122"></trkpt>
  <trkpt lat="-1.05941632" lon="119.83345122"></trkpt>
  <trkpt lat="-1.05943912" lon="119.83340554"></trkpt>
  <trkpt lat="-1.05946200" lon="119.83333706"></trkpt>
  <trkpt lat="-1.05948480" lon="119.83329138"></trkpt>
  <trkpt lat="-1.05950768" lon="119.83324570"></trkpt>
  <trkpt lat="-1.05953048" lon="119.83322281"></trkpt>
  <trkpt lat="-1.05953048" lon="119.83319993"></trkpt>
  <trkpt lat="-1.05955336" lon="119.83317713"></trkpt>
  <trkpt lat="-1.05957625" lon="119.83313145"></trkpt>
  <trkpt lat="-1.05957625" lon="119.83310857"></trkpt>
  <trkpt lat="-1.05959904" lon="119.83308577"></trkpt>
  <trkpt lat="-1.05964473" lon="119.83299441"></trkpt>
  <trkpt lat="-1.05964473" lon="119.83297152"></trkpt>
  <trkpt lat="-1.05966761" lon="119.83292584"></trkpt>
  <trkpt lat="-1.05969041" lon="119.83290296"></trkpt>
  <trkpt lat="-1.05971329" lon="119.83285728"></trkpt>
  <trkpt lat="-1.05973609" lon="119.83278880"></trkpt>
  <trkpt lat="-1.05975897" lon="119.83274312"></trkpt>
  <trkpt lat="-1.05978177" lon="119.83272023"></trkpt>
  <trkpt lat="-1.05978177" lon="119.83269735"></trkpt>
  <trkpt lat="-1.05980465" lon="119.83269735"></trkpt>
  <trkpt lat="-1.05980465" lon="119.83267455"></trkpt>
  <trkpt lat="-1.05978177" lon="119.83267455"></trkpt>
  <trkpt lat="-1.05982603" lon="119.83267313"></trkpt>
  <trkpt lat="-1.05980323" lon="119.83267313"></trkpt>
  <trkpt lat="-1.05980323" lon="119.83269593"></trkpt>
  <trkpt lat="-1.05978034" lon="119.83267313"></trkpt>
  <trkpt lat="-1.05980323" lon="119.83267313"></trkpt>
  <trkpt lat="-1.05978034" lon="119.83267313"></trkpt>
  <trkpt lat="-1.05980323" lon="119.83267313"></trkpt>
  <trkpt lat="-1.05982603" lon="119.83267313"></trkpt>
  <trkpt lat="-1.05984891" lon="119.83267313"></trkpt>
  <trkpt lat="-1.05982603" lon="119.83267313"></trkpt>
  <trkpt lat="-1.05980323" lon="119.83269593"></trkpt>
  <trkpt lat="-1.05982603" lon="119.83267313"></trkpt>
  <trkpt lat="-1.05980323" lon="119.83267313"></trkpt>
  <trkpt lat="-1.05982603" lon="119.83267313"></trkpt>
  <trkpt lat="-1.05980323" lon="119.83267313"></trkpt>
  <trkpt lat="-1.05982603" lon="119.83267313"></trkpt>
  <trkpt lat="-1.05982603" lon="119.83265025"></trkpt>
  <trkpt lat="-1.05982603" lon="119.83258177"></trkpt>
  <trkpt lat="-1.05982603" lon="119.83255888"></trkpt>
  <trkpt lat="-1.05982603" lon="119.83251320"></trkpt>
  <trkpt lat="-1.05980323" lon="119.83239896"></trkpt>
  <trkpt lat="-1.05978034" lon="119.83233048"></trkpt>
  <trkpt lat="-1.05978034" lon="119.83230759"></trkpt>
  <trkpt lat="-1.05975755" lon="119.83223903"></trkpt>
  <trkpt lat="-1.05973466" lon="119.83207919"></trkpt>
  <trkpt lat="-1.05973466" lon="119.83201062"></trkpt>
  <trkpt lat="-1.05973466" lon="119.83198774"></trkpt>
  <trkpt lat="-1.05973466" lon="119.83196494"></trkpt>
  <trkpt lat="-1.05975755" lon="119.83194206"></trkpt>
  <trkpt lat="-1.05978034" lon="119.83194206"></trkpt>
  <trkpt lat="-1.05980323" lon="119.83191926"></trkpt>
  <trkpt lat="-1.05982603" lon="119.83189638"></trkpt>
  <trkpt lat="-1.05984891" lon="119.83187358"></trkpt>
  <trkpt lat="-1.05984891" lon="119.83185070"></trkpt>
  <trkpt lat="-1.05987171" lon="119.83182790"></trkpt>
  <trkpt lat="-1.05991739" lon="119.83180501"></trkpt>
  <trkpt lat="-1.05991739" lon="119.83178213"></trkpt>
  <trkpt lat="-1.05994027" lon="119.83173645"></trkpt>
  <trkpt lat="-1.06000884" lon="119.83150804"></trkpt>
  <trkpt lat="-1.06005452" lon="119.83123387"></trkpt>
  <trkpt lat="-1.06007732" lon="119.83118819"></trkpt>
  <trkpt lat="-1.06012300" lon="119.83102826"></trkpt>
  <trkpt lat="-1.06014588" lon="119.83095978"></trkpt>
  <trkpt lat="-1.06014588" lon="119.83084554"></trkpt>
  <trkpt lat="-1.06016868" lon="119.83073129"></trkpt>
  <trkpt lat="-1.06019156" lon="119.83066281"></trkpt>
  <trkpt lat="-1.06021436" lon="119.83059425"></trkpt>
  <trkpt lat="-1.06021436" lon="119.83050289"></trkpt>
  <trkpt lat="-1.06023724" lon="119.83041152"></trkpt>
  <trkpt lat="-1.06026004" lon="119.83032008"></trkpt>
  <trkpt lat="-1.06026004" lon="119.83022871"></trkpt>
  <trkpt lat="-1.06028292" lon="119.83013735"></trkpt>
  <trkpt lat="-1.06032860" lon="119.83006879"></trkpt>
  <trkpt lat="-1.06035149" lon="119.83000031"></trkpt>
  <trkpt lat="-1.06032860" lon="119.82995463"></trkpt>
  <trkpt lat="-1.06032718" lon="119.82997885"></trkpt>
  <trkpt lat="-1.06034998" lon="119.82993317"></trkpt>
  <trkpt lat="-1.06032718" lon="119.82988749"></trkpt>
  <trkpt lat="-1.06034998" lon="119.82984181"></trkpt>
  <trkpt lat="-1.06037286" lon="119.82981892"></trkpt>
  <trkpt lat="-1.06034998" lon="119.82975044"></trkpt>
  <trkpt lat="-1.06032718" lon="119.82972756"></trkpt>
  <trkpt lat="-1.06034998" lon="119.82970476"></trkpt>
  <trkpt lat="-1.06032718" lon="119.82968188"></trkpt>
  <trkpt lat="-1.06037286" lon="119.82961331"></trkpt>
  <trkpt lat="-1.06037286" lon="119.82959052"></trkpt>
  <trkpt lat="-1.06034998" lon="119.82949915"></trkpt>
  <trkpt lat="-1.06034998" lon="119.82938491"></trkpt>
  <trkpt lat="-1.06034998" lon="119.82936203"></trkpt>
  <trkpt lat="-1.06037286" lon="119.82931634"></trkpt>
  <trkpt lat="-1.06044143" lon="119.82924786"></trkpt>
  <trkpt lat="-1.06046422" lon="119.82922498"></trkpt>
  <trkpt lat="-1.06053279" lon="119.82904226"></trkpt>
  <trkpt lat="-1.06057847" lon="119.82892801"></trkpt>
  <trkpt lat="-1.06060127" lon="119.82890521"></trkpt>
  <trkpt lat="-1.06062415" lon="119.82888233"></trkpt>
  <trkpt lat="-1.06062415" lon="119.82885945"></trkpt>
  <trkpt lat="-1.06066983" lon="119.82883665"></trkpt>
  <trkpt lat="-1.06069263" lon="119.82881377"></trkpt>
  <trkpt lat="-1.06069263" lon="119.82876808"></trkpt>
  <trkpt lat="-1.06066983" lon="119.82867672"></trkpt>
  <trkpt lat="-1.06066983" lon="119.82860816"></trkpt>
  <trkpt lat="-1.06066983" lon="119.82853968"></trkpt>
  <trkpt lat="-1.06069263" lon="119.82844823"></trkpt>
  <trkpt lat="-1.06071551" lon="119.82837975"></trkpt>
  <trkpt lat="-1.06076119" lon="119.82831119"></trkpt>
  <trkpt lat="-1.06082976" lon="119.82821982"></trkpt>
  <trkpt lat="-1.06089824" lon="119.82812846"></trkpt>
  <trkpt lat="-1.06089824" lon="119.82810558"></trkpt>
  <trkpt lat="-1.06098960" lon="119.82801422"></trkpt>
  <trkpt lat="-1.06101248" lon="119.82799142"></trkpt>
  <trkpt lat="-1.06103528" lon="119.82794565"></trkpt>
  <trkpt lat="-1.06108105" lon="119.82792285"></trkpt>
  <trkpt lat="-1.06112673" lon="119.82787717"></trkpt>
  <trkpt lat="-1.06114953" lon="119.82785429"></trkpt>
  <trkpt lat="-1.06119521" lon="119.82783149"></trkpt>
  <trkpt lat="-1.06126377" lon="119.82778581"></trkpt>
  <trkpt lat="-1.06130945" lon="119.82776293"></trkpt>
  <trkpt lat="-1.06135514" lon="119.82771724"></trkpt>
  <trkpt lat="-1.06140082" lon="119.82769436"></trkpt>
  <trkpt lat="-1.06142370" lon="119.82769436"></trkpt>
  <trkpt lat="-1.06144650" lon="119.82767156"></trkpt>
  <trkpt lat="-1.06146938" lon="119.82764868"></trkpt>
  <trkpt lat="-1.06149218" lon="119.82762588"></trkpt>
  <trkpt lat="-1.06153786" lon="119.82760300"></trkpt>
  <trkpt lat="-1.06156074" lon="119.82760300"></trkpt>
  <trkpt lat="-1.06158354" lon="119.82760300"></trkpt>
  <trkpt lat="-1.06165211" lon="119.82758020"></trkpt>
  <trkpt lat="-1.06172059" lon="119.82755732"></trkpt>
  <trkpt lat="-1.06174347" lon="119.82751164"></trkpt>
  <trkpt lat="-1.06174347" lon="119.82748875"></trkpt>
  <trkpt lat="-1.06181195" lon="119.82746596"></trkpt>
  <trkpt lat="-1.06188051" lon="119.82746596"></trkpt>
  <trkpt lat="-1.06190340" lon="119.82746596"></trkpt>
  <trkpt lat="-1.06192620" lon="119.82744307"></trkpt>
  <trkpt lat="-1.06194908" lon="119.82744307"></trkpt>
  <trkpt lat="-1.06197188" lon="119.82744307"></trkpt>
  <trkpt lat="-1.06201756" lon="119.82739739"></trkpt>
  <trkpt lat="-1.06210892" lon="119.82723746"></trkpt>
  <trkpt lat="-1.06217748" lon="119.82719178"></trkpt>
  <trkpt lat="-1.06217748" lon="119.82716898"></trkpt>
  <trkpt lat="-1.06220037" lon="119.82714610"></trkpt>
  <trkpt lat="-1.06220037" lon="119.82712330"></trkpt>
  <trkpt lat="-1.06220037" lon="119.82710042"></trkpt>
  <trkpt lat="-1.06224605" lon="119.82705474"></trkpt>
  <trkpt lat="-1.06229173" lon="119.82700906"></trkpt>
  <trkpt lat="-1.06231453" lon="119.82700906"></trkpt>
  <trkpt lat="-1.06238309" lon="119.82700906"></trkpt>
  <trkpt lat="-1.06240589" lon="119.82698618"></trkpt>
  <trkpt lat="-1.06245157" lon="119.82698618"></trkpt>
  <trkpt lat="-1.06247446" lon="119.82698618"></trkpt>
  <trkpt lat="-1.06245157" lon="119.82696338"></trkpt>
  <trkpt lat="-1.06252014" lon="119.82694049"></trkpt>
  <trkpt lat="-1.06254302" lon="119.82694049"></trkpt>
  <trkpt lat="-1.06268006" lon="119.82678065"></trkpt>
  <trkpt lat="-1.06270286" lon="119.82673489"></trkpt>
  <trkpt lat="-1.06274854" lon="119.82671209"></trkpt>
  <trkpt lat="-1.06279423" lon="119.82666641"></trkpt>
  <trkpt lat="-1.06281711" lon="119.82664352"></trkpt>
  <trkpt lat="-1.06283991" lon="119.82659784"></trkpt>
  <trkpt lat="-1.06283991" lon="119.82657504"></trkpt>
  <trkpt lat="-1.06286279" lon="119.82657504"></trkpt>
  <trkpt lat="-1.06290847" lon="119.82650648"></trkpt>
  <trkpt lat="-1.06293127" lon="119.82646080"></trkpt>
  <trkpt lat="-1.06304551" lon="119.82636943"></trkpt>
  <trkpt lat="-1.06311408" lon="119.82632367"></trkpt>
  <trkpt lat="-1.06311408" lon="119.82630087"></trkpt>
  <trkpt lat="-1.06313688" lon="119.82627799"></trkpt>
  <trkpt lat="-1.06315976" lon="119.82625519"></trkpt>
  <trkpt lat="-1.06318256" lon="119.82623231"></trkpt>
  <trkpt lat="-1.06322824" lon="119.82618663"></trkpt>
  <trkpt lat="-1.06325112" lon="119.82616383"></trkpt>
  <trkpt lat="-1.06327392" lon="119.82614094"></trkpt>
  <trkpt lat="-1.06334249" lon="119.82602670"></trkpt>
  <trkpt lat="-1.06334249" lon="119.82600390"></trkpt>
  <trkpt lat="-1.06336537" lon="119.82600390"></trkpt>
  <trkpt lat="-1.06338817" lon="119.82595822"></trkpt>
  <trkpt lat="-1.06338817" lon="119.82593534"></trkpt>
  <trkpt lat="-1.06350241" lon="119.82584397"></trkpt>
  <trkpt lat="-1.06352521" lon="119.82584397"></trkpt>
  <trkpt lat="-1.06354809" lon="119.82582109"></trkpt>
  <trkpt lat="-1.06357089" lon="119.82582109"></trkpt>
  <trkpt lat="-1.06361657" lon="119.82582109"></trkpt>
  <trkpt lat="-1.06375370" lon="119.82566125"></trkpt>
  <trkpt lat="-1.06377650" lon="119.82563837"></trkpt>
  <trkpt lat="-1.06379938" lon="119.82563837"></trkpt>
  <trkpt lat="-1.06382218" lon="119.82563837"></trkpt>
  <trkpt lat="-1.06386786" lon="119.82561557"></trkpt>
  <trkpt lat="-1.06386786" lon="119.82559268"></trkpt>
  <trkpt lat="-1.06389075" lon="119.82559268"></trkpt>
  <trkpt lat="-1.06395923" lon="119.82552412"></trkpt>
  <trkpt lat="-1.06398211" lon="119.82547844"></trkpt>
  <trkpt lat="-1.06407347" lon="119.82536428"></trkpt>
  <trkpt lat="-1.06437044" lon="119.82525003"></trkpt>
  <trkpt lat="-1.06471309" lon="119.82506722"></trkpt>
  <trkpt lat="-1.06480446" lon="119.82502154"></trkpt>
  <trkpt lat="-1.06482734" lon="119.82499874"></trkpt>
  <trkpt lat="-1.06485014" lon="119.82497586"></trkpt>
  <trkpt lat="-1.06487302" lon="119.82497586"></trkpt>
  <trkpt lat="-1.06491870" lon="119.82495306"></trkpt>
  <trkpt lat="-1.06494150" lon="119.82493018"></trkpt>
  <trkpt lat="-1.06498718" lon="119.82486161"></trkpt>
  <trkpt lat="-1.06501007" lon="119.82483882"></trkpt>
  <trkpt lat="-1.06505575" lon="119.82474745"></trkpt>
  <trkpt lat="-1.06505575" lon="119.82467889"></trkpt>
  <trkpt lat="-1.06507855" lon="119.82465609"></trkpt>
  <trkpt lat="-1.06516991" lon="119.82456464"></trkpt>
  <trkpt lat="-1.06521567" lon="119.82456464"></trkpt>
  <trkpt lat="-1.06521567" lon="119.82454184"></trkpt>
  <trkpt lat="-1.06526135" lon="119.82451896"></trkpt>
  <trkpt lat="-1.06528415" lon="119.82451896"></trkpt>
  <trkpt lat="-1.06528415" lon="119.82449616"></trkpt>
  <trkpt lat="-1.06530704" lon="119.82449616"></trkpt>
  <trkpt lat="-1.06535272" lon="119.82451896"></trkpt>
  <trkpt lat="-1.06537552" lon="119.82451896"></trkpt>
  <trkpt lat="-1.06539840" lon="119.82449616"></trkpt>
  <trkpt lat="-1.06542120" lon="119.82447328"></trkpt>
  <trkpt lat="-1.06544408" lon="119.82445048"></trkpt>
  <trkpt lat="-1.06548976" lon="119.82433624"></trkpt>
  <trkpt lat="-1.06551256" lon="119.82431335"></trkpt>
  <trkpt lat="-1.06553544" lon="119.82429055"></trkpt>
  <trkpt lat="-1.06555833" lon="119.82424487"></trkpt>
  <trkpt lat="-1.06569537" lon="119.82394782"></trkpt>
  <trkpt lat="-1.06571817" lon="119.82392502"></trkpt>
  <trkpt lat="-1.06576385" lon="119.82387934"></trkpt>
  <trkpt lat="-1.06576385" lon="119.82383366"></trkpt>
  <trkpt lat="-1.06578673" lon="119.82369653"></trkpt>
  <trkpt lat="-1.06580953" lon="119.82360517"></trkpt>
  <trkpt lat="-1.06580953" lon="119.82355949"></trkpt>
  <trkpt lat="-1.06580953" lon="119.82353669"></trkpt>
  <trkpt lat="-1.06580953" lon="119.82349101"></trkpt>
  <trkpt lat="-1.06583241" lon="119.82346812"></trkpt>
  <trkpt lat="-1.06583241" lon="119.82339956"></trkpt>
  <trkpt lat="-1.06583241" lon="119.82337676"></trkpt>
  <trkpt lat="-1.06585521" lon="119.82335388"></trkpt>
  <trkpt lat="-1.06585521" lon="119.82333108"></trkpt>
  <trkpt lat="-1.06585521" lon="119.82330820"></trkpt>
  <trkpt lat="-1.06587810" lon="119.82330820"></trkpt>
  <trkpt lat="-1.06590089" lon="119.82328540"></trkpt>
  <trkpt lat="-1.06592378" lon="119.82328540"></trkpt>
  <trkpt lat="-1.06592378" lon="119.82326251"></trkpt>
  <trkpt lat="-1.06592378" lon="119.82323972"></trkpt>
  <trkpt lat="-1.06594666" lon="119.82323972"></trkpt>
  <trkpt lat="-1.06594666" lon="119.82321683"></trkpt>
  <trkpt lat="-1.06596946" lon="119.82319395"></trkpt>
  <trkpt lat="-1.06601514" lon="119.82314827"></trkpt>
  <trkpt lat="-1.06601514" lon="119.82312547"></trkpt>
  <trkpt lat="-1.06603802" lon="119.82312547"></trkpt>
  <trkpt lat="-1.06603802" lon="119.82310259"></trkpt>
  <trkpt lat="-1.06603802" lon="119.82307979"></trkpt>
  <trkpt lat="-1.06606082" lon="119.82303411"></trkpt>
  <trkpt lat="-1.06606082" lon="119.82301123"></trkpt>
  <trkpt lat="-1.06608370" lon="119.82298843"></trkpt>
  <trkpt lat="-1.06608370" lon="119.82296554"></trkpt>
  <trkpt lat="-1.06608370" lon="119.82294266"></trkpt>
  <trkpt lat="-1.06610650" lon="119.82294266"></trkpt>
  <trkpt lat="-1.06608370" lon="119.82294266"></trkpt>
  <trkpt lat="-1.06608370" lon="119.82296554"></trkpt>
  <trkpt lat="-1.06610650" lon="119.82294266"></trkpt>
  <trkpt lat="-1.06612938" lon="119.82287418"></trkpt>
  <trkpt lat="-1.06615218" lon="119.82282850"></trkpt>
  <trkpt lat="-1.06619786" lon="119.82278282"></trkpt>
  <trkpt lat="-1.06626643" lon="119.82271425"></trkpt>
  <trkpt lat="-1.06633499" lon="119.82264569"></trkpt>
  <trkpt lat="-1.06633499" lon="119.82262289"></trkpt>
  <trkpt lat="-1.06633499" lon="119.82255433"></trkpt>
  <trkpt lat="-1.06628931" lon="119.82241728"></trkpt>
  <trkpt lat="-1.06626643" lon="119.82234872"></trkpt>
  <trkpt lat="-1.06626643" lon="119.82225736"></trkpt>
  <trkpt lat="-1.06624355" lon="119.82216599"></trkpt>
  <trkpt lat="-1.06622075" lon="119.82214311"></trkpt>
  <trkpt lat="-1.06622075" lon="119.82202895"></trkpt>
  <trkpt lat="-1.06619786" lon="119.82198318"></trkpt>
  <trkpt lat="-1.06619786" lon="119.82193750"></trkpt>
  <trkpt lat="-1.06619786" lon="119.82184614"></trkpt>
  <trkpt lat="-1.06619786" lon="119.82182334"></trkpt>
  <trkpt lat="-1.06617507" lon="119.82177766"></trkpt>
  <trkpt lat="-1.06624355" lon="119.82152637"></trkpt>
  <trkpt lat="-1.06626643" lon="119.82150349"></trkpt>
  <trkpt lat="-1.06631211" lon="119.82138924"></trkpt>
  <trkpt lat="-1.06638067" lon="119.82125220"></trkpt>
  <trkpt lat="-1.06642636" lon="119.82120652"></trkpt>
  <trkpt lat="-1.06640347" lon="119.82120652"></trkpt>
  <trkpt lat="-1.06640347" lon="119.82118363"></trkpt>
  <trkpt lat="-1.06640347" lon="119.82116084"></trkpt>
  <trkpt lat="-1.06640347" lon="119.82109227"></trkpt>
  <trkpt lat="-1.06640347" lon="119.82095523"></trkpt>
  <trkpt lat="-1.06640347" lon="119.82088666"></trkpt>
  <trkpt lat="-1.06642636" lon="119.82077242"></trkpt>
  <trkpt lat="-1.06642636" lon="119.82074962"></trkpt>
  <trkpt lat="-1.06640347" lon="119.82070394"></trkpt>
  <trkpt lat="-1.06642636" lon="119.82070394"></trkpt>
  <trkpt lat="-1.06642636" lon="119.82068106"></trkpt>
  <trkpt lat="-1.06647204" lon="119.82058969"></trkpt>
  <trkpt lat="-1.06649484" lon="119.82056681"></trkpt>
  <trkpt lat="-1.06654052" lon="119.82054401"></trkpt>
  <trkpt lat="-1.06656340" lon="119.82054401"></trkpt>
  <trkpt lat="-1.06658620" lon="119.82049833"></trkpt>
  <trkpt lat="-1.06660908" lon="119.82047545"></trkpt>
  <trkpt lat="-1.06663188" lon="119.82038409"></trkpt>
  <trkpt lat="-1.06663188" lon="119.82036129"></trkpt>
  <trkpt lat="-1.06665476" lon="119.82036129"></trkpt>
  <trkpt lat="-1.06672333" lon="119.82029272"></trkpt>
  <trkpt lat="-1.06676901" lon="119.82022416"></trkpt>
  <trkpt lat="-1.06679181" lon="119.82017848"></trkpt>
  <trkpt lat="-1.06679181" lon="119.82013280"></trkpt>
  <trkpt lat="-1.06683749" lon="119.82006423"></trkpt>
  <trkpt lat="-1.06683749" lon="119.82008711"></trkpt>
  <trkpt lat="-1.06686037" lon="119.82008711"></trkpt>
  <trkpt lat="-1.06683749" lon="119.82008711"></trkpt>
  <trkpt lat="-1.06686037" lon="119.82008711"></trkpt>
  <trkpt lat="-1.06690605" lon="119.82001855"></trkpt>
  <trkpt lat="-1.06692885" lon="119.81981294"></trkpt>
  <trkpt lat="-1.06695173" lon="119.81974446"></trkpt>
  <trkpt lat="-1.06697453" lon="119.81965310"></trkpt>
  <trkpt lat="-1.06697453" lon="119.81960733"></trkpt>
  <trkpt lat="-1.06702021" lon="119.81949317"></trkpt>
  <trkpt lat="-1.06704310" lon="119.81944749"></trkpt>
  <trkpt lat="-1.06704310" lon="119.81940181"></trkpt>
  <trkpt lat="-1.06708878" lon="119.81933325"></trkpt>
  <trkpt lat="-1.06715734" lon="119.81926468"></trkpt>
  <trkpt lat="-1.06713446" lon="119.81924188"></trkpt>
  <trkpt lat="-1.06715734" lon="119.81919620"></trkpt>
  <trkpt lat="-1.06715734" lon="119.81917332"></trkpt>
  <trkpt lat="-1.06718014" lon="119.81910476"></trkpt>
  <trkpt lat="-1.06724870" lon="119.81903628"></trkpt>
  <trkpt lat="-1.06724870" lon="119.81899059"></trkpt>
  <trkpt lat="-1.06727150" lon="119.81899059"></trkpt>
  <trkpt lat="-1.06729439" lon="119.81896771"></trkpt>
  <trkpt lat="-1.06734007" lon="119.81896771"></trkpt>
  <trkpt lat="-1.06738575" lon="119.81894483"></trkpt>
  <trkpt lat="-1.06745431" lon="119.81887635"></trkpt>
  <trkpt lat="-1.06749999" lon="119.81885347"></trkpt>
  <trkpt lat="-1.06752279" lon="119.81883067"></trkpt>
  <trkpt lat="-1.06754567" lon="119.81880778"></trkpt>
  <trkpt lat="-1.06756847" lon="119.81880778"></trkpt>
  <trkpt lat="-1.06763704" lon="119.81876210"></trkpt>
  <trkpt lat="-1.06765984" lon="119.81876210"></trkpt>
  <trkpt lat="-1.06770552" lon="119.81869354"></trkpt>
  <trkpt lat="-1.06784265" lon="119.81855650"></trkpt>
  <trkpt lat="-1.06791113" lon="119.81844225"></trkpt>
  <trkpt lat="-1.06791113" lon="119.81841945"></trkpt>
  <trkpt lat="-1.06793401" lon="119.81841945"></trkpt>
  <trkpt lat="-1.06793401" lon="119.81844225"></trkpt>
  <trkpt lat="-1.06795681" lon="119.81841945"></trkpt>
  <trkpt lat="-1.06795681" lon="119.81835089"></trkpt>
  <trkpt lat="-1.06804817" lon="119.81828241"></trkpt>
  <trkpt lat="-1.06811673" lon="119.81821384"></trkpt>
  <trkpt lat="-1.06820810" lon="119.81814528"></trkpt>
  <trkpt lat="-1.06820810" lon="119.81809960"></trkpt>
  <trkpt lat="-1.06823098" lon="119.81805392"></trkpt>
  <trkpt lat="-1.06823098" lon="119.81803112"></trkpt>
  <trkpt lat="-1.06823098" lon="119.81798544"></trkpt>
  <trkpt lat="-1.06825378" lon="119.81796255"></trkpt>
  <trkpt lat="-1.06825378" lon="119.81793967"></trkpt>
  <trkpt lat="-1.06827666" lon="119.81789399"></trkpt>
  <trkpt lat="-1.06825378" lon="119.81787119"></trkpt>
  <trkpt lat="-1.06825378" lon="119.81784831"></trkpt>
  <trkpt lat="-1.06825378" lon="119.81782551"></trkpt>
  <trkpt lat="-1.06829946" lon="119.81775695"></trkpt>
  <trkpt lat="-1.06832234" lon="119.81768838"></trkpt>
  <trkpt lat="-1.06829946" lon="119.81764270"></trkpt>
  <trkpt lat="-1.06832234" lon="119.81761990"></trkpt>
  <trkpt lat="-1.06834514" lon="119.81755134"></trkpt>
  <trkpt lat="-1.06836802" lon="119.81750566"></trkpt>
  <trkpt lat="-1.06848218" lon="119.81743709"></trkpt>
  <trkpt lat="-1.06850507" lon="119.81741429"></trkpt>
  <trkpt lat="-1.06857363" lon="119.81734573"></trkpt>
  <trkpt lat="-1.06864211" lon="119.81730005"></trkpt>
  <trkpt lat="-1.06864211" lon="119.81727725"></trkpt>
  <trkpt lat="-1.06866499" lon="119.81727725"></trkpt>
  <trkpt lat="-1.06871068" lon="119.81725437"></trkpt>
  <trkpt lat="-1.06882484" lon="119.81702596"></trkpt>
  <trkpt lat="-1.06882484" lon="119.81700308"></trkpt>
  <trkpt lat="-1.06884772" lon="119.81695740"></trkpt>
  <trkpt lat="-1.06887052" lon="119.81693451"></trkpt>
  <trkpt lat="-1.06887052" lon="119.81688883"></trkpt>
  <trkpt lat="-1.06887052" lon="119.81691171"></trkpt>
  <trkpt lat="-1.06889340" lon="119.81688883"></trkpt>
  <trkpt lat="-1.06891620" lon="119.81686603"></trkpt>
  <trkpt lat="-1.06891620" lon="119.81684315"></trkpt>
  <trkpt lat="-1.06891620" lon="119.81679747"></trkpt>
  <trkpt lat="-1.06893908" lon="119.81677467"></trkpt>
  <trkpt lat="-1.06896196" lon="119.81675179"></trkpt>
  <trkpt lat="-1.06898476" lon="119.81670611"></trkpt>
  <trkpt lat="-1.06898476" lon="119.81668322"></trkpt>
  <trkpt lat="-1.06900765" lon="119.81663754"></trkpt>
  <trkpt lat="-1.06900765" lon="119.81661474"></trkpt>
  <trkpt lat="-1.06903045" lon="119.81661474"></trkpt>
  <trkpt lat="-1.06903045" lon="119.81659186"></trkpt>
  <trkpt lat="-1.06900765" lon="119.81647762"></trkpt>
  <trkpt lat="-1.06905333" lon="119.81638625"></trkpt>
  <trkpt lat="-1.06909901" lon="119.81624921"></trkpt>
  <trkpt lat="-1.06909901" lon="119.81622633"></trkpt>
  <trkpt lat="-1.06909901" lon="119.81620353"></trkpt>
  <trkpt lat="-1.06912181" lon="119.81604360"></trkpt>
  <trkpt lat="-1.06912181" lon="119.81602072"></trkpt>
  <trkpt lat="-1.06912181" lon="119.81599792"></trkpt>
  <trkpt lat="-1.06912181" lon="119.81597504"></trkpt>
  <trkpt lat="-1.06914469" lon="119.81595224"></trkpt>
  <trkpt lat="-1.06914469" lon="119.81592936"></trkpt>
  <trkpt lat="-1.06914469" lon="119.81590656"></trkpt>
  <trkpt lat="-1.06916749" lon="119.81590656"></trkpt>
  <trkpt lat="-1.06916749" lon="119.81586087"></trkpt>
  <trkpt lat="-1.06923605" lon="119.81572375"></trkpt>
  <trkpt lat="-1.06930462" lon="119.81560959"></trkpt>
  <trkpt lat="-1.06930462" lon="119.81558670"></trkpt>
  <trkpt lat="-1.06937310" lon="119.81549534"></trkpt>
  <trkpt lat="-1.06946446" lon="119.81544966"></trkpt>
  <trkpt lat="-1.06946446" lon="119.81542678"></trkpt>
  <trkpt lat="-1.06957871" lon="119.81526685"></trkpt>
  <trkpt lat="-1.06962439" lon="119.81522117"></trkpt>
  <trkpt lat="-1.06962439" lon="119.81517549"></trkpt>
  <trkpt lat="-1.06964727" lon="119.81512981"></trkpt>
  <trkpt lat="-1.06967007" lon="119.81512981"></trkpt>
  <trkpt lat="-1.06969295" lon="119.81503844"></trkpt>
  <trkpt lat="-1.06971575" lon="119.81501556"></trkpt>
  <trkpt lat="-1.06971575" lon="119.81499276"></trkpt>
  <trkpt lat="-1.06969295" lon="119.81490140"></trkpt>
  <trkpt lat="-1.06969295" lon="119.81487852"></trkpt>
  <trkpt lat="-1.06967007" lon="119.81483283"></trkpt>
  <trkpt lat="-1.06969295" lon="119.81483283"></trkpt>
  <trkpt lat="-1.06971575" lon="119.81469579"></trkpt>
  <trkpt lat="-1.06976143" lon="119.81462723"></trkpt>
  <trkpt lat="-1.06976143" lon="119.81460434"></trkpt>
  <trkpt lat="-1.06976143" lon="119.81458155"></trkpt>
  <trkpt lat="-1.06978431" lon="119.81455866"></trkpt>
  <trkpt lat="-1.06980711" lon="119.81453586"></trkpt>
  <trkpt lat="-1.06982999" lon="119.81444450"></trkpt>
  <trkpt lat="-1.06982999" lon="119.81442162"></trkpt>
  <trkpt lat="-1.06982999" lon="119.81437594"></trkpt>
  <trkpt lat="-1.06987568" lon="119.81428457"></trkpt>
  <trkpt lat="-1.06992136" lon="119.81414753"></trkpt>
  <trkpt lat="-1.06992136" lon="119.81407897"></trkpt>
  <trkpt lat="-1.06992136" lon="119.81405608"></trkpt>
  <trkpt lat="-1.06994416" lon="119.81401040"></trkpt>
  <trkpt lat="-1.06996704" lon="119.81396472"></trkpt>
  <trkpt lat="-1.07001272" lon="119.81389616"></trkpt>
  <trkpt lat="-1.07003552" lon="119.81385048"></trkpt>
  <trkpt lat="-1.07003552" lon="119.81380479"></trkpt>
  <trkpt lat="-1.07005840" lon="119.81378200"></trkpt>
  <trkpt lat="-1.07008128" lon="119.81375911"></trkpt>
  <trkpt lat="-1.07010408" lon="119.81369055"></trkpt>
  <trkpt lat="-1.07017265" lon="119.81362207"></trkpt>
  <trkpt lat="-1.07019545" lon="119.81362207"></trkpt>
  <trkpt lat="-1.07024113" lon="119.81357639"></trkpt>
  <trkpt lat="-1.07024113" lon="119.81355350"></trkpt>
  <trkpt lat="-1.07024113" lon="119.81346214"></trkpt>
  <trkpt lat="-1.07024113" lon="119.81343926"></trkpt>
  <trkpt lat="-1.07024113" lon="119.81346214"></trkpt>
  <trkpt lat="-1.07024113" lon="119.81343926"></trkpt>
  <trkpt lat="-1.07026401" lon="119.81343926"></trkpt>
  <trkpt lat="-1.07024113" lon="119.81343926"></trkpt>
  <trkpt lat="-1.07026401" lon="119.81343926"></trkpt>
  <trkpt lat="-1.07026401" lon="119.81341646"></trkpt>
  <trkpt lat="-1.07026401" lon="119.81343926"></trkpt>
  <trkpt lat="-1.07026401" lon="119.81341646"></trkpt>
  <trkpt lat="-1.07028681" lon="119.81339358"></trkpt>
  <trkpt lat="-1.07028681" lon="119.81337078"></trkpt>
  <trkpt lat="-1.07030969" lon="119.81334790"></trkpt>
  <trkpt lat="-1.07030969" lon="119.81325653"></trkpt>
  <trkpt lat="-1.07033249" lon="119.81321085"></trkpt>
  <trkpt lat="-1.07040105" lon="119.81311949"></trkpt>
  <trkpt lat="-1.07049242" lon="119.81302813"></trkpt>
  <trkpt lat="-1.07049242" lon="119.81300524"></trkpt>
  <trkpt lat="-1.07051530" lon="119.81298236"></trkpt>
  <trkpt lat="-1.07056098" lon="119.81295956"></trkpt>
  <trkpt lat="-1.07062946" lon="119.81291388"></trkpt>
  <trkpt lat="-1.07067514" lon="119.81286820"></trkpt>
  <trkpt lat="-1.07074371" lon="119.81282252"></trkpt>
  <trkpt lat="-1.07076659" lon="119.81279964"></trkpt>
  <trkpt lat="-1.07085795" lon="119.81268539"></trkpt>
  <trkpt lat="-1.07092643" lon="119.81261691"></trkpt>
  <trkpt lat="-1.07094931" lon="119.81259403"></trkpt>
  <trkpt lat="-1.07094931" lon="119.81257123"></trkpt>
  <trkpt lat="-1.07097211" lon="119.81257123"></trkpt>
  <trkpt lat="-1.07101779" lon="119.81257123"></trkpt>
  <trkpt lat="-1.07104068" lon="119.81254835"></trkpt>
  <trkpt lat="-1.07108636" lon="119.81250267"></trkpt>
  <trkpt lat="-1.07115484" lon="119.81245698"></trkpt>
  <trkpt lat="-1.07120060" lon="119.81238842"></trkpt>
  <trkpt lat="-1.07120060" lon="119.81236562"></trkpt>
  <trkpt lat="-1.07136045" lon="119.81222849"></trkpt>
  <trkpt lat="-1.07138333" lon="119.81222849"></trkpt>
  <trkpt lat="-1.07147469" lon="119.81206865"></trkpt>
  <trkpt lat="-1.07152037" lon="119.81202297"></trkpt>
  <trkpt lat="-1.07152037" lon="119.81200009"></trkpt>
  <trkpt lat="-1.07158894" lon="119.81193152"></trkpt>
  <trkpt lat="-1.07161174" lon="119.81193152"></trkpt>
  <trkpt lat="-1.07163462" lon="119.81193152"></trkpt>
  <trkpt lat="-1.07177166" lon="119.81174880"></trkpt>
  <trkpt lat="-1.07179446" lon="119.81170312"></trkpt>
  <trkpt lat="-1.07184014" lon="119.81161460"></trkpt>
  <trkpt lat="-1.07186303" lon="119.81159172"></trkpt>
  <trkpt lat="-1.07197727" lon="119.81147747"></trkpt>
  <trkpt lat="-1.07202295" lon="119.81140899"></trkpt>
  <trkpt lat="-1.07204575" lon="119.81136331"></trkpt>
  <trkpt lat="-1.07209143" lon="119.81134043"></trkpt>
  <trkpt lat="-1.07222856" lon="119.81134043"></trkpt>
  <trkpt lat="-1.07229704" lon="119.81129475"></trkpt>
  <trkpt lat="-1.07234272" lon="119.81129475"></trkpt>
  <trkpt lat="-1.07245697" lon="119.81124907"></trkpt>
  <trkpt lat="-1.07245697" lon="119.81122619"></trkpt>
  <trkpt lat="-1.07247977" lon="119.81122619"></trkpt>
  <trkpt lat="-1.07250265" lon="119.81122619"></trkpt>
  <trkpt lat="-1.07254833" lon="119.81122619"></trkpt>
  <trkpt lat="-1.07261681" lon="119.81120339"></trkpt>
  <trkpt lat="-1.07268537" lon="119.81118050"></trkpt>
  <trkpt lat="-1.07279962" lon="119.81115771"></trkpt>
  <trkpt lat="-1.07286810" lon="119.81115771"></trkpt>
  <trkpt lat="-1.07289098" lon="119.81115771"></trkpt>
  <trkpt lat="-1.07291378" lon="119.81115771"></trkpt>
  <trkpt lat="-1.07302803" lon="119.81118050"></trkpt>
  <trkpt lat="-1.07305091" lon="119.81120339"></trkpt>
  <trkpt lat="-1.07316507" lon="119.81115771"></trkpt>
  <trkpt lat="-1.07325643" lon="119.81113482"></trkpt>
  <trkpt lat="-1.07330211" lon="119.81113482"></trkpt>
  <trkpt lat="-1.07346204" lon="119.81113482"></trkpt>
  <trkpt lat="-1.07353061" lon="119.81113482"></trkpt>
  <trkpt lat="-1.07355340" lon="119.81111202"></trkpt>
  <trkpt lat="-1.07357629" lon="119.81111202"></trkpt>
  <trkpt lat="-1.07359909" lon="119.81111202"></trkpt>
  <trkpt lat="-1.07366765" lon="119.81106634"></trkpt>
  <trkpt lat="-1.07371333" lon="119.81104346"></trkpt>
  <trkpt lat="-1.07371333" lon="119.81106634"></trkpt>
  <trkpt lat="-1.07375901" lon="119.81106634"></trkpt>
  <trkpt lat="-1.07378189" lon="119.81106634"></trkpt>
  <trkpt lat="-1.07382758" lon="119.81108914"></trkpt>
  <trkpt lat="-1.07403310" lon="119.81102066"></trkpt>
  <trkpt lat="-1.07410166" lon="119.81099778"></trkpt>
  <trkpt lat="-1.07421591" lon="119.81102066"></trkpt>
  <trkpt lat="-1.07426159" lon="119.81102066"></trkpt>
  <trkpt lat="-1.07428439" lon="119.81099778"></trkpt>
  <trkpt lat="-1.07435295" lon="119.81099778"></trkpt>
  <trkpt lat="-1.07439863" lon="119.81099778"></trkpt>
  <trkpt lat="-1.07464992" lon="119.81095210"></trkpt>
  <trkpt lat="-1.07467272" lon="119.81095210"></trkpt>
  <trkpt lat="-1.07471840" lon="119.81095210"></trkpt>
  <trkpt lat="-1.07478697" lon="119.81097490"></trkpt>
  <trkpt lat="-1.07480977" lon="119.81097490"></trkpt>
  <trkpt lat="-1.07494690" lon="119.81092921"></trkpt>
  <trkpt lat="-1.07503826" lon="119.81090642"></trkpt>
  <trkpt lat="-1.07510674" lon="119.81092921"></trkpt>
  <trkpt lat="-1.07524387" lon="119.81088353"></trkpt>
  <trkpt lat="-1.07528955" lon="119.81086073"></trkpt>
  <trkpt lat="-1.07542659" lon="119.81083785"></trkpt>
  <trkpt lat="-1.07554075" lon="119.81081497"></trkpt>
  <trkpt lat="-1.07556364" lon="119.81081497"></trkpt>
  <trkpt lat="-1.07556364" lon="119.81079217"></trkpt>
  <trkpt lat="-1.07565500" lon="119.81076929"></trkpt>
  <trkpt lat="-1.07567788" lon="119.81076929"></trkpt>
  <trkpt lat="-1.07570068" lon="119.81076929"></trkpt>
  <trkpt lat="-1.07579204" lon="119.81079217"></trkpt>
  <trkpt lat="-1.07588341" lon="119.81076929"></trkpt>
  <trkpt lat="-1.07599765" lon="119.81070081"></trkpt>
  <trkpt lat="-1.07606621" lon="119.81063224"></trkpt>
  <trkpt lat="-1.07608901" lon="119.81063224"></trkpt>
  <trkpt lat="-1.07611190" lon="119.81060944"></trkpt>
  <trkpt lat="-1.07615758" lon="119.81058656"></trkpt>
  <trkpt lat="-1.07620326" lon="119.81056368"></trkpt>
  <trkpt lat="-1.07627174" lon="119.81049520"></trkpt>
  <trkpt lat="-1.07631742" lon="119.81042664"></trkpt>
  <trkpt lat="-1.07634030" lon="119.81042664"></trkpt>
  <trkpt lat="-1.07634030" lon="119.81040384"></trkpt>
  <trkpt lat="-1.07636319" lon="119.81040384"></trkpt>
  <trkpt lat="-1.07640887" lon="119.81038095"></trkpt>
  <trkpt lat="-1.07640887" lon="119.81035816"></trkpt>
  <trkpt lat="-1.07647735" lon="119.81031239"></trkpt>
  <trkpt lat="-1.07661439" lon="119.81026671"></trkpt>
  <trkpt lat="-1.07672864" lon="119.81026671"></trkpt>
  <trkpt lat="-1.07691136" lon="119.81012966"></trkpt>
  <trkpt lat="-1.07702561" lon="119.81006110"></trkpt>
  <trkpt lat="-1.07704841" lon="119.81006110"></trkpt>
  <trkpt lat="-1.07707129" lon="119.81003830"></trkpt>
  <trkpt lat="-1.07709417" lon="119.81003830"></trkpt>
  <trkpt lat="-1.07716265" lon="119.81001542"></trkpt>
  <trkpt lat="-1.07723122" lon="119.80999262"></trkpt>
  <trkpt lat="-1.07727690" lon="119.80996974"></trkpt>
  <trkpt lat="-1.07727690" lon="119.80999262"></trkpt>
  <trkpt lat="-1.07729970" lon="119.80999262"></trkpt>
  <trkpt lat="-1.07736826" lon="119.81001542"></trkpt>
  <trkpt lat="-1.07741394" lon="119.81001542"></trkpt>
  <trkpt lat="-1.07748242" lon="119.81006110"></trkpt>
  <trkpt lat="-1.07750530" lon="119.81006110"></trkpt>
  <trkpt lat="-1.07752819" lon="119.81008398"></trkpt>
  <trkpt lat="-1.07755098" lon="119.81008398"></trkpt>
  <trkpt lat="-1.07757387" lon="119.81008398"></trkpt>
  <trkpt lat="-1.07759667" lon="119.81010687"></trkpt>
  <trkpt lat="-1.07771091" lon="119.81017535"></trkpt>
  <trkpt lat="-1.07775659" lon="119.81022103"></trkpt>
  <trkpt lat="-1.07773371" lon="119.81022103"></trkpt>
  <trkpt lat="-1.07775659" lon="119.81022103"></trkpt>
  <trkpt lat="-1.07775659" lon="119.81024391"></trkpt>
  <trkpt lat="-1.07775659" lon="119.81022103"></trkpt>
  <trkpt lat="-1.07782507" lon="119.81022103"></trkpt>
  <trkpt lat="-1.07782507" lon="119.81019823"></trkpt>
  <trkpt lat="-1.07782507" lon="119.81026671"></trkpt>
  <trkpt lat="-1.07789364" lon="119.81026671"></trkpt>
  <trkpt lat="-1.07793932" lon="119.81010687"></trkpt>
  <trkpt lat="-1.07791652" lon="119.81010687"></trkpt>
  <trkpt lat="-1.07784796" lon="119.81017535"></trkpt>
  <trkpt lat="-1.07784796" lon="119.81015255"></trkpt>
  <trkpt lat="-1.07791652" lon="119.81026671"></trkpt>
  <trkpt lat="-1.07793932" lon="119.81026671"></trkpt>
  <trkpt lat="-1.07793932" lon="119.81024391"></trkpt>
  <trkpt lat="-1.07800788" lon="119.81028959"></trkpt>
  <trkpt lat="-1.07805356" lon="119.81033527"></trkpt>
  <trkpt lat="-1.07807636" lon="119.81040384"></trkpt>
  <trkpt lat="-1.07809925" lon="119.81049520"></trkpt>
  <trkpt lat="-1.07812204" lon="119.81051800"></trkpt>
  <trkpt lat="-1.07812204" lon="119.81063224"></trkpt>
  <trkpt lat="-1.07814493" lon="119.81063224"></trkpt>
  <trkpt lat="-1.07819061" lon="119.81063224"></trkpt>
  <trkpt lat="-1.07821349" lon="119.81063224"></trkpt>
  <trkpt lat="-1.07825917" lon="119.81063224"></trkpt>
  <trkpt lat="-1.07830485" lon="119.81058656"></trkpt>
  <trkpt lat="-1.07832765" lon="119.81058656"></trkpt>
  <trkpt lat="-1.07837333" lon="119.81058656"></trkpt>
  <trkpt lat="-1.07837333" lon="119.81056368"></trkpt>
  <trkpt lat="-1.07839622" lon="119.81054088"></trkpt>
  <trkpt lat="-1.07841901" lon="119.81051800"></trkpt>
  <trkpt lat="-1.07851038" lon="119.81054088"></trkpt>
  <trkpt lat="-1.07853326" lon="119.81054088"></trkpt>
  <trkpt lat="-1.07855606" lon="119.81054088"></trkpt>
  <trkpt lat="-1.07857894" lon="119.81051800"></trkpt>
  <trkpt lat="-1.07860174" lon="119.81049520"></trkpt>
  <trkpt lat="-1.07862462" lon="119.81047232"></trkpt>
  <trkpt lat="-1.07869319" lon="119.81044952"></trkpt>
  <trkpt lat="-1.07876167" lon="119.81042664"></trkpt>
  <trkpt lat="-1.07876167" lon="119.81040384"></trkpt>
  <trkpt lat="-1.07878455" lon="119.81040384"></trkpt>
  <trkpt lat="-1.07880735" lon="119.81035816"></trkpt>
  <trkpt lat="-1.07885303" lon="119.81033527"></trkpt>
  <trkpt lat="-1.07887591" lon="119.81033527"></trkpt>
  <trkpt lat="-1.07889871" lon="119.81031239"></trkpt>
  <trkpt lat="-1.07894439" lon="119.81028959"></trkpt>
  <trkpt lat="-1.07892159" lon="119.81022103"></trkpt>
  <trkpt lat="-1.07894439" lon="119.81022103"></trkpt>
  <trkpt lat="-1.07896728" lon="119.81024391"></trkpt>
  <trkpt lat="-1.07901296" lon="119.81022103"></trkpt>
  <trkpt lat="-1.07899016" lon="119.81024391"></trkpt>
  <trkpt lat="-1.07896728" lon="119.81022103"></trkpt>
  <trkpt lat="-1.07903584" lon="119.81026671"></trkpt>
  <trkpt lat="-1.07917288" lon="119.81024391"></trkpt>
  <trkpt lat="-1.07921856" lon="119.81019823"></trkpt>
  <trkpt lat="-1.07926425" lon="119.81019823"></trkpt>
  <trkpt lat="-1.07924136" lon="119.81017535"></trkpt>
  <trkpt lat="-1.07926425" lon="119.81017535"></trkpt>
  <trkpt lat="-1.07928704" lon="119.81017535"></trkpt>
  <trkpt lat="-1.07933281" lon="119.81015255"></trkpt>
  <trkpt lat="-1.07933281" lon="119.81010687"></trkpt>
  <trkpt lat="-1.07937849" lon="119.81010687"></trkpt>
  <trkpt lat="-1.07937849" lon="119.81012966"></trkpt>
  <trkpt lat="-1.07942417" lon="119.81012966"></trkpt>
  <trkpt lat="-1.07940129" lon="119.81015255"></trkpt>
  <trkpt lat="-1.07940129" lon="119.81012966"></trkpt>
  <trkpt lat="-1.07942417" lon="119.81010687"></trkpt>
  <trkpt lat="-1.07946985" lon="119.81008398"></trkpt>
  <trkpt lat="-1.07949265" lon="119.81008398"></trkpt>
  <trkpt lat="-1.07949265" lon="119.81006110"></trkpt>
  <trkpt lat="-1.07951554" lon="119.81003830"></trkpt>
  <trkpt lat="-1.07951554" lon="119.81001542"></trkpt>
  <trkpt lat="-1.07953833" lon="119.80996974"></trkpt>
  <trkpt lat="-1.07965258" lon="119.80974133"></trkpt>
  <trkpt lat="-1.07967538" lon="119.80962709"></trkpt>
  <trkpt lat="-1.07972106" lon="119.80953572"></trkpt>
  <trkpt lat="-1.07976682" lon="119.80939868"></trkpt>
  <trkpt lat="-1.07976682" lon="119.80935291"></trkpt>
  <trkpt lat="-1.07978962" lon="119.80921587"></trkpt>
  <trkpt lat="-1.07981251" lon="119.80919307"></trkpt>
  <trkpt lat="-1.07983530" lon="119.80917019"></trkpt>
  <trkpt lat="-1.07988099" lon="119.80912451"></trkpt>
  <trkpt lat="-1.07990387" lon="119.80910162"></trkpt>
  <trkpt lat="-1.07992667" lon="119.80907883"></trkpt>
  <trkpt lat="-1.07997235" lon="119.80901026"></trkpt>
  <trkpt lat="-1.07999523" lon="119.80898746"></trkpt>
  <trkpt lat="-1.08001803" lon="119.80887322"></trkpt>
  <trkpt lat="-1.08004091" lon="119.80882754"></trkpt>
  <trkpt lat="-1.08004091" lon="119.80880465"></trkpt>
  <trkpt lat="-1.08004091" lon="119.80871329"></trkpt>
  <trkpt lat="-1.08001803" lon="119.80857625"></trkpt>
  <trkpt lat="-1.07997235" lon="119.80832496"></trkpt>
  <trkpt lat="-1.07997235" lon="119.80827928"></trkpt>
  <trkpt lat="-1.07994955" lon="119.80827928"></trkpt>
  <trkpt lat="-1.07997235" lon="119.80827928"></trkpt>
  <trkpt lat="-1.07994955" lon="119.80827928"></trkpt>
  <trkpt lat="-1.07994955" lon="119.80825639"></trkpt>
  <trkpt lat="-1.07994955" lon="119.80823359"></trkpt>
  <trkpt lat="-1.07997235" lon="119.80823359"></trkpt>
  <trkpt lat="-1.07997235" lon="119.80821071"></trkpt>
  <trkpt lat="-1.07999523" lon="119.80821071"></trkpt>
  <trkpt lat="-1.07997235" lon="119.80823359"></trkpt>
  <trkpt lat="-1.07997235" lon="119.80825639"></trkpt>
  <trkpt lat="-1.07997235" lon="119.80823359"></trkpt>
  <trkpt lat="-1.07999523" lon="119.80811935"></trkpt>
  <trkpt lat="-1.07999523" lon="119.80807367"></trkpt>
  <trkpt lat="-1.07994955" lon="119.80798231"></trkpt>
  <trkpt lat="-1.07994955" lon="119.80795942"></trkpt>
  <trkpt lat="-1.07994955" lon="119.80789086"></trkpt>
  <trkpt lat="-1.07992667" lon="119.80784518"></trkpt>
  <trkpt lat="-1.07994955" lon="119.80777670"></trkpt>
  <trkpt lat="-1.08004091" lon="119.80770813"></trkpt>
  <trkpt lat="-1.08006371" lon="119.80770813"></trkpt>
  <trkpt lat="-1.08008659" lon="119.80766245"></trkpt>
  <trkpt lat="-1.08013228" lon="119.80759389"></trkpt>
  <trkpt lat="-1.08010948" lon="119.80757109"></trkpt>
  <trkpt lat="-1.08017796" lon="119.80734260"></trkpt>
  <trkpt lat="-1.08015516" lon="119.80727412"></trkpt>
  <trkpt lat="-1.08017796" lon="119.80725124"></trkpt>
  <trkpt lat="-1.08015516" lon="119.80720555"></trkpt>
  <trkpt lat="-1.08015516" lon="119.80718267"></trkpt>
  <trkpt lat="-1.08017796" lon="119.80713699"></trkpt>
  <trkpt lat="-1.08022364" lon="119.80699995"></trkpt>
  <trkpt lat="-1.08024652" lon="119.80697706"></trkpt>
  <trkpt lat="-1.08026932" lon="119.80695426"></trkpt>
  <trkpt lat="-1.08033788" lon="119.80688570"></trkpt>
  <trkpt lat="-1.08033788" lon="119.80686290"></trkpt>
  <trkpt lat="-1.08038357" lon="119.80681722"></trkpt>
  <trkpt lat="-1.08040636" lon="119.80677154"></trkpt>
  <trkpt lat="-1.08042925" lon="119.80674866"></trkpt>
  <trkpt lat="-1.08049781" lon="119.80670298"></trkpt>
  <trkpt lat="-1.08054349" lon="119.80665729"></trkpt>
  <trkpt lat="-1.08058917" lon="119.80663441"></trkpt>
  <trkpt lat="-1.08056629" lon="119.80663441"></trkpt>
  <trkpt lat="-1.08058917" lon="119.80652025"></trkpt>
  <trkpt lat="-1.08061197" lon="119.80647448"></trkpt>
  <trkpt lat="-1.08068054" lon="119.80633744"></trkpt>
  <trkpt lat="-1.08077190" lon="119.80622320"></trkpt>
  <trkpt lat="-1.08077190" lon="119.80617751"></trkpt>
  <trkpt lat="-1.08081758" lon="119.80606327"></trkpt>
  <trkpt lat="-1.08093183" lon="119.80597191"></trkpt>
  <trkpt lat="-1.08093183" lon="119.80594911"></trkpt>
  <trkpt lat="-1.08095462" lon="119.80590343"></trkpt>
  <trkpt lat="-1.08100031" lon="119.80585774"></trkpt>
  <trkpt lat="-1.08102319" lon="119.80585774"></trkpt>
  <trkpt lat="-1.08109167" lon="119.80576630"></trkpt>
  <trkpt lat="-1.08132016" lon="119.80556069"></trkpt>
  <trkpt lat="-1.08136584" lon="119.80551501"></trkpt>
  <trkpt lat="-1.08141152" lon="119.80549221"></trkpt>
  <trkpt lat="-1.08148000" lon="119.80540085"></trkpt>
  <trkpt lat="-1.08154857" lon="119.80535517"></trkpt>
  <trkpt lat="-1.08157145" lon="119.80533228"></trkpt>
  <trkpt lat="-1.08159425" lon="119.80530940"></trkpt>
  <trkpt lat="-1.08159425" lon="119.80528660"></trkpt>
  <trkpt lat="-1.08159425" lon="119.80526372"></trkpt>
  <trkpt lat="-1.08161713" lon="119.80524092"></trkpt>
  <trkpt lat="-1.08170849" lon="119.80524092"></trkpt>
  <trkpt lat="-1.08182265" lon="119.80519524"></trkpt>
  <trkpt lat="-1.08189122" lon="119.80519524"></trkpt>
  <trkpt lat="-1.08198258" lon="119.80519524"></trkpt>
  <trkpt lat="-1.08202826" lon="119.80519524"></trkpt>
  <trkpt lat="-1.08207394" lon="119.80517236"></trkpt>
  <trkpt lat="-1.08209683" lon="119.80514956"></trkpt>
  <trkpt lat="-1.08211963" lon="119.80514956"></trkpt>
  <trkpt lat="-1.08218819" lon="119.80512667"></trkpt>
  <trkpt lat="-1.08221099" lon="119.80510388"></trkpt>
  <trkpt lat="-1.08223387" lon="119.80508099"></trkpt>
  <trkpt lat="-1.08232523" lon="119.80498963"></trkpt>
  <trkpt lat="-1.08239380" lon="119.80492107"></trkpt>
  <trkpt lat="-1.08241660" lon="119.80492107"></trkpt>
  <trkpt lat="-1.08243948" lon="119.80492107"></trkpt>
  <trkpt lat="-1.08253084" lon="119.80487539"></trkpt>
  <trkpt lat="-1.08257652" lon="119.80485250"></trkpt>
  <trkpt lat="-1.08269077" lon="119.80482970"></trkpt>
  <trkpt lat="-1.08273645" lon="119.80482970"></trkpt>
  <trkpt lat="-1.08275925" lon="119.80482970"></trkpt>
  <trkpt lat="-1.08305622" lon="119.80471546"></trkpt>
  <trkpt lat="-1.08319326" lon="119.80466978"></trkpt>
  <trkpt lat="-1.08328463" lon="119.80460121"></trkpt>
  <trkpt lat="-1.08328463" lon="119.80457841"></trkpt>
  <trkpt lat="-1.08330751" lon="119.80455553"></trkpt>
  <trkpt lat="-1.08333031" lon="119.80455553"></trkpt>
  <trkpt lat="-1.08335319" lon="119.80453273"></trkpt>
  <trkpt lat="-1.08339887" lon="119.80446417"></trkpt>
  <trkpt lat="-1.08342167" lon="119.80446417"></trkpt>
  <trkpt lat="-1.08351312" lon="119.80439569"></trkpt>
  <trkpt lat="-1.08353592" lon="119.80437281"></trkpt>
  <trkpt lat="-1.08358160" lon="119.80432712"></trkpt>
  <trkpt lat="-1.08360448" lon="119.80432712"></trkpt>
  <trkpt lat="-1.08367296" lon="119.80428144"></trkpt>
  <trkpt lat="-1.08369584" lon="119.80425856"></trkpt>
  <trkpt lat="-1.08371864" lon="119.80425856"></trkpt>
  <trkpt lat="-1.08374152" lon="119.80423576"></trkpt>
  <trkpt lat="-1.08381009" lon="119.80421288"></trkpt>
  <trkpt lat="-1.08385577" lon="119.80416720"></trkpt>
  <trkpt lat="-1.08401561" lon="119.80407584"></trkpt>
  <trkpt lat="-1.08403849" lon="119.80405295"></trkpt>
  <trkpt lat="-1.08406129" lon="119.80400727"></trkpt>
  <trkpt lat="-1.08417554" lon="119.80396159"></trkpt>
  <trkpt lat="-1.08419842" lon="119.80393879"></trkpt>
  <trkpt lat="-1.08422122" lon="119.80391591"></trkpt>
  <trkpt lat="-1.08426690" lon="119.80382455"></trkpt>
  <trkpt lat="-1.08438115" lon="119.80371030"></trkpt>
  <trkpt lat="-1.08440395" lon="119.80366462"></trkpt>
  <trkpt lat="-1.08440395" lon="119.80364182"></trkpt>
  <trkpt lat="-1.08442683" lon="119.80361894"></trkpt>
  <trkpt lat="-1.08442683" lon="119.80357326"></trkpt>
  <trkpt lat="-1.08444963" lon="119.80355037"></trkpt>
  <trkpt lat="-1.08449531" lon="119.80348189"></trkpt>
  <trkpt lat="-1.08451819" lon="119.80345901"></trkpt>
  <trkpt lat="-1.08454099" lon="119.80341333"></trkpt>
  <trkpt lat="-1.08458675" lon="119.80334477"></trkpt>
  <trkpt lat="-1.08460955" lon="119.80327629"></trkpt>
  <trkpt lat="-1.08460955" lon="119.80323060"></trkpt>
  <trkpt lat="-1.08470092" lon="119.80313916"></trkpt>
  <trkpt lat="-1.08472380" lon="119.80309348"></trkpt>
  <trkpt lat="-1.08476948" lon="119.80304779"></trkpt>
  <trkpt lat="-1.08490652" lon="119.80293355"></trkpt>
  <trkpt lat="-1.08492941" lon="119.80286507"></trkpt>
  <trkpt lat="-1.08495221" lon="119.80281939"></trkpt>
  <trkpt lat="-1.08497509" lon="119.80281939"></trkpt>
  <trkpt lat="-1.08499789" lon="119.80277371"></trkpt>
  <trkpt lat="-1.08506645" lon="119.80272803"></trkpt>
  <trkpt lat="-1.08522629" lon="119.80259090"></trkpt>
  <trkpt lat="-1.08527206" lon="119.80256810"></trkpt>
  <trkpt lat="-1.08529486" lon="119.80254522"></trkpt>
  <trkpt lat="-1.08540910" lon="119.80247674"></trkpt>
  <trkpt lat="-1.08543190" lon="119.80247674"></trkpt>
  <trkpt lat="-1.08545478" lon="119.80247674"></trkpt>
  <trkpt lat="-1.08554615" lon="119.80243097"></trkpt>
  <trkpt lat="-1.08559183" lon="119.80240817"></trkpt>
  <trkpt lat="-1.08559183" lon="119.80238529"></trkpt>
  <trkpt lat="-1.08575176" lon="119.80224825"></trkpt>
  <trkpt lat="-1.08579744" lon="119.80220256"></trkpt>
  <trkpt lat="-1.08582024" lon="119.80217968"></trkpt>
  <trkpt lat="-1.08593448" lon="119.80211120"></trkpt>
  <trkpt lat="-1.08600296" lon="119.80204264"></trkpt>
  <trkpt lat="-1.08604873" lon="119.80199696"></trkpt>
  <trkpt lat="-1.08607152" lon="119.80195127"></trkpt>
  <trkpt lat="-1.08609441" lon="119.80192839"></trkpt>
  <trkpt lat="-1.08614009" lon="119.80192839"></trkpt>
  <trkpt lat="-1.08620857" lon="119.80190559"></trkpt>
  <trkpt lat="-1.08625425" lon="119.80185991"></trkpt>
  <trkpt lat="-1.08629993" lon="119.80181423"></trkpt>
  <trkpt lat="-1.08632281" lon="119.80179135"></trkpt>
  <trkpt lat="-1.08639129" lon="119.80169998"></trkpt>
  <trkpt lat="-1.08650554" lon="119.80156294"></trkpt>
  <trkpt lat="-1.08659690" lon="119.80133445"></trkpt>
  <trkpt lat="-1.08659690" lon="119.80131165"></trkpt>
  <trkpt lat="-1.08661979" lon="119.80128877"></trkpt>
  <trkpt lat="-1.08661979" lon="119.80126597"></trkpt>
  <trkpt lat="-1.08664258" lon="119.80122020"></trkpt>
  <trkpt lat="-1.08668827" lon="119.80115172"></trkpt>
  <trkpt lat="-1.08668827" lon="119.80112884"></trkpt>
  <trkpt lat="-1.08668827" lon="119.80108316"></trkpt>
  <trkpt lat="-1.08671115" lon="119.80103748"></trkpt>
  <trkpt lat="-1.08671115" lon="119.80099180"></trkpt>
  <trkpt lat="-1.08675683" lon="119.80083187"></trkpt>
  <trkpt lat="-1.08675683" lon="119.80078619"></trkpt>
  <trkpt lat="-1.08673395" lon="119.80078619"></trkpt>
  <trkpt lat="-1.08673395" lon="119.80074051"></trkpt>
  <trkpt lat="-1.08675683" lon="119.80069483"></trkpt>
  <trkpt lat="-1.08673395" lon="119.80069483"></trkpt>
  <trkpt lat="-1.08673395" lon="119.80071763"></trkpt>
  <trkpt lat="-1.08675683" lon="119.80071763"></trkpt>
  <trkpt lat="-1.08673395" lon="119.80071763"></trkpt>
  <trkpt lat="-1.08673395" lon="119.80074051"></trkpt>
  <trkpt lat="-1.08673395" lon="119.80071763"></trkpt>
  <trkpt lat="-1.08675683" lon="119.80071763"></trkpt>
  <trkpt lat="-1.08673395" lon="119.80069483"></trkpt>
 </trkseg>
</trk>
 <extensions>
 </extensions>
</gpx>
