<?xml version="1.0" encoding="UTF-8" standalone="yes"?>
<gpx
 version="1.1"
 creator="Global Mapper - http://www.globalmapper.com"
 xmlns:globalmapper="http://www.bluemarblegeo.com/globalmapper"
 xmlns:xsi="http://www.w3.org/2001/XMLSchema-instance"
 xmlns="http://www.topografix.com/GPX/1/1"
 xsi:schemaLocation="http://www.topografix.com/GPX/1/1 http://www.topografix.com/GPX/1/1/gpx.xsd">
 <metadata>
 </metadata>
<wpt lat="-6.75460378" lon="107.61117266">
 <name>AIR SUCI CIKAHURIPAN
</name>
</wpt>
<wpt lat="-6.73626174" lon="107.59236577">
 <name>AIR</name>
</wpt>
<wpt lat="-6.76160049" lon="107.62607133">
 <name>KAWAH DOMAS
</name>
</wpt>
<wpt lat="-6.76856929" lon="107.62755987">
 <name>PARKIR KAWAH DOMAS
</name>
</wpt>
<wpt lat="-6.76119749" lon="107.60477660">
 <name>VIEW</name>
</wpt>
<wpt lat="-6.75328447" lon="107.60593188">
 <name>PUNCAK 2086M
</name>
</wpt>
<wpt lat="-6.74267767" lon="107.57458415">
 <name>STRAT SITU LEMBANG
</name>
</wpt>
<wpt lat="-6.78335647" lon="107.58733495">
 <name>SUKAWANA</name>
</wpt>
<wpt lat="-6.76757729" lon="107.62137990">
 <name>TERMINAL JAYAGIRI
</name>
</wpt>
<wpt lat="-6.74506165" lon="107.57894450">
 <name>TKD</name>
</wpt>
<wpt lat="-6.75901291" lon="107.59999791">
 <name>TOWER</name>
</wpt>
<wpt lat="-6.76518761" lon="107.60332368">
 <name>TOWER TVRI</name>
</wpt>
<wpt lat="-6.75942421" lon="107.61872292">
 <name>WANA WISATA
</name>
</wpt>
<wpt lat="-6.79899000" lon="107.62145000">
 <name>START JAYAGIRI
</name>
</wpt>
<wpt lat="-6.77824830" lon="107.62152020">
 <name>PUNCAK JAYAGIRI
</name>
</wpt>
<wpt lat="-6.77478940" lon="107.62200020">
 <name>LORONG LUMUT
</name>
</wpt>
<wpt lat="-6.79642000" lon="107.62274450">
 <name>PANEMBONG</name>
</wpt>
<trk>
 <name>TP 2</name>
 <trkseg>
  <trkpt lat="-6.78601781" lon="107.58697310"></trkpt>
  <trkpt lat="-6.78587649" lon="107.58707763"></trkpt>
  <trkpt lat="-6.78556921" lon="107.58689943"></trkpt>
  <trkpt lat="-6.78542169" lon="107.58674579"></trkpt>
  <trkpt lat="-6.78524961" lon="107.58676113"></trkpt>
  <trkpt lat="-6.78468735" lon="107.58700076"></trkpt>
  <trkpt lat="-6.78433129" lon="107.58703077"></trkpt>
  <trkpt lat="-6.78335647" lon="107.58733495"></trkpt>
  <trkpt lat="-6.78212592" lon="107.58898032"></trkpt>
  <trkpt lat="-6.78226423" lon="107.58918777"></trkpt>
  <trkpt lat="-6.78294173" lon="107.58961634"></trkpt>
  <trkpt lat="-6.78273428" lon="107.58987215"></trkpt>
  <trkpt lat="-6.78263060" lon="107.58988598"></trkpt>
  <trkpt lat="-6.78211033" lon="107.59033710"></trkpt>
  <trkpt lat="-6.78154003" lon="107.59077262"></trkpt>
  <trkpt lat="-6.78084517" lon="107.59129113"></trkpt>
  <trkpt lat="-6.78023798" lon="107.59124159"></trkpt>
  <trkpt lat="-6.78012273" lon="107.59123237"></trkpt>
  <trkpt lat="-6.77947749" lon="107.59142138"></trkpt>
  <trkpt lat="-6.77942678" lon="107.59156882"></trkpt>
  <trkpt lat="-6.77950515" lon="107.59186378"></trkpt>
  <trkpt lat="-6.77951898" lon="107.59198825"></trkpt>
  <trkpt lat="-6.77947749" lon="107.59212655"></trkpt>
  <trkpt lat="-6.77930701" lon="107.59223711"></trkpt>
  <trkpt lat="-6.77918538" lon="107.59249770"></trkpt>
  <trkpt lat="-6.77909628" lon="107.59276508"></trkpt>
  <trkpt lat="-6.77869990" lon="107.59303850"></trkpt>
  <trkpt lat="-6.77834351" lon="107.59334578"></trkpt>
  <trkpt lat="-6.77808233" lon="107.59357779"></trkpt>
  <trkpt lat="-6.77754153" lon="107.59386043"></trkpt>
  <trkpt lat="-6.77725277" lon="107.59387577"></trkpt>
  <trkpt lat="-6.77698237" lon="107.59384509"></trkpt>
  <trkpt lat="-6.77683485" lon="107.59388499"></trkpt>
  <trkpt lat="-6.77648650" lon="107.59429562"></trkpt>
  <trkpt lat="-6.77623454" lon="107.59465202"></trkpt>
  <trkpt lat="-6.77608090" lon="107.59470424"></trkpt>
  <trkpt lat="-6.77585048" lon="107.59471966"></trkpt>
  <trkpt lat="-6.77572751" lon="107.59483332"></trkpt>
  <trkpt lat="-6.77571829" lon="107.59511906"></trkpt>
  <trkpt lat="-6.77579826" lon="107.59535870"></trkpt>
  <trkpt lat="-6.77603178" lon="107.59557998"></trkpt>
  <trkpt lat="-6.77610856" lon="107.59564142"></trkpt>
  <trkpt lat="-6.77609623" lon="107.59569674"></trkpt>
  <trkpt lat="-6.77538344" lon="107.59546322"></trkpt>
  <trkpt lat="-6.77537112" lon="107.59524194"></trkpt>
  <trkpt lat="-6.77526668" lon="107.59516826"></trkpt>
  <trkpt lat="-6.77522670" lon="107.59507916"></trkpt>
  <trkpt lat="-6.77434869" lon="107.59534797"></trkpt>
  <trkpt lat="-6.77425037" lon="107.59550773"></trkpt>
  <trkpt lat="-6.77400763" lon="107.59565835"></trkpt>
  <trkpt lat="-6.77398307" lon="107.59572281"></trkpt>
  <trkpt lat="-6.77384787" lon="107.59575969"></trkpt>
  <trkpt lat="-6.77380462" lon="107.59582146"></trkpt>
  <trkpt lat="-6.77371041" lon="107.59623318"></trkpt>
  <trkpt lat="-6.77362634" lon="107.59629252"></trkpt>
  <trkpt lat="-6.77343381" lon="107.59627819"></trkpt>
  <trkpt lat="-6.77331705" lon="107.59638472"></trkpt>
  <trkpt lat="-6.77310557" lon="107.59661774"></trkpt>
  <trkpt lat="-6.77286593" lon="107.59698956"></trkpt>
  <trkpt lat="-6.77267541" lon="107.59715234"></trkpt>
  <trkpt lat="-6.77247567" lon="107.59738284"></trkpt>
  <trkpt lat="-6.77230979" lon="107.59745040"></trkpt>
  <trkpt lat="-6.77222681" lon="107.59745350"></trkpt>
  <trkpt lat="-6.77213771" lon="107.59741050"></trkpt>
  <trkpt lat="-6.77212497" lon="107.59726608"></trkpt>
  <trkpt lat="-6.77209312" lon="107.59719509"></trkpt>
  <trkpt lat="-6.77208130" lon="107.59708855"></trkpt>
  <trkpt lat="-6.77212045" lon="107.59693743"></trkpt>
  <trkpt lat="-6.77209949" lon="107.59691647"></trkpt>
  <trkpt lat="-6.77198483" lon="107.59708034"></trkpt>
  <trkpt lat="-6.77194107" lon="107.59734252"></trkpt>
  <trkpt lat="-6.77158568" lon="107.59804878"></trkpt>
  <trkpt lat="-6.77142282" lon="107.59837140"></trkpt>
  <trkpt lat="-6.77116474" lon="107.59876468"></trkpt>
  <trkpt lat="-6.77070080" lon="107.59960664"></trkpt>
  <trkpt lat="-6.77036821" lon="107.60024727"></trkpt>
  <trkpt lat="-6.77026218" lon="107.60036705"></trkpt>
  <trkpt lat="-6.76989346" lon="107.60052379"></trkpt>
  <trkpt lat="-6.76979665" lon="107.60071272"></trkpt>
  <trkpt lat="-6.76980126" lon="107.60109066"></trkpt>
  <trkpt lat="-6.76968609" lon="107.60126123"></trkpt>
  <trkpt lat="-6.76933581" lon="107.60146860"></trkpt>
  <trkpt lat="-6.76922056" lon="107.60151470"></trkpt>
  <trkpt lat="-6.76920212" lon="107.60160690"></trkpt>
  <trkpt lat="-6.76934964" lon="107.60180966"></trkpt>
  <trkpt lat="-6.76945098" lon="107.60192491"></trkpt>
  <trkpt lat="-6.76965843" lon="107.60192491"></trkpt>
  <trkpt lat="-6.76996722" lon="107.60177739"></trkpt>
  <trkpt lat="-6.77016537" lon="107.60167144"></trkpt>
  <trkpt lat="-6.77032211" lon="107.60153775"></trkpt>
  <trkpt lat="-6.77042345" lon="107.60155158"></trkpt>
  <trkpt lat="-6.77048799" lon="107.60162534"></trkpt>
  <trkpt lat="-6.77046033" lon="107.60173137"></trkpt>
  <trkpt lat="-6.77005481" lon="107.60214611"></trkpt>
  <trkpt lat="-6.76994878" lon="107.60225675"></trkpt>
  <trkpt lat="-6.76997644" lon="107.60237661"></trkpt>
  <trkpt lat="-6.77007778" lon="107.60246412"></trkpt>
  <trkpt lat="-6.77016998" lon="107.60246412"></trkpt>
  <trkpt lat="-6.77030367" lon="107.60251944"></trkpt>
  <trkpt lat="-6.77034189" lon="107.60262019"></trkpt>
  <trkpt lat="-6.77026612" lon="107.60297868"></trkpt>
  <trkpt lat="-6.77026612" lon="107.60304834"></trkpt>
  <trkpt lat="-6.77006948" lon="107.60332687"></trkpt>
  <trkpt lat="-6.76983596" lon="107.60351948"></trkpt>
  <trkpt lat="-6.76981551" lon="107.60368335"></trkpt>
  <trkpt lat="-6.76990117" lon="107.60386423"></trkpt>
  <trkpt lat="-6.76990117" lon="107.60398032"></trkpt>
  <trkpt lat="-6.76980696" lon="107.60414008"></trkpt>
  <trkpt lat="-6.76972364" lon="107.60419062"></trkpt>
  <trkpt lat="-6.76959665" lon="107.60433253"></trkpt>
  <trkpt lat="-6.76947378" lon="107.60455373"></trkpt>
  <trkpt lat="-6.76932014" lon="107.60466747"></trkpt>
  <trkpt lat="-6.76923104" lon="107.60476881"></trkpt>
  <trkpt lat="-6.76910506" lon="107.60482723"></trkpt>
  <trkpt lat="-6.76907119" lon="107.60515295"></trkpt>
  <trkpt lat="-6.76900674" lon="107.60539871"></trkpt>
  <trkpt lat="-6.76900975" lon="107.60565377"></trkpt>
  <trkpt lat="-6.76897597" lon="107.60577355"></trkpt>
  <trkpt lat="-6.76881001" lon="107.60586575"></trkpt>
  <trkpt lat="-6.76860415" lon="107.60593951"></trkpt>
  <trkpt lat="-6.76848438" lon="107.60608083"></trkpt>
  <trkpt lat="-6.76840140" lon="107.60626523"></trkpt>
  <trkpt lat="-6.76856727" lon="107.60675993"></trkpt>
  <trkpt lat="-6.76840818" lon="107.60696210"></trkpt>
  <trkpt lat="-6.76838270" lon="107.60704039"></trkpt>
  <trkpt lat="-6.76824247" lon="107.60720249"></trkpt>
  <trkpt lat="-6.76822613" lon="107.60731447"></trkpt>
  <trkpt lat="-6.76813510" lon="107.60747465"></trkpt>
  <trkpt lat="-6.76797895" lon="107.60774631"></trkpt>
  <trkpt lat="-6.76779865" lon="107.60792862"></trkpt>
  <trkpt lat="-6.76779455" lon="107.60808636"></trkpt>
  <trkpt lat="-6.76770444" lon="107.60827479"></trkpt>
  <trkpt lat="-6.76743404" lon="107.60856363"></trkpt>
  <trkpt lat="-6.76727579" lon="107.60886831"></trkpt>
  <trkpt lat="-6.76717135" lon="107.60901893"></trkpt>
  <trkpt lat="-6.76700539" lon="107.60917869"></trkpt>
  <trkpt lat="-6.76694705" lon="107.60937533"></trkpt>
  <trkpt lat="-6.76686717" lon="107.60954121"></trkpt>
  <trkpt lat="-6.76682107" lon="107.60967951"></trkpt>
  <trkpt lat="-6.76674421" lon="107.60979015"></trkpt>
  <trkpt lat="-6.76666131" lon="107.60998369"></trkpt>
  <trkpt lat="-6.76627415" lon="107.60990381"></trkpt>
  <trkpt lat="-6.76639359" lon="107.60953643"></trkpt>
  <trkpt lat="-6.76642427" lon="107.60935622"></trkpt>
  <trkpt lat="-6.76636904" lon="107.60896697"></trkpt>
  <trkpt lat="-6.76638538" lon="107.60877443"></trkpt>
  <trkpt lat="-6.76630139" lon="107.60840571"></trkpt>
  <trkpt lat="-6.76632595" lon="107.60827873"></trkpt>
  <trkpt lat="-6.76639510" lon="107.60813942"></trkpt>
  <trkpt lat="-6.76642586" lon="107.60790280"></trkpt>
  <trkpt lat="-6.76648119" lon="107.60779526"></trkpt>
  <trkpt lat="-6.76651186" lon="107.60758328"></trkpt>
  <trkpt lat="-6.76658252" lon="107.60743576"></trkpt>
  <trkpt lat="-6.76659795" lon="107.60723610"></trkpt>
  <trkpt lat="-6.76651186" lon="107.60659698"></trkpt>
  <trkpt lat="-6.76637054" lon="107.60641258"></trkpt>
  <trkpt lat="-6.76628144" lon="107.60620982"></trkpt>
  <trkpt lat="-6.76625689" lon="107.60599785"></trkpt>
  <trkpt lat="-6.76624456" lon="107.60571823"></trkpt>
  <trkpt lat="-6.76625990" lon="107.60557992"></trkpt>
  <trkpt lat="-6.76627834" lon="107.60550926"></trkpt>
  <trkpt lat="-6.76632134" lon="107.60543860"></trkpt>
  <trkpt lat="-6.76632134" lon="107.60536082"></trkpt>
  <trkpt lat="-6.76605714" lon="107.60491834"></trkpt>
  <trkpt lat="-6.76581440" lon="107.60472480"></trkpt>
  <trkpt lat="-6.76577442" lon="107.60454962"></trkpt>
  <trkpt lat="-6.76575598" lon="107.60437452"></trkpt>
  <trkpt lat="-6.76562078" lon="107.60413790"></trkpt>
  <trkpt lat="-6.76558700" lon="107.60395660"></trkpt>
  <trkpt lat="-6.76551023" lon="107.60381838"></trkpt>
  <trkpt lat="-6.76535047" lon="107.60356022"></trkpt>
  <trkpt lat="-6.76518761" lon="107.60332368"></trkpt>
 </trkseg>
</trk>
<trk>
 <name>TP12</name>
 <trkseg>
  <trkpt lat="-6.76408430" lon="107.61258183"></trkpt>
  <trkpt lat="-6.76394926" lon="107.61265509"></trkpt>
  <trkpt lat="-6.76382479" lon="107.61283480"></trkpt>
  <trkpt lat="-6.76350678" lon="107.61296849"></trkpt>
  <trkpt lat="-6.76296758" lon="107.61298232"></trkpt>
  <trkpt lat="-6.76251126" lon="107.61310671"></trkpt>
  <trkpt lat="-6.76180727" lon="107.61308366"></trkpt>
  <trkpt lat="-6.76145699" lon="107.61295466"></trkpt>
  <trkpt lat="-6.76116664" lon="107.61293161"></trkpt>
  <trkpt lat="-6.76053523" lon="107.61295466"></trkpt>
  <trkpt lat="-6.75998672" lon="107.61278065"></trkpt>
  <trkpt lat="-6.75953041" lon="107.61273229"></trkpt>
  <trkpt lat="-6.75928851" lon="107.61260781"></trkpt>
  <trkpt lat="-6.75879071" lon="107.61257328"></trkpt>
  <trkpt lat="-6.75863857" lon="107.61253179"></trkpt>
  <trkpt lat="-6.75843121" lon="107.61252483"></trkpt>
  <trkpt lat="-6.75801639" lon="107.61235200"></trkpt>
  <trkpt lat="-6.75770533" lon="107.61234513"></trkpt>
  <trkpt lat="-6.75710385" lon="107.61232434"></trkpt>
  <trkpt lat="-6.75679967" lon="107.61226214"></trkpt>
  <trkpt lat="-6.75625350" lon="107.61200633"></trkpt>
  <trkpt lat="-6.75582720" lon="107.61195160"></trkpt>
  <trkpt lat="-6.75558748" lon="107.61193777"></trkpt>
  <trkpt lat="-6.75535245" lon="107.61185948"></trkpt>
  <trkpt lat="-6.75524013" lon="107.61181899"></trkpt>
  <trkpt lat="-6.75509806" lon="107.61179443"></trkpt>
  <trkpt lat="-6.75498649" lon="107.61173367"></trkpt>
 </trkseg>
</trk>
<trk>
 <name>TP4</name>
 <trkseg>
  <trkpt lat="-6.76287437" lon="107.60267048"></trkpt>
  <trkpt lat="-6.76270983" lon="107.60283049"></trkpt>
  <trkpt lat="-6.76254387" lon="107.60303786"></trkpt>
  <trkpt lat="-6.76239635" lon="107.60310701"></trkpt>
  <trkpt lat="-6.76197239" lon="107.60330977"></trkpt>
  <trkpt lat="-6.76180643" lon="107.60334204"></trkpt>
  <trkpt lat="-6.76129949" lon="107.60375225"></trkpt>
  <trkpt lat="-6.76129027" lon="107.60385367"></trkpt>
  <trkpt lat="-6.76131324" lon="107.60392743"></trkpt>
  <trkpt lat="-6.76126722" lon="107.60430537"></trkpt>
  <trkpt lat="-6.76121190" lon="107.60441132"></trkpt>
  <trkpt lat="-6.76121651" lon="107.60461416"></trkpt>
  <trkpt lat="-6.76119749" lon="107.60477660"></trkpt>
 </trkseg>
</trk>
<trk>
 <name>TP9</name>
 <trkseg>
  <trkpt lat="-6.76856929" lon="107.62755987"></trkpt>
  <trkpt lat="-6.76838262" lon="107.62751838"></trkpt>
  <trkpt lat="-6.76819596" lon="107.62724186"></trkpt>
  <trkpt lat="-6.76797476" lon="107.62732484"></trkpt>
  <trkpt lat="-6.76783646" lon="107.62749768"></trkpt>
  <trkpt lat="-6.76778809" lon="107.62755300"></trkpt>
  <trkpt lat="-6.76768432" lon="107.62754604"></trkpt>
  <trkpt lat="-6.76757377" lon="107.62735938"></trkpt>
  <trkpt lat="-6.76742859" lon="107.62721420"></trkpt>
  <trkpt lat="-6.76719348" lon="107.62713818"></trkpt>
  <trkpt lat="-6.76711050" lon="107.62705520"></trkpt>
  <trkpt lat="-6.76709675" lon="107.62688236"></trkpt>
  <trkpt lat="-6.76704043" lon="107.62675856"></trkpt>
  <trkpt lat="-6.76683155" lon="107.62670534"></trkpt>
  <trkpt lat="-6.76671881" lon="107.62661724"></trkpt>
  <trkpt lat="-6.76660825" lon="107.62658036"></trkpt>
  <trkpt lat="-6.76647917" lon="107.62663979"></trkpt>
  <trkpt lat="-6.76645663" lon="107.62671355"></trkpt>
  <trkpt lat="-6.76661647" lon="107.62697984"></trkpt>
  <trkpt lat="-6.76654472" lon="107.62707196"></trkpt>
  <trkpt lat="-6.76641363" lon="107.62710272"></trkpt>
  <trkpt lat="-6.76627231" lon="107.62712116"></trkpt>
  <trkpt lat="-6.76598146" lon="107.62692352"></trkpt>
  <trkpt lat="-6.76594860" lon="107.62679444"></trkpt>
  <trkpt lat="-6.76582572" lon="107.62662646"></trkpt>
  <trkpt lat="-6.76554920" lon="107.62667969"></trkpt>
  <trkpt lat="-6.76527570" lon="107.62647768"></trkpt>
  <trkpt lat="-6.76509448" lon="107.62637626"></trkpt>
  <trkpt lat="-6.76498074" lon="107.62617351"></trkpt>
  <trkpt lat="-6.76487018" lon="107.62605364"></trkpt>
  <trkpt lat="-6.76484252" lon="107.62597687"></trkpt>
  <trkpt lat="-6.76478410" lon="107.62599841"></trkpt>
  <trkpt lat="-6.76463046" lon="107.62615196"></trkpt>
  <trkpt lat="-6.76455368" lon="107.62618884"></trkpt>
  <trkpt lat="-6.76432016" lon="107.62592766"></trkpt>
  <trkpt lat="-6.76426794" lon="107.62596765"></trkpt>
  <trkpt lat="-6.76440314" lon="107.62649302"></trkpt>
  <trkpt lat="-6.76435704" lon="107.62664055"></trkpt>
  <trkpt lat="-6.76422184" lon="107.62677264"></trkpt>
  <trkpt lat="-6.76404054" lon="107.62684951"></trkpt>
  <trkpt lat="-6.76385614" lon="107.62673275"></trkpt>
  <trkpt lat="-6.76378515" lon="107.62663359"></trkpt>
  <trkpt lat="-6.76363762" lon="107.62667969"></trkpt>
  <trkpt lat="-6.76346714" lon="107.62683182"></trkpt>
  <trkpt lat="-6.76331501" lon="107.62683182"></trkpt>
  <trkpt lat="-6.76320436" lon="107.62669813"></trkpt>
  <trkpt lat="-6.76293246" lon="107.62666125"></trkpt>
  <trkpt lat="-6.76272509" lon="107.62669352"></trkpt>
  <trkpt lat="-6.76249919" lon="107.62664281"></trkpt>
  <trkpt lat="-6.76231949" lon="107.62654608"></trkpt>
  <trkpt lat="-6.76214430" lon="107.62645388"></trkpt>
  <trkpt lat="-6.76194616" lon="107.62622346"></trkpt>
  <trkpt lat="-6.76183552" lon="107.62609438"></trkpt>
  <trkpt lat="-6.76160049" lon="107.62607133"></trkpt>
 </trkseg>
</trk>
<trk>
 <name>Track 006</name>
 <trkseg>
  <trkpt lat="-6.76701922" lon="107.62173185"></trkpt>
  <trkpt lat="-6.76681981" lon="107.62181341"></trkpt>
  <trkpt lat="-6.76671387" lon="107.62178617"></trkpt>
  <trkpt lat="-6.76661680" lon="107.62173730"></trkpt>
  <trkpt lat="-6.76652695" lon="107.62166304"></trkpt>
  <trkpt lat="-6.76652527" lon="107.62165574"></trkpt>
  <trkpt lat="-6.76625940" lon="107.62129339"></trkpt>
  <trkpt lat="-6.76619469" lon="107.62120823"></trkpt>
  <trkpt lat="-6.76611741" lon="107.62121008"></trkpt>
  <trkpt lat="-6.76603661" lon="107.62123363"></trkpt>
  <trkpt lat="-6.76601683" lon="107.62127705"></trkpt>
  <trkpt lat="-6.76587844" lon="107.62133321"></trkpt>
  <trkpt lat="-6.76581290" lon="107.62134503"></trkpt>
  <trkpt lat="-6.76575364" lon="107.62136313"></trkpt>
  <trkpt lat="-6.76566202" lon="107.62136137"></trkpt>
  <trkpt lat="-6.76560813" lon="107.62132868"></trkpt>
  <trkpt lat="-6.76536731" lon="107.62063667"></trkpt>
  <trkpt lat="-6.76520127" lon="107.62046375"></trkpt>
  <trkpt lat="-6.76503237" lon="107.62026267"></trkpt>
  <trkpt lat="-6.76490304" lon="107.62021196"></trkpt>
  <trkpt lat="-6.76472878" lon="107.62032428"></trkpt>
  <trkpt lat="-6.76466407" lon="107.62043299"></trkpt>
  <trkpt lat="-6.76462451" lon="107.62053986"></trkpt>
  <trkpt lat="-6.76456701" lon="107.62063768"></trkpt>
  <trkpt lat="-6.76452217" lon="107.62065763"></trkpt>
  <trkpt lat="-6.76446467" lon="107.62063047"></trkpt>
  <trkpt lat="-6.76440172" lon="107.62056341"></trkpt>
  <trkpt lat="-6.76437926" lon="107.62029067"></trkpt>
  <trkpt lat="-6.76415646" lon="107.61985414"></trkpt>
  <trkpt lat="-6.76413492" lon="107.61905517"></trkpt>
  <trkpt lat="-6.76404683" lon="107.61865200"></trkpt>
  <trkpt lat="-6.76397315" lon="107.61824624"></trkpt>
  <trkpt lat="-6.76397500" lon="107.61811397"></trkpt>
  <trkpt lat="-6.76394977" lon="107.61800165"></trkpt>
  <trkpt lat="-6.76390668" lon="107.61796720"></trkpt>
  <trkpt lat="-6.76380426" lon="107.61793099"></trkpt>
  <trkpt lat="-6.76373242" lon="107.61789654"></trkpt>
  <trkpt lat="-6.76366235" lon="107.61785849"></trkpt>
  <trkpt lat="-6.76356529" lon="107.61769831"></trkpt>
  <trkpt lat="-6.76339639" lon="107.61742473"></trkpt>
  <trkpt lat="-6.76335147" lon="107.61739212"></trkpt>
  <trkpt lat="-6.76328324" lon="107.61738852"></trkpt>
  <trkpt lat="-6.76324544" lon="107.61741567"></trkpt>
  <trkpt lat="-6.76322205" lon="107.61744015"></trkpt>
  <trkpt lat="-6.76320051" lon="107.61750176"></trkpt>
  <trkpt lat="-6.76320042" lon="107.61756060"></trkpt>
  <trkpt lat="-6.76329028" lon="107.61779613"></trkpt>
  <trkpt lat="-6.76328667" lon="107.61789579"></trkpt>
  <trkpt lat="-6.76315734" lon="107.61822729"></trkpt>
  <trkpt lat="-6.76309624" lon="107.61828706"></trkpt>
  <trkpt lat="-6.76304771" lon="107.61831430"></trkpt>
  <trkpt lat="-6.76287705" lon="107.61824724"></trkpt>
  <trkpt lat="-6.76279441" lon="107.61823459"></trkpt>
  <trkpt lat="-6.76270095" lon="107.61823090"></trkpt>
  <trkpt lat="-6.76256181" lon="107.61827448"></trkpt>
  <trkpt lat="-6.76253666" lon="107.61827993"></trkpt>
  <trkpt lat="-6.76235880" lon="107.61806251"></trkpt>
  <trkpt lat="-6.76227079" lon="107.61794834"></trkpt>
  <trkpt lat="-6.76220608" lon="107.61791213"></trkpt>
  <trkpt lat="-6.76203182" lon="107.61793208"></trkpt>
  <trkpt lat="-6.76199586" lon="107.61792663"></trkpt>
  <trkpt lat="-6.76195638" lon="107.61788858"></trkpt>
  <trkpt lat="-6.76187189" lon="107.61774181"></trkpt>
  <trkpt lat="-6.76180635" lon="107.61768649"></trkpt>
  <trkpt lat="-6.76173627" lon="107.61767023"></trkpt>
  <trkpt lat="-6.76165178" lon="107.61767023"></trkpt>
  <trkpt lat="-6.76158356" lon="107.61772639"></trkpt>
  <trkpt lat="-6.76154584" lon="107.61779881"></trkpt>
  <trkpt lat="-6.76142899" lon="107.61820466"></trkpt>
  <trkpt lat="-6.76139848" lon="107.61824992"></trkpt>
  <trkpt lat="-6.76135180" lon="107.61827172"></trkpt>
  <trkpt lat="-6.76130502" lon="107.61826627"></trkpt>
  <trkpt lat="-6.76124392" lon="107.61824087"></trkpt>
  <trkpt lat="-6.76111903" lon="107.61810576"></trkpt>
  <trkpt lat="-6.76100579" lon="107.61806410"></trkpt>
  <trkpt lat="-6.76088367" lon="107.61810215"></trkpt>
  <trkpt lat="-6.76080999" lon="107.61814741"></trkpt>
  <trkpt lat="-6.76064830" lon="107.61848076"></trkpt>
  <trkpt lat="-6.76060338" lon="107.61852611"></trkpt>
  <trkpt lat="-6.76056390" lon="107.61855327"></trkpt>
  <trkpt lat="-6.76052970" lon="107.61854597"></trkpt>
  <trkpt lat="-6.76042090" lon="107.61850247"></trkpt>
  <trkpt lat="-6.76033826" lon="107.61848981"></trkpt>
  <trkpt lat="-6.76024664" lon="107.61848621"></trkpt>
  <trkpt lat="-6.76004363" lon="107.61855503"></trkpt>
  <trkpt lat="-6.75972562" lon="107.61870272"></trkpt>
 </trkseg>
</trk>
<trk>
 <name>Track 195</name>
 <trkseg>
  <trkpt lat="-6.75511801" lon="107.61316597">
   <ele>1862</ele>
  </trkpt>
  <trkpt lat="-6.75530702" lon="107.61284997">
   <ele>1856</ele>
  </trkpt>
  <trkpt lat="-6.75542797" lon="107.61249198">
   <ele>1854</ele>
  </trkpt>
  <trkpt lat="-6.75542604" lon="107.61229701">
   <ele>1856</ele>
  </trkpt>
  <trkpt lat="-6.75549000" lon="107.61222401">
   <ele>1855</ele>
  </trkpt>
  <trkpt lat="-6.75576400" lon="107.61211404">
   <ele>1853</ele>
  </trkpt>
  <trkpt lat="-6.75604697" lon="107.61211496">
   <ele>1851</ele>
  </trkpt>
  <trkpt lat="-6.75626096" lon="107.61194900">
   <ele>1848</ele>
  </trkpt>
  <trkpt lat="-6.75679900" lon="107.61197599">
   <ele>1826</ele>
  </trkpt>
  <trkpt lat="-6.75688399" lon="107.61202896">
   <ele>1823</ele>
  </trkpt>
  <trkpt lat="-6.75693898" lon="107.61195403">
   <ele>1826</ele>
  </trkpt>
  <trkpt lat="-6.75693504" lon="107.61186300">
   <ele>1825</ele>
  </trkpt>
  <trkpt lat="-6.75687502" lon="107.61159201">
   <ele>1819</ele>
  </trkpt>
  <trkpt lat="-6.75679699" lon="107.61154097">
   <ele>1817</ele>
  </trkpt>
  <trkpt lat="-6.75692699" lon="107.61140602">
   <ele>1815</ele>
  </trkpt>
  <trkpt lat="-6.75710804" lon="107.61138699">
   <ele>1814</ele>
  </trkpt>
  <trkpt lat="-6.75721298" lon="107.61122799">
   <ele>1811</ele>
  </trkpt>
  <trkpt lat="-6.75739302" lon="107.61115900">
   <ele>1809</ele>
  </trkpt>
  <trkpt lat="-6.75757198" lon="107.61094803">
   <ele>1802</ele>
  </trkpt>
  <trkpt lat="-6.75784799" lon="107.61091501">
   <ele>1793</ele>
  </trkpt>
  <trkpt lat="-6.75805704" lon="107.61071200">
   <ele>1790</ele>
  </trkpt>
  <trkpt lat="-6.75872399" lon="107.61034604">
   <ele>1790</ele>
  </trkpt>
  <trkpt lat="-6.75893303" lon="107.61014697">
   <ele>1787</ele>
  </trkpt>
  <trkpt lat="-6.75915096" lon="107.60984204">
   <ele>1787</ele>
  </trkpt>
  <trkpt lat="-6.75936998" lon="107.60941800">
   <ele>1790</ele>
  </trkpt>
  <trkpt lat="-6.75948598" lon="107.60875097">
   <ele>1793</ele>
  </trkpt>
  <trkpt lat="-6.75990801" lon="107.60838903">
   <ele>1795</ele>
  </trkpt>
  <trkpt lat="-6.76004699" lon="107.60813800">
   <ele>1799</ele>
  </trkpt>
  <trkpt lat="-6.76028101" lon="107.60798402">
   <ele>1814</ele>
  </trkpt>
  <trkpt lat="-6.76023499" lon="107.60779199">
   <ele>1824</ele>
  </trkpt>
  <trkpt lat="-6.76026600" lon="107.60769200">
   <ele>1801</ele>
  </trkpt>
  <trkpt lat="-6.76036499" lon="107.60768998">
   <ele>1834</ele>
  </trkpt>
  <trkpt lat="-6.76027900" lon="107.60763299">
   <ele>1777</ele>
  </trkpt>
  <trkpt lat="-6.76019099" lon="107.60766098">
   <ele>1778</ele>
  </trkpt>
  <trkpt lat="-6.76029400" lon="107.60766903">
   <ele>1847</ele>
  </trkpt>
  <trkpt lat="-6.76042601" lon="107.60753802">
   <ele>1857</ele>
  </trkpt>
  <trkpt lat="-6.76053003" lon="107.60752796">
   <ele>1866</ele>
  </trkpt>
  <trkpt lat="-6.76035100" lon="107.60756602">
   <ele>1832</ele>
  </trkpt>
  <trkpt lat="-6.76035603" lon="107.60748002">
   <ele>1835</ele>
  </trkpt>
  <trkpt lat="-6.76043699" lon="107.60743601">
   <ele>1835</ele>
  </trkpt>
  <trkpt lat="-6.76042903" lon="107.60736904">
   <ele>1848</ele>
  </trkpt>
  <trkpt lat="-6.76057898" lon="107.60712001">
   <ele>1872</ele>
  </trkpt>
  <trkpt lat="-6.76059600" lon="107.60700099">
   <ele>1898</ele>
  </trkpt>
  <trkpt lat="-6.76057303" lon="107.60695204">
   <ele>1904</ele>
  </trkpt>
  <trkpt lat="-6.76056901" lon="107.60702102">
   <ele>1901</ele>
  </trkpt>
  <trkpt lat="-6.76052098" lon="107.60693997">
   <ele>1904</ele>
  </trkpt>
  <trkpt lat="-6.76046700" lon="107.60655801">
   <ele>1916</ele>
  </trkpt>
  <trkpt lat="-6.76043699" lon="107.60662297">
   <ele>1914</ele>
  </trkpt>
  <trkpt lat="-6.76042702" lon="107.60671500">
   <ele>1910</ele>
  </trkpt>
  <trkpt lat="-6.76047899" lon="107.60679203">
   <ele>1908</ele>
  </trkpt>
  <trkpt lat="-6.76057798" lon="107.60664401">
   <ele>1913</ele>
  </trkpt>
  <trkpt lat="-6.76061897" lon="107.60628199">
   <ele>1926</ele>
  </trkpt>
  <trkpt lat="-6.76069298" lon="107.60623002">
   <ele>1929</ele>
  </trkpt>
  <trkpt lat="-6.76066197" lon="107.60604604">
   <ele>1935</ele>
  </trkpt>
  <trkpt lat="-6.76055904" lon="107.60598703">
   <ele>1935</ele>
  </trkpt>
  <trkpt lat="-6.76049299" lon="107.60605099">
   <ele>1927</ele>
  </trkpt>
  <trkpt lat="-6.76033800" lon="107.60595602">
   <ele>1932</ele>
  </trkpt>
  <trkpt lat="-6.76039400" lon="107.60588201">
   <ele>1936</ele>
  </trkpt>
  <trkpt lat="-6.76037204" lon="107.60579903">
   <ele>1938</ele>
  </trkpt>
  <trkpt lat="-6.76028604" lon="107.60576701">
   <ele>1942</ele>
  </trkpt>
  <trkpt lat="-6.76026600" lon="107.60567799">
   <ele>1938</ele>
  </trkpt>
 </trkseg>
</trk>
<trk>
 <name>Track 196</name>
 <trkseg>
  <trkpt lat="-6.74267767" lon="107.57458415"></trkpt>
  <trkpt lat="-6.74376656" lon="107.57587521"></trkpt>
  <trkpt lat="-6.74557094" lon="107.57743073"></trkpt>
  <trkpt lat="-6.74583538" lon="107.57738412"></trkpt>
  <trkpt lat="-6.74603764" lon="107.57799072"></trkpt>
  <trkpt lat="-6.74658204" lon="107.57836405"></trkpt>
  <trkpt lat="-6.74644207" lon="107.57889295"></trkpt>
  <trkpt lat="-6.74580429" lon="107.57918850"></trkpt>
  <trkpt lat="-6.74555543" lon="107.57900183"></trkpt>
  <trkpt lat="-6.74508872" lon="107.57942185"></trkpt>
  <trkpt lat="-6.74462210" lon="107.58061954"></trkpt>
  <trkpt lat="-6.74225774" lon="107.58318616"></trkpt>
  <trkpt lat="-6.73937998" lon="107.58388613"></trkpt>
  <trkpt lat="-6.73857112" lon="107.58424396"></trkpt>
  <trkpt lat="-6.73843115" lon="107.58441503"></trkpt>
  <trkpt lat="-6.73763780" lon="107.58415058"></trkpt>
  <trkpt lat="-6.73719163" lon="107.58445971"></trkpt>
  <trkpt lat="-6.73679525" lon="107.58450581"></trkpt>
  <trkpt lat="-6.73634355" lon="107.58498969"></trkpt>
  <trkpt lat="-6.73633433" lon="107.58649684"></trkpt>
  <trkpt lat="-6.73617876" lon="107.58776830"></trkpt>
  <trkpt lat="-6.73629636" lon="107.58864630"></trkpt>
  <trkpt lat="-6.73613727" lon="107.58908191"></trkpt>
  <trkpt lat="-6.73590224" lon="107.58917176"></trkpt>
  <trkpt lat="-6.73634472" lon="107.59213074"></trkpt>
  <trkpt lat="-6.73626174" lon="107.59236577"></trkpt>
  <trkpt lat="-6.73931141" lon="107.59618021"></trkpt>
  <trkpt lat="-6.74033803" lon="107.59610762"></trkpt>
  <trkpt lat="-6.74129214" lon="107.59685428"></trkpt>
  <trkpt lat="-6.74122995" lon="107.59726910"></trkpt>
  <trkpt lat="-6.74255731" lon="107.59823352"></trkpt>
  <trkpt lat="-6.74376019" lon="107.59961276"></trkpt>
  <trkpt lat="-6.74427870" lon="107.59967496"></trkpt>
  <trkpt lat="-6.74485990" lon="107.60031793"></trkpt>
  <trkpt lat="-6.74482528" lon="107.60069814"></trkpt>
  <trkpt lat="-6.74508805" lon="107.60088480"></trkpt>
  <trkpt lat="-6.74505344" lon="107.60103693"></trkpt>
  <trkpt lat="-6.74584846" lon="107.60146550"></trkpt>
  <trkpt lat="-6.74623562" lon="107.60189415"></trkpt>
  <trkpt lat="-6.74731890" lon="107.60211543"></trkpt>
  <trkpt lat="-6.74864626" lon="107.60321463"></trkpt>
  <trkpt lat="-6.74917515" lon="107.60292429"></trkpt>
  <trkpt lat="-6.74966256" lon="107.60314205"></trkpt>
  <trkpt lat="-6.74985962" lon="107.60298648"></trkpt>
  <trkpt lat="-6.75023287" lon="107.60310056"></trkpt>
  <trkpt lat="-6.75120768" lon="107.60176281"></trkpt>
  <trkpt lat="-6.75147473" lon="107.60212054"></trkpt>
  <trkpt lat="-6.75267770" lon="107.60151914"></trkpt>
  <trkpt lat="-6.75313393" lon="107.60128059"></trkpt>
  <trkpt lat="-6.75382870" lon="107.60013990"></trkpt>
  <trkpt lat="-6.75363173" lon="107.60000512"></trkpt>
  <trkpt lat="-6.75380800" lon="107.59963179"></trkpt>
  <trkpt lat="-6.75564347" lon="107.59912360"></trkpt>
  <trkpt lat="-6.75634872" lon="107.59933105"></trkpt>
  <trkpt lat="-6.75678290" lon="107.59912360"></trkpt>
  <trkpt lat="-6.75713553" lon="107.59947622"></trkpt>
  <trkpt lat="-6.75823473" lon="107.59954881"></trkpt>
  <trkpt lat="-6.75898785" lon="107.59996874"></trkpt>
  <trkpt lat="-6.75909757" lon="107.60009657"></trkpt>
  <trkpt lat="-6.75987876" lon="107.60026940"></trkpt>
  <trkpt lat="-6.76065308" lon="107.60052522"></trkpt>
  <trkpt lat="-6.76113009" lon="107.60057358"></trkpt>
  <trkpt lat="-6.76148959" lon="107.60068422"></trkpt>
  <trkpt lat="-6.76159328" lon="107.60080174"></trkpt>
  <trkpt lat="-6.76181456" lon="107.60141009"></trkpt>
  <trkpt lat="-6.76225696" lon="107.60163138"></trkpt>
  <trkpt lat="-6.76242979" lon="107.60193556"></trkpt>
  <trkpt lat="-6.76281695" lon="107.60261307"></trkpt>
  <trkpt lat="-6.76294830" lon="107.60274441"></trkpt>
  <trkpt lat="-6.76320839" lon="107.60287894"></trkpt>
  <trkpt lat="-6.76375531" lon="107.60289118"></trkpt>
  <trkpt lat="-6.76401950" lon="107.60290040"></trkpt>
  <trkpt lat="-6.76434212" lon="107.60315236"></trkpt>
  <trkpt lat="-6.76446509" lon="107.60320466"></trkpt>
  <trkpt lat="-6.76476927" lon="107.60353952"></trkpt>
  <trkpt lat="-6.76495484" lon="107.60370363"></trkpt>
  <trkpt lat="-6.76506548" lon="107.60374261"></trkpt>
  <trkpt lat="-6.76514536" lon="107.60375074"></trkpt>
  <trkpt lat="-6.76530143" lon="107.60386239"></trkpt>
  <trkpt lat="-6.76539699" lon="107.60391159"></trkpt>
  <trkpt lat="-6.76548709" lon="107.60395258"></trkpt>
  <trkpt lat="-6.76558700" lon="107.60395660"></trkpt>
 </trkseg>
</trk>
<trk>
 <name>Track 197</name>
 <trkseg>
  <trkpt lat="-6.76282768" lon="107.62667759"></trkpt>
  <trkpt lat="-6.76288661" lon="107.62654625"></trkpt>
  <trkpt lat="-6.76294184" lon="107.62649093"></trkpt>
  <trkpt lat="-6.76308014" lon="107.62644181"></trkpt>
  <trkpt lat="-6.76319079" lon="107.62635271"></trkpt>
  <trkpt lat="-6.76324300" lon="107.62624819"></trkpt>
  <trkpt lat="-6.76325533" lon="107.62614065"></trkpt>
  <trkpt lat="-6.76330755" lon="107.62599623"></trkpt>
  <trkpt lat="-6.76334132" lon="107.62584569"></trkpt>
  <trkpt lat="-6.76315080" lon="107.62570127"></trkpt>
  <trkpt lat="-6.76302482" lon="107.62556917"></trkpt>
  <trkpt lat="-6.76284352" lon="107.62552617"></trkpt>
  <trkpt lat="-6.76266532" lon="107.62535711"></trkpt>
  <trkpt lat="-6.76257933" lon="107.62520355"></trkpt>
  <trkpt lat="-6.76252711" lon="107.62504069"></trkpt>
  <trkpt lat="-6.76257622" lon="107.62490851"></trkpt>
  <trkpt lat="-6.76268075" lon="107.62479485"></trkpt>
  <trkpt lat="-6.76274830" lon="107.62461665"></trkpt>
  <trkpt lat="-6.76268687" lon="107.62420032"></trkpt>
  <trkpt lat="-6.76259156" lon="107.62390226"></trkpt>
  <trkpt lat="-6.76256399" lon="107.62375784"></trkpt>
  <trkpt lat="-6.76243491" lon="107.62355198"></trkpt>
  <trkpt lat="-6.76239803" lon="107.62315250"></trkpt>
  <trkpt lat="-6.76234882" lon="107.62284832"></trkpt>
  <trkpt lat="-6.76230582" lon="107.62269778"></trkpt>
  <trkpt lat="-6.76220449" lon="107.62252880"></trkpt>
  <trkpt lat="-6.76201086" lon="107.62210166"></trkpt>
  <trkpt lat="-6.76180115" lon="107.62172070"></trkpt>
  <trkpt lat="-6.76155229" lon="107.62151325"></trkpt>
  <trkpt lat="-6.76131031" lon="107.62122290"></trkpt>
  <trkpt lat="-6.76110981" lon="107.62100858"></trkpt>
  <trkpt lat="-6.76094393" lon="107.62057305"></trkpt>
  <trkpt lat="-6.76086095" lon="107.62028270"></trkpt>
  <trkpt lat="-6.76068812" lon="107.62004768"></trkpt>
  <trkpt lat="-6.76064663" lon="107.61980569"></trkpt>
  <trkpt lat="-6.76053599" lon="107.61961902"></trkpt>
  <trkpt lat="-6.76045309" lon="107.61950838"></trkpt>
  <trkpt lat="-6.76030783" lon="107.61932868"></trkpt>
  <trkpt lat="-6.76017649" lon="107.61907286"></trkpt>
  <trkpt lat="-6.75984465" lon="107.61899684"></trkpt>
  <trkpt lat="-6.75960962" lon="107.61897605"></trkpt>
  <trkpt lat="-6.75947827" lon="107.61887236"></trkpt>
  <trkpt lat="-6.75937459" lon="107.61875485"></trkpt>
  <trkpt lat="-6.75937459" lon="107.61867883"></trkpt>
  <trkpt lat="-6.75909799" lon="107.61866500"></trkpt>
  <trkpt lat="-6.75867629" lon="107.61862351"></trkpt>
  <trkpt lat="-6.75854981" lon="107.61859945"></trkpt>
  <trkpt lat="-6.75846683" lon="107.61845503"></trkpt>
  <trkpt lat="-6.75843917" lon="107.61827063"></trkpt>
  <trkpt lat="-6.75832861" lon="107.61815085"></trkpt>
  <trkpt lat="-6.75823021" lon="107.61805865"></trkpt>
  <trkpt lat="-6.75814111" lon="107.61790501"></trkpt>
  <trkpt lat="-6.75808587" lon="107.61788967"></trkpt>
  <trkpt lat="-6.75800289" lon="107.61794499"></trkpt>
  <trkpt lat="-6.75789535" lon="107.61796033"></trkpt>
  <trkpt lat="-6.75761263" lon="107.61774215"></trkpt>
  <trkpt lat="-6.75760341" lon="107.61766537"></trkpt>
  <trkpt lat="-6.75755731" lon="107.61759161"></trkpt>
  <trkpt lat="-6.75733276" lon="107.61750377"></trkpt>
  <trkpt lat="-6.75718532" lon="107.61738701"></trkpt>
  <trkpt lat="-6.75708490" lon="107.61734812"></trkpt>
  <trkpt lat="-6.75682071" lon="107.61718425"></trkpt>
  <trkpt lat="-6.75663220" lon="107.61690564"></trkpt>
  <trkpt lat="-6.75642483" lon="107.61657639"></trkpt>
  <trkpt lat="-6.75626297" lon="107.61624045"></trkpt>
  <trkpt lat="-6.75620564" lon="107.61613593"></trkpt>
  <trkpt lat="-6.75611193" lon="107.61578565"></trkpt>
  <trkpt lat="-6.75606893" lon="107.61560745"></trkpt>
  <trkpt lat="-6.75591119" lon="107.61538214"></trkpt>
  <trkpt lat="-6.75578211" lon="107.61514862"></trkpt>
  <trkpt lat="-6.75561463" lon="107.61466825"></trkpt>
  <trkpt lat="-6.75562494" lon="107.61461905"></trkpt>
  <trkpt lat="-6.75554498" lon="107.61389603"></trkpt>
  <trkpt lat="-6.75543803" lon="107.61363686"></trkpt>
  <trkpt lat="-6.75541339" lon="107.61352010"></trkpt>
  <trkpt lat="-6.75526896" lon="107.61333880"></trkpt>
  <trkpt lat="-6.75520141" lon="107.61305918"></trkpt>
  <trkpt lat="-6.75504777" lon="107.61239550"></trkpt>
  <trkpt lat="-6.75501399" lon="107.61226340"></trkpt>
  <trkpt lat="-6.75492489" lon="107.61221428"></trkpt>
  <trkpt lat="-6.75487208" lon="107.61190390"></trkpt>
  <trkpt lat="-6.75491106" lon="107.61186291"></trkpt>
  <trkpt lat="-6.75492128" lon="107.61175236"></trkpt>
  <trkpt lat="-6.75503603" lon="107.61171958"></trkpt>
  <trkpt lat="-6.75502782" lon="107.61161506"></trkpt>
  <trkpt lat="-6.75490284" lon="107.61147986"></trkpt>
  <trkpt lat="-6.75485364" lon="107.61135497"></trkpt>
  <trkpt lat="-6.75478198" lon="107.61124433"></trkpt>
  <trkpt lat="-6.75470009" lon="107.61112757"></trkpt>
  <trkpt lat="-6.75460378" lon="107.61117266"></trkpt>
  <trkpt lat="-6.75455667" lon="107.61124223"></trkpt>
  <trkpt lat="-6.75447989" lon="107.61121256"></trkpt>
  <trkpt lat="-6.75428627" lon="107.61143376"></trkpt>
  <trkpt lat="-6.75400975" lon="107.61157894"></trkpt>
  <trkpt lat="-6.75369870" lon="107.61179326"></trkpt>
  <trkpt lat="-6.75362955" lon="107.61203525"></trkpt>
  <trkpt lat="-6.75359493" lon="107.61218042"></trkpt>
  <trkpt lat="-6.75356727" lon="107.61230489"></trkpt>
  <trkpt lat="-6.75349125" lon="107.61229106"></trkpt>
  <trkpt lat="-6.75343593" lon="107.61217355"></trkpt>
  <trkpt lat="-6.75344288" lon="107.61153057"></trkpt>
  <trkpt lat="-6.75351203" lon="107.61136461"></trkpt>
  <trkpt lat="-6.75354657" lon="107.61062491"></trkpt>
  <trkpt lat="-6.75348437" lon="107.61010640"></trkpt>
  <trkpt lat="-6.75333224" lon="107.60988520"></trkpt>
  <trkpt lat="-6.75329771" lon="107.60861308"></trkpt>
  <trkpt lat="-6.75338061" lon="107.60830203"></trkpt>
  <trkpt lat="-6.75328497" lon="107.60764405"></trkpt>
  <trkpt lat="-6.75317902" lon="107.60718782"></trkpt>
  <trkpt lat="-6.75314214" lon="107.60671768"></trkpt>
  <trkpt lat="-6.75317173" lon="107.60639322"></trkpt>
  <trkpt lat="-6.75328447" lon="107.60593188"></trkpt>
  <trkpt lat="-6.75322001" lon="107.60638811"></trkpt>
  <trkpt lat="-6.75313242" lon="107.60639733"></trkpt>
  <trkpt lat="-6.75305866" lon="107.60630982"></trkpt>
  <trkpt lat="-6.75286051" lon="107.60586734"></trkpt>
  <trkpt lat="-6.75284207" lon="107.60556777"></trkpt>
  <trkpt lat="-6.75325689" lon="107.60503770"></trkpt>
  <trkpt lat="-6.75332596" lon="107.60489948"></trkpt>
  <trkpt lat="-6.75366241" lon="107.60402257"></trkpt>
  <trkpt lat="-6.75461652" lon="107.60287961"></trkpt>
  <trkpt lat="-6.75460730" lon="107.60267216"></trkpt>
  <trkpt lat="-6.75490226" lon="107.60226195"></trkpt>
  <trkpt lat="-6.75544607" lon="107.60200848"></trkpt>
  <trkpt lat="-6.75634026" lon="107.60162132"></trkpt>
  <trkpt lat="-6.75675390" lon="107.60132292"></trkpt>
  <trkpt lat="-6.75732538" lon="107.60094037"></trkpt>
  <trkpt lat="-6.75757810" lon="107.60050175"></trkpt>
  <trkpt lat="-6.75834320" lon="107.60035121"></trkpt>
  <trkpt lat="-6.75881334" lon="107.60046797"></trkpt>
  <trkpt lat="-6.75901291" lon="107.59999791"></trkpt>
 </trkseg>
</trk>
<trk>
 <name>Track 215</name>
 <trkseg>
  <trkpt lat="-6.77814997" lon="107.62107999">
   <ele>1675.13</ele>
  </trkpt>
  <trkpt lat="-6.77816003" lon="107.62104998">
   <ele>1675.6</ele>
  </trkpt>
  <trkpt lat="-6.77817998" lon="107.62103003">
   <ele>1675.96</ele>
  </trkpt>
  <trkpt lat="-6.77817998" lon="107.62100003">
   <ele>1676.36</ele>
  </trkpt>
  <trkpt lat="-6.77820001" lon="107.62097002">
   <ele>1676.79</ele>
  </trkpt>
  <trkpt lat="-6.77820998" lon="107.62094001">
   <ele>1677.16</ele>
  </trkpt>
  <trkpt lat="-6.77823002" lon="107.62090003">
   <ele>1677.62</ele>
  </trkpt>
  <trkpt lat="-6.77824996" lon="107.62087002">
   <ele>1677.92</ele>
  </trkpt>
  <trkpt lat="-6.77826002" lon="107.62084002">
   <ele>1678.2</ele>
  </trkpt>
  <trkpt lat="-6.77829003" lon="107.62081998">
   <ele>1678.29</ele>
  </trkpt>
  <trkpt lat="-6.77832004" lon="107.62080004">
   <ele>1678.4</ele>
  </trkpt>
  <trkpt lat="-6.77834996" lon="107.62078000">
   <ele>1678.67</ele>
  </trkpt>
  <trkpt lat="-6.77836999" lon="107.62077003">
   <ele>1678.89</ele>
  </trkpt>
  <trkpt lat="-6.77839003" lon="107.62075000">
   <ele>1679.19</ele>
  </trkpt>
  <trkpt lat="-6.77840000" lon="107.62071001">
   <ele>1679.6</ele>
  </trkpt>
  <trkpt lat="-6.77842003" lon="107.62067003">
   <ele>1680.02</ele>
  </trkpt>
  <trkpt lat="-6.77843001" lon="107.62065000">
   <ele>1680.22</ele>
  </trkpt>
  <trkpt lat="-6.77840000" lon="107.62065000">
   <ele>1680.14</ele>
  </trkpt>
  <trkpt lat="-6.77837997" lon="107.62067003">
   <ele>1679.9</ele>
  </trkpt>
  <trkpt lat="-6.77834996" lon="107.62067003">
   <ele>1679.81</ele>
  </trkpt>
  <trkpt lat="-6.77832004" lon="107.62068001">
   <ele>1679.68</ele>
  </trkpt>
  <trkpt lat="-6.77827997" lon="107.62068998">
   <ele>1679.64</ele>
  </trkpt>
  <trkpt lat="-6.77826002" lon="107.62071001">
   <ele>1679.48</ele>
  </trkpt>
  <trkpt lat="-6.77823002" lon="107.62070004">
   <ele>1679.63</ele>
  </trkpt>
  <trkpt lat="-6.77819003" lon="107.62068998">
   <ele>1679.8</ele>
  </trkpt>
  <trkpt lat="-6.77817000" lon="107.62068001">
   <ele>1679.92</ele>
  </trkpt>
  <trkpt lat="-6.77813002" lon="107.62065997">
   <ele>1680.15</ele>
  </trkpt>
  <trkpt lat="-6.77810001" lon="107.62065000">
   <ele>1680.27</ele>
  </trkpt>
  <trkpt lat="-6.77806003" lon="107.62062997">
   <ele>1680.46</ele>
  </trkpt>
  <trkpt lat="-6.77803002" lon="107.62061002">
   <ele>1680.87</ele>
  </trkpt>
  <trkpt lat="-6.77800999" lon="107.62058001">
   <ele>1681.3</ele>
  </trkpt>
  <trkpt lat="-6.77800002" lon="107.62055998">
   <ele>1681.56</ele>
  </trkpt>
  <trkpt lat="-6.77797001" lon="107.62055000">
   <ele>1682.08</ele>
  </trkpt>
  <trkpt lat="-6.77794998" lon="107.62052997">
   <ele>1682.89</ele>
  </trkpt>
  <trkpt lat="-6.77791997" lon="107.62049996">
   <ele>1684.16</ele>
  </trkpt>
  <trkpt lat="-6.77790002" lon="107.62048001">
   <ele>1685.04</ele>
  </trkpt>
  <trkpt lat="-6.77787001" lon="107.62045998">
   <ele>1686.1</ele>
  </trkpt>
  <trkpt lat="-6.77784998" lon="107.62044003">
   <ele>1687.06</ele>
  </trkpt>
  <trkpt lat="-6.77781997" lon="107.62042997">
   <ele>1687.86</ele>
  </trkpt>
  <trkpt lat="-6.77778997" lon="107.62041003">
   <ele>1689.04</ele>
  </trkpt>
  <trkpt lat="-6.77776004" lon="107.62039997">
   <ele>1689.52</ele>
  </trkpt>
  <trkpt lat="-6.77771998" lon="107.62039997">
   <ele>1689.34</ele>
  </trkpt>
  <trkpt lat="-6.77768997" lon="107.62039997">
   <ele>1689.21</ele>
  </trkpt>
  <trkpt lat="-6.77764999" lon="107.62039997">
   <ele>1689.03</ele>
  </trkpt>
  <trkpt lat="-6.77761998" lon="107.62041003">
   <ele>1688.62</ele>
  </trkpt>
  <trkpt lat="-6.77758997" lon="107.62042997">
   <ele>1687.97</ele>
  </trkpt>
  <trkpt lat="-6.77757002" lon="107.62045001">
   <ele>1687.41</ele>
  </trkpt>
  <trkpt lat="-6.77754999" lon="107.62048001">
   <ele>1686.65</ele>
  </trkpt>
  <trkpt lat="-6.77752996" lon="107.62051002">
   <ele>1685.95</ele>
  </trkpt>
  <trkpt lat="-6.77751001" lon="107.62054003">
   <ele>1685.31</ele>
  </trkpt>
  <trkpt lat="-6.77748000" lon="107.62055998">
   <ele>1685.33</ele>
  </trkpt>
  <trkpt lat="-6.77745000" lon="107.62057004">
   <ele>1685.71</ele>
  </trkpt>
  <trkpt lat="-6.77742996" lon="107.62059996">
   <ele>1685.31</ele>
  </trkpt>
  <trkpt lat="-6.77741001" lon="107.62061999">
   <ele>1685.1</ele>
  </trkpt>
  <trkpt lat="-6.77738998" lon="107.62065997">
   <ele>1684.23</ele>
  </trkpt>
  <trkpt lat="-6.77737003" lon="107.62068001">
   <ele>1683.86</ele>
  </trkpt>
  <trkpt lat="-6.77735997" lon="107.62071001">
   <ele>1683.01</ele>
  </trkpt>
  <trkpt lat="-6.77735000" lon="107.62074002">
   <ele>1682.1</ele>
  </trkpt>
  <trkpt lat="-6.77731999" lon="107.62075997">
   <ele>1681.61</ele>
  </trkpt>
  <trkpt lat="-6.77728998" lon="107.62077003">
   <ele>1681.4</ele>
  </trkpt>
  <trkpt lat="-6.77725000" lon="107.62075997">
   <ele>1682.01</ele>
  </trkpt>
  <trkpt lat="-6.77722997" lon="107.62075000">
   <ele>1682.55</ele>
  </trkpt>
  <trkpt lat="-6.77719996" lon="107.62072996">
   <ele>1683.49</ele>
  </trkpt>
  <trkpt lat="-6.77717004" lon="107.62071001">
   <ele>1684.25</ele>
  </trkpt>
  <trkpt lat="-6.77715001" lon="107.62070004">
   <ele>1684.55</ele>
  </trkpt>
  <trkpt lat="-6.77712997" lon="107.62068001">
   <ele>1685.12</ele>
  </trkpt>
  <trkpt lat="-6.77708999" lon="107.62067003">
   <ele>1685.16</ele>
  </trkpt>
  <trkpt lat="-6.77705999" lon="107.62065997">
   <ele>1685.18</ele>
  </trkpt>
  <trkpt lat="-6.77702998" lon="107.62064002">
   <ele>1685.3</ele>
  </trkpt>
  <trkpt lat="-6.77699997" lon="107.62061999">
   <ele>1685.27</ele>
  </trkpt>
  <trkpt lat="-6.77698002" lon="107.62059996">
   <ele>1685.24</ele>
  </trkpt>
  <trkpt lat="-6.77695001" lon="107.62058998">
   <ele>1684.85</ele>
  </trkpt>
  <trkpt lat="-6.77692001" lon="107.62058001">
   <ele>1684.77</ele>
  </trkpt>
  <trkpt lat="-6.77689000" lon="107.62057004">
   <ele>1684.75</ele>
  </trkpt>
  <trkpt lat="-6.77685999" lon="107.62055998">
   <ele>1684.69</ele>
  </trkpt>
  <trkpt lat="-6.77682999" lon="107.62055998">
   <ele>1684.59</ele>
  </trkpt>
  <trkpt lat="-6.77679998" lon="107.62054003">
   <ele>1684.81</ele>
  </trkpt>
  <trkpt lat="-6.77676997" lon="107.62052997">
   <ele>1684.88</ele>
  </trkpt>
  <trkpt lat="-6.77672999" lon="107.62052000">
   <ele>1684.86</ele>
  </trkpt>
  <trkpt lat="-6.77669998" lon="107.62052997">
   <ele>1684.53</ele>
  </trkpt>
  <trkpt lat="-6.77666998" lon="107.62052997">
   <ele>1684.38</ele>
  </trkpt>
  <trkpt lat="-6.77662002" lon="107.62052000">
   <ele>1684.18</ele>
  </trkpt>
  <trkpt lat="-6.77659001" lon="107.62051002">
   <ele>1684.1</ele>
  </trkpt>
  <trkpt lat="-6.77656000" lon="107.62048999">
   <ele>1684.18</ele>
  </trkpt>
  <trkpt lat="-6.77652002" lon="107.62048001">
   <ele>1684.03</ele>
  </trkpt>
  <trkpt lat="-6.77649002" lon="107.62047004">
   <ele>1683.96</ele>
  </trkpt>
  <trkpt lat="-6.77645003" lon="107.62044003">
   <ele>1684.1</ele>
  </trkpt>
  <trkpt lat="-6.77643998" lon="107.62042000">
   <ele>1684.32</ele>
  </trkpt>
  <trkpt lat="-6.77642003" lon="107.62041003">
   <ele>1684.32</ele>
  </trkpt>
  <trkpt lat="-6.77639002" lon="107.62039997">
   <ele>1684.25</ele>
  </trkpt>
  <trkpt lat="-6.77636001" lon="107.62039997">
   <ele>1684.51</ele>
  </trkpt>
  <trkpt lat="-6.77633001" lon="107.62038002">
   <ele>1685.09</ele>
  </trkpt>
  <trkpt lat="-6.77630997" lon="107.62035999">
   <ele>1685.58</ele>
  </trkpt>
  <trkpt lat="-6.77630000" lon="107.62032998">
   <ele>1686.15</ele>
  </trkpt>
  <trkpt lat="-6.77627997" lon="107.62029997">
   <ele>1686.82</ele>
  </trkpt>
  <trkpt lat="-6.77626002" lon="107.62026996">
   <ele>1687.49</ele>
  </trkpt>
  <trkpt lat="-6.77624996" lon="107.62025001">
   <ele>1687.85</ele>
  </trkpt>
  <trkpt lat="-6.77623001" lon="107.62022001">
   <ele>1688.4</ele>
  </trkpt>
  <trkpt lat="-6.77622003" lon="107.62019000">
   <ele>1688.83</ele>
  </trkpt>
  <trkpt lat="-6.77622003" lon="107.62015999">
   <ele>1689.17</ele>
  </trkpt>
  <trkpt lat="-6.77620998" lon="107.62012001">
   <ele>1689.67</ele>
  </trkpt>
  <trkpt lat="-6.77620000" lon="107.62009998">
   <ele>1689.93</ele>
  </trkpt>
  <trkpt lat="-6.77620000" lon="107.62006000">
   <ele>1690.36</ele>
  </trkpt>
  <trkpt lat="-6.77620000" lon="107.62002999">
   <ele>1690.68</ele>
  </trkpt>
  <trkpt lat="-6.77620000" lon="107.61999998">
   <ele>1691</ele>
  </trkpt>
  <trkpt lat="-6.77620000" lon="107.61996998">
   <ele>1691.25</ele>
  </trkpt>
  <trkpt lat="-6.77619003" lon="107.61993997">
   <ele>1691.46</ele>
  </trkpt>
  <trkpt lat="-6.77616999" lon="107.61992002">
   <ele>1691.53</ele>
  </trkpt>
  <trkpt lat="-6.77613999" lon="107.61989999">
   <ele>1691.51</ele>
  </trkpt>
  <trkpt lat="-6.77612004" lon="107.61989999">
   <ele>1691.41</ele>
  </trkpt>
 </trkseg>
</trk>
<trk>
 <name>Track 217</name>
 <trkseg>
  <trkpt lat="-6.79900004" lon="107.62147998">
   <ele>1316.76</ele>
  </trkpt>
  <trkpt lat="-6.79898998" lon="107.62144997">
   <ele>1315.82</ele>
  </trkpt>
  <trkpt lat="-6.79898998" lon="107.62149003">
   <ele>1316.9</ele>
  </trkpt>
  <trkpt lat="-6.79897003" lon="107.62150998">
   <ele>1317.22</ele>
  </trkpt>
  <trkpt lat="-6.79892996" lon="107.62153002">
   <ele>1317.44</ele>
  </trkpt>
  <trkpt lat="-6.79890004" lon="107.62153999">
   <ele>1317.53</ele>
  </trkpt>
  <trkpt lat="-6.79887003" lon="107.62154996">
   <ele>1317.57</ele>
  </trkpt>
  <trkpt lat="-6.79884003" lon="107.62156002">
   <ele>1317.56</ele>
  </trkpt>
  <trkpt lat="-6.79881999" lon="107.62157000">
   <ele>1317.69</ele>
  </trkpt>
  <trkpt lat="-6.79878001" lon="107.62159003">
   <ele>1317.96</ele>
  </trkpt>
  <trkpt lat="-6.79875998" lon="107.62160998">
   <ele>1318.47</ele>
  </trkpt>
  <trkpt lat="-6.79874003" lon="107.62164996">
   <ele>1319.76</ele>
  </trkpt>
  <trkpt lat="-6.79872000" lon="107.62169003">
   <ele>1320.79</ele>
  </trkpt>
  <trkpt lat="-6.79868999" lon="107.62172003">
   <ele>1321.39</ele>
  </trkpt>
  <trkpt lat="-6.79865998" lon="107.62173998">
   <ele>1321.84</ele>
  </trkpt>
  <trkpt lat="-6.79862997" lon="107.62176001">
   <ele>1322.4</ele>
  </trkpt>
  <trkpt lat="-6.79861003" lon="107.62177996">
   <ele>1323.08</ele>
  </trkpt>
  <trkpt lat="-6.79858002" lon="107.62180000">
   <ele>1323.84</ele>
  </trkpt>
  <trkpt lat="-6.79855999" lon="107.62180997">
   <ele>1324.27</ele>
  </trkpt>
  <trkpt lat="-6.79852998" lon="107.62182003">
   <ele>1324.77</ele>
  </trkpt>
  <trkpt lat="-6.79849997" lon="107.62183998">
   <ele>1325.79</ele>
  </trkpt>
  <trkpt lat="-6.79846996" lon="107.62185004">
   <ele>1326.42</ele>
  </trkpt>
  <trkpt lat="-6.79844004" lon="107.62186001">
   <ele>1327.11</ele>
  </trkpt>
  <trkpt lat="-6.79842001" lon="107.62187996">
   <ele>1328.31</ele>
  </trkpt>
  <trkpt lat="-6.79839998" lon="107.62189999">
   <ele>1329.59</ele>
  </trkpt>
  <trkpt lat="-6.79839000" lon="107.62193000">
   <ele>1331.37</ele>
  </trkpt>
  <trkpt lat="-6.79836997" lon="107.62195003">
   <ele>1332.61</ele>
  </trkpt>
  <trkpt lat="-6.79835002" lon="107.62196998">
   <ele>1333.39</ele>
  </trkpt>
  <trkpt lat="-6.79832001" lon="107.62199001">
   <ele>1334.48</ele>
  </trkpt>
  <trkpt lat="-6.79829998" lon="107.62200996">
   <ele>1335.51</ele>
  </trkpt>
  <trkpt lat="-6.79828003" lon="107.62203000">
   <ele>1336.6</ele>
  </trkpt>
  <trkpt lat="-6.79826997" lon="107.62206000">
   <ele>1337.75</ele>
  </trkpt>
  <trkpt lat="-6.79825002" lon="107.62208004">
   <ele>1338.95</ele>
  </trkpt>
  <trkpt lat="-6.79822002" lon="107.62209998">
   <ele>1340.51</ele>
  </trkpt>
  <trkpt lat="-6.79819998" lon="107.62212002">
   <ele>1341.82</ele>
  </trkpt>
  <trkpt lat="-6.79816998" lon="107.62212999">
   <ele>1343.17</ele>
  </trkpt>
  <trkpt lat="-6.79815003" lon="107.62215002">
   <ele>1344.58</ele>
  </trkpt>
  <trkpt lat="-6.79813997" lon="107.62218003">
   <ele>1346.06</ele>
  </trkpt>
  <trkpt lat="-6.79812002" lon="107.62219998">
   <ele>1347.58</ele>
  </trkpt>
  <trkpt lat="-6.79809999" lon="107.62222999">
   <ele>1349.14</ele>
  </trkpt>
  <trkpt lat="-6.79808004" lon="107.62225999">
   <ele>1349.46</ele>
  </trkpt>
  <trkpt lat="-6.79806001" lon="107.62228003">
   <ele>1349.81</ele>
  </trkpt>
  <trkpt lat="-6.79805003" lon="107.62231003">
   <ele>1349.53</ele>
  </trkpt>
  <trkpt lat="-6.79803997" lon="107.62233996">
   <ele>1349.18</ele>
  </trkpt>
  <trkpt lat="-6.79803000" lon="107.62236997">
   <ele>1348.85</ele>
  </trkpt>
  <trkpt lat="-6.79800997" lon="107.62239997">
   <ele>1348.72</ele>
  </trkpt>
  <trkpt lat="-6.79799002" lon="107.62242001">
   <ele>1348.79</ele>
  </trkpt>
  <trkpt lat="-6.79796001" lon="107.62242998">
   <ele>1349.24</ele>
  </trkpt>
  <trkpt lat="-6.79793000" lon="107.62245001">
   <ele>1349.53</ele>
  </trkpt>
  <trkpt lat="-6.79790997" lon="107.62246996">
   <ele>1349.63</ele>
  </trkpt>
  <trkpt lat="-6.79789002" lon="107.62248999">
   <ele>1349.73</ele>
  </trkpt>
  <trkpt lat="-6.79786001" lon="107.62251003">
   <ele>1350.08</ele>
  </trkpt>
  <trkpt lat="-6.79783001" lon="107.62254003">
   <ele>1350.3</ele>
  </trkpt>
  <trkpt lat="-6.79779002" lon="107.62255001">
   <ele>1351.02</ele>
  </trkpt>
  <trkpt lat="-6.79776999" lon="107.62255001">
   <ele>1351.4</ele>
  </trkpt>
  <trkpt lat="-6.79773001" lon="107.62255001">
   <ele>1352</ele>
  </trkpt>
  <trkpt lat="-6.79770998" lon="107.62252998">
   <ele>1352.57</ele>
  </trkpt>
  <trkpt lat="-6.79767997" lon="107.62252000">
   <ele>1353.15</ele>
  </trkpt>
  <trkpt lat="-6.79764996" lon="107.62251003">
   <ele>1353.71</ele>
  </trkpt>
  <trkpt lat="-6.79762004" lon="107.62249997">
   <ele>1354.27</ele>
  </trkpt>
  <trkpt lat="-6.79759003" lon="107.62248999">
   <ele>1354.8</ele>
  </trkpt>
  <trkpt lat="-6.79756003" lon="107.62248002">
   <ele>1355.31</ele>
  </trkpt>
  <trkpt lat="-6.79753002" lon="107.62248999">
   <ele>1355.65</ele>
  </trkpt>
  <trkpt lat="-6.79749004" lon="107.62249997">
   <ele>1356.07</ele>
  </trkpt>
  <trkpt lat="-6.79746003" lon="107.62249997">
   <ele>1356.29</ele>
  </trkpt>
  <trkpt lat="-6.79743002" lon="107.62249997">
   <ele>1356.5</ele>
  </trkpt>
  <trkpt lat="-6.79740001" lon="107.62248999">
   <ele>1356.73</ele>
  </trkpt>
  <trkpt lat="-6.79736003" lon="107.62248999">
   <ele>1356.99</ele>
  </trkpt>
  <trkpt lat="-6.79733003" lon="107.62248999">
   <ele>1357.19</ele>
  </trkpt>
  <trkpt lat="-6.79730002" lon="107.62248999">
   <ele>1357.38</ele>
  </trkpt>
  <trkpt lat="-6.79727001" lon="107.62249997">
   <ele>1357.66</ele>
  </trkpt>
  <trkpt lat="-6.79724000" lon="107.62249997">
   <ele>1357.87</ele>
  </trkpt>
  <trkpt lat="-6.79721000" lon="107.62249997">
   <ele>1357.91</ele>
  </trkpt>
  <trkpt lat="-6.79717999" lon="107.62249997">
   <ele>1357.7</ele>
  </trkpt>
  <trkpt lat="-6.79714998" lon="107.62249997">
   <ele>1357.48</ele>
  </trkpt>
  <trkpt lat="-6.79711998" lon="107.62251003">
   <ele>1357.33</ele>
  </trkpt>
  <trkpt lat="-6.79708997" lon="107.62251003">
   <ele>1357.1</ele>
  </trkpt>
  <trkpt lat="-6.79705996" lon="107.62251003">
   <ele>1356.88</ele>
  </trkpt>
  <trkpt lat="-6.79704001" lon="107.62252000">
   <ele>1356.76</ele>
  </trkpt>
  <trkpt lat="-6.79700003" lon="107.62252998">
   <ele>1356.46</ele>
  </trkpt>
  <trkpt lat="-6.79698000" lon="107.62254003">
   <ele>1356.31</ele>
  </trkpt>
  <trkpt lat="-6.79694999" lon="107.62255001">
   <ele>1356.05</ele>
  </trkpt>
  <trkpt lat="-6.79691998" lon="107.62255998">
   <ele>1355.98</ele>
  </trkpt>
  <trkpt lat="-6.79690003" lon="107.62258002">
   <ele>1355.95</ele>
  </trkpt>
  <trkpt lat="-6.79687003" lon="107.62258999">
   <ele>1355.91</ele>
  </trkpt>
  <trkpt lat="-6.79684999" lon="107.62261002">
   <ele>1355.87</ele>
  </trkpt>
  <trkpt lat="-6.79681999" lon="107.62262997">
   <ele>1355.79</ele>
  </trkpt>
  <trkpt lat="-6.79680004" lon="107.62264003">
   <ele>1355.74</ele>
  </trkpt>
  <trkpt lat="-6.79675997" lon="107.62264003">
   <ele>1355.67</ele>
  </trkpt>
  <trkpt lat="-6.79672997" lon="107.62264003">
   <ele>1355.61</ele>
  </trkpt>
  <trkpt lat="-6.79670004" lon="107.62264003">
   <ele>1355.56</ele>
  </trkpt>
  <trkpt lat="-6.79667003" lon="107.62264003">
   <ele>1355.5</ele>
  </trkpt>
  <trkpt lat="-6.79664003" lon="107.62265000">
   <ele>1355.57</ele>
  </trkpt>
  <trkpt lat="-6.79661002" lon="107.62265000">
   <ele>1355.7</ele>
  </trkpt>
  <trkpt lat="-6.79658001" lon="107.62265000">
   <ele>1355.82</ele>
  </trkpt>
  <trkpt lat="-6.79655001" lon="107.62265000">
   <ele>1355.95</ele>
  </trkpt>
  <trkpt lat="-6.79652000" lon="107.62265998">
   <ele>1356.11</ele>
  </trkpt>
  <trkpt lat="-6.79648999" lon="107.62265998">
   <ele>1356.25</ele>
  </trkpt>
  <trkpt lat="-6.79645998" lon="107.62267004">
   <ele>1356.47</ele>
  </trkpt>
  <trkpt lat="-6.79642000" lon="107.62267004">
   <ele>1356.67</ele>
  </trkpt>
  <trkpt lat="-6.79639000" lon="107.62268001">
   <ele>1356.94</ele>
  </trkpt>
  <trkpt lat="-6.79635999" lon="107.62267004">
   <ele>1357.41</ele>
  </trkpt>
  <trkpt lat="-6.79632998" lon="107.62267004">
   <ele>1358.01</ele>
  </trkpt>
  <trkpt lat="-6.79629997" lon="107.62265998">
   <ele>1358.55</ele>
  </trkpt>
  <trkpt lat="-6.79626997" lon="107.62265000">
   <ele>1359.12</ele>
  </trkpt>
  <trkpt lat="-6.79623996" lon="107.62265000">
   <ele>1359.75</ele>
  </trkpt>
  <trkpt lat="-6.79621004" lon="107.62265000">
   <ele>1360.38</ele>
  </trkpt>
  <trkpt lat="-6.79618003" lon="107.62265000">
   <ele>1361.01</ele>
  </trkpt>
  <trkpt lat="-6.79615002" lon="107.62265000">
   <ele>1361.64</ele>
  </trkpt>
  <trkpt lat="-6.79612001" lon="107.62265000">
   <ele>1362.27</ele>
  </trkpt>
  <trkpt lat="-6.79608003" lon="107.62265998">
   <ele>1363.4</ele>
  </trkpt>
  <trkpt lat="-6.79603997" lon="107.62265998">
   <ele>1364.66</ele>
  </trkpt>
  <trkpt lat="-6.79599999" lon="107.62265000">
   <ele>1365.91</ele>
  </trkpt>
  <trkpt lat="-6.79596998" lon="107.62264003">
   <ele>1366.82</ele>
  </trkpt>
  <trkpt lat="-6.79593997" lon="107.62264003">
   <ele>1367.74</ele>
  </trkpt>
  <trkpt lat="-6.79590996" lon="107.62262997">
   <ele>1368.62</ele>
  </trkpt>
  <trkpt lat="-6.79586998" lon="107.62262000">
   <ele>1369.77</ele>
  </trkpt>
  <trkpt lat="-6.79583997" lon="107.62262000">
   <ele>1370.66</ele>
  </trkpt>
  <trkpt lat="-6.79580997" lon="107.62262000">
   <ele>1371.96</ele>
  </trkpt>
  <trkpt lat="-6.79577996" lon="107.62262000">
   <ele>1373.36</ele>
  </trkpt>
  <trkpt lat="-6.79575004" lon="107.62262000">
   <ele>1374.76</ele>
  </trkpt>
  <trkpt lat="-6.79572003" lon="107.62261002">
   <ele>1376.1</ele>
  </trkpt>
  <trkpt lat="-6.79569002" lon="107.62261002">
   <ele>1377.5</ele>
  </trkpt>
  <trkpt lat="-6.79566002" lon="107.62259996">
   <ele>1378.83</ele>
  </trkpt>
  <trkpt lat="-6.79563001" lon="107.62259996">
   <ele>1380.24</ele>
  </trkpt>
  <trkpt lat="-6.79560000" lon="107.62258002">
   <ele>1381.5</ele>
  </trkpt>
  <trkpt lat="-6.79556999" lon="107.62257004">
   <ele>1382.83</ele>
  </trkpt>
  <trkpt lat="-6.79553999" lon="107.62257004">
   <ele>1383.44</ele>
  </trkpt>
  <trkpt lat="-6.79550998" lon="107.62257004">
   <ele>1383.3</ele>
  </trkpt>
  <trkpt lat="-6.79547997" lon="107.62258002">
   <ele>1383.35</ele>
  </trkpt>
  <trkpt lat="-6.79543999" lon="107.62257004">
   <ele>1382.99</ele>
  </trkpt>
  <trkpt lat="-6.79540001" lon="107.62257004">
   <ele>1382.82</ele>
  </trkpt>
  <trkpt lat="-6.79537000" lon="107.62257004">
   <ele>1382.68</ele>
  </trkpt>
  <trkpt lat="-6.79533999" lon="107.62257004">
   <ele>1382.55</ele>
  </trkpt>
  <trkpt lat="-6.79530999" lon="107.62257004">
   <ele>1382.42</ele>
  </trkpt>
  <trkpt lat="-6.79527998" lon="107.62258999">
   <ele>1383.22</ele>
  </trkpt>
  <trkpt lat="-6.79524997" lon="107.62259996">
   <ele>1384.09</ele>
  </trkpt>
  <trkpt lat="-6.79521997" lon="107.62261002">
   <ele>1385.02</ele>
  </trkpt>
  <trkpt lat="-6.79519004" lon="107.62262000">
   <ele>1385.97</ele>
  </trkpt>
  <trkpt lat="-6.79516003" lon="107.62262000">
   <ele>1386.44</ele>
  </trkpt>
  <trkpt lat="-6.79513003" lon="107.62261002">
   <ele>1386.38</ele>
  </trkpt>
  <trkpt lat="-6.79510002" lon="107.62259996">
   <ele>1386.29</ele>
  </trkpt>
  <trkpt lat="-6.79507001" lon="107.62258999">
   <ele>1386.18</ele>
  </trkpt>
  <trkpt lat="-6.79504001" lon="107.62258002">
   <ele>1386.05</ele>
  </trkpt>
  <trkpt lat="-6.79501000" lon="107.62258999">
   <ele>1387.04</ele>
  </trkpt>
  <trkpt lat="-6.79495996" lon="107.62258999">
   <ele>1387.57</ele>
  </trkpt>
  <trkpt lat="-6.79491998" lon="107.62259996">
   <ele>1388.52</ele>
  </trkpt>
  <trkpt lat="-6.79488997" lon="107.62258999">
   <ele>1388.24</ele>
  </trkpt>
  <trkpt lat="-6.79485996" lon="107.62258999">
   <ele>1388.53</ele>
  </trkpt>
  <trkpt lat="-6.79483004" lon="107.62259996">
   <ele>1389.38</ele>
  </trkpt>
  <trkpt lat="-6.79480003" lon="107.62259996">
   <ele>1389.66</ele>
  </trkpt>
  <trkpt lat="-6.79477002" lon="107.62259996">
   <ele>1389.95</ele>
  </trkpt>
  <trkpt lat="-6.79474002" lon="107.62259996">
   <ele>1390.23</ele>
  </trkpt>
  <trkpt lat="-6.79470004" lon="107.62259996">
   <ele>1390.67</ele>
  </trkpt>
  <trkpt lat="-6.79467003" lon="107.62259996">
   <ele>1391.04</ele>
  </trkpt>
  <trkpt lat="-6.79464002" lon="107.62258999">
   <ele>1390.97</ele>
  </trkpt>
  <trkpt lat="-6.79461001" lon="107.62258002">
   <ele>1390.98</ele>
  </trkpt>
  <trkpt lat="-6.79457003" lon="107.62258002">
   <ele>1391.58</ele>
  </trkpt>
  <trkpt lat="-6.79454003" lon="107.62258999">
   <ele>1392.33</ele>
  </trkpt>
  <trkpt lat="-6.79451002" lon="107.62258999">
   <ele>1392.73</ele>
  </trkpt>
  <trkpt lat="-6.79448001" lon="107.62258002">
   <ele>1392.91</ele>
  </trkpt>
  <trkpt lat="-6.79445000" lon="107.62258002">
   <ele>1393.36</ele>
  </trkpt>
  <trkpt lat="-6.79442000" lon="107.62258002">
   <ele>1393.93</ele>
  </trkpt>
  <trkpt lat="-6.79438999" lon="107.62258002">
   <ele>1394.53</ele>
  </trkpt>
  <trkpt lat="-6.79435998" lon="107.62257004">
   <ele>1395</ele>
  </trkpt>
  <trkpt lat="-6.79432997" lon="107.62257004">
   <ele>1395.62</ele>
  </trkpt>
  <trkpt lat="-6.79429997" lon="107.62255998">
   <ele>1396.16</ele>
  </trkpt>
  <trkpt lat="-6.79426996" lon="107.62255001">
   <ele>1396.73</ele>
  </trkpt>
  <trkpt lat="-6.79425001" lon="107.62255001">
   <ele>1397.17</ele>
  </trkpt>
  <trkpt lat="-6.79421003" lon="107.62254003">
   <ele>1398.02</ele>
  </trkpt>
  <trkpt lat="-6.79418002" lon="107.62254003">
   <ele>1398.7</ele>
  </trkpt>
  <trkpt lat="-6.79415002" lon="107.62252998">
   <ele>1399.56</ele>
  </trkpt>
  <trkpt lat="-6.79412001" lon="107.62252998">
   <ele>1400.57</ele>
  </trkpt>
  <trkpt lat="-6.79409000" lon="107.62252000">
   <ele>1401.64</ele>
  </trkpt>
  <trkpt lat="-6.79405999" lon="107.62252000">
   <ele>1402.67</ele>
  </trkpt>
  <trkpt lat="-6.79402001" lon="107.62252000">
   <ele>1404.05</ele>
  </trkpt>
  <trkpt lat="-6.79399000" lon="107.62252000">
   <ele>1405.09</ele>
  </trkpt>
  <trkpt lat="-6.79396997" lon="107.62252000">
   <ele>1405.77</ele>
  </trkpt>
  <trkpt lat="-6.79393996" lon="107.62252998">
   <ele>1406.63</ele>
  </trkpt>
  <trkpt lat="-6.79391004" lon="107.62252998">
   <ele>1407.64</ele>
  </trkpt>
  <trkpt lat="-6.79386998" lon="107.62252998">
   <ele>1408.39</ele>
  </trkpt>
  <trkpt lat="-6.79383997" lon="107.62252000">
   <ele>1408.63</ele>
  </trkpt>
  <trkpt lat="-6.79380996" lon="107.62252000">
   <ele>1408.67</ele>
  </trkpt>
  <trkpt lat="-6.79378004" lon="107.62251003">
   <ele>1408.85</ele>
  </trkpt>
  <trkpt lat="-6.79375003" lon="107.62251003">
   <ele>1408.87</ele>
  </trkpt>
  <trkpt lat="-6.79373000" lon="107.62252000">
   <ele>1408.77</ele>
  </trkpt>
  <trkpt lat="-6.79369002" lon="107.62252998">
   <ele>1408.74</ele>
  </trkpt>
  <trkpt lat="-6.79366001" lon="107.62252998">
   <ele>1408.8</ele>
  </trkpt>
  <trkpt lat="-6.79363000" lon="107.62252998">
   <ele>1408.86</ele>
  </trkpt>
  <trkpt lat="-6.79359999" lon="107.62252000">
   <ele>1408.88</ele>
  </trkpt>
  <trkpt lat="-6.79356999" lon="107.62251003">
   <ele>1408.81</ele>
  </trkpt>
  <trkpt lat="-6.79353998" lon="107.62249997">
   <ele>1408.74</ele>
  </trkpt>
  <trkpt lat="-6.79350000" lon="107.62248999">
   <ele>1408.45</ele>
  </trkpt>
  <trkpt lat="-6.79346999" lon="107.62248002">
   <ele>1408.21</ele>
  </trkpt>
  <trkpt lat="-6.79343998" lon="107.62248999">
   <ele>1408.25</ele>
  </trkpt>
  <trkpt lat="-6.79340998" lon="107.62249997">
   <ele>1408.28</ele>
  </trkpt>
  <trkpt lat="-6.79337000" lon="107.62249997">
   <ele>1408.13</ele>
  </trkpt>
  <trkpt lat="-6.79333999" lon="107.62249997">
   <ele>1408.02</ele>
  </trkpt>
  <trkpt lat="-6.79330001" lon="107.62248999">
   <ele>1407.66</ele>
  </trkpt>
  <trkpt lat="-6.79327000" lon="107.62248002">
   <ele>1407.36</ele>
  </trkpt>
  <trkpt lat="-6.79323999" lon="107.62246996">
   <ele>1407.08</ele>
  </trkpt>
  <trkpt lat="-6.79320998" lon="107.62245999">
   <ele>1406.81</ele>
  </trkpt>
  <trkpt lat="-6.79317998" lon="107.62246996">
   <ele>1406.69</ele>
  </trkpt>
  <trkpt lat="-6.79314997" lon="107.62246996">
   <ele>1406.5</ele>
  </trkpt>
  <trkpt lat="-6.79311996" lon="107.62248002">
   <ele>1406.36</ele>
  </trkpt>
  <trkpt lat="-6.79309004" lon="107.62248002">
   <ele>1406.16</ele>
  </trkpt>
  <trkpt lat="-6.79306003" lon="107.62246996">
   <ele>1405.92</ele>
  </trkpt>
  <trkpt lat="-6.79301997" lon="107.62245999">
   <ele>1406.46</ele>
  </trkpt>
  <trkpt lat="-6.79298996" lon="107.62245001">
   <ele>1406.92</ele>
  </trkpt>
  <trkpt lat="-6.79296004" lon="107.62242998">
   <ele>1407.29</ele>
  </trkpt>
  <trkpt lat="-6.79293003" lon="107.62242001">
   <ele>1407.71</ele>
  </trkpt>
  <trkpt lat="-6.79288996" lon="107.62241003">
   <ele>1408.27</ele>
  </trkpt>
  <trkpt lat="-6.79286004" lon="107.62241003">
   <ele>1408.74</ele>
  </trkpt>
  <trkpt lat="-6.79281000" lon="107.62241003">
   <ele>1409.52</ele>
  </trkpt>
  <trkpt lat="-6.79277002" lon="107.62242998">
   <ele>1410.44</ele>
  </trkpt>
  <trkpt lat="-6.79274001" lon="107.62245999">
   <ele>1411.52</ele>
  </trkpt>
  <trkpt lat="-6.79271000" lon="107.62245999">
   <ele>1412.28</ele>
  </trkpt>
  <trkpt lat="-6.79268000" lon="107.62245999">
   <ele>1413.03</ele>
  </trkpt>
  <trkpt lat="-6.79264999" lon="107.62245999">
   <ele>1413.79</ele>
  </trkpt>
  <trkpt lat="-6.79261998" lon="107.62245001">
   <ele>1414.44</ele>
  </trkpt>
  <trkpt lat="-6.79258000" lon="107.62245001">
   <ele>1415.44</ele>
  </trkpt>
  <trkpt lat="-6.79254999" lon="107.62244004">
   <ele>1416.09</ele>
  </trkpt>
  <trkpt lat="-6.79251999" lon="107.62242998">
   <ele>1416.74</ele>
  </trkpt>
  <trkpt lat="-6.79250004" lon="107.62242001">
   <ele>1417.14</ele>
  </trkpt>
  <trkpt lat="-6.79247003" lon="107.62241003">
   <ele>1417.86</ele>
  </trkpt>
  <trkpt lat="-6.79242996" lon="107.62241003">
   <ele>1418.96</ele>
  </trkpt>
  <trkpt lat="-6.79241002" lon="107.62239997">
   <ele>1419.4</ele>
  </trkpt>
  <trkpt lat="-6.79238001" lon="107.62241003">
   <ele>1420.34</ele>
  </trkpt>
  <trkpt lat="-6.79234003" lon="107.62241003">
   <ele>1421.45</ele>
  </trkpt>
  <trkpt lat="-6.79231002" lon="107.62239997">
   <ele>1422.15</ele>
  </trkpt>
  <trkpt lat="-6.79228001" lon="107.62239997">
   <ele>1422.97</ele>
  </trkpt>
  <trkpt lat="-6.79225001" lon="107.62239997">
   <ele>1423.8</ele>
  </trkpt>
  <trkpt lat="-6.79222000" lon="107.62239997">
   <ele>1424.65</ele>
  </trkpt>
  <trkpt lat="-6.79218999" lon="107.62238002">
   <ele>1425.68</ele>
  </trkpt>
  <trkpt lat="-6.79216996" lon="107.62236997">
   <ele>1426.45</ele>
  </trkpt>
  <trkpt lat="-6.79214003" lon="107.62235999">
   <ele>1427.69</ele>
  </trkpt>
  <trkpt lat="-6.79211003" lon="107.62235999">
   <ele>1429.04</ele>
  </trkpt>
  <trkpt lat="-6.79206996" lon="107.62236997">
   <ele>1430.89</ele>
  </trkpt>
  <trkpt lat="-6.79204004" lon="107.62238002">
   <ele>1432.25</ele>
  </trkpt>
  <trkpt lat="-6.79201003" lon="107.62239000">
   <ele>1433.57</ele>
  </trkpt>
  <trkpt lat="-6.79196997" lon="107.62239000">
   <ele>1435.29</ele>
  </trkpt>
  <trkpt lat="-6.79192998" lon="107.62238002">
   <ele>1436.76</ele>
  </trkpt>
  <trkpt lat="-6.79189000" lon="107.62238002">
   <ele>1437.66</ele>
  </trkpt>
  <trkpt lat="-6.79185002" lon="107.62238002">
   <ele>1438.56</ele>
  </trkpt>
  <trkpt lat="-6.79179998" lon="107.62236997">
   <ele>1439.65</ele>
  </trkpt>
  <trkpt lat="-6.79176997" lon="107.62235999">
   <ele>1440.26</ele>
  </trkpt>
  <trkpt lat="-6.79173997" lon="107.62235002">
   <ele>1440.84</ele>
  </trkpt>
  <trkpt lat="-6.79172002" lon="107.62235999">
   <ele>1441.34</ele>
  </trkpt>
  <trkpt lat="-6.79168004" lon="107.62235999">
   <ele>1442.2</ele>
  </trkpt>
  <trkpt lat="-6.79165003" lon="107.62235002">
   <ele>1442.73</ele>
  </trkpt>
  <trkpt lat="-6.79162002" lon="107.62235002">
   <ele>1443.35</ele>
  </trkpt>
  <trkpt lat="-6.79158004" lon="107.62235999">
   <ele>1444.35</ele>
  </trkpt>
  <trkpt lat="-6.79155003" lon="107.62235999">
   <ele>1445</ele>
  </trkpt>
  <trkpt lat="-6.79152003" lon="107.62235999">
   <ele>1445.64</ele>
  </trkpt>
  <trkpt lat="-6.79149002" lon="107.62235002">
   <ele>1446.04</ele>
  </trkpt>
  <trkpt lat="-6.79146001" lon="107.62235002">
   <ele>1446.67</ele>
  </trkpt>
  <trkpt lat="-6.79143000" lon="107.62233996">
   <ele>1447</ele>
  </trkpt>
  <trkpt lat="-6.79140000" lon="107.62235002">
   <ele>1447.91</ele>
  </trkpt>
  <trkpt lat="-6.79137996" lon="107.62232998">
   <ele>1447.64</ele>
  </trkpt>
  <trkpt lat="-6.79136002" lon="107.62231003">
   <ele>1447.33</ele>
  </trkpt>
  <trkpt lat="-6.79133998" lon="107.62229000">
   <ele>1447.03</ele>
  </trkpt>
  <trkpt lat="-6.79130998" lon="107.62228003">
   <ele>1447.23</ele>
  </trkpt>
  <trkpt lat="-6.79127997" lon="107.62228003">
   <ele>1447.75</ele>
  </trkpt>
  <trkpt lat="-6.79123999" lon="107.62228003">
   <ele>1448.44</ele>
  </trkpt>
  <trkpt lat="-6.79120998" lon="107.62226997">
   <ele>1448.66</ele>
  </trkpt>
  <trkpt lat="-6.79117997" lon="107.62225999">
   <ele>1448.88</ele>
  </trkpt>
  <trkpt lat="-6.79114996" lon="107.62225999">
   <ele>1449.41</ele>
  </trkpt>
  <trkpt lat="-6.79113002" lon="107.62228003">
   <ele>1450.34</ele>
  </trkpt>
  <trkpt lat="-6.79110998" lon="107.62229000">
   <ele>1450.98</ele>
  </trkpt>
  <trkpt lat="-6.79107998" lon="107.62232001">
   <ele>1452.47</ele>
  </trkpt>
  <trkpt lat="-6.79104997" lon="107.62233996">
   <ele>1453.53</ele>
  </trkpt>
  <trkpt lat="-6.79103002" lon="107.62233996">
   <ele>1453.91</ele>
  </trkpt>
  <trkpt lat="-6.79099004" lon="107.62235002">
   <ele>1454.8</ele>
  </trkpt>
  <trkpt lat="-6.79096003" lon="107.62235002">
   <ele>1455.32</ele>
  </trkpt>
  <trkpt lat="-6.79093002" lon="107.62235999">
   <ele>1455.93</ele>
  </trkpt>
  <trkpt lat="-6.79090002" lon="107.62235999">
   <ele>1456.42</ele>
  </trkpt>
  <trkpt lat="-6.79087001" lon="107.62235002">
   <ele>1456.9</ele>
  </trkpt>
  <trkpt lat="-6.79084000" lon="107.62235002">
   <ele>1457.42</ele>
  </trkpt>
  <trkpt lat="-6.79080999" lon="107.62233996">
   <ele>1457.7</ele>
  </trkpt>
  <trkpt lat="-6.79078996" lon="107.62232998">
   <ele>1457.77</ele>
  </trkpt>
  <trkpt lat="-6.79076004" lon="107.62232001">
   <ele>1457.8</ele>
  </trkpt>
  <trkpt lat="-6.79073003" lon="107.62231003">
   <ele>1457.72</ele>
  </trkpt>
  <trkpt lat="-6.79070002" lon="107.62229998">
   <ele>1457.55</ele>
  </trkpt>
  <trkpt lat="-6.79067999" lon="107.62231003">
   <ele>1457.74</ele>
  </trkpt>
  <trkpt lat="-6.79064998" lon="107.62232001">
   <ele>1458.03</ele>
  </trkpt>
  <trkpt lat="-6.79063004" lon="107.62233996">
   <ele>1458.68</ele>
  </trkpt>
  <trkpt lat="-6.79063004" lon="107.62235002">
   <ele>1458.99</ele>
  </trkpt>
  <trkpt lat="-6.79060003" lon="107.62235002">
   <ele>1459.2</ele>
  </trkpt>
  <trkpt lat="-6.79058000" lon="107.62235002">
   <ele>1459.35</ele>
  </trkpt>
  <trkpt lat="-6.79054001" lon="107.62235002">
   <ele>1459.62</ele>
  </trkpt>
  <trkpt lat="-6.79051001" lon="107.62233996">
   <ele>1459.45</ele>
  </trkpt>
  <trkpt lat="-6.79048000" lon="107.62232998">
   <ele>1459.34</ele>
  </trkpt>
  <trkpt lat="-6.79044999" lon="107.62232001">
   <ele>1459.3</ele>
  </trkpt>
  <trkpt lat="-6.79042996" lon="107.62229998">
   <ele>1458.93</ele>
  </trkpt>
  <trkpt lat="-6.79040004" lon="107.62229998">
   <ele>1459.31</ele>
  </trkpt>
  <trkpt lat="-6.79037003" lon="107.62229998">
   <ele>1459.68</ele>
  </trkpt>
  <trkpt lat="-6.79034002" lon="107.62229998">
   <ele>1460.06</ele>
  </trkpt>
  <trkpt lat="-6.79030004" lon="107.62229998">
   <ele>1460.56</ele>
  </trkpt>
  <trkpt lat="-6.79027003" lon="107.62229000">
   <ele>1460.95</ele>
  </trkpt>
  <trkpt lat="-6.79022997" lon="107.62229998">
   <ele>1462.17</ele>
  </trkpt>
  <trkpt lat="-6.79021002" lon="107.62231003">
   <ele>1462.82</ele>
  </trkpt>
  <trkpt lat="-6.79018001" lon="107.62232998">
   <ele>1463.84</ele>
  </trkpt>
  <trkpt lat="-6.79015998" lon="107.62233996">
   <ele>1464.48</ele>
  </trkpt>
  <trkpt lat="-6.79012997" lon="107.62235002">
   <ele>1465.39</ele>
  </trkpt>
  <trkpt lat="-6.79009996" lon="107.62235002">
   <ele>1466.21</ele>
  </trkpt>
  <trkpt lat="-6.79007004" lon="107.62235999">
   <ele>1467.1</ele>
  </trkpt>
  <trkpt lat="-6.79004003" lon="107.62235999">
   <ele>1467.91</ele>
  </trkpt>
  <trkpt lat="-6.78999997" lon="107.62236997">
   <ele>1469.06</ele>
  </trkpt>
  <trkpt lat="-6.78995999" lon="107.62236997">
   <ele>1471.57</ele>
  </trkpt>
  <trkpt lat="-6.78992998" lon="107.62236997">
   <ele>1473.45</ele>
  </trkpt>
  <trkpt lat="-6.78989997" lon="107.62236997">
   <ele>1475.33</ele>
  </trkpt>
  <trkpt lat="-6.78986996" lon="107.62239000">
   <ele>1477.25</ele>
  </trkpt>
  <trkpt lat="-6.78984004" lon="107.62239997">
   <ele>1479.12</ele>
  </trkpt>
  <trkpt lat="-6.78981003" lon="107.62239000">
   <ele>1480.96</ele>
  </trkpt>
  <trkpt lat="-6.78978003" lon="107.62238002">
   <ele>1482.83</ele>
  </trkpt>
  <trkpt lat="-6.78975002" lon="107.62239000">
   <ele>1484.68</ele>
  </trkpt>
  <trkpt lat="-6.78971004" lon="107.62239000">
   <ele>1486.52</ele>
  </trkpt>
  <trkpt lat="-6.78968003" lon="107.62236997">
   <ele>1486.91</ele>
  </trkpt>
  <trkpt lat="-6.78965002" lon="107.62235999">
   <ele>1487.29</ele>
  </trkpt>
  <trkpt lat="-6.78962002" lon="107.62235999">
   <ele>1487.61</ele>
  </trkpt>
  <trkpt lat="-6.78959001" lon="107.62236997">
   <ele>1487.87</ele>
  </trkpt>
  <trkpt lat="-6.78956000" lon="107.62238002">
   <ele>1488.1</ele>
  </trkpt>
  <trkpt lat="-6.78952999" lon="107.62239000">
   <ele>1488.33</ele>
  </trkpt>
  <trkpt lat="-6.78949999" lon="107.62239000">
   <ele>1488.63</ele>
  </trkpt>
  <trkpt lat="-6.78946998" lon="107.62239000">
   <ele>1488.93</ele>
  </trkpt>
  <trkpt lat="-6.78943997" lon="107.62236997">
   <ele>1489.46</ele>
  </trkpt>
  <trkpt lat="-6.78940997" lon="107.62235999">
   <ele>1489.94</ele>
  </trkpt>
  <trkpt lat="-6.78938004" lon="107.62236997">
   <ele>1490.24</ele>
  </trkpt>
  <trkpt lat="-6.78935003" lon="107.62236997">
   <ele>1490.63</ele>
  </trkpt>
  <trkpt lat="-6.78932003" lon="107.62238002">
   <ele>1490.96</ele>
  </trkpt>
  <trkpt lat="-6.78929002" lon="107.62239000">
   <ele>1491.31</ele>
  </trkpt>
  <trkpt lat="-6.78926999" lon="107.62241003">
   <ele>1491.5</ele>
  </trkpt>
  <trkpt lat="-6.78923998" lon="107.62242001">
   <ele>1491.91</ele>
  </trkpt>
  <trkpt lat="-6.78920997" lon="107.62242001">
   <ele>1492.35</ele>
  </trkpt>
  <trkpt lat="-6.78917997" lon="107.62242001">
   <ele>1492.8</ele>
  </trkpt>
  <trkpt lat="-6.78914996" lon="107.62242998">
   <ele>1493.19</ele>
  </trkpt>
  <trkpt lat="-6.78913001" lon="107.62245001">
   <ele>1493.46</ele>
  </trkpt>
  <trkpt lat="-6.78910000" lon="107.62245001">
   <ele>1493.83</ele>
  </trkpt>
  <trkpt lat="-6.78907000" lon="107.62244004">
   <ele>1494.17</ele>
  </trkpt>
  <trkpt lat="-6.78903001" lon="107.62242998">
   <ele>1494.6</ele>
  </trkpt>
  <trkpt lat="-6.78900001" lon="107.62242998">
   <ele>1494.95</ele>
  </trkpt>
  <trkpt lat="-6.78897997" lon="107.62242001">
   <ele>1495.11</ele>
  </trkpt>
  <trkpt lat="-6.78893999" lon="107.62241003">
   <ele>1495.47</ele>
  </trkpt>
  <trkpt lat="-6.78891996" lon="107.62241003">
   <ele>1495.69</ele>
  </trkpt>
  <trkpt lat="-6.78887998" lon="107.62241003">
   <ele>1496.37</ele>
  </trkpt>
  <trkpt lat="-6.78884997" lon="107.62239997">
   <ele>1497.42</ele>
  </trkpt>
  <trkpt lat="-6.78880999" lon="107.62239997">
   <ele>1498.96</ele>
  </trkpt>
  <trkpt lat="-6.78877998" lon="107.62239997">
   <ele>1500.12</ele>
  </trkpt>
  <trkpt lat="-6.78874997" lon="107.62239997">
   <ele>1501.28</ele>
  </trkpt>
  <trkpt lat="-6.78870999" lon="107.62239997">
   <ele>1502.82</ele>
  </trkpt>
  <trkpt lat="-6.78868996" lon="107.62239997">
   <ele>1503.6</ele>
  </trkpt>
  <trkpt lat="-6.78864998" lon="107.62241003">
   <ele>1505.19</ele>
  </trkpt>
  <trkpt lat="-6.78861997" lon="107.62242001">
   <ele>1506.37</ele>
  </trkpt>
  <trkpt lat="-6.78858996" lon="107.62241003">
   <ele>1507.59</ele>
  </trkpt>
  <trkpt lat="-6.78856004" lon="107.62239997">
   <ele>1508.82</ele>
  </trkpt>
  <trkpt lat="-6.78853003" lon="107.62238002">
   <ele>1509.9</ele>
  </trkpt>
  <trkpt lat="-6.78850003" lon="107.62239000">
   <ele>1511.25</ele>
  </trkpt>
  <trkpt lat="-6.78847002" lon="107.62238002">
   <ele>1512.36</ele>
  </trkpt>
  <trkpt lat="-6.78844001" lon="107.62239000">
   <ele>1513.76</ele>
  </trkpt>
  <trkpt lat="-6.78841000" lon="107.62241003">
   <ele>1515.4</ele>
  </trkpt>
  <trkpt lat="-6.78838997" lon="107.62242998">
   <ele>1516.69</ele>
  </trkpt>
  <trkpt lat="-6.78835996" lon="107.62242998">
   <ele>1518.04</ele>
  </trkpt>
  <trkpt lat="-6.78833004" lon="107.62242998">
   <ele>1519.34</ele>
  </trkpt>
  <trkpt lat="-6.78830003" lon="107.62242998">
   <ele>1520.23</ele>
  </trkpt>
  <trkpt lat="-6.78827003" lon="107.62242998">
   <ele>1521.12</ele>
  </trkpt>
  <trkpt lat="-6.78822996" lon="107.62242998">
   <ele>1522.31</ele>
  </trkpt>
  <trkpt lat="-6.78820004" lon="107.62242001">
   <ele>1522.96</ele>
  </trkpt>
  <trkpt lat="-6.78817003" lon="107.62241003">
   <ele>1523.63</ele>
  </trkpt>
  <trkpt lat="-6.78814002" lon="107.62241003">
   <ele>1524.53</ele>
  </trkpt>
  <trkpt lat="-6.78810004" lon="107.62241003">
   <ele>1525.72</ele>
  </trkpt>
  <trkpt lat="-6.78807003" lon="107.62242001">
   <ele>1526.84</ele>
  </trkpt>
  <trkpt lat="-6.78802997" lon="107.62242998">
   <ele>1528.11</ele>
  </trkpt>
  <trkpt lat="-6.78799996" lon="107.62242998">
   <ele>1528.84</ele>
  </trkpt>
  <trkpt lat="-6.78795998" lon="107.62244004">
   <ele>1529.99</ele>
  </trkpt>
  <trkpt lat="-6.78792997" lon="107.62245001">
   <ele>1530.88</ele>
  </trkpt>
  <trkpt lat="-6.78789997" lon="107.62245001">
   <ele>1531.58</ele>
  </trkpt>
  <trkpt lat="-6.78786996" lon="107.62245001">
   <ele>1532.29</ele>
  </trkpt>
  <trkpt lat="-6.78778999" lon="107.62242998">
   <ele>1533.95</ele>
  </trkpt>
  <trkpt lat="-6.78772001" lon="107.62241003">
   <ele>1535.7</ele>
  </trkpt>
  <trkpt lat="-6.78772001" lon="107.62246996">
   <ele>1536.62</ele>
  </trkpt>
  <trkpt lat="-6.78769997" lon="107.62245001">
   <ele>1536.96</ele>
  </trkpt>
  <trkpt lat="-6.78766997" lon="107.62244004">
   <ele>1537.73</ele>
  </trkpt>
  <trkpt lat="-6.78763996" lon="107.62245001">
   <ele>1538.88</ele>
  </trkpt>
  <trkpt lat="-6.78761004" lon="107.62244004">
   <ele>1539.61</ele>
  </trkpt>
  <trkpt lat="-6.78759000" lon="107.62242998">
   <ele>1539.98</ele>
  </trkpt>
  <trkpt lat="-6.78755002" lon="107.62245001">
   <ele>1541.77</ele>
  </trkpt>
  <trkpt lat="-6.78752001" lon="107.62245999">
   <ele>1543.05</ele>
  </trkpt>
  <trkpt lat="-6.78749001" lon="107.62245999">
   <ele>1543.98</ele>
  </trkpt>
  <trkpt lat="-6.78746000" lon="107.62245999">
   <ele>1544.82</ele>
  </trkpt>
  <trkpt lat="-6.78742999" lon="107.62245999">
   <ele>1545.65</ele>
  </trkpt>
  <trkpt lat="-6.78740996" lon="107.62242998">
   <ele>1545.66</ele>
  </trkpt>
  <trkpt lat="-6.78738004" lon="107.62241003">
   <ele>1546.36</ele>
  </trkpt>
  <trkpt lat="-6.78735003" lon="107.62239997">
   <ele>1547.33</ele>
  </trkpt>
  <trkpt lat="-6.78732002" lon="107.62241003">
   <ele>1548.49</ele>
  </trkpt>
  <trkpt lat="-6.78729001" lon="107.62239997">
   <ele>1549.56</ele>
  </trkpt>
  <trkpt lat="-6.78726001" lon="107.62241003">
   <ele>1550.63</ele>
  </trkpt>
  <trkpt lat="-6.78722003" lon="107.62239997">
   <ele>1552.1</ele>
  </trkpt>
  <trkpt lat="-6.78719002" lon="107.62238002">
   <ele>1552.66</ele>
  </trkpt>
  <trkpt lat="-6.78715004" lon="107.62236997">
   <ele>1553.27</ele>
  </trkpt>
  <trkpt lat="-6.78713000" lon="107.62235002">
   <ele>1553.85</ele>
  </trkpt>
  <trkpt lat="-6.78710000" lon="107.62232998">
   <ele>1554.62</ele>
  </trkpt>
  <trkpt lat="-6.78706999" lon="107.62232001">
   <ele>1555.27</ele>
  </trkpt>
  <trkpt lat="-6.78703998" lon="107.62229998">
   <ele>1556.18</ele>
  </trkpt>
  <trkpt lat="-6.78700997" lon="107.62229000">
   <ele>1556.92</ele>
  </trkpt>
  <trkpt lat="-6.78697997" lon="107.62229000">
   <ele>1557.44</ele>
  </trkpt>
  <trkpt lat="-6.78694996" lon="107.62228003">
   <ele>1558.24</ele>
  </trkpt>
  <trkpt lat="-6.78692004" lon="107.62228003">
   <ele>1558.55</ele>
  </trkpt>
  <trkpt lat="-6.78689003" lon="107.62226997">
   <ele>1559.08</ele>
  </trkpt>
  <trkpt lat="-6.78686002" lon="107.62226997">
   <ele>1559.34</ele>
  </trkpt>
  <trkpt lat="-6.78684996" lon="107.62222999">
   <ele>1560.48</ele>
  </trkpt>
  <trkpt lat="-6.78682004" lon="107.62222001">
   <ele>1560.89</ele>
  </trkpt>
  <trkpt lat="-6.78683999" lon="107.62219001">
   <ele>1560.61</ele>
  </trkpt>
  <trkpt lat="-6.78680001" lon="107.62218003">
   <ele>1560.89</ele>
  </trkpt>
  <trkpt lat="-6.78677998" lon="107.62219001">
   <ele>1561.09</ele>
  </trkpt>
  <trkpt lat="-6.78673999" lon="107.62221004">
   <ele>1561.45</ele>
  </trkpt>
  <trkpt lat="-6.78670999" lon="107.62222001">
   <ele>1561.69</ele>
  </trkpt>
  <trkpt lat="-6.78670001" lon="107.62219998">
   <ele>1561.74</ele>
  </trkpt>
  <trkpt lat="-6.78667998" lon="107.62218003">
   <ele>1561.89</ele>
  </trkpt>
  <trkpt lat="-6.78664000" lon="107.62216997">
   <ele>1562.77</ele>
  </trkpt>
  <trkpt lat="-6.78660999" lon="107.62216000">
   <ele>1563.63</ele>
  </trkpt>
  <trkpt lat="-6.78657998" lon="107.62216000">
   <ele>1564.5</ele>
  </trkpt>
  <trkpt lat="-6.78654998" lon="107.62216000">
   <ele>1565.36</ele>
  </trkpt>
  <trkpt lat="-6.78651997" lon="107.62216997">
   <ele>1566.22</ele>
  </trkpt>
  <trkpt lat="-6.78648996" lon="107.62218003">
   <ele>1567.09</ele>
  </trkpt>
  <trkpt lat="-6.78646004" lon="107.62218003">
   <ele>1567.95</ele>
  </trkpt>
  <trkpt lat="-6.78643003" lon="107.62216997">
   <ele>1568.82</ele>
  </trkpt>
  <trkpt lat="-6.78640002" lon="107.62216997">
   <ele>1569.68</ele>
  </trkpt>
  <trkpt lat="-6.78637999" lon="107.62216997">
   <ele>1570.07</ele>
  </trkpt>
  <trkpt lat="-6.78634998" lon="107.62215002">
   <ele>1570.24</ele>
  </trkpt>
  <trkpt lat="-6.78631000" lon="107.62215002">
   <ele>1570.48</ele>
  </trkpt>
  <trkpt lat="-6.78627999" lon="107.62213997">
   <ele>1570.6</ele>
  </trkpt>
  <trkpt lat="-6.78625996" lon="107.62212002">
   <ele>1570.54</ele>
  </trkpt>
  <trkpt lat="-6.78623004" lon="107.62212002">
   <ele>1570.66</ele>
  </trkpt>
  <trkpt lat="-6.78621001" lon="107.62209998">
   <ele>1570.52</ele>
  </trkpt>
  <trkpt lat="-6.78618000" lon="107.62208004">
   <ele>1570.33</ele>
  </trkpt>
  <trkpt lat="-6.78614999" lon="107.62206000">
   <ele>1570.07</ele>
  </trkpt>
  <trkpt lat="-6.78611001" lon="107.62206000">
   <ele>1570.15</ele>
  </trkpt>
  <trkpt lat="-6.78608000" lon="107.62203997">
   <ele>1571.87</ele>
  </trkpt>
  <trkpt lat="-6.78607003" lon="107.62202002">
   <ele>1572.32</ele>
  </trkpt>
  <trkpt lat="-6.78604002" lon="107.62199999">
   <ele>1574.32</ele>
  </trkpt>
  <trkpt lat="-6.78601999" lon="107.62198004">
   <ele>1575.72</ele>
  </trkpt>
  <trkpt lat="-6.78598998" lon="107.62196998">
   <ele>1578.05</ele>
  </trkpt>
  <trkpt lat="-6.78595997" lon="107.62196998">
   <ele>1580.42</ele>
  </trkpt>
  <trkpt lat="-6.78592997" lon="107.62196998">
   <ele>1582.8</ele>
  </trkpt>
  <trkpt lat="-6.78589996" lon="107.62196001">
   <ele>1585.29</ele>
  </trkpt>
  <trkpt lat="-6.78587004" lon="107.62195003">
   <ele>1587.87</ele>
  </trkpt>
  <trkpt lat="-6.78584003" lon="107.62193997">
   <ele>1590.29</ele>
  </trkpt>
  <trkpt lat="-6.78579996" lon="107.62193000">
   <ele>1590.9</ele>
  </trkpt>
  <trkpt lat="-6.78577004" lon="107.62192002">
   <ele>1591</ele>
  </trkpt>
  <trkpt lat="-6.78574003" lon="107.62190997">
   <ele>1591.18</ele>
  </trkpt>
  <trkpt lat="-6.78569997" lon="107.62190997">
   <ele>1591.8</ele>
  </trkpt>
  <trkpt lat="-6.78566996" lon="107.62189999">
   <ele>1592.1</ele>
  </trkpt>
  <trkpt lat="-6.78562998" lon="107.62190997">
   <ele>1592.86</ele>
  </trkpt>
  <trkpt lat="-6.78561003" lon="107.62190997">
   <ele>1593.17</ele>
  </trkpt>
  <trkpt lat="-6.78556996" lon="107.62189999">
   <ele>1593.76</ele>
  </trkpt>
  <trkpt lat="-6.78555002" lon="107.62189999">
   <ele>1594.06</ele>
  </trkpt>
  <trkpt lat="-6.78552001" lon="107.62189002">
   <ele>1594.39</ele>
  </trkpt>
  <trkpt lat="-6.78549000" lon="107.62187996">
   <ele>1594.67</ele>
  </trkpt>
  <trkpt lat="-6.78546997" lon="107.62186001">
   <ele>1594.76</ele>
  </trkpt>
  <trkpt lat="-6.78543996" lon="107.62185004">
   <ele>1594.96</ele>
  </trkpt>
  <trkpt lat="-6.78541004" lon="107.62183998">
   <ele>1595.11</ele>
  </trkpt>
  <trkpt lat="-6.78538003" lon="107.62183000">
   <ele>1595.23</ele>
  </trkpt>
  <trkpt lat="-6.78535002" lon="107.62182003">
   <ele>1595.3</ele>
  </trkpt>
  <trkpt lat="-6.78532002" lon="107.62182003">
   <ele>1595.49</ele>
  </trkpt>
  <trkpt lat="-6.78529001" lon="107.62180997">
   <ele>1595.51</ele>
  </trkpt>
  <trkpt lat="-6.78526000" lon="107.62180997">
   <ele>1595.41</ele>
  </trkpt>
  <trkpt lat="-6.78522999" lon="107.62182003">
   <ele>1595.25</ele>
  </trkpt>
  <trkpt lat="-6.78519999" lon="107.62182003">
   <ele>1594.93</ele>
  </trkpt>
  <trkpt lat="-6.78516998" lon="107.62182003">
   <ele>1594.61</ele>
  </trkpt>
  <trkpt lat="-6.78515003" lon="107.62177996">
   <ele>1594.27</ele>
  </trkpt>
  <trkpt lat="-6.78512002" lon="107.62176001">
   <ele>1594.1</ele>
  </trkpt>
  <trkpt lat="-6.78509999" lon="107.62175004">
   <ele>1594.05</ele>
  </trkpt>
  <trkpt lat="-6.78508004" lon="107.62172003">
   <ele>1594.15</ele>
  </trkpt>
  <trkpt lat="-6.78506001" lon="107.62170000">
   <ele>1594.32</ele>
  </trkpt>
  <trkpt lat="-6.78503000" lon="107.62169003">
   <ele>1594.53</ele>
  </trkpt>
  <trkpt lat="-6.78499999" lon="107.62167997">
   <ele>1594.81</ele>
  </trkpt>
  <trkpt lat="-6.78496999" lon="107.62166999">
   <ele>1595.07</ele>
  </trkpt>
  <trkpt lat="-6.78493998" lon="107.62166002">
   <ele>1595.15</ele>
  </trkpt>
  <trkpt lat="-6.78492003" lon="107.62164996">
   <ele>1595.15</ele>
  </trkpt>
  <trkpt lat="-6.78489002" lon="107.62163001">
   <ele>1595.18</ele>
  </trkpt>
  <trkpt lat="-6.78486999" lon="107.62162004">
   <ele>1595.27</ele>
  </trkpt>
  <trkpt lat="-6.78483998" lon="107.62160000">
   <ele>1595.45</ele>
  </trkpt>
  <trkpt lat="-6.78480998" lon="107.62159003">
   <ele>1595.71</ele>
  </trkpt>
  <trkpt lat="-6.78477997" lon="107.62157997">
   <ele>1596.03</ele>
  </trkpt>
  <trkpt lat="-6.78476002" lon="107.62157000">
   <ele>1596.28</ele>
  </trkpt>
  <trkpt lat="-6.78473001" lon="107.62156002">
   <ele>1596.68</ele>
  </trkpt>
  <trkpt lat="-6.78470998" lon="107.62153002">
   <ele>1597.43</ele>
  </trkpt>
  <trkpt lat="-6.78467997" lon="107.62150998">
   <ele>1598.61</ele>
  </trkpt>
  <trkpt lat="-6.78464997" lon="107.62149003">
   <ele>1599.73</ele>
  </trkpt>
  <trkpt lat="-6.78447001" lon="107.62152004">
   <ele>1606.03</ele>
  </trkpt>
  <trkpt lat="-6.78450001" lon="107.62152004">
   <ele>1604.97</ele>
  </trkpt>
  <trkpt lat="-6.78443003" lon="107.62150998">
   <ele>1607.19</ele>
  </trkpt>
  <trkpt lat="-6.78440002" lon="107.62147000">
   <ele>1607.61</ele>
  </trkpt>
  <trkpt lat="-6.78437999" lon="107.62143002">
   <ele>1607.85</ele>
  </trkpt>
  <trkpt lat="-6.78436004" lon="107.62141996">
   <ele>1608.28</ele>
  </trkpt>
  <trkpt lat="-6.78433003" lon="107.62140001">
   <ele>1608.93</ele>
  </trkpt>
  <trkpt lat="-6.78431997" lon="107.62137000">
   <ele>1609.07</ele>
  </trkpt>
  <trkpt lat="-6.78430002" lon="107.62134997">
   <ele>1609.5</ele>
  </trkpt>
  <trkpt lat="-6.78427001" lon="107.62134997">
   <ele>1610.26</ele>
  </trkpt>
  <trkpt lat="-6.78424001" lon="107.62134997">
   <ele>1611.01</ele>
  </trkpt>
  <trkpt lat="-6.78421000" lon="107.62133002">
   <ele>1611.7</ele>
  </trkpt>
  <trkpt lat="-6.78417002" lon="107.62133002">
   <ele>1612.7</ele>
  </trkpt>
  <trkpt lat="-6.78414999" lon="107.62134000">
   <ele>1613.54</ele>
  </trkpt>
  <trkpt lat="-6.78411998" lon="107.62136003">
   <ele>1614.98</ele>
  </trkpt>
  <trkpt lat="-6.78408997" lon="107.62134997">
   <ele>1616.22</ele>
  </trkpt>
  <trkpt lat="-6.78405996" lon="107.62133002">
   <ele>1617.29</ele>
  </trkpt>
  <trkpt lat="-6.78403004" lon="107.62131996">
   <ele>1618.42</ele>
  </trkpt>
  <trkpt lat="-6.78401001" lon="107.62129004">
   <ele>1618.77</ele>
  </trkpt>
  <trkpt lat="-6.78398000" lon="107.62127998">
   <ele>1619.76</ele>
  </trkpt>
  <trkpt lat="-6.78394999" lon="107.62127998">
   <ele>1620.91</ele>
  </trkpt>
  <trkpt lat="-6.78392996" lon="107.62130002">
   <ele>1622.12</ele>
  </trkpt>
  <trkpt lat="-6.78390004" lon="107.62130999">
   <ele>1623.56</ele>
  </trkpt>
  <trkpt lat="-6.78385997" lon="107.62131996">
   <ele>1625.02</ele>
  </trkpt>
  <trkpt lat="-6.78384002" lon="107.62133002">
   <ele>1625.76</ele>
  </trkpt>
  <trkpt lat="-6.78381002" lon="107.62133002">
   <ele>1626.52</ele>
  </trkpt>
  <trkpt lat="-6.78377003" lon="107.62131996">
   <ele>1627.36</ele>
  </trkpt>
  <trkpt lat="-6.78375000" lon="107.62130002">
   <ele>1627.56</ele>
  </trkpt>
  <trkpt lat="-6.78371999" lon="107.62127998">
   <ele>1628.1</ele>
  </trkpt>
  <trkpt lat="-6.78369996" lon="107.62126003">
   <ele>1628.41</ele>
  </trkpt>
  <trkpt lat="-6.78365998" lon="107.62124000">
   <ele>1629.4</ele>
  </trkpt>
  <trkpt lat="-6.78364003" lon="107.62121997">
   <ele>1629.84</ele>
  </trkpt>
  <trkpt lat="-6.78361002" lon="107.62121997">
   <ele>1630.77</ele>
  </trkpt>
  <trkpt lat="-6.78358002" lon="107.62121997">
   <ele>1630.38</ele>
  </trkpt>
  <trkpt lat="-6.78355001" lon="107.62121997">
   <ele>1630</ele>
  </trkpt>
  <trkpt lat="-6.78352000" lon="107.62124998">
   <ele>1629.69</ele>
  </trkpt>
  <trkpt lat="-6.78348999" lon="107.62127001">
   <ele>1629.27</ele>
  </trkpt>
  <trkpt lat="-6.78345999" lon="107.62129004">
   <ele>1628.8</ele>
  </trkpt>
  <trkpt lat="-6.78342998" lon="107.62130999">
   <ele>1628.26</ele>
  </trkpt>
  <trkpt lat="-6.78341003" lon="107.62133002">
   <ele>1627.85</ele>
  </trkpt>
  <trkpt lat="-6.78339000" lon="107.62136003">
   <ele>1627.35</ele>
  </trkpt>
  <trkpt lat="-6.78335999" lon="107.62137998">
   <ele>1626.63</ele>
  </trkpt>
  <trkpt lat="-6.78332998" lon="107.62139004">
   <ele>1625.95</ele>
  </trkpt>
  <trkpt lat="-6.78329998" lon="107.62140999">
   <ele>1625.26</ele>
  </trkpt>
  <trkpt lat="-6.78326997" lon="107.62143002">
   <ele>1624.61</ele>
  </trkpt>
  <trkpt lat="-6.78323996" lon="107.62143999">
   <ele>1624.23</ele>
  </trkpt>
  <trkpt lat="-6.78321004" lon="107.62147000">
   <ele>1623.46</ele>
  </trkpt>
  <trkpt lat="-6.78319001" lon="107.62149003">
   <ele>1622.98</ele>
  </trkpt>
  <trkpt lat="-6.78316997" lon="107.62150001">
   <ele>1622.73</ele>
  </trkpt>
  <trkpt lat="-6.78315002" lon="107.62153002">
   <ele>1622.13</ele>
  </trkpt>
  <trkpt lat="-6.78312999" lon="107.62154996">
   <ele>1621.75</ele>
  </trkpt>
  <trkpt lat="-6.78309998" lon="107.62157000">
   <ele>1621.4</ele>
  </trkpt>
  <trkpt lat="-6.78308004" lon="107.62159003">
   <ele>1621.09</ele>
  </trkpt>
  <trkpt lat="-6.78306000" lon="107.62162004">
   <ele>1620.66</ele>
  </trkpt>
  <trkpt lat="-6.78303997" lon="107.62164996">
   <ele>1620.41</ele>
  </trkpt>
  <trkpt lat="-6.78302002" lon="107.62167997">
   <ele>1620.19</ele>
  </trkpt>
  <trkpt lat="-6.78299999" lon="107.62170997">
   <ele>1619.98</ele>
  </trkpt>
  <trkpt lat="-6.78298004" lon="107.62173001">
   <ele>1619.9</ele>
  </trkpt>
  <trkpt lat="-6.78296001" lon="107.62175004">
   <ele>1619.83</ele>
  </trkpt>
  <trkpt lat="-6.78293997" lon="107.62177996">
   <ele>1619.62</ele>
  </trkpt>
  <trkpt lat="-6.78292003" lon="107.62180000">
   <ele>1619.54</ele>
  </trkpt>
  <trkpt lat="-6.78290997" lon="107.62182003">
   <ele>1619.36</ele>
  </trkpt>
  <trkpt lat="-6.78287996" lon="107.62185004">
   <ele>1619.26</ele>
  </trkpt>
  <trkpt lat="-6.78286001" lon="107.62186999">
   <ele>1619.18</ele>
  </trkpt>
  <trkpt lat="-6.78283998" lon="107.62189999">
   <ele>1618.97</ele>
  </trkpt>
  <trkpt lat="-6.78283000" lon="107.62192002">
   <ele>1618.79</ele>
  </trkpt>
  <trkpt lat="-6.78280000" lon="107.62195003">
   <ele>1618.7</ele>
  </trkpt>
  <trkpt lat="-6.78279002" lon="107.62196998">
   <ele>1618.6</ele>
  </trkpt>
  <trkpt lat="-6.78276999" lon="107.62199999">
   <ele>1618.62</ele>
  </trkpt>
  <trkpt lat="-6.78275004" lon="107.62203000">
   <ele>1618.79</ele>
  </trkpt>
  <trkpt lat="-6.78273001" lon="107.62206998">
   <ele>1618.73</ele>
  </trkpt>
  <trkpt lat="-6.78270997" lon="107.62209001">
   <ele>1618.86</ele>
  </trkpt>
  <trkpt lat="-6.78269003" lon="107.62212002">
   <ele>1618.75</ele>
  </trkpt>
  <trkpt lat="-6.78266002" lon="107.62213997">
   <ele>1618.91</ele>
  </trkpt>
  <trkpt lat="-6.78263999" lon="107.62216000">
   <ele>1618.83</ele>
  </trkpt>
  <trkpt lat="-6.78254996" lon="107.62222001">
   <ele>1618.52</ele>
  </trkpt>
  <trkpt lat="-6.78252004" lon="107.62222999">
   <ele>1618.7</ele>
  </trkpt>
  <trkpt lat="-6.78252004" lon="107.62225999">
   <ele>1618.38</ele>
  </trkpt>
  <trkpt lat="-6.78249003" lon="107.62226997">
   <ele>1618.62</ele>
  </trkpt>
  <trkpt lat="-6.78247000" lon="107.62229000">
   <ele>1618.65</ele>
  </trkpt>
  <trkpt lat="-6.78244997" lon="107.62231003">
   <ele>1618.66</ele>
  </trkpt>
  <trkpt lat="-6.78243002" lon="107.62233996">
   <ele>1618.52</ele>
  </trkpt>
  <trkpt lat="-6.78240999" lon="107.62235999">
   <ele>1618.49</ele>
  </trkpt>
  <trkpt lat="-6.78239004" lon="107.62236997">
   <ele>1618.57</ele>
  </trkpt>
  <trkpt lat="-6.78237000" lon="107.62239997">
   <ele>1618.35</ele>
  </trkpt>
  <trkpt lat="-6.78234997" lon="107.62241003">
   <ele>1618.4</ele>
  </trkpt>
  <trkpt lat="-6.78231996" lon="107.62242001">
   <ele>1618.53</ele>
  </trkpt>
  <trkpt lat="-6.78229004" lon="107.62242998">
   <ele>1618.65</ele>
  </trkpt>
  <trkpt lat="-6.78226003" lon="107.62244004">
   <ele>1618.75</ele>
  </trkpt>
  <trkpt lat="-6.78221997" lon="107.62244004">
   <ele>1619.11</ele>
  </trkpt>
  <trkpt lat="-6.78220002" lon="107.62244004">
   <ele>1619.42</ele>
  </trkpt>
  <trkpt lat="-6.78217001" lon="107.62244004">
   <ele>1619.87</ele>
  </trkpt>
  <trkpt lat="-6.78214001" lon="107.62244004">
   <ele>1620.33</ele>
  </trkpt>
  <trkpt lat="-6.78211000" lon="107.62242998">
   <ele>1620.98</ele>
  </trkpt>
  <trkpt lat="-6.78207999" lon="107.62244004">
   <ele>1621.24</ele>
  </trkpt>
  <trkpt lat="-6.78204998" lon="107.62245001">
   <ele>1621.49</ele>
  </trkpt>
  <trkpt lat="-6.78203003" lon="107.62246996">
   <ele>1621.38</ele>
  </trkpt>
  <trkpt lat="-6.78200003" lon="107.62248999">
   <ele>1621.41</ele>
  </trkpt>
  <trkpt lat="-6.78197002" lon="107.62249997">
   <ele>1621.63</ele>
  </trkpt>
  <trkpt lat="-6.78194001" lon="107.62249997">
   <ele>1622.06</ele>
  </trkpt>
  <trkpt lat="-6.78191001" lon="107.62252000">
   <ele>1622.16</ele>
  </trkpt>
  <trkpt lat="-6.78187002" lon="107.62252998">
   <ele>1622.5</ele>
  </trkpt>
  <trkpt lat="-6.78184002" lon="107.62252998">
   <ele>1622.87</ele>
  </trkpt>
  <trkpt lat="-6.78181001" lon="107.62252000">
   <ele>1623.47</ele>
  </trkpt>
  <trkpt lat="-6.78178000" lon="107.62252998">
   <ele>1623.62</ele>
  </trkpt>
  <trkpt lat="-6.78175000" lon="107.62255001">
   <ele>1623.45</ele>
  </trkpt>
  <trkpt lat="-6.78171999" lon="107.62252998">
   <ele>1624.36</ele>
  </trkpt>
  <trkpt lat="-6.78170004" lon="107.62252000">
   <ele>1624.92</ele>
  </trkpt>
  <trkpt lat="-6.78167003" lon="107.62249997">
   <ele>1625.95</ele>
  </trkpt>
  <trkpt lat="-6.78164002" lon="107.62251003">
   <ele>1626.09</ele>
  </trkpt>
  <trkpt lat="-6.78161002" lon="107.62252000">
   <ele>1626.3</ele>
  </trkpt>
  <trkpt lat="-6.78158001" lon="107.62252998">
   <ele>1626.58</ele>
  </trkpt>
  <trkpt lat="-6.78155000" lon="107.62252998">
   <ele>1627.12</ele>
  </trkpt>
  <trkpt lat="-6.78154003" lon="107.62255001">
   <ele>1626.94</ele>
  </trkpt>
  <trkpt lat="-6.78151002" lon="107.62258002">
   <ele>1627.13</ele>
  </trkpt>
  <trkpt lat="-6.78148001" lon="107.62258999">
   <ele>1627.73</ele>
  </trkpt>
  <trkpt lat="-6.78145998" lon="107.62261002">
   <ele>1628.06</ele>
  </trkpt>
  <trkpt lat="-6.78144003" lon="107.62262997">
   <ele>1628.49</ele>
  </trkpt>
  <trkpt lat="-6.78142000" lon="107.62264003">
   <ele>1629.04</ele>
  </trkpt>
  <trkpt lat="-6.78138002" lon="107.62265998">
   <ele>1630.06</ele>
  </trkpt>
  <trkpt lat="-6.78135999" lon="107.62268001">
   <ele>1630.12</ele>
  </trkpt>
  <trkpt lat="-6.78132998" lon="107.62267004">
   <ele>1630.32</ele>
  </trkpt>
  <trkpt lat="-6.78129997" lon="107.62267004">
   <ele>1630.48</ele>
  </trkpt>
  <trkpt lat="-6.78128002" lon="107.62268001">
   <ele>1630.46</ele>
  </trkpt>
  <trkpt lat="-6.78124004" lon="107.62268001">
   <ele>1630.63</ele>
  </trkpt>
  <trkpt lat="-6.78121003" lon="107.62268999">
   <ele>1630.54</ele>
  </trkpt>
  <trkpt lat="-6.78118003" lon="107.62269996">
   <ele>1630.39</ele>
  </trkpt>
  <trkpt lat="-6.78115002" lon="107.62269996">
   <ele>1630.45</ele>
  </trkpt>
  <trkpt lat="-6.78112999" lon="107.62271002">
   <ele>1630.18</ele>
  </trkpt>
  <trkpt lat="-6.78109998" lon="107.62271999">
   <ele>1629.96</ele>
  </trkpt>
  <trkpt lat="-6.78106997" lon="107.62271999">
   <ele>1630.19</ele>
  </trkpt>
  <trkpt lat="-6.78103996" lon="107.62272997">
   <ele>1630.14</ele>
  </trkpt>
  <trkpt lat="-6.78102002" lon="107.62272997">
   <ele>1630.31</ele>
  </trkpt>
  <trkpt lat="-6.78099001" lon="107.62274003">
   <ele>1630.29</ele>
  </trkpt>
  <trkpt lat="-6.78096000" lon="107.62275000">
   <ele>1630.31</ele>
  </trkpt>
  <trkpt lat="-6.78092999" lon="107.62274003">
   <ele>1630.83</ele>
  </trkpt>
  <trkpt lat="-6.78090996" lon="107.62272997">
   <ele>1631.22</ele>
  </trkpt>
  <trkpt lat="-6.78088004" lon="107.62272997">
   <ele>1631.47</ele>
  </trkpt>
  <trkpt lat="-6.78085003" lon="107.62274003">
   <ele>1631.53</ele>
  </trkpt>
  <trkpt lat="-6.78082002" lon="107.62275000">
   <ele>1631.78</ele>
  </trkpt>
  <trkpt lat="-6.78079999" lon="107.62274003">
   <ele>1632.38</ele>
  </trkpt>
  <trkpt lat="-6.78078004" lon="107.62271999">
   <ele>1633.15</ele>
  </trkpt>
  <trkpt lat="-6.78075003" lon="107.62271002">
   <ele>1633.95</ele>
  </trkpt>
  <trkpt lat="-6.78072003" lon="107.62271002">
   <ele>1634.57</ele>
  </trkpt>
  <trkpt lat="-6.78069002" lon="107.62269996">
   <ele>1635.35</ele>
  </trkpt>
  <trkpt lat="-6.78066001" lon="107.62268999">
   <ele>1636.13</ele>
  </trkpt>
  <trkpt lat="-6.78063998" lon="107.62268001">
   <ele>1636.69</ele>
  </trkpt>
  <trkpt lat="-6.78060997" lon="107.62267004">
   <ele>1637.45</ele>
  </trkpt>
  <trkpt lat="-6.78057997" lon="107.62265998">
   <ele>1638.21</ele>
  </trkpt>
  <trkpt lat="-6.78053998" lon="107.62265998">
   <ele>1638.57</ele>
  </trkpt>
  <trkpt lat="-6.78050000" lon="107.62265998">
   <ele>1638.24</ele>
  </trkpt>
  <trkpt lat="-6.78046002" lon="107.62265000">
   <ele>1638.02</ele>
  </trkpt>
  <trkpt lat="-6.78043001" lon="107.62264003">
   <ele>1637.86</ele>
  </trkpt>
  <trkpt lat="-6.78040001" lon="107.62262000">
   <ele>1637.76</ele>
  </trkpt>
  <trkpt lat="-6.78037997" lon="107.62259996">
   <ele>1637.71</ele>
  </trkpt>
  <trkpt lat="-6.78036002" lon="107.62261002">
   <ele>1637.44</ele>
  </trkpt>
  <trkpt lat="-6.78033002" lon="107.62258999">
   <ele>1637.25</ele>
  </trkpt>
  <trkpt lat="-6.78031996" lon="107.62255998">
   <ele>1637.29</ele>
  </trkpt>
  <trkpt lat="-6.78030001" lon="107.62254003">
   <ele>1637.14</ele>
  </trkpt>
  <trkpt lat="-6.78027000" lon="107.62254003">
   <ele>1636.96</ele>
  </trkpt>
  <trkpt lat="-6.78024000" lon="107.62255001">
   <ele>1637.34</ele>
  </trkpt>
  <trkpt lat="-6.78020999" lon="107.62255001">
   <ele>1637.75</ele>
  </trkpt>
  <trkpt lat="-6.78017998" lon="107.62254003">
   <ele>1638.21</ele>
  </trkpt>
  <trkpt lat="-6.78014997" lon="107.62254003">
   <ele>1638.63</ele>
  </trkpt>
  <trkpt lat="-6.78011997" lon="107.62254003">
   <ele>1639.05</ele>
  </trkpt>
  <trkpt lat="-6.78008996" lon="107.62252998">
   <ele>1639.52</ele>
  </trkpt>
  <trkpt lat="-6.78006004" lon="107.62252000">
   <ele>1640.01</ele>
  </trkpt>
  <trkpt lat="-6.78003003" lon="107.62251003">
   <ele>1640.5</ele>
  </trkpt>
  <trkpt lat="-6.78000002" lon="107.62248999">
   <ele>1641.22</ele>
  </trkpt>
  <trkpt lat="-6.77997001" lon="107.62248999">
   <ele>1641.31</ele>
  </trkpt>
  <trkpt lat="-6.77994001" lon="107.62248999">
   <ele>1641.41</ele>
  </trkpt>
  <trkpt lat="-6.77991000" lon="107.62248999">
   <ele>1641.51</ele>
  </trkpt>
  <trkpt lat="-6.77987999" lon="107.62246996">
   <ele>1641.94</ele>
  </trkpt>
  <trkpt lat="-6.77985996" lon="107.62245999">
   <ele>1642.15</ele>
  </trkpt>
  <trkpt lat="-6.77983004" lon="107.62244004">
   <ele>1642.51</ele>
  </trkpt>
  <trkpt lat="-6.77981000" lon="107.62242998">
   <ele>1642.68</ele>
  </trkpt>
  <trkpt lat="-6.77978000" lon="107.62242001">
   <ele>1642.84</ele>
  </trkpt>
  <trkpt lat="-6.77974002" lon="107.62239997">
   <ele>1643.09</ele>
  </trkpt>
  <trkpt lat="-6.77971998" lon="107.62239000">
   <ele>1643.2</ele>
  </trkpt>
  <trkpt lat="-6.77970003" lon="107.62236997">
   <ele>1643.51</ele>
  </trkpt>
  <trkpt lat="-6.77968000" lon="107.62233996">
   <ele>1644.01</ele>
  </trkpt>
  <trkpt lat="-6.77964999" lon="107.62232001">
   <ele>1644.53</ele>
  </trkpt>
  <trkpt lat="-6.77962996" lon="107.62229998">
   <ele>1645.02</ele>
  </trkpt>
  <trkpt lat="-6.77961001" lon="107.62228003">
   <ele>1645.57</ele>
  </trkpt>
  <trkpt lat="-6.77958998" lon="107.62225999">
   <ele>1646.17</ele>
  </trkpt>
  <trkpt lat="-6.77957003" lon="107.62222999">
   <ele>1647.03</ele>
  </trkpt>
  <trkpt lat="-6.77955000" lon="107.62219998">
   <ele>1647.63</ele>
  </trkpt>
  <trkpt lat="-6.77954002" lon="107.62216997">
   <ele>1647.99</ele>
  </trkpt>
  <trkpt lat="-6.77952996" lon="107.62213997">
   <ele>1648.38</ele>
  </trkpt>
  <trkpt lat="-6.77952996" lon="107.62210996">
   <ele>1648.61</ele>
  </trkpt>
  <trkpt lat="-6.77951002" lon="107.62209001">
   <ele>1649.15</ele>
  </trkpt>
  <trkpt lat="-6.77948001" lon="107.62209001">
   <ele>1649.73</ele>
  </trkpt>
  <trkpt lat="-6.77945000" lon="107.62208004">
   <ele>1650.43</ele>
  </trkpt>
  <trkpt lat="-6.77942997" lon="107.62206000">
   <ele>1650.74</ele>
  </trkpt>
  <trkpt lat="-6.77939996" lon="107.62203997">
   <ele>1650.92</ele>
  </trkpt>
  <trkpt lat="-6.77938001" lon="107.62202002">
   <ele>1651.08</ele>
  </trkpt>
  <trkpt lat="-6.77935001" lon="107.62199999">
   <ele>1651.2</ele>
  </trkpt>
  <trkpt lat="-6.77931002" lon="107.62199999">
   <ele>1651.11</ele>
  </trkpt>
  <trkpt lat="-6.77928999" lon="107.62198004">
   <ele>1651.2</ele>
  </trkpt>
  <trkpt lat="-6.77925998" lon="107.62196998">
   <ele>1651.18</ele>
  </trkpt>
  <trkpt lat="-6.77922998" lon="107.62195003">
   <ele>1651.2</ele>
  </trkpt>
  <trkpt lat="-6.77922000" lon="107.62192002">
   <ele>1651.9</ele>
  </trkpt>
  <trkpt lat="-6.77921003" lon="107.62189002">
   <ele>1652.77</ele>
  </trkpt>
  <trkpt lat="-6.77918999" lon="107.62186001">
   <ele>1653.69</ele>
  </trkpt>
  <trkpt lat="-6.77915999" lon="107.62183998">
   <ele>1654.6</ele>
  </trkpt>
  <trkpt lat="-6.77912998" lon="107.62180997">
   <ele>1656.48</ele>
  </trkpt>
  <trkpt lat="-6.77909000" lon="107.62179002">
   <ele>1658.3</ele>
  </trkpt>
  <trkpt lat="-6.77905999" lon="107.62177996">
   <ele>1659.49</ele>
  </trkpt>
  <trkpt lat="-6.77902001" lon="107.62177996">
   <ele>1660.67</ele>
  </trkpt>
  <trkpt lat="-6.77899998" lon="107.62177996">
   <ele>1661.26</ele>
  </trkpt>
  <trkpt lat="-6.77898003" lon="107.62175004">
   <ele>1662.61</ele>
  </trkpt>
  <trkpt lat="-6.77898003" lon="107.62172003">
   <ele>1663.36</ele>
  </trkpt>
  <trkpt lat="-6.77899000" lon="107.62169003">
   <ele>1663.86</ele>
  </trkpt>
  <trkpt lat="-6.77899000" lon="107.62166002">
   <ele>1664.64</ele>
  </trkpt>
  <trkpt lat="-6.77896997" lon="107.62163999">
   <ele>1665.72</ele>
  </trkpt>
  <trkpt lat="-6.77893996" lon="107.62162004">
   <ele>1667.06</ele>
  </trkpt>
  <trkpt lat="-6.77892001" lon="107.62160000">
   <ele>1668.14</ele>
  </trkpt>
  <trkpt lat="-6.77889001" lon="107.62159003">
   <ele>1669.18</ele>
  </trkpt>
  <trkpt lat="-6.77886000" lon="107.62160000">
   <ele>1669.26</ele>
  </trkpt>
  <trkpt lat="-6.77883997" lon="107.62163001">
   <ele>1668.69</ele>
  </trkpt>
  <trkpt lat="-6.77880996" lon="107.62164996">
   <ele>1668.56</ele>
  </trkpt>
  <trkpt lat="-6.77878004" lon="107.62166002">
   <ele>1668.73</ele>
  </trkpt>
  <trkpt lat="-6.77876000" lon="107.62166999">
   <ele>1668.8</ele>
  </trkpt>
  <trkpt lat="-6.77873000" lon="107.62167997">
   <ele>1669.08</ele>
  </trkpt>
  <trkpt lat="-6.77869999" lon="107.62166002">
   <ele>1669.86</ele>
  </trkpt>
  <trkpt lat="-6.77869001" lon="107.62163999">
   <ele>1670.43</ele>
  </trkpt>
  <trkpt lat="-6.77866998" lon="107.62162004">
   <ele>1671.1</ele>
  </trkpt>
  <trkpt lat="-6.77863997" lon="107.62160000">
   <ele>1671.86</ele>
  </trkpt>
  <trkpt lat="-6.77862003" lon="107.62157997">
   <ele>1672.46</ele>
  </trkpt>
  <trkpt lat="-6.77859002" lon="107.62157997">
   <ele>1672.77</ele>
  </trkpt>
  <trkpt lat="-6.77856001" lon="107.62157997">
   <ele>1673.08</ele>
  </trkpt>
  <trkpt lat="-6.77853998" lon="107.62159003">
   <ele>1673.17</ele>
  </trkpt>
  <trkpt lat="-6.77850997" lon="107.62159003">
   <ele>1673.5</ele>
  </trkpt>
  <trkpt lat="-6.77847996" lon="107.62160000">
   <ele>1673.77</ele>
  </trkpt>
  <trkpt lat="-6.77845004" lon="107.62157997">
   <ele>1674.19</ele>
  </trkpt>
  <trkpt lat="-6.77843001" lon="107.62154996">
   <ele>1674.44</ele>
  </trkpt>
  <trkpt lat="-6.77840997" lon="107.62153002">
   <ele>1674.59</ele>
  </trkpt>
  <trkpt lat="-6.77837997" lon="107.62150998">
   <ele>1674.7</ele>
  </trkpt>
  <trkpt lat="-6.77837997" lon="107.62146003">
   <ele>1674.55</ele>
  </trkpt>
  <trkpt lat="-6.77839003" lon="107.62143002">
   <ele>1674.49</ele>
  </trkpt>
  <trkpt lat="-6.77839003" lon="107.62139004">
   <ele>1674.41</ele>
  </trkpt>
  <trkpt lat="-6.77836002" lon="107.62136003">
   <ele>1674.4</ele>
  </trkpt>
  <trkpt lat="-6.77834996" lon="107.62131996">
   <ele>1674.62</ele>
  </trkpt>
  <trkpt lat="-6.77837997" lon="107.62130002">
   <ele>1674.98</ele>
  </trkpt>
  <trkpt lat="-6.77834996" lon="107.62127998">
   <ele>1674.9</ele>
  </trkpt>
  <trkpt lat="-6.77832004" lon="107.62127001">
   <ele>1674.76</ele>
  </trkpt>
  <trkpt lat="-6.77829003" lon="107.62127001">
   <ele>1674.54</ele>
  </trkpt>
  <trkpt lat="-6.77827000" lon="107.62124000">
   <ele>1674.62</ele>
  </trkpt>
  <trkpt lat="-6.77827000" lon="107.62120999">
   <ele>1674.83</ele>
  </trkpt>
  <trkpt lat="-6.77824996" lon="107.62118996">
   <ele>1674.83</ele>
  </trkpt>
  <trkpt lat="-6.77823999" lon="107.62116004">
   <ele>1674.98</ele>
  </trkpt>
  <trkpt lat="-6.77823999" lon="107.62113003">
   <ele>1675.19</ele>
  </trkpt>
  <trkpt lat="-6.77823002" lon="107.62110002">
   <ele>1675.38</ele>
  </trkpt>
  <trkpt lat="-6.77820001" lon="107.62107999">
   <ele>1675.43</ele>
  </trkpt>
  <trkpt lat="-6.77817000" lon="107.62107999">
   <ele>1675.25</ele>
  </trkpt>
  <trkpt lat="-6.77813999" lon="107.62108997">
   <ele>1674.92</ele>
  </trkpt>
  <trkpt lat="-6.77810999" lon="107.62110002">
   <ele>1674.57</ele>
  </trkpt>
  <trkpt lat="-6.77809004" lon="107.62111997">
   <ele>1674.18</ele>
  </trkpt>
  <trkpt lat="-6.77809004" lon="107.62114998">
   <ele>1673.97</ele>
  </trkpt>
  <trkpt lat="-6.77807998" lon="107.62117999">
   <ele>1673.68</ele>
  </trkpt>
  <trkpt lat="-6.77804997" lon="107.62120002">
   <ele>1673.32</ele>
  </trkpt>
  <trkpt lat="-6.77803002" lon="107.62121997">
   <ele>1673.02</ele>
  </trkpt>
  <trkpt lat="-6.77801996" lon="107.62124000">
   <ele>1672.77</ele>
  </trkpt>
  <trkpt lat="-6.77800002" lon="107.62127001">
   <ele>1672.31</ele>
  </trkpt>
  <trkpt lat="-6.77799004" lon="107.62129004">
   <ele>1672.02</ele>
  </trkpt>
  <trkpt lat="-6.77797998" lon="107.62131996">
   <ele>1671.61</ele>
  </trkpt>
  <trkpt lat="-6.77797998" lon="107.62134997">
   <ele>1671.31</ele>
  </trkpt>
  <trkpt lat="-6.77797998" lon="107.62137998">
   <ele>1671</ele>
  </trkpt>
  <trkpt lat="-6.77796003" lon="107.62140001">
   <ele>1670.58</ele>
  </trkpt>
  <trkpt lat="-6.77793003" lon="107.62140001">
   <ele>1670.15</ele>
  </trkpt>
  <trkpt lat="-6.77790002" lon="107.62140001">
   <ele>1669.72</ele>
  </trkpt>
  <trkpt lat="-6.77788996" lon="107.62143999">
   <ele>1669.43</ele>
  </trkpt>
  <trkpt lat="-6.77788996" lon="107.62147000">
   <ele>1669.32</ele>
  </trkpt>
  <trkpt lat="-6.77790002" lon="107.62150001">
   <ele>1669.36</ele>
  </trkpt>
  <trkpt lat="-6.77790999" lon="107.62153002">
   <ele>1669.4</ele>
  </trkpt>
  <trkpt lat="-6.77790002" lon="107.62156002">
   <ele>1669.14</ele>
  </trkpt>
  <trkpt lat="-6.77788996" lon="107.62159003">
   <ele>1668.89</ele>
  </trkpt>
  <trkpt lat="-6.77787999" lon="107.62162004">
   <ele>1668.64</ele>
  </trkpt>
 </trkseg>
</trk>
<trk>
 <name>Track 235</name>
 <trkseg>
  <trkpt lat="-6.77728998" lon="107.62077003">
   <ele>1681.4</ele>
  </trkpt>
  <trkpt lat="-6.77731999" lon="107.62078000">
   <ele>1680.9</ele>
  </trkpt>
  <trkpt lat="-6.77735997" lon="107.62078998">
   <ele>1680.41</ele>
  </trkpt>
  <trkpt lat="-6.77738998" lon="107.62080004">
   <ele>1680.01</ele>
  </trkpt>
  <trkpt lat="-6.77741999" lon="107.62081001">
   <ele>1679.65</ele>
  </trkpt>
  <trkpt lat="-6.77745000" lon="107.62081998">
   <ele>1679.34</ele>
  </trkpt>
  <trkpt lat="-6.77748998" lon="107.62084002">
   <ele>1678.81</ele>
  </trkpt>
  <trkpt lat="-6.77751001" lon="107.62084999">
   <ele>1678.59</ele>
  </trkpt>
  <trkpt lat="-6.77752996" lon="107.62088000">
   <ele>1677.87</ele>
  </trkpt>
  <trkpt lat="-6.77754999" lon="107.62091001">
   <ele>1677.15</ele>
  </trkpt>
  <trkpt lat="-6.77758997" lon="107.62091001">
   <ele>1677.44</ele>
  </trkpt>
  <trkpt lat="-6.77761998" lon="107.62091998">
   <ele>1677.37</ele>
  </trkpt>
  <trkpt lat="-6.77764999" lon="107.62091998">
   <ele>1677.58</ele>
  </trkpt>
  <trkpt lat="-6.77767999" lon="107.62093004">
   <ele>1677.51</ele>
  </trkpt>
  <trkpt lat="-6.77771000" lon="107.62093004">
   <ele>1677.73</ele>
  </trkpt>
  <trkpt lat="-6.77773003" lon="107.62094001">
   <ele>1677.58</ele>
  </trkpt>
  <trkpt lat="-6.77774998" lon="107.62097002">
   <ele>1676.86</ele>
  </trkpt>
  <trkpt lat="-6.77776004" lon="107.62098997">
   <ele>1676.36</ele>
  </trkpt>
  <trkpt lat="-6.77777002" lon="107.62101998">
   <ele>1675.57</ele>
  </trkpt>
  <trkpt lat="-6.77777002" lon="107.62106004">
   <ele>1674.42</ele>
  </trkpt>
  <trkpt lat="-6.77777002" lon="107.62108997">
   <ele>1673.55</ele>
  </trkpt>
  <trkpt lat="-6.77777999" lon="107.62111000">
   <ele>1673.04</ele>
  </trkpt>
  <trkpt lat="-6.77777999" lon="107.62114001">
   <ele>1672.49</ele>
  </trkpt>
  <trkpt lat="-6.77778997" lon="107.62117999">
   <ele>1671.84</ele>
  </trkpt>
  <trkpt lat="-6.77777002" lon="107.62121997">
   <ele>1671.01</ele>
  </trkpt>
  <trkpt lat="-6.77776004" lon="107.62124998">
   <ele>1670.44</ele>
  </trkpt>
  <trkpt lat="-6.77774998" lon="107.62127998">
   <ele>1669.88</ele>
  </trkpt>
  <trkpt lat="-6.77773003" lon="107.62130999">
   <ele>1669.32</ele>
  </trkpt>
  <trkpt lat="-6.77771000" lon="107.62133002">
   <ele>1668.96</ele>
  </trkpt>
  <trkpt lat="-6.77770003" lon="107.62134997">
   <ele>1668.62</ele>
  </trkpt>
  <trkpt lat="-6.77767002" lon="107.62134000">
   <ele>1668.74</ele>
  </trkpt>
  <trkpt lat="-6.77764001" lon="107.62133002">
   <ele>1668.85</ele>
  </trkpt>
  <trkpt lat="-6.77761001" lon="107.62133002">
   <ele>1668.8</ele>
  </trkpt>
  <trkpt lat="-6.77758000" lon="107.62131996">
   <ele>1668.89</ele>
  </trkpt>
  <trkpt lat="-6.77754999" lon="107.62131996">
   <ele>1668.83</ele>
  </trkpt>
  <trkpt lat="-6.77752996" lon="107.62130999">
   <ele>1668.91</ele>
  </trkpt>
  <trkpt lat="-6.77750004" lon="107.62130002">
   <ele>1668.96</ele>
  </trkpt>
  <trkpt lat="-6.77745997" lon="107.62129004">
   <ele>1669.64</ele>
  </trkpt>
  <trkpt lat="-6.77742996" lon="107.62129004">
   <ele>1670.08</ele>
  </trkpt>
  <trkpt lat="-6.77738998" lon="107.62127998">
   <ele>1670.76</ele>
  </trkpt>
  <trkpt lat="-6.77737003" lon="107.62127001">
   <ele>1671.16</ele>
  </trkpt>
  <trkpt lat="-6.77734002" lon="107.62126003">
   <ele>1671.7</ele>
  </trkpt>
  <trkpt lat="-6.77731002" lon="107.62124998">
   <ele>1672.24</ele>
  </trkpt>
  <trkpt lat="-6.77728001" lon="107.62126003">
   <ele>1672.56</ele>
  </trkpt>
  <trkpt lat="-6.77724003" lon="107.62126003">
   <ele>1673.14</ele>
  </trkpt>
  <trkpt lat="-6.77722000" lon="107.62126003">
   <ele>1673.41</ele>
  </trkpt>
  <trkpt lat="-6.77718999" lon="107.62127001">
   <ele>1673.6</ele>
  </trkpt>
  <trkpt lat="-6.77715998" lon="107.62130002">
   <ele>1673.64</ele>
  </trkpt>
  <trkpt lat="-6.77715998" lon="107.62133002">
   <ele>1673.39</ele>
  </trkpt>
  <trkpt lat="-6.77715001" lon="107.62134997">
   <ele>1673.35</ele>
  </trkpt>
  <trkpt lat="-6.77714003" lon="107.62139004">
   <ele>1673.18</ele>
  </trkpt>
  <trkpt lat="-6.77712000" lon="107.62141996">
   <ele>1673.29</ele>
  </trkpt>
  <trkpt lat="-6.77712000" lon="107.62144997">
   <ele>1673.11</ele>
  </trkpt>
  <trkpt lat="-6.77712000" lon="107.62147998">
   <ele>1672.94</ele>
  </trkpt>
  <trkpt lat="-6.77712997" lon="107.62150998">
   <ele>1672.6</ele>
  </trkpt>
  <trkpt lat="-6.77712997" lon="107.62153999">
   <ele>1672.42</ele>
  </trkpt>
  <trkpt lat="-6.77712997" lon="107.62157000">
   <ele>1672.24</ele>
  </trkpt>
  <trkpt lat="-6.77712000" lon="107.62160000">
   <ele>1672.23</ele>
  </trkpt>
  <trkpt lat="-6.77711003" lon="107.62163999">
   <ele>1672.17</ele>
  </trkpt>
  <trkpt lat="-6.77709997" lon="107.62166999">
   <ele>1672.23</ele>
  </trkpt>
  <trkpt lat="-6.77708999" lon="107.62170000">
   <ele>1672.73</ele>
  </trkpt>
  <trkpt lat="-6.77708002" lon="107.62173001">
   <ele>1673.25</ele>
  </trkpt>
  <trkpt lat="-6.77706996" lon="107.62176001">
   <ele>1673.81</ele>
  </trkpt>
  <trkpt lat="-6.77705001" lon="107.62179002">
   <ele>1674.65</ele>
  </trkpt>
  <trkpt lat="-6.77702998" lon="107.62180997">
   <ele>1675.4</ele>
  </trkpt>
  <trkpt lat="-6.77701003" lon="107.62183000">
   <ele>1676.2</ele>
  </trkpt>
  <trkpt lat="-6.77698002" lon="107.62183998">
   <ele>1677.16</ele>
  </trkpt>
  <trkpt lat="-6.77695999" lon="107.62182003">
   <ele>1677.36</ele>
  </trkpt>
  <trkpt lat="-6.77694004" lon="107.62180997">
   <ele>1677.59</ele>
  </trkpt>
  <trkpt lat="-6.77689997" lon="107.62180000">
   <ele>1677.5</ele>
  </trkpt>
  <trkpt lat="-6.77686997" lon="107.62179002">
   <ele>1677.43</ele>
  </trkpt>
  <trkpt lat="-6.77685002" lon="107.62179002">
   <ele>1677.49</ele>
  </trkpt>
  <trkpt lat="-6.77681004" lon="107.62177996">
   <ele>1677.5</ele>
  </trkpt>
  <trkpt lat="-6.77678003" lon="107.62176999">
   <ele>1677.53</ele>
  </trkpt>
  <trkpt lat="-6.77675002" lon="107.62176001">
   <ele>1677.6</ele>
  </trkpt>
  <trkpt lat="-6.77672002" lon="107.62175004">
   <ele>1677.71</ele>
  </trkpt>
  <trkpt lat="-6.77669001" lon="107.62175004">
   <ele>1677.87</ele>
  </trkpt>
  <trkpt lat="-6.77666000" lon="107.62175004">
   <ele>1678.07</ele>
  </trkpt>
  <trkpt lat="-6.77662999" lon="107.62175004">
   <ele>1678.38</ele>
  </trkpt>
  <trkpt lat="-6.77659999" lon="107.62176001">
   <ele>1678.72</ele>
  </trkpt>
  <trkpt lat="-6.77658004" lon="107.62173001">
   <ele>1678.84</ele>
  </trkpt>
  <trkpt lat="-6.77656000" lon="107.62170997">
   <ele>1678.95</ele>
  </trkpt>
  <trkpt lat="-6.77652002" lon="107.62170000">
   <ele>1679.25</ele>
  </trkpt>
  <trkpt lat="-6.77649999" lon="107.62169003">
   <ele>1679.35</ele>
  </trkpt>
  <trkpt lat="-6.77646998" lon="107.62169003">
   <ele>1679.59</ele>
  </trkpt>
  <trkpt lat="-6.77643998" lon="107.62167997">
   <ele>1679.75</ele>
  </trkpt>
  <trkpt lat="-6.77639999" lon="107.62166999">
   <ele>1679.95</ele>
  </trkpt>
  <trkpt lat="-6.77636999" lon="107.62166002">
   <ele>1680</ele>
  </trkpt>
  <trkpt lat="-6.77635004" lon="107.62164996">
   <ele>1680</ele>
  </trkpt>
  <trkpt lat="-6.77630997" lon="107.62163999">
   <ele>1680.13</ele>
  </trkpt>
  <trkpt lat="-6.77627997" lon="107.62163999">
   <ele>1680.29</ele>
  </trkpt>
  <trkpt lat="-6.77624996" lon="107.62163999">
   <ele>1680.45</ele>
  </trkpt>
  <trkpt lat="-6.77622003" lon="107.62164996">
   <ele>1680.61</ele>
  </trkpt>
  <trkpt lat="-6.77619003" lon="107.62164996">
   <ele>1680.75</ele>
  </trkpt>
  <trkpt lat="-6.77616002" lon="107.62164996">
   <ele>1680.89</ele>
  </trkpt>
  <trkpt lat="-6.77613001" lon="107.62164996">
   <ele>1681.03</ele>
  </trkpt>
  <trkpt lat="-6.77609003" lon="107.62164996">
   <ele>1681.12</ele>
  </trkpt>
  <trkpt lat="-6.77604997" lon="107.62166002">
   <ele>1681.05</ele>
  </trkpt>
  <trkpt lat="-6.77601996" lon="107.62166002">
   <ele>1681.05</ele>
  </trkpt>
  <trkpt lat="-6.77599004" lon="107.62166002">
   <ele>1681.05</ele>
  </trkpt>
  <trkpt lat="-6.77596003" lon="107.62164996">
   <ele>1681.12</ele>
  </trkpt>
  <trkpt lat="-6.77593002" lon="107.62164996">
   <ele>1681.12</ele>
  </trkpt>
  <trkpt lat="-6.77590001" lon="107.62166002">
   <ele>1681.05</ele>
  </trkpt>
  <trkpt lat="-6.77587001" lon="107.62166002">
   <ele>1681.05</ele>
  </trkpt>
  <trkpt lat="-6.77584000" lon="107.62164996">
   <ele>1681.12</ele>
  </trkpt>
  <trkpt lat="-6.77580999" lon="107.62166002">
   <ele>1681.55</ele>
  </trkpt>
  <trkpt lat="-6.77577998" lon="107.62167997">
   <ele>1682.01</ele>
  </trkpt>
  <trkpt lat="-6.77577998" lon="107.62170997">
   <ele>1681.68</ele>
  </trkpt>
  <trkpt lat="-6.77576004" lon="107.62173998">
   <ele>1681.79</ele>
  </trkpt>
  <trkpt lat="-6.77573003" lon="107.62175004">
   <ele>1682.33</ele>
  </trkpt>
  <trkpt lat="-6.77568996" lon="107.62176999">
   <ele>1682.98</ele>
  </trkpt>
  <trkpt lat="-6.77566004" lon="107.62177996">
   <ele>1683.52</ele>
  </trkpt>
  <trkpt lat="-6.77563003" lon="107.62177996">
   <ele>1684.17</ele>
  </trkpt>
  <trkpt lat="-6.77561000" lon="107.62180997">
   <ele>1684.28</ele>
  </trkpt>
  <trkpt lat="-6.77557999" lon="107.62183000">
   <ele>1684.71</ele>
  </trkpt>
  <trkpt lat="-6.77555996" lon="107.62185004">
   <ele>1684.92</ele>
  </trkpt>
  <trkpt lat="-6.77553004" lon="107.62186001">
   <ele>1685.37</ele>
  </trkpt>
  <trkpt lat="-6.77550003" lon="107.62186001">
   <ele>1685.91</ele>
  </trkpt>
  <trkpt lat="-6.77547002" lon="107.62186999">
   <ele>1686.34</ele>
  </trkpt>
  <trkpt lat="-6.77544001" lon="107.62186001">
   <ele>1686.99</ele>
  </trkpt>
  <trkpt lat="-6.77541001" lon="107.62186001">
   <ele>1687.53</ele>
  </trkpt>
  <trkpt lat="-6.77537003" lon="107.62186001">
   <ele>1688.25</ele>
  </trkpt>
  <trkpt lat="-6.77534999" lon="107.62185004">
   <ele>1688.72</ele>
  </trkpt>
  <trkpt lat="-6.77531999" lon="107.62183998">
   <ele>1689.37</ele>
  </trkpt>
  <trkpt lat="-6.77528998" lon="107.62185004">
   <ele>1689.8</ele>
  </trkpt>
  <trkpt lat="-6.77525997" lon="107.62186001">
   <ele>1690.13</ele>
  </trkpt>
  <trkpt lat="-6.77522996" lon="107.62186999">
   <ele>1690.43</ele>
  </trkpt>
  <trkpt lat="-6.77521002" lon="107.62189002">
   <ele>1690.57</ele>
  </trkpt>
  <trkpt lat="-6.77521999" lon="107.62192002">
   <ele>1690.21</ele>
  </trkpt>
  <trkpt lat="-6.77522996" lon="107.62193997">
   <ele>1689.89</ele>
  </trkpt>
  <trkpt lat="-6.77524002" lon="107.62196998">
   <ele>1689.95</ele>
  </trkpt>
  <trkpt lat="-6.77525000" lon="107.62202002">
   <ele>1690.23</ele>
  </trkpt>
  <trkpt lat="-6.77525000" lon="107.62205003">
   <ele>1690.53</ele>
  </trkpt>
  <trkpt lat="-6.77524002" lon="107.62208004">
   <ele>1691.12</ele>
  </trkpt>
  <trkpt lat="-6.77522996" lon="107.62208004">
   <ele>1691.42</ele>
  </trkpt>
  <trkpt lat="-6.77524002" lon="107.62210996">
   <ele>1691.44</ele>
  </trkpt>
  <trkpt lat="-6.77524002" lon="107.62213997">
   <ele>1691.76</ele>
  </trkpt>
  <trkpt lat="-6.77521002" lon="107.62213997">
   <ele>1692.83</ele>
  </trkpt>
  <trkpt lat="-6.77518001" lon="107.62212002">
   <ele>1693.58</ele>
  </trkpt>
  <trkpt lat="-6.77515998" lon="107.62209001">
   <ele>1693.72</ele>
  </trkpt>
  <trkpt lat="-6.77514003" lon="107.62206000">
   <ele>1693.76</ele>
  </trkpt>
  <trkpt lat="-6.77511002" lon="107.62205003">
   <ele>1694.39</ele>
  </trkpt>
  <trkpt lat="-6.77508001" lon="107.62205003">
   <ele>1695.21</ele>
  </trkpt>
  <trkpt lat="-6.77504003" lon="107.62206000">
   <ele>1696.6</ele>
  </trkpt>
  <trkpt lat="-6.77501002" lon="107.62205003">
   <ele>1697.14</ele>
  </trkpt>
  <trkpt lat="-6.77498999" lon="107.62203000">
   <ele>1697.11</ele>
  </trkpt>
  <trkpt lat="-6.77495998" lon="107.62200996">
   <ele>1697.54</ele>
  </trkpt>
  <trkpt lat="-6.77492998" lon="107.62203000">
   <ele>1699.16</ele>
  </trkpt>
  <trkpt lat="-6.77489997" lon="107.62203997">
   <ele>1700.44</ele>
  </trkpt>
  <trkpt lat="-6.77486996" lon="107.62203997">
   <ele>1701.44</ele>
  </trkpt>
  <trkpt lat="-6.77482998" lon="107.62203997">
   <ele>1702.78</ele>
  </trkpt>
  <trkpt lat="-6.77479997" lon="107.62203997">
   <ele>1703.78</ele>
  </trkpt>
  <trkpt lat="-6.77473996" lon="107.62202002">
   <ele>1705.47</ele>
  </trkpt>
  <trkpt lat="-6.77471003" lon="107.62203000">
   <ele>1706.29</ele>
  </trkpt>
  <trkpt lat="-6.77466997" lon="107.62205003">
   <ele>1706.75</ele>
  </trkpt>
  <trkpt lat="-6.77463996" lon="107.62208004">
   <ele>1707.26</ele>
  </trkpt>
  <trkpt lat="-6.77461004" lon="107.62208004">
   <ele>1707.37</ele>
  </trkpt>
  <trkpt lat="-6.77461004" lon="107.62210996">
   <ele>1707.71</ele>
  </trkpt>
  <trkpt lat="-6.77459001" lon="107.62213997">
   <ele>1708.1</ele>
  </trkpt>
  <trkpt lat="-6.77456997" lon="107.62216000">
   <ele>1708.35</ele>
  </trkpt>
  <trkpt lat="-6.77459001" lon="107.62218003">
   <ele>1708.54</ele>
  </trkpt>
  <trkpt lat="-6.77458003" lon="107.62222001">
   <ele>1708.98</ele>
  </trkpt>
  <trkpt lat="-6.77453997" lon="107.62223996">
   <ele>1708.81</ele>
  </trkpt>
  <trkpt lat="-6.77449998" lon="107.62226997">
   <ele>1708.42</ele>
  </trkpt>
  <trkpt lat="-6.77449998" lon="107.62232001">
   <ele>1707.8</ele>
  </trkpt>
  <trkpt lat="-6.77453997" lon="107.62233996">
   <ele>1707.74</ele>
  </trkpt>
  <trkpt lat="-6.77452002" lon="107.62236997">
   <ele>1707.31</ele>
  </trkpt>
  <trkpt lat="-6.77449998" lon="107.62239997">
   <ele>1706.82</ele>
  </trkpt>
  <trkpt lat="-6.77449001" lon="107.62242001">
   <ele>1706.5</ele>
  </trkpt>
  <trkpt lat="-6.77448004" lon="107.62245001">
   <ele>1706.03</ele>
  </trkpt>
  <trkpt lat="-6.77446998" lon="107.62248002">
   <ele>1705.54</ele>
  </trkpt>
  <trkpt lat="-6.77445003" lon="107.62251003">
   <ele>1704.95</ele>
  </trkpt>
  <trkpt lat="-6.77442002" lon="107.62254003">
   <ele>1704.38</ele>
  </trkpt>
  <trkpt lat="-6.77439999" lon="107.62255998">
   <ele>1704</ele>
  </trkpt>
  <trkpt lat="-6.77436998" lon="107.62257004">
   <ele>1703.64</ele>
  </trkpt>
  <trkpt lat="-6.77433997" lon="107.62258002">
   <ele>1703.28</ele>
  </trkpt>
  <trkpt lat="-6.77430997" lon="107.62258999">
   <ele>1702.9</ele>
  </trkpt>
  <trkpt lat="-6.77427996" lon="107.62261002">
   <ele>1702.39</ele>
  </trkpt>
  <trkpt lat="-6.77423998" lon="107.62262997">
   <ele>1701.78</ele>
  </trkpt>
  <trkpt lat="-6.77420997" lon="107.62265000">
   <ele>1701.24</ele>
  </trkpt>
  <trkpt lat="-6.77419002" lon="107.62267004">
   <ele>1700.77</ele>
  </trkpt>
  <trkpt lat="-6.77416001" lon="107.62268999">
   <ele>1700.26</ele>
  </trkpt>
  <trkpt lat="-6.77413998" lon="107.62271002">
   <ele>1700</ele>
  </trkpt>
  <trkpt lat="-6.77410997" lon="107.62272997">
   <ele>1699.85</ele>
  </trkpt>
  <trkpt lat="-6.77407997" lon="107.62271999">
   <ele>1700</ele>
  </trkpt>
  <trkpt lat="-6.77404996" lon="107.62271999">
   <ele>1700.06</ele>
  </trkpt>
  <trkpt lat="-6.77402004" lon="107.62271002">
   <ele>1700.13</ele>
  </trkpt>
  <trkpt lat="-6.77399003" lon="107.62271002">
   <ele>1700.16</ele>
  </trkpt>
  <trkpt lat="-6.77397000" lon="107.62271999">
   <ele>1700.22</ele>
  </trkpt>
  <trkpt lat="-6.77393999" lon="107.62271002">
   <ele>1700.21</ele>
  </trkpt>
  <trkpt lat="-6.77390998" lon="107.62271002">
   <ele>1700.25</ele>
  </trkpt>
  <trkpt lat="-6.77392004" lon="107.62274003">
   <ele>1700.47</ele>
  </trkpt>
  <trkpt lat="-6.77389003" lon="107.62275000">
   <ele>1700.69</ele>
  </trkpt>
  <trkpt lat="-6.77387998" lon="107.62275000">
   <ele>1700.8</ele>
  </trkpt>
  <trkpt lat="-6.77386003" lon="107.62271999">
   <ele>1700.73</ele>
  </trkpt>
  <trkpt lat="-6.77383999" lon="107.62268999">
   <ele>1700.69</ele>
  </trkpt>
  <trkpt lat="-6.77380999" lon="107.62268001">
   <ele>1701</ele>
  </trkpt>
  <trkpt lat="-6.77377998" lon="107.62267004">
   <ele>1701.32</ele>
  </trkpt>
  <trkpt lat="-6.77376003" lon="107.62264003">
   <ele>1701.36</ele>
  </trkpt>
  <trkpt lat="-6.77374997" lon="107.62261002">
   <ele>1701.29</ele>
  </trkpt>
  <trkpt lat="-6.77373002" lon="107.62257004">
   <ele>1701.33</ele>
  </trkpt>
  <trkpt lat="-6.77371996" lon="107.62255001">
   <ele>1701.36</ele>
  </trkpt>
  <trkpt lat="-6.77370999" lon="107.62252000">
   <ele>1701.34</ele>
  </trkpt>
  <trkpt lat="-6.77367998" lon="107.62251003">
   <ele>1701.81</ele>
  </trkpt>
  <trkpt lat="-6.77366003" lon="107.62249997">
   <ele>1702.12</ele>
  </trkpt>
  <trkpt lat="-6.77363003" lon="107.62248002">
   <ele>1702.94</ele>
  </trkpt>
  <trkpt lat="-6.77360002" lon="107.62245001">
   <ele>1703.61</ele>
  </trkpt>
  <trkpt lat="-6.77357001" lon="107.62242998">
   <ele>1703.56</ele>
  </trkpt>
  <trkpt lat="-6.77354998" lon="107.62241003">
   <ele>1703.57</ele>
  </trkpt>
  <trkpt lat="-6.77351997" lon="107.62239000">
   <ele>1703.41</ele>
  </trkpt>
  <trkpt lat="-6.77350002" lon="107.62236997">
   <ele>1703.32</ele>
  </trkpt>
  <trkpt lat="-6.77347999" lon="107.62233996">
   <ele>1703.27</ele>
  </trkpt>
  <trkpt lat="-6.77347002" lon="107.62231003">
   <ele>1703.33</ele>
  </trkpt>
  <trkpt lat="-6.77344998" lon="107.62228003">
   <ele>1703.17</ele>
  </trkpt>
  <trkpt lat="-6.77341998" lon="107.62228003">
   <ele>1702.61</ele>
  </trkpt>
  <trkpt lat="-6.77338997" lon="107.62229000">
   <ele>1702.02</ele>
  </trkpt>
  <trkpt lat="-6.77334999" lon="107.62229000">
   <ele>1701.3</ele>
  </trkpt>
  <trkpt lat="-6.77331998" lon="107.62229998">
   <ele>1700.82</ele>
  </trkpt>
  <trkpt lat="-6.77328997" lon="107.62229998">
   <ele>1700.4</ele>
  </trkpt>
  <trkpt lat="-6.77324999" lon="107.62231003">
   <ele>1699.82</ele>
  </trkpt>
  <trkpt lat="-6.77321998" lon="107.62232001">
   <ele>1699.35</ele>
  </trkpt>
  <trkpt lat="-6.77320004" lon="107.62233996">
   <ele>1698.95</ele>
  </trkpt>
  <trkpt lat="-6.77317003" lon="107.62235999">
   <ele>1698.36</ele>
  </trkpt>
  <trkpt lat="-6.77314002" lon="107.62235999">
   <ele>1697.88</ele>
  </trkpt>
  <trkpt lat="-6.77311001" lon="107.62235999">
   <ele>1697.39</ele>
  </trkpt>
  <trkpt lat="-6.77308001" lon="107.62236997">
   <ele>1696.81</ele>
  </trkpt>
  <trkpt lat="-6.77305000" lon="107.62235999">
   <ele>1696.57</ele>
  </trkpt>
  <trkpt lat="-6.77301999" lon="107.62236997">
   <ele>1696.78</ele>
  </trkpt>
  <trkpt lat="-6.77298001" lon="107.62236997">
   <ele>1697.2</ele>
  </trkpt>
  <trkpt lat="-6.77295000" lon="107.62235999">
   <ele>1697.66</ele>
  </trkpt>
  <trkpt lat="-6.77292000" lon="107.62235002">
   <ele>1698.12</ele>
  </trkpt>
  <trkpt lat="-6.77289996" lon="107.62235002">
   <ele>1698.34</ele>
  </trkpt>
  <trkpt lat="-6.77287004" lon="107.62235999">
   <ele>1698.52</ele>
  </trkpt>
  <trkpt lat="-6.77284003" lon="107.62236997">
   <ele>1698.68</ele>
  </trkpt>
  <trkpt lat="-6.77281003" lon="107.62236997">
   <ele>1699</ele>
  </trkpt>
  <trkpt lat="-6.77278002" lon="107.62236997">
   <ele>1699.32</ele>
  </trkpt>
  <trkpt lat="-6.77275001" lon="107.62235999">
   <ele>1699.67</ele>
  </trkpt>
  <trkpt lat="-6.77272000" lon="107.62235999">
   <ele>1699.83</ele>
  </trkpt>
  <trkpt lat="-6.77269000" lon="107.62236997">
   <ele>1699.8</ele>
  </trkpt>
  <trkpt lat="-6.77265999" lon="107.62236997">
   <ele>1699.96</ele>
  </trkpt>
  <trkpt lat="-6.77264004" lon="107.62239000">
   <ele>1699.67</ele>
  </trkpt>
  <trkpt lat="-6.77261003" lon="107.62241003">
   <ele>1699.42</ele>
  </trkpt>
  <trkpt lat="-6.77259000" lon="107.62244004">
   <ele>1698.9</ele>
  </trkpt>
  <trkpt lat="-6.77255999" lon="107.62245001">
   <ele>1698.83</ele>
  </trkpt>
  <trkpt lat="-6.77252999" lon="107.62245001">
   <ele>1698.95</ele>
  </trkpt>
  <trkpt lat="-6.77246000" lon="107.62244004">
   <ele>1700.14</ele>
  </trkpt>
  <trkpt lat="-6.77242002" lon="107.62242001">
   <ele>1701.2</ele>
  </trkpt>
  <trkpt lat="-6.77239998" lon="107.62245999">
   <ele>1701.23</ele>
  </trkpt>
  <trkpt lat="-6.77236998" lon="107.62248002">
   <ele>1701.84</ele>
  </trkpt>
  <trkpt lat="-6.77236000" lon="107.62251003">
   <ele>1702.07</ele>
  </trkpt>
  <trkpt lat="-6.77232002" lon="107.62249997">
   <ele>1703.18</ele>
  </trkpt>
  <trkpt lat="-6.77229999" lon="107.62248999">
   <ele>1703.72</ele>
  </trkpt>
  <trkpt lat="-6.77229999" lon="107.62254003">
   <ele>1703.78</ele>
  </trkpt>
  <trkpt lat="-6.77225003" lon="107.62255998">
   <ele>1705.07</ele>
  </trkpt>
  <trkpt lat="-6.77222002" lon="107.62255998">
   <ele>1705.78</ele>
  </trkpt>
  <trkpt lat="-6.77218004" lon="107.62255001">
   <ele>1705.65</ele>
  </trkpt>
  <trkpt lat="-6.77215003" lon="107.62252998">
   <ele>1705.51</ele>
  </trkpt>
  <trkpt lat="-6.77212003" lon="107.62252000">
   <ele>1705.32</ele>
  </trkpt>
  <trkpt lat="-6.77209002" lon="107.62252000">
   <ele>1705.15</ele>
  </trkpt>
  <trkpt lat="-6.77206999" lon="107.62254003">
   <ele>1705.15</ele>
  </trkpt>
  <trkpt lat="-6.77203998" lon="107.62255001">
   <ele>1705.1</ele>
  </trkpt>
  <trkpt lat="-6.77200997" lon="107.62255998">
   <ele>1705.08</ele>
  </trkpt>
  <trkpt lat="-6.77197997" lon="107.62254003">
   <ele>1704.74</ele>
  </trkpt>
  <trkpt lat="-6.77195004" lon="107.62254003">
   <ele>1704.6</ele>
  </trkpt>
  <trkpt lat="-6.77192003" lon="107.62254003">
   <ele>1704.88</ele>
  </trkpt>
  <trkpt lat="-6.77190000" lon="107.62257004">
   <ele>1705.61</ele>
  </trkpt>
  <trkpt lat="-6.77186999" lon="107.62257004">
   <ele>1706.01</ele>
  </trkpt>
  <trkpt lat="-6.77183999" lon="107.62257004">
   <ele>1706.42</ele>
  </trkpt>
  <trkpt lat="-6.77180998" lon="107.62258002">
   <ele>1707.02</ele>
  </trkpt>
  <trkpt lat="-6.77177997" lon="107.62258002">
   <ele>1707.44</ele>
  </trkpt>
  <trkpt lat="-6.77173999" lon="107.62258002">
   <ele>1708</ele>
  </trkpt>
  <trkpt lat="-6.77170001" lon="107.62255998">
   <ele>1708.07</ele>
  </trkpt>
  <trkpt lat="-6.77167000" lon="107.62254003">
   <ele>1707.97</ele>
  </trkpt>
  <trkpt lat="-6.77164997" lon="107.62252998">
   <ele>1708.01</ele>
  </trkpt>
  <trkpt lat="-6.77161996" lon="107.62254003">
   <ele>1708.68</ele>
  </trkpt>
  <trkpt lat="-6.77159004" lon="107.62252998">
   <ele>1708.93</ele>
  </trkpt>
  <trkpt lat="-6.77157001" lon="107.62252000">
   <ele>1709.07</ele>
  </trkpt>
  <trkpt lat="-6.77154997" lon="107.62248999">
   <ele>1709.08</ele>
  </trkpt>
  <trkpt lat="-6.77151997" lon="107.62248002">
   <ele>1709.6</ele>
  </trkpt>
  <trkpt lat="-6.77148996" lon="107.62248002">
   <ele>1710.13</ele>
  </trkpt>
  <trkpt lat="-6.77146004" lon="107.62248002">
   <ele>1710.67</ele>
  </trkpt>
  <trkpt lat="-6.77144000" lon="107.62248999">
   <ele>1711.05</ele>
  </trkpt>
  <trkpt lat="-6.77140002" lon="107.62246996">
   <ele>1711.7</ele>
  </trkpt>
  <trkpt lat="-6.77134998" lon="107.62245999">
   <ele>1712.26</ele>
  </trkpt>
  <trkpt lat="-6.77131997" lon="107.62251003">
   <ele>1712.51</ele>
  </trkpt>
  <trkpt lat="-6.77128997" lon="107.62255001">
   <ele>1712.84</ele>
  </trkpt>
  <trkpt lat="-6.77127002" lon="107.62257004">
   <ele>1713.07</ele>
  </trkpt>
  <trkpt lat="-6.77124001" lon="107.62257004">
   <ele>1713.34</ele>
  </trkpt>
  <trkpt lat="-6.77123004" lon="107.62254003">
   <ele>1713.31</ele>
  </trkpt>
  <trkpt lat="-6.77121998" lon="107.62252000">
   <ele>1713.3</ele>
  </trkpt>
  <trkpt lat="-6.77118997" lon="107.62252000">
   <ele>1713.54</ele>
  </trkpt>
  <trkpt lat="-6.77117002" lon="107.62255001">
   <ele>1713.86</ele>
  </trkpt>
  <trkpt lat="-6.77115996" lon="107.62258999">
   <ele>1714.18</ele>
  </trkpt>
  <trkpt lat="-6.77114999" lon="107.62262000">
   <ele>1714.46</ele>
  </trkpt>
  <trkpt lat="-6.77114001" lon="107.62265000">
   <ele>1714.76</ele>
  </trkpt>
  <trkpt lat="-6.77111998" lon="107.62268001">
   <ele>1715.19</ele>
  </trkpt>
  <trkpt lat="-6.77110003" lon="107.62271002">
   <ele>1715.64</ele>
  </trkpt>
  <trkpt lat="-6.77108000" lon="107.62272997">
   <ele>1715.98</ele>
  </trkpt>
  <trkpt lat="-6.77104999" lon="107.62274003">
   <ele>1716.32</ele>
  </trkpt>
  <trkpt lat="-6.77102996" lon="107.62275000">
   <ele>1716.53</ele>
  </trkpt>
  <trkpt lat="-6.77101001" lon="107.62278001">
   <ele>1716.74</ele>
  </trkpt>
  <trkpt lat="-6.77098000" lon="107.62278998">
   <ele>1717.03</ele>
  </trkpt>
  <trkpt lat="-6.77095997" lon="107.62281002">
   <ele>1717.32</ele>
  </trkpt>
  <trkpt lat="-6.77092996" lon="107.62281999">
   <ele>1717.61</ele>
  </trkpt>
  <trkpt lat="-6.77090004" lon="107.62281999">
   <ele>1717.82</ele>
  </trkpt>
  <trkpt lat="-6.77087003" lon="107.62281002">
   <ele>1717.97</ele>
  </trkpt>
  <trkpt lat="-6.77084003" lon="107.62281002">
   <ele>1718.18</ele>
  </trkpt>
  <trkpt lat="-6.77081002" lon="107.62281002">
   <ele>1718.3</ele>
  </trkpt>
  <trkpt lat="-6.77078001" lon="107.62280004">
   <ele>1718.27</ele>
  </trkpt>
  <trkpt lat="-6.77075998" lon="107.62278998">
   <ele>1718.17</ele>
  </trkpt>
  <trkpt lat="-6.77072997" lon="107.62277003">
   <ele>1718.04</ele>
  </trkpt>
  <trkpt lat="-6.77069996" lon="107.62277003">
   <ele>1718.03</ele>
  </trkpt>
  <trkpt lat="-6.77067004" lon="107.62278998">
   <ele>1718.27</ele>
  </trkpt>
  <trkpt lat="-6.77065001" lon="107.62280004">
   <ele>1718.53</ele>
  </trkpt>
  <trkpt lat="-6.77062000" lon="107.62281002">
   <ele>1718.86</ele>
  </trkpt>
  <trkpt lat="-6.77058999" lon="107.62281999">
   <ele>1719.24</ele>
  </trkpt>
  <trkpt lat="-6.77055001" lon="107.62281002">
   <ele>1719.14</ele>
  </trkpt>
  <trkpt lat="-6.77052001" lon="107.62280004">
   <ele>1719.4</ele>
  </trkpt>
  <trkpt lat="-6.77049000" lon="107.62280004">
   <ele>1719.97</ele>
  </trkpt>
  <trkpt lat="-6.77048002" lon="107.62277003">
   <ele>1719.6</ele>
  </trkpt>
  <trkpt lat="-6.77045999" lon="107.62275000">
   <ele>1719.96</ele>
  </trkpt>
  <trkpt lat="-6.77045002" lon="107.62271002">
   <ele>1720.04</ele>
  </trkpt>
  <trkpt lat="-6.77042998" lon="107.62268001">
   <ele>1720.36</ele>
  </trkpt>
  <trkpt lat="-6.77041003" lon="107.62265000">
   <ele>1720.68</ele>
  </trkpt>
  <trkpt lat="-6.77039998" lon="107.62262997">
   <ele>1720.83</ele>
  </trkpt>
  <trkpt lat="-6.77036997" lon="107.62259996">
   <ele>1721.37</ele>
  </trkpt>
  <trkpt lat="-6.77035999" lon="107.62258002">
   <ele>1721.51</ele>
  </trkpt>
  <trkpt lat="-6.77035002" lon="107.62255001">
   <ele>1721.62</ele>
  </trkpt>
  <trkpt lat="-6.77032999" lon="107.62251003">
   <ele>1721.91</ele>
  </trkpt>
  <trkpt lat="-6.77032001" lon="107.62248002">
   <ele>1722.06</ele>
  </trkpt>
  <trkpt lat="-6.77031004" lon="107.62245001">
   <ele>1722.21</ele>
  </trkpt>
  <trkpt lat="-6.77028003" lon="107.62242998">
   <ele>1722.71</ele>
  </trkpt>
  <trkpt lat="-6.77025002" lon="107.62242001">
   <ele>1723.41</ele>
  </trkpt>
  <trkpt lat="-6.77020996" lon="107.62242001">
   <ele>1724.42</ele>
  </trkpt>
  <trkpt lat="-6.77018004" lon="107.62241003">
   <ele>1725.14</ele>
  </trkpt>
  <trkpt lat="-6.77015003" lon="107.62241003">
   <ele>1725.9</ele>
  </trkpt>
  <trkpt lat="-6.77012002" lon="107.62239997">
   <ele>1726.62</ele>
  </trkpt>
  <trkpt lat="-6.77009001" lon="107.62238002">
   <ele>1727.3</ele>
  </trkpt>
  <trkpt lat="-6.77006001" lon="107.62236997">
   <ele>1728.02</ele>
  </trkpt>
  <trkpt lat="-6.77003997" lon="107.62235999">
   <ele>1728.49</ele>
  </trkpt>
  <trkpt lat="-6.77000997" lon="107.62235002">
   <ele>1729.21</ele>
  </trkpt>
  <trkpt lat="-6.76996998" lon="107.62233996">
   <ele>1729.27</ele>
  </trkpt>
  <trkpt lat="-6.76993998" lon="107.62233996">
   <ele>1729.11</ele>
  </trkpt>
  <trkpt lat="-6.76990000" lon="107.62233996">
   <ele>1728.9</ele>
  </trkpt>
  <trkpt lat="-6.76985004" lon="107.62235002">
   <ele>1728.79</ele>
  </trkpt>
  <trkpt lat="-6.76980997" lon="107.62235002">
   <ele>1728.61</ele>
  </trkpt>
  <trkpt lat="-6.76977997" lon="107.62235002">
   <ele>1728.48</ele>
  </trkpt>
  <trkpt lat="-6.76977997" lon="107.62239000">
   <ele>1729.31</ele>
  </trkpt>
  <trkpt lat="-6.76980000" lon="107.62241003">
   <ele>1729.72</ele>
  </trkpt>
  <trkpt lat="-6.76977997" lon="107.62242998">
   <ele>1730.13</ele>
  </trkpt>
  <trkpt lat="-6.76974996" lon="107.62245001">
   <ele>1730.65</ele>
  </trkpt>
  <trkpt lat="-6.76972004" lon="107.62245999">
   <ele>1730.96</ele>
  </trkpt>
  <trkpt lat="-6.76970000" lon="107.62245999">
   <ele>1730.66</ele>
  </trkpt>
  <trkpt lat="-6.76966002" lon="107.62245999">
   <ele>1730.07</ele>
  </trkpt>
  <trkpt lat="-6.76963001" lon="107.62245001">
   <ele>1729.44</ele>
  </trkpt>
  <trkpt lat="-6.76960001" lon="107.62244004">
   <ele>1728.86</ele>
  </trkpt>
  <trkpt lat="-6.76957000" lon="107.62242001">
   <ele>1728.19</ele>
  </trkpt>
  <trkpt lat="-6.76953999" lon="107.62242001">
   <ele>1727.84</ele>
  </trkpt>
  <trkpt lat="-6.76950001" lon="107.62242001">
   <ele>1727.37</ele>
  </trkpt>
  <trkpt lat="-6.76947998" lon="107.62242001">
   <ele>1727.13</ele>
  </trkpt>
  <trkpt lat="-6.76944000" lon="107.62242001">
   <ele>1726.76</ele>
  </trkpt>
  <trkpt lat="-6.76940999" lon="107.62242998">
   <ele>1727.15</ele>
  </trkpt>
  <trkpt lat="-6.76937998" lon="107.62244004">
   <ele>1727.59</ele>
  </trkpt>
  <trkpt lat="-6.76934998" lon="107.62245001">
   <ele>1728.09</ele>
  </trkpt>
  <trkpt lat="-6.76933003" lon="107.62244004">
   <ele>1728.22</ele>
  </trkpt>
  <trkpt lat="-6.76930999" lon="107.62242001">
   <ele>1728.16</ele>
  </trkpt>
  <trkpt lat="-6.76928996" lon="107.62239997">
   <ele>1728.02</ele>
  </trkpt>
  <trkpt lat="-6.76926004" lon="107.62239000">
   <ele>1728.08</ele>
  </trkpt>
  <trkpt lat="-6.76924000" lon="107.62235999">
   <ele>1727.58</ele>
  </trkpt>
  <trkpt lat="-6.76923003" lon="107.62232998">
   <ele>1726.94</ele>
  </trkpt>
  <trkpt lat="-6.76921997" lon="107.62229998">
   <ele>1726.25</ele>
  </trkpt>
  <trkpt lat="-6.76921997" lon="107.62226997">
   <ele>1725.53</ele>
  </trkpt>
  <trkpt lat="-6.76921997" lon="107.62223996">
   <ele>1724.81</ele>
  </trkpt>
  <trkpt lat="-6.76921997" lon="107.62221004">
   <ele>1724.34</ele>
  </trkpt>
  <trkpt lat="-6.76921997" lon="107.62218003">
   <ele>1724.24</ele>
  </trkpt>
  <trkpt lat="-6.76924000" lon="107.62215002">
   <ele>1724.18</ele>
  </trkpt>
  <trkpt lat="-6.76923003" lon="107.62210996">
   <ele>1724</ele>
  </trkpt>
  <trkpt lat="-6.76923003" lon="107.62208004">
   <ele>1723.87</ele>
  </trkpt>
  <trkpt lat="-6.76921000" lon="107.62205003">
   <ele>1723.83</ele>
  </trkpt>
  <trkpt lat="-6.76920002" lon="107.62202002">
   <ele>1723.8</ele>
  </trkpt>
  <trkpt lat="-6.76917002" lon="107.62199999">
   <ele>1723.98</ele>
  </trkpt>
  <trkpt lat="-6.76911998" lon="107.62186001">
   <ele>1723.9</ele>
  </trkpt>
  <trkpt lat="-6.76910003" lon="107.62182003">
   <ele>1723.82</ele>
  </trkpt>
  <trkpt lat="-6.76907999" lon="107.62179002">
   <ele>1723.82</ele>
  </trkpt>
  <trkpt lat="-6.76904999" lon="107.62179002">
   <ele>1724.15</ele>
  </trkpt>
  <trkpt lat="-6.76904001" lon="107.62176999">
   <ele>1724.11</ele>
  </trkpt>
  <trkpt lat="-6.76901001" lon="107.62175004">
   <ele>1724.29</ele>
  </trkpt>
  <trkpt lat="-6.76898997" lon="107.62173998">
   <ele>1724.44</ele>
  </trkpt>
  <trkpt lat="-6.76895997" lon="107.62173001">
   <ele>1724.69</ele>
  </trkpt>
  <trkpt lat="-6.76892996" lon="107.62170997">
   <ele>1724.87</ele>
  </trkpt>
  <trkpt lat="-6.76891998" lon="107.62167997">
   <ele>1724.76</ele>
  </trkpt>
  <trkpt lat="-6.76890003" lon="107.62166002">
   <ele>1724.9</ele>
  </trkpt>
  <trkpt lat="-6.76888000" lon="107.62163999">
   <ele>1725.13</ele>
  </trkpt>
  <trkpt lat="-6.76887003" lon="107.62160998">
   <ele>1725.3</ele>
  </trkpt>
  <trkpt lat="-6.76885997" lon="107.62157997">
   <ele>1725.48</ele>
  </trkpt>
  <trkpt lat="-6.76884002" lon="107.62154996">
   <ele>1725.74</ele>
  </trkpt>
  <trkpt lat="-6.76884999" lon="107.62152004">
   <ele>1725.82</ele>
  </trkpt>
  <trkpt lat="-6.76887003" lon="107.62150998">
   <ele>1725.71</ele>
  </trkpt>
  <trkpt lat="-6.76888998" lon="107.62147998">
   <ele>1725.66</ele>
  </trkpt>
  <trkpt lat="-6.76888000" lon="107.62143999">
   <ele>1725.9</ele>
  </trkpt>
  <trkpt lat="-6.76888000" lon="107.62141996">
   <ele>1725.98</ele>
  </trkpt>
  <trkpt lat="-6.76888998" lon="107.62137998">
   <ele>1725.89</ele>
  </trkpt>
  <trkpt lat="-6.76890003" lon="107.62134997">
   <ele>1725.48</ele>
  </trkpt>
  <trkpt lat="-6.76891001" lon="107.62130999">
   <ele>1724.98</ele>
  </trkpt>
  <trkpt lat="-6.76891001" lon="107.62127998">
   <ele>1724.69</ele>
  </trkpt>
  <trkpt lat="-6.76891001" lon="107.62124998">
   <ele>1724.39</ele>
  </trkpt>
  <trkpt lat="-6.76891001" lon="107.62121997">
   <ele>1724.09</ele>
  </trkpt>
  <trkpt lat="-6.76891998" lon="107.62117999">
   <ele>1723.66</ele>
  </trkpt>
  <trkpt lat="-6.76891998" lon="107.62114998">
   <ele>1723.37</ele>
  </trkpt>
  <trkpt lat="-6.76891998" lon="107.62111997">
   <ele>1723.09</ele>
  </trkpt>
  <trkpt lat="-6.76892996" lon="107.62108997">
   <ele>1723.82</ele>
  </trkpt>
  <trkpt lat="-6.76894999" lon="107.62106004">
   <ele>1724.98</ele>
  </trkpt>
  <trkpt lat="-6.76895997" lon="107.62103003">
   <ele>1726.14</ele>
  </trkpt>
  <trkpt lat="-6.76894002" lon="107.62100003">
   <ele>1727.33</ele>
  </trkpt>
  <trkpt lat="-6.76892996" lon="107.62097002">
   <ele>1728.51</ele>
  </trkpt>
  <trkpt lat="-6.76891998" lon="107.62094001">
   <ele>1729.71</ele>
  </trkpt>
  <trkpt lat="-6.76892996" lon="107.62091001">
   <ele>1730.86</ele>
  </trkpt>
  <trkpt lat="-6.76891998" lon="107.62088000">
   <ele>1732.06</ele>
  </trkpt>
  <trkpt lat="-6.76891998" lon="107.62084002">
   <ele>1733.63</ele>
  </trkpt>
  <trkpt lat="-6.76892996" lon="107.62081001">
   <ele>1733.81</ele>
  </trkpt>
  <trkpt lat="-6.76894999" lon="107.62078998">
   <ele>1733.73</ele>
  </trkpt>
  <trkpt lat="-6.76897002" lon="107.62077003">
   <ele>1733.68</ele>
  </trkpt>
  <trkpt lat="-6.76900003" lon="107.62075997">
   <ele>1733.65</ele>
  </trkpt>
  <trkpt lat="-6.76901998" lon="107.62075000">
   <ele>1733.65</ele>
  </trkpt>
  <trkpt lat="-6.76904001" lon="107.62071999">
   <ele>1733.71</ele>
  </trkpt>
  <trkpt lat="-6.76905996" lon="107.62071001">
   <ele>1733.76</ele>
  </trkpt>
  <trkpt lat="-6.76907999" lon="107.62068001">
   <ele>1733.9</ele>
  </trkpt>
  <trkpt lat="-6.76910003" lon="107.62065000">
   <ele>1734.08</ele>
  </trkpt>
  <trkpt lat="-6.76911998" lon="107.62064002">
   <ele>1734.21</ele>
  </trkpt>
  <trkpt lat="-6.76914998" lon="107.62062997">
   <ele>1734.39</ele>
  </trkpt>
  <trkpt lat="-6.76917999" lon="107.62062997">
   <ele>1734.37</ele>
  </trkpt>
  <trkpt lat="-6.76921000" lon="107.62065000">
   <ele>1734.06</ele>
  </trkpt>
  <trkpt lat="-6.76923003" lon="107.62065000">
   <ele>1733.95</ele>
  </trkpt>
  <trkpt lat="-6.76926004" lon="107.62064002">
   <ele>1733.79</ele>
  </trkpt>
  <trkpt lat="-6.76928996" lon="107.62064002">
   <ele>1733.6</ele>
  </trkpt>
  <trkpt lat="-6.76931997" lon="107.62062997">
   <ele>1733.4</ele>
  </trkpt>
  <trkpt lat="-6.76934998" lon="107.62061999">
   <ele>1733.17</ele>
  </trkpt>
  <trkpt lat="-6.76937998" lon="107.62061999">
   <ele>1732.94</ele>
  </trkpt>
  <trkpt lat="-6.76940999" lon="107.62061999">
   <ele>1732.72</ele>
  </trkpt>
  <trkpt lat="-6.76944000" lon="107.62061002">
   <ele>1732.43</ele>
  </trkpt>
  <trkpt lat="-6.76947000" lon="107.62061999">
   <ele>1732.49</ele>
  </trkpt>
  <trkpt lat="-6.76950001" lon="107.62061999">
   <ele>1732.51</ele>
  </trkpt>
  <trkpt lat="-6.76953002" lon="107.62061002">
   <ele>1732.45</ele>
  </trkpt>
  <trkpt lat="-6.76954997" lon="107.62058998">
   <ele>1732.3</ele>
  </trkpt>
  <trkpt lat="-6.76957997" lon="107.62059996">
   <ele>1732.4</ele>
  </trkpt>
  <trkpt lat="-6.76960998" lon="107.62059996">
   <ele>1732.42</ele>
  </trkpt>
  <trkpt lat="-6.76964996" lon="107.62058998">
   <ele>1732.34</ele>
  </trkpt>
  <trkpt lat="-6.76966002" lon="107.62057004">
   <ele>1732.14</ele>
  </trkpt>
  <trkpt lat="-6.76967997" lon="107.62054003">
   <ele>1732.22</ele>
  </trkpt>
  <trkpt lat="-6.76970000" lon="107.62052000">
   <ele>1732.45</ele>
  </trkpt>
  <trkpt lat="-6.76973001" lon="107.62051002">
   <ele>1732.48</ele>
  </trkpt>
  <trkpt lat="-6.76976999" lon="107.62049996">
   <ele>1732.5</ele>
  </trkpt>
  <trkpt lat="-6.76980000" lon="107.62049996">
   <ele>1732.43</ele>
  </trkpt>
  <trkpt lat="-6.76983001" lon="107.62048001">
   <ele>1732.5</ele>
  </trkpt>
  <trkpt lat="-6.76986999" lon="107.62048001">
   <ele>1732.38</ele>
  </trkpt>
  <trkpt lat="-6.76990000" lon="107.62047004">
   <ele>1732.33</ele>
  </trkpt>
  <trkpt lat="-6.76993000" lon="107.62047004">
   <ele>1732.23</ele>
  </trkpt>
  <trkpt lat="-6.76996998" lon="107.62045998">
   <ele>1732.11</ele>
  </trkpt>
  <trkpt lat="-6.76999002" lon="107.62045998">
   <ele>1732.04</ele>
  </trkpt>
  <trkpt lat="-6.77003000" lon="107.62045001">
   <ele>1732</ele>
  </trkpt>
  <trkpt lat="-6.77006001" lon="107.62045001">
   <ele>1732</ele>
  </trkpt>
  <trkpt lat="-6.77009001" lon="107.62044003">
   <ele>1732</ele>
  </trkpt>
  <trkpt lat="-6.77010996" lon="107.62038999">
   <ele>1732</ele>
  </trkpt>
  <trkpt lat="-6.77013000" lon="107.62035001">
   <ele>1732</ele>
  </trkpt>
  <trkpt lat="-6.77013000" lon="107.62029997">
   <ele>1732</ele>
  </trkpt>
  <trkpt lat="-6.77012002" lon="107.62026996">
   <ele>1731.91</ele>
  </trkpt>
  <trkpt lat="-6.77009999" lon="107.62024004">
   <ele>1731.58</ele>
  </trkpt>
  <trkpt lat="-6.77009999" lon="107.62021003">
   <ele>1731.25</ele>
  </trkpt>
  <trkpt lat="-6.77009999" lon="107.62018003">
   <ele>1730.92</ele>
  </trkpt>
 </trkseg>
</trk>
<trk>
 <name>Track 241</name>
 <trkseg>
  <trkpt lat="-6.76891001" lon="107.62085997">
   <ele>1732.88</ele>
  </trkpt>
  <trkpt lat="-6.76890003" lon="107.62082996">
   <ele>1733.95</ele>
  </trkpt>
  <trkpt lat="-6.76891001" lon="107.62078998">
   <ele>1733.8</ele>
  </trkpt>
  <trkpt lat="-6.76891998" lon="107.62075997">
   <ele>1733.71</ele>
  </trkpt>
  <trkpt lat="-6.76891998" lon="107.62072996">
   <ele>1733.64</ele>
  </trkpt>
  <trkpt lat="-6.76891998" lon="107.62070004">
   <ele>1733.57</ele>
  </trkpt>
  <trkpt lat="-6.76891001" lon="107.62067003">
   <ele>1733.47</ele>
  </trkpt>
  <trkpt lat="-6.76890003" lon="107.62064002">
   <ele>1733.35</ele>
  </trkpt>
  <trkpt lat="-6.76890003" lon="107.62061002">
   <ele>1733.25</ele>
  </trkpt>
  <trkpt lat="-6.76888998" lon="107.62058001">
   <ele>1733.09</ele>
  </trkpt>
  <trkpt lat="-6.76887003" lon="107.62055998">
   <ele>1733.22</ele>
  </trkpt>
  <trkpt lat="-6.76884002" lon="107.62054003">
   <ele>1734.31</ele>
  </trkpt>
  <trkpt lat="-6.76881001" lon="107.62052997">
   <ele>1734.97</ele>
  </trkpt>
  <trkpt lat="-6.76878001" lon="107.62052000">
   <ele>1735.5</ele>
  </trkpt>
  <trkpt lat="-6.76875997" lon="107.62049996">
   <ele>1736.21</ele>
  </trkpt>
  <trkpt lat="-6.76872997" lon="107.62048001">
   <ele>1736.7</ele>
  </trkpt>
  <trkpt lat="-6.76871002" lon="107.62047004">
   <ele>1736.8</ele>
  </trkpt>
  <trkpt lat="-6.76868001" lon="107.62045001">
   <ele>1736.86</ele>
  </trkpt>
  <trkpt lat="-6.76865000" lon="107.62042000">
   <ele>1736.74</ele>
  </trkpt>
  <trkpt lat="-6.76864003" lon="107.62038999">
   <ele>1736.74</ele>
  </trkpt>
  <trkpt lat="-6.76864003" lon="107.62035999">
   <ele>1736.93</ele>
  </trkpt>
  <trkpt lat="-6.76862000" lon="107.62034004">
   <ele>1736.33</ele>
  </trkpt>
  <trkpt lat="-6.76859996" lon="107.62032000">
   <ele>1736.25</ele>
  </trkpt>
  <trkpt lat="-6.76857004" lon="107.62029000">
   <ele>1737</ele>
  </trkpt>
  <trkpt lat="-6.76855001" lon="107.62028002">
   <ele>1737.53</ele>
  </trkpt>
  <trkpt lat="-6.76852000" lon="107.62025001">
   <ele>1739</ele>
  </trkpt>
  <trkpt lat="-6.76848002" lon="107.62022998">
   <ele>1740.44</ele>
  </trkpt>
  <trkpt lat="-6.76845999" lon="107.62022001">
   <ele>1741.13</ele>
  </trkpt>
  <trkpt lat="-6.76842998" lon="107.62019000">
   <ele>1742.47</ele>
  </trkpt>
  <trkpt lat="-6.76842000" lon="107.62016997">
   <ele>1743.12</ele>
  </trkpt>
  <trkpt lat="-6.76839000" lon="107.62015002">
   <ele>1744.15</ele>
  </trkpt>
  <trkpt lat="-6.76835999" lon="107.62012999">
   <ele>1745.14</ele>
  </trkpt>
  <trkpt lat="-6.76832998" lon="107.62011004">
   <ele>1746.1</ele>
  </trkpt>
  <trkpt lat="-6.76831003" lon="107.62009000">
   <ele>1746.97</ele>
  </trkpt>
  <trkpt lat="-6.76829000" lon="107.62006000">
   <ele>1748.01</ele>
  </trkpt>
  <trkpt lat="-6.76825999" lon="107.62003996">
   <ele>1749.13</ele>
  </trkpt>
  <trkpt lat="-6.76822999" lon="107.62002002">
   <ele>1750.24</ele>
  </trkpt>
  <trkpt lat="-6.76819998" lon="107.62001004">
   <ele>1751.18</ele>
  </trkpt>
  <trkpt lat="-6.76816997" lon="107.61999001">
   <ele>1752.08</ele>
  </trkpt>
  <trkpt lat="-6.76815002" lon="107.61998003">
   <ele>1752.5</ele>
  </trkpt>
  <trkpt lat="-6.76812002" lon="107.61996000">
   <ele>1753.03</ele>
  </trkpt>
  <trkpt lat="-6.76809998" lon="107.61996000">
   <ele>1753.47</ele>
  </trkpt>
  <trkpt lat="-6.76808003" lon="107.61993997">
   <ele>1753.65</ele>
  </trkpt>
  <trkpt lat="-6.76806000" lon="107.61990996">
   <ele>1753.63</ele>
  </trkpt>
  <trkpt lat="-6.76802002" lon="107.61992002">
   <ele>1754.23</ele>
  </trkpt>
  <trkpt lat="-6.76799001" lon="107.61990996">
   <ele>1754.48</ele>
  </trkpt>
  <trkpt lat="-6.76795003" lon="107.61989001">
   <ele>1754.85</ele>
  </trkpt>
  <trkpt lat="-6.76790996" lon="107.61989001">
   <ele>1755.39</ele>
  </trkpt>
  <trkpt lat="-6.76786998" lon="107.61986998">
   <ele>1755.98</ele>
  </trkpt>
  <trkpt lat="-6.76783998" lon="107.61986998">
   <ele>1756.45</ele>
  </trkpt>
  <trkpt lat="-6.76780997" lon="107.61986000">
   <ele>1756.99</ele>
  </trkpt>
  <trkpt lat="-6.76777996" lon="107.61985003">
   <ele>1757.58</ele>
  </trkpt>
  <trkpt lat="-6.76775004" lon="107.61983000">
   <ele>1758.1</ele>
  </trkpt>
  <trkpt lat="-6.76773001" lon="107.61983000">
   <ele>1758.29</ele>
  </trkpt>
  <trkpt lat="-6.76770000" lon="107.61982002">
   <ele>1758.69</ele>
  </trkpt>
  <trkpt lat="-6.76767997" lon="107.61979999">
   <ele>1759.12</ele>
  </trkpt>
  <trkpt lat="-6.76765004" lon="107.61979002">
   <ele>1759.54</ele>
  </trkpt>
  <trkpt lat="-6.76762003" lon="107.61979002">
   <ele>1759.83</ele>
  </trkpt>
  <trkpt lat="-6.76759003" lon="107.61979002">
   <ele>1760.13</ele>
  </trkpt>
  <trkpt lat="-6.76756002" lon="107.61979002">
   <ele>1760.43</ele>
  </trkpt>
  <trkpt lat="-6.76752004" lon="107.61979002">
   <ele>1760.83</ele>
  </trkpt>
  <trkpt lat="-6.76749003" lon="107.61978004">
   <ele>1761.18</ele>
  </trkpt>
  <trkpt lat="-6.76743002" lon="107.61976998">
   <ele>1761.43</ele>
  </trkpt>
  <trkpt lat="-6.76739004" lon="107.61978004">
   <ele>1761.32</ele>
  </trkpt>
  <trkpt lat="-6.76739004" lon="107.61973998">
   <ele>1762.06</ele>
  </trkpt>
  <trkpt lat="-6.76737000" lon="107.61970997">
   <ele>1762.79</ele>
  </trkpt>
  <trkpt lat="-6.76734997" lon="107.61969002">
   <ele>1763.42</ele>
  </trkpt>
  <trkpt lat="-6.76731996" lon="107.61966999">
   <ele>1764.14</ele>
  </trkpt>
  <trkpt lat="-6.76730001" lon="107.61965004">
   <ele>1764.84</ele>
  </trkpt>
  <trkpt lat="-6.76727998" lon="107.61962003">
   <ele>1765.87</ele>
  </trkpt>
  <trkpt lat="-6.76724000" lon="107.61962003">
   <ele>1766.18</ele>
  </trkpt>
  <trkpt lat="-6.76720999" lon="107.61962003">
   <ele>1766.18</ele>
  </trkpt>
  <trkpt lat="-6.76718996" lon="107.61962003">
   <ele>1765.95</ele>
  </trkpt>
  <trkpt lat="-6.76716004" lon="107.61959002">
   <ele>1766.52</ele>
  </trkpt>
  <trkpt lat="-6.76716004" lon="107.61956002">
   <ele>1767.42</ele>
  </trkpt>
  <trkpt lat="-6.76713003" lon="107.61955004">
   <ele>1767.3</ele>
  </trkpt>
  <trkpt lat="-6.76710002" lon="107.61955004">
   <ele>1766.88</ele>
  </trkpt>
  <trkpt lat="-6.76707999" lon="107.61953001">
   <ele>1767.14</ele>
  </trkpt>
  <trkpt lat="-6.76706004" lon="107.61952003">
   <ele>1767.11</ele>
  </trkpt>
  <trkpt lat="-6.76704001" lon="107.61950000">
   <ele>1767.31</ele>
  </trkpt>
  <trkpt lat="-6.76704001" lon="107.61946999">
   <ele>1768.07</ele>
  </trkpt>
  <trkpt lat="-6.76707001" lon="107.61943999">
   <ele>1769.49</ele>
  </trkpt>
  <trkpt lat="-6.76707999" lon="107.61940998">
   <ele>1771.24</ele>
  </trkpt>
  <trkpt lat="-6.76711000" lon="107.61940001">
   <ele>1772.28</ele>
  </trkpt>
  <trkpt lat="-6.76713003" lon="107.61939003">
   <ele>1773.15</ele>
  </trkpt>
  <trkpt lat="-6.76716004" lon="107.61937997">
   <ele>1774.18</ele>
  </trkpt>
  <trkpt lat="-6.76718996" lon="107.61937997">
   <ele>1774.69</ele>
  </trkpt>
  <trkpt lat="-6.76721997" lon="107.61937000">
   <ele>1775.71</ele>
  </trkpt>
  <trkpt lat="-6.76724997" lon="107.61934997">
   <ele>1776.16</ele>
  </trkpt>
  <trkpt lat="-6.76727998" lon="107.61933999">
   <ele>1775.96</ele>
  </trkpt>
  <trkpt lat="-6.76730001" lon="107.61933002">
   <ele>1775.96</ele>
  </trkpt>
  <trkpt lat="-6.76733002" lon="107.61930998">
   <ele>1776.1</ele>
  </trkpt>
  <trkpt lat="-6.76736003" lon="107.61929004">
   <ele>1776.15</ele>
  </trkpt>
  <trkpt lat="-6.76739004" lon="107.61929004">
   <ele>1775.35</ele>
  </trkpt>
  <trkpt lat="-6.76741996" lon="107.61927998">
   <ele>1774.91</ele>
  </trkpt>
  <trkpt lat="-6.76744997" lon="107.61926003">
   <ele>1774.75</ele>
  </trkpt>
  <trkpt lat="-6.76747000" lon="107.61923002">
   <ele>1775.11</ele>
  </trkpt>
  <trkpt lat="-6.76749003" lon="107.61920001">
   <ele>1775.37</ele>
  </trkpt>
  <trkpt lat="-6.76747000" lon="107.61917998">
   <ele>1776.66</ele>
  </trkpt>
  <trkpt lat="-6.76743999" lon="107.61917001">
   <ele>1778.05</ele>
  </trkpt>
  <trkpt lat="-6.76740001" lon="107.61917001">
   <ele>1779.48</ele>
  </trkpt>
  <trkpt lat="-6.76737000" lon="107.61917001">
   <ele>1780.55</ele>
  </trkpt>
  <trkpt lat="-6.76734000" lon="107.61916003">
   <ele>1781.94</ele>
  </trkpt>
  <trkpt lat="-6.76731996" lon="107.61914997">
   <ele>1782.92</ele>
  </trkpt>
  <trkpt lat="-6.76729004" lon="107.61914000">
   <ele>1784.26</ele>
  </trkpt>
  <trkpt lat="-6.76727001" lon="107.61911997">
   <ele>1785.48</ele>
  </trkpt>
  <trkpt lat="-6.76724000" lon="107.61910999">
   <ele>1786.8</ele>
  </trkpt>
  <trkpt lat="-6.76720999" lon="107.61910002">
   <ele>1787.57</ele>
  </trkpt>
  <trkpt lat="-6.76720002" lon="107.61907001">
   <ele>1788.28</ele>
  </trkpt>
  <trkpt lat="-6.76717001" lon="107.61906004">
   <ele>1788.37</ele>
  </trkpt>
  <trkpt lat="-6.76714000" lon="107.61904998">
   <ele>1788.5</ele>
  </trkpt>
  <trkpt lat="-6.76711000" lon="107.61904000">
   <ele>1788.68</ele>
  </trkpt>
  <trkpt lat="-6.76707999" lon="107.61903003">
   <ele>1788.91</ele>
  </trkpt>
  <trkpt lat="-6.76704998" lon="107.61901997">
   <ele>1789.18</ele>
  </trkpt>
  <trkpt lat="-6.76701997" lon="107.61901997">
   <ele>1789.09</ele>
  </trkpt>
  <trkpt lat="-6.76698997" lon="107.61901000">
   <ele>1789.43</ele>
  </trkpt>
  <trkpt lat="-6.76695996" lon="107.61898996">
   <ele>1790.28</ele>
  </trkpt>
  <trkpt lat="-6.76694001" lon="107.61897001">
   <ele>1791.29</ele>
  </trkpt>
  <trkpt lat="-6.76691000" lon="107.61894998">
   <ele>1792.75</ele>
  </trkpt>
  <trkpt lat="-6.76688000" lon="107.61897001">
   <ele>1792.4</ele>
  </trkpt>
  <trkpt lat="-6.76684999" lon="107.61898996">
   <ele>1792.12</ele>
  </trkpt>
  <trkpt lat="-6.76681998" lon="107.61898996">
   <ele>1792.71</ele>
  </trkpt>
  <trkpt lat="-6.76678997" lon="107.61897999">
   <ele>1793.69</ele>
  </trkpt>
  <trkpt lat="-6.76675997" lon="107.61898996">
   <ele>1793.89</ele>
  </trkpt>
  <trkpt lat="-6.76675997" lon="107.61896004">
   <ele>1795.01</ele>
  </trkpt>
  <trkpt lat="-6.76674002" lon="107.61894001">
   <ele>1796.09</ele>
  </trkpt>
  <trkpt lat="-6.76672996" lon="107.61891000">
   <ele>1797.33</ele>
  </trkpt>
  <trkpt lat="-6.76671999" lon="107.61888997">
   <ele>1798.19</ele>
  </trkpt>
  <trkpt lat="-6.76671001" lon="107.61885996">
   <ele>1799.38</ele>
  </trkpt>
  <trkpt lat="-6.76671999" lon="107.61883004">
   <ele>1800.27</ele>
  </trkpt>
  <trkpt lat="-6.76671999" lon="107.61880003">
   <ele>1801.31</ele>
  </trkpt>
  <trkpt lat="-6.76670004" lon="107.61877002">
   <ele>1802.7</ele>
  </trkpt>
  <trkpt lat="-6.76670004" lon="107.61874001">
   <ele>1803.75</ele>
  </trkpt>
  <trkpt lat="-6.76670004" lon="107.61871001">
   <ele>1804.81</ele>
  </trkpt>
  <trkpt lat="-6.76668998" lon="107.61867003">
   <ele>1806.41</ele>
  </trkpt>
  <trkpt lat="-6.76668998" lon="107.61864002">
   <ele>1807.47</ele>
  </trkpt>
  <trkpt lat="-6.76665997" lon="107.61861999">
   <ele>1808.73</ele>
  </trkpt>
  <trkpt lat="-6.76665000" lon="107.61860004">
   <ele>1809.58</ele>
  </trkpt>
  <trkpt lat="-6.76664002" lon="107.61855997">
   <ele>1811.26</ele>
  </trkpt>
  <trkpt lat="-6.76664002" lon="107.61852996">
   <ele>1812.47</ele>
  </trkpt>
  <trkpt lat="-6.76662996" lon="107.61851002">
   <ele>1813.25</ele>
  </trkpt>
  <trkpt lat="-6.76660004" lon="107.61848998">
   <ele>1813.87</ele>
  </trkpt>
  <trkpt lat="-6.76658001" lon="107.61845998">
   <ele>1814.79</ele>
  </trkpt>
  <trkpt lat="-6.76655000" lon="107.61845000">
   <ele>1814.85</ele>
  </trkpt>
  <trkpt lat="-6.76651999" lon="107.61845998">
   <ele>1814.29</ele>
  </trkpt>
  <trkpt lat="-6.76648999" lon="107.61845000">
   <ele>1814.28</ele>
  </trkpt>
  <trkpt lat="-6.76648999" lon="107.61841999">
   <ele>1815.03</ele>
  </trkpt>
  <trkpt lat="-6.76645998" lon="107.61841002">
   <ele>1814.87</ele>
  </trkpt>
  <trkpt lat="-6.76642997" lon="107.61839996">
   <ele>1814.64</ele>
  </trkpt>
  <trkpt lat="-6.76639996" lon="107.61838001">
   <ele>1814.51</ele>
  </trkpt>
  <trkpt lat="-6.76639996" lon="107.61834003">
   <ele>1815.14</ele>
  </trkpt>
  <trkpt lat="-6.76639996" lon="107.61832000">
   <ele>1815.71</ele>
  </trkpt>
  <trkpt lat="-6.76638999" lon="107.61828002">
   <ele>1816.94</ele>
  </trkpt>
  <trkpt lat="-6.76639996" lon="107.61825001">
   <ele>1818.18</ele>
  </trkpt>
  <trkpt lat="-6.76638999" lon="107.61822998">
   <ele>1818.74</ele>
  </trkpt>
  <trkpt lat="-6.76638999" lon="107.61818999">
   <ele>1820.17</ele>
  </trkpt>
  <trkpt lat="-6.76642000" lon="107.61816996">
   <ele>1821.22</ele>
  </trkpt>
  <trkpt lat="-6.76642997" lon="107.61822000">
   <ele>1819.67</ele>
  </trkpt>
  <trkpt lat="-6.76645000" lon="107.61825001">
   <ele>1818.99</ele>
  </trkpt>
  <trkpt lat="-6.76647004" lon="107.61822000">
   <ele>1820.24</ele>
  </trkpt>
  <trkpt lat="-6.76648001" lon="107.61819997">
   <ele>1820.98</ele>
  </trkpt>
  <trkpt lat="-6.76648001" lon="107.61815999">
   <ele>1822.18</ele>
  </trkpt>
  <trkpt lat="-6.76645000" lon="107.61815001">
   <ele>1822.19</ele>
  </trkpt>
  <trkpt lat="-6.76645000" lon="107.61812001">
   <ele>1823.16</ele>
  </trkpt>
  <trkpt lat="-6.76644003" lon="107.61809000">
   <ele>1824.06</ele>
  </trkpt>
  <trkpt lat="-6.76642997" lon="107.61805999">
   <ele>1825</ele>
  </trkpt>
  <trkpt lat="-6.76642997" lon="107.61802998">
   <ele>1825.22</ele>
  </trkpt>
  <trkpt lat="-6.76645000" lon="107.61799998">
   <ele>1825.27</ele>
  </trkpt>
  <trkpt lat="-6.76645998" lon="107.61796997">
   <ele>1825.24</ele>
  </trkpt>
  <trkpt lat="-6.76645000" lon="107.61792999">
   <ele>1825.33</ele>
  </trkpt>
  <trkpt lat="-6.76645998" lon="107.61789998">
   <ele>1825.23</ele>
  </trkpt>
  <trkpt lat="-6.76644003" lon="107.61786997">
   <ele>1825.54</ele>
  </trkpt>
  <trkpt lat="-6.76641002" lon="107.61786000">
   <ele>1826.06</ele>
  </trkpt>
  <trkpt lat="-6.76638999" lon="107.61782999">
   <ele>1826.6</ele>
  </trkpt>
  <trkpt lat="-6.76637004" lon="107.61780996">
   <ele>1826.73</ele>
  </trkpt>
  <trkpt lat="-6.76635001" lon="107.61782002">
   <ele>1826.59</ele>
  </trkpt>
  <trkpt lat="-6.76632000" lon="107.61779001">
   <ele>1826.86</ele>
  </trkpt>
  <trkpt lat="-6.76629997" lon="107.61776998">
   <ele>1827.2</ele>
  </trkpt>
  <trkpt lat="-6.76628999" lon="107.61773997">
   <ele>1828</ele>
  </trkpt>
  <trkpt lat="-6.76628999" lon="107.61772002">
   <ele>1828.53</ele>
  </trkpt>
  <trkpt lat="-6.76628002" lon="107.61769001">
   <ele>1829.34</ele>
  </trkpt>
  <trkpt lat="-6.76625001" lon="107.61766001">
   <ele>1830.18</ele>
  </trkpt>
  <trkpt lat="-6.76622998" lon="107.61763997">
   <ele>1830.76</ele>
  </trkpt>
  <trkpt lat="-6.76622001" lon="107.61760997">
   <ele>1831.6</ele>
  </trkpt>
  <trkpt lat="-6.76621003" lon="107.61757996">
   <ele>1832.44</ele>
  </trkpt>
  <trkpt lat="-6.76621003" lon="107.61756001">
   <ele>1832.99</ele>
  </trkpt>
  <trkpt lat="-6.76619997" lon="107.61753000">
   <ele>1833.85</ele>
  </trkpt>
  <trkpt lat="-6.76616997" lon="107.61753000">
   <ele>1833.95</ele>
  </trkpt>
  <trkpt lat="-6.76614004" lon="107.61753000">
   <ele>1834.04</ele>
  </trkpt>
  <trkpt lat="-6.76611003" lon="107.61750997">
   <ele>1834.72</ele>
  </trkpt>
  <trkpt lat="-6.76609000" lon="107.61750000">
   <ele>1835.23</ele>
  </trkpt>
  <trkpt lat="-6.76606997" lon="107.61746999">
   <ele>1837.38</ele>
  </trkpt>
  <trkpt lat="-6.76605002" lon="107.61743998">
   <ele>1839.43</ele>
  </trkpt>
  <trkpt lat="-6.76602001" lon="107.61743998">
   <ele>1839.59</ele>
  </trkpt>
  <trkpt lat="-6.76599001" lon="107.61743001">
   <ele>1840.33</ele>
  </trkpt>
  <trkpt lat="-6.76596000" lon="107.61742003">
   <ele>1841.01</ele>
  </trkpt>
  <trkpt lat="-6.76593997" lon="107.61740000">
   <ele>1842.14</ele>
  </trkpt>
  <trkpt lat="-6.76589998" lon="107.61739003">
   <ele>1842.7</ele>
  </trkpt>
  <trkpt lat="-6.76586998" lon="107.61737997">
   <ele>1843.19</ele>
  </trkpt>
  <trkpt lat="-6.76583997" lon="107.61737997">
   <ele>1843.18</ele>
  </trkpt>
  <trkpt lat="-6.76582002" lon="107.61734996">
   <ele>1844.66</ele>
  </trkpt>
  <trkpt lat="-6.76580996" lon="107.61732004">
   <ele>1846.06</ele>
  </trkpt>
  <trkpt lat="-6.76579001" lon="107.61730000">
   <ele>1847.13</ele>
  </trkpt>
  <trkpt lat="-6.76579001" lon="107.61727000">
   <ele>1848.36</ele>
  </trkpt>
  <trkpt lat="-6.76576001" lon="107.61724996">
   <ele>1849.43</ele>
  </trkpt>
  <trkpt lat="-6.76576998" lon="107.61723001">
   <ele>1850.15</ele>
  </trkpt>
  <trkpt lat="-6.76578004" lon="107.61720001">
   <ele>1850.78</ele>
  </trkpt>
  <trkpt lat="-6.76576998" lon="107.61717000">
   <ele>1851.42</ele>
  </trkpt>
  <trkpt lat="-6.76576998" lon="107.61713999">
   <ele>1851.98</ele>
  </trkpt>
  <trkpt lat="-6.76573997" lon="107.61711996">
   <ele>1852.76</ele>
  </trkpt>
  <trkpt lat="-6.76569999" lon="107.61711996">
   <ele>1853.32</ele>
  </trkpt>
  <trkpt lat="-6.76569999" lon="107.61707998">
   <ele>1854.24</ele>
  </trkpt>
  <trkpt lat="-6.76569002" lon="107.61706003">
   <ele>1854.87</ele>
  </trkpt>
  <trkpt lat="-6.76569002" lon="107.61703002">
   <ele>1855.59</ele>
  </trkpt>
  <trkpt lat="-6.76566998" lon="107.61700002">
   <ele>1856.73</ele>
  </trkpt>
  <trkpt lat="-6.76566001" lon="107.61697001">
   <ele>1857.71</ele>
  </trkpt>
  <trkpt lat="-6.76566998" lon="107.61694000">
   <ele>1858.33</ele>
  </trkpt>
  <trkpt lat="-6.76566998" lon="107.61690999">
   <ele>1859.79</ele>
  </trkpt>
  <trkpt lat="-6.76567996" lon="107.61687999">
   <ele>1861.04</ele>
  </trkpt>
  <trkpt lat="-6.76570997" lon="107.61686004">
   <ele>1861.47</ele>
  </trkpt>
  <trkpt lat="-6.76570997" lon="107.61684000">
   <ele>1862.5</ele>
  </trkpt>
  <trkpt lat="-6.76567996" lon="107.61681997">
   <ele>1864</ele>
  </trkpt>
  <trkpt lat="-6.76566998" lon="107.61678996">
   <ele>1865.61</ele>
  </trkpt>
  <trkpt lat="-6.76567996" lon="107.61676004">
   <ele>1866.95</ele>
  </trkpt>
  <trkpt lat="-6.76567996" lon="107.61674001">
   <ele>1867.94</ele>
  </trkpt>
  <trkpt lat="-6.76567996" lon="107.61671000">
   <ele>1869.42</ele>
  </trkpt>
  <trkpt lat="-6.76569002" lon="107.61667999">
   <ele>1870.85</ele>
  </trkpt>
  <trkpt lat="-6.76569999" lon="107.61665996">
   <ele>1871.85</ele>
  </trkpt>
  <trkpt lat="-6.76569002" lon="107.61663004">
   <ele>1873.56</ele>
  </trkpt>
  <trkpt lat="-6.76567996" lon="107.61660003">
   <ele>1875.28</ele>
  </trkpt>
  <trkpt lat="-6.76566001" lon="107.61658000">
   <ele>1876.5</ele>
  </trkpt>
  <trkpt lat="-6.76565004" lon="107.61654999">
   <ele>1878.24</ele>
  </trkpt>
  <trkpt lat="-6.76563998" lon="107.61651998">
   <ele>1879.98</ele>
  </trkpt>
  <trkpt lat="-6.76565004" lon="107.61648998">
   <ele>1881.62</ele>
  </trkpt>
  <trkpt lat="-6.76566001" lon="107.61644999">
   <ele>1883.81</ele>
  </trkpt>
  <trkpt lat="-6.76566998" lon="107.61641999">
   <ele>1885.43</ele>
  </trkpt>
  <trkpt lat="-6.76566998" lon="107.61640004">
   <ele>1886.55</ele>
  </trkpt>
  <trkpt lat="-6.76567996" lon="107.61637003">
   <ele>1888.21</ele>
  </trkpt>
  <trkpt lat="-6.76569002" lon="107.61634002">
   <ele>1889.86</ele>
  </trkpt>
  <trkpt lat="-6.76567996" lon="107.61631002">
   <ele>1891.74</ele>
  </trkpt>
  <trkpt lat="-6.76565004" lon="107.61627004">
   <ele>1894.58</ele>
  </trkpt>
  <trkpt lat="-6.76566998" lon="107.61625000">
   <ele>1895.44</ele>
  </trkpt>
  <trkpt lat="-6.76567996" lon="107.61622997">
   <ele>1896.43</ele>
  </trkpt>
  <trkpt lat="-6.76569002" lon="107.61619996">
   <ele>1897.98</ele>
  </trkpt>
  <trkpt lat="-6.76569999" lon="107.61617004">
   <ele>1899.47</ele>
  </trkpt>
  <trkpt lat="-6.76569999" lon="107.61614003">
   <ele>1901.19</ele>
  </trkpt>
  <trkpt lat="-6.76567996" lon="107.61609997">
   <ele>1903.88</ele>
  </trkpt>
  <trkpt lat="-6.76566998" lon="107.61606996">
   <ele>1905.45</ele>
  </trkpt>
  <trkpt lat="-6.76565004" lon="107.61605001">
   <ele>1906.92</ele>
  </trkpt>
  <trkpt lat="-6.76563000" lon="107.61602998">
   <ele>1908.42</ele>
  </trkpt>
  <trkpt lat="-6.76566001" lon="107.61602998">
   <ele>1907.46</ele>
  </trkpt>
  <trkpt lat="-6.76567996" lon="107.61599997">
   <ele>1908.08</ele>
  </trkpt>
  <trkpt lat="-6.76569002" lon="107.61596996">
   <ele>1908.99</ele>
  </trkpt>
  <trkpt lat="-6.76569002" lon="107.61594004">
   <ele>1910.24</ele>
  </trkpt>
  <trkpt lat="-6.76569002" lon="107.61591003">
   <ele>1911.49</ele>
  </trkpt>
  <trkpt lat="-6.76566001" lon="107.61589000">
   <ele>1913.44</ele>
  </trkpt>
  <trkpt lat="-6.76563998" lon="107.61588003">
   <ele>1914.63</ele>
  </trkpt>
  <trkpt lat="-6.76562003" lon="107.61585999">
   <ele>1916.27</ele>
  </trkpt>
  <trkpt lat="-6.76557996" lon="107.61582001">
   <ele>1919.6</ele>
  </trkpt>
  <trkpt lat="-6.76556999" lon="107.61579000">
   <ele>1921.29</ele>
  </trkpt>
  <trkpt lat="-6.76555004" lon="107.61576997">
   <ele>1922.75</ele>
  </trkpt>
  <trkpt lat="-6.76553998" lon="107.61575002">
   <ele>1923.66</ele>
  </trkpt>
  <trkpt lat="-6.76552003" lon="107.61572999">
   <ele>1924.67</ele>
  </trkpt>
  <trkpt lat="-6.76549003" lon="107.61572999">
   <ele>1924.84</ele>
  </trkpt>
  <trkpt lat="-6.76543001" lon="107.61573996">
   <ele>1924.64</ele>
  </trkpt>
  <trkpt lat="-6.76539003" lon="107.61575002">
   <ele>1924.26</ele>
  </trkpt>
  <trkpt lat="-6.76534996" lon="107.61576000">
   <ele>1923.8</ele>
  </trkpt>
  <trkpt lat="-6.76532004" lon="107.61576000">
   <ele>1923.89</ele>
  </trkpt>
  <trkpt lat="-6.76529003" lon="107.61576000">
   <ele>1923.98</ele>
  </trkpt>
  <trkpt lat="-6.76527997" lon="107.61578003">
   <ele>1922.65</ele>
  </trkpt>
  <trkpt lat="-6.76524997" lon="107.61578003">
   <ele>1922.51</ele>
  </trkpt>
  <trkpt lat="-6.76521996" lon="107.61578003">
   <ele>1922.37</ele>
  </trkpt>
  <trkpt lat="-6.76519004" lon="107.61579998">
   <ele>1921.01</ele>
  </trkpt>
  <trkpt lat="-6.76516003" lon="107.61582001">
   <ele>1919.77</ele>
  </trkpt>
  <trkpt lat="-6.76514000" lon="107.61581004">
   <ele>1920.3</ele>
  </trkpt>
  <trkpt lat="-6.76510999" lon="107.61579000">
   <ele>1921.3</ele>
  </trkpt>
  <trkpt lat="-6.76509004" lon="107.61578003">
   <ele>1921.74</ele>
  </trkpt>
  <trkpt lat="-6.76506003" lon="107.61576997">
   <ele>1922.08</ele>
  </trkpt>
  <trkpt lat="-6.76503003" lon="107.61575002">
   <ele>1922.83</ele>
  </trkpt>
  <trkpt lat="-6.76500002" lon="107.61575002">
   <ele>1922.6</ele>
  </trkpt>
  <trkpt lat="-6.76497999" lon="107.61573996">
   <ele>1922.29</ele>
  </trkpt>
  <trkpt lat="-6.76494998" lon="107.61572999">
   <ele>1921.62</ele>
  </trkpt>
  <trkpt lat="-6.76493003" lon="107.61571004">
   <ele>1921.78</ele>
  </trkpt>
  <trkpt lat="-6.76490002" lon="107.61571004">
   <ele>1920.69</ele>
  </trkpt>
  <trkpt lat="-6.76487002" lon="107.61569998">
   <ele>1920.06</ele>
  </trkpt>
  <trkpt lat="-6.76484998" lon="107.61568003">
   <ele>1920.28</ele>
  </trkpt>
  <trkpt lat="-6.76483003" lon="107.61565003">
   <ele>1921</ele>
  </trkpt>
  <trkpt lat="-6.76481998" lon="107.61562002">
   <ele>1922.08</ele>
  </trkpt>
  <trkpt lat="-6.76481000" lon="107.61559001">
   <ele>1923.19</ele>
  </trkpt>
  <trkpt lat="-6.76481998" lon="107.61556000">
   <ele>1924.96</ele>
  </trkpt>
  <trkpt lat="-6.76481000" lon="107.61553997">
   <ele>1926.36</ele>
  </trkpt>
  <trkpt lat="-6.76478997" lon="107.61553000">
   <ele>1926.7</ele>
  </trkpt>
  <trkpt lat="-6.76475996" lon="107.61552002">
   <ele>1926.76</ele>
  </trkpt>
  <trkpt lat="-6.76477002" lon="107.61549002">
   <ele>1930.03</ele>
  </trkpt>
  <trkpt lat="-6.76475996" lon="107.61546001">
   <ele>1932.72</ele>
  </trkpt>
  <trkpt lat="-6.76474999" lon="107.61543998">
   <ele>1934.42</ele>
  </trkpt>
  <trkpt lat="-6.76473004" lon="107.61542003">
   <ele>1935.88</ele>
  </trkpt>
  <trkpt lat="-6.76474001" lon="107.61539002">
   <ele>1939.15</ele>
  </trkpt>
  <trkpt lat="-6.76473004" lon="107.61535004">
   <ele>1942.91</ele>
  </trkpt>
  <trkpt lat="-6.76474001" lon="107.61532003">
   <ele>1946.16</ele>
  </trkpt>
  <trkpt lat="-6.76474001" lon="107.61529002">
   <ele>1949.16</ele>
  </trkpt>
  <trkpt lat="-6.76475996" lon="107.61526002">
   <ele>1952.34</ele>
  </trkpt>
  <trkpt lat="-6.76477999" lon="107.61523998">
   <ele>1954.48</ele>
  </trkpt>
  <trkpt lat="-6.76480003" lon="107.61522003">
   <ele>1956.61</ele>
  </trkpt>
  <trkpt lat="-6.76481998" lon="107.61520000">
   <ele>1958.73</ele>
  </trkpt>
  <trkpt lat="-6.76486004" lon="107.61516002">
   <ele>1962.94</ele>
  </trkpt>
  <trkpt lat="-6.76490002" lon="107.61513001">
   <ele>1966.27</ele>
  </trkpt>
  <trkpt lat="-6.76490002" lon="107.61510001">
   <ele>1968.79</ele>
  </trkpt>
  <trkpt lat="-6.76487999" lon="107.61510998">
   <ele>1967.56</ele>
  </trkpt>
  <trkpt lat="-6.76486004" lon="107.61509003">
   <ele>1968.86</ele>
  </trkpt>
  <trkpt lat="-6.76484001" lon="107.61507000">
   <ele>1970.18</ele>
  </trkpt>
  <trkpt lat="-6.76484001" lon="107.61504997">
   <ele>1971.88</ele>
  </trkpt>
  <trkpt lat="-6.76483003" lon="107.61501996">
   <ele>1974.24</ele>
  </trkpt>
  <trkpt lat="-6.76481998" lon="107.61499004">
   <ele>1976.18</ele>
  </trkpt>
  <trkpt lat="-6.76483003" lon="107.61496003">
   <ele>1977.56</ele>
  </trkpt>
  <trkpt lat="-6.76480003" lon="107.61494997">
   <ele>1977.57</ele>
  </trkpt>
  <trkpt lat="-6.76477999" lon="107.61490999">
   <ele>1979.1</ele>
  </trkpt>
  <trkpt lat="-6.76477002" lon="107.61487998">
   <ele>1980.39</ele>
  </trkpt>
  <trkpt lat="-6.76477002" lon="107.61484997">
   <ele>1981.77</ele>
  </trkpt>
  <trkpt lat="-6.76477002" lon="107.61483002">
   <ele>1982.69</ele>
  </trkpt>
  <trkpt lat="-6.76474999" lon="107.61480002">
   <ele>1984.08</ele>
  </trkpt>
  <trkpt lat="-6.76473004" lon="107.61477998">
   <ele>1985.07</ele>
  </trkpt>
  <trkpt lat="-6.76471001" lon="107.61474998">
   <ele>1986.64</ele>
  </trkpt>
  <trkpt lat="-6.76468997" lon="107.61473003">
   <ele>1987.8</ele>
  </trkpt>
  <trkpt lat="-6.76464999" lon="107.61473003">
   <ele>1988.05</ele>
  </trkpt>
  <trkpt lat="-6.76462996" lon="107.61470002">
   <ele>1990.29</ele>
  </trkpt>
  <trkpt lat="-6.76464002" lon="107.61467001">
   <ele>1992.41</ele>
  </trkpt>
  <trkpt lat="-6.76464002" lon="107.61464001">
   <ele>1994.6</ele>
  </trkpt>
  <trkpt lat="-6.76461998" lon="107.61461997">
   <ele>1996.23</ele>
  </trkpt>
  <trkpt lat="-6.76461001" lon="107.61458997">
   <ele>1998.52</ele>
  </trkpt>
  <trkpt lat="-6.76462996" lon="107.61457002">
   <ele>1999.81</ele>
  </trkpt>
  <trkpt lat="-6.76464002" lon="107.61454001">
   <ele>2001.91</ele>
  </trkpt>
  <trkpt lat="-6.76464002" lon="107.61451000">
   <ele>2004.1</ele>
  </trkpt>
  <trkpt lat="-6.76464999" lon="107.61448000">
   <ele>2006.19</ele>
  </trkpt>
  <trkpt lat="-6.76465997" lon="107.61444999">
   <ele>2008.27</ele>
  </trkpt>
  <trkpt lat="-6.76467002" lon="107.61443004">
   <ele>2008.93</ele>
  </trkpt>
  <trkpt lat="-6.76464999" lon="107.61438997">
   <ele>2010.15</ele>
  </trkpt>
  <trkpt lat="-6.76464002" lon="107.61440003">
   <ele>2010.01</ele>
  </trkpt>
  <trkpt lat="-6.76464002" lon="107.61441998">
   <ele>2009.5</ele>
  </trkpt>
  <trkpt lat="-6.76458998" lon="107.61441998">
   <ele>2010.04</ele>
  </trkpt>
  <trkpt lat="-6.76455997" lon="107.61434999">
   <ele>2012.13</ele>
  </trkpt>
  <trkpt lat="-6.76458000" lon="107.61434002">
   <ele>2012.17</ele>
  </trkpt>
  <trkpt lat="-6.76458998" lon="107.61431001">
   <ele>2012.82</ele>
  </trkpt>
  <trkpt lat="-6.76458000" lon="107.61428000">
   <ele>2013.68</ele>
  </trkpt>
  <trkpt lat="-6.76455997" lon="107.61425000">
   <ele>2014.65</ele>
  </trkpt>
  <trkpt lat="-6.76452996" lon="107.61424002">
   <ele>2015.23</ele>
  </trkpt>
  <trkpt lat="-6.76452996" lon="107.61421002">
   <ele>2015.98</ele>
  </trkpt>
  <trkpt lat="-6.76451001" lon="107.61418998">
   <ele>2016.7</ele>
  </trkpt>
  <trkpt lat="-6.76451001" lon="107.61415998">
   <ele>2017.42</ele>
  </trkpt>
  <trkpt lat="-6.76448998" lon="107.61412997">
   <ele>2018.19</ele>
  </trkpt>
  <trkpt lat="-6.76448998" lon="107.61409996">
   <ele>2018.75</ele>
  </trkpt>
  <trkpt lat="-6.76448001" lon="107.61407004">
   <ele>2019.4</ele>
  </trkpt>
  <trkpt lat="-6.76448001" lon="107.61402997">
   <ele>2020.14</ele>
  </trkpt>
  <trkpt lat="-6.76451001" lon="107.61398999">
   <ele>2020.62</ele>
  </trkpt>
  <trkpt lat="-6.76450004" lon="107.61397004">
   <ele>2021.08</ele>
  </trkpt>
  <trkpt lat="-6.76448001" lon="107.61394003">
   <ele>2021.8</ele>
  </trkpt>
  <trkpt lat="-6.76447003" lon="107.61391003">
   <ele>2022.43</ele>
  </trkpt>
  <trkpt lat="-6.76448001" lon="107.61388002">
   <ele>2022.81</ele>
  </trkpt>
  <trkpt lat="-6.76448001" lon="107.61385001">
   <ele>2023.04</ele>
  </trkpt>
  <trkpt lat="-6.76447003" lon="107.61382001">
   <ele>2023.33</ele>
  </trkpt>
  <trkpt lat="-6.76445997" lon="107.61379000">
   <ele>2023.62</ele>
  </trkpt>
  <trkpt lat="-6.76442997" lon="107.61376997">
   <ele>2024</ele>
  </trkpt>
  <trkpt lat="-6.76441999" lon="107.61375002">
   <ele>2024.31</ele>
  </trkpt>
  <trkpt lat="-6.76442997" lon="107.61372001">
   <ele>2024.45</ele>
  </trkpt>
  <trkpt lat="-6.76441999" lon="107.61368003">
   <ele>2025.01</ele>
  </trkpt>
  <trkpt lat="-6.76444002" lon="107.61363996">
   <ele>2024.91</ele>
  </trkpt>
  <trkpt lat="-6.76441999" lon="107.61362001">
   <ele>2025.61</ele>
  </trkpt>
  <trkpt lat="-6.76438998" lon="107.61361004">
   <ele>2026.59</ele>
  </trkpt>
  <trkpt lat="-6.76437004" lon="107.61359001">
   <ele>2027.61</ele>
  </trkpt>
  <trkpt lat="-6.76435998" lon="107.61356000">
   <ele>2028.55</ele>
  </trkpt>
  <trkpt lat="-6.76437004" lon="107.61352999">
   <ele>2028.95</ele>
  </trkpt>
  <trkpt lat="-6.76438001" lon="107.61349998">
   <ele>2029.38</ele>
  </trkpt>
  <trkpt lat="-6.76439996" lon="107.61346998">
   <ele>2029.59</ele>
  </trkpt>
  <trkpt lat="-6.76441002" lon="107.61345003">
   <ele>2029.84</ele>
  </trkpt>
  <trkpt lat="-6.76441002" lon="107.61342002">
   <ele>2030.55</ele>
  </trkpt>
  <trkpt lat="-6.76439996" lon="107.61339001">
   <ele>2031.47</ele>
  </trkpt>
  <trkpt lat="-6.76439996" lon="107.61336001">
   <ele>2032.17</ele>
  </trkpt>
  <trkpt lat="-6.76439996" lon="107.61332002">
   <ele>2033.11</ele>
  </trkpt>
  <trkpt lat="-6.76438998" lon="107.61329002">
   <ele>2033.92</ele>
  </trkpt>
  <trkpt lat="-6.76438001" lon="107.61326001">
   <ele>2034.66</ele>
  </trkpt>
  <trkpt lat="-6.76437004" lon="107.61323998">
   <ele>2035.13</ele>
  </trkpt>
  <trkpt lat="-6.76434003" lon="107.61322003">
   <ele>2035.61</ele>
  </trkpt>
  <trkpt lat="-6.76432000" lon="107.61320000">
   <ele>2035.93</ele>
  </trkpt>
  <trkpt lat="-6.76429996" lon="107.61317996">
   <ele>2036.15</ele>
  </trkpt>
  <trkpt lat="-6.76428001" lon="107.61315004">
   <ele>2036.33</ele>
  </trkpt>
  <trkpt lat="-6.76427004" lon="107.61312003">
   <ele>2036.46</ele>
  </trkpt>
  <trkpt lat="-6.76425001" lon="107.61309003">
   <ele>2036.38</ele>
  </trkpt>
  <trkpt lat="-6.76422000" lon="107.61306999">
   <ele>2035.96</ele>
  </trkpt>
  <trkpt lat="-6.76415998" lon="107.61303001">
   <ele>2034.74</ele>
  </trkpt>
  <trkpt lat="-6.76412998" lon="107.61297000">
   <ele>2033.81</ele>
  </trkpt>
  <trkpt lat="-6.76412000" lon="107.61293999">
   <ele>2033.48</ele>
  </trkpt>
  <trkpt lat="-6.76409997" lon="107.61290998">
   <ele>2032.92</ele>
  </trkpt>
  <trkpt lat="-6.76409000" lon="107.61284997">
   <ele>2032.53</ele>
  </trkpt>
  <trkpt lat="-6.76408002" lon="107.61280001">
   <ele>2032.18</ele>
  </trkpt>
  <trkpt lat="-6.76408002" lon="107.61277000">
   <ele>2032.12</ele>
  </trkpt>
  <trkpt lat="-6.76408002" lon="107.61273002">
   <ele>2032.07</ele>
  </trkpt>
  <trkpt lat="-6.76409000" lon="107.61270002">
   <ele>2032.27</ele>
  </trkpt>
  <trkpt lat="-6.76411003" lon="107.61267001">
   <ele>2032.7</ele>
  </trkpt>
  <trkpt lat="-6.76411003" lon="107.61263003">
   <ele>2032.67</ele>
  </trkpt>
  <trkpt lat="-6.76412000" lon="107.61260999">
   <ele>2032.89</ele>
  </trkpt>
  <trkpt lat="-6.76412000" lon="107.61257999">
   <ele>2032.87</ele>
  </trkpt>
  <trkpt lat="-6.76412000" lon="107.61254000">
   <ele>2032.85</ele>
  </trkpt>
  <trkpt lat="-6.76412000" lon="107.61251000">
   <ele>2032.83</ele>
  </trkpt>
  <trkpt lat="-6.76414004" lon="107.61247999">
   <ele>2033.11</ele>
  </trkpt>
  <trkpt lat="-6.76415001" lon="107.61244998">
   <ele>2033.03</ele>
  </trkpt>
  <trkpt lat="-6.76415001" lon="107.61241998">
   <ele>2032.7</ele>
  </trkpt>
  <trkpt lat="-6.76415998" lon="107.61238997">
   <ele>2032.63</ele>
  </trkpt>
  <trkpt lat="-6.76416996" lon="107.61235996">
   <ele>2032.52</ele>
  </trkpt>
  <trkpt lat="-6.76416996" lon="107.61233004">
   <ele>2032.2</ele>
  </trkpt>
  <trkpt lat="-6.76418002" lon="107.61228997">
   <ele>2031.9</ele>
  </trkpt>
  <trkpt lat="-6.76418002" lon="107.61225997">
   <ele>2031.59</ele>
  </trkpt>
  <trkpt lat="-6.76416996" lon="107.61222996">
   <ele>2031.13</ele>
  </trkpt>
  <trkpt lat="-6.76416996" lon="107.61220003">
   <ele>2030.73</ele>
  </trkpt>
  <trkpt lat="-6.76418999" lon="107.61215997">
   <ele>2030.53</ele>
  </trkpt>
  <trkpt lat="-6.76419997" lon="107.61212996">
   <ele>2030.35</ele>
  </trkpt>
  <trkpt lat="-6.76422000" lon="107.61210004">
   <ele>2030.43</ele>
  </trkpt>
  <trkpt lat="-6.76422997" lon="107.61208001">
   <ele>2030.45</ele>
  </trkpt>
  <trkpt lat="-6.76424003" lon="107.61204002">
   <ele>2030.3</ele>
  </trkpt>
  <trkpt lat="-6.76422997" lon="107.61201002">
   <ele>2029.73</ele>
  </trkpt>
  <trkpt lat="-6.76422997" lon="107.61197004">
   <ele>2029.32</ele>
  </trkpt>
  <trkpt lat="-6.76422997" lon="107.61194003">
   <ele>2029.03</ele>
  </trkpt>
  <trkpt lat="-6.76422997" lon="107.61191002">
   <ele>2028.92</ele>
  </trkpt>
  <trkpt lat="-6.76424003" lon="107.61188001">
   <ele>2029.16</ele>
  </trkpt>
  <trkpt lat="-6.76425998" lon="107.61185001">
   <ele>2029.8</ele>
  </trkpt>
  <trkpt lat="-6.76427004" lon="107.61182997">
   <ele>2030.14</ele>
  </trkpt>
  <trkpt lat="-6.76428001" lon="107.61179997">
   <ele>2030.48</ele>
  </trkpt>
  <trkpt lat="-6.76429996" lon="107.61176996">
   <ele>2031.27</ele>
  </trkpt>
  <trkpt lat="-6.76431002" lon="107.61172998">
   <ele>2031.69</ele>
  </trkpt>
  <trkpt lat="-6.76432000" lon="107.61169997">
   <ele>2032.15</ele>
  </trkpt>
  <trkpt lat="-6.76432000" lon="107.61166996">
   <ele>2032.17</ele>
  </trkpt>
  <trkpt lat="-6.76432997" lon="107.61164004">
   <ele>2032.14</ele>
  </trkpt>
  <trkpt lat="-6.76432997" lon="107.61161003">
   <ele>2031.58</ele>
  </trkpt>
  <trkpt lat="-6.76435000" lon="107.61158003">
   <ele>2032.01</ele>
  </trkpt>
  <trkpt lat="-6.76438001" lon="107.61156997">
   <ele>2033.35</ele>
  </trkpt>
  <trkpt lat="-6.76438998" lon="107.61152999">
   <ele>2033.19</ele>
  </trkpt>
  <trkpt lat="-6.76439996" lon="107.61149998">
   <ele>2033.23</ele>
  </trkpt>
  <trkpt lat="-6.76441002" lon="107.61146997">
   <ele>2033.29</ele>
  </trkpt>
  <trkpt lat="-6.76441002" lon="107.61143996">
   <ele>2032.82</ele>
  </trkpt>
  <trkpt lat="-6.76441999" lon="107.61139998">
   <ele>2032.76</ele>
  </trkpt>
  <trkpt lat="-6.76442997" lon="107.61138003">
   <ele>2032.98</ele>
  </trkpt>
  <trkpt lat="-6.76445000" lon="107.61135003">
   <ele>2033.28</ele>
  </trkpt>
  <trkpt lat="-6.76445997" lon="107.61130996">
   <ele>2032.65</ele>
  </trkpt>
  <trkpt lat="-6.76448001" lon="107.61128004">
   <ele>2032.47</ele>
  </trkpt>
  <trkpt lat="-6.76448001" lon="107.61125003">
   <ele>2031.83</ele>
  </trkpt>
  <trkpt lat="-6.76448998" lon="107.61120996">
   <ele>2031.23</ele>
  </trkpt>
  <trkpt lat="-6.76448998" lon="107.61118004">
   <ele>2030.6</ele>
  </trkpt>
  <trkpt lat="-6.76448998" lon="107.61113998">
   <ele>2029.75</ele>
  </trkpt>
  <trkpt lat="-6.76448001" lon="107.61110997">
   <ele>2028.91</ele>
  </trkpt>
  <trkpt lat="-6.76448001" lon="107.61106999">
   <ele>2029.5</ele>
  </trkpt>
  <trkpt lat="-6.76448001" lon="107.61103998">
   <ele>2029.95</ele>
  </trkpt>
  <trkpt lat="-6.76447003" lon="107.61100997">
   <ele>2030.23</ele>
  </trkpt>
  <trkpt lat="-6.76445997" lon="107.61097996">
   <ele>2030.57</ele>
  </trkpt>
  <trkpt lat="-6.76445997" lon="107.61095004">
   <ele>2031.06</ele>
  </trkpt>
  <trkpt lat="-6.76447003" lon="107.61092003">
   <ele>2031.64</ele>
  </trkpt>
  <trkpt lat="-6.76447003" lon="107.61087997">
   <ele>2032.27</ele>
  </trkpt>
  <trkpt lat="-6.76447003" lon="107.61084996">
   <ele>2032.74</ele>
  </trkpt>
  <trkpt lat="-6.76447003" lon="107.61082004">
   <ele>2032.85</ele>
  </trkpt>
  <trkpt lat="-6.76447003" lon="107.61079003">
   <ele>2032.5</ele>
  </trkpt>
  <trkpt lat="-6.76447003" lon="107.61074997">
   <ele>2032.04</ele>
  </trkpt>
  <trkpt lat="-6.76448001" lon="107.61071996">
   <ele>2031.67</ele>
  </trkpt>
  <trkpt lat="-6.76448998" lon="107.61069003">
   <ele>2031.28</ele>
  </trkpt>
  <trkpt lat="-6.76448998" lon="107.61066003">
   <ele>2030.92</ele>
  </trkpt>
  <trkpt lat="-6.76448998" lon="107.61063002">
   <ele>2030.56</ele>
  </trkpt>
  <trkpt lat="-6.76448998" lon="107.61059004">
   <ele>2030.08</ele>
  </trkpt>
  <trkpt lat="-6.76450004" lon="107.61057001">
   <ele>2029.78</ele>
  </trkpt>
  <trkpt lat="-6.76451999" lon="107.61053002">
   <ele>2029.33</ele>
  </trkpt>
  <trkpt lat="-6.76451999" lon="107.61050002">
   <ele>2029.18</ele>
  </trkpt>
  <trkpt lat="-6.76454002" lon="107.61047001">
   <ele>2029.02</ele>
  </trkpt>
  <trkpt lat="-6.76454002" lon="107.61043003">
   <ele>2028.89</ele>
  </trkpt>
  <trkpt lat="-6.76454999" lon="107.61038996">
   <ele>2028.81</ele>
  </trkpt>
  <trkpt lat="-6.76455997" lon="107.61034998">
   <ele>2028.8</ele>
  </trkpt>
  <trkpt lat="-6.76457003" lon="107.61031997">
   <ele>2028.85</ele>
  </trkpt>
  <trkpt lat="-6.76458000" lon="107.61028997">
   <ele>2028.96</ele>
  </trkpt>
  <trkpt lat="-6.76458000" lon="107.61025996">
   <ele>2029.05</ele>
  </trkpt>
  <trkpt lat="-6.76458000" lon="107.61021998">
   <ele>2029.27</ele>
  </trkpt>
  <trkpt lat="-6.76458000" lon="107.61018997">
   <ele>2029.44</ele>
  </trkpt>
  <trkpt lat="-6.76458000" lon="107.61014999">
   <ele>2029.66</ele>
  </trkpt>
  <trkpt lat="-6.76458000" lon="107.61008000">
   <ele>2030.05</ele>
  </trkpt>
  <trkpt lat="-6.76460003" lon="107.61004002">
   <ele>2030.37</ele>
  </trkpt>
  <trkpt lat="-6.76461998" lon="107.61001001">
   <ele>2030.59</ele>
  </trkpt>
  <trkpt lat="-6.76461998" lon="107.60997003">
   <ele>2030.63</ele>
  </trkpt>
  <trkpt lat="-6.76461001" lon="107.60994002">
   <ele>2030.6</ele>
  </trkpt>
  <trkpt lat="-6.76460003" lon="107.60991002">
   <ele>2030.56</ele>
  </trkpt>
  <trkpt lat="-6.76458998" lon="107.60987003">
   <ele>2030.52</ele>
  </trkpt>
  <trkpt lat="-6.76457003" lon="107.60984003">
   <ele>2030.45</ele>
  </trkpt>
  <trkpt lat="-6.76455997" lon="107.60981999">
   <ele>2030.42</ele>
  </trkpt>
  <trkpt lat="-6.76455997" lon="107.60978999">
   <ele>2030.42</ele>
  </trkpt>
  <trkpt lat="-6.76455997" lon="107.60975998">
   <ele>2030.42</ele>
  </trkpt>
  <trkpt lat="-6.76457003" lon="107.60972000">
   <ele>2030.47</ele>
  </trkpt>
  <trkpt lat="-6.76457003" lon="107.60968999">
   <ele>2030.74</ele>
  </trkpt>
  <trkpt lat="-6.76457003" lon="107.60965998">
   <ele>2031</ele>
  </trkpt>
  <trkpt lat="-6.76457003" lon="107.60962998">
   <ele>2031.27</ele>
  </trkpt>
  <trkpt lat="-6.76457003" lon="107.60958999">
   <ele>2031.62</ele>
  </trkpt>
  <trkpt lat="-6.76457003" lon="107.60955001">
   <ele>2031.97</ele>
  </trkpt>
  <trkpt lat="-6.76455997" lon="107.60952001">
   <ele>2032.17</ele>
  </trkpt>
  <trkpt lat="-6.76455997" lon="107.60949000">
   <ele>2032.44</ele>
  </trkpt>
  <trkpt lat="-6.76454999" lon="107.60945002">
   <ele>2032.71</ele>
  </trkpt>
  <trkpt lat="-6.76454999" lon="107.60942001">
   <ele>2033.02</ele>
  </trkpt>
  <trkpt lat="-6.76454002" lon="107.60938003">
   <ele>2033.38</ele>
  </trkpt>
  <trkpt lat="-6.76452996" lon="107.60935002">
   <ele>2033.64</ele>
  </trkpt>
  <trkpt lat="-6.76452996" lon="107.60932999">
   <ele>2033.85</ele>
  </trkpt>
  <trkpt lat="-6.76451999" lon="107.60929001">
   <ele>2034.21</ele>
  </trkpt>
  <trkpt lat="-6.76451999" lon="107.60926000">
   <ele>2034.54</ele>
  </trkpt>
  <trkpt lat="-6.76451999" lon="107.60922002">
   <ele>2034.97</ele>
  </trkpt>
  <trkpt lat="-6.76451001" lon="107.60919001">
   <ele>2035.22</ele>
  </trkpt>
  <trkpt lat="-6.76450004" lon="107.60916000">
   <ele>2035.49</ele>
  </trkpt>
  <trkpt lat="-6.76448998" lon="107.60912002">
   <ele>2035.91</ele>
  </trkpt>
  <trkpt lat="-6.76450004" lon="107.60908004">
   <ele>2036.52</ele>
  </trkpt>
  <trkpt lat="-6.76450004" lon="107.60905003">
   <ele>2036.91</ele>
  </trkpt>
  <trkpt lat="-6.76451001" lon="107.60902002">
   <ele>2037.43</ele>
  </trkpt>
  <trkpt lat="-6.76451001" lon="107.60899002">
   <ele>2037.83</ele>
  </trkpt>
  <trkpt lat="-6.76451999" lon="107.60896001">
   <ele>2038.38</ele>
  </trkpt>
  <trkpt lat="-6.76451999" lon="107.60893000">
   <ele>2038.8</ele>
  </trkpt>
  <trkpt lat="-6.76451001" lon="107.60890000">
   <ele>2039.03</ele>
  </trkpt>
  <trkpt lat="-6.76448998" lon="107.60886999">
   <ele>2039.02</ele>
  </trkpt>
  <trkpt lat="-6.76448001" lon="107.60883001">
   <ele>2039.28</ele>
  </trkpt>
  <trkpt lat="-6.76447003" lon="107.60880000">
   <ele>2039.42</ele>
  </trkpt>
  <trkpt lat="-6.76447003" lon="107.60876999">
   <ele>2039.74</ele>
  </trkpt>
  <trkpt lat="-6.76445997" lon="107.60873999">
   <ele>2039.89</ele>
  </trkpt>
  <trkpt lat="-6.76445000" lon="107.60870998">
   <ele>2040.03</ele>
  </trkpt>
  <trkpt lat="-6.76445000" lon="107.60867997">
   <ele>2040.36</ele>
  </trkpt>
  <trkpt lat="-6.76445000" lon="107.60864996">
   <ele>2040.68</ele>
  </trkpt>
  <trkpt lat="-6.76445000" lon="107.60862004">
   <ele>2041</ele>
  </trkpt>
  <trkpt lat="-6.76444002" lon="107.60859003">
   <ele>2041.15</ele>
  </trkpt>
  <trkpt lat="-6.76442997" lon="107.60854997">
   <ele>2041.41</ele>
  </trkpt>
  <trkpt lat="-6.76442997" lon="107.60851996">
   <ele>2041.6</ele>
  </trkpt>
  <trkpt lat="-6.76444002" lon="107.60849004">
   <ele>2041.85</ele>
  </trkpt>
  <trkpt lat="-6.76442997" lon="107.60846003">
   <ele>2042</ele>
  </trkpt>
  <trkpt lat="-6.76441999" lon="107.60843002">
   <ele>2042.13</ele>
  </trkpt>
  <trkpt lat="-6.76441999" lon="107.60839004">
   <ele>2042.38</ele>
  </trkpt>
  <trkpt lat="-6.76442997" lon="107.60834998">
   <ele>2042.73</ele>
  </trkpt>
  <trkpt lat="-6.76441999" lon="107.60831997">
   <ele>2042.79</ele>
  </trkpt>
  <trkpt lat="-6.76439996" lon="107.60827999">
   <ele>2042.77</ele>
  </trkpt>
  <trkpt lat="-6.76437004" lon="107.60827001">
   <ele>2042.55</ele>
  </trkpt>
  <trkpt lat="-6.76435000" lon="107.60824998">
   <ele>2042.48</ele>
  </trkpt>
  <trkpt lat="-6.76435000" lon="107.60821000">
   <ele>2042.73</ele>
  </trkpt>
  <trkpt lat="-6.76434003" lon="107.60818996">
   <ele>2042.78</ele>
  </trkpt>
  <trkpt lat="-6.76432997" lon="107.60816004">
   <ele>2042.9</ele>
  </trkpt>
  <trkpt lat="-6.76432000" lon="107.60811998">
   <ele>2043.11</ele>
  </trkpt>
  <trkpt lat="-6.76431002" lon="107.60810003">
   <ele>2043.2</ele>
  </trkpt>
  <trkpt lat="-6.76428999" lon="107.60807002">
   <ele>2043.33</ele>
  </trkpt>
  <trkpt lat="-6.76428001" lon="107.60804001">
   <ele>2043.7</ele>
  </trkpt>
  <trkpt lat="-6.76425998" lon="107.60801001">
   <ele>2044.16</ele>
  </trkpt>
  <trkpt lat="-6.76424003" lon="107.60798997">
   <ele>2044.39</ele>
  </trkpt>
  <trkpt lat="-6.76422997" lon="107.60794999">
   <ele>2045.01</ele>
  </trkpt>
  <trkpt lat="-6.76422000" lon="107.60791998">
   <ele>2045.43</ele>
  </trkpt>
  <trkpt lat="-6.76419997" lon="107.60790003">
   <ele>2045.56</ele>
  </trkpt>
  <trkpt lat="-6.76416996" lon="107.60788000">
   <ele>2045.56</ele>
  </trkpt>
  <trkpt lat="-6.76415001" lon="107.60785997">
   <ele>2045.82</ele>
  </trkpt>
  <trkpt lat="-6.76414004" lon="107.60782996">
   <ele>2046.36</ele>
  </trkpt>
  <trkpt lat="-6.76412998" lon="107.60781001">
   <ele>2046.78</ele>
  </trkpt>
  <trkpt lat="-6.76412000" lon="107.60778001">
   <ele>2047.46</ele>
  </trkpt>
  <trkpt lat="-6.76409997" lon="107.60775000">
   <ele>2047.8</ele>
  </trkpt>
  <trkpt lat="-6.76408002" lon="107.60772997">
   <ele>2047.97</ele>
  </trkpt>
  <trkpt lat="-6.76405999" lon="107.60769996">
   <ele>2048.02</ele>
  </trkpt>
  <trkpt lat="-6.76404004" lon="107.60768001">
   <ele>2047.98</ele>
  </trkpt>
  <trkpt lat="-6.76402001" lon="107.60764003">
   <ele>2047.72</ele>
  </trkpt>
  <trkpt lat="-6.76401003" lon="107.60761002">
   <ele>2047.44</ele>
  </trkpt>
  <trkpt lat="-6.76399000" lon="107.60757004">
   <ele>2046.87</ele>
  </trkpt>
  <trkpt lat="-6.76396997" lon="107.60755998">
   <ele>2046.48</ele>
  </trkpt>
  <trkpt lat="-6.76392999" lon="107.60752997">
   <ele>2045.39</ele>
  </trkpt>
  <trkpt lat="-6.76392001" lon="107.60749997">
   <ele>2044.67</ele>
  </trkpt>
  <trkpt lat="-6.76391004" lon="107.60748002">
   <ele>2044.63</ele>
  </trkpt>
  <trkpt lat="-6.76389998" lon="107.60745001">
   <ele>2044.64</ele>
  </trkpt>
  <trkpt lat="-6.76389000" lon="107.60742000">
   <ele>2044.61</ele>
  </trkpt>
  <trkpt lat="-6.76388003" lon="107.60739000">
   <ele>2044.04</ele>
  </trkpt>
  <trkpt lat="-6.76388003" lon="107.60735999">
   <ele>2044.26</ele>
  </trkpt>
  <trkpt lat="-6.76388003" lon="107.60732998">
   <ele>2044.48</ele>
  </trkpt>
  <trkpt lat="-6.76386997" lon="107.60729997">
   <ele>2043.86</ele>
  </trkpt>
  <trkpt lat="-6.76386997" lon="107.60726997">
   <ele>2044.08</ele>
  </trkpt>
  <trkpt lat="-6.76386997" lon="107.60723996">
   <ele>2044.3</ele>
  </trkpt>
  <trkpt lat="-6.76385002" lon="107.60722001">
   <ele>2042.83</ele>
  </trkpt>
  <trkpt lat="-6.76382999" lon="107.60719998">
   <ele>2041.65</ele>
  </trkpt>
  <trkpt lat="-6.76381004" lon="107.60716997">
   <ele>2040.76</ele>
  </trkpt>
  <trkpt lat="-6.76379001" lon="107.60713996">
   <ele>2039.9</ele>
  </trkpt>
  <trkpt lat="-6.76378003" lon="107.60711004">
   <ele>2039.88</ele>
  </trkpt>
  <trkpt lat="-6.76376997" lon="107.60708003">
   <ele>2039.89</ele>
  </trkpt>
  <trkpt lat="-6.76376997" lon="107.60705003">
   <ele>2040.67</ele>
  </trkpt>
  <trkpt lat="-6.76376000" lon="107.60702002">
   <ele>2040.71</ele>
  </trkpt>
  <trkpt lat="-6.76373997" lon="107.60698004">
   <ele>2040.31</ele>
  </trkpt>
  <trkpt lat="-6.76373997" lon="107.60695003">
   <ele>2041.13</ele>
  </trkpt>
  <trkpt lat="-6.76373997" lon="107.60692002">
   <ele>2042.23</ele>
  </trkpt>
  <trkpt lat="-6.76372999" lon="107.60689002">
   <ele>2042.72</ele>
  </trkpt>
  <trkpt lat="-6.76372002" lon="107.60686998">
   <ele>2042.86</ele>
  </trkpt>
  <trkpt lat="-6.76370996" lon="107.60683998">
   <ele>2043.45</ele>
  </trkpt>
  <trkpt lat="-6.76369001" lon="107.60680997">
   <ele>2043.49</ele>
  </trkpt>
  <trkpt lat="-6.76366998" lon="107.60677996">
   <ele>2043.65</ele>
  </trkpt>
  <trkpt lat="-6.76366000" lon="107.60675004">
   <ele>2044.46</ele>
  </trkpt>
  <trkpt lat="-6.76365003" lon="107.60672003">
   <ele>2045.32</ele>
  </trkpt>
  <trkpt lat="-6.76363000" lon="107.60670997">
   <ele>2044.77</ele>
  </trkpt>
  <trkpt lat="-6.76362002" lon="107.60666999">
   <ele>2046.25</ele>
  </trkpt>
  <trkpt lat="-6.76360996" lon="107.60663998">
   <ele>2047.26</ele>
  </trkpt>
  <trkpt lat="-6.76359002" lon="107.60660998">
   <ele>2047.21</ele>
  </trkpt>
  <trkpt lat="-6.76356998" lon="107.60659003">
   <ele>2046.58</ele>
  </trkpt>
  <trkpt lat="-6.76355003" lon="107.60656002">
   <ele>2046.3</ele>
  </trkpt>
  <trkpt lat="-6.76353000" lon="107.60653999">
   <ele>2045.48</ele>
  </trkpt>
  <trkpt lat="-6.76350997" lon="107.60650998">
   <ele>2044.97</ele>
  </trkpt>
  <trkpt lat="-6.76349002" lon="107.60649003">
   <ele>2043.97</ele>
  </trkpt>
  <trkpt lat="-6.76347996" lon="107.60646002">
   <ele>2044.17</ele>
  </trkpt>
  <trkpt lat="-6.76345004" lon="107.60644997">
   <ele>2041.7</ele>
  </trkpt>
  <trkpt lat="-6.76342003" lon="107.60643002">
   <ele>2039.48</ele>
  </trkpt>
  <trkpt lat="-6.76339002" lon="107.60640001">
   <ele>2037.41</ele>
  </trkpt>
  <trkpt lat="-6.76336999" lon="107.60637000">
   <ele>2037.46</ele>
  </trkpt>
  <trkpt lat="-6.76335004" lon="107.60634997">
   <ele>2037.55</ele>
  </trkpt>
  <trkpt lat="-6.76333001" lon="107.60633002">
   <ele>2037.9</ele>
  </trkpt>
  <trkpt lat="-6.76329003" lon="107.60631996">
   <ele>2036</ele>
  </trkpt>
  <trkpt lat="-6.76326002" lon="107.60631996">
   <ele>2033.78</ele>
  </trkpt>
  <trkpt lat="-6.76322004" lon="107.60631996">
   <ele>2030.83</ele>
  </trkpt>
  <trkpt lat="-6.76319003" lon="107.60630001">
   <ele>2030.49</ele>
  </trkpt>
  <trkpt lat="-6.76317000" lon="107.60629004">
   <ele>2029.9</ele>
  </trkpt>
  <trkpt lat="-6.76314997" lon="107.60626003">
   <ele>2031.08</ele>
  </trkpt>
  <trkpt lat="-6.76313002" lon="107.60623002">
   <ele>2032.17</ele>
  </trkpt>
  <trkpt lat="-6.76310998" lon="107.60620999">
   <ele>2032.29</ele>
  </trkpt>
  <trkpt lat="-6.76309003" lon="107.60618996">
   <ele>2032.36</ele>
  </trkpt>
  <trkpt lat="-6.76307000" lon="107.60617001">
   <ele>2032.36</ele>
  </trkpt>
  <trkpt lat="-6.76304997" lon="107.60614000">
   <ele>2033.28</ele>
  </trkpt>
  <trkpt lat="-6.76303002" lon="107.60611997">
   <ele>2033.71</ele>
  </trkpt>
  <trkpt lat="-6.76300001" lon="107.60611000">
   <ele>2032.71</ele>
  </trkpt>
  <trkpt lat="-6.76297001" lon="107.60608996">
   <ele>2032.73</ele>
  </trkpt>
  <trkpt lat="-6.76294997" lon="107.60607999">
   <ele>2032.38</ele>
  </trkpt>
  <trkpt lat="-6.76293002" lon="107.60604998">
   <ele>2033.78</ele>
  </trkpt>
  <trkpt lat="-6.76290002" lon="107.60604001">
   <ele>2032.64</ele>
  </trkpt>
  <trkpt lat="-6.76287001" lon="107.60601997">
   <ele>2032.29</ele>
  </trkpt>
  <trkpt lat="-6.76284998" lon="107.60600002">
   <ele>2032.55</ele>
  </trkpt>
  <trkpt lat="-6.76281000" lon="107.60598997">
   <ele>2030.48</ele>
  </trkpt>
  <trkpt lat="-6.76278996" lon="107.60595996">
   <ele>2031.34</ele>
  </trkpt>
  <trkpt lat="-6.76277001" lon="107.60593004">
   <ele>2032.48</ele>
  </trkpt>
  <trkpt lat="-6.76274998" lon="107.60591000">
   <ele>2033.36</ele>
  </trkpt>
  <trkpt lat="-6.76271997" lon="107.60590003">
   <ele>2033.11</ele>
  </trkpt>
  <trkpt lat="-6.76270002" lon="107.60587002">
   <ele>2034.35</ele>
  </trkpt>
  <trkpt lat="-6.76268997" lon="107.60584999">
   <ele>2035.19</ele>
  </trkpt>
  <trkpt lat="-6.76267002" lon="107.60581998">
   <ele>2036.46</ele>
  </trkpt>
  <trkpt lat="-6.76264999" lon="107.60580003">
   <ele>2037.29</ele>
  </trkpt>
  <trkpt lat="-6.76264999" lon="107.60577003">
   <ele>2039.81</ele>
  </trkpt>
  <trkpt lat="-6.76263004" lon="107.60574002">
   <ele>2041.54</ele>
  </trkpt>
  <trkpt lat="-6.76261000" lon="107.60572996">
   <ele>2041.61</ele>
  </trkpt>
  <trkpt lat="-6.76258997" lon="107.60571001">
   <ele>2042.56</ele>
  </trkpt>
  <trkpt lat="-6.76257002" lon="107.60568998">
   <ele>2043.53</ele>
  </trkpt>
  <trkpt lat="-6.76254001" lon="107.60565997">
   <ele>2045.06</ele>
  </trkpt>
  <trkpt lat="-6.76251998" lon="107.60565000">
   <ele>2045.22</ele>
  </trkpt>
  <trkpt lat="-6.76248997" lon="107.60562996">
   <ele>2046.21</ele>
  </trkpt>
  <trkpt lat="-6.76247003" lon="107.60561999">
   <ele>2046.93</ele>
  </trkpt>
  <trkpt lat="-6.76244002" lon="107.60558998">
   <ele>2049.41</ele>
  </trkpt>
  <trkpt lat="-6.76241999" lon="107.60557003">
   <ele>2051.09</ele>
  </trkpt>
  <trkpt lat="-6.76240004" lon="107.60554003">
   <ele>2053.4</ele>
  </trkpt>
  <trkpt lat="-6.76235997" lon="107.60554003">
   <ele>2053.11</ele>
  </trkpt>
  <trkpt lat="-6.76234002" lon="107.60551999">
   <ele>2054.41</ele>
  </trkpt>
  <trkpt lat="-6.76231002" lon="107.60549996">
   <ele>2055.63</ele>
  </trkpt>
  <trkpt lat="-6.76228998" lon="107.60548001">
   <ele>2056.93</ele>
  </trkpt>
  <trkpt lat="-6.76227003" lon="107.60545998">
   <ele>2058.22</ele>
  </trkpt>
  <trkpt lat="-6.76224003" lon="107.60544003">
   <ele>2059.45</ele>
  </trkpt>
  <trkpt lat="-6.76221999" lon="107.60542997">
   <ele>2059.99</ele>
  </trkpt>
  <trkpt lat="-6.76219996" lon="107.60541002">
   <ele>2060.96</ele>
  </trkpt>
  <trkpt lat="-6.76217004" lon="107.60538999">
   <ele>2061.72</ele>
  </trkpt>
  <trkpt lat="-6.76214003" lon="107.60537004">
   <ele>2062.49</ele>
  </trkpt>
  <trkpt lat="-6.76212000" lon="107.60535998">
   <ele>2062.76</ele>
  </trkpt>
  <trkpt lat="-6.76208999" lon="107.60534003">
   <ele>2063.56</ele>
  </trkpt>
  <trkpt lat="-6.76205998" lon="107.60532000">
   <ele>2064.37</ele>
  </trkpt>
  <trkpt lat="-6.76204003" lon="107.60529997">
   <ele>2065.41</ele>
  </trkpt>
  <trkpt lat="-6.76202000" lon="107.60528999">
   <ele>2065.72</ele>
  </trkpt>
  <trkpt lat="-6.76198002" lon="107.60526996">
   <ele>2066.03</ele>
  </trkpt>
  <trkpt lat="-6.76195999" lon="107.60525999">
   <ele>2065.96</ele>
  </trkpt>
  <trkpt lat="-6.76192998" lon="107.60524004">
   <ele>2066.07</ele>
  </trkpt>
  <trkpt lat="-6.76191003" lon="107.60522000">
   <ele>2066.55</ele>
  </trkpt>
  <trkpt lat="-6.76188002" lon="107.60521003">
   <ele>2066.6</ele>
  </trkpt>
  <trkpt lat="-6.76185999" lon="107.60518002">
   <ele>2068.01</ele>
  </trkpt>
  <trkpt lat="-6.76185002" lon="107.60515999">
   <ele>2069.11</ele>
  </trkpt>
  <trkpt lat="-6.76182001" lon="107.60512998">
   <ele>2071.03</ele>
  </trkpt>
  <trkpt lat="-6.76179998" lon="107.60512001">
   <ele>2071.84</ele>
  </trkpt>
  <trkpt lat="-6.76175999" lon="107.60509998">
   <ele>2073.74</ele>
  </trkpt>
  <trkpt lat="-6.76172999" lon="107.60509000">
   <ele>2074.98</ele>
  </trkpt>
  <trkpt lat="-6.76169998" lon="107.60506997">
   <ele>2077.29</ele>
  </trkpt>
  <trkpt lat="-6.76166997" lon="107.60505999">
   <ele>2078.88</ele>
  </trkpt>
  <trkpt lat="-6.76163997" lon="107.60505002">
   <ele>2079.67</ele>
  </trkpt>
  <trkpt lat="-6.76160996" lon="107.60502999">
   <ele>2081.36</ele>
  </trkpt>
  <trkpt lat="-6.76158004" lon="107.60502001">
   <ele>2082.05</ele>
  </trkpt>
  <trkpt lat="-6.76153997" lon="107.60501004">
   <ele>2082.62</ele>
  </trkpt>
  <trkpt lat="-6.76150996" lon="107.60499001">
   <ele>2083.44</ele>
  </trkpt>
  <trkpt lat="-6.76149001" lon="107.60498003">
   <ele>2083.37</ele>
  </trkpt>
  <trkpt lat="-6.76146001" lon="107.60495002">
   <ele>2083.53</ele>
  </trkpt>
  <trkpt lat="-6.76143000" lon="107.60492999">
   <ele>2083.59</ele>
  </trkpt>
  <trkpt lat="-6.76139999" lon="107.60492002">
   <ele>2083.53</ele>
  </trkpt>
  <trkpt lat="-6.76136998" lon="107.60489998">
   <ele>2082.87</ele>
  </trkpt>
  <trkpt lat="-6.76133998" lon="107.60489001">
   <ele>2081.65</ele>
  </trkpt>
  <trkpt lat="-6.76132003" lon="107.60486998">
   <ele>2081.27</ele>
  </trkpt>
  <trkpt lat="-6.76130000" lon="107.60485003">
   <ele>2081.01</ele>
  </trkpt>
  <trkpt lat="-6.76126999" lon="107.60483997">
   <ele>2080.13</ele>
  </trkpt>
  <trkpt lat="-6.76123998" lon="107.60482002">
   <ele>2079.76</ele>
  </trkpt>
  <trkpt lat="-6.76120997" lon="107.60480996">
   <ele>2079.11</ele>
  </trkpt>
  <trkpt lat="-6.76117997" lon="107.60480996">
   <ele>2078.06</ele>
  </trkpt>
  <trkpt lat="-6.76114996" lon="107.60482002">
   <ele>2076.45</ele>
  </trkpt>
  <trkpt lat="-6.76112004" lon="107.60480996">
   <ele>2075.94</ele>
  </trkpt>
  <trkpt lat="-6.76114996" lon="107.60482002">
   <ele>2076.45</ele>
  </trkpt>
  <trkpt lat="-6.76116002" lon="107.60479001">
   <ele>2078.42</ele>
  </trkpt>
  <trkpt lat="-6.76100001" lon="107.60479001">
   <ele>2076.56</ele>
  </trkpt>
  <trkpt lat="-6.76102004" lon="107.60479999">
   <ele>2075.96</ele>
  </trkpt>
  <trkpt lat="-6.76097997" lon="107.60482999">
   <ele>2073.85</ele>
  </trkpt>
 </trkseg>
</trk>
 <extensions>
 </extensions>
</gpx>
