<?xml version="1.0" encoding="UTF-8" standalone="yes"?>
<gpx
 version="1.1"
 creator="Global Mapper - http://www.globalmapper.com"
 xmlns:globalmapper="http://www.bluemarblegeo.com/globalmapper"
 xmlns:xsi="http://www.w3.org/2001/XMLSchema-instance"
 xmlns="http://www.topografix.com/GPX/1/1"
 xsi:schemaLocation="http://www.topografix.com/GPX/1/1 http://www.topografix.com/GPX/1/1/gpx.xsd">
 <metadata>
 </metadata>
<wpt lat="-7.69707344" lon="112.42797263">
 <name>Air12</name>
</wpt>
<wpt lat="-7.70441665" lon="112.43265057">
 <name>Air22</name>
</wpt>
<wpt lat="-7.70836185" lon="112.43355691">
 <name>Air32</name>
</wpt>
<wpt lat="-7.68847612" lon="112.42316033">
 <name>Air6</name>
</wpt>
<wpt lat="-7.68422683" lon="112.47051900">
 <name>Cam Bukit Semar</name>
</wpt>
<wpt lat="-7.76311085" lon="112.49459686">
 <name>Camp Biru</name>
</wpt>
<wpt lat="-7.74743685" lon="112.52753933">
 <name>Cangar</name>
</wpt>
<wpt lat="-7.71204041" lon="112.39698557">
 <name>Carangwulung</name>
</wpt>
<wpt lat="-7.67530790" lon="112.41990807">
 <name>Desa Nawangan</name>
</wpt>
<wpt lat="-7.80554784" lon="112.43483649">
 <name>Desa Ngebrong</name>
</wpt>
<wpt lat="-7.81125231" lon="112.48030823">
 <name>Dusun Borah</name>
</wpt>
<wpt lat="-7.76524337" lon="112.38110086">
 <name>Galengdowo</name>
</wpt>
<wpt lat="-7.76497674" lon="112.48969177">
 <name>Gunung Biru</name>
</wpt>
<wpt lat="-7.73171291" lon="112.41404333">
 <name>Hutan Panjang</name>
</wpt>
<wpt lat="-7.79488530" lon="112.43974158">
 <name>Hutan1</name>
</wpt>
<wpt lat="-7.70580285" lon="112.44565627">
 <name>Igir Igir dowo</name>
</wpt>
<wpt lat="-7.71555905" lon="112.43781885">
 <name>Kali Pait</name>
</wpt>
<wpt lat="-7.69263455" lon="112.44341704">
 <name>Pandan Arum</name>
</wpt>
<wpt lat="-7.77713209" lon="112.47518990">
 <name>Petung Amolok</name>
</wpt>
<wpt lat="-7.70255076" lon="112.44400344">
 <name>Pondok Dadap</name>
</wpt>
<wpt lat="-7.78257002" lon="112.47145778">
 <name>Pos 1 Borah</name>
</wpt>
<wpt lat="-7.68954238" lon="112.42913168">
 <name>Pos 1 Jengger</name>
</wpt>
<wpt lat="-7.72270303" lon="112.40391665">
 <name>Pos 1 kancil</name>
</wpt>
<wpt lat="-7.69226138" lon="112.43067789">
 <name>Pos 2 Jengger</name>
</wpt>
<wpt lat="-7.77894476" lon="112.43164726">
 <name>Pos 2 Ngebrong</name>
</wpt>
<wpt lat="-7.69434060" lon="112.43281050">
 <name>Pos 3 Jengger</name>
</wpt>
<wpt lat="-7.72883398" lon="112.41068445">
 <name>Pos Bambu</name>
</wpt>
<wpt lat="-7.72019726" lon="112.44053794">
 <name>Pos Gelaran</name>
</wpt>
<wpt lat="-7.72424907" lon="112.40796863">
 <name>Pos Salwa</name>
</wpt>
<wpt lat="-7.76753582" lon="112.47913526">
 <name>Puncak Anjasmoro</name>
</wpt>
<wpt lat="-7.75367442" lon="112.50733928">
 <name>Puncak Anjasmoro 2</name>
</wpt>
<wpt lat="-7.77297366" lon="112.43015436">
 <name>Puncak Argowayang</name>
</wpt>
<wpt lat="-7.73512493" lon="112.41724228">
 <name>Puncak Bayangan1</name>
</wpt>
<wpt lat="-7.72806066" lon="112.46263934">
 <name>Puncak Boklorububuh</name>
</wpt>
<wpt lat="-7.73219269" lon="112.42353357">
 <name>Puncak Cemorosewu</name>
</wpt>
<wpt lat="-7.71065430" lon="112.44992157">
 <name>Puncak Semar</name>
</wpt>
<wpt lat="-7.75980544" lon="112.39837512">
 <name>Puncak Tapak Bunder</name>
</wpt>
<wpt lat="-7.70015169" lon="112.43526304">
 <name>Puncak Watu Jengger</name>
</wpt>
<wpt lat="-7.66267603" lon="112.43749891">
 <name>Rejosari</name>
</wpt>
<wpt lat="-7.74754347" lon="112.51405042">
 <name>Ridge 2</name>
</wpt>
<wpt lat="-7.75527385" lon="112.49913834">
 <name>Ridge Simpangan</name>
</wpt>
<wpt lat="-7.80416172" lon="112.43702240">
 <name>Ridge1</name>
</wpt>
<wpt lat="-7.76609631" lon="112.38942778">
 <name>Ridge2</name>
</wpt>
<wpt lat="-7.76487012" lon="112.39485632">
 <name>Ridge3</name>
</wpt>
<wpt lat="-7.79408558" lon="112.47806892">
 <name>Ridge4</name>
</wpt>
<wpt lat="-7.67456149" lon="112.44043132">
 <name>Simpangan Bidadari</name>
</wpt>
<wpt lat="-7.74755001" lon="112.52645731">
 <name>Sumber Brantas</name>
</wpt>
<wpt lat="-7.68298488" lon="112.41889503">
 <name>Sungai Boro</name>
</wpt>
<wpt lat="-7.65915739" lon="112.41532291">
 <name>Tawangrejo</name>
</wpt>
<wpt lat="-7.67760035" lon="112.42507970">
 <name>Ticket Jengger</name>
</wpt>
<wpt lat="-7.68149215" lon="112.44155098">
 <name>Umpak Wolu</name>
</wpt>
<wpt lat="-7.72984693" lon="112.44981486">
 <name>View Boklorububuh</name>
</wpt>
<wpt lat="-7.69707344" lon="112.42797263">
 <name>AIR</name>
</wpt>
<wpt lat="-7.70441665" lon="112.43265057">
 <name>AIR</name>
</wpt>
<wpt lat="-7.70836185" lon="112.43355691">
 <name>AIR</name>
</wpt>
<wpt lat="-7.68847612" lon="112.42316033">
 <name>AIR</name>
</wpt>
<wpt lat="-7.68422683" lon="112.47051900">
 <name>CAMP BUKIT SEMAR
</name>
</wpt>
<wpt lat="-7.76311085" lon="112.49459686">
 <name>CAMP BIRU
</name>
</wpt>
<wpt lat="-7.74743685" lon="112.52753933">
 <name>CANGAR 1723M
</name>
</wpt>
<wpt lat="-7.71204041" lon="112.39698557">
 <name>CARANGWULUNG 755M
</name>
</wpt>
<wpt lat="-7.67530790" lon="112.41990807">
 <name>DESA NAWANGAN
</name>
</wpt>
<wpt lat="-7.80554784" lon="112.43483649">
 <name>DESA NGEBRONG 1258M
</name>
</wpt>
<wpt lat="-7.81125231" lon="112.48030823">
 <name>DESA BORAH 1263M
</name>
</wpt>
<wpt lat="-7.76524337" lon="112.38110086">
 <name>GALENGDOWO 800M
</name>
</wpt>
<wpt lat="-7.76497674" lon="112.48969177">
 <name>GUNUNG BIRU 2331M
</name>
</wpt>
<wpt lat="-7.73171291" lon="112.41404333">
 <name>HUTAN PANJANG
</name>
</wpt>
<wpt lat="-7.79488530" lon="112.43974158">
 <name>HUTAN</name>
</wpt>
<wpt lat="-7.70580285" lon="112.44565627">
 <name>IGIR IGIR DOWO
</name>
</wpt>
<wpt lat="-7.71555905" lon="112.43781885">
 <name>KALI PAIT
</name>
</wpt>
<wpt lat="-7.69263455" lon="112.44341704">
 <name>PANDAN ARUM
</name>
</wpt>
<wpt lat="-7.77713209" lon="112.47518990">
 <name>PETUNG AMOLOK 2096M
</name>
</wpt>
<wpt lat="-7.70255076" lon="112.44400344">
 <name>PONDOK DADAP
</name>
</wpt>
<wpt lat="-7.78257002" lon="112.47145778">
 <name>POS 1 BORAH
</name>
</wpt>
<wpt lat="-7.68954238" lon="112.42913168">
 <name>POS 1 JENGGER
</name>
</wpt>
<wpt lat="-7.72270303" lon="112.40391665">
 <name>POS 1 KANCIL</name>
</wpt>
<wpt lat="-7.69226138" lon="112.43067789">
 <name>POS 2 JENGGER</name>
</wpt>
<wpt lat="-7.77894476" lon="112.43164726">
 <name>POS 2 NGEBRONG
</name>
</wpt>
<wpt lat="-7.69434060" lon="112.43281050">
 <name>POS 3 JENGGER</name>
</wpt>
<wpt lat="-7.72883398" lon="112.41068445">
 <name>POS BAMBU
</name>
</wpt>
<wpt lat="-7.72019726" lon="112.44053794">
 <name>POS GELARAN
</name>
</wpt>
<wpt lat="-7.72424907" lon="112.40796863">
 <name>POS SALWA
</name>
</wpt>
<wpt lat="-7.76753582" lon="112.47913526">
 <name>PUNCAK ANJASMORO 2372M
</name>
</wpt>
<wpt lat="-7.77297366" lon="112.43015436">
 <name>PUNCAK ARGOWAYANG 2197M
</name>
</wpt>
<wpt lat="-7.73512493" lon="112.41724228">
 <name>PUNCAK BAYANGAN 1733M
</name>
</wpt>
<wpt lat="-7.73078230" lon="112.46165230">
 <name>PUNCAK BOKLORUBUBUH 2230M
</name>
</wpt>
<wpt lat="-7.73219269" lon="112.42353357">
 <name>PUNCAK CEMORO SEWU 1866M
</name>
</wpt>
<wpt lat="-7.71065430" lon="112.44992157">
 <name>PUNCAK SEMAR 1708M
</name>
</wpt>
<wpt lat="-7.75980544" lon="112.39837512">
 <name>PUNCAK TAPAK BUNDER 1482M
</name>
</wpt>
<wpt lat="-7.70015169" lon="112.43526304">
 <name>PINCAK WATU JENGGER 1096M
</name>
</wpt>
<wpt lat="-7.66267603" lon="112.43749891">
 <name>REJOSARI 441M
</name>
</wpt>
<wpt lat="-7.79408558" lon="112.47806892">
 <name>PUNGGUNGAN</name>
</wpt>
<wpt lat="-7.67456149" lon="112.44043132">
 <name>SIMPANGAN BIDADARI
</name>
</wpt>
<wpt lat="-7.68298488" lon="112.41889503">
 <name>SUNGAI BORO
</name>
</wpt>
<wpt lat="-7.65915739" lon="112.41532291">
 <name>TAWANG REJO 470M
</name>
</wpt>
<wpt lat="-7.67760035" lon="112.42507970">
 <name>TIKET JENGGER
</name>
</wpt>
<wpt lat="-7.68149215" lon="112.44155098">
 <name>UMPAK WOLU
</name>
</wpt>
<wpt lat="-7.72984693" lon="112.44981486">
 <name>VIEW BOKLORUBUBUH 1571M
</name>
</wpt>
<wpt lat="-7.71699860" lon="112.45338710">
 <name>PUNCAK BAYANGAN 1833M
</name>
</wpt>
<wpt lat="-7.71938440" lon="112.45694890">
 <name>PUNCAK KUKUSAN 2013M
</name>
</wpt>
<trk>
 <name>32</name>
 <trkseg>
  <trkpt lat="-7.81109238" lon="112.48020161"></trkpt>
  <trkpt lat="-7.81114569" lon="112.48020161"></trkpt>
  <trkpt lat="-7.81114569" lon="112.48025492"></trkpt>
  <trkpt lat="-7.81125231" lon="112.48030823"></trkpt>
  <trkpt lat="-7.81125231" lon="112.48036154"></trkpt>
  <trkpt lat="-7.81125231" lon="112.48041485"></trkpt>
  <trkpt lat="-7.81114569" lon="112.48046815"></trkpt>
  <trkpt lat="-7.81109238" lon="112.48046815"></trkpt>
  <trkpt lat="-7.81098576" lon="112.48052146"></trkpt>
  <trkpt lat="-7.81087914" lon="112.48052146"></trkpt>
  <trkpt lat="-7.81077253" lon="112.48057477"></trkpt>
  <trkpt lat="-7.81066591" lon="112.48052146"></trkpt>
  <trkpt lat="-7.81055929" lon="112.48052146"></trkpt>
  <trkpt lat="-7.81039928" lon="112.48046815"></trkpt>
  <trkpt lat="-7.81029266" lon="112.48041485"></trkpt>
  <trkpt lat="-7.81002612" lon="112.48030823"></trkpt>
  <trkpt lat="-7.80975957" lon="112.48030823"></trkpt>
  <trkpt lat="-7.80959965" lon="112.48025492"></trkpt>
  <trkpt lat="-7.80943972" lon="112.48014822"></trkpt>
  <trkpt lat="-7.80933302" lon="112.48009491"></trkpt>
  <trkpt lat="-7.80922640" lon="112.47998829"></trkpt>
  <trkpt lat="-7.80911978" lon="112.47993498"></trkpt>
  <trkpt lat="-7.80901317" lon="112.47998829"></trkpt>
  <trkpt lat="-7.80895986" lon="112.47998829"></trkpt>
  <trkpt lat="-7.80885324" lon="112.47993498"></trkpt>
  <trkpt lat="-7.80885324" lon="112.47988167"></trkpt>
  <trkpt lat="-7.80874662" lon="112.47977505"></trkpt>
  <trkpt lat="-7.80869331" lon="112.47966844"></trkpt>
  <trkpt lat="-7.80864000" lon="112.47956182"></trkpt>
  <trkpt lat="-7.80864000" lon="112.47950843"></trkpt>
  <trkpt lat="-7.80853339" lon="112.47940181"></trkpt>
  <trkpt lat="-7.80842677" lon="112.47924188"></trkpt>
  <trkpt lat="-7.80816014" lon="112.47918857"></trkpt>
  <trkpt lat="-7.80805352" lon="112.47924188"></trkpt>
  <trkpt lat="-7.80800021" lon="112.47934850"></trkpt>
  <trkpt lat="-7.80794690" lon="112.47945512"></trkpt>
  <trkpt lat="-7.80794690" lon="112.47956182"></trkpt>
  <trkpt lat="-7.80794690" lon="112.47966844"></trkpt>
  <trkpt lat="-7.80794690" lon="112.47977505"></trkpt>
  <trkpt lat="-7.80794690" lon="112.47988167"></trkpt>
  <trkpt lat="-7.80794690" lon="112.47998829"></trkpt>
  <trkpt lat="-7.80784029" lon="112.48009491"></trkpt>
  <trkpt lat="-7.80778698" lon="112.48014822"></trkpt>
  <trkpt lat="-7.80773367" lon="112.48025492"></trkpt>
  <trkpt lat="-7.80762705" lon="112.48030823"></trkpt>
  <trkpt lat="-7.80752043" lon="112.48041485"></trkpt>
  <trkpt lat="-7.80746712" lon="112.48052146"></trkpt>
  <trkpt lat="-7.80741381" lon="112.48057477"></trkpt>
  <trkpt lat="-7.80736051" lon="112.48068139"></trkpt>
  <trkpt lat="-7.80725389" lon="112.48073470"></trkpt>
  <trkpt lat="-7.80720058" lon="112.48073470"></trkpt>
  <trkpt lat="-7.80714727" lon="112.48062808"></trkpt>
  <trkpt lat="-7.80709396" lon="112.48062808"></trkpt>
  <trkpt lat="-7.80704057" lon="112.48052146"></trkpt>
  <trkpt lat="-7.80693395" lon="112.48046815"></trkpt>
  <trkpt lat="-7.80682733" lon="112.48036154"></trkpt>
  <trkpt lat="-7.80672072" lon="112.48030823"></trkpt>
  <trkpt lat="-7.80661410" lon="112.48025492"></trkpt>
  <trkpt lat="-7.80650748" lon="112.48025492"></trkpt>
  <trkpt lat="-7.80634755" lon="112.48020161"></trkpt>
  <trkpt lat="-7.80629424" lon="112.48020161"></trkpt>
  <trkpt lat="-7.80624093" lon="112.48020161"></trkpt>
  <trkpt lat="-7.80613432" lon="112.48020161"></trkpt>
  <trkpt lat="-7.80608101" lon="112.48014822"></trkpt>
  <trkpt lat="-7.80597439" lon="112.48014822"></trkpt>
  <trkpt lat="-7.80581438" lon="112.48014822"></trkpt>
  <trkpt lat="-7.80570776" lon="112.48009491"></trkpt>
  <trkpt lat="-7.80554784" lon="112.48009491"></trkpt>
  <trkpt lat="-7.80549453" lon="112.47998829"></trkpt>
  <trkpt lat="-7.80538791" lon="112.47988167"></trkpt>
  <trkpt lat="-7.80533460" lon="112.47988167"></trkpt>
  <trkpt lat="-7.80528129" lon="112.47977505"></trkpt>
  <trkpt lat="-7.80517467" lon="112.47966844"></trkpt>
  <trkpt lat="-7.80512136" lon="112.47961513"></trkpt>
  <trkpt lat="-7.80496144" lon="112.47956182"></trkpt>
  <trkpt lat="-7.80485482" lon="112.47950843"></trkpt>
  <trkpt lat="-7.80474820" lon="112.47945512"></trkpt>
  <trkpt lat="-7.80469481" lon="112.47940181"></trkpt>
  <trkpt lat="-7.80453488" lon="112.47940181"></trkpt>
  <trkpt lat="-7.80437496" lon="112.47934850"></trkpt>
  <trkpt lat="-7.80426834" lon="112.47929519"></trkpt>
  <trkpt lat="-7.80416172" lon="112.47924188"></trkpt>
  <trkpt lat="-7.80410841" lon="112.47918857"></trkpt>
  <trkpt lat="-7.80400179" lon="112.47913526"></trkpt>
  <trkpt lat="-7.80389518" lon="112.47908195"></trkpt>
  <trkpt lat="-7.80373525" lon="112.47902865"></trkpt>
  <trkpt lat="-7.80368194" lon="112.47897534"></trkpt>
  <trkpt lat="-7.80352193" lon="112.47892203"></trkpt>
  <trkpt lat="-7.80341531" lon="112.47886864"></trkpt>
  <trkpt lat="-7.80325538" lon="112.47886864"></trkpt>
  <trkpt lat="-7.80314877" lon="112.47881533"></trkpt>
  <trkpt lat="-7.80309546" lon="112.47881533"></trkpt>
  <trkpt lat="-7.80298884" lon="112.47881533"></trkpt>
  <trkpt lat="-7.80282891" lon="112.47886864"></trkpt>
  <trkpt lat="-7.80272230" lon="112.47886864"></trkpt>
  <trkpt lat="-7.80261568" lon="112.47886864"></trkpt>
  <trkpt lat="-7.80250906" lon="112.47886864"></trkpt>
  <trkpt lat="-7.80234905" lon="112.47886864"></trkpt>
  <trkpt lat="-7.80218912" lon="112.47886864"></trkpt>
  <trkpt lat="-7.80213581" lon="112.47881533"></trkpt>
  <trkpt lat="-7.80202920" lon="112.47881533"></trkpt>
  <trkpt lat="-7.80192258" lon="112.47881533"></trkpt>
  <trkpt lat="-7.80176265" lon="112.47881533"></trkpt>
  <trkpt lat="-7.80170934" lon="112.47881533"></trkpt>
  <trkpt lat="-7.80160272" lon="112.47881533"></trkpt>
  <trkpt lat="-7.80144280" lon="112.47876202"></trkpt>
  <trkpt lat="-7.80133618" lon="112.47876202"></trkpt>
  <trkpt lat="-7.80122948" lon="112.47870871"></trkpt>
  <trkpt lat="-7.80112286" lon="112.47870871"></trkpt>
  <trkpt lat="-7.80096293" lon="112.47870871"></trkpt>
  <trkpt lat="-7.80080301" lon="112.47870871"></trkpt>
  <trkpt lat="-7.80064308" lon="112.47870871"></trkpt>
  <trkpt lat="-7.80053646" lon="112.47870871"></trkpt>
  <trkpt lat="-7.80037654" lon="112.47870871"></trkpt>
  <trkpt lat="-7.80021661" lon="112.47876202"></trkpt>
  <trkpt lat="-7.80010991" lon="112.47876202"></trkpt>
  <trkpt lat="-7.80005660" lon="112.47865540"></trkpt>
  <trkpt lat="-7.79994998" lon="112.47854878"></trkpt>
  <trkpt lat="-7.79979005" lon="112.47844216"></trkpt>
  <trkpt lat="-7.79973675" lon="112.47833555"></trkpt>
  <trkpt lat="-7.79968344" lon="112.47828224"></trkpt>
  <trkpt lat="-7.79963013" lon="112.47822884"></trkpt>
  <trkpt lat="-7.79947020" lon="112.47822884"></trkpt>
  <trkpt lat="-7.79931027" lon="112.47822884"></trkpt>
  <trkpt lat="-7.79915035" lon="112.47822884"></trkpt>
  <trkpt lat="-7.79904365" lon="112.47817554"></trkpt>
  <trkpt lat="-7.79893703" lon="112.47812223"></trkpt>
  <trkpt lat="-7.79888372" lon="112.47812223"></trkpt>
  <trkpt lat="-7.79888372" lon="112.47817554"></trkpt>
  <trkpt lat="-7.79877710" lon="112.47822884"></trkpt>
  <trkpt lat="-7.79861717" lon="112.47828224"></trkpt>
  <trkpt lat="-7.79851056" lon="112.47838886"></trkpt>
  <trkpt lat="-7.79845725" lon="112.47838886"></trkpt>
  <trkpt lat="-7.79829732" lon="112.47838886"></trkpt>
  <trkpt lat="-7.79813739" lon="112.47838886"></trkpt>
  <trkpt lat="-7.79797747" lon="112.47838886"></trkpt>
  <trkpt lat="-7.79781746" lon="112.47849547"></trkpt>
  <trkpt lat="-7.79771084" lon="112.47849547"></trkpt>
  <trkpt lat="-7.79760422" lon="112.47844216"></trkpt>
  <trkpt lat="-7.79755091" lon="112.47844216"></trkpt>
  <trkpt lat="-7.79749760" lon="112.47838886"></trkpt>
  <trkpt lat="-7.79739099" lon="112.47822884"></trkpt>
  <trkpt lat="-7.79728437" lon="112.47822884"></trkpt>
  <trkpt lat="-7.79723106" lon="112.47817554"></trkpt>
  <trkpt lat="-7.79717775" lon="112.47817554"></trkpt>
  <trkpt lat="-7.79712444" lon="112.47812223"></trkpt>
  <trkpt lat="-7.79701782" lon="112.47806892"></trkpt>
  <trkpt lat="-7.79696452" lon="112.47806892"></trkpt>
  <trkpt lat="-7.79685790" lon="112.47806892"></trkpt>
  <trkpt lat="-7.79669789" lon="112.47801561"></trkpt>
  <trkpt lat="-7.79664458" lon="112.47801561"></trkpt>
  <trkpt lat="-7.79648465" lon="112.47806892"></trkpt>
  <trkpt lat="-7.79648465" lon="112.47801561"></trkpt>
  <trkpt lat="-7.79637803" lon="112.47801561"></trkpt>
  <trkpt lat="-7.79627142" lon="112.47801561"></trkpt>
  <trkpt lat="-7.79627142" lon="112.47796230"></trkpt>
  <trkpt lat="-7.79616480" lon="112.47790899"></trkpt>
  <trkpt lat="-7.79605818" lon="112.47790899"></trkpt>
  <trkpt lat="-7.79595156" lon="112.47785568"></trkpt>
  <trkpt lat="-7.79584494" lon="112.47780237"></trkpt>
  <trkpt lat="-7.79579164" lon="112.47780237"></trkpt>
  <trkpt lat="-7.79563162" lon="112.47780237"></trkpt>
  <trkpt lat="-7.79552501" lon="112.47780237"></trkpt>
  <trkpt lat="-7.79536508" lon="112.47774906"></trkpt>
  <trkpt lat="-7.79525846" lon="112.47774906"></trkpt>
  <trkpt lat="-7.79509854" lon="112.47769576"></trkpt>
  <trkpt lat="-7.79499192" lon="112.47764245"></trkpt>
  <trkpt lat="-7.79488530" lon="112.47764245"></trkpt>
  <trkpt lat="-7.79477868" lon="112.47764245"></trkpt>
  <trkpt lat="-7.79472537" lon="112.47769576"></trkpt>
  <trkpt lat="-7.79472537" lon="112.47780237"></trkpt>
  <trkpt lat="-7.79467206" lon="112.47785568"></trkpt>
  <trkpt lat="-7.79456536" lon="112.47785568"></trkpt>
  <trkpt lat="-7.79456536" lon="112.47790899"></trkpt>
  <trkpt lat="-7.79451205" lon="112.47790899"></trkpt>
  <trkpt lat="-7.79445875" lon="112.47790899"></trkpt>
  <trkpt lat="-7.79435213" lon="112.47790899"></trkpt>
  <trkpt lat="-7.79429882" lon="112.47790899"></trkpt>
  <trkpt lat="-7.79424551" lon="112.47790899"></trkpt>
  <trkpt lat="-7.79419220" lon="112.47796230"></trkpt>
  <trkpt lat="-7.79413889" lon="112.47801561"></trkpt>
  <trkpt lat="-7.79413889" lon="112.47806892"></trkpt>
  <trkpt lat="-7.79403227" lon="112.47806892"></trkpt>
  <trkpt lat="-7.79392566" lon="112.47801561"></trkpt>
  <trkpt lat="-7.79387235" lon="112.47796230"></trkpt>
  <trkpt lat="-7.79381904" lon="112.47796230"></trkpt>
  <trkpt lat="-7.79371242" lon="112.47785568"></trkpt>
  <trkpt lat="-7.79360580" lon="112.47785568"></trkpt>
  <trkpt lat="-7.79355249" lon="112.47785568"></trkpt>
  <trkpt lat="-7.79355249" lon="112.47774906"></trkpt>
  <trkpt lat="-7.79349918" lon="112.47769576"></trkpt>
  <trkpt lat="-7.79339248" lon="112.47758914"></trkpt>
  <trkpt lat="-7.79333917" lon="112.47753575"></trkpt>
  <trkpt lat="-7.79328587" lon="112.47758914"></trkpt>
  <trkpt lat="-7.79317925" lon="112.47753575"></trkpt>
  <trkpt lat="-7.79307263" lon="112.47758914"></trkpt>
  <trkpt lat="-7.79301932" lon="112.47753575"></trkpt>
  <trkpt lat="-7.79296601" lon="112.47753575"></trkpt>
  <trkpt lat="-7.79291270" lon="112.47748244"></trkpt>
  <trkpt lat="-7.79280609" lon="112.47748244"></trkpt>
  <trkpt lat="-7.79280609" lon="112.47742913"></trkpt>
  <trkpt lat="-7.79285939" lon="112.47748244"></trkpt>
  <trkpt lat="-7.79280609" lon="112.47748244"></trkpt>
  <trkpt lat="-7.79280609" lon="112.47753575"></trkpt>
  <trkpt lat="-7.79269947" lon="112.47748244"></trkpt>
  <trkpt lat="-7.79269947" lon="112.47742913"></trkpt>
  <trkpt lat="-7.79264616" lon="112.47748244"></trkpt>
  <trkpt lat="-7.79269947" lon="112.47737582"></trkpt>
  <trkpt lat="-7.79269947" lon="112.47742913"></trkpt>
  <trkpt lat="-7.79269947" lon="112.47748244"></trkpt>
  <trkpt lat="-7.79264616" lon="112.47748244"></trkpt>
  <trkpt lat="-7.79253954" lon="112.47742913"></trkpt>
  <trkpt lat="-7.79243292" lon="112.47737582"></trkpt>
  <trkpt lat="-7.79232622" lon="112.47732251"></trkpt>
  <trkpt lat="-7.79227291" lon="112.47726920"></trkpt>
  <trkpt lat="-7.79216629" lon="112.47726920"></trkpt>
  <trkpt lat="-7.79211299" lon="112.47726920"></trkpt>
  <trkpt lat="-7.79205968" lon="112.47726920"></trkpt>
  <trkpt lat="-7.79195306" lon="112.47721589"></trkpt>
  <trkpt lat="-7.79189975" lon="112.47721589"></trkpt>
  <trkpt lat="-7.79179313" lon="112.47710927"></trkpt>
  <trkpt lat="-7.79173982" lon="112.47705596"></trkpt>
  <trkpt lat="-7.79168651" lon="112.47694935"></trkpt>
  <trkpt lat="-7.79163321" lon="112.47689595"></trkpt>
  <trkpt lat="-7.79157990" lon="112.47684265"></trkpt>
  <trkpt lat="-7.79152659" lon="112.47678934"></trkpt>
  <trkpt lat="-7.79147328" lon="112.47673603"></trkpt>
  <trkpt lat="-7.79141997" lon="112.47668272"></trkpt>
  <trkpt lat="-7.79141997" lon="112.47662941"></trkpt>
  <trkpt lat="-7.79141997" lon="112.47657610"></trkpt>
  <trkpt lat="-7.79136666" lon="112.47657610"></trkpt>
  <trkpt lat="-7.79131335" lon="112.47652279"></trkpt>
  <trkpt lat="-7.79131335" lon="112.47641617"></trkpt>
  <trkpt lat="-7.79126004" lon="112.47636287"></trkpt>
  <trkpt lat="-7.79126004" lon="112.47630956"></trkpt>
  <trkpt lat="-7.79120665" lon="112.47630956"></trkpt>
  <trkpt lat="-7.79115334" lon="112.47620285"></trkpt>
  <trkpt lat="-7.79115334" lon="112.47625616"></trkpt>
  <trkpt lat="-7.79115334" lon="112.47620285"></trkpt>
  <trkpt lat="-7.79110003" lon="112.47620285"></trkpt>
  <trkpt lat="-7.79110003" lon="112.47614955"></trkpt>
  <trkpt lat="-7.79104672" lon="112.47609624"></trkpt>
  <trkpt lat="-7.79099341" lon="112.47604293"></trkpt>
  <trkpt lat="-7.79094011" lon="112.47598962"></trkpt>
  <trkpt lat="-7.79094011" lon="112.47593631"></trkpt>
  <trkpt lat="-7.79083349" lon="112.47582969"></trkpt>
  <trkpt lat="-7.79078018" lon="112.47577638"></trkpt>
  <trkpt lat="-7.79072687" lon="112.47572307"></trkpt>
  <trkpt lat="-7.79072687" lon="112.47561637"></trkpt>
  <trkpt lat="-7.79067356" lon="112.47561637"></trkpt>
  <trkpt lat="-7.79062025" lon="112.47550976"></trkpt>
  <trkpt lat="-7.79056694" lon="112.47545645"></trkpt>
  <trkpt lat="-7.79051363" lon="112.47545645"></trkpt>
  <trkpt lat="-7.79046033" lon="112.47545645"></trkpt>
  <trkpt lat="-7.79040702" lon="112.47545645"></trkpt>
  <trkpt lat="-7.79030040" lon="112.47540314"></trkpt>
  <trkpt lat="-7.79024709" lon="112.47540314"></trkpt>
  <trkpt lat="-7.79019378" lon="112.47540314"></trkpt>
  <trkpt lat="-7.79014047" lon="112.47540314"></trkpt>
  <trkpt lat="-7.79008708" lon="112.47534983"></trkpt>
  <trkpt lat="-7.79003377" lon="112.47534983"></trkpt>
  <trkpt lat="-7.78998046" lon="112.47534983"></trkpt>
  <trkpt lat="-7.78992715" lon="112.47529652"></trkpt>
  <trkpt lat="-7.78987384" lon="112.47529652"></trkpt>
  <trkpt lat="-7.78976723" lon="112.47529652"></trkpt>
  <trkpt lat="-7.78971392" lon="112.47529652"></trkpt>
  <trkpt lat="-7.78971392" lon="112.47534983"></trkpt>
  <trkpt lat="-7.78960730" lon="112.47534983"></trkpt>
  <trkpt lat="-7.78955399" lon="112.47529652"></trkpt>
  <trkpt lat="-7.78950068" lon="112.47529652"></trkpt>
  <trkpt lat="-7.78950068" lon="112.47524321"></trkpt>
  <trkpt lat="-7.78944737" lon="112.47524321"></trkpt>
  <trkpt lat="-7.78939406" lon="112.47524321"></trkpt>
  <trkpt lat="-7.78934075" lon="112.47518990"></trkpt>
  <trkpt lat="-7.78928745" lon="112.47513659"></trkpt>
  <trkpt lat="-7.78923414" lon="112.47513659"></trkpt>
  <trkpt lat="-7.78918083" lon="112.47513659"></trkpt>
  <trkpt lat="-7.78912752" lon="112.47513659"></trkpt>
  <trkpt lat="-7.78907421" lon="112.47508328"></trkpt>
  <trkpt lat="-7.78902090" lon="112.47508328"></trkpt>
  <trkpt lat="-7.78907421" lon="112.47508328"></trkpt>
  <trkpt lat="-7.78896751" lon="112.47497658"></trkpt>
  <trkpt lat="-7.78891420" lon="112.47492327"></trkpt>
  <trkpt lat="-7.78891420" lon="112.47486996"></trkpt>
  <trkpt lat="-7.78891420" lon="112.47492327"></trkpt>
  <trkpt lat="-7.78886089" lon="112.47486996"></trkpt>
  <trkpt lat="-7.78886089" lon="112.47492327"></trkpt>
  <trkpt lat="-7.78891420" lon="112.47492327"></trkpt>
  <trkpt lat="-7.78886089" lon="112.47492327"></trkpt>
  <trkpt lat="-7.78886089" lon="112.47486996"></trkpt>
  <trkpt lat="-7.78880758" lon="112.47481666"></trkpt>
  <trkpt lat="-7.78875427" lon="112.47481666"></trkpt>
  <trkpt lat="-7.78875427" lon="112.47476335"></trkpt>
  <trkpt lat="-7.78870096" lon="112.47476335"></trkpt>
  <trkpt lat="-7.78864766" lon="112.47476335"></trkpt>
  <trkpt lat="-7.78859435" lon="112.47471004"></trkpt>
  <trkpt lat="-7.78848773" lon="112.47465673"></trkpt>
  <trkpt lat="-7.78843442" lon="112.47465673"></trkpt>
  <trkpt lat="-7.78838111" lon="112.47465673"></trkpt>
  <trkpt lat="-7.78832780" lon="112.47460342"></trkpt>
  <trkpt lat="-7.78827449" lon="112.47460342"></trkpt>
  <trkpt lat="-7.78822118" lon="112.47460342"></trkpt>
  <trkpt lat="-7.78816788" lon="112.47460342"></trkpt>
  <trkpt lat="-7.78811457" lon="112.47460342"></trkpt>
  <trkpt lat="-7.78806126" lon="112.47460342"></trkpt>
  <trkpt lat="-7.78795464" lon="112.47455011"></trkpt>
  <trkpt lat="-7.78790133" lon="112.47455011"></trkpt>
  <trkpt lat="-7.78784802" lon="112.47455011"></trkpt>
  <trkpt lat="-7.78779463" lon="112.47455011"></trkpt>
  <trkpt lat="-7.78774132" lon="112.47449680"></trkpt>
  <trkpt lat="-7.78768801" lon="112.47449680"></trkpt>
  <trkpt lat="-7.78763470" lon="112.47444349"></trkpt>
  <trkpt lat="-7.78758139" lon="112.47444349"></trkpt>
  <trkpt lat="-7.78752808" lon="112.47439018"></trkpt>
  <trkpt lat="-7.78752808" lon="112.47433679"></trkpt>
  <trkpt lat="-7.78747478" lon="112.47433679"></trkpt>
  <trkpt lat="-7.78736816" lon="112.47428348"></trkpt>
  <trkpt lat="-7.78731485" lon="112.47423017"></trkpt>
  <trkpt lat="-7.78726154" lon="112.47428348"></trkpt>
  <trkpt lat="-7.78720823" lon="112.47428348"></trkpt>
  <trkpt lat="-7.78720823" lon="112.47433679"></trkpt>
  <trkpt lat="-7.78715492" lon="112.47433679"></trkpt>
  <trkpt lat="-7.78715492" lon="112.47428348"></trkpt>
  <trkpt lat="-7.78715492" lon="112.47433679"></trkpt>
  <trkpt lat="-7.78715492" lon="112.47428348"></trkpt>
  <trkpt lat="-7.78710161" lon="112.47423017"></trkpt>
  <trkpt lat="-7.78715492" lon="112.47428348"></trkpt>
  <trkpt lat="-7.78715492" lon="112.47423017"></trkpt>
  <trkpt lat="-7.78715492" lon="112.47417687"></trkpt>
  <trkpt lat="-7.78710161" lon="112.47417687"></trkpt>
  <trkpt lat="-7.78710161" lon="112.47412356"></trkpt>
  <trkpt lat="-7.78704830" lon="112.47412356"></trkpt>
  <trkpt lat="-7.78699500" lon="112.47412356"></trkpt>
  <trkpt lat="-7.78694169" lon="112.47401694"></trkpt>
  <trkpt lat="-7.78688838" lon="112.47401694"></trkpt>
  <trkpt lat="-7.78683507" lon="112.47401694"></trkpt>
  <trkpt lat="-7.78678176" lon="112.47401694"></trkpt>
  <trkpt lat="-7.78672845" lon="112.47396363"></trkpt>
  <trkpt lat="-7.78667506" lon="112.47396363"></trkpt>
  <trkpt lat="-7.78656844" lon="112.47391032"></trkpt>
  <trkpt lat="-7.78651513" lon="112.47396363"></trkpt>
  <trkpt lat="-7.78646182" lon="112.47391032"></trkpt>
  <trkpt lat="-7.78635520" lon="112.47391032"></trkpt>
  <trkpt lat="-7.78635520" lon="112.47385701"></trkpt>
  <trkpt lat="-7.78624859" lon="112.47385701"></trkpt>
  <trkpt lat="-7.78624859" lon="112.47380370"></trkpt>
  <trkpt lat="-7.78619528" lon="112.47375039"></trkpt>
  <trkpt lat="-7.78614197" lon="112.47375039"></trkpt>
  <trkpt lat="-7.78608866" lon="112.47369700"></trkpt>
  <trkpt lat="-7.78603535" lon="112.47364369"></trkpt>
  <trkpt lat="-7.78598204" lon="112.47359038"></trkpt>
  <trkpt lat="-7.78592873" lon="112.47359038"></trkpt>
  <trkpt lat="-7.78587542" lon="112.47359038"></trkpt>
  <trkpt lat="-7.78582212" lon="112.47353707"></trkpt>
  <trkpt lat="-7.78582212" lon="112.47348377"></trkpt>
  <trkpt lat="-7.78576881" lon="112.47348377"></trkpt>
  <trkpt lat="-7.78582212" lon="112.47348377"></trkpt>
  <trkpt lat="-7.78582212" lon="112.47353707"></trkpt>
  <trkpt lat="-7.78582212" lon="112.47348377"></trkpt>
  <trkpt lat="-7.78576881" lon="112.47348377"></trkpt>
  <trkpt lat="-7.78571550" lon="112.47343046"></trkpt>
  <trkpt lat="-7.78571550" lon="112.47337715"></trkpt>
  <trkpt lat="-7.78566219" lon="112.47332384"></trkpt>
  <trkpt lat="-7.78560888" lon="112.47327053"></trkpt>
  <trkpt lat="-7.78560888" lon="112.47321722"></trkpt>
  <trkpt lat="-7.78555557" lon="112.47316391"></trkpt>
  <trkpt lat="-7.78550218" lon="112.47311060"></trkpt>
  <trkpt lat="-7.78544887" lon="112.47311060"></trkpt>
  <trkpt lat="-7.78539556" lon="112.47305721"></trkpt>
  <trkpt lat="-7.78534225" lon="112.47305721"></trkpt>
  <trkpt lat="-7.78528894" lon="112.47305721"></trkpt>
  <trkpt lat="-7.78528894" lon="112.47300390"></trkpt>
  <trkpt lat="-7.78523563" lon="112.47300390"></trkpt>
  <trkpt lat="-7.78523563" lon="112.47295059"></trkpt>
  <trkpt lat="-7.78518233" lon="112.47295059"></trkpt>
  <trkpt lat="-7.78518233" lon="112.47289728"></trkpt>
  <trkpt lat="-7.78512902" lon="112.47289728"></trkpt>
  <trkpt lat="-7.78512902" lon="112.47284397"></trkpt>
  <trkpt lat="-7.78512902" lon="112.47279067"></trkpt>
  <trkpt lat="-7.78512902" lon="112.47284397"></trkpt>
  <trkpt lat="-7.78507571" lon="112.47279067"></trkpt>
  <trkpt lat="-7.78502240" lon="112.47279067"></trkpt>
  <trkpt lat="-7.78502240" lon="112.47273736"></trkpt>
  <trkpt lat="-7.78496909" lon="112.47268405"></trkpt>
  <trkpt lat="-7.78502240" lon="112.47268405"></trkpt>
  <trkpt lat="-7.78502240" lon="112.47263074"></trkpt>
  <trkpt lat="-7.78496909" lon="112.47257743"></trkpt>
  <trkpt lat="-7.78491578" lon="112.47252412"></trkpt>
  <trkpt lat="-7.78486247" lon="112.47252412"></trkpt>
  <trkpt lat="-7.78486247" lon="112.47247081"></trkpt>
  <trkpt lat="-7.78480916" lon="112.47247081"></trkpt>
  <trkpt lat="-7.78475585" lon="112.47247081"></trkpt>
  <trkpt lat="-7.78470255" lon="112.47247081"></trkpt>
  <trkpt lat="-7.78470255" lon="112.47241742"></trkpt>
  <trkpt lat="-7.78464924" lon="112.47241742"></trkpt>
  <trkpt lat="-7.78459593" lon="112.47241742"></trkpt>
  <trkpt lat="-7.78454262" lon="112.47241742"></trkpt>
  <trkpt lat="-7.78454262" lon="112.47236411"></trkpt>
  <trkpt lat="-7.78448931" lon="112.47236411"></trkpt>
  <trkpt lat="-7.78448931" lon="112.47231080"></trkpt>
  <trkpt lat="-7.78443600" lon="112.47225749"></trkpt>
  <trkpt lat="-7.78443600" lon="112.47220418"></trkpt>
  <trkpt lat="-7.78438269" lon="112.47220418"></trkpt>
  <trkpt lat="-7.78432930" lon="112.47209757"></trkpt>
  <trkpt lat="-7.78427599" lon="112.47209757"></trkpt>
  <trkpt lat="-7.78422268" lon="112.47209757"></trkpt>
  <trkpt lat="-7.78422268" lon="112.47204426"></trkpt>
  <trkpt lat="-7.78416937" lon="112.47204426"></trkpt>
  <trkpt lat="-7.78411606" lon="112.47204426"></trkpt>
  <trkpt lat="-7.78406275" lon="112.47204426"></trkpt>
  <trkpt lat="-7.78400945" lon="112.47199095"></trkpt>
  <trkpt lat="-7.78400945" lon="112.47193764"></trkpt>
  <trkpt lat="-7.78395614" lon="112.47188433"></trkpt>
  <trkpt lat="-7.78390283" lon="112.47188433"></trkpt>
  <trkpt lat="-7.78390283" lon="112.47183102"></trkpt>
  <trkpt lat="-7.78384952" lon="112.47183102"></trkpt>
  <trkpt lat="-7.78374290" lon="112.47183102"></trkpt>
  <trkpt lat="-7.78368959" lon="112.47183102"></trkpt>
  <trkpt lat="-7.78363628" lon="112.47183102"></trkpt>
  <trkpt lat="-7.78352967" lon="112.47177763"></trkpt>
  <trkpt lat="-7.78347636" lon="112.47183102"></trkpt>
  <trkpt lat="-7.78347636" lon="112.47177763"></trkpt>
  <trkpt lat="-7.78347636" lon="112.47183102"></trkpt>
  <trkpt lat="-7.78342305" lon="112.47183102"></trkpt>
  <trkpt lat="-7.78336974" lon="112.47177763"></trkpt>
  <trkpt lat="-7.78331643" lon="112.47177763"></trkpt>
  <trkpt lat="-7.78326312" lon="112.47177763"></trkpt>
  <trkpt lat="-7.78320973" lon="112.47172432"></trkpt>
  <trkpt lat="-7.78315642" lon="112.47172432"></trkpt>
  <trkpt lat="-7.78310311" lon="112.47172432"></trkpt>
  <trkpt lat="-7.78304980" lon="112.47167101"></trkpt>
  <trkpt lat="-7.78299649" lon="112.47167101"></trkpt>
  <trkpt lat="-7.78294318" lon="112.47167101"></trkpt>
  <trkpt lat="-7.78288987" lon="112.47161770"></trkpt>
  <trkpt lat="-7.78288987" lon="112.47156439"></trkpt>
  <trkpt lat="-7.78283657" lon="112.47156439"></trkpt>
  <trkpt lat="-7.78278326" lon="112.47156439"></trkpt>
  <trkpt lat="-7.78278326" lon="112.47151108"></trkpt>
  <trkpt lat="-7.78272995" lon="112.47151108"></trkpt>
  <trkpt lat="-7.78267664" lon="112.47145778"></trkpt>
  <trkpt lat="-7.78262333" lon="112.47145778"></trkpt>
  <trkpt lat="-7.78257002" lon="112.47145778"></trkpt>
  <trkpt lat="-7.78251671" lon="112.47145778"></trkpt>
  <trkpt lat="-7.78246340" lon="112.47145778"></trkpt>
  <trkpt lat="-7.78241009" lon="112.47151108"></trkpt>
  <trkpt lat="-7.78235679" lon="112.47151108"></trkpt>
  <trkpt lat="-7.78230348" lon="112.47151108"></trkpt>
  <trkpt lat="-7.78225017" lon="112.47151108"></trkpt>
  <trkpt lat="-7.78219686" lon="112.47156439"></trkpt>
  <trkpt lat="-7.78214355" lon="112.47156439"></trkpt>
  <trkpt lat="-7.78209016" lon="112.47161770"></trkpt>
  <trkpt lat="-7.78203685" lon="112.47161770"></trkpt>
  <trkpt lat="-7.78198354" lon="112.47161770"></trkpt>
  <trkpt lat="-7.78193023" lon="112.47161770"></trkpt>
  <trkpt lat="-7.78182361" lon="112.47167101"></trkpt>
  <trkpt lat="-7.78177030" lon="112.47167101"></trkpt>
  <trkpt lat="-7.78166369" lon="112.47167101"></trkpt>
  <trkpt lat="-7.78166369" lon="112.47172432"></trkpt>
  <trkpt lat="-7.78161038" lon="112.47167101"></trkpt>
  <trkpt lat="-7.78155707" lon="112.47172432"></trkpt>
  <trkpt lat="-7.78150376" lon="112.47172432"></trkpt>
  <trkpt lat="-7.78145045" lon="112.47172432"></trkpt>
  <trkpt lat="-7.78139714" lon="112.47177763"></trkpt>
  <trkpt lat="-7.78134383" lon="112.47177763"></trkpt>
  <trkpt lat="-7.78129052" lon="112.47177763"></trkpt>
  <trkpt lat="-7.78123721" lon="112.47183102"></trkpt>
  <trkpt lat="-7.78118391" lon="112.47183102"></trkpt>
  <trkpt lat="-7.78107729" lon="112.47188433"></trkpt>
  <trkpt lat="-7.78102398" lon="112.47188433"></trkpt>
  <trkpt lat="-7.78102398" lon="112.47193764"></trkpt>
  <trkpt lat="-7.78097059" lon="112.47193764"></trkpt>
  <trkpt lat="-7.78091728" lon="112.47193764"></trkpt>
  <trkpt lat="-7.78086397" lon="112.47193764"></trkpt>
  <trkpt lat="-7.78081066" lon="112.47199095"></trkpt>
  <trkpt lat="-7.78075735" lon="112.47199095"></trkpt>
  <trkpt lat="-7.78070404" lon="112.47199095"></trkpt>
  <trkpt lat="-7.78065073" lon="112.47204426"></trkpt>
  <trkpt lat="-7.78059742" lon="112.47204426"></trkpt>
  <trkpt lat="-7.78049081" lon="112.47209757"></trkpt>
  <trkpt lat="-7.78043750" lon="112.47209757"></trkpt>
  <trkpt lat="-7.78043750" lon="112.47215088"></trkpt>
  <trkpt lat="-7.78038419" lon="112.47220418"></trkpt>
  <trkpt lat="-7.78033088" lon="112.47220418"></trkpt>
  <trkpt lat="-7.78033088" lon="112.47225749"></trkpt>
  <trkpt lat="-7.78027757" lon="112.47225749"></trkpt>
  <trkpt lat="-7.78022426" lon="112.47225749"></trkpt>
  <trkpt lat="-7.78022426" lon="112.47231080"></trkpt>
  <trkpt lat="-7.78017095" lon="112.47231080"></trkpt>
  <trkpt lat="-7.78017095" lon="112.47236411"></trkpt>
  <trkpt lat="-7.78006434" lon="112.47236411"></trkpt>
  <trkpt lat="-7.78001103" lon="112.47236411"></trkpt>
  <trkpt lat="-7.77995772" lon="112.47236411"></trkpt>
  <trkpt lat="-7.77990441" lon="112.47241742"></trkpt>
  <trkpt lat="-7.77985102" lon="112.47241742"></trkpt>
  <trkpt lat="-7.77979771" lon="112.47247081"></trkpt>
  <trkpt lat="-7.77974440" lon="112.47252412"></trkpt>
  <trkpt lat="-7.77969109" lon="112.47252412"></trkpt>
  <trkpt lat="-7.77963778" lon="112.47257743"></trkpt>
  <trkpt lat="-7.77958447" lon="112.47263074"></trkpt>
  <trkpt lat="-7.77953116" lon="112.47273736"></trkpt>
  <trkpt lat="-7.77947785" lon="112.47273736"></trkpt>
  <trkpt lat="-7.77942454" lon="112.47279067"></trkpt>
  <trkpt lat="-7.77942454" lon="112.47284397"></trkpt>
  <trkpt lat="-7.77937124" lon="112.47289728"></trkpt>
  <trkpt lat="-7.77937124" lon="112.47295059"></trkpt>
  <trkpt lat="-7.77931793" lon="112.47295059"></trkpt>
  <trkpt lat="-7.77931793" lon="112.47300390"></trkpt>
  <trkpt lat="-7.77926462" lon="112.47305721"></trkpt>
  <trkpt lat="-7.77921131" lon="112.47311060"></trkpt>
  <trkpt lat="-7.77915800" lon="112.47311060"></trkpt>
  <trkpt lat="-7.77915800" lon="112.47316391"></trkpt>
  <trkpt lat="-7.77910469" lon="112.47316391"></trkpt>
  <trkpt lat="-7.77905138" lon="112.47321722"></trkpt>
  <trkpt lat="-7.77899807" lon="112.47327053"></trkpt>
  <trkpt lat="-7.77899807" lon="112.47332384"></trkpt>
  <trkpt lat="-7.77894476" lon="112.47337715"></trkpt>
  <trkpt lat="-7.77894476" lon="112.47343046"></trkpt>
  <trkpt lat="-7.77889146" lon="112.47348377"></trkpt>
  <trkpt lat="-7.77894476" lon="112.47348377"></trkpt>
  <trkpt lat="-7.77894476" lon="112.47353707"></trkpt>
  <trkpt lat="-7.77889146" lon="112.47353707"></trkpt>
  <trkpt lat="-7.77889146" lon="112.47359038"></trkpt>
  <trkpt lat="-7.77883815" lon="112.47359038"></trkpt>
  <trkpt lat="-7.77883815" lon="112.47364369"></trkpt>
  <trkpt lat="-7.77878484" lon="112.47364369"></trkpt>
  <trkpt lat="-7.77873144" lon="112.47364369"></trkpt>
  <trkpt lat="-7.77873144" lon="112.47369700"></trkpt>
  <trkpt lat="-7.77867814" lon="112.47369700"></trkpt>
  <trkpt lat="-7.77862483" lon="112.47369700"></trkpt>
  <trkpt lat="-7.77862483" lon="112.47375039"></trkpt>
  <trkpt lat="-7.77857152" lon="112.47375039"></trkpt>
  <trkpt lat="-7.77851821" lon="112.47375039"></trkpt>
  <trkpt lat="-7.77851821" lon="112.47380370"></trkpt>
  <trkpt lat="-7.77846490" lon="112.47380370"></trkpt>
  <trkpt lat="-7.77841159" lon="112.47380370"></trkpt>
  <trkpt lat="-7.77835828" lon="112.47385701"></trkpt>
  <trkpt lat="-7.77830497" lon="112.47385701"></trkpt>
  <trkpt lat="-7.77825166" lon="112.47385701"></trkpt>
  <trkpt lat="-7.77819836" lon="112.47391032"></trkpt>
  <trkpt lat="-7.77814505" lon="112.47391032"></trkpt>
  <trkpt lat="-7.77809174" lon="112.47391032"></trkpt>
  <trkpt lat="-7.77803843" lon="112.47396363"></trkpt>
  <trkpt lat="-7.77798512" lon="112.47396363"></trkpt>
  <trkpt lat="-7.77793181" lon="112.47396363"></trkpt>
  <trkpt lat="-7.77793181" lon="112.47401694"></trkpt>
  <trkpt lat="-7.77787850" lon="112.47401694"></trkpt>
  <trkpt lat="-7.77782519" lon="112.47401694"></trkpt>
  <trkpt lat="-7.77777188" lon="112.47407025"></trkpt>
  <trkpt lat="-7.77771858" lon="112.47407025"></trkpt>
  <trkpt lat="-7.77771858" lon="112.47412356"></trkpt>
  <trkpt lat="-7.77766527" lon="112.47412356"></trkpt>
  <trkpt lat="-7.77761187" lon="112.47417687"></trkpt>
  <trkpt lat="-7.77761187" lon="112.47423017"></trkpt>
  <trkpt lat="-7.77755857" lon="112.47423017"></trkpt>
  <trkpt lat="-7.77755857" lon="112.47428348"></trkpt>
  <trkpt lat="-7.77750526" lon="112.47428348"></trkpt>
  <trkpt lat="-7.77750526" lon="112.47433679"></trkpt>
  <trkpt lat="-7.77750526" lon="112.47439018"></trkpt>
  <trkpt lat="-7.77745195" lon="112.47439018"></trkpt>
  <trkpt lat="-7.77745195" lon="112.47444349"></trkpt>
  <trkpt lat="-7.77745195" lon="112.47449680"></trkpt>
  <trkpt lat="-7.77745195" lon="112.47455011"></trkpt>
  <trkpt lat="-7.77739864" lon="112.47455011"></trkpt>
  <trkpt lat="-7.77739864" lon="112.47460342"></trkpt>
  <trkpt lat="-7.77739864" lon="112.47465673"></trkpt>
  <trkpt lat="-7.77739864" lon="112.47471004"></trkpt>
  <trkpt lat="-7.77734533" lon="112.47471004"></trkpt>
  <trkpt lat="-7.77734533" lon="112.47476335"></trkpt>
  <trkpt lat="-7.77729202" lon="112.47476335"></trkpt>
  <trkpt lat="-7.77729202" lon="112.47481666"></trkpt>
  <trkpt lat="-7.77729202" lon="112.47486996"></trkpt>
  <trkpt lat="-7.77723871" lon="112.47492327"></trkpt>
  <trkpt lat="-7.77723871" lon="112.47497658"></trkpt>
  <trkpt lat="-7.77723871" lon="112.47502998"></trkpt>
  <trkpt lat="-7.77718540" lon="112.47502998"></trkpt>
  <trkpt lat="-7.77718540" lon="112.47508328"></trkpt>
  <trkpt lat="-7.77718540" lon="112.47513659"></trkpt>
  <trkpt lat="-7.77713209" lon="112.47513659"></trkpt>
  <trkpt lat="-7.77707879" lon="112.47518990"></trkpt>
  <trkpt lat="-7.77702548" lon="112.47518990"></trkpt>
  <trkpt lat="-7.77697217" lon="112.47524321"></trkpt>
  <trkpt lat="-7.77691886" lon="112.47524321"></trkpt>
  <trkpt lat="-7.77686555" lon="112.47524321"></trkpt>
  <trkpt lat="-7.77686555" lon="112.47529652"></trkpt>
  <trkpt lat="-7.77681224" lon="112.47529652"></trkpt>
  <trkpt lat="-7.77675893" lon="112.47529652"></trkpt>
  <trkpt lat="-7.77675893" lon="112.47534983"></trkpt>
  <trkpt lat="-7.77670562" lon="112.47534983"></trkpt>
  <trkpt lat="-7.77665231" lon="112.47540314"></trkpt>
  <trkpt lat="-7.77659900" lon="112.47540314"></trkpt>
  <trkpt lat="-7.77654570" lon="112.47545645"></trkpt>
  <trkpt lat="-7.77649230" lon="112.47545645"></trkpt>
  <trkpt lat="-7.77643899" lon="112.47545645"></trkpt>
  <trkpt lat="-7.77638569" lon="112.47545645"></trkpt>
  <trkpt lat="-7.77633238" lon="112.47550976"></trkpt>
  <trkpt lat="-7.77622576" lon="112.47550976"></trkpt>
  <trkpt lat="-7.77617245" lon="112.47556306"></trkpt>
  <trkpt lat="-7.77611914" lon="112.47556306"></trkpt>
  <trkpt lat="-7.77606583" lon="112.47556306"></trkpt>
  <trkpt lat="-7.77606583" lon="112.47561637"></trkpt>
  <trkpt lat="-7.77601252" lon="112.47561637"></trkpt>
  <trkpt lat="-7.77595921" lon="112.47561637"></trkpt>
  <trkpt lat="-7.77590591" lon="112.47561637"></trkpt>
  <trkpt lat="-7.77585260" lon="112.47561637"></trkpt>
  <trkpt lat="-7.77585260" lon="112.47566977"></trkpt>
  <trkpt lat="-7.77579929" lon="112.47566977"></trkpt>
  <trkpt lat="-7.77579929" lon="112.47561637"></trkpt>
  <trkpt lat="-7.77574598" lon="112.47566977"></trkpt>
  <trkpt lat="-7.77569267" lon="112.47566977"></trkpt>
  <trkpt lat="-7.77569267" lon="112.47572307"></trkpt>
  <trkpt lat="-7.77563936" lon="112.47577638"></trkpt>
  <trkpt lat="-7.77558605" lon="112.47577638"></trkpt>
  <trkpt lat="-7.77553274" lon="112.47577638"></trkpt>
  <trkpt lat="-7.77553274" lon="112.47582969"></trkpt>
  <trkpt lat="-7.77558605" lon="112.47582969"></trkpt>
  <trkpt lat="-7.77553274" lon="112.47582969"></trkpt>
  <trkpt lat="-7.77547943" lon="112.47577638"></trkpt>
 </trkseg>
</trk>
<trk>
 <name>Track 240</name>
 <trkseg>
  <trkpt lat="-7.80421503" lon="112.43696909"></trkpt>
  <trkpt lat="-7.80416172" lon="112.43696909"></trkpt>
  <trkpt lat="-7.80410841" lon="112.43702240"></trkpt>
  <trkpt lat="-7.80410841" lon="112.43696909"></trkpt>
  <trkpt lat="-7.80405510" lon="112.43691579"></trkpt>
  <trkpt lat="-7.80405510" lon="112.43686248"></trkpt>
  <trkpt lat="-7.80400179" lon="112.43686248"></trkpt>
  <trkpt lat="-7.80394848" lon="112.43686248"></trkpt>
  <trkpt lat="-7.80394848" lon="112.43680917"></trkpt>
  <trkpt lat="-7.80394848" lon="112.43675586"></trkpt>
  <trkpt lat="-7.80389518" lon="112.43664924"></trkpt>
  <trkpt lat="-7.80378856" lon="112.43664924"></trkpt>
  <trkpt lat="-7.80373525" lon="112.43654262"></trkpt>
  <trkpt lat="-7.80368194" lon="112.43654262"></trkpt>
  <trkpt lat="-7.80368194" lon="112.43643592"></trkpt>
  <trkpt lat="-7.80368194" lon="112.43638261"></trkpt>
  <trkpt lat="-7.80368194" lon="112.43632930"></trkpt>
  <trkpt lat="-7.80368194" lon="112.43627599"></trkpt>
  <trkpt lat="-7.80373525" lon="112.43627599"></trkpt>
  <trkpt lat="-7.80373525" lon="112.43622269"></trkpt>
  <trkpt lat="-7.80384187" lon="112.43600945"></trkpt>
  <trkpt lat="-7.80389518" lon="112.43595614"></trkpt>
  <trkpt lat="-7.80389518" lon="112.43584952"></trkpt>
  <trkpt lat="-7.80400179" lon="112.43579613"></trkpt>
  <trkpt lat="-7.80400179" lon="112.43574282"></trkpt>
  <trkpt lat="-7.80405510" lon="112.43563620"></trkpt>
  <trkpt lat="-7.80410841" lon="112.43558289"></trkpt>
  <trkpt lat="-7.80416172" lon="112.43558289"></trkpt>
  <trkpt lat="-7.80421503" lon="112.43552959"></trkpt>
  <trkpt lat="-7.80426834" lon="112.43552959"></trkpt>
  <trkpt lat="-7.80432165" lon="112.43552959"></trkpt>
  <trkpt lat="-7.80437496" lon="112.43547628"></trkpt>
  <trkpt lat="-7.80442826" lon="112.43542297"></trkpt>
  <trkpt lat="-7.80453488" lon="112.43536966"></trkpt>
  <trkpt lat="-7.80464150" lon="112.43531635"></trkpt>
  <trkpt lat="-7.80469481" lon="112.43531635"></trkpt>
  <trkpt lat="-7.80474820" lon="112.43526304"></trkpt>
  <trkpt lat="-7.80480151" lon="112.43526304"></trkpt>
  <trkpt lat="-7.80485482" lon="112.43520973"></trkpt>
  <trkpt lat="-7.80496144" lon="112.43515642"></trkpt>
  <trkpt lat="-7.80512136" lon="112.43504972"></trkpt>
  <trkpt lat="-7.80522798" lon="112.43499641"></trkpt>
  <trkpt lat="-7.80533460" lon="112.43494310"></trkpt>
  <trkpt lat="-7.80544122" lon="112.43488980"></trkpt>
  <trkpt lat="-7.80554784" lon="112.43483649"></trkpt>
 </trkseg>
</trk>
<trk>
 <name>Track 243</name>
 <trkseg>
  <trkpt lat="-7.81146554" lon="112.43584952"></trkpt>
  <trkpt lat="-7.81141223" lon="112.43584952"></trkpt>
  <trkpt lat="-7.81135892" lon="112.43590283"></trkpt>
  <trkpt lat="-7.81130562" lon="112.43595614"></trkpt>
  <trkpt lat="-7.81130562" lon="112.43600945"></trkpt>
  <trkpt lat="-7.81125231" lon="112.43600945"></trkpt>
  <trkpt lat="-7.81130562" lon="112.43600945"></trkpt>
  <trkpt lat="-7.81125231" lon="112.43600945"></trkpt>
  <trkpt lat="-7.81119900" lon="112.43600945"></trkpt>
  <trkpt lat="-7.81114569" lon="112.43606276"></trkpt>
  <trkpt lat="-7.81103907" lon="112.43611607"></trkpt>
  <trkpt lat="-7.81093245" lon="112.43616938"></trkpt>
  <trkpt lat="-7.81071922" lon="112.43627599"></trkpt>
  <trkpt lat="-7.81066591" lon="112.43632930"></trkpt>
  <trkpt lat="-7.81055929" lon="112.43638261"></trkpt>
  <trkpt lat="-7.81050598" lon="112.43643592"></trkpt>
  <trkpt lat="-7.81045259" lon="112.43643592"></trkpt>
  <trkpt lat="-7.81039928" lon="112.43643592"></trkpt>
  <trkpt lat="-7.81034597" lon="112.43643592"></trkpt>
  <trkpt lat="-7.81039928" lon="112.43643592"></trkpt>
  <trkpt lat="-7.81034597" lon="112.43643592"></trkpt>
  <trkpt lat="-7.81029266" lon="112.43648931"></trkpt>
  <trkpt lat="-7.81018605" lon="112.43659593"></trkpt>
  <trkpt lat="-7.81007943" lon="112.43664924"></trkpt>
  <trkpt lat="-7.80991950" lon="112.43670255"></trkpt>
  <trkpt lat="-7.80981288" lon="112.43675586"></trkpt>
  <trkpt lat="-7.80965296" lon="112.43686248"></trkpt>
  <trkpt lat="-7.80949303" lon="112.43691579"></trkpt>
  <trkpt lat="-7.80933302" lon="112.43691579"></trkpt>
  <trkpt lat="-7.80922640" lon="112.43696909"></trkpt>
  <trkpt lat="-7.80906647" lon="112.43696909"></trkpt>
  <trkpt lat="-7.80890655" lon="112.43702240"></trkpt>
  <trkpt lat="-7.80879993" lon="112.43702240"></trkpt>
  <trkpt lat="-7.80869331" lon="112.43707571"></trkpt>
  <trkpt lat="-7.80858669" lon="112.43712910"></trkpt>
  <trkpt lat="-7.80848008" lon="112.43718241"></trkpt>
  <trkpt lat="-7.80837346" lon="112.43723572"></trkpt>
  <trkpt lat="-7.80826684" lon="112.43728903"></trkpt>
  <trkpt lat="-7.80810683" lon="112.43739565"></trkpt>
  <trkpt lat="-7.80800021" lon="112.43744896"></trkpt>
  <trkpt lat="-7.80789359" lon="112.43750227"></trkpt>
  <trkpt lat="-7.80773367" lon="112.43755558"></trkpt>
  <trkpt lat="-7.80762705" lon="112.43760888"></trkpt>
  <trkpt lat="-7.80746712" lon="112.43771550"></trkpt>
  <trkpt lat="-7.80736051" lon="112.43776890"></trkpt>
  <trkpt lat="-7.80720058" lon="112.43771550"></trkpt>
  <trkpt lat="-7.80720058" lon="112.43760888"></trkpt>
  <trkpt lat="-7.80709396" lon="112.43750227"></trkpt>
  <trkpt lat="-7.80709396" lon="112.43744896"></trkpt>
  <trkpt lat="-7.80698726" lon="112.43734234"></trkpt>
  <trkpt lat="-7.80693395" lon="112.43723572"></trkpt>
  <trkpt lat="-7.80688064" lon="112.43712910"></trkpt>
  <trkpt lat="-7.80682733" lon="112.43696909"></trkpt>
  <trkpt lat="-7.80677402" lon="112.43680917"></trkpt>
  <trkpt lat="-7.80677402" lon="112.43675586"></trkpt>
  <trkpt lat="-7.80672072" lon="112.43664924"></trkpt>
  <trkpt lat="-7.80666741" lon="112.43648931"></trkpt>
  <trkpt lat="-7.80661410" lon="112.43648931"></trkpt>
  <trkpt lat="-7.80645417" lon="112.43648931"></trkpt>
  <trkpt lat="-7.80634755" lon="112.43648931"></trkpt>
  <trkpt lat="-7.80624093" lon="112.43648931"></trkpt>
  <trkpt lat="-7.80613432" lon="112.43654262"></trkpt>
  <trkpt lat="-7.80602770" lon="112.43654262"></trkpt>
  <trkpt lat="-7.80592108" lon="112.43654262"></trkpt>
  <trkpt lat="-7.80592108" lon="112.43643592"></trkpt>
  <trkpt lat="-7.80586769" lon="112.43638261"></trkpt>
  <trkpt lat="-7.80581438" lon="112.43627599"></trkpt>
  <trkpt lat="-7.80576107" lon="112.43632930"></trkpt>
  <trkpt lat="-7.80570776" lon="112.43632930"></trkpt>
  <trkpt lat="-7.80554784" lon="112.43638261"></trkpt>
  <trkpt lat="-7.80533460" lon="112.43648931"></trkpt>
  <trkpt lat="-7.80528129" lon="112.43654262"></trkpt>
  <trkpt lat="-7.80522798" lon="112.43654262"></trkpt>
  <trkpt lat="-7.80512136" lon="112.43659593"></trkpt>
  <trkpt lat="-7.80506806" lon="112.43664924"></trkpt>
  <trkpt lat="-7.80496144" lon="112.43670255"></trkpt>
  <trkpt lat="-7.80485482" lon="112.43675586"></trkpt>
  <trkpt lat="-7.80474820" lon="112.43686248"></trkpt>
  <trkpt lat="-7.80464150" lon="112.43691579"></trkpt>
  <trkpt lat="-7.80458819" lon="112.43696909"></trkpt>
  <trkpt lat="-7.80448157" lon="112.43696909"></trkpt>
  <trkpt lat="-7.80442826" lon="112.43696909"></trkpt>
  <trkpt lat="-7.80437496" lon="112.43696909"></trkpt>
  <trkpt lat="-7.80421503" lon="112.43696909"></trkpt>
  <trkpt lat="-7.80416172" lon="112.43702240"></trkpt>
  <trkpt lat="-7.80410841" lon="112.43707571"></trkpt>
  <trkpt lat="-7.80405510" lon="112.43712910"></trkpt>
  <trkpt lat="-7.80400179" lon="112.43712910"></trkpt>
  <trkpt lat="-7.80389518" lon="112.43723572"></trkpt>
  <trkpt lat="-7.80378856" lon="112.43723572"></trkpt>
  <trkpt lat="-7.80362863" lon="112.43734234"></trkpt>
  <trkpt lat="-7.80357524" lon="112.43739565"></trkpt>
  <trkpt lat="-7.80346862" lon="112.43744896"></trkpt>
  <trkpt lat="-7.80336200" lon="112.43755558"></trkpt>
  <trkpt lat="-7.80330869" lon="112.43760888"></trkpt>
  <trkpt lat="-7.80325538" lon="112.43760888"></trkpt>
  <trkpt lat="-7.80320208" lon="112.43760888"></trkpt>
  <trkpt lat="-7.80309546" lon="112.43766219"></trkpt>
  <trkpt lat="-7.80298884" lon="112.43771550"></trkpt>
  <trkpt lat="-7.80288222" lon="112.43771550"></trkpt>
  <trkpt lat="-7.80282891" lon="112.43776890"></trkpt>
  <trkpt lat="-7.80266899" lon="112.43782220"></trkpt>
  <trkpt lat="-7.80261568" lon="112.43782220"></trkpt>
  <trkpt lat="-7.80256237" lon="112.43782220"></trkpt>
  <trkpt lat="-7.80250906" lon="112.43787551"></trkpt>
  <trkpt lat="-7.80240236" lon="112.43792882"></trkpt>
  <trkpt lat="-7.80229574" lon="112.43792882"></trkpt>
  <trkpt lat="-7.80218912" lon="112.43792882"></trkpt>
  <trkpt lat="-7.80213581" lon="112.43798213"></trkpt>
  <trkpt lat="-7.80202920" lon="112.43803544"></trkpt>
  <trkpt lat="-7.80186927" lon="112.43808875"></trkpt>
  <trkpt lat="-7.80176265" lon="112.43814206"></trkpt>
  <trkpt lat="-7.80170934" lon="112.43819537"></trkpt>
  <trkpt lat="-7.80165603" lon="112.43819537"></trkpt>
  <trkpt lat="-7.80160272" lon="112.43824868"></trkpt>
  <trkpt lat="-7.80149611" lon="112.43830198"></trkpt>
  <trkpt lat="-7.80138949" lon="112.43840869"></trkpt>
  <trkpt lat="-7.80133618" lon="112.43846199"></trkpt>
  <trkpt lat="-7.80128279" lon="112.43846199"></trkpt>
  <trkpt lat="-7.80117617" lon="112.43851530"></trkpt>
  <trkpt lat="-7.80112286" lon="112.43851530"></trkpt>
  <trkpt lat="-7.80101624" lon="112.43856861"></trkpt>
  <trkpt lat="-7.80090963" lon="112.43862192"></trkpt>
  <trkpt lat="-7.80074970" lon="112.43862192"></trkpt>
  <trkpt lat="-7.80064308" lon="112.43867523"></trkpt>
  <trkpt lat="-7.80064308" lon="112.43872854"></trkpt>
  <trkpt lat="-7.80053646" lon="112.43872854"></trkpt>
  <trkpt lat="-7.80048315" lon="112.43878185"></trkpt>
  <trkpt lat="-7.80042985" lon="112.43878185"></trkpt>
  <trkpt lat="-7.80037654" lon="112.43883516"></trkpt>
  <trkpt lat="-7.80026992" lon="112.43888847"></trkpt>
  <trkpt lat="-7.80021661" lon="112.43894177"></trkpt>
  <trkpt lat="-7.80010991" lon="112.43894177"></trkpt>
  <trkpt lat="-7.80005660" lon="112.43899508"></trkpt>
  <trkpt lat="-7.79994998" lon="112.43904848"></trkpt>
  <trkpt lat="-7.79984336" lon="112.43904848"></trkpt>
  <trkpt lat="-7.79973675" lon="112.43904848"></trkpt>
  <trkpt lat="-7.79963013" lon="112.43904848"></trkpt>
  <trkpt lat="-7.79957682" lon="112.43904848"></trkpt>
  <trkpt lat="-7.79947020" lon="112.43904848"></trkpt>
  <trkpt lat="-7.79941689" lon="112.43910179"></trkpt>
  <trkpt lat="-7.79941689" lon="112.43904848"></trkpt>
  <trkpt lat="-7.79936358" lon="112.43910179"></trkpt>
  <trkpt lat="-7.79920366" lon="112.43910179"></trkpt>
  <trkpt lat="-7.79904365" lon="112.43910179"></trkpt>
  <trkpt lat="-7.79893703" lon="112.43904848"></trkpt>
  <trkpt lat="-7.79883041" lon="112.43904848"></trkpt>
  <trkpt lat="-7.79872379" lon="112.43904848"></trkpt>
  <trkpt lat="-7.79856387" lon="112.43910179"></trkpt>
  <trkpt lat="-7.79851056" lon="112.43904848"></trkpt>
  <trkpt lat="-7.79835063" lon="112.43910179"></trkpt>
  <trkpt lat="-7.79824401" lon="112.43915509"></trkpt>
  <trkpt lat="-7.79813739" lon="112.43920840"></trkpt>
  <trkpt lat="-7.79803078" lon="112.43920840"></trkpt>
  <trkpt lat="-7.79797747" lon="112.43920840"></trkpt>
  <trkpt lat="-7.79792408" lon="112.43920840"></trkpt>
  <trkpt lat="-7.79787077" lon="112.43920840"></trkpt>
  <trkpt lat="-7.79776415" lon="112.43926171"></trkpt>
  <trkpt lat="-7.79760422" lon="112.43926171"></trkpt>
  <trkpt lat="-7.79749760" lon="112.43926171"></trkpt>
  <trkpt lat="-7.79744430" lon="112.43931502"></trkpt>
  <trkpt lat="-7.79739099" lon="112.43931502"></trkpt>
  <trkpt lat="-7.79733768" lon="112.43931502"></trkpt>
  <trkpt lat="-7.79728437" lon="112.43936833"></trkpt>
  <trkpt lat="-7.79717775" lon="112.43936833"></trkpt>
  <trkpt lat="-7.79707113" lon="112.43936833"></trkpt>
  <trkpt lat="-7.79696452" lon="112.43942164"></trkpt>
  <trkpt lat="-7.79691121" lon="112.43942164"></trkpt>
  <trkpt lat="-7.79685790" lon="112.43942164"></trkpt>
  <trkpt lat="-7.79675120" lon="112.43942164"></trkpt>
  <trkpt lat="-7.79669789" lon="112.43942164"></trkpt>
  <trkpt lat="-7.79659127" lon="112.43942164"></trkpt>
  <trkpt lat="-7.79653796" lon="112.43942164"></trkpt>
  <trkpt lat="-7.79648465" lon="112.43942164"></trkpt>
  <trkpt lat="-7.79637803" lon="112.43942164"></trkpt>
  <trkpt lat="-7.79632472" lon="112.43947495"></trkpt>
  <trkpt lat="-7.79621811" lon="112.43952826"></trkpt>
  <trkpt lat="-7.79611149" lon="112.43952826"></trkpt>
  <trkpt lat="-7.79600487" lon="112.43958157"></trkpt>
  <trkpt lat="-7.79589825" lon="112.43963487"></trkpt>
  <trkpt lat="-7.79579164" lon="112.43968827"></trkpt>
  <trkpt lat="-7.79568493" lon="112.43968827"></trkpt>
  <trkpt lat="-7.79557832" lon="112.43974158"></trkpt>
  <trkpt lat="-7.79552501" lon="112.43974158"></trkpt>
  <trkpt lat="-7.79547170" lon="112.43974158"></trkpt>
  <trkpt lat="-7.79541839" lon="112.43979488"></trkpt>
  <trkpt lat="-7.79531177" lon="112.43979488"></trkpt>
  <trkpt lat="-7.79520515" lon="112.43979488"></trkpt>
  <trkpt lat="-7.79509854" lon="112.43974158"></trkpt>
  <trkpt lat="-7.79499192" lon="112.43974158"></trkpt>
  <trkpt lat="-7.79493861" lon="112.43974158"></trkpt>
  <trkpt lat="-7.79488530" lon="112.43974158"></trkpt>
  <trkpt lat="-7.79472537" lon="112.43968827"></trkpt>
  <trkpt lat="-7.79461876" lon="112.43974158"></trkpt>
  <trkpt lat="-7.79445875" lon="112.43974158"></trkpt>
  <trkpt lat="-7.79440544" lon="112.43979488"></trkpt>
  <trkpt lat="-7.79424551" lon="112.43979488"></trkpt>
  <trkpt lat="-7.79403227" lon="112.43984819"></trkpt>
  <trkpt lat="-7.79397896" lon="112.43984819"></trkpt>
  <trkpt lat="-7.79387235" lon="112.43990150"></trkpt>
  <trkpt lat="-7.79376573" lon="112.43990150"></trkpt>
  <trkpt lat="-7.79365911" lon="112.43995481"></trkpt>
  <trkpt lat="-7.79355249" lon="112.44000812"></trkpt>
  <trkpt lat="-7.79349918" lon="112.44000812"></trkpt>
  <trkpt lat="-7.79339248" lon="112.44006143"></trkpt>
  <trkpt lat="-7.79328587" lon="112.44011474"></trkpt>
  <trkpt lat="-7.79317925" lon="112.44011474"></trkpt>
  <trkpt lat="-7.79312594" lon="112.44016805"></trkpt>
  <trkpt lat="-7.79301932" lon="112.44022136"></trkpt>
  <trkpt lat="-7.79291270" lon="112.44027467"></trkpt>
  <trkpt lat="-7.79280609" lon="112.44027467"></trkpt>
  <trkpt lat="-7.79269947" lon="112.44032806"></trkpt>
  <trkpt lat="-7.79253954" lon="112.44032806"></trkpt>
  <trkpt lat="-7.79243292" lon="112.44032806"></trkpt>
  <trkpt lat="-7.79227291" lon="112.44027467"></trkpt>
  <trkpt lat="-7.79211299" lon="112.44022136"></trkpt>
  <trkpt lat="-7.79200637" lon="112.44022136"></trkpt>
  <trkpt lat="-7.79189975" lon="112.44022136"></trkpt>
  <trkpt lat="-7.79179313" lon="112.44016805"></trkpt>
  <trkpt lat="-7.79173982" lon="112.44016805"></trkpt>
  <trkpt lat="-7.79163321" lon="112.44011474"></trkpt>
  <trkpt lat="-7.79152659" lon="112.44006143"></trkpt>
  <trkpt lat="-7.79141997" lon="112.43995481"></trkpt>
  <trkpt lat="-7.79131335" lon="112.43990150"></trkpt>
  <trkpt lat="-7.79120665" lon="112.43984819"></trkpt>
  <trkpt lat="-7.79104672" lon="112.43979488"></trkpt>
  <trkpt lat="-7.79099341" lon="112.43979488"></trkpt>
  <trkpt lat="-7.79094011" lon="112.43974158"></trkpt>
  <trkpt lat="-7.79083349" lon="112.43968827"></trkpt>
  <trkpt lat="-7.79078018" lon="112.43968827"></trkpt>
  <trkpt lat="-7.79072687" lon="112.43968827"></trkpt>
  <trkpt lat="-7.79062025" lon="112.43963487"></trkpt>
  <trkpt lat="-7.79056694" lon="112.43963487"></trkpt>
  <trkpt lat="-7.79046033" lon="112.43958157"></trkpt>
  <trkpt lat="-7.79035371" lon="112.43952826"></trkpt>
  <trkpt lat="-7.79024709" lon="112.43947495"></trkpt>
  <trkpt lat="-7.79019378" lon="112.43947495"></trkpt>
  <trkpt lat="-7.79014047" lon="112.43942164"></trkpt>
  <trkpt lat="-7.79003377" lon="112.43942164"></trkpt>
  <trkpt lat="-7.78992715" lon="112.43936833"></trkpt>
  <trkpt lat="-7.78987384" lon="112.43936833"></trkpt>
  <trkpt lat="-7.78976723" lon="112.43931502"></trkpt>
  <trkpt lat="-7.78966061" lon="112.43931502"></trkpt>
  <trkpt lat="-7.78955399" lon="112.43926171"></trkpt>
  <trkpt lat="-7.78944737" lon="112.43920840"></trkpt>
  <trkpt lat="-7.78939406" lon="112.43915509"></trkpt>
  <trkpt lat="-7.78934075" lon="112.43910179"></trkpt>
  <trkpt lat="-7.78923414" lon="112.43904848"></trkpt>
  <trkpt lat="-7.78918083" lon="112.43899508"></trkpt>
  <trkpt lat="-7.78912752" lon="112.43894177"></trkpt>
  <trkpt lat="-7.78907421" lon="112.43888847"></trkpt>
  <trkpt lat="-7.78902090" lon="112.43883516"></trkpt>
  <trkpt lat="-7.78896751" lon="112.43872854"></trkpt>
  <trkpt lat="-7.78891420" lon="112.43867523"></trkpt>
  <trkpt lat="-7.78891420" lon="112.43862192"></trkpt>
  <trkpt lat="-7.78886089" lon="112.43851530"></trkpt>
  <trkpt lat="-7.78880758" lon="112.43846199"></trkpt>
  <trkpt lat="-7.78880758" lon="112.43840869"></trkpt>
  <trkpt lat="-7.78875427" lon="112.43835529"></trkpt>
  <trkpt lat="-7.78875427" lon="112.43830198"></trkpt>
  <trkpt lat="-7.78870096" lon="112.43824868"></trkpt>
  <trkpt lat="-7.78864766" lon="112.43819537"></trkpt>
  <trkpt lat="-7.78864766" lon="112.43814206"></trkpt>
  <trkpt lat="-7.78864766" lon="112.43808875"></trkpt>
  <trkpt lat="-7.78859435" lon="112.43803544"></trkpt>
  <trkpt lat="-7.78859435" lon="112.43798213"></trkpt>
  <trkpt lat="-7.78854104" lon="112.43798213"></trkpt>
  <trkpt lat="-7.78854104" lon="112.43792882"></trkpt>
  <trkpt lat="-7.78854104" lon="112.43787551"></trkpt>
  <trkpt lat="-7.78848773" lon="112.43787551"></trkpt>
  <trkpt lat="-7.78848773" lon="112.43782220"></trkpt>
  <trkpt lat="-7.78843442" lon="112.43782220"></trkpt>
  <trkpt lat="-7.78843442" lon="112.43776890"></trkpt>
  <trkpt lat="-7.78843442" lon="112.43771550"></trkpt>
  <trkpt lat="-7.78838111" lon="112.43771550"></trkpt>
  <trkpt lat="-7.78838111" lon="112.43766219"></trkpt>
  <trkpt lat="-7.78832780" lon="112.43760888"></trkpt>
  <trkpt lat="-7.78827449" lon="112.43755558"></trkpt>
  <trkpt lat="-7.78822118" lon="112.43750227"></trkpt>
  <trkpt lat="-7.78822118" lon="112.43744896"></trkpt>
  <trkpt lat="-7.78816788" lon="112.43744896"></trkpt>
  <trkpt lat="-7.78816788" lon="112.43739565"></trkpt>
  <trkpt lat="-7.78811457" lon="112.43739565"></trkpt>
  <trkpt lat="-7.78806126" lon="112.43739565"></trkpt>
  <trkpt lat="-7.78806126" lon="112.43734234"></trkpt>
  <trkpt lat="-7.78806126" lon="112.43728903"></trkpt>
  <trkpt lat="-7.78800795" lon="112.43728903"></trkpt>
  <trkpt lat="-7.78800795" lon="112.43723572"></trkpt>
  <trkpt lat="-7.78795464" lon="112.43723572"></trkpt>
  <trkpt lat="-7.78790133" lon="112.43718241"></trkpt>
  <trkpt lat="-7.78790133" lon="112.43712910"></trkpt>
  <trkpt lat="-7.78784802" lon="112.43707571"></trkpt>
  <trkpt lat="-7.78784802" lon="112.43702240"></trkpt>
  <trkpt lat="-7.78779463" lon="112.43696909"></trkpt>
  <trkpt lat="-7.78779463" lon="112.43691579"></trkpt>
  <trkpt lat="-7.78779463" lon="112.43686248"></trkpt>
  <trkpt lat="-7.78779463" lon="112.43680917"></trkpt>
  <trkpt lat="-7.78774132" lon="112.43680917"></trkpt>
  <trkpt lat="-7.78779463" lon="112.43680917"></trkpt>
  <trkpt lat="-7.78779463" lon="112.43675586"></trkpt>
  <trkpt lat="-7.78774132" lon="112.43675586"></trkpt>
  <trkpt lat="-7.78774132" lon="112.43670255"></trkpt>
  <trkpt lat="-7.78774132" lon="112.43664924"></trkpt>
  <trkpt lat="-7.78774132" lon="112.43659593"></trkpt>
  <trkpt lat="-7.78774132" lon="112.43654262"></trkpt>
  <trkpt lat="-7.78768801" lon="112.43648931"></trkpt>
  <trkpt lat="-7.78768801" lon="112.43643592"></trkpt>
  <trkpt lat="-7.78768801" lon="112.43638261"></trkpt>
  <trkpt lat="-7.78763470" lon="112.43638261"></trkpt>
  <trkpt lat="-7.78763470" lon="112.43632930"></trkpt>
  <trkpt lat="-7.78763470" lon="112.43627599"></trkpt>
  <trkpt lat="-7.78768801" lon="112.43627599"></trkpt>
  <trkpt lat="-7.78763470" lon="112.43627599"></trkpt>
  <trkpt lat="-7.78763470" lon="112.43622269"></trkpt>
  <trkpt lat="-7.78763470" lon="112.43616938"></trkpt>
  <trkpt lat="-7.78763470" lon="112.43611607"></trkpt>
  <trkpt lat="-7.78763470" lon="112.43606276"></trkpt>
  <trkpt lat="-7.78763470" lon="112.43595614"></trkpt>
  <trkpt lat="-7.78763470" lon="112.43590283"></trkpt>
  <trkpt lat="-7.78752808" lon="112.43579613"></trkpt>
  <trkpt lat="-7.78747478" lon="112.43579613"></trkpt>
  <trkpt lat="-7.78742147" lon="112.43574282"></trkpt>
  <trkpt lat="-7.78736816" lon="112.43568951"></trkpt>
  <trkpt lat="-7.78731485" lon="112.43563620"></trkpt>
  <trkpt lat="-7.78726154" lon="112.43563620"></trkpt>
  <trkpt lat="-7.78720823" lon="112.43558289"></trkpt>
  <trkpt lat="-7.78715492" lon="112.43552959"></trkpt>
  <trkpt lat="-7.78710161" lon="112.43552959"></trkpt>
  <trkpt lat="-7.78704830" lon="112.43547628"></trkpt>
  <trkpt lat="-7.78699500" lon="112.43542297"></trkpt>
  <trkpt lat="-7.78694169" lon="112.43542297"></trkpt>
  <trkpt lat="-7.78683507" lon="112.43531635"></trkpt>
  <trkpt lat="-7.78678176" lon="112.43526304"></trkpt>
  <trkpt lat="-7.78678176" lon="112.43520973"></trkpt>
  <trkpt lat="-7.78672845" lon="112.43515642"></trkpt>
  <trkpt lat="-7.78667506" lon="112.43510303"></trkpt>
  <trkpt lat="-7.78667506" lon="112.43504972"></trkpt>
  <trkpt lat="-7.78667506" lon="112.43499641"></trkpt>
  <trkpt lat="-7.78662175" lon="112.43499641"></trkpt>
  <trkpt lat="-7.78656844" lon="112.43494310"></trkpt>
  <trkpt lat="-7.78656844" lon="112.43488980"></trkpt>
  <trkpt lat="-7.78651513" lon="112.43483649"></trkpt>
  <trkpt lat="-7.78646182" lon="112.43472987"></trkpt>
  <trkpt lat="-7.78646182" lon="112.43467656"></trkpt>
  <trkpt lat="-7.78646182" lon="112.43462325"></trkpt>
  <trkpt lat="-7.78640851" lon="112.43456994"></trkpt>
  <trkpt lat="-7.78635520" lon="112.43456994"></trkpt>
  <trkpt lat="-7.78624859" lon="112.43446324"></trkpt>
  <trkpt lat="-7.78614197" lon="112.43435662"></trkpt>
  <trkpt lat="-7.78608866" lon="112.43430331"></trkpt>
  <trkpt lat="-7.78603535" lon="112.43425000"></trkpt>
  <trkpt lat="-7.78598204" lon="112.43419670"></trkpt>
  <trkpt lat="-7.78587542" lon="112.43414339"></trkpt>
  <trkpt lat="-7.78582212" lon="112.43409008"></trkpt>
  <trkpt lat="-7.78576881" lon="112.43403677"></trkpt>
  <trkpt lat="-7.78571550" lon="112.43403677"></trkpt>
  <trkpt lat="-7.78566219" lon="112.43398346"></trkpt>
  <trkpt lat="-7.78560888" lon="112.43393015"></trkpt>
  <trkpt lat="-7.78555557" lon="112.43387684"></trkpt>
  <trkpt lat="-7.78550218" lon="112.43382345"></trkpt>
  <trkpt lat="-7.78550218" lon="112.43377014"></trkpt>
  <trkpt lat="-7.78539556" lon="112.43377014"></trkpt>
  <trkpt lat="-7.78539556" lon="112.43371683"></trkpt>
  <trkpt lat="-7.78528894" lon="112.43361021"></trkpt>
  <trkpt lat="-7.78523563" lon="112.43361021"></trkpt>
  <trkpt lat="-7.78518233" lon="112.43355691"></trkpt>
  <trkpt lat="-7.78512902" lon="112.43355691"></trkpt>
  <trkpt lat="-7.78512902" lon="112.43350360"></trkpt>
  <trkpt lat="-7.78507571" lon="112.43350360"></trkpt>
  <trkpt lat="-7.78496909" lon="112.43345029"></trkpt>
  <trkpt lat="-7.78491578" lon="112.43345029"></trkpt>
  <trkpt lat="-7.78486247" lon="112.43339698"></trkpt>
  <trkpt lat="-7.78480916" lon="112.43334367"></trkpt>
  <trkpt lat="-7.78475585" lon="112.43334367"></trkpt>
  <trkpt lat="-7.78470255" lon="112.43329036"></trkpt>
  <trkpt lat="-7.78464924" lon="112.43329036"></trkpt>
  <trkpt lat="-7.78464924" lon="112.43323705"></trkpt>
  <trkpt lat="-7.78459593" lon="112.43323705"></trkpt>
  <trkpt lat="-7.78454262" lon="112.43323705"></trkpt>
  <trkpt lat="-7.78454262" lon="112.43318366"></trkpt>
  <trkpt lat="-7.78448931" lon="112.43318366"></trkpt>
  <trkpt lat="-7.78438269" lon="112.43318366"></trkpt>
  <trkpt lat="-7.78427599" lon="112.43313035"></trkpt>
  <trkpt lat="-7.78422268" lon="112.43313035"></trkpt>
  <trkpt lat="-7.78411606" lon="112.43307704"></trkpt>
  <trkpt lat="-7.78400945" lon="112.43302373"></trkpt>
  <trkpt lat="-7.78395614" lon="112.43302373"></trkpt>
  <trkpt lat="-7.78384952" lon="112.43297042"></trkpt>
  <trkpt lat="-7.78379621" lon="112.43297042"></trkpt>
  <trkpt lat="-7.78374290" lon="112.43297042"></trkpt>
  <trkpt lat="-7.78368959" lon="112.43291711"></trkpt>
  <trkpt lat="-7.78363628" lon="112.43291711"></trkpt>
  <trkpt lat="-7.78352967" lon="112.43291711"></trkpt>
  <trkpt lat="-7.78347636" lon="112.43286381"></trkpt>
  <trkpt lat="-7.78342305" lon="112.43286381"></trkpt>
  <trkpt lat="-7.78336974" lon="112.43281050"></trkpt>
  <trkpt lat="-7.78331643" lon="112.43281050"></trkpt>
  <trkpt lat="-7.78326312" lon="112.43275719"></trkpt>
  <trkpt lat="-7.78315642" lon="112.43275719"></trkpt>
  <trkpt lat="-7.78310311" lon="112.43270388"></trkpt>
  <trkpt lat="-7.78299649" lon="112.43270388"></trkpt>
  <trkpt lat="-7.78294318" lon="112.43270388"></trkpt>
  <trkpt lat="-7.78288987" lon="112.43270388"></trkpt>
  <trkpt lat="-7.78283657" lon="112.43270388"></trkpt>
  <trkpt lat="-7.78278326" lon="112.43270388"></trkpt>
  <trkpt lat="-7.78272995" lon="112.43270388"></trkpt>
  <trkpt lat="-7.78267664" lon="112.43270388"></trkpt>
  <trkpt lat="-7.78262333" lon="112.43270388"></trkpt>
  <trkpt lat="-7.78251671" lon="112.43265057"></trkpt>
  <trkpt lat="-7.78246340" lon="112.43265057"></trkpt>
  <trkpt lat="-7.78241009" lon="112.43265057"></trkpt>
  <trkpt lat="-7.78235679" lon="112.43259726"></trkpt>
  <trkpt lat="-7.78225017" lon="112.43259726"></trkpt>
  <trkpt lat="-7.78214355" lon="112.43265057"></trkpt>
  <trkpt lat="-7.78214355" lon="112.43259726"></trkpt>
  <trkpt lat="-7.78209016" lon="112.43259726"></trkpt>
  <trkpt lat="-7.78198354" lon="112.43265057"></trkpt>
  <trkpt lat="-7.78193023" lon="112.43265057"></trkpt>
  <trkpt lat="-7.78187692" lon="112.43265057"></trkpt>
  <trkpt lat="-7.78177030" lon="112.43270388"></trkpt>
  <trkpt lat="-7.78166369" lon="112.43270388"></trkpt>
  <trkpt lat="-7.78161038" lon="112.43270388"></trkpt>
  <trkpt lat="-7.78155707" lon="112.43270388"></trkpt>
  <trkpt lat="-7.78150376" lon="112.43270388"></trkpt>
  <trkpt lat="-7.78139714" lon="112.43270388"></trkpt>
  <trkpt lat="-7.78134383" lon="112.43270388"></trkpt>
  <trkpt lat="-7.78123721" lon="112.43270388"></trkpt>
  <trkpt lat="-7.78107729" lon="112.43270388"></trkpt>
  <trkpt lat="-7.78102398" lon="112.43275719"></trkpt>
  <trkpt lat="-7.78097059" lon="112.43275719"></trkpt>
  <trkpt lat="-7.78091728" lon="112.43275719"></trkpt>
  <trkpt lat="-7.78086397" lon="112.43275719"></trkpt>
  <trkpt lat="-7.78081066" lon="112.43275719"></trkpt>
  <trkpt lat="-7.78070404" lon="112.43281050"></trkpt>
  <trkpt lat="-7.78065073" lon="112.43281050"></trkpt>
  <trkpt lat="-7.78054412" lon="112.43281050"></trkpt>
  <trkpt lat="-7.78049081" lon="112.43281050"></trkpt>
  <trkpt lat="-7.78043750" lon="112.43281050"></trkpt>
  <trkpt lat="-7.78033088" lon="112.43281050"></trkpt>
  <trkpt lat="-7.78027757" lon="112.43281050"></trkpt>
  <trkpt lat="-7.78022426" lon="112.43281050"></trkpt>
  <trkpt lat="-7.78017095" lon="112.43281050"></trkpt>
  <trkpt lat="-7.78011764" lon="112.43275719"></trkpt>
  <trkpt lat="-7.78001103" lon="112.43270388"></trkpt>
  <trkpt lat="-7.77995772" lon="112.43270388"></trkpt>
  <trkpt lat="-7.77990441" lon="112.43265057"></trkpt>
  <trkpt lat="-7.77985102" lon="112.43259726"></trkpt>
  <trkpt lat="-7.77979771" lon="112.43259726"></trkpt>
  <trkpt lat="-7.77979771" lon="112.43254387"></trkpt>
  <trkpt lat="-7.77974440" lon="112.43249056"></trkpt>
  <trkpt lat="-7.77969109" lon="112.43243725"></trkpt>
  <trkpt lat="-7.77963778" lon="112.43238394"></trkpt>
  <trkpt lat="-7.77958447" lon="112.43233063"></trkpt>
  <trkpt lat="-7.77958447" lon="112.43227732"></trkpt>
  <trkpt lat="-7.77953116" lon="112.43227732"></trkpt>
  <trkpt lat="-7.77953116" lon="112.43222401"></trkpt>
  <trkpt lat="-7.77947785" lon="112.43222401"></trkpt>
  <trkpt lat="-7.77947785" lon="112.43217071"></trkpt>
  <trkpt lat="-7.77942454" lon="112.43217071"></trkpt>
  <trkpt lat="-7.77942454" lon="112.43211740"></trkpt>
  <trkpt lat="-7.77937124" lon="112.43206409"></trkpt>
  <trkpt lat="-7.77931793" lon="112.43201078"></trkpt>
  <trkpt lat="-7.77931793" lon="112.43195747"></trkpt>
  <trkpt lat="-7.77926462" lon="112.43190416"></trkpt>
  <trkpt lat="-7.77921131" lon="112.43185077"></trkpt>
  <trkpt lat="-7.77910469" lon="112.43179746"></trkpt>
  <trkpt lat="-7.77910469" lon="112.43174415"></trkpt>
  <trkpt lat="-7.77905138" lon="112.43169084"></trkpt>
  <trkpt lat="-7.77899807" lon="112.43169084"></trkpt>
  <trkpt lat="-7.77894476" lon="112.43163753"></trkpt>
  <trkpt lat="-7.77889146" lon="112.43158422"></trkpt>
  <trkpt lat="-7.77889146" lon="112.43153092"></trkpt>
  <trkpt lat="-7.77883815" lon="112.43153092"></trkpt>
  <trkpt lat="-7.77873144" lon="112.43147761"></trkpt>
  <trkpt lat="-7.77862483" lon="112.43147761"></trkpt>
  <trkpt lat="-7.77857152" lon="112.43147761"></trkpt>
  <trkpt lat="-7.77846490" lon="112.43142430"></trkpt>
  <trkpt lat="-7.77835828" lon="112.43137099"></trkpt>
  <trkpt lat="-7.77825166" lon="112.43137099"></trkpt>
  <trkpt lat="-7.77814505" lon="112.43131768"></trkpt>
  <trkpt lat="-7.77809174" lon="112.43126437"></trkpt>
  <trkpt lat="-7.77798512" lon="112.43126437"></trkpt>
  <trkpt lat="-7.77793181" lon="112.43121106"></trkpt>
  <trkpt lat="-7.77787850" lon="112.43115767"></trkpt>
  <trkpt lat="-7.77777188" lon="112.43115767"></trkpt>
  <trkpt lat="-7.77771858" lon="112.43110436"></trkpt>
  <trkpt lat="-7.77766527" lon="112.43110436"></trkpt>
  <trkpt lat="-7.77755857" lon="112.43105105"></trkpt>
  <trkpt lat="-7.77750526" lon="112.43099774"></trkpt>
  <trkpt lat="-7.77745195" lon="112.43099774"></trkpt>
  <trkpt lat="-7.77729202" lon="112.43099774"></trkpt>
  <trkpt lat="-7.77723871" lon="112.43099774"></trkpt>
  <trkpt lat="-7.77713209" lon="112.43094443"></trkpt>
  <trkpt lat="-7.77702548" lon="112.43094443"></trkpt>
  <trkpt lat="-7.77697217" lon="112.43094443"></trkpt>
  <trkpt lat="-7.77691886" lon="112.43094443"></trkpt>
  <trkpt lat="-7.77686555" lon="112.43089112"></trkpt>
  <trkpt lat="-7.77681224" lon="112.43089112"></trkpt>
  <trkpt lat="-7.77675893" lon="112.43089112"></trkpt>
  <trkpt lat="-7.77670562" lon="112.43083782"></trkpt>
  <trkpt lat="-7.77665231" lon="112.43083782"></trkpt>
  <trkpt lat="-7.77659900" lon="112.43083782"></trkpt>
  <trkpt lat="-7.77654570" lon="112.43078451"></trkpt>
  <trkpt lat="-7.77649230" lon="112.43073120"></trkpt>
  <trkpt lat="-7.77643899" lon="112.43073120"></trkpt>
  <trkpt lat="-7.77638569" lon="112.43073120"></trkpt>
  <trkpt lat="-7.77633238" lon="112.43073120"></trkpt>
  <trkpt lat="-7.77627907" lon="112.43073120"></trkpt>
  <trkpt lat="-7.77611914" lon="112.43067789"></trkpt>
  <trkpt lat="-7.77606583" lon="112.43062458"></trkpt>
  <trkpt lat="-7.77601252" lon="112.43062458"></trkpt>
  <trkpt lat="-7.77595921" lon="112.43062458"></trkpt>
  <trkpt lat="-7.77595921" lon="112.43057127"></trkpt>
  <trkpt lat="-7.77590591" lon="112.43057127"></trkpt>
  <trkpt lat="-7.77585260" lon="112.43057127"></trkpt>
  <trkpt lat="-7.77579929" lon="112.43051788"></trkpt>
  <trkpt lat="-7.77569267" lon="112.43051788"></trkpt>
  <trkpt lat="-7.77563936" lon="112.43051788"></trkpt>
  <trkpt lat="-7.77558605" lon="112.43051788"></trkpt>
  <trkpt lat="-7.77547943" lon="112.43051788"></trkpt>
  <trkpt lat="-7.77542613" lon="112.43051788"></trkpt>
  <trkpt lat="-7.77531942" lon="112.43046457"></trkpt>
  <trkpt lat="-7.77526611" lon="112.43046457"></trkpt>
  <trkpt lat="-7.77521281" lon="112.43046457"></trkpt>
  <trkpt lat="-7.77510619" lon="112.43046457"></trkpt>
  <trkpt lat="-7.77505288" lon="112.43046457"></trkpt>
  <trkpt lat="-7.77499957" lon="112.43041126"></trkpt>
  <trkpt lat="-7.77489295" lon="112.43035795"></trkpt>
  <trkpt lat="-7.77483964" lon="112.43035795"></trkpt>
  <trkpt lat="-7.77483964" lon="112.43030464"></trkpt>
  <trkpt lat="-7.77478633" lon="112.43030464"></trkpt>
  <trkpt lat="-7.77473303" lon="112.43030464"></trkpt>
  <trkpt lat="-7.77467972" lon="112.43030464"></trkpt>
  <trkpt lat="-7.77457310" lon="112.43030464"></trkpt>
  <trkpt lat="-7.77451979" lon="112.43030464"></trkpt>
  <trkpt lat="-7.77441317" lon="112.43030464"></trkpt>
  <trkpt lat="-7.77430655" lon="112.43025133"></trkpt>
  <trkpt lat="-7.77425316" lon="112.43030464"></trkpt>
  <trkpt lat="-7.77419985" lon="112.43025133"></trkpt>
  <trkpt lat="-7.77414654" lon="112.43030464"></trkpt>
  <trkpt lat="-7.77403993" lon="112.43025133"></trkpt>
  <trkpt lat="-7.77398662" lon="112.43025133"></trkpt>
  <trkpt lat="-7.77393331" lon="112.43025133"></trkpt>
  <trkpt lat="-7.77388000" lon="112.43025133"></trkpt>
  <trkpt lat="-7.77382669" lon="112.43025133"></trkpt>
  <trkpt lat="-7.77372007" lon="112.43025133"></trkpt>
  <trkpt lat="-7.77366676" lon="112.43019802"></trkpt>
  <trkpt lat="-7.77356015" lon="112.43019802"></trkpt>
  <trkpt lat="-7.77356015" lon="112.43025133"></trkpt>
  <trkpt lat="-7.77350684" lon="112.43019802"></trkpt>
  <trkpt lat="-7.77345353" lon="112.43019802"></trkpt>
  <trkpt lat="-7.77340022" lon="112.43019802"></trkpt>
  <trkpt lat="-7.77334691" lon="112.43019802"></trkpt>
  <trkpt lat="-7.77329360" lon="112.43019802"></trkpt>
  <trkpt lat="-7.77318698" lon="112.43019802"></trkpt>
  <trkpt lat="-7.77313359" lon="112.43014472"></trkpt>
  <trkpt lat="-7.77308028" lon="112.43014472"></trkpt>
  <trkpt lat="-7.77297366" lon="112.43014472"></trkpt>
  <trkpt lat="-7.77292036" lon="112.43014472"></trkpt>
  <trkpt lat="-7.77297366" lon="112.43014472"></trkpt>
  <trkpt lat="-7.77292036" lon="112.43014472"></trkpt>
  <trkpt lat="-7.77297366" lon="112.43014472"></trkpt>
  <trkpt lat="-7.77292036" lon="112.43014472"></trkpt>
  <trkpt lat="-7.77297366" lon="112.43014472"></trkpt>
  <trkpt lat="-7.77292036" lon="112.43014472"></trkpt>
  <trkpt lat="-7.77292036" lon="112.43009141"></trkpt>
  <trkpt lat="-7.77297366" lon="112.43014472"></trkpt>
  <trkpt lat="-7.77297366" lon="112.43009141"></trkpt>
  <trkpt lat="-7.77297366" lon="112.43014472"></trkpt>
  <trkpt lat="-7.77292036" lon="112.43014472"></trkpt>
  <trkpt lat="-7.77297366" lon="112.43014472"></trkpt>
  <trkpt lat="-7.77292036" lon="112.43014472"></trkpt>
  <trkpt lat="-7.77297366" lon="112.43014472"></trkpt>
  <trkpt lat="-7.77292036" lon="112.43014472"></trkpt>
  <trkpt lat="-7.77297366" lon="112.43014472"></trkpt>
  <trkpt lat="-7.77292036" lon="112.43009141"></trkpt>
  <trkpt lat="-7.77292036" lon="112.43014472"></trkpt>
  <trkpt lat="-7.77297366" lon="112.43014472"></trkpt>
  <trkpt lat="-7.77292036" lon="112.43014472"></trkpt>
  <trkpt lat="-7.77297366" lon="112.43014472"></trkpt>
  <trkpt lat="-7.77292036" lon="112.43014472"></trkpt>
  <trkpt lat="-7.77297366" lon="112.43014472"></trkpt>
  <trkpt lat="-7.77292036" lon="112.43014472"></trkpt>
 </trkseg>
</trk>
<trk>
 <name>Track 245</name>
 <trkseg>
  <trkpt lat="-7.74738355" lon="112.52748602"></trkpt>
  <trkpt lat="-7.74733024" lon="112.52748602"></trkpt>
  <trkpt lat="-7.74733024" lon="112.52743271"></trkpt>
  <trkpt lat="-7.74733024" lon="112.52737940"></trkpt>
  <trkpt lat="-7.74733024" lon="112.52732609"></trkpt>
  <trkpt lat="-7.74733024" lon="112.52748602"></trkpt>
  <trkpt lat="-7.74738355" lon="112.52748602"></trkpt>
  <trkpt lat="-7.74738355" lon="112.52753933"></trkpt>
  <trkpt lat="-7.74743685" lon="112.52753933"></trkpt>
  <trkpt lat="-7.74738355" lon="112.52748602"></trkpt>
  <trkpt lat="-7.74738355" lon="112.52753933"></trkpt>
  <trkpt lat="-7.74738355" lon="112.52748602"></trkpt>
  <trkpt lat="-7.74738355" lon="112.52753933"></trkpt>
  <trkpt lat="-7.74738355" lon="112.52748602"></trkpt>
  <trkpt lat="-7.74733024" lon="112.52748602"></trkpt>
  <trkpt lat="-7.74733024" lon="112.52743271"></trkpt>
  <trkpt lat="-7.74733024" lon="112.52737940"></trkpt>
  <trkpt lat="-7.74733024" lon="112.52721948"></trkpt>
  <trkpt lat="-7.74733024" lon="112.52705947"></trkpt>
  <trkpt lat="-7.74722362" lon="112.52695285"></trkpt>
  <trkpt lat="-7.74717031" lon="112.52684623"></trkpt>
  <trkpt lat="-7.74706361" lon="112.52673961"></trkpt>
  <trkpt lat="-7.74695699" lon="112.52663299"></trkpt>
  <trkpt lat="-7.74685037" lon="112.52647298"></trkpt>
  <trkpt lat="-7.74674376" lon="112.52636637"></trkpt>
  <trkpt lat="-7.74674376" lon="112.52625975"></trkpt>
  <trkpt lat="-7.74674376" lon="112.52620644"></trkpt>
  <trkpt lat="-7.74674376" lon="112.52615313"></trkpt>
  <trkpt lat="-7.74679706" lon="112.52599320"></trkpt>
  <trkpt lat="-7.74685037" lon="112.52583319"></trkpt>
  <trkpt lat="-7.74685037" lon="112.52572658"></trkpt>
  <trkpt lat="-7.74701030" lon="112.52567327"></trkpt>
  <trkpt lat="-7.74711700" lon="112.52561996"></trkpt>
  <trkpt lat="-7.74711700" lon="112.52551334"></trkpt>
  <trkpt lat="-7.74701030" lon="112.52535341"></trkpt>
  <trkpt lat="-7.74717031" lon="112.52519340"></trkpt>
  <trkpt lat="-7.74733024" lon="112.52508678"></trkpt>
  <trkpt lat="-7.74738355" lon="112.52503348"></trkpt>
  <trkpt lat="-7.74743685" lon="112.52492686"></trkpt>
  <trkpt lat="-7.74743685" lon="112.52482024"></trkpt>
  <trkpt lat="-7.74738355" lon="112.52466031"></trkpt>
  <trkpt lat="-7.74743685" lon="112.52455361"></trkpt>
  <trkpt lat="-7.74749016" lon="112.52439369"></trkpt>
  <trkpt lat="-7.74749016" lon="112.52428707"></trkpt>
  <trkpt lat="-7.74754347" lon="112.52412714"></trkpt>
  <trkpt lat="-7.74759678" lon="112.52402052"></trkpt>
  <trkpt lat="-7.74759678" lon="112.52391382"></trkpt>
  <trkpt lat="-7.74765009" lon="112.52386051"></trkpt>
  <trkpt lat="-7.74759678" lon="112.52364728"></trkpt>
  <trkpt lat="-7.74765009" lon="112.52354066"></trkpt>
  <trkpt lat="-7.74765009" lon="112.52343404"></trkpt>
  <trkpt lat="-7.74770340" lon="112.52332734"></trkpt>
  <trkpt lat="-7.74775671" lon="112.52322072"></trkpt>
  <trkpt lat="-7.74781002" lon="112.52322072"></trkpt>
  <trkpt lat="-7.74781002" lon="112.52306079"></trkpt>
  <trkpt lat="-7.74786333" lon="112.52290087"></trkpt>
  <trkpt lat="-7.74796994" lon="112.52279425"></trkpt>
  <trkpt lat="-7.74796994" lon="112.52268763"></trkpt>
  <trkpt lat="-7.74802325" lon="112.52258093"></trkpt>
  <trkpt lat="-7.74796994" lon="112.52252762"></trkpt>
  <trkpt lat="-7.74796994" lon="112.52242100"></trkpt>
  <trkpt lat="-7.74796994" lon="112.52231439"></trkpt>
  <trkpt lat="-7.74796994" lon="112.52220777"></trkpt>
  <trkpt lat="-7.74796994" lon="112.52210115"></trkpt>
  <trkpt lat="-7.74796994" lon="112.52199445"></trkpt>
  <trkpt lat="-7.74802325" lon="112.52188783"></trkpt>
  <trkpt lat="-7.74796994" lon="112.52183452"></trkpt>
  <trkpt lat="-7.74796994" lon="112.52178121"></trkpt>
  <trkpt lat="-7.74796994" lon="112.52167460"></trkpt>
  <trkpt lat="-7.74802325" lon="112.52156798"></trkpt>
  <trkpt lat="-7.74802325" lon="112.52151467"></trkpt>
  <trkpt lat="-7.74812987" lon="112.52146136"></trkpt>
  <trkpt lat="-7.74812987" lon="112.52135466"></trkpt>
  <trkpt lat="-7.74812987" lon="112.52124804"></trkpt>
  <trkpt lat="-7.74818318" lon="112.52114142"></trkpt>
  <trkpt lat="-7.74823649" lon="112.52098150"></trkpt>
  <trkpt lat="-7.74823649" lon="112.52087488"></trkpt>
  <trkpt lat="-7.74828988" lon="112.52082157"></trkpt>
  <trkpt lat="-7.74828988" lon="112.52071495"></trkpt>
  <trkpt lat="-7.74828988" lon="112.52060825"></trkpt>
  <trkpt lat="-7.74823649" lon="112.52060825"></trkpt>
  <trkpt lat="-7.74818318" lon="112.52055494"></trkpt>
  <trkpt lat="-7.74818318" lon="112.52050163"></trkpt>
  <trkpt lat="-7.74818318" lon="112.52044832"></trkpt>
  <trkpt lat="-7.74812987" lon="112.52044832"></trkpt>
  <trkpt lat="-7.74802325" lon="112.52034171"></trkpt>
  <trkpt lat="-7.74802325" lon="112.52028840"></trkpt>
  <trkpt lat="-7.74807656" lon="112.52028840"></trkpt>
  <trkpt lat="-7.74796994" lon="112.52023509"></trkpt>
  <trkpt lat="-7.74786333" lon="112.52018178"></trkpt>
  <trkpt lat="-7.74791664" lon="112.52012847"></trkpt>
  <trkpt lat="-7.74786333" lon="112.52012847"></trkpt>
  <trkpt lat="-7.74786333" lon="112.52007516"></trkpt>
  <trkpt lat="-7.74786333" lon="112.52002177"></trkpt>
  <trkpt lat="-7.74791664" lon="112.51996846"></trkpt>
  <trkpt lat="-7.74791664" lon="112.51991515"></trkpt>
  <trkpt lat="-7.74791664" lon="112.51986184"></trkpt>
  <trkpt lat="-7.74791664" lon="112.51980853"></trkpt>
  <trkpt lat="-7.74791664" lon="112.51975522"></trkpt>
  <trkpt lat="-7.74791664" lon="112.51970191"></trkpt>
  <trkpt lat="-7.74791664" lon="112.51964861"></trkpt>
  <trkpt lat="-7.74796994" lon="112.51970191"></trkpt>
  <trkpt lat="-7.74791664" lon="112.51964861"></trkpt>
  <trkpt lat="-7.74791664" lon="112.51959530"></trkpt>
  <trkpt lat="-7.74786333" lon="112.51943537"></trkpt>
  <trkpt lat="-7.74781002" lon="112.51932867"></trkpt>
  <trkpt lat="-7.74781002" lon="112.51922205"></trkpt>
  <trkpt lat="-7.74781002" lon="112.51916874"></trkpt>
  <trkpt lat="-7.74781002" lon="112.51911543"></trkpt>
  <trkpt lat="-7.74781002" lon="112.51884889"></trkpt>
  <trkpt lat="-7.74781002" lon="112.51874227"></trkpt>
  <trkpt lat="-7.74770340" lon="112.51858226"></trkpt>
  <trkpt lat="-7.74770340" lon="112.51847564"></trkpt>
  <trkpt lat="-7.74770340" lon="112.51836902"></trkpt>
  <trkpt lat="-7.74770340" lon="112.51826241"></trkpt>
  <trkpt lat="-7.74759678" lon="112.51804909"></trkpt>
  <trkpt lat="-7.74759678" lon="112.51799578"></trkpt>
  <trkpt lat="-7.74765009" lon="112.51788916"></trkpt>
  <trkpt lat="-7.74765009" lon="112.51783585"></trkpt>
  <trkpt lat="-7.74765009" lon="112.51778254"></trkpt>
  <trkpt lat="-7.74765009" lon="112.51772923"></trkpt>
  <trkpt lat="-7.74759678" lon="112.51767593"></trkpt>
  <trkpt lat="-7.74759678" lon="112.51762262"></trkpt>
  <trkpt lat="-7.74759678" lon="112.51735599"></trkpt>
  <trkpt lat="-7.74759678" lon="112.51730268"></trkpt>
  <trkpt lat="-7.74765009" lon="112.51724937"></trkpt>
  <trkpt lat="-7.74765009" lon="112.51719606"></trkpt>
  <trkpt lat="-7.74765009" lon="112.51714275"></trkpt>
  <trkpt lat="-7.74765009" lon="112.51703613"></trkpt>
  <trkpt lat="-7.74765009" lon="112.51698283"></trkpt>
  <trkpt lat="-7.74765009" lon="112.51692952"></trkpt>
  <trkpt lat="-7.74765009" lon="112.51687621"></trkpt>
  <trkpt lat="-7.74759678" lon="112.51676951"></trkpt>
  <trkpt lat="-7.74759678" lon="112.51671620"></trkpt>
  <trkpt lat="-7.74759678" lon="112.51660958"></trkpt>
  <trkpt lat="-7.74765009" lon="112.51655627"></trkpt>
  <trkpt lat="-7.74765009" lon="112.51650296"></trkpt>
  <trkpt lat="-7.74765009" lon="112.51639634"></trkpt>
  <trkpt lat="-7.74770340" lon="112.51634303"></trkpt>
  <trkpt lat="-7.74770340" lon="112.51628973"></trkpt>
  <trkpt lat="-7.74770340" lon="112.51623642"></trkpt>
  <trkpt lat="-7.74770340" lon="112.51607641"></trkpt>
  <trkpt lat="-7.74770340" lon="112.51596979"></trkpt>
  <trkpt lat="-7.74770340" lon="112.51591648"></trkpt>
  <trkpt lat="-7.74770340" lon="112.51586317"></trkpt>
  <trkpt lat="-7.74770340" lon="112.51580986"></trkpt>
  <trkpt lat="-7.74765009" lon="112.51570324"></trkpt>
  <trkpt lat="-7.74765009" lon="112.51564994"></trkpt>
  <trkpt lat="-7.74759678" lon="112.51543662"></trkpt>
  <trkpt lat="-7.74759678" lon="112.51538331"></trkpt>
  <trkpt lat="-7.74754347" lon="112.51527669"></trkpt>
  <trkpt lat="-7.74754347" lon="112.51522338"></trkpt>
  <trkpt lat="-7.74749016" lon="112.51522338"></trkpt>
  <trkpt lat="-7.74749016" lon="112.51517007"></trkpt>
  <trkpt lat="-7.74743685" lon="112.51517007"></trkpt>
  <trkpt lat="-7.74743685" lon="112.51511676"></trkpt>
  <trkpt lat="-7.74743685" lon="112.51506345"></trkpt>
  <trkpt lat="-7.74749016" lon="112.51501014"></trkpt>
  <trkpt lat="-7.74743685" lon="112.51495684"></trkpt>
  <trkpt lat="-7.74749016" lon="112.51495684"></trkpt>
  <trkpt lat="-7.74749016" lon="112.51490353"></trkpt>
  <trkpt lat="-7.74749016" lon="112.51485013"></trkpt>
  <trkpt lat="-7.74749016" lon="112.51479683"></trkpt>
  <trkpt lat="-7.74749016" lon="112.51474352"></trkpt>
  <trkpt lat="-7.74749016" lon="112.51469021"></trkpt>
  <trkpt lat="-7.74749016" lon="112.51463690"></trkpt>
  <trkpt lat="-7.74754347" lon="112.51458359"></trkpt>
  <trkpt lat="-7.74754347" lon="112.51453028"></trkpt>
  <trkpt lat="-7.74754347" lon="112.51447697"></trkpt>
  <trkpt lat="-7.74754347" lon="112.51442366"></trkpt>
  <trkpt lat="-7.74754347" lon="112.51437035"></trkpt>
  <trkpt lat="-7.74759678" lon="112.51431704"></trkpt>
  <trkpt lat="-7.74759678" lon="112.51426374"></trkpt>
  <trkpt lat="-7.74765009" lon="112.51426374"></trkpt>
  <trkpt lat="-7.74765009" lon="112.51421034"></trkpt>
  <trkpt lat="-7.74759678" lon="112.51421034"></trkpt>
  <trkpt lat="-7.74759678" lon="112.51415703"></trkpt>
  <trkpt lat="-7.74759678" lon="112.51410373"></trkpt>
  <trkpt lat="-7.74759678" lon="112.51405042"></trkpt>
  <trkpt lat="-7.74765009" lon="112.51405042"></trkpt>
  <trkpt lat="-7.74765009" lon="112.51410373"></trkpt>
  <trkpt lat="-7.74770340" lon="112.51410373"></trkpt>
  <trkpt lat="-7.74781002" lon="112.51405042"></trkpt>
  <trkpt lat="-7.74791664" lon="112.51405042"></trkpt>
  <trkpt lat="-7.74796994" lon="112.51399711"></trkpt>
  <trkpt lat="-7.74807656" lon="112.51394380"></trkpt>
  <trkpt lat="-7.74818318" lon="112.51389049"></trkpt>
  <trkpt lat="-7.74839650" lon="112.51389049"></trkpt>
  <trkpt lat="-7.74844981" lon="112.51389049"></trkpt>
  <trkpt lat="-7.74860973" lon="112.51389049"></trkpt>
  <trkpt lat="-7.74866304" lon="112.51389049"></trkpt>
  <trkpt lat="-7.74876966" lon="112.51389049"></trkpt>
  <trkpt lat="-7.74882297" lon="112.51389049"></trkpt>
  <trkpt lat="-7.74887628" lon="112.51389049"></trkpt>
  <trkpt lat="-7.74892959" lon="112.51389049"></trkpt>
  <trkpt lat="-7.74903621" lon="112.51389049"></trkpt>
  <trkpt lat="-7.74903621" lon="112.51383718"></trkpt>
  <trkpt lat="-7.74908951" lon="112.51383718"></trkpt>
  <trkpt lat="-7.74914282" lon="112.51383718"></trkpt>
  <trkpt lat="-7.74919613" lon="112.51383718"></trkpt>
  <trkpt lat="-7.74924944" lon="112.51378387"></trkpt>
  <trkpt lat="-7.74930275" lon="112.51378387"></trkpt>
  <trkpt lat="-7.74940937" lon="112.51378387"></trkpt>
  <trkpt lat="-7.74946276" lon="112.51378387"></trkpt>
  <trkpt lat="-7.74946276" lon="112.51373056"></trkpt>
  <trkpt lat="-7.74951607" lon="112.51373056"></trkpt>
  <trkpt lat="-7.74951607" lon="112.51378387"></trkpt>
  <trkpt lat="-7.74956938" lon="112.51378387"></trkpt>
  <trkpt lat="-7.74951607" lon="112.51373056"></trkpt>
  <trkpt lat="-7.74951607" lon="112.51367725"></trkpt>
  <trkpt lat="-7.74956938" lon="112.51362395"></trkpt>
  <trkpt lat="-7.74962269" lon="112.51357055"></trkpt>
  <trkpt lat="-7.74967600" lon="112.51357055"></trkpt>
  <trkpt lat="-7.74972931" lon="112.51351724"></trkpt>
  <trkpt lat="-7.74978261" lon="112.51341063"></trkpt>
  <trkpt lat="-7.74983592" lon="112.51335732"></trkpt>
  <trkpt lat="-7.74994254" lon="112.51325070"></trkpt>
  <trkpt lat="-7.74999585" lon="112.51319739"></trkpt>
  <trkpt lat="-7.75010247" lon="112.51319739"></trkpt>
  <trkpt lat="-7.75015578" lon="112.51314408"></trkpt>
  <trkpt lat="-7.75031570" lon="112.51303746"></trkpt>
  <trkpt lat="-7.75036901" lon="112.51303746"></trkpt>
  <trkpt lat="-7.75047563" lon="112.51298415"></trkpt>
  <trkpt lat="-7.75052894" lon="112.51298415"></trkpt>
  <trkpt lat="-7.75063564" lon="112.51293076"></trkpt>
  <trkpt lat="-7.75068895" lon="112.51287745"></trkpt>
  <trkpt lat="-7.75079557" lon="112.51282414"></trkpt>
  <trkpt lat="-7.75079557" lon="112.51277084"></trkpt>
  <trkpt lat="-7.75084888" lon="112.51277084"></trkpt>
  <trkpt lat="-7.75090219" lon="112.51266422"></trkpt>
  <trkpt lat="-7.75090219" lon="112.51261091"></trkpt>
  <trkpt lat="-7.75095549" lon="112.51261091"></trkpt>
  <trkpt lat="-7.75095549" lon="112.51256422"></trkpt>
  <trkpt lat="-7.75100880" lon="112.51251091"></trkpt>
  <trkpt lat="-7.75106211" lon="112.51245760"></trkpt>
  <trkpt lat="-7.75106211" lon="112.51240429"></trkpt>
  <trkpt lat="-7.75111542" lon="112.51235099"></trkpt>
  <trkpt lat="-7.75111542" lon="112.51229768"></trkpt>
  <trkpt lat="-7.75116873" lon="112.51219106"></trkpt>
  <trkpt lat="-7.75122204" lon="112.51213775"></trkpt>
  <trkpt lat="-7.75127535" lon="112.51208444"></trkpt>
  <trkpt lat="-7.75132866" lon="112.51203113"></trkpt>
  <trkpt lat="-7.75138197" lon="112.51197774"></trkpt>
  <trkpt lat="-7.75143527" lon="112.51192443"></trkpt>
  <trkpt lat="-7.75148858" lon="112.51187112"></trkpt>
  <trkpt lat="-7.75154189" lon="112.51181781"></trkpt>
  <trkpt lat="-7.75159520" lon="112.51181781"></trkpt>
  <trkpt lat="-7.75154189" lon="112.51181781"></trkpt>
  <trkpt lat="-7.75159520" lon="112.51176450"></trkpt>
  <trkpt lat="-7.75154189" lon="112.51176450"></trkpt>
  <trkpt lat="-7.75159520" lon="112.51171120"></trkpt>
  <trkpt lat="-7.75164851" lon="112.51160458"></trkpt>
  <trkpt lat="-7.75164851" lon="112.51155127"></trkpt>
  <trkpt lat="-7.75170182" lon="112.51155127"></trkpt>
  <trkpt lat="-7.75175521" lon="112.51149796"></trkpt>
  <trkpt lat="-7.75175521" lon="112.51144465"></trkpt>
  <trkpt lat="-7.75180852" lon="112.51139134"></trkpt>
  <trkpt lat="-7.75186183" lon="112.51133795"></trkpt>
  <trkpt lat="-7.75191514" lon="112.51128464"></trkpt>
  <trkpt lat="-7.75196845" lon="112.51123133"></trkpt>
  <trkpt lat="-7.75207506" lon="112.51117802"></trkpt>
  <trkpt lat="-7.75212837" lon="112.51107140"></trkpt>
  <trkpt lat="-7.75223499" lon="112.51107140"></trkpt>
  <trkpt lat="-7.75228830" lon="112.51107140"></trkpt>
  <trkpt lat="-7.75228830" lon="112.51101810"></trkpt>
  <trkpt lat="-7.75234161" lon="112.51101810"></trkpt>
  <trkpt lat="-7.75244823" lon="112.51096479"></trkpt>
  <trkpt lat="-7.75244823" lon="112.51085817"></trkpt>
  <trkpt lat="-7.75244823" lon="112.51080486"></trkpt>
  <trkpt lat="-7.75244823" lon="112.51075155"></trkpt>
  <trkpt lat="-7.75250154" lon="112.51064485"></trkpt>
  <trkpt lat="-7.75255485" lon="112.51059154"></trkpt>
  <trkpt lat="-7.75255485" lon="112.51053823"></trkpt>
  <trkpt lat="-7.75260815" lon="112.51048492"></trkpt>
  <trkpt lat="-7.75266146" lon="112.51037830"></trkpt>
  <trkpt lat="-7.75266146" lon="112.51032500"></trkpt>
  <trkpt lat="-7.75266146" lon="112.51021838"></trkpt>
  <trkpt lat="-7.75271477" lon="112.51011176"></trkpt>
  <trkpt lat="-7.75276808" lon="112.51005845"></trkpt>
  <trkpt lat="-7.75276808" lon="112.50995175"></trkpt>
  <trkpt lat="-7.75276808" lon="112.50989844"></trkpt>
  <trkpt lat="-7.75276808" lon="112.50979182"></trkpt>
  <trkpt lat="-7.75276808" lon="112.50973851"></trkpt>
  <trkpt lat="-7.75276808" lon="112.50963190"></trkpt>
  <trkpt lat="-7.75276808" lon="112.50957859"></trkpt>
  <trkpt lat="-7.75282139" lon="112.50947197"></trkpt>
  <trkpt lat="-7.75287478" lon="112.50947197"></trkpt>
  <trkpt lat="-7.75287478" lon="112.50941866"></trkpt>
  <trkpt lat="-7.75287478" lon="112.50936535"></trkpt>
  <trkpt lat="-7.75292809" lon="112.50931196"></trkpt>
  <trkpt lat="-7.75298140" lon="112.50920534"></trkpt>
  <trkpt lat="-7.75298140" lon="112.50915203"></trkpt>
  <trkpt lat="-7.75298140" lon="112.50909872"></trkpt>
  <trkpt lat="-7.75303471" lon="112.50904541"></trkpt>
  <trkpt lat="-7.75308802" lon="112.50899211"></trkpt>
  <trkpt lat="-7.75314133" lon="112.50893880"></trkpt>
  <trkpt lat="-7.75314133" lon="112.50883218"></trkpt>
  <trkpt lat="-7.75319464" lon="112.50877887"></trkpt>
  <trkpt lat="-7.75324794" lon="112.50872556"></trkpt>
  <trkpt lat="-7.75324794" lon="112.50867217"></trkpt>
  <trkpt lat="-7.75330125" lon="112.50861886"></trkpt>
  <trkpt lat="-7.75330125" lon="112.50856555"></trkpt>
  <trkpt lat="-7.75330125" lon="112.50851224"></trkpt>
  <trkpt lat="-7.75330125" lon="112.50845893"></trkpt>
  <trkpt lat="-7.75335456" lon="112.50840562"></trkpt>
  <trkpt lat="-7.75335456" lon="112.50835232"></trkpt>
  <trkpt lat="-7.75340787" lon="112.50824570"></trkpt>
  <trkpt lat="-7.75346118" lon="112.50819239"></trkpt>
  <trkpt lat="-7.75346118" lon="112.50813908"></trkpt>
  <trkpt lat="-7.75346118" lon="112.50808577"></trkpt>
  <trkpt lat="-7.75346118" lon="112.50797907"></trkpt>
  <trkpt lat="-7.75351449" lon="112.50792576"></trkpt>
  <trkpt lat="-7.75351449" lon="112.50787245"></trkpt>
  <trkpt lat="-7.75356780" lon="112.50781914"></trkpt>
  <trkpt lat="-7.75351449" lon="112.50781914"></trkpt>
  <trkpt lat="-7.75356780" lon="112.50781914"></trkpt>
  <trkpt lat="-7.75356780" lon="112.50771252"></trkpt>
  <trkpt lat="-7.75356780" lon="112.50760591"></trkpt>
  <trkpt lat="-7.75362111" lon="112.50749929"></trkpt>
  <trkpt lat="-7.75362111" lon="112.50739267"></trkpt>
  <trkpt lat="-7.75367442" lon="112.50733928"></trkpt>
  <trkpt lat="-7.75372772" lon="112.50723266"></trkpt>
  <trkpt lat="-7.75372772" lon="112.50717935"></trkpt>
  <trkpt lat="-7.75378103" lon="112.50707273"></trkpt>
  <trkpt lat="-7.75378103" lon="112.50701942"></trkpt>
  <trkpt lat="-7.75383434" lon="112.50696612"></trkpt>
  <trkpt lat="-7.75388765" lon="112.50691281"></trkpt>
  <trkpt lat="-7.75394096" lon="112.50685950"></trkpt>
  <trkpt lat="-7.75394096" lon="112.50680619"></trkpt>
  <trkpt lat="-7.75399435" lon="112.50675288"></trkpt>
  <trkpt lat="-7.75399435" lon="112.50669949"></trkpt>
  <trkpt lat="-7.75394096" lon="112.50669949"></trkpt>
  <trkpt lat="-7.75394096" lon="112.50664618"></trkpt>
  <trkpt lat="-7.75394096" lon="112.50659287"></trkpt>
  <trkpt lat="-7.75394096" lon="112.50653956"></trkpt>
  <trkpt lat="-7.75388765" lon="112.50653956"></trkpt>
  <trkpt lat="-7.75388765" lon="112.50648625"></trkpt>
  <trkpt lat="-7.75388765" lon="112.50643294"></trkpt>
  <trkpt lat="-7.75388765" lon="112.50637963"></trkpt>
  <trkpt lat="-7.75388765" lon="112.50632633"></trkpt>
  <trkpt lat="-7.75388765" lon="112.50627302"></trkpt>
  <trkpt lat="-7.75388765" lon="112.50621971"></trkpt>
  <trkpt lat="-7.75388765" lon="112.50616640"></trkpt>
  <trkpt lat="-7.75388765" lon="112.50611309"></trkpt>
  <trkpt lat="-7.75383434" lon="112.50611309"></trkpt>
  <trkpt lat="-7.75388765" lon="112.50611309"></trkpt>
  <trkpt lat="-7.75388765" lon="112.50605970"></trkpt>
  <trkpt lat="-7.75383434" lon="112.50605970"></trkpt>
  <trkpt lat="-7.75383434" lon="112.50600639"></trkpt>
  <trkpt lat="-7.75383434" lon="112.50595308"></trkpt>
  <trkpt lat="-7.75378103" lon="112.50595308"></trkpt>
  <trkpt lat="-7.75378103" lon="112.50589977"></trkpt>
  <trkpt lat="-7.75378103" lon="112.50584646"></trkpt>
  <trkpt lat="-7.75378103" lon="112.50579315"></trkpt>
  <trkpt lat="-7.75378103" lon="112.50573984"></trkpt>
  <trkpt lat="-7.75372772" lon="112.50573984"></trkpt>
  <trkpt lat="-7.75378103" lon="112.50573984"></trkpt>
  <trkpt lat="-7.75378103" lon="112.50568653"></trkpt>
  <trkpt lat="-7.75378103" lon="112.50563323"></trkpt>
  <trkpt lat="-7.75378103" lon="112.50557992"></trkpt>
  <trkpt lat="-7.75378103" lon="112.50552661"></trkpt>
  <trkpt lat="-7.75372772" lon="112.50552661"></trkpt>
  <trkpt lat="-7.75372772" lon="112.50547330"></trkpt>
  <trkpt lat="-7.75372772" lon="112.50541991"></trkpt>
  <trkpt lat="-7.75367442" lon="112.50536660"></trkpt>
  <trkpt lat="-7.75367442" lon="112.50525998"></trkpt>
  <trkpt lat="-7.75367442" lon="112.50515336"></trkpt>
  <trkpt lat="-7.75367442" lon="112.50510005"></trkpt>
  <trkpt lat="-7.75372772" lon="112.50499343"></trkpt>
  <trkpt lat="-7.75372772" lon="112.50494013"></trkpt>
  <trkpt lat="-7.75378103" lon="112.50483351"></trkpt>
  <trkpt lat="-7.75383434" lon="112.50467350"></trkpt>
  <trkpt lat="-7.75383434" lon="112.50456688"></trkpt>
  <trkpt lat="-7.75383434" lon="112.50446026"></trkpt>
  <trkpt lat="-7.75383434" lon="112.50440695"></trkpt>
  <trkpt lat="-7.75388765" lon="112.50435364"></trkpt>
  <trkpt lat="-7.75388765" lon="112.50430034"></trkpt>
  <trkpt lat="-7.75394096" lon="112.50430034"></trkpt>
  <trkpt lat="-7.75394096" lon="112.50424703"></trkpt>
  <trkpt lat="-7.75399435" lon="112.50414032"></trkpt>
  <trkpt lat="-7.75404766" lon="112.50403371"></trkpt>
  <trkpt lat="-7.75410097" lon="112.50392709"></trkpt>
  <trkpt lat="-7.75410097" lon="112.50387378"></trkpt>
  <trkpt lat="-7.75415428" lon="112.50371385"></trkpt>
  <trkpt lat="-7.75420759" lon="112.50366054"></trkpt>
  <trkpt lat="-7.75426090" lon="112.50360724"></trkpt>
  <trkpt lat="-7.75431421" lon="112.50355393"></trkpt>
  <trkpt lat="-7.75436752" lon="112.50344723"></trkpt>
  <trkpt lat="-7.75447413" lon="112.50339392"></trkpt>
  <trkpt lat="-7.75447413" lon="112.50334061"></trkpt>
  <trkpt lat="-7.75452744" lon="112.50328730"></trkpt>
  <trkpt lat="-7.75452744" lon="112.50318068"></trkpt>
  <trkpt lat="-7.75458075" lon="112.50312737"></trkpt>
  <trkpt lat="-7.75458075" lon="112.50307406"></trkpt>
  <trkpt lat="-7.75463406" lon="112.50302075"></trkpt>
  <trkpt lat="-7.75468737" lon="112.50296745"></trkpt>
  <trkpt lat="-7.75463406" lon="112.50296745"></trkpt>
  <trkpt lat="-7.75468737" lon="112.50296745"></trkpt>
  <trkpt lat="-7.75468737" lon="112.50291414"></trkpt>
  <trkpt lat="-7.75468737" lon="112.50286074"></trkpt>
  <trkpt lat="-7.75468737" lon="112.50280743"></trkpt>
  <trkpt lat="-7.75468737" lon="112.50275413"></trkpt>
  <trkpt lat="-7.75468737" lon="112.50270082"></trkpt>
  <trkpt lat="-7.75468737" lon="112.50259420"></trkpt>
  <trkpt lat="-7.75468737" lon="112.50254089"></trkpt>
  <trkpt lat="-7.75468737" lon="112.50248758"></trkpt>
  <trkpt lat="-7.75468737" lon="112.50243427"></trkpt>
  <trkpt lat="-7.75468737" lon="112.50238096"></trkpt>
  <trkpt lat="-7.75468737" lon="112.50232765"></trkpt>
  <trkpt lat="-7.75468737" lon="112.50227435"></trkpt>
  <trkpt lat="-7.75468737" lon="112.50216764"></trkpt>
  <trkpt lat="-7.75474068" lon="112.50216764"></trkpt>
  <trkpt lat="-7.75474068" lon="112.50211434"></trkpt>
  <trkpt lat="-7.75474068" lon="112.50206103"></trkpt>
  <trkpt lat="-7.75474068" lon="112.50200772"></trkpt>
  <trkpt lat="-7.75479399" lon="112.50200772"></trkpt>
  <trkpt lat="-7.75490060" lon="112.50195441"></trkpt>
  <trkpt lat="-7.75490060" lon="112.50190110"></trkpt>
  <trkpt lat="-7.75495391" lon="112.50184779"></trkpt>
  <trkpt lat="-7.75500722" lon="112.50184779"></trkpt>
  <trkpt lat="-7.75500722" lon="112.50179448"></trkpt>
  <trkpt lat="-7.75500722" lon="112.50174117"></trkpt>
  <trkpt lat="-7.75500722" lon="112.50168786"></trkpt>
  <trkpt lat="-7.75495391" lon="112.50168786"></trkpt>
  <trkpt lat="-7.75495391" lon="112.50163455"></trkpt>
  <trkpt lat="-7.75495391" lon="112.50158116"></trkpt>
  <trkpt lat="-7.75490060" lon="112.50158116"></trkpt>
  <trkpt lat="-7.75484730" lon="112.50152785"></trkpt>
  <trkpt lat="-7.75484730" lon="112.50147454"></trkpt>
  <trkpt lat="-7.75484730" lon="112.50142124"></trkpt>
  <trkpt lat="-7.75484730" lon="112.50136793"></trkpt>
  <trkpt lat="-7.75484730" lon="112.50131462"></trkpt>
  <trkpt lat="-7.75484730" lon="112.50136793"></trkpt>
  <trkpt lat="-7.75484730" lon="112.50131462"></trkpt>
  <trkpt lat="-7.75484730" lon="112.50126131"></trkpt>
  <trkpt lat="-7.75484730" lon="112.50120800"></trkpt>
  <trkpt lat="-7.75484730" lon="112.50115469"></trkpt>
  <trkpt lat="-7.75490060" lon="112.50115469"></trkpt>
  <trkpt lat="-7.75484730" lon="112.50110138"></trkpt>
  <trkpt lat="-7.75484730" lon="112.50104807"></trkpt>
  <trkpt lat="-7.75490060" lon="112.50104807"></trkpt>
  <trkpt lat="-7.75490060" lon="112.50099476"></trkpt>
  <trkpt lat="-7.75484730" lon="112.50094137"></trkpt>
  <trkpt lat="-7.75484730" lon="112.50088806"></trkpt>
  <trkpt lat="-7.75484730" lon="112.50083475"></trkpt>
  <trkpt lat="-7.75484730" lon="112.50078144"></trkpt>
  <trkpt lat="-7.75484730" lon="112.50067483"></trkpt>
  <trkpt lat="-7.75484730" lon="112.50062152"></trkpt>
  <trkpt lat="-7.75484730" lon="112.50056821"></trkpt>
  <trkpt lat="-7.75484730" lon="112.50051490"></trkpt>
  <trkpt lat="-7.75479399" lon="112.50046159"></trkpt>
  <trkpt lat="-7.75479399" lon="112.50040828"></trkpt>
  <trkpt lat="-7.75479399" lon="112.50035497"></trkpt>
  <trkpt lat="-7.75484730" lon="112.50030158"></trkpt>
  <trkpt lat="-7.75484730" lon="112.50024827"></trkpt>
  <trkpt lat="-7.75484730" lon="112.50019496"></trkpt>
  <trkpt lat="-7.75490060" lon="112.50019496"></trkpt>
  <trkpt lat="-7.75490060" lon="112.50008835"></trkpt>
  <trkpt lat="-7.75490060" lon="112.50003504"></trkpt>
  <trkpt lat="-7.75495391" lon="112.49998173"></trkpt>
  <trkpt lat="-7.75495391" lon="112.49992842"></trkpt>
  <trkpt lat="-7.75500722" lon="112.49992842"></trkpt>
  <trkpt lat="-7.75500722" lon="112.49987511"></trkpt>
  <trkpt lat="-7.75500722" lon="112.49976849"></trkpt>
  <trkpt lat="-7.75506053" lon="112.49966187"></trkpt>
  <trkpt lat="-7.75511392" lon="112.49960848"></trkpt>
  <trkpt lat="-7.75511392" lon="112.49955517"></trkpt>
  <trkpt lat="-7.75516723" lon="112.49950186"></trkpt>
  <trkpt lat="-7.75522054" lon="112.49939525"></trkpt>
  <trkpt lat="-7.75522054" lon="112.49934194"></trkpt>
  <trkpt lat="-7.75522054" lon="112.49928863"></trkpt>
  <trkpt lat="-7.75527385" lon="112.49928863"></trkpt>
  <trkpt lat="-7.75527385" lon="112.49923532"></trkpt>
  <trkpt lat="-7.75527385" lon="112.49918201"></trkpt>
  <trkpt lat="-7.75527385" lon="112.49912870"></trkpt>
  <trkpt lat="-7.75527385" lon="112.49907539"></trkpt>
  <trkpt lat="-7.75538047" lon="112.49907539"></trkpt>
  <trkpt lat="-7.75543378" lon="112.49907539"></trkpt>
  <trkpt lat="-7.75554040" lon="112.49907539"></trkpt>
  <trkpt lat="-7.75559370" lon="112.49907539"></trkpt>
  <trkpt lat="-7.75564701" lon="112.49902208"></trkpt>
  <trkpt lat="-7.75575363" lon="112.49902208"></trkpt>
  <trkpt lat="-7.75586025" lon="112.49896869"></trkpt>
  <trkpt lat="-7.75591356" lon="112.49896869"></trkpt>
  <trkpt lat="-7.75591356" lon="112.49891538"></trkpt>
  <trkpt lat="-7.75596687" lon="112.49891538"></trkpt>
  <trkpt lat="-7.75612679" lon="112.49880876"></trkpt>
  <trkpt lat="-7.75618010" lon="112.49880876"></trkpt>
  <trkpt lat="-7.75628680" lon="112.49875546"></trkpt>
  <trkpt lat="-7.75639342" lon="112.49875546"></trkpt>
  <trkpt lat="-7.75650004" lon="112.49875546"></trkpt>
  <trkpt lat="-7.75660666" lon="112.49880876"></trkpt>
  <trkpt lat="-7.75665997" lon="112.49880876"></trkpt>
  <trkpt lat="-7.75671327" lon="112.49875546"></trkpt>
  <trkpt lat="-7.75681989" lon="112.49875546"></trkpt>
  <trkpt lat="-7.75681989" lon="112.49870215"></trkpt>
  <trkpt lat="-7.75692651" lon="112.49870215"></trkpt>
  <trkpt lat="-7.75697982" lon="112.49864884"></trkpt>
  <trkpt lat="-7.75703313" lon="112.49864884"></trkpt>
  <trkpt lat="-7.75703313" lon="112.49859553"></trkpt>
  <trkpt lat="-7.75713975" lon="112.49848891"></trkpt>
  <trkpt lat="-7.75713975" lon="112.49843560"></trkpt>
  <trkpt lat="-7.75719306" lon="112.49832890"></trkpt>
  <trkpt lat="-7.75719306" lon="112.49827559"></trkpt>
  <trkpt lat="-7.75724636" lon="112.49822228"></trkpt>
  <trkpt lat="-7.75735307" lon="112.49816897"></trkpt>
  <trkpt lat="-7.75740637" lon="112.49816897"></trkpt>
  <trkpt lat="-7.75745968" lon="112.49816897"></trkpt>
  <trkpt lat="-7.75745968" lon="112.49811566"></trkpt>
  <trkpt lat="-7.75751299" lon="112.49811566"></trkpt>
  <trkpt lat="-7.75751299" lon="112.49806236"></trkpt>
  <trkpt lat="-7.75756630" lon="112.49800905"></trkpt>
  <trkpt lat="-7.75761961" lon="112.49800905"></trkpt>
  <trkpt lat="-7.75761961" lon="112.49795574"></trkpt>
  <trkpt lat="-7.75767292" lon="112.49795574"></trkpt>
  <trkpt lat="-7.75767292" lon="112.49790243"></trkpt>
  <trkpt lat="-7.75772623" lon="112.49790243"></trkpt>
  <trkpt lat="-7.75777954" lon="112.49784912"></trkpt>
  <trkpt lat="-7.75783285" lon="112.49779581"></trkpt>
  <trkpt lat="-7.75788615" lon="112.49774250"></trkpt>
  <trkpt lat="-7.75788615" lon="112.49768911"></trkpt>
  <trkpt lat="-7.75793946" lon="112.49763580"></trkpt>
  <trkpt lat="-7.75804608" lon="112.49752918"></trkpt>
  <trkpt lat="-7.75809939" lon="112.49747587"></trkpt>
  <trkpt lat="-7.75815270" lon="112.49742256"></trkpt>
  <trkpt lat="-7.75820601" lon="112.49736926"></trkpt>
  <trkpt lat="-7.75820601" lon="112.49731595"></trkpt>
  <trkpt lat="-7.75820601" lon="112.49726264"></trkpt>
  <trkpt lat="-7.75825932" lon="112.49726264"></trkpt>
  <trkpt lat="-7.75836593" lon="112.49720933"></trkpt>
  <trkpt lat="-7.75841924" lon="112.49720933"></trkpt>
  <trkpt lat="-7.75847264" lon="112.49715602"></trkpt>
  <trkpt lat="-7.75852595" lon="112.49715602"></trkpt>
  <trkpt lat="-7.75857925" lon="112.49715602"></trkpt>
  <trkpt lat="-7.75863256" lon="112.49715602"></trkpt>
  <trkpt lat="-7.75868587" lon="112.49715602"></trkpt>
  <trkpt lat="-7.75873918" lon="112.49710271"></trkpt>
  <trkpt lat="-7.75879249" lon="112.49715602"></trkpt>
  <trkpt lat="-7.75884580" lon="112.49710271"></trkpt>
  <trkpt lat="-7.75889911" lon="112.49715602"></trkpt>
  <trkpt lat="-7.75895242" lon="112.49715602"></trkpt>
  <trkpt lat="-7.75900573" lon="112.49710271"></trkpt>
  <trkpt lat="-7.75900573" lon="112.49704932"></trkpt>
  <trkpt lat="-7.75905903" lon="112.49699601"></trkpt>
  <trkpt lat="-7.75911234" lon="112.49699601"></trkpt>
  <trkpt lat="-7.75916565" lon="112.49699601"></trkpt>
  <trkpt lat="-7.75921896" lon="112.49694270"></trkpt>
  <trkpt lat="-7.75927227" lon="112.49694270"></trkpt>
  <trkpt lat="-7.75932558" lon="112.49694270"></trkpt>
  <trkpt lat="-7.75937889" lon="112.49688939"></trkpt>
  <trkpt lat="-7.75943220" lon="112.49683608"></trkpt>
  <trkpt lat="-7.75948551" lon="112.49678277"></trkpt>
  <trkpt lat="-7.75953881" lon="112.49678277"></trkpt>
  <trkpt lat="-7.75959221" lon="112.49678277"></trkpt>
  <trkpt lat="-7.75969882" lon="112.49672947"></trkpt>
  <trkpt lat="-7.75975213" lon="112.49672947"></trkpt>
  <trkpt lat="-7.75980544" lon="112.49667616"></trkpt>
  <trkpt lat="-7.75985875" lon="112.49667616"></trkpt>
  <trkpt lat="-7.75991206" lon="112.49662285"></trkpt>
  <trkpt lat="-7.75996537" lon="112.49662285"></trkpt>
  <trkpt lat="-7.76007199" lon="112.49656954"></trkpt>
  <trkpt lat="-7.76012530" lon="112.49651623"></trkpt>
  <trkpt lat="-7.76017861" lon="112.49651623"></trkpt>
  <trkpt lat="-7.76023191" lon="112.49646292"></trkpt>
  <trkpt lat="-7.76028522" lon="112.49640961"></trkpt>
  <trkpt lat="-7.76033853" lon="112.49630291"></trkpt>
  <trkpt lat="-7.76039184" lon="112.49624960"></trkpt>
  <trkpt lat="-7.76044515" lon="112.49619629"></trkpt>
  <trkpt lat="-7.76049846" lon="112.49614298"></trkpt>
  <trkpt lat="-7.76055177" lon="112.49614298"></trkpt>
  <trkpt lat="-7.76060508" lon="112.49608967"></trkpt>
  <trkpt lat="-7.76065839" lon="112.49603637"></trkpt>
  <trkpt lat="-7.76071178" lon="112.49603637"></trkpt>
  <trkpt lat="-7.76076509" lon="112.49598306"></trkpt>
  <trkpt lat="-7.76081840" lon="112.49592975"></trkpt>
  <trkpt lat="-7.76087170" lon="112.49587644"></trkpt>
  <trkpt lat="-7.76097832" lon="112.49582313"></trkpt>
  <trkpt lat="-7.76103163" lon="112.49582313"></trkpt>
  <trkpt lat="-7.76113825" lon="112.49576982"></trkpt>
  <trkpt lat="-7.76119156" lon="112.49576982"></trkpt>
  <trkpt lat="-7.76124487" lon="112.49571643"></trkpt>
  <trkpt lat="-7.76129818" lon="112.49571643"></trkpt>
  <trkpt lat="-7.76129818" lon="112.49566312"></trkpt>
  <trkpt lat="-7.76135148" lon="112.49560981"></trkpt>
  <trkpt lat="-7.76145810" lon="112.49560981"></trkpt>
  <trkpt lat="-7.76151141" lon="112.49555650"></trkpt>
  <trkpt lat="-7.76151141" lon="112.49550319"></trkpt>
  <trkpt lat="-7.76156472" lon="112.49550319"></trkpt>
  <trkpt lat="-7.76161803" lon="112.49550319"></trkpt>
  <trkpt lat="-7.76167134" lon="112.49550319"></trkpt>
  <trkpt lat="-7.76177796" lon="112.49544988"></trkpt>
  <trkpt lat="-7.76177796" lon="112.49550319"></trkpt>
  <trkpt lat="-7.76183135" lon="112.49550319"></trkpt>
  <trkpt lat="-7.76188466" lon="112.49550319"></trkpt>
  <trkpt lat="-7.76193797" lon="112.49544988"></trkpt>
  <trkpt lat="-7.76199128" lon="112.49544988"></trkpt>
  <trkpt lat="-7.76204458" lon="112.49544988"></trkpt>
  <trkpt lat="-7.76209789" lon="112.49544988"></trkpt>
  <trkpt lat="-7.76215120" lon="112.49539657"></trkpt>
  <trkpt lat="-7.76220451" lon="112.49539657"></trkpt>
  <trkpt lat="-7.76225782" lon="112.49539657"></trkpt>
  <trkpt lat="-7.76231113" lon="112.49539657"></trkpt>
  <trkpt lat="-7.76236444" lon="112.49539657"></trkpt>
  <trkpt lat="-7.76236444" lon="112.49534327"></trkpt>
  <trkpt lat="-7.76241775" lon="112.49528996"></trkpt>
  <trkpt lat="-7.76247106" lon="112.49518334"></trkpt>
  <trkpt lat="-7.76252436" lon="112.49513003"></trkpt>
  <trkpt lat="-7.76257767" lon="112.49507672"></trkpt>
  <trkpt lat="-7.76257767" lon="112.49502333"></trkpt>
  <trkpt lat="-7.76263098" lon="112.49497002"></trkpt>
  <trkpt lat="-7.76268429" lon="112.49497002"></trkpt>
  <trkpt lat="-7.76273760" lon="112.49486340"></trkpt>
  <trkpt lat="-7.76279091" lon="112.49481009"></trkpt>
  <trkpt lat="-7.76284422" lon="112.49475678"></trkpt>
  <trkpt lat="-7.76289753" lon="112.49475678"></trkpt>
  <trkpt lat="-7.76295092" lon="112.49470348"></trkpt>
  <trkpt lat="-7.76295092" lon="112.49465017"></trkpt>
  <trkpt lat="-7.76300423" lon="112.49465017"></trkpt>
  <trkpt lat="-7.76300423" lon="112.49459686"></trkpt>
  <trkpt lat="-7.76300423" lon="112.49465017"></trkpt>
  <trkpt lat="-7.76300423" lon="112.49459686"></trkpt>
  <trkpt lat="-7.76305754" lon="112.49459686"></trkpt>
  <trkpt lat="-7.76305754" lon="112.49454355"></trkpt>
  <trkpt lat="-7.76305754" lon="112.49449024"></trkpt>
  <trkpt lat="-7.76311085" lon="112.49438354"></trkpt>
  <trkpt lat="-7.76311085" lon="112.49427692"></trkpt>
  <trkpt lat="-7.76311085" lon="112.49422361"></trkpt>
  <trkpt lat="-7.76311085" lon="112.49417030"></trkpt>
  <trkpt lat="-7.76316416" lon="112.49411699"></trkpt>
  <trkpt lat="-7.76316416" lon="112.49406368"></trkpt>
  <trkpt lat="-7.76316416" lon="112.49401038"></trkpt>
  <trkpt lat="-7.76316416" lon="112.49395707"></trkpt>
  <trkpt lat="-7.76316416" lon="112.49390376"></trkpt>
  <trkpt lat="-7.76316416" lon="112.49385045"></trkpt>
  <trkpt lat="-7.76316416" lon="112.49374375"></trkpt>
  <trkpt lat="-7.76316416" lon="112.49369044"></trkpt>
  <trkpt lat="-7.76321746" lon="112.49358382"></trkpt>
  <trkpt lat="-7.76321746" lon="112.49353051"></trkpt>
  <trkpt lat="-7.76321746" lon="112.49347720"></trkpt>
  <trkpt lat="-7.76321746" lon="112.49342389"></trkpt>
  <trkpt lat="-7.76321746" lon="112.49337059"></trkpt>
  <trkpt lat="-7.76316416" lon="112.49331728"></trkpt>
  <trkpt lat="-7.76316416" lon="112.49326397"></trkpt>
  <trkpt lat="-7.76321746" lon="112.49326397"></trkpt>
  <trkpt lat="-7.76316416" lon="112.49321066"></trkpt>
  <trkpt lat="-7.76321746" lon="112.49315735"></trkpt>
  <trkpt lat="-7.76316416" lon="112.49310396"></trkpt>
  <trkpt lat="-7.76316416" lon="112.49305065"></trkpt>
  <trkpt lat="-7.76316416" lon="112.49299734"></trkpt>
  <trkpt lat="-7.76316416" lon="112.49294403"></trkpt>
  <trkpt lat="-7.76316416" lon="112.49289072"></trkpt>
  <trkpt lat="-7.76316416" lon="112.49283741"></trkpt>
  <trkpt lat="-7.76316416" lon="112.49278410"></trkpt>
  <trkpt lat="-7.76321746" lon="112.49273079"></trkpt>
  <trkpt lat="-7.76321746" lon="112.49267749"></trkpt>
  <trkpt lat="-7.76321746" lon="112.49262418"></trkpt>
  <trkpt lat="-7.76321746" lon="112.49257087"></trkpt>
  <trkpt lat="-7.76327077" lon="112.49251756"></trkpt>
  <trkpt lat="-7.76327077" lon="112.49246417"></trkpt>
  <trkpt lat="-7.76332408" lon="112.49235755"></trkpt>
  <trkpt lat="-7.76337739" lon="112.49230424"></trkpt>
  <trkpt lat="-7.76337739" lon="112.49225093"></trkpt>
  <trkpt lat="-7.76343070" lon="112.49219762"></trkpt>
  <trkpt lat="-7.76337739" lon="112.49219762"></trkpt>
  <trkpt lat="-7.76337739" lon="112.49214431"></trkpt>
  <trkpt lat="-7.76337739" lon="112.49209100"></trkpt>
  <trkpt lat="-7.76343070" lon="112.49203769"></trkpt>
  <trkpt lat="-7.76343070" lon="112.49198439"></trkpt>
  <trkpt lat="-7.76343070" lon="112.49193108"></trkpt>
  <trkpt lat="-7.76348401" lon="112.49193108"></trkpt>
  <trkpt lat="-7.76348401" lon="112.49187777"></trkpt>
  <trkpt lat="-7.76348401" lon="112.49182438"></trkpt>
  <trkpt lat="-7.76353732" lon="112.49182438"></trkpt>
  <trkpt lat="-7.76353732" lon="112.49177107"></trkpt>
  <trkpt lat="-7.76353732" lon="112.49171776"></trkpt>
  <trkpt lat="-7.76359063" lon="112.49171776"></trkpt>
  <trkpt lat="-7.76359063" lon="112.49166445"></trkpt>
  <trkpt lat="-7.76364394" lon="112.49166445"></trkpt>
  <trkpt lat="-7.76364394" lon="112.49161114"></trkpt>
  <trkpt lat="-7.76369724" lon="112.49161114"></trkpt>
  <trkpt lat="-7.76369724" lon="112.49155783"></trkpt>
  <trkpt lat="-7.76369724" lon="112.49150452"></trkpt>
  <trkpt lat="-7.76375055" lon="112.49150452"></trkpt>
  <trkpt lat="-7.76375055" lon="112.49145121"></trkpt>
  <trkpt lat="-7.76380386" lon="112.49139790"></trkpt>
  <trkpt lat="-7.76385717" lon="112.49139790"></trkpt>
  <trkpt lat="-7.76385717" lon="112.49134460"></trkpt>
  <trkpt lat="-7.76391048" lon="112.49129129"></trkpt>
  <trkpt lat="-7.76391048" lon="112.49123798"></trkpt>
  <trkpt lat="-7.76396379" lon="112.49123798"></trkpt>
  <trkpt lat="-7.76396379" lon="112.49118458"></trkpt>
  <trkpt lat="-7.76396379" lon="112.49113128"></trkpt>
  <trkpt lat="-7.76396379" lon="112.49107797"></trkpt>
  <trkpt lat="-7.76401710" lon="112.49097135"></trkpt>
  <trkpt lat="-7.76401710" lon="112.49091804"></trkpt>
  <trkpt lat="-7.76407049" lon="112.49091804"></trkpt>
  <trkpt lat="-7.76407049" lon="112.49086473"></trkpt>
  <trkpt lat="-7.76407049" lon="112.49081142"></trkpt>
  <trkpt lat="-7.76412380" lon="112.49075811"></trkpt>
  <trkpt lat="-7.76417711" lon="112.49070480"></trkpt>
  <trkpt lat="-7.76417711" lon="112.49065150"></trkpt>
  <trkpt lat="-7.76417711" lon="112.49059819"></trkpt>
  <trkpt lat="-7.76423042" lon="112.49059819"></trkpt>
  <trkpt lat="-7.76423042" lon="112.49054479"></trkpt>
  <trkpt lat="-7.76423042" lon="112.49049149"></trkpt>
  <trkpt lat="-7.76428373" lon="112.49043818"></trkpt>
  <trkpt lat="-7.76433703" lon="112.49038487"></trkpt>
  <trkpt lat="-7.76439034" lon="112.49033156"></trkpt>
  <trkpt lat="-7.76439034" lon="112.49027825"></trkpt>
  <trkpt lat="-7.76444365" lon="112.49022494"></trkpt>
  <trkpt lat="-7.76449696" lon="112.49022494"></trkpt>
  <trkpt lat="-7.76449696" lon="112.49017163"></trkpt>
  <trkpt lat="-7.76449696" lon="112.49011832"></trkpt>
  <trkpt lat="-7.76455027" lon="112.49011832"></trkpt>
  <trkpt lat="-7.76455027" lon="112.49006501"></trkpt>
  <trkpt lat="-7.76460358" lon="112.49006501"></trkpt>
  <trkpt lat="-7.76460358" lon="112.49001171"></trkpt>
  <trkpt lat="-7.76465689" lon="112.49001171"></trkpt>
  <trkpt lat="-7.76465689" lon="112.48995840"></trkpt>
  <trkpt lat="-7.76471020" lon="112.48995840"></trkpt>
  <trkpt lat="-7.76471020" lon="112.48990500"></trkpt>
  <trkpt lat="-7.76476351" lon="112.48990500"></trkpt>
  <trkpt lat="-7.76476351" lon="112.48985169"></trkpt>
  <trkpt lat="-7.76481682" lon="112.48979839"></trkpt>
  <trkpt lat="-7.76487012" lon="112.48979839"></trkpt>
  <trkpt lat="-7.76487012" lon="112.48974508"></trkpt>
  <trkpt lat="-7.76492343" lon="112.48974508"></trkpt>
  <trkpt lat="-7.76497674" lon="112.48969177"></trkpt>
 </trkseg>
</trk>
<trk>
 <name>Track 246</name>
 <trkseg>
  <trkpt lat="-7.71230696" lon="112.39725220"></trkpt>
  <trkpt lat="-7.71236035" lon="112.39725220"></trkpt>
  <trkpt lat="-7.71241366" lon="112.39730551"></trkpt>
  <trkpt lat="-7.71257359" lon="112.39735882"></trkpt>
  <trkpt lat="-7.71262689" lon="112.39741213"></trkpt>
  <trkpt lat="-7.71268020" lon="112.39751874"></trkpt>
  <trkpt lat="-7.71273351" lon="112.39757205"></trkpt>
  <trkpt lat="-7.71278682" lon="112.39757205"></trkpt>
  <trkpt lat="-7.71289344" lon="112.39762536"></trkpt>
  <trkpt lat="-7.71300006" lon="112.39757205"></trkpt>
  <trkpt lat="-7.71315998" lon="112.39757205"></trkpt>
  <trkpt lat="-7.71326660" lon="112.39762536"></trkpt>
  <trkpt lat="-7.71331991" lon="112.39773206"></trkpt>
  <trkpt lat="-7.71337322" lon="112.39783868"></trkpt>
  <trkpt lat="-7.71342653" lon="112.39789199"></trkpt>
  <trkpt lat="-7.71353323" lon="112.39794530"></trkpt>
  <trkpt lat="-7.71358654" lon="112.39805192"></trkpt>
  <trkpt lat="-7.71363985" lon="112.39826515"></trkpt>
  <trkpt lat="-7.71363985" lon="112.39831846"></trkpt>
  <trkpt lat="-7.71363985" lon="112.39842516"></trkpt>
  <trkpt lat="-7.71369316" lon="112.39842516"></trkpt>
  <trkpt lat="-7.71369316" lon="112.39847847"></trkpt>
  <trkpt lat="-7.71369316" lon="112.39858509"></trkpt>
  <trkpt lat="-7.71369316" lon="112.39863840"></trkpt>
  <trkpt lat="-7.71374647" lon="112.39869171"></trkpt>
  <trkpt lat="-7.71379977" lon="112.39874502"></trkpt>
  <trkpt lat="-7.71379977" lon="112.39879833"></trkpt>
  <trkpt lat="-7.71390639" lon="112.39885163"></trkpt>
  <trkpt lat="-7.71401301" lon="112.39901165"></trkpt>
  <trkpt lat="-7.71406632" lon="112.39911826"></trkpt>
  <trkpt lat="-7.71411963" lon="112.39922488"></trkpt>
  <trkpt lat="-7.71417294" lon="112.39933150"></trkpt>
  <trkpt lat="-7.71422625" lon="112.39938481"></trkpt>
  <trkpt lat="-7.71422625" lon="112.39949143"></trkpt>
  <trkpt lat="-7.71433286" lon="112.39954473"></trkpt>
  <trkpt lat="-7.71443948" lon="112.39959804"></trkpt>
  <trkpt lat="-7.71459941" lon="112.39965144"></trkpt>
  <trkpt lat="-7.71470611" lon="112.39965144"></trkpt>
  <trkpt lat="-7.71465280" lon="112.39965144"></trkpt>
  <trkpt lat="-7.71470611" lon="112.39965144"></trkpt>
  <trkpt lat="-7.71481273" lon="112.39970475"></trkpt>
  <trkpt lat="-7.71486604" lon="112.39970475"></trkpt>
  <trkpt lat="-7.71502596" lon="112.39975805"></trkpt>
  <trkpt lat="-7.71518589" lon="112.39981136"></trkpt>
  <trkpt lat="-7.71534582" lon="112.39986467"></trkpt>
  <trkpt lat="-7.71550574" lon="112.39991798"></trkpt>
  <trkpt lat="-7.71555905" lon="112.39997129"></trkpt>
  <trkpt lat="-7.71566567" lon="112.40002460"></trkpt>
  <trkpt lat="-7.71582568" lon="112.40002460"></trkpt>
  <trkpt lat="-7.71598561" lon="112.40007791"></trkpt>
  <trkpt lat="-7.71614553" lon="112.40013122"></trkpt>
  <trkpt lat="-7.71625215" lon="112.40018453"></trkpt>
  <trkpt lat="-7.71651870" lon="112.40034454"></trkpt>
  <trkpt lat="-7.71657201" lon="112.40039784"></trkpt>
  <trkpt lat="-7.71673193" lon="112.40055777"></trkpt>
  <trkpt lat="-7.71689186" lon="112.40066439"></trkpt>
  <trkpt lat="-7.71699856" lon="112.40071770"></trkpt>
  <trkpt lat="-7.71710518" lon="112.40077101"></trkpt>
  <trkpt lat="-7.71710518" lon="112.40082432"></trkpt>
  <trkpt lat="-7.71715849" lon="112.40087762"></trkpt>
  <trkpt lat="-7.71721180" lon="112.40087762"></trkpt>
  <trkpt lat="-7.71731841" lon="112.40093102"></trkpt>
  <trkpt lat="-7.71747834" lon="112.40103764"></trkpt>
  <trkpt lat="-7.71758496" lon="112.40109094"></trkpt>
  <trkpt lat="-7.71769158" lon="112.40114425"></trkpt>
  <trkpt lat="-7.71785150" lon="112.40125087"></trkpt>
  <trkpt lat="-7.71801143" lon="112.40130418"></trkpt>
  <trkpt lat="-7.71817144" lon="112.40135749"></trkpt>
  <trkpt lat="-7.71827806" lon="112.40135749"></trkpt>
  <trkpt lat="-7.71838468" lon="112.40141080"></trkpt>
  <trkpt lat="-7.71854460" lon="112.40146411"></trkpt>
  <trkpt lat="-7.71865122" lon="112.40151742"></trkpt>
  <trkpt lat="-7.71881115" lon="112.40157081"></trkpt>
  <trkpt lat="-7.71902438" lon="112.40162412"></trkpt>
  <trkpt lat="-7.71923762" lon="112.40167743"></trkpt>
  <trkpt lat="-7.71939763" lon="112.40173073"></trkpt>
  <trkpt lat="-7.71950425" lon="112.40173073"></trkpt>
  <trkpt lat="-7.71961086" lon="112.40178404"></trkpt>
  <trkpt lat="-7.71971748" lon="112.40183735"></trkpt>
  <trkpt lat="-7.71982410" lon="112.40189066"></trkpt>
  <trkpt lat="-7.71987741" lon="112.40189066"></trkpt>
  <trkpt lat="-7.71998403" lon="112.40189066"></trkpt>
  <trkpt lat="-7.72003734" lon="112.40189066"></trkpt>
  <trkpt lat="-7.72014395" lon="112.40189066"></trkpt>
  <trkpt lat="-7.72025057" lon="112.40194397"></trkpt>
  <trkpt lat="-7.72035719" lon="112.40194397"></trkpt>
  <trkpt lat="-7.72041058" lon="112.40194397"></trkpt>
  <trkpt lat="-7.72046389" lon="112.40194397"></trkpt>
  <trkpt lat="-7.72051720" lon="112.40194397"></trkpt>
  <trkpt lat="-7.72057051" lon="112.40199728"></trkpt>
  <trkpt lat="-7.72062382" lon="112.40199728"></trkpt>
  <trkpt lat="-7.72073044" lon="112.40199728"></trkpt>
  <trkpt lat="-7.72078374" lon="112.40199728"></trkpt>
  <trkpt lat="-7.72089036" lon="112.40199728"></trkpt>
  <trkpt lat="-7.72094367" lon="112.40199728"></trkpt>
  <trkpt lat="-7.72099698" lon="112.40205059"></trkpt>
  <trkpt lat="-7.72105029" lon="112.40205059"></trkpt>
  <trkpt lat="-7.72110360" lon="112.40205059"></trkpt>
  <trkpt lat="-7.72115691" lon="112.40205059"></trkpt>
  <trkpt lat="-7.72126352" lon="112.40210390"></trkpt>
  <trkpt lat="-7.72142345" lon="112.40210390"></trkpt>
  <trkpt lat="-7.72147676" lon="112.40210390"></trkpt>
  <trkpt lat="-7.72163677" lon="112.40210390"></trkpt>
  <trkpt lat="-7.72163677" lon="112.40215721"></trkpt>
  <trkpt lat="-7.72169008" lon="112.40215721"></trkpt>
  <trkpt lat="-7.72179670" lon="112.40215721"></trkpt>
  <trkpt lat="-7.72190331" lon="112.40221051"></trkpt>
  <trkpt lat="-7.72200993" lon="112.40226391"></trkpt>
  <trkpt lat="-7.72211655" lon="112.40237053"></trkpt>
  <trkpt lat="-7.72222317" lon="112.40253045"></trkpt>
  <trkpt lat="-7.72227648" lon="112.40258376"></trkpt>
  <trkpt lat="-7.72238309" lon="112.40274369"></trkpt>
  <trkpt lat="-7.72248971" lon="112.40285031"></trkpt>
  <trkpt lat="-7.72248971" lon="112.40290370"></trkpt>
  <trkpt lat="-7.72254302" lon="112.40301032"></trkpt>
  <trkpt lat="-7.72259633" lon="112.40311693"></trkpt>
  <trkpt lat="-7.72259633" lon="112.40322355"></trkpt>
  <trkpt lat="-7.72259633" lon="112.40333017"></trkpt>
  <trkpt lat="-7.72264972" lon="112.40343679"></trkpt>
  <trkpt lat="-7.72264972" lon="112.40354349"></trkpt>
  <trkpt lat="-7.72270303" lon="112.40370342"></trkpt>
  <trkpt lat="-7.72270303" lon="112.40381003"></trkpt>
  <trkpt lat="-7.72270303" lon="112.40386334"></trkpt>
  <trkpt lat="-7.72270303" lon="112.40391665"></trkpt>
  <trkpt lat="-7.72264972" lon="112.40407658"></trkpt>
  <trkpt lat="-7.72264972" lon="112.40412989"></trkpt>
  <trkpt lat="-7.72264972" lon="112.40418328"></trkpt>
  <trkpt lat="-7.72259633" lon="112.40434321"></trkpt>
  <trkpt lat="-7.72264972" lon="112.40450313"></trkpt>
  <trkpt lat="-7.72264972" lon="112.40460975"></trkpt>
  <trkpt lat="-7.72270303" lon="112.40476968"></trkpt>
  <trkpt lat="-7.72264972" lon="112.40482307"></trkpt>
  <trkpt lat="-7.72270303" lon="112.40498300"></trkpt>
  <trkpt lat="-7.72264972" lon="112.40503631"></trkpt>
  <trkpt lat="-7.72264972" lon="112.40508961"></trkpt>
  <trkpt lat="-7.72264972" lon="112.40514292"></trkpt>
  <trkpt lat="-7.72264972" lon="112.40519623"></trkpt>
  <trkpt lat="-7.72264972" lon="112.40524954"></trkpt>
  <trkpt lat="-7.72264972" lon="112.40530285"></trkpt>
  <trkpt lat="-7.72264972" lon="112.40535616"></trkpt>
  <trkpt lat="-7.72264972" lon="112.40540947"></trkpt>
  <trkpt lat="-7.72264972" lon="112.40546286"></trkpt>
  <trkpt lat="-7.72264972" lon="112.40551617"></trkpt>
  <trkpt lat="-7.72264972" lon="112.40556948"></trkpt>
  <trkpt lat="-7.72264972" lon="112.40562279"></trkpt>
  <trkpt lat="-7.72264972" lon="112.40567610"></trkpt>
  <trkpt lat="-7.72270303" lon="112.40567610"></trkpt>
  <trkpt lat="-7.72270303" lon="112.40572941"></trkpt>
  <trkpt lat="-7.72270303" lon="112.40578271"></trkpt>
  <trkpt lat="-7.72270303" lon="112.40583602"></trkpt>
  <trkpt lat="-7.72270303" lon="112.40588933"></trkpt>
  <trkpt lat="-7.72270303" lon="112.40594264"></trkpt>
  <trkpt lat="-7.72270303" lon="112.40599595"></trkpt>
  <trkpt lat="-7.72275634" lon="112.40610265"></trkpt>
  <trkpt lat="-7.72280965" lon="112.40615596"></trkpt>
  <trkpt lat="-7.72286296" lon="112.40626258"></trkpt>
  <trkpt lat="-7.72291627" lon="112.40631589"></trkpt>
  <trkpt lat="-7.72296958" lon="112.40642251"></trkpt>
  <trkpt lat="-7.72296958" lon="112.40647581"></trkpt>
  <trkpt lat="-7.72302289" lon="112.40658243"></trkpt>
  <trkpt lat="-7.72307619" lon="112.40658243"></trkpt>
  <trkpt lat="-7.72307619" lon="112.40663574"></trkpt>
  <trkpt lat="-7.72312950" lon="112.40668905"></trkpt>
  <trkpt lat="-7.72312950" lon="112.40674236"></trkpt>
  <trkpt lat="-7.72318281" lon="112.40679575"></trkpt>
  <trkpt lat="-7.72323612" lon="112.40684906"></trkpt>
  <trkpt lat="-7.72323612" lon="112.40690237"></trkpt>
  <trkpt lat="-7.72328943" lon="112.40695568"></trkpt>
  <trkpt lat="-7.72334274" lon="112.40700899"></trkpt>
  <trkpt lat="-7.72334274" lon="112.40706230"></trkpt>
  <trkpt lat="-7.72339605" lon="112.40711560"></trkpt>
  <trkpt lat="-7.72350267" lon="112.40722222"></trkpt>
  <trkpt lat="-7.72360928" lon="112.40727553"></trkpt>
  <trkpt lat="-7.72360928" lon="112.40732884"></trkpt>
  <trkpt lat="-7.72366259" lon="112.40738215"></trkpt>
  <trkpt lat="-7.72371590" lon="112.40743546"></trkpt>
  <trkpt lat="-7.72371590" lon="112.40748885"></trkpt>
  <trkpt lat="-7.72376929" lon="112.40748885"></trkpt>
  <trkpt lat="-7.72376929" lon="112.40754216"></trkpt>
  <trkpt lat="-7.72382260" lon="112.40759547"></trkpt>
  <trkpt lat="-7.72387591" lon="112.40764878"></trkpt>
  <trkpt lat="-7.72387591" lon="112.40770209"></trkpt>
  <trkpt lat="-7.72392922" lon="112.40775540"></trkpt>
  <trkpt lat="-7.72398253" lon="112.40780870"></trkpt>
  <trkpt lat="-7.72403584" lon="112.40786201"></trkpt>
  <trkpt lat="-7.72408915" lon="112.40791532"></trkpt>
  <trkpt lat="-7.72414246" lon="112.40791532"></trkpt>
  <trkpt lat="-7.72408915" lon="112.40791532"></trkpt>
  <trkpt lat="-7.72414246" lon="112.40796863"></trkpt>
  <trkpt lat="-7.72419577" lon="112.40802194"></trkpt>
  <trkpt lat="-7.72424907" lon="112.40807525"></trkpt>
  <trkpt lat="-7.72430238" lon="112.40807525"></trkpt>
  <trkpt lat="-7.72435569" lon="112.40812864"></trkpt>
  <trkpt lat="-7.72435569" lon="112.40818195"></trkpt>
  <trkpt lat="-7.72440900" lon="112.40823526"></trkpt>
  <trkpt lat="-7.72440900" lon="112.40828857"></trkpt>
  <trkpt lat="-7.72451562" lon="112.40839519"></trkpt>
  <trkpt lat="-7.72462224" lon="112.40834188"></trkpt>
  <trkpt lat="-7.72472885" lon="112.40828857"></trkpt>
  <trkpt lat="-7.72488886" lon="112.40839519"></trkpt>
  <trkpt lat="-7.72499548" lon="112.40850180"></trkpt>
  <trkpt lat="-7.72504879" lon="112.40855511"></trkpt>
  <trkpt lat="-7.72515541" lon="112.40866173"></trkpt>
  <trkpt lat="-7.72526203" lon="112.40871504"></trkpt>
  <trkpt lat="-7.72531534" lon="112.40882174"></trkpt>
  <trkpt lat="-7.72536865" lon="112.40887505"></trkpt>
  <trkpt lat="-7.72552857" lon="112.40898167"></trkpt>
  <trkpt lat="-7.72563519" lon="112.40903498"></trkpt>
  <trkpt lat="-7.72579512" lon="112.40908829"></trkpt>
  <trkpt lat="-7.72584843" lon="112.40914159"></trkpt>
  <trkpt lat="-7.72590173" lon="112.40914159"></trkpt>
  <trkpt lat="-7.72595504" lon="112.40919490"></trkpt>
  <trkpt lat="-7.72600844" lon="112.40914159"></trkpt>
  <trkpt lat="-7.72606174" lon="112.40914159"></trkpt>
  <trkpt lat="-7.72611505" lon="112.40914159"></trkpt>
  <trkpt lat="-7.72616836" lon="112.40919490"></trkpt>
  <trkpt lat="-7.72622167" lon="112.40924821"></trkpt>
  <trkpt lat="-7.72627498" lon="112.40924821"></trkpt>
  <trkpt lat="-7.72632829" lon="112.40930152"></trkpt>
  <trkpt lat="-7.72638160" lon="112.40935483"></trkpt>
  <trkpt lat="-7.72638160" lon="112.40940822"></trkpt>
  <trkpt lat="-7.72643491" lon="112.40940822"></trkpt>
  <trkpt lat="-7.72654152" lon="112.40946153"></trkpt>
  <trkpt lat="-7.72664814" lon="112.40951484"></trkpt>
  <trkpt lat="-7.72675476" lon="112.40956815"></trkpt>
  <trkpt lat="-7.72686138" lon="112.40956815"></trkpt>
  <trkpt lat="-7.72691469" lon="112.40962146"></trkpt>
  <trkpt lat="-7.72696800" lon="112.40962146"></trkpt>
  <trkpt lat="-7.72702130" lon="112.40962146"></trkpt>
  <trkpt lat="-7.72707461" lon="112.40967477"></trkpt>
  <trkpt lat="-7.72718132" lon="112.40972808"></trkpt>
  <trkpt lat="-7.72728793" lon="112.40978139"></trkpt>
  <trkpt lat="-7.72734124" lon="112.40988800"></trkpt>
  <trkpt lat="-7.72744786" lon="112.40988800"></trkpt>
  <trkpt lat="-7.72750117" lon="112.40994131"></trkpt>
  <trkpt lat="-7.72760779" lon="112.40999462"></trkpt>
  <trkpt lat="-7.72766110" lon="112.41004801"></trkpt>
  <trkpt lat="-7.72771440" lon="112.41004801"></trkpt>
  <trkpt lat="-7.72782102" lon="112.41010132"></trkpt>
  <trkpt lat="-7.72787433" lon="112.41010132"></trkpt>
  <trkpt lat="-7.72792764" lon="112.41015463"></trkpt>
  <trkpt lat="-7.72803426" lon="112.41020794"></trkpt>
  <trkpt lat="-7.72814088" lon="112.41026125"></trkpt>
  <trkpt lat="-7.72824758" lon="112.41031456"></trkpt>
  <trkpt lat="-7.72835420" lon="112.41041782"></trkpt>
  <trkpt lat="-7.72846081" lon="112.41047113"></trkpt>
  <trkpt lat="-7.72856743" lon="112.41057783"></trkpt>
  <trkpt lat="-7.72862074" lon="112.41063114"></trkpt>
  <trkpt lat="-7.72867405" lon="112.41063114"></trkpt>
  <trkpt lat="-7.72872736" lon="112.41063114"></trkpt>
  <trkpt lat="-7.72878067" lon="112.41063114"></trkpt>
  <trkpt lat="-7.72878067" lon="112.41068445"></trkpt>
  <trkpt lat="-7.72883398" lon="112.41068445"></trkpt>
  <trkpt lat="-7.72883398" lon="112.41073776"></trkpt>
  <trkpt lat="-7.72888728" lon="112.41073776"></trkpt>
  <trkpt lat="-7.72894059" lon="112.41079107"></trkpt>
  <trkpt lat="-7.72894059" lon="112.41084438"></trkpt>
  <trkpt lat="-7.72904721" lon="112.41089769"></trkpt>
  <trkpt lat="-7.72910052" lon="112.41089769"></trkpt>
  <trkpt lat="-7.72915383" lon="112.41095100"></trkpt>
  <trkpt lat="-7.72926045" lon="112.41100430"></trkpt>
  <trkpt lat="-7.72931384" lon="112.41105761"></trkpt>
  <trkpt lat="-7.72942046" lon="112.41105761"></trkpt>
  <trkpt lat="-7.72947377" lon="112.41105761"></trkpt>
  <trkpt lat="-7.72952707" lon="112.41105761"></trkpt>
  <trkpt lat="-7.72958038" lon="112.41111092"></trkpt>
  <trkpt lat="-7.72963369" lon="112.41111092"></trkpt>
  <trkpt lat="-7.72974031" lon="112.41116432"></trkpt>
  <trkpt lat="-7.72984693" lon="112.41127093"></trkpt>
  <trkpt lat="-7.72990024" lon="112.41132424"></trkpt>
  <trkpt lat="-7.73000685" lon="112.41137755"></trkpt>
  <trkpt lat="-7.73016678" lon="112.41148417"></trkpt>
  <trkpt lat="-7.73027340" lon="112.41148417"></trkpt>
  <trkpt lat="-7.73038002" lon="112.41148417"></trkpt>
  <trkpt lat="-7.73048672" lon="112.41164410"></trkpt>
  <trkpt lat="-7.73054003" lon="112.41169740"></trkpt>
  <trkpt lat="-7.73059334" lon="112.41175071"></trkpt>
  <trkpt lat="-7.73064665" lon="112.41185741"></trkpt>
  <trkpt lat="-7.73069995" lon="112.41191072"></trkpt>
  <trkpt lat="-7.73075326" lon="112.41201734"></trkpt>
  <trkpt lat="-7.73080657" lon="112.41201734"></trkpt>
  <trkpt lat="-7.73085988" lon="112.41212396"></trkpt>
  <trkpt lat="-7.73091319" lon="112.41223058"></trkpt>
  <trkpt lat="-7.73096650" lon="112.41233720"></trkpt>
  <trkpt lat="-7.73101981" lon="112.41244390"></trkpt>
  <trkpt lat="-7.73101981" lon="112.41255051"></trkpt>
  <trkpt lat="-7.73107312" lon="112.41260382"></trkpt>
  <trkpt lat="-7.73107312" lon="112.41265713"></trkpt>
  <trkpt lat="-7.73112643" lon="112.41271044"></trkpt>
  <trkpt lat="-7.73117973" lon="112.41281706"></trkpt>
  <trkpt lat="-7.73112643" lon="112.41297699"></trkpt>
  <trkpt lat="-7.73112643" lon="112.41303029"></trkpt>
  <trkpt lat="-7.73112643" lon="112.41308369"></trkpt>
  <trkpt lat="-7.73112643" lon="112.41313700"></trkpt>
  <trkpt lat="-7.73117973" lon="112.41319031"></trkpt>
  <trkpt lat="-7.73117973" lon="112.41324361"></trkpt>
  <trkpt lat="-7.73117973" lon="112.41329692"></trkpt>
  <trkpt lat="-7.73117973" lon="112.41335023"></trkpt>
  <trkpt lat="-7.73123304" lon="112.41340354"></trkpt>
  <trkpt lat="-7.73128635" lon="112.41340354"></trkpt>
  <trkpt lat="-7.73133966" lon="112.41340354"></trkpt>
  <trkpt lat="-7.73133966" lon="112.41345685"></trkpt>
  <trkpt lat="-7.73128635" lon="112.41351016"></trkpt>
  <trkpt lat="-7.73128635" lon="112.41361678"></trkpt>
  <trkpt lat="-7.73133966" lon="112.41367009"></trkpt>
  <trkpt lat="-7.73139297" lon="112.41377679"></trkpt>
  <trkpt lat="-7.73144628" lon="112.41388340"></trkpt>
  <trkpt lat="-7.73155298" lon="112.41393671"></trkpt>
  <trkpt lat="-7.73160629" lon="112.41399002"></trkpt>
  <trkpt lat="-7.73171291" lon="112.41409664"></trkpt>
  <trkpt lat="-7.73187283" lon="112.41420326"></trkpt>
  <trkpt lat="-7.73192614" lon="112.41425657"></trkpt>
  <trkpt lat="-7.73203276" lon="112.41436318"></trkpt>
  <trkpt lat="-7.73208607" lon="112.41441658"></trkpt>
  <trkpt lat="-7.73219269" lon="112.41452320"></trkpt>
  <trkpt lat="-7.73229931" lon="112.41462981"></trkpt>
  <trkpt lat="-7.73235261" lon="112.41468312"></trkpt>
  <trkpt lat="-7.73240592" lon="112.41478974"></trkpt>
  <trkpt lat="-7.73245923" lon="112.41484305"></trkpt>
  <trkpt lat="-7.73251254" lon="112.41489636"></trkpt>
  <trkpt lat="-7.73256585" lon="112.41500298"></trkpt>
  <trkpt lat="-7.73261916" lon="112.41510968"></trkpt>
  <trkpt lat="-7.73272586" lon="112.41521630"></trkpt>
  <trkpt lat="-7.73283248" lon="112.41532291"></trkpt>
  <trkpt lat="-7.73293910" lon="112.41542953"></trkpt>
  <trkpt lat="-7.73304571" lon="112.41548284"></trkpt>
  <trkpt lat="-7.73309902" lon="112.41553615"></trkpt>
  <trkpt lat="-7.73320564" lon="112.41564277"></trkpt>
  <trkpt lat="-7.73325895" lon="112.41569616"></trkpt>
  <trkpt lat="-7.73341888" lon="112.41580278"></trkpt>
  <trkpt lat="-7.73347219" lon="112.41585609"></trkpt>
  <trkpt lat="-7.73357880" lon="112.41590939"></trkpt>
  <trkpt lat="-7.73368542" lon="112.41596270"></trkpt>
  <trkpt lat="-7.73384543" lon="112.41612263"></trkpt>
  <trkpt lat="-7.73395205" lon="112.41617594"></trkpt>
  <trkpt lat="-7.73405867" lon="112.41622925"></trkpt>
  <trkpt lat="-7.73421859" lon="112.41628256"></trkpt>
  <trkpt lat="-7.73437852" lon="112.41644257"></trkpt>
  <trkpt lat="-7.73448514" lon="112.41649588"></trkpt>
  <trkpt lat="-7.73453845" lon="112.41654919"></trkpt>
  <trkpt lat="-7.73459176" lon="112.41665580"></trkpt>
  <trkpt lat="-7.73464506" lon="112.41670911"></trkpt>
  <trkpt lat="-7.73464506" lon="112.41676242"></trkpt>
  <trkpt lat="-7.73469837" lon="112.41676242"></trkpt>
  <trkpt lat="-7.73475168" lon="112.41681573"></trkpt>
  <trkpt lat="-7.73485830" lon="112.41686904"></trkpt>
  <trkpt lat="-7.73491161" lon="112.41697574"></trkpt>
  <trkpt lat="-7.73501831" lon="112.41702905"></trkpt>
  <trkpt lat="-7.73507162" lon="112.41708236"></trkpt>
  <trkpt lat="-7.73512493" lon="112.41713567"></trkpt>
  <trkpt lat="-7.73512493" lon="112.41718898"></trkpt>
  <trkpt lat="-7.73512493" lon="112.41724228"></trkpt>
  <trkpt lat="-7.73507162" lon="112.41734890"></trkpt>
  <trkpt lat="-7.73507162" lon="112.41740221"></trkpt>
  <trkpt lat="-7.73507162" lon="112.41745552"></trkpt>
  <trkpt lat="-7.73501831" lon="112.41761553"></trkpt>
  <trkpt lat="-7.73496492" lon="112.41777546"></trkpt>
  <trkpt lat="-7.73491161" lon="112.41788208"></trkpt>
  <trkpt lat="-7.73491161" lon="112.41798869"></trkpt>
  <trkpt lat="-7.73491161" lon="112.41814862"></trkpt>
  <trkpt lat="-7.73485830" lon="112.41825532"></trkpt>
  <trkpt lat="-7.73480499" lon="112.41841525"></trkpt>
  <trkpt lat="-7.73475168" lon="112.41852187"></trkpt>
  <trkpt lat="-7.73475168" lon="112.41862848"></trkpt>
  <trkpt lat="-7.73469837" lon="112.41868179"></trkpt>
  <trkpt lat="-7.73469837" lon="112.41878841"></trkpt>
  <trkpt lat="-7.73469837" lon="112.41889503"></trkpt>
  <trkpt lat="-7.73469837" lon="112.41894842"></trkpt>
  <trkpt lat="-7.73469837" lon="112.41905504"></trkpt>
  <trkpt lat="-7.73459176" lon="112.41916166"></trkpt>
  <trkpt lat="-7.73459176" lon="112.41921497"></trkpt>
  <trkpt lat="-7.73453845" lon="112.41932158"></trkpt>
  <trkpt lat="-7.73448514" lon="112.41937489"></trkpt>
  <trkpt lat="-7.73448514" lon="112.41948151"></trkpt>
  <trkpt lat="-7.73443183" lon="112.41953482"></trkpt>
  <trkpt lat="-7.73437852" lon="112.41958813"></trkpt>
  <trkpt lat="-7.73432521" lon="112.41969483"></trkpt>
  <trkpt lat="-7.73427190" lon="112.41985476"></trkpt>
  <trkpt lat="-7.73421859" lon="112.42001468"></trkpt>
  <trkpt lat="-7.73421859" lon="112.42017461"></trkpt>
  <trkpt lat="-7.73416528" lon="112.42033462"></trkpt>
  <trkpt lat="-7.73416528" lon="112.42038793"></trkpt>
  <trkpt lat="-7.73411198" lon="112.42049455"></trkpt>
  <trkpt lat="-7.73411198" lon="112.42065447"></trkpt>
  <trkpt lat="-7.73411198" lon="112.42070778"></trkpt>
  <trkpt lat="-7.73405867" lon="112.42086771"></trkpt>
  <trkpt lat="-7.73405867" lon="112.42097441"></trkpt>
  <trkpt lat="-7.73400536" lon="112.42113434"></trkpt>
  <trkpt lat="-7.73395205" lon="112.42124096"></trkpt>
  <trkpt lat="-7.73389874" lon="112.42129426"></trkpt>
  <trkpt lat="-7.73384543" lon="112.42140088"></trkpt>
  <trkpt lat="-7.73389874" lon="112.42145419"></trkpt>
  <trkpt lat="-7.73384543" lon="112.42150750"></trkpt>
  <trkpt lat="-7.73379204" lon="112.42166751"></trkpt>
  <trkpt lat="-7.73373873" lon="112.42177413"></trkpt>
  <trkpt lat="-7.73363211" lon="112.42188075"></trkpt>
  <trkpt lat="-7.73352549" lon="112.42193406"></trkpt>
  <trkpt lat="-7.73341888" lon="112.42204067"></trkpt>
  <trkpt lat="-7.73331226" lon="112.42209398"></trkpt>
  <trkpt lat="-7.73315233" lon="112.42214729"></trkpt>
  <trkpt lat="-7.73304571" lon="112.42214729"></trkpt>
  <trkpt lat="-7.73288579" lon="112.42225399"></trkpt>
  <trkpt lat="-7.73283248" lon="112.42230730"></trkpt>
  <trkpt lat="-7.73277917" lon="112.42236061"></trkpt>
  <trkpt lat="-7.73272586" lon="112.42246723"></trkpt>
  <trkpt lat="-7.73267255" lon="112.42252054"></trkpt>
  <trkpt lat="-7.73261916" lon="112.42262715"></trkpt>
  <trkpt lat="-7.73261916" lon="112.42273377"></trkpt>
  <trkpt lat="-7.73256585" lon="112.42278708"></trkpt>
  <trkpt lat="-7.73251254" lon="112.42289378"></trkpt>
  <trkpt lat="-7.73240592" lon="112.42305371"></trkpt>
  <trkpt lat="-7.73235261" lon="112.42310702"></trkpt>
  <trkpt lat="-7.73235261" lon="112.42316033"></trkpt>
  <trkpt lat="-7.73224600" lon="112.42337356"></trkpt>
  <trkpt lat="-7.73219269" lon="112.42342687"></trkpt>
  <trkpt lat="-7.73219269" lon="112.42348026"></trkpt>
  <trkpt lat="-7.73213938" lon="112.42348026"></trkpt>
  <trkpt lat="-7.73219269" lon="112.42348026"></trkpt>
  <trkpt lat="-7.73224600" lon="112.42348026"></trkpt>
  <trkpt lat="-7.73219269" lon="112.42348026"></trkpt>
  <trkpt lat="-7.73213938" lon="112.42348026"></trkpt>
  <trkpt lat="-7.73213938" lon="112.42353357"></trkpt>
  <trkpt lat="-7.73213938" lon="112.42348026"></trkpt>
  <trkpt lat="-7.73213938" lon="112.42353357"></trkpt>
  <trkpt lat="-7.73213938" lon="112.42348026"></trkpt>
  <trkpt lat="-7.73219269" lon="112.42348026"></trkpt>
  <trkpt lat="-7.73213938" lon="112.42348026"></trkpt>
  <trkpt lat="-7.73213938" lon="112.42342687"></trkpt>
  <trkpt lat="-7.73208607" lon="112.42342687"></trkpt>
  <trkpt lat="-7.73213938" lon="112.42348026"></trkpt>
  <trkpt lat="-7.73219269" lon="112.42342687"></trkpt>
  <trkpt lat="-7.73213938" lon="112.42342687"></trkpt>
  <trkpt lat="-7.73213938" lon="112.42348026"></trkpt>
  <trkpt lat="-7.73219269" lon="112.42348026"></trkpt>
  <trkpt lat="-7.73213938" lon="112.42348026"></trkpt>
  <trkpt lat="-7.73208607" lon="112.42353357"></trkpt>
  <trkpt lat="-7.73208607" lon="112.42348026"></trkpt>
  <trkpt lat="-7.73213938" lon="112.42348026"></trkpt>
  <trkpt lat="-7.73208607" lon="112.42353357"></trkpt>
  <trkpt lat="-7.73208607" lon="112.42348026"></trkpt>
  <trkpt lat="-7.73213938" lon="112.42348026"></trkpt>
  <trkpt lat="-7.73213938" lon="112.42353357"></trkpt>
  <trkpt lat="-7.73219269" lon="112.42353357"></trkpt>
  <trkpt lat="-7.73219269" lon="112.42358688"></trkpt>
  <trkpt lat="-7.73219269" lon="112.42364019"></trkpt>
  <trkpt lat="-7.73219269" lon="112.42369350"></trkpt>
  <trkpt lat="-7.73224600" lon="112.42374681"></trkpt>
  <trkpt lat="-7.73224600" lon="112.42385343"></trkpt>
  <trkpt lat="-7.73224600" lon="112.42390674"></trkpt>
  <trkpt lat="-7.73229931" lon="112.42390674"></trkpt>
  <trkpt lat="-7.73229931" lon="112.42396004"></trkpt>
  <trkpt lat="-7.73229931" lon="112.42401335"></trkpt>
  <trkpt lat="-7.73235261" lon="112.42406666"></trkpt>
  <trkpt lat="-7.73229931" lon="112.42417336"></trkpt>
  <trkpt lat="-7.73229931" lon="112.42427998"></trkpt>
  <trkpt lat="-7.73229931" lon="112.42433329"></trkpt>
  <trkpt lat="-7.73229931" lon="112.42438660"></trkpt>
  <trkpt lat="-7.73229931" lon="112.42449322"></trkpt>
  <trkpt lat="-7.73224600" lon="112.42454653"></trkpt>
  <trkpt lat="-7.73224600" lon="112.42459984"></trkpt>
 </trkseg>
</trk>
<trk>
 <name>Track 247</name>
 <trkseg>
  <trkpt lat="-7.76524337" lon="112.38110086"></trkpt>
  <trkpt lat="-7.76519006" lon="112.38115417"></trkpt>
  <trkpt lat="-7.76519006" lon="112.38120748"></trkpt>
  <trkpt lat="-7.76503005" lon="112.38131410"></trkpt>
  <trkpt lat="-7.76487012" lon="112.38163395"></trkpt>
  <trkpt lat="-7.76455027" lon="112.38211381"></trkpt>
  <trkpt lat="-7.76439034" lon="112.38243375"></trkpt>
  <trkpt lat="-7.76439034" lon="112.38254037"></trkpt>
  <trkpt lat="-7.76444365" lon="112.38296684"></trkpt>
  <trkpt lat="-7.76455027" lon="112.38334008"></trkpt>
  <trkpt lat="-7.76455027" lon="112.38350001"></trkpt>
  <trkpt lat="-7.76460358" lon="112.38376664"></trkpt>
  <trkpt lat="-7.76460358" lon="112.38397988"></trkpt>
  <trkpt lat="-7.76455027" lon="112.38408649"></trkpt>
  <trkpt lat="-7.76449696" lon="112.38467298"></trkpt>
  <trkpt lat="-7.76449696" lon="112.38525946"></trkpt>
  <trkpt lat="-7.76433703" lon="112.38579263"></trkpt>
  <trkpt lat="-7.76423042" lon="112.38611248"></trkpt>
  <trkpt lat="-7.76417711" lon="112.38643242"></trkpt>
  <trkpt lat="-7.76412380" lon="112.38648573"></trkpt>
  <trkpt lat="-7.76417711" lon="112.38653904"></trkpt>
  <trkpt lat="-7.76412380" lon="112.38653904"></trkpt>
  <trkpt lat="-7.76407049" lon="112.38659235"></trkpt>
  <trkpt lat="-7.76401710" lon="112.38648573"></trkpt>
  <trkpt lat="-7.76396379" lon="112.38653904"></trkpt>
  <trkpt lat="-7.76396379" lon="112.38669896"></trkpt>
  <trkpt lat="-7.76396379" lon="112.38675227"></trkpt>
  <trkpt lat="-7.76401710" lon="112.38691228"></trkpt>
  <trkpt lat="-7.76407049" lon="112.38707221"></trkpt>
  <trkpt lat="-7.76417711" lon="112.38723214"></trkpt>
  <trkpt lat="-7.76423042" lon="112.38728545"></trkpt>
  <trkpt lat="-7.76428373" lon="112.38733876"></trkpt>
  <trkpt lat="-7.76433703" lon="112.38739206"></trkpt>
  <trkpt lat="-7.76439034" lon="112.38744537"></trkpt>
  <trkpt lat="-7.76455027" lon="112.38760538"></trkpt>
  <trkpt lat="-7.76465689" lon="112.38765869"></trkpt>
  <trkpt lat="-7.76471020" lon="112.38776531"></trkpt>
  <trkpt lat="-7.76476351" lon="112.38781862"></trkpt>
  <trkpt lat="-7.76481682" lon="112.38787193"></trkpt>
  <trkpt lat="-7.76481682" lon="112.38797855"></trkpt>
  <trkpt lat="-7.76487012" lon="112.38803186"></trkpt>
  <trkpt lat="-7.76492343" lon="112.38808516"></trkpt>
  <trkpt lat="-7.76487012" lon="112.38819187"></trkpt>
  <trkpt lat="-7.76481682" lon="112.38824517"></trkpt>
  <trkpt lat="-7.76481682" lon="112.38835179"></trkpt>
  <trkpt lat="-7.76476351" lon="112.38840510"></trkpt>
  <trkpt lat="-7.76471020" lon="112.38845841"></trkpt>
  <trkpt lat="-7.76465689" lon="112.38851172"></trkpt>
  <trkpt lat="-7.76460358" lon="112.38856503"></trkpt>
  <trkpt lat="-7.76444365" lon="112.38867165"></trkpt>
  <trkpt lat="-7.76439034" lon="112.38867165"></trkpt>
  <trkpt lat="-7.76439034" lon="112.38872495"></trkpt>
  <trkpt lat="-7.76433703" lon="112.38867165"></trkpt>
  <trkpt lat="-7.76439034" lon="112.38867165"></trkpt>
  <trkpt lat="-7.76439034" lon="112.38872495"></trkpt>
  <trkpt lat="-7.76444365" lon="112.38877835"></trkpt>
  <trkpt lat="-7.76449696" lon="112.38877835"></trkpt>
  <trkpt lat="-7.76460358" lon="112.38883166"></trkpt>
  <trkpt lat="-7.76460358" lon="112.38888497"></trkpt>
  <trkpt lat="-7.76471020" lon="112.38899158"></trkpt>
  <trkpt lat="-7.76476351" lon="112.38899158"></trkpt>
  <trkpt lat="-7.76476351" lon="112.38904489"></trkpt>
  <trkpt lat="-7.76481682" lon="112.38909820"></trkpt>
  <trkpt lat="-7.76487012" lon="112.38909820"></trkpt>
  <trkpt lat="-7.76492343" lon="112.38915151"></trkpt>
  <trkpt lat="-7.76497674" lon="112.38920482"></trkpt>
  <trkpt lat="-7.76503005" lon="112.38915151"></trkpt>
  <trkpt lat="-7.76508336" lon="112.38920482"></trkpt>
  <trkpt lat="-7.76508336" lon="112.38925813"></trkpt>
  <trkpt lat="-7.76513667" lon="112.38925813"></trkpt>
  <trkpt lat="-7.76513667" lon="112.38931144"></trkpt>
  <trkpt lat="-7.76519006" lon="112.38936475"></trkpt>
  <trkpt lat="-7.76524337" lon="112.38941814"></trkpt>
  <trkpt lat="-7.76529668" lon="112.38941814"></trkpt>
  <trkpt lat="-7.76534999" lon="112.38941814"></trkpt>
  <trkpt lat="-7.76540330" lon="112.38941814"></trkpt>
  <trkpt lat="-7.76545661" lon="112.38936475"></trkpt>
  <trkpt lat="-7.76550991" lon="112.38936475"></trkpt>
  <trkpt lat="-7.76556322" lon="112.38941814"></trkpt>
  <trkpt lat="-7.76561653" lon="112.38941814"></trkpt>
  <trkpt lat="-7.76566984" lon="112.38947145"></trkpt>
  <trkpt lat="-7.76566984" lon="112.38941814"></trkpt>
  <trkpt lat="-7.76572315" lon="112.38941814"></trkpt>
  <trkpt lat="-7.76577646" lon="112.38941814"></trkpt>
  <trkpt lat="-7.76582977" lon="112.38941814"></trkpt>
  <trkpt lat="-7.76588308" lon="112.38947145"></trkpt>
  <trkpt lat="-7.76593639" lon="112.38947145"></trkpt>
  <trkpt lat="-7.76598969" lon="112.38947145"></trkpt>
  <trkpt lat="-7.76604300" lon="112.38947145"></trkpt>
  <trkpt lat="-7.76604300" lon="112.38952476"></trkpt>
  <trkpt lat="-7.76604300" lon="112.38957806"></trkpt>
  <trkpt lat="-7.76609631" lon="112.38963137"></trkpt>
  <trkpt lat="-7.76609631" lon="112.38968468"></trkpt>
  <trkpt lat="-7.76620293" lon="112.38979130"></trkpt>
  <trkpt lat="-7.76620293" lon="112.38984461"></trkpt>
  <trkpt lat="-7.76625624" lon="112.38984461"></trkpt>
  <trkpt lat="-7.76630955" lon="112.38995123"></trkpt>
  <trkpt lat="-7.76636294" lon="112.39000454"></trkpt>
  <trkpt lat="-7.76641625" lon="112.39000454"></trkpt>
  <trkpt lat="-7.76641625" lon="112.39005793"></trkpt>
  <trkpt lat="-7.76641625" lon="112.39011124"></trkpt>
  <trkpt lat="-7.76646956" lon="112.39021786"></trkpt>
  <trkpt lat="-7.76641625" lon="112.39027116"></trkpt>
  <trkpt lat="-7.76646956" lon="112.39032447"></trkpt>
  <trkpt lat="-7.76652287" lon="112.39048440"></trkpt>
  <trkpt lat="-7.76652287" lon="112.39053771"></trkpt>
  <trkpt lat="-7.76652287" lon="112.39059102"></trkpt>
  <trkpt lat="-7.76652287" lon="112.39064433"></trkpt>
  <trkpt lat="-7.76652287" lon="112.39069772"></trkpt>
  <trkpt lat="-7.76652287" lon="112.39080434"></trkpt>
  <trkpt lat="-7.76646956" lon="112.39085765"></trkpt>
  <trkpt lat="-7.76641625" lon="112.39091096"></trkpt>
  <trkpt lat="-7.76641625" lon="112.39096426"></trkpt>
  <trkpt lat="-7.76636294" lon="112.39101757"></trkpt>
  <trkpt lat="-7.76630955" lon="112.39107088"></trkpt>
  <trkpt lat="-7.76636294" lon="112.39112419"></trkpt>
  <trkpt lat="-7.76636294" lon="112.39117750"></trkpt>
  <trkpt lat="-7.76636294" lon="112.39123081"></trkpt>
  <trkpt lat="-7.76630955" lon="112.39123081"></trkpt>
  <trkpt lat="-7.76630955" lon="112.39128412"></trkpt>
  <trkpt lat="-7.76625624" lon="112.39128412"></trkpt>
  <trkpt lat="-7.76625624" lon="112.39133743"></trkpt>
  <trkpt lat="-7.76625624" lon="112.39139082"></trkpt>
  <trkpt lat="-7.76625624" lon="112.39144413"></trkpt>
  <trkpt lat="-7.76625624" lon="112.39149744"></trkpt>
  <trkpt lat="-7.76620293" lon="112.39149744"></trkpt>
  <trkpt lat="-7.76620293" lon="112.39155075"></trkpt>
  <trkpt lat="-7.76620293" lon="112.39160405"></trkpt>
  <trkpt lat="-7.76609631" lon="112.39171067"></trkpt>
  <trkpt lat="-7.76609631" lon="112.39176398"></trkpt>
  <trkpt lat="-7.76604300" lon="112.39176398"></trkpt>
  <trkpt lat="-7.76604300" lon="112.39181729"></trkpt>
  <trkpt lat="-7.76609631" lon="112.39187060"></trkpt>
  <trkpt lat="-7.76614962" lon="112.39187060"></trkpt>
  <trkpt lat="-7.76614962" lon="112.39192391"></trkpt>
  <trkpt lat="-7.76614962" lon="112.39197722"></trkpt>
  <trkpt lat="-7.76620293" lon="112.39203061"></trkpt>
  <trkpt lat="-7.76620293" lon="112.39208392"></trkpt>
  <trkpt lat="-7.76625624" lon="112.39208392"></trkpt>
  <trkpt lat="-7.76625624" lon="112.39213723"></trkpt>
  <trkpt lat="-7.76625624" lon="112.39219054"></trkpt>
  <trkpt lat="-7.76630955" lon="112.39224385"></trkpt>
  <trkpt lat="-7.76630955" lon="112.39229715"></trkpt>
  <trkpt lat="-7.76630955" lon="112.39235046"></trkpt>
  <trkpt lat="-7.76630955" lon="112.39240377"></trkpt>
  <trkpt lat="-7.76636294" lon="112.39245708"></trkpt>
  <trkpt lat="-7.76636294" lon="112.39251039"></trkpt>
  <trkpt lat="-7.76641625" lon="112.39251039"></trkpt>
  <trkpt lat="-7.76646956" lon="112.39256370"></trkpt>
  <trkpt lat="-7.76636294" lon="112.39272371"></trkpt>
  <trkpt lat="-7.76636294" lon="112.39277702"></trkpt>
  <trkpt lat="-7.76641625" lon="112.39283033"></trkpt>
  <trkpt lat="-7.76646956" lon="112.39283033"></trkpt>
  <trkpt lat="-7.76646956" lon="112.39288364"></trkpt>
  <trkpt lat="-7.76641625" lon="112.39293694"></trkpt>
  <trkpt lat="-7.76641625" lon="112.39299025"></trkpt>
  <trkpt lat="-7.76636294" lon="112.39304356"></trkpt>
  <trkpt lat="-7.76630955" lon="112.39309687"></trkpt>
  <trkpt lat="-7.76625624" lon="112.39315018"></trkpt>
  <trkpt lat="-7.76625624" lon="112.39320349"></trkpt>
  <trkpt lat="-7.76620293" lon="112.39325680"></trkpt>
  <trkpt lat="-7.76614962" lon="112.39331019"></trkpt>
  <trkpt lat="-7.76614962" lon="112.39336350"></trkpt>
  <trkpt lat="-7.76614962" lon="112.39347012"></trkpt>
  <trkpt lat="-7.76609631" lon="112.39357674"></trkpt>
  <trkpt lat="-7.76604300" lon="112.39357674"></trkpt>
  <trkpt lat="-7.76604300" lon="112.39368335"></trkpt>
  <trkpt lat="-7.76598969" lon="112.39368335"></trkpt>
  <trkpt lat="-7.76593639" lon="112.39373666"></trkpt>
  <trkpt lat="-7.76588308" lon="112.39378997"></trkpt>
  <trkpt lat="-7.76582977" lon="112.39384328"></trkpt>
  <trkpt lat="-7.76582977" lon="112.39389659"></trkpt>
  <trkpt lat="-7.76577646" lon="112.39389659"></trkpt>
  <trkpt lat="-7.76572315" lon="112.39394998"></trkpt>
  <trkpt lat="-7.76561653" lon="112.39400329"></trkpt>
  <trkpt lat="-7.76556322" lon="112.39400329"></trkpt>
  <trkpt lat="-7.76545661" lon="112.39405660"></trkpt>
  <trkpt lat="-7.76540330" lon="112.39410991"></trkpt>
  <trkpt lat="-7.76540330" lon="112.39416322"></trkpt>
  <trkpt lat="-7.76529668" lon="112.39421653"></trkpt>
  <trkpt lat="-7.76524337" lon="112.39426984"></trkpt>
  <trkpt lat="-7.76508336" lon="112.39437645"></trkpt>
  <trkpt lat="-7.76503005" lon="112.39442976"></trkpt>
  <trkpt lat="-7.76497674" lon="112.39448307"></trkpt>
  <trkpt lat="-7.76492343" lon="112.39458969"></trkpt>
  <trkpt lat="-7.76492343" lon="112.39464308"></trkpt>
  <trkpt lat="-7.76487012" lon="112.39474970"></trkpt>
  <trkpt lat="-7.76481682" lon="112.39474970"></trkpt>
  <trkpt lat="-7.76471020" lon="112.39490963"></trkpt>
  <trkpt lat="-7.76465689" lon="112.39496293"></trkpt>
  <trkpt lat="-7.76465689" lon="112.39501624"></trkpt>
  <trkpt lat="-7.76455027" lon="112.39506955"></trkpt>
  <trkpt lat="-7.76455027" lon="112.39512286"></trkpt>
  <trkpt lat="-7.76449696" lon="112.39522948"></trkpt>
  <trkpt lat="-7.76439034" lon="112.39528279"></trkpt>
  <trkpt lat="-7.76428373" lon="112.39533618"></trkpt>
  <trkpt lat="-7.76423042" lon="112.39544280"></trkpt>
  <trkpt lat="-7.76417711" lon="112.39549611"></trkpt>
  <trkpt lat="-7.76412380" lon="112.39549611"></trkpt>
  <trkpt lat="-7.76407049" lon="112.39554942"></trkpt>
  <trkpt lat="-7.76401710" lon="112.39560273"></trkpt>
  <trkpt lat="-7.76396379" lon="112.39560273"></trkpt>
  <trkpt lat="-7.76391048" lon="112.39565603"></trkpt>
  <trkpt lat="-7.76380386" lon="112.39570934"></trkpt>
  <trkpt lat="-7.76375055" lon="112.39570934"></trkpt>
  <trkpt lat="-7.76364394" lon="112.39581596"></trkpt>
  <trkpt lat="-7.76359063" lon="112.39581596"></trkpt>
  <trkpt lat="-7.76353732" lon="112.39586927"></trkpt>
  <trkpt lat="-7.76348401" lon="112.39586927"></trkpt>
  <trkpt lat="-7.76348401" lon="112.39592258"></trkpt>
  <trkpt lat="-7.76343070" lon="112.39592258"></trkpt>
  <trkpt lat="-7.76332408" lon="112.39592258"></trkpt>
  <trkpt lat="-7.76321746" lon="112.39592258"></trkpt>
  <trkpt lat="-7.76316416" lon="112.39597597"></trkpt>
  <trkpt lat="-7.76311085" lon="112.39597597"></trkpt>
  <trkpt lat="-7.76300423" lon="112.39597597"></trkpt>
  <trkpt lat="-7.76295092" lon="112.39602928"></trkpt>
  <trkpt lat="-7.76289753" lon="112.39608259"></trkpt>
  <trkpt lat="-7.76284422" lon="112.39608259"></trkpt>
  <trkpt lat="-7.76279091" lon="112.39613590"></trkpt>
  <trkpt lat="-7.76268429" lon="112.39618921"></trkpt>
  <trkpt lat="-7.76268429" lon="112.39624252"></trkpt>
  <trkpt lat="-7.76263098" lon="112.39624252"></trkpt>
  <trkpt lat="-7.76257767" lon="112.39629583"></trkpt>
  <trkpt lat="-7.76252436" lon="112.39634913"></trkpt>
  <trkpt lat="-7.76247106" lon="112.39634913"></trkpt>
  <trkpt lat="-7.76241775" lon="112.39640244"></trkpt>
  <trkpt lat="-7.76236444" lon="112.39640244"></trkpt>
  <trkpt lat="-7.76236444" lon="112.39645575"></trkpt>
  <trkpt lat="-7.76236444" lon="112.39650906"></trkpt>
  <trkpt lat="-7.76231113" lon="112.39650906"></trkpt>
  <trkpt lat="-7.76225782" lon="112.39650906"></trkpt>
  <trkpt lat="-7.76220451" lon="112.39650906"></trkpt>
  <trkpt lat="-7.76220451" lon="112.39656237"></trkpt>
  <trkpt lat="-7.76215120" lon="112.39661576"></trkpt>
  <trkpt lat="-7.76209789" lon="112.39661576"></trkpt>
  <trkpt lat="-7.76209789" lon="112.39666907"></trkpt>
  <trkpt lat="-7.76204458" lon="112.39666907"></trkpt>
  <trkpt lat="-7.76199128" lon="112.39666907"></trkpt>
  <trkpt lat="-7.76193797" lon="112.39666907"></trkpt>
  <trkpt lat="-7.76193797" lon="112.39672238"></trkpt>
  <trkpt lat="-7.76188466" lon="112.39672238"></trkpt>
  <trkpt lat="-7.76183135" lon="112.39672238"></trkpt>
  <trkpt lat="-7.76177796" lon="112.39672238"></trkpt>
  <trkpt lat="-7.76172465" lon="112.39672238"></trkpt>
  <trkpt lat="-7.76172465" lon="112.39677569"></trkpt>
  <trkpt lat="-7.76167134" lon="112.39677569"></trkpt>
  <trkpt lat="-7.76161803" lon="112.39677569"></trkpt>
  <trkpt lat="-7.76161803" lon="112.39682900"></trkpt>
  <trkpt lat="-7.76156472" lon="112.39682900"></trkpt>
  <trkpt lat="-7.76151141" lon="112.39682900"></trkpt>
  <trkpt lat="-7.76145810" lon="112.39682900"></trkpt>
  <trkpt lat="-7.76140479" lon="112.39688231"></trkpt>
  <trkpt lat="-7.76135148" lon="112.39688231"></trkpt>
  <trkpt lat="-7.76129818" lon="112.39693562"></trkpt>
  <trkpt lat="-7.76124487" lon="112.39698892"></trkpt>
  <trkpt lat="-7.76119156" lon="112.39704223"></trkpt>
  <trkpt lat="-7.76113825" lon="112.39709554"></trkpt>
  <trkpt lat="-7.76108494" lon="112.39714885"></trkpt>
  <trkpt lat="-7.76103163" lon="112.39720216"></trkpt>
  <trkpt lat="-7.76097832" lon="112.39720216"></trkpt>
  <trkpt lat="-7.76092501" lon="112.39725555"></trkpt>
  <trkpt lat="-7.76081840" lon="112.39730886"></trkpt>
  <trkpt lat="-7.76081840" lon="112.39736217"></trkpt>
  <trkpt lat="-7.76076509" lon="112.39741548"></trkpt>
  <trkpt lat="-7.76071178" lon="112.39746879"></trkpt>
  <trkpt lat="-7.76065839" lon="112.39752210"></trkpt>
  <trkpt lat="-7.76065839" lon="112.39757541"></trkpt>
  <trkpt lat="-7.76060508" lon="112.39762872"></trkpt>
  <trkpt lat="-7.76055177" lon="112.39768202"></trkpt>
  <trkpt lat="-7.76049846" lon="112.39773533"></trkpt>
  <trkpt lat="-7.76044515" lon="112.39773533"></trkpt>
  <trkpt lat="-7.76039184" lon="112.39784195"></trkpt>
  <trkpt lat="-7.76033853" lon="112.39784195"></trkpt>
  <trkpt lat="-7.76028522" lon="112.39789534"></trkpt>
  <trkpt lat="-7.76023191" lon="112.39794865"></trkpt>
  <trkpt lat="-7.76017861" lon="112.39800196"></trkpt>
  <trkpt lat="-7.76012530" lon="112.39805527"></trkpt>
  <trkpt lat="-7.76007199" lon="112.39805527"></trkpt>
  <trkpt lat="-7.75996537" lon="112.39816189"></trkpt>
  <trkpt lat="-7.75991206" lon="112.39821520"></trkpt>
  <trkpt lat="-7.75985875" lon="112.39821520"></trkpt>
  <trkpt lat="-7.75985875" lon="112.39826851"></trkpt>
  <trkpt lat="-7.75980544" lon="112.39826851"></trkpt>
  <trkpt lat="-7.75975213" lon="112.39826851"></trkpt>
  <trkpt lat="-7.75975213" lon="112.39832181"></trkpt>
  <trkpt lat="-7.75975213" lon="112.39826851"></trkpt>
  <trkpt lat="-7.75975213" lon="112.39832181"></trkpt>
  <trkpt lat="-7.75975213" lon="112.39837512"></trkpt>
  <trkpt lat="-7.75980544" lon="112.39837512"></trkpt>
  <trkpt lat="-7.75975213" lon="112.39837512"></trkpt>
  <trkpt lat="-7.75975213" lon="112.39832181"></trkpt>
  <trkpt lat="-7.75975213" lon="112.39826851"></trkpt>
  <trkpt lat="-7.75975213" lon="112.39832181"></trkpt>
  <trkpt lat="-7.75975213" lon="112.39826851"></trkpt>
  <trkpt lat="-7.75969882" lon="112.39826851"></trkpt>
  <trkpt lat="-7.75969882" lon="112.39832181"></trkpt>
  <trkpt lat="-7.75975213" lon="112.39832181"></trkpt>
  <trkpt lat="-7.75980544" lon="112.39826851"></trkpt>
  <trkpt lat="-7.75975213" lon="112.39832181"></trkpt>
  <trkpt lat="-7.75975213" lon="112.39837512"></trkpt>
 </trkseg>
</trk>
<trk>
 <name>Track 249</name>
 <trkseg>
  <trkpt lat="-7.66299597" lon="112.43717906"></trkpt>
  <trkpt lat="-7.66304928" lon="112.43717906"></trkpt>
  <trkpt lat="-7.66299597" lon="112.43723237"></trkpt>
  <trkpt lat="-7.66294266" lon="112.43723237"></trkpt>
  <trkpt lat="-7.66299597" lon="112.43728568"></trkpt>
  <trkpt lat="-7.66304928" lon="112.43733899"></trkpt>
  <trkpt lat="-7.66304928" lon="112.43744561"></trkpt>
  <trkpt lat="-7.66299597" lon="112.43749891"></trkpt>
  <trkpt lat="-7.66278265" lon="112.43755222"></trkpt>
  <trkpt lat="-7.66267603" lon="112.43755222"></trkpt>
  <trkpt lat="-7.66256941" lon="112.43755222"></trkpt>
  <trkpt lat="-7.66246280" lon="112.43760562"></trkpt>
  <trkpt lat="-7.66235618" lon="112.43760562"></trkpt>
  <trkpt lat="-7.66219625" lon="112.43749891"></trkpt>
  <trkpt lat="-7.66219625" lon="112.43760562"></trkpt>
  <trkpt lat="-7.66219625" lon="112.43776554"></trkpt>
  <trkpt lat="-7.66219625" lon="112.43787216"></trkpt>
  <trkpt lat="-7.66235618" lon="112.43808540"></trkpt>
  <trkpt lat="-7.66262272" lon="112.43819201"></trkpt>
  <trkpt lat="-7.66272934" lon="112.43824541"></trkpt>
  <trkpt lat="-7.66272934" lon="112.43835202"></trkpt>
  <trkpt lat="-7.66283596" lon="112.43845864"></trkpt>
  <trkpt lat="-7.66283596" lon="112.43851195"></trkpt>
  <trkpt lat="-7.66294266" lon="112.43861857"></trkpt>
  <trkpt lat="-7.66299597" lon="112.43867188"></trkpt>
  <trkpt lat="-7.66326251" lon="112.43872519"></trkpt>
  <trkpt lat="-7.66347575" lon="112.43872519"></trkpt>
  <trkpt lat="-7.66358237" lon="112.43877850"></trkpt>
  <trkpt lat="-7.66368899" lon="112.43883180"></trkpt>
  <trkpt lat="-7.66384891" lon="112.43883180"></trkpt>
  <trkpt lat="-7.66390222" lon="112.43888520"></trkpt>
  <trkpt lat="-7.66395553" lon="112.43899181"></trkpt>
  <trkpt lat="-7.66400884" lon="112.43909843"></trkpt>
  <trkpt lat="-7.66406223" lon="112.43920505"></trkpt>
  <trkpt lat="-7.66411554" lon="112.43925836"></trkpt>
  <trkpt lat="-7.66422216" lon="112.43936498"></trkpt>
  <trkpt lat="-7.66427547" lon="112.43941829"></trkpt>
  <trkpt lat="-7.66443539" lon="112.43947159"></trkpt>
  <trkpt lat="-7.66454201" lon="112.43952499"></trkpt>
  <trkpt lat="-7.66464863" lon="112.43957830"></trkpt>
  <trkpt lat="-7.66470194" lon="112.43957830"></trkpt>
  <trkpt lat="-7.66475525" lon="112.43957830"></trkpt>
  <trkpt lat="-7.66502179" lon="112.43957830"></trkpt>
  <trkpt lat="-7.66518172" lon="112.43963161"></trkpt>
  <trkpt lat="-7.66528842" lon="112.43963161"></trkpt>
  <trkpt lat="-7.66539504" lon="112.43963161"></trkpt>
  <trkpt lat="-7.66550166" lon="112.43968491"></trkpt>
  <trkpt lat="-7.66555496" lon="112.43968491"></trkpt>
  <trkpt lat="-7.66560827" lon="112.43968491"></trkpt>
  <trkpt lat="-7.66566158" lon="112.43968491"></trkpt>
  <trkpt lat="-7.66571489" lon="112.43968491"></trkpt>
  <trkpt lat="-7.66576820" lon="112.43968491"></trkpt>
  <trkpt lat="-7.66597808" lon="112.43968491"></trkpt>
  <trkpt lat="-7.66645795" lon="112.43973822"></trkpt>
  <trkpt lat="-7.66667118" lon="112.43968491"></trkpt>
  <trkpt lat="-7.66683111" lon="112.43968491"></trkpt>
  <trkpt lat="-7.66699104" lon="112.43973822"></trkpt>
  <trkpt lat="-7.66715096" lon="112.43973822"></trkpt>
  <trkpt lat="-7.66725766" lon="112.43979153"></trkpt>
  <trkpt lat="-7.66736428" lon="112.43979153"></trkpt>
  <trkpt lat="-7.66747090" lon="112.43979153"></trkpt>
  <trkpt lat="-7.66752421" lon="112.43979153"></trkpt>
  <trkpt lat="-7.66763083" lon="112.43984484"></trkpt>
  <trkpt lat="-7.66789737" lon="112.43989815"></trkpt>
  <trkpt lat="-7.66800399" lon="112.43995146"></trkpt>
  <trkpt lat="-7.66816392" lon="112.43995146"></trkpt>
  <trkpt lat="-7.66821723" lon="112.43995146"></trkpt>
  <trkpt lat="-7.66832384" lon="112.43995146"></trkpt>
  <trkpt lat="-7.66837724" lon="112.43995146"></trkpt>
  <trkpt lat="-7.66848385" lon="112.43995146"></trkpt>
  <trkpt lat="-7.66864378" lon="112.44000477"></trkpt>
  <trkpt lat="-7.66869709" lon="112.44000477"></trkpt>
  <trkpt lat="-7.66875040" lon="112.44000477"></trkpt>
  <trkpt lat="-7.66901694" lon="112.44000477"></trkpt>
  <trkpt lat="-7.66923018" lon="112.43989815"></trkpt>
  <trkpt lat="-7.66944341" lon="112.43979153"></trkpt>
  <trkpt lat="-7.66955012" lon="112.43973822"></trkpt>
  <trkpt lat="-7.66971004" lon="112.43968491"></trkpt>
  <trkpt lat="-7.66981666" lon="112.43968491"></trkpt>
  <trkpt lat="-7.66997659" lon="112.43973822"></trkpt>
  <trkpt lat="-7.67008320" lon="112.43973822"></trkpt>
  <trkpt lat="-7.67013651" lon="112.43973822"></trkpt>
  <trkpt lat="-7.67029644" lon="112.43979153"></trkpt>
  <trkpt lat="-7.67045637" lon="112.43979153"></trkpt>
  <trkpt lat="-7.67056298" lon="112.43979153"></trkpt>
  <trkpt lat="-7.67072299" lon="112.43979153"></trkpt>
  <trkpt lat="-7.67088292" lon="112.43984484"></trkpt>
  <trkpt lat="-7.67104285" lon="112.43989815"></trkpt>
  <trkpt lat="-7.67114947" lon="112.43989815"></trkpt>
  <trkpt lat="-7.67120278" lon="112.43995146"></trkpt>
  <trkpt lat="-7.67141601" lon="112.43995146"></trkpt>
  <trkpt lat="-7.67162925" lon="112.44000477"></trkpt>
  <trkpt lat="-7.67173595" lon="112.44000477"></trkpt>
  <trkpt lat="-7.67189587" lon="112.44000477"></trkpt>
  <trkpt lat="-7.67205580" lon="112.44000477"></trkpt>
  <trkpt lat="-7.67216242" lon="112.44005808"></trkpt>
  <trkpt lat="-7.67226904" lon="112.44011139"></trkpt>
  <trkpt lat="-7.67242896" lon="112.44016478"></trkpt>
  <trkpt lat="-7.67264220" lon="112.44016478"></trkpt>
  <trkpt lat="-7.67274882" lon="112.44016478"></trkpt>
  <trkpt lat="-7.67290883" lon="112.44021809"></trkpt>
  <trkpt lat="-7.67306875" lon="112.44016478"></trkpt>
  <trkpt lat="-7.67312206" lon="112.44016478"></trkpt>
  <trkpt lat="-7.67322868" lon="112.44016478"></trkpt>
  <trkpt lat="-7.67333530" lon="112.44016478"></trkpt>
  <trkpt lat="-7.67354853" lon="112.44021809"></trkpt>
  <trkpt lat="-7.67376177" lon="112.44037801"></trkpt>
  <trkpt lat="-7.67386839" lon="112.44043132"></trkpt>
  <trkpt lat="-7.67397509" lon="112.44037801"></trkpt>
  <trkpt lat="-7.67418833" lon="112.44043132"></trkpt>
  <trkpt lat="-7.67434825" lon="112.44043132"></trkpt>
  <trkpt lat="-7.67456149" lon="112.44043132"></trkpt>
  <trkpt lat="-7.67472141" lon="112.44043132"></trkpt>
  <trkpt lat="-7.67477472" lon="112.44037801"></trkpt>
  <trkpt lat="-7.67488134" lon="112.44037801"></trkpt>
  <trkpt lat="-7.67498796" lon="112.44037801"></trkpt>
  <trkpt lat="-7.67509466" lon="112.44032471"></trkpt>
  <trkpt lat="-7.67514797" lon="112.44032471"></trkpt>
  <trkpt lat="-7.67530790" lon="112.44016478"></trkpt>
  <trkpt lat="-7.67536120" lon="112.44011139"></trkpt>
  <trkpt lat="-7.67541451" lon="112.44000477"></trkpt>
  <trkpt lat="-7.67541451" lon="112.43995146"></trkpt>
  <trkpt lat="-7.67546782" lon="112.43989815"></trkpt>
  <trkpt lat="-7.67552113" lon="112.43984484"></trkpt>
  <trkpt lat="-7.67557444" lon="112.43984484"></trkpt>
  <trkpt lat="-7.67562775" lon="112.43984484"></trkpt>
  <trkpt lat="-7.67573437" lon="112.43984484"></trkpt>
  <trkpt lat="-7.67578768" lon="112.43995146"></trkpt>
  <trkpt lat="-7.67584099" lon="112.43995146"></trkpt>
  <trkpt lat="-7.67594760" lon="112.43995146"></trkpt>
  <trkpt lat="-7.67600091" lon="112.43995146"></trkpt>
  <trkpt lat="-7.67610753" lon="112.43995146"></trkpt>
  <trkpt lat="-7.67616084" lon="112.43995146"></trkpt>
  <trkpt lat="-7.67621423" lon="112.44000477"></trkpt>
  <trkpt lat="-7.67626754" lon="112.44005808"></trkpt>
  <trkpt lat="-7.67632085" lon="112.44016478"></trkpt>
  <trkpt lat="-7.67632085" lon="112.44021809"></trkpt>
  <trkpt lat="-7.67637416" lon="112.44021809"></trkpt>
  <trkpt lat="-7.67642747" lon="112.44027140"></trkpt>
  <trkpt lat="-7.67648078" lon="112.44027140"></trkpt>
  <trkpt lat="-7.67658739" lon="112.44032471"></trkpt>
  <trkpt lat="-7.67664070" lon="112.44032471"></trkpt>
  <trkpt lat="-7.67669401" lon="112.44037801"></trkpt>
  <trkpt lat="-7.67680063" lon="112.44037801"></trkpt>
  <trkpt lat="-7.67696056" lon="112.44043132"></trkpt>
  <trkpt lat="-7.67706717" lon="112.44037801"></trkpt>
  <trkpt lat="-7.67728041" lon="112.44043132"></trkpt>
  <trkpt lat="-7.67738711" lon="112.44043132"></trkpt>
  <trkpt lat="-7.67749373" lon="112.44037801"></trkpt>
  <trkpt lat="-7.67765366" lon="112.44037801"></trkpt>
  <trkpt lat="-7.67776027" lon="112.44032471"></trkpt>
  <trkpt lat="-7.67802682" lon="112.44027140"></trkpt>
  <trkpt lat="-7.67813344" lon="112.44032471"></trkpt>
  <trkpt lat="-7.67829336" lon="112.44043132"></trkpt>
  <trkpt lat="-7.67845329" lon="112.44059125"></trkpt>
  <trkpt lat="-7.67850668" lon="112.44069787"></trkpt>
  <trkpt lat="-7.67861330" lon="112.44069787"></trkpt>
  <trkpt lat="-7.67871992" lon="112.44075118"></trkpt>
  <trkpt lat="-7.67887984" lon="112.44085788"></trkpt>
  <trkpt lat="-7.67903977" lon="112.44096450"></trkpt>
  <trkpt lat="-7.67919970" lon="112.44096450"></trkpt>
  <trkpt lat="-7.67925301" lon="112.44101780"></trkpt>
  <trkpt lat="-7.67935962" lon="112.44096450"></trkpt>
  <trkpt lat="-7.67946624" lon="112.44096450"></trkpt>
  <trkpt lat="-7.67957286" lon="112.44096450"></trkpt>
  <trkpt lat="-7.67967956" lon="112.44101780"></trkpt>
  <trkpt lat="-7.67978618" lon="112.44101780"></trkpt>
  <trkpt lat="-7.67989280" lon="112.44107111"></trkpt>
  <trkpt lat="-7.67999941" lon="112.44117773"></trkpt>
  <trkpt lat="-7.68015934" lon="112.44123104"></trkpt>
  <trkpt lat="-7.68026596" lon="112.44123104"></trkpt>
  <trkpt lat="-7.68031927" lon="112.44123104"></trkpt>
  <trkpt lat="-7.68037258" lon="112.44123104"></trkpt>
  <trkpt lat="-7.68042589" lon="112.44123104"></trkpt>
  <trkpt lat="-7.68058581" lon="112.44123104"></trkpt>
  <trkpt lat="-7.68069243" lon="112.44128435"></trkpt>
  <trkpt lat="-7.68085244" lon="112.44139097"></trkpt>
  <trkpt lat="-7.68101237" lon="112.44144436"></trkpt>
  <trkpt lat="-7.68111899" lon="112.44139097"></trkpt>
  <trkpt lat="-7.68127891" lon="112.44144436"></trkpt>
  <trkpt lat="-7.68138553" lon="112.44144436"></trkpt>
  <trkpt lat="-7.68149215" lon="112.44144436"></trkpt>
  <trkpt lat="-7.68149215" lon="112.44149767"></trkpt>
  <trkpt lat="-7.68149215" lon="112.44155098"></trkpt>
  <trkpt lat="-7.68149215" lon="112.44149767"></trkpt>
  <trkpt lat="-7.68159877" lon="112.44144436"></trkpt>
  <trkpt lat="-7.68181200" lon="112.44144436"></trkpt>
  <trkpt lat="-7.68191862" lon="112.44144436"></trkpt>
  <trkpt lat="-7.68197201" lon="112.44144436"></trkpt>
  <trkpt lat="-7.68213194" lon="112.44149767"></trkpt>
  <trkpt lat="-7.68229187" lon="112.44149767"></trkpt>
  <trkpt lat="-7.68239848" lon="112.44149767"></trkpt>
  <trkpt lat="-7.68261172" lon="112.44155098"></trkpt>
  <trkpt lat="-7.68266503" lon="112.44160429"></trkpt>
  <trkpt lat="-7.68277165" lon="112.44160429"></trkpt>
  <trkpt lat="-7.68293157" lon="112.44155098"></trkpt>
  <trkpt lat="-7.68303819" lon="112.44155098"></trkpt>
  <trkpt lat="-7.68314489" lon="112.44160429"></trkpt>
  <trkpt lat="-7.68319820" lon="112.44160429"></trkpt>
  <trkpt lat="-7.68325151" lon="112.44160429"></trkpt>
  <trkpt lat="-7.68335813" lon="112.44160429"></trkpt>
  <trkpt lat="-7.68346475" lon="112.44160429"></trkpt>
  <trkpt lat="-7.68357136" lon="112.44160429"></trkpt>
  <trkpt lat="-7.68367798" lon="112.44160429"></trkpt>
  <trkpt lat="-7.68383791" lon="112.44160429"></trkpt>
  <trkpt lat="-7.68389122" lon="112.44165760"></trkpt>
  <trkpt lat="-7.68399783" lon="112.44165760"></trkpt>
  <trkpt lat="-7.68410445" lon="112.44165760"></trkpt>
  <trkpt lat="-7.68415776" lon="112.44171090"></trkpt>
  <trkpt lat="-7.68421115" lon="112.44171090"></trkpt>
  <trkpt lat="-7.68431777" lon="112.44165760"></trkpt>
  <trkpt lat="-7.68431777" lon="112.44160429"></trkpt>
  <trkpt lat="-7.68437108" lon="112.44160429"></trkpt>
  <trkpt lat="-7.68437108" lon="112.44165760"></trkpt>
  <trkpt lat="-7.68442439" lon="112.44165760"></trkpt>
  <trkpt lat="-7.68458432" lon="112.44165760"></trkpt>
  <trkpt lat="-7.68463762" lon="112.44165760"></trkpt>
  <trkpt lat="-7.68479755" lon="112.44171090"></trkpt>
  <trkpt lat="-7.68485086" lon="112.44176421"></trkpt>
  <trkpt lat="-7.68495748" lon="112.44176421"></trkpt>
  <trkpt lat="-7.68506410" lon="112.44181752"></trkpt>
  <trkpt lat="-7.68511740" lon="112.44187083"></trkpt>
  <trkpt lat="-7.68527733" lon="112.44187083"></trkpt>
  <trkpt lat="-7.68538403" lon="112.44187083"></trkpt>
  <trkpt lat="-7.68543734" lon="112.44192414"></trkpt>
  <trkpt lat="-7.68559727" lon="112.44197745"></trkpt>
  <trkpt lat="-7.68565058" lon="112.44187083"></trkpt>
  <trkpt lat="-7.68575720" lon="112.44187083"></trkpt>
  <trkpt lat="-7.68581050" lon="112.44181752"></trkpt>
  <trkpt lat="-7.68591712" lon="112.44176421"></trkpt>
  <trkpt lat="-7.68602374" lon="112.44171090"></trkpt>
  <trkpt lat="-7.68613036" lon="112.44171090"></trkpt>
  <trkpt lat="-7.68623698" lon="112.44176421"></trkpt>
  <trkpt lat="-7.68639690" lon="112.44176421"></trkpt>
  <trkpt lat="-7.68639690" lon="112.44181752"></trkpt>
  <trkpt lat="-7.68645030" lon="112.44181752"></trkpt>
  <trkpt lat="-7.68650360" lon="112.44187083"></trkpt>
  <trkpt lat="-7.68655691" lon="112.44187083"></trkpt>
  <trkpt lat="-7.68661022" lon="112.44187083"></trkpt>
  <trkpt lat="-7.68666353" lon="112.44187083"></trkpt>
  <trkpt lat="-7.68677015" lon="112.44187083"></trkpt>
  <trkpt lat="-7.68687677" lon="112.44181752"></trkpt>
  <trkpt lat="-7.68698338" lon="112.44176421"></trkpt>
  <trkpt lat="-7.68714331" lon="112.44176421"></trkpt>
  <trkpt lat="-7.68724993" lon="112.44176421"></trkpt>
  <trkpt lat="-7.68735655" lon="112.44171090"></trkpt>
  <trkpt lat="-7.68746316" lon="112.44176421"></trkpt>
  <trkpt lat="-7.68756987" lon="112.44181752"></trkpt>
  <trkpt lat="-7.68767648" lon="112.44181752"></trkpt>
  <trkpt lat="-7.68783641" lon="112.44181752"></trkpt>
  <trkpt lat="-7.68794303" lon="112.44181752"></trkpt>
  <trkpt lat="-7.68799634" lon="112.44181752"></trkpt>
  <trkpt lat="-7.68804965" lon="112.44181752"></trkpt>
  <trkpt lat="-7.68820957" lon="112.44187083"></trkpt>
  <trkpt lat="-7.68831619" lon="112.44187083"></trkpt>
  <trkpt lat="-7.68842281" lon="112.44192414"></trkpt>
  <trkpt lat="-7.68858274" lon="112.44192414"></trkpt>
  <trkpt lat="-7.68874275" lon="112.44197745"></trkpt>
  <trkpt lat="-7.68890267" lon="112.44197745"></trkpt>
  <trkpt lat="-7.68906260" lon="112.44203076"></trkpt>
  <trkpt lat="-7.68916922" lon="112.44203076"></trkpt>
  <trkpt lat="-7.68932914" lon="112.44203076"></trkpt>
  <trkpt lat="-7.68943576" lon="112.44197745"></trkpt>
  <trkpt lat="-7.68959569" lon="112.44203076"></trkpt>
  <trkpt lat="-7.68975561" lon="112.44203076"></trkpt>
  <trkpt lat="-7.68991563" lon="112.44203076"></trkpt>
  <trkpt lat="-7.69002224" lon="112.44208415"></trkpt>
  <trkpt lat="-7.69012886" lon="112.44208415"></trkpt>
  <trkpt lat="-7.69023548" lon="112.44203076"></trkpt>
  <trkpt lat="-7.69034210" lon="112.44213746"></trkpt>
  <trkpt lat="-7.69044871" lon="112.44213746"></trkpt>
  <trkpt lat="-7.69055533" lon="112.44219077"></trkpt>
  <trkpt lat="-7.69071526" lon="112.44219077"></trkpt>
  <trkpt lat="-7.69076857" lon="112.44224408"></trkpt>
  <trkpt lat="-7.69087519" lon="112.44229739"></trkpt>
  <trkpt lat="-7.69092858" lon="112.44229739"></trkpt>
  <trkpt lat="-7.69098189" lon="112.44229739"></trkpt>
  <trkpt lat="-7.69103520" lon="112.44235069"></trkpt>
  <trkpt lat="-7.69114181" lon="112.44245731"></trkpt>
  <trkpt lat="-7.69119512" lon="112.44256393"></trkpt>
  <trkpt lat="-7.69130174" lon="112.44261724"></trkpt>
  <trkpt lat="-7.69140836" lon="112.44267055"></trkpt>
  <trkpt lat="-7.69146167" lon="112.44267055"></trkpt>
  <trkpt lat="-7.69151498" lon="112.44272394"></trkpt>
  <trkpt lat="-7.69162159" lon="112.44272394"></trkpt>
  <trkpt lat="-7.69167490" lon="112.44272394"></trkpt>
  <trkpt lat="-7.69167490" lon="112.44277725"></trkpt>
  <trkpt lat="-7.69172821" lon="112.44277725"></trkpt>
  <trkpt lat="-7.69178152" lon="112.44277725"></trkpt>
  <trkpt lat="-7.69178152" lon="112.44283056"></trkpt>
  <trkpt lat="-7.69183483" lon="112.44288387"></trkpt>
  <trkpt lat="-7.69194145" lon="112.44293718"></trkpt>
  <trkpt lat="-7.69204815" lon="112.44293718"></trkpt>
  <trkpt lat="-7.69210146" lon="112.44293718"></trkpt>
  <trkpt lat="-7.69220808" lon="112.44304379"></trkpt>
  <trkpt lat="-7.69226138" lon="112.44309710"></trkpt>
  <trkpt lat="-7.69226138" lon="112.44315041"></trkpt>
  <trkpt lat="-7.69231469" lon="112.44320372"></trkpt>
  <trkpt lat="-7.69236800" lon="112.44325703"></trkpt>
  <trkpt lat="-7.69236800" lon="112.44336373"></trkpt>
  <trkpt lat="-7.69236800" lon="112.44341704"></trkpt>
  <trkpt lat="-7.69236800" lon="112.44347035"></trkpt>
  <trkpt lat="-7.69236800" lon="112.44352366"></trkpt>
  <trkpt lat="-7.69242131" lon="112.44352366"></trkpt>
  <trkpt lat="-7.69242131" lon="112.44357697"></trkpt>
  <trkpt lat="-7.69242131" lon="112.44352366"></trkpt>
  <trkpt lat="-7.69247462" lon="112.44352366"></trkpt>
  <trkpt lat="-7.69263455" lon="112.44341704"></trkpt>
  <trkpt lat="-7.69274116" lon="112.44336373"></trkpt>
  <trkpt lat="-7.69284778" lon="112.44325703"></trkpt>
  <trkpt lat="-7.69284778" lon="112.44320372"></trkpt>
  <trkpt lat="-7.69295440" lon="112.44304379"></trkpt>
  <trkpt lat="-7.69300771" lon="112.44299049"></trkpt>
  <trkpt lat="-7.69311433" lon="112.44293718"></trkpt>
  <trkpt lat="-7.69316772" lon="112.44288387"></trkpt>
  <trkpt lat="-7.69332765" lon="112.44277725"></trkpt>
  <trkpt lat="-7.69343426" lon="112.44272394"></trkpt>
  <trkpt lat="-7.69354088" lon="112.44256393"></trkpt>
  <trkpt lat="-7.69359419" lon="112.44251062"></trkpt>
  <trkpt lat="-7.69380743" lon="112.44240400"></trkpt>
  <trkpt lat="-7.69380743" lon="112.44229739"></trkpt>
  <trkpt lat="-7.69391404" lon="112.44229739"></trkpt>
  <trkpt lat="-7.69407397" lon="112.44224408"></trkpt>
  <trkpt lat="-7.69418059" lon="112.44224408"></trkpt>
  <trkpt lat="-7.69428729" lon="112.44224408"></trkpt>
  <trkpt lat="-7.69434060" lon="112.44224408"></trkpt>
  <trkpt lat="-7.69444722" lon="112.44224408"></trkpt>
  <trkpt lat="-7.69455384" lon="112.44224408"></trkpt>
  <trkpt lat="-7.69460714" lon="112.44224408"></trkpt>
  <trkpt lat="-7.69471376" lon="112.44224408"></trkpt>
  <trkpt lat="-7.69482038" lon="112.44224408"></trkpt>
  <trkpt lat="-7.69492700" lon="112.44229739"></trkpt>
  <trkpt lat="-7.69503362" lon="112.44229739"></trkpt>
  <trkpt lat="-7.69514023" lon="112.44240400"></trkpt>
  <trkpt lat="-7.69524685" lon="112.44245731"></trkpt>
  <trkpt lat="-7.69540686" lon="112.44251062"></trkpt>
  <trkpt lat="-7.69551348" lon="112.44256393"></trkpt>
  <trkpt lat="-7.69562010" lon="112.44261724"></trkpt>
  <trkpt lat="-7.69567341" lon="112.44261724"></trkpt>
  <trkpt lat="-7.69572672" lon="112.44267055"></trkpt>
  <trkpt lat="-7.69578002" lon="112.44267055"></trkpt>
  <trkpt lat="-7.69588664" lon="112.44272394"></trkpt>
  <trkpt lat="-7.69593995" lon="112.44277725"></trkpt>
  <trkpt lat="-7.69604657" lon="112.44283056"></trkpt>
  <trkpt lat="-7.69615319" lon="112.44288387"></trkpt>
  <trkpt lat="-7.69625980" lon="112.44293718"></trkpt>
  <trkpt lat="-7.69631311" lon="112.44293718"></trkpt>
  <trkpt lat="-7.69647304" lon="112.44288387"></trkpt>
  <trkpt lat="-7.69657974" lon="112.44288387"></trkpt>
  <trkpt lat="-7.69668636" lon="112.44288387"></trkpt>
  <trkpt lat="-7.69684629" lon="112.44293718"></trkpt>
  <trkpt lat="-7.69695290" lon="112.44299049"></trkpt>
  <trkpt lat="-7.69700621" lon="112.44299049"></trkpt>
  <trkpt lat="-7.69705952" lon="112.44309710"></trkpt>
  <trkpt lat="-7.69716614" lon="112.44315041"></trkpt>
  <trkpt lat="-7.69727276" lon="112.44325703"></trkpt>
  <trkpt lat="-7.69732607" lon="112.44331034"></trkpt>
  <trkpt lat="-7.69737937" lon="112.44336373"></trkpt>
  <trkpt lat="-7.69737937" lon="112.44347035"></trkpt>
  <trkpt lat="-7.69743268" lon="112.44352366"></trkpt>
  <trkpt lat="-7.69748599" lon="112.44363028"></trkpt>
  <trkpt lat="-7.69753930" lon="112.44368359"></trkpt>
  <trkpt lat="-7.69753930" lon="112.44373689"></trkpt>
  <trkpt lat="-7.69753930" lon="112.44379020"></trkpt>
  <trkpt lat="-7.69759261" lon="112.44379020"></trkpt>
  <trkpt lat="-7.69764592" lon="112.44379020"></trkpt>
  <trkpt lat="-7.69764592" lon="112.44384351"></trkpt>
  <trkpt lat="-7.69769923" lon="112.44384351"></trkpt>
  <trkpt lat="-7.69775262" lon="112.44389682"></trkpt>
  <trkpt lat="-7.69780593" lon="112.44395013"></trkpt>
  <trkpt lat="-7.69780593" lon="112.44389682"></trkpt>
  <trkpt lat="-7.69785924" lon="112.44384351"></trkpt>
  <trkpt lat="-7.69785924" lon="112.44379020"></trkpt>
  <trkpt lat="-7.69791255" lon="112.44373689"></trkpt>
  <trkpt lat="-7.69791255" lon="112.44368359"></trkpt>
  <trkpt lat="-7.69796586" lon="112.44363028"></trkpt>
  <trkpt lat="-7.69807247" lon="112.44352366"></trkpt>
  <trkpt lat="-7.69812578" lon="112.44352366"></trkpt>
  <trkpt lat="-7.69823240" lon="112.44347035"></trkpt>
  <trkpt lat="-7.69828571" lon="112.44341704"></trkpt>
  <trkpt lat="-7.69833902" lon="112.44331034"></trkpt>
  <trkpt lat="-7.69839233" lon="112.44331034"></trkpt>
  <trkpt lat="-7.69855225" lon="112.44320372"></trkpt>
  <trkpt lat="-7.69887219" lon="112.44320372"></trkpt>
  <trkpt lat="-7.69892550" lon="112.44325703"></trkpt>
  <trkpt lat="-7.69903212" lon="112.44325703"></trkpt>
  <trkpt lat="-7.69908543" lon="112.44325703"></trkpt>
  <trkpt lat="-7.69919205" lon="112.44336373"></trkpt>
  <trkpt lat="-7.69935197" lon="112.44352366"></trkpt>
  <trkpt lat="-7.69940528" lon="112.44352366"></trkpt>
  <trkpt lat="-7.69940528" lon="112.44357697"></trkpt>
  <trkpt lat="-7.69945859" lon="112.44352366"></trkpt>
  <trkpt lat="-7.69956521" lon="112.44357697"></trkpt>
  <trkpt lat="-7.69961852" lon="112.44357697"></trkpt>
  <trkpt lat="-7.69961852" lon="112.44363028"></trkpt>
  <trkpt lat="-7.69967183" lon="112.44363028"></trkpt>
  <trkpt lat="-7.69977844" lon="112.44363028"></trkpt>
  <trkpt lat="-7.69983175" lon="112.44363028"></trkpt>
  <trkpt lat="-7.69993837" lon="112.44368359"></trkpt>
  <trkpt lat="-7.69999168" lon="112.44368359"></trkpt>
  <trkpt lat="-7.70004507" lon="112.44373689"></trkpt>
  <trkpt lat="-7.70009838" lon="112.44368359"></trkpt>
  <trkpt lat="-7.70015169" lon="112.44373689"></trkpt>
  <trkpt lat="-7.70025831" lon="112.44373689"></trkpt>
  <trkpt lat="-7.70031162" lon="112.44373689"></trkpt>
  <trkpt lat="-7.70036492" lon="112.44373689"></trkpt>
  <trkpt lat="-7.70041823" lon="112.44373689"></trkpt>
  <trkpt lat="-7.70041823" lon="112.44379020"></trkpt>
  <trkpt lat="-7.70047154" lon="112.44379020"></trkpt>
  <trkpt lat="-7.70052485" lon="112.44379020"></trkpt>
  <trkpt lat="-7.70063147" lon="112.44379020"></trkpt>
  <trkpt lat="-7.70068478" lon="112.44379020"></trkpt>
  <trkpt lat="-7.70073809" lon="112.44384351"></trkpt>
  <trkpt lat="-7.70079140" lon="112.44384351"></trkpt>
  <trkpt lat="-7.70084471" lon="112.44384351"></trkpt>
  <trkpt lat="-7.70089801" lon="112.44384351"></trkpt>
  <trkpt lat="-7.70095132" lon="112.44384351"></trkpt>
  <trkpt lat="-7.70100463" lon="112.44379020"></trkpt>
  <trkpt lat="-7.70100463" lon="112.44384351"></trkpt>
  <trkpt lat="-7.70105794" lon="112.44384351"></trkpt>
  <trkpt lat="-7.70105794" lon="112.44389682"></trkpt>
  <trkpt lat="-7.70111125" lon="112.44389682"></trkpt>
  <trkpt lat="-7.70116464" lon="112.44395013"></trkpt>
  <trkpt lat="-7.70121795" lon="112.44400344"></trkpt>
  <trkpt lat="-7.70127126" lon="112.44400344"></trkpt>
  <trkpt lat="-7.70127126" lon="112.44405683"></trkpt>
  <trkpt lat="-7.70132457" lon="112.44411014"></trkpt>
  <trkpt lat="-7.70137788" lon="112.44411014"></trkpt>
  <trkpt lat="-7.70143119" lon="112.44411014"></trkpt>
  <trkpt lat="-7.70148450" lon="112.44411014"></trkpt>
  <trkpt lat="-7.70153780" lon="112.44411014"></trkpt>
  <trkpt lat="-7.70159111" lon="112.44411014"></trkpt>
  <trkpt lat="-7.70164442" lon="112.44416345"></trkpt>
  <trkpt lat="-7.70175104" lon="112.44416345"></trkpt>
  <trkpt lat="-7.70180435" lon="112.44416345"></trkpt>
  <trkpt lat="-7.70185766" lon="112.44416345"></trkpt>
  <trkpt lat="-7.70191097" lon="112.44416345"></trkpt>
  <trkpt lat="-7.70196428" lon="112.44416345"></trkpt>
  <trkpt lat="-7.70201758" lon="112.44416345"></trkpt>
  <trkpt lat="-7.70207089" lon="112.44411014"></trkpt>
  <trkpt lat="-7.70212420" lon="112.44411014"></trkpt>
  <trkpt lat="-7.70217751" lon="112.44411014"></trkpt>
  <trkpt lat="-7.70228421" lon="112.44411014"></trkpt>
  <trkpt lat="-7.70233752" lon="112.44405683"></trkpt>
  <trkpt lat="-7.70233752" lon="112.44411014"></trkpt>
  <trkpt lat="-7.70239083" lon="112.44411014"></trkpt>
  <trkpt lat="-7.70239083" lon="112.44405683"></trkpt>
  <trkpt lat="-7.70244414" lon="112.44405683"></trkpt>
  <trkpt lat="-7.70249745" lon="112.44405683"></trkpt>
  <trkpt lat="-7.70255076" lon="112.44400344"></trkpt>
  <trkpt lat="-7.70249745" lon="112.44400344"></trkpt>
  <trkpt lat="-7.70255076" lon="112.44400344"></trkpt>
  <trkpt lat="-7.70249745" lon="112.44405683"></trkpt>
  <trkpt lat="-7.70249745" lon="112.44400344"></trkpt>
  <trkpt lat="-7.70255076" lon="112.44400344"></trkpt>
  <trkpt lat="-7.70260407" lon="112.44405683"></trkpt>
  <trkpt lat="-7.70271068" lon="112.44411014"></trkpt>
  <trkpt lat="-7.70276399" lon="112.44416345"></trkpt>
  <trkpt lat="-7.70287061" lon="112.44421676"></trkpt>
  <trkpt lat="-7.70292392" lon="112.44427007"></trkpt>
  <trkpt lat="-7.70303054" lon="112.44427007"></trkpt>
  <trkpt lat="-7.70313716" lon="112.44432338"></trkpt>
  <trkpt lat="-7.70319046" lon="112.44437668"></trkpt>
  <trkpt lat="-7.70329708" lon="112.44437668"></trkpt>
  <trkpt lat="-7.70335039" lon="112.44442999"></trkpt>
  <trkpt lat="-7.70345709" lon="112.44448330"></trkpt>
  <trkpt lat="-7.70351040" lon="112.44453661"></trkpt>
  <trkpt lat="-7.70356371" lon="112.44453661"></trkpt>
  <trkpt lat="-7.70361702" lon="112.44458992"></trkpt>
  <trkpt lat="-7.70367033" lon="112.44458992"></trkpt>
  <trkpt lat="-7.70372364" lon="112.44464323"></trkpt>
  <trkpt lat="-7.70377695" lon="112.44464323"></trkpt>
  <trkpt lat="-7.70383026" lon="112.44464323"></trkpt>
  <trkpt lat="-7.70388356" lon="112.44464323"></trkpt>
  <trkpt lat="-7.70393687" lon="112.44469654"></trkpt>
  <trkpt lat="-7.70399018" lon="112.44469654"></trkpt>
  <trkpt lat="-7.70404349" lon="112.44469654"></trkpt>
  <trkpt lat="-7.70409680" lon="112.44474993"></trkpt>
  <trkpt lat="-7.70415011" lon="112.44474993"></trkpt>
  <trkpt lat="-7.70425673" lon="112.44474993"></trkpt>
  <trkpt lat="-7.70425673" lon="112.44480324"></trkpt>
  <trkpt lat="-7.70431004" lon="112.44480324"></trkpt>
  <trkpt lat="-7.70436334" lon="112.44485655"></trkpt>
  <trkpt lat="-7.70441665" lon="112.44485655"></trkpt>
  <trkpt lat="-7.70441665" lon="112.44490986"></trkpt>
  <trkpt lat="-7.70446996" lon="112.44490986"></trkpt>
  <trkpt lat="-7.70446996" lon="112.44496317"></trkpt>
  <trkpt lat="-7.70452335" lon="112.44496317"></trkpt>
  <trkpt lat="-7.70457666" lon="112.44501648"></trkpt>
  <trkpt lat="-7.70462997" lon="112.44506978"></trkpt>
  <trkpt lat="-7.70468328" lon="112.44512309"></trkpt>
  <trkpt lat="-7.70473659" lon="112.44517640"></trkpt>
  <trkpt lat="-7.70478990" lon="112.44517640"></trkpt>
  <trkpt lat="-7.70489652" lon="112.44522971"></trkpt>
  <trkpt lat="-7.70494983" lon="112.44528302"></trkpt>
  <trkpt lat="-7.70505644" lon="112.44533633"></trkpt>
  <trkpt lat="-7.70510975" lon="112.44533633"></trkpt>
  <trkpt lat="-7.70521637" lon="112.44538972"></trkpt>
  <trkpt lat="-7.70526968" lon="112.44538972"></trkpt>
  <trkpt lat="-7.70532299" lon="112.44544303"></trkpt>
  <trkpt lat="-7.70542961" lon="112.44549634"></trkpt>
  <trkpt lat="-7.70548292" lon="112.44549634"></trkpt>
  <trkpt lat="-7.70553622" lon="112.44554965"></trkpt>
  <trkpt lat="-7.70558953" lon="112.44560296"></trkpt>
  <trkpt lat="-7.70564293" lon="112.44560296"></trkpt>
  <trkpt lat="-7.70569623" lon="112.44565627"></trkpt>
  <trkpt lat="-7.70574954" lon="112.44565627"></trkpt>
  <trkpt lat="-7.70580285" lon="112.44570957"></trkpt>
  <trkpt lat="-7.70585616" lon="112.44570957"></trkpt>
  <trkpt lat="-7.70590947" lon="112.44576288"></trkpt>
  <trkpt lat="-7.70590947" lon="112.44570957"></trkpt>
  <trkpt lat="-7.70596278" lon="112.44576288"></trkpt>
  <trkpt lat="-7.70606940" lon="112.44581619"></trkpt>
  <trkpt lat="-7.70612271" lon="112.44581619"></trkpt>
  <trkpt lat="-7.70617601" lon="112.44586950"></trkpt>
  <trkpt lat="-7.70622932" lon="112.44592281"></trkpt>
  <trkpt lat="-7.70628263" lon="112.44592281"></trkpt>
  <trkpt lat="-7.70633594" lon="112.44592281"></trkpt>
  <trkpt lat="-7.70638925" lon="112.44597612"></trkpt>
  <trkpt lat="-7.70644256" lon="112.44602951"></trkpt>
  <trkpt lat="-7.70649587" lon="112.44602951"></trkpt>
  <trkpt lat="-7.70654918" lon="112.44602951"></trkpt>
  <trkpt lat="-7.70660249" lon="112.44602951"></trkpt>
  <trkpt lat="-7.70665579" lon="112.44608282"></trkpt>
  <trkpt lat="-7.70670910" lon="112.44608282"></trkpt>
  <trkpt lat="-7.70670910" lon="112.44613613"></trkpt>
  <trkpt lat="-7.70676250" lon="112.44613613"></trkpt>
  <trkpt lat="-7.70686911" lon="112.44618944"></trkpt>
  <trkpt lat="-7.70697573" lon="112.44624275"></trkpt>
  <trkpt lat="-7.70702904" lon="112.44629606"></trkpt>
  <trkpt lat="-7.70713566" lon="112.44634937"></trkpt>
  <trkpt lat="-7.70718897" lon="112.44640267"></trkpt>
  <trkpt lat="-7.70724228" lon="112.44645598"></trkpt>
  <trkpt lat="-7.70729559" lon="112.44650929"></trkpt>
  <trkpt lat="-7.70734889" lon="112.44650929"></trkpt>
  <trkpt lat="-7.70745551" lon="112.44656260"></trkpt>
  <trkpt lat="-7.70750882" lon="112.44661591"></trkpt>
  <trkpt lat="-7.70756213" lon="112.44666930"></trkpt>
  <trkpt lat="-7.70761544" lon="112.44666930"></trkpt>
  <trkpt lat="-7.70761544" lon="112.44672261"></trkpt>
  <trkpt lat="-7.70766875" lon="112.44677592"></trkpt>
  <trkpt lat="-7.70772206" lon="112.44677592"></trkpt>
  <trkpt lat="-7.70777537" lon="112.44682923"></trkpt>
  <trkpt lat="-7.70777537" lon="112.44688254"></trkpt>
  <trkpt lat="-7.70782867" lon="112.44693585"></trkpt>
  <trkpt lat="-7.70788207" lon="112.44698916"></trkpt>
  <trkpt lat="-7.70793538" lon="112.44709577"></trkpt>
  <trkpt lat="-7.70798868" lon="112.44714908"></trkpt>
  <trkpt lat="-7.70804199" lon="112.44714908"></trkpt>
  <trkpt lat="-7.70809530" lon="112.44720239"></trkpt>
  <trkpt lat="-7.70809530" lon="112.44725570"></trkpt>
  <trkpt lat="-7.70814861" lon="112.44730901"></trkpt>
  <trkpt lat="-7.70820192" lon="112.44730901"></trkpt>
  <trkpt lat="-7.70825523" lon="112.44736240"></trkpt>
  <trkpt lat="-7.70836185" lon="112.44741571"></trkpt>
  <trkpt lat="-7.70852177" lon="112.44746902"></trkpt>
  <trkpt lat="-7.70857508" lon="112.44746902"></trkpt>
  <trkpt lat="-7.70868170" lon="112.44752233"></trkpt>
  <trkpt lat="-7.70878832" lon="112.44757564"></trkpt>
  <trkpt lat="-7.70889494" lon="112.44762895"></trkpt>
  <trkpt lat="-7.70894825" lon="112.44778887"></trkpt>
  <trkpt lat="-7.70900164" lon="112.44784218"></trkpt>
  <trkpt lat="-7.70905495" lon="112.44794880"></trkpt>
  <trkpt lat="-7.70910826" lon="112.44794880"></trkpt>
  <trkpt lat="-7.70916156" lon="112.44800219"></trkpt>
  <trkpt lat="-7.70916156" lon="112.44810881"></trkpt>
  <trkpt lat="-7.70932149" lon="112.44816212"></trkpt>
  <trkpt lat="-7.70937480" lon="112.44826874"></trkpt>
  <trkpt lat="-7.70942811" lon="112.44832205"></trkpt>
  <trkpt lat="-7.70953473" lon="112.44837536"></trkpt>
  <trkpt lat="-7.70953473" lon="112.44842866"></trkpt>
  <trkpt lat="-7.70958804" lon="112.44842866"></trkpt>
  <trkpt lat="-7.70969465" lon="112.44853528"></trkpt>
  <trkpt lat="-7.70969465" lon="112.44858859"></trkpt>
  <trkpt lat="-7.70980127" lon="112.44864198"></trkpt>
  <trkpt lat="-7.70990789" lon="112.44869529"></trkpt>
  <trkpt lat="-7.70996120" lon="112.44874860"></trkpt>
  <trkpt lat="-7.71001451" lon="112.44880191"></trkpt>
  <trkpt lat="-7.71012121" lon="112.44880191"></trkpt>
  <trkpt lat="-7.71017452" lon="112.44896184"></trkpt>
  <trkpt lat="-7.71022783" lon="112.44896184"></trkpt>
  <trkpt lat="-7.71022783" lon="112.44901515"></trkpt>
  <trkpt lat="-7.71028114" lon="112.44906846"></trkpt>
  <trkpt lat="-7.71028114" lon="112.44912176"></trkpt>
  <trkpt lat="-7.71033444" lon="112.44912176"></trkpt>
  <trkpt lat="-7.71033444" lon="112.44917507"></trkpt>
  <trkpt lat="-7.71038775" lon="112.44922838"></trkpt>
  <trkpt lat="-7.71044106" lon="112.44928177"></trkpt>
  <trkpt lat="-7.71044106" lon="112.44933508"></trkpt>
  <trkpt lat="-7.71049437" lon="112.44933508"></trkpt>
  <trkpt lat="-7.71070761" lon="112.44944170"></trkpt>
  <trkpt lat="-7.71060099" lon="112.44944170"></trkpt>
  <trkpt lat="-7.71054768" lon="112.44938839"></trkpt>
  <trkpt lat="-7.71060099" lon="112.44944170"></trkpt>
  <trkpt lat="-7.71065430" lon="112.44944170"></trkpt>
  <trkpt lat="-7.71060099" lon="112.44949501"></trkpt>
  <trkpt lat="-7.71060099" lon="112.44944170"></trkpt>
  <trkpt lat="-7.71060099" lon="112.44949501"></trkpt>
  <trkpt lat="-7.71065430" lon="112.44949501"></trkpt>
  <trkpt lat="-7.71065430" lon="112.44954832"></trkpt>
  <trkpt lat="-7.71065430" lon="112.44960163"></trkpt>
  <trkpt lat="-7.71065430" lon="112.44965494"></trkpt>
  <trkpt lat="-7.71065430" lon="112.44970825"></trkpt>
  <trkpt lat="-7.71065430" lon="112.44976155"></trkpt>
  <trkpt lat="-7.71065430" lon="112.44981486"></trkpt>
  <trkpt lat="-7.71065430" lon="112.44986817"></trkpt>
  <trkpt lat="-7.71065430" lon="112.44992157"></trkpt>
  <trkpt lat="-7.71065430" lon="112.44997487"></trkpt>
  <trkpt lat="-7.71060099" lon="112.45002818"></trkpt>
  <trkpt lat="-7.71065430" lon="112.45002818"></trkpt>
  <trkpt lat="-7.71060099" lon="112.45002818"></trkpt>
  <trkpt lat="-7.71065430" lon="112.45008149"></trkpt>
  <trkpt lat="-7.71076092" lon="112.45013480"></trkpt>
  <trkpt lat="-7.71081422" lon="112.45013480"></trkpt>
  <trkpt lat="-7.71092084" lon="112.45018811"></trkpt>
  <trkpt lat="-7.71102746" lon="112.45024142"></trkpt>
  <trkpt lat="-7.71113408" lon="112.45024142"></trkpt>
  <trkpt lat="-7.71118739" lon="112.45029473"></trkpt>
  <trkpt lat="-7.71129409" lon="112.45034804"></trkpt>
  <trkpt lat="-7.71134740" lon="112.45040135"></trkpt>
  <trkpt lat="-7.71145402" lon="112.45045465"></trkpt>
  <trkpt lat="-7.71150732" lon="112.45050796"></trkpt>
  <trkpt lat="-7.71156063" lon="112.45056136"></trkpt>
  <trkpt lat="-7.71156063" lon="112.45050796"></trkpt>
  <trkpt lat="-7.71161394" lon="112.45056136"></trkpt>
  <trkpt lat="-7.71166725" lon="112.45056136"></trkpt>
  <trkpt lat="-7.71177387" lon="112.45061466"></trkpt>
  <trkpt lat="-7.71188049" lon="112.45061466"></trkpt>
  <trkpt lat="-7.71204041" lon="112.45072128"></trkpt>
  <trkpt lat="-7.71214703" lon="112.45072128"></trkpt>
  <trkpt lat="-7.71225365" lon="112.45077459"></trkpt>
  <trkpt lat="-7.71230696" lon="112.45082790"></trkpt>
  <trkpt lat="-7.71236035" lon="112.45088121"></trkpt>
  <trkpt lat="-7.71241366" lon="112.45093452"></trkpt>
  <trkpt lat="-7.71252028" lon="112.45093452"></trkpt>
  <trkpt lat="-7.71257359" lon="112.45098783"></trkpt>
  <trkpt lat="-7.71268020" lon="112.45098783"></trkpt>
  <trkpt lat="-7.71273351" lon="112.45104114"></trkpt>
  <trkpt lat="-7.71278682" lon="112.45104114"></trkpt>
  <trkpt lat="-7.71289344" lon="112.45109444"></trkpt>
  <trkpt lat="-7.71294675" lon="112.45114775"></trkpt>
  <trkpt lat="-7.71310668" lon="112.45120115"></trkpt>
  <trkpt lat="-7.71315998" lon="112.45125446"></trkpt>
  <trkpt lat="-7.71321329" lon="112.45130776"></trkpt>
  <trkpt lat="-7.71326660" lon="112.45130776"></trkpt>
  <trkpt lat="-7.71326660" lon="112.45136107"></trkpt>
  <trkpt lat="-7.71331991" lon="112.45136107"></trkpt>
  <trkpt lat="-7.71337322" lon="112.45141438"></trkpt>
  <trkpt lat="-7.71342653" lon="112.45146769"></trkpt>
  <trkpt lat="-7.71353323" lon="112.45146769"></trkpt>
  <trkpt lat="-7.71358654" lon="112.45146769"></trkpt>
  <trkpt lat="-7.71358654" lon="112.45152100"></trkpt>
  <trkpt lat="-7.71369316" lon="112.45152100"></trkpt>
  <trkpt lat="-7.71374647" lon="112.45157431"></trkpt>
  <trkpt lat="-7.71385308" lon="112.45162762"></trkpt>
  <trkpt lat="-7.71395970" lon="112.45162762"></trkpt>
  <trkpt lat="-7.71406632" lon="112.45168093"></trkpt>
  <trkpt lat="-7.71417294" lon="112.45173424"></trkpt>
  <trkpt lat="-7.71422625" lon="112.45173424"></trkpt>
  <trkpt lat="-7.71422625" lon="112.45178754"></trkpt>
  <trkpt lat="-7.71427955" lon="112.45178754"></trkpt>
  <trkpt lat="-7.71433286" lon="112.45178754"></trkpt>
  <trkpt lat="-7.71438617" lon="112.45178754"></trkpt>
  <trkpt lat="-7.71443948" lon="112.45184094"></trkpt>
  <trkpt lat="-7.71449279" lon="112.45184094"></trkpt>
  <trkpt lat="-7.71449279" lon="112.45189425"></trkpt>
  <trkpt lat="-7.71454610" lon="112.45189425"></trkpt>
  <trkpt lat="-7.71459941" lon="112.45194755"></trkpt>
  <trkpt lat="-7.71465280" lon="112.45200086"></trkpt>
  <trkpt lat="-7.71470611" lon="112.45200086"></trkpt>
  <trkpt lat="-7.71470611" lon="112.45205417"></trkpt>
  <trkpt lat="-7.71475942" lon="112.45205417"></trkpt>
  <trkpt lat="-7.71475942" lon="112.45210748"></trkpt>
  <trkpt lat="-7.71481273" lon="112.45210748"></trkpt>
  <trkpt lat="-7.71486604" lon="112.45210748"></trkpt>
  <trkpt lat="-7.71486604" lon="112.45216079"></trkpt>
  <trkpt lat="-7.71491935" lon="112.45216079"></trkpt>
  <trkpt lat="-7.71491935" lon="112.45221410"></trkpt>
  <trkpt lat="-7.71497265" lon="112.45221410"></trkpt>
  <trkpt lat="-7.71497265" lon="112.45226741"></trkpt>
  <trkpt lat="-7.71502596" lon="112.45226741"></trkpt>
  <trkpt lat="-7.71507927" lon="112.45226741"></trkpt>
  <trkpt lat="-7.71513258" lon="112.45232072"></trkpt>
  <trkpt lat="-7.71518589" lon="112.45232072"></trkpt>
  <trkpt lat="-7.71518589" lon="112.45237403"></trkpt>
  <trkpt lat="-7.71523920" lon="112.45237403"></trkpt>
  <trkpt lat="-7.71529251" lon="112.45237403"></trkpt>
  <trkpt lat="-7.71534582" lon="112.45237403"></trkpt>
  <trkpt lat="-7.71534582" lon="112.45242734"></trkpt>
  <trkpt lat="-7.71545243" lon="112.45248073"></trkpt>
  <trkpt lat="-7.71550574" lon="112.45248073"></trkpt>
  <trkpt lat="-7.71561236" lon="112.45253404"></trkpt>
  <trkpt lat="-7.71571898" lon="112.45258735"></trkpt>
  <trkpt lat="-7.71577237" lon="112.45258735"></trkpt>
  <trkpt lat="-7.71593230" lon="112.45264065"></trkpt>
  <trkpt lat="-7.71598561" lon="112.45264065"></trkpt>
  <trkpt lat="-7.71609223" lon="112.45269396"></trkpt>
  <trkpt lat="-7.71619884" lon="112.45269396"></trkpt>
  <trkpt lat="-7.71630546" lon="112.45274727"></trkpt>
  <trkpt lat="-7.71635877" lon="112.45274727"></trkpt>
  <trkpt lat="-7.71635877" lon="112.45280058"></trkpt>
  <trkpt lat="-7.71635877" lon="112.45274727"></trkpt>
  <trkpt lat="-7.71635877" lon="112.45280058"></trkpt>
  <trkpt lat="-7.71635877" lon="112.45274727"></trkpt>
  <trkpt lat="-7.71646539" lon="112.45285389"></trkpt>
  <trkpt lat="-7.71651870" lon="112.45285389"></trkpt>
  <trkpt lat="-7.71651870" lon="112.45290720"></trkpt>
  <trkpt lat="-7.71657201" lon="112.45296051"></trkpt>
  <trkpt lat="-7.71657201" lon="112.45301382"></trkpt>
  <trkpt lat="-7.71662531" lon="112.45301382"></trkpt>
  <trkpt lat="-7.71662531" lon="112.45306713"></trkpt>
  <trkpt lat="-7.71667862" lon="112.45312052"></trkpt>
  <trkpt lat="-7.71673193" lon="112.45312052"></trkpt>
  <trkpt lat="-7.71673193" lon="112.45317383"></trkpt>
  <trkpt lat="-7.71678524" lon="112.45322714"></trkpt>
  <trkpt lat="-7.71683855" lon="112.45322714"></trkpt>
  <trkpt lat="-7.71689186" lon="112.45328045"></trkpt>
  <trkpt lat="-7.71694525" lon="112.45333375"></trkpt>
  <trkpt lat="-7.71699856" lon="112.45338706"></trkpt>
  <trkpt lat="-7.71705187" lon="112.45344037"></trkpt>
  <trkpt lat="-7.71710518" lon="112.45349368"></trkpt>
  <trkpt lat="-7.71715849" lon="112.45354699"></trkpt>
  <trkpt lat="-7.71721180" lon="112.45354699"></trkpt>
  <trkpt lat="-7.71721180" lon="112.45360030"></trkpt>
  <trkpt lat="-7.71721180" lon="112.45354699"></trkpt>
  <trkpt lat="-7.71721180" lon="112.45360030"></trkpt>
 </trkseg>
</trk>
<trk>
 <name>Track 250</name>
 <trkseg>
  <trkpt lat="-7.67546782" lon="112.41990807"></trkpt>
  <trkpt lat="-7.67552113" lon="112.41996137"></trkpt>
  <trkpt lat="-7.67557444" lon="112.42017461"></trkpt>
  <trkpt lat="-7.67557444" lon="112.42033462"></trkpt>
  <trkpt lat="-7.67552113" lon="112.42049455"></trkpt>
  <trkpt lat="-7.67552113" lon="112.42060116"></trkpt>
  <trkpt lat="-7.67552113" lon="112.42065447"></trkpt>
  <trkpt lat="-7.67546782" lon="112.42076109"></trkpt>
  <trkpt lat="-7.67541451" lon="112.42086771"></trkpt>
  <trkpt lat="-7.67536120" lon="112.42102772"></trkpt>
  <trkpt lat="-7.67541451" lon="112.42118765"></trkpt>
  <trkpt lat="-7.67536120" lon="112.42129426"></trkpt>
  <trkpt lat="-7.67536120" lon="112.42140088"></trkpt>
  <trkpt lat="-7.67536120" lon="112.42145419"></trkpt>
  <trkpt lat="-7.67536120" lon="112.42150750"></trkpt>
  <trkpt lat="-7.67541451" lon="112.42172082"></trkpt>
  <trkpt lat="-7.67541451" lon="112.42188075"></trkpt>
  <trkpt lat="-7.67546782" lon="112.42193406"></trkpt>
  <trkpt lat="-7.67546782" lon="112.42209398"></trkpt>
  <trkpt lat="-7.67557444" lon="112.42225399"></trkpt>
  <trkpt lat="-7.67568106" lon="112.42236061"></trkpt>
  <trkpt lat="-7.67573437" lon="112.42236061"></trkpt>
  <trkpt lat="-7.67578768" lon="112.42241392"></trkpt>
  <trkpt lat="-7.67584099" lon="112.42252054"></trkpt>
  <trkpt lat="-7.67589429" lon="112.42262715"></trkpt>
  <trkpt lat="-7.67589429" lon="112.42273377"></trkpt>
  <trkpt lat="-7.67594760" lon="112.42289378"></trkpt>
  <trkpt lat="-7.67600091" lon="112.42305371"></trkpt>
  <trkpt lat="-7.67600091" lon="112.42316033"></trkpt>
  <trkpt lat="-7.67616084" lon="112.42337356"></trkpt>
  <trkpt lat="-7.67632085" lon="112.42353357"></trkpt>
  <trkpt lat="-7.67632085" lon="112.42358688"></trkpt>
  <trkpt lat="-7.67642747" lon="112.42374681"></trkpt>
  <trkpt lat="-7.67658739" lon="112.42390674"></trkpt>
  <trkpt lat="-7.67669401" lon="112.42401335"></trkpt>
  <trkpt lat="-7.67680063" lon="112.42422667"></trkpt>
  <trkpt lat="-7.67701386" lon="112.42433329"></trkpt>
  <trkpt lat="-7.67712048" lon="112.42443991"></trkpt>
  <trkpt lat="-7.67722710" lon="112.42449322"></trkpt>
  <trkpt lat="-7.67733372" lon="112.42470645"></trkpt>
  <trkpt lat="-7.67738711" lon="112.42475976"></trkpt>
  <trkpt lat="-7.67744042" lon="112.42475976"></trkpt>
  <trkpt lat="-7.67749373" lon="112.42491977"></trkpt>
  <trkpt lat="-7.67754704" lon="112.42502639"></trkpt>
  <trkpt lat="-7.67760035" lon="112.42507970"></trkpt>
  <trkpt lat="-7.67765366" lon="112.42507970"></trkpt>
  <trkpt lat="-7.67770696" lon="112.42513301"></trkpt>
  <trkpt lat="-7.67776027" lon="112.42518632"></trkpt>
  <trkpt lat="-7.67792020" lon="112.42523963"></trkpt>
  <trkpt lat="-7.67802682" lon="112.42529294"></trkpt>
  <trkpt lat="-7.67818674" lon="112.42539955"></trkpt>
  <trkpt lat="-7.67834667" lon="112.42545295"></trkpt>
  <trkpt lat="-7.67850668" lon="112.42555956"></trkpt>
  <trkpt lat="-7.67866661" lon="112.42555956"></trkpt>
  <trkpt lat="-7.67877323" lon="112.42555956"></trkpt>
  <trkpt lat="-7.67882654" lon="112.42555956"></trkpt>
  <trkpt lat="-7.67898646" lon="112.42555956"></trkpt>
  <trkpt lat="-7.67903977" lon="112.42555956"></trkpt>
  <trkpt lat="-7.67914639" lon="112.42555956"></trkpt>
  <trkpt lat="-7.67930632" lon="112.42561287"></trkpt>
  <trkpt lat="-7.67951955" lon="112.42566618"></trkpt>
  <trkpt lat="-7.67962617" lon="112.42571949"></trkpt>
  <trkpt lat="-7.67978618" lon="112.42571949"></trkpt>
  <trkpt lat="-7.67989280" lon="112.42577280"></trkpt>
  <trkpt lat="-7.68005272" lon="112.42587942"></trkpt>
  <trkpt lat="-7.68021265" lon="112.42593273"></trkpt>
  <trkpt lat="-7.68026596" lon="112.42593273"></trkpt>
  <trkpt lat="-7.68042589" lon="112.42603934"></trkpt>
  <trkpt lat="-7.68053250" lon="112.42614605"></trkpt>
  <trkpt lat="-7.68047919" lon="112.42630597"></trkpt>
  <trkpt lat="-7.68047919" lon="112.42646590"></trkpt>
  <trkpt lat="-7.68053250" lon="112.42657252"></trkpt>
  <trkpt lat="-7.68063912" lon="112.42678584"></trkpt>
  <trkpt lat="-7.68069243" lon="112.42683914"></trkpt>
  <trkpt lat="-7.68074574" lon="112.42689245"></trkpt>
  <trkpt lat="-7.68079905" lon="112.42699907"></trkpt>
  <trkpt lat="-7.68095906" lon="112.42710569"></trkpt>
  <trkpt lat="-7.68106568" lon="112.42726562"></trkpt>
  <trkpt lat="-7.68122560" lon="112.42737232"></trkpt>
  <trkpt lat="-7.68133222" lon="112.42747894"></trkpt>
  <trkpt lat="-7.68149215" lon="112.42753224"></trkpt>
  <trkpt lat="-7.68159877" lon="112.42753224"></trkpt>
  <trkpt lat="-7.68170538" lon="112.42747894"></trkpt>
  <trkpt lat="-7.68175869" lon="112.42742563"></trkpt>
  <trkpt lat="-7.68181200" lon="112.42742563"></trkpt>
  <trkpt lat="-7.68191862" lon="112.42747894"></trkpt>
  <trkpt lat="-7.68197201" lon="112.42758555"></trkpt>
  <trkpt lat="-7.68202532" lon="112.42763886"></trkpt>
  <trkpt lat="-7.68207863" lon="112.42774548"></trkpt>
  <trkpt lat="-7.68213194" lon="112.42790541"></trkpt>
  <trkpt lat="-7.68223856" lon="112.42790541"></trkpt>
  <trkpt lat="-7.68239848" lon="112.42795872"></trkpt>
  <trkpt lat="-7.68261172" lon="112.42795872"></trkpt>
  <trkpt lat="-7.68271834" lon="112.42806542"></trkpt>
  <trkpt lat="-7.68282495" lon="112.42822534"></trkpt>
  <trkpt lat="-7.68298488" lon="112.42833196"></trkpt>
  <trkpt lat="-7.68309158" lon="112.42838527"></trkpt>
  <trkpt lat="-7.68319820" lon="112.42843858"></trkpt>
  <trkpt lat="-7.68330482" lon="112.42849189"></trkpt>
  <trkpt lat="-7.68341144" lon="112.42843858"></trkpt>
  <trkpt lat="-7.68362467" lon="112.42827865"></trkpt>
  <trkpt lat="-7.68373129" lon="112.42817204"></trkpt>
  <trkpt lat="-7.68378460" lon="112.42806542"></trkpt>
  <trkpt lat="-7.68394453" lon="112.42801211"></trkpt>
  <trkpt lat="-7.68405114" lon="112.42806542"></trkpt>
  <trkpt lat="-7.68421115" lon="112.42806542"></trkpt>
  <trkpt lat="-7.68426446" lon="112.42811873"></trkpt>
  <trkpt lat="-7.68442439" lon="112.42822534"></trkpt>
  <trkpt lat="-7.68453101" lon="112.42827865"></trkpt>
  <trkpt lat="-7.68458432" lon="112.42833196"></trkpt>
  <trkpt lat="-7.68469093" lon="112.42843858"></trkpt>
  <trkpt lat="-7.68474424" lon="112.42849189"></trkpt>
  <trkpt lat="-7.68485086" lon="112.42854520"></trkpt>
  <trkpt lat="-7.68495748" lon="112.42859851"></trkpt>
  <trkpt lat="-7.68511740" lon="112.42865190"></trkpt>
  <trkpt lat="-7.68527733" lon="112.42865190"></trkpt>
  <trkpt lat="-7.68543734" lon="112.42870521"></trkpt>
  <trkpt lat="-7.68554396" lon="112.42875852"></trkpt>
  <trkpt lat="-7.68570389" lon="112.42881183"></trkpt>
  <trkpt lat="-7.68586381" lon="112.42886513"></trkpt>
  <trkpt lat="-7.68597043" lon="112.42886513"></trkpt>
  <trkpt lat="-7.68607705" lon="112.42886513"></trkpt>
  <trkpt lat="-7.68623698" lon="112.42886513"></trkpt>
  <trkpt lat="-7.68634359" lon="112.42886513"></trkpt>
  <trkpt lat="-7.68645030" lon="112.42886513"></trkpt>
  <trkpt lat="-7.68661022" lon="112.42881183"></trkpt>
  <trkpt lat="-7.68677015" lon="112.42875852"></trkpt>
  <trkpt lat="-7.68693008" lon="112.42875852"></trkpt>
  <trkpt lat="-7.68709000" lon="112.42870521"></trkpt>
  <trkpt lat="-7.68724993" lon="112.42870521"></trkpt>
  <trkpt lat="-7.68730324" lon="112.42865190"></trkpt>
  <trkpt lat="-7.68740986" lon="112.42859851"></trkpt>
  <trkpt lat="-7.68756987" lon="112.42854520"></trkpt>
  <trkpt lat="-7.68772979" lon="112.42849189"></trkpt>
  <trkpt lat="-7.68788972" lon="112.42849189"></trkpt>
  <trkpt lat="-7.68794303" lon="112.42849189"></trkpt>
  <trkpt lat="-7.68804965" lon="112.42843858"></trkpt>
  <trkpt lat="-7.68810295" lon="112.42843858"></trkpt>
  <trkpt lat="-7.68820957" lon="112.42843858"></trkpt>
  <trkpt lat="-7.68831619" lon="112.42849189"></trkpt>
  <trkpt lat="-7.68842281" lon="112.42859851"></trkpt>
  <trkpt lat="-7.68858274" lon="112.42875852"></trkpt>
  <trkpt lat="-7.68884936" lon="112.42886513"></trkpt>
  <trkpt lat="-7.68906260" lon="112.42891844"></trkpt>
  <trkpt lat="-7.68916922" lon="112.42891844"></trkpt>
  <trkpt lat="-7.68938245" lon="112.42902506"></trkpt>
  <trkpt lat="-7.68954238" lon="112.42913168"></trkpt>
  <trkpt lat="-7.68959569" lon="112.42907837"></trkpt>
  <trkpt lat="-7.68964900" lon="112.42907837"></trkpt>
  <trkpt lat="-7.68975561" lon="112.42913168"></trkpt>
  <trkpt lat="-7.68986232" lon="112.42918499"></trkpt>
  <trkpt lat="-7.69002224" lon="112.42923830"></trkpt>
  <trkpt lat="-7.69012886" lon="112.42923830"></trkpt>
  <trkpt lat="-7.69028879" lon="112.42923830"></trkpt>
  <trkpt lat="-7.69039541" lon="112.42929169"></trkpt>
  <trkpt lat="-7.69050202" lon="112.42934500"></trkpt>
  <trkpt lat="-7.69060864" lon="112.42945162"></trkpt>
  <trkpt lat="-7.69066195" lon="112.42950493"></trkpt>
  <trkpt lat="-7.69071526" lon="112.42961154"></trkpt>
  <trkpt lat="-7.69082188" lon="112.42966485"></trkpt>
  <trkpt lat="-7.69098189" lon="112.42982478"></trkpt>
  <trkpt lat="-7.69103520" lon="112.42987809"></trkpt>
  <trkpt lat="-7.69108851" lon="112.42993148"></trkpt>
  <trkpt lat="-7.69114181" lon="112.42998479"></trkpt>
  <trkpt lat="-7.69130174" lon="112.43003810"></trkpt>
  <trkpt lat="-7.69135505" lon="112.43009141"></trkpt>
  <trkpt lat="-7.69135505" lon="112.43014472"></trkpt>
  <trkpt lat="-7.69140836" lon="112.43019802"></trkpt>
  <trkpt lat="-7.69151498" lon="112.43025133"></trkpt>
  <trkpt lat="-7.69162159" lon="112.43035795"></trkpt>
  <trkpt lat="-7.69167490" lon="112.43041126"></trkpt>
  <trkpt lat="-7.69178152" lon="112.43046457"></trkpt>
  <trkpt lat="-7.69194145" lon="112.43057127"></trkpt>
  <trkpt lat="-7.69204815" lon="112.43057127"></trkpt>
  <trkpt lat="-7.69210146" lon="112.43062458"></trkpt>
  <trkpt lat="-7.69215477" lon="112.43067789"></trkpt>
  <trkpt lat="-7.69226138" lon="112.43067789"></trkpt>
  <trkpt lat="-7.69236800" lon="112.43078451"></trkpt>
  <trkpt lat="-7.69236800" lon="112.43083782"></trkpt>
  <trkpt lat="-7.69242131" lon="112.43083782"></trkpt>
  <trkpt lat="-7.69242131" lon="112.43094443"></trkpt>
  <trkpt lat="-7.69252793" lon="112.43105105"></trkpt>
  <trkpt lat="-7.69258124" lon="112.43110436"></trkpt>
  <trkpt lat="-7.69258124" lon="112.43115767"></trkpt>
  <trkpt lat="-7.69263455" lon="112.43121106"></trkpt>
  <trkpt lat="-7.69279447" lon="112.43131768"></trkpt>
  <trkpt lat="-7.69290109" lon="112.43137099"></trkpt>
  <trkpt lat="-7.69290109" lon="112.43142430"></trkpt>
  <trkpt lat="-7.69295440" lon="112.43142430"></trkpt>
  <trkpt lat="-7.69306102" lon="112.43153092"></trkpt>
  <trkpt lat="-7.69311433" lon="112.43158422"></trkpt>
  <trkpt lat="-7.69311433" lon="112.43163753"></trkpt>
  <trkpt lat="-7.69316772" lon="112.43169084"></trkpt>
  <trkpt lat="-7.69322103" lon="112.43174415"></trkpt>
  <trkpt lat="-7.69327434" lon="112.43185077"></trkpt>
  <trkpt lat="-7.69338096" lon="112.43195747"></trkpt>
  <trkpt lat="-7.69348757" lon="112.43206409"></trkpt>
  <trkpt lat="-7.69354088" lon="112.43211740"></trkpt>
  <trkpt lat="-7.69359419" lon="112.43217071"></trkpt>
  <trkpt lat="-7.69359419" lon="112.43222401"></trkpt>
  <trkpt lat="-7.69364750" lon="112.43227732"></trkpt>
  <trkpt lat="-7.69375412" lon="112.43233063"></trkpt>
  <trkpt lat="-7.69380743" lon="112.43238394"></trkpt>
  <trkpt lat="-7.69386074" lon="112.43238394"></trkpt>
  <trkpt lat="-7.69386074" lon="112.43243725"></trkpt>
  <trkpt lat="-7.69391404" lon="112.43249056"></trkpt>
  <trkpt lat="-7.69396735" lon="112.43254387"></trkpt>
  <trkpt lat="-7.69396735" lon="112.43259726"></trkpt>
  <trkpt lat="-7.69402066" lon="112.43259726"></trkpt>
  <trkpt lat="-7.69407397" lon="112.43265057"></trkpt>
  <trkpt lat="-7.69407397" lon="112.43270388"></trkpt>
  <trkpt lat="-7.69412728" lon="112.43275719"></trkpt>
  <trkpt lat="-7.69412728" lon="112.43281050"></trkpt>
  <trkpt lat="-7.69418059" lon="112.43281050"></trkpt>
  <trkpt lat="-7.69423390" lon="112.43281050"></trkpt>
  <trkpt lat="-7.69434060" lon="112.43281050"></trkpt>
  <trkpt lat="-7.69450053" lon="112.43286381"></trkpt>
  <trkpt lat="-7.69471376" lon="112.43286381"></trkpt>
  <trkpt lat="-7.69487369" lon="112.43291711"></trkpt>
  <trkpt lat="-7.69492700" lon="112.43291711"></trkpt>
  <trkpt lat="-7.69503362" lon="112.43297042"></trkpt>
  <trkpt lat="-7.69514023" lon="112.43297042"></trkpt>
  <trkpt lat="-7.69519354" lon="112.43297042"></trkpt>
  <trkpt lat="-7.69540686" lon="112.43307704"></trkpt>
  <trkpt lat="-7.69546017" lon="112.43307704"></trkpt>
  <trkpt lat="-7.69556679" lon="112.43318366"></trkpt>
  <trkpt lat="-7.69562010" lon="112.43318366"></trkpt>
  <trkpt lat="-7.69567341" lon="112.43323705"></trkpt>
  <trkpt lat="-7.69583333" lon="112.43329036"></trkpt>
  <trkpt lat="-7.69604657" lon="112.43339698"></trkpt>
  <trkpt lat="-7.69615319" lon="112.43350360"></trkpt>
  <trkpt lat="-7.69620650" lon="112.43350360"></trkpt>
  <trkpt lat="-7.69625980" lon="112.43350360"></trkpt>
  <trkpt lat="-7.69641973" lon="112.43361021"></trkpt>
  <trkpt lat="-7.69652635" lon="112.43361021"></trkpt>
  <trkpt lat="-7.69663305" lon="112.43361021"></trkpt>
  <trkpt lat="-7.69668636" lon="112.43361021"></trkpt>
  <trkpt lat="-7.69684629" lon="112.43366352"></trkpt>
  <trkpt lat="-7.69689959" lon="112.43366352"></trkpt>
  <trkpt lat="-7.69695290" lon="112.43371683"></trkpt>
  <trkpt lat="-7.69705952" lon="112.43377014"></trkpt>
  <trkpt lat="-7.69711283" lon="112.43377014"></trkpt>
  <trkpt lat="-7.69716614" lon="112.43382345"></trkpt>
  <trkpt lat="-7.69721945" lon="112.43382345"></trkpt>
  <trkpt lat="-7.69727276" lon="112.43382345"></trkpt>
  <trkpt lat="-7.69737937" lon="112.43382345"></trkpt>
  <trkpt lat="-7.69748599" lon="112.43387684"></trkpt>
  <trkpt lat="-7.69753930" lon="112.43393015"></trkpt>
  <trkpt lat="-7.69764592" lon="112.43393015"></trkpt>
  <trkpt lat="-7.69769923" lon="112.43398346"></trkpt>
  <trkpt lat="-7.69785924" lon="112.43403677"></trkpt>
  <trkpt lat="-7.69791255" lon="112.43409008"></trkpt>
  <trkpt lat="-7.69801917" lon="112.43414339"></trkpt>
  <trkpt lat="-7.69807247" lon="112.43414339"></trkpt>
  <trkpt lat="-7.69817909" lon="112.43419670"></trkpt>
  <trkpt lat="-7.69823240" lon="112.43419670"></trkpt>
  <trkpt lat="-7.69839233" lon="112.43430331"></trkpt>
  <trkpt lat="-7.69849895" lon="112.43435662"></trkpt>
  <trkpt lat="-7.69860556" lon="112.43435662"></trkpt>
  <trkpt lat="-7.69865887" lon="112.43440993"></trkpt>
  <trkpt lat="-7.69871218" lon="112.43440993"></trkpt>
  <trkpt lat="-7.69876549" lon="112.43446324"></trkpt>
  <trkpt lat="-7.69887219" lon="112.43451663"></trkpt>
  <trkpt lat="-7.69892550" lon="112.43451663"></trkpt>
  <trkpt lat="-7.69897881" lon="112.43456994"></trkpt>
  <trkpt lat="-7.69908543" lon="112.43456994"></trkpt>
  <trkpt lat="-7.69913874" lon="112.43462325"></trkpt>
  <trkpt lat="-7.69924535" lon="112.43467656"></trkpt>
  <trkpt lat="-7.69929866" lon="112.43472987"></trkpt>
  <trkpt lat="-7.69935197" lon="112.43478318"></trkpt>
  <trkpt lat="-7.69940528" lon="112.43478318"></trkpt>
  <trkpt lat="-7.69945859" lon="112.43483649"></trkpt>
  <trkpt lat="-7.69961852" lon="112.43494310"></trkpt>
  <trkpt lat="-7.69972513" lon="112.43494310"></trkpt>
  <trkpt lat="-7.69977844" lon="112.43499641"></trkpt>
  <trkpt lat="-7.69993837" lon="112.43510303"></trkpt>
  <trkpt lat="-7.70004507" lon="112.43520973"></trkpt>
  <trkpt lat="-7.70020500" lon="112.43531635"></trkpt>
  <trkpt lat="-7.70025831" lon="112.43536966"></trkpt>
 </trkseg>
</trk>
<trk>
 <name>Track 252</name>
 <trkseg>
  <trkpt lat="-7.67882654" lon="112.41965116"></trkpt>
  <trkpt lat="-7.67882654" lon="112.41970447"></trkpt>
 </trkseg>
</trk>
<trk>
 <name>Track 254</name>
 <trkseg>
  <trkpt lat="-7.68191862" lon="112.41831827"></trkpt>
  <trkpt lat="-7.68186531" lon="112.41837158"></trkpt>
  <trkpt lat="-7.68181200" lon="112.41837158"></trkpt>
  <trkpt lat="-7.68170538" lon="112.41837158"></trkpt>
  <trkpt lat="-7.68165207" lon="112.41837158"></trkpt>
  <trkpt lat="-7.68159877" lon="112.41842489"></trkpt>
  <trkpt lat="-7.68159877" lon="112.41837158"></trkpt>
  <trkpt lat="-7.68154546" lon="112.41837158"></trkpt>
  <trkpt lat="-7.68154546" lon="112.41831827"></trkpt>
  <trkpt lat="-7.68149215" lon="112.41831827"></trkpt>
  <trkpt lat="-7.68143884" lon="112.41831827"></trkpt>
  <trkpt lat="-7.68138553" lon="112.41831827"></trkpt>
  <trkpt lat="-7.68133222" lon="112.41831827"></trkpt>
  <trkpt lat="-7.68133222" lon="112.41837158"></trkpt>
  <trkpt lat="-7.68138553" lon="112.41842489"></trkpt>
  <trkpt lat="-7.68133222" lon="112.41863821"></trkpt>
  <trkpt lat="-7.68127891" lon="112.41874482"></trkpt>
  <trkpt lat="-7.68122560" lon="112.41885144"></trkpt>
  <trkpt lat="-7.68122560" lon="112.41890475"></trkpt>
  <trkpt lat="-7.68117229" lon="112.41890475"></trkpt>
  <trkpt lat="-7.68117229" lon="112.41901137"></trkpt>
  <trkpt lat="-7.68111899" lon="112.41906468"></trkpt>
  <trkpt lat="-7.68106568" lon="112.41911799"></trkpt>
  <trkpt lat="-7.68101237" lon="112.41911799"></trkpt>
  <trkpt lat="-7.68106568" lon="112.41922460"></trkpt>
  <trkpt lat="-7.68101237" lon="112.41927800"></trkpt>
  <trkpt lat="-7.68101237" lon="112.41938462"></trkpt>
  <trkpt lat="-7.68095906" lon="112.41938462"></trkpt>
  <trkpt lat="-7.68095906" lon="112.41943792"></trkpt>
  <trkpt lat="-7.68085244" lon="112.41943792"></trkpt>
  <trkpt lat="-7.68085244" lon="112.41949123"></trkpt>
  <trkpt lat="-7.68079905" lon="112.41954454"></trkpt>
  <trkpt lat="-7.68074574" lon="112.41954454"></trkpt>
  <trkpt lat="-7.68069243" lon="112.41959785"></trkpt>
  <trkpt lat="-7.68063912" lon="112.41965116"></trkpt>
  <trkpt lat="-7.68053250" lon="112.41970447"></trkpt>
  <trkpt lat="-7.68037258" lon="112.41981109"></trkpt>
  <trkpt lat="-7.68026596" lon="112.41986440"></trkpt>
  <trkpt lat="-7.68021265" lon="112.41986440"></trkpt>
  <trkpt lat="-7.68015934" lon="112.41991779"></trkpt>
  <trkpt lat="-7.68005272" lon="112.41997110"></trkpt>
  <trkpt lat="-7.67994611" lon="112.42013102"></trkpt>
  <trkpt lat="-7.67983949" lon="112.42018433"></trkpt>
  <trkpt lat="-7.67978618" lon="112.42013102"></trkpt>
  <trkpt lat="-7.67983949" lon="112.42002441"></trkpt>
  <trkpt lat="-7.67983949" lon="112.41997110"></trkpt>
  <trkpt lat="-7.67983949" lon="112.41991779"></trkpt>
  <trkpt lat="-7.67983949" lon="112.41986440"></trkpt>
  <trkpt lat="-7.67983949" lon="112.41981109"></trkpt>
  <trkpt lat="-7.67978618" lon="112.41981109"></trkpt>
  <trkpt lat="-7.67967956" lon="112.41981109"></trkpt>
  <trkpt lat="-7.67967956" lon="112.41986440"></trkpt>
  <trkpt lat="-7.67957286" lon="112.41975778"></trkpt>
  <trkpt lat="-7.67946624" lon="112.41975778"></trkpt>
  <trkpt lat="-7.67925301" lon="112.41965116"></trkpt>
  <trkpt lat="-7.67919970" lon="112.41965116"></trkpt>
  <trkpt lat="-7.67914639" lon="112.41970447"></trkpt>
  <trkpt lat="-7.67903977" lon="112.41970447"></trkpt>
  <trkpt lat="-7.67893315" lon="112.41970447"></trkpt>
  <trkpt lat="-7.67887984" lon="112.41965116"></trkpt>
  <trkpt lat="-7.67887984" lon="112.41970447"></trkpt>
  <trkpt lat="-7.67882654" lon="112.41965116"></trkpt>
 </trkseg>
</trk>
<trk>
 <name>Track 256</name>
 <trkseg>
  <trkpt lat="-7.68335813" lon="112.41917130"></trkpt>
  <trkpt lat="-7.68335813" lon="112.41922460"></trkpt>
  <trkpt lat="-7.68335813" lon="112.41917130"></trkpt>
  <trkpt lat="-7.68346475" lon="112.41911799"></trkpt>
  <trkpt lat="-7.68351805" lon="112.41911799"></trkpt>
  <trkpt lat="-7.68357136" lon="112.41917130"></trkpt>
  <trkpt lat="-7.68351805" lon="112.41911799"></trkpt>
  <trkpt lat="-7.68362467" lon="112.41917130"></trkpt>
  <trkpt lat="-7.68362467" lon="112.41911799"></trkpt>
  <trkpt lat="-7.68357136" lon="112.41906468"></trkpt>
  <trkpt lat="-7.68357136" lon="112.41901137"></trkpt>
  <trkpt lat="-7.68351805" lon="112.41895806"></trkpt>
  <trkpt lat="-7.68341144" lon="112.41885144"></trkpt>
  <trkpt lat="-7.68341144" lon="112.41879813"></trkpt>
  <trkpt lat="-7.68335813" lon="112.41879813"></trkpt>
  <trkpt lat="-7.68330482" lon="112.41879813"></trkpt>
  <trkpt lat="-7.68325151" lon="112.41885144"></trkpt>
  <trkpt lat="-7.68319820" lon="112.41885144"></trkpt>
 </trkseg>
</trk>
<trk>
 <name>Track 258</name>
 <trkseg>
  <trkpt lat="-7.65915739" lon="112.41532291"></trkpt>
  <trkpt lat="-7.65926401" lon="112.41532291"></trkpt>
  <trkpt lat="-7.65947725" lon="112.41532291"></trkpt>
  <trkpt lat="-7.65953056" lon="112.41532291"></trkpt>
  <trkpt lat="-7.65969057" lon="112.41532291"></trkpt>
  <trkpt lat="-7.65979718" lon="112.41526960"></trkpt>
  <trkpt lat="-7.65985049" lon="112.41526960"></trkpt>
  <trkpt lat="-7.66001042" lon="112.41521630"></trkpt>
  <trkpt lat="-7.66022366" lon="112.41516299"></trkpt>
  <trkpt lat="-7.66043689" lon="112.41510968"></trkpt>
  <trkpt lat="-7.66059682" lon="112.41510968"></trkpt>
  <trkpt lat="-7.66075683" lon="112.41510968"></trkpt>
  <trkpt lat="-7.66091675" lon="112.41510968"></trkpt>
  <trkpt lat="-7.66107668" lon="112.41510968"></trkpt>
  <trkpt lat="-7.66134323" lon="112.41521630"></trkpt>
  <trkpt lat="-7.66155646" lon="112.41521630"></trkpt>
  <trkpt lat="-7.66171639" lon="112.41526960"></trkpt>
  <trkpt lat="-7.66198302" lon="112.41542953"></trkpt>
  <trkpt lat="-7.66219625" lon="112.41542953"></trkpt>
  <trkpt lat="-7.66235618" lon="112.41542953"></trkpt>
  <trkpt lat="-7.66256941" lon="112.41537622"></trkpt>
  <trkpt lat="-7.66267603" lon="112.41532291"></trkpt>
  <trkpt lat="-7.66283596" lon="112.41526960"></trkpt>
  <trkpt lat="-7.66304928" lon="112.41516299"></trkpt>
  <trkpt lat="-7.66315590" lon="112.41516299"></trkpt>
  <trkpt lat="-7.66331582" lon="112.41516299"></trkpt>
  <trkpt lat="-7.66352906" lon="112.41516299"></trkpt>
  <trkpt lat="-7.66368899" lon="112.41516299"></trkpt>
  <trkpt lat="-7.66384891" lon="112.41516299"></trkpt>
  <trkpt lat="-7.66395553" lon="112.41516299"></trkpt>
  <trkpt lat="-7.66411554" lon="112.41521630"></trkpt>
  <trkpt lat="-7.66422216" lon="112.41521630"></trkpt>
  <trkpt lat="-7.66438209" lon="112.41521630"></trkpt>
  <trkpt lat="-7.66448870" lon="112.41521630"></trkpt>
  <trkpt lat="-7.66464863" lon="112.41532291"></trkpt>
  <trkpt lat="-7.66480856" lon="112.41548284"></trkpt>
  <trkpt lat="-7.66496848" lon="112.41548284"></trkpt>
  <trkpt lat="-7.66507510" lon="112.41553615"></trkpt>
  <trkpt lat="-7.66523511" lon="112.41553615"></trkpt>
  <trkpt lat="-7.66539504" lon="112.41569616"></trkpt>
  <trkpt lat="-7.66555496" lon="112.41574947"></trkpt>
  <trkpt lat="-7.66566158" lon="112.41590939"></trkpt>
  <trkpt lat="-7.66582151" lon="112.41601601"></trkpt>
  <trkpt lat="-7.66597808" lon="112.41617594"></trkpt>
  <trkpt lat="-7.66608470" lon="112.41622925"></trkpt>
  <trkpt lat="-7.66619140" lon="112.41633595"></trkpt>
  <trkpt lat="-7.66629802" lon="112.41638926"></trkpt>
  <trkpt lat="-7.66645795" lon="112.41654919"></trkpt>
  <trkpt lat="-7.66656457" lon="112.41654919"></trkpt>
  <trkpt lat="-7.66672449" lon="112.41654919"></trkpt>
  <trkpt lat="-7.66672449" lon="112.41660249"></trkpt>
  <trkpt lat="-7.66683111" lon="112.41654919"></trkpt>
  <trkpt lat="-7.66704435" lon="112.41660249"></trkpt>
  <trkpt lat="-7.66709765" lon="112.41660249"></trkpt>
  <trkpt lat="-7.66720427" lon="112.41670911"></trkpt>
  <trkpt lat="-7.66731097" lon="112.41676242"></trkpt>
  <trkpt lat="-7.66741759" lon="112.41686904"></trkpt>
  <trkpt lat="-7.66763083" lon="112.41697574"></trkpt>
  <trkpt lat="-7.66784406" lon="112.41708236"></trkpt>
  <trkpt lat="-7.66800399" lon="112.41718898"></trkpt>
  <trkpt lat="-7.66811061" lon="112.41729559"></trkpt>
  <trkpt lat="-7.66827053" lon="112.41750883"></trkpt>
  <trkpt lat="-7.66832384" lon="112.41761553"></trkpt>
  <trkpt lat="-7.66827053" lon="112.41766884"></trkpt>
  <trkpt lat="-7.66827053" lon="112.41772215"></trkpt>
  <trkpt lat="-7.66832384" lon="112.41782877"></trkpt>
  <trkpt lat="-7.66837724" lon="112.41793538"></trkpt>
  <trkpt lat="-7.66832384" lon="112.41798869"></trkpt>
  <trkpt lat="-7.66837724" lon="112.41798869"></trkpt>
  <trkpt lat="-7.66843054" lon="112.41814862"></trkpt>
  <trkpt lat="-7.66848385" lon="112.41836194"></trkpt>
  <trkpt lat="-7.66853716" lon="112.41841525"></trkpt>
  <trkpt lat="-7.66853716" lon="112.41846856"></trkpt>
  <trkpt lat="-7.66837724" lon="112.41873510"></trkpt>
  <trkpt lat="-7.66837724" lon="112.41889503"></trkpt>
  <trkpt lat="-7.66837724" lon="112.41894842"></trkpt>
  <trkpt lat="-7.66859047" lon="112.41894842"></trkpt>
  <trkpt lat="-7.66869709" lon="112.41889503"></trkpt>
  <trkpt lat="-7.66875040" lon="112.41889503"></trkpt>
  <trkpt lat="-7.66880371" lon="112.41884172"></trkpt>
  <trkpt lat="-7.66885702" lon="112.41884172"></trkpt>
  <trkpt lat="-7.66901694" lon="112.41878841"></trkpt>
  <trkpt lat="-7.66917687" lon="112.41878841"></trkpt>
  <trkpt lat="-7.66933680" lon="112.41878841"></trkpt>
  <trkpt lat="-7.66949681" lon="112.41868179"></trkpt>
  <trkpt lat="-7.66971004" lon="112.41862848"></trkpt>
  <trkpt lat="-7.66976335" lon="112.41862848"></trkpt>
  <trkpt lat="-7.66992328" lon="112.41862848"></trkpt>
  <trkpt lat="-7.67002990" lon="112.41868179"></trkpt>
  <trkpt lat="-7.67018982" lon="112.41873510"></trkpt>
  <trkpt lat="-7.67024313" lon="112.41884172"></trkpt>
  <trkpt lat="-7.67034975" lon="112.41889503"></trkpt>
  <trkpt lat="-7.67045637" lon="112.41900173"></trkpt>
  <trkpt lat="-7.67056298" lon="112.41905504"></trkpt>
  <trkpt lat="-7.67077630" lon="112.41900173"></trkpt>
  <trkpt lat="-7.67093623" lon="112.41900173"></trkpt>
  <trkpt lat="-7.67098954" lon="112.41900173"></trkpt>
  <trkpt lat="-7.67114947" lon="112.41900173"></trkpt>
  <trkpt lat="-7.67130939" lon="112.41905504"></trkpt>
  <trkpt lat="-7.67152263" lon="112.41916166"></trkpt>
  <trkpt lat="-7.67162925" lon="112.41910835"></trkpt>
  <trkpt lat="-7.67184257" lon="112.41910835"></trkpt>
  <trkpt lat="-7.67189587" lon="112.41905504"></trkpt>
  <trkpt lat="-7.67205580" lon="112.41910835"></trkpt>
  <trkpt lat="-7.67221573" lon="112.41910835"></trkpt>
  <trkpt lat="-7.67232235" lon="112.41910835"></trkpt>
  <trkpt lat="-7.67242896" lon="112.41916166"></trkpt>
  <trkpt lat="-7.67258889" lon="112.41916166"></trkpt>
  <trkpt lat="-7.67269551" lon="112.41921497"></trkpt>
  <trkpt lat="-7.67274882" lon="112.41926827"></trkpt>
  <trkpt lat="-7.67280213" lon="112.41937489"></trkpt>
  <trkpt lat="-7.67285552" lon="112.41942820"></trkpt>
  <trkpt lat="-7.67296214" lon="112.41953482"></trkpt>
  <trkpt lat="-7.67301545" lon="112.41953482"></trkpt>
  <trkpt lat="-7.67322868" lon="112.41958813"></trkpt>
  <trkpt lat="-7.67344192" lon="112.41969483"></trkpt>
  <trkpt lat="-7.67354853" lon="112.41969483"></trkpt>
  <trkpt lat="-7.67370846" lon="112.41958813"></trkpt>
  <trkpt lat="-7.67386839" lon="112.41942820"></trkpt>
  <trkpt lat="-7.67402840" lon="112.41937489"></trkpt>
  <trkpt lat="-7.67413502" lon="112.41932158"></trkpt>
  <trkpt lat="-7.67418833" lon="112.41932158"></trkpt>
  <trkpt lat="-7.67424163" lon="112.41932158"></trkpt>
  <trkpt lat="-7.67440156" lon="112.41942820"></trkpt>
  <trkpt lat="-7.67456149" lon="112.41953482"></trkpt>
  <trkpt lat="-7.67472141" lon="112.41964152"></trkpt>
  <trkpt lat="-7.67477472" lon="112.41974814"></trkpt>
  <trkpt lat="-7.67488134" lon="112.41980145"></trkpt>
  <trkpt lat="-7.67493465" lon="112.41985476"></trkpt>
  <trkpt lat="-7.67520128" lon="112.41985476"></trkpt>
  <trkpt lat="-7.67525459" lon="112.41990807"></trkpt>
  <trkpt lat="-7.67546782" lon="112.41990807"></trkpt>
  <trkpt lat="-7.67536120" lon="112.41985476"></trkpt>
  <trkpt lat="-7.67530790" lon="112.41980145"></trkpt>
  <trkpt lat="-7.67536120" lon="112.41980145"></trkpt>
  <trkpt lat="-7.67530790" lon="112.41980145"></trkpt>
  <trkpt lat="-7.67530790" lon="112.41990807"></trkpt>
  <trkpt lat="-7.67541451" lon="112.41990807"></trkpt>
  <trkpt lat="-7.67552113" lon="112.41990807"></trkpt>
  <trkpt lat="-7.67562775" lon="112.41996137"></trkpt>
  <trkpt lat="-7.67568106" lon="112.41996137"></trkpt>
  <trkpt lat="-7.67578768" lon="112.41996137"></trkpt>
  <trkpt lat="-7.67584099" lon="112.41996137"></trkpt>
  <trkpt lat="-7.67594760" lon="112.41996137"></trkpt>
  <trkpt lat="-7.67600091" lon="112.41996137"></trkpt>
  <trkpt lat="-7.67600091" lon="112.42001468"></trkpt>
  <trkpt lat="-7.67605422" lon="112.41996137"></trkpt>
  <trkpt lat="-7.67610753" lon="112.42001468"></trkpt>
  <trkpt lat="-7.67616084" lon="112.42001468"></trkpt>
  <trkpt lat="-7.67616084" lon="112.42006799"></trkpt>
  <trkpt lat="-7.67621423" lon="112.42012130"></trkpt>
  <trkpt lat="-7.67626754" lon="112.42012130"></trkpt>
  <trkpt lat="-7.67626754" lon="112.42017461"></trkpt>
  <trkpt lat="-7.67632085" lon="112.42028131"></trkpt>
  <trkpt lat="-7.67637416" lon="112.42033462"></trkpt>
  <trkpt lat="-7.67658739" lon="112.42044124"></trkpt>
  <trkpt lat="-7.67669401" lon="112.42049455"></trkpt>
  <trkpt lat="-7.67680063" lon="112.42049455"></trkpt>
  <trkpt lat="-7.67685394" lon="112.42044124"></trkpt>
  <trkpt lat="-7.67690725" lon="112.42038793"></trkpt>
  <trkpt lat="-7.67701386" lon="112.42038793"></trkpt>
  <trkpt lat="-7.67701386" lon="112.42033462"></trkpt>
  <trkpt lat="-7.67706717" lon="112.42033462"></trkpt>
  <trkpt lat="-7.67706717" lon="112.42038793"></trkpt>
  <trkpt lat="-7.67712048" lon="112.42033462"></trkpt>
  <trkpt lat="-7.67722710" lon="112.42028131"></trkpt>
  <trkpt lat="-7.67733372" lon="112.42022792"></trkpt>
  <trkpt lat="-7.67738711" lon="112.42022792"></trkpt>
  <trkpt lat="-7.67754704" lon="112.42017461"></trkpt>
  <trkpt lat="-7.67765366" lon="112.42017461"></trkpt>
  <trkpt lat="-7.67781358" lon="112.42012130"></trkpt>
  <trkpt lat="-7.67797351" lon="112.42006799"></trkpt>
  <trkpt lat="-7.67813344" lon="112.42006799"></trkpt>
  <trkpt lat="-7.67824005" lon="112.42001468"></trkpt>
  <trkpt lat="-7.67829336" lon="112.41996137"></trkpt>
  <trkpt lat="-7.67845329" lon="112.41990807"></trkpt>
  <trkpt lat="-7.67855999" lon="112.41985476"></trkpt>
  <trkpt lat="-7.67866661" lon="112.41980145"></trkpt>
  <trkpt lat="-7.67871992" lon="112.41974814"></trkpt>
  <trkpt lat="-7.67877323" lon="112.41969483"></trkpt>
  <trkpt lat="-7.67882654" lon="112.41953482"></trkpt>
  <trkpt lat="-7.67882654" lon="112.41948151"></trkpt>
  <trkpt lat="-7.67887984" lon="112.41926827"></trkpt>
  <trkpt lat="-7.67893315" lon="112.41916166"></trkpt>
  <trkpt lat="-7.67893315" lon="112.41905504"></trkpt>
  <trkpt lat="-7.67893315" lon="112.41900173"></trkpt>
  <trkpt lat="-7.67887984" lon="112.41889503"></trkpt>
  <trkpt lat="-7.67882654" lon="112.41873510"></trkpt>
  <trkpt lat="-7.67882654" lon="112.41857518"></trkpt>
  <trkpt lat="-7.67887984" lon="112.41846856"></trkpt>
  <trkpt lat="-7.67887984" lon="112.41830863"></trkpt>
  <trkpt lat="-7.67887984" lon="112.41820193"></trkpt>
  <trkpt lat="-7.67882654" lon="112.41809531"></trkpt>
  <trkpt lat="-7.67877323" lon="112.41798869"></trkpt>
  <trkpt lat="-7.67877323" lon="112.41782877"></trkpt>
  <trkpt lat="-7.67877323" lon="112.41777546"></trkpt>
  <trkpt lat="-7.67882654" lon="112.41772215"></trkpt>
  <trkpt lat="-7.67882654" lon="112.41766884"></trkpt>
  <trkpt lat="-7.67882654" lon="112.41756214"></trkpt>
  <trkpt lat="-7.67882654" lon="112.41750883"></trkpt>
  <trkpt lat="-7.67877323" lon="112.41745552"></trkpt>
  <trkpt lat="-7.67871992" lon="112.41740221"></trkpt>
  <trkpt lat="-7.67871992" lon="112.41734890"></trkpt>
  <trkpt lat="-7.67871992" lon="112.41729559"></trkpt>
  <trkpt lat="-7.67877323" lon="112.41724228"></trkpt>
  <trkpt lat="-7.67877323" lon="112.41718898"></trkpt>
  <trkpt lat="-7.67877323" lon="112.41713567"></trkpt>
  <trkpt lat="-7.67871992" lon="112.41713567"></trkpt>
  <trkpt lat="-7.67871992" lon="112.41708236"></trkpt>
  <trkpt lat="-7.67871992" lon="112.41702905"></trkpt>
  <trkpt lat="-7.67877323" lon="112.41702905"></trkpt>
  <trkpt lat="-7.67871992" lon="112.41702905"></trkpt>
  <trkpt lat="-7.67877323" lon="112.41702905"></trkpt>
  <trkpt lat="-7.67877323" lon="112.41697574"></trkpt>
  <trkpt lat="-7.67871992" lon="112.41692235"></trkpt>
  <trkpt lat="-7.67877323" lon="112.41692235"></trkpt>
  <trkpt lat="-7.67877323" lon="112.41697574"></trkpt>
  <trkpt lat="-7.67882654" lon="112.41697574"></trkpt>
  <trkpt lat="-7.67882654" lon="112.41692235"></trkpt>
  <trkpt lat="-7.67887984" lon="112.41692235"></trkpt>
  <trkpt lat="-7.67887984" lon="112.41686904"></trkpt>
  <trkpt lat="-7.67893315" lon="112.41686904"></trkpt>
  <trkpt lat="-7.67898646" lon="112.41681573"></trkpt>
  <trkpt lat="-7.67898646" lon="112.41676242"></trkpt>
  <trkpt lat="-7.67898646" lon="112.41670911"></trkpt>
  <trkpt lat="-7.67893315" lon="112.41670911"></trkpt>
  <trkpt lat="-7.67893315" lon="112.41665580"></trkpt>
  <trkpt lat="-7.67898646" lon="112.41665580"></trkpt>
  <trkpt lat="-7.67903977" lon="112.41665580"></trkpt>
  <trkpt lat="-7.67914639" lon="112.41670911"></trkpt>
  <trkpt lat="-7.67909308" lon="112.41676242"></trkpt>
  <trkpt lat="-7.67909308" lon="112.41681573"></trkpt>
  <trkpt lat="-7.67909308" lon="112.41676242"></trkpt>
  <trkpt lat="-7.67914639" lon="112.41676242"></trkpt>
  <trkpt lat="-7.67925301" lon="112.41681573"></trkpt>
  <trkpt lat="-7.67930632" lon="112.41676242"></trkpt>
  <trkpt lat="-7.67935962" lon="112.41676242"></trkpt>
  <trkpt lat="-7.67941293" lon="112.41676242"></trkpt>
  <trkpt lat="-7.67941293" lon="112.41681573"></trkpt>
  <trkpt lat="-7.67946624" lon="112.41681573"></trkpt>
  <trkpt lat="-7.67946624" lon="112.41676242"></trkpt>
  <trkpt lat="-7.67951955" lon="112.41681573"></trkpt>
  <trkpt lat="-7.67957286" lon="112.41686904"></trkpt>
  <trkpt lat="-7.67962617" lon="112.41686904"></trkpt>
  <trkpt lat="-7.67967956" lon="112.41692235"></trkpt>
  <trkpt lat="-7.67973287" lon="112.41692235"></trkpt>
  <trkpt lat="-7.67973287" lon="112.41686904"></trkpt>
  <trkpt lat="-7.67967956" lon="112.41686904"></trkpt>
  <trkpt lat="-7.67967956" lon="112.41681573"></trkpt>
  <trkpt lat="-7.67967956" lon="112.41686904"></trkpt>
  <trkpt lat="-7.67973287" lon="112.41692235"></trkpt>
  <trkpt lat="-7.67978618" lon="112.41692235"></trkpt>
  <trkpt lat="-7.67978618" lon="112.41686904"></trkpt>
  <trkpt lat="-7.67983949" lon="112.41686904"></trkpt>
  <trkpt lat="-7.67994611" lon="112.41692235"></trkpt>
  <trkpt lat="-7.67999941" lon="112.41697574"></trkpt>
  <trkpt lat="-7.68005272" lon="112.41697574"></trkpt>
  <trkpt lat="-7.68005272" lon="112.41702905"></trkpt>
  <trkpt lat="-7.68010603" lon="112.41713567"></trkpt>
  <trkpt lat="-7.68015934" lon="112.41718898"></trkpt>
  <trkpt lat="-7.68015934" lon="112.41724228"></trkpt>
  <trkpt lat="-7.68021265" lon="112.41729559"></trkpt>
  <trkpt lat="-7.68021265" lon="112.41734890"></trkpt>
  <trkpt lat="-7.68026596" lon="112.41740221"></trkpt>
  <trkpt lat="-7.68031927" lon="112.41745552"></trkpt>
  <trkpt lat="-7.68037258" lon="112.41745552"></trkpt>
  <trkpt lat="-7.68037258" lon="112.41750883"></trkpt>
  <trkpt lat="-7.68042589" lon="112.41756214"></trkpt>
  <trkpt lat="-7.68047919" lon="112.41756214"></trkpt>
  <trkpt lat="-7.68069243" lon="112.41750883"></trkpt>
  <trkpt lat="-7.68074574" lon="112.41756214"></trkpt>
  <trkpt lat="-7.68074574" lon="112.41761553"></trkpt>
  <trkpt lat="-7.68079905" lon="112.41761553"></trkpt>
  <trkpt lat="-7.68079905" lon="112.41766884"></trkpt>
  <trkpt lat="-7.68085244" lon="112.41777546"></trkpt>
  <trkpt lat="-7.68085244" lon="112.41782877"></trkpt>
  <trkpt lat="-7.68085244" lon="112.41788208"></trkpt>
  <trkpt lat="-7.68085244" lon="112.41793538"></trkpt>
  <trkpt lat="-7.68090575" lon="112.41793538"></trkpt>
  <trkpt lat="-7.68095906" lon="112.41793538"></trkpt>
  <trkpt lat="-7.68106568" lon="112.41788208"></trkpt>
  <trkpt lat="-7.68111899" lon="112.41788208"></trkpt>
  <trkpt lat="-7.68117229" lon="112.41782877"></trkpt>
  <trkpt lat="-7.68122560" lon="112.41782877"></trkpt>
  <trkpt lat="-7.68127891" lon="112.41782877"></trkpt>
  <trkpt lat="-7.68138553" lon="112.41782877"></trkpt>
  <trkpt lat="-7.68143884" lon="112.41788208"></trkpt>
  <trkpt lat="-7.68143884" lon="112.41793538"></trkpt>
  <trkpt lat="-7.68149215" lon="112.41798869"></trkpt>
  <trkpt lat="-7.68154546" lon="112.41798869"></trkpt>
  <trkpt lat="-7.68159877" lon="112.41804200"></trkpt>
  <trkpt lat="-7.68165207" lon="112.41804200"></trkpt>
  <trkpt lat="-7.68170538" lon="112.41804200"></trkpt>
  <trkpt lat="-7.68170538" lon="112.41809531"></trkpt>
  <trkpt lat="-7.68175869" lon="112.41809531"></trkpt>
  <trkpt lat="-7.68170538" lon="112.41814862"></trkpt>
  <trkpt lat="-7.68170538" lon="112.41820193"></trkpt>
  <trkpt lat="-7.68175869" lon="112.41820193"></trkpt>
  <trkpt lat="-7.68186531" lon="112.41825532"></trkpt>
  <trkpt lat="-7.68186531" lon="112.41830863"></trkpt>
  <trkpt lat="-7.68191862" lon="112.41830863"></trkpt>
  <trkpt lat="-7.68202532" lon="112.41836194"></trkpt>
  <trkpt lat="-7.68213194" lon="112.41841525"></trkpt>
  <trkpt lat="-7.68218525" lon="112.41846856"></trkpt>
  <trkpt lat="-7.68218525" lon="112.41857518"></trkpt>
  <trkpt lat="-7.68229187" lon="112.41868179"></trkpt>
  <trkpt lat="-7.68229187" lon="112.41878841"></trkpt>
  <trkpt lat="-7.68239848" lon="112.41889503"></trkpt>
  <trkpt lat="-7.68245179" lon="112.41894842"></trkpt>
  <trkpt lat="-7.68255841" lon="112.41894842"></trkpt>
  <trkpt lat="-7.68261172" lon="112.41894842"></trkpt>
  <trkpt lat="-7.68266503" lon="112.41900173"></trkpt>
  <trkpt lat="-7.68266503" lon="112.41905504"></trkpt>
  <trkpt lat="-7.68271834" lon="112.41905504"></trkpt>
  <trkpt lat="-7.68277165" lon="112.41905504"></trkpt>
  <trkpt lat="-7.68282495" lon="112.41905504"></trkpt>
  <trkpt lat="-7.68287826" lon="112.41900173"></trkpt>
  <trkpt lat="-7.68287826" lon="112.41894842"></trkpt>
  <trkpt lat="-7.68293157" lon="112.41894842"></trkpt>
  <trkpt lat="-7.68298488" lon="112.41889503"></trkpt>
  <trkpt lat="-7.68309158" lon="112.41884172"></trkpt>
  <trkpt lat="-7.68314489" lon="112.41884172"></trkpt>
  <trkpt lat="-7.68325151" lon="112.41900173"></trkpt>
  <trkpt lat="-7.68330482" lon="112.41905504"></trkpt>
  <trkpt lat="-7.68335813" lon="112.41921497"></trkpt>
  <trkpt lat="-7.68341144" lon="112.41937489"></trkpt>
  <trkpt lat="-7.68341144" lon="112.41948151"></trkpt>
  <trkpt lat="-7.68351805" lon="112.41953482"></trkpt>
  <trkpt lat="-7.68357136" lon="112.41958813"></trkpt>
  <trkpt lat="-7.68362467" lon="112.41964152"></trkpt>
  <trkpt lat="-7.68373129" lon="112.41969483"></trkpt>
  <trkpt lat="-7.68378460" lon="112.41964152"></trkpt>
  <trkpt lat="-7.68383791" lon="112.41964152"></trkpt>
  <trkpt lat="-7.68394453" lon="112.41969483"></trkpt>
  <trkpt lat="-7.68405114" lon="112.41969483"></trkpt>
  <trkpt lat="-7.68410445" lon="112.41969483"></trkpt>
  <trkpt lat="-7.68415776" lon="112.41974814"></trkpt>
  <trkpt lat="-7.68421115" lon="112.41980145"></trkpt>
  <trkpt lat="-7.68426446" lon="112.41985476"></trkpt>
  <trkpt lat="-7.68421115" lon="112.41996137"></trkpt>
  <trkpt lat="-7.68426446" lon="112.42001468"></trkpt>
  <trkpt lat="-7.68431777" lon="112.42012130"></trkpt>
  <trkpt lat="-7.68437108" lon="112.42017461"></trkpt>
  <trkpt lat="-7.68437108" lon="112.42028131"></trkpt>
  <trkpt lat="-7.68442439" lon="112.42028131"></trkpt>
  <trkpt lat="-7.68437108" lon="112.42038793"></trkpt>
  <trkpt lat="-7.68437108" lon="112.42054786"></trkpt>
  <trkpt lat="-7.68442439" lon="112.42065447"></trkpt>
  <trkpt lat="-7.68442439" lon="112.42070778"></trkpt>
  <trkpt lat="-7.68442439" lon="112.42081440"></trkpt>
  <trkpt lat="-7.68442439" lon="112.42092110"></trkpt>
  <trkpt lat="-7.68453101" lon="112.42102772"></trkpt>
  <trkpt lat="-7.68458432" lon="112.42113434"></trkpt>
  <trkpt lat="-7.68453101" lon="112.42118765"></trkpt>
  <trkpt lat="-7.68458432" lon="112.42124096"></trkpt>
  <trkpt lat="-7.68463762" lon="112.42129426"></trkpt>
  <trkpt lat="-7.68469093" lon="112.42134757"></trkpt>
  <trkpt lat="-7.68474424" lon="112.42150750"></trkpt>
  <trkpt lat="-7.68479755" lon="112.42156089"></trkpt>
  <trkpt lat="-7.68479755" lon="112.42161420"></trkpt>
  <trkpt lat="-7.68490417" lon="112.42172082"></trkpt>
  <trkpt lat="-7.68495748" lon="112.42177413"></trkpt>
  <trkpt lat="-7.68506410" lon="112.42182744"></trkpt>
  <trkpt lat="-7.68511740" lon="112.42182744"></trkpt>
  <trkpt lat="-7.68517071" lon="112.42188075"></trkpt>
  <trkpt lat="-7.68522402" lon="112.42198736"></trkpt>
  <trkpt lat="-7.68527733" lon="112.42204067"></trkpt>
  <trkpt lat="-7.68543734" lon="112.42204067"></trkpt>
  <trkpt lat="-7.68543734" lon="112.42214729"></trkpt>
  <trkpt lat="-7.68554396" lon="112.42225399"></trkpt>
  <trkpt lat="-7.68565058" lon="112.42236061"></trkpt>
  <trkpt lat="-7.68570389" lon="112.42241392"></trkpt>
  <trkpt lat="-7.68586381" lon="112.42246723"></trkpt>
  <trkpt lat="-7.68597043" lon="112.42246723"></trkpt>
  <trkpt lat="-7.68607705" lon="112.42246723"></trkpt>
  <trkpt lat="-7.68623698" lon="112.42246723"></trkpt>
  <trkpt lat="-7.68634359" lon="112.42252054"></trkpt>
  <trkpt lat="-7.68639690" lon="112.42252054"></trkpt>
  <trkpt lat="-7.68650360" lon="112.42262715"></trkpt>
  <trkpt lat="-7.68661022" lon="112.42262715"></trkpt>
  <trkpt lat="-7.68666353" lon="112.42257385"></trkpt>
  <trkpt lat="-7.68671684" lon="112.42257385"></trkpt>
  <trkpt lat="-7.68677015" lon="112.42257385"></trkpt>
  <trkpt lat="-7.68682346" lon="112.42257385"></trkpt>
  <trkpt lat="-7.68682346" lon="112.42252054"></trkpt>
  <trkpt lat="-7.68687677" lon="112.42252054"></trkpt>
  <trkpt lat="-7.68682346" lon="112.42257385"></trkpt>
  <trkpt lat="-7.68677015" lon="112.42257385"></trkpt>
  <trkpt lat="-7.68666353" lon="112.42257385"></trkpt>
  <trkpt lat="-7.68677015" lon="112.42262715"></trkpt>
  <trkpt lat="-7.68682346" lon="112.42268046"></trkpt>
  <trkpt lat="-7.68693008" lon="112.42268046"></trkpt>
  <trkpt lat="-7.68698338" lon="112.42268046"></trkpt>
  <trkpt lat="-7.68703669" lon="112.42273377"></trkpt>
  <trkpt lat="-7.68709000" lon="112.42278708"></trkpt>
  <trkpt lat="-7.68719662" lon="112.42284047"></trkpt>
  <trkpt lat="-7.68724993" lon="112.42284047"></trkpt>
  <trkpt lat="-7.68735655" lon="112.42284047"></trkpt>
  <trkpt lat="-7.68746316" lon="112.42284047"></trkpt>
  <trkpt lat="-7.68751647" lon="112.42294709"></trkpt>
  <trkpt lat="-7.68756987" lon="112.42294709"></trkpt>
  <trkpt lat="-7.68767648" lon="112.42294709"></trkpt>
  <trkpt lat="-7.68783641" lon="112.42289378"></trkpt>
  <trkpt lat="-7.68794303" lon="112.42289378"></trkpt>
  <trkpt lat="-7.68804965" lon="112.42294709"></trkpt>
  <trkpt lat="-7.68815626" lon="112.42294709"></trkpt>
  <trkpt lat="-7.68826288" lon="112.42305371"></trkpt>
  <trkpt lat="-7.68831619" lon="112.42310702"></trkpt>
  <trkpt lat="-7.68842281" lon="112.42316033"></trkpt>
  <trkpt lat="-7.68847612" lon="112.42316033"></trkpt>
  <trkpt lat="-7.68863604" lon="112.42316033"></trkpt>
  <trkpt lat="-7.68879605" lon="112.42321364"></trkpt>
  <trkpt lat="-7.68884936" lon="112.42326695"></trkpt>
  <trkpt lat="-7.68890267" lon="112.42332025"></trkpt>
  <trkpt lat="-7.68895598" lon="112.42337356"></trkpt>
  <trkpt lat="-7.68900929" lon="112.42337356"></trkpt>
  <trkpt lat="-7.68911591" lon="112.42348026"></trkpt>
  <trkpt lat="-7.68916922" lon="112.42348026"></trkpt>
  <trkpt lat="-7.68927583" lon="112.42353357"></trkpt>
  <trkpt lat="-7.68932914" lon="112.42358688"></trkpt>
  <trkpt lat="-7.68938245" lon="112.42364019"></trkpt>
  <trkpt lat="-7.68948907" lon="112.42369350"></trkpt>
  <trkpt lat="-7.68959569" lon="112.42374681"></trkpt>
  <trkpt lat="-7.68970231" lon="112.42380012"></trkpt>
  <trkpt lat="-7.68975561" lon="112.42380012"></trkpt>
  <trkpt lat="-7.68986232" lon="112.42390674"></trkpt>
  <trkpt lat="-7.68996893" lon="112.42390674"></trkpt>
  <trkpt lat="-7.69002224" lon="112.42396004"></trkpt>
  <trkpt lat="-7.69018217" lon="112.42396004"></trkpt>
  <trkpt lat="-7.69023548" lon="112.42401335"></trkpt>
  <trkpt lat="-7.69028879" lon="112.42401335"></trkpt>
  <trkpt lat="-7.69034210" lon="112.42406666"></trkpt>
  <trkpt lat="-7.69055533" lon="112.42401335"></trkpt>
  <trkpt lat="-7.69066195" lon="112.42401335"></trkpt>
  <trkpt lat="-7.69076857" lon="112.42396004"></trkpt>
  <trkpt lat="-7.69082188" lon="112.42401335"></trkpt>
  <trkpt lat="-7.69098189" lon="112.42396004"></trkpt>
  <trkpt lat="-7.69103520" lon="112.42390674"></trkpt>
  <trkpt lat="-7.69114181" lon="112.42390674"></trkpt>
  <trkpt lat="-7.69124843" lon="112.42396004"></trkpt>
  <trkpt lat="-7.69140836" lon="112.42396004"></trkpt>
  <trkpt lat="-7.69146167" lon="112.42396004"></trkpt>
  <trkpt lat="-7.69151498" lon="112.42401335"></trkpt>
  <trkpt lat="-7.69156829" lon="112.42401335"></trkpt>
  <trkpt lat="-7.69162159" lon="112.42401335"></trkpt>
  <trkpt lat="-7.69162159" lon="112.42406666"></trkpt>
  <trkpt lat="-7.69162159" lon="112.42412006"></trkpt>
  <trkpt lat="-7.69167490" lon="112.42417336"></trkpt>
  <trkpt lat="-7.69167490" lon="112.42412006"></trkpt>
  <trkpt lat="-7.69167490" lon="112.42417336"></trkpt>
  <trkpt lat="-7.69167490" lon="112.42422667"></trkpt>
  <trkpt lat="-7.69183483" lon="112.42427998"></trkpt>
  <trkpt lat="-7.69188814" lon="112.42427998"></trkpt>
  <trkpt lat="-7.69194145" lon="112.42427998"></trkpt>
  <trkpt lat="-7.69204815" lon="112.42427998"></trkpt>
  <trkpt lat="-7.69231469" lon="112.42454653"></trkpt>
  <trkpt lat="-7.69231469" lon="112.42459984"></trkpt>
  <trkpt lat="-7.69236800" lon="112.42459984"></trkpt>
  <trkpt lat="-7.69247462" lon="112.42465314"></trkpt>
  <trkpt lat="-7.69258124" lon="112.42470645"></trkpt>
  <trkpt lat="-7.69268786" lon="112.42470645"></trkpt>
  <trkpt lat="-7.69274116" lon="112.42475976"></trkpt>
  <trkpt lat="-7.69279447" lon="112.42486646"></trkpt>
  <trkpt lat="-7.69284778" lon="112.42491977"></trkpt>
  <trkpt lat="-7.69290109" lon="112.42497308"></trkpt>
  <trkpt lat="-7.69290109" lon="112.42502639"></trkpt>
  <trkpt lat="-7.69295440" lon="112.42502639"></trkpt>
  <trkpt lat="-7.69295440" lon="112.42507970"></trkpt>
  <trkpt lat="-7.69300771" lon="112.42507970"></trkpt>
  <trkpt lat="-7.69306102" lon="112.42518632"></trkpt>
  <trkpt lat="-7.69306102" lon="112.42523963"></trkpt>
  <trkpt lat="-7.69311433" lon="112.42529294"></trkpt>
  <trkpt lat="-7.69322103" lon="112.42539955"></trkpt>
  <trkpt lat="-7.69332765" lon="112.42550625"></trkpt>
  <trkpt lat="-7.69332765" lon="112.42555956"></trkpt>
  <trkpt lat="-7.69338096" lon="112.42561287"></trkpt>
  <trkpt lat="-7.69343426" lon="112.42566618"></trkpt>
  <trkpt lat="-7.69343426" lon="112.42571949"></trkpt>
  <trkpt lat="-7.69348757" lon="112.42577280"></trkpt>
  <trkpt lat="-7.69348757" lon="112.42582611"></trkpt>
  <trkpt lat="-7.69354088" lon="112.42582611"></trkpt>
  <trkpt lat="-7.69359419" lon="112.42587942"></trkpt>
  <trkpt lat="-7.69359419" lon="112.42593273"></trkpt>
  <trkpt lat="-7.69359419" lon="112.42598603"></trkpt>
  <trkpt lat="-7.69359419" lon="112.42603934"></trkpt>
  <trkpt lat="-7.69364750" lon="112.42609274"></trkpt>
  <trkpt lat="-7.69370081" lon="112.42614605"></trkpt>
  <trkpt lat="-7.69380743" lon="112.42619935"></trkpt>
  <trkpt lat="-7.69396735" lon="112.42646590"></trkpt>
  <trkpt lat="-7.69423390" lon="112.42662583"></trkpt>
  <trkpt lat="-7.69434060" lon="112.42673253"></trkpt>
  <trkpt lat="-7.69444722" lon="112.42673253"></trkpt>
  <trkpt lat="-7.69455384" lon="112.42678584"></trkpt>
  <trkpt lat="-7.69460714" lon="112.42678584"></trkpt>
  <trkpt lat="-7.69466045" lon="112.42683914"></trkpt>
  <trkpt lat="-7.69466045" lon="112.42678584"></trkpt>
  <trkpt lat="-7.69466045" lon="112.42683914"></trkpt>
  <trkpt lat="-7.69466045" lon="112.42678584"></trkpt>
  <trkpt lat="-7.69471376" lon="112.42678584"></trkpt>
  <trkpt lat="-7.69471376" lon="112.42683914"></trkpt>
  <trkpt lat="-7.69476707" lon="112.42683914"></trkpt>
  <trkpt lat="-7.69482038" lon="112.42683914"></trkpt>
  <trkpt lat="-7.69492700" lon="112.42683914"></trkpt>
  <trkpt lat="-7.69503362" lon="112.42683914"></trkpt>
  <trkpt lat="-7.69508692" lon="112.42689245"></trkpt>
  <trkpt lat="-7.69514023" lon="112.42689245"></trkpt>
  <trkpt lat="-7.69524685" lon="112.42689245"></trkpt>
  <trkpt lat="-7.69535347" lon="112.42689245"></trkpt>
  <trkpt lat="-7.69546017" lon="112.42689245"></trkpt>
  <trkpt lat="-7.69551348" lon="112.42689245"></trkpt>
  <trkpt lat="-7.69551348" lon="112.42694576"></trkpt>
  <trkpt lat="-7.69556679" lon="112.42699907"></trkpt>
  <trkpt lat="-7.69567341" lon="112.42699907"></trkpt>
  <trkpt lat="-7.69578002" lon="112.42699907"></trkpt>
  <trkpt lat="-7.69588664" lon="112.42705238"></trkpt>
  <trkpt lat="-7.69599326" lon="112.42710569"></trkpt>
  <trkpt lat="-7.69615319" lon="112.42705238"></trkpt>
  <trkpt lat="-7.69620650" lon="112.42710569"></trkpt>
  <trkpt lat="-7.69625980" lon="112.42715900"></trkpt>
  <trkpt lat="-7.69641973" lon="112.42726562"></trkpt>
  <trkpt lat="-7.69641973" lon="112.42737232"></trkpt>
  <trkpt lat="-7.69647304" lon="112.42747894"></trkpt>
  <trkpt lat="-7.69647304" lon="112.42753224"></trkpt>
  <trkpt lat="-7.69663305" lon="112.42758555"></trkpt>
  <trkpt lat="-7.69679298" lon="112.42763886"></trkpt>
  <trkpt lat="-7.69684629" lon="112.42769217"></trkpt>
  <trkpt lat="-7.69695290" lon="112.42774548"></trkpt>
  <trkpt lat="-7.69700621" lon="112.42785210"></trkpt>
  <trkpt lat="-7.69705952" lon="112.42795872"></trkpt>
  <trkpt lat="-7.69711283" lon="112.42801211"></trkpt>
  <trkpt lat="-7.69721945" lon="112.42806542"></trkpt>
  <trkpt lat="-7.69727276" lon="112.42811873"></trkpt>
  <trkpt lat="-7.69721945" lon="112.42822534"></trkpt>
  <trkpt lat="-7.69732607" lon="112.42827865"></trkpt>
  <trkpt lat="-7.69732607" lon="112.42833196"></trkpt>
  <trkpt lat="-7.69737937" lon="112.42838527"></trkpt>
  <trkpt lat="-7.69743268" lon="112.42843858"></trkpt>
  <trkpt lat="-7.69748599" lon="112.42849189"></trkpt>
  <trkpt lat="-7.69748599" lon="112.42854520"></trkpt>
  <trkpt lat="-7.69748599" lon="112.42859851"></trkpt>
  <trkpt lat="-7.69753930" lon="112.42859851"></trkpt>
  <trkpt lat="-7.69759261" lon="112.42865190"></trkpt>
  <trkpt lat="-7.69764592" lon="112.42865190"></trkpt>
  <trkpt lat="-7.69769923" lon="112.42870521"></trkpt>
  <trkpt lat="-7.69775262" lon="112.42875852"></trkpt>
  <trkpt lat="-7.69780593" lon="112.42886513"></trkpt>
  <trkpt lat="-7.69780593" lon="112.42891844"></trkpt>
  <trkpt lat="-7.69785924" lon="112.42902506"></trkpt>
  <trkpt lat="-7.69791255" lon="112.42913168"></trkpt>
  <trkpt lat="-7.69791255" lon="112.42918499"></trkpt>
  <trkpt lat="-7.69801917" lon="112.42923830"></trkpt>
  <trkpt lat="-7.69807247" lon="112.42923830"></trkpt>
  <trkpt lat="-7.69807247" lon="112.42929169"></trkpt>
  <trkpt lat="-7.69812578" lon="112.42934500"></trkpt>
  <trkpt lat="-7.69817909" lon="112.42939831"></trkpt>
  <trkpt lat="-7.69833902" lon="112.42950493"></trkpt>
  <trkpt lat="-7.69839233" lon="112.42955823"></trkpt>
  <trkpt lat="-7.69849895" lon="112.42966485"></trkpt>
  <trkpt lat="-7.69860556" lon="112.42977147"></trkpt>
  <trkpt lat="-7.69860556" lon="112.42982478"></trkpt>
  <trkpt lat="-7.69865887" lon="112.42993148"></trkpt>
  <trkpt lat="-7.69871218" lon="112.42998479"></trkpt>
  <trkpt lat="-7.69876549" lon="112.43009141"></trkpt>
  <trkpt lat="-7.69887219" lon="112.43014472"></trkpt>
  <trkpt lat="-7.69897881" lon="112.43025133"></trkpt>
  <trkpt lat="-7.69908543" lon="112.43035795"></trkpt>
  <trkpt lat="-7.69913874" lon="112.43041126"></trkpt>
  <trkpt lat="-7.69919205" lon="112.43046457"></trkpt>
  <trkpt lat="-7.69924535" lon="112.43046457"></trkpt>
  <trkpt lat="-7.69929866" lon="112.43051788"></trkpt>
  <trkpt lat="-7.69935197" lon="112.43057127"></trkpt>
  <trkpt lat="-7.69940528" lon="112.43057127"></trkpt>
  <trkpt lat="-7.69945859" lon="112.43062458"></trkpt>
  <trkpt lat="-7.69951190" lon="112.43067789"></trkpt>
  <trkpt lat="-7.69956521" lon="112.43073120"></trkpt>
  <trkpt lat="-7.69967183" lon="112.43073120"></trkpt>
  <trkpt lat="-7.69983175" lon="112.43073120"></trkpt>
  <trkpt lat="-7.69988506" lon="112.43073120"></trkpt>
  <trkpt lat="-7.69999168" lon="112.43073120"></trkpt>
  <trkpt lat="-7.70009838" lon="112.43078451"></trkpt>
  <trkpt lat="-7.70015169" lon="112.43078451"></trkpt>
  <trkpt lat="-7.70031162" lon="112.43078451"></trkpt>
  <trkpt lat="-7.70041823" lon="112.43073120"></trkpt>
  <trkpt lat="-7.70052485" lon="112.43073120"></trkpt>
  <trkpt lat="-7.70057816" lon="112.43073120"></trkpt>
  <trkpt lat="-7.70073809" lon="112.43073120"></trkpt>
  <trkpt lat="-7.70084471" lon="112.43073120"></trkpt>
  <trkpt lat="-7.70089801" lon="112.43073120"></trkpt>
  <trkpt lat="-7.70100463" lon="112.43083782"></trkpt>
  <trkpt lat="-7.70105794" lon="112.43083782"></trkpt>
  <trkpt lat="-7.70105794" lon="112.43089112"></trkpt>
  <trkpt lat="-7.70116464" lon="112.43089112"></trkpt>
  <trkpt lat="-7.70121795" lon="112.43089112"></trkpt>
  <trkpt lat="-7.70127126" lon="112.43089112"></trkpt>
  <trkpt lat="-7.70132457" lon="112.43089112"></trkpt>
  <trkpt lat="-7.70137788" lon="112.43094443"></trkpt>
  <trkpt lat="-7.70148450" lon="112.43094443"></trkpt>
  <trkpt lat="-7.70164442" lon="112.43089112"></trkpt>
  <trkpt lat="-7.70169773" lon="112.43083782"></trkpt>
  <trkpt lat="-7.70180435" lon="112.43089112"></trkpt>
  <trkpt lat="-7.70185766" lon="112.43089112"></trkpt>
  <trkpt lat="-7.70196428" lon="112.43094443"></trkpt>
  <trkpt lat="-7.70207089" lon="112.43094443"></trkpt>
  <trkpt lat="-7.70212420" lon="112.43094443"></trkpt>
  <trkpt lat="-7.70217751" lon="112.43094443"></trkpt>
  <trkpt lat="-7.70217751" lon="112.43099774"></trkpt>
  <trkpt lat="-7.70223082" lon="112.43099774"></trkpt>
  <trkpt lat="-7.70228421" lon="112.43094443"></trkpt>
  <trkpt lat="-7.70228421" lon="112.43089112"></trkpt>
  <trkpt lat="-7.70233752" lon="112.43094443"></trkpt>
  <trkpt lat="-7.70239083" lon="112.43099774"></trkpt>
  <trkpt lat="-7.70244414" lon="112.43105105"></trkpt>
  <trkpt lat="-7.70249745" lon="112.43105105"></trkpt>
  <trkpt lat="-7.70255076" lon="112.43115767"></trkpt>
  <trkpt lat="-7.70260407" lon="112.43115767"></trkpt>
  <trkpt lat="-7.70260407" lon="112.43121106"></trkpt>
  <trkpt lat="-7.70260407" lon="112.43126437"></trkpt>
  <trkpt lat="-7.70260407" lon="112.43131768"></trkpt>
  <trkpt lat="-7.70265738" lon="112.43137099"></trkpt>
  <trkpt lat="-7.70265738" lon="112.43142430"></trkpt>
  <trkpt lat="-7.70276399" lon="112.43153092"></trkpt>
  <trkpt lat="-7.70281730" lon="112.43163753"></trkpt>
  <trkpt lat="-7.70292392" lon="112.43169084"></trkpt>
  <trkpt lat="-7.70303054" lon="112.43179746"></trkpt>
  <trkpt lat="-7.70308385" lon="112.43179746"></trkpt>
  <trkpt lat="-7.70313716" lon="112.43179746"></trkpt>
  <trkpt lat="-7.70319046" lon="112.43179746"></trkpt>
  <trkpt lat="-7.70329708" lon="112.43179746"></trkpt>
  <trkpt lat="-7.70351040" lon="112.43185077"></trkpt>
  <trkpt lat="-7.70356371" lon="112.43185077"></trkpt>
  <trkpt lat="-7.70361702" lon="112.43190416"></trkpt>
  <trkpt lat="-7.70372364" lon="112.43190416"></trkpt>
  <trkpt lat="-7.70383026" lon="112.43201078"></trkpt>
  <trkpt lat="-7.70388356" lon="112.43201078"></trkpt>
  <trkpt lat="-7.70399018" lon="112.43201078"></trkpt>
  <trkpt lat="-7.70409680" lon="112.43201078"></trkpt>
  <trkpt lat="-7.70420342" lon="112.43206409"></trkpt>
  <trkpt lat="-7.70425673" lon="112.43217071"></trkpt>
  <trkpt lat="-7.70431004" lon="112.43233063"></trkpt>
  <trkpt lat="-7.70441665" lon="112.43243725"></trkpt>
  <trkpt lat="-7.70441665" lon="112.43249056"></trkpt>
  <trkpt lat="-7.70441665" lon="112.43254387"></trkpt>
  <trkpt lat="-7.70441665" lon="112.43265057"></trkpt>
  <trkpt lat="-7.70446996" lon="112.43270388"></trkpt>
  <trkpt lat="-7.70452335" lon="112.43275719"></trkpt>
  <trkpt lat="-7.70452335" lon="112.43281050"></trkpt>
  <trkpt lat="-7.70452335" lon="112.43286381"></trkpt>
  <trkpt lat="-7.70452335" lon="112.43291711"></trkpt>
  <trkpt lat="-7.70452335" lon="112.43297042"></trkpt>
  <trkpt lat="-7.70462997" lon="112.43297042"></trkpt>
  <trkpt lat="-7.70468328" lon="112.43291711"></trkpt>
  <trkpt lat="-7.70473659" lon="112.43291711"></trkpt>
  <trkpt lat="-7.70478990" lon="112.43291711"></trkpt>
  <trkpt lat="-7.70494983" lon="112.43297042"></trkpt>
  <trkpt lat="-7.70500313" lon="112.43297042"></trkpt>
  <trkpt lat="-7.70505644" lon="112.43297042"></trkpt>
  <trkpt lat="-7.70510975" lon="112.43297042"></trkpt>
  <trkpt lat="-7.70521637" lon="112.43297042"></trkpt>
  <trkpt lat="-7.70537630" lon="112.43291711"></trkpt>
  <trkpt lat="-7.70548292" lon="112.43302373"></trkpt>
  <trkpt lat="-7.70569623" lon="112.43307704"></trkpt>
  <trkpt lat="-7.70580285" lon="112.43307704"></trkpt>
  <trkpt lat="-7.70590947" lon="112.43307704"></trkpt>
  <trkpt lat="-7.70601609" lon="112.43307704"></trkpt>
  <trkpt lat="-7.70612271" lon="112.43307704"></trkpt>
  <trkpt lat="-7.70617601" lon="112.43307704"></trkpt>
  <trkpt lat="-7.70628263" lon="112.43307704"></trkpt>
  <trkpt lat="-7.70638925" lon="112.43307704"></trkpt>
  <trkpt lat="-7.70649587" lon="112.43307704"></trkpt>
  <trkpt lat="-7.70654918" lon="112.43302373"></trkpt>
  <trkpt lat="-7.70665579" lon="112.43302373"></trkpt>
  <trkpt lat="-7.70670910" lon="112.43302373"></trkpt>
  <trkpt lat="-7.70681581" lon="112.43302373"></trkpt>
  <trkpt lat="-7.70697573" lon="112.43307704"></trkpt>
  <trkpt lat="-7.70708235" lon="112.43302373"></trkpt>
  <trkpt lat="-7.70724228" lon="112.43307704"></trkpt>
  <trkpt lat="-7.70734889" lon="112.43313035"></trkpt>
  <trkpt lat="-7.70740220" lon="112.43318366"></trkpt>
  <trkpt lat="-7.70750882" lon="112.43318366"></trkpt>
  <trkpt lat="-7.70756213" lon="112.43318366"></trkpt>
  <trkpt lat="-7.70782867" lon="112.43329036"></trkpt>
  <trkpt lat="-7.70788207" lon="112.43329036"></trkpt>
  <trkpt lat="-7.70793538" lon="112.43334367"></trkpt>
  <trkpt lat="-7.70804199" lon="112.43334367"></trkpt>
  <trkpt lat="-7.70809530" lon="112.43345029"></trkpt>
  <trkpt lat="-7.70809530" lon="112.43350360"></trkpt>
  <trkpt lat="-7.70814861" lon="112.43350360"></trkpt>
  <trkpt lat="-7.70820192" lon="112.43345029"></trkpt>
  <trkpt lat="-7.70830854" lon="112.43345029"></trkpt>
  <trkpt lat="-7.70836185" lon="112.43345029"></trkpt>
  <trkpt lat="-7.70836185" lon="112.43350360"></trkpt>
  <trkpt lat="-7.70830854" lon="112.43350360"></trkpt>
  <trkpt lat="-7.70830854" lon="112.43355691"></trkpt>
  <trkpt lat="-7.70830854" lon="112.43361021"></trkpt>
  <trkpt lat="-7.70836185" lon="112.43377014"></trkpt>
  <trkpt lat="-7.70830854" lon="112.43377014"></trkpt>
  <trkpt lat="-7.70825523" lon="112.43377014"></trkpt>
  <trkpt lat="-7.70820192" lon="112.43382345"></trkpt>
  <trkpt lat="-7.70825523" lon="112.43393015"></trkpt>
  <trkpt lat="-7.70825523" lon="112.43398346"></trkpt>
  <trkpt lat="-7.70825523" lon="112.43403677"></trkpt>
  <trkpt lat="-7.70830854" lon="112.43414339"></trkpt>
  <trkpt lat="-7.70830854" lon="112.43419670"></trkpt>
  <trkpt lat="-7.70830854" lon="112.43414339"></trkpt>
  <trkpt lat="-7.70830854" lon="112.43403677"></trkpt>
  <trkpt lat="-7.70836185" lon="112.43393015"></trkpt>
  <trkpt lat="-7.70852177" lon="112.43371683"></trkpt>
  <trkpt lat="-7.70846847" lon="112.43361021"></trkpt>
  <trkpt lat="-7.70846847" lon="112.43350360"></trkpt>
  <trkpt lat="-7.70841516" lon="112.43345029"></trkpt>
  <trkpt lat="-7.70841516" lon="112.43350360"></trkpt>
  <trkpt lat="-7.70841516" lon="112.43355691"></trkpt>
  <trkpt lat="-7.70841516" lon="112.43361021"></trkpt>
  <trkpt lat="-7.70841516" lon="112.43366352"></trkpt>
  <trkpt lat="-7.70841516" lon="112.43371683"></trkpt>
  <trkpt lat="-7.70836185" lon="112.43371683"></trkpt>
  <trkpt lat="-7.70836185" lon="112.43382345"></trkpt>
  <trkpt lat="-7.70841516" lon="112.43403677"></trkpt>
  <trkpt lat="-7.70836185" lon="112.43414339"></trkpt>
  <trkpt lat="-7.70836185" lon="112.43425000"></trkpt>
  <trkpt lat="-7.70836185" lon="112.43435662"></trkpt>
  <trkpt lat="-7.70830854" lon="112.43446324"></trkpt>
  <trkpt lat="-7.70830854" lon="112.43451663"></trkpt>
  <trkpt lat="-7.70841516" lon="112.43456994"></trkpt>
  <trkpt lat="-7.70836185" lon="112.43451663"></trkpt>
  <trkpt lat="-7.70841516" lon="112.43451663"></trkpt>
  <trkpt lat="-7.70846847" lon="112.43451663"></trkpt>
  <trkpt lat="-7.70846847" lon="112.43446324"></trkpt>
  <trkpt lat="-7.70846847" lon="112.43440993"></trkpt>
  <trkpt lat="-7.70846847" lon="112.43425000"></trkpt>
  <trkpt lat="-7.70846847" lon="112.43419670"></trkpt>
  <trkpt lat="-7.70846847" lon="112.43409008"></trkpt>
  <trkpt lat="-7.70846847" lon="112.43403677"></trkpt>
  <trkpt lat="-7.70852177" lon="112.43398346"></trkpt>
  <trkpt lat="-7.70857508" lon="112.43398346"></trkpt>
  <trkpt lat="-7.70862839" lon="112.43393015"></trkpt>
  <trkpt lat="-7.70862839" lon="112.43387684"></trkpt>
  <trkpt lat="-7.70862839" lon="112.43377014"></trkpt>
  <trkpt lat="-7.70873501" lon="112.43371683"></trkpt>
  <trkpt lat="-7.70884163" lon="112.43366352"></trkpt>
  <trkpt lat="-7.70894825" lon="112.43371683"></trkpt>
  <trkpt lat="-7.70900164" lon="112.43366352"></trkpt>
  <trkpt lat="-7.70910826" lon="112.43366352"></trkpt>
  <trkpt lat="-7.70921487" lon="112.43366352"></trkpt>
  <trkpt lat="-7.70926818" lon="112.43366352"></trkpt>
  <trkpt lat="-7.70937480" lon="112.43366352"></trkpt>
  <trkpt lat="-7.70942811" lon="112.43361021"></trkpt>
  <trkpt lat="-7.70942811" lon="112.43355691"></trkpt>
  <trkpt lat="-7.70948142" lon="112.43350360"></trkpt>
  <trkpt lat="-7.70948142" lon="112.43345029"></trkpt>
  <trkpt lat="-7.70948142" lon="112.43350360"></trkpt>
  <trkpt lat="-7.70953473" lon="112.43350360"></trkpt>
  <trkpt lat="-7.70958804" lon="112.43355691"></trkpt>
  <trkpt lat="-7.70958804" lon="112.43350360"></trkpt>
  <trkpt lat="-7.70964134" lon="112.43350360"></trkpt>
  <trkpt lat="-7.70969465" lon="112.43350360"></trkpt>
  <trkpt lat="-7.70969465" lon="112.43345029"></trkpt>
  <trkpt lat="-7.70974796" lon="112.43339698"></trkpt>
  <trkpt lat="-7.70974796" lon="112.43334367"></trkpt>
  <trkpt lat="-7.70974796" lon="112.43329036"></trkpt>
  <trkpt lat="-7.70969465" lon="112.43323705"></trkpt>
  <trkpt lat="-7.70974796" lon="112.43318366"></trkpt>
  <trkpt lat="-7.70969465" lon="112.43313035"></trkpt>
  <trkpt lat="-7.70974796" lon="112.43307704"></trkpt>
  <trkpt lat="-7.70980127" lon="112.43307704"></trkpt>
  <trkpt lat="-7.70990789" lon="112.43307704"></trkpt>
  <trkpt lat="-7.70996120" lon="112.43307704"></trkpt>
  <trkpt lat="-7.71001451" lon="112.43302373"></trkpt>
  <trkpt lat="-7.71006782" lon="112.43302373"></trkpt>
  <trkpt lat="-7.71012121" lon="112.43307704"></trkpt>
  <trkpt lat="-7.71017452" lon="112.43313035"></trkpt>
  <trkpt lat="-7.71028114" lon="112.43313035"></trkpt>
  <trkpt lat="-7.71038775" lon="112.43313035"></trkpt>
  <trkpt lat="-7.71044106" lon="112.43313035"></trkpt>
  <trkpt lat="-7.71049437" lon="112.43318366"></trkpt>
  <trkpt lat="-7.71060099" lon="112.43313035"></trkpt>
  <trkpt lat="-7.71070761" lon="112.43307704"></trkpt>
  <trkpt lat="-7.71076092" lon="112.43307704"></trkpt>
  <trkpt lat="-7.71081422" lon="112.43307704"></trkpt>
  <trkpt lat="-7.71086753" lon="112.43307704"></trkpt>
  <trkpt lat="-7.71097415" lon="112.43302373"></trkpt>
  <trkpt lat="-7.71102746" lon="112.43302373"></trkpt>
  <trkpt lat="-7.71108077" lon="112.43302373"></trkpt>
  <trkpt lat="-7.71113408" lon="112.43302373"></trkpt>
  <trkpt lat="-7.71118739" lon="112.43302373"></trkpt>
  <trkpt lat="-7.71124078" lon="112.43302373"></trkpt>
  <trkpt lat="-7.71129409" lon="112.43302373"></trkpt>
  <trkpt lat="-7.71134740" lon="112.43297042"></trkpt>
  <trkpt lat="-7.71140071" lon="112.43302373"></trkpt>
  <trkpt lat="-7.71145402" lon="112.43302373"></trkpt>
  <trkpt lat="-7.71150732" lon="112.43291711"></trkpt>
  <trkpt lat="-7.71156063" lon="112.43286381"></trkpt>
  <trkpt lat="-7.71166725" lon="112.43286381"></trkpt>
  <trkpt lat="-7.71166725" lon="112.43291711"></trkpt>
  <trkpt lat="-7.71172056" lon="112.43291711"></trkpt>
  <trkpt lat="-7.71172056" lon="112.43286381"></trkpt>
  <trkpt lat="-7.71177387" lon="112.43281050"></trkpt>
  <trkpt lat="-7.71182718" lon="112.43281050"></trkpt>
  <trkpt lat="-7.71188049" lon="112.43275719"></trkpt>
  <trkpt lat="-7.71193380" lon="112.43270388"></trkpt>
  <trkpt lat="-7.71198710" lon="112.43265057"></trkpt>
  <trkpt lat="-7.71204041" lon="112.43259726"></trkpt>
  <trkpt lat="-7.71209372" lon="112.43259726"></trkpt>
  <trkpt lat="-7.71214703" lon="112.43265057"></trkpt>
  <trkpt lat="-7.71220034" lon="112.43265057"></trkpt>
  <trkpt lat="-7.71225365" lon="112.43270388"></trkpt>
  <trkpt lat="-7.71241366" lon="112.43270388"></trkpt>
  <trkpt lat="-7.71246697" lon="112.43275719"></trkpt>
  <trkpt lat="-7.71257359" lon="112.43281050"></trkpt>
  <trkpt lat="-7.71262689" lon="112.43281050"></trkpt>
  <trkpt lat="-7.71262689" lon="112.43275719"></trkpt>
  <trkpt lat="-7.71262689" lon="112.43270388"></trkpt>
  <trkpt lat="-7.71262689" lon="112.43265057"></trkpt>
  <trkpt lat="-7.71262689" lon="112.43259726"></trkpt>
  <trkpt lat="-7.71268020" lon="112.43259726"></trkpt>
  <trkpt lat="-7.71273351" lon="112.43265057"></trkpt>
  <trkpt lat="-7.71278682" lon="112.43265057"></trkpt>
  <trkpt lat="-7.71284013" lon="112.43265057"></trkpt>
  <trkpt lat="-7.71289344" lon="112.43265057"></trkpt>
  <trkpt lat="-7.71294675" lon="112.43265057"></trkpt>
  <trkpt lat="-7.71294675" lon="112.43259726"></trkpt>
  <trkpt lat="-7.71300006" lon="112.43259726"></trkpt>
  <trkpt lat="-7.71300006" lon="112.43265057"></trkpt>
  <trkpt lat="-7.71305337" lon="112.43270388"></trkpt>
  <trkpt lat="-7.71310668" lon="112.43270388"></trkpt>
  <trkpt lat="-7.71321329" lon="112.43270388"></trkpt>
  <trkpt lat="-7.71326660" lon="112.43265057"></trkpt>
  <trkpt lat="-7.71331991" lon="112.43259726"></trkpt>
  <trkpt lat="-7.71331991" lon="112.43265057"></trkpt>
  <trkpt lat="-7.71337322" lon="112.43265057"></trkpt>
  <trkpt lat="-7.71342653" lon="112.43265057"></trkpt>
  <trkpt lat="-7.71347992" lon="112.43265057"></trkpt>
  <trkpt lat="-7.71347992" lon="112.43259726"></trkpt>
  <trkpt lat="-7.71347992" lon="112.43254387"></trkpt>
  <trkpt lat="-7.71347992" lon="112.43259726"></trkpt>
  <trkpt lat="-7.71358654" lon="112.43254387"></trkpt>
  <trkpt lat="-7.71347992" lon="112.43259726"></trkpt>
  <trkpt lat="-7.71347992" lon="112.43265057"></trkpt>
  <trkpt lat="-7.71347992" lon="112.43259726"></trkpt>
  <trkpt lat="-7.71342653" lon="112.43259726"></trkpt>
  <trkpt lat="-7.71347992" lon="112.43259726"></trkpt>
  <trkpt lat="-7.71353323" lon="112.43265057"></trkpt>
  <trkpt lat="-7.71358654" lon="112.43265057"></trkpt>
  <trkpt lat="-7.71369316" lon="112.43270388"></trkpt>
  <trkpt lat="-7.71379977" lon="112.43275719"></trkpt>
  <trkpt lat="-7.71385308" lon="112.43286381"></trkpt>
  <trkpt lat="-7.71385308" lon="112.43291711"></trkpt>
  <trkpt lat="-7.71390639" lon="112.43297042"></trkpt>
  <trkpt lat="-7.71401301" lon="112.43297042"></trkpt>
  <trkpt lat="-7.71411963" lon="112.43297042"></trkpt>
  <trkpt lat="-7.71417294" lon="112.43297042"></trkpt>
  <trkpt lat="-7.71427955" lon="112.43297042"></trkpt>
  <trkpt lat="-7.71433286" lon="112.43302373"></trkpt>
  <trkpt lat="-7.71438617" lon="112.43313035"></trkpt>
  <trkpt lat="-7.71454610" lon="112.43323705"></trkpt>
  <trkpt lat="-7.71459941" lon="112.43334367"></trkpt>
  <trkpt lat="-7.71470611" lon="112.43339698"></trkpt>
  <trkpt lat="-7.71475942" lon="112.43345029"></trkpt>
  <trkpt lat="-7.71491935" lon="112.43350360"></trkpt>
  <trkpt lat="-7.71502596" lon="112.43355691"></trkpt>
  <trkpt lat="-7.71513258" lon="112.43361021"></trkpt>
  <trkpt lat="-7.71523920" lon="112.43366352"></trkpt>
  <trkpt lat="-7.71529251" lon="112.43371683"></trkpt>
  <trkpt lat="-7.71529251" lon="112.43393015"></trkpt>
  <trkpt lat="-7.71534582" lon="112.43398346"></trkpt>
  <trkpt lat="-7.71534582" lon="112.43409008"></trkpt>
  <trkpt lat="-7.71534582" lon="112.43414339"></trkpt>
  <trkpt lat="-7.71534582" lon="112.43425000"></trkpt>
  <trkpt lat="-7.71534582" lon="112.43440993"></trkpt>
  <trkpt lat="-7.71529251" lon="112.43451663"></trkpt>
  <trkpt lat="-7.71529251" lon="112.43456994"></trkpt>
  <trkpt lat="-7.71529251" lon="112.43467656"></trkpt>
  <trkpt lat="-7.71529251" lon="112.43478318"></trkpt>
  <trkpt lat="-7.71523920" lon="112.43483649"></trkpt>
  <trkpt lat="-7.71523920" lon="112.43488980"></trkpt>
  <trkpt lat="-7.71523920" lon="112.43494310"></trkpt>
  <trkpt lat="-7.71523920" lon="112.43499641"></trkpt>
  <trkpt lat="-7.71523920" lon="112.43504972"></trkpt>
  <trkpt lat="-7.71523920" lon="112.43515642"></trkpt>
  <trkpt lat="-7.71523920" lon="112.43520973"></trkpt>
  <trkpt lat="-7.71529251" lon="112.43531635"></trkpt>
  <trkpt lat="-7.71529251" lon="112.43536966"></trkpt>
  <trkpt lat="-7.71534582" lon="112.43542297"></trkpt>
  <trkpt lat="-7.71539913" lon="112.43547628"></trkpt>
  <trkpt lat="-7.71545243" lon="112.43552959"></trkpt>
  <trkpt lat="-7.71545243" lon="112.43558289"></trkpt>
  <trkpt lat="-7.71539913" lon="112.43563620"></trkpt>
  <trkpt lat="-7.71539913" lon="112.43590283"></trkpt>
  <trkpt lat="-7.71534582" lon="112.43611607"></trkpt>
  <trkpt lat="-7.71534582" lon="112.43637934"></trkpt>
  <trkpt lat="-7.71534582" lon="112.43653927"></trkpt>
  <trkpt lat="-7.71539913" lon="112.43675251"></trkpt>
  <trkpt lat="-7.71539913" lon="112.43691243"></trkpt>
  <trkpt lat="-7.71539913" lon="112.43696583"></trkpt>
  <trkpt lat="-7.71539913" lon="112.43707244"></trkpt>
  <trkpt lat="-7.71539913" lon="112.43712575"></trkpt>
  <trkpt lat="-7.71550574" lon="112.43712575"></trkpt>
  <trkpt lat="-7.71550574" lon="112.43733899"></trkpt>
  <trkpt lat="-7.71539913" lon="112.43712575"></trkpt>
  <trkpt lat="-7.71534582" lon="112.43707244"></trkpt>
  <trkpt lat="-7.71534582" lon="112.43717906"></trkpt>
  <trkpt lat="-7.71534582" lon="112.43733899"></trkpt>
  <trkpt lat="-7.71534582" lon="112.43739230"></trkpt>
  <trkpt lat="-7.71539913" lon="112.43749891"></trkpt>
  <trkpt lat="-7.71539913" lon="112.43755222"></trkpt>
  <trkpt lat="-7.71545243" lon="112.43755222"></trkpt>
  <trkpt lat="-7.71545243" lon="112.43760562"></trkpt>
  <trkpt lat="-7.71545243" lon="112.43765892"></trkpt>
  <trkpt lat="-7.71550574" lon="112.43765892"></trkpt>
  <trkpt lat="-7.71550574" lon="112.43771223"></trkpt>
  <trkpt lat="-7.71555905" lon="112.43771223"></trkpt>
  <trkpt lat="-7.71555905" lon="112.43776554"></trkpt>
  <trkpt lat="-7.71555905" lon="112.43781885"></trkpt>
  <trkpt lat="-7.71550574" lon="112.43787216"></trkpt>
  <trkpt lat="-7.71550574" lon="112.43797878"></trkpt>
  <trkpt lat="-7.71555905" lon="112.43797878"></trkpt>
  <trkpt lat="-7.71561236" lon="112.43803209"></trkpt>
  <trkpt lat="-7.71566567" lon="112.43803209"></trkpt>
  <trkpt lat="-7.71561236" lon="112.43803209"></trkpt>
  <trkpt lat="-7.71561236" lon="112.43797878"></trkpt>
  <trkpt lat="-7.71566567" lon="112.43797878"></trkpt>
  <trkpt lat="-7.71577237" lon="112.43797878"></trkpt>
  <trkpt lat="-7.71582568" lon="112.43797878"></trkpt>
  <trkpt lat="-7.71587899" lon="112.43792547"></trkpt>
  <trkpt lat="-7.71593230" lon="112.43792547"></trkpt>
  <trkpt lat="-7.71609223" lon="112.43797878"></trkpt>
  <trkpt lat="-7.71614553" lon="112.43797878"></trkpt>
  <trkpt lat="-7.71619884" lon="112.43797878"></trkpt>
  <trkpt lat="-7.71619884" lon="112.43803209"></trkpt>
  <trkpt lat="-7.71625215" lon="112.43803209"></trkpt>
  <trkpt lat="-7.71625215" lon="112.43819201"></trkpt>
  <trkpt lat="-7.71619884" lon="112.43835202"></trkpt>
  <trkpt lat="-7.71619884" lon="112.43840533"></trkpt>
  <trkpt lat="-7.71619884" lon="112.43851195"></trkpt>
  <trkpt lat="-7.71619884" lon="112.43856526"></trkpt>
  <trkpt lat="-7.71625215" lon="112.43856526"></trkpt>
  <trkpt lat="-7.71625215" lon="112.43861857"></trkpt>
  <trkpt lat="-7.71630546" lon="112.43872519"></trkpt>
  <trkpt lat="-7.71635877" lon="112.43877850"></trkpt>
  <trkpt lat="-7.71641208" lon="112.43877850"></trkpt>
  <trkpt lat="-7.71641208" lon="112.43883180"></trkpt>
  <trkpt lat="-7.71646539" lon="112.43888520"></trkpt>
  <trkpt lat="-7.71651870" lon="112.43888520"></trkpt>
  <trkpt lat="-7.71657201" lon="112.43899181"></trkpt>
  <trkpt lat="-7.71657201" lon="112.43904512"></trkpt>
  <trkpt lat="-7.71657201" lon="112.43909843"></trkpt>
  <trkpt lat="-7.71662531" lon="112.43909843"></trkpt>
  <trkpt lat="-7.71667862" lon="112.43909843"></trkpt>
  <trkpt lat="-7.71673193" lon="112.43909843"></trkpt>
  <trkpt lat="-7.71678524" lon="112.43904512"></trkpt>
  <trkpt lat="-7.71678524" lon="112.43909843"></trkpt>
  <trkpt lat="-7.71683855" lon="112.43904512"></trkpt>
  <trkpt lat="-7.71683855" lon="112.43909843"></trkpt>
  <trkpt lat="-7.71689186" lon="112.43909843"></trkpt>
  <trkpt lat="-7.71694525" lon="112.43915174"></trkpt>
  <trkpt lat="-7.71705187" lon="112.43915174"></trkpt>
  <trkpt lat="-7.71705187" lon="112.43920505"></trkpt>
  <trkpt lat="-7.71710518" lon="112.43920505"></trkpt>
  <trkpt lat="-7.71710518" lon="112.43925836"></trkpt>
  <trkpt lat="-7.71710518" lon="112.43931167"></trkpt>
  <trkpt lat="-7.71710518" lon="112.43936498"></trkpt>
  <trkpt lat="-7.71710518" lon="112.43941829"></trkpt>
  <trkpt lat="-7.71715849" lon="112.43947159"></trkpt>
  <trkpt lat="-7.71721180" lon="112.43947159"></trkpt>
  <trkpt lat="-7.71721180" lon="112.43952499"></trkpt>
  <trkpt lat="-7.71726510" lon="112.43952499"></trkpt>
  <trkpt lat="-7.71726510" lon="112.43957830"></trkpt>
  <trkpt lat="-7.71726510" lon="112.43952499"></trkpt>
  <trkpt lat="-7.71726510" lon="112.43957830"></trkpt>
  <trkpt lat="-7.71731841" lon="112.43963161"></trkpt>
  <trkpt lat="-7.71737172" lon="112.43968491"></trkpt>
  <trkpt lat="-7.71742503" lon="112.43984484"></trkpt>
  <trkpt lat="-7.71742503" lon="112.43989815"></trkpt>
  <trkpt lat="-7.71747834" lon="112.43989815"></trkpt>
  <trkpt lat="-7.71753165" lon="112.43995146"></trkpt>
  <trkpt lat="-7.71758496" lon="112.44000477"></trkpt>
  <trkpt lat="-7.71758496" lon="112.44005808"></trkpt>
  <trkpt lat="-7.71763827" lon="112.44005808"></trkpt>
  <trkpt lat="-7.71763827" lon="112.44011139"></trkpt>
  <trkpt lat="-7.71769158" lon="112.44011139"></trkpt>
  <trkpt lat="-7.71769158" lon="112.44016478"></trkpt>
  <trkpt lat="-7.71774489" lon="112.44011139"></trkpt>
  <trkpt lat="-7.71779819" lon="112.44011139"></trkpt>
  <trkpt lat="-7.71779819" lon="112.44016478"></trkpt>
  <trkpt lat="-7.71785150" lon="112.44016478"></trkpt>
  <trkpt lat="-7.71785150" lon="112.44021809"></trkpt>
  <trkpt lat="-7.71790481" lon="112.44021809"></trkpt>
  <trkpt lat="-7.71795812" lon="112.44021809"></trkpt>
  <trkpt lat="-7.71801143" lon="112.44021809"></trkpt>
  <trkpt lat="-7.71801143" lon="112.44027140"></trkpt>
  <trkpt lat="-7.71806474" lon="112.44027140"></trkpt>
  <trkpt lat="-7.71817144" lon="112.44027140"></trkpt>
  <trkpt lat="-7.71817144" lon="112.44032471"></trkpt>
  <trkpt lat="-7.71811813" lon="112.44032471"></trkpt>
  <trkpt lat="-7.71817144" lon="112.44032471"></trkpt>
  <trkpt lat="-7.71827806" lon="112.44032471"></trkpt>
  <trkpt lat="-7.71833137" lon="112.44032471"></trkpt>
  <trkpt lat="-7.71838468" lon="112.44032471"></trkpt>
  <trkpt lat="-7.71843798" lon="112.44032471"></trkpt>
  <trkpt lat="-7.71843798" lon="112.44037801"></trkpt>
  <trkpt lat="-7.71849129" lon="112.44037801"></trkpt>
  <trkpt lat="-7.71854460" lon="112.44037801"></trkpt>
  <trkpt lat="-7.71854460" lon="112.44032471"></trkpt>
  <trkpt lat="-7.71859791" lon="112.44032471"></trkpt>
  <trkpt lat="-7.71859791" lon="112.44037801"></trkpt>
  <trkpt lat="-7.71859791" lon="112.44043132"></trkpt>
  <trkpt lat="-7.71859791" lon="112.44037801"></trkpt>
  <trkpt lat="-7.71865122" lon="112.44037801"></trkpt>
  <trkpt lat="-7.71870453" lon="112.44037801"></trkpt>
  <trkpt lat="-7.71875784" lon="112.44032471"></trkpt>
  <trkpt lat="-7.71881115" lon="112.44032471"></trkpt>
  <trkpt lat="-7.71875784" lon="112.44037801"></trkpt>
  <trkpt lat="-7.71881115" lon="112.44043132"></trkpt>
  <trkpt lat="-7.71875784" lon="112.44043132"></trkpt>
  <trkpt lat="-7.71870453" lon="112.44037801"></trkpt>
  <trkpt lat="-7.71875784" lon="112.44037801"></trkpt>
  <trkpt lat="-7.71881115" lon="112.44043132"></trkpt>
  <trkpt lat="-7.71875784" lon="112.44037801"></trkpt>
  <trkpt lat="-7.71881115" lon="112.44037801"></trkpt>
  <trkpt lat="-7.71881115" lon="112.44043132"></trkpt>
  <trkpt lat="-7.71886446" lon="112.44043132"></trkpt>
  <trkpt lat="-7.71891776" lon="112.44037801"></trkpt>
  <trkpt lat="-7.71897107" lon="112.44037801"></trkpt>
  <trkpt lat="-7.71902438" lon="112.44037801"></trkpt>
  <trkpt lat="-7.71907769" lon="112.44037801"></trkpt>
  <trkpt lat="-7.71907769" lon="112.44043132"></trkpt>
  <trkpt lat="-7.71913100" lon="112.44043132"></trkpt>
  <trkpt lat="-7.71918431" lon="112.44043132"></trkpt>
  <trkpt lat="-7.71918431" lon="112.44048463"></trkpt>
  <trkpt lat="-7.71923762" lon="112.44048463"></trkpt>
  <trkpt lat="-7.71918431" lon="112.44053794"></trkpt>
  <trkpt lat="-7.71918431" lon="112.44059125"></trkpt>
  <trkpt lat="-7.71918431" lon="112.44064456"></trkpt>
  <trkpt lat="-7.71923762" lon="112.44064456"></trkpt>
  <trkpt lat="-7.71923762" lon="112.44069787"></trkpt>
  <trkpt lat="-7.71929101" lon="112.44069787"></trkpt>
  <trkpt lat="-7.71929101" lon="112.44075118"></trkpt>
  <trkpt lat="-7.71929101" lon="112.44080457"></trkpt>
  <trkpt lat="-7.71929101" lon="112.44085788"></trkpt>
  <trkpt lat="-7.71939763" lon="112.44085788"></trkpt>
  <trkpt lat="-7.71950425" lon="112.44085788"></trkpt>
  <trkpt lat="-7.71961086" lon="112.44085788"></trkpt>
  <trkpt lat="-7.71966417" lon="112.44080457"></trkpt>
  <trkpt lat="-7.71971748" lon="112.44080457"></trkpt>
  <trkpt lat="-7.71977079" lon="112.44075118"></trkpt>
  <trkpt lat="-7.71982410" lon="112.44075118"></trkpt>
  <trkpt lat="-7.71987741" lon="112.44069787"></trkpt>
  <trkpt lat="-7.71993072" lon="112.44064456"></trkpt>
  <trkpt lat="-7.71998403" lon="112.44064456"></trkpt>
  <trkpt lat="-7.72009064" lon="112.44064456"></trkpt>
  <trkpt lat="-7.72014395" lon="112.44059125"></trkpt>
  <trkpt lat="-7.72019726" lon="112.44053794"></trkpt>
  <trkpt lat="-7.72025057" lon="112.44048463"></trkpt>
  <trkpt lat="-7.72030388" lon="112.44043132"></trkpt>
  <trkpt lat="-7.72035719" lon="112.44043132"></trkpt>
  <trkpt lat="-7.72035719" lon="112.44037801"></trkpt>
  <trkpt lat="-7.72041058" lon="112.44037801"></trkpt>
  <trkpt lat="-7.72046389" lon="112.44037801"></trkpt>
  <trkpt lat="-7.72051720" lon="112.44037801"></trkpt>
  <trkpt lat="-7.72057051" lon="112.44037801"></trkpt>
  <trkpt lat="-7.72067713" lon="112.44037801"></trkpt>
  <trkpt lat="-7.72067713" lon="112.44043132"></trkpt>
  <trkpt lat="-7.72073044" lon="112.44043132"></trkpt>
  <trkpt lat="-7.72078374" lon="112.44043132"></trkpt>
  <trkpt lat="-7.72083705" lon="112.44048463"></trkpt>
  <trkpt lat="-7.72089036" lon="112.44048463"></trkpt>
  <trkpt lat="-7.72094367" lon="112.44059125"></trkpt>
  <trkpt lat="-7.72110360" lon="112.44059125"></trkpt>
  <trkpt lat="-7.72110360" lon="112.44064456"></trkpt>
  <trkpt lat="-7.72115691" lon="112.44069787"></trkpt>
  <trkpt lat="-7.72121022" lon="112.44069787"></trkpt>
  <trkpt lat="-7.72126352" lon="112.44075118"></trkpt>
  <trkpt lat="-7.72126352" lon="112.44080457"></trkpt>
  <trkpt lat="-7.72131683" lon="112.44080457"></trkpt>
  <trkpt lat="-7.72137014" lon="112.44080457"></trkpt>
  <trkpt lat="-7.72147676" lon="112.44085788"></trkpt>
  <trkpt lat="-7.72153015" lon="112.44085788"></trkpt>
  <trkpt lat="-7.72158346" lon="112.44085788"></trkpt>
  <trkpt lat="-7.72158346" lon="112.44091119"></trkpt>
  <trkpt lat="-7.72163677" lon="112.44091119"></trkpt>
  <trkpt lat="-7.72169008" lon="112.44091119"></trkpt>
  <trkpt lat="-7.72169008" lon="112.44085788"></trkpt>
  <trkpt lat="-7.72174339" lon="112.44085788"></trkpt>
  <trkpt lat="-7.72185001" lon="112.44085788"></trkpt>
  <trkpt lat="-7.72185001" lon="112.44091119"></trkpt>
  <trkpt lat="-7.72190331" lon="112.44096450"></trkpt>
  <trkpt lat="-7.72200993" lon="112.44107111"></trkpt>
  <trkpt lat="-7.72200993" lon="112.44112442"></trkpt>
  <trkpt lat="-7.72206324" lon="112.44117773"></trkpt>
  <trkpt lat="-7.72211655" lon="112.44128435"></trkpt>
  <trkpt lat="-7.72222317" lon="112.44139097"></trkpt>
  <trkpt lat="-7.72227648" lon="112.44149767"></trkpt>
  <trkpt lat="-7.72232979" lon="112.44155098"></trkpt>
  <trkpt lat="-7.72232979" lon="112.44160429"></trkpt>
  <trkpt lat="-7.72238309" lon="112.44165760"></trkpt>
  <trkpt lat="-7.72248971" lon="112.44171090"></trkpt>
  <trkpt lat="-7.72254302" lon="112.44171090"></trkpt>
  <trkpt lat="-7.72270303" lon="112.44171090"></trkpt>
  <trkpt lat="-7.72280965" lon="112.44171090"></trkpt>
  <trkpt lat="-7.72280965" lon="112.44176421"></trkpt>
  <trkpt lat="-7.72286296" lon="112.44187083"></trkpt>
  <trkpt lat="-7.72296958" lon="112.44192414"></trkpt>
  <trkpt lat="-7.72307619" lon="112.44192414"></trkpt>
  <trkpt lat="-7.72312950" lon="112.44192414"></trkpt>
  <trkpt lat="-7.72318281" lon="112.44197745"></trkpt>
  <trkpt lat="-7.72323612" lon="112.44203076"></trkpt>
  <trkpt lat="-7.72334274" lon="112.44208415"></trkpt>
  <trkpt lat="-7.72344936" lon="112.44213746"></trkpt>
  <trkpt lat="-7.72350267" lon="112.44213746"></trkpt>
  <trkpt lat="-7.72355597" lon="112.44213746"></trkpt>
  <trkpt lat="-7.72366259" lon="112.44213746"></trkpt>
  <trkpt lat="-7.72371590" lon="112.44219077"></trkpt>
  <trkpt lat="-7.72371590" lon="112.44224408"></trkpt>
  <trkpt lat="-7.72376929" lon="112.44229739"></trkpt>
  <trkpt lat="-7.72376929" lon="112.44235069"></trkpt>
  <trkpt lat="-7.72382260" lon="112.44245731"></trkpt>
  <trkpt lat="-7.72387591" lon="112.44256393"></trkpt>
  <trkpt lat="-7.72392922" lon="112.44256393"></trkpt>
  <trkpt lat="-7.72392922" lon="112.44261724"></trkpt>
  <trkpt lat="-7.72398253" lon="112.44267055"></trkpt>
  <trkpt lat="-7.72408915" lon="112.44277725"></trkpt>
  <trkpt lat="-7.72408915" lon="112.44283056"></trkpt>
  <trkpt lat="-7.72414246" lon="112.44283056"></trkpt>
  <trkpt lat="-7.72414246" lon="112.44288387"></trkpt>
  <trkpt lat="-7.72424907" lon="112.44293718"></trkpt>
  <trkpt lat="-7.72430238" lon="112.44304379"></trkpt>
  <trkpt lat="-7.72435569" lon="112.44309710"></trkpt>
  <trkpt lat="-7.72446231" lon="112.44320372"></trkpt>
  <trkpt lat="-7.72456893" lon="112.44336373"></trkpt>
  <trkpt lat="-7.72467555" lon="112.44347035"></trkpt>
  <trkpt lat="-7.72483547" lon="112.44357697"></trkpt>
  <trkpt lat="-7.72483547" lon="112.44363028"></trkpt>
  <trkpt lat="-7.72488886" lon="112.44363028"></trkpt>
  <trkpt lat="-7.72488886" lon="112.44357697"></trkpt>
  <trkpt lat="-7.72483547" lon="112.44357697"></trkpt>
  <trkpt lat="-7.72488886" lon="112.44357697"></trkpt>
  <trkpt lat="-7.72488886" lon="112.44363028"></trkpt>
  <trkpt lat="-7.72494217" lon="112.44352366"></trkpt>
  <trkpt lat="-7.72488886" lon="112.44357697"></trkpt>
  <trkpt lat="-7.72488886" lon="112.44363028"></trkpt>
  <trkpt lat="-7.72494217" lon="112.44363028"></trkpt>
  <trkpt lat="-7.72499548" lon="112.44352366"></trkpt>
  <trkpt lat="-7.72499548" lon="112.44357697"></trkpt>
  <trkpt lat="-7.72494217" lon="112.44363028"></trkpt>
  <trkpt lat="-7.72499548" lon="112.44357697"></trkpt>
  <trkpt lat="-7.72488886" lon="112.44368359"></trkpt>
  <trkpt lat="-7.72483547" lon="112.44373689"></trkpt>
  <trkpt lat="-7.72488886" lon="112.44373689"></trkpt>
  <trkpt lat="-7.72488886" lon="112.44368359"></trkpt>
  <trkpt lat="-7.72488886" lon="112.44363028"></trkpt>
  <trkpt lat="-7.72494217" lon="112.44363028"></trkpt>
  <trkpt lat="-7.72488886" lon="112.44357697"></trkpt>
  <trkpt lat="-7.72494217" lon="112.44357697"></trkpt>
  <trkpt lat="-7.72494217" lon="112.44363028"></trkpt>
  <trkpt lat="-7.72488886" lon="112.44357697"></trkpt>
  <trkpt lat="-7.72494217" lon="112.44357697"></trkpt>
  <trkpt lat="-7.72488886" lon="112.44357697"></trkpt>
  <trkpt lat="-7.72494217" lon="112.44357697"></trkpt>
  <trkpt lat="-7.72494217" lon="112.44363028"></trkpt>
  <trkpt lat="-7.72488886" lon="112.44363028"></trkpt>
  <trkpt lat="-7.72483547" lon="112.44357697"></trkpt>
  <trkpt lat="-7.72488886" lon="112.44352366"></trkpt>
  <trkpt lat="-7.72494217" lon="112.44357697"></trkpt>
  <trkpt lat="-7.72494217" lon="112.44368359"></trkpt>
  <trkpt lat="-7.72494217" lon="112.44363028"></trkpt>
  <trkpt lat="-7.72488886" lon="112.44357697"></trkpt>
  <trkpt lat="-7.72488886" lon="112.44363028"></trkpt>
  <trkpt lat="-7.72488886" lon="112.44357697"></trkpt>
  <trkpt lat="-7.72483547" lon="112.44352366"></trkpt>
  <trkpt lat="-7.72488886" lon="112.44352366"></trkpt>
  <trkpt lat="-7.72488886" lon="112.44357697"></trkpt>
  <trkpt lat="-7.72488886" lon="112.44352366"></trkpt>
  <trkpt lat="-7.72494217" lon="112.44357697"></trkpt>
  <trkpt lat="-7.72494217" lon="112.44352366"></trkpt>
  <trkpt lat="-7.72488886" lon="112.44357697"></trkpt>
  <trkpt lat="-7.72483547" lon="112.44357697"></trkpt>
  <trkpt lat="-7.72478216" lon="112.44357697"></trkpt>
  <trkpt lat="-7.72483547" lon="112.44357697"></trkpt>
  <trkpt lat="-7.72488886" lon="112.44357697"></trkpt>
  <trkpt lat="-7.72483547" lon="112.44357697"></trkpt>
  <trkpt lat="-7.72488886" lon="112.44357697"></trkpt>
  <trkpt lat="-7.72494217" lon="112.44363028"></trkpt>
  <trkpt lat="-7.72494217" lon="112.44368359"></trkpt>
  <trkpt lat="-7.72499548" lon="112.44368359"></trkpt>
  <trkpt lat="-7.72504879" lon="112.44379020"></trkpt>
  <trkpt lat="-7.72504879" lon="112.44384351"></trkpt>
  <trkpt lat="-7.72510210" lon="112.44389682"></trkpt>
  <trkpt lat="-7.72510210" lon="112.44395013"></trkpt>
  <trkpt lat="-7.72515541" lon="112.44405683"></trkpt>
  <trkpt lat="-7.72515541" lon="112.44411014"></trkpt>
  <trkpt lat="-7.72520872" lon="112.44416345"></trkpt>
  <trkpt lat="-7.72531534" lon="112.44421676"></trkpt>
  <trkpt lat="-7.72536865" lon="112.44421676"></trkpt>
  <trkpt lat="-7.72542195" lon="112.44432338"></trkpt>
  <trkpt lat="-7.72542195" lon="112.44437668"></trkpt>
  <trkpt lat="-7.72547526" lon="112.44437668"></trkpt>
  <trkpt lat="-7.72552857" lon="112.44442999"></trkpt>
  <trkpt lat="-7.72552857" lon="112.44448330"></trkpt>
  <trkpt lat="-7.72558188" lon="112.44448330"></trkpt>
  <trkpt lat="-7.72563519" lon="112.44453661"></trkpt>
  <trkpt lat="-7.72563519" lon="112.44458992"></trkpt>
  <trkpt lat="-7.72563519" lon="112.44464323"></trkpt>
  <trkpt lat="-7.72568850" lon="112.44469654"></trkpt>
  <trkpt lat="-7.72574181" lon="112.44474993"></trkpt>
  <trkpt lat="-7.72574181" lon="112.44490986"></trkpt>
  <trkpt lat="-7.72574181" lon="112.44496317"></trkpt>
  <trkpt lat="-7.72574181" lon="112.44501648"></trkpt>
  <trkpt lat="-7.72574181" lon="112.44506978"></trkpt>
  <trkpt lat="-7.72579512" lon="112.44506978"></trkpt>
  <trkpt lat="-7.72579512" lon="112.44512309"></trkpt>
  <trkpt lat="-7.72584843" lon="112.44512309"></trkpt>
  <trkpt lat="-7.72590173" lon="112.44517640"></trkpt>
  <trkpt lat="-7.72595504" lon="112.44517640"></trkpt>
  <trkpt lat="-7.72600844" lon="112.44517640"></trkpt>
  <trkpt lat="-7.72606174" lon="112.44522971"></trkpt>
  <trkpt lat="-7.72611505" lon="112.44522971"></trkpt>
  <trkpt lat="-7.72616836" lon="112.44533633"></trkpt>
  <trkpt lat="-7.72622167" lon="112.44544303"></trkpt>
  <trkpt lat="-7.72627498" lon="112.44544303"></trkpt>
  <trkpt lat="-7.72627498" lon="112.44549634"></trkpt>
  <trkpt lat="-7.72632829" lon="112.44554965"></trkpt>
  <trkpt lat="-7.72632829" lon="112.44560296"></trkpt>
  <trkpt lat="-7.72638160" lon="112.44560296"></trkpt>
  <trkpt lat="-7.72643491" lon="112.44560296"></trkpt>
  <trkpt lat="-7.72648822" lon="112.44560296"></trkpt>
  <trkpt lat="-7.72654152" lon="112.44560296"></trkpt>
  <trkpt lat="-7.72659483" lon="112.44560296"></trkpt>
  <trkpt lat="-7.72659483" lon="112.44554965"></trkpt>
  <trkpt lat="-7.72664814" lon="112.44554965"></trkpt>
  <trkpt lat="-7.72670145" lon="112.44554965"></trkpt>
  <trkpt lat="-7.72675476" lon="112.44560296"></trkpt>
  <trkpt lat="-7.72680807" lon="112.44565627"></trkpt>
  <trkpt lat="-7.72686138" lon="112.44570957"></trkpt>
  <trkpt lat="-7.72691469" lon="112.44576288"></trkpt>
  <trkpt lat="-7.72696800" lon="112.44581619"></trkpt>
  <trkpt lat="-7.72702130" lon="112.44581619"></trkpt>
  <trkpt lat="-7.72702130" lon="112.44586950"></trkpt>
  <trkpt lat="-7.72707461" lon="112.44586950"></trkpt>
  <trkpt lat="-7.72712801" lon="112.44586950"></trkpt>
  <trkpt lat="-7.72712801" lon="112.44592281"></trkpt>
  <trkpt lat="-7.72718132" lon="112.44592281"></trkpt>
  <trkpt lat="-7.72718132" lon="112.44597612"></trkpt>
  <trkpt lat="-7.72728793" lon="112.44608282"></trkpt>
  <trkpt lat="-7.72734124" lon="112.44613613"></trkpt>
  <trkpt lat="-7.72739455" lon="112.44613613"></trkpt>
  <trkpt lat="-7.72744786" lon="112.44618944"></trkpt>
  <trkpt lat="-7.72744786" lon="112.44624275"></trkpt>
  <trkpt lat="-7.72755448" lon="112.44640267"></trkpt>
  <trkpt lat="-7.72760779" lon="112.44645598"></trkpt>
  <trkpt lat="-7.72760779" lon="112.44650929"></trkpt>
  <trkpt lat="-7.72766110" lon="112.44661591"></trkpt>
  <trkpt lat="-7.72771440" lon="112.44666930"></trkpt>
  <trkpt lat="-7.72771440" lon="112.44672261"></trkpt>
  <trkpt lat="-7.72776771" lon="112.44677592"></trkpt>
  <trkpt lat="-7.72776771" lon="112.44682923"></trkpt>
  <trkpt lat="-7.72782102" lon="112.44682923"></trkpt>
  <trkpt lat="-7.72787433" lon="112.44688254"></trkpt>
  <trkpt lat="-7.72792764" lon="112.44698916"></trkpt>
  <trkpt lat="-7.72798095" lon="112.44704247"></trkpt>
  <trkpt lat="-7.72803426" lon="112.44709577"></trkpt>
  <trkpt lat="-7.72808757" lon="112.44714908"></trkpt>
  <trkpt lat="-7.72814088" lon="112.44720239"></trkpt>
  <trkpt lat="-7.72824758" lon="112.44736240"></trkpt>
  <trkpt lat="-7.72830089" lon="112.44736240"></trkpt>
  <trkpt lat="-7.72835420" lon="112.44741571"></trkpt>
  <trkpt lat="-7.72840750" lon="112.44741571"></trkpt>
  <trkpt lat="-7.72840750" lon="112.44746902"></trkpt>
  <trkpt lat="-7.72846081" lon="112.44746902"></trkpt>
  <trkpt lat="-7.72851412" lon="112.44752233"></trkpt>
  <trkpt lat="-7.72851412" lon="112.44757564"></trkpt>
  <trkpt lat="-7.72856743" lon="112.44762895"></trkpt>
  <trkpt lat="-7.72856743" lon="112.44768226"></trkpt>
  <trkpt lat="-7.72862074" lon="112.44768226"></trkpt>
  <trkpt lat="-7.72867405" lon="112.44768226"></trkpt>
  <trkpt lat="-7.72867405" lon="112.44762895"></trkpt>
  <trkpt lat="-7.72872736" lon="112.44757564"></trkpt>
  <trkpt lat="-7.72878067" lon="112.44752233"></trkpt>
  <trkpt lat="-7.72878067" lon="112.44746902"></trkpt>
  <trkpt lat="-7.72883398" lon="112.44741571"></trkpt>
  <trkpt lat="-7.72888728" lon="112.44741571"></trkpt>
  <trkpt lat="-7.72894059" lon="112.44741571"></trkpt>
  <trkpt lat="-7.72899390" lon="112.44736240"></trkpt>
  <trkpt lat="-7.72904721" lon="112.44730901"></trkpt>
  <trkpt lat="-7.72915383" lon="112.44730901"></trkpt>
  <trkpt lat="-7.72920714" lon="112.44725570"></trkpt>
  <trkpt lat="-7.72926045" lon="112.44714908"></trkpt>
  <trkpt lat="-7.72931384" lon="112.44714908"></trkpt>
  <trkpt lat="-7.72936715" lon="112.44714908"></trkpt>
  <trkpt lat="-7.72942046" lon="112.44714908"></trkpt>
  <trkpt lat="-7.72947377" lon="112.44709577"></trkpt>
  <trkpt lat="-7.72952707" lon="112.44704247"></trkpt>
  <trkpt lat="-7.72958038" lon="112.44704247"></trkpt>
  <trkpt lat="-7.72963369" lon="112.44704247"></trkpt>
  <trkpt lat="-7.72963369" lon="112.44698916"></trkpt>
  <trkpt lat="-7.72968700" lon="112.44698916"></trkpt>
  <trkpt lat="-7.72974031" lon="112.44698916"></trkpt>
  <trkpt lat="-7.72974031" lon="112.44704247"></trkpt>
  <trkpt lat="-7.72979362" lon="112.44704247"></trkpt>
  <trkpt lat="-7.72984693" lon="112.44704247"></trkpt>
  <trkpt lat="-7.72990024" lon="112.44704247"></trkpt>
  <trkpt lat="-7.72995355" lon="112.44714908"></trkpt>
  <trkpt lat="-7.73000685" lon="112.44720239"></trkpt>
  <trkpt lat="-7.73006016" lon="112.44725570"></trkpt>
  <trkpt lat="-7.73011347" lon="112.44725570"></trkpt>
  <trkpt lat="-7.73011347" lon="112.44741571"></trkpt>
  <trkpt lat="-7.73006016" lon="112.44736240"></trkpt>
  <trkpt lat="-7.73011347" lon="112.44736240"></trkpt>
  <trkpt lat="-7.73011347" lon="112.44741571"></trkpt>
  <trkpt lat="-7.73016678" lon="112.44741571"></trkpt>
  <trkpt lat="-7.73022009" lon="112.44741571"></trkpt>
  <trkpt lat="-7.73027340" lon="112.44746902"></trkpt>
  <trkpt lat="-7.73032671" lon="112.44752233"></trkpt>
  <trkpt lat="-7.73038002" lon="112.44757564"></trkpt>
  <trkpt lat="-7.73043341" lon="112.44757564"></trkpt>
  <trkpt lat="-7.73043341" lon="112.44762895"></trkpt>
  <trkpt lat="-7.73048672" lon="112.44762895"></trkpt>
  <trkpt lat="-7.73054003" lon="112.44762895"></trkpt>
  <trkpt lat="-7.73059334" lon="112.44762895"></trkpt>
  <trkpt lat="-7.73064665" lon="112.44762895"></trkpt>
  <trkpt lat="-7.73064665" lon="112.44768226"></trkpt>
  <trkpt lat="-7.73069995" lon="112.44768226"></trkpt>
  <trkpt lat="-7.73075326" lon="112.44762895"></trkpt>
  <trkpt lat="-7.73075326" lon="112.44768226"></trkpt>
  <trkpt lat="-7.73075326" lon="112.44773556"></trkpt>
  <trkpt lat="-7.73075326" lon="112.44778887"></trkpt>
  <trkpt lat="-7.73075326" lon="112.44784218"></trkpt>
  <trkpt lat="-7.73069995" lon="112.44789549"></trkpt>
  <trkpt lat="-7.73069995" lon="112.44794880"></trkpt>
  <trkpt lat="-7.73069995" lon="112.44800219"></trkpt>
  <trkpt lat="-7.73064665" lon="112.44805550"></trkpt>
  <trkpt lat="-7.73059334" lon="112.44816212"></trkpt>
  <trkpt lat="-7.73054003" lon="112.44821543"></trkpt>
  <trkpt lat="-7.73048672" lon="112.44832205"></trkpt>
  <trkpt lat="-7.73048672" lon="112.44837536"></trkpt>
  <trkpt lat="-7.73038002" lon="112.44853528"></trkpt>
  <trkpt lat="-7.73027340" lon="112.44869529"></trkpt>
  <trkpt lat="-7.73027340" lon="112.44880191"></trkpt>
  <trkpt lat="-7.73022009" lon="112.44885522"></trkpt>
  <trkpt lat="-7.73016678" lon="112.44896184"></trkpt>
  <trkpt lat="-7.73016678" lon="112.44901515"></trkpt>
  <trkpt lat="-7.73011347" lon="112.44906846"></trkpt>
  <trkpt lat="-7.73006016" lon="112.44917507"></trkpt>
  <trkpt lat="-7.73000685" lon="112.44922838"></trkpt>
  <trkpt lat="-7.73000685" lon="112.44928177"></trkpt>
  <trkpt lat="-7.72995355" lon="112.44933508"></trkpt>
  <trkpt lat="-7.72995355" lon="112.44938839"></trkpt>
  <trkpt lat="-7.72990024" lon="112.44944170"></trkpt>
  <trkpt lat="-7.72990024" lon="112.44949501"></trkpt>
  <trkpt lat="-7.72984693" lon="112.44954832"></trkpt>
  <trkpt lat="-7.72984693" lon="112.44965494"></trkpt>
  <trkpt lat="-7.72990024" lon="112.44970825"></trkpt>
  <trkpt lat="-7.72990024" lon="112.44976155"></trkpt>
  <trkpt lat="-7.72990024" lon="112.44981486"></trkpt>
  <trkpt lat="-7.72995355" lon="112.44986817"></trkpt>
  <trkpt lat="-7.72995355" lon="112.44992157"></trkpt>
  <trkpt lat="-7.72995355" lon="112.44997487"></trkpt>
  <trkpt lat="-7.72995355" lon="112.45002818"></trkpt>
  <trkpt lat="-7.72995355" lon="112.45008149"></trkpt>
 </trkseg>
</trk>
 <extensions>
 </extensions>
</gpx>
