<?xml version="1.0" encoding="UTF-8" standalone="yes"?>
<gpx
 version="1.1"
 creator="Global Mapper - http://www.globalmapper.com"
 xmlns:globalmapper="http://www.bluemarblegeo.com/globalmapper"
 xmlns:xsi="http://www.w3.org/2001/XMLSchema-instance"
 xmlns="http://www.topografix.com/GPX/1/1"
 xsi:schemaLocation="http://www.topografix.com/GPX/1/1 http://www.topografix.com/GPX/1/1/gpx.xsd">
 <metadata>
 </metadata>
<wpt lat="-7.11077213" lon="107.60209322">
 <name>Taman Bougenville</name>
</wpt>
<wpt lat="-7.11299602" lon="107.60901500">
 <ele>1570.908</ele>
 <name>Shelter</name>
</wpt>
<wpt lat="-7.11006797" lon="107.60212398">
 <ele>1265</ele>
 <name>Basecamp PGPI</name>
</wpt>
<wpt lat="-7.11602742" lon="107.61038208">
 <ele>1610.082</ele>
 <name>Bekas Bangunan
</name>
</wpt>
<wpt lat="-7.11504003" lon="107.61428604">
 <ele>1900</ele>
 <name>Bekas Bangunan</name>
</wpt>
<wpt lat="-7.12180163" lon="107.62150210">
 <ele>2227.964</ele>
 <name>Camp Area</name>
</wpt>
<wpt lat="-7.11090792" lon="107.60242799">
 <ele>1272</ele>
 <name>Gate to Gunung Puntang</name>
</wpt>
<wpt lat="-7.12146702" lon="107.62117001">
 <ele>2227</ele>
 <name>Peg. Malabar P Puntang</name>
</wpt>
<wpt lat="-7.11436721" lon="107.61378086">
 <ele>1859.061</ele>
 <name>Persimpangan P</name>
</wpt>
<wpt lat="-7.11543725" lon="107.61457530">
 <ele>1909.049</ele>
 <name>Puncak Batukereta</name>
</wpt>
<wpt lat="-7.11344420" lon="107.60627822">
 <ele>1343.077</ele>
 <name>Puntang Stream</name>
</wpt>
<wpt lat="-7.11027861" lon="107.60235071">
 <name>Puntang-Radio</name>
</wpt>
<wpt lat="-7.11161745" lon="107.60227242">
 <ele>1281</ele>
 <name>Puntang Car park</name>
</wpt>
<wpt lat="-7.11344420" lon="107.60627822">
 <ele>1343</ele>
 <name>Aliran Air
</name>
</wpt>
<wpt lat="-7.11299602" lon="107.60901500">
 <ele>1571</ele>
 <name>Shelter</name>
</wpt>
<trk>
 <name>Puntang_Ascent</name>
 <trkseg>
  <trkpt lat="-7.11159524" lon="107.60226966">
   <ele>1280.614</ele>
  </trkpt>
  <trkpt lat="-7.11161074" lon="107.60227360">
   <ele>1280.614</ele>
  </trkpt>
  <trkpt lat="-7.11161460" lon="107.60231735">
   <ele>1274.845</ele>
  </trkpt>
  <trkpt lat="-7.11161217" lon="107.60228667">
   <ele>1277.729</ele>
  </trkpt>
  <trkpt lat="-7.11165223" lon="107.60232121">
   <ele>1277.729</ele>
  </trkpt>
  <trkpt lat="-7.11164301" lon="107.60226178">
   <ele>1279.652</ele>
  </trkpt>
  <trkpt lat="-7.11165332" lon="107.60224200">
   <ele>1277.249</ele>
  </trkpt>
  <trkpt lat="-7.11167268" lon="107.60225348">
   <ele>1274.845</ele>
  </trkpt>
  <trkpt lat="-7.11172340" lon="107.60227452">
   <ele>1275.326</ele>
  </trkpt>
  <trkpt lat="-7.11173178" lon="107.60227435">
   <ele>1274.845</ele>
  </trkpt>
  <trkpt lat="-7.11179414" lon="107.60228341">
   <ele>1274.845</ele>
  </trkpt>
  <trkpt lat="-7.11184736" lon="107.60236898">
   <ele>1272.923</ele>
  </trkpt>
  <trkpt lat="-7.11189087" lon="107.60250268">
   <ele>1266.674</ele>
  </trkpt>
  <trkpt lat="-7.11200821" lon="107.60258649">
   <ele>1266.674</ele>
  </trkpt>
  <trkpt lat="-7.11209513" lon="107.60274164">
   <ele>1266.194</ele>
  </trkpt>
  <trkpt lat="-7.11212874" lon="107.60275329">
   <ele>1266.674</ele>
  </trkpt>
  <trkpt lat="-7.11224894" lon="107.60279529">
   <ele>1267.635</ele>
  </trkpt>
  <trkpt lat="-7.11227677" lon="107.60281230">
   <ele>1267.635</ele>
  </trkpt>
  <trkpt lat="-7.11236771" lon="107.60281364">
   <ele>1268.116</ele>
  </trkpt>
  <trkpt lat="-7.11247777" lon="107.60282144">
   <ele>1274.365</ele>
  </trkpt>
  <trkpt lat="-7.11255840" lon="107.60287391">
   <ele>1279.652</ele>
  </trkpt>
  <trkpt lat="-7.11257868" lon="107.60294055">
   <ele>1284.939</ele>
  </trkpt>
  <trkpt lat="-7.11265194" lon="107.60305244">
   <ele>1292.149</ele>
  </trkpt>
  <trkpt lat="-7.11264775" lon="107.60306460">
   <ele>1292.63</ele>
  </trkpt>
  <trkpt lat="-7.11265873" lon="107.60313107">
   <ele>1295.514</ele>
  </trkpt>
  <trkpt lat="-7.11264247" lon="107.60313333">
   <ele>1295.033</ele>
  </trkpt>
  <trkpt lat="-7.11265102" lon="107.60320575">
   <ele>1291.188</ele>
  </trkpt>
  <trkpt lat="-7.11262235" lon="107.60330181">
   <ele>1288.304</ele>
  </trkpt>
  <trkpt lat="-7.11258883" lon="107.60333936">
   <ele>1284.939</ele>
  </trkpt>
  <trkpt lat="-7.11255287" lon="107.60340549">
   <ele>1285.901</ele>
  </trkpt>
  <trkpt lat="-7.11253962" lon="107.60344296">
   <ele>1287.343</ele>
  </trkpt>
  <trkpt lat="-7.11250434" lon="107.60349300">
   <ele>1287.343</ele>
  </trkpt>
  <trkpt lat="-7.11245203" lon="107.60356190">
   <ele>1288.785</ele>
  </trkpt>
  <trkpt lat="-7.11242043" lon="107.60360858">
   <ele>1288.785</ele>
  </trkpt>
  <trkpt lat="-7.11241356" lon="107.60363826">
   <ele>1290.227</ele>
  </trkpt>
  <trkpt lat="-7.11244608" lon="107.60371462">
   <ele>1294.552</ele>
  </trkpt>
  <trkpt lat="-7.11246125" lon="107.60376885">
   <ele>1295.514</ele>
  </trkpt>
  <trkpt lat="-7.11247190" lon="107.60381771">
   <ele>1295.995</ele>
  </trkpt>
  <trkpt lat="-7.11248799" lon="107.60385191">
   <ele>1295.514</ele>
  </trkpt>
  <trkpt lat="-7.11251289" lon="107.60400639">
   <ele>1293.591</ele>
  </trkpt>
  <trkpt lat="-7.11253510" lon="107.60405014">
   <ele>1293.111</ele>
  </trkpt>
  <trkpt lat="-7.11252965" lon="107.60415106">
   <ele>1283.017</ele>
  </trkpt>
  <trkpt lat="-7.11271279" lon="107.60436974">
   <ele>1289.265</ele>
  </trkpt>
  <trkpt lat="-7.11278010" lon="107.60445490">
   <ele>1293.111</ele>
  </trkpt>
  <trkpt lat="-7.11281229" lon="107.60453152">
   <ele>1295.033</ele>
  </trkpt>
  <trkpt lat="-7.11289418" lon="107.60467527">
   <ele>1302.724</ele>
  </trkpt>
  <trkpt lat="-7.11296928" lon="107.60485472">
   <ele>1306.569</ele>
  </trkpt>
  <trkpt lat="-7.11307473" lon="107.60500995">
   <ele>1310.414</ele>
  </trkpt>
  <trkpt lat="-7.11322401" lon="107.60529452">
   <ele>1320.027</ele>
  </trkpt>
  <trkpt lat="-7.11326558" lon="107.60539862">
   <ele>1321.95</ele>
  </trkpt>
  <trkpt lat="-7.11330791" lon="107.60554497">
   <ele>1320.989</ele>
  </trkpt>
  <trkpt lat="-7.11343615" lon="107.60571470">
   <ele>1315.221</ele>
  </trkpt>
  <trkpt lat="-7.11347362" lon="107.60579727">
   <ele>1312.337</ele>
  </trkpt>
  <trkpt lat="-7.11360170" lon="107.60607094">
   <ele>1321.95</ele>
  </trkpt>
  <trkpt lat="-7.11351410" lon="107.60618468">
   <ele>1324.354</ele>
  </trkpt>
  <trkpt lat="-7.11343615" lon="107.60623815">
   <ele>1327.718</ele>
  </trkpt>
  <trkpt lat="-7.11338620" lon="107.60624344">
   <ele>1330.602</ele>
  </trkpt>
  <trkpt lat="-7.11317338" lon="107.60625131">
   <ele>1343.099</ele>
  </trkpt>
  <trkpt lat="-7.11312778" lon="107.60625509">
   <ele>1345.022</ele>
  </trkpt>
  <trkpt lat="-7.11308537" lon="107.60622860">
   <ele>1347.425</ele>
  </trkpt>
  <trkpt lat="-7.11300071" lon="107.60620387">
   <ele>1352.231</ele>
  </trkpt>
  <trkpt lat="-7.11297255" lon="107.60614989">
   <ele>1356.558</ele>
  </trkpt>
  <trkpt lat="-7.11292041" lon="107.60612290">
   <ele>1360.403</ele>
  </trkpt>
  <trkpt lat="-7.11284615" lon="107.60614143">
   <ele>1362.325</ele>
  </trkpt>
  <trkpt lat="-7.11279301" lon="107.60609583">
   <ele>1365.209</ele>
  </trkpt>
  <trkpt lat="-7.11270156" lon="107.60601461">
   <ele>1370.977</ele>
  </trkpt>
  <trkpt lat="-7.11268757" lon="107.60599910">
   <ele>1371.458</ele>
  </trkpt>
  <trkpt lat="-7.11264163" lon="107.60599198">
   <ele>1371.458</ele>
  </trkpt>
  <trkpt lat="-7.11261347" lon="107.60598980">
   <ele>1371.458</ele>
  </trkpt>
  <trkpt lat="-7.11256008" lon="107.60596893">
   <ele>1372.419</ele>
  </trkpt>
  <trkpt lat="-7.11252764" lon="107.60596499">
   <ele>1372.9</ele>
  </trkpt>
  <trkpt lat="-7.11235187" lon="107.60590799">
   <ele>1376.745</ele>
  </trkpt>
  <trkpt lat="-7.11230292" lon="107.60588176">
   <ele>1378.668</ele>
  </trkpt>
  <trkpt lat="-7.11225229" lon="107.60583356">
   <ele>1383.474</ele>
  </trkpt>
  <trkpt lat="-7.11223838" lon="107.60579743">
   <ele>1384.436</ele>
  </trkpt>
  <trkpt lat="-7.11212078" lon="107.60573088">
   <ele>1386.358</ele>
  </trkpt>
  <trkpt lat="-7.11211039" lon="107.60573365">
   <ele>1386.839</ele>
  </trkpt>
  <trkpt lat="-7.11205498" lon="107.60574999">
   <ele>1387.8</ele>
  </trkpt>
  <trkpt lat="-7.11197636" lon="107.60571487">
   <ele>1392.607</ele>
  </trkpt>
  <trkpt lat="-7.11190419" lon="107.60571227">
   <ele>1396.933</ele>
  </trkpt>
  <trkpt lat="-7.11185256" lon="107.60568445">
   <ele>1401.74</ele>
  </trkpt>
  <trkpt lat="-7.11178324" lon="107.60568361">
   <ele>1405.585</ele>
  </trkpt>
  <trkpt lat="-7.11172272" lon="107.60567145">
   <ele>1410.872</ele>
  </trkpt>
  <trkpt lat="-7.11168442" lon="107.60563424">
   <ele>1416.64</ele>
  </trkpt>
  <trkpt lat="-7.11164947" lon="107.60564405">
   <ele>1417.601</ele>
  </trkpt>
  <trkpt lat="-7.11163530" lon="107.60564606">
   <ele>1417.601</ele>
  </trkpt>
  <trkpt lat="-7.11162298" lon="107.60563441">
   <ele>1417.121</ele>
  </trkpt>
 </trkseg>
</trk>
<trk>
 <name>Track 105</name>
 <trkseg>
  <trkpt lat="-7.11551428" lon="107.61462450">
   <ele>1898.741</ele>
  </trkpt>
  <trkpt lat="-7.11553574" lon="107.61428118">
   <ele>1882.879</ele>
  </trkpt>
  <trkpt lat="-7.11560011" lon="107.61417389">
   <ele>1867.498</ele>
  </trkpt>
  <trkpt lat="-7.11560011" lon="107.61410952">
   <ele>1860.769</ele>
  </trkpt>
  <trkpt lat="-7.11587906" lon="107.61372328">
   <ele>1824.239</ele>
  </trkpt>
  <trkpt lat="-7.11587906" lon="107.61359453">
   <ele>1813.664</ele>
  </trkpt>
  <trkpt lat="-7.11605072" lon="107.61333704">
   <ele>1798.283</ele>
  </trkpt>
  <trkpt lat="-7.11605072" lon="107.61327267">
   <ele>1789.151</ele>
  </trkpt>
  <trkpt lat="-7.11609364" lon="107.61320829">
   <ele>1785.305</ele>
  </trkpt>
  <trkpt lat="-7.11609364" lon="107.61305809">
   <ele>1778.096</ele>
  </trkpt>
  <trkpt lat="-7.11613655" lon="107.61292934">
   <ele>1772.328</ele>
  </trkpt>
  <trkpt lat="-7.11613655" lon="107.61282206">
   <ele>1765.599</ele>
  </trkpt>
  <trkpt lat="-7.11611509" lon="107.61282206">
   <ele>1765.118</ele>
  </trkpt>
  <trkpt lat="-7.11615801" lon="107.61232853">
   <ele>1750.698</ele>
  </trkpt>
  <trkpt lat="-7.11620092" lon="107.61215687">
   <ele>1739.643</ele>
  </trkpt>
  <trkpt lat="-7.11624384" lon="107.61215687">
   <ele>1733.394</ele>
  </trkpt>
  <trkpt lat="-7.11628675" lon="107.61194229">
   <ele>1711.765</ele>
  </trkpt>
  <trkpt lat="-7.11626530" lon="107.61185646">
   <ele>1707.439</ele>
  </trkpt>
  <trkpt lat="-7.11630821" lon="107.61174917">
   <ele>1701.19</ele>
  </trkpt>
  <trkpt lat="-7.11630821" lon="107.61149168">
   <ele>1682.925</ele>
  </trkpt>
  <trkpt lat="-7.11626530" lon="107.61121273">
   <ele>1668.505</ele>
  </trkpt>
  <trkpt lat="-7.11602926" lon="107.61052608">
   <ele>1628.611</ele>
  </trkpt>
  <trkpt lat="-7.11602926" lon="107.61031151">
   <ele>1609.384</ele>
  </trkpt>
  <trkpt lat="-7.11600780" lon="107.61029005">
   <ele>1608.904</ele>
  </trkpt>
  <trkpt lat="-7.11602926" lon="107.61024714">
   <ele>1606.981</ele>
  </trkpt>
  <trkpt lat="-7.11600780" lon="107.61016130">
   <ele>1604.578</ele>
  </trkpt>
  <trkpt lat="-7.11592197" lon="107.61009693">
   <ele>1599.291</ele>
  </trkpt>
  <trkpt lat="-7.11583614" lon="107.60992527">
   <ele>1581.026</ele>
  </trkpt>
  <trkpt lat="-7.11570740" lon="107.60977507">
   <ele>1575.257</ele>
  </trkpt>
  <trkpt lat="-7.11560011" lon="107.60932446">
   <ele>1549.783</ele>
  </trkpt>
  <trkpt lat="-7.11551428" lon="107.60921717">
   <ele>1540.65</ele>
  </trkpt>
  <trkpt lat="-7.11549282" lon="107.60893822">
   <ele>1525.269</ele>
  </trkpt>
  <trkpt lat="-7.11544991" lon="107.60887384">
   <ele>1525.269</ele>
  </trkpt>
  <trkpt lat="-7.11542845" lon="107.60872364">
   <ele>1521.904</ele>
  </trkpt>
  <trkpt lat="-7.11536407" lon="107.60870218">
   <ele>1521.424</ele>
  </trkpt>
  <trkpt lat="-7.11514950" lon="107.60833740">
   <ele>1498.352</ele>
  </trkpt>
  <trkpt lat="-7.11506367" lon="107.60807991">
   <ele>1488.739</ele>
  </trkpt>
  <trkpt lat="-7.11497784" lon="107.60805845">
   <ele>1482.971</ele>
  </trkpt>
  <trkpt lat="-7.11495638" lon="107.60792971">
   <ele>1477.684</ele>
  </trkpt>
  <trkpt lat="-7.11487055" lon="107.60784388">
   <ele>1474.8</ele>
  </trkpt>
  <trkpt lat="-7.11482763" lon="107.60765076">
   <ele>1464.225</ele>
  </trkpt>
  <trkpt lat="-7.11476326" lon="107.60758638">
   <ele>1461.822</ele>
  </trkpt>
  <trkpt lat="-7.11474180" lon="107.60747910">
   <ele>1455.573</ele>
  </trkpt>
  <trkpt lat="-7.11465597" lon="107.60741472">
   <ele>1446.441</ele>
  </trkpt>
  <trkpt lat="-7.11461306" lon="107.60713577">
   <ele>1439.712</ele>
  </trkpt>
  <trkpt lat="-7.11448431" lon="107.60689974">
   <ele>1427.215</ele>
  </trkpt>
  <trkpt lat="-7.11441994" lon="107.60670662">
   <ele>1418.082</ele>
  </trkpt>
  <trkpt lat="-7.11437702" lon="107.60666370">
   <ele>1417.601</ele>
  </trkpt>
  <trkpt lat="-7.11424828" lon="107.60634184">
   <ele>1403.662</ele>
  </trkpt>
  <trkpt lat="-7.11424828" lon="107.60632038">
   <ele>1407.508</ele>
  </trkpt>
  <trkpt lat="-7.11422682" lon="107.60627747">
   <ele>1407.027</ele>
  </trkpt>
  <trkpt lat="-7.11422682" lon="107.60625601">
   <ele>1402.22</ele>
  </trkpt>
  <trkpt lat="-7.11416245" lon="107.60621309">
   <ele>1401.74</ele>
  </trkpt>
  <trkpt lat="-7.11414099" lon="107.60612726">
   <ele>1398.855</ele>
  </trkpt>
  <trkpt lat="-7.11403370" lon="107.60601997">
   <ele>1400.778</ele>
  </trkpt>
  <trkpt lat="-7.11399078" lon="107.60586977">
   <ele>1397.414</ele>
  </trkpt>
  <trkpt lat="-7.11396933" lon="107.60586977">
   <ele>1396.452</ele>
  </trkpt>
  <trkpt lat="-7.11388350" lon="107.60574102">
   <ele>1395.972</ele>
  </trkpt>
  <trkpt lat="-7.11388350" lon="107.60569811">
   <ele>1396.452</ele>
  </trkpt>
  <trkpt lat="-7.11379766" lon="107.60556936">
   <ele>1392.126</ele>
  </trkpt>
  <trkpt lat="-7.11379766" lon="107.60552645">
   <ele>1391.646</ele>
  </trkpt>
  <trkpt lat="-7.11371183" lon="107.60552645">
   <ele>1385.878</ele>
  </trkpt>
  <trkpt lat="-7.11356163" lon="107.60531187">
   <ele>1372.419</ele>
  </trkpt>
  <trkpt lat="-7.11351871" lon="107.60531187">
   <ele>1370.497</ele>
  </trkpt>
  <trkpt lat="-7.11338997" lon="107.60522604">
   <ele>1367.132</ele>
  </trkpt>
  <trkpt lat="-7.11328268" lon="107.60522604">
   <ele>1361.845</ele>
  </trkpt>
  <trkpt lat="-7.11311102" lon="107.60488272">
   <ele>1356.558</ele>
  </trkpt>
  <trkpt lat="-7.11300373" lon="107.60475397">
   <ele>1354.635</ele>
  </trkpt>
  <trkpt lat="-7.11298227" lon="107.60460377">
   <ele>1351.751</ele>
  </trkpt>
  <trkpt lat="-7.11287498" lon="107.60453939">
   <ele>1345.022</ele>
  </trkpt>
  <trkpt lat="-7.11263895" lon="107.60430336">
   <ele>1335.408</ele>
  </trkpt>
 </trkseg>
</trk>
<trk>
 <name>Track 200</name>
 <trkseg>
  <trkpt lat="-7.10978081" lon="107.60194327">
   <ele>1204.19</ele>
  </trkpt>
  <trkpt lat="-7.10998180" lon="107.60204804">
   <ele>1205.15</ele>
  </trkpt>
  <trkpt lat="-7.10999957" lon="107.60205039">
   <ele>1204.19</ele>
  </trkpt>
  <trkpt lat="-7.11001206" lon="107.60207931">
   <ele>1209.96</ele>
  </trkpt>
  <trkpt lat="-7.11001282" lon="107.60207972">
   <ele>1213.32</ele>
  </trkpt>
  <trkpt lat="-7.11001240" lon="107.60207880">
   <ele>1217.17</ele>
  </trkpt>
  <trkpt lat="-7.11001097" lon="107.60207972">
   <ele>1221.49</ele>
  </trkpt>
  <trkpt lat="-7.11001248" lon="107.60207830">
   <ele>1228.7</ele>
  </trkpt>
  <trkpt lat="-7.11000578" lon="107.60207612">
   <ele>1233.03</ele>
  </trkpt>
  <trkpt lat="-7.11000117" lon="107.60208283">
   <ele>1236.87</ele>
  </trkpt>
  <trkpt lat="-7.11000117" lon="107.60208392">
   <ele>1239.76</ele>
  </trkpt>
  <trkpt lat="-7.11000611" lon="107.60207620">
   <ele>1247.45</ele>
  </trkpt>
  <trkpt lat="-7.11000955" lon="107.60207118">
   <ele>1251.29</ele>
  </trkpt>
  <trkpt lat="-7.11001692" lon="107.60207755">
   <ele>1254.66</ele>
  </trkpt>
  <trkpt lat="-7.11003084" lon="107.60207805">
   <ele>1257.54</ele>
  </trkpt>
  <trkpt lat="-7.11004190" lon="107.60208157">
   <ele>1260.43</ele>
  </trkpt>
  <trkpt lat="-7.11004458" lon="107.60209272">
   <ele>1261.87</ele>
  </trkpt>
  <trkpt lat="-7.11000318" lon="107.60207369">
   <ele>1202.27</ele>
  </trkpt>
  <trkpt lat="-7.11006403" lon="107.60206061">
   <ele>1202.27</ele>
  </trkpt>
  <trkpt lat="-7.11000485" lon="107.60202860">
   <ele>1204.19</ele>
  </trkpt>
  <trkpt lat="-7.10999748" lon="107.60203513">
   <ele>1208.51</ele>
  </trkpt>
  <trkpt lat="-7.10998239" lon="107.60204352">
   <ele>1212.36</ele>
  </trkpt>
  <trkpt lat="-7.10997552" lon="107.60204393">
   <ele>1215.72</ele>
  </trkpt>
  <trkpt lat="-7.10996261" lon="107.60204016">
   <ele>1219.09</ele>
  </trkpt>
  <trkpt lat="-7.10993880" lon="107.60203530">
   <ele>1223.9</ele>
  </trkpt>
  <trkpt lat="-7.10992414" lon="107.60203765">
   <ele>1227.26</ele>
  </trkpt>
  <trkpt lat="-7.10990502" lon="107.60203589">
   <ele>1231.11</ele>
  </trkpt>
  <trkpt lat="-7.10986538" lon="107.60202491">
   <ele>1234.47</ele>
  </trkpt>
  <trkpt lat="-7.10983437" lon="107.60200764">
   <ele>1236.87</ele>
  </trkpt>
  <trkpt lat="-7.10980168" lon="107.60198803">
   <ele>1238.8</ele>
  </trkpt>
  <trkpt lat="-7.10975792" lon="107.60196925">
   <ele>1241.2</ele>
  </trkpt>
  <trkpt lat="-7.10973672" lon="107.60195676">
   <ele>1243.6</ele>
  </trkpt>
  <trkpt lat="-7.10971023" lon="107.60197227">
   <ele>1246.97</ele>
  </trkpt>
  <trkpt lat="-7.10970419" lon="107.60199867">
   <ele>1247.93</ele>
  </trkpt>
  <trkpt lat="-7.10970143" lon="107.60204209">
   <ele>1251.29</ele>
  </trkpt>
  <trkpt lat="-7.10970864" lon="107.60209305">
   <ele>1252.74</ele>
  </trkpt>
  <trkpt lat="-7.10974032" lon="107.60212138">
   <ele>1254.66</ele>
  </trkpt>
  <trkpt lat="-7.10975918" lon="107.60213421">
   <ele>1255.62</ele>
  </trkpt>
  <trkpt lat="-7.10980017" lon="107.60219296">
   <ele>1258.02</ele>
  </trkpt>
  <trkpt lat="-7.10982867" lon="107.60223052">
   <ele>1259.94</ele>
  </trkpt>
  <trkpt lat="-7.10988700" lon="107.60227519">
   <ele>1262.35</ele>
  </trkpt>
  <trkpt lat="-7.10992162" lon="107.60227016">
   <ele>1264.75</ele>
  </trkpt>
  <trkpt lat="-7.10999697" lon="107.60231366">
   <ele>1265.71</ele>
  </trkpt>
  <trkpt lat="-7.11004894" lon="107.60234979">
   <ele>1266.67</ele>
  </trkpt>
  <trkpt lat="-7.11007954" lon="107.60238768">
   <ele>1270.04</ele>
  </trkpt>
  <trkpt lat="-7.11008649" lon="107.60240234">
   <ele>1270.52</ele>
  </trkpt>
  <trkpt lat="-7.11013461" lon="107.60243814">
   <ele>1272.44</ele>
  </trkpt>
  <trkpt lat="-7.11014475" lon="107.60250100">
   <ele>1274.36</ele>
  </trkpt>
  <trkpt lat="-7.11014089" lon="107.60250041">
   <ele>1273.4</ele>
  </trkpt>
  <trkpt lat="-7.11014416" lon="107.60249597">
   <ele>1274.36</ele>
  </trkpt>
  <trkpt lat="-7.11015950" lon="107.60252422">
   <ele>1276.29</ele>
  </trkpt>
  <trkpt lat="-7.11020275" lon="107.60260049">
   <ele>1279.17</ele>
  </trkpt>
  <trkpt lat="-7.11024499" lon="107.60265799">
   <ele>1281.57</ele>
  </trkpt>
  <trkpt lat="-7.11027048" lon="107.60270334">
   <ele>1283.98</ele>
  </trkpt>
  <trkpt lat="-7.11029579" lon="107.60276059">
   <ele>1286.86</ele>
  </trkpt>
  <trkpt lat="-7.11029763" lon="107.60280484">
   <ele>1289.27</ele>
  </trkpt>
  <trkpt lat="-7.11032672" lon="107.60284751">
   <ele>1291.19</ele>
  </trkpt>
  <trkpt lat="-7.11036611" lon="107.60287441">
   <ele>1292.63</ele>
  </trkpt>
  <trkpt lat="-7.11037709" lon="107.60290878">
   <ele>1295.99</ele>
  </trkpt>
  <trkpt lat="-7.11040333" lon="107.60295689">
   <ele>1299.36</ele>
  </trkpt>
  <trkpt lat="-7.11039721" lon="107.60295966">
   <ele>1299.84</ele>
  </trkpt>
  <trkpt lat="-7.11039143" lon="107.60298665">
   <ele>1302.72</ele>
  </trkpt>
  <trkpt lat="-7.11039587" lon="107.60298816">
   <ele>1302.72</ele>
  </trkpt>
  <trkpt lat="-7.11041280" lon="107.60305789">
   <ele>1305.13</ele>
  </trkpt>
  <trkpt lat="-7.11042495" lon="107.60303241">
   <ele>1305.61</ele>
  </trkpt>
  <trkpt lat="-7.11042101" lon="107.60309620">
   <ele>1307.53</ele>
  </trkpt>
  <trkpt lat="-7.11040970" lon="107.60311967">
   <ele>1309.45</ele>
  </trkpt>
  <trkpt lat="-7.11044080" lon="107.60314699">
   <ele>1311.38</ele>
  </trkpt>
  <trkpt lat="-7.11045555" lon="107.60318052">
   <ele>1311.38</ele>
  </trkpt>
  <trkpt lat="-7.11045454" lon="107.60318228">
   <ele>1306.57</ele>
  </trkpt>
  <trkpt lat="-7.11045706" lon="107.60318505">
   <ele>1308.49</ele>
  </trkpt>
  <trkpt lat="-7.11046175" lon="107.60318857">
   <ele>1312.82</ele>
  </trkpt>
  <trkpt lat="-7.11046804" lon="107.60319351">
   <ele>1312.82</ele>
  </trkpt>
  <trkpt lat="-7.11048899" lon="107.60325411">
   <ele>1315.7</ele>
  </trkpt>
  <trkpt lat="-7.11050475" lon="107.60330583">
   <ele>1318.1</ele>
  </trkpt>
  <trkpt lat="-7.11051632" lon="107.60335285">
   <ele>1319.55</ele>
  </trkpt>
  <trkpt lat="-7.11054926" lon="107.60338764">
   <ele>1321.95</ele>
  </trkpt>
  <trkpt lat="-7.11057264" lon="107.60342980">
   <ele>1325.31</ele>
  </trkpt>
  <trkpt lat="-7.11059603" lon="107.60348177">
   <ele>1326.28</ele>
  </trkpt>
  <trkpt lat="-7.11063266" lon="107.60350448">
   <ele>1327.72</ele>
  </trkpt>
  <trkpt lat="-7.11064188" lon="107.60351286">
   <ele>1323.87</ele>
  </trkpt>
  <trkpt lat="-7.11064280" lon="107.60351672">
   <ele>1328.68</ele>
  </trkpt>
  <trkpt lat="-7.11068035" lon="107.60356860">
   <ele>1330.12</ele>
  </trkpt>
  <trkpt lat="-7.11067046" lon="107.60361127">
   <ele>1332.04</ele>
  </trkpt>
  <trkpt lat="-7.11065277" lon="107.60364915">
   <ele>1332.52</ele>
  </trkpt>
  <trkpt lat="-7.11066250" lon="107.60368008">
   <ele>1334.93</ele>
  </trkpt>
  <trkpt lat="-7.11068890" lon="107.60369022">
   <ele>1335.41</ele>
  </trkpt>
  <trkpt lat="-7.11072000" lon="107.60372459">
   <ele>1338.29</ele>
  </trkpt>
  <trkpt lat="-7.11076710" lon="107.60378997">
   <ele>1341.18</ele>
  </trkpt>
  <trkpt lat="-7.11082779" lon="107.60385702">
   <ele>1342.62</ele>
  </trkpt>
  <trkpt lat="-7.11089266" lon="107.60390447">
   <ele>1345.02</ele>
  </trkpt>
  <trkpt lat="-7.11093617" lon="107.60391209">
   <ele>1347.91</ele>
  </trkpt>
  <trkpt lat="-7.11098713" lon="107.60393112">
   <ele>1348.87</ele>
  </trkpt>
  <trkpt lat="-7.11102627" lon="107.60396473">
   <ele>1350.31</ele>
  </trkpt>
  <trkpt lat="-7.11106852" lon="107.60400304">
   <ele>1351.27</ele>
  </trkpt>
  <trkpt lat="-7.11111671" lon="107.60401368">
   <ele>1353.67</ele>
  </trkpt>
  <trkpt lat="-7.11114530" lon="107.60402835">
   <ele>1354.15</ele>
  </trkpt>
  <trkpt lat="-7.11118176" lon="107.60406431">
   <ele>1355.6</ele>
  </trkpt>
  <trkpt lat="-7.11121771" lon="107.60411217">
   <ele>1357.52</ele>
  </trkpt>
  <trkpt lat="-7.11123590" lon="107.60413731">
   <ele>1353.67</ele>
  </trkpt>
  <trkpt lat="-7.11124873" lon="107.60414922">
   <ele>1349.83</ele>
  </trkpt>
  <trkpt lat="-7.11125686" lon="107.60415332">
   <ele>1356.08</ele>
  </trkpt>
  <trkpt lat="-7.11125962" lon="107.60415542">
   <ele>1354.63</ele>
  </trkpt>
  <trkpt lat="-7.11127211" lon="107.60416682">
   <ele>1358.96</ele>
  </trkpt>
  <trkpt lat="-7.11127614" lon="107.60416908">
   <ele>1358</ele>
  </trkpt>
  <trkpt lat="-7.11128536" lon="107.60421569">
   <ele>1357.52</ele>
  </trkpt>
  <trkpt lat="-7.11128569" lon="107.60423211">
   <ele>1347.43</ele>
  </trkpt>
  <trkpt lat="-7.11128695" lon="107.60423069">
   <ele>1353.67</ele>
  </trkpt>
  <trkpt lat="-7.11128561" lon="107.60423278">
   <ele>1358</ele>
  </trkpt>
  <trkpt lat="-7.11128628" lon="107.60423815">
   <ele>1359.44</ele>
  </trkpt>
  <trkpt lat="-7.11129542" lon="107.60426153">
   <ele>1360.4</ele>
  </trkpt>
  <trkpt lat="-7.11131394" lon="107.60430043">
   <ele>1363.29</ele>
  </trkpt>
  <trkpt lat="-7.11131796" lon="107.60438601">
   <ele>1364.73</ele>
  </trkpt>
  <trkpt lat="-7.11128033" lon="107.60448164">
   <ele>1365.69</ele>
  </trkpt>
  <trkpt lat="-7.11129374" lon="107.60456881">
   <ele>1366.17</ele>
  </trkpt>
  <trkpt lat="-7.11130866" lon="107.60463830">
   <ele>1367.13</ele>
  </trkpt>
  <trkpt lat="-7.11130212" lon="107.60468080">
   <ele>1370.02</ele>
  </trkpt>
  <trkpt lat="-7.11132232" lon="107.60473528">
   <ele>1369.05</ele>
  </trkpt>
  <trkpt lat="-7.11132014" lon="107.60475146">
   <ele>1370.5</ele>
  </trkpt>
  <trkpt lat="-7.11134437" lon="107.60483217">
   <ele>1372.42</ele>
  </trkpt>
  <trkpt lat="-7.11136255" lon="107.60488699">
   <ele>1375.78</ele>
  </trkpt>
  <trkpt lat="-7.11139164" lon="107.60491331">
   <ele>1376.26</ele>
  </trkpt>
  <trkpt lat="-7.11142433" lon="107.60496687">
   <ele>1378.67</ele>
  </trkpt>
  <trkpt lat="-7.11143623" lon="107.60502839">
   <ele>1380.11</ele>
  </trkpt>
  <trkpt lat="-7.11146859" lon="107.60509210">
   <ele>1382.51</ele>
  </trkpt>
  <trkpt lat="-7.11149298" lon="107.60516066">
   <ele>1384.44</ele>
  </trkpt>
  <trkpt lat="-7.11152156" lon="107.60519545">
   <ele>1386.36</ele>
  </trkpt>
  <trkpt lat="-7.11150949" lon="107.60524641">
   <ele>1386.84</ele>
  </trkpt>
  <trkpt lat="-7.11148258" lon="107.60528203">
   <ele>1387.8</ele>
  </trkpt>
  <trkpt lat="-7.11149532" lon="107.60533442">
   <ele>1388.76</ele>
  </trkpt>
  <trkpt lat="-7.11149700" lon="107.60535252">
   <ele>1390.2</ele>
  </trkpt>
  <trkpt lat="-7.11150505" lon="107.60541044">
   <ele>1391.65</ele>
  </trkpt>
  <trkpt lat="-7.11150446" lon="107.60543592">
   <ele>1394.05</ele>
  </trkpt>
  <trkpt lat="-7.11152567" lon="107.60547666">
   <ele>1395.97</ele>
  </trkpt>
  <trkpt lat="-7.11154268" lon="107.60553726">
   <ele>1397.89</ele>
  </trkpt>
  <trkpt lat="-7.11156548" lon="107.60558537">
   <ele>1399.34</ele>
  </trkpt>
  <trkpt lat="-7.11157763" lon="107.60561957">
   <ele>1399.82</ele>
  </trkpt>
  <trkpt lat="-7.11158627" lon="107.60563709">
   <ele>1402.22</ele>
  </trkpt>
  <trkpt lat="-7.11159138" lon="107.60565880">
   <ele>1404.14</ele>
  </trkpt>
  <trkpt lat="-7.11159272" lon="107.60569233">
   <ele>1407.03</ele>
  </trkpt>
  <trkpt lat="-7.11158384" lon="107.60571311">
   <ele>1407.51</ele>
  </trkpt>
  <trkpt lat="-7.11159892" lon="107.60576793">
   <ele>1409.43</ele>
  </trkpt>
  <trkpt lat="-7.11160177" lon="107.60582694">
   <ele>1410.87</ele>
  </trkpt>
  <trkpt lat="-7.11163564" lon="107.60586508">
   <ele>1412.31</ele>
  </trkpt>
  <trkpt lat="-7.11166824" lon="107.60590095">
   <ele>1413.76</ele>
  </trkpt>
  <trkpt lat="-7.11168635" lon="107.60595602">
   <ele>1415.68</ele>
  </trkpt>
  <trkpt lat="-7.11171443" lon="107.60597664">
   <ele>1417.6</ele>
  </trkpt>
  <trkpt lat="-7.11176958" lon="107.60602416">
   <ele>1420</ele>
  </trkpt>
  <trkpt lat="-7.11181115" lon="107.60605057">
   <ele>1422.41</ele>
  </trkpt>
  <trkpt lat="-7.11182188" lon="107.60609508">
   <ele>1423.85</ele>
  </trkpt>
  <trkpt lat="-7.11183504" lon="107.60614067">
   <ele>1426.25</ele>
  </trkpt>
  <trkpt lat="-7.11182155" lon="107.60620203">
   <ele>1428.66</ele>
  </trkpt>
  <trkpt lat="-7.11181350" lon="107.60622743">
   <ele>1431.06</ele>
  </trkpt>
  <trkpt lat="-7.11181786" lon="107.60622919">
   <ele>1431.54</ele>
  </trkpt>
  <trkpt lat="-7.11185466" lon="107.60626297">
   <ele>1432.02</ele>
  </trkpt>
  <trkpt lat="-7.11184862" lon="107.60630990">
   <ele>1433.94</ele>
  </trkpt>
  <trkpt lat="-7.11184653" lon="107.60636020">
   <ele>1435.39</ele>
  </trkpt>
  <trkpt lat="-7.11181811" lon="107.60636581">
   <ele>1435.39</ele>
  </trkpt>
  <trkpt lat="-7.11182741" lon="107.60636053">
   <ele>1437.79</ele>
  </trkpt>
  <trkpt lat="-7.11184083" lon="107.60639657">
   <ele>1439.23</ele>
  </trkpt>
  <trkpt lat="-7.11186639" lon="107.60644913">
   <ele>1441.15</ele>
  </trkpt>
  <trkpt lat="-7.11187930" lon="107.60649255">
   <ele>1443.08</ele>
  </trkpt>
  <trkpt lat="-7.11188408" lon="107.60651140">
   <ele>1444.04</ele>
  </trkpt>
  <trkpt lat="-7.11189581" lon="107.60653311">
   <ele>1445.96</ele>
  </trkpt>
  <trkpt lat="-7.11188843" lon="107.60660310">
   <ele>1448.84</ele>
  </trkpt>
  <trkpt lat="-7.11187645" lon="107.60667820">
   <ele>1450.29</ele>
  </trkpt>
  <trkpt lat="-7.11186505" lon="107.60673470">
   <ele>1452.21</ele>
  </trkpt>
  <trkpt lat="-7.11187243" lon="107.60677443">
   <ele>1453.65</ele>
  </trkpt>
  <trkpt lat="-7.11185943" lon="107.60682103">
   <ele>1455.09</ele>
  </trkpt>
  <trkpt lat="-7.11183596" lon="107.60685657">
   <ele>1456.53</ele>
  </trkpt>
  <trkpt lat="-7.11183387" lon="107.60686680">
   <ele>1457.98</ele>
  </trkpt>
  <trkpt lat="-7.11182381" lon="107.60689387">
   <ele>1459.9</ele>
  </trkpt>
  <trkpt lat="-7.11183286" lon="107.60693628">
   <ele>1461.34</ele>
  </trkpt>
  <trkpt lat="-7.11183295" lon="107.60695774">
   <ele>1462.78</ele>
  </trkpt>
  <trkpt lat="-7.11184066" lon="107.60698289">
   <ele>1463.26</ele>
  </trkpt>
  <trkpt lat="-7.11185063" lon="107.60700812">
   <ele>1463.26</ele>
  </trkpt>
  <trkpt lat="-7.11183270" lon="107.60704642">
   <ele>1466.63</ele>
  </trkpt>
  <trkpt lat="-7.11181945" lon="107.60708582">
   <ele>1468.07</ele>
  </trkpt>
  <trkpt lat="-7.11176304" lon="107.60710048">
   <ele>1464.23</ele>
  </trkpt>
  <trkpt lat="-7.11175893" lon="107.60710090">
   <ele>1468.07</ele>
  </trkpt>
  <trkpt lat="-7.11175416" lon="107.60710627">
   <ele>1464.71</ele>
  </trkpt>
  <trkpt lat="-7.11175013" lon="107.60711105">
   <ele>1465.67</ele>
  </trkpt>
  <trkpt lat="-7.11175013" lon="107.60711708">
   <ele>1468.07</ele>
  </trkpt>
  <trkpt lat="-7.11173178" lon="107.60717735">
   <ele>1469.51</ele>
  </trkpt>
  <trkpt lat="-7.11173178" lon="107.60717852">
   <ele>1466.63</ele>
  </trkpt>
  <trkpt lat="-7.11173287" lon="107.60717626">
   <ele>1467.11</ele>
  </trkpt>
  <trkpt lat="-7.11173706" lon="107.60717257">
   <ele>1469.99</ele>
  </trkpt>
  <trkpt lat="-7.11171837" lon="107.60712345">
   <ele>1470.47</ele>
  </trkpt>
  <trkpt lat="-7.11170613" lon="107.60711214">
   <ele>1468.07</ele>
  </trkpt>
  <trkpt lat="-7.11172105" lon="107.60714239">
   <ele>1470.47</ele>
  </trkpt>
  <trkpt lat="-7.11174368" lon="107.60716804">
   <ele>1470.95</ele>
  </trkpt>
  <trkpt lat="-7.11179850" lon="107.60722051">
   <ele>1473.84</ele>
  </trkpt>
  <trkpt lat="-7.11185482" lon="107.60725295">
   <ele>1475.76</ele>
  </trkpt>
  <trkpt lat="-7.11188139" lon="107.60728447">
   <ele>1477.68</ele>
  </trkpt>
  <trkpt lat="-7.11191693" lon="107.60734800">
   <ele>1479.13</ele>
  </trkpt>
  <trkpt lat="-7.11194099" lon="107.60738974">
   <ele>1480.57</ele>
  </trkpt>
  <trkpt lat="-7.11195080" lon="107.60740986">
   <ele>1482.01</ele>
  </trkpt>
  <trkpt lat="-7.11197276" lon="107.60746803">
   <ele>1483.45</ele>
  </trkpt>
  <trkpt lat="-7.11200880" lon="107.60752293">
   <ele>1485.85</ele>
  </trkpt>
  <trkpt lat="-7.11205607" lon="107.60755856">
   <ele>1487.3</ele>
  </trkpt>
  <trkpt lat="-7.11209664" lon="107.60762368">
   <ele>1488.26</ele>
  </trkpt>
  <trkpt lat="-7.11212170" lon="107.60766056">
   <ele>1490.18</ele>
  </trkpt>
  <trkpt lat="-7.11214157" lon="107.60766978">
   <ele>1491.14</ele>
  </trkpt>
  <trkpt lat="-7.11218373" lon="107.60770784">
   <ele>1493.06</ele>
  </trkpt>
  <trkpt lat="-7.11219731" lon="107.60771471">
   <ele>1494.03</ele>
  </trkpt>
  <trkpt lat="-7.11223779" lon="107.60778001">
   <ele>1495.47</ele>
  </trkpt>
  <trkpt lat="-7.11227199" lon="107.60784463">
   <ele>1496.91</ele>
  </trkpt>
  <trkpt lat="-7.11231164" lon="107.60787799">
   <ele>1496.91</ele>
  </trkpt>
  <trkpt lat="-7.11231306" lon="107.60787900">
   <ele>1499.79</ele>
  </trkpt>
  <trkpt lat="-7.11233360" lon="107.60792308">
   <ele>1500.76</ele>
  </trkpt>
  <trkpt lat="-7.11235698" lon="107.60793465">
   <ele>1503.64</ele>
  </trkpt>
  <trkpt lat="-7.11240275" lon="107.60797296">
   <ele>1507.97</ele>
  </trkpt>
  <trkpt lat="-7.11240535" lon="107.60797740">
   <ele>1507</ele>
  </trkpt>
  <trkpt lat="-7.11244457" lon="107.60803565">
   <ele>1508.45</ele>
  </trkpt>
  <trkpt lat="-7.11245631" lon="107.60809181">
   <ele>1510.37</ele>
  </trkpt>
  <trkpt lat="-7.11246477" lon="107.60814663">
   <ele>1512.29</ele>
  </trkpt>
  <trkpt lat="-7.11249009" lon="107.60818846">
   <ele>1515.18</ele>
  </trkpt>
  <trkpt lat="-7.11250786" lon="107.60822031">
   <ele>1516.62</ele>
  </trkpt>
  <trkpt lat="-7.11254968" lon="107.60828326">
   <ele>1519.5</ele>
  </trkpt>
  <trkpt lat="-7.11259671" lon="107.60829985">
   <ele>1520.94</ele>
  </trkpt>
  <trkpt lat="-7.11263090" lon="107.60834595">
   <ele>1523.83</ele>
  </trkpt>
  <trkpt lat="-7.11265069" lon="107.60836238">
   <ele>1523.83</ele>
  </trkpt>
  <trkpt lat="-7.11271112" lon="107.60837001">
   <ele>1524.79</ele>
  </trkpt>
  <trkpt lat="-7.11277013" lon="107.60840949">
   <ele>1526.71</ele>
  </trkpt>
  <trkpt lat="-7.11279812" lon="107.60845198">
   <ele>1528.63</ele>
  </trkpt>
  <trkpt lat="-7.11281430" lon="107.60856170">
   <ele>1530.08</ele>
  </trkpt>
  <trkpt lat="-7.11286115" lon="107.60865030">
   <ele>1531.52</ele>
  </trkpt>
  <trkpt lat="-7.11288261" lon="107.60868626">
   <ele>1532.48</ele>
  </trkpt>
  <trkpt lat="-7.11294740" lon="107.60872900">
   <ele>1533.44</ele>
  </trkpt>
  <trkpt lat="-7.11297448" lon="107.60879631">
   <ele>1534.88</ele>
  </trkpt>
  <trkpt lat="-7.11300373" lon="107.60886479">
   <ele>1536.32</ele>
  </trkpt>
  <trkpt lat="-7.11303215" lon="107.60892866">
   <ele>1537.29</ele>
  </trkpt>
  <trkpt lat="-7.11303215" lon="107.60897719">
   <ele>1536.8</ele>
  </trkpt>
  <trkpt lat="-7.11303650" lon="107.60897753">
   <ele>1540.17</ele>
  </trkpt>
  <trkpt lat="-7.11302670" lon="107.60902857">
   <ele>1542.09</ele>
  </trkpt>
  <trkpt lat="-7.11303877" lon="107.60906554">
   <ele>1542.57</ele>
  </trkpt>
  <trkpt lat="-7.11304061" lon="107.60907124">
   <ele>1543.05</ele>
  </trkpt>
  <trkpt lat="-7.11306836" lon="107.60912237">
   <ele>1544.5</ele>
  </trkpt>
  <trkpt lat="-7.11308093" lon="107.60917031">
   <ele>1545.94</ele>
  </trkpt>
  <trkpt lat="-7.11307607" lon="107.60917123">
   <ele>1547.38</ele>
  </trkpt>
  <trkpt lat="-7.11311689" lon="107.60921549">
   <ele>1548.34</ele>
  </trkpt>
  <trkpt lat="-7.11313231" lon="107.60923703">
   <ele>1550.26</ele>
  </trkpt>
  <trkpt lat="-7.11316072" lon="107.60926285">
   <ele>1551.22</ele>
  </trkpt>
  <trkpt lat="-7.11317229" lon="107.60925908">
   <ele>1550.74</ele>
  </trkpt>
  <trkpt lat="-7.11317992" lon="107.60923812">
   <ele>1551.71</ele>
  </trkpt>
  <trkpt lat="-7.11317782" lon="107.60934181">
   <ele>1553.63</ele>
  </trkpt>
  <trkpt lat="-7.11317170" lon="107.60938388">
   <ele>1555.07</ele>
  </trkpt>
  <trkpt lat="-7.11314815" lon="107.60939486">
   <ele>1555.55</ele>
  </trkpt>
  <trkpt lat="-7.11314103" lon="107.60940693">
   <ele>1556.99</ele>
  </trkpt>
  <trkpt lat="-7.11313876" lon="107.60939679">
   <ele>1556.51</ele>
  </trkpt>
  <trkpt lat="-7.11312510" lon="107.60937483">
   <ele>1556.51</ele>
  </trkpt>
  <trkpt lat="-7.11314069" lon="107.60935664">
   <ele>1549.3</ele>
  </trkpt>
  <trkpt lat="-7.11313952" lon="107.60935547">
   <ele>1553.63</ele>
  </trkpt>
  <trkpt lat="-7.11313658" lon="107.60935555">
   <ele>1555.07</ele>
  </trkpt>
  <trkpt lat="-7.11313549" lon="107.60936502">
   <ele>1558.43</ele>
  </trkpt>
  <trkpt lat="-7.11313709" lon="107.60938380">
   <ele>1557.47</ele>
  </trkpt>
  <trkpt lat="-7.11312887" lon="107.60936444">
   <ele>1557.95</ele>
  </trkpt>
  <trkpt lat="-7.11311932" lon="107.60937349">
   <ele>1558.92</ele>
  </trkpt>
  <trkpt lat="-7.11315662" lon="107.60940911">
   <ele>1559.4</ele>
  </trkpt>
  <trkpt lat="-7.11317011" lon="107.60946276">
   <ele>1560.84</ele>
  </trkpt>
  <trkpt lat="-7.11320892" lon="107.60949813">
   <ele>1559.88</ele>
  </trkpt>
  <trkpt lat="-7.11321454" lon="107.60953593">
   <ele>1563.24</ele>
  </trkpt>
  <trkpt lat="-7.11326927" lon="107.60956854">
   <ele>1566.12</ele>
  </trkpt>
  <trkpt lat="-7.11330003" lon="107.60961908">
   <ele>1568.53</ele>
  </trkpt>
  <trkpt lat="-7.11331545" lon="107.60963593">
   <ele>1569.01</ele>
  </trkpt>
  <trkpt lat="-7.11334932" lon="107.60968471">
   <ele>1572.37</ele>
  </trkpt>
  <trkpt lat="-7.11330682" lon="107.60973534">
   <ele>1572.85</ele>
  </trkpt>
  <trkpt lat="-7.11331361" lon="107.60974841">
   <ele>1575.74</ele>
  </trkpt>
  <trkpt lat="-7.11331730" lon="107.60974925">
   <ele>1574.3</ele>
  </trkpt>
  <trkpt lat="-7.11333783" lon="107.60976736">
   <ele>1576.7</ele>
  </trkpt>
  <trkpt lat="-7.11332786" lon="107.60982268">
   <ele>1578.62</ele>
  </trkpt>
  <trkpt lat="-7.11332308" lon="107.60985939">
   <ele>1580.06</ele>
  </trkpt>
  <trkpt lat="-7.11332635" lon="107.60986383">
   <ele>1580.06</ele>
  </trkpt>
  <trkpt lat="-7.11334211" lon="107.60988411">
   <ele>1581.51</ele>
  </trkpt>
  <trkpt lat="-7.11340883" lon="107.60992100">
   <ele>1583.43</ele>
  </trkpt>
  <trkpt lat="-7.11339391" lon="107.60997129">
   <ele>1583.91</ele>
  </trkpt>
  <trkpt lat="-7.11340489" lon="107.60999090">
   <ele>1587.27</ele>
  </trkpt>
  <trkpt lat="-7.11341268" lon="107.61003708">
   <ele>1588.72</ele>
  </trkpt>
  <trkpt lat="-7.11342710" lon="107.61003616">
   <ele>1590.16</ele>
  </trkpt>
  <trkpt lat="-7.11343121" lon="107.61005175">
   <ele>1586.31</ele>
  </trkpt>
  <trkpt lat="-7.11343037" lon="107.61005452">
   <ele>1589.68</ele>
  </trkpt>
  <trkpt lat="-7.11344814" lon="107.61010339">
   <ele>1592.08</ele>
  </trkpt>
  <trkpt lat="-7.11343280" lon="107.61014496">
   <ele>1594.96</ele>
  </trkpt>
  <trkpt lat="-7.11341746" lon="107.61015527">
   <ele>1592.56</ele>
  </trkpt>
  <trkpt lat="-7.11341889" lon="107.61018318">
   <ele>1595.93</ele>
  </trkpt>
  <trkpt lat="-7.11343389" lon="107.61021813">
   <ele>1596.89</ele>
  </trkpt>
  <trkpt lat="-7.11344512" lon="107.61024144">
   <ele>1600.25</ele>
  </trkpt>
  <trkpt lat="-7.11345979" lon="107.61027991">
   <ele>1601.69</ele>
  </trkpt>
  <trkpt lat="-7.11347060" lon="107.61029039">
   <ele>1603.14</ele>
  </trkpt>
  <trkpt lat="-7.11346666" lon="107.61033456">
   <ele>1604.58</ele>
  </trkpt>
  <trkpt lat="-7.11348443" lon="107.61036247">
   <ele>1606.5</ele>
  </trkpt>
  <trkpt lat="-7.11349432" lon="107.61037580">
   <ele>1607.46</ele>
  </trkpt>
  <trkpt lat="-7.11351855" lon="107.61035333">
   <ele>1608.9</ele>
  </trkpt>
  <trkpt lat="-7.11353011" lon="107.61033447">
   <ele>1607.94</ele>
  </trkpt>
  <trkpt lat="-7.11353539" lon="107.61033850">
   <ele>1610.35</ele>
  </trkpt>
  <trkpt lat="-7.11355358" lon="107.61040078">
   <ele>1612.27</ele>
  </trkpt>
  <trkpt lat="-7.11355627" lon="107.61040295">
   <ele>1608.9</ele>
  </trkpt>
  <trkpt lat="-7.11355853" lon="107.61041134">
   <ele>1612.75</ele>
  </trkpt>
  <trkpt lat="-7.11356188" lon="107.61045517">
   <ele>1614.67</ele>
  </trkpt>
  <trkpt lat="-7.11356783" lon="107.61049256">
   <ele>1616.11</ele>
  </trkpt>
  <trkpt lat="-7.11357529" lon="107.61049893">
   <ele>1613.23</ele>
  </trkpt>
  <trkpt lat="-7.11357202" lon="107.61049440">
   <ele>1618.52</ele>
  </trkpt>
  <trkpt lat="-7.11356884" lon="107.61049130">
   <ele>1618.52</ele>
  </trkpt>
  <trkpt lat="-7.11356155" lon="107.61048560">
   <ele>1616.11</ele>
  </trkpt>
  <trkpt lat="-7.11353757" lon="107.61047521">
   <ele>1615.15</ele>
  </trkpt>
  <trkpt lat="-7.11351084" lon="107.61046087">
   <ele>1616.11</ele>
  </trkpt>
  <trkpt lat="-7.11355744" lon="107.61044822">
   <ele>1617.07</ele>
  </trkpt>
  <trkpt lat="-7.11355308" lon="107.61044277">
   <ele>1616.11</ele>
  </trkpt>
  <trkpt lat="-7.11354135" lon="107.61044285">
   <ele>1609.38</ele>
  </trkpt>
  <trkpt lat="-7.11354277" lon="107.61044302">
   <ele>1614.19</ele>
  </trkpt>
  <trkpt lat="-7.11354570" lon="107.61045383">
   <ele>1606.02</ele>
  </trkpt>
  <trkpt lat="-7.11354570" lon="107.61045702">
   <ele>1615.63</ele>
  </trkpt>
  <trkpt lat="-7.11354470" lon="107.61046934">
   <ele>1609.86</ele>
  </trkpt>
  <trkpt lat="-7.11354562" lon="107.61047152">
   <ele>1603.62</ele>
  </trkpt>
  <trkpt lat="-7.11354579" lon="107.61047521">
   <ele>1612.27</ele>
  </trkpt>
  <trkpt lat="-7.11354579" lon="107.61047630">
   <ele>1611.31</ele>
  </trkpt>
  <trkpt lat="-7.11354034" lon="107.61047361">
   <ele>1614.19</ele>
  </trkpt>
  <trkpt lat="-7.11354093" lon="107.61047118">
   <ele>1614.19</ele>
  </trkpt>
  <trkpt lat="-7.11355358" lon="107.61045350">
   <ele>1616.11</ele>
  </trkpt>
  <trkpt lat="-7.11355677" lon="107.61045802">
   <ele>1611.79</ele>
  </trkpt>
  <trkpt lat="-7.11355803" lon="107.61045853">
   <ele>1614.67</ele>
  </trkpt>
  <trkpt lat="-7.11355358" lon="107.61046004">
   <ele>1617.07</ele>
  </trkpt>
  <trkpt lat="-7.11358057" lon="107.61047563">
   <ele>1617.56</ele>
  </trkpt>
  <trkpt lat="-7.11363246" lon="107.61049692">
   <ele>1619.48</ele>
  </trkpt>
  <trkpt lat="-7.11367395" lon="107.61050924">
   <ele>1622.84</ele>
  </trkpt>
  <trkpt lat="-7.11368023" lon="107.61051393">
   <ele>1622.84</ele>
  </trkpt>
  <trkpt lat="-7.11369096" lon="107.61051821">
   <ele>1621.4</ele>
  </trkpt>
  <trkpt lat="-7.11372659" lon="107.61057219">
   <ele>1624.77</ele>
  </trkpt>
  <trkpt lat="-7.11374452" lon="107.61059641">
   <ele>1626.69</ele>
  </trkpt>
  <trkpt lat="-7.11376456" lon="107.61058987">
   <ele>1622.84</ele>
  </trkpt>
  <trkpt lat="-7.11376129" lon="107.61058794">
   <ele>1619.48</ele>
  </trkpt>
  <trkpt lat="-7.11376405" lon="107.61059272">
   <ele>1625.25</ele>
  </trkpt>
  <trkpt lat="-7.11376573" lon="107.61059633">
   <ele>1627.17</ele>
  </trkpt>
  <trkpt lat="-7.11379481" lon="107.61060990">
   <ele>1628.61</ele>
  </trkpt>
  <trkpt lat="-7.11384326" lon="107.61065894">
   <ele>1630.05</ele>
  </trkpt>
  <trkpt lat="-7.11386045" lon="107.61068643">
   <ele>1632.46</ele>
  </trkpt>
  <trkpt lat="-7.11387922" lon="107.61072977">
   <ele>1634.38</ele>
  </trkpt>
  <trkpt lat="-7.11390328" lon="107.61074234">
   <ele>1635.34</ele>
  </trkpt>
  <trkpt lat="-7.11394812" lon="107.61078643">
   <ele>1635.82</ele>
  </trkpt>
  <trkpt lat="-7.11398684" lon="107.61085072">
   <ele>1638.22</ele>
  </trkpt>
  <trkpt lat="-7.11402029" lon="107.61087754">
   <ele>1639.19</ele>
  </trkpt>
  <trkpt lat="-7.11402255" lon="107.61094694">
   <ele>1642.07</ele>
  </trkpt>
  <trkpt lat="-7.11400587" lon="107.61100930">
   <ele>1643.51</ele>
  </trkpt>
  <trkpt lat="-7.11402297" lon="107.61105901">
   <ele>1646.4</ele>
  </trkpt>
  <trkpt lat="-7.11402515" lon="107.61106269">
   <ele>1646.88</ele>
  </trkpt>
  <trkpt lat="-7.11404954" lon="107.61106873">
   <ele>1648.8</ele>
  </trkpt>
  <trkpt lat="-7.11407787" lon="107.61112061">
   <ele>1650.72</ele>
  </trkpt>
  <trkpt lat="-7.11407527" lon="107.61111843">
   <ele>1648.8</ele>
  </trkpt>
  <trkpt lat="-7.11407326" lon="107.61112489">
   <ele>1651.2</ele>
  </trkpt>
  <trkpt lat="-7.11406119" lon="107.61120192">
   <ele>1653.6</ele>
  </trkpt>
  <trkpt lat="-7.11403554" lon="107.61133846">
   <ele>1656.01</ele>
  </trkpt>
  <trkpt lat="-7.11406496" lon="107.61139638">
   <ele>1657.93</ele>
  </trkpt>
  <trkpt lat="-7.11405516" lon="107.61140962">
   <ele>1660.33</ele>
  </trkpt>
  <trkpt lat="-7.11405382" lon="107.61143720">
   <ele>1661.3</ele>
  </trkpt>
  <trkpt lat="-7.11404954" lon="107.61144097">
   <ele>1661.78</ele>
  </trkpt>
  <trkpt lat="-7.11407444" lon="107.61147005">
   <ele>1658.89</ele>
  </trkpt>
  <trkpt lat="-7.11406362" lon="107.61146578">
   <ele>1663.7</ele>
  </trkpt>
  <trkpt lat="-7.11405440" lon="107.61145966">
   <ele>1662.26</ele>
  </trkpt>
  <trkpt lat="-7.11400235" lon="107.61143024">
   <ele>1660.81</ele>
  </trkpt>
  <trkpt lat="-7.11399690" lon="107.61145882">
   <ele>1662.74</ele>
  </trkpt>
  <trkpt lat="-7.11402909" lon="107.61144734">
   <ele>1659.37</ele>
  </trkpt>
  <trkpt lat="-7.11402833" lon="107.61144214">
   <ele>1662.74</ele>
  </trkpt>
  <trkpt lat="-7.11402968" lon="107.61144030">
   <ele>1660.81</ele>
  </trkpt>
  <trkpt lat="-7.11402029" lon="107.61146394">
   <ele>1664.66</ele>
  </trkpt>
  <trkpt lat="-7.11401635" lon="107.61146436">
   <ele>1665.62</ele>
  </trkpt>
  <trkpt lat="-7.11406983" lon="107.61146989">
   <ele>1664.66</ele>
  </trkpt>
  <trkpt lat="-7.11401895" lon="107.61148003">
   <ele>1664.66</ele>
  </trkpt>
  <trkpt lat="-7.11401928" lon="107.61151364">
   <ele>1665.62</ele>
  </trkpt>
  <trkpt lat="-7.11402372" lon="107.61151951">
   <ele>1668.51</ele>
  </trkpt>
  <trkpt lat="-7.11404594" lon="107.61154566">
   <ele>1668.02</ele>
  </trkpt>
  <trkpt lat="-7.11407167" lon="107.61156779">
   <ele>1671.39</ele>
  </trkpt>
  <trkpt lat="-7.11408567" lon="107.61168011">
   <ele>1674.27</ele>
  </trkpt>
  <trkpt lat="-7.11410050" lon="107.61171179">
   <ele>1675.72</ele>
  </trkpt>
  <trkpt lat="-7.11417058" lon="107.61173685">
   <ele>1678.12</ele>
  </trkpt>
  <trkpt lat="-7.11419790" lon="107.61174448">
   <ele>1678.6</ele>
  </trkpt>
  <trkpt lat="-7.11423252" lon="107.61174473">
   <ele>1681.96</ele>
  </trkpt>
  <trkpt lat="-7.11424450" lon="107.61180583">
   <ele>1684.85</ele>
  </trkpt>
  <trkpt lat="-7.11422673" lon="107.61187524">
   <ele>1686.29</ele>
  </trkpt>
  <trkpt lat="-7.11424626" lon="107.61189845">
   <ele>1688.21</ele>
  </trkpt>
  <trkpt lat="-7.11428465" lon="107.61188898">
   <ele>1686.77</ele>
  </trkpt>
  <trkpt lat="-7.11428440" lon="107.61189099">
   <ele>1690.62</ele>
  </trkpt>
  <trkpt lat="-7.11428449" lon="107.61189200">
   <ele>1689.65</ele>
  </trkpt>
  <trkpt lat="-7.11429865" lon="107.61189317">
   <ele>1691.1</ele>
  </trkpt>
  <trkpt lat="-7.11434006" lon="107.61194405">
   <ele>1693.98</ele>
  </trkpt>
  <trkpt lat="-7.11434383" lon="107.61194464">
   <ele>1693.98</ele>
  </trkpt>
  <trkpt lat="-7.11434349" lon="107.61198102">
   <ele>1695.42</ele>
  </trkpt>
  <trkpt lat="-7.11434165" lon="107.61202167">
   <ele>1695.9</ele>
  </trkpt>
  <trkpt lat="-7.11434215" lon="107.61201505">
   <ele>1696.86</ele>
  </trkpt>
  <trkpt lat="-7.11435414" lon="107.61199602">
   <ele>1698.31</ele>
  </trkpt>
  <trkpt lat="-7.11435892" lon="107.61206559">
   <ele>1698.31</ele>
  </trkpt>
  <trkpt lat="-7.11436839" lon="107.61204011">
   <ele>1701.67</ele>
  </trkpt>
  <trkpt lat="-7.11441608" lon="107.61204371">
   <ele>1703.11</ele>
  </trkpt>
  <trkpt lat="-7.11443083" lon="107.61206668">
   <ele>1706</ele>
  </trkpt>
  <trkpt lat="-7.11442388" lon="107.61214430">
   <ele>1709.36</ele>
  </trkpt>
  <trkpt lat="-7.11446285" lon="107.61213424">
   <ele>1709.84</ele>
  </trkpt>
  <trkpt lat="-7.11450862" lon="107.61209836">
   <ele>1709.84</ele>
  </trkpt>
  <trkpt lat="-7.11455145" lon="107.61209358">
   <ele>1712.25</ele>
  </trkpt>
  <trkpt lat="-7.11459227" lon="107.61213080">
   <ele>1712.73</ele>
  </trkpt>
  <trkpt lat="-7.11462437" lon="107.61210733">
   <ele>1715.61</ele>
  </trkpt>
  <trkpt lat="-7.11464172" lon="107.61215553">
   <ele>1716.09</ele>
  </trkpt>
  <trkpt lat="-7.11469579" lon="107.61218310">
   <ele>1717.53</ele>
  </trkpt>
  <trkpt lat="-7.11472009" lon="107.61222032">
   <ele>1718.97</ele>
  </trkpt>
  <trkpt lat="-7.11472965" lon="107.61223834">
   <ele>1722.34</ele>
  </trkpt>
  <trkpt lat="-7.11476779" lon="107.61225301">
   <ele>1724.74</ele>
  </trkpt>
  <trkpt lat="-7.11476879" lon="107.61227564">
   <ele>1724.74</ele>
  </trkpt>
  <trkpt lat="-7.11477223" lon="107.61231629">
   <ele>1726.18</ele>
  </trkpt>
  <trkpt lat="-7.11479519" lon="107.61230028">
   <ele>1727.63</ele>
  </trkpt>
  <trkpt lat="-7.11479746" lon="107.61230045">
   <ele>1728.11</ele>
  </trkpt>
  <trkpt lat="-7.11480349" lon="107.61231604">
   <ele>1730.51</ele>
  </trkpt>
  <trkpt lat="-7.11481540" lon="107.61234999">
   <ele>1730.99</ele>
  </trkpt>
  <trkpt lat="-7.11480492" lon="107.61240246">
   <ele>1732.43</ele>
  </trkpt>
  <trkpt lat="-7.11480391" lon="107.61238628">
   <ele>1733.39</ele>
  </trkpt>
  <trkpt lat="-7.11481900" lon="107.61237371">
   <ele>1735.32</ele>
  </trkpt>
  <trkpt lat="-7.11477307" lon="107.61238117">
   <ele>1733.88</ele>
  </trkpt>
  <trkpt lat="-7.11477030" lon="107.61240304">
   <ele>1737.72</ele>
  </trkpt>
  <trkpt lat="-7.11480827" lon="107.61241260">
   <ele>1739.16</ele>
  </trkpt>
  <trkpt lat="-7.11483886" lon="107.61240656">
   <ele>1739.64</ele>
  </trkpt>
  <trkpt lat="-7.11477919" lon="107.61248393">
   <ele>1742.53</ele>
  </trkpt>
  <trkpt lat="-7.11478665" lon="107.61251377">
   <ele>1744.93</ele>
  </trkpt>
  <trkpt lat="-7.11486275" lon="107.61249960">
   <ele>1745.89</ele>
  </trkpt>
  <trkpt lat="-7.11486384" lon="107.61251419">
   <ele>1746.85</ele>
  </trkpt>
  <trkpt lat="-7.11484943" lon="107.61253581">
   <ele>1747.33</ele>
  </trkpt>
  <trkpt lat="-7.11484917" lon="107.61253296">
   <ele>1749.26</ele>
  </trkpt>
  <trkpt lat="-7.11480148" lon="107.61254210">
   <ele>1750.7</ele>
  </trkpt>
  <trkpt lat="-7.11481238" lon="107.61258300">
   <ele>1753.1</ele>
  </trkpt>
  <trkpt lat="-7.11482956" lon="107.61255610">
   <ele>1754.06</ele>
  </trkpt>
  <trkpt lat="-7.11485060" lon="107.61261276">
   <ele>1756.47</ele>
  </trkpt>
  <trkpt lat="-7.11485177" lon="107.61261309">
   <ele>1757.43</ele>
  </trkpt>
  <trkpt lat="-7.11481263" lon="107.61263916">
   <ele>1757.91</ele>
  </trkpt>
  <trkpt lat="-7.11478472" lon="107.61268116">
   <ele>1759.83</ele>
  </trkpt>
  <trkpt lat="-7.11481498" lon="107.61267965">
   <ele>1762.23</ele>
  </trkpt>
  <trkpt lat="-7.11481187" lon="107.61272265">
   <ele>1763.2</ele>
  </trkpt>
  <trkpt lat="-7.11482118" lon="107.61270806">
   <ele>1765.12</ele>
  </trkpt>
  <trkpt lat="-7.11476552" lon="107.61269725">
   <ele>1768</ele>
  </trkpt>
  <trkpt lat="-7.11472638" lon="107.61272701">
   <ele>1768.96</ele>
  </trkpt>
  <trkpt lat="-7.11468020" lon="107.61273748">
   <ele>1769.92</ele>
  </trkpt>
  <trkpt lat="-7.11467005" lon="107.61281334">
   <ele>1772.81</ele>
  </trkpt>
  <trkpt lat="-7.11467005" lon="107.61284008">
   <ele>1774.73</ele>
  </trkpt>
  <trkpt lat="-7.11468732" lon="107.61283614">
   <ele>1770.41</ele>
  </trkpt>
  <trkpt lat="-7.11468506" lon="107.61283253">
   <ele>1770.41</ele>
  </trkpt>
  <trkpt lat="-7.11468481" lon="107.61283002">
   <ele>1774.25</ele>
  </trkpt>
  <trkpt lat="-7.11471699" lon="107.61282977">
   <ele>1776.17</ele>
  </trkpt>
  <trkpt lat="-7.11471925" lon="107.61280630">
   <ele>1776.65</ele>
  </trkpt>
  <trkpt lat="-7.11475681" lon="107.61281124">
   <ele>1777.61</ele>
  </trkpt>
  <trkpt lat="-7.11465790" lon="107.61286858">
   <ele>1779.54</ele>
  </trkpt>
  <trkpt lat="-7.11466326" lon="107.61287201">
   <ele>1780.98</ele>
  </trkpt>
  <trkpt lat="-7.11464466" lon="107.61287855">
   <ele>1781.46</ele>
  </trkpt>
  <trkpt lat="-7.11465295" lon="107.61291593">
   <ele>1783.86</ele>
  </trkpt>
  <trkpt lat="-7.11466678" lon="107.61291048">
   <ele>1784.82</ele>
  </trkpt>
  <trkpt lat="-7.11470467" lon="107.61292582">
   <ele>1784.82</ele>
  </trkpt>
  <trkpt lat="-7.11471372" lon="107.61295675">
   <ele>1788.19</ele>
  </trkpt>
  <trkpt lat="-7.11470492" lon="107.61296631">
   <ele>1787.71</ele>
  </trkpt>
  <trkpt lat="-7.11463225" lon="107.61301124">
   <ele>1790.59</ele>
  </trkpt>
  <trkpt lat="-7.11463267" lon="107.61301073">
   <ele>1787.23</ele>
  </trkpt>
  <trkpt lat="-7.11463585" lon="107.61300914">
   <ele>1787.23</ele>
  </trkpt>
  <trkpt lat="-7.11461775" lon="107.61301601">
   <ele>1790.11</ele>
  </trkpt>
  <trkpt lat="-7.11461599" lon="107.61296765">
   <ele>1788.67</ele>
  </trkpt>
  <trkpt lat="-7.11460132" lon="107.61296027">
   <ele>1790.11</ele>
  </trkpt>
  <trkpt lat="-7.11465111" lon="107.61307041">
   <ele>1791.55</ele>
  </trkpt>
  <trkpt lat="-7.11464826" lon="107.61312146">
   <ele>1794.44</ele>
  </trkpt>
  <trkpt lat="-7.11462563" lon="107.61313546">
   <ele>1793.96</ele>
  </trkpt>
  <trkpt lat="-7.11462328" lon="107.61312548">
   <ele>1795.4</ele>
  </trkpt>
  <trkpt lat="-7.11462689" lon="107.61312355">
   <ele>1792.03</ele>
  </trkpt>
  <trkpt lat="-7.11463359" lon="107.61312095">
   <ele>1795.88</ele>
  </trkpt>
  <trkpt lat="-7.11466402" lon="107.61313956">
   <ele>1799.73</ele>
  </trkpt>
  <trkpt lat="-7.11466435" lon="107.61315851">
   <ele>1799.73</ele>
  </trkpt>
  <trkpt lat="-7.11469227" lon="107.61316739">
   <ele>1790.59</ele>
  </trkpt>
  <trkpt lat="-7.11469042" lon="107.61316798">
   <ele>1799.24</ele>
  </trkpt>
  <trkpt lat="-7.11468497" lon="107.61316672">
   <ele>1800.21</ele>
  </trkpt>
  <trkpt lat="-7.11466419" lon="107.61319027">
   <ele>1798.76</ele>
  </trkpt>
  <trkpt lat="-7.11465488" lon="107.61319354">
   <ele>1802.13</ele>
  </trkpt>
  <trkpt lat="-7.11464969" lon="107.61320025">
   <ele>1801.65</ele>
  </trkpt>
  <trkpt lat="-7.11467994" lon="107.61324140">
   <ele>1804.53</ele>
  </trkpt>
  <trkpt lat="-7.11465396" lon="107.61328155">
   <ele>1807.9</ele>
  </trkpt>
  <trkpt lat="-7.11460794" lon="107.61327032">
   <ele>1806.94</ele>
  </trkpt>
  <trkpt lat="-7.11461222" lon="107.61325993">
   <ele>1808.38</ele>
  </trkpt>
  <trkpt lat="-7.11460576" lon="107.61330368">
   <ele>1809.82</ele>
  </trkpt>
  <trkpt lat="-7.11461029" lon="107.61329949">
   <ele>1807.42</ele>
  </trkpt>
  <trkpt lat="-7.11460836" lon="107.61330410">
   <ele>1812.22</ele>
  </trkpt>
  <trkpt lat="-7.11460870" lon="107.61330435">
   <ele>1812.7</ele>
  </trkpt>
  <trkpt lat="-7.11460778" lon="107.61334576">
   <ele>1814.15</ele>
  </trkpt>
  <trkpt lat="-7.11459185" lon="107.61334802">
   <ele>1817.03</ele>
  </trkpt>
  <trkpt lat="-7.11459395" lon="107.61333888">
   <ele>1813.18</ele>
  </trkpt>
  <trkpt lat="-7.11458573" lon="107.61336395">
   <ele>1805.97</ele>
  </trkpt>
  <trkpt lat="-7.11458464" lon="107.61336512">
   <ele>1806.94</ele>
  </trkpt>
  <trkpt lat="-7.11458179" lon="107.61337057">
   <ele>1807.9</ele>
  </trkpt>
  <trkpt lat="-7.11458129" lon="107.61337400">
   <ele>1809.34</ele>
  </trkpt>
  <trkpt lat="-7.11459302" lon="107.61336814">
   <ele>1812.22</ele>
  </trkpt>
  <trkpt lat="-7.11459856" lon="107.61333067">
   <ele>1817.51</ele>
  </trkpt>
  <trkpt lat="-7.11459763" lon="107.61332111">
   <ele>1816.55</ele>
  </trkpt>
  <trkpt lat="-7.11461373" lon="107.61331692">
   <ele>1815.11</ele>
  </trkpt>
  <trkpt lat="-7.11461096" lon="107.61330226">
   <ele>1819.43</ele>
  </trkpt>
  <trkpt lat="-7.11460794" lon="107.61330494">
   <ele>1818.47</ele>
  </trkpt>
  <trkpt lat="-7.11460543" lon="107.61331441">
   <ele>1821.35</ele>
  </trkpt>
  <trkpt lat="-7.11458389" lon="107.61335255">
   <ele>1823.76</ele>
  </trkpt>
  <trkpt lat="-7.11458188" lon="107.61342664">
   <ele>1825.68</ele>
  </trkpt>
  <trkpt lat="-7.11457081" lon="107.61350225">
   <ele>1827.12</ele>
  </trkpt>
  <trkpt lat="-7.11459135" lon="107.61353888">
   <ele>1828.08</ele>
  </trkpt>
  <trkpt lat="-7.11456863" lon="107.61352287">
   <ele>1830.01</ele>
  </trkpt>
  <trkpt lat="-7.11456126" lon="107.61352211">
   <ele>1826.64</ele>
  </trkpt>
  <trkpt lat="-7.11455765" lon="107.61352069">
   <ele>1830.49</ele>
  </trkpt>
  <trkpt lat="-7.11454432" lon="107.61351516">
   <ele>1831.93</ele>
  </trkpt>
  <trkpt lat="-7.11453737" lon="107.61351298">
   <ele>1828.56</ele>
  </trkpt>
  <trkpt lat="-7.11453167" lon="107.61351323">
   <ele>1832.41</ele>
  </trkpt>
  <trkpt lat="-7.11451817" lon="107.61352169">
   <ele>1832.41</ele>
  </trkpt>
  <trkpt lat="-7.11451641" lon="107.61352052">
   <ele>1824.24</ele>
  </trkpt>
  <trkpt lat="-7.11451440" lon="107.61351373">
   <ele>1821.35</ele>
  </trkpt>
  <trkpt lat="-7.11451440" lon="107.61350920">
   <ele>1822.32</ele>
  </trkpt>
  <trkpt lat="-7.11451449" lon="107.61350015">
   <ele>1825.68</ele>
  </trkpt>
  <trkpt lat="-7.11451381" lon="107.61349822">
   <ele>1830.97</ele>
  </trkpt>
  <trkpt lat="-7.11451465" lon="107.61350376">
   <ele>1832.89</ele>
  </trkpt>
  <trkpt lat="-7.11447350" lon="107.61356008">
   <ele>1836.26</ele>
  </trkpt>
  <trkpt lat="-7.11447358" lon="107.61355799">
   <ele>1836.26</ele>
  </trkpt>
  <trkpt lat="-7.11445866" lon="107.61358171">
   <ele>1837.22</ele>
  </trkpt>
  <trkpt lat="-7.11443217" lon="107.61362026">
   <ele>1837.7</ele>
  </trkpt>
  <trkpt lat="-7.11439655" lon="107.61361783">
   <ele>1839.14</ele>
  </trkpt>
  <trkpt lat="-7.11438733" lon="107.61363845">
   <ele>1842.02</ele>
  </trkpt>
  <trkpt lat="-7.11437610" lon="107.61368531">
   <ele>1844.91</ele>
  </trkpt>
  <trkpt lat="-7.11436202" lon="107.61370685">
   <ele>1844.43</ele>
  </trkpt>
  <trkpt lat="-7.11436621" lon="107.61377768">
   <ele>1845.87</ele>
  </trkpt>
  <trkpt lat="-7.11440007" lon="107.61382302">
   <ele>1847.79</ele>
  </trkpt>
  <trkpt lat="-7.11442262" lon="107.61383593">
   <ele>1851.16</ele>
  </trkpt>
  <trkpt lat="-7.11444911" lon="107.61386644">
   <ele>1852.12</ele>
  </trkpt>
  <trkpt lat="-7.11449923" lon="107.61390760">
   <ele>1855</ele>
  </trkpt>
  <trkpt lat="-7.11451817" lon="107.61393727">
   <ele>1853.56</ele>
  </trkpt>
  <trkpt lat="-7.11452580" lon="107.61398035">
   <ele>1856.92</ele>
  </trkpt>
  <trkpt lat="-7.11456436" lon="107.61400801">
   <ele>1858.37</ele>
  </trkpt>
  <trkpt lat="-7.11462320" lon="107.61401044">
   <ele>1859.81</ele>
  </trkpt>
  <trkpt lat="-7.11463569" lon="107.61401530">
   <ele>1860.77</ele>
  </trkpt>
  <trkpt lat="-7.11469059" lon="107.61402469">
   <ele>1863.17</ele>
  </trkpt>
  <trkpt lat="-7.11473200" lon="107.61403902">
   <ele>1864.61</ele>
  </trkpt>
  <trkpt lat="-7.11477256" lon="107.61406727">
   <ele>1865.09</ele>
  </trkpt>
  <trkpt lat="-7.11481523" lon="107.61409032">
   <ele>1867.02</ele>
  </trkpt>
  <trkpt lat="-7.11483627" lon="107.61413156">
   <ele>1869.42</ele>
  </trkpt>
  <trkpt lat="-7.11488664" lon="107.61416132">
   <ele>1869.42</ele>
  </trkpt>
  <trkpt lat="-7.11494364" lon="107.61421337">
   <ele>1871.34</ele>
  </trkpt>
  <trkpt lat="-7.11496107" lon="107.61424011">
   <ele>1873.75</ele>
  </trkpt>
  <trkpt lat="-7.11498370" lon="107.61422653">
   <ele>1876.15</ele>
  </trkpt>
  <trkpt lat="-7.11502721" lon="107.61422452">
   <ele>1877.11</ele>
  </trkpt>
  <trkpt lat="-7.11504347" lon="107.61422703">
   <ele>1877.11</ele>
  </trkpt>
  <trkpt lat="-7.11505872" lon="107.61424287">
   <ele>1879.03</ele>
  </trkpt>
  <trkpt lat="-7.11507758" lon="107.61426165">
   <ele>1880</ele>
  </trkpt>
  <trkpt lat="-7.11507850" lon="107.61426508">
   <ele>1878.07</ele>
  </trkpt>
  <trkpt lat="-7.11508370" lon="107.61426793">
   <ele>1880.96</ele>
  </trkpt>
  <trkpt lat="-7.11508345" lon="107.61424405">
   <ele>1880</ele>
  </trkpt>
  <trkpt lat="-7.11506828" lon="107.61427389">
   <ele>1880.96</ele>
  </trkpt>
  <trkpt lat="-7.11503039" lon="107.61430364">
   <ele>1880.48</ele>
  </trkpt>
  <trkpt lat="-7.11504137" lon="107.61430004">
   <ele>1881.92</ele>
  </trkpt>
  <trkpt lat="-7.11505495" lon="107.61425377">
   <ele>1880.96</ele>
  </trkpt>
  <trkpt lat="-7.11509250" lon="107.61428285">
   <ele>1881.44</ele>
  </trkpt>
  <trkpt lat="-7.11512955" lon="107.61431655">
   <ele>1881.44</ele>
  </trkpt>
  <trkpt lat="-7.11514112" lon="107.61431848">
   <ele>1881.92</ele>
  </trkpt>
  <trkpt lat="-7.11515637" lon="107.61432116">
   <ele>1878.07</ele>
  </trkpt>
  <trkpt lat="-7.11516718" lon="107.61432518">
   <ele>1883.84</ele>
  </trkpt>
  <trkpt lat="-7.11517280" lon="107.61432426">
   <ele>1883.84</ele>
  </trkpt>
  <trkpt lat="-7.11518479" lon="107.61432870">
   <ele>1881.92</ele>
  </trkpt>
  <trkpt lat="-7.11519392" lon="107.61431965">
   <ele>1883.84</ele>
  </trkpt>
  <trkpt lat="-7.11520155" lon="107.61432409">
   <ele>1885.76</ele>
  </trkpt>
  <trkpt lat="-7.11523675" lon="107.61435578">
   <ele>1886.72</ele>
  </trkpt>
  <trkpt lat="-7.11527187" lon="107.61437807">
   <ele>1886.72</ele>
  </trkpt>
  <trkpt lat="-7.11531680" lon="107.61443591">
   <ele>1887.69</ele>
  </trkpt>
  <trkpt lat="-7.11535494" lon="107.61448544">
   <ele>1890.09</ele>
  </trkpt>
  <trkpt lat="-7.11538897" lon="107.61451344">
   <ele>1892.01</ele>
  </trkpt>
  <trkpt lat="-7.11541722" lon="107.61453766">
   <ele>1892.49</ele>
  </trkpt>
  <trkpt lat="-7.11545544" lon="107.61456667">
   <ele>1892.49</ele>
  </trkpt>
  <trkpt lat="-7.11547731" lon="107.61457848">
   <ele>1892.49</ele>
  </trkpt>
  <trkpt lat="-7.11548997" lon="107.61462995">
   <ele>1893.45</ele>
  </trkpt>
  <trkpt lat="-7.11554789" lon="107.61466909">
   <ele>1891.53</ele>
  </trkpt>
  <trkpt lat="-7.11559868" lon="107.61472617">
   <ele>1893.45</ele>
  </trkpt>
  <trkpt lat="-7.11565912" lon="107.61479373">
   <ele>1893.93</ele>
  </trkpt>
  <trkpt lat="-7.11567580" lon="107.61485131">
   <ele>1893.45</ele>
  </trkpt>
  <trkpt lat="-7.11570346" lon="107.61487344">
   <ele>1889.13</ele>
  </trkpt>
  <trkpt lat="-7.11571310" lon="107.61487596">
   <ele>1889.61</ele>
  </trkpt>
  <trkpt lat="-7.11572458" lon="107.61487981">
   <ele>1886.24</ele>
  </trkpt>
  <trkpt lat="-7.11572709" lon="107.61488191">
   <ele>1890.57</ele>
  </trkpt>
  <trkpt lat="-7.11577035" lon="107.61489641">
   <ele>1890.09</ele>
  </trkpt>
  <trkpt lat="-7.11577764" lon="107.61489825">
   <ele>1885.76</ele>
  </trkpt>
  <trkpt lat="-7.11578677" lon="107.61490068">
   <ele>1891.05</ele>
  </trkpt>
  <trkpt lat="-7.11579574" lon="107.61490152">
   <ele>1892.49</ele>
  </trkpt>
  <trkpt lat="-7.11585458" lon="107.61495282">
   <ele>1891.53</ele>
  </trkpt>
  <trkpt lat="-7.11588124" lon="107.61498727">
   <ele>1892.97</ele>
  </trkpt>
  <trkpt lat="-7.11587705" lon="107.61498643">
   <ele>1892.97</ele>
  </trkpt>
  <trkpt lat="-7.11588082" lon="107.61500194">
   <ele>1888.17</ele>
  </trkpt>
  <trkpt lat="-7.11588141" lon="107.61500395">
   <ele>1883.84</ele>
  </trkpt>
  <trkpt lat="-7.11588392" lon="107.61500487">
   <ele>1894.42</ele>
  </trkpt>
  <trkpt lat="-7.11588694" lon="107.61500387">
   <ele>1894.42</ele>
  </trkpt>
  <trkpt lat="-7.11589146" lon="107.61501912">
   <ele>1894.42</ele>
  </trkpt>
  <trkpt lat="-7.11588392" lon="107.61504267">
   <ele>1893.93</ele>
  </trkpt>
  <trkpt lat="-7.11585877" lon="107.61505969">
   <ele>1893.93</ele>
  </trkpt>
  <trkpt lat="-7.11586841" lon="107.61505349">
   <ele>1893.93</ele>
  </trkpt>
  <trkpt lat="-7.11584427" lon="107.61502432">
   <ele>1894.42</ele>
  </trkpt>
  <trkpt lat="-7.11590890" lon="107.61504586">
   <ele>1894.42</ele>
  </trkpt>
  <trkpt lat="-7.11598811" lon="107.61504393">
   <ele>1895.38</ele>
  </trkpt>
  <trkpt lat="-7.11602675" lon="107.61508844">
   <ele>1894.42</ele>
  </trkpt>
  <trkpt lat="-7.11608458" lon="107.61512809">
   <ele>1895.86</ele>
  </trkpt>
  <trkpt lat="-7.11615114" lon="107.61518248">
   <ele>1895.86</ele>
  </trkpt>
  <trkpt lat="-7.11619170" lon="107.61522959">
   <ele>1892.97</ele>
  </trkpt>
  <trkpt lat="-7.11619531" lon="107.61523562">
   <ele>1888.65</ele>
  </trkpt>
  <trkpt lat="-7.11619958" lon="107.61524124">
   <ele>1890.09</ele>
  </trkpt>
  <trkpt lat="-7.11620612" lon="107.61524451">
   <ele>1892.49</ele>
  </trkpt>
  <trkpt lat="-7.11621928" lon="107.61525666">
   <ele>1894.9</ele>
  </trkpt>
  <trkpt lat="-7.11627468" lon="107.61532456">
   <ele>1894.9</ele>
  </trkpt>
  <trkpt lat="-7.11634174" lon="107.61541550">
   <ele>1894.42</ele>
  </trkpt>
  <trkpt lat="-7.11636596" lon="107.61547761">
   <ele>1895.38</ele>
  </trkpt>
  <trkpt lat="-7.11640787" lon="107.61551332">
   <ele>1894.42</ele>
  </trkpt>
  <trkpt lat="-7.11641483" lon="107.61552036">
   <ele>1892.97</ele>
  </trkpt>
  <trkpt lat="-7.11644819" lon="107.61552069">
   <ele>1892.01</ele>
  </trkpt>
  <trkpt lat="-7.11645364" lon="107.61553167">
   <ele>1892.97</ele>
  </trkpt>
  <trkpt lat="-7.11648390" lon="107.61559621">
   <ele>1890.09</ele>
  </trkpt>
  <trkpt lat="-7.11652296" lon="107.61566461">
   <ele>1890.09</ele>
  </trkpt>
  <trkpt lat="-7.11653385" lon="107.61568188">
   <ele>1890.57</ele>
  </trkpt>
  <trkpt lat="-7.11658322" lon="107.61576511">
   <ele>1891.05</ele>
  </trkpt>
  <trkpt lat="-7.11660451" lon="107.61579738">
   <ele>1892.49</ele>
  </trkpt>
  <trkpt lat="-7.11663544" lon="107.61582429">
   <ele>1890.09</ele>
  </trkpt>
  <trkpt lat="-7.11664215" lon="107.61582638">
   <ele>1892.01</ele>
  </trkpt>
  <trkpt lat="-7.11668733" lon="107.61587206">
   <ele>1894.9</ele>
  </trkpt>
  <trkpt lat="-7.11674709" lon="107.61592353">
   <ele>1895.38</ele>
  </trkpt>
  <trkpt lat="-7.11676285" lon="107.61593065">
   <ele>1896.82</ele>
  </trkpt>
  <trkpt lat="-7.11681507" lon="107.61598329">
   <ele>1897.78</ele>
  </trkpt>
  <trkpt lat="-7.11683015" lon="107.61600098">
   <ele>1897.3</ele>
  </trkpt>
  <trkpt lat="-7.11686980" lon="107.61607784">
   <ele>1896.34</ele>
  </trkpt>
  <trkpt lat="-7.11696175" lon="107.61616635">
   <ele>1897.3</ele>
  </trkpt>
  <trkpt lat="-7.11703149" lon="107.61621270">
   <ele>1899.22</ele>
  </trkpt>
  <trkpt lat="-7.11705504" lon="107.61624229">
   <ele>1899.7</ele>
  </trkpt>
  <trkpt lat="-7.11706325" lon="107.61626543">
   <ele>1900.66</ele>
  </trkpt>
  <trkpt lat="-7.11709293" lon="107.61630784">
   <ele>1902.11</ele>
  </trkpt>
  <trkpt lat="-7.11711480" lon="107.61634354">
   <ele>1903.07</ele>
  </trkpt>
  <trkpt lat="-7.11710776" lon="107.61633131">
   <ele>1904.03</ele>
  </trkpt>
  <trkpt lat="-7.11709167" lon="107.61631060">
   <ele>1898.74</ele>
  </trkpt>
  <trkpt lat="-7.11709016" lon="107.61631144">
   <ele>1894.42</ele>
  </trkpt>
  <trkpt lat="-7.11708907" lon="107.61631153">
   <ele>1896.82</ele>
  </trkpt>
  <trkpt lat="-7.11708781" lon="107.61631161">
   <ele>1902.11</ele>
  </trkpt>
  <trkpt lat="-7.11708647" lon="107.61631220">
   <ele>1899.22</ele>
  </trkpt>
  <trkpt lat="-7.11708345" lon="107.61631253">
   <ele>1898.26</ele>
  </trkpt>
  <trkpt lat="-7.11708228" lon="107.61631345">
   <ele>1899.7</ele>
  </trkpt>
  <trkpt lat="-7.11708304" lon="107.61631396">
   <ele>1905.47</ele>
  </trkpt>
  <trkpt lat="-7.11708379" lon="107.61631496">
   <ele>1904.03</ele>
  </trkpt>
  <trkpt lat="-7.11709075" lon="107.61631689">
   <ele>1902.59</ele>
  </trkpt>
  <trkpt lat="-7.11710474" lon="107.61632259">
   <ele>1904.99</ele>
  </trkpt>
  <trkpt lat="-7.11712763" lon="107.61635059">
   <ele>1905.47</ele>
  </trkpt>
  <trkpt lat="-7.11712997" lon="107.61634447">
   <ele>1900.18</ele>
  </trkpt>
  <trkpt lat="-7.11713215" lon="107.61634237">
   <ele>1906.91</ele>
  </trkpt>
  <trkpt lat="-7.11712905" lon="107.61633676">
   <ele>1904.03</ele>
  </trkpt>
  <trkpt lat="-7.11713643" lon="107.61634455">
   <ele>1907.39</ele>
  </trkpt>
  <trkpt lat="-7.11713861" lon="107.61634388">
   <ele>1906.91</ele>
  </trkpt>
  <trkpt lat="-7.11715722" lon="107.61636660">
   <ele>1907.39</ele>
  </trkpt>
  <trkpt lat="-7.11717918" lon="107.61640515">
   <ele>1908.35</ele>
  </trkpt>
  <trkpt lat="-7.11720466" lon="107.61644136">
   <ele>1909.8</ele>
  </trkpt>
  <trkpt lat="-7.11722821" lon="107.61647740">
   <ele>1911.24</ele>
  </trkpt>
  <trkpt lat="-7.11723022" lon="107.61649207">
   <ele>1911.24</ele>
  </trkpt>
  <trkpt lat="-7.11727708" lon="107.61653356">
   <ele>1910.28</ele>
  </trkpt>
  <trkpt lat="-7.11729837" lon="107.61655561">
   <ele>1911.24</ele>
  </trkpt>
  <trkpt lat="-7.11728127" lon="107.61655418">
   <ele>1907.39</ele>
  </trkpt>
  <trkpt lat="-7.11727900" lon="107.61655552">
   <ele>1911.24</ele>
  </trkpt>
  <trkpt lat="-7.11727984" lon="107.61655217">
   <ele>1907.87</ele>
  </trkpt>
  <trkpt lat="-7.11728093" lon="107.61655292">
   <ele>1911.72</ele>
  </trkpt>
  <trkpt lat="-7.11733826" lon="107.61658075">
   <ele>1912.68</ele>
  </trkpt>
  <trkpt lat="-7.11738830" lon="107.61664169">
   <ele>1912.2</ele>
  </trkpt>
  <trkpt lat="-7.11742468" lon="107.61670573">
   <ele>1914.6</ele>
  </trkpt>
  <trkpt lat="-7.11746584" lon="107.61675887">
   <ele>1915.08</ele>
  </trkpt>
  <trkpt lat="-7.11749098" lon="107.61681930">
   <ele>1916.04</ele>
  </trkpt>
  <trkpt lat="-7.11754681" lon="107.61689809">
   <ele>1916.04</ele>
  </trkpt>
  <trkpt lat="-7.11755779" lon="107.61691016">
   <ele>1917.01</ele>
  </trkpt>
  <trkpt lat="-7.11760238" lon="107.61696339">
   <ele>1917.49</ele>
  </trkpt>
  <trkpt lat="-7.11762962" lon="107.61700949">
   <ele>1920.37</ele>
  </trkpt>
  <trkpt lat="-7.11764487" lon="107.61703790">
   <ele>1918.93</ele>
  </trkpt>
  <trkpt lat="-7.11767170" lon="107.61709347">
   <ele>1920.37</ele>
  </trkpt>
  <trkpt lat="-7.11768704" lon="107.61711510">
   <ele>1922.29</ele>
  </trkpt>
  <trkpt lat="-7.11773825" lon="107.61715441">
   <ele>1924.7</ele>
  </trkpt>
  <trkpt lat="-7.11775317" lon="107.61719364">
   <ele>1924.22</ele>
  </trkpt>
  <trkpt lat="-7.11779642" lon="107.61722893">
   <ele>1927.1</ele>
  </trkpt>
  <trkpt lat="-7.11781243" lon="107.61724041">
   <ele>1928.06</ele>
  </trkpt>
  <trkpt lat="-7.11783422" lon="107.61724326">
   <ele>1927.58</ele>
  </trkpt>
  <trkpt lat="-7.11784629" lon="107.61727218">
   <ele>1927.58</ele>
  </trkpt>
  <trkpt lat="-7.11785006" lon="107.61729439">
   <ele>1923.74</ele>
  </trkpt>
  <trkpt lat="-7.11785266" lon="107.61729481">
   <ele>1924.22</ele>
  </trkpt>
  <trkpt lat="-7.11785501" lon="107.61730252">
   <ele>1926.62</ele>
  </trkpt>
  <trkpt lat="-7.11788334" lon="107.61736287">
   <ele>1927.58</ele>
  </trkpt>
  <trkpt lat="-7.11791578" lon="107.61739916">
   <ele>1928.54</ele>
  </trkpt>
  <trkpt lat="-7.11795685" lon="107.61746278">
   <ele>1929.5</ele>
  </trkpt>
  <trkpt lat="-7.11797412" lon="107.61749539">
   <ele>1928.54</ele>
  </trkpt>
  <trkpt lat="-7.11799113" lon="107.61752523">
   <ele>1932.39</ele>
  </trkpt>
  <trkpt lat="-7.11801091" lon="107.61756395">
   <ele>1933.35</ele>
  </trkpt>
  <trkpt lat="-7.11803170" lon="107.61760745">
   <ele>1936.71</ele>
  </trkpt>
  <trkpt lat="-7.11806003" lon="107.61766898">
   <ele>1937.19</ele>
  </trkpt>
  <trkpt lat="-7.11807738" lon="107.61769370">
   <ele>1940.08</ele>
  </trkpt>
  <trkpt lat="-7.11809959" lon="107.61772907">
   <ele>1942.96</ele>
  </trkpt>
  <trkpt lat="-7.11810077" lon="107.61773176">
   <ele>1942.96</ele>
  </trkpt>
  <trkpt lat="-7.11809842" lon="107.61775271">
   <ele>1943.92</ele>
  </trkpt>
  <trkpt lat="-7.11809339" lon="107.61775137">
   <ele>1942.48</ele>
  </trkpt>
  <trkpt lat="-7.11810370" lon="107.61776612">
   <ele>1945.85</ele>
  </trkpt>
  <trkpt lat="-7.11808073" lon="107.61777576">
   <ele>1948.25</ele>
  </trkpt>
  <trkpt lat="-7.11805827" lon="107.61781407">
   <ele>1947.77</ele>
  </trkpt>
  <trkpt lat="-7.11806464" lon="107.61782303">
   <ele>1948.73</ele>
  </trkpt>
  <trkpt lat="-7.11808291" lon="107.61781314">
   <ele>1948.25</ele>
  </trkpt>
  <trkpt lat="-7.11809766" lon="107.61784474">
   <ele>1951.61</ele>
  </trkpt>
  <trkpt lat="-7.11810420" lon="107.61785707">
   <ele>1953.06</ele>
  </trkpt>
  <trkpt lat="-7.11811476" lon="107.61787777">
   <ele>1954.02</ele>
  </trkpt>
  <trkpt lat="-7.11812256" lon="107.61789059">
   <ele>1955.46</ele>
  </trkpt>
  <trkpt lat="-7.11812885" lon="107.61788984">
   <ele>1957.38</ele>
  </trkpt>
  <trkpt lat="-7.11813094" lon="107.61790132">
   <ele>1957.86</ele>
  </trkpt>
  <trkpt lat="-7.11812910" lon="107.61789797">
   <ele>1956.42</ele>
  </trkpt>
  <trkpt lat="-7.11812776" lon="107.61790065">
   <ele>1953.06</ele>
  </trkpt>
  <trkpt lat="-7.11811032" lon="107.61789587">
   <ele>1955.94</ele>
  </trkpt>
  <trkpt lat="-7.11810982" lon="107.61789378">
   <ele>1957.86</ele>
  </trkpt>
  <trkpt lat="-7.11813295" lon="107.61790878">
   <ele>1960.75</ele>
  </trkpt>
  <trkpt lat="-7.11812633" lon="107.61794466">
   <ele>1961.71</ele>
  </trkpt>
  <trkpt lat="-7.11814360" lon="107.61797936">
   <ele>1963.15</ele>
  </trkpt>
  <trkpt lat="-7.11813027" lon="107.61801875">
   <ele>1964.59</ele>
  </trkpt>
  <trkpt lat="-7.11815131" lon="107.61804390">
   <ele>1967.48</ele>
  </trkpt>
  <trkpt lat="-7.11814418" lon="107.61806862">
   <ele>1968.44</ele>
  </trkpt>
  <trkpt lat="-7.11813681" lon="107.61807424">
   <ele>1969.88</ele>
  </trkpt>
  <trkpt lat="-7.11814192" lon="107.61810081">
   <ele>1969.4</ele>
  </trkpt>
  <trkpt lat="-7.11814494" lon="107.61808178">
   <ele>1970.36</ele>
  </trkpt>
  <trkpt lat="-7.11814871" lon="107.61812805">
   <ele>1972.28</ele>
  </trkpt>
  <trkpt lat="-7.11816153" lon="107.61814431">
   <ele>1972.76</ele>
  </trkpt>
  <trkpt lat="-7.11817402" lon="107.61815362">
   <ele>1974.69</ele>
  </trkpt>
  <trkpt lat="-7.11818869" lon="107.61815873">
   <ele>1976.61</ele>
  </trkpt>
  <trkpt lat="-7.11817796" lon="107.61815395">
   <ele>1972.28</ele>
  </trkpt>
  <trkpt lat="-7.11816707" lon="107.61817005">
   <ele>1976.13</ele>
  </trkpt>
  <trkpt lat="-7.11816874" lon="107.61817340">
   <ele>1976.61</ele>
  </trkpt>
  <trkpt lat="-7.11818651" lon="107.61814641">
   <ele>1971.8</ele>
  </trkpt>
  <trkpt lat="-7.11819330" lon="107.61814297">
   <ele>1975.17</ele>
  </trkpt>
  <trkpt lat="-7.11819439" lon="107.61814917">
   <ele>1977.09</ele>
  </trkpt>
  <trkpt lat="-7.11817696" lon="107.61816686">
   <ele>1975.65</ele>
  </trkpt>
  <trkpt lat="-7.11817595" lon="107.61818823">
   <ele>1976.13</ele>
  </trkpt>
  <trkpt lat="-7.11817319" lon="107.61817139">
   <ele>1977.09</ele>
  </trkpt>
  <trkpt lat="-7.11816640" lon="107.61815663">
   <ele>1970.36</ele>
  </trkpt>
  <trkpt lat="-7.11816849" lon="107.61815730">
   <ele>1972.28</ele>
  </trkpt>
  <trkpt lat="-7.11816941" lon="107.61815571">
   <ele>1975.65</ele>
  </trkpt>
  <trkpt lat="-7.11817562" lon="107.61814021">
   <ele>1976.61</ele>
  </trkpt>
  <trkpt lat="-7.11818375" lon="107.61814498">
   <ele>1978.53</ele>
  </trkpt>
  <trkpt lat="-7.11816841" lon="107.61816032">
   <ele>1977.09</ele>
  </trkpt>
  <trkpt lat="-7.11816832" lon="107.61816284">
   <ele>1971.32</ele>
  </trkpt>
  <trkpt lat="-7.11816799" lon="107.61816468">
   <ele>1979.49</ele>
  </trkpt>
  <trkpt lat="-7.11816656" lon="107.61816594">
   <ele>1975.65</ele>
  </trkpt>
  <trkpt lat="-7.11816807" lon="107.61816963">
   <ele>1966.51</ele>
  </trkpt>
  <trkpt lat="-7.11816740" lon="107.61816929">
   <ele>1960.75</ele>
  </trkpt>
  <trkpt lat="-7.11815768" lon="107.61815848">
   <ele>1983.34</ele>
  </trkpt>
  <trkpt lat="-7.11815701" lon="107.61816485">
   <ele>1977.57</ele>
  </trkpt>
  <trkpt lat="-7.11815793" lon="107.61816594">
   <ele>1976.61</ele>
  </trkpt>
  <trkpt lat="-7.11816983" lon="107.61816946">
   <ele>1977.57</ele>
  </trkpt>
  <trkpt lat="-7.11818844" lon="107.61818270">
   <ele>1977.09</ele>
  </trkpt>
  <trkpt lat="-7.11821225" lon="107.61820190">
   <ele>1980.45</ele>
  </trkpt>
  <trkpt lat="-7.11821887" lon="107.61822193">
   <ele>1982.86</ele>
  </trkpt>
  <trkpt lat="-7.11824569" lon="107.61823383">
   <ele>1984.78</ele>
  </trkpt>
  <trkpt lat="-7.11827477" lon="107.61824976">
   <ele>1984.78</ele>
  </trkpt>
  <trkpt lat="-7.11827670" lon="107.61828354">
   <ele>1987.66</ele>
  </trkpt>
  <trkpt lat="-7.11829397" lon="107.61829971">
   <ele>1989.1</ele>
  </trkpt>
  <trkpt lat="-7.11830076" lon="107.61832201">
   <ele>1989.59</ele>
  </trkpt>
  <trkpt lat="-7.11828475" lon="107.61829460">
   <ele>1991.03</ele>
  </trkpt>
  <trkpt lat="-7.11828517" lon="107.61830055">
   <ele>1988.14</ele>
  </trkpt>
  <trkpt lat="-7.11828584" lon="107.61831078">
   <ele>1991.99</ele>
  </trkpt>
  <trkpt lat="-7.11828274" lon="107.61831338">
   <ele>1991.51</ele>
  </trkpt>
  <trkpt lat="-7.11830545" lon="107.61834112">
   <ele>1993.91</ele>
  </trkpt>
  <trkpt lat="-7.11833211" lon="107.61835696">
   <ele>1994.87</ele>
  </trkpt>
  <trkpt lat="-7.11835097" lon="107.61836677">
   <ele>1996.8</ele>
  </trkpt>
  <trkpt lat="-7.11834862" lon="107.61840105">
   <ele>1998.24</ele>
  </trkpt>
  <trkpt lat="-7.11833739" lon="107.61837565">
   <ele>1997.76</ele>
  </trkpt>
  <trkpt lat="-7.11835491" lon="107.61837775">
   <ele>1998.24</ele>
  </trkpt>
  <trkpt lat="-7.11835348" lon="107.61838228">
   <ele>1993.91</ele>
  </trkpt>
  <trkpt lat="-7.11835021" lon="107.61838387">
   <ele>1990.55</ele>
  </trkpt>
  <trkpt lat="-7.11834912" lon="107.61838311">
   <ele>1991.03</ele>
  </trkpt>
  <trkpt lat="-7.11834828" lon="107.61838571">
   <ele>1987.18</ele>
  </trkpt>
  <trkpt lat="-7.11834753" lon="107.61838479">
   <ele>1990.07</ele>
  </trkpt>
  <trkpt lat="-7.11834828" lon="107.61838311">
   <ele>1994.87</ele>
  </trkpt>
  <trkpt lat="-7.11835055" lon="107.61838420">
   <ele>1997.76</ele>
  </trkpt>
  <trkpt lat="-7.11834066" lon="107.61838940">
   <ele>1998.72</ele>
  </trkpt>
  <trkpt lat="-7.11833873" lon="107.61836836">
   <ele>1998.24</ele>
  </trkpt>
  <trkpt lat="-7.11834870" lon="107.61835964">
   <ele>1997.76</ele>
  </trkpt>
  <trkpt lat="-7.11834560" lon="107.61836979">
   <ele>1998.72</ele>
  </trkpt>
  <trkpt lat="-7.11834644" lon="107.61837347">
   <ele>1998.72</ele>
  </trkpt>
  <trkpt lat="-7.11835566" lon="107.61836534">
   <ele>1998.72</ele>
  </trkpt>
  <trkpt lat="-7.11835516" lon="107.61837113">
   <ele>2000.64</ele>
  </trkpt>
  <trkpt lat="-7.11834569" lon="107.61838973">
   <ele>2001.6</ele>
  </trkpt>
  <trkpt lat="-7.11836589" lon="107.61843483">
   <ele>2003.04</ele>
  </trkpt>
  <trkpt lat="-7.11839371" lon="107.61844422">
   <ele>2004.49</ele>
  </trkpt>
  <trkpt lat="-7.11843026" lon="107.61847422">
   <ele>2006.89</ele>
  </trkpt>
  <trkpt lat="-7.11842967" lon="107.61847774">
   <ele>2008.33</ele>
  </trkpt>
  <trkpt lat="-7.11842867" lon="107.61849401">
   <ele>2008.33</ele>
  </trkpt>
  <trkpt lat="-7.11846328" lon="107.61851924">
   <ele>2009.77</ele>
  </trkpt>
  <trkpt lat="-7.11848390" lon="107.61854857">
   <ele>2009.29</ele>
  </trkpt>
  <trkpt lat="-7.11850444" lon="107.61854212">
   <ele>2013.14</ele>
  </trkpt>
  <trkpt lat="-7.11850679" lon="107.61854162">
   <ele>2012.18</ele>
  </trkpt>
  <trkpt lat="-7.11852330" lon="107.61854153">
   <ele>2013.14</ele>
  </trkpt>
  <trkpt lat="-7.11852380" lon="107.61853860">
   <ele>2013.62</ele>
  </trkpt>
  <trkpt lat="-7.11853436" lon="107.61856517">
   <ele>2014.58</ele>
  </trkpt>
  <trkpt lat="-7.11855842" lon="107.61857992">
   <ele>2017.46</ele>
  </trkpt>
  <trkpt lat="-7.11856864" lon="107.61859551">
   <ele>2017.46</ele>
  </trkpt>
  <trkpt lat="-7.11857141" lon="107.61859903">
   <ele>2018.91</ele>
  </trkpt>
  <trkpt lat="-7.11857275" lon="107.61860917">
   <ele>2021.31</ele>
  </trkpt>
  <trkpt lat="-7.11858306" lon="107.61862694">
   <ele>2019.87</ele>
  </trkpt>
  <trkpt lat="-7.11859245" lon="107.61863843">
   <ele>2022.27</ele>
  </trkpt>
  <trkpt lat="-7.11860703" lon="107.61863901">
   <ele>2024.19</ele>
  </trkpt>
  <trkpt lat="-7.11861022" lon="107.61863851">
   <ele>2025.64</ele>
  </trkpt>
  <trkpt lat="-7.11861969" lon="107.61864237">
   <ele>2024.67</ele>
  </trkpt>
  <trkpt lat="-7.11863151" lon="107.61865821">
   <ele>2026.6</ele>
  </trkpt>
  <trkpt lat="-7.11864416" lon="107.61866877">
   <ele>2028.52</ele>
  </trkpt>
  <trkpt lat="-7.11866328" lon="107.61868738">
   <ele>2030.44</ele>
  </trkpt>
  <trkpt lat="-7.11866730" lon="107.61871940">
   <ele>2032.84</ele>
  </trkpt>
  <trkpt lat="-7.11868918" lon="107.61869911">
   <ele>2033.33</ele>
  </trkpt>
  <trkpt lat="-7.11868767" lon="107.61869601">
   <ele>2033.33</ele>
  </trkpt>
  <trkpt lat="-7.11869077" lon="107.61870112">
   <ele>2033.33</ele>
  </trkpt>
  <trkpt lat="-7.11869764" lon="107.61871261">
   <ele>2034.29</ele>
  </trkpt>
  <trkpt lat="-7.11872723" lon="107.61871319">
   <ele>2037.17</ele>
  </trkpt>
  <trkpt lat="-7.11873637" lon="107.61872903">
   <ele>2036.69</ele>
  </trkpt>
  <trkpt lat="-7.11874005" lon="107.61873289">
   <ele>2038.13</ele>
  </trkpt>
  <trkpt lat="-7.11874994" lon="107.61873834">
   <ele>2039.09</ele>
  </trkpt>
  <trkpt lat="-7.11875179" lon="107.61873331">
   <ele>2037.65</ele>
  </trkpt>
  <trkpt lat="-7.11877920" lon="107.61874169">
   <ele>2039.09</ele>
  </trkpt>
  <trkpt lat="-7.11878439" lon="107.61877388">
   <ele>2041.02</ele>
  </trkpt>
  <trkpt lat="-7.11879604" lon="107.61878184">
   <ele>2043.9</ele>
  </trkpt>
  <trkpt lat="-7.11879051" lon="107.61880992">
   <ele>2042.46</ele>
  </trkpt>
  <trkpt lat="-7.11879194" lon="107.61883222">
   <ele>2045.82</ele>
  </trkpt>
  <trkpt lat="-7.11881029" lon="107.61885770">
   <ele>2047.75</ele>
  </trkpt>
  <trkpt lat="-7.11884835" lon="107.61885250">
   <ele>2049.19</ele>
  </trkpt>
  <trkpt lat="-7.11889579" lon="107.61887647">
   <ele>2050.15</ele>
  </trkpt>
  <trkpt lat="-7.11891096" lon="107.61890489">
   <ele>2052.07</ele>
  </trkpt>
  <trkpt lat="-7.11892672" lon="107.61892844">
   <ele>2053.03</ele>
  </trkpt>
  <trkpt lat="-7.11892110" lon="107.61893699">
   <ele>2054.47</ele>
  </trkpt>
  <trkpt lat="-7.11890819" lon="107.61894981">
   <ele>2055.44</ele>
  </trkpt>
  <trkpt lat="-7.11891859" lon="107.61896121">
   <ele>2053.51</ele>
  </trkpt>
  <trkpt lat="-7.11893233" lon="107.61896088">
   <ele>2055.44</ele>
  </trkpt>
  <trkpt lat="-7.11893250" lon="107.61897923">
   <ele>2053.99</ele>
  </trkpt>
  <trkpt lat="-7.11893116" lon="107.61897856">
   <ele>2054.47</ele>
  </trkpt>
  <trkpt lat="-7.11892001" lon="107.61898619">
   <ele>2056.88</ele>
  </trkpt>
  <trkpt lat="-7.11894290" lon="107.61900966">
   <ele>2058.8</ele>
  </trkpt>
  <trkpt lat="-7.11894994" lon="107.61906565">
   <ele>2060.72</ele>
  </trkpt>
  <trkpt lat="-7.11895254" lon="107.61906984">
   <ele>2061.2</ele>
  </trkpt>
  <trkpt lat="-7.11898673" lon="107.61908929">
   <ele>2062.17</ele>
  </trkpt>
  <trkpt lat="-7.11900878" lon="107.61910069">
   <ele>2065.05</ele>
  </trkpt>
  <trkpt lat="-7.11900333" lon="107.61913371">
   <ele>2064.09</ele>
  </trkpt>
  <trkpt lat="-7.11900459" lon="107.61914184">
   <ele>2065.53</ele>
  </trkpt>
  <trkpt lat="-7.11902990" lon="107.61916196">
   <ele>2067.45</ele>
  </trkpt>
  <trkpt lat="-7.11904918" lon="107.61915450">
   <ele>2069.38</ele>
  </trkpt>
  <trkpt lat="-7.11904474" lon="107.61917168">
   <ele>2068.41</ele>
  </trkpt>
  <trkpt lat="-7.11904004" lon="107.61916355">
   <ele>2069.86</ele>
  </trkpt>
  <trkpt lat="-7.11906309" lon="107.61917101">
   <ele>2070.34</ele>
  </trkpt>
  <trkpt lat="-7.11907592" lon="107.61917755">
   <ele>2072.26</ele>
  </trkpt>
  <trkpt lat="-7.11909201" lon="107.61919389">
   <ele>2074.18</ele>
  </trkpt>
  <trkpt lat="-7.11911967" lon="107.61919524">
   <ele>2075.62</ele>
  </trkpt>
  <trkpt lat="-7.11912294" lon="107.61919322">
   <ele>2074.18</ele>
  </trkpt>
  <trkpt lat="-7.11914800" lon="107.61920538">
   <ele>2078.03</ele>
  </trkpt>
  <trkpt lat="-7.11914197" lon="107.61921896">
   <ele>2078.99</ele>
  </trkpt>
  <trkpt lat="-7.11914498" lon="107.61921426">
   <ele>2077.07</ele>
  </trkpt>
  <trkpt lat="-7.11916401" lon="107.61918945">
   <ele>2078.51</ele>
  </trkpt>
  <trkpt lat="-7.11918220" lon="107.61920437">
   <ele>2079.47</ele>
  </trkpt>
  <trkpt lat="-7.11919125" lon="107.61922030">
   <ele>2080.91</ele>
  </trkpt>
  <trkpt lat="-7.11916678" lon="107.61926782">
   <ele>2074.18</ele>
  </trkpt>
  <trkpt lat="-7.11916678" lon="107.61926950">
   <ele>2080.91</ele>
  </trkpt>
  <trkpt lat="-7.11917683" lon="107.61926631">
   <ele>2082.35</ele>
  </trkpt>
  <trkpt lat="-7.11916544" lon="107.61931946">
   <ele>2081.87</ele>
  </trkpt>
  <trkpt lat="-7.11916661" lon="107.61933446">
   <ele>2082.35</ele>
  </trkpt>
  <trkpt lat="-7.11917348" lon="107.61927009">
   <ele>2078.99</ele>
  </trkpt>
  <trkpt lat="-7.11917625" lon="107.61926581">
   <ele>2079.95</ele>
  </trkpt>
  <trkpt lat="-7.11922537" lon="107.61925441">
   <ele>2081.39</ele>
  </trkpt>
  <trkpt lat="-7.11921028" lon="107.61924913">
   <ele>2081.39</ele>
  </trkpt>
  <trkpt lat="-7.11920642" lon="107.61923421">
   <ele>2078.03</ele>
  </trkpt>
  <trkpt lat="-7.11920533" lon="107.61923262">
   <ele>2081.87</ele>
  </trkpt>
  <trkpt lat="-7.11920609" lon="107.61923388">
   <ele>2081.87</ele>
  </trkpt>
  <trkpt lat="-7.11920734" lon="107.61924813">
   <ele>2075.62</ele>
  </trkpt>
  <trkpt lat="-7.11920793" lon="107.61925114">
   <ele>2078.99</ele>
  </trkpt>
  <trkpt lat="-7.11921774" lon="107.61924310">
   <ele>2079.95</ele>
  </trkpt>
  <trkpt lat="-7.11922327" lon="107.61924645">
   <ele>2079.47</ele>
  </trkpt>
  <trkpt lat="-7.11921355" lon="107.61923639">
   <ele>2079.47</ele>
  </trkpt>
  <trkpt lat="-7.11922838" lon="107.61923882">
   <ele>2076.1</ele>
  </trkpt>
  <trkpt lat="-7.11924012" lon="107.61923471">
   <ele>2076.59</ele>
  </trkpt>
  <trkpt lat="-7.11926166" lon="107.61923522">
   <ele>2078.51</ele>
  </trkpt>
  <trkpt lat="-7.11926040" lon="107.61923254">
   <ele>2078.99</ele>
  </trkpt>
  <trkpt lat="-7.11925973" lon="107.61925676">
   <ele>2075.62</ele>
  </trkpt>
  <trkpt lat="-7.11925470" lon="107.61926087">
   <ele>2080.43</ele>
  </trkpt>
  <trkpt lat="-7.11925420" lon="107.61926556">
   <ele>2079.47</ele>
  </trkpt>
  <trkpt lat="-7.11928672" lon="107.61928693">
   <ele>2081.39</ele>
  </trkpt>
  <trkpt lat="-7.11928924" lon="107.61929833">
   <ele>2083.31</ele>
  </trkpt>
  <trkpt lat="-7.11928169" lon="107.61932482">
   <ele>2085.72</ele>
  </trkpt>
  <trkpt lat="-7.11925311" lon="107.61933513">
   <ele>2086.68</ele>
  </trkpt>
  <trkpt lat="-7.11927122" lon="107.61937285">
   <ele>2089.56</ele>
  </trkpt>
  <trkpt lat="-7.11928027" lon="107.61939841">
   <ele>2087.16</ele>
  </trkpt>
  <trkpt lat="-7.11927901" lon="107.61940093">
   <ele>2090.52</ele>
  </trkpt>
  <trkpt lat="-7.11927599" lon="107.61942909">
   <ele>2091</ele>
  </trkpt>
  <trkpt lat="-7.11929460" lon="107.61945290">
   <ele>2091.49</ele>
  </trkpt>
  <trkpt lat="-7.11932134" lon="107.61944443">
   <ele>2093.89</ele>
  </trkpt>
  <trkpt lat="-7.11931991" lon="107.61944703">
   <ele>2094.85</ele>
  </trkpt>
  <trkpt lat="-7.11933349" lon="107.61944678">
   <ele>2096.29</ele>
  </trkpt>
  <trkpt lat="-7.11937389" lon="107.61946932">
   <ele>2098.21</ele>
  </trkpt>
  <trkpt lat="-7.11937490" lon="107.61950486">
   <ele>2099.66</ele>
  </trkpt>
  <trkpt lat="-7.11934900" lon="107.61950369">
   <ele>2098.7</ele>
  </trkpt>
  <trkpt lat="-7.11934699" lon="107.61950386">
   <ele>2100.14</ele>
  </trkpt>
  <trkpt lat="-7.11934799" lon="107.61950662">
   <ele>2099.18</ele>
  </trkpt>
  <trkpt lat="-7.11936258" lon="107.61952297">
   <ele>2102.06</ele>
  </trkpt>
  <trkpt lat="-7.11938295" lon="107.61953034">
   <ele>2101.58</ele>
  </trkpt>
  <trkpt lat="-7.11938982" lon="107.61954091">
   <ele>2103.5</ele>
  </trkpt>
  <trkpt lat="-7.11939049" lon="107.61955063">
   <ele>2103.5</ele>
  </trkpt>
  <trkpt lat="-7.11939703" lon="107.61955474">
   <ele>2105.42</ele>
  </trkpt>
  <trkpt lat="-7.11939736" lon="107.61955583">
   <ele>2105.42</ele>
  </trkpt>
  <trkpt lat="-7.11938236" lon="107.61958743">
   <ele>2105.91</ele>
  </trkpt>
  <trkpt lat="-7.11938831" lon="107.61959581">
   <ele>2107.35</ele>
  </trkpt>
  <trkpt lat="-7.11941564" lon="107.61959614">
   <ele>2106.87</ele>
  </trkpt>
  <trkpt lat="-7.11942444" lon="107.61961936">
   <ele>2109.75</ele>
  </trkpt>
  <trkpt lat="-7.11944422" lon="107.61965532">
   <ele>2111.67</ele>
  </trkpt>
  <trkpt lat="-7.11947531" lon="107.61969245">
   <ele>2113.6</ele>
  </trkpt>
  <trkpt lat="-7.11948579" lon="107.61970854">
   <ele>2115.04</ele>
  </trkpt>
  <trkpt lat="-7.11951437" lon="107.61974392">
   <ele>2114.08</ele>
  </trkpt>
  <trkpt lat="-7.11951848" lon="107.61974651">
   <ele>2116</ele>
  </trkpt>
  <trkpt lat="-7.11952628" lon="107.61975657">
   <ele>2118.4</ele>
  </trkpt>
  <trkpt lat="-7.11954111" lon="107.61978054">
   <ele>2118.4</ele>
  </trkpt>
  <trkpt lat="-7.11954396" lon="107.61978683">
   <ele>2119.84</ele>
  </trkpt>
  <trkpt lat="-7.11955318" lon="107.61984500">
   <ele>2123.21</ele>
  </trkpt>
  <trkpt lat="-7.11958109" lon="107.61988699">
   <ele>2123.69</ele>
  </trkpt>
  <trkpt lat="-7.11959526" lon="107.61990208">
   <ele>2124.65</ele>
  </trkpt>
  <trkpt lat="-7.11960959" lon="107.61992211">
   <ele>2126.57</ele>
  </trkpt>
  <trkpt lat="-7.11963516" lon="107.61998104">
   <ele>2128.5</ele>
  </trkpt>
  <trkpt lat="-7.11966651" lon="107.62002798">
   <ele>2130.42</ele>
  </trkpt>
  <trkpt lat="-7.11968360" lon="107.62004189">
   <ele>2130.42</ele>
  </trkpt>
  <trkpt lat="-7.11970758" lon="107.62007215">
   <ele>2132.34</ele>
  </trkpt>
  <trkpt lat="-7.11974119" lon="107.62010744">
   <ele>2133.78</ele>
  </trkpt>
  <trkpt lat="-7.11974387" lon="107.62010484">
   <ele>2135.23</ele>
  </trkpt>
  <trkpt lat="-7.11974639" lon="107.62011649">
   <ele>2136.19</ele>
  </trkpt>
  <trkpt lat="-7.11973473" lon="107.62012932">
   <ele>2139.07</ele>
  </trkpt>
  <trkpt lat="-7.11973113" lon="107.62013426">
   <ele>2140.51</ele>
  </trkpt>
  <trkpt lat="-7.11975292" lon="107.62014247">
   <ele>2141.47</ele>
  </trkpt>
  <trkpt lat="-7.11975745" lon="107.62014532">
   <ele>2141.47</ele>
  </trkpt>
  <trkpt lat="-7.11978377" lon="107.62016360">
   <ele>2142.44</ele>
  </trkpt>
  <trkpt lat="-7.11980573" lon="107.62015932">
   <ele>2144.36</ele>
  </trkpt>
  <trkpt lat="-7.11981512" lon="107.62017332">
   <ele>2144.84</ele>
  </trkpt>
  <trkpt lat="-7.11982643" lon="107.62021883">
   <ele>2148.2</ele>
  </trkpt>
  <trkpt lat="-7.11987044" lon="107.62024792">
   <ele>2150.61</ele>
  </trkpt>
  <trkpt lat="-7.11986298" lon="107.62027231">
   <ele>2149.65</ele>
  </trkpt>
  <trkpt lat="-7.11988234" lon="107.62029083">
   <ele>2153.01</ele>
  </trkpt>
  <trkpt lat="-7.11989500" lon="107.62031171">
   <ele>2153.01</ele>
  </trkpt>
  <trkpt lat="-7.11991025" lon="107.62032621">
   <ele>2155.89</ele>
  </trkpt>
  <trkpt lat="-7.11992928" lon="107.62033023">
   <ele>2155.41</ele>
  </trkpt>
  <trkpt lat="-7.11991830" lon="107.62030818">
   <ele>2147.72</ele>
  </trkpt>
  <trkpt lat="-7.11991679" lon="107.62030735">
   <ele>2149.16</ele>
  </trkpt>
  <trkpt lat="-7.11990916" lon="107.62029913">
   <ele>2146.28</ele>
  </trkpt>
  <trkpt lat="-7.11989525" lon="107.62029251">
   <ele>2148.68</ele>
  </trkpt>
  <trkpt lat="-7.11988544" lon="107.62028648">
   <ele>2153.49</ele>
  </trkpt>
  <trkpt lat="-7.11988678" lon="107.62028539">
   <ele>2156.86</ele>
  </trkpt>
  <trkpt lat="-7.11988946" lon="107.62028614">
   <ele>2156.86</ele>
  </trkpt>
  <trkpt lat="-7.11992618" lon="107.62032788">
   <ele>2158.3</ele>
  </trkpt>
  <trkpt lat="-7.11994613" lon="107.62037851">
   <ele>2159.74</ele>
  </trkpt>
  <trkpt lat="-7.11995677" lon="107.62039619">
   <ele>2160.7</ele>
  </trkpt>
  <trkpt lat="-7.11999256" lon="107.62042696">
   <ele>2163.58</ele>
  </trkpt>
  <trkpt lat="-7.12003003" lon="107.62044724">
   <ele>2165.03</ele>
  </trkpt>
  <trkpt lat="-7.12006037" lon="107.62047825">
   <ele>2167.91</ele>
  </trkpt>
  <trkpt lat="-7.12005668" lon="107.62053777">
   <ele>2168.39</ele>
  </trkpt>
  <trkpt lat="-7.12000790" lon="107.62051287">
   <ele>2171.27</ele>
  </trkpt>
  <trkpt lat="-7.12000388" lon="107.62053416">
   <ele>2172.72</ele>
  </trkpt>
  <trkpt lat="-7.12000530" lon="107.62056467">
   <ele>2173.2</ele>
  </trkpt>
  <trkpt lat="-7.11997974" lon="107.62058026">
   <ele>2175.6</ele>
  </trkpt>
  <trkpt lat="-7.11998275" lon="107.62059920">
   <ele>2175.6</ele>
  </trkpt>
  <trkpt lat="-7.12000949" lon="107.62063659">
   <ele>2176.56</ele>
  </trkpt>
  <trkpt lat="-7.12001318" lon="107.62063332">
   <ele>2168.87</ele>
  </trkpt>
  <trkpt lat="-7.12001394" lon="107.62063726">
   <ele>2177.04</ele>
  </trkpt>
  <trkpt lat="-7.12001611" lon="107.62064388">
   <ele>2178.48</ele>
  </trkpt>
  <trkpt lat="-7.12005476" lon="107.62065779">
   <ele>2179.93</ele>
  </trkpt>
  <trkpt lat="-7.12009197" lon="107.62068336">
   <ele>2182.81</ele>
  </trkpt>
  <trkpt lat="-7.12007831" lon="107.62070725">
   <ele>2182.33</ele>
  </trkpt>
  <trkpt lat="-7.12007361" lon="107.62071060">
   <ele>2183.77</ele>
  </trkpt>
  <trkpt lat="-7.12008141" lon="107.62071638">
   <ele>2185.21</ele>
  </trkpt>
  <trkpt lat="-7.12010572" lon="107.62075159">
   <ele>2187.14</ele>
  </trkpt>
  <trkpt lat="-7.12012324" lon="107.62077003">
   <ele>2186.66</ele>
  </trkpt>
  <trkpt lat="-7.12011661" lon="107.62077673">
   <ele>2190.02</ele>
  </trkpt>
  <trkpt lat="-7.12012592" lon="107.62078436">
   <ele>2190.02</ele>
  </trkpt>
  <trkpt lat="-7.12015894" lon="107.62080045">
   <ele>2191.94</ele>
  </trkpt>
  <trkpt lat="-7.12016783" lon="107.62082904">
   <ele>2193.39</ele>
  </trkpt>
  <trkpt lat="-7.12016255" lon="107.62085469">
   <ele>2193.39</ele>
  </trkpt>
  <trkpt lat="-7.12015911" lon="107.62085175">
   <ele>2189.06</ele>
  </trkpt>
  <trkpt lat="-7.12016112" lon="107.62085150">
   <ele>2195.31</ele>
  </trkpt>
  <trkpt lat="-7.12018048" lon="107.62083566">
   <ele>2193.87</ele>
  </trkpt>
  <trkpt lat="-7.12016925" lon="107.62083943">
   <ele>2190.5</ele>
  </trkpt>
  <trkpt lat="-7.12016850" lon="107.62084228">
   <ele>2194.83</ele>
  </trkpt>
  <trkpt lat="-7.12017059" lon="107.62084429">
   <ele>2194.83</ele>
  </trkpt>
  <trkpt lat="-7.12018384" lon="107.62085284">
   <ele>2196.27</ele>
  </trkpt>
  <trkpt lat="-7.12021988" lon="107.62091009">
   <ele>2199.15</ele>
  </trkpt>
  <trkpt lat="-7.12025768" lon="107.62092702">
   <ele>2193.87</ele>
  </trkpt>
  <trkpt lat="-7.12025793" lon="107.62092786">
   <ele>2200.11</ele>
  </trkpt>
  <trkpt lat="-7.12028249" lon="107.62094320">
   <ele>2191.46</ele>
  </trkpt>
  <trkpt lat="-7.12028199" lon="107.62094412">
   <ele>2199.15</ele>
  </trkpt>
  <trkpt lat="-7.12028274" lon="107.62094370">
   <ele>2199.63</ele>
  </trkpt>
  <trkpt lat="-7.12035818" lon="107.62099089">
   <ele>2201.08</ele>
  </trkpt>
  <trkpt lat="-7.12037612" lon="107.62099827">
   <ele>2201.08</ele>
  </trkpt>
  <trkpt lat="-7.12037846" lon="107.62099056">
   <ele>2200.59</ele>
  </trkpt>
  <trkpt lat="-7.12038659" lon="107.62099039">
   <ele>2202.52</ele>
  </trkpt>
  <trkpt lat="-7.12038618" lon="107.62099626">
   <ele>2203.96</ele>
  </trkpt>
  <trkpt lat="-7.12040076" lon="107.62101067">
   <ele>2203</ele>
  </trkpt>
  <trkpt lat="-7.12039439" lon="107.62101771">
   <ele>2204.44</ele>
  </trkpt>
  <trkpt lat="-7.12039221" lon="107.62102107">
   <ele>2200.11</ele>
  </trkpt>
  <trkpt lat="-7.12039422" lon="107.62102123">
   <ele>2205.4</ele>
  </trkpt>
  <trkpt lat="-7.12040219" lon="107.62101151">
   <ele>2203.96</ele>
  </trkpt>
  <trkpt lat="-7.12038978" lon="107.62098586">
   <ele>2204.44</ele>
  </trkpt>
  <trkpt lat="-7.12039380" lon="107.62099843">
   <ele>2204.92</ele>
  </trkpt>
  <trkpt lat="-7.12037168" lon="107.62100279">
   <ele>2203.48</ele>
  </trkpt>
  <trkpt lat="-7.12037327" lon="107.62100221">
   <ele>2199.63</ele>
  </trkpt>
  <trkpt lat="-7.12037520" lon="107.62099986">
   <ele>2204.92</ele>
  </trkpt>
  <trkpt lat="-7.12037444" lon="107.62099760">
   <ele>2203.48</ele>
  </trkpt>
  <trkpt lat="-7.12033102" lon="107.62100782">
   <ele>2204.92</ele>
  </trkpt>
  <trkpt lat="-7.12038559" lon="107.62097748">
   <ele>2203.96</ele>
  </trkpt>
  <trkpt lat="-7.12048290" lon="107.62101268">
   <ele>2203.96</ele>
  </trkpt>
  <trkpt lat="-7.12048869" lon="107.62101486">
   <ele>2200.11</ele>
  </trkpt>
  <trkpt lat="-7.12049254" lon="107.62101671">
   <ele>2201.56</ele>
  </trkpt>
  <trkpt lat="-7.12053512" lon="107.62102081">
   <ele>2203</ele>
  </trkpt>
  <trkpt lat="-7.12057913" lon="107.62097538">
   <ele>2201.56</ele>
  </trkpt>
  <trkpt lat="-7.12060109" lon="107.62097304">
   <ele>2204.92</ele>
  </trkpt>
  <trkpt lat="-7.12065155" lon="107.62094839">
   <ele>2204.44</ele>
  </trkpt>
  <trkpt lat="-7.12070905" lon="107.62089048">
   <ele>2205.4</ele>
  </trkpt>
  <trkpt lat="-7.12075682" lon="107.62088235">
   <ele>2209.25</ele>
  </trkpt>
  <trkpt lat="-7.12077116" lon="107.62092627">
   <ele>2210.69</ele>
  </trkpt>
  <trkpt lat="-7.12076956" lon="107.62093708">
   <ele>2212.61</ele>
  </trkpt>
  <trkpt lat="-7.12079613" lon="107.62093456">
   <ele>2212.61</ele>
  </trkpt>
  <trkpt lat="-7.12078666" lon="107.62094990">
   <ele>2212.61</ele>
  </trkpt>
  <trkpt lat="-7.12081902" lon="107.62094823">
   <ele>2215.98</ele>
  </trkpt>
  <trkpt lat="-7.12086721" lon="107.62094102">
   <ele>2215.01</ele>
  </trkpt>
  <trkpt lat="-7.12091910" lon="107.62094270">
   <ele>2216.94</ele>
  </trkpt>
  <trkpt lat="-7.12098515" lon="107.62093222">
   <ele>2219.82</ele>
  </trkpt>
  <trkpt lat="-7.12105623" lon="107.62092970">
   <ele>2220.78</ele>
  </trkpt>
  <trkpt lat="-7.12107291" lon="107.62092610">
   <ele>2220.78</ele>
  </trkpt>
  <trkpt lat="-7.12111750" lon="107.62092224">
   <ele>2221.26</ele>
  </trkpt>
  <trkpt lat="-7.12118522" lon="107.62093255">
   <ele>2218.86</ele>
  </trkpt>
  <trkpt lat="-7.12120928" lon="107.62093197">
   <ele>2218.86</ele>
  </trkpt>
  <trkpt lat="-7.12127583" lon="107.62097966">
   <ele>2219.82</ele>
  </trkpt>
  <trkpt lat="-7.12132503" lon="107.62101319">
   <ele>2221.74</ele>
  </trkpt>
  <trkpt lat="-7.12133492" lon="107.62102559">
   <ele>2223.19</ele>
  </trkpt>
  <trkpt lat="-7.12137088" lon="107.62106323">
   <ele>2224.63</ele>
  </trkpt>
  <trkpt lat="-7.12143073" lon="107.62110153">
   <ele>2225.59</ele>
  </trkpt>
  <trkpt lat="-7.12147138" lon="107.62116431">
   <ele>2225.11</ele>
  </trkpt>
  <trkpt lat="-7.12147708" lon="107.62116632">
   <ele>2224.63</ele>
  </trkpt>
  <trkpt lat="-7.12147289" lon="107.62116859">
   <ele>2225.11</ele>
  </trkpt>
  <trkpt lat="-7.12145453" lon="107.62116490">
   <ele>2224.63</ele>
  </trkpt>
  <trkpt lat="-7.12141380" lon="107.62109365">
   <ele>2225.59</ele>
  </trkpt>
  <trkpt lat="-7.12142972" lon="107.62108737">
   <ele>2225.59</ele>
  </trkpt>
  <trkpt lat="-7.12142511" lon="107.62109365">
   <ele>2226.07</ele>
  </trkpt>
  <trkpt lat="-7.12144850" lon="107.62111955">
   <ele>2225.59</ele>
  </trkpt>
  <trkpt lat="-7.12146157" lon="107.62115811">
   <ele>2226.55</ele>
  </trkpt>
  <trkpt lat="-7.12146040" lon="107.62115794">
   <ele>2224.63</ele>
  </trkpt>
  <trkpt lat="-7.12146484" lon="107.62116054">
   <ele>2225.59</ele>
  </trkpt>
  <trkpt lat="-7.12146627" lon="107.62117102">
   <ele>2227.03</ele>
  </trkpt>
  <trkpt lat="-7.12144908" lon="107.62114755">
   <ele>2227.03</ele>
  </trkpt>
  <trkpt lat="-7.12143810" lon="107.62114772">
   <ele>2226.07</ele>
  </trkpt>
  <trkpt lat="-7.12144012" lon="107.62114830">
   <ele>2227.51</ele>
  </trkpt>
  <trkpt lat="-7.12143903" lon="107.62115258">
   <ele>2226.55</ele>
  </trkpt>
  <trkpt lat="-7.12143492" lon="107.62114973">
   <ele>2226.55</ele>
  </trkpt>
  <trkpt lat="-7.12143257" lon="107.62114545">
   <ele>2225.59</ele>
  </trkpt>
  <trkpt lat="-7.12143752" lon="107.62114604">
   <ele>2248.66</ele>
  </trkpt>
  <trkpt lat="-7.12140081" lon="107.62108234">
   <ele>2170.79</ele>
  </trkpt>
  <trkpt lat="-7.12143148" lon="107.62113866">
   <ele>2168.87</ele>
  </trkpt>
  <trkpt lat="-7.12144062" lon="107.62114579">
   <ele>2174.16</ele>
  </trkpt>
  <trkpt lat="-7.12144330" lon="107.62114478">
   <ele>2179.45</ele>
  </trkpt>
  <trkpt lat="-7.12143727" lon="107.62114336">
   <ele>2183.77</ele>
  </trkpt>
  <trkpt lat="-7.12143743" lon="107.62114369">
   <ele>2178</ele>
  </trkpt>
  <trkpt lat="-7.12143760" lon="107.62114428">
   <ele>2189.54</ele>
  </trkpt>
  <trkpt lat="-7.12143827" lon="107.62114512">
   <ele>2193.39</ele>
  </trkpt>
  <trkpt lat="-7.12144003" lon="107.62114428">
   <ele>2198.19</ele>
  </trkpt>
  <trkpt lat="-7.12144054" lon="107.62114495">
   <ele>2201.08</ele>
  </trkpt>
  <trkpt lat="-7.12144146" lon="107.62114428">
   <ele>2203</ele>
  </trkpt>
  <trkpt lat="-7.12144397" lon="107.62114956">
   <ele>2203.96</ele>
  </trkpt>
  <trkpt lat="-7.12144959" lon="107.62116247">
   <ele>2207.81</ele>
  </trkpt>
  <trkpt lat="-7.12144950" lon="107.62116322">
   <ele>2207.81</ele>
  </trkpt>
  <trkpt lat="-7.12144900" lon="107.62116280">
   <ele>2211.17</ele>
  </trkpt>
  <trkpt lat="-7.12145202" lon="107.62116373">
   <ele>2212.13</ele>
  </trkpt>
  <trkpt lat="-7.12144808" lon="107.62117177">
   <ele>2214.05</ele>
  </trkpt>
  <trkpt lat="-7.12144791" lon="107.62116968">
   <ele>2217.42</ele>
  </trkpt>
  <trkpt lat="-7.12144967" lon="107.62117387">
   <ele>2220.78</ele>
  </trkpt>
  <trkpt lat="-7.12144841" lon="107.62117714">
   <ele>2221.74</ele>
  </trkpt>
  <trkpt lat="-7.12144850" lon="107.62117898">
   <ele>2225.11</ele>
  </trkpt>
  <trkpt lat="-7.12145780" lon="107.62118837">
   <ele>2227.03</ele>
  </trkpt>
  <trkpt lat="-7.12153005" lon="107.62126775">
   <ele>2227.99</ele>
  </trkpt>
  <trkpt lat="-7.12154439" lon="107.62127604">
   <ele>2227.51</ele>
  </trkpt>
  <trkpt lat="-7.12158194" lon="107.62129306">
   <ele>2228.95</ele>
  </trkpt>
  <trkpt lat="-7.12161345" lon="107.62130965">
   <ele>2231.84</ele>
  </trkpt>
  <trkpt lat="-7.12162494" lon="107.62131200">
   <ele>2233.28</ele>
  </trkpt>
  <trkpt lat="-7.12163776" lon="107.62131611">
   <ele>2231.84</ele>
  </trkpt>
  <trkpt lat="-7.12165570" lon="107.62132734">
   <ele>2230.4</ele>
  </trkpt>
  <trkpt lat="-7.12165855" lon="107.62132944">
   <ele>2227.03</ele>
  </trkpt>
  <trkpt lat="-7.12166442" lon="107.62133438">
   <ele>2231.36</ele>
  </trkpt>
  <trkpt lat="-7.12166794" lon="107.62133782">
   <ele>2231.36</ele>
  </trkpt>
  <trkpt lat="-7.12169493" lon="107.62137981">
   <ele>2230.88</ele>
  </trkpt>
  <trkpt lat="-7.12171471" lon="107.62141359">
   <ele>2227.51</ele>
  </trkpt>
  <trkpt lat="-7.12172301" lon="107.62142926">
   <ele>2223.67</ele>
  </trkpt>
  <trkpt lat="-7.12172644" lon="107.62143170">
   <ele>2227.51</ele>
  </trkpt>
  <trkpt lat="-7.12172904" lon="107.62143295">
   <ele>2222.71</ele>
  </trkpt>
  <trkpt lat="-7.12173658" lon="107.62144452">
   <ele>2218.86</ele>
  </trkpt>
  <trkpt lat="-7.12174094" lon="107.62144863">
   <ele>2227.03</ele>
  </trkpt>
  <trkpt lat="-7.12175427" lon="107.62146078">
   <ele>2227.99</ele>
  </trkpt>
  <trkpt lat="-7.12179274" lon="107.62150311">
   <ele>2227.99</ele>
  </trkpt>
  <trkpt lat="-7.12179895" lon="107.62150479">
   <ele>2227.51</ele>
  </trkpt>
  <trkpt lat="-7.12180322" lon="107.62150571">
   <ele>2229.92</ele>
  </trkpt>
 </trkseg>
</trk>
 <extensions>
 </extensions>
</gpx>
