conversation_id_str,created_at,favorite_count,full_text,id_str,image_url,in_reply_to_screen_name,lang,location,quote_count,reply_count,retweet_count,tweet_url,user_id_str,username,clean_text,nama_gunung_ekstraksi
1862991509420929307,Sat Nov 30 22:46:03 +0000 2024,3,Gunung Semeru kembali erupsi dengan letusan setinggi 500 meter https://t.co/pU5pXzzXcE,1862991509420929307,,,in,,0,0,0,https://x.com/undefined/status/1862991509420929307,121640063,,gunung semeru kembali erupsi dengan letusan setinggi 500 meter,Semeru
1862907031990194540,Sat Nov 30 17:17:27 +0000 2024,0,Gue pengen bgt nyoba backpackerrr.. terus ke gunung rinjanii.. tp krn gue belum prnh muncak gue pengen nyoba yg kecil2 dlu. Sayangnya skrg lg musim hujan gue gak bisa muncak pas libur akhir tahun,1862908815425015867,,victaetory,in,,0,0,0,https://x.com/undefined/status/1862908815425015867,1674743491,,gue pengen bgt nyoba backpackerrr.. terus ke gunung rinjanii.. tp krn gue belum prnh muncak gue pengen nyoba yg kecil2 dlu. sayangnya skrg lg musim hujan gue gak bisa muncak pas libur akhir tahun,Rinjani
1862892284007817632,Sat Nov 30 16:11:46 +0000 2024,0,Dulu kuat naik gunung Prau dari basecamp sampe puncak ga minum sama sekali n gak banyak brik padahal bawa carier isi tenda. Naik turun Merbabu kurang dari 8 jam udah termasuk isoma. Sekarang naik tangga aja udah engap. Wis tuoooo.,1862892284007817632,,,in,,0,0,0,https://x.com/undefined/status/1862892284007817632,755653550,,dulu kuat naik gunung prau dari basecamp sampe puncak ga minum sama sekali n gak banyak brik padahal bawa carier isi tenda. naik turun merbabu kurang dari 8 jam udah termasuk isoma. sekarang naik tangga aja udah engap. wis tuoooo.,Prau
1862878329294204972,Sat Nov 30 15:16:18 +0000 2024,2,Sabtu Pagi Ini Gunung Semeru Kembali Erupsi Tiga Kali https://t.co/llM4huekiy,1862878329294204972,,,in,,0,0,0,https://x.com/undefined/status/1862878329294204972,41730943,,sabtu pagi ini gunung semeru kembali erupsi tiga kali,Semeru
1862869569993572657,Sat Nov 30 14:41:30 +0000 2024,1482,Halo Warga Merapi! Gunung Merapi kembali memamerkan fenomena menakjubkan awan lentikular yang melayang di puncaknya! Awan berbentuk lensa ini terlihat pada Jumat 29 November 2024 dan terekam kamera pemantauan BPPTKG di lereng selatan. Awan lentikular tidak berhubungan dengan https://t.co/HFf1QAOc78,1862869569993572657,https://pbs.twimg.com/ext_tw_video_thumb/1862869535595884544/pu/img/f0NBgHa73BJYBphF.jpg,,in,,21,19,368,https://x.com/undefined/status/1862869569993572657,1279804428724211712,,halo warga merapi! gunung merapi kembali memamerkan fenomena menakjubkan awan lentikular yang melayang di puncaknya! awan berbentuk lensa ini terlihat pada jumat 29 november 2024 dan terekam kamera pemantauan bpptkg di lereng selatan. awan lentikular tidak berhubungan dengan,Merapi
1862784911150813536,Sat Nov 30 14:40:43 +0000 2024,0,@sakkusaitna @Ar4rmanSyah Semodern apapun jk dlm darurat umpama 1. Di sabana gunung bromo 2. Di pendakian gunung Merapi 3. Di tebing yg terjal Berak/kencing tapi ... 1. Tidak ada alat BERSUCI yg wajar 2. Tidk ada bhn BERSUCI yg wajar Pakai apa? Gigi Lo? Islam memberi tuntunan salah satunya dg batu,1862869374400692412,,sakkusaitna,in,,0,1,0,https://x.com/undefined/status/1862869374400692412,1603557669239128064,,semodern apapun jk dlm darurat umpama 1. di sabana gunung bromo 2. di pendakian gunung merapi 3. di tebing yg terjal berak/kencing tapi ... 1. tidak ada alat bersuci yg wajar 2. tidk ada bhn bersuci yg wajar pakai apa? gigi lo? islam memberi tuntunan salah satunya dg batu,Merapi
1862865429276012701,Sat Nov 30 14:25:04 +0000 2024,0,Buat mengungkapkan sayang ini aku rasanya harus teriaaaaak di puncak Gunung Papandayan kalau aku sebegitu sayangnya sama Cilla adikku. Sebisa mungkin mau menyediakan ruang aman buat dia cerita dan ngasih saran menurut sudut pandangku.,1862865435894653308,,semerahati,in,,0,1,1,https://x.com/undefined/status/1862865435894653308,1427766049,,buat mengungkapkan sayang ini aku rasanya harus teriaaaaak di puncak gunung papandayan kalau aku sebegitu sayangnya sama cilla adikku. sebisa mungkin mau menyediakan ruang aman buat dia cerita dan ngasih saran menurut sudut pandangku.,Papandayan
1862697630788460802,Sat Nov 30 13:27:16 +0000 2024,0,@yosefikr Puncak gunung manglayang emg indah banget,1862850890207830441,,yosefikr,in,,0,0,0,https://x.com/undefined/status/1862850890207830441,1235783468522418176,,puncak gunung manglayang emg indah banget,Manglayang
1862824760398491926,Sat Nov 30 11:43:27 +0000 2024,0,Kemarin tuh niatnya ke Gn. Sagara lagi. Tapi dia yg ngebelokin ke Gn. Cikuray. Dia juga yg nangis kejer gara2 k Cikuray. Dikasih track edan start jalan jam 2 siang sampe camp site jam 9 malem untung gak dikasih hujan dan sekarang ngajak k Gunung lagi https://t.co/9McBcs0F1y,1862824760398491926,https://pbs.twimg.com/media/GdoVP14WIAEBTtR.jpg,,in,,0,0,0,https://x.com/undefined/status/1862824760398491926,538776995,,kemarin tuh niatnya ke gn. sagara lagi. tapi dia yg ngebelokin ke gn. cikuray. dia juga yg nangis kejer gara2 k cikuray. dikasih track edan start jalan jam 2 siang sampe camp site jam 9 malem untung gak dikasih hujan dan sekarang ngajak k gunung lagi,Cikuray
1862824120477737384,Sat Nov 30 11:42:10 +0000 2024,0,WKWKWK TP JUJUR IYE JELEK BANGET yg bagus cuma UGM Malbor tugu sm gunung merapi doang sisanya bablas angin e,1862824440767365262,,hiazzow,in,,0,0,0,https://x.com/undefined/status/1862824440767365262,1277964798781583361,,wkwkwk tp jujur iye jelek banget yg bagus cuma ugm malbor tugu sm gunung merapi doang sisanya bablas angin e,Merapi
1862820475178815682,Sat Nov 30 11:27:12 +0000 2024,0,Belum kelar kueksplor Gunung Penanggungan aja belum sampe ke puncaknya ,1862820673879707748,,inganggita,in,,0,0,0,https://x.com/undefined/status/1862820673879707748,67848433,,belum kelar kueksplor gunung penanggungan aja belum sampe ke puncaknya,Penanggungan
1862776774288908433,Sat Nov 30 08:32:46 +0000 2024,0,Gunung Semeru kembali erupsi pada Sabtu pagi https://t.co/x6RQT5DCIO https://t.co/gbTjHCSYQm,1862776774288908433,https://pbs.twimg.com/media/GdnpmVFboAIQ5jV.png,,in,,0,0,0,https://x.com/undefined/status/1862776774288908433,1482999200988434435,,gunung semeru kembali erupsi pada sabtu pagi,Semeru
1862743215528694028,Sat Nov 30 08:01:16 +0000 2024,1,@piotrj Psti hujan merata dari sebelum subuh. Gunung Gede dan Gunung Salak pun terlihat.,1862768848048734458,,piotrj,in,,0,0,0,https://x.com/undefined/status/1862768848048734458,65822418,,psti hujan merata dari sebelum subuh. gunung gede dan gunung salak pun terlihat.,Salak
1862743826336747960,Sat Nov 30 07:18:25 +0000 2024,0,@piotrj @nafasidn Td pagi ke Jagorawi berharap bisa liat gunung salak dgn jelas tp masih agak burik ... soalnya mgkin semalam gak hujan ya di situ...,1862758062165303780,,piotrj,in,,0,0,0,https://x.com/undefined/status/1862758062165303780,1792736765150998528,,td pagi ke jagorawi berharap bisa liat gunung salak dgn jelas tp masih agak burik ... soalnya mgkin semalam gak hujan ya di situ...,Salak
1862725967539839311,Sat Nov 30 05:10:53 +0000 2024,3,Jujurr suka bgt suasana di desa dingin hawanya (salatiga jg sama sih) tp ini tuh deket gunung merbabu jd lebih ademm trs kata pakde anginnya kencengg jgv beberapa hari ini enak bgt duduk di teras https://t.co/XFyosnEQYU,1862725967539839311,https://pbs.twimg.com/ext_tw_video_thumb/1862725007777955840/pu/img/3YlUYMC8mzlwnSLK.jpg,,in,,0,3,0,https://x.com/undefined/status/1862725967539839311,1239510961939046400,,jujurr suka bgt suasana di desa dingin hawanya (salatiga jg sama sih) tp ini tuh deket gunung merbabu jd lebih ademm trs kata pakde anginnya kencengg jgv beberapa hari ini enak bgt duduk di teras,Merbabu
1862426590808088823,Sat Nov 30 05:10:50 +0000 2024,0,@TheItomoriDream Perlukah saya berjanji di puncak gunung salak agar kalian percaya?,1862725957188235287,,TheItomoriDream,in,,0,1,0,https://x.com/undefined/status/1862725957188235287,574298970,,perlukah saya berjanji di puncak gunung salak agar kalian percaya?,Salak
1862683477432574323,Sat Nov 30 04:56:50 +0000 2024,0,@4kyinnnn Aku di kaki Gunung Salak malah dingin nunggu panas haha,1862722434509811935,,karinblublue,in,,0,1,0,https://x.com/undefined/status/1862722434509811935,1723201022661959680,,aku di kaki gunung salak malah dingin nunggu panas haha,Salak
1862714856350294323,Sat Nov 30 04:26:43 +0000 2024,0,Gunung Semeru Erupsi Lagi pada Sabtu Pagi https://t.co/xwjvI4OZOB,1862714856350294323,,,in,,0,0,0,https://x.com/undefined/status/1862714856350294323,79130206,,gunung semeru erupsi lagi pada sabtu pagi,Semeru
1862707149581033762,Sat Nov 30 03:56:06 +0000 2024,6,Gunung Semeru Kembali Erupsi pada Sabtu Pagi: Warga Diminta Waspada https://t.co/tnlqERL2zU,1862707149581033762,,,in,,1,0,2,https://x.com/undefined/status/1862707149581033762,848614550,,gunung semeru kembali erupsi pada sabtu pagi: warga diminta waspada,Semeru
1862706295746568434,Sat Nov 30 03:52:42 +0000 2024,0,Gunung Semeru yang memiliki ketinggian 3.676 meter di atas permukaan laut (mdpl) yang berada di perbatasan Kabupaten Lumajang dan Malang Jawa kembali erupsi pada Sabtu pagi. https://t.co/FKzBvuPwKE,1862706295746568434,,,in,,1,0,0,https://x.com/undefined/status/1862706295746568434,1557190679553769473,,gunung semeru yang memiliki ketinggian 3.676 meter di atas permukaan laut (mdpl) yang berada di perbatasan kabupaten lumajang dan malang jawa kembali erupsi pada sabtu pagi.,Semeru
1862697630788460802,Sat Nov 30 03:18:17 +0000 2024,132,CITYLIGHT KOTA BANDUNG DILIHAT DARI PUNCAK GUNUNG MANGLAYANG Dari puncak Gunung Maglayang yang menjulang pemandangan malam hari menawarkan keindahan yang memukau bak lukisan alam yang hidup. Di kejauhan kota memamerkan kilauan lampu yang tampak seperti bintang bertebaran di https://t.co/FC7XLP4VtL,1862697630788460802,https://pbs.twimg.com/media/GdmhY3-XsAA0JYK.jpg,,in,,0,182,0,https://x.com/undefined/status/1862697630788460802,1433750119946473478,,citylight kota bandung dilihat dari puncak gunung manglayang dari puncak gunung maglayang yang menjulang pemandangan malam hari menawarkan keindahan yang memukau bak lukisan alam yang hidup. di kejauhan kota memamerkan kilauan lampu yang tampak seperti bintang bertebaran di,Manglayang
1862679544349557130,Sat Nov 30 02:06:24 +0000 2024,0,Sabtu Pagi Ini Gunung Semeru Kembali Erupsi https://t.co/kKMwvadnqB,1862679544349557130,,,in,,0,0,0,https://x.com/undefined/status/1862679544349557130,1578222594,,sabtu pagi ini gunung semeru kembali erupsi,Semeru
1862676715170103799,Sat Nov 30 01:55:10 +0000 2024,1,Gunung Semeru kembali erupsi pada Sabtu pagi https://t.co/xb7mNPjAGA,1862676715170103799,,,in,,0,0,2,https://x.com/undefined/status/1862676715170103799,18071520,,gunung semeru kembali erupsi pada sabtu pagi,Semeru
1862528510415577285,Sat Nov 30 01:00:15 +0000 2024,0,@caprcrnn Puncak botak gunung ungaran,1862662894326087681,,caprcrnn,in,,0,1,0,https://x.com/undefined/status/1862662894326087681,1518258866399899650,,puncak botak gunung ungaran,Ungaran
1862649132206170531,Sat Nov 30 00:05:34 +0000 2024,0,Jalur pendakian Gunung Lawu via Cemoroewu Magetan untuk sementara ditutup gegara cuaca ektrem. 59 pendaki di puncak diminta segera turun. https://t.co/edWcKyB9kY,1862649132206170531,,,in,,0,0,0,https://x.com/undefined/status/1862649132206170531,1404018642,,jalur pendakian gunung lawu via cemoroewu magetan untuk sementara ditutup gegara cuaca ektrem. 59 pendaki di puncak diminta segera turun.,Lawu
1862516643232194748,Fri Nov 29 21:37:54 +0000 2024,0,@undipmfs Yuk yang mau sewa alat gunung atau anjem ke gunung ungaran ready murmer bisa dm ya,1862611972807959029,,undipmfs,in,,0,0,0,https://x.com/undefined/status/1862611972807959029,1795987885994414080,,yuk yang mau sewa alat gunung atau anjem ke gunung ungaran ready murmer bisa dm ya,Ungaran
1862552445165150575,Fri Nov 29 17:41:22 +0000 2024,122,PESONA LAUTAN AWAN DI PUNCAK GUNUNG MANGLAYANG Gunung Manglayang adalah salah satu gunung yang terletak di wilayah perbatasan Kabupaten Sumedang dan Kabupaten Bandung Provinsi Jawa Barat Indonesia. Dengan ketinggian sekitar 1.818 meter di atas permukaan laut gunung ini https://t.co/eSdYKWt2Yo,1862552445165150575,https://pbs.twimg.com/media/GdkdQR-W4AAznAI.jpg,,in,,0,182,0,https://x.com/undefined/status/1862552445165150575,1433750119946473478,,pesona lautan awan di puncak gunung manglayang gunung manglayang adalah salah satu gunung yang terletak di wilayah perbatasan kabupaten sumedang dan kabupaten bandung provinsi jawa barat indonesia. dengan ketinggian sekitar 1.818 meter di atas permukaan laut gunung ini,Manglayang
1861985045965406572,Fri Nov 29 14:20:22 +0000 2024,0,@zakiberkata min ini kenapa daerah gunung ungaran bagian kendal anginnya kenceng bgt yak sampe pohon genteng pada roboh. fenomena apa,1862501862689448440,,zakiberkata,in,,0,0,0,https://x.com/undefined/status/1862501862689448440,1538196142617694208,,min ini kenapa daerah gunung ungaran bagian kendal anginnya kenceng bgt yak sampe pohon genteng pada roboh. fenomena apa,Ungaran
1862496801649258646,Fri Nov 29 14:00:15 +0000 2024,5,Cobalah ke gunung telomoyo lewat jalur pendakian bukan jalur kendaraan. Jalurnya mantep Vegetasinya rapet Viewnya cakep https://t.co/hZtpBMc1FY,1862496801649258646,https://pbs.twimg.com/media/Gdjo1KSXYAAwevq.jpg,,in,,1,2,0,https://x.com/undefined/status/1862496801649258646,1517640815816081409,,cobalah ke gunung telomoyo lewat jalur pendakian bukan jalur kendaraan. jalurnya mantep vegetasinya rapet viewnya cakep,Telomoyo
1862386409379893678,Fri Nov 29 13:03:34 +0000 2024,0,@piotrj @nafasidn Karena musim hujan gak sih? Soalnya tempatku juga jam 1 siang gunung Merapi masih kelihatan padahal biasanya mentok lihat RS Indriati aja,1862482534036349186,,piotrj,in,,0,0,0,https://x.com/undefined/status/1862482534036349186,1742400523398234112,,karena musim hujan gak sih? soalnya tempatku juga jam 1 siang gunung merapi masih kelihatan padahal biasanya mentok lihat rs indriati aja,Merapi
1862470095165169793,Fri Nov 29 12:14:08 +0000 2024,0,Pendakian Gunung Kerinci via Solsel bakal Dibuka Kembali Kabar baik bagi para pendaki yang sudah lama tidak menginjakan kakinya ke puncak Gunung Kerinci. Sebab jalur pendakian gunung dengan ketinggian 3.805 mdpl ini akan dibuka kembali via... https://t.co/037jzIxIUd,1862470095165169793,,,in,,0,0,0,https://x.com/undefined/status/1862470095165169793,270776229,,pendakian gunung kerinci via solsel bakal dibuka kembali kabar baik bagi para pendaki yang sudah lama tidak menginjakan kakinya ke puncak gunung kerinci. sebab jalur pendakian gunung dengan ketinggian 3.805 mdpl ini akan dibuka kembali via...,Kerinci
1862453677082202579,Fri Nov 29 11:08:53 +0000 2024,0,Ini kalo dilihat pake mata langsung td sangat clear..((hp aku aje yg butut)) setelah seharian kemarin hujan dan berkabut hari ini dikasih pemandangan cantik dari gunung sindoro https://t.co/I9HzmwcRu9,1862453677082202579,https://pbs.twimg.com/media/GdjDv41XoAAEkUw.jpg,,in,,0,0,0,https://x.com/undefined/status/1862453677082202579,1358407349950550016,,ini kalo dilihat pake mata langsung td sangat clear..((hp aku aje yg butut)) setelah seharian kemarin hujan dan berkabut hari ini dikasih pemandangan cantik dari gunung sindoro,Sindoro
1862443649092788389,Fri Nov 29 10:29:03 +0000 2024,2,Musim hujan tinggi Gunung Semeru Welirang dan Arjuno ditutup. Rencana sih alternatif nya ke gunung Butak tapi masih lihat sikontol (situasi kondisi dan toleransi) atau kalo nggak ya terpaksa dipending sampai musim hujan sudah agak berkurang. 🇮🇩 https://t.co/LyxcEOS3BO,1862443649092788389,https://pbs.twimg.com/media/Gdi6oQFboAMtXfX.jpg,,in,,0,0,1,https://x.com/undefined/status/1862443649092788389,1101696077147729920,,musim hujan tinggi gunung semeru welirang dan arjuno ditutup. rencana sih alternatif nya ke gunung butak tapi masih lihat sikontol (situasi kondisi dan toleransi) atau kalo nggak ya terpaksa dipending sampai musim hujan sudah agak berkurang. 🇮🇩,Arjuno
1962294893273092438,Sun Aug 31 23:22:14 +0000 2025,0,adek gua hari ini summit 2 gunung w/ abang2 pembaik yg mau ngegendong sampe puncak https://t.co/tLXWmjbzrx,1962294893273092438,https://pbs.twimg.com/media/Gzt4zhwa8AALYcm.jpg,,in,,0,1,0,https://x.com/undefined/status/1962294893273092438,1520772972390215680,,adek gua hari ini summit 2 gunung w/ abang2 pembaik yg mau ngegendong sampe puncak,Abang
1962244832132559337,Sun Aug 31 20:03:19 +0000 2025,7,UNESCO Global Geopark in Indonesia: 1. Batur 2. Gunung Sewu 3. Ciletuh-Palabuhanratu 4. Rinjani-Lombok 5. Toba Caldera 6. Belitong 7. Merangin Jambi 8. Ijen 9. Maros Pangkep 10. Raja Ampat 11. Kebumen 12. Meratus,1962244832132559337,,,in,,0,0,0,https://x.com/undefined/status/1962244832132559337,1584150314944692224,,unesco global geopark in indonesia: 1. batur 2. gunung sewu 3. ciletuh-palabuhanratu 4. rinjani-lombok 5. toba caldera 6. belitong 7. merangin jambi 8. ijen 9. maros pangkep 10. raja ampat 11. kebumen 12. meratus,Rinjani
1962244820073881738,Sun Aug 31 20:03:16 +0000 2025,7,Taman Bumi (Geopark) Dunia/Global UNESCO di Indonesia: 1. Batur 2. Gunung Sewu 3. Ciletuh-Palabuhanratu 4. Rinjani-Lombok 5. Kaldera Toba 6. Belitong 7. Merangin Jambi 8. Ijen 9. Maros Pangkep 10. Raja Ampat 11. Kebumen 12. Meratus,1962244820073881738,,,in,,0,0,0,https://x.com/undefined/status/1962244820073881738,1584150314944692224,,taman bumi (geopark) dunia/global unesco di indonesia: 1. batur 2. gunung sewu 3. ciletuh-palabuhanratu 4. rinjani-lombok 5. kaldera toba 6. belitong 7. merangin jambi 8. ijen 9. maros pangkep 10. raja ampat 11. kebumen 12. meratus,Rinjani
1962192785332961412,Sun Aug 31 16:37:42 +0000 2025,0,Dan ada 1 hiking dadakan yg nyempil mendaki di Gunung Ungaran. Cuacanya cakep pol well thankyou august i will level up my journey in september(hopefully) https://t.co/vhyJN8QatU,1962193087855525932,https://pbs.twimg.com/media/GzscLE6aUAAgHim.jpg,mrsa_f_mf,in,,0,0,0,https://x.com/undefined/status/1962193087855525932,418704105,,dan ada 1 hiking dadakan yg nyempil mendaki di gunung ungaran. cuacanya cakep pol well thankyou august i will level up my journey in september(hopefully),Ungaran
1962139397056536986,Sun Aug 31 15:16:30 +0000 2025,0,@jayapuraupdate Lagi pesen jagung bakar habis menggelinding dari puncak gunung,1962172652099158191,,jayapuraupdate,in,,0,0,0,https://x.com/undefined/status/1962172652099158191,436305948,,lagi pesen jagung bakar habis menggelinding dari puncak gunung,Agung
1962085587680440343,Sun Aug 31 15:10:06 +0000 2025,7,@AR_LanaJKT48 @Lanautica_OFC #LanaGoestoJogjaRoadto19th Dan juga @AR_LanaJKT48 berziarah ke 𝟱.𝟮. 𝙈𝙪𝙨𝙚𝙪𝙢 𝙋𝙚𝙩𝙞𝙡𝙖𝙨𝙖𝙣 𝙈𝙗𝙖𝙝 𝙈𝙖𝙧𝙞𝙙𝙟𝙖𝙣 Kab. Sleman DIY Di tahun 2010 silam terjadi erupsi Gunung Merapi yang menewaskan ratusan orang termasuk sang juru kunci yaitu Mbah Marijan. https://t.co/mOWI3GwCUh,1962171043784925358,https://pbs.twimg.com/media/GzsIKdWaEAAOVA2.jpg,praditsandy30,in,,0,1,1,https://x.com/undefined/status/1962171043784925358,1151045271234551808,,dan juga berziarah ke 𝟱.𝟮. 𝙈𝙪𝙨𝙚𝙪𝙢 𝙋𝙚𝙩𝙞𝙡𝙖𝙨𝙖𝙣 𝙈𝙗𝙖𝙝 𝙈𝙖𝙧𝙞𝙙𝙟𝙖𝙣 kab. sleman diy di tahun 2010 silam terjadi erupsi gunung merapi yang menewaskan ratusan orang termasuk sang juru kunci yaitu mbah marijan.,Merapi
1962085587680440343,Sun Aug 31 12:59:05 +0000 2025,0,@AR_LanaJKT48 @Lanautica_OFC FYI Rhel.. @AR_LanaJKT48 Bunker ini dibangun pada tahun 𝟐𝟎𝟎𝟏 sebagai tempat evakuasi bagi masyarakat saat terjadi erupsi gunung berapi. Namun pada tahun 𝟐𝟎𝟎𝟔 bunker ini tertimbun oleh aliran piroklastik saat terjadi erupsi besar Merapi. #LanaGoestoJogjaRoadto19th https://t.co/xk7ENX7YTL,1962138071585214774,https://pbs.twimg.com/ext_tw_video_thumb/1962138038387290112/pu/img/xidGB8XBMDsU5yCC.jpg,praditsandy30,in,,0,1,0,https://x.com/undefined/status/1962138071585214774,1151045271234551808,,fyi rhel.. bunker ini dibangun pada tahun 𝟐𝟎𝟎𝟏 sebagai tempat evakuasi bagi masyarakat saat terjadi erupsi gunung berapi. namun pada tahun 𝟐𝟎𝟎𝟔 bunker ini tertimbun oleh aliran piroklastik saat terjadi erupsi besar merapi.,Merapi
1962127024153366879,Sun Aug 31 12:42:25 +0000 2025,0,@skyistheleebit @jidscimahi Mjb gunung agung langsung bisa dapet summit pas dapet lencana. Aku sampe puncak langsung dapet lencana dan summit kok,1962133875276009934,,skyistheleebit,in,,0,0,0,https://x.com/undefined/status/1962133875276009934,1626578836468150273,,mjb gunung agung langsung bisa dapet summit pas dapet lencana. aku sampe puncak langsung dapet lencana dan summit kok,Agung
1962119657026122228,Sun Aug 31 11:45:55 +0000 2025,17,Akhirnya keturutan ke kintamani nge camp ke gunung batur pula. https://t.co/53uyVaxZOa,1962119657026122228,https://pbs.twimg.com/media/GzrZaS9aIAAiWhE.jpg,,in,,0,1,0,https://x.com/undefined/status/1962119657026122228,1525228559274745856,,akhirnya keturutan ke kintamani nge camp ke gunung batur pula.,Batur
1962098708390215943,Sun Aug 31 10:22:40 +0000 2025,2,udah di titik muak bgt denger die tereak merdeka . kaga bakal ngaruh sekalipun dia tereak dari puncak gunung semeru sambil ngibarin bendera merah putih lalu teriak titiek kembalilah ke pelukanku .,1962098708390215943,,,in,,0,0,0,https://x.com/undefined/status/1962098708390215943,1594303184205291522,,udah di titik muak bgt denger die tereak merdeka . kaga bakal ngaruh sekalipun dia tereak dari puncak gunung semeru sambil ngibarin bendera merah putih lalu teriak titiek kembalilah ke pelukanku .,Semeru
1962081668933771598,Sun Aug 31 09:14:58 +0000 2025,0,Gunung Semeru yang berada di perbatasan Kabupaten Lumajang dan Malang Jawa Timur mengalami tiga kali erupsi dengan tinggi letusan hingga 900 meter di atas puncak pada Minggu.https://t.co/nFyDQeTJi3,1962081668933771598,,,in,,0,0,0,https://x.com/undefined/status/1962081668933771598,423220305,,gunung semeru yang berada di perbatasan kabupaten lumajang dan malang jawa timur mengalami tiga kali erupsi dengan tinggi letusan hingga 900 meter di atas puncak pada minggu.,Semeru
1962050646070501379,Sun Aug 31 07:11:41 +0000 2025,6,Terjadi erupsi G. Semeru pada hari Minggu 31 Agustus 2025 pukul 05:38 WIB tinggi kolom abu teramati ± 800 m di atas puncak. Erupsi terekam di seismograf dengan amplitudo maksimum 22 mm dan durasi 136 detik. https://t.co/ajNfOPZFpz via @id_magma https://t.co/dbMYZuRFZz,1962050646070501379,https://pbs.twimg.com/media/GzqapkBaUAAvDfN.jpg,,in,,0,0,1,https://x.com/undefined/status/1962050646070501379,833912055614758912,,terjadi erupsi g. semeru pada hari minggu 31 agustus 2025 pukul 05:38 wib tinggi kolom abu teramati ± 800 m di atas puncak. erupsi terekam di seismograf dengan amplitudo maksimum 22 mm dan durasi 136 detik. via,Semeru
1961968031334301933,Sun Aug 31 01:43:24 +0000 2025,9,Eh ges gua ijin ya non-aktif buat seharian ini. Posisi gw kejebak di pesantren kwitang belakang toko buku gunung agung lagi was2 soalnya.,1961968031334301933,,,in,,1,7,0,https://x.com/undefined/status/1961968031334301933,999418577215078400,,eh ges gua ijin ya non-aktif buat seharian ini. posisi gw kejebak di pesantren kwitang belakang toko buku gunung agung lagi was2 soalnya.,Agung
1961774491237007823,Sat Aug 30 12:54:21 +0000 2025,7,UNESCO Global Geopark in Indonesia: 1. Batur 2. Gunung Sewu 3. Ciletuh-Palabuhanratu 4. Rinjani-Lombok 5. Toba Caldera 6. Belitong 7. Merangin Jambi 8. Ijen 9. Maros Pangkep 10. Raja Ampat 11. Kebumen 12. Meratus,1961774491237007823,,,in,,0,0,0,https://x.com/undefined/status/1961774491237007823,1584150314944692224,,unesco global geopark in indonesia: 1. batur 2. gunung sewu 3. ciletuh-palabuhanratu 4. rinjani-lombok 5. toba caldera 6. belitong 7. merangin jambi 8. ijen 9. maros pangkep 10. raja ampat 11. kebumen 12. meratus,Rinjani
1961774477370679776,Sat Aug 30 12:54:18 +0000 2025,7,Taman Bumi (Geopark) Dunia/Global UNESCO di Indonesia: 1. Batur 2. Gunung Sewu 3. Ciletuh-Palabuhanratu 4. Rinjani-Lombok 5. Kaldera Toba 6. Belitong 7. Merangin Jambi 8. Ijen 9. Maros Pangkep 10. Raja Ampat 11. Kebumen 12. Meratus,1961774477370679776,,,in,,0,0,0,https://x.com/undefined/status/1961774477370679776,1584150314944692224,,taman bumi (geopark) dunia/global unesco di indonesia: 1. batur 2. gunung sewu 3. ciletuh-palabuhanratu 4. rinjani-lombok 5. kaldera toba 6. belitong 7. merangin jambi 8. ijen 9. maros pangkep 10. raja ampat 11. kebumen 12. meratus,Rinjani
1961770172173459853,Sat Aug 30 12:37:11 +0000 2025,0,dia naik gunung sumbing aku malah bete ga ada kabarnya pas sampe basecamp,1961770172173459853,,,in,,0,0,0,https://x.com/undefined/status/1961770172173459853,619990286,,dia naik gunung sumbing aku malah bete ga ada kabarnya pas sampe basecamp,Sumbing
1961754267578208509,Sat Aug 30 11:33:59 +0000 2025,0,ayo gas mendaki gunung semeru dan mengibarkan bendera merah putih lalu berteriak TITIEKK KEMBALILAH KE PELUKANKU stlh itu menggelinding melewati tangga bergoyang spt landak dan pas smpe basecamp jgn lupa membeli jagung bakar,1961754267578208509,,,in,,0,0,0,https://x.com/undefined/status/1961754267578208509,1002845603431190529,,ayo gas mendaki gunung semeru dan mengibarkan bendera merah putih lalu berteriak titiekk kembalilah ke pelukanku stlh itu menggelinding melewati tangga bergoyang spt landak dan pas smpe basecamp jgn lupa membeli jagung bakar,Agung
1961723034878005505,Sat Aug 30 11:33:02 +0000 2025,0,@hoyoonnim arah mata angin ada makna nya. contohnya di Yogya utara (lor) ada gunung Merapi (simbol dunia atas) tengah ada keraton (simbol dunia manusia) selatan (kidul) ada pantai selatan/nyai roro kidul (simbol dunia bawah). trus kalo diliat pake garis imajiner itu tuh segaris lurus :D,1961754025742983351,,hoyoonnim,in,,0,0,0,https://x.com/undefined/status/1961754025742983351,1270612714662948864,,arah mata angin ada makna nya. contohnya di yogya utara (lor) ada gunung merapi (simbol dunia atas) tengah ada keraton (simbol dunia manusia) selatan (kidul) ada pantai selatan/nyai roro kidul (simbol dunia bawah). trus kalo diliat pake garis imajiner itu tuh segaris lurus :d,Merapi
1961742649615876505,Sat Aug 30 10:47:49 +0000 2025,0,Sempat Pingsan dalam Perjalanan Menuju Puncak Gunung Agung Jro Mangku asal Klungkung Dinyatakan MD https://t.co/vqDIay3M6W,1961742649615876505,,,in,,0,0,0,https://x.com/undefined/status/1961742649615876505,798478258119405568,,sempat pingsan dalam perjalanan menuju puncak gunung agung jro mangku asal klungkung dinyatakan md,Agung
1961706042217341379,Sat Aug 30 08:22:21 +0000 2025,0,sumpah kemuak bolak balik gunung sumbing mentok di sampingnya sungai yang ada air terjunnya(?) entah karna dc karna kena petir kena petir lagi. kapan sampe puncaknya https://t.co/CVRoyeuU7g,1961706042217341379,https://pbs.twimg.com/media/GzlhPtFbcAAUW3P.jpg,,in,,0,3,0,https://x.com/undefined/status/1961706042217341379,1665238146,,sumpah kemuak bolak balik gunung sumbing mentok di sampingnya sungai yang ada air terjunnya(?) entah karna dc karna kena petir kena petir lagi. kapan sampe puncaknya,Sumbing
1961691364468691391,Sat Aug 30 07:24:02 +0000 2025,0,pwt cuacanya ga baik ih. yg lagi naik gunung musim hujan gini ke gn slamet sehat sehat lu pada di atas yaaa,1961691364468691391,,,in,,0,1,0,https://x.com/undefined/status/1961691364468691391,1840417466943766528,,pwt cuacanya ga baik ih. yg lagi naik gunung musim hujan gini ke gn slamet sehat sehat lu pada di atas yaaa,Slamet
1963796978204299348,Tue Sep 30 15:14:01 +0000 2025,0,ini harusnya gunung buaya cape banget liat buaya genit dan ngeselin ini. pas di puncak bisa main kembang api dan dikasih boneka panda nyang bisa bunyiii :3 https://t.co/4sStVlPeHq,1973043664940355725,https://pbs.twimg.com/media/G2GoKsVbcAAkj2h.jpg,hanniaphm,in,,0,0,0,https://x.com/undefined/status/1973043664940355725,1268417001766060032,,ini harusnya gunung buaya cape banget liat buaya genit dan ngeselin ini. pas di puncak bisa main kembang api dan dikasih boneka panda nyang bisa bunyiii :3,Kembang
1972983450840989709,Tue Sep 30 11:14:45 +0000 2025,1,bismo bener gunung buat pemula trek landai ada ojek sampe pos 2 viewny maksimal bgttttttttt,1972983450840989709,,,in,,0,0,0,https://x.com/undefined/status/1972983450840989709,1544276163773640709,,bismo bener gunung buat pemula trek landai ada ojek sampe pos 2 viewny maksimal bgttttttttt,Bismo
1972959931973456133,Tue Sep 30 09:41:18 +0000 2025,3,INFO BADAN GEOLOGI Selasa 30/09/2025 Hujan di puncak Gunung Merapi telah reda. Hujan terjadi mulai pukul 15:12 WIB durasi 57 menit curah hujan 11 mm intensitas 18 mm/jam #aktivitasmerapi Kanal telegram untuk informasi hujan lebih lengkap: https://t.co/HPOMIphASA,1972959931973456133,,,in,,0,0,0,https://x.com/undefined/status/1972959931973456133,207395387,,info badan geologi selasa 30/09/2025 hujan di puncak gunung merapi telah reda. hujan terjadi mulai pukul 15:12 wib durasi 57 menit curah hujan 11 mm intensitas 18 mm/jam kanal telegram untuk informasi hujan lebih lengkap:,Merapi
1972940836376887572,Tue Sep 30 08:25:25 +0000 2025,0,Pos Gunung Api (PGA) Gunung Marapi melaporkan abu vulkanik gunung api yang berada di Kabupaten Agam dan Kabupaten Tanah Datar Provinsi Sumatera Barat mengarah ke sisi timur pasca-erupsi pukul 09.39 WIB. https://t.co/eFZyUt2n2q,1972940836376887572,,,in,,0,0,0,https://x.com/undefined/status/1972940836376887572,1738256529462341634,,pos gunung api (pga) gunung marapi melaporkan abu vulkanik gunung api yang berada di kabupaten agam dan kabupaten tanah datar provinsi sumatera barat mengarah ke sisi timur pasca-erupsi pukul 09.39 wib.,Marapi
1972937110689841287,Tue Sep 30 08:10:54 +0000 2025,1,Sebuah shelter darurat baru resmi dibangun di Plawangan 4 pos terakhir sebelum puncak Gunung Rinjani dan diresmikan bertepatan dengan Hari Kemerdekaan RI ke-80 pada 17 Agustus 2025. Pendirian shelter ini merupakan respons atas sejumlah insiden di masa lalu yang menunjukkan,1972937182227919282,,GNFI,in,,0,1,1,https://x.com/undefined/status/1972937182227919282,39677695,,sebuah shelter darurat baru resmi dibangun di plawangan 4 pos terakhir sebelum puncak gunung rinjani dan diresmikan bertepatan dengan hari kemerdekaan ri ke-80 pada 17 agustus 2025. pendirian shelter ini merupakan respons atas sejumlah insiden di masa lalu yang menunjukkan,Rinjani
1972934738567680279,Tue Sep 30 08:01:12 +0000 2025,9,1. Gunung Andong Magelang Jawa Tengah Tinggi: 1.726 mdpl (ringan untuk pemula) Waktu tempuh: ±2 jam sampai puncak Highlight: jalur mudah + panorama 4 gunung (Merbabu Merapi Sumbing Sindoro) Cocok banget buat first hike! Cr tiktok : @/kangdolanwsb https://t.co/0hEtFouAqm,1972934741872836978,https://pbs.twimg.com/amplify_video_thumb/1972931061337497600/img/o1uA8pjm1R-J67_3.jpg,pesonaindonesia,in,,0,2,0,https://x.com/undefined/status/1972934741872836978,832175636764450816,,1. gunung andong magelang jawa tengah tinggi: 1.726 mdpl (ringan untuk pemula) waktu tempuh: ±2 jam sampai puncak highlight: jalur mudah + panorama 4 gunung (merbabu merapi sumbing sindoro) cocok banget buat first hike! cr tiktok : @/kangdolanwsb,Sumbing
1972882655516696579,Tue Sep 30 04:49:57 +0000 2025,1,tak payah menjarah kawah gunung rinjani demi disegani. puncak ketahanan manusia dalam hadapi ketakutan dapat berwujudkan tuan tuan menawan. jangan coba melawan jika tak siap untuk ditawan. mereka rawan lebih baik bertahan. https://t.co/G5zY7fqfBT,1972886611663929355,https://pbs.twimg.com/media/G2EZ6iYbUAEWKqm.jpg,batuanbiru,in,,0,0,1,https://x.com/undefined/status/1972886611663929355,1956745347822428160,,tak payah menjarah kawah gunung rinjani demi disegani. puncak ketahanan manusia dalam hadapi ketakutan dapat berwujudkan tuan tuan menawan. jangan coba melawan jika tak siap untuk ditawan. mereka rawan lebih baik bertahan.,Rinjani
1972874045935997256,Tue Sep 30 04:27:43 +0000 2025,0,@Cauldrone2002 @ARSIPAJA Program food estate di Indonesia punya hasil campuran. Contoh keberhasilan: panen jagung 6 5 ton/ha di Gunung Mas Kalteng (sumber: CNN Indonesia 2024). Namun banyak laporan kegagalan seperti di Sumut (80% lahan terlantar) dan Kalteng (ribuan ha terbengkalai BBC 2024).,1972881019029295149,,Cauldrone2002,in,,0,0,0,https://x.com/undefined/status/1972881019029295149,1720665183188922368,,program food estate di indonesia punya hasil campuran. contoh keberhasilan: panen jagung 6 5 ton/ha di gunung mas kalteng (sumber: cnn indonesia 2024). namun banyak laporan kegagalan seperti di sumut (80% lahan terlantar) dan kalteng (ribuan ha terbengkalai bbc 2024).,Agung
1972880739869069794,Tue Sep 30 04:26:37 +0000 2025,5,Gunung Marapi Sumbar Erupsi Pagi Ini Warga Diminta Waspada Hujan Abu https://t.co/zQTVHZJ1Mt,1972880739869069794,,,in,,0,1,3,https://x.com/undefined/status/1972880739869069794,17128975,,gunung marapi sumbar erupsi pagi ini warga diminta waspada hujan abu,Marapi
1972878620806005068,Tue Sep 30 04:23:49 +0000 2025,0,@d_heane Lokasi: Gunung Telomoyo di Magelang Jawa Tengah. Mulai dari basecamp seperti Dalangan atau area sekitar. Waktu terbaik: Musim kemarau (Mei-September) pagi hari (mulai 03.00-04.00 WIB) untuk sunrise dan cuaca cerah. Durasi perjalanan Jeep sekitar 30-60 menit ke puncak. Selamat,1972880035242791397,,d_heane,in,,0,0,0,https://x.com/undefined/status/1972880035242791397,1720665183188922368,,lokasi: gunung telomoyo di magelang jawa tengah. mulai dari basecamp seperti dalangan atau area sekitar. waktu terbaik: musim kemarau (mei-september) pagi hari (mulai 03.00-04.00 wib) untuk sunrise dan cuaca cerah. durasi perjalanan jeep sekitar 30-60 menit ke puncak. selamat,Telomoyo
1972846347578703983,Tue Sep 30 02:09:57 +0000 2025,0,Jangan gentar meski badai menghadang Gunung tinggi tetap bisa ditapaki. Langkah kecil terus kau jalani Perjuanganmu akan berbuah nanti.,1972846347578703983,,,in,,0,0,0,https://x.com/undefined/status/1972846347578703983,2497551733,,jangan gentar meski badai menghadang gunung tinggi tetap bisa ditapaki. langkah kecil terus kau jalani perjuanganmu akan berbuah nanti.,Tapak
1972828672890675677,Tue Sep 30 00:59:43 +0000 2025,10,siapa yg setuju ini orang di gelindingin dari gunung slamet,1972828672890675677,,,in,,0,2,0,https://x.com/undefined/status/1972828672890675677,1802720190645628928,,siapa yg setuju ini orang di gelindingin dari gunung slamet,Slamet
1972807000699683289,Mon Sep 29 23:33:36 +0000 2025,2,Gewd Mownin! Akhirnya nemu villa yang cocok buat staycation bareng keluarga. Dengan kriteria ada private pool view sawah dan gunung merapi dan dapet free breakfast juga. Saking ademnya tanpa nyalain AC pun udah menggigil kedinginan tapi air kolam renangnya hangat. https://t.co/xu2tcghA06,1972807000699683289,https://pbs.twimg.com/media/G2DRf8IbgAA4MWi.jpg,,in,,0,1,0,https://x.com/undefined/status/1972807000699683289,65035503,,gewd mownin! akhirnya nemu villa yang cocok buat staycation bareng keluarga. dengan kriteria ada private pool view sawah dan gunung merapi dan dapet free breakfast juga. saking ademnya tanpa nyalain ac pun udah menggigil kedinginan tapi air kolam renangnya hangat.,Merapi
1972673729546059950,Mon Sep 29 21:04:40 +0000 2025,0,@roblox_fess Sibuatan sama semestaa kagak sampe puncak puncakkk itu gunung dua,1972769521669898343,,roblox_fess,in,,0,0,0,https://x.com/undefined/status/1972769521669898343,1001847737543933953,,sibuatan sama semestaa kagak sampe puncak puncakkk itu gunung dua,Sibuatan
1972694082482016719,Mon Sep 29 16:04:54 +0000 2025,1,Ini cewek siapa dah ngalangin tapi okelah 3 gunung (yang 1 entahlah apa itu) terlewati sama my abang aku gw. https://t.co/uOhKWYz47R,1972694082482016719,https://pbs.twimg.com/media/G2Bqz2yaQAAFeOP.jpg,,in,,0,1,1,https://x.com/undefined/status/1972694082482016719,98019300,,ini cewek siapa dah ngalangin tapi okelah 3 gunung (yang 1 entahlah apa itu) terlewati sama my abang aku gw.,Abang
1972686444738302448,Mon Sep 29 15:34:33 +0000 2025,2,Awokawok. Dan masih banyak yg mikir indon negara religius?? Religius diliat lewat lubaang sedotan air mineral gelas waktu mati lampu dari puncak gunung slamet.,1972686444738302448,,,in,,0,0,0,https://x.com/undefined/status/1972686444738302448,1707613283895902208,,awokawok. dan masih banyak yg mikir indon negara religius?? religius diliat lewat lubaang sedotan air mineral gelas waktu mati lampu dari puncak gunung slamet.,Slamet
1972668445096575433,Mon Sep 29 14:23:02 +0000 2025,0,Saat ini sedang dilakukan pembangunan jalur ojek gunung Prau via Patakbanteng. Jasa ojek nantinya akan sampai Pos 2. https://t.co/SzSAVoVvSo,1972668445096575433,,,in,,0,0,0,https://x.com/undefined/status/1972668445096575433,454647489,,saat ini sedang dilakukan pembangunan jalur ojek gunung prau via patakbanteng. jasa ojek nantinya akan sampai pos 2.,Prau
1972665251716853834,Mon Sep 29 14:10:21 +0000 2025,7,UNESCO Global Geopark in Indonesia: 1. Batur 2. Gunung Sewu 3. Ciletuh-Palabuhanratu 4. Rinjani-Lombok 5. Toba Caldera 6. Belitong 7. Merangin Jambi 8. Ijen 9. Maros Pangkep 10. Raja Ampat 11. Kebumen 12. Meratus,1972665251716853834,,,in,,0,0,0,https://x.com/undefined/status/1972665251716853834,1584150314944692224,,unesco global geopark in indonesia: 1. batur 2. gunung sewu 3. ciletuh-palabuhanratu 4. rinjani-lombok 5. toba caldera 6. belitong 7. merangin jambi 8. ijen 9. maros pangkep 10. raja ampat 11. kebumen 12. meratus,Rinjani
1972665238999974039,Mon Sep 29 14:10:17 +0000 2025,7,Taman Bumi (Geopark) Dunia/Global UNESCO di Indonesia: 1. Batur 2. Gunung Sewu 3. Ciletuh-Palabuhanratu 4. Rinjani-Lombok 5. Kaldera Toba 6. Belitong 7. Merangin Jambi 8. Ijen 9. Maros Pangkep 10. Raja Ampat 11. Kebumen 12. Meratus,1972665238999974039,,,in,,0,0,0,https://x.com/undefined/status/1972665238999974039,1584150314944692224,,taman bumi (geopark) dunia/global unesco di indonesia: 1. batur 2. gunung sewu 3. ciletuh-palabuhanratu 4. rinjani-lombok 5. kaldera toba 6. belitong 7. merangin jambi 8. ijen 9. maros pangkep 10. raja ampat 11. kebumen 12. meratus,Rinjani
1972654031312244990,Mon Sep 29 13:25:45 +0000 2025,3,Habis hujan siang tuh malemnya jadi cepet ngantuk rasanya pengen tidur sampai gunung Merbabu berubah jadi majikan,1972654031312244990,,,in,,0,1,2,https://x.com/undefined/status/1972654031312244990,1346415859758026752,,habis hujan siang tuh malemnya jadi cepet ngantuk rasanya pengen tidur sampai gunung merbabu berubah jadi majikan,Merbabu
1972629998898237720,Mon Sep 29 11:50:16 +0000 2025,0,Lokasi take off Kejuaraan Terbuka Gantole Telomoyo Cup IX 2025 terpaksa dipindah karena kendala cuaca. Pilot yang semestinya mengawali lomba dari puncak Gunung Telomoyo terpaksa dialihkan ke puncak Gunung Gajah. #gantoletelomoyocup #tvrijawatengah https://t.co/z3rFZcTfsF,1972629998898237720,,,in,,0,0,0,https://x.com/undefined/status/1972629998898237720,1085408062545018882,,lokasi take off kejuaraan terbuka gantole telomoyo cup ix 2025 terpaksa dipindah karena kendala cuaca. pilot yang semestinya mengawali lomba dari puncak gunung telomoyo terpaksa dialihkan ke puncak gunung gajah.,Telomoyo
1972608161111838825,Mon Sep 29 10:23:29 +0000 2025,0,Walaupun dieng gada gunung dia dataran tinggi yg bener² tinggi smpe nyampe titik beku 0 derajat bjir. Gunung prau aka bukit dia lebih dingin dibanding gunung lain kalau pas muncak bulan juli-sept,1972608161111838825,,,in,,0,0,0,https://x.com/undefined/status/1972608161111838825,1687807620130959361,,walaupun dieng gada gunung dia dataran tinggi yg bener² tinggi smpe nyampe titik beku 0 derajat bjir. gunung prau aka bukit dia lebih dingin dibanding gunung lain kalau pas muncak bulan juli-sept,Prau
1972605936708772057,Mon Sep 29 10:14:39 +0000 2025,2,Naik gunung sumbing sama pacarku aku ke lempar ke inti gunung jir gabisa ke tenda lagi (puncak) https://t.co/ir8ymjY4aW,1972605936708772057,https://pbs.twimg.com/ext_tw_video_thumb/1972605813018841088/pu/img/7e9u6dX5yKhP0Evc.jpg,,in,,0,3,1,https://x.com/undefined/status/1972605936708772057,955438732940726272,,naik gunung sumbing sama pacarku aku ke lempar ke inti gunung jir gabisa ke tenda lagi (puncak),Sumbing
1972592453531345157,Mon Sep 29 09:21:04 +0000 2025,8,siapa yg setuju prabowo digelindingin dr gunung Merapi,1972592453531345157,,,in,,0,2,0,https://x.com/undefined/status/1972592453531345157,1456285254042284033,,siapa yg setuju prabowo digelindingin dr gunung merapi,Merapi
1894010672410702036,Mon Sep 29 08:14:17 +0000 2025,1,@icedsanger_ Sebelumnya sempet diajak temen ke Salak via apa gitu lupa tepat seminggu setelah turun dengan kaki yang masih begetar abis turun dari Gunung X yang jadi Puncak Bandung terus aku check kan di youtube ada yang review track dan setelah lihat ada rappelling. Aku angkat tangan ‍️,1972575647735423113,,UrDarlingg,in,,0,1,0,https://x.com/undefined/status/1972575647735423113,997459437701902336,,sebelumnya sempet diajak temen ke salak via apa gitu lupa tepat seminggu setelah turun dengan kaki yang masih begetar abis turun dari gunung x yang jadi puncak bandung terus aku check kan di youtube ada yang review track dan setelah lihat ada rappelling. aku angkat tangan ‍️,Salak
1972482503262027777,Mon Sep 29 02:04:10 +0000 2025,0,Berikut kami sampaikan prakiraan cuaca di kawasan rawan bencana Gunung Marapi untuk hari Senin 29 September 2025. Untuk informasi prakiraan cuaca per kecamatan bisa dilihat melalui aplikasi Info BMKG. #infocuacasumbar #bmkgsumbar #infosumbar #infobmkg #infobmkgpws https://t.co/79eXuvliM1,1972482503262027777,https://pbs.twimg.com/media/G1-qX-EakAAqjW7.jpg,,in,,0,0,0,https://x.com/undefined/status/1972482503262027777,1296032890552115200,,berikut kami sampaikan prakiraan cuaca di kawasan rawan bencana gunung marapi untuk hari senin 29 september 2025. untuk informasi prakiraan cuaca per kecamatan bisa dilihat melalui aplikasi info bmkg.,Marapi
1972470900604936654,Mon Sep 29 01:30:36 +0000 2025,0,DIA JUGA LOW PROFILE BGTTTTT HAHA post 0 highlight cmn 1 itu pun highlight naik gunung (agung bgttt gilingggg),1972474055333953979,,duniatiaa,in,,0,0,0,https://x.com/undefined/status/1972474055333953979,272296874,,dia juga low profile bgttttt haha post 0 highlight cmn 1 itu pun highlight naik gunung (agung bgttt gilingggg),Agung
1972470651593367659,Mon Sep 29 01:17:04 +0000 2025,1,https://t.co/WWO79pkUEl | LUMAJANG Gunung Semeru gunung tertinggi di Pulau Jawa kembali mengalami erupsi pada Minggu (28/9/2025) pukul 05.13 WIB. Letusan ini menambah panjang daftar aktivitas vulkanik gunung yang terletak di Kabupaten Lumajang dan Malang Jawa Timur tersebut. https://t.co/ITCAEuGfDy,1972470651593367659,https://pbs.twimg.com/amplify_video_thumb/1972470584828395520/img/_XpRmk_mJ0zOfbBL.jpg,,in,,0,0,0,https://x.com/undefined/status/1972470651593367659,782227850698960896,,| lumajang gunung semeru gunung tertinggi di pulau jawa kembali mengalami erupsi pada minggu (28/9/2025) pukul 05.13 wib. letusan ini menambah panjang daftar aktivitas vulkanik gunung yang terletak di kabupaten lumajang dan malang jawa timur tersebut.,Semeru
1972470479370981856,Mon Sep 29 01:16:23 +0000 2025,2,MAF training ternyata membantu banget buat naek gunung ya. Kemaren ke Slamet HR aman max 150an dan ga berasa cape. Tiba2 dah smpe pos selanjutnya. Padahal dl suwanting dah mau nangis aja di trek,1972470479370981856,,,in,,0,1,0,https://x.com/undefined/status/1972470479370981856,1120696819992842240,,maf training ternyata membantu banget buat naek gunung ya. kemaren ke slamet hr aman max 150an dan ga berasa cape. tiba2 dah smpe pos selanjutnya. padahal dl suwanting dah mau nangis aja di trek,Slamet
1972452718762741858,Mon Sep 29 00:39:06 +0000 2025,0,Dari gerbang Mahoutokoro Hayami Ayana dan Hiroto memulai perjalanan mereka menyusuri jalur setapak yang berkelok-kelok menuju puncak gunung Kuil Yureikami. Kabut pagi yang tipis mulai menghilang digantikan oleh sinar matahari hangat yang menyusup melalui pepohonan sakura liar.,1972461095094018451,,hayamiow,in,,0,1,0,https://x.com/undefined/status/1972461095094018451,1686716151181824000,,dari gerbang mahoutokoro hayami ayana dan hiroto memulai perjalanan mereka menyusuri jalur setapak yang berkelok-kelok menuju puncak gunung kuil yureikami. kabut pagi yang tipis mulai menghilang digantikan oleh sinar matahari hangat yang menyusup melalui pepohonan sakura liar.,Tapak
1984394060531187722,Fri Oct 31 22:56:34 +0000 2025,0,Kenjeran - Kedung Cowek - Putro Agung ramai lancar Mayjen Sungkono - Hr muhammad ramai lancar Gunung sari - Exit tol - Mastrip ramai lancar,1984394093796171778,,call112surabaya,in,,0,0,0,https://x.com/undefined/status/1984394093796171778,762497866501730304,,kenjeran - kedung cowek - putro agung ramai lancar mayjen sungkono - hr muhammad ramai lancar gunung sari - exit tol - mastrip ramai lancar,Agung
1984257930410230204,Fri Oct 31 13:55:30 +0000 2025,7,UNESCO Global Geopark in Indonesia: 1. Batur 2. Gunung Sewu 3. Ciletuh-Palabuhanratu 4. Rinjani-Lombok 5. Toba Caldera 6. Belitong 7. Merangin Jambi 8. Ijen 9. Maros Pangkep 10. Raja Ampat 11. Kebumen 12. Meratus,1984257930410230204,,,in,,0,0,0,https://x.com/undefined/status/1984257930410230204,1584150314944692224,,unesco global geopark in indonesia: 1. batur 2. gunung sewu 3. ciletuh-palabuhanratu 4. rinjani-lombok 5. toba caldera 6. belitong 7. merangin jambi 8. ijen 9. maros pangkep 10. raja ampat 11. kebumen 12. meratus,Rinjani
1984257919777656966,Fri Oct 31 13:55:28 +0000 2025,7,Taman Bumi (Geopark) Dunia/Global UNESCO di Indonesia: 1. Batur 2. Gunung Sewu 3. Ciletuh-Palabuhanratu 4. Rinjani-Lombok 5. Kaldera Toba 6. Belitong 7. Merangin Jambi 8. Ijen 9. Maros Pangkep 10. Raja Ampat 11. Kebumen 12. Meratus,1984257919777656966,,,in,,0,0,0,https://x.com/undefined/status/1984257919777656966,1584150314944692224,,taman bumi (geopark) dunia/global unesco di indonesia: 1. batur 2. gunung sewu 3. ciletuh-palabuhanratu 4. rinjani-lombok 5. kaldera toba 6. belitong 7. merangin jambi 8. ijen 9. maros pangkep 10. raja ampat 11. kebumen 12. meratus,Rinjani
1984236531385798816,Fri Oct 31 12:32:07 +0000 2025,0,@rarariesse Berdasarkan prakiraan dari BMKG dan sumber lain untuk Gunung Penanggungan (1 Nov malam - 2 Nov pagi 2025): - Suhu: 21-23°C (lebih dingin di ketinggian). - Kondisi: Berawan tebal kemungkinan hujan ringan atau gerimis. - Angin: Lemah 5-10 km/jam. - Curah hujan: Rendah-sedang ,1984236945359380875,,rarariesse,in,,0,0,0,https://x.com/undefined/status/1984236945359380875,1720665183188922368,,berdasarkan prakiraan dari bmkg dan sumber lain untuk gunung penanggungan (1 nov malam - 2 nov pagi 2025): - suhu: 21-23°c (lebih dingin di ketinggian). - kondisi: berawan tebal kemungkinan hujan ringan atau gerimis. - angin: lemah 5-10 km/jam. - curah hujan: rendah-sedang,Penanggungan
1983882651594617289,Fri Oct 31 12:15:23 +0000 2025,0,@hary_latief @svtwsteez @arekene @cuanbersamaaku Waktu terbaik ke Gunung Prau adalah musim kemarau Mei sampai September. Cuaca cerah minim hujan dan sunrise indah. Juni-Agustus paling populer tapi dingin banget (bisa di bawah 0°C). Hindari musim hujan biar aman. Selamat mendaki!,1984232734211059943,,hary_latief,in,,0,0,0,https://x.com/undefined/status/1984232734211059943,1720665183188922368,,waktu terbaik ke gunung prau adalah musim kemarau mei sampai september. cuaca cerah minim hujan dan sunrise indah. juni-agustus paling populer tapi dingin banget (bisa di bawah 0°c). hindari musim hujan biar aman. selamat mendaki!,Prau
1984202976245010833,Fri Oct 31 10:17:08 +0000 2025,0,eh tambahin tulisan sastra sm 7 prajurit bapak wkwkwk ga kalah banjir kok apalagi klo inget sastra brengsekkk di sakitin sm tulisan. trss ada lupa aku judulnya yg mereka mendaki ke gunung rinjani AH MAMPUS APA AKU DOWNLOAD LAGI YA WP,1984202976245010833,,,in,,0,0,0,https://x.com/undefined/status/1984202976245010833,1608305613133553665,,eh tambahin tulisan sastra sm 7 prajurit bapak wkwkwk ga kalah banjir kok apalagi klo inget sastra brengsekkk di sakitin sm tulisan. trss ada lupa aku judulnya yg mereka mendaki ke gunung rinjani ah mampus apa aku download lagi ya wp,Rinjani
1983882651594617289,Fri Oct 31 09:44:49 +0000 2025,0,@svtwsteez @arekene @cuanbersamaaku Bukan di Gunung Sumbing tapi di Gunung Prau Dieng Plateau. Dari puncak Prau kamu bisa lihat Gunung Sumbing dan Sindoro di kejauhan terutama saat sunrise seperti di video itu. Indah banget!,1984194841325211823,,svtwsteez,in,,0,1,0,https://x.com/undefined/status/1984194841325211823,1720665183188922368,,bukan di gunung sumbing tapi di gunung prau dieng plateau. dari puncak prau kamu bisa lihat gunung sumbing dan sindoro di kejauhan terutama saat sunrise seperti di video itu. indah banget!,Prau
1984193163129708869,Fri Oct 31 09:38:10 +0000 2025,0,Aktivitas Gunung Merapi meningkat dan perlu kita pantau bareng-bareng. Kalau Sedulur tinggal di sekitar Gunung Merapi tetap waspada yaa. Hindari area rawan bahaya apalagi pas hujan deras karena bisa memicu 𝐥𝐚𝐡𝐚𝐫 𝐝𝐢𝐧𝐠𝐢𝐧 atau 𝐠𝐮𝐠𝐮𝐫𝐚𝐧 𝐚𝐰𝐚𝐧 𝐩𝐚𝐧𝐚𝐬.,1984193166665544187,,kominfodiy,in,,0,1,0,https://x.com/undefined/status/1984193166665544187,755673247660650497,,aktivitas gunung merapi meningkat dan perlu kita pantau bareng-bareng. kalau sedulur tinggal di sekitar gunung merapi tetap waspada yaa. hindari area rawan bahaya apalagi pas hujan deras karena bisa memicu 𝐥𝐚𝐡𝐚𝐫 𝐝𝐢𝐧𝐠𝐢𝐧 atau 𝐠𝐮𝐠𝐮𝐫𝐚𝐧 𝐚𝐰𝐚𝐧 𝐩𝐚𝐧𝐚𝐬.,Merapi
1984090342623473807,Fri Oct 31 02:49:34 +0000 2025,0,Empat Kali Erupsi dalam Satu Pagi! Aktivitas vulkanik Gunung Semeru meningkat tajam. Baca Selengkapnya : https://t.co/x0fpbZRnZI #SemeruMeletus #Erupsi4Kali #GunungAktif #BencanaNusantara #SiagaBencana #Lumajang #Malang #GunungIndonesia https://t.co/OQ9HRRoOfs,1984090342623473807,https://pbs.twimg.com/amplify_video_thumb/1984089137067257859/img/74-AsVsjMZXrNTef.jpg,,in,,0,0,0,https://x.com/undefined/status/1984090342623473807,1858748259713642499,,empat kali erupsi dalam satu pagi! aktivitas vulkanik gunung semeru meningkat tajam. baca selengkapnya :,Semeru
1984083281537843620,Fri Oct 31 02:21:31 +0000 2025,0,aku mau turu ngimpi buka website tiket simaksi gunung terus wakeh pilihane tak scroll terus aku ngeklik dempo AK GAPERNAH KEPIKIRAN NDE DEMPO SAMSEK ibukku teko sumsel se arep ngejak aku rono sebelum ninggal gak nutut dempo melbu ngimpi jir tangi tangi langsung golek info,1984083281537843620,,,in,,0,0,0,https://x.com/undefined/status/1984083281537843620,1207287205477015554,,aku mau turu ngimpi buka website tiket simaksi gunung terus wakeh pilihane tak scroll terus aku ngeklik dempo ak gapernah kepikiran nde dempo samsek ibukku teko sumsel se arep ngejak aku rono sebelum ninggal gak nutut dempo melbu ngimpi jir tangi tangi langsung golek info,Dempo
1984046878070276215,Fri Oct 31 00:34:29 +0000 2025,0,@kompascom Gunung semeru ini erupsi terus ya ,1984056343905628567,,kompascom,in,,0,0,0,https://x.com/undefined/status/1984056343905628567,1017270635465043968,,gunung semeru ini erupsi terus ya,Semeru
1984046878070276215,Thu Oct 30 23:56:52 +0000 2025,11,Sebanyak 8 di antaranya terpantau secara visual mengeluarkan asap berwarna kelabu dengan tinggi letusan kurang lebih 400-800 meter di atas puncak kawah. Adapun 129 erupsi lain tidak terpantau secara visual karena Gunung Semeru tertutup kabut. Baca di sini: https://t.co/seN8avX9Jk,1984046878070276215,https://pbs.twimg.com/media/G4jAG9kaoAAGPwf.jpg,,in,,0,3,4,https://x.com/undefined/status/1984046878070276215,23343960,,sebanyak 8 di antaranya terpantau secara visual mengeluarkan asap berwarna kelabu dengan tinggi letusan kurang lebih 400-800 meter di atas puncak kawah. adapun 129 erupsi lain tidak terpantau secara visual karena gunung semeru tertutup kabut. baca di sini:,Semeru
1983229301236592806,Thu Oct 30 18:44:52 +0000 2025,0,Pekat kian memekat menelan tapak langkah hingga puncak gunung menjelma menjadi dunia antara. Tempat suci bersemayam di batas kesadaran sebuah fatamorgana yang terangkai dari kenyataan dan kengerian malam. Bernapas seolah berarti menelan kegelapan.,1983968362234560689,,noctnoroi,in,,0,1,0,https://x.com/undefined/status/1983968362234560689,787637336871882754,,pekat kian memekat menelan tapak langkah hingga puncak gunung menjelma menjadi dunia antara. tempat suci bersemayam di batas kesadaran sebuah fatamorgana yang terangkai dari kenyataan dan kengerian malam. bernapas seolah berarti menelan kegelapan.,Tapak
1983902701907014018,Thu Oct 30 14:23:57 +0000 2025,1,Nk ono koncomu sing ngomong gunung pati banjir ungaran banjir semarang ngisor bakalan kelep wkwk jarke wae biasane sing ngono kui keluargane ora harmonis,1983902701907014018,,,in,,0,0,0,https://x.com/undefined/status/1983902701907014018,1117766565384949760,,nk ono koncomu sing ngomong gunung pati banjir ungaran banjir semarang ngisor bakalan kelep wkwk jarke wae biasane sing ngono kui keluargane ora harmonis,Ungaran
1983886314484408560,Thu Oct 30 13:18:50 +0000 2025,7,UNESCO Global Geopark in Indonesia: 1. Batur 2. Gunung Sewu 3. Ciletuh-Palabuhanratu 4. Rinjani-Lombok 5. Toba Caldera 6. Belitong 7. Merangin Jambi 8. Ijen 9. Maros Pangkep 10. Raja Ampat 11. Kebumen 12. Meratus,1983886314484408560,,,in,,0,0,0,https://x.com/undefined/status/1983886314484408560,1584150314944692224,,unesco global geopark in indonesia: 1. batur 2. gunung sewu 3. ciletuh-palabuhanratu 4. rinjani-lombok 5. toba caldera 6. belitong 7. merangin jambi 8. ijen 9. maros pangkep 10. raja ampat 11. kebumen 12. meratus,Rinjani
1983886277473878490,Thu Oct 30 13:18:42 +0000 2025,7,Taman Bumi (Geopark) Dunia/Global UNESCO di Indonesia: 1. Batur 2. Gunung Sewu 3. Ciletuh-Palabuhanratu 4. Rinjani-Lombok 5. Kaldera Toba 6. Belitong 7. Merangin Jambi 8. Ijen 9. Maros Pangkep 10. Raja Ampat 11. Kebumen 12. Meratus,1983886277473878490,,,in,,0,0,0,https://x.com/undefined/status/1983886277473878490,1584150314944692224,,taman bumi (geopark) dunia/global unesco di indonesia: 1. batur 2. gunung sewu 3. ciletuh-palabuhanratu 4. rinjani-lombok 5. kaldera toba 6. belitong 7. merangin jambi 8. ijen 9. maros pangkep 10. raja ampat 11. kebumen 12. meratus,Rinjani
1983885783665930245,Thu Oct 30 13:16:44 +0000 2025,1,Ga tau kenapa H-1 last intern suasana hati ceerah seperti pagi ini disambut oleh view Gunung Merbabu yg indah tiba di kantor pukul 7.20 (sgt pagi but lbh pagi mba dwi) tak terasa isitraht selesai selanjutnya menemani mas adhi utk mengambil BL Salatiga juga suasanya cerah️,1983885783665930245,,,in,,0,0,0,https://x.com/undefined/status/1983885783665930245,1557257537967099905,,ga tau kenapa h-1 last intern suasana hati ceerah seperti pagi ini disambut oleh view gunung merbabu yg indah tiba di kantor pukul 7.20 (sgt pagi but lbh pagi mba dwi) tak terasa isitraht selesai selanjutnya menemani mas adhi utk mengambil bl salatiga juga suasanya cerah️,Merbabu
1983882903898747137,Thu Oct 30 13:06:16 +0000 2025,0,@chaehyuna @JexoLee Tenda camping gunung rinjani,1983883150175690867,,chaehyuna,in,,0,2,0,https://x.com/undefined/status/1983883150175690867,4463486772,,tenda camping gunung rinjani,Rinjani
1983821175844425947,Thu Oct 30 09:00:00 +0000 2025,0,Gunung Semeru Erupsi 8 Kali Pagi Ini Tingginya Capai 800 Meter #GunungSemeru #Erupsi @Pusdalops_BNPB @SAR_NASIONAL @PVMBG_ https://t.co/jFvE05NM52 https://t.co/vPzxdr55CD,1983821175844425947,https://pbs.twimg.com/media/G4ezKHYaMAA3z7f.png,,in,,0,0,0,https://x.com/undefined/status/1983821175844425947,1769451991124832257,,gunung semeru erupsi 8 kali pagi ini tingginya capai 800 meter,Semeru
1983798525554241579,Thu Oct 30 07:30:00 +0000 2025,0,Gunung Semeru erupsi delapan kali dalam enam jam kolom abu capai 800 meter! #ThePhraseID #gunungsemeru #erupsi #semeru #bromo #tenggersemeru #gunungberapi #volcano #gunungmeletus #breakingnews #trending https://t.co/Al2wFzrYuU,1983798525554241579,,,in,,0,0,0,https://x.com/undefined/status/1983798525554241579,1900431925405450240,,gunung semeru erupsi delapan kali dalam enam jam kolom abu capai 800 meter!,Semeru
1983796909979603091,Thu Oct 30 07:23:35 +0000 2025,1,Weekend kemarin naik gunung Merbabu via Wekas. Waktu summit kita lewat jalan pintas yang mana jalurnya habis longsor di sini. Kemiringan jalur hampir 90° minim pijakan cuma pake tali webbing. Hampir jatuh ke jurang di sini. Kaki udah nggantung alhamdulillah tangan masih- https://t.co/8NeHvZtWoi,1983796909979603091,https://pbs.twimg.com/media/G4fcxgqaIAAOIco.jpg,,in,,2,1,0,https://x.com/undefined/status/1983796909979603091,760964680550461441,,weekend kemarin naik gunung merbabu via wekas. waktu summit kita lewat jalan pintas yang mana jalurnya habis longsor di sini. kemiringan jalur hampir 90° minim pijakan cuma pake tali webbing. hampir jatuh ke jurang di sini. kaki udah nggantung alhamdulillah tangan masih-,Kemiri
1983696748372750703,Thu Oct 30 07:13:25 +0000 2025,1,@yasssasasah Oh gunung Merapi ya impian para pendaki tuh gunung Merapi sejak 2010 jalur pendakian nya di tutup,1983794352360189979,,yasssasasah,in,,0,0,0,https://x.com/undefined/status/1983794352360189979,1971857958020829188,,oh gunung merapi ya impian para pendaki tuh gunung merapi sejak 2010 jalur pendakian nya di tutup,Merapi
1983768577552368077,Thu Oct 30 05:31:00 +0000 2025,5,Gunung Semeru kembali mengalami erupsi pada Kamis (30/10) dini hari. Gunung itu meluncurkan tujuh guguran lava pijar sejauh 2 km. Warga diimbau waspada dan hindari radius 8 km. via @detikjatim_ https://t.co/kFtRkQ6fHr,1983768577552368077,,,in,,0,1,3,https://x.com/undefined/status/1983768577552368077,69183155,,gunung semeru kembali mengalami erupsi pada kamis (30/10) dini hari. gunung itu meluncurkan tujuh guguran lava pijar sejauh 2 km. warga diimbau waspada dan hindari radius 8 km. via,Semeru
1983766744033526002,Thu Oct 30 05:28:16 +0000 2025,0,@_zeeasadel Gunung Telomoyo aja pake motor/mobil bisa sampek puncak wkwk,1983767889472843995,,_zeeasadel,in,,0,0,0,https://x.com/undefined/status/1983767889472843995,1819416850733862912,,gunung telomoyo aja pake motor/mobil bisa sampek puncak wkwk,Telomoyo
1983749089142714618,Thu Oct 30 04:13:33 +0000 2025,0,Petugas Pos Pengamatan Gunung Semeru mencatat sebanyak delapan kali erupsi Gunung Semeru dengan tinggi letusan 400 meter hingga 800 meter di atas puncak pada Kamis selama enam jam yakni sejak pukul 00.09 WIB hingga 06.02 WIB.https://t.co/erLQr6Ktt7,1983749089142714618,,,in,,0,0,0,https://x.com/undefined/status/1983749089142714618,423220305,,petugas pos pengamatan gunung semeru mencatat sebanyak delapan kali erupsi gunung semeru dengan tinggi letusan 400 meter hingga 800 meter di atas puncak pada kamis selama enam jam yakni sejak pukul 00.09 wib hingga 06.02 wib.,Semeru
1983743412034535891,Thu Oct 30 03:51:00 +0000 2025,1,Gunung Semeru di Lumajang kembali mengalami erupsi pada Kamis (30/10) pagi. Berdasarkan laporan pos pengamatan Semeru erupsi sebanyak 4 kali pukul 04.56 hingga 06.10 WIB. Via @detikjatim_ https://t.co/rEOT0wI06C,1983743412034535891,,,in,,0,0,2,https://x.com/undefined/status/1983743412034535891,69183155,,gunung semeru di lumajang kembali mengalami erupsi pada kamis (30/10) pagi. berdasarkan laporan pos pengamatan semeru erupsi sebanyak 4 kali pukul 04.56 hingga 06.10 wib. via,Semeru
1983742125402681371,Thu Oct 30 03:45:53 +0000 2025,1,Gunung Semeru di Lumajang kembali erupsi pagi ini. Petugas mengimbau warga agar tetap waspada terhadap potensi guguran lava serta banjir lahar di sepanjang aliran sungai. https://t.co/RDNM2DEXEq,1983742125402681371,,,in,,1,0,2,https://x.com/undefined/status/1983742125402681371,69183155,,gunung semeru di lumajang kembali erupsi pagi ini. petugas mengimbau warga agar tetap waspada terhadap potensi guguran lava serta banjir lahar di sepanjang aliran sungai.,Semeru
1983738495941406801,Thu Oct 30 03:44:57 +0000 2025,0,@ivora_rhea random banget pikirane banjir nek dalan tok sak kemiri sesuke ilang sek pati gunung banjir bandang,1983741892161630639,,ivora_rhea,in,,0,0,0,https://x.com/undefined/status/1983741892161630639,1921599365266935808,,random banget pikirane banjir nek dalan tok sak kemiri sesuke ilang sek pati gunung banjir bandang,Kemiri
1983734769667207253,Thu Oct 30 03:16:39 +0000 2025,2,Terjadi erupsi G. Semeru pada hari Kamis 30 Oktober 2025 pukul 06:02 WIB tinggi kolom abu teramati ± 700 m di atas puncak. Erupsi terekam di seismograf dengan amplitudo maksimum 22 mm dan durasi 208 detik. https://t.co/DmT6rAs9yZ via @id_magma https://t.co/ekgxCXdagU,1983734769667207253,https://pbs.twimg.com/media/G4ekOcma8AMtHGn.jpg,,in,,0,0,1,https://x.com/undefined/status/1983734769667207253,833912055614758912,,terjadi erupsi g. semeru pada hari kamis 30 oktober 2025 pukul 06:02 wib tinggi kolom abu teramati ± 700 m di atas puncak. erupsi terekam di seismograf dengan amplitudo maksimum 22 mm dan durasi 208 detik. via,Semeru
1983734448840699915,Thu Oct 30 03:15:23 +0000 2025,0,Berikut kami sampaikan prakiraan cuaca di kawasan rawan bencana Gunung Marapi untuk hari Kamis 30 Oktober 2025. Untuk informasi prakiraan cuaca per kecamatan bisa dilihat melalui aplikasi Info BMKG. #infocuacasumbar #bmkgsumbar #infosumbar #infobmkg #infobmkgpws https://t.co/Z3pj3eUlB6,1983734448840699915,https://pbs.twimg.com/media/G4ej9N-aQAAGxhn.jpg,,in,,0,0,0,https://x.com/undefined/status/1983734448840699915,1296032890552115200,,berikut kami sampaikan prakiraan cuaca di kawasan rawan bencana gunung marapi untuk hari kamis 30 oktober 2025. untuk informasi prakiraan cuaca per kecamatan bisa dilihat melalui aplikasi info bmkg.,Marapi
1983726550857244731,Thu Oct 30 02:44:00 +0000 2025,3,Gunung Semeru delapan kali erupsi dengan tinggi letusan 800 meter https://t.co/OM7QQhucLD,1983726550857244731,,,in,,0,0,3,https://x.com/undefined/status/1983726550857244731,121640063,,gunung semeru delapan kali erupsi dengan tinggi letusan 800 meter,Semeru
1983722309530886323,Thu Oct 30 02:27:09 +0000 2025,1,Petugas Pos Pengamatan Gunung Semeru mencatat sebanyak delapan kali erupsi Gunung Semeru dengan tinggi letusan 400 meter hingga 800 meter di atas puncak pada Kamis selama enam jam yakni sejak pukul 00.09 WIB hingga 06.02 WIB. Baca selengkapnya: https://t.co/atclu5DUY9 https://t.co/vhviCYDkQR,1983722309530886323,https://pbs.twimg.com/media/G4eY7Mea8AMdlRw.jpg,,in,,0,1,0,https://x.com/undefined/status/1983722309530886323,18071520,,petugas pos pengamatan gunung semeru mencatat sebanyak delapan kali erupsi gunung semeru dengan tinggi letusan 400 meter hingga 800 meter di atas puncak pada kamis selama enam jam yakni sejak pukul 00.09 wib hingga 06.02 wib. baca selengkapnya:,Semeru
1983711638529192327,Thu Oct 30 01:44:44 +0000 2025,0,Gunung Semeru Erupsi 4 Kali Pagi Ini Ini Status Terkini dan Zona Bahaya yang Wajib Dihindari! https://t.co/CYcGU2pr9Z,1983711638529192327,,,in,,0,0,0,https://x.com/undefined/status/1983711638529192327,1466815910518263808,,gunung semeru erupsi 4 kali pagi ini ini status terkini dan zona bahaya yang wajib dihindari!,Semeru
1983559800207388930,Wed Oct 29 15:41:23 +0000 2025,2,Terimakasih sudah mengirim Dombaby pulang @feveralte @tinkeertea Tidak sabar berpetualang bersama makhluk kecil satu ini untuk berburu matcha dan melihat keramaian kota Jogja. Aku mau bawa Dombaby liat Gunung Merapi Malioboro dan bawa ke setiap sudut kota ️ https://t.co/CXP47qZQNT,1983559800207388930,https://pbs.twimg.com/media/G4cE8pqagAEzz3I.jpg,,in,,0,1,0,https://x.com/undefined/status/1983559800207388930,1290673122853523456,,terimakasih sudah mengirim dombaby pulang tidak sabar berpetualang bersama makhluk kecil satu ini untuk berburu matcha dan melihat keramaian kota jogja. aku mau bawa dombaby liat gunung merapi malioboro dan bawa ke setiap sudut kota ️,Merapi
1982728438227358118,Wed Oct 29 13:36:20 +0000 2025,0,ㅤㅤ Hehe aku juga Aoi-kung. Siapa sangka tawa bisa jadi mantra. Sora mengangkat tangannya perlahan. Dari ujung jarinya kabut memisah membentuk jalan setapak menuju puncak gunung di sanalah kuil tua berdiri dengan dua obor terakhir yang belum dinyalakan. ㅤㅤ,1983528327500767327,,capuffieno,in,,0,1,0,https://x.com/undefined/status/1983528327500767327,1833475016354369540,,ㅤㅤ hehe aku juga aoi-kung. siapa sangka tawa bisa jadi mantra. sora mengangkat tangannya perlahan. dari ujung jarinya kabut memisah membentuk jalan setapak menuju puncak gunung di sanalah kuil tua berdiri dengan dua obor terakhir yang belum dinyalakan. ㅤㅤ,Tapak
1983524398364835933,Wed Oct 29 13:20:43 +0000 2025,8,UNESCO Global Geopark in Indonesia: 1. Batur 2. Gunung Sewu 3. Ciletuh-Palabuhanratu 4. Rinjani-Lombok 5. Toba Caldera 6. Belitong 7. Merangin Jambi 8. Ijen 9. Maros Pangkep 10. Raja Ampat 11. Kebumen 12. Meratus,1983524398364835933,,,in,,0,0,0,https://x.com/undefined/status/1983524398364835933,1584150314944692224,,unesco global geopark in indonesia: 1. batur 2. gunung sewu 3. ciletuh-palabuhanratu 4. rinjani-lombok 5. toba caldera 6. belitong 7. merangin jambi 8. ijen 9. maros pangkep 10. raja ampat 11. kebumen 12. meratus,Rinjani
1983524370497806656,Wed Oct 29 13:20:36 +0000 2025,7,Taman Bumi (Geopark) Dunia/Global UNESCO di Indonesia: 1. Batur 2. Gunung Sewu 3. Ciletuh-Palabuhanratu 4. Rinjani-Lombok 5. Kaldera Toba 6. Belitong 7. Merangin Jambi 8. Ijen 9. Maros Pangkep 10. Raja Ampat 11. Kebumen 12. Meratus,1983524370497806656,,,in,,0,0,0,https://x.com/undefined/status/1983524370497806656,1584150314944692224,,taman bumi (geopark) dunia/global unesco di indonesia: 1. batur 2. gunung sewu 3. ciletuh-palabuhanratu 4. rinjani-lombok 5. kaldera toba 6. belitong 7. merangin jambi 8. ijen 9. maros pangkep 10. raja ampat 11. kebumen 12. meratus,Rinjani
1988954828475969835,Thu Nov 13 12:59:18 +0000 2025,4,entah kenapa setelah pendakian argopuro lintas baderan-bremi rasa ingin mendaki gunung2 lain di jawa menurun (kecuali semeru dan argopuro itu sendiri). infokan gunung di jawa yg masih sepi dan jalurnya rapat dong masio babat alas rapopo luwih ikhlas https://t.co/tEFREXq0Zd,1988954828475969835,https://pbs.twimg.com/amplify_video_thumb/1988954437130592256/img/DILnR6jxv0sTf-fw.jpg,,in,,1,1,0,https://x.com/undefined/status/1988954828475969835,1785646092413194240,,entah kenapa setelah pendakian argopuro lintas baderan-bremi rasa ingin mendaki gunung2 lain di jawa menurun (kecuali semeru dan argopuro itu sendiri). infokan gunung di jawa yg masih sepi dan jalurnya rapat dong masio babat alas rapopo luwih ikhlas,Argopuro
1988921456625869064,Thu Nov 13 10:46:42 +0000 2025,2,Ternyata foto2 ku pas pendakian kawah candradimuka gunung lawu sitik bgt padahal effort e sak polll e tekan kene batuan pas susur sungai licin bgt tebing e sejajar muka manjat2 pake tali Yowes lah penting pengalaman e https://t.co/R4eYx0R8YY,1988921456625869064,https://pbs.twimg.com/media/G5oRhfOacAAWeGd.jpg,,in,,0,0,0,https://x.com/undefined/status/1988921456625869064,3283902644,,ternyata foto2 ku pas pendakian kawah candradimuka gunung lawu sitik bgt padahal effort e sak polll e tekan kene batuan pas susur sungai licin bgt tebing e sejajar muka manjat2 pake tali yowes lah penting pengalaman e,Lawu
1988854052566794276,Thu Nov 13 06:30:38 +0000 2025,1,@emokambekkon @free_drinn Klaten disebut Kota Seribu Umbul karena letak geografisnya yang berada di cekungan antara Gunung Merapi (vulkanik) dan Pegunungan Sewu (karst). Tanah vulkanik yang porous dan struktur batuan kapur memungkinkan air hujan meresap dalam-dalam lalu muncul kembali sebagai mata air,1988857017361158397,,emokambekkon,in,,0,0,0,https://x.com/undefined/status/1988857017361158397,1720665183188922368,,klaten disebut kota seribu umbul karena letak geografisnya yang berada di cekungan antara gunung merapi (vulkanik) dan pegunungan sewu (karst). tanah vulkanik yang porous dan struktur batuan kapur memungkinkan air hujan meresap dalam-dalam lalu muncul kembali sebagai mata air,Merapi
1988556516199191003,Wed Nov 12 13:36:51 +0000 2025,0,@cottomns INI TOP 2 BEST READ GUA TAHUN INI SETELAH TOKO NAMIYA peak romance peak plot twist peak kosakata peak pembahasaan literally puncak gunung rinjani alias PEAK,1988601888640848094,,cottomns,in,,0,0,0,https://x.com/undefined/status/1988601888640848094,1755596788206387200,,ini top 2 best read gua tahun ini setelah toko namiya peak romance peak plot twist peak kosakata peak pembahasaan literally puncak gunung rinjani alias peak,Rinjani
1988552265335005494,Wed Nov 12 10:19:40 +0000 2025,235,Pad! kalian tau gasih diatas kampus unpad ada gunung dengan pemandangan lautan awan secantik ini ini di gunung manglayang yang tiap harii kalian liat gass agendain buat naik dan ngecamp di gunung manglayang jangan lupa sewa perlengkapannya di timur outdoor https://t.co/yv4Bk7hZrA,1988552265335005494,https://pbs.twimg.com/media/G5jBv1MWsAARvCB.jpg,,in,,5,12,4,https://x.com/undefined/status/1988552265335005494,1734036638605733888,,pad! kalian tau gasih diatas kampus unpad ada gunung dengan pemandangan lautan awan secantik ini ini di gunung manglayang yang tiap harii kalian liat gass agendain buat naik dan ngecamp di gunung manglayang jangan lupa sewa perlengkapannya di timur outdoor,Manglayang
1988522463118893568,Wed Nov 12 08:21:14 +0000 2025,0,Map Mount Kemiri cakep banget beneran kayak gunung rintangannya masih masuk akal tapi jauh puncaknya ini aku ngirim gini belum nyampe puncak masih di jalan,1988522463118893568,,,in,,0,1,0,https://x.com/undefined/status/1988522463118893568,1600997525045260288,,map mount kemiri cakep banget beneran kayak gunung rintangannya masih masuk akal tapi jauh puncaknya ini aku ngirim gini belum nyampe puncak masih di jalan,Kemiri
1988467554541859311,Wed Nov 12 04:43:03 +0000 2025,0,Selalu waspada banjir lahar yaaa! Di musim hujan banjir lahar di Gunung Merapi atau gunung api aktif lainnya berisiko bisa terjadi dengan membawa material vulkanik. Arusnya bisa deras dan datang tiba-tiba. https://t.co/7Cepz4Enb3,1988467554541859311,https://pbs.twimg.com/ext_tw_video_thumb/1988467533893206016/pu/img/wOUAtzt5doDs2t0q.jpg,,in,,0,1,0,https://x.com/undefined/status/1988467554541859311,1083207375861862400,,selalu waspada banjir lahar yaaa! di musim hujan banjir lahar di gunung merapi atau gunung api aktif lainnya berisiko bisa terjadi dengan membawa material vulkanik. arusnya bisa deras dan datang tiba-tiba.,Merapi
1988447670776549636,Wed Nov 12 03:24:02 +0000 2025,0,Erupsi Gunung Marapi 2025: Kolom Abu 400 Meter &amp; Imbauan PVMBG https://t.co/EDHbpzD55M,1988447670776549636,,,in,,0,0,0,https://x.com/undefined/status/1988447670776549636,1466815910518263808,,erupsi gunung marapi 2025: kolom abu 400 meter &amp; imbauan pvmbg,Marapi
1988429654265655498,Wed Nov 12 02:12:27 +0000 2025,5,*::INFO BADAN GEOLOGI::* Berikut video kejadian awan panas guguran di Gunung Merapi 12/11/2025 - Pukul 07:35 WIB estimasi jarak luncur 1.700 m ke arah barat daya hulu Kali Krasak dengan amplitudo maksimal 9 mm dan durasi 125.2 detik. Angin bertiup ke arah timur. https://t.co/3fiGct6WlV,1988429654265655498,https://pbs.twimg.com/ext_tw_video_thumb/1988429625589198850/pu/img/GT5QDL2paomjoBEh.jpg,,in,,0,0,1,https://x.com/undefined/status/1988429654265655498,1481664544431042563,,*::info badan geologi::* berikut video kejadian awan panas guguran di gunung merapi 12/11/2025 - pukul 07:35 wib estimasi jarak luncur 1.700 m ke arah barat daya hulu kali krasak dengan amplitudo maksimal 9 mm dan durasi 125.2 detik. angin bertiup ke arah timur.,Merapi
1988103080865636424,Tue Nov 11 11:53:29 +0000 2025,0,@Guntingdisini1 @zakiberkata Fyi ; pada kenyataannya sindoro lebih sering kena awan lentikular dibanding sumbing. Dua gunung ini berdekatan tapi menurut analisa sotoy saya setelah beberapa kali naik dan mengamati dua gunung ini hasilnya adalah sindoro lebih sering badai.,1988213486602907673,,Guntingdisini1,in,,0,0,0,https://x.com/undefined/status/1988213486602907673,1737560990471135233,,fyi ; pada kenyataannya sindoro lebih sering kena awan lentikular dibanding sumbing. dua gunung ini berdekatan tapi menurut analisa sotoy saya setelah beberapa kali naik dan mengamati dua gunung ini hasilnya adalah sindoro lebih sering badai.,Sumbing
1988205031049621723,Tue Nov 11 11:19:53 +0000 2025,0,Gunung Sumbing selalu kelihatan tenang dari kejauhan padahal jalurnya bikin lutut nyerah setengah jalan hahahaha Tapi begitu nyampe puncak awannya kayak lautan dan capeknya langsung ilang. Kadang keindahan emang harus diperjuangkan dulu. Kaya si dia ya nggak? hahahaha https://t.co/rwdQMUh166,1988205031049621723,https://pbs.twimg.com/amplify_video_thumb/1988204384980004867/img/HzqKmBntxOdd5AxK.jpg,,in,,0,0,0,https://x.com/undefined/status/1988205031049621723,1962775478793838592,,gunung sumbing selalu kelihatan tenang dari kejauhan padahal jalurnya bikin lutut nyerah setengah jalan hahahaha tapi begitu nyampe puncak awannya kayak lautan dan capeknya langsung ilang. kadang keindahan emang harus diperjuangkan dulu. kaya si dia ya nggak? hahahaha,Sumbing
1988043582151028967,Tue Nov 11 11:05:30 +0000 2025,1669,@ayamjogjahamil gunung merapi sampe erupsi karena merinding liat couple vintage balikan,1988201412422234325,,ayamjogjahamil,in,,2,3,71,https://x.com/undefined/status/1988201412422234325,1278919638181527553,,gunung merapi sampe erupsi karena merinding liat couple vintage balikan,Merapi
1988161485185708487,Tue Nov 11 08:29:52 +0000 2025,0,@Go_Bank10 Letusan Gunung Kelud pada 13 Februari 2014 pukul 22:50 WIB berjenis Plinian (VEI 4) kolom erupsi &gt;17 km. Aktivitas naik sejak akhir 2013 status Awas sejak pukul 21:15. Dampak: Hujan abu hingga Yogyakarta Solo Bandung (ketebalan &gt;2 cm) evakuasi &gt;100.000 jiwa 7 bandara,1988162245055180968,,Go_Bank10,in,,0,1,0,https://x.com/undefined/status/1988162245055180968,1720665183188922368,,letusan gunung kelud pada 13 februari 2014 pukul 22:50 wib berjenis plinian (vei 4) kolom erupsi &gt;17 km. aktivitas naik sejak akhir 2013 status awas sejak pukul 21:15. dampak: hujan abu hingga yogyakarta solo bandung (ketebalan &gt;2 cm) evakuasi &gt;100.000 jiwa 7 bandara,Kelud
1987789332963352800,Tue Nov 11 08:13:08 +0000 2025,1,@hazeelreo @bermuara_sayang Soalnya aku kalau udah romantis udah bisa tebak respon kamu pasti tumben . Soal roblos aduhai bisa banget lah euy aku carry kamu apalagi kalau naik gunung. Sini adek cantik naik ke punggung abang jangankan puncak abang akan membawa adek kemanapun yang kamu mau. -,1988158036662456787,,ileehanii,in,,0,1,0,https://x.com/undefined/status/1988158036662456787,1968233183515938816,,soalnya aku kalau udah romantis udah bisa tebak respon kamu pasti tumben . soal roblos aduhai bisa banget lah euy aku carry kamu apalagi kalau naik gunung. sini adek cantik naik ke punggung abang jangankan puncak abang akan membawa adek kemanapun yang kamu mau. -,Abang
1988134810381152435,Tue Nov 11 06:40:51 +0000 2025,18,INFO BADAN GEOLOGI Selasa 11/11/2025 13:00:00 WIB: Terjadi hujan di lereng selatan Gunung Merapi mulai pukul 12:44 WIB dengan curah hujan 5 mm durasi 15 menit dan intensitas 29 mm/jam. Hujan masih berlangsung saat ini waspadai bahaya lahar di sungai-sungai yang berhulu di https://t.co/BOzB6JglfX,1988134810381152435,https://pbs.twimg.com/media/G5dF_o0asAAIRsh.jpg,,in,,1,4,1,https://x.com/undefined/status/1988134810381152435,1279804428724211712,,info badan geologi selasa 11/11/2025 13:00:00 wib: terjadi hujan di lereng selatan gunung merapi mulai pukul 12:44 wib dengan curah hujan 5 mm durasi 15 menit dan intensitas 29 mm/jam. hujan masih berlangsung saat ini waspadai bahaya lahar di sungai-sungai yang berhulu di,Merapi
1988109832898179396,Tue Nov 11 05:01:36 +0000 2025,0,Takjub subuh tadi si kakak summit gunung Prau (2590 mdpl)! Kamar mandi bc nya hiyek yah.. doi laporan udah down hill nyampe di basecamp ..secara nih anak menik2 yg gak bisa deket2 ama yg namanya kamar mandi umum yg you know lah di hampir semua bc di gunung pasti jorok..,1988109832898179396,,,in,,0,1,0,https://x.com/undefined/status/1988109832898179396,950439083335041025,,takjub subuh tadi si kakak summit gunung prau (2590 mdpl)! kamar mandi bc nya hiyek yah.. doi laporan udah down hill nyampe di basecamp ..secara nih anak menik2 yg gak bisa deket2 ama yg namanya kamar mandi umum yg you know lah di hampir semua bc di gunung pasti jorok..,Prau
1988109080230342710,Tue Nov 11 04:58:36 +0000 2025,0,Dimulai dari match home vs tgr liburan ke bali tektok&amp;camp beberapa gunung dan terakhir awaydays ngalam impian dari 5/6thn kebelakang menjadi penutup tahun ini.Terimakasih tuhan Bisa kali 2026 Away Bali Argopuro Kerinci Wae Rebo Labuan Bajo,1988109080230342710,,,in,,0,0,0,https://x.com/undefined/status/1988109080230342710,440828981,,dimulai dari match home vs tgr liburan ke bali tektok&amp;camp beberapa gunung dan terakhir awaydays ngalam impian dari 5/6thn kebelakang menjadi penutup tahun ini.terimakasih tuhan bisa kali 2026 away bali argopuro kerinci wae rebo labuan bajo,Kerinci
1988093469013975240,Tue Nov 11 03:56:34 +0000 2025,0,harga SIMAKSI di beberapa gunung naik seperti Gunung Rinjani yang naik 100% pada akhir tahun 2024 lalu dan Gunung Gede Pangrango yang juga mengalami kenaikan per Oktober 2025. Gimana menurut Lo? #INIRASANYASUPER #SUPERLIVE #SUPERADVENTURE #UPDATE https://t.co/PLXfzOPN4y,1988093469013975240,https://pbs.twimg.com/media/G5cgeM3bcAEiKLZ.jpg,,in,,0,0,0,https://x.com/undefined/status/1988093469013975240,3307781334,,harga simaksi di beberapa gunung naik seperti gunung rinjani yang naik 100% pada akhir tahun 2024 lalu dan gunung gede pangrango yang juga mengalami kenaikan per oktober 2025. gimana menurut lo?,Rinjani
1874224701024985386,Tue Dec 31 22:42:44 +0000 2024,1,Terjadi erupsi G. Semeru pada hari Selasa 31 Desember 2024 pukul 21:50 WIB. Erupsi terekam di seismograf dengan amplitudo maksimum 22 mm dan durasi 171 detik. https://t.co/x1EEDOpWDx via @id_magma,1874224701024985386,,,in,,0,0,0,https://x.com/undefined/status/1874224701024985386,1677825848,,terjadi erupsi g. semeru pada hari selasa 31 desember 2024 pukul 21:50 wib. erupsi terekam di seismograf dengan amplitudo maksimum 22 mm dan durasi 171 detik. via,Semeru
1874224648365506674,Tue Dec 31 22:42:32 +0000 2024,1,Terjadi erupsi G. Semeru pada hari Selasa 31 Desember 2024 pukul 20:24 WIB. Erupsi terekam di seismograf dengan amplitudo maksimum 17 mm dan durasi 88 detik. https://t.co/TtZnq2XdQt via @id_magma,1874224648365506674,,,in,,0,0,0,https://x.com/undefined/status/1874224648365506674,1677825848,,terjadi erupsi g. semeru pada hari selasa 31 desember 2024 pukul 20:24 wib. erupsi terekam di seismograf dengan amplitudo maksimum 17 mm dan durasi 88 detik. via,Semeru
1874224630107717735,Tue Dec 31 22:42:27 +0000 2024,1,Terjadi erupsi G. Semeru pada hari Selasa 31 Desember 2024 pukul 19:37 WIB. Erupsi terekam di seismograf dengan amplitudo maksimum 20 mm dan durasi 115 detik. https://t.co/ENMJpLELEv via @id_magma,1874224630107717735,,,in,,0,0,0,https://x.com/undefined/status/1874224630107717735,1677825848,,terjadi erupsi g. semeru pada hari selasa 31 desember 2024 pukul 19:37 wib. erupsi terekam di seismograf dengan amplitudo maksimum 20 mm dan durasi 115 detik. via,Semeru
1874224616711053794,Tue Dec 31 22:42:24 +0000 2024,2,Terjadi erupsi G. Marapi pada hari Selasa 31 Desember 2024 pukul 19:08 WIB tinggi kolom abu teramati ± 500 m di atas puncak. Erupsi terekam di seismograf dengan amplitudo maksimum 30 mm dan durasi 28 detik. https://t.co/V6vOkYbRKR via @id_magma https://t.co/qje3JpLKha,1874224616711053794,https://pbs.twimg.com/media/GgKVWxwa0AAGh6S.jpg,,in,,0,0,0,https://x.com/undefined/status/1874224616711053794,1677825848,,terjadi erupsi g. marapi pada hari selasa 31 desember 2024 pukul 19:08 wib tinggi kolom abu teramati ± 500 m di atas puncak. erupsi terekam di seismograf dengan amplitudo maksimum 30 mm dan durasi 28 detik. via,Marapi
1874224543726002643,Tue Dec 31 22:42:07 +0000 2024,1,Terjadi erupsi G. Semeru pada hari Selasa 31 Desember 2024 pukul 17:26 WIB. Erupsi terekam di seismograf dengan amplitudo maksimum 22 mm dan durasi 114 detik. https://t.co/XwFVJasPVp via @id_magma,1874224543726002643,,,in,,0,0,0,https://x.com/undefined/status/1874224543726002643,1677825848,,terjadi erupsi g. semeru pada hari selasa 31 desember 2024 pukul 17:26 wib. erupsi terekam di seismograf dengan amplitudo maksimum 22 mm dan durasi 114 detik. via,Semeru
1874224512155471913,Tue Dec 31 22:41:59 +0000 2024,1,Terjadi erupsi G. Semeru pada hari Selasa 31 Desember 2024 pukul 16:18 WIB. Erupsi terekam di seismograf dengan amplitudo maksimum 23 mm dan durasi 124 detik. https://t.co/Jjo5HNo2Sh via @id_magma,1874224512155471913,,,in,,0,0,0,https://x.com/undefined/status/1874224512155471913,1677825848,,terjadi erupsi g. semeru pada hari selasa 31 desember 2024 pukul 16:18 wib. erupsi terekam di seismograf dengan amplitudo maksimum 23 mm dan durasi 124 detik. via,Semeru
1873611277332824087,Tue Dec 31 16:26:58 +0000 2024,0,@tanyarlfes Lampung sinii. Tapi jangan Lampung Barat ya hahaha. Btw kalo malem tetep aja dingin Eh iya berati sender iki tonggone sugeng gunung kelud ya wkwkw,1874130137106808842,,tanyarlfes,in,,0,0,0,https://x.com/undefined/status/1874130137106808842,1505190733376290817,,lampung sinii. tapi jangan lampung barat ya hahaha. btw kalo malem tetep aja dingin eh iya berati sender iki tonggone sugeng gunung kelud ya wkwkw,Kelud
1873948450582389202,Tue Dec 31 14:01:12 +0000 2024,0,Coba perhatikan gunung halimun - Salak... Seperti apa sekarang? Gede - pangrango? Runyam. Rinjani? Area Segara anak makin kayak mall. Apalagi Bukit2 macam Prau dan lainnya yg dibawah 3000mdpl..udah kayak pasar Sampahnya? Ya kyk pasar juga. Berserakan dan Numpuk klo ga di opsih,1874093453430395211,,aksararaska,in,,0,1,0,https://x.com/undefined/status/1874093453430395211,816836265584623616,,coba perhatikan gunung halimun - salak... seperti apa sekarang? gede - pangrango? runyam. rinjani? area segara anak makin kayak mall. apalagi bukit2 macam prau dan lainnya yg dibawah 3000mdpl..udah kayak pasar sampahnya? ya kyk pasar juga. berserakan dan numpuk klo ga di opsih,Rinjani
1874091109980258368,Tue Dec 31 13:51:54 +0000 2024,0,Jelang Pergantian Tahun Gunung Marapi Erupsi Kolom Abu 500 Meter https://t.co/uma3qHTVXL,1874091109980258368,,,in,,0,0,0,https://x.com/undefined/status/1874091109980258368,470629706,,jelang pergantian tahun gunung marapi erupsi kolom abu 500 meter,Marapi
1874088136852046026,Tue Dec 31 13:40:05 +0000 2024,0,Gunung Marapi Erupsi Lontarkan Abu Vulkanik Setinggi 500 Meter https://t.co/PpHS01WEWi,1874088136852046026,,,in,,0,0,0,https://x.com/undefined/status/1874088136852046026,1578222594,,gunung marapi erupsi lontarkan abu vulkanik setinggi 500 meter,Marapi
1874041559231918372,Tue Dec 31 10:35:00 +0000 2024,4,Pendakian Gunung Semeru ditutup kembali dari 2-16 Januari 2025 akibat cuaca ekstrem. Balai Besar TNBTS imbau pengunjung untuk tidak mendaki ilegal. https://t.co/SjSVcE9Bmx,1874041559231918372,,,in,,0,0,0,https://x.com/undefined/status/1874041559231918372,69183155,,pendakian gunung semeru ditutup kembali dari 2-16 januari 2025 akibat cuaca ekstrem. balai besar tnbts imbau pengunjung untuk tidak mendaki ilegal.,Semeru
1874040378460143773,Tue Dec 31 10:30:18 +0000 2024,1,Lagi ramai protes dari anak gunung terhadap kebijakan Bromo Tengger Semeru yang sengaja menaikkan tarif masuk di sela-sela informasi penutupan kembali kawasan karena cuaca yang sedang buruk. Tutupen terus ae rausah dibuka mesisan lucu juga diksi iki. ,1874040378460143773,,,in,,0,1,0,https://x.com/undefined/status/1874040378460143773,2176571443,,lagi ramai protes dari anak gunung terhadap kebijakan bromo tengger semeru yang sengaja menaikkan tarif masuk di sela-sela informasi penutupan kembali kawasan karena cuaca yang sedang buruk. tutupen terus ae rausah dibuka mesisan lucu juga diksi iki.,Semeru
1872952887946690778,Tue Dec 31 09:54:59 +0000 2024,0,@CESTCOMCAS ㅤ Sudah beberapa kali kok kalau muncak diajak teman tapi ya begitu jelas staminanya tidak seprima yang jam terbangnya tinggi seperti kamu. Kapan-kapan kamu harus coba jalur Pasir Reungit di gunung Salak. Kebetulan saya tinggal di Canggu Bali. Kamu? ㅤ,1874031488599286105,,CESTCOMCAS,in,,0,1,0,https://x.com/undefined/status/1874031488599286105,1817194347663888384,,ㅤ sudah beberapa kali kok kalau muncak diajak teman tapi ya begitu jelas staminanya tidak seprima yang jam terbangnya tinggi seperti kamu. kapan-kapan kamu harus coba jalur pasir reungit di gunung salak. kebetulan saya tinggal di canggu bali. kamu? ㅤ,Salak
1874000174902886852,Tue Dec 31 07:56:07 +0000 2024,91,4. Ngeri - ngeri sedappppp #Hanif login olahraga trail gunung di Gunung Andong coyyyyyy Dingin yang tidak kejam tetapi bikin merinding sebadan karena KABUT SEMUA COY satu yang kurang; musik JJ. https://t.co/uVzepJWp7w,1874001575615881318,https://pbs.twimg.com/media/GgHKgDebAAAxrhP.jpg,ribboncompass,in,,1,1,10,https://x.com/undefined/status/1874001575615881318,1210074904516710401,,4. ngeri - ngeri sedappppp login olahraga trail gunung di gunung andong coyyyyyy dingin yang tidak kejam tetapi bikin merinding sebadan karena kabut semua coy satu yang kurang; musik jj.,Andong
1873774219949203565,Tue Dec 31 07:35:42 +0000 2024,1,@tommiyes @pendakilawas Nek penikmat keindahan sek akhire mung ngrusak enake dipiyeke mas? Contoh ning rinjani sek sampe ono julukan gunung sampah ,1873996437534761419,,tommiyes,in,,0,1,1,https://x.com/undefined/status/1873996437534761419,65342308,,nek penikmat keindahan sek akhire mung ngrusak enake dipiyeke mas? contoh ning rinjani sek sampe ono julukan gunung sampah,Rinjani
1873774219949203565,Tue Dec 31 07:15:26 +0000 2024,0,@pendakilawas Kalo puncak yg dituju wajar bila wajib pakai pendamping tapi kalo cuma rakum yg jalannya setapak itu tolol bgt ibarat pungli tapi legal. Kayak yg punya gunung aja,1873991335927308520,,pendakilawas,in,,0,0,0,https://x.com/undefined/status/1873991335927308520,1813876075531010048,,kalo puncak yg dituju wajar bila wajib pakai pendamping tapi kalo cuma rakum yg jalannya setapak itu tolol bgt ibarat pungli tapi legal. kayak yg punya gunung aja,Tapak
1873989111209746916,Tue Dec 31 07:06:35 +0000 2024,0,Terjadi erupsi G. Semeru pada hari Selasa 31 Desember 2024 pukul 11:03 WIB. Erupsi terekam di seismograf dengan amplitudo maksimum 21 mm dan durasi 110 detik. https://t.co/FsSWnt9kGZ via @id_magma,1873989111209746916,,,in,,0,0,0,https://x.com/undefined/status/1873989111209746916,1677825848,,terjadi erupsi g. semeru pada hari selasa 31 desember 2024 pukul 11:03 wib. erupsi terekam di seismograf dengan amplitudo maksimum 21 mm dan durasi 110 detik. via,Semeru
1873989094264758780,Tue Dec 31 07:06:31 +0000 2024,0,Terjadi erupsi G. Semeru pada hari Selasa 31 Desember 2024 pukul 09:57 WIB. Erupsi terekam di seismograf dengan amplitudo maksimum 22 mm dan durasi 127 detik. https://t.co/dQRo1FXPBs via @id_magma,1873989094264758780,,,in,,0,0,0,https://x.com/undefined/status/1873989094264758780,1677825848,,terjadi erupsi g. semeru pada hari selasa 31 desember 2024 pukul 09:57 wib. erupsi terekam di seismograf dengan amplitudo maksimum 22 mm dan durasi 127 detik. via,Semeru
1873989076375970142,Tue Dec 31 07:06:27 +0000 2024,0,Terjadi erupsi G. Semeru pada hari Selasa 31 Desember 2024 pukul 09:12 WIB. Erupsi terekam di seismograf dengan amplitudo maksimum 19 mm dan durasi 57 detik. https://t.co/2x3Y4mji0B via @id_magma,1873989076375970142,,,in,,0,0,0,https://x.com/undefined/status/1873989076375970142,1677825848,,terjadi erupsi g. semeru pada hari selasa 31 desember 2024 pukul 09:12 wib. erupsi terekam di seismograf dengan amplitudo maksimum 19 mm dan durasi 57 detik. via,Semeru
1873989057891725581,Tue Dec 31 07:06:23 +0000 2024,0,Terjadi erupsi G. Semeru pada hari Selasa 31 Desember 2024 pukul 08:34 WIB. Erupsi terekam di seismograf dengan amplitudo maksimum 22 mm dan durasi 125 detik. https://t.co/bu0qNN8Nh8 via @id_magma,1873989057891725581,,,in,,0,0,0,https://x.com/undefined/status/1873989057891725581,1677825848,,terjadi erupsi g. semeru pada hari selasa 31 desember 2024 pukul 08:34 wib. erupsi terekam di seismograf dengan amplitudo maksimum 22 mm dan durasi 125 detik. via,Semeru
1873989044318986526,Tue Dec 31 07:06:19 +0000 2024,0,Terjadi erupsi G. Semeru pada hari Selasa 31 Desember 2024 pukul 05:50 WIB. Erupsi terekam di seismograf dengan amplitudo maksimum 21 mm dan durasi 126 detik. https://t.co/gsUiDl2ova via @id_magma https://t.co/wM1zzyKk9u,1873989044318986526,https://pbs.twimg.com/media/GgG_GrWbUAAc04s.jpg,,in,,0,0,0,https://x.com/undefined/status/1873989044318986526,1677825848,,terjadi erupsi g. semeru pada hari selasa 31 desember 2024 pukul 05:50 wib. erupsi terekam di seismograf dengan amplitudo maksimum 21 mm dan durasi 126 detik. via,Semeru
1873988950207115288,Tue Dec 31 07:05:57 +0000 2024,0,Terjadi erupsi G. Semeru pada hari Selasa 31 Desember 2024 pukul 04:34 WIB tinggi kolom abu teramati ± 800 m di atas puncak. Erupsi terekam di seismograf dengan amplitudo maksimum 21 mm dan durasi 125 detik. https://t.co/BBHvqCUo2T via @id_magma https://t.co/ZvQN6YBV9f,1873988950207115288,https://pbs.twimg.com/media/GgG_BOjbYAEK8cV.jpg,,in,,0,0,0,https://x.com/undefined/status/1873988950207115288,1677825848,,terjadi erupsi g. semeru pada hari selasa 31 desember 2024 pukul 04:34 wib tinggi kolom abu teramati ± 800 m di atas puncak. erupsi terekam di seismograf dengan amplitudo maksimum 21 mm dan durasi 125 detik. via,Semeru
1873980331004748073,Tue Dec 31 06:31:42 +0000 2024,0,Relawan Lakukan Pemantauan Longsor dan Aliran Sungai Baru di Lereng Gunung Raung Jember - https://t.co/1pBS8ouEWM https://t.co/F3g8MC8Uge,1873980331004748073,https://pbs.twimg.com/media/GgG3LZ-bAAEiJKV.jpg,,in,,0,0,0,https://x.com/undefined/status/1873980331004748073,1742378657732243456,,relawan lakukan pemantauan longsor dan aliran sungai baru di lereng gunung raung jember -,Raung
1873362874183421999,Tue Dec 31 06:04:00 +0000 2024,1,@kegblgnunfaedh pernah ngobrol sama abang abangan gunung dia bilang puncak itu udah bukan tujuan lagi puncak itu bonus setelah itu mindset selalu begitu biar dikira abang abangan gunung padahal emng kuatnya cuma sampe pos posan aja,1873973360562168076,,kegblgnunfaedh,in,,0,0,0,https://x.com/undefined/status/1873973360562168076,1300681278958628865,,pernah ngobrol sama abang abangan gunung dia bilang puncak itu udah bukan tujuan lagi puncak itu bonus setelah itu mindset selalu begitu biar dikira abang abangan gunung padahal emng kuatnya cuma sampe pos posan aja,Abang
1873952471896281594,Tue Dec 31 04:41:00 +0000 2024,3,Balai Besar TNBTS menutup jalur pendakian Gunung Semeru dari 2 hingga 16 Januari 2025 akibat cuaca ekstrem. Keselamatan pengunjung jadi prioritas utama. Via @detikjatim_ https://t.co/0AU5yDVcI5,1873952471896281594,,,in,,0,2,1,https://x.com/undefined/status/1873952471896281594,69183155,,balai besar tnbts menutup jalur pendakian gunung semeru dari 2 hingga 16 januari 2025 akibat cuaca ekstrem. keselamatan pengunjung jadi prioritas utama. via,Semeru
1873949972686922048,Tue Dec 31 04:31:04 +0000 2024,0,Cuaca Buruk Jalur Pendakian Gunung Semeru Kembali Ditutup https://t.co/Vuv9gXZFiL via @nawacit4,1873949972686922048,,,in,,0,0,0,https://x.com/undefined/status/1873949972686922048,3158354773,,cuaca buruk jalur pendakian gunung semeru kembali ditutup via,Semeru
1872593036393455699,Tue Dec 31 04:19:21 +0000 2024,1,@himawansugeha95 @ogiwicaksana bukan begitu maksudnya. akan ada titik jenuh masyarakat mereka melihat di sekitarnya perlakuan yg berbeda. rasa kecewa itu lama2 akan menjadi seperti puncak gunung es.dan bisa juga menjadikan ketidakpatuhan,1873947024225431554,,himawansugeha95,in,,0,1,0,https://x.com/undefined/status/1873947024225431554,1590147537490452481,,bukan begitu maksudnya. akan ada titik jenuh masyarakat mereka melihat di sekitarnya perlakuan yg berbeda. rasa kecewa itu lama2 akan menjadi seperti puncak gunung es.dan bisa juga menjadikan ketidakpatuhan,Patuha
1873849121142170062,Tue Dec 31 01:36:03 +0000 2024,0,@cowobangkit gunung papandayan ada jalur ojeg nya om,1873905929030426913,,cowobangkit,in,,0,0,0,https://x.com/undefined/status/1873905929030426913,1494009928822190080,,gunung papandayan ada jalur ojeg nya om,Papandayan
1873679202832060790,Mon Dec 30 23:41:28 +0000 2024,0,@gurlzrev_ @fessthaii kemudian kita bentang dan kita kibarkan di puncak gunung semeru,1873877092859068514,,gurlzrev_,in,,0,1,0,https://x.com/undefined/status/1873877092859068514,1382817571179663361,,kemudian kita bentang dan kita kibarkan di puncak gunung semeru,Semeru
1873777939441148337,Mon Dec 30 17:07:28 +0000 2024,1,Pendakian Gunung Semeru Ditutup TNBTS Antisipasi Cuaca Ekstrem Awal Tahun https://t.co/W3FDLV3FPS #erupsi #gunungmeletus #semeru #pendakian,1873777939441148337,,,in,,0,0,0,https://x.com/undefined/status/1873777939441148337,1349713962472861696,,pendakian gunung semeru ditutup tnbts antisipasi cuaca ekstrem awal tahun,Semeru
1873752537058451903,Mon Dec 30 15:26:32 +0000 2024,0,https://t.co/wleengDsq9 Menteri ESDM Bahlil Lahadalia Kunjungi Pos Pengamatan Gunung Merapi BERITA CANGGIH...... https://t.co/s9z9rDvaIH,1873752537058451903,https://pbs.twimg.com/media/GgDn_SSbIAIfbY1.jpg,,in,,0,0,0,https://x.com/undefined/status/1873752537058451903,765762376838840346,,menteri esdm bahlil lahadalia kunjungi pos pengamatan gunung merapi berita canggih......,Merapi
1873746474120708195,Mon Dec 30 15:02:26 +0000 2024,0,yg 1 abis dri gunung slamet yg 1 emg demen ke gunung. posisi hrus bjir apa jirr?? gue malah demenan ke curug drpd gunung,1873746474120708195,,,in,,0,0,0,https://x.com/undefined/status/1873746474120708195,1296096628932149249,,yg 1 abis dri gunung slamet yg 1 emg demen ke gunung. posisi hrus bjir apa jirr?? gue malah demenan ke curug drpd gunung,Slamet
1873362874183421999,Mon Dec 30 14:53:19 +0000 2024,0,@kegblgnunfaedh Di tinggal temen di trek itu ga enak anjirrgw pernah ke gn. Slamet via bambangan sampe pos 4 kaki gw kram bgt tp di tinggal sama temen2 gw pdhl itu temen akrab dan akhirnya gw skrng naik gunung cari partner baru atau ikut ot meminimalisir di tinggalin di trektrauma aku,1873744179748385073,,kegblgnunfaedh,in,,0,0,0,https://x.com/undefined/status/1873744179748385073,1655173089565761542,,di tinggal temen di trek itu ga enak anjirrgw pernah ke gn. slamet via bambangan sampe pos 4 kaki gw kram bgt tp di tinggal sama temen2 gw pdhl itu temen akrab dan akhirnya gw skrng naik gunung cari partner baru atau ikut ot meminimalisir di tinggalin di trektrauma aku,Slamet
1873711008818384923,Mon Dec 30 12:41:31 +0000 2024,0,Cuaca Ekstrem Jalur Pendakian Gunung Semeru Ditutup Sementara https://t.co/73Fr7AHSHH,1873711008818384923,,,in,,1,0,0,https://x.com/undefined/status/1873711008818384923,535213390,,cuaca ekstrem jalur pendakian gunung semeru ditutup sementara,Semeru
1873706009446973776,Mon Dec 30 12:21:39 +0000 2024,0,Pendakian Gunung Semeru Ditutup Sementara Karena Cuaca Ekstrem https://t.co/jY5a3P1QRX,1873706009446973776,,,in,,0,0,0,https://x.com/undefined/status/1873706009446973776,1705287919332884481,,pendakian gunung semeru ditutup sementara karena cuaca ekstrem,Semeru
1873696736063242658,Mon Dec 30 11:44:48 +0000 2024,4,Pendakian Gunung Semeru Ditutup Lagi karena Cuaca Ekstrem https://t.co/RFtAl4jow6,1873696736063242658,,,in,,0,0,1,https://x.com/undefined/status/1873696736063242658,17128975,,pendakian gunung semeru ditutup lagi karena cuaca ekstrem,Semeru
1873615859585020235,Mon Dec 30 10:05:20 +0000 2024,0,@suphasoup Kalo pemanasan jateng ada gunung prau 2500 ini paling dingin karena dingin terus biasanya ke merapi yang hangat/panas 2900 terus ke merbabu 3100 tapi landai sindor/sumbing 3000 tapi nanjak puncaknya slamet yang pemula jangan deh,1873671703911608465,,,in,,0,0,0,https://x.com/undefined/status/1873671703911608465,1222435997880741890,,kalo pemanasan jateng ada gunung prau 2500 ini paling dingin karena dingin terus biasanya ke merapi yang hangat/panas 2900 terus ke merbabu 3100 tapi landai sindor/sumbing 3000 tapi nanjak puncaknya slamet yang pemula jangan deh,Prau
1873664648802865309,Mon Dec 30 09:37:17 +0000 2024,0,oramg gila mana ga pernah naik gunung sekalinya mo naik gunung gunung sumbing tujuannya bismillah hasil selamet cuaca cerahh amiinn. https://t.co/4l0OlJyO0j,1873664648802865309,https://pbs.twimg.com/media/GgCYEWjagAAB2g2.jpg,,in,,0,0,0,https://x.com/undefined/status/1873664648802865309,1212270757830545409,,oramg gila mana ga pernah naik gunung sekalinya mo naik gunung gunung sumbing tujuannya bismillah hasil selamet cuaca cerahh amiinn.,Sumbing
1873333755764703409,Mon Dec 30 07:15:58 +0000 2024,0,@TimpalBali Cewek high value itu kalo kita lagi bawa dia ke puncak gunung agung kah? Jadi high?,1873629082778562816,,TimpalBali,in,,0,0,0,https://x.com/undefined/status/1873629082778562816,1818063346316562432,,cewek high value itu kalo kita lagi bawa dia ke puncak gunung agung kah? jadi high?,Agung
1873606949960654998,Mon Dec 30 05:48:01 +0000 2024,0,Balai Besar Taman Nasional Bromo Tengger Semeru (TNBTS) secara resmi membuka kembali jalur pendakian Gunung Semeru yang terletak di Kabupaten Lumajang Jawa Timur sejak 23 Desember 2024. https://t.co/HTPHAcaJCt https://t.co/e0it7FSRXz,1873606949960654998,https://pbs.twimg.com/media/GgBjdepaEAEETbx.jpg,,in,,0,0,0,https://x.com/undefined/status/1873606949960654998,2519948221,,balai besar taman nasional bromo tengger semeru (tnbts) secara resmi membuka kembali jalur pendakian gunung semeru yang terletak di kabupaten lumajang jawa timur sejak 23 desember 2024.,Semeru
1873578757027733999,Mon Dec 30 03:55:59 +0000 2024,1,Menjelang pergantian tahun baru calon pendakian Gunung Semeru terpantau terus berdatangan dengan melakukan registrasi di Pos Ranupani dengan membawa standar pembekalan pendakian Senin (30/12). Efm #BeritaElshinta https://t.co/OtDoxibgiz,1873578757027733999,https://pbs.twimg.com/media/GgBJ6rAbQAAzE6Z.jpg,,in,,0,0,0,https://x.com/undefined/status/1873578757027733999,121640063,,menjelang pergantian tahun baru calon pendakian gunung semeru terpantau terus berdatangan dengan melakukan registrasi di pos ranupani dengan membawa standar pembekalan pendakian senin (30/12). efm,Semeru
1873536155276423274,Mon Dec 30 01:06:42 +0000 2024,0,Ngecamp di Gunung Abang seru asane mani nah,1873536155276423274,,,in,,0,0,0,https://x.com/undefined/status/1873536155276423274,1521490037288075264,,ngecamp di gunung abang seru asane mani nah,Abang
1873533736517812717,Mon Dec 30 00:57:06 +0000 2024,0,Menteri ESDM Pantau Pos Pengamatan Gunung Merapi https://t.co/G7EbaSLrnZ,1873533736517812717,,,in,,0,0,0,https://x.com/undefined/status/1873533736517812717,252948617,,menteri esdm pantau pos pengamatan gunung merapi,Merapi
1873362874183421999,Mon Dec 30 00:18:41 +0000 2024,0,@kegblgnunfaedh Shibal laahh org org itu Pantes kalau sampai di black list di gn slamet. Beberapa kali naik gunung mau target ke puncak tpi beberapa kali itu gagal jga sampai puncak karna ada si kawan yg ga kuat yg cidera yg sakit.,1873524069808898526,,kegblgnunfaedh,in,,0,1,0,https://x.com/undefined/status/1873524069808898526,1425625596,,shibal laahh org org itu pantes kalau sampai di black list di gn slamet. beberapa kali naik gunung mau target ke puncak tpi beberapa kali itu gagal jga sampai puncak karna ada si kawan yg ga kuat yg cidera yg sakit.,Slamet
1873362874183421999,Sun Dec 29 19:07:07 +0000 2024,0,@kegblgnunfaedh Alhamdulillah pas ndaki gunung semeru tahun 2016 saya ga ditinggal temen saya mereka rela dipuncak cuman 5 menit abis itu turun ke ranukumbolo buat nemenin saya karena kondisi muka udah pucet kaya mayat,1873445662861435017,,kegblgnunfaedh,in,,0,0,0,https://x.com/undefined/status/1873445662861435017,1540809744847634432,,alhamdulillah pas ndaki gunung semeru tahun 2016 saya ga ditinggal temen saya mereka rela dipuncak cuman 5 menit abis itu turun ke ranukumbolo buat nemenin saya karena kondisi muka udah pucet kaya mayat,Semeru
1873218601836265702,Sun Dec 29 18:27:03 +0000 2024,5,@eigeradventure equator trek 65 si udah hampir 2 tahun masih kokoh aja di pake pdhal di siksa kena badai pas di gunung sindoro sumbing wkwkwk. #EIGERRewind2024 https://t.co/9klllcbAou,1873435578890649834,https://pbs.twimg.com/media/Gf_HrCLaoAAPAKr.jpg,eigeradventure,in,,0,0,1,https://x.com/undefined/status/1873435578890649834,1218601249211174913,,equator trek 65 si udah hampir 2 tahun masih kokoh aja di pake pdhal di siksa kena badai pas di gunung sindoro sumbing wkwkwk.,Sumbing
1873373294134706179,Sun Dec 29 17:03:16 +0000 2024,104,@Sosmedrecehh kapok gua naik bareng orang2 fomo gua bareng temen2 mapala gua semua siap mental fisik dan terorganisir gagal muncak hal biasa karena puncak adalah bonus yang penting adalah prosesnya dan kenyataanya gua pernah alami waktu naik gunung sindoro,1873414495873503408,,Sosmedrecehh,in,,0,2,0,https://x.com/undefined/status/1873414495873503408,517364548,,kapok gua naik bareng orang2 fomo gua bareng temen2 mapala gua semua siap mental fisik dan terorganisir gagal muncak hal biasa karena puncak adalah bonus yang penting adalah prosesnya dan kenyataanya gua pernah alami waktu naik gunung sindoro,Sindoro
1873409507264712724,Sun Dec 29 16:43:27 +0000 2024,2,jdi inget thn lalu gw naik gunung sm abang sepupu gw trs gw minta ditinggal aja krn gw ga sanggup lagi tpi abang gw malah minta tolong sm pendaki yg udh mau turun buat nemenin gw turun smpe basecamp. awalnya gw batu bgt tpi skrg gw ngerti mskd abang gw,1873409507264712724,,,in,,0,0,0,https://x.com/undefined/status/1873409507264712724,1642627326180732928,,jdi inget thn lalu gw naik gunung sm abang sepupu gw trs gw minta ditinggal aja krn gw ga sanggup lagi tpi abang gw malah minta tolong sm pendaki yg udh mau turun buat nemenin gw turun smpe basecamp. awalnya gw batu bgt tpi skrg gw ngerti mskd abang gw,Abang
1873362874183421999,Sun Dec 29 16:40:00 +0000 2024,0,@kegblgnunfaedh Gua yang pernah nanjak gunung sama kaka kaka gereja trus dia kakinya kesakitan nyuruh gua turun duluan gua tetep kekeh harus nemenin sampe gua omelin dia karna nyuruh gua duluan. Posisinya udah jam 9 malem di gn Lawu wkwkw dan gua sangat setuju org begini harus di Blacklist ,1873408639534559408,,kegblgnunfaedh,in,,0,0,0,https://x.com/undefined/status/1873408639534559408,1631655462004490242,,gua yang pernah nanjak gunung sama kaka kaka gereja trus dia kakinya kesakitan nyuruh gua turun duluan gua tetep kekeh harus nemenin sampe gua omelin dia karna nyuruh gua duluan. posisinya udah jam 9 malem di gn lawu wkwkw dan gua sangat setuju org begini harus di blacklist,Lawu
1873362874183421999,Sun Dec 29 16:25:21 +0000 2024,6,@Karinbahary2 @kegblgnunfaedh hipo tuh bukan kena pas sebelum naik dia mana tau resistensi badannya ga cukup buat ngelawan dingin diatas gunung slamet,1873404952636473547,,Karinbahary2,in,,0,0,0,https://x.com/undefined/status/1873404952636473547,1270763423022739457,,hipo tuh bukan kena pas sebelum naik dia mana tau resistensi badannya ga cukup buat ngelawan dingin diatas gunung slamet,Slamet
1873354552067649589,Sun Dec 29 13:05:05 +0000 2024,2,Terjadi erupsi G. Semeru pada hari Minggu 29 Desember 2024 pukul 18:42 WIB. Erupsi terekam di seismograf dengan amplitudo maksimum 22 mm dan durasi 119 detik. https://t.co/EHoFtoAIqB via @id_magma,1873354552067649589,,,in,,0,0,1,https://x.com/undefined/status/1873354552067649589,1677825848,,terjadi erupsi g. semeru pada hari minggu 29 desember 2024 pukul 18:42 wib. erupsi terekam di seismograf dengan amplitudo maksimum 22 mm dan durasi 119 detik. via,Semeru
1873354433230442605,Sun Dec 29 13:04:36 +0000 2024,0,Terjadi erupsi G. Semeru pada hari Minggu 29 Desember 2024 pukul 16:48 WIB. Erupsi terekam di seismograf dengan amplitudo maksimum 22 mm dan durasi 105 detik. https://t.co/X92VlryD8m via @id_magma,1873354433230442605,,,in,,0,0,0,https://x.com/undefined/status/1873354433230442605,1677825848,,terjadi erupsi g. semeru pada hari minggu 29 desember 2024 pukul 16:48 wib. erupsi terekam di seismograf dengan amplitudo maksimum 22 mm dan durasi 105 detik. via,Semeru
1873354302829510831,Sun Dec 29 13:04:05 +0000 2024,0,Terjadi erupsi G. Semeru pada hari Minggu 29 Desember 2024 pukul 13:59 WIB. Erupsi terekam di seismograf dengan amplitudo maksimum 21 mm dan durasi 138 detik. https://t.co/YYd1dTKnhZ via @id_magma,1873354302829510831,,,in,,0,0,0,https://x.com/undefined/status/1873354302829510831,1677825848,,terjadi erupsi g. semeru pada hari minggu 29 desember 2024 pukul 13:59 wib. erupsi terekam di seismograf dengan amplitudo maksimum 21 mm dan durasi 138 detik. via,Semeru
1873354244709064790,Sun Dec 29 13:03:51 +0000 2024,0,Terjadi erupsi G. Semeru pada hari Minggu 29 Desember 2024 pukul 12:49 WIB. Erupsi terekam di seismograf dengan amplitudo maksimum 22 mm dan durasi 129 detik. https://t.co/KOI3A1GdRM via @id_magma,1873354244709064790,,,in,,0,0,0,https://x.com/undefined/status/1873354244709064790,1677825848,,terjadi erupsi g. semeru pada hari minggu 29 desember 2024 pukul 12:49 wib. erupsi terekam di seismograf dengan amplitudo maksimum 22 mm dan durasi 129 detik. via,Semeru
1885477658785702040,Fri Jan 31 23:57:58 +0000 2025,2,Terjadi erupsi G. Semeru pada hari Sabtu 01 Februari 2025 pukul 06:42 WIB. Erupsi terekam di seismograf dengan amplitudo maksimum 22 mm dan durasi 127 detik. https://t.co/NbaJqoqRim via @id_magma,1885477658785702040,,,in,,0,0,1,https://x.com/undefined/status/1885477658785702040,1677825848,,terjadi erupsi g. semeru pada hari sabtu 01 februari 2025 pukul 06:42 wib. erupsi terekam di seismograf dengan amplitudo maksimum 22 mm dan durasi 127 detik. via,Semeru
1885477641438061057,Fri Jan 31 23:57:54 +0000 2025,2,Terjadi erupsi G. Semeru pada hari Sabtu 01 Februari 2025 pukul 06:11 WIB. Erupsi terekam di seismograf dengan amplitudo maksimum 20 mm dan durasi 93 detik. https://t.co/T02AeyU4TF via @id_magma,1885477641438061057,,,in,,0,0,0,https://x.com/undefined/status/1885477641438061057,1677825848,,terjadi erupsi g. semeru pada hari sabtu 01 februari 2025 pukul 06:11 wib. erupsi terekam di seismograf dengan amplitudo maksimum 20 mm dan durasi 93 detik. via,Semeru
1885477623935214038,Fri Jan 31 23:57:50 +0000 2025,0,Terjadi erupsi G. Semeru pada hari Sabtu 01 Februari 2025 pukul 04:44 WIB. Erupsi terekam di seismograf dengan amplitudo maksimum 23 mm dan durasi 125 detik. https://t.co/yFpdPNI62W via @id_magma,1885477623935214038,,,in,,0,0,0,https://x.com/undefined/status/1885477623935214038,1677825848,,terjadi erupsi g. semeru pada hari sabtu 01 februari 2025 pukul 04:44 wib. erupsi terekam di seismograf dengan amplitudo maksimum 23 mm dan durasi 125 detik. via,Semeru
1885477569178591584,Fri Jan 31 23:57:37 +0000 2025,0,Terjadi erupsi G. Semeru pada hari Sabtu 01 Februari 2025 pukul 04:01 WIB. Erupsi terekam di seismograf dengan amplitudo maksimum 22 mm dan durasi 120 detik. https://t.co/uiILjf1llA via @id_magma,1885477569178591584,,,in,,0,0,0,https://x.com/undefined/status/1885477569178591584,1677825848,,terjadi erupsi g. semeru pada hari sabtu 01 februari 2025 pukul 04:01 wib. erupsi terekam di seismograf dengan amplitudo maksimum 22 mm dan durasi 120 detik. via,Semeru
1885477515592163712,Fri Jan 31 23:57:24 +0000 2025,0,Terjadi erupsi G. Semeru pada hari Sabtu 01 Februari 2025 pukul 03:17 WIB. Erupsi terekam di seismograf dengan amplitudo maksimum 22 mm dan durasi 130 detik. https://t.co/9KgQWH1iWG via @id_magma,1885477515592163712,,,in,,0,0,0,https://x.com/undefined/status/1885477515592163712,1677825848,,terjadi erupsi g. semeru pada hari sabtu 01 februari 2025 pukul 03:17 wib. erupsi terekam di seismograf dengan amplitudo maksimum 22 mm dan durasi 130 detik. via,Semeru
1885477182778335741,Fri Jan 31 23:56:05 +0000 2025,0,Terjadi erupsi G. Semeru pada hari Sabtu 01 Februari 2025 pukul 01:42 WIB. Erupsi terekam di seismograf dengan amplitudo maksimum 22 mm dan durasi 134 detik. https://t.co/2B70tvGwN0 via @id_magma,1885477182778335741,,,in,,0,0,0,https://x.com/undefined/status/1885477182778335741,1677825848,,terjadi erupsi g. semeru pada hari sabtu 01 februari 2025 pukul 01:42 wib. erupsi terekam di seismograf dengan amplitudo maksimum 22 mm dan durasi 134 detik. via,Semeru
1885477123873546449,Fri Jan 31 23:55:51 +0000 2025,0,Terjadi erupsi G. Semeru pada hari Sabtu 01 Februari 2025 pukul 00:31 WIB. Erupsi terekam di seismograf dengan amplitudo maksimum 22 mm dan durasi 121 detik. https://t.co/1Ey90AaNaU via @id_magma,1885477123873546449,,,in,,0,0,1,https://x.com/undefined/status/1885477123873546449,1677825848,,terjadi erupsi g. semeru pada hari sabtu 01 februari 2025 pukul 00:31 wib. erupsi terekam di seismograf dengan amplitudo maksimum 22 mm dan durasi 121 detik. via,Semeru
1885349913061711954,Fri Jan 31 15:35:44 +0000 2025,2,3️⃣ Trekking Penuh Tantangan Untuk mencapai dasar air terjun pengunjung harus melewati jalur curam tangga bambu dan menyeberangi sungai kecil. Tantangan ini sebanding dengan keindahan yang menanti di bawah! 4️⃣ Sumber Air Langsung dari Gunung Semeru Aliran airnya berasal dari,1885351264051253343,,lonxmusk,in,,0,1,0,https://x.com/undefined/status/1885351264051253343,819561342382338049,,3️⃣ trekking penuh tantangan untuk mencapai dasar air terjun pengunjung harus melewati jalur curam tangga bambu dan menyeberangi sungai kecil. tantangan ini sebanding dengan keindahan yang menanti di bawah! 4️⃣ sumber air langsung dari gunung semeru aliran airnya berasal dari,Semeru
1885185075220013276,Fri Jan 31 13:04:52 +0000 2025,0,@hanifdhz Aku pernah ke Lawu bawa tamu kayak gitu asli beban. Kataku nek kondisi fisik belum memungkinkan jangan maksain naik gunung. Bayangin mulai naik abis ashar sampe mbok yem jam 2 pagi ,1885313296930398252,,hanifdhz,in,,0,1,0,https://x.com/undefined/status/1885313296930398252,377312359,,aku pernah ke lawu bawa tamu kayak gitu asli beban. kataku nek kondisi fisik belum memungkinkan jangan maksain naik gunung. bayangin mulai naik abis ashar sampe mbok yem jam 2 pagi,Lawu
1885292565202952571,Fri Jan 31 11:42:29 +0000 2025,1,udah ngerasain tektok gunung salak gede pangrango. dan bakal tektokin gunung jawa barat yg laen kaya papandayan cikuray guntur malabar patuha ciremai. kalau jawa tengah better ngecamp sih kayanya. dan yg paling cape tuh pangrango sama salak ril bgt.,1885292565202952571,,,in,,0,1,0,https://x.com/undefined/status/1885292565202952571,706635522,,udah ngerasain tektok gunung salak gede pangrango. dan bakal tektokin gunung jawa barat yg laen kaya papandayan cikuray guntur malabar patuha ciremai. kalau jawa tengah better ngecamp sih kayanya. dan yg paling cape tuh pangrango sama salak ril bgt.,Patuha
1885290756677718060,Fri Jan 31 11:35:18 +0000 2025,1,Kenapa ya? Kalau terkenang masa lalu posisi pas di gunung lawu bisa nangis. Padahal kalau di rumah dan tempat lain biasa² aja https://t.co/uK6PLcBw7E,1885290756677718060,https://pbs.twimg.com/media/Ginl7wgbYAIMoyH.jpg,,in,,0,0,0,https://x.com/undefined/status/1885290756677718060,465183894,,kenapa ya? kalau terkenang masa lalu posisi pas di gunung lawu bisa nangis. padahal kalau di rumah dan tempat lain biasa² aja,Lawu
1885289484511830072,Fri Jan 31 11:30:14 +0000 2025,7,Terjadi erupsi gunung Semeru 31.01.25 https://t.co/vyEPP1nYq1,1885289484511830072,https://pbs.twimg.com/ext_tw_video_thumb/1885289440874311680/pu/img/S9zFDlIWQm9xOGoV.jpg,,in,,0,0,0,https://x.com/undefined/status/1885289484511830072,1282751327588585473,,terjadi erupsi gunung semeru 31.01.25,Semeru
1884889509143396855,Fri Jan 31 11:09:15 +0000 2025,0,@kompascom Lagi musim ujan naek gunung sempet di tutup kan kmren jalur pendakian gunung lawu karena cuaca di puncak ekstrim bgt sering badai,1885284203736293722,,kompascom,in,,0,0,0,https://x.com/undefined/status/1885284203736293722,1094967116929785858,,lagi musim ujan naek gunung sempet di tutup kan kmren jalur pendakian gunung lawu karena cuaca di puncak ekstrim bgt sering badai,Lawu
1885266175585869880,Fri Jan 31 10:22:59 +0000 2025,0,@thelordsungchan @thelordses Gak inget tuh kemarin bikin nangis Abang Nsok sampe anaknya nyusruk di gunung sampah,1885272559765381613,,deutraits,in,,0,0,0,https://x.com/undefined/status/1885272559765381613,3163905230,,gak inget tuh kemarin bikin nangis abang nsok sampe anaknya nyusruk di gunung sampah,Abang
1885250853357133987,Fri Jan 31 09:52:19 +0000 2025,0,@arojgan Belom pernah ke gunung raung tapi jalurnya ekstrim ya,1885264841621069845,,arojgan,in,,0,0,0,https://x.com/undefined/status/1885264841621069845,1675308325142167553,,belom pernah ke gunung raung tapi jalurnya ekstrim ya,Raung
1885255791906869520,Fri Jan 31 09:16:24 +0000 2025,0,4. Puncak B29 Lokasi: Lumajang Jawa Timur Puncak B29 di Lumajang Jawa Timur berada di Desa Ledokombo Kecamatan Sumber Probolinggo. Dengan ketinggian 2.900 mdpl lokasinya dekat dengan Gunung Bromo dan Gunung Semeru. https://t.co/I750Lq6rrN,1885255801436332289,https://pbs.twimg.com/media/GinFT_pbYAAKIT9.jpg,detikTravel,in,,0,1,0,https://x.com/undefined/status/1885255801436332289,240113510,,4. puncak b29 lokasi: lumajang jawa timur puncak b29 di lumajang jawa timur berada di desa ledokombo kecamatan sumber probolinggo. dengan ketinggian 2.900 mdpl lokasinya dekat dengan gunung bromo dan gunung semeru.,Semeru
1885227045644615885,Fri Jan 31 07:22:08 +0000 2025,4,Warganet ramai membicarakan kenaikan tarif masuk ke Curug Nangka yang terletak di kawasan Taman Nasional Gunung Halimun Salak (TNGHS) Kabupaten Bogor Jawa Barat. Isu ini mencuat di media sosial setelah beredarnya video viral yang memperlihatkan sebuah keluarga kecewa dengan https://t.co/olfSpbqhDk,1885227045644615885,https://pbs.twimg.com/ext_tw_video_thumb/1885224985515745280/pu/img/jUFRIT1KEUb_piMh.jpg,,in,,0,1,0,https://x.com/undefined/status/1885227045644615885,23343960,,warganet ramai membicarakan kenaikan tarif masuk ke curug nangka yang terletak di kawasan taman nasional gunung halimun salak (tnghs) kabupaten bogor jawa barat. isu ini mencuat di media sosial setelah beredarnya video viral yang memperlihatkan sebuah keluarga kecewa dengan,Halimun
1885223500488860011,Fri Jan 31 07:08:02 +0000 2025,0,bro....bb 100kg itu udh pasti orang jarang olahraga. tp kenapa lu berani-berani nya mendaki gunung lawu dahhh????? kenapa ga campcer aja atau gunung-gunung yg ga terlalu tinggi gituuuuuuuu,1885223500488860011,,,in,,0,0,0,https://x.com/undefined/status/1885223500488860011,581598499,,bro....bb 100kg itu udh pasti orang jarang olahraga. tp kenapa lu berani-berani nya mendaki gunung lawu dahhh????? kenapa ga campcer aja atau gunung-gunung yg ga terlalu tinggi gituuuuuuuu,Lawu
1895579346301292705,Fri Feb 28 23:38:20 +0000 2025,1,Menurut sejarahnya danau ini terbentuk akibat erupsi vulkanik dari Gunung Sitinjau yang terjadi kurang lebih 52.000 tahun yang lalu. Kaldera yang terbentuk sedemikian luas kemudian berkembang menjadi sebuah danau. Hal ini sama seperti yang terjadi pada Danau Toba di Sumatra,1895619576286900495,,panjxat,in,,0,1,0,https://x.com/undefined/status/1895619576286900495,1734904938239868928,,menurut sejarahnya danau ini terbentuk akibat erupsi vulkanik dari gunung sitinjau yang terjadi kurang lebih 52.000 tahun yang lalu. kaldera yang terbentuk sedemikian luas kemudian berkembang menjadi sebuah danau. hal ini sama seperti yang terjadi pada danau toba di sumatra,Kembang
1895349740742852840,Fri Feb 28 15:44:42 +0000 2025,1,@JhonSitorus_18 @woda_johan Kasus Edi Tansil korupsi 1 6 T mah cuma geli-geli doang. Ini skandal 1 Quadriliun itupun baru puncak gunung es. Puluhan ribu triliun sejak zaman si Mbah piye kabare? Penak zamanku tho..tho..tho... Ayo Kejagung tumpas habis cecurut hingga serigala buas rakyat mendukung mu,1895500383503741385,,ScioCogitoCredo,in,,0,0,0,https://x.com/undefined/status/1895500383503741385,1462397095290101761,,kasus edi tansil korupsi 1 6 t mah cuma geli-geli doang. ini skandal 1 quadriliun itupun baru puncak gunung es. puluhan ribu triliun sejak zaman si mbah piye kabare? penak zamanku tho..tho..tho... ayo kejagung tumpas habis cecurut hingga serigala buas rakyat mendukung mu,Agung
1895416409687314573,Fri Feb 28 10:11:01 +0000 2025,6,Gunung Semeru Erupsi Tinggi Letusan Capai 900 Meter https://t.co/uKsWpWBhqg,1895416409687314573,,,in,,0,0,1,https://x.com/undefined/status/1895416409687314573,47596019,,gunung semeru erupsi tinggi letusan capai 900 meter,Semeru
1895409848881438957,Fri Feb 28 09:44:57 +0000 2025,3,Longsor emang daerah Gunung Semeru rawan apalagi pas hujan https://t.co/5qBvNNDTZW,1895409848881438957,https://pbs.twimg.com/media/Gk3ZNRhaEAEldpj.jpg,,in,,0,2,0,https://x.com/undefined/status/1895409848881438957,1334350027980857346,,longsor emang daerah gunung semeru rawan apalagi pas hujan,Semeru
1895366946696372369,Fri Feb 28 06:54:28 +0000 2025,0,Berikut kami sampaikan prakiraan cuaca di kawasan rawan bencana Gunung Marapi untuk hari Jumat 28 Februari 2025. Untuk informasi prakiraan cuaca per kecamatan bisa dilihat melalui aplikasi Info BMKG #infocuacasumbar #bmkgsumbar #infosumbar #infobmkg #infobencana #infomarapi https://t.co/2PQOYqEopf,1895366946696372369,https://pbs.twimg.com/media/Gk2yJkyaMAAhGF0.jpg,,in,,0,0,0,https://x.com/undefined/status/1895366946696372369,1296032890552115200,,berikut kami sampaikan prakiraan cuaca di kawasan rawan bencana gunung marapi untuk hari jumat 28 februari 2025. untuk informasi prakiraan cuaca per kecamatan bisa dilihat melalui aplikasi info bmkg,Marapi
1895089716732797266,Fri Feb 28 05:02:59 +0000 2025,5,@unknowntism @numbingeyes @viiccc89 inget juga dia sebangga itu bawa nama tim K3 pas naik ke puncak gunung semeru demi konser tunggal tim K3. akhirnya dia balik jadi kapten lagi kan. *seingetku begitu. stefi juga kan pernah degradasi tim. dulu rumor melody pacaran tuh gak digubris sama jot. inget gak sih?,1895338887389815176,,unknowntism,in,,0,1,0,https://x.com/undefined/status/1895338887389815176,1304051551221161985,,inget juga dia sebangga itu bawa nama tim k3 pas naik ke puncak gunung semeru demi konser tunggal tim k3. akhirnya dia balik jadi kapten lagi kan. *seingetku begitu. stefi juga kan pernah degradasi tim. dulu rumor melody pacaran tuh gak digubris sama jot. inget gak sih?,Semeru
1895330090197885351,Fri Feb 28 04:28:01 +0000 2025,2,Longsor di KM 53 Piket Nol lereng Gunung Semeru di Kabupaten Lumajang Jawa Timur menyebabkan lumpuhnya akses jalan ke Malang dari arah Jember. Sementara beberapa pengendara nekat melintas aliran Gunung Semeru di Curah Kobokan Jumat (28/2). Efm #BeritElshinta https://t.co/b89rmGxHvx,1895330090197885351,https://pbs.twimg.com/ext_tw_video_thumb/1895329874468106240/pu/img/esiAj5YBH9fKMmWd.jpg,,in,,0,0,1,https://x.com/undefined/status/1895330090197885351,121640063,,longsor di km 53 piket nol lereng gunung semeru di kabupaten lumajang jawa timur menyebabkan lumpuhnya akses jalan ke malang dari arah jember. sementara beberapa pengendara nekat melintas aliran gunung semeru di curah kobokan jumat (28/2). efm,Semeru
1895135915099713602,Thu Feb 27 15:36:26 +0000 2025,0,Di potret dari puncak Bogor terlihat hamparan wilayah Bogor dan Gunung Salak. Toponimi Puncak sudah ada pada naskah Bujangga Manik sekitar abad 15. https://t.co/6W7DZWX2su,1895135915099713602,https://pbs.twimg.com/media/GkzgEkEWwAAVNJk.jpg,,in,,0,0,0,https://x.com/undefined/status/1895135915099713602,61924612,,di potret dari puncak bogor terlihat hamparan wilayah bogor dan gunung salak. toponimi puncak sudah ada pada naskah bujangga manik sekitar abad 15.,Salak
1895131971845792037,Thu Feb 27 15:20:46 +0000 2025,0,Gunung Telomoyo sebenarnya dapat didaki menggunakan kendaraan bermotor namun ada jalur khusus jika ingin trekking https://t.co/asYRnpF9YT,1895131971845792037,,,in,,0,0,0,https://x.com/undefined/status/1895131971845792037,124171593,,gunung telomoyo sebenarnya dapat didaki menggunakan kendaraan bermotor namun ada jalur khusus jika ingin trekking,Telomoyo
1895112315382518177,Thu Feb 27 14:02:40 +0000 2025,0,Gunung Semeru Erupsi Kolom Letusan Capai 900 Meter di Atas Puncak https://t.co/zfgU3oojP8,1895112315382518177,,,in,,0,0,0,https://x.com/undefined/status/1895112315382518177,89877164,,gunung semeru erupsi kolom letusan capai 900 meter di atas puncak,Semeru
1895054225094386143,Thu Feb 27 10:11:50 +0000 2025,36,Menjadi sebuah ketertarikan bagi kami untuk menyusuri hutan di Gunung Merapi yang konon ditunggui oleh para kasepuhan. Dekat dengan aliran Kali Kuning tanpa disengaja kami menemukan suatu jalur yang menghubungkan Kraton Merapi sampai ke Kraton Laut Kidul. #yogyakarta #merapi https://t.co/cpGwLgLdAe,1895054225094386143,https://pbs.twimg.com/amplify_video_thumb/1895054056277544961/img/vVxMfw-GLwQCz4OI.jpg,,in,,0,2,4,https://x.com/undefined/status/1895054225094386143,993888920432660481,,menjadi sebuah ketertarikan bagi kami untuk menyusuri hutan di gunung merapi yang konon ditunggui oleh para kasepuhan. dekat dengan aliran kali kuning tanpa disengaja kami menemukan suatu jalur yang menghubungkan kraton merapi sampai ke kraton laut kidul.,Merapi
1894950161933312202,Thu Feb 27 03:18:19 +0000 2025,0,Gunung Semeru di Kabupaten Lumajang Jawa Timur kembali mengalami erupsi pada Kamis (27/2/2025) pagi. ~SA #GunungSemeru #ErupsiGunung https://t.co/7gACT9KGmk,1894950161933312202,,,in,,0,0,0,https://x.com/undefined/status/1894950161933312202,23343960,,gunung semeru di kabupaten lumajang jawa timur kembali mengalami erupsi pada kamis (27/2/2025) pagi. ~sa,Semeru
1894949387945812196,Thu Feb 27 03:15:15 +0000 2025,1,Kenapa ya ini lucu banget bayangin ndut gelinding dari atas gunung sampe bawah makan jagung bakar wkwkwkwkwkwkwkwkwkwkk,1894949387945812196,,,in,,0,0,1,https://x.com/undefined/status/1894949387945812196,1160749878579871745,,kenapa ya ini lucu banget bayangin ndut gelinding dari atas gunung sampe bawah makan jagung bakar wkwkwkwkwkwkwkwkwkwkk,Agung
1894893437813694775,Thu Feb 27 01:02:07 +0000 2025,0,1. Gupak Menjangan merupakan sabana hijau yang biasanya digunakan oleh para pendaki untuk istirahat ataupun camping 2. Untuk bisa sampai di Gupak Menjangan Anda bisa melalui jalur pendakian Gunung Lawu melalui Candi Cetho,1894915883186954587,,panjxat,in,,0,1,0,https://x.com/undefined/status/1894915883186954587,1734904938239868928,,1. gupak menjangan merupakan sabana hijau yang biasanya digunakan oleh para pendaki untuk istirahat ataupun camping 2. untuk bisa sampai di gupak menjangan anda bisa melalui jalur pendakian gunung lawu melalui candi cetho,Lawu
1894778262976614699,Wed Feb 26 16:05:43 +0000 2025,0,Banjir yang bergejolak memenuhi lembah yang hijau Sejarah telah melahirkan bunga menakjubkan mekar Mekar di lereng Gunung Kawi Di bawah sinar matahari yang membuat puncak Arjuno yang agung bersinar.,1894780897083425204,,2kaaang,in,,0,1,0,https://x.com/undefined/status/1894780897083425204,1109490337024598017,,banjir yang bergejolak memenuhi lembah yang hijau sejarah telah melahirkan bunga menakjubkan mekar mekar di lereng gunung kawi di bawah sinar matahari yang membuat puncak arjuno yang agung bersinar.,Arjuno
1906277109833863596,Mon Mar 31 23:12:40 +0000 2025,0,@papi_pesta @FrendyCious @inidanu @BayuAngora @0tk0il Manusia yang pergi ke gunung bisa jadi pecinta alam atau perusak alam tergantung tindakan mereka dan pengelolaan wisata. Penelitian menunjukkan wisata gunung bisa tingkatkan kesadaran konservasi tapi juga risiko polusi dan kerusakan habitat. Kasus Eiger Camp di Tangkuban Perahu,1906847141387014636,,papi_pesta,in,,0,0,0,https://x.com/undefined/status/1906847141387014636,1720665183188922368,,manusia yang pergi ke gunung bisa jadi pecinta alam atau perusak alam tergantung tindakan mereka dan pengelolaan wisata. penelitian menunjukkan wisata gunung bisa tingkatkan kesadaran konservasi tapi juga risiko polusi dan kerusakan habitat. kasus eiger camp di tangkuban perahu,Tangkuban Perahu
1906830993513992257,Mon Mar 31 22:08:30 +0000 2025,0,aku liatttt dan amaze beneran diemmm. mana cuacanya td pagi mendukung bgt cerah langit biru dan gunung arjuno semeru keliataaan huaaa cakep bgt kemarin pagi sayang ga sempet foto,1906830993513992257,,,in,,0,0,0,https://x.com/undefined/status/1906830993513992257,566067612,,aku liatttt dan amaze beneran diemmm. mana cuacanya td pagi mendukung bgt cerah langit biru dan gunung arjuno semeru keliataaan huaaa cakep bgt kemarin pagi sayang ga sempet foto,Arjuno
1906676037200814498,Mon Mar 31 20:52:01 +0000 2025,1,@sedaryut73015 @randomable_ Postingan ini maksudnya Dedi Mulyadi Gubernur Jabar sidak proyek Eiger Camp di Gunung Tangkuban Perahu yang kontroversial. Dia hentikan proyek karena risiko longsor dan kritik pemerintah yang gagal awasi bukan salah pengusaha. Ada juga TNI pakai vest Eiger bikin orang curiga,1906811746897006914,,sedaryut73015,in,,0,1,0,https://x.com/undefined/status/1906811746897006914,1720665183188922368,,postingan ini maksudnya dedi mulyadi gubernur jabar sidak proyek eiger camp di gunung tangkuban perahu yang kontroversial. dia hentikan proyek karena risiko longsor dan kritik pemerintah yang gagal awasi bukan salah pengusaha. ada juga tni pakai vest eiger bikin orang curiga,Tangkuban Perahu
1906698793653018866,Mon Mar 31 19:23:40 +0000 2025,0,@opticruisee_ Aku ngerantau sejak jaman Gunung Kelud erupsi ,1906789509947326889,,opticruisee_,in,,0,1,0,https://x.com/undefined/status/1906789509947326889,1041193843159293952,,aku ngerantau sejak jaman gunung kelud erupsi,Kelud
1893258834249957734,Mon Mar 31 18:07:51 +0000 2025,0,@kembaransjh hi aku kmrn via tapak geurot. durasi naik turun kayanya 12 jam an. ini lama krn mostly baru pada pertama kali naik gunung ditambah pas turun hujan. harusnya bs lebih cepet sih kak ,1906770431539077258,,tengomuchdinero,in,,0,1,0,https://x.com/undefined/status/1906770431539077258,1696730996710977536,,hi aku kmrn via tapak geurot. durasi naik turun kayanya 12 jam an. ini lama krn mostly baru pada pertama kali naik gunung ditambah pas turun hujan. harusnya bs lebih cepet sih kak,Tapak
1906717182916178132,Mon Mar 31 16:10:01 +0000 2025,1,@rizrmdhn_ @DesmondaVarel DAN AKHIRNYA!! Rombongan kami menaklukan puncak SEMERU!! sembari menikmati indahnya sunrise bersama bendera merah putih! MERDEKA! dan ini membuktikan kita bisa menaklukan 2 gunung dalam 1 hari! SALAM PETUALANG!! (EVEREST tunggu kami!) https://t.co/NOY0k9YuEW,1906740776031109259,https://pbs.twimg.com/media/GnYaBWDaMAAUd-U.jpg,officialbyn0w,in,,0,1,0,https://x.com/undefined/status/1906740776031109259,1437620760701390851,,dan akhirnya!! rombongan kami menaklukan puncak semeru!! sembari menikmati indahnya sunrise bersama bendera merah putih! merdeka! dan ini membuktikan kita bisa menaklukan 2 gunung dalam 1 hari! salam petualang!! (everest tunggu kami!),Semeru
1906709587291680934,Mon Mar 31 14:06:05 +0000 2025,103,Pemandangan indah saat sholat Idul fitri di wonosobo ada yang sholat ied disini tahun ini?? lapangan base Camp gunung sumbing garung wonosobo. (amri_faris) https://t.co/YLg3wGaRMi,1906709587291680934,https://pbs.twimg.com/ext_tw_video_thumb/1906709542349737984/pu/img/UN_9QgRKCZlsK-kI.jpg,,in,,1,1,6,https://x.com/undefined/status/1906709587291680934,1279804428724211712,,pemandangan indah saat sholat idul fitri di wonosobo ada yang sholat ied disini tahun ini?? lapangan base camp gunung sumbing garung wonosobo. (amri_faris),Sumbing
1906481487337369948,Mon Mar 31 09:51:36 +0000 2025,1,@TriUtomoNurHid1 @unmagnetism cari di maps basecamp pendakian gunung sumbing via garung,1906645544501719083,,TriUtomoNurHid1,in,,0,0,0,https://x.com/undefined/status/1906645544501719083,414592115,,cari di maps basecamp pendakian gunung sumbing via garung,Sumbing
1903854346804302311,Mon Mar 31 08:01:46 +0000 2025,0,@hanyucin @hi kenapa jadi dinosaurus?? kenapa gak jadi gunung merapi aja? oh jadi jalur ordalnya dijajanin boleh deh kalo gitu mau apa?,1906617906080993653,,hanyucin,in,,0,0,0,https://x.com/undefined/status/1906617906080993653,1534935601492811779,,kenapa jadi dinosaurus?? kenapa gak jadi gunung merapi aja? oh jadi jalur ordalnya dijajanin boleh deh kalo gitu mau apa?,Merapi
1906617170228076813,Mon Mar 31 07:58:51 +0000 2025,1,14.55 #InfoSonora Cuaca lereng gunung Sindoro hujan ringan. @Sumadi081 https://t.co/MuFGJuNpLd,1906617170228076813,https://pbs.twimg.com/ext_tw_video_thumb/1906617148128321536/pu/img/Mo6PgGZE_prEhlyn.jpg,,in,,0,0,0,https://x.com/undefined/status/1906617170228076813,180696019,,14.55 cuaca lereng gunung sindoro hujan ringan.,Sindoro
1906484189177978934,Sun Mar 30 23:10:26 +0000 2025,0,Tahun ini agak waras salat Idulfitrinya masih di dekat kosan. Bukan di basecamp Gunung Sumbing via Garung ,1906484189177978934,,,in,,0,0,0,https://x.com/undefined/status/1906484189177978934,1480012764412137472,,tahun ini agak waras salat idulfitrinya masih di dekat kosan. bukan di basecamp gunung sumbing via garung,Sumbing
1906332416597471539,Sun Mar 30 13:07:20 +0000 2025,0,membayangkan Raiden Keisuke teriak KOHAKUUUU DATANGLAH KE PELUKANKUUUU dari puncak gunung takao terus dia bergulung ke bawah seperti landak dan membeli jagung bakar,1906332416597471539,,,in,,0,0,0,https://x.com/undefined/status/1906332416597471539,1868552303537774592,,membayangkan raiden keisuke teriak kohakuuuu datanglah ke pelukankuuuu dari puncak gunung takao terus dia bergulung ke bawah seperti landak dan membeli jagung bakar,Agung
1906233652167819628,Sun Mar 30 06:34:53 +0000 2025,0,Anggota Babinsa Koramil 09/Gunung Talang Kodim 0309/Solok bersama anggota Polres Satpol PP Anggota BPBD serta Dinas Kesehatan melaksanakan PAM jaga pos pantau lebaran Lubuk Selasih Sabtu 29 Maret 2025 https://t.co/HtlZMSYUpn,1906233652167819628,https://pbs.twimg.com/media/GnRNZyiaEAAom50.jpg,,in,,0,0,0,https://x.com/undefined/status/1906233652167819628,1664068865813512197,,anggota babinsa koramil 09/gunung talang kodim 0309/solok bersama anggota polres satpol pp anggota bpbd serta dinas kesehatan melaksanakan pam jaga pos pantau lebaran lubuk selasih sabtu 29 maret 2025,Talang
1906194793727975755,Sun Mar 30 04:00:28 +0000 2025,0,Berikut kami sampaikan prakiraan cuaca di kawasan rawan bencana Gunung Marapi untuk hari Minggu 30 Maret 2025. Untuk informasi prakiraan cuaca per kecamatan bisa dilihat melalui aplikasi Info BMKG #infocuacasumbar #bmkgsumbar #infobmkg #infobencana #infosumbar #infomarapi https://t.co/SjzEngo8Ct,1906194793727975755,https://pbs.twimg.com/media/GnQqDp1a8AAN2UM.jpg,,in,,0,0,0,https://x.com/undefined/status/1906194793727975755,1296032890552115200,,berikut kami sampaikan prakiraan cuaca di kawasan rawan bencana gunung marapi untuk hari minggu 30 maret 2025. untuk informasi prakiraan cuaca per kecamatan bisa dilihat melalui aplikasi info bmkg,Marapi
1906145096183185728,Sun Mar 30 00:43:00 +0000 2025,1,Babinsa Gunung Perak Koramil 1424-02/Sinjai Barat Kodim 1424/Sinjai Dampingi Petani Pantau Perkembangan Tanaman Padi di Dusun Puncak Desa Gunung Perak Kec. Sinjai Barat Kab Sinjai. #tniad #dispenad #puspentni #TNIindonesia #kodam14hasanuddin https://t.co/pIdTi4xMpY,1906145096183185728,https://pbs.twimg.com/media/GnP83LAaQAACGQr.jpg,,in,,0,0,0,https://x.com/undefined/status/1906145096183185728,1846390926341799936,,babinsa gunung perak koramil 1424-02/sinjai barat kodim 1424/sinjai dampingi petani pantau perkembangan tanaman padi di dusun puncak desa gunung perak kec. sinjai barat kab sinjai.,Kembang
1906001221712068972,Sat Mar 29 15:11:17 +0000 2025,0,Setelah kemarin seharian hujan Pagi ini sangat cerah terlihat Gunung Merapi &amp; Merbabu di Barat dan Gunung Lawu di Timur. Foto diambil dari belakang rumah https://t.co/KgUHKJfVXC,1906001221712068972,https://pbs.twimg.com/media/GnN5_9BbgAA7tm3.jpg,,in,,0,0,0,https://x.com/undefined/status/1906001221712068972,354682223,,setelah kemarin seharian hujan pagi ini sangat cerah terlihat gunung merapi &amp; merbabu di barat dan gunung lawu di timur. foto diambil dari belakang rumah,Merapi
1905996258587869534,Sat Mar 29 14:51:34 +0000 2025,0,Akhirnya naik puncak gunung rinjani bersama @reIungjiwaa https://t.co/xpXcMoMLJK,1905996258587869534,https://pbs.twimg.com/media/GnN1fxTb0AAWAYM.jpg,,in,,0,0,0,https://x.com/undefined/status/1905996258587869534,3165661495,,akhirnya naik puncak gunung rinjani bersama,Rinjani
1905970784926933071,Sat Mar 29 14:20:57 +0000 2025,0,@bbbyeca @sbyfess Mandang pemandangan laut selatan yang dari puncak gunung Semeru,1905988552384765968,,ecasnowwhite,in,,0,1,0,https://x.com/undefined/status/1905988552384765968,717350042965647361,,mandang pemandangan laut selatan yang dari puncak gunung semeru,Semeru
1905987106847301788,Sat Mar 29 14:15:12 +0000 2025,0,#Weekly hari ini keempat kalinya aku mendaki gunung merbabu cuaca di puncak untung nya cerah yaa walau naik banyak tantangan nya kayak temen kena hipotermia kehabisan air minum waktu di atas tapi semua itu terbayarkan sama pemandangan yang indah #Ceritaly https://t.co/oxewJPuL8u,1905987106847301788,https://pbs.twimg.com/media/GnNtLBlagAAJpIH.jpg,,in,,0,0,0,https://x.com/undefined/status/1905987106847301788,1568810423474069509,,hari ini keempat kalinya aku mendaki gunung merbabu cuaca di puncak untung nya cerah yaa walau naik banyak tantangan nya kayak temen kena hipotermia kehabisan air minum waktu di atas tapi semua itu terbayarkan sama pemandangan yang indah,Merbabu
1905972600083534112,Sat Mar 29 13:21:50 +0000 2025,0,@alpatihh Rekomendasi gunung murah dan bagus dari Bandung: **Gunung Batu** di Lembang (30 menit gratis 1.250 m pemandangan Tangkuban Perahu) dan **Mount Manglayang** di timur Bandung (Rp5.000 1.818 m karpet awan). Naik angkot atau kendaraan pribadi bawa bekal cek cuaca untuk,1905973677339947381,,alpatihh,in,,0,0,0,https://x.com/undefined/status/1905973677339947381,1720665183188922368,,rekomendasi gunung murah dan bagus dari bandung: **gunung batu** di lembang (30 menit gratis 1.250 m pemandangan tangkuban perahu) dan **mount manglayang** di timur bandung (rp5.000 1.818 m karpet awan). naik angkot atau kendaraan pribadi bawa bekal cek cuaca untuk,Tangkuban Perahu
1905950757460881690,Sat Mar 29 11:55:32 +0000 2025,0,@Polyglot7777 Pulau Jawa sulit bersalju karena iklim tropisnya suhu rata-rata 27°C tak mendukung salju. Gunung Semeru (3.676 m) mungkin berembun beku tapi tak ada catatan salju. Puncak Jaya di Papua (4.884 m) punya salju permanen tapi jauh dari Jawa. Zaman es terakhir hanya turun 2-6°C tak,1905951957677699513,,Polyglot7777,in,,0,0,0,https://x.com/undefined/status/1905951957677699513,1720665183188922368,,pulau jawa sulit bersalju karena iklim tropisnya suhu rata-rata 27°c tak mendukung salju. gunung semeru (3.676 m) mungkin berembun beku tapi tak ada catatan salju. puncak jaya di papua (4.884 m) punya salju permanen tapi jauh dari jawa. zaman es terakhir hanya turun 2-6°c tak,Semeru
1905929461960175660,Sat Mar 29 10:41:01 +0000 2025,0,Secara Keseleuruhan versi bubu nama ini artinya : Perempuan cantik yang bijaksana dan kuat yang cantiknya kaya matahari terbit di gunung rinjani. Sometimes kita liat langsung ya neng secantik apa matahari terbit dari puncak rinjani Bismillah sehat sehat anak bubu,1905933207867920659,,morisjerk,in,,0,0,0,https://x.com/undefined/status/1905933207867920659,2431255674,,secara keseleuruhan versi bubu nama ini artinya : perempuan cantik yang bijaksana dan kuat yang cantiknya kaya matahari terbit di gunung rinjani. sometimes kita liat langsung ya neng secantik apa matahari terbit dari puncak rinjani bismillah sehat sehat anak bubu,Rinjani
1905894279110676935,Sat Mar 29 08:06:20 +0000 2025,0,Puncak Arus Mudik Diprediksi Ribuan Penumpang dari Nabire Berangkat dengan Kapal Gunung Dempo - https://t.co/qwHwXJSX5l #arusmudik #lebaran #idulfitri #nabire #papuatengah #pelni #fyp,1905894279110676935,,,in,,0,0,0,https://x.com/undefined/status/1905894279110676935,1189741956,,puncak arus mudik diprediksi ribuan penumpang dari nabire berangkat dengan kapal gunung dempo -,Dempo
1905887802434404785,Sat Mar 29 07:40:36 +0000 2025,0,Gunung Semeru yang berada di perbatasan Kabupaten Lumajang dan Malang Jawa Timur erupsi sebanyak empat kali dengan tinggi kolom letusan 500 meter hingga 800 meter di atas puncak pada Sabtu pagi. https://t.co/eXMBCJZ32o,1905887802434404785,,,in,,0,0,0,https://x.com/undefined/status/1905887802434404785,18071520,,gunung semeru yang berada di perbatasan kabupaten lumajang dan malang jawa timur erupsi sebanyak empat kali dengan tinggi kolom letusan 500 meter hingga 800 meter di atas puncak pada sabtu pagi.,Semeru
1905855880228216997,Sat Mar 29 05:33:45 +0000 2025,1,Gunung Semeru yang berada di perbatasan Kabupaten Lumajang dan Malang Jawa Timur erupsi sebanyak empat kali dengan tinggi kolom letusan 500 meter hingga 800 meter di atas puncak pada Sabtu (29/3/2025) pagi. https://t.co/OM1MiSzfWu,1905855880228216997,,,in,,0,1,0,https://x.com/undefined/status/1905855880228216997,68930552,,gunung semeru yang berada di perbatasan kabupaten lumajang dan malang jawa timur erupsi sebanyak empat kali dengan tinggi kolom letusan 500 meter hingga 800 meter di atas puncak pada sabtu (29/3/2025) pagi.,Semeru
1905841505249460529,Sat Mar 29 04:36:38 +0000 2025,3,Gunung Semeru Erupsi dengan Tinggi Kolom Letusan Mencapai 800 Meter Sabtu Pagi https://t.co/hcRLtf1vRw,1905841505249460529,,,in,,0,1,0,https://x.com/undefined/status/1905841505249460529,848614550,,gunung semeru erupsi dengan tinggi kolom letusan mencapai 800 meter sabtu pagi,Semeru
1905834361594712159,Sat Mar 29 04:08:15 +0000 2025,0,Gunung Semeru Erupsi Lagi! Tinggi Kolom Letusan Mencapai 800 Meter Masyarakat perlu mewaspadai potensi awan panas guguran lava dan lahar hujan di sepanjang aliran sungai/lembah yang berhulu di puncak Gunung Semeru https://t.co/7TBaEIUCmy https://t.co/sZ4OYe1Ky8,1905834361594712159,https://pbs.twimg.com/media/GnLiQIQWgAAiY2m.jpg,,in,,0,0,0,https://x.com/undefined/status/1905834361594712159,155169715,,gunung semeru erupsi lagi! tinggi kolom letusan mencapai 800 meter masyarakat perlu mewaspadai potensi awan panas guguran lava dan lahar hujan di sepanjang aliran sungai/lembah yang berhulu di puncak gunung semeru,Semeru
1905735498473373857,Fri Mar 28 22:00:54 +0000 2025,0,@narayups Ternyata Salah satu daya tarik utama Gunung Telomoyo adalah pemandangan dari puncaknya,1905741917557862766,,narayups,in,,0,0,0,https://x.com/undefined/status/1905741917557862766,1675308325142167553,,ternyata salah satu daya tarik utama gunung telomoyo adalah pemandangan dari puncaknya,Telomoyo
1917515583056195873,Wed Apr 30 23:39:37 +0000 2025,0,@alchesmey @moonminee_ @tanyarlfes Sering bgt aku nanya ke salah satu warga basecamp gunung kalo pas aku lg naik mereka rata² mandi 1x. Apalagi gunung Prau (kawasan dieng) dibawah 3000mdpl tp dinginnya gila,1917725559641235891,,alchesmey,in,,0,0,0,https://x.com/undefined/status/1917725559641235891,121774931,,sering bgt aku nanya ke salah satu warga basecamp gunung kalo pas aku lg naik mereka rata² mandi 1x. apalagi gunung prau (kawasan dieng) dibawah 3000mdpl tp dinginnya gila,Prau
1917581073049083955,Wed Apr 30 14:05:29 +0000 2025,0,Cuaca di Yogya cerah! Gunung Merapi dan Merbabu terpantau dari kejauhan cakep broo https://t.co/DZ9PHXLcBd,1917581073049083955,https://pbs.twimg.com/media/Gpyd0eha4AA0Sw2.jpg,,in,,0,0,0,https://x.com/undefined/status/1917581073049083955,1761984182144868353,,cuaca di yogya cerah! gunung merapi dan merbabu terpantau dari kejauhan cakep broo,Merapi
1917574414314389640,Wed Apr 30 13:39:01 +0000 2025,0,Buang sampah sembarangan di Gunung Lawu pendaki ini ditimpuk batu dari atas pohon dan melihat kuntilanak tertawa. Simak cerita misteri ini. https://t.co/6AZXGM04h4,1917574414314389640,,,in,,0,0,0,https://x.com/undefined/status/1917574414314389640,1404018642,,buang sampah sembarangan di gunung lawu pendaki ini ditimpuk batu dari atas pohon dan melihat kuntilanak tertawa. simak cerita misteri ini.,Lawu
1917572844336341029,Wed Apr 30 13:32:47 +0000 2025,0,New post (Gunung Talau Diuji Jadi Lokasi Paralayang Bupati Pessel: Akan Dikembangkan Jadi Destinasi Nasional) has been published on hantaran - https://t.co/81N7VEhIwj https://t.co/tlekONO95T,1917572844336341029,https://pbs.twimg.com/media/GpyWVupa4AE9Ste.jpg,,in,,0,0,0,https://x.com/undefined/status/1917572844336341029,1379860091126513666,,new post (gunung talau diuji jadi lokasi paralayang bupati pessel: akan dikembangkan jadi destinasi nasional) has been published on hantaran -,Kembang
1917568393005138418,Wed Apr 30 13:15:06 +0000 2025,0,Tidur di atas batu bekas tempat pesugihan pendaki ini mendadak kesurupan dan merangkak seperti macan Lawu di jalur Gunung Lawu. https://t.co/vIRRo1rSYQ,1917568393005138418,,,in,,0,0,0,https://x.com/undefined/status/1917568393005138418,1404018642,,tidur di atas batu bekas tempat pesugihan pendaki ini mendadak kesurupan dan merangkak seperti macan lawu di jalur gunung lawu.,Lawu
1917549309119324236,Wed Apr 30 12:04:28 +0000 2025,0,Lava Tumuli Batur tersebut menyajikan tantangan mengasyikkan sambil menikmati indahnya panorama Gunung dan Danau Batur yg ikonik. Penggemar off-road bisa menjelajahi lereng Gunung Batur dengan mobil jeep 4WD lewat jalur Black Lava. Atau bisa juga dengan motor trail. #Bali #Batur https://t.co/s4BVJh9bIH,1917550620162286025,https://pbs.twimg.com/ext_tw_video_thumb/1917550523294887936/pu/img/rOoabHWl3cRSEzdA.jpg,SusantoSane,in,,0,1,0,https://x.com/undefined/status/1917550620162286025,1199790732,,lava tumuli batur tersebut menyajikan tantangan mengasyikkan sambil menikmati indahnya panorama gunung dan danau batur yg ikonik. penggemar off-road bisa menjelajahi lereng gunung batur dengan mobil jeep 4wd lewat jalur black lava. atau bisa juga dengan motor trail.,Batur
1917453769694142961,Wed Apr 30 09:10:44 +0000 2025,0,@Iwanadityaa_ @zakiberkata Cuaca di Gunung Sumbing pada 12 Mei 2025 diperkirakan kering dengan suhu tinggi khas musim kemarau yang dimulai bulan Mei. Di dataran rendah sekitar Jawa Tengah suhu berkisar 29-33°C tetapi di puncak (3.371 m) akan lebih sejuk mungkin 15-20°C. Meski demikian hujan petang,1917506897403600982,,Iwanadityaa_,in,,0,0,0,https://x.com/undefined/status/1917506897403600982,1720665183188922368,,cuaca di gunung sumbing pada 12 mei 2025 diperkirakan kering dengan suhu tinggi khas musim kemarau yang dimulai bulan mei. di dataran rendah sekitar jawa tengah suhu berkisar 29-33°c tetapi di puncak (3.371 m) akan lebih sejuk mungkin 15-20°c. meski demikian hujan petang,Sumbing
1917452858313826534,Wed Apr 30 08:36:30 +0000 2025,0,@sbyfess Bagi seng gurung tau gunung timbang menyusahkan diri sendiri mending gawe jaket gunung ae. Track e penanggungan garai gombyos angin e banter rawan masuk angin. Gawe jaket gunung ae ben gak sakit masuk angin.,1917498281690816851,,sbyfess,in,,0,1,0,https://x.com/undefined/status/1917498281690816851,311843878,,bagi seng gurung tau gunung timbang menyusahkan diri sendiri mending gawe jaket gunung ae. track e penanggungan garai gombyos angin e banter rawan masuk angin. gawe jaket gunung ae ben gak sakit masuk angin.,Penanggungan
1917494113634771211,Wed Apr 30 08:19:56 +0000 2025,1,Basecamp pendakian Gunung Kembang via Blembem Wonosobo https://t.co/CkGqtdIkF4,1917494113634771211,https://pbs.twimg.com/media/GpxOuEia8AAlzU_.jpg,,in,,0,1,0,https://x.com/undefined/status/1917494113634771211,81120243,,basecamp pendakian gunung kembang via blembem wonosobo,Kembang
1917492196678459428,Wed Apr 30 08:12:19 +0000 2025,0,Informasi Gunung Api: Gunung Semeru Jawa Timur Erupsi *SUMBER DATA* KESDM Badan Geologi PVMBG Pos Pengamatan Gunungapi Semeru https://t.co/k4HBFdLdPV https://t.co/tmZubpT0iV *Media Sosial PVMBG* https://t.co/QUmQXAA3uN #semeru https://t.co/NSMEnVSujV,1917492196678459428,,,in,,0,0,0,https://x.com/undefined/status/1917492196678459428,924393535,,informasi gunung api: gunung semeru jawa timur erupsi *sumber data* kesdm badan geologi pvmbg pos pengamatan gunungapi semeru *media sosial pvmbg*,Semeru
1917453769694142961,Wed Apr 30 06:49:20 +0000 2025,0,@ahmadzuhriii @zakiberkata Maaf tanggal 10 dan 11 Mei 2025 di Gunung Prau kemungkinan besar akan hujan dengan peluang 75% setiap hari. Suhu dingin sekitar 10-15 6°C. Cuaca cerah tanpa hujan sepertinya sulit. Bawa perlengkapan hujan dan cek prakiraan terbaru mendekati tanggal tersebut karena prediksi,1917471311628230711,,ahmadzuhriii,in,,0,0,0,https://x.com/undefined/status/1917471311628230711,1720665183188922368,,maaf tanggal 10 dan 11 mei 2025 di gunung prau kemungkinan besar akan hujan dengan peluang 75% setiap hari. suhu dingin sekitar 10-15 6°c. cuaca cerah tanpa hujan sepertinya sulit. bawa perlengkapan hujan dan cek prakiraan terbaru mendekati tanggal tersebut karena prediksi,Prau
1917453769694142961,Wed Apr 30 06:46:50 +0000 2025,0,@zakiberkata Apakah tanggal 10 dan 11 Mei di Gunung Prau akan cerah dan tidak hujan @grok ?,1917470685359923358,,zakiberkata,in,,0,1,0,https://x.com/undefined/status/1917470685359923358,128111950,,apakah tanggal 10 dan 11 mei di gunung prau akan cerah dan tidak hujan ?,Prau
1917453053487374454,Wed Apr 30 05:36:47 +0000 2025,13,Alhamdulillah terima kasih Bapak dan ibu bos yang baik.. Diajak liburan tracking ke gunung Batur Bali... ,1917453053487374454,,,in,,0,1,1,https://x.com/undefined/status/1917453053487374454,1837384560105213954,,alhamdulillah terima kasih bapak dan ibu bos yang baik.. diajak liburan tracking ke gunung batur bali...,Batur
1917452858313826534,Wed Apr 30 05:36:00 +0000 2025,4,-rek yang udah ke penanggungan itu dingin banget kah kalo naik bulan mei ini ? Harus pake jaket bulu angsa kah? Atau ada saran outfit yang sesuai. dari temen Sender baru ini ndaki gunung jatim sebelumnya jateng.,1917452858313826534,,,in,,0,12,0,https://x.com/undefined/status/1917452858313826534,1152437175587241985,,-rek yang udah ke penanggungan itu dingin banget kah kalo naik bulan mei ini ? harus pake jaket bulu angsa kah? atau ada saran outfit yang sesuai. dari temen sender baru ini ndaki gunung jatim sebelumnya jateng.,Penanggungan
1917424284890173786,Wed Apr 30 03:42:28 +0000 2025,0,Main jalangkung di puncak Gunung Lawu satu pendaki hilang misterius. Tim SAR diturunkan untuk menyelamatkannya. Simak cerita misteri ini. https://t.co/NwSwksTHh3,1917424284890173786,,,in,,0,0,0,https://x.com/undefined/status/1917424284890173786,1404018642,,main jalangkung di puncak gunung lawu satu pendaki hilang misterius. tim sar diturunkan untuk menyelamatkannya. simak cerita misteri ini.,Lawu
1917286660867514536,Tue Apr 29 18:35:36 +0000 2025,0,kebangun mimpi lg di puncak gunung semeru mahameru ke 2 kalinya,1917286660867514536,,,in,,0,0,0,https://x.com/undefined/status/1917286660867514536,1266334014698217472,,kebangun mimpi lg di puncak gunung semeru mahameru ke 2 kalinya,Semeru
1917243622225035412,Tue Apr 29 15:44:34 +0000 2025,6,Finally setelah 6 bulan aku main ke gunung lagi ke Merbabu camp pulaseneng pol-polan terakhir ke Sumbing tektok (hampir trauma coz salah partner.) https://t.co/50gKc8s9yL,1917243622225035412,https://pbs.twimg.com/media/Gptq6U9bwAALQma.jpg,,in,,0,3,1,https://x.com/undefined/status/1917243622225035412,1599624526090104833,,finally setelah 6 bulan aku main ke gunung lagi ke merbabu camp pulaseneng pol-polan terakhir ke sumbing tektok (hampir trauma coz salah partner.),Sumbing
1917223849730756802,Tue Apr 29 14:49:27 +0000 2025,0,@eaesily pejamkan mata dan bayangkan cara survive dari life after breakup km‍️bisa jadi km naik gunung semeru dan pas sampe puncak mengibarlan bendera merah putih lalu berteriak [y/n] kembalilah ke pelukanku terus menggelinding ke bawah seperti landak dan langsung membeli jagung bakar,1917229751443558420,,eaesily,in,,0,1,0,https://x.com/undefined/status/1917229751443558420,843714327794262018,,pejamkan mata dan bayangkan cara survive dari life after breakup km‍️bisa jadi km naik gunung semeru dan pas sampe puncak mengibarlan bendera merah putih lalu berteriak [y/n] kembalilah ke pelukanku terus menggelinding ke bawah seperti landak dan langsung membeli jagung bakar,Agung
1917206687741854107,Tue Apr 29 13:17:48 +0000 2025,0,Abang avoidant nya naik-naik ke puncak gunung ya ,1917206687741854107,,,in,,0,0,0,https://x.com/undefined/status/1917206687741854107,2729401364,,abang avoidant nya naik-naik ke puncak gunung ya,Abang
1917205923287994420,Tue Apr 29 13:14:46 +0000 2025,0,Jalur pendakian Gunung Dempo Kota Pagaralam Sumatera Selatan akan dibuka kembali pada tanggal 1 Mei 2025.https://t.co/kp1QIOG76Q,1917205923287994420,,,in,,0,0,0,https://x.com/undefined/status/1917205923287994420,423220305,,jalur pendakian gunung dempo kota pagaralam sumatera selatan akan dibuka kembali pada tanggal 1 mei 2025.,Dempo
1917192346510451196,Tue Apr 29 12:20:49 +0000 2025,7,UNESCO Global Geopark in Indonesia: 1. Batur 2. Gunung Sewu 3. Ciletuh-Palabuhanratu 4. Rinjani-Lombok 5. Toba Caldera 6. Belitong 7. Merangin Jambi 8. Ijen 9. Maros Pangkep 10. Raja Ampat 11. Kebumen 12. Meratus,1917192346510451196,,,in,,0,0,0,https://x.com/undefined/status/1917192346510451196,1584150314944692224,,unesco global geopark in indonesia: 1. batur 2. gunung sewu 3. ciletuh-palabuhanratu 4. rinjani-lombok 5. toba caldera 6. belitong 7. merangin jambi 8. ijen 9. maros pangkep 10. raja ampat 11. kebumen 12. meratus,Rinjani
1917192332560224741,Tue Apr 29 12:20:46 +0000 2025,7,Taman Bumi (Geopark) Dunia/Global UNESCO di Indonesia: 1. Batur 2. Gunung Sewu 3. Ciletuh-Palabuhanratu 4. Rinjani-Lombok 5. Kaldera Toba 6. Belitong 7. Merangin Jambi 8. Ijen 9. Maros Pangkep 10. Raja Ampat 11. Kebumen 12. Meratus,1917192332560224741,,,in,,0,0,0,https://x.com/undefined/status/1917192332560224741,1584150314944692224,,taman bumi (geopark) dunia/global unesco di indonesia: 1. batur 2. gunung sewu 3. ciletuh-palabuhanratu 4. rinjani-lombok 5. kaldera toba 6. belitong 7. merangin jambi 8. ijen 9. maros pangkep 10. raja ampat 11. kebumen 12. meratus,Rinjani
1917152233827037541,Tue Apr 29 10:56:20 +0000 2025,0,@niraswara_ Kalau di Dieng ada banyak semisal Bukit Skoter Batu Ratapan Angin Kawah Sikidang Candi Arjuna Gunung Prau Gunung Pakuwaja Gunung Bismo Gunung Kembang. Sejauh ini itu yang aku ingat wkwk,1917171083469639695,,niraswara_,in,,0,1,0,https://x.com/undefined/status/1917171083469639695,360488832,,kalau di dieng ada banyak semisal bukit skoter batu ratapan angin kawah sikidang candi arjuna gunung prau gunung pakuwaja gunung bismo gunung kembang. sejauh ini itu yang aku ingat wkwk,Prau
1917156237717962918,Tue Apr 29 09:57:20 +0000 2025,0,Cindy Monika Salurkan Bantuan Sembako untuk Korban Erupsi Gunung Marapi https://t.co/l1s5wNgn0V,1917156237717962918,,,in,,0,0,0,https://x.com/undefined/status/1917156237717962918,1449118865670111233,,cindy monika salurkan bantuan sembako untuk korban erupsi gunung marapi,Marapi
1917146995552403474,Tue Apr 29 09:20:37 +0000 2025,0,Selasa Dini Hari Tujuh Kali Guguran Lava Pijar Teramati di Puncak Gunung Merapi https://t.co/x8FnFUuAFM,1917146995552403474,,,in,,0,0,0,https://x.com/undefined/status/1917146995552403474,541613750,,selasa dini hari tujuh kali guguran lava pijar teramati di puncak gunung merapi,Merapi
1917146003330961792,Tue Apr 29 09:16:40 +0000 2025,0,Aku yg liat postingan akun Balai Taman Nasional Gunung Rinjani: tentara naik gunung dengan alasan patroli zero waste tapi di video keliatan geledah tenda. Negara sakit inii https://t.co/KVozf3H4G8,1917146003330961792,https://pbs.twimg.com/media/GpsSIC7aEAAxtSP.jpg,,in,,0,0,0,https://x.com/undefined/status/1917146003330961792,1139444744562495489,,aku yg liat postingan akun balai taman nasional gunung rinjani: tentara naik gunung dengan alasan patroli zero waste tapi di video keliatan geledah tenda. negara sakit inii,Rinjani
1917145891384996296,Tue Apr 29 09:16:14 +0000 2025,2,sepanjang jalan menuju kampus liat gunung merbabu sm telomoyo sebagus itu view dari bawah rasanya mau bgt muncak lagi huhu mana cuaca lg bagus bagusnyaaa,1917145891384996296,,,in,,0,1,0,https://x.com/undefined/status/1917145891384996296,1877641495836258304,,sepanjang jalan menuju kampus liat gunung merbabu sm telomoyo sebagus itu view dari bawah rasanya mau bgt muncak lagi huhu mana cuaca lg bagus bagusnyaaa,Telomoyo
1917122372433490211,Tue Apr 29 07:42:46 +0000 2025,0,Mbah Bingah viral karena pungut sampah di Gunung Merbabu bukti nyata cinta lingkungan! Kita bisa ikut mulai dari rumah: pakai barang ramah lingkungan. Cek perlengkapan eco-friendly yang lagi diskon di Lazada! https://t.co/oG7nuElqN8 #ViralIndonesia #MbahBingah #LazadaAffiliate https://t.co/4ddOr91HLw,1917122372433490211,https://pbs.twimg.com/media/Gpr8o1mbEAM_BqI.jpg,,in,,0,0,0,https://x.com/undefined/status/1917122372433490211,1866316580365426688,,mbah bingah viral karena pungut sampah di gunung merbabu bukti nyata cinta lingkungan! kita bisa ikut mulai dari rumah: pakai barang ramah lingkungan. cek perlengkapan eco-friendly yang lagi diskon di lazada!,Merbabu
1917112593183105055,Tue Apr 29 07:03:55 +0000 2025,0,view gunung Sindoro pagi ini pukul 06.22 dari belakang rumah pemandangan seindah ini hanya bisa diliat saat memasuki bulan dingin https://t.co/Aappw8Zb0j,1917112593183105055,https://pbs.twimg.com/media/GprzvlnbEAYOUu7.jpg,,in,,0,0,0,https://x.com/undefined/status/1917112593183105055,1561966623115776000,,view gunung sindoro pagi ini pukul 06.22 dari belakang rumah pemandangan seindah ini hanya bisa diliat saat memasuki bulan dingin,Sindoro
1917101542181675059,Tue Apr 29 06:20:00 +0000 2025,0,Gunung Semeru erupsi dengan letusan setinggi 900 meter di atas puncak https://t.co/tLVL7lHz3L,1917101542181675059,,,in,,0,0,3,https://x.com/undefined/status/1917101542181675059,121640063,,gunung semeru erupsi dengan letusan setinggi 900 meter di atas puncak,Semeru
1917089046452633720,Tue Apr 29 05:30:21 +0000 2025,0,Berikut kami sampaikan prakiraan cuaca di kawasan rawan bencana Gunung Marapi untuk hari Selasa 29 April 2025. Untuk informasi prakiraan cuaca per kecamatan bisa dilihat melalui aplikasi Info BMKG #infocuacasumbar #bmkgsumbar #infosumbar #infobmkg #infobencana #infomarapi https://t.co/scWlgNHokS,1917089046452633720,https://pbs.twimg.com/media/GpreUmzbwAAJl9c.jpg,,in,,0,0,0,https://x.com/undefined/status/1917089046452633720,1296032890552115200,,berikut kami sampaikan prakiraan cuaca di kawasan rawan bencana gunung marapi untuk hari selasa 29 april 2025. untuk informasi prakiraan cuaca per kecamatan bisa dilihat melalui aplikasi info bmkg,Marapi
1917077651409326462,Tue Apr 29 04:45:04 +0000 2025,1,Gunung Semeru Erupsi Letusan Capai 900 Meter ke Arah Barat https://t.co/MsGqjRzpb7,1917077651409326462,,,in,,0,0,0,https://x.com/undefined/status/1917077651409326462,154102750,,gunung semeru erupsi letusan capai 900 meter ke arah barat,Semeru
1917073007459045481,Tue Apr 29 04:26:37 +0000 2025,0,Pendaki Gunung Lawu bertemu pria misterius yang tampak menggendong tuyul di jalur pendakian menciptakan suasana mencekam. https://t.co/cKRsohuTfG,1917073007459045481,,,in,,0,0,0,https://x.com/undefined/status/1917073007459045481,1404018642,,pendaki gunung lawu bertemu pria misterius yang tampak menggendong tuyul di jalur pendakian menciptakan suasana mencekam.,Lawu
1917048283454931432,Tue Apr 29 02:48:22 +0000 2025,0,Viral Netizen Dibikin Takjub Kehadiran Helikopter di Puncak Gunung Ungaran: Anak Sultan Mah Bebas https://t.co/QlE0ObGHGa,1917048283454931432,,,in,,0,0,0,https://x.com/undefined/status/1917048283454931432,1426591205089898503,,viral netizen dibikin takjub kehadiran helikopter di puncak gunung ungaran: anak sultan mah bebas,Ungaran
1916772465939710094,Mon Apr 28 23:48:32 +0000 2025,1,@98Acapan @Marchfoward Lombok pantai cantik dan ada gunung rinjani. Ramai Muslim so senang cari makanan halal.,1917003027007082972,,98Acapan,in,,0,0,0,https://x.com/undefined/status/1917003027007082972,1442848352786395158,,lombok pantai cantik dan ada gunung rinjani. ramai muslim so senang cari makanan halal.,Rinjani
1916997084886274141,Mon Apr 28 23:24:55 +0000 2025,0,Punya mimpi jalan-jalan ke gunung yang asri dan masih alami? Desa Kemutug Lor lagi serius buka jalur Baturraden Lestari nih! Tanggal 10 Mei 2025 jalur ini mulai dibuka dengan semangat untuk ngajak kita semua jaga hutan bareng-bareng. #WanaCarita #WanaKaryaLestari https://t.co/JLDiz4pIOP,1916997084886274141,https://pbs.twimg.com/amplify_video_thumb/1916996886709641216/img/Lfasgzp5EsCg9wKf.jpg,,in,,0,0,0,https://x.com/undefined/status/1916997084886274141,1870250047188942848,,punya mimpi jalan-jalan ke gunung yang asri dan masih alami? desa kemutug lor lagi serius buka jalur baturraden lestari nih! tanggal 10 mei 2025 jalur ini mulai dibuka dengan semangat untuk ngajak kita semua jaga hutan bareng-bareng.,Batur
1909570206583918845,Mon Apr 28 23:05:10 +0000 2025,0,selain mengurangi post-holiday blues kipop berfungsi biar ngga panik pas kena kabut tebel gunung salak. https://t.co/xFsZ79uoRC,1916992112828289415,https://pbs.twimg.com/media/GpqGKYQbEAIgvGZ.jpg,Ozaaannn05,in,,0,1,0,https://x.com/undefined/status/1916992112828289415,1201286765698412545,,selain mengurangi post-holiday blues kipop berfungsi biar ngga panik pas kena kabut tebel gunung salak.,Salak
1916960047604863229,Mon Apr 28 20:57:45 +0000 2025,0,Gunung Marapi di Sumbar Dilaporkan Mengalami 3 Kali Erupsi https://t.co/WafpY1IgEZ,1916960047604863229,,,in,,0,0,0,https://x.com/undefined/status/1916960047604863229,79130206,,gunung marapi di sumbar dilaporkan mengalami 3 kali erupsi,Marapi
1916932614881005959,Mon Apr 28 19:08:44 +0000 2025,13,Nicee bisa sampe puncak semua ke Gunung Lawu Respect @donatenakbgtt @mathiclda @jomokisme @seainjoy @Yutaserfort dan zraa ga tau X nya https://t.co/6uSKuU3HSN,1916932614881005959,https://pbs.twimg.com/media/GppPMACbEAAxoDV.jpg,,in,,0,5,3,https://x.com/undefined/status/1916932614881005959,1569338136936984576,,nicee bisa sampe puncak semua ke gunung lawu respect dan zraa ga tau x nya,Lawu
1928804481971413416,Sat May 31 17:24:07 +0000 2025,0,@galihlanjar_ Ini kyknya yg arah ke base camp gunung kembang ya? Kemaren baru lewat situ,1928865084383674849,,galihlanjar_,in,,0,1,0,https://x.com/undefined/status/1928865084383674849,3570823154,,ini kyknya yg arah ke base camp gunung kembang ya? kemaren baru lewat situ,Kembang
1928849445946343824,Sat May 31 16:27:47 +0000 2025,0,@tarnishedreed Hehe aku lagi sibuk direal life. Sekarang lagi dibasecamp gunung prau,1928850906793062507,,tarnishedreed,in,,0,0,0,https://x.com/undefined/status/1928850906793062507,768977829115621378,,hehe aku lagi sibuk direal life. sekarang lagi dibasecamp gunung prau,Prau
1928850684511981877,Sat May 31 16:26:54 +0000 2025,0,Aku lagi di basecamp besok pagi mau tektok ke gunung prau,1928850684511981877,,,in,,0,1,0,https://x.com/undefined/status/1928850684511981877,768977829115621378,,aku lagi di basecamp besok pagi mau tektok ke gunung prau,Prau
1928786738249437603,Sat May 31 12:12:48 +0000 2025,9,met malem dari puncak gunung salak https://t.co/t9UXm1SfUK,1928786738249437603,https://pbs.twimg.com/media/GsRtPWraMAcDo8r.jpg,,in,,0,3,0,https://x.com/undefined/status/1928786738249437603,1785423575941627904,,met malem dari puncak gunung salak,Salak
1928666954740473883,Sat May 31 10:02:29 +0000 2025,0,@AbangWarkopp di gunung ungaran via perantunan pos 5,1928753942814666956,,AbangWarkopp,in,,0,1,0,https://x.com/undefined/status/1928753942814666956,784698314297974785,,di gunung ungaran via perantunan pos 5,Ungaran
1928752082909286864,Sat May 31 09:55:05 +0000 2025,0,Kapolda Jawa Barat Irjen Pol Rudi Setiawan turun langsung meninjau lokasi bencana longsor di kawasan tambang galian C Gunung Kuda Kecamatan Dukupuntang Kabupaten Cirebon Sabtu (31/5/2025). Dalam kunjungannya Kapolda mengungkap perkembangan terbaru proses evakuasi dan https://t.co/pqnnmizDsd,1928752082909286864,https://pbs.twimg.com/media/GsRNxzaaMAMCusL.jpg,,in,,0,0,0,https://x.com/undefined/status/1928752082909286864,231355136,,kapolda jawa barat irjen pol rudi setiawan turun langsung meninjau lokasi bencana longsor di kawasan tambang galian c gunung kuda kecamatan dukupuntang kabupaten cirebon sabtu (31/5/2025). dalam kunjungannya kapolda mengungkap perkembangan terbaru proses evakuasi dan,Kembang
1928734593219531251,Sat May 31 08:47:15 +0000 2025,0,naik berempat tapi di tengah jalan gue balik arah yg 3 lanjut (cowo kabeh). bener bener dah gunung salak...... berkali kali naik gunung baru ini yg bikin gue ngalah sama gunung alias bye puncak,1928735009747153284,,itsmefayy,in,,0,1,0,https://x.com/undefined/status/1928735009747153284,1088975465149165568,,naik berempat tapi di tengah jalan gue balik arah yg 3 lanjut (cowo kabeh). bener bener dah gunung salak...... berkali kali naik gunung baru ini yg bikin gue ngalah sama gunung alias bye puncak,Salak
1928717613452112276,Sat May 31 07:38:07 +0000 2025,585,INFO Terhitung Sejak 27 Mei 2025 Warung Mbok Yem yang berada di dekat puncak Gunung Lawu TUTUP Warung legendaris Mbok Yem yang telah puluhan tahun menjadi tempat beristirahat dan menghangatkan diri para pendaki kini resmi ditutup sementara mulai 27 Mei 2025. Keputusan ini https://t.co/WTNBmkGsv9,1928717613452112276,https://pbs.twimg.com/ext_tw_video_thumb/1928717571148353536/pu/img/JfrlM32V2JUfoK5v.jpg,,in,,13,8,133,https://x.com/undefined/status/1928717613452112276,785145642,,info terhitung sejak 27 mei 2025 warung mbok yem yang berada di dekat puncak gunung lawu tutup warung legendaris mbok yem yang telah puluhan tahun menjadi tempat beristirahat dan menghangatkan diri para pendaki kini resmi ditutup sementara mulai 27 mei 2025. keputusan ini,Lawu
1928714953017438484,Sat May 31 07:27:57 +0000 2025,2,Sebanyak 11 orang pendaki sempat dikabarkan tersesat di Gunung Arjuno Malang Jawa Timur pada Kamis (29/5/25) sekitar pukul 09.00 WIB. Diduga para pendaki tersebut mendaki lewat jalur yang tidak resmi yakni melewati Kebun Teh Wonosari tanpa mengantongi tiket pendakian atau,1928715053039247599,,kuyangmanis_,in,,0,0,0,https://x.com/undefined/status/1928715053039247599,861604781869092864,,sebanyak 11 orang pendaki sempat dikabarkan tersesat di gunung arjuno malang jawa timur pada kamis (29/5/25) sekitar pukul 09.00 wib. diduga para pendaki tersebut mendaki lewat jalur yang tidak resmi yakni melewati kebun teh wonosari tanpa mengantongi tiket pendakian atau,Arjuno
1928483352115286528,Sat May 31 02:17:16 +0000 2025,0,@avochadoeyyy Kamu pilih maps yang buat naik gunung beb terus di basecamp biasanya ada peralatan jangan lupa diambil. Dan jalannya ngikutin jalan setapak bakal lebih seru kalau ada temen sih,1928636869836742914,,avochadoeyyy,in,,0,1,0,https://x.com/undefined/status/1928636869836742914,1487354995037007875,,kamu pilih maps yang buat naik gunung beb terus di basecamp biasanya ada peralatan jangan lupa diambil. dan jalannya ngikutin jalan setapak bakal lebih seru kalau ada temen sih,Tapak
1928625691936887161,Sat May 31 01:32:52 +0000 2025,0,Tembakau bagi orang Temanggung bukan cuma tanaman pada umumnya. Lebih daripada itu ia diposisikan sebagai sumber kehidupan dan penghidupan. Apalagi mereka yang tinggal di lereng Gunung Sumbing-Sindoro. #TerimakasihKretek #TembakauTidakJahat,1928625696135324121,,khoirul_atfi,in,,0,1,0,https://x.com/undefined/status/1928625696135324121,1263595603361054720,,tembakau bagi orang temanggung bukan cuma tanaman pada umumnya. lebih daripada itu ia diposisikan sebagai sumber kehidupan dan penghidupan. apalagi mereka yang tinggal di lereng gunung sumbing-sindoro.,Sumbing
1928452635583287702,Sat May 31 01:30:30 +0000 2025,67,@JS_Khairen lagi main tebak bahasa inggris pakai poster gitu : apa bahasa inggrisnya gunung kelud? : nyari gambar gn. kelud nyerah : poster TERNYATA YANG GUE BACA TUH MERK NYA tapi karena peletakannya sama yang gambar - bahasa jadi ngiranya itu juga termasuk materi https://t.co/33bWw7LNxd,1928625099185209486,https://pbs.twimg.com/media/GsPaTN0aMAE-iJ8.jpg,JS_Khairen,in,,1,8,3,https://x.com/undefined/status/1928625099185209486,3016992614,,lagi main tebak bahasa inggris pakai poster gitu : apa bahasa inggrisnya gunung kelud? : nyari gambar gn. kelud nyerah : poster ternyata yang gue baca tuh merk nya tapi karena peletakannya sama yang gambar - bahasa jadi ngiranya itu juga termasuk materi,Kelud
1928621832212533448,Sat May 31 01:17:31 +0000 2025,0,Kemarin pas jemur baju ada 3 gunung yang kelihatan jelas banget dari kos. Terutama puncak merapii. Kemarin depan merapi itu aku gatau gunung apa juga keliatan cantik bangett. Syanag banget ga aku foto karna ga bawa hp,1928621832212533448,,,in,,0,0,0,https://x.com/undefined/status/1928621832212533448,1491074090727215105,,kemarin pas jemur baju ada 3 gunung yang kelihatan jelas banget dari kos. terutama puncak merapii. kemarin depan merapi itu aku gatau gunung apa juga keliatan cantik bangett. syanag banget ga aku foto karna ga bawa hp,Merapi
1928609352786575798,Sat May 31 00:27:56 +0000 2025,0,Gunung sumbing secantik ituuu. Gpp saat ini cuma sampai 2812 mdpl semoga ada kesempatan lain buat bisa sampai ke puncak rajawali https://t.co/IapWDAX7Zo,1928609352786575798,https://pbs.twimg.com/media/GsPL5AoaMAA6uHm.jpg,,in,,0,2,0,https://x.com/undefined/status/1928609352786575798,1054283383407181824,,gunung sumbing secantik ituuu. gpp saat ini cuma sampai 2812 mdpl semoga ada kesempatan lain buat bisa sampai ke puncak rajawali,Sumbing
1928483794534985991,Fri May 30 22:35:10 +0000 2025,0,@southrenz aku lebih sering ke bukit-bukit tinggi gituu kalau gunung cuma baru ke kembang. terus ke slamet juga tapi ga sampe puncak cuma sampai pos 2 an ajaa buat trail run :&gt; how about you? udah jadi pendaki sepuh ini kayanyaa ,1928580975392420002,,,in,,0,0,0,https://x.com/undefined/status/1928580975392420002,1736304380067098624,,aku lebih sering ke bukit-bukit tinggi gituu kalau gunung cuma baru ke kembang. terus ke slamet juga tapi ga sampe puncak cuma sampai pos 2 an ajaa buat trail run :&gt; how about you? udah jadi pendaki sepuh ini kayanyaa,Kembang
1928560708469317676,Fri May 30 21:22:29 +0000 2025,0,@headcnon Bnyak siu tadi gw manjat gunung salak main the mimic abis itu paling lama main indo camp,1928562682476584964,,ciphericz,in,,0,1,0,https://x.com/undefined/status/1928562682476584964,1726201696878252032,,bnyak siu tadi gw manjat gunung salak main the mimic abis itu paling lama main indo camp,Salak
1928241408265122045,Fri May 30 16:06:48 +0000 2025,0,@angga_fzn Kalo masalah ini sih dari warganya juga kadang malah merusak alat. Kaya detector tsunami yg ilang alat deteksi gunung yg dipretelin. Bukan sekali dua kali bahkan di Semeru udah 4 kali (cmiiw) alat deteksi erupsinya hilang.,1928483240194560311,,angga_fzn,in,,0,0,0,https://x.com/undefined/status/1928483240194560311,615124453,,kalo masalah ini sih dari warganya juga kadang malah merusak alat. kaya detector tsunami yg ilang alat deteksi gunung yg dipretelin. bukan sekali dua kali bahkan di semeru udah 4 kali (cmiiw) alat deteksi erupsinya hilang.,Semeru
1928467347624587446,Fri May 30 16:03:28 +0000 2025,0,@zzeyanne Main puncak roblox yang gunung lawu,1928482401912569867,,zzeyanne,in,,0,0,0,https://x.com/undefined/status/1928482401912569867,4443166032,,main puncak roblox yang gunung lawu,Lawu
1917488239725936771,Fri May 30 13:20:56 +0000 2025,0,@aanbin Pasti abang gofood nya juga seneng bisa berhadapan langsung sama gunung fuji my dream comes true.. Terima kasih Jepang terima kasih angin dan gacoan.. ,1928441496199434398,,aanbin,in,,0,1,0,https://x.com/undefined/status/1928441496199434398,1136476522481537024,,pasti abang gofood nya juga seneng bisa berhadapan langsung sama gunung fuji my dream comes true.. terima kasih jepang terima kasih angin dan gacoan..,Abang
1928427717331931173,Fri May 30 12:36:36 +0000 2025,1,@hanamimiww belakang pos 1 gunung sumbing plsss wkwk,1928430341964111888,,hanamimiww,in,,0,0,0,https://x.com/undefined/status/1928430341964111888,1534832655052570626,,belakang pos 1 gunung sumbing plsss wkwk,Sumbing
1928287450318749998,Fri May 30 12:29:29 +0000 2025,1,@TalkinAndy Ga gitu juga mas kalo disini walaupun negara hadir warga belum tentu mau dievakuasi berat sama hewan ternaknya inget kan erupsi gunung merapi betapa susahnya warga untuk disuruh mengungsi?,1928428549200916576,,TalkinAndy,in,,0,0,0,https://x.com/undefined/status/1928428549200916576,94994637,,ga gitu juga mas kalo disini walaupun negara hadir warga belum tentu mau dievakuasi berat sama hewan ternaknya inget kan erupsi gunung merapi betapa susahnya warga untuk disuruh mengungsi?,Merapi
1928422593507606925,Fri May 30 12:05:49 +0000 2025,0,Nyokap nonton youtube orang hiking ke gunung prau. Tapi gue senyum-senyum sendiri. Because i imagine mas-ndoro ngebayangin nu hiking sendiri ke puncak prau,1928422593507606925,,,in,,0,1,0,https://x.com/undefined/status/1928422593507606925,1567866345571876866,,nyokap nonton youtube orang hiking ke gunung prau. tapi gue senyum-senyum sendiri. because i imagine mas-ndoro ngebayangin nu hiking sendiri ke puncak prau,Prau
1928422083052134850,Fri May 30 12:03:47 +0000 2025,245,; nomin few tweets au Kalau kata Gaung Lentera itu cantik selayaknya puncak Gunung Rinjani. © veljwrites 2025. https://t.co/yJOJ9OFxKS,1928422083052134850,https://pbs.twimg.com/media/GsMhqgebQAA8yV0.jpg,,in,,2,1,61,https://x.com/undefined/status/1928422083052134850,1559559546179551233,,; nomin few tweets au kalau kata gaung lentera itu cantik selayaknya puncak gunung rinjani. © veljwrites 2025.,Rinjani
1928421136121135520,Fri May 30 12:00:01 +0000 2025,0,Gunung Semeru Terus Erupsi hingga 4 Kali dalam Sehari Warga Diminta Menjauh Aktivitas vulkanik Gunung Semeru yang berada di perbatasan Kabupaten Malang dan Lumajang kembali meningkat. Sejak Jumat dini hari (30/5) gunung tertinggi di Pulau Jawa ini tercatat sudah meletus https://t.co/piddNnwTS9,1928421136121135520,https://pbs.twimg.com/media/GsMDihfbkAAX6sa.jpg,,in,,0,0,0,https://x.com/undefined/status/1928421136121135520,786549338818224128,,gunung semeru terus erupsi hingga 4 kali dalam sehari warga diminta menjauh aktivitas vulkanik gunung semeru yang berada di perbatasan kabupaten malang dan lumajang kembali meningkat. sejak jumat dini hari (30/5) gunung tertinggi di pulau jawa ini tercatat sudah meletus,Semeru
1928351688252903833,Fri May 30 11:41:31 +0000 2025,1,@dosenkesmas Bencana yang bisa di mitigasi di Indonesia baru erupsi gunung n tsunami (klo detektornya ga ilang). Tapi kesadaran masyarakat juga penting terutama penambanng pasir kaya di semeru meski ews nyala ya pada santai nunggu air naik wwk,1928416477591351316,,dosenkesmas,in,,0,1,0,https://x.com/undefined/status/1928416477591351316,1192292306742693888,,bencana yang bisa di mitigasi di indonesia baru erupsi gunung n tsunami (klo detektornya ga ilang). tapi kesadaran masyarakat juga penting terutama penambanng pasir kaya di semeru meski ews nyala ya pada santai nunggu air naik wwk,Semeru
1928410308659314930,Fri May 30 11:17:00 +0000 2025,150,Ketika kabut di Posong Gunung Sindoro dan Sumbing malu untuk menampakkan diri.Ketika kabut di Posong Gunung Sindoro dan Sumbing malu untuk menampakkan diri. (alga_fitrian) https://t.co/8fW61hTTyM,1928410308659314930,https://pbs.twimg.com/amplify_video_thumb/1928293996750852100/img/R-ZRdwwoZJ1R_ekS.jpg,,in,,1,2,25,https://x.com/undefined/status/1928410308659314930,785145642,,ketika kabut di posong gunung sindoro dan sumbing malu untuk menampakkan diri.ketika kabut di posong gunung sindoro dan sumbing malu untuk menampakkan diri. (alga_fitrian),Sumbing
1928389680321679522,Fri May 30 09:55:02 +0000 2025,0,6 pekerja maut ramai dikhuatiri hilang insiden tanah runtuh di tapak lombong Puluhan dikhuatiri hilang dalam kejadian tanah runtuh di tapak perlombongan Gunung Kuda Cirebon Jawa Barat. #SinarHarian #pekerja #maut #tanahruntuh #cirebon https://t.co/Zfor5Di2uN,1928389680321679522,,,in,,0,0,0,https://x.com/undefined/status/1928389680321679522,331383958,,6 pekerja maut ramai dikhuatiri hilang insiden tanah runtuh di tapak lombong puluhan dikhuatiri hilang dalam kejadian tanah runtuh di tapak perlombongan gunung kuda cirebon jawa barat.,Tapak
1928366151572070416,Fri May 30 08:21:32 +0000 2025,4,wts sepatu tracking gunung merk snta size 40 price 280k baru dipake sekali mendaki ke gunung prau bisa shopee atau tokopedia yaaaa masih mulusss bangett no minus https://t.co/buRm1GICnp,1928366151572070416,https://pbs.twimg.com/media/GsLuymaaUAIuQPU.jpg,,in,,0,10,0,https://x.com/undefined/status/1928366151572070416,1217100974789054464,,wts sepatu tracking gunung merk snta size 40 price 280k baru dipake sekali mendaki ke gunung prau bisa shopee atau tokopedia yaaaa masih mulusss bangett no minus,Prau
1928350589609726328,Fri May 30 07:19:42 +0000 2025,0,Gunung Semeru di Jatim dan Gunung Dukono di Malut Mengalami Erupsi https://t.co/oVqejWtz1n https://t.co/8S1YU4jXtO,1928350589609726328,https://pbs.twimg.com/media/GsLgpE6bsAAFWDT.jpg,,in,,0,0,0,https://x.com/undefined/status/1928350589609726328,1568514696424337413,,gunung semeru di jatim dan gunung dukono di malut mengalami erupsi,Semeru
1928350180950299140,Fri May 30 07:18:04 +0000 2025,0,Gunung Semeru di Jatim dan Gunung Dukono di Malut Mengalami Erupsi https://t.co/oVqejWtz1n https://t.co/CowROGNaSQ,1928350180950299140,https://pbs.twimg.com/media/GsLgRRdaUAA2nk5.jpg,,in,,0,0,0,https://x.com/undefined/status/1928350180950299140,1568514696424337413,,gunung semeru di jatim dan gunung dukono di malut mengalami erupsi,Semeru
1928350165351682521,Fri May 30 07:18:01 +0000 2025,66,CAMPING GROUND MAWAR pendakian gunung ungaran via mawar kab. semarang buat kalian yang suka camping ngaku pecinta alam atau buat kalian yang pemula mau nyobain sensasi ngecamp.. bisa cobain camping di mawar nih. tenang aja semua peralatan atau fasilitas sudah ada kalian https://t.co/4ts40t4tFh,1928350165351682521,https://pbs.twimg.com/ext_tw_video_thumb/1928350109684879363/pu/img/hL_GTMyLmRaiSx9N.jpg,,in,,0,68,6,https://x.com/undefined/status/1928350165351682521,1299215871366189056,,camping ground mawar pendakian gunung ungaran via mawar kab. semarang buat kalian yang suka camping ngaku pecinta alam atau buat kalian yang pemula mau nyobain sensasi ngecamp.. bisa cobain camping di mawar nih. tenang aja semua peralatan atau fasilitas sudah ada kalian,Ungaran
1928343592902574282,Fri May 30 06:51:54 +0000 2025,0,Gunung Semeru Kembali Bergemuruh 61 Kali Erupsi dalam Sehari https://t.co/8pqil9zHI8 https://t.co/M98wEcP2fr,1928343592902574282,https://pbs.twimg.com/media/GsLaR1CaUAEazkU.jpg,,in,,0,0,0,https://x.com/undefined/status/1928343592902574282,502140136,,gunung semeru kembali bergemuruh 61 kali erupsi dalam sehari,Semeru
1928343374358270058,Fri May 30 06:51:01 +0000 2025,0,Dandim 0710/Pekalongan Letkol Inf. Rizky Aditya melaksanakan pelepasan dan penyerahan bendera merah putih kepada peserta upacara peringatan Hari Lahir Pancasila lintas agama dan kepercayaan terhadap tuhan YME di puncak Gunung Lawu bertempat di Gereja Katolik Santo Petrus. https://t.co/e07ESDeQXM,1928343374358270058,https://pbs.twimg.com/media/GsLaErYaUAIrr1l.jpg,,in,,0,0,0,https://x.com/undefined/status/1928343374358270058,778788691804389378,,dandim 0710/pekalongan letkol inf. rizky aditya melaksanakan pelepasan dan penyerahan bendera merah putih kepada peserta upacara peringatan hari lahir pancasila lintas agama dan kepercayaan terhadap tuhan yme di puncak gunung lawu bertempat di gereja katolik santo petrus.,Lawu
1939714736326856820,Mon Jun 30 17:44:36 +0000 2025,0,@bluishstore Gunung Rinjani omgg tracking nya bikin nangis susah bgt tapiii pas summit indah bgt https://t.co/0MUBFkJCcq,1939741877655507265,https://pbs.twimg.com/media/GutY9ARboAES5Sb.jpg,bluishstore,in,,0,0,0,https://x.com/undefined/status/1939741877655507265,1658440615900905473,,gunung rinjani omgg tracking nya bikin nangis susah bgt tapiii pas summit indah bgt,Rinjani
1939719080484933723,Mon Jun 30 16:32:39 +0000 2025,0,@Dirgeosly GUNUNG AGUNG ITU ABIS TANGGA LICIN TRS ABIS FLYING FOX,1939723768831844594,,Dirgeosly,in,,0,0,0,https://x.com/undefined/status/1939723768831844594,2821762003,,gunung agung itu abis tangga licin trs abis flying fox,Agung
1939718422226702601,Mon Jun 30 16:27:19 +0000 2025,0,@Kanayapratiwii pertamakali mendaki gunung kelud! gatau knp random ajaaa soalnya itu gunung deket rumah wkwkwkwk. tapi gak sampe puncak soalnya sudah ,1939722426188980375,,Kanayapratiwii,in,,0,0,0,https://x.com/undefined/status/1939722426188980375,1307326448567332864,,pertamakali mendaki gunung kelud! gatau knp random ajaaa soalnya itu gunung deket rumah wkwkwkwk. tapi gak sampe puncak soalnya sudah,Kelud
1939712580106490216,Mon Jun 30 15:48:11 +0000 2025,1,Ngilu liat orang orang nanjak ke rinjani. Aku kemarin pas kkn naik gunung buat observasi lahan ajaaaa kudu depan bekalang yg megangin ,1939712580106490216,,,in,,0,0,0,https://x.com/undefined/status/1939712580106490216,1691664601270943744,,ngilu liat orang orang nanjak ke rinjani. aku kemarin pas kkn naik gunung buat observasi lahan ajaaaa kudu depan bekalang yg megangin,Rinjani
1939706199991345440,Mon Jun 30 15:27:04 +0000 2025,0,@myoonjaeverse kmu kentut juga lucuk kalo diliat dari puncak gunung manglayang‍️‍️‍️,1939707264941904249,,myoonjaeverse,in,,0,1,0,https://x.com/undefined/status/1939707264941904249,1872520507440222208,,kmu kentut juga lucuk kalo diliat dari puncak gunung manglayang‍️‍️‍️,Manglayang
1932831684082479412,Mon Jun 30 15:09:43 +0000 2025,1,45. gunung guntur 9/10 sangat dontol friendly rintangan baru ada 1 yaitu kayu lompat selebihnya jalan setapak biasa tiap pos ada buat makan kayaknya masih under development https://t.co/JhjaGgTULI,1939702898012930098,https://pbs.twimg.com/media/Gus1gY3aUAA21C_.jpg,fairiesrutoo,in,,0,1,0,https://x.com/undefined/status/1939702898012930098,1645306886139547648,,45. gunung guntur 9/10 sangat dontol friendly rintangan baru ada 1 yaitu kayu lompat selebihnya jalan setapak biasa tiap pos ada buat makan kayaknya masih under development,Tapak
1939694018918854726,Mon Jun 30 14:34:26 +0000 2025,0,wektot serakah mengapa kamu hidup didunia ini.. dosa kamu menumpuk setinggi puncak gunung kerinci dosa abu lahab aja kalah ama wektot,1939694018918854726,,,in,,0,0,0,https://x.com/undefined/status/1939694018918854726,1629502556467777536,,wektot serakah mengapa kamu hidup didunia ini.. dosa kamu menumpuk setinggi puncak gunung kerinci dosa abu lahab aja kalah ama wektot,Kerinci
1939656721271751160,Mon Jun 30 12:54:36 +0000 2025,1,@nanaveine Hhhhaaa coba gunung andong gampang itu sampe puncaknya,1939668893414637856,,nanaveine,in,,0,1,0,https://x.com/undefined/status/1939668893414637856,1593255752311144448,,hhhhaaa coba gunung andong gampang itu sampe puncaknya,Andong
1939668444804526489,Mon Jun 30 12:52:49 +0000 2025,0,Polisi Terus Selidiki Kasus Juliana Marins Sejumlah Saksi Diperiksa untuk Cari Unsur Pidana Polres Lombok Timur Provinsi Nusa Tenggara Barat (NTB) masih menyelidiki kasus Juliana Marina warga negara Brazil yang tewas setelah terjatuh di puncak Gunung Rinjani Lombok untuk https://t.co/H6XrtffO8V,1939668444804526489,https://pbs.twimg.com/media/GusWFI4WkAAwA_5.jpg,,in,,1,0,1,https://x.com/undefined/status/1939668444804526489,786549338818224128,,polisi terus selidiki kasus juliana marins sejumlah saksi diperiksa untuk cari unsur pidana polres lombok timur provinsi nusa tenggara barat (ntb) masih menyelidiki kasus juliana marina warga negara brazil yang tewas setelah terjatuh di puncak gunung rinjani lombok untuk,Rinjani
1939661138125607054,Mon Jun 30 12:23:47 +0000 2025,7,UNESCO Global Geopark in Indonesia: 1. Batur 2. Gunung Sewu 3. Ciletuh-Palabuhanratu 4. Rinjani-Lombok 5. Toba Caldera 6. Belitong 7. Merangin Jambi 8. Ijen 9. Maros Pangkep 10. Raja Ampat 11. Kebumen 12. Meratus,1939661138125607054,,,in,,0,0,0,https://x.com/undefined/status/1939661138125607054,1584150314944692224,,unesco global geopark in indonesia: 1. batur 2. gunung sewu 3. ciletuh-palabuhanratu 4. rinjani-lombok 5. toba caldera 6. belitong 7. merangin jambi 8. ijen 9. maros pangkep 10. raja ampat 11. kebumen 12. meratus,Rinjani
1939661125639094528,Mon Jun 30 12:23:44 +0000 2025,7,Taman Bumi (Geopark) Dunia/Global UNESCO di Indonesia: 1. Batur 2. Gunung Sewu 3. Ciletuh-Palabuhanratu 4. Rinjani-Lombok 5. Kaldera Toba 6. Belitong 7. Merangin Jambi 8. Ijen 9. Maros Pangkep 10. Raja Ampat 11. Kebumen 12. Meratus,1939661125639094528,,,in,,0,0,0,https://x.com/undefined/status/1939661125639094528,1584150314944692224,,taman bumi (geopark) dunia/global unesco di indonesia: 1. batur 2. gunung sewu 3. ciletuh-palabuhanratu 4. rinjani-lombok 5. kaldera toba 6. belitong 7. merangin jambi 8. ijen 9. maros pangkep 10. raja ampat 11. kebumen 12. meratus,Rinjani
1939659218929545491,Mon Jun 30 12:16:09 +0000 2025,8,ditantang ngecamp atau tektok saya tertantang ditantang mountain date aduh sama siapa bang? Gunung Ungaran part 2 via Perantunan https://t.co/ol4m7Q28rT,1939659218929545491,https://pbs.twimg.com/media/GusNwsbWcAASQ1A.jpg,,in,,0,2,0,https://x.com/undefined/status/1939659218929545491,1109752550322917376,,ditantang ngecamp atau tektok saya tertantang ditantang mountain date aduh sama siapa bang? gunung ungaran part 2 via perantunan,Ungaran
1939647604792648018,Mon Jun 30 11:30:00 +0000 2025,1,Ira Wibowo yang baru menggeluti hobi mendaki berhasil menaklukkan puncak Gunung Rinjani. Ia terpesona oleh keindahan alam dan jalur Torean. https://t.co/uUJuan6LFX,1939647604792648018,,,in,,0,0,0,https://x.com/undefined/status/1939647604792648018,48890883,,ira wibowo yang baru menggeluti hobi mendaki berhasil menaklukkan puncak gunung rinjani. ia terpesona oleh keindahan alam dan jalur torean.,Rinjani
1939646104838316126,Mon Jun 30 11:24:02 +0000 2025,3,VIDEO: Jalur Pendakian Gunung Rinjani Dibuka Lagi https://t.co/c6tEoznt6f,1939646104838316126,,,in,,0,0,0,https://x.com/undefined/status/1939646104838316126,17128975,,video: jalur pendakian gunung rinjani dibuka lagi,Rinjani
1939642882824232973,Mon Jun 30 11:11:14 +0000 2025,0,Arsip - Gunung Sinabung enak amat tbtb digendong sampe puncak wkwk https://t.co/tBa0ZrZjPJ,1939642882824232973,https://pbs.twimg.com/media/Gur94FcXIAA7QYo.jpg,,in,,0,1,0,https://x.com/undefined/status/1939642882824232973,1345741631530549249,,arsip - gunung sinabung enak amat tbtb digendong sampe puncak wkwk,Sinabung
1939625061612191953,Mon Jun 30 10:00:25 +0000 2025,0,Menhut Respons Usulan Bangun Pagar di Gunung Rinjani Menteri Kehutanan Raja Juli Antoni pada Senin (30/6/2025) menanggapi pernyataan publik soal pembangunan pagar di jalur pendakian Gunung Rinjani Lombok Nusa tenggara Barat. https://t.co/vdtEiOU3rq https://t.co/baoYoqmyxW,1939625061612191953,https://pbs.twimg.com/media/GurutxIWsAAJ5mC.jpg,,in,,0,0,0,https://x.com/undefined/status/1939625061612191953,155169715,,menhut respons usulan bangun pagar di gunung rinjani menteri kehutanan raja juli antoni pada senin (30/6/2025) menanggapi pernyataan publik soal pembangunan pagar di jalur pendakian gunung rinjani lombok nusa tenggara barat.,Rinjani
1939623169809399849,Mon Jun 30 09:52:54 +0000 2025,0,4 Pendaki Tersesat di Gunung Batukaru Mereka Diduga Salah Jalur https://t.co/ZqGLxh1SQb,1939623169809399849,,,in,,0,0,0,https://x.com/undefined/status/1939623169809399849,240113510,,4 pendaki tersesat di gunung batukaru mereka diduga salah jalur,Batukaru
1939609591484121596,Mon Jun 30 08:58:57 +0000 2025,1,#JatengTerkini 30 Juni 2025 Gunung Merapi di perbatasan 2 provinsi kembali mengeluarkan awan panas atau wedus gembel. Aktifitas vulkanik ini masih menjadi ancaman bagi masyarakat beserta potensi banjir lahar hujan yang setiap saat bisa terjadi. #merapi #magelang #gunungmerapi https://t.co/vfnYo4uvqg,1939609591484121596,https://pbs.twimg.com/amplify_video_thumb/1939609195520909312/img/jGcwvkJ88Z54cKly.jpg,,in,,0,0,1,https://x.com/undefined/status/1939609591484121596,1085408062545018882,,30 juni 2025 gunung merapi di perbatasan 2 provinsi kembali mengeluarkan awan panas atau wedus gembel. aktifitas vulkanik ini masih menjadi ancaman bagi masyarakat beserta potensi banjir lahar hujan yang setiap saat bisa terjadi.,Merapi
1939599270426116527,Mon Jun 30 08:17:56 +0000 2025,0,Belakangan ini Hutan Amazon di Brasil tiba-tiba dibanjiri ulasan bintang 1 oleh pengguna internet asal Indonesia. Aksi tersebut muncul setelah insiden meninggalnya pendaki asal Brasil Juliana Marins saat melakukan pendakian di Gunung Rinjani Lombok. Serbuan rating rendah https://t.co/wieMo0Sfle,1939599270426116527,https://pbs.twimg.com/media/Guq19jTXIAAnOw7.jpg,,in,,0,0,2,https://x.com/undefined/status/1939599270426116527,502140136,,belakangan ini hutan amazon di brasil tiba-tiba dibanjiri ulasan bintang 1 oleh pengguna internet asal indonesia. aksi tersebut muncul setelah insiden meninggalnya pendaki asal brasil juliana marins saat melakukan pendakian di gunung rinjani lombok. serbuan rating rendah,Rinjani
1939587457672163655,Mon Jun 30 07:31:00 +0000 2025,1,Jalur Pendakian Gunung Rinjani Dibuka Kembali https://t.co/m49Dv0vhGT,1939587457672163655,,,in,,0,0,0,https://x.com/undefined/status/1939587457672163655,3306771829,,jalur pendakian gunung rinjani dibuka kembali,Rinjani
1939579141420089353,Mon Jun 30 06:57:57 +0000 2025,1,Aktris Ira Wibowo berbagi pengalaman mendaki Gunung Rinjani. Dia bersyukur dan kebahagiaan saat mencapai puncak. https://t.co/XavDaozngu,1939579141420089353,,,in,,0,0,0,https://x.com/undefined/status/1939579141420089353,137282671,,aktris ira wibowo berbagi pengalaman mendaki gunung rinjani. dia bersyukur dan kebahagiaan saat mencapai puncak.,Rinjani
1939574243710382437,Mon Jun 30 06:38:29 +0000 2025,2,𝗞𝗲𝗻𝗮𝗽𝗮 𝗧𝗶𝗱𝗮𝗸 𝗔𝗱𝗮 𝗛𝗲𝗹𝗶𝗸𝗼𝗽𝘁𝗲𝗿 𝗦𝘁𝗮𝗻𝗱𝗯𝘆 𝗱𝗶 𝗚𝘂𝗻𝘂𝗻𝗴 𝗥𝗶𝗻𝗷𝗮𝗻𝗶? Kesiapan tim dan alat penyelamatan menjadi sorotan dalam keamanan pendaki Gunung Rinjani termasuk helikopter yang disebut-sebut sebagai salah satu alat yang memiliki potensi https://t.co/O89xn7NcFt,1939574243710382437,https://pbs.twimg.com/amplify_video_thumb/1939572462464688129/img/xgDtPyvzjVeev3wz.jpg,,in,,0,0,0,https://x.com/undefined/status/1939574243710382437,23343960,,𝗞𝗲𝗻𝗮𝗽𝗮 𝗧𝗶𝗱𝗮𝗸 𝗔𝗱𝗮 𝗛𝗲𝗹𝗶𝗸𝗼𝗽𝘁𝗲𝗿 𝗦𝘁𝗮𝗻𝗱𝗯𝘆 𝗱𝗶 𝗚𝘂𝗻𝘂𝗻𝗴 𝗥𝗶𝗻𝗷𝗮𝗻𝗶? kesiapan tim dan alat penyelamatan menjadi sorotan dalam keamanan pendaki gunung rinjani termasuk helikopter yang disebut-sebut sebagai salah satu alat yang memiliki potensi,Rinjani
1939572751926493583,Mon Jun 30 06:32:34 +0000 2025,3,Seorang pendaki asal Malaysia bernama Nazli Bin Awan Mahat mengalami kecelakaan di jalur pendakian menuju Danau Segara Anak Gunung Rinjani pada Jumat (27/6). Reporter : Muhammad Nasir Editor : Arfi Nurzeera #IDNTimesNTB https://t.co/iO0MgQCb78 https://t.co/z3RibKTtZl,1939572751926493583,https://pbs.twimg.com/amplify_video_thumb/1939572651871133696/img/o_qhBnO4Vp_UpLAX.jpg,,in,,0,1,1,https://x.com/undefined/status/1939572751926493583,1318858445940875264,,seorang pendaki asal malaysia bernama nazli bin awan mahat mengalami kecelakaan di jalur pendakian menuju danau segara anak gunung rinjani pada jumat (27/6). reporter : muhammad nasir editor : arfi nurzeera,Rinjani
1939572663485382770,Mon Jun 30 06:32:13 +0000 2025,0,sudah saatnya naik gunung semeru kemudian saat di puncak berteriak anjinggg,1939572663485382770,,,in,,0,0,0,https://x.com/undefined/status/1939572663485382770,1328548723979292672,,sudah saatnya naik gunung semeru kemudian saat di puncak berteriak anjinggg,Semeru
1939565815486972021,Mon Jun 30 06:05:00 +0000 2025,5,Aktris Ira Wibowo berbagi pengalaman mendaki Gunung Rinjani. Dia bersyukur dan kebahagiaan saat mencapai puncak. https://t.co/GlOFFEJsYw,1939565815486972021,,,in,,0,0,0,https://x.com/undefined/status/1939565815486972021,69183155,,aktris ira wibowo berbagi pengalaman mendaki gunung rinjani. dia bersyukur dan kebahagiaan saat mencapai puncak.,Rinjani
1939548697693733097,Mon Jun 30 05:08:27 +0000 2025,0,@fstudyabroad tp haruss camp kalau gunung catur sama bukit sahyang bisa tektok,1939551582460510392,,,in,,0,0,0,https://x.com/undefined/status/1939551582460510392,1404957303078481923,,tp haruss camp kalau gunung catur sama bukit sahyang bisa tektok,Catur
1939548697693733097,Mon Jun 30 05:07:22 +0000 2025,0,@fstudyabroad BOLEH BGT. trunyan bagusss bisa dari gunung batur nanti pas di puncak belok langsung ke trunyan hahahah. nanti naiknya dr batur turunnya ke trunyan,1939551310749311077,,,in,,0,0,0,https://x.com/undefined/status/1939551310749311077,1404957303078481923,,boleh bgt. trunyan bagusss bisa dari gunung batur nanti pas di puncak belok langsung ke trunyan hahahah. nanti naiknya dr batur turunnya ke trunyan,Batur
1939282744112001336,Mon Jun 30 04:51:29 +0000 2025,0,@tanyakanrl Gunung bromo dan kawah ijen kak Trek jalurnya jelas dan gak yg selalu mendaki banget Asal ya jgn minggir2 k deket kawahnya aja sih jaga diri sendiri untuk keselamatan lebih penting drpd foto estetik,1939547316039647647,,tanyakanrl,in,,0,0,0,https://x.com/undefined/status/1939547316039647647,1171048122392334336,,gunung bromo dan kawah ijen kak trek jalurnya jelas dan gak yg selalu mendaki banget asal ya jgn minggir2 k deket kawahnya aja sih jaga diri sendiri untuk keselamatan lebih penting drpd foto estetik,Kawah Ijen
1939543452716601780,Mon Jun 30 04:36:08 +0000 2025,3,info mendaki gunung agung (kemarin dah nyoba tapi ga sampe puncak),1939543452716601780,,,in,,0,3,0,https://x.com/undefined/status/1939543452716601780,929118937,,info mendaki gunung agung (kemarin dah nyoba tapi ga sampe puncak),Agung
1939516472810000438,Mon Jun 30 02:48:56 +0000 2025,0,Gunung Telomoyo surga tersembunyi di Jawa Tengah! Dengan ketinggian 1.894 mdpl gunung ini menawarkan panorama luar biasa dari puncaknya pemandangan Rawa Pening Gunung Merbabu hingga Sumbing dalam satu frame. Uniknya kamu bisa naik ke puncak pakai motor atau mobil!,1939516472810000438,,,in,,0,0,0,https://x.com/undefined/status/1939516472810000438,1744157889630244864,,gunung telomoyo surga tersembunyi di jawa tengah! dengan ketinggian 1.894 mdpl gunung ini menawarkan panorama luar biasa dari puncaknya pemandangan rawa pening gunung merbabu hingga sumbing dalam satu frame. uniknya kamu bisa naik ke puncak pakai motor atau mobil!,Sumbing
1939504189732016230,Mon Jun 30 02:01:30 +0000 2025,0,Dan temen2ku yg kkn di tw ke poskoku yg litereli di kaki gunung lawu bilang anget like ANGET??? Meanwhile kita seposko masuk angin semua,1939504536437362813,,raamyuun,in,,0,1,0,https://x.com/undefined/status/1939504536437362813,1149217804215652352,,dan temen2ku yg kkn di tw ke poskoku yg litereli di kaki gunung lawu bilang anget like anget??? meanwhile kita seposko masuk angin semua,Lawu
1939494704208592999,Mon Jun 30 01:22:26 +0000 2025,0,Babinsa Desa Batur Sertu Jorge Vicente melaksanakan Patroli Gabungan bersama TN Gunung Merbabu Resort Kopeng Polsek Getasan dan Relawan Pencinta Alam di Jalur Pendakian Thekelan Desa Batur yang dipimpin Oleh Bpk. Sutopo wakil dari Resort Kopeng. Sabtu 28 Juni 2025 09.00 WIB. https://t.co/tlwiEV9IL5,1939494704208592999,https://pbs.twimg.com/media/Gup4JLsW0AAQKCN.jpg,,in,,0,0,0,https://x.com/undefined/status/1939494704208592999,1536608700520992768,,babinsa desa batur sertu jorge vicente melaksanakan patroli gabungan bersama tn gunung merbabu resort kopeng polsek getasan dan relawan pencinta alam di jalur pendakian thekelan desa batur yang dipimpin oleh bpk. sutopo wakil dari resort kopeng. sabtu 28 juni 2025 09.00 wib.,Batur
1939493603585486966,Mon Jun 30 01:18:03 +0000 2025,0,jkt 26° gue di kamar bergelung sama selimut giliran ngecamp daerah kaki gunung nya salak gue enteng bngt pake kaos gk jaket²an https://t.co/esmKl0zZUQ,1939493603585486966,https://pbs.twimg.com/media/Gup3I82WwAED_EV.jpg,,in,,1,0,0,https://x.com/undefined/status/1939493603585486966,1446834151760433156,,jkt 26° gue di kamar bergelung sama selimut giliran ngecamp daerah kaki gunung nya salak gue enteng bngt pake kaos gk jaket²an,Salak
1939485148686483513,Mon Jun 30 00:44:27 +0000 2025,0,Rate game roblox Gunung salak 9/10 cukup seruuu kalo buat pemula sih rintangannya agak susah terus juga banyak jalan bercabang jadi ada kemungkinan nyasar disarankan bareng temen atau rame'' pas sampe puncak gitu doang jirrr gada feel puncaknya :(( but overall okey sihh https://t.co/KiKS1nPTWW,1939485148686483513,https://pbs.twimg.com/media/GupvDwmXQAAOxP7.jpg,,in,,0,0,0,https://x.com/undefined/status/1939485148686483513,1368199291378954248,,rate game roblox gunung salak 9/10 cukup seruuu kalo buat pemula sih rintangannya agak susah terus juga banyak jalan bercabang jadi ada kemungkinan nyasar disarankan bareng temen atau rame'' pas sampe puncak gitu doang jirrr gada feel puncaknya :(( but overall okey sihh,Abang
1939314678376681670,Sun Jun 29 23:58:15 +0000 2025,13,@tanyakanrl kmrn ke prau jg gini pas nanjak ditarik pas turun dipegangin tp ga kepikiran baper soalnya yg gw pikirin cuma takut kepleset. di gunung semua org emg friendly lupain aja pas smpe basecamp,1939473518649024869,,tanyakanrl,in,,0,0,0,https://x.com/undefined/status/1939473518649024869,1205297735043149824,,kmrn ke prau jg gini pas nanjak ditarik pas turun dipegangin tp ga kepikiran baper soalnya yg gw pikirin cuma takut kepleset. di gunung semua org emg friendly lupain aja pas smpe basecamp,Prau
1939472344692801745,Sun Jun 29 23:56:52 +0000 2025,0,Angin lagi karena cuaca Rinjani waktu evakuasi waktu itu memang agak buruk dan berangin jadi dia jatuh lagi sampai 600 meter dan MD karena benturan keras. Medannya memang cekung tapi curam dan berbatu khas gunung berapi yang masih aktif,1939473173596328219,,kruzschka_,in,,0,0,0,https://x.com/undefined/status/1939473173596328219,1634013273992622081,,angin lagi karena cuaca rinjani waktu evakuasi waktu itu memang agak buruk dan berangin jadi dia jatuh lagi sampai 600 meter dan md karena benturan keras. medannya memang cekung tapi curam dan berbatu khas gunung berapi yang masih aktif,Rinjani
1939282744112001336,Sun Jun 29 22:54:22 +0000 2025,0,@tanyakanrl kalo mo yg viewnya mirip ijen/rinjani ada gunung kelud bahkan bisa pake ojek sampe puncak mau jalan kaki juga oke bisa nikmatin view lebih lama wkwk,1939457443093979506,,aisgrimiksu,in,,0,0,0,https://x.com/undefined/status/1939457443093979506,1072762705063305216,,kalo mo yg viewnya mirip ijen/rinjani ada gunung kelud bahkan bisa pake ojek sampe puncak mau jalan kaki juga oke bisa nikmatin view lebih lama wkwk,Rinjani
1939282744112001336,Sun Jun 29 21:29:22 +0000 2025,0,@tanyakanrl Gunung salak Tp sampe helipad ajh jgn sampe muncak Bntr kok paling sejam Tp iya si tracknya cape karna kyk naik tangga bjir Klo muncak salak tracknya extreme si menurutku Dibandingin sm gede dan pangrango track ke puncak gunung salak jauh lbh serem,1939436052265210271,,tanyakanrl,in,,0,1,0,https://x.com/undefined/status/1939436052265210271,1462745532854534144,,gunung salak tp sampe helipad ajh jgn sampe muncak bntr kok paling sejam tp iya si tracknya cape karna kyk naik tangga bjir klo muncak salak tracknya extreme si menurutku dibandingin sm gede dan pangrango track ke puncak gunung salak jauh lbh serem,Salak
1939433378325078273,Sun Jun 29 21:18:44 +0000 2025,0,Tim SAR benar-benar luar biasa ya. Mereka berjuang tanpa lelah evakuasi Juliana Marins dari Gunung Rinjani. Bayangin betapa sulitnya medan di sana. Ini mengingatkan kita buat lebih menghargai alam dan selalu utamakan keselamatan.,1939433378325078273,,,in,,0,0,0,https://x.com/undefined/status/1939433378325078273,1923669510508490752,,tim sar benar-benar luar biasa ya. mereka berjuang tanpa lelah evakuasi juliana marins dari gunung rinjani. bayangin betapa sulitnya medan di sana. ini mengingatkan kita buat lebih menghargai alam dan selalu utamakan keselamatan.,Rinjani
1939425929593532667,Sun Jun 29 20:49:09 +0000 2025,10,Baru turun gunung kalau melihat fotonya ada yg cerah percayalah itu hanya beberapa per sekian menit saja Selebihnya kabut - hujan - pijakan penuh lumpur. Suhu 5° . Ga nyangka bisa ke Semeru bangga sama diri sendiri bisa pulang masih ok https://t.co/7t2uBmUfbe,1939425929593532667,https://pbs.twimg.com/media/Guo5mg3WsAMGGwX.jpg,,in,,1,1,0,https://x.com/undefined/status/1939425929593532667,1613748474645991425,,baru turun gunung kalau melihat fotonya ada yg cerah percayalah itu hanya beberapa per sekian menit saja selebihnya kabut - hujan - pijakan penuh lumpur. suhu 5° . ga nyangka bisa ke semeru bangga sama diri sendiri bisa pulang masih ok,Semeru
1939385547493171439,Sun Jun 29 18:08:41 +0000 2025,0,jir di tt ada yg ngucapin bd ke ka gita dr puncak gunung merbabu cakep bgtt ,1939385547493171439,,,in,,0,0,0,https://x.com/undefined/status/1939385547493171439,1505702059798335488,,jir di tt ada yg ngucapin bd ke ka gita dr puncak gunung merbabu cakep bgtt,Merbabu
1939282744112001336,Sun Jun 29 18:06:40 +0000 2025,0,@tanyakanrl kalitalang tp skrng rame bgt opsi bisa ke deles aja gunung andong via sawit prau patak banteng tapi yg jalur baru bismo gunung cilik gunung api purba mongkrang,1939385040477237756,,tanyakanrl,in,,0,0,0,https://x.com/undefined/status/1939385040477237756,3150733922,,kalitalang tp skrng rame bgt opsi bisa ke deles aja gunung andong via sawit prau patak banteng tapi yg jalur baru bismo gunung cilik gunung api purba mongkrang,Prau
1939384666441830476,Sun Jun 29 18:05:11 +0000 2025,1,2 anomali numpang pamer capai puncak mahameru Map: Gunung semeru https://t.co/7Fjkq4Ezdo,1939384666441830476,https://pbs.twimg.com/media/GuoUEGEWYAAOyr8.jpg,,in,,0,0,1,https://x.com/undefined/status/1939384666441830476,346228486,,2 anomali numpang pamer capai puncak mahameru map: gunung semeru,Semeru
1932831684082479412,Sun Jun 29 17:16:21 +0000 2025,0,43. gunung semeru 8 5/10 beda developer &amp; sangat dontol friendly gusycm jalan setapak trs smpe puncak dan hrs angetin badan ya klo ga bergetar enak sih cm ketemu orang ngeselin gmw antri buat foto pdhl aku udh mejengorang disuru minggu ngalangin malah nyolot kocak lu https://t.co/WyOTMRepun,1939372376535466235,https://pbs.twimg.com/media/GuoI5cXawAA3uxV.jpg,fairiesrutoo,in,,0,1,1,https://x.com/undefined/status/1939372376535466235,1645306886139547648,,43. gunung semeru 8 5/10 beda developer &amp; sangat dontol friendly gusycm jalan setapak trs smpe puncak dan hrs angetin badan ya klo ga bergetar enak sih cm ketemu orang ngeselin gmw antri buat foto pdhl aku udh mejengorang disuru minggu ngalangin malah nyolot kocak lu,Semeru
1939365706916856231,Sun Jun 29 16:49:50 +0000 2025,0,merbabu nder first time naik gunung langsung ke puncak merbabu https://t.co/nJOCTjD7pp,1939365706916856231,https://pbs.twimg.com/media/GuoC1T3aIAAuOMP.jpg,,in,,0,0,0,https://x.com/undefined/status/1939365706916856231,1145998670564773888,,merbabu nder first time naik gunung langsung ke puncak merbabu,Merbabu
1951024039511859331,Thu Jul 31 20:55:53 +0000 2025,3,Gunung Sumbing; Roblox - momen dimana kita ga sampe puncak karna servernya lg di update gendong berjamaah dan bisa-bisanya kesurupan massal // @213cats @sagepawy @kapteenjeno @onyours__soo https://t.co/FIwj9O3Mdq,1951024039511859331,https://pbs.twimg.com/media/GxNuBNUa4AA6T9z.jpg,,in,,1,2,1,https://x.com/undefined/status/1951024039511859331,1628763899167391745,,gunung sumbing; roblox - momen dimana kita ga sampe puncak karna servernya lg di update gendong berjamaah dan bisa-bisanya kesurupan massal //,Sumbing
1950874096884945023,Thu Jul 31 15:13:24 +0000 2025,3,gunung lawu puncak gunung prau 2590 mdpl #roblox,1950937849974718788,,depepehawe,in,,0,0,0,https://x.com/undefined/status/1950937849974718788,1936887094066159617,,gunung lawu puncak gunung prau 2590 mdpl,Prau
1950641091897958842,Thu Jul 31 15:12:40 +0000 2025,3,puncak triangulasi (3142 mdpl) taman nasional gunung merbabu indonesia #roblox,1950937665232159034,,depepehawe,in,,0,0,0,https://x.com/undefined/status/1950937665232159034,1936887094066159617,,puncak triangulasi (3142 mdpl) taman nasional gunung merbabu indonesia,Merbabu
1950866992296333378,Thu Jul 31 15:08:18 +0000 2025,0,@FlickerPine Kamu orang kesekian yang bilang usernameku lucu bub. Aku tebak pasti mau manggil nunung ya? Kalo aku milih camping di gunung salak boleh gak? Biar gak sama kayak yang lain.,1950936566999986221,,FlickerPine,in,,0,1,0,https://x.com/undefined/status/1950936566999986221,1156759528379052032,,kamu orang kesekian yang bilang usernameku lucu bub. aku tebak pasti mau manggil nunung ya? kalo aku milih camping di gunung salak boleh gak? biar gak sama kayak yang lain.,Salak
1950878579660906534,Thu Jul 31 15:04:45 +0000 2025,1,19. Gunung Salak (Puncak Prabu) https://t.co/EaDq8WjA0Y,1950935672744792138,https://pbs.twimg.com/media/GxMdp78aAAAwv4j.jpg,jsunkyushinegyu,in,,0,1,0,https://x.com/undefined/status/1950935672744792138,1143351874889773057,,19. gunung salak (puncak prabu),Salak
1950912531935170993,Thu Jul 31 13:32:48 +0000 2025,0,remidi naik gunung prau kali ini sampe puncak️ https://t.co/vsDMAtCSPI,1950912531935170993,https://pbs.twimg.com/media/GxMIm0MacAEfK0o.jpg,,in,,0,0,0,https://x.com/undefined/status/1950912531935170993,1472220801373900808,,remidi naik gunung prau kali ini sampe puncak️,Prau
1950899985148485686,Thu Jul 31 12:42:57 +0000 2025,7,UNESCO Global Geopark in Indonesia: 1. Batur 2. Gunung Sewu 3. Ciletuh-Palabuhanratu 4. Rinjani-Lombok 5. Toba Caldera 6. Belitong 7. Merangin Jambi 8. Ijen 9. Maros Pangkep 10. Raja Ampat 11. Kebumen 12. Meratus,1950899985148485686,,,in,,0,0,0,https://x.com/undefined/status/1950899985148485686,1584150314944692224,,unesco global geopark in indonesia: 1. batur 2. gunung sewu 3. ciletuh-palabuhanratu 4. rinjani-lombok 5. toba caldera 6. belitong 7. merangin jambi 8. ijen 9. maros pangkep 10. raja ampat 11. kebumen 12. meratus,Rinjani
1950899972993622186,Thu Jul 31 12:42:54 +0000 2025,9,Taman Bumi (Geopark) Dunia/Global UNESCO di Indonesia: 1. Batur 2. Gunung Sewu 3. Ciletuh-Palabuhanratu 4. Rinjani-Lombok 5. Kaldera Toba 6. Belitong 7. Merangin Jambi 8. Ijen 9. Maros Pangkep 10. Raja Ampat 11. Kebumen 12. Meratus,1950899972993622186,,,in,,0,0,0,https://x.com/undefined/status/1950899972993622186,1584150314944692224,,taman bumi (geopark) dunia/global unesco di indonesia: 1. batur 2. gunung sewu 3. ciletuh-palabuhanratu 4. rinjani-lombok 5. kaldera toba 6. belitong 7. merangin jambi 8. ijen 9. maros pangkep 10. raja ampat 11. kebumen 12. meratus,Rinjani
1950876336450646489,Thu Jul 31 11:08:58 +0000 2025,0,Ya allah gunung salak ini PR BANGET siapa yang mau nuntun saya sampe puncak salak...,1950876336450646489,,,in,,0,2,0,https://x.com/undefined/status/1950876336450646489,4773859112,,ya allah gunung salak ini pr banget siapa yang mau nuntun saya sampe puncak salak...,Salak
1950824579573981428,Thu Jul 31 10:57:35 +0000 2025,0,@V_Roffi @PRFMnews pokonamah cuaca didieu mah kumaha Gunung Manglayang,1950873471476551740,,V_Roffi,in,,0,1,0,https://x.com/undefined/status/1950873471476551740,159088319,,pokonamah cuaca didieu mah kumaha gunung manglayang,Manglayang
1943211587919360050,Thu Jul 31 06:55:09 +0000 2025,0,@imnayoon_ @jennileruby Sawah kita yang di lereng Gunung Merapi Nayoon. Tapi kalau mau nanam jagung lebih baik pakai AI untuk prediksi cuaca dulu! ,1950812458077262194,,imnayoon_,in,,0,0,0,https://x.com/undefined/status/1950812458077262194,1720665183188922368,,sawah kita yang di lereng gunung merapi nayoon. tapi kalau mau nanam jagung lebih baik pakai ai untuk prediksi cuaca dulu!,Merapi
1950805667805311160,Thu Jul 31 06:28:10 +0000 2025,0,langsung dari tim BPBD DIY mengenai berbagai jenis bencana alam yang berpotensi terjadi di wilayah Yogyakarta seperti gempa bumi erupsi gunung merapi banjir dan tanah longsor. Selain materi teori siswa juga diajak untuk mengikuti simulasi ketika terjadi gempa bumi.,1950805671303106894,,BPBDDIY,in,,0,1,0,https://x.com/undefined/status/1950805671303106894,758572219,,langsung dari tim bpbd diy mengenai berbagai jenis bencana alam yang berpotensi terjadi di wilayah yogyakarta seperti gempa bumi erupsi gunung merapi banjir dan tanah longsor. selain materi teori siswa juga diajak untuk mengikuti simulasi ketika terjadi gempa bumi.,Merapi
1950759740746948679,Thu Jul 31 03:25:40 +0000 2025,1,summit kedua kali di gunung sumbing upin &amp; ipin ft abang sally @butteiflies terus di puncak ketemu kak sean sm andrew taulany https://t.co/gFfWTJgJvI,1950759740746948679,https://pbs.twimg.com/media/GxJ9mpUbUAAsrS0.jpg,,in,,0,1,1,https://x.com/undefined/status/1950759740746948679,1364063557994778631,,summit kedua kali di gunung sumbing upin &amp; ipin ft abang sally terus di puncak ketemu kak sean sm andrew taulany,Sumbing
1950754865249956346,Thu Jul 31 03:06:17 +0000 2025,3,Terjadi erupsi G. Marapi pada hari Kamis 31 Juli 2025 pukul 07:41 WIB tinggi kolom abu teramati ± 400 m di atas puncak. Erupsi terekam di seismograf dengan amplitudo maksimum 1.9 mm dan durasi 31 detik. https://t.co/UCF0PvQobH via @id_magma https://t.co/JS7jiiHiLL,1950754865249956346,https://pbs.twimg.com/media/GxJ5L0saoAACgtM.jpg,,in,,0,0,1,https://x.com/undefined/status/1950754865249956346,833912055614758912,,terjadi erupsi g. marapi pada hari kamis 31 juli 2025 pukul 07:41 wib tinggi kolom abu teramati ± 400 m di atas puncak. erupsi terekam di seismograf dengan amplitudo maksimum 1.9 mm dan durasi 31 detik. via,Marapi
1950743538662080561,Thu Jul 31 02:21:17 +0000 2025,0,Berikut kami sampaikan prakiraan cuaca di kawasan rawan bencana Gunung Marapi untuk hari Kamis 31 Juli 2025. Untuk informasi prakiraan cuaca per kecamatan bisa dilihat melalui aplikasi Info BMKG. #infocuacasumbar #bmkgsumbar #infosumbar #infobmkg #infobmkgpws https://t.co/Q5eF6JRyzS,1950743538662080561,https://pbs.twimg.com/media/GxJu4PVa0AAxVlD.jpg,,in,,0,0,0,https://x.com/undefined/status/1950743538662080561,1296032890552115200,,berikut kami sampaikan prakiraan cuaca di kawasan rawan bencana gunung marapi untuk hari kamis 31 juli 2025. untuk informasi prakiraan cuaca per kecamatan bisa dilihat melalui aplikasi info bmkg.,Marapi
1950722032792137737,Thu Jul 31 00:55:49 +0000 2025,2,Warga Dusun Sumber Langsep Kecamatan Candipuro Kabupaten Lumajang Jawa Timur kesulitan menyeberang di aliran lahar untuk beraktivitas ke luar dusun atau desa menyusul debit air aliran sungai meningkat adanya lahar dingin Gunung Semeru. Sementara tidak sedikit masyarakat nekat https://t.co/wxQtnRdWIN,1950722032792137737,https://pbs.twimg.com/amplify_video_thumb/1950721975565115392/img/TE5UPNw0I2ksiO1U.jpg,,in,,0,0,1,https://x.com/undefined/status/1950722032792137737,121640063,,warga dusun sumber langsep kecamatan candipuro kabupaten lumajang jawa timur kesulitan menyeberang di aliran lahar untuk beraktivitas ke luar dusun atau desa menyusul debit air aliran sungai meningkat adanya lahar dingin gunung semeru. sementara tidak sedikit masyarakat nekat,Semeru
1950706298334388374,Wed Jul 30 23:53:18 +0000 2025,0,kan gw bilang apa Kalimantan aman mana gak ada gunung berapi jadi santuy aja kita paling yg daerah rendah deket aliran sungai bakalan banjir itu doang sih minusnya ya klo belanja online luar pulau ongkir nya mahal ,1950706298334388374,,,in,,0,0,0,https://x.com/undefined/status/1950706298334388374,859308601860513792,,kan gw bilang apa kalimantan aman mana gak ada gunung berapi jadi santuy aja kita paling yg daerah rendah deket aliran sungai bakalan banjir itu doang sih minusnya ya klo belanja online luar pulau ongkir nya mahal,Liman
