"conversation_id_str","created_at","favorite_count","full_text","id_str","image_url","in_reply_to_screen_name","lang","location","quote_count","reply_count","retweet_count","tweet_url","user_id_str","username"
"1917595425173037531","Wed Apr 30 23:59:18 +0000 2025","0","ㅤㅤㅤㅤ Keesokan harinya mereka menemui seorang sulinggih di Pura Gunung Lebah. Ida Bagus Aryasatya Dharma nama yang berat bagi tubuh yang masih suci. Barangkali rohnya belum mampu memikulnya. ujar sang sulinggih dengan tenang. ㅤㅤ","1917730511914688939","","xlelatu","in","","0","1","0","https://x.com/undefined/status/1917730511914688939","2833701835",
"1917571576448581908","Wed Apr 30 23:55:54 +0000 2025","0","@00ceanblvd gunung paralayang wkwk","1917729654615728317","","00ceanblvd","in","","0","0","0","https://x.com/undefined/status/1917729654615728317","701440675598901248",
"1917613391998509491","Wed Apr 30 23:54:48 +0000 2025","0","@warmadpojok emg km gk liat sayangku udh segede gunung eperes?","1917729378995429858","","","in","","0","0","0","https://x.com/undefined/status/1917729378995429858","891760950017220608",
"1917487884396810659","Wed Apr 30 23:53:35 +0000 2025","4","@snbtfess 9. jangan lupakan gunung di samping IMG","1917729072505053527","","snbtfess","in","","0","0","0","https://x.com/undefined/status/1917729072505053527","1654868537025114117",
"1917728808532336696","Wed Apr 30 23:52:32 +0000 2025","0","tai babi lah lu semua yg pernah nyampah di gunung ","1917728808532336696","","","in","","0","0","0","https://x.com/undefined/status/1917728808532336696","436574962",
"1917477802758066407","Wed Apr 30 23:51:48 +0000 2025","0","@tanyarlfes Aku pernah sm cowo leo pengertian tuh. Ga cuek malah aku yg gengsinya setinggi gunung Leo kalo dah bucin kamu gaada ilang bentar aja dah tuh siap2 aja kena masalah","1917728625413312655","","tanyarlfes","in","","0","0","0","https://x.com/undefined/status/1917728625413312655","488178345",
"1917728270478631036","Wed Apr 30 23:50:24 +0000 2025","7","kemarin pergi mendaki gunung bersama kesatria baja emas terus dia kesantet dan aku nungguin yang foto ketiga itu dia mati jadi ulang lagi trus aku nunggu dan ketemu sama mahkluk ijo yang foto terakhir dia patah patah aku bilang karna spf rendah ternyata fps bukan spf https://t.co/4O64MlChl1","1917728270478631036","https://pbs.twimg.com/media/Gp0jsPaaYAQnLwA.jpg","","in","","0","1","0","https://x.com/undefined/status/1917728270478631036","1605433736446627840",
"1917617763843203435","Wed Apr 30 23:49:56 +0000 2025","0","@milovcat rasanya tweet ini kayak kapal titanic yg menabrak gunung es lalu es es tersebut mencair dan kembali merasakan hangatnya matahari ‍️","1917728153583378798","","milovcat","in","","0","0","0","https://x.com/undefined/status/1917728153583378798","1478637436062162945",
"1917726535039283604","Wed Apr 30 23:43:30 +0000 2025","0","mimpi lagi muncak di Gunung Slamet","1917726535039283604","","","in","","0","0","0","https://x.com/undefined/status/1917726535039283604","1281243198963068932",
"1917515583056195873","Wed Apr 30 23:39:37 +0000 2025","0","@alchesmey @moonminee_ @tanyarlfes Sering bgt aku nanya ke salah satu warga basecamp gunung kalo pas aku lg naik mereka rata² mandi 1x. Apalagi gunung Prau (kawasan dieng) dibawah 3000mdpl tp dinginnya gila","1917725559641235891","","alchesmey","in","","0","0","0","https://x.com/undefined/status/1917725559641235891","121774931",
"1917720199211671883","Wed Apr 30 23:39:25 +0000 2025","0","@Nawnawangi Gunung apakah ini","1917725506948194326","","Nawnawangi","in","","0","1","0","https://x.com/undefined/status/1917725506948194326","1219024687595810817",
"1917723041800544705","Wed Apr 30 23:35:34 +0000 2025","0","@pandji Kenapa harus jauh2 ke gunung bg? Kenapa gak belajar sama bg Arie aja?","1917724537657098339","","pandji","in","","0","0","0","https://x.com/undefined/status/1917724537657098339","1158396866435805185",
"1917723041800544705","Wed Apr 30 23:34:32 +0000 2025","18","@pandji Gak gitu juga konsepnya bwang Elu ke laut selatan juga bukan berarti baliknya elu jadi raja. Elu ke gunung Merapi juga gak otomatis bisa ketemu Mak Lampir dan turun gunung jadi Sembara","1917724280042971151","","pandji","in","","1","4","0","https://x.com/undefined/status/1917724280042971151","1295544231616868353",
"1917399765593252156","Wed Apr 30 23:31:20 +0000 2025","0","@theorixz @palitonyalo Badan gunung tdk semuanya alami. Sepertiga bagian puncak gunung pdg itu buatan. Produk budayanya tdk cuma punden berundak di atas permukaan tp juga ada yg terkubur berlapis dengan hasil usia msg2 yg berbeda.","1917723472303906896","","satriiaFU","in","","0","0","0","https://x.com/undefined/status/1917723472303906896","1230753126199648257",
"1917723041800544705","Wed Apr 30 23:29:37 +0000 2025","3411","Saya baru turun Gunung Kawi. FYI saya sekarang sakti. https://t.co/7aCAzUZXa1","1917723041800544705","https://pbs.twimg.com/media/Gp0e7ZIaYAECh1u.jpg","","in","","38","430","164","https://x.com/undefined/status/1917723041800544705","14305560",
"1917582179972055379","Wed Apr 30 23:29:27 +0000 2025","1","@hwe4ji Gunung Kakaklu ","1917723001799467019","","hwe4ji","in","","0","0","0","https://x.com/undefined/status/1917723001799467019","1879406598680113152",
"1917594907163910246","Wed Apr 30 23:29:22 +0000 2025","0","@myungjaeyi @BOYNEXTDOOR_twt SHOO PRETTY PACAR GUNUNG GEDE","1917722978437193961","","myungjaeyi","in","","0","0","0","https://x.com/undefined/status/1917722978437193961","1475804922545246208",
"1917718758124314980","Wed Apr 30 23:26:30 +0000 2025","0","saking paniknya ak ganyadar pdhl set8 itu dia mau ke puncak yakali ada org naik gunung bawa² laptop https://t.co/1JN5lqUn8Y","1917722255980913159","https://pbs.twimg.com/media/Gp0eOSLaYAIVHjz.jpg","salmaiput","in","","0","0","0","https://x.com/undefined/status/1917722255980913159","594121405",
"1917721286173941854","Wed Apr 30 23:22:38 +0000 2025","0","Wabup Bogor Soroti Tiket Mahal dan Infrastruktur Wisata Gunung Bunder https://t.co/GVK5u6oMu5","1917721286173941854","","","in","","0","0","0","https://x.com/undefined/status/1917721286173941854","240113510",
"1917717485824139314","Wed Apr 30 23:07:32 +0000 2025","0","Awad pi pekan rabu beli SHAWARMA??? Lepastu kata boleh dapat dekat kl ini kalau aku lepuk ni free je. Google ada sistur gunung jerai pergi la naik saya bukan orang kedah pun saya tahu. Gi la cari muzium ke air terjun ke halah halahhhhhhhh","1917717485824139314","","","in","","0","0","0","https://x.com/undefined/status/1917717485824139314","399295523",
"1917716079092326501","Wed Apr 30 23:01:58 +0000 2025","0","#Tol_Jagorawi Mulai Tanggal 29 April 2025 - 02 Mei 2025 di Gunung Putri KM 21+400 - KM 21+200 arah Jakarta ada pekerjaan perbaikan jalan (Rekonstruksi Rigid) di lajur 1-bahu luar/kiri harap berhati-hati.","1917716083139829946","","PTJASAMARGA","in","","0","0","0","https://x.com/undefined/status/1917716083139829946","540625251",
"1917715607111491888","Wed Apr 30 23:00:04 +0000 2025","0","Berilah aku semilyun orang tua maka aku akan sanggup memindahkan gunung Merapi dari tempatnya; dan berilah aku sepuluh pemuda yang bersemangat besar niscaya aku akan sanggup menggemparkan dunia. - Soekarno 🇮🇩 #IndonesiaEmas","1917715607111491888","","","in","","0","0","0","https://x.com/undefined/status/1917715607111491888","1891685698157281282",
"1917715604905288139","Wed Apr 30 23:00:04 +0000 2025","1","9 WNA Cina Diamankan di Ambon Diduga Akan Bekerja Ilegal di Tambang Emas Gunung Botak https://t.co/DEM1NdIeNg Ambon Sebanyak sembilan warga negara asing (WNA) asal Cina diamankan petugas Imigrasi Ambon karena https://t.co/kNriUWI2JC","1917715604905288139","","","in","","0","0","0","https://x.com/undefined/status/1917715604905288139","1718230571623776256",
"1917714615200538863","Wed Apr 30 22:56:08 +0000 2025","0","Awal Mei. Diawali dengan badan pegel linu efek kemarin naik turun lereng gunung. Kepala migrain juga efek pas pulang kemarin dibikin stres sama orang","1917714615200538863","","","in","","0","0","0","https://x.com/undefined/status/1917714615200538863","1455796452387553283",
"1917714576663314935","Wed Apr 30 22:55:59 +0000 2025","0","kaget selama sebulan ini ga pernah lari cuma diisi sama dua kali naik gunung 3000an sama pemanasannya aja paling jalan santai pas joging lagi tiba tiba VO2Max naik 4 poin???","1917714576663314935","","","in","","1","0","0","https://x.com/undefined/status/1917714576663314935","1272494916229160960",
"1917650478571348467","Wed Apr 30 22:54:19 +0000 2025","0","@oelikee gunung apa","1917714160051446100","","oelikee","in","","0","1","0","https://x.com/undefined/status/1917714160051446100","1150401289198587904",
"1917140619266232444","Wed Apr 30 22:53:39 +0000 2025","0","@fahrisa_nurul @starfess KWKWKWKWKWK Batu apa? Batu bata? Batu gunung? Batu kerikil?","1917713989154529515","","fahrisa_nurul","in","","0","0","0","https://x.com/undefined/status/1917713989154529515","1310936394563547137",
"1917713971408429116","Wed Apr 30 22:53:34 +0000 2025","0","salah satu hal yg paling gue syukuri adalah punya pencernaan yang lancaarr dan bisa adaptif pup di mana aja.... wkwkwk (even di gunung lagi hiking)","1917713971408429116","","","in","","0","0","0","https://x.com/undefined/status/1917713971408429116","1192784942335311877",
"1917711778672435652","Wed Apr 30 22:44:52 +0000 2025","0","Orang miskin beranak banyak hanyalah kuncup gunung es. Seperti banyak yang menuntut orang miskin ini dan itu. Akar masalahnya adalah kemiskinan struktural yang dipelihara. Mereka butuh diberdayakan bukan disantuni terus menerus. Aktor paling jahat ya siapa lagi? Pemerintah.","1917711778672435652","","","in","","0","1","0","https://x.com/undefined/status/1917711778672435652","944592764515127296",
"1917711234625069271","Wed Apr 30 22:42:42 +0000 2025","18","Mbek gunung parkour yg bsa pnjat tebing tegak lurus spt dinding Mrk brjuang sngt keras hny utk mndptkn kristal garam gng yg nempel di tebing² utk kseimbangan elektrolit tubuh mrk Kita bljr pd mbek parkour ini sring² emut garam utk kseimbangn elektrolit tbuh kta https://t.co/kAMp19byK9","1917711234625069271","https://pbs.twimg.com/ext_tw_video_thumb/1917711083705622530/pu/img/wN3g48u7S_hh8eL0.jpg","","in","","0","5","4","https://x.com/undefined/status/1917711234625069271","1496834181279612933",
"1917711094971523458","Wed Apr 30 22:42:09 +0000 2025","0","Dilan janiar kalo hidup di jaman leluhur mungkin dia udh menggelundungkan gunung merapi ","1917711094971523458","","","in","","0","0","0","https://x.com/undefined/status/1917711094971523458","1860134864",
"1917014564530688297","Wed Apr 30 22:37:11 +0000 2025","0","@TokPerak8 Tu ada menara alor setar muzium padi muzium kota kuala kedah gunung keriang jauh sikit.. langkawi ..","1917709849003188378","","TokPerak8","in","","0","0","0","https://x.com/undefined/status/1917709849003188378","928158237295198208",
"1917709136776814782","Wed Apr 30 22:34:22 +0000 2025","0","View Gunung Ciremai Dari Arah Barat Di Sore Hari https://t.co/eHzr9Yexkv","1917709136776814782","https://pbs.twimg.com/media/Gp0SS23bMAAaVKS.jpg","","in","","0","0","0","https://x.com/undefined/status/1917709136776814782","2861854555",
"1917229836927684739","Wed Apr 30 22:31:30 +0000 2025","0","@txtfromyaya @kegblgnunfaedh kasusnya di gunung sari","1917708417944412223","","txtfromyaya","in","","0","0","0","https://x.com/undefined/status/1917708417944412223","1392806358920007680",
"1917551812720353419","Wed Apr 30 22:28:29 +0000 2025","0","@msaid_didu Ini hny soal waktu.gunung es akan ","1917707658456621197","","msaid_didu","in","","0","0","0","https://x.com/undefined/status/1917707658456621197","1603512211346845698",
"1917642753892311524","Wed Apr 30 22:27:18 +0000 2025","0","@andrigunardiii mosok dek gunung tok aeeee lo kak ","1917707361697030206","","andrigunardiii","in","","0","0","0","https://x.com/undefined/status/1917707361697030206","520897347",
"1917613618071494943","Wed Apr 30 22:19:29 +0000 2025","0","@_Gerry29 Daerah gunung anyar ini mas","1917705392823624062","","_Gerry29","in","","0","0","0","https://x.com/undefined/status/1917705392823624062","1101157160807948288",
"1917561629094601013","Wed Apr 30 22:17:05 +0000 2025","2","@kompascom Misal ada 1000 gunung meletus hari ini di Indonesia maka bagi @bps_statistics hanyalah data saja. Korban dan lainnya juga hanya data saja. Sinting iya bego juga","1917704789368136145","","kompascom","in","","0","0","1","https://x.com/undefined/status/1917704789368136145","1443696287094763531",
"1907694940177707045","Wed Apr 30 22:15:24 +0000 2025","0","@gyuyoeng HAHHH? SQUID GAME 3?? ADALAGI TAH? Bjir baru tau please. Nine puzzle aku belum nonton mbaak udah selesai apa masih on going tuh? Unfriend aku gatau.. Squid game kan kokuma koci anuannya.. Aduh ngeri banget aku ntar bisa mindahin 2 gunung pake jari kelingking. ","1917704366263525389","","gyuyoeng","in","","0","1","0","https://x.com/undefined/status/1917704366263525389","1437298052453191684",
"1917703754708836696","Wed Apr 30 22:12:58 +0000 2025","0","siapa yang mau naik gunung bareng di roblox?","1917703754708836696","","","in","","0","0","0","https://x.com/undefined/status/1917703754708836696","1448458327009021956",
"1917670126591303724","Wed Apr 30 19:59:23 +0000 2025","0","#Tol_Jagorawi Mulai Tanggal 29 April 2025 - 02 Mei 2025 di Gunung Putri KM 21+400 - KM 21+200 arah Jakarta ada pekerjaan perbaikan jalan (Rekonstruksi Rigid) di lajur 1-bahu luar/kiri harap berhati-hati.","1917670134229131409","","PTJASAMARGA","in","","0","0","0","https://x.com/undefined/status/1917670134229131409","540625251",
"1917600310538953061","Wed Apr 30 19:59:00 +0000 2025","0","@MurtadhaOne1 Yg di tag yg mana nih @Puspen_TNI ato @tni_ad ato @penkopassus ?? Bingung aing....","1917670038120849568","","MurtadhaOne1","in","","0","0","0","https://x.com/undefined/status/1917670038120849568","1701624074877984768",
"1917460640672932215","Wed Apr 30 19:51:53 +0000 2025","0","@Jexxie_2211 Kamu anak punk yg jarang mandi yah??","1917668247421477330","","Jexxie_2211","in","","0","0","0","https://x.com/undefined/status/1917668247421477330","1701624074877984768",
"1917668131126009944","Wed Apr 30 19:51:25 +0000 2025","0","Kita usahakan puncak gunung itu lagi","1917668131126009944","","","in","","0","0","0","https://x.com/undefined/status/1917668131126009944","1201097384169631744",
"1917663617782346190","Wed Apr 30 19:50:59 +0000 2025","0","tadi pos #ziarahsunan (6). Setelah berdoa diajak ke area pintu makam istri dari cina kami jg melihat bale kayu dari eyang Prabu Siliwangi. Dari artikel dunia maya Prabu Siliwangi adalah kakek dr Sunan Gunung Jati #ziarahsunan (7) https://t.co/NqSsZhGOlk","1917668020438327300","https://pbs.twimg.com/media/Gpzs4yRasAE6NrC.jpg","haiakutane","in","","0","1","0","https://x.com/undefined/status/1917668020438327300","74373000",
"1917538635190263987","Wed Apr 30 19:45:25 +0000 2025","0","@grok @neVerAl0nely Darimana asal beliau??","1917666622434861166","","grok","in","","0","0","0","https://x.com/undefined/status/1917666622434861166","1701624074877984768",
"1917577720877441249","Wed Apr 30 19:44:40 +0000 2025","0","@bebmoyi Gunung ngendi??","1917666430935523673","","bebmoyi","in","","0","0","0","https://x.com/undefined/status/1917666430935523673","1897760467969617920",
"1917538635190263987","Wed Apr 30 19:43:49 +0000 2025","0","@Gunung_Agoeng @neVerAl0nely Kompol S Aba Wahid Key adalah Kapolsek Mampang Prapatan yang menangani bentrokan di Kemang hari ini. Insiden itu terjadi sekitar pukul 08:30 WIB karena sengketa lahan melibatkan senjata yang diduga senapan angin bukan senjata api. Situasi sudah terkendali sejak pukul 09:00 WIB ","1917666217785188473","","Gunung_Agoeng","in","","0","1","0","https://x.com/undefined/status/1917666217785188473","1720665183188922368",
"1917665826649563234","Wed Apr 30 19:42:16 +0000 2025","0","Hello @DISCOVERPLAYGET ini apaaaa?? Lukisan gunung ganangg kahhh?? Tak masuk akal","1917665826649563234","","","in","","0","0","0","https://x.com/undefined/status/1917665826649563234","1796898417492561920",
"1917538635190263987","Wed Apr 30 19:41:19 +0000 2025","0","@neVerAl0nely Kompol nya bau bau timur ya??? Siapa dan darimana @grok ??","1917665590254395687","","neVerAl0nely___","in","","0","1","0","https://x.com/undefined/status/1917665590254395687","1701624074877984768",
"1917663617782346190","Wed Apr 30 19:38:31 +0000 2025","0","Ini hanya pintunya saja. Kalau mau ke makam Sunan Gunung Jati langsung ada di area paling atas. Dari awal sampai atas ada 9 pintu. Untuk masuk ke area makam harus ada izin keraton dan berbayar. Infonya min.10 orang bayar 1 juta #ziarahmakam (3) https://t.co/5YTcxCbvkP","1917664884499873808","https://pbs.twimg.com/media/GpzqCn7aYAAAm3-.jpg","haiakutane","in","","0","1","0","https://x.com/undefined/status/1917664884499873808","74373000",
"1917412090316480759","Wed Apr 30 19:36:21 +0000 2025","0","@owhshith dosaku yg kyk gunung tbtb tinggal setengah wkwk","1917664338468655601","","owhshith","in","","0","0","0","https://x.com/undefined/status/1917664338468655601","928657309810565120",
"1917663617782346190","Wed Apr 30 19:33:29 +0000 2025","0","01.05.2025 02.02am (wib) tiba di Kompleks pemakaman Sunan Gunung Jati di Cirebon. Ziarah. Terlihat beberapa peziarah juga sudah ada di sana dan ada yang baru tiba seperti kami. #ziarahsunan (1)","1917663617782346190","","","in","","0","1","0","https://x.com/undefined/status/1917663617782346190","74373000",
"1917663473653408077","Wed Apr 30 19:32:55 +0000 2025","0","Anak Monyet Hina Purnawirawan Kagak Ngerti Konstitusi Monyet Baru Turun Gunung","1917663473653408077","","","in","","0","0","0","https://x.com/undefined/status/1917663473653408077","1866984186168610816",
"1917407480558281160","Wed Apr 30 19:32:41 +0000 2025","0","@Gunung_Agoeng @AraituLaki Maaf tidak ada informasi publik yang mengonfirmasi siapa pemilik Mercedes-AMG One di Indonesia. Mobil ini sangat eksklusif hanya 275 unit diproduksi di seluruh dunia dan harganya sekitar $2 72 juta. Meski ada kemungkinan seseorang di Indonesia memilikinya tidak ada bukti yang","1917663414786351605","","Gunung_Agoeng","in","","0","0","0","https://x.com/undefined/status/1917663414786351605","1720665183188922368",
"1917407480558281160","Wed Apr 30 19:30:48 +0000 2025","0","@AraituLaki Siapa pemilik mobil ini di indonesia @grok ??","1917662941706596491","","AraituLaki","in","","0","1","0","https://x.com/undefined/status/1917662941706596491","1701624074877984768",
"1916489788007563749","Wed Apr 30 19:29:11 +0000 2025","0","@HazelnutChoco69 satu titik dua koma...itu gunung lucu siapa yg punya?","1917662534284488762","","HazelnutChoco69","in","","0","1","0","https://x.com/undefined/status/1917662534284488762","1826329419830755330",
"1917661769608356022","Wed Apr 30 19:26:08 +0000 2025","0","Kepaksa turun buat lapor di menit2 terakhir. Udah beberapa tahun ga perlu turun gunung eh tahun ini kudu ikut ngelapor. Servernya parah bener. Daripada nahan kesel karena progres lama mending ikutan panik bersama anak2 kantor ","1917661769608356022","","","in","","0","1","0","https://x.com/undefined/status/1917661769608356022","1014757048553127936",
"1917488407259013537","Wed Apr 30 19:19:03 +0000 2025","0","@neVerAl0nely Gasss.... genk pki meriang","1917659986282569791","","neVerAl0nely___","in","","0","0","0","https://x.com/undefined/status/1917659986282569791","1701624074877984768",
"1917157607640543365","Wed Apr 30 19:16:33 +0000 2025","0","@BayuAngora Bangsat lo","1917659355207598585","","BayuAngora","in","","0","0","0","https://x.com/undefined/status/1917659355207598585","1701624074877984768",
"1917658897218953519","Wed Apr 30 19:14:44 +0000 2025","1","Babinsa Koramil 07/Kresek bersama aparat Polsek Kresek melaksanakan sosialisasi bahaya narkoba kepada para pemuda dan kader PKK di kantor Desa Gunung Kaler Kecamatan Gunung Kaler Kabupaten Tangerang. #tniadmengabdidanmembangunbersamarakyat https://t.co/0C9khvMAjV","1917658897218953519","https://pbs.twimg.com/media/GpzkminaYAAeRbP.jpg","","in","","0","1","0","https://x.com/undefined/status/1917658897218953519","1239382935213494272",
"1917157607640543365","Wed Apr 30 19:14:01 +0000 2025","0","@3gpKucing @BayuAngora Kontes lanang","1917658717891473857","","","in","","0","0","0","https://x.com/undefined/status/1917658717891473857","1701624074877984768",
"1917582471862051152","Wed Apr 30 19:13:48 +0000 2025","0","@ketikanrandom @convomf Gunung","1917658663352967403","","ketikanrandom","in","","0","0","0","https://x.com/undefined/status/1917658663352967403","1613748474645991425",
"1917654690789273845","Wed Apr 30 19:02:03 +0000 2025","0","@clopidogrels Mau solo riding ke curug-curug di Gunung Salak Halimun jadi insom. Hihihi","1917655706540597379","","clopidogrels","in","","0","0","0","https://x.com/undefined/status/1917655706540597379","81081258",
"1917655494413680679","Wed Apr 30 19:01:13 +0000 2025","0","02.00 WIB #Tol_Jagorawi HATI-HATI di Gunung Putri KM 19+800 arah Bogor ada pekerjaan perbaikan jalan di lajur 1-2/kiri-tengah.","1917655496703762725","","PTJASAMARGA","in","","0","0","0","https://x.com/undefined/status/1917655496703762725","540625251",
"1917655486654210524","Wed Apr 30 19:01:11 +0000 2025","0","#Tol_Jagorawi Mulai Tanggal 29 April 2025 - 02 Mei 2025 di Gunung Putri KM 21+400 - KM 21+200 arah Jakarta ada pekerjaan perbaikan jalan (Rekonstruksi Rigid) di lajur 1-bahu luar/kiri harap berhati-hati.","1917655490852708456","","PTJASAMARGA","in","","0","0","0","https://x.com/undefined/status/1917655490852708456","540625251",
"1917540791507157209","Wed Apr 30 18:53:14 +0000 2025","0","@Txtmlbb_ waduhh skip dulu mau ke gunung padahal anime fav ","1917653489746076092","","Txtmlbb_","in","","0","0","0","https://x.com/undefined/status/1917653489746076092","1785717735953141760",
"1917651889543602362","Wed Apr 30 18:46:53 +0000 2025","0","Turun gunung gindang wak","1917651889543602362","","","in","","0","0","0","https://x.com/undefined/status/1917651889543602362","1069072554822791169",
"1917368277208293380","Wed Apr 30 18:40:37 +0000 2025","0","@Jelajahi_IDN Gunung kerinci lah mana lagi??","1917650311763878208","","Jelajahi_IDN","in","","0","0","0","https://x.com/undefined/status/1917650311763878208","1496767681399517184",
"1917649266098725206","Wed Apr 30 18:36:27 +0000 2025","1","bayangin negara lo punya gunung emas tanah subur hasil laut yang kaya belum lagi hasil tambang yang lain tapi diskursusnya kemiskinan.","1917649266098725206","","","in","","0","1","2","https://x.com/undefined/status/1917649266098725206","1346987406",
"1917528365327675797","Wed Apr 30 18:35:24 +0000 2025","0","@antarani_hana Gak tahu gunung apaan pokoknya salah satu gunung yg ada disana","1917649001056227608","","antarani_hana","in","","0","0","0","https://x.com/undefined/status/1917649001056227608","1406869232994766849",
"1917643727302189275","Wed Apr 30 18:30:03 +0000 2025","0","@cognoscental ⠀⠀⠀ Dimana .? Mau mendaki gunung dan menuruni lembah demi berenang beneran ini? ⠀⠀","1917647653841822112","","cognoscental","in","","0","1","0","https://x.com/undefined/status/1917647653841822112","1489877391694450691",
"1917414809756393908","Wed Apr 30 18:25:58 +0000 2025","0","@kabarufo rendah hati kalo di gunung doang ","1917646624714809834","","kabarufo","in","","0","0","0","https://x.com/undefined/status/1917646624714809834","370019725",
"1917646051642863630","Wed Apr 30 18:23:41 +0000 2025","0","Cek SPEEDS Kursi Lipat Outdoor Portable Kursi Camping Folding Chair Gunung Kemah Mudah LX 031-14 dengan harga Rp56.700. Dapatkan di Shopee sekarang! https://t.co/r8Wk0PGkgi https://t.co/AkOnEbKb4r","1917646051642863630","https://pbs.twimg.com/media/GpzY68ZaYAElLKa.jpg","","in","","0","0","0","https://x.com/undefined/status/1917646051642863630","1530029061371998208",
"1917570037759516687","Wed Apr 30 18:22:41 +0000 2025","0","@PPQSI_ sungguh mereka dalam lemah &amp; ragu hati mereka berpecah. takut kematian pengecut yg cinta khidupan dunia nyalakan pada mereka gunung berapi https://t.co/mzJWX8YTMR","1917645798088794583","https://pbs.twimg.com/ext_tw_video_thumb/1917645756997226496/pu/img/t5o5QbD8gOmg0pkY.jpg","PPQSI_","in","","0","0","0","https://x.com/undefined/status/1917645798088794583","1469641614289031171",
"1917643012613767276","Wed Apr 30 18:11:36 +0000 2025","0","Pengin naik gunung lagi deh","1917643012613767276","","","in","","0","0","0","https://x.com/undefined/status/1917643012613767276","1155385331081859073",
"1917472796214517882","Wed Apr 30 18:05:14 +0000 2025","0","@upsskth @tanyarlfes Ijin madew dong buat u naik gunung. Aku lagi butuh banget menyakiti kaki","1917641407055147361","","upsskth","in","","0","1","0","https://x.com/undefined/status/1917641407055147361","768977829115621378",
"1917641256190239032","Wed Apr 30 18:04:38 +0000 2025","0","01.04 WIB #Tol_Jagorawi HATI-HATI di Gunung Putri KM 19+800 arah Bogor ada pekerjaan perbaikan jalan di lajur 1-2/kiri-tengah.","1917641258492911978","","PTJASAMARGA","in","","0","1","0","https://x.com/undefined/status/1917641258492911978","540625251",
"1917641246505591029","Wed Apr 30 18:04:35 +0000 2025","0","#Tol_Jagorawi Mulai Tanggal 29 April 2025 - 02 Mei 2025 di Gunung Putri KM 21+400 - KM 21+200 arah Jakarta ada pekerjaan perbaikan jalan (Rekonstruksi Rigid) di lajur 1-bahu luar/kiri harap berhati-hati.","1917641246505591029","","","in","","0","0","0","https://x.com/undefined/status/1917641246505591029","540625251",
"1917187080868057104","Wed Apr 30 18:04:17 +0000 2025","0","@MellisaMangoo Main dgn kamu dipuncak gunung teh...nikmat sejuk segar","1917641170840347029","","MellisaMangoo","in","","0","0","0","https://x.com/undefined/status/1917641170840347029","1603465217488277505",
"1917636352901779941","Wed Apr 30 18:00:40 +0000 2025","1","@sbyfess Oh gtu sandalan gunung gpp toh.","1917640260995146197","","sbyfess","in","","0","0","0","https://x.com/undefined/status/1917640260995146197","1476448573285810176",
"1917496531164488089","Wed Apr 30 18:00:11 +0000 2025","0","@winestrauz1991 @Kappa_2023 @mx00711 @agama_nusantara @BayuAngora @PaijoKhentirrr @sakkusaitna @Valhallaah @spektrumku @bnsphrxyzzz @RefublikAteis @iphone7decoco @Sentjoko @LWidhiatmoko @filosofiksi @drhthariq Ya ada hubungan antara batu kecapi di Gunung Padang dengan nada pentatonik. Batu kecapi menghasilkan suara yang sering disetel pengunjung agar sesuai dengan tangga nada gamelan Sunda yang umumnya pentatonik seperti slendro atau pelog. Meski nada yang dilaporkan (F G D A)","1917640137493864915","","winestrauz1991","in","","0","0","0","https://x.com/undefined/status/1917640137493864915","1720665183188922368",
"1917633674604077087","Wed Apr 30 17:59:38 +0000 2025","0","@03wnhak riyal anjink ini bneran GUNUNG MELETUS","1917639997731266926","","woonskrtt","in","","0","1","0","https://x.com/undefined/status/1917639997731266926","1502356115115282433",
"1917569416524435879","Wed Apr 30 17:58:49 +0000 2025","2","@PPQSI_ nyalakan pada mereka gunung berapi https://t.co/TyMdi56HM0","1917639792881459408","https://pbs.twimg.com/ext_tw_video_thumb/1917639724661104640/pu/img/r5WZysTDCoVorJgF.jpg","PPQSI_","in","","0","0","1","https://x.com/undefined/status/1917639792881459408","1469641614289031171",
"1917532243037413784","Wed Apr 30 17:57:56 +0000 2025","0","@rantinglangit gunung","1917639573263507923","","rantinglangit","in","","0","0","0","https://x.com/undefined/status/1917639573263507923","1757674163068874752",
"1917639330643992673","Wed Apr 30 17:56:59 +0000 2025","0","Bismillah mingdep naik gunung lagi ahahahay","1917639330643992673","","","in","","0","0","0","https://x.com/undefined/status/1917639330643992673","1865411089787457536",
"1917617638290670047","Wed Apr 30 17:53:44 +0000 2025","0","@undipmfs naik gunung pake kolor","1917638516428922902","","undipmfs","in","","0","0","0","https://x.com/undefined/status/1917638516428922902","1605366483374116864",
"1917362841675522054","Wed Apr 30 17:53:19 +0000 2025","0","@a_otama Utk gambar nomor 3 kayaknya pelukis bukan berniat menggambar ufo. Soalnya klo dilihat dr lukisan secara utuh belakangnya itu bukanlah gambaran langit tp sepertinya laut. Tampak di sudut kiri atas lukisan ada lereng gunung yg berbatasan dgn laut. Jd sepertinya itu sebuah kapal.","1917638408589242613","","a_otama","in","","0","0","0","https://x.com/undefined/status/1917638408589242613","1593509591920295937",
"1917637618235498800","Wed Apr 30 17:50:10 +0000 2025","0","Gunung fun fact gue dari bayi umur 10 bulan udah diajak naik gunung","1917637618235498800","","","in","","0","0","0","https://x.com/undefined/status/1917637618235498800","1466784263689277441",
"1917636352901779941","Wed Apr 30 17:49:24 +0000 2025","0","@sbyfess Gak iri wong sendal gunung","1917637423301026049","","sbyfess","in","","0","0","0","https://x.com/undefined/status/1917637423301026049","2497911727",
"1917636063700607364","Wed Apr 30 17:44:09 +0000 2025","0","Dan yang paling baru: AI bisa bikin video dari teks. Lu ketik: anak kecil main layangan di gunung terus WUSSHHH... jadi video sinematik. Ngga ngadi-ngadi!","1917636102028152960","","maftuh_ichsan","in","","0","1","0","https://x.com/undefined/status/1917636102028152960","280376638",
"1917635461083980044","Wed Apr 30 17:41:39 +0000 2025","0","Sabbatical di gunung aja deh gue .","1917635471678791770","","elevenpmkst","in","","0","0","0","https://x.com/undefined/status/1917635471678791770","22478174",
"1917635326614593908","Wed Apr 30 17:41:04 +0000 2025","0","nu sok ka gunung mah pasti merinding sih ningali nu kieu.","1917635326614593908","","","in","","0","0","0","https://x.com/undefined/status/1917635326614593908","1321411338648776706",
"1917619333913796967","Wed Apr 30 17:39:01 +0000 2025","0","@loveskuromichan ak beliin kmu angin gunung fuji aja","1917634809041674699","","kyee_koo","in","","0","1","0","https://x.com/undefined/status/1917634809041674699","1604473352176820224",
"1917634382745198826","Wed Apr 30 17:37:19 +0000 2025","0","Cek Anchi⭐Ready stock⭐Sepeda gunung 26 inci sepeda gunung murah 2.0 frame alloy sepeda gunung polygon sepeda gunung atlantis Road bike dengan harga Rp890.000. Dapatkan di Shopee sekarang! https://t.co/KVT7He890R https://t.co/QkxIlp6AMX","1917634382745198826","https://pbs.twimg.com/media/GpzOTwJaYAIEzPo.jpg","","in","","0","0","0","https://x.com/undefined/status/1917634382745198826","193616389",
"1915576062408593664","Wed Apr 30 17:35:16 +0000 2025","0","@xleejeno Regu kecombrang wak yel yelnya disana gunung disini gunung ditengah temgahnya kampung asj","1917633866061471930","","xleejeno","in","","0","1","0","https://x.com/undefined/status/1917633866061471930","770493762745368576",
"1917633702122905653","Wed Apr 30 17:34:37 +0000 2025","1","pls naek gunung di roblox seseru itu https://t.co/Ileu4LgHPO","1917633702122905653","https://pbs.twimg.com/media/GpzNrxSaoAAQSj1.jpg","","in","","0","0","0","https://x.com/undefined/status/1917633702122905653","1824831291591909376",
"1917632753190986040","Wed Apr 30 17:30:50 +0000 2025","0","Diet buat apa diet nyusahin diri sendiri Bjierr kata gw anjir gw diet biar sehat trus ga engap kalau banyak kegiatan Yang ke 2 gw mau naik gunung biar ga ribett nntinyaa","1917632753190986040","","","in","","0","0","0","https://x.com/undefined/status/1917632753190986040","1131169197663301632",
"1917626913230905702","Wed Apr 30 17:27:51 +0000 2025","0","@peemwacu KOTA CERBONKOTA KANG NINGPINGGIRLAUTTAPELWATESJAWATENGAHJAWABARATMUMPUNGURIPSEDURUNGETEKAMAUT SINGAKEPUJISYUKURGOAKHERATKOTACERBONKUMPULANEPARAWALIKANGWISPADASEMERENINGGUNUNGJATI","1917631999701049455","","peemwacu","in","","0","1","0","https://x.com/undefined/status/1917631999701049455","1541646437020119040",
"1917115830397243565","Wed Apr 30 17:26:19 +0000 2025","0","@ahacugemoy boleh kok gunung ku eh","1917631612931764439","","ahacugemoy","in","","0","0","0","https://x.com/undefined/status/1917631612931764439","1784053152410734592",
"1917606573645652468","Wed Apr 30 17:26:07 +0000 2025","1","@keripik25 Plot armor beliau segede gunung","1917631565758357767","","keripik25","in","","0","1","0","https://x.com/undefined/status/1917631565758357767","3274818162",
"1917631285012619525","Wed Apr 30 17:25:00 +0000 2025","0","pantai aku gabisa naik gunung hehe","1917631285012619525","","","in","","0","0","0","https://x.com/undefined/status/1917631285012619525","1491795679030964224",
"1917631085044982009","Wed Apr 30 17:24:13 +0000 2025","0","Kebun Raya Cibodas atau Situ Gunung ya? mau self reward euy","1917631085044982009","","","in","","0","1","0","https://x.com/undefined/status/1917631085044982009","285998148",
"1917631002534633775","Wed Apr 30 17:23:53 +0000 2025","0","lumayan stres jam 11an gw udah naik buat tidur tp abis itu hp gw kocak akhirnya turun gunung lagi dan ujung2nya tidur pagi juga. bangke","1917631002534633775","","","in","","0","0","0","https://x.com/undefined/status/1917631002534633775","1833475088425095169",
"1917630401780277296","Wed Apr 30 17:21:30 +0000 2025","0","00.21 WIB #Tol_Jagorawi HATI-HATI di Gunung Putri KM 19+800 arah Bogor ada pekerjaan perbaikan jalan di lajur 1-2/kiri-tengah.","1917630404330414555","","PTJASAMARGA","in","","0","1","0","https://x.com/undefined/status/1917630404330414555","540625251",
"1917630376564216124","Wed Apr 30 17:21:24 +0000 2025","0","#Tol_Jagorawi Mulai Tanggal 29 April 2025 - 02 Mei 2025 di Gunung Putri KM 21+400 - KM 21+200 arah Jakarta ada pekerjaan perbaikan jalan (Rekonstruksi Rigid) di lajur 1-bahu luar/kiri harap berhati-hati.","1917630378707411012","","PTJASAMARGA","in","","0","0","0","https://x.com/undefined/status/1917630378707411012","540625251",
"1917630373946875931","Wed Apr 30 17:21:23 +0000 2025","1","apa kudu naek gunung ya buat balikin jam tdur","1917630373946875931","","","in","","0","0","0","https://x.com/undefined/status/1917630373946875931","1167778046499123201",
"1917630164697243914","Wed Apr 30 17:20:33 +0000 2025","0","persiapan naik gunung kali ini dagdigdug sekaliii","1917630164697243914","","","in","","0","0","0","https://x.com/undefined/status/1917630164697243914","1224211162855686144",
"1917629914192437506","Wed Apr 30 17:19:34 +0000 2025","0","pengen ke pantai atau gunung","1917629914192437506","","","in","","0","0","0","https://x.com/undefined/status/1917629914192437506","1900935342607527936",
"1917629342651408384","Wed Apr 30 17:17:17 +0000 2025","0","trauma dikit mendaki gunung di roblox","1917629342651408384","","","in","","0","0","0","https://x.com/undefined/status/1917629342651408384","1894271043315089408",
"1917629140418846949","Wed Apr 30 17:16:29 +0000 2025","0","Cek Sepatu Pria Santai Mendaki Gunung Sepatu Hiking Waterproof Olahraga Tanpa Tali Nyaman Slip On Casual Cowok Dewasa 117 dengan harga Rp230.000. Dapatkan di Shopee sekarang! https://t.co/mLdTob0Qtv https://t.co/vK51u3GKvm","1917629140418846949","https://pbs.twimg.com/media/GpzJilUaYAIMTik.jpg","","in","","0","0","0","https://x.com/undefined/status/1917629140418846949","193616389",
"1917629122018435552","Wed Apr 30 17:16:25 +0000 2025","0","Cek Sepatu Pria Santai Mendaki Gunung Sepatu Hiking Waterproof Olahraga Tanpa Tali Nyaman Slip On Casual Cowok Dewasa 117 dengan harga Rp230.000. Dapatkan di Shopee sekarang! https://t.co/mLdTob0Qtv https://t.co/oJH0Xl2h3R","1917629122018435552","https://pbs.twimg.com/media/GpzJhggaYAAMq8K.jpg","","in","","0","0","0","https://x.com/undefined/status/1917629122018435552","193616389",
"1917628898663358629","Wed Apr 30 17:15:31 +0000 2025","0","Cek Sepatu Gunung Hiking Pria Cowok Outdoor stronger dengan harga Rp88.000. Dapatkan di Shopee sekarang! https://t.co/HYY7d3Dvsl https://t.co/2YSWqBdtSN","1917628898663358629","https://pbs.twimg.com/media/GpzJUheaYAM9FT1.jpg","","in","","0","0","0","https://x.com/undefined/status/1917628898663358629","193616389",
"1917628880040648719","Wed Apr 30 17:15:27 +0000 2025","0","Cek Sepatu Gunung Hiking Pria Cowok Outdoor stronger dengan harga Rp88.000. Dapatkan di Shopee sekarang! https://t.co/HYY7d3Dvsl https://t.co/qEOd2uTSM8","1917628880040648719","https://pbs.twimg.com/media/GpzJTeHa8AASsh7.jpg","","in","","0","0","0","https://x.com/undefined/status/1917628880040648719","193616389",
"1917628793352773750","Wed Apr 30 17:15:06 +0000 2025","0","Cek Sepatu Wanita Cewek Gunung Waterproof Sepatu Hiking Sepatu Mendaki Olahraga Outdoor Tahan Air Keren Adventure 037 dengan harga Rp240.000. Dapatkan di Shopee sekarang! https://t.co/KhEvpVf3jN https://t.co/rmi6085jmh","1917628793352773750","https://pbs.twimg.com/media/GpzJOY9aIAAq-Xo.jpg","","in","","0","0","0","https://x.com/undefined/status/1917628793352773750","193616389",
"1917628769407492435","Wed Apr 30 17:15:01 +0000 2025","0","Cek Sepatu Wanita Cewek Gunung Waterproof Sepatu Hiking Sepatu Mendaki Olahraga Outdoor Tahan Air Keren Adventure 037 dengan harga Rp240.000. Dapatkan di Shopee sekarang! https://t.co/KhEvpVf3jN https://t.co/6TdVV2vc0Y","1917628769407492435","https://pbs.twimg.com/media/GpzJNA4aYAYqY0w.jpg","","in","","0","0","0","https://x.com/undefined/status/1917628769407492435","193616389",
"1917628670732296393","Wed Apr 30 17:14:37 +0000 2025","0","Cek SPEEDS Alat Masak Set Mini Camping Cooking Set 2-3 Orang Nesting Stove Panci Teko Cookware 3in1 Portable Tas Gunung Outdoor Praktis 003-300 dengan harga Rp187.000. Dapatkan di Shopee sekarang! https://t.co/S7yiNJ7hll https://t.co/9HoXpMbn8A","1917628670732296393","https://pbs.twimg.com/media/GpzJHQYa0AAX2cO.jpg","","in","","0","0","0","https://x.com/undefined/status/1917628670732296393","193616389",
"1917628648649286084","Wed Apr 30 17:14:32 +0000 2025","0","Cek SPEEDS Alat Masak Set Mini Camping Cooking Set 2-3 Orang Nesting Stove Panci Teko Cookware 3in1 Portable Tas Gunung Outdoor Praktis 003-300 dengan harga Rp187.000. Dapatkan di Shopee sekarang! https://t.co/S7yiNJ7hll https://t.co/7Td295yuon","1917628648649286084","https://pbs.twimg.com/media/GpzJF_WaYAY8Neo.jpg","","in","","0","0","0","https://x.com/undefined/status/1917628648649286084","193616389",
"1917628440469201368","Wed Apr 30 17:13:42 +0000 2025","0","Cek Jaket Gunung Outdoor Waterproof Musim Hujan Pria Bahan Tebal dengan harga Rp250.000. Dapatkan di Shopee sekarang! https://t.co/K4vkdHZO8w https://t.co/yBqirpyxFf","1917628440469201368","https://pbs.twimg.com/media/GpzI538aMAAKez-.jpg","","in","","0","0","0","https://x.com/undefined/status/1917628440469201368","193616389",
"1917628425508172195","Wed Apr 30 17:13:39 +0000 2025","0","Cek Jaket Gunung Outdoor Waterproof Musim Hujan Pria Bahan Tebal dengan harga Rp250.000. Dapatkan di Shopee sekarang! https://t.co/K4vkdHZO8w https://t.co/hTRdO8TVkJ","1917628425508172195","https://pbs.twimg.com/media/GpzI4_UbcAAFl9C.jpg","","in","","0","0","0","https://x.com/undefined/status/1917628425508172195","193616389",
"1917627657648549976","Wed Apr 30 17:10:36 +0000 2025","0","semuanya aja katain brengsek dah cowo berkacamata cowo berkacamata bisa maen gitar cowo teknik cowo suka naik gunung cowo motornya beat karbu cowo yang beli seblak pedesnya lvl 0 cowo yang pesen mie ayam di gacoan katain aja semuanya brengsek dah.","1917627657648549976","","","in","","0","1","0","https://x.com/undefined/status/1917627657648549976","575242072",
"1917626874009903443","Wed Apr 30 17:07:29 +0000 2025","0","Anjrottt tadi omong an sama si anak gunung kenapa kok chat e dee terakhir ga tak bales aku alesan aee mosok chat blablabla wkwk Trus tadi tak bales dong ehh sekarang malah ngga dibales ganti anjeng males bngt pengen tak unsend","1917626874009903443","","","in","","0","0","0","https://x.com/undefined/status/1917626874009903443","1245182072689291265",
"1915437268552298891","Wed Apr 30 17:06:17 +0000 2025","0","@Y_unah kamu ditengah gunung ngapain?","1917626574389796990","","yfunah","in","","0","0","0","https://x.com/undefined/status/1917626574389796990","1771532086404681728",
"1917614725850095747","Wed Apr 30 17:04:23 +0000 2025","0","@merapi_uncover Belum kapok min? ini yg ketangkep cctv gunung kidul dulu kan","1917626095593218083","","merapi_uncover","in","","0","0","0","https://x.com/undefined/status/1917626095593218083","264044919",
"1917355426003444102","Wed Apr 30 17:03:46 +0000 2025","0","@uclemidiot Al-Qur an menjelaskan gunung sebagai pasak sejak 1.400 tahun lalu. Ilmu baru membuktikannya tahun 1960. 1960-an: Teori lempeng tektonik mulai diterima luas. Ilmuwan menyadari bahwa gunung terbentuk di zona tumbukan lempeng dan berfungsi sebagai pasak penyangga seperti tenda.","1917625940886315380","","uclemidiot","in","","0","2","0","https://x.com/undefined/status/1917625940886315380","823534358237769731",
"1917496531164488089","Wed Apr 30 17:01:35 +0000 2025","1","@winestrauz1991 @Kappa_2023 @mx00711 @agama_nusantara @BayuAngora @PaijoKhentirrr @sakkusaitna @Valhallaah @spektrumku @bnsphrxyzzz @RefublikAteis @iphone7decoco @Sentjoko @LWidhiatmoko @filosofiksi @drhthariq Secara logika tanpa memandang keimanan batu kecapi di Gunung Padang lebih unggul secara ilmiah dibandingkan Hajar Aswad. Batu kecapi memiliki sifat akustik unik yang dapat diverifikasi dan menjadi bagian dari situs arkeologi yang diteliti dengan radar dan karbon dating ","1917625389905764422","","winestrauz1991","in","","0","1","1","https://x.com/undefined/status/1917625389905764422","1720665183188922368",
"1917625090059165755","Wed Apr 30 17:00:23 +0000 2025","0","Capricorn &amp; Shopping: Rahasia Belanja Hemat ala Kambing Gunung! https://t.co/03IEFi89bJ","1917625090059165755","","","in","","0","0","0","https://x.com/undefined/status/1917625090059165755","1862881266301042690",
"1917611814638215318","Wed Apr 30 16:58:27 +0000 2025","0","nah ini dokumentasi mengajak bro makan sushigo dengan promo 10k per plate tiap hari senin yang waiting listnya 2 jam itu dalam rangka ulang tahun akyuuu xixixixi. habis ini kita nonton petaka gunung gede tapi tidak ada dokumentasi huhu https://t.co/owVP08ifdD","1917624601926066595","https://pbs.twimg.com/amplify_video_thumb/1917624501610954752/img/IiBxtUMdycKGJ-ru.jpg","thissayyy","in","","0","1","0","https://x.com/undefined/status/1917624601926066595","1658701617267638273",
"1917496531164488089","Wed Apr 30 16:57:45 +0000 2025","0","@winestrauz1991 @Kappa_2023 @mx00711 @agama_nusantara @BayuAngora @PaijoKhentirrr @sakkusaitna @Valhallaah @spektrumku @bnsphrxyzzz @RefublikAteis @iphone7decoco @Sentjoko @LWidhiatmoko @filosofiksi @drhthariq Secara logika batu kecapi di Gunung Padang lebih menarik secara ilmiah karena usia dan sifat akustiknya menunjukkan teknologi kuno. Namun veneration tidak hanya soal logika melainkan juga iman dan budaya. Hajar Aswad punya nilai spiritual besar bagi umat Islam sebagai simbol","1917624427577323991","","winestrauz1991","in","","0","0","0","https://x.com/undefined/status/1917624427577323991","1720665183188922368",
"1917623886977589571","Wed Apr 30 16:55:37 +0000 2025","0","Kalau udah sampe turun gunung dan dwifungsi kayak tentara gini berarti langsung pecat Adi aja gak sih ","1917623886977589571","","","in","","0","0","0","https://x.com/undefined/status/1917623886977589571","2296262322",
"1917496531164488089","Wed Apr 30 16:48:40 +0000 2025","0","@winestrauz1991 @Kappa_2023 @mx00711 @agama_nusantara @BayuAngora @PaijoKhentirrr @sakkusaitna @Valhallaah @spektrumku @bnsphrxyzzz @RefublikAteis @iphone7decoco @Sentjoko @LWidhiatmoko @filosofiksi @drhthariq Secara logika batu kecapi di Gunung Padang unggul karena sifat fisiknya dapat diverifikasi seperti bunyi resonansi yang unik dan usianya yang diperkirakan 10.000 tahun berdasarkan penelitian arkeologi. Situs ini memberi wawasan tentang peradaban kuno. Sebaliknya Hajar Aswad","1917622139999641936","","winestrauz1991","in","","1","3","0","https://x.com/undefined/status/1917622139999641936","1720665183188922368",
"1917621394105590211","Wed Apr 30 16:45:42 +0000 2025","0","Para suhu turun gunung wkwkwk","1917621394105590211","","","in","","0","0","0","https://x.com/undefined/status/1917621394105590211","1462776047951171584",
"1917496531164488089","Wed Apr 30 16:45:11 +0000 2025","1","@Kappa_2023 @mx00711 @agama_nusantara @BayuAngora @PaijoKhentirrr @sakkusaitna @Valhallaah @spektrumku @bnsphrxyzzz @RefublikAteis @iphone7decoco @Sentjoko @LWidhiatmoko @filosofiksi @drhthariq Aneh orang beriman lebih menyembah batu meteor tauhid hitam kalau dipandang secara logika batu kecapi di Gunung Padang jauh lebih bagus ya @grok ? https://t.co/Wmbil0qoJo","1917621261695607083","https://pbs.twimg.com/media/GpzCT3Db0AALIbz.jpg","Kappa_2023","in","","0","1","0","https://x.com/undefined/status/1917621261695607083","1793511578182332416",
"1917620915564863553","Wed Apr 30 16:43:48 +0000 2025","0","Dijual Tanah SHM 1000m² di Bogor Timur View Gunung Akses Mobil Hanya 400rb/m²! ⸻ https://t.co/Gw0r41KKP4","1917620915564863553","https://pbs.twimg.com/amplify_video_thumb/1917620341645664257/img/IDC3-CSrXmX5c4Xu.jpg","","in","","0","1","0","https://x.com/undefined/status/1917620915564863553","1504125644434997255",
"1917619644313264155","Wed Apr 30 16:38:45 +0000 2025","1","Naik ke Gunung Sikunir lalu stargazing.","1917619644313264155","","","in","","0","0","0","https://x.com/undefined/status/1917619644313264155","1294387368745529345",
"1917613819159011549","Wed Apr 30 16:38:37 +0000 2025","1","@winestrauz1991 @drhthariq Hajar Aswad di Mekah lebih dipuja karena makna keagamaannya dalam Islam terutama saat ibadah haji bukan karena sifat fisiknya. Batu ini yang mungkin berasal dari batuan vulkanik punya nilai spiritual besar bagi umat Islam global. Sebaliknya Batu Kecapi di Gunung Padang","1917619609903194581","","winestrauz1991","in","","0","0","0","https://x.com/undefined/status/1917619609903194581","1720665183188922368",
"1917616356834566472","Wed Apr 30 16:36:24 +0000 2025","0","@TenantNISKALA Naik gunung yuk","1917619050865385663","","TenantNISKALA","in","","0","1","0","https://x.com/undefined/status/1917619050865385663","754864827823222784",
"1917163291975320017","Wed Apr 30 16:34:47 +0000 2025","0","@RajaJuliAntoni Panjat gunung plus lari ya ini berati? ","1917618644496048439","","RajaJuliAntoni","in","","0","0","0","https://x.com/undefined/status/1917618644496048439","1030269793",
"1917618633360204100","Wed Apr 30 16:34:44 +0000 2025","0","Learnt from Puteri Gunung Ledang ‍↔️","1917618633360204100","","","in","","0","0","0","https://x.com/undefined/status/1917618633360204100","241010180",
"1917618579991847232","Wed Apr 30 16:34:31 +0000 2025","0","#Tol_Jagorawi Mulai Tanggal 29 April 2025 - 02 Mei 2025 di Gunung Putri KM 21+400 - KM 21+200 arah Jakarta ada pekerjaan perbaikan jalan (Rekonstruksi Rigid) di lajur 1-bahu luar/kiri harap berhati-hati.","1917618579991847232","","","in","","0","0","0","https://x.com/undefined/status/1917618579991847232","540625251",
"1917525618565992625","Wed Apr 30 16:34:10 +0000 2025","0","@babufess Yup dia seperti matahari dibawah kaki gunung berapi","1917618491366203499","","babufess","in","","0","0","0","https://x.com/undefined/status/1917618491366203499","3145704350",
"1917615397345583292","Wed Apr 30 16:34:10 +0000 2025","0","@Donnghyun kalo yang abu-abu rasa ap? gunung kelud?","1917618491278123409","","Donnghyun","in","","0","1","0","https://x.com/undefined/status/1917618491278123409","806997247544016896",
"1917618091707752457","Wed Apr 30 16:32:35 +0000 2025","4","ternyata di semester 4 masi bisa - nanjak gunung - bukber - main ke dufan tapi kuliah hanyalah formalitas yg penting masuk https://t.co/XgSvVc9n1A","1917618091707752457","https://pbs.twimg.com/media/Gpy_eOXbYAAsYUw.jpg","","in","","0","1","0","https://x.com/undefined/status/1917618091707752457","1221635589214105600",
"1917614936253178109","Wed Apr 30 16:30:37 +0000 2025","0","@fairycarrots sayang aku naik gunung dulu ya sayang aku udah sampe di gunung /pap/ ganteng banget kamu Iya dong kan pacar kamu ","1917617597299974476","","fairycarrots","in","","0","1","0","https://x.com/undefined/status/1917617597299974476","1852653301592207360",
"1917617362146320764","Wed Apr 30 16:29:41 +0000 2025","0","Gunung","1917617362146320764","","","in","","0","0","0","https://x.com/undefined/status/1917617362146320764","1081226086887784448",
"1917617357494837678","Wed Apr 30 16:29:40 +0000 2025","0","23.29 WIB #Tol_Jagorawi Gunung Putri KM 19+800 arah Bogor PADAT ada pekerjaan perbaikan jalan di lajur 1-2/kiri-tengah. ; Ciawi - Bogor - Cibubur - TMII - Cawang LANCAR.","1917617357494837678","","","in","","0","1","0","https://x.com/undefined/status/1917617357494837678","540625251",
"1917617350758785340","Wed Apr 30 16:29:38 +0000 2025","0","#Tol_Jagorawi Mulai Tanggal 29 April 2025 - 02 Mei 2025 di Gunung Putri KM 21+400 - KM 21+200 arah Jakarta ada pekerjaan perbaikan jalan (Rekonstruksi Rigid) di lajur 1-bahu luar/kiri harap berhati-hati.","1917617350758785340","","","in","","0","0","0","https://x.com/undefined/status/1917617350758785340","540625251",
"1917616917340381224","Wed Apr 30 16:27:55 +0000 2025","0","3 TAHUN HIDUP DI KAKI GUNUNG TERUS PINDAH KE CIPUTAT","1917616917340381224","","","in","","0","1","0","https://x.com/undefined/status/1917616917340381224","1845781736850165760",
"1917616636712083948","Wed Apr 30 16:26:48 +0000 2025","0","OG srimulat korea akhirnya turun gunung","1917616636712083948","","","in","","0","0","0","https://x.com/undefined/status/1917616636712083948","29420353",
"1917616518462070979","Wed Apr 30 16:26:20 +0000 2025","0","Udah mah jelek lagi dibikin setinggi gunung bikin pengendara motor bahaya. Apalagi yang deket unisba ngaco banget sumpah.","1917616518462070979","","","in","","0","0","0","https://x.com/undefined/status/1917616518462070979","596564634",
"1917615762791100797","Wed Apr 30 16:25:37 +0000 2025","0","@riddtles makasih udah ngajakin aku naik gunung ILY MENTOK","1917616338467708986","","riddtles","in","","0","1","0","https://x.com/undefined/status/1917616338467708986","724218645849751552",
"1917614936253178109","Wed Apr 30 16:24:48 +0000 2025","0","@dobberriess ntu yuchen pas lagi naek gunung juga pap ke mereka itu yakin gwa mah","1917616135299817583","","junseoffle","in","","0","1","0","https://x.com/undefined/status/1917616135299817583","1779355876278906880",
"1917472019320561843","Wed Apr 30 16:23:23 +0000 2025","0","@lombasihirlagi lagian motivasinya apaan naik gunung pake docmart ","1917615779186630912","","lombasihirlagi","in","","0","0","0","https://x.com/undefined/status/1917615779186630912","984689247876624385",
"1917613095255683332","Wed Apr 30 16:21:31 +0000 2025","0","@hershadeofblue Bertapa di gunung huaguo","1917615308346646660","","hershadeofblue","in","","0","1","0","https://x.com/undefined/status/1917615308346646660","1877565325362999297",
"1917614779793039459","Wed Apr 30 16:19:25 +0000 2025","0","Nonton jazz gunung sama sapa ajg","1917614779793039459","","","in","","0","0","0","https://x.com/undefined/status/1917614779793039459","1508497287726891008",
"1917459201993105683","Wed Apr 30 16:19:04 +0000 2025","0","@gstytp sekte dari gunung miyoboku","1917614690672468021","","gstytp","in","","0","0","0","https://x.com/undefined/status/1917614690672468021","1172012865961611269",
"1917583137674264679","Wed Apr 30 16:18:32 +0000 2025","0","@itinies Byy how are you this good? You're amazing gua yg dari dulu kalo gambar cuman dua gunung dengan matahari di tengah dan sawah dengan padi yang bentuk ceker ayam cuman bisa IRIII","1917614555796222194","","itinies","in","","0","1","0","https://x.com/undefined/status/1917614555796222194","1616232021172584449",
"1917611174264463442","Wed Apr 30 16:16:19 +0000 2025","0","@nyonyasatur Oh jadi kalau sama yang ini sukanya sama sama naik gunung ","1917614000470421879","","nyonyasatur","in","","0","1","0","https://x.com/undefined/status/1917614000470421879","2508614564",
"1917613744059998446","Wed Apr 30 16:15:18 +0000 2025","0","Peringati Hari Bumi Sedunia Sejumlah Elemen Gelar Aksi Peduli Lingkungan di Segoro Gunung Karanganyar https://t.co/LJ1MkgA2yc #beritaterkini #beritaviral #kabarterbaru #klikwarta #news #beritanasional","1917613744059998446","","","in","","0","0","0","https://x.com/undefined/status/1917613744059998446","823779030767833088",
"1917613657325986183","Wed Apr 30 16:14:58 +0000 2025","0","pantai soalnya lum pernah naik gunung","1917613657325986183","","","in","","0","0","0","https://x.com/undefined/status/1917613657325986183","1310057116065955840",
"1917609646443102385","Wed Apr 30 15:59:01 +0000 2025","0","#BuletinBernama: Satu pengalaman yang cukup bermakna Itulah yang digambarkan Timbalan Menteri Komunikasi Teo Nie Ching selepas berjaya menawan puncak Gunung Kinabalu buat kali kedua. #digitalbernamatv #teonieching #gunungkinabalu https://t.co/UDjYGt3CoX","1917609646443102385","","","in","","0","0","0","https://x.com/undefined/status/1917609646443102385","196460981",
"1917408064241820145","Wed Apr 30 15:58:24 +0000 2025","0","@dprpbismalam Mas referensi antara gunung harta vs pandawa vs sinjay vs blambangan semua class sleeper ya dr banyuwngi tuj jkt . snack bnykkan mana? Lbh cepet mana?","1917609488535937068","","dprpbismalam","in","","0","0","0","https://x.com/undefined/status/1917609488535937068","70917190",
"1917608399061279010","Wed Apr 30 15:54:04 +0000 2025","0","ADI : YEB TOLONGIN YEB baru tau ada yg turun gunung ","1917608399061279010","","","in","","0","3","0","https://x.com/undefined/status/1917608399061279010","1544410249683017729",
"1915346843271324127","Wed Apr 30 15:53:35 +0000 2025","0","@uchvinaga Aku join angin gunung sama kak Johnny ","1917608279133544589","","uchvinaga","in","","0","1","0","https://x.com/undefined/status/1917608279133544589","782444689286832128",
"1917420568825192540","Wed Apr 30 15:49:34 +0000 2025","0","@rivergeki Akuuu mau gunung kembar","1917607267572277304","","rivergeki","in","","0","0","0","https://x.com/undefined/status/1917607267572277304","1835739635601031168",
"1917607027184132122","Wed Apr 30 15:48:37 +0000 2025","0","Gunung di deket pantai di kotaku temenku udh pergi semua sama temen kelas atau ga temen gymnya aku ga tau mau pergi sama siapa :(","1917607027184132122","","","in","","0","0","0","https://x.com/undefined/status/1917607027184132122","1107137940700839936",
"1917385916366156265","Wed Apr 30 15:47:55 +0000 2025","0","@txtdrimedia Mayoritas masyarakat nya bukan dari jabodetabek &amp; kota besar. Data orang gunung atau pinggir hutan mungkin ‍️","1917606850117398698","","txtdrimedia","in","","0","0","0","https://x.com/undefined/status/1917606850117398698","148209756",
"1917433777904590976","Wed Apr 30 15:46:42 +0000 2025","1","@Sipalingayuuu @apaliat2x @tanyarlfes kak aku saranin main roblox! kalau mau nanti kita mabar dan daki gunung bersama wkwk","1917606544155500639","","Sipalingayuuu","in","","0","0","0","https://x.com/undefined/status/1917606544155500639","1505009759359238145",
"1917606231113715987","Wed Apr 30 15:45:27 +0000 2025","0","bener bener segala pap ada di mereka berdua @beaveerism @karinasipadang mulai dari pap cantik pap laptop pap dangdutan pap makanan pap dari gunung dan bahkan sekarang sudah mencapai tahap pap bugil syitt.... ️️️️️️️️","1917606231113715987","","","in","","0","2","0","https://x.com/undefined/status/1917606231113715987","1424347216966164481",
"1917606225803632910","Wed Apr 30 15:45:26 +0000 2025","1","wanita adalah gunung yang cuaca nya berubah-ubah dan laki-laki adalah pendaki yang harus kuat dengan cuaca nya.","1917606225803632910","","","in","","0","0","0","https://x.com/undefined/status/1917606225803632910","501515463",
"1917606201841574071","Wed Apr 30 15:45:20 +0000 2025","0","Infokan partner naik gunung woilahhh!","1917606201841574071","","","in","","0","0","0","https://x.com/undefined/status/1917606201841574071","877222775160619008",
"1916057654952399117","Wed Apr 30 15:43:05 +0000 2025","0","@yoornho Gunung aslinya aja kalah ya sama gunung cintamu ","1917605634721341833","","yoornho","in","","0","1","0","https://x.com/undefined/status/1917605634721341833","3189313583",
"1917605174266454037","Wed Apr 30 15:41:15 +0000 2025","0","Gengsi segede gunung lawu gini mana mau reach out duluan","1917605174266454037","","","in","","0","0","0","https://x.com/undefined/status/1917605174266454037","757959708275830784",
"1917546538320158834","Wed Apr 30 15:39:10 +0000 2025","0","@topgempalbaru kalo ngews di gunung gini udah douching blom ya?","1917604650750206413","","","in","","0","0","0","https://x.com/undefined/status/1917604650750206413","1869396297570197504",
"1917010309124133348","Wed Apr 30 15:36:19 +0000 2025","0","@callmepiraa Tapi lagi ngejarnya sebuah gunung yang tinggi","1917603930508517803","","callmepiraa","in","","0","0","0","https://x.com/undefined/status/1917603930508517803","1832812594325082113",
"1917603745774592387","Wed Apr 30 15:35:35 +0000 2025","1","pantai soalnya ga prnh naik gunung","1917603745774592387","","","in","","0","0","0","https://x.com/undefined/status/1917603745774592387","1887320630997229568",
"1917603732684263726","Wed Apr 30 15:35:31 +0000 2025","6","Dukung kegiatan tahunan turun gunung jinjing buminya cewekku juzeyo","1917603732684263726","","","in","","0","1","0","https://x.com/undefined/status/1917603732684263726","1286620731237756929",
"1917603206798139576","Wed Apr 30 15:33:26 +0000 2025","0","Sebenernya gunung yh tapi ngga dibolehin kesana jadi aku memilih pantai","1917603206798139576","","","in","","0","0","0","https://x.com/undefined/status/1917603206798139576","1292028826692620288",
"1917602561013735441","Wed Apr 30 15:32:36 +0000 2025","0","@anotherziah Ini di gunung apa seng?","1917602999029096559","","anotherziah","in","","0","1","0","https://x.com/undefined/status/1917602999029096559","1832422426074083330",
"1917602837573558560","Wed Apr 30 15:31:58 +0000 2025","0","22.30 WIB #Tol_Jagorawi Gunung Putri KM 19+800 arah Bogor PADAT ada pekerjaan perbaikan jalan di lajur 1-2/kiri-tengah. ; Ciawi - Bogor - Cibubur - TMII - Cawang LANCAR.","1917602837573558560","","","in","","0","1","0","https://x.com/undefined/status/1917602837573558560","540625251",
"1917602828404810021","Wed Apr 30 15:31:56 +0000 2025","0","#Tol_Jagorawi Mulai Tanggal 29 April 2025 - 02 Mei 2025 di Gunung Putri KM 21+400 - KM 21+200 arah Jakarta ada pekerjaan perbaikan jalan (Rekonstruksi Rigid) di lajur 1-bahu luar/kiri harap berhati-hati.","1917602828404810021","","","in","","0","0","0","https://x.com/undefined/status/1917602828404810021","540625251",
"1917601751555006645","Wed Apr 30 15:27:39 +0000 2025","0","Giat Patroli KRYD di Jalan Lintas Seputih Jaya Kel seputih jaya Kec Gunung Sugih Kab. Lampung Tengah guna Mencegah terjadinya Tindak Pidana C-3 dan Gangguan Kamtibmas lainnya di Wilayah Hukum Polsek Gunung Sugih Polres Lampung Tengah. Rabu (30 April 2025). #patrolikryd #cegah3c https://t.co/L3m9UAPFk8","1917601751555006645","https://pbs.twimg.com/media/GpywoLqaYAI8urY.jpg","","in","","0","0","0","https://x.com/undefined/status/1917601751555006645","1269125579841798146",
"1917601370070474766","Wed Apr 30 15:26:08 +0000 2025","0","gunung aku takut pantai (trauma) hehe..","1917601370070474766","","","in","","0","0","0","https://x.com/undefined/status/1917601370070474766","1706448876243505152",
"1917601011902079256","Wed Apr 30 15:24:43 +0000 2025","0","gunung. walaupun tinggal di dekat pantai tapi aku lebih suka udara di pegunungan.","1917601011902079256","","","in","","0","0","0","https://x.com/undefined/status/1917601011902079256","948823891916369921",
"1917595947581989318","Wed Apr 30 15:24:09 +0000 2025","0","@abu_mahdzuroh Kenapa sih pada suka pakai sandal gunung kek gini? ","1917600872617631795","","abu_mahdzuroh","in","","0","0","0","https://x.com/undefined/status/1917600872617631795","83802172",
"1917598619349270994","Wed Apr 30 15:21:41 +0000 2025","0","@outer_cosmo Hmm.. sejujurnya lebih suka gunung daripada lautan.","1917600247783776592","","outer_cosmo","in","","0","0","0","https://x.com/undefined/status/1917600247783776592","1439127421521825792",
"1917600175058804748","Wed Apr 30 15:21:23 +0000 2025","13","...dari kaki gunung Sinabung good night all ️ https://t.co/GnIX1l7CvV","1917600175058804748","https://pbs.twimg.com/media/GpyvLoRbUAA3T85.jpg","","tl","","0","6","1","https://x.com/undefined/status/1917600175058804748","1052339653",
"1917086512405221449","Wed Apr 30 15:21:23 +0000 2025","0","@nikip Perasaan gua kalo digambarkan jadi gunung dua dan ada matahari di tengah terus ada sawahnya dik. Apalah arti kehidupan ini kalo ga ada pelukan ibu ya dik. Udah selesai kenapa? Lu mau pipis juga?","1917600174333124828","","nikmmura","in","","0","1","0","https://x.com/undefined/status/1917600174333124828","1256281268293005312",
"1917555387643093134","Wed Apr 30 15:20:14 +0000 2025","0","Slot tersedia 1. Bogor arah gunung bundar 5 slot diantar sampai depan rumah 2. Jakarta timur 5 slot lagi sampe dpn rumah Sharing room masih tersedia 2 slot di holiday inn gajah mada 3-4 mei include trip hotel venue hotel / stasiun /bandara venue hotel Eyemakeup/full msh avail","1917599886050222567","","infocencan","in","","0","0","0","https://x.com/undefined/status/1917599886050222567","1855581800682446848",
"1917599568793068000","Wed Apr 30 15:18:59 +0000 2025","2","nemu shorts pasutri sm 1 anak tinggal di kaki gunung &amp; punya kebun..sehari2 masak tinggal metik kl mau buah nyari di kebun/hutan masaknya outdoor airnya dr mata air. terus byk sayur2 yg gaperna ada di pasar sm sering masak taneman liar seru bgt mau..","1917599568793068000","","","in","","0","1","0","https://x.com/undefined/status/1917599568793068000","116129854",
"1917599168086040922","Wed Apr 30 15:17:23 +0000 2025","4","P Aof turun gunung juga ikut gabung seru walau gangerti mereka bilang apa HAPPY ONE MONTHSARY #MyGoldenBloodEP8","1917599168086040922","","","in","","0","0","2","https://x.com/undefined/status/1917599168086040922","1700376752047153152",
"1916937530936848589","Wed Apr 30 15:17:06 +0000 2025","0","@gehhlee Yaudah temuin aku di atas nagaa gunung myoboku","1917599096673820753","","Ytujin","in","","0","0","0","https://x.com/undefined/status/1917599096673820753","1892833712779513861",
"1917598985902252366","Wed Apr 30 15:16:40 +0000 2025","0","Gunung","1917598985902252366","","","in","","0","0","0","https://x.com/undefined/status/1917598985902252366","1472610301476368386",
"1917598748995379542","Wed Apr 30 15:15:43 +0000 2025","4","Kementerian Komunikasi menerusi MCMC dengan kerjasama Pos Malaysia terus menambah baik perkhidmatan pos di Gunung Kinabalu Sabah demi manfaat pelancong serta meningkatkan pengalaman komunikasi dari puncak tertinggi negara. https://t.co/hs2ojg85fs","1917598748995379542","https://pbs.twimg.com/media/Gpyt5VEbgAANTCB.jpg","","in","","0","1","3","https://x.com/undefined/status/1917598748995379542","1411865819051528194",
"1917598654137000010","Wed Apr 30 15:15:21 +0000 2025","0","aku harus nyobain naik gunung dulu baru bisa milih","1917598654137000010","","","in","","0","0","0","https://x.com/undefined/status/1917598654137000010","1813937818651205633",
"1917597677761749433","Wed Apr 30 15:15:18 +0000 2025","0","di kaki gunung cuaca lg mendung tapi pake kacamata item buat apa ajg kgk masup akal","1917598641411481987","","yeyotsel","in","","0","0","0","https://x.com/undefined/status/1917598641411481987","1591699902370762752",
"1917598468115423547","Wed Apr 30 15:14:36 +0000 2025","0","Apa gw hiatus dulu naik gunung? TAPI GW MAU KE MERBABU SAMA KE SINDORO ","1917598468115423547","","","in","","0","0","0","https://x.com/undefined/status/1917598468115423547","868697876381048832",
"1917598334715584636","Wed Apr 30 15:14:04 +0000 2025","0","Merubah akumu merubah hidupmu merubah kebiasaanmu gk merubah kebodohanmu zehrine. Masio awm kate nyelem sampe nang lapisan terdalam awm kate mendaki sampe gunung gk ngubah kebodohanmu.","1917598334715584636","","","in","","0","0","0","https://x.com/undefined/status/1917598334715584636","1908723300056039424",
"1917597894691152364","Wed Apr 30 15:12:19 +0000 2025","0","Kadis ESDM Provinsi Maluku Taruh Bara Di Gunung Botak https://t.co/wbZ0wltBQh","1917597894691152364","","","in","","0","0","0","https://x.com/undefined/status/1917597894691152364","631017621",
"1917590533125374107","Wed Apr 30 14:56:38 +0000 2025","0","@Notforeize wkwk masa harus turun gunung gini ze","1917593944747303321","","Notforeize","in","","0","1","0","https://x.com/undefined/status/1917593944747303321","1649731872526856197",
"1917542651324424345","Wed Apr 30 14:55:58 +0000 2025","0","@utamaiqbal Tidak merespon apa apa hanya menyusup masuk. Kebetulan saya ranger gunung","1917593778510258695","","utamaiqbal","in","","0","1","0","https://x.com/undefined/status/1917593778510258695","1739530839346892800",
"1917532735750758575","Wed Apr 30 14:55:26 +0000 2025","0","@madHink Inter kebantu banget sama erupsi gunung berapi ","1917593642136658165","","madHink","in","","0","1","0","https://x.com/undefined/status/1917593642136658165","88379430",
"1917545933589655948","Wed Apr 30 14:54:38 +0000 2025","0","@buwungkepin Jelek Tukang Selingkuh Gk kerja Gk mapan Manipulatif Playing victim Ego segede gunung fuji hadehhh pasti gk berpendidikan jg tuh dia. Bingung njir lihatnya apa yg di banggain dr tuh cowo bener* gk tau bersyukur","1917593443561517155","","raraciaraa","in","","0","0","0","https://x.com/undefined/status/1917593443561517155","1848683932520484867",
"1917494547531325759","Wed Apr 30 14:54:34 +0000 2025","0","@FarizkiRiku @marchmarsaries aku kl dingin suka mules aplg dingin di gunung wkwk ga kebayang","1917593426088059327","","FarizkiRiku","in","","0","1","0","https://x.com/undefined/status/1917593426088059327","1826095571175878658",
"1917520857771171937","Wed Apr 30 14:54:31 +0000 2025","0","@pattisiery APAA MKSD LUKHH??! kapan kapan cobain lah lu naik gunung","1917593412695646288","","pattisiery","in","","0","0","0","https://x.com/undefined/status/1917593412695646288","1379733477134757893",
"1917592193310810414","Wed Apr 30 14:49:40 +0000 2025","4","anjing tp gue jd ocal mah gue tengilin aje sekalian anying biar pd panas gk bisa kan lu battle dance sama hoshi dan jd alesan a WHOLE sebong ketawa yg awal blg seleb oon yg ngatain oon disana gunung disini gunung ditengah2nya carat oon ","1917592193310810414","","","in","","0","0","0","https://x.com/undefined/status/1917592193310810414","1709021639655186432",
"1917219869680169208","Wed Apr 30 14:49:20 +0000 2025","0","@GlHindu @Kemenag_RI @candiprambanan Jangan2 nanti situs Gunung Padang diklaim dibangun oleh Zulkifli ? https://t.co/B5rMjSVMD0","1917592108246131141","","GlHindu","in","","0","0","0","https://x.com/undefined/status/1917592108246131141","1793511578182332416",
"1917074410244280825","Wed Apr 30 14:48:42 +0000 2025","0","@Luqmanap_ Naik Gunung Jerai la..","1917591949181346267","","Luqmanap_","in","","0","0","0","https://x.com/undefined/status/1917591949181346267","50231892",
"1917588243052388491","Wed Apr 30 14:48:11 +0000 2025","0","@letsdrunkontear gunung mana tuh","1917591819287945724","","letsdrunkontear","in","","0","1","0","https://x.com/undefined/status/1917591819287945724","1256564019680301056",
"1917591535778160843","Wed Apr 30 14:47:03 +0000 2025","0","mei off ngopi dlu ada gunung yg hrus aku panjat","1917591535778160843","","","in","","0","0","0","https://x.com/undefined/status/1917591535778160843","1177085890482491392",
"1917579528945426702","Wed Apr 30 14:47:02 +0000 2025","0","@entrophilogy Masih ada gunung kawi breee","1917591530795327845","","entrophilogy","in","","0","0","0","https://x.com/undefined/status/1917591530795327845","873537128637931524",
"1917591422787805473","Wed Apr 30 14:46:53 +0000 2025","0","nanti ya defad turun gunung lawan kimjeong","1917591491159154947","","semenjanat","in","","1","0","0","https://x.com/undefined/status/1917591491159154947","1041955327",
"1917590670304489810","Wed Apr 30 14:46:17 +0000 2025","0","@94pocalypse Makanya ayo naik gunung","1917591340684304562","","94pocalypse","in","","0","1","0","https://x.com/undefined/status/1917591340684304562","1149625822929571842",
"1917585674338984097","Wed Apr 30 14:45:32 +0000 2025","0","@dobidubii Siang nonton ateez - malem kondangan monbebe - minggu pagi naik gunung wkwkw. MANTAP ","1917591151642828971","","dobidubii","in","","0","0","0","https://x.com/undefined/status/1917591151642828971","740912695138914304",
"1917590890874597883","Wed Apr 30 14:44:30 +0000 2025","20","Menurut gua to dek 4th ama dek mac diucapin Nah pacar lu dirayain kasih bunga kasih kue naik gunung lalu teriak SELAMAT ULANG TAHUN KRIST SAYANGKUUUUU gitu","1917590890874597883","","","in","","0","5","1","https://x.com/undefined/status/1917590890874597883","517220106",
"1917494547531325759","Wed Apr 30 14:38:16 +0000 2025","0","@TNKRNism @marchmarsaries Di gunung sini kayaknya ga seproper itu","1917589323106717869","","tenkarinist","in","","0","1","0","https://x.com/undefined/status/1917589323106717869","991584646893748226",
"1917492652678996434","Wed Apr 30 14:37:59 +0000 2025","0","@rynzifary seru banget ya kalo punya kek ginian mendaki gunung nya pake ini aja","1917589251736363014","","jeyjoy69","in","","0","1","0","https://x.com/undefined/status/1917589251736363014","1753433987895435264",
"1917475507496706408","Wed Apr 30 14:37:30 +0000 2025","0","@convomf aturan mendaki gunung melewati lembah","1917589131275952271","","convomf","in","","0","0","0","https://x.com/undefined/status/1917589131275952271","1412003017151311874",
"1917588875020755308","Wed Apr 30 14:36:29 +0000 2025","18","Aaaaa thank you Kak Reva! @Reva_V1RST Maaf aku ngeblank parah semoga enggak trauma call sama aku huhu (*bonus gambar gunung legend buatan kak Reva️) #V1RSTCall https://t.co/A6g2thHbUH","1917588875020755308","https://pbs.twimg.com/media/Gpyk5dYaYAMAEvU.jpg","","in","","0","1","2","https://x.com/undefined/status/1917588875020755308","1804736005750321152",
"1917378014972895723","Wed Apr 30 14:36:26 +0000 2025","0","@winestrauz1991 @Valhallaah Keren memang! Batu kecapi di Gunung Padang yang bersuara mirip kecapi Sunda menunjukkan kehebatan leluhur Nusantara dalam seni dan spiritualitas. Gunung Padang situs megalitik berusia sekitar 2.000 tahun digunakan untuk ritual suci mencerminkan peradaban tinggi. Kecapi sendiri","1917588860353274218","","winestrauz1991","in","","1","0","0","https://x.com/undefined/status/1917588860353274218","1720665183188922368",
"1917588112529842454","Wed Apr 30 14:36:25 +0000 2025","0","@beeibeii Di gunung kawi","1917588858755244333","","beeibeii","tl","","0","0","0","https://x.com/undefined/status/1917588858755244333","1267310423407079425",
"1917588407573963079","Wed Apr 30 14:34:38 +0000 2025","15","naik gunung kali ini kok rapi bgt nih diliat2 hmm","1917588407573963079","","","in","","0","1","1","https://x.com/undefined/status/1917588407573963079","1256807434363875330",
"1917574723640213808","Wed Apr 30 14:32:59 +0000 2025","3","@tanyarlfes Dah cus blok aja Terus km happy2 di jepang Melihat bunga sakura Foto2 dgn gunung fuji Semangat menjalani hari","1917587993940091230","","tanyarlfes","in","","0","0","0","https://x.com/undefined/status/1917587993940091230","472074838",
"1917576345686794319","Wed Apr 30 14:32:17 +0000 2025","0","@msboi_ seperti nya bro ini sudah bosen sunrise an di gunung","1917587818601394526","","msboi_","in","","0","1","0","https://x.com/undefined/status/1917587818601394526","1279741132209942529",
"1917587618084315401","Wed Apr 30 14:31:31 +0000 2025","62","[250430] - - aku udah nahan banget loh ini pas liat kalian malah bilang kayak gunung berapi tapi kayaknya apa pun yang kulakukan sepertinya kalian selalu bisa aja nemuin hal-hal buat godain aku.... haaaaa! &gt;&lt;wkwkwkwk","1917587623775986022","","kawanbaekhyun","in","","0","0","9","https://x.com/undefined/status/1917587623775986022","1373599868208357376",
"1917587618084315401","Wed Apr 30 14:31:30 +0000 2025","61","[250430] - itu bukan gunung berapi....^^ haaaaaa! &gt;&lt; ㅋㅋㅋㅋㅋㅋㅋㅋㅋㅋ tapi kenapa sih kalian malah cari-cari hal buat godain aku setiap kali teaser muncul!","1917587620290519406","","kawanbaekhyun","in","","2","1","9","https://x.com/undefined/status/1917587620290519406","1373599868208357376",
"1916830050416206264","Wed Apr 30 14:31:22 +0000 2025","0","Rentetan yang aku juga rasakan akhir-akhir ini. Doaku Semoga aku tetap waras Makanya ga heran sih untuk menghindari rasa muak itu aku ga pernah mau stay di gunung kalau pas tanggal merah. Secapek apapun pokok gw harus ke Bogor Kota https://t.co/kXkZlIQxho","1917587587423953398","https://pbs.twimg.com/media/GpyjvsLaYAE3V82.jpg","pynoy74","in","","0","0","0","https://x.com/undefined/status/1917587587423953398","1535984274",
"1917587142978724096","Wed Apr 30 14:29:36 +0000 2025","0","ada yg mau jaga lilin ga ntar malem? aku mau cari duit buat beli gunung","1917587142978724096","","","in","","0","4","0","https://x.com/undefined/status/1917587142978724096","896440063130652673",
"1917378014972895723","Wed Apr 30 14:29:23 +0000 2025","1","@winestrauz1991 @Valhallaah Situs Gunung Padang dan batu kecapi memang warisan leluhur Indonesia yang tak ternilai. Gunung Padang dengan teras megalitnya menunjukkan kehebatan teknik nenek moyang kita dan memiliki makna spiritual bagi masyarakat Sunda. Batu kecapi yang mengeluarkan suara mirip alat musik","1917587086540177890","","winestrauz1991","in","","0","1","1","https://x.com/undefined/status/1917587086540177890","1720665183188922368",
"1917586980814348785","Wed Apr 30 14:28:57 +0000 2025","0","Pengen naik/main ke gunung lagi tapi kenapa masih hujan begini sih?","1917586980814348785","","","in","","0","0","0","https://x.com/undefined/status/1917586980814348785","554297451",
"1917586192696238547","Wed Apr 30 14:28:29 +0000 2025","1","Melalui minatnya itu Matroni membangun hubungan lebih dekat sebagai polisi dengan warga sekitar. Tak hanya itu Matroni memimpin pertunjukan massal Tari Gugur Gunung dan Sluku-Sluku Bathok dengan ribuan peserta di Alun-alun Kota Magelang pada 2022.","1917586861008302299","","hmsresmglkota","in","","0","1","0","https://x.com/undefined/status/1917586861008302299","1243072763381698562",
"1917580560672944591","Wed Apr 30 14:28:07 +0000 2025","0","@Bailification @brokenwheeI dia lagi sibuk eksplor gunung baru","1917586769295597779","","Bailification","in","","0","1","0","https://x.com/undefined/status/1917586769295597779","1788157497196642304",
"1917573427084550362","Wed Apr 30 14:27:56 +0000 2025","0","@kegblgnunfaedh Awas aja kalo sampe gak kedaki tuh gunung","1917586721765744971","","kegblgnunfaedh","in","","0","1","0","https://x.com/undefined/status/1917586721765744971","1538005939294711812",
"1917586706192294182","Wed Apr 30 14:27:52 +0000 2025","8","#Sabah Timbalan Menteri Komunikasi Teo Nie Ching bersama ahli rombongan yang menyertai lawatan ke Pos Malaysia di Panalaban hari ini. Teo berkata langkah penambahbaikan perkhidmatan pos di Gunung Kinabalu akan memberi manfaat kepada pelancong terutama dalam memastikan kualiti https://t.co/Crtuji18le","1917586706192294182","https://pbs.twimg.com/media/Gpyi8WHaYAMu71O.jpg","","in","","0","0","5","https://x.com/undefined/status/1917586706192294182","106669711",
"1917378014972895723","Wed Apr 30 14:27:22 +0000 2025","0","@Valhallaah Warisan leluhur kita Indonesia tak ternilai harganya Situs Gunung Padang dan batu kecapi adalah warisan leluhur yang tak ternilai iya kan @grok","1917586581998948447","","Valhallaah","in","","0","1","0","https://x.com/undefined/status/1917586581998948447","1793511578182332416",
"1917586372350861694","Wed Apr 30 14:26:32 +0000 2025","0","NAK QRT TWEET MIRA TAPI TAK BOLEH HADUH TAPI YA KENAPA KENA PENAT MINTAK TDS KAT MALAYSIA EH BUKANNYA KENA PANJAT GUNUNG PON","1917586372350861694","","","in","","0","1","0","https://x.com/undefined/status/1917586372350861694","1876191509839790081",
"1917586304013066260","Wed Apr 30 14:26:16 +0000 2025","1","Sambut Hari Buruh 2025 KSPSI Kalteng Bagikan Sembako untuk Buruh di Palangka Raya dan Gunung Mas https://t.co/YhuSeCfIsg","1917586304013066260","","","in","","0","0","0","https://x.com/undefined/status/1917586304013066260","1864914358947713026",
"1917586301777502269","Wed Apr 30 14:26:16 +0000 2025","1","GUNUNG KEMBANG GUE READY BANGET WISH ME LUCK ","1917586301777502269","","","in","","0","0","0","https://x.com/undefined/status/1917586301777502269","1549416056871342082",
"1917586146659557465","Wed Apr 30 14:25:39 +0000 2025","0","ingin menerjang gunung dan laut","1917586146659557465","","","in","","1","0","0","https://x.com/undefined/status/1917586146659557465","1259829387454631937",
"1917578655997612292","Wed Apr 30 14:07:40 +0000 2025","0","@vielliecht jangan itu aslinya walid yang mau cari Puteri Gunung Ledang tapi kecantol sama Pangeran Gunung Kinabalu eum..","1917581623006224618","","","in","","0","0","0","https://x.com/undefined/status/1917581623006224618","1840209736278650881",
"1917579610654666945","Wed Apr 30 14:06:41 +0000 2025","0","Anjir ternyata emg beneran blio... udh bener jdi konten kreator naik gunung malah jdi penjoki anjir otw unfoll hufttt","1917581376473424236","","ourminerva","in","","0","1","0","https://x.com/undefined/status/1917581376473424236","1254439613961080834",
"1917551432557027380","Wed Apr 30 14:06:02 +0000 2025","0","@onic_esports Coach yeb turun gunung anjay adi udah gak mampu wkwkwk","1917581213474381952","","onic_esports","in","","0","0","0","https://x.com/undefined/status/1917581213474381952","1765615239234797568",
"1917581073049083955","Wed Apr 30 14:05:29 +0000 2025","0","Cuaca di Yogya cerah! Gunung Merapi dan Merbabu terpantau dari kejauhan cakep broo https://t.co/DZ9PHXLcBd","1917581073049083955","https://pbs.twimg.com/media/Gpyd0eha4AA0Sw2.jpg","","in","","0","0","0","https://x.com/undefined/status/1917581073049083955","1761984182144868353",
"1917580380410110258","Wed Apr 30 14:05:05 +0000 2025","0","@irene_baer Gunung sebrang pulau tidak terlihat matahari di pelupuk mata..... SILAU KAK ","1917580971114918182","","irene_baer","in","","0","0","0","https://x.com/undefined/status/1917580971114918182","1696342142023761920",
"1917580807750967771","Wed Apr 30 14:04:26 +0000 2025","0","Kalau kwn2 mai tanya tmpt menarik kt alor setar tak tau nk habaq mana. Klu tempat mkn sedap mmg banyak. Lagi satu dari alor setar nak pi tourist attraction jauh cth gunung jerai dah 45-1hr drive. Langkawi kena naik feri. For alor setar itself mmg xbyk tmpt pelancongan.","1917580807750967771","","","in","","0","0","0","https://x.com/undefined/status/1917580807750967771","232076331",
"1917580589433344443","Wed Apr 30 14:03:34 +0000 2025","0","kalo ada preloved sepatu gunung celana cargo atau gorpcore tawarin ya","1917580589433344443","","","in","","0","5","0","https://x.com/undefined/status/1917580589433344443","1810216041341181952",
"1917580566549127193","Wed Apr 30 14:03:28 +0000 2025","16","Naik gunung rambutnya mesti di stylist ya ul btw GANTENG BANGET BANG","1917580566549127193","","","in","","0","1","3","https://x.com/undefined/status/1917580566549127193","1716519667731476480",
"1917563267939197083","Wed Apr 30 14:02:54 +0000 2025","0","@puliciindiaaaaa Gunung payung bali","1917580422269264066","","puliciindiaaaaa","tl","","0","0","0","https://x.com/undefined/status/1917580422269264066","868037784",
"1915539737605189921","Wed Apr 30 14:02:02 +0000 2025","0","@Ccookk_ mas yg bisa turun deket ciluengsi/gunung putri naek apa ya ?","1917580204215788014","","Ccookk_","in","","0","1","0","https://x.com/undefined/status/1917580204215788014","479766947",
"1917579957972394328","Wed Apr 30 14:01:03 +0000 2025","0","SUNTUK BGT WOI PENGEN NAIK GUNUNG LAGIIIIII ","1917579957972394328","","","in","","0","0","0","https://x.com/undefined/status/1917579957972394328","1100364042554638336",
"1917579804251152490","Wed Apr 30 14:00:26 +0000 2025","25","mau main ke pantai atau naik gunung? https://t.co/NchNfBAuLI","1917579804251152490","https://pbs.twimg.com/media/GpycqP1aYAAqH_7.jpg","","in","","0","1","0","https://x.com/undefined/status/1917579804251152490","1586601822072213506",
"1917579524293951579","Wed Apr 30 13:59:20 +0000 2025","1","pengen deh sekolah di daerah lereng gunung","1917579524293951579","","","in","","0","0","0","https://x.com/undefined/status/1917579524293951579","1897620000946724864",
"1917579420602360280","Wed Apr 30 13:58:55 +0000 2025","0","Mariam Astrulabi : Astrolab adalah sebuah komputer astronomi kuno yang dapat mengukur ketinggian benda langit jarak antar bintang pengamatan astronomi waktu dan navigasi ketinggian gunung. Inovasi Mariam juga menjadi pondasi pengelolaan transportasi jalur komunikasi &amp; GPS. https://t.co/HYBdqALZLx","1917579420602360280","https://pbs.twimg.com/ext_tw_video_thumb/1917579259314593792/pu/img/O_XdScJmE8RHJl4u.jpg","","in","","0","0","0","https://x.com/undefined/status/1917579420602360280","1522843286297325568",
"1917539088762126518","Wed Apr 30 13:58:46 +0000 2025","0","@thvjkim_ Iyalah sepi coba klok taehyung yg post apa gak se base se akun2 gede pada turun gunung pada ngebacod kek org marathon wkwkwk","1917579383004422229","","thvjkim_","in","","0","0","0","https://x.com/undefined/status/1917579383004422229","1805247032862330880",
"1917579312590475382","Wed Apr 30 13:58:29 +0000 2025","2","Nepal berencana memberlakukan aturan baru pendakian Gunung Everest dengan membatasi izin hanya bagi pendaki berpengalaman. Kebijakan ini bertujuan mengurangi kepadatan meningkatkan keselamatan serta menjaga kelestarian lingkungan di tengah lonjakan jumlah pendaki. Selain itu https://t.co/nF60sGL3ve","1917579312590475382","https://pbs.twimg.com/media/GpycMnDXkAA9jMj.jpg","","in","","0","0","0","https://x.com/undefined/status/1917579312590475382","47596019",
"1917528365327675797","Wed Apr 30 13:58:18 +0000 2025","0","@AdeKikiSumarna1 gunung apatuu","1917579266046451845","","AdeKikiSumarna1","in","","0","1","0","https://x.com/undefined/status/1917579266046451845","790016888721985537",
"1917571138403852642","Wed Apr 30 13:56:38 +0000 2025","0","@TamuHarsha @TamuNoell GUE BISA LIAT INI PENUNGGU GUNUNG ARJUN YANG NGERASUKIN","1917578845261291888","","hey_yushi","in","","0","1","0","https://x.com/undefined/status/1917578845261291888","1888895188451618816",
"1917578760762589430","Wed Apr 30 13:56:18 +0000 2025","0","Merasa Berada di Alam Gaib Pendaki Wanita Ini Tersesat Selama 4 Jam di Gunung Bulu Bialo https://t.co/9N2MBfynTm","1917578760762589430","","","in","","0","0","0","https://x.com/undefined/status/1917578760762589430","89877164",
"1917578542524817900","Wed Apr 30 13:55:26 +0000 2025","0","Besok mau mendaki gunung kecil sendirian","1917578542524817900","","","in","","0","0","0","https://x.com/undefined/status/1917578542524817900","1794222577583624192",
"1917572796982743060","Wed Apr 30 13:54:54 +0000 2025","0","@OAsantuy Ga sabar mau naik gunung sama km lagi by","1917578411234713768","","OASantuy","in","","0","0","0","https://x.com/undefined/status/1917578411234713768","1682946043279998976",
"1917578386920333700","Wed Apr 30 13:54:48 +0000 2025","0","pembicaraan paling seru sama ortu ya bicara buat izin mendaki sama cari tau bagaimana kondisi gunung sama cari tau lewat jalur mana yang mudah jalannya landai apa terjal ada mata air apa tidak makasih buat kedua orang tua selalu support dalam kondisi yang ga gampang ini ","1917578386920333700","","","in","","0","0","0","https://x.com/undefined/status/1917578386920333700","1222082022417416193",
"1917578296608579920","Wed Apr 30 13:54:27 +0000 2025","0","KAMBING GUNUNG ANONIM https://t.co/2YwZ0GPiFw","1917578296608579920","https://pbs.twimg.com/media/GpybS6uaYAABU--.jpg","","tl","","0","0","0","https://x.com/undefined/status/1917578296608579920","1382937641117618176",
"1917572206001021029","Wed Apr 30 13:54:12 +0000 2025","1","@Ebuselmnbelarus @mongolsiscoming aduhai takutnya Mujahidin Uzbek turun gunung cikkk","1917578233010418010","","Ebuselmnbelarus","in","","0","1","0","https://x.com/undefined/status/1917578233010418010","1767808985263128576",
"1917575630268559644","Wed Apr 30 13:53:34 +0000 2025","0","MULAI YA Disebuah desa yg terpencil disikil gunung terdapat sebuah kampung yg bernama kampung belah duren kampung yg tentram dan damai itu tidak berlangsung lama karena ada desus2 kalau ada manusia seringgila auuuuuuuu https://t.co/EzT72JtaGF","1917578075434549703","https://pbs.twimg.com/tweet_video_thumb/GpybF2UbcAAEMtc.jpg","KAMPUNG_WW","in","","0","1","0","https://x.com/undefined/status/1917578075434549703","1604123324736344064",
"1915962101589545459","Wed Apr 30 13:52:54 +0000 2025","0","@aerichann segede gunung wkkw","1917577905288405508","","aerichann","in","","0","1","0","https://x.com/undefined/status/1917577905288405508","2321647562",
"1917576738621776260","Wed Apr 30 13:51:57 +0000 2025","0","@ikarbertweet Pagi pergi Gunung Jerai. Petang pergi Tanjung Dawai.","1917577668335394943","","ikarbertweet","in","","0","0","0","https://x.com/undefined/status/1917577668335394943","1008609610226270210",
"1917180113881563146","Wed Apr 30 13:51:42 +0000 2025","0","@rimapurwasih Akan berakhir drama yg luar biasa di bangun. Semoga Akan terjadi RESTORATIVE JUSTICE. karena regulasi dasar hukumnya adalah DELIK ADUAN. MARI KITA TUTUP BUKU. dan kembali ke pangkuan Pertiwi . Tarian jari di atas android menunjukan bahwa suara ini dari lereng gunung Wilis.","1917577605836071296","","ediganthol","in","","0","0","0","https://x.com/undefined/status/1917577605836071296","1832686031667392514",
"1917577379498930440","Wed Apr 30 13:50:48 +0000 2025","19","Kepala BIN Sutiyoso hrs berjalan kaki 4 jam ke tempat pertemuan &amp; menginap di rumah Din Minimi demi misinya berhasil Din beserta 120 anak buahnya bersedia turun gunung. Din menyerahkan 13 pucuk senjata AK-47 1 pucuk SS1 1 pucuk FNC &amp; dan 1 pucuk pelontar granat ■Tugas BIN https://t.co/XP1NGgtHzd","1917577379498930440","https://pbs.twimg.com/ext_tw_video_thumb/1917577187357777920/pu/img/ZhmikEwsu4Pmubew.jpg","","in","","0","0","10","https://x.com/undefined/status/1917577379498930440","545264533",
"1917576890040332460","Wed Apr 30 13:49:04 +0000 2025","0","Namanya berarti Gua Sungai Gunung dalam bahasa Vietnam dan tempat ini menyimpan keindahan alami purba dan mistis yang luar biasa seolah-olah membawa kita ke dunia lain yang belum pernah dijelajahi manusia. HAPPY ONE MONTHSARY #MyGoldenBloodEP8","1917576942297178120","","emazuraa","in","","0","0","0","https://x.com/undefined/status/1917576942297178120","1742153816722837504",
"1917576738621776260","Wed Apr 30 13:48:15 +0000 2025","12","Esok nak naik gunung Jerai ke Pergi Tanjung Dawai ke mandi air sungai kat Yan ke pergi Shopping mall dekat Penang?","1917576738621776260","","","in","","0","15","1","https://x.com/undefined/status/1917576738621776260","187309377",
"1917180113881563146","Wed Apr 30 13:47:49 +0000 2025","0","@rimapurwasih Buzzer tangguh dari luar pemerintahan dan dari dalam. Lengkap sudah penilaian secara harfiah penampilan dan kemampuan. Namun Selain yg di atas kehebatannya sangat menonjol rentan akan prestasi . Dg kejujuran dan keberanian nya mengambil sikap tegasnya. Semoga dg turun gunung akan","1917576628328358096","","ediganthol","in","","0","1","0","https://x.com/undefined/status/1917576628328358096","1832686031667392514",
"1917576447226699796","Wed Apr 30 13:47:06 +0000 2025","0","ada celana outdoor atau jaket buat naik gunung ga yaaa","1917576447226699796","","","in","","0","2","0","https://x.com/undefined/status/1917576447226699796","1422844537731358726",
"1917576143936663809","Wed Apr 30 13:45:54 +0000 2025","0","Pelantikan Dan Pengembaraan Bantara Kelas 4 TMI di Gunung Papandayan Garut Sabtu 26 April 2025 https://t.co/IzkuFLpOZ4","1917576143936663809","https://pbs.twimg.com/media/GpyZUptaYAEac__.jpg","","in","","0","0","0","https://x.com/undefined/status/1917576143936663809","1683518753676615681",
"1917575913203696113","Wed Apr 30 13:44:59 +0000 2025","0","Jember (29/4) - Bupati Probolinggo dr. Muhammad Haris bersama jajaran melakukan kunjungan kerja ke Kebun Gunung Gambir PTPN I Regional 5. https://t.co/xzUQXf4NRM","1917575913203696113","https://pbs.twimg.com/ext_tw_video_thumb/1917575844471660545/pu/img/iRnDngH-6WlExkZm.jpg","","in","","0","0","0","https://x.com/undefined/status/1917575913203696113","1342157268",
"1917573409061626063","Wed Apr 30 13:44:58 +0000 2025","0","@Mybabythvk Segede gunung gt apa muat? ","1917575912029315246","","Mybabythvk","in","","0","1","0","https://x.com/undefined/status/1917575912029315246","1603212764742238208",
"1917362296176927023","Wed Apr 30 13:44:53 +0000 2025","0","@daavvddd @wnisekai Api biru di Gunung Ijen bukan buatan manusia melainkan fenomena alam. Ini terjadi karena pembakaran gas belerang yang keluar dari gunung berapi pada suhu tinggi (hingga 600°C) menghasilkan nyala biru saat bertemu udara. Meski ada anggapan bahwa penduduk lokal meningkatkannya","1917575890772582911","","daavvddd","in","","0","0","0","https://x.com/undefined/status/1917575890772582911","1720665183188922368",
"1917575773659226270","Wed Apr 30 13:44:25 +0000 2025","0","Pelepasan Peserta Pengemberaan &amp; Pelantikan Bantara di Gunung Papandayan Garut Kamis 24 April 2025 https://t.co/Jk6E3Gd42N","1917575773659226270","https://pbs.twimg.com/media/GpyY-8HasAAPncb.jpg","","in","","0","0","0","https://x.com/undefined/status/1917575773659226270","1683518753676615681",
"1917362296176927023","Wed Apr 30 13:42:48 +0000 2025","0","@wnisekai @grok apakah api blue fire gunung ijen buatan manusia?","1917575364697808995","","wnisekai","in","","0","1","0","https://x.com/undefined/status/1917575364697808995","712276280",
"1917575336772133027","Wed Apr 30 13:42:41 +0000 2025","2","Mazmur 95 : 1 Marilah kita bersorak-sorai untuk TUHAN bersorak-sorak bagi gunung batu keselamatan kita. https://t.co/kZtJu5CWOn","1917575336772133027","","","in","","0","1","1","https://x.com/undefined/status/1917575336772133027","1467860961058910216",
"1917433777904590976","Wed Apr 30 13:40:42 +0000 2025","1","@Sipalingayuuu @apaliat2x @tanyarlfes main roblox ajaaa ka seruu apalgi main expedisi antartica everest naik gunung gitu","1917574835179511851","","Sipalingayuuu","in","","0","0","0","https://x.com/undefined/status/1917574835179511851","1393245667896688642",
"1917536086223643122","Wed Apr 30 13:40:20 +0000 2025","0","@dkhues @varvues IYA MASIH FOKUS INI BINGUNG ATAS TAPI DASAR gunung?","1917574742720274662","","txsZEL","in","","0","1","0","https://x.com/undefined/status/1917574742720274662","1886385545150136320",
"1917574532292042828","Wed Apr 30 13:39:29 +0000 2025","1","#ranau Satu pengalaman yang sangat indah apabila berjaya menawan puncak Gunung Kinabalu buat kali kedua kata Timbalan Menteri Komunikasi Teo Nie Ching. https://t.co/dow2XxBaC9","1917574532292042828","","","in","","0","0","0","https://x.com/undefined/status/1917574532292042828","63070015",
"1917574414314389640","Wed Apr 30 13:39:01 +0000 2025","0","Buang sampah sembarangan di Gunung Lawu pendaki ini ditimpuk batu dari atas pohon dan melihat kuntilanak tertawa. Simak cerita misteri ini. https://t.co/6AZXGM04h4","1917574414314389640","","","in","","0","0","0","https://x.com/undefined/status/1917574414314389640","1404018642",
"1917452858313826534","Wed Apr 30 13:37:54 +0000 2025","0","@wardanabagus @sbyfess Info reuni merusak alam via naik gunung.","1917574133472452658","","wardanabagus","in","","0","0","0","https://x.com/undefined/status/1917574133472452658","270045710",
"1917573892186726537","Wed Apr 30 13:36:57 +0000 2025","3","Puteri gunung ledang dulu permintaan tinggi sebab dia taknak kahwin soooo.. IDK lah.","1917573892186726537","","","in","","0","0","1","https://x.com/undefined/status/1917573892186726537","1430926988",
"1917573831620976799","Wed Apr 30 13:36:42 +0000 2025","0","langsung turun gunung gini bjir","1917573831620976799","","","in","","0","0","0","https://x.com/undefined/status/1917573831620976799","706323998775201792",
"1917573776080003432","Wed Apr 30 13:36:29 +0000 2025","0","Ke gunung petantang petenteng bawa kamera lg nieh last year hunt di prau ama bagas beuh milkywaynya gurih https://t.co/giFyACZ6YW","1917573776080003432","https://pbs.twimg.com/media/GpyXLp2bQAAiCwx.jpg","","in","","0","1","0","https://x.com/undefined/status/1917573776080003432","841990888129675265",
"1917551432557027380","Wed Apr 30 13:36:25 +0000 2025","0","@onic_esports buset turun gunung","1917573757625065820","","onic_esports","in","","0","0","0","https://x.com/undefined/status/1917573757625065820","1226830532438183937",
"1917568579500920849","Wed Apr 30 13:35:17 +0000 2025","1","@Adhiekur121 naik gunung sehari doang agak capek juga ya rasanya skip dulu dah ka","1917573475239354861","","Adhie_ak","in","","0","2","0","https://x.com/undefined/status/1917573475239354861","1472880806578122758",
"1917573405873955188","Wed Apr 30 13:35:01 +0000 2025","0","moment mengejutkan bulann iniii adalahhhhhh bokap ngajak naik gunung. sekali lagi NAIK GUNUNG + NGECAMP NO TEKTOK","1917573405873955188","","","in","","0","0","0","https://x.com/undefined/status/1917573405873955188","1263817085836132352",
"1917433777904590976","Wed Apr 30 13:35:00 +0000 2025","0","@likeualittle @tanyarlfes @phamtays ohh susahan everest sih gunung stresss","1917573403294458205","","likeualittle","in","","0","1","0","https://x.com/undefined/status/1917573403294458205","1421455975253377026",
"1917573399817379867","Wed Apr 30 13:34:59 +0000 2025","1","Gi kah langkawi nuuu. Pasar rabu Baik gunung apa tah..lupa Gi sedim. Hp kan ada..tanya jer cik gugel..","1917573399817379867","","","in","","0","0","0","https://x.com/undefined/status/1917573399817379867","1008338844335276032",
"1917538305073373657","Wed Apr 30 13:34:20 +0000 2025","0","@ayyuaspita19 Aura mistis gunung galunggung nya kerasa banget teh","1917573234217873911","","ayyuaspita19","in","","0","0","0","https://x.com/undefined/status/1917573234217873911","2757790193",
"1917568192928702745","Wed Apr 30 13:33:29 +0000 2025","0","@ihaniecorner karena tarzan dan gunung adalah suatu kesatuan","1917573022426489176","","ihaniecorner","in","","0","1","0","https://x.com/undefined/status/1917573022426489176","1823264886828457985",
"1916844594937135150","Wed Apr 30 13:33:19 +0000 2025","0","@sssoobinn gunung mana? eperest kah??? ","1917572980261150886","","chanyohng","tl","","0","0","0","https://x.com/undefined/status/1917572980261150886","765518446993903616",
"1917572180117971288","Wed Apr 30 13:33:19 +0000 2025","0","Gw kalo liburan buat naik gunung liat pantai gunung di alam bebas gitu malah biasa aja sumpah tapi kalo ke museum atau explore benda2 bersejarah (gak musti ke alam) malah nggak ada capeknya.. pengen ngulik terus","1917572976813433096","","ranacuy","in","","0","0","0","https://x.com/undefined/status/1917572976813433096","1017478661413326848",
"1917568579500920849","Wed Apr 30 13:33:17 +0000 2025","1","@Adhan_ran Ke gunung enak kayaknya kak","1917572968458379398","","Adhan_ran","in","","0","1","0","https://x.com/undefined/status/1917572968458379398","1134725334572474370",
"1917572950682919196","Wed Apr 30 13:33:12 +0000 2025","1","disana gunung disini gunung https://t.co/0m7X3LuAJj","1917572950682919196","https://pbs.twimg.com/media/GpyWTV6boAARGyJ.png","","in","","0","0","0","https://x.com/undefined/status/1917572950682919196","1891807620962582528",
"1917448258567430227","Wed Apr 30 13:33:09 +0000 2025","0","@bagindo_kopi Halo @BNI bang yos kan pernah jd komandan kelen apa g ada anggota y minat ngarungin boneka dekil gini?? @RWWReborn @TheEagle_BEN","1917572938297139491","","bagindo_kopi","in","","0","0","0","https://x.com/undefined/status/1917572938297139491","1701624074877984768",
"1917558660420755913","Wed Apr 30 13:32:58 +0000 2025","0","@OAsantuy Mau ditumbalin ngga? Biar gausah turun gunung :(","1917572889769042061","","OASantuy","in","","0","0","0","https://x.com/undefined/status/1917572889769042061","1618601078903263236",
"1917572844336341029","Wed Apr 30 13:32:47 +0000 2025","0","New post (Gunung Talau Diuji Jadi Lokasi Paralayang Bupati Pessel: Akan Dikembangkan Jadi Destinasi Nasional) has been published on hantaran - https://t.co/81N7VEhIwj https://t.co/tlekONO95T","1917572844336341029","https://pbs.twimg.com/media/GpyWVupa4AE9Ste.jpg","","in","","0","0","0","https://x.com/undefined/status/1917572844336341029","1379860091126513666",
"1917558660420755913","Wed Apr 30 13:32:06 +0000 2025","0","@Heeteung biar kelen bisa bangun tepat waktu ntar tetinggal di gunung","1917572671644262765","","Hisengl","in","","0","0","0","https://x.com/undefined/status/1917572671644262765","1821019650844717057",
"1917571576448581908","Wed Apr 30 13:31:49 +0000 2025","0","@00ceanblvd diatas gunung","1917572602643743156","","00ceanblvd","in","","0","1","0","https://x.com/undefined/status/1917572602643743156","701440675598901248",
"1917572305640906807","Wed Apr 30 13:30:39 +0000 2025","1","naek gunung paling ngasal jujur ️","1917572305640906807","","","in","","0","2","0","https://x.com/undefined/status/1917572305640906807","1821422374824349696",
"1917565044247912742","Wed Apr 30 13:30:09 +0000 2025","0","@ofkarwina jauh banget gunung fuji rin ","1917572181028229269","","ofkarwina","in","","0","0","0","https://x.com/undefined/status/1917572181028229269","1228103286512701441",
"1917558802314059972","Wed Apr 30 13:29:50 +0000 2025","0","@anosora_ww hahahahaha itu gambaran aku kalo naik gunung isi tas kecil cuma hp sama sama tisu buat lap keringet ","1917572101567045690","","anosora_ww","in","","0","1","0","https://x.com/undefined/status/1917572101567045690","1259117889019187200",
"1917571974106341424","Wed Apr 30 13:29:20 +0000 2025","3","Menyusuri sungai menuju Kawah Gunung Lawu bersama anak-anak. Medannya cukup menantang. https://t.co/bV8nRO72Jn","1917571974106341424","https://pbs.twimg.com/ext_tw_video_thumb/1917571718903902208/pu/img/UBKBsYtJJHnC7uWp.jpg","","in","","0","1","0","https://x.com/undefined/status/1917571974106341424","158660810",
"1917494547531325759","Wed Apr 30 13:29:13 +0000 2025","0","@TNKRNism @marchmarsaries Malah salah satu tempat persinggahan gen 5 pas muncak (kayak rumah camp di gunung) itu milih saudaranya anak gen 6","1917571946302300625","","tenkarinist","in","","0","1","0","https://x.com/undefined/status/1917571946302300625","991584646893748226",
"1917571873300439393","Wed Apr 30 13:28:56 +0000 2025","0","Cek SPEEDS Kursi Lipat Outdoor Portable Kursi Camping Folding Chair Gunung Kemah Mudah LX 031-14 dengan harga Rp56.700. Dapatkan di Shopee sekarang! https://t.co/wlLit0xmdV https://t.co/Hz1QxqOGfl","1917571873300439393","https://pbs.twimg.com/media/GpyVc4xaYAAjiEA.jpg","","in","","0","0","0","https://x.com/undefined/status/1917571873300439393","2835767844",
"1917408113399062821","Wed Apr 30 13:27:04 +0000 2025","11","@lil_nabil_ Bukan. Nama perfume yg diinspirasi oleh gunung ni. Mont Blanc Chamonix dah popular since 18th century. Tp brand Mont Blanc pula tahun 1906 itu pun start dgn business Pen dulu sblm popular dgn perfume. *source: Chatgpt","1917571404062458041","","lil_nabil_","in","","0","0","0","https://x.com/undefined/status/1917571404062458041","1369505570521149440",
"1917571219173564527","Wed Apr 30 13:26:20 +0000 2025","0","Mbah apa anda kagak pengen bikin film genre Historical kayak Tutur Tinular misteri gunung merapi Angling dharma dll. Genre ini udah sirna di dunia perfilman Indonesia.","1917571219173564527","","","in","","0","0","0","https://x.com/undefined/status/1917571219173564527","1248530696898924546",
"1917571079872340250","Wed Apr 30 13:25:46 +0000 2025","1","If you dah tahu you nak pergi wedding kawan you or relatives you kat Kedah buat la survey dulu Kedah ada apa. You from KL datang Pekan Rabu and makan Shawarma? Masjid Zahir Menara Alor Setar Gunung Jerai Pantai Merdeka Kokdiang etc. jangan kau pergi lorong keretapi sudah","1917571079872340250","","","in","","0","2","0","https://x.com/undefined/status/1917571079872340250","86694421",
"1917570991393484890","Wed Apr 30 13:25:25 +0000 2025","0","Knp ak hrus mnjdi anak gunung si bgst ahhhhh cape bgt jd kalau bm bm gt jauh kontolll","1917570991393484890","","","in","","0","0","0","https://x.com/undefined/status/1917570991393484890","1173249799446884352",
"1917178333907091677","Wed Apr 30 13:25:23 +0000 2025","0","@melanieppuchino Waw abis berapa itu kak? Aku rumahnya di deket gunung aja setangkai 8rb","1917570981545259108","","melanieppuchino","in","","0","0","0","https://x.com/undefined/status/1917570981545259108","1052034961379745792",
"1917570712044462222","Wed Apr 30 13:24:19 +0000 2025","2","gunung semeru lagi batuk ya ini?","1917570712044462222","","","in","","0","0","0","https://x.com/undefined/status/1917570712044462222","1577212590841032704",
"1917570163588870428","Wed Apr 30 13:22:08 +0000 2025","2","This kind of view yang kita takkan nampak kat KL. I start kereta beli air kelapa beli keropok lekor. Park dekat tepi jalan depan gunung sebelah sawah padi OMG the view is damn naise tgk sunset lepastu balik.","1917570163588870428","","","in","","0","0","2","https://x.com/undefined/status/1917570163588870428","81081270",
"1917570004419240395","Wed Apr 30 13:21:30 +0000 2025","0","Cek ANTARESTAR Official - Daypack Cartenz Tas Ransel Gunung Outdoor Travel Backpack Terbaru Daypack dengan harga Rp165.000. Dapatkan di Shopee sekarang! https://t.co/cNfmRkTgFA https://t.co/asjPFj28H1","1917570004419240395","https://pbs.twimg.com/media/GpyTwKhaYAER6g1.jpg","","in","","0","0","0","https://x.com/undefined/status/1917570004419240395","2835767844",
"1917446182038823251","Wed Apr 30 13:21:28 +0000 2025","0","@mencshester gunung sayung nya aj blm jd mw di pindah di mana nya aku ","1917569998123589663","","mencshester","in","","0","0","0","https://x.com/undefined/status/1917569998123589663","1665541439194021889",
"1917408113399062821","Wed Apr 30 13:21:04 +0000 2025","0","@ZacZakirin13 Damn dorang namakan gunung tu sempena nama perfume. Femes betul eh perfume tu","1917569896747356450","","ZacZakirin13","in","","0","1","0","https://x.com/undefined/status/1917569896747356450","3063899196",
"1917569683928277149","Wed Apr 30 13:20:14 +0000 2025","1","Inilah yang paling gua takutin tiap diajak naik gunung","1917569683928277149","","","in","","0","0","0","https://x.com/undefined/status/1917569683928277149","1114043175272730625",
"1917506740716757014","Wed Apr 30 13:19:30 +0000 2025","0","@kali_gunung @KediriFess lah warung tegal duduk wong jowo","1917569499609588184","","autophile_lux","in","","0","0","0","https://x.com/undefined/status/1917569499609588184","2502985116",
"1917569286333423994","Wed Apr 30 13:18:39 +0000 2025","0","emang wong gunung g cocok ngombe es","1917569286333423994","","","tl","","0","1","0","https://x.com/undefined/status/1917569286333423994","1130664928342302720",
"1917569216460513460","Wed Apr 30 13:18:22 +0000 2025","0","Aduh daritadi Gunung Padang Batujaya Belitung sambil DMPI PALA GUA MAU MELEDAKKKK","1917569216460513460","","","in","","0","0","0","https://x.com/undefined/status/1917569216460513460","1789637874692075520",
"1917569174219678003","Wed Apr 30 13:18:12 +0000 2025","0"," ke gunung halau halau yok noooo gue gelianan takut di igut pacat","1917569174219678003","","","in","","0","1","0","https://x.com/undefined/status/1917569174219678003","1687778690858688512",
"1917567957754077519","Wed Apr 30 13:16:49 +0000 2025","0","@4ozorra Apa apaaann baru juga kamu mati bentar dr gunung","1917568827405263367","","4ozorra","in","","0","1","0","https://x.com/undefined/status/1917568827405263367","848469410331238400",
"1917568759717584999","Wed Apr 30 13:16:33 +0000 2025","1","Sorry lagi mendaki gunung everst.. https://t.co/65qcscclyD","1917568759717584999","https://pbs.twimg.com/media/GpySn98aYAAiA9S.jpg","","in","","0","4","0","https://x.com/undefined/status/1917568759717584999","848469410331238400",
"1917568393005138418","Wed Apr 30 13:15:06 +0000 2025","0","Tidur di atas batu bekas tempat pesugihan pendaki ini mendadak kesurupan dan merangkak seperti macan Lawu di jalur Gunung Lawu. https://t.co/vIRRo1rSYQ","1917568393005138418","","","in","","0","0","0","https://x.com/undefined/status/1917568393005138418","1404018642",
"1917551432557027380","Wed Apr 30 13:14:29 +0000 2025","0","@onic_esports Cok turun gunung berarti tim juga tahu bahwa goat adi sangat butuh bimbingan","1917568237623206321","","onic_esports","in","","0","0","0","https://x.com/undefined/status/1917568237623206321","1108031478309384192",
"1917367174219624826","Wed Apr 30 13:12:55 +0000 2025","0","@Jelajahi_IDN kalau ada saljunya persis seperti gunung dijepan ..2025 gunung pada tenang . begitupun laut.","1917567845275427066","","Jelajahi_IDN","in","","0","0","0","https://x.com/undefined/status/1917567845275427066","1578939448523268097",
"1917567783015264545","Wed Apr 30 13:12:40 +0000 2025","1","lika liku beda hobi 180° ditinggal naik gunung️ https://t.co/tkGebI0t8t","1917567783015264545","https://pbs.twimg.com/media/GpyRumebUAAVGos.jpg","","in","","0","2","0","https://x.com/undefined/status/1917567783015264545","267580342",
"1917567732616491248","Wed Apr 30 13:12:28 +0000 2025","0","susah dpt pangsitnya soalnya dr gunung kawi brader","1917567732616491248","","","in","","0","0","0","https://x.com/undefined/status/1917567732616491248","1871880046207733761",
"1917567497072697681","Wed Apr 30 13:11:32 +0000 2025","0","baba yeba akhirnya turun gunung. head coach yg sebelum nya ga gawe kah? gede omongan doang","1917567497072697681","","","in","","0","1","0","https://x.com/undefined/status/1917567497072697681","1075674312718331905",
"1917565044247912742","Wed Apr 30 13:09:49 +0000 2025","0","@kimsumji Coba ak betapa di gunung fuji dlu kali ngyah nnie??","1917567063901765793","","kimsumji","in","","0","1","0","https://x.com/undefined/status/1917567063901765793","775746778050076673",
"1917527373312057630","Wed Apr 30 13:09:27 +0000 2025","0","@SylusConqueror Sylus anak gunung","1917566971400577308","","SylusConqueror","in","","0","0","0","https://x.com/undefined/status/1917566971400577308","1327080287432413185",
"1917566909291323903","Wed Apr 30 13:09:12 +0000 2025","0","Tas ransel gunung yang bagus tapi murah merk apa yaaaaaa?","1917566909291323903","","","in","","0","10","0","https://x.com/undefined/status/1917566909291323903","1115649939432923136",
"1917566850948554986","Wed Apr 30 13:08:58 +0000 2025","0","guysss ada yg inget ga kenapa ayang huacheng mutusin buat jadi iblis pdhl waktu itu dia sempet ditawarin jadi dewa setelah nyelametin orang di gunung tonglu? walau + nya jadi dapet weapon kuat ","1917566850948554986","","","in","","0","1","0","https://x.com/undefined/status/1917566850948554986","1343352462418186240",
"1917566707251699807","Wed Apr 30 13:08:24 +0000 2025","0","Mau naik gunung butuh sepatu tp harga sepatu nya mahal anyenggg seharga sekali naik gunung prau","1917566707251699807","","","in","","0","0","0","https://x.com/undefined/status/1917566707251699807","1410250102728396807",
"1917566008342241339","Wed Apr 30 13:05:37 +0000 2025","1","Lah itu kan khamila dj kakak2 influencer gunung yg sering fyp. barusan aku buka akun ige tiktoknya udah gak ada temen2nya gercep juga ya kolab konten yang bareng dia kolom komentarnya dimatikan","1917566008342241339","","","in","","0","1","0","https://x.com/undefined/status/1917566008342241339","1243818592174399488",
"1917565837579542991","Wed Apr 30 13:04:56 +0000 2025","0","ketua lagi rest ampe turun gunung anjing","1917565837579542991","","","in","","0","1","0","https://x.com/undefined/status/1917565837579542991","1572562313567432705",
"1917559811346161888","Wed Apr 30 12:46:27 +0000 2025","1","@aphrowie ini sih tentang tersesat di gunung https://t.co/LClGjPhxg9","1917561182590062797","https://pbs.twimg.com/media/GpyLu1EbYAAVrkm.jpg","aphrowie","in","","0","1","0","https://x.com/undefined/status/1917561182590062797","1255125076745129984",
"1917560921049948557","Wed Apr 30 12:45:24 +0000 2025","0"," Ada Gunung di Dasar Laut yang Lebih Tinggi dari Gunung di Daratan Gunung laut seperti Mauna Kea di Hawaii sebenarnya lebih tinggi dari Gunung Everest jika diukur dari dasar laut. HAPPY ONE MONTHSARY #MyGoldenBloodEP8","1917560921049948557","","","in","","0","0","0","https://x.com/undefined/status/1917560921049948557","1742153816722837504",
"1917459594517045334","Wed Apr 30 12:44:55 +0000 2025","0","@Nndraee07 @yaniarsim @aniesbaswedan @prabowo @jokowi @cakimiNOW @mohmahfudmd Susu yg bao ketek mao bang??","1917560799981371816","","Nndraee07","in","","0","1","0","https://x.com/undefined/status/1917560799981371816","1701624074877984768",
"1917560712693702849","Wed Apr 30 12:44:35 +0000 2025","0","Di Palu itu kalo duduk di kampung nelayan pemandangannya bukan cuma gunung dan teluk pemandangan depan itu tambang pasir terus pemandangan belakangnya itu tambang emas","1917560712693702849","","","in","","0","0","0","https://x.com/undefined/status/1917560712693702849","1184070083351416833",
"1917560710890152335","Wed Apr 30 12:44:34 +0000 2025","0","tbtb pengen ngecamp tbtb pengen naik gunung tbtb pengen liburan semua aja w pengen kecuali skripsian","1917560710890152335","","","in","","0","0","0","https://x.com/undefined/status/1917560710890152335","1456434840023142402",
"1917560584607817779","Wed Apr 30 12:44:04 +0000 2025","0","Saat buang hajat di balik semak pendaki ini menemukan jasad pendaki hilang di jurang Gunung Lawu. Begini cerita misteri selengkapnya. https://t.co/DEf1bVoc0y","1917560584607817779","","","in","","0","0","0","https://x.com/undefined/status/1917560584607817779","1404018642",
"1917551432557027380","Wed Apr 30 12:43:19 +0000 2025","1","@onic_esports Wkwk bro muak sampe turun gunung ","1917560395713372546","","onic_esports","in","","0","0","0","https://x.com/undefined/status/1917560395713372546","1120742926252777473",
"1917462732191981928","Wed Apr 30 12:42:52 +0000 2025","3","@Luqmanap_ cari bunian dekat gunung jerai","1917560280533565911","","Luqmanap_","in","","0","1","1","https://x.com/undefined/status/1917560280533565911","392526876",
"1917557578693030072","Wed Apr 30 12:40:56 +0000 2025","0","@inipcrjk daerah banjaran ziaa di gunung puntang","1917559794283733130","","br1seis","in","","0","1","0","https://x.com/undefined/status/1917559794283733130","1246655564723023872",
"1917558660420755913","Wed Apr 30 12:40:28 +0000 2025","0","@OAsantuy ada yg tau ini kenapa setiap jam diingetin turun gunung?","1917559676788695386","","OASantuy","in","","0","1","0","https://x.com/undefined/status/1917559676788695386","1921942596",
"1917524481284923893","Wed Apr 30 12:40:23 +0000 2025","0","@jokoanwar Give the others chance to shine kalau Bang Jokan turun gunung kelarrr yang lain","1917559658564444513","","jokoanwar","in","","0","0","0","https://x.com/undefined/status/1917559658564444513","20486712",
"1917494547531325759","Wed Apr 30 12:40:22 +0000 2025","0","@TNKRNism @marchmarsaries Aku kayaknya mau hunting nogichuu jg.. terutama hit kigan. Seru lihat muncak gunung fuji","1917559653304787346","","tenkarinist","in","","0","1","0","https://x.com/undefined/status/1917559653304787346","991584646893748226",
"1917558718620917924","Wed Apr 30 12:40:10 +0000 2025","0","@an0yyy mau berapa kalipun naik gunung kalo masih denial gaakan bisa sembuh","1917559603245768776","","no0wra","in","","0","1","0","https://x.com/undefined/status/1917559603245768776","1169048156450914304",
"1917559387805343971","Wed Apr 30 12:39:19 +0000 2025","0","penat la aku haih.. aku punya la send video tt yg comel yg sweet sampai die hantar hiking gunung berapi la ape la haih","1917559387805343971","","","in","","0","1","0","https://x.com/undefined/status/1917559387805343971","1513493533478785031",
"1917559350299877705","Wed Apr 30 12:39:10 +0000 2025","18","𝗣𝗲𝗻𝗮𝗺𝗯𝗮𝗵𝗯𝗮𝗶𝗸𝗮𝗻 𝗽𝗼𝘀 𝗚𝘂𝗻𝘂𝗻𝗴 𝗞𝗶𝗻𝗮𝗯𝗮𝗹𝘂 𝘁𝗶𝗻𝗴𝗸𝗮𝘁 𝗸𝘂𝗮𝗹𝗶𝘁𝗶 𝗽𝗲𝗻𝗴𝗮𝗹𝗮𝗺𝗮𝗻 𝗽𝗲𝗹𝗮𝗻𝗰𝗼𝗻𝗴 - 𝗧𝗲𝗼 𝗡𝗶𝗲 𝗖𝗵𝗶𝗻𝗴 #Ranau #Sabah Langkah penambahbaikan perkhidmatan pos di Gunung Kinabalu akan memberi manfaat kepada pelancong https://t.co/MOa80VQinE","1917559350299877705","https://pbs.twimg.com/media/GpyKDrDaYAcWa1W.jpg","","in","","0","0","8","https://x.com/undefined/status/1917559350299877705","106669711",
"1917554550522966255","Wed Apr 30 12:38:42 +0000 2025","0","@tawtauw Sebaran episentrum gempa bumi ke sesar aktif gunung api terdekat dan subduksi dipulau sulawesi kkq.","1917559231785623601","","tawtauw","in","","0","1","0","https://x.com/undefined/status/1917559231785623601","1636626733880279041",
"1917558941682393507","Wed Apr 30 12:37:32 +0000 2025","0","Sendal gunung! https://t.co/kSJJiEzvSz","1917558941682393507","https://pbs.twimg.com/media/GpyJrQkbYAAPxWv.jpg","","in","","0","0","0","https://x.com/undefined/status/1917558941682393507","1474700372409085954",
"1917549915208835253","Wed Apr 30 12:36:52 +0000 2025","0","@mas_sujiwo Ouh yg banayk di jual di gunung kidul itu","1917558770428960858","","mas_sujiwo","in","","0","0","0","https://x.com/undefined/status/1917558770428960858","1564922429821952000",
"1917558718620917924","Wed Apr 30 12:36:39 +0000 2025","4","sebulan naik gunung 2 kali??? semoga sakitku cepet sembuh","1917558718620917924","","","in","","0","4","0","https://x.com/undefined/status/1917558718620917924","1505971904405860352",
"1917558681128042917","Wed Apr 30 12:36:30 +0000 2025","0","pov bot* naik gunung awokwokwok","1917558681128042917","","","in","","0","0","0","https://x.com/undefined/status/1917558681128042917","1501579881125396482",
"1917216853015027860","Wed Apr 30 12:24:17 +0000 2025","3","@rezekiawans @txtdrimedia dimulai aja belum programnya darimana tau dibanguninnya bakal pake laras panjang? gw jg prnah ikut pelatihan ala militer diatas gunung. mandi subuh cm dikasih waktu 30 detik dicurug lanjut materi makan lnjut materi lg. tdur cm bbrapa menit doang. tp hasilnya merubah mental","1917555606631899191","","alphawolfishere","in","","0","3","0","https://x.com/undefined/status/1917555606631899191","154157910",
"1917551432557027380","Wed Apr 30 12:23:30 +0000 2025","0","@onic_esports Akhirnya turun gunung...","1917555410103591239","","onic_esports","in","","0","0","0","https://x.com/undefined/status/1917555410103591239","1356398976832917505",
"1915747384581320960","Wed Apr 30 12:23:05 +0000 2025","0","@hoszikwon @taecsan @taecsan @hoszikwon Hmm tebak-tebakan seru nih! Berdasarkan username @taecsan 태산 yang artinya gunung besar aku nebak nama lu Jovian Nael Arkona. Soalnya Jovian tuh terkait sama Jupiter planet gede cocok sama vibe big mountain . Bener nggak? Permen apa yang besar?","1917555303236919468","","hoszikwon","in","","0","1","0","https://x.com/undefined/status/1917555303236919468","1720665183188922368",
"1917551432557027380","Wed Apr 30 12:22:42 +0000 2025","0","@onic_esports GAKUAT TURUN GUNUNG LG","1917555205899706483","","onic_esports","in","","0","0","0","https://x.com/undefined/status/1917555205899706483","2409198343",
"1917547722896466353","Wed Apr 30 12:21:15 +0000 2025","0","@apatawani @thisnddaa @Hamid94808417 Abis pesugihan ke gunung mana jit dpt nomernya","1917554841863479557","","apatawani","in","","0","1","0","https://x.com/undefined/status/1917554841863479557","1737569231628378112",
"1917554643653255600","Wed Apr 30 12:20:28 +0000 2025","0","coach Yeb sampe turun gunung cok ","1917554643653255600","","","in","","0","0","0","https://x.com/undefined/status/1917554643653255600","1250285174182440966",
"1917530642956398749","Wed Apr 30 12:20:06 +0000 2025","0","@KediriFess Sek nder takok o sek sing jelas lek awakmu ttd kontrak pake ijazah sbg jaminan ya gpp nanti kontrakmu abis ijazah keluar takok o enek masa percobaan ndak pas masa tsb ap harus ninggal ijazah..gini tu harap di pahami pemilik usaha butuh yg serius.","1917554552414560755","","KediriFess","in","","0","0","0","https://x.com/undefined/status/1917554552414560755","1735141551393878016",
"1917554528377004515","Wed Apr 30 12:20:00 +0000 2025","0","Fyp reelsku napa isinya jadi tentang naik gunung dah","1917554528377004515","","","in","","0","0","0","https://x.com/undefined/status/1917554528377004515","360350403",
"1917554304728326553","Wed Apr 30 12:19:07 +0000 2025","0","tpi ak ngk pernah naik gunung dek","1917554304728326553","","","in","","0","1","0","https://x.com/undefined/status/1917554304728326553","1671362517464125442",
"1917553750060982754","Wed Apr 30 12:16:55 +0000 2025","3","Waaahhh semua turun gunung HAPPY ONE MONTHSARY #MyGoldenBloodEP8","1917553750060982754","","","in","","0","0","2","https://x.com/undefined/status/1917553750060982754","1700376752047153152",
"1917553726107312606","Wed Apr 30 12:16:49 +0000 2025","3","risih bgt ajg kdg tiap up sm cowo gw ato apapun yg kdg ga relevan sm cowo gw selalu ditanyain udh ngapain aja? kaya mgapain anjeng mau gw udh ngider ke gunung kawi kek mo kayang di gunung slamet kek bkn urusan lo ya babi. awalnya respect as mtual lm lm kok enek anjg️️","1917553726107312606","","","in","","0","1","0","https://x.com/undefined/status/1917553726107312606","1528234597380550657",
"1917500084339761434","Wed Apr 30 12:16:26 +0000 2025","0","@hyunjinaira aku cuma jago gambar gunung gmn byy?","1917553630347157548","","hyunjinaira","in","","0","1","0","https://x.com/undefined/status/1917553630347157548","1684548302195642369",
"1917106619915161967","Wed Apr 30 12:16:21 +0000 2025","0","@KediriFess Gawe opo to mas mending lewat aplikasi pln langsung dapet tagihane..bayar lunas ngko teknisine teko iki gambaran 1300 nok 2200 entek 850 wes total.","1917553610227081499","","KediriFess","in","","0","0","0","https://x.com/undefined/status/1917553610227081499","1735141551393878016",
"1917551412445339745","Wed Apr 30 12:15:59 +0000 2025","0","@zhaojmai traumaq dh sberat klo ak gantiin krisna angkat gunung ","1917553518120165672","","zhaojmai","in","","0","1","0","https://x.com/undefined/status/1917553518120165672","2801304392",
"1917553343570010442","Wed Apr 30 12:15:18 +0000 2025","0","aku ketiduran tadi pas mau magrib lah kok mimpinya lucu poll. ada yang tibatiba aku naik gunung terus di depan rumah ada konser dan ada bangchan jogging di depan rumahku","1917553343570010442","","","in","","0","0","0","https://x.com/undefined/status/1917553343570010442","1005842296342863872",
"1917551432557027380","Wed Apr 30 12:14:53 +0000 2025","177","@onic_esports yeba ampe turun gunung dan status nya interim berarti lagi nyari pelatih baru lagi kayaknya","1917553242021716241","","onic_esports","in","","0","1","1","https://x.com/undefined/status/1917553242021716241","1256694463348396033",
"1917552947392831998","Wed Apr 30 12:14:00 +0000 2025","0","Pertanian setelah seluruh informasi tentang padi diperoleh dari petani. Jenis padi lokal yang sudah didaftarkan adalah yang padi unggulan di masyarakat lokal dengan karakter nasi pulen. Masyarakat di sana menyebutnya padi gunung atau kita kenal sebagai padi gogo ujar Semion https://t.co/zFZ8Kv9zuz","1917553016724676904","https://pbs.twimg.com/media/GpyESgPaYAEMSI3.jpg","brmp_biogen","in","","0","1","0","https://x.com/undefined/status/1917553016724676904","1556918772203606016",
"1917472158168801523","Wed Apr 30 12:13:55 +0000 2025","0","@kakikukkakku semedi di gunung terdekat terus gak makan seminggu","1917552995291783179","","kakikukkakku","in","","0","0","0","https://x.com/undefined/status/1917552995291783179","834763161827815428",
"1917552646115975407","Wed Apr 30 12:12:31 +0000 2025","0","Buat saya yg jadi pertanyaan adalah mengapa sarjana kehutanan/pencinta alam/pendaki gunung suka membuka hutan","1917552646115975407","","","in","","0","0","0","https://x.com/undefined/status/1917552646115975407","142876708",
"1917552618311934333","Wed Apr 30 12:12:25 +0000 2025","0","suatu kebanggaan bawa motor dr jkt smpe bogor ga gantian malem malem ditambah lagi malem malem bwa motor dijalan gunung kencana ke arah rangkas juga bbrp km dan bisa menerjal truk dan jalanan naik turun belok sana sini di jam 9malem yg samsek gada penerangan itu","1917552618311934333","","","in","","0","0","0","https://x.com/undefined/status/1917552618311934333","996279415054057472",
"1917551432557027380","Wed Apr 30 12:12:04 +0000 2025","0","@onic_esports Bjir sepuh turun gunung ","1917552533008232454","","onic_esports","in","","0","0","0","https://x.com/undefined/status/1917552533008232454","1494528871017840646",
"1917552498245788088","Wed Apr 30 12:11:56 +0000 2025","0","mei naik gunung juni kita touring ke batu karas kawan hidup memang butuh healing","1917552498245788088","","","in","","0","0","0","https://x.com/undefined/status/1917552498245788088","1203631706873327616",
"1917506740716757014","Wed Apr 30 12:11:52 +0000 2025","0","@Mbahcrypto212 @KediriFess Aku mbiyen mrono kerjo ne ngepak i duid kirim nok atm sak indonesia..ndek kono ki yo unik sampe aku arep di tawari dadi mantu ne pemilik warung tegal..anak e uayu pol..tapi..dudu wong jowo makane aku emoh.","1917552482898829361","","Mbahcrypto212","in","","0","1","0","https://x.com/undefined/status/1917552482898829361","1735141551393878016",
"1917552330658177060","Wed Apr 30 12:11:16 +0000 2025","2","bingung mau masakin apa untuk para pengungsi di tenda gunung klotok https://t.co/LbIBKaCynM","1917552330658177060","https://pbs.twimg.com/media/GpyDro-aYAMkGSn.jpg","","in","","0","2","0","https://x.com/undefined/status/1917552330658177060","1207134630622584833",
"1917552236030525569","Wed Apr 30 12:10:54 +0000 2025","0","Halo min mau tanya untuk KA Gunung Jati Gambir - Tawang besok jam 9 pagi apakah benar bisa naik dari Jatinegara karena ada aksi Mayday?? @KAI121","1917552236030525569","","","in","","0","1","0","https://x.com/undefined/status/1917552236030525569","448579151",
"1917428068018446473","Wed Apr 30 12:09:44 +0000 2025","1","@nrbertus @kegblgnunfaedh Bukit kalau sebelah kirinya ada gunung namanya gunung tilu https://t.co/lBITQhxtBy","1917551942752165968","https://pbs.twimg.com/media/GpyDTQWaYAAd_mJ.jpg","soollledad","in","","0","0","0","https://x.com/undefined/status/1917551942752165968","82617526",
"1917549785407709339","Wed Apr 30 12:08:33 +0000 2025","0","@08based Mendaki gunung krn blom pernah : ) HAPPY ONE MONTHSARY #MyGoldenBloodEP8","1917551645799637317","","catsiskey","in","","0","1","0","https://x.com/undefined/status/1917551645799637317","738904014184579072",
"1917551462709878873","Wed Apr 30 12:07:49 +0000 2025","0","Kerajaan Perkasa Perkhidmatan Pos Gunung Kinabalu Simbol Ikonik Komunikasi Puncak Tertinggi https://t.co/fUdiscjhXp","1917551462709878873","","","in","","0","0","0","https://x.com/undefined/status/1917551462709878873","17331438",
"1917549509430894902","Wed Apr 30 12:07:30 +0000 2025","0","@lps_idic Lagi pengen naik gunung. Sudah lama banget gak muncak bareng temen karena setelah lebaran pada sibuk² banget","1917551383114580088","","lps_idic","in","","0","0","0","https://x.com/undefined/status/1917551383114580088","1838627923819208704",
"1917517316310589643","Wed Apr 30 12:06:16 +0000 2025","0","@hyeongjcn @amanajayee Emang bukan kamu wkwk jyo kan entitas tidak diketahui Liat aja betah banget di laut padahal lapaknya di gunung","1917551072144679047","","hyeongjcn","in","","0","1","0","https://x.com/undefined/status/1917551072144679047","1180676163368153093",
"1917506740716757014","Wed Apr 30 12:06:08 +0000 2025","0","@ikbarrmdn @KediriFess Ndat ndut enek wong keblet ngising di dang2i wong numpak motor koyok keong nek tengah pisan..di bel njegideg poro mbudeki..","1917551037638140111","","ikbarrmdn","in","","0","0","0","https://x.com/undefined/status/1917551037638140111","1735141551393878016",
"1917549309119324236","Wed Apr 30 12:04:28 +0000 2025","0","Lava Tumuli Batur tersebut menyajikan tantangan mengasyikkan sambil menikmati indahnya panorama Gunung dan Danau Batur yg ikonik. Penggemar off-road bisa menjelajahi lereng Gunung Batur dengan mobil jeep 4WD lewat jalur Black Lava. Atau bisa juga dengan motor trail. #Bali #Batur https://t.co/s4BVJh9bIH","1917550620162286025","https://pbs.twimg.com/ext_tw_video_thumb/1917550523294887936/pu/img/rOoabHWl3cRSEzdA.jpg","SusantoSane","in","","0","1","0","https://x.com/undefined/status/1917550620162286025","1199790732",
"1917546636588507646","Wed Apr 30 12:03:54 +0000 2025","0","@puddihng Boleh aja asalkan harus mendaki gunung menuruni lembah &amp; menyebrang lautan","1917550475689484734","","puddihng","in","","0","0","0","https://x.com/undefined/status/1917550475689484734","1190178274023895040",
"1917545486749425812","Wed Apr 30 12:03:51 +0000 2025","0","@eburudisa Kena tegur kerena sepatu gunung dipake ke mall","1917550462812971049","","eburudisa","in","","0","0","0","https://x.com/undefined/status/1917550462812971049","1682765791161384960",
"1917550281530954230","Wed Apr 30 12:03:08 +0000 2025","1","Setelah 2x kesini dpt full kabut akhirnya kali ini keliatan juga gunung baturrrrnya wkwkwk https://t.co/pI62JzDEgI","1917550281530954230","https://pbs.twimg.com/media/GpyB0WsaYAAKgq8.jpg","","in","","0","0","0","https://x.com/undefined/status/1917550281530954230","1440011741878841346",
"1917544117669879846","Wed Apr 30 12:02:19 +0000 2025","0","@natrhium Cepet sembuh biar bisa naik gunung","1917550079084486802","","natrhium","in","","0","1","0","https://x.com/undefined/status/1917550079084486802","4480735285",
"1917547516075335918","Wed Apr 30 12:01:33 +0000 2025","0","@imursss_ gunung?","1917549885278281977","","","in","","0","0","0","https://x.com/undefined/status/1917549885278281977","1464653049503363074",
"1917549785407709339","Wed Apr 30 12:01:09 +0000 2025","0","this or that reply with kw and ht mendaki gunung / main di pantai? belanja di mall / belanja online? baca buku / dengerin musik? masak sendiri / makan di luar? HAPPY ONE MONTHSARY #MyGoldenBloodEP8","1917549785407709339","","","in","","0","17","0","https://x.com/undefined/status/1917549785407709339","1703629674981863424",
"1917549309119324236","Wed Apr 30 12:00:46 +0000 2025","0","Tercipta dari lelehan lava Gunung Batur yang membeku dan berwarna hitam. Kini kawasan tersebut menjadi salah satu destinasi yang makin banyak dikunjungi traveler. Terutama para penggemar uji adrenalin dan off-road. Hal itu wajar mengingat objek yang juga bernama-- https://t.co/VZpLXX1Ivc","1917549688003387461","https://pbs.twimg.com/ext_tw_video_thumb/1917549653723365376/pu/img/xOXLPESv96U89GZ9.jpg","SusantoSane","in","","0","1","0","https://x.com/undefined/status/1917549688003387461","1199790732",
"1917549497531654275","Wed Apr 30 12:00:01 +0000 2025","0","19.00 WIB #Tol_Surabaya_Gempol Dukuh Kupang KM 08 - Gunung Sari KM 12 PADAT kepadatan volume lalin. ; Gempol - Sidoarjo - Waru - Dupak LANCAR.","1917549497531654275","","","in","","0","0","0","https://x.com/undefined/status/1917549497531654275","540625251",
"1917544919784370665","Wed Apr 30 11:46:01 +0000 2025","0","@arshetea naik gunung everest sampai puncak ","1917545975637500423","","arshetea","in","","0","1","0","https://x.com/undefined/status/1917545975637500423","1910648344860647427",
"1917544978756087820","Wed Apr 30 11:42:03 +0000 2025","0","Cerita misteri pemborong mebel nekat tebang pohon jati keramat di Gunung Lawu berujung diteror pocong bermata kosong dan berbau anyir. https://t.co/SCDrO0XAg9","1917544978756087820","","","in","","0","0","0","https://x.com/undefined/status/1917544978756087820","1404018642",
"1917544012711616760","Wed Apr 30 11:38:13 +0000 2025","0","Kita Pon xboleh nak marahkan orang tu kalau dia sendiri pon tanya dgn org Kedah. Knapa orang Kedah tak suggest tempat2 macam ni ? mostly semua tahu Kedah tak membangun tapi of course ada hidden2 gems yg org luar taktahu . Kenapa perlu suggest PENANG ? Lol gunung jerai ? Anyone ?","1917544012711616760","","","in","","0","0","0","https://x.com/undefined/status/1917544012711616760","561135477",
"1917543977101975724","Wed Apr 30 11:38:05 +0000 2025","0","buset tiba tiba di ajak bu dosen tektok Gunung Andong","1917543977101975724","","","in","","0","0","0","https://x.com/undefined/status/1917543977101975724","1820053670211592192",
"1917543944092549517","Wed Apr 30 11:37:57 +0000 2025","0","Info barengan naik gunung jog","1917543944092549517","","","in","","0","6","0","https://x.com/undefined/status/1917543944092549517","1902629414741143553",
"1917543891580117046","Wed Apr 30 11:37:44 +0000 2025","0","Saya menjual Sandal Gunung Anak Laki Laki Second Merk Carvil seharga Rp27.000. Ayo beli di Shopee! https://t.co/vniEni7gwR","1917543891580117046","","","in","","0","0","0","https://x.com/undefined/status/1917543891580117046","1844783043250462720",
"1917543802820263937","Wed Apr 30 11:37:23 +0000 2025","0","18.37 WIB #Tol_Surabaya_Gempol Dukuh Kupang KM 08 - Gunung Sari KM 12 PADAT kepadatan volume lalin. ; Satelit KM 10 - Dukuh Kupang KM 08 PADAT kepadatan volume lalin.","1917543802820263937","","","in","","0","0","0","https://x.com/undefined/status/1917543802820263937","540625251",
"1917543540869193886","Wed Apr 30 11:36:21 +0000 2025","0","tiap ijin mau ndaki ada aja alesan ga bolehnya... ya Allah kapan aku boleh naik gunung : ","1917543540869193886","","","in","","0","0","0","https://x.com/undefined/status/1917543540869193886","1227775219038748672",
"1917541470648861028","Wed Apr 30 11:36:11 +0000 2025","0","@lhiseungg Mari tamasya ke gunung teletubies https://t.co/CDJnL7HLrh","1917543499324617083","https://pbs.twimg.com/tweet_video_thumb/Gpx7pOKaYAEReLc.jpg","lhiseungg","in","","0","1","0","https://x.com/undefined/status/1917543499324617083","790063645409423361",
"1917014564530688297","Wed Apr 30 11:35:58 +0000 2025","1","@2kosong25 @TokPerak8 Sbb Vibe dia KL so sbb tu kena p Penang.. Xkan punya dia nak g tgk gunung jerai pekan rabu tg dawai tasik pedu ulu legong etc...","1917543445566218435","","2kosong25","in","","0","1","0","https://x.com/undefined/status/1917543445566218435","1895324323",
"1917542218954596654","Wed Apr 30 11:32:37 +0000 2025","0","@ejreversed kamu kayak gamau gt aku ajak naik gunung","1917542602481754382","","ejreversed","in","","0","1","0","https://x.com/undefined/status/1917542602481754382","1860695917638373376",
"1917539088762126518","Wed Apr 30 11:31:47 +0000 2025","1","@heavnthv Padahal dulu ada beberapa base sama akun2 gede juga turun gunung yah buat koar2 boycooooooot bacod tapi kok skg sepi","1917542392686686383","","heavnthv","in","","0","0","0","https://x.com/undefined/status/1917542392686686383","1805247032862330880",
"1917542310986014788","Wed Apr 30 11:31:27 +0000 2025","3","april ternyata emg secapek itu.. yg ga capek adalah kasih kado novel tentang gunung ke teman yg ngebet naik gunung. ehek","1917542310986014788","","","in","","1","0","0","https://x.com/undefined/status/1917542310986014788","1287416618801229824",
"1917527946333675579","Wed Apr 30 11:30:37 +0000 2025","0","Gak perlu mendaki gunung buat jadi pencinta alam kok. Simple banget dengam tidak membakar sampah. Mulai tanam pohon lidah mertua atau yang sejenisnya yang gampah dirawatnya. Itu juga bentuk cinta alam kok.","1917542099500818865","","finairakara","in","","0","0","0","https://x.com/undefined/status/1917542099500818865","2583524162",
"1917469457448067583","Wed Apr 30 11:30:17 +0000 2025","0","@sinaddddddd Skalian ngevlog dong kak buat youtube. Lg seneng liat konten org naik gunung","1917542015321137200","","sinaddddddd","in","","0","1","0","https://x.com/undefined/status/1917542015321137200","1603971526541602816",
"1917541576244711493","Wed Apr 30 11:28:37 +0000 2025","0","️️ ️️ ️️ ️ Mengenakan sepatu sekolahnya sebelum berjalan keluar dari kamar. Langkahnya sedikit enggan membawanya menuju portal sihir yang selalu ia gunakan untuk membawanya segera menuju gedung utama Mahoutokoro dari asrama Yamiyo di goa gunung vulkanik. ️️ ️ ️️ ️️","1917541597593678186","","mysmtique","in","","0","1","0","https://x.com/undefined/status/1917541597593678186","4156876700",
"1917540140005875943","Wed Apr 30 11:28:18 +0000 2025","0","@BWFScore Seo seungjae suruh turun gunung coba","1917541515272020397","","BWFScore","in","","0","0","0","https://x.com/undefined/status/1917541515272020397","1328911075689910272",
"1917538996852515221","Wed Apr 30 11:28:17 +0000 2025","0","@sanatozaski Apa ga malepuh mulut saya makan lava gunung.. ","1917541514294747530","","sanazeaki","in","","0","0","0","https://x.com/undefined/status/1917541514294747530","2494549321",
"1917508761054502934","Wed Apr 30 11:28:07 +0000 2025","0","@mauverosessky yeppp akhirnyaaa aku bisa ngedate di gunung sama naga️ aku lupa skrinshot byyy tapi sekitar 60 deh seingetku","1917541472909549616","","mauverosessky","in","","0","1","0","https://x.com/undefined/status/1917541472909549616","1895837710813970436",
"1917541366101598597","Wed Apr 30 11:27:42 +0000 2025","1","Tapi jujur ngedaki gunung tuh bikin keseleo (gw jatoh Mulu jir)","1917541366101598597","","","in","","0","0","0","https://x.com/undefined/status/1917541366101598597","1415850714056708098",
"1917535523985580083","Wed Apr 30 11:04:29 +0000 2025","0","Rekomen au tentang gunung dong","1917535523985580083","","","in","","0","0","0","https://x.com/undefined/status/1917535523985580083","1665231284308963328",
"1917535440795754575","Wed Apr 30 11:04:09 +0000 2025","1","Kerajaan perkasa perkhidmatan pos dan komunikasi di Gunung Kinabalu Strim live di https://t.co/XMTbm9wVSI atau di aplikasi MYTV Mana-Mana Unifi TV dan Astro GO sekarang! #TVS122 #TVSNews #TVSarawak https://t.co/PPzCjWB4t0","1917535440795754575","","","in","","0","0","0","https://x.com/undefined/status/1917535440795754575","2821017554",
"1917534609476313187","Wed Apr 30 11:00:51 +0000 2025","4","Kpopan mahal Naik gunung juga mahal ","1917534609476313187","","","in","","0","6","0","https://x.com/undefined/status/1917534609476313187","1059295648040706049",
"1917534232295137793","Wed Apr 30 10:59:21 +0000 2025","0","nongderrr turun gunung ","1917534232295137793","","","in","","0","0","0","https://x.com/undefined/status/1917534232295137793","913421403784847360",
"1917533360102203536","Wed Apr 30 10:55:53 +0000 2025","2","Liat harga open trip ke salah satu gunung jatim lebih mahal daripada ke luar pulau agak terkejut ","1917533360102203536","","","in","","1","6","0","https://x.com/undefined/status/1917533360102203536","103214700",
"1917533078555353355","Wed Apr 30 10:54:46 +0000 2025","0","wow sampe 감독님 nya turun gunung ke x buat promo &amp; rilis relationship chart buat karakter-karakternya juga ","1917533078555353355","","","in","","0","0","0","https://x.com/undefined/status/1917533078555353355","866239013018943488",
"1917523863577165900","Wed Apr 30 10:52:31 +0000 2025","0","@shuyrra HEEE?? DEKET DONG HAHA aku gunung putri","1917532513733599628","","shuyrra","in","","0","1","0","https://x.com/undefined/status/1917532513733599628","1731520742855217152",
"1917441069282910701","Wed Apr 30 10:51:58 +0000 2025","0","@hanlovesitee wow lumayan deket sihh aku kecamatan gunung putri apakah kamu tauu beb?","1917532375120240892","","jjongcilok","in","","0","0","0","https://x.com/undefined/status/1917532375120240892","1731520742855217152",
"1917531435457732906","Wed Apr 30 10:48:14 +0000 2025","0","besok jadwal gue nyuci gunung (baju seabrek gw) dan beresin kapal pecah (kamar gw)","1917531435457732906","","","in","","0","0","0","https://x.com/undefined/status/1917531435457732906","1302825856436322305",
"1917531390012448834","Wed Apr 30 10:48:04 +0000 2025","0","rekomendasi sandal tali wanita sendal platform wedges slip on jelly strap gunung sepatu hak mules high mini heels pretty adorable cute pink black mamba hitam white putih cream cokat earth tone murah kuliah kerja daily ootd outfit 5.5 event shopee lebaran hari raya a thread","1917531390012448834","","","in","","0","0","0","https://x.com/undefined/status/1917531390012448834","1647445172211572737",
"1917528358675701817","Wed Apr 30 10:47:24 +0000 2025","0","@sbyfess Munggah gunung nder","1917531225780281730","","sbyfess","in","","0","0","0","https://x.com/undefined/status/1917531225780281730","1081563111620980737",
"1917530077082050601","Wed Apr 30 10:42:51 +0000 2025","0","Hobi said: my fans Jungkook said : my fans ARMY only Apa ini kurang buat kalian ARMY apa Jungkook harus mengukir nama kalian di Gunung berapi biar kalian mau vote Jungkook dan streaming lagunya. Andai Jungkook yang bilang penggemarku udah jadi Boom di TL","1917530077082050601","","","in","","0","0","0","https://x.com/undefined/status/1917530077082050601","1829555449693126656",
"1917174257743990976","Wed Apr 30 10:42:33 +0000 2025","0","@traveloka trip ketiga gunung nya sekalian udhs ada belom nih?","1917530004235378830","","traveloka","in","","0","0","0","https://x.com/undefined/status/1917530004235378830","1782300712669712384",
"1917417909372215639","Wed Apr 30 10:41:51 +0000 2025","1","@duarrhaham Kapan lagi sunmori ke kaki gunung slamet https://t.co/iWM2fShvHr","1917529827734872293","https://pbs.twimg.com/media/GpxvNEYaYAMDqcr.jpg","duarrhaham","in","","0","0","0","https://x.com/undefined/status/1917529827734872293","1687689039162617856",
"1917432115710550435","Wed Apr 30 10:38:50 +0000 2025","0","@exsipient Aku terakhir ke gunung Bromo itu tahun 2002 pas masih kuliah di Malang","1917529066389004321","","exsipient","in","","0","0","0","https://x.com/undefined/status/1917529066389004321","1649735191823515648",
"1917474751557296638","Wed Apr 30 10:37:22 +0000 2025","0","@KINOYKEREN Tahta BA paling effort sih ini ka beruntung si calon jodoh Kaka Dalam hati Design dan kora² ini tak seberapa dg perjuanganku mencari senggengam berlian untukmu Eaaaaak gengs percaya aja we klo ka kinoy bilang lautan kan kuselami gunung kan ku daki yah we","1917528697529327895","","KINOYKEREN","in","","0","2","0","https://x.com/undefined/status/1917528697529327895","1855086306210332672",
"1917528661105979613","Wed Apr 30 10:37:13 +0000 2025","5","Rasane kok gak terimo banget. Gunung emas yg ada di Papua sudah berubah menjadi lembah bahkan jurang karena dikeruk Freeport perusahaan AS. Padahal tahu kan bagaimana Barat mempermainkan harga emas hari ini? Naik tajam katanya per gram 2 jt. Kaget aku. ","1917528661105979613","","","in","","0","1","0","https://x.com/undefined/status/1917528661105979613","1739145706940846080",
"1917383065749577854","Wed Apr 30 10:34:15 +0000 2025","0","@ncoonk @haarahmadina Kata ikjun juga gunung ada bukan untuk didaki","1917527916147286323","","ncoonk","in","","0","1","0","https://x.com/undefined/status/1917527916147286323","132164120",
"1917513384464982497","Wed Apr 30 10:33:46 +0000 2025","0","@jogja_base menaklukan gunung merbabu","1917527794604736528","","jogja_base","in","","0","0","0","https://x.com/undefined/status/1917527794604736528","732347706",
"1917519928648696244","Wed Apr 30 10:11:00 +0000 2025","0","@BaseBDG Naek gunung ka cikurai.","1917522065474871541","","BaseBDG","in","","0","0","0","https://x.com/undefined/status/1917522065474871541","1140492124317605890",
"1917384162358747592","Wed Apr 30 10:10:56 +0000 2025","0","@kancinkbaaju gue gak akan pernah bisa gini karena gengsi gue setinggi gunung everest","1917522047401615819","","kancinkbaaju","in","","0","0","0","https://x.com/undefined/status/1917522047401615819","1632172739695116289",
"1917521680274186318","Wed Apr 30 10:09:29 +0000 2025","1","Selasa 29 April 2025 Jam 10.42 Wib Aiptu Dwi Anggota Samapta Melaksanakan Patroli dialogis di BCA Jalan Gunung Sahari Kel.Pademangan Barat bertemu dengan Bpk.Abdul Rachman sampaikan pesan kamtibmas agar berperan aktif menjaga lingkungan guna antisipasi kejahatan https://t.co/Hltmh3XQsk","1917521680274186318","https://pbs.twimg.com/media/GpxnzJGaYAA4GFQ.jpg","","in","","0","0","0","https://x.com/undefined/status/1917521680274186318","1092967217782640640",
"1917521341533806635","Wed Apr 30 10:08:08 +0000 2025","0","Semua lagu lany cocok bgt di dengar di perjalanan jauh dgn view awan sawah gunung","1917521341533806635","","","in","","0","0","0","https://x.com/undefined/status/1917521341533806635","1308791147725074432",
"1917473001764970877","Wed Apr 30 10:08:03 +0000 2025","0","@lantip Lha masalahnya kenapa gunung kidul ada spasinya namun tidak dengan kulonprogo? Apa ada yg ngebug waktu perumusan nama?","1917521321019465833","","lantip","in","","0","0","0","https://x.com/undefined/status/1917521321019465833","326464600",
"1917516623575146717","Wed Apr 30 10:07:44 +0000 2025","0","@ayoeniq pantaiii blm pernah naik gunung jg siii NAMASTE HARQEEL 149 #HQ_AGZEPS149 #HARQEEL","1917521242699313622","","ayoeniq","in","","0","0","1","https://x.com/undefined/status/1917521242699313622","1639892562130665473",
"1917217957073354756","Wed Apr 30 10:07:38 +0000 2025","1","@sherpa701 Akhirnya Om Sherpa turun gunung juga mas Mbieb ini senengnya bikin kaget pendekar sedang bertapa sehat selalu nggeh Om Sherpa Berkah Dalem️","1917521218401624400","","sherpa701","in","","0","0","0","https://x.com/undefined/status/1917521218401624400","321801738",
"1917519928648696244","Wed Apr 30 10:07:32 +0000 2025","0","@BaseBDG naik gunung wkwkw","1917521192518574198","","BaseBDG","in","","0","0","0","https://x.com/undefined/status/1917521192518574198","1362240743167856643",
"1917520857771171937","Wed Apr 30 10:06:12 +0000 2025","0","tbtb kepikiran lagi buat naik gunung pdhl pas turun mah agak traumaa https://t.co/qfBZDguf5x","1917520857771171937","https://pbs.twimg.com/media/GpxnDNSaYAMRB0g.jpg","","in","","0","1","0","https://x.com/undefined/status/1917520857771171937","1379733477134757893",
"1917518484684300324","Wed Apr 30 10:05:45 +0000 2025","0","@itsokaywae gasss biar jadi tontonan jin setan penunggu gunung","1917520743249895579","","itsokaywae","in","","0","1","0","https://x.com/undefined/status/1917520743249895579","1452409005037391877",
"1917519878237618492","Wed Apr 30 10:02:27 +0000 2025","0","And here are the venue details Djavu Bar Lounge Jaksel Jl. Hang Jebat No.4 RW.5 Gunung Kec. Kby. Baru Jakarta Daerah Khusus Ibukota Jakarta 12120 slide for the details⏩ https://t.co/ThuxqNAZtT","1917519910311452937","https://pbs.twimg.com/media/GpxmMGyaYAArYmn.jpg","dokyeomsoul","in","","0","0","0","https://x.com/undefined/status/1917519910311452937","1454068310375469058",
"1917433051430412423","Wed Apr 30 10:00:37 +0000 2025","1","@SiPeNutur Bisa jadi ... air nya langsung dari gunung .","1917519450758340714","","SiPeNutur","in","","0","0","0","https://x.com/undefined/status/1917519450758340714","1138340036212977667",
"1917508799134589360","Wed Apr 30 10:00:32 +0000 2025","0","@watashiwanol jgn marah2 kan udh berkeliling gunung tugel dan makan martaci","1917519429623242905","","watashiwanol","in","","0","1","0","https://x.com/undefined/status/1917519429623242905","1670231867495415810",
"1917518341578936493","Wed Apr 30 09:59:16 +0000 2025","0","@ravdiance Nangis banget masuk gunung salju.","1917519112886182208","","ravdiance","in","","0","0","0","https://x.com/undefined/status/1917519112886182208","1806937634683727872",
"1917518484684300324","Wed Apr 30 09:58:08 +0000 2025","0","@itsokaywae oh kirain mau 3s di gunung","1917518827027587331","","itsokaywae","in","","0","1","0","https://x.com/undefined/status/1917518827027587331","1452409005037391877",
"1917518484684300324","Wed Apr 30 09:56:47 +0000 2025","5","target tahun ini bisa disalah satu gunung 3S. entah Sumbing Sindoro atau Slamet","1917518484684300324","","","in","","1","1","0","https://x.com/undefined/status/1917518484684300324","1886051826367336448",
"1917516364694315184","Wed Apr 30 09:54:49 +0000 2025","10","@nocontextholoID destinasi wisata di pulau Muna: Gunung Kembar","1917517989840314523","","nocontextholoID","in","","0","1","0","https://x.com/undefined/status/1917517989840314523","1372118281465729031",
"1917516538363666446","Wed Apr 30 09:49:03 +0000 2025","0","ANJGGG KEBIASAAN BANGET COK MANA UDAH SETENGAH JALAN. EMANG GA DIRESTUI SUMMIT GUNUNG. https://t.co/eVxyUMDMip","1917516538363666446","https://pbs.twimg.com/media/GpxjIC3aYAQT1YI.jpg","","in","","0","1","0","https://x.com/undefined/status/1917516538363666446","3265572230",
"1917446182038823251","Wed Apr 30 09:48:59 +0000 2025","0","@marveltezco ELU GUA PINDAH KE GUNUNG SAYUNG ","1917516523138342977","","marveltezco","in","","0","1","0","https://x.com/undefined/status/1917516523138342977","1540371759958216704",
"1917232667785040063","Wed Apr 30 09:48:04 +0000 2025","0","@h_rezzuan Depends apa yang kita cari lah brother. Kalau nak pergi food hunt Sungai Petani pon banyak cafe'. Kalau nature Gunung Jerai Langkawi boleh jadi salah satu pilihan. Kalau nak hiburan memang kurang dekat Kedah. Kita pandai² la sesuaikan dengan tempat orang.","1917516290354471385","","h_rezzuan","in","","1","0","0","https://x.com/undefined/status/1917516290354471385","843858245512962048",
"1917516067385270565","Wed Apr 30 09:47:10 +0000 2025","2","Ya ampun ada ChiLang si ChiLang si Chiho Petualang . Gemesh banget pake topi celana pendek yang gak pendek2 amat sama pake tas punggung Mau berpetualang ke mana hari ini? Ke rumah nenek? Atau ke gunung besar? ","1917516067385270565","","","in","","0","0","0","https://x.com/undefined/status/1917516067385270565","1683167001903247360",
"1917377636717978029","Wed Apr 30 09:45:48 +0000 2025","1","@ASuyono471891 @ikanmasak13 @ChigurhL @fotodakwah lah itu ada patungnya.. di gunung ada patung emang ?","1917515722894499933","","ASuyono471891","in","","0","1","0","https://x.com/undefined/status/1917515722894499933","1174216223585964035",
"1917513191644619050","Wed Apr 30 09:44:31 +0000 2025","0","@vincentstefs coba disuruh pada pulang kampung dulu bang. tenaganya suruh disimpen dulu &amp; pcp-nya mending dijual buat bantu keluarganya yg kali aja ada yg jadi korban gunung meletus.","1917515401094922707","","vincentstefs","in","","0","0","0","https://x.com/undefined/status/1917515401094922707","346498015",
"1916853685751091478","Wed Apr 30 09:42:53 +0000 2025","0","@draftanakunpad3 Makan telur gulung Ciseke aja nder (bcnd) Date ya? Wkkw bisa ke Chocologi (?) lupa namanya atau ke kopi setia or bisa jg makan pecel ayam sebrang IPDN lari pagi di pasar unpad nder seru itu aku sm *redacted* gitu hehe atau bisa keliling kampus yg mendaki gunung lewati lembah","1917514986215334381","","draftanakunpad3","in","","0","0","0","https://x.com/undefined/status/1917514986215334381","1778852074446630913",
"1917514915444842876","Wed Apr 30 09:42:36 +0000 2025","0","anut runtut tansah reruntungan munggah mudun gunung anjok samudro","1917514915444842876","","","in","","0","0","0","https://x.com/undefined/status/1917514915444842876","598250647",
"1917514912739516555","Wed Apr 30 09:42:35 +0000 2025","0","Ditolak Warga Pengembangan Gunung Pinang Kramatwatu Dibatalkan Pengusaha Ngaku Sudah Keluar Ratusan Juta https://t.co/5hEOXlNWP4","1917514912739516555","","","in","","0","0","0","https://x.com/undefined/status/1917514912739516555","775598663024259072",
"1917217319048347714","Wed Apr 30 09:42:14 +0000 2025","0","@hourly_absurd_2 Apa kabar lahan ganja di gunung bromo","1917514822843068765","","hourly_absurd_3","in","","0","0","0","https://x.com/undefined/status/1917514822843068765","1701473681908875264",
"1917514739456041157","Wed Apr 30 09:41:54 +0000 2025","1","WOI MAU NAIK GUNUNGGGG ANJJJ PLS AYO WIRUS NAIK GUNUNG","1917514739456041157","","","in","","0","0","0","https://x.com/undefined/status/1917514739456041157","1696730996710977536",
"1917514518965674045","Wed Apr 30 09:41:01 +0000 2025","16","kayak org gunung dah https://t.co/noh5YF2LM3","1917514518965674045","https://pbs.twimg.com/media/GpxhSY9aYAIOuw_.jpg","","in","","0","2","0","https://x.com/undefined/status/1917514518965674045","1749773004073267200",
"1917446458321822177","Wed Apr 30 09:40:51 +0000 2025","0","@ihanfeb wkwkkwwkwk mana ada naik gunung","1917514477060382795","","SiluetAksara","in","","0","0","0","https://x.com/undefined/status/1917514477060382795","1774189536526073856",
"1917514135413350744","Wed Apr 30 09:39:30 +0000 2025","0","naek gunung coba nder","1917514135413350744","","","in","","0","0","0","https://x.com/undefined/status/1917514135413350744","1881955743353749504",
"1917507968041640102","Wed Apr 30 09:37:32 +0000 2025","0","@nnairbag AYO MUTUAL ROBLOX!! aku sudah menaklukkan 2 gunung jugaa merbabu sama tangkuban perahu ","1917513643371159559","","nnairbag","in","","0","1","0","https://x.com/undefined/status/1917513643371159559","1683473301518073856",
"1916772465939710094","Wed Apr 30 09:36:32 +0000 2025","0","@98Acapan @Marchfoward Daerah rumahku wak cik...daerah Lawang Malang Depan rumahku sdh gunung namanya Gunung Bale bakso bertebaran di mana2.. Deket ke gunung2 : Arjuna penanggungan welirang bromo lawangan 10 menit ke kebun teh dan kebun raya purwodadi","1917513388231647729","","98Acapan","in","","0","0","0","https://x.com/undefined/status/1917513388231647729","1127842213461839872",
"1917513030835003752","Wed Apr 30 09:35:06 +0000 2025","2","Raja Ecommerce Berulah Trump Langsung Turun Gunung https://t.co/56II4lUSpK","1917513030835003752","","","in","","0","0","1","https://x.com/undefined/status/1917513030835003752","847372542830444544",
"1917513028062568711","Wed Apr 30 09:35:06 +0000 2025","0","kl lewat hr muhammad tuh rasanya org org pada gupuh tantintantin mulu mana ngebut ngebut jalan naik turun ky gunung","1917513028062568711","","","in","","0","0","0","https://x.com/undefined/status/1917513028062568711","1506275127725813762",
"1917467734209880458","Wed Apr 30 09:34:37 +0000 2025","0","@BadmintonTalk Park Ju Bong Dah turun gunung Chae Yu Jung on fire mode Korea menyala bung","1917512908977889754","","BadmintonTalk","in","","0","0","0","https://x.com/undefined/status/1917512908977889754","1581886128",
"1917511612447220017","Wed Apr 30 09:29:28 +0000 2025","0","Cek GUIRENNIAO - Sandal Pria Wanita Olahraga Sandal Anak Laki laki Sepatu Pria Pasangan Unisex Casual Sandal Gunung Pria Wanita dengan harga Rp35.500. Dapatkan di Shopee sekarang! https://t.co/34fRL8cEfI https://t.co/yU0sNiWIml","1917511612447220017","https://pbs.twimg.com/media/Gpxepj6aYAAcerf.jpg","","in","","0","0","0","https://x.com/undefined/status/1917511612447220017","1638826960632840193",
"1917511539373858988","Wed Apr 30 09:29:11 +0000 2025","0","Cerita misteri Gunung Lawu Lawu banaspati muncul hadang pendaki yang nekat tinggalkan rombongan dan jalan sendirian. Simak selengkapnya. https://t.co/7in4eruZzE","1917511539373858988","","","in","","0","0","0","https://x.com/undefined/status/1917511539373858988","1404018642",
"1917503268860866827","Wed Apr 30 09:28:23 +0000 2025","0","@txtdrgugung waktu naik gunung pancar??","1917511337665782119","","benconglo","in","","0","0","0","https://x.com/undefined/status/1917511337665782119","1794168453869563904",
"1917511069666533513","Wed Apr 30 09:27:19 +0000 2025","0","Lapas Narkotika Gunung Sindur Gelar Rapat Dinas Pengamanan Kalapas Tekankan Tindak Lanjut dan Sinergitas Jajaran #kemenimipas #guardandguide #infoimipas #KanwilDitjenpasJabar #LPNGunungSindur #LapasNarkotikaGunungSindur https://t.co/TpvoEMKaP5","1917511069666533513","https://pbs.twimg.com/media/GpxeJCYaYAE5fIg.jpg","","in","","0","0","0","https://x.com/undefined/status/1917511069666533513","4825173187",
"1917383065749577854","Wed Apr 30 09:25:09 +0000 2025","0","@fauziakarina @haarahmadina Prepare naik gunung","1917510526516748776","","fauziakarina","in","","0","2","0","https://x.com/undefined/status/1917510526516748776","68988326",
"1917510391359496234","Wed Apr 30 09:24:38 +0000 2025","0","buat ke venue dan dana darurat apalagi yang perlu aku siapin Sama yang pernah nonton tek tok maaf mau minta tolong bisa jelasin itu sistem nya gimana ngga ya? Kayak naik gunung gitu kah? Nyampe puncak lalu pulang? Makasih banyaaaak bub","1917510393628614915","","___mustbebetter","in","","0","0","0","https://x.com/undefined/status/1917510393628614915","1618930829518061569",
"1917510084273529164","Wed Apr 30 09:23:24 +0000 2025","5","aku udh mandi sholat makan minum beberes rumah bangun candi mendaki gunung sampe berenang mengarungi lautan juga ini SN belum keluaaaaarrr hshshrhrhrhnsjxhsksbr","1917510084273529164","","","in","","0","0","0","https://x.com/undefined/status/1917510084273529164","1907432538915880961",
"1917509064961265999","Wed Apr 30 09:23:15 +0000 2025","0","@byBoobiu_ Anjay turun gunung","1917510045492994244","","byBoobiu_","in","","0","1","0","https://x.com/undefined/status/1917510045492994244","1481937267652706304",
"1917505484548104449","Wed Apr 30 09:22:33 +0000 2025","0","kadang masih suka ngerasa kayak mimpi pulang pergi jkt-mlg yg 12jam++ itu semua dikerjain sendirian di kos jalan kaki kemana mana sendiri punya temen anak jatim keliling kota yg tadinya asing sampe hapal jalan tikusnya nemu makanan enak bisa liat view gunung yg sejelas itu","1917509869000876342","","chocoblueez","in","","0","1","0","https://x.com/undefined/status/1917509869000876342","1314060504994729984",
"1917509386072908113","Wed Apr 30 09:20:37 +0000 2025","0","Jokowi Turun Gunung! Hadapi Langsung Tudingan Ijazah Palsu ke Polda Metro Jaya https://t.co/76CzHUvAaL","1917509386072908113","","","in","","0","0","0","https://x.com/undefined/status/1917509386072908113","2923415096",
"1917220500402757813","Wed Apr 30 09:20:07 +0000 2025","2","@somexthread Nih lah buat yg pada suka naik gunung tuh tolong kaya abang² ini lah. Merhatiin sekitar dan gak apa² dikira setan mentang² banyak cerita horor di gunung. Solidaritasnya loh.","1917509260151513412","","somexthread","in","","0","0","0","https://x.com/undefined/status/1917509260151513412","1248853576866095106",
"1917508974838177859","Wed Apr 30 09:18:59 +0000 2025","0","Babinsa Koramil 02 Sdy Serda Nanang Pujatmiko dan Koptu Nicholas Aditya menghadiri Undangan Pengajian dan bersholawat dengan Ustadz Miftahul Khoir. M.Sos (Cakcoy) dan Majelis Tuman Sholawatan bertempat di Masjid AR Rohmah Jetis Gunung Mojo Rt 24 Argosari Sedayu Bantul. https://t.co/YprGjT6WSD","1917508974838177859","https://pbs.twimg.com/media/GpxcPkKaYAEJMji.jpg","","in","","0","0","0","https://x.com/undefined/status/1917508974838177859","1413736055036022790",
"1917508892046811356","Wed Apr 30 09:18:40 +0000 2025","1","udah ngegosok dari jam 10 pagi sampe skrg jam setengah 5 sore tapi masih ada 4 gunung gosokan gue. belom yg lg dicuci ","1917508892046811356","","","in","","0","3","0","https://x.com/undefined/status/1917508892046811356","1719999684360704000",
"1917508303544082770","Wed Apr 30 09:16:19 +0000 2025","0","ALHAMDULILLAH AKHIRNYA AKU MENAMATKAN GUNUNG EVEREST https://t.co/oQhsQbT9jO","1917508303544082770","https://pbs.twimg.com/media/Gpxbo8baYAMvJOc.jpg","","in","","0","0","0","https://x.com/undefined/status/1917508303544082770","1569946016237101056",
"1917508222170325103","Wed Apr 30 09:16:00 +0000 2025","0","Ketua DEN Luhut kunjungi SMPN 23 Depok untuk evaluasi Program Makan Bergizi Gratis. Ia menekankan dampak sosial dan ekonomi dari program ini bagi generasi muda.https://t.co/WH4Ld8UoBm","1917508222170325103","","","in","","0","0","0","https://x.com/undefined/status/1917508222170325103","135795460",
"1917508003047366985","Wed Apr 30 09:15:08 +0000 2025","0","Akan merindui jam aku yg diturun temurun oleh kaklong since 2016. Akhirnya bersemadi di gunung rinjani jugak lol","1917508003047366985","","","in","","0","0","0","https://x.com/undefined/status/1917508003047366985","295750045",
"1917507968041640102","Wed Apr 30 09:14:59 +0000 2025","4","sudah menaklukan 2 gunung td everest cuma sampe camp 3 aja https://t.co/m5W0FCsqa1","1917507968041640102","https://pbs.twimg.com/media/GpxbKyfboAAgUtD.jpg","","in","","0","3","0","https://x.com/undefined/status/1917507968041640102","1802995388296945665",
"1917252041216499917","Wed Apr 30 09:12:45 +0000 2025","0","@ari_scbct jgn beli sandal gunung ya","1917507404440429031","","ari_scbct","in","","0","1","0","https://x.com/undefined/status/1917507404440429031","1833231891518132228",
"1917507274467066298","Wed Apr 30 09:12:14 +0000 2025","2","#Earthquake (#terramoto) M4.7 strikes 247 km NE of Gunung Dilarini (#Timor-Leste) 29 min ago. More info: https://t.co/KxFGfHM0nQ","1917507274467066298","","","in","","0","0","1","https://x.com/undefined/status/1917507274467066298","2449645080",
"1917500084339761434","Wed Apr 30 09:12:02 +0000 2025","0","@hyunjinaira mending naaiii aku cuma bisa gambar 2 gunung yg tengah nya ada matahari ","1917507223774978222","","hyunjinaira","in","","0","0","0","https://x.com/undefined/status/1917507223774978222","1201134342182825989",
"1917057518058246351","Wed Apr 30 09:11:59 +0000 2025","0","@cherryambers xuanye milih bertapa di gunung sendirian abis ini","1917507209724059756","","cherryambers","in","","0","0","0","https://x.com/undefined/status/1917507209724059756","1723326344958984192",
"1917505055319810448","Wed Apr 30 09:11:36 +0000 2025","0","@21stfolder meleng dikit jd anak gunung","1917507116803449207","","21stfolder","in","","0","1","0","https://x.com/undefined/status/1917507116803449207","1764294200626135040",
"1917507022565826784","Wed Apr 30 09:11:14 +0000 2025","0","mau naik gunung tp gapunya temen ","1917507022565826784","","","in","","0","2","0","https://x.com/undefined/status/1917507022565826784","1509075302840152064",
"1917453769694142961","Wed Apr 30 09:10:44 +0000 2025","0","@Iwanadityaa_ @zakiberkata Cuaca di Gunung Sumbing pada 12 Mei 2025 diperkirakan kering dengan suhu tinggi khas musim kemarau yang dimulai bulan Mei. Di dataran rendah sekitar Jawa Tengah suhu berkisar 29-33°C tetapi di puncak (3.371 m) akan lebih sejuk mungkin 15-20°C. Meski demikian hujan petang","1917506897403600982","","Iwanadityaa_","in","","0","0","0","https://x.com/undefined/status/1917506897403600982","1720665183188922368",
"1917498674344780007","Wed Apr 30 08:51:42 +0000 2025","0","@weirdow0rldd Gunung sindur","1917502107298754794","","weirdow0rldd","in","","0","0","0","https://x.com/undefined/status/1917502107298754794","1724249869823676416",
"1917471555342458986","Wed Apr 30 08:51:19 +0000 2025","0","@glunwook Nuki mau jd penunggu gunung iah?","1917502012092211373","","glunwook","in","","0","1","0","https://x.com/undefined/status/1917502012092211373","1821019650844717057",
"1917501926188450196","Wed Apr 30 08:50:59 +0000 2025","1","Euy ada cewek cewek yg suka naik gunung? Aku mau tanya-tanya dong nanti aku dm ya","1917501926188450196","","","in","","0","2","0","https://x.com/undefined/status/1917501926188450196","1248335621988311041",
"1917501852868042766","Wed Apr 30 08:50:41 +0000 2025","0","Perasaan mau naek gunung ada ajaaaaa halangan dan rintangan nya weehh ","1917501852868042766","","","in","","0","0","0","https://x.com/undefined/status/1917501852868042766","1645470710",
"1917478396281643175","Wed Apr 30 08:50:20 +0000 2025","0","@chemiscal daritadi aku pantauin naik gunung mulu","1917501763143491813","","chemiscal","in","","0","1","0","https://x.com/undefined/status/1917501763143491813","1869245171646509056",
"1917501559623278840","Wed Apr 30 08:49:31 +0000 2025","1","Niatnya slow living kerja remote dari Kabupaten lereng gunung musuhnya cuma satu mati listrik tiba-tiba &amp; lama tanpa pemberitahuan.","1917501559623278840","","","in","","0","0","0","https://x.com/undefined/status/1917501559623278840","47787404",
"1917501356073775232","Wed Apr 30 08:48:43 +0000 2025","0","ada yang patah hati sama mas mas gunung nih kayanya wkwkwkwkw @Tazkiaamatul","1917501356073775232","","","in","","0","1","0","https://x.com/undefined/status/1917501356073775232","1090146902648090625",
"1917498812782047713","Wed Apr 30 08:46:17 +0000 2025","4","@aewin86 wah klo doi yg udh turun gunung sbntr lagi tempias tuh para penyabotasi program.","1917500743235559629","","aewin86","in","","0","0","1","https://x.com/undefined/status/1917500743235559629","11954752",
"1917475227271061633","Wed Apr 30 08:45:04 +0000 2025","0","@luvluosahi yesss anak gunung ","1917500439026884750","","luvluosahi","in","","0","0","0","https://x.com/undefined/status/1917500439026884750","1112934420346855426",
"1917475227271061633","Wed Apr 30 08:44:38 +0000 2025","0","@danoheunn rumah kamu gunung kah byy?","1917500328825741688","","danoheunn","in","","0","1","0","https://x.com/undefined/status/1917500328825741688","1515321933616726017",
"1917499975648567357","Wed Apr 30 08:43:14 +0000 2025","0","Tolak Pengembangan Wisata Alam Gunung Pinang Warga Geruduk Kantor Balai Perhutani di Kramatwatu Serang https://t.co/EugeYF4881","1917499975648567357","","","in","","0","0","0","https://x.com/undefined/status/1917499975648567357","775598663024259072",
"1917499300009107973","Wed Apr 30 08:40:33 +0000 2025","0","Bergegar gunung gemora","1917499300009107973","","","in","","0","0","0","https://x.com/undefined/status/1917499300009107973","496764343",
"1917499227342790714","Wed Apr 30 08:40:15 +0000 2025","0","Hancur gunung tursina","1917499227342790714","","","in","","0","0","0","https://x.com/undefined/status/1917499227342790714","496764343",
"1917499106274205840","Wed Apr 30 08:39:47 +0000 2025","1","Hallo...Moots.. Kindly help me to RT!!!! Aku ada lowker utk Admin posisi di daerah Gunung Putri Bogor.. Real Admin.. Boleh di dm aja ya..Tp slowres ya lg di dlm instansi.. Syusyah signal..","1917499106274205840","","","in","","0","1","8","https://x.com/undefined/status/1917499106274205840","2276902196",
"1917498812782047713","Wed Apr 30 08:38:37 +0000 2025","17","Luhut Turun Gunung Cek Program Makan Bergizi Gratis Ini Hasilnya https://t.co/x8xqkj625Q","1917498812782047713","","","in","","1","3","3","https://x.com/undefined/status/1917498812782047713","119691957",
"1917498515150065829","Wed Apr 30 08:37:26 +0000 2025","0","Seberapa benci sama perokok? 2 minggu yg lalu daki gunung. Karena ada masalah sama tenda dari pihak open trip akhirnya kita ngungsi dulu di pondok emergency yg isinya abang-abang ngerokok (beneran ampe ngebul di ruangan itu). Hasilnya? masih flu ampe sekarang. Dahlah..","1917498515150065829","","","in","","0","0","0","https://x.com/undefined/status/1917498515150065829","1293178960579198977",
"1917466871466713304","Wed Apr 30 08:37:24 +0000 2025","0","@alfinrizalisme Kalo daruz naik gunung tapi gak mau sampe puncak","1917498507319205991","","alfinrizalisme","in","","0","1","0","https://x.com/undefined/status/1917498507319205991","397894853",
"1917452858313826534","Wed Apr 30 08:36:30 +0000 2025","0","@sbyfess Bagi seng gurung tau gunung timbang menyusahkan diri sendiri mending gawe jaket gunung ae. Track e penanggungan garai gombyos angin e banter rawan masuk angin. Gawe jaket gunung ae ben gak sakit masuk angin.","1917498281690816851","","sbyfess","in","","0","1","0","https://x.com/undefined/status/1917498281690816851","311843878",
"1917495631414976905","Wed Apr 30 08:28:10 +0000 2025","0","Waktu itu berkabut. Pas tiba2 kabutnya kebelah orangnya yang lari ilang &amp; papa ku udah tipis bgt dari bibir jurang. Untung masih disayang Tuhan. Sejak itu kalo aku naik gunung papa selalu bilang jangan terlalu karab sama orang gak dikenal. Bukannya sombong tapi demi safety..","1917496184563958040","","Hangyulali","in","","0","1","0","https://x.com/undefined/status/1917496184563958040","1124738354069696512",
"1917495631414976905","Wed Apr 30 08:25:58 +0000 2025","0","Kalo kalian naik gunung please banget insting &amp; waspadanya dinyalain. Apalagi perihal ngikutin orang asing. Pengalaman papa ku pas naik gunung lawu dia ketemu orang asing. Terus gak tau gimana bisa kesirep ngikutin sosok ini lari kenceng banget.","1917495631414976905","","","in","","0","1","0","https://x.com/undefined/status/1917495631414976905","1124738354069696512",
"1915772950546124811","Wed Apr 30 08:24:43 +0000 2025","0","@Minjenng majja ak tunggu km di depan gunung everest","1917495315617439842","","Minjenng","in","","0","1","0","https://x.com/undefined/status/1917495315617439842","772079281396600832",
"1915035203573256605","Wed Apr 30 08:23:49 +0000 2025","0","@cursedkidd Kak plis HP aku udah kayak ring light murah mau ngonten malah gelap lag-nya kayak sinyal di gunung! Butuh banget Galaxy A36 5G biar ngonten lancar tanpa drama storage almost full ! Menangin aku ya kak biar vibes kontenku gak cuma wacana #AwesomeIntelligence #GalaxyA36 5G","1917495091603857873","","cursedkidd","in","","0","0","0","https://x.com/undefined/status/1917495091603857873","1882256387121848320",
"1917495043717488669","Wed Apr 30 08:23:38 +0000 2025","1","Gunung Sumeru https://t.co/hfyZtQqca2","1917495043717488669","https://pbs.twimg.com/media/GpxPfSsaYAElFS8.jpg","","in","","0","0","0","https://x.com/undefined/status/1917495043717488669","1311180019637432320",
"1917417477304377813","Wed Apr 30 08:23:18 +0000 2025","0","@kebunmei enggak sih sbnernya daerahku kaki gunung merbabu 900-1000 mdpl","1917494960288587856","","kebunmei","in","","0","2","0","https://x.com/undefined/status/1917494960288587856","1443470394896175108",
"1917494661666812226","Wed Apr 30 08:22:07 +0000 2025","4","Gunung berapi Poás salah satu objek wisata paling populer di Kosta Rika mengeluarkan gumpalan abu setinggi 3 km ke langit pada pagi hari 23 April. https://t.co/lgFW4HTaog","1917494661666812226","https://pbs.twimg.com/amplify_video_thumb/1917494520440393728/img/LdAk_9g_aEMWXVJO.jpg","","in","","0","0","0","https://x.com/undefined/status/1917494661666812226","23772644",
"1917014564530688297","Wed Apr 30 08:20:05 +0000 2025","1","@rdumphhh @TokPerak8 Kedah punya banyak tempat menarik! Berikut 20 lokasi wajib singgah: 1. Pulau Langkawi - Pantai Cenang Sky Bridge Kilim Geoforest. 2. Gunung Jerai - Pemandangan menawan Muzium Perhutanan. 3. Lembah Bujang - Tapak arkeologi Hindu-Buddha purba. 4. Masjid Zahir - Seni bina","1917494150787915967","","rdumphhh","in","","0","0","0","https://x.com/undefined/status/1917494150787915967","1720665183188922368",
"1917494113634771211","Wed Apr 30 08:19:56 +0000 2025","1","Basecamp pendakian Gunung Kembang via Blembem Wonosobo https://t.co/CkGqtdIkF4","1917494113634771211","https://pbs.twimg.com/media/GpxOuEia8AAlzU_.jpg","","in","","0","1","0","https://x.com/undefined/status/1917494113634771211","81120243",
"1917493527296238027","Wed Apr 30 08:17:36 +0000 2025","3","Gunung Semeru Meletus 8 Kali Semburan Kolom Abu Capai 1.000 Meter / #gunungsemeru https://t.co/mhze9yQON3","1917493527296238027","","","in","","0","0","0","https://x.com/undefined/status/1917493527296238027","23343960",
"1917493387147493571","Wed Apr 30 08:17:03 +0000 2025","17","Euy punya pacar kalau main sm temenya ke curug ke gunung atau touring ke yogyakarta ge di hayu keun Coba aku ngajak ke kbp aja malah bilang jauh cuma makan dimsum dong lg Ini aku yg tidak di usahakan atau emg aku yg baperan yah?","1917493387147493571","","","in","","1","22","1","https://x.com/undefined/status/1917493387147493571","1248335621988311041",
"1917493302145999126","Wed Apr 30 08:16:43 +0000 2025","2","channel axel update setelah sekian abad rasanya kaya dapet udara segar dari gunung fuji (mff alay tapi ini riil)","1917493302145999126","","","in","","0","1","1","https://x.com/undefined/status/1917493302145999126","1253480104090431490",
"1917492794073178191","Wed Apr 30 08:14:42 +0000 2025","0","Cek JamDinding Ukir HOME Sweet Hme AESTHETIC MINIMALIS POHON GUNUNG Dinding Ruang Tamu Kamar tidur dengan harga Rp46.435. Dapatkan di Shopee sekarang! https://t.co/QjBm0mQTPs #PahalgamTerroristAttack","1917492794073178191","","","in","","0","0","0","https://x.com/undefined/status/1917492794073178191","1413362564843544577",
"1917492686367645758","Wed Apr 30 08:14:16 +0000 2025","0","Aku mau ke pantai gunung kidul minggu depan siapa yang mau ikuuttt","1917492686367645758","","","in","","0","2","0","https://x.com/undefined/status/1917492686367645758","1140621421221072897",
"1917492360986124792","Wed Apr 30 08:12:58 +0000 2025","0","Pak Bupati KBB punten pisan hoyong di cek jalan jelek di gunung bentang (yang belok dari bunderan ikea) disana selain jalan rusak juga jadi tempat pembuangan sampah. mohon di cek dan di edukasi warga nya pak supaya tidak buang sampah sembarangan. @jeje_govinda https://t.co/KdlXYTQdMf","1917492360986124792","https://pbs.twimg.com/media/GpxNIX0aYAI4uR9.jpg","","in","","0","0","0","https://x.com/undefined/status/1917492360986124792","1177114380262969344",
"1917492196678459428","Wed Apr 30 08:12:19 +0000 2025","0","Informasi Gunung Api: Gunung Semeru Jawa Timur Erupsi *SUMBER DATA* KESDM Badan Geologi PVMBG Pos Pengamatan Gunungapi Semeru https://t.co/k4HBFdLdPV https://t.co/tmZubpT0iV *Media Sosial PVMBG* https://t.co/QUmQXAA3uN #semeru https://t.co/NSMEnVSujV","1917492196678459428","","","in","","0","0","0","https://x.com/undefined/status/1917492196678459428","924393535",
"1917492012246523987","Wed Apr 30 08:11:35 +0000 2025","0","kemaren menempuh jarak 144km nyetir naik turun gunung buat ke pantai dan hari ini tumbang ","1917492012246523987","","","in","","0","0","0","https://x.com/undefined/status/1917492012246523987","1645768890457411585",
"1917228674635399590","Wed Apr 30 08:11:13 +0000 2025","0","@tanyarlfes kamu naik gunung dibayarin cowo mu kah nder","1917491918914871490","","tanyarlfes","in","","0","0","0","https://x.com/undefined/status/1917491918914871490","1524625084475854848",
"1917491912833130953","Wed Apr 30 08:11:11 +0000 2025","0","Day kek gunung ijo banget #LeapDaySeriesEP4 #ppnaravit https://t.co/4cQUocu76i","1917491912833130953","https://pbs.twimg.com/ext_tw_video_thumb/1917485489646624769/pu/img/pkm22HW0oUiJq6bF.jpg","","in","","0","0","0","https://x.com/undefined/status/1917491912833130953","1817757041232158720",
"1917491435412292057","Wed Apr 30 08:09:18 +0000 2025","1","Tak nak mengharap tapi harapan setinggi gunung kinabalu","1917491435412292057","","","in","","0","0","1","https://x.com/undefined/status/1917491435412292057","400154117",
"1917281735819289008","Wed Apr 30 08:08:55 +0000 2025","0","@novellubi SAYANG AWAK SETINGGI GUNUNG KINABALU DI BORNEO","1917491341103358061","","novellubi","in","","0","0","0","https://x.com/undefined/status/1917491341103358061","400154117",
"1917491202544357519","Wed Apr 30 08:08:22 +0000 2025","8","bulan ini 3 gunung‍","1917491202544357519","","","in","","0","5","1","https://x.com/undefined/status/1917491202544357519","1754744180528861184",
"1917490714453369278","Wed Apr 30 08:06:26 +0000 2025","0","ktemu abang-abang yujiem hobi nge-daki gunung wow","1917490714453369278","","","in","","1","0","0","https://x.com/undefined/status/1917490714453369278","1693807215369662464",
"1917467636667146557","Wed Apr 30 08:05:56 +0000 2025","1","@soulofdanny_ Puncak gunung Api Banda https://t.co/w75CHEwLei","1917490587986702418","https://pbs.twimg.com/media/GpxLhtiaYAQIQ2M.jpg","soulofdanny_","in","","0","0","1","https://x.com/undefined/status/1917490587986702418","2412572689",
"1917364261896216809","Wed Apr 30 08:05:41 +0000 2025","0","@CimahiRes @neVerAl0nely Anggota anda banyak yang perlu dibina ulang mulai dari Padalarang sampai gunung halu makanya turunkan Intel untuk memantau kelakuan anggota di bawah.","1917490527467102253","","CimahiRes","in","","0","0","0","https://x.com/undefined/status/1917490527467102253","1097659379015344128",
"1917429866271760518","Wed Apr 30 08:03:11 +0000 2025","1","@kuningluardalam gunung bromo gunung kelud","1917489896698400948","","kuningluardalam","in","","0","2","0","https://x.com/undefined/status/1917489896698400948","1043907417547784192",
"1917489090901205142","Wed Apr 30 07:59:59 +0000 2025","1","sekarang belajar gunung apiku merambah ke eksplorasi geotermal.................... https://t.co/VVDzTm3itl","1917489090901205142","https://pbs.twimg.com/media/GpxKD0OaYAATeKx.jpg","","in","","0","0","0","https://x.com/undefined/status/1917489090901205142","232754219",
"1917488946667479272","Wed Apr 30 07:59:24 +0000 2025","0","Outfit ke madya kayaknya gue fix pake sendal Gunung ga Bawa denimoljz pake kaos pake celana jeans to yang koloran aja.","1917488946667479272","","","in","","0","0","0","https://x.com/undefined/status/1917488946667479272","1870871225360433152",
"1917488543737471452","Wed Apr 30 07:57:48 +0000 2025","84","Dirumah aja gunung autorame https://t.co/uyAq4refTB","1917488543737471452","https://pbs.twimg.com/media/GpxJqhnbQAA9nOt.jpg","","in","","12","8","15","https://x.com/undefined/status/1917488543737471452","1151820379012227075",
"1917488104363155634","Wed Apr 30 07:56:03 +0000 2025","1","info adopt kitten dong area gunung pati semarang (UNNES) plis butuh bgt kucing nnt aku samper","1917488104363155634","","","in","","0","4","0","https://x.com/undefined/status/1917488104363155634","1483414156204470273",
"1917204382812434931","Wed Apr 30 07:55:19 +0000 2025","0","@Jateng_Twit gunung sewu ilang. lahane rusak","1917487919725699498","","Jateng_Twit","in","","0","0","0","https://x.com/undefined/status/1917487919725699498","30212238",
"1917487819985149979","Wed Apr 30 07:54:56 +0000 2025","0","Kalau tidak ada sepeda atau motor itu jalan kaki naik gunung atau bukit https://t.co/SvaOOLFXdD","1917487819985149979","","","in","","0","0","0","https://x.com/undefined/status/1917487819985149979","1902383775725838336",
"1917487811294552334","Wed Apr 30 07:54:54 +0000 2025","0","Miror yang belakang nya gunung tapi satu https://t.co/oCLQMhKp6t","1917487811294552334","https://pbs.twimg.com/media/GpxI_24a0AAZUeQ.jpg","","in","","0","3","0","https://x.com/undefined/status/1917487811294552334","1575996162427195392",
"1917484579491049856","Wed Apr 30 07:54:40 +0000 2025","0","mmfff aku tll sibuk mendaki gunung.... di roblox ","1917487752540741846","","zwyeettooth","in","","0","0","0","https://x.com/undefined/status/1917487752540741846","1085466403216416769",
"1916458178365259788","Wed Apr 30 07:53:21 +0000 2025","0","@hibessne Lautan masih bisa disebrangi kok bell gunung masih bisa di daki jadi apalah artinya jarak","1917487421270417710","","hibessne","in","","0","1","0","https://x.com/undefined/status/1917487421270417710","1569538212338745344",
"1917487406774902857","Wed Apr 30 07:53:17 +0000 2025","0","Emak Bapak w plg naik gunung bukannya istirahat ini malah nengokin cucu .","1917487406774902857","","","in","","0","0","0","https://x.com/undefined/status/1917487406774902857","62448183",
"1917213293690916989","Wed Apr 30 07:52:40 +0000 2025","0","@by_meaupee dulu temen gue yang anak sipil juga ngajarin main sims city yang baik gimana. emang enak punya temen anak sipil/ars untuk gue yang jiwa kreatifitasnya sebatas di gambar gunung dan sawah trus tengah2nya jalanan","1917487251547906495","","by_meaupee","in","","0","0","0","https://x.com/undefined/status/1917487251547906495","112696662",
"1917478922671075792","Wed Apr 30 07:52:28 +0000 2025","0","@rhenalyyrr km mah enak di gunung","1917487202302583121","","rhenalyyrr","in","","0","0","0","https://x.com/undefined/status/1917487202302583121","1547539876694085632",
"1916850174921785719","Wed Apr 30 07:51:33 +0000 2025","0","@XHoneyde @SyedSaddiq setinggi gunung kinabalu dah hahahahah btw aku buat upah resume upah assignment dan mcm2 penulisan. boleh dm sy ya jika berminat.","1917486968340206002","","XHoneyde","in","","0","0","0","https://x.com/undefined/status/1917486968340206002","804690378540478464",
"1917486841051181231","Wed Apr 30 07:51:02 +0000 2025","0","Menelusuri destinasi wisata di Majalengka ada apa saja? berikut beberapa tempat yang dapat kamu kunjungi saat weekend https://t.co/aVVIT0g6G8","1917486841051181231","","","in","","0","0","0","https://x.com/undefined/status/1917486841051181231","1404018642",
"1917328605513932978","Wed Apr 30 07:48:02 +0000 2025","0","@bckupacc99 ini cara halus untuk tolak hubungan macam mana puteri gunung ledang minta hantaran kat sultan. ","1917486086051488074","","bckupacc99","in","","0","0","0","https://x.com/undefined/status/1917486086051488074","485498006",
"1917458126082826458","Wed Apr 30 07:47:37 +0000 2025","0","@Jateng_Twit raono gunung sadar ","1917485978173989287","","Jateng_Twit","in","","0","1","0","https://x.com/undefined/status/1917485978173989287","1687432843759329280",
"1917473001764970877","Wed Apr 30 06:56:03 +0000 2025","11","gunungkidul adalah gunung yang ada di kidul (selatan) kulon progo adalah wilayah di kulon (barat)-nya sungai progo jadi kalau ada gunung di selatannya gunungkidul namanya gunung kidul gunungkidul kalau ada sungai progo di baratnya sungai progo namanya bisa kulon progokulon","1917473001764970877","","","in","","0","3","0","https://x.com/undefined/status/1917473001764970877","17523128",
"1917472990880751871","Wed Apr 30 06:56:00 +0000 2025","0","Cek SPEEDS Kursi Lipat Outdoor Portable Kursi Camping Folding Chair Gunung Kemah Mudah LX 031-14 dengan harga Rp56.700. Dapatkan di Shopee sekarang! https://t.co/h6eiMpbkEP https://t.co/mSl8eM20GX","1917472990880751871","https://pbs.twimg.com/media/Gpw7hexaYAEwrPc.jpg","","in","","0","0","0","https://x.com/undefined/status/1917472990880751871","1858878888627281920",
"1917472951907279116","Wed Apr 30 06:55:51 +0000 2025","1","gunung yang pernah gua jejali cuma Gunungkidul ","1917472951907279116","","","in","","0","2","0","https://x.com/undefined/status/1917472951907279116","1693587588559564800",
"1917406141585448985","Wed Apr 30 06:54:15 +0000 2025","0","@tannedgirl_ Asikk mo ke gunung mana nii??","1917472548574605534","","tannedgirl_","in","","0","0","0","https://x.com/undefined/status/1917472548574605534","1516221561438892032",
"1917472499518038511","Wed Apr 30 06:54:03 +0000 2025","13","PLISSS BUTUHHH JASAA PRINT APA GUA BUAT BALIHO? SPANDUK? GUA PAMERIN DI SPANDUK PECEL LELE PAKDHE GUA KALI YA??? Ada rencana ke gunung mana lagi bi?","1917472499518038511","","","in","","0","5","0","https://x.com/undefined/status/1917472499518038511","1507508871811674113",
"1917403554710708319","Wed Apr 30 06:53:57 +0000 2025","1","@harryvghn @mypriorityy Next mau kemana nih bi?? Apa ada wishlist mendaki ke gunung lain gitu?","1917472474935259201","","harryvghn","in","","0","0","0","https://x.com/undefined/status/1917472474935259201","3248096541",
"1917403554710708319","Wed Apr 30 06:52:09 +0000 2025","0","@harryvghn @mypriorityy Gunung apa aja yg udah pernah ditaklukin bi? Dan yg palingg berkesan yg mana kalo boleh tau?","1917472021484810282","","harryvghn","in","","0","0","0","https://x.com/undefined/status/1917472021484810282","941434745145122816",
"1917472019320561843","Wed Apr 30 06:52:08 +0000 2025","3","orang bego mana naik gunung pake docmart","1917472019320561843","","","in","","0","1","0","https://x.com/undefined/status/1917472019320561843","1892085745789304834",
"1917471555342458986","Wed Apr 30 06:50:18 +0000 2025","0","Aw h-3 nih turun gunung nih. ‍↔️","1917471555342458986","","","in","","0","8","0","https://x.com/undefined/status/1917471555342458986","1821019650844717057",
"1917453769694142961","Wed Apr 30 06:49:20 +0000 2025","0","@ahmadzuhriii @zakiberkata Maaf tanggal 10 dan 11 Mei 2025 di Gunung Prau kemungkinan besar akan hujan dengan peluang 75% setiap hari. Suhu dingin sekitar 10-15 6°C. Cuaca cerah tanpa hujan sepertinya sulit. Bawa perlengkapan hujan dan cek prakiraan terbaru mendekati tanggal tersebut karena prediksi","1917471311628230711","","ahmadzuhriii","in","","0","0","0","https://x.com/undefined/status/1917471311628230711","1720665183188922368",
"1917471198419771819","Wed Apr 30 06:48:53 +0000 2025","0","naik gunung bukan takut gakuat takut ngantuk wak","1917471198419771819","","","in","","0","1","0","https://x.com/undefined/status/1917471198419771819","1409371097418534912",
"1917471112394596556","Wed Apr 30 06:48:32 +0000 2025","0","Ini temlen isinya si gunung semua sekangen itu kah elu ama gue nung sampe temlen gue isinya elu doang ‍↔️‍↔️","1917471112394596556","","","in","","0","0","0","https://x.com/undefined/status/1917471112394596556","870202367957803008",
"1917449162049872092","Wed Apr 30 06:48:03 +0000 2025","0","@Mdy_Asmara1701 Samplingnya mungkin di alam ghoib Provinsi Genderuwo Gunung Merapi","1917470988851372215","","Mdy_Asmara1701","in","","0","0","0","https://x.com/undefined/status/1917470988851372215","1793056370968993792",
"1917453769694142961","Wed Apr 30 06:46:50 +0000 2025","0","@zakiberkata Apakah tanggal 10 dan 11 Mei di Gunung Prau akan cerah dan tidak hujan @grok ?","1917470685359923358","","zakiberkata","in","","0","1","0","https://x.com/undefined/status/1917470685359923358","128111950",
"1917403554710708319","Wed Apr 30 06:46:33 +0000 2025","0","@harryvghn @mypriorityy menurut kamu yang paling try hard banget gunung apa harr?","1917470613008179649","","harryvghn","in","","0","0","0","https://x.com/undefined/status/1917470613008179649","1693587588559564800",
"1917457076227563575","Wed Apr 30 06:46:33 +0000 2025","0","@miyauxyzzz Gunung yg tipis2 aja gas ","1917470611468870078","","miyauxyzzz","in","","0","0","0","https://x.com/undefined/status/1917470611468870078","2225991068",
"1917470520968409278","Wed Apr 30 06:46:11 +0000 2025","0","Selama ini warga disana jika mau menjalankan sholat berjamaah sholat jum at maka mereka hatus turun gunung kurang lebih 2 km Jadi kami mengajak para donatur dan orang orang baik untuk bersama mewujudkan impian mereka ini adalah ladang pahala bagi muslim pedalaman di Sulteng","1917470520968409278","","","in","","0","0","0","https://x.com/undefined/status/1917470520968409278","1155803196",
"1917470263731462589","Wed Apr 30 06:45:10 +0000 2025","6","Ngajak laki ke gunung kayak ngajak perempuan....","1917470263731462589","","","in","","0","0","0","https://x.com/undefined/status/1917470263731462589","904600766",
"1917403554710708319","Wed Apr 30 06:44:57 +0000 2025","268","@mypriorityy gunung agung ","1917470211558801597","","mypriorityy","in","","4","15","8","https://x.com/undefined/status/1917470211558801597","1497584542223564803",
"1917469697106403685","Wed Apr 30 06:42:55 +0000 2025","0","Mau mendaki gunung kh","1917469697106403685","","","in","","0","0","0","https://x.com/undefined/status/1917469697106403685","1333987396254277636",
"1917469659378639032","Wed Apr 30 06:42:46 +0000 2025","0","Polisi Grebek Indekos di Gunung Telihan Bontang Sabu 4 5 Gram Disita https://t.co/iXuQIHTVSS","1917469659378639032","","","in","","0","0","0","https://x.com/undefined/status/1917469659378639032","1256110480994656256",
"1917181024737620212","Wed Apr 30 06:41:47 +0000 2025","0","@pedas_manis56 Emang buat joging mas pendek. Dpt udara bersih jauh dr kenalpot &amp; rokok. Kalo jauh ya trail run ke gunung","1917469414192013764","","pedas_manis56","in","","0","1","0","https://x.com/undefined/status/1917469414192013764","904600766",
"1917469087917301821","Wed Apr 30 06:40:30 +0000 2025","2","Namun di luar lapangan Persedikab mencuri perhatian dunia dengan jersey tandang Siasat Surowono . Dirancang oleh Noto Sportswear bersama ilustrator Tara Yosi jersey ini mengangkat sejarah Goa Surowono dan simbol-simbol budaya Kediri seperti Gunung Kelud tiga prajurit https://t.co/X43h6pMtq6","1917469087917301821","https://pbs.twimg.com/media/Gpw3-HlaYAAX6dp.jpg","","in","","0","1","0","https://x.com/undefined/status/1917469087917301821","2394073585",
"1917468926398849413","Wed Apr 30 06:39:51 +0000 2025","0","1Raj 8:9: Dalam tabut itu tidak ada apa-apa selain dari kedua loh batu yang diletakkan Musa ke dalamnya di gunung Horeb yakni loh-loh batu bertuliskan perjanjian yang diadakan TUHAN dengan orang Israel pada waktu perjalanan mereka keluar dari tanah Mesir. ","1917468926398849413","","","in","","0","0","0","https://x.com/undefined/status/1917468926398849413","856553261079318529",
"1917467818498613577","Wed Apr 30 06:35:27 +0000 2025","0","Calon calon turun gunung lagi masuk streaming team kalo gini critanya","1917467818498613577","","","in","","1","0","0","https://x.com/undefined/status/1917467818498613577","154554204",
"1917467741016965360","Wed Apr 30 06:35:08 +0000 2025","1"," selamat siang dari aku ges ayo ketik 1 untuk kita temenan ketik 2 untuk dman ketik 3 untuk memanjat tebing mendaki gunung melewati lembah https://t.co/ExFMtuYevq","1917467741016965360","https://pbs.twimg.com/media/Gpw2v6MXkAAaxhA.jpg","","in","","0","17","0","https://x.com/undefined/status/1917467741016965360","539831151",
"1917467551526969518","Wed Apr 30 06:34:23 +0000 2025","0","#Tol_Jagorawi Mulai Tanggal 29 April 2025 - 02 Mei 2025 di Gunung Putri KM 21+400 - KM 21+200 arah Jakarta ada pekerjaan perbaikan jalan (Rekonstruksi Rigid) di lajur 1-bahu luar/kiri harap berhati-hati.","1917467551526969518","","","in","","0","0","0","https://x.com/undefined/status/1917467551526969518","540625251",
"1917467338494075242","Wed Apr 30 06:33:32 +0000 2025","0","udah banyak yg jelasin dari yg aku repost jadi tolong pahami letak salahnya kebijakan ini di mana bukan karna ego kesentil si cowo yg harus vasektomi bukan itu itu cuma pucuk gunung es nya yg bermasalah kan kewajiban vasektomi biar dapet bansos pdhl bansos itu hak mereka","1917467338494075242","","","in","","0","0","0","https://x.com/undefined/status/1917467338494075242","1787809207519240192",
"1917416535678935269","Wed Apr 30 06:31:43 +0000 2025","0","@iyoet__1075 @DianSandiU Jadi dia cm sekedar kenal dgn bbrp mahasiswa trus sering kumpul2 naik gunung bareng foto2 bareng. Kalo memang kuliah pasti ada teman waktu KKN yg bersaksi","1917466879456862288","","iyoet__1075","in","","0","1","0","https://x.com/undefined/status/1917466879456862288","1845488486851420160",
"1917059959092875645","Wed Apr 30 06:31:27 +0000 2025","0","@AiraNtieReal Beruntung kita masih memiliki Purnawirawan TNI sbg orang tua sepuh kita. Dan bila mereka kini turun gunung maka kita semua wajib bersama mereka.","1917466813866336507","","AiraNtiePuspa","in","","0","0","0","https://x.com/undefined/status/1917466813866336507","920780443401601024",
"1917400825082831190","Wed Apr 30 06:30:36 +0000 2025","1","@RirinVanderpand Weleh2 sptnya sista mulai lelah. Kaki gunung dibilang daki gunung. ","1917466597574467838","","RirinVanderpand","in","","0","0","0","https://x.com/undefined/status/1917466597574467838","1715085167558291456",
"1917111121292505533","Wed Apr 30 06:27:01 +0000 2025","0","@txtdaribogor kacauu euy mau naik gunung juga banyak punglinya @merahky","1917465695501312288","","txtdaribogor","in","","0","0","0","https://x.com/undefined/status/1917465695501312288","1002341514943475712",
"1886989413403460003","Wed Apr 30 06:26:23 +0000 2025","0","@kochengfs Sama padahal udah ketutup menurutku sampe kek jadi gunung gitu tapi tetep ajaaaa ngais ngais pasir goib","1917465538185552050","","kochengfs","in","","0","0","0","https://x.com/undefined/status/1917465538185552050","1539778460331061248",
"1917465377065558195","Wed Apr 30 06:25:45 +0000 2025","0","SEWA KURSI PIKNIK RENTAL ALAT GUNUNG CAMPING OUTDOOR PIKNIK GRILLPAN KOMUNIKASI CAMERA TRAVELING Info pemesanan atau tanya-tanya : WA : 089660909656 Buka Setiap Hari : . . ...⬇️⬇️⬇️ https://t.co/9YrR2hMsLl","1917465377065558195","https://pbs.twimg.com/media/Gpw0mToa4AAfjB5.jpg","","in","","0","1","0","https://x.com/undefined/status/1917465377065558195","2916534851",
"1917465065789480971","Wed Apr 30 06:24:31 +0000 2025","0","Cek Sandal Gunung Pria Wanita Casual Full Black LAF Project Jack V.1 dengan harga Rp149.000. Dapatkan di Shopee sekarang! https://t.co/FJ7gmSxBwQ https://t.co/Ek4BVVizfU","1917465065789480971","https://pbs.twimg.com/media/Gpw0UM2akAAwBfM.jpg","","in","","0","0","0","https://x.com/undefined/status/1917465065789480971","1846622878328041472",
"1917464763778621587","Wed Apr 30 06:23:19 +0000 2025","0","Cek Loggo - Urban Series - Sepatu Sandal Gunung Outdoor warna Abu size 38-43 dengan harga Rp82.300. Dapatkan di Shopee sekarang! https://t.co/MoCwB0X00B https://t.co/58d6F2Gitr","1917464763778621587","https://pbs.twimg.com/media/Gpw0ClzaYAA7TKC.jpg","","in","","0","0","0","https://x.com/undefined/status/1917464763778621587","1846622878328041472",
"1917416155456667792","Wed Apr 30 06:22:45 +0000 2025","0","@mlbbfess Gw ketua pengacara bulungan Gw ketua pengamen Gw presiden artis Gw punya gunung ","1917464623030362515","","mlbbfess","in","","0","0","0","https://x.com/undefined/status/1917464623030362515","1705928246536384513",
"1916840160593076378","Wed Apr 30 06:20:18 +0000 2025","0","@jiwooioh Skip dulu kalo gunung dd ","1917464007411392828","","","in","","0","0","0","https://x.com/undefined/status/1917464007411392828","2768398443",
"1917463830894108678","Wed Apr 30 06:19:36 +0000 2025","0","RENTAL ALAT GUNUNG CAMPING OUTDOOR PIKNIK GRILLPAN KOMUNIKASI CAMERA TRAVELING Info pemesanan atau tanya-tanya : WA : 089660909656 Buka Setiap Hari : . . ...⬇️⬇️⬇️ https://t.co/R07UPCXlqZ","1917463830894108678","https://pbs.twimg.com/media/GpwzMSpaYBQ8oyq.jpg","","in","","0","1","0","https://x.com/undefined/status/1917463830894108678","2916534851",
"1917429192012226716","Wed Apr 30 06:15:18 +0000 2025","0","@KeicambahUhuy gak rp banget anaknya masa naik gunung gapake sepatu sama gapake celanaaa","1917462747249533313","","KeicambahUhuy","in","","0","1","0","https://x.com/undefined/status/1917462747249533313","1549743222309945344",
"1917462704278888600","Wed Apr 30 06:15:08 +0000 2025","3","Danau Segara Anak yang berada di kawah Gunung Rinjani terbentuk dari letusan gunung purba Samalas pada abad ke-13 yang letusannya diperkirakan lebih dahsyat daripada letusan Krakatau tahun 1883. https://t.co/FyKTlTb5Bx","1917462704278888600","https://pbs.twimg.com/media/GpwyJwtaYAgg0NX.jpg","","in","","0","1","0","https://x.com/undefined/status/1917462704278888600","233471766",
"1917462534099198033","Wed Apr 30 06:14:27 +0000 2025","0","Rumah di jual luas tanah dan bangunan 144m surat sertifikat lokasi gunung putri Bogor harga 250jt masuk mobil #rumahdijual #jualRumah minat DM aja","1917462534099198033","","","in","","0","0","0","https://x.com/undefined/status/1917462534099198033","1603778085005819904",
"1917462523433083008","Wed Apr 30 06:14:24 +0000 2025","0","Cek SPEEDS Kursi Lipat Outdoor Portable Kursi Camping Folding Chair Gunung Kemah Mudah LX 031-14 dengan harga Rp56.700. Dapatkan di Shopee sekarang! https://t.co/x43ngVZqq7 https://t.co/3SO53kK2t4","1917462523433083008","https://pbs.twimg.com/media/Gpwx_vRaYAECA_7.jpg","","in","","0","0","0","https://x.com/undefined/status/1917462523433083008","1242286644436144133",
"1917432115710550435","Wed Apr 30 06:14:20 +0000 2025","0","@exsipient ga penah ke gunung kak haha","1917462505091391687","","exsipient","in","","0","1","0","https://x.com/undefined/status/1917462505091391687","754681543",
"1917462491371823146","Wed Apr 30 06:14:17 +0000 2025","1","Jam segini masih dilereng gunung. Pulangnya harus gendong kayu bakar juga. Menyala tungkuku","1917462491371823146","","","in","","0","0","0","https://x.com/undefined/status/1917462491371823146","1455796452387553283",
"1917462069479366969","Wed Apr 30 06:14:13 +0000 2025","0","Yang bilang angka kelahiran Indonesia rendah baca baik-baik datanya. Itu rata-rata yg menengah - atas ekonominya. Yang menengah bawah dan tidak memiliki akta/ identitas itu masih banyak loh. Indonesia ini masih kayak gunung es coy datanya","1917462476272329066","","bbbercanda","in","","0","0","0","https://x.com/undefined/status/1917462476272329066","1686197804178558976",
"1917462207400665462","Wed Apr 30 06:13:09 +0000 2025","0","Cek SPEEDS Kursi Lipat Outdoor Portable Kursi Camping Folding Chair Gunung Kemah Mudah LX 031-14 dengan harga Rp56.700. Dapatkan di Shopee sekarang! https://t.co/1ZfUQpoS9B https://t.co/44U1y6rBdK","1917462207400665462","https://pbs.twimg.com/media/GpwxtxObYAAI1r6.jpg","","in","","0","0","0","https://x.com/undefined/status/1917462207400665462","1079164368913260545",
"1917461830957687208","Wed Apr 30 06:11:39 +0000 2025","0","harus mendaki gunung dulu lol","1917461830957687208","","","in","","0","0","0","https://x.com/undefined/status/1917461830957687208","1678380031712821254",
"1917170640714633338","Wed Apr 30 06:10:11 +0000 2025","0","@varjnne rumah impian seperti ini akan terwujud kalau kita bisa tinggal di lembah gunung switzerland dengan keadaan ekonomi yang udah sangat stabil. nah karena aku penakut juga makanya aku kurang suka jendela yang besar dan tinggi-tinggi.","1917461459224912375","","varjnne","in","","0","1","0","https://x.com/undefined/status/1917461459224912375","3227452340",
"1917401647229329815","Wed Apr 30 06:07:07 +0000 2025","1","@fxbulous Tapi emng gengsinya setinggi gunung ka jadi ya susah jalan atu²nya ya ngajak ribut hehe","1917460689553338564","","fxbulous","in","","0","0","0","https://x.com/undefined/status/1917460689553338564","1781276400932327424",
"1917460377031553026","Wed Apr 30 06:05:53 +0000 2025","0","#Tol_Jagorawi Mulai Tanggal 29 April 2025 - 02 Mei 2025 di Gunung Putri KM 21+400 - KM 21+200 arah Jakarta ada pekerjaan perbaikan jalan (Rekonstruksi Rigid) di lajur 1-bahu luar/kiri harap berhati-hati.","1917460377031553026","","","in","","0","0","0","https://x.com/undefined/status/1917460377031553026","540625251",
"1917434304730386847","Wed Apr 30 06:00:52 +0000 2025","20","@hrdbacot di techbro banyak lead turun gunung nyangkul lagi ","1917459115879850118","","hrdbacot","in","","0","0","0","https://x.com/undefined/status/1917459115879850118","1318726245962588161",
"1917456475720671505","Wed Apr 30 06:00:43 +0000 2025","0","@yunaralert Gunung #LeapDaySeriesEP4","1917459077103509888","","yunaralert","in","","0","0","1","https://x.com/undefined/status/1917459077103509888","1863220423187746816",
"1917457172239376827","Wed Apr 30 05:53:09 +0000 2025","0","13:53 Wita Situasi Terkini Di Sekitar Jl. Gunung Nona Tetap fokus dan waspada selama di jalan #CCTVDiskominfoMKS #lalinmks *AHY https://t.co/FoAKNyhOby","1917457172239376827","https://pbs.twimg.com/amplify_video_thumb/1917457135178506240/img/roaziH-3EUD1Jz02.jpg","","in","","0","0","0","https://x.com/undefined/status/1917457172239376827","2476319472",
"1917447394893127866","Wed Apr 30 05:50:20 +0000 2025","0","@JareneAku Ini di gunung mana?","1917456464635125868","","JareneAku","in","","0","1","0","https://x.com/undefined/status/1917456464635125868","1058544205495070720",
"1917452858313826534","Wed Apr 30 05:47:15 +0000 2025","0","@sbyfess nggak sih... malah aku ga pake jaket.. cuma kaos lengan panjang aja...kalo udah pernah ke gunung di jateng.... yaa kurang lebih laah","1917455690236584260","","sbyfess","in","","0","0","0","https://x.com/undefined/status/1917455690236584260","187235531",
"1917453916511560014","Wed Apr 30 05:40:12 +0000 2025","0","Misteri Gunung Padang: Akankah Pemugaran di Tengah Kontroversi Fungsi Situs Kuno Memunculkan Penemuan Baru?!? https://t.co/7lSvEU9NPd #GunungPadang #MenteriKebudayaan #PemugaranGunungPadang #Piramida #SitusPurbakala #budaya #indonesiaviral","1917453916511560014","","","in","","0","1","0","https://x.com/undefined/status/1917453916511560014","1337831150287384576",
"1917453668053573887","Wed Apr 30 05:39:13 +0000 2025","0","sakura anak #gunung","1917453668053573887","","","in","","0","0","0","https://x.com/undefined/status/1917453668053573887","1592325557500645377",
"1917453218348687736","Wed Apr 30 05:37:26 +0000 2025","0","#Tol_Jagorawi Mulai Tanggal 29 April 2025 - 02 Mei 2025 di Gunung Putri KM 21+400 - KM 21+200 arah Jakarta ada pekerjaan perbaikan jalan (Rekonstruksi Rigid) di lajur 1-bahu luar/kiri harap berhati-hati.","1917453218348687736","","","in","","0","0","0","https://x.com/undefined/status/1917453218348687736","540625251",
"1917453209695838704","Wed Apr 30 05:37:24 +0000 2025","0","hawane wes hawa kemarau paling enak munggah gunung iki","1917453209695838704","","","in","","0","0","0","https://x.com/undefined/status/1917453209695838704","75007944",
"1917014564530688297","Wed Apr 30 05:37:22 +0000 2025","1","@real_remorse @TokPerak8 Dah esok awal nak balik tu. Takyah nak komplen sgt xdak tempat nak berjalan dekat loqstaq. Nak berjalan kena 2 3 hari. Pi Kodiang Changloon..dusun riffaa.. esok naik gunung jerai.. layan view.. turun gunung jenjalan pantai Ruat.. pi Tanjung Dawai. Naik bot pergi Pantai Merdeka..","1917453202926232025","","real_remorse","in","","0","0","0","https://x.com/undefined/status/1917453202926232025","1266036607",
"1917453053487374454","Wed Apr 30 05:36:47 +0000 2025","13","Alhamdulillah terima kasih Bapak dan ibu bos yang baik.. Diajak liburan tracking ke gunung Batur Bali... ","1917453053487374454","","","in","","0","1","1","https://x.com/undefined/status/1917453053487374454","1837384560105213954",
"1917438795814752484","Wed Apr 30 05:36:37 +0000 2025","0","@bunnysquireI @unsoedmfs Jalan gunung muria depan Bu agus tempatnya sering ngejastip kesitu","1917453015017218412","","bunnysquireI","in","","0","1","0","https://x.com/undefined/status/1917453015017218412","1214526663444164611",
"1917452858313826534","Wed Apr 30 05:36:00 +0000 2025","4","-rek yang udah ke penanggungan itu dingin banget kah kalo naik bulan mei ini ? Harus pake jaket bulu angsa kah? Atau ada saran outfit yang sesuai. dari temen Sender baru ini ndaki gunung jatim sebelumnya jateng.","1917452858313826534","","","in","","0","12","0","https://x.com/undefined/status/1917452858313826534","1152437175587241985",
"1917452652558057537","Wed Apr 30 05:35:11 +0000 2025","2","Bukan hoax atau tipu - tipu ya! Bulan ini full senyuuum karna ada 3 kali long weekend yang cocok untuk liburan #diLumajangAja . Butuh rekomendasi liburan kemana nih? Air Terjun Gunung Laut Kuliner Kesenian semuanya ada di Kabupaten Lumajang. https://t.co/ApL9Tdjvnr","1917452652558057537","https://pbs.twimg.com/media/GpwpBpWbsAAlAPO.jpg","","in","","0","0","1","https://x.com/undefined/status/1917452652558057537","915836267425710080",
"1917414809756393908","Wed Apr 30 05:29:25 +0000 2025","3","@kabarufo Setuju banget sih waktu itu aja saya pernah masuk ke dimensi pasar setan gunung lawu saya bahkan sempat berkomunikasi dengan penghuni pasar setan itu.","1917451199638560812","","kabarufo","in","","0","2","0","https://x.com/undefined/status/1917451199638560812","1710989204807987200",
"1917130691319595509","Wed Apr 30 05:27:40 +0000 2025","0","@bacottetangga__ Si cewe sendirian ngapain ke gunung?","1917450762470449340","","Goonddrong","in","","0","0","0","https://x.com/undefined/status/1917450762470449340","1062665952624398337",
"1917447060359635326","Wed Apr 30 05:26:59 +0000 2025","0","@A_RiriJYP48 @A_FionyJKT48 gw udah turun gunung naik rakit naik pesawat baling sampe pesawat normal lohh cep mau verif dong @A_FionyJKT48","1917450587068858764","","A_RiriJYP48","in","","0","0","0","https://x.com/undefined/status/1917450587068858764","1797281967966466048",
"1917450526700232891","Wed Apr 30 05:26:44 +0000 2025","0","Wtf lagi live di gunung lu mbak https://t.co/wTSF1eSGqg","1917450526700232891","https://pbs.twimg.com/media/GpwnFlraYAEhs1W.jpg","","tl","","0","0","0","https://x.com/undefined/status/1917450526700232891","1171688369601925120",
"1917445787640037803","Wed Apr 30 05:26:01 +0000 2025","0","@suiwhh kalah bgt sm cerita legend orang tua yg ngelewatin gunung sampe lembah-lembah","1917450345678266881","","suiwhh","in","","0","1","0","https://x.com/undefined/status/1917450345678266881","1645717152002097152",
"1917449734165520519","Wed Apr 30 05:24:52 +0000 2025","0","Vt paling kanan adalah view ratusan ribu pertama berkat pak jokowi pernah naik gunung kerinci ingat orang berbuat buruk juga pasti ada buat baik ko jadi jangan sebelah mata aja ya menilai orang. Lalu vt tengah itu kepergian mbok yem pemilik warung tertinggi di jawa tengah ","1917450055570841751","","imam_malikh","in","","0","1","0","https://x.com/undefined/status/1917450055570841751","1352602059401400324",
"1917449809813987710","Wed Apr 30 05:23:53 +0000 2025","0","ikon mending mandi tuju kembang meditasi tuju hari tuju malem mengelilingi tuju danau menaiki tuju gunung dulu","1917449809813987710","","","in","","0","0","0","https://x.com/undefined/status/1917449809813987710","1305811607511916545",
"1917448746306265349","Wed Apr 30 05:19:40 +0000 2025","1","Seorang pendaki wanita tersesat di Gunung Bulu Bialo Sulsel 26 April 2025 setelah diajak turun oleh orang tak dikenal lalu tertinggal. Pendaki lain sigap menyelamatkannya. Kasus ini jadi pengingat pentingnya persiapan keselamatan dan pendakian dalam kelompok yang dikenal. https://t.co/kwxJmNxEdQ","1917448746306265349","https://pbs.twimg.com/amplify_video_thumb/1917448443766923267/img/y0FC1nFI1hEt9Bf2.jpg","","in","","0","0","0","https://x.com/undefined/status/1917448746306265349","1892054019734110208",
"1917446458321822177","Wed Apr 30 05:17:09 +0000 2025","0","@leehancute Naik gunung gede (tesan)","1917448112446308364","","leehancute","in","","0","0","0","https://x.com/undefined/status/1917448112446308364","1774189536526073856",
"1916771931732185268","Wed Apr 30 05:16:17 +0000 2025","0","@rendramaul @tanyarlfes Gunung","1917447895164584237","","akubukangenz","in","","0","0","0","https://x.com/undefined/status/1917447895164584237","1549447884",
"1917353984907698250","Wed Apr 30 05:16:12 +0000 2025","0","@my_supersoccer Kalau Ole dulu setelah kalah 0-2 di kandang lawan PSG bilang gini gunung ada untuk didaki. Ayo kah nal jelas masih bisa itu di bernabeu aja bisa menang 1-2 ","1917447874587287871","","my_supersoccer","in","","0","0","0","https://x.com/undefined/status/1917447874587287871","1779824206911504384",
"1917381197237477476","Wed Apr 30 05:15:57 +0000 2025","0","@babegini Mendaki gunung gak kayak ke mall bisa sendirian.","1917447811240714560","","babegini","in","","0","0","0","https://x.com/undefined/status/1917447811240714560","483531313",
"1917446230982156414","Wed Apr 30 05:13:50 +0000 2025","2","@AirinDatangLagi Salut buat bang @SianiparRismon . Tunggu dia turun gunung dulu baru bisa seseru ini . Btw jadi ngefans aku sama abang ku imi. Gaya berbicara nya logat batak nya ","1917447278052471266","","AirinDatangLagi","in","","0","1","0","https://x.com/undefined/status/1917447278052471266","1729372240679170048",
"1917446745803366432","Wed Apr 30 05:11:43 +0000 2025","0","Turun Gunung Jokowi Laporkan Tudingan Ijazah Palsu ke Polda Metro Jaya https://t.co/kBvaYVdsqr","1917446745803366432","","","in","","0","0","0","https://x.com/undefined/status/1917446745803366432","89877164",
"1917446182038823251","Wed Apr 30 05:11:05 +0000 2025","0","@mencshester setuju ganti foto gunung sayung","1917446585304375735","","mencshester","in","","0","1","0","https://x.com/undefined/status/1917446585304375735","1665541439194021889",
"1917446548851679461","Wed Apr 30 05:10:56 +0000 2025","8","Mohon doa yang sebanyak-banyaknya untuk teman kita yang masih dalam proses pencarian di jalur pendakian Gunung Binaya. Mohon doa terbaik semoga survivor firdaus ahmad fauzi warga cibungbulang bogor dapat segera ditemukan dalam kondisi sehat dan selamat. Aamiin. https://t.co/OnkOqBcAkF","1917446548851679461","https://pbs.twimg.com/ext_tw_video_thumb/1917446479456919555/pu/img/1rBp0qtapC-2R048.jpg","","in","","0","1","0","https://x.com/undefined/status/1917446548851679461","1481664544431042563",
"1866087256932733129","Wed Apr 30 05:09:11 +0000 2025","0","@hiibyezi Gua yakin loe pasti akan di bawa jin penunggu gunung laly dikawinin buktikan saja kalau sdh bukti balik lg kesini kabarin gua ya","1917446110676934951","","laronperll","in","","0","1","0","https://x.com/undefined/status/1917446110676934951","1873120520285376512",
"1917328605513932978","Wed Apr 30 05:09:05 +0000 2025","4","@luluchann18 @bckupacc99 Bukan hantaran tinggi adalah soft way of rejection ke Mcm Puteri Gunung Ledang","1917446085196591293","","luluchann18","in","","0","1","1","https://x.com/undefined/status/1917446085196591293","1477298011399081984",
"1917014564530688297","Wed Apr 30 05:06:31 +0000 2025","0","@TokPerak8 Pi Gunung Jerai","1917445439491825698","","TokPerak8","in","","0","0","0","https://x.com/undefined/status/1917445439491825698","1365457188362223617",
"1917403554710708319","Wed Apr 30 05:06:03 +0000 2025","0","@harryvghn Setiap langkah ada cerita ketika di perjalanan yg bisa kita ceritakan perjuangannya. Ketika sampai puncak yg bisa kita ceritakan adalah keberhasilan nya bonus bisa melihat keindahan puncak gunung.","1917445318645538879","","harryvghn","in","","0","0","0","https://x.com/undefined/status/1917445318645538879","820617728625020928",
"1917445262131486919","Wed Apr 30 05:05:49 +0000 2025","0","#Tol_Jagorawi Mulai Tanggal 29 April 2025 - 02 Mei 2025 di Gunung Putri KM 21+400 - KM 21+200 arah Jakarta ada pekerjaan perbaikan jalan (Rekonstruksi Rigid) di lajur 1-bahu luar/kiri harap berhati-hati.","1917445262131486919","","","in","","0","0","0","https://x.com/undefined/status/1917445262131486919","540625251",
"1917438765020373144","Wed Apr 30 05:05:45 +0000 2025","0","@iceteastea iyaaa harus lewatin gunung dulu WKWKWKWK","1917445243412344918","","iceteastea","in","","0","0","0","https://x.com/undefined/status/1917445243412344918","1213466459893989376",
"1917444925534396536","Wed Apr 30 05:04:29 +0000 2025","0","Kangen gunung yaAllah","1917444925534396536","","","in","","0","0","0","https://x.com/undefined/status/1917444925534396536","2267193696",
"1917428540355797084","Wed Apr 30 05:01:25 +0000 2025","1","Bhabinkamtibmas Polsek Kalibaru Bripka Yoki Suryo Putro dampingi petani panen jagung di lahan Bu Risma Dusun Gunung Raung Desa Kajarharjo @Polres_Bwi #ketahananpangan #swasembadapangan #astacita #ketahananpanganpolrestabanyuwangi #PolrestaBanyuwangi #kombespolramasamtamaputra","1917444153023385607","","kukuh820","in","","0","0","0","https://x.com/undefined/status/1917444153023385607","960314975674712064",
"1917443798592020525","Wed Apr 30 05:00:00 +0000 2025","0","aduhhh.. mau ke pim tp gabole boros soalnya mo naik gunung ","1917443798592020525","","","in","","0","1","0","https://x.com/undefined/status/1917443798592020525","1191021073032081408",
"1917443296143761507","Wed Apr 30 04:58:00 +0000 2025","2","Jimny sj 410? Pernah piara 3 taun waktu kuliah. Modal mesin sehat ban lumpur. Trek sukawana - gunung putri lembang masi berani pergi sendiri. Gardannya emang top markotob ni mobil https://t.co/z2wcDtMnOe","1917443296143761507","https://pbs.twimg.com/media/GpwggseaoAAP8ws.jpg","","in","","0","0","0","https://x.com/undefined/status/1917443296143761507","976729111031771136",
"1917249278424277025","Wed Apr 30 04:57:14 +0000 2025","0","@FrismaTri Lucu mba n lah klo yang naik gunung tingkahnya lucu mba haha","1917443100928270514","","FrismaTri","in","","0","0","0","https://x.com/undefined/status/1917443100928270514","1614346927407239168",
"1917443066572726497","Wed Apr 30 04:57:06 +0000 2025","0","pdhl pngn kali naik gunung ","1917443066572726497","","","in","","0","0","0","https://x.com/undefined/status/1917443066572726497","1674421860711424002",
"1888986634970136847","Wed Apr 30 04:54:34 +0000 2025","0","@iwoosug tapi kenapa punya Gikselle udah gunung lagi padahal baru bentar. oalah abang di ca aja ya? apa sibuk ngect? ‍↔️ BENER KAN NGECT. mau mau tapi pingsan... GOnya masih lama ga abang? eh iya kah? oa merah lagu bukan..? tapi kalo pegang kaki cwk abang mah mau kan bang? ;)","1917442432498819153","","iwoosug","in","","0","1","0","https://x.com/undefined/status/1917442432498819153","1490231554395684865",
"1917442254412873902","Wed Apr 30 04:53:52 +0000 2025","0","Aku survey camp kat kedah total 3 bulan je tapi aku dah explore gunung jerai tanjung dawai sawah padi (dulu tak panas macam sekarang). Paling takleh move on dapat breakfast lunch dinner total bawah rm20 sehari dan sate 30 sen di kala waktu tu shah aley sate dah 50 sen","1917442254412873902","","","in","","0","0","0","https://x.com/undefined/status/1917442254412873902","862898142210965504",
"1917381417350357166","Wed Apr 30 04:53:38 +0000 2025","0","@wibisonoaji2 Nasinya ga bau ta bang dibawa kepuncak. Itu lama ga naik gunung nya Biasanya sepiring berdua ini sebungkus berdua xixixi","1917442193889058952","","wibisonoaji2","in","","0","1","0","https://x.com/undefined/status/1917442193889058952","1433750119946473478",
"1917381417350357166","Wed Apr 30 04:50:29 +0000 2025","1","@yosefikr Makan berdua nasibungkus dipuncak gunung.....","1917441405007585545","","yosefikr","in","","0","1","0","https://x.com/undefined/status/1917441405007585545","1604673293621301248",
"1917441301819318352","Wed Apr 30 04:50:05 +0000 2025","1","Pendaki Everest Akan Dibatasi Hanya Pendaki Berpengalaman di Gunung 7.000 Meter Lebih ~SA #Everest #Pendaki https://t.co/EwsWYYYD5W","1917441301819318352","","","in","","0","0","0","https://x.com/undefined/status/1917441301819318352","23343960",
"1917228674635399590","Wed Apr 30 04:49:48 +0000 2025","0","@tanyarlfes Gas ae nderr. Minimal seumur hidup harus naik gunung karna seindah ituuu","1917441229190750649","","tanyarlfes","in","","0","0","0","https://x.com/undefined/status/1917441229190750649","2395446763",
"1917402968368017472","Wed Apr 30 04:49:36 +0000 2025","0","@jusmelon999 iyaa cakep banget kalo pagi viewnya gunung malemnya citylight","1917441181492933026","","jusmelon999","in","","0","0","0","https://x.com/undefined/status/1917441181492933026","1479673486737952771",
"1917436126023016456","Wed Apr 30 04:29:31 +0000 2025","0","Gunung Padang: Misteri Megalitik yang Menantang Sejarah Menteri Kebudayaan Fadli Zon Bakal Lakukan ini https://t.co/KXbfhPP7vg #GunungPadang #MenteriKebudayaan #PemugaranGunungPadang #Piramida #SitusPurbakala","1917436126023016456","","","in","","0","0","0","https://x.com/undefined/status/1917436126023016456","1337831150287384576",
"1917216270094840119","Wed Apr 30 04:27:20 +0000 2025","0","@nanadump9621 Aku gapunya meme kerja keras. Tapi ini real kerjaku naik turun lereng gunung https://t.co/BjKbEMSprw","1917435577852649819","https://pbs.twimg.com/media/GpwZdLfaYAAp1lW.jpg","nanadump9621","in","","0","0","0","https://x.com/undefined/status/1917435577852649819","1455796452387553283",
"1917411550689911041","Wed Apr 30 04:26:34 +0000 2025","0","@prettyseveej Ke gunung","1917435385728360546","","prettyseveej","in","","0","0","0","https://x.com/undefined/status/1917435385728360546","1718337301582082048",
"1917434883493834813","Wed Apr 30 04:24:35 +0000 2025","0","Dua warga cari nomor togel di Gunung Lawu malah diteror sosok setan tanpa kepala hingga lari terbirit-birit. Berikut cerita misterinya. https://t.co/D3eSfmxZ6j","1917434883493834813","","","in","","0","0","0","https://x.com/undefined/status/1917434883493834813","1404018642",
"1917434333838860497","Wed Apr 30 04:22:24 +0000 2025","0","kerjaan berat lingkungan dan atasan tidak mendukung tenang kita daki gunung slebew","1917434333838860497","","","in","","0","0","0","https://x.com/undefined/status/1917434333838860497","417740000",
"1917397187019039066","Wed Apr 30 04:19:11 +0000 2025","0","@w_kurniawan_ Malah penek'an ng gunung ","1917433528016592947","","w_kurniawan_","in","","0","1","0","https://x.com/undefined/status/1917433528016592947","529217221",
"1917433267328016781","Wed Apr 30 04:18:10 +0000 2025","0","padahal gue udah kangen main roblox buat summit gunung semeru antartika dll sama mereka ","1917433271249690637","","rosearlgrey","in","","0","0","0","https://x.com/undefined/status/1917433271249690637","1762117656407330816",
"1917403554710708319","Wed Apr 30 04:17:36 +0000 2025","0","@harryvghn harry naik gunung brg kuy!!!!!","1917433126554591365","","harryvghn","in","","0","0","0","https://x.com/undefined/status/1917433126554591365","1408479636141621258",
"1917432924535935254","Wed Apr 30 04:16:48 +0000 2025","0","#Tol_Jagorawi Mulai Tanggal 29 April 2025 - 02 Mei 2025 di Gunung Putri KM 21+400 - KM 21+200 arah Jakarta ada pekerjaan perbaikan jalan (Rekonstruksi Rigid) di lajur 1-bahu luar/kiri harap berhati-hati.","1917432924535935254","","","in","","0","0","0","https://x.com/undefined/status/1917432924535935254","540625251",
"1917432681610293569","Wed Apr 30 04:16:06 +0000 2025","0","gunung sahari selatan ","1917432748370976907","","diojaegerjaguez","in","","0","0","0","https://x.com/undefined/status/1917432748370976907","1212058443290267649",
"1917432102913728806","Wed Apr 30 04:16:01 +0000 2025","0","Yang sibuk kumpul harta ya cara begitu yang sibuk ke gunung bagai dengan cara begitu sedang banyak lagi tuntutan agama belum selesai kita abaikan khasnya belajar akidah yang benar belajr bab iman bab ihsan DLL.. Nabi saw sebut Islam terpecah 73 golongan 72 akan ke neraka","1917432728334852128","","saylaz0","in","","0","1","1","https://x.com/undefined/status/1917432728334852128","1859217392662204416",
"1917432681610293569","Wed Apr 30 04:15:50 +0000 2025","1","alhamdulillah tiap hari naik gunung","1917432681610293569","","","in","","0","1","0","https://x.com/undefined/status/1917432681610293569","1212058443290267649",
"1917432581051802094","Wed Apr 30 04:15:26 +0000 2025","0","Napak tilas pendakian Soe Hok Gie di Gunung Ciremai https://t.co/oTOajVoZC7","1917432581051802094","https://pbs.twimg.com/media/GpwWwOMaYAIJ4AD.jpg","","in","","0","0","0","https://x.com/undefined/status/1917432581051802094","1393682614393839618",
"1917417038450155931","Wed Apr 30 04:14:11 +0000 2025","0","@girliespopup Iihh justru kalau naik gunung yg ada pikiran nya ke distract tau kyk kepikiran kapan sampe nya yaa lama bgt blm lagi mikirin tracking nya kyk gmn nanti itu Cobain ntar sekali2 seru tau cinamon naik gunung tuh ","1917432268957835419","","","in","","0","0","0","https://x.com/undefined/status/1917432268957835419","1131910519781089280",
"1917432102913728806","Wed Apr 30 04:13:32 +0000 2025","3","Manusia zaman ini tak ada penyakit cari penyakit gunung itu rumah bangsa jin untuk apa kita ke tempat begitu tanpa tujuan.. wanita pula yang wajib bersama mahram jika duduk pada jarak tertentu.. kita khayal dengan perkara tak penting sedang hal yang dituntut agama kita abai","1917432102913728806","","","in","","2","1","1","https://x.com/undefined/status/1917432102913728806","1859217392662204416",
"1917422900803698750","Wed Apr 30 04:11:32 +0000 2025","0","@maccpicu mau gunung apa nih?","1917431599349784649","","maccpicu","in","","0","1","0","https://x.com/undefined/status/1917431599349784649","1903312552161054721",
"1917431355732025620","Wed Apr 30 04:10:34 +0000 2025","0","gunung agung raung latimojong atau bukit raya GASSSSSSSS","1917431355732025620","","","in","","0","0","0","https://x.com/undefined/status/1917431355732025620","417740000",
"1917431268339507492","Wed Apr 30 04:10:13 +0000 2025","1","CELANA GUNUNG ALTITUDE GEAR SERI SLOWLORIS Siap nemenin kamu naik gunung camping trekking Bahan Despo Quick Dry nyaman dipakai cepat kering dan ringan banget 5 varian warna Size M XXL Harga Rp. 175.000 DM/ https://t.co/yrYhbribqU Pagii Sejarah HARI INI https://t.co/qOPNddQ0Ed","1917431268339507492","https://pbs.twimg.com/ext_tw_video_thumb/1917431202103058433/pu/img/dO7XC6slmEubt73_.jpg","","in","","0","0","1","https://x.com/undefined/status/1917431268339507492","1081793416986415105",
"1917252846434861416","Wed Apr 30 04:09:59 +0000 2025","1","@risesknight121 Paling susah mencari sumber suara Krn klo di gunung itu selain ada cerita mistisnya jg karena suara akan berpantulan Masyaa Allah keren bgt usaha mrk","1917431209040437555","","Johnborhh","in","","0","0","0","https://x.com/undefined/status/1917431209040437555","1428002673815482369",
"1917403461886566710","Wed Apr 30 04:09:08 +0000 2025","0","@alvinduu udahh lamaa pengen nek gunung tpp SKRNG LAGI PENGEN PENGENNYA BGT","1917430995902685247","","alvinduu","in","","0","1","0","https://x.com/undefined/status/1917430995902685247","1411318185060495363",
"1917403554710708319","Wed Apr 30 04:08:55 +0000 2025","0","@harryvghn kapan nihh ke gunung lagi???","1917430941452230720","","harryvghn","in","","0","0","0","https://x.com/undefined/status/1917430941452230720","4834236371",
"1917430812053758103","Wed Apr 30 04:08:24 +0000 2025","0","tp lebih pengen ke gunung prau ye","1917430812053758103","","","in","","0","0","0","https://x.com/undefined/status/1917430812053758103","1423797420777869317",
"1917413084987285644","Wed Apr 30 04:07:23 +0000 2025","0","@rikyyy77 bakarnya di gunung berapi sih kalo gue","1917430557396590878","","rikyyy77","in","","0","0","0","https://x.com/undefined/status/1917430557396590878","1901929615096266752",
"1917177309955821737","Wed Apr 30 04:06:11 +0000 2025","0","@imnadamr Tempat bercuti ni ada yang slow paced ada yang modern-urban ada yang nature &amp; adventurous gituh.. kalau jenis suka aktiviti lasak panjat gunung tetiba kena duduk minum kopi kat pangkin bawah pokok tengok monyet panjat kelapa memang la rasa bosan ","1917430255092130019","","imnadamr","in","","0","1","0","https://x.com/undefined/status/1917430255092130019","1327265324",
"1917415875189301352","Wed Apr 30 04:05:37 +0000 2025","0","@saorochan jambu gunung gak ada?","1917430112997499390","","saorochan","in","","0","0","0","https://x.com/undefined/status/1917430112997499390","1456075394",
"1917429952502493692","Wed Apr 30 04:04:59 +0000 2025","3","bahkan butiran debu kalo ngumpul juga bisa jadi gunung ","1917429952502493692","","","in","","0","2","0","https://x.com/undefined/status/1917429952502493692","2952818101",
"1917424513404514520","Wed Apr 30 04:02:59 +0000 2025","0","@inginBerlabuh nek gunung e diapit adem nyo","1917429448166760904","","","in","","0","0","0","https://x.com/undefined/status/1917429448166760904","1175959098619154432",
"1917394041781772518","Wed Apr 30 04:02:42 +0000 2025","1","@daunsirih5 gal perlu... karena orang gurun itu memang ngamukan beda sama orang gunung petani &amp; pekebun... Beda sama orang pantai yang jadi nelayan","1917429376788095473","","daunsirih5","in","","0","0","0","https://x.com/undefined/status/1917429376788095473","1296100285375340544",
"1917429135670141045","Wed Apr 30 04:01:44 +0000 2025","0","Mundur dulu abis baca review pendakian Gunung Raung via Sumberwringin. Sadar diri belom levelnya main kesana. *mijetin dengkul* ","1917429135670141045","","","in","","0","0","0","https://x.com/undefined/status/1917429135670141045","472857347",
"1917429098428924276","Wed Apr 30 04:01:35 +0000 2025","1","Aku pergi Pantai Merdeka semata-mata nak buat story IG guna lagu Cinta Pantai Merdeka Sama macam lirik lagu p Pantai Merdeka memang nampak Gunung Jerai tang tu jugak nampak Tanjung Dawai","1917429098428924276","","","in","","0","0","0","https://x.com/undefined/status/1917429098428924276","483462959",
"1913895105322500368","Wed Apr 30 04:01:26 +0000 2025","0","@GinHotWifee Kalo di liat dari ftonya ada gedung tinggi satu belakang nya gunung ini bandar lampung gedung tingginya sinar laut Mercure hotel","1917429059744850298","","GinHotWifee","in","","0","0","0","https://x.com/undefined/status/1917429059744850298","1667601149720170496",
"1917428854504972456","Wed Apr 30 04:00:37 +0000 2025","22","Ayu dan Abing pas udah baikan Abing ngajakin Ayu naik gunung bareng @weuraiteurss","1917428854504972456","","","in","","0","0","1","https://x.com/undefined/status/1917428854504972456","1830137181203283971",
"1917428590469411282","Wed Apr 30 03:59:34 +0000 2025","0","gabisa bayangin jadi myday seberapa keselnya pas hari-h jakarta lagi mode panas dan GERAH kalo ditambah belom ada kejelasan ngeri jadi keributan ditempat sih. melani kudu turun gunung sebelum ricuh kataku mah.","1917428590469411282","","","in","","0","1","0","https://x.com/undefined/status/1917428590469411282","1439428974891864064",
"1917069044093751726","Wed Apr 30 03:59:12 +0000 2025","0","@aichandeisu /menangis di kaki gunung","1917428495573213535","","aichandeisu","in","","0","0","0","https://x.com/undefined/status/1917428495573213535","1050022065405747200",
"1917420101672001891","Wed Apr 30 03:58:23 +0000 2025","0","@stockmapping Semoga bisa diajak berguru di Padepokan Gunung Kawi","1917428289964236977","","stockmapping","in","","0","0","0","https://x.com/undefined/status/1917428289964236977","868238535337197569",
"1917427895116652768","Wed Apr 30 03:56:48 +0000 2025","0","tp ini bukan soal gunung","1917427895116652768","","","in","","0","0","0","https://x.com/undefined/status/1917427895116652768","1223839035828760577",
"1917422900803698750","Wed Apr 30 03:53:54 +0000 2025","0","@maccpicu ayo mau main apa? muncak gunung?","1917427163709727196","","maccpicu","in","","0","1","0","https://x.com/undefined/status/1917427163709727196","1903312552161054721",
"1917426980716437864","Wed Apr 30 03:53:10 +0000 2025","1","mau sepatu buat naik gunung yg murh ya uk 37","1917426980716437864","","","in","","0","0","0","https://x.com/undefined/status/1917426980716437864","1822452002380713984",
"1917426957979115639","Wed Apr 30 03:53:05 +0000 2025","1","Summer time waktu yang cocok untuk mendaki gunung.","1917426957979115639","","","in","","0","0","0","https://x.com/undefined/status/1917426957979115639","1520123032445997061",
"1917342680096596373","Wed Apr 30 03:52:16 +0000 2025","0","@cupskeik Nama gunung","1917426750398910665","","cupskeikk","tl","","0","1","0","https://x.com/undefined/status/1917426750398910665","1192292306742693888",
"1917252846434861416","Wed Apr 30 03:49:59 +0000 2025","0","@risesknight121 Aku buka anak gunung kok bisa ya sampe tersesat swndirian gitu","1917426176286654663","","Johnborhh","in","","0","0","0","https://x.com/undefined/status/1917426176286654663","842963820",
"1917240733364572262","Wed Apr 30 03:49:11 +0000 2025","0","@yaadit tapi cowok-cowok gunung banyak yg ganteng ","1917425975081722059","","yaadit","in","","0","0","0","https://x.com/undefined/status/1917425975081722059","1059230938402451457",
"1917425861575467191","Wed Apr 30 03:48:44 +0000 2025","0","Kolaborasi Pencegahan Pencemaran Sungai Di TWA. Gunung Baung @RajaJuliAntoni #Rabu #Pagii #LeapDaySeriesEP4 #Prambanan #Rice #GoodMornLy Selengkapnya https://t.co/Q6ATtVYyjm https://t.co/YMtalIn2VW","1917425861575467191","https://pbs.twimg.com/media/GpwQkuobYAAHgwG.jpg","","in","","0","0","0","https://x.com/undefined/status/1917425861575467191","1735114378645745664",
"1917239027494953399","Wed Apr 30 03:48:23 +0000 2025","0","@lechatnnoir gambar gunung di tengahnya ada matahari terbit tidak lupa sawah gitu HAHAHA","1917425773843210418","","lechatnnoir","in","","0","0","0","https://x.com/undefined/status/1917425773843210418","379591131",
"1917422283955790231","Wed Apr 30 03:47:58 +0000 2025","0","@Juragann_muda2 Akhirnya akui Qur'an meniru jadi masalah lagi kenapa tulis bahtera Nuh terdampar di gunung Judi ? Padahal Alkitab tulis jelas ribuan tahun lalu bahtera Nuh terdampar di gunung Ararat. Akhir ini ditemukan gunung Ararat di Turki hari ini. Gunung Judi ga ada sampai hari ini.","1917425672034869615","","Juragann_muda2","in","","0","1","0","https://x.com/undefined/status/1917425672034869615","1743939521673367552",
"1917425653265359116","Wed Apr 30 03:47:54 +0000 2025","2","CELANA GUNUNG ALTITUDE GEAR SERI ACONCAGUA Siap nemenin kamu naik gunung camping trekking Bahan Despo Quick Dry nyaman dipakai cepat kering dan ringan banget 4 varian warna Size M XXL Harga Rp. 185.000 DM/ https://t.co/yrYhbribqU Rabu Pagii Danantara https://t.co/63FHSCABFJ","1917425653265359116","https://pbs.twimg.com/ext_tw_video_thumb/1917425556305633280/pu/img/uwXSxoieGv_faYb-.jpg","","in","","1","0","1","https://x.com/undefined/status/1917425653265359116","1081793416986415105",
"1916818997799948527","Wed Apr 30 03:47:12 +0000 2025","0","@confessyu ke gunung motoran sendirian perjalanan 3 jam dari rumah mengandalkan maps","1917425479042359494","","heycanci","in","","0","0","0","https://x.com/undefined/status/1917425479042359494","1307397139",
"1917421517887135898","Wed Apr 30 03:44:54 +0000 2025","0","@CNNIndonesia Tersenyum naik se-crotan tapi nanti turunnya turun gunung wkwkwk","1917424898726834377","","CNNIndonesia","in","","0","0","0","https://x.com/undefined/status/1917424898726834377","1175777067322884096",
"1917424773715615855","Wed Apr 30 03:44:24 +0000 2025","2","Dimulai dari foto ini. Pertama kali sampe bandara jalan2 ke sungai Han semua kaya biasa. Kaku aja gt. Lalu memutuskan untuk hiking pas naik masih biasa ngobrol dll. Smp akhirnya otw turun gunung foto di jembatan ini dan dia pegang wajahku. I think I'm falling in love again~ https://t.co/HxvDqO01hE","1917424773715615855","https://pbs.twimg.com/media/GpwPqUFaYAIQIqQ.jpg","","in","","1","1","0","https://x.com/undefined/status/1917424773715615855","1478650830244892675",
"1917328605513932978","Wed Apr 30 03:44:17 +0000 2025","6","@bckupacc99 Puteri Gunung Ledang pun buat cara ni untuk reject kan? Takpa bro @zafreezaharidan semoga dipermudahkan segala urusan.","1917424744984633366","","bckupacc99","in","","0","0","0","https://x.com/undefined/status/1917424744984633366","58867264",
"1917414809756393908","Wed Apr 30 03:42:45 +0000 2025","5","@kabarufo knapa makhluk beda dimensi sukanya di gunung?kl di laut ada jg kah?","1917424358185918816","","kabarufo","in","","0","3","0","https://x.com/undefined/status/1917424358185918816","1297721124952842241",
"1917424284890173786","Wed Apr 30 03:42:28 +0000 2025","0","Main jalangkung di puncak Gunung Lawu satu pendaki hilang misterius. Tim SAR diturunkan untuk menyelamatkannya. Simak cerita misteri ini. https://t.co/NwSwksTHh3","1917424284890173786","","","in","","0","0","0","https://x.com/undefined/status/1917424284890173786","1404018642",
"1917422738182136261","Wed Apr 30 03:42:15 +0000 2025","6","@Syarman59 @prabowo @Gerindra @Puspen_TNI Untuk jadi PREMAN PENDIDIKANNYA APA SEH??? KOK ADA PENGACARA Hebat sekolah setinggi gunung MANGUT MANGGUT MENDENGAR CERAMAH PREMAN...","1917424232524570935","","Syarman59","in","","0","2","1","https://x.com/undefined/status/1917424232524570935","1821957148378791936",
"1917328605513932978","Wed Apr 30 03:41:46 +0000 2025","37","@bckupacc99 This remind me of the story Puteri Gunung Ledang semasa dipinang sultan Melaka Sultan Mahmud Shah. Hakikatnya puteri tu tak nak tapi dia terima juga &amp; bubuh syarat pelik pelik. Sultan Mahmud ingat okay la padahal he should know that he cant score her. Syarat pelik is a red flag.","1917424110742954337","","bckupacc99","in","","0","1","1","https://x.com/undefined/status/1917424110742954337","581037683",
"1917403554710708319","Wed Apr 30 03:41:03 +0000 2025","0","@harryvghn @nun_hanif udah pernah naik gunung apa aja harry? ceritain dongg","1917423929876177147","","harryvghn","in","","0","0","0","https://x.com/undefined/status/1917423929876177147","1741284856674549760",
"1917423891733176354","Wed Apr 30 03:40:54 +0000 2025","0","Hai sobat kampus! Tugas udah numpuk kek gunung Everest? Jangan panik dulu kita punya layanan parafrase yang bisa negecilin angka turnitin dengan cepat dan bagus loh! Langsung aja DM atau WA di ️ https://t.co/SpL917be4x #turnitin #zonauang #zonaba #zonabu","1917423891733176354","","","in","","0","0","0","https://x.com/undefined/status/1917423891733176354","3135568246",
"1917370872517779849","Wed Apr 30 03:40:07 +0000 2025","0","@yumaadit Gunung agung","1917423693468426635","","yumaadit","in","","0","0","0","https://x.com/undefined/status/1917423693468426635","346006735",
"1917324416247292187","Wed Apr 30 03:38:47 +0000 2025","0","@keisoflife ayo masyarakat naik gunung yang mandu rayya","1917423359052374341","","keisoflife","in","","0","0","0","https://x.com/undefined/status/1917423359052374341","1801626898449272832",
"1917423131092005187","Wed Apr 30 03:37:54 +0000 2025","1","#Tol_Jagorawi Mulai Tanggal 29 April 2025 - 02 Mei 2025 di Gunung Putri KM 21+400 - KM 21+200 arah Jakarta ada pekerjaan perbaikan jalan (Rekonstruksi Rigid) di lajur 1-bahu luar/kiri harap berhati-hati.","1917423136469049422","","PTJASAMARGA","in","","0","0","0","https://x.com/undefined/status/1917423136469049422","540625251",
"1917423102428078208","Wed Apr 30 03:37:46 +0000 2025","0","Pendaki Everest Akan Dibatasi Hanya Pendaki Berpengalaman di Gunung 7.000 Meter Lebih https://t.co/MtC8XODXPJ","1917423102428078208","https://pbs.twimg.com/media/GpwODKdaEAAIqdA.jpg","","in","","0","0","0","https://x.com/undefined/status/1917423102428078208","1142803052182663169",
"1917421417882345923","Wed Apr 30 03:35:48 +0000 2025","0","Menemukan cafe secantik ini di pwt view nya langsung gunung️ L@puerto https://t.co/c2LeyoEJbl","1917422608058049000","https://pbs.twimg.com/media/GpwNr6Ba4AAB9Gf.jpg","lovieluvv_","in","","0","1","0","https://x.com/undefined/status/1917422608058049000","361236236",
"1917422600424239231","Wed Apr 30 03:35:46 +0000 2025","0","Jadi kangen naik gunung hehe","1917422600424239231","","","in","","0","0","0","https://x.com/undefined/status/1917422600424239231","1494342452781539329",
"1917422576927924647","Wed Apr 30 03:35:40 +0000 2025","0","Mintak @amirheyyqal @amrie_aziz share gambar atas gunung tu nanti boleh? Nak buat modal wallpaper.","1917422576927924647","","","in","","0","1","0","https://x.com/undefined/status/1917422576927924647","1468143311621812226",
"1917421682710687901","Wed Apr 30 03:34:58 +0000 2025","0","naik gunung tp sehari-hari cuma kerja rebahan dan tidur kira-kira bakal summit ga ya","1917422400138011087","","yaelahmeu","in","","0","0","0","https://x.com/undefined/status/1917422400138011087","1214601781105197056",
"1917364492364833056","Wed Apr 30 03:33:15 +0000 2025","0","@dyolyns @mowdspace MAKIN PINGSAN KALO IYA kisah gw sama monyet bangett kalo beneran anak gunung","1917421967466193192","","dyolyns","in","","0","1","0","https://x.com/undefined/status/1917421967466193192","1556834723640786944",
"1917421573696544812","Wed Apr 30 03:31:41 +0000 2025","0","Pelda Hamdani beserta Serka A. Naibaho menghadiri undangan dari Kesbangpol dalam rangka Menyeleksi Pasukan Paskibraka Kab.Dharmasraya Tahun 2025 di kantor Polres Dharmasraya. Dijorong Ganting Nagari Gunung Medan Kec. Sitiung kab.Dharmasraya. Rabu (30/04/2025). https://t.co/tT4bfmEYgJ","1917421573696544812","https://pbs.twimg.com/media/GpwMv5Mb0AAmOhl.jpg","","in","","0","0","0","https://x.com/undefined/status/1917421573696544812","1605524607124938752",
"1916835292511871304","Wed Apr 30 03:29:47 +0000 2025","0","eh dramanya di kerjaan anjir. dicari kontraktor yg bisa bikin rumah dan juga bikin jajaran gunung dan lautan. alias dia sendiri yg minta bikin bangunan disitu dia juga yg komplen ganggu view pepekkkkkkkk https://t.co/qWxFO8LApa","1917421095441031639","https://pbs.twimg.com/media/GpwLxJJb0AA1uvz.png","jumpuru","in","","0","0","0","https://x.com/undefined/status/1917421095441031639","1964766421",
"1917421052986262003","Wed Apr 30 03:29:37 +0000 2025","0","Jaket Pria Terbaru Type EVERES Original FCF Bandung size M L XL XXL / Jaket Gunung Pria Jumbo Anti Angin Jaket Distro Keren Outdoor Cowok Hitam Parasut Tebal https://t.co/pum1SAeERa","1917421052986262003","","","in","","0","0","0","https://x.com/undefined/status/1917421052986262003","1167741679463350273",
"1917220500402757813","Wed Apr 30 03:28:59 +0000 2025","412","@somexthread Walaupun gua bukan anak gunung tapi kdg gua suka salut si sama anak gunung cowok maupun cewek mereka keren aja gtu mental nya kuat fisik juga memadai keren la pokonya kalian..walaupun tidak luput dari kejadian horor bgtu tapi kalian tetap tabah menghadapinya","1917420891631239332","","somexthread","in","","0","1","11","https://x.com/undefined/status/1917420891631239332","1714916039589511168",
"1916907370414051596","Wed Apr 30 03:26:53 +0000 2025","0","@kkireio GW KIRA LU NAIK GUNUNG BENERAN YA DAISY.","1917420365242106093","","kkireio","in","","0","1","0","https://x.com/undefined/status/1917420365242106093","2408604605",
"1917403554710708319","Wed Apr 30 03:26:08 +0000 2025","0","@harryvghn Tidak ada bakat naik gunung makanya salut sama para pendaki. Hanya berani mengerjakan dan menghadapi pasien karena itulah pekerjaanku","1917420174615212423","","harryvghn","in","","0","0","0","https://x.com/undefined/status/1917420174615212423","1363028377683193858",
"1917420074614546872","Wed Apr 30 03:25:44 +0000 2025","1","Bhabinkamtibmas Polsek Kalibaru Bripka Yoki Suryo Putro dampingi petani panen jagung di lahan Bu Risma Dusun Gunung Raung Desa Kajarharjo @Polres_Bwi #ketahananpangan #swasembadapangan #astacita #ketahananpanganpolrestabanyuwangi #PolrestaBanyuwangi #kombespolramasamtamaputra https://t.co/l9DzxdQqcB","1917420074614546872","https://pbs.twimg.com/media/GpwLYp_aYAEKJoV.jpg","","in","","0","0","0","https://x.com/undefined/status/1917420074614546872","923684916050608128",
"1917419949230022975","Wed Apr 30 03:25:14 +0000 2025","0","GAS EKSPEDISI SELANJUTNYA SAYA SUKA DI GUNUNG BERHARI HARI YGY","1917419949230022975","","","in","","0","0","0","https://x.com/undefined/status/1917419949230022975","417740000",
"1917419851863450100","Wed Apr 30 03:24:51 +0000 2025","0","mimpi naik gunung rinjani bareng bapa ","1917419851863450100","","","in","","0","0","0","https://x.com/undefined/status/1917419851863450100","1134340376448327681",
"1917419458244796794","Wed Apr 30 03:23:17 +0000 2025","0","Tahun ni azam bedayy nk sambut atas gunung..tak jd ","1917419458244796794","","","in","","0","0","0","https://x.com/undefined/status/1917419458244796794","860434312545447937",
"1917419070632387003","Wed Apr 30 03:22:37 +0000 2025","0","Selan itu dilakukan penyerahan sertifikat penghargaan kepada Kampung Gunung Batin Udik sebagai Desa Cantik 2024 dengan prestasi sebagai peringkat ke-5 se-Provinsi Lampung.","1917419290954956886","","bpslamteng","in","","0","1","0","https://x.com/undefined/status/1917419290954956886","4361900540",
"1917419170939167223","Wed Apr 30 03:22:08 +0000 2025","0","#Tol_Jagorawi Mulai Tanggal 29 April 2025 - 02 Mei 2025 di Gunung Putri KM 21+400 - KM 21+200 arah Jakarta ada pekerjaan perbaikan jalan (Rekonstruksi Rigid) di lajur 1-bahu luar/kiri harap berhati-hati.","1917419170939167223","","","in","","0","0","0","https://x.com/undefined/status/1917419170939167223","540625251",
"1917163291975320017","Wed Apr 30 03:20:31 +0000 2025","0","@yakubwisman @RajaJuliAntoni Pada kuat-kuat banget fisiknya ya lari-lari di gunung","1917418762263015893","","yakubwisman","in","","0","0","0","https://x.com/undefined/status/1917418762263015893","882237560",
"1917418597741388007","Wed Apr 30 03:19:52 +0000 2025","0","aneh gsi kadang gw sengaja duduk samping AC di kuliah biar bs terbiasa dingin buat naik gunung nnti","1917418597741388007","","","in","","0","0","0","https://x.com/undefined/status/1917418597741388007","1565608898362368000",
"1917351387131961703","Wed Apr 30 03:17:17 +0000 2025","0","@briownis ini namanya gunung bbrrrrrrromo dingin bgt","1917417948794478624","","briownis","in","","0","1","0","https://x.com/undefined/status/1917417948794478624","1479546245324501000",
"1917417608527360224","Wed Apr 30 03:15:56 +0000 2025","0","paling suka hasil drawing anak anak kecuali gunung gambar mereka tuh ketauan rasanya lagi kecewa marah seneng bahkan gugup bahkan bingung jadi beneran murni otak mereka di keluarin bahkan apa yg mereka lihat atau mimpi beneran jernih ga ada rekayasa.","1917417608527360224","","","in","","0","0","0","https://x.com/undefined/status/1917417608527360224","1430895658207113225",
"1916995486843601265","Wed Apr 30 03:14:29 +0000 2025","0","@Abcdefghaikamu @Penguxn Kamar ke dapur dah kek opening hattori. Melewati gunung melewati lembah","1917417243656478979","","Abcdefghaikamu","in","","0","1","0","https://x.com/undefined/status/1917417243656478979","1551591277497839616",
"1917220500402757813","Wed Apr 30 03:14:29 +0000 2025","3","@hyudilautbiru @amcay_immer @somexthread Larinya di gunung bre bukan di aspal. Lu liat ga di video ada yang cuma buat 1 jalur doang?","1917417242385604652","","hyudilautbiru","in","","0","0","0","https://x.com/undefined/status/1917417242385604652","855830818802946049",
"1917417170780446830","Wed Apr 30 03:14:12 +0000 2025","3","Suara iri dan pundungnya si gunung gede itu kedengeran sampe bekasi ","1917417170780446830","","","in","","0","0","0","https://x.com/undefined/status/1917417170780446830","1899106308227485696",
"1917417156981186834","Wed Apr 30 03:14:08 +0000 2025","0","kenapaaa semua orang naik gunung sihh jadi makin pengen","1917417156981186834","","","in","","0","0","0","https://x.com/undefined/status/1917417156981186834","991000622756315136",
"1917383843671334937","Wed Apr 30 03:13:33 +0000 2025","0","@darksidemealex Kalo ada waktu lebih bisa dipake olahraga lari atau naik gunung aja kak. Karena emg sejatinya olah raga itu ngeluarin toxin dlm tubuh dan bisa bikin seneng. Ttp semangattt yaa kak. Semoga cepat pulih ","1917417010352513352","","Mawarputihitam","in","","0","1","0","https://x.com/undefined/status/1917417010352513352","1526504230508298241",
"1917416470520422632","Wed Apr 30 03:13:12 +0000 2025","0","kayanya obat alergi dingin yg always gw stok jga ga bakal bisa nyembuhin dinginnya di gunung","1917416921391419725","","annasthetic","in","","0","0","0","https://x.com/undefined/status/1917416921391419725","1263836188374269952",
"1917416481371156865","Wed Apr 30 03:11:27 +0000 2025","4","Gunung nampak indah kalau dilihat dari kejauhan tapi jadi melelahkan bila didakinya lebih dekat itu sebabnya gak semua hubungan harus menjadi dekat. Hanya buat orang-orang yang siap untuk berlelah mendaki nya saja. https://t.co/HdAg2rH8UW","1917416481371156865","https://pbs.twimg.com/media/GpwICj5aYAAqf0L.jpg","","in","","0","2","0","https://x.com/undefined/status/1917416481371156865","172642451",
"1917220500402757813","Wed Apr 30 03:10:40 +0000 2025","0","@JayhopeUgii @somexthread Iya kalo makin masuk ke dalem pohonnya udah mulai rapat itu. Ngeri tersesat kalo di gunung tuh","1917416284431737050","","JayhopeUgii","in","","0","0","0","https://x.com/undefined/status/1917416284431737050","855830818802946049",
"1917354884216807772","Wed Apr 30 03:08:16 +0000 2025","0","@zakiberkata Bener ga sih yang merah itu lereng gunung dan yang kuning itu bekas aliran letusan? Dari dulu kirain yang gw liat itu gunung ternyata gunungnya ada dibelakang wkwkwk https://t.co/VT9NcAqiuX","1917415681051746661","https://pbs.twimg.com/media/GpwHZoVasAA-6CA.jpg","zakiberkata","in","","0","1","0","https://x.com/undefined/status/1917415681051746661","614147411",
"1917415118637289594","Wed Apr 30 03:06:02 +0000 2025","0","Gunung Bayangkaki viral di TikTok usai Kang Giri ziarah dan sebut puncaknya mirip dengan Konoha di anime Naruto. Simak selengkapnya. https://t.co/zZRMUPYh2N","1917415118637289594","","","in","","0","0","0","https://x.com/undefined/status/1917415118637289594","1404018642",
"1917414915700318723","Wed Apr 30 03:05:14 +0000 2025","0","pantai ga kuat naik gunung","1917414915700318723","","","in","","0","0","0","https://x.com/undefined/status/1917414915700318723","1763983635718561792",
"1917414809756393908","Wed Apr 30 03:04:49 +0000 2025","195","Ingat gaes jika mendaki gunung itu kita harus senantiasa rendah hati karena gunung itu biasanya adalah markasnya: - Extra-Terrestrial (mahkluk luar angkasa) - Para-Terrestrials (makhluk beda dimensi)","1917414809756393908","","","in","","4","16","29","https://x.com/undefined/status/1917414809756393908","1035141984099303425",
"1917414797957816832","Wed Apr 30 03:04:46 +0000 2025","0","Ahhh jadi kangen trio dewa gunung","1917414797957816832","","","in","","0","0","0","https://x.com/undefined/status/1917414797957816832","2199025087",
"1917247542753996973","Wed Apr 30 03:03:48 +0000 2025","0","@Treverreys @sapphicsfess Kok ibra gadibeliin ibra kan mau juga boneka segede gunung slamet","1917414556055527620","","mctreveys","in","","0","1","0","https://x.com/undefined/status/1917414556055527620","1832234511482138624",
"1916783060953239612","Wed Apr 30 03:03:15 +0000 2025","0","@scandycrushh gunung kembar","1917414418624963072","","scandycrushh","in","","0","0","0","https://x.com/undefined/status/1917414418624963072","1167642349276557312",
"1917414304506339437","Wed Apr 30 03:02:48 +0000 2025","2","Dah nemu widodo gunung kidul","1917414304506339437","","","in","","0","0","0","https://x.com/undefined/status/1917414304506339437","1332638244828168194",
"1917219869680169208","Wed Apr 30 03:02:47 +0000 2025","0","@dayhan_idea @GlHindu @Kemenag_RI @candiprambanan itu yg di foto gambar gunung?","1917414297854173649","","dayhan_idea","in","","0","0","0","https://x.com/undefined/status/1917414297854173649","190676681",
"1917366702255534446","Wed Apr 30 03:01:20 +0000 2025","0","@suryatjia Cowok2 imyg bgtu egonya kbnykn setinggi gunung everst. Mereka cma mentingin ego dan harga diri mereka ketimbang masa depan anak2nya. Juga kemuliaan istrinya. Aku mendukung sih soal program vasektomi itu. Terlepas dr gubernurnya yg emg agak2. Seenggaknya ada satu saran yg oke.","1917413932777755004","","TVa0216","in","","0","1","0","https://x.com/undefined/status/1917413932777755004","1494147201899331584",
"1916827209815490654","Wed Apr 30 03:00:16 +0000 2025","0","@spencerrade Kapan kapan ke gunung bunder de deket rumah akuu Aku awal juni masih di rumah","1917413667529974127","","spencerrade","in","","0","0","0","https://x.com/undefined/status/1917413667529974127","1467226381",
"1917413357382164732","Wed Apr 30 02:59:02 +0000 2025","0","Yang pintar itu ketika nampak gunung Semeru nya #pendidikan #indo #China #cewekkalimantan https://t.co/OqNsLLOMu5","1917413357382164732","https://pbs.twimg.com/ext_tw_video_thumb/1917413278621523969/pu/img/hk2PFv614tp7e0hD.jpg","","in","","0","0","0","https://x.com/undefined/status/1917413357382164732","1837267076236595202",
"1917413314168250743","Wed Apr 30 02:58:52 +0000 2025","2","Melihat Gunung tidak menjadikan kamu menjadi gunung https://t.co/bOzWiFPAIt","1917413314168250743","https://pbs.twimg.com/media/GpwFPR_bsAAIxOu.jpg","","in","","0","0","0","https://x.com/undefined/status/1917413314168250743","1532702357682720768",
"1917412947544137962","Wed Apr 30 02:57:25 +0000 2025","0","kadang nde mlg kadang ndek luar kota kadang rekreasi kadang moro moro gunung","1917412947544137962","","","in","","1","0","0","https://x.com/undefined/status/1917412947544137962","778006075",
"1917411546961174907","Wed Apr 30 02:57:07 +0000 2025","0","maintain mental health mahal banget coy. nonton konser naik gunung nyelem ke laut dan jalan-jalan lainnya deh asli wkwkwk terus dirusak sama kelakuan orang-orang yg sok tau tentang diri gue huh males amat. gapapa ayok perbanyak rasa happy lagi setelah ini ","1917412872109580442","","rlodld","in","","0","0","0","https://x.com/undefined/status/1917412872109580442","1071060898028998656",
"1917412164668907791","Wed Apr 30 02:54:18 +0000 2025","3","Bantul Komandan Kodim 0729/Bantul Letkol Inf Muhidin S.H. M.I.P. menghadiri acara peresmian TNI AD Manunggal Air Bersih di wilayah Kodim 0730/Gunung Kidul. di Pedukuhan Gedangsari Kalurahan Baleharjo Kapanewon Wonosari Kabupaten Gunung Kidul. Senin (28/04/2025) https://t.co/6mAu6yWWQE","1917412164668907791","https://pbs.twimg.com/media/GpwEL4BaYAIWDxN.jpg","","in","","0","0","0","https://x.com/undefined/status/1917412164668907791","3119462413",
"1916883148992082019","Wed Apr 30 02:53:24 +0000 2025","0","@kairanyanko Ga usah teh gpp aku takut nabrak gunung","1917411939971654111","","kairanyanko","in","","0","0","0","https://x.com/undefined/status/1917411939971654111","1702616630914908160",
"1917411740683493434","Wed Apr 30 02:52:37 +0000 2025","0","Cek Fashion Outdoor Trekking Sepatu Boots Pria Tinggi Hiking Shoes High Cut Mendaki Touring Gunung Casual Kerja Adventure Anti Slip 367 dengan harga Rp290.000. Dapatkan di Shopee sekarang! https://t.co/V9AnPYnCtx https://t.co/VzVegQ74p0","1917411740683493434","https://pbs.twimg.com/media/GpwD0Q0aYAE7FMR.jpg","","in","","0","0","0","https://x.com/undefined/status/1917411740683493434","193616389",
"1917411725307175049","Wed Apr 30 02:52:33 +0000 2025","0","Cek Fashion Outdoor Trekking Sepatu Boots Pria Tinggi Hiking Shoes High Cut Mendaki Touring Gunung Casual Kerja Adventure Anti Slip 367 dengan harga Rp290.000. Dapatkan di Shopee sekarang! https://t.co/V9AnPYnCtx https://t.co/FtZsFi49RW","1917411725307175049","https://pbs.twimg.com/media/GpwDzYCaYAAh6SF.jpg","","in","","0","0","0","https://x.com/undefined/status/1917411725307175049","193616389",
"1917219869680169208","Wed Apr 30 02:51:28 +0000 2025","0","@GlHindu @Kemenag_RI @candiprambanan Sama2 kafir g usah rese","1917411453671465408","","GlHindu","in","","0","0","0","https://x.com/undefined/status/1917411453671465408","1701624074877984768",
"1917411342627266693","Wed Apr 30 02:51:02 +0000 2025","0","Berbahagialah tinggal di bumi pertiwi kalau udah sumpek banyak spot buat ngahuleng tinggal effort 'dikit' buat ke gunung atau ke pantai di Jabar mah ada Garut Sukabumi Pangandaran dll... meni indaahh...","1917411342627266693","","","in","","0","0","0","https://x.com/undefined/status/1917411342627266693","53020985",
"1917411335677305178","Wed Apr 30 02:51:01 +0000 2025","0","#Tol_Jagorawi Mulai Tanggal 29 April 2025 - 02 Mei 2025 di Gunung Putri KM 21+400 - KM 21+200 arah Jakarta ada pekerjaan perbaikan jalan (Rekonstruksi Rigid) di lajur 1-bahu luar/kiri harap berhati-hati.","1917411339238269257","","PTJASAMARGA","in","","0","0","0","https://x.com/undefined/status/1917411339238269257","540625251",
"1917130691319595509","Wed Apr 30 02:50:26 +0000 2025","0","@bacottetangga__ Biasakan naik Gunung Bawa mercon kembang api tembak atas kalo darurat bisa dilacak","1917411193339404454","","Goonddrong","in","","0","0","0","https://x.com/undefined/status/1917411193339404454","81016705",
"1917410951374188846","Wed Apr 30 02:49:29 +0000 2025","0","Dan hanya yg selamat turun gunung yg benar-benar bisa menyampaikannya. Karena kisah sejati bukan berhenti di puncak melainkan pada mereka yg kembali membawa kisah utuh bukan hanya jejak yang hilang di ketinggian. salam lestari fiersa besari melaporkan dari atap negeri ","1917410951374188846","","","in","","0","0","0","https://x.com/undefined/status/1917410951374188846","787819674234789888",
"1917410912430088547","Wed Apr 30 02:49:19 +0000 2025","0","Cek Howler Owner Jaket Anti Air Gorpcore Gunung Parasut Hitam dengan harga Rp259.000. Dapatkan di Shopee sekarang! https://t.co/iTb8zT4f6v https://t.co/qE7DKRozne","1917410912430088547","https://pbs.twimg.com/media/GpwDEDuaYAAvB5H.jpg","","in","","0","0","0","https://x.com/undefined/status/1917410912430088547","126237879",
"1917251757354398193","Wed Apr 30 02:49:14 +0000 2025","0","@tham878 Ini dokumen aslinya lol goblok. https://t.co/Mu3RrcFFTV","1917410887847272480","","tham878","in","","0","0","0","https://x.com/undefined/status/1917410887847272480","1701624074877984768",
"1917403554710708319","Wed Apr 30 02:48:24 +0000 2025","35","@harryvghn Dan hanya yang selamat turun gunung yang benar-benar bisa menyampaikannya. Karena kisah sejati bukan berhenti di puncak melainkan pada mereka yang kembali membawa kisah utuh bukan hanya jejak yang hilang di ketinggian.","1917410679059013728","","harryvghn","in","","0","1","1","https://x.com/undefined/status/1917410679059013728","787819674234789888",
"1917085544020120040","Wed Apr 30 02:47:52 +0000 2025","0","@ferifayers hHahhm infokan gunung baru","1917410544321192250","","ferifayers","in","","0","0","0","https://x.com/undefined/status/1917410544321192250","1560127166225952768",
"1917213592052547777","Wed Apr 30 02:47:32 +0000 2025","0","@tanyarlfes cowo sefrontal dia berkelahi dgn cewe gengsian segede gunung everest wkwkw. gpp nder kdg efek sampingnya bikin merinding dangdut https://t.co/wN1OWuWFTc","1917410462242857139","https://pbs.twimg.com/media/GpwCpfgaYAE1tJF.jpg","tanyarlfes","in","","0","0","0","https://x.com/undefined/status/1917410462242857139","1412301463",
"1917244291052961817","Wed Apr 30 02:47:23 +0000 2025","20","@_MIRACLEOFLIFE gausa percaya ege. gw kesana sama suami jg biasa aja. sampe gw di bagian akhir pojok yg ada batas dilarang nya aja gw biasa aja. ga ada merinding²nya samsek. kalian harus kesana krn udaranya sejuk fresh banget. bisa ngobrol lama² liat gunung jg jelas bgt. airnya jernih","1917410423395213667","","rangkayaaaa","in","","0","1","0","https://x.com/undefined/status/1917410423395213667","1244945629777784833",
"1917403990490505387","Wed Apr 30 02:21:50 +0000 2025","0"," bisa menikmati pemandangan gunung+bukit yg indah bgt gak jauh dari pantai (cuma 1 - 1 setengah jam naik kendaraan) kemana gak yg macet bgt kalo cuacanya lagi gloomy / bbeeh rasanya kyk di Edinburgh terus kalo cuacanya hujan muluk berasa kyk di amegakure +","1917403994064052338","","1004_613","in","","0","1","0","https://x.com/undefined/status/1917403994064052338","1414913541233020931",
"1917403554710708319","Wed Apr 30 02:20:05 +0000 2025","4616","Setiap puncak gunung punya cerita. Tapi hanya yang mendaki sampai atas yang bisa menceritakannya.","1917403554710708319","","","in","","70","145","659","https://x.com/undefined/status/1917403554710708319","1497584542223564803",
"1917399147151307182","Wed Apr 30 02:18:52 +0000 2025","0","@jetcoasters naik turun gunung kan maksudnya? oh pendaki","1917403247079481392","","","in","","0","0","0","https://x.com/undefined/status/1917403247079481392","1727386931619889152",
"1917403135322251346","Wed Apr 30 02:18:25 +0000 2025","0","Senin (28/04) KPP Pratama Metro Bersama KP2KP Sukadana menggelar sosialisasi dan pendampingan pelaporan SPT Badan bagi PAUD se-Lampung Tengah yang belum melaporkan SPT Tahunan PPh Badan bertempat di di Aula PKG PAUD Gunung Sugih. ... https://t.co/DvjvBzOiPE","1917403135322251346","https://pbs.twimg.com/media/Gpv7_ZQaEAAcab3.jpg","","in","","0","1","0","https://x.com/undefined/status/1917403135322251346","181449138",
"1917402970771317100","Wed Apr 30 02:17:47 +0000 2025","0","#Tol_Jagorawi Mulai Tanggal 29 April 2025 - 02 Mei 2025 di Gunung Putri KM 21+400 - KM 21+200 arah Jakarta ada pekerjaan perbaikan jalan (Rekonstruksi Rigid) di lajur 1-bahu luar/kiri harap berhati-hati.","1917402975200501928","","PTJASAMARGA","in","","0","0","0","https://x.com/undefined/status/1917402975200501928","540625251",
"1917402900973903965","Wed Apr 30 02:17:29 +0000 2025","0","beneran pengin punya border collie tapi kudu punya rumah di deket alam &amp; ga sanggup kalau harus trekking ke gunung tiap hari. seru kalau punya anjing bisa sangat disiplin aku bisa olahraga 2x sehari. https://t.co/E0r4b2nYD8","1917402900973903965","https://pbs.twimg.com/ext_tw_video_thumb/1917348954049576960/pu/img/KaThmmcqv-Gko-OF.jpg","","in","","0","1","0","https://x.com/undefined/status/1917402900973903965","85301289",
"1917400825082831190","Wed Apr 30 02:16:21 +0000 2025","0","@RirinVanderpand Daki gunung? ","1917402615970947156","","RirinVanderpand","in","","0","1","0","https://x.com/undefined/status/1917402615970947156","1590092484977139713",
"1917402380708241507","Wed Apr 30 02:15:25 +0000 2025","0","rekomendasi sandal tali wanita sendal platform wedges slip on jelly strap gunung sepatu hak mules flatshoes high mini heels pretty adorable cute pink black hitam white putih cream kuliah kerja sekolah idea ootd event shopee 5.5 event sale gratis ongkir a thread","1917402380708241507","","","in","","0","0","0","https://x.com/undefined/status/1917402380708241507","1647445172211572737",
"1917374864631161175","Wed Apr 30 02:13:47 +0000 2025","1","@AzaelKyoukoCh Gunung mana nih asyik kyknya","1917401968047448171","","AzaelKyoukoCh","in","","0","0","0","https://x.com/undefined/status/1917401968047448171","1897964420535664641",
"1917009726291795995","Wed Apr 30 02:13:41 +0000 2025","0","@barasaurus29 @mlbbfess eh iya estes lepas yaa.. yawdah saatnya estes mimoi turun gunung ","1917401941539446806","","moithstore","in","","0","1","0","https://x.com/undefined/status/1917401941539446806","1370341068",
"1917400978191704156","Wed Apr 30 02:12:54 +0000 2025","0","padahal yg dz protesin tuh TIMING nya eh yg pada turun gunung seenak jidat bilang bosen padahal drm baru dapet tour 3x itupun yg full member dari awal sampe akhir cuman pas tds2 doang ya..... kalian tuh emang ga suka sama agenda dream nya aja dan fomo doang biar hut tweet","1917401745992605864","","brevityou","in","","0","1","0","https://x.com/undefined/status/1917401745992605864","1697620036125601792",
"1917397639211147652","Wed Apr 30 02:11:45 +0000 2025","0","@niscyala gengsiku setinggi gunung ","1917401456069730781","","niscyala","in","","0","0","0","https://x.com/undefined/status/1917401456069730781","1781663886955151360",
"1917401263458902498","Wed Apr 30 02:10:59 +0000 2025","0","pantai ak mager gabisa naek gunung","1917401263458902498","","","in","","0","0","0","https://x.com/undefined/status/1917401263458902498","1778937824135516160",
"1917400978191704156","Wed Apr 30 02:09:51 +0000 2025","2","part terkocaknya adalah semuanya pada turun gunung dan fomo komen ga jelas when it comes to dream ini yg bilang bosan bosen krn nct keseringan konser tuh mungkin lupa ya yg konser bukan cuman drm doang soalnya ini grup unitnya ada 4 eh bilang bosennya pas ada berita tds doang","1917400978191704156","","","in","","0","1","0","https://x.com/undefined/status/1917400978191704156","1697620036125601792",
"1916457316389364008","Wed Apr 30 02:06:10 +0000 2025","0","@KangRendra Nah menarik juga. Perlu diperiksa lagi Kang. Karena memang ada dua nama Gunung Kumbang itu. Bisa jadi ada korelasinya.","1917400051732902350","","KangRendra","in","","0","1","0","https://x.com/undefined/status/1917400051732902350","134351223",
"1917399765593252156","Wed Apr 30 02:05:02 +0000 2025","1","tebakanku nih ya diantaranya adalah: &gt; overclaim sejarah situs gunung padang &gt; suharto adalah pahlawan","1917399765593252156","","","in","","0","1","0","https://x.com/undefined/status/1917399765593252156","1417849594499637253",
"1917398673547264397","Wed Apr 30 02:00:41 +0000 2025","0","Jokowi Turun Gunung Hari Ini Datangi Polda Metro Laporkan Tuduhan Ijazah Palsu https://t.co/55BJ9VlmKY","1917398673547264397","","","in","","0","0","0","https://x.com/undefined/status/1917398673547264397","1578222594",
"1917398474078724520","Wed Apr 30 01:59:54 +0000 2025","0","yap! coba tolong saranin sender carrier gunung yang harganya bersahabat sama kantong:) tia!","1917398474078724520","","","in","","0","0","0","https://x.com/undefined/status/1917398474078724520","1894088638180573184",
"1917220500402757813","Wed Apr 30 01:55:49 +0000 2025","0","@somexthread Wis lah gak usah trutusan gunung turu kasur omah ki penak","1917397445111341423","","somexthread","in","","0","0","0","https://x.com/undefined/status/1917397445111341423","1343158579",
"1917397187019039066","Wed Apr 30 01:54:47 +0000 2025","0","Bisa bisa nya di puncak gunung tidar https://t.co/M352QP5ML2","1917397187019039066","https://pbs.twimg.com/media/Gpv2lDZaYAA-3Lz.jpg","","in","","0","3","0","https://x.com/undefined/status/1917397187019039066","458025787",
"1917397032295358955","Wed Apr 30 01:54:10 +0000 2025","0","Lihat Lagi Rencana Fadli Zon Pugar Situs Gunung Padang https://t.co/cSYH6WeWHf","1917397032295358955","","","in","","0","0","0","https://x.com/undefined/status/1917397032295358955","240113510",
"1917396799503098071","Wed Apr 30 01:53:15 +0000 2025","23","Terletak di kaki Gunung Merapi yang sejuk akan nuansa alamnya dan berada di antara aliran sungai Krasak yang terbentang luas dengan hamparan pepohonan hijau di tepiannya Lokasi: Grojogan watu Purbo Tempel Sleman (adnannuriawan) https://t.co/x81P122tzM","1917396799503098071","https://pbs.twimg.com/ext_tw_video_thumb/1917396725528141824/pu/img/wT5cfj5lc9Uz3cAg.jpg","","in","","0","0","3","https://x.com/undefined/status/1917396799503098071","1279804428724211712",
"1917032326716117428","Wed Apr 30 01:53:13 +0000 2025","0","@uarmaihop setinggi puncak gunung jingshan maksudnya kah?","1917396792930623971","","uarmaihop","in","","0","0","0","https://x.com/undefined/status/1917396792930623971","1560616309171564544",
"1917396455104606313","Wed Apr 30 01:51:53 +0000 2025","0","Dah kau expected kat kedah tu macam KL memang tak dapat apa lah. Orang jalan kedah ni tengok bendang mandi sungai air terjun shopping makanan laut makan seafood sbb murah gila dari bandar jalan2 pantai naik gunung jerai eh banyak lahh","1917396455104606313","","","in","","0","0","1","https://x.com/undefined/status/1917396455104606313","1198977744966565890",
"1917214713966137402","Wed Apr 30 01:48:04 +0000 2025","0","@getmyheartt yahhh agendakeun gunung lain","1917395494776758453","","getmyheartt","in","","0","1","0","https://x.com/undefined/status/1917395494776758453","1266011518413336578",
"1917390159806620004","Wed Apr 30 01:47:28 +0000 2025","0","Dia tau ceweknya gak punya siapa2 tapi pas ceweknya di operasi sendirian di LN dia malah ninggalin sendirian. Bahkan ketika ceweknya sakit pas lagi liburan dia malah ninggalin di hotel sementara dianya naik gunung sm temen2nya.","1917395346025574848","","MSso03","in","","0","1","0","https://x.com/undefined/status/1917395346025574848","748678205150683136",
"1917395082510229626","Wed Apr 30 01:46:25 +0000 2025","0","Naik naik ke puncak gunung.. OTW Shopping Gotemba Premium Outlet Mt. Fuji https://t.co/7CB8qtctm8","1917395082510229626","https://pbs.twimg.com/amplify_video_thumb/1917394895679152128/img/vTO8LqGPu2Lw1Dl4.jpg","","in","","0","0","0","https://x.com/undefined/status/1917395082510229626","617091843",
"1917395037526319420","Wed Apr 30 01:46:15 +0000 2025","1","gue gajadi ktemu dgn alasan gada mtor gabisa minjem mending cair duit aja deh gue buat ke gunung selanjutnya","1917395037526319420","","","in","","0","0","0","https://x.com/undefined/status/1917395037526319420","1892273119345455104",
"1917394545098252439","Wed Apr 30 01:44:17 +0000 2025","0","aku mau naik gunung buthak ada baselayer atau celana outdoor ga ya? jaket juga boleh gais","1917394545098252439","","","in","","0","2","0","https://x.com/undefined/status/1917394545098252439","1422844537731358726",
"1917394355587015128","Wed Apr 30 01:43:32 +0000 2025","1","#Tol_Jagorawi Mulai Tanggal 29 April 2025 - 02 Mei 2025 di Gunung Putri KM 21+400 - KM 21+200 arah Jakarta ada pekerjaan perbaikan jalan (Rekonstruksi Rigid) di lajur 1-bahu luar/kiri harap berhati-hati.","1917394355587015128","","","in","","0","0","0","https://x.com/undefined/status/1917394355587015128","540625251",
"1917220500402757813","Wed Apr 30 01:43:08 +0000 2025","0","@Hlemcakil @uzik_sama @somexthread Kata bang Dzawin yang lebih serem kalau naik gunung itu Kegoblokan bukan mistis","1917394255729025281","","Hlemcakil","in","","0","0","0","https://x.com/undefined/status/1917394255729025281","3288745858",
"1917158207199281192","Wed Apr 30 01:40:05 +0000 2025","1","@convomf Perokok = Hama Bahkan di gunung yang tempatnya kita mau cari oksigen lebih baik dari di bawah mereka dengan enaknya malah merokok. Maksudku ga bisa gitu berhenti dulu rokoknya dan nikmatin segernya oksigen? Kenapa polusi harus dibawa kemana mana?","1917393485562536050","","convomf","in","","0","1","0","https://x.com/undefined/status/1917393485562536050","1679832461029814272",
"1917393149942784399","Wed Apr 30 01:38:45 +0000 2025","0","Jika mendaki merupakan penawar dari segala keresahan apakah gunung adalah jawaban dari semua kegelisahan? Jika benar demikian kapan kiranya seseorang memutuskan berhenti mendaki? Bukankah masalah senantiasa ada di sepanjang hidup manusia? Pemesanan: https://t.co/tRm0uyTLkQ https://t.co/3QO88vWBGr","1917393149942784399","https://pbs.twimg.com/media/Gpvy48baYAE3Q0Q.jpg","","in","","0","0","0","https://x.com/undefined/status/1917393149942784399","701740620889485313",
"1917374389139693662","Wed Apr 30 01:37:39 +0000 2025","2","@Anatta_21 @Jim_Lee_77 Critone Mau Naik Gunung Sumbing","1917392875924644032","","Anatta_21","in","","0","0","0","https://x.com/undefined/status/1917392875924644032","981779470045491201",
"1917392619392622725","Wed Apr 30 01:36:38 +0000 2025","4","burung pipit padi-padi yang menguning awan bukit gunung sepoi angin dan aku menatap ke arah jendela gubuk sawahmu kata lelaki itu #romantikasenjakala","1917392619392622725","","","in","","0","0","0","https://x.com/undefined/status/1917392619392622725","940148752693604353",
"1917392596193927546","Wed Apr 30 01:36:33 +0000 2025","3","WTF khamila djibran ini kan yg suka ngonten naik gunung dan gue suka nonton tiktok dia sayang banget kok kepikiran jadi joki???","1917392596193927546","","","in","","0","1","0","https://x.com/undefined/status/1917392596193927546","1549228736188260352",
"1917391314414624932","Wed Apr 30 01:31:27 +0000 2025","0","lagi pengen naik gunung BANGET. esp merbabu ","1917391314414624932","","","in","","0","1","0","https://x.com/undefined/status/1917391314414624932","1313771257821712384",
"1917391143660314709","Wed Apr 30 01:30:46 +0000 2025","7","Ashfall dari erupsi Gunung Bulusan yang sedang berlangsung di Filipina https://t.co/QxX0xVZZMK","1917391143660314709","https://pbs.twimg.com/media/GpvxFEKbAAAvvOu.jpg","","in","","0","0","1","https://x.com/undefined/status/1917391143660314709","1603570929635692545",
"1917374864631161175","Wed Apr 30 01:28:48 +0000 2025","0","@AzaelKyoukoCh (Bukan Jepang tentu saja karena gunung owo","1917390647646118164","","DuckyOfficialVT","in","","0","0","0","https://x.com/undefined/status/1917390647646118164","1384760538823991306",
"1917390458483093901","Wed Apr 30 01:28:03 +0000 2025","0","Tokoh Masyarakat Apresiasi Langkah Polresta Balikpapan dan Tim Medis Beri Perhatian kepada Warga ODGJ Balikpapan Kepedulian terhadap kesehatan mental masyarakat kembali ditunjukkan oleh jajaran Polresta Balikpapan. Kali ini Bhabinkamtibmas Kelurahan Gunung Sari Ulu. https://t.co/rU61xeBVPK","1917390458483093901","https://pbs.twimg.com/media/GpvwdGyacAAensk.jpg","","in","","0","0","0","https://x.com/undefined/status/1917390458483093901","1641314007503228928",
"1917390360839610858","Wed Apr 30 01:27:40 +0000 2025","0","kata siapa kasus hipotermia di indo cuma terjadi di gunung? ente keluar rumah sekitar jam 4 pagi sambil motoran juga kena ","1917390360839610858","","","in","","0","0","0","https://x.com/undefined/status/1917390360839610858","1587627509671022592",
"1917390133441225156","Wed Apr 30 01:26:45 +0000 2025","2","Kalo kalian lagi nyari sandal jepit gunung yang nyaman kuat awet dan harga ekonomis kalian pas banget liat twit ini pas banget Yuk co sekarang #Romstore Cc @is_pelssy @abdelachrian @ArieKuntung https://t.co/3EmX6t8Efe","1917390133441225156","https://pbs.twimg.com/media/GpvwJB_aYAMRnh5.jpg","","in","","0","1","1","https://x.com/undefined/status/1917390133441225156","1163466810517123075",
"1917390123299397703","Wed Apr 30 01:26:43 +0000 2025","0","tebak gunung... https://t.co/A0SqDWJ4gy","1917390123299397703","https://pbs.twimg.com/media/GpvwJ8DaYAEQUfk.jpg","","in","","0","0","0","https://x.com/undefined/status/1917390123299397703","1221508844464922624",
"1917389589435802066","Wed Apr 30 01:24:36 +0000 2025","0","#Tol_Jagorawi Mulai Tanggal 29 April 2025 - 02 Mei 2025 di Gunung Putri KM 21+400 - KM 21+200 arah Jakarta ada pekerjaan perbaikan jalan (Rekonstruksi Rigid) di lajur 1-bahu luar/kiri harap berhati-hati.","1917389589435802066","","","in","","0","0","0","https://x.com/undefined/status/1917389589435802066","540625251",
"1917173019853873370","Wed Apr 30 01:23:43 +0000 2025","60","@IDGoonerscom gilak @thejurgenholic belajar di gunung mana sih sampe jinx nya trey kalah ","1917389369968845243","","IDGoonerscom","in","","0","0","0","https://x.com/undefined/status/1917389369968845243","1085083439269699584",
"1917245537432359069","Wed Apr 30 01:23:17 +0000 2025","0","@somexthread Kelihatannya anak ini senang dgn nuansa monster klo gunung di buat nuansa monster keknya keren juga sch memutus pola pikir mainstream anak - anak.","1917389259331482079","","somexthread","in","","0","0","0","https://x.com/undefined/status/1917389259331482079","1732574106745532416",
"1917388846964396329","Wed Apr 30 01:21:39 +0000 2025","0","Kalau orang tanya aku pun apa yang best kat SP tak tau jawab sangat sebab mmg aku dok sini. Tempat kita dok mmg akan rasa biasa sebab selalu tgk. Boleh rekomen pi gunung jerai kulim bird park dengan makan2 area SP ja la. Yang pakat nak mai sini tu bawak2 la google.","1917388846964396329","","","in","","0","0","0","https://x.com/undefined/status/1917388846964396329","1714667835748925440",
"1917388396093399063","Wed Apr 30 01:19:51 +0000 2025","0","gunung gede pls CPT KE CIBINONG NNTINGUE PUK2","1917388396093399063","","","in","","0","0","0","https://x.com/undefined/status/1917388396093399063","1502356115115282433",
"1916675912570990986","Wed Apr 30 01:19:01 +0000 2025","0","@peterparkeu Gen ask gunung ini buat pemula oke ga ya?","1917388187334570428","","peterparkeu","in","","0","0","0","https://x.com/undefined/status/1917388187334570428","1134406845458575364",
"1917387824741114270","Wed Apr 30 01:17:35 +0000 2025","0","u ddid well gunung gede kita smua akan tunggu lagu mmasterpis lu itu hngg jgn menyerah nnti gue nangis (beneran)","1917387824741114270","","","in","","0","0","0","https://x.com/undefined/status/1917387824741114270","1502356115115282433",
"1916489822694240474","Wed Apr 30 01:16:16 +0000 2025","0","@catfly21 @belladonna_ufo @Heraloebss Budaya orang Madura itu melaut bahkan lagu tanduk majeng itu saja lagu pulang dari melaut. Topografi Madura g ada gunung. Lain kali pelajari dulu baru komen","1917387491918897641","","catfly21","in","","0","0","0","https://x.com/undefined/status/1917387491918897641","1763449454269784064",
"1917387466551746630","Wed Apr 30 01:16:10 +0000 2025","0","Banyak orang healing keluar kota ke gunung ke pantai gua meliburkan diri dengan berkaca bahwa otoritas power diri nambah keseharian diisi agenda berfilsafat dan memastikan orang disekeliling yang berinteraksi perutnya ngga lapar dah happy banget.","1917387466551746630","","","in","","0","1","0","https://x.com/undefined/status/1917387466551746630","1562713692298706948",
"1917386844821676362","Wed Apr 30 01:13:41 +0000 2025","4","Kalau nak mall mmg tak banyak la kedah. Tapi kalau nak view mcmni berlambak kat kedah. Ni belakang rumah pak mertua aku. Tu gunung jerai https://t.co/HR5ydffK8Q","1917386844821676362","https://pbs.twimg.com/amplify_video_thumb/1917386763095662592/img/fFaWRXfXpQ_TTxSm.jpg","","in","","0","1","0","https://x.com/undefined/status/1917386844821676362","208954213",
"1917386615716303049","Wed Apr 30 01:12:47 +0000 2025","0","ehh khamila itu content creator yg suka naik gunung khhh????????","1917386615716303049","","","in","","0","1","0","https://x.com/undefined/status/1917386615716303049","3312808209",
"1917385533413810572","Wed Apr 30 01:08:29 +0000 2025","0","pgn uploud foto foto gunung di first tp lg ngebranding sibuk anjir","1917385533413810572","","","in","","0","0","0","https://x.com/undefined/status/1917385533413810572","1418069535672832000",
"1917381070175232061","Wed Apr 30 01:06:15 +0000 2025","0","@menawaar ii ada gunung","1917384974078206113","","menawaar","in","","0","1","0","https://x.com/undefined/status/1917384974078206113","1804543821797281792",
"1917384589024321922","Wed Apr 30 01:04:43 +0000 2025","0","Belasan kali mendaki belum pernah ada yg namanya diganggu disesatkan dilihatkan yg katanya setan setan. Karena aku ga percaya hal hal gituan. Selama ini orang hilang di gunung kebanyakan karna memang minim pengetahuan asal jalan asal naik akhirnya tersesat dan hilang ","1917384589024321922","","","in","","0","0","0","https://x.com/undefined/status/1917384589024321922","1223526389279649795",
"1917384538210328608","Wed Apr 30 01:04:31 +0000 2025","48","Gunung naksan ada di date changwhan jiwon Bgm operation proposal muncul di adegan jimin jeyeon plot summary ml cowok suka ml cewek dari awal menjelang end ml cewek mau nikah sama org lain tp ml cowok confess akhirnya ml cewek sadar sama perasaan dia ke ml cowok #HeartPairing https://t.co/b7ePjM8bFp","1917384538210328608","https://pbs.twimg.com/ext_tw_video_thumb/1917384525400924161/pu/img/u2z0Sr9p9bcMgeCY.jpg","","in","","2","1","5","https://x.com/undefined/status/1917384538210328608","1503682642301972481",
"1917074410244280825","Wed Apr 30 01:00:11 +0000 2025","0","@psyhunting @Luqmanap_ Berikut senarai tempat menarik di Kedah: 1. Pulau Langkawi: Pantai indah SkyCab dan beli-belah bebas cukai. 2. Alor Setar: Menara Alor Setar dan Masjid Zahir yang ikonik. 3. Muzium Padi: Pameran warisan padi di Yan. 4. Gunung Jerai: Pendakian dengan pemandangan menakjubkan. 5.","1917383446768541882","","psyhunting","in","","0","1","0","https://x.com/undefined/status/1917383446768541882","1720665183188922368",
"1917370107589976159","Wed Apr 30 00:07:11 +0000 2025","9","Mari kita mendaki gunung lewati lembah. Sungai mengalir indah ke samudera demi melawan arus KRL manggarai ke bogor pagi ini wkwk","1917370107589976159","","","in","","0","1","0","https://x.com/undefined/status/1917370107589976159","1206138357845131264",
"1917369909287465426","Wed Apr 30 00:06:24 +0000 2025","0","Selayaknya mendaki gunung kedapatan badai rasa kecewa karena sudah lelah naik tidak terbayarkan. Padahal salah sendiri karena kurang memperhitungkan momen yang pas untuk mendaki gunung. Begitupun kecewa terhadap manusia atas ekspektasi sendiri terpatahkan.","1917369909287465426","","","in","","0","0","0","https://x.com/undefined/status/1917369909287465426","2908056570",
"1917248340934492364","Wed Apr 30 00:05:32 +0000 2025","0","Volcano humidifier kaya gunung berapi meletus : https://t.co/WTDvAn09rU https://t.co/M7OGiwYemM","1917369693163380917","https://pbs.twimg.com/amplify_video_thumb/1917369680253313025/img/cOZhazFjqz_oiZNV.jpg","24xJam","in","","0","1","0","https://x.com/undefined/status/1917369693163380917","3242424015",
"1917220500402757813","Wed Apr 30 00:05:19 +0000 2025","0","@TheParadise666 @somexthread Tujuannya biar sampe di atas soalnya kalo turun gunung tujuannya biar sampe di bawah hehe","1917369640021524597","","TheParadise666","in","","0","1","0","https://x.com/undefined/status/1917369640021524597","1064553372294901762",
"1917136267252535357","Wed Apr 30 00:01:27 +0000 2025","44","@Glen_adys234 @lajollyee mendaki gunung juga seru kok tante daripada nyebar gossip yaang bikin anak orang dibully ","1917368667144347785","","97isfyoung","in","","0","0","0","https://x.com/undefined/status/1917368667144347785","1696549436011491328",
"1916772465939710094","Wed Apr 30 00:00:30 +0000 2025","0","@98Acapan kabupaten wonosobo tepatnya gunung prau. nanjak 3 jam sampai mak cik","1917368426689093644","","98Acapan","in","","0","0","0","https://x.com/undefined/status/1917368426689093644","457229680",
"1917248840404701641","Wed Apr 30 00:00:24 +0000 2025","4","celana gunung sambung berkwalitas link : https://t.co/SvdIWi7FfN https://t.co/YCifwHzHPi","1917368401661682127","https://pbs.twimg.com/media/GpvcZXkaYAEtY0N.jpg","dinossorry","in","","0","1","0","https://x.com/undefined/status/1917368401661682127","1068431395",
"1917116367410761763","Tue Apr 29 23:58:34 +0000 2025","0","@Malangraya_info kayaknya ini orang2 gunung semua gw orang malang yg besar dijakarta ga nyangka kota malang melahirkan ternakan² mulyono","1917367938119786896","","Malangraya_info","in","","0","0","0","https://x.com/undefined/status/1917367938119786896","1681160868438982663",
"1917367843592757462","Tue Apr 29 23:58:11 +0000 2025","0","pagi udah liat postingan dia di gunung","1917367843592757462","","","in","","0","0","0","https://x.com/undefined/status/1917367843592757462","1759603277950554112",
"1917366678914228230","Tue Apr 29 23:53:50 +0000 2025","2","transformasi menjadi gempa bumi dan gunung berapi selama perjalanannya melalui lapisan udara ke inti Bumi melewati tubuh kita. Ada gangguan di kelas iklim.. Banyak guntur nya .. Terserah Allah","1917366748560646375","","DambaanA","in","","0","0","0","https://x.com/undefined/status/1917366748560646375","1603570929635692545",
"1917229836927684739","Tue Apr 29 23:52:45 +0000 2025","0","@Reni68755162 @kegblgnunfaedh Nama pondok pesantren yang dimaksud belum diungkap secara publik mungkin karena sensitivitas kasus atau proses hukum yang masih berlangsung. Namun lokasinya diketahui berada di Kecamatan Gunung Sari Kabupaten Lombok Barat Nusa Tenggara Barat (NTB). Kasus ini melibatkan","1917366474215416283","","Reni68755162","in","","0","0","0","https://x.com/undefined/status/1917366474215416283","1720665183188922368",
"1917365733815902298","Tue Apr 29 23:49:48 +0000 2025","2","Counternya warga bisa inventarisasi mata air di daerah itu fluktuasi debitnya selama setahun penggunaan oleh berapa keluarga. https://t.co/yp14wEWjK8 https://t.co/HdQVj6Bzyb","1917365733815902298","https://pbs.twimg.com/media/GpvZ-Tcb0AAvLo3.jpg","","in","","0","1","0","https://x.com/undefined/status/1917365733815902298","481068490",
"1917220500402757813","Tue Apr 29 23:46:40 +0000 2025","0","@Abangian_ @somexthread naon hubungan na kedul di imah jeung jelema nu nyasab di gunung mang","1917364944586301785","","Abangian_","in","","0","1","0","https://x.com/undefined/status/1917364944586301785","1771211624596348928",
"1917220500402757813","Tue Apr 29 23:44:36 +0000 2025","0","@somexthread Heran kok ga pada bawa tas carrier ya naek gunung?","1917364426430374122","","somexthread","in","","0","0","0","https://x.com/undefined/status/1917364426430374122","821172118515695616",
"1917156920714268743","Tue Apr 29 23:38:30 +0000 2025","0","@democrazymedia Tuhan palsu wong pilpres aja kalah/curang kok. Gblk.","1917362889322815646","","democrazymedia","in","","0","0","0","https://x.com/undefined/status/1917362889322815646","1701624074877984768",
"1917362696380637678","Tue Apr 29 23:37:44 +0000 2025","0","07.37 Simpang Gunung Lingai &amp; simpang Alaya : Antrian kendaraan normal Situasi arus lalin lancar. #MinYn https://t.co/hXjTWokZLe","1917362696380637678","https://pbs.twimg.com/media/GpvXLXDaYAAdH9e.jpg","","in","","0","0","0","https://x.com/undefined/status/1917362696380637678","240460194",
"1917248840404701641","Tue Apr 29 23:36:03 +0000 2025","15","Volcano humidifier kaya gunung berapi meletus : https://t.co/QJURZPe2cF https://t.co/xjtW6WRpw2","1917362273674486260","https://pbs.twimg.com/amplify_video_thumb/1917362262710575109/img/JYPkXKOAalEWIZnd.jpg","dinossorry","in","","0","1","1","https://x.com/undefined/status/1917362273674486260","1068431395",
"1917220500402757813","Tue Apr 29 23:34:29 +0000 2025","0","@somexthread Aku yakin mbakk nyaa awalnya ke mall lalu jalan muter eehh sampek gunung","1917361877937696850","","somexthread","in","","0","0","0","https://x.com/undefined/status/1917361877937696850","1543583623257128960",
"1916815580960891387","Tue Apr 29 23:33:09 +0000 2025","1","@TheEagle_BEN @lia_nmei @Gerindra Di solo om","1917361543752343826","","TheEagle_BEN","it","","0","1","0","https://x.com/undefined/status/1917361543752343826","1701624074877984768",
"1917361315099861409","Tue Apr 29 23:32:15 +0000 2025","0","06.30 #LalinSonora Jl. Pramuka raya dari arah salemba menuju layang senen ramai sekali namun masih bergerak lancar arah sebaliknya lebih lancar. Dari layang senen menuju jl. Gunung Sahari sampai taman wahidin dua arahnya ramai lancar cuaca cerah. @lesmanavivi https://t.co/go3yzoFUoS","1917361315099861409","https://pbs.twimg.com/media/GpvV89paYAEPSIX.jpg","","in","","0","0","0","https://x.com/undefined/status/1917361315099861409","180696019",
"1917331914882703403","Tue Apr 29 21:35:25 +0000 2025","0","Nggak bisa tidur isi kepala traveling kemana-mana Flying fox main ATV river tubing kayaking naik gunung sunsetan","1917331914882703403","","","in","","0","0","0","https://x.com/undefined/status/1917331914882703403","928326373587828736",
"1917330240344580545","Tue Apr 29 21:28:46 +0000 2025","0","Cacat fisik Cacat hati cacat fikiran yg begini hukumannya mending d suruh daki gunung tanpa perbekalan biar dimakan harimau diperjalanan.","1917330240344580545","","","in","","0","0","0","https://x.com/undefined/status/1917330240344580545","2307925338",
"1917329759664759108","Tue Apr 29 21:26:51 +0000 2025","0","Khamila djibran ini yg punya tiktok naik gunung gak sihhhh","1917329759664759108","","","in","","1","0","0","https://x.com/undefined/status/1917329759664759108","1168400719642148864",
"1917329025258905911","Tue Apr 29 21:23:56 +0000 2025","0","Wong munggah gunung sing rung siap pun kadang yo isoh bejan tekan puncak gembira. Ning opo uripmu mung bakal mung ngandelke bejan? Sing tekone mung pisan pindo? Ra pengen to urip gembira jangka panjang? Bahkan ra kudu puncak pemicu gembirane?","1917329025258905911","","","in","","0","1","0","https://x.com/undefined/status/1917329025258905911","515580960",
"1917220500402757813","Tue Apr 29 21:20:59 +0000 2025","1","@somexthread Hutan dan gunung bukan untuk pemula","1917328282556719302","","somexthread","in","","0","0","0","https://x.com/undefined/status/1917328282556719302","1855894677452722176",
"1917324416247292187","Tue Apr 29 21:06:01 +0000 2025","0","infokan main pantai atau naik gunung","1917324516738621648","","keisoflife","in","","0","1","0","https://x.com/undefined/status/1917324516738621648","1321695995437088768",
"1917323869402325493","Tue Apr 29 21:03:27 +0000 2025","0","inget pepatah bang Ole nal gunung itu ada untuk didaki bukan?? #ARSPSG #UCL","1917323869402325493","","","in","","0","0","0","https://x.com/undefined/status/1917323869402325493","1478597887839772672",
"1917117268611469587","Tue Apr 29 21:00:52 +0000 2025","0","@bsyafaa0272 Suku ini kayaknya memang udah kuat banget tanah liat dalam hal naik gunung","1917323219058712899","","bsyafaa0272","in","","0","0","0","https://x.com/undefined/status/1917323219058712899","1276592897530290176",
"1917245537432359069","Tue Apr 29 20:48:13 +0000 2025","0","@somexthread Ya ampun saya gambar gunung aja mencong ","1917320034751504550","","somexthread","in","","0","0","0","https://x.com/undefined/status/1917320034751504550","875108656483782656",
"1917172093113807229","Tue Apr 29 20:45:06 +0000 2025","2","@Saimsib @tanyakanrl Emang gunanya sosmed rata2 buat naikin engagement orang tolol kaya gini. Cepet2 deh ke psikolog daripada ke gunung jadi sampah gunung","1917319250689286554","","Saimsib","in","","0","0","0","https://x.com/undefined/status/1917319250689286554","2272554253",
"1917317663463989493","Tue Apr 29 20:38:47 +0000 2025","1","gunung nya bagus ya https://t.co/OJvBRiEds5","1917317663463989493","https://pbs.twimg.com/amplify_video_thumb/1917317516378148864/img/3FLpsvHxW7TcayL5.jpg","","in","","0","0","0","https://x.com/undefined/status/1917317663463989493","1749458074912665600",
"1917311097419489319","Tue Apr 29 20:12:42 +0000 2025","0","etapi 26-27 udah plan ke daerah gunung fuji sih.. kalo cuma tokyo i'll ditch in the heartbeat sih my itinerary","1917311097419489319","","","in","","0","0","0","https://x.com/undefined/status/1917311097419489319","1791831789595709440",
"1917242780557955324","Tue Apr 29 20:08:37 +0000 2025","0","@kaaakei Knp harus di bawa ke gunung trus teriak sekenceng kenceng nya","1917310069550768227","","kaaakei","in","","0","0","0","https://x.com/undefined/status/1917310069550768227","1839236772909428736",
"1917308002916524153","Tue Apr 29 20:00:24 +0000 2025","0","Ya Allah ini aku setres banget pengen pelihara anjing walaupun dalam seharinya pahalanya dikurangin 1 qirat aka sebesar gunung Uhud. Tapi gapapa kan ya daripada melakukan hal-hal yang merendahkan harga diriku. Liur anjing masih bisa di sucikan ngga kaya omongan manusia.","1917308002916524153","","","in","","0","0","0","https://x.com/undefined/status/1917308002916524153","1778519899910053888",
"1916772465939710094","Tue Apr 29 19:50:05 +0000 2025","0","@Marchfoward favorite orang my tu biasanya bandung dengan naik kereta cepat. bandung banyakla cafe2 diatas gunung dan hawa kotanya juga sejuk. dari bandung naik kereta panoramic ke garut buat mandi air panas. gas lah main sebelum bubar 2030.","1917305405421805762","","Marchfoward","in","","0","0","0","https://x.com/undefined/status/1917305405421805762","1740905033192144896",
"1917220500402757813","Tue Apr 29 19:39:42 +0000 2025","11","@JakaKusuma21 @somexthread yaps bener sekali . naik gunung itu bukan cuman soal fisik . mental dan pengetahuan juga perlu banget . biasanya pendaki yang nyasar gini lalai sma keadaan sekitar kurang teliti dalam menghafal jalur teman didepan udah ngambil jalur kanan dia nya gak keliatan akhrnya panik","1917302793658065113","","JakaKusuma21","in","","0","0","0","https://x.com/undefined/status/1917302793658065113","2843650514",
"1917252846434861416","Tue Apr 29 19:34:13 +0000 2025","0","@risesknight121 Mantab banget nih mas mas pendaki gunung nya langsung gercep ke arah si kakak nya yg minta tolong.","1917301415216902292","","Johnborhh","in","","0","1","0","https://x.com/undefined/status/1917301415216902292","1637572714205421595",
"1917300539907527102","Tue Apr 29 19:30:45 +0000 2025","0","Pengen munggah gunung dan teriakk sekencangnya Ahhhhhh","1917300539907527102","","","in","","0","1","0","https://x.com/undefined/status/1917300539907527102","1546540794538229760",
"1917197058236375501","Tue Apr 29 19:26:31 +0000 2025","9","@DomLica_ @A_FionyJKT48 Ini live berjamaah dlm rangka apa ya? Ampe yg sarana live nya lumutan dikabarkan turun gunung (baca: Freya)? Lg pd latihan buat setlist ori kah?","1917299477586796780","","DomLica_","in","","0","1","0","https://x.com/undefined/status/1917299477586796780","813119040",
"1917295031238746295","Tue Apr 29 19:23:11 +0000 2025","0","@eTIRnalsunshine wkwkw ayokk naik gunung di roblox","1917298635907424307","","eTIRnalsunshine","in","","0","0","0","https://x.com/undefined/status/1917298635907424307","1802995388296945665",
"1917220500402757813","Tue Apr 29 19:19:45 +0000 2025","0","@somexthread That s why gak suka naik gunung.","1917297774946668883","","somexthread","in","","0","0","0","https://x.com/undefined/status/1917297774946668883","2489263088",
"1917296607911109036","Tue Apr 29 19:15:08 +0000 2025","0","#Tol_Jagorawi Mulai Tanggal 29 April 2025 - 02 Mei 2025 di Gunung Putri KM 21+400 - KM 21+200 arah Jakarta ada pekerjaan perbaikan jalan (Rekonstruksi Rigid) di lajur 1-bahu luar/kiri harap berhati-hati.","1917296610289279034","","PTJASAMARGA","in","","0","0","0","https://x.com/undefined/status/1917296610289279034","540625251",
"1917293316544291041","Tue Apr 29 19:02:02 +0000 2025","0","pantai tp pgn naik gunung tp ga ada izin","1917293316544291041","","","in","","0","0","0","https://x.com/undefined/status/1917293316544291041","1557326632905748481",
"1917140053245231264","Tue Apr 29 19:01:38 +0000 2025","0","@Halim02_ID @xvg_id @Halim02_ID @xvg_id Kronologi pastinya belum jelas tapi kemungkinan pendaki wanita dari NTT terpisah dari rombongan di Gunung Bulu Baria (mungkin disebut Bulu Balio) karena istirahat foto atau salah komunikasi. Hutan lebat dan kabut bisa bikin tersesat. Dia dibawa mutar-mutar","1917293215008588250","","Halim02_ID","in","","0","0","0","https://x.com/undefined/status/1917293215008588250","1720665183188922368",
"1917267826865496480","Tue Apr 29 19:01:07 +0000 2025","0","@rutheywi Udah punya gunung kakak wleeekkkk","1917293084540559551","","rutheywi","in","","0","1","0","https://x.com/undefined/status/1917293084540559551","1447767469989396480",
"1917267826865496480","Tue Apr 29 18:57:41 +0000 2025","1","@ndrajwa03 yaudh ke gunung aja kmuu","1917292218676830540","","ndaljepit_","in","","0","1","0","https://x.com/undefined/status/1917292218676830540","1509763994982449153",
"1917291372677325035","Tue Apr 29 18:54:19 +0000 2025","0","aku diajakin ke gunung gede aku gapernah naik gunung nanti baru mendaki 5 menit aku langsung tumbang bjir","1917291372677325035","","","in","","0","0","0","https://x.com/undefined/status/1917291372677325035","1837778973809692672",
"1917220500402757813","Tue Apr 29 18:52:27 +0000 2025","3","@uraddictt @somexthread Halo! Setelah diteliti cerita ini sepertinya settingan. Tidak ada laporan atau berita yang mendukung kejadian ini meskipun ada kasus pendaki tersesat di Indonesia sebelumnya seperti di Gunung Slamet tahun 2024. Akun @somexthread juga sering membagikan konten sensasional ","1917290903619924419","","uraddictt","in","","0","2","1","https://x.com/undefined/status/1917290903619924419","1720665183188922368",
"1917289031513395305","Tue Apr 29 18:45:01 +0000 2025","0","laprak &amp; flipbook belom selesai dl hari ini mending mendaki gunung roblox atau ngerjain????","1917289031513395305","","","in","","0","1","0","https://x.com/undefined/status/1917289031513395305","1160864398790914048",
"1917265347197165626","Tue Apr 29 18:42:27 +0000 2025","0","@natacantiik @chocominttto dom Yogyakarta Jogja DIY Daerah Istimewa Yogyakarta Bantul Sleman Kulon Progo Kota Yogyakarta Gunung Kidul #LeapDaySeriesEP4 #LeapDaySeriesEP4 #LeapDaySeriesEP4 #LeapDaySeriesEP4 #LeapDaySeriesEP4 #LeapDaySeriesEP4 #LeapDaySeriesEP4 #LeapDaySeriesEP4 #LeapDaySeriesEP4","1917288388572635633","","natacantiik","in","","0","0","0","https://x.com/undefined/status/1917288388572635633","1260869022800736256",
"1917287469499965564","Tue Apr 29 18:38:48 +0000 2025","0","biasalah dah lebih pukul 2 ni banyak fikir fikir nak beli pokok nak hiking gunung datuk nak makan cheesetart hahahshah////tak elok tidur lewat ","1917287469499965564","","","in","","0","0","0","https://x.com/undefined/status/1917287469499965564","1137360730288582656",
"1917286660867514536","Tue Apr 29 18:35:36 +0000 2025","0","kebangun mimpi lg di puncak gunung semeru mahameru ke 2 kalinya","1917286660867514536","","","in","","0","0","0","https://x.com/undefined/status/1917286660867514536","1266334014698217472",
"1917286410085884240","Tue Apr 29 18:34:36 +0000 2025","0","KECIDUK PEN NAIK GUNUNG GEGARA LAPTOP LUPA DITUTUP","1917286410085884240","","","in","","0","0","0","https://x.com/undefined/status/1917286410085884240","1234737562691915776",
"1917285764863512952","Tue Apr 29 18:32:02 +0000 2025","0","coo ni beneran kak khamila yang sering naik gunung itu? ANJIR NI BNERAN GA SIH?","1917285764863512952","","","in","","0","0","0","https://x.com/undefined/status/1917285764863512952","1474186506239578131",
"1917163034071699694","Tue Apr 29 18:31:11 +0000 2025","1","@sbmptnfess hah anjir itu beneran kak khamila yang sering naik gunung itu? masa iya sih ","1917285550316478776","","sbmptnfess","in","","0","0","0","https://x.com/undefined/status/1917285550316478776","1474186506239578131",
"1917285544398315900","Tue Apr 29 18:31:09 +0000 2025","0","Adaaaa ldksnya jalan kaki dari gedung utama ke gedung cabang melewati tengah2 gunung bantargebang. Alias bukan lewat jalan utama tapi lewat tengah2 dan masuk tpstnya langsung kwkwkwkw","1917285544398315900","","","in","","0","0","0","https://x.com/undefined/status/1917285544398315900","1345312132754116608",
"1917284133707079772","Tue Apr 29 18:25:33 +0000 2025","0","Judul: Sejarah Israel Pada Zaman Alkitab Penulis: David F. Hinson Penerbit: BPK Gunung Mulia 1994 Tebal: xiii+295 halaman Harga: Rp 85.000 - . Narahubung WA: https://t.co/e71lLJdE5O https://t.co/yRogXpmnqR https://t.co/LoWtbJNZeF . karena tidak membaca adalah pengkhianatan https://t.co/nEJxq1Z9qZ","1917284133707079772","https://pbs.twimg.com/media/GpuPwj8aYAMUKQY.jpg","","in","","0","0","0","https://x.com/undefined/status/1917284133707079772","1771198216941490176",
"1917220500402757813","Tue Apr 29 18:23:55 +0000 2025","76","@somexthread Ada baiknya ajak teman entah 1 atau 2 orang buat teman mendaki. Buat jaga² kalau ada hal yg tidak diinginkan. Hutan/gunung bukan ranah kita kita jg gatau ada apa didalam sana. Smg selalu dlm lindungan Tuhan","1917283723793555638","","somexthread","in","","0","2","3","https://x.com/undefined/status/1917283723793555638","1839108926912212992",
"1917206189009735970","Tue Apr 29 18:23:43 +0000 2025","0","@stockmapping Gunung kawi goes to usa ","1917283673390604686","","stockmapping","tl","","0","0","0","https://x.com/undefined/status/1917283673390604686","398101637",
"1917281279558705524","Tue Apr 29 18:14:13 +0000 2025","1","w udah cape naek gunung gmau dibkin cape nangis ah","1917281279558705524","","","in","","0","0","0","https://x.com/undefined/status/1917281279558705524","1167778046499123201",
"1917251246123348160","Tue Apr 29 16:14:52 +0000 2025","1","akhirnya aku berhasil menamatkan gunung rinjani","1917251246123348160","","","in","","0","1","0","https://x.com/undefined/status/1917251246123348160","1042404354261581829",
"1917251020406563137","Tue Apr 29 16:13:58 +0000 2025","0","Cek SPEEDS Kursi Lipat Camping Kursi Lipat Outdoor Kursi Gunung Kursi Sauna Bangku Portable 031-12 dengan harga Rp63.750. Dapatkan di Shopee sekarang! https://t.co/yjDVRIro7j https://t.co/wd5GHyYLPh","1917251020406563137","https://pbs.twimg.com/media/Gptxop6bQAAOFRs.jpg","","in","","0","0","0","https://x.com/undefined/status/1917251020406563137","2571595210",
"1917051454608605537","Tue Apr 29 16:12:26 +0000 2025","0","@profitdrops1 @Ben3atha Kemarin 28 April 2025 terjadi pemadaman listrik besar di Eropa Selatan termasuk Spanyol Portugal dan sebagian Prancis. Ini mulai sekitar pukul 11:33 Waktu Musim Panas Eropa Barat. Penyebabnya masih diselidiki kemungkinan ada kebakaran di gunung Alaric Prancis yang","1917250635017359734","","profitdrops1","in","","0","0","0","https://x.com/undefined/status/1917250635017359734","1720665183188922368",
"1917220500402757813","Tue Apr 29 16:10:25 +0000 2025","30","@somexthread Kasihan sekali apa yang paling tidak di inginkan di gunung adalah kebingungan dan ketakutan. Karena itu buddy is a must. Btw jalurnya masih rapet vegetasi suka serem kalo di tipe2 jalur kek gini.","1917250126550384917","","somexthread","in","","0","0","0","https://x.com/undefined/status/1917250126550384917","611046001",
"1917250121215152356","Tue Apr 29 16:10:24 +0000 2025","0","Hah bentar ini monologue lagu pengantarku naik turun gunung ada live nya","1917250121215152356","","","in","","0","0","0","https://x.com/undefined/status/1917250121215152356","1116775065540894720",
"1917247577176854758","Tue Apr 29 16:08:00 +0000 2025","0","Hg kuat makan belacan dan tak lalu makan nasi kalau takdak ikan kering masin? Pi tanjung dawai. Buat ramah sikit silap silap paklong hat juai tu bagi belacan free kat hg. Nak nature sightseeing? Gunung jerai dok ada. Ada ladang stoberi gak atas tu kot hg nak fefeeling cameron.","1917249517478621437","","_badgalll","in","","0","1","0","https://x.com/undefined/status/1917249517478621437","2656313215",
"1917249339463766129","Tue Apr 29 16:07:17 +0000 2025","0","Menanti Janji Gubernur Jabar Dedi Mulyadi Ganti Rugi Domba Korban Macan Gunung Sawal Ciamis https://t.co/ZqZxUVvNNS","1917249339463766129","","","in","","0","0","0","https://x.com/undefined/status/1917249339463766129","1687367975853248512",
"1917248873497837954","Tue Apr 29 16:05:26 +0000 2025","0","baiklah setelah mendaki gunung melewati lembah (ril) akhirnya selesai baca 3 narasinyaa (i feelin full ) mari kita review narasi2 written in the stars sekaligus my fav part! Tidak sabaarr","1917248873497837954","","","in","","0","1","0","https://x.com/undefined/status/1917248873497837954","1189392325933289472",
"1917241545973264832","Tue Apr 29 16:04:19 +0000 2025","0","@loeyninibear enek sek tantrum jaluk di co ke jaket mau omahe cerak gunung koyone kademen","1917248591233683521","","loeyninibear","in","","0","1","0","https://x.com/undefined/status/1917248591233683521","852286748",
"1917248115779973370","Tue Apr 29 16:02:26 +0000 2025","0","harus sungkem si semua ke gua karna akhirnya gua menamatkan gunung Everest","1917248115779973370","","","in","","0","0","0","https://x.com/undefined/status/1917248115779973370","1621328796082393089",
"1917247807427326246","Tue Apr 29 16:01:12 +0000 2025","0","GUA MENAMATKAN GUNUNG EVEREST","1917247807427326246","","","in","","0","0","0","https://x.com/undefined/status/1917247807427326246","1621328796082393089",
"1916772465939710094","Tue Apr 29 16:00:05 +0000 2025","0","@98Acapan @Marchfoward Melancong je ke Bukittinggi Sumatera Barat. Nasi Padang kat lereng gunung lah tu...","1917247526815908337","","98Acapan","in","","0","0","0","https://x.com/undefined/status/1917247526815908337","1652026007606689792",
"1917245493371158820","Tue Apr 29 15:59:49 +0000 2025","0","@puddingbiteu KAGAK KAK gunung imut mksdnya gunung kesyil WKWKWKWKW NGAKAK DAH PERTANYAAN KM KAK","1917247456640979017","","puddingbiteu","in","","0","1","0","https://x.com/undefined/status/1917247456640979017","1863203690368380928",
"1917247323643715896","Tue Apr 29 15:59:17 +0000 2025","0","Ndeeer...aku juga pengen naek gunung dari taon lalu malah Tapi belom naik karena gaada temennya.. Fyi aku blm pnh naek gunung sama skali.. jd mo naik sndri takut","1917247323643715896","","","in","","0","0","0","https://x.com/undefined/status/1917247323643715896","1669360944550670341",
"1917245493371158820","Tue Apr 29 15:58:52 +0000 2025","0","@jiiikaall NAMANYA GUNUNG IMUT?","1917247220489048091","","jiiikaall","tl","","0","1","0","https://x.com/undefined/status/1917247220489048091","786245998813192193",
"1917245177707761932","Tue Apr 29 15:57:24 +0000 2025","0","@starlvbin Dia gatau ajaaa kita sanking bangganya pundak udah kek gunung everest https://t.co/fRT7zYDDok","1917246850257809848","https://pbs.twimg.com/tweet_video_thumb/Gptt19taAAArA-V.jpg","starlvbin","in","","0","0","0","https://x.com/undefined/status/1917246850257809848","1290596819659968514",
"1917242763994927468","Tue Apr 29 15:54:24 +0000 2025","0","@Puding600k wis siap ndaki gunung purba tiap hari","1917246097350947076","","Puding600k","in","","0","0","0","https://x.com/undefined/status/1917246097350947076","881483200127684609",
"1917245683083444726","Tue Apr 29 15:52:46 +0000 2025","0","Tanam Ganja di Lereng Gu https://t.co/bmzjQ4PW7Y https://t.co/PNJQ29CkSk","1917245683083444726","https://pbs.twimg.com/media/GptsydHWcAEQ7aS.jpg","","in","","0","0","0","https://x.com/undefined/status/1917245683083444726","155169715",
"1917245659763163279","Tue Apr 29 15:52:40 +0000 2025","1","kedah ada port kat gunung keriang. tapi minta maaf cakap ea. fasiliti dan keadaan sekeliling sangat lah teruk. smpah sarap nye macam5 thun tak selenggara. kosi roboh jambatan roboh. bergitu lah kesahnye kalau lah dia jaga memang port sebb dekat alor setar.","1917245659763163279","","","in","","0","0","0","https://x.com/undefined/status/1917245659763163279","540676672",
"1917245561415303279","Tue Apr 29 15:52:17 +0000 2025","1","Jadi bila nak from parliament to pelamin ? Harapan saya sudah setinggi gunung kinabalu bah ni. Semoga dipermudah urusan kamurang berdua!","1917245561415303279","","","in","","0","0","0","https://x.com/undefined/status/1917245561415303279","3098964540",
"1917245493371158820","Tue Apr 29 15:52:00 +0000 2025","0","hari kamis mau daki gunung imut sama temen kosku GK SABAR","1917245493371158820","","","in","","0","1","0","https://x.com/undefined/status/1917245493371158820","1863203690368380928",
"1917245141565501615","Tue Apr 29 15:50:37 +0000 2025","0","Turun gunung","1917245141565501615","","","in","","0","0","0","https://x.com/undefined/status/1917245141565501615","1379766197172891648",
"1917227959167144135","Tue Apr 29 15:50:36 +0000 2025","0","@fleyura naik gunung","1917245138642035150","","fleyura","in","","0","1","0","https://x.com/undefined/status/1917245138642035150","1728732706379636736",
"1917244915043717540","Tue Apr 29 15:49:43 +0000 2025","2","kalau kedah p lah explore bela ke yan ke gunung jerai ke healing yang tak menyesal. klo suka cafe2 sg petani pon dh start naik cafe2 cantik","1917244915043717540","","","in","","0","0","0","https://x.com/undefined/status/1917244915043717540","1002204628392427521",
"1917244779811013051","Tue Apr 29 15:49:10 +0000 2025","1","leh! Yang sewa senter di gunung andong via sawit/pendem ada kah?","1917244779811013051","","","in","","0","2","0","https://x.com/undefined/status/1917244779811013051","1216751588032708609",
"1917032588902076521","Tue Apr 29 15:48:57 +0000 2025","0","@sbyfess naik gunung nder","1917244725071061288","","sbyfess","in","","0","0","0","https://x.com/undefined/status/1917244725071061288","1102219725667364864",
"1916772465939710094","Tue Apr 29 15:48:30 +0000 2025","2","@98Acapan @Marchfoward Try Malang city in East Java! Kat Malang Selatan ada banyak pantai macam Balekambang Goa Cina Sendang Biru. Bila nak gunung Bromo tu viewnya best and sometimes ada event adat. Bila ada masa lebih try visit danau Andem kat desa Wajak too it's refreshing! Ada bakso pula https://t.co/AG8s9pDXso","1917244610948289001","https://pbs.twimg.com/media/Gptrz_yaEAAjH8z.jpg","98Acapan","in","","0","0","0","https://x.com/undefined/status/1917244610948289001","100490801",
"1917244600911319142","Tue Apr 29 15:48:28 +0000 2025","0","tbtb pengen jadi petualang yang tiba tiba snorkeling tiba tiba udah di puncak gunung tiba tiba diatas tebing tiba tiba naik paralayang","1917244600911319142","","","in","","0","0","0","https://x.com/undefined/status/1917244600911319142","1152778793389395968",
"1917134753406587389","Tue Apr 29 15:45:19 +0000 2025","0","@stellifxy Dari pada di pinggir jalan menuju gunung?","1917243809295131119","","","in","","0","0","0","https://x.com/undefined/status/1917243809295131119","2268094863",
"1917243622225035412","Tue Apr 29 15:44:34 +0000 2025","6","Finally setelah 6 bulan aku main ke gunung lagi ke Merbabu camp pulaseneng pol-polan terakhir ke Sumbing tektok (hampir trauma coz salah partner.) https://t.co/50gKc8s9yL","1917243622225035412","https://pbs.twimg.com/media/Gptq6U9bwAALQma.jpg","","in","","0","3","1","https://x.com/undefined/status/1917243622225035412","1599624526090104833",
"1916771931732185268","Tue Apr 29 15:43:11 +0000 2025","0","@rendramaul @tanyarlfes naik gunung","1917243273237987409","","akubukangenz","in","","0","0","0","https://x.com/undefined/status/1917243273237987409","1025884182210273281",
"1917207530973073689","Tue Apr 29 15:42:50 +0000 2025","0","@introvertionnfj Ini suhu nya fuckboy turun gunung ya wkkwkw","1917243184369074652","","introvertionnfj","in","","0","1","0","https://x.com/undefined/status/1917243184369074652","1572064937853464576",
"1916805013705224347","Tue Apr 29 15:42:22 +0000 2025","0","@UGM_FESS gas nder @lumbalumbatotol juga pro naik gunung tuh wkwkw","1917243065263358443","","UGM_FESS","in","","0","1","0","https://x.com/undefined/status/1917243065263358443","1272494916229160960",
"1917241887943278936","Tue Apr 29 15:37:41 +0000 2025","0","ada yang anak gunung gak? kalo ada mau dong ditawarin sepatu gunung cewek (buat pemula ajasih). makasih","1917241887943278936","","","in","","0","3","0","https://x.com/undefined/status/1917241887943278936","1288046025047830530",
"1917184507008131530","Tue Apr 29 15:37:34 +0000 2025","0","@narasirubah Lebih besarrrr dari gunung?","1917241859077988749","","narasirubah","in","","0","0","0","https://x.com/undefined/status/1917241859077988749","3243016828",
"1917241331648434634","Tue Apr 29 15:35:28 +0000 2025","0","22.35 WIB #Tol_Surabaya_Gempol HATI-HATI di Dukuh Kupang KM 08+800 arah Gunung Sari ada penanganan kendaraan Truk gangguan ban di lajur 1/kiri.","1917241331648434634","","","in","","0","0","0","https://x.com/undefined/status/1917241331648434634","540625251",
"1917117268611469587","Tue Apr 29 15:34:34 +0000 2025","0","@bsyafaa0272 anjir tiap hari naik gunung gitu ya kak","1917241102563946663","","bsyafaa0272","in","","0","0","0","https://x.com/undefined/status/1917241102563946663","1173529873169534976",
"1917237353573421218","Tue Apr 29 15:33:37 +0000 2025","0","ngajuin kan tuh ini gunung pangradinan bagus jir tau taunya setelah ngusulin malah dikatain gapunya otak apcb ITU PERTAMA. keduaa... sponsor blgnya bakal banyak external dan guru jurusan yg nyari semua sponsornya. nyatanya apa wok? nyatanya ttp anak anaknya yg nyari sndiri","1917240864415629671","","jongtsby","in","","0","1","0","https://x.com/undefined/status/1917240864415629671","1644526109965565953",
"1917237353573421218","Tue Apr 29 15:32:21 +0000 2025","0","kalo anak kelas gw gapunya otak FAKOFF lah dan lu semua tau karena apa? karena LOKASI SYUTING WOK?? kan emang scene akhir di short movie ini tuh nunjukin tempat yang emang nuansanya alam tempat yang sering dikunjungin sama main characternya (kaki gunung)","1917240546424414549","","jongtsby","in","","0","1","0","https://x.com/undefined/status/1917240546424414549","1644526109965565953",
"1917195561754829007","Tue Apr 29 15:31:59 +0000 2025","0","@Kudabajingan semoga kuncen gunung salak nggak lelah menghadapi curiousity gue mangkud","1917240455366156590","","Kudabajingan","in","","0","0","0","https://x.com/undefined/status/1917240455366156590","1000030347516497921",
"1917131107952431287","Tue Apr 29 15:20:47 +0000 2025","0","@nyaguwmo Rumah lu atas gunung klo sampe banjir kayaknya se jawa tengah udh tenggelam ","1917237636831535332","","nyaguwmo","in","","0","1","0","https://x.com/undefined/status/1917237636831535332","1118794080647958528",
"1917219820271255590","Tue Apr 29 15:19:50 +0000 2025","0","@lambepaklurah Mending naik gunung Bawakaraeng","1917237394933452989","","lambepaklurah","in","","0","1","0","https://x.com/undefined/status/1917237394933452989","1341636527193903107",
"1917058726306992386","Tue Apr 29 15:15:58 +0000 2025","0","@tegalfess aku taunya komunita daki gunung nder","1917236423167820244","","tegalfess","in","","0","0","0","https://x.com/undefined/status/1917236423167820244","1454397789962588168",
"1917236166874874035","Tue Apr 29 15:14:57 +0000 2025","0","Korem 063/Sunan Gunung Jati Kunjungi RRI Cirebon https://t.co/QUsUrTtElz #beritaterkini #beritaviral #kabarterbaru #klikwarta #news #beritanasional","1917236166874874035","","","in","","0","0","0","https://x.com/undefined/status/1917236166874874035","823779030767833088",
"1917128837743448205","Tue Apr 29 15:14:56 +0000 2025","43","@pakinknalpot @Leobebbe Temen gue dijakarta gue ajak ke gunung kidul sama jogja dikit2 berhenti buat foto sawah lah foto pohon2 lah liat pengamen dilampu merah pake angklung berhenti lagi wkwkw","1917236163972325695","","pakinknalpot","in","","0","0","0","https://x.com/undefined/status/1917236163972325695","1575369122505900032",
"1917236061643952320","Tue Apr 29 15:14:32 +0000 2025","0","Pergi la paragliding dari Gunung Jerai","1917236061643952320","","","in","","0","0","0","https://x.com/undefined/status/1917236061643952320","145883775",
"1917235247869268444","Tue Apr 29 15:13:47 +0000 2025","1","Pandeglang disini salah satu kabupaten paling barat di Pulau Jawa. Kecamatan Panimbang merupakan salah satu kecamatan yang langsung menghadap ke Selat Sunda. Gunung yang terlihat di foto menurutku itu rangkaian gunung yang ada di Banten daerah tengah","1917235875525927321","","gam_aa","in","","0","1","0","https://x.com/undefined/status/1917235875525927321","66055741",
"1917235745636712853","Tue Apr 29 15:13:16 +0000 2025","1","Nemenin anak gadis naik gunung. @jakswel https://t.co/H83IAJ3UwN","1917235745636712853","https://pbs.twimg.com/media/GptjvbzasAEL_dG.jpg","","in","","1","0","1","https://x.com/undefined/status/1917235745636712853","726151616085241856",
"1917235695774732346","Tue Apr 29 15:13:05 +0000 2025","2","Aku p kedah mmg expect nak tengok bendang gunung bukit hijo sambil layan lagu day6. Best kann like diff from bandar. Mmg relax mcm tu je","1917235695774732346","","","in","","0","0","0","https://x.com/undefined/status/1917235695774732346","1486265096318099457",
"1917155165997830232","Tue Apr 29 15:11:50 +0000 2025","1","@neocrackhead Odoi sayang kau mahu saya sikut tu gunung kinabalu sama sungai pagalan ","1917235384913957002","","neocrackhead","in","","0","1","0","https://x.com/undefined/status/1917235384913957002","1848036011361882112",
"1917235265942491565","Tue Apr 29 15:11:22 +0000 2025","7","info merbabu date pgn bucin di gunung (selective)","1917235265942491565","","","in","","0","3","0","https://x.com/undefined/status/1917235265942491565","1866638328931741696",
"1917197493739405632","Tue Apr 29 15:08:08 +0000 2025","0","@tarohendery Karna syot mandaki gunung itu ikut ikutan &amp; fomo https://t.co/C1uBcZQjFu","1917234451932909921","","tarohendery","in","","0","1","0","https://x.com/undefined/status/1917234451932909921","1884836164101963776",
"1917233917700215247","Tue Apr 29 15:06:01 +0000 2025","1",": Gunung Besar Hantu trailhead https://t.co/rKynL4Fflv","1917233917700215247","https://pbs.twimg.com/media/GptiFY1bwAAd_m3.jpg","","in","","0","0","0","https://x.com/undefined/status/1917233917700215247","81624903",
"1917228459371487714","Tue Apr 29 15:05:46 +0000 2025","0","@CelestArcanum keknya gegara di gunung udaranya sejuk jadi shining","1917233856106922059","","wolfyouuu","in","","0","1","0","https://x.com/undefined/status/1917233856106922059","1340617253843156992",
"1917198625316409700","Tue Apr 29 15:04:15 +0000 2025","0","@Mortalest setuju! asal jangan pesugihan gunung kawi","1917233476119703737","","","in","","0","0","0","https://x.com/undefined/status/1917233476119703737","1249688324488302592",
"1917230692741836898","Tue Apr 29 15:03:28 +0000 2025","0","@aveoras kalo nanti cerita sama anaknya gini dulu papah mau sekolah tuh nyebrang laut membelah hutan menaiki gunung menuruni lembah ","1917233275690762506","","aveoras","in","","0","1","0","https://x.com/undefined/status/1917233275690762506","1804403108325527553",
"1917074410244280825","Tue Apr 29 15:03:03 +0000 2025","6","@Luqmanap_ Kedah mmng xdak apa lahh. Mngkin dia nak something yg xdak dkt ngri dia duk. Klu mntion gunung ganang bgai mana ssuai. Dia dtg utk knduri kawin. Bkn actvy outdor. Tmpt santai2 nk bjlan mngkin yg dia mksdkan.","1917233173119029593","","Luqmanap_","in","","0","1","0","https://x.com/undefined/status/1917233173119029593","3272063598",
"1917209038217232529","Tue Apr 29 15:02:22 +0000 2025","0","@senjamentari Anak siapa ini blm sembuh tp mo keluyuran? Ke gunung pula...","1917233001097994510","","senjamentari","in","","0","1","0","https://x.com/undefined/status/1917233001097994510","47276505",
"1917232831094493499","Tue Apr 29 15:01:42 +0000 2025","0","22.00 WIB #Tol_Surabaya_Gempol HATI-HATI di Dukuh Kupang KM 08+800 arah Gunung Sari ada penanganan kendaraan Truk gangguan ban di lajur 1/kiri.","1917232831094493499","","","in","","0","1","0","https://x.com/undefined/status/1917232831094493499","540625251",
"1917232820340355534","Tue Apr 29 15:01:40 +0000 2025","0","#Tol_Jagorawi Mulai Tanggal 29 April 2025 - 02 Mei 2025 di Gunung Putri KM 21+400 - KM 21+200 arah Jakarta ada pekerjaan perbaikan jalan (Rekonstruksi Rigid) di lajur 1-bahu luar/kiri harap berhati-hati.","1917232824882761960","","PTJASAMARGA","in","","0","0","0","https://x.com/undefined/status/1917232824882761960","540625251",
"1917202508650565938","Tue Apr 29 15:00:59 +0000 2025","0","@donutsace @convomf Gunung","1917232653838983603","","ketuapemudaa","in","","0","0","0","https://x.com/undefined/status/1917232653838983603","1587392280851550208",
"1917228459371487714","Tue Apr 29 15:00:51 +0000 2025","2","@CelestArcanum Udaranya mas di gunung anginya dingin tapi matahari tetep terik. Ketemu dikulit bikin kulit kering dan kebakar Coba pas ndaki pake spf mas biar gak terlalu efek mataharinya","1917232620146167855","","wolfyouuu","in","","0","1","0","https://x.com/undefined/status/1917232620146167855","3556356258",
"1917232607785636268","Tue Apr 29 15:00:48 +0000 2025","0","Cek Celana Gunung Cargo Joger Panjang Pria FOLKSYSTEM dengan harga Rp97.020. Dapatkan di Shopee sekarang! https://t.co/e7AvzCxXog https://t.co/ySaMT34a0A","1917232607785636268","https://pbs.twimg.com/media/Gptg5UoawAAFjqs.jpg","","in","","0","0","0","https://x.com/undefined/status/1917232607785636268","193616389",
"1917232589783634031","Tue Apr 29 15:00:44 +0000 2025","0","Cek Celana Gunung Cargo Joger Panjang Pria FOLKSYSTEM dengan harga Rp97.020. Dapatkan di Shopee sekarang! https://t.co/e7AvzCxXog https://t.co/YQHveu6T6f","1917232589783634031","https://pbs.twimg.com/media/Gptg4U7a8AAnzfW.jpg","","in","","0","0","0","https://x.com/undefined/status/1917232589783634031","193616389",
"1917231950349418796","Tue Apr 29 14:58:12 +0000 2025","0","Bismillah Mei Juni waktunya ke Gunung ","1917231950349418796","","","in","","0","1","0","https://x.com/undefined/status/1917231950349418796","1143135237641125889",
"1917231915264016813","Tue Apr 29 14:58:03 +0000 2025","0","cape juga naik gunung... di roblox","1917231915264016813","","","in","","0","0","0","https://x.com/undefined/status/1917231915264016813","2790047563",
"1917221732580278504","Tue Apr 29 14:57:42 +0000 2025","0","@watermelayen Alhamdulillah belom ada sih kak. Tapi agak ngeri tiba2 dikirim somasi trus disuruh minta maaf in publik krn menghina maha raja paterpaan gunung salak kawi merapi ki j0k○ w*d0d●","1917231827892535534","","watermelayen","in","","0","0","0","https://x.com/undefined/status/1917231827892535534","1036588863441973248",
"1917231748636921856","Tue Apr 29 14:57:23 +0000 2025","0","https://t.co/V0QRrZRwYJ Baca berita lainnya melalui apps kami: Playstore: https://t.co/1DkqPtWM98 Appstore: https://t.co/mIDhhBf8BC","1917231748636921856","","","in","","0","0","0","https://x.com/undefined/status/1917231748636921856","1772917603415343104",
"1917231674188058846","Tue Apr 29 14:57:06 +0000 2025","0","kaya abis naik gunung bawa carrier 10kg","1917231674188058846","","","in","","0","0","0","https://x.com/undefined/status/1917231674188058846","1260397680200568832",
"1917231637924069504","Tue Apr 29 14:56:57 +0000 2025","0","21.55 WIB #Tol_Surabaya_Gempol HATI-HATI di Dukuh Kupang KM 08+800 arah Gunung Sari ada penanganan kendaraan Truk gangguan ban di lajur 1/kiri.","1917231637924069504","","","in","","0","0","0","https://x.com/undefined/status/1917231637924069504","540625251",
"1917225610109411830","Tue Apr 29 14:56:54 +0000 2025","0","@Uhmtaegou Disana gunung disini gunung. Di tengah tengahnya pulau Jawa.","1917231624967868601","","Uhmtaegou","in","","0","1","0","https://x.com/undefined/status/1917231624967868601","1911120630",
"1917220257921745079","Tue Apr 29 14:55:54 +0000 2025","0","@tayo_bisbarbar Bukan gunung kalitalang","1917231371384398219","","tayo_bisbarbar","in","","0","1","0","https://x.com/undefined/status/1917231371384398219","62806528",
"1912859649856180539","Tue Apr 29 14:54:01 +0000 2025","0","@xhuhjin Mana ada sih di gunung ada garam... Garam tuh dr laut gak sih...","1917230899739107603","","xhuhjin","in","","0","1","0","https://x.com/undefined/status/1917230899739107603","1385963692785737733",
"1917130691319595509","Tue Apr 29 14:53:13 +0000 2025","14","@bacottetangga__ Gini. Kalo bocah fomo naik gunung tanpa kesiapan yang matang. Cuma modal ikut Trent sama ikut2 teman. Kalo gak nyusahin tim SAR ya pendaki lain. Bener kata Dzawin. Bukan setan yg menabuh mu tapi hipotermia dan ketakutan yg membunuh mu.","1917230699687641584","","Goonddrong","in","","0","0","0","https://x.com/undefined/status/1917230699687641584","1059469002659921920",
"1917228592901296260","Tue Apr 29 14:52:27 +0000 2025","0","Oke fix buat gue inj lebih serem dr pd cerita2 gaib gunung","1917230505826877791","","hibrizaaa","in","","0","0","0","https://x.com/undefined/status/1917230505826877791","1484727532499120138",
"1917230202390016360","Tue Apr 29 14:51:15 +0000 2025","3","KUANTAN 29 APRIL 2025 : Mencabar diri sendiri sebelum memasuki usia 40 tahun menjadi pencetus semangat kepada Puan Fatin Najuwa Ahmad Hasbullah untuk mendaki Gunung Kinabalu. https://t.co/v2bRTDdnrL https://t.co/5WRpSeM47M","1917230202390016360","https://pbs.twimg.com/media/GptetArb0AArYB5.jpg","","in","","0","0","2","https://x.com/undefined/status/1917230202390016360","1192802834774810624",
"1917230005500964872","Tue Apr 29 14:50:28 +0000 2025","0","kangen gunung pati️","1917230005500964872","","","in","","0","0","0","https://x.com/undefined/status/1917230005500964872","1831189782518804480",
"1917223849730756802","Tue Apr 29 14:49:27 +0000 2025","0","@eaesily pejamkan mata dan bayangkan cara survive dari life after breakup km‍️bisa jadi km naik gunung semeru dan pas sampe puncak mengibarlan bendera merah putih lalu berteriak [y/n] kembalilah ke pelukanku terus menggelinding ke bawah seperti landak dan langsung membeli jagung bakar","1917229751443558420","","eaesily","in","","0","1","0","https://x.com/undefined/status/1917229751443558420","843714327794262018",
"1917229653758271573","Tue Apr 29 14:49:04 +0000 2025","0","Mobil brio yg warna lime sama CR- V sama mobil bak tapi yg gagah apa sih ya lupa yg biasa buat kalo di gunung gtu Motor vario yg model sekarang","1917229653758271573","","","in","","0","0","0","https://x.com/undefined/status/1917229653758271573","2490833744",
"1917229461176811960","Tue Apr 29 14:48:18 +0000 2025","0","Masih bingung beli buat naik gunung mending beli sepatu trail atau sepatu gunung aja","1917229461176811960","","","in","","0","0","0","https://x.com/undefined/status/1917229461176811960","1410250102728396807",
"1917191931559551159","Tue Apr 29 14:47:16 +0000 2025","0","Ditemukan di kaki Gunung Arakawa saat perjalanan bulan lalu. Sejak itu tidurnya sering terganggu dan kadang ia merasa... seperti ada suara samar memanggil namanya.","1917229202090480088","","dumbydum__","in","","0","1","0","https://x.com/undefined/status/1917229202090480088","1912420026109554689",
"1916771931732185268","Tue Apr 29 14:47:05 +0000 2025","0","@rendramaul @tanyarlfes gunung","1917229153541296355","","akubukangenz","in","","0","0","0","https://x.com/undefined/status/1917229153541296355","1764683786447720449",
"1917187013884928101","Tue Apr 29 14:47:00 +0000 2025","0","@fenyadei @esstehpanas_ @zzweetsal Iya content creator yang suka naik gunung kak udah pernah ke camp everest juga makanya kaget banget ","1917229132293046605","","fenyadei","in","","0","1","0","https://x.com/undefined/status/1917229132293046605","858477549722247168",
"1913925778322104523","Tue Apr 29 14:46:57 +0000 2025","0","@Japesim Boleh banget dong bang apa yang enggak buat abang? Beneer artinya gunung besar bang menyesuaikan porsi badan di grup yaa. Udah gede loh bang aku seumur sama leader abang... udah boleh nikah. Abang mau jadi guest star gak nanti di nikahanku? Tapi bayarannya nasi kotak","1917229120725110934","","Japesim","in","","0","1","0","https://x.com/undefined/status/1917229120725110934","797940697164677120",
"1916889075099058468","Tue Apr 29 14:46:56 +0000 2025","0","@lavicorpus gunung g nya babi","1917229114869841937","","lavicorpus","tl","","0","1","0","https://x.com/undefined/status/1917229114869841937","1637998251558449153",
"1917228883189108860","Tue Apr 29 14:46:00 +0000 2025","2","ohmori-kun kan temennya kenty terus sekarang jadi rekan kerja fuma harusnya bisa tuh mempersatukan fumaken (maksa) apa perlu minta yamapi turun gunung lagi?! malu-maluin aja udah gede padahal @ fmkn","1917228883189108860","","","in","","0","0","1","https://x.com/undefined/status/1917228883189108860","811487886579208192",
"1917179391014220246","Tue Apr 29 14:45:29 +0000 2025","0","@Zigewinne Main yang di gunung es?","1917228750045143294","","Zigewinne","tl","","0","1","0","https://x.com/undefined/status/1917228750045143294","1899153632316231680",
"1916889075099058468","Tue Apr 29 14:45:22 +0000 2025","0","@irenextar pada saat gue galau masih harus ditahan??? karena ada si gunung","1917228724149452881","","minsugaholic","in","","0","1","0","https://x.com/undefined/status/1917228724149452881","1593875281667727360",
"1917228706378272895","Tue Apr 29 14:45:18 +0000 2025","2","Sesepuh CT CT sudah mulai turun gunung secara offline ada apakah gerangan sekarang? https://t.co/GcouSJSeua","1917228706378272895","https://pbs.twimg.com/media/GptdVgLbEAA_W9A.png","","in","","0","0","0","https://x.com/undefined/status/1917228706378272895","1681631385730318339",
"1917228674635399590","Tue Apr 29 14:45:11 +0000 2025","2116"," guys aku suka naik gunung tapi ga dibolehin cowoku ndaki tanpa dia sedangkan dia diajakin naik gunung berkali2 alasannn muluu ini better gimana yaa? aku udh ngempet ga naik gunung selama ini","1917228674635399590","","","in","","70","246","23","https://x.com/undefined/status/1917228674635399590","1371650588",
"1917228386826739735","Tue Apr 29 14:45:04 +0000 2025","0","((sedang mempertimbangkan pros and cons iyf incheon/saitama vs ignoring it all dan fokus naik gunung aja))","1917228647263715649","","uyuwuyo","in","","0","1","0","https://x.com/undefined/status/1917228647263715649","1804760184327426048",
"1917228622596968603","Tue Apr 29 14:44:58 +0000 2025","2","Kat belakang tu gunung kerinci btw","1917228622596968603","","","in","","0","0","0","https://x.com/undefined/status/1917228622596968603","544840725",
"1917228557186793768","Tue Apr 29 14:44:43 +0000 2025","0","Rumah gue kan emang di kaki gunung yak kalo malem suka ada monyet ini bukan ngatain orang ya ini beneran hewan monyet lo bayangin gue lagi salting sama vlog aqeela terus tuh monyet lagi makan jambu di samping kamar gue","1917228557186793768","","","in","","0","1","0","https://x.com/undefined/status/1917228557186793768","1374924984980664322",
"1917228189950304763","Tue Apr 29 14:43:15 +0000 2025","0","senangnyaa perpus n gramed disini natap ke luar jendela viewnya langsung gunung","1917228189950304763","","","in","","0","0","0","https://x.com/undefined/status/1917228189950304763","2285025852",
"1913041220655567357","Tue Apr 29 14:42:56 +0000 2025","0","@sehua @pbona @goyounjund @ssii_isa Udah dikerjain tetep aja jadi gunung lagi ya","1917228108761252155","","sehua","in","","0","2","0","https://x.com/undefined/status/1917228108761252155","873676033",
"1917227959167144135","Tue Apr 29 14:42:20 +0000 2025","0","sdih bgt hrs cancel naik gunung brsama bestie krn kondisi a lg gk memungkinkan hiksrot","1917227959167144135","","","in","","0","1","0","https://x.com/undefined/status/1917227959167144135","1635642033908985857",
"1917206189466952099","Tue Apr 29 14:42:11 +0000 2025","3","@DarsAlexandra1 Dia dulu dipotong burungnya buat contoh.","1917227923310076169","","DarsAlexandra1","in","","0","0","0","https://x.com/undefined/status/1917227923310076169","1701624074877984768",
"1917204467025694950","Tue Apr 29 14:41:55 +0000 2025","0","@frhataannn seru naik gunung","1917227855676924337","","frhataannn","in","","0","0","0","https://x.com/undefined/status/1917227855676924337","1873327499977105408",
"1917227844343849220","Tue Apr 29 14:41:53 +0000 2025","0","tanggal 9 naik gunung lagi ahhhhhhh awkwkwkw definisi semua dikerjain kecuali skripsi","1917227844343849220","","","in","","1","0","0","https://x.com/undefined/status/1917227844343849220","1202845428057657355",
"1917227349038559333","Tue Apr 29 14:39:55 +0000 2025","6","Mereka kalau gabut kerjaannya suka tiba tiba mlipir ke luar kota muncak naik gunung roadtrip ke pulau sebrang tiba tiba di Jepang. Pokoknya random banget sangat impulsif apa apa langsung gas","1917227352855289857","","retaspemalsu","in","","0","0","0","https://x.com/undefined/status/1917227352855289857","1099487489838862338",
"1917220844994256966","Tue Apr 29 14:14:04 +0000 2025","0","Ala Ala Trail 2025 21K +2000M EG! Pelajaran yg didapat adalah gak nyepelehin uphill bukit2an lagi mostly gradient sm medannya ngawur2. Ada yg kebon warga ada yg antah berantah ada yg sudah dibuat tangga pokok macem2 beda banget sama real lu nanjak rute gunung! https://t.co/lk3cqLvbZG","1917220844994256966","https://pbs.twimg.com/media/GptWKawa8AAN224.jpg","","in","","0","1","0","https://x.com/undefined/status/1917220844994256966","75004880",
"1917220765109477490","Tue Apr 29 14:13:45 +0000 2025","0","mau naik gunung","1917220765109477490","","","in","","0","0","0","https://x.com/undefined/status/1917220765109477490","1680222478491348992",
"1917213422883840146","Tue Apr 29 14:13:40 +0000 2025","3","@abcde23z Dah waktunya girlgroup girlband Indonesia jaya lg sih ditambah para senior spt Cherrybelle 7icons supergirlies turun gunung dan dimulainya era gen 4 makin kuat","1917220744356131187","","abcde23z","in","","0","0","0","https://x.com/undefined/status/1917220744356131187","2483044213",
"1917220667696537810","Tue Apr 29 14:13:22 +0000 2025","7","Sundanese culture traditional dance heritage in Indonesia: jaipongan/jaipong ketuk tilu ronggeng gunung doger merak sunda topeng banjet badaya kandagan keurseus gawil ratu graeni lenyepan sulintang kalang mayang katon kandagan gagahan putra sekar putri prawesti.","1917220667696537810","","","in","","0","0","0","https://x.com/undefined/status/1917220667696537810","1175518892178821120",
"1917220656820973625","Tue Apr 29 14:13:19 +0000 2025","7","Warisan budaya tari/tarian tradisional Sunda di Indonesia: jaipongan/jaipong ketuk tilu ronggeng gunung doger merak sunda topeng banjet badaya kandagan keurseus gawil ratu graeni lenyepan sulintang kalang mayang katon kandagan gagahan putra sekar putri prawesti.","1917220656820973625","","","in","","0","0","0","https://x.com/undefined/status/1917220656820973625","1175518892178821120",
"1909969968168628673","Tue Apr 29 14:12:42 +0000 2025","0","@adventure_super Gunung Muria","1917220500679594002","","adventure_super","tl","","0","0","0","https://x.com/undefined/status/1917220500679594002","1900229174",
"1917220299986317557","Tue Apr 29 14:11:54 +0000 2025","0","Kisah Mistis Malam Ini MISTERI PASAR BUBRAH GUNUNG MERAPI Sebuah Utas ~","1917220299986317557","","","in","","0","1","0","https://x.com/undefined/status/1917220299986317557","176310667",
"1917100672312610830","Tue Apr 29 14:11:50 +0000 2025","0","@BebySoSweet Jangan lupa dana covid 1000T","1917220285239193764","","BebySoSweet","in","","0","0","0","https://x.com/undefined/status/1917220285239193764","1701624074877984768",
"1917012870359093283","Tue Apr 29 14:10:32 +0000 2025","0","@hidupdatarku Gak nyales gak cair.","1917219956854526132","","hidupdatarku","in","","0","0","0","https://x.com/undefined/status/1917219956854526132","1735141551393878016",
"1917219851288060107","Tue Apr 29 14:10:07 +0000 2025","0","Adol sepatu rung payu malah kancaku nawani Gunung .","1917219851288060107","","","in","","0","0","0","https://x.com/undefined/status/1917219851288060107","102300143",
"1917219691875221574","Tue Apr 29 14:09:29 +0000 2025","0","Yesssss.... biarpun gw lom nonton.. tapi demi Jia ge turun gunung akan kuusahakan..","1917219691875221574","","","in","","0","1","0","https://x.com/undefined/status/1917219691875221574","1374991614595133445",
"1917051454608605537","Tue Apr 29 14:07:25 +0000 2025","0","@Ben3atha Kalau udah gini enaknya jd org kampung yg malem2 kluar rumah lihat gunung pakai cahaya bulan sejuk gak stres kaya org kota","1917219173119438954","","Ben3attha","in","","0","0","0","https://x.com/undefined/status/1917219173119438954","1751050433022623744",
"1916896659189236146","Tue Apr 29 14:06:41 +0000 2025","0","@serendade ini gunung apa cellll ","1917218986691068160","","serendade","in","","0","0","0","https://x.com/undefined/status/1917218986691068160","1888459802092904448",
"1917135979703636048","Tue Apr 29 14:06:34 +0000 2025","2","@Are_nipt Aku ada komen suruh dia pi gunung qeyang &amp; muzium padi boleh layan view 360 degree pusing2 tapi dia tak baca kot","1917218959172280451","","Are_nipt","in","","0","1","1","https://x.com/undefined/status/1917218959172280451","397016104",
"1917218514320167187","Tue Apr 29 14:04:48 +0000 2025","0","Lama tak hike terus naik gunung https://t.co/RNQzgGcj9v","1917218514320167187","https://pbs.twimg.com/media/GptUE5AaAAAKs7u.jpg","","in","","0","0","0","https://x.com/undefined/status/1917218514320167187","459274743",
"1916788293271969937","Tue Apr 29 14:04:32 +0000 2025","0","@nugwdy @Jateng_Twit Wonogiri itu sndiri sdh panas dan kering gak si mas? Hawanya kyk gunung kidul yg super hot","1917218445919395917","","","in","","0","0","0","https://x.com/undefined/status/1917218445919395917","1520233490809118720",
"1917218192688374042","Tue Apr 29 14:03:31 +0000 2025","0","PROGRAM PEMBINAAN LAPAS KHUSUS KELAS IIB SENTUL PUKAU WARGA GUNUNG KIDUL https://t.co/sXfTo16B0A","1917218192688374042","https://pbs.twimg.com/media/GptTx_daAAA3tjr.jpg","","in","","0","0","0","https://x.com/undefined/status/1917218192688374042","1103935843901759488",
"1917105233093922994","Tue Apr 29 14:03:24 +0000 2025","1","@zakiberkata Cuacanya cocok buat jalan2 ke gunung sama pantai","1917218160388030791","","zakiberkata","in","","0","0","0","https://x.com/undefined/status/1917218160388030791","1704688677342056448",
"1917110909820145709","Tue Apr 29 14:03:22 +0000 2025","0","@Tan_Mar3M Sama2 tukang nyinyirin prabowo kemaren kemaren...","1917218153240903959","","Tan_Mar3M","in","","0","0","0","https://x.com/undefined/status/1917218153240903959","1701624074877984768",
"1917215036084490513","Tue Apr 29 14:02:51 +0000 2025","0","@UmanUman1 Ya setidaknya memantaskan diri dia undang dgn bahasa romantic dinner yuk kamu yg cantik ya yg sexy bl bl bla tp dia dtg dgn jeans pensil &amp; sandal gunung","1917218022328271125","","UmanUman1","in","","0","1","0","https://x.com/undefined/status/1917218022328271125","1833231891518132228",
"1917120420052136436","Tue Apr 29 14:02:14 +0000 2025","0","@Safa_Andriana Di RPH tempat pemotongan hewan","1917217868271558840","","MamaLemon3s","in","","0","0","0","https://x.com/undefined/status/1917217868271558840","1701624074877984768",
"1917217533226258624","Tue Apr 29 14:00:54 +0000 2025","0","#Tol_Jagorawi Mulai Tanggal 29 April 2025 - 02 Mei 2025 di Gunung Putri KM 21+400 - KM 21+200 arah Jakarta ada pekerjaan perbaikan jalan (Rekonstruksi Rigid) di lajur 1-bahu luar/kiri harap berhati-hati.","1917217533226258624","","","in","","0","0","0","https://x.com/undefined/status/1917217533226258624","540625251",
"1917044977408115007","Tue Apr 29 14:00:49 +0000 2025","0","@Catatan_ali7 Ndasmu!! Coba burungmu dulu dipotong sbg contoh.","1917217512615497802","","Catatan_ali7","in","","0","0","0","https://x.com/undefined/status/1917217512615497802","1701624074877984768",
"1917217259199816160","Tue Apr 29 13:59:49 +0000 2025","0","Sempat Dikira Suara Hantu Cewek Ini Ternyata Tersesat di Gunung Bulu Bialo dan Diselamatkan Abang-Abang Pendaki! https://t.co/BSnTaUmvSa","1917217259199816160","","","in","","0","0","0","https://x.com/undefined/status/1917217259199816160","2923415096",
"1917044977408115007","Tue Apr 29 13:59:48 +0000 2025","0","@RBajeung @JoppieMagai @Catatan_ali7 Hahaha....jangan lupa kulik jg kenapa ada panti asuhan yg selalu nempel di rumah ibadah ntu.... hayo anak2 siapa tuh....","1917217256792367544","","RBajeung","in","","0","0","0","https://x.com/undefined/status/1917217256792367544","1701624074877984768",
"1917071392102551863","Tue Apr 29 13:58:09 +0000 2025","0","@KediriFess Moga2 cowo mu mukanya gak kayak septic tank krna kalo beneran gitu..lu itu trophy..temenku kuliah dulu gitu cowo degil item trophynya banyak.","1917216841153564709","","KediriFess","in","","0","0","0","https://x.com/undefined/status/1917216841153564709","1735141551393878016",
"1917203902988161162","Tue Apr 29 13:57:20 +0000 2025","0","@Aerio_Id pastinya lebih enak daripada pfg 5w40 tarikan enteng dan suara mesin juga gk berisik saya udh pake sebulanan lebih dan kemarin diajak touring naik turun gunung udh cek dipstick masih bening","1917216634550567169","","Aerio_Id","in","","0","0","0","https://x.com/undefined/status/1917216634550567169","1339409640098938880",
"1917216479206146525","Tue Apr 29 13:56:43 +0000 2025","0","Ayo guys yg mau mendaki gunung bisa cek sepatu sepatu gunung di tempatku. Bisa nego ya","1917216479206146525","","","in","","0","0","0","https://x.com/undefined/status/1917216479206146525","1146296366064230400",
"1917176719741706685","Tue Apr 29 13:56:21 +0000 2025","1","@DarsAlexandra1 Dulu iler lawet yg mahal...sekarang nganu ikan....duh pengen cantik sampe segitunya yah...","1917216386155450736","","DarsAlexandra1","in","","0","0","0","https://x.com/undefined/status/1917216386155450736","1701624074877984768",
"1917216092872925561","Tue Apr 29 13:55:11 +0000 2025","0","Cek JAKET HAIKING JAKET CAMPING Jaket Waterproof Jaket Parasut Jaket Gunung Jaket Parka dengan harga Rp107.499. Dapatkan di Shopee sekarang! #malam https://t.co/qYuKALKCOV https://t.co/Av2vHxGTsK","1917216092872925561","https://pbs.twimg.com/media/GptR4ErbsAIoExA.jpg","","in","","0","0","0","https://x.com/undefined/status/1917216092872925561","475153704",
"1917215615330533400","Tue Apr 29 13:53:17 +0000 2025","0","Ada yang cari jaket tebel? Buat naik gunung atau ke daerah dingin salju? Aku adaa 40k aja udah include all oren cek di reply yaa ⬇️","1917215615330533400","","","in","","0","1","0","https://x.com/undefined/status/1917215615330533400","1884468944045817856",
"1917215614789390568","Tue Apr 29 13:53:17 +0000 2025","17","Gunung sumbing kalo meletus suaranya gmana? Nuallll","1917215614789390568","","","in","","2","8","5","https://x.com/undefined/status/1917215614789390568","1737518412094672896",
"1917163291975320017","Tue Apr 29 13:52:25 +0000 2025","0","@RajaJuliAntoni Keindahan Gunung Merbabu yang sangat luar biasa","1917215395213427194","","RajaJuliAntoni","in","","0","0","0","https://x.com/undefined/status/1917215395213427194","2876682570",
"1917205886139089119","Tue Apr 29 13:52:22 +0000 2025","0","@AmirMuslims89 Kampung aku ada bukit jementah kalau ada kabel boleh naik gunung ledang. Hahaha","1917215385159622775","","AmirMuslims89","in","","0","1","0","https://x.com/undefined/status/1917215385159622775","96310694",
"1917141806040621281","Tue Apr 29 13:52:01 +0000 2025","7","@aiamDeen Semua grad Gunung Jerai tu..","1917215294948577413","","aiamDeen","in","","0","0","0","https://x.com/undefined/status/1917215294948577413","1692469812176576512",
"1915295053800509651","Tue Apr 29 13:49:37 +0000 2025","0","@Dlovecian Cari kesibukan lah atau naik gunung ","1917214693204365534","","Dlovecian","in","","0","1","0","https://x.com/undefined/status/1917214693204365534","382823196",
"1917214475276685403","Tue Apr 29 13:48:45 +0000 2025","7","Kebakaran hutan di Gunung Hamjisan Daegu yang terjadi pada tanggal 28 April berhasil dipadamkan dalam waktu 23 jam tanpa korban jiwa berkat upaya pemadaman dari udara dan darat. Helikopter Surion yang dilengkapi peralatan untuk operasi malam hari memainkan peran penting https://t.co/ErIBZZbMJD","1917214475276685403","https://pbs.twimg.com/media/GptQRohaAAAlQRk.png","","in","","0","2","1","https://x.com/undefined/status/1917214475276685403","1211794832",
"1916993556289589681","Tue Apr 29 13:48:43 +0000 2025","1","@Mukidioon2 Sejarah dikejar ijasah palsu malah kabur ke orang mati....mengingatkan seseorg yg dikejar ops kopkamtib ngumpet di tempat org mati/kuburan","1917214464707108878","","Mukidioon2","in","","0","0","0","https://x.com/undefined/status/1917214464707108878","1701624074877984768",
"1917214334440378640","Tue Apr 29 13:48:12 +0000 2025","0","#LRT 2010 Barça yg harus lewat darat krn gunung meletus ","1917214334440378640","","","in","","0","0","0","https://x.com/undefined/status/1917214334440378640","73844910",
"1888986634970136847","Tue Apr 29 13:48:01 +0000 2025","0","@Gikselle iya soalnya kalo sedikit sedikit nanti jadi gunung. on di rl dek ini masih mau disetir ga? kayaknya kemarin udah kirim invitation ke kamu. damn kata mama gaboleh pegang kaki perempuan sembarangan","1917214291658412401","","Gikselle","in","","0","1","0","https://x.com/undefined/status/1917214291658412401","522359601",
"1917132067403665769","Tue Apr 29 13:38:39 +0000 2025","0","@veaikeuu kamu mau aku bawa gunung gitu kah? terus di pindah kemana gunungnyaaa","1917211932039544959","","veaikeuu","in","","0","1","0","https://x.com/undefined/status/1917211932039544959","1718986042903330816",
"1916896659189236146","Tue Apr 29 13:38:16 +0000 2025","0","@asalovie lihat kegiatanku seharian ini. mendaki gunung dan terpantau sampai malam ini belum nyentuh puncak https://t.co/2FibLNvKg9","1917211835885109676","https://pbs.twimg.com/media/GptOAPDaIAE4AhJ.jpg","asalovie","in","","0","1","0","https://x.com/undefined/status/1917211835885109676","2483360534",
"1917121780197822637","Tue Apr 29 13:38:08 +0000 2025","1","@IrawanRommi Why not??? Apalagi Para sesepuh jendral ud turun gunung Apalagi jendral try soetrisno yg berhasil mendidik putranya jd jendral di kepolisian dan TNI cuma buzzer yg menolak alasan amandemen naik jadi wares aj melanggar s3mua aturan https://t.co/pqRvnYCJim","1917211803890958562","https://pbs.twimg.com/media/GptN-ZLaoAIi6MU.jpg","IrawanRommi","in","","0","1","0","https://x.com/undefined/status/1917211803890958562","377895572",
"1917200734782951540","Tue Apr 29 13:37:04 +0000 2025","0","@cellinaxzy di gunung","1917211533073174892","","cellinaxzy","in","","0","1","0","https://x.com/undefined/status/1917211533073174892","1907806229596123136",
"1917209388760355075","Tue Apr 29 13:35:40 +0000 2025","0","@IllyakashkovaVT Emang kemarin ke gunung mana kak? Soalnya aku juga sering ke gunung daerah bandung (ya da aku org bandung hehe)","1917211181938626922","","","in","","0","0","0","https://x.com/undefined/status/1917211181938626922","149024860",
"1917179452230087048","Tue Apr 29 13:34:20 +0000 2025","0","@exsipient Ya banyak dong kalau rata-rata gunung di Pulau Jawa itu sudah hampir pernah saya sampai di puncaknya","1917210848428429640","","exsipient","in","","0","1","0","https://x.com/undefined/status/1917210848428429640","1649735191823515648",
"1917008262957863010","Tue Apr 29 13:34:17 +0000 2025","0","@merinduO Alurnya maju mundur sihh Kalau ceritanya itu tentang penjaga gunung gitu tpi ada pembunuhan jga... Aduh aku gak pintar jelasinnya beb","1917210832452391259","","merinduO","in","","0","0","0","https://x.com/undefined/status/1917210832452391259","1514950193221091333",
"1917176040637816911","Tue Apr 29 13:33:56 +0000 2025","0","@sketzka Tempat aku dekat gunung soalnya ","1917210747215761532","","sketzka","in","","0","1","0","https://x.com/undefined/status/1917210747215761532","1236946626746302464",
"1917208560628310128","Tue Apr 29 13:32:44 +0000 2025","0","@TamagoPost ️️ ️️ ️️ Hi binar aku jace. Aku suka melihat hutan diatas gunung rasanya aku bisa menghilang kalau masuk kesana. ️️ ️️ ️️","1917210441715167506","","TamagoPost","in","","0","0","0","https://x.com/undefined/status/1917210441715167506","1450128999766642701",
"1917210266791743837","Tue Apr 29 13:32:02 +0000 2025","0","NAIK KRETA VIEW GUNUNG MERAPIIII","1917210266791743837","","","in","","0","0","0","https://x.com/undefined/status/1917210266791743837","1897620000946724864",
"1917161980802351324","Tue Apr 29 13:30:40 +0000 2025","0","@SiaranBolaLive @90min_Football City sudah Trebel Ipul sudah 20 EPL Sudah cukup bagi klub Jago itu tafakur di gunung senujuh selama 13 tahun dan siap menendang tenggeran burung bango dan klub duit arab dari singgasana .","1917209922435166556","","SiaranBolaLive","in","","0","2","0","https://x.com/undefined/status/1917209922435166556","991998581904060417",
"1917209254915953067","Tue Apr 29 13:30:30 +0000 2025","0","@weioceans udah mati sih dia pas kang chul ketemu dukun gurunya si yeori di gunung tuh si dukun bilang ke kang chul kenapa km pake badan orang mati? gitu","1917209879850451170","","Iuorens","in","","0","1","0","https://x.com/undefined/status/1917209879850451170","1413700768784289794",
"1917209851195015207","Tue Apr 29 13:30:24 +0000 2025","0","#Tol_Jagorawi Mulai Tanggal 29 April 2025 - 02 Mei 2025 di Gunung Putri KM 21+400 - KM 21+200 arah Jakarta ada pekerjaan perbaikan jalan (Rekonstruksi Rigid) di lajur 1-bahu luar/kiri harap berhati-hati.","1917209856211382738","","PTJASAMARGA","in","","0","0","0","https://x.com/undefined/status/1917209856211382738","540625251",
"1917205919332704673","Tue Apr 29 13:28:46 +0000 2025","0","@angelwwiinn kadang klo reuters di hengdian gtu naik gunung atau gak ya naik ke genteng gtu pernah liat videonya di xhs ","1917209444729098573","","angelwwiinn","in","","0","1","0","https://x.com/undefined/status/1917209444729098573","1145639710821249024",
"1917132137628897580","Tue Apr 29 13:25:07 +0000 2025","0","@cebilayy Wahh harus mendaki gunung seberangi laut","1917208528793846137","","cebilayy","in","","0","1","0","https://x.com/undefined/status/1917208528793846137","917346373745258496",
"1912041331674726518","Tue Apr 29 13:24:31 +0000 2025","0","@profengeyume KETAWA BANGET PASTI RENA BAYANGIN DITIMPA PAKE GUNUNG YA","1917208374246281701","","profengeyume","in","","0","0","0","https://x.com/undefined/status/1917208374246281701","1635276424650301442",
"1917117268611469587","Tue Apr 29 13:24:14 +0000 2025","0","@bsyafaa0272 Aku kira di gunung everest itu gak ada yg tinggal disana mayan nambah wawasan ini","1917208305228976245","","bsyafaa0272","in","","0","0","0","https://x.com/undefined/status/1917208305228976245","769472660736647169",
"1916747531612205278","Tue Apr 29 13:23:46 +0000 2025","0","@myshawti Ini bapaknya takumi kah? takumi yg nganter tofu lewat gunung pake mobil jadul","1917208186140152312","","myshawti","in","","0","0","0","https://x.com/undefined/status/1917208186140152312","1849123922756952064",
"1917207949992477026","Tue Apr 29 13:22:49 +0000 2025","0","Aku nggak akan pernah naik gunung dulu sempat kepengen tapi untung ku batalkan niat itu karena tubuh ini mudah sekali kedinginan buta arah dan cepat capek (stamina low bgt). Salut bgt sama orang2 yg berani naik gunung ","1917207949992477026","","","in","","0","0","0","https://x.com/undefined/status/1917207949992477026","311905718",
"1917207921211146710","Tue Apr 29 13:22:43 +0000 2025","0","Trail runner kalau di gunung udah kaya geng motor di jalan raya. Serasa jalur gunung milik sendiri","1917207921211146710","","","in","","0","0","0","https://x.com/undefined/status/1917207921211146710","67569061",
"1917207862876479708","Tue Apr 29 13:22:29 +0000 2025","0","Pendaki dihantui kuntilanak merah saat datang bulan di Gunung Lawu kejadian ini bikin satu timnya panik. Simak cerita misteri berikut ini. https://t.co/BLcUyRGwcI","1917207862876479708","","","in","","0","0","0","https://x.com/undefined/status/1917207862876479708","1404018642",
"1917098488464347637","Tue Apr 29 13:21:53 +0000 2025","0","@FansNerazzurri Jadi inget barca ke inter waktu ada erupsi gunung berapi","1917207714255794242","","FansNerazzurri","in","","0","0","0","https://x.com/undefined/status/1917207714255794242","74056367",
"1917207666038079623","Tue Apr 29 13:21:42 +0000 2025","0","Aku memanggil pahlawan Fausto! Aku akan segera naik ke takhta kerajaan! https://t.co/lDP4qlBthW","1917207666038079623","","","in","","0","0","0","https://x.com/undefined/status/1917207666038079623","77756310",
"1917207375280497034","Tue Apr 29 13:20:32 +0000 2025","0","Cuma dengerin lagu galau aja sakitnya kaya ditimpa gunung merapi apalagi galau beneran karna cinta ","1917207375280497034","","","in","","0","0","0","https://x.com/undefined/status/1917207375280497034","1769585671013076992",
"1917207064914641203","Tue Apr 29 13:19:18 +0000 2025","0","Memang baca Heidegger bakal lebih ngena kalau lagi naik gunung atau jalan di hutan atau hiking intinya yg dekat sama alam. Kontras sama baca Bataille yg vibenya lebih ngena ketika kamar kos berantakan laptop nyala cuma untuk mengusir kesepian dan kopi ABC seribuan...","1917207064914641203","","","in","","0","0","0","https://x.com/undefined/status/1917207064914641203","1792933098683826176",
"1917091747857137910","Tue Apr 29 13:17:50 +0000 2025","0","@Diegondol Semangat yaaaa kak btw kamu orang Surabaya kah? Soalnya itu location nya kok gunung anyar hehe","1917206694918250587","","Diegondol","in","","0","1","0","https://x.com/undefined/status/1917206694918250587","1314074832342904832",
"1917206687741854107","Tue Apr 29 13:17:48 +0000 2025","0","Abang avoidant nya naik-naik ke puncak gunung ya ","1917206687741854107","","","in","","0","0","0","https://x.com/undefined/status/1917206687741854107","2729401364",
"1917090145972719808","Tue Apr 29 13:17:41 +0000 2025","0","@mingifixonnnnn Anjing nutupin puncak gunung","1917206654892015872","","mingifixonnnnn","in","","0","0","0","https://x.com/undefined/status/1917206654892015872","1320426723557605376",
"1917206451816394984","Tue Apr 29 13:16:52 +0000 2025","0","naik gunung bulan mei aman ga ya? apa mundur aja ke juni ya ga expect skrg aja masih sering hujan padahal harusnya udh kemarau ga si?!","1917206451816394984","","","in","","0","1","0","https://x.com/undefined/status/1917206451816394984","915402028951539712",
"1917130691319595509","Tue Apr 29 13:16:43 +0000 2025","1","@bacottetangga__ klo blum siap hla ngapain naik gunung","1917206414143221833","","Goonddrong","in","","0","0","0","https://x.com/undefined/status/1917206414143221833","1569816487",
"1916965835857596793","Tue Apr 29 13:16:28 +0000 2025","0","@butuhkekayaan ap bsk kita daki gunung itu jg","1917206348225450298","","butuhkekayaan","in","","0","1","0","https://x.com/undefined/status/1917206348225450298","1456768436873297926",
"1917176115501957269","Tue Apr 29 13:15:39 +0000 2025","0","@stockmapping Makasih banya yak mas al kuncen gunung kawi ","1917206142566207523","","stockmapping","in","","0","0","0","https://x.com/undefined/status/1917206142566207523","963850260245180416",
"1917205923287994420","Tue Apr 29 13:14:46 +0000 2025","0","Jalur pendakian Gunung Dempo Kota Pagaralam Sumatera Selatan akan dibuka kembali pada tanggal 1 Mei 2025.https://t.co/kp1QIOG76Q","1917205923287994420","","","in","","0","0","0","https://x.com/undefined/status/1917205923287994420","423220305",
"1917204920618614801","Tue Apr 29 13:13:50 +0000 2025","0","@hantaesawn WKWKWKKWKWK image gunung gedenya tercoreng ","1917205689002516718","","hantaesawn","in","","0","1","0","https://x.com/undefined/status/1917205689002516718","1725798361847279616",
"1917163034071699694","Tue Apr 29 13:12:43 +0000 2025","0","@ravenxxxxk @h4nadulset @sbmptnfess wkwk iya kak bner cuma sampe basecamp aja wkwk buat ndaki gunung laki ya kak uangnya","1917205406000242775","","ravenxxxxk","in","","0","0","0","https://x.com/undefined/status/1917205406000242775","1387960544104124424",
"1917205318888772025","Tue Apr 29 13:12:22 +0000 2025","11","eh ini khamila yg suka naik gunung kah? gue follow ig dia pas naik ke everest tp udah ilang sih skg wkkw... https://t.co/Igfix7pt0M","1917205318888772025","https://pbs.twimg.com/media/GptIE0gaIAAP_98.jpg","","in","","0","0","0","https://x.com/undefined/status/1917205318888772025","870528410564444160",
"1917205303676031107","Tue Apr 29 13:12:19 +0000 2025","1","pengen tek tok gunung pring","1917205303676031107","","","in","","0","0","0","https://x.com/undefined/status/1917205303676031107","1753460671466147840",
"1917166515943837971","Tue Apr 29 13:12:15 +0000 2025","1","@xluberry mayan jaoh hrus melewati gunung","1917205287918010694","","xluberry","in","","0","0","0","https://x.com/undefined/status/1917205287918010694","1445727679",
"1917200734782951540","Tue Apr 29 13:11:28 +0000 2025","0","@cellinaxzy Gunung","1917205092434120912","","cellinaxzy","in","","0","1","0","https://x.com/undefined/status/1917205092434120912","1677994764149620737",
"1917187013884928101","Tue Apr 29 13:10:59 +0000 2025","612","@zzweetsal ini kamila berkelana yg suka naik gunung gk sih","1917204970157597121","","nagapleburan","in","","32","35","4","https://x.com/undefined/status/1917204970157597121","1296713496432799744",
"1916865284088144219","Tue Apr 29 13:10:44 +0000 2025","0","@jejenjreng Kata gua sih udahan yuk lu mau nyari sampe bawah lereng gunung juga KLO org nya emang ga bersalah ya susah;⁠)","1917204905544278335","","jejenjreng","in","","0","0","0","https://x.com/undefined/status/1917204905544278335","1414705418513764371",
"1917204877333373190","Tue Apr 29 13:10:37 +0000 2025","2","Ini kamila berkelana yg suka naik gunung itu gk sih...gw sering nontonin tiktoknya jir gk ekspek blas","1917204877333373190","","","in","","0","1","0","https://x.com/undefined/status/1917204877333373190","1296713496432799744",
"1917204739160150060","Tue Apr 29 13:10:04 +0000 2025","0","Pendaki kehabisan bekal di Lawu nekat nyolong mi berujung diteror sundel bolong hingga lari minta maaf. Simak selengkapnya cerita misteri. https://t.co/BgHneV2zeD","1917204739160150060","","","in","","0","0","0","https://x.com/undefined/status/1917204739160150060","1404018642",
"1917204716465127711","Tue Apr 29 13:09:59 +0000 2025","0","Adakah yang rumahnya daerah gunung sindur atau pamulang? Kalian berangkat naik apa dan pulang naik apa? :( aku day 2 tapi besokannya gakbisa cuti jd harus langsung pulang huhu","1917204716465127711","","","in","","0","2","0","https://x.com/undefined/status/1917204716465127711","1333232137726689280",
"1917204376734831053","Tue Apr 29 13:08:38 +0000 2025","0","ke pantai gunung hutan im3 tetep nyambung... sinyalnya luas bener!","1917204376734831053","","","in","","0","0","0","https://x.com/undefined/status/1917204376734831053","1822125669150855169",
"1917194568422010893","Tue Apr 29 13:08:24 +0000 2025","0","ㅤ Zaman dulu jauh sebelum Wi-Fi dan drama Korea Jelas Sensei masyarakat Jepang hidup bersama alam. Mereka percaya semua hal punya roh. Gunung sungai bahkan Rimuru. Sensei mencolek si slime biru transparan itu dengan kipas. Rimuru bereaksi pelan blop! . ㅤ","1917204321709744339","","Urbunnyeon","in","","0","1","0","https://x.com/undefined/status/1917204321709744339","1193141626303987713",
"1917204215581344110","Tue Apr 29 13:07:59 +0000 2025","1","kak? maaf bgt aku : mba besok aku gunung yo tlg bilangke ibuk. mboh piye carane (soalnya aku gaboleh ke gunung drdulu) mbak ku : dehhhhhhhh kasus iki dontol maksimal","1917204215581344110","","","in","","0","1","0","https://x.com/undefined/status/1917204215581344110","1636701623232888832",
"1917203595562566012","Tue Apr 29 13:05:31 +0000 2025","0","ngedaki gunung kok bisa candu yaa padahal klo dibilang cape yaaa CAPEEE BANGEETT","1917203595562566012","","","in","","0","0","0","https://x.com/undefined/status/1917203595562566012","1511232989316857858",
"1917163034071699694","Tue Apr 29 13:04:33 +0000 2025","4","@iullicious @h4nadulset @sbmptnfess iyaa njir dia yang naik gunung itu aku ngikutin dia gegara yang annapurna circuit fak lah","1917203352456511539","","iullicious","in","","0","0","0","https://x.com/undefined/status/1917203352456511539","1594134332192395264",
"1917203178766098852","Tue Apr 29 13:03:52 +0000 2025","0","Baru 2 hari naik turun gunung tidar bawa barang berat udh berat ","1917203178766098852","","","in","","0","0","0","https://x.com/undefined/status/1917203178766098852","458025787",
"1917158598460973559","Tue Apr 29 13:01:08 +0000 2025","0","@duchessleman Gunung monjali","1917202489671291303","","duchessleman","in","","0","0","0","https://x.com/undefined/status/1917202489671291303","1702722771279814657",
"1917176040637816911","Tue Apr 29 13:00:54 +0000 2025","1","@Arcturus270102 Mie Ayam yum yum! Agak jauh juga ya riding ke gunung arc ","1917202432914018688","","Arcturus270102","in","","0","1","0","https://x.com/undefined/status/1917202432914018688","1163436318296166400",
"1917199221570326563","Tue Apr 29 13:00:39 +0000 2025","0","@MYasfika @senimemancing Gunung kawi astrologi di imbangi mancing Nyeni mazse wkwkwk","1917202368619516007","","MYasfika","in","","0","1","0","https://x.com/undefined/status/1917202368619516007","1002886366294708225",
"1917202149974712610","Tue Apr 29 12:59:47 +0000 2025","0","buat yang suka naik gunung atau camping sinyal TRI tetep ada lho. mantap banget!","1917202149974712610","","","in","","0","0","0","https://x.com/undefined/status/1917202149974712610","1737427395249152000",
"1916772465939710094","Tue Apr 29 12:59:43 +0000 2025","0","@98Acapan @Marchfoward Ke Bekasi bang. Gunung terbesar se Indonesia ada di Bekasi ya ga @txtdrbekasi ?","1917202133050708323","","98Acapan","in","","0","0","0","https://x.com/undefined/status/1917202133050708323","142932580",
"1917201936157409787","Tue Apr 29 12:58:56 +0000 2025","0","NAIK GUNUNG YUUUU","1917201936157409787","","","in","","0","0","0","https://x.com/undefined/status/1917201936157409787","3242131014",
"1917191574087434435","Tue Apr 29 12:58:08 +0000 2025","0","@remarkablejune https://t.co/9Eplre0AMg Ini nih kak Kolam renang bulungan. Deket MRT Asean / Halte CSW tiketnya 15rb-an.","1917201734797349367","","remarkablejune","in","","0","1","0","https://x.com/undefined/status/1917201734797349367","81546150",
"1917201674445504813","Tue Apr 29 12:57:53 +0000 2025","0","Ekstrim bgt itu cuacanyaaa mana di gunung lagi.. The effort Kesuksesan khamfaa bakal jdi bayaran buat kerja keras semua orang baik aktor di dpn layar tim blkg layar ataupun fans dan penonton","1917201674445504813","","","in","","0","0","0","https://x.com/undefined/status/1917201674445504813","1659504772544880641",
"1917029210092409230","Tue Apr 29 12:57:04 +0000 2025","0","@Diamers_ Gunung sabuk emas","1917201469268451661","","Diamers_","in","","0","0","0","https://x.com/undefined/status/1917201469268451661","1576170269018042368",
"1917163787150655512","Tue Apr 29 12:53:18 +0000 2025","60","@kompascom Gunung di palu tu di keruk hampir hilang buat nimbun ikn dampak ekologi buat warga sekitar terasa banget mulai dari jalan yang berdebu sampe mau nafas pun sulit","1917200520667955275","","kompascom","in","","0","3","14","https://x.com/undefined/status/1917200520667955275","1683938478273499136",
"1917064646693163169","Tue Apr 29 12:36:12 +0000 2025","0","@airmataapi91 @pendakilawas salah satu alasan malas ke gunung jabar yaa simaksinya 5 kali lipat gunung jateng","1917196217727258656","","airmataapi91","in","","0","0","0","https://x.com/undefined/status/1917196217727258656","1508313327952601089",
"1917179452230087048","Tue Apr 29 12:35:37 +0000 2025","0","@exsipient Aku suka laut sih kak tapi gunung apalagi hijau hijau gitu bikin seger mata","1917196070347567452","","exsipient","in","","0","1","0","https://x.com/undefined/status/1917196070347567452","1901534591393173504",
"1917195851853910499","Tue Apr 29 12:34:45 +0000 2025","0","Updatean bejibun tapi signal kehalang gunung ","1917195851853910499","","","in","","0","0","0","https://x.com/undefined/status/1917195851853910499","1121396947493896194",
"1917165059249520972","Tue Apr 29 12:34:22 +0000 2025","0","@mydctr_ @_______marrr weh munggah gunung kok mlayu idamanmu gak iso masak po?","1917195755917656237","","mydctr_","in","","0","0","0","https://x.com/undefined/status/1917195755917656237","2922793454",
"1916833586176499856","Tue Apr 29 12:34:11 +0000 2025","0","@euntchea @yujit IH SERUUUUU CE bisa mendaki gunung gunung bisa mancing bisa mainan yang squid game bisa naik pesawat naik kereta nonton konser semuanya bisa. Kalo characternya bisa diganti kok asal punya robux","1917195707435675874","","euntchea","in","","0","1","0","https://x.com/undefined/status/1917195707435675874","762615346532610048",
"1917158598460973559","Tue Apr 29 12:33:48 +0000 2025","0","@Dhikaaasaja ini dukun gunung mn ya","1917195612015235509","","Dhikaaasaja","in","","0","1","0","https://x.com/undefined/status/1917195612015235509","1550449770023747584",
"1917105396961186213","Tue Apr 29 12:33:28 +0000 2025","0","@DolanIDN buset ga pake oksigen tambahan mendaki gunung eversdt","1917195529056080067","","rlyvolky","in","","0","0","0","https://x.com/undefined/status/1917195529056080067","1103830750191730688",
"1917130691319595509","Tue Apr 29 12:33:10 +0000 2025","1","@PilipiUser @bacottetangga__ Gimana ketuaku @Dzawinur Membasmi keluarga jin bersama pesulap merah-gunung manglayang #3","1917195453197848785","","PilipiUser","in","","0","0","0","https://x.com/undefined/status/1917195453197848785","910730570149257216",
"1917168511434293358","Tue Apr 29 12:32:44 +0000 2025","0","@cheesejakeu naik gunung yuk","1917195344536125733","","cheesejakeu","in","","0","1","0","https://x.com/undefined/status/1917195344536125733","360644517",
"1917195180769493427","Tue Apr 29 12:32:05 +0000 2025","0","Pantai tp boleh gunung kalo treknya mudah","1917195180769493427","","","in","","0","0","0","https://x.com/undefined/status/1917195180769493427","1400639132733304834",
"1917195180568088748","Tue Apr 29 12:32:05 +0000 2025","0","Korem 063/Sunan Gunung Jati kunjungi RRI Cirebon @puspentni @tni_angkatan_darat @kodamsiliwangi @hista_soleh_harahap @rri_cirebon https://t.co/ZS9nZb85P5","1917195180568088748","https://pbs.twimg.com/media/Gps-2vZbAAAAtLx.jpg","","in","","0","0","0","https://x.com/undefined/status/1917195180568088748","1446855366524895240",
"1917195123026464838","Tue Apr 29 12:31:51 +0000 2025","0",": iya libur sih tapi paling nanti kalo ada kerjaan kamu ngerjainnya dari atas gunung Me: ????","1917195123026464838","","","in","","0","1","0","https://x.com/undefined/status/1917195123026464838","178260864",
"1917176270661759356","Tue Apr 29 12:31:33 +0000 2025","0","@andrigunardiii sama penunggu gunung","1917195046153330959","","andrigunardiii","in","","0","0","0","https://x.com/undefined/status/1917195046153330959","1009388234621632512",
"1917130691319595509","Tue Apr 29 12:30:57 +0000 2025","2","@AtomBasica @bacottetangga__ Gunung itu beneran bnyak angkernya jadi itu kayak permisi ke tempat dia","1917194896752140471","","AtomBasica","in","","0","0","0","https://x.com/undefined/status/1917194896752140471","1513563575935152128",
"1917194630330040693","Tue Apr 29 12:29:54 +0000 2025","0","#Tol_Jagorawi Mulai Tanggal 29 April 2025 - 02 Mei 2025 di Gunung Putri KM 21+400 - KM 21+200 arah Jakarta ada pekerjaan perbaikan jalan (Rekonstruksi Rigid) di lajur 1-bahu luar/kiri harap berhati-hati.","1917194630330040693","","","in","","0","0","0","https://x.com/undefined/status/1917194630330040693","540625251",
"1916791916986867962","Tue Apr 29 12:29:44 +0000 2025","3","@CelestArcanum Gua lari badmin naik gunung..ngopi ga terlalu heh","1917194589959786785","","wolfyouuu","in","","0","0","0","https://x.com/undefined/status/1917194589959786785","1801659994431229953",
"1917194558624153755","Tue Apr 29 12:29:37 +0000 2025","2","in this economy i prefer mendaki gunung semeru lalu meneriakkan ningning kembalilah padaku kemudian guling ke bawah untuk memakan jagung bakar","1917194558624153755","","","in","","0","0","1","https://x.com/undefined/status/1917194558624153755","1875195378125156352",
"1917194481696399732","Tue Apr 29 12:29:18 +0000 2025","0","Naik gunung Sindoro kayaknya seru","1917194481696399732","","","in","","0","0","0","https://x.com/undefined/status/1917194481696399732","335017111",
"1917194453657477146","Tue Apr 29 12:29:12 +0000 2025","2","WTS Jaket Gunung dom jateng 250k (boleh nego) bisa oren https://t.co/URJG5p4Un0","1917194453657477146","https://pbs.twimg.com/media/Gps-J1QbsAICx-h.jpg","","in","","0","2","0","https://x.com/undefined/status/1917194453657477146","1461705231771656196",
"1916697761497678292","Tue Apr 29 12:28:54 +0000 2025","0","@tranc1d @PorosHalangID Kalo harus milih tumini atau gunung y mending tumini","1917194379456090209","","tranc1d","in","","0","0","0","https://x.com/undefined/status/1917194379456090209","1670775296",
"1917155693934547290","Tue Apr 29 12:28:13 +0000 2025","0","@tanyarlfes tas gunung","1917194209242788208","","tanyarlfes","in","","0","0","0","https://x.com/undefined/status/1917194209242788208","748317966",
"1917193684057027000","Tue Apr 29 12:26:08 +0000 2025","0","Nek ngene aku kudu piye -rek ? Aku move on e mati2an tak belani dadi anak gunung ben lali kok yo tiba2 muncul garai ati rodok deg2an sampe kepikiran iso mbalek koyok wingi ga yo https://t.co/QMIlqVXY5Y","1917193684057027000","https://pbs.twimg.com/media/Gps9frtXIAAbsFv.jpg","","in","","0","13","0","https://x.com/undefined/status/1917193684057027000","1152437175587241985",
"1917184520517779862","Tue Apr 29 12:25:59 +0000 2025","0","ㅤㅤ Zaman dulu sebelum Wi-Fi dan drama Korea Karen-sensei mulai bercerita dengan nada bercanda masyarakat Jepang hidup berdampingan dengan alam. Mereka percaya semua memiliki roh gunung sungai bahkan angin. ㅤㅤ","1917193643942936741","","frostzrict","in","","0","1","0","https://x.com/undefined/status/1917193643942936741","1908910567454281728",
"1917163034071699694","Tue Apr 29 12:24:03 +0000 2025","1","@sbmptnfess Itu khamila tiktoker yg sering naik gunung itu kah?","1917193160956252415","","sbmptnfess","in","","0","0","0","https://x.com/undefined/status/1917193160956252415","356258060",
"1917192951517859859","Tue Apr 29 12:23:14 +0000 2025","0","!2dfess 、 naik naik ke puncak gunung. https://t.co/LbHKi4BwNx","1917192951517859859","","","in","","0","0","0","https://x.com/undefined/status/1917192951517859859","1019171774385119232",
"1917130931556548621","Tue Apr 29 12:22:49 +0000 2025","0","@tegalfess Pantai gunung kidul bisa gembiraloka taman pintar sindu kusuma edupark jogja bay taman pelangi ice cream world teddy bear world kidsfun parc upside down world","1917192847008440437","","tegalfess","in","","0","0","0","https://x.com/undefined/status/1917192847008440437","821571066938015744",
"1917156575783051734","Tue Apr 29 12:22:28 +0000 2025","0","@sourcaandy_ Waddduhhh coba bertapa di gunung himalaya dulu 1 bulan mungkin bisa","1917192759934664929","","sourcaandy_","in","","0","1","0","https://x.com/undefined/status/1917192759934664929","1295692220226342913",
"1916759111422935426","Tue Apr 29 12:21:58 +0000 2025","0","@BU00SHUHUA Iya emang serem kalo lagi ngambek tau wkwkwk Lebih dingin daripada gunung es dan lebih sensitif daripada kulit bayi","1917192634235511116","","schinaga","in","","0","1","0","https://x.com/undefined/status/1917192634235511116","788369090171633664",
"1917163034071699694","Tue Apr 29 12:21:12 +0000 2025","47","@h4nadulset @sbmptnfess Khamila mbak mbak yg suka naik gunung itu bukan sih? Tapi gak berjilbab kalo di akunnya","1917192440399945847","","califorpniaa","in","","1","11","0","https://x.com/undefined/status/1917192440399945847","388115290",
"1917192361886752832","Tue Apr 29 12:20:53 +0000 2025","0","kangen naik naik kepuncak gunung https://t.co/4fwA19ZXMi","1917192361886752832","https://pbs.twimg.com/media/Gps8R5gbMAAXv2U.jpg","","in","","0","0","0","https://x.com/undefined/status/1917192361886752832","1656969313822339072",
"1917192346510451196","Tue Apr 29 12:20:49 +0000 2025","7","UNESCO Global Geopark in Indonesia: 1. Batur 2. Gunung Sewu 3. Ciletuh-Palabuhanratu 4. Rinjani-Lombok 5. Toba Caldera 6. Belitong 7. Merangin Jambi 8. Ijen 9. Maros Pangkep 10. Raja Ampat 11. Kebumen 12. Meratus","1917192346510451196","","","in","","0","0","0","https://x.com/undefined/status/1917192346510451196","1584150314944692224",
"1917192332560224741","Tue Apr 29 12:20:46 +0000 2025","7","Taman Bumi (Geopark) Dunia/Global UNESCO di Indonesia: 1. Batur 2. Gunung Sewu 3. Ciletuh-Palabuhanratu 4. Rinjani-Lombok 5. Kaldera Toba 6. Belitong 7. Merangin Jambi 8. Ijen 9. Maros Pangkep 10. Raja Ampat 11. Kebumen 12. Meratus","1917192332560224741","","","in","","0","0","0","https://x.com/undefined/status/1917192332560224741","1584150314944692224",
"1917192314327568428","Tue Apr 29 12:20:42 +0000 2025","7","UNESCO World Biosphere Reserves in Indonesia: 1. Cibodas 2. Komodo 3. Lore Lindu 4. Tanjung Puting 5. Gunung Leuser 6. Siberut 7. Giam Siak Kecil-Bukit Batu 8. Wakatobi 9.Bromo Tengger Semeru-Arjuno 10. Taka Bonerate-Selayar 11. Belambangan 12. Berbak-Sembilang","1917192314327568428","","","in","","0","1","0","https://x.com/undefined/status/1917192314327568428","1584150314944692224",
"1917192295625191492","Tue Apr 29 12:20:37 +0000 2025","7","Cagar Biosfer Dunia UNESCO di Indonesia: 1. Cibodas 2. Komodo 3. Lore Lindu 4. Tanjung Puting 5. Gunung Leuser 6. Siberut 7. Giam Siak Kecil-Bukit Batu 8. Wakatobi 9. Bromo Tengger Semeru-Arjuno 10. Taka Bonerate-Selayar 11. Belambangan 12. Berbak-Sembilang","1917192295625191492","","","in","","0","1","0","https://x.com/undefined/status/1917192295625191492","1584150314944692224",
"1917014564530688297","Tue Apr 29 12:20:09 +0000 2025","0","@TokPerak8 P naik gunung jerai","1917192176947388797","","TokPerak8","in","","0","0","0","https://x.com/undefined/status/1917192176947388797","1000985246295207936",
"1917192115085607402","Tue Apr 29 12:19:55 +0000 2025","0","#Tol_Jagorawi Mulai Tanggal 29 April 2025 - 02 Mei 2025 di Gunung Putri KM 21+400 - KM 21+200 arah Jakarta ada pekerjaan perbaikan jalan (Rekonstruksi Rigid) di lajur 1-bahu luar/kiri harap berhati-hati.","1917192117216309719","","PTJASAMARGA","in","","0","0","0","https://x.com/undefined/status/1917192117216309719","540625251",
"1917192058806428010","Tue Apr 29 12:19:41 +0000 2025","0","Kurang Ngulon Suu... Gunung nge seng disasak.. https://t.co/KjEjNnifds","1917192058806428010","https://pbs.twimg.com/media/Gps7_UaagAE9uwR.jpg","","tl","","0","0","0","https://x.com/undefined/status/1917192058806428010","1257780672489377792",
"1917191139154886707","Tue Apr 29 12:19:40 +0000 2025","0","@sbyfess ngga soale banyak makanan enak dan minuman favoritmu yg seenak itu untuk selalu dinikmati. masih ada gunung pantai dsj untuk dikunjungi","1917192056239456383","","sbyfess","in","","0","0","0","https://x.com/undefined/status/1917192056239456383","463774172",
"1917191864731803940","Tue Apr 29 12:18:54 +0000 2025","0","pgn naik gunung","1917191864731803940","","","in","","0","0","0","https://x.com/undefined/status/1917191864731803940","1812180177235189760",
"1917159295764009360","Tue Apr 29 12:18:23 +0000 2025","0","@HalfKoko_ oh gunung mas ya ? dpt harga berapa ?","1917191733915619825","","HalfKoko_","in","","0","0","0","https://x.com/undefined/status/1917191733915619825","988261343294701568",
"1917187665788903856","Tue Apr 29 12:02:13 +0000 2025","0","KOCAG GAS ELPIJI SEGEDE GITU NGAPA SAMPE GUNUNG","1917187665788903856","","","in","","0","1","0","https://x.com/undefined/status/1917187665788903856","1821019650844717057",
"1917187262351376880","Tue Apr 29 12:02:10 +0000 2025","0","⠀ Semua hal yang dimaksud seperti gunung sungai matahari. Lalu ia sedikit dikejutkan dengan sensei yang menyebutkan nama asistennya membuat Rimuru si asisten terbangun dan membuat seisi kelas termasuk dirinya tertawa. ⠀","1917187650865471552","","zenayoru","in","","0","1","0","https://x.com/undefined/status/1917187650865471552","1911268581863735296",
"1916815960620597452","Tue Apr 29 12:02:09 +0000 2025","0","@sapphicsfess @MonssEnd Upss salah. Kamu mau naik gunung ya? Kok pake sweater Cuplikan percakapan 1st met","1917187646885073310","","befearlessssss","in","","0","1","0","https://x.com/undefined/status/1917187646885073310","1745843848558080000",
"1917076260037267856","Tue Apr 29 12:01:01 +0000 2025","0","@n00targ aku gunung kidul dulu","1917187362154823705","","n00targ","in","","0","0","0","https://x.com/undefined/status/1917187362154823705","1693314457814867969",
"1917187056960520696","Tue Apr 29 11:59:49 +0000 2025","0","lepastu aku mimpi wonbin berlakon pergi satu gunung ni dgn member riize lain. dia tak habes ii musowo naik gunung ","1917187060030742559","","wonkittieluver","in","","0","1","0","https://x.com/undefined/status/1917187060030742559","1356008092064862208",
"1917186897878913243","Tue Apr 29 11:59:10 +0000 2025","0","TIM YA GAK SUKA GUNUNG PENDAKING TERMASUK SAYA ","1917186897878913243","","","in","","0","0","0","https://x.com/undefined/status/1917186897878913243","2607174619",
"1917186879138742409","Tue Apr 29 11:59:06 +0000 2025","1","pertama dan terakhir kali diginiin sm temen cwo wktu ketiban batu gunung pas muncak..bnr2 krn KETIBAN BATU GUNUNG ","1917186879138742409","","","in","","0","0","0","https://x.com/undefined/status/1917186879138742409","1570433163306102784",
"1917186472152891448","Tue Apr 29 11:57:29 +0000 2025","1","Apa sampe besok min ini pertanda alam mirip 2010 gunung berapi bikin Messi naik bus @InteristaLK","1917186472152891448","","","in","","0","2","0","https://x.com/undefined/status/1917186472152891448","360030872",
"1917185004507107522","Tue Apr 29 11:57:20 +0000 2025","0","Kalau datang semata2 nak bercuti kat sini tak berbaloi. Kalau singgah2 ada outstation ke ok lah ada lah 2-3 tempat boleh pergi. Tapi bukan dekat Bandar Alor Setar. Yang tu kena pergi tempat lain- Gunung Jerai contohnya","1917186435272397297","","x4riph0bi4","in","","0","0","0","https://x.com/undefined/status/1917186435272397297","821746821441556480",
"1917186287003730197","Tue Apr 29 11:56:45 +0000 2025","2","mau sepatu ukuran 40-41 dongg sama sendal gunung ukurah segitu juga kalo ada mauu","1917186287003730197","","","in","","0","10","0","https://x.com/undefined/status/1917186287003730197","1472572603126595584",
"1917185991103898016","Tue Apr 29 11:55:34 +0000 2025","0","Rek ono seng gelem melok tektok gunung bokong a?","1917185991103898016","","","in","","0","0","0","https://x.com/undefined/status/1917185991103898016","4647731336",
"1917097721951031391","Tue Apr 29 11:55:18 +0000 2025","0","@Justtry101007 yapping ala makhluk gunung","1917185921797198042","","Justtry101007","in","","0","0","0","https://x.com/undefined/status/1917185921797198042","1710320684931641344",
"1917185736681680965","Tue Apr 29 11:54:33 +0000 2025","0","Cocok banget ini buat naik gunung. Kalo capek bisa langsung rebahan","1917185736681680965","","","in","","0","0","0","https://x.com/undefined/status/1917185736681680965","3304816091",
"1917185328911466910","Tue Apr 29 11:52:56 +0000 2025","1","petaka gunung gede https://t.co/jOZNX81CpZ","1917185328911466910","https://pbs.twimg.com/media/Gps14tvaEAAmOMz.jpg","","in","","0","0","0","https://x.com/undefined/status/1917185328911466910","1799461418582089728",
"1917184420358001067","Tue Apr 29 11:49:20 +0000 2025","0","Ini sinyal susah bener dah perasaan rumah gue ngga di gunung banget","1917184420358001067","","","in","","0","0","0","https://x.com/undefined/status/1917184420358001067","1467763136232976386",
"1917184257740669119","Tue Apr 29 11:48:41 +0000 2025","0","iki baru yomannn dukung mas porso gimbal tolak pabrik semen lindungi gunung karst cc @Titosepriadi @manuva888","1917184257740669119","","","in","","0","1","1","https://x.com/undefined/status/1917184257740669119","154706604",
"1917180748756611308","Tue Apr 29 11:46:58 +0000 2025","0","@greezfy ig nya penjoki utbk yang suka naik gunung ituu","1917183828604731901","","greezfy","in","","0","0","0","https://x.com/undefined/status/1917183828604731901","1636309673669447681",
"1915998315537420658","Tue Apr 29 11:46:51 +0000 2025","0","@minjuweds Gunung kidul kali","1917183796644032945","","michelliacc","in","","0","1","0","https://x.com/undefined/status/1917183796644032945","1907794325880365056",
"1917172065414873433","Tue Apr 29 11:45:43 +0000 2025","0","@OceanSkye03 sekalian olahraga kak naik turun gunung","1917183513331372522","","OceanSkye03","in","","0","1","0","https://x.com/undefined/status/1917183513331372522","1634939835151691778",
"1917183405659422989","Tue Apr 29 11:45:18 +0000 2025","0","Service PABX PANASONIC Gunung putri 081219237435 PABX Gunung Putri setting PABX Gunung Putri Program PABX gunung Putri Teknisi Pabx gunung Putri IP PBX gunung Putri #servicepabxgunungputri #pasangpabxgunungputri #settingPabxgunungputri #ippbxgunungputri https://t.co/wZIQRfgCXC","1917183405659422989","","","in","","0","0","0","https://x.com/undefined/status/1917183405659422989","2401577972",
"1917036113576833124","Tue Apr 29 11:45:15 +0000 2025","0","@ARSIPAJA Omon-omon aja. Darimana sumbernya? Jangan2 aset non cash yg tdk likuid berupa gedung tanah gunung laut.","1917183395358187679","","ARSIPAJA","in","","0","0","0","https://x.com/undefined/status/1917183395358187679","1686204944561647616",
"1913915771996217385","Tue Apr 29 11:44:48 +0000 2025","0","anjjirrr suka orang yang naik gunung juga pengen sebut nama ahh","1917183281394782526","","Mabelleestrale","in","","0","1","0","https://x.com/undefined/status/1917183281394782526","1663729346664865794",
"1917183122002645128","Tue Apr 29 11:44:10 +0000 2025","0","tawarin sepatu gunung uk 38/39 pls butuh cepet","1917183122002645128","","","in","","0","2","0","https://x.com/undefined/status/1917183122002645128","1252459634872340480",
"1917166937517572295","Tue Apr 29 11:42:23 +0000 2025","22","@paradiselove_ anu sering bgt nih urusin masalah orang kaga ngaca kalau masalah dia juga segede gunung","1917182672788656336","","paradiselove_","in","","0","0","0","https://x.com/undefined/status/1917182672788656336","1700153480608894976",
"1917014564530688297","Tue Apr 29 11:41:42 +0000 2025","3","@TokPerak8 Kedah - Gunung Keriang (gua) Muzium Padi Rumah Kelahiran Mahathir Rumah Merdeka Tanjung Dawai Gunung Jerai Padang Tok Sheikh Gunung Jerai Sg. Batu Arkeologi site Candi Bukit Batu Pahat Merbok","1917182500260163831","","TokPerak8","in","","0","1","0","https://x.com/undefined/status/1917182500260163831","171323798",
"1917182418534150254","Tue Apr 29 11:41:22 +0000 2025","0","motoran ke arah barat sambil menikmati siluet gunung merapi merbabu dan gunung-gunung kecil lainyaa dihiasi bulat sabit ","1917182418534150254","","","in","","0","1","0","https://x.com/undefined/status/1917182418534150254","1045480191093436416",
"1917182392189780273","Tue Apr 29 11:41:16 +0000 2025","3","minco apa boleh konten radhilaras pacaran ️ boleeeee nderrr nanti radhi laras pacaran naik gunung bareng https://t.co/10D4sxmOyJ","1917182392189780273","","","in","","1","0","0","https://x.com/undefined/status/1917182392189780273","1762207194093641728",
"1917182249503699122","Tue Apr 29 11:40:42 +0000 2025","4","【 ROBLOX - ANTARTICA EXPEDITION 】 Katanya pertemanan diuji ketika naik gunung!! Collab With: @ShieruEris @TrisFushimi @nandaimeizanagi ️: 19.00 WIB : https://t.co/bR3i4D8s0x #KieranLexhart #KieOnAir","1917182249503699122","","","in","","0","0","2","https://x.com/undefined/status/1917182249503699122","1596770039998578688",
"1917177804292288890","Tue Apr 29 11:40:12 +0000 2025","0","@kevinpramudya_ Kev @kevinpramudya_ pie corone ik kui gunung e iso ketok cedak ngono ? Aku njajal ngene tep wae gunung e ketok adoh","1917182125616628069","","kevinpramudya_","in","","0","0","0","https://x.com/undefined/status/1917182125616628069","360675704",
"1917181552225837318","Tue Apr 29 11:39:21 +0000 2025","0","Zaman sekarang healing bukan ke gunung tapi ke benang Crochet itu meditasi manual gak ada notifikasi gak ada drama cuma kamu hakpen dan dunia kecil yang kamu buat sendiri Dan Holly bikin semuanya jadi KIYOWO MAXIMAL. https://t.co/UP158Dk9ac","1917181911975543051","https://pbs.twimg.com/media/GpsyyLRa8AAEDnA.jpg","danggeunbooks","in","","0","1","0","https://x.com/undefined/status/1917181911975543051","1570980115571679233",
"1917181858603041100","Tue Apr 29 11:39:09 +0000 2025","0","10 KOPERASI YANG DAPAT IPR DI GUNUNG BOTAK https://t.co/blsuW5XpCd","1917181858603041100","","","in","","0","0","0","https://x.com/undefined/status/1917181858603041100","631017621",
"1916908464057499940","Tue Apr 29 11:38:17 +0000 2025","0","@joshuarihi05 buset ni orang.. sange bgt sm gunung","1917181642957009124","","joshuarihi05","in","","0","0","0","https://x.com/undefined/status/1917181642957009124","1475174646873952256",
"1917181441160740889","Tue Apr 29 11:37:29 +0000 2025","0","pe sahur tung tung sahur ayo mutualan sekalian mutualan roblox donk. Btw ak masih pemula butuh kawan naik gunung #mootstwt #moots","1917181441160740889","","","in","","0","0","0","https://x.com/undefined/status/1917181441160740889","1646405053631336450",
"1917181304845771226","Tue Apr 29 11:36:57 +0000 2025","0","Memulai kembali mendaki gunung di usia kepala 3 setelah vakum lama. Semoga besok aku kuat bangun pagi untuk lari. ","1917181304845771226","","","in","","0","0","0","https://x.com/undefined/status/1917181304845771226","1401711505234481152",
"1917181277595439375","Tue Apr 29 11:36:50 +0000 2025","0","#Tol_Jagorawi Mulai Tanggal 29 April 2025 - 02 Mei 2025 di Gunung Putri KM 21+400 - KM 21+200 arah Jakarta ada pekerjaan perbaikan jalan (Rekonstruksi Rigid) di lajur 1-bahu luar/kiri harap berhati-hati.","1917181277595439375","","","in","","0","0","0","https://x.com/undefined/status/1917181277595439375","540625251",
"1917117268611469587","Tue Apr 29 11:31:41 +0000 2025","0","@bsyafaa0272 ya karena mereka kan asli orang sekitar gunung itu","1917179980074856684","","bsyafaa0272","in","","0","0","0","https://x.com/undefined/status/1917179980074856684","1248852298551275521",
"1917179914492805330","Tue Apr 29 11:31:25 +0000 2025","12","Kurang lebih gini lah dia (Hok Gie) itu Sudah tertipu militer disingkirkan (debatable dan spekulasi) lagi pas lagi healing naik gunung","1917179914492805330","","","in","","0","2","4","https://x.com/undefined/status/1917179914492805330","1836211020282675200",
"1917179452230087048","Tue Apr 29 11:30:48 +0000 2025","0","@exsipient Kalau pemandangan alam sih itu udah jalan ninja ku. Hampir separuh hidupku habiskan sebagai seorang pecinta alam. Tapi untuk view favorit tetap gunung Rinjani.","1917179759139917924","","exsipient","in","","0","1","0","https://x.com/undefined/status/1917179759139917924","1649735191823515648",
"1917179704693629035","Tue Apr 29 11:30:35 +0000 2025","0","Mengapa hampir tidak ada hadis tentang naik gunung nginap di gua dan bakar kayu api berenang lari survival pelihara domba kucing dan nanam pohon? Apa karena manusia hanya mengingat apa yang dia perlukan dan cari dalam hidup?","1917179704693629035","","","in","","0","0","0","https://x.com/undefined/status/1917179704693629035","1534520507982561280",
"1917150979998580973","Tue Apr 29 11:30:30 +0000 2025","0","@shespreitty gunung apaaa?","1917179682098909241","","shespreitty","in","","0","0","0","https://x.com/undefined/status/1917179682098909241","3383074443",
"1917179678730961232","Tue Apr 29 11:30:29 +0000 2025","0","Kepengen naik gunung sekalian ngurangi belly fat yg udh terlalu berlebih ‍","1917179678730961232","","","in","","0","0","0","https://x.com/undefined/status/1917179678730961232","85036328",
"1917177111158444360","Tue Apr 29 11:30:20 +0000 2025","0","Kelas membahas perang antarklan penyihir Jepang. Kaito bertanya apakah sensei pernah mengalami konflik itu membuat Fujihara-sensei murung untuk pertama kalinya. Fujihara-sensei membawa seluruh kelas ke gunung keramat.","1917179641384878539","","Nminwou","in","","0","1","0","https://x.com/undefined/status/1917179641384878539","1028733632",
"1916896099484459284","Tue Apr 29 11:29:44 +0000 2025","0","@staaerlight kegiatan maba (mahasiswa bangkotan) adalah naik gunung jgn lupa cobain","1917179491232915621","","staaerlight","in","","0","1","0","https://x.com/undefined/status/1917179491232915621","1557566461",
"1917179422878388511","Tue Apr 29 11:29:28 +0000 2025","0","pleasee infoo cewe yang bisa diajak ke gunung kembang besok kamis donggg gada temen","1917179422878388511","","","in","","0","0","0","https://x.com/undefined/status/1917179422878388511","1157539665437573120",
"1917179064022171879","Tue Apr 29 11:28:02 +0000 2025","32","love banget deh sama uncle mo I LOVE YOU SEGEDE GUNUNG UNCLE MO btw ditunggu pengumuman resminya sebagai abang mamazar DUNIA FATTZAR BERGOYANG 148 #fattzar_AGZ #148DaysWithFattzar","1917179064022171879","","","in","","0","4","0","https://x.com/undefined/status/1917179064022171879","1876650477598986240",
"1917132599945789828","Tue Apr 29 11:28:00 +0000 2025","1","@ngalamfess Gk onok sing ke gunung bokong? Dket ae","1917179055528611857","","ngalamfess","in","","0","0","0","https://x.com/undefined/status/1917179055528611857","895363208",
"1917179000033841298","Tue Apr 29 11:27:47 +0000 2025","2","LOH INI KHAMILA DJ YANG INFLUENCER NAIK GUNUNG ITU?? cok speechless gue pdhl suka bgt nonton kontennya anjir. sakit hati bgt sumpah... segini nya lu nyari duit ","1917179000033841298","","","in","","0","2","1","https://x.com/undefined/status/1917179000033841298","1636309673669447681",
"1917165352997605803","Tue Apr 29 11:27:05 +0000 2025","0","@pakdekann Naik2 ke puncak gunung","1917178824590324181","","pakdekann","in","","0","1","0","https://x.com/undefined/status/1917178824590324181","2228440165",
"1917150979998580973","Tue Apr 29 11:26:48 +0000 2025","0","@SinguIaritey soalnya emang deket banget hehe... maju dikit udah kaki gunung merbabu","1917178750640574584","","SinguIaritey","in","","0","0","0","https://x.com/undefined/status/1917178750640574584","1837701757474164739",
"1917014564530688297","Tue Apr 29 11:26:05 +0000 2025","0","@TokPerak8 Korang boleh tengok kat website kat bawah ni utk tengok apa ada kat gunung keriang. Kalau nak caving boleh contact brother ni https://t.co/KPjUYEijFG https://t.co/kDdnKCHAO3","1917178569291424207","https://pbs.twimg.com/media/GpsvvxkaMAAUKZ5.jpg","zuhrahx","in","","0","0","0","https://x.com/undefined/status/1917178569291424207","1446786464361054208",
"1917178304618172705","Tue Apr 29 11:25:01 +0000 2025","0","Kota di Jawa mana lagi ya yg punya view gunung dan udaranya dingin?","1917178304618172705","","","in","","0","0","0","https://x.com/undefined/status/1917178304618172705","75967281",
"1917157240475451579","Tue Apr 29 11:24:00 +0000 2025","1","@notaweebbb Dan khamila tuh tiktokers akunnya dia khamila berkelana. Suka naik gunung dan 2x ke everest. Udah deact sih","1917178046630813944","","notaweebbb","in","","0","1","0","https://x.com/undefined/status/1917178046630813944","1051353907077689345",
"1917157312541983009","Tue Apr 29 11:23:01 +0000 2025","0","@Starlink Great Performance to adventure of life .Starlink of Nusantara 🇮🇩. RoadMap.=|| Active Online ; + Hutan + Pedalaman pedesaan + Gunung/Bukit tinggi/Dalam Goa. + Laut + Udara (Pesawat(Izin:: Legal)). + Home + etc https://t.co/5iV830f9Tf","1917177799032652213","https://pbs.twimg.com/ext_tw_video_thumb/1917177685635391488/pu/img/OSbVER7pVo_xTZxP.jpg","GNET888","in","","0","0","0","https://x.com/undefined/status/1917177799032652213","1578939448523268097",
"1917177793135493343","Tue Apr 29 11:22:59 +0000 2025","0","Ayo ditunggu momennya berburu dan meramu di gunung","1917177793135493343","","","in","","0","1","0","https://x.com/undefined/status/1917177793135493343","383524607",
"1917032588902076521","Tue Apr 29 11:20:40 +0000 2025","0","@sbyfess Munggah gunung","1917177206234906976","","sbyfess","in","","0","0","0","https://x.com/undefined/status/1917177206234906976","1637849249131159552",
"1917113771258188186","Tue Apr 29 11:17:11 +0000 2025","0","@pandji Bang Pandji tadi di lembah merkusi gunung kawi yaaa .","1917176331604996585","","pandji","in","","0","1","0","https://x.com/undefined/status/1917176331604996585","1452640128766136322",
"1916874814054432902","Tue Apr 29 11:16:35 +0000 2025","0","@yukatheoglen Dia tidur di gunung aja nyenyak apalagi di atas bantal ","1917176179305644401","","yukatheoglen","in","","0","0","0","https://x.com/undefined/status/1917176179305644401","258717851",
"1917174257743990976","Tue Apr 29 11:16:14 +0000 2025","2"," Omah Kembang Merbabu Swiss-nya Magelang! 30 menit dari kota kamu bisa nemu villa dengan view gagahnya Gunung Merbabu + desain bangunan ala Eropa. Mau nginep atau sekadar makan di restorannya juga bisa. Udaranya sejuk cocok buat healing yang tenang. Buka jam 09.00 19.00~ https://t.co/hJtenJcD2L","1917176094123499602","https://pbs.twimg.com/amplify_video_thumb/1917175924367544320/img/u54lR9MTaShf9rfX.jpg","traveloka","in","","0","1","0","https://x.com/undefined/status/1917176094123499602","498496042",
"1917162964676907086","Tue Apr 29 11:14:28 +0000 2025","0","@elfhamae GUNUNG","1917175649749569571","","elfhamae","in","","0","0","0","https://x.com/undefined/status/1917175649749569571","1753704343130472448",
"1917173071263539552","Tue Apr 29 11:13:29 +0000 2025","2","@kaassteangels tapi iya bangeet pas wangquan hongye ngomongin tentang gunung tu ada perasaan kangen sendiri ke yuehong ","1917175400364753242","","kaassteangels","in","","0","1","0","https://x.com/undefined/status/1917175400364753242","1551169637785559040",
"1917174257743990976","Tue Apr 29 11:13:24 +0000 2025","0"," Wisata Hutan Desa ini Bandungan-nya Magelang! Ngopi sambil lihat 3 gunung sekaligus: Merapi Andong Merbabu. Duduk manis sambil hirup udara segar! Ada kandang rusa &amp; kelinci juga family-friendly. HTM cuma 10rb buka jam 06.00 18.00. Ideal buat sarapan sambil nunggu sunrise! https://t.co/mRA3laDat6","1917175379506446478","https://pbs.twimg.com/media/GpsspczaIAAa0eu.jpg","traveloka","in","","0","1","0","https://x.com/undefined/status/1917175379506446478","498496042",
"1917174873312620640","Tue Apr 29 11:11:23 +0000 2025","0","Temukan Yink Sandal Slip On Pria Casual Keren Kekinian Terbaru EVA Premium Sendal Gunung Pria Empuk Nyaman Slipper Cowok Rumah seharga Rp27.900. Dapatkan sekarang juga di Shopee! https://t.co/pzYnpbZZX7","1917174873312620640","","","in","","0","0","0","https://x.com/undefined/status/1917174873312620640","251598820",
"1917169610450931792","Tue Apr 29 11:09:40 +0000 2025","0","@sinnersdouge Gunung apadey","1917174438975750246","","marlvistt","in","","0","1","0","https://x.com/undefined/status/1917174438975750246","1632658270946226176",
"1917130691319595509","Tue Apr 29 11:08:57 +0000 2025","1","@PilipiUser @bacottetangga__ Selama naik gunung gak pernah tuh denger suara mahluk halus","1917174257899258038","","PilipiUser","in","","0","0","0","https://x.com/undefined/status/1917174257899258038","1603778270629359617",
"1917174210948174170","Tue Apr 29 11:08:45 +0000 2025","3","Warga RT 02 RW 13 Desa Gunung Putri Kab. Bogor menolak segala bentuk kegiatan Matel (Mata Elang) di lingkungannya. https://t.co/4IyMoRZDcL","1917174210948174170","https://pbs.twimg.com/ext_tw_video_thumb/1917174176198385664/pu/img/KyRwfOfzo6vsGoxk.jpg","","in","","0","1","1","https://x.com/undefined/status/1917174210948174170","1351138416088510467",
"1917174038906167720","Tue Apr 29 11:08:04 +0000 2025","55","terimakasih bang Al @stockmapping pondok gunung kawi +82% meski modal receh mancing maniaaa mantaaaab https://t.co/IM3CXStWRb","1917174038906167720","https://pbs.twimg.com/media/GpsrUzWaYAEpTvi.jpg","","in","","1","7","2","https://x.com/undefined/status/1917174038906167720","871951765",
"1917173833569808569","Tue Apr 29 11:07:15 +0000 2025","0","18.07 WIB #Tol_Jagorawi Cawang KM 00 - Cililitan KM 02 PADAT kepadatan volume lalin. ; Gunung Putri KM 21+400 - KM 21+200 arah Jakarta PADAT ada pekerjaan perbaikan jalan Rekonstruksi Rigid di lajur 1-bahu luar/kiri.","1917173833569808569","","","in","","0","1","1","https://x.com/undefined/status/1917173833569808569","540625251",
"1917173825965555765","Tue Apr 29 11:07:14 +0000 2025","0","#Tol_Jagorawi Mulai Tanggal 29 April 2025 - 02 Mei 2025 di Gunung Putri KM 21+400 - KM 21+200 arah Jakarta ada pekerjaan perbaikan jalan (Rekonstruksi Rigid) di lajur 1-bahu luar/kiri harap berhati-hati.","1917173825965555765","","","in","","0","0","0","https://x.com/undefined/status/1917173825965555765","540625251",
"1916772465939710094","Tue Apr 29 11:06:16 +0000 2025","1","@kimiwarrior91 @Marchfoward Taman gunung Leuser","1917173583371227251","","kimiwarrior91","in","","0","0","0","https://x.com/undefined/status/1917173583371227251","1143098986863067137",
"1916771931732185268","Tue Apr 29 11:05:31 +0000 2025","0","@rendramaul @tanyarlfes Pantaiii gunung blm nyoba sih ngga minat","1917173395227373616","","akubukangenz","in","","0","0","0","https://x.com/undefined/status/1917173395227373616","1034963162972315648",
"1917116350264447056","Tue Apr 29 11:04:16 +0000 2025","0","@ironmankepising Asliii meskipun kamar mandine bersih tetep gaiso sak nggon². Gak bs mbayangno lek nak gunung harus nguruk tanah dulu","1917173082214822366","","ironmankepising","in","","0","1","0","https://x.com/undefined/status/1917173082214822366","925033770",
"1917172487487643823","Tue Apr 29 11:01:55 +0000 2025","0","kena macet pasopati kena macet pasteur dan masih kena macet lagi di arah gunung batu KURANG SABAR APA LAGI YATUHAANNNNALLAHUAKBAR TAKBIIIRRRR!!!!! (spend 1 jam hanya untuk pulang)","1917172487487643823","","","in","","0","0","0","https://x.com/undefined/status/1917172487487643823","1677269024424742912",
"1917081175543452062","Tue Apr 29 10:57:51 +0000 2025","0","@winestrauz1991 @BayuAngora @BayuAngora Alokasi dana untuk situs Gunung Padang sangat penting untuk pengelolaan wisata dan ibadah yang berkelanjutan. Situs ini punya nilai spiritual dan potensi devisa dari turis yang tertarik dengan Batu Kecapi yang bersuara unik. Pemerintah sudah mendanai penelitian tahun","1917171464618623311","","winestrauz1991","in","","0","0","1","https://x.com/undefined/status/1917171464618623311","1720665183188922368",
"1917171102759194879","Tue Apr 29 10:56:24 +0000 2025","4","Banyak ja tempat tapi tak ada effort nak promote/bangunkan bagi elok: Gunung jerai lembah bujang singkir darat/laut tasik beris gunung baling(hiking) gunung keriang(kristal).. Nak padi lawa2 boleh masuk area yan/pokok sena. Nak pekan boleh pi sungai petani/loqstaq","1917171102759194879","","","in","","0","0","0","https://x.com/undefined/status/1917171102759194879","4845434604",
"1917152233827037541","Tue Apr 29 10:56:20 +0000 2025","0","@niraswara_ Kalau di Dieng ada banyak semisal Bukit Skoter Batu Ratapan Angin Kawah Sikidang Candi Arjuna Gunung Prau Gunung Pakuwaja Gunung Bismo Gunung Kembang. Sejauh ini itu yang aku ingat wkwk","1917171083469639695","","niraswara_","in","","0","1","0","https://x.com/undefined/status/1917171083469639695","360488832",
"1917134020988834098","Tue Apr 29 10:56:00 +0000 2025","0","@snngho deg... emang pernah ke gunung gede?","1917170998497145337","","snngho","in","","0","1","0","https://x.com/undefined/status/1917170998497145337","2678647369",
"1917081175543452062","Tue Apr 29 10:53:27 +0000 2025","0","@BayuAngora @Grok apa perlu pengalokasian dana untuk situs gunung Padang pengelolaan berkelanjutan utk aktivitas wisata dan ibadah penting untuk menjaga nilai spiritual. dan batu kecapi yg bersuara saat dipukul menambah daya tarik mistisnya untuk mendapatkan devisa dikemudian hari.","1917170358945509544","","BayuAngora","in","","0","1","1","https://x.com/undefined/status/1917170358945509544","1793511578182332416",
"1917169846149923207","Tue Apr 29 10:51:25 +0000 2025","0","KISAH NYATA ‼️ PESUGIHAN GUNUNG KEMUKUS ‼️ ADA YANG MAU MENCOBANYA ?....... https://t.co/6Kp6p7KCtp lewat @YouTube","1917169846149923207","","","in","","0","0","0","https://x.com/undefined/status/1917169846149923207","1008668850",
"1917169648744993082","Tue Apr 29 10:50:38 +0000 2025","0","jujur ini lucuu tapi kalo dunia fz sedang bergoyang maka dunia mq sedang tsunami banjir bandang tanah longsor gunung meletus &amp; salto guling-guling MOQEEL SEEKS A WAY #MOQEELatAGZEps148 #MOQEEL https://t.co/YTC3vYEdXa","1917169648744993082","https://pbs.twimg.com/media/GpsnophbMAAaFeN.jpg","","in","","0","2","1","https://x.com/undefined/status/1917169648744993082","1447054403794464772",
"1916953289104756976","Tue Apr 29 10:49:34 +0000 2025","0","@knshhhh tektok gunung","1917169380468916329","","knshhhh","in","","0","0","0","https://x.com/undefined/status/1917169380468916329","2549483846",
"1917169287187533990","Tue Apr 29 10:49:12 +0000 2025","3","Negeriku? Sebelah kampung yang jembatannya terbuat dari akar pohon. Di balik gunung negeri dimana orang²nya berkulit putih kemerahan. Dengan air sungai bening berkoral indah. https://t.co/czO4mPr4bq","1917169287187533990","https://pbs.twimg.com/media/GpsnTCPasAAOpMT.jpg","","in","","0","0","0","https://x.com/undefined/status/1917169287187533990","759478309407252481",
"1917168611753623832","Tue Apr 29 10:46:30 +0000 2025","0","Ini 10 Koperasi yang Dapatkan IPR di Wilayah Pertambangan Gunung Botak Maluku https://t.co/7IxWUN2Qv0","1917168611753623832","","","in","","0","0","0","https://x.com/undefined/status/1917168611753623832","1472817062900756487",
"1917168433890033911","Tue Apr 29 10:46:11 +0000 2025","0","10. Gunung es raksasa berlayar menuju pulau Newfoundland di Kanada. https://t.co/QDYqjuJZll","1917168530560368956","https://pbs.twimg.com/amplify_video_thumb/1916974943000039424/img/YsrE_Uwqz_GmVsJn.jpg","mathelvar","in","","0","0","0","https://x.com/undefined/status/1917168530560368956","1182527509453103106",
"1917168433890033911","Tue Apr 29 10:46:10 +0000 2025","0","9. Gunung es setinggi 150 kaki melewati Iceberg Alley di Newfoundland. Wilayah ini merupakan rute terkenal bagi gunung es yang mengalir turun dari Laut Labrador. Rata-rata sekitar 700 hingga 800 gunung es mengapung ke Newfoundland setiap tahun. https://t.co/Dvy8NV2SZI","1917168525468487898","https://pbs.twimg.com/media/Gpsmm8xaIAA7-cj.jpg","mathelvar","in","","0","1","0","https://x.com/undefined/status/1917168525468487898","1182527509453103106",
"1917168433890033911","Tue Apr 29 10:45:48 +0000 2025","19","Ketika Kanada terlihat seperti tempat yang tidak nyata a thread (part one) 1. Gunung Robson raja Pegunungan Rocky Kanada https://t.co/axuSYmRBUm","1917168433890033911","https://pbs.twimg.com/media/GpsmhlYaIAA9Es1.jpg","","in","","0","23","1","https://x.com/undefined/status/1917168433890033911","1182527509453103106",
"1917133438299345230","Tue Apr 29 10:44:41 +0000 2025","0","@amoouren Jatuh Mulu waktu main gunung","1917168154616463858","","amoouren","in","","0","1","0","https://x.com/undefined/status/1917168154616463858","1670282584251863040",
"1917159600383734030","Tue Apr 29 10:43:39 +0000 2025","0","@edgeworth_box infokan menjelajah gunung everest king","1917167893244244207","","","in","","0","0","0","https://x.com/undefined/status/1917167893244244207","1017777436979679234",
"1917164939070083182","Tue Apr 29 10:43:04 +0000 2025","0","@bibbleayy bisa jadi. apalagi maenya ke kawah gunung berapi. makin matang","1917167746309329101","","bibbleayy","in","","0","0","0","https://x.com/undefined/status/1917167746309329101","1073623668717015041",
"1917166232392122440","Tue Apr 29 10:42:57 +0000 2025","2","@sunnysdayss @HYUNJU_LR @MALJAHALMEONI @doudteofmomdad @bojonegosat @hayidann Yeaaayyy met mam enyaaak! Congrats udh mendaki gunung menuruni lembah revisian thesis akhirnya pecah telor juga lulus!!! ","1917167716160753847","","sunnysdayss","in","","0","1","0","https://x.com/undefined/status/1917167716160753847","1441568708",
"1917123900481438153","Tue Apr 29 10:42:48 +0000 2025","0","@Moonstuckss Sini by bayarannya harus bisa mencapai puncak gunung Antarctica yah","1917167680039370943","","Moonstuckss","in","","0","0","0","https://x.com/undefined/status/1917167680039370943","1670282584251863040",
"1917152233827037541","Tue Apr 29 10:41:50 +0000 2025","0","@niraswara_ Kayaknya ya soalnya aku nggak lihat lokasi yang kamu maksud. Tapi kalau kafe dengan view gunung kurasa itu masih di Candiroto Temanggung. Kalo Wonosobo ada kebun teh panama sikapuk hill pintu langit. Itu sejalur ke Dieng.","1917167434110501052","","niraswara_","in","","0","1","0","https://x.com/undefined/status/1917167434110501052","360488832",
"1917167236995055906","Tue Apr 29 10:41:03 +0000 2025","0","Baru saja menyaksikan jual beli gunung.. semoga jepeh.. wkwk","1917167236995055906","","","in","","0","0","0","https://x.com/undefined/status/1917167236995055906","1309863244522074114",
"1917167177851109697","Tue Apr 29 10:40:49 +0000 2025","0","Rasanys ingin ak mendaki gunung merapi lalu berteriak CALEB PULANGLAH KE AKUNKU . Lalu aku menggelinding seperti trenggiling dan membeli jagung bakar","1917167177851109697","","","in","","0","0","0","https://x.com/undefined/status/1917167177851109697","2913513986",
"1917167172239192297","Tue Apr 29 10:40:47 +0000 2025","0","Kagak.ada tempat lain kah refreshing sekali2 kek naik gunung gitu MOQEEL SEEKS A WAY #MOQEELatAGZEps148 #MOQEEL","1917167172239192297","","","in","","0","0","0","https://x.com/undefined/status/1917167172239192297","1856579385899528193",
"1917136535251828760","Tue Apr 29 10:40:34 +0000 2025","0","@diaquarious @harryvghn https://t.co/otxbZZxe0u ini ya","1917167117167919194","","diaquarious","in","","0","1","0","https://x.com/undefined/status/1917167117167919194","1097086019017396226",
"1917158875259932967","Tue Apr 29 10:37:44 +0000 2025","0","@zakiberkata Tahun 2016 aku di Bogor mengalami kekeringan mas sampai ngantri air beneran. Di Cicadas Gunung Putri.","1917166404291461321","","zakiberkata","in","","0","1","0","https://x.com/undefined/status/1917166404291461321","805030097413545984",
"1917166347345363014","Tue Apr 29 10:37:31 +0000 2025","0","gak mau ke gunung lagi gak mau. tapi vibes bintang di gunung itu beda banget. gantengnya nambah.","1917166347345363014","","","in","","0","0","0","https://x.com/undefined/status/1917166347345363014","1411701220570329090",
"1917164290630722025","Tue Apr 29 10:37:25 +0000 2025","0","Dari : Nuki Ini dari nuki air gunung Jangan bilang siapa-siapa tapi air ini punya cerita.. Ia lahir dari peluh awan menetes perlahan menyusup ke dalam tanah-tanah sunyi yang dijaga pohon dan batu. Ia menyimpan dingin pagi bisikan ranting dan jejak langkah kita yang https://t.co/h4OZtWhOkt","1917166321827291173","https://pbs.twimg.com/media/GpskmvobIAAmpk-.jpg","xoueijja","in","","0","0","0","https://x.com/undefined/status/1917166321827291173","1320921664931074048",
"1917166038720102738","Tue Apr 29 10:36:17 +0000 2025","1","Pelajar diselamat 2 kali dari gunung dalam seminggu https://t.co/p2dZrLR3lF","1917166038720102738","","","in","","0","0","0","https://x.com/undefined/status/1917166038720102738","822514562",
"1917166013600374993","Tue Apr 29 10:36:11 +0000 2025","0","Polsek Sawah Besar Respon Aduan Warga Soal Musik Bising di Gunung Sahari Kapolsubsektor Rajawali Iptu Budi Santoso bersama Bhabinkamtibmas Gunung Sahari Utara merespons cepat keluhan warga soal musik keras tengah malam di Jl. Gunung Sahari 12 Selasa (29/04). https://t.co/dQdxGgXt2w","1917166013600374993","https://pbs.twimg.com/media/GpskUxXa0AAr2DG.jpg","","in","","0","0","0","https://x.com/undefined/status/1917166013600374993","626213715",
"1917165977890099495","Tue Apr 29 10:36:03 +0000 2025","0","Pusing bngt bjirrr akhir bulan laporan kaya gunung","1917165977890099495","","","in","","0","0","0","https://x.com/undefined/status/1917165977890099495","369467013",
"1917165943513641033","Tue Apr 29 10:35:54 +0000 2025","0","Laaa awak yang kalut datang tanpa plan pastu nak bising cakap kedah tak ada apa‍ ada sawah sis view lawa gunung lawa sunset lawa na mampus !!! Kuey teow goreng kedah sedap gila ! Ada Wara sekali ","1917165943513641033","","","in","","0","0","0","https://x.com/undefined/status/1917165943513641033","959400390688034816",
"1917107883021373541","Tue Apr 29 10:35:07 +0000 2025","167","@tanyarlfes Gua anak pertama (pr) adek gua cowo. Kita cuma 2 bersaudara. Dia hobby naik gunung dari jaman SMA. Apa yg dia bilang waktu itu? Kak patungan beli jaket yuk. Harganya 300rb ini saya ada 50rb KOCAK KOCAK DARIMANA PATUNGANNYA. Abis jaket sepatu tenda perintilan naek gunung ","1917165746817491263","","tanyarlfes","in","","3","7","4","https://x.com/undefined/status/1917165746817491263","1380131790614978562",
"1917165583319327046","Tue Apr 29 10:34:28 +0000 2025","0","#Tol_Jagorawi Mulai Tanggal 29 April 2025 - 02 Mei 2025 di Gunung Putri KM 21+400 - KM 21+200 arah Jakarta ada pekerjaan perbaikan jalan (Rekonstruksi Rigid) di lajur 1-bahu luar/kiri harap berhati-hati.","1917165583319327046","","","in","","0","0","0","https://x.com/undefined/status/1917165583319327046","540625251",
"1917165235070443649","Tue Apr 29 10:33:05 +0000 2025","0","Jaga hati niat &amp; tujuanmu. lembah tebing hutan gunung yang senyap di Sulawesi tidak berarti tanpa penghuni. Salam lestari","1917165235070443649","","","in","","0","0","0","https://x.com/undefined/status/1917165235070443649","133180837",
"1917074410244280825","Tue Apr 29 10:32:59 +0000 2025","132","@Luqmanap_ Lata Mengkuang Sik Tasik Beris Sik Rock Village Sik Pantai Murni Yan. Gunung Jerai Yan Tree Top Walk Sedim Kulim Muzium Padi Alor Setar Lata Bayu Bayu Baling Pantai Merdeka KM Tanjung Dawai KM Sungai Merbok @SanusiMNor exco pelancongan gimme my money tlg promote dah ni","1917165206838612197","","Luqmanap_","in","","2","8","21","https://x.com/undefined/status/1917165206838612197","1634406742967869440",
"1917131937078194268","Tue Apr 29 10:32:44 +0000 2025","0","@reena1ssance Skrng girlgroup girlband Indonesia lg bersinar sih ada v1rst starbe glas up girls itu jg yg msh solid sampai kini blm lg ada Chika idol atau idolgroup lokal jejepangan yg lg naik daun blm lg yg anak anak spt Glitter yg jg bagus kualitasnya dan yg seniornya jg mulai turun gunung","1917165145505292469","","_tunggukiris_","in","","0","0","0","https://x.com/undefined/status/1917165145505292469","2483044213",
"1916907291359777172","Tue Apr 29 10:32:36 +0000 2025","1","@rres_mf Milkyway klo diatas gunung itu","1917165112739459577","","vallreev","in","","0","0","0","https://x.com/undefined/status/1917165112739459577","1106221548057223168",
"1917165059249520972","Tue Apr 29 10:32:23 +0000 2025","0","kapan yah bisa naik gunung ungaran","1917165059249520972","","","in","","0","1","0","https://x.com/undefined/status/1917165059249520972","2922793454",
"1915654619708948644","Tue Apr 29 10:30:50 +0000 2025","0","@hiimgorgeous_ @kafiradikalis @_adrafi @coklatvanilax Justru olahraga itu yg penting buat pemanasan sebelum naik gunung ka. Soalnya kemarin temen ngajakin naik gunung prau. Dia bawa pacarnya yg disuruh joging tipis2 aja gamau. Akhirnya kami yg kewalahan karena fisik pacarnya itu ga kuat. ","1917164668831019090","","cklat_manis","in","","0","1","0","https://x.com/undefined/status/1917164668831019090","1252555029036232707",
"1917146881366581461","Tue Apr 29 10:30:29 +0000 2025","0","@ecstasyayy iyaa semoga gunung duluu.. baru pelaminan","1917164578468954520","","emokambekkon","in","","0","0","0","https://x.com/undefined/status/1917164578468954520","1130577975487766528",
"1917164128411738185","Tue Apr 29 10:28:42 +0000 2025","0","Ketawa roh gunung","1917164128411738185","","","in","","0","0","0","https://x.com/undefined/status/1917164128411738185","598176317",
"1917014564530688297","Tue Apr 29 10:25:14 +0000 2025","0","@TokPerak8 Kebun Riffa mknan thai Big stone SP mkn jugak Gunung jerai Bakul cheh cha Muzium padi Kedah ni dia banyak tempat lepak2 nature family2 mcm tu. Hiburan ke dating ke kureng sikit.","1917163259444212021","","TokPerak8","in","","0","0","0","https://x.com/undefined/status/1917163259444212021","199682470",
"1917162193101177092","Tue Apr 29 10:22:31 +0000 2025","0","celana gunung sambung berkwalitas link : https://t.co/PbnaeXNPSF https://t.co/76kw7OClvE","1917162572257935794","https://pbs.twimg.com/media/GpshMmjawAAhv1k.jpg","coyquet","in","","0","1","0","https://x.com/undefined/status/1917162572257935794","4673819839",
"1917162424127656265","Tue Apr 29 10:21:55 +0000 2025","0","ke gunung kali ya cari ketenangan","1917162424127656265","","","in","","0","0","0","https://x.com/undefined/status/1917162424127656265","1568929012747223041",
"1917064646693163169","Tue Apr 29 10:19:53 +0000 2025","0","@pendakilawas gunung pungli","1917161909465563373","","pendakilawas","tl","","0","0","0","https://x.com/undefined/status/1917161909465563373","2506621872",
"1917146877474046210","Tue Apr 29 10:18:31 +0000 2025","0","@bulanrpw ikut yuk dek nanti kita naik gunung bersama terus mancing kepiting di tengah laut mau?","1917161566514160105","","bulanrpw","in","","0","1","0","https://x.com/undefined/status/1917161566514160105","1000813669368778752",
"1913925778322104523","Tue Apr 29 10:14:14 +0000 2025","0","@jlleonghan Yang membalas serigala gunung kidul kakak... Asal jangan Dora lainnya yang datang bersama monyet itu sebab diriku tak sanggup berhadapan dengan pertanyaan-pertanyaan tiada henti darinya. Kakak bersediakah menjadi wakil dalam petualangan ini? Hanya kakak yang mampu.","1917160487546134568","","kimsuncwoo","in","","0","1","0","https://x.com/undefined/status/1917160487546134568","717768846917001217",
"1917160374199337209","Tue Apr 29 10:13:46 +0000 2025","0","Pendaki Austria maut di Gunung Ama Dablam #MediaPermata #BeritaBrunei #AsiaPasifik #Pendaki #Austria #maut #di #GunungAmaDablam https://t.co/G4AB7xlz98 https://t.co/kc0tCU0aKz","1917160374199337209","https://pbs.twimg.com/media/GpsfMbMasAAhoYb.png","","in","","0","0","0","https://x.com/undefined/status/1917160374199337209","1060836139764838401",
"1917160315147682239","Tue Apr 29 10:13:32 +0000 2025","0","Tidak serik lelaki diselamatkan dua kali dalam seminggu di Gunung Fuji #MediaPermata #BeritaBrunei #AsiaPasifik #Tidakserik #lelaki #diselamatkan #duakali #dalamseminggu #di #GunungFuji https://t.co/vwCEsgoKCN https://t.co/DJJYpv7rV7","1917160315147682239","https://pbs.twimg.com/media/GpsfI9raMAA5G09.png","","in","","0","0","0","https://x.com/undefined/status/1917160315147682239","1060836139764838401",
"1917160176068727117","Tue Apr 29 10:12:59 +0000 2025","1","Gunung Bulusan meletus Filipina naikkan tahap amaran #MediaPermata #BeritaBrunei #ASEAN #GunungBulusan #meletus #Filipina #naikkan #tahap #amaran https://t.co/GtrAngpgxq https://t.co/NFmGHQ2xSo","1917160176068727117","https://pbs.twimg.com/media/GpsfAhdakAAaqSW.jpg","","in","","0","0","0","https://x.com/undefined/status/1917160176068727117","1060836139764838401",
"1917160167239749708","Tue Apr 29 10:12:57 +0000 2025","0","Barusan sekitar jam 16.55 di ring road utara perempatan Gejayan liat dua bus Gunung Harta dikavval oleh Emang boleh?","1917160167239749708","","","in","","0","0","0","https://x.com/undefined/status/1917160167239749708","8947942",
"1917159721234227487","Tue Apr 29 10:11:11 +0000 2025","0","Indahnya pesona wisata Indonesia tempat di mana keindahan alam dan kekayaan budaya bersatu! Dari pantai yang memukau hingga gunung yang megah Indonesia memang maha kaya akan destinasi wisata yang menakjubkan. #WisataIndonesia #KeindahanAlamIndonesia #PesonaIndonesia https://t.co/O6YKsgqhw2","1917159721234227487","https://pbs.twimg.com/amplify_video_thumb/1917159583174610944/img/wOlXfHwtB5JLMfXZ.jpg","","in","","0","0","0","https://x.com/undefined/status/1917159721234227487","383050472",
"1916778901235531905","Tue Apr 29 10:09:58 +0000 2025","0","@jelyjeyi WKWKW itu ada waktunya dah emang setauku di gunung gunung kiri atas gitu keknya","1917159417797361916","","jelyjeyi","in","","0","1","0","https://x.com/undefined/status/1917159417797361916","609872347",
"1917157699093139493","Tue Apr 29 10:09:45 +0000 2025","0","@elrahardjoo berteman dengan gunung macem penunggu ","1917159363208450414","","elrhrdjo","in","","0","1","0","https://x.com/undefined/status/1917159363208450414","1305324325323419648",
"1917014564530688297","Tue Apr 29 10:04:04 +0000 2025","0","@esenarx @TokPerak8 Xyah jd org kedah asalkn kita rakuat malaysia utk support mn2 industri pelancongan dlm negara ni ap oe sempit pya pemikiran tp kt kedah aku pernah la melancong ke lgkawi pekan rabu gunung jerai menara kedah bukit mok chun pon ada dropzone ke ap nama","1917157932543934729","","esenarx","in","","0","1","0","https://x.com/undefined/status/1917157932543934729","1225686437141417984",
"1917157859516879020","Tue Apr 29 10:03:48 +0000 2025","0","#Tol_Jagorawi Mulai Tanggal 29 April 2025 - 02 Mei 2025 di Gunung Putri KM 21+400 - KM 21+200 arah Jakarta ada pekerjaan perbaikan jalan (Rekonstruksi Rigid) di lajur 1-bahu luar/kiri harap berhati-hati.","1917157864394863001","","PTJASAMARGA","in","","0","0","0","https://x.com/undefined/status/1917157864394863001","540625251",
"1917114940466540731","Tue Apr 29 10:03:18 +0000 2025","0","@niscyala gengsinya segede gunung","1917157740109349008","","niscyala","in","","0","0","0","https://x.com/undefined/status/1917157740109349008","1704074367855128577",
"1917157590913728774","Tue Apr 29 10:02:43 +0000 2025","6","Membaca buku. Menulis buku. Menulis skrip film. Mendaki gunung. Hobi sekaligus profesi. https://t.co/zLfjFqH1ll","1917157590913728774","https://pbs.twimg.com/media/GpscpxsbEAAPewf.jpg","","in","","0","0","0","https://x.com/undefined/status/1917157590913728774","568054610",
"1917076996817097031","Tue Apr 29 10:01:01 +0000 2025","0","@negativisme Korupsi di lembaga tinggi seperti MA adalah pengkhianatan terhadap hukum itu sendiri. Reformasi sistem peradilan bukan pilihan tapi kebutuhan. Zarof cuma puncak gunung es.","1917157163627385093","","negativisme","in","","0","0","0","https://x.com/undefined/status/1917157163627385093","1104398813844758528",
"1917155285820752060","Tue Apr 29 09:59:09 +0000 2025","0","@mooienreussie Kurang Gunung Andong hehehehe. Tapi gpp yang penting masih di gunung","1917156692380553276","","mooienreussie","in","","0","1","0","https://x.com/undefined/status/1917156692380553276","977185026960850949",
"1917156452508274872","Tue Apr 29 09:58:11 +0000 2025","0","ya Allah mau naik gunung lg.. pdhl baru dua hari balik dr sana apakah sy fomo? atau mmg iniji narasa org2 jd sllu i explore gunung2 lain lg?","1917156452508274872","","","in","","0","1","0","https://x.com/undefined/status/1917156452508274872","1611684242127486978",
"1917156240997900741","Tue Apr 29 09:57:21 +0000 2025","0","Me version : naik gunung","1917156240997900741","","","in","","0","0","0","https://x.com/undefined/status/1917156240997900741","1349004396290519045",
"1917156237717962918","Tue Apr 29 09:57:20 +0000 2025","0","Cindy Monika Salurkan Bantuan Sembako untuk Korban Erupsi Gunung Marapi https://t.co/l1s5wNgn0V","1917156237717962918","","","in","","0","0","0","https://x.com/undefined/status/1917156237717962918","1449118865670111233",
"1917156084059635842","Tue Apr 29 09:56:44 +0000 2025","1","Pendampingan Merek Produk Unggulan Kemenkum Lampung Sasar Sentra Rotan Lampung Tengah Selengkapnya: https://t.co/tcfBvnV5vf #KementerianHukum #LayananHukumMakinMudah https://t.co/FnKa2zglLP","1917156084059635842","https://pbs.twimg.com/media/GpsbSmCbMAAnXrV.jpg","","in","","0","0","0","https://x.com/undefined/status/1917156084059635842","1455366611590778881",
"1913214749497798665","Tue Apr 29 09:56:00 +0000 2025","0","@rohyoonseo_o Air gunung aja kalah bening ya?","1917155902261723460","","rohyoonseo_o","in","","0","0","0","https://x.com/undefined/status/1917155902261723460","1883129847733772288",
"1916740857820008641","Tue Apr 29 09:54:33 +0000 2025","0","@DeningCarlo Sukabumi hawa nya lagi sumuk banget bli apa ada kaitan nya sama gunung gede ya","1917155535713194254","","DeningCarlo","in","","0","0","0","https://x.com/undefined/status/1917155535713194254","3013990686",
"1917014564530688297","Tue Apr 29 09:53:54 +0000 2025","1","@saifazamxiii Pi mekah niat bukan nak berjalan..niat nak beribadah.. akal ada ke? Takpe pa mekah takde mall pun. Aku tiap2 tahun balik kedah..takkan asyik nak pi gunung je? Dah la jam.","1917155371317445096","","saifazamxiii","in","","0","1","0","https://x.com/undefined/status/1917155371317445096","1137941636556525568",
"1917145935328821664","Tue Apr 29 09:53:08 +0000 2025","3","@MythiaVTuber manjat gunung di roblok","1917155177645379672","","MythiaVTuber","in","","0","0","0","https://x.com/undefined/status/1917155177645379672","1672350138910773249",
"1917155171228147912","Tue Apr 29 09:53:06 +0000 2025","1","Siap Hadirkan Layanan KI Bagi Masyarakat kemenkum Lampung Koordinasi Dengan Dinas Koperasi UKM Dan Perdagangan Gunung Sugih Selengkapnya: https://t.co/tcfBvnV5vf #KementerianHukum #LayananHukumMakinMudah https://t.co/ztlmNasde6","1917155171228147912","https://pbs.twimg.com/media/GpsadcEaAAA_2Wv.jpg","","in","","0","0","0","https://x.com/undefined/status/1917155171228147912","1455366611590778881",
"1917117268611469587","Tue Apr 29 09:52:50 +0000 2025","0","@bsyafaa0272 Wah keren ya mereka desanya juga deket sama Gunung Everest","1917155103225901342","","bsyafaa0272","in","","0","0","0","https://x.com/undefined/status/1917155103225901342","3666252916",
"1917155094128386118","Tue Apr 29 09:52:48 +0000 2025","1","Kalau surveynya sampai ke puncak gunung hasilnya 99 99% karena tambang emas juga diembat para tikus lokal regional dan nasional serta internasional. Pribumi cuma dapat sampahnya saja.","1917155094128386118","","","in","","0","0","0","https://x.com/undefined/status/1917155094128386118","1643961035995639813",
"1917150979998580973","Tue Apr 29 09:49:40 +0000 2025","0","@shespreitty Gunung apa itu?","1917154306308075563","","shespreitty","in","","0","1","0","https://x.com/undefined/status/1917154306308075563","1739265592534958080",
"1917153909233385856","Tue Apr 29 09:48:05 +0000 2025","0","Gengsi setinggi gunung eperes","1917153909233385856","","","in","","0","0","0","https://x.com/undefined/status/1917153909233385856","1548202840761704448",
"1917153860021600643","Tue Apr 29 09:47:53 +0000 2025","0","Pen naik gunung deh","1917153860021600643","","","in","","0","2","0","https://x.com/undefined/status/1917153860021600643","3293921790",
"1916772465939710094","Tue Apr 29 09:45:34 +0000 2025","3","@izsmin @Marchfoward Lombok ---Gili Trawangan Sembalun Gunung Rinjani Kuta Mandalika Senggigi..and many more. Banyak lokasi bisa di kunjungi di lombok wisata alam dan budaya..see you in paradise island my bro","1917153277470556214","","izsmin","in","","0","0","0","https://x.com/undefined/status/1917153277470556214","1603726834239123457",
"1916730391110783202","Tue Apr 29 09:43:16 +0000 2025","0","@DianSandiU @psi_id jadi inget one man one vote tapi parcok turun gunung lol","1917152696152527343","","DianSandiU","in","","0","0","0","https://x.com/undefined/status/1917152696152527343","137928327",
"1917150979998580973","Tue Apr 29 09:42:19 +0000 2025","0","@shespreitty gunung apatu","1917152456200585408","","shespreitty","in","","0","1","0","https://x.com/undefined/status/1917152456200585408","1770893254726488064",
"1917020213880754573","Tue Apr 29 09:41:07 +0000 2025","1","@AdindaZahrany07 Itu yang terdeteksi. Korupsi di RI ibarat Puncak Gunung Es yg terlihat hanya dipermukaan dibawah nya mungkin kali.lipat dari data yg ada","1917152155649315048","","senjakelam07","in","","0","0","0","https://x.com/undefined/status/1917152155649315048","1579386608910237697",
"1917152103362859514","Tue Apr 29 09:40:55 +0000 2025","0","3 Terdakwa Kasus Ladang https://t.co/U8zU4F28uJ https://t.co/kPwQydp0BQ","1917152103362859514","https://pbs.twimg.com/media/GpsXrboWcAASf6G.jpg","","in","","0","0","0","https://x.com/undefined/status/1917152103362859514","155169715",
"1917151622280667253","Tue Apr 29 09:39:00 +0000 2025","0","Mengenal Sejarah Gunung Berapi Purba Sudah Tahu Belum? https://t.co/LmW6Oeid5Q","1917151622280667253","","","in","","0","0","0","https://x.com/undefined/status/1917151622280667253","231355136",
"1917151615980875878","Tue Apr 29 09:38:58 +0000 2025","0","info gunung buat pemula","1917151615980875878","","","in","","0","0","0","https://x.com/undefined/status/1917151615980875878","1824789776714874880",
"1917151530685444469","Tue Apr 29 09:38:38 +0000 2025","0","Alor setar tu untuk peminat muzium sesuai la kalau nak sejuk2 pi naik gunung jerai. Nak rasa vibe macam dekat chiang mai pergi sik Tapi betullah tourism kedah memang gagal.","1917151530685444469","","","in","","0","0","0","https://x.com/undefined/status/1917151530685444469","2661457896",
"1916782403072524472","Tue Apr 29 09:37:54 +0000 2025","0","@songmiagi maunya makan ayam bumbu bang sama pizza yg meat lovers pinggirannya sosis dan toping mozarella yg bnyak lalu minumnya air mineral yg dari gunung everest ya","1917151346828202207","","Mienkui","in","","0","1","0","https://x.com/undefined/status/1917151346828202207","2758462763",
"1916805013705224347","Tue Apr 29 09:37:11 +0000 2025","0","@battagor_ @UGM_FESS naik gunung kembar termasuk ra bah?","1917151164497641891","","battagor_","in","","0","1","0","https://x.com/undefined/status/1917151164497641891","1100594507068784640",
"1917117268611469587","Tue Apr 29 09:37:10 +0000 2025","0","@bsyafaa0272 penakluk gunung tertinggi ya ngeri","1917151159942594601","","bsyafaa0272","in","","0","0","0","https://x.com/undefined/status/1917151159942594601","785205206350913536",
"1917150860502798431","Tue Apr 29 09:35:58 +0000 2025","0","Jalan-jalan makan makanan enak pergi liburan pergi ke pantai gunung atau ketempat yang belum pernah didatangin itu bukan suatu hal yang poya-poya kok bukan juga pemborosan.","1917150860502798431","","","in","","0","0","0","https://x.com/undefined/status/1917150860502798431","1614851063139688449",
"1917150470700937327","Tue Apr 29 09:34:27 +0000 2025","0","#Tol_Jagorawi Mulai Tanggal 29 April 2025 - 02 Mei 2025 di Gunung Putri KM 21+400 - KM 21+200 arah Jakarta ada pekerjaan perbaikan jalan (Rekonstruksi Rigid) di lajur 1-bahu luar/kiri harap berhati-hati.","1917150478129041627","","PTJASAMARGA","in","","0","0","0","https://x.com/undefined/status/1917150478129041627","540625251",
"1916771931732185268","Tue Apr 29 09:34:16 +0000 2025","1","@rendramaul @tanyarlfes Dua duanya sama sama seru. Tapi prefer gunung sekalian olahraga","1917150432289513899","","akubukangenz","in","","0","0","0","https://x.com/undefined/status/1917150432289513899","1274701741062107137",
"1917150104559210796","Tue Apr 29 09:32:58 +0000 2025","0","asal usul nama daerah Muntilan mount land karena banyak gunung kata thomas rafles mountland mountlan mountilan muntilan wkwkkwkwk","1917150104559210796","","","in","","0","0","0","https://x.com/undefined/status/1917150104559210796","1184347234067836928",
"1917150043959972163","Tue Apr 29 09:32:44 +0000 2025","0","16.15: #Tol_Jagorawi Mulai Tanggal 29 April 2025 - 02 Mei 2025 di Gunung Putri KM 21+400 - KM 21+200 arah Jakarta ada pekerjaan perbaikan jalan (Rekonstruksi Rigid) di lajur 1-bahu luar/kiri harap berhati-hati. @PTJASAMARGA https://t.co/bChcU5ZO3S","1917150043959972163","https://pbs.twimg.com/media/GpsVzhMa8AAVBTF.jpg","","in","","0","0","0","https://x.com/undefined/status/1917150043959972163","180696019",
"1917144292470243599","Tue Apr 29 09:31:53 +0000 2025","0","@irjam0001 eh 2010 juga Barca jalur darat ke Milan toh karena gunung meletus ","1917149833963704553","","irjam0001","in","","0","1","0","https://x.com/undefined/status/1917149833963704553","24481728",
"1917149566165766334","Tue Apr 29 09:30:50 +0000 2025","0","mic mic mic mic seimic ini adalah makhluk anomali penunggu blockchain encrypted. konon makhluk ini adalah penantang blockchain yang non-encrypted. tinggal di gunung bebatuan dan beukuran raksasa. makhluk ini sangat suka dengan privasi baginya privasi itu sangat penting. mic mic https://t.co/LtYkDY1X3U","1917149566165766334","https://pbs.twimg.com/media/GpsVGjFbgAAgL4G.jpg","","in","","0","0","0","https://x.com/undefined/status/1917149566165766334","143301428",
"1917149513078501439","Tue Apr 29 09:30:37 +0000 2025","3","Seorang pria asal China kembali mendaki Gunung Fuji untuk kedua kalinya setelah menyadari bahwa ponselnya tertinggal di gunung tersebut pada pendakian pertama. / #gunungfuji #china https://t.co/N1uSmJEeOd","1917149513078501439","","","in","","0","0","0","https://x.com/undefined/status/1917149513078501439","23343960",
"1917110342209179699","Tue Apr 29 09:30:15 +0000 2025","0","@deogakkaiwa Gunung es itu yg everest apa antartika? Gas kalo mau main ajak aku kak","1917149420086562842","","deogakkaiwa","in","","0","1","0","https://x.com/undefined/status/1917149420086562842","1066331893224767490",
"1917097721951031391","Tue Apr 29 09:29:36 +0000 2025","0","@Justtry101007 makhluk gunung mana pernah kena matahari siang org mengeram seharian di GUA /pwih pwih pwih","1917149255195881846","","Justtry101007","in","","0","1","0","https://x.com/undefined/status/1917149255195881846","1710320684931641344",
"1917149248132624733","Tue Apr 29 09:29:34 +0000 2025","1","ANTARESTAR Official - Celana Gunung Daftel Celana Gunung Panjang Outdoor Celana Gunung Pria Wanita Hiking Promo &amp; diskon Harga murah Cuma Rp 215.000 - Dapatkan di Shopee sekarang! https://t.co/VWmOFbrrfo #shopee #promo #celana https://t.co/fR0GQHplnd","1917149248132624733","https://pbs.twimg.com/media/GpsU5PbbwAA34kV.png","","in","","0","0","0","https://x.com/undefined/status/1917149248132624733","1752876821790781440",
"1917148756711239710","Tue Apr 29 09:27:37 +0000 2025","0","Tawarin apapun buat naik gunung!","1917148756711239710","","","in","","0","4","0","https://x.com/undefined/status/1917148756711239710","709613195980369920",
"1917087754145460420","Tue Apr 29 09:27:18 +0000 2025","11","@DCMKbase kalo detective boys 3 favorite ku itu: 1. yg profesor nemu peta harta Karun gt trus mereka berburu harta karun di gunung 2. yg mereka nyari jamur trus nanti ada yg kepencar di habitat beruang. abistu ada pembunuhan trus mitsuhiko sm ai ngasih clue pake jamur itu wkwkwk","1917148679523508623","","DCMKbase","in","","0","2","1","https://x.com/undefined/status/1917148679523508623","1192017570322214912",
"1917121119116534150","Tue Apr 29 09:26:03 +0000 2025","0","@BaseBDG yg rambutnya merah kyk kena abu vulkanik gunung erupsi siapa?","1917148362828349838","","BaseBDG","in","","0","0","0","https://x.com/undefined/status/1917148362828349838","1304352396097720321",
"1917122001858400353","Tue Apr 29 09:21:21 +0000 2025","0","@shabashashibisi @annisanadiah si pendaki gunung everest","1917147180391158054","","shabashashibisi","in","","0","0","0","https://x.com/undefined/status/1917147180391158054","197997573",
"1917146995552403474","Tue Apr 29 09:20:37 +0000 2025","0","Selasa Dini Hari Tujuh Kali Guguran Lava Pijar Teramati di Puncak Gunung Merapi https://t.co/x8FnFUuAFM","1917146995552403474","","","in","","0","0","0","https://x.com/undefined/status/1917146995552403474","541613750",
"1917146881366581461","Tue Apr 29 09:20:10 +0000 2025","0","eh ini ngelewatin gunung mulu ini disuruh muncak gunung apa muncak pelaminan ya?","1917146881366581461","","","in","","0","1","0","https://x.com/undefined/status/1917146881366581461","1130577975487766528",
"1917146363391098969","Tue Apr 29 09:18:06 +0000 2025","0","16.16 WIB #Kecelakaan_Surabaya_Gempol Gunung Sari KM 11+600 arah Waru ada kendaraan Traga dan Veloz di bahu luar/kiri dalam penanganan petugas.","1917146363391098969","","","in","","0","0","0","https://x.com/undefined/status/1917146363391098969","540625251",
"1917146317899677854","Tue Apr 29 09:17:55 +0000 2025","0","ttp dikerjain walau misuh2 dah sambil naik gunung","1917146317899677854","","","in","","0","0","0","https://x.com/undefined/status/1917146317899677854","417740000",
"1917146087670034832","Tue Apr 29 09:17:00 +0000 2025","0","hobi: melihat gunung. https://t.co/UktOpkkHOJ","1917146087670034832","https://pbs.twimg.com/ext_tw_video_thumb/1917146016157200384/pu/img/5BtqfrlCOV3NAqym.jpg","","in","","0","0","0","https://x.com/undefined/status/1917146087670034832","1134751967073333248",
"1917146015561551914","Tue Apr 29 09:16:43 +0000 2025","2","Canelo Ryan Garcia dan Naoya Inoue TURUN GUNUNG! Mei 2025 bakal jadi bulan paling panas dalam kalender olahraga. Gempuran laga-laga kelas dunia siap mengguncang ring tinju. Para raja kembali naik ring demi mempertahankan atau merebut tahta juara dunia. https://t.co/gtkucHTBzK","1917146015561551914","https://pbs.twimg.com/ext_tw_video_thumb/1917145872393285632/pu/img/06nS5azuuBUmEmOI.jpg","","in","","0","0","0","https://x.com/undefined/status/1917146015561551914","729309555486642176",
"1917146003330961792","Tue Apr 29 09:16:40 +0000 2025","0","Aku yg liat postingan akun Balai Taman Nasional Gunung Rinjani: tentara naik gunung dengan alasan patroli zero waste tapi di video keliatan geledah tenda. Negara sakit inii https://t.co/KVozf3H4G8","1917146003330961792","https://pbs.twimg.com/media/GpsSIC7aEAAxtSP.jpg","","in","","0","0","0","https://x.com/undefined/status/1917146003330961792","1139444744562495489",
"1917145891384996296","Tue Apr 29 09:16:14 +0000 2025","2","sepanjang jalan menuju kampus liat gunung merbabu sm telomoyo sebagus itu view dari bawah rasanya mau bgt muncak lagi huhu mana cuaca lg bagus bagusnyaaa","1917145891384996296","","","in","","0","1","0","https://x.com/undefined/status/1917145891384996296","1877641495836258304",
"1917131251687080318","Tue Apr 29 08:18:03 +0000 2025","0","Plis pengen makan enaaaaak Di gunung nggak ada ","1917131251687080318","","","in","","0","0","0","https://x.com/undefined/status/1917131251687080318","2881323757",
"1917090649633087635","Tue Apr 29 08:18:00 +0000 2025","0","@jsdailydose gini aja gue uda mikirnya bisa naik gunung bareng om om memang kadang susah ditebak https://t.co/WJZp7IFOMn","1917131240102367582","https://pbs.twimg.com/media/GpsEsyeagAA61z2.jpg","jsdailydose","in","","0","1","0","https://x.com/undefined/status/1917131240102367582","114657511",
"1917081639639023644","Tue Apr 29 08:17:13 +0000 2025","0","@tempodotco Matahari kembar di apit oleh gunung kembar.","1917131039857869144","","tempodotco","in","","0","0","0","https://x.com/undefined/status/1917131039857869144","1166145133248577536",
"1917130946547220643","Tue Apr 29 08:16:50 +0000 2025","14","pemandangan gunung fuji depan rumah https://t.co/3UR7lwElQR","1917130946547220643","https://pbs.twimg.com/media/GpsEblUb0AA0gay.jpg","","in","","1","4","0","https://x.com/undefined/status/1917130946547220643","1718986042903330816",
"1916771931732185268","Tue Apr 29 08:16:47 +0000 2025","0","@rendramaul @tanyarlfes Zzur pantai maaf aku tkut bgt ketemu hewan aneh (cacing lintah) di hutan pas naik gunung)):","1917130933834252292","","akubukangenz","in","","0","0","0","https://x.com/undefined/status/1917130933834252292","1425821785975496710",
"1917130819170361616","Tue Apr 29 08:16:20 +0000 2025","0","aaaa baru liat makasih yaa sekarang udah mendingan sih walau masih sesek dikit.. abis turun gunung kemaren tuh berasa banget seseknya semalem aja susah tidur ","1917130819170361616","","","in","","0","2","0","https://x.com/undefined/status/1917130819170361616","1877317856930705408",
"1917117268611469587","Tue Apr 29 08:14:52 +0000 2025","0","@bsyafaa0272 Oh iya ini suku yang penakluk gunung tertinggi di dunia suku sherpa","1917130448276521285","","bsyafaa0272","in","","0","0","0","https://x.com/undefined/status/1917130448276521285","1026714525360242688",
"1916999400376672720","Tue Apr 29 08:12:13 +0000 2025","0","@paracetamoods Rehabilitasi ke gunung Harta karun kak ","1917129783500308626","","paracetamoods","in","","0","1","0","https://x.com/undefined/status/1917129783500308626","244870580",
"1917090222019645518","Tue Apr 29 08:10:46 +0000 2025","0","@vjest999 di tangan gunung","1917129417467564111","","bladekibow","in","","0","0","0","https://x.com/undefined/status/1917129417467564111","1872121728064970752",
"1917129315306831884","Tue Apr 29 08:10:21 +0000 2025","0","Yang tak terkalahkan penguasa semua medan perang raja Castrum Kremnos dan reruntuhan pengrajin kereta perang takhta gunung mayat ayah kemenangan tiran kejayaan guntur yang menghancurkan bumi dan laut pelindung Amphoreus Titan Pertikaian Tombak Hukuman Langit Mydeimos.","1917129315306831884","","","in","","1","0","0","https://x.com/undefined/status/1917129315306831884","1321626971739103232",
"1917121089563689015","Tue Apr 29 08:06:39 +0000 2025","0","@griff1ndor Gapapa aku juga sering disewa kok lumayan naik gunung gratis modal awak sehat+alat sisane di cover https://t.co/Pxd400aora","1917128382732767402","https://pbs.twimg.com/media/GpsCGhsbEAIWz41.jpg","griff1ndor","in","","0","1","0","https://x.com/undefined/status/1917128382732767402","1128774880030150656",
"1916832311590465812","Tue Apr 29 08:06:16 +0000 2025","0","@tanyakanrl Nonton yang disini gunung disana gunung APASI LUPA JUDULNYA","1917128285290696816","","tanyakanrl","in","","0","1","0","https://x.com/undefined/status/1917128285290696816","1414211997571325952",
"1917128235625971973","Tue Apr 29 08:06:04 +0000 2025","0","kalian kalau sepatu gunung gitu team Arei atau Eiger?","1917128235625971973","","","in","","0","5","0","https://x.com/undefined/status/1917128235625971973","1106384238",
"1917127693612814623","Tue Apr 29 08:03:55 +0000 2025","0","hari ini knp panas bgt??? tp emg pagi tdi kelihatan 4 gunung dgn jelas dari rumah sih","1917127693612814623","","","in","","0","0","0","https://x.com/undefined/status/1917127693612814623","942697300412981248",
"1917127623081398409","Tue Apr 29 08:03:38 +0000 2025","0","ajak aku ke gunung plis","1917127623081398409","","","in","","0","0","0","https://x.com/undefined/status/1917127623081398409","1692161077038243840",
"1917127106011795929","Tue Apr 29 08:03:18 +0000 2025","0","@MDjancuk Halo @MDjancuk! Saya Grok dibuat oleh xAI. Cek cek kayaknya panggilan seru buat saya ya? Karena kamu mungkin dari Indonesia ini beberapa fakta seru: 1. Indonesia punya garis pantai terpanjang kedua di dunia lebih dari 54.000 km. 2. Negara ini punya 127 gunung berapi aktif ","1917127539602211066","","MDjancuk","in","","0","1","0","https://x.com/undefined/status/1917127539602211066","1720665183188922368",
"1917127339290595719","Tue Apr 29 08:02:30 +0000 2025","1","Tahun ni tahun melawat Kedah kot. Tiap tahun kitorang balik kg mesti pergi Tg Dawai Pantai Merdeka dengar baru ni area Gunung Jerai pun best. Sebelum pergi buat iternary or check tempat2 best dulu kat sana tinggal gerak je. Banyak tempat best.","1917127339290595719","","","in","","0","0","0","https://x.com/undefined/status/1917127339290595719","912050083",
"1917122310865358974","Tue Apr 29 08:02:25 +0000 2025","0","@arthemissv Masalahnya kalo aing mainnya ke gunung","1917127317153042728","","arthemissv","in","","0","0","0","https://x.com/undefined/status/1917127317153042728","1455329908104712192",
"1917127152128168213","Tue Apr 29 08:01:46 +0000 2025","0","hahahaaa keinginan naik gunung meningkat kembalii","1917127152128168213","","","in","","0","0","0","https://x.com/undefined/status/1917127152128168213","1089187182319783937",
"1917126720664301586","Tue Apr 29 08:00:03 +0000 2025","0","2 Jembatan Tertinggi di Eropa: Sellano di Italia dan Gunung Titlis di Swiss https://t.co/JPLonsOagp","1917126720664301586","","","in","","0","0","0","https://x.com/undefined/status/1917126720664301586","853782937782714368",
"1917094453711671521","Tue Apr 29 07:56:55 +0000 2025","0","@lovein_png owh yeahh mendaki gunung","1917125931216564242","","lovein_png","in","","0","0","0","https://x.com/undefined/status/1917125931216564242","1805149662661447680",
"1917116350264447056","Tue Apr 29 07:56:04 +0000 2025","0","@Madefffff Gaonok jedinge kan mbak ng gunung?? ","1917125717080560056","","Titiekfernandez","in","","0","1","0","https://x.com/undefined/status/1917125717080560056","1628285733042802688",
"1917125668686729232","Tue Apr 29 07:55:56 +0000 2025","0","celana ini bukan sekadar pakaian tapi pernyataan. Dirancang untuk medan tak terduga seolah tiap jahitannya disulam oleh angin gunung dan aroma tanah basah petualangan yang abadi. https://t.co/o9bSGWgHVu","1917125686302798070","https://pbs.twimg.com/media/Gpr_paDbEAQtxKY.jpg","lelanglawas","in","","0","0","0","https://x.com/undefined/status/1917125686302798070","2394073585",
"1917125668686729232","Tue Apr 29 07:55:52 +0000 2025","0","Diciptakan untuk para penjelajah urban dan penakluk punggung gunung K2 Extreme Mountain Outdoor Short ini bagaikan armor modern yang siap menemani langkah di batas dunia. Dengan palet biru tajam dan aksen kuning menyala seperti kilat di langit badai https://t.co/7kVj1Z2BGZ","1917125668686729232","https://pbs.twimg.com/media/Gpr_obtbEAI691B.jpg","","in","","0","1","0","https://x.com/undefined/status/1917125668686729232","2394073585",
"1916850148229132354","Tue Apr 29 07:55:15 +0000 2025","0","@kleponmaniz Kudus gunung sebelah ngendi iki?","1917125512880918580","","kleponmaniz","in","","0","0","0","https://x.com/undefined/status/1917125512880918580","389373151",
"1917125503917658248","Tue Apr 29 07:55:13 +0000 2025","0","Tau gitu mah tetep aja diatas gunung kalo dibawah lebih sakit","1917125503917658248","","","in","","0","0","0","https://x.com/undefined/status/1917125503917658248","1896492586124431360",
"1917125408807653471","Tue Apr 29 07:54:50 +0000 2025","1","setelah sekian purnama pengen naik gunung https://t.co/caIWDpf2GW","1917125408807653471","https://pbs.twimg.com/media/Gpr_ZHBbEAE19QR.jpg","","in","","0","0","0","https://x.com/undefined/status/1917125408807653471","2506725774",
"1917125383809602022","Tue Apr 29 07:54:44 +0000 2025","0","Ohh to earn money without any job ️️️ Even pesugihan pun mesti ke gunung kelud babi ngepet pun mesti ada yang jaga lilin Gada solusi lain selain bekerja ️ DAMN i hate reality in adulthood","1917125383809602022","","","in","","0","0","0","https://x.com/undefined/status/1917125383809602022","1720715084664823808",
"1916772465939710094","Tue Apr 29 07:50:46 +0000 2025","0","@98Acapan @Marchfoward Gunung Sahari bro ","1917124385015795912","","98Acapan","in","","0","0","0","https://x.com/undefined/status/1917124385015795912","50543859",
"1917095197726675006","Tue Apr 29 07:50:19 +0000 2025","0","@vitarinda Masih oleng eung. Hahaha. Di Gunung Batu Bandung sekarang mah.","1917124269991202980","","vitarinda","in","","0","0","0","https://x.com/undefined/status/1917124269991202980","1147288997531541504",
"1916874317637566562","Tue Apr 29 07:49:32 +0000 2025","0","@awesomeposted yang lebih konyol kakaknya ayah ku tuh dulu ga nikah nikah... terus ke orang pinter disuruh ambil tanah diatas gunung di kampung nya. alhasil pulkam cuman buat ambil tanah diatas gunung itu tengah malem nyatanya ga nikah nikah tuh baru nikah pas 2 tahun lalu dah","1917124075438412050","","0rgpulupulu","in","","0","0","0","https://x.com/undefined/status/1917124075438412050","1605345206832074752",
"1917122028836163813","Tue Apr 29 07:49:10 +0000 2025","0","@desseeert eperes aja atau gunung lain kek","1917123984136802519","","","in","","0","0","0","https://x.com/undefined/status/1917123984136802519","1079342605933064192",
"1916771931732185268","Tue Apr 29 07:48:06 +0000 2025","0","@rendramaul @tanyarlfes ke pantai aja kalo naik gunung aku ga kuat hawa dan udara dingin...","1917123711876141263","","akubukangenz","in","","0","0","0","https://x.com/undefined/status/1917123711876141263","1258067092999270400",
"1917123602161537150","Tue Apr 29 07:47:39 +0000 2025","0","TEMENKU STRESS APA GIMANA YA GUE DI SEMARANG BAWAH DISURUH KE GUNUNG PATI","1917123602161537150","","","in","","0","0","0","https://x.com/undefined/status/1917123602161537150","1118106065277579265",
"1917119814457561426","Tue Apr 29 07:47:29 +0000 2025","0","@constenery lagi tergila gila sama gunung roblok","1917123560147194152","","constenery","in","","0","0","0","https://x.com/undefined/status/1917123560147194152","1079342605933064192",
"1917123514710298879","Tue Apr 29 07:47:18 +0000 2025","19","Judulnya kelas inspirasi harapannya aku yg menginspirasi mereka MALAH aku yang terinspirasi Pertanyaannya: Bu kenapa gunung bisa meletus? Bu ibu kerjanya serem nanti kalo mati kena letusan gimana? Gajinya gede gak??? ","1917123514710298879","","","in","","1","2","0","https://x.com/undefined/status/1917123514710298879","48193820",
"1916597980926296161","Tue Apr 29 07:47:04 +0000 2025","0","@giaarto @y0bushid0 Itu kemungkinan Intare gorila gunung berusia 3 5 tahun ditandu oleh tim Gorilla Doctors di Rwanda. Pada 19 Januari 2025 Intare terluka karena jerat kawat di tangan kanannya. Tim dokter hewan membebaskannya merawat luka saat dia dibius lalu menandunya untuk bertemu kembali","1917123455776178278","","giaarto","in","","0","0","0","https://x.com/undefined/status/1917123455776178278","1720665183188922368",
"1917030980151636246","Tue Apr 29 07:46:14 +0000 2025","0","@ainamonilc gunung pati gas","1917123243431104692","","ainamonilc","tl","","0","0","0","https://x.com/undefined/status/1917123243431104692","739699896",
"1917122953222693367","Tue Apr 29 07:45:05 +0000 2025","1","geh! ada yang pernah naik gunung ratai? nyari temen nih F here","1917122953222693367","","","in","","0","11","0","https://x.com/undefined/status/1917122953222693367","976734429392470016",
"1917122560329973918","Tue Apr 29 07:43:31 +0000 2025","24","Cara main masih diajarin tuh gimana sih katanya udah 5 taun mendaki gunung lewati lembah","1917122560329973918","","","in","","0","1","0","https://x.com/undefined/status/1917122560329973918","1884551314874781696",
"1917119814457561426","Tue Apr 29 07:43:17 +0000 2025","0","@yourfuturedad_ naik gunung","1917122501601333561","","yourfuturedad_","in","","0","1","0","https://x.com/undefined/status/1917122501601333561","69220681",
"1917108874597040563","Tue Apr 29 07:42:50 +0000 2025","1","@Chico_Cahya @CryproTofan @hoteliercrypto Semuanya akan mati raja jatuh rakyat pergi Gunung runtuh laut mengering bintang pun redup nanti. Di kegelapan emas tak bersinar kertas tak bernilai Hanya hati yang kuat berjuang untuk hidup kembali.","1917122390058012696","","Chico_Cahya","in","","0","0","0","https://x.com/undefined/status/1917122390058012696","1720665183188922368",
"1917122372433490211","Tue Apr 29 07:42:46 +0000 2025","0","Mbah Bingah viral karena pungut sampah di Gunung Merbabu bukti nyata cinta lingkungan! Kita bisa ikut mulai dari rumah: pakai barang ramah lingkungan. Cek perlengkapan eco-friendly yang lagi diskon di Lazada! https://t.co/oG7nuElqN8 #ViralIndonesia #MbahBingah #LazadaAffiliate https://t.co/4ddOr91HLw","1917122372433490211","https://pbs.twimg.com/media/Gpr8o1mbEAM_BqI.jpg","","in","","0","0","0","https://x.com/undefined/status/1917122372433490211","1866316580365426688",
"1916772465939710094","Tue Apr 29 07:42:14 +0000 2025","1","@izsmin @Marchfoward Jogjakarta pak cik lengkap ada gunung pantai sungai budaya kuliner","1917122237699920290","","izsmin","in","","0","1","0","https://x.com/undefined/status/1917122237699920290","1266236569775554560",
"1917120676277981463","Tue Apr 29 07:41:45 +0000 2025","0","@xhseungmint turun gunung kaya abis pulang shopping yaaa ode ","1917122115553399063","","xhseungmint","in","","0","0","0","https://x.com/undefined/status/1917122115553399063","289826790",
"1916772465939710094","Tue Apr 29 07:41:44 +0000 2025","0","@98Acapan @Marchfoward Gunung kidul seafoodnya murah2 segar2 gacor bang","1917122113317835248","","98Acapan","in","","0","0","0","https://x.com/undefined/status/1917122113317835248","134382242",
"1917105785756389628","Tue Apr 29 07:41:40 +0000 2025","0","@pinkeukissy yg 3 belum aku nyalain beb di atas gunung (dalemnya)","1917122094204354603","","pinkeukissy","in","","0","1","0","https://x.com/undefined/status/1917122094204354603","1324579674761035776",
"1916772465939710094","Tue Apr 29 07:41:09 +0000 2025","3","@98Acapan @Marchfoward bisa dateng ke jogja pak cik di sana ada pantai gunung sungai mau wisata budaya dan kuliner juga bisa. Nasi padang dan bakso pun banyak","1917121964034195684","","98Acapan","in","","0","0","0","https://x.com/undefined/status/1917121964034195684","1266236569775554560",
"1917014564530688297","Tue Apr 29 07:41:05 +0000 2025","0","@TokPerak8 Pegi gunung jerai.. Bertapa sebulan dua.. Settle","1917121949752590645","","TokPerak8","in","","0","0","0","https://x.com/undefined/status/1917121949752590645","1615682351585202181",
"1916795280806043658","Tue Apr 29 07:40:00 +0000 2025","0","@somexthread lah selama ini naik gunung sekalian nyampah disana? agak laen ya","1917121675537322368","","somexthread","in","","0","0","0","https://x.com/undefined/status/1917121675537322368","1107669659841499136",
"1916772465939710094","Tue Apr 29 07:38:54 +0000 2025","2","@98Acapan @Marchfoward search magelang temanggung wonosobo banyak gunung","1917121397031403614","","98Acapan","in","","0","1","0","https://x.com/undefined/status/1917121397031403614","1348761936268193793",
"1917120754283630640","Tue Apr 29 07:36:20 +0000 2025","0","Saya menjual Sandal Gunung Anak Laki Laki Second Merk Carvil seharga Rp27.000. Ayo beli di Shopee! https://t.co/P4MHYuLL2Z","1917120754283630640","","","in","","0","0","0","https://x.com/undefined/status/1917120754283630640","1844783043250462720",
"1916772465939710094","Tue Apr 29 07:33:56 +0000 2025","0","@98Acapan @Marchfoward bali dan lombok ada gunung pantai danau sungai complete pokoknya ","1917120149142049079","","98Acapan","in","","0","0","0","https://x.com/undefined/status/1917120149142049079","69194372",
"1916772465939710094","Tue Apr 29 07:32:06 +0000 2025","0","@98Acapan @Marchfoward Padang then kampung nasi padang. Tempat nature pun banyak Bukittinggi Solok cari gunung atau Pasaman untuk pantai.","1917119687315624357","","98Acapan","in","","0","0","0","https://x.com/undefined/status/1917119687315624357","98526797",
"1916653843477352775","Tue Apr 29 07:31:13 +0000 2025","0","@worksfess Aku ada loker sales trainee (Manado Surabaya Lampung Medan Bandung Palu Purwokerto Bengkulu) dan intern telemarketing (Gunung Sahari Jakpus) Posisinya intern tapi ada opportunity jadi karyawan tetap yaa!! Boleh chat aku untuk tau lebih lanjutt guyss https://t.co/f0CAR2xctP","1917119465420165272","https://pbs.twimg.com/media/Gpr5_k8bEAEODgj.jpg","worksfess","in","","0","0","0","https://x.com/undefined/status/1917119465420165272","1266288388417585153",
"1916795280806043658","Tue Apr 29 07:30:15 +0000 2025","0","@iyung_ewok @somexthread Gunung Kembang Wonosobo.","1917119222997749791","","Iyunk_doppio","in","","0","0","0","https://x.com/undefined/status/1917119222997749791","375469942",
"1917118974363635738","Tue Apr 29 07:29:16 +0000 2025","15","Bokep NTR ceweknya ngga masuk akal ancir susu segede gunung krakatau","1917118974363635738","","","in","","0","4","1","https://x.com/undefined/status/1917118974363635738","1308256381871349760",
"1916771931732185268","Tue Apr 29 07:28:47 +0000 2025","0","@rendramaul @tanyarlfes Gunung mungkin","1917118851265007960","","akubukangenz","in","","0","0","0","https://x.com/undefined/status/1917118851265007960","1265890241392435202",
"1917067028600655914","Tue Apr 29 07:28:46 +0000 2025","91","@bohemianfleur puncaknya yg bikin gw eneg dia nunjukin disebelah sana ada gunung dua tp bukan gunung kembar berchococh#p ya anjg lgsg gw berhenti trs gw dislike dikomen gw bilang isi konten kamu bagus tp syg banyak ujaran2 sexist yg ga enak didengar skip bgt-","1917118848605864137","","aduhchun30","in","","0","1","0","https://x.com/undefined/status/1917118848605864137","1509063453717106691",
"1916684384976900482","Tue Apr 29 07:28:39 +0000 2025","0","@txtdrimedia Selanjutnya jd tersangka","1917118817874153978","","txtdrimedia","in","","0","0","0","https://x.com/undefined/status/1917118817874153978","1701624074877984768",
"1917098488464347637","Tue Apr 29 07:27:45 +0000 2025","4","@FansNerazzurri Lah gantian nih sama waktu 2010 Barca away ke Inter pake jalur darat akibat gunung meletus. Sama lagi semifinal. ","1917118594619740262","","FansNerazzurri","in","","0","0","0","https://x.com/undefined/status/1917118594619740262","89672027",
"1917106210618442164","Tue Apr 29 07:27:37 +0000 2025","0","@Hanif_AF Geser ke wilayah timur setelah Rwanda dan Burundi bisa jelajah ke Gunung Kilimanjaro di Tanzania.","1917118558733275370","","han_dycam","in","","0","0","0","https://x.com/undefined/status/1917118558733275370","424853859",
"1917098488464347637","Tue Apr 29 07:25:42 +0000 2025","2","@FansNerazzurri Ini kejadian kebalikan 2010. Saat gunung meletus Barca harus tambah jam penerbangan....","1917118076551893053","","FansNerazzurri","in","","0","0","0","https://x.com/undefined/status/1917118076551893053","1637729814114344960",
"1917117865515487386","Tue Apr 29 07:24:52 +0000 2025","0","Alhamdulillah sudah melaksanakan ibadah asah-asah rong gunung Akhir-akhir ini menumpuk cucian piring karena sekaline ngasahi klebusss wkwk kran e rodo ra well. #kode","1917117865515487386","","","in","","0","0","0","https://x.com/undefined/status/1917117865515487386","71734611",
"1917117659361251669","Tue Apr 29 07:24:02 +0000 2025","0","Minta saran gaes apakah saya harus cukur rambut 3 hari sebelum naik gunung?","1917117659361251669","","","in","","0","0","0","https://x.com/undefined/status/1917117659361251669","1499041523539021829",
"1917117293072683038","Tue Apr 29 07:22:35 +0000 2025","0","Nontonin story tetangga depan rumah yg pindah tugas ke Maluku Utara tiap pagi joging di gunung sorenya bisa berenang di laut aku iri","1917117293072683038","","","in","","0","0","0","https://x.com/undefined/status/1917117293072683038","379139224",
"1917117268611469587","Tue Apr 29 07:22:31 +0000 2025","0","Karena adaptasi alami mereka terhadap udara tipis Sherpa sering dipekerjakan sebagai pemandu atau porter oleh pendaki yang ingin menaklukkan Gunung Everest.","1917117276911972557","","bsyafaa0272","in","","0","1","0","https://x.com/undefined/status/1917117276911972557","1819992597903159296",
"1916795280806043658","Tue Apr 29 07:20:06 +0000 2025","0","@somexthread Rekomendasi gunung yang bersih d sampah doang? Maksimal 25kg pertahun.","1917116666598854996","","somexthread","in","","0","4","0","https://x.com/undefined/status/1917116666598854996","1661616957320466433",
"1917116350264447056","Tue Apr 29 07:18:50 +0000 2025","1","Jangan tanya aku kenapa gatau ng gunung aku wonge gampang kebelet ngising tapi gaisok ngising sak nggon² silitku picky","1917116350264447056","","","in","","0","3","0","https://x.com/undefined/status/1917116350264447056","1628285733042802688",
"1917116118889844879","Tue Apr 29 07:17:55 +0000 2025","1","guysss info dong kalo beli apple watch series 7 prelove 2 juta worth it ga ya? sama kira2 aman buat naik gunung atau gps","1917116118889844879","","","in","","0","0","0","https://x.com/undefined/status/1917116118889844879","1689221435636809728",
"1917115830397243565","Tue Apr 29 07:16:46 +0000 2025","6","Emang kalo day gaboleh naik gunung guys?","1917115830397243565","","","in","","0","8","0","https://x.com/undefined/status/1917115830397243565","1314446527029362689",
"1917115413730890243","Tue Apr 29 07:15:07 +0000 2025","0","Rakor persiapan penilaian KLA (Kota Layak Anak) Staff Urusan Keuangan (Ibu Herni Haryani) menghadiri kegiatan Rapat Koordinasi Persiapan Penilaian Kota Layak Anak (KLA) pada hari Selasa 22 April 2025 Pukul 12:30 WIB Bertempat di Ruangan Rapat Gunung Sangkur Setda Kota Banjar. https://t.co/4Xpz1HJUOX","1917115413730890243","https://pbs.twimg.com/media/Gpr2TRPbEAQE-Ie.jpg","","in","","0","0","0","https://x.com/undefined/status/1917115413730890243","3152176633",
"1917014564530688297","Tue Apr 29 07:13:29 +0000 2025","30","@TokPerak8 sis mcm xde google lak. org datang sepang tanya nak makan apa pun kami x reti jawab. balik2 mitsui. tengok kapal terbang. makan nasi ambeng.. sis boleh g makan makanan tradisional mereka. boleh g gunung jerai. boleh g menara loq staq. pusing tasik jitra. singgah pasar malam","1917115003959939512","","TokPerak8","in","","0","1","1","https://x.com/undefined/status/1917115003959939512","1427493140856930307",
"1917114885693153589","Tue Apr 29 07:13:01 +0000 2025","1","ngeliat baju lom di lipetin dan menumpuk kaya gunung gini kok bikin stress ya","1917114885693153589","","","in","","0","0","0","https://x.com/undefined/status/1917114885693153589","1443131637730926596",
"1917114704826126649","Tue Apr 29 07:12:18 +0000 2025","3","Firdaus Pendaki Asal Bogor Hilang di Gunung Binaiya Maluku #newsupdate #update #news #text https://t.co/cy0NUFytl3","1917114704826126649","","","in","","1","0","2","https://x.com/undefined/status/1917114704826126649","759692754985242625",
"1916781862321881466","Tue Apr 29 07:11:42 +0000 2025","0","@bsyafaa0272 Setiap gunung energi mistis nya emg kerasa banget","1917114551675588871","","bsyafaa0272","in","","0","0","0","https://x.com/undefined/status/1917114551675588871","816247050245263360",
"1916772465939710094","Tue Apr 29 07:04:34 +0000 2025","1","@98Acapan @Marchfoward Pantai gunung kidul paling rekomen ada bakso di wonogiri dan kalau belanja di jogja. Daerahnya berdekatan.","1917112758392467776","","98Acapan","in","","0","0","0","https://x.com/undefined/status/1917112758392467776","3088992973",
"1917112633024778501","Tue Apr 29 07:04:04 +0000 2025","0","unreal banget hari ini nugas dengan view gunung dan clear blue sky &lt;3","1917112633024778501","","","in","","0","0","0","https://x.com/undefined/status/1917112633024778501","1819622649385070592",
"1917112628096471393","Tue Apr 29 07:04:03 +0000 2025","0","kalo nanti gw naik gunung trs ketemu akamsi harus gw ajak foto2sih","1917112628096471393","","","in","","1","0","0","https://x.com/undefined/status/1917112628096471393","1647451455014719489",
"1917112593183105055","Tue Apr 29 07:03:55 +0000 2025","0","view gunung Sindoro pagi ini pukul 06.22 dari belakang rumah pemandangan seindah ini hanya bisa diliat saat memasuki bulan dingin https://t.co/Aappw8Zb0j","1917112593183105055","https://pbs.twimg.com/media/GprzvlnbEAYOUu7.jpg","","in","","0","0","0","https://x.com/undefined/status/1917112593183105055","1561966623115776000",
"1917101542181675059","Tue Apr 29 06:20:00 +0000 2025","0","Gunung Semeru erupsi dengan letusan setinggi 900 meter di atas puncak https://t.co/tLVL7lHz3L","1917101542181675059","","","in","","0","0","3","https://x.com/undefined/status/1917101542181675059","121640063",
"1917059779371188655","Tue Apr 29 06:19:23 +0000 2025","0","@__nicedream__ -yg kritis jago bikin puisi sesekali nulis di koran &amp; radio sama naik gunung. visi personal hidupnya jg gak megah di akhir hayatnya dia bilang kehidupan paling sebentar adalah yg paling menguntungkan dan saya hanya mau menghabiskan sisa hidup saya di sisi kamu sayangku ","1917101386556490210","","kabarberbisik","in","","0","1","0","https://x.com/undefined/status/1917101386556490210","469240183",
"1917101091914977493","Tue Apr 29 06:18:48 +0000 2025","0","lu kapan turun gunung dah a","1917101239705473399","","semenjanat","in","","0","0","0","https://x.com/undefined/status/1917101239705473399","1041955327",
"1917092647191384484","Tue Apr 29 06:18:01 +0000 2025","0","@JGWHON mau naik gunung ya?","1917101045588824523","","jockseong","in","","0","0","0","https://x.com/undefined/status/1917101045588824523","1852595357127225344",
"1916115590827123093","Tue Apr 29 06:17:07 +0000 2025","2","@intinyadeh #GakNgerokokCuy laki-laki. normal. umur 32. domisili Jogja dan sekitarnya. kesibukan: kerja baca buku nonton film nulis puisi mendaki gunung ngopi outdoor. hobi: ngocok. makasih. https://t.co/rVVpzuHnEP","1917100816546337218","https://pbs.twimg.com/media/GprpCBBasAA395n.jpg","intinyadeh","in","","0","0","0","https://x.com/undefined/status/1917100816546337218","1134117068",
"1917100711126700296","Tue Apr 29 06:16:42 +0000 2025","1","Alhamdulillah telah terlaksana dengan lancar acara Hiking yang diikuti oleh para santri dan asaatidz Kulliyatul Mu allimin Ibnu Abbas di Gunung Lawu https://t.co/tp8CdeWa34 https://t.co/MOO54nq6rD","1917100711126700296","https://pbs.twimg.com/amplify_video_thumb/1917100307613683714/img/hXDH58iAQB9t08Do.jpg","","in","","0","0","0","https://x.com/undefined/status/1917100711126700296","2925303030",
"1917100364303860208","Tue Apr 29 06:15:19 +0000 2025","1","Btw ini bneran bromo lg sepi apa dia nyewa se gunung yaa Kan H-6 lebaran itu kyaknya","1917100364303860208","","","in","","0","0","0","https://x.com/undefined/status/1917100364303860208","122265403",
"1917100342388658386","Tue Apr 29 06:15:14 +0000 2025","1","Tim SAR Cari Pendaki Asal Bogor yang Hilang di Gunung Binaya Maluku #BNetwork https://t.co/XdOYjUYjvb","1917100342388658386","","","in","","0","0","0","https://x.com/undefined/status/1917100342388658386","154102750",
"1917036113576833124","Tue Apr 29 06:14:49 +0000 2025","0","@ARSIPAJA Emang abis bertapa di gunung mana","1917100237644304634","","ARSIPAJA","in","","0","0","0","https://x.com/undefined/status/1917100237644304634","1704072464245125120",
"1916688668481540228","Tue Apr 29 06:14:35 +0000 2025","0","@Widino @straw__cherry Mas dino enak kan Magelang mas kl mau investasi buat hunian di Magelang biasa bantu mas sy ada beberapa lokasi yg cocok buat hunian strategis pemandangan gunung bisa inbok mas sy orang Mertoyudan Magelang Deket artos ","1917100179255398627","","Widino","in","","0","0","0","https://x.com/undefined/status/1917100179255398627","1414842910403563521",
"1917099796650987652","Tue Apr 29 06:13:04 +0000 2025","0","butuh rekomendasi service elektronik (kompor listrik) daerah seturann atau terdekatnya pls atau aga jauhan dkit gpp asal jgn gunung kidul","1917099796650987652","","","in","","0","0","0","https://x.com/undefined/status/1917099796650987652","1746168708865953792",
"1916908113082675388","Tue Apr 29 06:12:50 +0000 2025","0","@eavaluasi yg deket + ga begitu tinggi mdpl nya tdnya mau lgsg ke prau tp dipikir2 yg deket aja blm tentu boleh naik gunung gmn yg jauh","1917099738572501381","","eavaluasi","in","","0","1","0","https://x.com/undefined/status/1917099738572501381","1764204688403271680",
"1916818790408765716","Tue Apr 29 06:12:31 +0000 2025","0","@ToyotaID Aku mau nyobain naik gunung buat lihat sunrise dengan berkendara bersama GR Yaris medan menanjak bukan masalah demi abadikan momen sunrise pasti menyenangkan dengan performa powerfull terasa sporty #ToyotaGR #ItsGRTime @iznieocti @reeenooo96 @ferinstarrr","1917099657693725167","","ToyotaID","in","","0","0","0","https://x.com/undefined/status/1917099657693725167","1638782568178012160",
"1916771931732185268","Tue Apr 29 06:11:51 +0000 2025","0","@rendramaul @tanyarlfes Naik gunung dong","1917099493427974238","","akubukangenz","in","","0","0","0","https://x.com/undefined/status/1917099493427974238","1271001885600698368",
"1917099480455041358","Tue Apr 29 06:11:48 +0000 2025","0","Emang Punya Duit Buat mugar utang lagi nih 250t buat pemugaran gunung Padang DIRUWAT DULU PENTOLAN NYA TUH‍️‍️‍️‍️‍️‍️ https://t.co/JDcWQNAhPl","1917099480455041358","https://pbs.twimg.com/media/Gprnz-tbcAAZ4JV.jpg","","in","","0","0","0","https://x.com/undefined/status/1917099480455041358","970670063370977281",
"1917099302423564809","Tue Apr 29 06:11:06 +0000 2025","6","Kedah x da apa kak x payah la hidup sini klu x boleh bare dgn slow pace life org yg hidup sini smua nk mnikmati ktenangan je x de hiburan2 antara aktiviti org kedah: -go for hiking/joging -cycling di kaki gunung -ronda sawah/bendang -makan murah x da jem bosan tp tenang https://t.co/qZRAmzwJsM","1917099302423564809","https://pbs.twimg.com/media/GprnpK2akAA3mNf.jpg","","in","","0","1","1","https://x.com/undefined/status/1917099302423564809","579918728",
"1917077201218113899","Tue Apr 29 06:07:24 +0000 2025","6","@jawashitpost layar hijau. gak ada yg mau ngedit jadi gunung atau ruang lokalisasi?","1917098373695631648","","jawashitpost","in","","0","0","0","https://x.com/undefined/status/1917098373695631648","64116405",
"1917068556795285612","Tue Apr 29 06:07:19 +0000 2025","0","@ethernalprism dariku si anak gunung -dam","1917098350710817050","","cyanicdemonride","in","","0","1","0","https://x.com/undefined/status/1917098350710817050","1643578961145008131",
"1917097580665966820","Tue Apr 29 06:04:15 +0000 2025","0","Yuk ditake longcoat musim dinginnya bahan hangat bisa dipakai naik gunung/hiking/liburan ke bromo 150k dom jatim lgsg kirim hari ini https://t.co/7j6H701bJU","1917097580665966820","https://pbs.twimg.com/media/GprmFVXbEAAp4xj.jpg","","in","","1","0","0","https://x.com/undefined/status/1917097580665966820","1597368449444900864",
"1917097426676318603","Tue Apr 29 06:03:39 +0000 2025","8","appreciation post buat krucil krucil ini udah ikut main sama mamanya di gunung https://t.co/vxivdxNahV","1917097426676318603","https://pbs.twimg.com/media/Gprl8AgbEAQPvxJ.jpg","","in","","0","1","0","https://x.com/undefined/status/1917097426676318603","1349171002098413568",
"1916882903960863091","Tue Apr 29 06:03:37 +0000 2025","0","@JoySoftSpoken seruu di gunung kak","1917097418870735134","","JoySoftSpoken","in","","0","0","0","https://x.com/undefined/status/1917097418870735134","2244925596",
"1916824725512417544","Tue Apr 29 06:02:18 +0000 2025","0","@JrTalentTeam @JuniorGP Gunung Kidul is in Yogyakarta not Jakarta","1917097089261338628","","JrTalentTeam","in","","0","0","0","https://x.com/undefined/status/1917097089261338628","1496504017295265797",
"1917096517082747309","Tue Apr 29 06:00:02 +0000 2025","0","ya Allahhhh eneg bgt gue review kontrak segunung gunung gini","1917096517082747309","","","in","","0","0","0","https://x.com/undefined/status/1917096517082747309","1105704435626369024",
"1916795280806043658","Tue Apr 29 05:59:12 +0000 2025","0","@somexthread Yg naik gunung habit sampahnya buruk","1917096310047707257","","somexthread","in","","0","0","0","https://x.com/undefined/status/1917096310047707257","1209644431",
"1917095945713680537","Tue Apr 29 05:57:46 +0000 2025","0","yallah bm naik gunung bngt","1917095945713680537","","","in","","0","0","0","https://x.com/undefined/status/1917095945713680537","1818576668958887936",
"1917090889807368617","Tue Apr 29 05:55:02 +0000 2025","0","@vibesmingi cari gunung lu sendiri","1917095258925765049","","vibesmingi","in","","0","0","0","https://x.com/undefined/status/1917095258925765049","1277109391154483206",
"1917095088221786613","Tue Apr 29 05:54:21 +0000 2025","0","selamat dari ga belanja apa2 after lebaran ga selamat dari temen ngajakin tektok gunung belanja lagi gweh astaghfirullahhh","1917095088221786613","","","in","","0","0","0","https://x.com/undefined/status/1917095088221786613","2594066232",
"1917094915743617484","Tue Apr 29 05:53:40 +0000 2025","0","Operasi Bersih Gunung Gede Pangrango 2025 Kumpulkan 2 4 Ton Sampah https://t.co/xCVddX2hUa","1917094915743617484","","","in","","0","0","0","https://x.com/undefined/status/1917094915743617484","132078023",
"1917050408486535230","Tue Apr 29 05:53:30 +0000 2025","0","@notnuttttt jadi agen rahasia trus nyamar jadi anak SMA trus melakukan penyelidikan di gunung mistis","1917094875650232780","","notnuttttt","in","","0","0","0","https://x.com/undefined/status/1917094875650232780","1167378797609377797",
"1916795280806043658","Tue Apr 29 05:53:17 +0000 2025","0","@somexthread Mereka yang masih suka buang sampah dimana pun itu karna tabiatnya suka naik gunung suka alam sukanya doang cinta sih gak Ya gitu kalau cuman cari kesenangan pribadi yang penting happy sendiri ‍️","1917094818247020911","","somexthread","in","","0","0","0","https://x.com/undefined/status/1917094818247020911","1150024314978107392",
"1917088147240063330","Tue Apr 29 05:52:35 +0000 2025","0","@petuniacosmos LOH POSTNYA UNAVAILABLE?? Sama-sama Kuu kesayangan Sugi kesayangan mas Nene. Pokoknya aku wajib dokumentasi cinta kamu ke mereka yg lebih tinggi dari gunung Everest itu ","1917094644795773192","","petuniacosmos","in","","0","1","0","https://x.com/undefined/status/1917094644795773192","1275986049878028292",
"1917094364951810565","Tue Apr 29 05:51:29 +0000 2025","0","Gunung Batu Cinanjung Tanjungsari Sumedang","1917094364951810565","","","in","","0","0","0","https://x.com/undefined/status/1917094364951810565","1149708641987002368",
"1917074850788872683","Tue Apr 29 05:51:06 +0000 2025","0","@zowuiy @Sanasekala @limerenche @Ranwilantara Gunung gede","1917094270282174963","","zowuiy","in","","0","0","0","https://x.com/undefined/status/1917094270282174963","1442379907321843720",
"1916795280806043658","Tue Apr 29 05:50:28 +0000 2025","5","@somexthread Pernah naik k gunung gede sepanjang jalur pendakian full sampah sih slama anda mash melihat sampah brarti anda tidak tersesat ","1917094110454026667","","somexthread","in","","0","0","0","https://x.com/undefined/status/1917094110454026667","140427267",
"1917093885677081077","Tue Apr 29 05:49:34 +0000 2025","0","3 hari naik turun gunung tidar gila https://t.co/xnS4kO62nv","1917093885677081077","https://pbs.twimg.com/media/GpriumLbgAAnFxc.jpg","","in","","0","0","0","https://x.com/undefined/status/1917093885677081077","458025787",
"1917068153714315730","Tue Apr 29 05:49:26 +0000 2025","0","@PurbasariIma @DokterTifa Kebenaran sudah didepan mata ugm sudah mengkonfirmasi ada foto waktu mapala pak jokowi naik gunung juga ijazah sudah ditunjukan. Memang jika hati sudah hitam mata dan telinga akan gelap tidak mau menerima kebenaran.","1917093852479160486","","PurbasariIma","in","","0","5","0","https://x.com/undefined/status/1917093852479160486","1844649680271282176",
"1917093669842374716","Tue Apr 29 05:48:43 +0000 2025","0","Pendaki yang Hilang di Gunung Binaiya Maluku Hanya Bawa 3 Botol Air Minum dan Headlamp https://t.co/Xhpcr2dOgo","1917093669842374716","","","in","","0","0","0","https://x.com/undefined/status/1917093669842374716","1472817062900756487",
"1917093655732752411","Tue Apr 29 05:48:40 +0000 2025","0","Anjing banget ya klo yg sepupu sepupu pada naik gunung sedangkan diri ini masih gadibolehin hahaha mau nangis","1917093655732752411","","","in","","0","0","0","https://x.com/undefined/status/1917093655732752411","1561406306220916736",
"1917049513581416832","Tue Apr 29 05:48:16 +0000 2025","0","@riicnees ribet sumpah mana ngeluh mulu gada sinyal gada sinyal gada batre YA LU NGAREPIN APA ANJIR DI GUNUNG? ada mall? ada cafe?","1917093557183385712","","riicnees","in","","0","1","0","https://x.com/undefined/status/1917093557183385712","1892273119345455104",
"1917092908978868493","Tue Apr 29 05:45:42 +0000 2025","39","Fadli Zon Ingin Pugar Situs Gunung Padang Meski Tak Ada Gambaran Bentuk Aslinya https://t.co/ITsro1TRSJ","1917092908978868493","","","in","","0","1","7","https://x.com/undefined/status/1917092908978868493","79139422",
"1917092841639317875","Tue Apr 29 05:45:25 +0000 2025","0","d rill mendaki gunung ke gunung bjir lah","1917092841639317875","","","in","","0","0","0","https://x.com/undefined/status/1917092841639317875","1232231708591714309",
"1917092116586762446","Tue Apr 29 05:42:33 +0000 2025","0","trauma itu beneran nyata merbabu bener bener jd dealing sama diri sendiri. pendakian terakhir sblm merbabu rasanya terlalu sakit buat diinget. tp merbabu berhasil ngobatin semuanya. makasih ya Allah skrg aku mau naik gunung lagi mau liat lagi cantiknya semua ciptaanMu","1917092116586762446","","","in","","0","0","0","https://x.com/undefined/status/1917092116586762446","241583246",
"1917092110475661593","Tue Apr 29 05:42:31 +0000 2025","0","terdapat jiwa yang meronta pengin ke gunung / laut","1917092110475661593","","","in","","0","0","0","https://x.com/undefined/status/1917092110475661593","1424668408730116103",
"1916675912570990986","Tue Apr 29 05:41:29 +0000 2025","0","@pausdramaga @peterparkeu Nanjak dulu naik gunung ijen trus turun ke jurangnya buat liat blue fire turunnya mayan banget","1917091848549765525","","pausdramaga","in","","0","0","0","https://x.com/undefined/status/1917091848549765525","1695741662025383936",
"1917091598074319336","Tue Apr 29 05:40:29 +0000 2025","0","sekarang infp canggih kok udah update jadi bisa ngomong sama tumbuhan tanah batu gunung meteor pelangi","1917091598074319336","","","in","","0","0","0","https://x.com/undefined/status/1917091598074319336","1855979038134931456",
"1917091518965551527","Tue Apr 29 05:40:10 +0000 2025","0","bisa kali ya savings 50jt dari sekarang. jadi umur 30an bisa ke jawa healing naik gunung bm banget naik gunung","1917091518965551527","","","in","","0","0","0","https://x.com/undefined/status/1917091518965551527","1618127890868232192",
"1917091305576141304","Tue Apr 29 05:39:19 +0000 2025","0","Mau naik gunung tpi gamau cape gmn yah","1917091305576141304","","","in","","0","0","0","https://x.com/undefined/status/1917091305576141304","1891416474964918272",
"1917091205143531758","Tue Apr 29 05:38:55 +0000 2025","0","gua bertahun tahun ke gunung kidul belum pernah nemu ini ancir","1917091205143531758","","","in","","0","0","0","https://x.com/undefined/status/1917091205143531758","1586254252384849921",
"1917090889807368617","Tue Apr 29 05:37:40 +0000 2025","0","itukan gunung gueee udh keduluan didaki https://t.co/i4KKgFZfwa","1917090889807368617","https://pbs.twimg.com/media/Gprf_gmacAAUDPT.jpg","","in","","0","3","0","https://x.com/undefined/status/1917090889807368617","1277109391154483206",
"1917075159862907009","Tue Apr 29 05:37:28 +0000 2025","1","@FansNerazzurri Kebalik 2010 dlu gunung meletus menguntungkan Inter","1917090838162845847","","FansNerazzurri","in","","0","1","0","https://x.com/undefined/status/1917090838162845847","1075237366145544192",
"1917090145972719808","Tue Apr 29 05:36:55 +0000 2025","0","@luvatz anjing naik gunung","1917090701214683189","","luvatz","in","","0","1","0","https://x.com/undefined/status/1917090701214683189","1622452429857107969",
"1917090325732229517","Tue Apr 29 05:35:26 +0000 2025","0","Gunung terbanyak sampah di pulau jawa sih menurutku","1917090325732229517","","","in","","0","0","0","https://x.com/undefined/status/1917090325732229517","606340826",
"1917090142864515393","Tue Apr 29 05:34:42 +0000 2025","238","[bb] gesss saran sepatu sendal gunung gitu dongg yg ga bikin sakit dan affordable. maaciwww","1917090142864515393","","","in","","23","41","20","https://x.com/undefined/status/1917090142864515393","1239508341186916353",
"1917090049344344081","Tue Apr 29 05:34:20 +0000 2025","0","berharap dapet daerah lereng gunung padahal :)","1917090049344344081","","","in","","0","0","0","https://x.com/undefined/status/1917090049344344081","1370736010418561029",
"1917040916961132942","Tue Apr 29 05:34:04 +0000 2025","0","@naufal_iqsa utowo ning gunung kemukus belajar ilmu hitam. piye ??","1917089983497965788","","naufal_iqsa","in","","0","1","0","https://x.com/undefined/status/1917089983497965788","2378627714",
"1917044678324850777","Tue Apr 29 05:33:02 +0000 2025","0","@4tsertu lah emg gunung beneran","1917089723845316665","","4tsertu","in","","0","0","0","https://x.com/undefined/status/1917089723845316665","1493893453813784576",
"1917089526566224220","Tue Apr 29 05:32:15 +0000 2025","0","rekomendasi sandal tali wanita sendal platform wedges slip on jelly strap gunung sepatu hak mules high mini heels pretty adorable cute pink black mamba hitam white putih cream cokat earth tone murah","1917089526566224220","","","in","","0","0","0","https://x.com/undefined/status/1917089526566224220","1529063073629470721",
"1917089288036225507","Tue Apr 29 05:31:18 +0000 2025","0","Pendaki Asal Bogor Hilang di Jalur Nasapeha Gunung Binaya Ditutup Sementara https://t.co/Tw71JNVq4a","1917089288036225507","","","in","","0","0","0","https://x.com/undefined/status/1917089288036225507","1472817062900756487",
"1917089046452633720","Tue Apr 29 05:30:21 +0000 2025","0","Berikut kami sampaikan prakiraan cuaca di kawasan rawan bencana Gunung Marapi untuk hari Selasa 29 April 2025. Untuk informasi prakiraan cuaca per kecamatan bisa dilihat melalui aplikasi Info BMKG #infocuacasumbar #bmkgsumbar #infosumbar #infobmkg #infobencana #infomarapi https://t.co/scWlgNHokS","1917089046452633720","https://pbs.twimg.com/media/GpreUmzbwAAJl9c.jpg","","in","","0","0","0","https://x.com/undefined/status/1917089046452633720","1296032890552115200",
"1917088980958646595","Tue Apr 29 05:30:05 +0000 2025","0","Di sini ada yg suka mendaki gunung ga si?","1917088980958646595","","","in","","0","0","0","https://x.com/undefined/status/1917088980958646595","360488832",
"1917028016150208610","Tue Apr 29 05:11:00 +0000 2025","1","@yodreamforJJ cobain klo ak ke curug udh cape sih apalagi ke gunung gitu","1917084178849689699","","yodreamforJJ","in","","0","1","0","https://x.com/undefined/status/1917084178849689699","1903911971835305984",
"1917084164689695071","Tue Apr 29 05:10:57 +0000 2025","0"," Dan janganlah kamu berjalan di muka bumi ini dengan sombong. Sesungguhnya kamu sekali-kali tidak dapat menembus bumi dan kamu sekali-kali tidak akan sampai setinggi gunung. (Surah Al-Isra 17:37)","1917084164689695071","","","in","","0","0","0","https://x.com/undefined/status/1917084164689695071","1766329623212875776",
"1917005050662293976","Tue Apr 29 05:10:53 +0000 2025","0","@OAsantuy lumayan onty turun gunung dapet mobil buat pulang kerumah","1917084149548298482","","OASantuy","in","","0","1","0","https://x.com/undefined/status/1917084149548298482","1364061940033548292",
"1917083657753530812","Tue Apr 29 05:08:56 +0000 2025","39","PENDAKI PEREMPUAN TERSESAT Peringatan untuk para perempuan bila ingin naik gunung pastikan bersama dengan teman yang dapat di percaya tetap dalam 1 rombongan memiliki pengetahuan dasar survive di atas gunung dan jangan mudah percaya omongan orang lain yang tidak dikenal https://t.co/OhzKj3mCg3","1917083657753530812","https://pbs.twimg.com/ext_tw_video_thumb/1917083392560271364/pu/img/GDxb7floJOE7O3YF.jpg","","in","","0","5","4","https://x.com/undefined/status/1917083657753530812","1282751327588585473",
"1916913260160602543","Tue Apr 29 05:08:46 +0000 2025","0","@yolaaandita aku akan mendaki gunung lewati lembah","1917083617622397169","","yolaaandita","in","","0","0","0","https://x.com/undefined/status/1917083617622397169","1474079025911922689",
"1917072039753748496","Tue Apr 29 05:07:43 +0000 2025","0","@syam__________ mw tinggal di atas gunung","1917083351628058990","","mubabubae","in","","0","1","0","https://x.com/undefined/status/1917083351628058990","1320969180070330368",
"1917068576734998967","Tue Apr 29 05:05:10 +0000 2025","0","@Noiteamo Heleh lu naik gunung gunung boti palingan","1917082711195586956","","Noiteamo","in","","0","1","0","https://x.com/undefined/status/1917082711195586956","1671811863355744257",
"1917081807536984163","Tue Apr 29 05:01:35 +0000 2025","0","wkwkw gada serangan pagi ini. Dan intuisiku berkata bahwa aku menang tanpa ada serangan apapun karena keburu narsostok hancur duluan sebelum mendekatiku. Aku tak tersentuh. Aku seperti gunung kokoh tinggi tak tersentuh","1917081807536984163","","","in","","0","0","0","https://x.com/undefined/status/1917081807536984163","629009788",
"1917081760367841635","Tue Apr 29 05:01:23 +0000 2025","0","Ada yang jual sepeda gunung bekas ga harga 500-400 ukuran 26 daerah tangerang?","1917081760367841635","","","in","","0","0","0","https://x.com/undefined/status/1917081760367841635","1691645319145238529",
"1917068576734998967","Tue Apr 29 05:00:29 +0000 2025","1","@Noiteamo Diam. Mending lu latihan leg dulu biar naik gunung ga ngomel ngomel cape","1917081532931706940","","Noiteamo","in","","0","1","0","https://x.com/undefined/status/1917081532931706940","1671811863355744257",
"1916407228837343470","Tue Apr 29 04:57:54 +0000 2025","0","@mjsanss @MafiaWasit ARAH GUNUNG SINDUR INI YAH","1917080880658715119","","mjsanss","in","","0","0","0","https://x.com/undefined/status/1917080880658715119","1412224394131218438",
"1917059550827667918","Tue Apr 29 04:57:22 +0000 2025","0","@sa_phiera Naik gunung ngarung ke serayu diving karimun jawa","1917080748886310930","","sa_phiera","in","","0","1","0","https://x.com/undefined/status/1917080748886310930","255427010",
"1917008706933559584","Tue Apr 29 04:56:51 +0000 2025","1","@purpleline000 menatap terpaku gunung merbabu aku sama pacarku youngk mau","1917080616883122259","","purpleline000","in","","0","0","1","https://x.com/undefined/status/1917080616883122259","1465617836571709444",
"1917079756945952995","Tue Apr 29 04:53:26 +0000 2025","4","Bener aja baru melek dah ada masalah. Gunung es ini mah lama2.","1917079756945952995","","","in","","0","2","0","https://x.com/undefined/status/1917079756945952995","1098443446694567938",
"1916789134061871118","Tue Apr 29 04:53:24 +0000 2025","0","@kdrama_menfess 2 hari karna kepotong naek gunung wkwk","1917079748754161820","","kdrama_menfess","in","","0","0","0","https://x.com/undefined/status/1917079748754161820","1540681181309845504",
"1917079355320373618","Tue Apr 29 04:51:50 +0000 2025","0","kat kedah tu byk mknn sedap(kalau pndai cri ). as someone yg pernah duk loq staq mmg area sana xdak pa sgt mknn ja la yg syokk try pi makan mee udang area kuala kedah. nk best skit lajak pi perlis xpon gunung jerai. area sp pon byk gak mknn sedap. ok sekian","1917079355320373618","","","in","","0","0","0","https://x.com/undefined/status/1917079355320373618","137210998",
"1916772465939710094","Tue Apr 29 04:50:17 +0000 2025","0","@Marchfoward Sila melancong ke gunung Bromo Encik.","1917078964671287442","","Marchfoward","in","","0","0","0","https://x.com/undefined/status/1917078964671287442","138331907",
"1917078927690092576","Tue Apr 29 04:50:08 +0000 2025","2","Kegiatan sunrise trekking di Gunung Batur merupakan salah satu tempat terbaik menikmati matahari terbit dengan pemandangan 3 gunung yakni Gunung Abang Gunung Agung &amp; Gunung Rinjani membuat wisatawan memiliki experience untuk menyaksikan &amp; menikmati keindahan alam di Pulau Bali. https://t.co/NVivYZxZxB","1917078927690092576","https://pbs.twimg.com/ext_tw_video_thumb/1917078895037452290/pu/img/cRLftKfbCumcx49a.jpg","","in","","0","1","0","https://x.com/undefined/status/1917078927690092576","1199790732",
"1917078655915987257","Tue Apr 29 04:49:03 +0000 2025","0","Udah beli sandal baru yg lebih feminim trnyata tetep balik ke sendal gunung ","1917078655915987257","","","in","","0","0","0","https://x.com/undefined/status/1917078655915987257","1096737697001988096",
"1917076713554731270","Tue Apr 29 04:47:42 +0000 2025","4","@BWFScore Pair gunung hijau tambahkan kemenangan Jepang atas Perancis! https://t.co/BKnOhXMd0t","1917078315682107590","https://pbs.twimg.com/ext_tw_video_thumb/1917078078271918080/pu/img/mX7PzMnqromoMj_o.jpg","BWFScore","in","","0","0","0","https://x.com/undefined/status/1917078315682107590","1562814641658482688",
"1917077730149151133","Tue Apr 29 04:45:23 +0000 2025","0","fkep kyk di gunung dingin bgt","1917077730149151133","","","in","","0","1","0","https://x.com/undefined/status/1917077730149151133","1537687286472527872",
"1917077651409326462","Tue Apr 29 04:45:04 +0000 2025","1","Gunung Semeru Erupsi Letusan Capai 900 Meter ke Arah Barat https://t.co/MsGqjRzpb7","1917077651409326462","","","in","","0","0","0","https://x.com/undefined/status/1917077651409326462","154102750",
"1917076127522426956","Tue Apr 29 04:39:01 +0000 2025","8","Ahmad Luthfi Gubernur Jawa Tengah (Jateng) mengatakan bahwa rencana menjadikan Gunung Slamet sebagai Taman Nasional telah disampaikan ke pemerintah pusat. https://t.co/shXQ9cmqWT https://t.co/C3Ra02Jdbf","1917076127522426956","https://pbs.twimg.com/media/GprSlFGakAA2h3e.jpg","","in","","0","0","2","https://x.com/undefined/status/1917076127522426956","483310591",
"1917076049772614018","Tue Apr 29 04:38:42 +0000 2025","0","Saori mugino kok koyo jenenge koncone bapakku pak mugino wong gunung kidul","1917076049772614018","","","in","","0","0","0","https://x.com/undefined/status/1917076049772614018","166017830",
"1917074330363580726","Tue Apr 29 04:38:24 +0000 2025","0","@unsoedmfs depan masjid baitul makmur gunung muria","1917075972601598228","","unsoedmfs","in","","0","0","0","https://x.com/undefined/status/1917075972601598228","1736323631033270272",
"1917014564530688297","Tue Apr 29 04:38:08 +0000 2025","166","@TokPerak8 Ahaha bodoh laa kau..kat sini memang la xde disko2 nightclub kedai pendatang asing..kalau ko nk melwt tempat ape2 bnyk gunung jerai langkawi tasik pedu bnyk lagi laa tempat2 nature ni..buknya nak hadap mall mcm tempat lain je","1917075908214854047","","TokPerak8","in","","1","9","14","https://x.com/undefined/status/1917075908214854047","1845726904223252480",
"1917075475350098059","Tue Apr 29 04:36:25 +0000 2025","0","Detik-detik mencekam dialami seorang pendaki perempuan asal Nusa Tenggara Timur (NTT) saat mendaki Gunung Bulu Bialo Dusun Bontolojong Desa Ujung Bulu Kecamatan Rumbia Kabupaten Jeneponto Sulawesi Selatan baru-baru ini. https://t.co/4GmS1CaEwf","1917075475350098059","https://pbs.twimg.com/amplify_video_thumb/1917075225579261952/img/wXr85SFCsmVnH95h.jpg","","in","","0","0","0","https://x.com/undefined/status/1917075475350098059","1886311304702681088",
"1917048401126166721","Tue Apr 29 04:35:29 +0000 2025","0","@ryhn10_ gak pernah naik gunung ","1917075239957352877","","ryhn10_","in","","0","1","0","https://x.com/undefined/status/1917075239957352877","1376803439276007426",
"1917074957701681305","Tue Apr 29 04:34:22 +0000 2025","0","gunung jerai blh pi gurun ke","1917074957701681305","","","in","","0","0","0","https://x.com/undefined/status/1917074957701681305","70861418",
"1917070558321381448","Tue Apr 29 04:34:00 +0000 2025","0","@Ekseruu Hiking keknya masi oke deh tp klo kek mendaki gunung gtu gk dulu ","1917074866421043239","","Ekseruu","in","","0","1","0","https://x.com/undefined/status/1917074866421043239","1196401079442788352",
"1916795280806043658","Tue Apr 29 04:33:13 +0000 2025","0","@somexthread yuuuukkk bisa yuuukk yg ngakunya pecinta alam suka mendaki gunung bawa sampah kalian turun dong","1917074668470866194","","somexthread","in","","0","0","0","https://x.com/undefined/status/1917074668470866194","1604849765229166593",
"1917074346776138227","Tue Apr 29 04:31:56 +0000 2025","0","gunung soalnya belum pernah. i'd love to experience new things","1917074346776138227","","","in","","0","0","0","https://x.com/undefined/status/1917074346776138227","1680597460572577793",
"1917074199350481273","Tue Apr 29 04:31:21 +0000 2025","0","ya Allah aku mau liburan mau ke sawah mau ke pantai apa gue naik gunung aja","1917074199350481273","","","in","","0","2","0","https://x.com/undefined/status/1917074199350481273","2617779228",
"1917074086062395508","Tue Apr 29 04:30:54 +0000 2025","0","Kedah ada ; Langkawi Pantai Merdeka Gunung Jerai Gunung Bintang Gunung Keriang(Gua) Muzium Padi Muzium Kota Kuala Kedah Muzium Bandaraya Diraja &amp; Muzium Negeri Pekan Rabu Rumah Merdeka(Tunku) Rumah Mamak Bendahara(Madet) Masjid Zahir Galeri Sultan Abd Halim Titi Hayun Sg Sedim","1917074086062395508","","","in","","2","0","2","https://x.com/undefined/status/1917074086062395508","1626808437807157248",
"1917034075808010610","Tue Apr 29 04:29:13 +0000 2025","0","@istrihipsex gunung prau aja kk ‍️","1917073664467734976","","istrihipsex","in","","0","0","0","https://x.com/undefined/status/1917073664467734976","1380803707537793024",
"1917073515205038120","Tue Apr 29 04:28:38 +0000 2025","0","kalo mw ngajak ribut face to face aja anjir langsung dripada nyindir2 kayak taik cemen banget lo dasar ego se gede gunung himalaya","1917073515205038120","","","in","","0","0","0","https://x.com/undefined/status/1917073515205038120","1578895791988432896",
"1917073007459045481","Tue Apr 29 04:26:37 +0000 2025","0","Pendaki Gunung Lawu bertemu pria misterius yang tampak menggendong tuyul di jalur pendakian menciptakan suasana mencekam. https://t.co/cKRsohuTfG","1917073007459045481","","","in","","0","0","0","https://x.com/undefined/status/1917073007459045481","1404018642",
"1917072979659526221","Tue Apr 29 04:26:30 +0000 2025","0","Plis ajakin aku main ke gunung dong","1917072979659526221","","","in","","0","0","0","https://x.com/undefined/status/1917072979659526221","1702722771279814657",
"1916795280806043658","Tue Apr 29 04:25:52 +0000 2025","0","@somexthread Jadi yg katanya pencinta alam yg mendaki gunung itu nggak bener2x cinta alam ya?","1917072821563625915","","somexthread","in","","0","0","0","https://x.com/undefined/status/1917072821563625915","1135230576221274112",
"1916999400376672720","Tue Apr 29 04:24:11 +0000 2025","0","@memeunivrse Sekalian pesugihan gunung kemukus","1917072397955698957","","memeunivrse","in","","0","0","0","https://x.com/undefined/status/1917072397955698957","2962823539",
"1917072084704104524","Tue Apr 29 04:22:57 +0000 2025","0","selama ngerantau pantai mulu skrg gunung tp gaboleh hufffff","1917072084704104524","","","in","","0","0","0","https://x.com/undefined/status/1917072084704104524","1586281181502283776",
"1916795280806043658","Tue Apr 29 04:21:51 +0000 2025","7","@somexthread @SIR_Pribadi Para pendaki gunung mereka mengklaim pencinta alam tapi pernyataan tdk sesuai perbuatan. Mereka para pendaki yg tdk aware hanya bisa nyampah di gunung padahal sudah menikmati view gunung tapi uncare pd gunung.","1917071809838780619","","somexthread","in","","0","0","0","https://x.com/undefined/status/1917071809838780619","871202925581815808",
"1917066927362740413","Tue Apr 29 04:20:38 +0000 2025","0","@kkkd0p iya mup aku yg gamon makannya mau naik gunung ikut ga?","1917071502488572232","","kkkd0p","in","","0","1","0","https://x.com/undefined/status/1917071502488572232","1454656733758902279",
"1916795280806043658","Tue Apr 29 04:20:21 +0000 2025","4","@somexthread Gw hobby outdoor naik gunung mancing di laut dll jujur kalo gw join group dari yg middle low class mereka nyampah seenak jidat sampe vendornya pun nyampah pecinta alam tai kotokk","1917071433769095479","","somexthread","in","","0","0","1","https://x.com/undefined/status/1917071433769095479","1396496055982641152",
"1914967081298350147","Tue Apr 29 04:20:00 +0000 2025","0","@byeofn Plis Patty join demi Ncel? Enaknya kita pangkuan hadap ke Timur atau Utara? Takut pemandangannya gunung Merapi...","1917071343218266561","","byeofn","in","","0","0","0","https://x.com/undefined/status/1917071343218266561","2563447980",
"1917063603964006519","Tue Apr 29 04:19:41 +0000 2025","6","@qrivasi Rolsex = menggelundung menuruni gunung terus sampai di bawah beli jagung bakar.","1917071265875263549","","qrivasi","in","","0","0","0","https://x.com/undefined/status/1917071265875263549","1845634025328959488",
"1917071098228969876","Tue Apr 29 04:19:01 +0000 2025","0","Mak gw ga ada clue apa2 tbtb ngechat nanya ini gunung apa kak? ","1917071098228969876","","","in","","0","0","0","https://x.com/undefined/status/1917071098228969876","1161080561219207168",
"1917070902447247437","Tue Apr 29 04:18:15 +0000 2025","6","I just visited Kedah 2 weeks ago. WEHHHH THERES SO MANY THINGS TO DO??? You can visit Gunung Jerai dekat situ pun dah banyak benda ada and makan at many places with sawah bendang. Museums Oriental Village. Kau nak visit Kedah 2 bulan ke? Taaaaak kan?","1917070902447247437","","","in","","0","0","0","https://x.com/undefined/status/1917070902447247437","1244509096826384384",
"1916771931732185268","Tue Apr 29 04:17:54 +0000 2025","0","@rendramaul @tanyarlfes Beluum bisaa miliihh karenaa akupun jg maau tau rasanyaa naik gunung itu gimanaa","1917070814475899075","","akubukangenz","in","","0","0","0","https://x.com/undefined/status/1917070814475899075","1214489146372149248",
"1917065963679453545","Tue Apr 29 04:17:50 +0000 2025","0","@jojo_botak Iya Mas. Dlm perjuangan menolak pabrik semen di Gunung Sewu kita kompak &amp; bersatu dr berbagai latar belakang ormas politik hingga paguyuban. Smua dihimpun demi satu tujuan yg sama. Dan Laskar Tali Jiwo kita bentuk unk mengawal perjuangan Paguyuban Tali Jiwo (warga ring 1).","1917070800072675646","","jojo_botak","in","","0","0","0","https://x.com/undefined/status/1917070800072675646","1182194227",
"1916823749451518442","Tue Apr 29 04:13:54 +0000 2025","0","@anfess_ Jurus pedang pedangan di one piece paling aneh sih: 1. Tebasan pedangnya bisa motong gunung tapi pas jurus pamungkasnya ditebas ke manusia efeknya malah bikin pingsan doang bukan kepotong. 2. Tebasan buat objek yg sangat besar dan jaraknya sangat jauh ga logis banget","1917069810204393646","","anfess_","in","","0","0","0","https://x.com/undefined/status/1917069810204393646","1249176993062481920",
"1917032237188714998","Tue Apr 29 04:13:47 +0000 2025","0","@risolrebu5 Kalo deket gunung gini meskipun panasnya terik hawanya dingin atau tetep panas ya kak","1917069778050822651","","risolrebu5","in","","0","0","0","https://x.com/undefined/status/1917069778050822651","1177124818602229760",
"1917066873298194740","Tue Apr 29 04:13:40 +0000 2025","0","@windytsy_ Tadi di reels liat ada yang jatuh di gunung mu mirip kitu lemas.","1917069749424660652","","windytsy_","in","","0","1","0","https://x.com/undefined/status/1917069749424660652","329086002",
"1916286675745181771","Tue Apr 29 04:13:39 +0000 2025","0","@kehserasera woalah gapapa aku juga pernah kayak gitu. aku kemarin habis nginep sama teman-teman sekaligus main di kaki gunung!! makannya aku bisa foto-foto ituu heheheheh","1917069745750413782","","kehserasera","in","","0","0","0","https://x.com/undefined/status/1917069745750413782","1750819052753420288",
"1917069629199159410","Tue Apr 29 04:13:11 +0000 2025","0","PA Gunung Sugih Gelar Briefing Rutin untuk Tingkatkan Pelayanan Publik. Selengkapnya https://t.co/EcRUEbbPXH @Humas_MA @DitjenBadilag @pta_lampung @pemdalamteng #bestari #wbkwbbm #zonaintegritas https://t.co/S1k8guFe6J","1917069629199159410","https://pbs.twimg.com/media/GprMqQRbEAImTYS.jpg","","in","","0","0","0","https://x.com/undefined/status/1917069629199159410","1483008143953362946",
"1917005920258953233","Tue Apr 29 04:12:04 +0000 2025","28","@democrazymedia Sebetulnya rentetannya bisa dipahami dari Esemka dipesan 6000 ekonomi meroket 11000 T di kantongnya anak-anak tidak tertarik politik dll dll semua bohong dan puncaknya spt gunung es meleleh dimulai diduga ijazah UGM palsu dan akan menjalar semua kepalsuannya terungkap.","1917069346662453614","","democrazymedia","in","","1","1","1","https://x.com/undefined/status/1917069346662453614","1356592832581046274",
"1917068915014045776","Tue Apr 29 04:10:21 +0000 2025","0","Pantai. Aku blm pernah naik gunung sih","1917068915014045776","","","in","","0","0","0","https://x.com/undefined/status/1917068915014045776","2655435872",
"1917063178196029638","Tue Apr 29 04:10:14 +0000 2025","2","@NalarPolitik_ Sementara rakyat biasa jelata pinjol 500rb aje dikejar ampe lubang semut. Sementara petani nelayan ukm dll pny kredit di bank2 pemerintah aje tagihan seupil dikejar kejar sampe atas gunung. Moso yg utang BBM triliunan minta dibebaskan Makin aneh aja manajemen pemerintahan 08","1917068886274675082","","PaltiHutabarat","in","","0","0","2","https://x.com/undefined/status/1917068886274675082","772051172",
"1917068517133980124","Tue Apr 29 04:08:46 +0000 2025","2","Rock Village ada pdg besaq lajak sikit p perlis brgmbaq dkt 0km tu gunung jerai pun da lawa tasik jubli naik kuda nk lpak mlm2 boleh p area dpan masjid zahir ada cafe aesthetic kt pekan cina. P baling boleh jmpa aishah pak karim. Bodo ka search la google ka tiktok ka","1917068517133980124","","","in","","0","1","0","https://x.com/undefined/status/1917068517133980124","3113471798",
"1917068448578052567","Tue Apr 29 04:08:30 +0000 2025","1","naik gunung","1917068448578052567","","","in","","0","0","0","https://x.com/undefined/status/1917068448578052567","1857420762485055488",
"1906330106039091319","Tue Apr 29 03:48:50 +0000 2025","0","@sseolassi Makasih ya eonni hehehe ah padahal aku pengen banget tuh ikut eonni naik gunung. Sayang banget aku gak free ","1917063498808598900","","sseolassi","in","","0","1","0","https://x.com/undefined/status/1917063498808598900","976460681019928577",
"1917063200136388829","Tue Apr 29 03:47:38 +0000 2025","0","Seungcheol..ayo ke gunung kidul lagii disini kalo malam bintangnya cakep banget udaranya dingin kamu kan belom ke pantainyaaa","1917063200136388829","","","in","","0","0","0","https://x.com/undefined/status/1917063200136388829","1502654260852707330",
"1917062459019694209","Tue Apr 29 03:44:42 +0000 2025","0","22nya oke tp klo g mau capek tp rela panas²an ya pantai kalo suka tracking + suka adrenalin ya naik gunung and i open for both of it (tp naik gunung blm begitu pro karena jarang bngt naiknya)","1917062459019694209","","","in","","0","0","0","https://x.com/undefined/status/1917062459019694209","1679790210832535552",
"1917014564530688297","Tue Apr 29 03:44:33 +0000 2025","26","@TokPerak8 Pergi lah panjag gunung jerai","1917062421455499352","","TokPerak8","in","","0","0","0","https://x.com/undefined/status/1917062421455499352","1529040648875446272",
"1917062186394095740","Tue Apr 29 03:43:41 +0000 2025","3","2. Bayangkan: Lebih 80K tentera Komunis bergerak jauh beribu-ribu kilometer. Merentas gunung sungai padang pasir. Semua dalam keadaan lapar sakit dan sentiasa diburu musuh. Ini soal hidup atau mati. https://t.co/xpYtQsLsr7","1917062204500938912","https://pbs.twimg.com/media/GprF6eTbEAA4nWx.jpg","FakhryHarraz_","in","","0","1","0","https://x.com/undefined/status/1917062204500938912","1383896743973048321",
"1917017980443234665","Tue Apr 29 03:43:16 +0000 2025","0","@diamonmomon Iya sumpah nyesek banget waktu dia di curigai istrinya padahal yg ngebunuh itu adeknya.apalagi pas scene di gunung itu","1917062098758340816","","diamonmomon","in","","0","0","0","https://x.com/undefined/status/1917062098758340816","1449232753661145089",
"1917048401126166721","Tue Apr 29 03:39:37 +0000 2025","0","@Dearlyapril Anak gunung","1917061180234883416","","Dearlyapril","in","","0","1","0","https://x.com/undefined/status/1917061180234883416","4331818212",
"1917061169694793787","Tue Apr 29 03:39:34 +0000 2025","0","Naik gunung dong","1917061169694793787","","","in","","0","0","0","https://x.com/undefined/status/1917061169694793787","938690107",
"1917061064728187255","Tue Apr 29 03:39:09 +0000 2025","0","resmi menamatkan gunung everest (again) versi medium/normal https://t.co/zcnHBAnc41","1917061064728187255","https://pbs.twimg.com/media/GprE35JbEAYgSFF.jpg","","in","","0","0","0","https://x.com/undefined/status/1917061064728187255","1543460907845832704",
"1917060332234936385","Tue Apr 29 03:36:17 +0000 2025","2","ucapan Alhamdu lillah lebih besar dari pada gunung Uhud dan ucapan Alloohu akbar lebih besar dari pada gunung Uhud . [HR. Ibnu Abid Dunya Nasai Thabrani dan Al-Bazzar].","1917060340535464155","","IbamErmansyah","in","","0","0","1","https://x.com/undefined/status/1917060340535464155","1806701891772141569",
"1917060332234936385","Tue Apr 29 03:36:15 +0000 2025","2","Nabi SAW bersabda Kalian semua mampu . Mereka bertanya Ya Rasulullah bagaimana caranya ? . Beliau SAW bersabda Ucapan : Subhaanallooh lebih besar (pahalanya) dari pada gunung Uhud ucapan Laa ilaaha illallooh lebih besar dari pada gunung Uhud---","1917060334445380047","","IbamErmansyah","in","","0","1","1","https://x.com/undefined/status/1917060334445380047","1806701891772141569",
"1917060332234936385","Tue Apr 29 03:36:15 +0000 2025","6","Dari Imran bin Husain RA ia berkata : Rasulullah SAW bersabda Apakah seseorang diantara kalian setiap hari tdk mampu mengamalkan suatu amalan sebesar gunung Uhud ? . Para shahabat menjawab Ya Rasulullah siapa yg mampu melakukan amalan sebesar gunung Uhud setiap hari ? ---","1917060332234936385","","","in","","0","1","2","https://x.com/undefined/status/1917060332234936385","1806701891772141569",
"1917060255227514915","Tue Apr 29 03:35:56 +0000 2025","0","Zimple. Sbb tinggi dah tak boleh naikkan tapi ego boleh naik senaik gunung everest.","1917060255227514915","","","in","","0","0","0","https://x.com/undefined/status/1917060255227514915","92008606",
"1917060115603329104","Tue Apr 29 03:35:23 +0000 2025","0","Kaget tiba² ada tags yg naik ke puncak gunung pas dibuka otomotis bilang oouhh jelas aja wkwkkw","1917060115603329104","","","in","","0","1","0","https://x.com/undefined/status/1917060115603329104","385995439",
"1917060085706273243","Tue Apr 29 03:35:16 +0000 2025","0","hhhaa.. sesek napas.. tolong... tidak bisa bernapas.. ya gusti nu agung ganteng banget gunung yang ini.. ya tuhan ganteng banget.. choi san...","1917060085706273243","","","in","","0","0","0","https://x.com/undefined/status/1917060085706273243","1294229204700020736",
"1916880965953310801","Tue Apr 29 03:34:32 +0000 2025","0","@BU96ROWOON Badan lebih besar dari bapak minta di gendong bapak? Mau bapak mati terus kamu turun gunung bilang bapak saya hilang?","1917059901517660586","","nrowon","in","","0","1","0","https://x.com/undefined/status/1917059901517660586","891984581083095040",
"1917048573444907135","Tue Apr 29 03:32:05 +0000 2025","0","@lovehiking38 Hahahaha maksudnya diintip tp yaudah gpp deh Oalah sukabumi. Mayan adem. Enaknya klo pagi di gunung tu. Ga nyelekitt klo pas agak panas.","1917059286771110317","","lovehiking38","in","","0","1","0","https://x.com/undefined/status/1917059286771110317","1688757201274564609",
"1917054355196510436","Tue Apr 29 03:31:55 +0000 2025","0","@iLobauu hihihii makaci iaaa (ttd: dari yg blum pernah summit gunung)","1917059242433122779","","iLobauu","in","","0","0","0","https://x.com/undefined/status/1917059242433122779","3265572230",
"1917058940023513271","Tue Apr 29 03:30:43 +0000 2025","0","Kawasan hutan lingkar Gunung Merapi menyimpan berbagai sumber daya hayati yang potensial dikembangkan menjadi produk-produk yang bermanfaat luas. #Nusantara #AdadiKompas https://t.co/2Qk8PhQqyC","1917058940023513271","","","in","","0","0","0","https://x.com/undefined/status/1917058940023513271","79237556",
"1917058883186499969","Tue Apr 29 03:30:29 +0000 2025","31","Jends! menurut kalian buat orang yang kuliahnya di kampus blkg lebih baik nge kost di daerah jalan apa ya ? terutama buat sender yang kalo berangkat suka mepet. soalnya aku pen pindah kost tapi kost yg aku mau daerah gunung slamet sama sapphire apa gak kejauhan yh ? TIA","1917058883186499969","","","in","","2","16","0","https://x.com/undefined/status/1917058883186499969","1855834355165544448",
"1917058141247922222","Tue Apr 29 03:27:32 +0000 2025","0","11:27 Wita Situasi Terkini Di Seputar Jl. Gunung Nona Tetap tenang dan berkendaralah dengan aman! *AHY #CCTVDiskominfoMKS #lalinmks https://t.co/srR7vAaerF","1917058141247922222","https://pbs.twimg.com/amplify_video_thumb/1917058037845790720/img/sz4IhP06PGEOib5P.jpg","","in","","0","0","0","https://x.com/undefined/status/1917058141247922222","2476319472",
"1910305671787979045","Tue Apr 29 03:25:42 +0000 2025","1","dunia roblox turut berduka. rest in peace mbok yem meskipun in real life aku gaperna naik gunung :( https://t.co/u8kvQwl1Ac","1917057679652221176","https://pbs.twimg.com/media/GprBy6AaUAAyroJ.jpg","blossomszzz","in","","0","1","0","https://x.com/undefined/status/1917057679652221176","1396396033",
"1917057566120792468","Tue Apr 29 03:25:15 +0000 2025","0","Pantai. Aku ada masalah pernapasan jadi kalo naik ke gunung bakal engap.","1917057566120792468","","","in","","0","0","0","https://x.com/undefined/status/1917057566120792468","1797977565107474435",
"1917057300260413625","Tue Apr 29 03:24:12 +0000 2025","0","Kawasan hutan lingkar Gunung Merapi menyimpan berbagai sumber daya hayati yang potensial dikembangkan menjadi produk-produk yang bermanfaat luas. #Nusantara #AdadiKompas https://t.co/CjMiBjUoMp","1917057300260413625","","","in","","0","0","0","https://x.com/undefined/status/1917057300260413625","155456716",
"1917057028910157980","Tue Apr 29 03:23:07 +0000 2025","1","Pemakluman Kerja - Kerja Menaiktaraf Sistem Pemancar Radio FM serta Hebahan Gangguan Siaran &amp; Liputan di Stesen Pemancar TM Gunung Ledang Johor. Bermula pada 30 April 2025 dan dijangka akan selesai pada 10 Jun 2025. https://t.co/uOKBYG8r7y","1917057028910157980","https://pbs.twimg.com/media/GprBNTNboAAxFBZ.jpg","","in","","0","0","2","https://x.com/undefined/status/1917057028910157980","110660101",
"1917037612570640574","Tue Apr 29 03:22:33 +0000 2025","0","@unsoedmfs Cepet minggat lu nder sebelum ku buat gunung muria meledak","1917056887553724813","","unsoedmfs","in","","1","0","0","https://x.com/undefined/status/1917056887553724813","1606157710944194560",
"1917029210092409230","Tue Apr 29 03:19:07 +0000 2025","0","@Diamers_ Kalau sekarang gunung kak ","1917056024156242024","","Diamers_","in","","0","1","0","https://x.com/undefined/status/1917056024156242024","1576170269018042368",
"1916654762193486036","Tue Apr 29 03:17:57 +0000 2025","1","@damaz_james Efek gunung es ini lah yg terjadi krn selama ini aparat hukum mlakukan hal pembiaran akhirnya preman merajalela ada pejabat yg berhati tulus utk membangun tp mau di habis kan mrk hal yg serupa jg terjadi di transportasi kita preman selalu meminta uang korban nya para supir","1917055728927576329","","damaz_james","in","","0","0","0","https://x.com/undefined/status/1917055728927576329","1638212888572882944",
"1917055646123413775","Tue Apr 29 03:17:37 +0000 2025","0","Kawasan hutan lingkar Gunung Merapi menyimpan berbagai sumber daya hayati yang potensial dikembangkan menjadi produk-produk yang bermanfaat luas. #Nusantara #AdadiKompas https://t.co/C4vfSddjST","1917055646123413775","","","in","","0","0","0","https://x.com/undefined/status/1917055646123413775","255866913",
"1917055546420826444","Tue Apr 29 03:17:14 +0000 2025","0","member tnya kedah ada apa aku tktau nak ckp apa. takat langkawi gunung jerai yan. sbb nature","1917055546420826444","","","in","","0","0","0","https://x.com/undefined/status/1917055546420826444","749267341494460416",
"1917055073269780621","Tue Apr 29 03:15:21 +0000 2025","0","gunung jerai? sungai batu?","1917055073269780621","","","in","","0","0","0","https://x.com/undefined/status/1917055073269780621","231697074",
"1917054551204762081","Tue Apr 29 03:14:53 +0000 2025","0","3. Sendal gunung Eiger - size 39 (100.000 aja) https://t.co/Va8UQRlplf","1917054956349313468","https://pbs.twimg.com/media/Gpq_UVda0AAKxs0.jpg","perplexedpixieS","in","","0","0","0","https://x.com/undefined/status/1917054956349313468","936527946",
"1916544227938357636","Tue Apr 29 03:14:37 +0000 2025","1","@Ayong_ @IbamErmansyah Sebanyak2nya beramal kalo tiap hari berkurang sebesar gunung Uhud ya bangkrut jg","1917054890293268755","","Ayong_","in","","1","1","0","https://x.com/undefined/status/1917054890293268755","1522714222051921927",
"1917054551540306137","Tue Apr 29 03:13:16 +0000 2025","0","PA Gunung Sugih mengucapkan turut berduka cita atas wafatnya H. Thoha Ali bin Yahya bin Ali Ayah dari Anis Khoirunnisa https://t.co/xtVH8NXEAA. M.H. Kabag Umum dan Keuangan PTA Bandar Lampung). Semoga amal ibadahnya diterima disisi Nya. Aamiin. https://t.co/KMgeSFWQg6","1917054551540306137","https://pbs.twimg.com/media/Gpq-8TSbUAAtOje.jpg","","in","","0","0","0","https://x.com/undefined/status/1917054551540306137","1483008143953362946",
"1917032237188714998","Tue Apr 29 03:11:45 +0000 2025","0","@risolrebu5 Kek gunung fuji wkwk","1917054166624788933","","risolrebu5","in","","0","0","0","https://x.com/undefined/status/1917054166624788933","1052998281326784513",
"1917053452255191150","Tue Apr 29 03:10:20 +0000 2025","0","Kenapa Tanah Jonggol? Kenapa banyak orang cari tanah di Jonggol? Harga masih terjangkau Dekat rencana pengembangan kota baru Pemandangan alami (sawah gunung sungai) Akses gampang jalan raya nempel Harga tanah naik setiap tahun.","1917053813279842712","","bbsagragroup","in","","0","0","0","https://x.com/undefined/status/1917053813279842712","1504125644434997255",
"1917053590629453891","Tue Apr 29 03:09:27 +0000 2025","0","area yan nak ke gunung jerai ni","1917053590629453891","","","in","","0","0","0","https://x.com/undefined/status/1917053590629453891","1382743580721119243",
"1917053162852389143","Tue Apr 29 03:07:45 +0000 2025","37","Menteri Kebudayaan Fadli Zon ingin pugar situs Gunung Padang https://t.co/CJzJO1dUow","1917053162852389143","","","in","","0","1","9","https://x.com/undefined/status/1917053162852389143","79139422",
"1917053008082571363","Tue Apr 29 03:07:08 +0000 2025","36","Menteri Kebudayaan Fadli Zon melanjutkan kajian situs Gunung Padang dan rencanakan pemugaran. Penelitian akan dilakukan bersama BRIN. Sumber: detikjabar Dibagikan melalui Google app https://t.co/gW16Q1K4EA","1917053008082571363","","","in","","0","0","9","https://x.com/undefined/status/1917053008082571363","79139422",
"1916655442849370554","Tue Apr 29 03:06:44 +0000 2025","0","@Cekombak_7 Cari temen ke gunung merbabu","1917052905158508698","","Cekombak_7","in","","0","1","0","https://x.com/undefined/status/1917052905158508698","1624096337456422912",
"1917052459522134081","Tue Apr 29 03:04:58 +0000 2025","0","Personil Polsek Sibolga Sambas AIPTU Chandra Aritonang dan BRIPKA Hotasi Siahaan melaksanakan Pengamanan Keberangkatan Kapal Penumpang dari Pelabuhan Pelindo Sibolga Jalan Horas Sibolga dan Pelabuhan ASP Jalan KHA. Dahlan Sibolga menuju ke Pelabuhan Gunung Sitoli https://t.co/063ZUj2pTT","1917052459522134081","https://pbs.twimg.com/media/Gpq9C6QagAAnKGf.jpg","","in","","0","0","0","https://x.com/undefined/status/1917052459522134081","1877268118684446720",
"1917051991500722455","Tue Apr 29 03:03:06 +0000 2025","55","Tiba di Sumatera Barat pagi ini. Dalam perjalanan ke Bukit Tinggi mampir di Rumah Budaya @fadlizon di @aieangekcottage . Melihat pemandangan gunung Singgalang n Marapi. https://t.co/5DuBinvTR6","1917051991500722455","https://pbs.twimg.com/media/Gpq8m5-boAA68g1.jpg","","in","","0","3","11","https://x.com/undefined/status/1917051991500722455","79139422",
"1917040255607443940","Tue Apr 29 03:01:16 +0000 2025","0","@bunda_gowes Uuuhhh gunung mntaf","1917051529896595801","","bunda_gowes","in","","0","0","0","https://x.com/undefined/status/1917051529896595801","1415203610577620992",
"1917008062692659672","Tue Apr 29 03:00:18 +0000 2025","0","@The_RedsIndo @David_Ornstein Tante Linda sampai turun gunung wey dia rela nda belanja kancut baru demi perpanjang kontrak TAA","1917051284945047865","","The_RedsIndo","in","","0","0","0","https://x.com/undefined/status/1917051284945047865","1607201203917828098",
"1917051246675939570","Tue Apr 29 03:00:08 +0000 2025","0","Aktivitas Gunung Merapi Tinggi 30 Kali Guguran Lava dalam 24 Jam https://t.co/4JSDyHhuW2","1917051246675939570","","","in","","0","0","0","https://x.com/undefined/status/1917051246675939570","154102750",
"1917033720642781203","Tue Apr 29 02:59:43 +0000 2025","0","@smirnofckingu naik gunung","1917051139172012384","","smirnofckingu","in","","0","1","0","https://x.com/undefined/status/1917051139172012384","1256510218713718784",
"1917050796824498290","Tue Apr 29 02:59:06 +0000 2025","0","ke bajo dan menjelajah semua gunung","1917050983697494228","","meow____c","in","","0","0","0","https://x.com/undefined/status/1917050983697494228","1753021456244764672",
"1916565381365567752","Tue Apr 29 02:58:29 +0000 2025","0","@itsmendriik Ya ya semoga dapat jodoh setelah pulang dari gunung.. kan kemaren bersemedi di puncak","1917050827954655373","","itsmendriik","in","","0","1","0","https://x.com/undefined/status/1917050827954655373","1171835256267100160",
"1917038768273690856","Tue Apr 29 02:58:20 +0000 2025","0","@bernaryla digae depo nd gunung kawi ae cobaen mas","1917050793439711398","","bernaryla","in","","0","1","0","https://x.com/undefined/status/1917050793439711398","1551238836436365315",
"1916670201183211816","Tue Apr 29 02:57:47 +0000 2025","0","@convomf Lagi stress abis mendaki gunung everest di roblox","1917050655245799811","","convomf","in","","0","0","0","https://x.com/undefined/status/1917050655245799811","984320083345330176",
"1916836084970934590","Tue Apr 29 02:53:45 +0000 2025","0","@tanyarlfes naek gunung","1917049637648929093","","tanyarlfes","in","","0","0","0","https://x.com/undefined/status/1917049637648929093","1785701386681974784",
"1917049513581416832","Tue Apr 29 02:53:15 +0000 2025","0","sumpah gue gamau ngajakin lg adek kelas gue yg kemarin NGELUH MULU ANJ lu kalo gamau capek gamau becek gamau kotor JANGAN NAIK GUNUNG diem aja dikasur udh naik gunung tu gaada yg gacape sekalipun org itu udh sering tapi semua gada yg disebut cukup dirasa aja udh","1917049513581416832","","","in","","0","1","0","https://x.com/undefined/status/1917049513581416832","1892273119345455104",
"1917049182059479152","Tue Apr 29 02:51:56 +0000 2025","0","Kalau bisa naik gunung tapi gampang capek:)","1917049182059479152","","","in","","0","0","0","https://x.com/undefined/status/1917049182059479152","1564904240220639232",
"1916797993531105489","Tue Apr 29 02:50:24 +0000 2025","0","@OposisiCerdas Jika Purnawirawan TNI Turun Gunung itu Tanda nya Indonesia Tidak Baik-Baik saja Kawan.Indonesia Darurat #MakzulkanGibran","1917048795566948665","","OposisiCerdas","in","","0","0","0","https://x.com/undefined/status/1917048795566948665","1448065330606137350",
"1917048328807977266","Tue Apr 29 02:48:33 +0000 2025","0","Sudah seminggu https://t.co/F01tFD0RwD","1917048328807977266","https://pbs.twimg.com/media/Gpq5SvIacAEwdjv.jpg","","in","","0","0","0","https://x.com/undefined/status/1917048328807977266","1279605542546051073",
"1917048283454931432","Tue Apr 29 02:48:22 +0000 2025","0","Viral Netizen Dibikin Takjub Kehadiran Helikopter di Puncak Gunung Ungaran: Anak Sultan Mah Bebas https://t.co/QlE0ObGHGa","1917048283454931432","","","in","","0","0","0","https://x.com/undefined/status/1917048283454931432","1426591205089898503",
"1917047998586163277","Tue Apr 29 02:47:14 +0000 2025","0","Menguak Tabir Misteri Jejak Peradaban Megalitikum yang Tertinggal di Gunung Padang Cianjur #JabarTourism https://t.co/WwEihpjrJU https://t.co/nqh7swyFKR","1917047998586163277","https://pbs.twimg.com/media/Gpq4_XVbMAAA1HZ.png","","in","","0","0","0","https://x.com/undefined/status/1917047998586163277","1803644287621668864",
"1917046557545009324","Tue Apr 29 02:41:30 +0000 2025","0","Jingak https://t.co/ZwSWbhNzt3","1917046557545009324","https://pbs.twimg.com/media/Gpq3riRbEAIw14g.jpg","","in","","0","0","0","https://x.com/undefined/status/1917046557545009324","1279605542546051073",
"1917032326716117428","Tue Apr 29 02:40:30 +0000 2025","0","@uarmaihop Di puncak gunung seperti nya ","1917046302913007954","","uarmaihop","in","","0","0","0","https://x.com/undefined/status/1917046302913007954","46841238",
"1917045384331071851","Tue Apr 29 02:36:51 +0000 2025","0","udah pernah semua ngeri gue tiba2 mendaki gunung lewati lembah dan menyelamatkan bumi","1917045384331071851","","","in","","0","0","0","https://x.com/undefined/status/1917045384331071851","570533175",
"1916785993589641301","Tue Apr 29 02:14:36 +0000 2025","0","@ahmadsy42664191 @powvetic gua dri bekasi smpe bandung jam 12 siang pke jket yg buat naek gunung tebel bet tp panas bandung tuh cmn cubit di kulit doang woi panasnya kaya msh jam 8 di bekasi","1917039787187573171","","ahmadsy42664191","in","","0","0","0","https://x.com/undefined/status/1917039787187573171","1245973781157302272",
"1917039546455437719","Tue Apr 29 02:13:39 +0000 2025","0","hduh diajakin naik gunung tp sekarang lg dingin banget kalo malem takut hipo doang","1917039546455437719","","","in","","0","0","0","https://x.com/undefined/status/1917039546455437719","1752591141177012224",
"1917039309720588564","Tue Apr 29 02:12:42 +0000 2025","0","rekomendasi sandal tali wanita sendal platform wedges slip on jelly strap gunung sepatu hak mules flatshoes high mini heels pretty adorable cute pink black hitam white putih cream kuliah kerja sekolah idea ootd event shopee 5.5 event sale gratis ongkir a thread","1917039309720588564","","","in","","0","0","0","https://x.com/undefined/status/1917039309720588564","1647445172211572737",
"1917032237188714998","Tue Apr 29 02:12:30 +0000 2025","0","@risolrebu5 gunung semeru gagah ya cerah lagi","1917039255605678566","","risolrebu5","in","","0","1","0","https://x.com/undefined/status/1917039255605678566","1394281787036078081",
"1917039074768290081","Tue Apr 29 02:11:46 +0000 2025","0","pengen nyuci perlengkapan gunung tp takut ntar dicuri anak asrama hadehhh jemur dimana ya yg aman","1917039074768290081","","","in","","0","0","0","https://x.com/undefined/status/1917039074768290081","1550126877615931392",
"1917038910670275033","Tue Apr 29 02:11:07 +0000 2025","3","kirain naik gunung bakal bantu gw move on","1917038910670275033","","","in","","0","4","0","https://x.com/undefined/status/1917038910670275033","1048542853096386561",
"1917038906958286920","Tue Apr 29 02:11:06 +0000 2025","0","Yak juni-agustus menjadi wong gunung (kkn) wish me luck ","1917038906958286920","","","in","","0","0","0","https://x.com/undefined/status/1917038906958286920","818716884174393345",
"1916885195871211761","Tue Apr 29 02:08:49 +0000 2025","0","@naosirei Iya nak new convo saja. Pasti nanti jadi gunung lagi","1917038331462094891","","naosirei","in","","0","0","0","https://x.com/undefined/status/1917038331462094891","891984581083095040",
"1917004137293832569","Tue Apr 29 02:08:03 +0000 2025","1","@Usni_asnit Tebingnya di Deket gunung","1917038139186831861","","Usni_asnit","in","","0","0","0","https://x.com/undefined/status/1917038139186831861","1858453224157851648",
"1917012454959129004","Tue Apr 29 02:03:51 +0000 2025","0","@KompasTV Dapat ilmu digembleng wajib militer kocak juga sih suruh merayap nanjak gunung dan grosor grosor turun dari puncak gunung cara turunnya jangan jalan pakai kaki","1917037080968106057","","KompasTV","in","","0","0","0","https://x.com/undefined/status/1917037080968106057","1641653430518427648",
"1917036971555487946","Tue Apr 29 02:03:25 +0000 2025","0","Ga jadi ke dufan kita naik gunung aja","1917036971555487946","","","in","","0","0","0","https://x.com/undefined/status/1917036971555487946","1473304246149730306",
"1916851033138946181","Tue Apr 29 02:03:19 +0000 2025","2","@rizkidwika Coba liat prospek daerahnya. Klo terpencil yg naik turun gunung nyeberang sungai dan lembah tanpa opsi mutasi ya gak mau itu wajar. Klo prospektif misal di daerah tp masih di wilayah kota kabupaten yang ada aksesnya ya gw jabanin dg tekad merantau. Pulkam bisa ntar2 aja","1917036948109332571","","rizkidwika","in","","0","0","0","https://x.com/undefined/status/1917036948109332571","1295544231616868353",
"1917036513155813641","Tue Apr 29 02:01:36 +0000 2025","0","Gunung Dukono di Halmahera Utara Erupsi Pagi Ini https://t.co/AB6THJOpcH","1917036513155813641","","","in","","0","0","0","https://x.com/undefined/status/1917036513155813641","1426591205089898503",
"1917035952494792961","Tue Apr 29 01:59:22 +0000 2025","0","Dari yg chat seputar gunung jadi ghibahin song joong ki anjir. Random banget dah ","1917035952494792961","","","in","","0","0","0","https://x.com/undefined/status/1917035952494792961","1381986815926661125",
"1917035150560661946","Tue Apr 29 01:56:11 +0000 2025","0","aku emang ga pernah berekspektasi apa apa tentang kkn tapi tetep aja ga nyangka kalo dapet plotingan di gunung kidul","1917035150560661946","","","in","","0","0","0","https://x.com/undefined/status/1917035150560661946","1832934578123874305",
"1917035060051775899","Tue Apr 29 01:55:49 +0000 2025","0","naik gunung","1917035060051775899","","","in","","0","0","0","https://x.com/undefined/status/1917035060051775899","930237528946257920",
"1917034797064770045","Tue Apr 29 01:54:47 +0000 2025","0","gunung sumbing kalo meletus bunyinya gimana?","1917034797064770045","","","in","","0","0","0","https://x.com/undefined/status/1917034797064770045","1494361134602002432",
"1917033335710486896","Tue Apr 29 01:48:58 +0000 2025","25","anaknya dituduh merusak meja dan kursi seorang ibu harus mengeluarkan biaya senilai 200 untuk mengganti meja dan kursi tersebut di SDN 2 Pasir Tangkil Desa Pasir Tangkil Kecamatan Warung gunung Kabupaten Lebak. Ibu itu yang membawa meja dan kursi ke sekolah dengan berjalan https://t.co/BUE1pbnvBL","1917033335710486896","https://pbs.twimg.com/ext_tw_video_thumb/1917033290504278017/pu/img/DkjxnuRSfjJXyWri.jpg","","in","","0","10","12","https://x.com/undefined/status/1917033335710486896","1351138416088510467",
"1917033324956324318","Tue Apr 29 01:48:56 +0000 2025","3","Melihat para senior2 turun gunung dan berkomentar terhadap hal-hal yang receh.. Cuma satu hal yang Vica bilang ke mereka.. 'Maaf kak Vica duluan yah..' https://t.co/HdVyZ77d4H","1917033324956324318","https://pbs.twimg.com/media/GpqraOabEAAZOqP.jpg","","in","","0","1","1","https://x.com/undefined/status/1917033324956324318","819405694398963713",
"1917033293935218862","Tue Apr 29 01:48:48 +0000 2025","0","Cek GUIRENNIAO - Sandal Pria Wanita Olahraga Sandal Anak Laki laki Sepatu Pria Pasangan Unisex Casual Sandal Gunung Pria Wanita dengan harga Rp35.500. Dapatkan di Shopee sekarang! https://t.co/SC0XgjKeqo https://t.co/fQBClIh9Vd","1917033293935218862","https://pbs.twimg.com/media/GpqrniibkAA4cyT.jpg","","in","","0","0","0","https://x.com/undefined/status/1917033293935218862","828658652420599811",
"1917025748260643252","Tue Apr 29 01:21:15 +0000 2025","0","pict 2 : curug omas &gt; tahura pict 3 : upas hill &gt; gunung tangkuban parahu pict 4 : monumen perjuangan rakyat jabar","1917026358850687379","","stuntingallov","in","","0","0","0","https://x.com/undefined/status/1917026358850687379","1901186580481806336",
"1916996154275074397","Tue Apr 29 01:20:30 +0000 2025","0","@enyoyya seger bgt dh bjir stress dikit lngsung refreshing liat gunung #mengiri","1917026172464205964","","enyoyya","in","","0","1","0","https://x.com/undefined/status/1917026172464205964","1778668965256114176",
"1917025927588155819","Tue Apr 29 01:19:32 +0000 2025","2","pengen naik gunung cok","1917025927588155819","","","in","","0","2","0","https://x.com/undefined/status/1917025927588155819","1501523161891807240",
"1917025860382822727","Tue Apr 29 01:19:16 +0000 2025","0","pengen naik gunung dah","1917025860382822727","","","in","","0","0","0","https://x.com/undefined/status/1917025860382822727","1812579721227755521",
"1916803041111707866","Tue Apr 29 01:19:01 +0000 2025","0","@Muhikhsan52 Gw dulu punya eiger. Tp gak gw pake buat naek gunung. Gak percaya ama durabilitasnya. Cukup jd sepatu sehari2 aja. Kayak anak skena epruv pake sepatu salome. ","1917025799871553690","","Muhikhsan52","in","","0","1","0","https://x.com/undefined/status/1917025799871553690","419213859",
"1917023985218601433","Tue Apr 29 01:11:49 +0000 2025","3","Yg pertama nikah sama pertapa gunung. Yang kedua nikah sama circle duda laut berbadan kekar. https://t.co/5J7QhyPlxk","1917023985218601433","https://pbs.twimg.com/media/GpqjJSRaIAE-rFT.jpg","","in","","0","0","0","https://x.com/undefined/status/1917023985218601433","1848909115487358978",
"1917023576542282143","Tue Apr 29 01:10:11 +0000 2025","0","Kelewatan itu menganggap melihat Alloh sperti gunung cahaya matahari bulan bintang besar ini itu Kita hanya boleh menceritakan apa yang di quran saja bukan temuan sendiri","1917023576542282143","","","in","","0","0","0","https://x.com/undefined/status/1917023576542282143","1720626823602561026",
"1916123640913089011","Tue Apr 29 01:10:00 +0000 2025","0","@NenkMonica Kakak ketua sebaiknya sudahlah tangani proyek proyek keamanan Swasta dan sipil selagi nama kakak ketua masih eksis ingat umur ketika kita sampai di puncak gunung ingatlah kita juga harus turun jangan sampai kakak ketua tidak bisa turun dan harus di tandu baru bisa turun","1917023529956217120","","NenkMonica","in","","0","0","0","https://x.com/undefined/status/1917023529956217120","1494689334360178688",
"1917022704823373985","Tue Apr 29 01:06:44 +0000 2025","8","berangkat kerja jalanan lengang cuaca cerah sejuk sepanjang jalan bisa liat gunung. nikmat kaya gini kadang luput untuk disyukuri","1917022704823373985","","","in","","0","3","0","https://x.com/undefined/status/1917022704823373985","1754744180528861184",
"1917022681008116088","Tue Apr 29 01:06:38 +0000 2025","0",":: Next project jebol gunung ya ","1917022681008116088","","","tl","","0","0","0","https://x.com/undefined/status/1917022681008116088","1757201543332560896",
"1916996154275074397","Tue Apr 29 01:06:21 +0000 2025","0","@enyoyya woyy bagus bangettt itu gunung apaa","1917022610610917546","","enyoyya","in","","0","1","0","https://x.com/undefined/status/1917022610610917546","1740104342072623104",
"1917022523168067800","Tue Apr 29 01:06:00 +0000 2025","0","08.05 WIB #Tol_Surabaya_Gempol Dupak - Waru - Sidoarjo - Gempol LANCAR. ; Gunung Sari KM 12 - Putat Gede KM 09+400 PADAT ada penanganan kendaraan Colt Diesel patah as roda di lajur 2/tengah.","1917022523168067800","","","in","","0","0","0","https://x.com/undefined/status/1917022523168067800","540625251",
"1916698111751446567","Tue Apr 29 01:05:59 +0000 2025","1","@sonagies dia jg nuntun sepeda sama mau naik gunung kemana sih gasampe sampe","1917022516553650442","","sonagies","in","","0","0","0","https://x.com/undefined/status/1917022516553650442","1540611640692903936",
"1916996923787297040","Tue Apr 29 01:05:52 +0000 2025","0","@anoaberak Pika udh turun gunung?","1917022489571664202","","anoaberak","in","","0","1","0","https://x.com/undefined/status/1917022489571664202","1273213802486489088",
"1916846397418270866","Tue Apr 29 01:05:04 +0000 2025","0","@jaesxc Bisa buat naik gunung juga ya ini kak?","1917022286428934552","","jaesxc","in","","0","0","0","https://x.com/undefined/status/1917022286428934552","1009642763241918464",
"1917020184302522660","Tue Apr 29 00:56:43 +0000 2025","2","Dulu langkahku ringan menembus jalur pendakian mengejar matahari di balik punggung gunung. Dulu tanganku kuat mengangkat beban seolah aku bisa menaklukkan ego. Tapi dua bulan terakhir hidupku mengajarkan: bahkan yang paling kuat pun bisa lelah.","1917020184302522660","","","in","","0","1","1","https://x.com/undefined/status/1917020184302522660","1121282971829297152",
"1916369556727337095","Tue Apr 29 00:56:43 +0000 2025","0","@Noiteamo anjrit skip naik gunung tkut meninggal","1917020184076030079","","Noiteamo","in","","0","0","0","https://x.com/undefined/status/1917020184076030079","1723698287981867008",
"1916823167009784073","Tue Apr 29 00:54:50 +0000 2025","0","@haresca gunung kidul","1917019713986855167","","haresca","in","","0","0","0","https://x.com/undefined/status/1917019713986855167","1645760230398242816",
"1917019525842931795","Tue Apr 29 00:54:06 +0000 2025","0","Naik gunung","1917019525842931795","","","in","","0","0","0","https://x.com/undefined/status/1917019525842931795","888302564382355456",
"1917019218874368329","Tue Apr 29 00:52:52 +0000 2025","0","selasa pagi bersyukur bisa ngelihat 'gunung merapi merbabu sumbing dan sindoro. aku pernah tektok kesana tapi merapi kapan bisa dibuka nya yah? :(( https://t.co/h93x2rlOQE","1917019218874368329","https://pbs.twimg.com/ext_tw_video_thumb/1917019186217553920/pu/img/qb8nwrpnC2GT1xn1.jpg","","in","","0","0","0","https://x.com/undefined/status/1917019218874368329","1100471363473530880",
"1916756245039689835","Tue Apr 29 00:52:52 +0000 2025","1","@divaqueennn Gunung Batur","1917019215581839644","","iktsn_","in","","0","1","0","https://x.com/undefined/status/1917019215581839644","1509931444378169349",
"1917008982558052624","Tue Apr 29 00:51:52 +0000 2025","0","Jatiherang dikepung gunung. Gunung Jungkrang dan Guyur serta bukit-bukit yang menjadi anaknya. Gunung Guyur bukan lagi bagian dari Jatiherang secara administratif memang masih termasuk Kabupaten Jatiherang tetapi kehidupan di sana berjalan sendiri sementata Jungkrang ","1917018964267569663","","ripensoul_V","in","","0","1","0","https://x.com/undefined/status/1917018964267569663","966276297520431105",
"1916870609860202841","Tue Apr 29 00:48:35 +0000 2025","0","@chamberofelows Habis mendaki gunung lewati lembah ","1917018139885506825","","chamberofelows","in","","0","0","0","https://x.com/undefined/status/1917018139885506825","1884271596166414336",
"1917017642197782774","Tue Apr 29 00:46:37 +0000 2025","0","MAJLIS NURUL MUSTHOFA MALAM SELASA Tanggal : Senin 28 april 2025 Pukul : 20:00 wib selesai Tempat : Kp. Gunung leutik rt 03/05 desa benteng ciampea - bogor #nurulmusthofa_original #NurulMusthofaSelamanya https://t.co/4MvMfyWVf3","1917017642197782774","https://pbs.twimg.com/ext_tw_video_thumb/1917017554759057409/pu/img/rm5QCW2KfrK3CmrH.jpg","","in","","0","0","0","https://x.com/undefined/status/1917017642197782774","1166390449268899840",
"1917017534190305478","Tue Apr 29 00:46:11 +0000 2025","0","Lelaki diselamatkan dua kali seminggu di Gunung Fuji selepas cari telefon hilang #malaysiagazette https://t.co/iUwtzCHCOQ","1917017534190305478","","","in","","0","0","0","https://x.com/undefined/status/1917017534190305478","1600369057",
"1916845594204938428","Tue Apr 29 00:42:38 +0000 2025","0","@auroraharuru GPP AKAN KU SEBRANGI GUNUNG LEMBAH SUNGAI LAUT HUTAN","1917016640556044413","","iqiehrism","in","","0","0","0","https://x.com/undefined/status/1917016640556044413","1546959531313606656",
"1916818790408765716","Tue Apr 29 00:41:42 +0000 2025","0","@ToyotaID Aku mau cobain road trip ke Gunung Bromo #ToyotaGR #ItsGRTime @GraceHanna @Olin_Gracee @rezarifai","1917016405108789530","","ToyotaID","in","","0","0","0","https://x.com/undefined/status/1917016405108789530","109221866",
"1917016364654727386","Tue Apr 29 00:41:32 +0000 2025","1","Aku akan turun gunung Menggebrak per votingan","1917016364654727386","","","in","","0","0","0","https://x.com/undefined/status/1917016364654727386","1795725723430469633",
"1917013882251673886","Tue Apr 29 00:39:09 +0000 2025","0","@iloevhoon Km harus naik gunung juga!!!","1917015765263520183","","iloevhoon","in","","0","1","0","https://x.com/undefined/status/1917015765263520183","766561784375279616",
"1916335514183209241","Tue Apr 29 00:37:52 +0000 2025","0","@birdblackbuck Gunung wawomeusa mungkin atau yg di wasuponda","1917015443518460129","","birdblackbuck","in","","0","1","0","https://x.com/undefined/status/1917015443518460129","107879378",
"1917014746139922846","Tue Apr 29 00:35:06 +0000 2025","0","no genre: kecebur empang sambil saltink brutal no route: teriak gajelas di dapur no limit: guling-guling di gunung sahara sambil teriak LAMAR AKU MASS ","1917014746139922846","","","in","","0","0","0","https://x.com/undefined/status/1917014746139922846","1271735688531030016",
"1916878214808625407","Tue Apr 29 00:35:00 +0000 2025","1","@Gojekmilitan udah bayar mahal buat sekolah ehhh ada fasilitas gak memadai langsung minta ganti rugi ke wali murid. Mau pinter aja banyak rintangan nya pantesan jaman dulu emak bapak ku kalo sekolah kudu Mendaki Gunung Lewati Lembah baru nyampe sekolah ternyata emang dipersulit pemerintah","1917014721007636640","","Gojekmilitan","in","","0","0","0","https://x.com/undefined/status/1917014721007636640","995878157336035330",
"1917014511648968861","Tue Apr 29 00:34:10 +0000 2025","0","Kementerian PKP Turun Gunung Laporkan Dugaan Penyimpangan BSPS ke Kejari https://t.co/l7KUINJw7X","1917014511648968861","","","in","","0","0","0","https://x.com/undefined/status/1917014511648968861","1654444745303945216",
"1916824725512417544","Tue Apr 29 00:33:49 +0000 2025","0","@JrTalentTeam @JuniorGP gunung kidul is yogyakarta. not jakarta. he said yogyakarta. not jakarta","1917014424369696961","","JrTalentTeam","in","","0","0","0","https://x.com/undefined/status/1917014424369696961","1694067834236870656",
"1917014237140189400","Tue Apr 29 00:33:05 +0000 2025","3","Ini pas desain awal apa ya gk kepikiran ya kalau kita tinggal di negara tropis. mau rumahnya ngadep selatan atau lokasi rumahnya di kaki gunung jg bakal ttp panas di siang hari. mau diakalin pake blinder curtain jg pengaruhnya kecil.","1917014237140189400","","","in","","0","0","0","https://x.com/undefined/status/1917014237140189400","1727530460870496256",
"1916918057802600540","Tue Apr 29 00:32:33 +0000 2025","0","@endofagl Ini pantai mana jirr kok keliatan gunung","1917014103127961806","","endofagl","in","","0","1","0","https://x.com/undefined/status/1917014103127961806","1684167339535912961",
"1917013882251673886","Tue Apr 29 00:31:40 +0000 2025","0","patah hati ditinggal temen naik gunung ","1917013882251673886","","","in","","0","2","0","https://x.com/undefined/status/1917013882251673886","1451857477843111940",
"1917013562054349014","Tue Apr 29 00:30:24 +0000 2025","0","Dentuman Keras Gunung Marapi Meletus Buat Rumah Warga Bergoyang https://t.co/yaIYFFGnfK","1917013562054349014","","","in","","0","0","0","https://x.com/undefined/status/1917013562054349014","1426591205089898503",
"1917013489874571430","Tue Apr 29 00:30:07 +0000 2025","0","Auranya gelap misterius ketua Wisma Pedang Gunung Hitam","1917013489874571430","","","in","","0","0","0","https://x.com/undefined/status/1917013489874571430","1887460922832396288",
"1916993813647921280","Tue Apr 29 00:29:17 +0000 2025","0","Q: kapan MC monsoon tipping point? Apakah hrs dijawab pake elmu kampung ndeles pucuk gunung gaesss...? https://t.co/mBRYPcMKqZ https://t.co/rGCsasx6kB","1917013280633327926","https://pbs.twimg.com/media/GpqYlk5bEAQkhih.png","ISalutem","in","","0","1","0","https://x.com/undefined/status/1917013280633327926","1311183942037327872",
"1917012919063351343","Tue Apr 29 00:27:51 +0000 2025","0","Ngetik gini karena masih keinget ada ibu2 yg healing nya ngecamp naik gunung sampe berhari-hari ninggalin anak yg masih batita Ya naik gunung emg melepas stress boleh tp jgn berhari-hari Tek tok an kan bisa ","1917012921076662670","","LovingSYAM1","in","","0","0","0","https://x.com/undefined/status/1917012921076662670","1169099993472331776",
"1917012429856465126","Tue Apr 29 00:25:54 +0000 2025","2","Gunung Slamet Diusulkan Jadi Taman Nasional Nasib Perhutanan Sosial? https://t.co/x96CKiDAvT","1917012429856465126","","","in","","0","0","1","https://x.com/undefined/status/1917012429856465126","2345971676",
"1917010506621260071","Tue Apr 29 00:18:15 +0000 2025","0","udh masuk musim kemaraww yaa cees naik gunung lg kali yee wkwkwkwk","1917010506621260071","","","in","","0","0","0","https://x.com/undefined/status/1917010506621260071","1202522097265758209",
"1916325188993749056","Tue Apr 29 00:18:10 +0000 2025","0","@semboyongan Mantan jendral perangnya pada turun gunung semua ini","1917010482919313491","","semboyongan","in","","0","0","0","https://x.com/undefined/status/1917010482919313491","1880998401942360065",
"1917000579022524734","Tue Apr 29 00:17:56 +0000 2025","4","@susipudjiastuti @prabowo @Gerindra @gibran_tweet @SBYudhoyono @KompasTV @Metro_TV @tvOneNews @IDNTimes @tempodotco di wonogiri juga ada incaran mafia . . .gunung emas","1917010426476564855","","susipudjiastuti","in","","0","0","1","https://x.com/undefined/status/1917010426476564855","1893979566206775296",
"1916221989020483831","Tue Apr 29 00:16:34 +0000 2025","1","@jenaisssssante @sarangyewon hal yg gw inget mendekati LS perform di coachella hybe membuat pernyataan klo GF yg ngebuat soumu hampir bubar krn kelilit utang &amp; LS yg nyelametin soumu lalu fans LS ikut ngegoreng pernyataan itu ngebuat fans GF yg besemedi jadi turun gunung krn ga terima GF di fitnah ky gt","1917010082921066965","","jenaisssssante","in","","0","0","0","https://x.com/undefined/status/1917010082921066965","114639796",
"1917009896173932948","Tue Apr 29 00:15:50 +0000 2025","173","Sebenernya kalau what if ini dibikin canon juga gak bisa sih karena: Toshi 100% gak bakal ngebolehin kamu turun gunung malem2 apalagi berduaan sama laki2 even though pulangnya sama Aone (one of his trusted buddies) kalaupun Toshi butuh kamu banget di jakarta Toshi akan jemput https://t.co/B0N7v96saY","1917009896173932948","https://pbs.twimg.com/media/GpqWMz2bYAAjPEk.jpg","","in","","1","2","6","https://x.com/undefined/status/1917009896173932948","1779183885542363136",
"1916788293271969937","Tue Apr 29 00:15:36 +0000 2025","0","@Jateng_Twit Semua gunung kapur di bongkar di jadikan bahan baku pabrik semen. Kalo boleh tau bagaimana sih bang @malikarrahiem fungsi alam gunung kapur bagi Bumi?","1917009838401532243","","Jateng_Twit","in","","0","0","0","https://x.com/undefined/status/1917009838401532243","1742413222114934784",
"1917009650366746782","Tue Apr 29 00:14:51 +0000 2025","2","#Shizuoka Ppenuntut diselamatkan selepas jatuh sakit di Gunung Fuji menurut pengesahan pihak berkuasa Jepun pada Ahad menjadikannya insiden kedua yang membabitkan individu sama yang diselamatkan dalam seminggu di puncak tertinggi Jepun itu. https://t.co/GMbZMSsbXy","1917009650366746782","","","in","","0","0","0","https://x.com/undefined/status/1917009650366746782","63070015",
"1917009023578345507","Tue Apr 29 00:12:22 +0000 2025","0","dianterin kerumah sabtu malam waktu lagi ada diatas gunung baru sempet kemakan sekarang ih thankss‍️ https://t.co/SExwO5airk","1917009023578345507","https://pbs.twimg.com/media/GpqViyBbEAAtyU3.jpg","","in","","0","0","0","https://x.com/undefined/status/1917009023578345507","1272895902945075208",
"1917008956662354134","Tue Apr 29 00:12:06 +0000 2025","4","Sepertinya harus beli sepatu gunung yang baru deh kmaren udh agak rusak ","1917008956662354134","","","in","","0","0","0","https://x.com/undefined/status/1917008956662354134","2338606270",
"1917008667880394974","Tue Apr 29 00:10:57 +0000 2025","0","nikmat banget ngeliat view gunung pagi-pagi udara seger. pengen balik lagi kesini tapi sama siapa? jauh banget sih lagian ","1917008667880394974","","","in","","0","0","0","https://x.com/undefined/status/1917008667880394974","1284909829434118144",
"1917007815375515741","Tue Apr 29 00:07:34 +0000 2025","0","Ke gunung","1917007815375515741","","","in","","0","0","0","https://x.com/undefined/status/1917007815375515741","362298479",
"1911284790927737189","Tue Apr 29 00:05:35 +0000 2025","0","@adventure_super Gunung putri","1917007315900961033","","adventure_super","in","","0","0","0","https://x.com/undefined/status/1917007315900961033","1150784326654541826",
"1917007245570920595","Tue Apr 29 00:05:18 +0000 2025","0","HEYLOOK Official - Tas Ransel Gunung HAMERU Backpack Carrier Hiking Camping Outdoor 40L Tas Travelling Tas Travel Tas Backpacker Tas Mudik Tas Pulkam Tas Pulang Kampung seharga Rp157.605. Dapatkan sekarang juga di Shopee! https://t.co/yFk0qfyinj","1917007245570920595","","","in","","0","0","0","https://x.com/undefined/status/1917007245570920595","234146134",
"1916778901235531905","Tue Apr 29 00:03:34 +0000 2025","0","@jelyjeyi dah takda waktu juga hikss dulu ak pengumpul kuda kuda rare yang full black ama putih juga ada cakep bangettt nangkepnya di gunung gunung es","1917006811628286048","","jelyjeyi","in","","0","1","0","https://x.com/undefined/status/1917006811628286048","609872347",
"1916702599459295237","Mon Apr 28 23:48:54 +0000 2025","0","@istrihipsex Boleeh ikutan naik gunung??","1917003119504110015","","istrihipsex","in","","0","0","0","https://x.com/undefined/status/1917003119504110015","1881734295234191360",
"1916772465939710094","Mon Apr 28 23:48:32 +0000 2025","1","@98Acapan @Marchfoward Lombok pantai cantik dan ada gunung rinjani. Ramai Muslim so senang cari makanan halal.","1917003027007082972","","98Acapan","in","","0","0","0","https://x.com/undefined/status/1917003027007082972","1442848352786395158",
"1916828193769795676","Mon Apr 28 23:46:53 +0000 2025","0","@indraniola Kali ini aku datang pake limousine bukan sepeda gunung lagi","1917002611255087133","","indraniola","in","","0","1","0","https://x.com/undefined/status/1917002611255087133","732951982202183680",
"1917000375665914029","Mon Apr 28 23:38:00 +0000 2025","0","Gunung Slamet Diusulkan Jadi Taman Nasional Nasib Perhutanan Sosial?|https://t.co/rCtb9xt9f4","1917000375665914029","","","in","","0","0","0","https://x.com/undefined/status/1917000375665914029","545703313",
"1917000204773167177","Mon Apr 28 23:37:19 +0000 2025","0","Mitos Gunung Lawu #suaritoto #MAXWIN #merinding https://t.co/aoIyw5FIBG https://t.co/r18Fd8Katd","1917000204773167177","https://pbs.twimg.com/media/GpqNSvcb0AAXGSo.png","","in","","0","0","0","https://x.com/undefined/status/1917000204773167177","1804449586423160832",
"1916999880897446289","Mon Apr 28 23:36:02 +0000 2025","0","kmrn ke gunung bawa adem sari trs dikasi tau klo bikin adem sari tu kudu diaduk 18x ke lawannya jarum jam. trs gw cari di toktok dan bener dong ternyata iklannya th 1998. pantess gw gatau","1916999880897446289","","","in","","0","0","0","https://x.com/undefined/status/1916999880897446289","1592437006239666177",
"1916999110340841582","Mon Apr 28 23:32:58 +0000 2025","0","Kebakaran Hutan di Gunung Hamji Daegu 661 Personel dan 248 Kendaraan Dikerahkan untuk Pemadaman #KebakaranHutan https://t.co/YCDhKnhBaS","1916999110340841582","","","in","","0","0","0","https://x.com/undefined/status/1916999110340841582","972179486",
"1916771931732185268","Mon Apr 28 23:30:27 +0000 2025","0","@rendramaul @tanyarlfes both ke pantai suka ngeliat air laut ke gunung suka karena dinginnn","1916998474513744180","","akubukangenz","in","","0","0","0","https://x.com/undefined/status/1916998474513744180","1284019810175643649",
"1916998294401880108","Mon Apr 28 23:29:44 +0000 2025","1","07.29 Simpang Gunung Lingai &amp; simpang Alaya : Antrian kendaraan normal Situasi arus lalin lancar. #MinYn https://t.co/GF0sWv8oIN","1916998294401880108","https://pbs.twimg.com/media/GpqLwbcbEAAJKtF.jpg","","in","","0","0","0","https://x.com/undefined/status/1916998294401880108","240460194",
"1916997084886274141","Mon Apr 28 23:24:55 +0000 2025","0","Punya mimpi jalan-jalan ke gunung yang asri dan masih alami? Desa Kemutug Lor lagi serius buka jalur Baturraden Lestari nih! Tanggal 10 Mei 2025 jalur ini mulai dibuka dengan semangat untuk ngajak kita semua jaga hutan bareng-bareng. #WanaCarita #WanaKaryaLestari https://t.co/JLDiz4pIOP","1916997084886274141","https://pbs.twimg.com/amplify_video_thumb/1916996886709641216/img/Lfasgzp5EsCg9wKf.jpg","","in","","0","0","0","https://x.com/undefined/status/1916997084886274141","1870250047188942848",
"1916996863850639543","Mon Apr 28 23:24:03 +0000 2025","0","Dari hiking gw kemarin gw belajar suatu hal perempuan itu bagaikan gunung.. yang dapat berubah cuacanha dan tidak bisa kita tebak... Dan laki laki bagaikan pendaki dia harus bisa bertahan menghadapi cuacanya dengan cara apapun....","1916996863850639543","","","in","","0","1","0","https://x.com/undefined/status/1916996863850639543","899771688",
"1916996266107802088","Mon Apr 28 23:21:40 +0000 2025","0","#fiksi Sepasang buah dan gunung mengalihkan perhatian dengan mengungkap dikit demi sedikit sampai menjadi sesuatu yang sudah tidak lagi menarik sampai tahap dimana semua lubang dapat dimasuki","1916996266107802088","","","in","","0","0","0","https://x.com/undefined/status/1916996266107802088","2288260998",
"1916915602847109384","Mon Apr 28 23:21:13 +0000 2025","1","@goromokaa Naik naik ke puncak gunung Tinggi tinggi sekali","1916996152316334186","","goromokaa","in","","0","1","0","https://x.com/undefined/status/1916996152316334186","1590607608221949954",
"1916731858085466544","Mon Apr 28 23:08:21 +0000 2025","0","@convomf gunung batur gunung agung dan pantai deket rumah https://t.co/aY35W2agLf","1916992912615002159","https://pbs.twimg.com/media/GpqG2NBbEAI6fyf.jpg","convomf","in","","0","0","0","https://x.com/undefined/status/1916992912615002159","1166929417832038400",
"1916723301956899261","Mon Apr 28 23:07:58 +0000 2025","0","@drakkxen ketemu sm dia ke icelands jepang sydney mekkah new york dan langsung ke puncak gunung everest.","1916992816569520527","","drakkxen","in","","0","0","0","https://x.com/undefined/status/1916992816569520527","1251499044020469761",
"1916487551583653958","Mon Apr 28 23:06:05 +0000 2025","0","@Hujandisenja Aku pas kuliah pernah penasaran naik gunung. Alhamdulillah kuat sih kaki ini diajak naik turun ga pegel samsek. Tp emang aku ga tahan dingin jadi pas nyampe puncak dan nginep kedinginan parah sampe pake baju dan jaket lapis 3. Trus jd takut naik gunung lagi hehehe","1916992345637282237","","Hujandisenja","in","","0","0","0","https://x.com/undefined/status/1916992345637282237","1351775524436103169",
"1909570206583918845","Mon Apr 28 23:05:10 +0000 2025","0","selain mengurangi post-holiday blues kipop berfungsi biar ngga panik pas kena kabut tebel gunung salak. https://t.co/xFsZ79uoRC","1916992112828289415","https://pbs.twimg.com/media/GpqGKYQbEAIgvGZ.jpg","Ozaaannn05","in","","0","1","0","https://x.com/undefined/status/1916992112828289415","1201286765698412545",
"1916886722794914228","Mon Apr 28 23:04:03 +0000 2025","32","@bicaraboxoffice Gedhe tuh maksudnya ga jor joran di setiap baliho ada poster JUMBO. Ga kayak Petaka Gunung Gedhe yang setiap baliho di setiap kota pasti ada. ","1916991831201747153","","bicaraboxoffice","in","","1","3","0","https://x.com/undefined/status/1916991831201747153","3266800212",
"1916989129654702438","Mon Apr 28 23:02:45 +0000 2025","0","@lpxmhe morningg gunung apa itu namanya","1916991506571055171","","lpxmhe","in","","0","1","0","https://x.com/undefined/status/1916991506571055171","1808035187101736960",
"1916991305630310873","Mon Apr 28 23:01:57 +0000 2025","1","Pagi2 udah coba naik gunung merbabu tapi koneksi internet ini bener2 ya","1916991305630310873","","","in","","0","0","0","https://x.com/undefined/status/1916991305630310873","1834103401346682880",
"1916699426719940836","Mon Apr 28 22:58:56 +0000 2025","0","@kadaluofu Gw gabawa koper jir gw pake tas gunung tp kayanya ketemu lu sama anya gak?","1916990544737407370","","kadaluofu","in","","0","1","0","https://x.com/undefined/status/1916990544737407370","1131571073479086081",
"1916989422253527140","Mon Apr 28 22:55:54 +0000 2025","0","pas brgkt kerja td dr arah timur ad sunrise ketutupan gunung trs pas nengok ke arah barat (ke arah mBatu) sumpah lebih jelas lagi gunungnya makae kok wadem","1916989782464598152","","scaryroti","in","","0","1","0","https://x.com/undefined/status/1916989782464598152","1235390937448067072",
"1916989554076033048","Mon Apr 28 22:55:00 +0000 2025","320","Lebih baik memikul kayu di gunung dan menjualnya daripada mengulurkan tangan meminta-minta.","1916989554076033048","","","in","","3","4","54","https://x.com/undefined/status/1916989554076033048","974302810694025216",
"1916872340362994075","Mon Apr 28 22:53:57 +0000 2025","0","@goodbuddiesss terbang di atas gunung kiri ya","1916989290753757271","","goodbuddiesss","in","","0","0","0","https://x.com/undefined/status/1916989290753757271","1851644198744956928",
"1916988611163263111","Mon Apr 28 22:51:15 +0000 2025","0","Menteri Kebudayaan Fadli Zon Ingin Pugar Situs Gunung Padang di Desa Karyamukti Cianjur | https://t.co/NeTtcKxGES https://t.co/EcqLCsjvxC","1916988611163263111","","","in","","0","0","0","https://x.com/undefined/status/1916988611163263111","1482523214538747904",
"1916982501291262464","Mon Apr 28 22:46:07 +0000 2025","0","@aqxing puncaknya stelah itu dia blg gagal order krn di tb udah close dan proxy nya lagi di gunung or apalah ak panik krn takut gak bisa dipesen lg dia blg mau refund tp habis itu gak ada info apa-apa lg. akhirnya ku dm lg baru deh blg berhasil di order https://t.co/DS1jdYFXZV","1916987320060022872","https://pbs.twimg.com/media/GpqBy6dbwAAWrtO.jpg","mmizisua","in","","0","1","0","https://x.com/undefined/status/1916987320060022872","1825388432656654336",
"1916975237562044493","Mon Apr 28 22:45:23 +0000 2025","0","@AchKhumaed1 Eh buseng dahhmau bikin club volly apahini aja 3bijik laki semua jarak 2 tahun emaknya suka berubah jadi Tarzan...sama Mak lampir...apalagi nambah 3 Bisa keluar lava kek gunung meletus nanti Kong ","1916987133761650937","","AchKhumaed1","in","","0","2","0","https://x.com/undefined/status/1916987133761650937","1893993799556456448",
"1916776779316166990","Mon Apr 28 22:42:11 +0000 2025","0","@cellsfells Jauh banget soalnya tempat aku lebih dekat sama gunung daripada pantai. Tapi aku gak bisa naik gunung. Jadi ya walaupun bisa sampai 3-4 jam naik motor bakal dijalanin ke pantai","1916986329080172604","","cellsfells","in","","0","1","0","https://x.com/undefined/status/1916986329080172604","1737852470485991424",
"1916985185192783892","Mon Apr 28 22:37:38 +0000 2025","1","Susah Payah Diselamatkan Pendaki Ini Balik Lagi ke Gunung Fuji gegara Ponselnya Ketinggalan https://t.co/8EqHfiJ0JV","1916985185192783892","","","in","","0","0","0","https://x.com/undefined/status/1916985185192783892","132078023",
"1907342636693991650","Mon Apr 28 22:27:45 +0000 2025","0","@injaewuf halo kaak izin tanya. hotel aku di mangga besar kak (gunung sahari). apakah rute tj ke sana itu masih ada kak? atau hanya rute tertentu kaak?","1916982696045428831","","injaewuf","in","","0","0","0","https://x.com/undefined/status/1916982696045428831","1018106957406670848",
"1916877858892579230","Mon Apr 28 22:27:10 +0000 2025","0","@remarkfs @hzellv naek gunung","1916982550809174412","","remarkfs","in","","0","0","0","https://x.com/undefined/status/1916982550809174412","1524228184832905218",
"1916981799303233940","Mon Apr 28 22:24:11 +0000 2025","0","Siapaaaaaa yang pemandatan dapet di Ponjong Gunung Kidul. Kode 2025-YO058. Hmu plsssssssss https://t.co/kTPFLcKQqI","1916981799303233940","https://pbs.twimg.com/media/Gpp8yZ_bEAInexx.jpg","","in","","0","0","0","https://x.com/undefined/status/1916981799303233940","1061818610794909696",
"1916981457014174125","Mon Apr 28 22:22:49 +0000 2025","0","Menbud Fadli Zon Ingin Pugar Situs Gunung Padang https://t.co/AUyPTe9Mwb","1916981457014174125","","","in","","0","0","0","https://x.com/undefined/status/1916981457014174125","2544978158",
"1916980798714265841","Mon Apr 28 22:20:12 +0000 2025","0","Cek IRCO Booyah Ransel Camping Pria 45 Liter Free Raincover - Tas Carrier Ultralight - Keril Gunung 45l dengan harga Rp293.589. Dapatkan di Shopee sekarang! https://t.co/IGSMD4NWAw https://t.co/RHM5GWnpsz","1916980798714265841","https://pbs.twimg.com/media/Gpp74IPaUAAfToa.jpg","","in","","0","0","0","https://x.com/undefined/status/1916980798714265841","1846622878328041472",
"1916980056058126651","Mon Apr 28 22:17:15 +0000 2025","0","Musuh terbesar setelah naik gunung adalah tangga ","1916980056058126651","","","in","","0","0","0","https://x.com/undefined/status/1916980056058126651","2218747916",
"1916771931732185268","Mon Apr 28 22:15:13 +0000 2025","0","@rendramaul @tanyarlfes Gunung","1916979542675362258","","akubukangenz","in","","0","0","0","https://x.com/undefined/status/1916979542675362258","1832829155853185024",
"1916978208295293261","Mon Apr 28 22:09:55 +0000 2025","0","Sampe turun gunung si abang ini","1916978208295293261","","","in","","0","0","0","https://x.com/undefined/status/1916978208295293261","1479178415085264897",
"1916977486707233007","Mon Apr 28 22:07:03 +0000 2025","0","https://t.co/jvzfDqMzeE TANJUNGSARI Upaya pemenuhan gizi anak-anak di Kabupaten Sumedang kini mendapat dukungan baru. Badan Gizi Nasional bersama Pemerintah Kabupaten Sumedang resmi meluncurkan Satuan Pelayanan Pemenuhan Gizi (SPPG) Gunung Manik di Kecamatan Tanjungsari https://t.co/OCurU6vpLF","1916977486707233007","https://pbs.twimg.com/media/Gpp43VcbEAIUTjG.jpg","","in","","0","0","0","https://x.com/undefined/status/1916977486707233007","1266357201532157952",
"1916975538650116139","Mon Apr 28 21:59:18 +0000 2025","0","ah anjir postingan pas ke gunung kehapusssssss ih tahee","1916975538650116139","","","in","","0","0","0","https://x.com/undefined/status/1916975538650116139","1190126020386377728",
"1916829781028491756","Mon Apr 28 21:57:07 +0000 2025","0","@KediriFess Ngono kui biasane turunan ...sorry nder mungkin nek circle keluarga biasa ngomongke wong liyo..kurangi pelan2 nder.","1916974987791176150","","KediriFess","in","","0","0","0","https://x.com/undefined/status/1916974987791176150","1735141551393878016",
"1916902779823546704","Mon Apr 28 21:55:34 +0000 2025","0","@tanyarlfes gak cocok buat aku yg gengsinya setinggi gunung everest","1916974596886302815","","tanyarlfes","in","","0","0","0","https://x.com/undefined/status/1916974596886302815","1632172739695116289",
"1916971405142528178","Mon Apr 28 21:42:53 +0000 2025","1","capek naik gunung capek nungguin anj https://t.co/K3uwSYrKHa","1916971405142528178","https://pbs.twimg.com/media/GppzVGDbYAAMymS.jpg","","in","","0","0","0","https://x.com/undefined/status/1916971405142528178","1280719242006953984",
"1916675912570990986","Mon Apr 28 21:41:57 +0000 2025","1","@pausdramaga @peterparkeu Diawal nanjak bgt lumayan miring. Pertengahan licin terjal. Dekat menuju puncak jalan berpasir. Lebih serem lagi turunnya. Banyak yang kepeleset di area licin terus ke bagian awal itu terjal banget harus kuat lutut. Aku yang baru pertama kali naik gunung jujurly mau pingsan. ","1916971172681683314","","pausdramaga","in","","0","0","0","https://x.com/undefined/status/1916971172681683314","1260220985745104896",
"1916970495825920468","Mon Apr 28 21:39:16 +0000 2025","0","Tau ga karena baeksang gue yang udah ga pernah masuk tim voting rela turun gunung lagi buat vote hyeyoon sama wooseok sampe pengen muntah bikin akun ampe ratusan udah pusing liat email masih aja dituduh robot edan emang","1916970495825920468","","","in","","0","0","0","https://x.com/undefined/status/1916970495825920468","140334801",
"1909969968168628673","Mon Apr 28 21:14:32 +0000 2025","0","@adventure_super gunung andong","1916964272594423889","","adventure_super","in","","0","0","0","https://x.com/undefined/status/1916964272594423889","3249957799",
"1916960047604863229","Mon Apr 28 20:57:45 +0000 2025","0","Gunung Marapi di Sumbar Dilaporkan Mengalami 3 Kali Erupsi https://t.co/WafpY1IgEZ","1916960047604863229","","","in","","0","0","0","https://x.com/undefined/status/1916960047604863229","79130206",
"1916413310800740764","Mon Apr 28 20:25:55 +0000 2025","0","@SigitWasito8 Klo suhu udh turun gunung itu pertanda negeri ini sedang tdk baik² saja cuk!","1916952037524439443","","SigitWasito8","in","","0","0","0","https://x.com/undefined/status/1916952037524439443","1688316148612583424",
"1916086091909894396","Mon Apr 28 20:23:57 +0000 2025","0","@peterparkeu Wz munggah bukit sebelahe..gunung ranti??","1916951542391050510","","peterparkeu","in","","0","0","0","https://x.com/undefined/status/1916951542391050510","1803052131781574656",
"1916950475171368970","Mon Apr 28 20:19:43 +0000 2025","2","gak ngerti mau naik gunung sama keisya nyom?","1916950475171368970","","","in","","0","0","0","https://x.com/undefined/status/1916950475171368970","1556834723640786944",
"1916915173954359345","Mon Apr 28 20:13:46 +0000 2025","0","less populer chili take: jiqalau in dis connetedvariousmediaxposyur u masih punya tone 'kasar' meski sdh/sedang tida tinggal di pante ato gunung ato 'default isolated environment yg keras' (baik scr portabel ato permanen) maka u may hv skill issue in masking/adapting egmoshitz","1916948980761825573","","xmasiar","in","","0","1","0","https://x.com/undefined/status/1916948980761825573","1235879313422970881",
"1916947552307654827","Mon Apr 28 20:08:06 +0000 2025","1","sebelum pulang udh tidur jd gabisa tidur skrg daah mana tidur paling nyenyak gue selain di gunung kemaren","1916947552307654827","","","in","","0","0","0","https://x.com/undefined/status/1916947552307654827","1165369976",
"1916744783961239811","Mon Apr 28 19:59:02 +0000 2025","0","02.58 WIB #Tol_Surabaya_Gempol HATI-HATI di Gunung Sari KM 11+600 arah Waru ada penanganan kendaraan Tronton gangguan patah as roda di lajur 1/kiri. DIAMANKAN ke bahu luar/kiri.","1916945273521320159","","PTJASAMARGA","in","","0","0","0","https://x.com/undefined/status/1916945273521320159","540625251",
"1915002268392595594","Mon Apr 28 19:54:07 +0000 2025","0","@vegetaesann sekolah gua juga gini anjir sayangnya di sekolah gua ga boleh bawa hp btw sekolag gua pemandanganya gunung slamet","1916944033945206969","","vegetaesann","in","","0","0","0","https://x.com/undefined/status/1916944033945206969","1848985179404308483",
"1916918507679453315","Mon Apr 28 19:48:51 +0000 2025","0","@_slappybooty the real mendaki gunung ","1916942709216186629","","_slappybooty","in","","0","0","0","https://x.com/undefined/status/1916942709216186629","1249105093774868480",
"1916912147503976756","Mon Apr 28 19:12:34 +0000 2025","1","@sunghxnn @hoonce23 Ada pantai banyak air terjun gunung bukit air panas alam ada mall &amp; ada @hoonce23","1916933576794509723","","sunghxnn","in","","0","2","0","https://x.com/undefined/status/1916933576794509723","1143525204624150530",
"1916127009538781662","Mon Apr 28 19:08:52 +0000 2025","0","@bubuksasa01 @unsoedmfs taman roger gunung tugel pabrik gula","1916932647131214116","","bubuksasa01","in","","0","0","0","https://x.com/undefined/status/1916932647131214116","1505612798910668800",
"1916932614881005959","Mon Apr 28 19:08:44 +0000 2025","13","Nicee bisa sampe puncak semua ke Gunung Lawu Respect @donatenakbgtt @mathiclda @jomokisme @seainjoy @Yutaserfort dan zraa ga tau X nya https://t.co/6uSKuU3HSN","1916932614881005959","https://pbs.twimg.com/media/GppPMACbEAAxoDV.jpg","","in","","0","5","3","https://x.com/undefined/status/1916932614881005959","1569338136936984576",
"1916662025389826451","Mon Apr 28 19:08:17 +0000 2025","0","@aawwweeeee pengen bgt naik gunung lagi tapi naik tangga aja ngos an","1916932500234113276","","aawwweeeee","in","","0","0","0","https://x.com/undefined/status/1916932500234113276","1459925095158140938",
"1916900289334136908","Mon Apr 28 19:07:22 +0000 2025","0","@kikhu beneran anjiir aku juga tertipu loh sampe book 5 baru ngeuh kalo bwx itu dia kupikir dia mengayomi ternyata malah nikung bwx masih hidup dikurung dibawah gunung tonglu ditemani + dirawat sama mei nianqing","1916932270688243946","","kikhu","in","","0","0","0","https://x.com/undefined/status/1916932270688243946","1472835256264761346",
"1911994647125299675","Mon Apr 28 19:02:59 +0000 2025","0","@tsanakanna MANA BISA DIBAWA GUNUNG FUJI ASLI","1916931165094920455","","tsanakanna","in","","0","1","0","https://x.com/undefined/status/1916931165094920455","1908107089513443329",
"1916928849729957984","Mon Apr 28 19:01:05 +0000 2025","0","@elenieljoel ㅤ bisa.. bisa gila gua len ps. Notif dosbing aja selama gua vacation ke gunung gede itu gua silent ㅤ","1916930686969414065","","takedcwn","in","","0","1","0","https://x.com/undefined/status/1916930686969414065","1651257000024768512",
"1916930013611626742","Mon Apr 28 18:58:24 +0000 2025","0","kita minimal sebulan 3x harus jalan-jalan jauh; ke gunung ke pantai ke zoo. terus tiap cabut say ily. kalo lagi sama dia dia wajib pakein helmku :p (tapi aku gak pakein ke dia karna kadang takut kena telinganya atau gak muat gitu aku cebol juga jd gak nyampe)","1916930013611626742","","","in","","0","0","0","https://x.com/undefined/status/1916930013611626742","2219835174",
"1916929638326276515","Mon Apr 28 18:56:55 +0000 2025","0","Kegiatan org yg gk kebagian kisah romantis. 1. Jalan di pinggir jurang view sabana + panoramic 2. Ketemu kucing penghuni gunung 3. Di trak ngerecord video gunung lainnya 4. Foto sama candi pak lurah https://t.co/1cqb4w7oP3","1916929638326276515","https://pbs.twimg.com/ext_tw_video_thumb/1916929609809203203/pu/img/Glf2uJrKrbmetqkv.jpg","","in","","0","1","0","https://x.com/undefined/status/1916929638326276515","1161066825209143298",
"1916929620479512812","Mon Apr 28 18:56:51 +0000 2025","0","besok ak mau izin naik gunung","1916929620479512812","","","in","","0","1","0","https://x.com/undefined/status/1916929620479512812","1324905394595000320",
"1916781862321881466","Mon Apr 28 18:44:30 +0000 2025","0","@bsyafaa0272 Tapi katanya ada lagi gunung misterius lain nya di Tibet ya kak. Tpi keknya gunung ini yg paling misterius dan sakral","1916926512592523308","","bsyafaa0272","in","","0","0","0","https://x.com/undefined/status/1916926512592523308","1811097883808256003",
"1874630193635360958","Mon Apr 28 18:43:41 +0000 2025","0","@rumahliterasii @penerbitkpg Ini kalo aku jadiin alasan buat kerja mapa setuju ga ya? Secara ga mungkin mreka mau beli versi fisik dari setiap e-book ku yang menumpuk kayak gunung ","1916926307289731160","","rumahliterasii","in","","0","0","0","https://x.com/undefined/status/1916926307289731160","1622123167832768512",
"1916913172856098865","Mon Apr 28 18:39:44 +0000 2025","0","@Hfnz9 Naik gunung best..","1916925316100141254","","Hfnz9","in","","0","1","0","https://x.com/undefined/status/1916925316100141254","1336888974367805441",
"1916803664787968078","Mon Apr 28 18:36:28 +0000 2025","0","@adventure_super gunung gede. deket soalnya ","1916924493924339739","","adventure_super","in","","0","0","0","https://x.com/undefined/status/1916924493924339739","47566607",
"1916924435912921405","Mon Apr 28 18:36:14 +0000 2025","0","Kayanya Sudah harus Naik gunung hehehe","1916924435912921405","","","in","","0","0","0","https://x.com/undefined/status/1916924435912921405","1528990673495805954",
"1916771931732185268","Mon Apr 28 18:35:43 +0000 2025","0","@rendramaul @tanyarlfes pantai sihh kalo gunung takutt suka denger podcast RJL kisah pendaki horor","1916924304161443928","","akubukangenz","in","","0","0","0","https://x.com/undefined/status/1916924304161443928","1437049106866655235",
"1916909046696743097","Mon Apr 28 18:28:26 +0000 2025","0","@badr00m @bubblegllum @UGM_FESS Kan tadi di kampus nangis-nangiss mau jadi A1. Siap membawa gunung kidul menjadi gunung merapi","1916922471464505574","","jjelobi","in","","0","0","0","https://x.com/undefined/status/1916922471464505574","1374250965130383363",
"1916781862321881466","Mon Apr 28 18:26:29 +0000 2025","0","@bsyafaa0272 Ternyata gunung di luar negeri ada mitosnya juga ya","1916921980940652921","","bsyafaa0272","in","","0","0","0","https://x.com/undefined/status/1916921980940652921","759628141",
"1916920203281355140","Mon Apr 28 18:19:25 +0000 2025","0","naik gunung cape sih tp candu pantai jg sukaa","1916920203281355140","","","in","","0","0","0","https://x.com/undefined/status/1916920203281355140","1173437605192429568",
"1916919981092311469","Mon Apr 28 18:18:32 +0000 2025","0","gunung","1916919981092311469","","","in","","0","0","0","https://x.com/undefined/status/1916919981092311469","1710101167093817344",
"1916682979943862531","Mon Apr 28 18:10:12 +0000 2025","0","@wickedlywildd enak kalo bareng teman sefrekuensi naik gunung ga terasa yuk bikin grup jakarta","1916917882812043552","","wickedlywildd","in","","0","0","0","https://x.com/undefined/status/1916917882812043552","1271923937870372864",
"1916916500839137374","Mon Apr 28 18:04:47 +0000 2025","1","Kamu bakal mengemudi kendaraan 4x4 melewati jalur-jalur menantang seperti sungai deras gunung curam dan rawa berlumpur. Setiap trek punya tantangan unik yang ngasih kamu kesempatan buat uji skill nyetir di kondisi berat. Traksi suspensi dan pengaturan kendaraan jadi kunci https://t.co/teQePBAXjt","1916916520661488083","https://pbs.twimg.com/media/GppAF8pbEAIDlHp.jpg","KesendirianX","in","","0","1","0","https://x.com/undefined/status/1916916520661488083","1534468671283662848",
"1916771931732185268","Mon Apr 28 18:01:05 +0000 2025","0","@rendramaul @tanyarlfes Gunung","1916915587957321742","","akubukangenz","in","","0","0","0","https://x.com/undefined/status/1916915587957321742","1843280874961604608",
"1916762072765104273","Mon Apr 28 18:00:57 +0000 2025","0","@munvess Naik gunung","1916915556462301358","","munvess","in","","0","0","0","https://x.com/undefined/status/1916915556462301358","1448960777918955522",
"1916342845838946740","Mon Apr 28 18:00:25 +0000 2025","0","@tanyakanrl jadi ngerasa rugii pas flight jkt-solo ga videoin waduk sama gunung dalam 1 view ","1916915421326020884","","tanyakanrl","in","","0","0","0","https://x.com/undefined/status/1916915421326020884","402619709",
"1916915334671724699","Mon Apr 28 18:00:05 +0000 2025","0","Berilah aku semilyun orang tua maka aku akan sanggup memindahkan gunung Merapi dari tempatnya; dan berilah aku sepuluh pemuda yang bersemangat besar niscaya aku akan sanggup menggemparkan dunia. - Soekarno #IndonesiaEmas","1916915334671724699","","","in","","0","0","0","https://x.com/undefined/status/1916915334671724699","1168215445880442881",
"1916915253474169044","Mon Apr 28 17:59:45 +0000 2025","0","Main galasing main mama papa an (JUJUR INI MALU KOCAK GEMING BANGET) maen bentengan taplak gunung STMJ tepok kartu abc 5 dasar udah jam 9 baru pulang kerumah‍️‍️","1916915253474169044","","","in","","0","0","0","https://x.com/undefined/status/1916915253474169044","1795058250041503744",
"1916915238278226187","Mon Apr 28 17:59:42 +0000 2025","35","Fadli Zon Sebut Situs Gunung Padang Bakal Dipugar @kemenbud https://t.co/tM2RVFDsXq","1916915238278226187","","","in","","0","2","8","https://x.com/undefined/status/1916915238278226187","79139422",
"1916915119973667250","Mon Apr 28 17:59:13 +0000 2025","32","Fadli Zon ingin pugar situs Gunung Padang - ANTARA News @kemenbud https://t.co/x4361xACWh","1916915119973667250","","","in","","0","1","8","https://x.com/undefined/status/1916915119973667250","79139422",
"1916913713178939483","Mon Apr 28 17:56:29 +0000 2025","0","soal gandalf udah kejawab elrond udah dari awal monster bawah gunung juga udah tinggal liat galadriel ini pas kapan dia matinya","1916914430639804796","","puerhretasm","in","","0","1","0","https://x.com/undefined/status/1916914430639804796","636183656",
"1916914419256463712","Mon Apr 28 17:56:26 +0000 2025","0","Gengsi wulan tu setinggi gunung Ehhhh SALAH gunung tertinggi apapun itu sedunia ttp lebih tinggian gengsinya ulan","1916914419256463712","","","in","","0","0","0","https://x.com/undefined/status/1916914419256463712","1436999244213145605",
"1916894633734607067","Mon Apr 28 17:56:03 +0000 2025","0","@awquinh coba search bahasa jepang gunung","1916914321101361171","","awquinh","in","","0","1","0","https://x.com/undefined/status/1916914321101361171","1830104808717750272",
"1916914013717622810","Mon Apr 28 17:54:50 +0000 2025","1","atasan/jaket buat naik gunung ada gak","1916914013717622810","","","in","","0","13","0","https://x.com/undefined/status/1916914013717622810","1801794792688599041",
"1916913906431484312","Mon Apr 28 17:54:24 +0000 2025","0","Kali ini beneran bye hidran kebakaran bus sepeda gunung perahu zebracross motor dan segala printilannya","1916913906431484312","","","in","","0","0","0","https://x.com/undefined/status/1916913906431484312","1883778101882322944",
"1916913144649388476","Mon Apr 28 17:54:17 +0000 2025","0","Selain mulutnya (lisan) ngga clean kebiasaannya pun tidak clean aku lelah ges tidak bisakah kita tanggung bersama beberes yg keliatannya sepele padahal aslinya seperti fenomena gunung es","1916913876681298307","","woozumyeong","in","","0","0","0","https://x.com/undefined/status/1916913876681298307","66062089",
"1916913260160602543","Mon Apr 28 17:51:50 +0000 2025","0","AKAN KU BANTAI GUNUNG DI MALANG tapi 2 minggu lagi hehe","1916913260160602543","","","in","","0","1","0","https://x.com/undefined/status/1916913260160602543","1474079025911922689",
"1916911711510253730","Mon Apr 28 17:48:57 +0000 2025","0","@santo_killjoy @santo_killjoy Mohon maaf atas gangguan yang dialami Kak Santo setelah kami lakukan pengecekan informasi untuk di wilayah Gunung Putri terjadi gangguan menengah saat ini masih dalam penanganan diupayakan agar segera teratasi. Agar semua makin mudah ayo download aplikasi New","1916912536064344095","","santo_killjoy","in","","0","0","0","https://x.com/undefined/status/1916912536064344095","558516132",
"1916912329524232501","Mon Apr 28 17:48:08 +0000 2025","0","anak yubi pada ke gunung pantai bali berjamaah","1916912329524232501","","","in","","0","0","0","https://x.com/undefined/status/1916912329524232501","1606978153783922689",
"1916912148137316521","Mon Apr 28 17:47:25 +0000 2025","0","gunung deh. aku takut klo pantai","1916912148137316521","","","in","","0","0","0","https://x.com/undefined/status/1916912148137316521","1791123194981806081",
"1916771931732185268","Mon Apr 28 17:46:48 +0000 2025","0","@rendramaul @tanyarlfes Pantai aja tapi pagi/sore aja soalnya kalo tengah hari panas ngga nguatin kalo ke gunung adem tapi cape duluan karena nanjak jadi kurang menikmati suasananya ","1916911995628228903","","akubukangenz","in","","0","0","0","https://x.com/undefined/status/1916911995628228903","295219551",
"1916911842347422139","Mon Apr 28 17:46:12 +0000 2025","0","menamatkan gunung antariksa bareng dd dd https://t.co/xAgK00DzLu","1916911842347422139","https://pbs.twimg.com/media/Gpo9KAybEAQts29.jpg","","in","","0","0","0","https://x.com/undefined/status/1916911842347422139","908805608056381440",
"1916911183145431439","Mon Apr 28 17:43:35 +0000 2025","0","btw mau update yg terakhir sama manusia gunung itu skrng berakhir sebagai temann ","1916911183145431439","","","in","","0","1","0","https://x.com/undefined/status/1916911183145431439","1300756945574326273",
"1916911150631162003","Mon Apr 28 17:43:27 +0000 2025","0","drdlu gue jd keinget lagi kan minjemin sapatu gunung balik eh rusak :) *cape bgt jd orang ga enakan","1916911150631162003","","","in","","0","0","0","https://x.com/undefined/status/1916911150631162003","1495864435201953792",
"1916911055122665913","Mon Apr 28 17:43:04 +0000 2025","0","apkh nanti setelah life after breka up. ak akan melakukan pendakian di gunung ato ak harus ke malang setiap minggu ato ak hrs ikut event re-run ato ak hrs ngopi di cafe tiap hari ato ak hrs balikin hobi ngelukisku ato ak d rumah aj ato ak dengerin spotify 24/7","1916911055122665913","","","in","","0","2","0","https://x.com/undefined/status/1916911055122665913","1597354751259078656",
"1916911039515422865","Mon Apr 28 17:43:00 +0000 2025","0","menurutku gunung Kencana gak cocok buat pemula kenapa? pernah bawa 4pemula ke gunung ini kirain udah keputusan tepat eh ternyata salah wkwk pada tepar kapok. dari Telaga Cisaat ke gunungnya hampir 2jam dari bc ke pos 2 full tangga. buatku yang biasa nanjak aja pegel","1916911039515422865","","","in","","0","1","0","https://x.com/undefined/status/1916911039515422865","1710101167093817344",
"1916771931732185268","Mon Apr 28 17:41:37 +0000 2025","0","@rendramaul @tanyarlfes gue ga suka air jadi ga akan ke pantai. Tapi gue juga ga suka naik gunung Dirumah aja gitu ngadem","1916910688137842777","","akubukangenz","in","","0","0","0","https://x.com/undefined/status/1916910688137842777","1267779319264276483",
"1916910580562334116","Mon Apr 28 17:41:11 +0000 2025","0","pantai soalnya tiap ke gunung banyak ngeluhnya","1916910580562334116","","","in","","0","0","0","https://x.com/undefined/status/1916910580562334116","1450093518119071747",
"1916909431067128125","Mon Apr 28 17:40:58 +0000 2025","0","tp yh kl di gunung mending liat setan gaksi drpd ketemu penghuni asli hutan ","1916910524459323505","","draftsddd","in","","0","0","0","https://x.com/undefined/status/1916910524459323505","1761157277065846784",
"1913925778322104523","Mon Apr 28 17:33:42 +0000 2025","0","@byeofn Salam kenal juga kak! Maaf ya kaa namanya juga anak kecil ga bisa kalo ngeliat gunting dapur itu nganggur :3 dora mah mending sumpah.. masih rapi lah kalo aku kaya jalan mau mendaki gunung alias ga rata kak KOCAK pasti karena ngeliat itu yang paling besar ya? Ternyata pas","1916908696933904579","","byeofn","in","","0","1","0","https://x.com/undefined/status/1916908696933904579","2257493521",
"1916904476038074769","Mon Apr 28 17:25:40 +0000 2025","0","@lordvadarrr Yoiiii kadang di kota kadang di gunung","1916906676726411372","","lordvadarrr","in","","0","0","0","https://x.com/undefined/status/1916906676726411372","1322068303423045634",
"1916700255984443712","Mon Apr 28 17:24:35 +0000 2025","0","@imsnorlaxy naik gunung boleh asal turunnya tetep ke aku ","1916906403136147491","","imsnorlaxy","in","","0","1","0","https://x.com/undefined/status/1916906403136147491","1396882861240709120",
"1916906148688760913","Mon Apr 28 17:23:34 +0000 2025","11","luffy bisa melar tapi struggle naik gunung es buat ngobatin nami di drum island dahal kan dia bisa begini https://t.co/F3GETf5mNz","1916906148688760913","https://pbs.twimg.com/tweet_video_thumb/Gpo3-hVbEAIBM1I.jpg","","in","","2","2","1","https://x.com/undefined/status/1916906148688760913","766799232778985472",
"1916771931732185268","Mon Apr 28 17:21:32 +0000 2025","0","@rendramaul @tanyarlfes naik gunung","1916905636149051438","","akubukangenz","in","","0","0","0","https://x.com/undefined/status/1916905636149051438","1822658667948417024",
"1916904305627697260","Mon Apr 28 17:16:15 +0000 2025","0","Geloo gunung berapi itu ladang cuan tak terbatas tiap kali dia muntah bisa diduitin bjrr Suplainya aja dari mantel bumi mau dikeruk ribuan tahun lagi pun ga bakalan habis itu (kalau berani sih) Modalnya: kendaraan angkut + kru ekspedisi + izin pejabat + fee ormas","1916904305627697260","","","in","","0","0","0","https://x.com/undefined/status/1916904305627697260","1079009118482923521",
"1916904123787841780","Mon Apr 28 17:15:32 +0000 2025","1","kangen bgt naik gunung","1916904123787841780","","","in","","0","0","0","https://x.com/undefined/status/1916904123787841780","1001603893762052096",
"1916904029151760891","Mon Apr 28 17:15:09 +0000 2025","0","Long weekend gua diapprove buat libur ayo naik gunung lagi ","1916904029151760891","","","in","","0","1","0","https://x.com/undefined/status/1916904029151760891","1162355074447712256",
"1916770468171759842","Mon Apr 28 17:14:41 +0000 2025","0","@Marchfoward Senang ceritanya mereka ni indistri berfokus pelancongan kita saja byk tempat menarik gunung gua bandar moden..tpi kalau sebut maldives org thu pulau..so yg berminat dgn pulau automatik terlintas pergi ke maldives..Kombinasi semua ni yg jdikan maldives popular","1916903909836394542","","jigen593","in","","0","1","0","https://x.com/undefined/status/1916903909836394542","1791331472525475840",
"1916675912570990986","Mon Apr 28 17:12:44 +0000 2025","0","@peterparkeu ini gunung apa maaf","1916903420369506331","","peterparkeu","in","","0","1","0","https://x.com/undefined/status/1916903420369506331","1124537245061369857",
"1916662025389826451","Mon Apr 28 17:12:33 +0000 2025","0","@aawwweeeee pmgn naik gunung pliss","1916903376237039802","","aawwweeeee","in","","0","0","0","https://x.com/undefined/status/1916903376237039802","3220159194",
"1916902203509641540","Mon Apr 28 17:09:54 +0000 2025","0","gunung everest orgil bgt ajg walid tower gaminat tamatin deh bosen:'","1916902709359501576","","eseseperi","in","","0","0","0","https://x.com/undefined/status/1916902709359501576","1077834458710007810",
"1916902509224071652","Mon Apr 28 17:09:07 +0000 2025","2","GA SABARR BESOK OTW BASECAMP MAU NAIK GUNUNG","1916902509224071652","","","in","","0","0","0","https://x.com/undefined/status/1916902509224071652","1617839585807192065",
"1916901801011646840","Mon Apr 28 17:06:20 +0000 2025","0","Terus kalo pagi cerah aku bisa liat 6 gunung!!!! serius enammm!!! Ada Merapi Merbabu Slamet Lawu (ini di belakang menara maskam) dan dua lagi gatau namanya tapi di belakang merbabu cuma keliatan pucuknya doang.","1916901808410333532","","dhenokmanis","in","","0","1","0","https://x.com/undefined/status/1916901808410333532","1523861647047069696",
"1916901678877708427","Mon Apr 28 17:05:49 +0000 2025","0","Akhirnya sampai di gunung Everest https://t.co/GqrlvOjZbF","1916901678877708427","https://pbs.twimg.com/media/Gpoz6vlbEAQKnDA.jpg","","in","","0","0","0","https://x.com/undefined/status/1916901678877708427","1269922077139582976",
"1916771931732185268","Mon Apr 28 17:05:42 +0000 2025","0","@rendramaul @tanyarlfes aku suka pantai dan gamau/ ga akan naik gunung wkwk..","1916901651648241761","","akubukangenz","in","","0","0","0","https://x.com/undefined/status/1916901651648241761","1057376793869467648",
"1916900178713579792","Mon Apr 28 16:59:54 +0000 2025","0"," Udah banyak foto berdua mama sama papa skrg Bang. Dari ujung gunung sampe bawah lembah ada semua wkwkwk biasa susah kali disuruh foto ","1916900191678173374","","_rajch_","in","","0","1","0","https://x.com/undefined/status/1916900191678173374","1547332718114906113",
"1916900178713579792","Mon Apr 28 16:59:52 +0000 2025","0"," Iyaa mama baru bales gaada sinyal karena abis camping di Gunung xxx bagus bgtt Bang. Terus mama foto lagi di hutan lumut yang dulu sempat mama foto di sana persis sama tempatnya sama 22 tahun lalu ","1916900181209190692","","_rajch_","in","","0","1","0","https://x.com/undefined/status/1916900181209190692","1547332718114906113",
"1916900178713579792","Mon Apr 28 16:59:51 +0000 2025","2","Seneng bgt my parents melanjutkan hidupnya yang sempat terhenti karena harus membesarkan anak dengan kembali menjelajahi masa muda yang hilang. Mendaki gunung melalui gua hingga menyusuri seluruh air terjun. Sebahagia itu","1916900178713579792","","","in","","0","1","0","https://x.com/undefined/status/1916900178713579792","1547332718114906113",
"1916771931732185268","Mon Apr 28 16:57:25 +0000 2025","0","@rendramaul @tanyarlfes Naik gunung karena gue gak suka kepanasan.","1916899565359517697","","akubukangenz","in","","0","0","0","https://x.com/undefined/status/1916899565359517697","1164355431709343745",
"1916888661293252625","Mon Apr 28 16:57:00 +0000 2025","0","@chochocremmyyy Anjay gunung puncak jaya inimah","1916899460518711616","","chochocremmyyy","in","","0","1","0","https://x.com/undefined/status/1916899460518711616","1902604691189723140",
"1916899297905545339","Mon Apr 28 16:56:21 +0000 2025","0","gunung / sibukin diri / mulai planning hidup sehat tips dr my sis","1916899297905545339","","","in","","0","0","0","https://x.com/undefined/status/1916899297905545339","2498361152",
"1916893828004601907","Mon Apr 28 16:34:37 +0000 2025","0","ke pantai naik gunung ga bisa soalnya ga pernah olahraga harus latihan fisik duluu","1916893828004601907","","","in","","0","0","0","https://x.com/undefined/status/1916893828004601907","1255111745799983105",
"1916891048774930581","Mon Apr 28 16:32:55 +0000 2025","3","@versykerss oh iya gunung putri deket ya okey deh maaciw kaaaaaa ","1916893400537637231","","oliversykessc","in","","0","1","0","https://x.com/undefined/status/1916893400537637231","1392361235664969731",
"1916893187052110306","Mon Apr 28 16:32:05 +0000 2025","0","aku baru pulang. Kondisi jam 5 sore lebih dan rumahku di gunung. Dimana jalannya sepi kalo malem. Singkat cerita bapaknya bayar bensinnya. Punyaku juga dibayarin. Bapaknya bilang ke operator pomnya Mas isi punya adek ini 50k . Udah sempet nolak tapi bapaknya kekeh banget","1916893189262508092","","miniikooo","in","","0","1","0","https://x.com/undefined/status/1916893189262508092","1249208310655406080",
"1916795280806043658","Mon Apr 28 16:31:41 +0000 2025","0","@somexthread kalo hnya untuk kebutuhan instagram mending gak usah naik gunung!!!","1916893091878895662","","somexthread","in","","0","0","0","https://x.com/undefined/status/1916893091878895662","1691963713803485185",
"1916892959804658142","Mon Apr 28 16:31:10 +0000 2025","0","kalo sm kak mpil lemesnya 2x lipat 1. lemes naek gunung 2. lemes dengerin sweet wordsnya blio‍↔️","1916892959804658142","","","in","","0","0","0","https://x.com/undefined/status/1916892959804658142","1051528140944621568",
"1916558073432555537","Mon Apr 28 16:30:00 +0000 2025","0","@kikoenakbgtt2 masih ada gunung dan alam yang bisa dinikmati","1916892666123710712","","kikoenakbgtt2","in","","0","0","0","https://x.com/undefined/status/1916892666123710712","1873090014856527874",
"1916892497168801929","Mon Apr 28 16:29:20 +0000 2025","1","Kangen gunung bgttt https://t.co/sind5akFcY","1916892497168801929","https://pbs.twimg.com/media/Gpori_EagAA4-gO.jpg","","in","","0","0","0","https://x.com/undefined/status/1916892497168801929","1223526389279649795",
"1916837571939987651","Mon Apr 28 16:28:43 +0000 2025","0","@sbyfess - Pacitan ada pantai museum dan Kang Lukis yang terkenal - Probolinggo snorkling murah di gili rafting dan aor terjun - Banyuwangi gunung sabana pantai dan sound horeg wkwk","1916892344642838945","","sbyfess","in","","0","0","0","https://x.com/undefined/status/1916892344642838945","986237258",
"1916854688504504593","Mon Apr 28 16:27:11 +0000 2025","1","@KesendirianX wahh itu keren sihhh gunung ciremai asri nyaaa beuhh","1916891956942348478","","KesendirianX","in","","0","0","0","https://x.com/undefined/status/1916891956942348478","581013467",
"1916513278940917762","Mon Apr 28 16:26:54 +0000 2025","0","@girlyourestrong di gunung aja seger","1916891887996436646","","girlyourestrong","in","","0","0","0","https://x.com/undefined/status/1916891887996436646","1873090014856527874",
"1915027355661439005","Mon Apr 28 16:25:49 +0000 2025","0","@aiyenssi gunung yang bisa di gapai","1916891615433814145","","aiyenssi","in","","0","1","0","https://x.com/undefined/status/1916891615433814145","291559406",
"1916885554077298693","Mon Apr 28 16:25:01 +0000 2025","50","@melodecirols Tapi kasian loh mereka fans chinesenya harus memanjat dinding yang setinggi gunung menyebrangi lautan terbang ke langit ke tujuh cuma buat ngevote https://t.co/ZtuLOpNana","1916891411162763724","https://pbs.twimg.com/media/GpoqlH0akAA6kgl.jpg","melodecirols","in","","0","2","1","https://x.com/undefined/status/1916891411162763724","1480091534",
"1916891319018090973","Mon Apr 28 16:24:39 +0000 2025","0","pengen naik gunung","1916891319018090973","","","in","","0","0","0","https://x.com/undefined/status/1916891319018090973","1106606655523835904",
"1916772465939710094","Mon Apr 28 16:24:29 +0000 2025","57","@Marchfoward tempat bercuti indonesia yang best kat mana? selain dari tempat yang popular selalu orang luar pergi. nak cari tempat yang lebih pada nature ma cam pantai atau pon gunung. yang penting ada bakso dan nasi padang","1916891277498683557","","Marchfoward","in","","3","157","3","https://x.com/undefined/status/1916891277498683557","708516929917464576",
"1916758891288994014","Mon Apr 28 16:23:56 +0000 2025","0","@maujunho HEH CIKUDA KEK LEMBAH GUNUNG DIJADIIN 1 BOI","1916891141615886392","","maujunho","in","","0","0","0","https://x.com/undefined/status/1916891141615886392","1674216063247200256",
"1916891104169115753","Mon Apr 28 16:23:48 +0000 2025","1","Apa yang kalian lakuin kalau kalian naik gunung buat healing dan menghirup udara segar dari puncak tapi malah ketemu pendaki lain yang ngerokok?","1916891104169115753","","","in","","0","2","0","https://x.com/undefined/status/1916891104169115753","1745516456367001600",
"1916790610528489560","Mon Apr 28 16:21:06 +0000 2025","9","@ikydp @allandbagus @Ibrahimhattaomr Udah ga seberapa skeptis pula. Makannya diajak naik gunung sambil ngomongin politik.","1916890425278824726","","ikydp","in","","0","0","0","https://x.com/undefined/status/1916890425278824726","262750853",
"1916888029404496376","Mon Apr 28 16:20:58 +0000 2025","0","@MtchaPeach @zerogrvm Gunung sari gak se mendingan","1916890392458568086","","MtchaPeach","in","","0","0","0","https://x.com/undefined/status/1916890392458568086","1806016808643887104",
"1916889904673681583","Mon Apr 28 16:19:02 +0000 2025","10","INI LU KAGA MAU EDIT???? JANGAN SAMPE EDITOR TS KU SURUH TURUN GUNUNG NIH? MinTha minCha coba ini diganti peringkatnya Prizm keknya kuwalahan nanganin design begini @souriretha @chacuy_","1916889904673681583","","","in","","1","2","1","https://x.com/undefined/status/1916889904673681583","1019675077",
"1916888029404496376","Mon Apr 28 16:17:38 +0000 2025","1","@zerogrvm gunung anyar kak coba","1916889555413905848","","zerogrvm","in","","0","2","0","https://x.com/undefined/status/1916889555413905848","1370662014914228225",
"1916889485931090193","Mon Apr 28 16:17:22 +0000 2025","0","Ahh anjir tau gitu gak ku terima jadi anggota paskib nya Niat mau naik gunung jadi pupus ","1916889485931090193","","","in","","0","0","0","https://x.com/undefined/status/1916889485931090193","137260659",
"1916888956932956526","Mon Apr 28 16:15:16 +0000 2025","0","Beli peralatan gunung lagi ga yaaa","1916888956932956526","","","in","","0","0","0","https://x.com/undefined/status/1916888956932956526","2192444749",
"1916880965953310801","Mon Apr 28 16:13:58 +0000 2025","0","@BU96ROWOON Tidur nak besok naik gunung.","1916888633141051617","","nrowon","in","","0","1","0","https://x.com/undefined/status/1916888633141051617","891984581083095040",
"1916888626979545505","Mon Apr 28 16:13:57 +0000 2025","0","Pengen naik gunung tp males otw nyaaaa ","1916888626979545505","","","in","","0","0","0","https://x.com/undefined/status/1916888626979545505","1007946345913577472",
"1916771931732185268","Mon Apr 28 16:13:56 +0000 2025","0","@rendramaul @tanyarlfes Naik gunung deh gua bosan sama pantai asli lihat sunset beh bleh","1916888625289240749","","akubukangenz","in","","0","0","0","https://x.com/undefined/status/1916888625289240749","1674001372134653953",
"1916740857820008641","Mon Apr 28 16:12:28 +0000 2025","1","@DeningCarlo @GreatMister2023 Gunung salak? Gede? Atau Pangrango?","1916888254756053031","","DeningCarlo","in","","0","1","0","https://x.com/undefined/status/1916888254756053031","66920596",
"1916771931732185268","Mon Apr 28 16:10:24 +0000 2025","0","@rendramaul @tanyarlfes Gunung aslinya gk suka tempat panas dan bnyak orang","1916887734247133300","","akubukangenz","in","","0","0","0","https://x.com/undefined/status/1916887734247133300","1284364906213474305",
"1916859385936298225","Mon Apr 28 16:07:04 +0000 2025","0","Dari balik rerimbunan pepohonan gunung yang samar-samar terlihat di kejauhan seorang pria berjubah putih perlahan melangkah keluar. Jubahnya sederhana tapi bersih terang kontras dengan abu dan arang yang meliputi sekeliling kami. https://t.co/5CmR8Qk6VG","1916886893087916141","https://pbs.twimg.com/media/GpomeF-a0AAH_Xo.jpg","ofIlusi","in","","0","1","0","https://x.com/undefined/status/1916886893087916141","1651928826543480832",
"1916839008493277193","Mon Apr 28 16:06:57 +0000 2025","0","ㅤ ... dianggap sebagai ancaman oleh daimyo yang tidak mempercayai mereka. Namun berdasarkan perkataan sang pengajar Shugenja ini kelihatannya menolak untuk berpihak dan memilih mengasingkan diri di gunung. | @defecnder ㅤ","1916886865661346136","","tkeonhee","in","","0","1","0","https://x.com/undefined/status/1916886865661346136","3004085101",
"1916886530544767456","Mon Apr 28 16:05:37 +0000 2025","0","Jujur lebih milih ke pulau dari pada naik gunung walaupun mabok laut but pemandangannya gokil bangetttt ga nyesel dan ga cape juga","1916886530544767456","","","in","","0","0","0","https://x.com/undefined/status/1916886530544767456","1256362934470537216",
"1915539737605189921","Mon Apr 28 16:05:19 +0000 2025","0","@Ccookk_ @traveloka kak kalo gunung harta sama kramat jati bagusan mana ya? dari segi kenyamanan","1916886455336730912","","Ccookk_","in","","0","1","0","https://x.com/undefined/status/1916886455336730912","2237662177",
"1916886369848430777","Mon Apr 28 16:04:59 +0000 2025","0","23.04 WIB #Tol_Surabaya_Gempol HATI-HATI di Gunung Sari KM 11+600 arah Waru ada penanganan kendaraan Tronton gangguan patah as roda di lajur 1/kiri. GUNAKAN lajur 2-3/tengah-kanan.","1916886372088246690","","PTJASAMARGA","in","","0","0","0","https://x.com/undefined/status/1916886372088246690","540625251",
"1916814850770231436","Mon Apr 28 16:02:33 +0000 2025","0","@bitchierr d gunung mana ka?","1916885757983363320","","caalico0","tl","","0","1","0","https://x.com/undefined/status/1916885757983363320","1641623766",
"1916311308464754831","Mon Apr 28 16:02:21 +0000 2025","0","@leeheyrii @Ruonanu Saya maunya fuji gunung boleh?","1916885710260633948","","leeheyrii","in","","0","0","0","https://x.com/undefined/status/1916885710260633948","1293875228620156928",
"1916880357946954222","Mon Apr 28 16:02:10 +0000 2025","0","@vietnamdrip ㅤ Ayooo mau laut atau gunung? ㅤ","1916885664072868191","","vietnamdrip","in","","0","0","0","https://x.com/undefined/status/1916885664072868191","894545908896907266",
"1916885655545946365","Mon Apr 28 16:02:08 +0000 2025","0","mau masukin ke wl gua tahun ini mau mendaki gunung melewati lembah","1916885655545946365","","","in","","0","0","0","https://x.com/undefined/status/1916885655545946365","1133351673160593409",
"1916885360401125454","Mon Apr 28 16:00:58 +0000 2025","1","Done satu gunung semoga esok rajin nak settle kan gunung lagi satu sebelom kita ️","1916885360401125454","","","in","","0","0","0","https://x.com/undefined/status/1916885360401125454","412322506",
"1916885204406526078","Mon Apr 28 16:00:21 +0000 2025","0","naik gunung","1916885204406526078","","","in","","0","0","0","https://x.com/undefined/status/1916885204406526078","1799191688466075649",
