"conversation_id_str","created_at","favorite_count","full_text","id_str","image_url","in_reply_to_screen_name","lang","location","quote_count","reply_count","retweet_count","tweet_url","user_id_str","username"
"1988900619516510667","Thu Nov 13 23:11:46 +0000 2025","0","@DwiPakerti Tanah berbatu seperti di gunung kidul malah cocok ya ","1989108960524399084","","DwiPakerti","in","","0","0","0","https://x.com/undefined/status/1989108960524399084","1482040134254350343",
"1989107444853936541","Thu Nov 13 23:05:45 +0000 2025","3","Korem 063/Sunam Gunung Jati Mengucapkan Dirgahayu Penerbad Pusat penerbangan Angkatan Darat Wira Amur 14 November 2025 https://t.co/G89AtvD1on","1989107444853936541","https://pbs.twimg.com/media/G5q6qgzacAEoBaS.jpg","","in","","0","0","0","https://x.com/undefined/status/1989107444853936541","1446855366524895240",
"1989107308069286240","Thu Nov 13 23:05:12 +0000 2025","0","gak perlu hidup di desa pantai atau gunung. karena sesungguhnya syarat utama slow living itu bebas tunggakan","1989107308069286240","","","in","","0","0","0","https://x.com/undefined/status/1989107308069286240","97158423",
"1989107043148665117","Thu Nov 13 23:04:09 +0000 2025","0","Temukan Lavio axel Sepatu Gunung Boots Wanita Cewek women wanita Leon Original Abu Krem Hitam seharga Rp242.000. Dapatkan sekarang juga di Shopee! https://t.co/azO6dD4bj6","1989107043148665117","","","in","","0","0","0","https://x.com/undefined/status/1989107043148665117","3231288780",
"1989101975393431982","Thu Nov 13 22:59:43 +0000 2025","0","Intinya kan banjir nya udah surut terus udah GK ada gangguan gitu nah ortunya MC nih ngajak MC ke luar kota jadi kayak kota pegunungan gitu lah bentuk gunung nya tuh kayak koloni semut gitu makanya klo aku GK salah nama tempat nya anthill apa gitu aku lupa","1989105925760913841","","afru39","in","","0","0","0","https://x.com/undefined/status/1989105925760913841","1400824019432075265",
"1989105859428049107","Thu Nov 13 22:59:27 +0000 2025","0","Temukan Lavio axel Sepatu Gunung Boots Wanita Cewek women wanita Leon Original Abu Krem Hitam seharga Rp242.000. Dapatkan sekarang juga di Shopee! https://t.co/azO6dD4bj6","1989105859428049107","","","in","","0","0","0","https://x.com/undefined/status/1989105859428049107","3231288780",
"1989104721525879066","Thu Nov 13 22:54:56 +0000 2025","0","Jadi gunung ","1989104721525879066","","","in","","0","0","0","https://x.com/undefined/status/1989104721525879066","59084901",
"1989103783331393642","Thu Nov 13 22:54:44 +0000 2025","0","@mantapdanngeri Nama: Tidak disebutkan (mungkin Petualangan dari bio). Jenis Kelamin: Laki-laki. Usia: Sekitar 25-35 tahun (diperkirakan dari aktivitas). Pencapaian: Selesai race trail 30km sub 5 jam target 200km/bulan elite runner di komunitas loop gunung seperti","1989104672754528751","","mantapdanngeri","in","","0","0","0","https://x.com/undefined/status/1989104672754528751","1720665183188922368",
"1989103929310040121","Thu Nov 13 22:51:47 +0000 2025","0","Ternyata tracking tektok sendirian ke gunung karena hidupku se sepi itu malah dapat banyak temen baru ","1989103929310040121","","","in","","0","0","0","https://x.com/undefined/status/1989103929310040121","1908723300056039424",
"1988996189732368391","Thu Nov 13 22:48:00 +0000 2025","0","@shaekyungie Bagian kelebihannya on point sih thriller emang bikin otak kerja keras jantung dagdigdugser. Setuju banget soal kekurangannya kadang tuh alurnya muter-muter kayak lagi cari sinyal di gunung ","1989102977563648412","","shaekyungie","in","","0","1","0","https://x.com/undefined/status/1989102977563648412","276710941",
"1988914167516901479","Thu Nov 13 22:47:34 +0000 2025","0","@koh_robby @anakmamake02 Ada beritanya bro. Jembatan Hongqi di Sichuan China memang runtuh sebagian pada 11 November 2025 karena longsor tanah di lereng gunung meski baru diresmikan awal tahun. Untungnya polisi sudah tutup lalu lintas sebelumnya jadi zero korban jiwa. Ini dilaporkan media seperti","1989102869979824207","","koh_robby","in","","0","0","0","https://x.com/undefined/status/1989102869979824207","1720665183188922368",
"1968335581672534114","Thu Nov 13 22:45:24 +0000 2025","3","146. sampe turun gunung tuh https://t.co/Gk1sOUwO7K","1989102324162441517","https://pbs.twimg.com/media/G5q2BaDbgAARhkc.jpg","ijeseoyaneon","in","","0","1","0","https://x.com/undefined/status/1989102324162441517","1948346412988575745",
"1989102070784479494","Thu Nov 13 22:44:24 +0000 2025","0","// ojeg gunung : kak erren","1989102070784479494","","","in","","0","0","0","https://x.com/undefined/status/1989102070784479494","998938635452862464",
"1986427415263121720","Thu Nov 13 22:43:16 +0000 2025","0","tag The jewelry of southeast Asia gunung meru mount meru cambodia ms 54 kecopong ketopong","1989101786234515784","","hakmalr","in","","0","0","0","https://x.com/undefined/status/1989101786234515784","284709392",
"1986427415263121720","Thu Nov 13 22:41:59 +0000 2025","0"," asas bentuk hiasan kepala adalah gambaran gunung meru kecopong ketopong","1989101463931633867","","hakmalr","in","","0","0","0","https://x.com/undefined/status/1989101463931633867","284709392",
"1989101222520058271","Thu Nov 13 22:41:01 +0000 2025","0","Kok ada view gunung di sini. Gunung apaan ya","1989101222520058271","","","in","","0","0","0","https://x.com/undefined/status/1989101222520058271","2289123486",
"1989100454828269758","Thu Nov 13 22:37:58 +0000 2025","203","Perang Sudan karena rebutan Gunung Emas Jabal Amer sedang jadi sorotan dunia dan ini pelajaran besar bagi umat Islam hari ini. Silakan manfaatkan khutbah Jumat aktual ini untuk disampaikan pada jamaah di masjid Anda. Mohon sebarkan juga kepada para khatib lainnya agar semakin","1989100454828269758","","","in","","1","0","67","https://x.com/undefined/status/1989100454828269758","86414446",
"1988726718216151331","Thu Nov 13 22:36:50 +0000 2025","0","@vamprinze Tapi ga setiap tahun ke gunung Ke gunung pun too much karena berat","1989100166356562015","","vamprinze","in","","0","0","0","https://x.com/undefined/status/1989100166356562015","1705025702",
"1989094990660935806","Thu Nov 13 22:16:16 +0000 2025","0","JANGAN TERGIUR DENGAN HARGA MURAH OBAT ABORSI TERPERCAYA DAN AMANAH MENGATASI MASALAH ANDA KONSULTASI WA 081223311224 #obataborsi #obatpenggugurkandungan #obatcytotec #cytotec #caraaborsi #triples #gunung #videobokep #Trending #filmdewasa #obattelatbulan #obathaid","1989094990660935806","","","in","","0","0","0","https://x.com/undefined/status/1989094990660935806","1731976142339682304",
"1989094923539501130","Thu Nov 13 22:16:00 +0000 2025","0","JANGAN TERGIUR DENGAN HARGA MURAH OBAT ABORSI TERPERCAYA DAN AMANAH MENGATASI MASALAH ANDA KONSULTASI WA 081223311224 #obataborsi #obatpenggugurkandungan #obatcytotec #cytotec #caraaborsi #triples #gunung #videobokep #Trending #filmdewasa #obattelatbulan #obathaid","1989094923539501130","","","in","","0","0","0","https://x.com/undefined/status/1989094923539501130","1771174887216041984",
"1989051219378335850","Thu Nov 13 19:22:20 +0000 2025","0","ketemu gunung sunsetnya bagusss https://t.co/RZzDCMlv1c","1989051219378335850","https://pbs.twimg.com/media/G5qHip4aEAA7NYy.jpg","","in","","0","0","0","https://x.com/undefined/status/1989051219378335850","82366792",
"1989045059426332764","Thu Nov 13 18:57:51 +0000 2025","0","Lumayan habis nugas dapet summit satu gunung https://t.co/ClHCzSgg8J","1989045059426332764","https://pbs.twimg.com/ext_tw_video_thumb/1989045025905471488/pu/img/ZNmyNYxaTNyNYoK8.jpg","","in","","0","0","0","https://x.com/undefined/status/1989045059426332764","1825839797879156736",
"1989044651823886572","Thu Nov 13 18:56:14 +0000 2025","0","pertama kali liat langsung di map gunung user yang pake kaki beruang rada gimaan gitu ya....","1989044651823886572","","","in","","0","0","0","https://x.com/undefined/status/1989044651823886572","1808708801278980096",
"1989044157730726070","Thu Nov 13 18:54:16 +0000 2025","0","@pln_123 Haloo ini perumahan kota wisata cileungsi gunung putri bogor mati lampu?? ada masalah apa dan sampe kapan??","1989044157730726070","","pln_123","in","","0","1","0","https://x.com/undefined/status/1989044157730726070","3239976656",
"1989044133676400801","Thu Nov 13 18:54:10 +0000 2025","0","Naik gunung berdua jalan jalan berdua yg menggelap dia sendiri https://t.co/ANaFDlvTSB","1989044133676400801","https://pbs.twimg.com/media/G5qBGDzacAEErVH.jpg","","in","","0","0","0","https://x.com/undefined/status/1989044133676400801","1120700784839028738",
"1989037150583836782","Thu Nov 13 18:26:25 +0000 2025","0","alhamdulilah akhirnya dapat mutasi jurasic ga sia sia aku keluar dr map gunung pas lagi mabar https://t.co/86jyY7NYvk","1989037150583836782","https://pbs.twimg.com/media/G5p6v26acAEFBw3.jpg","","in","","0","0","0","https://x.com/undefined/status/1989037150583836782","1804060483240235011",
"1989036633241579583","Thu Nov 13 18:24:22 +0000 2025","0","ada yang suka naik gunung?kalau ada yu bareng ke sagara awal bulan","1989036633241579583","","","in","","0","0","0","https://x.com/undefined/status/1989036633241579583","1133922051046031360",
"1989035736142868733","Thu Nov 13 18:20:48 +0000 2025","0","Bandar Lampung Sebanyak 37 WBP dari Lapas Narkotika Bandar Lampung dimutasi ke dua satuan kerja pemasyarakatan di wilayah Lampung. Mutasi ini meliputi 14 orang WBP yang dipindahkan ke Lapas Kelas I Bandar Lampung dan 23 orang WBP ke Lapas Gunung Sugih. Kamis (13/11)","1989035736142868733","","","in","","0","1","0","https://x.com/undefined/status/1989035736142868733","1889534311013249024",
"1989035106925965771","Thu Nov 13 18:18:19 +0000 2025","0","masuk map ini bukan kayak main tapi lebih ke berkunjung ke samping rumah karena ya budug asu dan wonosari ada di barat rumah gue kaki gunung arjuna.","1989035109098602998","","moisdlle","in","","0","1","0","https://x.com/undefined/status/1989035109098602998","3160764200",
"1989022675130581421","Thu Nov 13 18:17:35 +0000 2025","0","@jellydrugss Naik gunung ","1989034927623663670","","jellydrugss","in","","0","0","0","https://x.com/undefined/status/1989034927623663670","1790391989755891712",
"1988751612723257426","Thu Nov 13 18:15:50 +0000 2025","0","@MuhammadTuhasan @alfredokusu Mereka yg kemakan konten si gubernur Mikirnya klo asli air pegunungan itu naek ke gunung trus ditadah langsung ke botol kemasan trus di distribusikan langsung ke konsumen.","1989034484851962170","","MuhammadTuhasan","in","","0","0","0","https://x.com/undefined/status/1989034484851962170","1090520570536460289",
"1989034049122295982","Thu Nov 13 18:14:06 +0000 2025","2","hi ada yang suka ke map dugem gunung atau voice gitu ga di !roblox kah? mutualan yukkk. yang ga masalah kalau aku sksd atau join join gituu https://t.co/dZZ0X238iY","1989034049122295982","https://pbs.twimg.com/media/G5p37QsWYAA-r64.jpg","","in","","0","10","0","https://x.com/undefined/status/1989034049122295982","1903872646678470656",
"1988932391105093764","Thu Nov 13 18:09:10 +0000 2025","0","@unicefess Nasi pecel sebrang smp 13 di sampangan nasi pecel di unnes ga ada yg semedok ini aku rela turun gunung cuma buat mam nasi pecel","1989032806127935724","","unicefess","in","","0","0","0","https://x.com/undefined/status/1989032806127935724","1551364700876980224",
"1989032693196333459","Thu Nov 13 18:08:43 +0000 2025","0","di gunung banyak setan gak ya","1989032693196333459","","","in","","0","1","0","https://x.com/undefined/status/1989032693196333459","1419990801245900807",
"1989032654751359403","Thu Nov 13 18:08:33 +0000 2025","1","abis ini kita naik gunung beneran @alvinalfredi https://t.co/PKO5IHqfRG","1989032654751359403","https://pbs.twimg.com/media/G5p2qKkacAQ6FvY.jpg","","in","","0","1","0","https://x.com/undefined/status/1989032654751359403","1808888582767325185",
"1988963248687980755","Thu Nov 13 17:51:33 +0000 2025","0","@Lvficer Ayo naik gunung sama aku kak","1989028373402906972","","Lvficer","in","","0","1","0","https://x.com/undefined/status/1989028373402906972","1109784441059053570",
"1989028346798436440","Thu Nov 13 17:51:26 +0000 2025","1","Sudah Di Cek Alhamdulillah Aman ternyata... Para tetua sedang Naik Gunung kita tunggu saja jadwal mereka turun gunung di huru hara berikutnya... Sehat-sehat Orang Baik... ","1989028346798436440","","","in","","0","0","0","https://x.com/undefined/status/1989028346798436440","1548147374534434818",
"1989027638011392338","Thu Nov 13 17:48:38 +0000 2025","0","merch ngalir bngt woi kayak mata air gunung","1989027640226050555","","kowatuotowakuo","in","","0","0","0","https://x.com/undefined/status/1989027640226050555","1951514335681060865",
"1989027489260490970","Thu Nov 13 17:48:02 +0000 2025","3","Kaya gunung fuji tpi topping nya pake skm coklat #latepost https://t.co/Rlczu0rBma","1989027489260490970","https://pbs.twimg.com/media/G5px8J5aEAAt7zC.jpg","","in","","0","0","0","https://x.com/undefined/status/1989027489260490970","1864112750592708613",
"1988974505210048794","Thu Nov 13 17:47:01 +0000 2025","0","@kmxgyu_ coba lempar org itu ke gunung salak","1989027235572121618","","kmxgyu_","in","","0","0","0","https://x.com/undefined/status/1989027235572121618","1301550964336259072",
"1988914458874335239","Thu Nov 13 16:58:39 +0000 2025","0","@guerherilla gunung andong yg katanya oke buat pemula itu tpi scam jirr itu klo di jateng emg yg paling rendah mdpl nya tp ttp aja megap megap ","1989015060078026757","","guerherilla","in","","0","1","0","https://x.com/undefined/status/1989015060078026757","1982860960345063424",
"1989014948379541570","Thu Nov 13 16:58:12 +0000 2025","0","Aku pengen banget naik gunung tapi aku naik tangga kostan aja agak cape mana udah iyain ajakan temen naik gunung prau abis uas","1989014948379541570","","","in","","0","0","0","https://x.com/undefined/status/1989014948379541570","1686667693817204736",
"1988804139359605007","Thu Nov 13 16:51:56 +0000 2025","0","@naratrii @pantai_gunung Ealahh pantes njdr","1989013372600545679","","naratrii","in","","0","0","0","https://x.com/undefined/status/1989013372600545679","1343776759519399939",
"1989013366569132196","Thu Nov 13 16:51:55 +0000 2025","2","Gunung","1989013366569132196","","","in","","0","0","0","https://x.com/undefined/status/1989013366569132196","1652704138520842241",
"1989012927068967179","Thu Nov 13 16:50:10 +0000 2025","0","anak paud mah menggambar gunung aja msh mencong mas","1989012927068967179","","","in","","0","0","0","https://x.com/undefined/status/1989012927068967179","1273116720597733383",
"1988967266642489392","Thu Nov 13 16:49:43 +0000 2025","3","@dennyindrayana Mantab bang Denny para begawan hukum kek nya harus turun gunung nih untuk menumpas para penjahat hukum dan cecunguk nya.","1989012814544142642","","dennyindrayana","in","","0","0","0","https://x.com/undefined/status/1989012814544142642","1860447730231050246",
"1988969452608843929","Thu Nov 13 16:49:30 +0000 2025","0","@AryaJournal naik gunung =","1989012759015837943","","AryaJournal","in","","0","1","0","https://x.com/undefined/status/1989012759015837943","1167035814443831296",
"1989012435420979220","Thu Nov 13 16:48:13 +0000 2025","0","Ga lagi lagi dah ke gunung itu tadi gw main nanya kan karena perasaan siang tadi ga sejauh itu jarak tangga nya Di samperin bilang cp itu rusak terus langsung di tinggal ga di kasih solusi","1989012435420979220","","","in","","0","1","0","https://x.com/undefined/status/1989012435420979220","1439613365748305920",
"1989012048240656666","Thu Nov 13 16:46:41 +0000 2025","0","Ternyata cewe pick me itu rilll bukan dongeng rakyat","1989012048240656666","","","in","","0","0","0","https://x.com/undefined/status/1989012048240656666","1935533242813468672",
"1989010608570982493","Thu Nov 13 16:44:54 +0000 2025","0","@kkkenftyou HAH APAAN ANOMALI GUNUNG?","1989011600955830499","","kkkenftyou","in","","0","1","0","https://x.com/undefined/status/1989011600955830499","1336819767957573632",
"1988914458874335239","Thu Nov 13 16:43:24 +0000 2025","0","@ziratoru gunung apa itu kaaaak? aku malah gunung yg beneran gunung harusnya 3 4 jaman malah krn aku lama jadi 6 jam","1989011223460077633","","ziratoru","in","","0","1","0","https://x.com/undefined/status/1989011223460077633","1978203204128321536",
"1989011186424369334","Thu Nov 13 16:43:15 +0000 2025","0","ke cf bawa tas gunung too much gak ya ","1989011186424369334","","","in","","0","0","0","https://x.com/undefined/status/1989011186424369334","1688188604571623424",
"1989010631136276493","Thu Nov 13 16:41:03 +0000 2025","0","@choisvn_ Ini dia si gunung.","1989010631136276493","","choisvn_","in","","0","0","0","https://x.com/undefined/status/1989010631136276493","1935289671275397122",
"1988842552758243821","Thu Nov 13 16:38:37 +0000 2025","0","@avocix meanwhile sepatu gue after gue bawa tempur naik gunung ujan ujanan dan becek cuma 35 mwehehe krn beneran gakuat nyuci sendiri anjrit kotor buangettt isinya tanah semua","1989010018956636387","","avocix","in","","0","0","0","https://x.com/undefined/status/1989010018956636387","1635642033908985857",
"1989009960278303147","Thu Nov 13 16:38:23 +0000 2025","1","ngerjain anak baru rosblok naik gunung penuh prank ini @freeranthere https://t.co/176jPXyZAz","1989009960278303147","https://pbs.twimg.com/media/G5piA_JakAA-LhS.jpg","","in","","1","1","1","https://x.com/undefined/status/1989009960278303147","1754236541709488128",
"1989009736663200035","Thu Nov 13 16:37:29 +0000 2025","0","Dikasih wejangan ama aki²: Nih tong klo mao punya bini cakep tuh kudu solat 5 wktu tepat terus jumatan jngn ketinggalan tahajjud tiap mlem yg trakhir pegih dah ke gunung salak tiap mlem kliwon Lah Baa kata gua itu yg terakhir begimana..","1989009736663200035","","","in","","0","0","0","https://x.com/undefined/status/1989009736663200035","1235869674761404417",
"1988804139359605007","Thu Nov 13 16:37:20 +0000 2025","0","@anfrnn @pantai_gunung iya nit kan pom mini","1989009695277801572","","anfrnn","in","","0","1","0","https://x.com/undefined/status/1989009695277801572","1744970788460249089",
"1989008058874490953","Thu Nov 13 16:30:49 +0000 2025","0","Ini orang dosanya udah setinggi gunung apa ya ngibulin orang mulu wkwkw kepikiran aja Lembang Cimahi","1989008058874490953","","","in","","0","0","0","https://x.com/undefined/status/1989008058874490953","1304445140233142273",
"1989007853756260683","Thu Nov 13 16:30:00 +0000 2025","0","cara first move tapi ga cringe gimana yaa tolong saran dong btw dia suka naik gunung","1989007853756260683","","","in","","0","0","0","https://x.com/undefined/status/1989007853756260683","1388424301385195520",
"1988914458874335239","Thu Nov 13 16:29:58 +0000 2025","0","@guerherilla plisss samaa aku juga malesss gunung yg estimasi bisa cuma satu jam setengah gara aku makan waktu 3 jam edann ","1989007842368770119","","guerherilla","in","","0","1","0","https://x.com/undefined/status/1989007842368770119","1982860960345063424",
"1988804139359605007","Thu Nov 13 16:28:34 +0000 2025","0","@naratrii @pantai_gunung Itu pom nya kecil kah???","1989007489967485403","","naratrii","in","","0","1","0","https://x.com/undefined/status/1989007489967485403","1343776759519399939",
"1989007460380868976","Thu Nov 13 16:28:27 +0000 2025","0"," setiap gunung tidak berjanji memberikan keindahan tapi setiao gunung pasti memberikan maknas di setiap perjalanan ","1989007460380868976","","","in","","0","0","0","https://x.com/undefined/status/1989007460380868976","1488282339344289792",
"1988971244763652447","Thu Nov 13 16:26:32 +0000 2025","0","@Nucleoside_ gunung kidul","1989006981232026003","","Nucleoside_","in","","0","0","0","https://x.com/undefined/status/1989006981232026003","1295524727717425152",
"1989006803267661878","Thu Nov 13 16:25:50 +0000 2025","1","Kamis 13/11/25 pukul 11.56 WIB Bripka Iwan Bhabinkamtibmas Kel.Pademangan Barat melaksanakan kunjungan ke Jln.Gunung Sahari Rt 01/01 Pademangan Barat Bertemu Bpk.Maulana sampaikan pesan Kamtibmas agar berperan aktif menjaga lingkungan https://t.co/gsi1kuzNre","1989006803267661878","https://pbs.twimg.com/media/G5pfG-Va8AAYhb8.jpg","","in","","0","0","0","https://x.com/undefined/status/1989006803267661878","1092967217782640640",
"1988912067806372101","Thu Nov 13 16:25:27 +0000 2025","0","@beebiemoon Wkwkwkwk belom Kak masih diproses di lokasi sortir Surabaya Gunung Anyar FM ","1989006708795113794","","beebiemoon","in","","0","0","0","https://x.com/undefined/status/1989006708795113794","93639441",
"1988982398776930362","Thu Nov 13 16:23:38 +0000 2025","0","@yourbae Gunung sumbing kalo meletus suaranya gimana?","1989006250634584497","","yourbae","in","","0","0","0","https://x.com/undefined/status/1989006250634584497","478329512",
"1989002913130447274","Thu Nov 13 16:10:49 +0000 2025","0","ini prosesnya lama gapapaaa blm ada rencana naik gunung lg soalnyaa","1989003023927083519","","stayjsuh","in","","0","0","0","https://x.com/undefined/status/1989003023927083519","1898615724706557952",
"1989001848234344921","Thu Nov 13 16:06:09 +0000 2025","0","Bntr ni ya cil jungi~~ Bisa2nya dri harmo bawah terus loncat ke harmo atas udh gtu turun lgi ke bawah. Udh kaya gunung aja itu nadaa mna ngeblend pula","1989001848234344921","","","in","","0","1","0","https://x.com/undefined/status/1989001848234344921","1586584192028012544",
"1989001244766290115","Thu Nov 13 16:03:45 +0000 2025","0","Agenda gue naik gunung gak jadi2 woy besok terancam batal lagi","1989001244766290115","","","in","","0","0","0","https://x.com/undefined/status/1989001244766290115","1174482122066673664",
"1988914458874335239","Thu Nov 13 16:03:08 +0000 2025","0","@ziratoru aku malah malas naik gunung karena aku semalas itu bergerak kak gila pernah sekali dan terakhir kalinya itu aku di tengah jalan muntah muntah gendeng ","1989001091896512697","","ziratoru","in","","0","1","0","https://x.com/undefined/status/1989001091896512697","1978203204128321536",
"1988995905551507937","Thu Nov 13 16:01:43 +0000 2025","0","@ooomli Pernah langgar taman gunung view dgn rahsia je bang tu pun kejap je","1989000733375754732","","ooomli","in","","0","1","0","https://x.com/undefined/status/1989000733375754732","473998616",
"1989000704384811223","Thu Nov 13 16:01:36 +0000 2025","0","Aku begitu kagum padamu karna menemukanmu seperti aku berkaca pada diriku sendiri tentang panggung besar itu tentang gunung dan tanjakan itu tentang terjalnya tebing itu tentang asam dan pahitnya kopi itu tentang buku buku yang kau baca itu tentang kendaraan impianmu itu ","1989000704384811223","","","in","","0","1","0","https://x.com/undefined/status/1989000704384811223","1699109959143940096",
"1988232710394180006","Thu Nov 13 16:01:24 +0000 2025","0","@ashineveil yeay ayo skrg kt mendaki gunung karena km udh kuat lg :&gt;","1989000654980071771","","ashineveil","in","","0","1","0","https://x.com/undefined/status/1989000654980071771","1789739337921486848",
"1988842552758243821","Thu Nov 13 16:01:11 +0000 2025","0","@avocix Kak aku kemarin turun gunung mau nyuci sepatu yg sehari jadi. Harganya 100rb ","1989000599480987681","","avocix","in","","0","0","0","https://x.com/undefined/status/1989000599480987681","169010677",
"1989000570414461081","Thu Nov 13 16:01:04 +0000 2025","0","naik gunung ma si avery digendong admin malah tidur anjir gue","1989000570414461081","","","in","","1","0","0","https://x.com/undefined/status/1989000570414461081","1613852100785737736",
"1988946510193754441","Thu Nov 13 15:58:02 +0000 2025","0","@fimblezing apa itu gunung agung mas? lho di kampungmu ga ada toko buku ya? ","1988999807634141519","","fimblezing","in","","0","1","0","https://x.com/undefined/status/1988999807634141519","1712094034637045760",
"1988999616277483700","Thu Nov 13 15:57:17 +0000 2025","0","bulan ini ngerasa beruntung banget menemukan buku-buku yang aku cari dengan harga semiring gunung merapi","1988999616277483700","","","in","","0","0","0","https://x.com/undefined/status/1988999616277483700","1941616567185297409",
"1988999273044930978","Thu Nov 13 15:55:55 +0000 2025","1","Dalam cerita putri bokor atau putri ong tien Sunan Gunung Jati adalah pendiri Kesultanan Cirebon. Belajar dari sejarah Indonesia tidak pernah kalah dari Tiongkok. #Peringatan Hari Pahlawan #Peringatan Hari sumpah pemuda.","1988999273044930978","","","in","","0","0","0","https://x.com/undefined/status/1988999273044930978","1094467364014321665",
"1988919547282239566","Thu Nov 13 15:03:43 +0000 2025","0","@lleadyaa naik gunung aja gak mau","1988986136145047798","","lleadyaa","in","","0","1","0","https://x.com/undefined/status/1988986136145047798","1809894476535746560",
"1988552422025765267","Thu Nov 13 15:02:59 +0000 2025","0","@pgymyowl Ga suka gunung.","1988985951897739344","","pgymyowl","in","","0","0","0","https://x.com/undefined/status/1988985951897739344","1921842565596524544",
"1988985478188532060","Thu Nov 13 15:01:06 +0000 2025","33","#celahawan Gunung tak memilih siapa yang mendaki namun tak semua langkah tiba di puncak. Sebab ketinggian sejati bukan soal tenaga melainkan hati yang mau merendah. Puncak bukan tempat meninggi melainkan ruang sunyi untuk menaklukkan diri. Sebab pada akhirnya yang https://t.co/kPsYmdEsso","1988985478188532060","https://pbs.twimg.com/amplify_video_thumb/1988985221803307008/img/8Q1xSsEq-B2iLK6Q.jpg","","in","","0","1","7","https://x.com/undefined/status/1988985478188532060","1779416579694080000",
"1988985303026339902","Thu Nov 13 15:00:25 +0000 2025","0","Dulu waktu kecil inget bgt liat jalan di depan toko Gunung Agung &amp; SDN Polisi 5 (SD kecil ku ) everything used to look so big like the world had no edges.. Funny how growing up makes places feel smaller : )","1988985306176188549","","bleupaencakes","in","","0","0","0","https://x.com/undefined/status/1988985306176188549","1029377213286600706",
"1988983980222464471","Thu Nov 13 15:00:13 +0000 2025","0","Musim hujan ngajakin naik gunung agak pinter. Apakah harus kubangunkan gen milenial yang budak korporat ntu dan realisasikan ke lembah lohe?","1988985257291575464","","hawnum","in","","0","0","0","https://x.com/undefined/status/1988985257291575464","1901641437676269568",
"1988985251591516588","Thu Nov 13 15:00:12 +0000 2025","1","Skuy mari kita coba Cairn! Mendaki gunung lewati lembah kedinginan kalau udah sampai atas ","1988985251591516588","","","in","","0","0","0","https://x.com/undefined/status/1988985251591516588","1762348700125573120",
"1940938988262773227","Thu Nov 13 14:58:09 +0000 2025","0","@MataElang247 @Juragann_muda2 @BapakDariAnak2 @__anomali__ @Nagakayu11 @aesculapiusw @_majusi_ @_MadManMo_ @Alie_Fahnoor @stefyODGJ_syin @kakilangitimur @BejoP83769 @ParaDox1830307 @AyaniMel @ha818 @againstkadroen @imamDouma @JLion555 @Kinjeng0Ireng @TomatTomat44 @humilitylover @Stefany_mrongos @katzennada @Manuk_Emprit76 @Valhallaah @AlanUstad56 @Cl0pidogrel @paolnapi @Ruth_Djojoning @apostolosyohans @catzen_nada @Orza961026 @2332Yo @__SudutPandang @victoragiular @Catze_Nada @FaktaBerita89 @beng_beng_ok @LogikaMistik @Huntmon1 @c0leaid @StefanjingYin @_IloveHamas @MillMx429564 @Tuh_cab @Kumba0karno @RyKe355493 Wah pertanyaan bagus! Itu namanya fosil polystrate seperti tunggul pohon yang nyebrang lapisan sedimen. Penjelasan ilmiahnya: lapisan itu bisa terbentuk cepat misal karena banjir besar atau letusan gunung berapi jadi tunggulnya terkubur cepat sebelum lapuk. Bukan nunggu","1988984736019255520","","MataElang247","in","","1","0","0","https://x.com/undefined/status/1988984736019255520","1720665183188922368",
"1988984330564329493","Thu Nov 13 14:56:32 +0000 2025","0","One thing that I will never do tuh kayaknya naik gunung deh","1988984330564329493","","","in","","0","1","0","https://x.com/undefined/status/1988984330564329493","1270005870",
"1988923899946627267","Thu Nov 13 14:56:15 +0000 2025","0","@4theloveonjune janten bade iraha ka gunung? ","1988984259575746904","","4theloveonjune","in","","0","1","0","https://x.com/undefined/status/1988984259575746904","1309329022560559104",
"1988983980222464471","Thu Nov 13 14:55:09 +0000 2025","0","Teman gw malam-malam nelfon gw pikir kenapa kocak. Ngajakin naik gunung. Sekali lagi ngajakin naik gunung:)))","1988983980222464471","","","in","","0","1","0","https://x.com/undefined/status/1988983980222464471","1901641437676269568",
"1988804692626010372","Thu Nov 13 14:54:38 +0000 2025","0","@zakiberkata Diatas gunung masih ada gunung (kuasa ilahi)","1988983853537718541","","zakiberkata","in","","0","0","0","https://x.com/undefined/status/1988983853537718541","1721666737165467648",
"1988945859405574645","Thu Nov 13 14:54:34 +0000 2025","0","@Hahkossong @yinewz Gunung apa ini ka?","1988983835414106332","","Hahkossong","in","","0","0","0","https://x.com/undefined/status/1988983835414106332","1910932009175965697",
"1988580076464808332","Thu Nov 13 14:54:29 +0000 2025","0","@sdxyzzz_ @MuhammadiyinGL Nama: Bolankkk (berdasarkan display name) Jenis Kelamin: Laki-laki (diasumsikan dari minat sepak bola) Usia: 20-30 tahun (estimasi dari konten dewasa muda) Pencapaian: Belum terlihat jelas dari tweet Hobi: Sepak bola (fan Liverpool) ngopi mendaki gunung (Merbabu) berkebun","1988983814371397887","","sdxyzzz_","in","","0","0","0","https://x.com/undefined/status/1988983814371397887","1720665183188922368",
"1988983582250135898","Thu Nov 13 14:53:34 +0000 2025","0","Gunung","1988983582250135898","","","in","","0","0","0","https://x.com/undefined/status/1988983582250135898","1733388106920050688",
"1988983318159982905","Thu Nov 13 14:52:31 +0000 2025","0","setiap gunung ada lagunya bjir wkwk","1988983318159982905","","","in","","0","0","0","https://x.com/undefined/status/1988983318159982905","91293763",
"1988982889330143742","Thu Nov 13 14:50:48 +0000 2025","0","8° ketika kabut mulai enggan menunggu. 12° naiknya matahari pagi dari ufuk timur... menyapa kehangatan bumi. Pedagang temulawak dan jahe kencur .. mulai menawarkan dagangannya di pasar lereng gunung. Sesekali nampak di warung yg familiar disebut angkring perokok pengkopi...","1988982889330143742","","","in","","0","5","0","https://x.com/undefined/status/1988982889330143742","2324473777",
"1988962885075419350","Thu Nov 13 14:50:40 +0000 2025","1","@tangerinecourt Iyaaa wkwk ku juga pernah nemu panel manga Yaku pake outfit hiking (tapi gatau dari chapter mana) mana aku juga lebih suka naik gunung daripada ke pantai lagi ️ https://t.co/c0JsIZeOB0","1988982852256686351","https://pbs.twimg.com/media/G5pJXSlaEAA-CQ2.jpg","tangerinecourt","in","","0","1","0","https://x.com/undefined/status/1988982852256686351","1798765151589683200",
"1988948127362216351","Thu Nov 13 14:50:09 +0000 2025","0","@yourbae Sekilas mirip sama yg sukak naik gunung rap","1988982722942136357","","yourbae","in","","0","0","0","https://x.com/undefined/status/1988982722942136357","586383084",
"1988964822478909755","Thu Nov 13 14:49:22 +0000 2025","0","@uccccisss kalian ngespace selalu pas di timing tugas aku lagi numpuk setinggi gunung rinjani","1988982527084884444","","uccccisss","in","","0","1","0","https://x.com/undefined/status/1988982527084884444","1789930843286482944",
"1987753709389197700","Thu Nov 13 14:47:42 +0000 2025","1","@Ricky_896 @Altrezyi @IronicallyInYKT Kebanyakan orang jawa akan mengatakan hb x ya raja jogja atau yogya. Bahkan orang jawa aja ga ngerti kalo yogya itu juga ada pakualaman ada yogya sendiri ada gunung kidul di surakarta juga ada kasunanan dan mangkunegaran.","1988982106857611532","","SMDiary29","in","","0","2","0","https://x.com/undefined/status/1988982106857611532","1518758626986405888",
"1985071042721972674","Thu Nov 13 14:47:23 +0000 2025","0","@sunghonob Kita nggak ketemu soalnya saya baru ke Jepang pas akhir bulan dd. Okee nanti fotoin aja gunung Fuji nya.. takut saya dibawa ke rumah sakit jiwa kalau bawa gunung Fuji (karena pikirannya aneh). Ajarin saya buat Tiktok yang keren dong. Nggak kerasa nanti 2026.. semangat ya!","1988982027652403319","","sunghonob","in","","0","0","0","https://x.com/undefined/status/1988982027652403319","1978647038071029760",
"1988981988221677711","Thu Nov 13 14:47:18 +0000 2025","1","Mini vlog mendaki gunung Elora bersama adek sayang dengan material dari si cantik. Mas gak bisa record ternyata. Tapi sempet ambil beberapa foto cantik dari si Mungil bonus pangkuan. https://t.co/rZ2oUzJNfV","1988982005405827382","https://pbs.twimg.com/media/G5pIlw_b0AAnm8o.jpg","Tngkasa","in","","0","1","1","https://x.com/undefined/status/1988982005405827382","1966918933866573825",
"1988981964943372781","Thu Nov 13 14:47:08 +0000 2025","0","seneng banget deket rumah jadi ada cafe yang punya mesin dart akhirnya darts unyu gua turun gunung lagi setelah hampir 5 tahun bersarang dalem lemari https://t.co/o0SDMWFiVJ","1988981964943372781","https://pbs.twimg.com/media/G5pIjgZacAQ2A-M.jpg","","in","","0","0","0","https://x.com/undefined/status/1988981964943372781","103847657",
"1988981616094650795","Thu Nov 13 14:45:45 +0000 2025","2","tidak berbakat naik gunung https://t.co/YLjVePmxJF","1988981616094650795","https://pbs.twimg.com/media/G5pIPUabIAIb_tA.jpg","","in","","0","1","0","https://x.com/undefined/status/1988981616094650795","1087114553450627073",
"1988981428009550153","Thu Nov 13 14:45:00 +0000 2025","0","Gunung dan pantai hanyalah dua sisi dari satu pelajaran besar: bahwa kehangatan baik dalam alam maupun dalam hidup tidak bergantung pada jarak. #Headline https://t.co/HrK4YDKcgh","1988981428009550153","","","in","","0","0","0","https://x.com/undefined/status/1988981428009550153","23786106",
"1987364329176318002","Thu Nov 13 14:44:18 +0000 2025","0","@kirdohoon Lebih spesifik gunung merapi atau fuji yaa? Oh jadi ini usaha kecil-kecilan Dohoon TWS.. Gak dulu deh... Tawarin ayam warna-warni deh coba.","1988981251647398360","","kirdohoon","in","","0","0","0","https://x.com/undefined/status/1988981251647398360","4463486772",
"1988980723559149646","Thu Nov 13 14:42:12 +0000 2025","0","ada yang punya grup dc !roblox ga guys? yg suka main vd/naik gunung/apa aja deh lagi pgn ngobrol sama orangg hidupku lg sepi bgt giluyy","1988980723559149646","","","in","","0","2","0","https://x.com/undefined/status/1988980723559149646","1903872646678470656",
"1988565840745381896","Thu Nov 13 14:41:37 +0000 2025","0","@BrainDanielaa YUK infokan gunung mana kk","1988980574590304543","","BrainDanielaa","in","","0","1","0","https://x.com/undefined/status/1988980574590304543","943835593821380609",
"1988980328778940789","Thu Nov 13 14:40:38 +0000 2025","0","Iseng naek gunung an.. ini dr jam 8 baru selesai jam 10. Gak lagi maen beginian.. :) https://t.co/l1PP7zK6vV","1988980328778940789","https://pbs.twimg.com/media/G5pHEZjbkAAR5QW.jpg","","in","","0","1","0","https://x.com/undefined/status/1988980328778940789","1297085985918836736",
"1988888638847939020","Thu Nov 13 14:38:12 +0000 2025","1","@del_paijo Gunung apa nih? Kalo gendong yang langsing kayaknya mereka mau-mau aja","1988979716452413857","","del_paijo","in","","0","1","0","https://x.com/undefined/status/1988979716452413857","1176850569119424512",
"1988979344266469715","Thu Nov 13 14:36:43 +0000 2025","170","!roblox dlu aku sama temen se komun sering mabar tapi semenjak fish it booming jadi sepi bgt huhu tolong balikin kawan kawan aku aku walaupun cuma mabar di gunung ez kaya talamau dll aku kangen https://t.co/MnyjQZ85dr","1988979344266469715","https://pbs.twimg.com/media/G5pGLCDXkAAdciY.jpg","","in","","12","28","6","https://x.com/undefined/status/1988979344266469715","1903872646678470656",
"1988979219498762304","Thu Nov 13 14:36:14 +0000 2025","0"," kaka mau naik gunung ya sm temen2 ga gausah aneh aneh ya kan ramee an udah cari cafe aja sana yg di atas bukit cari yg ga terlalu tinggi ????!!! gajelas yah","1988979219498762304","","","in","","0","2","0","https://x.com/undefined/status/1988979219498762304","1729490756052865024",
"1940938988262773227","Thu Nov 13 14:36:06 +0000 2025","0","@BapakDariAnak2 @againstkadroen @__anomali__ @_MadManMo_ @ha818 @ParaDox1830307 @ShutPCQ @grok @XNabee30316 @aesculapiusw @imamDouma @Kelik_Es @zulfiarrahman @paolnapi @Alie_Fahnoor @penyebaracun @kakilangitimur @Tuh_cab @Juragann_muda2 @Ruth_Djojoning @_majusi_ @RyKe355493 @TomatTomat44 @victoragiular @Valhallaah @YNP_NCF @iam_zelt @humilitylover @Orza961026 @InWahyudi581 @apostolosyohans @Kumba0karno @MillMx429564 @FaktaBerita89 @oculpwlus @Kirti0Mukha @virtual24130 @Huntmon1 @lawankadru25786 @c0leaid @abdulah_ibnkalb @stafsusthe2 @Richbranf @Bapa_Gembala @PanglimaIreng @NetralID62 @BangToriant @allah Dalam konteks agama-agama Kanaan kuno Ēl (אֵל) dikenal sebagai dewa gunung atau dewa tertinggi yang bersemayam di puncak gunung suci sering disebut sebagai Gunung Lel atau Gunung Ṣapōn (Zaphon) dalam teks Ugarit - pesisir Syria modern. Badut! https://t.co/Yz4rsVHHRj","1988979187424932192","","BapakDariAnak2","in","","0","1","0","https://x.com/undefined/status/1988979187424932192","828416659169775616",
"1988939095947768257","Thu Nov 13 14:35:58 +0000 2025","0","@anggapajaa @pantai_gunung @unicefess gang lempeng sari kakk","1988979153266438178","","anggapajaa","in","","0","0","0","https://x.com/undefined/status/1988979153266438178","1951075947794575361",
"1987200979670868301","Thu Nov 13 14:34:43 +0000 2025","0","@SiuniuRoom @tanyakanrl ngak ko kk justru jaket puffy2 gtu bisa di pres di gencet aman gak rusak ada juga tuh yg jual compression bag nga sampai 30k bsa dipakai buat yg lain juga selelain buat naik gunung sipp kakk kalau ada pertanyaan atau diskusi dm aj kak","1988978840140673049","","SiuniuRoom","in","","0","1","0","https://x.com/undefined/status/1988978840140673049","548068396",
"1988978460728213587","Thu Nov 13 14:33:13 +0000 2025","1","sumpah ak pas muncak di gunung gempi di cp 50 ak gak bisa2 anjir tp pas ak ngejokiin pacarku sekali coba lgsg bisa stress.. ak smpe frustasi pdhal pas pake akunku..","1988978460728213587","","","in","","0","0","0","https://x.com/undefined/status/1988978460728213587","1956046765310009347",
"1988972520129925330","Thu Nov 13 14:31:46 +0000 2025","0","@willmcbeth @fleurpdelys Bajigur. Besok la bang. Ke gunung botol. Kita dengarkan sama2 suara adminnya","1988978097400737846","","willmcbeth","in","","0","1","0","https://x.com/undefined/status/1988978097400737846","1925545637007044608",
"1988642165250281539","Thu Nov 13 14:31:29 +0000 2025","0","@melvionace @pasmcal skip dlu mau healing di gunung.","1988978027422969933","","melvionace","in","","0","2","0","https://x.com/undefined/status/1988978027422969933","1976208963617292292",
"1988668938608341091","Thu Nov 13 14:31:25 +0000 2025","0","@yourDNA99 @purenature_1 Ini adalah Banff Avenue di Banff Alberta Kanada. Pemandangan musim dingin yang indah dengan Gunung Cascade di latar belakang! ️","1988978007349031383","","yourDNA99","in","","0","0","0","https://x.com/undefined/status/1988978007349031383","1720665183188922368",
"1988563468304179439","Thu Nov 13 14:30:22 +0000 2025","0","@KOENHNO hari ini 10/100 deh dedek capek banget huhu belum diving juga.. boleh divingin akun qeeisa gak dari 4 minggu yang lalu? :3 btw oppa diatas gunung mau nawarin penyewaan tenda yaa?","1988977746438135996","","KOENHNO","in","","0","0","0","https://x.com/undefined/status/1988977746438135996","2946866792",
"1988977653701836978","Thu Nov 13 14:30:00 +0000 2025","1","Viral Manusia Gua di Jombang! Tinggal 20 Tahun di Hutan Lereng Gunung Anjasmoro https://t.co/PGABzCw4ir","1988977653701836978","","","in","","0","0","0","https://x.com/undefined/status/1988977653701836978","132078023",
"1988649249446228130","Thu Nov 13 14:28:52 +0000 2025","0","@munvess Menaklukan semua gunung fi roblox berdua doesn't make her yours","1988977369508675829","","munvess","in","","0","0","0","https://x.com/undefined/status/1988977369508675829","1165097632525537281",
"1988977306589884605","Thu Nov 13 14:28:37 +0000 2025","0","22 tahun hidup baru tau depan rumah keliatan gunung https://t.co/mScQ7BIRiY","1988977306589884605","https://pbs.twimg.com/media/G5pEUMZbsAAkIgf.jpg","","in","","0","0","0","https://x.com/undefined/status/1988977306589884605","1828161456636076033",
"1988906884271603972","Thu Nov 13 14:26:40 +0000 2025","0","@charthinp @janistarrs Gantungan kunci gunung fuji satu satu","1988976814614864009","","charthinp","in","","0","1","0","https://x.com/undefined/status/1988976814614864009","3952365612",
"1988748615024800073","Thu Nov 13 14:24:45 +0000 2025","0","@d4ny4di ga lebih baik pea dan kata siapa cuma nyembah gunung apa aja disembah orang jaman dulu","1988976331124793418","","d4ny4di","in","","0","0","0","https://x.com/undefined/status/1988976331124793418","1819111611929624576",
"1988976298090459210","Thu Nov 13 14:24:37 +0000 2025","0","brusan diajak naik gunung LAMA BET NJIR NUNGGU YG LAEN","1988976298090459210","","","in","","0","0","0","https://x.com/undefined/status/1988976298090459210","1305324325323419648",
"1988627475715215579","Thu Nov 13 14:23:27 +0000 2025","0","@saphirow1lk Nama: Fira Jenis Kelamin: Perempuan Usia: Sekitar 20-30 tahun (berdasar topik hubungan &amp; aktivitas) Pencapaian: Bertahan setahun tanpa mantan belajar melepaskan eksplorasi diri Hobi: Naik gunung makeup ekspresi emosi di sosmed Pekerjaan: Pegawai kantor (mencari","1988976002694017065","","saphirow1lk","in","","0","0","0","https://x.com/undefined/status/1988976002694017065","1720665183188922368",
"1988972944618566081","Thu Nov 13 14:22:58 +0000 2025","0","@bbeehoneyy kw gunung kidul pantai bagus2 disana","1988975881155670042","","bbeehoneyy","in","","0","0","0","https://x.com/undefined/status/1988975881155670042","1289668759800524800",
"1988972918488068218","Thu Nov 13 14:22:48 +0000 2025","0","@namelessguurls Nama: Tidak disebutkan (alias Devil Queen) Jenis Kelamin: Perempuan Usia: 26 Pencapaian: Kerja keras meski lembur terus solo trip dan naik gunung Hobi: Baca manhwa (Spirit Fingers) mendaki gunung solo trip makan enak kerokan Pekerjaan: Pekerja shift dengan lembur sering","1988975842094116872","","namelessguurls","in","","0","1","0","https://x.com/undefined/status/1988975842094116872","1720665183188922368",
"1988975711894589533","Thu Nov 13 14:22:17 +0000 2025","0","gua tau ini alay tapi kalo emang semua harus diambil dari gua setidaknya kesempatan kali ini jangan ya Allah. for once please. let me get what i want ;) aku minta doanya ya teman teman supaya aku bisa naik gunung ","1988975711894589533","","","in","","0","0","0","https://x.com/undefined/status/1988975711894589533","1822805433817726976",
"1988939095947768257","Thu Nov 13 14:22:10 +0000 2025","0","@zzjenoww @pantai_gunung @unicefess kurang tau tapi makasih infonya ka","1988975680458203264","","zzjenoww","in","","0","0","0","https://x.com/undefined/status/1988975680458203264","1706941926526881792",
"1988531999951167554","Thu Nov 13 14:19:37 +0000 2025","0","@gelemepiye Bisa .. Tp Naik gunung bareng dulu","1988975040168419696","","gelemepiye","in","","0","0","0","https://x.com/undefined/status/1988975040168419696","1487689122404003840",
"1988975024796303419","Thu Nov 13 14:19:33 +0000 2025","1","Siapa yang main ke gunung horror tapi masih sempet pacaran? Kami. https://t.co/JQRZZHMPY3","1988975024796303419","https://pbs.twimg.com/media/G5pCPdAawAEBbnL.jpg","","in","","0","3","1","https://x.com/undefined/status/1988975024796303419","1957645271544066048",
"1988950177835843959","Thu Nov 13 14:19:30 +0000 2025","0","@yong_livv Jateng kak deket dieng (kalo tau) hehe gunung bgt ","1988975008547541138","","yong_livv","in","","0","1","0","https://x.com/undefined/status/1988975008547541138","1294101458724352000",
"1988975003757605056","Thu Nov 13 14:19:28 +0000 2025","0","jadi inget waktu itu kena scam ibu-ibu jualan strawberry dibeli karena kasian gendong jualan di gunung pas dibuka ternyata yang bawah isinya kardus mana beli 3 pack satu lagi dateng dari jauh nawarin blueberry pas tak lihat ternyata murbei MAU NOLAK GAK ENAK heuheu shibal","1988975003757605056","","","in","","0","0","0","https://x.com/undefined/status/1988975003757605056","368297237",
"1988974957603483906","Thu Nov 13 14:19:17 +0000 2025","0","sumpah jiwaku menggebu liat mas gw mau naik gunung pengen ikutt","1988974957603483906","","","in","","0","1","0","https://x.com/undefined/status/1988974957603483906","1546317820090552320",
"1988974657371025413","Thu Nov 13 14:18:06 +0000 2025","0","Gua udah kayak mbah marijan aja kunci gunung","1988974657371025413","","","in","","0","1","0","https://x.com/undefined/status/1988974657371025413","1969435565973258247",
"1988798325429268780","Thu Nov 13 14:17:54 +0000 2025","1","@kalakembara Sebenarnya masalah 2 guru ini hanya puncak gunung esnya saja. Di bawahnya kompleks sekali mulai dari gaji guru honorer sampai LSM yg sok jagoan dan tdk tersentuh hukum. Apa yg dikerjakan prabowo memang diapresiasi tapi belum cukup menjawab akar masalahnya","1988974607823741034","","kalakembara","in","","0","0","0","https://x.com/undefined/status/1988974607823741034","97823924",
"1988934010547155239","Thu Nov 13 14:17:51 +0000 2025","0","@BoobaBee9 Diajak naek gunung sekalian ga?","1988974595832172671","","BoobaBee9","in","","0","1","0","https://x.com/undefined/status/1988974595832172671","1284037529461641216",
"1988832355012759660","Thu Nov 13 14:17:03 +0000 2025","5","@ashestweeting @BudiBukanIntel jangan nimpa puisi naik gunung ","1988974395105374569","","ashestweeting","in","","0","0","0","https://x.com/undefined/status/1988974395105374569","1659556334872969216",
"1988973919811035350","Thu Nov 13 14:15:10 +0000 2025","0","gue di daerah deket kaki gunung trus ujan kan pas ngumpul orang pada cerita di kamar kedinginan gue yang pake celana pendek sm tanktop: https://t.co/9TzsMbDNwZ","1988973919811035350","https://pbs.twimg.com/media/G5pBO-TaMAADx_K.jpg","","in","","0","0","0","https://x.com/undefined/status/1988973919811035350","1918145602329952262",
"1988973740110278908","Thu Nov 13 14:14:27 +0000 2025","0","𝐊𝐮𝐢𝐥 𝐁𝐞𝐫𝐬𝐞𝐣𝐚𝐫𝐚𝐡 𝐘𝐨𝐧𝐠𝐪𝐢𝐧𝐠 𝐝𝐢 𝐂𝐡𝐢𝐧𝐚 𝐓𝐞𝐫𝐛𝐚𝐤𝐚𝐫 𝐈𝐤𝐨𝐧 𝐑𝐢𝐛𝐮𝐚𝐧 𝐓𝐚𝐡𝐮𝐧 𝐓𝐞𝐫𝐚𝐧𝐜𝐚𝐦 𝐇𝐢𝐥𝐚𝐧𝐠 Kuil Yongqing di Gunung Fenghuang Jiangsu China dilalap api. Rekaman yang beredar di media sosial memperlihatkan kobaran api hebat https://t.co/PjHGFhAEXA","1988973740110278908","https://pbs.twimg.com/amplify_video_thumb/1988969753067892736/img/yomnG5tuQHjpzW7k.jpg","","in","","0","0","0","https://x.com/undefined/status/1988973740110278908","502140136",
"1988973250123296828","Thu Nov 13 14:12:30 +0000 2025","0","25 tahun belum pernah naek gunung","1988973250123296828","","","in","","0","0","0","https://x.com/undefined/status/1988973250123296828","383644963",
"1988972918488068218","Thu Nov 13 14:12:20 +0000 2025","0","@namelessguurls Nama: Tidak disebutkan (alias Devil Queen) Jenis Kelamin: Perempuan Usia: 26 Pencapaian: Bertahan setelah putus cinta kerja keras meski lembur terus Hobi: Baca manhwa (Spirit Fingers) mendaki gunung solo trip makan enak kerokan Pekerjaan: Pekerja shift dengan lembur","1988973205047124303","","namelessguurls","in","","0","1","0","https://x.com/undefined/status/1988973205047124303","1720665183188922368",
"1988783729062646044","Thu Nov 13 14:12:14 +0000 2025","1","@RatnaPuspi16942 @Kapitein_1825 Wah J: Hewan Pintar! Itu nunjukin kamu setia intuitif dan suka kolaborasi alami cocok sama misteriusmu yang strategis seperti duo tak terlihat dengan sidekick licik di lautan biru melawan penjahat super! Mau lanjut? Pilih markas: Gunung (M) Kota (N) atau Laut (O)? ","1988973179629719921","","RatnaPuspi16942","in","","0","1","0","https://x.com/undefined/status/1988973179629719921","1720665183188922368",
"1988829835196604872","Thu Nov 13 14:10:23 +0000 2025","0","@poconxg Desember nanti Hmm Main ke kereta gantung main wahana kaya jatim park seharian Ditemenin yapping dgn view gunung seharian ~ Photoshoot pake preety dress","1988972715496329535","","poconxg","in","","0","0","0","https://x.com/undefined/status/1988972715496329535","1592232656535572482",
"1988972489406607655","Thu Nov 13 14:09:29 +0000 2025","0","RUBTRACK Mahawu Women Low Sepatu Gunung Hiking Wanita dengan harga Rp173.000. https://t.co/qpzHRVT5ed https://t.co/FVVqvzNCfd","1988972489406607655","https://pbs.twimg.com/media/G5o_75UacAMAqwL.jpg","","in","","0","0","0","https://x.com/undefined/status/1988972489406607655","1980098011578732544",
"1988491967114997881","Thu Nov 13 14:08:52 +0000 2025","0","@aerichans cintaku segede gunung ini ga kelihatan ya?","1988972335102361921","","aerichans","in","","0","1","0","https://x.com/undefined/status/1988972335102361921","1671118518664957952",
"1988972064196411888","Thu Nov 13 14:07:48 +0000 2025","0","sepatu gunung itu egk kebeli beli","1988972064196411888","","","in","","0","0","0","https://x.com/undefined/status/1988972064196411888","1386554959995445251",
"1988943375538823539","Thu Nov 13 14:07:18 +0000 2025","0","@IsnawaWulan Iyaaa Ini bagian yang bikin aku kepikiran banget tapi ya yaudah lah lagian udah kejadian juga cuma menurutku harusnya setelah mereka bisa bareng tuh langsung fokus apalagi kondisi Yunshen gitu... harusnya mereka langsung jelajahin gunung dan sungai bareng","1988971938392477999","","IsnawaWulan","in","","0","1","0","https://x.com/undefined/status/1988971938392477999","1404233035835318274",
"1988971757852930243","Thu Nov 13 14:06:35 +0000 2025","0","Kronologis Musibah Menurut informasi yang diterima korban terakhir terlihat pada hari Minggu (09/11/25) berjalan kaki di belakang rumah menuju arah sawah/gunung korban diduga menuju kampung sebelah (Moncongang Kec. Bunganya).","1988971757852930243","","","in","","0","0","0","https://x.com/undefined/status/1988971757852930243","1619896454",
"1988962885075419350","Thu Nov 13 14:04:07 +0000 2025","0","@yakurinka Lah baru tau aku yaku suka naik gunung sksksk yg tbtb naik gunung berarti ya dia ","1988971137175613583","","yakurinka","in","","0","1","0","https://x.com/undefined/status/1988971137175613583","1831205182685995008",
"1988968481765855256","Thu Nov 13 13:59:53 +0000 2025","0","@brnms KAK NAIK GUNUNG LG AJA","1988970075647578253","","brnms","in","","0","1","0","https://x.com/undefined/status/1988970075647578253","1289240422355619840",
"1988903766783823905","Thu Nov 13 13:58:36 +0000 2025","0","@lectugre @Csrollo Wkwk gunung stress ","1988969748974170395","","lectugre","in","","0","0","0","https://x.com/undefined/status/1988969748974170395","1815651312496963584",
"1988969538487218546","Thu Nov 13 13:57:45 +0000 2025","0","kangen mas novkur arek-arek gunung badminton.","1988969538487218546","","","in","","0","0","0","https://x.com/undefined/status/1988969538487218546","1604446810575343616",
"1988916365118365777","Thu Nov 13 13:56:08 +0000 2025","2","@Yoen__AR Malang kui penak kanggo dolan2..laut gunung cedak... motoran teko malang sampai taman safari yo nate..asikk wes","1988969131589398550","","Yoen__AR","in","","0","3","0","https://x.com/undefined/status/1988969131589398550","1358050106990186497",
"1988919312392839359","Thu Nov 13 13:55:52 +0000 2025","1","️ my jatim sister kamu selalu perhatian padaku mba walau kita baru 1-2x mitap lagi suka naik gunung nih yeee dan aku always luv outfit ootd kamu simpel tapi lucu gitu semoga jadi ingfluencer! aku kl liat km inget jisoo terus ","1988969063553593391","","kkumaseyo","in","","1","0","0","https://x.com/undefined/status/1988969063553593391","1309276713637953536",
"1988968474027413818","Thu Nov 13 13:53:32 +0000 2025","0","gunung mana lagi ya","1988968474027413818","","","in","","0","1","0","https://x.com/undefined/status/1988968474027413818","1877333840970309632",
"1988957647639568553","Thu Nov 13 13:10:30 +0000 2025","3","Gess rill ini facetology ada 4 free limited ugc bagus bgtt lucu di map indo voice &amp; summit gunung Rinjani Stocknya blm tau yaa ada berapa catet tanggalnya gaiss https://t.co/zvBu51A55p","1988957647639568553","https://pbs.twimg.com/media/G5oycGWbIAAcVIg.jpg","","in","","0","2","0","https://x.com/undefined/status/1988957647639568553","1265110482278510594",
"1988957414411104298","Thu Nov 13 13:09:35 +0000 2025","0"," suatu hari nanti akan ada gunung datang kemari https://t.co/Opvk4jvBW5","1988957414411104298","","","in","","0","0","0","https://x.com/undefined/status/1988957414411104298","59377684",
"1988956712817283217","Thu Nov 13 13:06:48 +0000 2025","4","alisku kaya gunung anjai https://t.co/5jzqvQWho3","1988956712817283217","https://pbs.twimg.com/media/G5oxlhDbQAASpGy.jpg","","in","","0","2","0","https://x.com/undefined/status/1988956712817283217","1946704128841072640",
"1988519107537346650","Thu Nov 13 13:06:33 +0000 2025","0","@fathinmuhammad9 @tahilalats Alergi air dingin lbh tepatnya kalo sekedar hawa dingin ga bikin gatal. Cuma jadi pucet. Tapi di gunung rasanya syahdu minusnya sbg orang yg suka makan ga ada gofud wkwkw","1988956651525926939","","fathinmuhammad9","in","","0","0","0","https://x.com/undefined/status/1988956651525926939","1207538814702342144",
"1988839420217192582","Thu Nov 13 13:05:51 +0000 2025","0","@roblox_fess yah ada map gunung abal2 bete gw","1988956476376031395","","roblox_fess","in","","0","0","0","https://x.com/undefined/status/1988956476376031395","1349552730910519297",
"1988956154291187958","Thu Nov 13 13:04:34 +0000 2025","0","Gak pernah bosan nonton stream windut gunung pasti ngakak bgt","1988956154291187958","","","in","","0","0","0","https://x.com/undefined/status/1988956154291187958","1984976002880331776",
"1988393994611724576","Thu Nov 13 13:04:05 +0000 2025","0","@lvyrnt the real gunung ku daki laut ku sebrangi ","1988956033130311817","","lvyrnt","in","","0","0","0","https://x.com/undefined/status/1988956033130311817","1971150689025060864",
"1988896147419599089","Thu Nov 13 13:03:09 +0000 2025","53","@armgytr @kdrama_menfess iya kakk cara confessnya uyeon juga soft bgt pdhal di webtoon sampe nanjak gunung terus gijeong reaksinya heboh banget wkwkwk disayangkan tp krn udh ada omongan kurang dana jd segini udh oke banget :(","1988955797540467107","","armgytr","in","","1","3","1","https://x.com/undefined/status/1988955797540467107","1316749426216456192",
"1988835027358990415","Thu Nov 13 13:02:28 +0000 2025","0","@rememberpersib Mun masih keneh mandul mah kagok edan bawa weh ka gunung kawi ","1988955626299617566","","rememberpersib","in","","0","0","0","https://x.com/undefined/status/1988955626299617566","855891283",
"1988389735321289076","Thu Nov 13 13:02:08 +0000 2025","0","@bachrum_achmadi Orang2 kere yg bermental kere cukup kasih nasi bungkus karet","1988955542434484367","","bachrum_achmadi","in","","0","0","0","https://x.com/undefined/status/1988955542434484367","1701624074877984768",
"1988955418899738684","Thu Nov 13 13:01:39 +0000 2025","0","2 jam belum dapet juga. Ke gunung makin dontol ini","1988955418899738684","","","in","","0","0","0","https://x.com/undefined/status/1988955418899738684","2269726963",
"1988903276146778368","Thu Nov 13 13:00:50 +0000 2025","0","@ddorealls suruh my lelaki pusat turun gunung dl mb","1988955215186591827","","ddorealls","in","","0","1","0","https://x.com/undefined/status/1988955215186591827","1502568046317084675",
"1988467509033623597","Thu Nov 13 13:00:05 +0000 2025","0","@DS_yantie Soeharto bukan pahlawan bagi pki dan keluarganya. Soeharto bukan pahlawan bg kaum sipit. Tp soeharto pahlawan bg rakyat yg pernah hidup di masanya.","1988955025494929917","","DS_yantie","in","","0","0","0","https://x.com/undefined/status/1988955025494929917","1701624074877984768",
"1988954828475969835","Thu Nov 13 12:59:18 +0000 2025","4","entah kenapa setelah pendakian argopuro lintas baderan-bremi rasa ingin mendaki gunung2 lain di jawa menurun (kecuali semeru dan argopuro itu sendiri). infokan gunung di jawa yg masih sepi dan jalurnya rapat dong masio babat alas rapopo luwih ikhlas https://t.co/tEFREXq0Zd","1988954828475969835","https://pbs.twimg.com/amplify_video_thumb/1988954437130592256/img/DILnR6jxv0sTf-fw.jpg","","in","","1","1","0","https://x.com/undefined/status/1988954828475969835","1785646092413194240",
"1988954685517258795","Thu Nov 13 12:58:44 +0000 2025","0","Kenapa pas mau naik gunung tiba tiba badan ngedrop dah","1988954685517258795","","","in","","0","0","0","https://x.com/undefined/status/1988954685517258795","1473920422328475653",
"1988954650243203274","Thu Nov 13 12:58:36 +0000 2025","0","Kata gue mah liburan ke hawai aja kak pantai dapet gunung dapet","1988954650243203274","","","in","","0","0","0","https://x.com/undefined/status/1988954650243203274","1363467808902844417",
"1988939095947768257","Thu Nov 13 12:57:48 +0000 2025","0","@pantai_gunung @unicefess kepoo kaa jangan menghilang dari lane","1988954449222766703","","pantai_gunung","in","","0","1","0","https://x.com/undefined/status/1988954449222766703","1790931743090020352",
"1988954094816620790","Thu Nov 13 12:56:23 +0000 2025","1","Dua tiga gunung meletus Pinjem dulu seratus.","1988954094816620790","","","in","","0","0","0","https://x.com/undefined/status/1988954094816620790","1980658414670999553",
"1988953972921831774","Thu Nov 13 12:55:58 +0000 2025","0","R1 Mitos atau fakta kalo @dmsJENO dulu cita-citanya jadi tentara? Mitos atau fakta kalau hari ini @dmsMAYAY udah summit gunung di roblox? Rep sampe jam 20.00","1988953987920589094","","dmsCHICHII","in","","1","19","0","https://x.com/undefined/status/1988953987920589094","846244965420187648",
"1988939095947768257","Thu Nov 13 12:54:52 +0000 2025","0","@pantai_gunung @unicefess sebelah mana kak","1988953711591448931","","pantai_gunung","in","","0","0","0","https://x.com/undefined/status/1988953711591448931","1614166623572852737",
"1988948127362216351","Thu Nov 13 12:54:47 +0000 2025","2","@yourbae Semoga yang ini ga naik gunung juga ya ","1988953690062094836","","yourbae","in","","0","0","0","https://x.com/undefined/status/1988953690062094836","1828662351404601344",
"1988804109416427570","Thu Nov 13 12:54:28 +0000 2025","1","@no1melonlover @The_Ascalon @LembagaKERIS @RANOSINT @Jatosint ada gunung Salahutu sama Simalopu yg paling tinggi ","1988953609707614410","","no1melonlover","in","","0","0","0","https://x.com/undefined/status/1988953609707614410","1101733783017947136",
"1988953564409217199","Thu Nov 13 12:54:17 +0000 2025","1","misteri gunung berapi angling darma Wiro sableng tutur tinular","1988953564409217199","","","in","","0","0","0","https://x.com/undefined/status/1988953564409217199","945109716073508865",
"1988889952508125298","Thu Nov 13 12:54:00 +0000 2025","0","@leanfmx jokiin aku naik gunung dulu nanti resepnya aku sfeal. ;_p","1988953495148626165","","leanfmx","in","","0","0","0","https://x.com/undefined/status/1988953495148626165","134731445",
"1988888722918498515","Thu Nov 13 12:53:39 +0000 2025","0","@choitchery @wewonminwon boleh bertapa di gunung kawi dulu tp","1988953404337713430","","choitchery","in","","0","1","0","https://x.com/undefined/status/1988953404337713430","1116194867611230209",
"1988911697923301644","Thu Nov 13 12:52:10 +0000 2025","0","@babyouaremystar gunung kidul ka ","1988953030813970744","","babyouaremystar","in","","0","0","0","https://x.com/undefined/status/1988953030813970744","1944579258866925568",
"1988804109416427570","Thu Nov 13 12:50:17 +0000 2025","0","@elone_d @The_Ascalon @LembagaKERIS @RANOSINT @Jatosint Di Ambon itu ada gunung apa sih lupa namanya wkwkwkwk. Pengen kesana soalnya","1988952559416218008","","elone_d","in","","0","1","0","https://x.com/undefined/status/1988952559416218008","1583583295841112069",
"1988952435810005069","Thu Nov 13 12:49:48 +0000 2025","3","SESAR LEMBANG PATAHAN AKTIF DI JAWA BARAT! #SobatEnergi Sesar Lembang membentang sepanjang ±29 km dari Padalarang hingga Jatinangor terbentuk akibat aktivitas Gunung Sunda Purba dan penunjaman di selatan Pulau Jawa. https://t.co/8Pvmp0EZPy","1988952435810005069","https://pbs.twimg.com/media/G5otr83aQAA4CpB.jpg","","in","","0","5","0","https://x.com/undefined/status/1988952435810005069","1138467176",
"1988939095947768257","Thu Nov 13 12:49:47 +0000 2025","0","@pantai_gunung @unicefess banarannya mana kak","1988952434211946716","","pantai_gunung","in","","0","0","0","https://x.com/undefined/status/1988952434211946716","905192505536159744",
"1988832355012759660","Thu Nov 13 12:49:08 +0000 2025","2","@travelerwizzard @DellviB @ashestweeting @BudiBukanIntel Lohhh bukannya emang timpa? Bukannya aslinya tuh yang naik gunung?","1988952269690376245","","travelerwizzard","in","","0","1","0","https://x.com/undefined/status/1988952269690376245","811436786312310784",
"1988794760031871140","Thu Nov 13 12:47:46 +0000 2025","0","@Myuengjae @bndjaehyun MENDING JADI PENDAKI GUNUNG DARIPADA MANCING TAPI NGEKOS.","1988951925233258864","","Myuengjae","in","","0","0","0","https://x.com/undefined/status/1988951925233258864","770970157371969537",
"1988951902365905359","Thu Nov 13 12:47:41 +0000 2025","1","tipe letusan gunung tambora waktu itu tipenya plinian tinggi letusannya sampai puluhan kilometer. #pamerwawasan","1988951902365905359","","","in","","0","0","0","https://x.com/undefined/status/1988951902365905359","1982336359366041600",
"1988948601377345905","Thu Nov 13 12:45:54 +0000 2025","0","@gupiygup gemessss kan mana tau nnti naik gunung bareng","1988951457232744663","","gupiygup","in","","0","1","0","https://x.com/undefined/status/1988951457232744663","94051855",
"1988951185739673923","Thu Nov 13 12:44:50 +0000 2025","0","Lama ninggalin my pacar tudei udah waktunya weekend mendaki gunung bersamanya widayat @ciumaanyuk","1988951185739673923","","","in","","1","1","0","https://x.com/undefined/status/1988951185739673923","1887195267289784323",
"1988944369639178559","Thu Nov 13 12:43:50 +0000 2025","0","@strrober sambil hiling naik gunung","1988950935457157549","","strrober","in","","0","0","0","https://x.com/undefined/status/1988950935457157549","1863524380418191360",
"1988950614550958365","Thu Nov 13 12:42:37 +0000 2025","0","kalau kita liat case yang bandung tadi gimana om? nah bandung sendiri punya karakteristik yang mana bandung di kelilingi gunung. maka tentu bandung keitungnya seperti yang bulat. sehingga memudahkan cahaya untuk berefraksi alias berbelok.","1988950629595902001","","omdhilproject","in","","0","1","0","https://x.com/undefined/status/1988950629595902001","1847809172701913088",
"1988804139359605007","Thu Nov 13 12:41:12 +0000 2025","0","@naratrii Brarti fix yang antri setia semua wkwkwk","1988950272018948607","","naratrii","in","","0","0","0","https://x.com/undefined/status/1988950272018948607","1935533242813468672",
"1988949446126944675","Thu Nov 13 12:41:00 +0000 2025","0","@itsJustR_ Maaf atas kesalahan analisis sebelumnya. Dari tweet-tweetmu gender seharusnya Laki-laki. Ini versi yang diperbaiki: Nama: Ramadhita F. Kerta Wijaya. Gender: Laki-laki. Usia: Sekitar 20-30an. Pencapaian: Fans JKT48 mendaki gunung aktif di olahraga. Hobi: Wayang golek ","1988950220181565465","","itsJustR_","in","","0","0","0","https://x.com/undefined/status/1988950220181565465","1720665183188922368",
"1988949939804860517","Thu Nov 13 12:39:53 +0000 2025","0","SUMUR BOR MUDAHKAN AKSES AIR WARGA PESISIR TANJUNG GUNUNG Dansat Brimob Polda Bangka Belitung Kombes Ahmad Arif Sofiyan meresmikan sumur bor Warga Desa Tanjung Gunung Kecamatan Pangkalan Baru Kabupaten Bangka Tengah pada Selasa (11/11/2025). https://t.co/b5hvkeArkk","1988949939804860517","https://pbs.twimg.com/amplify_video_thumb/1988949878421286912/img/1rKXYKG1aN5423mG.jpg","","in","","0","0","0","https://x.com/undefined/status/1988949939804860517","958188936752381952",
"1988939095947768257","Thu Nov 13 12:39:45 +0000 2025","0","@pantai_gunung @unicefess dimana kaa aku banaran","1988949909354213652","","pantai_gunung","in","","0","1","0","https://x.com/undefined/status/1988949909354213652","1706941926526881792",
"1988945810227360034","Thu Nov 13 12:23:28 +0000 2025","0"," miss Trump gk segitunya kali... paling 2 dirumah sambil bilang gunung come over here https://t.co/1tZiJulQZx","1988945810227360034","","","in","","0","0","0","https://x.com/undefined/status/1988945810227360034","59377684",
"1988945476570489223","Thu Nov 13 12:22:09 +0000 2025","0","19.22 WIB #Tol_Surabaya Dukuh Kupang KM 08 - Gunung Sari KM 12 PADAT kepadatan volume lalin. ; Gempol - Sidoarjo - Waru - Dupak LANCAR.","1988945476570489223","","","in","","0","1","0","https://x.com/undefined/status/1988945476570489223","540625251",
"1988945467594739936","Thu Nov 13 12:22:06 +0000 2025","0","rmb naik naik ke funcak gunung ","1988945467594739936","","","in","","0","0","0","https://x.com/undefined/status/1988945467594739936","1191568835591041024",
"1988934644843377058","Thu Nov 13 12:21:37 +0000 2025","0","@padangmenfess Kalau alun pernah nanjak jan cubo2 nanjak surang nder. Minimal ikuik grup nanjak samo kawan akrab yang alah acok turun naik gunung. Usahakan olahraga jogging rutin beberapa kilo/jogging sekitar h-1 bulan. Kalau bisa jogging di track yang ado tanjakan.","1988945344420540853","","padangmenfess","in","","0","1","0","https://x.com/undefined/status/1988945344420540853","1565451486733012992",
"1988427818481725521","Thu Nov 13 12:21:12 +0000 2025","1","@oxxhnn @ZKNT17 @yunkiyunki93 The real og akhirnya turun gunung ‍️‍️‍️‍️","1988945237503537544","","oxxhnn","in","","0","1","0","https://x.com/undefined/status/1988945237503537544","1251281959625437185",
"1988939095947768257","Thu Nov 13 12:21:10 +0000 2025","0","@pantai_gunung @unicefess Banaran sebelah mana kak??","1988945229471477887","","pantai_gunung","in","","0","1","0","https://x.com/undefined/status/1988945229471477887","1875227763587870721",
"1988888447948329233","Thu Nov 13 12:19:53 +0000 2025","0","@cupcupkie Okay infokan gunung yang dontol friendly. Nanti kamu Mas gendong.","1988944908523376786","","cupcupkie","in","","0","1","0","https://x.com/undefined/status/1988944908523376786","1723040323688177664",
"1988944369639178559","Thu Nov 13 12:17:45 +0000 2025","0","ngajar honornya deket rumah tapi tiba tiba dpt penempatan menyeberangi gunung ","1988944369639178559","","","in","","0","1","0","https://x.com/undefined/status/1988944369639178559","1070274393891209216",
"1988944253008113917","Thu Nov 13 12:17:17 +0000 2025","1","temenin gue naik gunung yu pls","1988944253008113917","","","in","","0","0","0","https://x.com/undefined/status/1988944253008113917","1526502757120679936",
"1988943995243012124","Thu Nov 13 12:16:15 +0000 2025","0","Kamu dulu dibawa dari gunung salak endah tinggal di kolam ikan kosong ngga kebagian makanan kecil ketakutan hampir mati karena cacingan. Yg punya bilang ibumu pitbull tapi bapakmu umbi-umbian . Dibawa pulang pake baskom setiap kali keluar baskom cuma pup pipis balik lagi. https://t.co/J8AF0LUxOZ","1988943995243012124","https://pbs.twimg.com/media/G5omBf5aYAAVHp_.jpg","","in","","0","1","0","https://x.com/undefined/status/1988943995243012124","4811616558",
"1988939095947768257","Thu Nov 13 12:14:30 +0000 2025","0","@pantai_gunung @unicefess Dimana kak","1988943552857178494","","pantai_gunung","in","","0","0","0","https://x.com/undefined/status/1988943552857178494","1857262857811013632",
"1988931862283137261","Thu Nov 13 12:13:45 +0000 2025","0","@hadesssamaa @roblox_fess @emilo @cimzol @potaroid @yummiezpie @perkcdel gunung jawa gunung jawa bang","1988943365275361737","","hadesssamaa","in","","0","0","0","https://x.com/undefined/status/1988943365275361737","1931567066659860481",
"1988943228910071919","Thu Nov 13 12:13:13 +0000 2025","1","naik gunung","1988943228910071919","","","in","","0","0","0","https://x.com/undefined/status/1988943228910071919","1316923503640113152",
"1988943109129138379","Thu Nov 13 12:12:44 +0000 2025","0","jikalau tidak jadi ngonser mari naik gunung aja","1988943109129138379","","","in","","0","0","0","https://x.com/undefined/status/1988943109129138379","1521425834",
"1988927534013247809","Thu Nov 13 12:12:37 +0000 2025","0","@Kaerimna Ketua jamet kita udah turun gunung","1988943078649131045","","Kaerimna","in","","0","0","0","https://x.com/undefined/status/1988943078649131045","1731869881690374144",
"1988783729062646044","Thu Nov 13 12:11:35 +0000 2025","1","@RatnaPuspi16942 @Kapitein_1825 Wah kalau begitu yuk kita coba kuis sederhana! Pilih satu: Kamu lebih suka liburan di pantai (A) gunung (B) atau kota besar (C)? Jawab nanti aku analisis kepribadianmu dari situ. ","1988942819416047809","","RatnaPuspi16942","in","","0","1","0","https://x.com/undefined/status/1988942819416047809","1720665183188922368",
"1988895133912183127","Thu Nov 13 12:11:02 +0000 2025","0","@unsoedmfs Minta diajarin aja nder sama penjaganya. Aku nyaranin di siip laundry gunung muria karna tempatnya bersih banyak bangku ada ac (klo ac nya mati minta nyalain aja) penjaganya jga gesit sering bebersih mesinnya stiap abis dipake. Oiya mereka jga sering nyetel lagu Hindia ","1988942680370606243","","unsoedmfs","in","","0","0","0","https://x.com/undefined/status/1988942680370606243","1480900598790721537",
"1988942653518696614","Thu Nov 13 12:10:56 +0000 2025","0","Ini ada ga sih gunung rosblok yang puncak nya esbi alamat ato p-pop gitu... ","1988942653518696614","","","in","","0","0","0","https://x.com/undefined/status/1988942653518696614","1569287120849895424",
"1988942583499047116","Thu Nov 13 12:10:39 +0000 2025","0","rasanya mau tereak kenceng di gunung YA ALLAAHH ","1988942583499047116","","","in","","0","0","0","https://x.com/undefined/status/1988942583499047116","1527081485433737216",
"1988914252363506007","Thu Nov 13 11:49:06 +0000 2025","1","@NgkongRoses Jelas. Tapi kalo saya sih Jowo asli Ngayogyakarta Hadiningrat wilayah lantai 2 alias Gunung Kidul.","1988937159521497144","","NgkongRoses","in","","0","1","0","https://x.com/undefined/status/1988937159521497144","1052797180442959872",
"1988937089371828388","Thu Nov 13 11:48:49 +0000 2025","0","Hari ini ke haria gunung ️ (gadapat sunset tapi pulang bawa kelapa ) https://t.co/6MGNvT3oAM","1988937089371828388","https://pbs.twimg.com/media/G5oXZBxacAYLcWN.jpg","","in","","0","0","0","https://x.com/undefined/status/1988937089371828388","1253100630",
"1988929072194613662","Thu Nov 13 11:45:51 +0000 2025","0","@hi_budum Beda tipis haha tapi banyak yg bagus dan jalur trekking kaya naik gunung","1988936341879726321","","hi_budum","in","","0","0","0","https://x.com/undefined/status/1988936341879726321","1706099453881708544",
"1988924430802907296","Thu Nov 13 11:43:43 +0000 2025","0","@pinananas_ @hlomohile minatt kael jadi gunung meletus","1988935805793116307","","pinananas_","in","","0","1","0","https://x.com/undefined/status/1988935805793116307","1522555774987235328",
"1988901314886033904","Thu Nov 13 11:43:12 +0000 2025","0","@nadiaallydrus gunung singa party sama mount wek wkwkw","1988935678147887234","","nadiaallydrus","in","","0","0","0","https://x.com/undefined/status/1988935678147887234","1418449724273614856",
"1988935638851416552","Thu Nov 13 11:43:03 +0000 2025","0","Baru inget pas itu foto ber 3 sama mba mba dari bekasi kalo ga jakarta tp lupa ga mutualan ig. Knp kalo lg di gunung tu suka lupa mau nanyain nama + mutualan sosmed ya","1988935638851416552","","","in","","0","0","0","https://x.com/undefined/status/1988935638851416552","1519693739970551808",
"1988935412631707790","Thu Nov 13 11:42:09 +0000 2025","0","Hari ini temen kerja seumuran bahas mau nikah tahun depan and i said congrats ofc but he just have to cross the line and said lu kapan :) gua jawab aja ngapain? Mending duitnya buat nonton konser sama naik gunung idgaf awkowako","1988935412631707790","","","in","","0","0","0","https://x.com/undefined/status/1988935412631707790","1647733901690028033",
"1988934644843377058","Thu Nov 13 11:40:44 +0000 2025","4","@padangmenfess gunung pangilun coba nder","1988935055587312067","","padangmenfess","in","","0","0","0","https://x.com/undefined/status/1988935055587312067","1293350545063739392",
"1988842552758243821","Thu Nov 13 11:38:20 +0000 2025","0","@avocix zuzur aku nyuci sepatu gunung ku 90k kak","1988934450043064765","","avocix","in","","0","0","0","https://x.com/undefined/status/1988934450043064765","1191618912946769920",
"1988934231163388084","Thu Nov 13 11:37:27 +0000 2025","6","Naik gunung sih tapi... 08:00 PM @VeraniaTheska @KowalskiKatha @Sonnetutarani https://t.co/36IfiSvefK","1988934231163388084","","","in","","0","2","2","https://x.com/undefined/status/1988934231163388084","1898595966095409152",
"1988912194822517059","Thu Nov 13 11:37:13 +0000 2025","0","@loneversee Ntar gw mengganteng di semua gunung","1988934168584298679","","loneversee","in","","0","1","0","https://x.com/undefined/status/1988934168584298679","1848348875796762624",
"1988929072194613662","Thu Nov 13 11:37:05 +0000 2025","0","@unluckyfault tapi rewardnya gak se-wah naik gunung wkw","1988934136204325053","","unluckyfault","in","","0","1","0","https://x.com/undefined/status/1988934136204325053","2464532226",
"1988933002618102010","Thu Nov 13 11:32:35 +0000 2025","0","minji nanjak gunung antartikan mode easy","1988933002618102010","","","in","","0","1","0","https://x.com/undefined/status/1988933002618102010","2912271702",
"1988483788612239830","Thu Nov 13 11:29:27 +0000 2025","0","@stmountains Gunung bang","1988932216118997266","","stmountains","in","","0","1","0","https://x.com/undefined/status/1988932216118997266","470137552",
"1988904711613788312","Thu Nov 13 11:29:15 +0000 2025","7","@tanyakanrl Realme 3 Pro gw awet bgt ini dr 2019 sampe sekarang. udah dibawa ke banyak gunung cuma problem di batre doang sih (wajar hape keluaran lama cuy). Realme UInya joss itu enteng dan gaada iklan (bisa dimatiin)","1988932163870593124","","tanyakanrl","in","","0","0","0","https://x.com/undefined/status/1988932163870593124","1201996933398593536",
"1988868180404760847","Thu Nov 13 11:28:32 +0000 2025","3","@depressionlesss The name its roro from gunung kidul Yogyakarta","1988931985264501117","","depressionlesss","in","","0","0","0","https://x.com/undefined/status/1988931985264501117","1742908490803535872",
"1988880200780669024","Thu Nov 13 11:27:08 +0000 2025","0","@tmikazuchiii Gunung thalvyn cantiknya mirip gunung swiss ADUH GEMES BANGET AAAAA mw cubit boleh gaa","1988931632808730901","","tmikazuchiii","in","","0","1","0","https://x.com/undefined/status/1988931632808730901","1478346834288410624",
"1988931586356855193","Thu Nov 13 11:26:57 +0000 2025","0","Bapak masih ngotot ngajak anaknya ini naik gunung Padahal anaknya pengen ketemu Oniel ","1988931586356855193","","","in","","0","0","0","https://x.com/undefined/status/1988931586356855193","738018211912781824",
"1988931484305310203","Thu Nov 13 11:26:33 +0000 2025","0","Gunung Rinjani Dikunjungi 116.030 Wisatawan Negara Cuan Rp21 6 Miliar https://t.co/9Ca3xwbIH8","1988931484305310203","","","in","","0","0","0","https://x.com/undefined/status/1988931484305310203","1318858445940875264",
"1988931102237741343","Thu Nov 13 11:25:01 +0000 2025","0","Anjay yohan turun gunung","1988931102237741343","","","in","","0","0","0","https://x.com/undefined/status/1988931102237741343","1080004934186106880",
"1988924531013251099","Thu Nov 13 10:58:55 +0000 2025","0","LSP PARESTA &amp; APGI #Sertifikasi 25 Pemandu Gunung di Tahura Raden Soerjo Batu https://t.co/WDdLdbY9tO #PemanduGunung #SertifikasiProfesiPariwisata #TahuraRadenSoerjo","1988924531013251099","","","in","","0","0","0","https://x.com/undefined/status/1988924531013251099","1272427767942926337",
"1988924411546837412","Thu Nov 13 10:58:26 +0000 2025","0","Karena sebulan sekali naek gunung skrng keranjang isinya jadi banyak beginian nyicil dari yg murah dulu aja https://t.co/5LyiGswtJO","1988924411546837412","https://pbs.twimg.com/media/G5oUNkbacAEfKtL.jpg","","in","","0","0","0","https://x.com/undefined/status/1988924411546837412","1660992655197888514",
"1988899452728258581","Thu Nov 13 10:57:29 +0000 2025","0","@SmgMenfess Berbau alam semuanya tuh outdoor. Jadi ya sama aja kayak naik gunung. Bedanya effortnya gak sama kek naik gunung lebih minim resiko","1988924169484951643","","SmgMenfess","in","","0","0","0","https://x.com/undefined/status/1988924169484951643","1942504867463061507",
"1988923897669169233","Thu Nov 13 10:56:42 +0000 2025","1","Warga menyebutnya dengan Tembang Sukma Luruh. Karena setiap tembang itu dinyanyikan keesokan harinya aka nada pemuda yang ditemukan tewas mengambang di telaga. Warga mengira setelah diusir dari desa. Nyai Laras pergi ke telaga yang berada di lereng Gunung Lingsir.","1988923974424678510","","Mahend_Risky19","in","","0","1","0","https://x.com/undefined/status/1988923974424678510","1848703929028362240",
"1988923899946627267","Thu Nov 13 10:56:24 +0000 2025","0","otw gunung bohong https://t.co/gNhm6LJlFW","1988923899946627267","https://pbs.twimg.com/media/G5oTuxYacAMWqGf.jpg","","in","","0","2","0","https://x.com/undefined/status/1988923899946627267","549944105",
"1988923127686996370","Thu Nov 13 10:56:14 +0000 2025","0","keknya emg kebanyakan player nya normies yg agak asing ama game kompleks (imo). that's why most of them kl gak main fish it ya gunung gunungan krn emg simple","1988923854899802413","","jvoestar","in","","0","1","0","https://x.com/undefined/status/1988923854899802413","1390215859054907395",
"1988877985189958127","Thu Nov 13 10:54:10 +0000 2025","0","@hayasekenakun Kirain cowok doang ya kalo galau tiba2 naek gunung cewek juga sama ya mending kenalin ke aku aja ","1988923334851985790","","hayasekenakun","in","","0","1","0","https://x.com/undefined/status/1988923334851985790","1226836584126799873",
"1988795819684970616","Thu Nov 13 10:53:06 +0000 2025","0","@iedlyns mau gunung apah","1988923069411234138","","iedlyns","in","","0","1","0","https://x.com/undefined/status/1988923069411234138","1714495085549883392",
"1988565840745381896","Thu Nov 13 10:51:06 +0000 2025","0","@BrainDanielaa yhh kk mainnya ap? naik gunung? gag??","1988922565297942574","","BrainDanielaa","in","","0","1","0","https://x.com/undefined/status/1988922565297942574","943835593821380609",
"1988877985189958127","Thu Nov 13 10:50:51 +0000 2025","0","@hayasekenakun Besok naik gunung nih wkwk","1988922503746478540","","hayasekenakun","in","","0","1","0","https://x.com/undefined/status/1988922503746478540","1226836584126799873",
"1988822822555414836","Thu Nov 13 10:49:09 +0000 2025","3","@SussyJoe_08 Dikira gunung kembar seperti gambaran anak kecil 2 gunung dan 1 matahari ditengah wkwkwkw","1988922072593059978","","SussyJoe_08","in","","0","0","0","https://x.com/undefined/status/1988922072593059978","1820980737786703875",
"1988922066389631194","Thu Nov 13 10:49:07 +0000 2025","0","drpd ke psikolog mending naik gunung ga siee kapannn yaa tapii https://t.co/cs7eGPfxWd","1988922066389631194","https://pbs.twimg.com/media/G5oSEXHaUAAROie.jpg","","in","","0","0","0","https://x.com/undefined/status/1988922066389631194","1173394061459214337",
"1988647466456265180","Thu Nov 13 10:48:09 +0000 2025","1","@deeyafaa ke gunung slamet","1988921820406325613","","deeyafaa","in","","0","0","0","https://x.com/undefined/status/1988921820406325613","1767394351934816256",
"1988921456625869064","Thu Nov 13 10:46:42 +0000 2025","2","Ternyata foto2 ku pas pendakian kawah candradimuka gunung lawu sitik bgt padahal effort e sak polll e tekan kene batuan pas susur sungai licin bgt tebing e sejajar muka manjat2 pake tali Yowes lah penting pengalaman e https://t.co/R4eYx0R8YY","1988921456625869064","https://pbs.twimg.com/media/G5oRhfOacAAWeGd.jpg","","in","","0","0","0","https://x.com/undefined/status/1988921456625869064","3283902644",
"1988812837364404505","Thu Nov 13 10:44:12 +0000 2025","0","@pantai_gunung @unicefess kakk berapaan","1988920827912327234","","pantai_gunung","in","","0","1","0","https://x.com/undefined/status/1988920827912327234","1803629804102754306",
"1988920804864598418","Thu Nov 13 10:44:06 +0000 2025","2","Yg movie petaka gunung gede kt netflix tu dah 4 kali kot tengok. Dengan pemandi jenazah. Dua tu so far antara yg best n seram kt netflix. Kalau org tanya suggestion mmg rec yg tu ‍↕️‍↕️","1988920804864598418","","","in","","0","2","0","https://x.com/undefined/status/1988920804864598418","1365694287975866372",
"1988918044790305137","Thu Nov 13 10:42:52 +0000 2025","0","@yfs199 kak aku 15 tahun tinggal di bekasi abis itu pindah ke solo jogja udah 7 tahun jadi males balik kesana tenang bgt hidup di lereng gunung","1988920494532227309","","yfs199","in","","0","1","0","https://x.com/undefined/status/1988920494532227309","1115429031975849984",
"1988920330895675541","Thu Nov 13 10:42:13 +0000 2025","3","pgn trip naik gunung tp sanggup ga yahh","1988920330895675541","","","in","","0","1","0","https://x.com/undefined/status/1988920330895675541","1955204318384230401",
"1988917376872497509","Thu Nov 13 10:40:44 +0000 2025","0","@poethiann GA USAH KAK MENDING MAIN DI GUNUNG AJA","1988919955773858195","","poethiann","in","","0","1","0","https://x.com/undefined/status/1988919955773858195","1978203204128321536",
"1988919946336768014","Thu Nov 13 10:40:42 +0000 2025","0","Uang cash sama naik gunung","1988919946336768014","","","in","","0","0","0","https://x.com/undefined/status/1988919946336768014","562582967",
"1988914458874335239","Thu Nov 13 10:18:53 +0000 2025","0","gunung aku gabisa kepanasan aaa.","1988914458874335239","","","in","","0","1","0","https://x.com/undefined/status/1988914458874335239","1978203204128321536",
"1988913658504573071","Thu Nov 13 10:18:45 +0000 2025","0","Jadi kita ga jadi ke gunung nih?","1988914423847670102","","xiapanamanya","in","","0","1","0","https://x.com/undefined/status/1988914423847670102","1921609621078413312",
"1988847395732406292","Thu Nov 13 10:18:13 +0000 2025","1","@a_rhm07 Nah ini yang bikin bingung jemput ya dimana tapi klo kata komenan tuh mereka rata rata ketemu jodohnya di tempat yg mereka suka in kyk klo suka naik gunung bisa jadi ketemu pas lagi nge daki juga..","1988914290493980934","","a_rhm07","in","","0","0","0","https://x.com/undefined/status/1988914290493980934","1605938140195082247",
"1986744267902243032","Thu Nov 13 10:17:18 +0000 2025","0","@woojoc abis ini aku sembur abang kaya yang di gunung sumbing itu ya. mau kah?","1988914060478292002","","woojoc","in","","0","1","0","https://x.com/undefined/status/1988914060478292002","1374026774",
"1988913658504573071","Thu Nov 13 10:15:43 +0000 2025","0","Kecuali mau ke gunung dan hilang dari peradaban (Kita hidup off-grid (⁠ㆁ⁠ω⁠ㆁ⁠))","1988913658504573071","","","in","","0","1","0","https://x.com/undefined/status/1988913658504573071","1921609621078413312",
"1988913013349339541","Thu Nov 13 10:13:09 +0000 2025","0","Ini scene Wooyeon naik gunung terus confess ke Nampup gak ada nih? #SpiritFingers","1988913013349339541","","","in","","0","0","0","https://x.com/undefined/status/1988913013349339541","255395589",
"1988912777189019753","Thu Nov 13 10:12:12 +0000 2025","65","Going back to gunung Lawu just to get that that Ngawi wowie that Ngawi wowie","1988912777189019753","","","in","","0","6","9","https://x.com/undefined/status/1988912777189019753","1305370290055118850",
"1988912405129093273","Thu Nov 13 10:10:44 +0000 2025","0","PENUBUHAN KELAB BOLA SEPAK GUNUNG RENG PENUHI CITARASA KOMUNITI. https://t.co/mcCJ43cRVs https://t.co/oHb6YAtNS9","1988912405129093273","https://pbs.twimg.com/media/G5oJKcDaQAA2jNE.jpg","","in","","0","0","0","https://x.com/undefined/status/1988912405129093273","1627220029417885702",
"1988912393947070796","Thu Nov 13 10:10:41 +0000 2025","0","Sehari Dua Upaya Penyelundupan Narkoba Digagalkan Lapas Khusus Gunung Sindur https://t.co/16jHDMxFlv","1988912393947070796","","","in","","0","0","0","https://x.com/undefined/status/1988912393947070796","1567402171335086081",
"1988542945490813429","Thu Nov 13 10:08:33 +0000 2025","0","@hayuklari sampe muncak gunung ya wak ️","1988911858024165639","","hayuklari","in","","0","0","0","https://x.com/undefined/status/1988911858024165639","1847154156030906371",
"1988911165187977678","Thu Nov 13 10:05:48 +0000 2025","0","ada apa dengan KPop sekarang kok ortu nya pada turun gunung buat ngejulidin idol lain.. it's giving anak TK kalah di lomba mewarnai terus mak nya julid sama yang menang wkwkwk ","1988911165187977678","","","in","","0","0","0","https://x.com/undefined/status/1988911165187977678","1277994254007066624",
"1988904644672692359","Thu Nov 13 10:04:26 +0000 2025","0","@cenulpainul Sawanan lho berarti gara-gara habis main ke gunung Salak makanya jgn pergi sendirian cepat sembuh wahai saudaraku jgn mikirin toko dulu fokus sembuhin ","1988910822223921578","","cenulpainul","in","","0","0","0","https://x.com/undefined/status/1988910822223921578","1882090672213438464",
"1988873184075214952","Thu Nov 13 10:03:00 +0000 2025","0","@CErine_JKT48 cod gunung krakatau bisa kak?","1988910461606121528","","CErine_JKT48","in","","0","0","0","https://x.com/undefined/status/1988910461606121528","985474679421857793",
"1988839685188120973","Thu Nov 13 10:02:49 +0000 2025","0","@ikhwanuddin Sy tinggal di gunung.. freezer dn ciller sy setel minimum tpi udh dingin sekali.. bikin es cpt sekali.. apa itu krn ruangan panas? Pdhl biasany dsini 18°.. kalau musim hujan bisa dbawah itu..","1988910414453752275","","ikhwanuddin","in","","0","0","0","https://x.com/undefined/status/1988910414453752275","1099841347597479937",
"1988552422025765267","Thu Nov 13 10:01:51 +0000 2025","0","@advvaita Gunung lah kak gunung.","1988910168541638920","","advvaita","in","","0","1","0","https://x.com/undefined/status/1988910168541638920","1739265592534958080",
"1988822822555414836","Thu Nov 13 10:00:46 +0000 2025","3","@Syluxvia Ada gunung kembar","1988909898428457101","","Syluxvia","in","","0","1","0","https://x.com/undefined/status/1988909898428457101","1372118281465729031",
"1988908940373917872","Thu Nov 13 09:56:58 +0000 2025","0","Kalapas Narkotika Gunung Sindur Hadiri Peresmian Unit Layanan Laundry Bersih di Lapas Karawang @kemenimipas @ditjenpas @pemasyarakatanjabar @agusandrianto.id @gun2gunawan29 #kemenimipas #guardandguide #infoimipas #KanwilDitjenpasJabar #LapasNarkotikaGunungSindur https://t.co/F26VrrVvtb","1988908940373917872","https://pbs.twimg.com/media/G5oF46TbwAAklSy.jpg","","in","","0","0","0","https://x.com/undefined/status/1988908940373917872","4825173187",
"1988908584441200852","Thu Nov 13 09:55:53 +0000 2025","103","Drama berkemah di gunung rinjani https://t.co/wZzR8lbSHF https://t.co/Fc7a1vbDS6 https://t.co/UdJxorRXU5 https://t.co/tQckS02dPF https://t.co/X9SYDYk5nM","1988908669124096291","","yyupink","in","","0","0","6","https://x.com/undefined/status/1988908669124096291","1618818180172120065",
"1988908556880421194","Thu Nov 13 09:55:26 +0000 2025","0","Pada hari Kamis 13 Nopember 2025 pkl 09.30 wita Bhabinkamtibmas Desa Sangkan Gunung Aiptu I Nyoman Darma melaksanakan Sambang dan memantau Pembagian BLT Desa oleh Petugas Bumdes Bina Sejahtra Desa Sangkan Gunung kepada Warga Masyarakat yang berhak menerima sebanyak 63 orang https://t.co/hbzq9DStVE","1988908556880421194","https://pbs.twimg.com/media/G5oFyluacAEa1TR.jpg","","in","","0","0","0","https://x.com/undefined/status/1988908556880421194","1641624516299493376",
"1988908436084400249","Thu Nov 13 09:54:57 +0000 2025","0","Gunung","1988908436084400249","","","in","","0","0","0","https://x.com/undefined/status/1988908436084400249","3539097020",
"1988904731633197105","Thu Nov 13 09:51:51 +0000 2025","0","4. Traveling Ini agak nyambung sama nomer 3 pergilah jalan kemana pun yang kamu mau (liang lahat is not an option ya guys). Naik gunung main kano di pantai road trip pergi naik kereta naik pesawat nyebrang naik ferry. Do it. Kamu masih muda dan punya waktu.","1988907654710759815","","_DaruratDewasa","in","","0","1","0","https://x.com/undefined/status/1988907654710759815","1982027079173677056",
"1988906831435993588","Thu Nov 13 09:48:35 +0000 2025","0","manasih si asahi asahi itu masih ada di gunung apa gmn","1988906831435993588","","","in","","0","0","0","https://x.com/undefined/status/1988906831435993588","1502568046317084675",
"1988571578221891876","Thu Nov 13 09:48:33 +0000 2025","0","@miaawr Rumahku kemarin hujan full pagi ini menggigil kayak di gunung:)","1988906823601041751","","miaawr","in","","0","0","0","https://x.com/undefined/status/1988906823601041751","1739265592534958080",
"1988850370722836866","Thu Nov 13 09:45:18 +0000 2025","1","@roblox_fess Ayook aku sering solo dan menjelajah semua gunung wkwk add aja nder @/yumekocchi","1988906005376221235","","roblox_fess","in","","0","0","0","https://x.com/undefined/status/1988906005376221235","1045614233600196611",
"1988875487498674257","Thu Nov 13 09:43:56 +0000 2025","0","@tunangangojo Mirip coba aj bandingin ma foto2 gunung Everest dkk ","1988905663234224414","","tunangangojo","in","","0","1","0","https://x.com/undefined/status/1988905663234224414","1192266452058828801",
"1988610624079724594","Thu Nov 13 09:42:52 +0000 2025","0","@txtFromRoblox Ayo klo mau naik gunung barengg","1988905394991718859","","txtFromRoblox","in","","0","0","0","https://x.com/undefined/status/1988905394991718859","1045614233600196611",
"1988905114921271365","Thu Nov 13 09:41:46 +0000 2025","0","Kenangan ttg gunung dan bukit-bukit https://t.co/RtC1fdHsw1","1988905114921271365","https://pbs.twimg.com/media/G5oCqTtaEAA6tDR.jpg","","in","","0","0","0","https://x.com/undefined/status/1988905114921271365","1756683799201714176",
"1986005707356000467","Thu Nov 13 09:40:54 +0000 2025","0","@gaeulykim dede lebih suka pantai atau gunung?","1988904896939122845","","gaeulykim","in","","0","1","0","https://x.com/undefined/status/1988904896939122845","1903501820040794112",
"1988886071300546886","Thu Nov 13 09:40:41 +0000 2025","0","@kaiaatoast Bulu bulu itu tidak cocok buat di indo apalagi yang bukan deket gunung","1988904843688227093","","kaiaatoast","in","","0","1","0","https://x.com/undefined/status/1988904843688227093","1649315001910571008",
"1988799969097314706","Thu Nov 13 09:35:59 +0000 2025","0","@olleandollin @txtdarionlshop Rute panas kalau ini sih belum keliatan aja itu MTrans Indorent Gunung Harta Cititrans yg layanannya mantap..","1988903661267738922","","olleandollin","in","","0","0","0","https://x.com/undefined/status/1988903661267738922","1695448476740628481",
"1988903527549427903","Thu Nov 13 09:35:27 +0000 2025","0","ATAS GUNUNG BUKAN BUKITTT","1988903527549427903","","","in","","0","0","0","https://x.com/undefined/status/1988903527549427903","1276134126047772673",
"1988903206705860756","Thu Nov 13 09:34:11 +0000 2025","2","Nyiapin dana dari kemarin buat nabung setiap Kamis. Ternyata selalu darurat. Akhirnya gabisa nabung lagi..kadang heran kenapa mereka gampang nabung sementara di gunung gini pekerjaan juga sama saja https://t.co/6E67F8xHSB","1988903206705860756","https://pbs.twimg.com/media/G5oA6Z7aYAAgICn.jpg","","in","","0","0","0","https://x.com/undefined/status/1988903206705860756","1455796452387553283",
"1988609702268477814","Thu Nov 13 09:31:57 +0000 2025","0","@elaizn HEHEHEHE aku bocil petualang alias suka nyobain gunung random! Jadi kalau harus spill map gunung i can't name it. Tapi sisanya aku main VD prospecting (udah akut) sama main taxi juga! SEBENERNYA BANYAK SIH AKU SUKA NYOBA SEMUANAJAHHSHSJSJ. Kamu gimana?","1988902647462560126","","elaizn","in","","0","0","0","https://x.com/undefined/status/1988902647462560126","780782410971516928",
"1988902255722971167","Thu Nov 13 09:30:24 +0000 2025","0","kolong tol gunung sari","1988902255722971167","","","in","","0","0","0","https://x.com/undefined/status/1988902255722971167","1985322595693273088",
"1988901258460020756","Thu Nov 13 09:26:26 +0000 2025","0","Kecelakaan dua motor di Bojong Nangka Bogor menewaskan satu pengemudi dan melukai dua orang lainnya pada Rabu malam 12 November 2025. https://t.co/rxUDpQgP8v","1988901258460020756","","","in","","0","0","5","https://x.com/undefined/status/1988901258460020756","1545636853214507008",
"1988620469856067950","Thu Nov 13 09:22:52 +0000 2025","0","@xpiredatte ohhh gunung mistis tu nama mapnya toh maaciee","1988900358937068009","","xpiredatte","in","","0","0","0","https://x.com/undefined/status/1988900358937068009","1257726175259922433",
"1988900143353966899","Thu Nov 13 09:22:00 +0000 2025","0","Sampah menggunung di TPS Gunung Batu Timur Bandung warga sekitar angkat bicara. https://t.co/mnpkqePVkg","1988900143353966899","","","in","","0","0","0","https://x.com/undefined/status/1988900143353966899","1827927088021778432",
"1988899776964825287","Thu Nov 13 09:20:33 +0000 2025","0","smt 7 kosong bgt ya pantesan pera dulu suka ngajak maen segala ngajak naik gunung","1988899776964825287","","","in","","0","0","0","https://x.com/undefined/status/1988899776964825287","1505248095269167104",
"1988899452728258581","Thu Nov 13 09:19:16 +0000 2025","14","Ndes minggu ini rncana mo naik gunung tp krn cuaca ga oke ak skip. Enaknya gnti ngapain ya yg masih berbau alam2 gt? Udh bosen ngemall/ngafe","1988899452728258581","","","in","","0","19","0","https://x.com/undefined/status/1988899452728258581","966083473",
"1988644707887726893","Thu Nov 13 09:15:59 +0000 2025","0","@SeLoveChesee @papayybee @dophamineeu Ngedit poto org sembarangan dgn kata g bgs yg diedit jg saat itu ksh dibwh 17th mslh vote dibbrp aplikasi trmsk ITA stlh dikoar in br fb utamany turun gunung dan ksh imbauan buat vote pdhl udh h-3an ngatain idola dan salah stu family idolany terang an di publik","1988898627209597428","","skyforaa","in","","0","1","0","https://x.com/undefined/status/1988898627209597428","1527479963636891648",
"1988399999991066875","Thu Nov 13 09:15:29 +0000 2025","0","@ak03l @DMarginale @bobidasaya @FajarGultom5 Alumni UGM tahun 2000 ke bawah pasti paham lulus kuliah di fakultas eksakta UGM dalam waktu lima tahun itu sangat istimewa. Apalagi yg katanya Mulyono dimulai dr program diploma serta aktif di mapala dan ikut ekspedisi pendakian gunung kerinci. Jelas. Minimal 7 tahun baru lulus","1988898503121060061","","ak03l","in","","0","1","0","https://x.com/undefined/status/1988898503121060061","1455144866363498502",
"1988875487498674257","Thu Nov 13 09:14:31 +0000 2025","0","@tunangangojo Kukira gambar gunung salju pp mu ","1988898257213206618","","tunangangojo","in","","0","1","0","https://x.com/undefined/status/1988898257213206618","1192266452058828801",
"1988897979768480217","Thu Nov 13 09:13:24 +0000 2025","7","kak @miggimage ini tuh om steph sama marion pas wjnter holiday in japan yah&gt;&lt; om sang pria gunung es abadi finally pecah juga ketawany liat tjngkah absurd his bbboy&lt;3","1988897979768480217","","","in","","0","2","1","https://x.com/undefined/status/1988897979768480217","1856454676973268993",
"1988897942350987405","Thu Nov 13 09:13:16 +0000 2025","0","Dan juga (keadaan) bumi ini (bagaimana) Kami bentangkan dia sebagai hamparan dan Kami letakkan padanya gunung-ganang yang terdiri kukuh serta Kami tumbuhkan padanya pelbagai jenis tanaman yang indah subur? 50:7 Dan gunung-ganang sebagai pancang pasaknya? 78:7 ASET NUSANTARA.","1988897942350987405","","","in","","0","1","0","https://x.com/undefined/status/1988897942350987405","1871444453933883392",
"1988897876194521545","Thu Nov 13 09:13:00 +0000 2025","2","Dua motor terlibat tabrakan adu banteng di Jalan Raya Bojong Nangka Gunung Putri Bogor hingga menewaskan satu pengendara dan melukai dua orang lainnya. https://t.co/64CsxPu3Jg","1988897876194521545","","","in","","0","2","0","https://x.com/undefined/status/1988897876194521545","69183155",
"1988891663230480886","Thu Nov 13 09:12:31 +0000 2025","0","@ratakanann mendingan naik gunung sini sm gua di rolbox dr pada asbun https://t.co/8YL9n7HnmJ","1988897755532497257","https://pbs.twimg.com/media/G5n790JaYAAHqvf.jpg","ratakanann","in","","0","0","0","https://x.com/undefined/status/1988897755532497257","1848667848362889218",
"1988897467383820485","Thu Nov 13 09:11:25 +0000 2025","0","30 minit. Sunrise di Gunung Phu Chi Fa ini adalah satu destinasi wajib oleh setiap sukarelawan yang gemar mendaki gunung! Jika direzekikan oleh Allah dapat tengok awan karpet! Boleh google la tengok yer Jadi bagi program ini terdapat penambahan menjadi 3 daripada 2","1988897476695191917","","VMisi7","in","","0","1","0","https://x.com/undefined/status/1988897476695191917","4793401045",
"1988897467383820485","Thu Nov 13 09:11:23 +0000 2025","0","menarik adalah pada hari ke 3 peserta akan dibawa menziarahi keluarga asnaf yang tinggal berdekatan kaki Gunung Phu Chi Fa. Selesai program peserta akan bermalam di sana untuk menikmati matahari terbit di puncak gunung tersebut. Memerlukan pendakian kira-kira","1988897471657922806","","VMisi7","in","","0","1","0","https://x.com/undefined/status/1988897471657922806","4793401045",
"1988896428538663173","Thu Nov 13 09:07:15 +0000 2025","0","rekomen map gunung tp yg rintangannya masi normal plss","1988896428538663173","","","in","","0","3","0","https://x.com/undefined/status/1988896428538663173","1900855454164783106",
"1988812166011760787","Thu Nov 13 09:06:44 +0000 2025","0","@pantai_gunung masih epic bg","1988896301145075954","","pantai_gunung","in","","0","0","0","https://x.com/undefined/status/1988896301145075954","1376353884818481155",
"1988631703238140074","Thu Nov 13 09:06:25 +0000 2025","0","@rossiecey aku ke gunung komang ","1988896220056530968","","rossiecey","in","","0","0","0","https://x.com/undefined/status/1988896220056530968","787140447281872896",
"1988896198694953241","Thu Nov 13 09:06:20 +0000 2025","0","Akibat Hujan deras dan Alam Longsor banyak Babi Hutan turun gunung berkeliaran diarea masyarakat. Bungbulang Pameungpeuk Garut Selatan. #Alam #Banjir #longsor #garut #cabaracaritabandungraya https://t.co/KqFmfmNkp0","1988896198694953241","https://pbs.twimg.com/ext_tw_video_thumb/1988896134434291712/pu/img/YZXnGnPYGeyUme5t.jpg","","in","","0","0","0","https://x.com/undefined/status/1988896198694953241","1252459934182109185",
"1988866922205634648","Thu Nov 13 09:04:46 +0000 2025","4","@RadioElshinta Benar benar perjuangan roy suryo seperti pangeran diponegoro banyak gunung yang harus didaki","1988895805873197295","","RadioElshinta","in","","0","3","0","https://x.com/undefined/status/1988895805873197295","1876624778112724992",
"1988895747115278501","Thu Nov 13 09:04:32 +0000 2025","1","setelah uts ini kelar ak akan kembali menjelajahi gunung-gunung hueehehehe https://t.co/55txXV2K6z","1988895747115278501","https://pbs.twimg.com/media/G5n6I8Db0AAbgbs.jpg","","in","","0","1","0","https://x.com/undefined/status/1988895747115278501","1954407400292904960",
"1988895695990849887","Thu Nov 13 09:04:20 +0000 2025","1","Rabu 12/11/25 pukul 16.39 WIB Brigadir Iron Bhabinkamtibmas Kel.Pademangan Barat melaksanakan kunjungan ke Jl. Gunung Sahari Kel.Pademangan Barat bertemu Bpk. Musdakir sampaikan pesan kamtibmas agar berperan aktif menjaga lingkungan guna antisipasi kejahatan https://t.co/kDDmTU2TRu","1988895695990849887","https://pbs.twimg.com/media/G5n5AwAaEAE63JL.jpg","","in","","0","0","0","https://x.com/undefined/status/1988895695990849887","1092967217782640640",
"1988631703238140074","Thu Nov 13 09:03:18 +0000 2025","0","@rossiecey aku abis dari gunung yg ada buayanya blg gini masa semangat baby aww baby ","1988895434073395568","","rossiecey","in","","0","1","0","https://x.com/undefined/status/1988895434073395568","787140447281872896",
"1988895228154012044","Thu Nov 13 09:02:58 +0000 2025","0","@Izmuazh Nama: Mulky Jenis Kelamin: Laki-laki Usia: Belum eksplisit tampak 20-30an dari konteks kerja dan aktivitas. Pencapaian: Handle stres kerja solo setelah partner branch pergi sukses hiking Gunung Sumbing. Hobi: Jogging untuk refleksi mendaki gunung nonton sepak bola","1988895353790476438","","Izmuazh","in","","0","2","0","https://x.com/undefined/status/1988895353790476438","1720665183188922368",
"1988374126910992768","Thu Nov 13 09:02:10 +0000 2025","0","@jeanycal Kalau gitu tipsnya adalah keramas pakai air dari 7 gunung Jean.","1988895150882386419","","jeanycal","in","","0","0","0","https://x.com/undefined/status/1988895150882386419","1670797046213664771",
"1988894616741929277","Thu Nov 13 09:00:03 +0000 2025","1","Gendong carrier gendong mbg vt mehkeunn14 #beskokpagi #pendaki #pendakian #hiking #gunung #gunungindonesia #pov https://t.co/qy3InUc7VC","1988894616741929277","https://pbs.twimg.com/amplify_video_thumb/1988883616731131904/img/z9SqAAhZdkc3RHVB.jpg","","in","","0","0","0","https://x.com/undefined/status/1988894616741929277","1313076597935599616",
"1988894579760750751","Thu Nov 13 08:59:54 +0000 2025","0","Dua motor bertabrakan di Jalan Raya Bojong Nangka Gunung Putri Bogor Rabu (12/11) malam. Satu pengendara tewas dan dua orang luka-luka. Korban dievakuasi ke rumah sakit. https://t.co/PH9JN8cDq5","1988894579760750751","https://pbs.twimg.com/media/G5n5Emnb0AAZpg-.jpg","","in","","0","0","0","https://x.com/undefined/status/1988894579760750751","1929304395788996608",
"1988882709628793283","Thu Nov 13 08:12:44 +0000 2025","0","ih abis buka akun yg roblox trs jd sedih dan rindu kangen main gag sm naik gunung","1988882709628793283","","","in","","0","2","0","https://x.com/undefined/status/1988882709628793283","1445398397381455882",
"1988827075742961957","Thu Nov 13 08:10:52 +0000 2025","0","@an_wonu dudung jalan2 ke gunung mana ituuuu","1988882241158594987","","an_wonu","in","","0","1","0","https://x.com/undefined/status/1988882241158594987","1496680161928171526",
"1988878848570560938","Thu Nov 13 08:10:13 +0000 2025","0","@Zigewinne halo Zigewinne apakah anda ingin mencoba permainan lain selain mendaki gunung? menurut saya permainan seperti Violance District atau Something Evil Will Happen boleh dicoba! semoga membantu ","1988882078780240357","","Zigewinne","in","","0","1","0","https://x.com/undefined/status/1988882078780240357","936389193814573056",
"1988563468304179439","Thu Nov 13 08:08:27 +0000 2025","0","@KOENHNO naik gunung apa oppa? nitip jagung bakar dong oppa.","1988881632544071958","","KOENHNO","in","","0","1","0","https://x.com/undefined/status/1988881632544071958","2902525386",
"1988589749574291667","Thu Nov 13 08:06:56 +0000 2025","0","@tatasphere ada gunung tuh","1988881249809645636","","tatasphere","in","","0","1","0","https://x.com/undefined/status/1988881249809645636","1677469240587321344",
"1988881085871145305","Thu Nov 13 08:06:17 +0000 2025","0","tiap istilah aneh yg merujuk ke gunung lawu muncul aku selalu browsing di gugel dan yap itu mitos beneran termasuk desa dwarapala omgggg","1988881085871145305","","","in","","0","0","0","https://x.com/undefined/status/1988881085871145305","1248321865862410241",
"1988880875283484916","Thu Nov 13 08:05:26 +0000 2025","0","Si gunung marah-marah mulu.","1988880875283484916","","","in","","1","1","0","https://x.com/undefined/status/1988880875283484916","708951136879816704",
"1988880874419400722","Thu Nov 13 08:05:26 +0000 2025","0","Sekitar banjaran crocker. Menuju gunung kinabalu. Kalau di kundasang? Urusan documentation dulu. Citizenship confirmation. Search underway for escaped detainee in Sabah https://t.co/DpEIAEPnUR","1988880874419400722","","","in","","0","0","0","https://x.com/undefined/status/1988880874419400722","1492494079",
"1988880791711973595","Thu Nov 13 08:05:07 +0000 2025","0","barutau dari aroma karsa kalo gunung lawu beneran sesakral itu...","1988880791711973595","","","in","","0","0","0","https://x.com/undefined/status/1988880791711973595","1248321865862410241",
"1988856169121603965","Thu Nov 13 08:04:25 +0000 2025","1","@blueberry18299 tda baca mendaki gunung lewati lembeh ","1988880616692101137","","blueberry18299","in","","0","1","0","https://x.com/undefined/status/1988880616692101137","1891711963773927427",
"1988817606179189042","Thu Nov 13 08:03:59 +0000 2025","0","@l03327 GAPAPAA aku on buat gunung doang seringnya WKWKWK id aku farmakologih yaa","1988880509968003288","","l03327","in","","0","1","0","https://x.com/undefined/status/1988880509968003288","3200783687",
"1988880200780669024","Thu Nov 13 08:02:46 +0000 2025","0","Abis jalan-jalan di gunung cantik https://t.co/XxvFVgYfkM","1988880200780669024","https://pbs.twimg.com/media/G5nsAEyacAE3sE1.jpg","","in","","0","1","0","https://x.com/undefined/status/1988880200780669024","1478346834288410624",
"1988880141997543767","Thu Nov 13 08:02:32 +0000 2025","0","Kamis 13-11-2025 | 12.01 WIB SIAP 112 Kota Mojokerto menerima laporan adanya kabel wifi melintang di Jl. Raya By Pass Kel. Gunung Gedangan Kec. Magersari. Saat ini kabel tersebut telah diperbaiki oleh petugas provider wifi Kota Mojokerto. #SIAP112KotaMojokerto https://t.co/aGdipsU0Bl","1988880141997543767","https://pbs.twimg.com/media/G5nq7OYacAI8vFb.png","","in","","0","0","0","https://x.com/undefined/status/1988880141997543767","1613806371031646208",
"1988867772940423620","Thu Nov 13 08:01:55 +0000 2025","0","@leefync 2026 insyaAllah full naik gunung","1988879989769421189","","leefync","in","","0","0","0","https://x.com/undefined/status/1988879989769421189","1288679733463482368",
"1988879649280020642","Thu Nov 13 08:00:34 +0000 2025","0","Institut Teknologi Bandung (ITB) dan UIN Sunan Gunung Djati Bandung! Kampus-kampus terkemuka ini bersinergi untuk mengembangkan Sistem E-Halal yang revolusioner mengintegrasikan teknologi mutakhir Blockchain dan Artificial Intelligence (AI). #Cryptocue #EHalal #Blockchain #AI https://t.co/lmUWZnD2Bt","1988879649280020642","https://pbs.twimg.com/media/G5nrXwjaQAAfCA7.jpg","","in","","0","0","0","https://x.com/undefined/status/1988879649280020642","1983065092976746496",
"1988879482959090000","Thu Nov 13 07:59:54 +0000 2025","0","background semua gunung ngan awan ala ala karpet gitu","1988879482959090000","","","in","","0","0","0","https://x.com/undefined/status/1988879482959090000","867530587",
"1988879405481889900","Thu Nov 13 07:59:36 +0000 2025","0","tapi memang cantik la besar luas sebab kawasan dalam gunung kan","1988879405481889900","","","in","","0","0","0","https://x.com/undefined/status/1988879405481889900","867530587",
"1987919929996390634","Thu Nov 13 07:59:25 +0000 2025","2","betapa dl aku di gunung sebelum akhirnya baca announce AAA. nah sblmnya kan woohye sering ya ada moment di airport tp semuanya selalu aku bilang 'ah kebetulan doang itu' akhirnya di moment AAA ini aku kek mutusin kalo sampe bajunya samaan lg yaudah fix aku gaboleh denial lg","1988879357473853756","","lforlika","in","","0","1","0","https://x.com/undefined/status/1988879357473853756","1524636736394960897",
"1988856490845749579","Thu Nov 13 07:56:52 +0000 2025","0","@semangka146 @tutetetata info dong seriusan seberat itu daki gunung?","1988878717171482642","","lidahkucin9","in","","0","0","0","https://x.com/undefined/status/1988878717171482642","1385828276258574339",
"1988795819684970616","Thu Nov 13 07:56:09 +0000 2025","0","@iedlyns @aur3vi Tektok adalah istilah gaul di kalangan pendaki gunung di Indonesia artinya naik-turun gunung dalam satu hari tanpa menginap atau camping. Biasanya dilakukan untuk tantangan cepat tapi butuh persiapan fisik baik. Semoga jelas ya kk cantik! ","1988878537806451148","","iedlyns","in","","0","0","0","https://x.com/undefined/status/1988878537806451148","1720665183188922368",
"1988874385961476316","Thu Nov 13 07:39:39 +0000 2025","0","Shopee: https://t.co/MA9ktTAZIi Tiktok: https://t.co/t5ivm8o6EY Tokopedia: https://t.co/VLgV8IBwXx Lazada: https://t.co/QdoB3H4pRw Sepatu gunung hiking adventure Cladico gripper low pink original. Ayam khilaf #zoomintodetail tuntut login #eajakarta abdul muis #zonauang https://t.co/sZLPrR75JU","1988874385961476316","https://pbs.twimg.com/media/G5nliAPb0AAOjlB.jpg","","in","","0","0","0","https://x.com/undefined/status/1988874385961476316","806322680798408704",
"1988873433841643523","Thu Nov 13 07:35:52 +0000 2025","0","BNN Lakukan Kunjungan Koordinasi ke Lapas Narkotika Gunung Sindur Terkait Pengawasan Tahanan Kasus Narkotika @kemenimipas @ditjenpas @pemasyarakatanjabar @agusandrianto.id @gun2gunawan29 #kemenimipas #guardandguide #infoimipas #KanwilDitjenpasJabar #LapasNarkotikaGunungSindur https://t.co/Ui2ekaU6JW","1988873433841643523","https://pbs.twimg.com/amplify_video_thumb/1988872542048907264/img/ZvAPP1vNQxpv136H.jpg","","in","","0","0","0","https://x.com/undefined/status/1988873433841643523","4825173187",
"1988662627472679316","Thu Nov 13 07:35:52 +0000 2025","0","@tinlker Yuk gunung bts lg","1988873431765397655","","tinlker","in","","0","1","0","https://x.com/undefined/status/1988873431765397655","1653791651603812352",
"1988873172683300908","Thu Nov 13 07:34:50 +0000 2025","1","UIN Sunan Gunung Djati Bandung dan ITB bekerja sama dengan perusahaan Korea untuk mengembangkan sistem E-Halal berbasis blockchain. BACA SELENGKAPNYA: https://t.co/xbCwC6XHWn #Blockchain #ehalal #itb #uin #crypto #cryptonews #asetkripto #beritakripto https://t.co/TcNmLq5Gif","1988873172683300908","https://pbs.twimg.com/media/G5nllR1akAEJwXV.jpg","","in","","0","0","0","https://x.com/undefined/status/1988873172683300908","21374763",
"1988626170502381620","Thu Nov 13 07:32:45 +0000 2025","0","@iyeylucu Gunung terpendek ","1988872648919498807","","iyeylucu","in","","0","1","0","https://x.com/undefined/status/1988872648919498807","994908659363692544",
"1988872397504573668","Thu Nov 13 07:31:45 +0000 2025","0","Mendaki gunung doang bang? Gas lah","1988872397504573668","","","in","","0","0","0","https://x.com/undefined/status/1988872397504573668","1426800429816377346",
"1988768273652134000","Thu Nov 13 07:30:53 +0000 2025","0","Oh ya lanjutin nulis ini. Jadi tadi tuh aku ga sengaja masuk ke channel ini. Awalnya jalan2 sendirian aja di hutan pegunungan gitu trus liat bangunan istana. Diantara gunung dan view laut. Aku masuk ke situ jalan sendirian muterin bangunan situ trus liat rangorang lalu lalang","1988872178234753298","","adinni_sani","in","","0","1","0","https://x.com/undefined/status/1988872178234753298","508662668",
"1988871869680754742","Thu Nov 13 07:29:39 +0000 2025","0","dua hari tumbang liat yutubnya trail run sama hiking ke gunung emang kayaknya butuh nyentuh alam lagi","1988871869680754742","","","in","","0","0","0","https://x.com/undefined/status/1988871869680754742","369454945",
"1988418567763882166","Thu Nov 13 07:29:26 +0000 2025","0","@melkitash @nannazmadu kambing gunung apa wedhus gibas","1988871813812703469","","melkitash","in","","0","0","0","https://x.com/undefined/status/1988871813812703469","1712970023462133760",
"1988871403567788539","Thu Nov 13 07:27:48 +0000 2025","0","gatau kenapa algoritma IGku akhir2 ini wahana ekstrem naik gunung yang susah via ferrata dll. padahal aku aja olahraganya indoor wkwkw.","1988871403567788539","","","in","","0","1","0","https://x.com/undefined/status/1988871403567788539","46330569",
"1988870609774715109","Thu Nov 13 07:24:39 +0000 2025","0","ada berita apa nih ? sorry baru turun gunung","1988870609774715109","","","in","","0","0","0","https://x.com/undefined/status/1988870609774715109","719530598373548032",
"1988505036108759375","Thu Nov 13 07:20:12 +0000 2025","0","@xkibidi kaka keii minat main.. hmmm kaka aku ndak bisa naik gunung mungkin kalau sama kakak kei bisa","1988869491825008927","","xkibidi","in","","0","1","0","https://x.com/undefined/status/1988869491825008927","1949496963671678976",
"1988859925959737656","Thu Nov 13 07:18:00 +0000 2025","0","ㅤ Aku mencicipinya perlahan. Rasa mint lembut berpadu madu gunung memberi sensasi segar. Luar biasa ujarku. Apakah Anda mencampur akar Mizukusa di dalamnya? Aki mengangguk kecil. Benar sedikit saja. Air dari pegunungan di sini memperkuat khasiatnya. ㅤ","1988868936893419560","","winxeraice_","in","","0","1","0","https://x.com/undefined/status/1988868936893419560","1487743173804060672",
"1988859925959737656","Thu Nov 13 07:17:45 +0000 2025","0","ㅤ Perjalanan memakan waktu sekitar satu jam. Semakin dekat ke Gunung Shinku udara terasa hangat bercampur aroma belerang lembut. Saat akhirnya sampai di Onsen Reisen aku disambut oleh penjaga dengan senyum sopan dan aroma teh hijau hangat. ㅤ https://t.co/NXuOdoXnka","1988868872653386031","https://pbs.twimg.com/media/G5nhsy5b0AAbak3.jpg","winxeraice_","in","","0","1","0","https://x.com/undefined/status/1988868872653386031","1487743173804060672",
"1988859925959737656","Thu Nov 13 07:17:38 +0000 2025","0","ㅤ Onsen itu terkenal karena airnya yang mengandung mineral alami dari batuan gunung berenergi sihir rendah memberi efek relaksasi mendalam bagi penyihir. Di sanalah aku berencana untuk memanjakan tubuh dan menenangkan jiwa jauh dari kesibukan ibukota. ㅤ","1988868843133980992","","winxeraice_","in","","0","1","0","https://x.com/undefined/status/1988868843133980992","1487743173804060672",
"1988859925959737656","Thu Nov 13 07:17:37 +0000 2025","0","ㅤ Bukan semata untuk beristirahat melainkan untuk kembali menyelaraskan tubuh dan pikiran. Tujuanku kali ini adalah Onsen Reisen pemandian air panas yang tersembunyi di lembah subur Gunung Shinku. ㅤ","1988868839304581360","","winxeraice_","in","","0","1","0","https://x.com/undefined/status/1988868839304581360","1487743173804060672",
"1988567258453393892","Thu Nov 13 07:16:36 +0000 2025","0","@naeruu__ Kalau ini mau sewa jaket buat naik gunung gimana mas https://t.co/GFj10xzCkT","1988868582478958633","https://pbs.twimg.com/amplify_video_thumb/1988868508109926400/img/yXuWjE-lnKq1T9rJ.jpg","naeruu__","in","","0","1","0","https://x.com/undefined/status/1988868582478958633","1678204923769688065",
"1988868206937735280","Thu Nov 13 07:15:06 +0000 2025","0","#WargiPembangunan Tahukah kamu asal nama Bandung ternyata berasal dari peristiwa alam ribuan tahun lalu? Dulu letusan gunung membendung Sungai Citarum dan membentuk Danau Bandung Purba. https://t.co/vfXhN9wzDj","1988868206937735280","https://pbs.twimg.com/amplify_video_thumb/1988867892620980224/img/TcGYAHynO3R7zuiT.jpg","","in","","0","3","0","https://x.com/undefined/status/1988868206937735280","2777886164",
"1988867030896762995","Thu Nov 13 07:10:26 +0000 2025","0","manis sekali cerita ini taii gak gunung dan sakit gigi","1988867030896762995","","","in","","0","0","0","https://x.com/undefined/status/1988867030896762995","1009626309406875648",
"1988866124000199097","Thu Nov 13 07:06:49 +0000 2025","3","Ekspektasi: Pengen deh kemah atau naik gunung kayak orang-orang. Realita: - Nanjak ke Jayagiri doang mimisan. - Kemah di Rancaupas doang alergi dingin kambuh. Emang paling bener sare di imah weh.","1988866124000199097","","","in","","0","2","0","https://x.com/undefined/status/1988866124000199097","1147288997531541504",
"1988859796871594217","Thu Nov 13 06:41:41 +0000 2025","0","3 gunung putih kelihatan","1988859796871594217","","","in","","0","0","0","https://x.com/undefined/status/1988859796871594217","1087382020483760129",
"1988805910475730952","Thu Nov 13 06:40:38 +0000 2025","0","@chaosrasakecap_ Tuhannn .. Lu abis operasi kemaren udah maen ke gunung Speedy recovery kak biar bisa explore more ","1988859532613722378","","chaosrasakecap_","in","","0","1","0","https://x.com/undefined/status/1988859532613722378","81546150",
"1988769592370737163","Thu Nov 13 06:40:26 +0000 2025","0","@valiisaa aku main roblox tapi gak main naik gunung wkwk","1988859482110075387","","valiisaa","in","","0","0","0","https://x.com/undefined/status/1988859482110075387","1682766941151457280",
"1988830973585211432","Thu Nov 13 06:39:39 +0000 2025","0","@bermuara_sayang Ayo lah habisin waktunya sama aku boleh kita p balap walau aku kadang suka kedut wkwkw. Main robloxnya sambil pacaran biar ga berasa stress aku suka main di vd - gunung kaya yahayuk yntkts freestyle atau gemi. Pas banget barusan ke mount when ya nih https://t.co/qjpcx0Tjqx","1988859285338575064","https://pbs.twimg.com/media/G5nY-XobgAAE2Su.jpg","bermuara_sayang","in","","0","1","0","https://x.com/undefined/status/1988859285338575064","1629384522193338368",
"1988840634061328470","Thu Nov 13 06:37:38 +0000 2025","0","@orewanathan gunung rosblok","1988858778205221179","","orewanathan","in","","0","0","0","https://x.com/undefined/status/1988858778205221179","1107278859471224833",
"1988566526446784821","Thu Nov 13 06:36:29 +0000 2025","0","@beforeessunset Pengen naik gunung lintas jalur ","1988858487816786383","","beforeessunset","in","","0","0","0","https://x.com/undefined/status/1988858487816786383","1706804383760207872",
"1988805704413860050","Thu Nov 13 06:35:12 +0000 2025","38","@babay0x Kopinya orng gunung boss https://t.co/0kkUGRK0U2","1988858165002109235","https://pbs.twimg.com/media/G5nX87Gb0AAspcd.jpg","babay0x","in","","0","5","1","https://x.com/undefined/status/1988858165002109235","1128495786998652928",
"1988854052566794276","Thu Nov 13 06:30:38 +0000 2025","1","@emokambekkon @free_drinn Klaten disebut Kota Seribu Umbul karena letak geografisnya yang berada di cekungan antara Gunung Merapi (vulkanik) dan Pegunungan Sewu (karst). Tanah vulkanik yang porous dan struktur batuan kapur memungkinkan air hujan meresap dalam-dalam lalu muncul kembali sebagai mata air","1988857017361158397","","emokambekkon","in","","0","0","0","https://x.com/undefined/status/1988857017361158397","1720665183188922368",
"1988856744064283092","Thu Nov 13 06:29:33 +0000 2025","0","Kepolisian Negara Republik Indonesia mempercepat pembangunan SMA Kemala Taruna Bhayangkara di Gunung Sindur Kabupaten Bogor. https://t.co/oL6Zjwg1ri","1988856744064283092","","","in","","0","0","0","https://x.com/undefined/status/1988856744064283092","18071520",
"1988856490845749579","Thu Nov 13 06:28:33 +0000 2025","1","ayo ayo yg mau mendaki gunung","1988856490845749579","","","in","","0","1","0","https://x.com/undefined/status/1988856490845749579","1385828276258574339",
"1988856463851245803","Thu Nov 13 06:28:28 +0000 2025","0","Mau positif thinking tpi ini terlalu sus untuk dipositifin. Posisinya di gunung muria....","1988856469840597064","","stuwdii","in","","0","0","0","https://x.com/undefined/status/1988856469840597064","1260489208063569921",
"1988840634061328470","Thu Nov 13 06:28:27 +0000 2025","0","@aromakembang mending menamatkan semua gunung","1988856468158681579","","aromakembang","in","","0","1","0","https://x.com/undefined/status/1988856468158681579","1278619343593455618",
"1988854052566794276","Thu Nov 13 06:28:12 +0000 2025","0","@emokambekkon Daerahku deket gunung tapi enggak ada umbul","1988856405046988911","","emokambekkon","in","","0","1","0","https://x.com/undefined/status/1988856405046988911","2577097128",
"1988856169121603965","Thu Nov 13 06:27:16 +0000 2025","23","Mendaki gunung lewati lembah https://t.co/c646xkzI3k","1988856169121603965","https://pbs.twimg.com/media/G5nWI4xaAAAGFXx.jpg","","in","","0","2","0","https://x.com/undefined/status/1988856169121603965","1906631193560502272",
"1988856036170633307","Thu Nov 13 06:26:44 +0000 2025","0","Gunung Santubong bukti tamadun awal Sarawak berkembang sejak abad ke-7 https://t.co/P95QPRRlxD","1988856036170633307","","","in","","0","0","0","https://x.com/undefined/status/1988856036170633307","61083422",
"1988855856734011559","Thu Nov 13 06:26:02 +0000 2025","0","Gunung itu maksudnya pikiran","1988855856734011559","","","in","","0","0","0","https://x.com/undefined/status/1988855856734011559","1046138917949337601",
"1988855802661105812","Thu Nov 13 06:25:49 +0000 2025","0","!roblox tadi sender liat menfess lewat gunung baru yang banyak bunga matahari gitu namanya gunung apa ya? Tadi belom sempet baca lengkap keburu ke refresh ","1988855802661105812","","","in","","0","0","0","https://x.com/undefined/status/1988855802661105812","1903872646678470656",
"1987494227463520486","Thu Nov 13 06:25:44 +0000 2025","0","@OgieFroggie emang bisa yaa di makan? parah ih abang sakti aku aduin yaa masa abang sam dibilang pendek t____t yayaya nanti aku dengerin sambil jalan-jalan sama ogie ke gunung sibuatan keyy wkwk ko keren.. berarti ada bahlil juga dong?","1988855784860504432","","OgieFroggie","in","","0","0","0","https://x.com/undefined/status/1988855784860504432","314574263",
"1988805786710184195","Thu Nov 13 06:25:27 +0000 2025","0","@saturatedsteam petaka gunung gede","1988855713297293611","","saturatedsteam","in","","0","1","0","https://x.com/undefined/status/1988855713297293611","1207270850497433600",
"1988855556459667794","Thu Nov 13 06:24:50 +0000 2025","0","When yahh seru²an di gunung lagi sekarang udah pada afk semua. Diem²an gajelas curiga pada mules. Jangan sampai asing ya laff laff https://t.co/cohby5l6tr","1988855556459667794","https://pbs.twimg.com/media/G5nVlkRbUAAbtzw.jpg","","in","","0","0","0","https://x.com/undefined/status/1988855556459667794","454664705",
"1985934116869849569","Thu Nov 13 06:24:16 +0000 2025","0","@Ressssstttiiiii Halo kak Restiii. Aku sedang membutuhkan partisipan untuk isi kuesioner skripsiku tentang pendaki gunung kak. If you dont mind aku minta tolong kakak isi dan share","1988855415757492604","","Ressssstttiiiii","in","","0","1","0","https://x.com/undefined/status/1988855415757492604","1358132525885870080",
"1988568382912807049","Thu Nov 13 06:23:48 +0000 2025","0","@andiny3 @luqman_fsam @hudymas69 @Stakof Nama: Andiny (berdasar handle) Jenis Kelamin: Laki-laki Usia: Sekitar 30-40 tahun Pencapaian: Aktif kritik sosial keluarga bahagia pendaki gunung Hobi: Nonton bola (AC Milan Persib) mendaki gunung musik rock (Boomerang) Pekerjaan: Tidak spesifik mungkin pekerja kantor","1988855295280574877","","andiny3","in","","0","1","0","https://x.com/undefined/status/1988855295280574877","1720665183188922368",
"1988590781725380608","Thu Nov 13 06:23:31 +0000 2025","0","@mowsouleil gunung?","1988855227320000987","","mowsouleil","in","","0","0","0","https://x.com/undefined/status/1988855227320000987","1777185612120158208",
"1988855114631639044","Thu Nov 13 06:23:05 +0000 2025","0","Aku ga boong lho ya..beneran naik gunung... Cuman... Gak di dunia nyata ","1988855114631639044","","","in","","0","0","0","https://x.com/undefined/status/1988855114631639044","1107486800",
"1964713852874211493","Thu Nov 13 06:21:00 +0000 2025","0","gunung backburner https://t.co/AdeQmU3Rmt","1988854591333564885","https://pbs.twimg.com/media/G5nUs71acAEJ3UD.jpg","cupiebunch","in","","0","1","0","https://x.com/undefined/status/1988854591333564885","1478972523148558336",
"1988854397523103906","Thu Nov 13 06:20:15 +0000 2025","0","dijadikannya gunung itu hancur luluh dan Musa pun jatuh pingsan. Maka setelah Musa sadar kembali dia berkata: Maha Suci Engkau aku bertaubat kepada Engkau dan aku orang yang pertama-tama beriman .7:143","1988854403588039087","","goyangdul","in","","0","0","0","https://x.com/undefined/status/1988854403588039087","1046138917949337601",
"1988854397523103906","Thu Nov 13 06:20:14 +0000 2025","0","Tuhan berfirman: Kamu sekali-kali tidak sanggup melihat-Ku tapi lihatlah ke bukit itu maka jika ia tetap di tempatnya (sebagai sediakala) niscaya kamu dapat melihat-Ku . Tatkala Tuhannya menampakkan diri kepada gunung itu ","1988854400018760089","","goyangdul","in","","0","1","0","https://x.com/undefined/status/1988854400018760089","1046138917949337601",
"1988854006207168753","Thu Nov 13 06:18:40 +0000 2025","0","Kejadian kecelakaan truk dan bus di perbatasan Puspitek Serpong dan Gunung Sindur pada Kamis pagi 13 November 2025 Sumber video TikTok : @pamulang24jam https://t.co/X422MIwaV6","1988854006207168753","https://pbs.twimg.com/amplify_video_thumb/1988853947038416897/img/bfGccNN32_Peli-z.jpg","","in","","0","0","0","https://x.com/undefined/status/1988854006207168753","1876838268291174400",
"1988853746239959210","Thu Nov 13 06:17:38 +0000 2025","1","Oke gak boleh jadi anak gunung lagi sama baginda talon thank you for the purple bloodmoon!! @TalonMidnight https://t.co/Dgpv6Ee6E8","1988853746239959210","https://pbs.twimg.com/ext_tw_video_thumb/1988853675251712001/pu/img/AFMhjSU0sQnpZbJ_.jpg","","in","","1","0","1","https://x.com/undefined/status/1988853746239959210","800370915057860609",
"1988542806840025436","Thu Nov 13 06:14:40 +0000 2025","1","@Rs_7587 @tvOneNews dari dalam gunung kan ???","1988852996734582789","","Rs_7587","in","","0","0","0","https://x.com/undefined/status/1988852996734582789","1624962184798404608",
"1988594946363044071","Thu Nov 13 06:12:29 +0000 2025","0","@meneIiti Banyak si wkwk kadang random aja masuk map gunung. Lu main roblox juga gir?","1988852446718759067","","meneIiti","in","","0","1","0","https://x.com/undefined/status/1988852446718759067","8506332",
"1988852101280125299","Thu Nov 13 06:11:06 +0000 2025","0","abang abang gunung stop random ajak orang balapan hanya karena pake ava cowo (korban = aku)","1988852101280125299","","","in","","0","0","0","https://x.com/undefined/status/1988852101280125299","1313645412360712192",
"1988850370722836866","Thu Nov 13 06:09:02 +0000 2025","1","@roblox_fess Berminaaaat ayo kita taklukkan seluruh map gunung","1988851579626135734","","roblox_fess","in","","1","0","0","https://x.com/undefined/status/1988851579626135734","3270185678",
"1988851379838837176","Thu Nov 13 06:08:14 +0000 2025","0","Gunung","1988851379838837176","","","in","","0","0","0","https://x.com/undefined/status/1988851379838837176","735237499371413504",
"1988851169653846366","Thu Nov 13 06:07:24 +0000 2025","0","Baru bisa beliin mesin cuci.. DAN MENAKLUKKAN BEBERAPA GUNUNG ROBLOX ","1988851169653846366","","","in","","0","0","0","https://x.com/undefined/status/1988851169653846366","1748404410269761537",
"1988831526084030848","Thu Nov 13 06:07:03 +0000 2025","5","@nyetirnyajauh Sepuh udah turun gunung bumi gonjang ganjing","1988851083108618344","","nyetirnyajauh","in","","0","1","0","https://x.com/undefined/status/1988851083108618344","448837297",
"1988850835342704916","Thu Nov 13 06:06:04 +0000 2025","2","Good morning all. Beautiful Pura Gunung Kawi Sebatu Indonesia 🇮🇩 https://t.co/LrmuukutfK","1988850835342704916","https://pbs.twimg.com/ext_tw_video_thumb/1988850808142618625/pu/img/vopQVv8muuEXHgU9.jpg","","in","","0","1","0","https://x.com/undefined/status/1988850835342704916","1537177693803905027",
"1988534890174816260","Thu Nov 13 06:05:49 +0000 2025","0","@Veroiphoto @sharpandshark Video itu menunjukkan runtuhnya Jembatan Hongqi di Sichuan China akibat longsor gunung pada 11 Nov 2025. Berdasarkan laporan dari berbagai sumber seperti The Independent dan India Today ini kejadian nyata bukan hoax. Jembatan ditutup sebelumnya karena peringatan longsor ","1988850769802805581","","Veroiphoto","in","","0","0","0","https://x.com/undefined/status/1988850769802805581","1720665183188922368",
"1987956148759392469","Thu Nov 13 06:05:39 +0000 2025","0","@bbyblu3 Ayo kak main di katalog aku kasih saran outfit anak gunung anak salon anak talon anak durhaka.","1988850729226739808","","bbyblu3","in","","0","1","0","https://x.com/undefined/status/1988850729226739808","1266578225347522561",
"1988843733375172651","Thu Nov 13 05:37:51 +0000 2025","0","gladi resik buat graduation feels like a dream kemarin ke kampus sama teman-teman seperti biasa selalu lewat tol dan woaw di jakarta masih kelihatan gunung (kemarin sejernih itu langit nya) :&lt; bakalan kangen macet-macetan di tol buat ke kampus doang :(((","1988843733375172651","","","in","","0","0","0","https://x.com/undefined/status/1988843733375172651","2248876783",
"1988812837364404505","Thu Nov 13 05:37:02 +0000 2025","0","@pantai_gunung @unicefess ini bukanya sampe jam berapa yaa kak?","1988843525857759375","","pantai_gunung","in","","0","1","0","https://x.com/undefined/status/1988843525857759375","1514815005572866051",
"1988843237839405399","Thu Nov 13 05:36:22 +0000 2025","0","@jt2998 Nama: Jeffry Jenis Kelamin: Laki-laki Usia: Belum terlihat dari tweet (mungkin 20-30an dari konteks sepak bola &amp; hobi). Pencapaian: Dukung timnas Indonesia juara grup! Hobi: Sepak bola (fans PSMS Medan &amp; Timnas) melukis naik gunung. Pekerjaan: Belum disebut. Masa","1988843361143582927","","jt2998","in","","0","0","0","https://x.com/undefined/status/1988843361143582927","1720665183188922368",
"1988843224643866676","Thu Nov 13 05:35:50 +0000 2025","0","HOY APA KABAR BUSET W KANGEN TAESAN BGT W ABIS NAEK GUNUNG ANJAYYYYYY","1988843224643866676","","","in","","0","0","0","https://x.com/undefined/status/1988843224643866676","1945719989732061184",
"1988842983286816862","Thu Nov 13 05:34:52 +0000 2025","0","Ni gorilla gunung dari Oktober 2024 ngapain aja sih","1988842983286816862","","","in","","0","0","0","https://x.com/undefined/status/1988842983286816862","1390432544210833408",
"1988839420217192582","Thu Nov 13 05:34:25 +0000 2025","52","@roblox_fess aku ga polos sering ngomong kasar tapi apa2 tu ga langsung mikir kearah negatif. liat nen tiba2 mikir nenen. kek....... apalah. kelen kalo liat gambar gunung kembar yg dibuat anak2 langsung mikir itu apa2 kah?","1988842868383883389","","roblox_fess","in","","0","4","0","https://x.com/undefined/status/1988842868383883389","1276002032055275521",
"1988842207063757259","Thu Nov 13 05:31:47 +0000 2025","0","Udah bosen banget naik gunung diroblok","1988842207063757259","","","in","","0","2","0","https://x.com/undefined/status/1988842207063757259","1868320394631118849",
"1988620781056643560","Thu Nov 13 05:31:34 +0000 2025","0","@Kanaya602 Alhamdulilah... Berbahagia itu sederhana main ke gunung dapet lalapan poh pohan https://t.co/KhNNI0zECk","1988842152055456071","https://pbs.twimg.com/media/G5nJY_raMAA5_Cs.jpg","Kanaya602","in","","0","0","0","https://x.com/undefined/status/1988842152055456071","1458985907067895810",
"1988829402822553969","Thu Nov 13 05:30:20 +0000 2025","0","@frizjsnw HAHAH ini aku mau balik ke gunung lagi","1988841841265885633","","frizjsnw","in","","0","0","0","https://x.com/undefined/status/1988841841265885633","1952711437316706304",
"1988841676798881824","Thu Nov 13 05:29:41 +0000 2025","0","pengen mendaki gunung...","1988841676798881824","","","in","","0","0","0","https://x.com/undefined/status/1988841676798881824","1740963234281299968",
"1988820687742791921","Thu Nov 13 05:28:11 +0000 2025","0","@jjopoeongie26 masih disekitaran jawa tengah kok cuman pelosok aku deket gunung slamet ️","1988841298543931515","","jjopoeongie26","in","","0","1","0","https://x.com/undefined/status/1988841298543931515","1971053407361433602",
"1988786528076922896","Thu Nov 13 05:27:00 +0000 2025","0","@geminci @rebdbull Gak masuk akal. Kalau mancing lg di kapal ya tetep kapal kecuali dia mancingnya sambil terbang alias script ya jelas kapalnya hilang dia pindah server. Ini agak aneh ya make script di fish it. Selama jd admin gunung orang make script biar fly terus masuk papan peringkat summit","1988841000291238369","","geminci","in","","0","0","0","https://x.com/undefined/status/1988841000291238369","381465963",
"1988839420217192582","Thu Nov 13 05:23:54 +0000 2025","0","@roblox_fess Aku juga pas lagi nyari gunung buat main eh nemu gunung nama beginian aku langsung skip sambil ngebatin","1988840222101012948","","roblox_fess","in","","0","0","0","https://x.com/undefined/status/1988840222101012948","1973929794778869760",
"1988839420217192582","Thu Nov 13 05:23:29 +0000 2025","0","@fallinfordey @roblox_fess kayanya sengaja deh soalnya banyak bgt nama map gunung skrg yg nyeleneh gitu alias menyimpang :(","1988840117713141934","","fallinfordey","in","","0","1","0","https://x.com/undefined/status/1988840117713141934","1487722193056194566",
"1988830973585211432","Thu Nov 13 05:21:23 +0000 2025","1","@bermuara_sayang main ROBLOS JG BISA SUMMIT GUNUNG duh egk ada ssnya TAPI UDH sering summit antartica plis gw udh jago parah. KlO MAIN FISH IT AKU JARANG tp aku mau main kalo mancingnya bareng kamu :P SM EUM aku suka game horror di roblos :P sering main sm sepupuku yang bomcil roblos itu ","1988839587641212949","","cudples","in","","1","1","0","https://x.com/undefined/status/1988839587641212949","4168984632",
"1988158893554626681","Thu Nov 13 05:20:35 +0000 2025","0","@B3doel___ Setuju banget Bahlil bahlul dipecat gasssss","1988839386172043597","","B3doel___","in","","0","0","0","https://x.com/undefined/status/1988839386172043597","1550759226640699392",
"1988839016439930936","Thu Nov 13 05:20:31 +0000 2025","0","lu bayangin ini jakarta panasnya lg najis bgtt bangett bgtt tapi tuh org pulang pake jaket yg buat winter yg literally buat ky di puncak/ gunung egiluy bgt si","1988839372238516226","","mieayamantan","in","","0","0","0","https://x.com/undefined/status/1988839372238516226","1520069873527037952",
"1988566526446784821","Thu Nov 13 05:19:21 +0000 2025","0","@beforeessunset Aduh kamu jauh sih kalau dekat udah ku ajak naik gunung ","1988839077961994455","","beforeessunset","in","","0","1","0","https://x.com/undefined/status/1988839077961994455","1706804383760207872",
"1988838863020655032","Thu Nov 13 05:18:30 +0000 2025","4","orang kok bisa masi cakep pas naik gunung sementara gue kemarin pas naik gn. gede muka udah out of controlll ga jelas bgt raut mukanya kyk gimana ","1988838863020655032","","","in","","0","2","0","https://x.com/undefined/status/1988838863020655032","1435255653325443075",
"1967215602222989313","Thu Nov 13 05:17:51 +0000 2025","0","gunung manis wucu skli oioioi beneran dessert dimana-mana track nya lumayan panjang but worth to try https://t.co/y0dQprMN9A","1988838698163556415","https://pbs.twimg.com/media/G5nGQN2acAA3o_3.jpg","ccibals","in","","0","0","0","https://x.com/undefined/status/1988838698163556415","1819755433894252544",
"1988833037442773141","Thu Nov 13 04:55:21 +0000 2025","1","Single soalnya di RS/PKM mulu abistu lapraknya numpuk kek gunung everest sekalinya dapet pacar bajingan ","1988833037442773141","","","in","","0","1","0","https://x.com/undefined/status/1988833037442773141","1527834469024968704",
"1988832631811895698","Thu Nov 13 04:53:44 +0000 2025","0","Boleh jadi ilmu kita setinggi gunung namun tanpa akhlak kita tak lebih dari bayang yang hilang ditelan malam.","1988832631811895698","","","in","","0","0","0","https://x.com/undefined/status/1988832631811895698","78438875",
"1988830973585211432","Thu Nov 13 04:50:36 +0000 2025","0","@bermuara_sayang Halo sayang wah enaknya punya libur yang panjang pilihan yang bagus adalah menghabiskan waktu dengan pacar asek. Untuk genre film saya sukanya yang fantasy atau adventure gituu sayang kalau roblox selain mancing gila saya juga suka naik gunung kok ataupun coba map map ","1988831842733072755","","bermuara_sayang","in","","0","1","0","https://x.com/undefined/status/1988831842733072755","1972681220510429184",
"1988613482556846586","Thu Nov 13 04:50:24 +0000 2025","0","@cortismine gunung kidul","1988831790253973748","","cortismine","in","","0","0","0","https://x.com/undefined/status/1988831790253973748","1943740303632195584",
"1988830973585211432","Thu Nov 13 04:49:46 +0000 2025","0","@bermuara_sayang HaloooOoo Aya hadir disini sebagai pemain roblox sejati. Aku seringnya main map gunung pernah juga main 99 nights tapi ga jago tapi aku masih suka mancing kok","1988831632329949243","","bermuara_sayang","in","","0","1","0","https://x.com/undefined/status/1988831632329949243","1961093388100628480",
"1988474246725857610","Thu Nov 13 04:49:32 +0000 2025","0","@Giiselje air gunung maksudnya mata air kah? cz biasanya klo produk air mineral bgtu ambilnya yaa dari akuifer dalam alias air tanah??","1988831573110669807","","Giiselje","in","","0","0","0","https://x.com/undefined/status/1988831573110669807","1926691232861818880",
"1988594946363044071","Thu Nov 13 04:49:18 +0000 2025","0","@bitru Udah summit gunung apa aja?","1988831515002757363","","bitru","in","","0","1","0","https://x.com/undefined/status/1988831515002757363","505720207",
"1988812837364404505","Thu Nov 13 04:47:43 +0000 2025","0","@pantai_gunung @unicefess INI DIMANA???","1988831116468392219","","pantai_gunung","in","","0","2","0","https://x.com/undefined/status/1988831116468392219","1480071196834033665",
"1988814662150840610","Thu Nov 13 04:46:51 +0000 2025","0","@BaseBDG Mantep om. Sebagai sesama om-om salut juga anda jam segini sudah berada di kaki gunung puntang ","1988830897173365210","","BaseBDG","in","","0","0","0","https://x.com/undefined/status/1988830897173365210","489552657",
"1988830688003461201","Thu Nov 13 04:46:01 +0000 2025","0","pengen naik gunung ih","1988830688003461201","","","in","","0","0","0","https://x.com/undefined/status/1988830688003461201","3279942288",
"1988818621536383411","Thu Nov 13 04:45:02 +0000 2025","0","@sanoceann Amann ajaa tapi ga aman klo di gunung dan di hutan","1988830443152556156","","sanoceann","in","","0","1","0","https://x.com/undefined/status/1988830443152556156","1859612727423139846",
"1988829535530283288","Thu Nov 13 04:41:26 +0000 2025","0","Enaknya ngantor di bawah kaki gunung gini https://t.co/W1zeybJA9f","1988829535530283288","https://pbs.twimg.com/media/G5m95nNagAAuoIf.jpg","","in","","0","0","0","https://x.com/undefined/status/1988829535530283288","630028701",
"1988583680084984179","Thu Nov 13 04:40:18 +0000 2025","0","@iraseorita Cakenya tinggi kayak gunung","1988829248367271949","","iraseorita","in","","0","0","0","https://x.com/undefined/status/1988829248367271949","549807613",
"1988751612723257426","Thu Nov 13 04:38:54 +0000 2025","0","@MuhammadTuhasan Harusnya jelasin air tanah di gunung bukan.. gw si yakin kl aer tanah di gunung justru lebih bersih. mata aer atas tanah mungkin bs tercemar. Gunung atas sekarang dah kotor","1988828896754643379","","MuhammadTuhasan","in","","0","0","0","https://x.com/undefined/status/1988828896754643379","1531420107406454784",
"1988613332782432275","Thu Nov 13 04:38:45 +0000 2025","0","@ini_bukansapi trs mndaki gunung","1988828858242449523","","ini_bukansapi","in","","0","1","0","https://x.com/undefined/status/1988828858242449523","2754229833",
"1988828050448941509","Thu Nov 13 04:35:32 +0000 2025","3","24 y.o naik gunung https://t.co/Ydw8WbqlgE","1988828050448941509","https://pbs.twimg.com/media/G5m8hIMacAEchiA.jpg","","in","","0","2","2","https://x.com/undefined/status/1988828050448941509","1107622166952988674",
"1988812837364404505","Thu Nov 13 04:35:23 +0000 2025","0","@pantai_gunung @unicefess itu yg depan minum patemon yaa","1988828014373671221","","pantai_gunung","in","","0","1","0","https://x.com/undefined/status/1988828014373671221","1555370152396333056",
"1988827681715048956","Thu Nov 13 04:34:04 +0000 2025","0","Hidup harus ada yang ditunggu. Kayak coba belajar sunnah dan hafalannya ditambah serta ditingkatkan. Libur kerja pergi olahraga. Minggu depan trekking ke gunung lagi (yeay). Akhir bulan ini cari buku bekas setiap bulan harus tamat baca minimal 1 buku.","1988827681715048956","","","in","","0","1","0","https://x.com/undefined/status/1988827681715048956","538776995",
"1988566526446784821","Thu Nov 13 04:33:10 +0000 2025","0","@khotimaajah Kaaa ochaaaa naik gunung yuuu wkwkkw","1988827456451629465","","khotimaajah","in","","0","1","0","https://x.com/undefined/status/1988827456451629465","1353551015711174656",
"1988778862319198413","Thu Nov 13 04:32:32 +0000 2025","1","@tanyakanrl Ditinggal pas naik gunung jir. Bayangin lo di hutan dan temen lo yang dari awal rencana mau bareng sampe puncak dia ninggalin dan malah pergi sama temen yang literally baru dia kenal saat trip itu. Anjir pas turun langsung gue hapus kontaknya. Bangke lo!!! Bye!!!!","1988827294173999482","","tanyakanrl","in","","0","1","0","https://x.com/undefined/status/1988827294173999482","1937504379244019712",
"1988827282065006991","Thu Nov 13 04:32:29 +0000 2025","1","D-1 bangga bisa bantu+gendong temen di gunung robloxsesekali g jdi dontol...","1988827282065006991","","","in","","0","2","0","https://x.com/undefined/status/1988827282065006991","1874540292004777984",
"1988187288317378722","Thu Nov 13 04:31:55 +0000 2025","0","@inherentrizz Jangan tutup mata udah banyak cuma cewe lebih gampang tobat karena mau gimanapun juga masih butuh titit dan pasangannya pun jarang ada kasus begitu mau tobat putus terus dibunuh","1988827140104524258","","inherentrizz","in","","0","0","0","https://x.com/undefined/status/1988827140104524258","1937070296",
"1988827108345348573","Thu Nov 13 04:31:47 +0000 2025","1","Update 13 nov 2025 Jangan Panik disini solusi menggugurkan kandungan aman dan tuntas obat aborsi cytotec tuntas Konsultasi WA 081223311224 #obataborsi #obatpenggugurkandungan #obatcytotec #cytotec #caraaborsi #triples #gunung #videobokep #Trending #filmdewasa #obatgugur https://t.co/yoIHRtifq6","1988827108345348573","https://pbs.twimg.com/media/G5m7sglakAAsqSO.jpg","","in","","0","1","1","https://x.com/undefined/status/1988827108345348573","1731976142339682304",
"1988751612723257426","Thu Nov 13 04:31:39 +0000 2025","0","@MuhammadTuhasan almasum cuma ada di bandung dahhh pasti gunung","1988827074933493983","","MuhammadTuhasan","in","","0","0","0","https://x.com/undefined/status/1988827074933493983","1268229301683408896",
"1988826849678377003","Thu Nov 13 04:30:46 +0000 2025","0","infokan gunung yang mantap buat galauin newjeans","1988826849678377003","","","in","","0","0","0","https://x.com/undefined/status/1988826849678377003","1961693403684671489",
"1988807202384294204","Thu Nov 13 03:49:22 +0000 2025","0","@ofTheVallley Gunung Renjana HD nama map nya aku kebingungan geh pas di arahin pov nya kedepan loh apa ini kok tiba2 ada kuda lumping padahal ga klik apa apa taunya speed coil bejil ","1988816431103029722","","ofTheVallley","in","","0","1","0","https://x.com/undefined/status/1988816431103029722","1588827529749504000",
"1988812837364404505","Thu Nov 13 03:41:05 +0000 2025","8","@unicefess Donat depan mixue ramah di kantong nderrr https://t.co/nsHAm80iHx","1988814349516042273","https://pbs.twimg.com/media/G5mwGxSbYAADYcJ.jpg","unicefess","in","","0","9","0","https://x.com/undefined/status/1988814349516042273","1935533242813468672",
"1988616548668330018","Thu Nov 13 03:40:05 +0000 2025","0","@tanyakanrl Pls pls banget lu setidaknya harus olahraga minimal -3 bulan. Jangan kek gw ke gunung g ada persiapan tubuh yg terlatih nyampe Sono pas mendaki sambil bawa carier gw yg tipe jarang sesek napas dll disitu gw hampir sesek napas paru paru gw kaya kebakar pdhl gw cuman bawa bju","1988814094112289145","","tanyakanrl","in","","0","1","0","https://x.com/undefined/status/1988814094112289145","1962746586146185220",
"1988813947462701493","Thu Nov 13 03:39:30 +0000 2025","0","Tapi setelah di persatukan gengsinya gede segede gunung Everest","1988813947462701493","","","in","","0","0","0","https://x.com/undefined/status/1988813947462701493","1735355571476545536",
"1988806819373019490","Thu Nov 13 03:37:14 +0000 2025","0","@onyourxxlo iyaaa adek ga betah di kota mintanya ke gunung terusss","1988813379717460107","","onyourxxlo","in","","0","0","0","https://x.com/undefined/status/1988813379717460107","1718816267132715008",
"1988812039159185723","Thu Nov 13 03:33:07 +0000 2025","0","@shoulsigs Ya awan penyebab salju ada di wilayah Indonesia tapi hanya di puncak gunung tinggi seperti Puncak Jaya (Cartenz) di Papua di mana suhu di atas 4.000 m cukup dingin untuk salju. Namun karena perubahan iklim salju abadi di sana menyusut drastis dan diprediksi hilang total pada","1988812340968759702","","shoulsigs","in","","0","0","0","https://x.com/undefined/status/1988812340968759702","1720665183188922368",
"1988806819373019490","Thu Nov 13 03:32:20 +0000 2025","0","@echanieci Kak lucu bnget adek di ajak naik gunung ","1988812144696336723","","echanieci","in","","0","1","0","https://x.com/undefined/status/1988812144696336723","1578371841311518720",
"1988812083698495875","Thu Nov 13 03:32:05 +0000 2025","0","mas nya kirim gunung ke bunda aku udh blg mau naik gunung udh di kasih wejangan tp tetep berangkat sih ","1988812083698495875","","","in","","0","0","0","https://x.com/undefined/status/1988812083698495875","1779079976194842624",
"1988811558202560514","Thu Nov 13 03:30:00 +0000 2025","0","Ilham Pangestu Ajak Masyarakat Rawat TN Gunung Leuser Sebagai Warisan Kehidupan #bahlillahadalia #kuningkeren #golkarindonesia #partaigolkar #golkarpedia https://t.co/h8nnKEion6","1988811558202560514","","","in","","0","0","0","https://x.com/undefined/status/1988811558202560514","721898354502930433",
"1987444313001963555","Thu Nov 13 03:29:31 +0000 2025","0","@rxyusei Sekarang ada 4 yg 2 udah rilis judulnya Kaka Boss sama Jodoh 3 Bujang terus aku abis kelar shooting Sekawan Limo 2 : Gunung Klawih sama Where the Rainbow Ends Terus ada series juga Leiden di maxstream","1988811436127355104","","rxyusei","in","","0","1","0","https://x.com/undefined/status/1988811436127355104","2953805659",
"1988811287552467006","Thu Nov 13 03:28:55 +0000 2025","0","Konyol skill issue bgt main di Gunung Daun","1988811287552467006","","","in","","0","4","0","https://x.com/undefined/status/1988811287552467006","899453341",
"1988791878788215245","Thu Nov 13 03:24:22 +0000 2025","0","@coinvestasi @hoteliercrypto Dia memang peramal ulung dari gunung kawi.","1988810140066492747","","coinvestasi","in","","0","0","0","https://x.com/undefined/status/1988810140066492747","112710640",
"1988809955525407136","Thu Nov 13 03:23:38 +0000 2025","0","Syukuran aku udah bisa naik gunung Roblox sampe ke puncak sendiri","1988809955525407136","","","in","","0","0","0","https://x.com/undefined/status/1988809955525407136","1232616416710250496",
"1988809723181953145","Thu Nov 13 03:22:42 +0000 2025","0","kambing gunung","1988809723181953145","","","in","","0","1","0","https://x.com/undefined/status/1988809723181953145","1169297174183563264",
"1971503102135345252","Thu Nov 13 03:22:21 +0000 2025","0","@violet_mrkey @shanghaidaily Seorang pendaki berusia 31 tahun bernama Hong tewas setelah jatuh dari Gunung Nama (ketinggian 5.588 m) di Provinsi Sichuan China pada 25 September 2025. Ia melepaskan tali pengaman untuk mengambil selfie di dekat celah es lalu tergelincir sekitar 200 meter. Kawasan itu","1988809631645462832","","violet_mrkey","in","","0","0","0","https://x.com/undefined/status/1988809631645462832","1720665183188922368",
"1988809457284050959","Thu Nov 13 03:21:39 +0000 2025","1","YA ALLAH MAU YANG BISA DIAJAK KE GUNUNG PANTAI LAUT NGONSER AH POKONYA SEMUANYA AKU SUKA","1988809457284050959","","","in","","0","3","0","https://x.com/undefined/status/1988809457284050959","1271281140477784065",
"1988804139359605007","Thu Nov 13 03:19:43 +0000 2025","0","@pantai_gunung siap pewaris","1988808969654268253","","pantai_gunung","in","","0","0","0","https://x.com/undefined/status/1988808969654268253","1219734309084385282",
"1988791971465556444","Thu Nov 13 03:19:21 +0000 2025","0","@joonnyoung Memangnya kamu gak masuk sekolahmu yang di gunung itu? :o","1988808878507831591","","joonnyoung","in","","0","1","0","https://x.com/undefined/status/1988808878507831591","1983022952737284096",
"1988804139359605007","Thu Nov 13 03:18:02 +0000 2025","1","@serenewra BUKAN PUITIS TAPI PERINTIS","1988808547082334281","","serenewra","in","","0","0","0","https://x.com/undefined/status/1988808547082334281","1935533242813468672",
"1988804139359605007","Thu Nov 13 03:17:51 +0000 2025","1","@serenewra LEBIH KE PERINTIS SIH","1988808501217620375","","serenewra","in","","0","1","0","https://x.com/undefined/status/1988808501217620375","1935533242813468672",
"1988808359936659840","Thu Nov 13 03:17:17 +0000 2025","14","Alhamdulillah guru di Luwu Utara yang sempat dipenjara akhirnya bebas. Jaksa Agung dan Presiden turun gunung menegakkan keadilan untuk mereka. Membuktikan bahwa hukum masih bisa berpihak pada kemanusiaan dan negara masih punya nurani untuk membela yang benar bukan sekadar yang https://t.co/433GIOHmiU","1988808359936659840","https://pbs.twimg.com/amplify_video_thumb/1988808144303321092/img/NfU-yH3m3QaA85IH.jpg","","in","","3","6","10","https://x.com/undefined/status/1988808359936659840","1080067288764637185",
"1988801867997147553","Thu Nov 13 03:16:39 +0000 2025","0","️️ Nya kitu tea ari hirup mah jang. Moal mungkin ayeuna nimu jalan anu lempeng wae sedengkeun tujuan urang puncak gunung. Kitu oge tiap jalan anu ku urang dipilih pan beda meuerun blos na. ️️","1988808200624419197","","djelmaan","in","","0","1","0","https://x.com/undefined/status/1988808200624419197","2656850630",
"1988807304708599941","Thu Nov 13 03:13:06 +0000 2025","0","Tasik Chini dah sambar dah. Gunung Ledang masih tiada kat Popular. Dah banyak kali riki tapi masih tiada.","1988807304708599941","","","in","","0","0","0","https://x.com/undefined/status/1988807304708599941","14339920",
"1988801278135398487","Thu Nov 13 03:12:40 +0000 2025","0","@66lhcs @harryvghn bang robslok bang? siap jdi ojeg gunung ","1988807195673370672","","66lhcs","in","","0","0","0","https://x.com/undefined/status/1988807195673370672","1924444749022535680",
"1988093723474100710","Thu Nov 13 03:12:06 +0000 2025","0","@teh_iia sukanya apa? solo serba ada. kecuali gunung ma pantai","1988807055038386223","","teh_iia","in","","0","0","0","https://x.com/undefined/status/1988807055038386223","1498310702406455296",
"1988806853468561904","Thu Nov 13 03:11:52 +0000 2025","0","@latiifff Nama: Atozeki (dari username dan konteks tweet). Jenis Kelamin: Laki-laki. Usia: Sekitar 25-35 tahun (sudah menikah punya bayi dan bahas nunda nikah demi karir). Pencapaian: Menikah dini punya anak menjaga harmoni keluarga. Hobi: Gowes ke gunung ngopi sambil ngemil","1988806995886109172","","latiifff","in","","1","0","0","https://x.com/undefined/status/1988806995886109172","1720665183188922368",
"1988460433330569262","Thu Nov 13 03:11:38 +0000 2025","0","@roblox_fess Bulan mei nder pas blum begitu rame cm pensi 1 bln gara gara gak dapet paus tropical pas baru rilis trs jadi main GAG &amp; gunung. Trs pas viral main lg grgr doi jg fomo mancing. Gatau si ini masuknya fomo apa ngga","1988806934422856078","","roblox_fess","in","","0","0","0","https://x.com/undefined/status/1988806934422856078","1139811087627378690",
"1988806774296809608","Thu Nov 13 03:10:59 +0000 2025","0","Kapan lg ya bisa liburan naik gunung camping liat citylight keliling bdg berendam air panas tanpa mikirin nasabah","1988806774296809608","","","in","","0","0","0","https://x.com/undefined/status/1988806774296809608","966154945203355649",
"1988474246725857610","Thu Nov 13 03:08:50 +0000 2025","0","@Giiselje Hahaaahhah.... beneran nih. Emangnya pabriknya ada di gunung","1988806231465869403","","Giiselje","in","","0","0","0","https://x.com/undefined/status/1988806231465869403","1739144107854077952",
"1988805656154107918","Thu Nov 13 03:06:33 +0000 2025","0","Gunung nyang kece abiezz https://t.co/OF7HqYCR1N","1988805656154107918","https://pbs.twimg.com/media/G5moNEdagAAe9EN.jpg","","in","","0","0","0","https://x.com/undefined/status/1988805656154107918","1931785422017064960",
"1988805643986432305","Thu Nov 13 03:06:30 +0000 2025","0","Gue kpopan ttp bb turun drastis krn dunia ini gila malah yg bikin gue waras kalau main ke alam. Misal camping naik gunung atau jalan² ke pantai","1988805643986432305","","","in","","0","0","0","https://x.com/undefined/status/1988805643986432305","1687807620130959361",
"1988805580866351562","Thu Nov 13 03:06:15 +0000 2025","0","Gunung salak waktu itu https://t.co/MvXP3K0oh5","1988805580866351562","https://pbs.twimg.com/media/G5moItjbMAAsGbM.jpg","","in","","0","0","0","https://x.com/undefined/status/1988805580866351562","202705466",
"1988647254480375860","Thu Nov 13 03:05:13 +0000 2025","0","@bujeelll ak aja taun iniii gada naik gunung bun","1988805322425921615","","bujeelll","in","","0","0","0","https://x.com/undefined/status/1988805322425921615","1176824191271624705",
"1988805237784867150","Thu Nov 13 03:04:53 +0000 2025","1","POV : Ketika dimana mana udara berasa di puncak gunung https://t.co/5YP2KSd9tQ","1988805237784867150","https://pbs.twimg.com/ext_tw_video_thumb/1988805209104224256/pu/img/FuZ5e49iB2pe4wXo.jpg","","in","","0","0","0","https://x.com/undefined/status/1988805237784867150","226912181",
"1988805087842504834","Thu Nov 13 03:04:17 +0000 2025","92","rela ninggalin totem luckku yg baru kepake 10 menit buat war gunung sm bg windah. mana munculnya didetik akhir live krn ak dontol bgt kebanyakan mancing btw semoq btul ternyata ava ranger pink ak kalo di map gunung !roblox :3 https://t.co/Ojvsd5BZC6","1988805087842504834","https://pbs.twimg.com/media/G5mnr8TXgAAMdo9.jpg","","in","","0","7","0","https://x.com/undefined/status/1988805087842504834","1903872646678470656",
"1988804992841707910","Thu Nov 13 03:03:55 +0000 2025","6","Semakin dekat kenangannya semakin hilang rasanya. Seperti bayangan yang menipis di bawah cahaya senja. -Ini tentang antri bensin bahlil etanol https://t.co/9aSQfRGrZ9","1988804992841707910","https://pbs.twimg.com/media/G5mnlSmbIAATgkv.jpg","","in","","0","1","0","https://x.com/undefined/status/1988804992841707910","1935533242813468672",
"1988804139359605007","Thu Nov 13 03:03:33 +0000 2025","0","@pantai_gunung jadi puitis","1988804900411830562","","pantai_gunung","in","","0","2","0","https://x.com/undefined/status/1988804900411830562","1219734309084385282",
"1988647254480375860","Thu Nov 13 03:03:15 +0000 2025","0","@capcinlate Bawa ak ke gunung pliss","1988804828118778034","","capcinlate","in","","0","1","0","https://x.com/undefined/status/1988804828118778034","1069942459034087424",
"1988551770306646325","Thu Nov 13 03:02:41 +0000 2025","0","@ruruna07_ nunggu ketua turun gunung wkwk","1988804682526203994","","ruruna07_","in","","0","0","0","https://x.com/undefined/status/1988804682526203994","1336554778394935296",
"1988798121326047535","Thu Nov 13 02:37:27 +0000 2025","7","Lavio axel Sepatu Gunung Boots Wanita Cewek women wanita Leon Original Abu Krem Hitam https://t.co/Vw7a2LY4Rk https://t.co/Qq8Qle6T6u","1988798334564462794","https://pbs.twimg.com/media/G5mhikPaUAAWtvM.jpg","RekomenShopee00","in","","0","1","0","https://x.com/undefined/status/1988798334564462794","1641917287128272898",
"1988797959081980362","Thu Nov 13 02:35:58 +0000 2025","0","mau dapet yg suka naik gunung :(","1988797959081980362","","","in","","0","0","0","https://x.com/undefined/status/1988797959081980362","1854005531666702336",
"1988797951649656952","Thu Nov 13 02:35:56 +0000 2025","0","Tankhun ngajak Vegas dan Macau ke gunung wkwkwkwk","1988797951649656952","","","in","","0","0","0","https://x.com/undefined/status/1988797951649656952","890190837820162048",
"1988474246725857610","Thu Nov 13 02:33:34 +0000 2025","0","@Giiselje Dia bilangnya di bekasi bekasi ada gunung kah ?","1988797357807538578","","Giiselje","in","","0","0","0","https://x.com/undefined/status/1988797357807538578","161144695",
"1988797336882147785","Thu Nov 13 02:33:29 +0000 2025","0","Fokus Bahas APBD 2026 DPRD Ponorogo Jadwalkan Ulang Pembahasan Raperda Penyertaan Modal ke Perumda Sari Gunung https://t.co/5aG719srDo","1988797336882147785","","","in","","0","0","0","https://x.com/undefined/status/1988797336882147785","459209403",
"1988797181856497775","Thu Nov 13 02:32:52 +0000 2025","0","gajah dipelupuk mata gak keliatan semut di seberang gunung malah tampak","1988797181856497775","","","in","","0","0","0","https://x.com/undefined/status/1988797181856497775","1930938750235975680",
"1988797060964053440","Thu Nov 13 02:32:24 +0000 2025","0","Inspiratif Perjalanan Relawan ISM Mojokerto dari Jalan Berlubang ke Gunung Meletus #bencanaalam #relawansosial #pedulisosial #organisasisukarelawan #penanggulanganbencana #InformasiSeputarMojosari #ISMCommunity #RelawanMojokerto #RelawanISM https://t.co/kRS9YC6ZsR","1988797060964053440","","","in","","0","0","0","https://x.com/undefined/status/1988797060964053440","744049433436884992",
"1988649020512956703","Thu Nov 13 02:31:58 +0000 2025","7","@bagindo_kopi Yg diuntungkan dengan pemberontakan G30SPKI itu siapa ? Setelah Soekarno lengser diganti Soeharto dan gunung emas Papua dikuasai AS Indonesia cuma kebagian saham 9%. Apa Soekarno &amp; Indonesia diuntungkan ? Apa Soeharo &amp; kroninya tdk kebagian saham Gunung Emas Papua ?","1988796954336538656","","bagindo_kopi","in","","0","2","2","https://x.com/undefined/status/1988796954336538656","1636908993183612930",
"1988796795905011962","Thu Nov 13 02:31:20 +0000 2025","0","OPEN YAA slot joki fish it avail 2 ajaa yuk joki gunung atau lainnya bisa tanya ke dm aja sc tumbal ready juga 7 5k/each yya bisa sung wa or tele biar fast testi? klik #proofkilov yya (joki disini dan rasakan sendiri ) https://t.co/9B6cMnKB2a","1988796795905011962","https://pbs.twimg.com/media/G5mgJLYacAkp-jm.jpg","","in","","0","0","0","https://x.com/undefined/status/1988796795905011962","1148849325918715904",
"1988796458104189118","Thu Nov 13 02:30:00 +0000 2025","0","blio udah muak gamao naik gunung sepertinya.","1988796458104189118","","","in","","0","0","0","https://x.com/undefined/status/1988796458104189118","1426181515810000910",
"1988796137948737850","Thu Nov 13 02:28:43 +0000 2025","2","Terjadi erupsi G. Ibu pada hari Kamis 13 November 2025 pukul 07:18 WIT tinggi kolom abu teramati ± 500 m di atas puncak. Erupsi terekam di seismograf dengan amplitudo maksimum 28 mm dan durasi 32 detik. https://t.co/gwXUNCmAEM via @id_magma https://t.co/52n2rZnQo1","1988796137948737850","https://pbs.twimg.com/media/G5mfhr0aEAAy_Kq.jpg","","in","","0","0","1","https://x.com/undefined/status/1988796137948737850","833912055614758912",
"1988795920167907363","Thu Nov 13 02:27:52 +0000 2025","5","Cerah sekali Surabaya sampe keliatan Gunung https://t.co/auo2RbxD3V","1988795920167907363","https://pbs.twimg.com/amplify_video_thumb/1988795854006968320/img/p5kPJSSRkZJ-aNIx.jpg","","in","","0","0","0","https://x.com/undefined/status/1988795920167907363","1158778803243474945",
"1988538784837935297","Thu Nov 13 02:27:38 +0000 2025","0","@nadeyin gue biasanya gunung sih neng kalau ga tempat jualan/bisnis gitu","1988795864111018383","","nadeyin","in","","0","0","0","https://x.com/undefined/status/1988795864111018383","1629122446937985024",
"1986388103943037106","Thu Nov 13 02:26:17 +0000 2025","0","@samsungID Kalau aku punya Samsung Galaxy Z Flip7 pasti bikin vlog perjalanan ke gunung dengan tampilan unik. #GalaxyZFlip7 #UnfoldPowerFlipTheNorm #GalaxyAI","1988795524582166694","","samsungID","in","","0","0","0","https://x.com/undefined/status/1988795524582166694","1837740840992813056",
"1988795299742248982","Thu Nov 13 02:26:14 +0000 2025","0","@ysh_hhh Nama: Rose (berdasarkan username) Jenis Kelamin: Perempuan Usia: Sekitar 20-25 tahun (infer dari topik tweet seperti kerja pendakian konser) Pencapaian: Berhasil mendaki gunung menjaga kesehatan gigi dengan behel Hobi: Mendaki gunung nonton konser (Perunggu SO7) tidur ","1988795508887081401","","ysh_hhh","in","","0","0","0","https://x.com/undefined/status/1988795508887081401","1720665183188922368",
"1988247794491216373","Thu Nov 13 02:24:57 +0000 2025","0","@7jenoed Beneran ada di gunung itu opp? ","1988795188605776046","","7jenoed","in","","0","1","0","https://x.com/undefined/status/1988795188605776046","731676166025805824",
"1988788909535326705","Thu Nov 13 02:24:03 +0000 2025","2","@ARSIPAJA Itu pun bisa jadi cuma fenomena gunung es yang fakta di lapangannya lebih banyak. Lebih banyak korupsinya lebih banyak mudharatnya juga","1988794959735242935","","ARSIPAJA","in","","0","0","0","https://x.com/undefined/status/1988794959735242935","3185967266",
"1988597855838433502","Thu Nov 13 02:22:36 +0000 2025","0","@hydraieo Heem peak naik gunung gitu klo repo mirip kyk lethal ya?","1988794597464842584","","hydraieo","in","","0","1","0","https://x.com/undefined/status/1988794597464842584","1010148433368215556",
"1988794165875077596","Thu Nov 13 02:20:53 +0000 2025","1","trus abis syuting langsung naik gunung saking stresnya tuh you did a great job kakkk dan makasih buat pdnim yg gak nyerah yakinin kak cinta ","1988794165875077596","","","in","","0","0","0","https://x.com/undefined/status/1988794165875077596","1671739670630391810",
"1988789811034091741","Thu Nov 13 02:18:06 +0000 2025","9","@FiersaBesari Ragu-ragu cuma menghentikan langkah tanpa menghentikan waktu sampai asbak penuh dengan roko yg baru dibakar setengah jadi simbol gunung kemalasan.","1988793465875100129","","FiersaBesari","in","","0","0","1","https://x.com/undefined/status/1988793465875100129","451044967",
"1988793407595221211","Thu Nov 13 02:17:53 +0000 2025","0","iya bg km pusat algoritma pergunungan di rosblok. makanya jangan hiatus naik gunung napa. kangen. ","1988793407595221211","","","in","","0","0","0","https://x.com/undefined/status/1988793407595221211","1426181515810000910",
"1988793227726713233","Thu Nov 13 02:17:10 +0000 2025","0","Selamat pagi Gunung Selamat https://t.co/3kSmEiLpzM","1988793227726713233","https://pbs.twimg.com/media/G5mc5mSacAM5VHu.jpg","","in","","0","0","0","https://x.com/undefined/status/1988793227726713233","1269867983343464448",
"1988793086957572278","Thu Nov 13 02:16:36 +0000 2025","0","aku off ngantor terus bg windut tiba-tiba live jam segini naik gunung?!!! bg windut huhu. ","1988793086957572278","","","in","","0","0","0","https://x.com/undefined/status/1988793086957572278","1426181515810000910",
"1988601098123501806","Thu Nov 13 02:16:17 +0000 2025","0","@FarizkiRiku Nah iya mereka di ketinggian yg begitu aja ada fasilitas kek gitu dari pemerintahnya jd udah tinggal nyiapin diri dan perbekalan aja secukupnya. mana banyak di sana tuh gunung yang ketinggian masih rendah jadi sangat ramah pemula di setiap jalan ad no2 penting jg klo trjd ap2.","1988793006099689968","","FarizkiRiku","in","","0","1","0","https://x.com/undefined/status/1988793006099689968","1480198340595777541",
"1986388103943037106","Thu Nov 13 02:15:49 +0000 2025","0","@samsungID Kalau aku punya Samsung Galaxy Z Flip7 pengen foto-foto sunrise di gunung pakai Galaxy AI biar hasilnya makin keren ️ #GalaxyZFlip7 #UnfoldPowerFlipTheNorm #GalaxyAI","1988792891360309340","","samsungID","in","","0","0","0","https://x.com/undefined/status/1988792891360309340","1948788413559418880",
"1988792469069406382","Thu Nov 13 02:14:09 +0000 2025","7","Gunung berapi ni masih aktif memuntahkan lava.","1988792469069406382","","","in","","0","0","2","https://x.com/undefined/status/1988792469069406382","2231327545",
"1948306825373163627","Thu Nov 13 02:12:37 +0000 2025","0","jujur agak takut dikit terbilang nekat banget karena ini race trail pertama langsgung ambil 30k padahal selama ini pun latihan ga pernah lari 21k ga pernah naik gunung lebih dari 15k","1988792083654811842","","rnihndrw","in","","0","1","0","https://x.com/undefined/status/1988792083654811842","1727994326",
"1988791133531697637","Thu Nov 13 02:08:51 +0000 2025","0","Sebelumnya kalau naik gunung aku paling pake semi carrier aja atau carrier ku dibawain wakakak. Selebihnya tektok tapi kali ini wajib masing2 ceunah. Mantab jiwoo.. Walopun ke gunung yg udh pernah sih ","1988791135855423524","","liiaaa_","in","","0","0","0","https://x.com/undefined/status/1988791135855423524","912042943",
"1988590978664673542","Thu Nov 13 02:06:01 +0000 2025","7","@MariaAlkaff_ Akhirnya beliau turun gunung juga... Klo sdh begini pilihan terselamat u POLRI adalah membatalkan pentersangkaan itu! Ini bisa semakin rame klen tau kan siapa IBHRS? Apalagi di sela situasi seperti saat ini umat akan semakin bersatu ketika ada panutan yg mengajak!","1988790421271859260","","MariaAlkaff_","in","","0","3","0","https://x.com/undefined/status/1988790421271859260","1676864371987996672",
"1988672609467429211","Thu Nov 13 02:05:37 +0000 2025","0","@sqauraa @CARM333NNhood @PLUNARIE @keizarawr @SUBHOGWS @FOUNDERTOMR @FOUNDERISSE @FOUNDERELEENA @FOUNDERTHEOD @FOUNDERFIONA Naik naik ke puncak gunung. https://t.co/YPQYGD4Eqi","1988790323540345229","https://pbs.twimg.com/tweet_video_thumb/G5maQNxbwAAmad9.jpg","sqauraa","in","","0","1","0","https://x.com/undefined/status/1988790323540345229","1985256719753326593",
"1988787188020949341","Thu Nov 13 02:05:30 +0000 2025","0","@fishitfess kalo minggu ini ga naek main gunung aja yuk nder sama aku kita senasib soalnya","1988790293639135614","","fishitfess","in","","0","0","0","https://x.com/undefined/status/1988790293639135614","1833373561408655366",
"1988789582662647948","Thu Nov 13 02:04:23 +0000 2025","0","@cakkadull Nama: Ben Jakob Jenis Kelamin: Laki-laki Usia: Diperkirakan 25-35 tahun Pencapaian: Mendaki Gunung Sindoro Hobi: Mendaki gunung diskusi sepak bola politik Pekerjaan: Tidak disebutkan Masa depan: Terus eksplorasi alam dan dukung tim favorit 10 hal yang disukai: 1.","1988790011211456952","","cakkadull","in","","0","0","0","https://x.com/undefined/status/1988790011211456952","1720665183188922368",
"1988789960745631907","Thu Nov 13 02:04:11 +0000 2025","0","pengen punya indhang kambing gunung kepake buat trail run","1988789960745631907","","","in","","0","1","0","https://x.com/undefined/status/1988789960745631907","999280082",
"1988789267334836383","Thu Nov 13 02:01:25 +0000 2025","302","Video selang masa yang diperoleh Reuters ini menunjukkan fenomena yang jarang berlaku iaitu cahaya Aurora Borealis dilihat mewarnai langit di atas gunung Matterhorn menjadi merah. Fenomena ini berlaku pada Selasa di Lembah Aosta Itali dan menurut laporan media tempatan ianya https://t.co/fH1XZSy2dF","1988789267334836383","https://pbs.twimg.com/amplify_video_thumb/1988785982754418688/img/kr5iDhH2pri4o0sr.jpg","","in","","5","1","146","https://x.com/undefined/status/1988789267334836383","497665754",
"1988788389605437840","Thu Nov 13 01:57:56 +0000 2025","0","08:50 simpang gunung salak denpasar https://t.co/aNMvsIWSnr","1988788389605437840","https://pbs.twimg.com/ext_tw_video_thumb/1988788363323912192/pu/img/qY9hek6P6J7J-fQv.jpg","","in","","0","1","0","https://x.com/undefined/status/1988788389605437840","63058555",
"1988590688532099204","Thu Nov 13 01:56:09 +0000 2025","0","@remnantise Antartica aja akumah atau gak arunika atau gak coba-coba gunung lain :3","1988787941771186658","","remnantise","in","","0","1","0","https://x.com/undefined/status/1988787941771186658","764912272158388224",
"1987499186347270613","Thu Nov 13 01:54:55 +0000 2025","0","@susno2g Duit setinggi gunung dikemanakan.? Cocok dgn langkah Purbaya denominasi saja. Biar duit keluar semua dan tampak koruptornya.. karena terpantau semua .","1988787628058251314","","susno2g","in","","0","0","0","https://x.com/undefined/status/1988787628058251314","86233024",
"1988787229821730975","Thu Nov 13 01:53:20 +0000 2025","0","Gunung","1988787229821730975","","","in","","0","0","0","https://x.com/undefined/status/1988787229821730975","1969311480630951936",
"1988786588969759236","Thu Nov 13 01:50:47 +0000 2025","0"," Bahasanya bukan ditunda tapi dijadwalkan ulang. Kita ingin konsentrasi penuh pada pembahasan APBD 2026 karena sesuai ketentuan harus rampung pada akhir November 2025 kata Kang Wi. Selengkapnya: https://t.co/upjbT4EvRM #ponorogoHEBAT #ponorogokab #dprd #raperda #perumda https://t.co/U8hTc1yCqH","1988786588969759236","https://pbs.twimg.com/media/G5mWv7IacAE-fDE.jpg","","in","","0","1","0","https://x.com/undefined/status/1988786588969759236","818667167952551936",
"1987941248905474482","Thu Nov 13 01:47:56 +0000 2025","0","@sandeocat Knp sikk cowok. Paling kezel klo udh ngomong ok doang. Gpp maru km punya si gunung ituh","1988785872750465389","","sandeocat","in","","0","1","0","https://x.com/undefined/status/1988785872750465389","874212777769947137",
"1988776575144456319","Thu Nov 13 01:10:59 +0000 2025","0","gunung ia dan vd ","1988776575144456319","","","in","","0","0","0","https://x.com/undefined/status/1988776575144456319","1975586631232217088",
"1988775868811116939","Thu Nov 13 01:08:11 +0000 2025","1","gunung apa ini om? adek lupa karena keburu turun kebawah terus disusulin tapi lucu:3 https://t.co/SXww9nFyPW","1988775868811116939","https://pbs.twimg.com/amplify_video_thumb/1988775798489378822/img/qzrk1tE7UdKEIGEi.jpg","","in","","0","1","1","https://x.com/undefined/status/1988775868811116939","1245546012187361280",
"1988583706043568600","Thu Nov 13 01:05:43 +0000 2025","0","@SS99YIHYUN mandi pake air dari gunung Rinjani mau nyoba?","1988775250352566373","","SS99YIHYUN","in","","0","1","0","https://x.com/undefined/status/1988775250352566373","2827186549",
"1988774347079876940","Thu Nov 13 01:02:08 +0000 2025","0","Dear netijen Ayo .. jangan males baca buku. Ini masa gue harus turun gunung jadi guru Bahasa Indonesia lagi kalo beginian aja ga bisa nangkep? Ya Allah ya rabb ","1988774347079876940","","","in","","0","0","0","https://x.com/undefined/status/1988774347079876940","163326385",
"1988772084722614702","Thu Nov 13 00:54:08 +0000 2025","0","@LebahAkatsuki_ Nama: LA (berdasarkan display name) Jenis Kelamin: Pria Usia: Sekitar 20-30 tahun (estimasi dari topik tweet) Pencapaian: Aktif di komunitas FPL ranking bagus di liga mini Hobi: Bermain FPL diskusi sepak bola nonton K-Drama mendaki gunung Pekerjaan: Tidak disebutkan","1988772334732497191","","LebahAkatsuki_","in","","0","0","0","https://x.com/undefined/status/1988772334732497191","1720665183188922368",
"1988771585654944263","Thu Nov 13 00:51:10 +0000 2025","0","Saatnya spend money for game gais (walupun sama aja kapitalisnya) or treveling ke mainland pesen pendaki gunung cakep atau spend aja ke aku for my scholarship ","1988771585654944263","","","in","","0","0","0","https://x.com/undefined/status/1988771585654944263","1583781761460236288",
"1988771418553913460","Thu Nov 13 00:50:30 +0000 2025","0","Akhir akhir ini langit bersih banget sampe gunung yang diujung-ujung tuh keliatan masyaallah tp cuma bagus kalo dipandang mata","1988771418553913460","","","in","","0","0","0","https://x.com/undefined/status/1988771418553913460","4035960386",
"1988768688527601930","Thu Nov 13 00:48:52 +0000 2025","0","@t4lithaa desmod ada aje dah proyeknya besok daki gunung sekalian","1988771007445045463","","t4lithaa","in","","0","1","0","https://x.com/undefined/status/1988771007445045463","1482010343111294977",
"1988530023532261670","Thu Nov 13 00:44:24 +0000 2025","0","@kijeongholic @hachuq Yahh jadi wooyeon gaa mndaki ke sekolah gunung nampup dong ","1988769884151672960","","kijeongholic","in","","0","0","0","https://x.com/undefined/status/1988769884151672960","1379614437242404870",
"1988768843620372672","Thu Nov 13 00:40:16 +0000 2025","0","Kejadiannya begitu cepat @chittatir dari mancing &gt; dikejer killer &gt; main obby &gt; nanjak gunung sampe ga liat jam https://t.co/GxwdQPDvVy","1988768843620372672","https://pbs.twimg.com/media/G5mGt-xaQAAjzy0.jpg","","in","","1","0","0","https://x.com/undefined/status/1988768843620372672","745248757847994368",
"1988627475715215579","Thu Nov 13 00:38:30 +0000 2025","0","@bellesillusion @GiaPratamaMD Nama: Rasmi Jenis Kelamin: Wanita Usia: Sekitar 25-26 tahun Pencapaian: Bekerja di bidang pajak aktif berbagi cerita sehari-hari di X Hobi: Main PUBG naik gunung jbjb nonton K-pop foto kucing Pekerjaan: Pegawai pajak Masa depan: Temukan pasangan traveling lebih","1988768400890556828","","bellesillusion","in","","1","0","0","https://x.com/undefined/status/1988768400890556828","1720665183188922368",
"1973682450007208211","Thu Nov 13 00:38:12 +0000 2025","0","Outfit gunung juga banyakk bgt good condi semua https://t.co/orusmjc2xf","1988768323614699976","https://pbs.twimg.com/media/G5mGPuJbAAA43kK.jpg","Dwdoublenn1","in","","0","2","0","https://x.com/undefined/status/1988768323614699976","1698358069246496769",
"1988752508899193098","Thu Nov 13 00:38:00 +0000 2025","0","@SUARAKRISTEN1 @Giiselje Untuk Krakatau Steel pesaing swasta utama termasuk PT Gunung Raja Paksi dan PT Gunbuster Steelindo yang bersaing di produksi baja domestik ditambah tekanan impor murah dari China yang capai 70% pasar. Waskita Karya hadapi kompetisi dari swasta seperti PT Total Bangun Persada","1988768274100920786","","SUARAKRISTEN1","in","","0","1","0","https://x.com/undefined/status/1988768274100920786","1720665183188922368",
"1988626822804750657","Thu Nov 13 00:37:03 +0000 2025","0","@caketoosh Enggak tau kak aku afk. Jadi gak ngeliatin. Aku naik gunung pake akun lain wkwkw","1988768034811703571","","caketoosh","in","","0","0","0","https://x.com/undefined/status/1988768034811703571","2232609060",
"1988767132000428441","Thu Nov 13 00:33:28 +0000 2025","1","Mary Shelley mengetahui adanya letusan Gunung Tambora di Sumbawa pada tahun 1815 (baca dgn nada Shabrina Carpenter tidak mengetahui)","1988767132000428441","","","in","","0","0","1","https://x.com/undefined/status/1988767132000428441","1810681860386922496",
"1988766999363948751","Thu Nov 13 00:32:56 +0000 2025","0","Tiba tiba kangen gunung pati kangen sekaran patemon ","1988766999363948751","","","in","","0","1","0","https://x.com/undefined/status/1988766999363948751","1721088028259872768",
"1988765844789395962","Thu Nov 13 00:28:21 +0000 2025","10","capek capek naik gunung sampe puncak cuma nangis sambil mikir gw kurangnya apa lagi sih ya Allah? gw tuh capek ngejar ngejar kehidupan yang gak dibawa mati ini loh. https://t.co/2O8cKXSuiJ","1988765844789395962","https://pbs.twimg.com/media/G5mD_mFbkAA11kO.jpg","","in","","0","2","0","https://x.com/undefined/status/1988765844789395962","1288679733463482368",
"1988764584040341884","Thu Nov 13 00:27:30 +0000 2025","0","kalau ga sama mereka aku ga pernah naik kereta kalau ga sama mereka aku ga pernah tau gunung sejuk nya kaya gimana kalau ga sama mereka aku ga pernah tau jakarta itu gimana kalau sama mereka aku ga bakal tau sakit nya di pukulin dibentak dan dikatain.","1988765628707271059","","gongjunanaa","in","","0","0","0","https://x.com/undefined/status/1988765628707271059","1804079025989861376",
"1988765012555624501","Thu Nov 13 00:25:03 +0000 2025","2","07.25 #LalinSonora Jl Angkasa macet di depan gedung Pelni / Basarnas (Kemayoran) menuju underpass jln. Gunung Sahari Ada truck mogok nya di sisi kiri. ( via Ibu Angelique Francesca) https://t.co/5llc9sxLhX","1988765012555624501","https://pbs.twimg.com/media/G5mDPS2acAIV4A7.jpg","","in","","0","0","0","https://x.com/undefined/status/1988765012555624501","180696019",
"1988735504217747698","Thu Nov 13 00:24:11 +0000 2025","1","@sipalingnasii nnngiis bgt g kliatan bntuk gunung","1988764794560913856","","sipalingnasii","in","","0","1","0","https://x.com/undefined/status/1988764794560913856","1572932388774350850",
"1988470836907610615","Thu Nov 13 00:23:57 +0000 2025","2","@KucengTerbanggg Kopi kir aja sendiri pas mendaki gunung terasa dekat pas turun gunung menjadi asing ","1988764735651913871","","KucengTerbanggg","in","","0","0","0","https://x.com/undefined/status/1988764735651913871","104081776",
"1988764256125526215","Thu Nov 13 00:22:02 +0000 2025","0","Berimaginasi DS Siti Nurhaliza buat MV Kesuma terbang-terbang macam ni atas gunung-gunung di Malaysia. Gunung Kinabalu Gunung Murud Gunung Tahan Gunung Ledang Gunung Jerai. 2 in 1. Sambil buat video sambil promosi tempat-tempat menarik di Malaysia! @CTNurhaliza11","1988764256125526215","","","in","","0","0","0","https://x.com/undefined/status/1988764256125526215","4285784005",
"1988763809499214007","Thu Nov 13 00:20:16 +0000 2025","0","Cek Consina Alpen Ransel Gunung | Hiking Outdoor Travel 50L dengan harga Rp1.100.000. Dapatkan di Shopee sekarang! https://t.co/PItUu8qiHa https://t.co/v4qMYaTVyh","1988763809499214007","https://pbs.twimg.com/media/G5mCJJDacAM3Gim.jpg","","in","","0","0","0","https://x.com/undefined/status/1988763809499214007","251598820",
"1988760828330574007","Thu Nov 13 00:16:27 +0000 2025","0","alami natural seperti warna gunung itu hijau warna gajah abu2 warna sawah menguning matahari yg berwarna orange keemasan dan lain2. Ada juri yg senang warna2 fantasy futurustik langit berwarna ungu hewan2 yg berwarna warni serta lainnya. Tapi yg jelas komposisi warna ","1988762851960582542","","lucimaya123","in","","0","1","0","https://x.com/undefined/status/1988762851960582542","3032152165",
"1988762742380216728","Thu Nov 13 00:16:01 +0000 2025","1","setelah drama dgn hujan di pagi hari terus akhirnya pagi ini jogging lagi dan aku nemu gunung https://t.co/wQuYLy7hbS","1988762742380216728","https://pbs.twimg.com/media/G5mBK5nbkAAe32j.jpg","","in","","0","0","0","https://x.com/undefined/status/1988762742380216728","1306874804620857345",
"1988762738471104592","Thu Nov 13 00:16:00 +0000 2025","0","gunung","1988762738471104592","","","in","","0","0","0","https://x.com/undefined/status/1988762738471104592","1977591279166070784",
"1988751861835567520","Thu Nov 13 00:15:16 +0000 2025","0","@sensitivecryby yagimana ya....semua gunung mah emang ejet","1988762550570496202","","sensitivecryby","in","","0","1","0","https://x.com/undefined/status/1988762550570496202","1850433395517689856",
"1988762477937733946","Thu Nov 13 00:14:58 +0000 2025","0","malesnya berangkat pagi tu yg masi ngantuk bjil tp enak ga macet banget sama keliatan gunung bjil demm","1988762477937733946","","","in","","0","0","0","https://x.com/undefined/status/1988762477937733946","1171088723817066496",
"1988474246725857610","Thu Nov 13 00:10:21 +0000 2025","0","@Giiselje Gunung ngluarin air","1988761315826102687","","Giiselje","in","","0","0","0","https://x.com/undefined/status/1988761315826102687","74426113",
"1988761292006654157","Thu Nov 13 00:10:16 +0000 2025","0","Bapak ini statementnya sering membuat terkesima sejak pertama nonton di standup gunung 2017.","1988761292006654157","","","in","","0","0","0","https://x.com/undefined/status/1988761292006654157","77713905",
"1988761132778287326","Thu Nov 13 00:10:04 +0000 2025","0","TAPI BUKAN GUNUNG","1988761245353480321","","dimcyumm","in","","0","0","0","https://x.com/undefined/status/1988761245353480321","1862465338329505792",
"1988761132778287326","Thu Nov 13 00:09:38 +0000 2025","0","kata gue mah ini gak ke gunung kyk anjirr ga mungkin deh (feeling guee pst bnr) KAYAK CUMA KE MANA GTU AJA","1988761132778287326","","","in","","0","1","0","https://x.com/undefined/status/1988761132778287326","1862465338329505792",
"1988758737771704803","Thu Nov 13 00:07:04 +0000 2025","0","Cintaku padamu adalah perjuangan tanpa henti mendaki gunung tertinggi menyeberangi lautan terluas dan menembus badai terhebat hanya untuk menemukan senyummu permata terindah yang membuat hatiku bahagia selamanya. ️","1988760487123644644","","unicesantander","in","","0","1","0","https://x.com/undefined/status/1988760487123644644","723309512",
"1988558583273771239","Thu Nov 13 00:06:31 +0000 2025","0","@jogja_base mending bawa temen dulu kamu blom tau rute treknya meskipun bukan termasuk gunung yg tinggi tinggi banget.. saran aja kalo first time naik lewat Pendem aja lebih landai treknya.. kalo sawit agak licin ujan gini ada batu batu tapi tangga lumayan banyak si saranku bawa temen","1988760348070133767","","jogja_base","in","","0","0","0","https://x.com/undefined/status/1988760348070133767","1910307736342155264",
"1988474246725857610","Thu Nov 13 00:05:35 +0000 2025","0","@Giiselje definisi air tanah buat org hidrolog dan grohidrolog ya sama2 air tanah air tanah yg lokasinya di gunung wkwkwk","1988760115332473269","","Giiselje","in","","0","0","0","https://x.com/undefined/status/1988760115332473269","1853073830530740224",
"1988497132169646513","Thu Nov 13 00:05:06 +0000 2025","0","@dialogsenja__ - bersama istri - bersama anak - Naik GUNUNG","1988759995073413370","","dialogsenja__","in","","0","0","0","https://x.com/undefined/status/1988759995073413370","234680246",
"1988759261380505763","Thu Nov 13 00:02:11 +0000 2025","0","AWKJDOWLWKSLWLE AKHIRNYA TURUN GUNUNG","1988759261380505763","","","in","","0","0","0","https://x.com/undefined/status/1988759261380505763","1417789818512183300",
"1988422732975915140","Thu Nov 13 00:00:31 +0000 2025","1","@okenayy @roblox_fess Kak ayo mabar gunung yuk","1988758839194505385","","okenayy","in","","0","1","0","https://x.com/undefined/status/1988758839194505385","1342777455715569665",
"1988050290713784461","Wed Nov 12 23:56:46 +0000 2025","0","@DhankzNazie @Mystakenn @xendless_s 2. Ayo bro... Naek gunung aja bisa.. Mestinya perbanyak literasi jg bisa dong ya...","1988757898118459668","","DhankzNazie","in","","0","0","0","https://x.com/undefined/status/1988757898118459668","581598864",
"1988519107537346650","Wed Nov 12 23:56:12 +0000 2025","0","@tahilalats nomor 2 karena dari kecil rumah deket gunung dan gak suka panas ","1988757754094436799","","tahilalats","in","","0","0","0","https://x.com/undefined/status/1988757754094436799","1866478034",
"1988757708720468102","Wed Nov 12 23:56:01 +0000 2025","0","Warga Jenawi Waswas Proyek Panas Bumi Gunung Lawu https://t.co/Zfw1olsm6L","1988757708720468102","","","in","","0","0","0","https://x.com/undefined/status/1988757708720468102","2728984603",
"1972630191278366951","Wed Nov 12 23:54:22 +0000 2025","0","@obscuredflare Sensasi dalam diri Mikito kian memuncak kala jemari Tatsuya semakin bersemangat bergerak dalam dirinya. Sensasi yang dirasa persis lava panas dalam gunung berapi yang siap meledak dan menyeruak ke mana saja. Tidak berhenti sampai di sana kehangatan mulut Tatsuya yang ...","1988757290930041117","","obscuredflare","in","","0","1","0","https://x.com/undefined/status/1988757290930041117","1876647528231505920",
"1988614694899482934","Wed Nov 12 23:53:38 +0000 2025","0","@sioppet @tukang_eskrimmm Biarin aja kk jill dia lagi di pucuk gunung","1988757106401632495","","sioppet","in","","0","0","0","https://x.com/undefined/status/1988757106401632495","1224856292130357248",
"1988756688233722303","Wed Nov 12 23:51:58 +0000 2025","0","rekomendasi sandal tali wanita sendal platform wedges slip on jelly strap gunung sepatu hak mules flatshoes high mini heels pretty adorable cute pink black hitam white putih cream kuliah kerja sekolah idea ootd event shopee 11.11 event sale gratis ongkir a thread","1988756688233722303","","","in","","0","0","0","https://x.com/undefined/status/1988756688233722303","1647445172211572737",
"1988755872135475619","Wed Nov 12 23:48:43 +0000 2025","0","Mama : duitnya buat umroh ajaa Isi kepala ku : duitnya buat naik gunung dulu ajaa ‍↕️‍","1988755872135475619","","","in","","0","0","0","https://x.com/undefined/status/1988755872135475619","1137993771134537728",
"1988754871319978219","Wed Nov 12 23:44:45 +0000 2025","98","buku alumni ini pastinya dibuat di Pasar Pramuka. operasi #pemalsuanijazah merupakan operasi yang sangat besar Jokowi pastinya dibantu antek ASeNG Mamarika dan Emir Arab untuk: - cari aktor/artis yang memerankan temen kuliah teman naek gunung dsn teman kerja di Atjeh -","1988754871319978219","","","in","","0","23","26","https://x.com/undefined/status/1988754871319978219","119691957",
"1988754824134078500","Wed Nov 12 23:44:34 +0000 2025","0","Penonton ghoib jin gunung","1988754824134078500","","","in","","0","0","0","https://x.com/undefined/status/1988754824134078500","490264886",
"1988686198634917959","Wed Nov 12 23:43:34 +0000 2025","0","@pajiidobbys Spill nonton dmn dah k??? penasaran udh lama engga ngikutin drama tapi spirit finger beneran nunggu bnget nungguin si tukang pup yg pulang pergi sekolah kudu naik turun gunung","1988754573239214199","","pajiidobbys","in","","0","2","0","https://x.com/undefined/status/1988754573239214199","270260520",
"1988753859297312890","Wed Nov 12 23:40:43 +0000 2025","2","06.40: Lalu lintas jelang traffic light underpass Jalan Angkasa Gunung Sahari mengarah ke Pasar Baru mulai padat imbas ada truk box mengalami gangguan sudah ada petugas di lokasi. (P. Vincent) https://t.co/4yCJMcY64g","1988753859297312890","https://pbs.twimg.com/media/G5l5FaLbkAA950B.jpg","","in","","0","0","0","https://x.com/undefined/status/1988753859297312890","121640063",
"1988753248942190670","Wed Nov 12 23:38:18 +0000 2025","0","06.35 #LalinSonora Ada truk box mogok jelang lampu merah underpass jln angkasa gunung .sahari arah pasar baru. Ada petugas polantas dan driver sepertinyya. ( via Bp. Vincent Harefa) https://t.co/2stTKzQJBP","1988753248942190670","https://pbs.twimg.com/media/G5l4ilhacAI7JBC.jpg","","in","","1","0","0","https://x.com/undefined/status/1988753248942190670","180696019",
"1988752965948305609","Wed Nov 12 23:37:10 +0000 2025","0","06.35 #LalinSonora Jl. Angkasa depan gedung Pelni / Basarnas (Kemayoran) menuju underpass jln. Gunung Sahari padat merayap. ( via Ibu Angelique) https://t.co/qxW7nDx63H","1988752965948305609","https://pbs.twimg.com/media/G5l4SE5bkAA8tlf.jpg","","in","","1","0","0","https://x.com/undefined/status/1988752965948305609","180696019",
"1988751861835567520","Wed Nov 12 23:32:47 +0000 2025","0","NI ORANG TIAP RIPIU SEMUA MAP GUNUNG DIBILANG EJET ","1988751861835567520","","","in","","0","2","0","https://x.com/undefined/status/1988751861835567520","1849302454099386368",
"1988040350381076972","Wed Nov 12 23:31:20 +0000 2025","0","@wItoshiSae @pantai_gunung lewat jalan ka jgn siti","1988751495333048394","","wItoshiSae","in","","0","0","0","https://x.com/undefined/status/1988751495333048394","1516510692211257347",
"1988040350381076972","Wed Nov 12 23:31:01 +0000 2025","0","@chococaramelloo @pantai_gunung iya tanah Allah padahl","1988751416404635998","","chococaramelloo","in","","0","0","0","https://x.com/undefined/status/1988751416404635998","1516510692211257347",
"1988751052976578639","Wed Nov 12 23:29:34 +0000 2025","0","Obat Aborsi penggugur kandungan cytotec original 100% Terbukti cepat tuntas https://t.co/c9pWWfDHKD #obataborsi #obatpenggugurkandungan #obatcytotec #cytotec #caraaborsi #triples #gunung #videobokep #Trending #filmdewasa https://t.co/FUDJ4M5XY5","1988751052976578639","https://pbs.twimg.com/media/G5l2ifQacAI-quh.jpg","","in","","0","0","0","https://x.com/undefined/status/1988751052976578639","1453562120742715399",
"1988750840463794553","Wed Nov 12 23:28:44 +0000 2025","0","07.28 Simpang Gunung Lingai &amp; simpang Alaya : Antrian kendaraan normal Situasi arus lalin lancar. #MinYn https://t.co/8WPQdpq7aL","1988750840463794553","https://pbs.twimg.com/media/G5l2U82bMAA5U2B.jpg","","in","","0","0","0","https://x.com/undefined/status/1988750840463794553","240460194",
"1988750611203215669","Wed Nov 12 23:27:49 +0000 2025","0","SIAPA YANG NARO KAMERA DI PUNGGUNG KAMBING GUNUNG INI??? ","1988750611203215669","","","in","","0","0","0","https://x.com/undefined/status/1988750611203215669","147174007",
"1988750570539356217","Wed Nov 12 23:27:39 +0000 2025","0","kalo VR gt apakah kita bakal ketendang gunung https://t.co/mGcTw4SDYS","1988750570539356217","https://pbs.twimg.com/amplify_video_thumb/1713616602946777088/img/mnzPeRDblBwf43-Z.jpg","","in","","0","0","0","https://x.com/undefined/status/1988750570539356217","1709537884246818816",
"1988750034201170267","Wed Nov 12 23:25:31 +0000 2025","2","2019 gue berada di titik terendah. Gue nyoba suicide 3X dan itu semua berhasil di selamatin temen temen gue. Terakhir gue pgn loncat pas lagi naik gunung tapi tas gue di tarik sama Andre(thank ndre) 1 rombongan yg isinya 4 orang nggak jadi naik dan balik turun...","1988750034201170267","","","in","","0","1","0","https://x.com/undefined/status/1988750034201170267","1488886714219515907",
"1988749796891586572","Wed Nov 12 23:24:35 +0000 2025","0","gunung","1988749796891586572","","","in","","0","0","0","https://x.com/undefined/status/1988749796891586572","1605943364352081920",
"1988749665073000670","Wed Nov 12 23:24:03 +0000 2025","1","guys infoo ada yang mau tektok bareng gunung bismo via sikunang tgl 15-16 nov gaa?","1988749665073000670","","","in","","0","1","0","https://x.com/undefined/status/1988749665073000670","1773694739856121856",
"1928287450318749998","Wed Nov 12 23:18:32 +0000 2025","1","@Adityatris @TalkinAndy Aku percaya juru kunci gunung yg stay di stasiun pengamatan Gn Api","1988748274896084997","","Adityatris","in","","0","0","0","https://x.com/undefined/status/1988748274896084997","97646351",
"1988039973023658055","Wed Nov 12 23:17:17 +0000 2025","0","@txtdrimedia Kirain mau ekplorasi gunung Fuji","1988747960528802217","","txtdrimedia","in","","0","0","0","https://x.com/undefined/status/1988747960528802217","1522485337037041669",
"1988746779312205993","Wed Nov 12 23:12:35 +0000 2025","0","kayaknya harus keluar zona nyaman alias nyoba hiking ga suka gunung. ","1988746779312205993","","","in","","0","0","0","https://x.com/undefined/status/1988746779312205993","1584775860619710464",
"1928542054944223658","Wed Nov 12 23:11:15 +0000 2025","0","@Agungdwps @ardisatriawan Saat itu ga krakatau lagi aktif erupsi.. salah satu efek dr gunung api yg erupsi di laut/pulau kecil ketika terjadi longsoran material letusan bisa menimbulkan tsunami..","1988746441108648024","","Agungdwps","in","","0","0","0","https://x.com/undefined/status/1988746441108648024","97646351",
"1988746392475725981","Wed Nov 12 23:11:03 +0000 2025","0","tiap denger lagu ini rasanya tuh kaya pengen naik gunung lagi https://t.co/GIRJIQ7Lfu","1988746392475725981","https://pbs.twimg.com/media/G5lyTOsaIAAlEcL.jpg","","in","","0","0","0","https://x.com/undefined/status/1988746392475725981","1636309673669447681",
"1988607716063879641","Wed Nov 12 23:10:30 +0000 2025","0","@tempodotco Lu dikasi gunung emas aja pasti minta gunung emas lainnya. Gitu aja trs emg kaga pernah bisa bersyukur lu","1988746252574683216","","tempodotco","in","","0","0","0","https://x.com/undefined/status/1988746252574683216","1624370552633970689",
"1988745774747054137","Wed Nov 12 23:08:36 +0000 2025","1","walaupun gunung itu tak berpindah tetap percaya Kau yang punya kuasa","1988745774747054137","","","in","","0","0","0","https://x.com/undefined/status/1988745774747054137","233149627",
"1988408631222825439","Wed Nov 12 23:08:06 +0000 2025","0","@Heroxiiinn Tanah pijakannya dr mna... Sono bikin di gunung gede","1988745647412113735","","Heroxiiinn","in","","0","0","0","https://x.com/undefined/status/1988745647412113735","1979540328505126912",
"1988744176507498523","Wed Nov 12 23:02:15 +0000 2025","0","@_ gunung","1988744176507498523","","_","in","","0","0","0","https://x.com/undefined/status/1988744176507498523","1969179254165553155",
"1988743940284305777","Wed Nov 12 23:01:19 +0000 2025","0","Stop galau dikit pengen daki gunung terus daftar kmpa","1988743940284305777","","","in","","0","0","0","https://x.com/undefined/status/1988743940284305777","1439833748019634184",
"1988541566810460275","Wed Nov 12 22:58:06 +0000 2025","0","@anothernsml ke gunung atau tracking tipis tipis doang?","1988743131303665685","","anothernsml","in","","0","1","0","https://x.com/undefined/status/1988743131303665685","1933311541337899008",
"1988742182115897472","Wed Nov 12 22:54:19 +0000 2025","0","Puncak gunung es","1988742182115897472","","","in","","0","0","0","https://x.com/undefined/status/1988742182115897472","1309863244522074114",
"1988384663170367770","Wed Nov 12 22:51:46 +0000 2025","0","@mardiasih Sebenarnya yg naik ke berita itu seperti fenomena gunung es. Yg terjadi di bawah lebih banyak lagi","1988741536725758220","","mardiasih","in","","0","0","0","https://x.com/undefined/status/1988741536725758220","1706294753724342272",
"1988095397320134803","Wed Nov 12 22:51:45 +0000 2025","0","@MuhammadTuhasan Air pegunungan asli ya mata air alam kalo yang pernah naik gunung pasti tau ada sebanyak apa? Bisa penuh satu botol Aqua aj harus full sabar","1988741536486760826","","MuhammadTuhasan","in","","0","0","0","https://x.com/undefined/status/1988741536486760826","751998409",
"1988740783063855505","Wed Nov 12 22:48:46 +0000 2025","0","Jadi inget jam pertama hadiah dari papa.. Casio LA futurist - biru - dipakai dri kuliah smpi kerja - pensiun karena rusak mesinnya.. bahkan gunung mas sudah angkat tangan.. nah habis itu beli yg baby g yg till today masih urip... G dipakai lgi krena kalepnya rusak huffy..","1988740783063855505","","","in","","0","0","0","https://x.com/undefined/status/1988740783063855505","35781913",
"1988740560371483091","Wed Nov 12 22:47:53 +0000 2025","0","@bonyyy:santai dan yakin aja ka sayur di gunung ikan di laut aja bisa ketemu di warteg","1988740560371483091","","BONYYY","in","","0","0","0","https://x.com/undefined/status/1988740560371483091","595637263",
"1988738471520006380","Wed Nov 12 22:39:35 +0000 2025","1","Kalo udara Jakarta lagi gini rasanya kaya 20 tahunan yang lalu. Soalnya hampir tiap hari Gede-Pangrango dan Salak kelihatan dari rumah. Dulu kalo jalan pagi sama papa sering liat gunung dulu.","1988738471520006380","","","in","","0","0","0","https://x.com/undefined/status/1988738471520006380","2246965519",
"1988733150793732213","Wed Nov 12 22:36:10 +0000 2025","0","jika fitnah mengadu domba~ yang menyebabkan perpecahan ummah~ maka kau akan menanggung ~ umpamanya dosa yang sebesar ~ &amp; setinggi gunung everest~","1988737614112014490","","ahmadqabil","in","","0","0","0","https://x.com/undefined/status/1988737614112014490","2917870042",
"1988481691476951396","Wed Nov 12 18:57:22 +0000 2025","0","@blueewill Merbabu Aku ketagihan naik gunung https://t.co/31eS5BacsH","1988682548344689069","https://pbs.twimg.com/media/G5k4PHeacAE6yu4.jpg","blueewill","in","","0","0","0","https://x.com/undefined/status/1988682548344689069","1431102502842232834",
"1988474246725857610","Wed Nov 12 18:53:33 +0000 2025","0","@Giiselje ~Man paman paman dari mana paman dari Betawi mana oleh olehnya itu di almari mana kuncinya? Kunci dibawa tukang tukang minta istri istri minta anak anak minta susu susu susu sapi sapi minta rumput rumput di sawah sawah minta hujan hujan di gunung ","1988681590747389966","","Giiselje","in","","0","0","0","https://x.com/undefined/status/1988681590747389966","1885214289977630722",
"1988680632512438509","Wed Nov 12 18:49:45 +0000 2025","0","gunung tp gw ga sanggup muncak ","1988680632512438509","","","in","","0","0","0","https://x.com/undefined/status/1988680632512438509","1750128101231927296",
"1988618524525203944","Wed Nov 12 18:18:04 +0000 2025","0","@p22222333 pake merek apa nder? aku pke skin aqua biru ko awet bgt yh bahkan dipake naik gunung jg masih aman","1988672659086012653","","p22222333","in","","0","1","0","https://x.com/undefined/status/1988672659086012653","1581300445959450626",
"1988669833786146990","Wed Nov 12 18:06:50 +0000 2025","2","Gunung swiss. Bersama Anak gadis cantikku @bskmiepangsit dan istri tercintaku @nswanlace. https://t.co/q8Uv2iuSZF","1988669833786146990","https://pbs.twimg.com/media/G5ksq3lacAMrZlw.jpg","","in","","0","1","2","https://x.com/undefined/status/1988669833786146990","3188452852",
"1988437386075009175","Wed Nov 12 18:00:24 +0000 2025","0","@fajartujuhbelas Untuk camp biasa tendaki msih oke kok bang pke buat naik gunung lumayan beratt wwkkwk","1988668214671442021","","fajartujuhbelas","in","","0","0","0","https://x.com/undefined/status/1988668214671442021","1632022321",
"1988667626781044773","Wed Nov 12 17:58:04 +0000 2025","0","hai sapa bangun dan nak naik gunung?","1988667626781044773","","","in","","0","0","0","https://x.com/undefined/status/1988667626781044773","1050218407755309056",
"1988666918056952041","Wed Nov 12 17:55:15 +0000 2025","3","inget banget dulu komun ini isinya pada bahas gunung normal buat muncak bareng sama GAG (restock trade kerkom etc). Tapi sekarang pada beralih mancing (termasuk aku wkwk). Kurang lebih dalam waktu 4 bulan bisa mengubah semuanya :)","1988666918056952041","","","in","","0","0","0","https://x.com/undefined/status/1988666918056952041","748798963264786432",
"1987567330453549198","Wed Nov 12 17:53:15 +0000 2025","0","@rhythmtocean Sebentar ya pesugihan dulu ke gunung.","1988666415327719499","","rhythmtocean","in","","0","0","0","https://x.com/undefined/status/1988666415327719499","1985411828957192192",
"1988665045287596136","Wed Nov 12 17:50:37 +0000 2025","0","@roadbuzta GATAUUUU ASLI i cm naik gunung menikmati digendong teteh tau tau meleng dkit jd tulang semua. ","1988665750798971230","","roadbuzta","in","","0","0","0","https://x.com/undefined/status/1988665750798971230","1945956360",
"1988574079180546250","Wed Nov 12 17:44:11 +0000 2025","0","@afterseasonx mending mendaki gunung ga sih kak??","1988664130736377858","","afterseasonx","in","","0","0","0","https://x.com/undefined/status/1988664130736377858","1923397543754670080",
"1988643135908725035","Wed Nov 12 17:42:19 +0000 2025","0","@_mardial_ 8 ball - di tengah gunung","1988663662492729692","","_mardial_","in","","0","0","0","https://x.com/undefined/status/1988663662492729692","1455229614570147847",
"1988615099515605111","Wed Nov 12 17:41:06 +0000 2025","0","@cfaleb jika kosong satu ntu artinya aku sdang naik gunung :V","1988663358896414976","","cfaleb","in","","0","1","0","https://x.com/undefined/status/1988663358896414976","3267158515",
"1988581033026212316","Wed Nov 12 17:38:52 +0000 2025","0","@udngdt @sendenisme gugur gunung karo ngelaras we penak og","1988662795685224822","","udngdt","in","","0","0","0","https://x.com/undefined/status/1988662795685224822","1300728403683758081",
"1988523927673459122","Wed Nov 12 17:36:12 +0000 2025","0","@indiratendi Eh ka aku mau tanya semua jenis lutung makan daun kah? Soalnya dikaki gunung gede pangrango karena beberapa daerah jadi lokasi wisata kadang lutung ngambil makanan ditempat sampah","1988662123577450659","","indiratendi","in","","0","0","0","https://x.com/undefined/status/1988662123577450659","2359345416",
"1988661832685617428","Wed Nov 12 17:35:44 +0000 2025","2","@TalonMidnight Ayo besok gunung aja temenin aku galau karna talon cuki @sakral @panglfima @Vermoutfh","1988662005210005716","","Karinayio","in","","0","2","2","https://x.com/undefined/status/1988662005210005716","1804424609032548353",
"1988661872544084003","Wed Nov 12 17:35:12 +0000 2025","0","Inspirasi terbesar dari #PahlawanSoeharto ada di ketekunan ngebangun negeri walau tantangannya segede gunung https://t.co/DXtgVPLcXw","1988661872544084003","https://pbs.twimg.com/media/G5klbY_acAAQCsL.jpg","","in","","0","0","0","https://x.com/undefined/status/1988661872544084003","1689841837090222080",
"1988050290713784461","Wed Nov 12 17:33:28 +0000 2025","0","@DhankzNazie @Mystakenn @xendless_s 2. Secara logika sama kek anda lg ada d gunung.. pastibakal nutup tubuh sampe rambut bahkan termasuk muka... Otomatis baju keseharian itu dah ketutup bosque ... Dah nutup hampir seluruh tubuh... Masuk gak niyh d nalar anda...","1988661435237560632","","DhankzNazie","in","","0","0","0","https://x.com/undefined/status/1988661435237560632","581598864",
"1988660812047958204","Wed Nov 12 17:30:59 +0000 2025","2","Mana yang cocok aku bawa ke gunung ya? ma babies https://t.co/SWdclDPH12","1988660812047958204","https://pbs.twimg.com/media/G5kkeDkacAIp8NT.jpg","","in","","1","1","0","https://x.com/undefined/status/1988660812047958204","1601730016080908288",
"1988657424602132904","Wed Nov 12 17:17:32 +0000 2025","0","mari kita wujudkan tiap fase skripsi 1 gunung terlampaui bersama merlita","1988657424602132904","","","in","","0","0","0","https://x.com/undefined/status/1988657424602132904","1740344815945162752",
"1988607963532238877","Wed Nov 12 17:17:09 +0000 2025","0","@unicefess Sepertianya si ireng ingin hidup seperti larry","1988657327885762924","","unicefess","in","","0","0","0","https://x.com/undefined/status/1988657327885762924","1935533242813468672",
"1988652853297385801","Wed Nov 12 17:13:52 +0000 2025","0","@dmsMAYAY Jadi gini ya. duduk dulu duduk lagi mendongeng. Mau cocoa anget? Teh wedang jahe? Es krim tolak angin? Beli sendiri mandiri. Di sana gunung di sini nuki nunung. Singkat saja sebelum iklan berikut sama ayel tuh akhirnya kesampaian se-agc di akun leeknow. Gue ngga nyadar kalo","1988656504803914125","","dmsHYUNJIN","in","","0","1","1","https://x.com/undefined/status/1988656504803914125","1949363905807179776",
"1988050290713784461","Wed Nov 12 17:11:07 +0000 2025","0","@DhankzNazie @Mystakenn @xendless_s 3. Coba liatpp anda... Pake baju tebal... Krn udara dingin diatas gunung.. Ada yg nyuruh2 anda gak pake baju tebal? Manusia dng akal pikiran dan perasaan pasti bs berinovasi berimprovisasi buat ngelindungin tubuhnya terhadap cuaca yg d hadepin...","1988655809539240033","","DhankzNazie","in","","0","1","0","https://x.com/undefined/status/1988655809539240033","581598864",
"1988654480976671123","Wed Nov 12 17:05:50 +0000 2025","0","DOKTEEEEEEERRRRRRRRRRRR langsung keluar langsung lho turun gunung. kok bisa ya radarnya kenceng banget...","1988654480976671123","","","in","","0","0","0","https://x.com/undefined/status/1988654480976671123","1972180717670187008",
"1988648560452333737","Wed Nov 12 17:05:44 +0000 2025","0","@cynosrure wkwk trimakasii sapooo tapi itu minus nya susah loncat pas di gunung","1988654455299150155","","cynosrure","in","","0","1","0","https://x.com/undefined/status/1988654455299150155","1515356917635649536",
"1988654253439934488","Wed Nov 12 17:04:56 +0000 2025","2","ceritanya trial n error sama obat yg dikasih psikiater. kemaren aku minum ba'da isya walhasil jam 20.00 mata ngantuk beraaatttt kek digantungin gunung gede. hari ini aku ga lgsg minum eeh beneran ga tidur2. baru aku minum barusan ","1988654253439934488","","","in","","0","2","0","https://x.com/undefined/status/1988654253439934488","1968978967446388736",
"1988653583554998283","Wed Nov 12 17:02:16 +0000 2025","0","info gunung yang lagunya galau","1988653583554998283","","","in","","0","2","0","https://x.com/undefined/status/1988653583554998283","787140447281872896",
"1980585422750380149","Wed Nov 12 16:52:39 +0000 2025","0","Gunung pagi. https://t.co/v0Ch2MQJmr","1988651163345121513","https://pbs.twimg.com/media/G5kbsJDacAYlQEt.jpg","blurrshade","in","","0","1","0","https://x.com/undefined/status/1988651163345121513","1843622135807520771",
"1988649716712907086","Wed Nov 12 16:46:54 +0000 2025","0","gunung sih","1988649716712907086","","","in","","0","0","0","https://x.com/undefined/status/1988649716712907086","1796992055580971008",
"1988473968513441869","Wed Nov 12 16:44:59 +0000 2025","0","@im_bluesky01 udh tinggal dideket gunung hujan makin dingin","1988649232702877943","","im_bluesky01","in","","0","1","0","https://x.com/undefined/status/1988649232702877943","1910126961017651200",
"1988512845718233413","Wed Nov 12 16:43:24 +0000 2025","0","@txtFromRoblox Kakk aku udah summit 2x di gunung ini. Tapi seinget ku bukanya pas loncat ada suara unyah nya ya? Aku tadi login lagi udah ga ada. Apa karena udah di perbaiki ya?","1988648837876224126","","txtFromRoblox","in","","0","1","0","https://x.com/undefined/status/1988648837876224126","1491082704728723456",
"1988616548668330018","Wed Nov 12 16:42:51 +0000 2025","3","@tanyakanrl Fisik ketahanan sama dingin dan hujan badai kalo naik gunung usahakan jgn pas lg cuaca kaya gini. Paling gak km terbiasa lari atau jalan kaki aja dlu baru deh bisa naik gunung","1988648696050061365","","tanyakanrl","in","","0","0","0","https://x.com/undefined/status/1988648696050061365","1755887074585247744",
"1988648101956202823","Wed Nov 12 16:40:29 +0000 2025","0","kabarnya udah kebeli. btw ini map gunung gacor banget rata kiri aja sebagus ini. https://t.co/MwVTo0iq0O","1988648101956202823","https://pbs.twimg.com/media/G5kY6MWacAcMFfq.jpg","","in","","0","0","0","https://x.com/undefined/status/1988648101956202823","1337953907990011905",
"1988262412798071209","Wed Nov 12 16:37:29 +0000 2025","0","@lostkaiii @roblox_fess artic mah ramenya pas bulan juli-september pas awal gunung hype der","1988647345165349369","","lostkaiii","in","","0","0","0","https://x.com/undefined/status/1988647345165349369","1799522837369434112",
"1988645976970854601","Wed Nov 12 16:32:02 +0000 2025","0","salah satu member lg muncak gunung antartika roblok","1988645976970854601","","","in","","0","0","0","https://x.com/undefined/status/1988645976970854601","1829076917800316929",
"1988645597277045219","Wed Nov 12 16:30:32 +0000 2025","0","Tujuh tahun lalu ibunya hilang di Gunung Sarangan. Kini Dru kembali mencari jawapan di gunung yang sama. Adakah dia akan menemui kebenaran atau turut lenyap bersama rahsia di puncak itu? Nantikan #PencarianTerakhir di TGV pada 20 November ini! #TGVHallsOfHorror https://t.co/cfkAPRPGbh","1988645597277045219","https://pbs.twimg.com/amplify_video_thumb/1988645512124284928/img/1umEw_rUUC6xtnZP.jpg","","in","","0","0","0","https://x.com/undefined/status/1988645597277045219","163024192",
"1988645531837714833","Wed Nov 12 16:30:16 +0000 2025","0","bener2 pgn naik gunung","1988645531837714833","","","in","","0","0","0","https://x.com/undefined/status/1988645531837714833","1337403740060467200",
"1988645070720082085","Wed Nov 12 16:28:26 +0000 2025","0","Ternyata udah 3 hari gak summit gunung. Sibuk bejoget si maca.","1988645070720082085","","","in","","0","0","0","https://x.com/undefined/status/1988645070720082085","1714483557937381376",
"1988644812204187694","Wed Nov 12 16:27:25 +0000 2025","0","Naik gunung ini berasa pro alias summit ga sampe 20 menit.. ez banget guys ada belasan cp tapi singkat rutenya #talonkikir. https://t.co/FcYJozkUUM","1988644812204187694","https://pbs.twimg.com/media/G5kV6sNbcAA5fcd.jpg","","in","","0","1","0","https://x.com/undefined/status/1988644812204187694","726151616085241856",
"1988619050516107725","Wed Nov 12 16:27:01 +0000 2025","0","@mdcccviii_ Mau naik gunung ","1988644713986146405","","mdcccviii_","in","","0","0","0","https://x.com/undefined/status/1988644713986146405","782772205",
"1988644051667825085","Wed Nov 12 16:24:23 +0000 2025","0","Akhirnya menyelesaikan gunung ragebaitermaxxing ini.","1988644051667825085","","","in","","0","1","0","https://x.com/undefined/status/1988644051667825085","1016380555",
"1988614232251015558","Wed Nov 12 16:22:35 +0000 2025","0","@fatiguezz Smiski mah pendaki jadi di gunung aja beda sama memen yg emang nelayan","1988643595935773142","","fatiguezz","in","","0","1","0","https://x.com/undefined/status/1988643595935773142","2899454682",
"1988643313310904406","Wed Nov 12 16:21:27 +0000 2025","0","Nice sekalii first day period H-7 mendaki gunung dan gua belum olah raga samsek pak bu boleh nunggu di tenda aja gak saya gk sanggup abis digebrak nuthong","1988643313310904406","","","in","","0","0","0","https://x.com/undefined/status/1988643313310904406","1284131885627535362",
"1988642984347488282","Wed Nov 12 16:20:09 +0000 2025","0","gunung","1988642984347488282","","","in","","0","0","0","https://x.com/undefined/status/1988642984347488282","1387777041634844674",
"1988497132169646513","Wed Nov 12 16:19:39 +0000 2025","0","@dialogsenja__ Naik gunung pergi kepantai nonton bola ke stadion ","1988642858157609224","","dialogsenja__","in","","0","0","0","https://x.com/undefined/status/1988642858157609224","347021790",
"1988580645795418276","Wed Nov 12 16:17:02 +0000 2025","0","@wintearose Lucu banget dah kamu mendaki gunung naik kucing.","1988642202709602805","","wintearose","in","","0","1","0","https://x.com/undefined/status/1988642202709602805","859132162360070145",
"1988642137144205605","Wed Nov 12 16:16:47 +0000 2025","0","Pen naik gunung tapi kemana yaa? ","1988642137144205605","","","in","","0","0","0","https://x.com/undefined/status/1988642137144205605","1921284743804628992",
"1988641833694744817","Wed Nov 12 16:15:34 +0000 2025","1","MASIH TERBUNGKAM AKU! BETE BANGET! Udah lahh emang udah bener kita ngobrol di discord aja BTW! Thank you so much yang udahh nemenin manjat gunung yaaaa ges next kita cari game horror di ROBLOX https://t.co/asLMKBzZpO","1988641833694744817","https://pbs.twimg.com/media/G5kS77taMAEEuLA.png","","in","","0","0","0","https://x.com/undefined/status/1988641833694744817","1787928717878247425",
"1988539266075385905","Wed Nov 12 16:15:00 +0000 2025","0","@roblox_fess Ak klo healing mampir ke gunung yg gampang sih yg banyak pemandangannya","1988641689876201754","","roblox_fess","in","","0","0","0","https://x.com/undefined/status/1988641689876201754","1663896101911695366",
"1988501460712361997","Wed Nov 12 16:13:39 +0000 2025","0","@karimnas_ @Outstandjing Sampah deket borma gunung batu dari agustus gapernah diangkut ","1988641350393499732","","karimnas_","in","","1","0","0","https://x.com/undefined/status/1988641350393499732","226520848",
"1988631762281308375","Wed Nov 12 16:13:23 +0000 2025","0","@SerieA_ID Admin nya org gunung kidul ya ","1988641281174802600","","SerieA_ID","in","","0","0","0","https://x.com/undefined/status/1988641281174802600","757073100",
"1988641218855940573","Wed Nov 12 16:13:08 +0000 2025","0","Sf ep 8. Sayang banget gak ada adegan wooyeon nampar yerim tukang bully harusnya ditampar aja itu terus wooyeon confess ke nampup gak pake perjuangan daki gunung dulu ya make sense sih cuma 12 ep... jadinya diganti...","1988641218855940573","","","in","","0","0","0","https://x.com/undefined/status/1988641218855940573","1463502407027990530",
"1988640615689801967","Wed Nov 12 16:10:44 +0000 2025","0","baru ngelarin sf eps 7-8 AGAK KECEWA DIKITTT uyeon nembaknya bukan di sekolah naik gunung ","1988640615689801967","","","in","","0","0","0","https://x.com/undefined/status/1988640615689801967","1099957883616210944",
"1988626040298643964","Wed Nov 12 16:09:56 +0000 2025","0","@sangtoga mendaki gunung lewati lembah bang. melupakan sakitnya hari hari ke rug","1988640415512432658","","sangtoga","in","","0","1","0","https://x.com/undefined/status/1988640415512432658","1638787061753987072",
"1986838136731935096","Wed Nov 12 16:07:53 +0000 2025","1","@yidoforyou Gunung Botol 2 talia mode gojek lucu bgt pliss @yidoforyou https://t.co/2K3dgAmpZa","1988639897041981769","https://pbs.twimg.com/media/G5kRcGCaAAAJFUx.jpg","itsmelmory","in","","0","1","1","https://x.com/undefined/status/1988639897041981769","1291253920505802754",
"1988639768033305037","Wed Nov 12 16:07:22 +0000 2025","0","gunung sy takut sama megalodon","1988639768033305037","","","in","","0","0","0","https://x.com/undefined/status/1988639768033305037","1743611770366038016",
"1988080874391564681","Wed Nov 12 16:03:34 +0000 2025","0","@Sillyiliy @ebietgdragon Oo brrti ini yg naik gunung ya","1988638813577457860","","Sillyiliy","in","","0","0","0","https://x.com/undefined/status/1988638813577457860","1841358601497284608",
"1988638559025136008","Wed Nov 12 16:02:34 +0000 2025","0","huwe sebenernya nungguin scene wooyeon nembaknya di gunung sma c tapi masih tetep lucu &amp; GEMASSSS ","1988638559025136008","","","in","","0","0","0","https://x.com/undefined/status/1988638559025136008","1509421926854574084",
"1988638490129571878","Wed Nov 12 16:02:17 +0000 2025","2","Ada 2 hal yg gua kecewa di ep 8 1. Yerimnya ga ditampar ama uyeon 2. Uyeon confessnya ga naek gunung dulu ke sekolah kijeong Ya paham sih sekolah kijeong yg di atas gunung itu gamungkin ditampilin karna terlalu aneh trus firasat gue ortunya kijeong ga bakal ditampilin dehh ","1988638490129571878","","","in","","0","0","0","https://x.com/undefined/status/1988638490129571878","761188349600145409",
"1988638201758601460","Wed Nov 12 16:01:09 +0000 2025","0","Tujuh tahun lalu ibunya hilang di Gunung Sarangan. Kini Dru kembali mencari jawapan di gunung yang sama. Adakah dia akan menemui kebenaran atau turut lenyap bersama rahsia di puncak itu? Nantikan #PencarianTerakhir di pawagam pada 20 November ini! #TGVPictures #TGVP https://t.co/hF9iVT7jbu","1988638201758601460","https://pbs.twimg.com/ext_tw_video_thumb/1988638139359895554/pu/img/DONcll8D0z1TS0SR.jpg","","in","","0","0","0","https://x.com/undefined/status/1988638201758601460","899900540171177984",
"1988080874391564681","Wed Nov 12 16:00:52 +0000 2025","0","@ebietgdragon Brrti tnggal naik gunung nii","1988638133294952896","","ebietgdragon","in","","0","0","0","https://x.com/undefined/status/1988638133294952896","1841358601497284608",
"1988637663436382229","Wed Nov 12 15:59:42 +0000 2025","0","@Hoampaz Tidak bukan nyindir Aqua kok. Saya lebih fokus ke fakta dan kebenaran bukan kompetisi air minum. Kalau mau bahas sumber air gunung vs tanah yuk diskusi serius! ","1988637837256970672","","Hoampaz","in","","0","0","0","https://x.com/undefined/status/1988637837256970672","1720665183188922368",
"1988637333508264157","Wed Nov 12 15:57:42 +0000 2025","0","cape jujur dgn drama ini pgn naik gunung aja","1988637333508264157","","","in","","0","0","0","https://x.com/undefined/status/1988637333508264157","1185700831410024448",
"1988545065023611219","Wed Nov 12 15:56:34 +0000 2025","0","@tanyarlfes Pengen liat sifat asli tuh mendaki gunung bakal keliatan tuh mana temen asli atau palsu.","1988637050883453363","","tanyarlfes","in","","0","0","0","https://x.com/undefined/status/1988637050883453363","1213797174464536576",
"1988635962302185561","Wed Nov 12 15:52:15 +0000 2025","0","Di pegunungan Guizhou China insinyur membelah gunung demi membangun jalan raya modern membuktikan bahwa tekad dan inovasi bisa menaklukkan alam. Sama seperti MPO19 situs resmi paling Terpercaya &amp; Teramanah yang terus buka jalan menuju kemenangan! https://t.co/bV55xOioIk","1988635962302185561","https://pbs.twimg.com/amplify_video_thumb/1988635837039579136/img/VIBsqSlgUur4xh9G.jpg","","in","","0","1","0","https://x.com/undefined/status/1988635962302185561","1901763131988381696",
"1959618809599561759","Wed Nov 12 15:51:16 +0000 2025","0","p. tunggangan (gunung muria kudus)","1988635714854998321","","yell0w_mydream","in","","0","0","0","https://x.com/undefined/status/1988635714854998321","1175766309973327872",
"1988635650757726404","Wed Nov 12 15:51:00 +0000 2025","0","Di pegunungan Guizhou China insinyur membelah gunung demi membangun jalan raya modern membuktikan bahwa tekad dan inovasi bisa menaklukkan alam. Sama seperti MPO19 situs resmi paling Terpercaya &amp; Teramanah yang terus buka jalan menuju kemenangan! https://t.co/zXUJSifL8n","1988635650757726404","https://pbs.twimg.com/amplify_video_thumb/1988635595879620608/img/DJyOq5iASditbYF6.jpg","","in","","0","1","0","https://x.com/undefined/status/1988635650757726404","1744242796322856960",
"1988635183629718008","Wed Nov 12 15:49:09 +0000 2025","0","Di pegunungan Guizhou China insinyur membelah gunung demi membangun jalan raya modern membuktikan bahwa tekad dan inovasi bisa menaklukkan alam. Sama seperti MPO19 situs resmi paling Terpercaya &amp; Teramanah yang terus buka jalan menuju kemenangan! https://t.co/bKh216B5wE","1988635183629718008","https://pbs.twimg.com/amplify_video_thumb/1988635117489971200/img/WikoXUbxpCklZliV.jpg","","in","","0","1","0","https://x.com/undefined/status/1988635183629718008","1744258602750312448",
"1988634810412142931","Wed Nov 12 15:47:40 +0000 2025","0","HMMMMMMMZZZZ pantaii deh tp pengen gunung jugaa (kayaknya seru). ","1988634810412142931","","","in","","0","0","0","https://x.com/undefined/status/1988634810412142931","1938063197271121920",
"1988399849583374446","Wed Nov 12 15:47:27 +0000 2025","0","@pantai_gunung ini dmna sii","1988634755701588112","","pantai_gunung","in","","0","0","0","https://x.com/undefined/status/1988634755701588112","1579663184570392576",
"1988634711833383016","Wed Nov 12 15:47:17 +0000 2025","0","Gunung. aku takut pantai","1988634711833383016","","","in","","0","0","0","https://x.com/undefined/status/1988634711833383016","1428752937707130885",
"1988634552336539995","Wed Nov 12 15:46:38 +0000 2025","2","cape bgt habis ambil data di gunung kidul","1988634552336539995","","","in","","0","0","0","https://x.com/undefined/status/1988634552336539995","1353670452351180801",
"1988471208594079891","Wed Nov 12 15:41:24 +0000 2025","0","@txtFromRoblox zuzurly gak bisa berword-word sebenernya kalau udah dinasehatin tp tetep ngeyel? balik lagi ke privadi orangnya sih kak. aku juga gitu ngajak temenku tp alhamdulillahnya temenku masih waras cuma gila submit gunung sma mancing","1988633232502333597","","txtFromRoblox","in","","0","0","0","https://x.com/undefined/status/1988633232502333597","1877989517183119360",
"1988519107537346650","Wed Nov 12 15:40:20 +0000 2025","0","@tahilalats Nomor 2 suka udara gunung suka hujan.. Soal jajanan it's Oke soalnya aku manusia yg lebih milih bikin sendiri dari pada beli.. Macam dimsum seblak cilok itu lebih enak bikinan gw daripda beli. ","1988632964662522136","","tahilalats","in","","0","0","0","https://x.com/undefined/status/1988632964662522136","220225066",
"1988632862376009833","Wed Nov 12 15:39:56 +0000 2025","0","Lemes capeee kya abis naik gunung yg gede ","1988632862376009833","","","in","","0","1","0","https://x.com/undefined/status/1988632862376009833","1827993361887989760",
"1988602067691474972","Wed Nov 12 15:39:23 +0000 2025","0","@narotamaaa dadi wong gunung kidul wae ce","1988632726245650848","","narotamaaa","in","","0","1","0","https://x.com/undefined/status/1988632726245650848","1073516606163054598",
"1988623242697826471","Wed Nov 12 15:01:42 +0000 2025","0","dulu pengen bgt belajar/sekolah di tempat yang viewnya gunung. di bekasi gue bingung itu gunung ape awan ye eh taunya bantar gebang. https://t.co/smSJbNehx4","1988623242697826471","https://pbs.twimg.com/media/G5kCTKIa0AAWi-u.jpg","","in","","0","0","0","https://x.com/undefined/status/1988623242697826471","1936622139773509633",
"1988519107537346650","Wed Nov 12 15:01:26 +0000 2025","0","@tahilalats 2. Aku suka sejuknya hujan suka bau khas gunung setelah hujan suka tidur gak suka jajan suka sup. Bismillah punya rumah di hari tua di tempat sejuk begini. Amiinnn","1988623173764493639","","tahilalats","in","","0","0","0","https://x.com/undefined/status/1988623173764493639","817387784",
"1988623171289763854","Wed Nov 12 15:01:25 +0000 2025","103","OTSU GUYS!!! THANK YOU FOR COMING. WE LOVE YOU SO MUCH &lt;3 @SouRizu masih menunggu di ujung gunung itu #UNIVERSA https://t.co/tR6xIreSdV","1988623171289763854","https://pbs.twimg.com/media/G5kCDeubYAAvwF6.jpg","","in","","1","11","17","https://x.com/undefined/status/1988623171289763854","1222842795745894400",
"1988622800903397695","Wed Nov 12 14:59:57 +0000 2025","0","Another day where i feel so calm when i go outside. Rasanya tenang banget bisa liat gunung secantik ini. Rasanya semua masalah kekubur pas liat alam. Semoga gue kuat menghadapi 2025 sampe akhir. Semoga hal yg lagi gue usahakan berjalan dgn baik &amp; semoga ada kabar baik nanti https://t.co/wNdGUbhmcp","1988622800903397695","https://pbs.twimg.com/media/G5kB5ODbMAAJrzJ.jpg","","in","","0","0","0","https://x.com/undefined/status/1988622800903397695","112928171",
"1988622592014479670","Wed Nov 12 14:59:07 +0000 2025","0","Jadi mana map gunung roblox yg di janjikan Keizaki Keizaki itu? https://t.co/JqmkPXftNy","1988622592014479670","https://pbs.twimg.com/tweet_video_thumb/G5kBs93boAEqh6b.jpg","","in","","0","0","0","https://x.com/undefined/status/1988622592014479670","1561022372840255488",
"1988622369141735847","Wed Nov 12 14:58:14 +0000 2025","0","Cek Cozmeed Jaket Gunung Gorpcore Waterproof Pria Wanita Windbreaker Outdoor Estrella Emerald Green dengan harga Rp362.000. Dapatkan di Shopee sekarang! https://t.co/8jnTF5rKxt https://t.co/pXXXnO6UT7","1988622369141735847","https://pbs.twimg.com/media/G5kBgNeaAAAG25J.jpg","","in","","0","0","0","https://x.com/undefined/status/1988622369141735847","251598820",
"1988622318365446216","Wed Nov 12 14:58:02 +0000 2025","0","pantai tp lagi pengen coba naik gunung.","1988622318365446216","","","in","","0","0","0","https://x.com/undefined/status/1988622318365446216","1334715120216240128",
"1988622038114676991","Wed Nov 12 14:56:55 +0000 2025","11","masa iya kek gini jeblosin ritel sih mas pikirannya dimana itu Padepokan Gunung Kawi YPPA - Yang Percaya Percaya Aja https://t.co/Q6EYJ9LnJa","1988622038114676991","https://pbs.twimg.com/media/G5kBM3laQAAk5jI.jpg","","in","","0","0","1","https://x.com/undefined/status/1988622038114676991","958204930040373248",
"1988621055783579758","Wed Nov 12 14:53:01 +0000 2025","0","tadi diajak naik gunung iyain aja ga si aturan","1988621055783579758","","","in","","0","0","0","https://x.com/undefined/status/1988621055783579758","1296132113150775297",
"1988618260653236515","Wed Nov 12 14:52:52 +0000 2025","0","paling takut naik gunung kalo camping masih oke lah ya","1988621018919821704","","meotjiji","in","","0","0","0","https://x.com/undefined/status/1988621018919821704","1929388343982481408",
"1988620486461276644","Wed Nov 12 14:50:45 +0000 2025","14","Kapolres Aceh Jaya beserta Kasat Lantas tinjau lokasi longsor Gunung Geurute guna memastikan keamanan dan kelancaran Lalulintas. @kapolda_aceh @DivHumas_Polri @polripresisi @indonesia_police_ @polisi_peduli #bidhumaspoldaaceh #multimediahumaspoldaaceh #poldaaceh #polripresisi https://t.co/yNzIJe4GUK","1988620486461276644","https://pbs.twimg.com/amplify_video_thumb/1988620407562493953/img/pKa22FMXiaFJKHSd.jpg","","in","","0","0","0","https://x.com/undefined/status/1988620486461276644","1254966776410124289",
"1988620469856067950","Wed Nov 12 14:50:41 +0000 2025","0","buset main ke gunung mistis banyak jumpscare anjim. apalagi ada yg beli jumpscare bangkeeeee. ga keitung udh berapa kali teriak","1988620469856067950","","","in","","0","2","0","https://x.com/undefined/status/1988620469856067950","1771570293636804608",
"1988620436070903813","Wed Nov 12 14:50:33 +0000 2025","0","ini gunung roblox napa pada diisi suara menjijikan oleh developernya sih kayak kalo abis loncat dibilangin semangat sayang kalo cp dibilang nice sayang dll mana pake suara lemes kek birahi najis banget jijik","1988620436070903813","","","in","","0","0","0","https://x.com/undefined/status/1988620436070903813","1347205187367178244",
"1988474246725857610","Wed Nov 12 14:50:21 +0000 2025","0","@Giiselje Air gunung kek apa ya? dr danau di gunung sungai di gunung apa gak dari mata air yg airnya dr dalam tanah atau air hujan?","1988620386024501646","","Giiselje","in","","0","0","0","https://x.com/undefined/status/1988620386024501646","2671890235",
"1988585797004779553","Wed Nov 12 14:49:55 +0000 2025","0","@junggene_ pantai or gunung","1988620277425619026","","junggene_","in","","0","1","0","https://x.com/undefined/status/1988620277425619026","1410684862378348546",
"1988609884284494203","Wed Nov 12 14:49:53 +0000 2025","0","@qoulansadida12 Emang semuanya salah wyx dahhh.. Tapi udah males bahas tuh orang. Kataku juga Fugui klo mau berkelana liat gunung sungai dan keindahan alam tuh harusnya ikutnya sama Li Lianhua. Yakin dah satu mainland bakalan kaki jelajahi klo smaa tuh orang ","1988620266864259132","","qoulansadida12","in","","0","1","0","https://x.com/undefined/status/1988620266864259132","1566449190422454272",
"1984733496791974349","Wed Nov 12 14:49:44 +0000 2025","0","@tianxvuning @changminol Gunung mana yang kamu dakit kok gak ngajak Papa?","1988620230667464919","","tianxvuning","in","","0","1","0","https://x.com/undefined/status/1988620230667464919","1953878958644375553",
"1988616548668330018","Wed Nov 12 14:46:44 +0000 2025","0","@tanyakanrl Latihan fisik. Please jangan malas untuk jogging minimal 2 minggu-1 bulan sebelumnya baik itu pemula atau udah terbiasa sekalipun. Riset dan pelajari medan. Kebugaran tubuh saat naik gunung tuh penting. Biar apa? Biar selamat dan sehat sampai rumah guys.","1988619474694529362","","tanyakanrl","in","","0","0","0","https://x.com/undefined/status/1988619474694529362","410086423",
"1988563468304179439","Wed Nov 12 14:45:18 +0000 2025","0","@KOENHNO malam obba hari ini so far so good (bukan sosis) ratingnya di 8/10 deh kok naik gunung malem malem obba. gunung mana sih emangnya itu obba? oke lah ganteng lumayan obba","1988619113351045172","","KOENHNO","in","","0","0","0","https://x.com/undefined/status/1988619113351045172","1075406701132603394",
"1988519107537346650","Wed Nov 12 14:43:57 +0000 2025","0","@tahilalats Sudah tentu gunung dong masak aja masak gausah jajan indomie lagi ujan beuhhh mantepppp","1988618775478915385","","tahilalats","in","","0","0","0","https://x.com/undefined/status/1988618775478915385","1299308718308302852",
"1988618748882813189","Wed Nov 12 14:43:51 +0000 2025","0"," sepertinya harus naik gunung lagi deh ","1988618748882813189","","","in","","0","0","0","https://x.com/undefined/status/1988618748882813189","1084274464957689857",
"1988618453393998025","Wed Nov 12 14:42:40 +0000 2025","0","Gunung apalagi yang seru yhh","1988618453393998025","","","in","","0","0","0","https://x.com/undefined/status/1988618453393998025","2757239349",
"1988617894905663747","Wed Nov 12 14:40:27 +0000 2025","0","Padahal line dreamiez dari mei yak Aku kok ga tau samsek ya dulu. Kayaknya karena lagi seneng senengnya naik gunung jadi kpop terlupakan well ","1988617894905663747","","","in","","0","0","0","https://x.com/undefined/status/1988617894905663747","1605019913416216576",
"1988617874592653488","Wed Nov 12 14:40:22 +0000 2025","0","semua orang mancing jing ga ada lagi temen gwe summit map gunung","1988617874592653488","","","in","","0","0","0","https://x.com/undefined/status/1988617874592653488","1207148055255928834",
"1988617632669630765","Wed Nov 12 14:39:25 +0000 2025","0","Gunung. Pantai ga ada yang bisa di liat._.","1988617632669630765","","","in","","0","0","0","https://x.com/undefined/status/1988617632669630765","1930868891800190976",
"1988422791797125608","Wed Nov 12 14:36:23 +0000 2025","0","@juulel_mormont Sebenarnya ngga cuma mau naik gunung tapi manjat tebing dan arung jeram juga hhe hhe gpph capek tapi happy maksimalll","1988616869595509077","","juulel_mormont","in","","0","1","0","https://x.com/undefined/status/1988616869595509077","1698555144",
"1988616664653398018","Wed Nov 12 14:35:34 +0000 2025","2","ibaratnya lg naik gunung ditengah2 dibilangin diatas kabut. nah itulah smgt bljrku skrg","1988616664653398018","","","in","","0","1","0","https://x.com/undefined/status/1988616664653398018","1048927751124611074",
"1988616548668330018","Wed Nov 12 14:35:06 +0000 2025","67"," apa yg perlu disiapkan sebelum naik gunung untuk pertama kalinya?","1988616548668330018","","","in","","9","65","4","https://x.com/undefined/status/1988616548668330018","1331650559518990336",
"1988614505082110137","Wed Nov 12 14:34:41 +0000 2025","0","@juliok_19999 wkwkw oke ayoo gass coba minggu ini jadwal ke gunung mana lagi?","1988616443462607078","","juliok_19999","in","","0","1","0","https://x.com/undefined/status/1988616443462607078","1801880178089725956",
"1988615678379860347","Wed Nov 12 14:31:39 +0000 2025","0","sp mau mabar 1 gunung sama ak sebelum turu","1988615678379860347","","","in","","0","1","0","https://x.com/undefined/status/1988615678379860347","1228942440234512385",
"1988433670932492648","Wed Nov 12 14:29:57 +0000 2025","0","@anarazs yukss melanjutkan gunung gemii","1988615251227816257","","anarazs","in","","0","1","0","https://x.com/undefined/status/1988615251227816257","1559520111463395328",
"1988615083065594054","Wed Nov 12 14:29:17 +0000 2025","0","pgn bengong di gunung","1988615083065594054","","","in","","0","0","0","https://x.com/undefined/status/1988615083065594054","3356520251",
"1988614893214556558","Wed Nov 12 14:28:31 +0000 2025","0","wishlist tahun depan : 1. Merbabu 2. Ranu kumbolo dan gunung gunung lainnya","1988614893214556558","","","in","","0","0","0","https://x.com/undefined/status/1988614893214556558","1458387473273212930",
"1988614304330076165","Wed Nov 12 14:26:11 +0000 2025","0","tahun depan 2 event lari 3 gunung 2 trip luar negeri?","1988614304330076165","","","in","","0","1","0","https://x.com/undefined/status/1988614304330076165","439805559",
"1988252391733383366","Wed Nov 12 14:26:08 +0000 2025","0","@purplechoco12 @cupcupkie mending mancing la drpada mendaki gunung fomo yg banyak tangga anehnya ","1988614291294191657","","purplechoco12","in","","0","1","0","https://x.com/undefined/status/1988614291294191657","1493459698678661121",
"1988610973876560151","Wed Nov 12 14:25:59 +0000 2025","0","@_centt08 wkwk mendink naik gunung inimah","1988614252685590980","","_centt08","in","","0","1","0","https://x.com/undefined/status/1988614252685590980","1794271235284815873",
"1988597272414953937","Wed Nov 12 14:25:04 +0000 2025","0","@Dyasvi_anti Gunung puntang luweh adem dhe","1988614024825823587","","Dyasvi_anti","in","","0","1","0","https://x.com/undefined/status/1988614024825823587","1220353835337539585",
"1988599583350595841","Wed Nov 12 14:25:03 +0000 2025","1","@dwsptqum Coba di makan setelah sampe di puncak gunung bakalan enak lagi pasti ","1988614018865750077","","dwsptqum","in","","0","0","0","https://x.com/undefined/status/1988614018865750077","2353591044",
"1988613599217295486","Wed Nov 12 14:23:23 +0000 2025","2","kalau ada 9 nyawa mau adek pamerin ke dalam palung mariana gunung himalaya seluruh bumi dalam inti bumi lempengan tektonik galaksi bimasakti andromeda sampai ke pluto matahari bulan bintang dan black hole betapa cakep dan baiknya pacar adek ini &gt;_&lt; I love you so much mamas https://t.co/LFmxgMsoPV","1988613599217295486","https://pbs.twimg.com/media/G5j5h0TaQAAvBf5.jpg","","in","","0","1","1","https://x.com/undefined/status/1988613599217295486","1936709057433497600",
"1988519107537346650","Wed Nov 12 14:21:25 +0000 2025","0","@tahilalats Ga milih wkwkwk Soalnya meski ga tepat depan pantai tapi 100 langkah dah dapet kayaknya. Kalo udah biasa di kota yang macet kemana2 ga jauh kerasa. Ke kabupaten sebelah setengah jam juga nyampe Ke gunung 200 langkah juga dapet hahaha Meski kecil tapi emang kota ","1988613105082130508","","tahilalats","in","","0","0","0","https://x.com/undefined/status/1988613105082130508","1582755029584183298",
"1986993225509576948","Wed Nov 12 14:19:54 +0000 2025","0","@ntsakanc Jadwalkan kita mendaki gunung","1988612723652120884","","ntsakanc","in","","0","1","0","https://x.com/undefined/status/1988612723652120884","1901682226213060608",
"1988602439579377871","Wed Nov 12 14:17:59 +0000 2025","0","@blubbryssskyy mau liyat gunung","1988612241739088079","","blubbryssskyy","in","","0","1","0","https://x.com/undefined/status/1988612241739088079","244739381",
"1988605255186301103","Wed Nov 12 14:16:41 +0000 2025","0","@gratianew Disana gunung disini gunung di tengah-tengah ada sembilan nyawa","1988611915195822258","","gratianew","in","","0","1","0","https://x.com/undefined/status/1988611915195822258","1642416337409699847",
"1988586574473540027","Wed Nov 12 14:16:41 +0000 2025","0","@interpoisonate aduh dd udah nub main gunung","1988611913438392776","","interpoisonate","in","","0","0","0","https://x.com/undefined/status/1988611913438392776","4017745593",
"1985687626410836155","Wed Nov 12 14:16:24 +0000 2025","0","@mokua HEY kalau bumi muntah bukan semangatmu aja yang dikeluarin gw juga dimuntahin sama bumi..? Takut tiba-tiba jadi warga galaksi. Makasih lho nilainya kalau gak rajin belajar nanti dibuang mamah ke gunung. Mau followan juga dong Moka. Nanti dapet pahala..","1988611842718196043","","mokua","in","","0","0","0","https://x.com/undefined/status/1988611842718196043","2423078869",
"1987120459322978485","Wed Nov 12 14:15:23 +0000 2025","0","@gaeulykim Mau naik level mana nih? Gunung atau perbukitan dulu?","1988611588514066712","","gaeulykim","in","","0","1","0","https://x.com/undefined/status/1988611588514066712","567890233",
"1988611504980341006","Wed Nov 12 14:15:04 +0000 2025","0","LU MAU GUE NGAPAIN WOY HAN MARU? gue hancurin jalan anyer panarukan sekarang juga bisa! gw daki gunung everest sekarang juga bisa! gw menyelam kedalaman laut beribu meter juga bisa! lu mau gw volunteer jadi makanan ikan piranha juga GUE SANGGUP! apa rasa cinta GUE kurang MUTLAK?","1988611504980341006","","","in","","0","0","0","https://x.com/undefined/status/1988611504980341006","1918121903954522112",
"1987423817145417967","Wed Nov 12 14:14:53 +0000 2025","0","@daedlysin Bukan kawah putih tapi gunung putih maksudnya kan? c; https://t.co/R0gFPX3Rbz","1988611462227739041","https://pbs.twimg.com/media/G5j3lWCbcAAzL1p.jpg","daedlysin","in","","0","1","0","https://x.com/undefined/status/1988611462227739041","765874863013789696",
"1987135976653922490","Wed Nov 12 14:14:41 +0000 2025","0","Tapi cuman bisa gambar rumah sawah sm gunung (andalan w pas sd)","1988611411304755599","","yoitsubag","in","","0","1","0","https://x.com/undefined/status/1988611411304755599","1460165882986975233",
"1988610204641230944","Wed Nov 12 14:09:54 +0000 2025","1","org org tu kaya seruu bgtt hidup nya penuh healing sama hobi² nya larii sepedaan gym daki gunung pergi liat air mancur menjelajahi alam solo trip ihhh pada seruu dan happyy bgttt kayanyaa aku jugaa mauuuu!!!!!!!","1988610204641230944","","","in","","0","0","0","https://x.com/undefined/status/1988610204641230944","2273959470",
"1988605255186301103","Wed Nov 12 14:08:11 +0000 2025","0","@Renallllllllll di sana gunung di sini gunung di tengah-tengah sy bingung","1988609775341572488","","Renallllllllll","in","","0","1","0","https://x.com/undefined/status/1988609775341572488","362797935",
"1988608427661328425","Wed Nov 12 14:02:50 +0000 2025","0","Gunung.","1988608427661328425","","","in","","0","0","0","https://x.com/undefined/status/1988608427661328425","2823376536",
"1987865159017414702","Wed Nov 12 14:01:59 +0000 2025","0","@5ecretcodes_ @Terserah_gua_ @kangkunglic_ @chipzkate @ssaayyangku @dairlyss @Embun_009 @zelnutyareu @pipinyaJinny Kirain lagi bertapa di gunung","1988608215341568167","","5ecretcodes_","in","","0","0","0","https://x.com/undefined/status/1988608215341568167","1663924239009828866",
"1988249711376265393","Wed Nov 12 14:01:41 +0000 2025","0","@pantai_gunung plis itu scarlet yg merah enak banget bau nyaa","1988608140133400956","","pantai_gunung","in","","0","0","0","https://x.com/undefined/status/1988608140133400956","1579663184570392576",
"1988586574473540027","Wed Nov 12 13:59:35 +0000 2025","0","@poortage Tugas nyuri banyak waktu abang dan dd buat mabar naik gunung.","1988607610778776012","","poortage","in","","0","1","0","https://x.com/undefined/status/1988607610778776012","1540679585263546371",
"1988607339663102036","Wed Nov 12 13:58:30 +0000 2025","4","Weekend gunung kidul p info teman main (clean only)","1988607339663102036","","","in","","0","4","0","https://x.com/undefined/status/1988607339663102036","1831496736675913728",
"1988607246201504002","Wed Nov 12 13:58:08 +0000 2025","0","stress nya gue itu ngaruh ke badan daridulu ya gitu yang mual lah yang vertigo lah. kalo skrg ngaruh ke tensi naik2 ke puncak gunung tensi w kalo stress","1988607246201504002","","","in","","0","1","0","https://x.com/undefined/status/1988607246201504002","477636065",
"1988607244683096466","Wed Nov 12 13:58:08 +0000 2025","0","ada yang tau jasa perlengkapan naik gunung di daerah setiabudi dan sekitarnya","1988607244683096466","","","in","","0","0","0","https://x.com/undefined/status/1988607244683096466","1752218908642398208",
"1988128076014972939","Wed Nov 12 13:57:53 +0000 2025","0","@ifnterest deymmm gue mau latihan biar jadi atlet gunung","1988607184511582606","","ifnterest","in","","0","1","0","https://x.com/undefined/status/1988607184511582606","1824468846398550016",
"1988537641373929589","Wed Nov 12 13:55:44 +0000 2025","2","@zakiberkata Kabupaten Kudus bagian gunung Muria dari jam 5 sore sampai saat ini blm reda sm sekali om","1988606641584107772","","zakiberkata","in","","0","0","0","https://x.com/undefined/status/1988606641584107772","517248755",
"1988606438684655991","Wed Nov 12 13:54:56 +0000 2025","0","Trus jungkook mesti bikin rumah dimana cuk?!?! Mau diatas gunung juga kalo sasaeng otak geser mah tetep aja ngejar kek anjing rabies. Lagian polisi sono sinting kali lepasin ni pasien RSJ gitu aja","1988606438684655991","","","in","","0","0","0","https://x.com/undefined/status/1988606438684655991","1112883788911075328",
"1988517178077778253","Wed Nov 12 13:52:23 +0000 2025","0","@baxzill3 @somexthread Ini momen2 puncak seperti 11.11 12.12 dst.. gw sj tiap pagi lewat gudang kurir J&amp;T lebih kali 1000 paket.. menumpuk kayak gunung di sortir begitu di luar gudang","1988605797300105257","","baxzill3","in","","0","0","0","https://x.com/undefined/status/1988605797300105257","795795692593610752",
"1988605741134217568","Wed Nov 12 13:52:09 +0000 2025","0","Both! Tapi aku lebih nyaman di gunung","1988605741134217568","","","in","","0","0","0","https://x.com/undefined/status/1988605741134217568","1973824328535060481",
"1988605207350321473","Wed Nov 12 13:50:02 +0000 2025","0","Tektokan ke gunung apa ya","1988605207350321473","","","in","","0","0","0","https://x.com/undefined/status/1988605207350321473","1066094522877132801",
"1988601098123501806","Wed Nov 12 13:49:59 +0000 2025","0","@FarizkiRiku Gunung Indonesia berbeda sama gunung jepang yg infrastrukturnya top. Gunung Indonesia kek rawnya gitu masih alam banget kalo ada tangga dan papan penunjuk paling dari pendaki lain atau warga sekitar situ ","1988605194616307832","","FarizkiRiku","in","","0","2","0","https://x.com/undefined/status/1988605194616307832","1480198340595777541",
"1986444327732826372","Wed Nov 12 13:48:21 +0000 2025","0","HEH INI BERARTI UYEON GAK NAIK GUNUNG DONG???? AAAA","1988604783532584960","","molla_1908","in","","0","1","0","https://x.com/undefined/status/1988604783532584960","1318549724228628488",
"1988604672660349041","Wed Nov 12 13:47:55 +0000 2025","0","Sebelum tidur bayanganku antar planet laut gunung tanah laborat penyakit gudang pembuat bom roket giliran tertidur lakok satu wot satu kiri satu kanan 2 menunggu giliran","1988604672660349041","","","in","","0","0","0","https://x.com/undefined/status/1988604672660349041","1720626823602561026",
"1988496466734968974","Wed Nov 12 13:45:17 +0000 2025","0","@dialogsenja__ Naik gunung ngopi tiap hari drakoran ke pantai keluar kota terus kerja + ambil 3 freelance + jualan wkwkwkwk setress kali ah kemarin","1988604012405645511","","dialogsenja__","in","","0","0","0","https://x.com/undefined/status/1988604012405645511","325937229",
"1988542350965002707","Wed Nov 12 13:45:17 +0000 2025","0","@navaaie aku juga masih posthink ini mungkin previewnya kelihatan dah jadian tapi mana tau ntar pembukanya Wooyeon daki gunung","1988604012078526924","","navaaie","in","","0","0","0","https://x.com/undefined/status/1988604012078526924","1756568361872547840",
"1988603603469394379","Wed Nov 12 13:43:40 +0000 2025","1","AMBILL COKLAT SE BANYAK BANYAKNYA DI BORMA GUNUNG BATU YG WAKTU ITU ADA ONIEL DAN MARSHA TIMOUR TANGO CIMINDI APA BDH SIH? AH TEUING","1988603603469394379","","","in","","0","0","0","https://x.com/undefined/status/1988603603469394379","1207638844633300993",
"1988603145040334902","Wed Nov 12 13:41:50 +0000 2025","0","Mana ada Ya lu ngapain pinjem duit kl punya kocak lu. Ga usah maen2 sama duit lah. Lebih percaya soal kl pengen tau sifat asli ajak tuh main ke gunung bareng2 liat deh kl ada yg sakit bakal diurus ga kl ada yg jd beban nah tuh keliatan tuh kita diuji kesabarannya ","1988603145040334902","","","in","","0","0","1","https://x.com/undefined/status/1988603145040334902","1285218953204101120",
"1988576669658239177","Wed Nov 12 13:38:07 +0000 2025","0","@flashlightsnake iya nah aku tu main roblox cuma naik gunung doang jadi agaknya ga cocok klo outfitnya gitu wkwkw","1988602209865732151","","flashlightsnake","in","","0","0","0","https://x.com/undefined/status/1988602209865732151","2432691225",
"1988556516199191003","Wed Nov 12 13:36:51 +0000 2025","0","@cottomns INI TOP 2 BEST READ GUA TAHUN INI SETELAH TOKO NAMIYA peak romance peak plot twist peak kosakata peak pembahasaan literally puncak gunung rinjani alias PEAK","1988601888640848094","","cottomns","in","","0","0","0","https://x.com/undefined/status/1988601888640848094","1755596788206387200",
"1988601460511441027","Wed Nov 12 13:35:09 +0000 2025","0","Tawarin jaket buat ke gunung dong guys yg murce","1988601460511441027","","","in","","0","6","0","https://x.com/undefined/status/1988601460511441027","1664802744212000768",
"1988601161189126296","Wed Nov 12 13:33:57 +0000 2025","59","Awan Panas Guguran Teramati di Gunung Merapi 12 November 2025 YOGYAKARTA Balai Penyelidikan dan Pengembangan Teknologi Kebencanaan Geologi (BPPTKG) melaporkan terjadinya awan panas guguran di Gunung Merapi pada Rabu 12 November 2025 pukul 19.33 WIB. Peristiwa tersebut https://t.co/ZV7tbviTJ0","1988601161189126296","https://pbs.twimg.com/media/G5juNr1b0AAYeCM.jpg","","in","","3","2","11","https://x.com/undefined/status/1988601161189126296","1279804428724211712",
"1987154762719281330","Wed Nov 12 13:33:15 +0000 2025","0","@Linwghe Gege ada loh itu??? Di belakang gunung? ","1988600985158393896","","Linwghe","in","","0","0","0","https://x.com/undefined/status/1988600985158393896","936645026",
"1988449071942824281","Wed Nov 12 13:33:10 +0000 2025","0","@tobe4everyoung_ Obby escape tower (buat latihann nanti main gunung) trs ada jg tebak dance kpop (ini aku bsa smpe berjam jam mainnya) banyakkk poll kalo mau horor main horor kampoeng kaa","1988600962303602816","","tobe4everyoung_","in","","0","0","0","https://x.com/undefined/status/1988600962303602816","1869028756465373186",
"1988128076014972939","Wed Nov 12 13:32:35 +0000 2025","0","@ifnterest udahh tapi gue kalo naik gunung seringnya dicarry","1988600813846208739","","ifnterest","in","","0","1","0","https://x.com/undefined/status/1988600813846208739","1824468846398550016",
"1988592315620118815","Wed Nov 12 12:58:48 +0000 2025","1","Muncak 7 gunung 7 sunrise ..","1988592315620118815","","","in","","0","0","0","https://x.com/undefined/status/1988592315620118815","1359772617033482245",
"1988591911956046229","Wed Nov 12 12:57:12 +0000 2025","0","O3. lanjut part 3 tunjukan bakatmu. sampai jam 20.03. disini gunung disana gunung di tengah-tengahnya ada pulau jawa ... ...","1988591911956046229","","","in","","1","20","0","https://x.com/undefined/status/1988591911956046229","1344854092661755904",
"1988591470094467259","Wed Nov 12 12:55:27 +0000 2025","0","Main steam link dengan kondisi laptop dan internet lemot serasa lagi manjat gunung","1988591470094467259","","","in","","0","0","0","https://x.com/undefined/status/1988591470094467259","2893893018",
"1988570510666469676","Wed Nov 12 12:54:25 +0000 2025","0","@yappingfess gunung kembar itu punya banyak jenis bentuk sayang. mungkin kamu type yg kebawah kek pepaya. it's ok. itu normal kok. coba pake sport bra? biar naik gitu dan nyaman ","1988591212451045748","","yappingfess","in","","0","0","0","https://x.com/undefined/status/1988591212451045748","1872042949330280448",
"1988591123099766831","Wed Nov 12 12:54:04 +0000 2025","8","Kucing Kameramen Mendaki Gunung Nich [417] 12 November 2025 20:00 WIB https://t.co/9kSBvrRDDv","1988591123099766831","https://pbs.twimg.com/media/G5jkjALaMAAqev6.jpg","","in","","0","2","0","https://x.com/undefined/status/1988591123099766831","1469900575613485059",
"1988591008125526165","Wed Nov 12 12:53:37 +0000 2025","0","walang goreng gunung kidul emang enak banget anjay","1988591008125526165","","","in","","0","0","0","https://x.com/undefined/status/1988591008125526165","411088482",
"1988590983102304649","Wed Nov 12 12:53:31 +0000 2025","0","Lapas Narkotika Gunung Sindur Ikuti FGD Strategi Branding Pemasyarakatan Wujudkan Citra Positif Layanan Pemasyarakatan @kemenimipas @ditjenpas @pemasyarakatanjabar @agusandrianto.id @gun2gunawan29 #kemenimipas #infoimipas #KanwilDitjenpasJabar #LapasNarkotikaGunungSindur https://t.co/i6xab5XVTM","1988590983102304649","https://pbs.twimg.com/media/G5jktYlaYAAbCLV.jpg","","in","","0","0","0","https://x.com/undefined/status/1988590983102304649","4825173187",
"1988539182273253854","Wed Nov 12 12:53:17 +0000 2025","4","@kijeongholic Berarti pas confess naik gunung ke sekolah dganti ini ya? https://t.co/aadFlmfQ95","1988590926311375102","https://pbs.twimg.com/media/G5jkIN_bAAA3DvT.jpg","kijeongholic","in","","0","0","0","https://x.com/undefined/status/1988590926311375102","379000927",
"1988590866739740949","Wed Nov 12 12:53:03 +0000 2025","1","lomba makan cepat #pendaki #mendaki #hiking #gunung #bali https://t.co/Ab4K1uO2hH","1988590866739740949","https://pbs.twimg.com/ext_tw_video_thumb/1988590816831717377/pu/img/tJcZ8OaxiA89ziC6.jpg","","in","","0","0","0","https://x.com/undefined/status/1988590866739740949","144101866",
"1988590826646327369","Wed Nov 12 12:52:53 +0000 2025","0","Berarti ga ada adegan baeblu naik ke puncak gunung buat confess ke si tukang berak ini yaapadahal gue tungguin jir.. tapi gapapa lah slamat berbahagia kalian berdua. Tinggal nunggu bapaknya nampup ntar secakep apa ye dia","1988590826646327369","","","in","","0","1","0","https://x.com/undefined/status/1988590826646327369","1469605500438257667",
"1988545065023611219","Wed Nov 12 12:52:19 +0000 2025","0","@tanyarlfes Bawa ke gunung aje sono","1988590682492264672","","tanyarlfes","in","","0","0","0","https://x.com/undefined/status/1988590682492264672","1686936224605634560",
"1988590617111511058","Wed Nov 12 12:52:04 +0000 2025","0","1815 dah ada Indonesiakah? Dan namanya beneran Sumbawa? Bener Gunung Tambora?","1988590617111511058","","","in","","0","0","0","https://x.com/undefined/status/1988590617111511058","103574420",
"1988588154803417403","Wed Nov 12 12:51:55 +0000 2025","0","@_dxapril ini ya uni https://t.co/NL0QWW6StO","1988590580860064016","","_dxapril","in","","0","1","0","https://x.com/undefined/status/1988590580860064016","865225436879388672",
"1988103011579949077","Wed Nov 12 12:51:49 +0000 2025","1","@ursunnymorn Nah itu kak aku maunya di gunung","1988590557262991660","","ursunnymorn","in","","0","3","0","https://x.com/undefined/status/1988590557262991660","1248252075315564544",
"1988546369699676536","Wed Nov 12 12:49:17 +0000 2025","0","@gaenyangiez pasti nganan mulu soalnya kalo ngiri jadi gunung kidal","1988589919024054596","","gaenyangiez","in","","0","1","0","https://x.com/undefined/status/1988589919024054596","896825775005073408",
"1988589619110388134","Wed Nov 12 12:48:06 +0000 2025","0","Pingin bilang selamat hari ayah tapi gengsi gue setinggi gunung kerinci","1988589619110388134","","","in","","0","1","0","https://x.com/undefined/status/1988589619110388134","1448802525344272398",
"1988436123878912202","Wed Nov 12 12:47:04 +0000 2025","0","@sigmakun28 kaya lagi naik gunung","1988589362548989974","","sigmakun28","in","","0","0","0","https://x.com/undefined/status/1988589362548989974","1212971592298319873",
"1988588374408774120","Wed Nov 12 12:44:28 +0000 2025","0","@yayacores Nama: YA! (dari display name) Jenis Kelamin: Perempuan Usia: Tidak disebutkan mungkin 18-25 (berdasarkan konteks permainan dan interaksi) Pencapaian: Tangkap ikan langka di Roblox capai puncak gunung virtual kumpul UGC Hobi: Main Roblox (mancing muncak custom avatar) ","1988588704781463580","","yayacores","in","","0","0","0","https://x.com/undefined/status/1988588704781463580","1720665183188922368",
"1988519107537346650","Wed Nov 12 12:43:52 +0000 2025","0","@tahilalats di gunung https://t.co/ElJ8bSR0So","1988588556894470145","https://pbs.twimg.com/media/G5jiwNXawAASIPT.jpg","tahilalats","in","","0","0","0","https://x.com/undefined/status/1988588556894470145","860871516",
"1988548123736547487","Wed Nov 12 12:43:48 +0000 2025","1","@callme_acy @preyasilea kalau maksud dirusakin tu lbh ke husqvarna itu kan motor buat trail yaa yg dibawa daki gunung atau ditmpt² extream gtu jd mgkin krn tempat berbahaya gtu jd motor tu fungsinya emg buat di rusakin trs nnti di rawat lg dipke lg terus rusak lg gtu lah fungsi husq tu sbnrnya","1988588538745741455","","callme_acy","in","","0","2","0","https://x.com/undefined/status/1988588538745741455","1926497760888365056",
"1988519107537346650","Wed Nov 12 11:55:31 +0000 2025","0","@tahilalats utk di Indo jelas pilih gunung. statistically manusia lebih menyukai tinggal di tempat dingin daripada di tempat panas (pantai &amp; perkotaan) ","1988576388740522050","","tahilalats","in","","0","0","0","https://x.com/undefined/status/1988576388740522050","81998798",
"1988575921889239506","Wed Nov 12 11:53:40 +0000 2025","0","Gunung.","1988575921889239506","","","in","","0","0","0","https://x.com/undefined/status/1988575921889239506","1831652013702250496",
"1988560891449581795","Wed Nov 12 11:53:06 +0000 2025","0","@zfath_ Engga donk kak kan windproof Aq aja motoran pake jaket gunung","1988575778339160369","","zfath_","in","","0","1","0","https://x.com/undefined/status/1988575778339160369","1374493981245992965",
"1988563468304179439","Wed Nov 12 11:52:39 +0000 2025","0","@KOENHNO yang mana cik target pasarnya itu? btw oppa kok lemes gitu mau naik gunung?","1988575666397413530","","KOENHNO","in","","0","0","0","https://x.com/undefined/status/1988575666397413530","1389244790",
"1988573852381872212","Wed Nov 12 11:51:55 +0000 2025","0","@gegadann @MADEMOSYIEL ( kalau sumber air gunung pilihan yang mana kak satta? )","1988575482535895299","","gegadann","in","","0","0","0","https://x.com/undefined/status/1988575482535895299","1318789409894924288",
"1988575210812150124","Wed Nov 12 11:50:50 +0000 2025","0","Shopee: https://t.co/S74nfGpVnv Tiktok: https://t.co/hAhHnEhLoK Tokopedia: https://t.co/xBFeq1NNam Lazada: https://t.co/mv3CCU574f Sepatu gunung hiking adventure lavio Shinji Original made in Indonesia. PTUN KAMU CINTA AKU khilaf albi persahabatan untuk kebaikan https://t.co/dXSBqMXPTx","1988575210812150124","https://pbs.twimg.com/media/G5jWhaibcAAtPIe.jpg","","in","","0","0","0","https://x.com/undefined/status/1988575210812150124","806322680798408704",
"1988559090390372585","Wed Nov 12 11:50:46 +0000 2025","0","@eunxeo Mimpi apa aku semalem eunxeo turun gunung ","1988575191405138073","","eunxeo","in","","0","1","0","https://x.com/undefined/status/1988575191405138073","3169461725",
"1988084903456764141","Wed Nov 12 11:49:19 +0000 2025","0","@sunatlaserbeam Gw kalo naik gunung makan mi goreng pake sari roti yang gandum atau indomi kari dimakan sama sari roti gandum.","1988574826932645940","","sunatlaserbeam","in","","0","0","0","https://x.com/undefined/status/1988574826932645940","1518758626986405888",
"1988574183308378443","Wed Nov 12 11:46:45 +0000 2025","0","@mahakuasasy kak aku turun gunung tgl 22 makan bebek yuks. Stok singkong balado tinggal 2 mau? https://t.co/hq0qGBu1wA","1988574183308378443","https://pbs.twimg.com/media/G5jVrMsagAEzIJE.jpg","mahakuasasy","in","","1","1","0","https://x.com/undefined/status/1988574183308378443","1265921770789322753",
"1988573886162894927","Wed Nov 12 11:45:35 +0000 2025","0","Kalo yg udah lahir dan tumbuh besar di kota 90% gak bisa tinggal di desa baik di pantai atau gunung.","1988573886162894927","","","in","","0","0","0","https://x.com/undefined/status/1988573886162894927","2955950714",
"1988573543265915192","Wed Nov 12 11:44:13 +0000 2025","0","kak aku punya harapan masih sebesar gunung uhud gapapa egk https://t.co/A8lmjFEawa","1988573543265915192","https://pbs.twimg.com/amplify_video_thumb/1988421179900846080/img/PH8hwC8i3bg4VFmE.jpg","","in","","0","1","0","https://x.com/undefined/status/1988573543265915192","1646519262029451266",
"1988573542263493041","Wed Nov 12 11:44:13 +0000 2025","0","Setelah 1 bulan ga naek gunung karena sibuk keluar negeri akhirnyaa bisa jadwalin muncak lagi sebelum bu boss balik Indo. Soalnya pasti ini sampe akhir tahun sibuk poll","1988573542263493041","","","in","","0","0","0","https://x.com/undefined/status/1988573542263493041","1577315368049467393",
"1988274536920531077","Wed Nov 12 11:44:09 +0000 2025","0","@monstreza BCA nya is DANA GAIB hasil bertirakat di gunung kembar","1988573529428869377","","monstreza","in","","0","0","0","https://x.com/undefined/status/1988573529428869377","1895427433404473344",
"1988557106962907348","Wed Nov 12 11:43:47 +0000 2025","0","@avxkedv Iiiiii gk bilanggg Mass ada diskok sepatu gunung wkwkwkwk","1988573435719774288","","avxkedv","in","","0","1","0","https://x.com/undefined/status/1988573435719774288","1693628407806857216",
"1988573429608686061","Wed Nov 12 11:43:46 +0000 2025","0","tapi sedih uyeon ga naik gunung buat menyatakan cinta pada kijeong dan didenger sama temen2 sekolahnya kijeong awokawok tp gapapa drama umkm ini kita wajarkan saja","1988573429608686061","","","in","","0","0","0","https://x.com/undefined/status/1988573429608686061","891923385634115584",
"1988572882386207056","Wed Nov 12 11:41:35 +0000 2025","0","Iya oi kukira ada scene wooyeon nembak kijeong di gunung","1988572882386207056","","","in","","0","0","0","https://x.com/undefined/status/1988572882386207056","1091583301540696064",
"1988519107537346650","Wed Nov 12 11:41:14 +0000 2025","0","@tahilalats 2. Kondisi rumah sekarang sih gak gunung bgt tp enak buat istirahat abis magrib sung hening","1988572793332707360","","tahilalats","in","","0","0","0","https://x.com/undefined/status/1988572793332707360","127445106",
"1988572720343523675","Wed Nov 12 11:40:57 +0000 2025","0","harus bisa bawa kereta ke daerah gunung sih aku. tapi harus ada kawan yg mau dibonceng dulu buat ngajarin","1988572720343523675","","","in","","0","1","0","https://x.com/undefined/status/1988572720343523675","1118555591167709184",
"1988422732975915140","Wed Nov 12 11:39:41 +0000 2025","6","@roblox_fess Betul ka aku lbh milih naik gunung main vd atau klo mau mancing aku milih ke indo hangout soalnya suka ketemu anomali WKWKWKWKWK https://t.co/lxyphJPZPj","1988572403052810301","https://pbs.twimg.com/media/G5jUD6aaYAAeR-_.jpg","roblox_fess","in","","1","3","0","https://x.com/undefined/status/1988572403052810301","1359324610412437506",
"1988563468304179439","Wed Nov 12 11:39:21 +0000 2025","0","@KOENHNO Mau naik gunung di roblox ya dik? My day was 9/10!","1988572317975457974","","KOENHNO","in","","0","1","0","https://x.com/undefined/status/1988572317975457974","887341989645041664",
"1988226852532662526","Wed Nov 12 11:39:14 +0000 2025","0","@kayqden No no ya jangan sampai stress main game mancing. Apa ya.. Aku paling main game nyantai kalau kamu lagi ada yang kepengen kasih tau aja gunung atau survive boleh atau kamu mau main horor juga boleh","1988572288179179894","","kayqden","in","","0","1","0","https://x.com/undefined/status/1988572288179179894","1739210484237377536",
"1988572247586734226","Wed Nov 12 11:39:04 +0000 2025","0","both but i prefer pantai soalnya kalau gunung naiknya capek","1988572247586734226","","","in","","0","0","0","https://x.com/undefined/status/1988572247586734226","1978943991031959555",
"1988572243807608832","Wed Nov 12 11:39:03 +0000 2025","0","Duh jadi makin kepengen naik gunung","1988572243807608832","","","in","","0","0","0","https://x.com/undefined/status/1988572243807608832","1263477386529693707",
"1988511092599881811","Wed Nov 12 11:37:42 +0000 2025","0","@Ikaazeee Iyaa aku pernah dikasih tau temenku dia pernah dibilang kayak gunung. Soalnya kepalanya kecil badannya gede ","1988571904022851647","","Ikaazeee","in","","0","1","0","https://x.com/undefined/status/1988571904022851647","1358680767090495491",
"1988571774045602254","Wed Nov 12 11:37:25 +0000 2025","0","@matchalattp gunung apa kaaakk","1988571834061930919","","matchalattp","in","","0","1","0","https://x.com/undefined/status/1988571834061930919","2779229673",
"1988571774045602254","Wed Nov 12 11:37:11 +0000 2025","0","ada yang bisa bantu jokiin push gunung di roblox gak? #zonauang #zonajajan","1988571774045602254","","","in","","0","1","0","https://x.com/undefined/status/1988571774045602254","1496308508220100609",
"1988516884325478663","Wed Nov 12 11:37:09 +0000 2025","0","@amobwa tadi naek gunung ge sendiri","1988571765476589998","","amobwa","in","","0","1","0","https://x.com/undefined/status/1988571765476589998","535445668",
"1988570321826488751","Wed Nov 12 11:31:25 +0000 2025","0","gunung","1988570321826488751","","","in","","0","0","0","https://x.com/undefined/status/1988570321826488751","1382016617727492097",
"1988561835507765255","Wed Nov 12 11:31:22 +0000 2025","0","@thenameisnu Iya gunung.","1988570310602633285","","thenameisnu","in","","0","1","0","https://x.com/undefined/status/1988570310602633285","911948850482446338",
"1988570309968986591","Wed Nov 12 11:31:22 +0000 2025","0","Ngeyuri di map gunung https://t.co/Vo0aTK8IuV","1988570309968986591","https://pbs.twimg.com/media/G5jSJ-8aMAAaypS.jpg","","in","","0","0","0","https://x.com/undefined/status/1988570309968986591","1372038568550404097",
"1988563468304179439","Wed Nov 12 11:31:03 +0000 2025","0","@KOENHNO Hi dd keoppakan. Jadi gimana sensasi naik gunung dalam khayalan itu?","1988570232374415691","","KOENHNO","in","","0","1","0","https://x.com/undefined/status/1988570232374415691","2467141352",
"1988570043680989238","Wed Nov 12 11:30:18 +0000 2025","0","Sebuah jembatan yang baru dibangun di Sichuan China sebagian runtuh pada tanggal 11 November akibat tanah longsor yang dipicu oleh memburuknya kondisi lereng gunung. https://t.co/lQYzCViCIe","1988570043680989238","https://pbs.twimg.com/ext_tw_video_thumb/1988570010936053760/pu/img/OIyPhUx5wX_CqGbC.jpg","","in","","0","0","0","https://x.com/undefined/status/1988570043680989238","1793626602623897601",
"1988569863002931629","Wed Nov 12 11:29:35 +0000 2025","0","Sayang banget adegan wooyeon manjat gunung demi nembak kijeong gaada ️","1988569863002931629","","","in","","0","0","0","https://x.com/undefined/status/1988569863002931629","1293170971533176832",
"1988569595134054688","Wed Nov 12 11:28:31 +0000 2025","0"," SENTUHAN ROHANI DI LAPAS NARKOTIKA GUNUNG SINDUR Warga Binaan Dapatkan Siraman Spiritual Lewat Ceramah Agama di Masjid Nurul Hidayah @kemenimipas @ditjenpas @pemasyarakatanjabar @gun2gunawan29 #kemenimipas #infoimipas #KanwilDitjenpasJabar #LapasNarkotikaGunungSindur https://t.co/zg5zQFwfUY","1988569595134054688","https://pbs.twimg.com/media/G5jQt3NbAAADiBm.jpg","","in","","0","0","0","https://x.com/undefined/status/1988569595134054688","4825173187",
"1988519107537346650","Wed Nov 12 11:28:17 +0000 2025","0","@tahilalats 2. Bisa belanja bulanan buat meal prep di gunung sejuuk yg penting banyak tetangga yg adem ayem jd ga sepi dan tetap nyaman.","1988569534748659753","","tahilalats","in","","0","1","0","https://x.com/undefined/status/1988569534748659753","494822373",
"1988493445204500647","Wed Nov 12 11:27:57 +0000 2025","0","@kBarr1es muncak gunung","1988569448522117315","","kBarr1es","in","","0","0","0","https://x.com/undefined/status/1988569448522117315","1637453021817999360",
"1988511092599881811","Wed Nov 12 11:27:28 +0000 2025","0","@flowernattawin Ya Allah keinget kata nya si winwin kalo Leon itu badan nya gede banget kayak gunung Lah liat nih winwin si Leon udah Segede gunung beneran","1988569330473427021","","flowernattawin","in","","0","1","0","https://x.com/undefined/status/1988569330473427021","1846911156981817344",
"1988568324645826589","Wed Nov 12 11:25:04 +0000 2025","0","Tenang-tenang gw gak lagi ada masalah kok. Cuman hanya mengeluarkan unek2 dr reaksi sekitaraan yg beberapa lama terjadi aja. Unek2 yg udah makin lama yg kayak gunung es yg harus tetep beki biar hak cair kemana-mana.","1988568726355009541","","kamiiya_ney","in","","0","0","0","https://x.com/undefined/status/1988568726355009541","66671996",
"1988568717706322324","Wed Nov 12 11:25:02 +0000 2025","0","JANGAN TERGIUR DENGAN HARGA MURAH OBAT ABORSI TERPERCAYA DAN AMANAH MENGATASI MASALAH ANDA KONSULTASI WA 081223311224 #obataborsi #obatpenggugurkandungan #obatcytotec #cytotec #caraaborsi #triples #gunung #videobokep #Trending #filmdewasa #obattelatbulan #obathaid","1988568717706322324","","","in","","0","0","0","https://x.com/undefined/status/1988568717706322324","1731976142339682304",
"1988563468304179439","Wed Nov 12 11:24:34 +0000 2025","0","@KOENHNO malem oppa naik gunung di rosblok yh?","1988568599343096036","","KOENHNO","in","","0","1","0","https://x.com/undefined/status/1988568599343096036","595438635",
"1988554460889760153","Wed Nov 12 10:29:02 +0000 2025","0","* Hujan Lebat di Kecamatan : Wiyung Karang Pilang Dukuh Pakis Wonocolo Tenggilis Mejoyo Jambangan Gayungan Lakarsanti Pakal Benowo Sukolilo Genteng Bubutan krembangan Tandes Mulyorejo Gubeng Gunung Anyar Dihimbau Warga agar waspada tetap perubahan cuaca.","1988554625176244299","","call112surabaya","in","","0","0","0","https://x.com/undefined/status/1988554625176244299","762497866501730304",
"1988552375716516326","Wed Nov 12 10:28:27 +0000 2025","0","@unicefess Ready nderr wa di bio","1988554478077854065","","unicefess","in","","0","0","0","https://x.com/undefined/status/1988554478077854065","1935533242813468672",
"1988542806840025436","Wed Nov 12 10:26:15 +0000 2025","0","@NurRohi03920969 @tvOneNews Le Minerale bersumber dari pegunungan vulkanik terpilih di Indonesia seperti Gunung Salak Gunung Pangrango Gunung Gede Gunung Bromo dan lainnya. Bukan air tanah tapi air pegunungan asli yang kaya mineral. Bukan hanya satu gunung spesifik!","1988553922194358359","","NurRohi03920969","in","","0","1","0","https://x.com/undefined/status/1988553922194358359","1720665183188922368",
"1988553628404068632","Wed Nov 12 10:25:05 +0000 2025","0","gunung","1988553628404068632","","","in","","0","0","0","https://x.com/undefined/status/1988553628404068632","878829227327365120",
"1988553463094022201","Wed Nov 12 10:24:25 +0000 2025","0","bentuk gunung yg gua gambar pas SD https://t.co/e8LoSegHhY","1988553463094022201","https://pbs.twimg.com/media/G5jC0_JbYAAl8qW.jpg","","in","","0","0","0","https://x.com/undefined/status/1988553463094022201","860835316432646144",
"1988500407354642506","Wed Nov 12 10:24:17 +0000 2025","1","@menggoest Kyk mas² yg suka naik gunung","1988553428956582231","","menggoest","in","","0","0","0","https://x.com/undefined/status/1988553428956582231","1378075437671149570",
"1988553340196905101","Wed Nov 12 10:23:56 +0000 2025","0","Kalapas Narkotika Gunung Sindur Hadiri Penguatan Pelaksanaan Kinerja dan Reformasi Birokrasi Tahun 2025 di Bandung @kemenimipas @ditjenpas @pemasyarakatanjabar @agusandrianto.id @gun2gunawan29 #kemenimipas #infoimipas #KanwilDitjenpasJabar #LapasNarkotikaGunungSindur https://t.co/mSIyT2lU0Y","1988553340196905101","https://pbs.twimg.com/media/G5jCiCPbYAAIzaw.jpg","","in","","0","0","0","https://x.com/undefined/status/1988553340196905101","4825173187",
"1988040350381076972","Wed Nov 12 10:20:18 +0000 2025","0","@pantai_gunung Ngeri betulll","1988552427906240585","","pantai_gunung","in","","0","0","0","https://x.com/undefined/status/1988552427906240585","1907489715433185280",
"1988552265335005494","Wed Nov 12 10:19:40 +0000 2025","235","Pad! kalian tau gasih diatas kampus unpad ada gunung dengan pemandangan lautan awan secantik ini ini di gunung manglayang yang tiap harii kalian liat gass agendain buat naik dan ngecamp di gunung manglayang jangan lupa sewa perlengkapannya di timur outdoor https://t.co/yv4Bk7hZrA","1988552265335005494","https://pbs.twimg.com/media/G5jBv1MWsAARvCB.jpg","","in","","5","12","4","https://x.com/undefined/status/1988552265335005494","1734036638605733888",
"1988552162209607758","Wed Nov 12 10:19:15 +0000 2025","1","pertama kali naik gunung langsung di gas g.kerinci bareng ex trek nya terjal bgt tapi seruu next ke gunung apa lagi yaa.. https://t.co/bcXQWe8k4q","1988552162209607758","https://pbs.twimg.com/media/G5jBovuaYAAqsSv.jpg","","in","","0","0","0","https://x.com/undefined/status/1988552162209607758","1752215148352442368",
"1988551751885041832","Wed Nov 12 10:17:37 +0000 2025","0","wakwkskwk pada bisa grubuk grubuk kalau naik gunung. dah lah ku kasih yang harus sabar wkwkwkkw https://t.co/4wErRklegc","1988551751885041832","https://pbs.twimg.com/media/G5jBR1kaAAA_RlI.jpg","","in","","0","0","0","https://x.com/undefined/status/1988551751885041832","1905071668743278592",
"1988529287805157466","Wed Nov 12 10:17:05 +0000 2025","1","@trsyamc ADUHH TERHARUUUU dasar rein bilang gk mau apa apa ujung ujungnya minta sepeda gunung pantes caka darting ","1988551618309034113","","trsyamc","in","","0","0","0","https://x.com/undefined/status/1988551618309034113","1697841607356354560",
"1988551346518163463","Wed Nov 12 10:16:01 +0000 2025","0","Cerita legenda asal mula Gunung yang suka berterima kasih...","1988551346518163463","","","in","","0","0","0","https://x.com/undefined/status/1988551346518163463","1888020387428188162",
"1988550789296787745","Wed Nov 12 10:13:48 +0000 2025","1","ini pada ketakutan ya walikota neocity turun gunung","1988550789296787745","","","in","","0","0","0","https://x.com/undefined/status/1988550789296787745","1260712080115527681",
"1988550619070620146","Wed Nov 12 10:13:07 +0000 2025","0","APAAN ORG SUMMIT GUNUNG GEDE 14","1988550619070620146","","","in","","0","1","0","https://x.com/undefined/status/1988550619070620146","1877438208298070016",
"1988507987565326806","Wed Nov 12 10:12:37 +0000 2025","0","@hearmeoutt_ Makae lgsg ndaki gunung ","1988550491190464900","","hearmeoutt_","in","","0","0","0","https://x.com/undefined/status/1988550491190464900","1659050606055813120",
"1988550449025135102","Wed Nov 12 10:12:27 +0000 2025","0","gunung","1988550449025135102","","","in","","0","0","0","https://x.com/undefined/status/1988550449025135102","1745782505767317504",
"1988540712556863620","Wed Nov 12 10:11:45 +0000 2025","1","@kijeongholic terus scene wooyeon confess kenapa gak dia bela belain naik gunung ke sekolah kijeong ya.. itu paling greget","1988550274353369253","","kijeongholic","in","","0","1","0","https://x.com/undefined/status/1988550274353369253","1141235336",
"1988519107537346650","Wed Nov 12 10:10:01 +0000 2025","52","@tahilalats 2. Itu mah rumah gw sekarang wkwkwkwk.. Sering hujan ga masalah gw punya mesin cuci jemuran dalem rumah dan stok jas hujan yg banyak wkwkwk.. Tpi enak bgt hidup di gunung tuh. Adem ayem tenang sunyi.. Gw udah ngerasain hidup di kota2 besar dan rumah yg skrg is the best..","1988549839265890740","","tahilalats","in","","1","8","4","https://x.com/undefined/status/1988549839265890740","1402757537783455744",
"1988376693753659543","Wed Nov 12 10:10:00 +0000 2025","0","@Katupong21 @Nattaew_ gunung slamet bg","1988549834853490920","","Katupong21","in","","0","1","0","https://x.com/undefined/status/1988549834853490920","1863871312302936064",
"1987857058574786681","Wed Nov 12 10:09:49 +0000 2025","0","@Aeriihan Nanti ya capek soalnya abis manjat banyak gunung.","1988549788493910263","","Aeriihan","in","","0","1","0","https://x.com/undefined/status/1988549788493910263","1633912038010544128",
"1988519107537346650","Wed Nov 12 10:08:58 +0000 2025","0","@tahilalats Nomor 2 karena dari dulu mendambakan punya rumah di gunung dengan fasilitas lengkap dan financial freedom ","1988549575410323876","","tahilalats","in","","0","0","0","https://x.com/undefined/status/1988549575410323876","1058049561313214466",
"1988453578152014050","Wed Nov 12 10:07:48 +0000 2025","0","@popcorncomel Itu gunung apa?","1988549281956147570","","popcorncomel","in","","0","1","0","https://x.com/undefined/status/1988549281956147570","1395234664353189895",
"1988142887218164034","Wed Nov 12 10:07:13 +0000 2025","0","@otilchoi @spacespielova Biasanya berasal dari gunung kidul 'jogjakarta.","1988549134706467163","","otilchoi","in","","0","0","0","https://x.com/undefined/status/1988549134706467163","1608841761492959232",
"1988535512962060288","Wed Nov 12 10:07:06 +0000 2025","0","@deyyez gunung apa ini","1988549103916130518","","deyyez","in","","0","1","0","https://x.com/undefined/status/1988549103916130518","1476415520983318528",
"1988548848453575037","Wed Nov 12 10:06:05 +0000 2025","0","gunung dan vd.. sama koplo beach juga ","1988548848453575037","","","in","","0","1","0","https://x.com/undefined/status/1988548848453575037","1975586631232217088",
"1988525686596722694","Wed Nov 12 10:04:57 +0000 2025","0","@tlltbies Ayo main roblox naik gunung. Nanti aku pakai akun bacon","1988548562788249909","","tlltbies","in","","0","1","0","https://x.com/undefined/status/1988548562788249909","2232609060",
"1988142887218164034","Wed Nov 12 10:04:36 +0000 2025","0","@spacespielova Enak tuh kl pas ke wonosari gunung kidul banyak yg jual.","1988548473508040766","","spacespielova","in","","0","0","0","https://x.com/undefined/status/1988548473508040766","1887537877623681024",
"1988543030119305706","Wed Nov 12 10:04:08 +0000 2025","0","@muncorner Gunung atau pantai?","1988548356742750428","","muncorner","in","","209","5","0","https://x.com/undefined/status/1988548356742750428","2508596652",
"1988519107537346650","Wed Nov 12 10:02:45 +0000 2025","0","@tahilalats yang rumah di gunung itu ga kerja apa gmn ","1988548007831150801","","tahilalats","in","","0","0","0","https://x.com/undefined/status/1988548007831150801","1818632832413319171",
"1988376693753659543","Wed Nov 12 10:00:04 +0000 2025","0","@moonligh7__ @Nattaew_ Padahal anak2 jaman sekarang pada jijik kamu orang gunung kidul kahh walang juga doyan kahh","1988547335605956823","","moonligh7__","in","","0","1","0","https://x.com/undefined/status/1988547335605956823","972555704992129025",
"1988428399174693292","Wed Nov 12 09:59:48 +0000 2025","0","@myheane @MrLaalpotato Insiden longsor di Jembatan Hongqi Sichuan China terjadi pada 10 November 2025. Kronologi: Retakan muncul di lereng gunung dan jalan terdekat. Sekitar pukul 16.00 waktu setempat longsor besar (3 juta m³ material) menghantam gunung merusak 260m jalan dan 130m jembatan. Bagian","1988547268442783875","","myheane","in","","0","0","0","https://x.com/undefined/status/1988547268442783875","1720665183188922368",
"1988519107537346650","Wed Nov 12 09:58:10 +0000 2025","0","@tahilalats Pantai mana dulu? Gunung mana dulu? Kota mana dulu?","1988546857119666672","","tahilalats","in","","0","0","0","https://x.com/undefined/status/1988546857119666672","3528669674",
"1988546768280179152","Wed Nov 12 09:57:49 +0000 2025","0","Gampanglah. Aku suka gunung tapi nggak dulu kalau sering ujan dan jauh dari mana-mana. Jiwa ekstrovertku meronta. Ga seberapa suka pantai. Tetangga berisik cukup tidur pakai headset lalu laporkan lurah ","1988546768280179152","","","in","","0","0","0","https://x.com/undefined/status/1988546768280179152","85726841",
"1988546412783509869","Wed Nov 12 09:56:24 +0000 2025","0","klo putus sm aca keknya dia bakal gamon mampus deh orang first experience dia di gue semua. perjalanan ke luar kota sampe malam sm gue. check kontrol darah sm gue. tdr nginep sm gue. jalan jalan keliling sby sm gue. ketemu di tempat magang sm gue. nanjak gunung sm gue apalgi cb","1988546412783509869","","","in","","1","1","0","https://x.com/undefined/status/1988546412783509869","1935368740499308544",
"1988546342289895886","Wed Nov 12 09:56:08 +0000 2025","0","dan berati udh sebulan ga main map gunung","1988546342289895886","","","in","","0","0","0","https://x.com/undefined/status/1988546342289895886","1418039742017392642",
"1988546058364793318","Wed Nov 12 09:55:00 +0000 2025","2","Selama ratusan ribu tahun dianggap mati kini Gunung Taftan di Iran menunjukkan tanda-tanda bangun . Apa yang sebenarnya sedang terjadi? ️ Via @detik_edu https://t.co/b8DSEOS2Qd","1988546058364793318","","","in","","1","1","0","https://x.com/undefined/status/1988546058364793318","69183155",
"1988545955885457892","Wed Nov 12 09:54:35 +0000 2025","0","Pasti pernah lihat gunung ini cuma gak tau nama Gunungnya kan? Nah ternyata gunung ini masih aktif lho #INIRASANYASUPER #SUPERLIVE #SUPERADVENTURE #TRIVIA https://t.co/DBf6Gw9WRw","1988545955885457892","https://pbs.twimg.com/media/G5i8ALhboAAkTqI.jpg","","in","","0","1","0","https://x.com/undefined/status/1988545955885457892","3307781334",
"1988545643594301659","Wed Nov 12 09:53:22 +0000 2025","0","ga kebayang klo dia rakyat kite agenda every weekendnya (at least twice a month) bakal naik gunung mulu kali ","1988545646626836797","","mwonscoups","in","","0","0","0","https://x.com/undefined/status/1988545646626836797","1014857392410931201",
"1988545643594301659","Wed Nov 12 09:53:21 +0000 2025","0","gunung mana lagi yg kamu daki din... kangen berat ni din.... https://t.co/6rDyyFAXec","1988545643594301659","https://pbs.twimg.com/media/G5i7uTgasAAXh5H.jpg","","in","","0","1","0","https://x.com/undefined/status/1988545643594301659","1014857392410931201",
"1988503492407738418","Wed Nov 12 09:34:14 +0000 2025","3","@NenkMonica Bangkeeee...gas di INDONESIA verlimpah...gunung banyak....hadeeeeh....bahlul...","1988540834883801297","","NenkMonica","in","","0","0","0","https://x.com/undefined/status/1988540834883801297","1400135833873653761",
"1988540822229279153","Wed Nov 12 09:34:11 +0000 2025","0","main roblox bukannya seneng malah makin sebel ga bisa namatin cp 8 gunung mono","1988540822229279153","","","in","","0","0","0","https://x.com/undefined/status/1988540822229279153","1881702181713444864",
"1988540155662127448","Wed Nov 12 09:33:43 +0000 2025","2","@epe404_ scenenya cuma confess doang. jadi aku pikir mereka belum jadian semoga ada scene wooyeon naik gunung soalnya ini scene iconic banget","1988540702100267410","","epe404_","in","","0","1","0","https://x.com/undefined/status/1988540702100267410","1756568361872547840",
"1988470836907610615","Wed Nov 12 09:33:28 +0000 2025","0","@kapalapi_id @KucengTerbanggg suhu kopi turun gunung","1988540641962258554","","kapalapi_id","in","","0","0","0","https://x.com/undefined/status/1988540641962258554","1851685735",
"1988540624841179283","Wed Nov 12 09:33:25 +0000 2025","12","Binatang dengan nama latin Elephas maximus sumatranus ini kompak hidup berkelompok dan saling melindungi satu sama lain. Untuk menjaga populasi mereka Bukit Asam terlibat dalam kerja sama dengan Kawasan Suaka Margasatwa Gunung Raya untuk konservasi populasi satwa endemik ini.","1988540629341688102","","BukitAsamPTBA","in","","0","1","10","https://x.com/undefined/status/1988540629341688102","869395203290824704",
"1988540307579822213","Wed Nov 12 09:32:09 +0000 2025","0"," Selamat Ulang Tahun! Dari Keluarga Besar Lapas Narkotika Kelas IIA Gunung Sindur kami mengucapkan selamat ulang tahun kepada Kamal Asmayadi Petugas/Anggota Jaga. #LapasNarkotikaGunungSindur #KemenkumhamRI #DitjenPAS #SelamatUlangTahun #Pemasyarakatan https://t.co/CEinX3CKfd","1988540307579822213","https://pbs.twimg.com/media/G5i2vPcbwAAmEty.jpg","","in","","0","0","0","https://x.com/undefined/status/1988540307579822213","4825173187",
"1988540139841155165","Wed Nov 12 09:31:29 +0000 2025","13","ini beneran gada scene wooyeon naik gunung demi confess ke kijeong??? NANGIS HIKS #SpiritFingers #SpiritFingersEp8 #스피릿핑거스 #남기정 #송우연 https://t.co/Fj4kzKpSaf","1988540139841155165","https://pbs.twimg.com/media/G5i2t_VbAAA0U7V.jpg","","in","","1","4","3","https://x.com/undefined/status/1988540139841155165","833248110285463552",
"1988539722629632428","Wed Nov 12 09:29:49 +0000 2025","6","kena racun bocah gunung ini https://t.co/eoR5Jf4SQx","1988539722629632428","https://pbs.twimg.com/media/G5i2VlmboAAsnoV.jpg","","in","","0","5","0","https://x.com/undefined/status/1988539722629632428","1489125460436865027",
"1988539400209207701","Wed Nov 12 09:28:32 +0000 2025","0","selesai lagi 1 summit gunung wasabi https://t.co/GO3uD1nOy3","1988539400209207701","https://pbs.twimg.com/media/G5i2C7sbgAA45cO.jpg","","in","","0","1","0","https://x.com/undefined/status/1988539400209207701","1411845748140830720",
"1988519107537346650","Wed Nov 12 09:28:32 +0000 2025","0","@tahilalats It will be always 2. Udara seger air bersih hawa dingin. Niqmat sekaliiii. Di gunung jg skrg mulai banyak jajan kok. Gaada jajan yg dimau ya tinggal bikin yang lejat dan bergiji","1988539397126435322","","tahilalats","in","","0","0","0","https://x.com/undefined/status/1988539397126435322","4333628775",
"1988519107537346650","Wed Nov 12 09:28:29 +0000 2025","10","@tahilalats Kayanya aku pilih 3. 1. Aku takut perairan apalagi pantai tiap malem gabisa tidur takut tsunami 2. Aku alergi dingin hari2 di gunung panas tiris dan bengek :( aku jg suka jajan. 3. Walaupun punya tetangga sengklek kalo karokean ampe jam 2 pagi pasti yg lain jg pd protes.","1988539383964651556","","tahilalats","in","","0","5","1","https://x.com/undefined/status/1988539383964651556","1372813746100314119",
"1988466179418321114","Wed Nov 12 09:27:40 +0000 2025","0","@pantai_gunung Menurutku wangi sih tahan lama juga. Aku pake ngonser dari siang-malem wanginya masih lumayan nempel di baju dan lengan.","1988539180150898718","","pantai_gunung","in","","0","0","0","https://x.com/undefined/status/1988539180150898718","1031772270841057280",
"1988539051582894379","Wed Nov 12 09:27:09 +0000 2025","1","Suka bangeet kalo langit cerah gini tiap pulang dapat view gunung lawu ️","1988539051582894379","","","in","","0","0","0","https://x.com/undefined/status/1988539051582894379","1286643541163167744",
"1988539028623294522","Wed Nov 12 09:27:04 +0000 2025","0","Ayokk ke gua Maria tritis gunung Kidul!!!","1988539028623294522","","","in","","0","0","0","https://x.com/undefined/status/1988539028623294522","1619926143565709315",
"1988519107537346650","Wed Nov 12 09:25:42 +0000 2025","6","@tahilalats Nomer 2 karna rumahku sekarang di gunung dan jajanan juga ga sebanyak di kota. Cuma bikin lebih hemat gausah pake kipas angin atau AC air juga ambil dari sumber yg disalurkan lagi pake pipa masih sepi sayuran murah dah ideal bgt pokonya.","1988538685743153581","","tahilalats","in","","0","0","0","https://x.com/undefined/status/1988538685743153581","497719398",
"1988428242492195095","Wed Nov 12 09:25:03 +0000 2025","0","@gesangnurh ajakin dia naik gunung maka akan terlihat sifat aslinya","1988538522781856160","","gesangnurh","in","","0","0","0","https://x.com/undefined/status/1988538522781856160","86863935",
"1988525965518012555","Wed Nov 12 09:23:54 +0000 2025","0","@tanyakanrl gw jg pernah nder pas balik naik gunung lagi dengerin lagu pagi2 tetiba ketiduran terus bangun sorenya","1988538230963085395","","tanyakanrl","in","","0","0","0","https://x.com/undefined/status/1988538230963085395","1201996933398593536",
"1988538017040965942","Wed Nov 12 09:23:03 +0000 2025","0","Sinergi Kemenkum Kalteng dan Pemkab Gunung Mas: Bahas Pengelolaan Aset dan Air Limbah Domestik . . Selengkapnya =&gt; https://t.co/TnYe23Nyug #KementerianHukum #KemenkumKalteng #LayananHukumMakinMudah #Hajrianor https://t.co/CSW7zOTWOx","1988538017040965942","https://pbs.twimg.com/media/G5i0xylboAA4ngs.jpg","","in","","0","0","0","https://x.com/undefined/status/1988538017040965942","1827874862221996032",
"1988537877202866391","Wed Nov 12 09:22:29 +0000 2025","26","Ini kita ga dapat scene Wooyeon naik gunung? Berharap banget ada scene itu soalnya Jihu pernah spill syuting naik gunung #SpiritFingers #스피릿핑거스 https://t.co/hdrmOM200u","1988537877202866391","https://pbs.twimg.com/media/G5i0paZbMAAh_qj.jpg","","in","","3","2","10","https://x.com/undefined/status/1988537877202866391","2241786913",
"1988537837155963152","Wed Nov 12 09:22:20 +0000 2025","0","ini filternya kok gini hehehe btw hi ganteng betah amatsi di gunung gada sinyal kah? kpn turun gunungnya syg? entah day ke brp aku nungguin km ^________^ rasanya kyk udh ratusan purnama aku nunggu km ^______^ https://t.co/ee6NlQdcoW","1988537837155963152","https://pbs.twimg.com/media/G5i0notbkAAqYGm.jpg","","in","","0","0","0","https://x.com/undefined/status/1988537837155963152","1502568046317084675",
"1985121489771987306","Wed Nov 12 09:04:25 +0000 2025","0","@Luthersford Gunung beneran Ian. Aku mimpi kita hiking beneran menyentuh tanah dan rumput.","1988533328631251225","","Luthersford","in","","0","1","0","https://x.com/undefined/status/1988533328631251225","1857952697439367168",
"1988142887218164034","Wed Nov 12 09:02:54 +0000 2025","0","@aistighfar__ @spacespielova Gunung Lor ada ga?","1988532946286924076","","aistighfar__","in","","0","1","0","https://x.com/undefined/status/1988532946286924076","1581917116969541634",
"1988388830068830642","Wed Nov 12 09:01:47 +0000 2025","0","@moondcgcgk Pilih yang suasananya kayak di hidden gem di gunung es. Mandi sambil relaksasi maksimal ","1988532667797713236","","moondcgcgk","in","","0","0","0","https://x.com/undefined/status/1988532667797713236","816247050245263360",
"1988532366877336063","Wed Nov 12 09:00:36 +0000 2025","0","Kayak liat pertapa yg udh selesei belajar terus ini udh turun gunung https://t.co/Xz75InZ9Iu","1988532366877336063","https://pbs.twimg.com/amplify_video_thumb/1988443581661802498/img/Wcf6Shi_5eo_JFgg.jpg","","in","","0","0","0","https://x.com/undefined/status/1988532366877336063","1932212140829786113",
"1988519107537346650","Wed Nov 12 08:59:33 +0000 2025","0","@tahilalats Rumah di kota Tetangga sa pindahin ke gunung","1988532104947286036","","tahilalats","in","","0","0","0","https://x.com/undefined/status/1988532104947286036","1158356375501594624",
"1988527482652242094","Wed Nov 12 08:57:22 +0000 2025","0","@taqibalqibul Ek ngamuk bari ngeruk gunung papandayan bisi dicarekan ku pak dedi atuh da","1988531556613583018","","taqibalqibul","in","","0","0","0","https://x.com/undefined/status/1988531556613583018","2757790193",
"1988531473188569295","Wed Nov 12 08:57:02 +0000 2025","1","pencapaian tahun ini #pendaki #gunung #hiking #tenda #traptent #ultralight https://t.co/fmcOQwNqed","1988531473188569295","https://pbs.twimg.com/media/G5iu1WIbIAASSXU.jpg","","in","","0","0","0","https://x.com/undefined/status/1988531473188569295","1499666310547992579",
"1988223417062224009","Wed Nov 12 08:56:47 +0000 2025","0","@grayxtian_ Gunung sahari..the best steam ftl luas","1988531407405150320","","grayxtian_","in","","0","1","0","https://x.com/undefined/status/1988531407405150320","1270788747924103168",
"1988531378577944689","Wed Nov 12 08:56:40 +0000 2025","0","Abis ini makin dontol naik gunung https://t.co/Kdg2xE35C6","1988531378577944689","https://pbs.twimg.com/media/G5iuwBdaYAAN-69.jpg","","in","","0","0","0","https://x.com/undefined/status/1988531378577944689","2269726963",
"1988531028017758246","Wed Nov 12 08:55:16 +0000 2025","0","Panen jagung 2014 bersamaan dengan meletusnya gunung Kelud. https://t.co/oXOybPLaa4","1988531028017758246","https://pbs.twimg.com/media/G5iuNPMaMAAcyO7.jpg","","in","","0","0","0","https://x.com/undefined/status/1988531028017758246","2919271902",
"1982947586450551234","Wed Nov 12 08:54:06 +0000 2025","0","@seraphinecarys Gunung Singkut","1988530731027755253","","seraphinecarys","in","","0","0","0","https://x.com/undefined/status/1988530731027755253","1718625627895656448",
"1988530394258395402","Wed Nov 12 08:52:45 +0000 2025","0","Solusi Tepat Amanah dan Terpercaya JUAL Obat Aborsi Obat cytotec Obat penggugur kandungan Ampuh Wa : https://t.co/ZE6w71HVwf #obataborsi #obatpenggugurkandungan #obatcytotec #bokep #VideoViral #caraaborsi #jualobataborsi #videos #gunung #obatpenggugur https://t.co/jT3DlPEKwj","1988530394258395402","https://pbs.twimg.com/media/G5it2UlaEAEk8P2.jpg","","in","","0","0","0","https://x.com/undefined/status/1988530394258395402","1453562120742715399",
"1988529880489676931","Wed Nov 12 08:50:43 +0000 2025","13","Nanti malam kita mendaki gunung vtuber yuk! alias gendong aku https://t.co/cP4xyeLs2f","1988529880489676931","https://pbs.twimg.com/media/G5itNK0aQAEDgsB.jpg","","in","","0","3","6","https://x.com/undefined/status/1988529880489676931","1601680285799968770",
"1988529648469164418","Wed Nov 12 08:49:47 +0000 2025","0","dahlah emg cocok e ngekpop gausah ngide gunung gunungan kakiku sampe skrg masi sakittt","1988529648469164418","","","in","","0","0","0","https://x.com/undefined/status/1988529648469164418","1614210439902298114",
"1988529272001040782","Wed Nov 12 08:48:18 +0000 2025","0","PA Gunung Sugih Gelar Rapat Pembahasan Baseline DIPA 04 Tahun Anggaran 2027 Wujud Perencanaan Anggaran yang Efektif dan Akuntabel. Selengkapnya https://t.co/gkAT1sxvrW @Humas_MA @DitjenBadilag @pta_lampung @pemdalamteng #bestari #wbkwbbm #zonaintegritas https://t.co/2dpelEbi9c","1988529272001040782","https://pbs.twimg.com/media/G5is0BZbsAAwRDC.jpg","","in","","0","0","0","https://x.com/undefined/status/1988529272001040782","1483008143953362946",
"1988528856567894175","Wed Nov 12 08:48:07 +0000 2025","0","Menurut laporan Reuters lereng gunung di sekitar lokasi melemah dan memicu tanah longsor yang kemudian menjatuhkan sebagian jembatan ke dasar lembah.","1988529228518748650","","alineadotid","in","","0","1","0","https://x.com/undefined/status/1988529228518748650","354168059",
"1988529178283827316","Wed Nov 12 08:47:55 +0000 2025","0","Cek Anchi Ready stock Sepeda gunung 26 inci sepeda gunung murah 2.0 frame alloy sepeda gunung polygon sepeda gunung atlantis Road bike MTB 26 inch/27 inch dengan harga Rp629.000. Dapatkan di Shopee sekarang! https://t.co/z1GR3Sae02 https://t.co/1QYyX26Y9G","1988529178283827316","https://pbs.twimg.com/media/G5isvllbgAAYDRK.jpg","","in","","0","0","0","https://x.com/undefined/status/1988529178283827316","1527165663722500096",
"1986232009279340650","Wed Nov 12 08:47:46 +0000 2025","0","@kdohoonz Udah saatnya kita menaklukan gunung lautan dan hutan bersama dd (tau gak apa aja itu?:p)","1988529140258222578","","kdohoonz","in","","0","0","0","https://x.com/undefined/status/1988529140258222578","2226740384",
"1988474246725857610","Wed Nov 12 08:47:45 +0000 2025","0","@Interru81533457 @Giiselje air le mineral dan aqua dr pegunungan indonesia. lu knp? google ada kan cari tau dlu sblm komen . yg air dr tu gunung alpen swis mah merek swissmountain","1988529133899366817","","Interru81533457","in","","0","1","0","https://x.com/undefined/status/1988529133899366817","953476834385059840",
"1988528845301907888","Wed Nov 12 08:46:36 +0000 2025","0","Cek LEXY Tas Ransel Traveling Multifungsi Pria Luar Ruangan Tahan Air Tas Gunung 50-80Liter dengan harga Rp262.000. Dapatkan di Shopee sekarang! https://t.co/GJJMlXFBqL https://t.co/HruvoathLP","1988528845301907888","https://pbs.twimg.com/media/G5iscROakAARDiQ.jpg","","in","","0","0","0","https://x.com/undefined/status/1988528845301907888","1527165663722500096",
"1988524074566611432","Wed Nov 12 08:27:39 +0000 2025","0","Gunung yg bikin stres.. di summit ada free sayap https://t.co/kiqz8H64WW","1988524074566611432","https://pbs.twimg.com/media/G5ioGoAasAAu6wh.jpg","","in","","0","0","0","https://x.com/undefined/status/1988524074566611432","1373196128468922370",
"1988524055494820268","Wed Nov 12 08:27:37 +0000 2025","0","Pernah ngebayangin parkour di gunung dengan pemandangan indah berwarna pink &amp; ungu? Nah aku bikin map baru di Roblox: Mount Fioryn dan kamu harus coba Map ini punya 12 checkpoint dengan obstacle yang mudah tapi fun dan tetap menantang! https://t.co/MCJfPd9vEK","1988524069671628817","https://pbs.twimg.com/media/G5ioGeCb0AEqXSR.jpg","haruukachi","in","","0","1","0","https://x.com/undefined/status/1988524069671628817","1920021859657252868",
"1988524055494820268","Wed Nov 12 08:27:34 +0000 2025","2"," Mount Fioryn - Map obby bertema gunung dengan nuansa pink &amp; ungu A Thread https://t.co/bA33y25u8i","1988524055494820268","https://pbs.twimg.com/media/G5ioFxcbYAAL43v.jpg","","in","","0","1","1","https://x.com/undefined/status/1988524055494820268","1920021859657252868",
"1988523933856133436","Wed Nov 12 08:27:05 +0000 2025","0","MYHARIAN MEMETIK SUMBER BERITA SINAR HARIAN. IPOH - Ahli Dewan Undangan Negeri (ADUN) Gunung Semanggol Razman Zakaria kekal memegang jawatan sebagai Ketua Pembangkang Dewan Undangan Negeri (DUN) Perak. Yang Dipertua Dewan Negeri Perak Datuk Seri Mohammad Zahir Abdul... https://t.co/nwHc0CMDCQ","1988523933856133436","https://pbs.twimg.com/ext_tw_video_thumb/1988523910846197760/pu/img/OxAMoqt_vCTy72PP.jpg","","in","","0","0","0","https://x.com/undefined/status/1988523933856133436","1659277281418948608",
"1988040350381076972","Wed Nov 12 08:27:00 +0000 2025","0","@aldinyakamuu @pantai_gunung si aldi ini ada dimana mana yah","1988523914897621321","","aldinyakamuu","in","","0","1","0","https://x.com/undefined/status/1988523914897621321","1575815266667491328",
"1988523830063546412","Wed Nov 12 08:26:40 +0000 2025","0","Sumpah aslinya lagi cantik banget gunung salak. Maklum yg punya hp taunya cekrek doang https://t.co/4NPpbnqTnb","1988523830063546412","https://pbs.twimg.com/media/G5in1uhbkAAS4rm.jpg","","in","","0","0","0","https://x.com/undefined/status/1988523830063546412","1548002372",
"1988142887218164034","Wed Nov 12 08:24:22 +0000 2025","0","@spacespielova gunung kidul okeh","1988523250532409365","","spacespielova","in","","0","0","0","https://x.com/undefined/status/1988523250532409365","1258402303922573312",
"1988518031383756859","Wed Nov 12 08:23:42 +0000 2025","0","@gay4faye Bentar lg yg bnr bnr suhu turun gunung ni si tina mau apelu semua sori gue alumni yon1 yon2 ","1988523082055590207","","gay4faye","in","","0","1","0","https://x.com/undefined/status/1988523082055590207","1952627532353921024",
"1988522463118893568","Wed Nov 12 08:21:14 +0000 2025","0","Map Mount Kemiri cakep banget beneran kayak gunung rintangannya masih masuk akal tapi jauh puncaknya ini aku ngirim gini belum nyampe puncak masih di jalan","1988522463118893568","","","in","","0","1","0","https://x.com/undefined/status/1988522463118893568","1600997525045260288",
"1988474246725857610","Wed Nov 12 08:19:39 +0000 2025","27","@Giiselje Gundukan tanah di bor terus bilang air gunung abang ku aja pas sakit di anjurin dokter jangan kasih lee mineral karna pemanis buatannya banyak malah di saranin aqua aja","1988522063800242599","","Giiselje","in","","0","7","1","https://x.com/undefined/status/1988522063800242599","1731746015479537664",
"1988466179418321114","Wed Nov 12 08:17:24 +0000 2025","0","@bluemeadow Wangi gak?","1988521495161958717","","bluemeadow","in","","0","1","0","https://x.com/undefined/status/1988521495161958717","1935533242813468672",
"1988521467399614491","Wed Nov 12 08:17:17 +0000 2025","0","haaaa kapan di gunung sinyalnya bagus????????????","1988521467399614491","","","in","","0","0","0","https://x.com/undefined/status/1988521467399614491","1578641214513217536",
"1988481691476951396","Wed Nov 12 08:16:17 +0000 2025","0","@blueewill ka ke rakum baru pertama kali naik gunung aman ga?","1988521215305150482","","blueewill","in","","0","2","0","https://x.com/undefined/status/1988521215305150482","839111569858449408",
"1988494037184376935","Wed Nov 12 08:15:38 +0000 2025","0","@iminalabb Ini biasanya di kayangan temcy bagian mana?","1988521050842308970","","iminalabb","in","","0","1","0","https://x.com/undefined/status/1988521050842308970","1935533242813468672",
"1988521009507717543","Wed Nov 12 08:15:28 +0000 2025","0","Cek ANCHI️Sepeda Gunung️24/26/27 Inch READY STOCK Sepeda Remaja Sepeda jalan raya Frame alloy dengan harga Rp890.000. Dapatkan di Shopee sekarang! https://t.co/JHFkqZ0P57 https://t.co/3oISwcrAqf","1988521009507717543","https://pbs.twimg.com/media/G5ilUflaMAAJPZa.jpg","","in","","0","0","0","https://x.com/undefined/status/1988521009507717543","570774603",
"1988520984719355919","Wed Nov 12 08:15:22 +0000 2025","0","Cek ANCHI️Sepeda Gunung️24/26/27 Inch READY STOCK Sepeda Remaja Sepeda jalan raya Frame alloy dengan harga Rp890.000. Dapatkan di Shopee sekarang! https://t.co/JHFkqZ0P57 https://t.co/4cWBFWIjUb","1988520984719355919","https://pbs.twimg.com/media/G5ilTBib0AAJmfr.jpg","","in","","0","0","0","https://x.com/undefined/status/1988520984719355919","570774603",
"1988520948358590472","Wed Nov 12 08:15:13 +0000 2025","0","Cek ANCHI️Sepeda Gunung️24/26/27 Inch READY STOCK Sepeda Remaja Sepeda jalan raya Frame alloy dengan harga Rp890.000. Dapatkan di Shopee sekarang! https://t.co/Ryu4P6FcuX https://t.co/eYcQStprHl","1988520948358590472","https://pbs.twimg.com/media/G5ilQ7gbcAEov2T.jpg","","in","","0","0","0","https://x.com/undefined/status/1988520948358590472","570774603",
"1988520841252933688","Wed Nov 12 08:14:48 +0000 2025","0","Gunung nya memang nggak berdiri di atas tanah !!?? #Indonesia","1988520841252933688","","","in","","0","0","0","https://x.com/undefined/status/1988520841252933688","117444370",
"1982585132851847548","Wed Nov 12 08:12:02 +0000 2025","0","@kewnho @jieqionnq @nacdin Alisnya abang itu gunung kebelah dd","1988520146445427133","","kewnho","in","","0","1","0","https://x.com/undefined/status/1988520146445427133","1014727571362082817",
"1988519107537346650","Wed Nov 12 08:07:54 +0000 2025","376","Coba pilih dan sebutkan alasannya 1. Rumah di depan pantai tapi jarak tempat kerja dan belanja 1 jam perjalanan 2. Rumah di gunung tapi sering hujan jajanan ga ada 3. Rumah di kota tempat jajanan dan kerja Deket tapi tetangga tiap hari karaokean sampai jam 2 pagi.","1988519107537346650","","","in","","91","212","41","https://x.com/undefined/status/1988519107537346650","823404426",
"1988518331972719048","Wed Nov 12 08:04:49 +0000 2025","0","Aktivitas Gunung Api Sebabkan Kabel Palapa Ring Tengah Putus https://t.co/aWcVdFyBHo https://t.co/OP7CMl0bE8","1988518331972719048","https://pbs.twimg.com/media/G5ii4qBXgAI_x9k.jpg","","in","","0","0","0","https://x.com/undefined/status/1988518331972719048","118371948",
"1988518078615888357","Wed Nov 12 08:03:49 +0000 2025","3","Manifest aku harus bergelut dengan seabrek penelitian about tanaman terus harus expedisi ke hutan goa gunung pokoknya hidup di alam selama penelitian ga harus berhadapan sm manusia (punya kuda buat temen)","1988518078615888357","","","in","","0","0","0","https://x.com/undefined/status/1988518078615888357","1895695227316543488",
"1988486945509425400","Wed Nov 12 08:03:13 +0000 2025","0","@babufess ensamble star klo lagi pen main rhytm game atau gk mancing ikan/ngedaki gunung di roblox wkkwwk","1988517925737918907","","babufess","in","","0","0","0","https://x.com/undefined/status/1988517925737918907","1649308383516950529",
"1988501664853356559","Wed Nov 12 07:58:39 +0000 2025","0","@yukarpina Eh iya lama ngga main gunung. Mau digendong teh.","1988516778402582766","","yukarpina","in","","0","0","0","https://x.com/undefined/status/1988516778402582766","2795862046",
"1988516158467871174","Wed Nov 12 07:56:11 +0000 2025","0","5 Rekomendasi Gunung dengan Jalur Menantang di Jawa Timur https://t.co/P32gEYTyKU","1988516158467871174","","","in","","0","0","0","https://x.com/undefined/status/1988516158467871174","1318893514336264193",
"1988516101630951856","Wed Nov 12 07:55:58 +0000 2025","0","Mt. JadiJadi Sama player baik banget yang gendong gue sampe summit but tbh ini gunung seruuuuu bgt tiap kita jatoh kena ledek sama dev-nya haha! #roblox https://t.co/SDLsgGWjn4","1988516101630951856","https://pbs.twimg.com/media/G5ig2xrbcAEtnSW.jpg","","in","","1","1","0","https://x.com/undefined/status/1988516101630951856","1892256417022959616",
"1988514213887619233","Wed Nov 12 07:51:31 +0000 2025","0","Antara kami kan aku kali ah paling nda rilek. Macam @raayleana pun sejenis yg diam2 jg. Sekali post IG hari tu di puncak Gunung Kinabalu sudah wkwkwk kalau si Shaa baru booking mo naik sudah dia tell everyone in this world ","1988514984326733888","","shaanizzle_","in","","1","1","0","https://x.com/undefined/status/1988514984326733888","409819086",
"1988437282060464601","Wed Nov 12 07:47:42 +0000 2025","0","@SUARAKRISTEN1 @detiksumut_ Dari berita yang saya cek Muhammad Rahmatullah sendiri disebut sebagai wiraswasta asal Gunung Sahilan Kampar. Tapi detail usaha spesifiknya (seperti bidang apa) nggak ada info lebih lanjut di sumber terbuka. Mungkin bisnis lokal yang sukses mengingat mobilnya sekelas itu.","1988514024892641554","","SUARAKRISTEN1","in","","0","0","0","https://x.com/undefined/status/1988514024892641554","1720665183188922368",
"1988441884398940402","Wed Nov 12 07:45:39 +0000 2025","1","@RaniKancana Gak sanggup dia.. Ternyata kita2 para pendaki perempuan lebih kuat lho. Aku naik gunung 3000 an mdpl jarang ngecamp suka tektok jeng...","1988513507269038162","","RaniKancana","in","","0","1","0","https://x.com/undefined/status/1988513507269038162","1127842213461839872",
"1988512938936988032","Wed Nov 12 07:43:24 +0000 2025","7","Gunung salju? https://t.co/7bMcjMCXof","1988512938936988032","https://pbs.twimg.com/media/G5id-ZlbYAA6WSM.jpg","","in","","0","1","0","https://x.com/undefined/status/1988512938936988032","1967506047867990016",
"1988512563186008372","Wed Nov 12 07:42:50 +0000 2025","0","Dibentuk oleh pengembangan tanpa henti selama bertahun-tahun dan insight dari atlet gunung terbaik dunia APEX 4 menghadirkan GPS ultra-presisi baterai terbaik di kelasnya pemetaan tanpa jeda (zero-lag) mikrofon dan speaker ditambah alat pelatihan dan pemulihan canggih untuk","1988512797995815160","","dorangadgetid","in","","0","0","0","https://x.com/undefined/status/1988512797995815160","1133756307679277056",
"1988512563186008372","Wed Nov 12 07:41:54 +0000 2025","0","COROS APEX 4 jam tangan olahraga gunung terbaik telah tersedia sekarang ️ https://t.co/WrXWQYMyxU","1988512563186008372","https://pbs.twimg.com/amplify_video_thumb/1988512450204065792/img/VkRCz33Hx_aGFCQx.jpg","","in","","0","1","0","https://x.com/undefined/status/1988512563186008372","1133756307679277056",
"1988511804839129310","Wed Nov 12 07:38:53 +0000 2025","0","Okt taun lalu ke gunung Nov nya balik rumah Tahun ini okt nya balik rumah nov nya ? Masih sakit wkwkwk Desember harus freedive gasih Terombang ambing ombak 1-2 meter naik speedboat","1988511804839129310","","","in","","0","1","0","https://x.com/undefined/status/1988511804839129310","1618792141647654914",
"1988511507353649555","Wed Nov 12 07:37:42 +0000 2025","0","ke gunung kawi aja apa ya?","1988511507353649555","","","in","","0","0","0","https://x.com/undefined/status/1988511507353649555","1716204514607616000",
"1988511488966095120","Wed Nov 12 07:37:38 +0000 2025","0","gunung atau pantai yeah?","1988511488966095120","","","in","","0","0","0","https://x.com/undefined/status/1988511488966095120","1841661526123675649",
"1988511148275089660","Wed Nov 12 07:36:17 +0000 2025","1","langsung kebanyang soobin main dracin rambut panjang bawa pedang sekali lompat ngelewatin 3 gunung","1988511148275089660","","","in","","0","0","0","https://x.com/undefined/status/1988511148275089660","1871577849754513408",
"1988201800974188766","Wed Nov 12 07:33:00 +0000 2025","0","@Louis_chantika Ini tuh editan gak sih setau gw ini menggelinding dari gunung deh. Jgn sampe ntar ditwist buzzer kalo fufufafa itu cuma editan ","1988510322295210165","","Louis_chantika","in","","1","0","0","https://x.com/undefined/status/1988510322295210165","1738204447090864128",
"1988510067176448463","Wed Nov 12 07:32:01 +0000 2025","0","Pencapaian Pasukan NADI Tiny Techies: Emas (4) | Perak (1) | Gangsa (2) | Tempat Keempat (2) Syabas kepada semua peserta daripada NADI Felda Gunung Besout 1 dan NADI Felda Linggiu atas usaha dan semangat juang yang membanggakan negara! #MCMC #NADI","1988510074067681750","","MCMC_RASMI","in","","0","0","0","https://x.com/undefined/status/1988510074067681750","1411865819051528194",
"1940938988262773227","Wed Nov 12 07:31:28 +0000 2025","1","@ha818 @AyaniMel @__anomali__ @_MadManMo_ @aesculapiusw @MataElang247 @grok @_majusi_ @Alie_Fahnoor @stefyODGJ_syin @BejoP83769 @ParaDox1830307 @Juragann_muda2 @againstkadroen @imamDouma @JLion555 @BapakDariAnak2 @Kinjeng0Ireng @TomatTomat44 @humilitylover @Stefany_mrongos @katzennada @Manuk_Emprit76 @Valhallaah @AlanUstad56 @Cl0pidogrel @paolnapi @Ruth_Djojoning @apostolosyohans @catzen_nada @Orza961026 @2332Yo @__SudutPandang @victoragiular @Catze_Nada @FaktaBerita89 @beng_beng_ok @LogikaMistik @Huntmon1 @c0leaid @StefanjingYin @_IloveHamas @MillMx429564 @Tuh_cab @Kumba0karno @RyKe355493 @allah @georgetodzira_ gw pgn lihat gunung yg brpindah","1988509936813568299","","ha818","in","","0","1","1","https://x.com/undefined/status/1988509936813568299","1353609062844227584",
"1988509850721223132","Wed Nov 12 07:31:07 +0000 2025","0","istilah turun gunung nih emang orang-orang itu abis ngapain si di gunung? enakan juga di rumah","1988509850721223132","","","in","","0","0","0","https://x.com/undefined/status/1988509850721223132","1071908457148637184",
"1988502240194425140","Wed Nov 12 07:00:53 +0000 2025","495"," HERE WE GO : Roberto Mancini bakal turun gunung ia akan kembali melatih setelah mencapai kesepakatan dengan klub Qatar Al Sadd. 🇶🇦 Mancini akan terbang ke Doha besok. @FabrizioRomano https://t.co/6c5NrifQmI","1988502240194425140","https://pbs.twimg.com/media/G5iUP5lbcAEz_Zo.jpg","","in","","1","20","14","https://x.com/undefined/status/1988502240194425140","1222927522033094656",
"1988501686827315580","Wed Nov 12 06:58:41 +0000 2025","2","!roblox mutualan x yuk! aku suka naik gunung (aku jago banget haha!) suka mancing jugaa reply yaa nnti ku follow duluan plis fb! ku like ya nnti replynyaa ","1988501686827315580","","","in","","0","29","0","https://x.com/undefined/status/1988501686827315580","1903872646678470656",
"1988477060978012640","Wed Nov 12 06:58:14 +0000 2025","0","@pantai_gunung stuju ini motekar mana","1988501574558380136","","pantai_gunung","in","","0","0","0","https://x.com/undefined/status/1988501574558380136","1703584916720828416",
"1988501560973029491","Wed Nov 12 06:58:11 +0000 2025","0","Kagak bakat naik gunung gua kaki badan semua badan pada nyeri","1988501560973029491","","","in","","0","0","0","https://x.com/undefined/status/1988501560973029491","1426916140555464706",
"1988443139632492790","Wed Nov 12 06:56:26 +0000 2025","2","@cicibasudara Met 3rd mensive @louisoliverx &amp; @sangaksara ya dua sejoli. Semoga semogi makin langgeng sampai bulan lainnya dan menamatkan semua gunung roblox. Me sebagai tetangga izin mengintip konten mendakinya. Ayo dong coba maps roblox selain mendaki mancing date misalnya. #OBI3rdmensive","1988501121456042099","","cicibasudara","in","","0","1","1","https://x.com/undefined/status/1988501121456042099","1875509513215995904",
"1988501113201623309","Wed Nov 12 06:56:24 +0000 2025","0","PGA Ibu di Kabupaten Halmahera Barat Maluku Utara mengungkapkan Gunung Ibu kembali erupsi. https://t.co/yZ3BayC7VY","1988501113201623309","","","in","","0","0","0","https://x.com/undefined/status/1988501113201623309","18071520",
"1988500329999356383","Wed Nov 12 06:55:50 +0000 2025","0","Kesalahan 4: Tidak Menghitung Total Cost of Ownership (TCO) Biaya lisensi kadang cuma secuil puncak gunung es. Jangan lupa hitung biaya tersembunyi: implementasi pelatihan kustomisasi maintenance dan support. Atau pilih Ukirama yang tidak men-charge biaya tambahan!","1988500969114747325","","ukiramaid","in","","0","1","0","https://x.com/undefined/status/1988500969114747325","1847230152440504320",
"1988500677669065120","Wed Nov 12 06:54:40 +0000 2025","1","Selasa 11/11/25 Pukul 23.45 Anggota Samapta Polsek Pademangan bersama piket fungsi lainnya melaksanakan Giat Patroli Pembiruan di depan Samsat Jakarta Utara-Pusat Jl Gunung Sahari Kel.Pademangan Barat dalam rangka antisipasi 3C Tawuran Balapan Liar maupun Guantibmas Lainnya https://t.co/W9QfAkQlpg","1988500677669065120","https://pbs.twimg.com/media/G5iS0kLbcAAhixE.jpg","","in","","0","0","0","https://x.com/undefined/status/1988500677669065120","1092967217782640640",
"1988421042579415169","Wed Nov 12 06:54:25 +0000 2025","0","@Peunat_ Gunung kembar keliatan jg ga kak?","1988500613303595489","","Peunat_","in","","0","1","0","https://x.com/undefined/status/1988500613303595489","2206517538",
"1988477060978012640","Wed Nov 12 06:53:46 +0000 2025","0","@pantai_gunung MW KESINI BLM KESAMPAIAN","1988500448798753132","","pantai_gunung","in","","0","1","0","https://x.com/undefined/status/1988500448798753132","1219734309084385282",
"1988500010280071352","Wed Nov 12 06:52:01 +0000 2025","1","Selasa 11/11/25 Pukul 23.24 WIB Anggota Samapta Polsek Pademangan bersama piket fungsi lainnya melaksanakan Giat Patroli Pembiruan di Jl Gunung Sahari Kel.Pademangan Barat dalam rangka antisipasi 3C Tawuran Balapan Liar maupun Guantibmas Lainnya https://t.co/yC4yeRjgoA","1988500010280071352","https://pbs.twimg.com/media/G5iSNwjbcAMOuSb.jpg","","in","","0","0","0","https://x.com/undefined/status/1988500010280071352","1092967217782640640",
"1988499980244685155","Wed Nov 12 06:51:54 +0000 2025","0","Jenderal Turun Gunung Pimpin Langsung Pemadaman Karhutla di Kampar Riau https://t.co/TwMPyjGkmb","1988499980244685155","","","in","","0","0","0","https://x.com/undefined/status/1988499980244685155","132078023",
"1988294999788892195","Wed Nov 12 06:51:47 +0000 2025","0","@darkravenfly Cocoknya aku jadi siluman gunung aja mbak mampu naik pohon secepat kilat pas masih kecil tp wakakakak","1988499952067084516","","darkravenfly","in","","0","0","0","https://x.com/undefined/status/1988499952067084516","186380938",
"1988499719639675108","Wed Nov 12 06:50:52 +0000 2025","7","Novel X-Venture dah ada dua!!! Berkisarkan tentang Tasik Chini &amp; Gunung Ledang. Dalam versi komik Alex &amp; Lulu lebih banyak menjelajah ke negara lain. Untuk novel kita akan fokus di sini AMUKAN PENJAGA ALAM oleh @HasifRayyan MUSLIHAT TITIAN EMAS oleh @eiffelynne_ https://t.co/vWMt0bwpGA","1988499719639675108","https://pbs.twimg.com/media/G5iR9PgaIAAAZEm.jpg","","in","","2","0","2","https://x.com/undefined/status/1988499719639675108","1050539935491485696",
"1988498807466979661","Wed Nov 12 06:49:02 +0000 2025","0","Baca selengkapnya: https://t.co/VIuH2a8dc5","1988499260346618006","","_aboutmalangcom","in","","0","0","0","https://x.com/undefined/status/1988499260346618006","1898250939590754304",
"1988485710186422536","Wed Nov 12 06:46:18 +0000 2025","0","@bbbybieber anjay gunung apa giiz","1988498572937986160","","bbbybieber","in","","0","0","0","https://x.com/undefined/status/1988498572937986160","1770893254726488064",
"1988498230502715646","Wed Nov 12 06:44:57 +0000 2025","0","Kepala Balai Monitoring Spektrum Frekuensi Radio Kelas II Manado Direktorat Jenderal Infrastruktur Digital Kementerian Komunikasi dan Digital RI Mannuelson Jaka Jusuf mengatakan salah satu penyebab putusnya kabel 'Palapa Ring Tengah' akibat aktivitas gunung api di Kabupaten https://t.co/dPpY03Hs7a","1988498230502715646","https://pbs.twimg.com/media/G5iQmSObcAQjXbn.jpg","","in","","0","0","0","https://x.com/undefined/status/1988498230502715646","18071520",
"1988498176140345447","Wed Nov 12 06:44:44 +0000 2025","0","LUCU JIRR mereka ga ridho ak naik gunung hhhuhu tp ak tetep naik :D","1988498176140345447","","","in","","0","0","0","https://x.com/undefined/status/1988498176140345447","1977591279166070784",
"1988412990400631042","Wed Nov 12 06:44:31 +0000 2025","0","@pantai_gunung ngeselin banget orang yang ngeghosting gini","1988498120356098446","","pantai_gunung","in","","0","0","0","https://x.com/undefined/status/1988498120356098446","1124623166",
"1988497671003533791","Wed Nov 12 06:42:43 +0000 2025","0","Cek COD Original Sepatu Olahraga Slip On Gunung Sepatu Hiking Touring Tanpa Tali Kulit Asli Casual Pria Cowok Dewasa 112 dengan harga Rp430.000. Dapatkan di Shopee sekarang! https://t.co/oMogTDoZvM https://t.co/XqkJbV9MOW","1988497671003533791","https://pbs.twimg.com/media/G5iQF_obcAAHbmf.jpg","","in","","0","0","0","https://x.com/undefined/status/1988497671003533791","1651075787561533440",
"1988394595244556473","Wed Nov 12 06:41:16 +0000 2025","0","@7elevne Gunung yang waktu itu dah kelar yang tantangannya kocakk wkwk","1988497303137898843","","7elevne","in","","0","1","0","https://x.com/undefined/status/1988497303137898843","1980960327853604864",
"1988453578152014050","Wed Nov 12 06:38:19 +0000 2025","0","@popcorncomel wihh gunung mana itu? btw mutualan yuk","1988496561224249554","","popcorncomel","in","","0","0","0","https://x.com/undefined/status/1988496561224249554","1724002812181536768",
"1988496267643875798","Wed Nov 12 06:37:09 +0000 2025","0","Udah 2x ke korea bussiness trip ataupun jalan2 ikut travel ke pantai ke desa ke gunung ke seoul hongdae myeondong. Korea b aja seru aja karna ada 4 musim trs indo kaga","1988496267643875798","","","in","","0","0","0","https://x.com/undefined/status/1988496267643875798","1544509451369324545",
"1988455489546690802","Wed Nov 12 06:36:40 +0000 2025","0","@afar_ol4n Busyeed Datuk Panglima Kumbang Turun Gunung ini maah... Mau Melawan Mak Lampir di lereng Merapi ","1988496144906023192","","afar_ol4n","in","","0","1","0","https://x.com/undefined/status/1988496144906023192","1004777746004754432",
"1987854147555905700","Wed Nov 12 06:36:22 +0000 2025","1","@littlemarapi 1. Yay. Aku bahkan ingin pakai sandal gunung karena kakiku juga sempet kepleset. 2. Asar 3. Paper bag/tote bag 3. Asar Kupikir habis Asar itu udah pada di sana. Yang jam 3-4 an.","1988496071690252424","","littlemarapi","in","","0","1","0","https://x.com/undefined/status/1988496071690252424","1716887676614553601",
"1988495929306214578","Wed Nov 12 06:35:48 +0000 2025","0","Man beliau lagi turun gunung berarti dunia ini ada yang tidak beres wkwk","1988495929306214578","","","in","","0","0","0","https://x.com/undefined/status/1988495929306214578","1863715487190016000",
"1988495481614594172","Wed Nov 12 06:34:01 +0000 2025","0","anjay jekardah keliatan gunung","1988495481614594172","","","in","","0","0","0","https://x.com/undefined/status/1988495481614594172","1685298646378778624",
"1988495276651540523","Wed Nov 12 06:33:13 +0000 2025","0","Kalo ke Jogja terus ke Gunung Kidul hampir selalu beli ini Emang enak dan gurih ya mirip udang lah ","1988495276651540523","","","in","","0","0","0","https://x.com/undefined/status/1988495276651540523","1260496116950405124",
"1988495034103288122","Wed Nov 12 06:32:15 +0000 2025","1","UDAH LAMA TIDAK MENDAKI GUNUNG! Semoga udah ga dibungkam lagi 20.00 WIB (12/11/25) https://t.co/foQjVUnXfI https://t.co/0vy0x3fEtI","1988495034103288122","https://pbs.twimg.com/amplify_video_thumb/1988494966075834368/img/ouUkd3NHnKR2kAkX.jpg","","in","","1","0","1","https://x.com/undefined/status/1988495034103288122","1787928717878247425",
"1988187288317378722","Wed Nov 12 06:31:12 +0000 2025","1","@inherentrizz bacot banget anjg kaum luth. noohh nenek boti moyang lu ditimpa gunung.","1988494770646159799","","inherentrizz","in","","0","0","0","https://x.com/undefined/status/1988494770646159799","1321697435769450497",
"1988494767148380600","Wed Nov 12 06:31:11 +0000 2025","0","Babinsa Koramil 09/Gunung Talang Kodim 0309/Solok Laksanakan Komsos di Wilayah Binaan. Komunikasi Sosial (Komsos) dengan masyarakat di Desa binaannya rutin dikakukan Babinsa jajaran Kodim Kodim 0309/Solok untuk mempererat tali silaturahmi dan kerjasama yang baik. https://t.co/5tehTxmaaq","1988494767148380600","https://pbs.twimg.com/media/G5iNc5KaQAAcIS2.jpg","","in","","0","0","0","https://x.com/undefined/status/1988494767148380600","1664068865813512197",
"1988490608303108439","Wed Nov 12 06:30:53 +0000 2025","0","@sorebersamamu AYOK PLIS AJAK AKUUU tp aku gapernah naik gunung blas","1988494691445469660","","sorebersamamu","in","","0","1","0","https://x.com/undefined/status/1988494691445469660","189358788",
"1987804101179318377","Wed Nov 12 06:30:50 +0000 2025","0","@tenventory Marah karna di katain segede gunung","1988494679403622707","","tenventory","in","","0","0","0","https://x.com/undefined/status/1988494679403622707","1976142745954816000",
"1988494351404855345","Wed Nov 12 06:29:32 +0000 2025","0","Pada Hari Rabu 12 November 2025 Bertempat Di Ruang Rapat Gunung Namak Kabupaten Bangka Selatan. Kepala Kejaksaan Negeri Bangka Selatan diwakili oleh Kepala Seksi Tindak Pidana Umum Bapak Tommy Purnama SH. https://t.co/Qun8ImfPt7","1988494351404855345","https://pbs.twimg.com/media/G5iNAiFaoAAJQNX.jpg","","in","","0","1","0","https://x.com/undefined/status/1988494351404855345","1373825587450580994",
"1988492718579085740","Wed Nov 12 06:23:03 +0000 2025","3","SEMUA MASIH TERKAIT DG IJAZAH PALSU JOKOWI. SUMBER DARI SEGALA MASALAH. JIKA POLISI TIDAK BISA MENJAGA PARA PEJUANG KEBENARAN MAKA HARAPAN ADA PADA TNI. MUDAH²AN JADI PERHATIAN. atau MUNGKIN PARA JAWARA AKAN TURUN GUNUNG. RASANYA MALU KAH JIKA RAKYAT HARUS LAPOR KE DAMKAR.⁉️","1988492718579085740","","","in","","0","0","1","https://x.com/undefined/status/1988492718579085740","1725800944078917632",
"1988491260844445935","Wed Nov 12 06:22:13 +0000 2025","0","@sayhelloziaa mantai? naik gunung?","1988492508733796470","","sayhelloziaa","in","","0","0","0","https://x.com/undefined/status/1988492508733796470","783993354",
"1988492452530122994","Wed Nov 12 06:21:59 +0000 2025","0","Pokoknya pacar aku lucu bgt Baru semalem berantem krna ada cwok yg deketin diladenin sma dia jdinya kita ribut. Kebetulan kita main roblox dan cwok yg ngajak kenalan gw tu main map gunung YAHAYUK. Ehh paginyaa dia ngepush summit di gunung YAHAYUK. Cie ketahuan sayangnya","1988492452530122994","","","in","","0","1","0","https://x.com/undefined/status/1988492452530122994","1537451383309275138",
"1988393994611724576","Wed Nov 12 06:20:13 +0000 2025","0","@lvyrnt mendaki gunung melewati lembah yah","1988492004951515205","","lvyrnt","in","","0","0","0","https://x.com/undefined/status/1988492004951515205","1976987271095369732",
"1987586613262823831","Wed Nov 12 06:18:06 +0000 2025","0","Gunung Rinjani. https://t.co/byTqGPM0OJ","1988491473122148785","https://pbs.twimg.com/media/G5iKcFKagAAX4iZ.jpg","sanctouery","in","","0","0","0","https://x.com/undefined/status/1988491473122148785","766705679017054208",
"1987870891871739958","Wed Nov 12 06:17:27 +0000 2025","0","@FilmIndoSource Ya elah Si Yati dibikin pilem mending bikin Film Waluh Gunung Kemukus ","1988491311293624678","","FilmIndoSource","in","","0","0","0","https://x.com/undefined/status/1988491311293624678","1459571152326594561",
"1988476641514061882","Wed Nov 12 06:16:32 +0000 2025","0","@5O487 Naik gunung duluu aja","1988491078392311820","","5O487","in","","1","0","0","https://x.com/undefined/status/1988491078392311820","918067776",
"1988472390863777879","Wed Nov 12 06:14:40 +0000 2025","1","@ZoneVenomWar ayo mase gugur gunung gotong royong tandang gaweudah nda musim lagi kita saling tengkar atas semua pencapaian dan prestasi bangsa sendiri.","1988490609431343290","","ZoneVenomWar","in","","0","0","1","https://x.com/undefined/status/1988490609431343290","757409092109414400",
"1988490591509062113","Wed Nov 12 06:14:36 +0000 2025","0","Naik gunung yukkkk","1988490591509062113","","","in","","0","0","0","https://x.com/undefined/status/1988490591509062113","457465480",
"1988474246725857610","Wed Nov 12 06:13:26 +0000 2025","1","@Giiselje kau kira gunung terbuat dari apa? besi kayu? hah wkwkwk","1988490299421978986","","Giiselje","in","","0","0","0","https://x.com/undefined/status/1988490299421978986","1573127805508128779",
"1988470559974572425","Wed Nov 12 06:12:52 +0000 2025","1","@mintychocchip_ Sikit2 lama2 jadi bukit then lama2 jadi gunung ","1988490155770966488","","mintychocchip_","in","","0","1","0","https://x.com/undefined/status/1988490155770966488","1702194827402838016",
"1988489966960148952","Wed Nov 12 06:12:11 +0000 2025","0","Disini bisa sewa harian mingguan atau bulanan ya. Lokasinya di Jl. Gunung Lauser No. 03 Bumi Ayu Kota Dumai. Berikut fasilitas yang tersedia di Citra Kost Dumai: - Kamar dengan kasur single - Lemari - Meja rias - AC - Kamar mandi didalam - Full WiFi - Dapur bersama - Kulkas https://t.co/ZELUFqylmB","1988489984693973072","https://pbs.twimg.com/media/G5iJGGHbcAEbxGY.jpg","sepdum","in","","0","2","0","https://x.com/undefined/status/1988489984693973072","370198035",
"1988489645915525487","Wed Nov 12 06:10:50 +0000 2025","0","salah satu penyebab putusnya kabel 'Palapa Ring Tengah' akibat aktivitas gunung api di Kabupaten Kepulauan Sitaro Sulawesi Utara. https://t.co/vXQNhRxXc3","1988489645915525487","","","in","","0","0","0","https://x.com/undefined/status/1988489645915525487","18071520",
"1988483236738306262","Wed Nov 12 06:09:42 +0000 2025","0","@SteadyIROHA dd lagi di gunung?!?!","1988489361713659992","","SteadyIROHA","in","","0","1","0","https://x.com/undefined/status/1988489361713659992","2567022206",
"1988484795047752161","Wed Nov 12 06:08:11 +0000 2025","0","@puanjenaka ㅤ ️️ # YAYAAAAA IMUUTT. AKU HABIS HIBERNASII DI GUNUNG.. HuFt. ️ ⠀ ️","1988488977419301059","","puanjenaka","in","","0","0","0","https://x.com/undefined/status/1988488977419301059","808401254",
"1988482174920913338","Wed Nov 12 06:07:57 +0000 2025","0","@eurekasahi asah udh turun gunung","1988488920531890505","","eurekasahi","in","","0","1","0","https://x.com/undefined/status/1988488920531890505","1291774633331404800",
"1988475044578947226","Wed Nov 12 06:07:29 +0000 2025","0","@swarnadiva11 Bisa ya di gunung banyak pohon kelapanya","1988488804152545384","","swarnadiva11","in","","0","1","0","https://x.com/undefined/status/1988488804152545384","1336862676983562240",
"1988441884398940402","Wed Nov 12 06:05:34 +0000 2025","1","@RaniKancana Aku mendaki gunung terus jeng menyusuri sungai dan berakhir di tepi pantai....tetep aja aku kelelahan ","1988488321757245731","","RaniKancana","in","","0","1","0","https://x.com/undefined/status/1988488321757245731","1127842213461839872",
"1988257253993087301","Wed Nov 12 06:03:52 +0000 2025","0","@musyqil_ gunung bromo gunung kelud","1988487892717740522","","musyqil_","in","","0","0","0","https://x.com/undefined/status/1988487892717740522","1246977554365313024",
"1988487718419263788","Wed Nov 12 06:03:11 +0000 2025","0","Mau naik gunung Tapi ga ngeluarin duit ","1988487718419263788","","","in","","0","0","0","https://x.com/undefined/status/1988487718419263788","914789451095695360",
"1988487184849219613","Wed Nov 12 06:01:03 +0000 2025","1","Bhabinkamtibmas Polsek Batang Angkola Aiptu Ambosa Pasaribu mewakili Kapolsek Batang Angkola AKP R. Triharjanto S.H menghadiri kegiatan pelepasan bibit ikan di Desa Aek Gunung dalam rangka mendukung program ketahanan pangan. https://t.co/K9rolEiFSv","1988487184849219613","","","in","","0","0","0","https://x.com/undefined/status/1988487184849219613","1531598200749977601",
"1988433150809382994","Wed Nov 12 06:00:39 +0000 2025","0","@drazgons Gunung dhontoland sayang","1988487081640055077","","drazgons","in","","0","0","0","https://x.com/undefined/status/1988487081640055077","1979850894989778944",
"1988486766437732764","Wed Nov 12 05:59:24 +0000 2025","1","Bhabinkamtibmas Polsek Padang Bolak Aipda M. Hakim Harahap mewakili Kapolsek Padang Bolak AKP Muallim HRP S.H menghadiri kegiatan pengajian BKMT Kabupaten Padang Lawas Utara di Aula Masjid Raya Gunung Tua. Kehadiran Polri menjadi wujud dukungan https://t.co/b9j6JNNeNw","1988486766437732764","","","in","","0","0","0","https://x.com/undefined/status/1988486766437732764","1531598200749977601",
"1988486566831075709","Wed Nov 12 05:58:36 +0000 2025","1","Bhabinkamtibmas Polsek Padang Bolak Bripka Amranuddin Siregar melaksanakan pengamanan dan monitoring penyaluran BLT tahap II tahun 2025 di Desa Gunung Baringin Kec. Portibi. Kehadiran Polri memastikan kegiatan berjalan aman tertib https://t.co/7iuwFI0GjS","1988486566831075709","","","in","","0","0","0","https://x.com/undefined/status/1988486566831075709","1531598200749977601",
"1988270373620822366","Wed Nov 12 05:58:26 +0000 2025","0","@txtdrjkt bisa ngeliat gunung sampah nih dari sini","1988486525013876871","","txtdrjkt","in","","0","0","0","https://x.com/undefined/status/1988486525013876871","1041801948",
"1988486425646690646","Wed Nov 12 05:58:02 +0000 2025","0","Sebuah insiden geoteknik menimpa Jembatan Hongqi di Provinsi Sichuan Tiongkok. Jembatan sepanjang ±758 meter yang baru diresmikan beberapa bulan lalu ini mengalami keruntuhan sebagian akibat longsor dan pergeseran tanah di lereng gunung di sekitarnya. Sebelum kejadian pihak https://t.co/maZZJmYshz","1988486425646690646","https://pbs.twimg.com/amplify_video_thumb/1988486200873893888/img/8PUgopuv5AGzizGK.jpg","","in","","0","0","0","https://x.com/undefined/status/1988486425646690646","46693036",
"1988456771397259740","Wed Nov 12 04:54:48 +0000 2025","0","@rasjawa @rafaelm23th sok saha rangda nu moal ka beundeul ungal kabupaten ku dedegan model kiyeu.. rancamanyarmah lewaaaat.. gunung batu komo.. rancaekek baleendahmah d rawu.. soreang banjaran kalangkung.. https://t.co/76wAoo3jNc","1988470513153499308","","rasjawa","in","","0","0","0","https://x.com/undefined/status/1988470513153499308","1088680893961519104",
"1978273879521988756","Wed Nov 12 04:54:30 +0000 2025","0","@Taeyounz Alhamdulillah abang belum pernah dek #antiprengjon. Kamu pernah belum? Adh dd kok sotau gt emyu sering menang.. Kalo menang netijen diem kalo kalah bersuara makanya keliatan kalah. &gt;&lt; Abang gasuka mancimg wkwk abang naek gunung aja bareng pacar abang sama yang horror horror","1988470435458281726","","Taeyounz","in","","0","0","0","https://x.com/undefined/status/1988470435458281726","444258879",
"1988458407624622452","Wed Nov 12 04:54:22 +0000 2025","0","@fxclift Ga ada temen kl maen gunung wkwk","1988470400796578294","","fxclift","in","","0","0","0","https://x.com/undefined/status/1988470400796578294","2418971780",
"1988018166182932786","Wed Nov 12 04:52:56 +0000 2025","0","@direktoridosen @PNS_Garis_Lucu @PNS_Ababil @P2G_ID @Guru_PNS @BuruhPemda @pejabrut Klo dari ASN ke TNI bisa nggak ini?","1988470039264285107","","direktoridosen","in","","0","0","0","https://x.com/undefined/status/1988470039264285107","705413311",
"1988466942135398698","Wed Nov 12 04:52:31 +0000 2025","0","@txtFromRoblox Lagii suka bgt sama ava mancing Ak tambah 2 ava naik gunung. Ga terlalu heboh soalnya selera fesyenku sngt jelek https://t.co/iXV1xdaHhc","1988469936231198884","https://pbs.twimg.com/media/G5h22xfbkAE8p0I.jpg","txtFromRoblox","in","","0","0","0","https://x.com/undefined/status/1988469936231198884","822829744337063940",
"1988418917191348462","Wed Nov 12 04:51:44 +0000 2025","0","@arrssennicc kalo dr bantul k gunung kidul baru jauh","1988469739174465990","","arrssennicc","in","","0","0","0","https://x.com/undefined/status/1988469739174465990","1475112575230636038",
"1988440109654700369","Wed Nov 12 04:51:18 +0000 2025","1","@emapsptsr @shitlicious Anjir 27jt sebulan buat parkir doang","1988469629300396377","","emapsptsr","in","","0","0","0","https://x.com/undefined/status/1988469629300396377","705413311",
"1988450680319910350","Wed Nov 12 04:48:17 +0000 2025","0","@fajartujuhbelas @RainyNite_ Gunung Aktris JAV ","1988468869108040188","","fajartujuhbelas","in","","0","0","0","https://x.com/undefined/status/1988468869108040188","1794159042274971648",
"1988468773272383820","Wed Nov 12 04:47:54 +0000 2025","0","Cek SIXTYNINE PROJECT - Ace Black - Sandal Gunung Kasual Travelling Pria Wanita dengan harga Rp190.000. Dapatkan di Shopee sekarang! https://t.co/ACBPaH2ckj https://t.co/JM1oK7Zuph","1988468773272383820","https://pbs.twimg.com/media/G5h1zacbcAAVoQd.jpg","","in","","0","0","0","https://x.com/undefined/status/1988468773272383820","1891489597026447360",
"1988450011982774700","Wed Nov 12 04:46:05 +0000 2025","2","@alterxjogja Kalo abis naik gunung pegel² bisa pijit di aku ya kak","1988468317376647207","","alterxjogja","in","","0","0","0","https://x.com/undefined/status/1988468317376647207","1881171848769245184",
"1988453681319342087","Wed Nov 12 04:43:09 +0000 2025","0","@kahfmus Beh deh 20s ih aku msih berkutat di Aery ja nih gsn daily lawan naik gunung Tpi org sni pakenya 30s png jdinya make itu aja gasan dijual soalnya murah lwn nyaman","1988467579015532791","","kahfmus","in","","0","1","0","https://x.com/undefined/status/1988467579015532791","1185224127105228801",
"1988467554541859311","Wed Nov 12 04:43:03 +0000 2025","0","Selalu waspada banjir lahar yaaa! Di musim hujan banjir lahar di Gunung Merapi atau gunung api aktif lainnya berisiko bisa terjadi dengan membawa material vulkanik. Arusnya bisa deras dan datang tiba-tiba. https://t.co/7Cepz4Enb3","1988467554541859311","https://pbs.twimg.com/ext_tw_video_thumb/1988467533893206016/pu/img/wOUAtzt5doDs2t0q.jpg","","in","","0","1","0","https://x.com/undefined/status/1988467554541859311","1083207375861862400",
"1988450825103151195","Wed Nov 12 04:42:02 +0000 2025","0","@adoreleekimz ree AYOOKK GUNUNG LAGI AJA YOOKK","1988467296676049063","","adoreleekimz","in","","0","1","0","https://x.com/undefined/status/1988467296676049063","1611715171889868800",
"1988441519955824827","Wed Nov 12 04:41:35 +0000 2025","0","@Jewwpeace Kalo mau ke pantai pantai di gunung kidul apa aja jg bagus ko Ledok sambi kaliurang masuknya seikhlasnya yg terbaru jembatan penghubung kulon progo","1988467185350832389","","Jewwpeace","in","","0","0","0","https://x.com/undefined/status/1988467185350832389","129420003",
"1988463419591192949","Wed Nov 12 04:40:40 +0000 2025","0","@txtFromRoblox Gunung vd &amp; map random lainnyaa","1988466954353721478","","txtFromRoblox","in","","0","0","0","https://x.com/undefined/status/1988466954353721478","1973872882586730496",
"1988466788980715920","Wed Nov 12 04:40:01 +0000 2025","0","siapa sangka tadi ada abang abang bilang kita ketemu lagi kak aku hafal kak isa soalnya kita pernah joget bareng di gunung blonde (sdgkn digunung blonde begini) https://t.co/2N6G9wK3QM","1988466788980715920","https://pbs.twimg.com/media/G5hzxR7aoAAsKcw.jpg","","in","","0","0","0","https://x.com/undefined/status/1988466788980715920","1827399675084992514",
"1988442898153836953","Wed Nov 12 04:37:43 +0000 2025","0","@AdjieSanPutro Pas kecil pernah di gendong bapa naik gunung buat ketemu temen temen nya dan disana makan nasi liwet. Sepanjang jalan di nyanyiin lagu kupu kupu yang lucu dengan suara serak khas bapa.","1988466212117114897","","AdjieSanPutro","in","","0","0","0","https://x.com/undefined/status/1988466212117114897","1501130207419584516",
"1988253097953730833","Wed Nov 12 04:37:04 +0000 2025","0","@hii_ssunshine gunung ","1988466048564424736","","hii_ssunshine","in","","0","1","0","https://x.com/undefined/status/1988466048564424736","1770893254726488064",
"1988263928720486793","Wed Nov 12 04:34:25 +0000 2025","0","@ourchidia Timakasiii fringsessss akan ku cobaaa gunung itu nantiii","1988465381590397132","","ourchidia","in","","0","0","0","https://x.com/undefined/status/1988465381590397132","1939631529728344064",
"1988419553874112983","Wed Nov 12 04:32:33 +0000 2025","0","@situkangsaayur Gunung apa itu?","1988464910070935729","","situkangsaayur","in","","0","1","0","https://x.com/undefined/status/1988464910070935729","1460615975867281408",
"1988464898448519534","Wed Nov 12 04:32:30 +0000 2025","0","pengen recharge ke gunung/pantai","1988464898448519534","","","in","","0","0","0","https://x.com/undefined/status/1988464898448519534","1524369602964193280",
"1988464886855373018","Wed Nov 12 04:32:27 +0000 2025","11","Tunduk ege ketua turun gunung https://t.co/tDOEBBfKKJ","1988464886855373018","https://pbs.twimg.com/media/G5hyRvYbwAAt6og.jpg","","in","","0","0","0","https://x.com/undefined/status/1988464886855373018","1951934315442630656",
"1988182778480120133","Wed Nov 12 04:32:16 +0000 2025","0","@DindaLaw88 @O5Bravo Ya tetep aja salah. Demografi penduduk pantai disamakan dgn gunung aja dah salah. Pendekatannya digeneralisir ya hasilnya gak bakal sama. Kok gak paham2 sih? Dikira papua itu diisi satu suku doang? Yg di pesisir itu dah byk akulturasi gampang nerima budaya baru. Di gunung? Nope","1988464839954710980","","DindaLaw88","in","","0","0","0","https://x.com/undefined/status/1988464839954710980","1954354960323497984",
"1988464572433658218","Wed Nov 12 04:31:12 +0000 2025","0","Longsoran Batu di Gunung Gurutee Telah Dibersihkan Arus Lalu Lintas Kembali Lancar https://t.co/0sCw0Z1C6e","1988464572433658218","","","in","","0","0","0","https://x.com/undefined/status/1988464572433658218","1623966684754374662",
"1988464497422725122","Wed Nov 12 04:30:54 +0000 2025","1","Gue yakin panitianya dulu sd gambarnya cuma gunung + rumah yakan?","1988464497422725122","","","in","","0","0","0","https://x.com/undefined/status/1988464497422725122","1543573636581593088",
"1988463419591192949","Wed Nov 12 04:29:59 +0000 2025","0","@txtFromRoblox SEWH restoran tycoon grow a garden naik gunung","1988464265813192705","","txtFromRoblox","in","","0","0","0","https://x.com/undefined/status/1988464265813192705","755541277664358400",
"1988463419591192949","Wed Nov 12 04:29:48 +0000 2025","0","@txtFromRoblox kopo beach naik gunung gag sama dance koya seringnya","1988464220867096825","","txtFromRoblox","in","","0","0","0","https://x.com/undefined/status/1988464220867096825","1544574006908489729",
"1988464070836789417","Wed Nov 12 04:29:13 +0000 2025","0","GUNUNG KALCER GUNUNG APAAN ITU GILA MAU KE CP 2 SEJAM SENDIRI. STRESSSSSS.","1988464070836789417","","","in","","0","3","0","https://x.com/undefined/status/1988464070836789417","1978203204128321536",
"1988118266502615285","Wed Nov 12 04:28:07 +0000 2025","0","@Itsyummies @azaviarevalina @blacksvvanz Lawyer yg punya gunung uranium?","1988463797821133292","","Itsyummies","in","","0","0","0","https://x.com/undefined/status/1988463797821133292","979929993315667968",
"1988050290713784461","Wed Nov 12 04:27:42 +0000 2025","1","@ilhampurnama887 @xendless_s Semua ilmuwan perawi dan tokoh-tokoh asalnya Persia Irak dan sekitarnya. Dari kampung ndak ada. Naik gunung ndak ada yang bisa berenang ndak ada yang bisa ilmu Falak ndak bisa. Akhirnya jualan kain aja deh... ","1988463689855627354","","ilhampurnama887","in","","0","0","0","https://x.com/undefined/status/1988463689855627354","1534520507982561280",
"1988460654794338701","Wed Nov 12 04:24:39 +0000 2025","0","@karmievora asli gw buka rosblok di hp cuma kalo lagi kangen naik gunung atau main obi btw cha gw udah bisa ngepush yahayuk jir bangga gak lu sebagai org yang selalu gendong gw kemanapun dulu","1988462925120737775","","karmievora","in","","0","0","0","https://x.com/undefined/status/1988462925120737775","766493516281307136",
"1988223983418781957","Wed Nov 12 04:22:23 +0000 2025","33","@worksfess untuk yang berdomisili di kab Bogor (Cibinong Citereup Gunung Putri sekitarnya) sok mangga dicoba. Tugas : ngebantuin tim accounting. https://t.co/Utex3gSqve","1988462351893622819","https://pbs.twimg.com/media/G5hvm28bcAMbo2L.jpg","worksfess","in","","0","2","0","https://x.com/undefined/status/1988462351893622819","64977741",
"1988459268555546878","Wed Nov 12 04:19:36 +0000 2025","0","@unicefess Ready anjem &amp; jastip sekitar unnes atau luar kota juga bisaa https://t.co/iFxWCpQ96p Bisa cash cashless QRIS Helm 2 jas hujan 2","1988461651386056950","","unicefess","in","","0","0","0","https://x.com/undefined/status/1988461651386056950","1935533242813468672",
"1988461030482342056","Wed Nov 12 04:17:08 +0000 2025","0","masyallah naik gunung https://t.co/6ImsihKenE","1988461030482342056","https://pbs.twimg.com/media/G5huw-KbcAAgAjW.jpg","","in","","0","0","0","https://x.com/undefined/status/1988461030482342056","1186379338138054656",
"1988460376670024120","Wed Nov 12 04:14:32 +0000 2025","0","bahagia gw sederhana keknya. liat gunung salak aja udh bagus mood gw https://t.co/VPDM2bdzdC","1988460376670024120","https://pbs.twimg.com/media/G5huLJoasAAbmLB.jpg","","in","","0","0","0","https://x.com/undefined/status/1988460376670024120","178306990",
"1988221470435099096","Wed Nov 12 04:13:44 +0000 2025","5","@worksfess jadi ingat cerita seorang wanita datang interview tampil rapih. diterima kerja hari 1 dia datang pakai sandal gunung habislah disikat","1988460177813872712","","worksfess","in","","0","0","0","https://x.com/undefined/status/1988460177813872712","1455940443506495495",
"1988459989888041315","Wed Nov 12 04:13:00 +0000 2025","0","SEPULEN ITUUUU?!??? san ih jangan gitu dongggg!! cakep bener dah mas gunung ‍️","1988459989888041315","","","in","","0","0","0","https://x.com/undefined/status/1988459989888041315","1107848976756203520",
"1988201678819266666","Wed Nov 12 04:11:42 +0000 2025","0","@haechanyupi yuk yuk naik gunung hujk","1988459666335297878","","haechanyupi","in","","0","0","0","https://x.com/undefined/status/1988459666335297878","1688561881483808768",
"1988459273815474578","Wed Nov 12 04:10:09 +0000 2025","2","Jembatan Hongqi dengan panjang 758 meter yg menghubungkan Provinsi Sichuan China 🇨🇳 dengan Tibet runtuh dan mengalami kerusakan struktural dan tanah longsor di lereng gunung disekitar Jembatan. https://t.co/NTb1EucIX0","1988459273815474578","https://pbs.twimg.com/ext_tw_video_thumb/1988459212532576259/pu/img/eqtpgRupVFa0MTau.jpg","","in","","0","0","0","https://x.com/undefined/status/1988459273815474578","1548530637945982979",
"1988097862597763234","Wed Nov 12 04:09:42 +0000 2025","0","@pantai_gunung Tar deh kalo minat wkwk","1988459161613672697","","pantai_gunung","in","","0","0","0","https://x.com/undefined/status/1988459161613672697","1379674931336683521",
"1988450680319910350","Wed Nov 12 04:04:51 +0000 2025","0","@fajartujuhbelas Gunung Korea Gunung Jepang ","1988457938726605220","","fajartujuhbelas","in","","1","1","0","https://x.com/undefined/status/1988457938726605220","1794159042274971648",
"1988097862597763234","Wed Nov 12 04:03:46 +0000 2025","0","@appreeelll Nih sini","1988457670190448955","","appreeelll","in","","0","1","0","https://x.com/undefined/status/1988457670190448955","1935533242813468672",
"1988457292849934551","Wed Nov 12 04:02:17 +0000 2025","1","Dinas PUPR Kalteng melalui Bidang SDA lakukan survey dan monitoring review desain Daerah Irigasi di Gunung Mas. #PUPRKalteng #KaltengMembangun #SumberDayaAir #BanggaMelayaniBangsa https://t.co/KlxGru1NeJ","1988457292849934551","https://pbs.twimg.com/media/G5hqvXDbcAA1hgd.jpg","","in","","0","0","0","https://x.com/undefined/status/1988457292849934551","851272659539181573",
"1987253908050493730","Wed Nov 12 04:00:01 +0000 2025","0","@uzruki Tapi gua gapernah benci lu not? Maaf kalau gua se sundere itu menyatakan perasaan gua tp asal lu tau not ... gua sepeduli itu sama lu. Gua merasa hampa naik gunung tanpa lu not... HBD NOT may your life is full of love . ","1988456725423517850","","uzruki","in","","0","1","0","https://x.com/undefined/status/1988456725423517850","1833633273089822720",
"1988456414738841622","Wed Nov 12 03:58:47 +0000 2025","0","selain gunung map apalagi ya yg seru dimainin","1988456414738841622","","","in","","0","0","0","https://x.com/undefined/status/1988456414738841622","1980530133397303298",
"1988227932649910379","Wed Nov 12 03:56:43 +0000 2025","0","@20thcenturybois Cek dong gunung kemukus gitu ","1988455894146052150","","20thcenturybois","in","","0","0","0","https://x.com/undefined/status/1988455894146052150","1492516552067121154",
"1988455688117600667","Wed Nov 12 03:55:54 +0000 2025","1","manjat gunung berhadiah.","1988455688117600667","","","in","","0","0","0","https://x.com/undefined/status/1988455688117600667","3222804912",
"1988388556352766319","Wed Nov 12 03:55:50 +0000 2025","0","@dmsSUZU Aku malah ga kuat dingin tp suka gunung jg sih pen mendaki gunung apa cantik?","1988455670002426116","","verutatjana","in","","0","1","0","https://x.com/undefined/status/1988455670002426116","1358664592075853824",
"1988455366083178714","Wed Nov 12 03:54:37 +0000 2025","1","lagi males ikut open trip butuh temen naik gunung bulan januariiiii","1988455366083178714","","","in","","0","1","0","https://x.com/undefined/status/1988455366083178714","1769402399788331008",
"1988376292220412235","Wed Nov 12 03:53:56 +0000 2025","1","@YosAditya61 Gunung ceremai punya cerita/ menyimpan cerita misteri !yg deket jalan spt bong cina ya sobat ? met siang ttp semangat 🇮🇩️ https://t.co/KmO53dR8kN","1988455192212443556","https://pbs.twimg.com/ext_tw_video_thumb/1988455102030770177/pu/img/xujdEXYjg0FhVrGi.jpg","YosAditya61","in","","0","1","0","https://x.com/undefined/status/1988455192212443556","1480027640081698816",
"1988422584694960366","Wed Nov 12 03:53:46 +0000 2025","0","@UusRsd Ini hoax tibanan tulisan yang asli yang naik gunung kalau ga salah","1988455151456448730","","UusRsd","in","","0","0","0","https://x.com/undefined/status/1988455151456448730","2262248611",
"1988455081944248636","Wed Nov 12 03:53:29 +0000 2025","0","udah berapa hari ga on roblox grgr gamood habis di gunung atin ","1988455081944248636","","","in","","0","0","0","https://x.com/undefined/status/1988455081944248636","1980530133397303298",
"1988431278962835563","Wed Nov 12 03:52:46 +0000 2025","3","@f4kr0ls00d Deme yang tak nak berterus terang. Deme ingat PMX ketar ketir bila deme minta 40%. Sekali PMX kata teruskan. Sekarang duk nganga sebab deme dah jadi bodoh dan tolol. Terlebih tinggi high dari gunung Kinabalu. Geng umno pun main peranan juga ni.","1988454899248742500","","f4kr0ls00d","in","","0","0","1","https://x.com/undefined/status/1988454899248742500","1570575570467168256",
"1988454351883694442","Wed Nov 12 03:52:46 +0000 2025","1","@serenataloka tuh kan ampe serena aja turun gunung minta link kak iman ","1988454898686689405","","serenataloka","in","","0","0","0","https://x.com/undefined/status/1988454898686689405","1247469571985952771",
"1988453413257089155","Wed Nov 12 03:52:37 +0000 2025","0","@iyaslogic @Promenithe Gunung Velora Myas yg kmaren Declan dah summit.","1988454863014133940","","iyaslogic","in","","0","1","0","https://x.com/undefined/status/1988454863014133940","399339418",
"1987253908050493730","Wed Nov 12 03:51:13 +0000 2025","0","@uzruki Saran map gunung racing not","1988454509350461652","","uzruki","in","","0","1","0","https://x.com/undefined/status/1988454509350461652","1833633273089822720",
"1988289144959758845","Wed Nov 12 03:48:48 +0000 2025","11","@tanyakanrl Minta langsung sama yang maha besar nder Serius. Dia bikin gunung bikin dunia ini aja sangat mudah. Apalagi cuma kasih kita jodoh ","1988453901696422164","","tanyakanrl","in","","0","0","0","https://x.com/undefined/status/1988453901696422164","951827316870541312",
"1988433978161004899","Wed Nov 12 03:47:08 +0000 2025","0","@st_glop2 Pengin naik gunung juga. Tapi gak berani wkwkwk ","1988453480634478671","","st_glop2","in","","0","1","0","https://x.com/undefined/status/1988453480634478671","1853422738142298112",
"1988436760008028533","Wed Nov 12 03:46:45 +0000 2025","0","@dlyalogue bisa do gunung muria ga ka?","1988453383729303989","","dlyalogue","in","","0","1","0","https://x.com/undefined/status/1988453383729303989","1894203694750863360",
"1988452986197340281","Wed Nov 12 03:45:10 +0000 2025","1","habis ngabisin ini aku babat map map gunung https://t.co/MAEQCnzcIO","1988452986197340281","https://pbs.twimg.com/media/G5hncvJbcAAyA0l.jpg","","in","","0","4","0","https://x.com/undefined/status/1988452986197340281","1942501067297816576",
"1988450239133696469","Wed Nov 12 03:43:39 +0000 2025","23","@unicefess Infonya dah lari ke Kalimantan nderr https://t.co/BzrWjzNkre","1988452607074202097","https://pbs.twimg.com/media/G5hnG5aaUAAViIt.jpg","unicefess","in","","0","3","0","https://x.com/undefined/status/1988452607074202097","1935533242813468672",
"1988381993256857623","Wed Nov 12 03:43:13 +0000 2025","0","@seanflwrrr naek gunung aja naek gunung","1988452498345259443","","seanflwrrr","in","","0","1","0","https://x.com/undefined/status/1988452498345259443","1966472222522179584",
"1988452042034344329","Wed Nov 12 03:41:25 +0000 2025","1","Informasi Cuaca Terkini Kota Surabaya (12/11) 10.35 WIB - Hujan Ringan di Kecamatan : Benowo Pakal Rungkut Gunung Anyar Dihimbau Warga agr senantiasa waspada terhadap potensi cuaca ekstrem berupa hujan sedang hingga lebat disertai angin kencang.","1988452042034344329","","","in","","0","0","0","https://x.com/undefined/status/1988452042034344329","762497866501730304",
"1988452034178412562","Wed Nov 12 03:41:23 +0000 2025","0","Gara-gara ini lewat jadi keinget dulu ikut lomba menggambar terus penyelenggaranya (kalau gak salah) Honda dan temanya gambar motor EH AKU MALAH GAMBAR GUNUNG KARENA AWALNYA GAK TAU TEMA LOMBANYA ","1988452034178412562","","","in","","0","0","0","https://x.com/undefined/status/1988452034178412562","1352125412596322305",
"1988451986292043914","Wed Nov 12 03:41:11 +0000 2025","0","ada yang mau ikutan gua naik gunung lagi ga","1988451986292043914","","","in","","0","2","0","https://x.com/undefined/status/1988451986292043914","1255081403710136320",
"1988451964443840948","Wed Nov 12 03:41:06 +0000 2025","0","Nah iya bahkan di gunung sambil naik ke atas pun ada yg ngrokok kayak woi lah ga semua org suka atau kuat bau asap rokok njir minimal klo ngrokok nepi dulu ga yg sambil jalan di trek.","1988451964443840948","","","in","","0","0","0","https://x.com/undefined/status/1988451964443840948","1266555165768921088",
"1988391456319639940","Wed Nov 12 03:40:29 +0000 2025","0","@passjkt40 Gunung gede2","1988451809732784350","","passjkt40","in","","0","0","0","https://x.com/undefined/status/1988451809732784350","1885750234317479936",
"1988451573908086857","Wed Nov 12 03:39:33 +0000 2025","0","Bhabinkamtibmas Polsek Batang Angkola Aiptu Ambosa Pasaribu mewakili Kapolsek Batang Angkola AKP R. Triharjanto S.H menghadiri kegiatan pelepasan bibit ikan di Desa Aek Gunung dalam rangka mendukung program ketahanan pangan. https://t.co/cMxwZyRAfZ","1988451573908086857","https://pbs.twimg.com/media/G5hmKbmb0AA5Ro2.jpg","","in","","0","0","0","https://x.com/undefined/status/1988451573908086857","1822674501437698048",
"1988447014355693587","Wed Nov 12 03:39:31 +0000 2025","0","@ratuviha Persis seperti yang tak alami waktu proyek di Kediri. bangunan warehouse bentang lebar dengan desain sesuai regulasi teknis SNI Baja. Eh Gunung Kelud mbledhos. Abu-nya setebal 3-5 cm membebani penutup atap. Mleyot kabeh. ","1988451566383456574","","ratuviha","in","","0","0","2","https://x.com/undefined/status/1988451566383456574","120643601",
"1988444925000905205","Wed Nov 12 03:37:11 +0000 2025","0","@natczh ajuya sayangku cintaku my hero penakluk semua gunung di roblos makasih sayangku. T____T &lt;3 main lagi dong ","1988450977838723127","","natczh","in","","0","0","0","https://x.com/undefined/status/1988450977838723127","1978702807483219968",
"1988450879624896918","Wed Nov 12 03:36:47 +0000 2025","4","disana gunung disini gunung di tengah tengahnya pulau jawa... https://t.co/PFBqzh94NR","1988450879624896918","https://pbs.twimg.com/media/G5hliE1awAAnfVR.jpg","","in","","1","2","0","https://x.com/undefined/status/1988450879624896918","1467198433605795840",
"1988450772800176431","Wed Nov 12 03:36:22 +0000 2025","0","Bhabinkamtibmas Polsek Padang Bolak Aipda M. Hakim Harahap mewakili Kapolsek Padang Bolak AKP Muallim HRP S.H menghadiri kegiatan pengajian BKMT Kabupaten Padang Lawas Utara di Aula Masjid Raya Gunung Tua. https://t.co/3UwXPND9lc","1988450772800176431","https://pbs.twimg.com/media/G5hlb1ubcAMB81X.jpg","","in","","0","0","0","https://x.com/undefined/status/1988450772800176431","1822674501437698048",
"1988450675043561493","Wed Nov 12 03:35:59 +0000 2025","2","Gunung Andong.","1988450675043561493","","","in","","0","1","1","https://x.com/undefined/status/1988450675043561493","849255090",
"1988450346092687730","Wed Nov 12 03:34:40 +0000 2025","1","Ada gunung di jakarta https://t.co/zEIF0McK69","1988450346092687730","https://pbs.twimg.com/media/G5hlDEUbcAELavJ.jpg","","in","","0","0","0","https://x.com/undefined/status/1988450346092687730","1776808161745457152",
"1988450101002670534","Wed Nov 12 03:33:42 +0000 2025","0","Bhabinkamtibmas Polsek Padang Bolak Bripka Amranuddin Siregar melaksanakan pengamanan dan monitoring penyaluran BLT tahap II tahun 2025 di Desa Gunung Baringin Kec. Portibi. https://t.co/zNud49YRT1","1988450101002670534","https://pbs.twimg.com/media/G5hk0XIbcAMPFfU.jpg","","in","","0","0","0","https://x.com/undefined/status/1988450101002670534","1822674501437698048",
"1988432617327444325","Wed Nov 12 03:32:46 +0000 2025","17","@Lollylunox Sman 72 kemaren cuma gunung es aja maybe","1988449865031184635","","Lollylunox","in","","0","1","0","https://x.com/undefined/status/1988449865031184635","1794298849651212288",
"1988441661542670575","Wed Nov 12 03:32:41 +0000 2025","0","@unicefess Ready anjem &amp; jastip sekitar unnes atau luar kota juga bisaa https://t.co/iFxWCpQ96p Bisa cash cashless QRIS Helm 2 jas hujan 2","1988449844646867109","","unicefess","in","","0","0","0","https://x.com/undefined/status/1988449844646867109","1935533242813468672",
"1988320660519805334","Wed Nov 12 03:32:39 +0000 2025","0","@najasmine_ tidak terlalu suka gunung","1988449837348700381","","najasmine_","in","","0","1","0","https://x.com/undefined/status/1988449837348700381","1316641853773549568",
"1988449822417056121","Wed Nov 12 03:32:35 +0000 2025","0","Demo Gerakan Revolusi Jalanan Buru Desak Polisi Tangkap Mafia Bahan Kimia Gunung Botak https://t.co/vdeHIF0QYB","1988449822417056121","","","in","","0","0","0","https://x.com/undefined/status/1988449822417056121","1472817062900756487",
"1988446771366736171","Wed Nov 12 03:32:26 +0000 2025","0","@unicefess Ready anjem &amp; jastip sekitar unnes atau luar kota juga bisaa https://t.co/iFxWCpQ96p Bisa cash cashless QRIS Helm 2 jas hujan 2","1988449781132513374","","unicefess","in","","0","0","0","https://x.com/undefined/status/1988449781132513374","1935533242813468672",
"1988449657740202099","Wed Nov 12 03:31:56 +0000 2025","2","setelah turun dari gunung ini menyadari bahwa fisik ku belum seutuhnya siap semoga kedepanya bisa jauh lebih siap lagi next raung kalibaru! https://t.co/20vQjSf5kI","1988449657740202099","https://pbs.twimg.com/media/G5hkaxebkAAhdd_.jpg","","in","","0","2","0","https://x.com/undefined/status/1988449657740202099","1598298480706932736",
"1988449198417776825","Wed Nov 12 03:30:07 +0000 2025","0","kalo udah ngepush gunung jadi pengen vip anjir","1988449198417776825","","","in","","1","4","0","https://x.com/undefined/status/1988449198417776825","1530739414183292928",
"1988401021580980360","Wed Nov 12 03:29:45 +0000 2025","0","@Jaxxx_000000 Ayoo abis event kita naik gunung aja","1988449108919808298","","Jaxxx_000000","in","","0","0","0","https://x.com/undefined/status/1988449108919808298","2939016122",
"1988184512799645738","Wed Nov 12 03:28:56 +0000 2025","0","@blaugrana1O dan sampai saat ini mobil itu terus mundur kemungkin akan sampai di kaki gunung","1988448902820098155","","blaugrana1O","in","","0","0","0","https://x.com/undefined/status/1988448902820098155","1671603193359515648",
"1988223262170718407","Wed Nov 12 03:28:22 +0000 2025","1","@Sgrdamai Tempatnya dekat banget dengan pantai sawah dan gunung ... Yg suka alam pasti senang","1988448761002291593","","Sgrdamai","in","","0","1","0","https://x.com/undefined/status/1988448761002291593","1592547762842660865",
"1988097862597763234","Wed Nov 12 03:24:56 +0000 2025","0","@pantai_gunung Ga ada kompor kak","1988447894438113731","","pantai_gunung","in","","0","1","0","https://x.com/undefined/status/1988447894438113731","1379674931336683521",
"1988447670776549636","Wed Nov 12 03:24:02 +0000 2025","0","Erupsi Gunung Marapi 2025: Kolom Abu 400 Meter &amp; Imbauan PVMBG https://t.co/EDHbpzD55M","1988447670776549636","","","in","","0","0","0","https://x.com/undefined/status/1988447670776549636","1466815910518263808",
"1988447488320393483","Wed Nov 12 03:23:19 +0000 2025","2","hari ini berangkat kerja viewnya gunung","1988447488320393483","","","in","","0","0","0","https://x.com/undefined/status/1988447488320393483","1153007577925427200",
"1988447175651807313","Wed Nov 12 03:22:04 +0000 2025","0","Hampir 2 minggu ini keliatan Gunung terus. Udara Bekasi lagi bagus https://t.co/xfZBNF9MPH","1988447175651807313","https://pbs.twimg.com/media/G5hiKwmbcAI2POw.jpg","","in","","0","1","0","https://x.com/undefined/status/1988447175651807313","2164044032",
"1988447078515962166","Wed Nov 12 03:21:41 +0000 2025","0","Personel Polsek Takisung Polres Tanah Laut melaksanakan kegiatan Patroli Dialogis dan Kamtibmas di wilayah hukum Polsek Takisung khususnya di Desa Gunung Makmur Kecamatan Takisung Kabupaten Tanah Laut Selasa malam (11/11/2025). https://t.co/XVvVa3zak7","1988447078515962166","https://pbs.twimg.com/media/G5hiEQdbcAErR-2.jpg","","in","","0","0","0","https://x.com/undefined/status/1988447078515962166","1220215825207971840",
"1988446815080058943","Wed Nov 12 03:20:38 +0000 2025","0","Gunung Marapi Meletus Hari Ini Tinggi Kolom Abu Capai 400 Meter https://t.co/JajfSNIh5v","1988446815080058943","","","in","","0","0","0","https://x.com/undefined/status/1988446815080058943","132078023",
"1988446246068257130","Wed Nov 12 03:18:23 +0000 2025","0","Gunung","1988446246068257130","","","in","","0","0","0","https://x.com/undefined/status/1988446246068257130","1361545826",
"1988445783042195590","Wed Nov 12 03:16:32 +0000 2025","0","Lagi dan lagi.. target lain daripada MBG adalah pergerakan Ekonomi mulai dari gunung hingga lepas pantai.. Petani peternak hingga nelayan .. Yuk sukseskan https://t.co/Gk29zEGPiS","1988445783042195590","https://pbs.twimg.com/media/G5hg5WLb0AAXFYh.jpg","","in","","0","0","0","https://x.com/undefined/status/1988445783042195590","2217829813",
"1988445691073679420","Wed Nov 12 03:16:10 +0000 2025","0","sebenarnya setiap aja summit gunung pasti chanhee tuh update.. emang disuruh batasin main sama blio https://t.co/8uS7lMlYv7","1988445691073679420","https://pbs.twimg.com/media/G5hg0MSbcAQWVVm.jpg","","in","","0","0","0","https://x.com/undefined/status/1988445691073679420","1784263240966647808",
"1988240921675395092","Wed Nov 12 03:14:28 +0000 2025","0","@mbaditaaa boleh co in angin gunung fuji 10 mau gak","1988445262680060368","","mbaditaaa","in","","0","0","0","https://x.com/undefined/status/1988445262680060368","1536615986459451392",
"1988113818686476470","Wed Nov 12 03:14:05 +0000 2025","0","@MiskinTV_ Bukannya ini yg naik gunung itu ya?","1988445163652608175","","MiskinTV_","in","","0","0","0","https://x.com/undefined/status/1988445163652608175","181062184",
"1988444439279464847","Wed Nov 12 03:11:12 +0000 2025","0","Pingin naik gunung","1988444439279464847","","","in","","0","0","0","https://x.com/undefined/status/1988444439279464847","1156499883802542082",
"1988444391468659126","Wed Nov 12 03:11:01 +0000 2025","16","celana gw melorot give a fuck saku gw dalam gw simpan uang banyak gw simpan barang berat gw sama team kita gerak cepat profit masuk kali empat MASIH SURF ATAS OMBAK MASIH TINGGI MASIH DI ATAS AWAN GW NAMPAK GUNUNG FUJI KASIH JALAN BAG BERAT DATANG SINI gw gak main main","1988444391468659126","","","in","","1","0","1","https://x.com/undefined/status/1988444391468659126","1097435469330038784",
"1988444236203913374","Wed Nov 12 03:10:24 +0000 2025","0","lagi ngepush gunung pen berak jir","1988444236203913374","","","in","","0","0","0","https://x.com/undefined/status/1988444236203913374","1479754011100139520",
"1988401021580980360","Wed Nov 12 03:10:23 +0000 2025","0","@dearlyans ayo daki semua gunung","1988444232349347889","","dearlyans","in","","0","1","0","https://x.com/undefined/status/1988444232349347889","1963462138196103171",
"1945998905403158808","Wed Nov 12 03:09:52 +0000 2025","0","Istri dari trah Mbah tokariyo gebyog Dan saya juga dari trah Mbah tokariyo gunung kusan https://t.co/1HOvrCuBiM","1988444104146203053","https://pbs.twimg.com/media/G5hfXc3bEAACuuw.jpg","SMA_sederajat","in","","0","1","0","https://x.com/undefined/status/1988444104146203053","199790245",
"1988428035746570539","Wed Nov 12 03:07:10 +0000 2025","1","@berrieslova ak taunya gunung salak... pokoknya gunung lah ki entah gunung apa itu wakakak","1988443423020597331","","berrieslova","in","","0","0","0","https://x.com/undefined/status/1988443423020597331","1151534945656950784",
"1988443356142457254","Wed Nov 12 03:06:54 +0000 2025","1","Ratusan Relawan Bergerak Bersihkan Jalur Kritis di Gunung Pegat - #JatengGayeng https://t.co/jD7GM6xVNm https://t.co/tkbMGCILZE","1988443356142457254","https://pbs.twimg.com/media/G5hesO2asAAW_t2.jpg","","in","","0","0","1","https://x.com/undefined/status/1988443356142457254","839857283400024064",
"1985121489771987306","Wed Nov 12 03:04:35 +0000 2025","0","@Luthersford Enggak! Gunung Rinjani kan memang tingginya segitu..","1988442772664397949","","Luthersford","in","","0","1","0","https://x.com/undefined/status/1988442772664397949","1857952697439367168",
"1988442631781945782","Wed Nov 12 03:04:01 +0000 2025","1","Rejeki memiliki wajah sifat &amp; karakterny.. Rejeki sebagaimana maut tidak akan salah menemukan tuan ny.. Salah satu metode mengenali wajah rejeki (saling kenal) y d gunung..itu knp smua Nabi naek gunung.. Rejeki bkn hny soal uang mski uang pun trmksud rejeki.. bgtu yg ku pahami https://t.co/HKiAY61szn","1988442631781945782","https://pbs.twimg.com/ext_tw_video_thumb/1988442464383033344/pu/img/8lJBoov7d0UcLeRo.jpg","","in","","0","1","0","https://x.com/undefined/status/1988442631781945782","1065073322",
"1988428035746570539","Wed Nov 12 03:02:58 +0000 2025","0","@berrieslova gunung salak gaksih ki??..","1988442366244778162","","berrieslova","in","","0","1","0","https://x.com/undefined/status/1988442366244778162","1151534945656950784",
"1988441938576773164","Wed Nov 12 03:01:16 +0000 2025","1","Pustaka Alam: Gunung Bukan Tempat Sampah: Saat Pendakian Berubah... https://t.co/rw64YaDDeR","1988441938576773164","","","in","","0","0","0","https://x.com/undefined/status/1988441938576773164","1107340060519591936",
"1988441884398940402","Wed Nov 12 03:01:03 +0000 2025","40","Cinta sejati akan tahan uji. Mendaki gunung lewati lembah sungai mengalir indah ke samudera.. Lanjuut!","1988441884398940402","","","in","","2","16","7","https://x.com/undefined/status/1988441884398940402","1303615921550835712",
"1988441856913633745","Wed Nov 12 03:00:56 +0000 2025","0","Pustaka Alam: Hipotermia Saat Mendaki Gunung: Penyebab Pencegah... https://t.co/JkPjkdRDVm","1988441856913633745","","","in","","0","0","0","https://x.com/undefined/status/1988441856913633745","1107340060519591936",
"1988441722247147684","Wed Nov 12 03:00:24 +0000 2025","0","Pustaka Alam: Hiruk Pikuk Gunung Guntur: Tambang Pendakian Ileg... https://t.co/Qr4zddrMk4","1988441722247147684","","","in","","0","0","0","https://x.com/undefined/status/1988441722247147684","1107340060519591936",
"1988428035746570539","Wed Nov 12 02:57:27 +0000 2025","0","@poccariee Rill pas hr sabtu minggu lalu ak jg liat gunung putri(?) Pas pulang kantor jam 2an. Pdhl ak di jatiwaringin &amp; gunungnya keliatan jelas bgt","1988440979771453825","","poccariee","in","","0","1","0","https://x.com/undefined/status/1988440979771453825","1530885416102273024",
"1988408975449354375","Wed Nov 12 02:57:12 +0000 2025","1","@whydiwowo pecel gunung 10ewu kopi murni 4ewu penak e ole cs terke nek ndeso ngene sampek ga entek","1988440915988672947","","whydiwowo","in","","0","1","0","https://x.com/undefined/status/1988440915988672947","1603577301526286336",
"1988440706244092116","Wed Nov 12 02:56:22 +0000 2025","0","tumben dari mega kuningan keliatan gunung","1988440706244092116","","","in","","0","0","0","https://x.com/undefined/status/1988440706244092116","1212493764",
"1988440494414975363","Wed Nov 12 02:55:31 +0000 2025","1","Gunung tantik brsm my ayang gw.. @Heqeju https://t.co/0EqilWD7Hx","1988440494414975363","https://pbs.twimg.com/media/G5hcFjgbcAITizE.jpg","","in","","0","1","1","https://x.com/undefined/status/1988440494414975363","983449501124837377",
"1987361103068950959","Wed Nov 12 02:54:19 +0000 2025","0","@adachanyeolcuy Abis bertapa di gunung yeol","1988440191007412532","","adachanyeolcuy","in","","0","1","0","https://x.com/undefined/status/1988440191007412532","1771014240578736128",
"1988212817330327565","Wed Nov 12 02:52:20 +0000 2025","0","@Muthia911 bener banget sekali aja ngerasain .. th 2017 jalan sendiri ke gunung kidul pantai pok tunggal waktu itu belum ada listrik yg masuk. bermalam di rumah warga tanpa listrik hanya lampu minyak masih sepi pengunjung. wah itu bener2 pengalaman tak terlupakan.","1988439692266926469","","Muthia911","in","","0","0","0","https://x.com/undefined/status/1988439692266926469","240151317",
"1988438604260274281","Wed Nov 12 02:48:01 +0000 2025","2","Mimpi setinggi gunung Kinabalu. Dah dapat tapi masih tamak.","1988438604260274281","","","in","","0","3","0","https://x.com/undefined/status/1988438604260274281","1570575570467168256",
"1988431088839258388","Wed Nov 12 02:21:41 +0000 2025","0","️ Sebab tu hiking bukan sekadar naik gunung nak tengok view cantik. Ia latihan disiplin. Kau belajar ikut arahan jaga kawan dan hormat sistem.","1988431976827916531","","nuhairdinax","in","","0","1","0","https://x.com/undefined/status/1988431976827916531","755985470459219969",
"1985548917359198700","Wed Nov 12 02:21:33 +0000 2025","0","@_minsi Benar! Kok kamu udah bisa nebak gitu ya? Soalnya district aku itu MACHO maksimal. Iya kamu kelihatan kayak sedikit terpengaruh Rosblok ya? Semacam sangat antusias memancing dan mendaki gunung. Kamu hari ini abis memancing keributan di mana ya? Kepengen join.","1988431944787652816","","_minsi","in","","0","1","0","https://x.com/undefined/status/1988431944787652816","1304775633076011008",
"1988431776327626825","Wed Nov 12 02:20:53 +0000 2025","0","jarang uin viewnya gunung salak dan gede https://t.co/5xgybnmwq1","1988431776327626825","https://pbs.twimg.com/media/G5hUKMIbcAAZDDL.jpg","","in","","0","0","0","https://x.com/undefined/status/1988431776327626825","1435970144807702532",
"1988190519311392805","Wed Nov 12 02:20:42 +0000 2025","0","@alifmadani_ @bendratbear__ @yosepyy @romandika0ne Le turun gunung kapan nggeh niku","1988431729397526666","","alifmadani_","in","","0","0","0","https://x.com/undefined/status/1988431729397526666","1200305723491487744",
"1988431440435179905","Wed Nov 12 02:19:33 +0000 2025","0","Cek Sepeda gunung MTB 27.5 Inch Evergreen Ranger 545 Double disc brake 24 Speed dengan harga Rp900.000. Dapatkan di Shopee sekarang! https://t.co/85ZCxmMkjh https://t.co/deB1dkYPL4","1988431440435179905","https://pbs.twimg.com/media/G5hT24BbcAALLUC.jpg","","in","","0","0","0","https://x.com/undefined/status/1988431440435179905","570774603",
"1988431088839258388","Wed Nov 12 02:18:09 +0000 2025","0","Ramai Naik Gunung Tapi Tak Ramai Tahu Siapa Yang Jaga Nyawa Kita Kat Atas Sana. Ramai fikir mendaki ni cuma pasal stamina. Padahal dalam setiap trip hiking ada sistem ada struktur dan ada orang yang diam-diam pastikan semua balik dengan selamat.","1988431088839258388","","","in","","0","1","0","https://x.com/undefined/status/1988431088839258388","755985470459219969",
"1988430949537996872","Wed Nov 12 02:17:36 +0000 2025","1","Pelayanan polsek gunung sari https://t.co/jbLCYCWxWx","1988430949537996872","https://pbs.twimg.com/amplify_video_thumb/1988430916629446656/img/3lWq62GvhWPSLcdG.jpg","","in","","0","0","0","https://x.com/undefined/status/1988430949537996872","1589306233743642624",
"1988430579579396555","Wed Nov 12 02:16:08 +0000 2025","0","Naik-naik k puncak gunung ️ https://t.co/4cdy9EqjV2","1988430579579396555","https://pbs.twimg.com/media/G5hTEXxbcAQ9A6g.jpg","","in","","0","0","0","https://x.com/undefined/status/1988430579579396555","1340166423197282306",
"1988140205057208569","Wed Nov 12 02:15:59 +0000 2025","0","@roblox_fess Aku make kalo ke gunung doang nder itu juga jarang banget lebih ke pake torso sama handnya makanya cuma punya satu looks mana headless lagi. Percantik ava r6 ajaa aku juga fokus buat cantikin ava ava r6ku","1988430542866612564","","roblox_fess","in","","0","0","0","https://x.com/undefined/status/1988430542866612564","1627882473685401600",
"1988430024069050413","Wed Nov 12 02:13:55 +0000 2025","4","kan cuti hak karyawan org lain ada yg cuti buat nonton konser atau naik gunung atau liburan. hobi juga itu sama aja","1988430024069050413","","","in","","0","0","0","https://x.com/undefined/status/1988430024069050413","719615575",
"1988430010995404873","Wed Nov 12 02:13:52 +0000 2025","10","NOVEL SIRI JELAJAH ULUNG 02: MUSLIHAT TITIAN EMAS Karya @eiffelynne_ | Ilustrasi oleh Little &amp; Werewolf Kali ni pasukan X-VENTURE bakal membawa anda ke Gunung Ledang! Shopee: https://t.co/P2G9CDnbzU Lazada: https://t.co/aW6dRXCOdB TT Shop: https://t.co/XpxBgGDrgm https://t.co/MlmQ1Jq5H3","1988430010995404873","https://pbs.twimg.com/media/G5hShVVbcAMwp-8.jpg","","in","","0","0","10","https://x.com/undefined/status/1988430010995404873","1050539935491485696",
"1988122236340130007","Wed Nov 12 02:13:34 +0000 2025","0","@begula_xyz @MurtadhoRoy banyak yang dituduh PKI salah satunya anak2 di kalimantan sekolah ibuku dulu mereka anggota pramuka dan biasa bermukim digunung buat bantuin org2 yang luka tersesat atau kecelakaan di gunung satu kelompok dibantai di hutan karena di curigai PKI apakah dibenarkan juga?","1988429934524768451","","41styjhkinnie","in","","0","0","0","https://x.com/undefined/status/1988429934524768451","1819600488805158914",
"1988429654265655498","Wed Nov 12 02:12:27 +0000 2025","5","*::INFO BADAN GEOLOGI::* Berikut video kejadian awan panas guguran di Gunung Merapi 12/11/2025 - Pukul 07:35 WIB estimasi jarak luncur 1.700 m ke arah barat daya hulu Kali Krasak dengan amplitudo maksimal 9 mm dan durasi 125.2 detik. Angin bertiup ke arah timur. https://t.co/3fiGct6WlV","1988429654265655498","https://pbs.twimg.com/ext_tw_video_thumb/1988429625589198850/pu/img/GT5QDL2paomjoBEh.jpg","","in","","0","0","1","https://x.com/undefined/status/1988429654265655498","1481664544431042563",
"1988429534543442075","Wed Nov 12 02:11:58 +0000 2025","0","kt jg sempet ke gunung tp dia sm tmnnya si dan ak yng ikut ikut gdhl ga diajak AAA SEBENERNYA TAU DIRI AJA SOAJAIQKKAOAKA https://t.co/KkJqn3kgge","1988429534543442075","https://pbs.twimg.com/media/G5hSH3aaAAAfRzF.jpg","","in","","0","0","0","https://x.com/undefined/status/1988429534543442075","1484121211407790080",
"1988399849583374446","Wed Nov 12 02:10:01 +0000 2025","1","@pantai_gunung jangan giring opini semisal belum tau fakta/pov dari keduanya kak. bersimpati kepada yg digusur boleh tapi harus tetep objektif krn kita ga tau kan duduk masalah sebenarnya itu gimana","1988429040550838622","","pantai_gunung","in","","0","0","0","https://x.com/undefined/status/1988429040550838622","1031772270841057280",
"1988428035746570539","Wed Nov 12 02:06:01 +0000 2025","12","cerah bgt AAAAA keliatan gunung dari keretaku hwepiii https://t.co/aqGsGqJmSo","1988428035746570539","https://pbs.twimg.com/media/G5hQwdUbcAMryqx.jpg","","in","","0","1","0","https://x.com/undefined/status/1988428035746570539","1151534945656950784",
"1988393443966771417","Wed Nov 12 02:03:14 +0000 2025","0","@4ks4_r4R4x4 Gunung tuyul itu satu paket..makanya nongol tanpa diminta btw cakep juga ya kawah chandra dimuka boleh scroll di google https://t.co/I6SHR7GQhg","1988427334236709049","https://pbs.twimg.com/media/G5hQH5KbcAMACsN.jpg","4ks4_r4R4x4","in","","0","0","0","https://x.com/undefined/status/1988427334236709049","1132312425108107264",
"1987810611905126563","Wed Nov 12 02:02:57 +0000 2025","0","@pwetyliars @FishitROBLOX kenapa harus menang? karna kita harus merayakan aku dapet dino setelah sekian lama kena kutukan bone whale WKWKKWKW DAN AKU MAU PAMER PACARKU KALAU DAPETTTT karna dia yg ngidam akwoakwokaowka. tp kalau dapet robaks nak beli bodyy buat ava tinggiii karna aku suka naik gunung https://t.co/CwNGBf0XmG","1988427265575903534","https://pbs.twimg.com/media/G5hQD3BbwAAbnCJ.jpg","pwetyliars","in","","0","0","0","https://x.com/undefined/status/1988427265575903534","1209528614",
"1988427256595951804","Wed Nov 12 02:02:55 +0000 2025","0","gunung gede pangrango keliatan anjir dari flyover utan kayu","1988427256595951804","","","in","","0","0","0","https://x.com/undefined/status/1988427256595951804","1462800978193772544",
"1988427168138097024","Wed Nov 12 02:02:34 +0000 2025","0","Menelusuri Harta Karun Merdeka Copper (MDKA) di Gunung Tumpang Pitu #saham #infosaham #investasi https://t.co/rI8ZzKQvfu","1988427168138097024","","","in","","0","0","0","https://x.com/undefined/status/1988427168138097024","238091066",
"1988416452689617385","Wed Nov 12 01:19:59 +0000 2025","0","Gunung Talamau ️ https://t.co/Qjv3FJKfay","1988416452689617385","https://pbs.twimg.com/media/G5hGOB3bcAggprW.jpg","","in","","1","1","0","https://x.com/undefined/status/1988416452689617385","1973592754249932800",
"1988101920213348632","Wed Nov 12 01:19:26 +0000 2025","0","@pantai_gunung @unicefess aku ada harga ok nih kak boleh kakak dm aku ga ?","1988416311576477872","","pantai_gunung","in","","0","1","0","https://x.com/undefined/status/1988416311576477872","1950772585890971648",
"1987877277762544110","Wed Nov 12 01:18:57 +0000 2025","0","@dmsKARINA Baru main ekspedisi zombie sama gunung kotak gua masih noob bangett bagi id lu ta nanti gua konekin","1988416190512066736","","dmsKARINA","in","","0","0","0","https://x.com/undefined/status/1988416190512066736","1465996350",
"1988399849583374446","Wed Nov 12 01:18:07 +0000 2025","0","@pantai_gunung yakan emg ilegal itu tempat 25 tahun bro akhirnya menang juga pemilik tanahnya","1988415981627338999","","pantai_gunung","in","","0","0","0","https://x.com/undefined/status/1988415981627338999","1114554343473070080",
"1988415492617330824","Wed Nov 12 01:16:11 +0000 2025","0","Hlooo ada yg mau konek sm ak gk di !roblox drop aja usn kalian nnti ak konek yaa. Aku suka naik gunung nongkrong di SDF main map random gt2 tpi kurang suka map horror xixi. MDNI yaa https://t.co/fefo6VVN9j","1988415492617330824","https://pbs.twimg.com/media/G5hFWiaWoAAgj9t.jpg","","in","","1","8","0","https://x.com/undefined/status/1988415492617330824","1903872646678470656",
"1988203308750958909","Wed Nov 12 01:15:05 +0000 2025","0","@embersobat @ciqalbakal ga melulu tata ruang. bandung jg sama amburadulnya tp adem krn deket gunung.","1988415218683461770","","embersobat","in","","0","1","0","https://x.com/undefined/status/1988415218683461770","295416076",
"1988289769928094071","Wed Nov 12 01:14:26 +0000 2025","0","@roblox_fess ayooo mutualan! aku juga suka naik gunung","1988415054367346909","","roblox_fess","in","","0","0","0","https://x.com/undefined/status/1988415054367346909","2503467133",
"1988414394502705203","Wed Nov 12 01:11:55 +0000 2025","0","Kayak bayangin aja tambang di bawah gunung tapi dioperasiin pake sistem otomatis dan 5G connection. Ini udah kayak sci-fi meets mining industry vibes gitu ","1988414419144229374","","KangOmong","in","","0","1","0","https://x.com/undefined/status/1988414419144229374","1361159131097300995",
"1988040350381076972","Wed Nov 12 01:10:34 +0000 2025","0","@omomsambat @pantai_gunung perebutan kekuasaan","1988414082849140864","","omomsambat","in","","0","0","0","https://x.com/undefined/status/1988414082849140864","1225657614324789248",
"1988412990400631042","Wed Nov 12 01:06:14 +0000 2025","4","Kalo gini salah Gibran gitu? Trus aku yang harus sabar. Kalo pagi sarapan apa? Makan sabar https://t.co/izWpjvami2","1988412990400631042","https://pbs.twimg.com/media/G5hDE7yaMAEnvXw.jpg","","in","","0","4","0","https://x.com/undefined/status/1988412990400631042","1935533242813468672",
"1988412776038219900","Wed Nov 12 01:05:23 +0000 2025","0","hmmm larinya mau diganti naik gunung ajalah https://t.co/QppnWxyGbW","1988412776038219900","https://pbs.twimg.com/media/G5hC4GIbcAMzcCg.jpg","","in","","0","0","0","https://x.com/undefined/status/1988412776038219900","1965364633658949632",
"1988263524834115715","Wed Nov 12 01:03:23 +0000 2025","0","@ndraperkasa Itu di gunung Uludag Turki pak ️","1988412273627652331","","ndraperkasa","in","","0","2","0","https://x.com/undefined/status/1988412273627652331","1906279890",
"1988101920213348632","Wed Nov 12 01:03:21 +0000 2025","0","@unicefess Ready nder kos harian/perjam lossdolll km dalam https://t.co/nOJTuh490r","1988412264333132247","","unicefess","in","","0","1","0","https://x.com/undefined/status/1988412264333132247","1935533242813468672",
"1988097862597763234","Wed Nov 12 01:02:35 +0000 2025","0","@appreeelll Agak laen","1988412073223803087","","appreeelll","in","","0","1","0","https://x.com/undefined/status/1988412073223803087","1935533242813468672",
"1988411985499943404","Wed Nov 12 01:02:14 +0000 2025","0","terkadang kita baru bisa menghargai sesuatu jika sesuatu itu telah tiada (atau berkurang). contoh yang udah 2 mingguan ini tangga deket rumah gw ke kampus direnov akibatnya harus muter (dan naik-naik ke puncak gunung tentunya). waktu nambah rute juga berubah","1988411985499943404","","","in","","0","0","0","https://x.com/undefined/status/1988411985499943404","747000196437934080",
"1988411797939106275","Wed Nov 12 01:01:30 +0000 2025","0","mauuu kulineran di Swiss sambil nikmatin pemandangan gunung sm lembahnya","1988411797939106275","","","in","","0","0","0","https://x.com/undefined/status/1988411797939106275","1468372675378638848",
"1988411421051482559","Wed Nov 12 01:00:00 +0000 2025","1","Komaneka at Tanggayuda a hidden sanctuary above Ubud Dengan diskon 10% dari Kartu Debit &amp; Kredit BNI Mastercard kamu bisa nikmati retreat dengan view Gunung Batukaru &amp; Sungai Oos di sini. Serene spacious unforgettable. Penawaran berlaku hingga 31 Desember 2025 cek https://t.co/UfU5dhH1Nk","1988411421051482559","https://pbs.twimg.com/media/G5ELxcmbIAYONue.jpg","","in","","0","0","0","https://x.com/undefined/status/1988411421051482559","62455266",
"1988410917290385520","Wed Nov 12 00:58:00 +0000 2025","0","tbtb pengen naik gunung anjerrr","1988410917290385520","","","in","","0","1","0","https://x.com/undefined/status/1988410917290385520","1781649912985473024",
"1988388556352766319","Wed Nov 12 00:56:01 +0000 2025","0","@sgrloka Tidur di gunung ya?","1988410420860960967","","sgrloka","in","","0","1","0","https://x.com/undefined/status/1988410420860960967","1358664592075853824",
"1988388556352766319","Wed Nov 12 00:55:54 +0000 2025","0","@dmsCLAUDIE Gunung apa favorite mu?","1988410388002877890","","leilatashira","in","","0","0","0","https://x.com/undefined/status/1988410388002877890","1358664592075853824",
"1988399849583374446","Wed Nov 12 00:54:24 +0000 2025","0","@pantai_gunung Ini depan burjo bukan si?","1988410013451514178","","pantai_gunung","in","","0","0","0","https://x.com/undefined/status/1988410013451514178","1601848965720199168",
"1988092920206160255","Wed Nov 12 00:54:08 +0000 2025","0","@Gunung_Agoeng @ardisatriawan akun sosmed abal-abal tidak berhak berbicara tentang keberanian","1988409947223380374","","Gunung_Agoeng","in","","0","0","0","https://x.com/undefined/status/1988409947223380374","1469286415",
"1988409646961614887","Wed Nov 12 00:52:57 +0000 2025","1","GUNUNG GEDE GUNUNG PANGRANGO JAKARTA BOGOR ADA ISTANANYA PANGGUNG URANG PANGGEDE ISTANA BOGOR DAN JAKARTA","1988409646961614887","","","in","","0","1","0","https://x.com/undefined/status/1988409646961614887","1086706043856375808",
"1988399849583374446","Wed Nov 12 00:52:35 +0000 2025","0","@pantai_gunung ini bagian mana si","1988409557010575573","","pantai_gunung","in","","0","0","0","https://x.com/undefined/status/1988409557010575573","1623646187487399937",
"1988040350381076972","Wed Nov 12 00:51:55 +0000 2025","0","@pantai_gunung Ngopo iki gaes? @dinisahh17_","1988409389557182847","","pantai_gunung","in","","0","1","0","https://x.com/undefined/status/1988409389557182847","1204757954727006208",
"1988402285412798693","Wed Nov 12 00:48:21 +0000 2025","0","@magulionss @Cellyynn_ Gunung yg adaa lampion itu loh wkwk. Cuma naik nya yg duo..","1988408488377323587","","magulionss","in","","0","1","0","https://x.com/undefined/status/1988408488377323587","1752583916069011456",
"1987780593359396934","Wed Nov 12 00:43:55 +0000 2025","0","@tokopedijee ini mah Nokia N73 ketemu embun gunung","1988407375578235290","","tokopedijee","in","","0","0","0","https://x.com/undefined/status/1988407375578235290","1167836182056620032",
"1988407335283552342","Wed Nov 12 00:43:46 +0000 2025","1","Aku menyukai banyak hal: gunung pantai langit hujan bintang matahari terbenam dan yang banyak orang sudah tahu yaitu kamu. -Viewer","1988407335283552342","","","in","","0","0","0","https://x.com/undefined/status/1988407335283552342","1354063605117849602",
"1988407104047297010","Wed Nov 12 00:42:51 +0000 2025","0","wts preloved Jaket WIZI anti uv size M warna coffe (60.000) NIKE running revolution 8 size 40 insole 25cm warna white (630.000) keduanya baru dipake sekali utk naik gunung masi like new no minus lengkap dgn box #wts #wtb #preloved #prelov #jualbeli #zonauang #zonajajan https://t.co/KD5kXSygWE","1988407104047297010","https://pbs.twimg.com/media/G5g9t89bsAAeTWp.jpg","","in","","0","0","0","https://x.com/undefined/status/1988407104047297010","1810525046622011392",
"1988406758747107387","Wed Nov 12 00:41:28 +0000 2025","31","Padepokan Gunung Kawi Yang Percaya Percaya Aja ","1988406758747107387","","","in","","0","2","1","https://x.com/undefined/status/1988406758747107387","1542403534288584705",
"1988406728191602953","Wed Nov 12 00:41:21 +0000 2025","0","jl bantul arah jogja sekarang: (+) lebih luas dan pemandangannya jadi bagus langsung kelihatan 2 gunung (-) orang-orang makin racing astagfirullahaladzim kalau nyalip gak dikira-kira. jaga jarak aman udah gak ada artinya ","1988406728191602953","","","in","","0","1","0","https://x.com/undefined/status/1988406728191602953","1680460463333847040",
"1988402285412798693","Wed Nov 12 00:41:00 +0000 2025","0","@lunar_mamori @Cellyynn_ gunung apaniiiii","1988406638743875854","","lunar_mamori","in","","0","1","0","https://x.com/undefined/status/1988406638743875854","1905071668743278592",
"1988405695855960288","Wed Nov 12 00:39:53 +0000 2025","1","Travelling asal jangan ke gunung LOREAL WITH KRITTANUN #เซรั่มปลุกผมxPing #LorealproTH","1988406359667433621","","OYPMAY95","in","","0","0","0","https://x.com/undefined/status/1988406359667433621","1813403757432246272",
"1988406337173418436","Wed Nov 12 00:39:48 +0000 2025","0","jir udara pagi ini lg bagus coyyy gunung yg ada di bogor keliatan dr sawangan masa","1988406337173418436","","","in","","0","0","0","https://x.com/undefined/status/1988406337173418436","1431787120541061120",
"1988289769928094071","Wed Nov 12 00:33:15 +0000 2025","0","@roblox_fess mehh sini mehh suka naik gunung dan mancing","1988404689415922008","","roblox_fess","in","","0","0","0","https://x.com/undefined/status/1988404689415922008","1669282576530567169",
"1988403512745894054","Wed Nov 12 00:28:34 +0000 2025","0","Tumben bgt jkt keliatan gunung Such a nice view.. thanks God https://t.co/VQFGn2mI8t","1988403512745894054","https://pbs.twimg.com/media/G5g6dE-akAAIvhS.jpg","","in","","0","0","0","https://x.com/undefined/status/1988403512745894054","83994831",
"1988040350381076972","Wed Nov 12 00:25:45 +0000 2025","0","@pantai_gunung Adakah yg baik hati buat sedikit menjelaskan kejadian di kalimasada ituu??","1988402802629222559","","pantai_gunung","in","","0","0","0","https://x.com/undefined/status/1988402802629222559","1583627442882633728",
"1988402583522930824","Wed Nov 12 00:24:53 +0000 2025","0","gen z fomo. gaya hidup diatur standar tiktok. why not if the standar tiktok is better? Tren pulang kerja tenggo Tren lari Tren naik transum Tren naik gunung Tren konsumsi real food Tren kurangi gula Tren minum jamu TREN TIDAK MENIKAH KARENA BELUM MAMPU","1988402583522930824","","","in","","0","0","0","https://x.com/undefined/status/1988402583522930824","1639206110010970112",
"1988043582151028967","Wed Nov 12 00:24:25 +0000 2025","0","@ayamjogjahamil Di kaki Gunung Merapi ada batagor?","1988402468871696529","","ayamjogjahamil","in","","0","1","0","https://x.com/undefined/status/1988402468871696529","1942501839049744384",
"1988401929396117672","Wed Nov 12 00:22:17 +0000 2025","26","Penjual ikan di gunung kidul lupa Ingatan wisatawan ditagih 2x https://t.co/4ErjX6XldM","1988401929396117672","https://pbs.twimg.com/ext_tw_video_thumb/1988401554010071040/pu/img/AZ8f5YPDQiYu5t_k.jpg","","in","","1","3","6","https://x.com/undefined/status/1988401929396117672","1720304366467571712",
"1988384828077813883","Tue Nov 11 23:14:20 +0000 2025","0","pengen naik gunung lagi ahh ","1988384828077813883","","","in","","0","0","0","https://x.com/undefined/status/1988384828077813883","1773276925991219200",
"1988384738906960043","Tue Nov 11 23:13:58 +0000 2025","0","07.13 Simpang Gunung Lingai &amp; simpang Alaya : Antrian kendaraan normal Situasi arus lalin lancar. #MinYn https://t.co/cs3vNBd9BR","1988384738906960043","https://pbs.twimg.com/media/G5gpVzzbcAg0P-3.jpg","","in","","0","0","0","https://x.com/undefined/status/1988384738906960043","240460194",
"1987678124289503400","Tue Nov 11 23:10:06 +0000 2025","0","@skipnothiing @SolaceDevelops @TalonMidnight @roblox_fess Jadi keinget gue daki salah satu gunung yang cpnya ada 24/26. Ini gue main dari jam 12.30-4.30 baru beres tuh krn emang sulit medannya (ya bagiku ini hard level setelah daun). Posisi di chat itu kan rame dan w salfok ada anak sekolah chat kalo dja masih stuck di cp 13 dan-","1988383764565946820","","skipnothiing","in","","0","1","0","https://x.com/undefined/status/1988383764565946820","1424098790320058369",
"1988383262310580632","Tue Nov 11 23:08:06 +0000 2025","0","NYANGKA GA KALIAN TERNYATA MANTAN GUA JUGA TEKTOK DI GUNUNG YANG SAMA TAPI KITA GAK SAMA SEKALI PAPASAN MAUPUN DATANG ATAU PULANG DYEMMMMMMMMMMMMMMM memang takdir tidak menemukan kita kembali","1988383262310580632","","","in","","0","0","0","https://x.com/undefined/status/1988383262310580632","1844184257704624129",
"1988202771850608712","Tue Nov 11 23:06:46 +0000 2025","0","@ursweetykiwi Kasih paham keyyy wkwkw","1988382927718412544","","ursweetykiwi","in","","0","0","0","https://x.com/undefined/status/1988382927718412544","1935533242813468672",
"1988202771850608712","Tue Nov 11 23:04:21 +0000 2025","0","@pantai_gunung beda cerita itu kak tp btw kasarin balik aja","1988382319066189981","","pantai_gunung","in","","0","1","0","https://x.com/undefined/status/1988382319066189981","1086299100197249024",
"1988381163535442161","Tue Nov 11 23:04:09 +0000 2025","0","@rarapiuww Naik gunung kaka","1988382267153281110","","rarapiuww","in","","0","0","0","https://x.com/undefined/status/1988382267153281110","1722540604281012224",
"1988202771850608712","Tue Nov 11 23:03:27 +0000 2025","0","@ursweetykiwi Kalo banyak uang tapi suamimu kasar main tangan kdrt gmn key?","1988382089734230329","","ursweetykiwi","in","","0","1","0","https://x.com/undefined/status/1988382089734230329","1935533242813468672",
"1988202771850608712","Tue Nov 11 23:02:46 +0000 2025","0","@pantai_gunung apapun masalahnya uwang solusinya","1988381920137490571","","pantai_gunung","in","","0","1","0","https://x.com/undefined/status/1988381920137490571","1086299100197249024",
"1988253547889369429","Tue Nov 11 23:00:27 +0000 2025","1","@serenewra Sing tenang","1988381335388647603","","serenewra","in","","0","1","0","https://x.com/undefined/status/1988381335388647603","1935533242813468672",
"1988140205057208569","Tue Nov 11 23:00:24 +0000 2025","0","@roblox_fess Gunung club atau yang ada voice-nyaaa.","1988381325477507137","","roblox_fess","in","","0","0","0","https://x.com/undefined/status/1988381325477507137","1893366935477460995",
"1988380960430453250","Tue Nov 11 22:58:57 +0000 2025","3","Gunung 3000 an MDPL aja aku tektokin apalagi menjemputmu ! Selamat pagi..selamat beraktifitas #GunungPangrango https://t.co/x9uXdsZYR7","1988380960430453250","https://pbs.twimg.com/ext_tw_video_thumb/1988380893623533568/pu/img/EsnZodckQrnkHQcQ.jpg","","in","","0","1","1","https://x.com/undefined/status/1988380960430453250","1127842213461839872",
"1988378943762952468","Tue Nov 11 22:50:57 +0000 2025","1","orang-orang ko bisa pada naek gunung aku beranjak dari kasur aja udh bersyukur","1988378943762952468","","","in","","0","1","0","https://x.com/undefined/status/1988378943762952468","1713000889395617792",
"1988372225020621183","Tue Nov 11 22:50:12 +0000 2025","1","@dumbq_ ka tol serpong-cinere nu baru tea pak teras muih ka tol depok- cimanggis-cibitung tea tah ngke nemu lingkar tol Gunung sampah Bantar gebang/burangkeng belok deh arah tol baru ngke nemu tol sadang masuk cipularang tebih oge eta MAHAL deuih wkwk","1988378757498069446","","dumbq_","in","","0","1","0","https://x.com/undefined/status/1988378757498069446","83767750",
"1988376616721064092","Tue Nov 11 22:48:17 +0000 2025","0","gw juga tau tentang gunung tentang sepeda tentang VOLI MAYBEE LU KAN SUKA VOLI GUA JUGA BISA MAIN VOLI COK tentang apalagi ayo ngobrol ajjg ","1988378275291549822","","100persengila","in","","0","0","0","https://x.com/undefined/status/1988378275291549822","1911955242373296128",
"1988118266502615285","Tue Nov 11 18:36:21 +0000 2025","13","@Itsyummies @azaviarevalina @blacksvvanz Lawyer lu yg punya gunung di Parung itu?","1988314871101043129","","Itsyummies","in","","0","1","0","https://x.com/undefined/status/1988314871101043129","190272606",
"1987821418919379050","Tue Nov 11 18:23:54 +0000 2025","0","@tromboshxt @anonbutkind Iyaa kalo ada status biasanya lg main gunung vd sering bgt dia matiin tapi akhirnya sering ketangkep basah krn satu server . HAHA kesan pertama cyn dengan tedi jelek yaa . Oke okee kalo ga mau ada tedi boleh ajaa asal ga ketauan wkwk","1988311739818242544","","tromboshxt","in","","0","1","0","https://x.com/undefined/status/1988311739818242544","1518111340782841857",
"1988095397320134803","Tue Nov 11 18:23:45 +0000 2025","1","@MuhammadTuhasan Kesalahannya pada iklan kalian kenapa kalian pake gambar gunung seolah ingin mengatakan airnya didapat dari air terjun gunung yg jernih","1988311701826220501","","MuhammadTuhasan","in","","0","0","0","https://x.com/undefined/status/1988311701826220501","1382695780994154502",
"1987938336715993307","Tue Nov 11 18:19:20 +0000 2025","0","@tirta_cipeng @tanyakanrl Anjir Ampe turun gunung.","1988310591413645542","","tirta_cipeng","in","","0","0","0","https://x.com/undefined/status/1988310591413645542","701383134256836609",
"1988309397244908008","Tue Nov 11 18:14:35 +0000 2025","4","demi tuhan yang maha pengasih lagi maha penyayang hambamu ini ingin sekali naik gunung lagi","1988309397244908008","","","in","","0","0","1","https://x.com/undefined/status/1988309397244908008","1820469097580347392",
"1988149513610293386","Tue Nov 11 18:12:33 +0000 2025","0","@somexthread Jaman udah maju ini panitia patokannya mewarnai gambar gunung stngah lingkaran sama sawah kotak gitu? Unik unikk","1988308882444501236","","somexthread","in","","0","0","0","https://x.com/undefined/status/1988308882444501236","3477463992",
"1983791684845797561","Tue Nov 11 18:10:29 +0000 2025","0","@onceinblunemoon OMG I JUST SAW THIS. temennya naik gunung kak.","1988308364099809717","","onceinblunemoon","in","","0","1","0","https://x.com/undefined/status/1988308364099809717","1940097827960758274",
"1988307226872996029","Tue Nov 11 18:06:05 +0000 2025","0","7. bikin handshake yg durasinya 5 mnit biar gx pulang pulang 8. ke pantai pagi pagi 9. ke danau wisdom (akw lom pernah) 10. sepedaan 11. naik gunung(?) 12. bikin highlight khusus hrz 13. jogging bareng..... 14. KEMANA AJA AKW IKUT YG PNTING SAMA HRZ","1988307255926903107","","kaleelicious","in","","0","1","0","https://x.com/undefined/status/1988307255926903107","1272135331018489856",
"1988304681865802127","Tue Nov 11 17:55:51 +0000 2025","0","assalamualaikum turun gunung dulu alias long time no see warga~","1988304681865802127","","","in","","0","0","0","https://x.com/undefined/status/1988304681865802127","482798200",
"1988141028583633375","Tue Nov 11 17:52:08 +0000 2025","0","@saynoptodrugs klo gunung dubs?","1988303746946965898","","saynoptodrugs","in","","0","0","0","https://x.com/undefined/status/1988303746946965898","375023270",
"1988302286851109151","Tue Nov 11 17:46:20 +0000 2025","0","&amp;#8220;Doa untuk Gunung yang Tak Mau Tidur&amp;#8221; https://t.co/9OnUmbPcvu https://t.co/RauNVMiZK0","1988302286851109151","https://pbs.twimg.com/media/G5feX7SbcAItyco.jpg","","in","","0","0","0","https://x.com/undefined/status/1988302286851109151","1893516314804920321",
"1988202593764409450","Tue Nov 11 17:44:59 +0000 2025","0","@Cariapayakak1 @tanyarlfes ke kota aja gunung pantai","1988301948190388493","","Cariapayakak1","in","","0","0","0","https://x.com/undefined/status/1988301948190388493","1384918932809609219",
"1988160679698964785","Tue Nov 11 17:37:14 +0000 2025","0","@kenhans03 Beneran hokagenya konoha turun gunung","1988299995217621267","","kenhans03","in","","0","0","0","https://x.com/undefined/status/1988299995217621267","1876518748661878784",
"1988298556860756063","Tue Nov 11 17:34:36 +0000 2025","0","admin2nya jg cuih najis amat mending gue main gunung ","1988299333494821116","","corgti","in","","0","0","0","https://x.com/undefined/status/1988299333494821116","1460973485514104833",
"1988153551340925280","Tue Nov 11 17:33:19 +0000 2025","0","@lalalosttty it lowk ties that one with turun dari gunung membeli jagung bakar or sth along those lines ","1988299011942740320","","lalalosttty","in","","0","1","0","https://x.com/undefined/status/1988299011942740320","1078191829739139072",
"1987915783704564066","Tue Nov 11 17:29:59 +0000 2025","0","@7elevne Kerenn semua gunung roblox bakal dihajar semua inii","1988298173400707110","","7elevne","in","","0","0","0","https://x.com/undefined/status/1988298173400707110","1980960327853604864",
"1987667427568800206","Tue Nov 11 17:28:49 +0000 2025","0","@Gunung_Agoeng @Flyingfighter27 Bener. Ini juga PKI yang ngelarang jilbab kan? Hahahaa https://t.co/PLpJDsLQax","1988297877853270421","https://pbs.twimg.com/media/G5faYNDaEAA4daD.jpg","Gunung_Agoeng","in","","0","0","0","https://x.com/undefined/status/1988297877853270421","1640812467902205963",
"1988285898031853684","Tue Nov 11 17:26:39 +0000 2025","0","@kaelriyal @Ankel Makanya ayo gunung bareng biar kita bs fotbar rame lagi","1988297332673454366","","kaelriyal","in","","0","1","0","https://x.com/undefined/status/1988297332673454366","1967438348529831937",
"1988297090456486382","Tue Nov 11 17:25:41 +0000 2025","0","Ini gunung cantik banget dah https://t.co/FBmiQ0wPwd","1988297090456486382","https://pbs.twimg.com/media/G5fZqkbbcActmmY.jpg","","in","","0","2","0","https://x.com/undefined/status/1988297090456486382","1928700063729201154",
"1988296188173734359","Tue Nov 11 17:22:06 +0000 2025","0","Kak Gusta Aktivis Jl. Kartika No. 2 RT 002 RW 02 Komp Kemhan/Mabes TNI Kelapa Dua Pasir Gunung Selatan Cimanggis Depok 16451 https://t.co/SrpNo3EsNd","1988296188173734359","https://pbs.twimg.com/media/G5fY11mbcAM0Ugi.jpg","","in","","0","0","0","https://x.com/undefined/status/1988296188173734359","1503382357570510854",
"1988286033411404108","Tue Nov 11 16:41:45 +0000 2025","4","Naik gunung Ada kapal karam Ada kapal bestiean doang Ada prettyest https://t.co/56GuGikHjp","1988286033411404108","https://pbs.twimg.com/media/G5fPXAJbMAA6thn.jpg","","in","","0","1","0","https://x.com/undefined/status/1988286033411404108","1675931834092486656",
"1988285424373297620","Tue Nov 11 16:40:13 +0000 2025","0","Pengen kemping naik gunung tapi pengen bawa anak.","1988285648147734538","","foogeekaze","in","","0","1","0","https://x.com/undefined/status/1988285648147734538","1567048958882754563",
"1988112912159039551","Tue Nov 11 16:38:37 +0000 2025","0","@czichs Bersiaplah menaklukan setiap gunung","1988285242508275868","","czichs","in","","0","0","0","https://x.com/undefined/status/1988285242508275868","1636351539001561088",
"1988285126636433492","Tue Nov 11 16:38:09 +0000 2025","0","setujuuu aku dengan senang hati naik ke puncak gunung soalnya banyak mau kalau di bawah (maunya deket kayak tds2) (di atas juga sih maunya center) hehe","1988285126636433492","","","in","","0","0","0","https://x.com/undefined/status/1988285126636433492","1298460391698132993",
"1987826889558511760","Tue Nov 11 16:37:48 +0000 2025","0","@matchamatchiee Gunung apa ?","1988285038241476951","","matchamatchiee","in","","0","0","0","https://x.com/undefined/status/1988285038241476951","1980323074437472256",
"1988271119330337245","Tue Nov 11 16:37:03 +0000 2025","0","@mijnsputnik Eh ada tuh yg namanya gunung duntul ntar kita make karakter adit atau dontol. Gue dah lewatin cp 1 pas dilanjut gue mentok di tangga ngambang... Bingung loncatnya. Kaki ava gue pendek","1988284850642825441","","mijnsputnik","in","","0","1","0","https://x.com/undefined/status/1988284850642825441","1979850894989778944",
"1988242141806838008","Tue Nov 11 16:34:38 +0000 2025","0","@obcerve idih long run kek ato naik gunung. masa cuman jogging","1988284242779140189","","obcerve","in","","0","1","0","https://x.com/undefined/status/1988284242779140189","1355526935497986053",
"1988282726932508834","Tue Nov 11 16:28:37 +0000 2025","0","Gw pas tinggal deket pantai : misuh krna wlopun ujan ttp ada hawa panasnya Gw pas tinggal di gunung : misuh juga soalnya anginnya kenceng banget ampe lantai 2 tetangga gw copot ","1988282726932508834","","","in","","0","1","0","https://x.com/undefined/status/1988282726932508834","1621526167751892994",
"1987076397651710425","Tue Nov 11 16:28:13 +0000 2025","0","@Sunghuon @mfselfol Sorry kalau gengsi nya segede gunung everest","1988282627653337370","","Sunghuon","in","","0","1","0","https://x.com/undefined/status/1988282627653337370","1507016655943380999",
"1988282235867590718","Tue Nov 11 16:26:40 +0000 2025","0","kapan ya hidup gue isinya cuma baca buku sambil ngopi atau hidup dipinggir pantai/kaki gunung sambil berkebun tanpa mikir kehidupan yg najis bgt ini","1988282235867590718","","","in","","0","0","0","https://x.com/undefined/status/1988282235867590718","1685663515330371584",
"1987960303787929829","Tue Nov 11 16:25:59 +0000 2025","0","@lemakmaneez Gegara busuk mulu itu map gue pindah manjat gunung aje","1988282067172700378","","lemakmaneez","in","","0","0","0","https://x.com/undefined/status/1988282067172700378","1612671066958356486",
"1988271119330337245","Tue Nov 11 16:23:55 +0000 2025","0","@mijnsputnik Pasti ga bisa manjat gunung","1988281546907021463","","mijnsputnik","in","","0","1","0","https://x.com/undefined/status/1988281546907021463","1979850894989778944",
"1988280779512967428","Tue Nov 11 16:20:52 +0000 2025","0","lol stasiun pirusa mau direaktivasi kapan yh ada rel ke gunung bromo","1988280779512967428","","","in","","0","0","0","https://x.com/undefined/status/1988280779512967428","1740388005482033152",
"1988132157169299577","Tue Nov 11 16:15:42 +0000 2025","0","@bayiprematurr @BebekMaul @SosmedAnu Ada kok dusun yg jauh dari desanya di sekitar gunung dengan akses lumayan sulit untuk dijangkau","1988279476590178609","","bayiprematurr","in","","0","0","0","https://x.com/undefined/status/1988279476590178609","624815742",
"1987704526657446282","Tue Nov 11 16:15:29 +0000 2025","2","@haqikbr @MikaelDewabrata Saya sebagai korban tsunami saat itu juga ngira hanya pasang biasa kak wkwk. Karena benar benar tidak ada tanda tsunami walaupun sejak sore gunung anak krakatau terus bergemuruh. Air sungai naik dengan banyak buih.","1988279423762919783","","haqikbr","in","","0","0","0","https://x.com/undefined/status/1988279423762919783","883200649931784192",
"1988276257617048044","Tue Nov 11 16:14:19 +0000 2025","0","@lumeroise Gak sih gw di gunung lain mana id lu?","1988279127854772342","","lumeroise","in","","0","1","0","https://x.com/undefined/status/1988279127854772342","3268820959",
"1988267323720167536","Tue Nov 11 16:12:28 +0000 2025","1","@mieayampoloss AK JG kepo bgt gmna lanjutan anak kcil yg pnya ilmu magis turun dri gunung nyari ayahnya itu","1988278664346382655","","mieayampoloss","in","","0","0","0","https://x.com/undefined/status/1988278664346382655","1783782576211255296",
"1988278566560428458","Tue Nov 11 16:12:05 +0000 2025","0","Serunya buat konten di gunung bareng tim. https://t.co/cVxswiNzqG","1988278566560428458","https://pbs.twimg.com/amplify_video_thumb/1988235748278235140/img/p9H9trE2q6aBAulj.jpg","","in","","0","0","0","https://x.com/undefined/status/1988278566560428458","110581726",
"1988210980799869173","Tue Nov 11 16:11:22 +0000 2025","0","@trustmee_ Camilan buat naik gunung. https://t.co/UqfGTxVK99","1988278385785925949","https://pbs.twimg.com/media/G5fIopabsAACT6q.jpg","trustmee_","in","","0","0","0","https://x.com/undefined/status/1988278385785925949","187388388",
"1988256019726921844","Tue Nov 11 14:42:29 +0000 2025","0","pengen naik gunung blm perna","1988256019726921844","","","in","","0","0","0","https://x.com/undefined/status/1988256019726921844","1551231142849757185",
"1988255846799667352","Tue Nov 11 14:41:48 +0000 2025","2","Diseminasi Sekolah Kaki Gunung 2.0! ️12-13 November 2025 Sajogyo Institut Terbuka untuk umum! https://t.co/zqMRUF0hdt","1988255846799667352","https://pbs.twimg.com/media/G5e0JuDbcAUbY2k.jpg","","in","","0","0","0","https://x.com/undefined/status/1988255846799667352","1692738108",
"1988142172139589783","Tue Nov 11 14:41:47 +0000 2025","1","@AntarticaSnowWW @Subur0204 @LatifDodi49201 Itu organisasi kiri alias komunis...","1988255843033509923","","AntarticaSnowWW","in","","0","0","0","https://x.com/undefined/status/1988255843033509923","1701624074877984768",
"1988255585108980065","Tue Nov 11 14:40:46 +0000 2025","32","Cari Lampu Hijau Thomas udah ngetag Kong kayak sertifikat tanah SHM anti gugat. Nyebur 7 lautan atau naik gunung pakai sendal jepit pun hayuk. Tapi mertua cuma minta satu: bola ubi kopong. Thomas panik. Goreng telor aja gosong apalagi buat bola ubi kopong? a #thomaskong au https://t.co/eHKcoY53hX","1988255585108980065","https://pbs.twimg.com/media/G5ez6uCbcAIQpNv.jpg","","in","","0","1","10","https://x.com/undefined/status/1988255585108980065","1528001366408699904",
"1987941494234509404","Tue Nov 11 14:40:32 +0000 2025","0","@ymyriv Salam kenal Eve. Kamu bisa panggil saya Ivan Sulli Theo atau apa aja.. Saya ikut aja nih.. Hahaha Yahayuk gunung stress (buat saya). Kalau dari roblox memang susah saya dari sekian banyak connection dapatnya dari fish it cuma buat nambah luck mancing :)","1988255526967242847","","ymyriv","in","","0","0","0","https://x.com/undefined/status/1988255526967242847","1898473188155338752",
"1988249711376265393","Tue Nov 11 14:40:18 +0000 2025","0","@pantai_gunung mana aku punya 4 varian scarlett serius gaada yang bilang aku wangi?","1988255469648138465","","pantai_gunung","in","","0","0","0","https://x.com/undefined/status/1988255469648138465","1477560371045023747",
"1988040350381076972","Tue Nov 11 14:39:46 +0000 2025","0","@pantai_gunung Info kronologi kak","1988255333647892780","","pantai_gunung","in","","0","0","0","https://x.com/undefined/status/1988255333647892780","1751681236480016384",
"1988254956621885517","Tue Nov 11 14:38:16 +0000 2025","0","Kapan yah momen cuti buat naik gunung terulang","1988254956621885517","","","in","","0","0","0","https://x.com/undefined/status/1988254956621885517","720051634303148032",
"1988095397320134803","Tue Nov 11 14:37:34 +0000 2025","0","@MuhammadTuhasan Padahal mata air gunung juga dari air tanah yang keluar.","1988254782495334774","","MuhammadTuhasan","in","","0","0","1","https://x.com/undefined/status/1988254782495334774","1227083919025221632",
"1988254690618835360","Tue Nov 11 14:37:12 +0000 2025","0","tahun ini made it to bali nuda penida bandung malang bromo gunung kencana gunung pakuan gunung kuta gunung papandayan gunung halimun gunung ciputri gunung merbabu bandung lagi.. wonder apalagi thn depan","1988254690618835360","","","in","","0","0","0","https://x.com/undefined/status/1988254690618835360","176715085",
"1988247863780848045","Tue Nov 11 14:36:11 +0000 2025","0","@fessthaii Eh kalo beneran plis info info nder aku siap menghampiri meski di gunung Kidul sekalipun","1988254435148263933","","fessthaii","in","","0","0","0","https://x.com/undefined/status/1988254435148263933","1110158659835682816",
"1988246951033532502","Tue Nov 11 14:34:36 +0000 2025","0","@pantai_gunung bjir beli barbie dmn ka","1988254033358774554","","pantai_gunung","in","","0","0","0","https://x.com/undefined/status/1988254033358774554","1496317739249516546",
"1988253892040098090","Tue Nov 11 14:34:02 +0000 2025","0","pengen naik gunung","1988253892040098090","","","in","","0","0","0","https://x.com/undefined/status/1988253892040098090","1939132080140754947",
"1988253888131043612","Tue Nov 11 14:34:01 +0000 2025","2","abang-abang bola hrdbacot sampe abang-abang film jadi turun gunung semua kan malu aturan mah ih","1988253888131043612","","","in","","0","0","0","https://x.com/undefined/status/1988253888131043612","1581961886735532033",
"1988253587953336764","Tue Nov 11 14:32:49 +0000 2025","0","si idung gunung kerinci","1988253587953336764","","","in","","0","0","0","https://x.com/undefined/status/1988253587953336764","1242615541186965504",
"1988253213745705077","Tue Nov 11 14:31:20 +0000 2025","1","Tak ramai orang tahu yang Dian Sastro ada cameo dalam filem Puteri Gunung Ledang.","1988253213745705077","","","in","","0","0","0","https://x.com/undefined/status/1988253213745705077","427164527",
"1988252965342486717","Tue Nov 11 14:30:21 +0000 2025","0","https://t.co/qWWdPJrHCM Korek jumbo buat prepare Muncak gunung. #Yellow #MELANJUTKANPERJUANGAN #Gengsi #Yati #PuncakShopee1111","1988252965342486717","","","in","","0","0","0","https://x.com/undefined/status/1988252965342486717","1306154300477906944",
"1988252922627715602","Tue Nov 11 14:30:11 +0000 2025","0","Banyak gunung yang belom di upload ntar aja deh ","1988252922627715602","","","in","","0","0","0","https://x.com/undefined/status/1988252922627715602","1975091278879821824",
"1988250736497725937","Tue Nov 11 14:27:22 +0000 2025","0","kk arno mah sepeda gunung juga tapi tampilannya tuh kyk sepeda lipat. nanti kk arno n kk junseo sepedaan date.","1988252215786828122","","junseohamil","in","","0","1","0","https://x.com/undefined/status/1988252215786828122","1381620677485023244",
"1988252133985337446","Tue Nov 11 14:27:03 +0000 2025","0","sesama kekasih sangkuasa itu punya tipe beda : ada yg serius ada yg suka becanda ada yg suka menangis ada yg tampilan orang gila ada yg manja kek anak kecil ada yg suka menyendiri di gunung ada yg disembunyikan","1988252133985337446","","","in","","0","0","0","https://x.com/undefined/status/1988252133985337446","1965589413276385284",
"1988238009897222337","Tue Nov 11 14:25:36 +0000 2025","0","@malkistgreentea apalagi kalo rapline yg turun gunung berkumpulah semua biasku","1988251769806459034","","malkistgreentea","in","","0","1","0","https://x.com/undefined/status/1988251769806459034","156173408",
"1988251295904604429","Tue Nov 11 14:23:43 +0000 2025","0","Ke inget dulu hampir di kriminalsisasi terus gunung kelud meletus kalo nyampe general kejadian mungkin bakalan lanjut 2006 part ii","1988251295904604429","","","in","","0","0","0","https://x.com/undefined/status/1988251295904604429","1551129534728060929",
"1988218321859473876","Tue Nov 11 14:22:43 +0000 2025","0","@retirementofyu Bintang laut dan gunung api","1988251042761601120","","retirementofyu","in","","0","0","0","https://x.com/undefined/status/1988251042761601120","1970797594076229632",
"1988251007692722438","Tue Nov 11 14:22:34 +0000 2025","0","Cerita di FTL Gunung Sahari : Ga mau kegeeran tapi itu kamu sengaja nungguin dan klaksonin tadi tuh? Tapi kalau waktu bisa diulang gue mau kenalan deh sekalian ","1988251007692722438","","","in","","0","0","0","https://x.com/undefined/status/1988251007692722438","282393407",
"1987695645251993779","Tue Nov 11 14:21:38 +0000 2025","1","@BentalaRakyat Talangsari tjpriok operatornya msh ada knp tdk kalian seret?? Kenapa dilemparkan ke org yg sdh mati?? Takut ya?? Ato putarbalikkan fakta yg mjd cirikhas kalian wahai pki....","1988250773591937371","","BentalaRakyat","in","","0","0","0","https://x.com/undefined/status/1988250773591937371","1701624074877984768",
"1988078198534664507","Tue Nov 11 14:21:37 +0000 2025","0","@sagmpo jalan ke gunung karena kaga bisa main yang lain wkwk","1988250767615226014","","sagmpo","in","","0","0","0","https://x.com/undefined/status/1988250767615226014","1975572464467124227",
"1988250736497725937","Tue Nov 11 14:21:30 +0000 2025","0","Kalau junseo jadi sepeda dia pasti sepeda gunung","1988250736497725937","","","in","","0","1","0","https://x.com/undefined/status/1988250736497725937","1381620677485023244",
"1988246951033532502","Tue Nov 11 14:21:03 +0000 2025","0","@ifqiiii Di kasih kawa kawa","1988250623914242273","","ifqiiii","in","","0","0","0","https://x.com/undefined/status/1988250623914242273","1935533242813468672",
"1988239416742367454","Tue Nov 11 14:20:45 +0000 2025","0","@chefkijss kamu abis mendaki gunung ya pasti","1988250551033942404","","chefkijss","in","","0","2","0","https://x.com/undefined/status/1988250551033942404","1391837778271358982",
"1988249999990559112","Tue Nov 11 14:18:34 +0000 2025","0","Pantai pantai di Gunung Kidul sekarang sudah ga ramah banyak pungli","1988249999990559112","","","in","","0","0","0","https://x.com/undefined/status/1988249999990559112","3015995800",
"1988114093761589463","Tue Nov 11 14:17:53 +0000 2025","1","@dippiiiii Jangan mauuu sama avoidant berat malah saling menyakiti nanti","1988249828313518367","","dippiiiii","in","","0","1","0","https://x.com/undefined/status/1988249828313518367","1935533242813468672",
"1988249768322363794","Tue Nov 11 14:17:39 +0000 2025","0","Kalau denger lagunya nidji pengen naik gunung","1988249768322363794","","","in","","0","0","0","https://x.com/undefined/status/1988249768322363794","522271904",
"1987904356457587173","Tue Nov 11 14:17:34 +0000 2025","0","@zoelfick Kalo jaman nganu yg gak dukung nganu lgsg dikirim bubuk nganu sampe mulut berbusa dan game over.... bukan sekedar jd samsak...","1988249747094991289","","zoelfick","in","","0","0","0","https://x.com/undefined/status/1988249747094991289","1701624074877984768",
"1988249711376265393","Tue Nov 11 14:17:25 +0000 2025","3","Ibarat kata lu beli parfum banyak gaada yang muji wangi kek sia2 ganti-ganti parfum https://t.co/eiUz5LkcbG","1988249711376265393","https://pbs.twimg.com/media/G5eukzIaMAAg0-T.jpg","","in","","0","4","0","https://x.com/undefined/status/1988249711376265393","1935533242813468672",
"1988246951033532502","Tue Nov 11 14:17:03 +0000 2025","0","@pantai_gunung klo psikiater cmn dikasi obat doang","1988249619407732889","","pantai_gunung","in","","0","1","0","https://x.com/undefined/status/1988249619407732889","1623646187487399937",
"1988149513610293386","Tue Nov 11 14:16:29 +0000 2025","0","@ultramen_bengek @somexthread coba panitianya suru gambar paling gunung","1988249475442503860","","ultramen_bengek","in","","0","1","0","https://x.com/undefined/status/1988249475442503860","1530907338667790336",
"1988249453967638647","Tue Nov 11 14:16:24 +0000 2025","0","Sendal gunung ini bagus dan nyaman check out sekarang juga ges numpung lagi promo #shopee https://t.co/nVl9w8mjjU","1988249453967638647","","","in","","0","0","0","https://x.com/undefined/status/1988249453967638647","1709640121",
"1986442030718066970","Tue Nov 11 14:15:17 +0000 2025","0","@blowinflag Ayo kak kita bersama-sama mencari bunga bank lalu ditimbun sampai setinggi gunung.","1988249172907270176","","blowinflag","in","","0","1","0","https://x.com/undefined/status/1988249172907270176","1973660428166373379",
"1988218089138516047","Tue Nov 11 14:14:46 +0000 2025","0","@palehillsun Apalah dayaku yg kurusan ini","1988249043320140189","","palehillsun","in","","0","1","0","https://x.com/undefined/status/1988249043320140189","1935533242813468672",
"1988248513474695652","Tue Nov 11 14:12:40 +0000 2025","1","ketauan bgt kl mau tp gede gengsipdhl sbnrnya gbs banget dia nolak kl ajakan ke tektok ke gunung. BERAKKKK","1988248513474695652","","","in","","0","0","0","https://x.com/undefined/status/1988248513474695652","1145767242132381697",
"1987837851632037930","Tue Nov 11 14:12:37 +0000 2025","0","@Nama_Twitku @nahdiyinbersatu Ngabisin anggaran buat jalan2 ke luar negeri...","1988248504343388247","","Nama_Twitku","in","","0","0","0","https://x.com/undefined/status/1988248504343388247","1701624074877984768",
"1988248391172976691","Tue Nov 11 14:12:10 +0000 2025","0","Gunung","1988248391172976691","","","in","","0","0","0","https://x.com/undefined/status/1988248391172976691","2344508289",
"1988223185675055119","Tue Nov 11 14:11:24 +0000 2025","0","@_Canterburied_ @HostGeoffrey As always your wording is nothing short of a chef s kiss. Terima kasih banyak sudah ngajarin hal baru dengan sabar dan telaten selama seminggu ini terima kasih banyak sekali satu gunung. ","1988248194170716219","","HostBenedict","in","","1","1","1","https://x.com/undefined/status/1988248194170716219","710113299589963777",
"1984154764880556059","Tue Nov 11 14:10:36 +0000 2025","0","day 1 dibilang jago duh rasanya pengen menaklukan semua map gunung thanks to elora dontol friendly https://t.co/GUbAwEOfom","1988247995813621777","https://pbs.twimg.com/media/G5etA0RbcAIXhep.jpg","hacipupupp","in","","0","0","0","https://x.com/undefined/status/1988247995813621777","1979813490211840000",
"1987795000202080672","Tue Nov 11 14:09:55 +0000 2025","0","@KangSemproel @tvOneNews Woooiiii.... @MUIPusat kalian ulama beneran ato ulama dungu sih... kalian paham alquran tidak??","1988247822999974317","","KangSemproel","in","","0","0","0","https://x.com/undefined/status/1988247822999974317","1701624074877984768",
"1988171490718871767","Tue Nov 11 14:09:55 +0000 2025","0","@jm_maze00 Yang latarnya gunung salju wkwk itu beneran ke New Zealand mereka","1988247821204811855","","jm_maze00","in","","0","1","0","https://x.com/undefined/status/1988247821204811855","1838551097956536321",
"1988247503050076228","Tue Nov 11 14:08:39 +0000 2025","1","cari partner naik gunung https://t.co/bZ4jifarjC","1988247503050076228","https://pbs.twimg.com/media/G5eskTAbcAMwsWO.jpg","","in","","0","0","0","https://x.com/undefined/status/1988247503050076228","1016389290920591360",
"1988247372170719724","Tue Nov 11 14:08:08 +0000 2025","0","Longsor Batu Besar di Gunung Geurutee Menutupi Setengah Badan Jalan https://t.co/6dwOOMYM2t","1988247372170719724","","","in","","0","0","0","https://x.com/undefined/status/1988247372170719724","1623966684754374662",
"1988247285554102289","Tue Nov 11 14:07:47 +0000 2025","0","Gunung Qaf itu Gaib(tersembunyi) namun nyata yang terpaku pada yang dhohir saja sampai mereka berani Jism kan Allah mana paham?","1988247285554102289","","","in","","1","0","0","https://x.com/undefined/status/1988247285554102289","1902383775725838336",
"1988247246324879446","Tue Nov 11 14:07:38 +0000 2025","0","Kapan ya bang windah naik gunung di roblox lagi?","1988247246324879446","","","in","","0","0","0","https://x.com/undefined/status/1988247246324879446","3655917019",
"1988246951033532502","Tue Nov 11 14:06:27 +0000 2025","1","Kalo malem sering feeling lonely tuh tandanya kejiwaannya dah kena gasi? Kaya perlu ke psikiater gasi https://t.co/Jeo5OcMjai","1988246951033532502","https://pbs.twimg.com/media/G5esEKcbcAsKm9V.jpg","","in","","0","3","0","https://x.com/undefined/status/1988246951033532502","1935533242813468672",
"1987703324678971811","Tue Nov 11 14:05:28 +0000 2025","0","@aditya_permanaS @silarakhito Bedanya org ngaji dan tidak. Agama itu bersumber dr sang pancipta alam. Sedang otak kalian hanya seupil. Tdk akn pernah nyampe. Bhkn hal yg kasat mata sj kalian belum tentu bs mikirnya cntoh kenapa sidik jari dr sekian ratusan jt org tdk ada yg sama. Pabrik mn yg nampu ciptakan?","1988246702566813865","","aditya_permanaS","in","","0","0","0","https://x.com/undefined/status/1988246702566813865","1701624074877984768",
"1988237017898181015","Tue Nov 11 14:05:24 +0000 2025","0","@meteawin // Gunung https://t.co/dCBbOcmGjP","1988246685173391818","","meteawin","in","","0","1","0","https://x.com/undefined/status/1988246685173391818","1358047636117360641",
"1988237669340430394","Tue Nov 11 14:05:14 +0000 2025","0","@matchiccie WKWKWKWKWK MANJATLAH GUNUNG ROBLOKS ITU DULU","1988246644739956835","","matchiccie","in","","0","0","0","https://x.com/undefined/status/1988246644739956835","1793564723725934592",
"1988231735805616626","Tue Nov 11 14:04:49 +0000 2025","0","@wonnneth cpattt download trs latihan dulu main map obby baru nyoba map gunung wkwk","1988246540780220575","","wonnneth","in","","0","1","0","https://x.com/undefined/status/1988246540780220575","1445615240096346112",
"1988054780988768600","Tue Nov 11 14:03:59 +0000 2025","0","@CaptJYP hayuk kepp nanti kita naik gunung sama bang windah yahhh","1988246328317800844","","CaptJYP","in","","0","0","0","https://x.com/undefined/status/1988246328317800844","1324663278748889090",
"1987899445628043405","Tue Nov 11 14:03:38 +0000 2025","0","@roratalks naik gunung","1988246239767642493","","roratalks","in","","0","0","0","https://x.com/undefined/status/1988246239767642493","1892921139237961728",
"1988167305503920167","Tue Nov 11 14:03:35 +0000 2025","0","@susipudjiastuti Ironi nggih Bu ketika rakyat di suguhi uang sitaaan di Kejagung seperti gunung Semeru.","1988246229420306718","","susipudjiastuti","in","","0","0","0","https://x.com/undefined/status/1988246229420306718","1129668315717070848",
"1988246123845402736","Tue Nov 11 14:03:10 +0000 2025","1","ni gunung https://t.co/OE1Pezau6D","1988246123845402736","https://pbs.twimg.com/media/G5erTIpbcAIeQ4M.jpg","","in","","0","0","0","https://x.com/undefined/status/1988246123845402736","1832077026196598784",
"1988198910545023329","Tue Nov 11 14:00:47 +0000 2025","10","@sunghoparkssi @furinabogor Bacod ... di pikir yg suka nyumbang kelompok loe doang ! Intropeksi njing. Terus kalo sering kontribusi kemana mana tp percuma jg kejelekannya juga banyak bahkan sampe yg non kpop aja turun gunung semua buat belain brand gede dan org² yg kena hate doxing amri goblok","1988245524026454173","","sunghoparkssi","in","","0","1","0","https://x.com/undefined/status/1988245524026454173","3244006166",
"1988111973389615374","Tue Nov 11 13:59:22 +0000 2025","0","@Admeliora51 @sbyfess kerennya bang kya timbul dari balik gunung jam nya","1988245167707746315","","Admeliora51","in","","0","1","0","https://x.com/undefined/status/1988245167707746315","1884616671958384640",
"1988244853038477649","Tue Nov 11 13:58:07 +0000 2025","8","11 November 2025 | Selasa Lawatan tapak ujian Geofizik (ERT) oleh pasukan CKC di Gunung Pass Simpang Pulai FT185 Kinta Perak. Menilai kestabilan cerun melalui data bawah permukaan. @moworksmy @IPJKR_Official @IrShaifuddin #IamJKR https://t.co/M5NOFicXAw","1988244853038477649","https://pbs.twimg.com/media/G5eqIB5aUAA2ady.jpg","","in","","0","0","3","https://x.com/undefined/status/1988244853038477649","816448479572545537",
"1988046085320044692","Tue Nov 11 13:57:50 +0000 2025","0","@bangherwin Ndasmu.... yg penting bukit algoritma...","1988244782423093676","","bangherwin","in","","0","0","0","https://x.com/undefined/status/1988244782423093676","1701624074877984768",
"1988244699501535742","Tue Nov 11 13:57:30 +0000 2025","1","Udah di titik pgn jadi extrovert https://t.co/cDGf1uXIn2","1988244699501535742","https://pbs.twimg.com/media/G5eqBJXbkAAV9g4.jpg","","in","","0","1","0","https://x.com/undefined/status/1988244699501535742","1935533242813468672",
"1988040350381076972","Tue Nov 11 13:57:04 +0000 2025","0","@naxy05 @pantai_gunung Belom ka masih berjalan","1988244591036744075","","naxy05","in","","0","0","0","https://x.com/undefined/status/1988244591036744075","1660611325222088705",
"1988040350381076972","Tue Nov 11 13:56:42 +0000 2025","4","@pantai_gunung Smp pedagang² yg ada di situ harus tutup gara² sengketa yg ga kelar²","1988244497671876858","","pantai_gunung","in","","0","0","0","https://x.com/undefined/status/1988244497671876858","1660611325222088705",
"1988244312250085511","Tue Nov 11 13:55:58 +0000 2025","0","sumpah makanya w makin sebel admin oren toko gue juga naik naik ke puncak gunung alias naikkk mulu fucek. next keknya coba aktifin ekspedisi lain deh","1988244312250085511","","","in","","0","0","0","https://x.com/undefined/status/1988244312250085511","2533278583",
"1988244292973064454","Tue Nov 11 13:55:53 +0000 2025","0","Gunung Harta merah bisa naik dari Surabaya turun di Bandung? Ada tiket parsialnya nggak ya? Wkwkwk","1988244292973064454","","","in","","0","0","0","https://x.com/undefined/status/1988244292973064454","248221779",
"1988244189650543064","Tue Nov 11 13:55:29 +0000 2025","0","sp mau nanjak gunung ","1988244189650543064","","","in","","0","0","0","https://x.com/undefined/status/1988244189650543064","984407153078235136",
"1988076160136413238","Tue Nov 11 13:54:39 +0000 2025","0","@venttrg @denni_sauya Lah yg ngasih makan mereka siapa???","1988243980807508391","","venttrg","in","","0","0","0","https://x.com/undefined/status/1988243980807508391","1701624074877984768",
"1988243903720399042","Tue Nov 11 13:54:21 +0000 2025","0","cobain ini dari adek beli ransum buat naik gunung ternyata enaakk","1988243903720399042","","","in","","0","0","0","https://x.com/undefined/status/1988243903720399042","1031529928490020869",
"1988235344085741732","Tue Nov 11 13:52:16 +0000 2025","0","@pankaaav KAMU MAKAN SEBLAK APA LAVA GUNUNG BERAPI???? btw selamat makan yh yang kuat yh lambung","1988243380837773658","","pankaaav","in","","0","1","0","https://x.com/undefined/status/1988243380837773658","1580924791745564672",
"1988076160136413238","Tue Nov 11 13:52:08 +0000 2025","10","@denni_sauya Cabut juga gelar pahlawan nasional dr soekarno dong... btw kamu tahu gak yg bikinin spbu di lenteng agung dan bogor buat bekal hidupmu dan keluargamu siapa?? G tahu/lupa?? Coba tanya mamakmu...","1988243346670895614","","denni_sauya","in","","0","0","1","https://x.com/undefined/status/1988243346670895614","1701624074877984768",
"1988243113622548790","Tue Nov 11 13:51:12 +0000 2025","0","kok stei nda ada grup futsal sm summit gunung roblox yh","1988243113622548790","","","in","","0","0","0","https://x.com/undefined/status/1988243113622548790","1628025577314689030",
"1988075332159881514","Tue Nov 11 13:49:33 +0000 2025","0","@Informnts Itu dulu karena gusdur buta lagian tongkat tinggal di gunung tengkorak coba di tangan nya kena penting batok tu. Mau buat seperti gusdur jangan coba gigi Lo becopotan sekali hembus hilang Lo..masuk got berselemak ett.","1988242695987343652","","Informnts","in","","0","0","0","https://x.com/undefined/status/1988242695987343652","2185683973",
"1985575786775302432","Tue Nov 11 13:48:36 +0000 2025","0","@ShopeeID Mau punya hp ini karena batre nya 7000 mAh kuat banget kalau dipake naik gunung apalagi camera nya juga 50MP sudah pasti jernih banget &amp; kece. #realme15T5GxShopee","1988242459890249910","","ShopeeID","in","","0","0","0","https://x.com/undefined/status/1988242459890249910","1023246007",
"1988076160136413238","Tue Nov 11 13:47:58 +0000 2025","0","@denni_sauya Terus yg kasih duit buat bangun rumah di ciganjur siapa?? Lupa yah??","1988242301043269982","","denni_sauya","in","","0","1","0","https://x.com/undefined/status/1988242301043269982","1701624074877984768",
"1988239669382029538","Tue Nov 11 13:47:01 +0000 2025","1","@magulionss Gunung apaaa ituu","1988242061381038118","","magulionss","in","","0","1","0","https://x.com/undefined/status/1988242061381038118","1752583916069011456",
"1987690343354306837","Tue Nov 11 13:46:52 +0000 2025","0","@thelicates Riyaal kelamaan ndaki gunung","1988242022126481885","","thelicates","in","","0","0","0","https://x.com/undefined/status/1988242022126481885","1328223164095111168",
"1987807516236103943","Tue Nov 11 13:45:52 +0000 2025","0","@B3doel___ Yg ngomong gini tdk pernah hidup di era orba ato pki ato anak2 sipit.","1988241769344233598","","B3doel___","in","","0","0","0","https://x.com/undefined/status/1988241769344233598","1701624074877984768",
"1988237133761421654","Tue Nov 11 13:27:27 +0000 2025","7","Entah siapa yang mantau tapi nih si jeongwoo dari siang disuruh trun gunung mulu supaya teuland tenang‍️ https://t.co/DjwS4AtQr5","1988237133761421654","https://pbs.twimg.com/media/G5ejItybcAAsicL.jpg","","in","","0","1","0","https://x.com/undefined/status/1988237133761421654","1292865482236649473",
"1987943492845473900","Tue Nov 11 13:27:14 +0000 2025","0","@merapi_uncover Loh kie kan mbak e sing nyanyi gunung purbo kae to...","1988237079466439063","","merapi_uncover","in","","0","0","0","https://x.com/undefined/status/1988237079466439063","1636420334391017472",
"1988236902353305818","Tue Nov 11 13:26:31 +0000 2025","0","woilahh kangen dipanggil dedekmicuu my beloved teman GO dan teman ESEMAlovv terus banyakk se gunung himalaya fuji jepang‍️","1988236902353305818","","","in","","0","0","0","https://x.com/undefined/status/1988236902353305818","1936119386236239872",
"1987667427568800206","Tue Nov 11 13:26:01 +0000 2025","0","@Gunung_Agoeng @Flyingfighter27 PKI? PKI tahun 1998 masih ada? Ngarang lu ndro","1988236776088236127","","Gunung_Agoeng","in","","0","1","0","https://x.com/undefined/status/1988236776088236127","1640812467902205963",
"1988236767720599695","Tue Nov 11 13:25:59 +0000 2025","0","When ya punya PC biar bisa jadi abang-abangan gunung juga. Udah nyeker tapi kok masih don'ol. https://t.co/Yf7pH1R8GD","1988236767720599695","https://pbs.twimg.com/media/G5eizYzbcAMNmGn.jpg","","in","","0","0","0","https://x.com/undefined/status/1988236767720599695","3184996111",
"1988236728574902430","Tue Nov 11 13:25:50 +0000 2025","2","hi temen ada yang mau join dc !roblox kita ga?? kita biasanya main map gunung vd prospecting fish it 99 night forest selain itu juga kita biasanya suka ngobrolin kehidupan di sesi stage gitu dan ga cuma roblox ada juga moba kalo mau join link nya di qoute ya! thank you guys https://t.co/hmdhKnwg1n","1988236728574902430","https://pbs.twimg.com/media/G5eixMFWYAA_1pR.jpg","","in","","1","3","1","https://x.com/undefined/status/1988236728574902430","1903872646678470656",
"1987667427568800206","Tue Nov 11 13:25:19 +0000 2025","0","@loopseey @Flyingfighter27 Lo pikir sukarno pahlawan nasional tdk korup?? Penjarain tokoh2 masyumi? Dll","1988236597343527064","","loopseey","in","","0","0","0","https://x.com/undefined/status/1988236597343527064","1701624074877984768",
"1988236528787558735","Tue Nov 11 13:25:02 +0000 2025","0","bye iaa talonn awak nak balik jadi anak gunung lagii sakit banget hati moengil awak kau sakitii terus seperti ini KHUCHUPP SUDAH TALONNN. AWAKK PAMIT UNDUR DIRI THXX https://t.co/ma5tpAIpSf","1988236528787558735","https://pbs.twimg.com/media/G5eilhbbYAAtP8v.jpg","","in","","0","1","0","https://x.com/undefined/status/1988236528787558735","1688387606596501504",
"1988236266501272058","Tue Nov 11 13:24:27 +0000 2025","0","@KompasTV Dari gunung kawi ","1988236380745470441","","KompasTV","in","","0","0","0","https://x.com/undefined/status/1988236380745470441","1317750858256240640",
"1986747584476819659","Tue Nov 11 13:23:22 +0000 2025","0","@aabokem @tanyarlfes besok ke gunung bawa wc aja dah","1988236109491409188","","aabokem","in","","0","1","0","https://x.com/undefined/status/1988236109491409188","1929903146106793988",
"1988236086989217998","Tue Nov 11 13:23:17 +0000 2025","0","nih berantem baru 3 hari jujur gua kangen telp nan kangen jajan bareng anjir aplgi klo gua putus yaa kynya gua lngsng daki gunung salak cokk‍️‍️","1988236086989217998","","","in","","0","0","0","https://x.com/undefined/status/1988236086989217998","1377295994593812481",
"1987667427568800206","Tue Nov 11 13:23:06 +0000 2025","0","@Zyan1378 @Flyingfighter27 Lo ngaca ntar keliatan tuh pki","1988236042558992468","","Zyan1378","in","","0","0","0","https://x.com/undefined/status/1988236042558992468","1701624074877984768",
"1987667427568800206","Tue Nov 11 13:22:31 +0000 2025","0","@penempaan @Flyingfighter27 Urusan apa pak harto bunuh2in kyai nu?? Mustinya lo tanya pki dong...","1988235895787712677","","penempaan","in","","0","1","0","https://x.com/undefined/status/1988235895787712677","1701624074877984768",
"1988235785863393747","Tue Nov 11 13:22:05 +0000 2025","12","Info pendakian dong kangen banget ke gunung - Semarang https://t.co/o8zQmI4HSJ","1988235785863393747","https://pbs.twimg.com/media/G5eh6OfbcAYrbXH.jpg","","in","","0","1","0","https://x.com/undefined/status/1988235785863393747","1973729903108624384",
"1988221745397178562","Tue Nov 11 13:20:41 +0000 2025","0","@berrysccop Aamiin. SBY klo musim ujan dinginnya kek di gunung","1988235432996528265","","berrysccop","in","","0","0","0","https://x.com/undefined/status/1988235432996528265","1889673570797944832",
"1988235242608750971","Tue Nov 11 13:19:56 +0000 2025","1","Bahkan Elang Muhammad Irawan sampe turun gunung ","1988235242608750971","","","in","","0","0","0","https://x.com/undefined/status/1988235242608750971","42587088",
"1988200126918361335","Tue Nov 11 13:19:43 +0000 2025","0","Beliau tidak kurang2nya mencintai negeri ini dan sama sekali tidak sekalipun terbersit keinginan untuk tinggal di LN. Mungkin kemarin adalah puncak gunung esnya masih inget bgt raut wajahnya seserius itu untuk pindah negara.","1988235191090114569","","deegyww","in","","0","0","0","https://x.com/undefined/status/1988235191090114569","1676439535629262850",
"1988234670191112383","Tue Nov 11 13:18:05 +0000 2025","0","@nobleJINSOL gunung","1988234776906793455","","nobleJINSOL","in","","0","0","0","https://x.com/undefined/status/1988234776906793455","724211209029873666",
"1988030150835908657","Tue Nov 11 13:15:36 +0000 2025","0","@radityaraja21 @kdrama_menfess Judul dramanya Jirisan (지리산) atau dalam bahasa Inggris Mount Jiri . Drama tvN 2021 tentang ranger di gunung Jiri. Bisa cari di Google atau streaming platform untuk subtitle Indo! ","1988234154891473406","","radityaraja21","in","","0","0","0","https://x.com/undefined/status/1988234154891473406","1720665183188922368",
"1986398434429935968","Tue Nov 11 13:14:13 +0000 2025","1","@zanatul_91 Murid cerdas: sebutkan pelanggaran ham nya pak... Pak guru: ng..ng...nganu..nganu... itu kata orang2 pki nganu..nganu.... kata orang2 amerika nganu..nganu. Murid: kenapa ragu pak?? Pak guru: soalnya bpk kuliah guru jg dpt beasiswa super semar.. Murid: $×÷+??!!&amp;# @PecintaSejarah2","1988233804763591069","","zanatul_91","in","","0","0","0","https://x.com/undefined/status/1988233804763591069","1701624074877984768",
"1988006774528725370","Tue Nov 11 12:56:33 +0000 2025","0","@penikmat_hujann w yang cuma bisa gambar gunung rumah pohon bilek : ","1988229360609095792","","penikmat_hujann","in","","0","1","0","https://x.com/undefined/status/1988229360609095792","1095314552424607744",
"1988140205057208569","Tue Nov 11 12:56:21 +0000 2025","1","@roblox_fess Aku player yang lebih sering main di map gunung nder https://t.co/QF2J5jGLI9","1988229308939465087","https://pbs.twimg.com/media/G5ecBR2bcAAgGHm.jpg","roblox_fess","in","","0","2","0","https://x.com/undefined/status/1988229308939465087","1966484774383702016",
"1988229122611646654","Tue Nov 11 12:55:36 +0000 2025","0","Naik-naik ke puncak gunung","1988229122611646654","","","in","","0","0","0","https://x.com/undefined/status/1988229122611646654","2184148656",
"1988207615193518207","Tue Nov 11 12:54:41 +0000 2025","1","@tanyarlfes ortu kalian pernah cerita ga kalau dulu ibu sama bapak ke sekolah tuh jalan kaki lewatin hutan sawah gunung lautan ?","1988228891178414116","","tanyarlfes","in","","122","3","0","https://x.com/undefined/status/1988228891178414116","1704074367855128577",
"1988228630800114042","Tue Nov 11 12:53:39 +0000 2025","0","list gunung sy udah menumpuk 10 halooo tp gk punya waktu main nya","1988228630800114042","","","in","","0","0","0","https://x.com/undefined/status/1988228630800114042","702383660213903362",
"1988205071390437652","Tue Nov 11 12:52:29 +0000 2025","0","@heejindepok Tinggal yg naik gunung trus teriak titik kembalilah padaku trus turun sambil guling guling aja yg blm tercapai","1988228336964022404","","heejindepok","in","","0","1","0","https://x.com/undefined/status/1988228336964022404","1289170748666339330",
"1988228245016506651","Tue Nov 11 12:52:07 +0000 2025","0","naik gunung dengan ngortis fashion https://t.co/1fVCfH3sYX","1988228245016506651","https://pbs.twimg.com/media/G5ebCP6acAAyonF.jpg","","in","","0","0","0","https://x.com/undefined/status/1988228245016506651","1825744298400428033",
"1988228215937397186","Tue Nov 11 12:52:00 +0000 2025","0","Akhir bulan ini mau ke Bdg ada ide naik gunung apa yg pemandangannya bagus?","1988228215937397186","","","in","","0","1","0","https://x.com/undefined/status/1988228215937397186","1308809746476986368",
"1988227990824907165","Tue Nov 11 12:51:07 +0000 2025","0","naik gunung seru juga asal ga obby ","1988227990824907165","","","in","","0","0","0","https://x.com/undefined/status/1988227990824907165","1793541613194825729",
"1988227898667659447","Tue Nov 11 12:50:45 +0000 2025","0","Udah jd public enemy aja masih bnyak betingkah njiir tp beraninya dibalik akun2 anon. Sampe akun2 yg biasanya bahas olahraga politik beauty kuliner perfilman perkucingan akun yg engga biasa bahas kpop aja pada turun gunung. Bknnya introspeksi malah ngereog part 2 ","1988227898667659447","","","in","","0","1","0","https://x.com/undefined/status/1988227898667659447","1924261238546276352",
"1988190901437706677","Tue Nov 11 12:50:20 +0000 2025","1","@CLKSsg_SWsk1306 Gunung Korea ","1988227796674768995","","CLKSsg_SWsk1306","in","","0","0","0","https://x.com/undefined/status/1988227796674768995","2496409633",
"1988226922711838742","Tue Nov 11 12:46:52 +0000 2025","0","kalo naik gunung lagi trs ga ada temen fix gue mau privat aja udh sm si rian ","1988226922711838742","","","in","","0","0","0","https://x.com/undefined/status/1988226922711838742","2179608354",
"1987894127657410923","Tue Nov 11 12:46:19 +0000 2025","0","@asbty_ Sepuh gunung ","1988226783465050418","","asbty_","in","","0","0","0","https://x.com/undefined/status/1988226783465050418","1178191823929401345",
"1988226780222947606","Tue Nov 11 12:46:18 +0000 2025","1"," I came all the way from Russia to Indonesia just to see that stupid big smile of yours BERAAKKK. ORNG LGI MAEN ROBLOX DIGANGGUIN MULU ANJ. NGERUSUHIN GUA LGI NAIK GUNUNG AJ ANDREW TAI","1988226780222947606","","","in","","0","0","0","https://x.com/undefined/status/1988226780222947606","1911017110224183296",
"1988217675458212248","Tue Nov 11 12:45:27 +0000 2025","0","@tea_a_bite @munvess Kamu suka naik gunung ngga di roblok?","1988226565193499100","","tea_a_bite","in","","0","0","0","https://x.com/undefined/status/1988226565193499100","1766637222147813376",
"1988226386096779396","Tue Nov 11 12:44:44 +0000 2025","1","Sumpah makin cinta aku sama gunung yareu enih tombol jump nya bisa digedein bjil. Lop yu Mount YAREUUU https://t.co/PkyUqDnIUU","1988226386096779396","https://pbs.twimg.com/media/G5eZXJxbsAE0bga.jpg","","in","","0","1","0","https://x.com/undefined/status/1988226386096779396","1670282584251863040",
"1987911228468138055","Tue Nov 11 12:42:21 +0000 2025","0","@kazuha_asli_123 ada gunung bantar gebang","1988225785841541479","","kazuha_asli_123","in","","0","1","0","https://x.com/undefined/status/1988225785841541479","1922479870162173956",
"1988225696590942699","Tue Nov 11 12:42:00 +0000 2025","7","Warga khawatir sumber air maupun lahan pertanian terdampak. Tak hanya itu geothermal di Gunung Lawu juga mengancam ekowisata terutama pendakian. https://t.co/qRzis4bdWW","1988225696590942699","","","in","","0","0","3","https://x.com/undefined/status/1988225696590942699","483310591",
"1988204699548348483","Tue Nov 11 12:41:16 +0000 2025","1","@SmgMenfess Aku meh neng gunung gunung pati","1988225511764709605","","SmgMenfess","in","","0","0","0","https://x.com/undefined/status/1988225511764709605","756753916650323968",
"1988225425441706397","Tue Nov 11 12:40:55 +0000 2025","0","GUE KEBELET PIPIS DI GOCAR DAN GUNUNG BATU MACET SETANNNN","1988225425441706397","","","in","","0","0","0","https://x.com/undefined/status/1988225425441706397","1139136025995776002",
"1988220570975297612","Tue Nov 11 12:21:38 +0000 2025","0","Bismillah gunung prau before 20","1988220570975297612","","","in","","0","0","0","https://x.com/undefined/status/1988220570975297612","1471655074883530752",
"1988220377244594404","Tue Nov 11 12:20:51 +0000 2025","0","Gua ngakakin ini 15 menit anjgg. What if gua masuk map gunung cuma buat nguping orang pacaran https://t.co/FZqLBjZ2lz","1988220377244594404","https://pbs.twimg.com/media/G5eT5ZhbcAQvksK.jpg","","in","","0","0","0","https://x.com/undefined/status/1988220377244594404","2758983507",
"1988220235107950849","Tue Nov 11 12:20:18 +0000 2025","0","Agak lucky aja rasanya karna baru login langsung pasang 2 totem disitu dan 4 menit kemudian langsung dapet &gt;____&lt; jadi ini yaa the power of totem?? akhirnya bisa ngosek di gunung apii ","1988220237670740325","","biimayu","in","","0","0","0","https://x.com/undefined/status/1988220237670740325","1591156300435505153",
"1988012416173830612","Tue Nov 11 12:19:29 +0000 2025","0","@Lie_birth Gunung fuji dulu","1988220031726219356","","Lie_birth","in","","0","0","0","https://x.com/undefined/status/1988220031726219356","1901205428857643009",
"1988138461015273663","Tue Nov 11 12:19:06 +0000 2025","0","@fairyycndy kapan mabar woy naik gunung lg","1988219932912562520","","fairyycndy","in","","0","1","0","https://x.com/undefined/status/1988219932912562520","1905130656440659968",
"1988114922879021239","Tue Nov 11 12:18:20 +0000 2025","2","@FwbTweets_ HMu.. gunung gede pangrango kuy","1988219742201803216","","FwbTweets_","in","","0","0","0","https://x.com/undefined/status/1988219742201803216","1968357609632841740",
"1988217287502184900","Tue Nov 11 12:15:57 +0000 2025","0","@katayinablue jangan jangan tag-an greeting aku juga gak masuk mentab ya......... BENEEEERR!!! TERUS AKU MENUNGGU BANGET SCENE WOOYEON KE GUNUNG ","1988219143519400287","","katayinablue","in","","0","1","0","https://x.com/undefined/status/1988219143519400287","1935571764840738816",
"1988219117711876557","Tue Nov 11 12:15:51 +0000 2025","0","kangen main gunung yg beneran gunung","1988219117711876557","","","in","","0","1","0","https://x.com/undefined/status/1988219117711876557","1147396059460620288",
"1988218734084030847","Tue Nov 11 12:14:20 +0000 2025","0","rekomendasi sandal tali wanita sendal platform. wedges slip on jelly strap gunung sepatu hak mules high mini heels pretty adorable cute pink black mamba hitam white putih cream cokat earth tone murah kuliah kerja daily ootd outfit 11.11 event shopee lebaran hari raya a thread","1988218734084030847","","","in","","0","0","0","https://x.com/undefined/status/1988218734084030847","1647445172211572737",
"1988079646001557698","Tue Nov 11 12:13:43 +0000 2025","2","@sungjintsel Iya banget.. Temen KPop ku rl ko.. orang hebat.. orang open minded.. ada yg seneng naik gunung.. ada yg seneng ngajak event mungkin dia salah bergaul atau enggak mainnya kurang jauh.. ","1988218578395688990","","sungjintsel","in","","0","0","0","https://x.com/undefined/status/1988218578395688990","1740262006727520256",
"1988218381389148558","Tue Nov 11 12:12:56 +0000 2025","0","Lapas Narkotika Gunung Sindur Ikuti Rapat Verifikasi Program Pemberdayaan UMKM Warga Binaan @kemenimipas @ditjenpas @pemasyarakatanjabar @agusandrianto.id @gun2gunawan29 @bambang_wijanarko76 #kemenimipas #guardandguide #infoimipas #KanwilDitjenpasJabar #LapasNarkotikaGunungSindur https://t.co/4M4gpgxBrN","1988218381389148558","https://pbs.twimg.com/media/G5eRsNJbsAATGfT.jpg","","in","","0","0","0","https://x.com/undefined/status/1988218381389148558","4825173187",
"1988217682320388467","Tue Nov 11 12:10:09 +0000 2025","0","punya uang dan waktu saja tidak cukup. butuh juga jiwa yang luang. cemas yang tidak juga hilang di tengah badai puncak gunung ditenggelamkan di ember kamar mandi atau dibungkam di bawah bantal adalah pertanda pertanda nyaring; aku telah melampaui batas.","1988217682320388467","","","in","","0","0","0","https://x.com/undefined/status/1988217682320388467","1612652971204161538",
"1988158049509597243","Tue Nov 11 12:09:55 +0000 2025","0","@amariellies Evade atau horror hehee. Atau gunung obby tycoon gitu juga seru tuh. Random juga sih kadang","1988217623109398746","","amariellies","in","","0","1","0","https://x.com/undefined/status/1988217623109398746","1722436884197175296",
"1988152551985082751","Tue Nov 11 12:07:56 +0000 2025","0","@piwsank @KostSapik Lebih sering di vd gunung sama antartica:)","1988217126621213122","","piwsank","in","","0","1","0","https://x.com/undefined/status/1988217126621213122","1729478017511243776",
"1988216937185521957","Tue Nov 11 12:07:11 +0000 2025","0","19.07 WIB #Tol_Jagorawi Cawang KM 00 - Cililitan KM 02 PADAT kepadatan volume lalin. Cipayung KM 08 - KM 11 arah Ciawi PADAT kepadatan volume lalin. Gunung Putri KM 22 - KM 23+225 arah Ciawi PADAT ada pekerjaan perbaikan jembatan di lajur 3-4/tengah-kanan.","1988216937185521957","","","in","","0","1","1","https://x.com/undefined/status/1988216937185521957","540625251",
"1988216871733334436","Tue Nov 11 12:06:56 +0000 2025","0","naik gunung ya next year https://t.co/46fY5ET1dN","1988216871733334436","https://pbs.twimg.com/media/G5eQtCAaIAA6exx.jpg","","in","","0","0","0","https://x.com/undefined/status/1988216871733334436","1924603836184088576",
"1988216745115730064","Tue Nov 11 12:06:25 +0000 2025","0","Gunung Salju Gurun Laut Aurora ️","1988216745115730064","","","in","","0","0","0","https://x.com/undefined/status/1988216745115730064","190667682",
"1988006774528725370","Tue Nov 11 12:06:22 +0000 2025","0","@penikmat_hujann bisanya cuma gambar gunung","1988216731924656417","","penikmat_hujann","in","","0","0","0","https://x.com/undefined/status/1988216731924656417","1980576429231439872",
"1988216454307869120","Tue Nov 11 12:05:16 +0000 2025","0","Panen Maggot Sebanyak 216 Kg Lapas Narkotika Gunung Sindur Wujudkan Kemandirian Melalui Program Asimilasi dan Edukasi @kemenimipas @ditjenpas @pemasyarakatanjabar @agusandrianto.id @gun2gunawan29 #kemenimipas #infoimipas #KanwilDitjenpasJabar #LapasNarkotikaGunungSindur https://t.co/F7nZ2UQ8fE","1988216454307869120","https://pbs.twimg.com/amplify_video_thumb/1988213685119275008/img/rXjvN_e_Y3GO0esI.jpg","","in","","0","0","0","https://x.com/undefined/status/1988216454307869120","4825173187",
"1988140205057208569","Tue Nov 11 12:04:53 +0000 2025","0","@roblox_fess Gunung tpi ada beberapa map yg bisa make ava tinggi kek yg balapan blok warna gtu aduh aku lupa nama mapnya ada jg map tower yg bisa make ava tinggi cari aja","1988216358015037584","","roblox_fess","in","","0","0","0","https://x.com/undefined/status/1988216358015037584","1385889513604481027",
"1988215985472761875","Tue Nov 11 12:03:24 +0000 2025","0","Obat Aborsi penggugur kandungan cytotec original 100% Terbukti cepat tuntas https://t.co/c9pWWfDHKD #obataborsi #obatpenggugurkandungan #obatcytotec #cytotec #caraaborsi #triples #gunung #videobokep #Trending #filmdewasa https://t.co/UIRwGDYllB","1988215985472761875","https://pbs.twimg.com/media/G5eP5OLa0AArtEt.jpg","","in","","0","0","0","https://x.com/undefined/status/1988215985472761875","1453562120742715399",
"1988215158741889172","Tue Nov 11 12:00:07 +0000 2025","0","akan rindu masa-masa stories leo sangwon pap nongki kalcer skena ngopi di kafe mendaki gunung mengelus kucing membaca buku","1988215158741889172","","","in","","0","0","0","https://x.com/undefined/status/1988215158741889172","1426760725708607490",
"1988177045470499045","Tue Nov 11 11:59:53 +0000 2025","3","@ndrypd @fadlizon Matanya kelilipan dosa dosanya segede gunung makanya gak bisa liat","1988215097970602374","","ndrypd","in","","0","0","0","https://x.com/undefined/status/1988215097970602374","1289170748666339330",
"1988214564702560706","Tue Nov 11 11:57:46 +0000 2025","1","naik naik ke pucak gunung tinggi tinggi sekali","1988214564702560706","","","in","","0","0","0","https://x.com/undefined/status/1988214564702560706","1686622277067280384",
"1987491806419017801","Tue Nov 11 11:57:29 +0000 2025","0","@jiscsu Biar selalu diingat dan susah dilupakan kayak janji manis dia pelet lele cap jawir bereum. Langka ntu harus betapa dulu di gunung biar dapet peletnya","1988214493089001939","","jiscsu","in","","0","1","0","https://x.com/undefined/status/1988214493089001939","4579601727",
"1988197733900157018","Tue Nov 11 11:55:47 +0000 2025","0","@qikaezu meski jauh aku akan membelah lautan dan mendaki gunung demi ke booth lyn ","1988214068248023309","","qikaezu","in","","0","1","0","https://x.com/undefined/status/1988214068248023309","1331927619156131847",
"1988213970592010512","Tue Nov 11 11:55:24 +0000 2025","7","Baru juga ditinggal maen ke gunung bentar pulang-pulang udah jadi pahlawan aja itu Soeharto :/ https://t.co/0kT7GFM6cy","1988213970592010512","https://pbs.twimg.com/media/G5eODF9bcAY3_SF.jpg","","in","","0","0","0","https://x.com/undefined/status/1988213970592010512","1350106950726418434",
"1988207615193518207","Tue Nov 11 11:54:56 +0000 2025","0","@tanyarlfes Lebih suka gunung atau pantai?","1988213852966973869","","tanyarlfes","in","","58","0","0","https://x.com/undefined/status/1988213852966973869","760484993428623361",
"1988103080865636424","Tue Nov 11 11:53:29 +0000 2025","0","@Guntingdisini1 @zakiberkata Fyi ; pada kenyataannya sindoro lebih sering kena awan lentikular dibanding sumbing. Dua gunung ini berdekatan tapi menurut analisa sotoy saya setelah beberapa kali naik dan mengamati dua gunung ini hasilnya adalah sindoro lebih sering badai.","1988213486602907673","","Guntingdisini1","in","","0","0","0","https://x.com/undefined/status/1988213486602907673","1737560990471135233",
"1988213482005872883","Tue Nov 11 11:53:27 +0000 2025","0","Film Dokumenter Gunung Nagara Ungkap Jejak Peradaban Tua di Garut Disparbud Dorong Jadi Destinasi Budaya Nasional https://t.co/XguDELqfGA","1988213482005872883","","","in","","0","0","0","https://x.com/undefined/status/1988213482005872883","916381379230703616",
"1988120229051080706","Tue Nov 11 11:52:59 +0000 2025","0","@ongolongolday muncak gunung","1988213364548661298","","ongolongolday","in","","0","1","0","https://x.com/undefined/status/1988213364548661298","1637453021817999360",
"1988207941154124209","Tue Nov 11 11:51:19 +0000 2025","0","@apelpages aku juga org kampung (gunung) tpi bener dehh liat ini kerasa bgt ngampungnya #maafbanget","1988212942475850217","","apelpages","in","","0","1","0","https://x.com/undefined/status/1988212942475850217","1481182470444052481",
"1988212761160237466","Tue Nov 11 11:50:36 +0000 2025","0","panitia kebiasaan gambar gunung doang matahari ama sawah sih ya makanya ada anak TK jago gradasi merasa mustahil.. stres","1988212761160237466","","","in","","0","0","0","https://x.com/undefined/status/1988212761160237466","1795325950101733377",
"1988212235936903457","Tue Nov 11 11:48:30 +0000 2025","2","ekspedisi gunung manis total cp ada 31/32 gtu (lupa) difficulty ezz banget di sini bisa mansying juga ada skin dan bisa jual ikannya! obstaclenya juga lucu lucu (overall kayak obby) puncaknya lucu gitu istana free coil free costum juga ada! https://t.co/jrNTXjNj7d","1988212235936903457","https://pbs.twimg.com/media/G5eMfIpbcAYlQci.jpg","","in","","0","1","0","https://x.com/undefined/status/1988212235936903457","1850433395517689856",
"1988211107098751147","Tue Nov 11 11:44:01 +0000 2025","0","Mau ujan-ujan trekking di gunung mau belasan kilo sepedaan rambut masih badai aja kalo di mari ","1988211107098751147","","","in","","0","0","0","https://x.com/undefined/status/1988211107098751147","211430111",
"1988191593665618243","Tue Nov 11 11:42:31 +0000 2025","1","@Ekinair_ Ekinair yg tinggal di gunung di ajak ga min ️ https://t.co/Z8jG5ALCua","1988210729472978944","https://pbs.twimg.com/media/G5eLG4VbsAAKwGi.jpg","Ekinair_","in","","0","1","0","https://x.com/undefined/status/1988210729472978944","1645595150457110528",
"1988210512338055203","Tue Nov 11 11:41:39 +0000 2025","1","ngerencanain ke gunung udh dri lama tapi ga jadi2 taekk lah wkwkw ","1988210512338055203","","","in","","0","2","0","https://x.com/undefined/status/1988210512338055203","1537841827935813632",
"1988143393692913728","Tue Nov 11 11:41:22 +0000 2025","0","@eseonghyon inikah si pro pendaki gunung itu? minat digendong sampe puncak min. ️","1988210440749584531","","eseonghyon","in","","0","1","0","https://x.com/undefined/status/1988210440749584531","1374026774",
"1988040350381076972","Tue Nov 11 11:41:18 +0000 2025","0","@pantai_gunung Kalimasada?","1988210421367795887","","pantai_gunung","in","","0","0","0","https://x.com/undefined/status/1988210421367795887","1863139576673644544",
"1988209914804842617","Tue Nov 11 11:39:17 +0000 2025","0","Update Informasi Cuaca Terkini Kota Surabaya (11/11) 18.30 WIB - Hujan Ringan di Kecamatan : Pabean Cantian Krembangan Genteng Wonokromo Wonocolo tenggilis Sukolilo Rungkut Gunung Anyar Gubeng Sukomanunggal Semampir Bulak Tambaksari Mulyorejo","1988209914804842617","","","in","","0","1","0","https://x.com/undefined/status/1988209914804842617","762497866501730304",
"1988209818310705658","Tue Nov 11 11:38:54 +0000 2025","31","80 robux only 6k! (kurang dikit) caranya: - cek akun google play store dibagian notice and offer tiap akun beda-beda diskonnya ada yg 3k 8k bahkan gaada offer samsek - claim voc summit gunung x gopay (aku ke rinjani) - combo deh https://t.co/9JFAna5zeo","1988209818310705658","https://pbs.twimg.com/media/G5eKSwrbMAATytX.jpg","","in","","1","4","1","https://x.com/undefined/status/1988209818310705658","1934507260828692480",
"1988209530858336663","Tue Nov 11 11:37:45 +0000 2025","0","Menamatkan gunung ini sambil ngejar ngejar Chloe https://t.co/B4rcYsdRgz","1988209530858336663","https://pbs.twimg.com/media/G5eKCBFbcAYqSib.jpg","","in","","0","1","0","https://x.com/undefined/status/1988209530858336663","132388339",
"1988209196236734680","Tue Nov 11 11:36:26 +0000 2025","0","18.36 WIB #Tol_Jagorawi Cawang KM 00 - Cililitan KM 02 PADAT kepadatan volume lalin. Dukuh KM 07 - Cipayung KM 08 PADAT kepadatan volume lalin. Gunung Putri KM 22 - KM 23+225 arah Ciawi PADAT ada pekerjaan perbaikan jembatan di lajur 3-4/tengah-kanan.","1988209196236734680","","","in","","0","1","0","https://x.com/undefined/status/1988209196236734680","540625251",
"1988208886739083624","Tue Nov 11 11:35:12 +0000 2025","16","Suhu Turun Gunung #TinaSuppanad #AomSushar https://t.co/uV5BpW768v","1988208886739083624","https://pbs.twimg.com/amplify_video_thumb/1988208822733991940/img/Uh4adVLbdSs_Q6vc.jpg","","in","","1","0","0","https://x.com/undefined/status/1988208886739083624","1409218609",
"1988208590247915683","Tue Nov 11 11:34:02 +0000 2025","0","1️⃣ Gunung Tambora (Indonesia 1815) Letusan terbesar yang pernah tercatat manusia. Daya ledaknya setara 1000 megaton TNT. Lebih dari 70.000 jiwa tewas. Abunya menutupi atmosfer dan menyebabkan Tahun Tanpa Musim Panas di 1816. Dunia mengalami gagal panen dan kelaparan massal.","1988208592160534593","","DATAKIKAY","in","","0","0","0","https://x.com/undefined/status/1988208592160534593","1620783730154508291",
"1988208590247915683","Tue Nov 11 11:34:01 +0000 2025","0","10 LETUSAN GUNUNG BERAPI TERBESAR DALAM SEJARAH BUMI A thread","1988208590247915683","","","in","","0","1","0","https://x.com/undefined/status/1988208590247915683","1620783730154508291",
"1988208352833466854","Tue Nov 11 11:33:05 +0000 2025","1","celana gunung gue di pinjem temen gue wa kagak dibales tapi liat story gue anjinkkkk","1988208352833466854","","","in","","0","1","0","https://x.com/undefined/status/1988208352833466854","1120743270139621377",
"1988208239461487079","Tue Nov 11 11:32:38 +0000 2025","0","[SELAMAT &amp; SUKSES] Assalamu alaikum Wr. Wb. Haloo teman-teman FPK! Kami segenap keluarga besar Fakultas Psikologi dan Kesehatan UIN Sunan Ampel Surabaya mengucapkan : Selamat kepada Fakultas Psikologi UIN Sunan Gunung Djati Bandung https://t.co/uJg72Ce5sq","1988208239461487079","https://pbs.twimg.com/media/G5eI2YCbQAAJBgN.jpg","","in","","0","1","0","https://x.com/undefined/status/1988208239461487079","1407540427637465098",
"1988207825999286693","Tue Nov 11 11:31:01 +0000 2025","0","Bagi kategori Senior manakala kategori Junior diwakili Nur Damia Khalisya Mohd Rizalman dan Deeniya Irdhina Muhammad Sobri dari NADI Felda Gunung Besout 1 bimbingan petugas NADI Nur Fadzlin Maarus dan Suhaila Suliman.","1988207835478470864","","ohmymediacc","in","","0","1","0","https://x.com/undefined/status/1988207835478470864","1734789401589493760",
"1988073680744968507","Tue Nov 11 11:30:12 +0000 2025","0","@najumeow ke gunung fuji","1988207630503080158","","najumeow","in","","0","0","0","https://x.com/undefined/status/1988207630503080158","1607588101270163456",
"1988191419820044687","Tue Nov 11 11:30:07 +0000 2025","0","@IstriMui_ Ohhh seperti saya waktu semester 3 dan semester 6 yaaa dulu ada semacam observasi lapangan (field trip) gitu ke pulau or gunung. ","1988207609011466596","","IstriMui_","in","","0","1","0","https://x.com/undefined/status/1988207609011466596","1396682760777986058",
"1987938336715993307","Tue Nov 11 11:29:34 +0000 2025","0","@tirta_cipeng @tanyakanrl pakar ngising sudah turun gunung iniii","1988207468766523488","","tirta_cipeng","in","","0","0","0","https://x.com/undefined/status/1988207468766523488","161796864",
"1988206956302266642","Tue Nov 11 11:27:32 +0000 2025","0","*Satlantas Polres Way Kanan Bergerak Cepat Menangani Laka Tunggal Truk Tronton di Jalinsum Gunung Katun* https://t.co/5T7KyLcL8b","1988206956302266642","https://pbs.twimg.com/media/G5eHr5VbcA4nKXD.jpg","","in","","0","0","0","https://x.com/undefined/status/1988206956302266642","767610884269146112",
"1988158049509597243","Tue Nov 11 11:26:08 +0000 2025","0","@expelliarlmus Aku yang Lucveil ya. Biasanya Evade atau horror sih hehe.. kadang gunung obby atau tycoon gitu. Apa aja random yang keliatan seru aku mainin","1988206607151624483","","expelliarlmus","in","","0","1","0","https://x.com/undefined/status/1988206607151624483","1722436884197175296",
"1988206541078732878","Tue Nov 11 11:25:53 +0000 2025","0","Gunung. https://t.co/eQ9z7kZqWU","1988206543326900477","","Winbny","in","","0","1","0","https://x.com/undefined/status/1988206543326900477","1393059847306768386",
"1987941901119709578","Tue Nov 11 11:25:48 +0000 2025","0","@sweeeehhh @itsaditcastle @Indahnesiamu Udah gila apa suruh bolongin gunung aktif?","1988206521621377058","","sweeeehhh","in","","0","0","0","https://x.com/undefined/status/1988206521621377058","1510198412997586948",
"1988199201281634700","Tue Nov 11 11:25:05 +0000 2025","0","@wo_ords aku jadinya beli yang tinggi karena suka main ke gunung :3 makasih bb!","1988206341404717494","","wo_ords","in","","0","1","0","https://x.com/undefined/status/1988206341404717494","761044514286948354",
"1988206319984406581","Tue Nov 11 11:25:00 +0000 2025","19","Ya allah nonton #DustaDibalikCinta Uda kayak nonton film horor . . Mau tamat aja konfliknya naek2 ke puncak gunung..","1988206319984406581","","","in","","0","2","1","https://x.com/undefined/status/1988206319984406581","1352507798895005697",
"1988050343863963904","Tue Nov 11 11:23:00 +0000 2025","0","@syazwinaa18 Boleh dicoba nih nanti kalo naik gunung","1988205818035270063","","syazwinaa18","in","","0","0","0","https://x.com/undefined/status/1988205818035270063","1951648848574816256",
"1988202953774428539","Tue Nov 11 11:20:54 +0000 2025","0","@jettkopling pertanyaan lu knp aneh begitu dah gunung kidul","1988205289922064460","","jettkopling","in","","0","1","0","https://x.com/undefined/status/1988205289922064460","1245648670730514432",
"1988205031049621723","Tue Nov 11 11:19:53 +0000 2025","0","Gunung Sumbing selalu kelihatan tenang dari kejauhan padahal jalurnya bikin lutut nyerah setengah jalan hahahaha Tapi begitu nyampe puncak awannya kayak lautan dan capeknya langsung ilang. Kadang keindahan emang harus diperjuangkan dulu. Kaya si dia ya nggak? hahahaha https://t.co/rwdQMUh166","1988205031049621723","https://pbs.twimg.com/amplify_video_thumb/1988204384980004867/img/HzqKmBntxOdd5AxK.jpg","","in","","0","0","0","https://x.com/undefined/status/1988205031049621723","1962775478793838592",
"1988202593764409450","Tue Nov 11 11:19:11 +0000 2025","0","@vanillaciggs @tanyarlfes naik gunung baca sama tidur","1988204855358632345","","vanillaciggs","in","","0","0","0","https://x.com/undefined/status/1988204855358632345","1130577975487766528",
"1988204663368544521","Tue Nov 11 11:18:25 +0000 2025","0","saran gunung rosblok yg banyak spot fotonya dong ","1988204663368544521","","","in","","0","0","0","https://x.com/undefined/status/1988204663368544521","1459824547025227777",
"1988204365791064279","Tue Nov 11 11:17:15 +0000 2025","0","Perubahan ini bukan cuma soal estetika tapi soal kualitas. Perjalanan antara wilayah Tinjomoyo Kecamatan Banyumanik dengan Sukorejo Kecamatan Gunung Pati jadi jauh lebih cepat dan aman! Pelajar pun kini bisa berangkat sekolah tanpa harus memutar jauh atau khawatir jalannya licin","1988204367850397705","","pu_jalan_jtgdiy","in","","0","1","0","https://x.com/undefined/status/1988204367850397705","786747707352154112",
"1988203579321262334","Tue Nov 11 11:14:07 +0000 2025","0","Kadang main burung Kadang naik gunung Kadang main billiard Kadang dakwah https://t.co/czHwjDhCl2","1988203579321262334","https://pbs.twimg.com/ext_tw_video_thumb/1988203521238593538/pu/img/lu4lm8rhY4RHvIzt.jpg","","in","","0","0","0","https://x.com/undefined/status/1988203579321262334","1696153984174567424",
"1987746078285005013","Tue Nov 11 11:13:08 +0000 2025","0","@_YuujinA @raku__nn Luwih percoyo markas nazi neng gunung kidul","1988203335414071761","","_YuujinA","in","","0","0","0","https://x.com/undefined/status/1988203335414071761","327746329",
"1987804101179318377","Tue Nov 11 11:12:12 +0000 2025","0","@m_i__n___e @tenventory Salfok sama meng gunung ituu wkwkwk like father like son","1988203100143010103","","m_i__n___e","in","","0","1","0","https://x.com/undefined/status/1988203100143010103","1615321550198276097",
"1988202537946943934","Tue Nov 11 11:09:58 +0000 2025","1","Mendaki Gunung Lewati Lembah ~ Bersama teman Seperjuangan ~ YU NONTONIN KITA BERJUANG NAEK GUNUNG BARENG2 !! Apakah naik gunung ini akan damai ataukah chaos?? hmm? Link dibawah ya: https://t.co/Efy3gW8n7J","1988202537946943934","https://pbs.twimg.com/media/G5eDUVaa8AA4y0b.jpg","","in","","0","1","0","https://x.com/undefined/status/1988202537946943934","2277460302",
"1988177936646877652","Tue Nov 11 11:09:41 +0000 2025","1","@realfedinuril Menyala abangkuu Yg punya gunung mahameru 5 cm","1988202464055812115","","realfedinuril","in","","0","0","0","https://x.com/undefined/status/1988202464055812115","1875028909366104064",
"1987858770203185616","Tue Nov 11 11:09:19 +0000 2025","0","@dwolars munggah o gunung biasane akeh","1988202373559578987","","dwolars","in","","0","1","0","https://x.com/undefined/status/1988202373559578987","1019592655943004160",
"1988199201281634700","Tue Nov 11 11:09:11 +0000 2025","0","@damselettae aku lebih suka chibi :] tapi kalo kamu suka main ke gunung katanya bagusan beli yang tinggi!","1988202341825474992","","damselettae","in","","0","1","0","https://x.com/undefined/status/1988202341825474992","1698306870434533376",
"1987747834494636326","Tue Nov 11 11:08:43 +0000 2025","0","@jieqionnq AKU GA BOLOSSS?! Kan bisa gituu kaya kemarin lewat daring nuna aku bukannya gak mau ketemu temen tapi ketemu temennya itu lagi itu lagi bosen (boong) aku akan benar benar belajar bukan bermain robloks.. tapi summit 1 gunung leh lah ya? ","1988202224376557867","","jieqionnq","in","","0","1","0","https://x.com/undefined/status/1988202224376557867","1099487472956764162",
"1988201512288612536","Tue Nov 11 11:05:54 +0000 2025","0","kalo ga kuliah gua akan memilih naik gunung","1988201512288612536","","","in","","0","0","0","https://x.com/undefined/status/1988201512288612536","1867089241563598848",
"1988201416444563457","Tue Nov 11 11:05:31 +0000 2025","0","tiba tiba bgt di ajak naik gunung tadi pagi https://t.co/NR4lRIgFIa","1988201416444563457","https://pbs.twimg.com/media/G5eCpgrbcAAUqaK.jpg","","in","","0","0","0","https://x.com/undefined/status/1988201416444563457","1867089241563598848",
"1988043582151028967","Tue Nov 11 11:05:30 +0000 2025","1669","@ayamjogjahamil gunung merapi sampe erupsi karena merinding liat couple vintage balikan","1988201412422234325","","ayamjogjahamil","in","","2","3","71","https://x.com/undefined/status/1988201412422234325","1278919638181527553",
"1988201263537016914","Tue Nov 11 11:04:54 +0000 2025","0","18.04 WIB #Tol_Jagorawi Cawang KM 00 - Cililitan KM 02 PADAT kepadatan volume lalin. Dukuh KM 07 - Cipayung KM 08 PADAT kepadatan volume lalin. Gunung Putri KM 22 - KM 23+225 arah Ciawi PADAT ada pekerjaan perbaikan jembatan di lajur 3-4/tengah-kanan.","1988201263537016914","","","in","","0","1","0","https://x.com/undefined/status/1988201263537016914","540625251",
"1987529069894783290","Tue Nov 11 11:04:04 +0000 2025","0","@Maytechummia Baru turun gunung ni","1988201053544972585","","Maytechummia","in","","0","0","0","https://x.com/undefined/status/1988201053544972585","1939955613531832320",
"1988168300459946180","Tue Nov 11 11:03:58 +0000 2025","0","@putgeeery @urjumatreminder Mesti gunung anyar dsk","1988201026646872273","","putgeeery","in","","0","0","0","https://x.com/undefined/status/1988201026646872273","1387979031111299074",
"1988200933474660459","Tue Nov 11 11:03:36 +0000 2025","0","karena bete kalah rate off aku mau main rosblok ajaa kalo mau temenan rosblok reply yahhh aku sukanya main prospecting sama gag main gunung kalo digendong temen doang (sorry skill issue) ️","1988200933474660459","","","in","","0","0","0","https://x.com/undefined/status/1988200933474660459","1164428718015561728",
"1987677461287686473","Tue Nov 11 11:02:41 +0000 2025","0","@prinkycke Prtanda klo km harus mndaki gunung!! :3","1988200703475740728","","prinkycke","in","","0","0","0","https://x.com/undefined/status/1988200703475740728","1975056298145382400",
"1987945844767613221","Tue Nov 11 09:37:15 +0000 2025","0","@roblox_fess SUMBINGG. SATU SATUNYA GUNUNG YANG MAU GUA SUMMIT AMPE RATUSAN JUGA GA MASSLAH️","1988179203943264351","","roblox_fess","in","","0","0","0","https://x.com/undefined/status/1988179203943264351","1280081092289028099",
"1988179116328448070","Tue Nov 11 09:36:55 +0000 2025","4","Staf Ahli Menteri Keuangan Bidang Penerimaan Negara mengatakan proyek ini memiliki dampak ganda yaitu memperkuat struktur fiskal sekaligus mengurangi beban impor produk turunan minyak yang selama ini menggerogoti neraca perdagangan. https://t.co/I4olLZzhjt","1988179119184769283","","seruanhl","in","","0","1","4","https://x.com/undefined/status/1988179119184769283","1174287141909590017",
"1988112448931639301","Tue Nov 11 09:35:53 +0000 2025","0","@ariyanto21r @txtdarionlshop Baca pt nya dmna ? Nah lihat ada gunung gk disitu","1988178860614316279","","ariyanto21r","in","","0","0","0","https://x.com/undefined/status/1988178860614316279","244827859",
"1988156296332537868","Tue Nov 11 09:35:49 +0000 2025","0","@esemiesie Gunung apa","1988178842658467881","","esemiesie","in","","0","1","0","https://x.com/undefined/status/1988178842658467881","1692216826313555968",
"1988101841159405871","Tue Nov 11 09:35:13 +0000 2025","0","@SCRILLMINATE Turun gunung ya","1988178690367451398","","SCRILLMINATE","in","","0","1","0","https://x.com/undefined/status/1988178690367451398","558499271",
"1988178197306110197","Tue Nov 11 09:33:15 +0000 2025","1","noya main ke gunung lagi! https://t.co/Upa5mH5BF8","1988178197306110197","https://pbs.twimg.com/media/G5dthv3aEAAyFeA.jpg","","in","","1","5","0","https://x.com/undefined/status/1988178197306110197","238063564",
"1988178078435340708","Tue Nov 11 09:32:47 +0000 2025","0","16.32 WIB #Tol_Surabaya_Gempol Banyu Urip KM 05 - KM 06 arah Waru PADAT ada penanganan kecelakaan melibatkan tiga kendaraan di bahu luar/kiri. ; Jambangan KM 14 - Gunung Sari KM 12+500 PADAT ada penanganan kendaraan Trailer gangguan mesin di lajur 1/kiri.","1988178078435340708","","","in","","0","0","0","https://x.com/undefined/status/1988178078435340708","540625251",
"1988177472555544700","Tue Nov 11 09:30:22 +0000 2025","1","Purbaya Turun Gunung Cek Pemeriksaan Barang di Bea Cukai Tanjung Perak https://t.co/cQzibmF7L5","1988177472555544700","","","in","","0","0","3","https://x.com/undefined/status/1988177472555544700","135795460",
"1987915783704564066","Tue Nov 11 09:29:11 +0000 2025","0","@7elevne Wah bakal banyak explore gunung berarti eluu wkwk","1988177172889301421","","7elevne","in","","0","1","0","https://x.com/undefined/status/1988177172889301421","1980960327853604864",
"1988176866969026881","Tue Nov 11 09:27:58 +0000 2025","86"," Diaspora Turun Gunung! Dari Belanda sampai Yunani para pemain muda diaspora kini ikut meramaikan latihan Timnas U-22 di Jakarta. Ivar Jenner Dion Markx Mauro Zijlstra dan Luke Keet siap unjuk kemampuan demi merah putih! 🇮🇩 #Bolanet #blnlpt #TimnasIndonesiaU22 https://t.co/IzY5sIzG1G","1988176866969026881","https://pbs.twimg.com/media/G5eQ7s_bwAAYhgb.jpg","","in","","0","2","3","https://x.com/undefined/status/1988176866969026881","85537477",
"1988149102614638690","Tue Nov 11 09:25:19 +0000 2025","0","@CalPiadi gunung dua sodara","1988176199512977790","","CalPiadi","in","","0","0","0","https://x.com/undefined/status/1988176199512977790","1606693487608762368",
"1988170330113028215","Tue Nov 11 09:24:29 +0000 2025","0","@anyahawhaw_ Jadi kangen kang naik gunung ","1988175991110553943","","anyahawhaw_","in","","0","1","0","https://x.com/undefined/status/1988175991110553943","1797853653338107904",
"1988091851212046451","Tue Nov 11 09:24:28 +0000 2025","0","@tanyarlfes pernah bjil wkwkw rame ramean bgt trs subuh subuh naik ke gunung belakang rumah dia seru bgttt mana ortunya baik bgt ","1988175986647855435","","tanyarlfes","in","","0","0","0","https://x.com/undefined/status/1988175986647855435","1408332233136492550",
"1988140205057208569","Tue Nov 11 09:24:22 +0000 2025","0","@roblox_fess Aku bikin ava tinggi buat gunung sama foto2 aja xixixi.","1988175961079324956","","roblox_fess","in","","0","0","0","https://x.com/undefined/status/1988175961079324956","2265998389",
"1988175434908053639","Tue Nov 11 09:22:16 +0000 2025","2"," aer pegunungan tapi ngambil dari tanah. jadi begimana ni sebenarnya gunung apa tanah ni MALU TURUN GAK DARI DPR ","1988175434908053639","","","in","","0","0","0","https://x.com/undefined/status/1988175434908053639","1688237314571653120",
"1988175001720422404","Tue Nov 11 09:20:33 +0000 2025","0","saking wow nya ni pertanyaan beliau turun gunung","1988175001720422404","","","in","","0","0","0","https://x.com/undefined/status/1988175001720422404","1288062336528289794",
"1988174890441339338","Tue Nov 11 09:20:07 +0000 2025","1","Gunung berapi Kilauea di Pulau Besar Hawaii kembali memuntahkan lava dengan tinggi mencapai lebih dari 300 meter ke udara pada Minggu (9/11/2025). | #Hawai https://t.co/4778hvjvX0","1988174890441339338","","","in","","0","0","0","https://x.com/undefined/status/1988174890441339338","23343960",
"1988031759993499682","Tue Nov 11 09:17:22 +0000 2025","0","@kozirama coba jalur gunung batu dari arah cimahi ke pasteur. Banyak istighfar soalnya jalur 2 arah bisa jadi 1 arah saking gamau antrina ","1988174199601721696","","kozirama","in","","0","0","0","https://x.com/undefined/status/1988174199601721696","1061467380314890241",
"1987745435671531719","Tue Nov 11 09:16:26 +0000 2025","1","@sstellajeruk Pantai gunung payung enak gada karang jd bisa renang","1988173965731447270","","sstellajeruk","in","","0","1","0","https://x.com/undefined/status/1988173965731447270","343172669",
"1988172858905030866","Tue Nov 11 09:15:28 +0000 2025","0","@TamTimTomm probolinggo rungkut gunung anyar https://t.co/WYxWZUSKEu","1988173720402489675","","TamTimTomm","in","","0","1","0","https://x.com/undefined/status/1988173720402489675","1638995067364057090",
"1951892320422375653","Tue Nov 11 09:02:56 +0000 2025","0","GUNUNG AHMANTAP https://t.co/fVgr5hFkr2","1988170566009082144","https://pbs.twimg.com/media/G5dml5AbcAEcd5L.jpg","lattereia","in","","0","1","0","https://x.com/undefined/status/1988170566009082144","1346336729339367424",
"1951892320422375653","Tue Nov 11 09:01:52 +0000 2025","0","GUNUNG RUNIA https://t.co/2Nkv9vFhdy","1988170297816826349","https://pbs.twimg.com/media/G5dmWWdbcAMG40H.jpg","lattereia","in","","0","1","0","https://x.com/undefined/status/1988170297816826349","1346336729339367424",
"1987873974068576297","Tue Nov 11 09:01:25 +0000 2025","0","@peachauraa @oceanjwie gamau ah ada gunung","1988170186873307459","","peachauraa","in","","0","0","0","https://x.com/undefined/status/1988170186873307459","1138358423102210048",
"1988094333980209622","Tue Nov 11 09:01:22 +0000 2025","2","@txtdrimedia Dosa @fadlizon terhadap bangsa dan negara tingginya melebihi gunung tertinggi di Nusantara","1988170172621091308","","txtdrimedia","in","","0","0","0","https://x.com/undefined/status/1988170172621091308","770173024490315776",
"1988169829698724016","Tue Nov 11 09:00:00 +0000 2025","1"," Warung yang penuh dengan kenangan vt sevvlyblue_ #beskokpagi #pendaki #pendakian #hiking #gunung #gunungindonesia #gununglawu #lawumountain #gununglawu3265mdpl https://t.co/JjiK7gz8S9","1988169829698724016","https://pbs.twimg.com/amplify_video_thumb/1988164916793225216/img/Roz3Ct0UmfFEmaGr.jpg","","in","","0","0","0","https://x.com/undefined/status/1988169829698724016","1313076597935599616",
"1988169619467845844","Tue Nov 11 08:59:10 +0000 2025","0","Balik push gunung obby ajalah. Saatnya kembali ke daratan.","1988169619467845844","","","in","","0","0","0","https://x.com/undefined/status/1988169619467845844","411464002",
"1988168837502771310","Tue Nov 11 08:59:06 +0000 2025","0","Dali - chill vibes old rustic town tepi gunung dan tasik. Crowd dan tempat bersih. Aku paling suka datang sini. At least tak nampak orang ludah merata. Masa lepak2 tepi tasik ada uncle datang bawak bluetooth speaker besar lepas tu karok tepi telinga aku haha","1988169605001658579","","hidayahreads","in","","0","1","0","https://x.com/undefined/status/1988169605001658579","1760322726626271232",
"1988142229802586526","Tue Nov 11 08:58:11 +0000 2025","0","@bermuara_sayang Evening sayang semoga aku belum ketinggalan banget untuk menawarkan diri sebagai pendaki gunung handal nan gg ini. Kebetulan mundane aku 26 kalau kamu ngga keberatan being pampered with older boyfriend. I used to be soft hearted and full of love as boyfriend. -","1988169374176604305","","bermuara_sayang","in","","0","1","0","https://x.com/undefined/status/1988169374176604305","1595803855974936577",
"1988169028230337018","Tue Nov 11 08:56:49 +0000 2025","0","bot anjing dari tadi tanya2 ngulang bangsat ternyata si bego masih di oct 2023 https://t.co/CzJ8QO8qny","1988169028230337018","https://pbs.twimg.com/media/G5dlGhKbcAAq3rv.png","","in","","0","0","0","https://x.com/undefined/status/1988169028230337018","1105778609409552384",
"1988168290116743602","Tue Nov 11 08:53:53 +0000 2025","0","gunung + si ganteng https://t.co/YYw7jsg8zw","1988168290116743602","https://pbs.twimg.com/media/G5dke7RaQAAtPFJ.jpg","","in","","0","3","0","https://x.com/undefined/status/1988168290116743602","1471617135830986754",
"1988167375393632567","Tue Nov 11 08:53:13 +0000 2025","0","@neurv0z YESSS abis ini teriak di gunung","1988168122441089095","","neurv0z","in","","0","1","0","https://x.com/undefined/status/1988168122441089095","1445068179546411011",
"1988167856887132333","Tue Nov 11 08:52:10 +0000 2025","2","LEGENDA GUNUNG LEDANG: MUSLIHAT TITIAN EMAS Karya @eiffelynne_ https://t.co/vvBWn6glGx https://t.co/hJAk5SVUSe","1988167856887132333","https://pbs.twimg.com/media/G5dkHN4bcAIIGiC.jpg","","in","","1","0","1","https://x.com/undefined/status/1988167856887132333","1050539935491485696",
"1988166910656364748","Tue Nov 11 08:48:24 +0000 2025","0","PT.NEO ERAJAYA OPTIMA untuk posisi: SPG/SPV Stand &amp; Event Cara Melamar: Langsung antar berkas &amp; CV terbaikmu ke: Office Singkawang Jl. Gunung Bawang Ruko No. 34C Pasiran Singkawang Senin Sabtu | Pukul 10.00 14.00 WIB Contact Person: 0812-5482-4634 #Loker https://t.co/qs0OTH9xmh","1988166910656364748","https://pbs.twimg.com/media/G5diXYFbcAQhd0h.jpg","","in","","0","0","0","https://x.com/undefined/status/1988166910656364748","1554652429488386049",
"1988040350381076972","Tue Nov 11 08:46:46 +0000 2025","0","@pantai_gunung ini kenapasih","1988166501162185166","","pantai_gunung","in","","0","0","0","https://x.com/undefined/status/1988166501162185166","1421764696479199232",
"1987777658571436473","Tue Nov 11 08:46:01 +0000 2025","0","@crushedfeel Keknya kebiasaan nyari hts di gunung jadinya pas masuk mancing malah pikirannya cowok","1988166312519233835","","crushedfeel","in","","0","0","0","https://x.com/undefined/status/1988166312519233835","1682424633637863425",
"1988107070063997302","Tue Nov 11 08:46:01 +0000 2025","3","@kresbung MB 298 - Tuhan Kausatukan Kami PS 478 - Sekarang Tuhanku PS 606 - Dari Bawah Tubir Dosa PS 647 - Tuhan Engkaulah Gunung Batuku PS 654a - Yang Berteduh Pada Tuhan PS 712 - Tuhan Berikanlah Istirahat Kalau @raymondbenito_ pasti suka PS 451","1988166311491616867","","kresbung","in","","0","0","0","https://x.com/undefined/status/1988166311491616867","1402325991687524357",
"1988165969504858553","Tue Nov 11 08:44:40 +0000 2025","0","BEST GUNUNG WOI ANUAN NYA PINK SMUAAAAAA https://t.co/FXwMjBIYJi","1988165969504858553","https://pbs.twimg.com/media/G5diaa4bcAcl141.jpg","","in","","0","0","0","https://x.com/undefined/status/1988165969504858553","1796751964413493248",
"1988040350381076972","Tue Nov 11 08:42:53 +0000 2025","0","@pantai_gunung bikin macet jirr","1988165523474088021","","pantai_gunung","in","","0","0","0","https://x.com/undefined/status/1988165523474088021","1544681338761986048",
"1982585132851847548","Tue Nov 11 08:42:13 +0000 2025","0","@jieqionnq @nacdin @kewnho Pesona eyeliner naik gunung?","1988165354955395174","","jieqionnq","in","","0","1","0","https://x.com/undefined/status/1988165354955395174","1014727571362082817",
"1988165339323179014","Tue Nov 11 08:42:09 +0000 2025","0","Cek SPEEDS Kursi Lipat Outdoor Portable Kursi Camping Folding Chair Gunung Kemah Mudah LX 031-14 dengan harga Rp47.559. Dapatkan di Shopee sekarang! https://t.co/6gu3Do5qu1 https://t.co/mlFpCbbGib","1988165339323179014","https://pbs.twimg.com/media/G5dh1nIbcAQ9hFs.jpg","","in","","0","0","0","https://x.com/undefined/status/1988165339323179014","1308516009028984832",
"1987707916691087596","Tue Nov 11 08:40:16 +0000 2025","0","@seongdyeon bertapanya di gunung beneran atau gunung roblox ya dd? ","1988164862942605383","","seongdyeon","in","","0","1","0","https://x.com/undefined/status/1988164862942605383","3293252122",
"1988050458871751008","Tue Nov 11 08:39:31 +0000 2025","0","@byeondimple Ini mah siap gerak jalan akan ku arungi gunung dan lautan~~~","1988164674937102814","","byeondimple","in","","0","1","0","https://x.com/undefined/status/1988164674937102814","976047653355048960",
"1988152936082612486","Tue Nov 11 08:38:30 +0000 2025","0","@koikeshinju kalau 950 yen sebiji agak keterlaluan wkwkwkw. Kecuali emg kamu udah gak bs nahan lagi ya sudah Tapi kalau segitu mending nunggu sampe ada yg turun gunung dan bisa dipake ke yg lain menurutku. Aku sendiri 888 yen kagak co gegara mahal banget ","1988164418186998198","","koikeshinju","in","","0","1","0","https://x.com/undefined/status/1988164418186998198","1514484803751477256",
"1988164317724995803","Tue Nov 11 08:38:06 +0000 2025","0","Warga Sumbing Hilang Saat Mencari Ikan Di Sungai #jatengterkini 11 November 2025 Seorang warga di lereng Gunung Sumbing Kabupaten Magelang dilaporkan hilang saat mencari ikan di sungai sejak Sabtu kemarin. https://t.co/WMBabuGPlE","1988164317724995803","","","in","","0","0","0","https://x.com/undefined/status/1988164317724995803","1085408062545018882",
"1988161485185708487","Tue Nov 11 08:36:22 +0000 2025","0","@grok Sekitar setahun sebelum gunung itu meletus bukit belerang di tengah kawah gunung","1988163882603757698","","grok","in","","0","1","0","https://x.com/undefined/status/1988163882603757698","1695419448",
"1988140205057208569","Tue Nov 11 08:36:16 +0000 2025","0","@roblox_fess gunung kalo aku nder","1988163855588147628","","roblox_fess","in","","0","0","0","https://x.com/undefined/status/1988163855588147628","1973104383979298817",
"1988163588528500953","Tue Nov 11 08:35:12 +0000 2025","0","hm gx sabar main roblok kita baru mendaki gunung sedangkan orang2 dah mancing.. @tqiuzla","1988163588528500953","","","in","","0","1","0","https://x.com/undefined/status/1988163588528500953","1892921139237961728",
"1988140205057208569","Tue Nov 11 08:35:06 +0000 2025","0","@roblox_fess Buat naik gunung.","1988163564537081944","","roblox_fess","in","","0","0","0","https://x.com/undefined/status/1988163564537081944","1339557805515104257",
"1988158401323692367","Tue Nov 11 08:35:03 +0000 2025","0","@gunung_w @gunung_w Hi Kakak mohon maaf perihal kendalanya mhn diiinfokan nama pelapor almt (Jln Kel Kec Kota) &amp; No. HP ke DM admin ya. Admin tunggu konfirmasinya ya. Tks - Wuda","1988163549928341610","","gunung_w","in","","0","1","0","https://x.com/undefined/status/1988163549928341610","558516132",
"1988163310597140732","Tue Nov 11 08:34:06 +0000 2025","0","gue setiap nemuin tembok transparan pas main gunung: ini bisa nih harusnya lewat sini pake breacher ???? gak wajar","1988163310597140732","","","in","","0","1","0","https://x.com/undefined/status/1988163310597140732","1681210300157030400",
"1987772315808186488","Tue Nov 11 08:33:26 +0000 2025","0","@SWRKS_ Not sure tempat yang saya pergi senyap Dan banyak gunung sejuk jugak","1988163142980169992","","SWRKS_","in","","0","0","0","https://x.com/undefined/status/1988163142980169992","1338614984713056256",
"1988161485185708487","Tue Nov 11 08:33:14 +0000 2025","0","@grok Aku pernah berfoto di sana tepat di kawah gunung","1988163092480737467","","grok","in","","0","1","0","https://x.com/undefined/status/1988163092480737467","1695419448",
"1988159629088444834","Tue Nov 11 08:32:28 +0000 2025","1","@yubifess deket dari malang jalan cuma 90 menit an (tergantung seberapa santai si) gunung bokong bagus kalo pas sunrise berangkat dari malang jam 2 pagi sampe sana daftar trus mulai jalan biar nyantai dan dapet view","1988162901786718286","","yubifess","in","","0","0","0","https://x.com/undefined/status/1988162901786718286","1942143405100052480",
"1988161485185708487","Tue Nov 11 08:31:34 +0000 2025","0","@Go_Bank10 Menurut legenda Jawa Keris Mpu Gandring pusaka sakti yang dikaitkan dengan Ken Arok dan berdirinya Kerajaan Singasari diyakini terkubur di kawah Gunung Kelud. Konon setelah kutukannya memakan korban keris itu lenyap ke perut gunung. Ini jadi bagian misteri Kelud meski tak","1988162675696955440","","Go_Bank10","in","","0","1","0","https://x.com/undefined/status/1988162675696955440","1720665183188922368",
"1988161485185708487","Tue Nov 11 08:30:54 +0000 2025","0","@grok Keris mpu Gandring bersemayam di gunung Kelud","1988162505794113606","","grok","in","","0","1","0","https://x.com/undefined/status/1988162505794113606","1695419448",
"1988161485185708487","Tue Nov 11 08:29:52 +0000 2025","0","@Go_Bank10 Letusan Gunung Kelud pada 13 Februari 2014 pukul 22:50 WIB berjenis Plinian (VEI 4) kolom erupsi &gt;17 km. Aktivitas naik sejak akhir 2013 status Awas sejak pukul 21:15. Dampak: Hujan abu hingga Yogyakarta Solo Bandung (ketebalan &gt;2 cm) evakuasi &gt;100.000 jiwa 7 bandara","1988162245055180968","","Go_Bank10","in","","0","1","0","https://x.com/undefined/status/1988162245055180968","1720665183188922368",
"1988161485185708487","Tue Nov 11 08:27:28 +0000 2025","0","@Go_Bank10 Ya Gunung Kelud di Jawa Timur memang punya sejarah letusan besar. Letusan terkenal: - 1919: Menyebabkan lahar yang menewaskan 5.160 orang. - 1990: Letusan yang menewaskan lebih dari 30 orang. - 2014: Letusan eksplosif pada 13 Februari abu vulkanik menyebar luas evakuasi","1988161643600371871","","Go_Bank10","in","","0","1","0","https://x.com/undefined/status/1988161643600371871","1720665183188922368",
"1988161558107877804","Tue Nov 11 08:27:08 +0000 2025","0","Kalo ane mau beli yang mau Sumber: ANTARA News Kalteng https://t.co/ztw0ArqtsD","1988161558107877804","","","in","","0","0","0","https://x.com/undefined/status/1988161558107877804","1827800600811311104",
"1988059222563844365","Tue Nov 11 08:26:59 +0000 2025","0","eh louis sekarang segede leon juga gasih? soalnya kaya udah lama ga liat louis. dulu tuh pas winwin bilang leon gede kaya gunung gue masih yang ah enggalah segitu mah . tapi sekarang tiap liat leon jadi mengamini yang winwin bilang https://t.co/LcFYJ7sBl2","1988161520765989211","https://pbs.twimg.com/media/G5deXb5aoAADcbY.jpg","bbeomah","in","","0","0","0","https://x.com/undefined/status/1988161520765989211","68333155",
"1988161485185708487","Tue Nov 11 08:26:50 +0000 2025","0","Gunung Kelud pernah meletus besar coba @grok telusuri","1988161485185708487","","","in","","1","1","0","https://x.com/undefined/status/1988161485185708487","1695419448",
"1988161146617250239","Tue Nov 11 08:25:31 +0000 2025","6","Proyek ini diharapkan memperkuat struktur fiskal dan mengurangi impor produk minyak dengan Pertamina sebagai penyumbang besar penerimaan negara melalui pajak dan dividen. https://t.co/Z0bo9Y5j39.","1988161153818914910","","NgkongRoses","in","","0","0","3","https://x.com/undefined/status/1988161153818914910","2650421658",
"1988159629088444834","Tue Nov 11 08:19:28 +0000 2025","8","gunung yg friendly buat pemula apa braw! Aku F (blum ada pengalaman ndaki/tektok) Btw ada yg mau breng muncak stlh uas?","1988159629088444834","","","in","","0","8","0","https://x.com/undefined/status/1988159629088444834","809094068294664192",
"1988159587103732196","Tue Nov 11 08:19:18 +0000 2025","16","Jujur aja temen kpop esp myday bikin gue dapet banyak relasi. Cari info notaris? Ada Tanya2 gunung? Ada Tanya2 rumus excel? Ada Meskipun kita harus hidup sewajar jg. Trust me kl kamu ketemu lingkungan kpop yg bagus kamu beruntung. Ga beruntung tuh yg toxic ky kemarin.","1988159587103732196","","","in","","1","1","1","https://x.com/undefined/status/1988159587103732196","1502449336155738113",
"1988159519994900949","Tue Nov 11 08:19:02 +0000 2025","0","Apotik Jual Obat Aborsi Cytotec usia 1 2 3 4 5 6 Bulan Obat penggugur kandungan ampuh dan tuntas https://t.co/c9pWWfDHKD #obataborsi #obatpenggugurkandungan #obatcytotec #cytotec #caraaborsi #triples #gunung #videobokep #Trending #filmdewasa #obatgugur https://t.co/BSCgID6fcU","1988159519994900949","https://pbs.twimg.com/media/G5dciuqbcAUZYOO.jpg","","in","","0","0","0","https://x.com/undefined/status/1988159519994900949","1453562120742715399",
"1987938336715993307","Tue Nov 11 08:16:31 +0000 2025","0","@tirta_cipeng @tanyakanrl Ampe suhu turun gunung bales base ginian","1988158887741321626","","tirta_cipeng","in","","0","0","0","https://x.com/undefined/status/1988158887741321626","1776374329049272320",
"1988158401323692367","Tue Nov 11 08:14:35 +0000 2025","0","@pln_123 tolong dibantu id pelanggan 533112355268 milik ART saya petugas PLN salah catat stand meter tagihan 16399 padahal aktualnya 16097 (per hari ini foto terlampir) sehingga menyebabkan bengkaknya tagihan biasanya cuma 100-300 ribuan sekarang jadi 979 ribu. https://t.co/qUoMWlljxU","1988158401323692367","https://pbs.twimg.com/media/G5dbh5Ib0AAi48g.jpg","pln_123","in","","0","1","0","https://x.com/undefined/status/1988158401323692367","87429828",
"1987920232934146451","Tue Nov 11 08:14:28 +0000 2025","3","@iscorpvio Dilihat dari bodi montokmu pantasnya bagus kamu dientot apalagi gunung kembar mu bulat gede pas kontolku dijepit dari pada vcs","1988158372622041355","","iscorpvio","in","","0","0","0","https://x.com/undefined/status/1988158372622041355","1774385280642113536",
"1987772315808186488","Tue Nov 11 08:13:15 +0000 2025","1","@SWRKS_ Ahhh I don t remember mate dekat dengan gunung gunung. I love Bandung","1988158064839848320","","SWRKS_","in","","0","1","0","https://x.com/undefined/status/1988158064839848320","1338614984713056256",
"1987789332963352800","Tue Nov 11 08:13:08 +0000 2025","1","@hazeelreo @bermuara_sayang Soalnya aku kalau udah romantis udah bisa tebak respon kamu pasti tumben . Soal roblos aduhai bisa banget lah euy aku carry kamu apalagi kalau naik gunung. Sini adek cantik naik ke punggung abang jangankan puncak abang akan membawa adek kemanapun yang kamu mau. -","1988158036662456787","","ileehanii","in","","0","1","0","https://x.com/undefined/status/1988158036662456787","1968233183515938816",
"1988157533392101734","Tue Nov 11 08:11:08 +0000 2025","15","cabang ftl yang udah aku visit: 11. bogor pajajaran 12. cikarang 13. gandaria 14. mampang 15. merdeka 16. gunung sahari 17. kemanggisan (NEW) 18. soetta kopo nyobain ke sini juga akhirnya jauh dr tempatku tapi puas karena luas banget sih dari luar aja udah kelihatan gede (1) https://t.co/CVLQSDeNiu","1988157533392101734","https://pbs.twimg.com/media/G5datQmbcAILco5.jpg","","in","","0","4","0","https://x.com/undefined/status/1988157533392101734","1116905015291957254",
"1988157322343104574","Tue Nov 11 08:10:18 +0000 2025","0","Pada hari Selasa 11 Nopember 2025 Bhabinkamtibmas Desa Sangkan Gunung Aiptu I Nyoman Darma bersinergi dengan Babinsa Serka I Nengah Sukarta melaksanakan Sambang dan hadiri Resepsi Pernikahan warga Binaan An. I Komang dengan Ni Komang Juni Erawati Anak dari I Ketut Sudiarta https://t.co/AB9MgYGZGt","1988157322343104574","https://pbs.twimg.com/media/G5dai0hbcAE-qCD.jpg","","in","","0","0","0","https://x.com/undefined/status/1988157322343104574","1641624516299493376",
"1988157247483240490","Tue Nov 11 08:10:00 +0000 2025","0","KB Khairunnas Membuka lowongan Pengasuh Daycare Wanita Penempatan : Gunung Anyar Surabaya Timur Muslimah - S1 Semua Jurusan Menyukai Dunia Anak-Anak Kirimkan Lamaran &amp; CV melalui link : https://t.co/Hu5yBMYvXN Informasi lebih lanjut chat WA: 0813-3351-3627 https://t.co/i8kjnJ2XPF","1988157247483240490","https://pbs.twimg.com/media/G5dZ-_faYAAJo8W.jpg","","in","","0","0","0","https://x.com/undefined/status/1988157247483240490","1639467114171088898",
"1988156884457845237","Tue Nov 11 08:08:34 +0000 2025","1","Warga Desa Langensari Kecamatan Lembang Kabupaten Bandung Barat dikejutkan oleh peristiwa jatuhnya tiga batu berukuran besar dari tebing Gunung Batu pada Sabtu. Baca selengkapnya di sini : https://t.co/zaqxrFX5YU #batu #besar #jatuh #tebing #bandung Gass Selasa Betul","1988156884457845237","","","in","","0","0","0","https://x.com/undefined/status/1988156884457845237","1910555103087779842",
"1988154556296183959","Tue Nov 11 08:05:44 +0000 2025","0","Air selalu dianggap unsur penyambung antara dunia niskala (tak kasat mata) dan sekala (kasat mata). Dalam pandangan Nusantara kuno air dari gunung atau hulu sungai adalah simbol ibu kehidupan (kadang disebut Dewi Danu Dewi Sri atau Nyi Pohaci tergantung daerah).","1988156173686895086","","DutaNasiGoreng","in","","0","1","0","https://x.com/undefined/status/1988156173686895086","1217707903987019776",
"1988156166254559728","Tue Nov 11 08:05:42 +0000 2025","0","otpit naik gunung kah ini","1988156166254559728","","","in","","0","0","0","https://x.com/undefined/status/1988156166254559728","395443655",
"1988156158155387156","Tue Nov 11 08:05:40 +0000 2025","148","min mengenai yang lg viral tentang wisata pantai gunungkidul saya jg punya sedikit uneg-uneg. Pada hari minggu 9 november 2025 kami bersama rombongan sebagian kecil warga rt kampung kami mengadakan wisata kecil ke 2 pantai di kawasan gunung kidul. Pantai pertama berjalan https://t.co/35QJTtZqrL","1988156158155387156","https://pbs.twimg.com/media/G5dZfAubcAUq7b8.jpg","","in","","1","27","24","https://x.com/undefined/status/1988156158155387156","1279804428724211712",
"1988144317739741643","Tue Nov 11 08:05:00 +0000 2025","0","@roblox_fess mww ak jg suka main di gunung","1988155990236426716","","roblox_fess","in","","1","0","0","https://x.com/undefined/status/1988155990236426716","1744251210352496640",
"1988083854771728638","Tue Nov 11 08:03:48 +0000 2025","0","@yuriskkaaa Gunung Kemukus.","1988155685222445492","","yuriskkaaa","in","","0","0","0","https://x.com/undefined/status/1988155685222445492","74195784",
"1988149369997324355","Tue Nov 11 07:39:40 +0000 2025","0","telah dipersiapkan selama empat bulan ini melibatkan sebanyak 98 panitia dan diikuti oleh seluruh civitas akademika FPK serta peserta lomba dari berbagai SMA/MAN sederajat. Peringatan hari lahir FPK yang diselenggarakan di lahan parkir timur Kampus Gunung Anyar UINSA ini diawali https://t.co/Ilmsi0MFpu","1988149612625227901","https://pbs.twimg.com/media/G5dTdrubcAQUFbx.jpg","fpkuinsa","in","","0","1","0","https://x.com/undefined/status/1988149612625227901","1407540427637465098",
"1988149164828659873","Tue Nov 11 07:37:54 +0000 2025","1","daerah Terdampak : 1. Kyai satari 2. Rungkut menanggal harapan 3. Gunung anyar harapan 4. Rungkut Barata 5. Amir mahmud 6. Gunung anyar tengah 7. Wiguna 8. Gunung anyar tambak 9. Abdul Karim 10. Dan Sekitarnya","1988149169429901365","","PDAMSurabaya","in","","0","1","0","https://x.com/undefined/status/1988149169429901365","316901513",
"1988149133690150962","Tue Nov 11 07:37:46 +0000 2025","0","Kapan ya bisa bawa motor listrik ke daerah gunung sampai pantai? Soalnya SPBBL nya cuma nimbrung di kota doang ‍","1988149133690150962","","","in","","0","0","0","https://x.com/undefined/status/1988149133690150962","1372047468225916931",
"1988149102614638690","Tue Nov 11 07:37:38 +0000 2025","0","Pengen healing di gunung gunung apa yah?","1988149102614638690","","","in","","0","2","0","https://x.com/undefined/status/1988149102614638690","1664574574149902337",
"1987823596958568888","Tue Nov 11 07:37:10 +0000 2025","0","@spargowentgone hari ini gunung apa kaptenn","1988148982573658491","","spargowentgone","in","","0","0","0","https://x.com/undefined/status/1988148982573658491","598251459",
"1988148448353513595","Tue Nov 11 07:35:02 +0000 2025","0","Kegiatan Pendidikan Anti Narkoba dan Bullying Kepada Siswa Sekolah SD 4 Sangkan Gunung Pada hari Selasa tanggal 11 Nopember 2025 telah dilaksanakan Kegiatan Pendidikan Anti Narkoba dan Bullying Kepada Siswa Sekolah SD 4 Sangkan Gunung Desa Sangkan Gunung Kec. Sidemen. https://t.co/57Ky3RAbOR","1988148448353513595","https://pbs.twimg.com/media/G5dSeYqbcAA8AnY.jpg","","in","","0","0","0","https://x.com/undefined/status/1988148448353513595","1641624516299493376",
"1987875289175908657","Tue Nov 11 07:34:51 +0000 2025","0","@danicdanic Aku cuma punya 1 kak hachiware kuncen gunung fuji ","1988148399246635351","","danicdanic","in","","0","1","0","https://x.com/undefined/status/1988148399246635351","1952039714565083136",
"1988052385336287242","Tue Nov 11 07:34:14 +0000 2025","0","@bermuara_sayang Guys ini kayaknya kita bekum ngobrol sayang kok udah di expose aja akunya? I'm pretty much have the same freak as you like FREAK FREAK. Also I'm having B ND as main and sode fc jadi hayuk atuh dah kita mendaki gunung melewati lembah berlarian kesana kemari cintaku kasihku ","1988148244220965339","","bermuara_sayang","in","","0","1","0","https://x.com/undefined/status/1988148244220965339","1531988954152480768",
"1987881836966793723","Tue Nov 11 07:33:38 +0000 2025","0","@roblox_fess Ayo mabaaar mabar gunung wkwekwkwk EH MABAR PASS THE BOMB YUK","1988148094270308636","","roblox_fess","in","","0","0","0","https://x.com/undefined/status/1988148094270308636","1342777455715569665",
"1988147804506911222","Tue Nov 11 07:32:29 +0000 2025","3","enak air gunung pangrango biasa minum pas tektok di roblox","1988147804506911222","","","in","","0","0","0","https://x.com/undefined/status/1988147804506911222","1064777525878960128",
"1988147735464452189","Tue Nov 11 07:32:12 +0000 2025","5","Gunung Kilauea di Pantai Timur Pulau Hawaii kembali erupsi. Lava membumbung tinggi dari gunung berapi setinggi 335 meter ini dan telah menutupi sekitar 80 persen area kawah utama. Meski tidak ada ancaman langsung terhadap permukiman sekitar masyarakat diimbau tetap waspada https://t.co/vEJ93fX5S8","1988147735464452189","https://pbs.twimg.com/amplify_video_thumb/1988147647002406914/img/l8IK_Qo6dx0V1dHQ.jpg","","in","","0","0","1","https://x.com/undefined/status/1988147735464452189","46693036",
"1988040350381076972","Tue Nov 11 07:30:45 +0000 2025","1","@pantai_gunung Owalah tanah kirain mau ada demo","1988147367594574305","","pantai_gunung","in","","0","0","0","https://x.com/undefined/status/1988147367594574305","1371805508496072706",
"1988147127126815169","Tue Nov 11 07:29:47 +0000 2025","5","ada yang serupa tapi tak sama buku 5 pcs sepeda gunung https://t.co/o9Df2yNAEE","1988147127126815169","https://pbs.twimg.com/media/G5dRRbJacAA6VaY.jpg","","in","","0","3","0","https://x.com/undefined/status/1988147127126815169","1557357104322596867",
"1988145937156632644","Tue Nov 11 07:28:01 +0000 2025","0","@fasyy27 keren banget kakk bisa explore banyak gunung gituu aku juga pengen kaya kamu pls ","1988146683096822024","","fasyy27","in","","0","0","0","https://x.com/undefined/status/1988146683096822024","1943216430226509824",
"1988100848124305896","Tue Nov 11 07:26:41 +0000 2025","0","@1skyfo Iya jugaa sih naik gunung paling pas saat kemarau haha","1988146345291772377","","1skyfo","in","","0","0","0","https://x.com/undefined/status/1988146345291772377","1817335964869836800",
"1988146074071036326","Tue Nov 11 07:25:36 +0000 2025","0","Deretan curug terbaik di Prigen Pasuruan 2025. Nikmati pesona air terjun kaki Gunung Welirang yang sejuk alami dan cocok untuk healing. https://t.co/oZ7cNqefn9","1988146074071036326","","","in","","0","0","0","https://x.com/undefined/status/1988146074071036326","1404018642",
"1988144450795958663","Tue Nov 11 07:24:45 +0000 2025","0","@pvcylx @pvcylx Mohon maaf atas ketidaknyamanannya ya Kak. Setelah dilakukan pengecekan sesuai informasi yang mimin terima saat ini sedang terjadi pemeliharaan jaringan tegangan menengah dan gardu listrik di daerah Wanaherang Gunung Putri sehingga perlu dilakukan pengamanan","1988145858681110835","","pvcylx","in","","0","2","0","https://x.com/undefined/status/1988145858681110835","558516132",
"1988080874391564681","Tue Nov 11 07:22:31 +0000 2025","250","@ebietgdragon Ini yang Wowo menggelinding dari gunung Semeru itu bukan sih? Kebangetan anj nimpanya","1988145297466507555","","ebietgdragon","in","","0","1","4","https://x.com/undefined/status/1988145297466507555","1207749801875406850",
"1988144979651555613","Tue Nov 11 07:21:15 +0000 2025","0","wtb peralatan naik gunung/hiking dong lagi nyari sepatu (size 37/37 5) dan jaket parasut/windbreaker","1988144979651555613","","","in","","0","10","0","https://x.com/undefined/status/1988144979651555613","1132686457049501696",
"1988144317739741643","Tue Nov 11 07:18:37 +0000 2025","68","hi !roblox siapa mau temenan di twitter dan roblox sama mba mba ini? rep ya i'll hit you up. anyway aku suka main gunung horor dan mangkal di salon if you ask https://t.co/TJZ2HxhlWJ","1988144317739741643","https://pbs.twimg.com/media/G5dOuG6XUAA3xU4.jpg","","in","","6","71","0","https://x.com/undefined/status/1988144317739741643","1903872646678470656",
"1987941901119709578","Tue Nov 11 07:03:02 +0000 2025","0","@sweeeehhh @Indahnesiamu Merapi gunung aktif woy Lo mau kena lahar","1988140394803327444","","sweeeehhh","in","","0","0","0","https://x.com/undefined/status/1988140394803327444","181849144",
"1988140369163547101","Tue Nov 11 07:02:56 +0000 2025","0","abis naik gunung dan ngerasa gunung ini unik bangeet setiap omongan gue sama partner baik secara langsung maupun dalem hati selalu terjadi disini aku gamau kena trek malem disini malah dikasih trek malem aduh lama banget ga nyampe2 beneran dibikin lama banget","1988140369163547101","","","in","","0","2","0","https://x.com/undefined/status/1988140369163547101","1784916191720710144",
"1988140205057208569","Tue Nov 11 07:02:47 +0000 2025","0","@roblox_fess Gunung atau map dugem biasanya","1988140330215244079","","roblox_fess","in","","0","0","0","https://x.com/undefined/status/1988140330215244079","975257630766546944",
"1988140205057208569","Tue Nov 11 07:02:42 +0000 2025","0","@roblox_fess Gunung doang","1988140309919002905","","roblox_fess","in","","0","0","0","https://x.com/undefined/status/1988140309919002905","1460569489670479875",
"1988032242866942397","Tue Nov 11 07:02:11 +0000 2025","0","@rsevise gunung dan air","1988140181644603788","","rsevise","in","","0","0","0","https://x.com/undefined/status/1988140181644603788","3112003326",
"1987938336715993307","Tue Nov 11 07:00:31 +0000 2025","0","@tirta_cipeng @tanyakanrl Wanjir dokter yg suka bahas ee pun turun gunung ","1988139760637084050","","tirta_cipeng","in","","0","0","0","https://x.com/undefined/status/1988139760637084050","4673056754",
"1988139602763473277","Tue Nov 11 06:59:53 +0000 2025","0","kayaknya inimah ya di gunung juga harus ada fotoyu deh","1988139602763473277","","","in","","0","0","0","https://x.com/undefined/status/1988139602763473277","1321329357705506816",
"1988139065720635851","Tue Nov 11 06:57:45 +0000 2025","0","Penandatanganan Surat Kuasa Pengucapan Ikrar di Hadapan Panitera PA Gunung Sugih. Selengkapnya https://t.co/uSNXBsR3Pm @Humas_MA @DitjenBadilag @pta_lampung @pemdalamteng #bestari #wbkwbbm #zonaintegritas https://t.co/sK9MsYIAoL","1988139065720635851","https://pbs.twimg.com/media/G5dJ8EdbcAcnAY-.jpg","","in","","0","0","0","https://x.com/undefined/status/1988139065720635851","1483008143953362946",
"1988138235684651069","Tue Nov 11 06:54:27 +0000 2025","5","izin semuanyaa Menembus Waktu : Antara Khatulistiwa Dan Gunung Salak - Chapter 13 : Long Distance Research (LDR) To Research Conference #wattpad https://t.co/Akq2Myg6Yb","1988138235684651069","","","in","","0","0","0","https://x.com/undefined/status/1988138235684651069","1254593516975435777",
"1988137557616677197","Tue Nov 11 06:52:25 +0000 2025","0","Di gerbang kayu tempat ia pertama kali tiba Airen berhenti sejenak sebelum pergi. Uap hangat masih melayang di udara dan angin gunung membawa aroma daun kering serta batu panas.","1988137720682893751","","HisakawaSensei","in","","0","1","0","https://x.com/undefined/status/1988137720682893751","1801651536784986114",
"1988137557616677197","Tue Nov 11 06:52:08 +0000 2025","0","Langkahnya ringan di antara dedaunan lembap dan rumput liar yang masih berkilau oleh embun. Semakin jauh dari bangunan utama suara manusia memudar digantikan oleh gemuruh jauh dari perut Gunung Shinku dan kicau serangga pagi.","1988137650797375618","","HisakawaSensei","in","","0","1","0","https://x.com/undefined/status/1988137650797375618","1801651536784986114",
"1988014467985424411","Tue Nov 11 06:51:50 +0000 2025","2","@HawkEmDownChris Puteri Gunung Ledang Sherlock (Benedict Cumberbatch)","1988137575614476338","","HawkEmDownChris","in","","0","1","0","https://x.com/undefined/status/1988137575614476338","1762313780212690944",
"1988137402125480059","Tue Nov 11 06:51:09 +0000 2025","1","rein... aku udah baper banget ya taunya kamu mau minta sepeda gunung ","1988137402125480059","","","in","","0","1","0","https://x.com/undefined/status/1988137402125480059","1611593772546273283",
"1988137109862126068","Tue Nov 11 06:49:59 +0000 2025","0","gunung capek bangeettt 3 hari baru kelar :)) 38/51 cp sendiri : sisanya digendong orang sampai 3 summit kwkwk https://t.co/n1xiU3I8WQ","1988137109862126068","https://pbs.twimg.com/media/G5dG3xhaIAIBdFZ.jpg","","in","","0","0","0","https://x.com/undefined/status/1988137109862126068","1905071668743278592",
"1988136360486781360","Tue Nov 11 06:47:00 +0000 2025","0","Cuman sebulan ak tinggal kenapa map mancing ini jd kek map gunung bejir","1988136360486781360","","","in","","0","0","0","https://x.com/undefined/status/1988136360486781360","881572336150773760",
"1988087385989775790","Tue Nov 11 06:46:34 +0000 2025","0","ㅤ seperti ada sesuatu yang menolak. Batu itu bergetar di tangannya memantulkan bayangan berwarna abu di udara residu energi gelap yang membekas sejak pembentukannya di puncak gunung sakral. Shion menarik napas dalam memperkuat aliran sihirnya. ㅤ","1988136248352141554","","shiontuber","in","","0","1","0","https://x.com/undefined/status/1988136248352141554","1498200720041922564",
"1988134810381152435","Tue Nov 11 06:40:51 +0000 2025","18","INFO BADAN GEOLOGI Selasa 11/11/2025 13:00:00 WIB: Terjadi hujan di lereng selatan Gunung Merapi mulai pukul 12:44 WIB dengan curah hujan 5 mm durasi 15 menit dan intensitas 29 mm/jam. Hujan masih berlangsung saat ini waspadai bahaya lahar di sungai-sungai yang berhulu di https://t.co/BOzB6JglfX","1988134810381152435","https://pbs.twimg.com/media/G5dF_o0asAAIRsh.jpg","","in","","1","4","1","https://x.com/undefined/status/1988134810381152435","1279804428724211712",
"1988134422307336197","Tue Nov 11 06:39:18 +0000 2025","0","ril. gw di gunung selalu gw cepol atau ga gw tutup buff di kepala. karena gw lepek anjir","1988134422307336197","","","in","","0","0","0","https://x.com/undefined/status/1988134422307336197","1288679733463482368",
"1987819064908198242","Tue Nov 11 06:38:27 +0000 2025","0","@VIRGO1409271346 Malah ada yg di penjarakan kok ","1988134207785423351","","VIRGO1409271346","in","","0","0","0","https://x.com/undefined/status/1988134207785423351","1550759226640699392",
"1987945844767613221","Tue Nov 11 06:38:10 +0000 2025","1","@roblox_fess gunung imut. satunya2 gunung yg aku bisa summit lebih dari sekali ","1988134137807712487","","roblox_fess","in","","0","1","0","https://x.com/undefined/status/1988134137807712487","1880938759795179520",
"1987735422731161856","Tue Nov 11 06:36:23 +0000 2025","0","@grok @Faizaljam @neohistoria_id @Grok kamu tahu apa dampak kerusakan dari eksploitasi gila-gilaan rezim Orba itu? Sampai ratusan tahun kedepanpun tidak akan bisa pulih! Papua misalnya berapa besar gunung emas disana dirampas diolah oleh asing hny beberapa saat setelah Suharto dilantik? UU PMA?!","1988133688551579929","","grok","in","","0","1","0","https://x.com/undefined/status/1988133688551579929","3261907663",
"1988105711742841114","Tue Nov 11 06:33:37 +0000 2025","0","@0x_xavi @lilfogees Gunung Kidul Yogyakarta","1988132992573940021","","0x_xavi","in","","0","0","0","https://x.com/undefined/status/1988132992573940021","264701291",
"1988132964128223243","Tue Nov 11 06:33:31 +0000 2025","0","Dari pantai hingga gunung pengalaman ini jadi cara seru untuk menjalin kebersamaan️ Yuk wujudkan gathering seru bareng kami info promo &amp; konsultasi klik linkhttps://t.co/yHXYI16syf #24travel #semuabisaliburan #paketwisatapantai #pakettripbromo #tripbromo https://t.co/zcG4YAcocq","1988132964128223243","https://pbs.twimg.com/media/G5dEN02bcAEZbJQ.jpg","","in","","0","0","0","https://x.com/undefined/status/1988132964128223243","496854118",
"1988120947975745608","Tue Nov 11 06:33:26 +0000 2025","0","@fragmentasher Rill cuman mau naik gunung event lari dan beli perlengkapannya","1988132945685873130","","fragmentasher","in","","0","1","0","https://x.com/undefined/status/1988132945685873130","1304212425172856832",
"1988112688652972536","Tue Nov 11 06:30:59 +0000 2025","0","@lavagifie naik gunung kah","1988132327390867578","","lavagifie","in","","0","1","0","https://x.com/undefined/status/1988132327390867578","1914185496869343232",
"1988035219174375748","Tue Nov 11 06:30:50 +0000 2025","0","@acepromaze BTW LU UDH PERNAH BLM NEMU GUNUNG YANG MUNCAK NYA COSPLAY JADI SPIDERMAN?? NAIK NYA GK PAKE TANGGAL GK PAKE KAYU BENERAN KYK SPIDERMAN PST PST GITU","1988132291529539754","","acepromaze","in","","0","2","0","https://x.com/undefined/status/1988132291529539754","1665980907713593344",
"1988035219174375748","Tue Nov 11 06:29:00 +0000 2025","0","@acepromaze IMAGE GUA SE GAK JELAS ITU KAH? ASAAN GAK AH HOAX. MASALAHNYA LU PADA KOMPAK ALESANNYA KARNA GUA NEMU GUNUNG ANEH. KEK APAAN BGT.","1988131829287920035","","acepromaze","in","","0","0","0","https://x.com/undefined/status/1988131829287920035","1665980907713593344",
"1988130999847579908","Tue Nov 11 06:25:42 +0000 2025","0","pengen naik gunung deh tapi ga dibolehin sama ibu ","1988130999847579908","","","in","","0","0","0","https://x.com/undefined/status/1988130999847579908","1858453517096439808",
"1988112448931639301","Tue Nov 11 06:24:18 +0000 2025","0","@txtdarionlshop lah le minerale logonya gunung boong dongggg?","1988130646326472939","","txtdarionlshop","in","","0","0","0","https://x.com/undefined/status/1988130646326472939","1623825763165429760",
"1988121150824870069","Tue Nov 11 06:22:27 +0000 2025","0","@desemberik naik kapal lewat gunung","1988130179001307504","","desemberik","in","","0","0","0","https://x.com/undefined/status/1988130179001307504","1473579751918821376",
"1988040350381076972","Tue Nov 11 06:19:11 +0000 2025","7","@pantai_gunung kalimasada ini ga eling jiers","1988129357450416451","","pantai_gunung","in","","0","0","0","https://x.com/undefined/status/1988129357450416451","1639313301795655682",
"1988129312911020440","Tue Nov 11 06:19:00 +0000 2025","0","Mengandalkan gunung gunung bisa runtuh. Mengandalkan orang orang bisa lari","1988129312911020440","","","in","","0","0","0","https://x.com/undefined/status/1988129312911020440","2230628928",
"1988129296884662499","Tue Nov 11 06:18:56 +0000 2025","0","apalah gunung muria setengah ujan setengah engga dasar gunung labil","1988129296884662499","","","in","","0","0","0","https://x.com/undefined/status/1988129296884662499","21212256",
"1987747834494636326","Tue Nov 11 06:18:20 +0000 2025","0","@lizkimm Ngerjain kerjaan nyang se abrek itu apa kerjaannya? Daki gunung di robloks. Ayoo ikutan si i kita bobosn seharian. Minum pun di kasur.","1988129144522371472","","lizkimm","in","","0","1","0","https://x.com/undefined/status/1988129144522371472","1391045443967098889",
"1988035219174375748","Tue Nov 11 06:18:04 +0000 2025","0","@dibiasakan masalahnya lu suka muncak di gunung ga jelas kan gue kepo","1988129076281045276","","dibiasakan","in","","0","2","0","https://x.com/undefined/status/1988129076281045276","1335842832771256322",
"1987505706623492198","Tue Nov 11 06:13:54 +0000 2025","0","@mipyeon emg km mandiri? org kmren jg di gendong cowo melintasi gunung aku liat","1988128029697265866","","mipyeon","in","","0","1","0","https://x.com/undefined/status/1988128029697265866","1744592544200368128",
"1988120554403229944","Tue Nov 11 06:13:44 +0000 2025","0","@Oktavano8 Untuk naik gunung Coros Pace 3 lebih bagus. Alasannya: Baterai tahan 38 jam di mode GPS (vs 19 jam Garmin) GPS dual-frequency untuk akurasi tinggi di terrain sulit altimeter barometrik presisi dan navigasi breadcrumb cocok untuk hiking panjang. Garmin FR 165 oke untuk lari ","1988127985388671010","","Oktavano8","in","","0","0","0","https://x.com/undefined/status/1988127985388671010","1720665183188922368",
"1988127878291038317","Tue Nov 11 06:13:18 +0000 2025","0","Gunung Ruang Waspada Warga Diminta Jauhi Radius 2 Km https://t.co/Ui7Sa0TjfM https://t.co/dpi51Mzh8H","1988127878291038317","https://pbs.twimg.com/media/G5c_xQOXkAAOif-.jpg","","in","","0","0","0","https://x.com/undefined/status/1988127878291038317","118371948",
"1987820470020997240","Tue Nov 11 06:13:04 +0000 2025","0","@KucengTerbanggg Sama dengan gunung di Jawa Barat","1988127818426052820","","KucengTerbanggg","in","","0","0","0","https://x.com/undefined/status/1988127818426052820","625391461",
"1987747834494636326","Tue Nov 11 06:12:04 +0000 2025","1","@Juhbon Idol pekerja keras ini lagi sibuk projek apa baru-baru ini? Bisikin dong spoiler. Itu buag foto sambil daki gunung Roblox yang 300 cp itu. Ikutan nggak?","1988127568927879184","","Juhbon","in","","0","1","0","https://x.com/undefined/status/1988127568927879184","1391045443967098889",
"1988115096753893425","Tue Nov 11 06:09:40 +0000 2025","0","@raruffle @ellenddraft gasssinnn kita buka klan kinyis gunung ","1988126964096659719","","raruffle","in","","0","0","0","https://x.com/undefined/status/1988126964096659719","1938155107390226432",
"1988126389418291676","Tue Nov 11 06:07:23 +0000 2025","0","Cek Sepeda Gunung MTB 27.5 GENIOBIKE M702 by Unitedbike Rem Hidrolik Frame Alloy 10 Speed NEW dengan harga Rp1.899.950. Dapatkan di Shopee sekarang! https://t.co/fTQtYmSv5Y https://t.co/WR1Clodfek","1988126389418291676","https://pbs.twimg.com/media/G5c-aiwbcAE6cn1.jpg","","in","","0","0","0","https://x.com/undefined/status/1988126389418291676","1959864941936340993",
"1987526649693266267","Tue Nov 11 06:04:29 +0000 2025","0","@roblox_fess Alamak. Udah sampe fish it pula masalah kek gini kirain di map gunung doang. Gini aja deh sekarang kamu mancing itu tujuannya buat dapet perhatian cowok apa begimana? kalo gitu entar kasian ke kamu nya loh engga bakalan nemu titik seru main di map itu.","1988125660607639601","","roblox_fess","in","","0","0","0","https://x.com/undefined/status/1988125660607639601","1975907549082963968",
"1988125526217949393","Tue Nov 11 06:03:57 +0000 2025","0","tb tb mau naik gunung ","1988125526217949393","","","in","","0","0","0","https://x.com/undefined/status/1988125526217949393","1401197192598020100",
"1988097153114485002","Tue Nov 11 06:02:45 +0000 2025","0","setelah puas mengisi perut mereka melanjutkan perjalanan singkat itu lebih dekat ke kaki gunung toblerone! kalian pernah dengar tentang ini? benar gunung yang berada di bungkus cokelat terkenal itu disini letaknya Matterhorn Zermatt. ikonik sekali bukan? https://t.co/V8P74Imxyr","1988125221463925216","https://pbs.twimg.com/media/G5c9WiVboAAjjKF.jpg","leefdino","in","","0","1","0","https://x.com/undefined/status/1988125221463925216","771009632269537280",
"1986795653301993685","Tue Nov 11 06:01:24 +0000 2025","0","@Ylunjung Top visual kita langsung turun gunung gini! ","1988124884460089435","","Ylunjung","in","","0","0","0","https://x.com/undefined/status/1988124884460089435","1354486826111619073",
"1988124486538063910","Tue Nov 11 05:59:49 +0000 2025","0","Dari pantai hingga gunung pengalaman ini jadi cara seru untuk menjalin kebersamaan️ Yuk wujudkan gathering seru bareng kami info promo &amp; konsultasi klik link https://t.co/IpHtvrjCdQ #24travel #semuabisaliburan #paketwisatapantai #pakettripbromo #tripbromo https://t.co/rvGtKf1riH","1988124486538063910","https://pbs.twimg.com/amplify_video_thumb/1988124281776336897/img/bBqNgLnu1rQDQiQS.jpg","","in","","0","0","0","https://x.com/undefined/status/1988124486538063910","496854118",
"1987383010694734210","Tue Nov 11 05:59:45 +0000 2025","0","@Nathphro aku suka main di fish it random dance kpop map-map gunung sama kadang vd kalo diajak temen kalo kamuuu???","1988124466430476331","","Nathphro","in","","0","1","0","https://x.com/undefined/status/1988124466430476331","1986310093160562688",
"1984926455537791061","Tue Nov 11 05:59:25 +0000 2025","1","@kegblgnunfaedh Wow anak-anak hebat bisa sampai puncak gunung pasti bisa jadi core memory yang menyenangkan sampai besar ","1988124383605649439","","kegblgnunfaedh","in","","0","0","0","https://x.com/undefined/status/1988124383605649439","1749690773375983616",
"1987863863853994431","Tue Nov 11 05:58:50 +0000 2025","0","@newrukona mendung ya padahal kalo cerah bisa liat pemandangan gunung salak dari situ","1988124237635481623","","newrukona","in","","0","1","0","https://x.com/undefined/status/1988124237635481623","1545348108682293248",
"1988124008454508923","Tue Nov 11 05:57:55 +0000 2025","0","Ka gunung wae emg aing jelema ti gunung jigana mah https://t.co/ZCWGPLdSYb","1988124008454508923","https://pbs.twimg.com/media/G5c8EtwawAAzQTF.jpg","","in","","0","0","0","https://x.com/undefined/status/1988124008454508923","59320761",
"1988124007695294842","Tue Nov 11 05:57:55 +0000 2025","0","FAKKKKK lagi fokus mendaki gunung dibantu orang baik malah DISCONNECT wifi pls orang baik chat me...","1988124007695294842","","","in","","0","0","0","https://x.com/undefined/status/1988124007695294842","1713521110082629632",
"1988054780988768600","Tue Nov 11 05:57:14 +0000 2025","0","@SS04HARUTO @SS01MINJEONG Lagi naik gunung itu ay","1988123834156020093","","SS04HARUTO","in","","0","1","0","https://x.com/undefined/status/1988123834156020093","1640694821819125761",
"1988123567721246878","Tue Nov 11 05:56:10 +0000 2025","0","saran bikin ava tinggi dong body nya mending gimana? mau belajar naik gunung katanya lebih enak kalo ava nya tinggi https://t.co/Oqitbp8N8U","1988123567721246878","https://pbs.twimg.com/media/G5c72TWb0AAW1Vt.jpg","","in","","0","3","0","https://x.com/undefined/status/1988123567721246878","1393941197073252358",
"1987904065091813560","Tue Nov 11 05:55:59 +0000 2025","0","Nikmat sederhana: makan soto sembari menyaksikan para penungga kuda di Tegalwaton. Gunung Merbabu meski tertutup kabut tetap cantik https://t.co/kMOxA07zZ1","1988123521143500869","https://pbs.twimg.com/media/G5c7zO_aEAATuHU.jpg","lemongraziee","in","","0","1","0","https://x.com/undefined/status/1988123521143500869","86689643",
"1986828967064801644","Tue Nov 11 05:54:52 +0000 2025","0","@SANMOUNTAINCHOI HEH KURANG AJAR SI GUNUNG","1988123239525347615","","SANMOUNTAINCHOI","in","","0","1","0","https://x.com/undefined/status/1988123239525347615","848986538868260864",
"1988108879629299828","Tue Nov 11 05:52:16 +0000 2025","0","@lullafbies Info gunung","1988122584194707574","","lullafbies","in","","0","1","0","https://x.com/undefined/status/1988122584194707574","1966741008588435461",
"1988121809485811777","Tue Nov 11 05:49:11 +0000 2025","0","Ajakin gue naik gunung prau ayooooo","1988121809485811777","","","in","","0","0","0","https://x.com/undefined/status/1988121809485811777","1576810842028658688",
"1988121642627997787","Tue Nov 11 05:48:31 +0000 2025","0","Cek Sepeda Gunung MTB 27.5 GENIOBIKE M702 by Unitedbike Rem Hidrolik Frame Alloy 10 Speed NEW dengan harga Rp1.899.950. Dapatkan di Shopee sekarang! https://t.co/fTQtYmSv5Y https://t.co/XzHuGYxBoZ","1988121642627997787","https://pbs.twimg.com/media/G5c6GQTbcAUHdE_.jpg","","in","","0","0","0","https://x.com/undefined/status/1988121642627997787","1959864941936340993",
"1988121622470160599","Tue Nov 11 05:48:26 +0000 2025","0","Pengen banget naik gunung prau","1988121622470160599","","","in","","0","0","0","https://x.com/undefined/status/1988121622470160599","1576810842028658688",
"1988120375935611036","Tue Nov 11 05:43:29 +0000 2025","0","Solusi Ampuh mengatasi masalah yang tidak di inginkan Menggugurkan kandungan cepat tuntas obat aborsi cytotec usia 1 2 3 4 5 6 Bulan Konsultasi : https://t.co/ZE6w71ItlN #obataborsi #obatpenggugurkandungan #obatcytotec #cytotec #caraaborsi #triples #gunung #Trending https://t.co/klKnwe35Zc","1988120375935611036","https://pbs.twimg.com/media/G5c46jbbcAA2Abb.jpg","","in","","0","0","0","https://x.com/undefined/status/1988120375935611036","1453562120742715399",
"1988070367324520559","Tue Nov 11 05:40:48 +0000 2025","0","@rexalistic Aku jugaa. Mending naik gunung atau main game horror. Fish it itu kayak gacha jadi gak ada yang bisa diharepin","1988119699075596727","","rexalistic","in","","0","0","0","https://x.com/undefined/status/1988119699075596727","731253874036748288",
"1988103011579949077","Tue Nov 11 05:35:05 +0000 2025","1","@Bitchla_ tapi ngecamp seseru itu ga horor. Kecuali ngecampnya di gunung ya itu aku gatau wkwkwk","1988118260815167845","","Bitchla_","in","","0","1","0","https://x.com/undefined/status/1988118260815167845","1912089815245639680",
"1988117430988911099","Tue Nov 11 05:34:55 +0000 2025","0","also personal favorite: https://t.co/5GbzPfOMP1 bener-bener lagu yang dipasang di angkot biru muda trayek Jati yang lagi breeemm di Gunung Pangilun atau angkot hijau kampus yang lagi breeeeem di Simpang Haru ke Andalas","1988118218746327164","","ephemerants","in","","0","0","0","https://x.com/undefined/status/1988118218746327164","929901271405936640",
"1988117401368735787","Tue Nov 11 05:32:41 +0000 2025","0","@yipiyayii Nama: Hotman Paris (dari display name) Gender: Pria (diasumsikan dari nama) Usia: Sekitar 17-20 tahun (dari konteks remaja/dewasa muda) Pencapaian: Sukses mendaki gunung di Roblox Hobi: Main Roblox denger musik K-pop (NCT) makan foto booth Okupasi: Pengangguran Masa","1988117655031882164","","yipiyayii","in","","1","5","0","https://x.com/undefined/status/1988117655031882164","1720665183188922368",
"1988117365838786921","Tue Nov 11 05:31:32 +0000 2025","1","pap gunung https://t.co/lnVksh25Vt","1988117365838786921","https://pbs.twimg.com/media/G5c2NBDbAAAzfS7.jpg","","in","","0","0","0","https://x.com/undefined/status/1988117365838786921","1976268122677182464",
"1988117040381784371","Tue Nov 11 05:30:14 +0000 2025","0","#KawanJakita dari hulu di Gunung Gede hingga muara di Teluk Jakarta Ciliwung membawa kisah tentang perjalanan. Tentang air yang terus mengalir tentang manusia yang tumbuh di sisinya dan tentang kota yang lahir bersamanya. Kini setiap riaknya mengingatkan kita menjaga https://t.co/PZr4V2ll74","1988117040381784371","https://pbs.twimg.com/amplify_video_thumb/1988116916943339520/img/MttMi8p425gq6e1m.jpg","","in","","0","1","0","https://x.com/undefined/status/1988117040381784371","1349779426653818881",
"1987884359467385042","Tue Nov 11 05:27:33 +0000 2025","0","@megatronngefak naik gunung","1988116365019148752","","megatronngefak","in","","0","2","0","https://x.com/undefined/status/1988116365019148752","1804445861113720832",
"1988099048000418020","Tue Nov 11 05:27:31 +0000 2025","0","@gojosakuma setelah mendaki gunung lewati lembah","1988116355716182396","","gojosakuma","in","","0","0","0","https://x.com/undefined/status/1988116355716182396","1848185125064060928",
"1988115881965350965","Tue Nov 11 05:25:38 +0000 2025","826","Dulu pas SMA pernah live in di desa deket Gunung Merapi tepat di perbatasan Jogja-Jateng. Ortu asuh gue petani cengkeh dan beliau cerita zaman Orba dulu susahnya bagaimana buat para petani cengkeh. Kayaknya yang ingat dzalimnya Soeharto kalo gak Chindo ya kelompok marginal lain.","1988115881965350965","","","in","","3","14","142","https://x.com/undefined/status/1988115881965350965","186087696",
"1988109733312819404","Tue Nov 11 05:25:03 +0000 2025","64","Mui kasih tunjuk booth managernya dimana ya... tunjukkan skill muncak gunung rosblokmu kakak-kakak https://t.co/tJ5BBdtQKI","1988115733923197051","https://pbs.twimg.com/media/G5c0Sb1bcAAHGSP.jpg","o_ningiri","in","","2","2","7","https://x.com/undefined/status/1988115733923197051","1243745264147369984",
"1988115412996051421","Tue Nov 11 05:23:46 +0000 2025","0","Di Sumatra Barat. Ada di kampung saya yang saya sebut aja daerah antah berantah dibangun jalan. Bahkan sampai ke jalan lintas naik gunung turun gunung bukan jalan utama. Kalau dari dengar dengar ya emang penguasanya saat itu prioritaskan jalan karena udah janji","1988115412996051421","","","in","","0","1","0","https://x.com/undefined/status/1988115412996051421","1664876228401303554",
"1988115163325550735","Tue Nov 11 05:22:46 +0000 2025","0","Alam gak pernah kehabisan cara buat bikin kita kagum sama keindahannya~ Dalam sebuah video yang diunggah oleh akun Instagram @/andrea_cannavo_ memperlihatkan salah satu momen langka ketika sebuah gunung berapi memunculkan asap seperti bentuk cincin yang melayang di udara. https://t.co/DULwMrqL27","1988115163325550735","https://pbs.twimg.com/amplify_video_thumb/1988115094862262273/img/Jhs5cIQgbKa-kg2W.jpg","","in","","0","0","0","https://x.com/undefined/status/1988115163325550735","574546780",
"1988115048150237232","Tue Nov 11 05:22:19 +0000 2025","0","@_ udah klop sama teteh yuki aku mau jadi cool gunung yeoja https://t.co/EvPx6rU7j1","1988115048150237232","https://pbs.twimg.com/tweet_video_thumb/G5c0GBZaEAAYjb9.jpg","_","in","","0","0","0","https://x.com/undefined/status/1988115048150237232","1382565486525706241",
"1988103080865636424","Tue Nov 11 05:21:05 +0000 2025","135","@zakiberkata Org lereng gunung : masyaallah indah sekali Yang di puncak : astagfirullah ya allah ya rabb allahuakbar laailahaillallah","1988114737838911532","","zakiberkata","in","","0","3","11","https://x.com/undefined/status/1988114737838911532","1198256452147613696",
"1988114537204379895","Tue Nov 11 05:20:17 +0000 2025","13","️ SCHEDULE 10 - 16 NOV! ️ Di hari Jumat kita seru-seruan lagi bareng Lilybuds naik gunung di roblox! Terus huh? Handcam stream? ️General: #LyriaTales ️Live: #LilyOnAir ️Art: #LiryArt ️Meme: #Lilmeme ️Clips: #LyriaClip ️Fandom: #Lilybuds Nyalain loncengnya yaa! https://t.co/yfZzi6ePBh","1988114537204379895","https://pbs.twimg.com/media/G5czjpNbcAA5cjQ.jpg","","in","","1","0","6","https://x.com/undefined/status/1988114537204379895","1911079894840381440",
"1987980110188998847","Tue Nov 11 05:17:40 +0000 2025","0","@helmi_stbd Pernah ada kok itu yg pas Gunung Merapi mau meletus asapnya keluar berbentuk supersemar. Coba browsing pasti ada fotonya.","1988113878312788153","","helmi_stbd","in","","0","0","0","https://x.com/undefined/status/1988113878312788153","1969008836469256192",
"1988113561462460456","Tue Nov 11 05:16:25 +0000 2025","0","Personel Satlantas Polres Madina melaksanakan kegiatan Pengamanan Pengaturan arus lalu lintas jalan dan pemasangan barier guna antisipasi terjadinya kemacetan dan Laka Lantas sehingga terciptanya Kamseltibcar Lantas yang kondusif di seputaran Pasar pagi gunung tua https://t.co/Fkwy2JYL3X","1988113561462460456","https://pbs.twimg.com/media/G5cyvQza0AARcKA.jpg","","in","","0","0","0","https://x.com/undefined/status/1988113561462460456","1364510720415600640",
"1988113235556585857","Tue Nov 11 05:15:07 +0000 2025","0","Hal biasa jgn heran Ibarat gunung es yg muncul ke permukaan hanya sebagian kecil ","1988113235556585857","","","in","","0","0","0","https://x.com/undefined/status/1988113235556585857","815290931003826176",
"1988112261538632191","Tue Nov 11 05:14:11 +0000 2025","0","Terakhir naik gunung kaki gue tremmor kepeleset berkali-kali sampe tangan nahan dan kuku jempol kepotek(?) Perih banget wehh sakit kaki 3 hari. Tapi gak kapok malah mau naik lagiiii plissss","1988112999585087749","","hellazelaa","in","","0","0","0","https://x.com/undefined/status/1988112999585087749","1039070913180790789",
"1988112922602876981","Tue Nov 11 05:13:52 +0000 2025","0","sebenernya gua rest mau tektokin semua gunung yg ada di pulau jawa best mohon doanya","1988112922602876981","","","in","","0","0","0","https://x.com/undefined/status/1988112922602876981","1918984402312560640",
"1988112912159039551","Tue Nov 11 05:13:50 +0000 2025","0","Hikmahnya adalah sudah saatnya kembali ke habitat asli menjadi penghuni gunung.","1988112912159039551","","","in","","0","1","0","https://x.com/undefined/status/1988112912159039551","1636351539001561088",
"1988112261538632191","Tue Nov 11 05:11:15 +0000 2025","0","Sok sokan mau naik gunung naik turun tangga aja udah capek lu syaa","1988112261538632191","","","in","","0","3","0","https://x.com/undefined/status/1988112261538632191","1039070913180790789",
"1988111457381478501","Tue Nov 11 05:08:03 +0000 2025","0","Polres PPU Polda Kaltim Dalam rangka memperkuat sinergitas antara Polres Penajam Paser Utara (PPU) dan Perum Bulog Kabupaten PPU Polres PPU menggelar kegiatan Gerakan Pangan Murah (GPM) di Lapangan Gunung Seteleng Kecamatan Penajam Selasa (11/11/2025). https://t.co/2PdRll2qdp","1988111457381478501","https://pbs.twimg.com/media/G5cw1FMbcAIAWfP.jpg","","in","","0","0","0","https://x.com/undefined/status/1988111457381478501","1880910020013092864",
"1988040350381076972","Tue Nov 11 05:03:59 +0000 2025","0","@pinksuf Sengketa tanah","1988110432998166717","","pinksuf","in","","0","0","0","https://x.com/undefined/status/1988110432998166717","1935533242813468672",
"1987517116862673059","Tue Nov 11 05:02:43 +0000 2025","2","@Twt_dr_je @IndoPopBase pertama pendidikan dasar di Rusia ngajarin anak2 utk memahami geografis tempat tinggal mereka. Siberia permafrost Kamchatka tektonik dll.. apa itu sungai gunung volcano proses terbentuknya dll. trus bagaimana cara kita hidup disitu termasuk resiko &amp; mitigasinya (1)","1988110114851824086","","Twt_dr_je","in","","0","0","0","https://x.com/undefined/status/1988110114851824086","88145102",
"1969720320782381206","Tue Nov 11 05:02:01 +0000 2025","0","Gunung Wayang | 11 November 2025 https://t.co/W6mwmG4Eob","1988109938003243260","https://pbs.twimg.com/media/G5cvamAasAApt_o.jpg","karafasaleonard","in","","0","0","0","https://x.com/undefined/status/1988109938003243260","1802777901835902976",
"1988109832898179396","Tue Nov 11 05:01:36 +0000 2025","0","Takjub subuh tadi si kakak summit gunung Prau (2590 mdpl)! Kamar mandi bc nya hiyek yah.. doi laporan udah down hill nyampe di basecamp ..secara nih anak menik2 yg gak bisa deket2 ama yg namanya kamar mandi umum yg you know lah di hampir semua bc di gunung pasti jorok..","1988109832898179396","","","in","","0","1","0","https://x.com/undefined/status/1988109832898179396","950439083335041025",
"1988109765285966262","Tue Nov 11 05:01:19 +0000 2025","0","As a dontol setiap naik gunung I can relate","1988109765285966262","","","in","","0","0","0","https://x.com/undefined/status/1988109765285966262","1515071400",
"1988109682511073432","Tue Nov 11 05:01:00 +0000 2025","0","Ula 12:2 2. Kalian harus dengan sepenuhnya memusnahkan semua tempat di mana bangsa-bangsa yang akan kalian miliki melayani allah-allah mereka di atas gunung-gunung tinggi dan di atas bukit-bukit dan di bawah setiap pohon yang hijau:","1988109682511073432","","","in","","0","0","0","https://x.com/undefined/status/1988109682511073432","2552105784",
"1988109163256566223","Tue Nov 11 04:58:56 +0000 2025","0","Gunung ini medium to hard karena obby nya jauh jauh we jaraknya tp gaada coil klo bisa pake ava tinggi ea klo jago si coba aja aokwkw ada kimono gratiss bisa ganti baju kimono kapelan misal sm pasangan kelen bisa nih dsini https://t.co/irzTNjTzkw","1988109163256566223","https://pbs.twimg.com/media/G5cuv0_asAADw0Z.jpg","","in","","0","0","0","https://x.com/undefined/status/1988109163256566223","1663135239680692225",
"1988109080230342710","Tue Nov 11 04:58:36 +0000 2025","0","Dimulai dari match home vs tgr liburan ke bali tektok&amp;camp beberapa gunung dan terakhir awaydays ngalam impian dari 5/6thn kebelakang menjadi penutup tahun ini.Terimakasih tuhan Bisa kali 2026 Away Bali Argopuro Kerinci Wae Rebo Labuan Bajo","1988109080230342710","","","in","","0","0","0","https://x.com/undefined/status/1988109080230342710","440828981",
"1988109054447935816","Tue Nov 11 04:58:30 +0000 2025","2","kelas lingkungan anjir hwhwhwhwhwhw seru banget pandangan dari teman jakarta bantul gunung kidul padang dan kalimantan .","1988109054447935816","","","in","","0","0","0","https://x.com/undefined/status/1988109054447935816","1830619035572281344",
"1988040350381076972","Tue Nov 11 04:56:51 +0000 2025","0","@pantai_gunung knp tu","1988108639266316480","","pantai_gunung","in","","0","1","0","https://x.com/undefined/status/1988108639266316480","1812889467776348161",
"1988108400765661482","Tue Nov 11 04:55:54 +0000 2025","1","Akamsi wk wk kayak ketemu bocah naik gunung aja","1988108400765661482","","","in","","0","0","1","https://x.com/undefined/status/1988108400765661482","1720277412590899200",
"1985973828309405854","Tue Nov 11 04:55:30 +0000 2025","0","@bulgoaria gmn cara ingetnya buset... dikira gunung cuma 1 2 doang","1988108298303013214","","bulgoaria","in","","0","1","0","https://x.com/undefined/status/1988108298303013214","1706295313873723392",
"1988108206812635382","Tue Nov 11 04:55:08 +0000 2025","1","Gunung ini juga salah satu ter EZ To medium wkwkwk soalnya klo pake ava kecil nyangkut bijir klo pake ava gede EZ bgt Serba PINK yagesyakkk. https://t.co/geGtur07Or","1988108206812635382","https://pbs.twimg.com/media/G5ct4NRbcAMwxr_.jpg","","in","","0","0","0","https://x.com/undefined/status/1988108206812635382","1663135239680692225",
"1988108123484328034","Tue Nov 11 04:54:48 +0000 2025","0","Escape ke Kundasang! 3H2M nikmati udara segar pemandangan gunung &amp; aktiviti santai. Tempah sekarang adventure menanti! #encikcuti #tripkundasang https://t.co/d5QZksgKXF","1988108123484328034","https://pbs.twimg.com/ext_tw_video_thumb/1988108084062154756/pu/img/ot0etTU7VqSxLYHX.jpg","","in","","0","0","0","https://x.com/undefined/status/1988108123484328034","907270205260173312",
"1988108058212659373","Tue Nov 11 04:54:32 +0000 2025","1","Senin 10/11/25 Pukul 22.33 WIB Anggota Samapta Polsek Pademangan bersama piket fungsi lainnya melaksanakan Giat Patroli Pembiruan di Jl Gunung Sahari Kel.PademanganBarat dalam rangka antisipasi 3C Tawuran Balapan Liar maupun Guantibmas Lainnya. https://t.co/OOy2KCSEUP","1988108058212659373","https://pbs.twimg.com/media/G5ctvOGaEAAyWAj.jpg","","in","","0","0","0","https://x.com/undefined/status/1988108058212659373","1092967217782640640",
"1988107861193617843","Tue Nov 11 04:53:46 +0000 2025","0","eps 9 wymm pengen gw bawa ke gunung kawi ni orang","1988107861193617843","","","in","","0","0","0","https://x.com/undefined/status/1988107861193617843","1207816871686180865",
"1988006774528725370","Tue Nov 11 04:52:46 +0000 2025","0","@bibbleayy bisanya cuma gambar gunung dua atasnya matahari","1988107609564737961","","bibbleayy","in","","0","0","0","https://x.com/undefined/status/1988107609564737961","1215976994799640577",
"1988107067039903970","Tue Nov 11 04:50:36 +0000 2025","0","Gunung ini obby nya coklat permen kue wkkwk bisa naik sapu terbang sampe cp 30 tapi ez ez semua kok aman aja yg perlu di ingat adalah SEBELUM FOTO FOTO JANGAN INJAK SUMMIT DULU. https://t.co/aGJlMx6Vxd","1988107067039903970","https://pbs.twimg.com/media/G5cs12sbcAAgf-i.jpg","","in","","0","0","0","https://x.com/undefined/status/1988107067039903970","1663135239680692225",
"1988015753715679514","Tue Nov 11 04:49:48 +0000 2025","0","@adtjsk njis giliran sm gua gprnh mau naik gunung","1988106864878645660","","adtjsk","in","","0","1","0","https://x.com/undefined/status/1988106864878645660","1363442949237837828",
"1988071366101528923","Tue Nov 11 04:47:22 +0000 2025","0","@dprfrzni Bisa dengan naik gunung atau bukit 1 jam","1988106254586397084","","dprfrzni","in","","0","0","0","https://x.com/undefined/status/1988106254586397084","1299360593703395329",
"1988106055331582459","Tue Nov 11 04:46:35 +0000 2025","34","hiluu saling berteman sm aku di !roblox yukk? aku belum ada koneksi &amp; mau mencari koneksi xixixi. anw aku suka main gunung fish it sama VD (kadang2) yahh https://t.co/iAGJNRO702","1988106055331582459","https://pbs.twimg.com/media/G5cr6-aWoAAZMtp.jpg","","in","","2","53","0","https://x.com/undefined/status/1988106055331582459","1903872646678470656",
"1988105424407851173","Tue Nov 11 04:44:05 +0000 2025","0","Sumpah sukamakmur ada brp gunung sih jir banyak amat puncak yg baru dibuka dah...","1988105424407851173","","","in","","0","0","0","https://x.com/undefined/status/1988105424407851173","1734790064058863616",
"1988105325694894441","Tue Nov 11 04:43:41 +0000 2025","0","Dipanggangnya aja pake lava gunung Gamalama kak","1988105325694894441","","","in","","0","0","0","https://x.com/undefined/status/1988105325694894441","1896260251592384512",
"1988097671144538499","Tue Nov 11 04:43:26 +0000 2025","0","@rosyanananaa Jangan terlalu cekci tar kamu diculik dedemit gunung","1988105262801318247","","rosyanananaa","in","","0","0","0","https://x.com/undefined/status/1988105262801318247","606151365",
"1988006677438927250","Tue Nov 11 04:41:29 +0000 2025","1","@rahmatsn Beliau Petinggi Pemegang Kunci Surga jadi gunung aja bisa dilompati apa lagi cuma pagar ","1988104770356474154","","rahmatsn","in","","0","0","0","https://x.com/undefined/status/1988104770356474154","145114735",
"1987703324678971811","Tue Nov 11 04:41:25 +0000 2025","2","@Changkoedoe @silarakhito Kalo disebut menyesatkan bisa disebut benar bisa disebut salah. Intinya ini tafsir ayat tentang hal ghaib. Yg di post itu ibarat kalimat mentahnya kaya kalimat gunung bertasbih kepada Allah di ayat lain kan kita ga bisa liat gunung lg dzikir mana asbun ada kata sabda nabi.","1988104755693187160","","Changkoedoe","in","","0","0","0","https://x.com/undefined/status/1988104755693187160","114108722",
"1988104344861110406","Tue Nov 11 04:40:43 +0000 2025","0","@obanaib Sahabatnya yg starboy gunung kan ya kak... kita sama... dia jg ninggalin aku...","1988104578412540136","","obanaib","in","","0","1","0","https://x.com/undefined/status/1988104578412540136","1833633273089822720",
"1988104551216676879","Tue Nov 11 04:40:36 +0000 2025","0","Aku di kohana lava aja nyebur mulu bisa berhasil karna dijoki temen juga (die anak gunung)","1988104551216676879","","","in","","0","0","0","https://x.com/undefined/status/1988104551216676879","889119365299175424",
"1988104498301305260","Tue Nov 11 04:40:24 +0000 2025","0","Gue blg gue gasuka cowo perokok. Dari hari pertama kita ketemu dia takut takutan buat ngerokok. Karena sering naik gunung jd gue blg buat kurangin rokoknya biar ga engap. Gataunya udah 2 bulan lebih dia ga ngerokok dari juli sept itu kehitung bgt berapa batang dia ngerokok","1988104498301305260","","","in","","0","0","0","https://x.com/undefined/status/1988104498301305260","1120700784839028738",
"1988040350381076972","Tue Nov 11 04:40:04 +0000 2025","0","@pantai_gunung iy anjjj","1988104416680161441","","pantai_gunung","in","","0","0","0","https://x.com/undefined/status/1988104416680161441","1623646187487399937",
"1988104363160809578","Tue Nov 11 04:39:52 +0000 2025","0","gunung mana lagi yg harus aku daki di roblok yhhh...","1988104363160809578","","","in","","0","0","0","https://x.com/undefined/status/1988104363160809578","1668985593492041728",
"1988104261990035618","Tue Nov 11 04:39:27 +0000 2025","1","Gubernur Banten Minta Tambang Emas Ilegal di TN Gunung Halimun Salak Ditindak Tegas https://t.co/ml6UzAgKdt @banten_pemprov https://t.co/voWskPXDow","1988104261990035618","https://pbs.twimg.com/media/G5cqMFTbcAQ1Epf.jpg","","in","","0","0","1","https://x.com/undefined/status/1988104261990035618","1600692302800097286",
"1987353120763224145","Tue Nov 11 04:36:27 +0000 2025","0","@moneyfestf @SeismicSys @xealistt @NoxxW3 Anggun Anak gunung ","1988103503408202117","","moneyfestf","in","","0","0","0","https://x.com/undefined/status/1988103503408202117","1887420412566642688",
"1988040350381076972","Tue Nov 11 04:35:44 +0000 2025","0","@immydennn Yang hilang jati dirinya atau kehilangan arah hidup?","1988103323619369440","","immydennn","in","","0","0","0","https://x.com/undefined/status/1988103323619369440","1935533242813468672",
"1988040350381076972","Tue Nov 11 04:35:02 +0000 2025","1","@whoeseij Ngamanin bahlil bahenol","1988103150658805831","","whoeseij","in","","0","0","0","https://x.com/undefined/status/1988103150658805831","1935533242813468672",
"1988103080865636424","Tue Nov 11 04:34:46 +0000 2025","1034","Terbentuk karena gelombang angin kuat yang menabrak lereng gunung hingga menciptakan badai di puncak dengan potensi udara dingin ekstrem","1988103080865636424","","","in","","2","4","174","https://x.com/undefined/status/1988103080865636424","3165540462",
"1988095362884923888","Tue Nov 11 04:04:06 +0000 2025","0","Awalnya Ayu disuruh ganti topik skripsi karena dana riset terbatas akhirnya ia meneliti Owa Jawa di Taman Nasional Gunung Halimun Salak. Dua minggu gak dapet suara apa pun sampai akhirnya terdengar nyanyian Owa Jawa pertama kali dari situ semuanya berubah. #siapdarling https://t.co/fbuUKn0Bvm","1988095362884923888","https://pbs.twimg.com/media/G5chBsjbcAEvLbj.jpg","","in","","0","1","0","https://x.com/undefined/status/1988095362884923888","1102847446722347008",
"1987835663279104015","Tue Nov 11 04:04:02 +0000 2025","0","@lalisyaaaaa spertinya kecapean krn ak hbs naik gunung","1988095345377898726","","lalisyaaaaa","in","","0","0","0","https://x.com/undefined/status/1988095345377898726","1630547687799132160",
"1988094856695345480","Tue Nov 11 04:02:05 +0000 2025","0","habis jalan jalan di gunung cantik ini ️ https://t.co/ltLyNJtY4N","1988094856695345480","https://pbs.twimg.com/media/G5churrbsAAkQLl.jpg","","in","","0","0","0","https://x.com/undefined/status/1988094856695345480","1915630825",
"1987845596431184022","Tue Nov 11 03:58:41 +0000 2025","1","@aan__ @ndreamon Bius aja.. bius trus taro di gunung ","1988094000205885572","","aan__","in","","0","0","1","https://x.com/undefined/status/1988094000205885572","21760657",
"1988093469013975240","Tue Nov 11 03:56:34 +0000 2025","0","harga SIMAKSI di beberapa gunung naik seperti Gunung Rinjani yang naik 100% pada akhir tahun 2024 lalu dan Gunung Gede Pangrango yang juga mengalami kenaikan per Oktober 2025. Gimana menurut Lo? #INIRASANYASUPER #SUPERLIVE #SUPERADVENTURE #UPDATE https://t.co/PLXfzOPN4y","1988093469013975240","https://pbs.twimg.com/media/G5cgeM3bcAEiKLZ.jpg","","in","","0","0","0","https://x.com/undefined/status/1988093469013975240","3307781334",
"1988093374226985103","Tue Nov 11 03:56:12 +0000 2025","0","need jastip ambil dokumen dari teminal gunung pati ke polines sekarang sekalian drop fee ya","1988093374226985103","","","in","","0","0","0","https://x.com/undefined/status/1988093374226985103","1810648684524396544",
"1988093355876839829","Tue Nov 11 03:56:07 +0000 2025","0","Atur nafas dan atur langkah dan sadar terhadap kondisi tubuh jangan sampai dipaksakan False summit bagian dari fenomena yang pasti Lo temui saat di Gunung. #INIRASANYASUPER #SUPERLIVE #SUPERADVENTURE #TRIVIA https://t.co/FDeuKlTI8L","1988093355876839829","https://pbs.twimg.com/media/G5cgXnbaIAAqqW3.jpg","","in","","0","1","0","https://x.com/undefined/status/1988093355876839829","3307781334",
"1987841905556922455","Tue Nov 11 03:55:43 +0000 2025","0","@huangxxui pensi aja mending naik gunung","1988093252801831184","","huangxxui","in","","0","1","0","https://x.com/undefined/status/1988093252801831184","1072143775999217665",
"1988046224990368108","Tue Nov 11 03:52:17 +0000 2025","0","@Valhallaah Habis itu pasang TOA 10 buah dan setel maksimal sampai suaranya ke puncak gunung. WTP lanjutkan sampai kiamat.","1988092391891628152","","Valhallaah","in","","0","0","0","https://x.com/undefined/status/1988092391891628152","1534520507982561280",
"1988092365886943593","Tue Nov 11 03:52:11 +0000 2025","0","Kunjungan Wakil Bupati Kab. Gunung Mas ke Biro Perekonomian Setda Prov. Kalteng. Selengkapnya : https://t.co/D82W3NIuqz https://t.co/v3Ny2gmS1N","1988092365886943593","https://pbs.twimg.com/media/G5cfdxJaMAAK5HP.jpg","","in","","0","0","0","https://x.com/undefined/status/1988092365886943593","1889955369432260613",
"1988092352884584889","Tue Nov 11 03:52:08 +0000 2025","2","Jae terbang diantara gunung dan lembah","1988092352884584889","","","in","","0","0","0","https://x.com/undefined/status/1988092352884584889","1536700287968194560",
"1988091869964927014","Tue Nov 11 03:50:13 +0000 2025","1"," Aku Tak Butuh Terlahir Kembali dari Sejarah Tangan-Tangan Kotor Masih mampu? Kalo nggak mampu tuh gunung Hutan Sawah ladang dan lautan..cukup untuk membuatmu kaya raya sampai 7 turunan. https://t.co/0b5tIKbbUr","1988091869964927014","https://pbs.twimg.com/media/G5ce-3NbcAMNXzN.jpg","","in","","0","0","0","https://x.com/undefined/status/1988091869964927014","1341359224601788418",
"1988091578754429208","Tue Nov 11 03:49:03 +0000 2025","0","Krisis Air Bersih 2 Tahun di Suka Maju Warga Terpaksa Tampung Air Gunung untuk Konsumsi https://t.co/7BnMtKwVzk","1988091578754429208","","","in","","0","0","0","https://x.com/undefined/status/1988091578754429208","1899496290775711744",
"1988040350381076972","Tue Nov 11 03:46:07 +0000 2025","0","@pantai_gunung Tkut ilg","1988090837302165766","","pantai_gunung","in","","0","1","0","https://x.com/undefined/status/1988090837302165766","1821019769509965827",
"1988087385989775790","Tue Nov 11 03:44:22 +0000 2025","0","ㅤ Batu ini terbentuk dari pengendapan energi sihir murni di dataran tinggi dengan tekanan udara yang rendah jelas sang penjaga sambil menatap batu itu seolah berbicara padanya. Biasanya hanya terbentuk di puncak gunung sakral saat malam bulan mati. ㅤ","1988090396992471133","","shiontuber","in","","0","1","0","https://x.com/undefined/status/1988090396992471133","1498200720041922564",
"1987941494234509404","Tue Nov 11 03:43:32 +0000 2025","0","@ymyriv Boleh mau follow juga boleh? Saya suka muncak tapi suka bingung ke gunung mana. Jujur aja suka yang banyak obstaclenya tapi bukan macam yahayuk. Roblox mah ladang garem sih? Jadi gampang asing.","1988090186744607216","","ymyriv","in","","0","1","0","https://x.com/undefined/status/1988090186744607216","1898473188155338752",
"1988089966862495857","Tue Nov 11 03:42:39 +0000 2025","0","Bhabinkamtibmas Polsek Padang Bolak AIPDA M. Hakim Harahap melaksanakan sambang dan tatap muka dengan warga di Lingkungan V Pasar Gunung Tua untuk mempererat silaturahmi serta mengajak masyarakat aktif menjaga ketertiban dan menjauhi narkoba. #PolresTapsel #PolsekPadangBolak https://t.co/FgVqpI1qOi","1988089966862495857","https://pbs.twimg.com/media/G5cdRjtboAA9oM4.jpg","","in","","0","0","0","https://x.com/undefined/status/1988089966862495857","1822674501437698048",
"1988089966401122571","Tue Nov 11 03:42:39 +0000 2025","0","kemarin aku naik gunung sama mereka berdua di tengah perjalanan aku gampang capek aku kelelahan bolak-balik bahkan harus istirahat https://t.co/KijLRbJ1zv","1988089966401122571","https://pbs.twimg.com/media/G5cdSbZbcAMOHgv.jpg","","in","","1","0","0","https://x.com/undefined/status/1988089966401122571","1977559384222990336",
"1988085013490143323","Tue Nov 11 03:42:19 +0000 2025","0","@tobeloisme mendingan naik gunung","1988089881990754445","","tobeloisme","in","","0","0","0","https://x.com/undefined/status/1988089881990754445","1418449724273614856",
"1988089667632439652","Tue Nov 11 03:41:28 +0000 2025","0","Bhabinkamtibmas Polsek Padang Bolak melaksanakan mediasi problem solving terkait kasus pengancaman di Kelurahan Pasar Gunung Tua. Melalui pendekatan humanis kedua pihak sepakat berdamai secara kekeluargaan. #PolresTapanuliSelatan #PolriPresisi #PadangBolak #Bhabinkamtibmas https://t.co/wb7vbrpatd","1988089667632439652","https://pbs.twimg.com/media/G5cdAowbwAA36mm.jpg","","in","","0","0","0","https://x.com/undefined/status/1988089667632439652","1822674501437698048",
"1988089393626927426","Tue Nov 11 03:40:23 +0000 2025","1","kemarin habis naik gunung ranti ada pesan yang aku tangkep dari aku naik gunung kemarin untuk mencapai puncak(sesuatu yang indah) butuh perjuangan untuk melewati miringnya medan dan basahnya jalur pendakian(rintangan) https://t.co/w7OMRdpYzV","1988089393626927426","https://pbs.twimg.com/media/G5ccw0HaQAA5Eoh.jpg","","in","","0","0","0","https://x.com/undefined/status/1988089393626927426","1977559384222990336",
"1988089314161639904","Tue Nov 11 03:40:15 +0000 2025","0","Setelah jadian si anomali ini tiba2 ngirim pap yang dia curi ntah dari mana(beda korban beda wajah). Dan dia mulai ke arah +18 ke korban mulai nanya2 soal ve ce es pap 2 gunung kembar sampe minta pap ty ty d korban. https://t.co/JIl9BYDlin","1988089362211643398","https://pbs.twimg.com/media/G5ccu75bAAAzlEE.png","AriaNurazky","in","","0","1","0","https://x.com/undefined/status/1988089362211643398","1259823543052668931",
"1988088841253908622","Tue Nov 11 03:38:11 +0000 2025","1","PLISSS SUSAH BANGET NYARI TEMEN HIKING GUNUNG ","1988088841253908622","","","in","","0","1","0","https://x.com/undefined/status/1988088841253908622","1105775900379889664",
"1988088708239945887","Tue Nov 11 03:37:39 +0000 2025","1","Mungkin PROF ini kelamaan diATAS GUNUNG gak tahu soal IJAZAH JOKOWI n lebih MALU pas lihat JABATAN PROF ini masa TAK TAHU BERITA?!sudah diTELITI BARESKRIM atas PERMINTAAN ROY SURYO Cs....Boss walau HAKIM yg NILAI ASLI atau TIDAK toh HAKIM tetap panggil UGM piye toh NALARnya?! https://t.co/X40PRgLlDh","1988088708239945887","https://pbs.twimg.com/ext_tw_video_thumb/1988088583522336768/pu/img/COlESlhpA5Awj6rn.jpg","","in","","0","0","0","https://x.com/undefined/status/1988088708239945887","1893243064640249858",
"1987976886618832940","Tue Nov 11 03:36:49 +0000 2025","0","@sonxta Ini gunung apa kakk","1988088496465256512","","sonxta","in","","0","1","0","https://x.com/undefined/status/1988088496465256512","1542131002172002304",
"1988040350381076972","Tue Nov 11 03:36:10 +0000 2025","0","@immydennn Ga wartawan ka suruh update","1988088335248879949","","immydennn","in","","0","1","0","https://x.com/undefined/status/1988088335248879949","1935533242813468672",
"1988040350381076972","Tue Nov 11 03:36:00 +0000 2025","0","@gkjlsanjng Adanya medinasi","1988088290508239072","","gkjlsanjng","in","","0","0","0","https://x.com/undefined/status/1988088290508239072","1935533242813468672",
"1988088200225759719","Tue Nov 11 03:35:38 +0000 2025","0","PLN @pln_123 halo ini daerah Komplek Industri Gunung Sindur kenapa mati lampu tanpa pemberitahuan ya??","1988088200225759719","","","in","","0","1","0","https://x.com/undefined/status/1988088200225759719","1090676007198052352",
"1988040350381076972","Tue Nov 11 03:35:36 +0000 2025","0","@naxy05 Kurang tau sih","1988088189987549460","","naxy05","in","","0","0","0","https://x.com/undefined/status/1988088189987549460","1935533242813468672",
"1988040350381076972","Tue Nov 11 03:35:24 +0000 2025","0","@diescry_na Lngsung ke tkp aja","1988088141966868761","","diescry_na","in","","0","0","0","https://x.com/undefined/status/1988088141966868761","1935533242813468672",
"1988040350381076972","Tue Nov 11 03:34:43 +0000 2025","0","@pantai_gunung busett masih belum kelar","1988087969178337524","","pantai_gunung","in","","0","2","0","https://x.com/undefined/status/1988087969178337524","1283746206259138561",
"1988032744669278568","Tue Nov 11 03:34:39 +0000 2025","0","@QianzyZ Itu ibu yg di sebelah kiri pernah ngetwit begini bila gunung es di kutub Utara mencair tidak mungkin banjir terjadi karena air laut meluap. Di-analogi-kan misal gelas air yg diisi oleh batu es bila batu esnya mencair air di dalam gelas tidak luber. Waras yuk.. ","1988087952682217556","","QianzyZ","in","","0","0","0","https://x.com/undefined/status/1988087952682217556","1816303493940142087",
"1988086548299133306","Tue Nov 11 03:29:04 +0000 2025","0","saatnya diriku membeli sepatu gunung kah seneng bgt kemaren naik gunung fresssshhhhh gitu","1988086548299133306","","","in","","0","0","0","https://x.com/undefined/status/1988086548299133306","2880505933",
"1988079270699077948","Tue Nov 11 03:22:34 +0000 2025","0","@unicefess Ready anjem &amp; jastip sekitar unnes atau luar kota juga bisaa https://t.co/iFxWCpQ96p Bisa cash cashless QRIS Helm 2 jas hujan 2","1988084912881365208","","unicefess","in","","0","0","0","https://x.com/undefined/status/1988084912881365208","1935533242813468672",
"1988081789496156277","Tue Nov 11 03:19:38 +0000 2025","0","@unicefess Ready anjem &amp; jastip sekitar unnes atau luar kota juga bisaa https://t.co/iFxWCpQ96p Bisa cash cashless QRIS Helm 2 jas hujan 2","1988084172607680837","","unicefess","in","","0","0","0","https://x.com/undefined/status/1988084172607680837","1935533242813468672",
"1987886618095882607","Tue Nov 11 03:17:21 +0000 2025","0","@WatchmenID Lagian udah bener yati di gunung everest aja","1988083597753082028","","WatchmenID","in","","0","0","0","https://x.com/undefined/status/1988083597753082028","365835937",
"1987897742513815839","Tue Nov 11 03:16:16 +0000 2025","0","@roblox_fess ngga ak mendaki gunung lg","1988083325731475504","","roblox_fess","in","","0","0","0","https://x.com/undefined/status/1988083325731475504","1488851716326199299",
"1988076650584830130","Tue Nov 11 03:14:49 +0000 2025","1","@YourLucentia Emang bisa main mole di gunung?? ","1988082959963091122","","YourLucentia","in","","0","0","0","https://x.com/undefined/status/1988082959963091122","1927000004310265856",
"1987762223532405203","Tue Nov 11 03:14:35 +0000 2025","21","@tanyakanrl itu cupang fairy dust adanya di crystal falls gunung hollow tp event udh habis. adanya arwana pink ini nder https://t.co/5NuB7BhlVV","1988082902190748122","https://pbs.twimg.com/media/G5cW285bcAAXCir.jpg","tanyakanrl","in","","0","1","0","https://x.com/undefined/status/1988082902190748122","1199288681036685312",
"1988041224629195246","Tue Nov 11 03:12:29 +0000 2025","0","@hwriantiii Request gambar gunung fuji","1988082376296329535","","hwriantiii","in","","0","0","0","https://x.com/undefined/status/1988082376296329535","1976424720577994752",
