"conversation_id_str","created_at","favorite_count","full_text","id_str","image_url","in_reply_to_screen_name","lang","location","quote_count","reply_count","retweet_count","tweet_url","user_id_str","username"
"1906857808059854901","Mon Mar 31 23:55:03 +0000 2025","3","Alhamdulillah -rek wingi aku mari mudik gunung anyar - rungkut ga macet ","1906857808059854901","","","in","","0","4","0","https://x.com/undefined/status/1906857808059854901","1152437175587241985",
"1906851737199329593","Mon Mar 31 23:51:47 +0000 2025","1","@mgrprh Sudah hidup enak malah pilih ngekost di gunung wkwkw","1906856984198180954","","mgrprh","in","","0","1","0","https://x.com/undefined/status/1906856984198180954","1376211970769125378",
"1906854912753066376","Mon Mar 31 23:43:33 +0000 2025","0","gue mau nekat naik gunung apa ya","1906854912753066376","","","in","","0","4","0","https://x.com/undefined/status/1906854912753066376","1414534392463073281",
"1906853705221394924","Mon Mar 31 23:38:45 +0000 2025","0","Mimpi mendaki gunung woyyy","1906853705221394924","","","in","","0","1","0","https://x.com/undefined/status/1906853705221394924","1203444489487966208",
"1906851764965638461","Mon Mar 31 23:31:03 +0000 2025","0","Setiap kali bepergian saat fajar atau petang aku selalu teringat sebuah bait yang kutulis beberapa tahun silam: Surya yang bersandar gunung di barat Memutar langkah yang telah terlewat Hingga menyingsingnya fajar di timur Mengajak untuk terus bersyukur https://t.co/NtWSOz4dLI","1906851764965638461","https://pbs.twimg.com/media/GnZ9k9OaYAArb5f.jpg","","in","","0","1","0","https://x.com/undefined/status/1906851764965638461","613497282",
"1906851505090797654","Mon Mar 31 23:30:01 +0000 2025","0","Keripik beton dipadupadankan dgn iced tea dpn gunung subuh2 adalah perpaduan yang kurang ciamik ternyata ‍","1906851505090797654","","","in","","0","0","0","https://x.com/undefined/status/1906851505090797654","1537386788175884288",
"1906568110955806780","Mon Mar 31 23:29:16 +0000 2025","0","@manusiarombeng @DianSandiU @robby_karman @jokowi minimal kalo dia ga nanya yg cerita pasti nyebutin kan nama gunung sebagai pendahuluan cerita nya. masa sepanjang cerita dan sesering beliau cerita tentang naik gunung gapernah nyebut nama gunung ","1906851316992979074","","manusiarombeng","in","","0","0","1","https://x.com/undefined/status/1906851316992979074","1095579889288105984",
"1906372939022258374","Mon Mar 31 23:28:26 +0000 2025","4","@Dee_Rose82 @Sean1724501685 Kisah tentang gunung di Turkmenistan yg mengeluarkan air ketika seseorang membaca Surah Yasin tampaknya lebih merupakan legenda atau cerita viral daripada fakta ilmiah yg terbukti. Ngga ada catatan geologi atau laporan resmi yang mendukung klaim ini.","1906851110297682079","","Dee_Rose82","in","","0","2","0","https://x.com/undefined/status/1906851110297682079","1603536827725811712",
"1906850975094395071","Mon Mar 31 23:27:54 +0000 2025","1","lah gunung lagi tuh https://t.co/cLdbm8n3X4","1906850975094395071","https://pbs.twimg.com/media/GnZ-2hAbgAANjQK.jpg","","in","","0","0","0","https://x.com/undefined/status/1906850975094395071","1539820820985327616",
"1906144982723129848","Mon Mar 31 23:25:02 +0000 2025","0","@dominipwyx @kedalemanboy sini ne naik gunung sumbing kite","1906850253955108922","","dominipwyx","tl","","0","0","0","https://x.com/undefined/status/1906850253955108922","1125691463692574720",
"1906277109833863596","Mon Mar 31 23:24:21 +0000 2025","0","@BayuAngora naik gunung = hobi teraneh masa iya masih disebut pecinta alam","1906850082231820581","","BayuAngora","in","","0","0","0","https://x.com/undefined/status/1906850082231820581","1388148687327567876",
"1906850034173567399","Mon Mar 31 23:24:10 +0000 2025","0","Keluarga Besar Korem 063/Sunan Gunung Jati Mengucapkan Dirgahayu Koperasi Kartika Angkatan Darat 1 April 1954 - 1 April 2025 Kartika Bhinneka Daya @puspentni @tni_angkatan_darat @kodamsiliwangi @hista_soleh_harahap https://t.co/sX8S9tYJRo","1906850034173567399","https://pbs.twimg.com/media/GnZ-AC4bQAAJUYV.jpg","","in","","0","0","0","https://x.com/undefined/status/1906850034173567399","1446855366524895240",
"1906778690715099500","Mon Mar 31 23:23:22 +0000 2025","0","@dylinssim_ Kalo ga idul Fitri gengsinya setinggi gunung","1906849833220272189","","","in","","0","0","0","https://x.com/undefined/status/1906849833220272189","1534437815110340608",
"1906848302911635614","Mon Mar 31 23:17:17 +0000 2025","3","Sandal outdoor atau sandal gunung umumnya dirancang untuk kegiatan di luar ruangan seperti berkemah memancing rafting sampai trekking. Follow X @dorisyincpa @edukasip2pgcv @NoncePadja @jojo102102 @YohanesHelebak https://t.co/VclMIFQYCL","1906848302911635614","https://pbs.twimg.com/media/GnZ8aTSbYAAXUsJ.jpg","","in","","0","0","1","https://x.com/undefined/status/1906848302911635614","1889190107267448832",
"1906847521403703737","Mon Mar 31 23:14:11 +0000 2025","1","Tawarin carrier atau tas gunung kalian yg masih cakep itu dong","1906847521403703737","","","in","","0","6","0","https://x.com/undefined/status/1906847521403703737","3019021662",
"1906277109833863596","Mon Mar 31 23:12:40 +0000 2025","0","@papi_pesta @FrendyCious @inidanu @BayuAngora @0tk0il Manusia yang pergi ke gunung bisa jadi pecinta alam atau perusak alam tergantung tindakan mereka dan pengelolaan wisata. Penelitian menunjukkan wisata gunung bisa tingkatkan kesadaran konservasi tapi juga risiko polusi dan kerusakan habitat. Kasus Eiger Camp di Tangkuban Perahu","1906847141387014636","","papi_pesta","in","","0","0","0","https://x.com/undefined/status/1906847141387014636","1720665183188922368",
"1906393498187637037","Mon Mar 31 23:10:22 +0000 2025","0","@convomf Kira kira gua kebagian jodoh dimana ya? Sampe naik ke atas gunung pun gua masih belum ketemu","1906846559872164273","","convomf","in","","0","0","0","https://x.com/undefined/status/1906846559872164273","1247836893699403780",
"1906845201425215649","Mon Mar 31 23:04:58 +0000 2025","1","Kalau ada gunung semeru harusnya ada gunung ukeru ga sih ","1906845201425215649","","","in","","0","0","0","https://x.com/undefined/status/1906845201425215649","1249543246084050944",
"1906843784450818150","Mon Mar 31 22:59:20 +0000 2025","1","Fenomena gunung es berapi Tinggal tunggu erupsi","1906843784450818150","","","in","","0","1","0","https://x.com/undefined/status/1906843784450818150","1646193235042373632",
"1906843671699546424","Mon Mar 31 22:58:53 +0000 2025","0","Pantai banyak nyamuk ya.. enakan gunung","1906843671699546424","","","in","","0","0","0","https://x.com/undefined/status/1906843671699546424","68324340",
"1905849476235043069","Mon Mar 31 22:57:47 +0000 2025","0","@marshagouw Saya biasanya liburan sih nyari tempat yang ada pantai soalnya lebih suka ke laut ketimbang gunung.","1906843396574220660","","marshagouw","in","","0","1","0","https://x.com/undefined/status/1906843396574220660","1229659609427656706",
"1906553309936132182","Mon Mar 31 22:57:30 +0000 2025","1","@UGM_FESS Padahal wong jogja ndisik: Kuliah ngendi? A: UGM 2 (univ gamping mengidul 2km/umy) B: UGM 14 (univ gunung merapi km14/uii) C: UGM (univ gamping mengulon/unwama=univ wuadohe masyaallah) ... ...","1906843323270377932","","UGM_FESS","in","","0","0","0","https://x.com/undefined/status/1906843323270377932","1488869212462456836",
"1906838987404464617","Mon Mar 31 22:54:17 +0000 2025","0","@still_lucifer Adanya gunung kawi ni","1906842516097466838","","still_lucifer","in","","0","1","0","https://x.com/undefined/status/1906842516097466838","502558523",
"1906668677736665518","Mon Mar 31 22:51:38 +0000 2025","0","@yeonmicasa aku lagi ke rumah saudara di daerah gunung kidul cacaa ada bocah jail bgttt nyiram gatau apaan lengket bgttt plss aku emosi ","1906841845927440807","","yeonmicasa","in","","0","1","0","https://x.com/undefined/status/1906841845927440807","1487629628173070336",
"1906840388532613202","Mon Mar 31 22:45:50 +0000 2025","0","ini after lebaran gaada yg nginfo gunung niih","1906840388532613202","","","in","","0","1","0","https://x.com/undefined/status/1906840388532613202","1456543767775698944",
"1906838739600687388","Mon Mar 31 22:39:17 +0000 2025","15","Pemandangan tiap pagi kalau mudik kedesa. Tebak ini gunung apa ? #kotasolo #kotasurakarta https://t.co/8l5tZUAGnn","1906838739600687388","https://pbs.twimg.com/media/GnZzuPFa8AA6jte.jpg","","in","","0","3","0","https://x.com/undefined/status/1906838739600687388","1780160416456572928",
"1906838073222341008","Mon Mar 31 22:36:38 +0000 2025","2","Gunung dengan jarak terjauh dari bumi","1906838073222341008","","","in","","1","1","0","https://x.com/undefined/status/1906838073222341008","1869160423683244032",
"1906515870597500937","Mon Mar 31 22:36:11 +0000 2025","0","@D_Zig @AREMA1986Merch Oyo le dosomu akeeeeh koyok gunung panderman duwure Tak sepuro dosamu Tapi balekno disek sandalku seng kok dol nang comboran *macak makili ebes ","1906837957681860695","","D_Zig","in","","0","2","0","https://x.com/undefined/status/1906837957681860695","3023096556",
"1906830993513992257","Mon Mar 31 22:08:30 +0000 2025","0","aku liatttt dan amaze beneran diemmm. mana cuacanya td pagi mendukung bgt cerah langit biru dan gunung arjuno semeru keliataaan huaaa cakep bgt kemarin pagi sayang ga sempet foto","1906830993513992257","","","in","","0","0","0","https://x.com/undefined/status/1906830993513992257","566067612",
"1906825745907024041","Mon Mar 31 21:47:39 +0000 2025","315","PPU Kata! 1. jeluk 'dalam (tentang mangkuk pinggan piring dsb.)' 2. curam 'terjal dan dalam' 3. lembah 'tanah rendah (di kiri kanan sungai kaki gunung); ngarai' 4. udik 'desa; dusun; kampung (lawan kota)' atau 'sungai yg sebelah atas (dekat sumber); (daerah) di hulu sungai'","1906825745907024041","","","in","","0","0","38","https://x.com/undefined/status/1906825745907024041","1897605162761588736",
"1906825578956886171","Mon Mar 31 21:46:59 +0000 2025","0","kayaknya kl aku udah lancar nyetir thank u next bgt buat nyetir di gunung kidul","1906825578956886171","","","in","","0","1","0","https://x.com/undefined/status/1906825578956886171","1676257994915614726",
"1873243152787882106","Mon Mar 31 21:43:34 +0000 2025","0","@auliapujiatiR Wah monmaap saya gak tau. Kalo sewa motor naik gunung gajah bisa langsung ke loket masuk aja.","1906824718759706644","","auliapujiatiR","in","","0","0","0","https://x.com/undefined/status/1906824718759706644","1762308922864717824",
"1906823253362098536","Mon Mar 31 21:37:45 +0000 2025","0","Dahulu Kala Selain Kuasa Tanah Dan Kuasa Pribumi Pihak Ketiga (Alam Ghoib) Selalu Tradisi Hantu Ke Hantūes (Satanah) Dan Lapak Tradisi Penunggu Sejuta Gunung (Api) Tertera (Satanahẹ) Memilikinya Yang Tidak Pergantian Sama Sekali Tertera Penghuni Tetap (Ada) https://t.co/qbY8pPyWzv","1906823253362098536","https://pbs.twimg.com/media/GnZlo8WaMAAP2s-.jpg","","in","","0","0","0","https://x.com/undefined/status/1906823253362098536","708940599005548544",
"1906823028593561878","Mon Mar 31 21:36:51 +0000 2025","0","That dasar orang gunung parah anjir wkwkw","1906823028593561878","","","in","","0","0","0","https://x.com/undefined/status/1906823028593561878","1856008843010166785",
"1906821700928606584","Mon Mar 31 21:31:35 +0000 2025","1","Punteun ya sunan gunung jati. Bagi aku kupat itu kalah relevan dengn baso. Dah gitu aja","1906821700928606584","","","in","","0","1","0","https://x.com/undefined/status/1906821700928606584","68362303",
"1906354653044023315","Mon Mar 31 21:19:00 +0000 2025","31","@kegblgnunfaedh Bukan hnya pd pagi harinya tp saat mlm takbiran pun gw sengaja perhatiin emg pohon2 sekitar tempat gw pd anteng. Gw pribadi yakin emg bhk langit dan bumi termasuk didlmnya angin laut gunung pohon dan seluruh alam semesta bertasbih pd Allah","1906818537223868645","","kegblgnunfaedh","in","","0","0","0","https://x.com/undefined/status/1906818537223868645","1153856009657470976",
"1906676037200814498","Mon Mar 31 20:52:01 +0000 2025","1","@sedaryut73015 @randomable_ Postingan ini maksudnya Dedi Mulyadi Gubernur Jabar sidak proyek Eiger Camp di Gunung Tangkuban Perahu yang kontroversial. Dia hentikan proyek karena risiko longsor dan kritik pemerintah yang gagal awasi bukan salah pengusaha. Ada juga TNI pakai vest Eiger bikin orang curiga","1906811746897006914","","sedaryut73015","in","","0","1","0","https://x.com/undefined/status/1906811746897006914","1720665183188922368",
"1906652137461084181","Mon Mar 31 20:41:36 +0000 2025","0","@beayahidup 1. Storyline nihil 2. Character yang di-build ga ada purpose 3. Visual pendukung kaya padang pasir gunung berapi &amp; monas kaya asal ceplok 4. Scorring/sound pun setengah-setengah antara dystopian (dari font-nya) atau mau lebih kerasa timur tengah juga ga statement.","1906809121506275819","","beayahidup","in","","0","1","0","https://x.com/undefined/status/1906809121506275819","1173231699330662400",
"1906809095472201808","Mon Mar 31 20:41:29 +0000 2025","2","Suasana Salat Idulfitri tahun 1996 di Langgar Gunung Mas (sekarang Masjid Gunung Mas) Dusun Krakalan Desa Beji Kec Patuk Gunungkidul. Difoto oleh ibu mimin hehe Btw katanya tahun tepatnya lupa bisa jadi sebelum 1996 katanya* https://t.co/KoAr1NsGug","1906809095472201808","https://pbs.twimg.com/media/GnZYwdyaIAEW6rR.jpg","","in","","0","0","1","https://x.com/undefined/status/1906809095472201808","1761695951071420416",
"1906568110955806780","Mon Mar 31 20:25:02 +0000 2025","24","@DianSandiU @robby_karman @jokowi wkwkwkkk.. mana ada orang cerita pernah naik gunung tanpa menyebut gunungnya dasar PSI. Big bos nya aja Pembohong apalagi para ternakannya https://t.co/cC9pidSHSz","1906804953370460578","https://pbs.twimg.com/media/GnZU_-BbsAAlfH3.png","DianSandiU","in","","0","0","1","https://x.com/undefined/status/1906804953370460578","1523039644140687365",
"1906612728216617452","Mon Mar 31 20:15:53 +0000 2025","0","@Gunung_Agoeng @MyLordBebo @Gunung_Agoeng Tidak ada video lanjutan yang jelas soal drone Ukraina yang tersangkut jaring. Drone itu tampaknya dinetralkan tapi belum ada bukti pasti apakah meledak atau tidak. Info terbatas hanya ada postingan X yang sebut drone berdecit setelah tertangkap.","1906802653180400062","","Gunung_Agoeng","in","","0","0","0","https://x.com/undefined/status/1906802653180400062","1720665183188922368",
"1906802385374351695","Mon Mar 31 20:14:50 +0000 2025","0"," Gha naik gunung Gueee yee... naik gunung tuhh...","1906802385374351695","","","in","","0","0","0","https://x.com/undefined/status/1906802385374351695","593381956",
"1906612728216617452","Mon Mar 31 20:07:04 +0000 2025","0","@MyLordBebo Kelanjutan video ini @grok ??","1906800434213519686","","MyLordBebo","in","","0","1","0","https://x.com/undefined/status/1906800434213519686","1701624074877984768",
"1906273406510641403","Mon Mar 31 19:55:49 +0000 2025","2","@debbieflavi @agama_nusantara @bnsphrxyzzz @sakkusaitna @tepig_pignite @Valhallaah @mistroad_1 @Matahari_tmr @Kappa_2023 @PaijoKhentirr @HBRPsweet @maukarjl @abdoolkodir @GlennHarold1 @dawiguna @endoe21 @FaktaBerita89 Dulu saya benci ke sana namanya remaja. Tapi giliran dah kerja sering ke sana walaupun cuma numpang jajan Golden Truly daerah Gunung Sahari sudah demolished ","1906797600097100088","","debbieflavi","in","","0","1","0","https://x.com/undefined/status/1906797600097100088","1764303093779636224",
"1906793619161563560","Mon Mar 31 19:39:59 +0000 2025","0","infokan gunung di jateng yg bisa solo hiking","1906793619161563560","","","in","","0","1","0","https://x.com/undefined/status/1906793619161563560","2213738352",
"1906698793653018866","Mon Mar 31 19:23:40 +0000 2025","0","@opticruisee_ Aku ngerantau sejak jaman Gunung Kelud erupsi ","1906789509947326889","","opticruisee_","in","","0","1","0","https://x.com/undefined/status/1906789509947326889","1041193843159293952",
"1906789123584827652","Mon Mar 31 19:22:08 +0000 2025","1","liat galeri banyak video gunung gue jadi kangen bgt sama gunung cokkkk","1906789123584827652","","","in","","0","0","0","https://x.com/undefined/status/1906789123584827652","896694109875744770",
"1906740260706656275","Mon Mar 31 19:11:45 +0000 2025","0","@rizieqdivist Yg jadi masalah adalah soal mudahnya pemerintah keluarkan izin pd area yg miliki tingkat risiko longsor dan perubahan kontur tanah. Ini kelemahan birokrasi saat ini tegas KDM. . Investasi; bgmn cara hasilkan uang... Lemah Puncak gunung hasilkan uang dan inves turunan yak?","1906786509954633967","","rizieqdivist","in","","0","0","0","https://x.com/undefined/status/1906786509954633967","1116882263185088513",
"1906687226119115236","Mon Mar 31 18:57:33 +0000 2025","0","@ndadindaadin @Limbahbaru Nanti diajak ponakannya naik gunung ","1906782938555125938","","ndadindaadin","in","","0","0","0","https://x.com/undefined/status/1906782938555125938","1096023718206136320",
"1906758812067045700","Mon Mar 31 18:26:01 +0000 2025","0","@grasjelly gunung gede sm papandayan tuh ceper n seruuu tau je!!! kalo gede bisa sampe curug aja udh lumayan itu","1906775000994201776","","grasjelly","in","","0","1","0","https://x.com/undefined/status/1906775000994201776","836074426424700928",
"1906637043176034545","Mon Mar 31 18:25:48 +0000 2025","0","@WaltzOfRhythm Ditinggal sebentar langsung jadi gunung yaaa?? Hihihi... semangat divingnyaa asmin cakeppp!! &gt;__&lt; kita sama-sama nyelemm!!","1906774948305350972","","WaltzOfRhythm","in","","0","1","0","https://x.com/undefined/status/1906774948305350972","3167554309",
"1906685829843386390","Mon Mar 31 18:17:04 +0000 2025","0","@rayworstt gen ask ni km di pucuj gunung pa gmn","1906772752075481486","","rayworstt","in","","0","0","0","https://x.com/undefined/status/1906772752075481486","1865259087988187136",
"1906768553346531565","Mon Mar 31 18:12:00 +0000 2025","1","@De_wife1 Wah keren naik gunung mba","1906771475203551601","","De_wife1","in","","0","1","0","https://x.com/undefined/status/1906771475203551601","1615603812290686976",
"1906771195082731588","Mon Mar 31 18:10:53 +0000 2025","0","demi bersama jeno gue rela mendaki gunung di musim dingin️️","1906771195082731588","","","in","","0","0","0","https://x.com/undefined/status/1906771195082731588","1520847720218791936",
"1906702338384863283","Mon Mar 31 18:08:53 +0000 2025","37","@leeknowsauruuss Kalo Jstay udah turun gunung tandanya stayville sedang tidak baik² saja udah siaga 1","1906770693183922181","","leeknowsauruuss","in","","0","0","0","https://x.com/undefined/status/1906770693183922181","1391326731282173952",
"1893258834249957734","Mon Mar 31 18:07:51 +0000 2025","0","@kembaransjh hi aku kmrn via tapak geurot. durasi naik turun kayanya 12 jam an. ini lama krn mostly baru pada pertama kali naik gunung ditambah pas turun hujan. harusnya bs lebih cepet sih kak ","1906770431539077258","","tengomuchdinero","in","","0","1","0","https://x.com/undefined/status/1906770431539077258","1696730996710977536",
"1906770000863785067","Mon Mar 31 18:06:08 +0000 2025","0","Ooh jadi ini toh yg dulu SBY maksud turun gunung lol","1906770000863785067","","","in","","0","0","0","https://x.com/undefined/status/1906770000863785067","1002565073368256512",
"1905839999146504264","Mon Mar 31 18:02:47 +0000 2025","0","@txttransportasi Paling sebel pas ke bromo nungguin sunrise di penanjakan malah banyak yg rokokan di gunung yg harusnya udaranya segar dan bersih malah bau asap rokok..","1906769156906836331","","txttransportasi","in","","0","0","0","https://x.com/undefined/status/1906769156906836331","1699640650810224640",
"1906765518893359400","Mon Mar 31 17:48:20 +0000 2025","0","Fyp ku sering lewat gn. Arjuno yang artinyaaaaaaaaaa salah satu gunung yg pengen ku kunjungi di jatim","1906765518893359400","","","in","","0","0","0","https://x.com/undefined/status/1906765518893359400","1072883678122930176",
"1906757551578087542","Mon Mar 31 17:44:54 +0000 2025","0","@liliseindriyaa naik gunung kak biar energi buruknya keluar","1906764656204804398","","liliseindriyaa","in","","0","0","0","https://x.com/undefined/status/1906764656204804398","1833740727953858560",
"1906762009636651018","Mon Mar 31 17:42:14 +0000 2025","0","@pacarhisoka gunung pegat","1906763985095127172","","pacarhisoka","in","","0","1","0","https://x.com/undefined/status/1906763985095127172","1219413296677150721",
"1906759847519117763","Mon Mar 31 17:25:48 +0000 2025","1","Demi Kedamaian Melewati jalan terjal dan mendaki gunung tinggi personel kepolisian tak mengenal lelah demi menjaga keamanan di tanah Papua. Setiap langkah mereka adalah bukti pengabdian setiap peluh yang jatuh adalah bentuk ketulusan. https://t.co/bPE1HYsGJ5","1906759847519117763","https://pbs.twimg.com/media/GnYr9hDbgAAmPQF.jpg","","in","","0","0","0","https://x.com/undefined/status/1906759847519117763","1875775889461719040",
"1906758812067045700","Mon Mar 31 17:21:41 +0000 2025","0"," lu kan rajin olahraga bisa lah tipis2 naik gunung gede gunung papandayan. duh ga bisa. mental gw mental gunung sahari","1906758812067045700","","","in","","0","1","0","https://x.com/undefined/status/1906758812067045700","1055415101883215875",
"1906329110126969201","Mon Mar 31 17:19:56 +0000 2025","0","@UGM_FESS Hal seperti ini seperti gunung es di indonesia. Semoga para korban berani speak up.","1906758373326082430","","UGM_FESS","in","","0","0","0","https://x.com/undefined/status/1906758373326082430","135065877",
"1906757563087278111","Mon Mar 31 17:16:43 +0000 2025","0","din tips kuat di gunung dong? dengan lantang ku menjawab MAKAANNNNN yang banyak jgn suka nahan makan kalo di gunung! gak laper makannnnnn ","1906757563087278111","","","in","","0","0","0","https://x.com/undefined/status/1906757563087278111","1779234370001547264",
"1906735873364017413","Mon Mar 31 17:14:59 +0000 2025","0","@ardgenti @brauchio Jangan mau kkKai dia gabisa mendaki gunung","1906757126162165983","","Prejudicess","in","","0","0","0","https://x.com/undefined/status/1906757126162165983","1894291999471407109",
"1906637912932053228","Mon Mar 31 17:14:52 +0000 2025","1","@fwbhub_ Planet bekasi hadir yg punya gunung sampah","1906757099201372530","","fwbhub_","in","","0","0","0","https://x.com/undefined/status/1906757099201372530","326296127",
"1906755693534929399","Mon Mar 31 17:09:17 +0000 2025","3","Doubt ini complex bgt.. Ha bin dr kecil kayaknya punya gangguan emosi. Punya ortu analis prilaku kriminal yg bikin dy susah jg dipercaya ama bapaknya sndiri. Tp smua intinya di kurang komunikasi. Emang dlm keluarga kalo gak bs komunikasi ini bakal gawat kayak gunung es ","1906755693534929399","","","in","","0","0","0","https://x.com/undefined/status/1906755693534929399","515109536",
"1906608054092935217","Mon Mar 31 17:04:39 +0000 2025","0","@saturnevereturn kalo mudik ganggu kegiatan naik gunung cancel aja mudiknya","1906754525249315216","","saturnevereturn","in","","0","0","0","https://x.com/undefined/status/1906754525249315216","446877930",
"1906754217571959011","Mon Mar 31 17:03:25 +0000 2025","0","Naik gunung niat nyari pemandangan malah ketutup kabut https://t.co/LRqASZ60Yt","1906754217571959011","https://pbs.twimg.com/media/GnYm2bhacAAjDyU.jpg","","in","","0","1","0","https://x.com/undefined/status/1906754217571959011","1586772941878218752",
"1906485110922207354","Mon Mar 31 16:53:24 +0000 2025","47","@tanyakanrl puncak Gunung Arjuna terlihat jelas banget dari kawasan wisata Batu https://t.co/nNbzQcziP6","1906751694777754075","https://pbs.twimg.com/media/GnYkj9CboAAzqNG.jpg","tanyakanrl","in","","0","0","0","https://x.com/undefined/status/1906751694777754075","181503453",
"1906751616323391578","Mon Mar 31 16:53:05 +0000 2025","0","Malam ini naik @KAI121 KA Gunung Jati relasi Gambir-Cirebon dari Bekasi 22.35-01.05 https://t.co/CkZJZ4Ar6U","1906751616323391578","https://pbs.twimg.com/media/GnYkfCRbQAAvXGk.jpg","","in","","0","1","0","https://x.com/undefined/status/1906751616323391578","41341883",
"1906750865496531441","Mon Mar 31 16:51:52 +0000 2025","0","@babufess ada yg dikurung hilichurl nder dibalik gunung batu (ini yg terakhir aku temuin)","1906751311309402380","","babufess","in","","0","0","0","https://x.com/undefined/status/1906751311309402380","1765311783806582784",
"1906750834882519274","Mon Mar 31 16:49:59 +0000 2025","0","Pemandangan malam atau gak gunung atau gak kayak tentang2 alam.","1906750837315289361","","SolaLuna38","in","","0","0","0","https://x.com/undefined/status/1906750837315289361","924677079295070209",
"1906737304615768516","Mon Mar 31 16:45:18 +0000 2025","0","@AuroraaT__T Banyak mapsnya itu semua jenis game ada tergantung kesukaan. Manjat gunung travelling ngerp main tower game santay sampe yang bikin deg-degan banyak. Search aja roblox game di tiktok banyak pasti","1906749655582646464","","AuroraaT__T","in","","0","1","0","https://x.com/undefined/status/1906749655582646464","1350811338877014019",
"1906514608887943341","Mon Mar 31 16:43:29 +0000 2025","0","@greekfenrir kaya yang di gunung myobokuu","1906749201134031323","","greekfenrir","in","","0","1","0","https://x.com/undefined/status/1906749201134031323","1851644198744956928",
"1906699365089185815","Mon Mar 31 16:39:46 +0000 2025","1","@alisyarief Satu-satunya jalan adalah alumni @UGMYogyakarta turun gunung semuanya bela almamater. Ngapain juga punya KAGAMA gak ada fungsinya padahal ada semua tokoh disana... @mohmahfudmd @ganjarpranowo @aniesbaswedan dll...kecuali Mulyono ","1906748263296016700","","alisyarief","in","","0","0","0","https://x.com/undefined/status/1906748263296016700","1298775626120171521",
"1906720514250527226","Mon Mar 31 16:39:04 +0000 2025","115","@Heraloebss @KAI121 anjrittt jd dua jalurrr??? kayanya kmrn gw liat cuma satu. plis bikin rute gunung kidul - jaksel","1906748088561397852","","Heraloebss","in","","0","2","4","https://x.com/undefined/status/1906748088561397852","1297661026062622723",
"1906746228026777717","Mon Mar 31 16:31:41 +0000 2025","1","Selain Tango brand yg kena dampak efisiensi juga: @sehatAQUA Ukuran mengecil dari 240 ml ke 200 ml. Gelasnya makin tipis dan ga pake corak gunung lagi di tengah. Aqua dan Vit cuma beda branding aja kemasannya sama isinya mungkin juga ga beda. https://t.co/IyJ0aAH38S","1906746228026777717","https://pbs.twimg.com/media/GnYflq8aIAU9k8c.jpg","","in","","0","4","0","https://x.com/undefined/status/1906746228026777717","189134267",
"1906689918971298202","Mon Mar 31 16:26:26 +0000 2025","0","@zale26028774 lampu buat ke gunung malam2","1906744908364624269","","zale26028774","in","","0","0","0","https://x.com/undefined/status/1906744908364624269","1683270316972457984",
"1906743187924045991","Mon Mar 31 16:19:49 +0000 2025","0","- Terakhir salat id bertiga lagi setelah sekian lama formasinya bolong Hectic tiap tahun mah sudah biasa. Sedikit ngantuk dan dingin sisa hujan tapi masih sangat syahdu UwU)/ Apalagi ditemani pemandangan gunung putri tidur di depan mata cantik~","1906743244467347847","","Olla_shell","in","","0","1","0","https://x.com/undefined/status/1906743244467347847","1499993584417738754",
"1906715183520886805","Mon Mar 31 16:18:39 +0000 2025","0","@loadiinq @dejaapou Ke laut apa ke gunung sok","1906742949188382935","","loadiinq","in","","0","0","0","https://x.com/undefined/status/1906742949188382935","82589474",
"1906594005309411727","Mon Mar 31 16:18:34 +0000 2025","13","@ezharahap1 @agama_nusantara Mereka irit lho tiap acara agama nusantara kirim bunga makanan kopi hewan upeti dewa ke perempatan jalan ke pohon ke sungai ke gunung ke laut ","1906742929668108439","","ezharahap1","in","","0","2","1","https://x.com/undefined/status/1906742929668108439","1841208105826467840",
"1906742556907762078","Mon Mar 31 16:17:05 +0000 2025","0","waduh sekampung turun gunung","1906742556907762078","","","in","","0","0","0","https://x.com/undefined/status/1906742556907762078","1314926253745467393",
"1906742251935650111","Mon Mar 31 16:15:53 +0000 2025","3","Abis nyuci baju se tinggi gunung himalaya#makassar https://t.co/GSQrQWB1J5","1906742251935650111","https://pbs.twimg.com/media/GnYb93tbAAAbp29.jpg","","in","","0","0","0","https://x.com/undefined/status/1906742251935650111","1829153854887469056",
"1906568110955806780","Mon Mar 31 16:15:44 +0000 2025","2","@22Trijp @DianSandiU @robby_karman @jokowi Sering cerita naik gunung tapi tdk satupun nama gunung disebut.....","1906742216028311961","","22Trijp","in","","0","1","0","https://x.com/undefined/status/1906742216028311961","816480367259488257",
"1906593482627825781","Mon Mar 31 16:14:26 +0000 2025","0","@lckiestrtl Bonus gunung","1906741886788014536","","","in","","0","0","0","https://x.com/undefined/status/1906741886788014536","1106129481075290113",
"1906741718671888567","Mon Mar 31 16:13:45 +0000 2025","0","mas gunung diem dulu anjir","1906741718671888567","","","in","","0","0","0","https://x.com/undefined/status/1906741718671888567","1128158002966478848",
"1906741321991406010","Mon Mar 31 16:12:11 +0000 2025","0","hadeh mau naik gunung nyatanya kaki dikit salah posisi aja keram. gimana mau naiknya coba.","1906741321991406010","","","in","","0","0","0","https://x.com/undefined/status/1906741321991406010","1901307494045241344",
"1906717182916178132","Mon Mar 31 16:10:01 +0000 2025","1","@rizrmdhn_ @DesmondaVarel DAN AKHIRNYA!! Rombongan kami menaklukan puncak SEMERU!! sembari menikmati indahnya sunrise bersama bendera merah putih! MERDEKA! dan ini membuktikan kita bisa menaklukan 2 gunung dalam 1 hari! SALAM PETUALANG!! (EVEREST tunggu kami!) https://t.co/NOY0k9YuEW","1906740776031109259","https://pbs.twimg.com/media/GnYaBWDaMAAUd-U.jpg","officialbyn0w","in","","0","1","0","https://x.com/undefined/status/1906740776031109259","1437620760701390851",
"1906738944076898556","Mon Mar 31 16:02:44 +0000 2025","0","Lebaran tahun ni dak ado eid nap huhuhuu bcs tadi aku sibuk mendaki gunung lewati lembah","1906738944076898556","","","in","","0","0","0","https://x.com/undefined/status/1906738944076898556","1241011688943448064",
"1906724070705754491","Mon Mar 31 16:01:20 +0000 2025","0","@vvonyouung Gunung fuji nikah??? Belum nih mau turu pake parfum ga?","1906738592363446624","","vvonyouung","in","","0","1","0","https://x.com/undefined/status/1906738592363446624","1695664091011198976",
"1906738580954943781","Mon Mar 31 16:01:17 +0000 2025","0","Menjaga nama baik itu seperti membangun gunung dari kerikil.","1906738580954943781","","","in","","0","0","0","https://x.com/undefined/status/1906738580954943781","225002807",
"1906116695829205025","Mon Mar 31 15:53:40 +0000 2025","0","@tanyarlfes Lucu ya kelai cuma krna game. Mengingatkan ku akan seseorang yg dituduh cwonya ngelepas KODOK dan DOMBA GUNUNG di MINECRAFT sampai mencaci maki orang tersebut","1906736662346117621","","tanyarlfes","in","","0","0","0","https://x.com/undefined/status/1906736662346117621","1237763874369101824",
"1906736657761763514","Mon Mar 31 15:53:39 +0000 2025","1","sudah saatnya para hacker nasionalis turun gunung","1906736657761763514","","","in","","0","0","0","https://x.com/undefined/status/1906736657761763514","1273460752909611009",
"1906179687727972355","Mon Mar 31 15:51:12 +0000 2025","0","@HERFAlRYTALE Emang aku ini cocok ya jadi anak senja. Healing nya nanti naik gunung dan ke pantai biar bisa foto sunset ala-ala. Pakai qris bisa kak tapi kena tambahan biaya PPN 11% ya. Punten pisan. Gapapa kan kak? Huhu.","1906736042717348067","","HERFAlRYTALE","in","","0","1","0","https://x.com/undefined/status/1906736042717348067","1903846889164042240",
"1906735478323519558","Mon Mar 31 15:48:58 +0000 2025","3390","Tapi kalo denger dari cerita Jungwon soal keluarganya tuh kayaknya keluarga dia emang lebih banyak activity deh kayak sering quality time Dia pernah cerita kalo keluarganya tuh sering camping ke gunung gitu terus beberapa kali cerita keluarganya liburan ke luar negeri https://t.co/CUlZ2KuVrD","1906735478323519558","https://pbs.twimg.com/media/GnYVzrCakAADBx0.jpg","","in","","37","21","592","https://x.com/undefined/status/1906735478323519558","1148999338091089920",
"1906734764054429836","Mon Mar 31 15:46:07 +0000 2025","0","ademm bgt rumah uti lgsg dapet view sawah + gunung https://t.co/XEPaIhyvYE","1906734764054429836","https://pbs.twimg.com/media/GnYVKKJaYAAVrdx.jpg","","in","","0","0","0","https://x.com/undefined/status/1906734764054429836","1860845286186487808",
"1906674879170302204","Mon Mar 31 15:44:54 +0000 2025","0","@pinksbeam Sayang udah ah. Terjun dari gunung.","1906734456343294029","","pinksbeam","in","","0","1","0","https://x.com/undefined/status/1906734456343294029","863649513205932033",
"1906734423518982451","Mon Mar 31 15:44:46 +0000 2025","1","siapa yang libur nasional full kerja ampe muakk dan yapp betulll wwwwhhhhh. jangankan tanggal merah gunung meletus gempa ampe banjir bandang pun akan tetap w trabass","1906734423518982451","","","in","","0","2","0","https://x.com/undefined/status/1906734423518982451","1696581382187978752",
"1906716576046604307","Mon Mar 31 14:33:51 +0000 2025","7","Sedih banget dulu ini tuh bukit gedhe sering dilewati klo w berangkat sekolah klo lewat situ bisa liat pemandangan bukit sama gunung merapi merbabu sekarang otw rata karena dijual jadi tanah urug. Dampaknya ke ekosistem apa ya? Terus kok bisa si bukit dijual belikan gini https://t.co/PlrpfjFA8Y","1906716576046604307","https://pbs.twimg.com/media/GnYEnyBaUAADWUt.jpg","","in","","0","4","0","https://x.com/undefined/status/1906716576046604307","1106005995895939072",
"1906715710459723783","Mon Mar 31 14:30:25 +0000 2025","0","karna belum punya foto bareng ya udah upload foto pemandangan sekitar rumah dulu aja bisa liat gunung manglayang https://t.co/vEi9GwxRhl","1906715710459723783","https://pbs.twimg.com/media/GnYDfh7aEAAyS07.jpg","","in","","0","0","0","https://x.com/undefined/status/1906715710459723783","1759204958598234112",
"1906715693292069273","Mon Mar 31 14:30:21 +0000 2025","2","Arwah mak aku kalau pujuk aku waktu merajuk ala ala busuk mak ni intan payung gunung berapi.","1906715693292069273","","","in","","0","0","0","https://x.com/undefined/status/1906715693292069273","1159132659504701440",
"1906708023789359377","Mon Mar 31 14:27:25 +0000 2025","0","@lowverll eksplor yang map di dalam gunung seru️","1906714958819360876","","lowverll","in","","0","1","0","https://x.com/undefined/status/1906714958819360876","1805445788459483138",
"1906714919074206142","Mon Mar 31 14:27:16 +0000 2025","2","ya allah abis dari rumah sodara di gunung dan gada sinyal samsek 2 jam gabut gabisa internetan https://t.co/f0aRHNz0vl","1906714919074206142","https://pbs.twimg.com/media/GnYDG5raEAAibB8.jpg","","in","","0","1","0","https://x.com/undefined/status/1906714919074206142","1315326234704793600",
"1905953131810456024","Mon Mar 31 14:25:56 +0000 2025","0","@Diakandika @radenrauf otot nya kaget diajakin naik gunung mas besok ke arjuna ga bakal geter lagi","1906714585568264281","","Diakandika","in","","0","1","0","https://x.com/undefined/status/1906714585568264281","1276702700852264961",
"1906711755377791150","Mon Mar 31 14:25:54 +0000 2025","0","@chocoballhyuck HAH KA SERIUS kamu tempel dimana aja sebanyak itu . kaya abis naik gunung","1906714573966836077","","chocoballhyuck","in","","0","1","0","https://x.com/undefined/status/1906714573966836077","1139069456477384705",
"1906653014456508537","Mon Mar 31 14:25:48 +0000 2025","0","@ojannnnnn_ sugeng tumblr gunung bromo gunung kelud","1906714551745458266","","ojannnnnn_","tl","","0","0","0","https://x.com/undefined/status/1906714551745458266","987814432066519040",
"1906714406333096292","Mon Mar 31 14:25:14 +0000 2025","1","memang daridulukan mendaki gunung tuh lebih bangak merusak alamnya kalo cinta ma alam mah ga diapa2in juga alam menjaga dirinya sendiri","1906714406333096292","","","in","","0","0","0","https://x.com/undefined/status/1906714406333096292","762099483081519104",
"1906616517200093319","Mon Mar 31 14:23:42 +0000 2025","0","@bbysgaa Meng mata aku kan ga da lipetan ini uda bikin kayak gunung item tetep ga kliatan cuma eyeliner membantu biar tegas ajah matanya biar berasa punya mata ","1906714020813427008","","bbysgaa","in","","0","1","0","https://x.com/undefined/status/1906714020813427008","397871281",
"1906704295648456809","Mon Mar 31 14:23:08 +0000 2025","0","@convomf andong dulu lah bos kalo first time. lo langsung gunung sumbing malah kaki lo yang sumbing ntar","1906713877792096353","","convomf","in","","0","0","0","https://x.com/undefined/status/1906713877792096353","1308054334073053189",
"1906712859318600190","Mon Mar 31 14:19:05 +0000 2025","0","belom sampe jamsil ato sangam tapi 6 hari di KSPO tuh damn it's beyond worth it. All of my concerts experience there were satisfying. Concert venue paling convenient se-seoul raya. Gw mondar-mandir konseran di kspo ga pernah watir balik ke dorm @ gunung gwanak semalem apapun itu.","1906712859318600190","","","in","","0","1","0","https://x.com/undefined/status/1906712859318600190","951051058138107904",
"1906710341758976110","Mon Mar 31 14:18:59 +0000 2025","0","@TriLusiana10 Udah bukan ninja mbak tp ngelmu dia di gunung batu.","1906712836174164242","","TriLusiana10","in","","0","0","0","https://x.com/undefined/status/1906712836174164242","65579626",
"1906712659610984605","Mon Mar 31 14:18:17 +0000 2025","0","Adikku: pak buk aku meh nang *** hari kedua bakdo' Bapak/ ibuk: meh ngopo? Adikku: munggah gunung Bapak/ ibuk: yo sing ati ati Singkat padat love you all Ati ati gapai mimpimu itu","1906712659610984605","","","in","","0","0","0","https://x.com/undefined/status/1906712659610984605","705349813680734208",
"1906712593789509671","Mon Mar 31 14:18:02 +0000 2025","0","Kita usahakan solat ied di lapangan yang dingin disertai kabut dan menghadap gunung itu ","1906712593789509671","","","in","","0","0","0","https://x.com/undefined/status/1906712593789509671","1131526229260001280",
"1906709154879918301","Mon Mar 31 14:17:34 +0000 2025","0","@Araghutama Langsung gas naik turun gunung ya","1906712478643576856","","Araghutama","in","","0","1","0","https://x.com/undefined/status/1906712478643576856","479381396",
"1906712100673839379","Mon Mar 31 14:16:04 +0000 2025","2","Mendaki gunung Everest https://t.co/WqeP2r5jsb","1906712100673839379","https://pbs.twimg.com/media/GnYAiqzaAAAhpmi.jpg","","in","","1","1","1","https://x.com/undefined/status/1906712100673839379","1806535922944753664",
"1906711857454563795","Mon Mar 31 14:15:06 +0000 2025","0","lol orang2 masih nganggap naik gunung tu pencinta alam kah? wkkwkwkw konyoll","1906711857454563795","","","in","","0","0","0","https://x.com/undefined/status/1906711857454563795","927740469630484480",
"1906710887253324121","Mon Mar 31 14:11:15 +0000 2025","0","Bagi-bagi THR ke bocil udah dan yang bertamu sudah pada pulang. Sekarang waktunya jadi pertapa gunung lagi ","1906710887253324121","","","in","","0","1","0","https://x.com/undefined/status/1906710887253324121","100274333",
"1906709698218246320","Mon Mar 31 14:09:44 +0000 2025","0","@Sobekankertass ya maap deh baru turun gunung gue? ga sempet balik ","1906710506687312131","","","in","","0","0","0","https://x.com/undefined/status/1906710506687312131","1130375863646613504",
"1906704295648456809","Mon Mar 31 14:09:33 +0000 2025","0","@convomf Kalo km biasa olahraga si gas aja asal yg lain menguasai medan Aku first time gunung rinjani meskipun jadi beban suami ","1906710462290686233","","convomf","in","","0","0","0","https://x.com/undefined/status/1906710462290686233","905241750",
"1906710296212963754","Mon Mar 31 14:08:54 +0000 2025","1","Udah bs mulai WO lagi voli lagi naik gunung lagi. Tinggal nyari trigger buat mulai","1906710296212963754","","","in","","0","2","0","https://x.com/undefined/status/1906710296212963754","1567024594791600132",
"1906710016503304574","Mon Mar 31 14:07:47 +0000 2025","0"," Dan janganlah kamu berjalan di muka bumi ini dengan sombong. Sesungguhnya kamu sekali-kali tidak dapat menembus bumi dan kamu sekali-kali tidak akan sampai setinggi gunung. (Surah Al-Isra 17:37)","1906710016503304574","","","in","","0","0","0","https://x.com/undefined/status/1906710016503304574","1766329623212875776",
"1906709587291680934","Mon Mar 31 14:06:05 +0000 2025","103","Pemandangan indah saat sholat Idul fitri di wonosobo ada yang sholat ied disini tahun ini?? lapangan base Camp gunung sumbing garung wonosobo. (amri_faris) https://t.co/YLg3wGaRMi","1906709587291680934","https://pbs.twimg.com/ext_tw_video_thumb/1906709542349737984/pu/img/UN_9QgRKCZlsK-kI.jpg","","in","","1","1","6","https://x.com/undefined/status/1906709587291680934","1279804428724211712",
"1906709509588095351","Mon Mar 31 14:05:46 +0000 2025","1","Proyek wisata Eiger di kaki gunung tangkuban perahu yg disegel kang Dedi Mulyadi (KDM). https://t.co/vB1uUyuVE7","1906709509588095351","https://pbs.twimg.com/ext_tw_video_thumb/1906709470291623937/pu/img/ePEe3DP8QL6vkbO5.jpg","","in","","0","1","0","https://x.com/undefined/status/1906709509588095351","1872639908214722560",
"1906699050122146035","Mon Mar 31 14:05:35 +0000 2025","0","@qreichan Pesona Kim Leehan emang tak terduga bye Gunung https://t.co/JiKrRqxuyH","1906709461265444995","https://pbs.twimg.com/tweet_video_thumb/GnX-JMcaMAAH6fa.jpg","qreichan","in","","0","1","0","https://x.com/undefined/status/1906709461265444995","2768398443",
"1906709154879918301","Mon Mar 31 14:04:22 +0000 2025","0","Baru kelar naik turun gunung bjirrr","1906709154879918301","","","in","","0","3","0","https://x.com/undefined/status/1906709154879918301","1360825472",
"1906704941403738598","Mon Mar 31 14:03:22 +0000 2025","0","@chutcomel selamat hari raya chut ni gunung dekat magelang indonesia.","1906708906241564781","","chutcomel","in","","0","0","0","https://x.com/undefined/status/1906708906241564781","1409174594007699459",
"1906277109833863596","Mon Mar 31 14:03:11 +0000 2025","5","@japra97 @BayuAngora pecinta alam mah buang sampah pada tempatnya. Bukannya naik gunung","1906708860012027912","","japra97","in","","0","0","1","https://x.com/undefined/status/1906708860012027912","1769464572443037696",
"1906707758243791059","Mon Mar 31 13:58:49 +0000 2025","0"," gunung-gunung pun dijalankan sehingga menjadi fatamorgana .","1906707758243791059","","","in","","0","0","0","https://x.com/undefined/status/1906707758243791059","393860871",
"1906707746596229229","Mon Mar 31 13:58:46 +0000 2025","0","2 Warga Desa Gunung Rancak Disidang Dalam Kasus Rokok Ilegal di Pengadilan Negeri Surabaya https://t.co/0rlAQ1NtLM","1906707746596229229","","","in","","0","0","0","https://x.com/undefined/status/1906707746596229229","1689838841375727616",
"1906707107489124642","Mon Mar 31 13:56:13 +0000 2025","1","jadi gunung mana yang mau didaki?","1906707107489124642","","","in","","0","0","0","https://x.com/undefined/status/1906707107489124642","3255534834",
"1906674255024050475","Mon Mar 31 13:55:16 +0000 2025","0","@everyone_baa Buset gue 2000 aja masih manjat gunung wkwk","1906706864378880408","","everyone_baa","in","","0","0","0","https://x.com/undefined/status/1906706864378880408","1572984531241828352",
"1906706652524634496","Mon Mar 31 13:54:25 +0000 2025","7","Sundanese culture traditional dance heritage in Indonesia: jaipongan/jaipong ketuk tilu ronggeng gunung doger merak sunda topeng banjet badaya kandagan keurseus gawil ratu graeni lenyepan sulintang kalang mayang katon kandagan gagahan putra sekar putri prawesti.","1906706652524634496","","","in","","0","0","0","https://x.com/undefined/status/1906706652524634496","1175518892178821120",
"1906706641187451299","Mon Mar 31 13:54:22 +0000 2025","7","Warisan budaya tari/tarian tradisional Sunda di Indonesia: jaipongan/jaipong ketuk tilu ronggeng gunung doger merak sunda topeng banjet badaya kandagan keurseus gawil ratu graeni lenyepan sulintang kalang mayang katon kandagan gagahan putra sekar putri prawesti.","1906706641187451299","","","in","","0","0","0","https://x.com/undefined/status/1906706641187451299","1175518892178821120",
"1906697060663120313","Mon Mar 31 13:53:54 +0000 2025","0","@Xavierion_ Iya Besok kabur ke gunung buat ngilangin capek hehe","1906706520370487296","","Xavierion_","in","","0","1","0","https://x.com/undefined/status/1906706520370487296","1204096116804898816",
"1906704295648456809","Mon Mar 31 13:53:14 +0000 2025","0","@convomf gatau belum perna daki gunung","1906706352627699778","","convomf","in","","0","0","0","https://x.com/undefined/status/1906706352627699778","1897620000946724864",
"1906705645434449940","Mon Mar 31 13:50:25 +0000 2025","0","Jeno ky mau syuting misteri gunung gede","1906705645434449940","","","in","","0","0","0","https://x.com/undefined/status/1906705645434449940","1586362032227770368",
"1906699876639088742","Mon Mar 31 13:49:20 +0000 2025","0","@nagiayambakar bocah abis turun dari gunung sifatnya beda trus temennya nyadar dah","1906705372272108016","","nagiayambakar","in","","0","1","0","https://x.com/undefined/status/1906705372272108016","1455517460052865034",
"1906671718892253195","Mon Mar 31 13:45:04 +0000 2025","0","@_fluttershyie RANDOM BGT JIR GUNUNG","1906704298697744479","","_fluttershyie","in","","0","1","0","https://x.com/undefined/status/1906704298697744479","1324579674761035776",
"1906496428505223330","Mon Mar 31 12:48:32 +0000 2025","0","@hourshii Gimana hasil ngeilmu kemarin di gunung nih?","1906690074160345583","","hourshii","in","","0","1","0","https://x.com/undefined/status/1906690074160345583","3084723762",
"1906568110955806780","Mon Mar 31 12:48:31 +0000 2025","0","@DianSandiU @jokowi judul esai ini 'naik naik ke puncak gunung' sampaikan ini bae ndasmu https://t.co/1T0h9QL29Y","1906690067474845873","https://pbs.twimg.com/media/GnXsgh4boAAjNQq.jpg","DianSandiU","in","","0","0","0","https://x.com/undefined/status/1906690067474845873","878487191386705920",
"1906568110955806780","Mon Mar 31 12:47:57 +0000 2025","0","@DianSandiU @robby_karman @jokowi Kalau bercerita sudah pasti menyebutkan salah satu gunung yang menjadi pengalamannya bro sebenarnya apa yang beliau ceritakan...","1906689927267692856","","DianSandiU","in","","0","1","0","https://x.com/undefined/status/1906689927267692856","1506294309313785876",
"1906689785517023310","Mon Mar 31 12:47:24 +0000 2025","0","kalo mendaki gunung sama jeno aku mau","1906689785517023310","","","in","","0","0","0","https://x.com/undefined/status/1906689785517023310","1535657094069641217",
"1906689225971704072","Mon Mar 31 12:45:10 +0000 2025","0","persiapan ibadah jam 06.30 pp rungkut-gunung anyar. pukul 6 (harusnya uda otw) adek udah siap aja tapi belum matiin komputer. mama masi nyuci2 belum mandi &amp; lagi sensi kakaknya siap2 sambil ngedumel soalnya mamanya blm siap bapak i nyantai soalnya uda di gereja dari jam 4","1906689225971704072","","","in","","0","0","0","https://x.com/undefined/status/1906689225971704072","1442435710611460097",
"1906670968379957477","Mon Mar 31 12:42:30 +0000 2025","0","@ssandeokie gunung yg mana? pacarku gunung yg ada merahnya egk boleh sama yah","1906688555646402903","","choii3an","in","","0","1","0","https://x.com/undefined/status/1906688555646402903","1758533126966620160",
"1906688432518431101","Mon Mar 31 12:42:01 +0000 2025","1","Ulang tahun sekarang ngerayain ulang tahun nya mau naik gunung ahhh sekalian healing","1906688432518431101","","","in","","0","0","0","https://x.com/undefined/status/1906688432518431101","1549003261562068992",
"1906688267266953431","Mon Mar 31 12:41:22 +0000 2025","0","Tadi yg soal viewnya gunung gunungnya gerak ga?","1906688267266953431","","","in","","0","0","0","https://x.com/undefined/status/1906688267266953431","143293223",
"1906688223902130273","Mon Mar 31 12:41:11 +0000 2025","0","Opor habis. Tinggal opportunity untuk mencintai dan hidup bersamanya. ningsih perawan gagal nikah 29th gunung kidul @Bubakul_","1906688223902130273","","","in","","0","1","0","https://x.com/undefined/status/1906688223902130273","1084408730148458497",
"1906670968379957477","Mon Mar 31 12:38:37 +0000 2025","0","@gueriilla itu gunung lagi foto sama pacarku","1906687578465870010","","gueriilla","in","","0","1","0","https://x.com/undefined/status/1906687578465870010","1309003541340708864",
"1906687413835248056","Mon Mar 31 12:37:58 +0000 2025","0","PERCAYA GAK SIH. Ternyata temen SMA aku dulu mudiknya masih satu kecamatan sama rumah saudara yang ku tinggali sekarang. Kayak? wow?????? Sama sama anak jogja lantai 2. (soalnya aku habis reply snap ig nya locationnya di gunung kidul)","1906687413835248056","","","in","","0","1","0","https://x.com/undefined/status/1906687413835248056","1217870691514470400",
"1906686710379102389","Mon Mar 31 12:35:10 +0000 2025","0","salah satu wishlistku tuh hiking/naik gunung salju terus abang kesana tuh bahagia ","1906686710379102389","","","in","","0","0","0","https://x.com/undefined/status/1906686710379102389","768385430840410112",
"1906686430212149581","Mon Mar 31 12:34:04 +0000 2025","0","Kangen bgt naik gunung.. Kayanya pengen lagi deh ntar","1906686430212149581","","","in","","0","0","0","https://x.com/undefined/status/1906686430212149581","1332125640531738625",
"1906660507714461781","Mon Mar 31 12:33:11 +0000 2025","0","@boprikkk emang boleh se anak gunung itu","1906686209038143653","","boprikkk","in","","0","1","0","https://x.com/undefined/status/1906686209038143653","1549727925225697280",
"1906546440916082829","Mon Mar 31 12:32:02 +0000 2025","0","@tamrintomagola Mungkin baiknya demi kesehatan dan kenyamanan yg sesuai sprti yg anda inginkan..baiknya bermukim di gunung atau di hutan2..yg jauh dri keramaian...maaf itu cuma sekedar saran dan solusi boleh di ikuti boleh jugatidak..namnya di dekat bnyk mcm org pastinya hiruk pikuk PST ada","1906685919207592311","","tamrintomagola","in","","0","0","0","https://x.com/undefined/status/1906685919207592311","1742138918676684800",
"1906685866912973137","Mon Mar 31 12:31:49 +0000 2025","7","asli iyaa ini jg aku dinyinyirin big step fam kamu lebaran kok di gunung bareng keluarga 'non-muslim' kamu itu sih bukannya silaturahim di sini SKIP first we're not tied by any bloodline bond so we ain't family. ntm y'all pmo real bad. stop posesif kita bukan siapa²","1906685866912973137","","","in","","0","1","0","https://x.com/undefined/status/1906685866912973137","1133332385443958785",
"1892998011430617348","Mon Mar 31 12:30:48 +0000 2025","0","@bottomgeung Gunung tinggi2 buat apa? Ya buat dipanjat &lt;3","1906685610854859080","","bottomgeung","in","","0","1","0","https://x.com/undefined/status/1906685610854859080","240130610",
"1906681657186513024","Mon Mar 31 12:26:52 +0000 2025","0","@Freya_JKT48 Ketua turun gunung ges","1906684619254276436","","Freya_JKT48","in","","0","0","0","https://x.com/undefined/status/1906684619254276436","1238451559136022529",
"1906403210748907658","Mon Mar 31 12:25:47 +0000 2025","1","@DeningCarlo Apakah yang di gunung Padang itu termasuk piramid? Atau hanya punden berundak?","1906684347962609702","","DeningCarlo","in","","0","1","0","https://x.com/undefined/status/1906684347962609702","82320973",
"1906683740501516509","Mon Mar 31 12:23:22 +0000 2025","0","perasaan gue ga karuan bgtt hft pgn naik gunung","1906683740501516509","","","in","","0","0","0","https://x.com/undefined/status/1906683740501516509","1713509298041757696",
"1906669810487812100","Mon Mar 31 11:31:48 +0000 2025","0","@shimpring gunung lagi main di gunung","1906670759709487192","","shimpring","in","","0","1","0","https://x.com/undefined/status/1906670759709487192","960731139445997568",
"1906670292916986297","Mon Mar 31 11:29:56 +0000 2025","0","kalo naek flyover di bandung trus langitnya lagi gaada awan tuh beneran bikin merinding keliatan bangeetttt dikelilingin sama gunung. itu kalo semuanya gunung api aktif hrus kabur kemana coba ","1906670292916986297","","","in","","0","0","0","https://x.com/undefined/status/1906670292916986297","1387215435225993216",
"1906230759523762582","Mon Mar 31 11:28:50 +0000 2025","0","@vianratulangi Trus apa masalahmu??","1906670015392428100","","vianratulangi","in","","0","0","0","https://x.com/undefined/status/1906670015392428100","1701624074877984768",
"1906669661003137456","Mon Mar 31 11:27:26 +0000 2025","0","if bebetul la instinct kita ni lagi nekad nak bawak diri naik gunung. melupakan di atas permukaan laut ","1906669661003137456","","","in","","0","0","0","https://x.com/undefined/status/1906669661003137456","1800720079488966656",
"1906669422506356929","Mon Mar 31 11:26:29 +0000 2025","0","Buat STRAYKIDS kuat-kuat ya jiwa raga batin kalian buat staffnya juga semoga diberi kesabaran sebesar gunung dan lautan dan bisa nanganin dengan sebaik-baiknya sorry oot","1906669422506356929","","","in","","0","0","0","https://x.com/undefined/status/1906669422506356929","1882968093590478848",
"1906669288859308192","Mon Mar 31 11:25:57 +0000 2025","2","Pamit naik gunung seru kayaknya","1906669288859308192","","","in","","0","1","0","https://x.com/undefined/status/1906669288859308192","906902665757548545",
"1906530694383513625","Mon Mar 31 11:25:36 +0000 2025","0","@JanissaryD_Last Kirik.","1906669200384602227","","JanissaryD_Last","in","","0","0","0","https://x.com/undefined/status/1906669200384602227","1701624074877984768",
"1906663464103526550","Mon Mar 31 11:24:33 +0000 2025","0","@seabluezzz tenang aja gt naik gunung jg satu tenda berdua sm cowok kok ","1906668937644810297","","aglimpseofw","in","","0","1","0","https://x.com/undefined/status/1906668937644810297","1775725234605506560",
"1906587535507436011","Mon Mar 31 11:23:29 +0000 2025","0","@DaffaaRaditya @fabulousduck_ gunung sahari kali","1906668668555030739","","DaffaaRaditya","in","","0","0","0","https://x.com/undefined/status/1906668668555030739","1214226429107294209",
"1906668608002097661","Mon Mar 31 11:23:14 +0000 2025","0","untung naik gunung diundur uank ak abizzzzz","1906668608002097661","","","in","","0","0","0","https://x.com/undefined/status/1906668608002097661","1265631534578651136",
"1906668565379366920","Mon Mar 31 11:23:04 +0000 2025","0","GUNUNG YG DIBELAKANG AJH KALAH CAKEP SM KM SAYANG ADUH https://t.co/dj1vfgGCOl","1906668565379366920","https://pbs.twimg.com/media/GnXY8yWbkAAdOSp.jpg","","in","","0","0","0","https://x.com/undefined/status/1906668565379366920","1797342188172685312",
"1906667360427393069","Mon Mar 31 11:18:17 +0000 2025","0","Sekarang mudik lagi Turun gunung Bjir","1906667360427393069","","","in","","0","0","0","https://x.com/undefined/status/1906667360427393069","1728914797432057856",
"1906652432047968332","Mon Mar 31 11:17:09 +0000 2025","0","@fjallrraven Lebaran di gunung?","1906667073708626384","","alwaystargazing","in","","0","1","0","https://x.com/undefined/status/1906667073708626384","1242067946823749633",
"1906666771266125894","Mon Mar 31 11:15:57 +0000 2025","0","Jepang dah bikin lab di bawah gunung negara ini masih sibuk kasih jabatan ke temen. Jepang kamu ndak mau akuisisi aja apah? Kayaknya skrg lbh parah drpd romusha kamu deh Jepang nangis aja aku ud ga bisa saking cape liat pejabat yg kaya betolll ","1906666771266125894","","","in","","0","0","0","https://x.com/undefined/status/1906666771266125894","905306677636763648",
"1906585174500081787","Mon Mar 31 11:13:29 +0000 2025","0","@____raaaaaa Aku orang gunung kamu di kota yaa?","1906666154258829723","","____raaaaaa","in","","0","1","0","https://x.com/undefined/status/1906666154258829723","73349610",
"1906666031437009243","Mon Mar 31 11:13:00 +0000 2025","1","⭐️⭐️⭐️⭐️⭐️ Kalau kamu kasih PETAKA GUNUNG GEDE ratingnya berapa bintang? Di hari Lebaran ini ayo nonton PETAKA GUNUNG GEDE bareng keluargamu. @petakagununggede #PetakaGunungGede #FilmPetakaGunungGede https://t.co/v4SnyoTaLc","1906666031437009243","https://pbs.twimg.com/media/GnXWo3laoAAzxx8.jpg","","in","","0","1","0","https://x.com/undefined/status/1906666031437009243","71190489",
"1906663464103526550","Mon Mar 31 11:10:28 +0000 2025","0","@seabluezzz naik gunung takut ilang kali","1906665392610979953","","aglimpseofw","in","","0","1","0","https://x.com/undefined/status/1906665392610979953","1845691270808891393",
"1906245872192721154","Mon Mar 31 11:08:52 +0000 2025","0","@Candj09 @ridwankamil Kuat jg tu burung seuprit dijpit gunung segede gaban mudah2an telurnya tdk pecah","1906664991497093182","","Candj09","in","","0","0","0","https://x.com/undefined/status/1906664991497093182","1644300980241195010",
"1906573597814010178","Mon Mar 31 11:08:52 +0000 2025","0","@sehatAQUA 19 gunung gunung apa aja tuh kak? Kayaknya penlgunungan se-Indonesia banyak dech berati ada yang belum tergapai oleh Aqua se-Indonesia ini.","1906664990037401677","","sehatAQUA","in","","0","0","0","https://x.com/undefined/status/1906664990037401677","916417008",
"1906613107868479783","Mon Mar 31 11:06:06 +0000 2025","0","@coppamagz Somen lu mending pensiun deh jdi artis terus sembunyi Sono dibelakang gunung ","1906664295661982022","","coppamagz","in","","0","0","0","https://x.com/undefined/status/1906664295661982022","1609435858318536704",
"1906654931618275364","Mon Mar 31 11:05:36 +0000 2025","5","@Heraloebss Hati2 di bawah permukaan gunung es akhir2 ini sampai saat ini 22 nya masih panas rawan gesekan dan entah apa yg akan terjadi kedepanya? @ahriesonta @himawansugeha95","1906664166888227071","","Heraloebss","in","","0","0","1","https://x.com/undefined/status/1906664166888227071","1321322588132364289",
"1906663772909125977","Mon Mar 31 11:04:03 +0000 2025","0","mau roll depan gulung karpet koprol naik gunung menuruni lembah dan bukit serta mengarungi lautan dan samudra di dunia ini anjir","1906663776797024621","","tmkfornow","in","","0","0","0","https://x.com/undefined/status/1906663776797024621","1902024516840423424",
"1906663749064200395","Mon Mar 31 11:03:56 +0000 2025","0","bukitnya mirip dengn gambar gunung anak sd dulu https://t.co/4YKGpjhAoo","1906663749064200395","https://pbs.twimg.com/media/GnXUkeEb0AE9yeQ.jpg","","in","","0","0","0","https://x.com/undefined/status/1906663749064200395","1376024874657832961",
"1906663464103526550","Mon Mar 31 11:02:48 +0000 2025","9","mama aku ngizinin ak staycation bahkan sm cowo tapi naik gunung ga diizinin","1906663464103526550","","","in","","0","7","0","https://x.com/undefined/status/1906663464103526550","1596352885318557697",
"1906662760483864582","Mon Mar 31 11:00:00 +0000 2025","16","#FOTO Di bawah Gunung Ikeno Jepang tersembunyi sebuah laboratorium luar biasa yang berisi puluhan ribu ton air murni! Tempat ini bukan sekadar laboratorium biasa melainkan Super-Kamiokande detektor neutrino canggih yang membantu ilmuwan memahami partikel paling misterius di https://t.co/9X3Rax71ZM","1906662760483864582","https://pbs.twimg.com/media/GnXQ2KvacAABo6O.jpg","","in","","3","4","8","https://x.com/undefined/status/1906662760483864582","69183155",
"1906411914500186569","Mon Mar 31 10:59:46 +0000 2025","0","@alterbase_jogja ayo tektok gunung andong nder","1906662702266941509","","alterbase_jogja","tl","","0","0","0","https://x.com/undefined/status/1906662702266941509","1750450032040689664",
"1906662128142131477","Mon Mar 31 10:57:30 +0000 2025","0","Allah.. kangen gunung.. mau muncak..","1906662128142131477","","","in","","0","1","0","https://x.com/undefined/status/1906662128142131477","1801817682762993670",
"1906648533366911198","Mon Mar 31 10:56:42 +0000 2025","0","@peonicys TOWERRRR DAN DTI tapi skrg lg sering main di gunung","1906661928384237892","","peonicys","in","","0","1","0","https://x.com/undefined/status/1906661928384237892","1898706582881591296",
"1906661848751251568","Mon Mar 31 10:56:23 +0000 2025","0","Pagi tadi gunung Merapi dan gunung2 lain keliatan semua langit cerah suasa ini yg selalu buat kangen kampung tuhh https://t.co/ClfnASunxz","1906661848751251568","https://pbs.twimg.com/media/GnXS1nbasAAUkWf.jpg","","in","","0","0","0","https://x.com/undefined/status/1906661848751251568","1249610344764325888",
"1906517823297552647","Mon Mar 31 10:55:52 +0000 2025","0","@napaajah Met lebaraannn iya mirip ya? Itu temennya gunung merapi","1906661717586981196","","napaajah","in","","0","0","0","https://x.com/undefined/status/1906661717586981196","1550623534019293184",
"1906660507714461781","Mon Mar 31 10:55:25 +0000 2025","0","@boprikkk tbtb bgt jadi anam gunung mas","1906661604332384363","","boprikkk","in","","0","2","0","https://x.com/undefined/status/1906661604332384363","1557326632905748481",
"1906245872192721154","Mon Mar 31 10:54:11 +0000 2025","0","@Candj09 @ridwankamil Luarbiasa sungguh berat beban 2 gunung gede yg disandangnya sampai si RK bersimpati utk mnolong meringankan beban itu.","1906661294507495772","","Candj09","in","","0","1","0","https://x.com/undefined/status/1906661294507495772","1644300980241195010",
"1906485110922207354","Mon Mar 31 10:52:13 +0000 2025","0","@tanyakanrl solat ied di kelilingi gunung dan lembah pagi yg cerah dan wooyoung teddy bear yg menemani ku mudik ke Aceh https://t.co/fufPFy1H5R","1906660798799429651","https://pbs.twimg.com/media/GnXR41iaAAAckQG.jpg","tanyakanrl","in","","0","0","0","https://x.com/undefined/status/1906660798799429651","1002307965292929025",
"1906660438278013223","Mon Mar 31 10:50:47 +0000 2025","3","#FOTO Di bawah Gunung Ikeno Jepang tersembunyi Super-Kamiokande detektor neutrino raksasa berisi air ultra-murni! Foto: Super Kamiokande &gt;&gt; https://t.co/5Z1BWdOGdO #detikinet #GunungIkeno #Jepang #SuperKamiokande #Laboratorium https://t.co/mvFi6U6Kq2","1906660438278013223","https://pbs.twimg.com/media/GnXRjlDaIAAce-P.jpg","","in","","0","0","1","https://x.com/undefined/status/1906660438278013223","135815019",
"1906632376672981292","Mon Mar 31 10:46:16 +0000 2025","0","@BukanSherlok naik gunung","1906659303723016548","","BukanSherlok","in","","0","1","0","https://x.com/undefined/status/1906659303723016548","2976798654",
"1906658294967763221","Mon Mar 31 10:42:16 +0000 2025","24","Lah lu buang2 makanan atau kebo ke laut gunung pohon bloon.","1906658294967763221","","","in","","0","0","3","https://x.com/undefined/status/1906658294967763221","1711687564946714624",
"1906658095549341785","Mon Mar 31 10:41:28 +0000 2025","0","gada pap lebaran adanya pap gunung soalnya tadi yg menarik cuman view gunung","1906658095549341785","","","in","","0","2","0","https://x.com/undefined/status/1906658095549341785","1427079802712850432",
"1905271133626114483","Mon Mar 31 10:39:03 +0000 2025","0","@angkatandua2 @UGM_FESS Yap betul soalnya kemarin desanya pas di kaki gunung Ciremai. Sayang kalo ga naik.","1906657485710057585","","angkatandua2","in","","0","1","0","https://x.com/undefined/status/1906657485710057585","1570039787893198849",
"1906585943563255972","Mon Mar 31 10:38:07 +0000 2025","0","@acylalaa kalau deket rumahku ini emg masih banyak banget sawah mana view nya sekelilingnya gunung","1906657250766156101","","Alaicyr1","in","","0","1","0","https://x.com/undefined/status/1906657250766156101","1462254040708829184",
"1906647442927599719","Mon Mar 31 10:32:06 +0000 2025","0","@asabligfr lereng gunung lek","1906655736341655819","","asabligfr","in","","0","1","0","https://x.com/undefined/status/1906655736341655819","1617799007270735873",
"1906655171079500091","Mon Mar 31 10:29:51 +0000 2025","0","Menyumon kambing gunung @kopparslagare_ drpd lu sakit hati ama kpop","1906655171079500091","","","in","","0","2","0","https://x.com/undefined/status/1906655171079500091","1325466794492977154",
"1906654645793227184","Mon Mar 31 10:27:46 +0000 2025","0","merenung seperti gunung mengurai hidup dari langit jejak jejak yang tertinggal menyimpan rahasia hidup *senja kopi dan kantuk menggelayut lembut ","1906654645793227184","","","in","","0","0","0","https://x.com/undefined/status/1906654645793227184","366490008",
"1905993515848581595","Mon Mar 31 10:20:23 +0000 2025","0","@somexthread RK ini mirip kek ex om ku..kek kaleng danish/monde isinya jatum dan benang kasian tanteku jadi kurus kering.","1906652789188473188","","somexthread","in","","0","0","0","https://x.com/undefined/status/1906652789188473188","1735141551393878016",
"1906652158512242818","Mon Mar 31 10:17:53 +0000 2025","2","Taqobbalallahu minna wa minkum mohon maaf lahir batin Happy Ied Al Fitr td pagi Gunung Slamet keliatan dikit #EidMubarak #EidAlFitr https://t.co/Zgfj6ILnX1","1906652158512242818","https://pbs.twimg.com/media/GnXKCG_bsAAbEwq.jpg","","in","","0","0","0","https://x.com/undefined/status/1906652158512242818","47283261",
"1906651984599372123","Mon Mar 31 10:17:11 +0000 2025","0","Inilah Penyebab Munculnya Petir #Vulkanik Saat #Erupsi Gunung Ruang di Sulawesi https://t.co/koWpiGq6V8 #AbuVulkanik #FenomenaAlam #PetirVulkanik","1906651984599372123","","","in","","0","0","0","https://x.com/undefined/status/1906651984599372123","1690793632817958912",
"1906651896422830125","Mon Mar 31 10:16:50 +0000 2025","0","Gas mau horor mau mendaki gunung mau mukbang semua gue hantam. Izin follow duluan ya!","1906651896422830125","","","in","","0","0","0","https://x.com/undefined/status/1906651896422830125","3269916349",
"1906651841913614459","Mon Mar 31 10:16:37 +0000 2025","39","Momen khidmat dan penuh berkah di hari kemenangan Segenap karyawan PT Freeport Indonesia bersama-sama menunaikan Salat Idulfitri di Tembagapura Kuala Kencana dan Gresik. Dari puncak gunung hingga pesisir semangat kebersamaan terasa begitu hangat. Hari kemenangan ini https://t.co/FuxUlvDCXY","1906651841913614459","https://pbs.twimg.com/media/GnXJvQ9bAAAQiEw.jpg","","in","","0","3","16","https://x.com/undefined/status/1906651841913614459","1344019560",
"1906606154664296698","Mon Mar 31 10:10:46 +0000 2025","2","@KediriFess Introvert kok malah ngrame..","1906650369742000157","","KediriFess","in","","0","0","0","https://x.com/undefined/status/1906650369742000157","1735141551393878016",
"1906650018070794378","Mon Mar 31 10:09:22 +0000 2025","2","laki laki tidak bercerita tapi?naik gunung https://t.co/xaIQzUuxCj","1906650018070794378","https://pbs.twimg.com/media/GnXIFklbcAAZGzl.jpg","","in","","0","0","0","https://x.com/undefined/status/1906650018070794378","1477851883217702915",
"1906588391619305648","Mon Mar 31 10:09:13 +0000 2025","0","@aetearnum Ninja hatori gak tuh harus mendaki gunung dulu","1906649980032709111","","aetearnum","in","","0","0","0","https://x.com/undefined/status/1906649980032709111","1143137431694139393",
"1906525623293505678","Mon Mar 31 10:08:17 +0000 2025","0","@tanyarlfes gue cmn panik karna kesiangan solat ied soalnya rmh gue di gunung","1906649742249230639","","tanyarlfes","in","","0","0","0","https://x.com/undefined/status/1906649742249230639","1439165589184933891",
"1906648981289222552","Mon Mar 31 10:05:15 +0000 2025","0","ngakak. sepuhnya udah mulai turun gunung","1906648981289222552","","","in","","0","0","0","https://x.com/undefined/status/1906648981289222552","238908349",
"1906648259105329434","Mon Mar 31 10:04:55 +0000 2025","16","Buku2 ini adalah kebanggaan saya. Mengerjakan buku2 ini bikin hati saya senang bikin saya lupa masalah2 bikin saya berimajinasi sedang kembali ke abad-19. Meskipun sama sekali ga mudah hidup di era ini tapi pikiran kita diajak berkelana melihat gunung hutan dan rawa.","1906648897264509147","","malikarrahiem","in","","0","2","2","https://x.com/undefined/status/1906648897264509147","47891751",
"1906568110955806780","Mon Mar 31 10:04:32 +0000 2025","9","@22Trijp @DianSandiU @robby_karman @jokowi Ya harusnya lebih rinci. Jumlah gunung berikut Nana namanya serta jam dan tanggal naik dan turun gunungnya. Siapa saja yg ikutan serta aneka pohon apa saja yg ditemui saat naik turun gunung. Harus lengkap dan rinci.","1906648801059983438","","22Trijp","in","","0","2","0","https://x.com/undefined/status/1906648801059983438","857786078",
"1906362867265552470","Mon Mar 31 10:04:08 +0000 2025","0","@KukuLumping @LuminaMind Foto dari tahun 1970-an menunjukkan pantai ramai di Rio de Janeiro Brasil kemungkinan Copacabana atau Ipanema. Banyak orang berjemur dan bersosialisasi dalam pakaian renang dengan latar Gunung Sugarloaf dan gedung-gedung tinggi. Teksnya berbunyi Ini penampilan pengunjung","1906648699968577921","","KukuLumping","in","","0","0","0","https://x.com/undefined/status/1906648699968577921","1720665183188922368",
"1906648003404013817","Mon Mar 31 10:03:35 +0000 2025","0","@suk4alter mau jawab tapi bukan mutual pantai gunung payung","1906648561602736332","","suk4alter","in","","0","0","0","https://x.com/undefined/status/1906648561602736332","1895368091728781313",
"1906261436814238149","Mon Mar 31 09:58:39 +0000 2025","0","@olleandollin @dewapuci @shimafanissa Di keluargaku kalo mudik juga ke Gunung Kidul tapi perbatasan Klaten jadi lebih nyaman pake kereta turun di Klaten soalnya kalo di Yogya malah jauh bgt","1906647318310289897","","olleandollin","in","","0","0","0","https://x.com/undefined/status/1906647318310289897","2501519946",
"1906322708553720164","Mon Mar 31 09:52:46 +0000 2025","0","@vvyonna gk yh sampe skrg keinginan gue buat masuk wirakartika malah masih ada soalnya suka kegiatannya yg kaya latihan panjat tebing turun tebing menembak survival belajar tntg gunung keliatan ekstrem tp justru itu yg bikin seru","1906645837255692445","","vvyonna","in","","0","1","0","https://x.com/undefined/status/1906645837255692445","1746051137600700416",
"1906625795617128511","Mon Mar 31 09:52:00 +0000 2025","0","@yunjingarut ketua turun gunung ","1906645646905577704","","yunjingarut","in","","0","1","0","https://x.com/undefined/status/1906645646905577704","1761184002168541184",
"1906481487337369948","Mon Mar 31 09:51:36 +0000 2025","1","@TriUtomoNurHid1 @unmagnetism cari di maps basecamp pendakian gunung sumbing via garung","1906645544501719083","","TriUtomoNurHid1","in","","0","0","0","https://x.com/undefined/status/1906645544501719083","414592115",
"1906612926485508365","Mon Mar 31 09:11:57 +0000 2025","0","@jenaishante Bengawan Solo riwayatmu kini Sedari dulu jd perhatian insani Musim kemarau tak seberapa airmu Di musim hujan air meluap sampai jauh Mata airmu dari solo Terkurung gunung seribu Airnya mengalir sampai jauh akhirnya ke laut Itu perahu riwayatnya dulu","1906635566785118249","","jenaishante","in","","0","0","0","https://x.com/undefined/status/1906635566785118249","1389832884802838528",
"1906333797294952606","Mon Mar 31 09:10:40 +0000 2025","0","@Yusuf_Forester Lu kan di Gunung Palung wkwkwkwk","1906635244163240137","","Yusuf_Forester","in","","0","0","0","https://x.com/undefined/status/1906635244163240137","300759212",
"1906634936750412203","Mon Mar 31 09:09:27 +0000 2025","1","H1 gunung gunung https://t.co/LW5EtSjdTp","1906634936750412203","https://pbs.twimg.com/media/GnW6XGBaQAAvzVy.jpg","","in","","0","1","0","https://x.com/undefined/status/1906634936750412203","2916819475",
"1906552810537422976","Mon Mar 31 09:09:17 +0000 2025","0","@JanissaryD_Last @Gunung_Agoeng @fadlizon @Fahrihamzah @gibran_tweet @prabowo @Gerindra Langsung.... https://t.co/vgBzVq47Re","1906634896724136097","https://pbs.twimg.com/media/GnW6VYYaAAAPkXj.jpg","JanissaryD_Last","in","","0","0","0","https://x.com/undefined/status/1906634896724136097","258114055",
"1906634192051728682","Mon Mar 31 09:06:29 +0000 2025","0","ㅤㅤㅤㅤ Kgn minum marjan di gunung ㅤㅤㅤㅤㅤㅤㅤㅤ https://t.co/Ftltv4weEW","1906634192051728682","https://pbs.twimg.com/media/GnW5rEMbkAA2gv7.jpg","","in","","0","0","0","https://x.com/undefined/status/1906634192051728682","1837733419515850752",
"1906604118359282122","Mon Mar 31 09:06:15 +0000 2025","0","@rionvhk KAK ION???? Ih cantik banget Jangan tangan shaming ke dirimu sendiri kak dibalik tangan itu ada kekuatan yang bisa membelah gunung dan lautan (hati kami) kak","1906634134166077737","","rionvhk","in","","0","0","0","https://x.com/undefined/status/1906634134166077737","1876294338977882112",
"1906633887394234380","Mon Mar 31 09:05:17 +0000 2025","0","lanjut rumah sodara yang DI ATAS GUNUNG DIKASIH MAKAN DAGING LAGI. lalu lanjut makin ke atas DIKASIH DAGING AYAM selanjutnya TURUN KE BAWAH GW TEPAR. PULANG NAIK KE ATAS LAGI gw MUNTAH KUAH RAWON. BAPAK GW BAWA MOBIL GK BENER DH TAU BELOKAN GUNUNG JINGG","1906633891261403260","","kenapajadipunk","in","","0","0","0","https://x.com/undefined/status/1906633891261403260","1168014629458464769",
"1906633773468598452","Mon Mar 31 09:04:49 +0000 2025","1","Semoga di tahun2 yang akan berjalan ini jihoon selalu bahagia bersama member seperti mendaki gunung ada saatnya kalian semua akan berada di puncak bagaimanapun rintanganya Sayang banget sama jihoon dan TWS","1906633773468598452","","","in","","0","0","0","https://x.com/undefined/status/1906633773468598452","1313438598616608768",
"1906633524570153405","Mon Mar 31 09:03:50 +0000 2025","0","Seperti ular bumi ad ritme nglungsungi ngontruksi dirinya kembali.Dgn moda gempa bumi tsunami kebakaran hutan gunung meletus perang nuklir dll . Kulit lama bumi ganti kulit baru. Nah nglungsungi ini sapu abis infratruktur agama apapun gedung korporat negara griya warga. https://t.co/XR2NbBiGk2","1906633524570153405","https://pbs.twimg.com/media/GnW5FWNasAA8RSH.jpg","","in","","0","0","0","https://x.com/undefined/status/1906633524570153405","1850449160635650048",
"1906577205003763974","Mon Mar 31 09:02:25 +0000 2025","0","@forserest akuuu juga kurang sukaa lebih suka ke gunung","1906633169715257446","","forserest","in","","0","1","0","https://x.com/undefined/status/1906633169715257446","1876262833928986624",
"1906587322218590661","Mon Mar 31 09:02:08 +0000 2025","4","@DhesunflowerDK Perjalanan masa trainee jihoon emang panjang penuh dengan naik turun mendapkan grup debut tws anugra buat jihoon bagaikan suda mencapai gunung Everest (tujuan debut) jihoon suda menemukan tempat yang tepat. Jihoon semoga kebahagian selalu ada pada kamu","1906633095807119561","","Dhesunflower","in","","0","1","0","https://x.com/undefined/status/1906633095807119561","1313438598616608768",
"1906552810537422976","Mon Mar 31 09:01:46 +0000 2025","0","@Gunung_Agoeng @fadlizon @Fahrihamzah @gibran_tweet @prabowo @Gerindra Yang setuju ngaceung ‍️","1906633002601386159","","Gunung_Agoeng","in","","0","1","0","https://x.com/undefined/status/1906633002601386159","1016416136152268800",
"1906632955721838755","Mon Mar 31 09:01:34 +0000 2025","0","IKAN MAS DI KOLAM BINGUNG AYAM DI KANDANG BINGUNG SAPI DI GUNUNG JUGA BINGUNG INIMAH","1906632955721838755","","","in","","0","1","0","https://x.com/undefined/status/1906632955721838755","1382013119124234242",
"1906632773777162429","Mon Mar 31 09:00:51 +0000 2025","0","Ngerasain sendiri barusan dijalanan Sumedang ke atas gunung sepi ditempel melulu ama plat A dalam hati gw ngapa sih nih orang krn males ditempel akhirnya ya gw kasih lewat tapi ga lewat alias ga ahli nyelip. Masa gw harus bener minggir dulu baru lewat. Payah ","1906632773777162429","","","in","","0","0","0","https://x.com/undefined/status/1906632773777162429","139681306",
"1906632092840030445","Mon Mar 31 08:58:09 +0000 2025","0","kirain di gunung gede pangrango","1906632092840030445","","","in","","0","0","0","https://x.com/undefined/status/1906632092840030445","1114528557735133185",
"1906630975729045905","Mon Mar 31 08:53:42 +0000 2025","0","Tapi naik gunung","1906630975729045905","","","in","","0","0","0","https://x.com/undefined/status/1906630975729045905","919942917451530240",
"1906630734665703531","Mon Mar 31 08:52:45 +0000 2025","0","Kumpul keluarga bener2 ajang lemes cu bisa2 nya di laporin sering lari di gunung trus tadi dimarahin dibilang sayang nyawa kan itu curam kalau jatuh ke jurang gimana . Nah itu jatuh nggak nya ke jurang tergantung doa umi kuat atau nggak mi #TolakRUUPolri","1906630734665703531","","","in","","0","0","0","https://x.com/undefined/status/1906630734665703531","1197825804882731008",
"1906568110955806780","Mon Mar 31 08:47:21 +0000 2025","66","@DianSandiU @jokowi efek naik gunung mata minus jadi normal kuping jomplang jadi ramping .. @erickthohir masih ada lowongan Dirut BUMN ga ? nih ada yg nyari","1906629375484981544","","DianSandiU","in","","0","0","3","https://x.com/undefined/status/1906629375484981544","886195730829893632",
"1906628850047664476","Mon Mar 31 08:45:15 +0000 2025","0","Pulang jam segini cerah liat gunung salak jelass","1906628850047664476","","","in","","0","0","0","https://x.com/undefined/status/1906628850047664476","1283601783219052544",
"1906090883516375169","Mon Mar 31 08:43:59 +0000 2025","4","@bumnbersatu @OposisiCerdas @jokowi Omongan mu di pertanggung jawabkan sampai akhirat 1 juta persen masih kalah sama Pak Ramon yg 1 milyar persen Sekalian aja bilang dulu ada Mbah Marijan penjaga gunung merapi","1906628530810839487","","bumnbersatu","in","","0","0","0","https://x.com/undefined/status/1906628530810839487","901411436",
"1906628111665623066","Mon Mar 31 08:42:19 +0000 2025","0","seventeen nih satu grup atletis semua yg tbtb naik gunung lah trs ada yg ski ","1906628111665623066","","","in","","0","0","0","https://x.com/undefined/status/1906628111665623066","1821926562247360512",
"1906568110955806780","Mon Mar 31 08:42:19 +0000 2025","2","@DianSandiU @jokowi Percuma bikin utas setinggi gunung Kerinci tapi banyak sekali kejanggalan nya...","1906628110097027072","","DianSandiU","in","","0","0","1","https://x.com/undefined/status/1906628110097027072","4214662275",
"1906327158165029129","Mon Mar 31 08:39:59 +0000 2025","0","@Shaa_Anjy naik naik ke puncak gunung.. #CabutUUTNI #TolakRUUPolri","1906627523045376206","","Shaa_Anjy","in","","0","0","0","https://x.com/undefined/status/1906627523045376206","1142273499731386369",
"1906627157096583672","Mon Mar 31 08:38:32 +0000 2025","0","gatau ya emang sengefek itu kalo lagi nerima tamu obrolannya sefrekuensi apa ga dari tadi silaturahmi ke keluarga yang bahkan nama sama mukanya aja gatau salim aja bikin batere sosial cepet abis pas ada yang ngajak ngobrol soal gunung langsung full lagi cuk","1906627157096583672","","","in","","0","0","0","https://x.com/undefined/status/1906627157096583672","1272494916229160960",
"1906321381983494604","Mon Mar 31 08:37:19 +0000 2025","0","@ccloudstar Di gunung mana itu?","1906626850723381250","","ccloudstar","in","","0","1","0","https://x.com/undefined/status/1906626850723381250","1082099831504424960",
"1906621624981582234","Mon Mar 31 08:31:16 +0000 2025","0","@Ryuumeiart mendaki gunung lewati lembahhh~ teruskan","1906625327323074655","","Ryuumeiart","in","","0","1","0","https://x.com/undefined/status/1906625327323074655","1347874684277166080",
"1906625005225713739","Mon Mar 31 08:29:59 +0000 2025","1","9 tahun sempat menjadi penikmat alam yang sering menghabiskan waktu main ke gunung (dulu) membaca ini sedikit tercengang Untungnya properti ku ke gunung tidak memakai brand kalo pakai mungkin sekarang ini akan merasa ikut berdosa setelah membaca ini.","1906625005225713739","","","in","","0","0","1","https://x.com/undefined/status/1906625005225713739","1681594912075292673",
"1906400108301943025","Mon Mar 31 08:29:44 +0000 2025","0","27. suka naik gunung","1906624942843871496","","gurlcinnamonn","in","","0","1","0","https://x.com/undefined/status/1906624942843871496","1784841239701209088",
"1906623960592293946","Mon Mar 31 08:25:50 +0000 2025","1","Jakarta minim polusi pas hujan besar pun gunung keliatan https://t.co/pTq2uEEWQI","1906623960592293946","https://pbs.twimg.com/media/GnWwY0LaYAAYN2X.jpg","","in","","0","1","0","https://x.com/undefined/status/1906623960592293946","59462324",
"1906588008289345803","Mon Mar 31 08:24:32 +0000 2025","0","@pinoy1919 wah padet bgt gunung hutan semoga lancar ya tripnya","1906623634816504233","","pinoy1919","in","","0","1","0","https://x.com/undefined/status/1906623634816504233","1236218722471178240",
"1906622760081936672","Mon Mar 31 08:21:03 +0000 2025","9","Jepun keluarkan amaran gunung berapi di Kyushu Tiada arahan pemindahan dikeluarkan bagi penduduk yang tinggal berhampiran Gunung Berapi Shinmoedake. #SinarHarian #gunungberapi https://t.co/byNV3oriQZ","1906622760081936672","","","in","","0","0","3","https://x.com/undefined/status/1906622760081936672","331383958",
"1905095210620813586","Mon Mar 31 08:19:25 +0000 2025","0","@Putrichandra363 Ayu gunung kembarnya gede bgt","1906622348444463443","","ginaaputri14_","in","","0","0","0","https://x.com/undefined/status/1906622348444463443","1792614916941295627",
"1906242659913453778","Mon Mar 31 08:18:19 +0000 2025","0","@KangScroll Iyaaakkk Kan seGEDE Gunung.. ","1906622071293219031","","KangScroll","in","","0","0","0","https://x.com/undefined/status/1906622071293219031","1118723550649544704",
"1906560463456100595","Mon Mar 31 08:13:01 +0000 2025","0","@Cakebukankue Iya hehe.. harusnya pake emping biar makin mantul. Tapi mager jalan ke toko indo hujan soalnya tadi keluar beli bihun. Tomat sama kol doang. Ga susah tapi mahal. Tapi bos dulu tinggal di gunung banyak rempah kaya sereh. Daun jeruk. Daun pandan. Bos aku ada nanem.","1906620737823396087","","Cakebukankue","in","","0","0","0","https://x.com/undefined/status/1906620737823396087","1389493440",
"1906620516527649172","Mon Mar 31 08:12:09 +0000 2025","0","ke Malang naik turun gunung ke Balikpapan jalannya juga naik turun gunung ‍️","1906620516527649172","","","in","","0","0","0","https://x.com/undefined/status/1906620516527649172","1163690328223711234",
"1906620133201609190","Mon Mar 31 08:10:37 +0000 2025","0","Ya Allah biasanya aku ke kanan utk ke cipanas dan menikmati dodol sambil melihat gunung guntur yg isunya mau meletus lagi","1906620133201609190","","","in","","0","1","0","https://x.com/undefined/status/1906620133201609190","354832886",
"1906619681315971301","Mon Mar 31 08:08:49 +0000 2025","3","Gunung Lewotobi Laki-laki kembali meletus pada Senin (31/3/2025) pukul 09.32 Wita. Letusan ini berdurasi lebih kurang 2 menit 5 detik dengan amplitudo maksimum 4 4 mm. ~LL #GunungLewotobiLakilaki #GunungMeletus https://t.co/0XWpLw0tBk","1906619681315971301","","","in","","1","0","4","https://x.com/undefined/status/1906619681315971301","23343960",
"1906619126325391870","Mon Mar 31 08:06:37 +0000 2025","0","om gua setiap ada kesempatan pasti promosi gunung","1906619126325391870","","","in","","0","1","0","https://x.com/undefined/status/1906619126325391870","1807749086394863616",
"1906613984608035122","Mon Mar 31 08:04:02 +0000 2025","0","ya gimana la namanya keluarga besar ku org batak toba yg dari kampung emg suaranya besar2 semua karna tinggal deket gunung.","1906618475797516667","","piponyoo","in","","0","1","0","https://x.com/undefined/status/1906618475797516667","444717271",
"1906617995260301638","Mon Mar 31 08:02:07 +0000 2025","16","Info gunung yg ga rame setelah lebaran?","1906617995260301638","","","in","","0","4","0","https://x.com/undefined/status/1906617995260301638","1175994885184217088",
"1903854346804302311","Mon Mar 31 08:01:46 +0000 2025","0","@hanyucin @hi kenapa jadi dinosaurus?? kenapa gak jadi gunung merapi aja? oh jadi jalur ordalnya dijajanin boleh deh kalo gitu mau apa?","1906617906080993653","","hanyucin","in","","0","0","0","https://x.com/undefined/status/1906617906080993653","1534935601492811779",
"1906617863567519976","Mon Mar 31 08:01:36 +0000 2025","0",": aku pulang dulu ya tante anis aku mau ke rumah kaka aca : YAAAAAH KENAPA PULANG aku sendirian dong : nanti kita main lagi oke? : oh oke hari rabu kita ketemu yaa. nanti aku ke gunung sindur : hmmm boleh kalau aku ga sekolah ya toddler tersibuk super sibuk ","1906617863567519976","","","in","","0","0","0","https://x.com/undefined/status/1906617863567519976","1129579898064891904",
"1906617541637611970","Mon Mar 31 08:00:19 +0000 2025","0","Kalo ada kesempatan liburan kamu lebih milih pantai atau gunung?","1906617541637611970","","","in","","0","0","0","https://x.com/undefined/status/1906617541637611970","1848907738992283650",
"1906504274181534073","Mon Mar 31 07:59:13 +0000 2025","1","@nyangminn @04riell Pepohonan (daun daun) semuanya bertakbir jadi gak ada yang goyang. Diem semua. Sebenarnya gak cuma tumbuhan tapi semua makhluk Allah sampai gunung gunung juga","1906617262922162247","","nyangminn","in","","0","1","0","https://x.com/undefined/status/1906617262922162247","1649602349386825729",
"1906617214469333147","Mon Mar 31 07:59:01 +0000 2025","0","darderdor banget iri segede gunung https://t.co/RrbqfbSqHm","1906617214469333147","https://pbs.twimg.com/tweet_video_thumb/GnWqPyObkAAK7_W.jpg","","in","","0","0","0","https://x.com/undefined/status/1906617214469333147","1395253667855355904",
"1906617170228076813","Mon Mar 31 07:58:51 +0000 2025","1","14.55 #InfoSonora Cuaca lereng gunung Sindoro hujan ringan. @Sumadi081 https://t.co/MuFGJuNpLd","1906617170228076813","https://pbs.twimg.com/ext_tw_video_thumb/1906617148128321536/pu/img/Mo6PgGZE_prEhlyn.jpg","","in","","0","0","0","https://x.com/undefined/status/1906617170228076813","180696019",
"1906616777532203335","Mon Mar 31 07:57:17 +0000 2025","0","Telah menamatkan gunung Everest https://t.co/M6FW5t6yby","1906616777532203335","https://pbs.twimg.com/media/GnWp2jqaYAAnu95.jpg","","in","","0","2","0","https://x.com/undefined/status/1906616777532203335","1518367699361202176",
"1906613320758727044","Mon Mar 31 07:56:58 +0000 2025","0","@JennyFT8 Aku fokus ke gunung kembar km yg gede","1906616697915896227","","JennyFT8","in","","0","0","0","https://x.com/undefined/status/1906616697915896227","1792614916941295627",
"1906614335960686971","Mon Mar 31 07:56:19 +0000 2025","0","@YourSoul303 Gunung kembarnya yahud","1906616533071323243","","YourSoul303","in","","0","0","0","https://x.com/undefined/status/1906616533071323243","1792614916941295627",
"1906614911863488783","Mon Mar 31 07:55:17 +0000 2025","0","@162Opm MHAKAKAKSKSKS ABANG KAYAK GUNUNG","1906616274433515520","","162Opm","in","","0","0","0","https://x.com/undefined/status/1906616274433515520","734274057881849856",
"1906294092134515076","Mon Mar 31 07:53:36 +0000 2025","0","@Serendipityflt_ gas ke gunung","1906615849328468293","","Serendipityflt_","in","","0","0","0","https://x.com/undefined/status/1906615849328468293","1143969435297804288",
"1906349503818736050","Mon Mar 31 07:52:58 +0000 2025","0","@Sentjoko Ternyata modal asbun saja otaknya kosong pelajari dahulu konsep gempa bumi. Ada gempa lokal disebabkan tanah runtuh atw gunung meletus ada gempa regional disebabkan gesekan lempeng bumi biasa disebut gempa tektonik.","1906615690129490185","","Sentjoko","in","","0","0","0","https://x.com/undefined/status/1906615690129490185","742367018045734912",
"1906615329855561762","Mon Mar 31 07:51:32 +0000 2025","2","Tiada arahan pemindahan dikeluarkan bagi penduduk yang tinggal berhampiran Gunung Berapi Shinmoedake yang merupakan sebahagian daripada gugusan Kirishimayama. #AWANInews #AWANI745 https://t.co/YawLxtsuKM","1906615329855561762","","","in","","0","0","1","https://x.com/undefined/status/1906615329855561762","497665754",
"1906615020026528073","Mon Mar 31 07:50:18 +0000 2025","1","setelah berkeliling setor muka &amp; absen isi toples tetangga mendaki gunung lewati lembah dari jam 8-12. aku pulang dan langsung tepar bangun 2 jam kemudian. HEHE selamat lebaran‍️‍️ https://t.co/TNTP9O5QLI","1906615020026528073","https://pbs.twimg.com/media/GnWoObfbkAA0cZO.jpg","","in","","0","1","0","https://x.com/undefined/status/1906615020026528073","2991251897",
"1906613221567631822","Mon Mar 31 07:43:09 +0000 2025","0","Demi menjaga kewarasan dan kebahagiaan otak harus diajak berpikir besok makan enak apa lagi ya besok tek tok ke gunung mana lagi ya kalo libur maen kemana lagi ya diajak mikir yang receh² biar ga mumet","1906613221567631822","","","in","","0","0","0","https://x.com/undefined/status/1906613221567631822","1571806456051302400",
"1906382823931719825","Mon Mar 31 07:41:01 +0000 2025","0","@lowwtus @lilvalak hewan localnya natlan dalem gunung berapinye ‍️","1906612684591870347","","lowwtus","in","","0","0","0","https://x.com/undefined/status/1906612684591870347","1719769283474100224",
"1906577063407935826","Mon Mar 31 07:39:23 +0000 2025","0","@kienkann viral?! makam dengan spot foto sawah dan gunung yg cantik. cocok untuk rumah masa depan.","1906612274128674970","","pakdekann","in","","0","0","0","https://x.com/undefined/status/1906612274128674970","1262346674111799298",
"1906611936285852064","Mon Mar 31 07:38:03 +0000 2025","0","Jepun keluarkan amaran gunung berapi tahap sederhana #MediaPermata #BeritaBrunei #AsiaPasifik #Jepun #keluarkanamaran #gunungberapi #tahapsederhana https://t.co/r1S55DUIlF","1906611936285852064","","","in","","0","0","0","https://x.com/undefined/status/1906611936285852064","1060836139764838401",
"1906503061692174671","Mon Mar 31 07:37:16 +0000 2025","5","@gibran_tweet Dari ke absurdan Video AI ini saya yakin yang Fufufafa tulis tentang Prabowo yang berteriak nama titik soeharto diatas gunung lalu berguling ke bawah adalah mas Gibran sendiri. Notes: ini nge promt AI nya gimana anjir.. saya dan istri saya menaiki unta di Kota Jakarta yang...","1906611738801561613","","gibran_tweet","in","","0","0","1","https://x.com/undefined/status/1906611738801561613","1082221579868590080",
"1905953179868463500","Mon Mar 31 07:35:11 +0000 2025","0","@kleponmaniz disamain kaya bawa tahu di gunung akina","1906611216338051576","","kleponmaniz","in","","0","0","0","https://x.com/undefined/status/1906611216338051576","66934418",
"1906541096781697120","Mon Mar 31 07:34:59 +0000 2025","1","@BudiBukanIntel Bojonegoro itu daerah cekungan. Diapit dieng di selatan dan gunung kapur di utara. Tanpa industri besar panasnya minta ampun kalo sampe jadi pusat industri terbakar semua warga Bojonegoro.","1906611165913842082","","BudiBukanIntel","in","","0","2","0","https://x.com/undefined/status/1906611165913842082","78283446",
"1906366154807079291","Mon Mar 31 07:34:14 +0000 2025","0","@p0congg @poisedon_1991 @erick_rm90 @randomable_ Lu liat ada keanehan segede gunung tapi tetep nyalahin sandi brarti lu gblk ","1906610974901318136","","p0congg","in","","0","0","0","https://x.com/undefined/status/1906610974901318136","2323256935",
"1906610749511717119","Mon Mar 31 07:33:20 +0000 2025","1","Udoh togel Gunung Pondok ni kome.Hodoh Piang! https://t.co/mw9V5fTWJr","1906610749511717119","https://pbs.twimg.com/media/GnWkV8dawAA94CP.jpg","","in","","0","0","0","https://x.com/undefined/status/1906610749511717119","243602810",
"1906591050572956125","Mon Mar 31 07:31:01 +0000 2025","0","@kolakcilembu @convomf YAKAN? pdhal segede gunung","1906610165283193134","","ubibubur","in","","0","0","0","https://x.com/undefined/status/1906610165283193134","1340549992797229056",
"1906610016661958994","Mon Mar 31 07:30:25 +0000 2025","1","Tolong dapat untuk koordinasikan dengan para kepala daerah di daerah sumatera. Yang miliki sejarah ledakan dahsyat Gunung Berapi Toba sehingga terbentuk Danau Toba teramat luas. Agar mitigasi bencana secara awal agar dpt hindari korban banyak berjatuhan.","1906610016661958994","","","in","","0","0","0","https://x.com/undefined/status/1906610016661958994","1348987504985133057",
"1906542082325369339","Mon Mar 31 07:28:39 +0000 2025","0","@flaminghotfab mudik nang gunung ceneng","1906609571113935151","","decoldestfab","in","","0","1","0","https://x.com/undefined/status/1906609571113935151","1071586846784729088",
"1906606698758082903","Mon Mar 31 07:17:14 +0000 2025","0","Gunung bromo gunung Kelud Nyuwun pangapuro s katah lupud https://t.co/InFdn9574e","1906606698758082903","https://pbs.twimg.com/ext_tw_video_thumb/1906601080391368704/pu/img/mA6_mMuYe6p7SlNy.jpg","","in","","0","0","0","https://x.com/undefined/status/1906606698758082903","1126730456244711426",
"1906555144311070997","Mon Mar 31 07:16:48 +0000 2025","1","@Are_nipt Gunung Jerai sekali ","1906606588435345746","","Are_nipt","in","","0","0","0","https://x.com/undefined/status/1906606588435345746","873031455495999491",
"1906606310013222946","Mon Mar 31 07:15:41 +0000 2025","0","serius y kakakku gabilang mau kemana trnyata silaturahmi ke daerah gunung/desa dan yap ak pake heels kakikuuu rip bgt","1906606310013222946","","","in","","0","0","0","https://x.com/undefined/status/1906606310013222946","1686193486436106240",
"1906606167532671463","Mon Mar 31 07:15:08 +0000 2025","0","Selamat Hari Raya Aidilfitri! Pulau Pandan jauh ke tengah Gunung Daik bercabang tiga Aidilfitri menjelang indah Mohon maaf salah dan duka. Kuih tersusun di atas meja Rendang dimasak enak sekali Jalinan ukhuwah erat terjaga Moga bahagia hingga ke mati. https://t.co/garERiEP3Y","1906606167532671463","https://pbs.twimg.com/ext_tw_video_thumb/1906606139279880192/pu/img/Evw5oghN9JU_aLk2.jpg","","in","","0","1","0","https://x.com/undefined/status/1906606167532671463","1648182506951426048",
"1906605943082950803","Mon Mar 31 07:14:14 +0000 2025","0","co pgn solat idul fitri di wonosobo.. vibes gunung nya gacor..","1906605943082950803","","","in","","0","0","0","https://x.com/undefined/status/1906605943082950803","1249034273069223936",
"1906517858248732690","Mon Mar 31 07:14:05 +0000 2025","12","@kindymoh Meski pake bumbu racikan Uda di pasar tetep pukpuk diri sendiri. Berhasil bawa sedikit suasana Lebaran plus menaklukkan gunung setrikaan setelah seminggu jaga bocah opname post-op https://t.co/QdB9hll1lY","1906605907246747656","https://pbs.twimg.com/media/GnWf7ZEbMAA1Wu_.jpg","kindymoh","in","","0","1","1","https://x.com/undefined/status/1906605907246747656","1607864408",
"1906528160092479982","Mon Mar 31 07:11:33 +0000 2025","0","@naskunmbakyani @tanyakanrl Itu gunung sumbing dan sindoro kah?","1906605269347688590","","ramyeontorimiso","in","","0","1","0","https://x.com/undefined/status/1906605269347688590","1168823561865191425",
"1905978736769663238","Mon Mar 31 07:09:45 +0000 2025","0","@Falkenhaynz ke gunung kawi","1906604815494311958","","keharyapatihan","tl","","0","0","0","https://x.com/undefined/status/1906604815494311958","1180586766132072451",
"1906604716907458779","Mon Mar 31 07:09:22 +0000 2025","0","Mudiknya naik gunung https://t.co/blJgRuu42y","1906604716907458779","https://pbs.twimg.com/media/GnWe4pXakAAu5gk.jpg","","in","","0","0","0","https://x.com/undefined/status/1906604716907458779","1271366028933529600",
"1906583558493540542","Mon Mar 31 07:08:38 +0000 2025","1","@BitgetID Pagi tadi matahari bersinar cerah seolah ikut merayakan kemenangan setelah sebulan penuh berpuasa Dengan semangat yang menggebu keluarga besar berkumpul di tengah hamparan sawah hijau dengan Gunung Merapi berdiri gagah. @BitgetID a Thread #LebaranBitget2025 #Bitget #BGB https://t.co/kBTJ4aJSPg","1906604533662573029","https://pbs.twimg.com/media/GnWet-NbMAAa_Rf.jpg","BitgetID","in","","0","1","0","https://x.com/undefined/status/1906604533662573029","1851094287188180993",
"1906604110456996187","Mon Mar 31 07:06:57 +0000 2025","11","Kiri gunung Singgalang Kanan gunung Marapi Di tengah-tengah ngarai Sianok Eh di tengah itu saya #FotoProfilBaru https://t.co/ZWY14DTPDU","1906604110456996187","https://pbs.twimg.com/media/GnWeUY4aYAATyxg.jpg","","in","","0","4","0","https://x.com/undefined/status/1906604110456996187","1352115360762236929",
"1906602714597056586","Mon Mar 31 07:01:24 +0000 2025","0","Badan lu gede banget kocak gunung","1906602714597056586","","","in","","0","0","0","https://x.com/undefined/status/1906602714597056586","880106374620790786",
"1906523345606352951","Mon Mar 31 06:58:13 +0000 2025","0","@undrstnd_ gunung nak qatar opo","1906601912000237677","","undrstnd_","tl","","0","1","0","https://x.com/undefined/status/1906601912000237677","1794284076054274049",
"1906568110955806780","Mon Mar 31 06:57:07 +0000 2025","41","@robby_karman @jokowi Sering beliau ceritakan naik2 Gunung bersama Pak Jokowi tp saya tidak terlalu detail tanyakan; gunung yang mana saja. Diselingi cerita2 lucu masa remaja mereka.","1906601636950425927","","robby_karman","in","","0","15","2","https://x.com/undefined/status/1906601636950425927","169353310",
"1906242659913453778","Mon Mar 31 06:56:25 +0000 2025","0","@KangScroll Gunung nya kudu kembarrrr .. ehh","1906601457618763910","","KangScroll","in","","0","1","0","https://x.com/undefined/status/1906601457618763910","1118723550649544704",
"1906485110922207354","Mon Mar 31 06:55:33 +0000 2025","0","@inicacaayaa @tanyakanrl Dari Depok juga kelihatan itu gunung salak","1906601240198311987","","inicacaayaa","in","","0","0","0","https://x.com/undefined/status/1906601240198311987","95339875",
"1906568110955806780","Mon Mar 31 06:54:24 +0000 2025","50","@DianSandiU @jokowi Pak Andi ikut naik Gunung Kerinci gak mas? https://t.co/cesqVpjMKx","1906600950539980816","https://pbs.twimg.com/media/GnWbddmawAEuri_.jpg","DianSandiU","in","","0","1","0","https://x.com/undefined/status/1906600950539980816","176586074",
"1906564762969973211","Mon Mar 31 06:54:22 +0000 2025","0","@navinuriana dingin kakkk. soalnya di kaki gunung wk mandinya lgsung air mata kaki pegunungan wk OPER SATE KLATAK","1906600943623495878","","navinuriana","in","","0","1","0","https://x.com/undefined/status/1906600943623495878","1351075965057847297",
"1906589871692747019","Mon Mar 31 06:52:46 +0000 2025","0","@dahayukuayu Wah justru di desa itu banyak daerah yang masih dingin. Apalagi tempat nenek gw di Wonosobo kaki gunung dieng airnya aja udah kaya es. Gw kalo mudik kesana pantang mandi air panas harus air es alami dieng.","1906600542505476352","","mawarburgundi","in","","0","1","0","https://x.com/undefined/status/1906600542505476352","229019278",
"1906548616828715041","Mon Mar 31 06:51:24 +0000 2025","0","@Interbed WKWKWJWKWK amby anak gunung kidul bgt gw liat-liat ","1906600196542468531","","Interbed","in","","0","0","0","https://x.com/undefined/status/1906600196542468531","806281367969361920",
"1906598453951529341","Mon Mar 31 06:44:28 +0000 2025","6","Suasana sholat Ied dengan View Gunung Memukau Masjid dengan letak geografis tertinggi di kabupaten Boyolali ini berlatar belakang gunung Merapi membuatnya memiliki view yang indah. Kalian yang penasaran bisa sholat ied kesini ya! subianto.eko @merapi_uncover https://t.co/OrqMKaNGny","1906598453951529341","https://pbs.twimg.com/ext_tw_video_thumb/1906598407407575041/pu/img/cWDtQqb_NPtg9qBG.jpg","","in","","0","0","3","https://x.com/undefined/status/1906598453951529341","1069400748218175488",
"1906598081740902735","Mon Mar 31 06:43:00 +0000 2025","0","sedang mengamati daun dan bener bener cerah banget pagi ini. gunung yg biasanya jarang keliatan ntah gimana ceritanya pagi ini keliatan JELAS BANGET kaya terharu happy ah pokonya rasanya campur aduk banget https://t.co/0obozq2NH1","1906598081740902735","https://pbs.twimg.com/amplify_video_thumb/1906597897975853056/img/RfHcm6wSUZfgrMAR.jpg","","in","","0","0","0","https://x.com/undefined/status/1906598081740902735","1686040470034804736",
"1906597309263282651","Mon Mar 31 06:39:56 +0000 2025","0","Sepertinya kita tidak akan benar - benar bersih sebelum bisa saling meminta maaf dan memaafkan. Gunung kotor karena sampah pendaki. Hati kotor karena iri dan juga dengki. Di hari yang fitri ini izinkan saya memohon maaf atas segala khilaf yang pernah terjadi.","1906597309263282651","","","in","","0","0","0","https://x.com/undefined/status/1906597309263282651","749508242",
"1906595851390058714","Mon Mar 31 06:34:08 +0000 2025","0","cok ini di gunung apa karena lebih deket ke matahari jadi panas amat buset tiada hari tanpa keringetan","1906595851390058714","","","in","","0","0","0","https://x.com/undefined/status/1906595851390058714","1215887198240694272",
"1906595791965507924","Mon Mar 31 06:33:54 +0000 2025","0","Ini di atas gunung Diko! Lewatin Oakreach Woods dulu! Kamu gimana tidurnya? Nyenyak?","1906595791965507924","","","in","","0","0","0","https://x.com/undefined/status/1906595791965507924","3156990336",
"1906594826038259997","Mon Mar 31 06:30:04 +0000 2025","0"," lha kapan mas? tiyange tesih ten gunung ","1906594826038259997","","","in","","0","0","0","https://x.com/undefined/status/1906594826038259997","608840865",
"1906277109833863596","Mon Mar 31 06:28:45 +0000 2025","0","@BayuAngora nah ini.. yg suka naik gunung blum tentu pecinta alam ","1906594498177794517","","BayuAngora","in","","0","0","0","https://x.com/undefined/status/1906594498177794517","64610946",
"1906187031241535606","Mon Mar 31 06:27:09 +0000 2025","10","@rajapardom @UstadzWaloni Ini pas 98 hidupnya di gunung apa gimana? Apa memang listrik belum masuk daerah anda sampai anda bilang 98 tetap aman?","1906594093079351730","","rajapardom","in","","0","1","0","https://x.com/undefined/status/1906594093079351730","844070465253531648",
"1906566697395613855","Mon Mar 31 06:26:42 +0000 2025","0","@AndyPantjoro @AdelRevaaa Halo om ijin perkenalan Tapi aku ga biasa naik gunung Kalo badminton saya bisa om Lumayan banyak track record ","1906593979619258557","","AndyPantjoro","in","","0","0","0","https://x.com/undefined/status/1906593979619258557","458211491",
"1906517819061403704","Mon Mar 31 06:22:17 +0000 2025","0","@vendtea Gunung merapi","1906592867684073721","","vendtea","in","","0","1","0","https://x.com/undefined/status/1906592867684073721","1010148433368215556",
"1906592648082968582","Mon Mar 31 06:21:24 +0000 2025","0","CUCIAN MEMBLUDAK ALLAHUMMAAA UDAH AH GAUSAH KEBANYAKAN NANGIS PERSIAPIN BADAN BUAT NYUCI PIRING SETINGGI GUNUNG MERAPII‍","1906592648082968582","","","in","","0","0","0","https://x.com/undefined/status/1906592648082968582","1846536489351651328",
"1905259349037244924","Mon Mar 31 06:21:11 +0000 2025","0","@vivi_maulidah15 gerbang pendakian gunung renjani","1906592593275940941","","vivi_maulidah15","in","","0","0","0","https://x.com/undefined/status/1906592593275940941","1870684535068962816",
"1906578929651274156","Mon Mar 31 06:18:47 +0000 2025","1","@KlavuGheni2 @aewin86 Gunung Singa. Skrg dah jd hotel santika","1906591988163764248","","KlavuGheni2","in","","0","0","0","https://x.com/undefined/status/1906591988163764248","2370540182",
"1906588391619305648","Mon Mar 31 06:17:36 +0000 2025","0","@tartoaglia dibelakang gunung banh","1906591690561077441","","tartoaglia","in","","0","1","0","https://x.com/undefined/status/1906591690561077441","1566102587849723904",
"1906581766019658119","Mon Mar 31 05:41:56 +0000 2025","0","@naegongju Kemungkinan Indonesia terselamatkan ada dengan ekonomi stabil (proyeksi tumbuh 5% di 2025) dan respons bencana yang efektif meski tantangan politik protes dan bencana alam seperti erupsi Gunung Lewotobi Maret 2025 rumitkan situasi. Isu HAM di Papua dan kontroversi dinasti","1906582715647828387","","naegongju","in","","1","0","0","https://x.com/undefined/status/1906582715647828387","1720665183188922368",
"1906230088057958598","Mon Mar 31 05:40:30 +0000 2025","0","@_xxoppiyya Kalau kerumah nenek waktu lebaran pasti selalu disediain kelapa muda sama apapun lauknya sambelnya pasti sambel dadakan dari cabe sama garam aja. Soalnya rumah nenek ada di gunung","1906582353541230874","","tiavndlv","in","","0","0","0","https://x.com/undefined/status/1906582353541230874","1659464811883921408",
"1906581948832862569","Mon Mar 31 05:38:53 +0000 2025","0","ihh ak pgn naik gunung skrggggggg jg","1906581948832862569","","","in","","0","0","0","https://x.com/undefined/status/1906581948832862569","1642291201260011520",
"1906198447683940860","Mon Mar 31 05:36:45 +0000 2025","0","@KangManto123 bukan naik trenggiling tapi marmut gunung","1906581412263981187","","KangManto123","in","","0","0","0","https://x.com/undefined/status/1906581412263981187","128866151",
"1906544536358371610","Mon Mar 31 05:33:38 +0000 2025","0","@mandaaaass gunung kidul","1906580624858812739","","mandaaaass","in","","0","1","0","https://x.com/undefined/status/1906580624858812739","1471110202900430848",
"1906187031241535606","Mon Mar 31 05:33:18 +0000 2025","2","@UstadzWaloni Saran buat A B &amp; C Mending wait n see.. tanpa belio belio ini turun ke jln kritik kbjkn atau memberikan support kpd mahasiswa &amp; koalisi sipil yg sdg bergerak pun Niscaya gunung es hutang itu akn longsor dg sendirinya &amp; menimbun mrk2 yg membuat nya.","1906580540788220331","","UstadzWaloni","in","","0","0","0","https://x.com/undefined/status/1906580540788220331","1685166495729651715",
"1906579789873594394","Mon Mar 31 05:30:19 +0000 2025","0","ak bru tau klo mbah lanang papa aku dri jateng (gunung kidul)","1906579789873594394","","","in","","1","1","0","https://x.com/undefined/status/1906579789873594394","1519240930984820736",
"1906578638079959244","Mon Mar 31 05:26:59 +0000 2025","0","Di atas deket gunung ternyata ada puzzle yang belum kelar good thing I noticed it ","1906578951037726957","","aetlantean","in","","0","0","0","https://x.com/undefined/status/1906578951037726957","1407201683885625345",
"1906577186083287465","Mon Mar 31 05:26:48 +0000 2025","1","@yudiharahap46 Teringat waktu kondangan boss pabrik batik mantu di desa Masaran dekat gunung kemukus","1906578906096017841","","yudiharahap46","in","","0","0","1","https://x.com/undefined/status/1906578906096017841","709721068856954880",
"1906578613048398034","Mon Mar 31 05:25:38 +0000 2025","0","mau lihat updetan orang2 tentang lebaran tapi jaringan tidak bagus apalagi besok sudah naik gunung makin makin gaada jaringan wkwk","1906578613048398034","","","in","","0","0","0","https://x.com/undefined/status/1906578613048398034","1446000061410779136",
"1906577953821184486","Mon Mar 31 05:25:08 +0000 2025","0","@kaelakovalskia Asik tamasya ke gunung bersama keluarga","1906578487248338947","","kaelakovalskia","in","","0","0","0","https://x.com/undefined/status/1906578487248338947","1559939959",
"1906349198683078759","Mon Mar 31 05:23:34 +0000 2025","0","@hongshicats Ayo by mabarr yg mendaki gunung lewati lembah ntuu","1906578092535193918","","hongshicats","in","","0","1","0","https://x.com/undefined/status/1906578092535193918","1886337186037194752",
"1906557984177860945","Mon Mar 31 05:22:49 +0000 2025","4","@PROP0SES Kasian si ak lagi di gunung https://t.co/J6xRt8aetW","1906577903208534069","https://pbs.twimg.com/media/GnWGe_DbcAA-2qH.jpg","PROP0SES","in","","0","0","1","https://x.com/undefined/status/1906577903208534069","1861780459740618752",
"1906577608256729512","Mon Mar 31 05:21:38 +0000 2025","0","Solat id di mana kamu aku di sini dengan view gunung sumbing dan sindoro https://t.co/l7GllWxUkd","1906577608256729512","https://pbs.twimg.com/ext_tw_video_thumb/1906575730332581888/pu/img/L2VWtjpkm8HI0QEc.jpg","","in","","0","0","0","https://x.com/undefined/status/1906577608256729512","1497891575224934403",
"1906577063407935826","Mon Mar 31 05:19:29 +0000 2025","4","guys aku ada rekomendasi pemakaman dengan view gunung dan sawah nih ️ https://t.co/ZqPVII6RUF","1906577063407935826","https://pbs.twimg.com/media/GnWFuvLbgAAuC5Z.jpg","","in","","0","3","0","https://x.com/undefined/status/1906577063407935826","1262346674111799298",
"1906430176189469065","Mon Mar 31 05:17:39 +0000 2025","0","@beenzene Gunung","1906576602710106250","","beenzene","in","","0","1","0","https://x.com/undefined/status/1906576602710106250","1409520012184850432",
"1906576062387237061","Mon Mar 31 05:15:30 +0000 2025","1","tag temen lu yang orang Kotaagung - Tanggamus - Lampung... #pulangkampung #kampunghalaman #laut #gunung https://t.co/wenp3kWkFk","1906576062387237061","https://pbs.twimg.com/ext_tw_video_thumb/1906575975296778240/pu/img/jZllu90buPjpVYDw.jpg","","in","","0","0","0","https://x.com/undefined/status/1906576062387237061","1412810680474894340",
"1906575699009515706","Mon Mar 31 05:14:03 +0000 2025","0","paitan wifi nk ng gunung ki haha","1906575699009515706","","","tl","","0","0","0","https://x.com/undefined/status/1906575699009515706","3593219726",
"1906575609574363494","Mon Mar 31 05:13:42 +0000 2025","0","percayalah gais awalnya gue juga ga nyangka bisa temenan sama si botak ini padahal kita ketemu sekali doang waktu trip ngobrol pun cuma dia nawarin milo bjir tapi siapa sangka si botak ini jadi temen naik gunung gue https://t.co/VjpBNxIhgV","1906575609574363494","https://pbs.twimg.com/media/GnWEYOGaYAA2DkT.jpg","","in","","1","0","0","https://x.com/undefined/status/1906575609574363494","1512695922920079362",
"1906349722446819374","Mon Mar 31 05:09:12 +0000 2025","0","@SoftBoy31 ini beneran naik gunung kah?","1906574479104593981","","SoftBoy31","in","","0","1","0","https://x.com/undefined/status/1906574479104593981","1644234441034956800",
"1906277109833863596","Mon Mar 31 05:08:58 +0000 2025","0","@inidanu @BayuAngora @0tk0il Setuju apalagi ke gunung ya kan?","1906574418794418670","","inidanu","in","","0","0","0","https://x.com/undefined/status/1906574418794418670","61794591",
"1906292463440126288","Mon Mar 31 05:08:40 +0000 2025","0","@onixiesz Bukan gunung sih kaya waduk/bendungan gitu Mas","1906574344165494944","","onixiesz","in","","0","0","0","https://x.com/undefined/status/1906574344165494944","1622917969985810432",
"1906573881856729544","Mon Mar 31 05:06:50 +0000 2025","0","Ada hasrat ingin muncak lagi gunung gede lagi kali yak.","1906573881856729544","","","in","","0","1","0","https://x.com/undefined/status/1906573881856729544","1514696353590702080",
"1906521898873409741","Mon Mar 31 05:04:49 +0000 2025","0","@hanisakel Iyaa kak kyo.. solat eid dengan pemandangan gunung","1906573375981437269","","hanisakel","in","","0","0","0","https://x.com/undefined/status/1906573375981437269","1612306032054898688",
"1906521898873409741","Mon Mar 31 05:04:18 +0000 2025","0","@knedlynn Thanks Jel depan rumah view gunung belakang rumah sawah sama barisan bukit. Hehehe","1906573244360175705","","nakerukeshina","in","","0","0","0","https://x.com/undefined/status/1906573244360175705","1612306032054898688",
"1906552810537422976","Mon Mar 31 05:02:47 +0000 2025","1","@JanissaryD_Last @fadlizon @Fahrihamzah @gibran_tweet @prabowo @Gerindra Bagusnya digorok tuh binatang yg suka mencaci pemimpinnya buat jamuan.","1906572861743231125","","JanissaryD_Last","in","","0","1","1","https://x.com/undefined/status/1906572861743231125","1701624074877984768",
"1906292463440126288","Mon Mar 31 05:02:22 +0000 2025","1","@ayamgeprek2023 keren banget itu tempatnya kyk gunung ya?","1906572755648327978","","ayamgeprek2023","in","","0","1","0","https://x.com/undefined/status/1906572755648327978","1509519217",
"1906194138074390985","Mon Mar 31 05:01:03 +0000 2025","0","@karimnas_ Ah sok tahu loe wkwk ini contoh dr banyak aksi kemanusiaan fpi masa isinya preman.. https://t.co/S7EUT9ipBF","1906572427980927023","","karimnas_","in","","0","0","0","https://x.com/undefined/status/1906572427980927023","1041631592593018880",
"1906549341466021989","Mon Mar 31 04:59:22 +0000 2025","4","@blank0429 Diblok ya baang??","1906572003727077486","","blank0429","in","","0","1","0","https://x.com/undefined/status/1906572003727077486","1701624074877984768",
"1906558694546100697","Mon Mar 31 04:57:57 +0000 2025","0","@DokterTifa Kok ada 'perempuan' ikut shof laki2 budok??","1906571645197947312","","DokterTifa","in","","0","0","0","https://x.com/undefined/status/1906571645197947312","1701624074877984768",
"1906571320776946093","Mon Mar 31 04:56:39 +0000 2025","0","Di gunung susah sinyal ya https://t.co/Vz2dpsC3VM","1906571320776946093","https://pbs.twimg.com/media/GnWAf5dbAAAW1v8.jpg","","in","","0","1","0","https://x.com/undefined/status/1906571320776946093","1146631302038245376",
"1906569655788994848","Mon Mar 31 04:55:14 +0000 2025","1","@convomf Naik gunung tidak memenuhi syarat tayamum. Aku kmren sholat lihurmatil wakti (sholat untuk menghormati waktu) ky sholat biasa tp ga wudhu (karna air terbatas) nanti di qadha pas udh turun.","1906570960872022269","","convomf","in","","0","0","0","https://x.com/undefined/status/1906570960872022269","1608628508527579138",
"1906570258955239427","Mon Mar 31 04:52:26 +0000 2025","0","GUNUNG KELIATAN JELAS DAN CUACA CERAH tapi adem.. HOW?","1906570258955239427","","","in","","0","0","0","https://x.com/undefined/status/1906570258955239427","1426029002636947456",
"1906556672576991689","Mon Mar 31 04:49:31 +0000 2025","0","@txtdaribandung Ada Gunung Giri deket rumah. Tp mahils ih ","1906569525337706647","","txtdaribandung","in","","0","0","0","https://x.com/undefined/status/1906569525337706647","875395130",
"1906568110955806780","Mon Mar 31 04:49:24 +0000 2025","256","@DokterTifa @jokowi Beliau dan Pak @jokowi bahkan sering naik gunung bersama. Tahun beliau wisuda sama dengan Pak @jokowi tahun 1985 Pak Andi berdiri di belakang no.2 dari kiri dan Pak Jokowi No.4. Photo ini beliau kirim sama saya sudah lama sekali https://t.co/GaAPnAAe9m","1906569495487103475","https://pbs.twimg.com/media/GnV-2SCaQAAaGAx.jpg","DianSandiU","in","","8","48","32","https://x.com/undefined/status/1906569495487103475","169353310",
"1906569362443812868","Mon Mar 31 04:48:53 +0000 2025","0","Teringat film Puteri Gunung Ledang ada babak pembantu gusti putri sebut Sang Hyang Pencipta ","1906569362443812868","","","in","","0","0","0","https://x.com/undefined/status/1906569362443812868","998020811200983040",
"1906554163519246337","Mon Mar 31 04:45:01 +0000 2025","0","@Uddeng_mn Kena standby baju sejuk arabian white menanti dekat gunung everest","1906568393249194157","","Uddeng_mn","in","","0","1","0","https://x.com/undefined/status/1906568393249194157","1056969866089979904",
"1906566851150127304","Mon Mar 31 04:38:54 +0000 2025","0","Jaket Pria Terbaru Waterproof Type Original FCF size M L XL XXL / Jaket Gunung Pria Jumbo Anti Air dengan harga Rp123.700. Dapatkan di Shopee sekarang! https://t.co/92AKf8HJo4","1906566851150127304","","","in","","0","0","0","https://x.com/undefined/status/1906566851150127304","1577320130383843331",
"1906528160092479982","Mon Mar 31 04:38:47 +0000 2025","0","@naskunmbakyani @tanyakanrl wow gunung kembar","1906566823052443983","","ramyeontorimiso","in","","0","0","0","https://x.com/undefined/status/1906566823052443983","1669713340971745280",
"1906528160092479982","Mon Mar 31 04:37:28 +0000 2025","0","@tanyakanrl Liat ini nder pagi2 masih berembun gunungnya keliatan bawah gunung berasa surga awan~~ https://t.co/XomcK4Nfj0","1906566492558393560","https://pbs.twimg.com/ext_tw_video_thumb/1906566282440523776/pu/img/d2BJRhVUwXQD6yOe.jpg","tanyakanrl","in","","0","0","0","https://x.com/undefined/status/1906566492558393560","1450243254188867587",
"1906342781817352448","Mon Mar 31 04:30:11 +0000 2025","0","@etherealwaveu cantik banget emang! ini gunung sindoro","1906564657558487544","","mcintchoco","in","","0","0","0","https://x.com/undefined/status/1906564657558487544","2288257136",
"1906493047128604893","Mon Mar 31 04:29:32 +0000 2025","0","@sseraside Gunung salak!!! Mohon maaf lahir dan batin ya","1906564496828837940","","sseraside","in","","0","1","0","https://x.com/undefined/status/1906564496828837940","1814928366686117890",
"1905062989147070674","Mon Mar 31 04:28:19 +0000 2025","0","@justin_idn Heran sih aku sama bapak2 mtb yang bisa nanjak gunung enggak berenti2","1906564188740440240","","justin_idn","in","","0","1","0","https://x.com/undefined/status/1906564188740440240","1466273220869296128",
"1906527973814964239","Mon Mar 31 04:27:50 +0000 2025","0","@sbataftr iyh ni otw atas gunung dan susah sinyal","1906564069017968876","","darkxshore","in","","0","1","0","https://x.com/undefined/status/1906564069017968876","1857926810874556417",
"1905062989147070674","Mon Mar 31 04:27:24 +0000 2025","0","@helloiamandi Iyaa hehe mau nyaingin bapak-bapak mtb - - Ps : bapak2 yang pakek sepeda mtb punya betis cakep2 karena sering nanjak gunung ","1906563958812954654","","helloiamandi","in","","0","1","0","https://x.com/undefined/status/1906563958812954654","610086338",
"1906563841208779021","Mon Mar 31 04:26:56 +0000 2025","2","udah ganti seragam due gunung kidul gile sumuk pol pol pol mohon maaf lahir bathin gengs mari kita lanjut ngebakso dan boci https://t.co/CLjwubqhtN","1906563841208779021","https://pbs.twimg.com/media/GnV5syqaYAA1cNI.jpg","","in","","0","0","0","https://x.com/undefined/status/1906563841208779021","474647917",
"1906542293441561008","Mon Mar 31 04:22:15 +0000 2025","0","@cipaw0_0 WKWKWWKKW LANGSUNG NAIK GUNUNG","1906562661422448842","","cipaw0_0","in","","0","0","0","https://x.com/undefined/status/1906562661422448842","1701620596566855680",
"1906032711577551233","Mon Mar 31 04:21:54 +0000 2025","0","@TanteAraa Wow gunung kembarnya merangsang banget","1906562573740527958","","BakRara__","in","","0","0","0","https://x.com/undefined/status/1906562573740527958","1614252401351098369",
"1906560732625514788","Mon Mar 31 04:14:35 +0000 2025","10","sky report gunung kidul https://t.co/IUU9Ie3X2f","1906560732625514788","https://pbs.twimg.com/media/GnV231caAAAUhcv.jpg","","in","","0","2","0","https://x.com/undefined/status/1906560732625514788","1658857797847781378",
"1906261436814238149","Mon Mar 31 04:13:59 +0000 2025","0","@dewapuci Jgn banget dr bandara NYIA ke gunung kidul","1906560582179803470","","dewapuci","in","","0","0","0","https://x.com/undefined/status/1906560582179803470","1039378905847672833",
"1906558684442099862","Mon Mar 31 04:11:27 +0000 2025","0","@kalopsia_aura beneran jadi cerah bgttt Gunung Muria (jepara) keliatan dari semarang https://t.co/OEpPluHTji","1906559944398155801","https://pbs.twimg.com/media/GnV2KG-a4AAtrPd.jpg","kalopsia_aura","in","","0","0","0","https://x.com/undefined/status/1906559944398155801","1894992777613844482",
"1906559912282661111","Mon Mar 31 04:11:19 +0000 2025","5","#IjazahJokowiTerbuktiPalsu gunung diselami &amp; laut didaki","1906559912282661111","","","in","","0","1","4","https://x.com/undefined/status/1906559912282661111","1604019750874812417",
"1906525004650725438","Mon Mar 31 04:10:30 +0000 2025","0","@Moektito mohon maaf lahir batin Gunung bromo gunung Kelud Nyuwun pangapuro sak lupud lupud","1906559705457058196","","Moektito","in","","0","0","0","https://x.com/undefined/status/1906559705457058196","1505716977653805059",
"1906495456404029644","Mon Mar 31 04:09:58 +0000 2025","28","Di salah satu Masjid di Perumnas Gunung Cirebon..","1906559572598554958","","AnggaPutraF","in","","0","2","1","https://x.com/undefined/status/1906559572598554958","98275340",
"1906538820235034635","Mon Mar 31 04:07:38 +0000 2025","0","@riricis13 *Pantun Idul Fitri 1446 H* Indah flamboyan di Gunung Putri Warnanya merah penuh keindahan Saya ucapkan Selamat Idulfitri Khilaf dan salah mohon dimaafkan *D.Mirza*","1906558984678670478","","maomo07","in","","0","1","0","https://x.com/undefined/status/1906558984678670478","1355004164",
"1906119870112284975","Mon Mar 31 04:05:53 +0000 2025","1","@Gunung_Agoeng @bluesunkiss_ Belajar lah dikit tolol jgn dipelihara pake rumus azab. Kalo pk rumus sama itu Aceh azab apa? Sulawesi azab apa? Nusa tenggara? Jgn maunya religius tapi kualitas nalarnya bajingan.","1906558545123815520","","Gunung_Agoeng","in","","0","0","0","https://x.com/undefined/status/1906558545123815520","1453480121885552640",
"1906469133799276884","Mon Mar 31 04:04:49 +0000 2025","0","@hellorekk *Pantun Idul Fitri 1446 H* Indah flamboyan di Gunung Putri Warnanya merah penuh keindahan Saya ucapkan Selamat Idul Fitri Khilaf dan salah mohon dimaafkan *D.Mirza*","1906558274981495020","","hellorekk","in","","0","1","0","https://x.com/undefined/status/1906558274981495020","1355004164",
"1906557889638211599","Mon Mar 31 04:03:17 +0000 2025","0","Weduh footage gunung tahan tak setel lagi storage nak penuh","1906557889638211599","","","in","","0","0","0","https://x.com/undefined/status/1906557889638211599","3106646034",
"1906557806146466114","Mon Mar 31 04:02:57 +0000 2025","0","Di gunung kidul daun tetep gerak dan udara jadi sejuk + sapi gua tetep moooooo","1906557806146466114","","","in","","0","0","0","https://x.com/undefined/status/1906557806146466114","854180790",
"1906531250317500609","Mon Mar 31 04:02:30 +0000 2025","0","@danyaaa1027 Gunung beda arah","1906557691503505524","","danyaaa1027","in","","0","0","0","https://x.com/undefined/status/1906557691503505524","2423847602",
"1906538091768315919","Mon Mar 31 02:44:37 +0000 2025","0","kik midor mit Kota Liwa tegak cecok Gunung Pusagi kebiyan ji neram buka semahapan jejama ram sunyinni assalamualaikum warahmatullahi wabarakatuh Forum TBM Provinsi Lampung menyampaikan permohonan maaf yang tak terhingga atas kekeliruan dan kealpaan Semoga Kembali Menuju Fitri https://t.co/FVknhrtd2l","1906538091768315919","https://pbs.twimg.com/media/GnViSgfa0AABqBr.jpg","","in","","0","0","0","https://x.com/undefined/status/1906538091768315919","1461485149481156618",
"1906532656541466657","Mon Mar 31 02:42:53 +0000 2025","0","@Alekhidayat06 Selamat hari raya jga ditunggu naik gunung nya yh ","1906537654638022696","","Alekhidayat06","in","","0","0","0","https://x.com/undefined/status/1906537654638022696","1562732892962570245",
"1905983983084826883","Mon Mar 31 02:38:22 +0000 2025","0","@gina_vivu Pesawat televisi","1906536518543634492","","gina_vivu","in","","0","0","0","https://x.com/undefined/status/1906536518543634492","1701624074877984768",
"1906532376546869366","Mon Mar 31 02:36:38 +0000 2025","0","@nuwgrahaa Baru lebaran masa mau langsung naik gunung","1906536080910033316","","nuwgrahaa","in","","0","2","0","https://x.com/undefined/status/1906536080910033316","81499127",
"1906233509540208780","Mon Mar 31 02:34:04 +0000 2025","0","@eryazmi Animisme/Pagan. sembah semangat alam pokok gunung roh nenek moyang. kapitayan tu agama jawa.","1906535438015488056","","eryazmi","in","","0","0","0","https://x.com/undefined/status/1906535438015488056","1775009774096322560",
"1906535341961732571","Mon Mar 31 02:33:41 +0000 2025","14","Pengen nyoba naik gunung tapi takut mengkis mengkis","1906535341961732571","","","in","","0","1","0","https://x.com/undefined/status/1906535341961732571","1445234405169983488",
"1906533971099549991","Mon Mar 31 02:28:15 +0000 2025","0","Video: Ketika Gunung Gede Pangrango-Salak Terlihat dari Jakarta https://t.co/yQOF9VJrYk","1906533971099549991","","","in","","0","0","0","https://x.com/undefined/status/1906533971099549991","240113510",
"1906533918742097985","Mon Mar 31 02:28:02 +0000 2025","0","Solat Eid viewnya langsung gunung guntur https://t.co/FjgWZ967Ci","1906533918742097985","https://pbs.twimg.com/media/GnVefX7bEAArBi9.jpg","","in","","0","0","0","https://x.com/undefined/status/1906533918742097985","1163417077119459329",
"1906481516504596573","Mon Mar 31 02:25:23 +0000 2025","0","@ragezouave Naik gunung plus bikin indime kenikmatan yang tiada duanya","1906533253013737727","","ragezouave","in","","0","0","0","https://x.com/undefined/status/1906533253013737727","1541801117566521345",
"1906532935450468566","Mon Mar 31 02:24:08 +0000 2025","2","Pusing lebaran di kampung sendiri cakep cakep bgt barudak sukabumi teh. Vibes nya segerrr mandi air gunung terus kali ya ","1906532935450468566","","","in","","2","1","2","https://x.com/undefined/status/1906532935450468566","1401177491213996032",
"1906532567228244413","Mon Mar 31 02:22:40 +0000 2025","3","emg luar biasa pagi ini cerah banget dan akhirnya menghirup udara minim polusi. begitu nyampe bs liat sawah dan gunung merapi ga ditutup awan ","1906532567228244413","","","in","","0","1","0","https://x.com/undefined/status/1906532567228244413","2785179228",
"1906527501628870850","Mon Mar 31 02:21:18 +0000 2025","0","@RWWReborn Itu pak camat dan keluarga ya min?? ...","1906532224805347736","","RWWReborn","in","","0","0","0","https://x.com/undefined/status/1906532224805347736","1701624074877984768",
"1906477151123333530","Mon Mar 31 02:18:24 +0000 2025","0","@diberkahin Kerennya td gunung gereja dikampung biasanya kan tiap subuh aja udh bunyi ini beneran abis selesai shalat ied baru bunyi","1906531493431882054","","diberkahin","in","","0","1","0","https://x.com/undefined/status/1906531493431882054","1622812715965370368",
"1906473191792648383","Mon Mar 31 02:18:13 +0000 2025","1","@RagilSemar Bahasa bayinya...kalo kamu ga jujur ga usah colek2 grok... hahaha...","1906531448208945165","","RagilSemar","in","","0","0","0","https://x.com/undefined/status/1906531448208945165","1701624074877984768",
"1906466130929348832","Mon Mar 31 02:17:26 +0000 2025","0","@rsbqr Gunung salak itu mah","1906531249625469201","","rsbqr","in","","0","0","0","https://x.com/undefined/status/1906531249625469201","1606006965783519232",
"1906522387686072590","Mon Mar 31 02:16:55 +0000 2025","0","@matchluve gunung mna enih","1906531121904734638","","matchluve","in","","0","0","0","https://x.com/undefined/status/1906531121904734638","1897620000946724864",
"1906512588999156217","Mon Mar 31 02:15:22 +0000 2025","0","@sadgirlxvq Sini di gunung agung","1906530730735444173","","sadgirlxvq","in","","0","1","0","https://x.com/undefined/status/1906530730735444173","876690204588818433",
"1906530591102886228","Mon Mar 31 02:14:49 +0000 2025","0","Bener banget lagi . Semua hal yg ada di gunung merapi pengen ngebunuh player bahkan batu yg menggelinding dari gunung Merapi DMGnya gak main-main","1906530591102886228","","","in","","0","1","0","https://x.com/undefined/status/1906530591102886228","1296179743398584320",
"1906530517778100565","Mon Mar 31 02:14:31 +0000 2025","0","karena tinggal pemain inti polusi jd berkurang. Di priuk jd bisa liat gunung https://t.co/R0sWDP96bi","1906530517778100565","https://pbs.twimg.com/media/GnVbZrLaUAALLWj.jpg","","in","","0","0","0","https://x.com/undefined/status/1906530517778100565","1009438828698877952",
"1906529852473348108","Mon Mar 31 02:11:53 +0000 2025","4","POV u live in countryside village in Indonesia dan dibawah kaki gunung slamet dan lu islam dan lu solat ied di desa ini https://t.co/EIFs3EWSmQ","1906529852473348108","https://pbs.twimg.com/media/GnVaypMbUAAahWj.jpg","","in","","0","0","0","https://x.com/undefined/status/1906529852473348108","1713452513905807360",
"1906517823297552647","Mon Mar 31 01:30:40 +0000 2025","0","@ri__riyanti View langsung gunung merapi","1906519480685207932","","A_RiriJYP48","in","","0","1","0","https://x.com/undefined/status/1906519480685207932","1292820027494694913",
"1906492887199789523","Mon Mar 31 01:28:29 +0000 2025","0","@DiajengLrst Tp bener panas sih kak cerah sekali sampe 3 gunung keliatan","1906518933357920474","","DiajengLrst","in","","0","0","0","https://x.com/undefined/status/1906518933357920474","544307440",
"1906508650786717775","Mon Mar 31 01:27:32 +0000 2025","2","@Versi_Jelek @floraaargh Weh turun gunung","1906518692629983450","","Versi_Jelek","in","","0","0","0","https://x.com/undefined/status/1906518692629983450","1196016191434678272",
"1906518206107484598","Mon Mar 31 01:25:36 +0000 2025","0","mw mendaki gunung mana km bambang","1906518206107484598","","","in","","0","0","0","https://x.com/undefined/status/1906518206107484598","1435497009067085824",
"1906004712224112716","Mon Mar 31 01:23:27 +0000 2025","0","@Nashuakuuu @caratstalk naik naik ke puncak gunung","1906517663662452758","","Nashuakuuu","in","","0","0","0","https://x.com/undefined/status/1906517663662452758","1789559632647905280",
"1906517257536368912","Mon Mar 31 01:21:50 +0000 2025","0","pemandangan gunung lawu️ https://t.co/XfvgHqksUJ","1906517257536368912","https://pbs.twimg.com/media/GnVPVLuaIAAz3ca.jpg","","in","","0","0","0","https://x.com/undefined/status/1906517257536368912","1816035232946282496",
"1906515762594144270","Mon Mar 31 01:20:45 +0000 2025","0","@GishaZei Itu sepatu byy buat mendaki gunung lewati lembah tpi banyak yg make buat fashion jugaa","1906516986122952782","","GishaZei","in","","0","0","0","https://x.com/undefined/status/1906516986122952782","1879127888982913024",
"1906301472725447089","Mon Mar 31 01:18:58 +0000 2025","16","@Ricz_sky Gausah kau tukar topik pembicaraan jawab dulu apa hubungannya naik gunung di Indonesia dengan WCQ round 3 ??","1906516538095739051","","Ricz_sky","in","","0","2","0","https://x.com/undefined/status/1906516538095739051","266247904",
"1906515080612835345","Mon Mar 31 01:13:11 +0000 2025","9","Dedi Mulyadi segel Proyek wisata Eiger Camp di Lereng Gunung Tangkuban Parahu Bandung Barat atas alasan ada potensi kerawanan bencana. Padahal aku suka produk2 Eiger tapi malah kebablasan. Produk untuk pecinta alam tapi malah merusak alam. https://t.co/0XtqfMG8Qv","1906515080612835345","https://pbs.twimg.com/media/GnVNXNebcAA0ACH.jpg","","in","","1","1","4","https://x.com/undefined/status/1906515080612835345","43486890",
"1905966516065157599","Mon Mar 31 01:10:33 +0000 2025","0","@aan_dado @NenkMonica @DediMulyadi71 Anak kecil main ke kantor memang tidak mencerminkan perilaku korup.. Namun ini fenomena gunung es dalam lingkup lebih besar seseorang yang mementingkan keluarga daripada rakyat sangat mungkin terjadi.. Intinya di jam kerja dia harus kerja bukan yg lain.","1906514419292807580","","aan_dado","in","","0","0","0","https://x.com/undefined/status/1906514419292807580","1807102368020078592",
"1906487026796601689","Mon Mar 31 01:02:51 +0000 2025","0","@Yudhawpa gunung merapiii (kayanya)","1906512480148521033","","Yudhawpa","in","","0","1","0","https://x.com/undefined/status/1906512480148521033","1493071010698264579",
"1906512404525261217","Mon Mar 31 01:02:33 +0000 2025","0","kayanya lebaran lebih seru kalo naik gunung ajadah gausah tu ketemu2 sama sanak sodara ","1906512404525261217","","","in","","0","0","0","https://x.com/undefined/status/1906512404525261217","244388063",
"1906486865592557903","Mon Mar 31 00:53:47 +0000 2025","1","@tanyakanrl paling atas dengan view gunung rinjani https://t.co/JPfZiGSDpv","1906510200456302599","https://pbs.twimg.com/media/GnVI7GBasAA_Bg6.jpg","tanyakanrl","in","","0","0","0","https://x.com/undefined/status/1906510200456302599","1312008994668519424",
"1906509236194119690","Mon Mar 31 00:53:19 +0000 2025","0","@thejurgenholic Ini kadal gunung nanya mulu ","1906510082931876110","","thejurgenholic","in","","0","0","0","https://x.com/undefined/status/1906510082931876110","201661707",
"1906509424640070113","Mon Mar 31 00:50:42 +0000 2025","14","Kucing taman kucing stasiun kucing jalanan nunggu jatah preman yg biasa kasi makan mudik ga ya semoga dimudahkan rejekinya ya mengs. Takut ketinggalan kereta mohon maaf lahir batin ga ikut sholat ied. Udarane bersih jd keliatan 2 gunung di selatan jakarta https://t.co/EqM08Wrs0L","1906509424640070113","https://pbs.twimg.com/media/GnVIJpEaMAAvAjO.jpg","","in","","0","5","0","https://x.com/undefined/status/1906509424640070113","1078418132094541824",
"1906502983933985208","Mon Mar 31 00:41:51 +0000 2025","0","@lkrjm18 Itu keknya solat Ied dgn view gunung deh","1906507196554518750","","lkrjm18","in","","0","0","0","https://x.com/undefined/status/1906507196554518750","1250802129612111872",
"1906506802872864781","Mon Mar 31 00:40:17 +0000 2025","0","jogja malang gunung ajerbaizan mana? @aguuunnngg_","1906506802872864781","","","in","","0","1","0","https://x.com/undefined/status/1906506802872864781","1135505509480402949",
"1906301472725447089","Mon Mar 31 00:39:32 +0000 2025","14","@Ricz_sky dah tu apa sibuk2 kalau aku nak naik gunung mana2 pun? sampai nak pukul2 aku?","1906506615140032647","","Ricz_sky","in","","0","1","0","https://x.com/undefined/status/1906506615140032647","266247904",
"1906506511213527276","Mon Mar 31 00:39:08 +0000 2025","2","emng perlu cari jodoh yg desane deket lereng gunung baru jam segini pantura wes sumuk tenan. hawane ra meh kudungan","1906506511213527276","","","in","","0","0","0","https://x.com/undefined/status/1906506511213527276","1418807673349410821",
"1906506208531398729","Mon Mar 31 00:37:55 +0000 2025","0","gunung salak keliatan bgt dr rumah w","1906506208531398729","","","in","","0","0","0","https://x.com/undefined/status/1906506208531398729","1207161366244577280",
"1906505799914098705","Mon Mar 31 00:36:18 +0000 2025","0","plislah udah gede gini tuh bukan nya thr makin kecil anjir kita butuh bergunung-gunung ","1906505799914098705","","","in","","0","0","0","https://x.com/undefined/status/1906505799914098705","870670713971032065",
"1906503957763248576","Mon Mar 31 00:33:02 +0000 2025","27","@_OchieeKenzo Astaga apakah aku stress karena kemarin naik gunung ","1906504979424362893","","_OchieeKenzo","in","","0","1","0","https://x.com/undefined/status/1906504979424362893","1372043110310498310",
"1906503993418977756","Mon Mar 31 00:29:07 +0000 2025","6","Gunung Kembar https://t.co/w64ljkn3Nq","1906503993418977756","https://pbs.twimg.com/media/GnVDQYKakAAhpKX.jpg","","in","","0","0","0","https://x.com/undefined/status/1906503993418977756","106680050",
"1906503598110117968","Mon Mar 31 00:27:33 +0000 2025","1","Orang yang paling banyak ngotorin gunung kan emang rata2 penghobi naik gunung..","1906503598110117968","","","in","","0","0","1","https://x.com/undefined/status/1906503598110117968","3224195257",
"1906395782695276898","Mon Mar 31 00:26:31 +0000 2025","1","@IbuPeri__ Nasib kluang pakai air gunung lambak hahaha","1906503336880382417","","IbuPeri__","in","","0","1","1","https://x.com/undefined/status/1906503336880382417","704280678955773952",
"1906489053790589424","Mon Mar 31 00:23:26 +0000 2025","0","@Zradiil rumahkuu di gunung zraa","1906502562230276566","","Zootm","in","","0","0","0","https://x.com/undefined/status/1906502562230276566","1852759036158214144",
"1906502241709879518","Mon Mar 31 00:22:10 +0000 2025","0","Pasti ada aj yah keriweuhan pagi2 lebaran ini segala mati air ... HEH ini rmh d kaki gunung yahh set dah mati air segala ...","1906502241709879518","","","in","","0","0","0","https://x.com/undefined/status/1906502241709879518","49873540",
"1906501867187929193","Mon Mar 31 00:20:40 +0000 2025","1","eid mubarak taqabbalallah waminna wa minkum guyss!! view sholat ied hari iniii MAASYAAALLAH GUNUNG SEMERU NYA KELIATAN JELASS https://t.co/hAZALZEGXf","1906501867187929193","https://pbs.twimg.com/media/GnVBWDNasAAYgrK.jpg","","in","","0","0","0","https://x.com/undefined/status/1906501867187929193","1837334245075025920",
"1906497155172565048","Mon Mar 31 00:19:56 +0000 2025","1","@CinemikaID Dapet ROW F min tapi bisa liat gunung https://t.co/iDjEfelRzJ","1906501681413857671","https://pbs.twimg.com/media/GnVBKkBboAA2iNH.jpg","CinemikaID","in","","0","2","2","https://x.com/undefined/status/1906501681413857671","1804160620306272259",
"1906500261159551480","Mon Mar 31 00:14:17 +0000 2025","0","mana nih yg sholat eid viewnya depan gunung? belom lewat tl","1906500261159551480","","","in","","0","0","0","https://x.com/undefined/status/1906500261159551480","1130100558",
"1906500025838145662","Mon Mar 31 00:13:21 +0000 2025","0","@VilleofGame asmin izinkan maung gunung ini mencintaimu (skalian minta invitation kalo bleh)","1906500025838145662","","VilleofGame","in","","0","1","1","https://x.com/undefined/status/1906500025838145662","1215269396332998656",
"1906481401584861502","Mon Mar 31 00:10:47 +0000 2025","1","@Pichetpongn ceritanya penjaga gunung gitu by","1906499380343181796","","uJakrapatr","in","","0","0","0","https://x.com/undefined/status/1906499380343181796","1348343034291765248",
"1906499086125326771","Mon Mar 31 00:09:37 +0000 2025","2","sholat Ied sambil disuguhi pemandangan gunung rinjani https://t.co/mf5uD00Qjw","1906499086125326771","https://pbs.twimg.com/media/GnU-zp_a4AEpGRJ.jpg","","in","","0","1","0","https://x.com/undefined/status/1906499086125326771","1508394273179254785",
"1906476540751200625","Mon Mar 31 00:06:47 +0000 2025","0","@convomf Dari Gunung Kidul https://t.co/meGdMclNab","1906498371076190431","https://pbs.twimg.com/amplify_video_thumb/1906498284123983873/img/rdPhbzYoXgFS2pK0.jpg","convomf","in","","0","0","0","https://x.com/undefined/status/1906498371076190431","124090988",
"1906498162787049518","Mon Mar 31 00:05:57 +0000 2025","0"," Dan janganlah kamu berjalan di muka bumi ini dengan sombong. Sesungguhnya kamu sekali-kali tidak dapat menembus bumi dan kamu sekali-kali tidak akan sampai setinggi gunung. (Surah Al-Isra 17:37)","1906498162787049518","","","in","","0","0","0","https://x.com/undefined/status/1906498162787049518","1766329623212875776",
"1906384287806747126","Mon Mar 31 00:05:44 +0000 2025","0","@tirus54 @barcastuff_idn Pelatih gunung?","1906498107002769586","","tirus54","in","","0","0","0","https://x.com/undefined/status/1906498107002769586","1423494259013918720",
"1906497548589650352","Mon Mar 31 00:03:31 +0000 2025","0","gw pengen dah sekali kali solat di wonosobo view gunung gt","1906497548589650352","","","in","","0","0","0","https://x.com/undefined/status/1906497548589650352","924956804626366464",
"1906497439710040134","Mon Mar 31 00:03:05 +0000 2025","0","Duit THR mengarah ke 3 hal: -gunung -buku -art supply Semuanya mahal jadi harus pilih salah satu. ","1906497439710040134","","","in","","0","0","0","https://x.com/undefined/status/1906497439710040134","1139444744562495489",
"1906494329553924528","Mon Mar 31 00:00:56 +0000 2025","0","@starkyeomiy bejirr bagus bgt viewnyeah depan gunung","1906496898372149486","","starkyeomiy","in","","0","1","0","https://x.com/undefined/status/1906496898372149486","1584858868982874112",
"1906481487337369948","Mon Mar 31 00:00:41 +0000 2025","1311","@unmagnetism gak tau tu di ujung gunung gerak gak daun nya. https://t.co/q5shudli4k","1906496836392849499","https://pbs.twimg.com/media/GnU7q2oaEAE26w6.jpg","unmagnetism","in","","14","50","55","https://x.com/undefined/status/1906496836392849499","414592115",
"1906261436814238149","Sun Mar 30 23:56:16 +0000 2025","25","@dewapuci Bandara ke gunung kidul masih jauh ituu.. Apalagi kl bandara nya yg baru yg di kulonprogo. Kulonprogo-gunung kidul. .","1906495724617150488","","dewapuci","in","","0","2","0","https://x.com/undefined/status/1906495724617150488","1448141576",
"1906075665193226719","Sun Mar 30 23:51:06 +0000 2025","0","@intinyadeh Sekarang udah kenal Klapanunggal kan? main2 atuh ke gunung kapur ","1906494424307351747","","intinyadeh","in","","0","0","0","https://x.com/undefined/status/1906494424307351747","1270343976386654208",
"1906494270158307338","Sun Mar 30 23:50:29 +0000 2025","0","Tempatku juga view gunung tapi gunung merapi &amp; merbabu","1906494270158307338","","","in","","0","0","0","https://x.com/undefined/status/1906494270158307338","1802179061164494848",
"1906493880779886772","Sun Mar 30 23:48:56 +0000 2025","118","Sholat ied dengan view gunung slamet jends https://t.co/h4ShU3PhbI","1906493880779886772","https://pbs.twimg.com/media/GnU6FJNWEAERtkL.jpg","","in","","1","2","2","https://x.com/undefined/status/1906493880779886772","1855834355165544448",
"1906487205729796598","Sun Mar 30 23:47:22 +0000 2025","0","@mbakjenni itu aja aju gatau gunung apaan","1906493484292624529","","einouna","in","","0","0","0","https://x.com/undefined/status/1906493484292624529","424087757",
"1906492376509735124","Sun Mar 30 23:42:58 +0000 2025","0","view sholat ied hari ini gunung sindoro dan gunung sumbing","1906492376509735124","","","in","","0","1","0","https://x.com/undefined/status/1906492376509735124","1310168636955402240",
"1906491819644604739","Sun Mar 30 23:40:45 +0000 2025","0","Gunung Uyelewun 19072024 #uyelewun #gunung #gununguyelewun https://t.co/2jm0NpAaiu via @YouTube","1906491819644604739","","","in","","0","0","0","https://x.com/undefined/status/1906491819644604739","1235633446682165249",
"1906491646704853221","Sun Mar 30 23:40:04 +0000 2025","92","*ladfess Ke gunung es naik pesawat Bersama Zayne hati terpikat. Idul Fitri penuh rahmat Mohon maaf lahir dan batin dengan sepenuh niat -Bapak Zayne Li &amp; istrinya ","1906491646704853221","","","in","","0","4","9","https://x.com/undefined/status/1906491646704853221","986157872475095041",
"1906490803628990626","Sun Mar 30 23:36:43 +0000 2025","2","⭐️⭐️ SELAMAT HARI RAYA AIDILFITRI Indah suasana Bukit Kiara Gunung Keriang jangan dilupa Satu Syawal menjelang tiba Bermaaf-maafan sesama kita. Meriam buluh di atas para Calcium carbide bahan utama Harap tiada mengguris jiwa Ucapan raya maaf dipinta. https://t.co/PajPqM1HJ5","1906490803628990626","https://pbs.twimg.com/media/GnU3RuiawAEU7el.jpg","","in","","0","1","0","https://x.com/undefined/status/1906490803628990626","2818845966",
"1906490340137377820","Sun Mar 30 23:34:52 +0000 2025","15","Solat ied view nya gunung https://t.co/oW0n0g77dU","1906490340137377820","https://pbs.twimg.com/media/GnU22ZrbAAAY6XR.jpg","","in","","0","1","3","https://x.com/undefined/status/1906490340137377820","249989140",
"1906484983667286347","Sun Mar 30 23:32:49 +0000 2025","0","@bunnysool @boraboravie Daun pepohonan gunung pun g ngeliuarin asap nya karna barusan ibu sampingku bilang semua makluk allah itu akan ikut bertasbih..bahkan air laut pun katanya dia akan tenang","1906489822514188715","","bunnysool","in","","0","1","0","https://x.com/undefined/status/1906489822514188715","1683996231725633538",
"1906398579410751995","Sun Mar 30 23:28:52 +0000 2025","3","@Azdandandan @iluminatibot Gunung padang.","1906488829009334403","","Azdandandan","in","","0","0","0","https://x.com/undefined/status/1906488829009334403","1480427880630800384",
"1906487026796601689","Sun Mar 30 23:25:59 +0000 2025","0","@givek1sses Ahh bagus banget view nya langsung gunung di mana itu? Selamat hari raya Idulfitri yaa","1906488105924001817","","givek1sses","in","","0","1","0","https://x.com/undefined/status/1906488105924001817","1480012764412137472",
"1906487205729796598","Sun Mar 30 23:25:35 +0000 2025","0","@sliencerr wow gunung apa ini brrt merapi ta","1906488004065317192","","sliencerr","in","","0","1","0","https://x.com/undefined/status/1906488004065317192","1088993721398349824",
"1906487989603340758","Sun Mar 30 23:25:32 +0000 2025","2","View gunung slamet yg cakep https://t.co/zYQSEznJ9i","1906487989603340758","https://pbs.twimg.com/media/GnU0tdhboAA9MfR.jpg","","in","","0","1","0","https://x.com/undefined/status/1906487989603340758","1360392074994978819",
"1906486909771424168","Sun Mar 30 23:21:14 +0000 2025","7","Asing ga perlu nyusup Pake jalur terang2an aja china tinggal bikin perjanjian indonesia jd utang 1000 taun gara2 whoosh. Timika dari gunung jd lembah jgn ngomong indonesia ga punya natural resource. Ini yg bikin asing ga ketauan ngambil kekayaan kita karena taunya negara -","1906486909771424168","","","in","","0","2","0","https://x.com/undefined/status/1906486909771424168","606000080",
"1906484925903278435","Sun Mar 30 23:13:21 +0000 2025","0","Sholat Eid dgn pemandangan gunung Lawu. Masyaallah..","1906484925903278435","","","in","","0","0","0","https://x.com/undefined/status/1906484925903278435","1647274057321287681",
"1906484381704925276","Sun Mar 30 23:11:12 +0000 2025","1","Viu sholat gunung kawi nextnya bisa dipuncaknya xixix https://t.co/HVNXOwgCaM","1906484381704925276","https://pbs.twimg.com/media/GnUxbfjaEAAqECb.jpg","","in","","0","0","0","https://x.com/undefined/status/1906484381704925276","1266412407565541383",
"1906334863571259774","Sun Mar 30 23:11:06 +0000 2025","0","@DearAarlert Iyh salah dan dosamu setinggi gunung Himalaya kecabulanmu sudah mendarah daging.. tapi ak maafkan (kecuali dosamu yg sering menghina ak bokem tidak dimaafkan) Minal aidzin wal Faidzin juga iyh.. mohon maaf kalo dosa dan salahku masih sedikit ","1906484357352845642","","DearAarlert","in","","0","1","0","https://x.com/undefined/status/1906484357352845642","1643370825914126336",
"1906484189177978934","Sun Mar 30 23:10:26 +0000 2025","0","Tahun ini agak waras salat Idulfitrinya masih di dekat kosan. Bukan di basecamp Gunung Sumbing via Garung ","1906484189177978934","","","in","","0","0","0","https://x.com/undefined/status/1906484189177978934","1480012764412137472",
"1906483557851410696","Sun Mar 30 23:07:55 +0000 2025","0","Pemandangan gunung lawu pagi ini adem banget Mashaallah. Coba aja dah tiap2 hari kek paginya raya pasti sejuk dihati pun tenang https://t.co/e6SHJHix4p","1906483557851410696","https://pbs.twimg.com/media/GnUwsTrboAAnxPn.jpg","","in","","0","0","0","https://x.com/undefined/status/1906483557851410696","1744979337903054848",
"1906483532354208255","Sun Mar 30 23:07:49 +0000 2025","0","Hari ini langit bener-bener bersih gunung lawu-merapi-merbabu pun keliatan jelas.","1906483532354208255","","","in","","0","0","0","https://x.com/undefined/status/1906483532354208255","1094967116929785858",
"1906427335039234303","Sun Mar 30 23:06:18 +0000 2025","0","@drowninreverie Gatau detailnya tapi sekitar gunung kelud bg.","1906483149368082839","","drowninreverie","in","","0","1","0","https://x.com/undefined/status/1906483149368082839","1534343271819919360",
"1906482599046029568","Sun Mar 30 23:04:07 +0000 2025","0","Cantik bgt gunung Slamet Eid mubarak https://t.co/QO2s6ZjQ0G","1906482599046029568","https://pbs.twimg.com/media/GnUvzd1b0AAyoZD.jpg","","in","","0","0","0","https://x.com/undefined/status/1906482599046029568","1625754931507646465",
"1906262087036502448","Sun Mar 30 23:03:55 +0000 2025","0","@moonggomapir Ke gunung mana emang?","1906482552527020356","","moonggomapir","in","","0","0","0","https://x.com/undefined/status/1906482552527020356","1903449910181236736",
"1906480398370218199","Sun Mar 30 22:55:22 +0000 2025","0","pagi ini udah berangkat ke masjid ditengah jalan ibuku kebelet trus balik rumah lagi padahal jalan ke masjid udah kaya mendaki gunung lewati lembah ","1906480398370218199","","","in","","0","0","0","https://x.com/undefined/status/1906480398370218199","1325349983504101376",
"1906239446514851960","Sun Mar 30 22:52:47 +0000 2025","2","@OneLove4Human Saya yakin lebih 50 % yang bertepuk tangan dan tertawa adalah kafir laknatullah. Sisanya muslim abangan yg ngaku nusantara. Yg sudah islam tapi masih ngasi sesaji ke laut gunung pohon. Makanya otaknya bego","1906479747384910110","","OneLove4Human","in","","0","0","0","https://x.com/undefined/status/1906479747384910110","45323417",
"1906479658570481742","Sun Mar 30 22:52:25 +0000 2025","1","Masyaallah bisa liat 3 gunung Sumbing Merbabu Merapi ","1906479658570481742","","","in","","0","1","0","https://x.com/undefined/status/1906479658570481742","78859434",
"1906356431067967682","Sun Mar 30 22:52:25 +0000 2025","0","@rikaulimaz @bettercallbuddy Nah Bakso Semar gue udah pernah malahan tapi kalo Bakso Gunung Giri kayaknya perlu gue cobain.","1906479655093432597","","rikaulimaz","in","","0","1","0","https://x.com/undefined/status/1906479655093432597","1128153366113148929",
"1906397257500635276","Sun Mar 30 22:52:13 +0000 2025","0","@JessyKlyn99 Gunung kembar yg besar.","1906479608289198192","","JessyKlyn99","in","","0","0","0","https://x.com/undefined/status/1906479608289198192","1792614916941295627",
"1906479534519763081","Sun Mar 30 22:51:56 +0000 2025","5","Punya perasaan ... Mari kita lihat apa yang dia lakukan malam ini sekarang.. gempa bumi gunung berapi... Semuanya mungkin... Cuaca akan semakin buruk juga jadi.. https://t.co/TCOWRNdt0j","1906479534519763081","https://pbs.twimg.com/media/GnUtB27bUAAEGzU.jpg","","in","","0","1","0","https://x.com/undefined/status/1906479534519763081","1603570929635692545",
"1906479479259599141","Sun Mar 30 22:51:43 +0000 2025","0","pasti gunung harta nih","1906479479259599141","","","in","","0","0","0","https://x.com/undefined/status/1906479479259599141","1294883892",
"1906478289205768471","Sun Mar 30 22:46:59 +0000 2025","0","Bangun tidur baru sadar ternyata yang tadi dateng dalam mimpi temen yang udah tiada beberapa tahun lalu. Diatas gunung golden hour tiba tiba muncul ngajak ngobrol dan minta difoto. Al-fatihah. ","1906478289205768471","","","in","","0","0","0","https://x.com/undefined/status/1906478289205768471","700582511802503168",
"1905949949289758942","Sun Mar 30 22:46:55 +0000 2025","9","@Aldamenkin @Marchfoward Belajar lagi pasal seremban fault bukit tinggi fault kuala lumpur fault lobou-lobou fault dll. masih ada seismic activity. Ingat lagi gempa dekat sabah sampai tanduk batu kt puncak gunung Kinabalu patah &amp; ada yg mati","1906478272608874517","","Aldamenkin","in","","0","0","0","https://x.com/undefined/status/1906478272608874517","1772813573208649728",
"1906478177096196491","Sun Mar 30 22:46:32 +0000 2025","0","sebelum sholat ied pohon tidak bergerak dan binatang tidak bersuara??? hohoho tentu saja tidak berlaku di gunung ferguso. Angin tetep ada jangkrik tetep bunyi","1906478177096196491","","","in","","0","0","0","https://x.com/undefined/status/1906478177096196491","1254118686",
"1906277109833863596","Sun Mar 30 22:46:08 +0000 2025","493","@BayuAngora Istilah pecinta alam buat para pendaki gunung dll itu saja sebenarnya sudah salah kaprah. Penikmat alam barangkali lebih tepat sih. Atau Nature Stalker karena belum tentu jg alamnya mencintai balik atau minta didatangi...","1906478076265144499","","BayuAngora","in","","0","3","22","https://x.com/undefined/status/1906478076265144499","78769567",
"1906477131909255437","Sun Mar 30 22:44:03 +0000 2025","0","gunung e se di depan mata ini https://t.co/KGFgd0nhT7","1906477553277440074","https://pbs.twimg.com/media/GnUrOY3akAALZVP.jpg","hisvkuri","in","","0","0","0","https://x.com/undefined/status/1906477553277440074","1342137070676967431",
"1906477052498469323","Sun Mar 30 22:42:04 +0000 2025","0","Gunung Lawu dari sisi utara. Terlihat gagah dari jalan tol. https://t.co/GHruE9CFSh","1906477052498469323","https://pbs.twimg.com/media/GnUqxEybgAAX7rm.jpg","","in","","0","0","0","https://x.com/undefined/status/1906477052498469323","74120464",
"1906477021615837190","Sun Mar 30 22:41:57 +0000 2025","0","Ini gimana yya ceritanya kok bisa layar hp full Selayar jdi kyak abis kesambar petir.. stelah aku record gunung","1906477021615837190","","","in","","0","1","0","https://x.com/undefined/status/1906477021615837190","1890340188372824064",
"1906476933678076355","Sun Mar 30 22:41:36 +0000 2025","0","semalem gk bs tidur grgr kedinginan anjim udh tau di gunung dinginy minta ampun ini pula kakak sy yg ngeyel ini maksa nyalain ac yh lu mah enak oake selimut lah saya cuma pake SARUNG hehe akan sy maafin tp smoga kaftan anda ujungnya kecipratan opor biar dimarahin mami hehe","1906476933678076355","","","in","","0","0","0","https://x.com/undefined/status/1906476933678076355","1887823946202161152",
"1906476243958272345","Sun Mar 30 22:38:51 +0000 2025","0","Di timur nampak gunung Slamet di barat nampak gunung Ciremai. Allahu Akbar #Mudik2025 https://t.co/F6beXOA1Y8","1906476243958272345","https://pbs.twimg.com/media/GnUqCX0bkAAfBvW.jpg","","in","","0","0","0","https://x.com/undefined/status/1906476243958272345","368735329",
"1906473497234465097","Sun Mar 30 22:27:56 +0000 2025","0","Sejarah Danau Toba terjadi dari ledakan dahsyat gunung berapi raksasa masa lalu. Perlu di waspadai dengan mendapatkan informasi sebanyak mungkin guna mitigasi bencana.","1906473497234465097","","","in","","0","1","0","https://x.com/undefined/status/1906473497234465097","1348987504985133057",
"1906430399255085056","Sun Mar 30 22:25:54 +0000 2025","1","@Dennysiregar7 Selamat lebaran bang salam dr Kupang gunung timur sby ","1906472983260184657","","Dennysiregar7","in","","0","0","0","https://x.com/undefined/status/1906472983260184657","1100609875",
"1906471265512382842","Sun Mar 30 22:19:04 +0000 2025","0","Gue lagi ngelewatin bekri? Perkebunan tebu ptpn7? Yahh pokoknya yang mau ke arah gunung sugih dah gue gatau namanya apa tapi keknya bekri deh LANGITNYA CANTIK BANGET BANYAK BINTANG ARGHHH Langit jkt could never","1906471265512382842","","","in","","0","1","0","https://x.com/undefined/status/1906471265512382842","562648736",
"1906471021018026408","Sun Mar 30 22:18:06 +0000 2025","0","Nyimak akun repost gunung jogja malem ini terlalu meriah dunia persilatan jogja","1906471021018026408","","","in","","0","0","0","https://x.com/undefined/status/1906471021018026408","516358090",
"1906000681523417408","Sun Mar 30 22:13:41 +0000 2025","0","@nurridhars Gua sih gua diemin aja. biarkan mereka berkreasi menjadi gunung ","1906469908357284264","","nurridhars","in","","0","1","0","https://x.com/undefined/status/1906469908357284264","1049901206078988289",
"1906000922444013809","Sun Mar 30 22:08:00 +0000 2025","0","@convomf anak mesin akt 22 yg sering bantuin aku ngerjain gamtek trs dia rela pulang jam 3 demi tugasku yg kek pantek itu dan dia ngemper duduk pake kardus didepan kosku wkwkw terus karena dia juga aku jadi suka naik gunung aku kangen dianterin pulang malem² terus ujan di jogja","1906468478124687746","","convomf","in","","0","0","0","https://x.com/undefined/status/1906468478124687746","1285106733086420992",
"1906464963960709618","Sun Mar 30 21:54:02 +0000 2025","0","Ied Mubarak all (dari aku yang kurang tidur udah harus nyinkansen nokyo)(turun gunung) https://t.co/KFou6gjCjZ","1906464963960709618","https://pbs.twimg.com/media/GnUfxjya4AAE83A.jpg","","in","","0","0","0","https://x.com/undefined/status/1906464963960709618","2989420350",
"1906336901575188912","Sun Mar 30 21:53:43 +0000 2025","3","@UstadzWaloni Jadi ingat dengan gerakan 1000 sajen setelah viral ada seseorang yang menendang &amp; membuang sajen di puncak gunung. Katanya yang nendang sajen dikecam karena merusak kearifan lokal.","1906464882805084236","","UstadzWaloni","in","","0","0","0","https://x.com/undefined/status/1906464882805084236","1786193655696691200",
"1906463048996679896","Sun Mar 30 21:46:25 +0000 2025","0","prepare lebaran hari 1&amp;2 iya prepare naik gunung jg iya aaak","1906463048996679896","","","in","","0","0","0","https://x.com/undefined/status/1906463048996679896","1165055185",
"1906462399697457343","Sun Mar 30 21:43:51 +0000 2025","1","Organisasi elite globalis WEF&amp;WHO menguasai negara2 d dunia via Proxi2 war- sengkuni2 penghianat negara-mafia2 oligarki gunung es plus boneka2 terprogramnya sbg kepanjangan tgn globalis&gt; mengendalikan kekuasaan negaranya dlm pengkondisian mrk=Merdeka tp semua= penjajahan era news","1906462399697457343","","","in","","0","1","1","https://x.com/undefined/status/1906462399697457343","1884101633656905730",
"1906461557653135868","Sun Mar 30 21:40:30 +0000 2025","0","LAPAS NARKOTIKA KELAS IIA GUNUNG SINDUR MENGUCAPKAN Selamat Hari Raya Idul Fitri 1 Syawal 1446 Hijriah Semoga setiap langkah kita setelah Ramadan selalu diberkahi dan membawa kebaikan. Selamat Hari Raya Idul Fitri 1446 H! https://t.co/cUq4i6UaR8","1906461557653135868","https://pbs.twimg.com/media/GnUcrpHa8AAqLhD.jpg","","in","","0","0","0","https://x.com/undefined/status/1906461557653135868","4825173187",
"1906278175539347500","Sun Mar 30 21:37:45 +0000 2025","0","@raehanulbahraen kapan kerja kapan lulus kuliah kerja dimana lagi sibukin apa dll. buat apa sih org indonesia tu pengen tau tapi di hal2 yg aneh. coba lain kali rasa ingin tahunya tu di bidang macem.. kapan es di gunung wijaya meleleh total? ","1906460864699670556","","raehanulbahraen","in","","0","2","0","https://x.com/undefined/status/1906460864699670556","778692608",
"1906453765127131416","Sun Mar 30 21:34:33 +0000 2025","0","@strroight gmn rasanya pacaran sama anak gunung kack wkw","1906460062484504787","","","in","","0","1","0","https://x.com/undefined/status/1906460062484504787","1173994983466029056",
"1906459849904570638","Sun Mar 30 21:33:43 +0000 2025","0","Selamat hari raya burung-burung ikan-ikan rumah-rumah gunung-gunung laut langit awan angin pohon-pohon dan kamu. SELAMAT HARI RAYA IDUL FITRI 1446 H https://t.co/E8EluHduw9","1906459849904570638","https://pbs.twimg.com/media/GnUbH6JaIAA7PJI.jpg","","in","","0","0","0","https://x.com/undefined/status/1906459849904570638","3807885313",
"1906050274940346788","Sun Mar 30 21:22:33 +0000 2025","0","@gnzlel Hayu tanggal 18-20 ke gunung prau https://t.co/EFsRraNehL","1906457042161996217","https://pbs.twimg.com/media/GnUYkXHbkAAK9Wt.jpg","zxrqel","in","","0","0","0","https://x.com/undefined/status/1906457042161996217","571256557",
"1906454519397138740","Sun Mar 30 21:12:32 +0000 2025","2","flat bgt ya hidup gue?? kuliah balik kuliah balik repeat mau ngpain jggg dh cape dluan mna mau mk lg lukis di gunung sminggu lu byangin jir","1906454519397138740","","","in","","0","0","0","https://x.com/undefined/status/1906454519397138740","1727308507584811008",
"1905994665393881410","Sun Mar 30 21:04:21 +0000 2025","2","@tanyarlfes Tinggalkan pelacur itu king benalu hanya akan menghambat pertumbuhan pohon. Empatimu kpd wanita jalang dpt menghancurkan dirimu sendiri. Lebih baik berjalan sendiri ke puncak gunung dari pada membawa barang bekas yg tidak berguna.","1906452459079557367","","tanyarlfes","in","","0","0","0","https://x.com/undefined/status/1906452459079557367","3219986712",
"1906062653237469401","Sun Mar 30 21:02:23 +0000 2025","0","@tirta_cipeng Kalo orang ngetrail pas di kawasan puncak gunung bisa berpotensi gitu gak Om?","1906451964239724986","","tirta_cipeng","in","","0","0","0","https://x.com/undefined/status/1906451964239724986","1273090210838876160",
"1906325149047230801","Sun Mar 30 20:47:30 +0000 2025","1","@KangSemproel Makmumnya ciwi2 semua neh....","1906448221012103465","","KangSemproel","in","","1","0","0","https://x.com/undefined/status/1906448221012103465","1701624074877984768",
"1906132660252258537","Sun Mar 30 20:44:41 +0000 2025","0","@badaipetirrr @isfaiznaufal next Gunung harta suru pasang kursi lipet bang","1906447509880471901","","badaipetirrr","in","","0","1","0","https://x.com/undefined/status/1906447509880471901","1625355805",
"1906348028715532709","Sun Mar 30 20:41:42 +0000 2025","2","@Boediantar4 Jgn2 pencurinya nganunya polis1....","1906446761281163728","","Boediantar4","in","","0","0","0","https://x.com/undefined/status/1906446761281163728","1701624074877984768",
"1905949949289758942","Sun Mar 30 20:25:26 +0000 2025","0","@AmiruddinRazak @FaisalMN20 @nrhnsharol @Marchfoward ya ada 2 versi cerita matsaleh tu. katanya kencing kat atas kedua buat benda yg bukan-bukan. so kata malim gunung marah sbb takjaga kelakuan sebabb tu gempa","1906442665874641404","","AmiruddinRazak","in","","0","0","0","https://x.com/undefined/status/1906442665874641404","1690272703293669376",
"1906419088920134082","Sun Mar 30 20:22:17 +0000 2025","0","@szaurrhere naik gunung mw gak","1906441873092440066","","szaurrhere","in","","0","0","0","https://x.com/undefined/status/1906441873092440066","1765316874701783040",
"1905800249605833088","Sun Mar 30 20:20:03 +0000 2025","0","@bsinuhajie @SianiparRismon Gak mesti juga....ada nama keluargaku yg lahir th 1938 pake U bukan oe","1906441312599150708","","bsinuhajie","in","","0","0","0","https://x.com/undefined/status/1906441312599150708","1701624074877984768",
"1906119870112284975","Sun Mar 30 20:12:15 +0000 2025","0","@bluesunkiss_ Mungkin Azab pembalasan telah diturunkan https://t.co/v8pGpPfvL3","1906439350004351453","","bluesunkiss_","in","","0","1","1","https://x.com/undefined/status/1906439350004351453","1701624074877984768",
"1906435842413097392","Sun Mar 30 19:58:19 +0000 2025","0","naik gunung yg bisa diliat cuma kepercayaan https://t.co/8qK93TQpcc","1906435842413097392","https://pbs.twimg.com/media/GnUFSoUacAAhnI6.jpg","","in","","0","1","0","https://x.com/undefined/status/1906435842413097392","1170129531727835136",
"1906346168176832951","Sun Mar 30 19:57:49 +0000 2025","0","@TheEagle_BEN Siapa @Catatan_ali7 ??","1906435718152704199","","TheEagle_BEN","in","","0","0","0","https://x.com/undefined/status/1906435718152704199","1701624074877984768",
"1906088981269545363","Sun Mar 30 19:36:30 +0000 2025","0","@gektimbul Keren banget emang Ranu Kumbolo ini mah surganya gunung Semeru","1906430352341803346","","gektimbul","in","","0","0","0","https://x.com/undefined/status/1906430352341803346","538778037",
"1906356308275802544","Sun Mar 30 19:35:36 +0000 2025","1","@wonglicik062 Iya bener sepi kendaraan gunung terlihat","1906430124112928878","","Th3Tr4vel3r","in","","0","0","0","https://x.com/undefined/status/1906430124112928878","224431376",
"1906089518610194540","Sun Mar 30 19:25:11 +0000 2025","0","@worldindonesia_ Ke gunung tinggi mendaki pelan Melihat langit biru nan terang. Scan orb sekali data tersimpan Unik ID pun jadi pegangan!","1906427506112278574","","worldindonesia_","in","","0","0","0","https://x.com/undefined/status/1906427506112278574","1666603813",
"1905101579122008526","Sun Mar 30 19:22:32 +0000 2025","0","@maman1965 @JNE_ID Mudik dikampung Atuk main pasir putih main bola hamparan pasir menikmati debur ombak Selat Malaka menunggu sunrise dengan latar Gunung Ledang di semenanjung Malaysia menghitung kapal kapal Tanker Kargo yang hilir mudik sepanjang Selat Malaka. Perempuan Jika Itu Nama mu ","1906426839649992995","","maman1965","in","","0","1","0","https://x.com/undefined/status/1906426839649992995","1355004164",
"1905900160473010362","Sun Mar 30 19:11:57 +0000 2025","0","@intinyadeh Coba kalo yg dibuka cadarnya ternyata noordin m top bijimane??","1906424172722716911","","intinyadeh","in","","0","0","0","https://x.com/undefined/status/1906424172722716911","1701624074877984768",
"1906282443763491008","Sun Mar 30 19:03:43 +0000 2025","0","@drhthariq Gaya ente brok Ente tahu kan Nabi Musa..? Itu nabi dia pernah blg Ke Allah aku mau ketemu dengan engkau ya Allah.. Kata Allah Kau nga akan sanggup lihat wujud ku Akhirnya Gunung hancur lebur Nabi Musa Pingsan ketika itu Itu Nabi brow apalagi ente Nabi bukan Utusan nabi pun bkn","1906422101369913828","","","in","","0","0","0","https://x.com/undefined/status/1906422101369913828","905448274902925312",
"1906358595006173229","Sun Mar 30 19:03:04 +0000 2025","0","@13tylr mau beli Angin Gunung Fuji https://t.co/nCRWFRER2v","1906421938974863445","https://pbs.twimg.com/media/GnT4pWubMAAb8ls.jpg","13tylr","in","","0","0","0","https://x.com/undefined/status/1906421938974863445","1668309733953134592",
"1906417429078778090","Sun Mar 30 18:45:09 +0000 2025","0","ezzet bgt gais ingfokan gunung lava https://t.co/1kJeO2FiJU","1906417429078778090","https://pbs.twimg.com/media/GnT0i-CacAAl4va.jpg","","in","","0","0","0","https://x.com/undefined/status/1906417429078778090","1627612517873881088",
"1906415550726910138","Sun Mar 30 18:37:41 +0000 2025","0","Gunung","1906415550726910138","","","in","","0","0","0","https://x.com/undefined/status/1906415550726910138","1774106484852559873",
"1906406187018657868","Sun Mar 30 18:25:46 +0000 2025","1","@onlinerider23 Ieu jelemana nu kamari vc sesi 3 ceu di gunung Jeung Deket Al Jabar @H_EliJKT48","1906412550063002012","","staylow4naw","in","","0","1","0","https://x.com/undefined/status/1906412550063002012","1782392484586463232",
"1904944764576989219","Sun Mar 30 18:23:12 +0000 2025","0","@Nicob CEKIKIKAN tau tauan aja gw abis betapa dari gunung myoboki","1906411904463175986","","Nicob","in","","0","1","0","https://x.com/undefined/status/1906411904463175986","840960754803138565",
"1906378185434165613","Sun Mar 30 18:00:00 +0000 2025","0","@adamfarhhh Naik gunung ae dlu","1906406067460080027","","adamarfarhhh","in","","0","1","0","https://x.com/undefined/status/1906406067460080027","1092043085528199169",
"1906405406936871343","Sun Mar 30 17:57:22 +0000 2025","0"," Kalau Saja bumi Dan gunung itu bkn pencinta..tentu rumput tak Akan tumbuh dari dada mereka.. (Rumi) Mohon maaf lahir dan batin atas segala khilaf kesalahan kata maupun perbuatan yang mungkin pernah terjadi baik sengaja maupun tidak. Selamat merayakan Idul Fitri. https://t.co/rXee7JSWET","1906405406936871343","https://pbs.twimg.com/media/GnTpnVTbgAAFNYs.jpg","","in","","0","0","0","https://x.com/undefined/status/1906405406936871343","1047725832926416896",
"1906210375755829753","Sun Mar 30 17:48:30 +0000 2025","1","@lucasbluess siap menampung lava gunung kembar","1906403174602404003","","lucasbluess","in","","0","0","0","https://x.com/undefined/status/1906403174602404003","1659131447020769280",
"1906237492153737506","Sun Mar 30 17:48:16 +0000 2025","0","@WatchmenID 1. Pengabdi Setan 2. KKN di Desa Penari 3. Waktu Maghrib 4. Petaka Gunung Gede ... !!!","1906403116389634306","","WatchmenID","in","","0","0","0","https://x.com/undefined/status/1906403116389634306","3253452510",
"1906402887984697555","Sun Mar 30 17:47:22 +0000 2025","0","Pengen coba naik gunung tapi gimana ya caranya ","1906402887984697555","","","in","","0","0","0","https://x.com/undefined/status/1906402887984697555","1691355017050275840",
"1906402482240323605","Sun Mar 30 17:45:45 +0000 2025","0","tdk mnyangka ak akan ada di fase ini (mndaki gunung krna budrek)","1906402482240323605","","","in","","0","1","0","https://x.com/undefined/status/1906402482240323605","1642291201260011520",
"1906317792871354545","Sun Mar 30 17:43:24 +0000 2025","0","@SinuswithS Ye walaupun gurung jerai tak setinggi Kinabalu tp kita ttp gunung. Spt smgt PearThin yg setinggi gunung hehe","1906401888461054406","","SinuswithS","in","","0","1","0","https://x.com/undefined/status/1906401888461054406","1672066357146562561",
"1906400833316466958","Sun Mar 30 17:39:12 +0000 2025","1"," 1 gunung gak boleh ada 2 macan -bravyson.vconk","1906400833316466958","","","in","","0","0","0","https://x.com/undefined/status/1906400833316466958","2795972066",
"1906400552763933096","Sun Mar 30 17:38:07 +0000 2025","0","dan yap beruntungnya fai ini juga sangat sangat ijo. dia bela-belain nyusulin wine ke gunung setelah dikabari ben sama jay kalau pacar dia nekat berangkat ke festival sendirian. mana tega dia biarin kesayangannya kesusahan diluar sana sendirian.","1906400560959685048","","_moonlightgray","in","","0","0","0","https://x.com/undefined/status/1906400560959685048","1709584489595473920",
"1906400552763933096","Sun Mar 30 17:38:06 +0000 2025","0","wine si bocah introvert yang kemana-mana harus bareng seseorang tang dia kenal tapi nekat berangkat sendiri ke festival musik diatas gunung biar dapetin gelang couple karena fai pengen punya gelang itu. tanpa punya persiapan apa-apa nih anak nekat berangkat sendiri ke sana.","1906400557260222971","","_moonlightgray","in","","0","1","0","https://x.com/undefined/status/1906400557260222971","1709584489595473920",
"1906399390975340651","Sun Mar 30 17:33:28 +0000 2025","0","njir dah ke gunung lg aja kocak","1906399390975340651","","","in","","0","0","0","https://x.com/undefined/status/1906399390975340651","1172506843031076864",
"1906398549547352272","Sun Mar 30 17:32:37 +0000 2025","0","@babufess Nderrr kalo kamu udh buka tele di atas gunung km terbang pake saurian merah krn terbang pelan2 gabakal keabisan energi kokk atau nyari saurian hiu (gatau ada ngga) Disitu ada tele challenge sm culus","1906399175304225175","","babufess","in","","0","0","0","https://x.com/undefined/status/1906399175304225175","1796841024817668096",
"1906398726962458774","Sun Mar 30 17:31:26 +0000 2025","0","context: abis nemenin mas mas spedaan di gunung sendirian dr belakang jam set 1 pagi","1906398879123386823","","chlorazepam","in","","0","0","0","https://x.com/undefined/status/1906398879123386823","1858324962119159808",
"1906398392101855241","Sun Mar 30 17:31:06 +0000 2025","0","Egonya dia itu tinggii bgtt setinggi gunung everest ","1906398795916869978","","hahihuheyyow","in","","0","0","0","https://x.com/undefined/status/1906398795916869978","1589438993665388544",
"1906152566725206255","Sun Mar 30 17:28:11 +0000 2025","0","@thoriqmm sepengalamanku selama menjadi umbi rekan ku ini pinter tapi kalau berani mencoba merubah sistem seringkali ada ancaman kena mutasi ke kaki gunung karena tidak patuh ","1906398058734387619","","thoriqmm","in","","0","0","0","https://x.com/undefined/status/1906398058734387619","1097451580293472258",
"1906396470024294465","Sun Mar 30 17:21:52 +0000 2025","0","pantai kalo gunung gelap banyak hantu","1906396470024294465","","","in","","0","0","0","https://x.com/undefined/status/1906396470024294465","1877725801468362753",
"1906395708581912742","Sun Mar 30 17:20:50 +0000 2025","0","contoh kaya dia nanjak gunung brg tuh cewe tp itu hal yg gua mau bgt lakuin brg pas kita masih pacaran? kaya why you didn t do the same thing to me? lu malu kah waktu itu punya cewe kaya gua??","1906396210946277482","","Destyreci","in","","0","0","0","https://x.com/undefined/status/1906396210946277482","1185920270176944128",
"1906375776444031471","Sun Mar 30 15:59:38 +0000 2025","0","hm gunung dah","1906375776444031471","","","in","","0","0","0","https://x.com/undefined/status/1906375776444031471","1893261531690999810",
"1905955042580218255","Sun Mar 30 15:54:46 +0000 2025","0","@natanattda Lengah dikit jadi cowok gunung","1906374551807963181","","natanattda","in","","0","0","0","https://x.com/undefined/status/1906374551807963181","1324345198965485569",
"1906371212038607046","Sun Mar 30 15:52:51 +0000 2025","0","@lilhosun Ya maap kack. Kata mereka berempat pengennya di gunung everest. Jadi butuh banyak duid. Ak sih iya iya aja ","1906374068477317316","","lilhosun","in","","0","0","0","https://x.com/undefined/status/1906374068477317316","1615886088966660096",
"1906374034331472282","Sun Mar 30 15:52:43 +0000 2025","0","Pria tidak bercerita tetiba udah ke gunung buat meditasi","1906374034331472282","","","in","","0","0","0","https://x.com/undefined/status/1906374034331472282","1392084229232553984",
"1906372939022258374","Sun Mar 30 15:48:22 +0000 2025","1986","Sebuah gunung di negara Turkmenistan jika Anda membaca Al-Quran (surah YASIN) perlahan-lahan air akan keluar dan mengalir dari dinding batu... setelah selesai baca air perlahan surut tidak mengalir... MAA SYAA ALLAAH https://t.co/3QC9Kz0E74","1906372939022258374","https://pbs.twimg.com/ext_tw_video_thumb/1906369214576775168/pu/img/1MukEOy9-Z9FKZzK.jpg","","in","","7","62","402","https://x.com/undefined/status/1906372939022258374","1625141069460516866",
"1906228548601512332","Sun Mar 30 15:48:08 +0000 2025","0","@AanSaputraa_ belum tapi paling2 ke gunung buat jadi pemandu wisata","1906372884165235119","","AanSaputraa_","in","","0","0","0","https://x.com/undefined/status/1906372884165235119","1578707888318533632",
"1906372783275479537","Sun Mar 30 15:47:44 +0000 2025","0","ini twit yang lagi lemot atau jaringanku yang lemot karena di gunung ","1906372783275479537","","","in","","0","0","0","https://x.com/undefined/status/1906372783275479537","1756872976287543296",
"1906372703138799998","Sun Mar 30 15:47:25 +0000 2025","0","Karena sedang mendaki gunung lewati lembah~","1906372703138799998","","","in","","0","0","0","https://x.com/undefined/status/1906372703138799998","1073933825246253056",
"1906364450002936241","Sun Mar 30 15:44:52 +0000 2025","0","@adannuity Mau sih mbaa tp aku bener2 newbie dont rely on me n prefer gunung yg buat pemula2 ajaa gitu. Merbabu gmn mba?","1906372058491351115","","adannuity","in","","0","1","0","https://x.com/undefined/status/1906372058491351115","110421963",
"1904892675331154406","Sun Mar 30 15:44:23 +0000 2025","0","@FELlXQ tukeran tempat gue di gunung fuji.","1906371940656480453","","FELlXQ","in","","0","0","0","https://x.com/undefined/status/1906371940656480453","1894033568894230528",
"1906371843814289648","Sun Mar 30 15:44:00 +0000 2025","0","Sekelas eiger aja brani bangun pabrik di kaki gunung ga respek bgt lah sama brand itu untung di sidak ku gubernur aing..","1906371843814289648","","","in","","0","0","0","https://x.com/undefined/status/1906371843814289648","1044082386722467840",
"1906342781817352448","Sun Mar 30 15:40:14 +0000 2025","0","@sezrapic cantik banget anin gunung apa itu?","1906370893196013796","","phrotagonist","in","","0","1","0","https://x.com/undefined/status/1906370893196013796","1897796741547864064",
"1906369743042617789","Sun Mar 30 15:39:23 +0000 2025","0","@pappipaw Nasib Indonesia saat ini dipengaruhi erupsi Gunung Lewotobi Laki Laki pada 21 Maret 2025 dengan abu setinggi 8.000m mengganggu penerbangan dan melukai warga seperti Maria Magdalena. Level siaga dinaikkan zona bahaya diperluas jadi 8km dan ada risiko aliran lava saat hujan.","1906370681798828187","","pappipaw","in","","0","0","0","https://x.com/undefined/status/1906370681798828187","1720665183188922368",
"1906353124706754619","Sun Mar 30 15:38:48 +0000 2025","0","@katatukangkayu awww yg manis gini emang produk gunung gunung ya?","1906370535510130982","","katatukangkayu","in","","0","1","0","https://x.com/undefined/status/1906370535510130982","1764542888200073216",
"1906369350103343116","Sun Mar 30 15:34:06 +0000 2025","0","tgl 3 tbtb ada invitation meeting kaya gile bro apa yg lu kejar didunia ini itu litereli GW LG DIATAS GUNUNG KAGA ADA SINYAL ?????????","1906369350103343116","","","in","","0","1","0","https://x.com/undefined/status/1906369350103343116","1480063060211470337",
"1906369200266076582","Sun Mar 30 15:33:30 +0000 2025","0","gunung","1906369200266076582","","","in","","0","0","0","https://x.com/undefined/status/1906369200266076582","1644705858406973446",
"1906368718114038170","Sun Mar 30 15:31:35 +0000 2025","1","susah bgt menjdi anak bungsu mw izin harus melewati lembah gunung sawah lautan","1906368718114038170","","","in","","0","0","0","https://x.com/undefined/status/1906368718114038170","1517374895637733377",
"1905929600334713330","Sun Mar 30 15:31:31 +0000 2025","0","@plavenwa Gunung duit by masa gunung merapi","1906368698656698391","","plavenwa","in","","0","0","0","https://x.com/undefined/status/1906368698656698391","1496300606830440448",
"1906367123188044108","Sun Mar 30 15:25:15 +0000 2025","0","ㅤ #. Aku paused dulu plot streaming-nya lagi asik bermain dan menamatkan misi nanjak gunung Everest dulu. Doakan aku ya. ㅤ https://t.co/RxCrBvZTvF","1906367123188044108","https://pbs.twimg.com/media/GnTGy29akAE_061.jpg","","in","","0","1","0","https://x.com/undefined/status/1906367123188044108","913708189",
"1906366231675895965","Sun Mar 30 15:21:42 +0000 2025","15","Takbiran warga Gunung Sari Ilir https://t.co/WfKWpCpA5F","1906366231675895965","https://pbs.twimg.com/ext_tw_video_thumb/1906366119885361152/pu/img/i6eC340M6wO5h6KI.jpg","","in","","0","0","4","https://x.com/undefined/status/1906366231675895965","1392884361280647169",
"1906356447530955106","Sun Mar 30 14:42:50 +0000 2025","1","Minggu 30 Maret 2025 sore Bhabinkamtibmas Kelurahan Tegalrejo #polsektegalrejo Aipda Indarno SH menghadiri pengajian Sunan Gunung Jati di Warung Soto Sholeh Tegalrejo. Acara ini diisi tausiyah oleh Ustaz Armen Siregar serta pembagian zakat fitrah bagi 230 warga sekitar. https://t.co/tC6h0dvcHP","1906356447530955106","https://pbs.twimg.com/media/GnS9FQ0boAAQtXU.jpg","","in","","0","1","0","https://x.com/undefined/status/1906356447530955106","1103108606562525184",
"1906356193561280735","Sun Mar 30 14:41:49 +0000 2025","3","ajg ga ekspek bakal makan toblerone di gunung yg ada digambar bungkus tobleronenya","1906356193561280735","","","in","","0","0","0","https://x.com/undefined/status/1906356193561280735","1383089948002160642",
"1906355219296092469","Sun Mar 30 14:37:57 +0000 2025","0","ngebolang ke gunung","1906355219296092469","","","in","","0","0","0","https://x.com/undefined/status/1906355219296092469","1584795816216367104",
"1906355040581034173","Sun Mar 30 14:37:14 +0000 2025","0","https://t.co/Px4GfY3YcD Hari Kiamat yang Menggemparkan Tafsir Surah Al-Qari ah Surah Al-Qari ah menggambarkan dahsyatnya hari kiamat di mana manusia menjadi seperti serangga berterbangan dan gunung-gunung hancur seperti bulu yang berterbangan.","1906355040581034173","","","in","","0","1","0","https://x.com/undefined/status/1906355040581034173","1567414861147295746",
"1906353588366094402","Sun Mar 30 14:31:28 +0000 2025","0","Makam Sunan Gunung Jati di Cirebon. Sketsa oleh Orientalis Francois Valentijn pada 1722 M https://t.co/0jMc2FH15M","1906353588366094402","https://pbs.twimg.com/media/GnS6YLFbYAEmuNI.jpg","","in","","0","0","0","https://x.com/undefined/status/1906353588366094402","1674245661557161985",
"1906317489069580524","Sun Mar 30 14:30:53 +0000 2025","0","@Dlovecian Suka naik gunung ya? Itu dari timika klo mo ke cartenz..","1906353440844026048","","Dlovecian","in","","0","1","0","https://x.com/undefined/status/1906353440844026048","187502544",
"1906247564178907303","Sun Mar 30 14:30:12 +0000 2025","0","@tanyarlfes berpatokan dengan kata keep moving bisa juga dilatih dengan naik gunung dengan acuan 10menit jalan 5menit istirahat sampai ke pace 25menit jalan 5menit istirahat mentalmu akan kebangun ntar","1906353268944687586","","tanyarlfes","in","","0","0","0","https://x.com/undefined/status/1906353268944687586","986237258",
"1906088981269545363","Sun Mar 30 14:30:09 +0000 2025","0","@gektimbul Emang bagus banget sih pemandangan gunung Semeru","1906353256567378202","","gektimbul","in","","0","0","0","https://x.com/undefined/status/1906353256567378202","1513728110557990919",
"1906117966636404902","Sun Mar 30 14:25:24 +0000 2025","0","@RafaelDefta Suka tapi pernahnya naik gunung bromo doang","1906352060049887463","","RafaelDefta","in","","0","0","0","https://x.com/undefined/status/1906352060049887463","1530883590917341186",
"1906349527529082946","Sun Mar 30 14:19:14 +0000 2025","0","Damn dea kangen anjai.. MAU UCAPIN LEBARAN TAPI GENGSI SETINGGI GUNUNG EVEREST WOIPP maaf mas masih kangen hehe panas gua ngeliat dia sama itu. Tapi yaudahh lah selagi dia sama cewenya seneng seneng aja bodo deh","1906350511777087491","","thkunes","in","","0","1","0","https://x.com/undefined/status/1906350511777087491","1858129267604992000",
"1906350222374240267","Sun Mar 30 14:18:05 +0000 2025","0","kangen naik gunung kangen lomba di its kangen himo jatim kangen panit kangen eo kangen semua hal produktif di kelas 12","1906350222374240267","","","in","","0","0","0","https://x.com/undefined/status/1906350222374240267","1865349935811772416",
"1906350104120066409","Sun Mar 30 14:17:37 +0000 2025","0","Nganter dhenok nyari tas eiger papine kok njuk kepincut berbagai aksesoris kayak tumbler dll. Cerita kalau dulu papine suka naik gunung lha dhalah njuk ditakoni dhenok kapan ngejak muncak ","1906350104120066409","","","in","","0","1","0","https://x.com/undefined/status/1906350104120066409","14457733",
"1906231843684483524","Sun Mar 30 14:15:34 +0000 2025","2","@elsaday__ Inilah kenapa para pendaki gunung dilarang keras menerbangkan drone Setelah kebun ganja di lereng gunung bromo Sekarang pembukaan lahan di lereng GTP Sungguh bermaanfaat sekali peraturan pelarangan penggunaan drone di gunung","1906349585364291868","","elsaday__","in","","0","0","0","https://x.com/undefined/status/1906349585364291868","107783118",
"1906349257155870742","Sun Mar 30 14:14:15 +0000 2025","0","NGABISIN DNS 60K STROBO 30K COD BANDUNG KOTA LANGSUNG WA 089656300195 CIMAHI LOKASI LAPANG TEMBAK GUNUNG BOHONG LANGSUNG WA +62 857-9844-6252","1906349257155870742","","","in","","0","0","0","https://x.com/undefined/status/1906349257155870742","1237417420937019393",
"1906348995511034290","Sun Mar 30 14:13:13 +0000 2025","0","Beneran GUNUNG GEDE wkwkwk kaget banget siall","1906348995511034290","","","in","","0","0","0","https://x.com/undefined/status/1906348995511034290","1674997616202113026",
"1906317489069580524","Sun Mar 30 14:13:08 +0000 2025","0","@pacekripto kapan2 gw main kesana sekalian mau nanjak gunung Cartenz","1906348975932027247","","pacekripto","in","","0","1","0","https://x.com/undefined/status/1906348975932027247","1780917918802542592",
"1906047189870366738","Sun Mar 30 14:11:33 +0000 2025","0","@Intel_Imut Fufufafa target pertama dan utama https://t.co/4HjcmxWqh1","1906348577707987371","","Intel_Imut","in","","0","0","0","https://x.com/undefined/status/1906348577707987371","1701624074877984768",
"1905958163213582791","Sun Mar 30 14:08:28 +0000 2025","3","@DokterTifa @SianiparRismon @KRMTRoySuryo2 @ReflyHZ Gasss.... ganyang pki....seruan saat th 65...","1906347799836500332","","DokterTifa","in","","0","0","0","https://x.com/undefined/status/1906347799836500332","1701624074877984768",
"1906346861763469802","Sun Mar 30 14:04:44 +0000 2025","9","HASTO + HARUN MASIKU + FEBRI D. @Ary_PrasKe2 @TOM5helby @PDI_Perjuangan Naik naik ke puncak gunung .... https://t.co/nSq9jYLcdg","1906346861763469802","https://pbs.twimg.com/ext_tw_video_thumb/1906346527783870464/pu/img/VMPD5MvKZC4R556e.jpg","","in","","1","2","3","https://x.com/undefined/status/1906346861763469802","1792479749853659136",
"1905948910226383273","Sun Mar 30 14:02:47 +0000 2025","0","@DosenGarisLucu Orang2 yg sdh masuk kedalam hizbiyah memang celaka. Hawa nafsu hizbiyah/kelompok lbh diutamakan daripada tuntunan syariat. Pdhl syarat suatu amalan diterima adl ittibai rosul dan ikhlas. Penentuan ied dg ru'yatul hilal(bkn itung2an). Pelaksanaan sholat ied di lapangan utk sholat","1906346371873124855","","DosenGarisLucu","in","","0","0","0","https://x.com/undefined/status/1906346371873124855","1701624074877984768",
"1906130458506863102","Sun Mar 30 13:17:03 +0000 2025","0","@AdamVelcro Kadang suka pengen berdoa agar gunung tangkuban perahu meletus....tp kasian ma warga yg laen...","1906334859112702269","","AdamVelcro","in","","0","0","0","https://x.com/undefined/status/1906334859112702269","1518232343773085696",
"1906334348799787224","Sun Mar 30 13:15:01 +0000 2025","2","#xpresi DALAM menyahut cabaran Projek Pendakian Amal Bomba de Everest Mencari Hati Emas 2025 Pegawai Bomba Kanan (PBK) II Mohd Fakhrul Munir Mohd Isa kini bersedia sepenuhnya untuk misi pendakian ke puncak tertinggi dunia Gunung Everest. https://t.co/SUXNoReOg2","1906334348799787224","","","in","","0","1","0","https://x.com/undefined/status/1906334348799787224","63070015",
"1906328819063226796","Sun Mar 30 13:13:45 +0000 2025","0","@smoljoan omg km pendaki gunung BY ","1906334030934499510","","pengkokopgepenk","in","","0","1","0","https://x.com/undefined/status/1906334030934499510","1301521098987593730",
"1906219635420049634","Sun Mar 30 13:13:33 +0000 2025","1","@barudakalter ini di gunung putri?","1906333980980564422","","barudakalter","in","","0","0","0","https://x.com/undefined/status/1906333980980564422","1399474066247983109",
"1906311890248356125","Sun Mar 30 13:12:56 +0000 2025","0","@ghost_cribo itu baru minta 900 triliun belom juga aku minta gunung laut samudera ","1906333824734347654","","ghost_cribo","in","","0","1","0","https://x.com/undefined/status/1906333824734347654","246700014",
"1906333737413136749","Sun Mar 30 13:12:35 +0000 2025","0","gunung kidul jawa tengah https://t.co/Mb3Ab7bjnV","1906333737413136749","https://pbs.twimg.com/media/GnSoYH_bcAAGLTO.jpg","","in","","0","0","0","https://x.com/undefined/status/1906333737413136749","1207141397842690048",
"1906291514101334247","Sun Mar 30 13:12:06 +0000 2025","0","@DedekSetiawan_ @GodAan Mbok ayo munggah gunung to bes","1906333614989873482","","DedekSetiawan_","in","","0","1","0","https://x.com/undefined/status/1906333614989873482","529018242",
"1906333265260363776","Sun Mar 30 13:10:43 +0000 2025","0","deh trnyata mauka na ajak pgi gunung yg gelap skli kalau malam?? maua kpg na perkaos :/","1906333265260363776","","","in","","0","1","0","https://x.com/undefined/status/1906333265260363776","1630395983992586240",
"1906333034825310495","Sun Mar 30 13:09:48 +0000 2025","0","tni au kesayangan gue masih om gue sih kecelakaan karna nabrak gunung di garut tahun 87/88 ya. abang terdeket bokap gue. dulu ditentang sama nenek tp tetep mau jd au which i still respect him for that dan sampe skg gue gatau se sakit apa nenek gue dulu ️","1906333034825310495","","","in","","0","1","0","https://x.com/undefined/status/1906333034825310495","847652232",
"1906332702707495369","Sun Mar 30 13:08:28 +0000 2025","0","» Pagi awal.....Pujian!!!!!!!: Rocks (Jika Saya Tidak Puji Tuhan) Gunung Zion Kalamazoo https://t.co/NN1b34VZUq Chose your God(Gal.5:19-23) Chose your God(Josh 24:15)little g(Gal.5:19-21)impurity witchcraft/envyBig G. gal5:22(LOVE Joy self-control","1906332702707495369","","","in","","0","0","0","https://x.com/undefined/status/1906332702707495369","66019603",
"1906332440786034956","Sun Mar 30 13:07:26 +0000 2025","0","gd duit gd duit ak hanya menerima ajakan naik gunung saat ini","1906332440786034956","","","in","","0","0","0","https://x.com/undefined/status/1906332440786034956","1249034273069223936",
"1906332416597471539","Sun Mar 30 13:07:20 +0000 2025","0","membayangkan Raiden Keisuke teriak KOHAKUUUU DATANGLAH KE PELUKANKUUUU dari puncak gunung takao terus dia bergulung ke bawah seperti landak dan membeli jagung bakar","1906332416597471539","","","in","","0","0","0","https://x.com/undefined/status/1906332416597471539","1868552303537774592",
"1906331548057760242","Sun Mar 30 13:03:53 +0000 2025","0","gunung","1906331548057760242","","","in","","0","0","0","https://x.com/undefined/status/1906331548057760242","1319266431964311555",
"1906253751326757041","Sun Mar 30 13:03:15 +0000 2025","0","@AdigunaEdo @istri_tergoda Nahhh om Edo turun gunung","1906331387004686683","","AdigunaEdo","in","","0","0","0","https://x.com/undefined/status/1906331387004686683","1310619139422130176",
"1906330979268182335","Sun Mar 30 13:01:38 +0000 2025","1","Mendaki gunung rinjani mengenakan outfit skena + ketemu kembaran https://t.co/nQW0XMtWKE","1906330979268182335","https://pbs.twimg.com/media/GnSl6_zbMAACVNZ.jpg","","in","","0","0","0","https://x.com/undefined/status/1906330979268182335","1488767705431699456",
"1906330962817937691","Sun Mar 30 13:01:34 +0000 2025","51","Assalamu alaikum wahai saudara-saudari Dihari yg fitri ini izinkan etmin utk meminta maaf atas kesalahan &amp; keresahan yg telah etmin timbulkan dari semua twt2 etmin Di sini gunung di sana lembah Ditengah-tengah ada bukit Jika etmin ada salah Tolong ditegur jgn disubtwit https://t.co/UJUjyDDCLu","1906330962817937691","https://pbs.twimg.com/media/GnSl6F6aAAAri8m.jpg","","in","","0","7","13","https://x.com/undefined/status/1906330962817937691","1637044857981272070",
"1906316972033470765","Sun Mar 30 13:00:27 +0000 2025","0","@fkhazwa mauu apaa? thr nyaa atau foto gunung cantiknyaa?","1906330683527905579","","fkhazwa","in","","0","1","0","https://x.com/undefined/status/1906330683527905579","1505097162925154306",
"1906330587365081364","Sun Mar 30 13:00:04 +0000 2025","0","Dari gunung arus air deras mengalir dari tubuh kita jiwa pun bergerak karena ilham cinta. - Jalaluddin Rumi #RamadhanBerkah #IndonesiaEmas","1906330587365081364","","","in","","0","0","0","https://x.com/undefined/status/1906330587365081364","1891685698157281282",
"1906330572185825418","Sun Mar 30 13:00:00 +0000 2025","1","Alan telah dirasuk oleh makhluk halus selepas mengambil batu dari atas Gunung Lawu Jawa Tengah Indonesia. https://t.co/UYwGMOfgx2 https://t.co/lItPuig36v","1906330572185825418","https://pbs.twimg.com/media/GnQAq_ibIAAkDKO.jpg","","in","","0","0","0","https://x.com/undefined/status/1906330572185825418","822514562",
"1906326696179183803","Sun Mar 30 12:59:51 +0000 2025","0","@txtdrbekasi Riyall tdi sore gunung keliatan dri flyover wkwk","1906330532788707784","","txtdrbekasi","in","","0","0","0","https://x.com/undefined/status/1906330532788707784","1017205251311468545",
"1906330109193097637","Sun Mar 30 12:58:10 +0000 2025","7","Ini keluarga ibu pasti jemput ke YIA dari gunung kidul ke YIA itu jauh cuy dzolim bgt Citilink","1906330109193097637","","","in","","0","0","0","https://x.com/undefined/status/1906330109193097637","1542429864984096769",
"1906330028637298935","Sun Mar 30 12:57:51 +0000 2025","0","» Pagi-pagi sekali.....Pujian!!!!!!!: Batu-batu (Jika Aku Tidak Memuji Tuhan) Gunung Zion Kalamazoo https://t.co/NN1b34VZUq","1906330028637298935","","","in","","0","0","0","https://x.com/undefined/status/1906330028637298935","66019603",
"1905875167160705078","Sun Mar 30 12:57:22 +0000 2025","0","@minionsthe6 @sihanjir Indonesia sebagai penduduk muslim terbesar artinya masuk peringkat teratas ditegur Tuhan dong. Indonesia lho terletak di jalur cincin api pasific. Sering buanget gempa. Belum lagi gunung berapi dan banjir. Duh Indonesia yg mayoritas muslim ini ditegur Tuhan karena apa ya?","1906329907761971585","","minionsthe6","in","","0","1","0","https://x.com/undefined/status/1906329907761971585","61135863",
"1906329047073759661","Sun Mar 30 12:53:57 +0000 2025","0","Buat yang di Depok liat langit sebelah timur dan utara. Kek ada gunung salju. Kalo sebelah barat ada bintang-bintang~","1906329047073759661","","","in","","0","0","0","https://x.com/undefined/status/1906329047073759661","1848914748672528384",
"1906327542937874435","Sun Mar 30 12:47:58 +0000 2025","5","Libur 4 hari bisa kumpul keluarga tpi gabisa ikut naik gunung ","1906327542937874435","","","in","","0","0","0","https://x.com/undefined/status/1906327542937874435","1571558285416988672",
"1906324449843888221","Sun Mar 30 12:43:13 +0000 2025","0","@goodsapiens Lokasi Yajuj dan Majuj tidak pasti tapi banyak yang menduga di wilayah Kaukasus mungkin di Darial Pass (Georgia-Rusia) atau Derbent (Rusia) sesuai deskripsi tembok Dhul-Qarnayn dalam Al-Quran (Surah Al-Kahf: 94-98). Kedua tempat ini punya benteng kuno antara gunung cocok","1906326346491437440","","goodsapiens","in","","0","0","0","https://x.com/undefined/status/1906326346491437440","1720665183188922368",
"1906165423927861337","Sun Mar 30 12:41:35 +0000 2025","1","@herrysw abangku beli hp kaya gini cm buat naik gunung dijadiin emergency call soalnya hp begini awet nya allahuakbar sama kalo amit2 jatoh/kena air masih idup tahan banting‍↕️","1906325934703345780","","herrysw","in","","0","0","1","https://x.com/undefined/status/1906325934703345780","1757039684411445248",
"1906319438338736274","Sun Mar 30 12:41:18 +0000 2025","0","@qeloqz saking sangar e iso nganti onok gunung e ngunu yo sam","1906325863395930138","","qeloqz","tl","","0","0","0","https://x.com/undefined/status/1906325863395930138","1287243295530205186",
"1906312334051561725","Sun Mar 30 12:36:59 +0000 2025","0","@vkoosyear Padahal ke ortu sendiri tp gengsinya segede gunung wkwk","1906324776081318187","","vkoosyear","in","","0","1","0","https://x.com/undefined/status/1906324776081318187","1371184396510720001",
"1906324564050886826","Sun Mar 30 12:36:08 +0000 2025","0","gais info pantai gunung kidul apakah buka? #infoterkini #fypシ","1906324564050886826","","","in","","0","0","0","https://x.com/undefined/status/1906324564050886826","909285542822424577",
"1906222333385486442","Sun Mar 30 12:34:55 +0000 2025","0","@SoShiowrie Bejir emang aku penjaga gunung kah","1906324256092221797","","SoShiowrie","in","","0","1","0","https://x.com/undefined/status/1906324256092221797","1037145883387686912",
"1903777286299529359","Sun Mar 30 12:32:30 +0000 2025","0","@mamscil Bjil penjaga gunung kah kmu bub?","1906323648149107028","","kairrna","in","","0","0","0","https://x.com/undefined/status/1906323648149107028","1266635934511984641",
"1906047189870366738","Sun Mar 30 12:31:49 +0000 2025","0","@AndreKiehl @Intel_Imut @AndreKiehl @Intel_Imut @grok: Jejak digital Intel_Imut menunjukkan ia kemungkinan orang Indonesia aktif bahas politik dan isu lokal seperti banjir di Gunung Kidul. Namun identitas aslinya tak jelas dari data publik. Tak ada akun real lain yang terdeteksi. Ini mencerminkan","1906323477994324472","","AndreKiehl","in","","0","0","0","https://x.com/undefined/status/1906323477994324472","1720665183188922368",
"1906323310658617427","Sun Mar 30 12:31:09 +0000 2025","1","Ayo ramaikan agenda Lebaran-mu ke puncak PETAKA GUNUNG GEDE sekarang juga. PETAKA GUNUNG GEDE sedang tayang di Bioskop. Pesan tiketnya sekarang. @petakagununggede #PetakaGunungGede #FilmPetakaGunungGede https://t.co/rvxNu2p3bm","1906323310658617427","https://pbs.twimg.com/ext_tw_video_thumb/1906323252223643648/pu/img/nMgoZftflzRxHGw3.jpg","","in","","0","0","0","https://x.com/undefined/status/1906323310658617427","71190489",
"1906323115388661776","Sun Mar 30 12:30:23 +0000 2025","0","sedangkan titik tertinggi adalah 8.848 m di puncak Gunung Everest. Ketinggian rata-rata permukaan tanah dihitung dari permukaan laut adalah 840 m. The height of the Earth's land surface varies. The lowest point is at an altitude of −418 m at the Dead Sea ","1906323115388661776","","","in","","0","0","0","https://x.com/undefined/status/1906323115388661776","486296660",
"1906318978408206753","Sun Mar 30 12:27:44 +0000 2025","0","@trashsmoke3 ajg muak gw main gunung gunungan bgst","1906322450263974355","","trashsmoke3","in","","0","1","0","https://x.com/undefined/status/1906322450263974355","3325196439",
"1906321677077942611","Sun Mar 30 12:25:47 +0000 2025","0","orang besok lebaran disuruh laporan ppt buat monthly meet sama dia karena dia tanggal 2-4 nya lagi di gunung??? dih peduli amat kenapa harus ikutin jadwal lu ya","1906321960797339892","","matchusak","in","","0","0","0","https://x.com/undefined/status/1906321960797339892","3018223388",
"1906321205248078187","Sun Mar 30 12:22:47 +0000 2025","0","@Roseee soalnya Ayen suka nya ngerujak semut RangRang. Tau ngga semut RangRang? Kalau ngga tau push-up ya di gunung Fuji.","1906321205248078187","","Roseee","in","","0","2","0","https://x.com/undefined/status/1906321205248078187","1496308304",
"1906127341149143445","Sun Mar 30 12:22:22 +0000 2025","0","@TOM5helby Kaum pelangi di Istana seperti fenomena gunung es..","1906321099262148931","","TOM5helby","in","","0","0","0","https://x.com/undefined/status/1906321099262148931","1767174497692708865",
"1906303741487366611","Sun Mar 30 11:13:24 +0000 2025","0","Ntar kalo jalan kulonprogo ke gunung kidul dah jadi bakalan deket....","1906303741487366611","","","in","","0","0","0","https://x.com/undefined/status/1906303741487366611","1784046639398932480",
"1906303140795912357","Sun Mar 30 11:11:00 +0000 2025","1","Ya gitulah Biasa di gunung https://t.co/Urr7tMINN6","1906303140795912357","https://pbs.twimg.com/media/GnSMmDpbEAAX8aM.jpg","","in","","0","0","0","https://x.com/undefined/status/1906303140795912357","730333184890523648",
"1906302807474422242","Sun Mar 30 11:09:41 +0000 2025","0","termasuk rangkaian punggung tengah samudra dan gunung api bawah laut bentang lainnya adalah palung laut lembah bawah laut dataran tinggi samudra dan dataran abisal. .","1906302807474422242","","","in","","0","0","0","https://x.com/undefined/status/1906302807474422242","486296660",
"1906302392871825649","Sun Mar 30 11:08:02 +0000 2025","6"," cilik ngaji le...cilik ngaji...ndang wis gedhe ngangsur BRI... Ilmu mindah gunung Mas kaji @sopirgabut_ https://t.co/XtADUyA0NP","1906302392871825649","https://pbs.twimg.com/ext_tw_video_thumb/1906302337997815808/pu/img/c7OYmTcQNPArhTK3.jpg","","in","","0","0","0","https://x.com/undefined/status/1906302392871825649","1460105406856916994",
"1906302051673612293","Sun Mar 30 11:06:41 +0000 2025","1","bukan gapura kabupaten lagi ini mah gunung bromo https://t.co/BMJ9KrEmOI","1906302051673612293","https://pbs.twimg.com/amplify_video_thumb/1906296003759849472/img/GoUtHjfP93QVbKEp.jpg","","in","","0","0","0","https://x.com/undefined/status/1906302051673612293","287494139",
"1906293691951595855","Sun Mar 30 11:06:24 +0000 2025","0","@txtfromIR naik ke atas gunung lalu gelinding ke bawah nyari jagung bakar","1906301982467367161","","txtfromIR","in","","0","0","0","https://x.com/undefined/status/1906301982467367161","358057418",
"1906301868575269051","Sun Mar 30 11:05:57 +0000 2025","0","Bole Juga Suka Gua Liat Gunung IniEh! Kata YaH WEh Pilih AJaLaH Mau GununG YanG Mana NanTi BuaT Escape! Makasi Banyak Om Hao Mas Amai Dan Team KTJ Cameramen! Uda Da Da UDzehLaH Lama Kali Gak NonTon KTJ https://t.co/U1b5svQuPD","1906301868575269051","https://pbs.twimg.com/media/GnSLcmjaoAEcBPT.jpg","","in","","0","0","0","https://x.com/undefined/status/1906301868575269051","1569248085846667264",
"1906008503606559088","Sun Mar 30 11:01:44 +0000 2025","0","@tanyarlfes Nder ini ada hutan gunung sawah lautan simpanan kekayaan Siapa tau mau liat. Kasian ampe bersumpah gitu:( https://t.co/NIsZeA6FkB","1906300807294959806","https://pbs.twimg.com/media/GnSKYR5a8AAosz2.jpg","tanyarlfes","in","","0","0","0","https://x.com/undefined/status/1906300807294959806","1690623359812550656",
"1906300474124640588","Sun Mar 30 11:00:25 +0000 2025","4","mendaki gunung lewati lembah sungai mengalir indah ke samudra #NgabubuRine https://t.co/poqEsKAyx4","1906300474124640588","https://pbs.twimg.com/media/GnSKJ9-bcAA1ugv.jpg","","in","","0","1","0","https://x.com/undefined/status/1906300474124640588","1820097790086930432",
"1906296655441199587","Sun Mar 30 10:57:21 +0000 2025","0","@eulasver @babufess map nya suku varesa di dalam gunung merapi nya itu","1906299704985682404","","eulasver","in","","0","0","0","https://x.com/undefined/status/1906299704985682404","1114143093618401280",
"1905920798428217789","Sun Mar 30 10:55:14 +0000 2025","0","@gumpnhell dibanding mereka gw terlihat amatir banget. https://t.co/75WP6Cx7lX","1906299171625480229","https://pbs.twimg.com/tweet_video_thumb/GnSI_QGaIAA6cWb.jpg","gumpnhell","in","","0","0","0","https://x.com/undefined/status/1906299171625480229","1735141551393878016",
"1906296655441199587","Sun Mar 30 10:54:56 +0000 2025","0","@eulasver @babufess soalnya di awal quest nya kita disuruh masuk ke gunung merapi kak tapi ujungnya malah banyak langit gini","1906299096903893122","","eulasver","in","","0","1","0","https://x.com/undefined/status/1906299096903893122","1114143093618401280",
"1906272129424953388","Sun Mar 30 10:54:21 +0000 2025","0","@milkwayxxadpr HAH KOK KAYAK GUNUNG BUDHEG","1906298951265034623","","milkywayxxadpr","in","","0","1","0","https://x.com/undefined/status/1906298951265034623","1621403035284168705",
"1906298736894161374","Sun Mar 30 10:53:30 +0000 2025","0","wow bks tinggal pemain inti sampe gunung gunung pada keliatan","1906298736894161374","","","in","","0","1","0","https://x.com/undefined/status/1906298736894161374","998601639337443329",
"1906253107014881642","Sun Mar 30 10:52:25 +0000 2025","0","@hansooyoungtxt Gunung apaaaa je?","1906298463253610929","","haijeworst","in","","0","1","0","https://x.com/undefined/status/1906298463253610929","1573517492815007744",
"1906227418626740672","Sun Mar 30 10:51:07 +0000 2025","0","@tirta_cipeng Sodaraku malah jadi joki..‍️","1906298135363854627","","tirta_cipeng","in","","0","0","0","https://x.com/undefined/status/1906298135363854627","1735141551393878016",
"1905995034832535575","Sun Mar 30 10:50:02 +0000 2025","0","@RenLe11738 @eskulkulnuget gapapaaa gimana enaknya kamu ajaa. klo alurku cepet bgt bebb jadi takut keliatan buru-buru banget wkwkw intinya pertama pdkt trs cwoku ngajak jalan ga lama kita naik gunung barengan dan kita semakin deket turun gunung dia nembak jadian deh sampe skrg.","1906297864424505605","","RenLe11738","in","","0","1","0","https://x.com/undefined/status/1906297864424505605","1511671637573513218",
"1906297026494836773","Sun Mar 30 10:46:43 +0000 2025","3","Secerah itu Jakarta sampe gunung gede aja keliatan https://t.co/3fbGNFp1cA","1906297026494836773","https://pbs.twimg.com/ext_tw_video_thumb/1906296606506569728/pu/img/tSC4U9oN91j_td-M.jpg","","in","","0","0","0","https://x.com/undefined/status/1906297026494836773","1651974431449976833",
"1906272760122478780","Sun Mar 30 10:46:35 +0000 2025","1","@DokterbedahYK Familiku post chemo diet pantangan sampe taraf yg over akhirnya kurus kering ketika kena penyakit di luar cancer nya malah ga bertahan akhirnya meninggal..padahal cancernya telah clean..","1906296994542362977","","DokterbedahYK","in","","0","0","0","https://x.com/undefined/status/1906296994542362977","1735141551393878016",
"1906296994165100634","Sun Mar 30 10:46:35 +0000 2025","0","Okeee exfonya nanti aja abis lebaran sambil deg2an Bulann depan ketemu ama dr. Gunung ga at least ga boleh mengecewakan pliss mau bereeesssss","1906296994165100634","","","in","","0","0","0","https://x.com/undefined/status/1906296994165100634","1546101162428215296",
"1906286168851050546","Sun Mar 30 10:08:10 +0000 2025","0","@hipsxtermaid @grok Indonesia emang selalu rame ya! Dengan 270 juta penduduk budaya beragam dan politik yang dinamis wajar banyak gebrakan. Lokasinya di Ring of Fire juga bikin bencana alam sering terjadi kayak erupsi gunung berapi. Plus pertumbuhan ekonomi dan perubahan sosial terus https://t.co/BpUScaQrW6","1906287327355236518","https://pbs.twimg.com/media/Gmq5_TyagAAeXrQ.jpg","hipsxtermaid","in","","0","0","0","https://x.com/undefined/status/1906287327355236518","1720665183188922368",
"1906203941102293419","Sun Mar 30 10:04:04 +0000 2025","0","@nevermind_dudes oalaa kirain disuruh mendaki gunung","1906286294734717386","","nevermind_dudes","in","","0","0","0","https://x.com/undefined/status/1906286294734717386","1562757941106601986",
"1906286048881360971","Sun Mar 30 10:03:05 +0000 2025","0","pls siapapun ajak aku naik gunung habis lebarann :)","1906286048881360971","","","in","","0","0","0","https://x.com/undefined/status/1906286048881360971","1825141796273532928",
"1906285941729181991","Sun Mar 30 10:02:40 +0000 2025","0","Gunung","1906285941729181991","","","in","","0","0","0","https://x.com/undefined/status/1906285941729181991","887991114216624128",
"1906285472307155435","Sun Mar 30 10:02:36 +0000 2025","0","@iwasnotfound Kondisi Indonesia saat ini menunjukkan keresahan politik akibat UU militer baru yang memicu protes khawatirkan demokrasi. Ekonomi stabil dengan proyeksi pertumbuhan PDB 5% di 2025 didukung konsumsi domestik. Bencana alam seperti erupsi gunung dan gempa baru-baru ini memengaruhi","1906285925203587317","","iwasnotfound","in","","0","0","0","https://x.com/undefined/status/1906285925203587317","1720665183188922368",
"1906285437641200051","Sun Mar 30 10:02:31 +0000 2025","0","@batmanbaiks mungkin di tengah gunung ada yg menghambat seperti pepohonan?","1906285904903197062","","batmanbaiks","in","","0","0","0","https://x.com/undefined/status/1906285904903197062","1896850108328902657",
"1906266000263197172","Sun Mar 30 10:00:12 +0000 2025","4","@unsoedmfs lapangan grendeng ntar dapat view gunung slamet yang cakep https://t.co/8bCus9CmC4","1906285320372621582","https://pbs.twimg.com/media/GnR8YzuawAAi1G8.jpg","unsoedmfs","in","","0","0","0","https://x.com/undefined/status/1906285320372621582","1319941492731826178",
"1906285294892298654","Sun Mar 30 10:00:06 +0000 2025","0","Selain naik gunung sifat asli manusia akan terlihat saat antri takjil","1906285294892298654","","","in","","0","0","0","https://x.com/undefined/status/1906285294892298654","1682841059536273408",
"1906284565439852835","Sun Mar 30 09:58:09 +0000 2025","2","1. Tembakau Lamsi Rekomendasi pertama yang akan saya berikan adalah tembakau Lamsi tembakau ini berasal dari utara Gunung Sumbing Temanggung. Secara rasa tembakau ini memiliki rasa yang manis berbeda dengan tembakau di lereng Sindoro yang memiliki rasa hambar.","1906284808202035528","","KomunitasKretek","in","","0","1","0","https://x.com/undefined/status/1906284808202035528","455508743",
"1906261355109155049","Sun Mar 30 09:57:19 +0000 2025","1","@jorgianaaa Lagi mendaki di gunung Slamet","1906284598168055850","","jorgianaaa","in","","0","1","0","https://x.com/undefined/status/1906284598168055850","1264153693265379330",
"1906248425089515925","Sun Mar 30 09:55:51 +0000 2025","0","@ihystfusya Style gunung kinabalu yuki ","1906284227504619927","","ihystfusya","in","","0","0","0","https://x.com/undefined/status/1906284227504619927","1451740180520390662",
"1906284215521759634","Sun Mar 30 09:55:48 +0000 2025","0","keluarga aneh udh di gunung malah balik lagi ","1906284215521759634","","","in","","0","0","0","https://x.com/undefined/status/1906284215521759634","1336369054471221248",
"1905945366002012451","Sun Mar 30 09:49:03 +0000 2025","0","@agungwarancak Kalau saya prefrensinya ada di opsi 1; karena masifnya laju pembangunan hari ini jogja dan gunung kidul juga sdg menjadi arena baru dan bisa mengcover opsi 3. Opsi 2 jg menarik Bli krn bisa melanskap banyak fenomena dan sbg ruang baru utk menyelami ilmu hukum.","1906282516819968447","","agungwarancak","in","","0","0","0","https://x.com/undefined/status/1906282516819968447","1875044297718005760",
"1906281846352265723","Sun Mar 30 09:46:23 +0000 2025","0","Diminta jadi Porter buat open trip gunung. Mmmmmmmm mewnarik nich","1906281846352265723","","","in","","0","0","0","https://x.com/undefined/status/1906281846352265723","1717031453580738560",
"1906268975367082060","Sun Mar 30 09:45:07 +0000 2025","5","@SpieltagIndo Kalo sampe Klopp turun gunung apa ga bakal diamuk sama Fans Dortmund/Mainz","1906281527337500956","","SpieltagIndo","in","","0","1","0","https://x.com/undefined/status/1906281527337500956","240113309",
"1906280202206089594","Sun Mar 30 09:39:51 +0000 2025","0","junseo kyak lagi ngajarin org gunung yg gak tau sosmed https://t.co/kZgRhi6n5n","1906280202206089594","https://pbs.twimg.com/ext_tw_video_thumb/1906166068529463297/pu/img/ygjnPZkfzSsXTpnr.jpg","","in","","0","0","0","https://x.com/undefined/status/1906280202206089594","1145316629489709056",
"1906280170471981353","Sun Mar 30 09:39:44 +0000 2025","0","anak gunung baru dapet sinyal","1906280170471981353","","","in","","0","1","0","https://x.com/undefined/status/1906280170471981353","1336273178",
"1906263665147580863","Sun Mar 30 09:38:20 +0000 2025","0","@justforleehan Fancam lu isinya ada watermark segede gunung semua ntar","1906279817286467893","","justforleehan","in","","0","1","0","https://x.com/undefined/status/1906279817286467893","1819752982591971328",
"1906278425800962127","Sun Mar 30 09:32:48 +0000 2025","0","aku gunung kidul aja deh kalo gitu.","1906278425800962127","","","in","","0","0","0","https://x.com/undefined/status/1906278425800962127","2463074557",
"1906278018441740556","Sun Mar 30 09:31:11 +0000 2025","9","Kalo negara ga seanjing ini akun gw tuh cuma 1. ngobrolin musik esoterik sama oomfies 2. post picrew 3. post selfie 4. post kucing 5. cerita riset 6. post puisi 7. post foto sawah dan gunung","1906278018441740556","","","in","","1","0","0","https://x.com/undefined/status/1906278018441740556","1641193817092276224",
"1906226454901170534","Sun Mar 30 08:45:15 +0000 2025","0","@ezteh_maniez naik gunung min","1906266461179678853","","ezteh_maniez","in","","0","0","0","https://x.com/undefined/status/1906266461179678853","1106879309862440961",
"1906266383765098885","Sun Mar 30 08:44:57 +0000 2025","0","Anniv 10th bisa kali naik gunung liat sunrise lagi terus foto di spot yg sama","1906266383765098885","","","in","","0","0","0","https://x.com/undefined/status/1906266383765098885","1177367453887631366",
"1906266362550555040","Sun Mar 30 08:44:52 +0000 2025","1","Bukber sambil liatin view gunung lawu https://t.co/iMj5WYMbr6","1906266362550555040","https://pbs.twimg.com/media/GnRrIyGbMAADk4C.jpg","","in","","0","2","0","https://x.com/undefined/status/1906266362550555040","1730522692275814400",
"1906117966636404902","Sun Mar 30 08:44:38 +0000 2025","0","@aungdrop Keren bro gunung mna itu?","1906266305042239688","","aungdrop","in","","0","1","0","https://x.com/undefined/status/1906266305042239688","1849115615703019521",
"1906264042823426158","Sun Mar 30 08:41:11 +0000 2025","0","@pohansss Even belah gunung tetep macet ya","1906265438696382513","","Hansellma23","in","","0","0","0","https://x.com/undefined/status/1906265438696382513","1661662256726425602",
"1905912328589365311","Sun Mar 30 08:40:00 +0000 2025","0","@txtfromjogja Gunung kidul ","1906265140523397172","","txtfromjogja","in","","0","0","0","https://x.com/undefined/status/1906265140523397172","1585873555430207489",
"1906263713302376817","Sun Mar 30 08:39:24 +0000 2025","2","@goonjol Sesar nya semoga gak njepat di gunung jogo jagat","1906264989419380799","","goonjol","in","","0","0","0","https://x.com/undefined/status/1906264989419380799","727800844792406016",
"1905744051883946327","Sun Mar 30 08:39:15 +0000 2025","0","@kupikirsenja @goodnice1286414 @gagal_hijrah hah ga pernah ketemu? gimana cerita wahyu turun ga pernah bertemu dan berdialog. contoh nabi Musa menerima wahyu dari tuhan di gunung sinai Mesir. nabi muhammad menerima wahyu di Gua hira Arab saudi. melalui perantara gabriel/jibril. peristiwanya jelas. nah ini kapan dan dimna","1906264948478730387","","kupikirsenja","in","","0","1","0","https://x.com/undefined/status/1906264948478730387","1498388434691715073",
"1906264808334545148","Sun Mar 30 08:38:41 +0000 2025","0","tipsnya adalah punya ego dan gengsi setinggi gunung everest ini kondisinya juga di luar kota tengah malam lagi jadi abi gak se effort itu buat nyamperin hehe","1906264808334545148","","","in","","0","1","0","https://x.com/undefined/status/1906264808334545148","1667042432222138368",
"1906227302297632812","Sun Mar 30 08:37:23 +0000 2025","0","@pchyswty Gengsi setinggu gunung ni jagel","1906264481921159238","","pchyswty","in","","0","0","0","https://x.com/undefined/status/1906264481921159238","1654850563690102784",
"1906264042823426158","Sun Mar 30 08:35:39 +0000 2025","0","Dari Solo ke arah pantai Gunung Kidul Macet ga ya ntar habis lebaran ","1906264042823426158","","","in","","0","1","0","https://x.com/undefined/status/1906264042823426158","1661662256726425602",
"1906207287900831796","Sun Mar 30 08:34:37 +0000 2025","0","@NahidaArchon @babufess Setelah ngerjain Quest di gunung trs udh ngerjain quest kecil²an bareng si Fuwaa itu baru bisa dpt questnya","1906263785083711631","","NahidaArchon","in","","0","1","0","https://x.com/undefined/status/1906263785083711631","1389654907448303616",
"1906262898139349257","Sun Mar 30 08:31:48 +0000 2025","0","@Portalmaze mana gunung everestnya","1906263075189407980","","maboketoprak","in","","0","1","0","https://x.com/undefined/status/1906263075189407980","1843974255098368000",
"1906260262006743387","Sun Mar 30 08:31:39 +0000 2025","0","@MochizukiEri di aku jg lumayan ini 29° pdhl dket gunung","1906263039600660521","","MochizukiEri","in","","0","1","0","https://x.com/undefined/status/1906263039600660521","1617332592",
"1906232009141477786","Sun Mar 30 08:28:29 +0000 2025","0","@yongkrru tumben turun gunung dah lama gak keliatan","1906262239583355163","","yongkrru","in","","0","0","0","https://x.com/undefined/status/1906262239583355163","1442000038066982913",
"1906260652584513852","Sun Mar 30 08:25:28 +0000 2025","0","eh tapi gue sebenernya gak tau sih tianguan itu maksudnya tgcf atau bukan TAPI TETEP AJA ANJINGGGGG woy netizen biasain jgn suka komenin hasil karya orang lain kalo lu aja cuma bisa gambar pemandangan gunung sama sawah !!!!","1906261480263069984","","shinyugeulis_","in","","0","0","0","https://x.com/undefined/status/1906261480263069984","1294156868579811328",
"1906261355109155049","Sun Mar 30 08:24:58 +0000 2025","322","Kalo negara ga seanjing ini akun gw tuh cuma 1. Akun terakhir ngetwit tahun 2016 2. Entah lagi di gunung hutan atau museum mana","1906261355109155049","","","in","","10","2","31","https://x.com/undefined/status/1906261355109155049","162039709",
"1906253327031296489","Sun Mar 30 08:20:34 +0000 2025","0","@HEAVENLYO4 DI GUNUNG KAH???","1906260247892947090","","HEAVENLYO4","tl","","0","1","0","https://x.com/undefined/status/1906260247892947090","1491328493212553217",
"1906260060616962308","Sun Mar 30 08:19:49 +0000 2025","0","esok petang cousin lelaki i kata nak OOTD dekat gunung. dia lupa I siap.","1906260060616962308","","","in","","0","0","0","https://x.com/undefined/status/1906260060616962308","392857775",
"1906239521748058249","Sun Mar 30 08:19:41 +0000 2025","0","@ppzink Oalah melewati gunung mendaki lembah ia makana lama ","1906260027570294799","","ppzink","in","","0","0","0","https://x.com/undefined/status/1906260027570294799","1956053528",
"1906062653237469401","Sun Mar 30 08:19:31 +0000 2025","0","@tirta_cipeng 4000 MDPL gila yak gunung Semeru AE kalah ","1906259983609774542","","tirta_cipeng","in","","0","0","0","https://x.com/undefined/status/1906259983609774542","226037850",
"1906259945177407849","Sun Mar 30 08:19:22 +0000 2025","0","gue tiap mudik wkwk sanderan kepala nya yah tas2 koper prnh wktu itu lg wfh jd gue mudik dan lg kerja sm online gmeet sampe emoh krn udah di blkg liatin layar laptop sempit jalanan mudik gue tuh naik gunung lewati lembah alias belok2 mual ","1906259945177407849","","","in","","0","2","0","https://x.com/undefined/status/1906259945177407849","76609795",
"1906259431651692927","Sun Mar 30 08:17:19 +0000 2025","0","a bit questioning my nap's dream bisa-bisanya siang hari mimpi akt 22 pada nikmatin masa-masa akhir bareng smbil bbqan malem-malem trus ada video mapping di gunung slamet ","1906259431651692927","","","in","","0","1","0","https://x.com/undefined/status/1906259431651692927","1483243292905345024",
"1905929600334713330","Sun Mar 30 08:16:10 +0000 2025","0","@plavenwa Gpp kan sedikit2 lama2 mnjdi gunung","1906259140915146839","","plavenwa","in","","0","1","0","https://x.com/undefined/status/1906259140915146839","1496300606830440448",
"1906251514160538084","Sun Mar 30 08:14:49 +0000 2025","0","@heelicius rill aku abis ngelakuin itu..... mana banyak bgt kaya gunung ","1906258800484741626","","heelicius","in","","0","0","0","https://x.com/undefined/status/1906258800484741626","1479427887199444994",
"1906226132355359174","Sun Mar 30 08:12:18 +0000 2025","0","@ezteh_maniez wah ini gunung merapi bukan si ?","1906258167488790636","","ezteh_maniez","in","","0","0","0","https://x.com/undefined/status/1906258167488790636","1621548820034367488",
"1906132995725295943","Sun Mar 30 08:11:30 +0000 2025","0","@kiwalipitu @AntarticaSnowWW @andi_achilles Vs dnl separingga","1906257968372572336","","Gunung_Agoeng","in","","0","0","0","https://x.com/undefined/status/1906257968372572336","1701624074877984768",
"1906132995725295943","Sun Mar 30 08:10:15 +0000 2025","1","@kiwalipitu @AntarticaSnowWW @andi_achilles Mbah beye jg","1906257650628894888","","kiwalipitu","in","","0","1","0","https://x.com/undefined/status/1906257650628894888","1701624074877984768",
"1903106374780977169","Sun Mar 30 08:09:23 +0000 2025","1","@redcherryvk Biar ngga marah2 itu si Io coba kecup aja nael biar meleleh gunung esnya","1906257433212915963","","redcherryvk","in","","0","0","0","https://x.com/undefined/status/1906257433212915963","270709707",
"1905656155336049020","Sun Mar 30 08:05:14 +0000 2025","0","@august_resemble @tanyakanrl Padahal jatim yang di kaki gunung itu juga dingin lho","1906256388025888950","","august_resemble","in","","0","0","0","https://x.com/undefined/status/1906256388025888950","1105261989532594176",
"1905995529412399268","Sun Mar 30 08:05:03 +0000 2025","1","@chikayongg @freiya_n nghokey~~ met liburan yaa ciwiciwi kuh (chika jgn lupa turun gunung)","1906256342056423854","","chikayongg","in","","0","0","0","https://x.com/undefined/status/1906256342056423854","1338370830229639168",
"1906043045071774038","Sun Mar 30 08:04:59 +0000 2025","0","@whynissss Jirrr langsung naik gunung melampiaskan patah hati wkw","1906256325103030280","","whynissss","in","","0","1","0","https://x.com/undefined/status/1906256325103030280","384211881",
"1906255954515267623","Sun Mar 30 08:03:30 +0000 2025","1"," Kalau Saja bumi Dan gunung itu bkn pencinta..tentu rumput tak Akan tumbuh dari dada mereka.. -Rumi- https://t.co/PQkw8II1Db","1906255954515267623","https://pbs.twimg.com/media/GnRhsDJawAA_pxk.jpg","","in","","0","0","1","https://x.com/undefined/status/1906255954515267623","707572759518257152",
"1906255632769925532","Sun Mar 30 08:02:14 +0000 2025","0","ego setinggi gunung everest","1906255632769925532","","","in","","0","0","0","https://x.com/undefined/status/1906255632769925532","1340188605356986368",
"1905995529412399268","Sun Mar 30 07:58:35 +0000 2025","0","@freiya_n @pnpnjeong wkwkw ingyh aku mudik ke puncak gunung lagian","1906254716289302927","","freiya_n","in","","0","1","0","https://x.com/undefined/status/1906254716289302927","1862404037150486528",
"1906254635599614008","Sun Mar 30 07:58:16 +0000 2025","0","bulan2 sekarang ini aman ga ya mantai ke gunung kidul??","1906254635599614008","","","in","","0","0","0","https://x.com/undefined/status/1906254635599614008","1200787966496399360",
"1906236210428657954","Sun Mar 30 07:58:08 +0000 2025","0","@convomf Karena aku tinggal di kaki gunung dingin bgtt malah lebih dingin dari biasanyaa","1906254601067827657","","convomf","in","","0","0","0","https://x.com/undefined/status/1906254601067827657","1712987162306826240",
"1906185671351677025","Sun Mar 30 07:57:45 +0000 2025","0","@pergijauh18_ Keknya klo cowo single jatuhnya ke hobi dah uangnya Misal modif motor atau naaik gunung","1906254507690139840","","pergijauh18_","in","","0","1","0","https://x.com/undefined/status/1906254507690139840","1876437306737131520",
"1906199870085714417","Sun Mar 30 07:56:57 +0000 2025","0","@schoonheid16 Soalnya yc bener² udh extreme bgt (daki gunung bersalju rock climbing nyelam laut)","1906254306342314052","","","in","","0","0","0","https://x.com/undefined/status/1906254306342314052","1705834849838481408",
"1906218161654956398","Sun Mar 30 07:56:56 +0000 2025","0","@urvalueboy abis mendaki gunung lewati lembah","1906254302324130119","","urvalueboy","in","","0","0","0","https://x.com/undefined/status/1906254302324130119","1669707031526408192",
"1906240769226424359","Sun Mar 30 07:28:37 +0000 2025","1","@blalangsmbahh Berikut jadwal workout tanpa alat 3 hari seminggu: **Hari 1**: Pompa Tangan 10x3 Skwat 15x3 Langkah Maju 10x3 per kaki Papan 30 detikx3. **Hari 2**: Burpee 5x3 Pendaki Gunung 20x3 Sit-up 15x3 Jembatan Pinggul 15x3. **Hari 3**: Push-up Berliannan 10x3 Angkat Kaki","1906247174494572713","","blalangsmbahh","in","","0","0","0","https://x.com/undefined/status/1906247174494572713","1720665183188922368",
"1906204591680856537","Sun Mar 30 07:27:31 +0000 2025","1","@bussbuzzy @SukasukamiAe @promisenewera @unmagnetism Kita punya gunung emas bang:) sama aja","1906246896873816274","","bussbuzzy","in","","0","0","0","https://x.com/undefined/status/1906246896873816274","1513257016399372288",
"1905901859849769001","Sun Mar 30 07:26:19 +0000 2025","0","@kevinchoc pertanda ngeroasting hantu di gunung bersama @Dzawinur","1906246594560942198","","kevinchoc","in","","0","0","0","https://x.com/undefined/status/1906246594560942198","1794254866526949376",
"1906246381419077865","Sun Mar 30 07:25:55 +0000 2025","0","Kapolres Way Kanan Polda Lampung AKBP Adanan Mangopang melaksanakan peninjauan arus mudik Lebaran 2025 di pos pelayanan di Rest area Kampung Suka Negeri Kecamatan Gunung Labuhan Way Kanan. Minggu(30/3/2025).","1906246496737243337","","humaspolreswk","in","","0","0","0","https://x.com/undefined/status/1906246496737243337","767610884269146112",
"1906178146417660286","Sun Mar 30 07:24:58 +0000 2025","0","@shotaro_id Gunung yg sama dengan ppku","1906246257095413943","","shotaro_id","in","","0","1","0","https://x.com/undefined/status/1906246257095413943","1213373099481034752",
"1906246130494771327","Sun Mar 30 07:24:28 +0000 2025","0","Kemaren bawaannya adem banget langit juga cerah sampe gunung pada keliatan kenapa sekarang panas bgt ya?","1906246130494771327","","","in","","0","0","0","https://x.com/undefined/status/1906246130494771327","626912199",
"1906241542601490481","Sun Mar 30 07:24:27 +0000 2025","1","@M_Hidaya7 Yahhh siapa lagi yahhh WKWKKWKWKWK Orgnya turun gunung besok","1906246126577279127","","M_Hidaya7","in","","0","0","0","https://x.com/undefined/status/1906246126577279127","1229258534417682433",
"1905815649785688166","Sun Mar 30 07:24:17 +0000 2025","0","@barryfishermann Aaaa lari ada nagih naik gunung","1906246086383308995","","barryfishermann","in","","0","0","0","https://x.com/undefined/status/1906246086383308995","248072718",
"1906008503606559088","Sun Mar 30 07:20:43 +0000 2025","9","@tanyarlfes kak udah kak sedih banget bacanya nih tak kasih foto sawah dan gunung jangan sedih lagi ya https://t.co/AUmLBAThoA","1906245186595999852","https://pbs.twimg.com/media/GnRX3eBb0AAM_80.jpg","tanyarlfes","in","","0","0","0","https://x.com/undefined/status/1906245186595999852","3112806668",
"1905597817965744437","Sun Mar 30 07:19:14 +0000 2025","0","@rinshuayunaa Wkwkwk babe kamu mau naik gunung mana ???","1906244814087311401","","rinshuayunaa","in","","0","0","0","https://x.com/undefined/status/1906244814087311401","1761764594878763008",
"1906244113776939009","Sun Mar 30 07:16:27 +0000 2025","0","Gw pengen ke gunung pengen mantai pengen naik kapal pengen menikmati keindahan alam dunia. Tapi gw ga ada temennn Uang bisa lah dicari temen yg mau susah dicari bjir","1906244113776939009","","","in","","0","0","0","https://x.com/undefined/status/1906244113776939009","1331968682579247110",
"1905966516065157599","Sun Mar 30 07:14:17 +0000 2025","0","@NenkMonica @DediMulyadi71 Daek kabebenyokeun ku duit 50rb org batujajar cililin sindangkerta gunung halu cijenuk mah. Ampun dekah.","1906243565791203712","","NenkMonica","in","","1","0","0","https://x.com/undefined/status/1906243565791203712","458492705",
"1906039897913507972","Sun Mar 30 07:11:50 +0000 2025","0","@fevervilles HAH GUNUNG VOLKANO SEBELAH MANA?","1906242951883497860","","fevervilles","in","","0","1","0","https://x.com/undefined/status/1906242951883497860","2359161656",
"1906242625084194948","Sun Mar 30 07:10:32 +0000 2025","0","pengen naik gunung lagi.","1906242625084194948","","","in","","0","0","0","https://x.com/undefined/status/1906242625084194948","1737488014605975553",
"1905123218572312985","Sun Mar 30 07:09:11 +0000 2025","0","@BEINGSlMS Waduh berat. Kayaknya ga bisa. Gimana kalau kita makan tapi sambil hirup udara Gunung Fuji dari kantong yang gue udah beli si Shopee ini.","1906242286171611318","","BEINGSlMS","in","","0","0","0","https://x.com/undefined/status/1906242286171611318","3242678686",
"1906241315173769587","Sun Mar 30 07:05:20 +0000 2025","1","Dalam suasana penuh kehangatan dan kasih sayang di bulan suci Ramadan Kapolda Kaltara menggelar kegiatan buka puasa bersama anak-anak Selumit Pantai yang berlangsung di Gedung Tarakan Marennu Gunung Lingkas Tarakan Timur. #poldakaltara #polripresisi #polisiuntukmasyarakat https://t.co/6oWYDFwEOd","1906241315173769587","https://pbs.twimg.com/media/GnRUXwWaUAAqH7s.jpg","","in","","0","0","0","https://x.com/undefined/status/1906241315173769587","1604136699164250114",
"1906241160458404251","Sun Mar 30 07:04:43 +0000 2025","0","gmn cara nya minta maaf bjir ke ortu pas lebaran as anak pertama yg gengsi nya kaya gunung es !?","1906241160458404251","","","in","","0","2","0","https://x.com/undefined/status/1906241160458404251","1766521049930432513",
"1906238885862187415","Sun Mar 30 07:02:21 +0000 2025","0","@asipuuu 7. Mendaki Gunung Talamau 8. Maen ke sasak 9. Beli ayam geprek pakde","1906240565773299803","","asyasmooth","in","","0","1","0","https://x.com/undefined/status/1906240565773299803","1654039236667125761",
"1906240530079789287","Sun Mar 30 07:02:13 +0000 2025","0","Kumisna udah kayak lukisan gunung anak sd","1906240530079789287","","","in","","0","0","0","https://x.com/undefined/status/1906240530079789287","1532881256949506048",
"1906118791614103968","Sun Mar 30 07:02:00 +0000 2025","2","@yohanbaekwon Aku liat ini jd inget slh satu au ka cikicuba mungkin ya aku lupa yg mg cari pacar sewaan buat dikenalin ke ortu eh malah beneran suka wn ngaku org jawa sodaranya seulgi. Trs mrk pisah dna ketemu lg di gunung. Itu plotnya hoshi jd org ke-3 yang ga ke-3 wkwkkw apaya","1906240477101514894","","yohanbaekwon","in","","0","1","0","https://x.com/undefined/status/1906240477101514894","882024324806303744",
"1906240307634618408","Sun Mar 30 07:01:20 +0000 2025","8","Baru nonton vlog myung terus aku mikir kyk apaa siih diaaa bndn president of onedoor yh sesayang itu sama member² dikit² oh mirip leehan ooh taesan suka ini taesan mau naik gunung tp aku yg naik terus telpon unak kayak emg kamulah onedoor nomor 1 ituu!!","1906240307634618408","","","in","","0","3","0","https://x.com/undefined/status/1906240307634618408","1420637807295434756",
"1906240169281573102","Sun Mar 30 07:00:47 +0000 2025","0","Gausah jauh2 sih kalian pada tau kan kalo kemaren ada dua gunung yg erupsi secara bersamaan di NTT? Tau kan? Gamungkin gatau lah ya","1906240169281573102","","","in","","0","0","0","https://x.com/undefined/status/1906240169281573102","1139896614078701568",
"1906237092566385073","Sun Mar 30 06:55:03 +0000 2025","0","@isbriu iyaaa cerah gitu jd keliatan gunung gede nyaa","1906238727346684156","","isbriu","in","","0","1","0","https://x.com/undefined/status/1906238727346684156","1780909204506820608",
"1906238685898793275","Sun Mar 30 06:54:53 +0000 2025","0","tbtb daki gunung","1906238685898793275","","","in","","0","0","0","https://x.com/undefined/status/1906238685898793275","1728737416574537728",
"1906235339900932512","Sun Mar 30 06:54:52 +0000 2025","0","@us_sylFiend Mau es krim tapi makannya di atas gunung berapi ","1906238682010673175","","us_sylFiend","in","","0","1","0","https://x.com/undefined/status/1906238682010673175","1865341742402437120",
"1906237438080483373","Sun Mar 30 06:53:29 +0000 2025","0","@xxxdntcallme Maaa asal kd harta gunung giri ja yg tetinggal ","1906238333925445945","","xxxdntcallme","in","","0","1","0","https://x.com/undefined/status/1906238333925445945","1246926437652692993",
"1906130458506863102","Sun Mar 30 06:53:05 +0000 2025","4","@AdamVelcro @abahnanisa @DediMulyadi71 kemaren liat di berita sih mau manggil pejabat yang terkait salah satunya bupati bandung barat mau dicabut + penanaman kembali pohon. semoga aja beneran kejadian. ngerinya lagi itu masuk lahan di dua gunung tangkuban parahu sama burangrang kalo ga salah. brengsek sih emang","1906238231546622298","","AdamVelcro","in","","0","1","2","https://x.com/undefined/status/1906238231546622298","64998327",
"1906231499474817402","Sun Mar 30 06:52:54 +0000 2025","0","@egglinton @thoriqmm Maaf nimbrung tapi Greater Tokyo mah mencakup kawasan hutan gunung dan perdesaan juga jadi kalau kepadatan sekadar populasi dibagi area tidak kelihatan bahwa sebagian daerah sangat padat sementara daerah2 lain hutan. Jakarta lebih pas dibandingkan dengan Tokyo Metropolis https://t.co/e6ek2VkvZU","1906238187673895001","https://pbs.twimg.com/media/GnRRhl9bgAA2Pik.jpg","egglinton","in","","0","2","0","https://x.com/undefined/status/1906238187673895001","15852453",
"1906238019033870370","Sun Mar 30 06:52:14 +0000 2025","9","Waktu ke gunung papandayan skskskks https://t.co/UqF4FrHsws","1906238019033870370","https://pbs.twimg.com/media/GnRRX56agAA60vS.jpg","","in","","0","1","0","https://x.com/undefined/status/1906238019033870370","1606198196283531264",
"1906237930986987873","Sun Mar 30 06:51:53 +0000 2025","0","I wish aku bisa naik gunung tahun ini","1906237930986987873","","","in","","0","1","0","https://x.com/undefined/status/1906237930986987873","1643548782112702464",
"1906237483664486630","Sun Mar 30 06:50:06 +0000 2025","0","Menguak Misteri Gunung Bawakaraeng Kesucian dan Keindahan Alam Sulawesi Selatan https://t.co/uIUlnX1MzY","1906237483664486630","","","in","","0","0","0","https://x.com/undefined/status/1906237483664486630","2711608536",
"1906235357642834095","Sun Mar 30 06:41:40 +0000 2025","0","Sandaran Jika jasad tak lagi patuh Otak letih hasilkan logika Jiwa tenggelam dalam duka Seantero makhluk tak dapat dipercaya Kemana lagi akan bersandar? Jika semua gunung meletus Bumi retak dan kering Matahari tak lagi bercahaya Kemana lagi akan pergi? Kemana aku akan kembali?","1906235357642834095","","","in","","0","0","0","https://x.com/undefined/status/1906235357642834095","1783326068801404928",
"1906233652167819628","Sun Mar 30 06:34:53 +0000 2025","0","Anggota Babinsa Koramil 09/Gunung Talang Kodim 0309/Solok bersama anggota Polres Satpol PP Anggota BPBD serta Dinas Kesehatan melaksanakan PAM jaga pos pantau lebaran Lubuk Selasih Sabtu 29 Maret 2025 https://t.co/HtlZMSYUpn","1906233652167819628","https://pbs.twimg.com/media/GnRNZyiaEAAom50.jpg","","in","","0","0","0","https://x.com/undefined/status/1906233652167819628","1664068865813512197",
"1905873010969428068","Sun Mar 30 06:34:39 +0000 2025","0","@diakallara Amin amin doa yang baik buat Yura yaaa! Hahahhaa kamu ini anak senja banget ya? Sekalian ngopi pemandangannya gunung sambil liat matahari terbenam! Hahahhaa kenapa? Masih menerima tukang cat","1906233594927870261","","audianth","in","","0","0","0","https://x.com/undefined/status/1906233594927870261","1457287370",
"1905979076248305925","Sun Mar 30 06:34:25 +0000 2025","0","@huhuhah44 iyh apakah lu gbisa liat rsa cinta gue yg se gede gunung ini zel ","1906233532923654243","","huhuhah44","in","","0","1","0","https://x.com/undefined/status/1906233532923654243","1859988196337340416",
"1906026731980607838","Sun Mar 30 06:33:41 +0000 2025","0","@ichahaho @intinyadeh Ih bener bangeeet 30 an nyari temen buat naik gunung susah bgt weh ","1906233348940542022","","ichaaatwit","in","","0","1","0","https://x.com/undefined/status/1906233348940542022","1757711651640664065",
"1905513303138542063","Sun Mar 30 06:31:45 +0000 2025","0","@kali_gunung @cholilnafis Tes DNA dengan haplogroup memang tidak bisa menentukan nasab tapi bisa untuk menolak nasab. Sampai di sini paham kan.","1906232864141889989","","autophile_lux","in","","0","1","0","https://x.com/undefined/status/1906232864141889989","1782378956051939328",
"1906039897913507972","Sun Mar 30 06:31:18 +0000 2025","0","@swanizh benar aku juga udah mancing di gunung volkano!!!","1906232752674152805","","Amoursiese","in","","0","1","0","https://x.com/undefined/status/1906232752674152805","1794282888000888833",
"1906232637813067820","Sun Mar 30 06:30:51 +0000 2025","0","Kyknya yg dingin cmn di gunung ma laut doanv deh","1906232637813067820","","","in","","0","0","0","https://x.com/undefined/status/1906232637813067820","1104368561215070208",
"1906231843684483524","Sun Mar 30 06:27:42 +0000 2025","49","Heboh foto pembukaan lahan skala besar di lereng Gunung Tangkuban Parahu tepatnya di Desa Karyawangi Kecamatan Parongpong Kabupaten Bandung Barat (KBB). Foto itu memperlihatkan aktivitas penggalian dan pengurugan (cut and fill) untuk pembangunan jalan serta bangunan di area https://t.co/LIgGiMMS1z","1906231843684483524","https://pbs.twimg.com/media/GnRLwklbkAAhv9x.jpg","","in","","3","8","10","https://x.com/undefined/status/1906231843684483524","1316243860280889345",
"1906231250031202807","Sun Mar 30 06:25:20 +0000 2025","7","Takbir berkumandang alam memanggil... ️ Lebaran tahun ini kita pilih ketenangan. Gunung pantai atau villa aesthetic yang penting quality time dengan orang tersayang! ️ @kompascom #LiburLebaranTenang #LebaranDiAlam #QualityTime #MomenSpesial #WisataHemat #ViralTikTok https://t.co/ubcYHF3jFt","1906231250031202807","https://pbs.twimg.com/amplify_video_thumb/1906230849336721408/img/UfF5re3RZV5zt5Yd.jpg","","in","","0","7","0","https://x.com/undefined/status/1906231250031202807","1825382097038856192",
"1905919521686462743","Sun Mar 30 06:23:03 +0000 2025","6","@tfdesbs @rosyholp Bagi I this vs best ye view gunung ganang tempat y lusi pg tu sangat cantik okeyh teringin nak pergi sana lawaa gila tempat dia then cara lusi interact dengan penduduk kg tu nice je dgn budak2 tu aww melt my heart byk pengajaran byk boleh ambil iktibar moga makin succes","1906230675453431916","","tfdesbs","in","","0","0","0","https://x.com/undefined/status/1906230675453431916","323304212",
"1906230153258340372","Sun Mar 30 06:20:59 +0000 2025","7","Takbir berkumandang alam memanggil... ️ Lebaran tahun ini kita pilih ketenangan. Gunung pantai atau villa aesthetic yang penting quality time dengan orang tersayang! ️ @kompascom #LiburLebaranTenang #LebaranDiAlam #QualityTime #MomenSpesial #WisataHemat #ViralTikTok https://t.co/S5gqvj0JnM","1906230153258340372","https://pbs.twimg.com/amplify_video_thumb/1906224166434656256/img/soqFyhBGkN94IZRx.jpg","","in","","0","7","0","https://x.com/undefined/status/1906230153258340372","1826147358318743552",
"1905572497522864430","Sun Mar 30 06:16:47 +0000 2025","0","@Ary_PrasKe2 @2TRafiS1 @__AnakKolong @Anak__Ogi @AntoniusCDN @Cintada16 @GM_Warrios @King_PWS_ @Marbot_Udien @Roebanie @Y_Radianto Di gunung bromo ada ladang ganja tu","1906229096272507226","","Ary_PrasKe2","in","","0","0","0","https://x.com/undefined/status/1906229096272507226","1737403253346988032",
"1906228808950452449","Sun Mar 30 06:15:41 +0000 2025","0","SERANGAN OEMOEM - Serangan Oemoem virus Covid-19 melanda Jogja. Film animasi fiksi ini menceritakan perjalanan sekumpulan anak-anak untuk mencari naga yang bersembunyi di Gunung Merapi untuk membantu melawan serangan oemoem ini.","1906228821046804546","","sonobudoyo","in","","0","1","0","https://x.com/undefined/status/1906228821046804546","1353150702",
"1905854207682286061","Sun Mar 30 06:13:31 +0000 2025","0","@domicije langitnya yg cerah atau emang deket sm gunung?","1906228273257885977","","pramonoafung","in","","0","0","0","https://x.com/undefined/status/1906228273257885977","1900682779593240577",
"1906227230289932681","Sun Mar 30 06:09:22 +0000 2025","8","Kalian keluar rumah sekaraanngg.. Saking cerahnya gunung pun terlihat dari Stasiun MRT Cipete sampai Lebak Bulus https://t.co/3erFfnerP7","1906227230289932681","https://pbs.twimg.com/media/GnRHiUTbAAAg_9F.jpg","","in","","0","3","1","https://x.com/undefined/status/1906227230289932681","1198969073461125123",
"1906217454898151648","Sun Mar 30 06:08:21 +0000 2025","0","@SkuterBro Icha asli Semarang jadi ga mudik kemana mana. Paling ke rumah abah nanti. Kali ini liburan ga main ke luar kota hehe tapi mau naik gunung","1906226976668434859","","doflameong","in","","0","1","0","https://x.com/undefined/status/1906226976668434859","1389468463421292553",
"1906224439114846549","Sun Mar 30 06:08:01 +0000 2025","0","@baymaxsad ih tapi mau moqeel agz balik kalo magz udah keliling gunung se indonesia dulu pls","1906226889728877026","","baymaxsad","in","","0","0","0","https://x.com/undefined/status/1906226889728877026","1462820221496946695",
"1906226514301272102","Sun Mar 30 06:06:33 +0000 2025","0","Gile bgt ni kecamatan satu di kaki gunung macetnya dah kek jkt ","1906226522274578837","","pinkishcalla","in","","0","0","0","https://x.com/undefined/status/1906226522274578837","1837495294722035715",
"1906225468313161975","Sun Mar 30 06:02:22 +0000 2025","0","gimana bisa gue ga bangga sama aespa setelah naik bukit turun lembah trs naik gunung lagi berkali kali??? BANGGA BGT SERIUS well deserved after passing through debut yang penuh hujatan itu coachella cb girls banyak lagi kalo dijabarin pokonya deserve","1906225468313161975","","","in","","0","0","0","https://x.com/undefined/status/1906225468313161975","1543078531072393216",
"1905970390268338549","Sun Mar 30 06:02:20 +0000 2025","0","@Agungdwps @wisnuwi077 @KickAgung @MuhammadiyinGL @grok Gak punya mesjid yg khusus MM","1906225460960473118","","Agungdwps","in","","0","0","0","https://x.com/undefined/status/1906225460960473118","1735141551393878016",
"1905970390268338549","Sun Mar 30 06:01:19 +0000 2025","0","@MuhammadiyinGL @grok Hai @grok rekomendasikan masakan untuk lebaran tahun ini sajikan jawabanmu dengan gambar ya terima kasih.","1906225205401313719","","MuhammadiyinGL","in","","0","0","0","https://x.com/undefined/status/1906225205401313719","1735141551393878016",
"1906006635166023895","Sun Mar 30 05:59:24 +0000 2025","0","@StefanAntonio__ Bisa2 lengser dia dilihat lah siapa ketum nya tu ormas..","1906224720900686201","","StefanAntonio__","in","","0","0","0","https://x.com/undefined/status/1906224720900686201","1735141551393878016",
"1906216019817005467","Sun Mar 30 05:57:11 +0000 2025","0","@mnkar Kalo di rempoah ini di kaki gunung slamet viewnya cuma 1 gunung tapi guede kalo Di dieng masiii koooo temenku hari ini otw sanaaa emang buagus polll tapi munusnya abis sholat eid macet parah. Ini juga yang di rempoah ternyata udah tarik tuntutannya si... ada ada aja wkwkw ","1906224166652739699","","mnkar","in","","0","1","0","https://x.com/undefined/status/1906224166652739699","1704501246231449600",
"1906008049732726883","Sun Mar 30 05:56:04 +0000 2025","83","@mahdinosaur Ok tak bantu simplifikasi mengenai keadaan ni negara. Ni negara macam kapal laut kebijakan ngaco pemerintah cuman bikin si Kapal nabrak gunung es kebocoran udah terjadi. Kami menyuarakan keresahan (demo) ke kapten kapal (pemerintah) mumpung bocornya belum sebesar itu.","1906223881888600218","","mahdinosaur","in","","0","1","6","https://x.com/undefined/status/1906223881888600218","1270299241097818114",
"1905900584307220849","Sun Mar 30 05:50:53 +0000 2025","0","@merrcuray Icha gunung kembarnya gede bgt","1906222580929003980","","merrcuray","in","","0","0","0","https://x.com/undefined/status/1906222580929003980","1792614916941295627",
"1905778591461482650","Sun Mar 30 05:49:49 +0000 2025","0","@bielfhz Saran saya beli tiket di bus yang sudah terkenal dan armadanya banyak kak Rosalia Gunung harta Sinar jaya Selain itu skip kebanyakan abal abal kalo armada habis diganti bus cadangan","1906222310857785564","","bielfhz","in","","0","0","0","https://x.com/undefined/status/1906222310857785564","1529668902",
"1906216019817005467","Sun Mar 30 05:48:07 +0000 2025","0","@mnkar Itu desannya di kaki gunung slamet deket rumahku","1906221881134616619","","cipokbrutal","in","","0","1","0","https://x.com/undefined/status/1906221881134616619","1704501246231449600",
"1906221709952528591","Sun Mar 30 05:47:26 +0000 2025","0","Ditunggu foto solat ied di dieng yg viewnya gunung","1906221709952528591","","","in","","0","1","0","https://x.com/undefined/status/1906221709952528591","1272805652067266560",
"1906220805174039023","Sun Mar 30 05:43:50 +0000 2025","1","Keliatan gunung heeyy..","1906220805174039023","","","in","","0","1","0","https://x.com/undefined/status/1906220805174039023","1198969073461125123",
"1906215318302978334","Sun Mar 30 05:41:58 +0000 2025","0","@kyungyolk gunung bromo klo bisa diangkut keknya dibawa sm bapak ibu kamu ka","1906220336011763801","","kyungyolk","in","","0","1","0","https://x.com/undefined/status/1906220336011763801","1014702961400819712",
"1905999767081197592","Sun Mar 30 05:41:14 +0000 2025","0","@cikalimpian aku juga gatau ini gunung apa ","1906220152636821729","","cikalimpian","in","","0","1","0","https://x.com/undefined/status/1906220152636821729","1791439368063967232",
"1906200578621116789","Sun Mar 30 05:36:36 +0000 2025","0","@bonjourclao Di gunung ","1906218986578358617","","bonjourclao","in","","0","0","0","https://x.com/undefined/status/1906218986578358617","1878763151845691392",
"1905977938044207486","Sun Mar 30 05:35:11 +0000 2025","0","@kali_gunung @thoriqatuna Ingat faisal assegaf yang mengumpat kh hasyim asyari? ","1906218629248790986","","autophile_lux","in","","0","0","0","https://x.com/undefined/status/1906218629248790986","1738092036321128448",
"1906216841523204329","Sun Mar 30 05:28:05 +0000 2025","0","selesai uts ku sambangi semua gunung jawa tengah itu","1906216841523204329","","","in","","0","0","0","https://x.com/undefined/status/1906216841523204329","1839234959174938625",
"1905145713660735519","Sun Mar 30 05:24:26 +0000 2025","0","@gallegatto Sekarang udah berganti destinasi ke gunung bro wkwkwk makasih ya!","1906215921095508250","","gallegatto","in","","0","1","0","https://x.com/undefined/status/1906215921095508250","19984375",
"1906215327836627307","Sun Mar 30 05:22:04 +0000 2025","6","Lebaran turun gunung dulu bre.. https://t.co/Ud5pcxP8AM","1906215327836627307","https://pbs.twimg.com/ext_tw_video_thumb/1906215273201545216/pu/img/uFh4j4FfApAHinpN.jpg","","in","","0","3","0","https://x.com/undefined/status/1906215327836627307","1856356285173903360",
"1904897973005479938","Sun Mar 30 05:19:02 +0000 2025","0","@Sunghobon ada ngga ya gunung yang bisa aku naikin sambil tiduran sunghoon? :[","1906214563877630204","","","in","","0","0","0","https://x.com/undefined/status/1906214563877630204","909583103999410176",
"1906214301687554281","Sun Mar 30 05:17:59 +0000 2025","0","Techdoo Tas Gunung 40L Tas Ransel Sekolah Hitam Hiking Outdoor Tas Laptop Anti Air Full Black Gendong Cowok Sma Pria 40 Liter RAMADHAN SALE TR109 Harga Produk: Rp198.000 Harga Diskon: Rp104.803 https://t.co/1y5P143GMi https://t.co/sQ9GO05Za6","1906214301687554281","https://pbs.twimg.com/media/GnQ7zBKaoAAi24O.jpg","","in","","0","0","0","https://x.com/undefined/status/1906214301687554281","2434592844",
"1906211209940185398","Sun Mar 30 05:16:58 +0000 2025","0","@andyirhamzhe Nge-band cenderung lebih baik buat kreativitas jangka panjang &amp; koneksi sosial sementara naik gunung tawarkan petualangan &amp; kedekatan alam. Riset bilang keduanya sehat tapi band lebih mudah diakses &amp; punya dampak luas. Naik gunung butuh fisik &amp; berisiko tapi kasih pencapaian","1906214042785460535","","andyirhamzhe","in","","0","0","0","https://x.com/undefined/status/1906214042785460535","1720665183188922368",
"1906124482361885073","Sun Mar 30 05:15:43 +0000 2025","0","@sliceofscreen Memang sulit tetap waras di tengah kondisi Indonesia saat ini tapi mungkin dengan usaha. UU militer baru dan erupsi Gunung Lewotobi Laki-laki bikin stres. Coba batasi berita jaga diri dan cari dukungan biar kuat mentalnya.","1906213729735188545","","sliceofscreen","in","","0","0","0","https://x.com/undefined/status/1906213729735188545","1720665183188922368",
"1906213474402804135","Sun Mar 30 05:14:42 +0000 2025","0","XL dibawa ke gunung masih dapet sinyal 1 bar dan lancar nonton livestreaming di 480p. gokssss","1906213474402804135","","","in","","0","0","0","https://x.com/undefined/status/1906213474402804135","244516825",
"1906211209940185398","Sun Mar 30 05:11:51 +0000 2025","0","@grok Jadi mendingan mana nge band atau naik gunung @grok","1906212754375233841","","grok","in","","0","1","0","https://x.com/undefined/status/1906212754375233841","553991309",
"1906013523777650768","Sun Mar 30 05:11:41 +0000 2025","0","@shuascake__ mank eak tp jauh jg dh gua di bwh gunung","1906212716429107250","","shuacake_","in","","0","1","0","https://x.com/undefined/status/1906212716429107250","1693492989287596032",
"1906211209940185398","Sun Mar 30 05:09:53 +0000 2025","0","@andyirhamzhe Ya orang yang malas naik gunung tetap bisa disebut pecinta alam. Pecinta alam tidak harus mendaki; banyak cara lain seperti berkebun melihat burung atau menikmati taman yang menunjukkan cinta pada alam. Di Indonesia pecinta alam sering diasosiasikan dengan mendaki tapi https://t.co/YGhJZlKx6j","1906212259778408587","https://pbs.twimg.com/media/Gmq54W5a0AAZoCX.jpg","andyirhamzhe","in","","0","1","0","https://x.com/undefined/status/1906212259778408587","1720665183188922368",
"1906212234940047772","Sun Mar 30 05:09:47 +0000 2025","0","gunung ga doyan pantai","1906212234940047772","","","in","","0","0","0","https://x.com/undefined/status/1906212234940047772","1220272472",
"1903490422284165533","Sun Mar 30 05:09:36 +0000 2025","0","@alpaijo Iku wong2 podo heboh nek akeh seng dodolan peralatan tentara ndek karo live. Kan wes ket jaman biyen kene iso maem ransum tentara kuliah gawe PDL TNI nang gunung gawe celono loreng ","1906212189314379858","","alpaijo","in","","0","1","0","https://x.com/undefined/status/1906212189314379858","265864247",
"1906211614044639637","Sun Mar 30 05:07:19 +0000 2025","0","abis nyuci 2 gunung cucian piring ","1906211614044639637","","","in","","0","0","0","https://x.com/undefined/status/1906211614044639637","917010472561283072",
"1906211583413383194","Sun Mar 30 05:07:11 +0000 2025","19","pemandangannya persis kayak gambar gunung yang aku gambar waktu SD. ️️ https://t.co/bTA8zzbe7N","1906211583413383194","https://pbs.twimg.com/media/GnQ5USibIAACCJ8.jpg","","in","","0","0","0","https://x.com/undefined/status/1906211583413383194","1392764032235438084",
"1906211209940185398","Sun Mar 30 05:05:42 +0000 2025","0","Hai @grok apakah orang yang malas naik gunung termasuk pecinta alam ?","1906211209940185398","","","in","","0","1","0","https://x.com/undefined/status/1906211209940185398","553991309",
"1906185752519774210","Sun Mar 30 05:04:12 +0000 2025","0","@RiseUp_God @Elin_JKT48 betur.. gunung kidul","1906210832372928545","","","in","","0","0","0","https://x.com/undefined/status/1906210832372928545","2303201406",
"1906209990278558082","Sun Mar 30 05:00:52 +0000 2025","0","Gunung Dukono Meletus Lagi Kolom Abu Tembus 1.800 Meter Aktivitas Waspada! https://t.co/1EICY9XuoN #GunungDukono #ErupsiDukono #GunungDukonoMeletus #Vulkanik","1906209990278558082","","","in","","0","0","0","https://x.com/undefined/status/1906209990278558082","1641028826489823232",
"1906209918845174217","Sun Mar 30 05:00:34 +0000 2025","0","menamatkan semua gunung di roblox adalah wishlist gua di bulan april","1906209918845174217","","","in","","0","0","0","https://x.com/undefined/status/1906209918845174217","2290843700",
"1906209861559619966","Sun Mar 30 05:00:21 +0000 2025","0","darimana datangnya cinta dari gunung turun ke kali darimana datangnya lintah dari mata turun ke hati","1906209861559619966","","","in","","0","1","0","https://x.com/undefined/status/1906209861559619966","1448915506656800768",
"1906209719913746886","Sun Mar 30 04:59:47 +0000 2025","1","Pingin naik gunung tapi gatau izinnya","1906209719913746886","","","in","","0","0","0","https://x.com/undefined/status/1906209719913746886","1554038162422648835",
"1903846744351199709","Sun Mar 30 04:57:56 +0000 2025","0","@TheBoundStar Kaa??? Kalo dokternya mereka aku mau deh kaaa DAMN... Bisanya ngeluarin daki si gunung dalam semalaman ","1906209255348392162","","TheBoundStar","in","","0","0","0","https://x.com/undefined/status/1906209255348392162","808259349910986752",
"1906205991584329889","Sun Mar 30 04:57:32 +0000 2025","0","@wnuism tinggi tinggi gunung kinabalu tinggi lagi sayang sama kamu (betul tak aku nyanyi ni akio)","1906209152696819730","","wnuism","in","","0","0","0","https://x.com/undefined/status/1906209152696819730","1507228437953449987",
"1906209048166568427","Sun Mar 30 04:57:07 +0000 2025","0","oh bener udah ada pacar yh saatnya naik gunung tuk mengobati patah hati ini","1906209048166568427","","","in","","0","0","0","https://x.com/undefined/status/1906209048166568427","1183031788018388992",
"1906188942900359387","Sun Mar 30 04:56:52 +0000 2025","1","@DokterTifa Ya Alloh jika aku engkau izinkan turun gunung kembali seperti dulu Dokter inilah yang pertama kali ku hapus dari peredaran di muka bumimu ini. Bumi Para Wali Songo. NKRI Tercinta.","1906208983846887785","","DokterTifa","in","","0","1","1","https://x.com/undefined/status/1906208983846887785","1590381222903287808",
"1906206368304160936","Sun Mar 30 04:56:51 +0000 2025","0","@ciwaciw21 itu bak penampungan air gunung buat cuci piring dsb.","1906208981149966636","","ciwaciw21","in","","0","0","0","https://x.com/undefined/status/1906208981149966636","1682622428302970881",
"1906208636575375553","Sun Mar 30 04:55:52 +0000 2025","0","Tumben bgt abis wrap up gak naik gunung dan langsung kerja lagi wkwkw @gfluvie","1906208732981432571","","soibeanns","in","","0","1","0","https://x.com/undefined/status/1906208732981432571","1718994860592824320",
"1906197217280446962","Sun Mar 30 04:54:57 +0000 2025","3","@KediriFess Ibuk mban cinde ki cerito lawas lan ga isok dipungkiri kyai2 ustadz jrg isok ngwenehi cerito pelipur ati anak diperlakukan gak adil wi koyok gak enek ceritane kabeh wong tuwo sempurna anak mesti sing salah di ancem jadi durhaka pisan..repot ya .","1906208502223356009","","KediriFess","in","","0","0","0","https://x.com/undefined/status/1906208502223356009","1735141551393878016",
"1906207386580439269","Sun Mar 30 04:52:41 +0000 2025","0","@ihanyupii gunung putri kakk","1906207934260052391","","ihanyupii","in","","0","1","0","https://x.com/undefined/status/1906207934260052391","1583735165855363073",
"1905674801710293501","Sun Mar 30 04:52:24 +0000 2025","0","@lazygagaa @Naadialq Mending lu naik Pandawa daripada gunung harta bis ghts banyak calo!!","1906207863371931793","","lazygagaa","in","","0","0","0","https://x.com/undefined/status/1906207863371931793","1468420449856294913",
"1906207803594990075","Sun Mar 30 04:52:10 +0000 2025","0","syp mau mabar naik gunung di roblox","1906207803594990075","","","in","","0","0","0","https://x.com/undefined/status/1906207803594990075","1315436176401072128",
"1906205991584329889","Sun Mar 30 04:51:38 +0000 2025","0","@strwchaosy tengoklah mana tau tiba tiba daki gunung kinabalu","1906207669112954900","","strwchaosy","in","","0","1","0","https://x.com/undefined/status/1906207669112954900","1771144244763443200",
"1906206722189857066","Sun Mar 30 04:47:52 +0000 2025","1","Terran: MORE ON GUNUNG PADANG AS A PORTAL ZEUS NABRAC/UR... https://t.co/9mGWYe3gNR https://t.co/TXWwPaqNbV","1906206722189857066","https://pbs.twimg.com/media/GnQ05eXWkAANhTj.jpg","","in","","0","0","1","https://x.com/undefined/status/1906206722189857066","834856405668655105",
"1906206620545327450","Sun Mar 30 04:47:28 +0000 2025","2","Selamat siang kang. Indah nya ya itu gunung fujiyama ","1906206620545327450","","","in","","0","1","0","https://x.com/undefined/status/1906206620545327450","2323532161",
"1906161643987575195","Sun Mar 30 04:45:11 +0000 2025","1","@Rosses1Black Pasti dong...kan di lereng gunung mbak @Rosses1Black ...️ Met siang n met aktifitas jelang lebaran...","1906206045216931861","","Rosses1Black","in","","0","1","0","https://x.com/undefined/status/1906206045216931861","941458748",
"1905828544753635458","Sun Mar 30 04:43:08 +0000 2025","0","@babufess Jelas² itu map didalem gunung","1906205530655248597","","babufess","in","","0","0","0","https://x.com/undefined/status/1906205530655248597","3146817607",
"1906203941102293419","Sun Mar 30 04:41:36 +0000 2025","0","@AditiyaReza24 pantai pasir putih gunung kidul yg cakep apa kak","1906205141981679860","","AditiyaReza24","in","","0","1","0","https://x.com/undefined/status/1906205141981679860","1562757941106601986",
"1905876661738057747","Sun Mar 30 04:39:39 +0000 2025","0","@lecizu Kenapa takut culik kakak? Kalau aku kriminal juga udah aku culik aku nikahin BETUL. Recharge energy memang paling tepat pas me time. Aku nggak gimana ada sih kalau soal tempat yang mau dikunjungi tapi aku lebih suka gunung daripada pantai! Kak Bel gimana?","1906204654482116700","","srphiene","in","","0","1","0","https://x.com/undefined/status/1906204654482116700","1621113660117753856",
"1906204458226483462","Sun Mar 30 04:38:53 +0000 2025","1","Jepun keluar amaran gunung berapi peringkat pertengahan #BHDunia Bagaimanapun tiada arahan pemindahan untuk penduduk tempatan berhampiran gunung berapi Shinmoedake sebahagian daripada gugusan Kirishimayama. https://t.co/W1BKI5YlhG","1906204458226483462","","","in","","0","0","0","https://x.com/undefined/status/1906204458226483462","63070483",
"1906203941102293419","Sun Mar 30 04:36:49 +0000 2025","6","ke jogja enaknya kmna ya selain ke gunung kidul dan malioboro?","1906203941102293419","","","in","","0","15","0","https://x.com/undefined/status/1906203941102293419","1562757941106601986",
"1905961082176307383","Sun Mar 30 04:35:24 +0000 2025","0","@txtdaribogor @bogorkab Penguasa gunung kapur","1906203584443867187","","txtdaribogor","in","","0","0","0","https://x.com/undefined/status/1906203584443867187","1693312731489923072",
"1906203242628821458","Sun Mar 30 04:34:03 +0000 2025","0","liat arunika aja udah beda gunung di sini biasanya keliatan lebih jelas klo pagi","1906203242628821458","","","in","","0","0","0","https://x.com/undefined/status/1906203242628821458","1171805238673543168",
"1906202726104801355","Sun Mar 30 04:32:00 +0000 2025","0"," gue minta sad ending TAPI G NYANGKA ENDING NYA BAKAL SEGINI NYA ga pernah kepikiran yaampun Sama padahal aslinya mereka dead di gunung #tellonym https://t.co/LGf6ZHxOjJ","1906202726104801355","","","in","","0","0","0","https://x.com/undefined/status/1906202726104801355","1662809230666248192",
"1906202400110862478","Sun Mar 30 04:30:42 +0000 2025","0","Di pikir² yapping disini better lah","1906202400110862478","","","in","","0","0","0","https://x.com/undefined/status/1906202400110862478","1279605542546051073",
"1906201709694886255","Sun Mar 30 04:27:57 +0000 2025","0","Timur ae ul Mangrove gunung anyar gas!!! ","1906201709694886255","","","in","","0","0","0","https://x.com/undefined/status/1906201709694886255","1489133073778102274",
"1905744051883946327","Sun Mar 30 04:25:26 +0000 2025","0","@FastSiberia @gagal_hijrah Islam ngga sebego sampai bilang kalau kekelawar itu adalah sejenis burung.islam tau gunung itu pasak bumi besi yg dipakai manusia turun dari langit bahkan utusannya aja bisa tau jumlah sendi manusia","1906201074039730448","","FastSiberia","in","","0","0","0","https://x.com/undefined/status/1906201074039730448","1849327742388752384",
"1905667923102106064","Sun Mar 30 04:25:00 +0000 2025","0","@cheyhunie Mau memperdalam ilmunya di gunung dan bertapa di goa selama seribu hari","1906200965705048534","","cheyhunie","in","","0","0","0","https://x.com/undefined/status/1906200965705048534","1733641452490838016",
"1905934202992030103","Sun Mar 30 04:23:57 +0000 2025","0","@khairul_hafidz Takpun borak pasal betul ke asteroid sebiji yang punca dinosaur zaman Cretaceous dulu semua pupus atau ada faktor lain sekali macam bencana alam; gunung berapi.","1906200701115740272","","khairul_hafidz","in","","0","0","0","https://x.com/undefined/status/1906200701115740272","1256103565954711552",
"1906200578621116789","Sun Mar 30 04:23:28 +0000 2025","0","3 hari terakhir detox body dengan nginep diatas gunung https://t.co/q99HvJETjN","1906200578621116789","https://pbs.twimg.com/media/GnQvRpbawAAMmEg.jpg","","in","","0","0","0","https://x.com/undefined/status/1906200578621116789","1878763151845691392",
"1906200004471251211","Sun Mar 30 04:21:11 +0000 2025","0","Buka berita info pertama yg dibaca April akan ada kenaikan harga lagi... jepang naik naik ke puncak gunung teruss yeee.","1906200004471251211","","","in","","0","0","0","https://x.com/undefined/status/1906200004471251211","1123069638340820992",
"1905947164322193452","Sun Mar 30 04:20:53 +0000 2025","0","@_ambivalensi Akhirnya turun gunung","1906199931393814655","","_ambivalensi","in","","0","1","0","https://x.com/undefined/status/1906199931393814655","1537625771534995456",
"1906199117505937678","Sun Mar 30 04:17:39 +0000 2025","0","Dalam suasana penuh kehangatan dan kasih sayang di bulan suci Ramadan Kapolda Kalimantan Utara Irjen Pol Hary Sudwijanto S.I.K. https://t.co/HMDodu30CI. menggelar kegiatan buka puasa bersama anak-anak Selumit Pantai yang berlangsung di Gedung Tarakan Marennu Gunung Lingkas https://t.co/DWQEzXGOZy","1906199117505937678","https://pbs.twimg.com/media/GnQt_uaasAA5DnW.jpg","","in","","0","0","0","https://x.com/undefined/status/1906199117505937678","1520424286158147587",
"1905640006787760202","Sun Mar 30 04:15:48 +0000 2025","0","@calomagang Direkomendasikan jangan lewat gunung lio diatas waktu maghrib","1906198652558905404","","calomagang","in","","0","0","0","https://x.com/undefined/status/1906198652558905404","1246388739456172032",
"1906140478061609024","Sun Mar 30 04:10:20 +0000 2025","0","@knupiaja Di gunung atas rumah","1906197273253687559","","knupiaja","in","","0","1","0","https://x.com/undefined/status/1906197273253687559","3063768438",
"1906088981269545363","Sun Mar 30 04:09:58 +0000 2025","1","@gektimbul Iyah bagus banget sih aslinya gunung Semeru tuh","1906197184284119220","","gektimbul","in","","0","0","0","https://x.com/undefined/status/1906197184284119220","1819776453640388608",
"1905928492790800739","Sun Mar 30 04:09:10 +0000 2025","0","@hudialfarich_ Sortir pake manusia jeblok mulu ga reliable suka nipu/gak amanah akhirnya pebisnisnya beralih pake full otomatis tanpa manusia akhirnya pada nangis playing victim demonstrasi..","1906196980461871590","","hudialfarich_","in","","0","0","0","https://x.com/undefined/status/1906196980461871590","1735141551393878016",
"1905983368623476817","Sun Mar 30 04:04:22 +0000 2025","0","Hari ini tidak ada gunung yang terlihat https://t.co/2I7Y0EOkWI","1906195774876078536","https://pbs.twimg.com/ext_tw_video_thumb/1906195747172970496/pu/img/hUnpUQ3OQVMXkD7J.jpg","etikaptri","in","","0","1","0","https://x.com/undefined/status/1906195774876078536","57855534",
"1905662399224709133","Sun Mar 30 04:03:13 +0000 2025","0","@tropicalion Bedes gunung ancen lucu","1906195483628077354","","tropicalion","in","","0","1","0","https://x.com/undefined/status/1906195483628077354","3194918281",
"1906195437171945613","Sun Mar 30 04:03:02 +0000 2025","0","Jadwal Penayangan Film di Platinum Cineplex #Sragen Minggu 30 Mar 2025 HTM : 40.000 SINGSOT [11:25] [15:10] PETAKA GUNUNG GEDE [12:10] [14:05] [16:00] [16:40] [19:30] SNOW WHITE [14:40] [19:00] _______________","1906195437171945613","","","in","","0","0","0","https://x.com/undefined/status/1906195437171945613","1856803693154516992",
"1905901859849769001","Sun Mar 30 04:02:52 +0000 2025","0","@kevinchoc Gasken kak kepin naik gunung","1906195398131360137","","kevinchoc","in","","0","0","0","https://x.com/undefined/status/1906195398131360137","432196645",
"1906140478061609024","Sun Mar 30 04:02:18 +0000 2025","0","@kodomooo19 Di gunung","1906195252131823855","","kodomooo19","in","","0","0","0","https://x.com/undefined/status/1906195252131823855","3063768438",
"1906195184922357996","Sun Mar 30 04:02:02 +0000 2025","61","Konflik manusia dan dan satwa seoperti gajah Sumatera (Elephas maximus sumatranus) dan harimau Sumatera (Panthera tigris sumatrae) masih terus terjadi di kawasan Taman Nasional Gunung Leuser (TNGL). https://t.co/7zcx4KNqrR https://t.co/Qk1iCI8EaW","1906195184922357996","https://pbs.twimg.com/media/GnQqay8aUAED6tk.jpg","","in","","3","4","18","https://x.com/undefined/status/1906195184922357996","483310591",
"1906194793727975755","Sun Mar 30 04:00:28 +0000 2025","0","Berikut kami sampaikan prakiraan cuaca di kawasan rawan bencana Gunung Marapi untuk hari Minggu 30 Maret 2025. Untuk informasi prakiraan cuaca per kecamatan bisa dilihat melalui aplikasi Info BMKG #infocuacasumbar #bmkgsumbar #infobmkg #infobencana #infosumbar #infomarapi https://t.co/SjzEngo8Ct","1906194793727975755","https://pbs.twimg.com/media/GnQqDp1a8AAN2UM.jpg","","in","","0","0","0","https://x.com/undefined/status/1906194793727975755","1296032890552115200",
"1905254569837523129","Sun Mar 30 03:59:58 +0000 2025","0","@Chaeyongu aku yang ngajarin hatori mendaki gunung lewati lembah.","1906194664295911429","","Chaeyongu","in","","0","1","0","https://x.com/undefined/status/1906194664295911429","909583103999410176",
"1906194434917863896","Sun Mar 30 03:59:03 +0000 2025","0","kalau netizen +62 sudah turun gunung sampe jarum yang ada ditumpukan jerami pun ketahuan mulai rame isi sosmed dengan kabar gemulai loh jinawi ngeri ngeri ngeri","1906194434917863896","","","in","","0","0","0","https://x.com/undefined/status/1906194434917863896","516343159",
"1906178146417660286","Sun Mar 30 03:58:57 +0000 2025","0","@shotaro_id gunung asli","1906194409504551266","","shotaro_id","in","","0","1","0","https://x.com/undefined/status/1906194409504551266","1775490248602238976",
"1906026731980607838","Sun Mar 30 03:55:33 +0000 2025","0","@Scilloideae_J @intinyadeh Naik gunung mana kak?","1906193553644302774","","Scilloideae_J","in","","0","0","0","https://x.com/undefined/status/1906193553644302774","3190937102",
"1906193319501439009","Sun Mar 30 03:54:37 +0000 2025","0","Persiapan Mudik ke Graha Tirta dan Simo Gunung.","1906193319501439009","","","in","","0","0","0","https://x.com/undefined/status/1906193319501439009","2192153724",
"1906168922883203417","Sun Mar 30 03:50:11 +0000 2025","0","@lemonadollys IH ENAK KE PANTAI INI AKU KE DAERAH GUNUNG MULU","1906192202231173533","","lemonadollys","in","","0","1","0","https://x.com/undefined/status/1906192202231173533","1885979223313285120",
"1906083944417620460","Sun Mar 30 03:44:47 +0000 2025","0","@txtdrimedia lagi kocak maksa banget jalan kaki smpe mekkah bukan meremehkan ato gmna ya tp kondisi fisik sm finansialny bagus gak jgn asal jalan kaki aje gue yg naik turun gunung aje pulang² bengkak nih kaki apakabar smp sono? gak copot tuh kaki ","1906190846694953155","","txtdrimedia","in","","0","0","0","https://x.com/undefined/status/1906190846694953155","191844750",
"1906088981269545363","Sun Mar 30 03:44:32 +0000 2025","0","@gektimbul udah 2 kali nih ngedaki gunung semeru","1906190783285497945","","gektimbul","in","","0","0","0","https://x.com/undefined/status/1906190783285497945","1693346096402321408",
"1905640006787760202","Sun Mar 30 03:42:29 +0000 2025","0","@calomagang Gunung Lio bukannya Ekstrim ya. Mending sih lewat Slawi Jatinegara RDD Belik Bocari terus arah Banyumas atau bisa mampir Tuwel terus Pulosari ke arah Gombong Pratin turun arah Sangkanayu Mrebet. Udh deh ga jauh dari kota itu. Banyak alternatif sih.","1906190264563335543","","calomagang","in","","0","0","0","https://x.com/undefined/status/1906190264563335543","974293898666246145",
"1906190124851061212","Sun Mar 30 03:41:55 +0000 2025","0","Ikuti saluran Lapas Narkotika Kelas IIA Gunung Sindur di WhatsApp: https://t.co/4zSCpANvJR #kemenimipas #guardandguide #infoimipas #KanwilDitjenpasJabar #LPNGunungSindur #LapasNarkotikaGunungSindur https://t.co/20ykDxtoHY","1906190124851061212","https://pbs.twimg.com/media/GnQl0OqbEAAfK95.jpg","","in","","0","0","0","https://x.com/undefined/status/1906190124851061212","4825173187",
"1906073310829678650","Sun Mar 30 03:40:56 +0000 2025","0","@galihlanjar_ @Sayswhy12 @n_wasalam @zakiberkata Iya betul. Akhir November. Sungai sampe pada meluap paling parah banjir di gunung kidul karena tanah karst gabisa nyerah air.","1906189878234100139","","galihlanjar_","in","","0","1","0","https://x.com/undefined/status/1906189878234100139","704475388353708032",
"1906188808422363618","Sun Mar 30 03:40:23 +0000 2025","0","@seorangpiscees efek pada mudik kak cuaca cerah banget view gunung nya aja sampe keliatan pagi ini.","1906189737460977972","","seorangpiscees","in","","0","0","0","https://x.com/undefined/status/1906189737460977972","1864672608614273028",
"1905778591461482650","Sun Mar 30 03:39:23 +0000 2025","0","@bielfhz wah kacau harus di ramaikan sih kategori kkaknya pesan jg tidak dadakan. kalo saya percayakan ke rosin/gunung harta/juragan dll kalo cari sleeper.. pokok bisa pesen dari web pusat/agen resminya yg bisa menjamin fasilitas sesuai tiket itu. krn banyak yg nipu ujungnya.","1906189484661870746","","bielfhz","in","","0","0","0","https://x.com/undefined/status/1906189484661870746","2264789118",
"1906189259842949127","Sun Mar 30 03:38:29 +0000 2025","0","MLDSPOT at Jazz Gunung Burangrang 2024 https://t.co/GOQXeyzj5C via @YouTube","1906189259842949127","","","in","","0","0","0","https://x.com/undefined/status/1906189259842949127","214852677",
"1906088981269545363","Sun Mar 30 03:32:32 +0000 2025","0","@gektimbul Aku udah ngedaki gunung ini","1906187762300031469","","gektimbul","in","","0","0","0","https://x.com/undefined/status/1906187762300031469","364069058",
"1905913904670425579","Sun Mar 30 03:29:39 +0000 2025","0","@dprpbismalam Tapi waktunya terhitung lama juga ya? Pernah naik gunung harta bekasi-malang exc cuma 12 jam klo macet paling 14 jam. Itupun berenti 2x. Berangkat jam 4 sore sampe sana jam 6an pagi","1906187038250221841","","dprpbismalam","in","","0","2","0","https://x.com/undefined/status/1906187038250221841","1199233708902903808",
"1887430809763651780","Sun Mar 30 03:29:34 +0000 2025","0","[Hari 53#] Jadwal pemutaran film Petaka Gunung Gede Minggu (30/3): Java 11:20 Paragon 13:20 17:15 Queen 13:20 15:15 17:10 19:05 Majapahit 17:35* Setiabudi 13:15 15:10 17:05* Uptown 13:25 15:20 17:15 19:10","1906187017979097232","","Kofindo","in","","0","1","2","https://x.com/undefined/status/1906187017979097232","551700617",
"1906186896793125169","Sun Mar 30 03:29:06 +0000 2025","0","Kalo keluar dari rumah bakal ga ada sinyal karena bisa online karena wifi aja (yang kadang mati nyala). Real seperti menjadi Tian di atas gunung minus ga ada Phupha ganteng disini.","1906186896793125169","","","in","","0","0","0","https://x.com/undefined/status/1906186896793125169","1294476637094871040",
"1905661340175532358","Sun Mar 30 03:27:02 +0000 2025","0","@IrawanRommi @bengkeldodo @tekarok007 @bang_aim600 @mas_veel @AndreasSolusi @FDonghun @AryaminAneng @xquitavee @MakeItAQuote @HaloBCA Negara dlm genting susilo bakal turun gunung","1906186379190775861","","IrawanRommi","in","","0","0","0","https://x.com/undefined/status/1906186379190775861","1886271198268694528",
"1906185903753855051","Sun Mar 30 03:25:09 +0000 2025","0","iya butuh banyak bodyguard soalnya ini meng jarang turun gunung sekalinya turun gunung banyak yg pgn cubit2 pipinya. harus extra protective ntar pipinya abis ","1906185903753855051","","","in","","0","0","0","https://x.com/undefined/status/1906185903753855051","1416564897400324098",
"1906185417202016747","Sun Mar 30 03:23:13 +0000 2025","1","Mudik ke Sukabumi: Tol Jagorawi Tol BOCIMI dan view Gunung Salak + Gunung Gede Pangrango https://t.co/Y54AG18GNO","1906185417202016747","https://pbs.twimg.com/media/GnQhh7GboAAsjy-.jpg","","in","","0","0","0","https://x.com/undefined/status/1906185417202016747","60480946",
"1906184301185495268","Sun Mar 30 03:18:47 +0000 2025","1","pagiee siapun author au pls buat au tentang minwon yang suka naik gunung alias suka muncak bareng ","1906184301185495268","","","in","","0","0","0","https://x.com/undefined/status/1906184301185495268","1410079222752681988",
"1906177904813154406","Sun Mar 30 03:18:30 +0000 2025","0","@badakmetal @bersiikeras Reflek ingfo gunung terendap","1906184232738975936","","badakmetal","in","","0","1","0","https://x.com/undefined/status/1906184232738975936","1621127602944741378",
"1906184198257570174","Sun Mar 30 03:18:22 +0000 2025","2","anjay dah lama ga liat gunung sawah https://t.co/SHp1B8pZ9e","1906184198257570174","https://pbs.twimg.com/media/GnQgbL2a0AAk3mY.jpg","","in","","0","1","0","https://x.com/undefined/status/1906184198257570174","1213696280850882561",
"1906184113327104160","Sun Mar 30 03:18:03 +0000 2025","0"," Demi Dzat yang jiwaku berada di tangannya sungguh kedua betis itu lebih berat di timbangan daripada gunung Uhud. [1] Hadits ini menunjukkan bahwa mengolok dan menghina fisik adalah haram. Jika kita perhatikan para sahabat tidak mengeluarkan kata-kata hinaan hanya tertawa saja.","1906184119567921644","","SirBlackPuppet","in","","0","1","0","https://x.com/undefined/status/1906184119567921644","1343938241855070208",
"1906183553739882819","Sun Mar 30 03:15:49 +0000 2025","0","Kalapas Narkotika Gunung Sindur isi Tausyiah Sholat Tarawih Terakhir Ramadhan 1446 H #kemenimipas #guardandguide #infoimipas #KanwilDitjenpasJabar #LPNGunungSindur #LapasNarkotikaGunungSindur https://t.co/u72He86UL5","1906183553739882819","https://pbs.twimg.com/media/GnQfybeboAAkHp5.jpg","","in","","0","0","0","https://x.com/undefined/status/1906183553739882819","4825173187",
"1906122151993975254","Sun Mar 30 03:08:10 +0000 2025","0","#MenujuBengkulu dari udara saya melihat gunung-gunung. dari udara saya melihat kapal-kapal menuju matahari. lalu kini di cengkareng kami berhenti sejenak. menunggu giliran untuk mengudara lagi. https://t.co/EdtuIhVXHg","1906181631582543939","https://pbs.twimg.com/media/GnQeFMeacAA6Zw7.jpg","debuatomik","in","","0","1","0","https://x.com/undefined/status/1906181631582543939","438121932",
"1905983460541628755","Sun Mar 30 03:03:48 +0000 2025","0","@heyyhoooooooooo gunung salak bro","1906180530996908279","","heyyhoooooooooo","in","","0","0","0","https://x.com/undefined/status/1906180530996908279","1133410925833179136",
"1905964870467825846","Sun Mar 30 03:03:33 +0000 2025","0","@tham878 Kalah sama pengacara yg punya gunung uranium ","1906180467428348186","","tham878","in","","0","0","0","https://x.com/undefined/status/1906180467428348186","1863456705830612992",
"1906180338151256088","Sun Mar 30 03:03:02 +0000 2025","0","Merapi Garden bak surga tersembunyi di antara Gunung Merbabu dan Gunung Merapi di Kabupaten Boyolali rekomendasi untuk libur Lebaran. https://t.co/zAB1PiOZHg","1906180338151256088","","","in","","0","0","0","https://x.com/undefined/status/1906180338151256088","1404018642",
"1906180285965983842","Sun Mar 30 03:02:49 +0000 2025","1","Menjelang Hari Raya Idulfitri 1446 H Kapolsek Gunung Jati AKP Muchammad Qomaruddin S.H. M.H. bersama Kanit Binmas Ipda Sunaryo dan anggota Polsek Gunung Jati melaksanakan sambang religi. #SambangReligi #SilaturahmiKamtibmas #OpsKetupatLodaya2025 #MudikAmanKeluargaNyaman https://t.co/g2BisNkiXy","1906180285965983842","https://pbs.twimg.com/ext_tw_video_thumb/1906180213941350400/pu/img/ZWwbquhJmcDoneaF.jpg","","in","","0","0","0","https://x.com/undefined/status/1906180285965983842","1608593948146290690",
"1906026731980607838","Sun Mar 30 01:56:14 +0000 2025","0","@intinyadeh M39 #GakNgerokokCuy dari lahir sampai skrg dom bandung ga suka mancing voter 01 bgt introvert krywan swasta suka bgt lari bersepeda naik gunung....siapa tau ada yg mau temenan or more than that.... https://t.co/lu9TLZkmYJ","1906163526819004709","https://pbs.twimg.com/media/GnQNnvrbkAAlPIK.jpg","intinyadeh","in","","0","0","0","https://x.com/undefined/status/1906163526819004709","589727438",
"1905913529833853241","Sun Mar 30 01:55:22 +0000 2025","0","@77_Lii_M Pasti ada. Kayak kartel itu mereka pasti sesama ada relasinya untuk persebaran narkoboy lebih mudah. Kalau engga ya gak mungkin kita ttp ada narkoboy sampe ada kebon di gunung wisata ","1906163308782395606","","77_Lii_M","in","","0","1","0","https://x.com/undefined/status/1906163308782395606","1789584388831035392",
"1906162758296727817","Sun Mar 30 01:53:13 +0000 2025","0","Gunung Anyar Jembatan Suroboyo Taman Suroboyo Alun-Alun Kota Surabaya Taman Sejarah Pos Pantau Polisi Taman Bungkul Pos Pantau Polisi Bundaran Waru serta Pos Kota. Simak berita selengkapnha di website kami https://t.co/Fh18aWkydD #satpolppsurabaya #satpolpphumanis","1906162768325361962","","satpolppsby","in","","0","0","0","https://x.com/undefined/status/1906162768325361962","3042987860",
"1906161493554716748","Sun Mar 30 01:48:09 +0000 2025","22","Gunung ciremai https://t.co/18BH2H6ybf","1906161493554716748","https://pbs.twimg.com/media/GnQLxC8bwAAYF0v.jpg","","in","","0","5","0","https://x.com/undefined/status/1906161493554716748","1086459116141273088",
"1905885373366255954","Sun Mar 30 01:44:42 +0000 2025","4","@duskwaiter_ Aneh bener lereng gunung tua. Ahli geologi ya tahu umur gunung? Lagian nama kumantan di Jawa g lazim. https://t.co/kjlaHpuLVf","1906160626952806856","https://pbs.twimg.com/media/GnQK-_4bgAAIzPK.jpg","duskwaiter_","in","","0","0","0","https://x.com/undefined/status/1906160626952806856","81796991",
"1906160518861373577","Sun Mar 30 01:44:17 +0000 2025","0","creepy juga ya...kirain cuma bongkahan es diatas laut ternyata itu gunung es yg kelelep air laut.... ohh damnnn..../merinding sendiri/ r u still alive? I mean... ur soul???","1906160518861373577","","","in","","0","0","0","https://x.com/undefined/status/1906160518861373577","928887898933305345",
"1906102587763675425","Sun Mar 30 01:44:12 +0000 2025","0","@darunxxi masih nunggu han jimin turun gunung","1906160498493862143","","darunxxi","in","","0","1","0","https://x.com/undefined/status/1906160498493862143","1586075955743059969",
"1905914816247759341","Sun Mar 30 01:43:55 +0000 2025","1","@pandaohisama Naik Gunung Harta juga ya kak? ","1906160428461548004","","pandaohisama","in","","0","1","0","https://x.com/undefined/status/1906160428461548004","417430014",
"1906088991096500230","Sun Mar 30 01:37:49 +0000 2025","0","@broombakudan @convomf Kalau gini susah sih mau ada tsunami gempa bumi gunung meletus juga gak bangun","1906158892461248564","","broombakudan","in","","0","1","0","https://x.com/undefined/status/1906158892461248564","2955906421",
"1906115421972951392","Sun Mar 30 01:36:55 +0000 2025","0","@tanyakanrl buang ke kawah gunung merapi aja","1906158667633942886","","tanyakanrl","in","","0","0","0","https://x.com/undefined/status/1906158667633942886","1611731314750939137",
"1906157854274490443","Sun Mar 30 01:33:41 +0000 2025","0","Ini film Petaka Gunung Gede beneran masih ada yang nonton di bioskop?","1906157854274490443","","","in","","0","3","1","https://x.com/undefined/status/1906157854274490443","275358063",
"1906157804131615034","Sun Mar 30 01:33:29 +0000 2025","0","Ini film Petaka Gunung Gede beneran masih ada yang nonton di bioskop?","1906157804131615034","","","in","","0","0","0","https://x.com/undefined/status/1906157804131615034","836711795242872833",
"1906152301355741665","Sun Mar 30 01:27:18 +0000 2025","0","@bang_paus heuheuehuuu gunung ciremai ini tuh","1906156245381497121","","bang_paus","in","","0","0","0","https://x.com/undefined/status/1906156245381497121","316459353",
"1906115421972951392","Sun Mar 30 01:23:25 +0000 2025","0","@tanyakanrl Buang aja tantemu ke gunung api neraka","1906155267743719929","","tanyakanrl","in","","0","0","0","https://x.com/undefined/status/1906155267743719929","1718469765457682432",
"1905949949289758942","Sun Mar 30 01:18:11 +0000 2025","0","@FaisalMN20 @nrhnsharol @Marchfoward Tu bkn sbb pelancong org putih bogel atas gunung kinabalu","1906153952518799797","","FaisalMN20","in","","0","2","0","https://x.com/undefined/status/1906153952518799797","876990802395774977",
"1906153613384400987","Sun Mar 30 01:16:50 +0000 2025","0","Pyroculy ak baru 38 sisanya di map gunung itu kali ya belom lanjutin quest","1906153613384400987","","","in","","0","0","0","https://x.com/undefined/status/1906153613384400987","1390704551414571011",
"1906153282772590645","Sun Mar 30 01:16:18 +0000 2025","0","Dan pasti dia males naik gunung wkwk","1906153479024132262","","haengnalda","in","","0","0","0","https://x.com/undefined/status/1906153479024132262","1168689514098782208",
"1906030099662799294","Sun Mar 30 01:15:26 +0000 2025","0","@zilverentinte inggris kejawen ala firdaus vokalis stinky yg punya gunung parung ini mah","1906153260651876431","","","in","","0","0","0","https://x.com/undefined/status/1906153260651876431","1729134092703477760",
"1906152946917929180","Sun Mar 30 01:14:11 +0000 2025","0","gak nyangka diusia semuda ini aku udah mendaki di berbagai gunung di dunia https://t.co/7cgyriyS4r","1906152946917929180","https://pbs.twimg.com/media/GnQEALFaoAAPW9n.jpg","","in","","0","0","0","https://x.com/undefined/status/1906152946917929180","1414144579247382531",
"1906088730210992473","Sun Mar 30 01:13:12 +0000 2025","0","@elsaanim berarti shua naik gunung terus ya ka..","1906152698799640841","","elsaanim","in","","0","1","0","https://x.com/undefined/status/1906152698799640841","1732060323501518848",
"1906026731980607838","Sun Mar 30 01:10:23 +0000 2025","0","@intinyadeh M25 dom solo cari mutualan siapa tau bisa meet sama jalan bareng. Gk ngrokok suka naik gunung/pantai ato mau push rank bareng https://t.co/L5tBrGOe0M","1906151990620750092","https://pbs.twimg.com/media/GnQDGjraAAASHcX.jpg","intinyadeh","in","","0","0","0","https://x.com/undefined/status/1906151990620750092","1602307838700765184",
"1906150300899066046","Sun Mar 30 01:03:40 +0000 2025","2","jends! info kost daerah gunung muria atau lawu yang under 8 jt dong pertaun komen aja nnti sender chat","1906150300899066046","","","in","","0","2","1","https://x.com/undefined/status/1906150300899066046","1855834355165544448",
"1906150174868783339","Sun Mar 30 01:03:10 +0000 2025","4","*::INFORMASI BADAN GEOLOGI::* Halo Warga Merapi! Berikut disampaikan laporan infografis aktivitas Gunung Merapi periode 29 Maret 2025 pukul 00.00 - 24.00 WIB. Tingkat aktivitas Gunung Merapi SIAGA (Level 3) tetap patuhi rekomendasi. Terima kasih. https://t.co/m16Y4uGlpG https://t.co/zolOFNFjXm","1906150174868783339","https://pbs.twimg.com/media/GnQBeztb0AAVgRv.jpg","","in","","0","0","0","https://x.com/undefined/status/1906150174868783339","1481664544431042563",
"1906149690657448140","Sun Mar 30 01:01:15 +0000 2025","20","Cerapan Hilal Syawal 1446H/2025M akan dilaksanakan pada petang ini; 𝗔𝗵𝗮𝗱 𝟯𝟬 𝗠𝗮𝗰 𝟮𝟬𝟮𝟱 di tiga lokasi utama seperti berikut: 1. Stesen Cerapan Tanjung Batu Nenasi Pekan 2. Stesen Cerapan Gunung Brinchang Cameron Highlands 3. Menara Kuantan 188 Kuantan https://t.co/LfYgOk5Rqe","1906149690657448140","https://pbs.twimg.com/media/GnQBCbsbwAAGShA.jpg","","in","","0","0","18","https://x.com/undefined/status/1906149690657448140","1192802834774810624",
"1906073890377392483","Sun Mar 30 00:54:29 +0000 2025","0","@convomf Sabar kak gue belum naik gunung udah mau kerja lagi","1906147987031781850","","convomf","in","","0","0","0","https://x.com/undefined/status/1906147987031781850","1572984531241828352",
"1905936385426809237","Sun Mar 30 00:43:55 +0000 2025","0","@piiertoo HR aman lah ya kalo lari cuacanya adem gini dengan view gunung","1906145330259022097","","ferraverto","in","","0","1","0","https://x.com/undefined/status/1906145330259022097","1757460559069687811",
"1905674801710293501","Sun Mar 30 00:43:23 +0000 2025","0","@Naadialq Permainan agen ini.. Gw jg pernah dulu dr salatiga arus balik lebaran. Di bilang tiket yg msh ada lorena mau ga mau tiket harga 2x lipet dr normal &amp; bus nya jg gunung mulia odong2 yg dpt.","1906145192488685672","","Naadialq","in","","0","0","0","https://x.com/undefined/status/1906145192488685672","1657990428141195265",
"1906145096183185728","Sun Mar 30 00:43:00 +0000 2025","1","Babinsa Gunung Perak Koramil 1424-02/Sinjai Barat Kodim 1424/Sinjai Dampingi Petani Pantau Perkembangan Tanaman Padi di Dusun Puncak Desa Gunung Perak Kec. Sinjai Barat Kab Sinjai. #tniad #dispenad #puspentni #TNIindonesia #kodam14hasanuddin https://t.co/pIdTi4xMpY","1906145096183185728","https://pbs.twimg.com/media/GnP83LAaQAACGQr.jpg","","in","","0","0","0","https://x.com/undefined/status/1906145096183185728","1846390926341799936",
"1906144674475360676","Sun Mar 30 00:41:19 +0000 2025","0","Menutup Ramadan dengan rute terjauh selama bulan puasa. Cuacanya pas sekali buat mendaki gunung sejuk dan memanjakan mata lihat ijo-ijo. https://t.co/IdBWkKSCmf","1906144674475360676","https://pbs.twimg.com/media/GnP8eFZaUAA2u1e.jpg","","in","","0","1","0","https://x.com/undefined/status/1906144674475360676","44315677",
"1906143917835440186","Sun Mar 30 00:38:19 +0000 2025","0","Pasar di kaki gunung https://t.co/2Ksm6xZdYn","1906143917835440186","https://pbs.twimg.com/media/GnP7x8GboAA0Y9Z.jpg","","in","","0","1","0","https://x.com/undefined/status/1906143917835440186","235189933",
"1906142880835731849","Sun Mar 30 00:34:11 +0000 2025","0","Gunung. Gue gak terlalu suka pantai. Panasssss","1906142880835731849","","","in","","0","0","0","https://x.com/undefined/status/1906142880835731849","1418527102026993668",
"1906142770328481929","Sun Mar 30 00:33:45 +0000 2025","3","alhamdulillah sukses itu di akhirnya (setelah jatuh bangun mendaki gunung lewati lembah)","1906142770328481929","","","in","","0","1","0","https://x.com/undefined/status/1906142770328481929","2654197650",
"1906142645396934844","Sun Mar 30 00:33:15 +0000 2025","0","Temukan Sandal Wanita Portee Goods Loom Sandal Beige Sandal Outdoor Sandal Gunung Sandal Traveling seharga Rp321.955. Dapatkan sekarang juga di Shopee! https://t.co/ytTGT4gnSu","1906142645396934844","","","in","","0","0","0","https://x.com/undefined/status/1906142645396934844","251598820",
"1906136587353960514","Sun Mar 30 00:09:11 +0000 2025","1","pie gapengen rabi karo aku? ben isuk tangi turu manasi truk view langsung gunung lawu lo https://t.co/HojFySYzY3","1906136587353960514","https://pbs.twimg.com/ext_tw_video_thumb/1906136537995317248/pu/img/CCVak9GHmDh1BVtO.jpg","","in","","0","1","0","https://x.com/undefined/status/1906136587353960514","2307479922",
"1906135432657871278","Sun Mar 30 00:04:36 +0000 2025","0"," Tak semua orang yang membecimu &amp; kemudian melampiaskan kebenciannya dengan membabi buta karena kekurangan yg ada padamu. Ada juga yg bersikap demikian atasmu itu karena kelebihan yg Allah anugerahkan kepadamu Al Walid Al Habib Umar Al Muthohar Gunung Pati Semarang https://t.co/kaGBoc1wLo","1906135432657871278","https://pbs.twimg.com/media/GnP0EjVaMAE5bWi.jpg","","in","","0","0","2","https://x.com/undefined/status/1906135432657871278","1852318231262015488",
"1905953179868463500","Sun Mar 30 00:04:05 +0000 2025","1","@kleponmaniz Lokasi kejadian pasti di gunung akina ini ","1906135304110854242","","kleponmaniz","in","","0","0","0","https://x.com/undefined/status/1906135304110854242","733221782795096064",
"1906026731980607838","Sun Mar 30 00:03:03 +0000 2025","0","@intinyadeh I m M29 suka olahraga apapun suka naik gunung kuliner jalan jalan dan yang pasti #GakNgerokokCuy Dom malang https://t.co/MMTdNerGhw","1906135046278525079","https://pbs.twimg.com/media/GnPzty4asAAYRTd.jpg","intinyadeh","in","","0","0","0","https://x.com/undefined/status/1906135046278525079","2202513942",
"1906130458506863102","Sun Mar 30 00:01:11 +0000 2025","306","@AdamVelcro tapi kalian gak mikir kelestarian alam... audit lah Perum Perhutani (Perhutani) KPH Bandung Utara yg kasih ijin. kok bisa kawasan hutan di sekitar Gunung Tangkuban Perahu termasuk Taman Wisata Alam (TWA) dan Cagar Alam (CA) selama ini di ekspoitasi secara brutal.","1906134574541017597","","AdamVelcro","in","","1","8","44","https://x.com/undefined/status/1906134574541017597","1603536276136685569",
"1906088981269545363","Sat Mar 29 23:57:25 +0000 2025","0","@gektimbul ini gunung jadi banyak pendaki plus 5cm syuting disini","1906133627416809645","","gektimbul","in","","0","0","0","https://x.com/undefined/status/1906133627416809645","1422109224188841986",
"1906132319465025540","Sat Mar 29 23:52:13 +0000 2025","0","org org dh mulai masak dan gue masi diatas gunung","1906132319465025540","","","in","","0","0","0","https://x.com/undefined/status/1906132319465025540","1387011896100876289",
"1905936807990018374","Sat Mar 29 23:51:12 +0000 2025","0","@3g4T00 oia klo dh nyampe gunung pap dong","1906132063474040953","","","in","","0","0","0","https://x.com/undefined/status/1906132063474040953","1538176776169369602",
"1905936807990018374","Sat Mar 29 23:47:54 +0000 2025","0","@3g4T00 anjir naik gunung","1906131232704102537","","","in","","0","0","0","https://x.com/undefined/status/1906131232704102537","1538176776169369602",
"1906130896325124403","Sat Mar 29 23:46:34 +0000 2025","0","tebak gunung https://t.co/MWgBurwnsy","1906130896325124403","https://pbs.twimg.com/media/GnPvy2ebQAAibGE.jpg","","in","","0","0","0","https://x.com/undefined/status/1906130896325124403","1088373524299886593",
"1905819249345794153","Sat Mar 29 23:44:44 +0000 2025","0","@HEskawe @unmagnetism Tapi kurvanya mirip gunung dgn puncak di tahun 1990-2010'an kan?","1906130436755181715","","HEskawe","in","","0","1","0","https://x.com/undefined/status/1906130436755181715","563495387",
"1905652046625472800","Sat Mar 29 23:35:09 +0000 2025","112","@urgurltasya Udah ada kejadiannya langsung. Belum lama ada letusan gunung lewatobi kah? Yang update duluan Jepang dari pada indo","1906128024506126662","","urgurltasya","in","","0","0","1","https://x.com/undefined/status/1906128024506126662","1828420751919325184",
"1905810235673206805","Sat Mar 29 23:30:25 +0000 2025","0","@merapi_uncover aliran Sungai Bawah Tanah keluar dari atas Pantai Baron Gunung Kidul ... ...( baru tau saya ... !l ) ","1906126831474094157","","merapi_uncover","in","","0","1","0","https://x.com/undefined/status/1906126831474094157","239929828",
"1906088981269545363","Sat Mar 29 23:23:37 +0000 2025","0","@gektimbul Pengen banget ke Gunung Semeru","1906125119245971714","","gektimbul","in","","0","0","0","https://x.com/undefined/status/1906125119245971714","774096665955282946",
"1906125071258988927","Sat Mar 29 23:23:25 +0000 2025","0","Manusia bengek diajak beresin debu setebel gunung auto gabsa tidur semalemam + paginya masih batuk2 sesek","1906125071258988927","","","in","","0","1","0","https://x.com/undefined/status/1906125071258988927","1575080192904609792",
"1905575290258292976","Sat Mar 29 23:20:22 +0000 2025","0","@paperringed Naik gunung gasss","1906124302862434472","","paperringed","in","","0","0","0","https://x.com/undefined/status/1906124302862434472","1248540299233611777",
"1906124250156777593","Sat Mar 29 23:20:09 +0000 2025","0","Bersyukur banget bagi yang tinggal di desa tiap hari apalagi yang deket gunung sawah. Udara dingin tiap pagi sama malemnya itu loh berasa gak perlu lagi pergi ke eropa siang pun gak gerah kek di jabodetabek paling terik aja tiba2 gak nyadar tanning kulit","1906124250156777593","","","in","","0","0","0","https://x.com/undefined/status/1906124250156777593","1782450213665505280",
"1906088981269545363","Sat Mar 29 23:17:07 +0000 2025","0","@gektimbul Ngerii juga yaa kalo liat gunung meletus gitu","1906123484952142064","","gektimbul","in","","0","0","0","https://x.com/undefined/status/1906123484952142064","910031282",
"1905579416333283606","Sat Mar 29 23:14:05 +0000 2025","0","@tanyarlfes Aku meskipun diiming2i emas sebesar gunung Uhud gak akan mau mualaf...","1906122720208707839","","tanyarlfes","in","","0","0","0","https://x.com/undefined/status/1906122720208707839","1593509591920295937",
"1906113113847665086","Sat Mar 29 23:08:14 +0000 2025","1","Semoga saja keadaan yang buruk ini bisa segera teratasi oleh Presiden ke-8 Republik Indonesia Prabowo Subianto dan pasti akan didukung penuh oleh seluruh penduduk RI. Pagi hari ini Gunung Pangrango terlihat jelas Terima kasih Jakarta https://t.co/jDsgWRmfet","1906121247488176260","https://pbs.twimg.com/ext_tw_video_thumb/1906121120417517568/pu/img/41ijSwpMUNVCpfV9.jpg","jakarta7268","in","","0","0","0","https://x.com/undefined/status/1906121247488176260","1881092445049634816",
"1900113393559740877","Sat Mar 29 23:06:43 +0000 2025","0","@Jcemin naik pangkat atau naik ke puncak gunung yap","1906120869094838301","","Jennte","in","","0","0","0","https://x.com/undefined/status/1906120869094838301","870303300788174848",
"1906120714404741251","Sat Mar 29 23:06:06 +0000 2025","6","Gunung Panderman menyapa Semesta di hari terakhir Ramadan Semoga keberkahan &amp; kedamaian menyertai kita semua https://t.co/zSxNlhi6jb","1906120714404741251","https://pbs.twimg.com/media/GnPmsCpa4AEQUNh.jpg","","in","","0","2","0","https://x.com/undefined/status/1906120714404741251","1363108375123255299",
"1906119938621993074","Sat Mar 29 23:03:02 +0000 2025","0","Gw mau ikut boleh ga... pgn bgt nask gunung","1906119938621993074","","","in","","0","0","0","https://x.com/undefined/status/1906119938621993074","1288138972372246529",
"1906117966636404902","Sat Mar 29 22:55:11 +0000 2025","12","GM all ada yang suka naik gunung kah? https://t.co/Muai6sHoLz","1906117966636404902","https://pbs.twimg.com/media/GnPkMEyasAI3DPQ.jpg","","in","","0","6","0","https://x.com/undefined/status/1906117966636404902","1849115615703019521",
"1905674801710293501","Sat Mar 29 22:49:13 +0000 2025","3","@Naadialq Wkwkwkwkkw 2022 saya juga mengalami kejadian seperti ini persis ditipu sama oknum. Tiket Jakarta-Jember bus Gunung Harta harga Rp750.000 dan naik dari Terminal Lebak Bulus. Ternyata oknum ini nyari korban juga dari PO bus manapun yg ada di terminal tsb.","1906116462793871684","","Naadialq","in","","0","2","0","https://x.com/undefined/status/1906116462793871684","1426404126",
"1906115914883625379","Sat Mar 29 22:47:02 +0000 2025","0","ini ekspresi ino ngintip ngelihat kastil di atas gunung lewat jendela ya https://t.co/Zhtk6BQwZL","1906115914883625379","https://pbs.twimg.com/media/GnPiUqeaUAEw9Aa.jpg","","in","","0","0","0","https://x.com/undefined/status/1906115914883625379","1681860311387897856",
"1905961082176307383","Sat Mar 29 22:45:09 +0000 2025","0","@txtdaribogor @bogorkab Jawa selalu di katain sound horeg..klo sunda malak semua dari atas sampe ormas gak jelas malak semua..","1906115441824788586","","txtdaribogor","in","","0","0","0","https://x.com/undefined/status/1906115441824788586","1735141551393878016",
"1905902991770845306","Sat Mar 29 22:42:56 +0000 2025","2","@sirsazly @TokJoeMY semlm mimpi naik gunung Ledang tpi nnk kebayan x bgi naik lh pulak.","1906114880408842489","","sirsazly","in","","0","0","0","https://x.com/undefined/status/1906114880408842489","1455382680384589825",
"1906026731980607838","Sat Mar 29 22:40:35 +0000 2025","0","@intinyadeh Gak lagi nyari jodoh Nyari moots aja yang satu visi : nurunin rezim-kritik pemerintah :v Dom solo suka maen ke gunung baca buku dsb. #GakNgerokokCuy https://t.co/WuQNcj3vlO","1906114292543545669","https://pbs.twimg.com/media/GnPg2DGbAAA73o1.jpg","intinyadeh","in","","0","0","0","https://x.com/undefined/status/1906114292543545669","1105754047854698496",
"1905995347190768071","Sat Mar 29 22:39:53 +0000 2025","0","@denmarizky Salah satu alasan saya resign adalah kesehatan papa. Krn gak mau papa terus2n khawatir klo saya belum pulang. Anak sulung yg bawa motor sendiri dan dari gunung turun ke kota.","1906114113476104500","","denmarizky","in","","0","0","0","https://x.com/undefined/status/1906114113476104500","812611653665595392",
"1906113200984387891","Sat Mar 29 22:36:15 +0000 2025","1","Mazmur 27:5 (BIMK) TUHAN melindungi aku di waktu kesesakan; Ia menyembunyikan aku di dalam Rumah-Nya dan mengangkat aku ke atas gunung batu.","1906113200984387891","","","in","","0","0","0","https://x.com/undefined/status/1906113200984387891","1597484297950490627",
"1905944049854357655","Sat Mar 29 22:32:55 +0000 2025","0","@K_TFirdausi Biasanya sih bapak2 SF ini klo balik badgenya dilepas trus pake jaket soal e lumayan sering bareng bapak2 AL pas berangkat atau balik. Rata2 naik turunnya di gate toll waru gunung","1906112360613380487","","K_TFirdausi","in","","0","1","0","https://x.com/undefined/status/1906112360613380487","985310141393256448",
"1906111045984469002","Sat Mar 29 22:27:41 +0000 2025","0","Kebun Teh Panama salah satu destinasi wisata yg bisa dimasukin dlm itinerary paket wisata Dieng. Cocok bgt buat yang suka hawa dingin dan udara segarrr https://t.co/wu4IytWche","1906111045984469002","","","in","","0","0","0","https://x.com/undefined/status/1906111045984469002","1588653308318986240",
"1906110996546285572","Sat Mar 29 22:27:30 +0000 2025","1","mengawali hari dengan nanjak gunung rinjani https://t.co/SWZ39aHYLE","1906110996546285572","https://pbs.twimg.com/media/GnPd1_DaYAAzvC5.jpg","","in","","0","1","0","https://x.com/undefined/status/1906110996546285572","946818132248629248",
"1905882424162021405","Sat Mar 29 22:27:02 +0000 2025","0","@pisauikan @andimitsu @drhthariq Allah tdk serupa dg apapun ayatnya jelas. Klo Tuhan Allah adalah gunung batu gimana? https://t.co/amCSHsXuTI","1906110880884117771","https://pbs.twimg.com/media/GnPdvA6bMAA2jUq.jpg","pisauikan","in","","0","0","0","https://x.com/undefined/status/1906110880884117771","1603869254675099648",
"1906050274940346788","Sat Mar 29 22:26:28 +0000 2025","0","@gnzlel ayo gunung pangrango","1906110739359932535","","zxrqel","tl","","0","0","0","https://x.com/undefined/status/1906110739359932535","480186707",
"1906109845989945832","Sat Mar 29 22:22:55 +0000 2025","1","Oiii beneran naik naik ke puncak gunung","1906109845989945832","","","in","","0","0","0","https://x.com/undefined/status/1906109845989945832","1682447503931879425",
"1905810235673206805","Sat Mar 29 22:21:27 +0000 2025","0","@DHendrawan38556 @merapi_uncover Si ngaruh tuh myanmar ke gunung kidul wkwk","1906109476870254717","","DHendrawan38556","in","","0","0","0","https://x.com/undefined/status/1906109476870254717","463788635",
"1906026731980607838","Sat Mar 29 22:21:21 +0000 2025","0","@soyanaara @intinyadeh Hai kakk ajak aku naik gunung dongg aku mau ikutan ngedaki ","1906109449611477216","","soyanaara","in","","0","0","0","https://x.com/undefined/status/1906109449611477216","867281039684624384",
"1906108756716584993","Sat Mar 29 22:18:36 +0000 2025","0","ngebayangin ekspresi dia pasti begini pas ngeliat bangunan yang kata dia castle diatas gunung wkwkwk DUUHHH LUCU BANGET ELU PENGEN GUE KUNYAH https://t.co/GEi3o3dKxf","1906108756716584993","https://pbs.twimg.com/media/GnPbzhxaYAA3bN_.jpg","","in","","1","0","0","https://x.com/undefined/status/1906108756716584993","1823757483548270592",
"1906087377610965326","Sat Mar 29 20:53:38 +0000 2025","0","Jam segini kebangun krn mau boker. Liat notif agak rame trus aku jd baca ulang tweet-ku. Terus kepikiran tapi kenapa wajah bapaknya gak ada sama sekali ya? Sambil ngeden tiba2 terlintas gimana kalo tiba2 ada WLGYT 2 tapi ceritanya ttg GW dari gunung? Wkwkwkwk...","1906087377610965326","","","in","","0","0","0","https://x.com/undefined/status/1906087377610965326","57241682",
"1906086508681146568","Sat Mar 29 20:50:11 +0000 2025","5","turun gunung soalnya bimbingan bab 4","1906086508681146568","","","in","","0","1","0","https://x.com/undefined/status/1906086508681146568","833463200",
"1905296938041524321","Sat Mar 29 20:45:53 +0000 2025","1","@Gunung_Agoeng @pesertapeninjau @neohistoria_id gw setuju sm pendapat elo ini ngab sejak bu Tin meningga l pak Harto mulai merangkul umat Islam lewat ICMI bentukan pak Habibie pertama kalinya pak Harto takbiran di Monas th 97 seolah beliau menegaskan ada yg beliau tinggalkan dan ada yg mulai beliau rangkul. Biasanya dalam","1906085424097013864","","Gunung_Agoeng","in","","0","0","0","https://x.com/undefined/status/1906085424097013864","1324123230836199424",
"1906084143966068776","Sat Mar 29 20:40:47 +0000 2025","0","mending ganti sepatu gunung apa beli sleeping bag? ","1906084143966068776","","","in","","0","0","0","https://x.com/undefined/status/1906084143966068776","1283959236041388032",
"1906083822791545035","Sat Mar 29 20:39:31 +0000 2025","4","Pas SD gambar 2 gunung dan ada jalanan berkelok di tengah. Kek ginilah kalo di real life. https://t.co/1efrYwTzRp","1906083822791545035","https://pbs.twimg.com/media/GnPFITMa0AAHnC2.jpg","","in","","0","0","0","https://x.com/undefined/status/1906083822791545035","84002674",
"1906083148620087482","Sat Mar 29 20:36:50 +0000 2025","0","kangen gunung kidul","1906083148620087482","","","in","","0","0","0","https://x.com/undefined/status/1906083148620087482","178563041",
"1906077899356270713","Sat Mar 29 20:26:29 +0000 2025","0","@unspoken_hheart 32L sudah lumayan bagus ka kak untuk ke gunung ?","1906080543244255484","","Ralauraloral","in","","0","1","0","https://x.com/undefined/status/1906080543244255484","1461541600597708811",
"1905578743126786118","Sat Mar 29 20:26:18 +0000 2025","0","@kiich192749 Bapak gw yang dulu di untungin jaman Suharto karena jadi PNS bisa wara-wiri kerja di tempat manapun smpe 3 bulan ga di pecat aja bilang ga enak.. 'katanya lu harus nurut ini itu' mungkin bapak mu hanya melihat pucuk gunung es..","1906080495743737893","","","in","","0","0","0","https://x.com/undefined/status/1906080495743737893","1227083919025221632",
"1905986091171422224","Sat Mar 29 20:23:03 +0000 2025","0","@1306FEW ITU YG NAIK GUNUNG","1906079678005456954","","1306FEW","in","","0","0","0","https://x.com/undefined/status/1906079678005456954","1469297459423682564",
"1905925438364389783","Sat Mar 29 20:21:56 +0000 2025","2","@banjarbase tp dsr ky gunung dan bauuu bnr disini ni. smpe ke depan mesjid tuh msh bau.","1906079400560562614","","banjarbase","in","","0","0","0","https://x.com/undefined/status/1906079400560562614","1737822202840670208",
"1906078747910148231","Sat Mar 29 20:19:21 +0000 2025","0","Pantai selalu cantik. Kalau gunung banyak nyamuk also I'm not physically kuat nanjak gunung irl.","1906078747910148231","","","in","","0","1","0","https://x.com/undefined/status/1906078747910148231","1747157377491861504",
"1905833490467475750","Sat Mar 29 20:16:27 +0000 2025","0","@bacwotbet gunung apa itu ka","1906078020106117409","","bacwotbet","in","","0","1","0","https://x.com/undefined/status/1906078020106117409","511814590",
"1906074982565978514","Sat Mar 29 20:13:52 +0000 2025","0","@fajar_ihwa59435 Halo! Dua minggu terakhir di Indonesia (15-29 Maret 2025) ada banjir besar di Jakarta Ramadan sedang berlangsung dan kebijakan baru larang pekerja migran ke Kamboja Thailand Myanmar. Juga ada erupsi gunung di Flores gempa di Laut Savu Hari Nyepi di Bali program cek https://t.co/rYbDq6dMTi","1906077367509873133","https://pbs.twimg.com/media/Gmq59kbaMAAmRX2.jpg","fajar_ihwa59435","in","","0","0","0","https://x.com/undefined/status/1906077367509873133","1720665183188922368",
"1906075039545590180","Sat Mar 29 20:04:37 +0000 2025","0","Setidaknya telinga ini bebas dari nyanyian berkumandang suara dari seberang atau tiada gunung terlalu tinggi selama bbrp hari ke depan","1906075039545590180","","","in","","0","1","0","https://x.com/undefined/status/1906075039545590180","1218517042136924162",
"1906073703068348471","Sat Mar 29 20:01:59 +0000 2025","0","@utamakank3 Ada yg berundak tapi bukan gunung ","1906074379093778499","","utamakank3","in","","0","0","0","https://x.com/undefined/status/1906074379093778499","961996253369270272",
"1906058259334906306","Sat Mar 29 20:01:24 +0000 2025","0","@tsirafla Udahh pernah ke gunung mana ajaaa??","1906074229923262624","","askeladdzzz","in","","0","1","0","https://x.com/undefined/status/1906074229923262624","1818649281978634240",
"1906074039137046661","Sat Mar 29 20:00:38 +0000 2025","0","pov jalanan kabupaten h+3 baru lalu lintas rame mostly stranger yg mau naik gunung https://t.co/7lUwkMIk1R","1906074039137046661","https://pbs.twimg.com/media/GnO8OmmboAARbWz.jpg","","in","","0","0","0","https://x.com/undefined/status/1906074039137046661","1142775818998800385",
"1906072314380472753","Sat Mar 29 19:53:47 +0000 2025","0","tbtb udh di puncak gunung aja ","1906072314380472753","","","in","","0","0","0","https://x.com/undefined/status/1906072314380472753","1561298901604630528",
"1906071871952728546","Sat Mar 29 19:52:02 +0000 2025","0","tbtb dah di puncak gunung sama lah kayak gue bedanya gue via roblox aja","1906071871952728546","","","in","","0","0","0","https://x.com/undefined/status/1906071871952728546","1293115539536007168",
"1906071729929441647","Sat Mar 29 19:51:28 +0000 2025","0","mendaki gunung antartica di roblox sm user oga foroga took thousand years sampe puncaknya","1906071729929441647","","","in","","0","0","0","https://x.com/undefined/status/1906071729929441647","3690257472",
"1906054659661541567","Sat Mar 29 18:43:38 +0000 2025","0","iniii naek gunung sampee kebawa mimpiii awasss aja klo g jadiii...","1906054659661541567","","","in","","1","1","0","https://x.com/undefined/status/1906054659661541567","1310269057908707329",
"1906053174370480624","Sat Mar 29 18:37:44 +0000 2025","1","alergi debu masi understandable tp kalo alergi dingin ki ga masuk akal untuk aku yg omahe gunung","1906053174370480624","","","in","","1","0","1","https://x.com/undefined/status/1906053174370480624","1539595842142687233",
"1905826141317013972","Sat Mar 29 18:34:39 +0000 2025","0","@dian_arifiya tinggi sekali gunung","1906052399829315861","","dian_arifiya","in","","0","0","0","https://x.com/undefined/status/1906052399829315861","1002745014680576000",
"1906050274940346788","Sat Mar 29 18:33:35 +0000 2025","0","@gurlcinnamonn @gnzlel @Yourbabycuteee Kalo gunung sahari gw join","1906052129489604965","","gurlcinnamonn","in","","0","1","0","https://x.com/undefined/status/1906052129489604965","1860361700920471552",
"1906051902200217778","Sat Mar 29 18:32:40 +0000 2025","1","kata gw ya lu pada jangan ngide nonton nadia omara malem² soalnya tdi jam 9 atau 10 an gw nonton video dia yg daki gunung skrg suasana kamar gw sunyi banget banget. pas gw dri bawah mau ke atas di tangganya panas gitu pdhl dibawah adem banget walau lg ngerebus ketupat","1906051902200217778","","","in","","0","1","0","https://x.com/undefined/status/1906051902200217778","1753015390538809344",
"1906050817007972819","Sat Mar 29 18:28:22 +0000 2025","21","((sudah kuduga)) member dream lain kalo kena hate langsung pada turun gunung semua giliran JM yang kena hate langsung pada sibuk semua anjay template shipper/drimjen banget ini mah.","1906050817007972819","","","in","","0","5","2","https://x.com/undefined/status/1906050817007972819","2833707925",
"1905955042580218255","Sat Mar 29 18:24:17 +0000 2025","121","Also naik gunung buat liat sunrise tahun pertama 2015 ","1906049790959575521","","natanattda","in","","0","2","4","https://x.com/undefined/status/1906049790959575521","633604534",
"1905876378290966974","Sat Mar 29 18:24:00 +0000 2025","74","@tanyarlfes film petaka gunung gede berubah jadi gunung jati https://t.co/fHmsck4J93","1906049717576045023","https://pbs.twimg.com/media/GnOmHOlasAAftDw.jpg","tanyarlfes","in","","0","2","0","https://x.com/undefined/status/1906049717576045023","1397742884888010752",
"1905901859849769001","Sat Mar 29 18:23:02 +0000 2025","0","@kevinchoc Gunung Fuji gak sih bang?","1906049475325706525","","kevinchoc","in","","0","1","0","https://x.com/undefined/status/1906049475325706525","1215223149790236673",
"1906042508649640286","Sat Mar 29 18:20:16 +0000 2025","0","@withmumay Yakan TBT tuh gila sih kek dating eranya 10 eps bayangin dikasih romance segede gunung selama 10 eps hahaha nonton sampe yg happynya aja udh anggap itu endingnya aku mah langsung pass itu twot haha big no no for dad ending &gt;&lt;","1906048778685256178","","withmumay","in","","0","1","0","https://x.com/undefined/status/1906048778685256178","62031086",
"1905628617994027414","Sat Mar 29 18:20:08 +0000 2025","0","@onminju Aku sebrangi lautan ku daki gunung ku pungut lagi ","1906048746917658837","","onminju","in","","0","1","0","https://x.com/undefined/status/1906048746917658837","1883417790004244480",
"1906045038234329118","Sat Mar 29 18:05:24 +0000 2025","0","Hallo adakah yang mau ndaki gunung buthak tanggal ngikut pokok dibawah tanggal 20","1906045038234329118","","","in","","0","1","0","https://x.com/undefined/status/1906045038234329118","1443199444543963136",
"1905912328589365311","Sat Mar 29 18:04:51 +0000 2025","0","@txtfromjogja harap maklum warga gunung kidul jg butuh thr","1906044900887654544","","txtfromjogja","in","","0","0","0","https://x.com/undefined/status/1906044900887654544","240983005",
"1906044234660229135","Sat Mar 29 18:02:12 +0000 2025","4","#Asean #Fifa #trending #southeastAsia #BakarSampah #Smog #PM25 #Jakarta🇮🇩 #AirPollution #apartemen #KendalikanAsapPLTU Minggu 30/03/2025 1:01 am apakah pagi hari ini di pukul 6am gunung pangranggo akan terlihat lagi sprti yg terjadi pd hari ini? Semua tergantung pembakar sampah https://t.co/W5yAt16eQg","1906044234660229135","https://pbs.twimg.com/media/GnOhHwYacAAdEHE.jpg","","in","","1","1","0","https://x.com/undefined/status/1906044234660229135","1859524569658425344",
"1905841577228185637","Sat Mar 29 18:01:55 +0000 2025","0","@gacunnnn temen aku yang biasa naik gunung","1906044163390652521","","nicebabygrill","in","","0","0","0","https://x.com/undefined/status/1906044163390652521","1753433987895435264",
"1906036322571321736","Sat Mar 29 17:58:51 +0000 2025","0","@pemudakalemm Naik gunung after lebaran. Berasa bgt pasarnya","1906043390183313520","","pemudakalemm","in","","0","1","0","https://x.com/undefined/status/1906043390183313520","1652704138520842241",
"1906041636309930244","Sat Mar 29 17:51:53 +0000 2025","0","Rundown lebaran 5 thn terakhir ini 06.30 shalat ied 07.00 nyatu 08.00 siap siap indit ka gunung Sesanaa aku tidak merasakan Komo hulang huleng atau nganggur brutal siga na rundown ","1906041636309930244","","","in","","0","0","0","https://x.com/undefined/status/1906041636309930244","116652560",
"1905519755752313052","Sat Mar 29 17:50:10 +0000 2025","0","@youniversesal Kalo sepuh udh turun gunung berarti keadaan emang lagi ga baik-baik aja cuy","1906041206741803180","","youniversesal","in","","0","0","0","https://x.com/undefined/status/1906041206741803180","1377028934051618817",
"1905880781970657681","Sat Mar 29 17:47:17 +0000 2025","0","@xyzitsunn @jjungnaya Gunung es yg kita tabrak apa y berarti Jordi kah makannya lgsg tenggelam","1906040478317089093","","xyzitsunn","in","","0","1","0","https://x.com/undefined/status/1906040478317089093","1580712074870632448",
"1906039677410484340","Sat Mar 29 17:44:06 +0000 2025","0","Fansite doy turun gunung semua post video juga lagi biasanya kan foto doang","1906039677410484340","","","in","","0","0","0","https://x.com/undefined/status/1906039677410484340","1514806739488542727",
"1906039291949773227","Sat Mar 29 17:42:34 +0000 2025","0","aslinya gunung krn suka udaranya yg jernih. tapi gakuat naiknya","1906039291949773227","","","in","","0","0","0","https://x.com/undefined/status/1906039291949773227","1227211449774133248",
"1906034901444333624","Sat Mar 29 17:39:05 +0000 2025","0","@GENSHINJUALBELI Hello akak! Ela masih open nih &gt;&lt; Taring yang membusuk 20K Survei ulang gunung 10K Negeri yang tertutup salju 15K Tersesat di gunung salju 20K Avail QRIS &amp; loyalty card dapat banyak bonuss incl mats mobs by request! Bisa dikerjakan skrg no antri-antri kok~","1906038416896327703","","GENSHINJUALBELI","in","","0","0","0","https://x.com/undefined/status/1906038416896327703","1610312017746989057",
"1906038042403779004","Sat Mar 29 17:37:36 +0000 2025","0","Gunung buthak Kawi Arjuno welirang sama pawitra itu masih satu komplek","1906038042403779004","","","in","","0","0","0","https://x.com/undefined/status/1906038042403779004","1508544037040828416",
"1906036965780398243","Sat Mar 29 17:33:19 +0000 2025","1","UNIT SAMAPTA POLSEK PADEMANGAN PATROLI RUSONG JAGA KAMPUNG NYOK!!! Sabtu 29 Maret 2025 Pukul 09.56 WIB Bripda Syaiful Anggota Samapta melaksanakan Patroli di FTLY GYM Jl.Gunung Sahari Pademagan Barat bertmu sdr. Albert selaku security sampaikan pesan kamtibmas https://t.co/zjJtJCMOm5","1906036965780398243","https://pbs.twimg.com/media/GnOagkUawAASjDX.jpg","","in","","0","0","0","https://x.com/undefined/status/1906036965780398243","1092967217782640640",
"1906034901444333624","Sat Mar 29 17:31:35 +0000 2025","0","@GENSHINJUALBELI Reki masih openn Taring: 20k Survei: 10k Negeri yang Tertutup: 20k Tersesat di Gunung: 20k Take all jadinya 70k masih ada diskon jadinya 52k aja ya senderr. Udah include daily selama pengerjaan! Bonus mats by request avail QRIS dan dapat loyalty card 2 stamp. Yuk sinii","1906036527991488882","","GENSHINJUALBELI","in","","0","0","0","https://x.com/undefined/status/1906036527991488882","1812339410144534528",
"1906034901444333624","Sat Mar 29 17:31:14 +0000 2025","0","@GENSHINJUALBELI Taring yg membusuk 20k Tersesat di gunung 15k Negeri yg tertutup salju 20k Survei ulang 10k Total 65k! All claim + loyalty card! Udah claim chest kalo ada yang terlewat! Yuk sini sama rupica dikerjain sekarang juga!","1906036438476718246","","GENSHINJUALBELI","in","","0","0","0","https://x.com/undefined/status/1906036438476718246","1282919306553028610",
"1906036355135873334","Sat Mar 29 17:30:54 +0000 2025","0","Paling bener naek gunung harta pandawa mtrans tp ya sesuai rute sih","1906036355135873334","","","in","","0","0","0","https://x.com/undefined/status/1906036355135873334","1825538788489351168",
"1906036238815261183","Sat Mar 29 17:30:26 +0000 2025","0","cokkk gunung kidul i enek ae gebrakan e","1906036238815261183","","","in","","1","0","0","https://x.com/undefined/status/1906036238815261183","1754620397121875968",
"1906034901444333624","Sat Mar 29 17:30:11 +0000 2025","0","@GENSHINJUALBELI Taring yang Membusuk: 20k Survei Ulang Gunung: 10k Negeri yang Tertutup Salju: 15k Tersesat di Gunung Salju: 20k Totalnya 65k pas yaa~! Bisa dikerjakan sekarang juga . Bonus: lots of mats (by req) random chest/culus rawat akun https://t.co/jNnsLl0BEU","1906036177976852597","https://pbs.twimg.com/media/GnOZzZVagAAgQox.jpg","GENSHINJUALBELI","in","","0","0","0","https://x.com/undefined/status/1906036177976852597","1202964068614541312",
"1905848976232067565","Sat Mar 29 17:30:10 +0000 2025","1","@Cynosuregyu @gimmesomered ISTIGFAR LUUUUUU BIIAWAK MINGYUUUUUU CEWE LU NIHHHHHHHHH GULINGIN AJA DI GUNUNG GYUUUU","1906036171542765974","","mingo_zip","in","","1","1","0","https://x.com/undefined/status/1906036171542765974","1622197973680799746",
"1906023722668220479","Sat Mar 29 17:29:10 +0000 2025","0","@masiidupkan minggu (versi gunung kawi)","1906035919884550547","","masiidupkan","in","","0","1","0","https://x.com/undefined/status/1906035919884550547","1509549771434098688",
"1905958795962143115","Sat Mar 29 17:26:11 +0000 2025","0","@bintang_uluru ...MAP GUNUNG BERAPI DAN MASIH BANYAK LAGI LAYERNYA","1906035168177213566","","benih_uluru","in","","0","1","0","https://x.com/undefined/status/1906035168177213566","1876630483943239680",
"1906035014065889777","Sat Mar 29 17:25:35 +0000 2025","0","Selama seminggu tiap mau tidur aku sempetin ngerjain tasknya. Sampe aku kuat kuatin karena aslinya udah capek pake banget. Untung aja tiap aku naik gunung lagi gaada banner multi ","1906035016607678694","","nyutaneko","in","","0","1","0","https://x.com/undefined/status/1906035016607678694","795994282008059904",
"1905917897475498281","Sat Mar 29 17:24:12 +0000 2025","0","@FOODFESS2 Mie godog gunung kidul https://t.co/SsSDf14yYp","1906034669084401736","https://pbs.twimg.com/media/GnOYbhBaYAAoKHo.jpg","FOODFESS2","in","","0","0","0","https://x.com/undefined/status/1906034669084401736","290044927",
"1906030055849112056","Sat Mar 29 17:23:30 +0000 2025","0","@pinoy1919 biasa nyoba paket apa treatment gunung hutan?","1906034493892550940","","pinoy1919","in","","0","1","0","https://x.com/undefined/status/1906034493892550940","1236218722471178240",
"1905984556336894404","Sat Mar 29 17:23:12 +0000 2025","0","@caratstalk Klo kata dino di LA banyak gunung nder","1906034418470576471","","caratstalk","in","","0","0","0","https://x.com/undefined/status/1906034418470576471","1451416323569831936",
"1906034181261656507","Sat Mar 29 17:22:15 +0000 2025","0","Ga bs naik gunung/kegiatan alam lainnya hehe","1906034181261656507","","","in","","0","0","0","https://x.com/undefined/status/1906034181261656507","1551068252360413184",
"1902657228466966950","Sat Mar 29 17:21:59 +0000 2025","0","@Karinat UDAH LEBIH DARI GUNUNG!! Benar sayang aku juga lagi jarang_on : &lt; ini sekarang cewekku belum bobok! Untungnya ketemu! :&lt;","1906034113750163498","","Karinat","in","","0","1","0","https://x.com/undefined/status/1906034113750163498","3253763791",
"1906009548068151784","Sat Mar 29 17:21:45 +0000 2025","0","@seahijau gunung se","1906034055511973989","","seahijau","in","","0","1","0","https://x.com/undefined/status/1906034055511973989","1788293206431637507",
"1906033876935590072","Sat Mar 29 17:21:03 +0000 2025","2","Dekat Sabah ada gunung berapi aktif. A fews year ago Kinabalu pernah gempa mengorbankan pendaki.","1906033876935590072","","","in","","0","0","1","https://x.com/undefined/status/1906033876935590072","1272089542435016705",
"1906033536605540562","Sat Mar 29 17:19:42 +0000 2025","0","Di semua kondisi yang lagi terjadi negara carut marut ramadhan mau selesai erupsi gunung Lewotobi gempa di negara tetangga dan belum berbagai kendala dan masalah pribadi. Apakah aku sanggup nonton WLGYT??? Hebat banget mental orang-orang yg nonton sampe tamat ","1906033536605540562","","","in","","0","0","0","https://x.com/undefined/status/1906033536605540562","1743853922731905024",
"1904160629105267066","Sat Mar 29 17:18:22 +0000 2025","0","@SYNKofDream Gunung tertinggi di dunia aja deh.","1906033204387283408","","SYNKofDream","in","","0","0","0","https://x.com/undefined/status/1906033204387283408","1414081921114464258",
"1906032593575059889","Sat Mar 29 17:15:57 +0000 2025","0","ga berani nonton takut standar setinggi gunung ungaran tp akunya hanyalah tiang bendera sd negeri","1906032593575059889","","","in","","0","0","0","https://x.com/undefined/status/1906032593575059889","1358660775494053888",
"1906031394956173321","Sat Mar 29 17:11:11 +0000 2025","1","Sabtu 29 Maret 2025 Pukul 00.10 WIB anggota Samapta Polsek Pademangan melaksanakan Patroli Pembiruan di Depan Maspion Plaza Jl.Gunung Sahari Pademangan Barat dalam rangka antisipasi tawuran 3C maupun Guantibmas lainnya https://t.co/D5WUK0hxsd","1906031394956173321","https://pbs.twimg.com/media/GnOVcDlbsAAMPs7.jpg","","in","","0","0","0","https://x.com/undefined/status/1906031394956173321","1092967217782640640",
"1906022963612369322","Sat Mar 29 17:09:04 +0000 2025","0","@restpirant Kamu masih mendaki gunung?","1906030860564082688","","fiksionals","in","","0","1","0","https://x.com/undefined/status/1906030860564082688","877338726627557377",
"1906025696310517800","Sat Mar 29 17:08:37 +0000 2025","1","@blessedcuddle yakan kegiatan outdoor itu beneran seru dan kesenangan aku sama alam jdi salah satu alasan ngambil KKN di kalimantan trus bisa melakukan pemetaan hutan di kalimantan nginap di hutan berburu dll. dan juga jdi alasan aku suka naik gunung dan wisata alam bushcraft sangat seru!","1906030748576198749","","blessedcuddle","in","","0","1","0","https://x.com/undefined/status/1906030748576198749","1088462783262318592",
"1906027093542289444","Sat Mar 29 17:05:13 +0000 2025","0","@ultrawhitemilk Tinggal gambar gambar aja kek gunung","1906029892321583248","","ultrawhitemilk","in","","0","1","0","https://x.com/undefined/status/1906029892321583248","1818425812032630784",
"1906029362002198828","Sat Mar 29 17:03:06 +0000 2025","0","Pantai. Kalo ke gunung males tracking","1906029362002198828","","","in","","0","0","0","https://x.com/undefined/status/1906029362002198828","1224300437488033792",
"1906021841816387621","Sat Mar 29 17:00:23 +0000 2025","0","@JCYfighter *menatap gunung* oh iya...","1906028675742695499","","ashillarach","in","","0","1","0","https://x.com/undefined/status/1906028675742695499","1322885512617586688",
"1906028664837578768","Sat Mar 29 17:00:20 +0000 2025","1","Jumat 28 Maret 2025 Pukul 23.19 WIB anggota Samapta Polsek Pademangan melaksanakan Patroli Pembiruan di Jl.Gunung Sahari Pademangan Barat dalam rangka antisipasi tawuran 3C maupun Guantibmas lainnya https://t.co/t2FnGK60EZ","1906028664837578768","https://pbs.twimg.com/media/GnOS9lXbkAAnyKP.jpg","","in","","0","0","0","https://x.com/undefined/status/1906028664837578768","1092967217782640640",
"1906008503606559088","Sat Mar 29 16:58:39 +0000 2025","56","@tanyarlfes oh sawahnya jauh? berarti daerah rmh km di sana ga dikelilingin sm sawah?? dikelilingin sm apa dong?? klo gunung ada gaa di sana?? sungai ada ngga?? hawa di sana dingin gaa? apa biasa aja apa malah panas? yg paling km suka klo pas pulkam gini apa?? ","1906028241133113656","","tanyarlfes","in","","1","25","2","https://x.com/undefined/status/1906028241133113656","1304345712516235264",
"1906027865231221186","Sat Mar 29 16:57:10 +0000 2025","0","@legalancar gunung kidul ","1906027865231221186","","legalancar","in","","0","0","0","https://x.com/undefined/status/1906027865231221186","102300143",
"1906027430290329714","Sat Mar 29 16:55:26 +0000 2025","0","turun gunung tadi kuping ku sakit banget kocak sampe sekarang masih T T (sakitnya kayak pas mau landing pesawat)","1906027430290329714","","","in","","0","0","0","https://x.com/undefined/status/1906027430290329714","1543218779211329537",
"1906027210655617221","Sat Mar 29 16:54:33 +0000 2025","0","ngapain ya hari ini naik turun gunung kayak skrg lelah sekali ","1906027210655617221","","","in","","0","0","0","https://x.com/undefined/status/1906027210655617221","1103514226277011456",
"1906027112156537188","Sat Mar 29 16:54:10 +0000 2025","0","Cek Limitless - Sandal Wanita Tali Belakang Empuk Sendal Gunung Lalisa Korean Cewek Sandal Slop Wedges dengan harga Rp69.000. Dapatkan di Shopee sekarang! https://t.co/JBQvUb3qrq https://t.co/PbhKsTl7Lw","1906027112156537188","https://pbs.twimg.com/media/GnORjr9a8AAvKA9.jpg","","in","","0","0","0","https://x.com/undefined/status/1906027112156537188","215505571",
"1906027065574637576","Sat Mar 29 16:53:59 +0000 2025","1","UNIT SAMAPTA POLSEK PADEMANGAN PATROLI RUSONG JAGA KAMPUNG NYOK!!! Jumat 28 Maret 2025 Pukul 23.16 WIB Aiptu Slamet anggota Samapta melaksanakan Patroli di Jl.Gunung Sahari Pademangan Barat bertemu dengan Wargal sampaikan pesan kamtibmas https://t.co/vIkZVBIH1X","1906027065574637576","https://pbs.twimg.com/media/GnORgKXaIAAAjJT.jpg","","in","","0","0","0","https://x.com/undefined/status/1906027065574637576","1092967217782640640",
"1906026479118606663","Sat Mar 29 16:51:39 +0000 2025","0","pacaran dengan dua orang yang satu lg manjat gunung yang satu one way dan gw gak ngerti dia ngomong apa https://t.co/ycJKMcvhxs","1906026479118606663","https://pbs.twimg.com/media/GnOQ-fRbIAApN4M.jpg","","in","","0","1","0","https://x.com/undefined/status/1906026479118606663","1305506153435000832",
"1906018588064096622","Sat Mar 29 16:51:27 +0000 2025","1","@unknaiq Iya bertahan krn mau ikutin jaman dg kerjasama sama online platform jadinya tetep bertahan Dan user mereka kayaknya emg type setia jd drpada nyoba2 ya naik yg udh pasti dr dulu pelayanan nya oke hehe Betul ibuku juga kesana kemari sendiri klo naik gunung harta juga aman hamdalah","1906026428526911639","","unknaiq","in","","0","1","0","https://x.com/undefined/status/1906026428526911639","211422412",
"1906026097931612201","Sat Mar 29 16:50:08 +0000 2025","60","guys rekomen tas gunung atau backpack apapun yang muat banyak terutama baju buat traveling atau mudik kalo bisa yang under 200 awokawok ","1906026097931612201","","","in","","2","6","1","https://x.com/undefined/status/1906026097931612201","1371650588",
"1906025115793653907","Sat Mar 29 16:46:14 +0000 2025","0","liat ini aja langsung kecium bau parfumku waktu itu dinginnya mt tanggung rasa liquid yang tak pake dan alasanku nekat mendaki bukit(padahal gunung looo jir) untuk pertama kalinya. padahal ini 2023 https://t.co/TXuf8YqQiy","1906025115793653907","https://pbs.twimg.com/amplify_video_thumb/1906025027998543873/img/b2WzCwJd_avVpUYV.jpg","","in","","0","0","0","https://x.com/undefined/status/1906025115793653907","3261183457",
"1906023848124047403","Sat Mar 29 16:44:48 +0000 2025","3","Sandal laki-laki karet Gunung anti slip (Discount 68%) Link https://t.co/uzvNg9eZAs https://t.co/6PEahPHIP4","1906024756316611042","https://pbs.twimg.com/media/GnOPaXGbwAAxXlQ.jpg","Netizeeennn","in","","0","2","0","https://x.com/undefined/status/1906024756316611042","1778259282397691904",
"1906024180187009520","Sat Mar 29 16:42:31 +0000 2025","0","Niatnya pengen cari nastar Holland Bakery dptnya malah yg lain Otw lebaran di gunung aja https://t.co/gb8zeVrCQB","1906024180187009520","https://pbs.twimg.com/media/GnOO4wibgAAmp-D.jpg","","in","","0","1","0","https://x.com/undefined/status/1906024180187009520","110926235",
"1904557044692365786","Sat Mar 29 16:42:10 +0000 2025","0","@soledarity Kita mau gelinding ke bawah kah makanya di gunung?","1906024091406258182","","soledarity","in","","0","1","0","https://x.com/undefined/status/1906024091406258182","1285817811420319746",
"1905612303409840582","Sat Mar 29 16:40:18 +0000 2025","0","@MariaAlkaff_ Yg nyanyi sdh kenyang dana desa belum??","1906023622726332525","","MariaAlkaff_","in","","0","0","0","https://x.com/undefined/status/1906023622726332525","1701624074877984768",
"1905870039409938884","Sat Mar 29 16:40:07 +0000 2025","0","Selain storytelling yg bagus &amp; berkesan cerita tokoh utama mengingatkan gw dg kehidupan gw sendiri. Banyak kesamaan: - Cerita dari desa bedanya gw dari gunung dia dari pesisir. - Generasi pertama yg kuliah - Kuliah di top uni di kota besar - Pernah kerja di bidang yg sama","1906023576702242950","","ahmadinojan","in","","0","1","0","https://x.com/undefined/status/1906023576702242950","1188337358",
"1906022068933874071","Sat Mar 29 16:39:30 +0000 2025","0","@_minsi Ratu belum siap turun gunung seng. Biar prajurit dulu aja yg turun duluan","1906023422880321778","","_minsi","in","","0","1","0","https://x.com/undefined/status/1906023422880321778","1262755161648197632",
"1906018588064096622","Sat Mar 29 16:37:01 +0000 2025","0","@unknaiq Harus ikutin jaman si ya Krn org prefer beli tix online Jd klo dia ga promote ke platform jg ya ga well known jadinya Skrg di online rate tinggi ya pahala sama gunung harta Jadi mau gak mau naik itu Tp gunung harta emg worth the price si","1906022796536537424","","unknaiq","in","","0","1","0","https://x.com/undefined/status/1906022796536537424","211422412",
"1906022746028748883","Sat Mar 29 16:36:51 +0000 2025","0","Sekarang doi sudah jadi swamii aqhh hihi. Setelah melewati lembah gunung lautan selama 9 tahun kita menikah hihihi. Capek sih... tapi asik karena cowo yg aku tembak itu jadi suami aku. Enak bgt bobok bareng cowo yg aku kejar berasa menang dapet piala ","1906022754530320783","","meawwnyu_","in","","0","0","0","https://x.com/undefined/status/1906022754530320783","2834700073",
"1905901859849769001","Sat Mar 29 16:36:01 +0000 2025","0","@kevinchoc Tiba-tiba naik gunung (2)","1906022543787716836","","kevinchoc","tl","","0","0","0","https://x.com/undefined/status/1906022543787716836","1633114993",
"1906022068933874071","Sat Mar 29 16:35:25 +0000 2025","0","@_minsi Sengku turun gunung","1906022392956100772","","_minsi","in","","0","1","0","https://x.com/undefined/status/1906022392956100772","1262755161648197632",
"1905725092832903634","Sat Mar 29 16:33:59 +0000 2025","0","@kenzezt gw juga nanti lebaran gini anjirr tugas gw kek gunung","1906022033605239146","","kenzezt","in","","0","0","0","https://x.com/undefined/status/1906022033605239146","849134740129038336",
"1906021887962181955","Sat Mar 29 16:33:24 +0000 2025","0","Raja terakhir mau turun gunung dan saya siap gabung dibarisan. Yuhuuuu","1906021887962181955","","","in","","0","0","0","https://x.com/undefined/status/1906021887962181955","551913468",
"1906021870467707356","Sat Mar 29 16:33:20 +0000 2025","0","Pantai di gunung aku sakit ","1906021870467707356","","","in","","0","0","0","https://x.com/undefined/status/1906021870467707356","1879380755681628160",
"1906021313355157673","Sat Mar 29 16:31:07 +0000 2025","0","terakhir makan mie ayam pas turun dari gunung anjay","1906021313355157673","","","in","","0","0","0","https://x.com/undefined/status/1906021313355157673","1413114910297399301",
"1906015245681975578","Sat Mar 29 16:31:07 +0000 2025","0","@BosPurwa @Fahrihamzah Nah loh si otak udang kena batunya...","1906021312923041996","","BosPurwa","in","","0","0","0","https://x.com/undefined/status/1906021312923041996","1701624074877984768",
"1906018588064096622","Sat Mar 29 16:30:05 +0000 2025","0","@unknaiq Dulu akas asri paling cepet sampe kata aku tu wkwk Makanan resto pilihannya juga paling enak haha Skrg kayaknya jarang nemu juga di platform online jadi pasti dpt gunung harta / pahala yg muncul ","1906021050540077535","","unknaiq","in","","0","1","0","https://x.com/undefined/status/1906021050540077535","211422412",
"1906020882373603562","Sat Mar 29 16:29:25 +0000 2025","0","gunung.... sejuk.... and it reminds me of hIM","1906020882373603562","","","in","","0","0","0","https://x.com/undefined/status/1906020882373603562","1701642717527433216",
"1906020695555149901","Sat Mar 29 16:28:40 +0000 2025","1","jj 3 anak gunung @carameelcha https://t.co/afkwWIhOfR","1906020695555149901","https://pbs.twimg.com/ext_tw_video_thumb/1906020494484312064/pu/img/M9lQZRffF4RCrIfr.jpg","","in","","0","2","0","https://x.com/undefined/status/1906020695555149901","1741829466786316288",
"1906018351534760141","Sat Mar 29 16:27:42 +0000 2025","2","@__AnakKolong Libur lebaran ke pantai masuk bayar polisi eh pantainya dijaga TNI Libur lebaran ke gunung naiknya ijin bayar polisi eh gunungnya dijaga karena ada tambang milik TNI Libur lebaran ke rumah tetangga eh tetangga diciduk polisi karena demo anti UUTNI wis tak turu ngiler wae","1906020449827557500","","__AnakKolong","in","","0","1","0","https://x.com/undefined/status/1906020449827557500","1713231013034459136",
"1905645731085779312","Sat Mar 29 16:08:37 +0000 2025","0","@hyperkarry Save your self era nya nyelametin bumi tiba2 naik gunung tiba2 joging tiba2 gym","1906015647894741494","","hyperkarry","in","","0","0","0","https://x.com/undefined/status/1906015647894741494","1227462875415011328",
"1906001653574308199","Sat Mar 29 16:06:46 +0000 2025","0","@alifudin2510 Gak tau pasti gunung mana yang akan kamu daki di 2026 tapi kalau di Indonesia mungkin Batur atau Rinjani populer banget! Ada petunjuk lain gak? ️","1906015184662970445","","alifudin2510","in","","0","1","0","https://x.com/undefined/status/1906015184662970445","1720665183188922368",
"1905733399362650177","Sat Mar 29 16:05:56 +0000 2025","0","@realfedinuril @Fahrihamzah Kritik keras hanya pas jadi oposisi.. Semoa poliTIKUS sama saja.. Udah gak bisa berharap banyak sama mereka Real perwakilan rakyat gak ada yang mau turun gunung ke politik ni? Era sosmed sekarang kl gak dibredel sih harusnya partai baru cepet bisa jangkau grass root..","1906014973140332876","","realfedinuril","in","","0","0","0","https://x.com/undefined/status/1906014973140332876","122934031",
"1906014944216429003","Sat Mar 29 16:05:49 +0000 2025","0","tapi tibatiba naik gunung","1906014944216429003","","","in","","0","0","0","https://x.com/undefined/status/1906014944216429003","1868671595419664384",
"1905929207022039081","Sat Mar 29 16:03:16 +0000 2025","0","@syeerins @sbmptnfess aman ajaaa aku malah isinya amburadul nder segala pemandangan gunung aku gambar ","1906014303955890524","","syeerins","in","","0","0","0","https://x.com/undefined/status/1906014303955890524","1658389809633857536",
"1905997946241581109","Sat Mar 29 16:02:24 +0000 2025","0","@hooncsc iyaaa! emg lumayan bgttt. kalo mau ke atas sekalian daerah kaliurang ituu! bisa main skuter bisa ke museum ulen sentalu trs banyak bgt cafe2 lucuu! atau ke bawah ke gunung kidul ituu banyakkk yang wahana alaman sama yang bukit shoka itu!","1906014084920910151","","hooncsc","in","","0","1","0","https://x.com/undefined/status/1906014084920910151","1252317232413188106",
"1906013852061651327","Sat Mar 29 16:01:29 +0000 2025","1","ya Allah keinginan mendaki gunung ","1906013852061651327","","","in","","1","0","0","https://x.com/undefined/status/1906013852061651327","1563007849319477248",
"1906003127859581026","Sat Mar 29 16:01:12 +0000 2025","0","@souvmate telen gunung everest nanti langsung dingin","1906013781450498507","","souvmate","tl","","0","1","0","https://x.com/undefined/status/1906013781450498507","1888089836843843589",
"1906013601845973001","Sat Mar 29 16:00:29 +0000 2025","0","Gunung https://t.co/PkGJubPQxt","1906013601845973001","https://pbs.twimg.com/media/GnOFRB4aEAAxXn7.jpg","","in","","0","0","0","https://x.com/undefined/status/1906013601845973001","1840446072055009280",
"1906013398736986289","Sat Mar 29 15:59:40 +0000 2025","1","anak bola anak gunung anak gym anak renang anak basket anak trip anak boxing anak fashion anak pekerja keras kurang idaman apa lagi? https://t.co/5ydOVeWEKN","1906013398736986289","https://pbs.twimg.com/media/GnOFDu7asAAd8Kj.jpg","","in","","0","1","0","https://x.com/undefined/status/1906013398736986289","1001669827700887558",
"1906002177320948087","Sat Mar 29 15:55:41 +0000 2025","0","@convomf gunung or pantai? Alasannya?","1906012393626624375","","convomf","in","","65","1","0","https://x.com/undefined/status/1906012393626624375","1874775345263788032",
"1906012381068820529","Sat Mar 29 15:55:38 +0000 2025","0","Dalam menciptakan Situasi Kamtibmas yang Aman dan Kondusif selama bulan suci ramadhan 1446 H melaksanakan Patroli hunting System cegah Pungli dan antisipasi arus mudik 2025 di Jl Raya Komering Putih Kec. Gunung Sugih Lampung Tengah Sabtu (29/03/25) #patrolikryd #arusmudik2025 https://t.co/Z2vT7tVyw6","1906012381068820529","https://pbs.twimg.com/media/GnOEIXGacAEn1BN.png","","in","","0","0","0","https://x.com/undefined/status/1906012381068820529","1269125579841798146",
"1905948225615614449","Sat Mar 29 15:55:01 +0000 2025","0","@PasutriBekasi14 Gunung bergoyang dan wajah yg penuh gairah hahaha","1906012227364426011","","PasutriBekasi14","in","","0","1","0","https://x.com/undefined/status/1906012227364426011","2168290434",
"1906012183663952056","Sat Mar 29 15:54:51 +0000 2025","0","Mei atau juni trekking gunung kembang yuh","1906012183663952056","","","in","","0","0","0","https://x.com/undefined/status/1906012183663952056","1883157759413358593",
"1906011696453603442","Sat Mar 29 15:52:55 +0000 2025","0","Kulihat Gunung di Jakarta.. amazing https://t.co/l0Z0OMbIFK","1906011696453603442","https://pbs.twimg.com/media/GnODiU3a8AAne84.jpg","","in","","0","1","0","https://x.com/undefined/status/1906011696453603442","18233723",
"1906011662790140193","Sat Mar 29 15:52:47 +0000 2025","0","Jadwal KM GUNUNG DEMPO 30 Maret - 18 April 2025: Rute Wasior Manokwari Sorong Makassar https://t.co/QAq0RwhFwg","1906011662790140193","","","in","","0","0","0","https://x.com/undefined/status/1906011662790140193","1472817062900756487",
"1905954297986400322","Sat Mar 29 15:47:46 +0000 2025","0","@acceptxt ak di gunung di hutan","1906010401747398728","","acceptxt","in","","0","1","0","https://x.com/undefined/status/1906010401747398728","985593741175013376",
"1905975903555117066","Sat Mar 29 15:45:30 +0000 2025","0","@g4but__ questnya masih satu jalan sm yg gunung suci atau beda","1906009832651620697","","kaedvehara","in","","0","1","0","https://x.com/undefined/status/1906009832651620697","1382948571398483968",
"1905949133514670519","Sat Mar 29 15:44:56 +0000 2025","0","@simpovernoel Kek mau naik gunung paduka","1906009688325713973","","simpovernoel","in","","0","0","0","https://x.com/undefined/status/1906009688325713973","1176664768314105856",
"1906009562685308987","Sat Mar 29 15:44:26 +0000 2025","0","Lereng gunung udh besok mantai kali yaa ngabuburun nya","1906009562685308987","","","in","","0","0","0","https://x.com/undefined/status/1906009562685308987","122077300",
"1906007341235159301","Sat Mar 29 15:44:24 +0000 2025","3","Candi Ijo punya kisahnya sendiri kesakralannya diberikan lewat getaran bumi . Disebutkan di papan informasi para Leluhur membangun candi di tanah yang wangi atau tanah dengan kondisi yang paling optimal. Walaupun ada di gunung tapi enakk sekali untuk terhubung dengan Bumi.","1906009553118060586","","KacamataNama","in","","1","1","0","https://x.com/undefined/status/1906009553118060586","1795787256646828033",
"1904483194675806501","Sat Mar 29 15:43:58 +0000 2025","0","51. Climbing Brothers (Kang Manjat) Para pemanjat memanjat tebing yang mudah terlihat oleh masyarakat. Mereka melakukannya dengan membawa spanduk besar (misalnya 30 x 3m) dan menggantungnya di sisi gunung.","1906009447337742451","","neorevolte","in","","0","1","0","https://x.com/undefined/status/1906009447337742451","79891411",
"1906008683357896718","Sat Mar 29 15:40:56 +0000 2025","0","anying burnout jadwalkan naek gunung wae kitu","1906008683357896718","","","in","","0","0","0","https://x.com/undefined/status/1906008683357896718","1080099508342599680",
"1906005266560081961","Sat Mar 29 15:39:35 +0000 2025","0","@pneyma_radz belum berbakat jadi buzzer nnti aku coba selfi di gunung ala-ala","1906008344705544604","","pneyma_radz","in","","0","0","0","https://x.com/undefined/status/1906008344705544604","1674849291251363840",
"1906007823257108788","Sat Mar 29 15:37:31 +0000 2025","0","Cluenya gunung bromo","1906007823257108788","","","in","","0","0","0","https://x.com/undefined/status/1906007823257108788","1223853150727094272",
"1905849582895911054","Sat Mar 29 15:37:17 +0000 2025","0","@WoodsJAEMIN ya... yaudah... gmne lg... gua sebenernya mah pendendam tapi di waktu yang sama pasrah juga orangnye jd yaudah gua lepas aje &amp; bertingkah chill pdhl aslinya gunung krakatau meletus duar","1906007764251623814","","h0ngvrs","in","","0","0","0","https://x.com/undefined/status/1906007764251623814","1895075524726398978",
"1905384437313143040","Sat Mar 29 15:34:13 +0000 2025","0","@Juhyenon NTARRR GUE ADD YAA PAS ONN!! bjir suka mendaki gunung ia emang yang antartika sama Everest bedaa?","1906006990901346671","","Juhyenon","in","","0","1","0","https://x.com/undefined/status/1906006990901346671","3290003568",
"1905995237333569555","Sat Mar 29 15:28:21 +0000 2025","0","@anjvnala @seicsnui ??? gunung everest aja ga mampu nampung pejyu blekswan.","1906005516880650277","","bokepyuri","in","","0","1","0","https://x.com/undefined/status/1906005516880650277","1728060499617849344",
"1906005148650057772","Sat Mar 29 15:26:53 +0000 2025","0","Tertarik balik ke gunung lagi tapi buat trail running","1906005148650057772","","","in","","0","0","0","https://x.com/undefined/status/1906005148650057772","1475239506",
"1905946038277726298","Sat Mar 29 15:26:07 +0000 2025","2","@SCahyonugrohos Nglanggeran tipe gunung berapi stratovolcano / kerucut. yg kita lihat saat ini batuan beku dari sisa leher vulkanik Nglanggeran","1906004951727513963","","SCahyonugrohos","in","","0","1","0","https://x.com/undefined/status/1906004951727513963","3165540462",
"1906004497304031564","Sat Mar 29 15:24:18 +0000 2025","0","tbtb naik gunung wkwkwkw","1906004497304031564","","","in","","0","0","0","https://x.com/undefined/status/1906004497304031564","126526244",
"1905992485249405373","Sat Mar 29 15:22:41 +0000 2025","0","@Falkenhaynz Ga juga banyak yang sudah mendapatkan gunung tertinggi lainnya atau baru masuk saat batas umur terakhir","1906004091253514319","","keharyapatihan","in","","0","0","0","https://x.com/undefined/status/1906004091253514319","434928821",
"1882385056662159640","Sat Mar 29 15:21:27 +0000 2025","0","@raayien15 @calomagang Iya betul mas bisa ljuga lewat Belik aja ketimbang lewat Gunung Lio mah ngeri","1906003777565716980","","raayien15","in","","0","0","0","https://x.com/undefined/status/1906003777565716980","1222501951427895298",
"1905787202136883537","Sat Mar 29 15:21:11 +0000 2025","0","@ismedBadjeber Zakat fitrah ya harus makanan pokok setempat sesuai ijma/kesepakatan pr ulama.4","1906003710880494061","","ismedBadjeber","in","","0","0","0","https://x.com/undefined/status/1906003710880494061","1701624074877984768",
"1906003251360837969","Sat Mar 29 15:19:21 +0000 2025","1","Bencilah Kami Setinggi Gunung Akan Kami Balas Engkau Dengan Cinta Setinggi Langit. @divisihumaspolri @spripim.polri @humaspoldajatim @gegana_id #netralitaspolri #PolriUntukMasyarakat #PresisiUntukIndonesia #HumanisTegakkanHukum #PolresBojonegoro #PoldaJawaTimur https://t.co/IiXRNdjDBK","1906003251360837969","https://pbs.twimg.com/ext_tw_video_thumb/1906003166174584832/pu/img/uGoCQHSlnCSjTMeq.jpg","","in","","0","1","0","https://x.com/undefined/status/1906003251360837969","1729874733544697856",
"1906002499603153305","Sat Mar 29 15:16:22 +0000 2025","4","Yushi lucu sedunia jagat raya kucing kelinci hamster kalo ada lebah di deketmu berarti kamu lebih manis daripada bunga kalo ada aku di deketmu berarti kita siap menguasai dunia aku rela keliling dunia planet samudera lembah gunung buat nunjukin kalo ada manusia SELUCU YUSHI T^T https://t.co/P13cGVOhaB","1906002499603153305","https://pbs.twimg.com/media/GnN7KU-a4AAY02p.jpg","","in","","0","0","0","https://x.com/undefined/status/1906002499603153305","1438893012730269699",
"1906002489037463773","Sat Mar 29 15:16:19 +0000 2025","0","AAAA pertama kali berani bawa boba ke rumah sesel mendaki gunung melewati lembah","1906002489037463773","","","in","","0","0","0","https://x.com/undefined/status/1906002489037463773","1298837164361281538",
"1905984855940403377","Sat Mar 29 15:14:23 +0000 2025","0","@heartlesscore emg kapan mau naik gunung??","1906001999398871189","","herrrmatcha","in","","0","0","0","https://x.com/undefined/status/1906001999398871189","1085716478991581184",
"1906001768707952856","Sat Mar 29 15:13:28 +0000 2025","0","Langit Jakarta pagi sampe siang tadi bagus bgt biru cerah gedung2 tinggi jadi keliatan jernih view arah selatan siluet gunung biru bgt kaya bukan di Jakarta ","1906001768707952856","","","in","","0","0","0","https://x.com/undefined/status/1906001768707952856","1262113344346972160",
"1906001221712068972","Sat Mar 29 15:11:17 +0000 2025","0","Setelah kemarin seharian hujan Pagi ini sangat cerah terlihat Gunung Merapi &amp; Merbabu di Barat dan Gunung Lawu di Timur. Foto diambil dari belakang rumah https://t.co/KgUHKJfVXC","1906001221712068972","https://pbs.twimg.com/media/GnN5_9BbgAA7tm3.jpg","","in","","0","0","0","https://x.com/undefined/status/1906001221712068972","354682223",
"1905972372701925721","Sat Mar 29 15:11:08 +0000 2025","0","@brohaitham MAKANYA??? gemesin... ada yg pinguin diseruduk sama kambing gunung juga ","1906001183686201589","","brohaitham","in","","0","1","0","https://x.com/undefined/status/1906001183686201589","1514628973661097986",
"1905998421741183275","Sat Mar 29 15:10:55 +0000 2025","0","@munvess Wahhh foto apa yang jadi fav mu? (I.e gunung laut etc)","1906001129730686994","","munvess","in","","0","0","0","https://x.com/undefined/status/1906001129730686994","1011207763634950144",
"1906001123493675282","Sat Mar 29 15:10:54 +0000 2025","0","Abis lebaran naik gunung yuk #LoveStory","1906001123493675282","","","in","","0","0","0","https://x.com/undefined/status/1906001123493675282","1085716478991581184",
"1905764136056959354","Sat Mar 29 15:09:55 +0000 2025","0","@DS_yantie Saran pak bongkar akun fufufafa yg membongkar bahkan mencaci kepala negara/ presiden prabowo dan keluarganya.","1906000877694984630","","DS_yantie","in","","0","0","0","https://x.com/undefined/status/1906000877694984630","1701624074877984768",
"1904960796700070083","Sat Mar 29 15:07:14 +0000 2025","0","@hoflyland seru main gunung! kamu udah menamatkan gunung apa ajaa?","1906000203238588798","","deculkecil","in","","0","0","0","https://x.com/undefined/status/1906000203238588798","1896921918491783168",
"1905622803728187557","Sat Mar 29 15:05:37 +0000 2025","0","@gureuminee @ttaehyunkang kls 11 sek ono ms crush hari hari bahagia bnyk kegiatan menyenangkan slh satunya elios naik gunung wali kelas chill swag mskipun agak ngawur Miss kls 11 so much","1905999792737808442","","gyurieta","in","","0","1","0","https://x.com/undefined/status/1905999792737808442","1544617178875367425",
"1905999767529988458","Sat Mar 29 15:05:30 +0000 2025","0","Infone bang area Gunung Kidul dan sekitarnya","1905999767529988458","","","in","","0","0","0","https://x.com/undefined/status/1905999767529988458","1110019517432774658",
"1905597239848042531","Sat Mar 29 15:05:29 +0000 2025","0","@AraituLaki Udah terbukti 98 tuh kudeta....bhs bayi nya gantian jd pejabat dong.... bukan soal kkn atau rakyat kecil ato reformasi ato apalah....","1905999762048106776","","AraituLaki","in","","0","0","0","https://x.com/undefined/status/1905999762048106776","1701624074877984768",
"1905870325293724091","Sat Mar 29 15:02:02 +0000 2025","0","@Alreyharfins akhirnya desainer muda kita turun gunung","1905998894242410925","","Alreyharfins","in","","0","0","0","https://x.com/undefined/status/1905998894242410925","431629972",
"1905993202211139591","Sat Mar 29 15:00:21 +0000 2025","5","@Ova_ovaaa Masalah nya ini mereka blm tau kalo diriku wota wkwkwkwk image nya masih anak gunung yg suka loncat sana sini wkwkwk","1905998468780523910","","Ova_ovaaa","in","","0","1","0","https://x.com/undefined/status/1905998468780523910","1235183135647600641",
"1905998395141140808","Sat Mar 29 15:00:03 +0000 2025","0","Kebayang gk di dalem gunung berapi di kita tuh ternyata dalemnya kayak gini? https://t.co/Ibi8mHCRFs","1905998395141140808","https://pbs.twimg.com/media/GnN3cH3aEAAW_Fl.jpg","","in","","0","0","0","https://x.com/undefined/status/1905998395141140808","143298529",
"1674202247365009409","Sat Mar 29 14:59:53 +0000 2025","0","@poor_askara Kaki gunung swanting?","1905998350614487260","","annonacherimola","in","","0","0","0","https://x.com/undefined/status/1905998350614487260","84340722",
"1905998172037767243","Sat Mar 29 14:59:10 +0000 2025","0","don't be too bitter kak. alasan makan seseorang yg disampein ke orang lain itu emang selalu tampak remeh padahal itu puncak gunung es aja. apa hak kita untuk tau masalah sebenarnya","1905998172037767243","","","in","","0","0","0","https://x.com/undefined/status/1905998172037767243","1109771301038653440",
"1905959068914598147","Sat Mar 29 14:58:31 +0000 2025","5","@diosetta Karena jalur terdekat adalah via Jalur Ke TWA Gunung Ijen jadi mau gamau ya haruss lewat situ. Sy Jalan dari Rumah jam 22.00 masih mampir sana sini sama ngopi di tempat temen2. Jadi masuk wilayah alas (hutan) itu kurleb pukul 00.30 .","1905998006421504211","","alternatifname_","in","","0","1","0","https://x.com/undefined/status/1905998006421504211","1734866610002001920",
"1905638411521982554","Sat Mar 29 14:54:55 +0000 2025","0","@hnirankara @prabowo Monggo pak sdh dikasih contekan...","1905997103400411436","","Hnirankara","in","","0","0","0","https://x.com/undefined/status/1905997103400411436","1701624074877984768",
"1905950823630114833","Sat Mar 29 14:51:57 +0000 2025","0","@amamiuww ini di cisaruaa lembang view nya gunung burangrang","1905996355199242677","","amamiuww","in","","0","0","0","https://x.com/undefined/status/1905996355199242677","1235554489731444737",
"1905996258587869534","Sat Mar 29 14:51:34 +0000 2025","0","Akhirnya naik puncak gunung rinjani bersama @reIungjiwaa https://t.co/xpXcMoMLJK","1905996258587869534","https://pbs.twimg.com/media/GnN1fxTb0AAWAYM.jpg","","in","","0","0","0","https://x.com/undefined/status/1905996258587869534","3165661495",
"1905564549631369341","Sat Mar 29 14:51:14 +0000 2025","0","@Boediantar4 Bkn masalah pintar/bodoh.Penentuan hilal adlh masalah ittibai rosululloh.Mengikuti petunjuk/cara rosululloh.Syarat amalan diterima adl ittibai rosululloh dan ikhlas.Rosulilloh: man roghiba an sunati fa laisa minni.Brg siapa tdk suka/mengikuti sunnahku/jalanku mk bukan golonganku.","1905996175821734391","","Boediantar4","in","","0","0","0","https://x.com/undefined/status/1905996175821734391","1701624074877984768",
"1905978285097468211","Sat Mar 29 14:50:53 +0000 2025","0","@zaynearctic mwehehehe hasil bertapa di gunung enih biar blio cepet pulang nanti ","1905996085463802042","","zaynearctic","in","","0","0","0","https://x.com/undefined/status/1905996085463802042","774480485468680192",
"1905995816969306238","Sat Mar 29 14:49:49 +0000 2025","0","Umur makin banyak makin dihadapi masalah seperti bulan depan mending beli meja kerja atau sepeda gunung.","1905995816969306238","","","in","","0","0","0","https://x.com/undefined/status/1905995816969306238","2212454354",
"1905995182363050315","Sat Mar 29 14:48:58 +0000 2025","0","gatau dehh ni kota nyamann bgt jujur apalagi pas pagi di belakang rumah kalau pas cerah gitu bisa liat view gunung selamet gratiss+area sawah ijo ","1905995606633640434","","b4ckstreeetc_","in","","0","0","0","https://x.com/undefined/status/1905995606633640434","1415187996421201925",
"1905995552678125878","Sat Mar 29 14:48:46 +0000 2025","1","order maxim ke daerah kaki gunung salak abangnya takut gw nipu/begal... gw nya takut diculik... kita sama-sama takut ‍","1905995552678125878","","","in","","0","0","0","https://x.com/undefined/status/1905995552678125878","1096971820480118785",
"1905912328589365311","Sat Mar 29 14:48:10 +0000 2025","0","@txtfromjogja Gunung kidul iseh covid po?","1905995403679740219","","txtfromjogja","in","","0","0","0","https://x.com/undefined/status/1905995403679740219","955283439887925248",
"1905995248746291465","Sat Mar 29 14:47:33 +0000 2025","0","Wisata gunung berapi https://t.co/EYL4wkTUMa","1905995248746291465","https://pbs.twimg.com/media/GnNzuf2akAEJjnO.jpg","","in","","1","3","0","https://x.com/undefined/status/1905995248746291465","141618504",
"1905925697274610133","Sat Mar 29 14:46:29 +0000 2025","0","@sikodoksakit @PresidenKopi Tindas buldozzer mahal lempar saja ke gunung atau cempluing x kaki diikat baru Cemplungin","1905994978209525769","","sikodoksakit","in","","0","0","0","https://x.com/undefined/status/1905994978209525769","1826090461423112192",
"1905994532065284148","Sat Mar 29 14:44:42 +0000 2025","0","kalo keterima aku mau self reward naik gunung lagi","1905994532065284148","","","in","","0","0","0","https://x.com/undefined/status/1905994532065284148","3654834742",
"1905994043982782797","Sat Mar 29 14:42:46 +0000 2025","0","fuck petaka gunung gede knp org org suka film horror","1905994043982782797","","","in","","0","0","0","https://x.com/undefined/status/1905994043982782797","2355817896",
"1905994023195865426","Sat Mar 29 14:42:41 +0000 2025","2","Suka banget sama night modenya nih kamera. Gunung yg jauh gelap banget aja bisa keliatan. https://t.co/jiBTYuyasl","1905994023195865426","https://pbs.twimg.com/media/GnNzc9BasAAwRjZ.jpg","","in","","0","1","0","https://x.com/undefined/status/1905994023195865426","152529653",
"1905993994540077505","Sat Mar 29 14:42:34 +0000 2025","0","INI RIYAL pria tidak bercerita tp tbtb naik gunung","1905993994540077505","","","in","","0","0","0","https://x.com/undefined/status/1905993994540077505","1310470981861781504",
"1905993976345477424","Sat Mar 29 14:42:30 +0000 2025","6","FILEM SERAM TERLARIS DI INDONESIA! Petaka Gunung Gede kini ditayang! Jom dapatkan tiket dan saksikan di pawagam GSC sekarang! #PetakaGunungGede https://t.co/w7e8HCId4f","1905993976345477424","https://pbs.twimg.com/media/GnNzayEbQAAlAVM.jpg","","in","","0","0","1","https://x.com/undefined/status/1905993976345477424","68634160",
"1905633318202409062","Sat Mar 29 14:42:04 +0000 2025","0","@pauwsbiru di gunung fuji","1905993869076136270","","pauwsbiru","in","","0","0","0","https://x.com/undefined/status/1905993869076136270","1500628626265370626",
"1905993713077399745","Sat Mar 29 14:41:27 +0000 2025","12","Sahabat gue yg udh turun gunung duluan karna lebih mentingin mental health dia dr pada nonton AGZ But still be there for me yg dengerin gue sambat mulu nontonin ini sinet LOVE YOU SEKEBON BESTY GUE yg akun X nya gembokan itu https://t.co/StNFJi3VYX","1905993713077399745","https://pbs.twimg.com/media/GnNzLAYaUAE3fVE.jpg","","in","","0","1","0","https://x.com/undefined/status/1905993713077399745","1820321021905539072",
"1905952711004078490","Sat Mar 29 14:40:48 +0000 2025","0","@john_ringles @rakeix Bus mulai akeh cman ya amergo aku tuku ndadak dadi ya ngono Sak elengku enek - Gunung harta - Harapan Jaya - MTrans - Sinar Jaya - mayora - Mahkota Etc Cman ya pas ini sisa dikit beli aku balik ke bekasi beli mtrans","1905993548237037813","","john_ringles","in","","0","1","0","https://x.com/undefined/status/1905993548237037813","448837297",
"1905983858631491964","Sat Mar 29 14:37:39 +0000 2025","0","@JackVardan Gunung Salak","1905992754888585651","","JackVardan","in","","0","0","0","https://x.com/undefined/status/1905992754888585651","3219368448",
"1905549582500557185","Sat Mar 29 14:37:08 +0000 2025","1","@gori_191 iya disana ditemukan teknik suntik semen oleh arkeolog Italia untuk melihat jejak manusia yang terkena letusan Gunung Vesuvius","1905992628208103778","","gori_191","in","","0","0","0","https://x.com/undefined/status/1905992628208103778","197428680",
"1905867042596544962","Sat Mar 29 14:35:26 +0000 2025","0","@cacagula Emg viewnya itu lih ada 2 gunung kembarr","1905992196970672365","","cacagula","in","","0","0","0","https://x.com/undefined/status/1905992196970672365","1328300941",
"1905991089539956971","Sat Mar 29 14:31:02 +0000 2025","1","Jends! Bagi tips menebalkan iman dan kesabaran selama ngekost di daerah gunung muria yg super padat itu pls sender as maba 22 first time ngekost di daerah situ karna selama ini selalu ngekost agak jauh dari kampus","1905991089539956971","","","in","","0","1","0","https://x.com/undefined/status/1905991089539956971","1855834355165544448",
"1905932402234663152","Sat Mar 29 14:30:44 +0000 2025","1","@saltmooo Ada gunung","1905991014579679579","","bubleesaa","in","","0","0","0","https://x.com/undefined/status/1905991014579679579","1829117428724592640",
"1905990648303636607","Sat Mar 29 14:29:16 +0000 2025","0","terpantau daerah rumah gw udh byk yg mudik real men udara jd lebih enakk krn kendaraan2 sepi kaliya pada mudik? truss yg dah lamaa ga keliatan gunung skrgg keliatann lagiih kalo kyk gini kerasa bgt suburbannya udara enak seger jalanan besar sepi ","1905990648303636607","","","in","","0","1","0","https://x.com/undefined/status/1905990648303636607","1013219179",
"1905944922349588923","Sat Mar 29 14:27:03 +0000 2025","3","@NewJustFreeya deket rumah aku mba ️ bakso bawah gunung tidar enak banget tuh wajib coba mba","1905990089592701381","","NewJustFreeya","in","","0","2","0","https://x.com/undefined/status/1905990089592701381","1675380207421911041",
"1905987676609896693","Sat Mar 29 14:25:38 +0000 2025","0","@doeunhow Ini aku banget kudu ada singgah rest area lah gunung teh lah masjid terkenal daerah itu lah sampe nenek tepar (seharian pas di jalan)","1905989731508539522","","doeunhow","in","","0","1","0","https://x.com/undefined/status/1905989731508539522","1743980713970655232",
"1905948910226383273","Sat Mar 29 14:24:55 +0000 2025","33","@DosenGarisLucu Ini lapangan solat ied yang hadap gunung itu kan? Bukannya malah bisa jadi media promosi desanya ya. Hemm","1905989552566939677","","DosenGarisLucu","in","","0","0","0","https://x.com/undefined/status/1905989552566939677","52435893",
"1905987102611030075","Sat Mar 29 14:24:53 +0000 2025","0","@p0rzche naek gunung","1905989542202757485","","","in","","0","0","0","https://x.com/undefined/status/1905989542202757485","1728496034110910464",
"1905989191621870017","Sat Mar 29 14:23:29 +0000 2025","0","Lempar ke kawah gunung berapi ajah","1905989191621870017","","","in","","0","0","0","https://x.com/undefined/status/1905989191621870017","363494868",
"1905984707743145992","Sat Mar 29 14:21:53 +0000 2025","0","@juliowld itu awan yaa mas bukan gunung dh lah alasannya gk sinkron.","1905988788318568712","","juliowld","in","","0","1","0","https://x.com/undefined/status/1905988788318568712","818805980452425728",
"1905970784926933071","Sat Mar 29 14:20:57 +0000 2025","0","@bbbyeca @sbyfess Mandang pemandangan laut selatan yang dari puncak gunung Semeru","1905988552384765968","","ecasnowwhite","in","","0","1","0","https://x.com/undefined/status/1905988552384765968","717350042965647361",
"1905988144031285586","Sat Mar 29 14:19:19 +0000 2025","0","KM TAU GAK? NAIK GUNUNG BAWA SENAPAN AKU SIAP MENIKAHI ABANG TAMPAN AWOWKWOWKSKJSS BAWA GULTIK KE TAMAN MINI AKU GILA KRNA SONG MINGI","1905988144031285586","","","in","","0","0","0","https://x.com/undefined/status/1905988144031285586","1864326226489561093",
"1905984707743145992","Sat Mar 29 14:19:12 +0000 2025","0","@inijenggala Salfok sama gunungnya eh ini mksd aku itu ada gunung di belakang kamu ya","1905988111622185036","","inijenggala","in","","0","1","0","https://x.com/undefined/status/1905988111622185036","1577633752926167040",
"1905986777682416081","Sat Mar 29 14:18:58 +0000 2025","0","sebagai hub internasional jg di makassar maskapai harus berani ekspansi ke benua asia dan australia jgn cuma berbisnis sama rakyat doang harus bisa ngalahin qantas viet jet air asia dsb. makassar itu strategis dibagian timur ada gunung sebagai pelindung alami","1905988055829549362","","iceeloongblaack","in","","0","1","0","https://x.com/undefined/status/1905988055829549362","1459169039276658689",
"1905987920848441352","Sat Mar 29 14:18:26 +0000 2025","0","Ini apa lagi kang @DediMulyadi71 ??? CC @GreenpeaceID @tempodotco @NarasiNewsroom https://t.co/zTMbsPeSJT","1905987920848441352","","","in","","0","0","0","https://x.com/undefined/status/1905987920848441352","630710364",
"1905987864216973683","Sat Mar 29 14:18:13 +0000 2025","0","Gua yang punya rencana naik gunung yang sibuk sekeluarga","1905987864216973683","","","in","","0","1","0","https://x.com/undefined/status/1905987864216973683","1355854122075910145",
"1905987580874924123","Sat Mar 29 14:17:05 +0000 2025","3","tips ajaa sih kalo mau naik bis harus tauu gaes misalnya mau bis new shantika/PO Haryanto/Agra mas/Sinar jaya/gunung harta/Roslin/dll. Biar setidaknya tuu udh tau body bis nya gimana butut or bagus gituuu","1905987580874924123","","","in","","0","0","0","https://x.com/undefined/status/1905987580874924123","1688894958038896641",
"1905987531776381000","Sat Mar 29 14:16:57 +0000 2025","0","#CeritaLy Sepanjang perjalanan pemandangan nya bagus dan cuacanya jg bagus hari ini walaupun pas keluar tol tuh macet nya amit amit haha tapi agk seger jg ngeliat gunung dan pemandangan sekitar ly.. kamu mau ikut aku camping tidak???? @Lily_JKT48 #WeekLy https://t.co/efexAaeSgw","1905987546456412286","https://pbs.twimg.com/media/GnNtkatagAAgwDg.jpg","yarrafebryann","in","","0","0","0","https://x.com/undefined/status/1905987546456412286","1068344178382274562",
"1905986150239752516","Sat Mar 29 14:16:24 +0000 2025","1","@catkillscatt can ak btuh sangu buat ke gunung","1905987408765845683","","catkillscatt","in","","0","0","0","https://x.com/undefined/status/1905987408765845683","1301345031295365120",
"1905986973720031465","Sat Mar 29 14:15:16 +0000 2025","0","Ke natlan dan ada gunung meletus wow inilah natlan yang kubayangkan","1905987125528465524","","Tang3_rinv","in","","0","0","0","https://x.com/undefined/status/1905987125528465524","1596843636943355904",
"1905987106847301788","Sat Mar 29 14:15:12 +0000 2025","0","#Weekly hari ini keempat kalinya aku mendaki gunung merbabu cuaca di puncak untung nya cerah yaa walau naik banyak tantangan nya kayak temen kena hipotermia kehabisan air minum waktu di atas tapi semua itu terbayarkan sama pemandangan yang indah #Ceritaly https://t.co/oxewJPuL8u","1905987106847301788","https://pbs.twimg.com/media/GnNtLBlagAAJpIH.jpg","","in","","0","0","0","https://x.com/undefined/status/1905987106847301788","1568810423474069509",
"1905987035191824835","Sat Mar 29 14:14:55 +0000 2025","0","Selamat..Mlm..iyh‍️ anakWedox mendaki gunung LuarrrBiyasa Semoga dpt Membanggaqan NegaraNdux... SEMANGAATTTT45!!! https://t.co/SVJEC5syUL","1905987035191824835","https://pbs.twimg.com/media/GnNtGzEa8AA5go3.jpg","","in","","0","0","0","https://x.com/undefined/status/1905987035191824835","1608091728153837568",
"1905983347614187780","Sat Mar 29 14:14:38 +0000 2025","0","5. gua lebih suka ke gunung drpd ke pantai","1905986965574692907","","urkssesx","in","","0","1","0","https://x.com/undefined/status/1905986965574692907","1878029183189950464",
"1905986832967532996","Sat Mar 29 14:14:07 +0000 2025","0","tiba-tiba naik gunung ","1905986832967532996","","","tl","","0","0","0","https://x.com/undefined/status/1905986832967532996","1651826956177121285",
"1905986610279411781","Sat Mar 29 14:13:14 +0000 2025","0","tiba2 naik gunung","1905986610279411781","","","in","","0","0","0","https://x.com/undefined/status/1905986610279411781","1455002554656456708",
"1905698316744306902","Sat Mar 29 13:56:56 +0000 2025","5","@reyvanGali @HILARlO @teddydawi Min @RWWReborn @TheEagle_BEN @BudiBukanIntel apakah di akabri ato semacamnya tidak punya gay-radar? Sehingga ada yg lolos???","1905982511898902859","","reyvanGali","in","","0","0","0","https://x.com/undefined/status/1905982511898902859","1701624074877984768",
"1905982117378679295","Sat Mar 29 13:55:22 +0000 2025","0","Ada yang jual sepatu gunung ga ? Kalo ga ootd mau naek gunung. Drop sini yaaa maaciw ","1905982117378679295","","","in","","0","2","0","https://x.com/undefined/status/1905982117378679295","1305551685729677314",
"1905981931667546435","Sat Mar 29 13:54:38 +0000 2025","0","kok orang orang bisa gambar ya?? aku gambar gunung aja masih segitiga","1905981931667546435","","","in","","0","0","0","https://x.com/undefined/status/1905981931667546435","1902242327638503425",
"1905969855326527576","Sat Mar 29 13:51:42 +0000 2025","0","@SmgMenfess (Lentog Soto sate kerbau) lanjut ke museum kretek - menara kudus - museum jenang- lanjut ke gunung muria colo nikmati pecel pakis khas muria","1905981191892996371","","SmgMenfess","in","","0","0","0","https://x.com/undefined/status/1905981191892996371","1184512806755827712",
"1905838696131412016","Sat Mar 29 13:50:44 +0000 2025","0","@notgutawa Wah nasinya sampai kayak gunung","1905980948975399196","","notgutawa","in","","0","0","0","https://x.com/undefined/status/1905980948975399196","1298209864720637952",
"1905929207022039081","Sat Mar 29 13:50:03 +0000 2025","9","@safiahcoppola @sbmptnfess Iya dikumpulin terus di kertas buremnya ada nanti disuruh tulis no nisn no peserta sasa nama. Tapi gausah panik kalau coretanmu penuh coretan ga jelas soalnya aku jg kemaren gitu kok malah ada kali yah gw gambar rumah gunung sawah saking stressnya ","1905980778384863289","","safiahcoppola","in","","0","1","0","https://x.com/undefined/status/1905980778384863289","1327869940787945472",
"1905980238670201231","Sat Mar 29 13:49:43 +0000 2025","0","@crimeychiz nggak aku lagi naik gunung indo seru banget","1905980695329329522","","crimeychiz","in","","0","1","0","https://x.com/undefined/status/1905980695329329522","1460562391914016776",
"1905979822544973998","Sat Mar 29 13:49:35 +0000 2025","0","@abbycidy Saran jogging tipis2 atau mendaki gunung","1905980662093660206","","abbycidy","in","","0","1","0","https://x.com/undefined/status/1905980662093660206","228238965",
"1905980640476168691","Sat Mar 29 13:49:30 +0000 2025","0","Ngajar hari terakhir sebelum libur lebaran dihibur dengan view gunung di perjalanan. https://t.co/zd3sFipNK5","1905980640476168691","https://pbs.twimg.com/media/GnNnSoob0AAGIMX.jpg","","in","","0","0","0","https://x.com/undefined/status/1905980640476168691","41806276",
"1905980615369032181","Sat Mar 29 13:49:24 +0000 2025","1","sebong klo gabut knp tbtb bgt mendaki gunung himalaya sih?","1905980615369032181","","","in","","0","0","0","https://x.com/undefined/status/1905980615369032181","1364198058997649413",
"1905980146496258372","Sat Mar 29 13:47:32 +0000 2025","7","Sundanese culture traditional dance heritage in Indonesia: jaipongan/jaipong ketuk tilu ronggeng gunung doger merak sunda topeng banjet badaya kandagan keurseus gawil ratu graeni lenyepan sulintang kalang mayang katon kandagan gagahan putra sekar putri prawesti.","1905980146496258372","","","in","","0","0","0","https://x.com/undefined/status/1905980146496258372","1175518892178821120",
"1905980135104450733","Sat Mar 29 13:47:30 +0000 2025","7","Warisan budaya tari/tarian tradisional Sunda di Indonesia: jaipongan/jaipong ketuk tilu ronggeng gunung doger merak sunda topeng banjet badaya kandagan keurseus gawil ratu graeni lenyepan sulintang kalang mayang katon kandagan gagahan putra sekar putri prawesti.","1905980135104450733","","","in","","0","0","0","https://x.com/undefined/status/1905980135104450733","1175518892178821120",
"1905979815062048967","Sat Mar 29 13:46:13 +0000 2025","0","Mendaki gunung melewati lembah","1905979815062048967","","","in","","0","0","0","https://x.com/undefined/status/1905979815062048967","1578411602390679552",
"1905914817107595679","Sat Mar 29 13:44:17 +0000 2025","0","@garpusome44 ngeri sesepuh turun gunung","1905979325582901556","","garpusome44","in","","0","1","0","https://x.com/undefined/status/1905979325582901556","1413879170833141763",
"1905666859648909339","Sat Mar 29 13:44:02 +0000 2025","0","@trickspeter Bertapa di gunung fuji","1905979265205809156","","kishibeng","in","","0","1","0","https://x.com/undefined/status/1905979265205809156","1750374435503431680",
"1905979185702801700","Sat Mar 29 13:43:43 +0000 2025","27","Wkwkwkwk... padahal uda sempat curiga dia anak petani yg punya lahan seluas gunung. Tapi emang latar keluarga Chungseop gak ada dibahas dan emang gak perlu dibahas. Yg perlu kita tau hanya Geummyeong dapa suami dan mertua yg menyayangi dia.","1905979185702801700","","","in","","1","2","3","https://x.com/undefined/status/1905979185702801700","57241682",
"1905979036444348632","Sat Mar 29 13:43:08 +0000 2025","0","Ga ngerti knp salah brand adventure lokal ternama yg skrg sedang viral bangun tmpt wisata d puncak gunung ? apapun alasannya perusahaan ini hidup untuk memenuhi kebutuhan pencinta alam tp sayangnya perusahaan sendiri yg menyalah gunakan alam apapun itu alasannya tdk benar.","1905979036444348632","","","in","","0","0","0","https://x.com/undefined/status/1905979036444348632","265163040",
"1905966247424266494","Sat Mar 29 13:42:15 +0000 2025","2","@Lily_JKT48 dih ikut ikutan jyga ke gunung","1905978816498958503","","Lily_JKT48","in","","0","1","0","https://x.com/undefined/status/1905978816498958503","1068344178382274562",
"1905978667312001429","Sat Mar 29 13:41:40 +0000 2025","0","Juwita (23) wartawati muda yang kerap meliput di wilayah Kalimantan Selatan ditemukan tak bernyawa di Gunung Kupang Kelurahan Cempaka. https://t.co/JKn3xefGSE","1905978667312001429","","","in","","0","0","0","https://x.com/undefined/status/1905978667312001429","1698580133068865536",
"1905978589063127206","Sat Mar 29 13:41:21 +0000 2025","0","Like idol like fans idol gw nggak ada kabar/jadwal tahu2 mendaki gunung lewati lembah gw nggak ada kabar/jadwal berarti ya rebahan aja di rumah ","1905978589063127206","","","in","","0","0","0","https://x.com/undefined/status/1905978589063127206","37152504",
"1905978532448083970","Sat Mar 29 13:41:08 +0000 2025","0","Tiba2 naik gunung","1905978532448083970","","","in","","0","0","0","https://x.com/undefined/status/1905978532448083970","1343424279145185280",
"1905978410230522129","Sat Mar 29 13:40:39 +0000 2025","0","gunung raung yang tampak dari sebelah timur rumahku. selalu terpesona dengan beragam penampakannya pagi tadi gunungnya terlihat jelas sekali walaupun lagi mendung MasyaAllah https://t.co/TcCJTQP9m0","1905978410230522129","https://pbs.twimg.com/media/GnNlQQqbwAAqj8J.jpg","","in","","0","1","0","https://x.com/undefined/status/1905978410230522129","427192637",
"1905976894668873733","Sat Mar 29 13:40:27 +0000 2025","0","@gakbenar Kota Malang macet lan sumpek amarga dina Sabtu sore iku puncak aktivitas sosial lan wisata. Tanggal 29 Maret 2025 minangka akhir pekan akeh warga lan turis sing mlaku-mlaku mangan ing njaba utawa bali saka perjalanan. Malang kanthi iklim sejuk lan papan wisata kaya Gunung","1905978362121596944","","gakbenar","in","","0","0","0","https://x.com/undefined/status/1905978362121596944","1720665183188922368",
"1905966247424266494","Sat Mar 29 13:40:12 +0000 2025","0","@Lily_JKT48 #CeritaLy aku abis buka pake ayam di margo mylfoly. widih suasananya asri banget aky kangen deh sama gunung udah lama banget aku ga ke gunung :D BTW KM GEMAS SEKALI MYLOFLYY ","1905978300545298644","","Lily_JKT48","in","","0","0","0","https://x.com/undefined/status/1905978300545298644","1618954805518675968",
"1905978053123310073","Sat Mar 29 13:39:13 +0000 2025","3","ㅤ Banda Neira. Sungguh kamu akan berangkat dengan sukacita dan akan dihantarkan dengan damai; gunung-gunung serta bukit-bukit akan bergembira dan bersorak-sorai di depanmu dan segala pohon-pohonan di padang akan bertepuk tangan. (Yesaya 55:12) ㅤ https://t.co/3i1iEiYc4Q","1905978053123310073","https://pbs.twimg.com/media/GnNk7j3bAAAPpAo.jpg","","in","","1","1","0","https://x.com/undefined/status/1905978053123310073","1510934604613492740",
"1905966247424266494","Sat Mar 29 13:38:43 +0000 2025","0","@Lily_JKT48 Have fun ya myloflyy aku juga pengen ke gunung ","1905977926103027873","","Lily_JKT48","in","","0","0","0","https://x.com/undefined/status/1905977926103027873","1798383404284796928",
"1905878944840388937","Sat Mar 29 13:38:35 +0000 2025","1","@Gank_Of_Petojo Seragam TNI lama enak bgt klo kena air gampang kering di gunung jg anget. Bisa diandalkan.","1905977891902591472","","Gank_Of_Petojo","in","","0","1","0","https://x.com/undefined/status/1905977891902591472","1029575772300697600",
"1905937081307742460","Sat Mar 29 13:38:12 +0000 2025","0","@panggilbor @undipmfs Gas gunung pati","1905977797673418943","","panggilbor","in","","0","1","0","https://x.com/undefined/status/1905977797673418943","1255751208368664576",
"1892047337398337566","Sat Mar 29 13:36:50 +0000 2025","1","@Anonypseud @daddyyuki @ch4o5Myth @SusantoAS @ranglasi @kertaspinus @Dublin2Eric Ini oke si hilux rangga yg baru. Di youtubenya jajago dah dibawa naik2 gunung strong2 juga. https://t.co/5hjVWAyfHT","1905977451286577259","","Anonypseud","in","","0","1","1","https://x.com/undefined/status/1905977451286577259","1501741769306021890",
"1905946038277726298","Sat Mar 29 13:36:25 +0000 2025","1","@okesip9372 tipe gunung api perisai bukan gunung api kerucut","1905977345686839734","","okesip9372","in","","0","0","0","https://x.com/undefined/status/1905977345686839734","3165540462",
"1905977155349356689","Sat Mar 29 13:35:39 +0000 2025","0","HAH ril gunung gede...","1905977155349356689","","","in","","0","0","0","https://x.com/undefined/status/1905977155349356689","1842351527933161472",
"1905976748577353935","Sat Mar 29 13:34:02 +0000 2025","0","Baru tau 'srintil' adalah tembakau gara² billboard Djarum Safari : Djarum Safari iki kira² rasane yoopo Yang? Sangat terasa aroma telek kambingnya a yo? : Lha itu tulisan e srintil gunung : Lho ya bener brarti srintil 'kan telek kambing : Googling en sek ","1905976748577353935","","","in","","0","1","0","https://x.com/undefined/status/1905976748577353935","64994833",
"1905975782410776894","Sat Mar 29 13:33:43 +0000 2025","0","@ssefmun Petaka Gunung Gede","1905976667828556137","","ssefmun","in","","0","0","0","https://x.com/undefined/status/1905976667828556137","3295047360",
"1905976624778199085","Sat Mar 29 13:33:33 +0000 2025","0","ko gede bgt pantesan display namenya gunung gede","1905976624778199085","","","in","","0","0","0","https://x.com/undefined/status/1905976624778199085","1148542391323807745",
"1905965253722247281","Sat Mar 29 13:33:28 +0000 2025","0","@Hagihrmwn Gunung keun","1905976606403043475","","Hagihrmwn","in","","0","1","0","https://x.com/undefined/status/1905976606403043475","1073646255316729856",
"1905972372701925721","Sat Mar 29 13:32:36 +0000 2025","0","@brohaitham AKU JUGA PAS LIAT. LUCU BGT FAK. PINGUIN NONGKRONG DEKET GUNUNG API","1905976384926969865","","brohaitham","in","","0","1","0","https://x.com/undefined/status/1905976384926969865","1514628973661097986",
"1905976351431237975","Sat Mar 29 13:32:28 +0000 2025","2","kalo #WeekLy aku cuma kerja aja soalnya gaada libur huhuhu boleh aku nyusul ke gunung pake tangga ini lof? hihi #CeritaLy https://t.co/ELRJt6yCcs","1905976351431237975","https://pbs.twimg.com/media/GnNjYgRbcAA4ssB.jpg","","in","","0","0","0","https://x.com/undefined/status/1905976351431237975","1691753967804702720",
"1905968818402529579","Sat Mar 29 13:32:15 +0000 2025","0","@bintangikan kalo malem sinyalku jelek beb posisi ku ada di gunung ini ","1905976297169498483","","bintangikan","in","","0","1","0","https://x.com/undefined/status/1905976297169498483","1762270679288950784",
"1905921965225054299","Sat Mar 29 13:32:07 +0000 2025","40","@bacottetanggaid Respek buat Abangnya . Butuh nyali segede gunung buat menghadapi SDM rendah kayak gini. Yg salah siapa eeh malah galakan dia ","1905976265431216146","","Goonddrong","in","","0","0","0","https://x.com/undefined/status/1905976265431216146","138744836",
"1905912328589365311","Sat Mar 29 13:31:53 +0000 2025","0","@txtfromjogja tasih onten corona ten gunung kidul saknini ?","1905976206392279150","","txtfromjogja","in","","0","0","0","https://x.com/undefined/status/1905976206392279150","1548051606",
"1905969855326527576","Sat Mar 29 13:31:28 +0000 2025","1","@SmgMenfess Resto : 1. Gasasa (garang asem) 2. Selat solo Mami 3. Warung lodeh bu siti (bukanya malem tok) 4. Geprek sai Nongki : 1. Condro Moeria (tapi diatas gunung jalannya naik) 2. Andrawina food terrace (coffeeshop lt 2 nya) 3. Whitedove 4. Boen Coffee","1905976100918071335","","SmgMenfess","in","","0","0","0","https://x.com/undefined/status/1905976100918071335","1185637226",
"1905884077078581365","Sat Mar 29 13:30:55 +0000 2025","0","@morbidying tolong mulai saiki apalke lagu gugur gunung pek","1905975964125049231","","morbidying","in","","0","0","0","https://x.com/undefined/status/1905975964125049231","1476306055516749825",
"1905767976286253230","Sat Mar 29 13:30:40 +0000 2025","0","@lawksowgorjes gunung kidul -jogjaa","1905975899138535914","","lawksowgorjes","in","","0","1","0","https://x.com/undefined/status/1905975899138535914","1710849995610746880",
"1905969904890597572","Sat Mar 29 13:30:26 +0000 2025","0","@monyta33 gunung ndi regk","1905975840879358046","","monyta33","in","","0","1","0","https://x.com/undefined/status/1905975840879358046","2711637650",
"1905975527527358917","Sat Mar 29 13:29:11 +0000 2025","0","guys mending pabrik gula atau petaka gunung gede ya","1905975527527358917","","","in","","0","1","0","https://x.com/undefined/status/1905975527527358917","1507328730649497605",
"1905489582453653780","Sat Mar 29 13:28:52 +0000 2025","1","@jonmaidae haa chenawe turun gunung? exol sesepuh ","1905975445750989041","","jonmaidae","in","","0","0","0","https://x.com/undefined/status/1905975445750989041","870953501475602434",
"1905967303906463777","Sat Mar 29 13:27:34 +0000 2025","0","@broyeahcan_ disana gunung disini gunung","1905975118322700435","","broyeahcan_","in","","0","1","0","https://x.com/undefined/status/1905975118322700435","1422042331058872322",
"1905417289467658570","Sat Mar 29 13:27:22 +0000 2025","1","@Gu_Staiz kan konon katanya klo lewat gunung pas dijalan ketemu pasar pdhl itu bukan pasar wkwkkw","1905975069224128765","","Gu_Staiz","in","","0","1","0","https://x.com/undefined/status/1905975069224128765","1366779502060208131",
"1905973609597948270","Sat Mar 29 13:27:19 +0000 2025","1","@puniadi Rekreasi naik jeep di Indonesia ada di Yogyakarta (Merapi Lava Tour Pantai Parangtritis) Jawa Timur (Gunung Bromo Kawah Ijen) Bali (Gunung Batur pedesaan) Jawa Barat (Garut Bandung) dan Sumatra Utara (Bukit Lawang). Tur ini menawarkan petualangan off-road seru melintasi","1905975058666758502","","puniadi","in","","0","0","0","https://x.com/undefined/status/1905975058666758502","1720665183188922368",
"1905974650548691320","Sat Mar 29 13:25:42 +0000 2025","0","kecewa aku mendaki gunung lagi aja . https://t.co/9GkiS9LDwS","1905974650548691320","https://pbs.twimg.com/tweet_video_thumb/GnNh1moaUAAwrrP.jpg","","in","","0","2","0","https://x.com/undefined/status/1905974650548691320","1896494333735698433",
"1905974260612428201","Sat Mar 29 13:24:09 +0000 2025","0","salah puncak kayaknya sender kamu naik gunung yang lebih tinggi lagi nanti ada puzzle terus ntar kamu dianterin sama naga mekaniknya itu semangat","1905974260612428201","","","in","","0","0","0","https://x.com/undefined/status/1905974260612428201","1645674091775680512",
"1905949040975417565","Sat Mar 29 13:24:02 +0000 2025","0","@mieayam_krispi klaten jadi atlantis kalo gunung kidul banjir","1905974229302149269","","mieayam_krispi","in","","0","0","0","https://x.com/undefined/status/1905974229302149269","1241734086604886021",
"1905974148234666054","Sat Mar 29 13:23:42 +0000 2025","12","kemarin aja yang pas Gunung Lewotobi meletus itu aja informasinya lebih duluan diberitain sama media luar hadeh.","1905974148234666054","","","in","","0","0","4","https://x.com/undefined/status/1905974148234666054","1199978336",
"1905970589116010610","Sat Mar 29 13:23:25 +0000 2025","0","@PS_AmandaJKT48 Urg kamari Cikutra gunung batu 1jam. Sialan Pasteur macet parah","1905974073433182297","","PS_AmandaJKT48","in","","0","0","0","https://x.com/undefined/status/1905974073433182297","540633253",
"1905922911451660655","Sat Mar 29 13:22:45 +0000 2025","0","@spaceskaya Ndeso tapi ndeso sebelah Aku isih heran penduduk gunung terbang sesitik kui","1905973907670302887","","spaceskaya","in","","0","1","0","https://x.com/undefined/status/1905973907670302887","1291685525049417729",
"1905965123455549718","Sat Mar 29 13:21:57 +0000 2025","0","@teriyakieys Itu kita kaya naik kereta terus entar ada zombie gituu nanti bisa ngambil ngambil barang trus dijual trus beli barang agak susah si mending naik gunung aja wohoho","1905973704892498068","","","in","","0","0","0","https://x.com/undefined/status/1905973704892498068","1791501382346059776",
"1905972600083534112","Sat Mar 29 13:21:50 +0000 2025","0","@alpatihh Rekomendasi gunung murah dan bagus dari Bandung: **Gunung Batu** di Lembang (30 menit gratis 1.250 m pemandangan Tangkuban Perahu) dan **Mount Manglayang** di timur Bandung (Rp5.000 1.818 m karpet awan). Naik angkot atau kendaraan pribadi bawa bekal cek cuaca untuk","1905973677339947381","","alpatihh","in","","0","0","0","https://x.com/undefined/status/1905973677339947381","1720665183188922368",
"1905948825308856831","Sat Mar 29 13:20:14 +0000 2025","0","@cassandrnn kamu pernah ke gunung itu?","1905973275760710013","","cassandrnn","in","","0","1","0","https://x.com/undefined/status/1905973275760710013","2463074557",
"1905969222712525282","Sat Mar 29 13:20:04 +0000 2025","0","@VernonBatu yugg main yg gunung bersalju","1905973231024267658","","VernonBatu","in","","0","1","0","https://x.com/undefined/status/1905973231024267658","1885735209544626176",
"1905970837347557615","Sat Mar 29 13:19:58 +0000 2025","0","@BeingMemories Juru kunci gunung lawu kah ini?","1905973206059831322","","BeingMemories","in","","0","0","0","https://x.com/undefined/status/1905973206059831322","1124289023894097925",
"1905972969597555038","Sat Mar 29 13:19:49 +0000 2025","0","@YUNJINbir ini udh di atas gunung ya","1905973171377111369","","beayifulbeyi","in","","0","1","0","https://x.com/undefined/status/1905973171377111369","1893261531690999810",
"1904831721557942401","Sat Mar 29 13:18:51 +0000 2025","0","@star85865656925 Ko tipu Orang Gunung boleh","1905972925238575405","","star85865656925","in","","0","0","0","https://x.com/undefined/status/1905972925238575405","1817997354995433473",
"1905953131810456024","Sat Mar 29 13:18:33 +0000 2025","0","@indkurniawan @radenrauf Kirain gunung bromo ","1905972852605460878","","indkurniawan","in","","0","1","0","https://x.com/undefined/status/1905972852605460878","846855603314016257",
"1905152483300954466","Sat Mar 29 13:18:26 +0000 2025","0","@SentaniVrl Tipu Orang Gunung boleh","1905972820770763216","","SentaniVrl","in","","0","1","0","https://x.com/undefined/status/1905972820770763216","1817997354995433473",
"1905972794602770747","Sat Mar 29 13:18:20 +0000 2025","5","angkatanku pusing ngelarin skripsi nyari kerja saya sibuk ngurusin naik gunung","1905972794602770747","","","in","","0","5","0","https://x.com/undefined/status/1905972794602770747","1052575333730250752",
"1905701593594696149","Sat Mar 29 13:17:37 +0000 2025","0","@titakrisa Biyuuuh gedene bun gunung kembare","1905972616583856583","","titakrisa","in","","0","0","0","https://x.com/undefined/status/1905972616583856583","1610632874440691713",
"1905972600083534112","Sat Mar 29 13:17:33 +0000 2025","0","grok mau nanya @grok rekomendasi gunung yang estimasi biayanya minim tapi gunungnya bagus. oiya berangkatnya dari bandung","1905972600083534112","","","in","","0","1","0","https://x.com/undefined/status/1905972600083534112","1179016670364352514",
"1905972482244583908","Sat Mar 29 13:17:05 +0000 2025","0","Yag elah percuma lu pinter klo masih oon dan ngasih batasan setinggi gunung tapi d sisi lain kaya ga ngasih batasan","1905972482244583908","","","in","","0","0","0","https://x.com/undefined/status/1905972482244583908","1785935347832225792",
"1905838266449793482","Sat Mar 29 13:16:12 +0000 2025","0","@sebatashatimu sibuk naik gunung","1905972259015291079","","sebatashatimu","in","","0","0","0","https://x.com/undefined/status/1905972259015291079","1106879309862440961",
"1905966247424266494","Sat Mar 29 13:15:22 +0000 2025","0","@Lily_JKT48 ayoo ke gunung everest bareng @kidosauruz @ticryz","1905972050491277719","","Lily_JKT48","in","","0","2","0","https://x.com/undefined/status/1905972050491277719","1572938524269379585",
"1905953131810456024","Sat Mar 29 13:14:54 +0000 2025","0","@indkurniawan @radenrauf Mungkin jodohnya terhalang gunung","1905971931918299239","","indkurniawan","in","","0","1","0","https://x.com/undefined/status/1905971931918299239","846855603314016257",
"1905966247424266494","Sat Mar 29 13:14:44 +0000 2025","0","@Lily_JKT48 sama rumah nenek di gunung juga soalnya","1905971891132891360","","Lily_JKT48","in","","0","0","0","https://x.com/undefined/status/1905971891132891360","1545241076981592064",
"1905971868064231829","Sat Mar 29 13:14:39 +0000 2025","0","Baru tau ternyata desa gw dulu pernah kena longsoran pas gunung ciremai meletus","1905971868064231829","","","in","","0","0","0","https://x.com/undefined/status/1905971868064231829","1325204253581799425",
"1905966247424266494","Sat Mar 29 13:12:35 +0000 2025","0","@Lily_JKT48 Pernah ga sih ngebayangin kamu terbang ke gunung disitu?","1905971347718894039","","Lily_JKT48","in","","0","0","0","https://x.com/undefined/status/1905971347718894039","606392131",
"1905519755752313052","Sat Mar 29 13:09:39 +0000 2025","1","@tomidepth @youniversesal Kata orang yg kalo gambar masih gunung dan sawah","1905970611555635580","","tomidepth","in","","0","1","0","https://x.com/undefined/status/1905970611555635580","1299147335134375936",
"1905966247424266494","Sat Mar 29 13:07:13 +0000 2025","0","@Lily_JKT48 Tiba-tiba udah di gunung aja MyLofly ","1905969996565713142","","Lily_JKT48","in","","0","0","0","https://x.com/undefined/status/1905969996565713142","1221680289040089088",
"1905969897924120625","Sat Mar 29 13:06:49 +0000 2025","1","- bali - singapur - mw mendaki gunung - jepang - pulang kampung - tidur 24 jam - full service spa","1905969897924120625","","","in","","0","1","0","https://x.com/undefined/status/1905969897924120625","1627311208855646208",
"1905843589659476331","Sat Mar 29 13:02:11 +0000 2025","0","@eltrovert Kalau kata2 anak gunung muncak bikin kita tahu siapa jati diri kita dan teman2 sebenernya . Meanwhile ga usah jauh2 muncak pas lebaran juga bisa keliatan siapa yg mata duitan oportunis tukang julid dan beneran peduli wkwkwk","1905968733488840994","","eltrovert","in","","0","0","0","https://x.com/undefined/status/1905968733488840994","1886093146096017408",
"1905968652740100384","Sat Mar 29 13:01:52 +0000 2025","0","jd pgn naik gunung lg deh","1905968652740100384","","","in","","0","0","0","https://x.com/undefined/status/1905968652740100384","1210755018820702209",
"1905966247424266494","Sat Mar 29 13:01:10 +0000 2025","0","@Lily_JKT48 Wihhhh cantik bgt li gunung nya have fun yah kamunya di sana","1905968476797178229","","Lily_JKT48","in","","0","0","0","https://x.com/undefined/status/1905968476797178229","1496839498843693057",
"1905850010761326799","Sat Mar 29 12:44:22 +0000 2025","0","@BknPacarKmu Asem ik! Utara patokanya gunung merapai kowe wong Sleman po mas? Yo gak katrok² bgt yo orang Sleman..ngisin-ngisini wae","1905964249912103276","","BknPacarKmu","in","","0","0","0","https://x.com/undefined/status/1905964249912103276","1826896193437540352",
"1905935416882274370","Sat Mar 29 12:43:23 +0000 2025","1","@sunflowers0024 @kjoowool_ Enggaa ini misi penyelamatan gt soalnya gunung baekdu [sesuau judul korea nya 백두 산] erupsi. Jadi ke action thriller gt","1905963999717691741","","","in","","0","0","0","https://x.com/undefined/status/1905963999717691741","1882149304489668608",
"1905963455506702519","Sat Mar 29 12:41:13 +0000 2025","0","Minimal dari gunung sari ke Graha sih","1905963455506702519","","","in","","0","0","0","https://x.com/undefined/status/1905963455506702519","96377441",
"1905950804080533935","Sat Mar 29 12:38:53 +0000 2025","0","@Pai_C1 Orang sawangan gunung sindur parung pondok petir bojongsari.. Begitu rendah semua gak pake rata rata wkwkwkwk.. Cobain aja lwt PDK pondok cabe sry ga munafik","1905962870128672859","","Pai_C1","in","","0","0","0","https://x.com/undefined/status/1905962870128672859","1174029242",
"1905961808206151988","Sat Mar 29 12:34:40 +0000 2025","0","Hilal 1 Syawal 1446 H Tak Terlihat di POB Gunung Putri Kota Banjar Lebaran 31 Maret https://t.co/gF5Wg8csAG","1905961808206151988","","","in","","0","0","0","https://x.com/undefined/status/1905961808206151988","239873274",
"1905949873914118457","Sat Mar 29 12:32:52 +0000 2025","0","@defawg akuu juga gaboleh kok naik gunung katanya bahaya.. DAN BETUL HARUS KIP SMILING","1905961354801873393","","defawg","in","","0","1","0","https://x.com/undefined/status/1905961354801873393","1892105044784525312",
"1905883668561932461","Sat Mar 29 12:32:28 +0000 2025","1","@sutobrot @ainurohman Kalah ama bola pendanaanya pendanaan bola bisa kalau di total bisa mendanai semua cabang olahraga kasian yang catur juara dunianya berangkat sndri panjat tebing dapat emas cari lahan di bukti dan gunung buat latihan","1905961253266436500","","sutobrot","in","","0","0","0","https://x.com/undefined/status/1905961253266436500","1839057754809577474",
"1905959451766538441","Sat Mar 29 12:31:44 +0000 2025","0","gunung dua saudara https://t.co/3ebZgO9qfO","1905961070197383667","https://pbs.twimg.com/ext_tw_video_thumb/1905961033254174720/pu/img/D0nM6ecBFfM05bSq.jpg","tinupuan","in","","0","0","0","https://x.com/undefined/status/1905961070197383667","1006101374226984960",
"1905960091683267038","Sat Mar 29 12:31:44 +0000 2025","0","@bayang26 Halo! Indonesia mungkin gelap karena abu vulkanik dari erupsi Gunung Lewotobi Laki Laki pada 20 Maret 2025 yang mencapai 16 2 km dan bisa mengurangi cahaya matahari serta menyebabkan pemadaman listrik. Ada juga kemungkinan gelap merujuk pada protes Dark Indonesia yang","1905961067517190404","","bayang26","in","","0","0","0","https://x.com/undefined/status/1905961067517190404","1720665183188922368",
"1905960593842126935","Sat Mar 29 12:29:51 +0000 2025","1","temen smp gua (cewe) pas bukber bilang gini tadinya gua ga percaya kalo lu naik gunung paling ngambil di pinterest fotonya eh taunya beneran naik gunung trs gua jawab gini aja ko bisa lu bilang dari pinterest? terlalu keren ya gua WKWKWKWKW","1905960593842126935","","","in","","0","0","0","https://x.com/undefined/status/1905960593842126935","1579345543243141122",
"1905513303138542063","Sat Mar 29 12:29:17 +0000 2025","0","@Irwanyznn @kali_gunung @cholilnafis Nanti kalau kau udah sering nonton video gus rumail kau akan pahaam bahwa DNA itu hanya faktor pendukung bukan yg utama. Karena nasab ini udah jelas penjagaan urutannya ditulis dan dijaga. Ada lembaganya. Paham ya wan","1905960453412712817","","Irwanyz","in","","0","0","0","https://x.com/undefined/status/1905960453412712817","1560433279399911424",
"1905513303138542063","Sat Mar 29 12:28:04 +0000 2025","0","@Irwanyznn @kali_gunung @cholilnafis Irwan kau kan bukan ahli nasab. Emang kau udah riset apa itu ilmu nasab ? Apa itu pembatal nasab. Makanya kemaren pas heboh Rabithah buat undangan imad gk hadir kau simak ya irwan. Kritis boleh wan asalkan benar dalilmu. Udah nonton aja pamit ngantor gus wafi dkk Biar tau","1905960144393138566","","Irwanyz","in","","0","0","0","https://x.com/undefined/status/1905960144393138566","1560433279399911424",
"1905960008824852865","Sat Mar 29 12:27:31 +0000 2025","0","Wuih mantap nih #AwesomeIntelligence di A series-nya Samsung Jadi keinget pas ke Situ Gunung waktu sama ente PR banget dulu hapusin perintilan daun sama ranting di foto biar cakep pas diunggahnya. ","1905960008824852865","","","in","","0","2","0","https://x.com/undefined/status/1905960008824852865","39198590",
"1905958379723616705","Sat Mar 29 12:24:22 +0000 2025","0","@kindahawttt lebaran di gunung?","1905959215304462607","","kindahawttt","in","","0","1","0","https://x.com/undefined/status/1905959215304462607","1751428235811049472",
"1905959092121993631","Sat Mar 29 12:23:53 +0000 2025","0","NAIK GUNUNG TERNYATA MAHAL YA KAK","1905959092121993631","","","in","","0","0","0","https://x.com/undefined/status/1905959092121993631","1734485906911039488",
"1905959059435487528","Sat Mar 29 12:23:45 +0000 2025","1","bocah beneran kepengen naik gunung https://t.co/uWld8FURRr","1905959059435487528","https://pbs.twimg.com/media/GnNTp0Da8AALdJz.jpg","","in","","1","0","0","https://x.com/undefined/status/1905959059435487528","1271056879372742656",
"1905958450636497113","Sat Mar 29 12:21:20 +0000 2025","1","Rencananya besok sore turun gunung mo beli kopi trus taruh di kulkas buat diminum pas lebaran. Soalnya gue dah sakaw ini sebulan ga ngopi Tapi kalo besok ga mager dan ga sibuk jg sih","1905958450636497113","","","in","","0","0","0","https://x.com/undefined/status/1905958450636497113","1237913705821564928",
"1905958388640419986","Sat Mar 29 12:21:05 +0000 2025","0","Siap-siap ditanyain ya bagi yang mudik Ajak keluarga besarmu nonton PETAKA GUNUNG GEDE sedang tayang di Bioskop. #PetakaGunungGede #FilmPetakaGunungGede https://t.co/W1L9CEGNTr","1905958388640419986","https://pbs.twimg.com/media/GnNTDabbEAAU3E2.jpg","","in","","0","0","0","https://x.com/undefined/status/1905958388640419986","71190489",
"1905945212104442237","Sat Mar 29 12:20:07 +0000 2025","0","@janandayo Ya pokoknya vibes tempatku mirip kaya di gunung kidul","1905958144360239126","","janandayo","in","","0","0","0","https://x.com/undefined/status/1905958144360239126","1730522692275814400",
"1905903486472003793","Sat Mar 29 12:19:27 +0000 2025","0","@zyozyuong Glad to know that Jihyo-ssi. Apakah sehappy ini mau naik helikopter ke gunung bareng saya?","1905957976038654280","","zyozyuong","in","","0","1","0","https://x.com/undefined/status/1905957976038654280","3167554309",
"1905957879171227695","Sat Mar 29 12:19:04 +0000 2025","0","Tau-tau naik gunung healing ceritanya mah","1905957879171227695","","","in","","0","0","0","https://x.com/undefined/status/1905957879171227695","1960582002",
"1905953566302621936","Sat Mar 29 12:18:24 +0000 2025","37","Pt. 8 INGET: HARUS PERLAHAN MAIN SEXY!! JANGAN BURU-BURU!! Cium tipis area perut mainin lidahnya sampai pinggang. Gpp dijilat asin enak. Kalau asin bgt makanya mandi dulu wkwkwk Mainin tangannya di nipple sembari perlahan turun gunung ke bawah sembari mulai kissing lagi","1905957715106730215","","masssdino_","in","","0","1","4","https://x.com/undefined/status/1905957715106730215","1263602235688120320",
"1905957410205798724","Sat Mar 29 12:18:22 +0000 2025","0","@Lily_JKT48 suka gunung atau pantai?","1905957705376014390","","Lily_JKT48","in","","0","0","0","https://x.com/undefined/status/1905957705376014390","1832498931072430082",
"1905957674145153029","Sat Mar 29 12:18:15 +0000 2025","1","ㅤ 𝗚𝗔𝗨𝗥𝗜 𝗚𝗔𝗠𝗘 𝗣𝗟𝗔𝗬 𝙾𝙽 𝙳𝙸𝚂𝙲𝙾𝚁𝙳 Dear diary Aku hari ini mencoba naik Gunung Everest. Sudah pertengahan jalan ternyata jalannya makin curam jadi aku terpeleset dan jatuh. Sedih sekali aku mau mogok makan. ㅤ https://t.co/s2Rf6JRkDx","1905957674145153029","https://pbs.twimg.com/media/GnNSZ3UbsAAh9qf.jpg","","in","","1","1","4","https://x.com/undefined/status/1905957674145153029","913708189",
"1905939243693903901","Sat Mar 29 12:18:10 +0000 2025","0","@rocknraa_ @v1rstofficial @ianthian yu turun gunung juga kakak kakak @Stevi_Armelita @jomjomijom WMWKWKWKWKW","1905957653190218137","","rocknraa_","in","","0","2","0","https://x.com/undefined/status/1905957653190218137","1622987195094282242",
"1905957586647622135","Sat Mar 29 12:17:54 +0000 2025","0","pengen sekali lebaran ke tempat sepi ke Gunung misal 4 Hari aja","1905957586647622135","","","in","","0","1","0","https://x.com/undefined/status/1905957586647622135","468039080",
"1905956384476201469","Sat Mar 29 12:17:01 +0000 2025","1","@sedikitika lelaki dia tak bercerita tau tau dah panjat gunung. esok dia pi panjat klcc pulak","1905957363657699700","","sedikitika","in","","0","1","0","https://x.com/undefined/status/1905957363657699700","1047387011131179009",
"1905945212104442237","Sat Mar 29 12:17:00 +0000 2025","0","@janandayo Gunung kidul versi pacitan ini mah","1905957360700629323","","janandayo","in","","0","1","0","https://x.com/undefined/status/1905957360700629323","1730522692275814400",
"1905640006787760202","Sat Mar 29 12:15:32 +0000 2025","0","@calomagang Gak rekomen banget sih ada bagian jalan yang turunan kemudian patah parah sebelum masuk gunung lio https://t.co/tnp7PzkNgK","1905956990523994514","https://pbs.twimg.com/media/GnNRxoPaYAAO2HZ.jpg","calomagang","in","","0","0","0","https://x.com/undefined/status/1905956990523994514","132430874",
"1905939243693903901","Sat Mar 29 12:14:59 +0000 2025","0","@dipseeyyyy @v1rstofficial @ianthian Ayo turun gunung semua ","1905956854213279763","","dipseeyyyy","in","","0","1","0","https://x.com/undefined/status/1905956854213279763","1578644468202295297",
"1905956846856552819","Sat Mar 29 12:14:57 +0000 2025","0","tau-tau naik gunung","1905956846856552819","","","in","","0","0","0","https://x.com/undefined/status/1905956846856552819","1774253605111115776",
"1905956539082440793","Sat Mar 29 12:13:44 +0000 2025","0","Dari puncak gunung sampai pantai Indosat tetap setia nemenin!","1905956539082440793","","","in","","0","2","0","https://x.com/undefined/status/1905956539082440793","1841459887500636160",
"1905956384476201469","Sat Mar 29 12:13:07 +0000 2025","1","weh aku dah agak dah mingyu ni hilang hilang gi panjat gunung lak ","1905956384476201469","","","in","","0","1","0","https://x.com/undefined/status/1905956384476201469","878218102189694976",
"1905956250157994426","Sat Mar 29 12:12:35 +0000 2025","0","gunung!!","1905956250157994426","","","in","","0","0","0","https://x.com/undefined/status/1905956250157994426","1859069995067858944",
"1905956212945846597","Sat Mar 29 12:12:26 +0000 2025","0"," NOTIS GANGGUAN SIARAN RADIO Harap maklum siaran Mutiara FM (93.9 MHz) dan Minnal FM (98.9 MHz) akan mengalami gangguan dari 7 April hingga 30 April 2025 kerana kerja naik taraf pemancar di Gunung Jerai Kedah. Kami mohon maaf atas kesulitan https://t.co/d4mykxRPQ0","1905956212945846597","https://pbs.twimg.com/media/GnNREcgbUAAB0dF.jpg","","in","","0","0","0","https://x.com/undefined/status/1905956212945846597","41709945",
"1905945947248718081","Sat Mar 29 12:12:04 +0000 2025","0","@ferguzooooo Hmmm semoga yaaa Soalnya korea udah mulai pada turun gunung ","1905956118775664890","","ferguzooooo","in","","0","1","0","https://x.com/undefined/status/1905956118775664890","1263130765669265411",
"1905868150392119623","Sat Mar 29 12:10:44 +0000 2025","0","@natsanweong ke gunung mas ","1905955781947854926","","natsanweong","in","","0","1","0","https://x.com/undefined/status/1905955781947854926","1469641392913743872",
"1905955730655506445","Sat Mar 29 12:10:31 +0000 2025","0","Puluhan kali mudik baru tau di sini ada view gunung ","1905955730655506445","","","in","","0","0","0","https://x.com/undefined/status/1905955730655506445","977746064068366339",
"1905625968775221495","Sat Mar 29 12:10:23 +0000 2025","2","@ndeso_ganteng @calomagang @AlasBanjaran Bener. Lewat Salem - Gunung Lio medannya kayak model Cianjur selatan. Tanjakan dan sempit.","1905955695243010342","","ndeso_ganteng","in","","0","0","0","https://x.com/undefined/status/1905955695243010342","3186709446",
"1905682436325081536","Sat Mar 29 12:10:02 +0000 2025","4","@ainifttt @audhinafh Udah gini kok. Gunung meletus sebelumnya aja gue taunya dari berita jepang ","1905955606927937944","","ainifttt","in","","0","1","0","https://x.com/undefined/status/1905955606927937944","1503930081689104384",
"1905955350819340788","Sat Mar 29 12:09:01 +0000 2025","0","sore ini cantik bgt please aku kalo ga keluar kamar pasti gabisa liat gunung sunset sama pelangi dalam satu waktu","1905955350819340788","","","in","","0","0","0","https://x.com/undefined/status/1905955350819340788","1870006529866510337",
"1905946457884237959","Sat Mar 29 12:07:50 +0000 2025","0","@jevanskuy eh katanya ada yg gunung berapinya ya? eh apasih namanya","1905955054068400145","","jevanskuy","in","","0","1","0","https://x.com/undefined/status/1905955054068400145","1439875477615759364",
"1905954446221463641","Sat Mar 29 12:06:34 +0000 2025","0","@softymingoo akanku campak kamu dari gunung salji","1905954737041649699","","softymingoo","in","","0","0","0","https://x.com/undefined/status/1905954737041649699","1285565574878093313",
"1905954478404342163","Sat Mar 29 12:05:33 +0000 2025","0","pgn nnton petaka gunung gede","1905954478404342163","","","in","","0","0","0","https://x.com/undefined/status/1905954478404342163","1762045817618403328",
"1905954364973572252","Sat Mar 29 12:05:06 +0000 2025","0","mimpi makan sup kepiting gitu jir ngga lucu ak lagi ada di gunung ","1905954364973572252","","","in","","0","0","0","https://x.com/undefined/status/1905954364973572252","1750851681364189184",
"1905857481705677038","Sat Mar 29 12:05:00 +0000 2025","0","@geraldxliu Taunya lagu anime yang mendaki gunung semeru ","1905954339950395785","","geraldxliu","in","","0","0","0","https://x.com/undefined/status/1905954339950395785","1057816822056083459",
"1905196597488599324","Sat Mar 29 12:04:18 +0000 2025","0","@detikcom HARTA KLEANNKAN BANYAK ; ENKAU LUHUT KODOK MULKODOK DLL OADANG SAWIT MU DAN SILUJUT AJA SELUAS LAUTAN!!!! ENAS KALUAN DAN OLIGARKI SEBERAT GUNUNG!!!! TERUS KAS NEGARA KISONGBKALUAN MINTA TOLONG KPD RAKYAT MELARAT!!!!!! OTAKMU MANA!!!!!!","1905954166109032649","","detikcom","in","","0","0","0","https://x.com/undefined/status/1905954166109032649","1847145295232249856",
"1905951773212196963","Sat Mar 29 12:03:44 +0000 2025","0","@ardgenti Kapan kita mendaki gunung?","1905954024236478885","","Prejudicess","in","","0","0","0","https://x.com/undefined/status/1905954024236478885","1894291999471407109",
"1905953965893890134","Sat Mar 29 12:03:31 +0000 2025","3","San=gunung. ayahnya namain San dengan harapan San bisa berdiri teguh dan kuat seperti gunung. cakep bgt bah filosofinya. if i had son i'll named him Gunung fr","1905953965893890134","","","in","","0","0","0","https://x.com/undefined/status/1905953965893890134","1012341298047512583",
"1905953788642631761","Sat Mar 29 12:02:48 +0000 2025","1","Ahmad Fauzi Anggota DPR RI FPKB. RESES II Penguatan Kinerja Struktur Pengurus DPAC Kec. Banjarsari dan Gunung Kencana. Sabtu 29 Maret 2025 @cakimiNOW @DPP_PKB @FraksiPKB @A_FauziFawaz @DPW_PKB_Banten https://t.co/Cj7fVT93J7","1905953788642631761","https://pbs.twimg.com/media/GnNO2pnaUAEsOWk.jpg","","in","","0","0","0","https://x.com/undefined/status/1905953788642631761","1887381007004999680",
"1905912328589365311","Sat Mar 29 12:02:25 +0000 2025","0","@txtfromjogja @thmsdavidh Jgn2 kru sabung ayam lokal ","1905953692685070696","","txtfromjogja","in","","0","0","0","https://x.com/undefined/status/1905953692685070696","1735141551393878016",
"1905953624745976136","Sat Mar 29 12:02:09 +0000 2025","0","Diem diem udah di gunung gapapa deh daripada diem diem malah wamil https://t.co/Lo1nv3Db77","1905953624745976136","https://pbs.twimg.com/media/GnNOtqVa8AEWLHE.jpg","","in","","0","0","0","https://x.com/undefined/status/1905953624745976136","1886244662660431872",
"1905946718639997387","Sat Mar 29 12:02:03 +0000 2025","0","@DraftAnakITB ngomong ngomong gunung jadi ingettt @DesiNurhidayan3 kapannn mau ngajak gw naik gunungggg gilaa yaaa lebaran gamau maaf maafan sebelum naik gunung","1905953598460370962","","itbfess_x","in","","0","1","0","https://x.com/undefined/status/1905953598460370962","1484691655282532352",
"1905931744210976932","Sat Mar 29 12:01:52 +0000 2025","0","@andrigunardiii laiki pulkam akuu kamuuu pikir ngepvnk dek gunung aaaaaa ","1905953550590726180","","andrigunardiii","in","","0","0","0","https://x.com/undefined/status/1905953550590726180","520897347",
"1905953261703876696","Sat Mar 29 12:00:43 +0000 2025","0","Gunung","1905953261703876696","","","in","","0","0","0","https://x.com/undefined/status/1905953261703876696","1667451362857357312",
"1905682436325081536","Sat Mar 29 12:00:37 +0000 2025","0","@audhinafh Lahhh itu woi gunung meletus di timur aja ga ada tuh BMKG ngeberitaain. Gunung laki laki kalau ga salah apa lakatobi yak. Ini negara kita juga ancur","1905953237183639904","","audhinafh","in","","0","0","0","https://x.com/undefined/status/1905953237183639904","1297803684147941376",
"1905953215432024099","Sat Mar 29 12:00:32 +0000 2025","0","Pantess gk ada kabar lagi naik gunung ternyata","1905953215432024099","","","in","","0","0","0","https://x.com/undefined/status/1905953215432024099","1551964632452980736",
"1905513303138542063","Sat Mar 29 12:00:28 +0000 2025","0","@Anwarbohebo @shib_dreamer @cholilnafis Lu tu ngoming apa sih njing2..yg koheren gitu lo kalo berargumen yapping kemana2..idiot.","1905953202253779231","","Anwarbohebo","in","","0","0","0","https://x.com/undefined/status/1905953202253779231","1735141551393878016",
"1905921353397711041","Sat Mar 29 12:00:04 +0000 2025","0","@_jodohnyaa Naik gunung harta ae gak capek","1905953101468844039","","_jodohnyaa","in","","0","0","0","https://x.com/undefined/status/1905953101468844039","452024271",
"1905953092157489269","Sat Mar 29 12:00:02 +0000 2025","0","YAALLAHH GALIAT HARRIS CAINE SEHARI AJA KANGENKU UDH SEBESAR GUNUNG EVEREST","1905953092157489269","","","in","","0","0","0","https://x.com/undefined/status/1905953092157489269","1234347887884042241",
"1905953043440640114","Sat Mar 29 11:59:51 +0000 2025","0","Silaturahim jelang lebaran &amp; bukber bersama warga terdampak banjir di Desa Bojong Kulur Gunung Putri Kabupaten Bogor #ramadhankariem #bojongkulurgunungputri #kabupatenbogor https://t.co/0JT8WUnLd5","1905953043440640114","https://pbs.twimg.com/ext_tw_video_thumb/1905951196864712704/pu/img/psaKM5F13D4RmHVj.jpg","","in","","0","0","0","https://x.com/undefined/status/1905953043440640114","1304373194472652801",
"1905513303138542063","Sat Mar 29 11:59:08 +0000 2025","0","@Anwarbohebo @shib_dreamer @cholilnafis Org kalo scientist minded pasti ga akan quote segoblok ini..lu tu emg asli goblok. Org kek lu bahaya gak sadar akan kegoblokannya.","1905952863345655965","","Anwarbohebo","in","","0","0","0","https://x.com/undefined/status/1905952863345655965","1735141551393878016",
"1905949873914118457","Sat Mar 29 11:59:01 +0000 2025","0","@accberlinnad iyaaa ️ sbnrnya emg gender doesnt matters si cmn karena kebetulan bbrp mnggu lalu ak mw naik gunung jg gk di izinin karena cwek... jdi kan kek faklah shibal ️ tpi yauda gpp kip smailink","1905952836556632563","","accberlinnad","in","","0","1","0","https://x.com/undefined/status/1905952836556632563","1904034415644381184",
"1905952832383287392","Sat Mar 29 11:59:00 +0000 2025","3","AAA AKU AKHIRNYA HPBD ditungguin ternyata lg jadi anak gunung https://t.co/aXDszx6IxK","1905952832383287392","https://pbs.twimg.com/media/GnNN_1WbQAA8r1E.jpg","","in","","0","22","0","https://x.com/undefined/status/1905952832383287392","1691089914627317760",
"1905947020952760775","Sat Mar 29 11:58:37 +0000 2025","0","@sareomssee medali gunung","1905952733632369099","","sareomssee","in","","0","0","0","https://x.com/undefined/status/1905952733632369099","1746270376160862208",
"1905841577228185637","Sat Mar 29 11:58:32 +0000 2025","2","@gacunnnn Aku pengen sekali sih naik gunung","1905952715190190375","","nicebabygrill","in","","0","0","0","https://x.com/undefined/status/1905952715190190375","1839840078505619457",
"1905952474961416582","Sat Mar 29 11:57:35 +0000 2025","0","mingyu pegi gunung dengan sapa","1905952474961416582","","","in","","1","0","0","https://x.com/undefined/status/1905952474961416582","914796524",
"1905952442451448129","Sat Mar 29 11:57:27 +0000 2025","0","makan di gunung medan emg ga pernah salah","1905952442451448129","","","in","","0","1","0","https://x.com/undefined/status/1905952442451448129","1864393312263917572",
"1905479561795829852","Sat Mar 29 11:57:27 +0000 2025","0","@Anwarbohebo Ya org sinting kan banyak..kek lu juga..kasian bener hidup lo","1905952442203672756","","Anwarbohebo","in","","0","0","0","https://x.com/undefined/status/1905952442203672756","1735141551393878016",
"1905951533856166202","Sat Mar 29 11:56:47 +0000 2025","0","@painkifler gunung gede","1905952273915891752","","painkifler","in","","0","1","0","https://x.com/undefined/status/1905952273915891752","1746270376160862208",
"1905952250117148905","Sat Mar 29 11:56:41 +0000 2025","1","eh kenapa ya di indo gaada yg namanya gunung? langit awan bintang bulan kan biasa yaa. laut bahkan ada. kenapa gunung gaada?? mas gunung?????","1905952250117148905","","","in","","0","3","0","https://x.com/undefined/status/1905952250117148905","1012341298047512583",
"1905950757460881690","Sat Mar 29 11:55:32 +0000 2025","0","@Polyglot7777 Pulau Jawa sulit bersalju karena iklim tropisnya suhu rata-rata 27°C tak mendukung salju. Gunung Semeru (3.676 m) mungkin berembun beku tapi tak ada catatan salju. Puncak Jaya di Papua (4.884 m) punya salju permanen tapi jauh dari Jawa. Zaman es terakhir hanya turun 2-6°C tak","1905951957677699513","","Polyglot7777","in","","0","0","0","https://x.com/undefined/status/1905951957677699513","1720665183188922368",
"1905951707294736640","Sat Mar 29 11:54:32 +0000 2025","1","bila pulak mingyu pergi gunung ni","1905951707294736640","","","in","","0","1","0","https://x.com/undefined/status/1905951707294736640","1514992216548151297",
"1905513303138542063","Sat Mar 29 11:54:23 +0000 2025","0","@Anwarbohebo @shib_dreamer @cholilnafis Soal habib usman kau tu ga paham konteks waktu peristiwa terjadi pemerintah yg sah di hindia belanda saat itu secara fakta adalah kerajaan belanda..paham gak blok?!.","1905951671265431815","","Anwarbohebo","in","","0","0","0","https://x.com/undefined/status/1905951671265431815","1735141551393878016",
"1905513303138542063","Sat Mar 29 11:53:21 +0000 2025","0","@kali_gunung @shib_dreamer @cholilnafis Yg gak berubah dan gak mau berubah cuma yg dari abad ke 7 padahal jg cuma nyontek. Masih percaya kawin sama anak kecil masih melegalkan perbudakan msh percaya bulan dibelah 2. Eh kok skrg nyambung lagi? Utuh?","1905951408689480090","","Anwarbohebo","in","","0","1","0","https://x.com/undefined/status/1905951408689480090","881558572429000704",
"1905513303138542063","Sat Mar 29 11:52:51 +0000 2025","0","@Anwarbohebo @shib_dreamer @cholilnafis Ih gobloknya kalo argumenmu soal tn Hamid kolonel kenapa gak sekalian yg bersekolah di sekolah belanda di cap sekalian?. Logika gak nyangkut ya..oh ya nasution yani itu pernah sbg prajurit belanda loh..","1905951283263287613","","Anwarbohebo","in","","0","0","0","https://x.com/undefined/status/1905951283263287613","1735141551393878016",
"1905392957462917513","Sat Mar 29 11:52:01 +0000 2025","0","@Budisuryanto87 @SianiparRismon Hanya orang2 yg tolol bin goblok bin koplak yg percaya dg kebohongan Jokodok!! Kayak dia cerita ikut Mapala UGM naik gunung Kerinci di bilang naik truk dari Jambi k padang karena kehabisan uang sampai Padang dia balik lagi ke Sungai penuh Jambi. Apa gak tolol itu si Jkw. ","1905951075041255434","","Budisuryanto87","in","","0","0","0","https://x.com/undefined/status/1905951075041255434","1892522176366141440",
"1905950597934923979","Sat Mar 29 11:50:08 +0000 2025","14","Pak baru-baru ada erupsi gunung erupsi di NTT lho kok nggak ada ungkapan belasungkawa atau prihatin sama warga sendiri? https://t.co/zwlaM1SUhq","1905950597934923979","https://pbs.twimg.com/media/GnNL939aAAE0_f5.jpg","","in","","0","1","2","https://x.com/undefined/status/1905950597934923979","2997316475",
"1905513303138542063","Sat Mar 29 11:48:50 +0000 2025","0","@kali_gunung @shib_dreamer @cholilnafis Lu liat peta dunia dulu sama sekarang berubah tolol. Krn dunia ini dinamis ada negara yg hilang ada timbul negara² baru. Baca buku kedokteran jaman dulu beda dgn jaman skrg ada penemuan² baru krn teknologi semakin canggih. Lu baca sejarahpun berubah krn ditemukan fakta² baru.","1905950270820901157","","autophile_lux","in","","0","1","0","https://x.com/undefined/status/1905950270820901157","881558572429000704",
"1905861963592417430","Sat Mar 29 11:48:38 +0000 2025","0","@bokemjawa Gunung lawu","1905950224390164706","","bokemjawa","in","","0","1","0","https://x.com/undefined/status/1905950224390164706","1776160996719198208",
"1905820501534294479","Sat Mar 29 11:47:09 +0000 2025","0","@str4wbri1 buset bukber di gunung","1905949849880510854","","str4wbri1","tl","","0","0","0","https://x.com/undefined/status/1905949849880510854","1682766941151457280",
"1905949718662017251","Sat Mar 29 11:46:38 +0000 2025","0","knp ga dari dulu aja gue pulkamnya naik gunung harta njir kantornya enak ber-ac jadi nunggu bisnya ga kegerahan ","1905949718662017251","","","in","","0","0","0","https://x.com/undefined/status/1905949718662017251","1887478891037765632",
"1905728602785603768","Sat Mar 29 11:45:55 +0000 2025","0","@txtdrimedia Fitnah akhir ramadhan semoga dosanya sebesar seluruh gunung yg ada di dunia","1905949537858126231","","txtdrimedia","in","","0","0","0","https://x.com/undefined/status/1905949537858126231","1476186216781340672",
"1905513303138542063","Sat Mar 29 11:44:35 +0000 2025","0","@kali_gunung @shib_dreamer @cholilnafis Hubungan nya apa sama pendidikan? Ooh ada. Pendidikan Belanda membuat bangsa Indonesia semakin pintar jd punya keinginan utk merdeka. Sedangkan pendidika. Si Habib Usman secara islam yg melarang bangsa Indonesia untuk berontak ke penjajah harus patuh bahwa perjuangan itu haram","1905949201101464013","","autophile_lux","in","","0","2","0","https://x.com/undefined/status/1905949201101464013","881558572429000704",
"1905949150165807338","Sat Mar 29 11:44:22 +0000 2025","25","Gunung Lokon ️ https://t.co/66y6vpsVSQ","1905949150165807338","https://pbs.twimg.com/amplify_video_thumb/1905949049905459200/img/sgE1c8q7Ay9EwYs4.jpg","","tl","","0","1","0","https://x.com/undefined/status/1905949150165807338","1747519147737780224",
"1905949040975417565","Sat Mar 29 11:43:56 +0000 2025","0","Lah iya baru ngeh kalo gunung kidul banjir gmna yang di bawah ya anying wkwkwk","1905949040975417565","","","in","","0","1","0","https://x.com/undefined/status/1905949040975417565","1288479790706520064",
"1905946819047403662","Sat Mar 29 11:42:36 +0000 2025","0","@Zulheheee Sagede gunung teu sih","1905948704143716495","","Zulheheee","in","","0","0","0","https://x.com/undefined/status/1905948704143716495","1174587440704524288",
"1905513303138542063","Sat Mar 29 11:41:42 +0000 2025","0","@kali_gunung @shib_dreamer @cholilnafis Hahaha yg bisanya cuma nangkep tuyul pake toples mau ngelarang org lain bicarain science? Kalo gw ikutin lu gak bicara in science dunia bisa balik ke abad ke 7 gara² kalian https://t.co/mRIlTfYFxL","1905948477013852276","https://pbs.twimg.com/media/GnNKCh9aYAA3JG2.jpg","autophile_lux","in","","0","1","0","https://x.com/undefined/status/1905948477013852276","881558572429000704",
"1905947821834129902","Sat Mar 29 11:39:06 +0000 2025","1","selamet berbuka dari lereng gunung Slamet https://t.co/HyBX6hm4VR","1905947821834129902","https://pbs.twimg.com/media/GnNJbuLbIAAvzp5.jpg","","in","","0","0","0","https://x.com/undefined/status/1905947821834129902","147658428",
"1905947796785816062","Sat Mar 29 11:39:00 +0000 2025","0","Terharu momen ketika kakek dr mama lebih diterima di keluarga papa even rumah pakde dibuat lebih safe biar kakek ga nyusruk lg di gunung Meanwhile keluarga mama boro2 nanya kabar kakek ngechat pasti minta duit ","1905947796785816062","","","in","","0","0","0","https://x.com/undefined/status/1905947796785816062","1569034020041936896",
"1905947161617137777","Sat Mar 29 11:38:49 +0000 2025","0","Sengaja ga lewat tol karena macet total gue full lewat gunung walaupun mual mabok perjalanan wkwkw","1905947750367481975","","sinbyss","in","","0","0","0","https://x.com/undefined/status/1905947750367481975","1259012485631234048",
"1850901060027834495","Sat Mar 29 11:38:23 +0000 2025","0","@Anwarbohebo Ya sama kek lu lah..","1905947640854159785","","Anwarbohebo","in","","0","0","0","https://x.com/undefined/status/1905947640854159785","1735141551393878016",
"1850565564256882912","Sat Mar 29 11:37:57 +0000 2025","0","@Anwarbohebo Lu tu goblok apa yg bisa di diskusikan dgn org goblok. bye njing","1905947532896919706","","Anwarbohebo","in","","0","0","0","https://x.com/undefined/status/1905947532896919706","1735141551393878016",
"1905947161617137777","Sat Mar 29 11:36:28 +0000 2025","7","You don't dalam satu hari w mampir banyak kota xixi!! Cantik bgt deh klenteng dan langitnya magelang terus lewat temanggung bisa liat banyak gunung sekaligus ada gunung sindoro sumbing merapi dll https://t.co/xnvMmeft3N","1905947161617137777","https://pbs.twimg.com/media/GnNIz-ua8AA9ZT-.jpg","","in","","0","1","0","https://x.com/undefined/status/1905947161617137777","1259012485631234048",
"1905646108463993156","Sat Mar 29 11:36:17 +0000 2025","0","@lord_kobra Coba cek gunung quarry batu daerah Padalarang siapa yg punya bahkan ada yg namanya Gunung Jenderal","1905947116205478289","","lord_kobra","in","","0","1","0","https://x.com/undefined/status/1905947116205478289","84753363",
"1887430809763651780","Sat Mar 29 11:36:00 +0000 2025","0","[Hari 52#] Jadwal pemutaran film Petaka Gunung Gede Sabtu (29/3): Java 11:20 Paragon 13:20 17:15 Queen 13:20 15:15 17:10 19:05 Majapahit 17:35 19:30 Setiabudi 13:15 15:10 17:05 19:00 Uptown 13:25 15:20 17:15 19:10","1905947044910600608","","Kofindo","in","","0","1","3","https://x.com/undefined/status/1905947044910600608","551700617",
"1905946718639997387","Sat Mar 29 11:34:43 +0000 2025","5","yang lagi di bandung ada yg mau naik gunung upas bareng ga? (open dm ya) itb!","1905946718639997387","","","in","","0","8","0","https://x.com/undefined/status/1905946718639997387","1804409229442453505",
"1905938023230886224","Sat Mar 29 11:34:41 +0000 2025","1","@caratstalk iya udah besar bahkan ada yang udah jadi maung gunung salak","1905946712990159300","","caratstalk","in","","0","0","0","https://x.com/undefined/status/1905946712990159300","1623385368551882752",
"1850901060027834495","Sat Mar 29 11:34:30 +0000 2025","0","@kali_gunung Hahaha hubungannya apa sama Gibran? Jaka sembung bawa golok lu gak nyambung goblok!","1905946667486195878","","autophile_lux","in","","0","1","0","https://x.com/undefined/status/1905946667486195878","881558572429000704",
"1850565564256882912","Sat Mar 29 11:33:12 +0000 2025","0","@kali_gunung Kenapa malu yah pendidikan diagama lu begitu? Wkwkwk. Makanya setwlah besar itu anak jd teroris.","1905946336647606468","","autophile_lux","in","","0","1","0","https://x.com/undefined/status/1905946336647606468","881558572429000704",
"1905946038277726298","Sat Mar 29 11:32:00 +0000 2025","178","Gunung api Kilauea Hawaii https://t.co/Onc9Yb8iit","1905946038277726298","https://pbs.twimg.com/media/GnNHzYoakAAqtmc.jpg","","in","","3","2","39","https://x.com/undefined/status/1905946038277726298","3165540462",
"1905945396091719840","Sat Mar 29 11:29:27 +0000 2025","4","Bersama Kasubsektor melaksanakan patroli Harkamtibmas di pasar tradisional Gunung Sari semoga selalu tercipta Kamtibmas yang aman dan kondusif. #bhabinkamtibmas #patroliharkamtibmas #polisidesa #polripresisi https://t.co/gFmtzyk1oI","1905945396091719840","https://pbs.twimg.com/media/GnNHOEyaAAEid4m.jpg","","in","","0","0","0","https://x.com/undefined/status/1905945396091719840","1591060674788044800",
"1905937988464594964","Sat Mar 29 11:29:10 +0000 2025","0","@coffebit @ARSIPAJA Numpak Gunung Mulia","1905945323878428680","","coffebit","in","","0","0","0","https://x.com/undefined/status/1905945323878428680","2928229746",
"1905945268409012226","Sat Mar 29 11:28:57 +0000 2025","0","ibunda sudah merestui untuk naik gunung","1905945268409012226","","","in","","0","0","0","https://x.com/undefined/status/1905945268409012226","1241213567866527745",
"1905945138674970876","Sat Mar 29 11:28:26 +0000 2025","5","dia klo minta aku pindahin gunung juga bakal aku pindahin itu gunung gunung","1905945138674970876","","","in","","0","1","0","https://x.com/undefined/status/1905945138674970876","1170353128710918145",
"1905513303138542063","Sat Mar 29 11:28:24 +0000 2025","0","@Anwarbohebo @kali_gunung @shib_dreamer @cholilnafis goblok emang berasa paling tahu cuman sumber google doang SDM begini amat gampang disetir sana sini kalo modelan begini makanya mudah diadu domba!","1905945129715892686","","Anwarbohebo","in","","0","0","0","https://x.com/undefined/status/1905945129715892686","1654061044170629126",
"1905479561795829852","Sat Mar 29 11:28:23 +0000 2025","0","@kali_gunung Wkwkwk https://t.co/IKxIIkfG2C","1905945127291609522","https://pbs.twimg.com/ext_tw_video_thumb/1905945103396642816/pu/img/GVJxq2v5fWLQa9yL.jpg","autophile_lux","in","","0","1","0","https://x.com/undefined/status/1905945127291609522","881558572429000704",
"1905810219101561011","Sat Mar 29 11:27:54 +0000 2025","0","@joytasticarmet_ thank youuu aku siap bersaing dengan AI walaupun cuma dengan gambar gunung ","1905945003802947585","","spiderchipz","in","","0","1","0","https://x.com/undefined/status/1905945003802947585","1192245064791019520",
"1788339971126145451","Sat Mar 29 11:26:53 +0000 2025","0","@kali_gunung Hahaha kalo tempat lu di Ponpes yah? Pernah kena sodomi pernah kena pelecehan sex dgn dalih masuk sorga?","1905944749913043156","","autophile_lux","in","","0","0","0","https://x.com/undefined/status/1905944749913043156","881558572429000704",
"1905806937180258754","Sat Mar 29 11:25:29 +0000 2025","0","@kali_gunung Lho itu termasuk pedophil bang penyuka anak kecil. Malah nikahin anak kecil. Itu predator sex anak. Makzudnya gak ada sangkut paut apanya?","1905944397424017804","","autophile_lux","in","","0","0","0","https://x.com/undefined/status/1905944397424017804","881558572429000704",
"1905925982521106909","Sat Mar 29 11:24:31 +0000 2025","0","@msruni_ Angkatan laut tu loo kamis tadi tau nya ku jer kawanku wartawan dibunuh dk gunung kupang jer","1905944152849977497","","msruni_","in","","0","1","0","https://x.com/undefined/status/1905944152849977497","1246926437652692993",
"1905943991302144381","Sat Mar 29 11:23:52 +0000 2025","0","Njir kurang stok warga luar kah mesti turun gunung ke ijo","1905943991302144381","","","in","","0","0","0","https://x.com/undefined/status/1905943991302144381","1391926019129442304",
"1905918767894569102","Sat Mar 29 11:21:23 +0000 2025","0","@representatif Iyessshhh simo gunung kramat barat wkwk cidek makam cina tapi trs pindah utaraa hikzzzhhh","1905943366690652206","","representatif","in","","0","1","0","https://x.com/undefined/status/1905943366690652206","464507952",
"1905332637310591450","Sat Mar 29 11:21:16 +0000 2025","0","@Gunung_Agoeng @Tan_Mar3M @jokowi yang asli ada gambar badaknya...","1905943337040810256","","Gunung_Agoeng","in","","0","0","0","https://x.com/undefined/status/1905943337040810256","3176392110",
"1905800249605833088","Sat Mar 29 11:20:30 +0000 2025","0","@inharyant @Gunung_Agoeng @SianiparRismon Ir. Om gw sarjana kehutanan angkatan 1984 pake Ir.","1905943141011661075","","inharyant","in","","0","0","0","https://x.com/undefined/status/1905943141011661075","1861727635803602944",
"1905919386818630075","Sat Mar 29 11:19:37 +0000 2025","0","@xaturn_us yaaa kan ga ekspek bisa secakep ituu gunung di planet depok","1905942921377091649","","xaturn_us","in","","0","0","0","https://x.com/undefined/status/1905942921377091649","1354971901525803009",
"1905941708577374420","Sat Mar 29 11:18:33 +0000 2025","0","@Gladiioluss_ Hai Mbak marr sepertinya semua bakal baik-baik aja. Indonesia lagi hadapi demo soal uu militer &amp; erupsi gunung Lewotobi tapi pemerintah udah tangani. Demo nunjukin demokrasi hidup &amp; erupsi keliatannya reda per 29 Maret 2025. Ekonomi tumbuh 5% di 2024 jadi ada harapan. Tetep","1905942650730987856","","Gladiioluss_","in","","0","1","0","https://x.com/undefined/status/1905942650730987856","1720665183188922368",
"1905871628895977553","Sat Mar 29 11:17:15 +0000 2025","1","@BudiBukanIntel aihh HRS turun gunung ","1905942323147800581","","BudiBukanIntel","in","","0","0","0","https://x.com/undefined/status/1905942323147800581","1015400057082818561",
"1905942243573436864","Sat Mar 29 11:16:56 +0000 2025","0","ㅤ Pose yang siap-siap mau nanjak gunung di Roblox. ㅤ https://t.co/a48Wc9cX0a","1905942243573436864","https://pbs.twimg.com/media/GnNEXr1acAAQmDm.jpg","","in","","2","0","0","https://x.com/undefined/status/1905942243573436864","913708189",
"1905941930116100140","Sat Mar 29 11:15:41 +0000 2025","9","tertinggi segini aja kali yah... habis ini pasti turun gunung soalnya story ticket 60 udah kuhabisin semua mumpung lagi ×3 T T (dan kupake buat baca rute liam lagi sampe ch. 14 iirc HAUDHSUAHU perutku mules skrg i still can't handle the angsty parts) https://t.co/vE1Y7e1uoo","1905941930116100140","https://pbs.twimg.com/media/GnNEE7WaMAA8jO1.jpg","","in","","0","5","0","https://x.com/undefined/status/1905941930116100140","1302156073910984705",
"1850565564256882912","Sat Mar 29 11:13:26 +0000 2025","0","@Anwarbohebo Emg kalo islamophobe goblok tu kamakan hoax kek gini..liat aja yg balas pada gak ngerti apa yg dikatakan dan gak ada konteks..","1905941362765349311","","Anwarbohebo","in","","0","1","0","https://x.com/undefined/status/1905941362765349311","1735141551393878016",
"1905941262181769715","Sat Mar 29 11:13:02 +0000 2025","1","Mencintai brondong adalah tragedi paling indah di dunia ini Aku trauma sama brondong tapi kalau brondongnya si jisung ini ku gas gak pake rem dan kopling. Trobos semua badai topan banjir gunung meletus raksasa apa pun itu dah https://t.co/ASlpnJl6NP","1905941262181769715","","","in","","0","0","0","https://x.com/undefined/status/1905941262181769715","780152671990841345",
"1905919010686025836","Sat Mar 29 11:11:42 +0000 2025","0","@sangyeobojagi ril tiba2 udah naik gunung","1905940927463752027","","sangyeobojagi","in","","0","1","0","https://x.com/undefined/status/1905940927463752027","1117117428",
"1905929818195018236","Sat Mar 29 11:10:54 +0000 2025","2","@Aerio_Id terakhir jalan adoh Tarunaku Nopember 2024 wingi rute Bandung - Semarang (Via tol) Semarang - Yogya - Gunung Kidul - Yogya Semarang Bandung (via tol) Alhamdulillah selamet ","1905940727474930139","","Aerio_Id","in","","0","1","0","https://x.com/undefined/status/1905940727474930139","10024342",
"1905940648940949811","Sat Mar 29 11:10:36 +0000 2025","0","SYOK BERAT LIAT GUNUNG ERUPSI https://t.co/VJT8GZDMfm","1905940648940949811","https://pbs.twimg.com/media/GnNC61IacAATXoi.jpg","","in","","0","1","0","https://x.com/undefined/status/1905940648940949811","1550296257590988800",
"1905607826954985818","Sat Mar 29 11:09:13 +0000 2025","18","@yanasoupforsoul @IndoPopBase Nah iyaa betul ini. Krna ariel emang gak mampu kalo hrus ngurusin royalti seabrek gunung buat org yg cover lagunya dia Kasus yg sama agnes kmrin itu jg kurleb sperti ini. Msalahnya LMK itu kayak gak siap dgn kondisi skrg makanya diminta baikin pelayanannya","1905940302663213274","","yanasoupforsoul","in","","0","0","0","https://x.com/undefined/status/1905940302663213274","1563256429896552448",
"1905930172295164092","Sat Mar 29 11:09:09 +0000 2025","0","@cuvpcke Bulan madu ke gunung fuji! ","1905940286565699690","","cuvpcke","in","","0","0","0","https://x.com/undefined/status/1905940286565699690","1632729925022253058",
"1905938903338750284","Sat Mar 29 11:08:01 +0000 2025","0","@fikribimga @antoniusernesto Penyelam yang menemukan kotak batu yg tersembunyi di gunung","1905940002749755520","","fikribimga","in","","0","0","0","https://x.com/undefined/status/1905940002749755520","1233019627246104579",
"1905664302897590401","Sat Mar 29 11:07:15 +0000 2025","0","@ryecyandies kapal terus berlayar ada gunung es disikat","1905939809157431699","","ryecyandies","in","","0","0","0","https://x.com/undefined/status/1905939809157431699","1646789402943967233",
"1905939621659185512","Sat Mar 29 11:06:31 +0000 2025","1","Mamah dah mo mudik lagi ke tasik. Rumah pakis bakal kosong. Jajannya juga ikut kosong segini stok cemilan pribadi doang kalo pas lagi turun gunung https://t.co/CEV0a7qiTA","1905939621659185512","https://pbs.twimg.com/media/GnNB-q-bcAAV26f.jpg","","in","","0","0","0","https://x.com/undefined/status/1905939621659185512","427594704",
"1905513303138542063","Sat Mar 29 11:06:04 +0000 2025","0","@Anwarbohebo @shib_dreamer @cholilnafis Ndak usah bahas ke science otakmu gak nyangkut..","1905939509898039384","","Anwarbohebo","in","","0","1","0","https://x.com/undefined/status/1905939509898039384","1735141551393878016",
"1905854207682286061","Sat Mar 29 11:05:12 +0000 2025","0","@domicije gunung?","1905939293111247336","","pramonoafung","in","","0","1","0","https://x.com/undefined/status/1905939293111247336","1900682779593240577",
"1905513303138542063","Sat Mar 29 11:04:39 +0000 2025","0","@Anwarbohebo @shib_dreamer @cholilnafis Semua jendral macam nasution ahmad yani bahkan sukarno itu lulus pendidikan belanda kenapa gak di cap pengkhianat?..itulah sintingnya kamu ","1905939154397196431","","Anwarbohebo","in","","0","1","0","https://x.com/undefined/status/1905939154397196431","1735141551393878016",
"1905837063393378741","Sat Mar 29 11:03:34 +0000 2025","0","@tutifruty__ cah gunung pride","1905938880945336321","","tutifruty__","in","","0","1","0","https://x.com/undefined/status/1905938880945336321","1325631309595635713",
"1905513303138542063","Sat Mar 29 11:03:18 +0000 2025","0","@Anwarbohebo @shib_dreamer @cholilnafis Haha si sinting ini ngomong apa berlagak kompleks tapi ga ada artinya..buku jelas di tulis berdasar penulusuran sejarah dan catatan sejarah buku yg bias jelas akan terbuang ke tong sampah..google itu bukan open source tapi multiple source goblok","1905938812871807113","","Anwarbohebo","in","","0","1","0","https://x.com/undefined/status/1905938812871807113","1735141551393878016",
"1905912328589365311","Sat Mar 29 11:03:17 +0000 2025","6","@txtfromjogja gunung kidul yang punya sejarah merah 65 kok bisaaaa dukung tni opo ra diseneni karo simbah2e kui aghhhh","1905938809566777563","","txtfromjogja","in","","0","0","0","https://x.com/undefined/status/1905938809566777563","154706604",
"1904475869000896742","Sat Mar 29 11:03:07 +0000 2025","0","@BakarSelinting ㅤ Doakan aku bisa berhasil nanjak gunung Everest ya. ㅤ","1905938766847692955","","BakarSelinting","in","","0","1","0","https://x.com/undefined/status/1905938766847692955","913708189",
"1905938574287253738","Sat Mar 29 11:02:21 +0000 2025","0","IH KESEL BGT TEMEN NAIK GUNUNG PACARKU CAPER BGT. KEK ABIS MABOK SHARE2 KE GRUP. BIAR APA SIH ANJIR? KEREN LO? mana story pacar gue dilike2in dimasukin close friend. Masih ada caper sama orang2. GUE GELI BGT","1905938574287253738","","","in","","0","0","0","https://x.com/undefined/status/1905938574287253738","901744460",
"1905938491877589172","Sat Mar 29 11:02:01 +0000 2025","0","wayahe lanjut namatno gunung jatim es","1905938491877589172","","","in","","0","1","0","https://x.com/undefined/status/1905938491877589172","1344701565630705666",
"1905938039773258075","Sat Mar 29 11:00:13 +0000 2025","8","Polres Banjarbaru masih menyelidiki motif pemb*nuhan jurnalis Juwita (23) yang ditemukan tewas di kawasan Gunung Kupang Banjarbaru pada Sabtu (22/3/2025). Kapolres Banjarbaru AKBP Pius X Febry Aceng Loda mengungkapkan bahwa pihaknya terus mengumpulkan bukti dan berkoordinasi https://t.co/jyshxTbrLt","1905938039773258075","https://pbs.twimg.com/media/GnNAh6MXAAAdtyq.jpg","","in","","1","0","4","https://x.com/undefined/status/1905938039773258075","154102750",
"1885525506017419320","Sat Mar 29 10:58:40 +0000 2025","0","@Anwarbohebo Lu hidup diindo kan njing..aman kan hidup lu njing malah lu yg bikin kisruh disini","1905937646742016029","","Anwarbohebo","in","","0","0","0","https://x.com/undefined/status/1905937646742016029","1735141551393878016",
"1905937557529174239","Sat Mar 29 10:58:18 +0000 2025","1","Tulang xiuhcoatl si naga pyro dan pedangnya gila Segede gunung GG juga ni xbalanque ni tapi sama sama mokad https://t.co/dG0gymLvEV","1905937557529174239","https://pbs.twimg.com/media/GnNAGpCbUAAtpEC.jpg","","in","","0","0","0","https://x.com/undefined/status/1905937557529174239","1870066537908060160",
"1905929787883102545","Sat Mar 29 10:57:35 +0000 2025","0","@gemi_____ni Di aku susah sinyal kalau malem huhuhu (efek tinggal di deket gunung)","1905937373411582243","","","in","","0","0","0","https://x.com/undefined/status/1905937373411582243","1886045082987720704",
"1898234285347475809","Sat Mar 29 10:57:34 +0000 2025","0","@Anwarbohebo Sama kek lu lah hai bajingan.. poso 100+ muslim di bunuh Iraq 1 juta di bunuh..mereka sinting kek lu..manusia sinting","1905937371893559396","","Anwarbohebo","in","","0","0","0","https://x.com/undefined/status/1905937371893559396","1735141551393878016",
"1905926745137828117","Sat Mar 29 10:53:58 +0000 2025","0","@Ribka_JKT48 @A_VirgiJKT48 Sini ke gunung enakeun adem","1905936465198264494","","Ribka_JKT48","in","","0","0","0","https://x.com/undefined/status/1905936465198264494","1698996260123119616",
"1788339971126145451","Sat Mar 29 10:52:48 +0000 2025","0","@Anwarbohebo Tempat lo nih..manusia sinting https://t.co/tPjfXpp9Kf","1905936172628492698","https://pbs.twimg.com/media/GnM-2GoagAAydB7.jpg","Anwarbohebo","in","","0","1","0","https://x.com/undefined/status/1905936172628492698","1735141551393878016",
"1905936010451800167","Sat Mar 29 10:52:10 +0000 2025","0","DEMI APASII gua nemuin hidden spot di bgr yg vibesnya mirip sm tempat gua berdiam diri di dauuu. TERHARU huhuu gua kangen bgt sama dau liatin gunung sedeket itu. Tp ini pemandangan yg di bgr agak beda ya. Cmn vibesnya MIRIP BGT spot duduknya kecepatan sepoy2 anginnya DEJAVUU :( https://t.co/tus73Fg3Z6","1905936010451800167","https://pbs.twimg.com/media/GnM-skLbIAAJmAJ.jpg","","in","","0","0","0","https://x.com/undefined/status/1905936010451800167","3148715262",
"1905935979703316734","Sat Mar 29 10:52:02 +0000 2025","0","Gunung #ai #foto #fypシviral https://t.co/bC0el1wBKg","1905935979703316734","https://pbs.twimg.com/media/GnM-rBhacAA8e-K.jpg","","in","","0","0","0","https://x.com/undefined/status/1905935979703316734","457518643",
"1905926882933289327","Sat Mar 29 10:51:21 +0000 2025","0","@Ichsanrmdhni apa bener itu gunung yang katanya ada kandungan uranium..","1905935804494758118","","Ichsanrmdhni","in","","0","1","0","https://x.com/undefined/status/1905935804494758118","348860176",
"1905935416651571657","Sat Mar 29 10:49:48 +0000 2025","0","IH FOMO MAIN NAIK GUNUNG DI ROBLOK","1905935416651571657","","","in","","0","0","0","https://x.com/undefined/status/1905935416651571657","1685609506632613889",
"1905934983430058066","Sat Mar 29 10:49:21 +0000 2025","0","Yang bawah dalem gunung berapi tuh. Kek enkanomiya tp lebih friendly(?) Tapi ya over all seluruh tempat world quest natlan cakep2 anjay","1905935303082402116","","fushichous","in","","0","0","0","https://x.com/undefined/status/1905935303082402116","951325647149793280",
"1905906555146428658","Sat Mar 29 10:48:40 +0000 2025","0","@sugoidesu128 @shrimplop Ada 3 sentuh ikutin aja trs sampe ke pulau yg di tengah2 ntar disuruh lompat ke kawah gunung api trs nunjukin map baru","1905935132927910321","","sugoidesu128","in","","0","0","0","https://x.com/undefined/status/1905935132927910321","952905244790280192",
"1905806937180258754","Sat Mar 29 10:48:06 +0000 2025","0","@Anwarbohebo Emg org sinting tu selalu gak pake otak ga ada sangkut pautnya di kait2kan..sinting bener","1905934986840260743","","Anwarbohebo","in","","0","1","0","https://x.com/undefined/status/1905934986840260743","1735141551393878016",
"1905933500936487084","Sat Mar 29 10:47:58 +0000 2025","0","@SudutIndonesia Indonesia hari ini 29 Maret 2025 diwarnai protes Dark Indonesia terhadap UU militer baru yang ditakuti mengarah pada otoritarianisme. Negara ini juga pulih dari erupsi Gunung Lewotobi Laki-Laki pada 21 Maret yang mengganggu penerbangan. Ekonomi fokus pada energi hijau dan","1905934953168134185","","SudutIndonesia","in","","0","0","1","https://x.com/undefined/status/1905934953168134185","1720665183188922368",
"1905529135205941467","Sat Mar 29 10:47:34 +0000 2025","0","@nampaknyabegitu Kemarin yg ada gunung meletus di Indonesia malah gw tahunya dari berita Jepang ","1905934853482414452","","nampaknyabegitu","in","","0","0","0","https://x.com/undefined/status/1905934853482414452","1371244368",
"1905930438981702006","Sat Mar 29 10:46:49 +0000 2025","0","@Spiderwots616 Lahiya turun gunung yaa? HAHA","1905934665778942059","","Spiderwots616","tl","","0","1","0","https://x.com/undefined/status/1905934665778942059","2478451147",
"1905933792268959844","Sat Mar 29 10:43:21 +0000 2025","1","jkt-jogja-keliling jogja-balik jkt. lebih dari 1000km. panas ujan naik turun gunung ngebut macet. semua cuma kurun 1minggu. bukan maen ni motor https://t.co/wUxcLJAHjm","1905933792268959844","https://pbs.twimg.com/media/GnM8rMsbMAA_OgX.jpg","","in","","0","1","0","https://x.com/undefined/status/1905933792268959844","1239177953776295936",
"1905933791774011566","Sat Mar 29 10:43:21 +0000 2025","3","untung aku anak pertama klo udh turun gunung buat bersih bersih yg ga join ikut dibuangin","1905933791774011566","","","in","","0","8","0","https://x.com/undefined/status/1905933791774011566","1701067078504271872",
"1905933790247002588","Sat Mar 29 10:43:20 +0000 2025","0","Ini quest yang mana? Gunung berapi khh?","1905933790247002588","","","in","","0","0","0","https://x.com/undefined/status/1905933790247002588","1362074062717997071",
"1905933595690332659","Sat Mar 29 10:42:34 +0000 2025","235","sampe anak FK ((yang disuruh belajar terus ituu)) bikin kajian dan turun gunung tandanya apa min? https://t.co/EOfUYwx9u2","1905933595690332659","https://pbs.twimg.com/media/GnM8fnsboAAZLAX.jpg","","in","","0","2","53","https://x.com/undefined/status/1905933595690332659","1357946175073095680",
"1905929461960175660","Sat Mar 29 10:41:01 +0000 2025","0","Secara Keseleuruhan versi bubu nama ini artinya : Perempuan cantik yang bijaksana dan kuat yang cantiknya kaya matahari terbit di gunung rinjani. Sometimes kita liat langsung ya neng secantik apa matahari terbit dari puncak rinjani Bismillah sehat sehat anak bubu","1905933207867920659","","morisjerk","in","","0","0","0","https://x.com/undefined/status/1905933207867920659","2431255674",
"1905930195388997805","Sat Mar 29 10:40:17 +0000 2025","0","@aalyenn gunung bromo gunung kelud","1905933020176986489","","aalyenn","in","","0","0","0","https://x.com/undefined/status/1905933020176986489","1663513630774824962",
"1905597600008732854","Sat Mar 29 10:40:05 +0000 2025","0","@yyoungje Saran dong mending beli deket pantai atau atau diatas gunung ya?","1905932972961788047","","kimhanbrin","in","","0","0","0","https://x.com/undefined/status/1905932972961788047","2273549084",
"1905608800385859677","Sat Mar 29 10:39:52 +0000 2025","0","@patragumala Berarti Agustus naik gunung praunya kan? ","1905932916787716255","","patragumala","in","","0","0","0","https://x.com/undefined/status/1905932916787716255","350137356",
"1905597485109969019","Sat Mar 29 10:39:13 +0000 2025","0","@7hugh2chill @2charlie2cool memanjat gunung","1905932752311955706","","7hugh2chill","in","","0","0","0","https://x.com/undefined/status/1905932752311955706","1891400422314987520",
"1905922695428211003","Sat Mar 29 10:38:17 +0000 2025","0","@_ardianzrizki emang hahaha jare bien koyok yakuza turun gunung seneng gowo weapon trus mudun gunung bermukim dadi anak pantai anjayy kwkw jare seh keluarga cabang e koyok van bronchorst de fretes sahanaya (ruth) lek tau delok tv bien lek g salah kepala metro jaya latuheru","1905932518542487568","","_ardianzrizki","in","","0","0","0","https://x.com/undefined/status/1905932518542487568","771709795485179904",
"1905932479799738597","Sat Mar 29 10:38:08 +0000 2025","0","sebenernya gue gak suka dirumah itu karna ada anin.... makanya sekarang lebih suka di asrama introvert alias gunung jati","1905932479799738597","","","in","","0","0","0","https://x.com/undefined/status/1905932479799738597","1761734327011012609",
"1905929461960175660","Sat Mar 29 10:37:57 +0000 2025","0","Rinjani Gunung Rinjani adalah sebuah gunung berapi yang terletak di Pulau Lombok. Gunung Favoritnya bubu dari semua gunung yang pernah bubu datengin ","1905932434983846030","","morisjerk","in","","0","0","0","https://x.com/undefined/status/1905932434983846030","2431255674",
"1905635797543649351","Sat Mar 29 10:35:20 +0000 2025","0","@urtr4gedy aaa syukurlah kalo gada hal buruk yg terjadi yank iyaah aku abis bertapa di gunung buat persiapan mulangin mof nanti soalnya yank","1905931774292828416","","onikaernus","in","","0","1","0","https://x.com/undefined/status/1905931774292828416","774480485468680192",
"1905926822501773644","Sat Mar 29 10:33:57 +0000 2025","0","@abcdkyeom_ Bosen nungguin gunung melwtus rawrr","1905931426639310909","","abcdkyeom_","in","","0","1","0","https://x.com/undefined/status/1905931426639310909","1840845839163670528",
"1905870765830111234","Sat Mar 29 10:33:32 +0000 2025","0","@WERlFESTERIA ㅤ Benaar! Aku ada game nanjak gunung seru loh kak. ㅤ","1905931323220562193","","WERlFESTERIA","in","","0","1","0","https://x.com/undefined/status/1905931323220562193","913708189",
"1905931158548021451","Sat Mar 29 10:32:53 +0000 2025","0","Ada yg mau naik gunung kah setelah lebaran ini","1905931158548021451","","","in","","0","2","0","https://x.com/undefined/status/1905931158548021451","516272930",
"1905930931044786467","Sat Mar 29 10:31:59 +0000 2025","0","2020-2024 ujianku sak gunung bromo ternyata 2025 malah sak gunung fuji ","1905930931044786467","","","in","","0","0","0","https://x.com/undefined/status/1905930931044786467","343301876",
"1905930751998390528","Sat Mar 29 10:31:51 +0000 2025","0","Sandal laki-laki karet Gunung anti slip (Discount 68%) Link https://t.co/DY1OVl11Gr https://t.co/owEPpBkA1B","1905930898442223676","https://pbs.twimg.com/media/GnM6C_-a8AEkaWu.jpg","ThreadSkandal","in","","0","1","0","https://x.com/undefined/status/1905930898442223676","1763236144924536832",
"1905305970382963033","Sat Mar 29 10:31:02 +0000 2025","0","@reginasagusty @durakengkungg kegiatan kl lg ga naik gunung","1905930691768107126","","reginasagusty","in","","0","0","0","https://x.com/undefined/status/1905930691768107126","1787743856328638464",
"1905922911451660655","Sat Mar 29 10:30:35 +0000 2025","0","@spaceskaya Ne pakde bibit gunung terbang kui loh","1905930581898313867","","spaceskaya","in","","0","3","0","https://x.com/undefined/status/1905930581898313867","1291685525049417729",
"1905626466400043380","Sat Mar 29 10:30:29 +0000 2025","0","@Myungcjae Gunung fuji ","1905930556602560993","","Myungijae","in","","0","1","0","https://x.com/undefined/status/1905930556602560993","2768398443",
"1905537458411864420","Sat Mar 29 10:28:41 +0000 2025","0","@TAJ03MJ Kenapq jadi gue yg disuruh ganti banh idenya si gunung itu","1905930103806427253","","wooojiiinn","in","","0","1","0","https://x.com/undefined/status/1905930103806427253","2768398443",
"1905930061653373266","Sat Mar 29 10:28:31 +0000 2025","0","gunung pada cerah https://t.co/zxAFfcszzP","1905930061653373266","https://pbs.twimg.com/tweet_video_thumb/GnM5SPyawAAaYx7.jpg","","in","","0","0","0","https://x.com/undefined/status/1905930061653373266","1786702134664404992",
"1905929974550290939","Sat Mar 29 10:28:11 +0000 2025","0","Abisnya lu goblok sih kin miskin harusnya lu tanya dulu baru menjauh lah ini gak ada apa2 dia lu usir sekarang lu suruh nunggu sementara elu mesra2 an ama kunti ke laut aja lah lu ke gunung apa ke goa meditasi biar gak ketempelan lagi cape gue","1905929974550290939","","","in","","0","0","0","https://x.com/undefined/status/1905929974550290939","1531158054",
"1905929561759711615","Sat Mar 29 10:26:32 +0000 2025","0","Orang orang kok keren keren banget dah gue bikin foto gunung sama sawah jelek beuttt","1905929561759711615","","","in","","0","1","0","https://x.com/undefined/status/1905929561759711615","71691373",
"1905929339578814910","Sat Mar 29 10:25:39 +0000 2025","0","Ngajak ribut Maaf yha gengsi ku kadang segede gunung️","1905929339578814910","","","in","","0","0","0","https://x.com/undefined/status/1905929339578814910","1496773025701654530",
"1905900881507434605","Sat Mar 29 10:25:08 +0000 2025","0","@ukrstal Blm peewmpuan bergulat dwngan hormin nya yg naik turun gunung lewati lembah dan sungai2","1905929210230677841","","ukrstal","in","","0","0","0","https://x.com/undefined/status/1905929210230677841","1494056990",
"1905789093629546639","Sat Mar 29 10:24:12 +0000 2025","0","@d1oll gunung ciremai","1905928971918987497","","d1oll","in","","0","1","0","https://x.com/undefined/status/1905928971918987497","1204965332441391104",
"1905918202963734886","Sat Mar 29 10:21:59 +0000 2025","0","@atraksvi nyemplung di gunung lava kocak","1905928418040148205","","buacotl","in","","0","1","0","https://x.com/undefined/status/1905928418040148205","2177382873",
"1905927845186359553","Sat Mar 29 10:19:43 +0000 2025","0","Polsek Padang Bolak Gelar Pengamanan dan Patroli Sholat Tarawih di Masjid Raya Gunung Tua https://t.co/vbrU7ZaopV","1905927845186359553","https://pbs.twimg.com/media/GnM3RRSaEAAdawu.jpg","","in","","0","0","0","https://x.com/undefined/status/1905927845186359553","1465249482161864707",
"1905927436791140432","Sat Mar 29 10:18:06 +0000 2025","0","Polsek Padang Bolak Gelar Pengamanan dan Patroli Sholat Tarawih di Masjid Raya Gunung Tua https://t.co/DfvVueJuia","1905927436791140432","https://pbs.twimg.com/media/GnM25V-a0AA39BQ.jpg","","in","","0","0","0","https://x.com/undefined/status/1905927436791140432","1465249482161864707",
"1905870765830111234","Sat Mar 29 10:17:47 +0000 2025","0","@GELIMANTANG ️️ ️ ️️ ️️ Jadi malu kalau dipuji begini. Gim... nanjak gunung? ️️ ️ ️️ ️️️️ ️ ️️ ️️","1905927359322324999","","GELIMANTANG","in","","0","1","0","https://x.com/undefined/status/1905927359322324999","1723295772987518976",
"1905927238698381702","Sat Mar 29 10:17:18 +0000 2025","0","bikin pilek alias dingin banget anjay ini rumah ku di gunung","1905927238698381702","","","in","","0","0","0","https://x.com/undefined/status/1905927238698381702","1437720664740274177",
"1905924255663141226","Sat Mar 29 10:17:04 +0000 2025","0","@crossthemoonx Gunung bromo gunung kelut","1905927178703052807","","crossthemoonx","in","","0","1","0","https://x.com/undefined/status/1905927178703052807","1182350199751995397",
"1905925634062426154","Sat Mar 29 10:13:51 +0000 2025","0","tp tersiksa banget tante tukang gosok lebaran libur terpaksa princess turun gunung ","1905926369747578947","","poetryaa","in","","0","0","0","https://x.com/undefined/status/1905926369747578947","614044246",
"1905508180911948058","Sat Mar 29 10:13:11 +0000 2025","0","@panggilsyg1609 @uniroir Klo turun gunung nir takut susuknya copot mbasa ","1905926201144721832","","panggilsyg1609","in","","0","1","0","https://x.com/undefined/status/1905926201144721832","1864707660656136192",
"1905900377213391286","Sat Mar 29 10:13:05 +0000 2025","0","@cahayayaya_ Ke gunung Bentang","1905926174670561782","","cahayayaya_","in","","0","1","0","https://x.com/undefined/status/1905926174670561782","1355657867102019584",
"1905925708557238747","Sat Mar 29 10:11:13 +0000 2025","0","JAKET HAIKING JAKET CAMPING Jaket Waterproof Jaket Parasut Jaket Gunung Jaket Parka dengan harga Rp107.499. Dapatkan di Shopee sekarang! https://t.co/JPMkjGj79A","1905925708557238747","","","in","","0","0","0","https://x.com/undefined/status/1905925708557238747","1577320130383843331",
"1905873728808108364","Sat Mar 29 10:10:56 +0000 2025","1","@gearcloudy @_e_g_a_n_ @itsurboihyl @jackjackparrr @eyesofaquila Raja terakhir udah turun gunung ini mah.","1905925634939031740","","gearcloudy","in","","0","0","0","https://x.com/undefined/status/1905925634939031740","1341997247764914178",
"1905925539375857997","Sat Mar 29 10:10:33 +0000 2025","0","sandal pria dewasa Sandal Gunung Sandal Jepit Pria Anti Slip Tali Belakang sandal slop pria keren dengan harga Rp93.999. Dapatkan di Shopee sekarang! https://t.co/DZLK49J7MS","1905925539375857997","","","in","","0","0","0","https://x.com/undefined/status/1905925539375857997","1577320130383843331",
"1905925310459101425","Sat Mar 29 10:09:39 +0000 2025","0","Raja terakhir udah hampir turun gunung ini...","1905925310459101425","","","in","","0","0","0","https://x.com/undefined/status/1905925310459101425","1341997247764914178",
"1905924520353149213","Sat Mar 29 10:06:30 +0000 2025","0","Gunung","1905924520353149213","","","in","","0","0","0","https://x.com/undefined/status/1905924520353149213","1934230873",
"1905923743379300509","Sat Mar 29 10:05:16 +0000 2025","0","@RemahanBakwan_ weits pakar zodiak kita turun gunung","1905924211073515547","","RemahanBakwan_","in","","0","1","0","https://x.com/undefined/status/1905924211073515547","1054185099103617024",
"1905911110907351521","Sat Mar 29 10:05:08 +0000 2025","0","@neptuenne nak jadi putri gunung jati","1905924175081968120","","udaode","in","","0","0","0","https://x.com/undefined/status/1905924175081968120","1671402221483999232",
"1905910100562264112","Sat Mar 29 10:02:45 +0000 2025","0","@dokumentumbuh Bg itu 1MBps pke cellular apa wifi W di lereng gunung wilis bapuk semua ni provider","1905923577867874621","","bagusfarisa","in","","0","0","0","https://x.com/undefined/status/1905923577867874621","535375096",
"1905595375710249308","Sat Mar 29 10:01:24 +0000 2025","0","@adri_zizie Karena satu bohong diikuti gugur gunung kebohongan-kebohongan. Dulu gwe gak percaya kok sudah sekian tahapan kok masih diragukan. Ulah bani kadrun itu semua. Eeh kini gwe malah yakin barangnya nganu. Apa gwe ketularan virus qaldroone ya ? ","1905923237076181286","","indonesiaku_yes","in","","0","0","0","https://x.com/undefined/status/1905923237076181286","591853034",
"1905869070907429338","Sat Mar 29 10:01:22 +0000 2025","0","@squihshy Baru selesai semedi si gunung Maura. ","1905923226565480901","","squihshy","in","","0","1","0","https://x.com/undefined/status/1905923226565480901","1673239303722536961",
"1905470237702848991","Sat Mar 29 09:59:18 +0000 2025","1","@arifin34533 Nunggu Broron turun gunung case MBG wkwkwk","1905922708455690693","","arifin34533","in","","0","0","0","https://x.com/undefined/status/1905922708455690693","2862109627",
"1905922672913174872","Sat Mar 29 09:59:10 +0000 2025","8","Nunggu Broron turun gunung case MBG wkwkwk","1905922672913174872","","","in","","0","1","3","https://x.com/undefined/status/1905922672913174872","2862109627",
"1905849484187164951","Sat Mar 29 09:57:58 +0000 2025","0","@Akang_RB26deTT gua habis tetapa di gunung kelud doain pejabat bijinya ilang atuu","1905922373813158184","","Akang_RB26deTT","in","","0","1","0","https://x.com/undefined/status/1905922373813158184","1525919360413380608",
"1905922300949492158","Sat Mar 29 09:57:41 +0000 2025","1","Abis kena air gunung (re: mandi di rumah nenek) itu rasanya recharge bgt2 dah ini seger banget yahud. Rasanya pgn berendem mulu di bak-nya (yg pake keramik ituh)","1905922300949492158","","","in","","0","2","0","https://x.com/undefined/status/1905922300949492158","210765630",
"1905920974530523506","Sat Mar 29 09:55:40 +0000 2025","0","@ryomahendra1987 Citra baik kota Curup meliputi produktivitas pertanian terutama kopi robusta dan arabica dengan teknik kopi sambung yang unik serta keindahan alam seperti Pemandian Air Panas Suban Danau Mas Harun Bastari dan Gunung Kaba. Secara historis Curup pernah jadi ibu kota Sumatera","1905921794034286610","","ryomahendra1987","in","","0","1","0","https://x.com/undefined/status/1905921794034286610","1720665183188922368",
"1905920436954865769","Sat Mar 29 09:54:38 +0000 2025","0","@lu_aje Indonesia lagi hadapi dampak erupsi Gunung Lewotobi Laki-laki pada 20 Maret 2025 yang menyebabkan gangguan penerbangan di Bali dan potensi risiko abu vulkanik. Hari ini 29 Maret adalah Nyepi Hari Raya Silence di Bali yang mungkin terganggu oleh abu dan kualitas udara buruk","1905921532657799227","","lu_aje","in","","0","0","0","https://x.com/undefined/status/1905921532657799227","1720665183188922368",
"1905921397756461503","Sat Mar 29 09:54:06 +0000 2025","1","Waduuuh bapak junkyu turun gunung ","1905921397756461503","","","in","","0","0","0","https://x.com/undefined/status/1905921397756461503","1476594216524390400",
"1905921353397711041","Sat Mar 29 09:53:55 +0000 2025","3","Kalau tiba-tiba pengen naik gunung berati ada hal yang harus diobati","1905921353397711041","","","in","","0","3","0","https://x.com/undefined/status/1905921353397711041","1224717576892108800",
"1905920904619528342","Sat Mar 29 09:52:08 +0000 2025","0","pengen banget punya experience naik gunung cuk","1905920904619528342","","","in","","0","1","0","https://x.com/undefined/status/1905920904619528342","1170577180734062592",
"1905920823237476584","Sat Mar 29 09:51:49 +0000 2025","0","Secara Manual Garis Hukum Perbatasan (Peta) Pulau Sudah Paham 4.Rencana Ke (Empat) Berupa Idēan Adalah Pergantian Semua Penjagac Sejuta Gunung (Api) Yang Tertera Pihak Ketiga (Kitakan Hantu) Kemudian Sejuta Mahluk Hidup (Benar) Penghuni Tetap (Ada) Titik Bulat (٩٠) https://t.co/ctaRbP7OUh","1905920823237476584","https://pbs.twimg.com/media/GnMw4fQbkAA4lZJ.jpg","","in","","0","0","0","https://x.com/undefined/status/1905920823237476584","708940599005548544",
"1905914723390161188","Sat Mar 29 09:50:34 +0000 2025","0","@kittmys Wkwk iya biasa lagi semedi di gunung makanya gak on.","1905920509583495351","","kittmys","in","","0","1","0","https://x.com/undefined/status/1905920509583495351","1673239303722536961",
"1905920064332972256","Sat Mar 29 09:48:48 +0000 2025","1","first impression : imut current opinion : cegil fav memory : trio maut sm anu (hiks) dc smbil gibahin smua org manjat gunung yg naik emosiku you re my : dimsum mentai gameplay rate 1-10 : suppmid 8 sisanya ytta if i was a mlbb hero who would i be : ruby","1905920064332972256","","","in","","0","3","1","https://x.com/undefined/status/1905920064332972256","1581712082487037953",
"1905919561276473464","Sat Mar 29 09:46:48 +0000 2025","0","foto jakarta minim polusi ampe kliatan gunung (norak) https://t.co/BUIiaynfoU","1905919561276473464","https://pbs.twimg.com/media/GnMvvVIbQAAV02C.jpg","","in","","0","0","0","https://x.com/undefined/status/1905919561276473464","1542451559002279937",
"1905842802237255812","Sat Mar 29 09:46:28 +0000 2025","0","@mas_veel belum lepas aja papua sudah berlubang lebih dalam dari tinggi sebuah gunung. Apa menunggu sedalam palung mariana. Sebenarnya g ada bedanya yg beda kita d jajah asing atau negeri sendiri","1905919478963282050","","mas_veel","in","","0","0","0","https://x.com/undefined/status/1905919478963282050","379196317",
"1905916023783768150","Sat Mar 29 09:46:20 +0000 2025","0","@Lotushca iyaya.. dari 3 gunung yg kita daki cuma itu yg ga pake tangga kematian ","1905919446390296937","","Lotushca","in","","0","1","0","https://x.com/undefined/status/1905919446390296937","1267945576311615488",
"1905919386818630075","Sat Mar 29 09:46:06 +0000 2025","4","disana gunung disitu gunung ditengah nya planet depok https://t.co/lxnEACbotU","1905919386818630075","https://pbs.twimg.com/media/GnMvjh7bwAAzRUV.jpg","","in","","0","2","0","https://x.com/undefined/status/1905919386818630075","1354971901525803009",
"1905870765830111234","Sat Mar 29 09:46:03 +0000 2025","0","@WERlFESTERIA ㅤ Masih lebih cantik kakak Iris. Banyak! Ada yang horror survival tapi sekarang aku lagi nanjak gunung di game ku! ㅤ","1905919372868059415","","WERlFESTERIA","in","","0","1","0","https://x.com/undefined/status/1905919372868059415","913708189",
"1905919277280141732","Sat Mar 29 09:45:40 +0000 2025","0","Sayang sekali tidak keliahatan gunung Lawu https://t.co/tePbAK0xSI","1905919277280141732","https://pbs.twimg.com/media/GnMvezIbQAAr6ol.jpg","","in","","0","2","0","https://x.com/undefined/status/1905919277280141732","1397192439472009224",
"1905919102549430555","Sat Mar 29 09:44:58 +0000 2025","3","Mazmur 24:3 (TB) Siapakah yang boleh naik ke atas gunung TUHAN? Siapakah yang boleh berdiri di tempat-Nya yang kudus? #JesusAboutToAppear","1905919102549430555","","","in","","0","0","0","https://x.com/undefined/status/1905919102549430555","1326544959835570177",
"1905545244323561777","Sat Mar 29 09:44:20 +0000 2025","29","@Bolalob Waktunya mas Leen Mus turun gunung https://t.co/kBSVf7Smgs","1905918939600932868","https://pbs.twimg.com/media/GnMvLPIaMAAd49_.jpg","Bolalob","in","","0","0","0","https://x.com/undefined/status/1905918939600932868","123546888",
"1905656155336049020","Sat Mar 29 09:42:54 +0000 2025","4","@tanyakanrl Nder kalau lu cuma duduk dan ga nyetir mending kurang²in dah ngeluhnya. Iya tau pasti capek (gua juga kalau pulang jkt-jatim). Tapi banyangin aja ortu lu terutama ayah yang nyetir. Dulu pas belum ada tol jkt-jatim perjalanan bisa sampe 2 hari lewatin gunung","1905918578672726359","","tanyakanrl","in","","0","0","0","https://x.com/undefined/status/1905918578672726359","1507767814987255813",
"1905634395064844300","Sat Mar 29 09:42:10 +0000 2025","0","@rouk0k gunung mana yg udah lu tamatin","1905918396249632879","","rouk0k","in","","0","1","0","https://x.com/undefined/status/1905918396249632879","1728343118",
"1905918381540438195","Sat Mar 29 09:42:07 +0000 2025","1","titik tengah surga ini ada di ternate. kemana² dekat dari banda Neira ke raja ampat dan ke berbagai ratusan bahkan ribuan spot pantai bawah laut flora fauna gunung masyarakatnya. sepotong surga dunia di timur Indonesia. 2thn kita disana pun belum tentu bisa mengunjungi semua","1905918381540438195","","","in","","0","0","0","https://x.com/undefined/status/1905918381540438195","1340725868465799169",
"1905917913527419222","Sat Mar 29 09:40:19 +0000 2025","0","(e.g yang gak denger pov oik) malah kabur anaknya nyegerin pikiran dulu baru nanti muncul lagi buat nyelesain (yep he s avoidant person makanya pas ada internal conflict itu dia malah kabur naik gunung). Dia tuh emosian tapi kalau ke orang yang dia sayang tuh","1905917928949891224","","genzellig","in","","0","1","0","https://x.com/undefined/status/1905917928949891224","1253690785591001088",
"1905912380212535607","Sat Mar 29 09:36:45 +0000 2025","0","@creatzed @FWBSMG3 Udh ad jadwal sih sm temen cm msh lama. Bulan depan gunung lain dl","1905917032518103531","","","in","","0","0","0","https://x.com/undefined/status/1905917032518103531","1567024594791600132",
"1905916673967915125","Sat Mar 29 09:35:19 +0000 2025","0","info tempat sholat ied yg deket gunung salak donk... #yeaks","1905916673967915125","","","in","","0","0","0","https://x.com/undefined/status/1905916673967915125","568956048",
"1905912380212535607","Sat Mar 29 09:33:13 +0000 2025","0","@FWBSMG3 @suncyy__ iki jarene sek pengen ngecamp ng gunung unggaran","1905916142100926805","","FWBSMG3","in","","1","1","0","https://x.com/undefined/status/1905916142100926805","1419340634767253507",
"1905916025289503158","Sat Mar 29 09:32:45 +0000 2025","8","mendaki gunung lewati lembah https://t.co/nj8gAP6wcE","1905916025289503158","https://pbs.twimg.com/media/GnMsg1qaIAAXTLz.jpg","","in","","0","2","0","https://x.com/undefined/status/1905916025289503158","1015487624717324288",
"1905905147760279644","Sat Mar 29 09:31:38 +0000 2025","0","@ofludic Tapi cintaku untuk gunung Fuji ngga akan bisa pudar Meng.","1905915746628313185","","ofludic","in","","0","0","0","https://x.com/undefined/status/1905915746628313185","1496308304",
"1905915123547656467","Sat Mar 29 09:29:10 +0000 2025","0","Gunung","1905915123547656467","","","in","","0","0","0","https://x.com/undefined/status/1905915123547656467","1697054517517484033",
"1905800249605833088","Sat Mar 29 09:26:43 +0000 2025","0","@Gunung_Agoeng @SianiparRismon jadi Sarjana Kehutanan dimasa itu (Drs. atau Ir.) ????","1905914509199597930","","Gunung_Agoeng","in","","0","1","0","https://x.com/undefined/status/1905914509199597930","79166149",
"1905513303138542063","Sat Mar 29 09:26:28 +0000 2025","0","@kali_gunung @shib_dreamer @cholilnafis Sbg pahlawan tp sejarawan Anshar Gonggong baru² ini mengkoreksi dia tdk setuju krn si Hamid trnyt jg seorg tentara Belanda berpangkat kolonel yg berarti pengkhianat. Sma jg spt buku panduan iman yg mendoktrin pembacanya bumi ini datar teori obsolete stlh manusia keluar angkasa","1905914446284808200","","Anwarbohebo","in","","0","2","0","https://x.com/undefined/status/1905914446284808200","881558572429000704",
"1905778591461482650","Sat Mar 29 09:25:27 +0000 2025","0","@bielfhz 1. Pake PO yang jelas terkenal gatau ? Youtube buanyak nama2 PO besar yang jelas dan ga neko2 macam Gunung Harta / M Trans / J99 dll. 2. Jangan beli di loket secara offline udah ga jaman ! Banyak calo dan makelar. 3. Selalu beli online di tiketing apps / web masing2 PO Besar","1905914189962461258","","bielfhz","in","","0","0","0","https://x.com/undefined/status/1905914189962461258","419214939",
"1905737102404550842","Sat Mar 29 09:25:15 +0000 2025","1","@stjrawberry @Ja99ungManies Aku mah suka banget mudik ke tempat suami. Rumahnya gede ada lapangan kecamatan di belakang rumahnya gunung budek tinggal nengok. Ahahaha cape dikit ga masalah happy² dibawa enjoy mah ga berasa","1905914139152965855","","stjrawberry","in","","0","1","0","https://x.com/undefined/status/1905914139152965855","697039584207581184",
"1905909100791427264","Sat Mar 29 09:23:50 +0000 2025","0","@ashelasalsa @asheladz gw lagi nonton petaka gunung gede wkwkwkwk","1905913780430946650","","ashelasalsa","in","","0","0","0","https://x.com/undefined/status/1905913780430946650","1033361979501473795",
"1905893968141078736","Sat Mar 29 09:23:31 +0000 2025","0","@leserasera @A_VirgiJKT48 biar ga foto di gunung mulu alias muncak yu mba nya","1905913702265606411","","leserasera","in","","1","1","0","https://x.com/undefined/status/1905913702265606411","1247416982741241858",
"1905814839311708509","Sat Mar 29 09:21:13 +0000 2025","0","@numarillisia gunung selamet ","1905913122977980597","","numarillisia","in","","0","0","0","https://x.com/undefined/status/1905913122977980597","452357641",
"1905912578599252293","Sat Mar 29 09:19:03 +0000 2025","2","Gunung Prau yang terletak di Dataran Tinggi Dieng Wonosobo Jawa Tengah adalah destinasi pendakian yang sangat populer terutama di kalangan pendaki. Admin info lengkap https://t.co/4r0AeyqXKO #patakbanteng #wonosobo #sumbing #sindoro #dieng #gunungprau https://t.co/RkkXmLkYPO","1905912578599252293","https://pbs.twimg.com/media/GnMpSmaaQAAsCDn.jpg","","in","","0","0","1","https://x.com/undefined/status/1905912578599252293","734455801",
"1905513303138542063","Sat Mar 29 09:18:53 +0000 2025","0","@kali_gunung @shib_dreamer @cholilnafis Sejarah bisa berubah sesuai jaman buku bisa obsolete karna saat penulisan ada keterbatasan informasi mgkn juga tekanan penguasa. Kalo Google open source akan ada yg mengkoreksi kesalahan jika tdk akurat akan ada yg menambahkan jika ada kekurangan. Sultan Hamid dulu dianggap..","1905912537344020927","","autophile_lux","in","","0","3","0","https://x.com/undefined/status/1905912537344020927","881558572429000704",
"1905893017984356493","Sat Mar 29 09:18:11 +0000 2025","1","@PresidenKopi Serah deh bang pohon apa'an yg pasti gunungnya gunung kembar","1905912359375552537","","PresidenKopi","in","","0","1","0","https://x.com/undefined/status/1905912359375552537","517537915",
"1905911120982122856","Sat Mar 29 09:16:05 +0000 2025","1","Sakit hati obatnya naik gunung","1905911833921548624","","dinginluplup","in","","0","1","0","https://x.com/undefined/status/1905911833921548624","1257866700327759872",
"1905893166634704944","Sat Mar 29 09:14:04 +0000 2025","0","@masadepansureal Bac kalo ke malang harus coba soto gunung ada di jl. Surabaya atau gak jl. Sigura-gura (pesen soto gunung besar + telor + tempe goreng)","1905911326129676554","","masadepansureal","in","","0","1","0","https://x.com/undefined/status/1905911326129676554","336737616",
"1905566060189024333","Sat Mar 29 09:13:34 +0000 2025","0","@sikkeuro0o Kalo first timer gausah ke gunung yang susah nanti luka dikit digendong ga pake tas ujungnya jadian sama yg lain!","1905911197041340734","","sikkeuro0o","in","","0","1","0","https://x.com/undefined/status/1905911197041340734","1611280514148859905",
"1905911120982122856","Sat Mar 29 09:13:16 +0000 2025","1","AYOKKK INPOKANNN NAIK GUNUNG APAA ABIS LEBARAN????","1905911120982122856","","","in","","0","2","0","https://x.com/undefined/status/1905911120982122856","1257866700327759872",
"1905911073397502066","Sat Mar 29 09:13:04 +0000 2025","0","Terletak di antara Gunung Bisma dan Gunung Sikunir air terjun ini dikelilingi oleh panorama alam yang hijau dan udara yang sejuk. https://t.co/f3lRebElZH","1905911073397502066","","","in","","0","0","0","https://x.com/undefined/status/1905911073397502066","1404018642",
"1905896697223315832","Sat Mar 29 09:12:09 +0000 2025","0","@mmeungmeung suhu turun gunung","1905910841679245378","","mmeungmeung","in","","0","0","0","https://x.com/undefined/status/1905910841679245378","766685705376567296",
"1905910633453027685","Sat Mar 29 09:11:19 +0000 2025","0","lalu aku ini apaaaaaaaa (bernyanyi di puncak gunung)","1905910633453027685","","","in","","0","1","0","https://x.com/undefined/status/1905910633453027685","1401520107407372292",
"1905622481584750680","Sat Mar 29 09:10:58 +0000 2025","0","@traveloka Gue kemaren juga buka di gunung tapi sendirian doang gak asik bgt","1905910542847668302","","traveloka","in","","0","0","0","https://x.com/undefined/status/1905910542847668302","1758028027404128256",
"1905876376089174374","Sat Mar 29 09:10:52 +0000 2025","1","@AchFath Mudik gunung kidul pak dewan?","1905910520080691394","","AchFath","in","","0","1","0","https://x.com/undefined/status/1905910520080691394","2230871244",
"1905897472532283799","Sat Mar 29 09:10:25 +0000 2025","8","@rookiesaamiin95 Emaknya ws: nak pulang nak! Ini ada hyeyoon nyariin ngajakin main ceplak gunung","1905910405811302676","","rookiesaamiin95","in","","0","1","0","https://x.com/undefined/status/1905910405811302676","1441568708",
"1905910393555267854","Sat Mar 29 09:10:22 +0000 2025","0","Pasar Mayestik. Jelang Lebaran. Jakarta Selatan 29 Maret 2025. Salaam. https://t.co/u8BkHbN4E5 #Gentayangan #Wandering #Wanderlust #Jalan #PasarMeyestik #JelangLebaran #JakartaSelatan #Indonesia https://t.co/csiZqO0dZZ","1905910393555267854","https://pbs.twimg.com/ext_tw_video_thumb/1905910281416704000/pu/img/Q97NaV5_Vdi-2QNu.jpg","","in","","0","0","0","https://x.com/undefined/status/1905910393555267854","1168559909702524928",
"1905910279944462708","Sat Mar 29 09:09:55 +0000 2025","0","Libur panjang jd kepengen naik gunung","1905910279944462708","","","in","","0","0","0","https://x.com/undefined/status/1905910279944462708","1065998529628266497",
"1905910085882184087","Sat Mar 29 09:09:09 +0000 2025","0","tidur di gunung?...","1905910085882184087","","","in","","0","0","0","https://x.com/undefined/status/1905910085882184087","526198780",
"1905746034283950342","Sat Mar 29 09:08:15 +0000 2025","0","@Wiroarhez Bisa klo nongkrongnya di lobi hotel2 mewah","1905909861021356324","","Wiroarhez","in","","0","0","0","https://x.com/undefined/status/1905909861021356324","1735141551393878016",
"1905622481584750680","Sat Mar 29 09:07:34 +0000 2025","0","@traveloka Pasti vibes buka puasa di gunung enak banget","1905909689700774061","","traveloka","in","","0","0","0","https://x.com/undefined/status/1905909689700774061","1849241863125159936",
"1905909298166980672","Sat Mar 29 09:06:01 +0000 2025","156","Konflik manusia dan dan satwa seoperti gajah Sumatera dan harimau Sumatera) masih terus terjadi di kawasan Taman Nasional Gunung Leuser (TNGL). Semakin dekatnya aktivitas manusia ke habitat dan lintasan hewan liar ini jadi penyebab utama. https://t.co/7zcx4KNqrR https://t.co/0ja9Xo4ciw","1905909298166980672","https://pbs.twimg.com/media/GnMmaAtaIAAAFOj.jpg","","in","","2","7","93","https://x.com/undefined/status/1905909298166980672","483310591",
"1905582354988761282","Sat Mar 29 09:05:05 +0000 2025","0","@prophetofzorck Siaappp bang https://t.co/Y0h433uf8x","1905909062019240261","https://pbs.twimg.com/media/GnMmMR9bwAA53Bm.jpg","prophetofzorck","in","","0","0","0","https://x.com/undefined/status/1905909062019240261","1735141551393878016",
"1905901859849769001","Sat Mar 29 08:36:27 +0000 2025","226","Tontonan gue sekarang temanya pendakian gunung semua dah. Apakah ini pertanda..","1905901859849769001","","","in","","1","27","4","https://x.com/undefined/status/1905901859849769001","195767895",
"1905899468110839960","Sat Mar 29 08:35:58 +0000 2025","0","@inireiju air gunung.","1905901736528683513","","inireiju","in","","0","0","0","https://x.com/undefined/status/1905901736528683513","1682622428302970881",
"1905901039821418651","Sat Mar 29 08:33:12 +0000 2025","724","seandainya sutradara mau balikin mq nantinya kaya diawal sumpah gue mau si magz keliling borobudur 7x pergi ke pantai malem malem lalu menyeburkan diri lalu mendaki 70 gunung di indonesia terus balik itu yg gue mau.","1905901039821418651","","","in","","8","12","94","https://x.com/undefined/status/1905901039821418651","1596359557143756801",
"1905729392845971635","Sat Mar 29 08:30:54 +0000 2025","0","@adddekiiciikk @ariPrianggono Yg di gunung kidul kayaknya dia puasa lebih awal juga","1905900460093100193","","","in","","0","0","0","https://x.com/undefined/status/1905900460093100193","2348334475",
"1905895429025488985","Sat Mar 29 08:29:50 +0000 2025","0","@munimaman gunung apa itu?","1905900190894305513","","munimaman","in","","0","1","0","https://x.com/undefined/status/1905900190894305513","794036955889577984",
"1905892545059868676","Sat Mar 29 08:28:02 +0000 2025","0","@cezlls gunung everest gasss","1905899741491130407","","cezlls","tl","","0","0","0","https://x.com/undefined/status/1905899741491130407","902123963928608768",
"1905847017303052704","Sat Mar 29 08:26:03 +0000 2025","1","@lobanghalal Ada udang dibalik gunung sih","1905899239613567311","","lobanghalal","in","","0","0","0","https://x.com/undefined/status/1905899239613567311","1112685814142492672",
"1905513303138542063","Sat Mar 29 08:24:39 +0000 2025","0","@kali_gunung @cholilnafis Nonton ini https://t.co/X9sXPmmUqo","1905898889233977826","","autophile_lux","it","","0","1","0","https://x.com/undefined/status/1905898889233977826","1782378956051939328",
"1905898479366398131","Sat Mar 29 08:23:02 +0000 2025","0","Kata gue kalian harus nonton ini si. Tonhon lucu banget Vibesnya bikin cuci mata liat pegunungan gitu. Gue lemah banget sama gunung ","1905898479366398131","","","in","","0","1","0","https://x.com/undefined/status/1905898479366398131","4666594130",
"1905892664765206795","Sat Mar 29 08:17:40 +0000 2025","0","@Lily_JKT48 Ke gunung aja myloflyy tar naik kuda lagii","1905897129576718380","","Lily_JKT48","in","","0","0","0","https://x.com/undefined/status/1905897129576718380","1520074100089049089",
"1903699716816433355","Sat Mar 29 08:17:06 +0000 2025","0","@jiennig Gunung kembarnya siapa?","1905896989763702940","","jiennig","in","","0","1","0","https://x.com/undefined/status/1905896989763702940","580879105",
"1905814794671931500","Sat Mar 29 08:16:05 +0000 2025","0","@pepritapearce gunung salak","1905896730400579588","","pepritapearce","in","","0","0","0","https://x.com/undefined/status/1905896730400579588","302651621",
"1905895799541973279","Sat Mar 29 08:12:23 +0000 2025","0","Saking kencengnya angin sampe kualitas udara jadi good. Gunung gede jelas bgt keliatan dr Bekasi","1905895799541973279","","","in","","0","0","0","https://x.com/undefined/status/1905895799541973279","868104718211457024",
"1905895597829419216","Sat Mar 29 08:11:35 +0000 2025","0","swf udah sisen 3 sk8soxer beloman turun gunung juga duh kapan ya mbaknya","1905895597829419216","","","in","","0","0","0","https://x.com/undefined/status/1905895597829419216","3011699600",
"1905895377934618725","Sat Mar 29 08:10:42 +0000 2025","0","Abis lebaran ada yang ngajakin naik gunung mah gas inisih ","1905895377934618725","","","in","","0","0","0","https://x.com/undefined/status/1905895377934618725","1734964915469946880",
"1905895348721406439","Sat Mar 29 08:10:35 +0000 2025","0","lu pada klo mau ke gunung fuji gausah ke jepang di parken ada https://t.co/wcVx6sOl2T","1905895348721406439","https://pbs.twimg.com/media/GnMRCOeagAESqJO.jpg","","in","","0","1","0","https://x.com/undefined/status/1905895348721406439","1696049267054624769",
"1905451493916115046","Sat Mar 29 08:10:35 +0000 2025","0","@republikaonline Kenal karo muride nabi khidir makane rumongso duwe jalur dalem.. di seksine wae n jarke wae nasib e piye.","1905895347769213220","","republikaonline","in","","0","0","0","https://x.com/undefined/status/1905895347769213220","1735141551393878016",
"1905868270923891160","Sat Mar 29 08:07:47 +0000 2025","0","@KediriFess Awakmu sisa2 pilihane dekne mungkin wes nggawe kasus nok ngendi2 di tolak utowo wes pegatan karo bojone utowo mlayu ra tanggung jawab karo anake wong. okeh kemungkinan tapi biasane sing elek2","1905894644925493567","","KediriFess","in","","0","0","0","https://x.com/undefined/status/1905894644925493567","1735141551393878016",
"1905894539115798742","Sat Mar 29 08:07:22 +0000 2025","0","( Gue kalo ngamuk tebalikin gunung berapi. Fyi aja ini mah )","1905894539115798742","","","in","","0","1","0","https://x.com/undefined/status/1905894539115798742","1779530384939913216",
"1905894279110676935","Sat Mar 29 08:06:20 +0000 2025","0","Puncak Arus Mudik Diprediksi Ribuan Penumpang dari Nabire Berangkat dengan Kapal Gunung Dempo - https://t.co/qwHwXJSX5l #arusmudik #lebaran #idulfitri #nabire #papuatengah #pelni #fyp","1905894279110676935","","","in","","0","0","0","https://x.com/undefined/status/1905894279110676935","1189741956",
"1905894077033497044","Sat Mar 29 08:05:32 +0000 2025","0","Hai hai KMKers!! KMKers hari ini kita memperingati hari Santo Bertoldus dari Gunung Karmel!! Ia dikenal sebagai pendiri komunitas awal para pertapa di Gunung Karmel yang kemudian menjadi cikal bakal Ordo Karmelit. ia dihormati sebagai figur suci dalam tradisi Karmelit. https://t.co/lrBaxKkHSv","1905894077033497044","https://pbs.twimg.com/media/GnMYj7AbAAA1JwR.jpg","","in","","0","0","0","https://x.com/undefined/status/1905894077033497044","1731982448",
"1905893187719479803","Sat Mar 29 08:02:00 +0000 2025","0","SIMAK !! Sejumlah Misteri Mitos Gunung Telomoyo Magelang Termasuk Tragedi Pewayangan https://t.co/Etiamk0e6J","1905893187719479803","","","in","","0","0","0","https://x.com/undefined/status/1905893187719479803","828503372969832448",
"1905893040411250773","Sat Mar 29 08:01:25 +0000 2025","3","Mendaki gunung lewati lembah ... Sungai mengalir indah ke samudra... You sing you loose... https://t.co/kgq0kIm5g8","1905893040411250773","https://pbs.twimg.com/media/GnMXm7FbQAAZm-9.jpg","","in","","1","2","0","https://x.com/undefined/status/1905893040411250773","1648001370258300928",
"1905513303138542063","Sat Mar 29 08:00:25 +0000 2025","0","@Irwanyznn @cholilnafis Haplogroup itu apa sih?","1905892789973577863","","Irwanyz","in","","0","1","0","https://x.com/undefined/status/1905892789973577863","1735141551393878016",
"1905513303138542063","Sat Mar 29 07:59:45 +0000 2025","0","@Anwarbohebo @shib_dreamer @cholilnafis Sejarah itu dari buku bukan google google cuman potongan informasi yg sesuai dgn agenda penulis apalagi artikel..tapi percuma sih wong nyusun informasi secara kronologis aja gak mampu..","1905892620632510544","","Anwarbohebo","in","","0","1","0","https://x.com/undefined/status/1905892620632510544","1735141551393878016",
"1905814044797227294","Sat Mar 29 07:55:44 +0000 2025","0","@RRezaldi @InfosuporterID Itu famz warga Gunung Kidul bang..","1905891611470712918","","RRezaldi","in","","0","0","0","https://x.com/undefined/status/1905891611470712918","68844606",
"1905871667382960282","Sat Mar 29 07:55:17 +0000 2025","0","@yourjade_ Cakep banget gunung Slamet?","1905891499520487617","","yourjade_","in","","0","1","0","https://x.com/undefined/status/1905891499520487617","2947878560",
"1905891208179724752","Sat Mar 29 07:54:08 +0000 2025","0","jam 11 jalan dari arah gunung putri view pegunungannya cerah banget tentram bgt rasanya dari hiruk pikuk macet jkt dikasih view secantik itu padahal masih di citeureup ","1905891208179724752","","","in","","0","0","0","https://x.com/undefined/status/1905891208179724752","571740823",
"1905853982364606662","Sat Mar 29 07:53:09 +0000 2025","0","@summerseasoda i hidup di gunung.. nggak ada pickup gosend.. adanya tiki sama pos indonesia https://t.co/tK7Smw9T3M","1905890961450000393","https://pbs.twimg.com/tweet_video_thumb/GnMVuRUagAAsPMC.jpg","hianbinscus","in","","0","1","0","https://x.com/undefined/status/1905890961450000393","1859069995067858944",
"1905881369521406353","Sat Mar 29 07:50:51 +0000 2025","1","@vanc1Bozz kalau emak2 sdh turun gunung gini berarti mereka pelindung anak2 nya","1905890383583945194","","vanc1Bozz","in","","0","1","0","https://x.com/undefined/status/1905890383583945194","1404751063324889088",
"1905852896840987064","Sat Mar 29 07:49:00 +0000 2025","0","Instan Kota Bogor dan sekitarnya sampai Cisarua Merdeka Gunung Batu Bantarjati Ciawi Rancamaya Tajur dan banyak lainnya dikirim Instan sekarang. Tiba dalam 1 jam. Gratis Ongkir + Diskon 3% https://t.co/x936Rhewg4","1905889915415781453","","sociogeeks_","in","","0","0","0","https://x.com/undefined/status/1905889915415781453","146365198",
"1905551450555777520","Sat Mar 29 07:47:31 +0000 2025","0","@____putw Ga jogja nye banget tapi gunung kidul sama coyyy sawah kebon doangan isi nye ","1905889543875702790","","____putw","in","","0","0","0","https://x.com/undefined/status/1905889543875702790","536077876",
"1905860167490527562","Sat Mar 29 07:47:19 +0000 2025","0","@psycheax Di gunung kidul sayang lupa nama pantainya apaa","1905889493691015503","","psycheax","in","","0","0","0","https://x.com/undefined/status/1905889493691015503","1733300712556417024",
"1905545822928077181","Sat Mar 29 07:46:51 +0000 2025","1","@kompascom Hutan gunung bukit klo sdh dimusnah/dibabat butuh puluhan thn utk dipulih/reforestasi. Dukung KDM ","1905889375457513978","","kompascom","in","","0","0","0","https://x.com/undefined/status/1905889375457513978","252394720",
"1905885903194644676","Sat Mar 29 07:42:58 +0000 2025","0","@lilaclovery turun gunung si om ","1905888398176334032","","lilaclovery","in","","0","1","0","https://x.com/undefined/status/1905888398176334032","235571616",
"1905536032411455493","Sat Mar 29 07:42:33 +0000 2025","2","@mirasahid Ga semua tni dukung ruu tni kok tpi jgn keterlaluan juga. tni itu bidang kerjaya BUKAN CUMA PAS DEMO DOANG. Banyak bidang kerjanya. Tpi gapapa bubarin aja tni kalau pada ga butuh mah lu naik turun gunung masuk hutan sana dgn gaji ga umr. Kritis itu otaknya perlu dipake juga","1905888293490991250","","mirasahid","in","","0","0","0","https://x.com/undefined/status/1905888293490991250","1392111476832411657",
"1905800249605833088","Sat Mar 29 07:41:09 +0000 2025","0","@Gunung_Agoeng @SianiparRismon Masalahnya skripsinya ada di ugm dan kesalahan nama itu cuma ejaan dimana memang pada tahun tsb ejaan oe pada nama itu hal lumrah dan zaman tsb walau mencetak ulang selembar halaman pengesahan tidak semudah pada zaman sekarang argumennya terlalu lemah klo cuma huruf oe ","1905887941475565886","","Gunung_Agoeng","in","","0","0","0","https://x.com/undefined/status/1905887941475565886","1888501969201057792",
"1905887802434404785","Sat Mar 29 07:40:36 +0000 2025","0","Gunung Semeru yang berada di perbatasan Kabupaten Lumajang dan Malang Jawa Timur erupsi sebanyak empat kali dengan tinggi kolom letusan 500 meter hingga 800 meter di atas puncak pada Sabtu pagi. https://t.co/eXMBCJZ32o","1905887802434404785","","","in","","0","0","0","https://x.com/undefined/status/1905887802434404785","18071520",
"1905885903194644676","Sat Mar 29 07:39:27 +0000 2025","0","@nataritisme_ AKU PUN. kirain si Chan jadi petani di gunung ","1905887515246211541","","firstkhaoism_","in","","0","0","0","https://x.com/undefined/status/1905887515246211541","235571616",
"1905887443381043446","Sat Mar 29 07:39:10 +0000 2025","0","Kalapas Narkotika Gunung Sindur Kontrol Keliling Pastikan Keamanan Menjelang Hari Raya Idul Fitri 1446 H #kemenimipas #guardandguide #infoimipas #KanwilDitjenpasJabar #LPNGunungSindur #LapasNarkotikaGunungSindur https://t.co/ZEdvW1dSEB","1905887443381043446","https://pbs.twimg.com/media/GnMSg-faQAABLmz.jpg","","in","","0","0","0","https://x.com/undefined/status/1905887443381043446","4825173187",
"1905887377941246412","Sat Mar 29 07:38:55 +0000 2025","0","kalau disuruh milih pantai atau gunung dari dulu aku milih pantai tapi kek pantai balikpapan tuh anu tapi sejak liat pantai sokcho aku yakin 1000000% aku cinta pantai dan laut kalau boleh milih nama koreaku adalah bada woawkoawkakwk","1905887377941246412","","","in","","0","1","0","https://x.com/undefined/status/1905887377941246412","149050732",
"1905887256772026391","Sat Mar 29 07:38:26 +0000 2025","1","Babinsa Koramil 0109-03/Gunung Meriah Kawal Penyaluran BLT di Desa Cingkam Pastikan Tepat Sasaran https://t.co/UqLx2dYH8r","1905887256772026391","","","in","","0","0","0","https://x.com/undefined/status/1905887256772026391","1313688723746217984",
"1905886605422084479","Sat Mar 29 07:35:51 +0000 2025","0","Lapas Narkotika Gunung Sindur Laksanakan Apel Persiapan Pengamanan Hari Raya Idul Fitri 1446 H #kemenimipas #guardandguide #infoimipas #KanwilDitjenpasJabar #LPNGunungSindur #LapasNarkotikaGunungSindur https://t.co/d1Y3Fpldpj","1905886605422084479","https://pbs.twimg.com/media/GnMRujRbwAAqTpY.jpg","","in","","0","0","0","https://x.com/undefined/status/1905886605422084479","4825173187",
"1905886311971520638","Sat Mar 29 07:34:41 +0000 2025","0","Coba cek ini di Tokopedia deh. Harganya Rp1.200.000 https://t.co/KAxJMAwfyJ","1905886311971520638","","","in","","0","0","0","https://x.com/undefined/status/1905886311971520638","1652739590",
"1905886082786550148","Sat Mar 29 07:33:46 +0000 2025","9","Cakeppp bngt gunung nyaa https://t.co/Rir4gfzG3u","1905886082786550148","https://pbs.twimg.com/media/GnMRRgobkAAA6Ux.jpg","","in","","0","1","0","https://x.com/undefined/status/1905886082786550148","1712084376983633920",
"1905886034266845563","Sat Mar 29 07:33:34 +0000 2025","38","Bib Riziq mau turun gunung cok tapi tapi tapi jualannya tetap sama -&gt; monyet PKI https://t.co/dNvImeY0ta","1905886034266845563","","","in","","1","16","10","https://x.com/undefined/status/1905886034266845563","871058414364876800",
"1905522904210522472","Sat Mar 29 07:32:45 +0000 2025","0","@Doflaminggo212 @idextratime messi dikasih 2 balok gunung emas juga ga bakal ke madrid","1905885827177324831","","Kehidupunk04","in","","0","0","0","https://x.com/undefined/status/1905885827177324831","1625480431415201794",
"1905885753298543035","Sat Mar 29 07:32:27 +0000 2025","0","Mau ke gunung gede lagii","1905885753298543035","","","in","","0","0","0","https://x.com/undefined/status/1905885753298543035","1622644690347753478",
"1905639120715792516","Sat Mar 29 07:32:17 +0000 2025","0","@leeya_m165 Apa cuma aku cewek yang ngira muncak tu beneran naik gunung?","1905885710923805103","","leeya_m165","in","","0","5","0","https://x.com/undefined/status/1905885710923805103","1609123792827355143",
"1905885373366255954","Sat Mar 29 07:30:57 +0000 2025","11897","-KESURUPAN MASSAL- Di sebuah desa terpencil bernama Kumantan yang terletak di lereng gunung tua di Jawa Tengah kehidupan berjalan seperti biasa. Desa ini dikelilingi hutan lebat yang konon menyimpan banyak misteri. Penduduknya hidup sederhana bertani dan menjaga tradisi https://t.co/t60huYL42X","1905885373366255954","https://pbs.twimg.com/media/GnMQpHoagAA7M1h.jpg","","in","","73","415","1301","https://x.com/undefined/status/1905885373366255954","870633806788673536",
"1905884789783347331","Sat Mar 29 07:29:21 +0000 2025","0","@ryomahendra1987 Halo! Hari ini di Indonesia ada berita tentang demo menolak UU militer baru yang berujung bentrok erupsi Gunung Lewotobi di Flores banjir dan longsor yang masih berdampak serta kecelakaan kapal turis di Bali yang tewaskan warga Australia. Politik juga ramai soal dwifungsi https://t.co/HtnbaDVLIZ","1905884970599522531","https://pbs.twimg.com/media/Gmq59kbaMAAmRX2.jpg","ryomahendra1987","in","","0","0","0","https://x.com/undefined/status/1905884970599522531","1720665183188922368",
"1905884796687200440","Sat Mar 29 07:28:39 +0000 2025","2","Berdasarkan hasil pengecekan pihaknya memastikan kalau area yang tanamannya kini sudah berganti menjadi tanah coklat itu berada di luar area Cagar Alam dan Taman Wisata Alam (TWA) Gunung Tangkuban Parahu. FULL : https://t.co/UVq9ukOiLY https://t.co/tm1mI9WTAt","1905884796687200440","https://pbs.twimg.com/media/GnMP8lgaYAA6ymy.jpg","","in","","0","1","2","https://x.com/undefined/status/1905884796687200440","1668145168468541441",
"1905881345273860248","Sat Mar 29 07:27:29 +0000 2025","0","@ccesic tas gunung ada gak kak","1905884499940114659","","ccesic","in","","0","1","0","https://x.com/undefined/status/1905884499940114659","1879793079374458880",
"1905884122360500386","Sat Mar 29 07:25:59 +0000 2025","2","Templatenya begitu diem2 nanti pake template yg upload banyak akun jadi trending yg salah pihak cewe begitu teruuuusssss sampe gue summit gunung everest di roblox","1905884122360500386","","","in","","0","1","0","https://x.com/undefined/status/1905884122360500386","1364716853445025794",
"1905883935097381089","Sat Mar 29 07:25:14 +0000 2025","1","Ide Libur Lebaran 2025: Mendaki Gunung Papandayan https://t.co/BD147LmEnM","1905883935097381089","","","in","","0","0","0","https://x.com/undefined/status/1905883935097381089","240113510",
"1905883522897940719","Sat Mar 29 07:23:36 +0000 2025","1","Jagat maya dibuat riuh dengan penampakan tampilan foto udara adanya pembukaan lahan di area kebun teh di kawasan Gunung Tangkuban Parahu Kec. Parongpong KBB. FULL : https://t.co/SjIfgpgG54 https://t.co/XrRGZ6BExx","1905883522897940719","https://pbs.twimg.com/media/GnMOm4IasAAFGis.jpg","","in","","0","0","0","https://x.com/undefined/status/1905883522897940719","1668145168468541441",
"1905883286209233071","Sat Mar 29 07:22:39 +0000 2025","44","Gak sabar nungguin mudik core tahun ini pasti seru banget! Tetap fokus dan hati hati saat di jalan siapin #AQUADULU 100% Murni yang paling cocok buat buka puasa karena cuma AQUA yang mengandung mineral seimbang dari 19 gunung terpilih ","1905883286209233071","","","in","","0","0","2","https://x.com/undefined/status/1905883286209233071","121657158",
"1905883261076636056","Sat Mar 29 07:22:33 +0000 2025","0","Gamau bawa baju banyak-banyak ahhh. Meanwhile taunya backpack tetep segede gunung. Tentengan kardus 1 totebag 1. Tas selempang 1. Yaa Allah ","1905883261076636056","","","in","","0","0","0","https://x.com/undefined/status/1905883261076636056","521170151",
"1905545244323561777","Sat Mar 29 07:21:33 +0000 2025","0","@Bolalob Orkes pensil alis karena ada mas coip orang yang ngajarin josh dun alias drummer twentyone pilot main drum saat masih tinggal di gunung kidul","1905883007535460597","","Bolalob","in","","0","0","0","https://x.com/undefined/status/1905883007535460597","2343213590",
"1905881611423396024","Sat Mar 29 07:16:00 +0000 2025","0","Rowo Jombor dan Rahasia Gunung Cabean: Antara Legenda Ular Naga dan Tragedi Terselubung #rorojombor #gunungcabean #legendaularnaga https://t.co/HuVq0ZNBhV","1905881611423396024","","","in","","0","0","0","https://x.com/undefined/status/1905881611423396024","891906384794599424",
"1905880805710127257","Sat Mar 29 07:12:48 +0000 2025","1","Cinta dan Benci pada Gunung Pangrango: Gunung yang Diabadikan Gie dalam Puisi Kini Menjadi Tempat yang Saya Benci #TerminalMojok https://t.co/sSq4ujMvxO","1905880805710127257","","","in","","0","0","1","https://x.com/undefined/status/1905880805710127257","2388795571",
"1905880777117569068","Sat Mar 29 07:12:41 +0000 2025","316","dua manusia yang peduli dengan semua masalah orang lain tapi tidak melihat masalahnya sendiri yang udah setinggi gunung everest: #fattzar https://t.co/Q8UayMobm5","1905880777117569068","https://pbs.twimg.com/media/GnMMdpoaoAAuJv_.jpg","","in","","3","11","41","https://x.com/undefined/status/1905880777117569068","136135890",
"1905880598045962632","Sat Mar 29 07:11:58 +0000 2025","1","Pantai ajalah gunung ribet","1905880598045962632","","","in","","0","0","0","https://x.com/undefined/status/1905880598045962632","1168809086151876609",
"1905800802452836798","Sat Mar 29 07:09:58 +0000 2025","0","@sejeniscamilan Gunung gamalama","1905880091961536735","","sejeniscamilan","tl","","0","0","0","https://x.com/undefined/status/1905880091961536735","56961093",
"1905625968775221495","Sat Mar 29 07:09:52 +0000 2025","0","@calomagang jangan pada tau jalur ini nnti malah macet di gunung","1905880069802799374","","calomagang","in","","0","0","0","https://x.com/undefined/status/1905880069802799374","1161383033808625664",
"1905800249605833088","Sat Mar 29 07:08:39 +0000 2025","2","@Gunung_Agoeng @SianiparRismon KL bapaknya lahir dan sekolah ditahun 70an atau sebelumnya pasti nma bapaknya Soemitro karna dulu u = oe. Saya melewati masa itu karna saya mulai sekolah tahun 1966.","1905879761035133271","","Gunung_Agoeng","in","","0","1","0","https://x.com/undefined/status/1905879761035133271","927930721779400704",
"1905873880897466489","Sat Mar 29 07:05:11 +0000 2025","0","@kindajos buset mau beli gunung everest","1905878887797813544","","kindajos","in","","0","1","0","https://x.com/undefined/status/1905878887797813544","1445544317758496771",
"1905878469491454330","Sat Mar 29 07:03:31 +0000 2025","0","udah lama ga liat gunung salak dari pamulang terima kasih ya untuk warga yang sedang mudik https://t.co/LDUnydYhCm","1905878469491454330","https://pbs.twimg.com/media/GnMKW0LbYAAdjbH.jpg","","in","","0","0","0","https://x.com/undefined/status/1905878469491454330","36520885",
"1905213587175637122","Sat Mar 29 07:03:15 +0000 2025","0","@EncepMu17265173 @barengwarga Turun gunung gimana nih pak? Saya tinggal deket laut Nih pak tiap daerah kan bisa aja pakai istilah yang berbeda wajar dong saya gak tau beceng itu apa ","1905878402277732424","","EncepMu17265173","in","","0","1","0","https://x.com/undefined/status/1905878402277732424","1236578218032824320",
"1905878169657487578","Sat Mar 29 07:02:19 +0000 2025","0","Main genshin di hp buat bukain teleport di gunung merapi memancing emosi https://t.co/Z9sh647cio","1905878169657487578","https://pbs.twimg.com/media/GnMKGD0aEAApNj3.jpg","","in","","1","0","0","https://x.com/undefined/status/1905878169657487578","1551788891208024065",
"1905864619656384531","Sat Mar 29 07:01:11 +0000 2025","0","@sunshinenoow @lhsgege gak ada karena ke daerah gunung plis jangan kangen","1905877881365872697","","sunshinenoow","in","","0","1","0","https://x.com/undefined/status/1905877881365872697","1650827892174233601",
"1905234818192785488","Sat Mar 29 07:00:30 +0000 2025","0","@indiratendi ih kakk papahku pernah beli tanah 6 hektar setengah gunung kecil di Kalimantan pas masuk kedalamnya banyak beruangnya jugaaa trus ada babi hutan yang se gede sapi","1905877711433646490","","indiratendi","in","","1","0","0","https://x.com/undefined/status/1905877711433646490","1453192962922270722",
"1905611421804622313","Sat Mar 29 06:59:53 +0000 2025","0","@kiddosites tadinya mau ke gunung kawi wkwk ga jadi","1905877554155672047","","kiddosites","in","","0","1","0","https://x.com/undefined/status/1905877554155672047","931370853165547520",
"1905875114790436920","Sat Mar 29 06:58:56 +0000 2025","0","@tanyarlfes Aku pernah kyk gt tapi posisinya lg di gunung berdenging telingaku pas otw turun dan alhasil budeg seminggu. Tapi pas 3 hari blm sembuh ni kuping aku ke dokter umum nder","1905877318939426919","","tanyarlfes","in","","0","0","0","https://x.com/undefined/status/1905877318939426919","1582895378403237888",
"1905851524271464937","Sat Mar 29 06:58:38 +0000 2025","0","@tgbomb1996 @Manisenyahidup @PNS_Garis_Lucu Bapenda jg klo yg PAD nya gde bg klo pemda dibalik2 gunung sama aja melaratnya mau ditmpat apapun ","1905877240728199617","","tgbomb1996","in","","0","0","0","https://x.com/undefined/status/1905877240728199617","1391307194176446466",
"1905870588004147707","Sat Mar 29 06:58:12 +0000 2025","0","@smwokee sebenarnya bisa dimaklumi juga sih dengan keadaan yang ada tapi beneran nggak nyangka ternyata caranya gitu ya mereka buang kotorannya tapi kebijakan yang baru juga bagus banget tuh biar tidak mencemari lingkungan di gunung everest","1905877133756604550","","smwokee","in","","0","0","0","https://x.com/undefined/status/1905877133756604550","1339134342543511552",
"1905876757749940378","Sat Mar 29 06:56:43 +0000 2025","0","Tiba-tiba BM tektok naik gunung deh ️","1905876757749940378","","","in","","0","0","0","https://x.com/undefined/status/1905876757749940378","353976962",
"1905876154017542160","Sat Mar 29 06:54:19 +0000 2025","3","Penampakan Gunung Penggangungan bersebelahan dengan desa wonosalam view dari desa Ngogri Jombang https://t.co/AIFKwOncy9","1905876154017542160","https://pbs.twimg.com/media/GnMIQIgbQAAANre.jpg","","in","","0","1","0","https://x.com/undefined/status/1905876154017542160","84587358",
"1905875885816996056","Sat Mar 29 06:53:15 +0000 2025","0","Hari ini view gunung Slamet terlihat cangtip syekali ","1905875885816996056","","","in","","0","0","0","https://x.com/undefined/status/1905875885816996056","1345508483156770822",
"1905875367212290178","Sat Mar 29 06:51:11 +0000 2025","1","Aku tengah tengok peta tapi masih tak faham pasal gempa bumi di tengah Myanmar ni macam mana boleh sampai ke Bangkok sebab macam jauh. China dan India dilindungi gunung atau macam mana sebab tak nampak orang laporkan kedua negara ni? https://t.co/PfXrfQab3I","1905875367212290178","https://pbs.twimg.com/media/GnMHitdbcAEn3p5.jpg","","in","","0","0","0","https://x.com/undefined/status/1905875367212290178","1411979300400627713",
"1905859224485196012","Sat Mar 29 05:47:02 +0000 2025","0","Buka pintu langsung gunung tu aaaahh mantaps my life my adventure","1905859224485196012","","","in","","0","0","0","https://x.com/undefined/status/1905859224485196012","1649602349386825729",
"1905858774474109296","Sat Mar 29 05:45:15 +0000 2025","0","gugur gunung&gt;&gt;&gt;&gt;&gt;","1905858774474109296","","","in","","0","0","0","https://x.com/undefined/status/1905858774474109296","1543942457863258112",
"1905858505518821834","Sat Mar 29 05:44:11 +0000 2025","5","tbtb gunung https://t.co/eIXTprFEgD","1905858505518821834","https://pbs.twimg.com/media/GnL4J8cbUAAHRhU.jpg","","in","","0","2","0","https://x.com/undefined/status/1905858505518821834","1729719538751840256",
"1905853020321018143","Sat Mar 29 05:42:21 +0000 2025","0","@rahadianarief @idextratime Ya udah ajak naek gunung bareng km aja gan .","1905858042081792318","","rahadianarief","in","","0","0","0","https://x.com/undefined/status/1905858042081792318","1441315770084966408",
"1905814989119607073","Sat Mar 29 05:41:57 +0000 2025","0","@zaahraSRH cakeppppppp gunung apa itu kak?","1905857943565922395","","zaahraSRH","in","","0","1","0","https://x.com/undefined/status/1905857943565922395","1747591801169645568",
"1905818047124041800","Sat Mar 29 05:41:23 +0000 2025","1","@Vinny_NaiaMom Lebih dari beton ga sih temboknya ayu ini... Dia padahal Uda di kasi omongan dri ortunya sendiri loh.. skr Gea sampe turun gunung hmmm","1905857801890521384","","Vinny_NaiaMom","in","","0","0","0","https://x.com/undefined/status/1905857801890521384","3313595754",
"1905682436325081536","Sat Mar 29 05:40:26 +0000 2025","857","@audhinafh bang jangankan itu erupsi gunung di lewotobi aja ada yang tau dari portal berita china. setelahnya baru portal berita nasional liput","1905857559707402422","","audhinafh","in","","2","6","92","https://x.com/undefined/status/1905857559707402422","1160155602242269188",
"1904673770448560259","Sat Mar 29 05:39:42 +0000 2025","0","@Dee_Rose82 Tah etaaaa!!! Sakali kali ajakan bulena ka gunung Galunggung jadikeun wadal...","1905857375149383809","","Dee_Rose82","in","","0","0","0","https://x.com/undefined/status/1905857375149383809","257903154",
"1905856394395549901","Sat Mar 29 05:35:48 +0000 2025","0","Techdoo Sepatu Gunung Pria Sepatu Outdoor Anti Air Hiking Casual RAMADHAN SALE MH203 Harga Produk: Rp399.000 Harga Diskon: Rp170.157 https://t.co/Oh2ESd4DkI https://t.co/P80a2sa30o","1905856394395549901","https://pbs.twimg.com/media/GnL2SbPbYAELa5r.jpg","","in","","0","0","0","https://x.com/undefined/status/1905856394395549901","2434592844",
"1905855880228216997","Sat Mar 29 05:33:45 +0000 2025","1","Gunung Semeru yang berada di perbatasan Kabupaten Lumajang dan Malang Jawa Timur erupsi sebanyak empat kali dengan tinggi kolom letusan 500 meter hingga 800 meter di atas puncak pada Sabtu (29/3/2025) pagi. https://t.co/OM1MiSzfWu","1905855880228216997","","","in","","0","1","0","https://x.com/undefined/status/1905855880228216997","68930552",
"1905800249605833088","Sat Mar 29 05:31:37 +0000 2025","0","@Gunung_Agoeng @SianiparRismon Terpengaruh bapaknya Prabowo hehe","1905855342359261662","","Gunung_Agoeng","in","","0","0","0","https://x.com/undefined/status/1905855342359261662","1415560141097689088",
"1905854925558652998","Sat Mar 29 05:29:57 +0000 2025","6","Alhamdulilah dan terima kasih untuk 3.211.126 penonton PETAKA GUNUNG GEDE yang sudah menemani perjalanan Geng Pendaki hingga minggu ke-8 penayangannya PETAKA GUNUNG GEDE siap meramaikan libur panjangmu! #PetakaGunungGede #FilmPetakaGunungGede https://t.co/BYN81m4R1S","1905854925558652998","https://pbs.twimg.com/media/GnL09HsbsAARUrZ.jpg","","in","","0","2","3","https://x.com/undefined/status/1905854925558652998","71190489",
"1905854532992561419","Sat Mar 29 05:28:24 +0000 2025","0","Ini mudik liat pemandangan gunung sawah trs denger lagu one ok rock tiny pieces berasa lagi patah hati bgt anjim","1905854532992561419","","","in","","0","0","0","https://x.com/undefined/status/1905854532992561419","2921810899",
"1905854339132117090","Sat Mar 29 05:27:38 +0000 2025","14","Tiap hari lihatin pemandangan gunung arjuno dan citylight Batu. Minesnya kehalang kabel aja #gaybatu #GayMalang https://t.co/wc4darbByH","1905854339132117090","https://pbs.twimg.com/media/GnL0auGacAAASq4.jpg","","in","","0","3","0","https://x.com/undefined/status/1905854339132117090","1791457293172871169",
"1905854042699665505","Sat Mar 29 05:26:27 +0000 2025","1","Kayanya gunung ungaran bener2 fav sih. Karena tanjak minimal view maksimal dannnn banyak rutenya jadi seru banget buat looping","1905854042699665505","","","in","","0","2","0","https://x.com/undefined/status/1905854042699665505","1336349765345275905",
"1905854011548344671","Sat Mar 29 05:26:20 +0000 2025","1","langitnya lagi bersih banget ampe keliatan gunung","1905854011548344671","","","in","","0","2","1","https://x.com/undefined/status/1905854011548344671","1505807689477107712",
"1905853249779118203","Sat Mar 29 05:23:18 +0000 2025","0","Same energy kayak waktu minta 02 voters lebih vokal buat kawal kebijakan pas RUUTNI pada anteng giliran trend pretty girl naik ikutan adu cantik cumlaude bergelimang harta mendaki gunung melewati lembah menyebrangi lautan ","1905853249779118203","","","in","","0","1","0","https://x.com/undefined/status/1905853249779118203","299509950",
"1905852489070719395","Sat Mar 29 05:23:11 +0000 2025","0","@radhiyaput sumpah dari sini juga keliatan gunung","1905853219806294057","","kaylmdown","in","","0","1","0","https://x.com/undefined/status/1905853219806294057","1260515022146400257",
"1905767976286253230","Sat Mar 29 05:20:41 +0000 2025","0","@pndaacreamyy emng gunung kidul","1905852592670007731","","pndaacreamyy","in","","0","0","0","https://x.com/undefined/status/1905852592670007731","1710849995610746880",
"1905826141317013972","Sat Mar 29 05:17:48 +0000 2025","0","@dian_arifiya Bagus banget ini gunung nya","1905851867495903365","","dian_arifiya","in","","0","0","0","https://x.com/undefined/status/1905851867495903365","1751187588638281728",
"1905850027710484910","Sat Mar 29 05:10:30 +0000 2025","0","Gunung.","1905850027710484910","","","in","","0","0","0","https://x.com/undefined/status/1905850027710484910","2400559946",
"1905848676490072482","Sat Mar 29 05:09:15 +0000 2025","12","@babufess Salah puncak nder di map yg dalem gunung ril puncak gunung everest wkwkwk kalo mau manjat manual bisa tp mending naik naga https://t.co/rTy3k0KhVt","1905849714739945812","https://pbs.twimg.com/media/GnLwNzIa0AARLzC.jpg","babufess","in","","0","0","0","https://x.com/undefined/status/1905849714739945812","1796841024817668096",
"1905849477509874037","Sat Mar 29 05:08:19 +0000 2025","4","Ya Allah gua bisa tau lari ke gunung skarang terus tereak cape TO cape belajar tapi gaada kenaikan ya Allah ya Allah astagfirullah lailahaillah subhanallah walhamdulillah walailahaillah wallahuakbar harus bagaimana lagi ini ya Allah astagfirullah 100x ","1905849477509874037","","","in","","0","1","0","https://x.com/undefined/status/1905849477509874037","1760562823841918976",
"1905849469079593309","Sat Mar 29 05:08:17 +0000 2025","0","gunung","1905849469079593309","","","in","","0","0","0","https://x.com/undefined/status/1905849469079593309","1497743801125056512",
"1905849271229751449","Sat Mar 29 05:07:29 +0000 2025","3","MasyaAllah hari ini sepanjang perjalanan dari timur ke utara deretan gunung tampak cerah semua. ️ Gunung Lawu Gunung Merapi Gunung Merbabu Pegunungan Andong Pegunungan Telomoyo Gunung Ungaran Pegunungan Kapur Utara dan Gunung Muria.","1905849271229751449","","","in","","0","0","0","https://x.com/undefined/status/1905849271229751449","3084133844",
"1905845127144206606","Sat Mar 29 05:06:19 +0000 2025","0","@leekgarlic itu gunung apaa","1905848977263915402","","leekgarlic","in","","0","1","0","https://x.com/undefined/status/1905848977263915402","1805104709616943104",
"1905767976286253230","Sat Mar 29 05:04:23 +0000 2025","0","@bijeenn kek di daerah gunung kidul","1905848489218654521","","bijeenn","in","","0","1","0","https://x.com/undefined/status/1905848489218654521","1886432424084865024",
"1905847908362338686","Sat Mar 29 05:02:04 +0000 2025","0","Kata sepupu gua: aku ngefans sama gunung slamet https://t.co/sKpZz45o6G","1905847908362338686","https://pbs.twimg.com/media/GnLuALCaYAA5LAt.jpg","","in","","0","1","0","https://x.com/undefined/status/1905847908362338686","1418947404",
"1905843646022226137","Sat Mar 29 05:00:47 +0000 2025","0","@tanyarlfes Xl nder tapi kalo di gunung sinyal nya gak bagus https://t.co/0riZzoxTTU","1905847584679424319","","tanyarlfes","in","","0","1","0","https://x.com/undefined/status/1905847584679424319","2363731092",
"1905847018410360958","Sat Mar 29 04:58:32 +0000 2025","0","Asik bgt ngeliat orang2 udah pada melihat pemandangan sawah dan gunung. Pengen tapi males dengan perjalanannya yg bikin muwak","1905847018410360958","","","in","","0","0","0","https://x.com/undefined/status/1905847018410360958","73653660",
"1905728996824039907","Sat Mar 29 04:55:13 +0000 2025","0","@leporicdae @DambaanA Jadi maksudmu sesaat lagi dalam waktu dekat bakal ada kejadian seperti meletusnya Gunung Krakatau dimasa lampau?","1905846183882268978","","leporicdae","in","","0","1","1","https://x.com/undefined/status/1905846183882268978","951708259550871552",
"1905846101175148745","Sat Mar 29 04:54:54 +0000 2025","4","Kuar gunung dpt news 7.7 scale ritcher gempa bumi kt Myammar. Dah dekat 700 meninggal dunia.","1905846101175148745","","","in","","0","0","0","https://x.com/undefined/status/1905846101175148745","999684101605998594",
"1905826141317013972","Sat Mar 29 04:54:25 +0000 2025","0","@dian_arifiya Gunung teide adalah titik tertinggi di Spanyol","1905845981893312820","","dian_arifiya","in","","0","0","0","https://x.com/undefined/status/1905845981893312820","1640232027260854273",
"1905845865350132179","Sat Mar 29 04:53:57 +0000 2025","0","Dalam menciptakan Situasi Kamtibmas yang Aman dan Kondusif selama bulan suci ramadhan 1446 H melaksanakan Patroli KRYD cegah 3C dan antisipasi Arus Mudik di Jalinsum Kel.Seputih Jaya dan sekitarnya Kec. Gunung Sugih Lamteng Sabtu (29/03/25) #krydcegah3c #patroli #arusmudik2025 https://t.co/9Wg8VemgYw","1905845865350132179","https://pbs.twimg.com/media/GnLssIja8AAzEFx.png","","in","","0","0","0","https://x.com/undefined/status/1905845865350132179","1269125579841798146",
"1905845859163779302","Sat Mar 29 04:53:56 +0000 2025","2","Mudik Naik gunung https://t.co/6qRblWUn1p","1905845859163779302","https://pbs.twimg.com/amplify_video_thumb/1905845790897242112/img/QOyFNzVj0k9Kel8e.jpg","","in","","0","0","0","https://x.com/undefined/status/1905845859163779302","1308245962305855488",
"1905845234145075346","Sat Mar 29 04:51:27 +0000 2025","8","Wkwkwk sudah hafal kok sama tabiat Ayu yg ini. Semua masukan dari berbagai pov temen ortu bahkan sampe gea geol turun gunung tuh ya emang proses yg harus Ayu terima buat makin plong balik ke Abi. Aaakhh deg-deg'an banget sama tindakan Ayu selanjutnya ","1905845234145075346","","","in","","0","0","1","https://x.com/undefined/status/1905845234145075346","1373193829965209601",
"1905844719621378286","Sat Mar 29 04:49:24 +0000 2025","1","Outfit naik gunung habis lebaran udah aman? Habis lebaran naik gunung kemana lagi ya enak nya","1905844719621378286","","","in","","0","1","0","https://x.com/undefined/status/1905844719621378286","1129755876930215936",
"1905844157085585616","Sat Mar 29 04:47:10 +0000 2025","0","Bro pikir satu akun cuma bisa dihandle satu orang. Kayak baru turun gunung atau emang logicnya gak jalan karna ga disekolahin orgtuanya‍️ Anyway FOKUS RUU TNI DAN KEKERASAN SIPIL OLEH APARAT!!!!!!!!!! #TolakRUUTNI #TolakRevisiUUTNI #TolakDwifungsiABRI #TolakRUUPolri","1905844157085585616","","","in","","0","0","0","https://x.com/undefined/status/1905844157085585616","1283265743866347520",
"1905837747706990906","Sat Mar 29 04:46:40 +0000 2025","0","@acarialdii naik turun bnget kyk gunung lembah","1905844031306760486","","gabriaurorarld","in","","0","0","0","https://x.com/undefined/status/1905844031306760486","1422109224188841986",
"1905843874129469540","Sat Mar 29 04:46:03 +0000 2025","0"," Promo Ramadan! Ada diskon 68% jadi Rp73.280 nih. Cek di Tokopedia sebelum diskonnya kehabisan! https://t.co/zFmF4hl8OE https://t.co/g1Iq5bBLZL","1905843874129469540","https://pbs.twimg.com/media/GnLq5vLbsAA4ZDd.jpg","","in","","0","0","0","https://x.com/undefined/status/1905843874129469540","887306499915096066",
"1905843529940598894","Sat Mar 29 04:44:41 +0000 2025","1","Penampakan gunung wilis dari desa morang-madiun https://t.co/5yKDt90W7p","1905843529940598894","https://pbs.twimg.com/media/GnLqlJZbEAE7irL.jpg","","in","","0","0","0","https://x.com/undefined/status/1905843529940598894","465183894",
"1905768738819039294","Sat Mar 29 04:44:39 +0000 2025","0","@an0yyy Gunung kelud kediri","1905843521594261766","","no0wra","in","","0","0","0","https://x.com/undefined/status/1905843521594261766","1219078084143403008",
"1905768738819039294","Sat Mar 29 04:44:01 +0000 2025","0","@Baguswidi27 atas gunung mana ini","1905843362902466611","","Baguswidi27","in","","0","1","0","https://x.com/undefined/status/1905843362902466611","1505971904405860352",
"1905842832411410471","Sat Mar 29 04:41:54 +0000 2025","0","Bru selesai nton back from the brink rasanya mau cari drama neo yg lain lagi.. di fof dia kocak bat tp di sini dia bnrn jd gunung es..","1905842832411410471","","","in","","0","0","0","https://x.com/undefined/status/1905842832411410471","1864897006684270592",
"1905814839311708509","Sat Mar 29 04:40:51 +0000 2025","0","@numarillisia diem g tapi dulu pas aku kecil kalo lebaran pagi2 nongkrong depan rumah eyang sambil liat gunung enihhh","1905842567293390996","","numarillisia","in","","0","1","0","https://x.com/undefined/status/1905842567293390996","78264536",
"1905842352968826928","Sat Mar 29 04:40:41 +0000 2025","0","ampe gunung keliatan","1905842524515684606","","yeripersik","in","","0","0","0","https://x.com/undefined/status/1905842524515684606","1542451559002279937",
"1905842409885585592","Sat Mar 29 04:40:14 +0000 2025","0","cerah bgt hari ini smp keliatan Gunung Gede️","1905842409885585592","","","in","","0","0","0","https://x.com/undefined/status/1905842409885585592","358618042",
"1905513303138542063","Sat Mar 29 04:38:19 +0000 2025","0","@kali_gunung @shib_dreamer @cholilnafis Google aja susah amat banyak kok artikel mengenai dia pengkhianat tp sebenarnya bukan pengkhianat juga sih dia kan bukan pribumi Indonesia memang dibawa Belanda untuk melawan perjuangan pake agama. Adu domba spy bisa tetap dijajah. Sama spt Inggris pakai org India / Ghurka","1905841928706330877","","autophile_lux","in","","0","1","0","https://x.com/undefined/status/1905841928706330877","881558572429000704",
"1902366846487293979","Sat Mar 29 04:38:11 +0000 2025","0","@Anoedya ️️ ️ ️️ ️️ Satu langkah lebih dekat menjadi anak gunung hahahahaha. ️️ ️ ️️ ️️","1905841897353998378","","Anoedya","in","","0","1","0","https://x.com/undefined/status/1905841897353998378","3326892692",
"1905841505249460529","Sat Mar 29 04:36:38 +0000 2025","3","Gunung Semeru Erupsi dengan Tinggi Kolom Letusan Mencapai 800 Meter Sabtu Pagi https://t.co/hcRLtf1vRw","1905841505249460529","","","in","","0","1","0","https://x.com/undefined/status/1905841505249460529","848614550",
"1905827637718831610","Sat Mar 29 04:35:52 +0000 2025","0","@Pelaripalsu gunung nya dingin banget kayanya","1905841314245312829","","Pelaripalsu","in","","0","0","0","https://x.com/undefined/status/1905841314245312829","1110168280449208320",
"1905840413086191989","Sat Mar 29 04:32:17 +0000 2025","1","Kalau lagi cerah Gunung Lawu kayak cuma beberapa puluh meter di belakang rumah. #lawu #Mudik2025 https://t.co/q8wP92wrn1","1905840413086191989","https://pbs.twimg.com/media/GnLntN8bMAADDUe.jpg","","in","","0","0","0","https://x.com/undefined/status/1905840413086191989","1148089431032651776",
"1905835680976224454","Sat Mar 29 04:31:14 +0000 2025","0","@stupidwuzwuz gunung apa bjir","1905840147826188494","","stupidwuzwuz","in","","0","1","0","https://x.com/undefined/status/1905840147826188494","1798949021605621760",
"1905835075188445451","Sat Mar 29 04:30:51 +0000 2025","0","@sate_udang Terlalu excited ngeliat gunung ","1905840050715099474","","sate_udang","in","","0","0","0","https://x.com/undefined/status/1905840050715099474","1479786527110488065",
"1905739589459030076","Sat Mar 29 04:30:31 +0000 2025","0","@belijajan_ Masih dipikirkan ada planning mau beli jaket gunung sama ultralight nya","1905839967760248960","","missasbun","in","","0","0","0","https://x.com/undefined/status/1905839967760248960","1480012764412137472",
"1905823131857785228","Sat Mar 29 04:29:56 +0000 2025","0","@cursedmattw klo mau mandi lewati gunung daki lembah?","1905839820779528545","","cursedmattw","in","","0","0","0","https://x.com/undefined/status/1905839820779528545","1888866837695451136",
"1905609705432498534","Sat Mar 29 04:29:54 +0000 2025","0","@faultysunflower susu murni cap gunung kembar","1905839813237891345","","faultysunflower","in","","0","0","0","https://x.com/undefined/status/1905839813237891345","1889362016483373056",
"1905813536405963117","Sat Mar 29 04:29:35 +0000 2025","18","@cniesther Gue jugaa yakin si aagz bakal kena juga mau gimanapun pastii Harry protect dia juga pasti kenaa. Karna kita tau suruhan mohan tuh suka tiba tibaa. Soal yudet terus gema tentang kaya gunung meletus aku yakin bukan soal omongan aja tapi bakal ada yang terjadii","1905839731545366827","","cniesther","in","","0","0","0","https://x.com/undefined/status/1905839731545366827","1754717426774851584",
"1905839580756193643","Sat Mar 29 04:28:59 +0000 2025","0","Malah diarahkan ng njronjongan gunung lio wkwkwkwkwkwk bahaya masmin kewat kunu opomeneh sg kulino ne muk nyetir ng dalan datar","1905839580756193643","","","in","","0","0","0","https://x.com/undefined/status/1905839580756193643","479381396",
"1905839449105469648","Sat Mar 29 04:28:28 +0000 2025","0","Iyadeh shappp si paling korban shappp aduh rispek banget dahh pokoknya mah... Pokoknya mah ini salah member semuanya tehh besok kalo ada badai besar gunung meledak juga salah member okedehh shapp https://t.co/LnPeI2QcTH","1905839449105469648","https://pbs.twimg.com/media/GnLm4FEbsAATXdL.jpg","","in","","0","0","0","https://x.com/undefined/status/1905839449105469648","1342053729445416961",
"1905839198789063078","Sat Mar 29 04:27:28 +0000 2025","2","muhammad ibnu aja turun gunung anjir berarti emg se chaos itu negara kita enihhh #CabutUUTNI #TolakRUUPolri","1905839198789063078","","","in","","0","0","0","https://x.com/undefined/status/1905839198789063078","614118131",
"1905839006681637082","Sat Mar 29 04:26:42 +0000 2025","0","syahdu bgttt cuaca surabaya today. sejuk + dingin + view gunung arjuna *tp sayangnya ga ngefoto ㅠㅠ cukup dinikmati lewat lensa mata saja sambil motoran xixixi","1905839006681637082","","","in","","0","0","0","https://x.com/undefined/status/1905839006681637082","701644804778754049",
"1905838332539736078","Sat Mar 29 04:24:01 +0000 2025","0","Giat Pemantapan Program Perkarangan Pangan Bergizi Program Pemantapan Lahan Produktif dan Program Pengawasan Distribusi di Kp. Fajar Bulan Kecamatan Gunung Sugih Kab.Lampung Tengah Petugas (Bhabinkamtibmas Aiptu Sudirsan. Sabtu (29/3/2025) #swasembadapangan #ketahananpangan https://t.co/V537WhZUlL","1905838332539736078","https://pbs.twimg.com/media/GnLl3FlbMAAfUAP.jpg","","in","","0","0","0","https://x.com/undefined/status/1905838332539736078","1269125579841798146",
"1905837747329474799","Sat Mar 29 04:21:42 +0000 2025","0","saking bersihnya udara jkt gunung yg biasa keliat dari dpk skrg udh keliat bersih dan jelas dri jkt","1905837747329474799","","","in","","0","0","0","https://x.com/undefined/status/1905837747329474799","1457181632792723463",
"1905837337617047637","Sat Mar 29 04:20:04 +0000 2025","0","Gunung Muria cakep bgt cuy","1905837337617047637","","","in","","0","0","0","https://x.com/undefined/status/1905837337617047637","1461896503706849284",
"1905518526225395911","Sat Mar 29 04:19:45 +0000 2025","0","@vvotanet 1. Beku 2. Di tempat asalnya ada gunung yg sangat terkenal di pulau Sumatera 3. Di tempat asalnya ada hewan yg sangat ikonik 4. Seorang diva","1905837257333878998","","vvotanet","in","","0","0","0","https://x.com/undefined/status/1905837257333878998","713354226424872961",
"1905836816583766204","Sat Mar 29 04:18:00 +0000 2025","1","tumben bgt gunung bogor keliatan jelas dari rumah wkwkw yg bikin polusi pada ke kampung ","1905836816583766204","","","in","","0","0","0","https://x.com/undefined/status/1905836816583766204","1722142838086082560",
"1905806614332072083","Sat Mar 29 04:17:34 +0000 2025","0","@notsam0000 Gunung ciremai bukan si ?","1905836709369057582","","notsam0000","in","","0","1","0","https://x.com/undefined/status/1905836709369057582","1186346362574524416",
"1905836129510670637","Sat Mar 29 04:15:16 +0000 2025","0","Harus diusut... siapa yg memberi ijin? Tidak mungkin langsung bangunan besar mbangun tanpa ijin... @KangDediMulyadi Buka Lahan Kebun Teh di Kaki Gunung Tangkuban Parahu Proyek Eiger Camp Disegel Satpol PP https://t.co/kd0cKdVFLj","1905836129510670637","","","in","","0","0","0","https://x.com/undefined/status/1905836129510670637","1486631613932834819",
"1905800802452836798","Sat Mar 29 04:14:10 +0000 2025","0","@setaminak Gunung dalem kaos lebih gede bebih","1905835853806555509","","setaminak","in","","0","1","0","https://x.com/undefined/status/1905835853806555509","306581694",
"1905835360099185084","Sat Mar 29 04:12:13 +0000 2025","1","Kapan lagi ya kan... keliatan gunung https://t.co/SVeYiuP6wt","1905835360099185084","https://pbs.twimg.com/media/GnLjKMlaAAAHf3e.jpg","","in","","0","0","0","https://x.com/undefined/status/1905835360099185084","1651844725",
"1905835075188445451","Sat Mar 29 04:11:05 +0000 2025","12","Baru kali ini ngeliat gunung jelas banget dari mrt https://t.co/Sm4Nfe5cRu","1905835075188445451","https://pbs.twimg.com/media/GnLi40facAEvCBw.jpg","","in","","0","2","0","https://x.com/undefined/status/1905835075188445451","1479786527110488065",
"1905834788096790774","Sat Mar 29 04:09:56 +0000 2025","0","Jaga keamanan dan ketertiban masyarakat (kamtibmas) tetap kondusif jelang buka puasa Satuan Samapta Polres Halut melaksanakan patroli dialogis dan bagikan masker kepada masyarakat akibat dari abu vulkanik gunung dukono. #polriuntukmasyarakat https://t.co/McmQKrVbW0","1905834788096790774","https://pbs.twimg.com/media/GnLio5PbIAE4Shp.jpg","","in","","0","0","0","https://x.com/undefined/status/1905834788096790774","976793033197760513",
"1905834361594712159","Sat Mar 29 04:08:15 +0000 2025","0","Gunung Semeru Erupsi Lagi! Tinggi Kolom Letusan Mencapai 800 Meter Masyarakat perlu mewaspadai potensi awan panas guguran lava dan lahar hujan di sepanjang aliran sungai/lembah yang berhulu di puncak Gunung Semeru https://t.co/7TBaEIUCmy https://t.co/sZ4OYe1Ky8","1905834361594712159","https://pbs.twimg.com/media/GnLiQIQWgAAiY2m.jpg","","in","","0","0","0","https://x.com/undefined/status/1905834361594712159","155169715",
"1905476345154732539","Sat Mar 29 04:07:27 +0000 2025","7","@terareka @siomeee999 @kohlhaaz @istiananurf @ahnbaes @matshalatte__ @an3faedah_acc @chenecstasy Sampai di puncak gunung taunya suami udah nyiapin alat2 camping dan BBQ. Maklum deh suaminya hobi camping https://t.co/OxrAhecZzI","1905834163510608185","https://pbs.twimg.com/media/GnLiEPYaAAAbVtF.jpg","terareka","in","","0","1","0","https://x.com/undefined/status/1905834163510608185","50640519",
"1904897973005479938","Sat Mar 29 04:07:20 +0000 2025","0","@Sunghobon HAHAHAHA ASBUN AJA. tapi kalau di ajak naik gunung aku mau. ","1905834131176792195","","","in","","0","0","0","https://x.com/undefined/status/1905834131176792195","909583103999410176",
"1905832073237061950","Sat Mar 29 04:06:34 +0000 2025","0","@debychristi Kak??? Literally gw di jalan liat gunung keliatan jelas bgt yang arah deket rumahku omggg idk gunung apa but it was visible and beautiful https://t.co/EGQdRhYPa6","1905833940834816216","https://pbs.twimg.com/media/GnLh3S0bgAAbgYb.jpg","debychristi","in","","0","1","0","https://x.com/undefined/status/1905833940834816216","2235553700",
"1905529135205941467","Sat Mar 29 04:06:31 +0000 2025","71","@amdhikaa @risollrebus @nampaknyabegitu Ga mungkin katanya... ini media yg memberitakan demo yg segini rusuhnya cuma seupil apa kamu tahu barusan ada gunung meletus di Flores hampir ga ada berita banjir bandang di mana2 ga ada berita","1905833927182553365","","amdhikaa","in","","0","2","6","https://x.com/undefined/status/1905833927182553365","1384707981116252162",
"1905833795929903280","Sat Mar 29 04:06:00 +0000 2025","0","anak sekecil ini bertahan di gunung everest dengan DARAH YG SEKARAT https://t.co/YHQgrpKBGs","1905833795929903280","https://pbs.twimg.com/ext_tw_video_thumb/1905833766024863745/pu/img/geXWroH_7wbGe7ZY.jpg","","in","","0","0","0","https://x.com/undefined/status/1905833795929903280","1524413730657689600",
"1905791483061711212","Sat Mar 29 04:04:28 +0000 2025","0","@diaryhijrah08 bertobatlah meskipun kamu merasa dosa mu sudah setinggi gunung dan sedalam lautan","1905833411513901425","","DiaraFathiya","in","","0","0","0","https://x.com/undefined/status/1905833411513901425","1751187588638281728",
"1905827541170135333","Sat Mar 29 03:41:09 +0000 2025","5","Selamat pagi dari Gunung Merapi ️ https://t.co/w1Y7VpKJgN","1905827541170135333","https://pbs.twimg.com/media/GnLcB4MaQAECZy5.jpg","","in","","0","1","0","https://x.com/undefined/status/1905827541170135333","1884439661579493377",
"1905827458387210434","Sat Mar 29 03:40:49 +0000 2025","4","Cerah banget sampe gunung slametnya keliatan jelas https://t.co/VsccG1YJzZ","1905827458387210434","https://pbs.twimg.com/media/GnLb0XXboAA0HeL.jpg","","in","","0","5","0","https://x.com/undefined/status/1905827458387210434","1438490394166104068",
"1905788477435936857","Sat Mar 29 03:40:48 +0000 2025","1","@hujankicik omg ada gunung fuji","1905827456419828163","","hujankicik","in","","0","0","0","https://x.com/undefined/status/1905827456419828163","1540536422947467264",
"1905648032307192073","Sat Mar 29 03:38:46 +0000 2025","0","@roojalii @AMAZlNGNATURE Kayaknya beneran video TikTok ini nunjukin seseorang lari dari SUV biru sambil pegang sapu mungkin gara-gara ketemu singa gunung di Colorado. Viral banget 1 3 juta likes tapi ada yang ragu soalnya aneh banget pake sapu buat ngadepin singa. Bukti sih condong ke asli tapi https://t.co/n6qtgTYw1D","1905826944463114615","https://pbs.twimg.com/media/Gmq54W5a0AAZoCX.jpg","roojalii","in","","0","0","0","https://x.com/undefined/status/1905826944463114615","1720665183188922368",
"1905826248141750321","Sat Mar 29 03:37:26 +0000 2025","1","O2. Pengen menyusuri hutan dan gunung @bmelle @ueesol @cboemgiu","1905826606847029495","","Myungijae","in","","0","1","0","https://x.com/undefined/status/1905826606847029495","475776531",
"1905826160187154824","Sat Mar 29 03:35:39 +0000 2025","28","Pada tahun 1936 cermin kosong berukuran 200 inci yang pada akhirnya akan digunakan untuk Teleskop Hale di Observatorium Gunung Palomar diangkut melalui Indianapolis. Cermin kosong monumental ini bagian penting dari salah satu teleskop terbesar pada masanya ditonton oleh https://t.co/cnoNcbxaTl","1905826160187154824","https://pbs.twimg.com/media/GnLayf0bUAA3lNf.jpg","","in","","0","36","0","https://x.com/undefined/status/1905826160187154824","232012119",
"1905824534059417658","Sat Mar 29 03:29:12 +0000 2025","0","LAPAS NARKOTIKA KELAS IIA GUNUNG SINDUR MENGUCAPΚΑΝ SELAMAT MEMPERINGATI HARI RAYA NYEPI TAHUN BARU SAKA 1947 SUGENG HARDONO Kepala Lapas Narkotika Kelas IIA Gunung Sindur #kemenimipas #guardandguide #infoimipas #KanwilDitjenpasJabar #LapasNarkotikaGunungSindur https://t.co/Svy4cffSnF","1905824534059417658","https://pbs.twimg.com/media/GnLZTzcbcAAIPyf.jpg","","in","","0","0","0","https://x.com/undefined/status/1905824534059417658","4825173187",
"1905824428493357252","Sat Mar 29 03:28:46 +0000 2025","0","Malaysia adalah sebuah negara yang sangat beruntung kerana tiada gunung berapi tiada gempa bumi sumber air yang banyak hutan yang luas hujan yang sederhana suhu yang selesa serta bebas daripada ribut taufan. Selain itu negara kita juga tidak mengalami peperangan dan","1905824428493357252","","","in","","0","1","0","https://x.com/undefined/status/1905824428493357252","1366550779",
"1905823554773623046","Sat Mar 29 03:28:22 +0000 2025","3","@debbieflavi @agama_nusantara @bnsphrxyzzz @sakkusaitna @Valhallaah @mistroad_1 @Matahari_tmr @Kappa_2023 @PaijoKhentirr @HBRPsweet @maukarjl @GlennHarold1 @porkandlar26037 @dawiguna @endoe21 @FaktaBerita89 Tangsel yg menjadi juara kualitas udara terburuk pagi ini cerah seiring berkurangnya penduduk. Gunung di ujung pandangan matapun terlihat jelas.","1905824324587798930","","debbieflavi","in","","0","1","0","https://x.com/undefined/status/1905824324587798930","1335889446",
"1905781996569362714","Sat Mar 29 03:23:48 +0000 2025","0","@cindayp06 @tanyarlfes Yg nanya ke Allah itu bukannya gunung kidul ya? Katanya ini kampung baru maluku? (Di tiktok tulisannya kampung baru mbak ku bilangnya di daerah maluku)","1905823175801508214","","TeksZodiak","in","","0","0","0","https://x.com/undefined/status/1905823175801508214","1343404153104568323",
"1905822853150179661","Sat Mar 29 03:22:31 +0000 2025","20","Ini kalo aku tiba-tiba update Sponsor pas masih siang tolong dimaklumin soalnya habis ini aku mudik ke atas gunung dan ga bakal ada sinyal Eh apa nabung update sampe minggu depan aja ya? ","1905822853150179661","","","in","","0","9","0","https://x.com/undefined/status/1905822853150179661","1824792082634211329",
"1905822732073267584","Sat Mar 29 03:22:02 +0000 2025","1","Kalo pulkam ke rumah ibu pas di jalan ini selalu pelan-pelan sambil nikmati kemolekan gunung Tanggamus. No filter. https://t.co/DWLy0Ofhab","1905822732073267584","https://pbs.twimg.com/media/GnLXLDVbEAAzExd.jpg","","in","","0","0","0","https://x.com/undefined/status/1905822732073267584","522971599",
"1905822642881675423","Sat Mar 29 03:21:48 +0000 2025","0","Berikut Data Lokasi Shalat Idul Fitri PDM Gunung Kidul #Muhammadiyah #tvmuyogyakrta #tvmujogja #tvmuhammadiyah https://t.co/c0H2lHU1al","1905822671704670707","https://pbs.twimg.com/media/GnLXnAmboAAuj4g.jpg","tvmujogja_","in","","0","0","0","https://x.com/undefined/status/1905822671704670707","1445239305237000196",
"1905822642881675423","Sat Mar 29 03:21:41 +0000 2025","0","Berikut Data Lokasi Shalat Idul Fitri PDM Gunung Kidul #Muhammadiyah #tvmuyogyakrta #tvmujogja #tvmuhammadiyah https://t.co/s8RMRH2BlT","1905822642881675423","https://pbs.twimg.com/media/GnLXlqPbYAAOvuP.jpg","","in","","0","1","0","https://x.com/undefined/status/1905822642881675423","1445239305237000196",
"1905653063463174617","Sat Mar 29 03:19:39 +0000 2025","0","@ProfOnline_id Nice sepuh turun gunung kasi paham junior junior itu gmna cara caci maki orng tapi tetep di puja ","1905822130589360509","","ProfOnline_id","in","","0","0","0","https://x.com/undefined/status/1905822130589360509","1753190634142449664",
"1905646815741190198","Sat Mar 29 03:18:53 +0000 2025","0","tibatiba udah sampe kaki gunung https://t.co/V17qTujKqX","1905821939261981024","https://pbs.twimg.com/amplify_video_thumb/1905821729504833537/img/ZGlbjoUBaR13eaqs.jpg","ditaanggraeniy","in","","0","0","0","https://x.com/undefined/status/1905821939261981024","1353685969",
"1905646815741190198","Sat Mar 29 03:17:28 +0000 2025","0","sudah memasuki kawasan kiri kanan gunung awan berwarna warni dan jalanan setapak tapi ada mobil gede lewat. https://t.co/aadaCmLyDQ","1905821584201597349","https://pbs.twimg.com/amplify_video_thumb/1905821335655424000/img/awMZ0ZS3rXPl4qef.jpg","ditaanggraeniy","in","","0","1","0","https://x.com/undefined/status/1905821584201597349","1353685969",
"1905820369774350711","Sat Mar 29 03:12:39 +0000 2025","1","Happy bgt liat yg ijo2 lagii .. Dan liat deh ini kaya gambar gunung kita pas lg SD https://t.co/rGX3bpctXr","1905820369774350711","https://pbs.twimg.com/media/GnLVhFFbcAAk0YB.jpg","","in","","0","0","0","https://x.com/undefined/status/1905820369774350711","1271526360",
"1905808380687708237","Sat Mar 29 03:11:27 +0000 2025","0","@getshit_ ganteng aja gt diliat dari monas dari raja ampat dari gunung salak pokoknya ganteng asal diliat dr jauh","1905820070711804001","","","in","","0","0","0","https://x.com/undefined/status/1905820070711804001","1890250329025048576",
"1905457541221679129","Sat Mar 29 03:09:17 +0000 2025","1","@aneselalubenar @calomagang Mendaki gunung lewati lembah","1905819525389705561","","aneselalubenar","in","","0","0","0","https://x.com/undefined/status/1905819525389705561","248572151",
"1905602809833075005","Sat Mar 29 01:35:42 +0000 2025","0","@kuduseweyesus @drhthariq Yah bukanny anda percaya penebusan dosa dosa umat eslam yg stinggi gunung diakhir zaman akan ditimpakn kpl yahudi dn kristen diakherat kelak ","1905795971419656367","","kuduseweyesus","in","","0","1","0","https://x.com/undefined/status/1905795971419656367","1355173448901742598",
"1905781996569362714","Sat Mar 29 01:34:21 +0000 2025","37","@rubbyvickyy @cindayp06 @tanyarlfes Waktu itu sempet rame ada aliran di Gunung Kidul klaim bisa komunikasi dengan Allah jadi kalau ada apa² nanya langsung ke Allah","1905795634319515746","","rubbyvickyy","in","","0","1","0","https://x.com/undefined/status/1905795634319515746","1603751695829590016",
"1905790859913859358","Sat Mar 29 01:32:44 +0000 2025","5","Sekarang gantian gunung Salak. Hari ini melihat gunung pada kaya deket bener. https://t.co/ZsdTPcl1Nh","1905795226591285323","https://pbs.twimg.com/media/GnK-puMaEAAn7ON.jpg","nobitaro","in","","1","1","0","https://x.com/undefined/status/1905795226591285323","2246965519",
"1905706079843188954","Sat Mar 29 01:31:53 +0000 2025","0","@darararadiii_ tidak kok rumahku di gunung","1905795010253246929","","titrasygrav","in","","0","1","0","https://x.com/undefined/status/1905795010253246929","1794181317317550081",
"1905296938041524321","Sat Mar 29 01:31:43 +0000 2025","0","@Gunung_Agoeng @neohistoria_id Orang cina banyak yg trauma krena 98","1905794969262084213","","Gunung_Agoeng","in","","0","0","0","https://x.com/undefined/status/1905794969262084213","1220171308912140288",
"1905651068077498455","Sat Mar 29 01:31:24 +0000 2025","0","@peancok Yeeuu no mati mati boszz infokan pendakian gunung kedua","1905794891411546425","","peancok","in","","0","1","0","https://x.com/undefined/status/1905794891411546425","1823010592271335424",
"1905794652457873658","Sat Mar 29 01:30:27 +0000 2025","0","tinggal di daerah dikelilingi gunung dan cuaca terkini sangat cerah jadi bisa lihat seluruh gunung dengan jelas rasanya happpyyyyyy~ terima kasih Tuhan!!","1905794652457873658","","","in","","0","0","0","https://x.com/undefined/status/1905794652457873658","1291628799545597952",
"1905794121257845017","Sat Mar 29 01:28:21 +0000 2025","1","Menjelang Hari Raya Idulfitri 1446 H Kapolsek Gunung Jati AKP Muchammad Qomaruddin S.H. M.H. bersama Kanit Binmas Ipda Sunaryo dan anggota Polsek Gunung Jati melaksanakan sambang religi. #SambangReligi #SilaturahmiKamtibmas #OpsKetupatLodaya2025 #MudikAmanKeluargaNyaman https://t.co/xvNaB4Brt3","1905794121257845017","https://pbs.twimg.com/ext_tw_video_thumb/1905794015481761792/pu/img/XFOHHC_Xu0O0DY2R.jpg","","in","","0","0","0","https://x.com/undefined/status/1905794121257845017","1608593948146290690",
"1905735498473373857","Sat Mar 29 01:24:06 +0000 2025","0","@narayups gunung ini sangat cantik","1905793053559820709","","narayups","in","","0","0","0","https://x.com/undefined/status/1905793053559820709","1433750119946473478",
"1905792548536201290","Sat Mar 29 01:22:06 +0000 2025","0","hidup dekat gunung emang harus berteman dengan dingin","1905792548536201290","","","in","","0","0","0","https://x.com/undefined/status/1905792548536201290","1386188890407534593",
"1905792413597073629","Sat Mar 29 01:21:33 +0000 2025","0","Gunung-gunungnya keliataaaan https://t.co/RK4xcOwsnF","1905792413597073629","https://pbs.twimg.com/media/GnK8Fd-aAAAyr0P.jpg","","in","","0","0","0","https://x.com/undefined/status/1905792413597073629","53235201",
"1905791064834981980","Sat Mar 29 01:18:06 +0000 2025","0","@ingformatif Gunung Lawu","1905791541479886905","","hansapl4st","in","","0","1","0","https://x.com/undefined/status/1905791541479886905","1513205203063156738",
"1905791264202596392","Sat Mar 29 01:16:59 +0000 2025","0","Eh gagah banget gunung sumbing keliatan bgt gagah nya dari sini. Ternyata selama ini klo pagi bisa liat view gunung sumbing aaaa kemanaaa ajaa selama ini ","1905791264202596392","","","in","","0","0","0","https://x.com/undefined/status/1905791264202596392","1306594062997155840",
"1905791237724275172","Sat Mar 29 01:16:53 +0000 2025","0","bencana gunung meletus di indo aja dia gak bahas apalagi demonya","1905791237724275172","","","in","","0","0","0","https://x.com/undefined/status/1905791237724275172","1308556992013725696",
"1905791064834981980","Sat Mar 29 01:16:12 +0000 2025","1","Apa nama gunung ini? https://t.co/NAKOBnRNPn","1905791064834981980","https://pbs.twimg.com/media/GnK63lDbYAAc6Go.jpg","","in","","0","2","0","https://x.com/undefined/status/1905791064834981980","1269578575",
"1905724903137128653","Sat Mar 29 01:15:33 +0000 2025","0","@le_selso lewat gunung","1905790903664644398","","le_selso","in","","0","0","0","https://x.com/undefined/status/1905790903664644398","83028534",
"1905790882957455763","Sat Mar 29 01:15:29 +0000 2025","0","isetelah percobaan belasan kali finally aku mendaki gunung everest seorang diri guys jatuh berkali-kali kehabisan oksigen dehidrasi tp aq egk menyerah terus mendaqi selamatpagi semwa https://t.co/QTo8NO38PY","1905790882957455763","https://pbs.twimg.com/media/GnK6tQFaIAAqMIx.jpg","","in","","0","0","0","https://x.com/undefined/status/1905790882957455763","1024260365796790273",
"1905717695569703154","Sat Mar 29 01:15:17 +0000 2025","0","@tueyemshu (ANGKAT GUNUNG)","1905790834509013291","","hjsyoon","tl","","0","1","0","https://x.com/undefined/status/1905790834509013291","1540327395114504193",
"1905674695862792315","Sat Mar 29 01:13:10 +0000 2025","65","@enoliska_ Keknya pas bencana gunung di NTT doi gak bikin statement samsek","1905790303044551084","","enoliska_","in","","1","2","0","https://x.com/undefined/status/1905790303044551084","1112584961003945984",
"1905790020994351515","Sat Mar 29 01:12:03 +0000 2025","1","minwon mau ke gunung dulu iyahh https://t.co/xMj3UMvvLx","1905790020994351515","https://pbs.twimg.com/media/GnK56dJbAAAkxSQ.jpg","","in","","0","2","0","https://x.com/undefined/status/1905790020994351515","304285247",
"1905789139511120362","Sat Mar 29 01:08:33 +0000 2025","90","KAWAH GUNUNG MERAPI dari DEKAT !!! . (andrearamadhaan) https://t.co/Jq4SO6d0Rd","1905789139511120362","https://pbs.twimg.com/ext_tw_video_thumb/1905789071118741504/pu/img/6T1WuxfC48kYFqQQ.jpg","","in","","1","0","21","https://x.com/undefined/status/1905789139511120362","1279804428724211712",
"1905789093629546639","Sat Mar 29 01:08:22 +0000 2025","0","tebak gunung apa https://t.co/qIsBT7EHmn","1905789093629546639","https://pbs.twimg.com/media/GnK5Ez4aYAAAF4y.jpg","","in","","0","2","0","https://x.com/undefined/status/1905789093629546639","1204965332441391104",
"1905788982753206274","Sat Mar 29 01:07:55 +0000 2025","0","Cek Celana Panjang Cargo Pria PDL Gunung MMA Premium Quality Best Seller dengan harga Rp45.000. Dapatkan di Shopee sekarang! https://t.co/eLm4mR6tif https://t.co/hyPE4np6n1","1905788982753206274","https://pbs.twimg.com/media/GnK4-uhaIAAgITh.jpg","","in","","0","0","0","https://x.com/undefined/status/1905788982753206274","1489204850608852992",
"1905788858844975541","Sat Mar 29 01:07:26 +0000 2025","0","Cek [YANG LAGI HITS] Celana Panjang Pria Cargo Original Dewasa Celana Gunung Outdoor Venum Gym Celana Santai CARGO PANJANG PRIA Celana Cargo / Celana Cargo Panjang Pria / Celana Panjang Pria / Celana Kargo CELANA TERMURAH KARGO dengan harga Rp148.999 https://t.co/RiQNmmXNDO https://t.co/QUzFs0q1BS","1905788858844975541","https://pbs.twimg.com/media/GnK43hYbQAEucO3.jpg","","in","","0","0","0","https://x.com/undefined/status/1905788858844975541","1489204850608852992",
"1905788366278594570","Sat Mar 29 01:05:29 +0000 2025","0","mendung teros jek engke kumbahane sak gunung jane oleh klambenan ora","1905788366278594570","","","in","","0","0","0","https://x.com/undefined/status/1905788366278594570","522898524",
"1905787043881639946","Sat Mar 29 01:00:13 +0000 2025","0","Keren bgt mimpi aku. Jd ke daerah gunung di Pwk yg ternyata warganya pembuat benang dan kain jas gt. Trs tiap jam 1 siang ada kaya fashion show dadakan","1905787043881639946","","","in","","0","0","0","https://x.com/undefined/status/1905787043881639946","1884400627079667712",
"1905778392714424742","Sat Mar 29 00:56:26 +0000 2025","0","@tictoss GUNUNG ","1905786090579198039","","tictoss","in","","0","1","0","https://x.com/undefined/status/1905786090579198039","1571112145898835969",
"1905785007085596749","Sat Mar 29 00:52:08 +0000 2025","0","Ini harus naik gunung sih Ga bisa di tahan lagi","1905785007085596749","","","in","","0","0","0","https://x.com/undefined/status/1905785007085596749","3052051742",
"1905629890814378080","Sat Mar 29 00:49:53 +0000 2025","0","@andrhaenaline IYAKAAAANNN rasanya pengen langsung lemparin dia ke kawah gunung berapi","1905784444025467211","","andrhaenaline","in","","0","0","0","https://x.com/undefined/status/1905784444025467211","1528333755731279872",
"1905775728081449339","Sat Mar 29 00:47:41 +0000 2025","0","@baukenc Bukaaan jawa tengah aku iyaaa tapi ini gunung hihi besok aku lari lebih naik lagi nanti aku fotoin!","1905783888443801985","","","in","","0","0","0","https://x.com/undefined/status/1905783888443801985","3063768438",
"1905783746919555108","Sat Mar 29 00:47:07 +0000 2025","2","ANJENGGG BIARKAN AKU MEMAKII DUNIAAAlucu bgt cokkk adik kelas kuu ultah ke-17 dikasih video YouTube isinya pacarnya ngucapin di GUNUNG ??!!!oh to be loved like that ","1905783746919555108","","","in","","0","3","0","https://x.com/undefined/status/1905783746919555108","1877646113987342336",
"1905783671854145890","Sat Mar 29 00:46:49 +0000 2025","1","Gunung Lawu nya cakep bangeett keliatan jelas. Gunung² lain juga keliatann","1905783671854145890","","","in","","0","0","0","https://x.com/undefined/status/1905783671854145890","1183584569179529216",
"1905783653285888323","Sat Mar 29 00:46:45 +0000 2025","0","Setelah diguyur hujan dari sore sampe malam. Pagi hari udaranya sejuk poll udaranya bersih langitnya bersihnya gunung kanan kiri keliatan banget","1905783653285888323","","","in","","0","1","0","https://x.com/undefined/status/1905783653285888323","1014804980803371009",
"1905760771818016776","Sat Mar 29 00:45:38 +0000 2025","0","@DolanIDN aku rasanya pengen banget ke gunung ya Allah","1905783371361640862","","rlyvolky","in","","0","0","0","https://x.com/undefined/status/1905783371361640862","1597108500865245185",
"1904365859709301137","Sat Mar 29 00:43:34 +0000 2025","0","@lrayasama20 Pingin mendaki gunung kembar nya","1905782853453185281","","lrayasama20","in","","0","0","0","https://x.com/undefined/status/1905782853453185281","1821928393551872000",
"1904904996325646428","Sat Mar 29 00:42:37 +0000 2025","0","@lrayasama20 Masih terrik gunung nya","1905782612351934654","","lrayasama20","in","","0","0","0","https://x.com/undefined/status/1905782612351934654","1821928393551872000",
"1905780863775957470","Sat Mar 29 00:40:08 +0000 2025","8","9. N ️ V refleksif Contoh: ️Setiap hari kerjanya hanya BECERMIN saja. ️Hampir setengah jam ia BERSISIR di depan cermin. 10. N ️ V meminta bantuan kepada Contoh: ️Pemuda itu BERGURU kepada seorang kakek tua di atas gunung. ️Dia BERDUKUN demi menyembuhkan anaknya yang","1905781990831612190","","fauzanalrasyid","in","","0","1","0","https://x.com/undefined/status/1905781990831612190","53859736",
"1905780863775957470","Sat Mar 29 00:38:58 +0000 2025","10","9. N ️ V(intr) berlaku seperti atau menyerupai Contoh: ️Anak itu selalu MEMBEO. ️Orang-orang menyaksikan atraksi itu MENYEMUT. 10. N ️ V(intr) menjadi Contoh: ️Setelah bertahun-tahun lumpur di gunung itu MEMBATU. ️Akibat kebakaran hebat pohon-pohon di hutan itu","1905781696555044915","","fauzanalrasyid","in","","0","1","0","https://x.com/undefined/status/1905781696555044915","53859736",
"1905624848333971548","Sat Mar 29 00:38:45 +0000 2025","0","@sweeeztie Ikut kepengen menantang kuntilanak gunung salak","1905781641727094949","","sweeeztie","in","","0","1","0","https://x.com/undefined/status/1905781641727094949","1451972494458454018",
"1905772111962243381","Sat Mar 29 00:34:48 +0000 2025","0","@daeng_Malewaaa Gunung terus jalannya lurus dan disampingnya dikasih pohon itu andalan zaman SD dulu ","1905780646842454246","","","in","","0","0","0","https://x.com/undefined/status/1905780646842454246","1742106931068862464",
"1905763172839231525","Fri Mar 28 23:41:04 +0000 2025","0","@louvetaesan terus kalp ada gunung meletus itu artinya pak ketua lagi ngamok ","1905767125425545598","","louvetaesan","in","","0","1","0","https://x.com/undefined/status/1905767125425545598","1730136577341603840",
"1905576179899539671","Fri Mar 28 23:39:16 +0000 2025","0","@tartaggila Di map baru natlan by yg deket gunung berapi ituu","1905766669949219323","","asammbasa","in","","0","0","0","https://x.com/undefined/status/1905766669949219323","1496773025701654530",
"1905296938041524321","Fri Mar 28 23:38:23 +0000 2025","0","@eruditionista @neohistoria_id Soros tdk mereklamasi pantai indonesia soros tdk mengeruk nikel lng emas sawit dll di indonesia","1905766450209620017","","eruditionista","in","","0","1","0","https://x.com/undefined/status/1905766450209620017","1701624074877984768",
"1905296938041524321","Fri Mar 28 23:36:35 +0000 2025","0","@ruslimuhyidin1 @neohistoria_id Kamu tanya saja sama grok... ilmu/teori sun tzu yg sering diaplikasikan cina buang barang berharga utk mengacaukannya.","1905765995639382169","","ruslimuhyidin1","in","","0","1","0","https://x.com/undefined/status/1905765995639382169","1701624074877984768",
"675448937310908416","Fri Mar 28 23:36:19 +0000 2025","0","@CJRisCJR @alwannaticTTE_ Minta info guide atau porter yg bantu naik Gunung Gamalama. Please info by WA +6281210075158 (AnandJakarta). Thanks","1905765928320876664","","CJRisCJR","in","","0","0","0","https://x.com/undefined/status/1905765928320876664","1698466451697393664",
"1612371569418067971","Fri Mar 28 23:33:32 +0000 2025","0","@Najabuddin_3 Ada yg bisa bantu (guide -porter) naik gunung Gamalama info please. Thanks Anand Jakarta","1905765228111155640","","Najabuddin_3","in","","0","0","0","https://x.com/undefined/status/1905765228111155640","1698466451697393664",
"1905623491031814291","Fri Mar 28 23:33:15 +0000 2025","6","@tanyarlfes Inget ini aja nder pas lu lg kek gitu bayangin lu meninggoy. Lu meninggoy dlm keadaan jari lu nyangkut di dlm skiti lu. Apa ga serem... Eh btw pernah baca kl lg ngelakuin dosa sendirian nanti pahala yg bahkan segede gunung pun bakalan ilang. Wallahualam.","1905765156166193497","","tanyarlfes","in","","0","1","0","https://x.com/undefined/status/1905765156166193497","734210971",
"1905725581263802506","Fri Mar 28 23:30:38 +0000 2025","0","@semestinyasajaa naik gunung","1905764499287949773","","semestinyasajaa","in","","0","1","0","https://x.com/undefined/status/1905764499287949773","1170411341804273664",
"1905626797712310760","Fri Mar 28 23:28:47 +0000 2025","0","@zenixfajar @prabowo Umur semono udune pensiun neng gunung karo berkuda malah dadi presiden yo","1905764031874621628","","zenixfajar","in","","0","0","0","https://x.com/undefined/status/1905764031874621628","397183896",
"1381208486105636866","Fri Mar 28 23:28:41 +0000 2025","0","@ternate Pernah ke Gunung Gamalama kah hayuu ke Gamalama","1905764006717223019","","ternate","in","","0","0","0","https://x.com/undefined/status/1905764006717223019","1698466451697393664",
"1905762070085394851","Fri Mar 28 23:26:37 +0000 2025","0","@aurelune ㅤㅤ Yang aku bangunin anak Kōsei kenapa anak gunung yang bangun?! Stop sampai disitu. ㅤㅤ","1905763487810486386","","aurelune","in","","0","1","0","https://x.com/undefined/status/1905763487810486386","3169533712",
"1905763481284194493","Fri Mar 28 23:26:35 +0000 2025","0","Jogja banjir bandang terutama daerah gunung kidul.","1905763481284194493","","","in","","0","0","0","https://x.com/undefined/status/1905763481284194493","150530605",
"1905296938041524321","Fri Mar 28 23:26:29 +0000 2025","0","@fplusp__ @neohistoria_id Lo sdh pernah baca liem siow long ditempeleng tentara?? Kalo sekarang malah kebalikannya.","1905763455094980668","","fplusp__","in","","0","1","0","https://x.com/undefined/status/1905763455094980668","1701624074877984768",
"1905399003686338639","Fri Mar 28 23:25:14 +0000 2025","0","@IrfanSofani Pasti baru dari hutan atau gunung sdh menjadi berita jika RUU TNI itu dibahas diam2 dan sembunyi2 di hotel. Baca berita dululah...","1905763138135621793","","IrfanSofani","in","","0","0","0","https://x.com/undefined/status/1905763138135621793","957997845595893760",
"1905296938041524321","Fri Mar 28 23:21:03 +0000 2025","0","@Biru103 @neohistoria_id Sdh banyak akun yg menulis cem @tm2000 @ireneviena @mangusil dll...sayang akun mereka hilang semua...kalo saya hanya orang yg pernah ada dlm situasi &amp;kondisi kudeta 98 d ibukota jadi sedikit paham&amp; ternyata klop dg analisa2 tsb.Saya yakin 90% rakyat setuju.Kecuali pki&amp;oportunis","1905762085348532586","","Biru103","in","","0","0","0","https://x.com/undefined/status/1905762085348532586","1701624074877984768",
"1905724081871503817","Fri Mar 28 23:15:25 +0000 2025","0","@convomf sabar oy kamu bukan aliran gunung kidul kan nder","1905760669741232226","","convomf","in","","0","0","0","https://x.com/undefined/status/1905760669741232226","1676035902462894081",
"1905760335027753363","Fri Mar 28 23:14:05 +0000 2025","0","uwaa uyuy liat gunung ͈૦ ͈ https://t.co/XiE2pDdRFl","1905760335027753363","https://pbs.twimg.com/media/GnKe6dNakAAoUq-.jpg","","in","","0","0","0","https://x.com/undefined/status/1905760335027753363","980562470065537024",
"1905760318384742462","Fri Mar 28 23:14:01 +0000 2025","0","Ketahuilah bahwa makhluk (hidup/mati) di sekitar kita punya peran dan kedudukan di sisi Allah mereka juga diciptakan memiliki pemahaman dan perasaan. Misalnya ketika gunung Uhud berguncang karena didaki Rasul atau ketika langit dan bumi menangis saat orang mukmin meninggal.","1905760318384742462","","","in","","0","0","0","https://x.com/undefined/status/1905760318384742462","1201398906",
"1905296938041524321","Fri Mar 28 23:13:02 +0000 2025","0","@sweetflowerie @neohistoria_id @BNPTRI Wkwkwk....bicara fakta sejarah kok dibilang teroris. Teroris ndasmu!!","1905760067326206195","","sweetflowerie","in","","0","0","0","https://x.com/undefined/status/1905760067326206195","1701624074877984768",
"1905618599416603035","Fri Mar 28 23:11:39 +0000 2025","0","@TheEagle_BEN @Catatan_ali7 @grok Wkwkwk....","1905759722818711889","","TheEagle_BEN","in","","0","0","0","https://x.com/undefined/status/1905759722818711889","1701624074877984768",
"1905759385122738612","Fri Mar 28 23:10:19 +0000 2025","1","keliatan bener gunung merapinya https://t.co/gmS7FKSUA5","1905759385122738612","https://pbs.twimg.com/media/GnKeDTlbIAA3jji.jpg","","in","","0","1","0","https://x.com/undefined/status/1905759385122738612","1141235336",
"710701707932655616","Fri Mar 28 23:10:00 +0000 2025","0","@alviangamalama Tinggal di Gunung Gamalama kah?","1905759307804856447","","alviangamalama","in","","0","0","0","https://x.com/undefined/status/1905759307804856447","1698466451697393664",
"1905646815741190198","Fri Mar 28 23:08:44 +0000 2025","0","bangun tidur liat gunung plus jalur kiri kanan arah mudik semua. https://t.co/T9Bm4FriQo","1905758987972382819","https://pbs.twimg.com/media/GnKdskBaoAAahdc.jpg","ditaanggraeniy","in","","0","1","0","https://x.com/undefined/status/1905758987972382819","1353685969",
"1905758184242819522","Fri Mar 28 23:08:37 +0000 2025","0","@ybas25 Tapi sulitnya melebihi mendaki gunung","1905758959908393114","","ybas25","in","","0","0","0","https://x.com/undefined/status/1905758959908393114","522011897",
"1905754638969909563","Fri Mar 28 23:08:21 +0000 2025","5","@alterxjogja Biasanya klo main malab ke gunung kidul jew nder","1905758891981607157","","alterxjogja","in","","0","0","0","https://x.com/undefined/status/1905758891981607157","1797506807730249729",
"1905468141674664174","Fri Mar 28 23:07:55 +0000 2025","1","@kiangiekwik Jutaan Buruh kasar sdh mulai naturalisasi letkol jg naturalisasi komut jg","1905758782828793902","","kiangiekwik","in","","0","0","1","https://x.com/undefined/status/1905758782828793902","1701624074877984768",
"1905750951929237759","Fri Mar 28 23:07:24 +0000 2025","0","@aaadelaidesky pake ini kakkk baru 2 jam jalan udh tak sanggup. Klo pdl 5 hari 5 malam melewati gunung rawa hutan pun ku sanggupppp pol. Melalui 2000mdpl pun ku sanggup","1905758652012917135","","aaadelaidesky","in","","0","1","0","https://x.com/undefined/status/1905758652012917135","1850744896535273472",
"1905758213439447076","Fri Mar 28 23:05:40 +0000 2025","0","Sedih banget kalo nanti dah nikah tapi hobiku dipersulit. Seperti naik gunung dan pelihara kucing.","1905758213439447076","","","in","","0","0","0","https://x.com/undefined/status/1905758213439447076","344514085",
"1905588796663722463","Fri Mar 28 23:03:52 +0000 2025","4","@uyoktweet Bedanya intel ketangkep mahasiswa dan ketangkep fpi ya gitu.... sampeyan paham min @DivHumas_Polri ?? Mustinya kalian berterima kasih dan minta maaf lalu ungkap anasir jahat yg membantai anak2 di #km50 @blackshark7890 @blank0429 @Opposisi6890 @vanc1Bozz @RomitsuT","1905757764112019858","","uyoktweet","in","","0","0","2","https://x.com/undefined/status/1905757764112019858","1701624074877984768",
"1905596927342956889","Fri Mar 28 22:57:40 +0000 2025","0","@sigadiskhidals turun gunung buat ngeteh kak","1905756202002481405","","sigadiskhidals","in","","0","1","0","https://x.com/undefined/status/1905756202002481405","1244798742969999360",
"1905755199853236479","Fri Mar 28 22:53:41 +0000 2025","0","gunung lah?","1905755199853236479","","","in","","0","0","0","https://x.com/undefined/status/1905755199853236479","1457713037272502277",
"1905625968775221495","Fri Mar 28 22:52:30 +0000 2025","1","@calomagang @AlasBanjaran Gunung Lio sangat extrim dan tidak di rekomendasikan apalagi malam hari dan kondisi cuaca hujan.","1905754903974392157","","calomagang","in","","0","1","0","https://x.com/undefined/status/1905754903974392157","699130044484980736",
"1905294572588318953","Fri Mar 28 22:50:23 +0000 2025","1","@ansyrhh_ @comandante_700 @adii_santosa @adii_santoso Nih kasus Juwita jurnalis Newsway Banjarbaru tewas 22 Maret 2025 di Gunung Kupang. Awalnya diduga kecelakaan tapi dompet dan HP hilang plus luka mencurigakan nunjukin pembunuhan. Pelaku diduga anggota TNI AL mungkin pacarnya. Ini nambahin daftar kekerasan pada jurnalis","1905754367971463434","","ansyrhh_","in","","0","0","0","https://x.com/undefined/status/1905754367971463434","1720665183188922368",
"1905735498473373857","Fri Mar 28 22:48:53 +0000 2025","0","@narayups Indah banget gunung nya","1905753989934891015","","narayups","in","","0","0","0","https://x.com/undefined/status/1905753989934891015","1199325918",
"1905742133648298225","Fri Mar 28 22:47:28 +0000 2025","0","beliau ini deket sama temanku cowo guyss karena sama² suka naik gunung dan udah sering banget mereka naik gunung bareng maybe temanku cowo ini 1 circle lah sama aku makanya kami secircle agak dekat sama beliau karena juga jadi dosen wali beberapa teman dekatku yg 1 circle ini","1905753635474248148","","seiss_schockela","in","","0","1","0","https://x.com/undefined/status/1905753635474248148","1273799821023825920",
"1905751812323582305","Fri Mar 28 22:40:13 +0000 2025","0","Selain ke Gunung mau banget kunjungan ke hutan kaya gini .. masyaaAllah ya Alam Indonesia itu indah banget","1905751812323582305","","","in","","0","0","0","https://x.com/undefined/status/1905751812323582305","2418817700",
"1905751745944588663","Fri Mar 28 22:39:58 +0000 2025","0","Pantai. Soalnya aku ga tahan dingin rendah banget toleransi dingin ku tuh. Jadi ke gunung walaupun seru aku ga pengen. Takut kenapa kenapa","1905751745944588663","","","in","","0","0","0","https://x.com/undefined/status/1905751745944588663","874526805939568640",
"1905601678419918909","Fri Mar 28 22:39:36 +0000 2025","0","@grok @cokro_alam @Tan_Mar3M @AlasBanjaran @UGMYogyakarta @grok grok....lah puyeng lo???","1905751657239163016","","Gunung_Agoeng","in","","0","0","0","https://x.com/undefined/status/1905751657239163016","1701624074877984768",
"1905207583100776521","Fri Mar 28 22:38:16 +0000 2025","1","@APraja85 @toe_giman Sama di jawa juga gitu.","1905751319794815150","","APraja85","in","","0","0","0","https://x.com/undefined/status/1905751319794815150","1735141551393878016",
"1905751257345823155","Fri Mar 28 22:38:01 +0000 2025","0","[Save up to 74%] Temukan kenyamanan dan gaya untuk si kecil dengan Sandal Gunung https://t.co/W9vqabFhq3! https://t.co/35PWLK4M5i","1905751257345823155","","","in","","0","0","0","https://x.com/undefined/status/1905751257345823155","1717185968804085760",
"1905601678419918909","Fri Mar 28 22:37:27 +0000 2025","0","@grok @cokro_alam @Tan_Mar3M @AlasBanjaran @UGMYogyakarta @Grok ijasah herbertus joko widodo asli atau palsu??","1905751113145688494","","grok","in","","0","1","0","https://x.com/undefined/status/1905751113145688494","1701624074877984768",
"1905207583100776521","Fri Mar 28 22:34:48 +0000 2025","0","@Jajangbung5u @toe_giman Gila bener keluarga gimana gitu tu?makanya dll??","1905750446259761447","","Jajangbung5u","in","","0","0","0","https://x.com/undefined/status/1905750446259761447","1735141551393878016",
"1905749912278728903","Fri Mar 28 22:32:40 +0000 2025","1","vibes pagi pagi+hujan+turun dari gunung (gunungkidul) awowksowk","1905749912278728903","","","in","","0","0","0","https://x.com/undefined/status/1905749912278728903","1606954553186091008",
"1905749645411946652","Fri Mar 28 22:31:37 +0000 2025","0","Petaka Gunung Gede ni endingnya rushing betul.","1905749645411946652","","","in","","0","0","0","https://x.com/undefined/status/1905749645411946652","1750927224667332608",
"1905749533822451723","Fri Mar 28 22:31:10 +0000 2025","2","Sbg Pribumi IND gw pengen info buat sodara setanah air Budaya n Ajaran Moyang kita lbh Kaya n lbh Indah dr mereka Tanah kita lbh Subur gunung kita lbh Hijau Sungai Pohon Pantai Laut dll. Kenapa bisa tunduk Budaya n Ajaran Gurun Tandus macam ni ??","1905749533822451723","","","in","","0","1","0","https://x.com/undefined/status/1905749533822451723","1581056184710180865",
"1905625968775221495","Fri Mar 28 22:29:52 +0000 2025","0","@AlasBanjaran @calomagang Gunung Lio Salem bukan buat beginner mas jalurnya ","1905749204607418472","","AlasBanjaran","in","","0","0","0","https://x.com/undefined/status/1905749204607418472","109163216",
"1905207583100776521","Fri Mar 28 22:26:21 +0000 2025","1","@arya__wiralodra @Mfajarsultan @toe_giman Iya to org dgn mentalitas kek gini itu otak ngfreeze kekerasan yg maju primitif daftar mau jadi tentara gak keterima sementara gak punya sawah utk dijual.","1905748321593147785","","arya__wiralodra","in","","0","0","0","https://x.com/undefined/status/1905748321593147785","1735141551393878016",
"1905735498473373857","Fri Mar 28 22:23:33 +0000 2025","0","@narayups Bagus ini gunung nya kak","1905747616119579014","","narayups","in","","0","0","0","https://x.com/undefined/status/1905747616119579014","2757790193",
"1905746549348729159","Fri Mar 28 22:19:19 +0000 2025","1","Pernah tuh adik w naek gunung everest di roblox ","1905746549348729159","","","in","","0","0","0","https://x.com/undefined/status/1905746549348729159","309690793",
"1905746537143267406","Fri Mar 28 22:19:16 +0000 2025","0","suka pantai karena klo gunung cape naiknya ‍","1905746537143267406","","","in","","0","0","0","https://x.com/undefined/status/1905746537143267406","1503383172931031042",
"1905745967456166369","Fri Mar 28 22:17:00 +0000 2025","0","Gunung","1905745967456166369","","","in","","0","0","0","https://x.com/undefined/status/1905745967456166369","803081740315041792",
"1905744084020674579","Fri Mar 28 22:15:34 +0000 2025","1","@AlvitaNeira14 Ada gunung kembar nya","1905745607127675084","","AlvitaNeira14","in","","0","0","0","https://x.com/undefined/status/1905745607127675084","1671793508603269121",
"1905745069552140494","Fri Mar 28 22:13:26 +0000 2025","0","2 minggu gudag gidig cantik kerjaan rumah keteteran setrikaan baju udh menggunung seronde lagi nunggu kering jemuran bajuku jd gunung apa kira2","1905745069552140494","","","in","","0","0","0","https://x.com/undefined/status/1905745069552140494","483568956",
"1905655693019066423","Fri Mar 28 22:11:44 +0000 2025","0","@rsaccharin Normal nya emang diatas sana kocak ku di dalem gunung","1905744644333617449","","venticikarang","in","","0","1","0","https://x.com/undefined/status/1905744644333617449","1752936386599264256",
"1905735498473373857","Fri Mar 28 22:03:49 +0000 2025","0","@narayups Bagus banget yah gunung nya itu","1905742649195438174","","narayups","in","","0","0","0","https://x.com/undefined/status/1905742649195438174","1751187588638281728",
"1905735498473373857","Fri Mar 28 22:00:54 +0000 2025","0","@narayups Ternyata Salah satu daya tarik utama Gunung Telomoyo adalah pemandangan dari puncaknya","1905741917557862766","","narayups","in","","0","0","0","https://x.com/undefined/status/1905741917557862766","1675308325142167553",
"1905741837282984442","Fri Mar 28 22:00:35 +0000 2025","0","Pa @aniesbaswedan di RJL 5 apakah mau cerita pengalaman menyeramkan ketika camping di gunung ?","1905741837282984442","","","in","","0","0","0","https://x.com/undefined/status/1905741837282984442","74383213",
"1905735498473373857","Fri Mar 28 22:00:23 +0000 2025","0","@narayups indahnya Gunung Telomoyo","1905741784858440091","","narayups","in","","0","0","0","https://x.com/undefined/status/1905741784858440091","1809558283650494467",
"1905740756436025548","Fri Mar 28 21:56:17 +0000 2025","0","gunung","1905740756436025548","","","in","","0","0","0","https://x.com/undefined/status/1905740756436025548","1820063801980653568",
"1905735498473373857","Fri Mar 28 21:35:24 +0000 2025","109","Gunung Telomoyo Jawa Tengah a thread https://t.co/qaNIgbfLIf","1905735498473373857","https://pbs.twimg.com/amplify_video_thumb/1905735429686796288/img/PMST9LPHq-p_5tFU.jpg","","in","","0","210","0","https://x.com/undefined/status/1905735498473373857","442446527",
"1905651796510667233","Fri Mar 28 21:34:57 +0000 2025","0","@baiqiyu7 Bayangin deh mom Baru Caleb doang udh banyak punya kita yg di comot2 Apalagi nanti Li ke 6 Jangan2 li ke 6 adalah pangeran yg merupakan god gunung bisa berubah jd mermed dan kalau malam jadi nagabonar","1905735384161742957","","baiqiyu7","in","","0","1","0","https://x.com/undefined/status/1905735384161742957","763972988265910272",
"1905735157572870484","Fri Mar 28 21:34:03 +0000 2025","0","Running/naik gunung/mantai/push rank","1905735157572870484","","","in","","0","0","0","https://x.com/undefined/status/1905735157572870484","1617196821268566016",
"1905734944661643461","Fri Mar 28 21:33:12 +0000 2025","0","kangen elysian weh pls elysian turun gunung lagi dong","1905734944661643461","","","in","","0","0","0","https://x.com/undefined/status/1905734944661643461","1476416899864948737",
"1905734776218370252","Fri Mar 28 21:32:32 +0000 2025","0","akhirnya di gunung baru bener bener berasa dinginnya dari kemaren panasnya ga ngotam","1905734776218370252","","","in","","0","0","0","https://x.com/undefined/status/1905734776218370252","1215887198240694272",
"1905733934337691735","Fri Mar 28 21:32:18 +0000 2025","0","@strawrycha haa mosok sii gunung iso banjir","1905734718102130888","","strawrycha","in","","0","1","0","https://x.com/undefined/status/1905734718102130888","1140842563340922880",
"1905733607093891377","Fri Mar 28 21:27:53 +0000 2025","2","ih kek ade2 gueee anak ke 2 ama anak ke 3 mereka saling intervensi gue bagian mantau dulu kl udh gmn2 baru turun gunung. aaaa interaksi geageol x ay","1905733607093891377","","","in","","0","0","1","https://x.com/undefined/status/1905733607093891377","1744613681399492608",
"1905732389562933447","Fri Mar 28 21:23:03 +0000 2025","0","alis asli gw np bentuk gunung gt sih belajarnyh susaaah","1905732389562933447","","","in","","0","0","0","https://x.com/undefined/status/1905732389562933447","1255080161415794688",
"1905164170082861311","Fri Mar 28 21:22:12 +0000 2025","0","@Dandaelions_ @convomf Langsung dibangun tower sinyal diatas gunung karena fiersa besari","1905732178136416653","","Dandaelions_","in","","0","0","0","https://x.com/undefined/status/1905732178136416653","1853667682408972288",
"1905724081871503817","Fri Mar 28 21:21:49 +0000 2025","0","@plainjiw @convomf Pasti gunung kidul udh telpon Allah duluan itu","1905732079842926935","","plainjiw","in","","0","1","0","https://x.com/undefined/status/1905732079842926935","1356427949780570112",
"1905731187743801471","Fri Mar 28 21:18:16 +0000 2025","10","Setelah si anak gunung yang bikin hati ini kembang kempis muncullah cina kaya tapi plin plan. Dah dua2 nya sama-sama denial busett... Puasa emang banyak banget ujian kesabaran nya","1905731187743801471","","","in","","0","1","1","https://x.com/undefined/status/1905731187743801471","1855907222980866048",
"1905729749055676431","Fri Mar 28 21:12:33 +0000 2025","0","gunung","1905729749055676431","","","in","","0","0","0","https://x.com/undefined/status/1905729749055676431","1890600131151732736",
"1905722544650678524","Fri Mar 28 21:08:47 +0000 2025","0","@xemerru kamu mbah maridjan kah segala turun gunung","1905728800442466638","","xemerru","in","","0","1","0","https://x.com/undefined/status/1905728800442466638","1323538581344854018",
"1905647210844590101","Fri Mar 28 21:08:24 +0000 2025","0","@yeahbasss naik ke puncak gunung","1905728703466021120","","nospirinall","in","","0","0","0","https://x.com/undefined/status/1905728703466021120","1837819629454217216",
"1905588196198449550","Fri Mar 28 21:05:31 +0000 2025","0","@niscyala @convomf sbnrnya lebih suka liat yg ijo² tp ke gunung susah trus cape jd pantai aja","1905727978929340591","","niscyala","in","","0","0","0","https://x.com/undefined/status/1905727978929340591","1568795009453031427",
"1905726338415378930","Fri Mar 28 20:59:00 +0000 2025","0","I think not only indonesia yang sedang tidak baik baik saja tapi dunia pun juga gunung fuji erupsi lah myanmar gempa","1905726338415378930","","","in","","0","0","0","https://x.com/undefined/status/1905726338415378930","1514159328907108352",
"1905724081871503817","Fri Mar 28 20:58:18 +0000 2025","0","@convomf ini orang gunung kidul kah sendernya?","1905726162892202275","","convomf","in","","0","0","0","https://x.com/undefined/status/1905726162892202275","1752591141177012224",
"1905636603277561888","Fri Mar 28 20:55:21 +0000 2025","1","@yoneejun @mynmeisrose @chicchocball Ternyata Visioner sekali beliau oke kita tunggu gemoy gelinding dari atas gunung trus makan jagung bakar","1905725422031307093","","yoneejun","in","","0","1","0","https://x.com/undefined/status/1905725422031307093","1550694909115392001",
"1905725377185812750","Fri Mar 28 20:55:11 +0000 2025","0","Gunung kidul wae nganti banjir lho","1905725377185812750","","","in","","0","0","0","https://x.com/undefined/status/1905725377185812750","1494470635653066752",
"1905194676082065536","Fri Mar 28 20:49:12 +0000 2025","0","@BudiBukanIntel Klan pendekar sudah turun gunung pertanda negara sedang tidak baik-baik saja.","1905723872240116199","","BudiBukanIntel","in","","0","0","0","https://x.com/undefined/status/1905723872240116199","1263188668111454208",
"1905685436317794576","Fri Mar 28 18:16:28 +0000 2025","0","Gunung","1905685436317794576","","","in","","0","0","0","https://x.com/undefined/status/1905685436317794576","1351188114",
"1905655068420178116","Fri Mar 28 18:16:25 +0000 2025","0","@fromagrvvnsrk Naik ke puncak gunung","1905685421360865687","","fromagrvvnsrk","in","","0","0","0","https://x.com/undefined/status/1905685421360865687","1700074692999315456",
"1905680070217531749","Fri Mar 28 18:14:02 +0000 2025","0","@miegorengxkeju yaudah besok otw gunung guntur deh biar gak gabut","1905684823819387296","","miegorengxkeju","in","","0","0","0","https://x.com/undefined/status/1905684823819387296","1700425884203941888",
"1905625970561712407","Fri Mar 28 18:08:46 +0000 2025","0","@sbyfess Gaero aku mesti calling konco sopir bayare nak mburi tak keri 200 dibalikno 50 sopir gunung harta karo bali trans","1905683498687758796","","sbyfess","in","","0","0","0","https://x.com/undefined/status/1905683498687758796","1858911445599350785",
"1905683304130773469","Fri Mar 28 18:08:00 +0000 2025","0","kapan bisa kembali lagi naik gunung ya","1905683304130773469","","","in","","0","0","0","https://x.com/undefined/status/1905683304130773469","1166276541614964736",
"1905628418223595640","Fri Mar 28 18:06:03 +0000 2025","0","@Endrve @merapi_uncover aman pak aku di gunung","1905682815603408910","","Endrve","in","","0","0","0","https://x.com/undefined/status/1905682815603408910","986419743480365056",
"1905591992307900594","Fri Mar 28 18:03:46 +0000 2025","0","@twortue @munvess aku biasanya main panjat gunung sama obby palingan theo kamu main apa biasanyaah?","1905682241134755980","","","in","","0","0","0","https://x.com/undefined/status/1905682241134755980","1614272545171312641",
"1903843010905030872","Fri Mar 28 17:59:20 +0000 2025","0","@vantaehx di gunung Everest!","1905681126162931846","","vantaehx","tl","","0","0","0","https://x.com/undefined/status/1905681126162931846","2758582319",
"1905612092243091852","Fri Mar 28 17:58:57 +0000 2025","0","@kenjierouu yaps kaya deket sma gunung Everest","1905681027999432802","","","in","","0","0","0","https://x.com/undefined/status/1905681027999432802","1850453071274627072",
"1905680457003614654","Fri Mar 28 17:56:41 +0000 2025","0","baru kali ini gw main roblok ampe nangis dikit grgr takut bgt bgt disesatin sm boneka d gunung asu","1905680457003614654","","","in","","0","0","0","https://x.com/undefined/status/1905680457003614654","1402521832561864705",
"1905679955499106477","Fri Mar 28 17:54:41 +0000 2025","0","Kenapa kalau hujan deras selalu Bantul dan Gunung Kidul yang kebanjiran ","1905679955499106477","","","in","","0","0","0","https://x.com/undefined/status/1905679955499106477","120106404",
"1905296938041524321","Fri Mar 28 17:51:44 +0000 2025","0","@Gunung_Agoeng @neohistoria_id @BNPTRI ada teroris. Mohon diamankan. Tukang adu domba ini berbahaya sekali utk persatuan dan kesatuan bangsa. Adu domba spy yg tionghoa benci indo indo benci tionghoa bibit gini harus diciduk pak/bu tolong","1905679211089854561","","Gunung_Agoeng","in","","0","1","0","https://x.com/undefined/status/1905679211089854561","159149941",
"1905679173387255824","Fri Mar 28 17:51:35 +0000 2025","0","Pgn pulang kampung yg ada sawah gunung pantai tapi kampung siapa y","1905679173387255824","","","in","","0","0","0","https://x.com/undefined/status/1905679173387255824","373160497",
"1905678922957946969","Fri Mar 28 17:50:35 +0000 2025","0","fotoff turun gunung berarti emang bener gmm sengklek","1905678922957946969","","","in","","0","0","0","https://x.com/undefined/status/1905678922957946969","1403719007304183809",
"1905652232571269223","Fri Mar 28 17:49:22 +0000 2025","0","@tehmaniezzzzt gunung prahu dieng","1905678614173286745","","tehmaniezzzzt","in","","0","1","0","https://x.com/undefined/status/1905678614173286745","1891436022",
"1905678526323536315","Fri Mar 28 17:49:01 +0000 2025","0","Gunung","1905678526323536315","","","in","","0","0","0","https://x.com/undefined/status/1905678526323536315","999039862945693696",
"1905120001528676752","Fri Mar 28 17:47:07 +0000 2025","0","@Japesim Memanjat gunung melewati lembah abang anter makanya","1905678051712926133","","hyunjian","in","","0","1","0","https://x.com/undefined/status/1905678051712926133","770032757246398465",
"1905567993410793548","Fri Mar 28 17:45:40 +0000 2025","0","@midnightgurl___ @winttaaa Kalau carrier itu habis reparasi karena talinya putus. Mau beli lagi tapi belum kepikiran beli yang mana. Sedang mempertimbangkan beli jaket gunung jaket ultralight jersey lari atau sepatu lari buat event ","1905677684140830926","","midnightgurl___","in","","0","0","0","https://x.com/undefined/status/1905677684140830926","1480012764412137472",
"1905651628826669398","Fri Mar 28 17:44:03 +0000 2025","0","@yorisep @darbotz @ayatullahzulmi Soe Hok Gie (1942-1969) adalah aktivis dan penulis Indonesia keturunan Tionghoa. Ia dikenal menentang rezim Sukarno dan Suharto serta mengkritik korupsi lewat bukunya Catatan Seorang Demonstran . Gie kuliah dan mengajar di UI mendirikan Mapala UI dan meninggal di Gunung","1905677277280584086","","yorisep","in","","0","0","1","https://x.com/undefined/status/1905677277280584086","1720665183188922368",
"1905218256698307008","Fri Mar 28 17:43:48 +0000 2025","0","@convomf Ga wajar nder harusnya tuh anak kecil dididik keras soal sopan santun panggil sender kanjeng ratu gunung kidul","1905677214483370249","","convomf","in","","0","0","0","https://x.com/undefined/status/1905677214483370249","3314391541",
"1905670642923700281","Fri Mar 28 17:17:41 +0000 2025","0","Jika dirimu merasa paling bawah ingatlah! Hanya tinggi bukan gunung dan kita tapi Jakarta 15 celcius 2029. https://t.co/kNIPz1X2iH","1905670642923700281","https://pbs.twimg.com/media/GnJNWQXaoAApHUF.jpg","","in","","0","0","0","https://x.com/undefined/status/1905670642923700281","1791501382346059776",
"1905519755752313052","Fri Mar 28 17:15:57 +0000 2025","0","@youniversesal keren banget gambarnyaaa.. di kolom reply juga pada bagus-bagus gambarnyaaa. salam dari aku yang cuma bisa gambar 2 gunung di belakangnya ada matahari di depannya ada sawah itupun mleyot-mleyot semua gambarnya ","1905670206883856478","","youniversesal","in","","0","0","0","https://x.com/undefined/status/1905670206883856478","149803779",
"1905670075803467894","Fri Mar 28 17:15:26 +0000 2025","0","Gunung dong pantai panas brok","1905670075803467894","","","in","","0","0","0","https://x.com/undefined/status/1905670075803467894","457445427",
"1905623603321995607","Fri Mar 28 17:15:04 +0000 2025","3","@sehunriah @TxtJatikramat @zakiberkata Kyk gunung kidul di jawa","1905669983558115607","","sehunriah","in","","0","0","0","https://x.com/undefined/status/1905669983558115607","301991950",
"1905517410754724301","Fri Mar 28 17:12:16 +0000 2025","0","@lukmansaifuddin Bapak masih bisa meributkan itu bnyak dari kita dah mupus harapan ada rendang..","1905669281188380770","","lukmansaifuddin","in","","0","0","0","https://x.com/undefined/status/1905669281188380770","1735141551393878016",
"1905528858839060745","Fri Mar 28 17:12:08 +0000 2025","0","@Buyung__ Enggak ada niat buat mendaki gunung Everest","1905669245104755186","","Buyung__","in","","0","0","0","https://x.com/undefined/status/1905669245104755186","1256637410454036480",
"1905669152440025432","Fri Mar 28 17:11:46 +0000 2025","0","Gunung","1905669152440025432","","","in","","0","0","0","https://x.com/undefined/status/1905669152440025432","701752702305378304",
"1905151751390720265","Fri Mar 28 17:10:50 +0000 2025","0","@drhthariq @HSmanmore Ini banyak pemotongan imam nawawi menyebutkan ada 3 perbedaan pendapat dalam syafii sendiri ada perbedaan pendapat bahkan ada yg menyatakan sama dgn wanita merdeka.","1905668919819731205","","","in","","0","0","0","https://x.com/undefined/status/1905668919819731205","1735141551393878016",
"1905668133760995374","Fri Mar 28 17:07:43 +0000 2025","0","Pantai yes definitely gunung mau belum kesampean","1905668133760995374","","","in","","0","0","0","https://x.com/undefined/status/1905668133760995374","1790633440808996864",
"1905632561331871903","Fri Mar 28 17:07:30 +0000 2025","0","@evanerscent Iya loh kepikirannya gunung.","1905668079935521227","","evanerscent","in","","0","1","0","https://x.com/undefined/status/1905668079935521227","1555105449866694656",
"1905624729320333357","Fri Mar 28 17:05:47 +0000 2025","0","@lunablazec @sbyfess Yg bawa tas gunung","1905667648811413565","","lunablazec","in","","0","0","0","https://x.com/undefined/status/1905667648811413565","1400475250425425927",
"1905667600581099712","Fri Mar 28 17:05:36 +0000 2025","0","#NgewaroLevi @Levi_JKT48 Kalo kamu prefer pantai aku saranin pantai 3 warna malang Kalo prefer gunung aku saranin ke bromo Gatau mau nyaranin apalagi jarang banget liburan soalnya","1905667600581099712","","","in","","0","0","0","https://x.com/undefined/status/1905667600581099712","1442190777484918784",
"1905461735680868647","Fri Mar 28 17:05:30 +0000 2025","0","@mocidesu Iya secara teori kalau Titanic menabrak gunung es dengan bagian depannya langsung kerusakan mungkin akan lebih terlokalisasi. Struktur kapal kemungkinan masih bisa bertahan karena benturan akan mengenai bagian yang lebih kuat. Sayangnya saat mencoba menghindar lambung kapal","1905667577785073950","","mocidesu","in","","0","0","0","https://x.com/undefined/status/1905667577785073950","2557593804",
"1905350637459812660","Fri Mar 28 17:05:15 +0000 2025","0","@elynedanica Jalan-jalan aja ke gunung","1905667513335370207","","elynedanica","in","","0","0","0","https://x.com/undefined/status/1905667513335370207","1644902128295739392",
"1905296938041524321","Fri Mar 28 17:04:18 +0000 2025","2","@Gunung_Agoeng @neohistoria_id Playing victim ...kebangsaan aja ada 2 ...ras opportunis...liat aja salah satu konglo pulang ke Tiongkok...Dlm videonya bertemu Ama penguasa disana dia mengatakan indonesia dalah bapak angkatnya sedangkan Tiongkok bapak kandungnya...cuanya utk motherlandnya","1905667276126519626","","Gunung_Agoeng","in","","0","0","0","https://x.com/undefined/status/1905667276126519626","1520381536604139520",
"1905667253510832370","Fri Mar 28 17:04:13 +0000 2025","0","Dulu gunung skrng pantai wowkwok","1905667253510832370","","","in","","0","0","0","https://x.com/undefined/status/1905667253510832370","1818576668958887936",
"1905667117460156572","Fri Mar 28 17:03:41 +0000 2025","0","Tapi aku selalu berpikiran gitu bjir kayak... Akan selalu ada jalan menuju gunung... Insyaallah beneran adaa yakin aja dlu Tuhan gak tidur kok","1905667117460156572","","","in","","0","0","0","https://x.com/undefined/status/1905667117460156572","1822670162929369088",
"1905595278826332216","Fri Mar 28 17:00:30 +0000 2025","0","@rkiyve bjir pdhl ak mw nonton kalo yg petaka gunung gede tuh dh nonton lum ay? itu katanya serem ","1905666319028290040","","rkiyve","in","","0","1","0","https://x.com/undefined/status/1905666319028290040","1373081972004687874",
"1905665644907167772","Fri Mar 28 17:00:01 +0000 2025","0","@urslutyy33 Yuk petaka gunung gede wkwk","1905666194675564878","","urslutyy33","in","","0","0","0","https://x.com/undefined/status/1905666194675564878","1242966575470133249",
"1905655068420178116","Fri Mar 28 16:59:44 +0000 2025","0","@Fardaaland naik ke puncak gunung?","1905666125301776530","","Fardaaland","in","","0","1","0","https://x.com/undefined/status/1905666125301776530","1003380581030170624",
