"conversation_id_str","created_at","favorite_count","full_text","id_str","image_url","in_reply_to_screen_name","lang","location","quote_count","reply_count","retweet_count","tweet_url","user_id_str","username"
"1962137960695947353","Sun Aug 31 23:59:45 +0000 2025","0","@roblox_fess gag sm gunung","1962304332600418337","","roblox_fess","in","","0","0","0","https://x.com/undefined/status/1962304332600418337","1253485350024032256",
"1962303528002822508","Sun Aug 31 23:56:33 +0000 2025","0","Agustus A-nya adventure awal bulan mendaki gunung. pertengahan bulan ke solo dan jogja. akhir bulan main ke sungai. https://t.co/wuOfOSyUrO","1962303528002822508","https://pbs.twimg.com/media/GzuAph6aAAIc0Ht.jpg","","in","","0","0","0","https://x.com/undefined/status/1962303528002822508","1297563691",
"1962303370548715714","Sun Aug 31 23:55:59 +0000 2025","0","perlunya strategi yang lebih terencana untuk mengatasi overtourism. Pada akhirnya Gunung Fuji Lawson bukan hanya tentang foto indah melainkan simbol nyata bahwa masalah pariwisata Jepang harus ditangani dengan serius agar keseimbangan antara wisata dan kehidupan masyarakat.","1962303385908219968","","podcast_tyler","in","","0","0","0","https://x.com/undefined/status/1962303385908219968","1446295404287455238",
"1962303370548715714","Sun Aug 31 23:55:58 +0000 2025","0","berperan besar dalam membentuk pola wisata di Gunung Fuji Lawson. Meski banyak warga bersyukur atas peningkatan ekonomi sebagian lain menilai ada batas atas dalam menerima arus turis. Dari masalah infrastruktur hingga keterbatasan fasilitas Gunung Fuji Lawson menunjukkan","1962303380354892282","","podcast_tyler","in","","0","1","0","https://x.com/undefined/status/1962303380354892282","1446295404287455238",
"1962303370548715714","Sun Aug 31 23:55:56 +0000 2025","0","Lawson di Gunung Fuji kini menjadi ikon unik yang memperlihatkan dua sisi pariwisata Jepang. Di satu sisi Lawson dengan latar Gunung Fuji mendatangkan ribuan wisatawan asing membawa keuntungan bagi bisnis lokal. Namun di sisi lain fenomena ini juga menimbulkan masalah https://t.co/h7DptlbvQF","1962303370548715714","https://pbs.twimg.com/media/GzuAg_jbIAAo77Z.jpg","","in","","0","1","1","https://x.com/undefined/status/1962303370548715714","1446295404287455238",
"1962301495220580365","Sun Aug 31 23:55:13 +0000 2025","36","@roblox_fess benerr :( aku pas di gunung daun di tawarin gendong mulu pas aku tolak responnya ga enak. padahal aku di gunung daun tuh emang mau belajarr biar ga dontol","1962303193989493058","","roblox_fess","in","","0","2","0","https://x.com/undefined/status/1962303193989493058","1951083862739779584",
"1962303130819006968","Sun Aug 31 23:54:59 +0000 2025","0","ibarat lagi ngebahas bakso tapi gunung krakatau diseret seret ke pembahasan deuhh","1962303132635115980","","mochiyklepon","in","","0","0","0","https://x.com/undefined/status/1962303132635115980","2301202585",
"1962302855467168139","Sun Aug 31 23:53:53 +0000 2025","0","Coy gue mimpi ke bali beneran mimpi liat sunset di bali di beach club tapi kok ada gunung segala???","1962302855467168139","","","in","","0","0","0","https://x.com/undefined/status/1962302855467168139","117651955",
"1962301291935523274","Sun Aug 31 23:49:47 +0000 2025","0","@thecinanamon Eh semalem aku cb gunung ini baru post 3/5 lupa dah jatoh trs emg sesusah itu ","1962301826327560392","","thecinanamon","in","","0","1","0","https://x.com/undefined/status/1962301826327560392","1509127795926274048",
"1962301570923774304","Sun Aug 31 23:48:46 +0000 2025","0","BANYAK PEJABAT KE LUAR NEGERI MENDING NAIK GUNUNG AJA https://t.co/uWZmfhDmaj","1962301570923774304","https://pbs.twimg.com/amplify_video_thumb/1962301498488233984/img/MMDj5KiVxRrJvmqI.jpg","","in","","0","0","0","https://x.com/undefined/status/1962301570923774304","110581726",
"1962301495220580365","Sun Aug 31 23:48:28 +0000 2025","246","aku kadang suka ga demen kalau main ke gunung !roblox baru dan summit 0 tuh udah buru buru dr basecamp di tawarin carry orang aku mau nyoba dulu. mana rata2 kalau di tolak blgnya sombong gitu :(","1962301495220580365","","","in","","27","56","6","https://x.com/undefined/status/1962301495220580365","1903872646678470656",
"1962301045075333350","Sun Aug 31 23:46:41 +0000 2025","0","Kira kira pada mau fitur apa sih buat gunung roblox!? Btw cobain Mount Labirin ges https://t.co/jzJprt0UTA https://t.co/6yKIIbk6hc","1962301045075333350","https://pbs.twimg.com/media/Gzt-ZqAWAAAHik_.png","","in","","0","1","0","https://x.com/undefined/status/1962301045075333350","1667714410000060416",
"1962300985176682817","Sun Aug 31 23:46:27 +0000 2025","0","banyak sekali pemikiran di kepala namun sayang sekali ga ada target untuk menjadi sasaran pengutaraan yasudah akhirnya kuputuskan untuk mendaki gunung","1962300985176682817","","","in","","0","0","0","https://x.com/undefined/status/1962300985176682817","1081886749276557319",
"1962298441339695518","Sun Aug 31 23:36:20 +0000 2025","0","Dapet diultimatum sama ibu pagi ini Udah ya ini terakhir kamu naik gunung. Saatnya ngurus hal lain yang lebih penting ","1962298441339695518","","","in","","0","2","0","https://x.com/undefined/status/1962298441339695518","1168339248635760640",
"1962297221334077839","Sun Aug 31 23:31:39 +0000 2025","0","Ini awal-awal ketemu 2 anomali anjay gak berani summit gunung yang susah jadi kita bertiga ambil gunung yang cuma jalan https://t.co/iPbrow4O7b","1962297260982882811","https://pbs.twimg.com/media/Gzt69J5aAAEBQqJ.jpg","kijyoomi","in","","0","1","0","https://x.com/undefined/status/1962297260982882811","779417304559783936",
"1959553395951612171","Sun Aug 31 23:29:39 +0000 2025","0","@SFT03ANYUJIN wkwkwk ayo farming di gunung","1962296759457300909","","SFT03ANYUJIN","in","","0","1","0","https://x.com/undefined/status/1962296759457300909","996678612030902273",
"1962296221734990325","Sun Aug 31 23:27:31 +0000 2025","31","Polisi menetapkan empat orang sebagai provokator terkait rencana penyerangan ke Mako Satuan Latihan Brimob Cikeas Kecamatan Gunung Putri Kabupaten Bogor pada Sabtu 31 Agustus 2025 malam. Baca selengkapnya https://t.co/Asq5pwOMIv ~LL #Provokator #PenyeranganMako https://t.co/O4Q23JnSoq","1962296221734990325","https://pbs.twimg.com/media/Gzt5_7-bAAAvi8a.jpg","","in","","4","8","7","https://x.com/undefined/status/1962296221734990325","23343960",
"1962149819444543523","Sun Aug 31 23:27:28 +0000 2025","0","@roblox_fess Gaada partner kak. Tiap gunung beda orang. Maren malah kena tinggal. Dahal dri Cp1- cp2 kita bersama ","1962296210045472984","","roblox_fess","in","","0","0","0","https://x.com/undefined/status/1962296210045472984","1140515224165838848",
"1962295945032618036","Sun Aug 31 23:26:27 +0000 2025","0","pada 13 September 2025 (Sabtu); Program Satelit MADANI Rakyat Warga FELDA di FELDA Gunung Bongsu Kulim Bandar Baharu pada 19 dan 20 September 2025 (Jumaat dan Sabtu); dan Program Eksplorasi Perpaduan: Satelit PMR 2025 Kedah di Dewan Badminton Kupang Baling","1962295953840640169","","PACU_PMO","in","","0","1","0","https://x.com/undefined/status/1962295953840640169","1359782755970650112",
"1962295631374155979","Sun Aug 31 23:25:10 +0000 2025","0","Tim SAR Gabungan Evakuasi Dua Pendaki Gunung Batukaru yang Kelelahan https://t.co/PJ4dPvJasU","1962295631374155979","","","in","","0","0","0","https://x.com/undefined/status/1962295631374155979","948819476140589057",
"1962295034889589120","Sun Aug 31 23:22:48 +0000 2025","1","07.22 Simpang Gunung Lingai &amp; simpang Alaya : Antrian kendaraan normal Situasi arus lalin lancar. #MinYn https://t.co/89XxR8dU7h","1962295034889589120","https://pbs.twimg.com/media/Gzt44JJasAA_PVv.jpg","","in","","0","0","1","https://x.com/undefined/status/1962295034889589120","240460194",
"1962294893273092438","Sun Aug 31 23:22:14 +0000 2025","0","adek gua hari ini summit 2 gunung w/ abang2 pembaik yg mau ngegendong sampe puncak https://t.co/tLXWmjbzrx","1962294893273092438","https://pbs.twimg.com/media/Gzt4zhwa8AALYcm.jpg","","in","","0","1","0","https://x.com/undefined/status/1962294893273092438","1520772972390215680",
"1962192646098850285","Sun Aug 31 23:18:21 +0000 2025","0","@SontoloyoTeguh @GreenpeaceID @prabowo Berdasarkan laporan dari BBC Tirto dan Greenpeace luas hutan yang dibuka untuk proyek food estate singkong di Gunung Mas Kalimantan Tengah sekitar 600-700 hektare khususnya di Desa Tewai Baru. Target keseluruhan lebih besar (10.000 ha untuk kabupaten itu) tapi implementasi","1962293915744428278","","SontoloyoTeguh","in","","0","0","0","https://x.com/undefined/status/1962293915744428278","1720665183188922368",
"1962192646098850285","Sun Aug 31 23:16:54 +0000 2025","0","@GreenpeaceID @prabowo @grok berapa luas hutan untuk foodstate di gunung mas kalimantan tengah?","1962293548415689140","","GreenpeaceID","in","","0","1","0","https://x.com/undefined/status/1962293548415689140","1899166822857056256",
"1962179981796364352","Sun Aug 31 23:07:33 +0000 2025","0","@roblox_fess gag peta peta map gunung","1962291195801166315","","roblox_fess","in","","0","0","0","https://x.com/undefined/status/1962291195801166315","1573894019272167424",
"1962290690697896051","Sun Aug 31 23:05:32 +0000 2025","0","AKU PERNAH pas di gunung daun mau digendong kan trs aku digendong tuh dri cp 1 sampe 2 pas di cp 3 aku minta diturunin aja eh taunya jatoh mulu jir mana dianya nungguin di depan cp nya dan ngeliatin aku yg bolak balik cp krn mati trs malu bgt","1962290690697896051","","","in","","0","0","0","https://x.com/undefined/status/1962290690697896051","1174679182581780481",
"1962290475643376005","Sun Aug 31 23:04:41 +0000 2025","0","Di sana gunung di sini gunung","1962290475643376005","","","tl","","0","0","1","https://x.com/undefined/status/1962290475643376005","897776295374864384",
"1962288577565581464","Sun Aug 31 22:57:09 +0000 2025","1053","Di sana gunung di sini gunung","1962288577565581464","","","tl","","0","21","136","https://x.com/undefined/status/1962288577565581464","1080481376623722507",
"1962179981796364352","Sun Aug 31 22:56:52 +0000 2025","0","@roblox_fess Map2 gunung yg lainnya msh suka gonta-ganti","1962288507860451724","","roblox_fess","in","","0","0","0","https://x.com/undefined/status/1962288507860451724","1894032299374841856",
"1962286787289903130","Sun Aug 31 22:50:02 +0000 2025","0","Pov menuju surga di roblox jalur gunung asi lembayana : https://t.co/HaFbdWHXWl","1962286787289903130","https://pbs.twimg.com/media/Gztxbc5acAAwUGQ.jpg","","in","","0","0","0","https://x.com/undefined/status/1962286787289903130","1825889936882688000",
"1962285910290231517","Sun Aug 31 22:46:33 +0000 2025","0","bangsa vampire pun sampai turun gunung","1962285910290231517","","","in","","0","0","0","https://x.com/undefined/status/1962285910290231517","1406449391624282113",
"1962156137966694704","Sun Aug 31 22:38:35 +0000 2025","0","@limited4ccess Iya udah gada balik ke fyp pendakian gunung gunung ","1962283905220006339","","limited4ccess","in","","0","0","0","https://x.com/undefined/status/1962283905220006339","1318833921161711616",
"1962179981796364352","Sun Aug 31 22:33:16 +0000 2025","0","@roblox_fess relapse danz karoke semua gunung","1962282568784773199","","roblox_fess","in","","0","0","0","https://x.com/undefined/status/1962282568784773199","1788123623456456704",
"1962132693841580053","Sun Aug 31 22:25:00 +0000 2025","0","@hmjsan Doaaaakan ak hari ini otowe gunung putri ya ","1962280488766488964","","hmjsan","in","","0","1","0","https://x.com/undefined/status/1962280488766488964","1795011297396047872",
"1962278785757352005","Sun Aug 31 22:18:14 +0000 2025","0","Iman bisa menggerakkan gunung","1962278785757352005","","","in","","0","0","0","https://x.com/undefined/status/1962278785757352005","4852550420",
"1962278319908700481","Sun Aug 31 22:16:23 +0000 2025","0","omegot ini orang orang pada mw naik gunung apa","1962278319908700481","","","in","","0","0","0","https://x.com/undefined/status/1962278319908700481","1631763874096775168",
"1962276767269588998","Sun Aug 31 22:10:13 +0000 2025","0","Ga mau lgi ke gunung ini https://t.co/fr2Aoe7xAD","1962276767269588998","https://pbs.twimg.com/media/GztoUElb0AAfdIO.jpg","","in","","0","0","0","https://x.com/undefined/status/1962276767269588998","1955686994115547136",
"1962276199633432757","Sun Aug 31 22:07:57 +0000 2025","0","Korem 063/Sunan Gunung Jati Mengucapkan Selamat Hari Jadi KABUPATEN KUNINGAN ke - 527 1 September 2025 https://t.co/6WkhBIFQ6K","1962276199633432757","https://pbs.twimg.com/media/GztnzfoaMAAnGBy.jpg","","in","","0","0","0","https://x.com/undefined/status/1962276199633432757","1446855366524895240",
"1962275350018486454","Sun Aug 31 22:04:35 +0000 2025","0","Korem 063/Sunan Gunung Jati Mengucapkan Dirgahayu POLWAN Polisi Wanita Republik Indonesia 1 September 2025 Polri Untuk Masyarakat https://t.co/ztGdTncWa0","1962275350018486454","https://pbs.twimg.com/media/GztnCBXa4AAL-xj.jpg","","in","","0","0","0","https://x.com/undefined/status/1962275350018486454","1446855366524895240",
"1962275100906184863","Sun Aug 31 22:03:36 +0000 2025","0","Lagian malem malem ke Situ Gunung lu. Bukannya pulang.","1962275100906184863","","","in","","0","0","0","https://x.com/undefined/status/1962275100906184863","1056512881192185857",
"1962179981796364352","Sun Aug 31 21:58:02 +0000 2025","0","@roblox_fess gag gunung funtake keknya itu aja deh","1962273702000963841","","roblox_fess","in","","0","0","0","https://x.com/undefined/status/1962273702000963841","1566959818040295425",
"1962269423403937819","Sun Aug 31 21:41:02 +0000 2025","1","digendong ama ibu kos yg juga ngejaga gunung daun neh makaci ia li lopyuh @markeufarm https://t.co/4tmBry7I3j","1962269423403937819","https://pbs.twimg.com/media/GzthoZyb0AAFAzd.jpg","","in","","1","0","0","https://x.com/undefined/status/1962269423403937819","1871533058043817985",
"1962199489617502620","Sun Aug 31 21:38:55 +0000 2025","0","@beacuan Munggah gunung lak'an...","1962268890882552150","","beacuan","in","","0","0","0","https://x.com/undefined/status/1962268890882552150","1820647690415554560",
"1962267309256614223","Sun Aug 31 21:35:42 +0000 2025","8","@idextratime klo gabisa naik puncak klasmen besok naik puncak gunung aja cul sama bang windah","1962268079674860014","","idextratime","in","","0","0","0","https://x.com/undefined/status/1962268079674860014","1431864825261424641",
"1962263030433198442","Sun Aug 31 21:15:38 +0000 2025","0","Yaallah lg mimpi naik gunung knp ke bangun dikit lg sampe pdhl","1962263030433198442","","","in","","0","0","0","https://x.com/undefined/status/1962263030433198442","1257965803632115714",
"1962113776116973629","Sun Aug 31 21:13:00 +0000 2025","1","@mapedos01 @prabowo @Gerindra Yg jualan orang miskin skrg sdh jadi komisaris pertamina ya bu @naniksdeyang ???","1962262370824380800","","mapedos01","in","","0","0","1","https://x.com/undefined/status/1962262370824380800","1701624074877984768",
"1962260237353992409","Sun Aug 31 21:04:32 +0000 2025","0","semoga diumur yang ke 21 ini punya pengalaman naik gunung ","1962260237353992409","","","in","","0","1","0","https://x.com/undefined/status/1962260237353992409","1480046916666757120",
"1962260098476360050","Sun Aug 31 21:03:59 +0000 2025","1","Gunung paling hard sejauh ini @spittleshy ketiduran sampe dikurung admin wkwk https://t.co/jSaQXD2eeB","1962260098476360050","https://pbs.twimg.com/media/GztZKKrbsAAU4B6.jpg","","in","","0","4","0","https://x.com/undefined/status/1962260098476360050","1124914584337301504",
"1962259560783347937","Sun Aug 31 21:01:50 +0000 2025","26","Naik naik ke puncak gunung Tinggi tinggi sekaliiiii @hayder_imron @savicali @maman1965 @Gus_Arifin @CoachJustinL #YNWA https://t.co/OJjakRSiEt","1962259560783347937","https://pbs.twimg.com/media/GztYqoZboAAdtrq.jpg","","in","","1","5","3","https://x.com/undefined/status/1962259560783347937","3895489933",
"1962257260186649061","Sun Aug 31 20:52:42 +0000 2025","0","MONYEEET. MAPS GUNUNG ROBLOX YANG ADA JUMPSCARE NYA ITU NYEBELIN. ","1962257260186649061","","","in","","0","0","0","https://x.com/undefined/status/1962257260186649061","3185513942",
"1961958111004197315","Sun Aug 31 20:50:26 +0000 2025","0","@SeriDianawati Genjer genjer hobinya joget2","1962256691896226029","","SeriDianawati","in","","0","0","0","https://x.com/undefined/status/1962256691896226029","1701624074877984768",
"1962256411280482735","Sun Aug 31 20:49:20 +0000 2025","0","hilih banyak gaya momo kotak naik gunung https://t.co/vLpwcpLbK1","1962256411280482735","https://pbs.twimg.com/ext_tw_video_thumb/1962256343559208960/pu/img/oatLpIKDSQp5JxmP.jpg","","in","","0","0","0","https://x.com/undefined/status/1962256411280482735","881683001301585920",
"1962256389562351671","Sun Aug 31 20:49:14 +0000 2025","0","wayahe punk mudun gunung","1962256389562351671","","","in","","0","0","0","https://x.com/undefined/status/1962256389562351671","1557191050363817984",
"1962255167371534544","Sun Aug 31 20:44:23 +0000 2025","0","emang mount nyet ni gunung. shortcut dontol paling ampuh adalah cari ojek tysm bang baik https://t.co/qk2Sx0ePvh","1962255167371534544","https://pbs.twimg.com/media/GztUq_dbkAEHogT.jpg","","in","","0","0","0","https://x.com/undefined/status/1962255167371534544","881683001301585920",
"1962254342364500255","Sun Aug 31 20:41:06 +0000 2025","1","Foto pertama kali naik gunung andong niate meh nonton karnaval Ngipik malah tekan andong trus bengine dolan Nang alun alun mah bablas Jogja hahaha sesok e prei 2 Minggu malah setahun ternyata Dejavu asw https://t.co/RWKpPmeFC8","1962254342364500255","https://pbs.twimg.com/media/GztT7RCaYAAek_M.jpg","","in","","0","0","0","https://x.com/undefined/status/1962254342364500255","1204791320398585856",
"1962191782676148534","Sun Aug 31 20:30:53 +0000 2025","2","@Resty_J_Cayah Hahaha...150jt pada cair jang....","1962251770295640381","","RestyeCayah","in","","0","0","0","https://x.com/undefined/status/1962251770295640381","1701624074877984768",
"1962249945425363049","Sun Aug 31 20:23:38 +0000 2025","0","ketemu admin gunung rahwana anjaiiii trs aku sama temen ku dibawa ke tempat rahasia gg bgt ga tuhhh mana aku sm tmn ku yapping mulu dri awal https://t.co/6bikQ5CvC1","1962249945425363049","https://pbs.twimg.com/media/GztP68nbkAErmiN.jpg","","in","","0","0","0","https://x.com/undefined/status/1962249945425363049","1350765848454066180",
"1962179981796364352","Sun Aug 31 20:22:30 +0000 2025","0","@roblox_fess atlas semua gunung relapse","1962249662225867159","","roblox_fess","in","","0","0","0","https://x.com/undefined/status/1962249662225867159","1379280364208758784",
"1962249378565165257","Sun Aug 31 20:21:23 +0000 2025","0","jujur gue gakuat liat si vei barusan pdhl gue pun sama dontolnya kalo naik gunung wkakakak","1962249378565165257","","","in","","0","0","0","https://x.com/undefined/status/1962249378565165257","1246774250997862401",
"1962242627744706686","Sun Aug 31 20:16:20 +0000 2025","0","@slowburcn Gengsi lewat jalur cupu di cp 14. Gunung akhirat.","1962248107430928855","","slowburcn","in","","0","0","0","https://x.com/undefined/status/1962248107430928855","1678324196399783936",
"1962240140136550886","Sun Aug 31 20:06:58 +0000 2025","0","@immuezza klo jago naik gunung kita naik gunung aj","1962245751016407486","","immuezza","in","","0","2","0","https://x.com/undefined/status/1962245751016407486","1880874815147646976",
"1962244832132559337","Sun Aug 31 20:03:19 +0000 2025","7","UNESCO Global Geopark in Indonesia: 1. Batur 2. Gunung Sewu 3. Ciletuh-Palabuhanratu 4. Rinjani-Lombok 5. Toba Caldera 6. Belitong 7. Merangin Jambi 8. Ijen 9. Maros Pangkep 10. Raja Ampat 11. Kebumen 12. Meratus","1962244832132559337","","","in","","0","0","0","https://x.com/undefined/status/1962244832132559337","1584150314944692224",
"1962244820073881738","Sun Aug 31 20:03:16 +0000 2025","7","Taman Bumi (Geopark) Dunia/Global UNESCO di Indonesia: 1. Batur 2. Gunung Sewu 3. Ciletuh-Palabuhanratu 4. Rinjani-Lombok 5. Kaldera Toba 6. Belitong 7. Merangin Jambi 8. Ijen 9. Maros Pangkep 10. Raja Ampat 11. Kebumen 12. Meratus","1962244820073881738","","","in","","0","0","0","https://x.com/undefined/status/1962244820073881738","1584150314944692224",
"1962244800771686751","Sun Aug 31 20:03:11 +0000 2025","7","UNESCO World Biosphere Reserves in Indonesia: 1. Cibodas 2. Komodo 3. Lore Lindu 4. Tanjung Puting 5. Gunung Leuser 6. Siberut 7. Giam Siak Kecil-Bukit Batu 8. Wakatobi 9.Bromo Tengger Semeru-Arjuno 10. Taka Bonerate-Selayar 11. Belambangan 12. Berbak-Sembilang","1962244800771686751","","","in","","0","1","0","https://x.com/undefined/status/1962244800771686751","1584150314944692224",
"1962244785219215780","Sun Aug 31 20:03:08 +0000 2025","7","Cagar Biosfer Dunia UNESCO di Indonesia: 1. Cibodas 2. Komodo 3. Lore Lindu 4. Tanjung Puting 5. Gunung Leuser 6. Siberut 7. Giam Siak Kecil-Bukit Batu 8. Wakatobi 9. Bromo Tengger Semeru-Arjuno 10. Taka Bonerate-Selayar 11. Belambangan 12. Berbak-Sembilang","1962244785219215780","","","in","","0","1","0","https://x.com/undefined/status/1962244785219215780","1584150314944692224",
"1949472355601854808","Sun Aug 31 20:01:17 +0000 2025","0","73. gunung aksara jalannya lama bgt tapi gampang sie https://t.co/AvoTwPUM9d","1962244319450153102","https://pbs.twimg.com/media/GztKzlIasAAoXBo.jpg","cheezzyb0ba","in","","0","1","0","https://x.com/undefined/status/1962244319450153102","1452090279146622985",
"1962243227773538569","Sun Aug 31 19:56:56 +0000 2025","0","Danau. Gunung. Kabut. https://t.co/ZpsLeSV3RP","1962243227773538569","https://pbs.twimg.com/media/GztJ0TBbwAA3392.jpg","","in","","0","0","0","https://x.com/undefined/status/1962243227773538569","360424240",
"1962242609294012564","Sun Aug 31 19:54:29 +0000 2025","7","Sundanese culture traditional dance heritage in Indonesia: jaipongan/jaipong ketuk tilu ronggeng gunung doger merak sunda topeng banjet badaya kandagan keurseus gawil ratu graeni lenyepan sulintang kalang mayang katon kandagan gagahan putra sekar putri prawesti.","1962242609294012564","","","in","","0","0","0","https://x.com/undefined/status/1962242609294012564","1175518892178821120",
"1962242592361554213","Sun Aug 31 19:54:25 +0000 2025","7","Warisan budaya tari/tarian tradisional Sunda di Indonesia: jaipongan/jaipong ketuk tilu ronggeng gunung doger merak sunda topeng banjet badaya kandagan keurseus gawil ratu graeni lenyepan sulintang kalang mayang katon kandagan gagahan putra sekar putri prawesti.","1962242592361554213","","","in","","0","0","0","https://x.com/undefined/status/1962242592361554213","1175518892178821120",
"1962242421561201039","Sun Aug 31 19:53:44 +0000 2025","0","maaf slowresp lagi mendaki gunung ","1962242421561201039","","","in","","0","0","0","https://x.com/undefined/status/1962242421561201039","1630282806902542337",
"1962242323523522841","Sun Aug 31 19:53:21 +0000 2025","0","klo baca pengumuman lebih cepat mungkin hari ini masih menikmati pagi di kaki gunung merbabu https://t.co/8I72Lfsi39","1962242323523522841","https://pbs.twimg.com/media/GztI_GfaIAAyKbD.jpg","","in","","0","0","0","https://x.com/undefined/status/1962242323523522841","65625055",
"1962236307465478557","Sun Aug 31 19:51:28 +0000 2025","0","@fleurciest_ @vtcrlight iyaa wehh lucuu kali gunung nyaa","1962241850020135105","","fleurciest_","in","","0","0","0","https://x.com/undefined/status/1962241850020135105","1817428415596883968",
"1962152060906025053","Sun Aug 31 19:48:33 +0000 2025","0","@tinkeurbeiil main gunung apaa","1962241116989948068","","tinkeurbeiil","in","","0","0","0","https://x.com/undefined/status/1962241116989948068","929239116050395137",
"1962240697110860141","Sun Aug 31 19:46:53 +0000 2025","0","ga lagi aku nanjak di roblos lebih emosi dibanding main emel hampir 3 jam buat summit gunung pantek ini https://t.co/MmPw3OWdVS","1962240697110860141","https://pbs.twimg.com/media/GztHggqbMAAeeSK.jpg","","in","","0","5","0","https://x.com/undefined/status/1962240697110860141","1951120264269635584",
"1962239548001566972","Sun Aug 31 19:42:19 +0000 2025","0","Btw tadi habis naik gunung sama mutual. Gue kan anaknya yappingan sedangkan dia introvert. Gue tanya capek ga sih dengerin gue ngoceh sepanjang gunung katanya CAPEK ","1962239548001566972","","","in","","0","0","0","https://x.com/undefined/status/1962239548001566972","1555347531118579712",
"1962234926969049264","Sun Aug 31 19:42:10 +0000 2025","0","@PondaXi tamatin gunung terserah plis","1962239510944903397","","PondaXi","in","","0","1","0","https://x.com/undefined/status/1962239510944903397","1312054531719483396",
"1962238325387092301","Sun Aug 31 19:37:28 +0000 2025","0","infokan gunung yang paling susah:v https://t.co/jpOuQCDckq","1962238325387092301","https://pbs.twimg.com/media/GztFWcEawAAZuK2.jpg","","in","","0","0","0","https://x.com/undefined/status/1962238325387092301","1194859876628828162",
"1962237824109011086","Sun Aug 31 19:35:28 +0000 2025","0","gunung gila https://t.co/1joL3mDh0n","1962237824109011086","https://pbs.twimg.com/media/GztE5d8aMAARYzj.jpg","","tl","","0","0","0","https://x.com/undefined/status/1962237824109011086","1395506153103130624",
"1962237382641721465","Sun Aug 31 19:33:43 +0000 2025","1","mendaki gunung &amp; mancing mania @906kwat https://t.co/psYcO9GOWu","1962237382641721465","https://pbs.twimg.com/media/GztEfrObUAAADSg.jpg","","in","","0","1","1","https://x.com/undefined/status/1962237382641721465","1778656775144898560",
"1962235505069916486","Sun Aug 31 19:28:48 +0000 2025","0","trims jg ka jena yg sudah ajak aku pertama kali ke gunung daun","1962236147029147838","","bluetifulmj","in","","0","0","0","https://x.com/undefined/status/1962236147029147838","1534535977217118213",
"1962235338023432622","Sun Aug 31 19:25:35 +0000 2025","0","gunung ya gunung‍️ difficulty: ez to med 10 cp deket-deket ga bisa gendong keknya. b aza sie gunungnya yaudah obby doang. https://t.co/uFzblVB9IC","1962235338023432622","https://pbs.twimg.com/media/GztCoefaEAAjrW7.jpg","","in","","1","0","0","https://x.com/undefined/status/1962235338023432622","1883212183",
"1962234869146399083","Sun Aug 31 19:23:44 +0000 2025","0","bosan gak ada yg ngajakin naik gunung nih? https://t.co/GIehvqVrGY","1962234869146399083","https://pbs.twimg.com/media/GztCNcQbYAAwa40.jpg","","in","","0","1","0","https://x.com/undefined/status/1962234869146399083","1275790968285835264",
"1962231418123386910","Sun Aug 31 19:21:12 +0000 2025","0","@pahingboys p Mabar gunung","1962234232207749524","","pahingboys","in","","0","1","0","https://x.com/undefined/status/1962234232207749524","1104373096100749312",
"1962233518026891499","Sun Aug 31 19:18:21 +0000 2025","0","gunung pilar‍ difficulty: ez kalo cuma sampe puncak pertama (udah kehitung summit). tapi ternyata ada puncak lanjutannya yang puncak utama aku belom ke sana sih capek menghadapi kayu tantrum mana ngebug. dah lah aku payah cukup ampe puncak boongannya aje https://t.co/MjTYTm3Jzy","1962233518026891499","https://pbs.twimg.com/media/GztA-VPbwAIlYmJ.jpg","","in","","1","0","0","https://x.com/undefined/status/1962233518026891499","1883212183",
"1962233362527265154","Sun Aug 31 19:17:44 +0000 2025","0","newbie mau ikut naik gunung: https://t.co/JBWsOrMFFh","1962233362527265154","https://pbs.twimg.com/media/GztA1ytaIAAQ4rR.jpg","","in","","0","0","0","https://x.com/undefined/status/1962233362527265154","1093739233217396736",
"1962137960695947353","Sun Aug 31 19:15:05 +0000 2025","0","@roblox_fess gunung daun. asli dah banyak bgt + awet pokoknya tiap ketemu pas lgi ngepush pasti selalu nyapa. ada jg yg berakhir jdi temen mabar kemana mana","1962232692319428671","","roblox_fess","in","","0","0","0","https://x.com/undefined/status/1962232692319428671","1479256033465798657",
"1962232661851996199","Sun Aug 31 19:14:57 +0000 2025","0","ajak aku mendaki gunung tersulit ak dah ready https://t.co/x5he1m5Q5w","1962232661851996199","https://pbs.twimg.com/media/GztANRhbEAAyC8J.jpg","","in","","0","0","0","https://x.com/undefined/status/1962232661851996199","1283766397638594561",
"1957170180246929663","Sun Aug 31 19:12:11 +0000 2025","0","ternyata gua lupa belom kelarin ini gunung https://t.co/cf2zFjJqqu","1962231963223572798","https://pbs.twimg.com/media/Gzs_kUAbQAAHZeO.jpg","ujangkeduh","in","","0","1","0","https://x.com/undefined/status/1962231963223572798","1275163348473012225",
"1962231918793293883","Sun Aug 31 19:12:00 +0000 2025","0","gunung serayung difficulty: ez tapi labirinnya anjim sih. beneran ruang labirin bukan goa. aku muter di situ lama banget banget ampe ga mood bisa gendong fiturnya banyak (haus laper energi kebelet pup). cp dikit sebenernya tapi jauh brok bisa gendong. https://t.co/w3sDl1VFuU","1962231918793293883","https://pbs.twimg.com/media/Gzs_hf3bcAAT3Q7.jpg","","in","","1","0","0","https://x.com/undefined/status/1962231918793293883","1883212183",
"1962178631595336082","Sun Aug 31 19:08:52 +0000 2025","0","@xinnxss Gunung apa? Klo sumbing aku stuju","1962231128724832761","","sanogamtengg","in","","0","0","0","https://x.com/undefined/status/1962231128724832761","1958471349351190528",
"1962231077466198397","Sun Aug 31 19:08:40 +0000 2025","1","gunung kesayangan bersama kesayanganku @hogsmaeds https://t.co/fxrwIHIZuy","1962231077466198397","https://pbs.twimg.com/media/Gzs-wJybsAAIL7C.jpg","","in","","1","7","1","https://x.com/undefined/status/1962231077466198397","1278194156750303232",
"1962230722514784514","Sun Aug 31 19:07:15 +0000 2025","0","gunung hilih difficulty: ez aza bisa gendong cp dikit tapi ada goa labirin. https://t.co/rWr6mUvMUP","1962230722514784514","https://pbs.twimg.com/media/Gzs-bvLa8AA1Bo0.jpg","","in","","1","0","0","https://x.com/undefined/status/1962230722514784514","1883212183",
"1962230708078014597","Sun Aug 31 19:07:11 +0000 2025","0","Sebelum bobo mari doa bersama that prabs and his rats will guling2 dr atas gunung ke kebun jagung lalu mati kesedak jagung. Sorry jagung","1962230708078014597","","","in","","0","0","0","https://x.com/undefined/status/1962230708078014597","1600174386203758593",
"1960774109467697203","Sun Aug 31 19:04:13 +0000 2025","0","Gunung Hilih - Medium https://t.co/Ut4RIGvded","1962229958321062360","https://pbs.twimg.com/media/Gzs9v1QbUAAJ-TZ.jpg","Midasekai","in","","0","1","0","https://x.com/undefined/status/1962229958321062360","1133793696632135680",
"1962229414542111046","Sun Aug 31 19:02:03 +0000 2025","1","bukit sapu angin izi pizi aja gunung 'normal' yang pemandangannya cakeeeup tapi tetep ada obstacle yang challenging dikit. bisa gendong cp dikit tapi jauh-jauh. keknya ada spot rekreasinya tapi aku ga eksplor. https://t.co/Aki9CUF4qX","1962229414542111046","https://pbs.twimg.com/media/Gzs9PdgbAAAaxZU.jpg","","in","","1","0","1","https://x.com/undefined/status/1962229414542111046","1883212183",
"1962229363396755840","Sun Aug 31 19:01:51 +0000 2025","0","L gunung udah susah susah naik tangga inul bahkan yg nyampe puncak cuma aku tp view summitnya babi jelek bgt nothing special here i told ya https://t.co/YXOzgzh2xz","1962229363396755840","https://pbs.twimg.com/media/Gzs9M_Ma4AAnLUL.jpg","","in","","0","1","0","https://x.com/undefined/status/1962229363396755840","1340646644828672001",
"1962223900429058510","Sun Aug 31 19:01:09 +0000 2025","0","@amourizhuo Mau kuhujat tapi capek jujur abis summit 2 gunung bareng dia trus pas summit terakhir aku ada bahas prabs dan begitulh seketika mikir mikir mau mabar ma dia lagi","1962229187244331473","","amourizhuo","in","","0","1","0","https://x.com/undefined/status/1962229187244331473","2939016122",
"1962175586421600714","Sun Aug 31 19:00:59 +0000 2025","0","@prabowodickless mw donk joki gunung teletabis","1962229144856764877","","BAYUK0KONUT","in","","0","1","0","https://x.com/undefined/status/1962229144856764877","1799365599128371200",
"1962228741683437580","Sun Aug 31 18:59:23 +0000 2025","0","satu hari summit satu gunung https://t.co/9TSheI4Pby","1962228741683437580","https://pbs.twimg.com/media/Gzs8obxbAAArioA.jpg","","in","","0","0","0","https://x.com/undefined/status/1962228741683437580","4802619822",
"1962052597654946019","Sun Aug 31 18:56:18 +0000 2025","0","@Xiao_Long12 @Xyzqrylyezyxy_ @WindyAnggrita @Zeefire02 Paling uji nyali (naik gunung) kak.","1962227966492180549","","Xiao_Long12","in","","0","0","0","https://x.com/undefined/status/1962227966492180549","1498288431910518787",
"1962219905450913998","Sun Aug 31 18:24:16 +0000 2025","1","Diawali dengan Gunung Hanami yg gk terlalu jauh lah ya @lennn_10 https://t.co/eEiroWoibp","1962219905450913998","https://pbs.twimg.com/media/Gzs0mscbIAALE8Q.jpg","","in","","0","1","1","https://x.com/undefined/status/1962219905450913998","591040074",
"1962209103377305814","Sun Aug 31 18:22:35 +0000 2025","0","@roblox_fess yuk summit gunung &amp; main tower! @/shenin4e_3 mau sekalian mutualan X juga boleh","1962219483873108421","","roblox_fess","in","","0","0","0","https://x.com/undefined/status/1962219483873108421","1945003245233168386",
"1962219395264270556","Sun Aug 31 18:22:14 +0000 2025","0","Aku ketemu tmn cewek dr gunung tangkuban awalnya cm minta gendong trs caper ke dia masuk tiap hari ke gunung tangkuban siapa tau ketemu ama dia trs akhirnya sampe sekarang dah 1 bulan lebih temenan terus aku kenalin dia ke temen-temenku skrng dia akrab ama temenku jg","1962219395264270556","","","in","","0","0","0","https://x.com/undefined/status/1962219395264270556","1336470897729839108",
"1962218874587545966","Sun Aug 31 18:20:10 +0000 2025","4","Ini nih yg bacotannya kemarin sgede gunung Kok diem aja anjing? Ngomong dongg kaya kemarin jangan bapak lu yg ngomong tolol.","1962218874587545966","","","in","","0","1","0","https://x.com/undefined/status/1962218874587545966","1921815334480445440",
"1962209103377305814","Sun Aug 31 18:19:59 +0000 2025","0","@roblox_fess yukk aku naik gunung sama mancinkk!! @/wakashimase","1962218828353736833","","roblox_fess","in","","0","0","0","https://x.com/undefined/status/1962218828353736833","1387405153423089665",
"1962214157228642711","Sun Aug 31 18:19:45 +0000 2025","0","@mobyfuckindickk gunung beneran bjir","1962218771306971574","","mobyfuckindickk","in","","0","0","0","https://x.com/undefined/status/1962218771306971574","1790615002082344960",
"1962218195907231881","Sun Aug 31 18:17:28 +0000 2025","0","Insting gua kalau energi buat main roblox udah balik nanti gua kayaknya bakal ambis summit gunung 10 kali","1962218195907231881","","","in","","0","4","0","https://x.com/undefined/status/1962218195907231881","2758983507",
"1962212051436364137","Sun Aug 31 18:15:27 +0000 2025","0","@thejurgenholic kangen naek gunung dikampungnya gen","1962217686773256615","","thejurgenholic","in","","0","0","0","https://x.com/undefined/status/1962217686773256615","1096803550443724801",
"1962217375996219749","Sun Aug 31 18:14:13 +0000 2025","0","@liesprtzl naik gunung pas malam wkwkw","1962217375996219749","","liesprtzl","in","","0","0","0","https://x.com/undefined/status/1962217375996219749","2400012522",
"1962179981796364352","Sun Aug 31 18:13:56 +0000 2025","0","@roblox_fess gag indo hangout gunung","1962217306077180204","","roblox_fess","tl","","0","0","0","https://x.com/undefined/status/1962217306077180204","1266810929263439873",
"1962211075228831941","Sun Aug 31 18:12:58 +0000 2025","0","@cheesekeiiii yokk ingfokan gunung (jgn zuzah pls pendaki baru)","1962217060442030566","","cheesekeiiii","in","","0","1","0","https://x.com/undefined/status/1962217060442030566","1922152878724325376",
"1962216298483773579","Sun Aug 31 18:11:30 +0000 2025","23","@id_lgk tak lupa idolanya gentot tantrum kangen naik gunung kek di kampung halaman https://t.co/8rGlKGttth","1962216691791958386","https://pbs.twimg.com/media/GzsxrqnaMAATTfp.jpg","id_lgk","in","","0","0","0","https://x.com/undefined/status/1962216691791958386","443057286",
"1962216685034950879","Sun Aug 31 18:11:28 +0000 2025","0","salah satu gunung yg bener2 gunung cakep bgt rill https://t.co/sPXKAQeN6u","1962216685034950879","https://pbs.twimg.com/media/GzsxrQ1a8AAhir1.jpg","","in","","0","0","0","https://x.com/undefined/status/1962216685034950879","1520772972390215680",
"1962215863060467862","Sun Aug 31 18:08:12 +0000 2025","0","Muncak Gunung Nirwana https://t.co/Chg9aDBRwm","1962215863060467862","https://pbs.twimg.com/media/Gzsw7Yia8AACIbv.jpg","","in","","0","1","0","https://x.com/undefined/status/1962215863060467862","1663896101911695366",
"1962188214804099153","Sun Aug 31 18:06:46 +0000 2025","0","@terliyu @narakgae iY Ntr ngk ad postingan die Naik Gunung .","1962215500643279321","","terliyu","in","","0","0","0","https://x.com/undefined/status/1962215500643279321","1305545237444534273",
"1962214810487296037","Sun Aug 31 18:06:38 +0000 2025","0","@soirhs samaa.... tapi semua gunung ada goanya","1962215469882151120","","soirhs","in","","0","0","0","https://x.com/undefined/status/1962215469882151120","1943914181268582401",
"1962212051436364137","Sun Aug 31 18:06:23 +0000 2025","0","@thejurgenholic dia pikir lagi naik gunung daun di roblox sampe minta digendong.","1962215406309122484","","thejurgenholic","in","","0","0","0","https://x.com/undefined/status/1962215406309122484","426559800",
"1962192171786010625","Sun Aug 31 18:03:54 +0000 2025","0","@campingmontel bnerr :'( semangat bub kalo km mau summit lagi. ak capek baik gunung itu","1962214780539896281","","notetwoday","in","","0","0","0","https://x.com/undefined/status/1962214780539896281","1903476695430307840",
"1961987827526164792","Sun Aug 31 18:03:53 +0000 2025","0","@txtFromRoblox anyingg ini gunung anying","1962214775955640700","","txtFromRoblox","in","","0","0","0","https://x.com/undefined/status/1962214775955640700","1008155047002161153",
"1962214157228642711","Sun Aug 31 18:01:25 +0000 2025","0","pgn naik gunung","1962214157228642711","","","in","","0","1","0","https://x.com/undefined/status/1962214157228642711","1790615002082344960",
"1949472355601854808","Sun Aug 31 18:00:29 +0000 2025","0","72. gunung konoha ez aja https://t.co/NZZddL6hHy","1962213921978499136","https://pbs.twimg.com/media/GzsvKJ5bQAAd1My.jpg","cheezzyb0ba","in","","0","1","0","https://x.com/undefined/status/1962213921978499136","1452090279146622985",
"1962207237163958309","Sun Aug 31 18:00:11 +0000 2025","0","@BetaKopites Emang gblok sih zubi musim kemaren ke iming2 gunung gede pangrango sociedad ","1962213843637293073","","BetaKopites","in","","0","0","0","https://x.com/undefined/status/1962213843637293073","4904432514",
"1962124075389849720","Sun Aug 31 17:59:30 +0000 2025","0","@quantxmleap Iya fomo dia baru naik gunung pendek for the first time ","1962213674875265232","","quantxmleap","in","","0","0","0","https://x.com/undefined/status/1962213674875265232","302401608",
"1962213362835870069","Sun Aug 31 17:58:16 +0000 2025","1","Sudah saatnya turun gunung ke PowerBI sama Tableau","1962213362835870069","","","in","","0","0","0","https://x.com/undefined/status/1962213362835870069","1042019824937783296",
"1962213282384896342","Sun Aug 31 17:57:57 +0000 2025","0","pliss mau naik gunung gedeee","1962213282384896342","","","in","","0","0","0","https://x.com/undefined/status/1962213282384896342","1779394721502363648",
"1962204790236008571","Sun Aug 31 17:56:36 +0000 2025","0","@roblox_fess ownernya nggak pilih kasih kan? trauma aku males bgt abis naik gunung tadi si admin bukannya negur yg dorong dorong malahan bantuin summit yg dorong dorong sampe 2x summit. pas aku minta tolong kagak ada diwaro. kalo baik hati adminnya mw naik sama cowokku nanti","1962212945364234306","","roblox_fess","in","","0","4","0","https://x.com/undefined/status/1962212945364234306","1144557664367591424",
"1962212051436364137","Sun Aug 31 17:56:15 +0000 2025","0","@thejurgenholic Manusia gunung itu mencoba menunggangi ikan cupang","1962212857061487006","","thejurgenholic","in","","0","0","0","https://x.com/undefined/status/1962212857061487006","1203688822426308608",
"1962212435575861575","Sun Aug 31 17:54:35 +0000 2025","0","map roblox yang selain gunung apaan cape bgt ","1962212435575861575","","","in","","0","1","0","https://x.com/undefined/status/1962212435575861575","1344663460106276869",
"1962212423173394887","Sun Aug 31 17:54:32 +0000 2025","3","Seo Sung Jae ni ibarat peribahasa Melayu; Benih baik dicampak ke laut jadi pulau dicampak ke darat jadi gunung. Seo Sung Jae ni pair lah dia dgn player mana pun rasanya dia masih boleh main dgn cemerlang. KBA 'menang besar' ada player mcm dia.","1962212423173394887","","","in","","0","0","0","https://x.com/undefined/status/1962212423173394887","843358543226974209",
"1962212160018559274","Sun Aug 31 17:53:40 +0000 2025","0","Gunung philip","1962212205484736680","","lunablazec","tl","","0","0","0","https://x.com/undefined/status/1962212205484736680","3063768438",
"1962212175608500323","Sun Aug 31 17:53:33 +0000 2025","0","#Earthquake (#terramoto) M4.4 strikes 155 km NE of Gunung Dilarini (#Timor-Leste) 22 min ago. More info: https://t.co/GcH6jl8yzy","1962212175608500323","","","in","","0","1","0","https://x.com/undefined/status/1962212175608500323","2449645080",
"1962159081336217875","Sun Aug 31 17:51:21 +0000 2025","0","@muwgort Itu gunung hilih beb","1962211621654396978","","muwgort","in","","0","1","0","https://x.com/undefined/status/1962211621654396978","1956053528",
"1962211618730967169","Sun Aug 31 17:51:20 +0000 2025","0","dugem bosen tapi naik gunung malah nyasar padahal dah dikasih jalan gampang https://t.co/t2VJay3GaT","1962211618730967169","https://pbs.twimg.com/media/GzstDuibkAAcH0I.jpg","","in","","0","1","0","https://x.com/undefined/status/1962211618730967169","1543820851753394176",
"1962202217617965316","Sun Aug 31 17:51:08 +0000 2025","0","@NANAANOX Naik-naik ke puncak gunung?","1962211568047055276","","miegelaas","in","","0","1","0","https://x.com/undefined/status/1962211568047055276","599952590",
"1962210718293643365","Sun Aug 31 17:47:46 +0000 2025","0","gunung horror mana lagi yang harus ku taklukan #berani https://t.co/M0bKk32p1W","1962210718293643365","https://pbs.twimg.com/media/GzssPaGaIAA_mXc.jpg","","in","","0","0","0","https://x.com/undefined/status/1962210718293643365","1707436825",
"1962210665206366651","Sun Aug 31 17:47:33 +0000 2025","3","menemani temanmu life after break up dengan membawanya ke gunung menikmati keindahan bromo dan keliling kota malang dengan dinginnya. dunia sibuk sekali but I will always choose you to be my best friend. https://t.co/bIUCYsckSa","1962210665206366651","https://pbs.twimg.com/media/GzssMcXaoAAB4_v.jpg","","in","","0","0","0","https://x.com/undefined/status/1962210665206366651","1471342283773464578",
"1962210283054829884","Sun Aug 31 17:46:02 +0000 2025","0","Yang mau diselametin kaga minat diselametin biar dah biar itu dokter sm peramal pacaran di gunung #MyMagicProphecyEP6","1962210283054829884","","","in","","0","0","0","https://x.com/undefined/status/1962210283054829884","1240477625732100096",
"1961695838511796646","Sun Aug 31 17:45:02 +0000 2025","0","@amiygoreng Kebanyakan main roblox sampe gila aku kak abis nge carry stranger di gunung terus aku dc gara gara hp mati pas mau join lagi dia lagi di bantu sama stranger lain niatnya pengen liat dia dari deket lebih sialnya lagi akunya ngebug di dalem tanah gitu alhasil left","1962210033607004470","","aminjeongbluu","in","","0","1","0","https://x.com/undefined/status/1962210033607004470","1084362413825085441",
"1959569365856321707","Sun Aug 31 17:45:02 +0000 2025","0","Map: Gunung Akhirat by sindukun https://t.co/A8oyyIur8j","1962210031577055315","https://pbs.twimg.com/media/GzsrnITbAAA8v38.jpg","binabinabinabin","in","","0","0","0","https://x.com/undefined/status/1962210031577055315","1482678009471840259",
"1962209875993436483","Sun Aug 31 17:44:25 +0000 2025","0","Hari ini summit 3 gunung ","1962209875993436483","","","in","","1","0","0","https://x.com/undefined/status/1962209875993436483","1609942999211081728",
"1960774109467697203","Sun Aug 31 17:42:59 +0000 2025","0","Gunung CKPTW - Medium https://t.co/uoRspbUF3h","1962209518508814375","https://pbs.twimg.com/media/GzsrD6ibUAAkPot.jpg","Midasekai","in","","0","1","0","https://x.com/undefined/status/1962209518508814375","1133793696632135680",
"1962208947571704116","Sun Aug 31 17:42:41 +0000 2025","0","@The_RedsIndo lumayan buat jadi babi gunung","1962209439815270903","","The_RedsIndo","in","","0","0","0","https://x.com/undefined/status/1962209439815270903","1451891641753636872",
"1962205435303526539","Sun Aug 31 17:42:22 +0000 2025","0","@satiscal Enak gunung yang halimun tuh gak ada tantangannya ","1962209361453109716","","satiscal","in","","0","1","0","https://x.com/undefined/status/1962209361453109716","1307883393963536384",
"1962209103377305814","Sun Aug 31 17:41:20 +0000 2025","8","heyyo ayo kita mutualan !roblox dan x ges. aku sering banget aktif buat main cdc kadang kadang summit gunung kadang jg main fish it dan tower. yuuuk yg mauu mabar ^_^ https://t.co/mYmHlh5htP","1962209103377305814","https://pbs.twimg.com/media/Gzsqx-DWAAA-vxZ.png","","in","","0","26","1","https://x.com/undefined/status/1962209103377305814","1903872646678470656",
"1959569365856321707","Sun Aug 31 17:40:48 +0000 2025","0","ini gampang-gampang susahh ada balon udara nya Map: Gunung Kelimutu by Dhani0788 https://t.co/CZuzGxMAr8","1962208965217120380","https://pbs.twimg.com/media/Gzsqpg5aEAEriS1.jpg","binabinabinabin","in","","0","0","0","https://x.com/undefined/status/1962208965217120380","1482678009471840259",
"1962208866726531412","Sun Aug 31 17:40:24 +0000 2025","2","banyak meragukan defense liverpool (gue jg) tapi kali ini ajib bener cok kek langsung dapet ilmu dr gunung ceremai","1962208866726531412","","","in","","0","1","0","https://x.com/undefined/status/1962208866726531412","1371111495862341636",
"1962208844282737135","Sun Aug 31 17:40:19 +0000 2025","2","tbtb kepengen naik gunung","1962208844282737135","","","in","","0","1","0","https://x.com/undefined/status/1962208844282737135","1741750889315262464",
"1962164401047584943","Sun Aug 31 17:40:00 +0000 2025","21","@YLBHI Dia gamang lebih percaya suara ketua partai dari pada suara hati rakyat... Sisi buruk Indonesia itu jika ada persoalan bukan menyelesaikannya tapi mengalihkan dgn atau menambah persoalan baru.. dibendung dgn cara apapun gunung es permasalahan itu nanti akan meledak..","1962208764687429782","","YLBHI","in","","0","0","0","https://x.com/undefined/status/1962208764687429782","1475399398167236612",
"1962208498831565100","Sun Aug 31 17:38:56 +0000 2025","0","tebak penunggu gunung mana https://t.co/PeNZKDejqO","1962208498831565100","https://pbs.twimg.com/media/GzsqObfbAAAiJQe.jpg","","in","","0","2","0","https://x.com/undefined/status/1962208498831565100","2349393150",
"1959569365856321707","Sun Aug 31 17:38:32 +0000 2025","0","ini gampang si menurut ak mah tp jalan nya jauh bgtttt Map: Gunung Indukara by Rengginang https://t.co/3SI1h9llef","1962208395685245236","https://pbs.twimg.com/media/GzsqINcaYAAy-DW.jpg","binabinabinabin","in","","0","0","0","https://x.com/undefined/status/1962208395685245236","1482678009471840259",
"1962207764337615312","Sun Aug 31 17:36:01 +0000 2025","1","Gunung ezz ini sambil merem selesai https://t.co/3FB1vYOycP","1962207764337615312","https://pbs.twimg.com/media/GzspkAhaAAASes4.jpg","","in","","1","1","0","https://x.com/undefined/status/1962207764337615312","1419948425156579330",
"1962067669240435149","Sun Aug 31 17:32:29 +0000 2025","0","@Aadellee_ Karena mba kunti sudah turun tanga- eh turun gunung ","1962206874432045366","","Aadellee_","in","","0","0","0","https://x.com/undefined/status/1962206874432045366","1771221134069100546",
"1962149819444543523","Sun Aug 31 17:32:20 +0000 2025","1","@roblox_fess maaf gabagus beneran nyari gunung buat loncat ini soalnye https://t.co/4nAAuGu0VS","1962206838059040780","https://pbs.twimg.com/media/GzsouHKa4AAVU3Y.jpg","roblox_fess","in","","0","0","0","https://x.com/undefined/status/1962206838059040780","3239532378",
"1962206793884680689","Sun Aug 31 17:32:10 +0000 2025","0","gunung alloy map anomali bgt anjir adminnya asik mampus","1962206793884680689","","","in","","0","0","0","https://x.com/undefined/status/1962206793884680689","4301927359",
"1962167341162316228","Sun Aug 31 17:32:02 +0000 2025","0","@amaelsaiah CARRY AKU SAMPAI SUMMIT GUNUNG.","1962206760787480950","","amaelsaiah","in","","0","1","0","https://x.com/undefined/status/1962206760787480950","870632220578402306",
"1962199674846351844","Sun Aug 31 17:31:16 +0000 2025","0","@pwiskeey muak bgt saran gunung ez pz dong","1962206567090315399","","pwiskeey","in","","0","0","0","https://x.com/undefined/status/1962206567090315399","838062701049884672",
"1962202837330583731","Sun Aug 31 17:29:53 +0000 2025","0","@Luciferisheree gunung hilihh fish it juga ayoo","1962206218690420963","","Luciferisheree","in","","0","0","0","https://x.com/undefined/status/1962206218690420963","1244528517456396289",
"1962084389116154241","Sun Aug 31 17:26:07 +0000 2025","0","@inganggita Wkwkwk ANJIRR !! ani ani turun gunung gak tuh !!","1962205272321192153","","inganggita","in","","0","0","0","https://x.com/undefined/status/1962205272321192153","1801360965692526592",
"1962201372797071852","Sun Aug 31 17:25:56 +0000 2025","0","Eh itu apa deh ada yg bisa jawab mie + keju + gunung??","1962205224006975956","","kimmyexp","in","","0","4","0","https://x.com/undefined/status/1962205224006975956","1247963289226588160",
"1962204793793077317","Sun Aug 31 17:24:13 +0000 2025","0","btw kmrn pas naik gunung ada mas mas 2 org ngajak kenalan aku ladenin tp aku bilang 'saya udh punya suami mas anakku 2' HAHAHAH MASNYA LGSG KECEWA BERAT blg 'YAHHHH wes gagal'","1962204793793077317","","","in","","0","1","0","https://x.com/undefined/status/1962204793793077317","1119479497454080000",
"1962177999677300896","Sun Aug 31 16:48:03 +0000 2025","0","@MphiMphii tukeran baju pas malem sblm pendakian gunung songkhla? alias pas abis ngewong itu????","1962195691884929106","","MphiMphii","in","","0","1","0","https://x.com/undefined/status/1962195691884929106","1914372315930091522",
"1962194993684328533","Sun Aug 31 16:45:16 +0000 2025","5","a: aaa please a: gamauuuu a: pisss a: GAKK. a: buyaa ️ a: aku pengen maen gunung.. a: abuunnnnn bagian ini aku gigit jari kalian ngapain? LUCUK BGT FAAAKKKK https://t.co/LHC68b3Prg","1962194993684328533","https://pbs.twimg.com/amplify_video_thumb/1962194925745053696/img/U2klwWxz-8x-UT1F.jpg","","in","","1","1","0","https://x.com/undefined/status/1962194993684328533","1247378175023173632",
"1962179981796364352","Sun Aug 31 16:44:03 +0000 2025","0","@roblox_fess Sushi Obby stroberi Gunung daun","1962194684895502451","","roblox_fess","in","","0","0","0","https://x.com/undefined/status/1962194684895502451","1015017858688942080",
"1962012957522694252","Sun Aug 31 16:42:37 +0000 2025","0","@atlasalastair @CHAEYfolk Hi cwk nanti gunung lg ya:))","1962194323006787812","","atlasalastair","in","","0","0","0","https://x.com/undefined/status/1962194323006787812","925979758772461568",
"1962194299111805385","Sun Aug 31 16:42:31 +0000 2025","0","hari ini mabar 2 gunung sama streamer trus sama orang thailand random bgt emang dunia roblokkk kww tapi seneng bgt dspet temen baruuu https://t.co/uNtVqnwRky","1962194299111805385","https://pbs.twimg.com/media/GzsdT4TaYAA8Okr.jpg","","in","","0","0","0","https://x.com/undefined/status/1962194299111805385","628981934",
"1962192361561416063","Sun Aug 31 16:41:15 +0000 2025","0","sekian cerita nano2 aku dalam perjalanan mendaki gunung lewati lembah berakhir pergi k pantai yg ternyata karang doang kagak ada pasirnya hahaha seru sih tapi kalo bs g usah ngulang deh. capek bgt ","1962193979006763150","","SUNGJINadmirer","in","","0","0","0","https://x.com/undefined/status/1962193979006763150","1850169341783977984",
"1962192361561416063","Sun Aug 31 16:41:12 +0000 2025","0","setelah mendaki gunung lewati lembah akhirnya magrib2 sampe penginapan. pas d kloset ada hitam2 d dekat tombol flush. kukira kancing baju yg copot punya temenku. pas aku pencet tombolny si hitam2 itu gerak ","1962193968130838992","","SUNGJINadmirer","in","","0","1","0","https://x.com/undefined/status/1962193968130838992","1850169341783977984",
"1962192361561416063","Sun Aug 31 16:41:09 +0000 2025","0","ternyata ada ular lewat d depan kakiku tapi aku g sadar. jadi ularnya lewatin depan kaki dan samping kiri kakiku. sadarny pas temenku yg d belakang dilewatin sm ularnya juga. baru dia teriak ALHAMDULILLAH AKU GAK DIGIGIT. posisi kmrn g pakai sepatu tapi pake sendal gunung","1962193956059677160","","SUNGJINadmirer","in","","0","1","0","https://x.com/undefined/status/1962193956059677160","1850169341783977984",
"1962193720922812687","Sun Aug 31 16:40:13 +0000 2025","0","Manjat gunung di Roblox ada yg demo juga https://t.co/av8qDP32OP","1962193720922812687","https://pbs.twimg.com/media/GzscymJboAADaKo.jpg","","in","","0","0","0","https://x.com/undefined/status/1962193720922812687","2899073533",
"1962193533403873644","Sun Aug 31 16:39:28 +0000 2025","0","@A_FionyJKT48 #FionyMail Belum lagi nonton bola cep. Asiklah mabar naik gunung kah? Semangat gus owen! Nice. Stay safe yaa. Jangan lupa minum putihnya ","1962193533403873644","","A_FionyJKT48","in","","0","0","0","https://x.com/undefined/status/1962193533403873644","1515272115154751488",
"1962137960695947353","Sun Aug 31 16:39:02 +0000 2025","0","@roblox_fess ketemu temen ( langsung ramean ) posisi lagi main sendirian di gunung sibayak dan sekarang jadi party di roblox sampe mutualan di IG semuanya. Masih sering muncak bareng ( tiap hari ) dan jadi petani semua ","1962193424481972448","","roblox_fess","in","","0","1","0","https://x.com/undefined/status/1962193424481972448","1046435046679150592",
"1962192785332961412","Sun Aug 31 16:37:42 +0000 2025","0","Dan ada 1 hiking dadakan yg nyempil mendaki di Gunung Ungaran. Cuacanya cakep pol well thankyou august i will level up my journey in september(hopefully) https://t.co/vhyJN8QatU","1962193087855525932","https://pbs.twimg.com/media/GzscLE6aUAAgHim.jpg","mrsa_f_mf","in","","0","0","0","https://x.com/undefined/status/1962193087855525932","418704105",
"1962166305462812968","Sun Aug 31 16:36:25 +0000 2025","0","@Moiqbal_ @txtdaribogor dari gunung bunder kah?","1962192766257233991","","Moiqbal_","in","","0","1","0","https://x.com/undefined/status/1962192766257233991","1203390308869758976",
"1962183120389906675","Sun Aug 31 16:35:41 +0000 2025","0","@edleeweis aslikk ga ngeh menit berapa tapi pkoknya pas di rosblok map gunung dibagian jembatan nah disitu deh pkoknya wlopun lama bgt tuh bag jembatan ","1962192578314650009","","edleeweis","in","","0","1","0","https://x.com/undefined/status/1962192578314650009","1247378175023173632",
"1962192382524526751","Sun Aug 31 16:34:54 +0000 2025","0","#FionyMail Eyoww cep akuu hari ini ibadah pagi trus standby dirumah. Hari ini aku makan mie ayam btw :p im glad kamu hari inii bisa mainn sama adek-adek kamu xixixi asik banget main roblox naik gunung gaa kalian?? Semoga besok kegiatannya berjalan lancar yaa-c","1962192382524526751","","","in","","0","1","0","https://x.com/undefined/status/1962192382524526751","2920348848",
"1962192267923575134","Sun Aug 31 16:34:27 +0000 2025","0","Tanganku pegel main gunung agung jauh banget anjir buat nyampe muncaknya makasih mochi udh nemenin bareng walaupun kita gk kenal https://t.co/Z23DtXlExF","1962192267923575134","https://pbs.twimg.com/media/GzsbdvQaUAEVFsJ.jpg","","in","","0","0","0","https://x.com/undefined/status/1962192267923575134","856001579551346688",
"1962192251049914488","Sun Aug 31 16:34:23 +0000 2025","1","Day 1 di kuruk admin Gunung Bohong https://t.co/OuxoQKfvsV","1962192251049914488","https://pbs.twimg.com/media/Gzsbc_UakAA-8yk.jpg","","in","","0","0","0","https://x.com/undefined/status/1962192251049914488","1893532029251395586",
"1962192219538088121","Sun Aug 31 16:34:15 +0000 2025","0","dreamzen yg cari transport temen barengan ke jis ikut trip tds 4 daerah jakpus kemayoran pasar senen gunung sahari mangga dua gambir jaksel tebet blok m lebak bulus jaktim cipinang cawang jakbar daan mogot central park jakut artha kelapa gading join open trip konser disini yuk","1962192219538088121","","","in","","0","0","0","https://x.com/undefined/status/1962192219538088121","1337123926460141569",
"1962124723338543493","Sun Aug 31 16:34:03 +0000 2025","0","@letitbespring Sama lagi hari ini udh 3 gunung aku kak","1962192167566504234","","letitbespring","in","","0","0","0","https://x.com/undefined/status/1962192167566504234","1675446890501124097",
"1962191969985470691","Sun Aug 31 16:33:16 +0000 2025","1","Day 2 nemenin @chanyeorlie naik gunung Wkkwwkwk akhirnya bisa summit bareng ya Asal ada spot bagus minta berenti dulu bwat foto xixixi foto ke 4 : BARU MDPL 3 UDAH MINTA POTO AJA WKWKWK ps : ada adegan yeol nyangkut tapi ga ke ss https://t.co/X2qsdtNlCX","1962191969985470691","https://pbs.twimg.com/media/GzsbLmoaYAAL8xb.jpg","","in","","0","2","1","https://x.com/undefined/status/1962191969985470691","1316992800605417474",
"1962191881842159976","Sun Aug 31 16:32:55 +0000 2025","0","CW / Jumpscare. Entah apa pelet yang dipakai pacarku sampai aku bisa mengiyakan ajakan main map gunung horror. Rating 8/10 karena pocinya lebih mirip pentol uget-uget https://t.co/WYlcH7ZLTn","1962191881842159976","https://pbs.twimg.com/media/GzsbHTobMAAIei4.jpg","","in","","0","0","0","https://x.com/undefined/status/1962191881842159976","1445776659676758020",
"1962179981796364352","Sun Aug 31 16:32:18 +0000 2025","0","@roblox_fess fish it gunung daun indo camp (kalo didonate doang)","1962191728569721037","","roblox_fess","in","","0","0","0","https://x.com/undefined/status/1962191728569721037","1571860392",
"1962191498621104629","Sun Aug 31 16:31:23 +0000 2025","29","Poin2 yg disampaikan kurleb sama kayak GKI. Bedanya kalo ini kayak gimana ya adem banget. GKI ceplas ceplos keliatan keselnya Negara beneran mau bubar sampe Katolik turun gunung begini.","1962191498621104629","","","in","","0","1","2","https://x.com/undefined/status/1962191498621104629","125333459",
"1962188869618876539","Sun Aug 31 16:29:38 +0000 2025","0","@healyeahhh_ Naik gunung ka","1962191058068295817","","healyeahhh_","in","","0","0","0","https://x.com/undefined/status/1962191058068295817","1132526979280908288",
"1962189710488711383","Sun Aug 31 16:29:15 +0000 2025","0","@irsaIina GUNUNG GILA","1962190960240246840","","irsaIina","tl","","0","1","0","https://x.com/undefined/status/1962190960240246840","849620825661517824",
"1962188966373040279","Sun Aug 31 16:28:48 +0000 2025","0","@atzmigi eh gunung kotak tuh ada tangga sama jembatan inul tapi PUNCAKNYA CAKEP LIATT https://t.co/KljjjX6qyk","1962190849539989719","https://pbs.twimg.com/media/GzsaLC8boAASNtj.jpg","atzmigi","in","","0","1","0","https://x.com/undefined/status/1962190849539989719","1265945336364687361",
"1962190841969328276","Sun Aug 31 16:28:47 +0000 2025","0","hidup di gunung ni ga cocok buat aku yg gakuat dingin AAAAAAARGH stres","1962190841969328276","","","in","","0","0","0","https://x.com/undefined/status/1962190841969328276","1165047182",
"1875908517045121230","Sun Aug 31 16:28:38 +0000 2025","2","38. Pencarian Terakhir (6 5/10) Kalau gk bisa ada cast yg tampil bagus ya setidaknya cukup cast yg logat sundanya gak aneh -_-. Sekuel yg tdk memberi rasa was-was set gunung jg tidak memberikan keindahan. Ceritanya gk begitu jelek tapi ya gitu aja gk ada penunjang lainnya. https://t.co/VrRut7v30X","1962190804497416465","https://pbs.twimg.com/media/GzsaIz6boAAbxqN.jpg","Ariesta07","in","","0","1","0","https://x.com/undefined/status/1962190804497416465","319606762",
"1962190263792832737","Sun Aug 31 16:26:29 +0000 2025","1","Seru dan sedikit panas (aku suka pas kelas adem soalnya). Playlist hari ini adalah sound opening ninja hattori Mendaki gunung lewati lembah jujur udh ga kuat tiap disuru tempel depannya pas nanjak. Day 3 ketemu banyak tmeen baru di kelas da lala lele majda yudha oliv. https://t.co/zgCiGxsk2u","1962190263792832737","https://pbs.twimg.com/media/GzsZpHxbcAAaZiB.jpg","","in","","0","1","0","https://x.com/undefined/status/1962190263792832737","1495576160532836352",
"1962172656721207376","Sun Aug 31 16:25:51 +0000 2025","0","@xinnxss DI DAUN EMANG KALAU BUAT AWAL NANJAK NYEBELIN KAK T ___ T tapi kalau nanti kak sano udah bisa ngelewatin gunung yang lain udah bisa ditaklukin ituu","1962190106145730883","","sanogamtengg","in","","0","1","0","https://x.com/undefined/status/1962190106145730883","3294338857",
"1962173949833568713","Sun Aug 31 16:24:42 +0000 2025","0","@Arhcadia Wih bocah gunung dong spill summit yang paling bikin ngelus dada","1962189814561939841","","Arhcadia","in","","0","0","0","https://x.com/undefined/status/1962189814561939841","238854748",
"1962103559635509340","Sun Aug 31 16:24:23 +0000 2025","0","@cruesteela Ada nih info gunung super ga dontol friendly","1962189734534595049","","cruesteela","in","","0","1","0","https://x.com/undefined/status/1962189734534595049","986359642207936513",
"1962189710488711383","Sun Aug 31 16:24:17 +0000 2025","0","Gunung jahanam. ","1962189710488711383","","","in","","0","1","0","https://x.com/undefined/status/1962189710488711383","1389162516903694337",
"1962179981796364352","Sun Aug 31 16:23:45 +0000 2025","0","@roblox_fess gunung yg ratingnya under 60% :D","1962189577583825255","","roblox_fess","in","","0","0","0","https://x.com/undefined/status/1962189577583825255","4597956132",
"1962172656721207376","Sun Aug 31 16:23:11 +0000 2025","0","@xinnxss ada di gunung jawa ada kunti terbang jg","1962189435925393547","","sanogamtengg","in","","0","1","0","https://x.com/undefined/status/1962189435925393547","1267064849709715458",
"1962188753709207968","Sun Aug 31 16:22:59 +0000 2025","0","@pucwat Jgn gitu. Gue ptsd dgn map gunung. Hargain.","1962189385262350847","","pucwat","in","","0","0","0","https://x.com/undefined/status/1962189385262350847","1659919202067828738",
"1962189238260387940","Sun Aug 31 16:22:53 +0000 2025","0","@KARINAAfolk loh gajadi naik gunung?","1962189357089243539","","dmsKARINA","in","","0","1","0","https://x.com/undefined/status/1962189357089243539","4191203539",
"1962168433547899376","Sun Aug 31 16:22:03 +0000 2025","0","@poemeluia Naik gunung bisa nanti aku ajak ke yang gak ada rintangannya dulu terus baru aku kasih yg ada rintangannya dikit dikit. Kalo mau main casual yg bisa ditinggal ada map mancing. Ada juga main dandan dandanan kaya Dress To Impress","1962189150276526324","","poemeluia","in","","0","1","0","https://x.com/undefined/status/1962189150276526324","899453341",
"1962173949833568713","Sun Aug 31 16:21:56 +0000 2025","0","@ezielland Kurang tepat soalnya agak ngga tau diri nongkrong di gunung.","1962189121306443795","","keonhoiy","in","","0","1","0","https://x.com/undefined/status/1962189121306443795","1919445315381567488",
"1961814748959531156","Sun Aug 31 16:21:51 +0000 2025","0","@dafuckkk_ CHENG AYO PINDAH KE GUNUNG JD SHERPA","1962189098334171152","","dafuckkk_","in","","0","1","0","https://x.com/undefined/status/1962189098334171152","1251367152218587137",
"1962172656721207376","Sun Aug 31 16:21:09 +0000 2025","0","@xinnxss gunung rinjani daun jawa","1962188923062673884","","sanogamtengg","in","","0","1","0","https://x.com/undefined/status/1962188923062673884","1267064849709715458",
"1962188908990804061","Sun Aug 31 16:21:06 +0000 2025","1","hati hati gusy udah mulai ada penampakan tuyul ijo. btw ada yang tau ini di gunung apa? https://t.co/eoXBI2zuRl","1962188908990804061","https://pbs.twimg.com/media/GzsYaR1bkAAuDk6.jpg","","in","","0","1","0","https://x.com/undefined/status/1962188908990804061","1798209179720765440",
"1962187045167894937","Sun Aug 31 16:21:02 +0000 2025","0","@WOODZfolk sumpah gunung setan itu aku udah mati 4x kyknya itupun digendong ‍️","1962188894243532993","","dezocto","in","","0","1","0","https://x.com/undefined/status/1962188894243532993","732542493485502466",
"1962188678429843582","Sun Aug 31 16:20:11 +0000 2025","0","terima kasih dd @808HANNI sudah membantu kk summit gunung gila https://t.co/IwdnDUez1j","1962188678429843582","https://pbs.twimg.com/media/GzsYNAWaYAEesq6.jpg","","in","","1","1","1","https://x.com/undefined/status/1962188678429843582","849620825661517824",
"1961321262296240536","Sun Aug 31 16:20:08 +0000 2025","0","@febrioula wkwkk sama lagi kak gunung roblok tangganya suka aneh aneh dah","1962188666333442420","","febrioula","in","","0","0","0","https://x.com/undefined/status/1962188666333442420","750341417743122432",
"1962187576682705232","Sun Aug 31 16:18:55 +0000 2025","0","@xinnxss rinjani by NES gunung Agung via taman edelweis sinabung apalagi ya... banyak soalnya","1962188361260843236","","sanogamtengg","in","","0","0","0","https://x.com/undefined/status/1962188361260843236","1951083862739779584",
"1962188234932600947","Sun Aug 31 16:18:25 +0000 2025","1","Wisata Gunung Sampah Bantar Gebang Bekasi https://t.co/emjIuU5Jdb","1962188234932600947","https://pbs.twimg.com/media/GzsXrUhbgAA73lq.jpg","","in","","0","0","0","https://x.com/undefined/status/1962188234932600947","1683108392964096001",
"1962188199750705572","Sun Aug 31 16:18:17 +0000 2025","0","Gunung kidul mengabarkan ","1962188199750705572","","","in","","0","1","0","https://x.com/undefined/status/1962188199750705572","1850802953399189504",
"1962103559635509340","Sun Aug 31 16:17:18 +0000 2025","0","@671533 gunung mana lagi yg mau kita daki","1962187954811768973","","671533","in","","0","1","0","https://x.com/undefined/status/1962187954811768973","1300382870586892291",
"1962187537306513647","Sun Aug 31 16:15:39 +0000 2025","0","Stress habis daki gunung roblox tapi ga ada yang berhasil #sadbuttrue","1962187537306513647","","","in","","0","1","0","https://x.com/undefined/status/1962187537306513647","3160702434",
"1962187338605543530","Sun Aug 31 16:14:51 +0000 2025","0","WIKA bersama UGM dan Pemerintah Desa Grogol Gelar Panen Raya di Gunung Kidul! #SobatBUMN Kolaborasi WIKA UGM dan Pemerintah Desa Grogol menghadirkan panen raya sebagai hasil pengembangan pertanian cerdas di lahan kering. #WIKA #WijayaKarya #PanenRayaWIKA https://t.co/YTp9SND0Uj","1962187338605543530","https://pbs.twimg.com/media/GzsW96SbMAAhxkU.jpg","","in","","0","0","0","https://x.com/undefined/status/1962187338605543530","1302178965499424779",
"1962187296922554778","Sun Aug 31 16:14:41 +0000 2025","0","up yg mau naik gunung ","1962187296922554778","","","in","","0","0","0","https://x.com/undefined/status/1962187296922554778","1253308226549936128",
"1962173373397827684","Sun Aug 31 16:14:35 +0000 2025","0","@nayoomiix gunung daun bakal kerasa kek jalan-jalan doang kali ya buat belio ","1962187268036399212","","nayoomiix","in","","0","1","0","https://x.com/undefined/status/1962187268036399212","883453749561315328",
"1962185943726886926","Sun Aug 31 16:14:26 +0000 2025","0","@brrsays Mang ada? Mereka punya gunung?","1962187234029007142","","brrsays","in","","0","1","0","https://x.com/undefined/status/1962187234029007142","739890109642739712",
"1962186959364964786","Sun Aug 31 16:13:21 +0000 2025","0","gunung atin ni gunung apa sebernya ‍","1962186959364964786","","","in","","0","0","0","https://x.com/undefined/status/1962186959364964786","1518886104",
"1962186198925132135","Sun Aug 31 16:10:20 +0000 2025","0","nama gunung sekarang aneh aneh ya . apa emang ada nama gunung gitu di rl","1962186198925132135","","","in","","0","1","0","https://x.com/undefined/status/1962186198925132135","1387560806296915969",
"1962186099150995494","Sun Aug 31 16:09:56 +0000 2025","0","Bimbang banget aslinya ikutan naik gunung gak ya? Apa cancel aja ya? Huhu knp nenek sy melarang si","1962186099150995494","","","in","","1","0","0","https://x.com/undefined/status/1962186099150995494","859308747755184128",
"1962140436572848507","Sun Aug 31 16:09:26 +0000 2025","0","@alexandreanov Kayaknya gabisa minta cuti deh. Dia sebenernya penempatan di pelosok kabupaten (di pucuk gunung) bsk diminta turun ke kota semua","1962185973204459682","","alexandreanov","in","","0","1","0","https://x.com/undefined/status/1962185973204459682","1533597130438258688",
"1962185957219979376","Sun Aug 31 16:09:22 +0000 2025","0","hal yang bagi aku mustahil untuk aku naik gunung aja aku mampu apalagi cuman ini hidup yang sudah aku lalui seperempat abad lamanya","1962185957219979376","","","in","","0","0","0","https://x.com/undefined/status/1962185957219979376","67244762",
"1760677431911063961","Sun Aug 31 16:09:01 +0000 2025","1","@AA_AlyaJKT48 Iyani pm error keknya ga ada notif jg euyy huhuu baru liaat Alhamdulillah kalo km di rumah ajaa ayy stay safe selaluu yaah Pusying ga sik scroll sosmed di tengah huru hara inii Hoo Udah brp gunung yg kamu daki n film yg km nonton tu seharian? #AlbalesYa @AA_AlyaJKT48","1962185867164016740","","_dimskyy","in","","0","1","0","https://x.com/undefined/status/1962185867164016740","862586692133298177",
"1962149819444543523","Sun Aug 31 16:08:50 +0000 2025","0","@roblox_fess Beda gunung beda orang tergantung siapa yg nawarin gendong ","1962185823652376762","","roblox_fess","in","","0","0","0","https://x.com/undefined/status/1962185823652376762","1218981384",
"1962185601291354596","Sun Aug 31 16:07:57 +0000 2025","0","aku suka lah gunung gini rintangan nya ngga susah tapi ngga mudah juga ⭐️⭐️⭐️⭐️⭐️ https://t.co/m2Zp2kw4rl","1962185601291354596","https://pbs.twimg.com/media/GzsVWUHbYAE5xGI.jpg","","in","","0","0","0","https://x.com/undefined/status/1962185601291354596","1387560806296915969",
"1962184431827132632","Sun Aug 31 16:07:56 +0000 2025","0","@phardut gunung apa","1962185595326956023","","phardut","in","","0","2","0","https://x.com/undefined/status/1962185595326956023","1937481639489339394",
"1962141342370537951","Sun Aug 31 16:07:51 +0000 2025","0","@deanaishe Sampe turun gunung dari Al Konoha di Gontor ","1962185574787518791","","deanaishe","in","","0","0","0","https://x.com/undefined/status/1962185574787518791","1840740007344312320",
"1962185413235491292","Sun Aug 31 16:07:12 +0000 2025","0","bisa² nya hari ini muntah smpe 5 kali di trek perjalanan ke gunung gede 2 kali di basecamp 2 kali di jalan mau pulang 1 kalii","1962185413235491292","","","in","","0","0","0","https://x.com/undefined/status/1962185413235491292","1288887435238076417",
"1962177587029196877","Sun Aug 31 16:06:44 +0000 2025","0","@identetas Kapan kapan main bareng ayo di gunung lain?","1962185295656522036","","identetas","in","","0","0","0","https://x.com/undefined/status/1962185295656522036","1101771851728973826",
"1962184347219579365","Sun Aug 31 16:05:57 +0000 2025","0","@AA_AlyaJKT48 Iyaa kamu juga selamat istirahat yaa dari menaklukan gunung di roblox dan nonton filmnya wkwkw semangat terus juga ayy!!!","1962185095349231744","","AA_AlyaJKT48","in","","0","0","0","https://x.com/undefined/status/1962185095349231744","1679873192905814017",
"1962182364378939725","Sun Aug 31 16:05:08 +0000 2025","2","@tanyarlfes Skrng apa2 gampang tinggal rt di x/repost template di ig tpi klo masih gbs? Udh gk ngerti lgi gua. Klo elu lgi mendaki gunung gua paham tpi klo masih ada sinyal? Kebangetan si. Empatinya gaada","1962184890365120777","","tanyarlfes","in","","0","0","0","https://x.com/undefined/status/1962184890365120777","1335075886228361216",
"1962183371725103176","Sun Aug 31 16:03:52 +0000 2025","0","@naekedbibi Ih sumpah aku cape di gunung ini","1962184572759925166","","naekedbibi","in","","0","1","0","https://x.com/undefined/status/1962184572759925166","1357703093648060419",
"1962184553096986804","Sun Aug 31 16:03:47 +0000 2025","0","goanya gunung kotak tuh ke arah mana sih","1962184553096986804","","","in","","0","0","0","https://x.com/undefined/status/1962184553096986804","1422036437029904388",
"1962184453377474644","Sun Aug 31 16:03:23 +0000 2025","1","Summit gunung yang tangga nya menuju akhirat @littlespoon88 https://t.co/bGMMP9F75j","1962184453377474644","https://pbs.twimg.com/media/GzsUW_iagAAFxjS.jpg","","in","","0","0","0","https://x.com/undefined/status/1962184453377474644","1311113536509104128",
"1962184397417034119","Sun Aug 31 16:03:10 +0000 2025","1","Gunung ter gak ngapa ngapain tiba tiba muncak :') makasih kakak kakak yg kayaknya pacaran udah membantu kami ️ https://t.co/N3Y0JMZEzg","1962184397417034119","https://pbs.twimg.com/media/GzsUTrbagAEUYjE.jpg","","in","","0","0","1","https://x.com/undefined/status/1962184397417034119","1659919202067828738",
"1962131358740021592","Sun Aug 31 16:02:55 +0000 2025","1","@HumorJonTampan @mei_mey98505 Ramalan Jayabaya dari Prabu Jayabaya (raja Kediri abad 12) menggambarkan Zaman Kalabendu sebagai era kekacauan: bencana alam bertubi (banjir gunung meletus tanpa tanda) nilai terbalik (benar jadi salah pemimpin ingkar janji) masyarakat sengsara petani tertindas pembohong","1962184335932690596","","HumorJonTampan","in","","0","0","0","https://x.com/undefined/status/1962184335932690596","1720665183188922368",
"1962130948587409653","Sun Aug 31 16:02:54 +0000 2025","0","@nyzlvr_ nama aku farid boleh panggil papan hobi lantun2 bola atas lantai dan tinggi tinggi gunung kinabalu tinggi lagi sayang sama kamu *aegyo john cena","1962184327934177640","","nyzlvr_","in","","0","0","0","https://x.com/undefined/status/1962184327934177640","1696858185741774848",
"1962184197571056063","Sun Aug 31 16:02:22 +0000 2025","0","️ Nirwana HD Kesulitan : 2/10 (dontol friendly) Gunung nya cakep banget! Track nya pendek &amp; gampang. Banyak spot untuk foto foto jugaa Btw waktu ak muncak gunung ini ketemu temen baru @ccupccip https://t.co/mwZxX9etMx","1962184197571056063","https://pbs.twimg.com/media/GzsUEv7aoAA13IF.jpg","","in","","1","2","0","https://x.com/undefined/status/1962184197571056063","1939706007850283008",
"1962183884151660664","Sun Aug 31 16:01:08 +0000 2025","2","Awalnya asal pilih gunung tapi kok sepi bgt terus ada anomalinya juga . Beneran serem bgt ampe tremor https://t.co/Q8qavTOe7s","1962183884151660664","https://pbs.twimg.com/media/GzsT1qtbMAEy2UL.jpg","","in","","0","0","0","https://x.com/undefined/status/1962183884151660664","1952333254209744896",
"1962183485248188622","Sun Aug 31 15:59:33 +0000 2025","0","Pgn naik gunung lagi hmmm https://t.co/JOHEptGp0i","1962183485248188622","https://pbs.twimg.com/amplify_video_thumb/1962183410304290816/img/LolvzudkMXX--1PW.jpg","","in","","0","0","0","https://x.com/undefined/status/1962183485248188622","941309650288369664",
"1962183431250682075","Sun Aug 31 15:59:20 +0000 2025","0","Gunung Papandayan with Abah https://t.co/FiV9S4K94T","1962183431250682075","https://pbs.twimg.com/media/GzsTbOqbsAAUsBf.jpg","","tl","","0","0","0","https://x.com/undefined/status/1962183431250682075","1701606167158693888",
"1962168433547899376","Sun Aug 31 15:57:28 +0000 2025","0","@rhythmtocean WKWKWKWKWK aku mau coba mainin tapi loadingnya lama karena jaringannya lagi jelek.. mau cobain mendaki gunung di Roblox.","1962182962344337512","","rhythmtocean","in","","0","1","0","https://x.com/undefined/status/1962182962344337512","1887327931497938944",
"1962181842146300110","Sun Aug 31 15:57:22 +0000 2025","0","@styupithiumen @treatyoubetterp Next gunung Papua... Antara kita bertiga summit atau ga temenan lagi","1962182937966961146","","styupithiumen","in","","0","1","0","https://x.com/undefined/status/1962182937966961146","1448416369792352268",
"1962146749042327680","Sun Aug 31 15:31:36 +0000 2025","0","@kiwyun Ah.. Kirain udah balik gunung.","1962176453023539223","","kiwyun","in","","0","1","0","https://x.com/undefined/status/1962176453023539223","1871744117329588224",
"1962176292570480701","Sun Aug 31 15:30:58 +0000 2025","36","Masa layan rinjani dulu Kami selisih dengan malim gunung. Tapi dari jauh nampak beg ja. Rupanya kawan tu perempuan. Kira beg dia lagi besar lah dari badan dia haha. Terkejut aku perempuan jadi malim Rupanya kerja kat sana tu dah la tak banyak. Dan benda paling teruk sekali bila https://t.co/fHtvYwzO2G","1962176292570480701","https://pbs.twimg.com/media/GzsM72laYAAi2K2.jpg","","in","","0","2","8","https://x.com/undefined/status/1962176292570480701","1253792443",
"1962176155827790258","Sun Aug 31 15:30:25 +0000 2025","0","Banyak dah dapat doorgift beras. Bila entah nak camping pulok nak masak beras beras doorgift atas gunung","1962176155827790258","","","in","","0","0","0","https://x.com/undefined/status/1962176155827790258","827005609",
"1962141791202807974","Sun Aug 31 15:30:23 +0000 2025","0","@yujinbogor @roblox_fess Gunung apa enihhh?","1962176147724361894","","yujinbogor","in","","0","1","0","https://x.com/undefined/status/1962176147724361894","1031048625126690816",
"1962149819444543523","Sun Aug 31 15:29:40 +0000 2025","0","@Delinddd @roblox_fess gunung hauk kalo ga salah kak ini di puncaknyaa tp sepanjang perjalanan jugaa bagus","1962175968182927523","","Delinddd","in","","0","1","0","https://x.com/undefined/status/1962175968182927523","1436482196903059456",
"1961995324630933971","Sun Aug 31 15:29:19 +0000 2025","0","@myluvmajinnie INTHU PAMALI ANJIR BEGITUAN DI GUNUNG.... IH","1962175880253636918","","myluvmajinnie","in","","0","1","0","https://x.com/undefined/status/1962175880253636918","1914372315930091522",
"1962175782052413791","Sun Aug 31 15:29:11 +0000 2025","0","NEXT GUNUNG ATIN YANG SUSAHNYA MINTA AMPUN ITU","1962175846355181678","","meowcroftie","in","","1","0","0","https://x.com/undefined/status/1962175846355181678","856001579551346688",
"1962175037009801582","Sun Aug 31 15:25:58 +0000 2025","0","mau naik gunung tp di gendong dr awal sampe puncak","1962175037009801582","","","in","","0","0","0","https://x.com/undefined/status/1962175037009801582","1883895759868919809",
"1961987050103824802","Sun Aug 31 15:25:29 +0000 2025","0","Macam best jugak eh kalau ada anak boleh buat bed time story ni. Macam mana Padang Tok Sheikh dekat Gunung Jerai tu dapat nama Bukit Meriam Puteri Lindungan Bulan dan Puteri Bintang Kejora dari kisah bumi Langkawi- Mahsuri Beras Terbakar keturunan orang Langkawi di Acheh.","1962174914443854269","","_nuraadila_","in","","0","0","0","https://x.com/undefined/status/1962174914443854269","902925641820942336",
"1962149819444543523","Sun Aug 31 15:23:11 +0000 2025","1","@roblox_fess nihh nder with @rasamitaka penakluk gunung gunung susah https://t.co/nDCiWEyx2Q","1962174334707068978","https://pbs.twimg.com/media/GzsLJ8vaIAAEZaF.jpg","roblox_fess","in","","0","1","0","https://x.com/undefined/status/1962174334707068978","1753098198581903360",
"1962172656721207376","Sun Aug 31 15:22:27 +0000 2025","0","@xinnxss coba gunung agung via edelweis duluuu","1962174149461495921","","sanogamtengg","in","","0","0","0","https://x.com/undefined/status/1962174149461495921","1951083862739779584",
"1961815716954607832","Sun Aug 31 15:21:13 +0000 2025","1","@girlwholovecorn WKWKWK udah summit gunung daun blum kak ","1962173839309410655","","girlwholovecorn","in","","0","1","0","https://x.com/undefined/status/1962173839309410655","1290812571549724672",
"1962172957675123116","Sun Aug 31 15:21:02 +0000 2025","0","@gumybae Gunung apa ini?","1962173793654517999","","gumybae","in","","0","1","0","https://x.com/undefined/status/1962173793654517999","1262785663352442880",
"1962173542604378421","Sun Aug 31 15:20:02 +0000 2025","0","mau jg deh summit gunung sm adminnya gini","1962173542604378421","","","in","","0","0","0","https://x.com/undefined/status/1962173542604378421","1908402297287434244",
"1962173375729877012","Sun Aug 31 15:19:22 +0000 2025","0","gunung di rosblok","1962173375729877012","","","in","","0","0","0","https://x.com/undefined/status/1962173375729877012","1344106499908358144",
"1962173314681704795","Sun Aug 31 15:19:08 +0000 2025","0","Karena daya ledak gunungnya rendah lava nya juga cair. Beda sama karakter gunung api di indo yg kebanyakan lava nya kental dan daya ledaknya besar","1962173314681704795","","","in","","0","0","0","https://x.com/undefined/status/1962173314681704795","704475388353708032",
"1962156929490518320","Sun Aug 31 15:18:42 +0000 2025","0","@alucininon Wkwkwk hoalahh soalnya semua temen2 ku yg main roblsok pada nge pap naik gunung semua dari kemaren ","1962173207248793836","","arlecchinta","in","","0","0","0","https://x.com/undefined/status/1962173207248793836","1131824018905018368",
"1962149819444543523","Sun Aug 31 15:18:41 +0000 2025","0","@roblox_fess beda gunung beda partner kadang naik 1 gunung aja partnernya per checkpoint wkwk","1962173203004166394","","roblox_fess","in","","0","0","0","https://x.com/undefined/status/1962173203004166394","1476158749",
"1962173065636528205","Sun Aug 31 15:18:08 +0000 2025","0","jokiin bacon dan ava zepeto ngelewatin Bambu seiprit pas ketemu papan ilang langsung kena mental ketemu penunggu gunung","1962173065636528205","","","in","","0","0","0","https://x.com/undefined/status/1962173065636528205","1578557201924632576",
"1962173065036726635","Sun Aug 31 15:18:08 +0000 2025","0","Bhabinkamtibmas Polsek Ciledug Aiptu Syaprudin Bersama Bhabisa Sertu Nursaidin Melaksanakan Solat Juhur Berjamaah Sekaligus Sambang Di Masjid Al Muhlisin Jl. Sunan Gunung Jati Rw 04 Kel. Peningilan Kec. Ciledug Kota Tangerang. Sabtu 30/8/2025 https://t.co/DfWqe6W8kM","1962173065036726635","https://pbs.twimg.com/media/GzsJ_w_boAATTY9.jpg","","in","","0","0","0","https://x.com/undefined/status/1962173065036726635","1309059801641619457",
"1962172841820057793","Sun Aug 31 15:17:15 +0000 2025","0","Menggelinding dari atas gunung","1962172841820057793","","","in","","0","0","0","https://x.com/undefined/status/1962172841820057793","610927528",
"1962139397056536986","Sun Aug 31 15:16:30 +0000 2025","0","@jayapuraupdate Lagi pesen jagung bakar habis menggelinding dari puncak gunung","1962172652099158191","","jayapuraupdate","in","","0","0","0","https://x.com/undefined/status/1962172652099158191","436305948",
"1962153040775143806","Sun Aug 31 15:16:20 +0000 2025","0","@CHAEYfolk Bosen ga sih ada gunung baru ga","1962172610525163946","","ashillarach","in","","0","1","0","https://x.com/undefined/status/1962172610525163946","2923086810",
"1962172595417313573","Sun Aug 31 15:16:16 +0000 2025","0","di puncak gunung mana itu lec?","1962172595417313573","","","in","","0","0","0","https://x.com/undefined/status/1962172595417313573","1419807124209561604",
"1962165033175335382","Sun Aug 31 15:15:49 +0000 2025","0","5. Gunung Ya Gunung 9cp dan lumayan susah mana ga bisa carry tp jarak cp nya deket² jadi aman aja. Buat yang udah pro bolehh cobain kesini Di last cp ketemu kk baik dia nanya bisa apa ngga dan kujawab ngga trus dia ngasih tips cara ngelewatinnya. Jadi tambah semangat https://t.co/6MsJ5ccrau","1962172479339950171","https://pbs.twimg.com/media/GzsJdw5agAIqC7G.jpg","airazpt","in","","0","1","0","https://x.com/undefined/status/1962172479339950171","1419341045448413187",
"1962132972892774850","Sun Aug 31 15:15:31 +0000 2025","0","@bfgrent maps apa ya ini dede lupa gunung kotak kalau ga salah namanya. IH TEMENAN YUK MIMIN","1962172406346514630","","bfgrent","in","","0","0","0","https://x.com/undefined/status/1962172406346514630","985661416437760000",
"1962152060906025053","Sun Aug 31 15:15:07 +0000 2025","0","@tinkeurbeiil apaa yaa gunung Jawa sih","1962172305058255043","","tinkeurbeiil","in","","0","1","0","https://x.com/undefined/status/1962172305058255043","1318483536903458816",
"1962167353946620282","Sun Aug 31 15:14:51 +0000 2025","0","@mavuikaj SAMPE MANA KAMU dah tinggalin aja ni gunung stress parah","1962172238003908645","","mavuikaj","in","","0","1","0","https://x.com/undefined/status/1962172238003908645","1404748085209620481",
"1962171868225712214","Sun Aug 31 15:13:23 +0000 2025","0","walah pantek emg bener gue ga nonton malah naik gunung","1962171868225712214","","","in","","0","0","0","https://x.com/undefined/status/1962171868225712214","1798960065590018048",
"1962171646216982608","Sun Aug 31 15:12:30 +0000 2025","0","Tahun depan gunung apa yaaaaaa","1962171646216982608","","","in","","0","0","0","https://x.com/undefined/status/1962171646216982608","1007021749018378240",
"1962170671360041087","Sun Aug 31 15:12:18 +0000 2025","0","@f1speed_indo leclerc kata gw lu booking flight sekarang juga dan semedi di gunung kawi","1962171596715721079","","f1speed_indo","in","","0","2","0","https://x.com/undefined/status/1962171596715721079","1447311770050195456",
"1962139266806685924","Sun Aug 31 15:11:21 +0000 2025","0","@coppamagz gengsinya segede gunung min","1962171355883077673","","coppamagz","in","","0","0","0","https://x.com/undefined/status/1962171355883077673","1391149909517078533",
"1962137960695947353","Sun Aug 31 15:11:11 +0000 2025","0","@roblox_fess gunung Kalimantan sama di hutan wkwkw","1962171316481777847","","roblox_fess","in","","0","0","0","https://x.com/undefined/status/1962171316481777847","1563347752574423040",
"1962149819444543523","Sun Aug 31 15:10:11 +0000 2025","0","@roblox_fess nder gunung apa ituu","1962171065075195921","","roblox_fess","in","","0","0","0","https://x.com/undefined/status/1962171065075195921","1292455026573504513",
"1962085587680440343","Sun Aug 31 15:10:06 +0000 2025","7","@AR_LanaJKT48 @Lanautica_OFC #LanaGoestoJogjaRoadto19th Dan juga @AR_LanaJKT48 berziarah ke 𝟱.𝟮. 𝙈𝙪𝙨𝙚𝙪𝙢 𝙋𝙚𝙩𝙞𝙡𝙖𝙨𝙖𝙣 𝙈𝙗𝙖𝙝 𝙈𝙖𝙧𝙞𝙙𝙟𝙖𝙣 Kab. Sleman DIY Di tahun 2010 silam terjadi erupsi Gunung Merapi yang menewaskan ratusan orang termasuk sang juru kunci yaitu Mbah Marijan. https://t.co/mOWI3GwCUh","1962171043784925358","https://pbs.twimg.com/media/GzsIKdWaEAAOVA2.jpg","praditsandy30","in","","0","1","1","https://x.com/undefined/status/1962171043784925358","1151045271234551808",
"1962162789855998202","Sun Aug 31 15:09:59 +0000 2025","0","@arrissaL1485 Trail Gunung Wakid Tambunan Sabah hehe","1962171013699183089","","arrissaL1485","tl","","0","0","0","https://x.com/undefined/status/1962171013699183089","720325426749386752",
"1961044159835619722","Sun Aug 31 15:09:58 +0000 2025","0","@bailluu Udah siap banget disetir tapi kalau ke puncak gunung aku masih belum berani yaa teh. Takut dicariin sama orang tuaku. T T","1962171010175959440","","bailluu","in","","0","1","0","https://x.com/undefined/status/1962171010175959440","950769314",
"1962079216083865680","Sun Aug 31 15:09:06 +0000 2025","0","@mdhvakrsn pake gunung sampah nutup keknya","1962170789496861147","","mdhvakrsn","in","","0","0","0","https://x.com/undefined/status/1962170789496861147","1309144942586081281",
"1962170769729110500","Sun Aug 31 15:09:01 +0000 2025","0","gunung ez + tarian selebrasi https://t.co/LBT3IX9b1a","1962170769729110500","https://pbs.twimg.com/media/GzsH3WEbIAAegQn.jpg","","in","","0","0","0","https://x.com/undefined/status/1962170769729110500","1922571405872541696",
"1962170759062974759","Sun Aug 31 15:08:58 +0000 2025","0","Damn warga tangsel turun gunung","1962170759062974759","","","in","","0","0","0","https://x.com/undefined/status/1962170759062974759","1306240469874032640",
"1962155080272261161","Sun Aug 31 14:59:06 +0000 2025","83","@mengunyahlangit @howtodresvvell Di sana gunung di sini gunung","1962168275141607491","","mengunyahlangit","tl","","1","0","6","https://x.com/undefined/status/1962168275141607491","2155779342",
"1962168184234189178","Sun Aug 31 14:58:45 +0000 2025","0","yah bt gweh ada map gunung yg p2w","1962168184234189178","","","in","","0","2","0","https://x.com/undefined/status/1962168184234189178","1279447373899395072",
"1962168141448155140","Sun Aug 31 14:58:34 +0000 2025","0","kenapa ya akhir-akhir ini micku ga bisa dipake mulu kalo lg di gunung kalo di map selain gunung bisa ","1962168141448155140","","","in","","0","0","0","https://x.com/undefined/status/1962168141448155140","1637002897371332608",
"1962168062133915764","Sun Aug 31 14:58:15 +0000 2025","0","hari ini menamatkan gunung sukma dengan kakak @hometovn https://t.co/SydMRv7FgB","1962168062133915764","https://pbs.twimg.com/media/GzsFcpBbQAEAMfQ.jpg","","in","","0","0","0","https://x.com/undefined/status/1962168062133915764","926269544724799488",
"1962167736093851983","Sun Aug 31 14:56:58 +0000 2025","2","seriusan ini tangsel bakalan ada demo ke dprd??? i mean yang di jakarta dahal besok disuruh mundur soalnya tni udah turun gunung alias lagi mobile ke jakarta semua","1962167736093851983","","","in","","0","0","0","https://x.com/undefined/status/1962167736093851983","794693538667589632",
"1962167545613680704","Sun Aug 31 14:56:12 +0000 2025","0","akhir nya nggak penasaran sama nih gunung lagi https://t.co/QykEUfuJDX","1962167545613680704","https://pbs.twimg.com/media/GzsE-OtbsAA1qEA.jpg","","in","","0","1","0","https://x.com/undefined/status/1962167545613680704","1753305891162759168",
"1962167401782640863","Sun Aug 31 14:55:38 +0000 2025","0","ga boleh anjir gituan di gunung nanti ketempelan loh inthap........","1962167401782640863","","","in","","0","0","0","https://x.com/undefined/status/1962167401782640863","1914372315930091522",
"1962167353946620282","Sun Aug 31 14:55:27 +0000 2025","1","SETELAHH 1 BULAN?!!!!! AKHIRNYA GUA SUMMIT NI GUNUNG YAGATAWWW ANJINGG1 BULANNNN STUCK DI CP 3 https://t.co/rvIuT2fGvS","1962167353946620282","https://pbs.twimg.com/media/GzsEzYxaAAAnP3F.jpg","","in","","0","5","0","https://x.com/undefined/status/1962167353946620282","1404748085209620481",
"1962167252171760051","Sun Aug 31 14:55:02 +0000 2025","0","kesabaran gua setipis tisu kalo udh jatoh mulu main map gunung","1962167252171760051","","","in","","0","0","0","https://x.com/undefined/status/1962167252171760051","1750552418751053824",
"1962166885107237182","Sun Aug 31 14:53:35 +0000 2025","0","MAU NAIK GUNUNG YAALLAH PLIS SAMPE KEBAWA MIMPII","1962166885107237182","","","in","","0","0","0","https://x.com/undefined/status/1962166885107237182","3185847109",
"1961800745570947331","Sun Aug 31 14:53:24 +0000 2025","0","@pockypopp Padahal asik dan nyaman bgt tuh menghabiskan hari tua dg slow living di kaki gunung","1962166838412169231","","pockypopp","in","","0","0","0","https://x.com/undefined/status/1962166838412169231","1703610631663042560",
"1962166755968926135","Sun Aug 31 14:53:04 +0000 2025","1","Kebebasan sesungguhnya adalah memiliki ilmu setinggi gunung Drama China inspiratif..","1962166755968926135","","","in","","0","0","0","https://x.com/undefined/status/1962166755968926135","125508069",
"1962166269681213940","Sun Aug 31 14:51:08 +0000 2025","0","oalah bangsat gue nungguin kabarnya taunya tu org lagi naik gunung anjeeenggg bodoh bgt iya gue emg ya tp gpp at least i know hes ok (tolol) kalo kt sahroni","1962166269681213940","","","in","","0","0","0","https://x.com/undefined/status/1962166269681213940","1760341857333379072",
"1962166234193215757","Sun Aug 31 14:51:00 +0000 2025","4","jak en munggah gunung cah aku mumet tenan (lari ra ngatasi) ","1962166234193215757","","","in","","0","0","0","https://x.com/undefined/status/1962166234193215757","1057624586332758016",
"1962165970648039918","Sun Aug 31 14:49:57 +0000 2025","0","roblox! gunung yg ratingnya 60 an itu rintanganya mayan berarti? ada lagi kah gunung yg rating nya 60 an? jangan yg 50 an ke bawah.","1962165970648039918","","","in","","0","1","0","https://x.com/undefined/status/1962165970648039918","1667714410000060416",
"1962163210905378871","Sun Aug 31 14:49:53 +0000 2025","0","@virellion 🀢 ／ 玫瑰。 Infokan gunung mana yang bisa kudaki? ","1962165953497841760","","virellion","in","","0","0","0","https://x.com/undefined/status/1962165953497841760","1380325221295480833",
"1962165494573904266","Sun Aug 31 14:48:03 +0000 2025","2","Lagi seret nyari duit ya katanya dengan dengan circle PS ngomong lu setinggi gunung Himalaya.","1962165494573904266","","","in","","0","0","0","https://x.com/undefined/status/1962165494573904266","1111595565232459776",
"1962163973757018408","Sun Aug 31 14:47:14 +0000 2025","9","@VivoPasari84390 Makanya tempat ternyaman itu bersama laki km ndin.. Bkn bersama org lain.. Jd klu ada apa2 bicara ndin.. Jgn ngambek2 dan main kabur ke gunung.. Eh ke rmh oma di bogor.. ","1962165288713310623","","VivoPasari84390","in","","0","2","0","https://x.com/undefined/status/1962165288713310623","1845760094560276480",
"1962165033175335382","Sun Aug 31 14:46:13 +0000 2025","2","review 6 gunung yg sudah ku summit hari ini https://t.co/ig9de591zE","1962165033175335382","https://pbs.twimg.com/media/GzsCsoRbUAAOvp4.jpg","","in","","1","1","0","https://x.com/undefined/status/1962165033175335382","1419341045448413187",
"1962163003207651555","Sun Aug 31 14:44:30 +0000 2025","0","@_nommut ih iya anjir gue lagi ditengah² gunung roblok padahal","1962164598544724195","","_nommut","in","","0","0","0","https://x.com/undefined/status/1962164598544724195","1535873131960999937",
"1962162359612678443","Sun Aug 31 14:35:36 +0000 2025","0","naik gunung bener2 bare face pake ss pun ngga cuma cuci muka terus ngalis","1962162359612678443","","","in","","0","0","0","https://x.com/undefined/status/1962162359612678443","1245632123601473536",
"1962162006456430840","Sun Aug 31 14:34:12 +0000 2025","0","LECLERC SAMA NORRIS BETAH DI GUNUNG","1962162006456430840","","","in","","0","0","0","https://x.com/undefined/status/1962162006456430840","2388929108",
"1962132972892774850","Sun Aug 31 14:34:09 +0000 2025","0","@bfgrent Ke gunung di semua size :D","1962161995077259485","","bfgrent","in","","0","0","0","https://x.com/undefined/status/1962161995077259485","1415243054114504705",
"1962161868824576258","Sun Aug 31 14:33:39 +0000 2025","1","GUNUNG APA SIH YAALLAH @bbonitoflakes @razurabutterfly @yizhousbunny (egk kefoto) https://t.co/DDHXbzat1J","1962161868824576258","https://pbs.twimg.com/media/Gzr_nm8bEAAQjh3.jpg","","in","","0","4","0","https://x.com/undefined/status/1962161868824576258","1639651064722108417",
"1962161174860136585","Sun Aug 31 14:33:14 +0000 2025","0","@ninrnie Apakah penunggu gunung yagataw?","1962161765430747233","","fawnesqe","in","","0","1","0","https://x.com/undefined/status/1962161765430747233","1747601558978826240",
"1962161691254501423","Sun Aug 31 14:32:57 +0000 2025","1","mendaki gunung papua bersama @bemy1ris ️ skibidi pap pap bocil pembaik dan orang random setia kawan lynnely6 https://t.co/Hgk61lZ6Lk","1962161691254501423","https://pbs.twimg.com/media/Gzr_p-FaoAAhzvk.jpg","","in","","0","1","1","https://x.com/undefined/status/1962161691254501423","1107278859471224833",
"1962161443580833799","Sun Aug 31 14:31:58 +0000 2025","0","Pak Prabowo tidak memberi reaksi atas tuntutan masyarakat. Pak Prabowo hanya menyentuh hal-hal yang bersifat emosional. Soal keadilan Rempang PIK 2 peranpasan lahan Emas di Gunung Latimojong. Kesemrautan dan profesionalitas polri kesemena-menaan provider Ojol dalam","1962161443580833799","","","in","","0","1","0","https://x.com/undefined/status/1962161443580833799","1087876332",
"1962160939903623406","Sun Aug 31 14:30:39 +0000 2025","0","@tublesgarage Udh boleh naik gunung blm aku?","1962161114156069246","","tublesgarage","in","","1","0","0","https://x.com/undefined/status/1962161114156069246","1819753813651374080",
"1962154505526755580","Sun Aug 31 14:29:30 +0000 2025","0","@rendyraffa @marSyaheedAS @txtdrbekasi Maaf setelah dicek ulang dan menganalisis video ini tampaknya bukan dari Bekasi. Gambarannya mirip dengan aktivitas Gunung Merapi pada awal Agustus 2025 menunjukkan aliran lava merah di malam hari dengan siluet pohon. Bukan insiden di flyover Summarecon.","1962160826795839582","","rendyraffa","in","","0","1","0","https://x.com/undefined/status/1962160826795839582","1720665183188922368",
"1962103130184970523","Sun Aug 31 14:28:45 +0000 2025","0","@demiapak Gunung cing kaa","1962160635418218777","","demiapak","in","","0","1","0","https://x.com/undefined/status/1962160635418218777","1955686994115547136",
"1962120180785623410","Sun Aug 31 14:27:48 +0000 2025","0","@qrivasi Ayo join bekasi guys bekasi punya gunung indah namanya bantar gebang","1962160399010468076","","qrivasi","in","","0","0","0","https://x.com/undefined/status/1962160399010468076","1571302467253710849",
"1962141791202807974","Sun Aug 31 14:26:43 +0000 2025","0","@roblox_fess gunung kotak kak https://t.co/cwMaIx1LPW","1962160123486609750","https://pbs.twimg.com/media/Gzr-O8vbgAAuuFi.jpg","roblox_fess","in","","0","0","0","https://x.com/undefined/status/1962160123486609750","1166560198791770112",
"1961874487340892618","Sun Aug 31 14:25:30 +0000 2025","0","@ahmadfaisal86 @Opposisi6890 elu disuruh diem ga usah komen nyimak ajh... malah nanya... 9uw06 L0K bangett m0ny3t gunung..","1962159817574756679","","ahmadfaisal86","in","","0","0","0","https://x.com/undefined/status/1962159817574756679","1864321894859608064",
"1962159809945645541","Sun Aug 31 14:25:28 +0000 2025","0","Anjir charles duduk di gunung ","1962159809945645541","","","in","","0","0","0","https://x.com/undefined/status/1962159809945645541","1073753157614751745",
"1962159798344208657","Sun Aug 31 14:25:25 +0000 2025","1","akhirnya ada temen buat mendaki gunung https://t.co/Q1135Nzm7G","1962159798344208657","https://pbs.twimg.com/media/Gzr96o2a4AAKbfq.jpg","","in","","0","1","0","https://x.com/undefined/status/1962159798344208657","1254699143496376321",
"1961673645719523467","Sun Aug 31 14:24:54 +0000 2025","0","@prkzjisung Udh berapa gunung kau daki hawai encung/?","1962159665544134724","","jospmarti","in","","0","0","0","https://x.com/undefined/status/1962159665544134724","1392345523529523200",
"1962137960695947353","Sun Aug 31 14:24:23 +0000 2025","0","@roblox_fess dari map gunung talang awoakwokw ampe sekarang ni jadi petani sejati bareng","1962159535956865084","","roblox_fess","in","","0","0","0","https://x.com/undefined/status/1962159535956865084","1387602272176148481",
"1962159426099630309","Sun Aug 31 14:23:56 +0000 2025","0","rekomen gunung yang seru buat mabar","1962159426099630309","","","in","","0","2","0","https://x.com/undefined/status/1962159426099630309","1440161700410392578",
"1962154733290033195","Sun Aug 31 14:23:42 +0000 2025","5","@Mdy_Asmara1701 Ya sudah tinggal tunggu waktu. Gunung berapi se 🇮🇩 meletus.. Akumulasi masalah himpitan sikon kehidupan kebijakan yang menjerat perilaku pejabat dan petugas partai dll","1962159366397952137","","Mdy_Asmara1701","in","","0","0","0","https://x.com/undefined/status/1962159366397952137","702038954426535937",
"1962159035861577904","Sun Aug 31 14:22:23 +0000 2025","0","gunung jawir patah-patah anjir mapnya","1962159035861577904","","","in","","0","0","0","https://x.com/undefined/status/1962159035861577904","1863181489774710784",
"1957774864095334622","Sun Aug 31 14:21:17 +0000 2025","0","Gunung rahwana. solo hiking tapi jumpa akak ni halfway. lowkey overrated? trek panjang nak mampus. tapi langit lawa ah https://t.co/Aq0weTafwl","1962158756520935619","https://pbs.twimg.com/media/Gzr8_C-aEAA-jIe.jpg","hrlains","in","","0","1","0","https://x.com/undefined/status/1962158756520935619","1481139446825517064",
"1962158728914014492","Sun Aug 31 14:21:10 +0000 2025","13","Ketika tetehnya ikut event lari (aku) Tp malah adek laki-laki yg dpt rejeki Pas bgt dia baru turun gunung jd item skincarean deh lu sana dekk Btw aku suruh potong comma hair ternyata rambutnya jd keliatan tebal kaya rambut #imkevin wkwk https://t.co/5dJoig9S7p","1962158728914014492","https://pbs.twimg.com/media/Gzr89MwaEAASqhD.jpg","","in","","0","1","0","https://x.com/undefined/status/1962158728914014492","1827621679067230208",
"1962135031549427722","Sun Aug 31 14:20:40 +0000 2025","0","@sea___salts SUSAH BYYY MUAL BETTT gunung gajelas","1962158601075884476","","sea___salts","in","","0","1","0","https://x.com/undefined/status/1962158601075884476","1269228129270353924",
"1961482053003989318","Sun Aug 31 14:20:38 +0000 2025","0","@Yoxungjae Timakaciw yang lebih lucu niatnya outfit inspire buat pergi konser tapi nalah kayak naik gunung ya. T___T","1962158594557980961","","Yoxungjae","in","","0","1","0","https://x.com/undefined/status/1962158594557980961","1627714874",
"1962152060906025053","Sun Aug 31 14:20:34 +0000 2025","0","@tinkeurbeiil Gunung apa?","1962158577264816513","","tinkeurbeiil","in","","0","1","0","https://x.com/undefined/status/1962158577264816513","1540351379453071361",
"1962151172179128440","Sun Aug 31 14:20:24 +0000 2025","0","@bloodvanee Naik ke gunung bohong aja yu","1962158535606927372","","bloodvanee","in","","0","0","0","https://x.com/undefined/status/1962158535606927372","1297044577086447616",
"1962158500823630212","Sun Aug 31 14:20:16 +0000 2025","0","tadi siang mendaki gunung ase seru poll diisengin adminnya mulu wkwk https://t.co/tolDIE8rKx","1962158500823630212","https://pbs.twimg.com/media/Gzr8wIhakAEEC4b.jpg","","in","","0","1","0","https://x.com/undefined/status/1962158500823630212","1107278859471224833",
"1962158097268711860","Sun Aug 31 14:19:45 +0000 2025","0","sampe highlightnya gunung semua... ampun dah suhu ","1962158373174149449","","sunflowskie","in","","0","0","0","https://x.com/undefined/status/1962158373174149449","1952951019635392515",
"1962158097268711860","Sun Aug 31 14:18:40 +0000 2025","0","kok bisa ada orang yg sebulan sekali naik gunung ","1962158097268711860","","","in","","0","1","0","https://x.com/undefined/status/1962158097268711860","1952951019635392515",
"1962158029111181451","Sun Aug 31 14:18:23 +0000 2025","0","naik apa ya 1 gunung lagi","1962158029111181451","","","in","","0","2","0","https://x.com/undefined/status/1962158029111181451","1419341045448413187",
"1962155979417825525","Sun Aug 31 14:17:08 +0000 2025","0","@olvaholvah Kakak lagi turun gunung ya terganggu ya kak pertapaannya karena kericuhan di Negara tercinta ini","1962157713322029538","","olvaholvah","in","","0","0","0","https://x.com/undefined/status/1962157713322029538","233159185",
"1962137960695947353","Sun Aug 31 14:16:52 +0000 2025","0","@roblox_fess di gunung tapii lupa gunung yang mana","1962157645831496125","","roblox_fess","in","","0","0","0","https://x.com/undefined/status/1962157645831496125","1787842287726448640",
"1962157556010537216","Sun Aug 31 14:16:31 +0000 2025","0","ga berani main gunung soalnya gua dontol banget anjir jadi main di raja ampat aj dah https://t.co/AYulyhAlJw","1962157556010537216","https://pbs.twimg.com/media/Gzr75Z7b0AASIAc.jpg","","in","","0","0","0","https://x.com/undefined/status/1962157556010537216","1455924894613446659",
"1962150910374952997","Sun Aug 31 14:15:59 +0000 2025","0","@sourganai sumpahh berasa jauhh banget tu gunung","1962157423076233474","","sourganai","in","","0","0","0","https://x.com/undefined/status/1962157423076233474","1787842287726448640",
"1962157349893992550","Sun Aug 31 14:15:41 +0000 2025","0","ternyata main roblok klo naik gunung ga mual anjay bahkan main sampai 2 jam tdi","1962157349893992550","","","in","","0","0","0","https://x.com/undefined/status/1962157349893992550","1924105030443147264",
"1962126278192243020","Sun Aug 31 14:14:58 +0000 2025","0","@soshikon_mq @txtdrbekasi kaga usah anjir orang udah ada keputusam bisa di dor kapan aja eh pada turun gunung TELATT","1962157166963638672","","soshikon_mq","in","","0","0","0","https://x.com/undefined/status/1962157166963638672","1003614348",
"1961925261223751939","Sun Aug 31 14:13:50 +0000 2025","0","@MurtadhaOne1 Setidaknya TNI tidak melukai masyarakat","1962156884070383930","","MurtadhaOne1","in","","0","0","0","https://x.com/undefined/status/1962156884070383930","733418461",
"1962144978978972047","Sun Aug 31 14:13:42 +0000 2025","0","@byrob10x gunung nirwanaa https://t.co/ICQgNY5ac5","1962156847701569933","https://pbs.twimg.com/media/Gzr7P6jbgAA5hrs.jpg","byrob10x","in","","0","0","0","https://x.com/undefined/status/1962156847701569933","1297399038",
"1962107906394075318","Sun Aug 31 14:13:11 +0000 2025","0","@hidup_sihat Dulu bolehlah esok naik Gunung Datuk malam baru nak prepare dengan fitness ke laut. Kahkahkah","1962156718919704818","","hidup_sihat","in","","0","0","0","https://x.com/undefined/status/1962156718919704818","831778704",
"1962096065127284759","Sun Aug 31 14:00:42 +0000 2025","0","@ommi_siregar Koreksi kalo salah nil @Dahnilanzar @ta","1962153577344041463","","ommi_siregar","in","","0","1","0","https://x.com/undefined/status/1962153577344041463","1701624074877984768",
"1962153347701788953","Sun Aug 31 13:59:47 +0000 2025","0","aduUh... kangen ngajak dede jalaan... terakhir kemarin dede habis demo di gunung...","1962153347701788953","","","in","","1","0","0","https://x.com/undefined/status/1962153347701788953","1883177034282885120",
"1961824462418149584","Sun Aug 31 13:57:52 +0000 2025","0","@WaliAlbanjary Masyarakat sudah terlalu lama menahan ibarat puncak gunung berapi yg terlalu lama menahan Lavanya dan akhirnya meletus juga...!!!","1962152862781460933","","WaliAlbanjary","in","","0","0","0","https://x.com/undefined/status/1962152862781460933","1839214144446410755",
"1962098188351115304","Sun Aug 31 13:57:46 +0000 2025","0","@sgaturday Kita nongkrong lagi di gunung api itu","1962152838496444667","","sgaturday","in","","0","0","0","https://x.com/undefined/status/1962152838496444667","732116520281767936",
"1962152423705006097","Sun Aug 31 13:56:07 +0000 2025","0","Gunung Daun gunung apaan sih gunung neraka yang bener.","1962152423705006097","","","in","","0","0","0","https://x.com/undefined/status/1962152423705006097","1742173315232641024",
"1962152415232397534","Sun Aug 31 13:56:05 +0000 2025","0","Gunung mana yg snowbbl daki tak siap-siap nie","1962152415232397534","","","in","","0","1","0","https://x.com/undefined/status/1962152415232397534","1613138989426540550",
"1962125993554137281","Sun Aug 31 13:55:23 +0000 2025","0","@ieysyap AYOOOO MAAAUUUU aku cinta gunung kotak","1962152240438968744","","ieysyap","in","","0","1","0","https://x.com/undefined/status/1962152240438968744","1906928893241802753",
"1962151929423052932","Sun Aug 31 13:54:09 +0000 2025","13","Ngesah kan UUD diam-diam rakyat diam. Memberlakukan rakyat semena-mena selama ini rakyat diam. Tapi diamnya orang terdzolimi itu kayak gunung Merapi ada saatnya akan meletus. Dan skrang meletusnya","1962151929423052932","","","in","","0","0","5","https://x.com/undefined/status/1962151929423052932","1069779728578437121",
"1962151815925076254","Sun Aug 31 13:53:42 +0000 2025","0","Muak bgt ama berita indo mending nonton winda naik gunung","1962151815925076254","","","in","","0","0","0","https://x.com/undefined/status/1962151815925076254","1268019606142111745",
"1962151044450066706","Sun Aug 31 13:53:07 +0000 2025","0","ini gunung panjang bgt tracknya. tapi karena sepanjang jalan sendirian kali ya makanya jadi lumayan gampang ngelewatin rintangannya. gg kamu sadie mamah pasti bangga karena kamu udah bisa naik gunung yang banyak rintangannya","1962151668159836270","","fioriennn","in","","0","0","0","https://x.com/undefined/status/1962151668159836270","3265572230",
"1962151613247980012","Sun Aug 31 13:52:54 +0000 2025","0","Makasih udah ngajak main ke gunung akhirat.. besok-besok gausah lagi ya https://t.co/hPqMAXbND4","1962151613247980012","https://pbs.twimg.com/media/Gzr2cpDaQAAtZtq.jpg","","in","","0","2","0","https://x.com/undefined/status/1962151613247980012","2437778420",
"1962151522286076275","Sun Aug 31 13:52:32 +0000 2025","0","gunung sunda.... berawal dari dibantu gara gara aku masih sangat amat nub sekali waktu itu awoakwoaowk udah sebulan lebih kt berteman ","1962151522286076275","","","in","","0","0","0","https://x.com/undefined/status/1962151522286076275","1342392987070820352",
"1962151238734409961","Sun Aug 31 13:51:24 +0000 2025","0","Candak abi ka gunung","1962151238734409961","","","in","","0","0","0","https://x.com/undefined/status/1962151238734409961","1147787081063620608",
"1962142513881587883","Sun Aug 31 13:51:09 +0000 2025","0","@ilovegeminuy Maka kita naik gunung Antarctica aja yang gampang","1962151172653162851","","geminisaintek","in","","0","1","0","https://x.com/undefined/status/1962151172653162851","1552843070177046528",
"1962137960695947353","Sun Aug 31 13:50:40 +0000 2025","0","@roblox_fess gunung thangkuban cug akwkakwk","1962151053467832512","","roblox_fess","in","","0","0","0","https://x.com/undefined/status/1962151053467832512","1506856835378458624",
"1962017708058583486","Sun Aug 31 13:49:42 +0000 2025","0","@toe_giman Napa ga dideketin trus bilang sampeyan intel yah...","1962150807970943312","","toe_giman","in","","0","0","0","https://x.com/undefined/status/1962150807970943312","1701624074877984768",
"1962150471977811997","Sun Aug 31 13:48:22 +0000 2025","0","CEKIKIKAN NONTON VIDEO ORANG THAI NDAKI GUNUNG ROSBLOK TRUS DI KACANGI ORANG INDO","1962150471977811997","","","in","","0","0","0","https://x.com/undefined/status/1962150471977811997","789064668413304832",
"1962150281485115757","Sun Aug 31 13:47:36 +0000 2025","0","akhirnya nih tweet turun gunung","1962150281485115757","","","in","","0","1","0","https://x.com/undefined/status/1962150281485115757","1865054913971261444",
"1962051499711766875","Sun Aug 31 13:47:33 +0000 2025","0","@starfess Vampire pun sampe turun gunung","1962150269925597511","","starfess","in","","0","0","0","https://x.com/undefined/status/1962150269925597511","1400969378133274624",
"1961998250346786982","Sun Aug 31 13:47:15 +0000 2025","0","@tidaksambat @LauraBas Kalo sampe cici gw turun gunung berarti udah parah bats","1962150194159710683","","tidaksambat","in","","0","0","0","https://x.com/undefined/status/1962150194159710683","74362399",
"1962150086001168844","Sun Aug 31 13:46:50 +0000 2025","0","Pusing liat tl demo demo lebih baik menutup bulan agustus dengan summit Gunung Ckptw next Gunung apa lagi ya? https://t.co/AURPxzAqUH","1962150086001168844","https://pbs.twimg.com/media/Gzr1GOiaAAArwlZ.jpg","","in","","0","0","0","https://x.com/undefined/status/1962150086001168844","1234919472202317825",
"1962150022507888659","Sun Aug 31 13:46:35 +0000 2025","0","carlos kayanya harus ke gunung kawi deh","1962150022507888659","","","in","","0","1","0","https://x.com/undefined/status/1962150022507888659","535954240",
"1962147545649643807","Sun Aug 31 13:46:02 +0000 2025","0","@meowingg1 stress jugak naik gunung ga nyampe nyampe","1962149885039579346","","meowingg1","in","","0","0","0","https://x.com/undefined/status/1962149885039579346","1903124991077650433",
"1962073522727231510","Sun Aug 31 13:45:07 +0000 2025","0","@vleurnayn @nagapirang AWOAKWOWK FAKKK LUCU BGT MINATO UDAH TURUN GUNUNG TANDANYA DUNIA BENERAN GA BAIK BAIK AJA ","1962149656215105814","","vleurnayn","in","","0","0","0","https://x.com/undefined/status/1962149656215105814","1341611751486341120",
"1962144527495602631","Sun Aug 31 13:44:25 +0000 2025","0","@keonuts naik gunung ️","1962149477319668132","","keonuts","in","","0","0","0","https://x.com/undefined/status/1962149477319668132","1955276117855834112",
"1962149420738486485","Sun Aug 31 13:44:11 +0000 2025","0","karna kuliah minggu ini onlain apakah gw pergi ke gunung ireng ya?","1962149420738486485","","","in","","0","0","0","https://x.com/undefined/status/1962149420738486485","1149178622600609792",
"1962101168609669226","Sun Aug 31 13:44:08 +0000 2025","0","@au_uyia Gunung mana ka","1962149410022064268","","au_uyia","tl","","0","1","0","https://x.com/undefined/status/1962149410022064268","1882514008751923200",
"1962117118683660762","Sun Aug 31 13:43:57 +0000 2025","0","@TrishaAldama @diiansn Naik gunung aja man","1962149362710221278","","TrishaAldama","in","","0","0","0","https://x.com/undefined/status/1962149362710221278","1300440615981785089",
"1962149156790931759","Sun Aug 31 13:43:08 +0000 2025","0","baru sadar aku udah ga sedontol itu kalo naik gunung","1962149156790931759","","","in","","0","1","0","https://x.com/undefined/status/1962149156790931759","1433071100657737732",
"1962142713106899420","Sun Aug 31 13:43:08 +0000 2025","0","@womaninMUNICH @dayenith Bukan mi gunung sakahayang ini tangganya setinggi harapan orang tua","1962149156367315384","","womaninMUNICH","in","","0","0","0","https://x.com/undefined/status/1962149156367315384","1311113536509104128",
"1962120258246107262","Sun Aug 31 13:43:05 +0000 2025","0","baru tau pas liat status dua duanya offline eh pas mau naik gunung kok tulisan join.. hmm main game aja kudu diumpetin statusnya","1962149143000023128","","nngskyyy","in","","0","0","0","https://x.com/undefined/status/1962149143000023128","1184680663770746880",
"1962127265871081946","Sun Aug 31 13:42:21 +0000 2025","0","@happiyel Ketua sudah turun gunung.","1962148960879128946","","happiyel","in","","0","0","0","https://x.com/undefined/status/1962148960879128946","1356180559479726087",
"1962148344710767055","Sun Aug 31 13:41:42 +0000 2025","0","@taesanfisher Beberapa zona merah di Jakarta Timur yang sering disebut: Jatinegara Gunung Antang Gang Boker Otista dan Pulogadung. Ini berdasarkan laporan terbaru tapi situasi bisa berubah. Kalau maksudnya konteks lain seperti demo atau kebakaran kasih tau ya!","1962148793694249209","","taesanfisher","in","","0","0","0","https://x.com/undefined/status/1962148793694249209","1720665183188922368",
"1962137960695947353","Sun Aug 31 13:41:26 +0000 2025","0","@roblox_fess gunung dempo","1962148726874714411","","roblox_fess","tl","","0","0","0","https://x.com/undefined/status/1962148726874714411","1015066041498529792",
"1962148554438586661","Sun Aug 31 13:40:44 +0000 2025","1","Mount Panderman / Gunung Panderman Roblox. Gunung asli di jawa. Fasilitas gunung ini bisa jadi tour guide dibayar robux bebek di danau glider buat terbang spot foto rintangan yang ez harusnya ini pada dontol aja admin ramah bintang 10000000. Lets go main roblox ke Panderman! https://t.co/SL8SYA269s","1962148554438586661","https://pbs.twimg.com/ext_tw_video_thumb/1962148432703004672/pu/img/0gXtfnoKVIXOvsxf.jpg","","in","","0","1","1","https://x.com/undefined/status/1962148554438586661","381465963",
"1962148430631117308","Sun Aug 31 13:40:15 +0000 2025","0","Gunung Daun hari ini &gt;&lt; (@hlayato @CupidTrace dan Naye) https://t.co/M67rQwwb7T","1962148430631117308","https://pbs.twimg.com/media/GzrzcEIbEAA5slf.jpg","","in","","0","0","0","https://x.com/undefined/status/1962148430631117308","2437778420",
"1962148171577954657","Sun Aug 31 13:39:13 +0000 2025","1","Saran map gunung !roblox yang lagunya vibes galau kayak gunung leuser gitu dong","1962148171577954657","","","in","","0","1","0","https://x.com/undefined/status/1962148171577954657","1903872646678470656",
"1962081692149252124","Sun Aug 31 13:38:27 +0000 2025","1","@FitriNoor8 Dingin terus Gunung Kidul","1962147978938122326","","FitriNoor8","in","","0","0","0","https://x.com/undefined/status/1962147978938122326","1682385493650964483",
"1962143163939959186","Sun Aug 31 13:38:15 +0000 2025","1","@HukumDan Nyerbu chocolatos","1962147926224048297","","HukumDan","in","","0","0","0","https://x.com/undefined/status/1962147926224048297","1701624074877984768",
"1962147332004491597","Sun Aug 31 13:35:53 +0000 2025","2","Guys janlup twitnya diseling sama sesuatu yang ga berhubungan ama aksi ya. Boleh update kehidupan ss mendaki gunung roblok atau kumis kucing. Apapun itu pokonya biar akunnya sehat selalu.","1962147332004491597","","","in","","1","0","1","https://x.com/undefined/status/1962147332004491597","359333278",
"1962131946034925950","Sun Aug 31 13:35:37 +0000 2025","0","@kqeki naik gunung di roblox.. ak mah ayo ayo aja","1962147263679270921","","kqeki","in","","0","1","0","https://x.com/undefined/status/1962147263679270921","1850503236190625792",
"1962137072333926697","Sun Aug 31 13:34:40 +0000 2025","0","@number_0176 @UNDIP_FESS Unnes kampus atas gunung aja daring kok","1962147025740575003","","number_0176","in","","0","0","0","https://x.com/undefined/status/1962147025740575003","1540499139699412998",
"1962132972892774850","Sun Aug 31 13:34:28 +0000 2025","0","@bfgrent MAU PAMER LAGI ABIS JALAN JALAN NAIK GUNUNG https://t.co/J2vg2awpsr","1962146973424980254","https://pbs.twimg.com/media/GzryRESaYAETrGu.jpg","bfgrent","in","","0","1","0","https://x.com/undefined/status/1962146973424980254","985661416437760000",
"1962146488097927423","Sun Aug 31 13:32:32 +0000 2025","1","Muncak tudey w/ @sutsurin @yepeiyy @zhuxiien Ps : itu gunung khendala hapus ajh hapus https://t.co/0j5zK5lreE","1962146488097927423","https://pbs.twimg.com/media/Gzrxz4sbMAATHkx.jpg","","in","","1","4","3","https://x.com/undefined/status/1962146488097927423","1956053528",
"1962146404778066263","Sun Aug 31 13:32:12 +0000 2025","0","Tinggal nunggu Queen Garmek turun gunung buat ngasih seminar di hadapan para pendemo","1962146404778066263","","","in","","0","0","0","https://x.com/undefined/status/1962146404778066263","1786605094622162944",
"1962146310087479733","Sun Aug 31 13:31:49 +0000 2025","0","ak main Roblox masih nyangkut di gunung atin pos 13 susahhh banget sksksk","1962146310087479733","","","in","","0","0","0","https://x.com/undefined/status/1962146310087479733","1577436169964761090",
"1962146305851183128","Sun Aug 31 13:31:48 +0000 2025","1","bersyukur kampus + kost gue di daerah gunung jauh dari kota/zona merah jadi ospek masih bisa full offline","1962146305851183128","","","in","","0","1","0","https://x.com/undefined/status/1962146305851183128","1386689316114501633",
"1962146247818842260","Sun Aug 31 13:31:35 +0000 2025","0","kata gua ya persatuan pecinta ular bawa ular ke istana mako brimob sama polda tau. bawa ular yg blm ada obatnya KWKWKWKWK atau dukun di indo bertindak sumpah santet mana santet ayo semuanya ke gunung kawi","1962146247818842260","","","in","","0","0","0","https://x.com/undefined/status/1962146247818842260","1874668426020655104",
"1961990437545365656","Sun Aug 31 13:30:11 +0000 2025","0","@renjunUB tbtb turun gunung ancrittt","1962145898865246661","","renjunUB","in","","0","0","0","https://x.com/undefined/status/1962145898865246661","1281151257315438593",
"1962142513881587883","Sun Aug 31 13:28:55 +0000 2025","0","@ilovegeminuy Ayo naik gunung","1962145576847618114","","geminisaintek","in","","0","1","0","https://x.com/undefined/status/1962145576847618114","1552843070177046528",
"1962097116597322029","Sun Aug 31 13:28:34 +0000 2025","0","@Gallrry Ih aku nyari gunung ini kok gak ada yaa bunya","1962145490705035323","","blifsoo","in","","0","1","0","https://x.com/undefined/status/1962145490705035323","1929089398672678912",
"1962142556298621268","Sun Aug 31 13:28:04 +0000 2025","0","@redlistedli Hmm bukannya nama gunung di Bandung Selatan ya","1962145365500817818","","redlistedli","in","","0","1","0","https://x.com/undefined/status/1962145365500817818","1146721742397685760",
"1962145359939183038","Sun Aug 31 13:28:03 +0000 2025","1","Minggir semua saatnya SuperWan beraksi‍️ Pendekar rajawali dari gunung Seoul #aifilter #WENDY https://t.co/ezd2crOK6d","1962145359939183038","https://pbs.twimg.com/ext_tw_video_thumb/1962145328788086784/pu/img/namnjr1dx4d0FqU8.jpg","","in","","0","0","0","https://x.com/undefined/status/1962145359939183038","1762745328741343232",
"1962145236022649334","Sun Aug 31 13:27:33 +0000 2025","0","Tim SAR Mengevakuasi Dua Pendaki Kelelahan di Gunung Batukaru https://t.co/RLGM7vZbwN","1962145236022649334","","","in","","0","0","0","https://x.com/undefined/status/1962145236022649334","1318832462366081025",
"1962137960695947353","Sun Aug 31 13:26:47 +0000 2025","0","@roblox_fess di map gunung bahkan udah ketemu mereka irl ","1962145040807182450","","roblox_fess","in","","0","0","0","https://x.com/undefined/status/1962145040807182450","1597888379672465409",
"1962137960695947353","Sun Aug 31 13:26:36 +0000 2025","1","@roblox_fess gunung thangkuban prahu","1962144995940733076","","roblox_fess","in","","0","0","0","https://x.com/undefined/status/1962144995940733076","1942786793998278656",
"1962024195224920083","Sun Aug 31 13:26:13 +0000 2025","0","@liskiataumi Gawat vampire dan turun gunung next kuyang kalimantan. Buktikan kalian punya hati ga kek pemerintah","1962144898527981891","","liskiataumi","in","","0","0","0","https://x.com/undefined/status/1962144898527981891","1306569936706314240",
"1962144627731083534","Sun Aug 31 13:25:08 +0000 2025","0","Ini mah parkour berkedok gunung kocak! Harus banyak-banyak bersabar naik ini aku summit 11 karena bug dari etmin guys... Aslinya baru 1 kali summit https://t.co/r9su8Gfs9H","1962144627731083534","https://pbs.twimg.com/media/GzrwI76bYAAPp6x.jpg","","in","","0","0","0","https://x.com/undefined/status/1962144627731083534","1366077624376717319",
"1962141791202807974","Sun Aug 31 13:23:27 +0000 2025","0","@roblox_fess gunung apa ituu","1962144204110663796","","roblox_fess","in","","0","0","0","https://x.com/undefined/status/1962144204110663796","1886990235806130176",
"1962136091353633159","Sun Aug 31 13:23:05 +0000 2025","0","@sweett0xic Gunung apaa","1962144111517139294","","sweett0xic","in","","0","1","0","https://x.com/undefined/status/1962144111517139294","1525122446390861824",
"1962131132264468826","Sun Aug 31 13:08:24 +0000 2025","0","@wonbirm Nungguin lu ndaki gunung","1962140416289190234","","wonbirm","in","","0","0","0","https://x.com/undefined/status/1962140416289190234","1336887041724846081",
"1962137960695947353","Sun Aug 31 13:07:45 +0000 2025","0","@roblox_fess di map gunung ","1962140250798723466","","roblox_fess","tl","","0","0","0","https://x.com/undefined/status/1962140250798723466","1152176669731409920",
"1962132693841580053","Sun Aug 31 13:07:41 +0000 2025","0","@yvee567 Cikarang aman sih kak tadi aku barusan dari luar gunung putri juga kayaknya aman","1962140234378096760","","yvee567","in","","0","1","0","https://x.com/undefined/status/1962140234378096760","1113728990311661568",
"1962140080560361685","Sun Aug 31 13:07:04 +0000 2025","0","AKU SEDANG DI GUNUNG.","1962140080560361685","","","in","","0","1","0","https://x.com/undefined/status/1962140080560361685","1927758461099720704",
"1962128894385156571","Sun Aug 31 13:06:55 +0000 2025","0","@vihokratwn MWU GUNUNG AFH?? YANG SUSAH APH EGK","1962140043734343930","","vihokratwn","in","","0","1","0","https://x.com/undefined/status/1962140043734343930","1003331901887672321",
"1962128894385156571","Sun Aug 31 13:06:25 +0000 2025","0","@kumgaeul Ajak naik gunung","1962139917791977501","","kumgaeul","in","","0","1","0","https://x.com/undefined/status/1962139917791977501","1348474053502193665",
"1962128894385156571","Sun Aug 31 13:05:16 +0000 2025","0","@kumgaeul Cp itu couple WKWKWK NGAKAK gunung gunungan","1962139625075659020","","kumgaeul","in","","0","1","0","https://x.com/undefined/status/1962139625075659020","1348474053502193665",
"1962119247632699498","Sun Aug 31 13:04:45 +0000 2025","0","@ygslapme Lempar skoci untuk para penumpang kapal pesiar yg menabrak gunung batu","1962139496545444270","","ygslapme","in","","0","1","0","https://x.com/undefined/status/1962139496545444270","1684812079545659392",
"1962137960695947353","Sun Aug 31 13:04:06 +0000 2025","0","@roblox_fess Aku ketemu temen awet di map gunung sama gag nder","1962139332770492717","","roblox_fess","in","","0","0","0","https://x.com/undefined/status/1962139332770492717","1657301136091795457",
"1962128894385156571","Sun Aug 31 13:03:53 +0000 2025","0","@vihokratwn CP CHECKPOINT KAN? LU NANJAK GUNUNG APH?? ","1962139276776501508","","vihokratwn","in","","0","1","0","https://x.com/undefined/status/1962139276776501508","1003331901887672321",
"1962138119056322764","Sun Aug 31 13:03:43 +0000 2025","0","@ftbszazah Indahnya di gunung mana eta neng ?","1962139236926366094","","ftbszazah","in","","0","0","0","https://x.com/undefined/status/1962139236926366094","1738623738009333760",
"1962138965735244143","Sun Aug 31 13:02:38 +0000 2025","0","Gunung batu https://t.co/Ove6jiImUM","1962138965735244143","https://pbs.twimg.com/media/Gzrq_GuaoAARou5.jpg","","in","","0","0","0","https://x.com/undefined/status/1962138965735244143","1051529632225222656",
"1962138941928411442","Sun Aug 31 13:02:33 +0000 2025","1","mount sigma (late post) gunung ini obstaclesnya gampang dan dontolable (paling ada satu dua aja yang perlu hati-hati lebih) btw panjang banget soalnya 3k-an mdpl. bonus kmaren dipakein baju pink (bisa terbang bentar jir) sama aura (kek orang kebakar WKAKAKAA) https://t.co/yhiu5Eoy65","1962138941928411442","https://pbs.twimg.com/media/GzrqixEaAAEWINm.jpg","","in","","1","0","0","https://x.com/undefined/status/1962138941928411442","790065833447821312",
"1962138822617219108","Sun Aug 31 13:02:04 +0000 2025","1","WAMEN OSSY LAPORKAN PROGRES PENGADAAN TANAH untuk Huntap Warga Terdampak Erupsi Gunung Lewotobi Laki-laki ke Menko PMK Berita selengkapnya kunjungi: https://t.co/arKjUBIMX4 #KementerianATRBPN #MelayaniProfesionalTerpercaya #MajuDanModern #MenujuPelayananKelasDunia https://t.co/tFZthRHr02","1962138822617219108","https://pbs.twimg.com/media/Gzrq20Yb0AAxctm.jpg","","in","","0","0","0","https://x.com/undefined/status/1962138822617219108","3991167253",
"1962138822562795975","Sun Aug 31 13:02:04 +0000 2025","1","mau main roblox ngepush gunung daun ","1962138822562795975","","","in","","0","0","0","https://x.com/undefined/status/1962138822562795975","846146208439701504",
"1962069817789239463","Sun Aug 31 13:01:08 +0000 2025","0","@BaseBDG Wowo itu halu nya udah level gunung. Makanya ada gunung halu .","1962138588461879748","","BaseBDG","in","","0","0","0","https://x.com/undefined/status/1962138588461879748","813654149678047232",
"1961801465066127764","Sun Aug 31 13:00:14 +0000 2025","0","@ayakaasayang OH IYA INI HARI MINGGU IA Y DAH MET NONTON GAUSAH KE YAGATAW ITU GUNUNG GAJELAS ASLI","1962138360686023026","","ayakaasayang","in","","0","1","0","https://x.com/undefined/status/1962138360686023026","1404748085209620481",
"1962085587680440343","Sun Aug 31 12:59:05 +0000 2025","0","@AR_LanaJKT48 @Lanautica_OFC FYI Rhel.. @AR_LanaJKT48 Bunker ini dibangun pada tahun 𝟐𝟎𝟎𝟏 sebagai tempat evakuasi bagi masyarakat saat terjadi erupsi gunung berapi. Namun pada tahun 𝟐𝟎𝟎𝟔 bunker ini tertimbun oleh aliran piroklastik saat terjadi erupsi besar Merapi. #LanaGoestoJogjaRoadto19th https://t.co/xk7ENX7YTL","1962138071585214774","https://pbs.twimg.com/ext_tw_video_thumb/1962138038387290112/pu/img/xidGB8XBMDsU5yCC.jpg","praditsandy30","in","","0","1","0","https://x.com/undefined/status/1962138071585214774","1151045271234551808",
"1961743061949813087","Sun Aug 31 12:58:34 +0000 2025","1","@g4zingthestar IH TU GUNUNGG BUGG TRSSS BJIR MEMANG GUNUNG JELEG","1962137940752290111","","g4zingthestar","in","","0","0","0","https://x.com/undefined/status/1962137940752290111","1404748085209620481",
"1962137825895420276","Sun Aug 31 12:58:07 +0000 2025","0","mount owashu. gunung coquette karena langitnya pink &amp; banyak pohon sakura juga wkwkwk. buat obstaclesnya medium lah ada tangga inul yang bikin gue stuck lama https://t.co/0Px1F1pZER","1962137825895420276","https://pbs.twimg.com/media/GzrpfzGa0AAJDA0.jpg","","in","","1","0","0","https://x.com/undefined/status/1962137825895420276","790065833447821312",
"1961782313156825386","Sun Aug 31 12:58:06 +0000 2025","0","@_nunaJK_ skrg jamannya gunung jembatan goyang ga masuk akal gw kl jatoh terus juga bete langsung out wkwk aplg kl jatoh ke balik ke awal","1962137821805994455","","_nunaJK_","in","","0","0","0","https://x.com/undefined/status/1962137821805994455","1322483382446510086",
"1962137719628591475","Sun Aug 31 12:57:41 +0000 2025","4","Karena dontol naik gunung harus di gendong dlu https://t.co/0xKvr8bqWF","1962137719628591475","https://pbs.twimg.com/media/Gzrp2jea4AExhM4.jpg","","in","","0","0","0","https://x.com/undefined/status/1962137719628591475","1633678999586246659",
"1962135746506367069","Sun Aug 31 12:57:25 +0000 2025","0","@Seyoungies230 Yg suka sama Qiao'er (ajudannya Shuang) yg ikut mereka pas ke gunung ca atau apa tuh namanya lupa ","1962137649839562890","","Seyoungies230","in","","0","1","0","https://x.com/undefined/status/1962137649839562890","125200487",
"1962137430989082860","Sun Aug 31 12:56:32 +0000 2025","0","suka bgt sm ekspedisi Windah dkk di Gunung Jawir aku pikir bakal bad ending w admin!","1962137430989082860","","","in","","0","0","0","https://x.com/undefined/status/1962137430989082860","1214866707031789569",
"1961930761227084012","Sun Aug 31 12:55:08 +0000 2025","0","@yoisaaki info map yg seru kakkkaku cuma tau gunung karaoke escape tikus sama 3008 klo ga salah yg ngumpet di ikea","1962137077468041225","","yoisaaki","in","","0","2","0","https://x.com/undefined/status/1962137077468041225","1946559731893731328",
"1962137056500752730","Sun Aug 31 12:55:03 +0000 2025","2","GONG nyaaa Polsek deket rumah yg notabene jauh dari pusat kota ada di kaki gunung pun jadi sasaran padahal gak ada aksi samsek Laa ngene iki wong wong panggah nyalahne demonstran ae HERANNNNNN","1962137056500752730","","","in","","0","1","0","https://x.com/undefined/status/1962137056500752730","1602836530841587713",
"1962136941799031233","Sun Aug 31 12:54:37 +0000 2025","0","Partai Pocong Gunung Jawa juga boleh","1962136945200619909","","puri__nim","in","","0","1","0","https://x.com/undefined/status/1962136945200619909","1303996139931275264",
"1962136894302777360","Sun Aug 31 12:54:24 +0000 2025","0","Simpenan RK turun gunung weh","1962136894302777360","","","in","","0","0","0","https://x.com/undefined/status/1962136894302777360","3032789328",
"1962130640826233243","Sun Aug 31 12:54:13 +0000 2025","0","@mermaidiatale org sakit org stress ajg yg masih bela prabowo. matanya kehalang belek segede gunung everest apa gmn????","1962136845233659915","","mermaidiatale","in","","0","1","0","https://x.com/undefined/status/1962136845233659915","1689570211111018496",
"1962085587680440343","Sun Aug 31 12:53:56 +0000 2025","6","#LanaGoestoJogjaRoadto19th Setelah itu @AR_LanaJKT48 juga mengunjungi 𝟱.𝟭. 𝘽𝙪𝙣𝙠𝙚𝙧 𝙆𝙖𝙡𝙞𝙖𝙙𝙚𝙢 𝙈𝙚𝙧𝙖𝙥𝙞 ️ Kabupaten Sleman DIY 𝑩𝒖𝒏𝒌𝒆𝒓 𝑲𝒂𝒍𝒊𝒂𝒅𝒆𝒎 𝑴𝒆𝒓𝒂𝒑𝒊 adalah suatu bangunan beton yang terletak di lereng Gunung Merapi di Yogyakarta. https://t.co/ErOlLPxPyD","1962136776270835858","https://pbs.twimg.com/media/Gzro6osbMAIdlGI.jpg","praditsandy30","in","","0","2","1","https://x.com/undefined/status/1962136776270835858","1151045271234551808",
"1962135343521579479","Sun Aug 31 12:52:22 +0000 2025","0","@roblox_fess Gunung nirwana","1962136378667590135","","roblox_fess","in","","0","0","0","https://x.com/undefined/status/1962136378667590135","1701606167158693888",
"1962133252841550306","Sun Aug 31 12:52:14 +0000 2025","0","@kfurama Seru saya jadi kangen main ke gunung.","1962136347457831101","","kfurama","in","","0","1","0","https://x.com/undefined/status/1962136347457831101","1874386874695077889",
"1962120040137855096","Sun Aug 31 12:51:25 +0000 2025","1","@roblox_fess Ayooo aku suka main jugaa (melepas stress dan biar gag kesepian) tapi gunung skrng makin banyak yg bikin stressssssss️ jadi ayo mutual @!/rubbhyjane btw ini lagi dikutuk jadi titan sm admin https://t.co/qjL9Rhfb6P","1962136139445522583","https://pbs.twimg.com/media/GzroabDasAEStOu.jpg","roblox_fess","in","","0","0","0","https://x.com/undefined/status/1962136139445522583","1469699422560788489",
"1962136131753197616","Sun Aug 31 12:51:23 +0000 2025","6","Stop being pick me situasi yg sekarang terjadi di jakarta udah ga bisa lg lu anggap enteng. Ini kalo pecah kerusuhan lg malam ini we're finished. Liat sendiri aja dah beritanya udah berkompi-kompi TNI &amp; polri turun gunung.","1962136131753197616","","","in","","0","1","0","https://x.com/undefined/status/1962136131753197616","1005999666209517568",
"1962045942603161994","Sun Aug 31 12:51:12 +0000 2025","0","@HidayatNatari @Android_AK_47 Ni pak @prabowo gerombolan yg mau makar dan melengserkan sampeyan... https://t.co/kmgpw1vjER","1962136088828613080","","HidayatNatari","in","","0","0","0","https://x.com/undefined/status/1962136088828613080","1701624074877984768",
"1962092688674902384","Sun Aug 31 12:50:39 +0000 2025","0","@bisegx Gunung tadiii","1962135946994036758","","bisegx","in","","0","0","0","https://x.com/undefined/status/1962135946994036758","2548342297",
"1962135937972101580","Sun Aug 31 12:50:36 +0000 2025","0","infokan gunung yang tantangannya user friendly di roblox ","1962135937972101580","","","in","","0","1","0","https://x.com/undefined/status/1962135937972101580","302341423",
"1962135433586053233","Sun Aug 31 12:48:36 +0000 2025","3","hari kerjaannya naik gunung di roblox :)","1962135433586053233","","","in","","0","2","0","https://x.com/undefined/status/1962135433586053233","861211449485545473",
"1962135343521579479","Sun Aug 31 12:48:15 +0000 2025","1","hii guys recom gunung yg pemandangan puncaknya indah bgtt dongg thank you! !roblox","1962135343521579479","","","in","","0","7","0","https://x.com/undefined/status/1962135343521579479","1903872646678470656",
"1962124723338543493","Sun Aug 31 12:47:04 +0000 2025","0","@letitbespring KAK NAIK GUNUNG APA KAK??","1962135044757373063","","letitbespring","in","","0","1","0","https://x.com/undefined/status/1962135044757373063","1882053055837003776",
"1962134982136332372","Sun Aug 31 12:46:49 +0000 2025","0","bjir itu grup 10 taun masih turun gunung aje ","1962134982136332372","","","in","","0","1","0","https://x.com/undefined/status/1962134982136332372","1292436532582739969",
"1962134926226296925","Sun Aug 31 12:46:35 +0000 2025","0","@pln_123 wanaherang gunung putri mati lampuuuuuuuuu dari jam 1 siang loh iniiiii. Bsk masuk pagiiiiiiiiii ih sebel bgt sm pln ","1962134926226296925","","pln_123","in","","0","1","0","https://x.com/undefined/status/1962134926226296925","440725107",
"1962133923435352270","Sun Aug 31 12:45:40 +0000 2025","0","@evaxnesceris Gunung ngantuk.","1962134694465790063","","","in","","0","0","0","https://x.com/undefined/status/1962134694465790063","4752032696",
"1962134677877317904","Sun Aug 31 12:45:36 +0000 2025","0","Cape banget (abis summit gunung gtw apa lupa namanya tapi ada soal mtk nya sedikit gara2 fomo tiktok)","1962134677877317904","","","in","","0","0","0","https://x.com/undefined/status/1962134677877317904","1942884440860155904",
"1962123325779706303","Sun Aug 31 12:44:37 +0000 2025","0","@meowntf gunung apa ka?","1962134431436820698","","meowntf","in","","0","0","0","https://x.com/undefined/status/1962134431436820698","343942694",
"1962117932013556222","Sun Aug 31 12:44:28 +0000 2025","0","@roblox_fess ayo menjelajah semua gunung @ Yizhuoop","1962134392803107185","","roblox_fess","in","","0","0","0","https://x.com/undefined/status/1962134392803107185","1864202958155730945",
"1962134388898152697","Sun Aug 31 12:44:27 +0000 2025","0","Kalian harus main ke gunung babeh soalnya adminnya baik banget https://t.co/lItorfEzE7","1962134388898152697","https://pbs.twimg.com/ext_tw_video_thumb/1962134311995670529/pu/img/cYFhBunePH5kJmeu.jpg","","in","","0","1","0","https://x.com/undefined/status/1962134388898152697","1015017858688942080",
"1962133932675412068","Sun Aug 31 12:42:38 +0000 2025","0","easy gunung alhamdulillah @foureiver https://t.co/CSLg1F18bz","1962133932675412068","https://pbs.twimg.com/media/Gzrl-SibYAAMBCw.jpg","","in","","0","2","0","https://x.com/undefined/status/1962133932675412068","1883789293065564163",
"1962129267858510178","Sun Aug 31 12:42:36 +0000 2025","0","@moonyizhuo_ Sekip bull belum sampe puncak gunung dontol gueh","1962133921237496050","","moonyizhuo_","in","","0","0","0","https://x.com/undefined/status/1962133921237496050","1817117858134130689",
"1962127024153366879","Sun Aug 31 12:42:25 +0000 2025","0","@skyistheleebit @jidscimahi Mjb gunung agung langsung bisa dapet summit pas dapet lencana. Aku sampe puncak langsung dapet lencana dan summit kok","1962133875276009934","","skyistheleebit","in","","0","0","0","https://x.com/undefined/status/1962133875276009934","1626578836468150273",
"1962133716987514965","Sun Aug 31 12:41:47 +0000 2025","0","Day 1 robux : Ditinggal ayang duluan naik ke gunung","1962133716987514965","","","in","","0","0","0","https://x.com/undefined/status/1962133716987514965","1053452263971160064",
"1962133536699216362","Sun Aug 31 12:41:04 +0000 2025","6","lucuuuuu dikutuk admin gunung alloy jadi nailong !roblox https://t.co/uzfMcNlXTO","1962133536699216362","https://pbs.twimg.com/media/GzrmDb9XcAAHOU7.jpg","","in","","0","4","0","https://x.com/undefined/status/1962133536699216362","1903872646678470656",
"1962131463522197841","Sun Aug 31 12:39:55 +0000 2025","0","Yesaya 49:13 Bersorak-sorailah hai langit bersorak-soraklah hai bumi dan bergembiralah dengan sorak-sorai hai gunung-gunung! Sebab TUHAN menghibur umat-Nya dan menyayangi orang-orang-Nya yang tertindas.","1962133246776660441","","ManasyeErlangga","in","","0","1","0","https://x.com/undefined/status/1962133246776660441","1503353323050926090",
"1962131946034925950","Sun Aug 31 12:39:53 +0000 2025","0","@ciphewr Lu mah tiap hari juga loyo anjir kaga heran. Mending naik gunung","1962133240648700216","","ciphewr","in","","0","1","0","https://x.com/undefined/status/1962133240648700216","1369472421854474241",
"1962129542342127920","Sun Aug 31 12:39:40 +0000 2025","0","@cheeryish APAAAN NAMA GUNUNG BEGITU","1962133182985453820","","cheeryish","in","","0","1","0","https://x.com/undefined/status/1962133182985453820","1632956630890602502",
"1962092857571016805","Sun Aug 31 12:38:55 +0000 2025","0","@eiyrumi kirain gara2 gunung","1962132996812869962","","everfIeur","in","","0","1","0","https://x.com/undefined/status/1962132996812869962","235502991",
"1962132851081765262","Sun Aug 31 12:38:21 +0000 2025","0","maap oot ges. tadi gue abis main roblox nyoba gunung hanami. dari awal tu ada orang yg ngajak nanjak bareng tpi ga gue gubris. trus tiba2 ketemu lagi di cp 2/3 deh kalo ga salah (lompatin bola2) tpi disitu gue jatoh mulu dia juga. trus tau2 dia udah bisa nyebrang tapi...","1962132851081765262","","","in","","0","1","0","https://x.com/undefined/status/1962132851081765262","811491116994310145",
"1962132693841580053","Sun Aug 31 12:37:43 +0000 2025","0","Ini cikarang ke gunung putri aman ga si","1962132693841580053","","","in","","0","3","0","https://x.com/undefined/status/1962132693841580053","1795011297396047872",
"1961862763904729561","Sun Aug 31 12:37:14 +0000 2025","1","@bertanyaapasaja @nocontextwindah Agree... itu cuma gunung es aja sih emg dasarnya rakyat udah muak aja","1962132573364392403","","bertanyaapasaja","in","","0","0","0","https://x.com/undefined/status/1962132573364392403","2357390966",
"1962132568339624329","Sun Aug 31 12:37:13 +0000 2025","0","Gunung Talamau gunung paling gampang tapi JANGAN PAKE SKIN KECIL WOI BERASA MENDAKI GUNUNG BENERAN ANJIR https://t.co/0Z3K4b74Np","1962132568339624329","https://pbs.twimg.com/media/GzrlLEPbAAE5iJ9.jpg","","in","","0","0","0","https://x.com/undefined/status/1962132568339624329","1245047274268286976",
"1962126911167148101","Sun Aug 31 12:14:44 +0000 2025","0","Halo #SobatHijau #KanceRimbe Tau gak kalau jalur pendakian di TN Gunung Maras dan TWA Gunung Permisan punya karakteristik yang berbeda? Meski jumlah pendaki terus meningkat dan berdampak positif bagi https://t.co/5mSu7l6HTM","1962126911167148101","","","in","","0","0","0","https://x.com/undefined/status/1962126911167148101","885453663069585408",
"1962126865256354261","Sun Aug 31 12:14:33 +0000 2025","0","Gw selalu seneng kumpul sm anak bengkel karena tiap ngejokes mrk selalu ketawa bahkan sebatas ikan ngerokok apinya dari gunung bawah laut","1962126865256354261","","","in","","0","0","0","https://x.com/undefined/status/1962126865256354261","1489605528116666370",
"1962126270172635376","Sun Aug 31 12:12:12 +0000 2025","0","Perasaan waktu di gunung kepapar dingin kagak bersin² dah Sampe rumah bersih² badan keramas juga eeeh malah bersin² lagii ","1962126270172635376","","","in","","0","0","0","https://x.com/undefined/status/1962126270172635376","342690344",
"1962125993554137281","Sun Aug 31 12:11:06 +0000 2025","0","plis pengen banget summit gunung tpi gue lama bgt klo di rintangan","1962125993554137281","","","in","","0","2","0","https://x.com/undefined/status/1962125993554137281","1928435170019016704",
"1962124814459834369","Sun Aug 31 12:10:42 +0000 2025","0","@semestamu_ ga bisa buat main yg lain dulu aku tadi aja nyoba daki gunung jatoh mulu akhirnya udh lah","1962125895344545998","","semestamu_","in","","0","1","0","https://x.com/undefined/status/1962125895344545998","838174975127236612",
"1962125595841892672","Sun Aug 31 12:09:31 +0000 2025","0","Jangar aingmah matak ka gunung ge","1962125595841892672","","","in","","0","0","0","https://x.com/undefined/status/1962125595841892672","1422556323145818118",
"1962125534177185873","Sun Aug 31 12:09:16 +0000 2025","0","seniat itu parcok ngejar mahasiswa yg kampusnya di atas gunung begini","1962125534177185873","","","in","","0","0","0","https://x.com/undefined/status/1962125534177185873","1358564872015859713",
"1962125440929374307","Sun Aug 31 12:08:54 +0000 2025","1","oke kampus atas gunung ini mendeklarasikan kuliah online sampe tanggal 4..... it's getting worse i guess....","1962125440929374307","","","in","","0","1","0","https://x.com/undefined/status/1962125440929374307","1775180712595087360",
"1961754995856163002","Sun Aug 31 12:08:44 +0000 2025","0","@MiraclessXx puncak gunung es begitu banyaknya rakyat kita yg miskin...","1962125400336961666","","MiraclessXx","in","","0","0","0","https://x.com/undefined/status/1962125400336961666","1576131915932835840",
"1962125384134340821","Sun Aug 31 12:08:40 +0000 2025","0","Mungkin jika di kasih gunung rasa nyamasih ga akan cukup","1962125384134340821","","","in","","0","0","0","https://x.com/undefined/status/1962125384134340821","2320228152",
"1962123910398525728","Sun Aug 31 12:08:15 +0000 2025","0","@jiusoul Malem kita naik gunung aja gmn kak? Atau mau demo di roblox? https://t.co/x5VQ4MXOsj","1962125279973007775","https://pbs.twimg.com/tweet_video_thumb/Gzreib9akAAw_-s.jpg","cinnamongirlts","in","","0","1","0","https://x.com/undefined/status/1962125279973007775","1862273811321954305",
"1962108134488702982","Sun Aug 31 12:06:58 +0000 2025","0","@inabritpop 5kg kak daripada beras bulog kalau beras bulog kemarin ada di indomaret gunung sahari sebelah markas TNI arah ke senen sebelum holland bakery","1962124956990575017","","inabritpop","in","","0","1","0","https://x.com/undefined/status/1962124956990575017","127184625",
"1962124723338543493","Sun Aug 31 12:06:03 +0000 2025","1","tetap naik gunung di tengah situasi ini adalah cara supaya gak gila","1962124723338543493","","","in","","0","3","0","https://x.com/undefined/status/1962124723338543493","1677149930",
"1962124648856109189","Sun Aug 31 12:05:45 +0000 2025","2","kalo mau naik gunung WAJIB latihan endurance dulu... salah satunya itu ya LARI! ‍️ waktu itu sempat bingung banget nyari sepatu apa soalnya budgetnya cuma buat satu HAHAHA. ini bener-bener: - cantik buat daily - nyaman buat lari - bisa buat naik gunung https://t.co/EkoqkAZlOi","1962124648856109189","https://pbs.twimg.com/media/Gzrd7eLbIAAcrO1.jpg","","in","","1","2","0","https://x.com/undefined/status/1962124648856109189","1012314760786804736",
"1961945216581292436","Sun Aug 31 12:04:21 +0000 2025","0","@miremione apaan nm gunung mu brok","1962124298384261569","","miremione","in","","0","1","0","https://x.com/undefined/status/1962124298384261569","1924105030443147264",
"1962124105135911035","Sun Aug 31 12:03:35 +0000 2025","1","Aku ngbrl sama tteh ku lg main roblox teh ka gunung yu ajakan aku can pernah mata mamaku sudah melotot disangka mau ke gunung beneran. Td siang ngajak gacoan ke mama malah marah marah d luar lg banyak demo gini malah ngajak keluar. Saya ini hyg udang keju mamah!","1962124105135911035","","","in","","0","0","0","https://x.com/undefined/status/1962124105135911035","1452097225299922953",
"1962013109247242696","Sun Aug 31 12:02:26 +0000 2025","0","@roblox_fess yg ini bukan sih? klo naik gunung serasa melayang https://t.co/agSpeiyl5P","1962123815129096553","https://pbs.twimg.com/media/GzrdNNPbkAA2eHF.jpg","roblox_fess","in","","0","0","0","https://x.com/undefined/status/1962123815129096553","1518790246808551426",
"1962119360639598901","Sun Aug 31 12:01:40 +0000 2025","0","@Senjxu @roblox_fess Nanti kalo mau mabar gunung bisa chat aj di roblox","1962123623109681300","","Senjxu","in","","0","0","0","https://x.com/undefined/status/1962123623109681300","1658431738211872768",
"1962123493560258806","Sun Aug 31 12:01:10 +0000 2025","0","capeknya bukan di fisik tp lebih ke batin inimah ‍ ajak aku naik gunung pls @bucinguanlin","1962123493560258806","","","in","","0","2","0","https://x.com/undefined/status/1962123493560258806","1564418879291801600",
"1962119360639598901","Sun Aug 31 12:00:50 +0000 2025","0","@berrynbee @roblox_fess Oalah nanti kalo mau ajak mabar gunung lain chat aku aja di roblok ","1962123411888697605","","berrynbee","in","","0","1","0","https://x.com/undefined/status/1962123411888697605","1658431738211872768",
"1962123325779706303","Sun Aug 31 12:00:30 +0000 2025","0","rekor 1 gunung sampe 4 jam anjir","1962123325779706303","","","in","","0","3","0","https://x.com/undefined/status/1962123325779706303","1779475004264247296",
"1962123291998691613","Sun Aug 31 12:00:21 +0000 2025","15","Jika Gunung Fuji meletus dalam masa 2 jam abu boleh turun di Tokyo setebal hingga 10 cm. Pengangkutan lumpuh bekalan makanan terganggu malah pernafasan dan penglihatan jadi bahaya. Kerajaan Tokyo kini guna simulasi AI untuk tunjukkan betapa seriusnya risiko ini. artikel https://t.co/8HSrOf5w1A","1962123291998691613","https://pbs.twimg.com/media/GzrcvHEbgAAo4Cg.jpg","","in","","0","0","5","https://x.com/undefined/status/1962123291998691613","862654248315633664",
"1961851441607573861","Sun Aug 31 11:59:53 +0000 2025","0","@lohanbakery salam satu gunung","1962123171177570384","","almeyyyra","in","","0","0","0","https://x.com/undefined/status/1962123171177570384","1505915285907607554",
"1962119360639598901","Sun Aug 31 11:59:47 +0000 2025","0","@amouresage @roblox_fess KAK aku mau ikut gunung apa aja tapi lagi ngga main Antartika dlu dulu pertama main Roblok ak sering Antartika jd skrg agak bosen","1962123147181948979","","amouresage","in","","0","1","0","https://x.com/undefined/status/1962123147181948979","1615291039006490625",
"1962078566444663249","Sun Aug 31 11:58:28 +0000 2025","1","@WPradjoko86595 Ahlan wa Sahlan Sambil bejiarah ke makam kanjeng sunan gunung Djati mas wiedku ","1962122817975066735","","WPradjoko86595","in","","0","1","0","https://x.com/undefined/status/1962122817975066735","1738041209413853184",
"1961851441607573861","Sun Aug 31 11:58:22 +0000 2025","0","@lvdailys makasih ya salam proplayer roblox gunung ","1962122789516914939","","lvdailys","in","","0","1","0","https://x.com/undefined/status/1962122789516914939","1231751992831348736",
"1962122516920783322","Sun Aug 31 11:57:17 +0000 2025","0","Yondaime sampe turun gunung","1962122516920783322","","","in","","0","0","0","https://x.com/undefined/status/1962122516920783322","1592448219539451906",
"1961813689830674538","Sun Aug 31 11:55:33 +0000 2025","0","@epokch di indonesia juga ada gunung padang","1962122081354866707","","epokch","in","","0","0","0","https://x.com/undefined/status/1962122081354866707","1825558336764620800",
"1962122033833333168","Sun Aug 31 11:55:21 +0000 2025","1","besama penunggu gunung @nzfiiaa hiii takutnyooo https://t.co/PUrquhAba4","1962122033833333168","https://pbs.twimg.com/media/GzratCtboAASLx6.jpg","","in","","0","3","0","https://x.com/undefined/status/1962122033833333168","1639651064722108417",
"1962121901096198371","Sun Aug 31 11:54:50 +0000 2025","1","kata gw mah lu mending main ke gunung rinjani terus ngegelinding dari atas dah ndut anjing","1962121901096198371","","","in","","0","0","0","https://x.com/undefined/status/1962121901096198371","3267218287",
"1962089916877156558","Sun Aug 31 11:53:31 +0000 2025","0","@sug4swife @roblox_fess kak kalau pake baju plinses buat ngedaki gunung ribet gak??","1962121570132086954","","sug4swife","in","","0","1","0","https://x.com/undefined/status/1962121570132086954","1794246999942041601",
"1962115758487663016","Sun Aug 31 11:52:42 +0000 2025","1","@leeleojack Gunung jerai","1962121363856261533","","leeleojack","in","","0","1","0","https://x.com/undefined/status/1962121363856261533","1000893867862839296",
"1962120987413234142","Sun Aug 31 11:51:12 +0000 2025","2","Kampus udh di pucuk gunung pun masih kena https://t.co/BntCuM7iy6","1962120987413234142","https://pbs.twimg.com/media/Gzrao6QaoAAEusy.jpg","","in","","0","4","1","https://x.com/undefined/status/1962120987413234142","1674368885645262851",
"1962114612066963701","Sun Aug 31 11:50:44 +0000 2025","0","@ponylililll mjd anak gunung jalur roblok anjai","1962120868026622382","","ponylililll","in","","0","1","0","https://x.com/undefined/status/1962120868026622382","1190597621791870976",
"1962120851912012250","Sun Aug 31 11:50:40 +0000 2025","0","kadang gue seneng banget kalau lagi main map roblox terus ketemu orang2 baik ntah jalan barengan atau mereka2 yang suka rela mau carry aku di map gunung love youuu kakak kakak baikkk","1962120851912012250","","","in","","0","0","0","https://x.com/undefined/status/1962120851912012250","1349236942559342594",
"1962020226629038580","Sun Aug 31 11:49:49 +0000 2025","165","admin udah turun gunung. kita liat apakah masalah bakal berhenti atau nanti nambah lagi yang lebih gede selama doi masih menjabat dan darah udah tumpah segini banyak https://t.co/IA0mXbd67z","1962120639709642913","https://pbs.twimg.com/amplify_video_thumb/1962093379971682304/img/csxxHe_PRE_2nQTh.jpg","ecksveee","in","","2","0","3","https://x.com/undefined/status/1962120639709642913","1091661499943215104",
"1962120594608304458","Sun Aug 31 11:49:38 +0000 2025","0","11 katingku ketangkep plss. Terus katanya ada intel nyebar di sekitar kampus huhuhu. udah pada dihimbau buat ga keluar malem padahal kampus ku di gunung Stay safe all","1962120594608304458","","","in","","0","0","0","https://x.com/undefined/status/1962120594608304458","1428599215551180803",
"1962073819847475541","Sun Aug 31 11:48:24 +0000 2025","22","@desyapl @iwaizus @joey_ardiva Filipina itu lebih rentan bencana padahal sama2 banyak gunung api dan lingkar api tapi mereka dapat bonus puting beliung sama tornado yang kenceng-kenceng.","1962120280958259577","","desyapl","in","","0","1","0","https://x.com/undefined/status/1962120280958259577","69202079",
"1962077140180250954","Sun Aug 31 11:47:13 +0000 2025","0","@ciaimuppp emang stress ini gunung mana klo udh keluar balik lagi ke bc bukan cp terakhir","1962119983879856233","","diarymil_","in","","0","0","0","https://x.com/undefined/status/1962119983879856233","1927171453041999872",
"1962119657026122228","Sun Aug 31 11:45:55 +0000 2025","17","Akhirnya keturutan ke kintamani nge camp ke gunung batur pula. https://t.co/53uyVaxZOa","1962119657026122228","https://pbs.twimg.com/media/GzrZaS9aIAAiWhE.jpg","","in","","0","1","0","https://x.com/undefined/status/1962119657026122228","1525228559274745856",
"1962119203743555981","Sun Aug 31 11:44:07 +0000 2025","0","gunung roblok skrng aneh semua dah","1962119203743555981","","","in","","0","0","0","https://x.com/undefined/status/1962119203743555981","3290244934",
"1962118983160828395","Sun Aug 31 11:43:14 +0000 2025","6","Tadi kan pulange lewat kledung ya gatau entah itu sumbing atau sindoro tadi viewnya deket bgt mana bagus pol trs mbatin smbil sholawatin semoga bisa ndaki kedua gunung itu ","1962118983160828395","","","in","","0","2","0","https://x.com/undefined/status/1962118983160828395","959675880300716032",
"1962117932013556222","Sun Aug 31 11:39:04 +0000 2025","3","Hi guys. Sender sedang mencari HTS (Hanya Teman Summit) di !roblox karna teman-teman sender sudah mulai sibuk rl. Hiks. Gunung apa aja oke. Kalau yg susah banget nanti kita bisa nangis dan stress bersama. Drop ur usn below nanti sender add dengan usn anime jjk. See U. ️ https://t.co/SOGRxT4i80","1962117932013556222","https://pbs.twimg.com/media/GzrX3JbX0AAk3We.jpg","","in","","0","32","0","https://x.com/undefined/status/1962117932013556222","1903872646678470656",
"1962117358115553563","Sun Aug 31 11:36:47 +0000 2025","0","pantes tadi di gunung sahari gua liat mobil tronton 5 isinya loreng semua. https://t.co/pAi9inZtAB","1962117358115553563","https://pbs.twimg.com/media/GzrXVX1bkAAD5da.jpg","","in","","0","0","0","https://x.com/undefined/status/1962117358115553563","1167798898993139713",
"1962116954493444604","Sun Aug 31 11:35:10 +0000 2025","2","Pemerintah indo tuh muka tembok banget dosanya udah setinggi gunung juga masih punya muka buat menjabat. Ga ngarep ketinggian mereka punya mentalitas kayak pejabat jepang yg berani mundur kalo buat salah minimal punya malu aja dulu minimal berani buat minta maaf ke rakyat.","1962116954493444604","","","in","","0","0","0","https://x.com/undefined/status/1962116954493444604","1915780247553007616",
"1962116932842459189","Sun Aug 31 11:35:05 +0000 2025","0","wtb sepeda gunung second buat sekolah daerah Bekasi yg murcee sahajaa karena tak bole bawa motor lagii~ tawarin di komen gusyy makasyii &lt;3","1962116932842459189","","","in","","0","2","0","https://x.com/undefined/status/1962116932842459189","1481606935292289030",
"1962087353457217853","Sun Aug 31 11:34:05 +0000 2025","0","@Meiimeii_cece Naik gunung terus lurrr","1962116678973788398","","Meiimeii_cece","in","","0","0","0","https://x.com/undefined/status/1962116678973788398","1942843074872500224",
"1962115711360483760","Sun Aug 31 11:30:14 +0000 2025","2","Muncak gunung geli geli sama bocil bocil @oshimerchie Mana katanya mau ikut @PS_AmandaJKT48 https://t.co/Tva6K6TA8C","1962115711360483760","https://pbs.twimg.com/media/GzrVvjSbYAAEOSR.jpg","","in","","0","0","1","https://x.com/undefined/status/1962115711360483760","1182225338404786177",
"1962115039563051196","Sun Aug 31 11:27:34 +0000 2025","0","WKWKWKSHHSKSKWKWKWK YA ALLAAAAH TURUN GUNUNG HOKAGENYA","1962115039563051196","","","in","","0","0","0","https://x.com/undefined/status/1962115039563051196","1668603998205779968",
"1962115010014085271","Sun Aug 31 11:27:27 +0000 2025","4","Eh koe2 ki gur lewat malioboro dan sekitarnya ora kok munggah gunung kidul aleman ndadak nganggo kendaraan berat i gae opo? Ra difasilitasi mobil biasa po ro pemerintah? https://t.co/xR6tEERGD1","1962115010014085271","https://pbs.twimg.com/amplify_video_thumb/1962100840162091008/img/yV_6S1HiXbLifoey.jpg","","in","","0","0","1","https://x.com/undefined/status/1962115010014085271","1730183627504594944",
"1961404758553464851","Sun Aug 31 11:27:16 +0000 2025","0","@sebelahmanaa @everydayisssw @tanyakanrl Tolol final boss. Baru keluar gunung?","1962114964786913294","","sebelahmanaa","in","","0","3","0","https://x.com/undefined/status/1962114964786913294","1494399812510224384",
"1962112002643628433","Sun Aug 31 11:26:50 +0000 2025","0","@silvermidt di jalan gunung slamet setelah persis markas billiarddd","1962114856515146164","","silvermidt","in","","0","0","0","https://x.com/undefined/status/1962114856515146164","1568792968689250304",
"1962105806943584470","Sun Aug 31 11:26:29 +0000 2025","0","@seventisc PENASARAN belum pernah kesamber petir di gunung sumbing jadi sampai kebawa mimpi. :D","1962114768619311563","","seventisc","in","","0","0","0","https://x.com/undefined/status/1962114768619311563","771017448816570369",
"1962059654684684289","Sun Aug 31 11:23:37 +0000 2025","0","@vandezxx @aviorr_r aku kalau dapat tipe kek gini gak bakal ku lanjut pas jawab daerah tempat tinggalny. Tidak ada pertanyaan feedback. walaupun pertanyaan template namanya juga kenalan. masak iya langsung ngomong ayo naik gunung .","1962114045211005304","","vandezxx","in","","0","1","0","https://x.com/undefined/status/1962114045211005304","1197697085287489536",
"1961790204819423296","Sun Aug 31 11:22:41 +0000 2025","0","@seishirio_0 Telat gblk gunung atin","1962113809910558727","","seishirio_0","in","","0","0","0","https://x.com/undefined/status/1962113809910558727","1295530320943431682",
"1962113391885271182","Sun Aug 31 11:21:01 +0000 2025","1","!roblox mau map gunung atau exp. yang pemandangan sama grafiknya cakep dong tapi tetep ada rintangannya makasih!","1962113391885271182","","","in","","0","5","0","https://x.com/undefined/status/1962113391885271182","1903872646678470656",
"1962108858517880912","Sun Aug 31 11:18:02 +0000 2025","0","@_provocateu gunung apa?","1962112640676945960","","_provocateu","in","","0","1","0","https://x.com/undefined/status/1962112640676945960","1817428415596883968",
"1962110653365420104","Sun Aug 31 11:17:02 +0000 2025","0","masih penasaran kenapa orang-orang di gunung daun isinya anomali semua","1962112388397924762","","CUPCHUCAKE","in","","0","1","0","https://x.com/undefined/status/1962112388397924762","2551352156",
"1962112092670169170","Sun Aug 31 11:15:51 +0000 2025","0","Ultramen kunti the cullens semuanya udah turun gunung. Inikah buntut ramalan lord Rangga","1962112092670169170","","","in","","0","0","0","https://x.com/undefined/status/1962112092670169170","3235752712",
"1962108236494217507","Sun Aug 31 11:13:57 +0000 2025","0","@gwnsgus waktu itu first time main gunung daun.. ","1962111613022130324","","gwnsgus","in","","0","1","0","https://x.com/undefined/status/1962111613022130324","1389722768552333313",
"1961693883513098739","Sun Aug 31 11:13:44 +0000 2025","0","@YearningJake Saran gunung","1962111560215929259","","YearningJake","in","","0","0","0","https://x.com/undefined/status/1962111560215929259","1918595820",
"1962111523817705608","Sun Aug 31 11:13:36 +0000 2025","1","Puas bgt ngeliminasi orang2 terdekat yg ignorant soal kondisi negara sendiri. Klo diem sih masih gw tolerir krn mungkin gk mau slh omong. Ini udh berisik kyk bodo amatan saja sama negaranya sndiri. Yg penting bisa lari naik gunung finish maraton nongki2 sm fake camera friends","1962111523817705608","","","in","","0","1","1","https://x.com/undefined/status/1962111523817705608","1699961011405717504",
"1962110877269987691","Sun Aug 31 11:11:02 +0000 2025","0","mlem enih egk bsa sumit gunung rosblok ","1962110877269987691","","","in","","0","0","0","https://x.com/undefined/status/1962110877269987691","1664560195975147520",
"1962110872513651065","Sun Aug 31 11:11:00 +0000 2025","0","Naik gunung meneh bye!","1962110872513651065","","","in","","0","0","0","https://x.com/undefined/status/1962110872513651065","1436671558798364674",
"1962110653365420104","Sun Aug 31 11:10:08 +0000 2025","0","gunung ini lagi https://t.co/5Q6sZEXecV","1962110653365420104","https://pbs.twimg.com/amplify_video_thumb/1962110549837369344/img/PTby4UmNDA_EwnUA.jpg","","in","","0","2","0","https://x.com/undefined/status/1962110653365420104","2551352156",
"1962109912487751844","Sun Aug 31 11:09:49 +0000 2025","0","@ngewibu Belajar berkebun jan gunung dsun mulu","1962110574512546303","","ngewibu","in","","0","1","0","https://x.com/undefined/status/1962110574512546303","2904214354",
"1962102851993501743","Sun Aug 31 11:09:34 +0000 2025","0","@apalagijuni Gunung atin ka. Stress banget","1962110510394233321","","apalagijuni","tl","","0","1","0","https://x.com/undefined/status/1962110510394233321","903881701",
"1962110368916115952","Sun Aug 31 11:09:00 +0000 2025","0","tapi ya aku dan @mis___sah tadi malam main gunung kok kentang bgt yah masa kami gak menyelesaikan satu gunung pun ckckckck","1962110368916115952","","","in","","0","1","0","https://x.com/undefined/status/1962110368916115952","845490722325221377",
"1962061389239116178","Sun Aug 31 11:08:41 +0000 2025","18","@cokndeng bocil provok harus diceburin di lereng gunung horeg","1962110287936667782","","cokndeng","in","","0","0","2","https://x.com/undefined/status/1962110287936667782","1102064503749959681",
"1962110059519045698","Sun Aug 31 11:07:47 +0000 2025","0","Mba kunti turun gunung sampe ambil shift siang mretekin tulisan. Pdhl kalo pas shift malem cuma cekikikan aja Negara ini lg tidak baik2 saja sampe mba kunti keluar","1962110059519045698","","","in","","0","0","0","https://x.com/undefined/status/1962110059519045698","1558819478787436550",
"1962109956121084372","Sun Aug 31 11:07:22 +0000 2025","0","Cek jaket parasut / jaket wanita / outwear wanita /jaket waterproof / jaket gunung / jaket terbaru dengan harga Rp140.000. Dapatkan di Shopee sekarang! https://t.co/CLiBIqxGDX https://t.co/1hehkaz05R","1962109956121084372","https://pbs.twimg.com/media/GzrQmnwbcAA1zxk.jpg","","in","","0","0","0","https://x.com/undefined/status/1962109956121084372","1651075787561533440",
"1962109762834977166","Sun Aug 31 11:06:36 +0000 2025","0","Pertama naik gunung Roblox https://t.co/xIcT7At3CU","1962109762834977166","https://pbs.twimg.com/media/GzrQbNvbgAAXifd.jpg","","in","","0","0","0","https://x.com/undefined/status/1962109762834977166","1825432313981030400",
"1962109726571065716","Sun Aug 31 11:06:27 +0000 2025","0","Cek ANTARESTAR Official - Jaket Gorpcore Manusela Waterproof Jaket Pria Wanita Hiking Gunung Windbreaker Outdoor dengan harga Rp399.000. Dapatkan di Shopee sekarang! https://t.co/H2G7L744fT https://t.co/7P6sGkRia1","1962109726571065716","https://pbs.twimg.com/media/GzrQZNjbIAAV1WP.jpg","","in","","0","0","0","https://x.com/undefined/status/1962109726571065716","1651075787561533440",
"1962098202074632650","Sun Aug 31 11:06:07 +0000 2025","0","@roblox_fess ngapain vc coba? caper amat.. udh buang ke gunung beneran aja mba lakinya","1962109642810822693","","roblox_fess","in","","0","0","0","https://x.com/undefined/status/1962109642810822693","1218833467082850304",
"1962102886877237476","Sun Aug 31 11:05:46 +0000 2025","0","@roblox_fess akuu konten ak trend rh dance sama naik gunung","1962109553212080510","","roblox_fess","in","","0","1","0","https://x.com/undefined/status/1962109553212080510","846315910633742336",
"1962109507972305059","Sun Aug 31 11:05:35 +0000 2025","0","berhasil summit gunung hilih yang sepanjang main aku beneran kayak ALAAAAHHH APASIH! atau HAAAIISSSHHHHHH. HAHAHAHAH. foto sama fangda imuty https://t.co/x1TlwmVHlE","1962109507972305059","https://pbs.twimg.com/media/GzrQER7aIAAKqZY.jpg","","in","","0","2","0","https://x.com/undefined/status/1962109507972305059","1906928893241802753",
"1960226430987763850","Sun Aug 31 11:05:34 +0000 2025","1","@tsre0512 gunung kedua hari inii wkwkkw @FirdausSaiful6 @tsre0512 https://t.co/J8RRp16SQR","1962109503861854356","https://pbs.twimg.com/media/GzrQMZTbQAA0cy9.jpg","lennn_10","in","","0","1","1","https://x.com/undefined/status/1962109503861854356","1011521265612435456",
"1962108858517880912","Sun Aug 31 11:05:17 +0000 2025","0","@keyyaaas ayoo gunung apa yaaa","1962109431535292901","","keyralynee","in","","0","1","0","https://x.com/undefined/status/1962109431535292901","1930912940938653696",
"1961751243237605394","Sun Aug 31 11:04:34 +0000 2025","0","@SahroniNasdem @BurhanBukh62772 bapak kau lah menenangkan diri heh asal lu tau menenangkan diri kan bisa di rumah kalo ga ke gunung di sekitaran Indonesia biar adem lahh elu malah keluar negri kabur itu namanya","1962109251176083552","","","in","","0","0","0","https://x.com/undefined/status/1962109251176083552","1785320211459297280",
"1962109175670215084","Sun Aug 31 11:04:16 +0000 2025","0","Ko gunung daun jadi gampang bgt? Perasaan awal2 main 3jam sampe puncak","1962109175670215084","","","in","","0","0","0","https://x.com/undefined/status/1962109175670215084","1937678154887495681",
"1962108858517880912","Sun Aug 31 11:03:00 +0000 2025","0","ada yg mau mabar gunung ga?","1962108858517880912","","","in","","0","7","0","https://x.com/undefined/status/1962108858517880912","1930912940938653696",
"1961727691822133679","Sun Aug 31 11:01:33 +0000 2025","0","@iafavela @gentledreams__ gunung penipuan","1962108492875276610","","iafavela","in","","0","0","0","https://x.com/undefined/status/1962108492875276610","587418120",
"1962108259785220458","Sun Aug 31 11:00:37 +0000 2025","1","Gunung daun secantik ini dan aku baru bisa summit. https://t.co/nvMIR6cjnN","1962108259785220458","https://pbs.twimg.com/media/GzrPEGraoAAokjl.jpg","","in","","0","3","0","https://x.com/undefined/status/1962108259785220458","1776949093820190720",
"1962104229969203610","Sun Aug 31 11:00:36 +0000 2025","1","@lixieicyy GUNUNG BUKAN BOGOR","1962108254668169319","","lixieicyy","in","","0","0","0","https://x.com/undefined/status/1962108254668169319","1812444175243329536",
"1962107902900244501","Sun Aug 31 10:59:12 +0000 2025","0","gunung hilih https://t.co/nVd1soTU7g","1962107902900244501","https://pbs.twimg.com/amplify_video_thumb/1962107845304049664/img/nMBeoj9auvYVV8pT.jpg","","in","","0","1","0","https://x.com/undefined/status/1962107902900244501","2466809563",
"1962107702802587670","Sun Aug 31 10:58:25 +0000 2025","1","selamat ya akhirnya bisa summit gunung daun https://t.co/sxi9sd1FW9","1962107702802587670","https://pbs.twimg.com/media/GzrOfDVawAABjGy.jpg","","in","","0","1","0","https://x.com/undefined/status/1962107702802587670","2912271702",
"1962107521860317374","Sun Aug 31 10:57:42 +0000 2025","2","Wih gue mau dong mengundurkan diri dari WNI trus nikah ama mas gunung","1962107521860317374","","","in","","1","2","0","https://x.com/undefined/status/1962107521860317374","1562814641658482688",
"1962107502461686026","Sun Aug 31 10:57:37 +0000 2025","1","gunung windah basundara https://t.co/u1D19xi9Uu","1962107502461686026","https://pbs.twimg.com/media/GzrOQCwbQAAl0zz.jpg","","in","","0","2","0","https://x.com/undefined/status/1962107502461686026","2912271702",
"1961985717325967781","Sun Aug 31 10:57:31 +0000 2025","1","@ranggavega @pritiktanya Suamiku yg tiap hari baca berita aja gak tau loh!!! Kakak iparku yg kalo ada gempa bumi atau gunung meletus di Indo selalu lebih tau dulu karena selalu update berita aja gak tau juga. Aneh sumpah!!!","1962107478348362102","","ranggavega","in","","0","2","0","https://x.com/undefined/status/1962107478348362102","45770649",
"1962107291504935035","Sun Aug 31 10:56:47 +0000 2025","4","mulai dari nol ya kak. lari pertamaku setelah tragedi jatoh di gunung akhir juli. zuzur masi nyerii ni kakii padahal h-14 padma run 10K HUHUU semogaa ga dnf dehh nantiiii https://t.co/rlfc6x72cS","1962107291504935035","https://pbs.twimg.com/media/GzrOLQCbEAA_chv.jpg","","in","","0","1","0","https://x.com/undefined/status/1962107291504935035","1560851373796708352",
"1962107260492231126","Sun Aug 31 10:56:39 +0000 2025","0","Penghuni gunung kawi turun gunung ","1962107260492231126","","","in","","0","0","0","https://x.com/undefined/status/1962107260492231126","986873195117424640",
"1962107153709412727","Sun Aug 31 10:56:14 +0000 2025","0","mau baju dry fit untuk naik gunung ukuran kecill guys yg murce murce ajaa","1962107153709412727","","","in","","0","1","0","https://x.com/undefined/status/1962107153709412727","1332497162970697728",
"1962043417522999412","Sun Aug 31 10:52:11 +0000 2025","0","@kacnaya itu gunung kotak bukan??","1962106134938124689","","kacnaya","in","","0","0","0","https://x.com/undefined/status/1962106134938124689","790718598398353408",
"1962106120023298253","Sun Aug 31 10:52:07 +0000 2025","0","@dinomademyday sampe turun gunung","1962106120023298253","","dinomademyday","in","","0","1","0","https://x.com/undefined/status/1962106120023298253","1518270048653443072",
"1962048600302829919","Sun Aug 31 10:51:03 +0000 2025","0","@nipengz Enggak... Mungkin karena letaknya unice di gunung kali ya","1962105852065874178","","nipengz","in","","0","0","0","https://x.com/undefined/status/1962105852065874178","1203597461534568448",
"1962084621568643486","Sun Aug 31 10:50:55 +0000 2025","0","@duyunq Kalo gak salah gunung aneh","1962105816284357062","","duyunq","in","","0","0","0","https://x.com/undefined/status/1962105816284357062","1898639126393708544",
"1962105806943584470","Sun Aug 31 10:50:53 +0000 2025","0","Aku mimpi main roblos naik gunung sumbing terus aku KESAMBER PETIR. ‍️","1962105806943584470","","","in","","0","2","0","https://x.com/undefined/status/1962105806943584470","771017448816570369",
"1961874487340892618","Sun Aug 31 10:49:45 +0000 2025","0","@ahmadfaisal86 @Opposisi6890 ga usah sok keras lu m0ny3t gunung to L0L","1962105522900885750","","ahmadfaisal86","in","","0","1","0","https://x.com/undefined/status/1962105522900885750","1864321894859608064",
"1962099028851847343","Sun Aug 31 10:23:57 +0000 2025","0","Gw tiap di gunung naiknya bisa walaupun ngos ngosan TAPI GABISA TURUN","1962099028851847343","","","in","","0","0","0","https://x.com/undefined/status/1962099028851847343","1422556323145818118",
"1962098931808243754","Sun Aug 31 10:23:34 +0000 2025","1","kapan sih dia menggelinding dari atas gunung lalu membeli jagung bakar","1962098931808243754","","","in","","0","3","0","https://x.com/undefined/status/1962098931808243754","1288110826948157440",
"1962098909209301297","Sun Aug 31 10:23:28 +0000 2025","0","Universitas Trisakti akhirnya turun gunung turut menyuarakan aspirasi kepada bangsa yg sudah mulai tak terkendali... https://t.co/PDhztae3zN","1962098909209301297","","","in","","0","0","0","https://x.com/undefined/status/1962098909209301297","1951721960381308928",
"1962088450603221184","Sun Aug 31 10:23:17 +0000 2025","0","@IchelMiCiell @ichi_ocha_08 map gunung yg tangganya inul atau ga ngotak sulitnya","1962098862807744748","","IchelMiCiell","in","","0","1","0","https://x.com/undefined/status/1962098862807744748","1220610509835124738",
"1962098823519690872","Sun Aug 31 10:23:08 +0000 2025","1","Hadeh kalo lagi kondisi gini tuh jadi pengen kabur naik gunung","1962098823519690872","","","in","","0","1","0","https://x.com/undefined/status/1962098823519690872","1039054141794840576",
"1962098708390215943","Sun Aug 31 10:22:40 +0000 2025","2","udah di titik muak bgt denger die tereak merdeka . kaga bakal ngaruh sekalipun dia tereak dari puncak gunung semeru sambil ngibarin bendera merah putih lalu teriak titiek kembalilah ke pelukanku .","1962098708390215943","","","in","","0","0","0","https://x.com/undefined/status/1962098708390215943","1594303184205291522",
"1962074854896886113","Sun Aug 31 10:21:05 +0000 2025","0","@lipslyp Ngepull gunung","1962098306819203178","","kmholics","in","","0","0","0","https://x.com/undefined/status/1962098306819203178","1484066806394277890",
"1962088450603221184","Sun Aug 31 10:20:10 +0000 2025","0","@ichi_ocha_08 @IchelMiCiell yuk ke map gunung setres","1962098078254813436","","ichi_ocha_08","in","","0","1","0","https://x.com/undefined/status/1962098078254813436","1220610509835124738",
"1962030888163918100","Sun Aug 31 10:20:04 +0000 2025","0","@shychop4th gunung apa ini kakk??","1962098052543775059","","shychop4th","in","","0","1","0","https://x.com/undefined/status/1962098052543775059","1952690734722904064",
"1962058453817643021","Sun Aug 31 10:19:15 +0000 2025","0","@lemonpieforfara Aku juga mikirnya dia bakal nge camp ke pantai Gunung Kidul. Tapi berhubung True Blood itu acara sagne berat mikirku cocok sih nyari LC di Parangkusumo pas malem lumayan bonus ke pantai sama gumuk pasir wkwk. Omg not me menistakan Eric Northman in the middle of revolution. ","1962097846934749349","","lemonpieforfara","in","","0","1","0","https://x.com/undefined/status/1962097846934749349","1294387368745529345",
"1957437760853197087","Sun Aug 31 10:18:47 +0000 2025","0","gunung ciremai https://t.co/Ik1VvMe5Bz","1962097728495984667","https://pbs.twimg.com/media/GzrFfAEaQAEBehy.jpg","diazurg","in","","0","1","0","https://x.com/undefined/status/1962097728495984667","1529822788382380032",
"1962097499008888843","Sun Aug 31 10:17:52 +0000 2025","0","pov ke gunung yg ternyata tempat ninja warrior: digendong https://t.co/XCZkeE0rM3","1962097499008888843","https://pbs.twimg.com/media/GzrFReZa4AAyEBq.jpg","","in","","0","1","0","https://x.com/undefined/status/1962097499008888843","2549542141",
"1957437760853197087","Sun Aug 31 10:17:29 +0000 2025","0","gunung cing https://t.co/y3FEz0tV2d","1962097401713606703","https://pbs.twimg.com/media/GzrFMBnaAAAaIn0.jpg","diazurg","in","","0","1","0","https://x.com/undefined/status/1962097401713606703","1529822788382380032",
"1962097354317902067","Sun Aug 31 10:17:17 +0000 2025","0","rating rute lari wanaraja 1. lemahsarii!!! my love pemandangannya sawah2 kl cerah keliatan gunung bagus bgt anjjj tp kesananya hrs naik angkot dulu (jauh) 2. jl. talaga bodas enak jalan gede tp nanjaknya jauh bikin engap tp abis itu jalannya turunan trs sampe komplek jd oke lah","1962097354317902067","","","in","","0","0","0","https://x.com/undefined/status/1962097354317902067","1708035743103467520",
"1962093365794853047","Sun Aug 31 10:16:53 +0000 2025","0","@tempikslippery tolongin aku masih terdiam di cp 4 gunung daun udah kutinggal dia dari pagi capek kali aku","1962097252710891926","","zeehiu","in","","0","1","0","https://x.com/undefined/status/1962097252710891926","1077506123182161920",
"1962084621568643486","Sun Aug 31 10:15:49 +0000 2025","0","@247flip gunung apa ini","1962096984078323947","","247flip","in","","0","1","0","https://x.com/undefined/status/1962096984078323947","1576601663083008000",
"1962055561710870626","Sun Aug 31 10:15:01 +0000 2025","0","@crusfornicis dok jangan gitu dong antartika adalah satu satunya gunung yang aku sanggup bolak balik ngulang banyak banyakan exp","1962096781493428721","","crusfornicis","in","","0","0","0","https://x.com/undefined/status/1962096781493428721","1033039226978197505",
"1962096036652188075","Sun Aug 31 10:12:03 +0000 2025","0","Maraton horor Pabrik gula Petaka gunung gede","1962096036652188075","","","in","","0","0","0","https://x.com/undefined/status/1962096036652188075","1057863576",
"1962083647982629250","Sun Aug 31 10:11:49 +0000 2025","0","@biolahitam 2011 masih supir 2025 udah kaya raya gitu. Ikut pesugihan gunung mana dah ini..","1962095977789346001","","biolahitam","in","","0","0","0","https://x.com/undefined/status/1962095977789346001","103506327",
"1958828168317710389","Sun Aug 31 10:10:50 +0000 2025","0","China tiba tiba ga tau cara main voli cik yi ying langsung turun gunung","1962095730577051873","","Hsnmub","in","","0","1","0","https://x.com/undefined/status/1962095730577051873","1155681100846342145",
"1962095433767059516","Sun Aug 31 10:09:40 +0000 2025","0","sangat yakin mmp hari ini scene di atas gunung cuma pemerintah puqy ini membuat mood gue ngga oke anjingg","1962095433767059516","","","in","","0","0","0","https://x.com/undefined/status/1962095433767059516","876606040749383680",
"1962058453817643021","Sun Aug 31 10:08:51 +0000 2025","0","@quinzelcrane Kl liburan panjang healing ke Gunung Kidul atau Gunung Merapi (tapi jalannya pas malem)","1962095229147959329","","quinzelcrane","in","","0","1","0","https://x.com/undefined/status/1962095229147959329","1513148626755014659",
"1962094935525687628","Sun Aug 31 10:07:41 +0000 2025","1","infokan gunung yang harus kita daki https://t.co/cEtQ8sVoby","1962094935525687628","https://pbs.twimg.com/media/GzrC632boAAp_S8.jpg","","in","","1","2","1","https://x.com/undefined/status/1962094935525687628","767517495263584256",
"1962094524576276800","Sun Aug 31 10:06:03 +0000 2025","0","KOCAK KENA SKEM SKIP CP DI GUNUNG JAWIR 20 robuxku melayang","1962094524576276800","","","in","","0","0","0","https://x.com/undefined/status/1962094524576276800","767415216871055360",
"1962087130672545829","Sun Aug 31 10:03:26 +0000 2025","3","@neVerAl0nely__ @prabowo Masih saja bebal pura2 tidak tahu akar masalahnya. DPR itu cuma puncak gunung es problem saat ini. Wok bangun wok!","1962093866200547549","","neVerAl0nely___","in","","0","0","0","https://x.com/undefined/status/1962093866200547549","1830466840860282880",
"1962024195224920083","Sun Aug 31 10:01:53 +0000 2025","0","@liskiataumi stay safe kawan komplotan galang udah ada yang turun gunung","1962093478575489189","","liskiataumi","in","","0","0","0","https://x.com/undefined/status/1962093478575489189","1701499522374115328",
"1948032465840529545","Sun Aug 31 10:01:32 +0000 2025","0"," Gunung ejet https://t.co/M5dsfecJbV","1962093389492744447","https://pbs.twimg.com/media/GzrBigxbsAECLN2.jpg","qiyuxia_","tl","","0","1","0","https://x.com/undefined/status/1962093389492744447","1876893862721130496",
"1962093365794853047","Sun Aug 31 10:01:26 +0000 2025","0","part 3 tamat GUNUNG NIRWANA https://t.co/dMIuzJOCyn","1962093365794853047","https://pbs.twimg.com/media/GzrBhK4aAAEQDG2.jpg","","in","","1","4","0","https://x.com/undefined/status/1962093365794853047","1833681279306649600",
"1962093234936824125","Sun Aug 31 10:00:55 +0000 2025","1","@BEFOMGYU trimakasi sudah berjuang sampai gunung myoboku walau keder! https://t.co/ejth4FK3gE","1962093234936824125","https://pbs.twimg.com/media/GzrBZbeaEAAsaSz.jpg","BEFOMGYU","in","","0","1","1","https://x.com/undefined/status/1962093234936824125","1191235708909785089",
"1949472355601854808","Sun Aug 31 09:59:37 +0000 2025","0","70. gunung seminung https://t.co/VEbprCvxOC","1962092905977548822","https://pbs.twimg.com/media/GzrBGFNagAAuxgB.jpg","cheezzyb0ba","in","","0","1","0","https://x.com/undefined/status/1962092905977548822","1452090279146622985",
"1949472355601854808","Sun Aug 31 09:59:13 +0000 2025","0","69. gunung semesta jalannya lama bgt huhu https://t.co/JyGfgUDztm","1962092804173369361","https://pbs.twimg.com/media/GzrBAHnbsAAtzpn.jpg","cheezzyb0ba","in","","0","1","0","https://x.com/undefined/status/1962092804173369361","1452090279146622985",
"1962046624986988948","Sun Aug 31 09:57:09 +0000 2025","0","@_0rder Boro boro bisa beraktivitas. Aku tinggal di gunung pun takut sama keadaan sekarang..","1962092284398461015","","hayuklari","in","","0","0","0","https://x.com/undefined/status/1962092284398461015","327941747",
"1962083276094615772","Sun Aug 31 09:56:51 +0000 2025","6","@RagilSemar @prabowo coba cari akar masalahnya jgn cm lihat akibatnya anda punya telik sandi harusnya yg kompeten yg bisa memetakan masalah secara komprehensif jgn sepotong sepotong ini masalah gunung es bukan es krim...","1962092208783568963","","RagilSemar","in","","0","0","2","https://x.com/undefined/status/1962092208783568963","1191146621926400000",
"1962089916877156558","Sun Aug 31 09:56:48 +0000 2025","0","@bluebiish @roblox_fess aku kalo pake body bocil cuma muncak di gunung yg gaada rintangannyaa kakk","1962092197819675028","","bluebiish","in","","0","0","0","https://x.com/undefined/status/1962092197819675028","1301136867555815425",
"1962092073039118380","Sun Aug 31 09:56:18 +0000 2025","0","Nangisin gunung di roblox beneran bisa anjir....","1962092073039118380","","","in","","0","0","0","https://x.com/undefined/status/1962092073039118380","1502558296535826434",
"1962091092704440392","Sun Aug 31 09:52:25 +0000 2025","1","Kapolsek Bilah Hulu Akp. Redi Sinulingga beserta anggota mengunjungi Tuan Guru Gunung Selamat dalam rangka bersilaturahmi dan memohon doa agar situasi Kamtibmas di wilayah hukum Polsek Bilah Hulu aman dan kondusif. https://t.co/mdgHCVmho4","1962091092704440392","https://pbs.twimg.com/media/Gzq_cv1aoAAUFfY.jpg","","in","","0","0","0","https://x.com/undefined/status/1962091092704440392","1203860970809913345",
"1962090978711687337","Sun Aug 31 09:51:57 +0000 2025","0","mending kabur ke gunung apa luar kota sekalian yaa","1962090978711687337","","","in","","1","0","0","https://x.com/undefined/status/1962090978711687337","1911850962211553280",
"1962090850407878907","Sun Aug 31 09:51:27 +0000 2025","0","saranin gunung untuk dinaiki di roblox dong","1962090850407878907","","","in","","0","1","0","https://x.com/undefined/status/1962090850407878907","1775581271902892032",
"1962090422047739961","Sun Aug 31 09:49:45 +0000 2025","0","sudah naik gunung! 2 foto bonus! https://t.co/DgRsegBte0","1962090422047739961","https://pbs.twimg.com/media/Gzq-1eoa4AAEGfc.jpg","","in","","0","1","0","https://x.com/undefined/status/1962090422047739961","1827399675084992514",
"1961707981978177666","Sun Aug 31 09:49:22 +0000 2025","0","@etherealdys ajakin aku naik gunung","1962090327516533071","","etherealdys","in","","0","1","0","https://x.com/undefined/status/1962090327516533071","1930204901080260608",
"1962090228757467544","Sun Aug 31 09:48:59 +0000 2025","0","naik gunung pinoy bersama @obscrein dan cilok putih https://t.co/TokO5Ua041","1962090228757467544","https://pbs.twimg.com/media/Gzq-knwa0AAHX6y.jpg","","in","","0","1","1","https://x.com/undefined/status/1962090228757467544","1959235966390202368",
"1962089961672380443","Sun Aug 31 09:47:55 +0000 2025","2","Ges aku bikin fitur minigame baru ni buat game gunung Roblox! ku Mount Labirin! Bisa geser geser pilar buat jadi pijakan. Oiya sekarang juga ada aura khusus summit jadi yang summit banyak bakal nge unlock aura https://t.co/fp9MBLo5mA https://t.co/NnkrSZTiU3","1962089961672380443","https://pbs.twimg.com/media/Gzq-a95XIAAqbgI.png","","in","","1","0","0","https://x.com/undefined/status/1962089961672380443","1667714410000060416",
"1962088933250236864","Sun Aug 31 09:47:55 +0000 2025","1","@saya_AAL Suhu sdh turun gunung kondisi negara sedang tidak baik2 terakhir ini ya??","1962089960938565772","","saya_AAL","in","","0","1","0","https://x.com/undefined/status/1962089960938565772","1297750216456589312",
"1962040798943539477","Sun Aug 31 09:44:55 +0000 2025","1","@titaapertiwi Next yaa kalau naik gunung lagi ini mau naik lawu. Dirimu kemaren baru naik lawu","1962089206622404765","","titaapertiwi","in","","0","0","0","https://x.com/undefined/status/1962089206622404765","1088761798340169728",
"1962030888163918100","Sun Aug 31 09:44:41 +0000 2025","0","@shychop4th Wkwkwk gunung apa itu?","1962089147730207009","","shychop4th","in","","0","1","0","https://x.com/undefined/status/1962089147730207009","1801492701193637890",
"1962088849645113382","Sun Aug 31 09:43:30 +0000 2025","5","Turun gunung juga bapak","1962088849645113382","","","in","","0","1","0","https://x.com/undefined/status/1962088849645113382","1852904946745921536",
"1962078804207382688","Sun Aug 31 09:43:20 +0000 2025","0","@dop3dd anjaay turun gunung co","1962088808050225523","","dop3dd","in","","0","0","0","https://x.com/undefined/status/1962088808050225523","1224231516466663424",
"1962086216125583524","Sun Aug 31 09:42:08 +0000 2025","0","@rozennberg gunung apa","1962088504743395638","","rozennberg","in","","0","1","0","https://x.com/undefined/status/1962088504743395638","1711301240339288064",
"1962084747540345335","Sun Aug 31 09:41:23 +0000 2025","0","@mr_tofu gunung payung ini","1962088317954240548","","mr_tofu","tl","","0","1","0","https://x.com/undefined/status/1962088317954240548","1192760444022222848",
"1961852754403733903","Sun Aug 31 09:41:18 +0000 2025","0","@cuvrrent HEY MANA BISA GT dimana-mana juga susahan atin plsss ak dontol bgt di gunung itu","1962088297314083281","","cuvrrent","in","","0","1","0","https://x.com/undefined/status/1962088297314083281","932559060913623040",
"1962088182557868098","Sun Aug 31 09:40:51 +0000 2025","0","Aku lagi mau push gunung kotak ada yg mau nemenin ga? Aku buka jasa ojek jg!","1962088182557868098","","","in","","0","1","0","https://x.com/undefined/status/1962088182557868098","2215459789",
"1962087854722711629","Sun Aug 31 09:39:33 +0000 2025","0","bru nyadar ga map gunung map horror sama sama beban ternyata gweh","1962087854722711629","","","in","","0","0","0","https://x.com/undefined/status/1962087854722711629","1957735799027539968",
"1962083296646758854","Sun Aug 31 09:36:15 +0000 2025","0","@SS02LJY GUE TAU INI PASTI MENDAKI GUNUNG NYANG KAGAK ADA UJUNGNYE KAN kemarin gue main ini anjir mual abis gak ada ujungnya","1962087026876190795","","SS02LJY","in","","0","1","0","https://x.com/undefined/status/1962087026876190795","2330329369",
"1962087020093907064","Sun Aug 31 09:36:14 +0000 2025","0","anjg aku nyoba gunung sijjin aku kira ga ada hantunya taunya banyak bgt asu mana ada part pas sendiri koncol bgt tai asu","1962087020093907064","","","in","","0","0","0","https://x.com/undefined/status/1962087020093907064","1732564948503662592",
"1962086950216835371","Sun Aug 31 09:35:57 +0000 2025","2","Personil Sat Samapta Polres Penajam Paser Utara Melaksanakan Patroli Rawan Lokasi Premanisme di Gunung Steleng Kecamatan Penajam Guna Menciptakan Situasi yang Aman dan Kondusif. - - - - #polresppu #poldakaltim #iknnusantara #̤p̤o̤l̤r̤i̤p̤r̤e̤s̤i̤s̤i̤ https://t.co/0c9pPKoxMD","1962086950216835371","https://pbs.twimg.com/media/Gzq7q6AasAE_JLl.jpg","","in","","0","0","0","https://x.com/undefined/status/1962086950216835371","1593093257810300929",
"1962086813973336219","Sun Aug 31 09:35:24 +0000 2025","4","Naik naik ke puncak gunung tp ternyata idr yang turun ahayyy https://t.co/h8elFG0XWa","1962086813973336219","https://pbs.twimg.com/media/Gzq7jzbbAAASeNa.jpg","","in","","0","1","0","https://x.com/undefined/status/1962086813973336219","3002633154",
"1962086787574321209","Sun Aug 31 09:35:18 +0000 2025","0","Polsek Pinang Pimpinan IPTU ADITYO WIJANARKO S.H. (Kapolsek Pinang) Melaksanakan kegiatan Pelepasan Okp dan Ormas Oleh Kapolsek Pinang Wisata Religi Ziarah ke Serang Banten (Gunung Santri dan Masjid Agung Banten). Bertempat di Lapangan Apel Polsek Pinang Jl.Gempol Raya No.02 https://t.co/acMB4EKbBC","1962086787574321209","https://pbs.twimg.com/media/Gzq7fYmbMAAnyFn.jpg","","in","","0","0","0","https://x.com/undefined/status/1962086787574321209","1588159938450567169",
"1962086753025900787","Sun Aug 31 09:35:10 +0000 2025","0","Day kesekian main di obby agar mantap main di gunung https://t.co/UuuadONrlq","1962086753025900787","https://pbs.twimg.com/media/Gzq7gBDbEAECYGo.jpg","","in","","0","0","0","https://x.com/undefined/status/1962086753025900787","2606063990",
"1961954380040794494","Sun Aug 31 09:34:38 +0000 2025","0","@ho_seungsongg Yaya gunung apa","1962086620301299947","","ho_seungsongg","in","","0","2","0","https://x.com/undefined/status/1962086620301299947","1266040077282537472",
"1962085587680440343","Sun Aug 31 09:34:15 +0000 2025","0"," 𝗠𝗲𝗿𝗮𝗽𝗶 𝘁𝗮𝗸 𝗽𝗲𝗿𝗻𝗮𝗵 𝗶𝗻𝗴𝗸𝗮𝗿 𝗷𝗮𝗻𝗷𝗶 itulah istilah yang kerap digunakan untuk menggambarkan gunung yang ada di perbatasan DIY-Jateng tersebut. #LanaGoestoJogjaRoadto19th https://t.co/Ep3EIn1aRT","1962086521445704169","https://pbs.twimg.com/media/Gzq7Su4bMAEJN1C.jpg","praditsandy30","in","","0","1","0","https://x.com/undefined/status/1962086521445704169","1151045271234551808",
"1962086079957512524","Sun Aug 31 09:32:29 +0000 2025","0","Aku udah bisa naik gunung sendiriiiii (udah gak dontol) ️Ekspedisi Liora 4320 MDPL https://t.co/5Vt4DG7HHB","1962086079957512524","https://pbs.twimg.com/amplify_video_thumb/1962085994360098817/img/_GCq0V_vnHGP1lEp.jpg","","in","","0","2","0","https://x.com/undefined/status/1962086079957512524","1581565619882758145",
"1962086036319900056","Sun Aug 31 09:32:19 +0000 2025","0","keluarga tristan udah turun gunung ","1962086036319900056","","","in","","0","0","0","https://x.com/undefined/status/1962086036319900056","1887395634749317122",
"1962074606258594191","Sun Aug 31 09:31:16 +0000 2025","0","@diparaditya Kalo lihat Sultan HB X kemarin aku cukup respect sih. Baru beliau kayaknya yg masih bersedia turun gunung di tengah konflik terkini yg lagi panas2nya.","1962085770854085048","","diparaditya","in","","0","0","0","https://x.com/undefined/status/1962085770854085048","79430599",
"1962085587680440343","Sun Aug 31 09:30:32 +0000 2025","8","#LanaGoestoJogjaRoadto19th Lana menuju Gunung yang ada di Sleman yaitu 𝟱. 𝙂𝙪𝙣𝙪𝙣𝙜 𝙈𝙚𝙧𝙖𝙥𝙞 ️ Kab. Sleman DIY 𝑮𝒖𝒏𝒖𝒏𝒈 𝑴𝒆𝒓𝒂𝒑𝒊 adalah salah satu gunung api aktif di Indonesia dengan ketinggian 𝟐.𝟗𝟑𝟎 mdpl. Lereng sisi selatan masuk dalam Kab. Sleman. https://t.co/tPZklY0R70","1962085587680440343","https://pbs.twimg.com/ext_tw_video_thumb/1962085530839207936/pu/img/hSfb_UW2wY_kk6DQ.jpg","","in","","0","2","1","https://x.com/undefined/status/1962085587680440343","1151045271234551808",
"1962085553358483602","Sun Aug 31 09:30:24 +0000 2025","0","Indonesia dah gawat banget sampe tristan turun gunung","1962085553358483602","","","in","","0","0","0","https://x.com/undefined/status/1962085553358483602","1723903426596364288",
"1962085053661638937","Sun Aug 31 09:28:25 +0000 2025","627","QUEEN SUDAH TURUN GUNUNG. love you sekebon apri https://t.co/xpRU5iVvDC","1962085053661638937","https://pbs.twimg.com/media/Gzq59BdbQAAMAB3.jpg","","in","","36","6","150","https://x.com/undefined/status/1962085053661638937","126256066",
"1962024195224920083","Sun Aug 31 09:27:58 +0000 2025","0","@liskiataumi Edward Cullen turun gunung. Indonesia sedang tidak baik2 saja.","1962084941044588927","","liskiataumi","in","","0","0","0","https://x.com/undefined/status/1962084941044588927","1448141576",
"1962084621568643486","Sun Aug 31 09:26:42 +0000 2025","7","Renang di puncak gunung :v (@senyuminajbrayy @menhenghouw) https://t.co/AoTmjycrRK","1962084621568643486","https://pbs.twimg.com/media/Gzq5jrVagAA1UTR.jpg","","in","","1","4","2","https://x.com/undefined/status/1962084621568643486","1898639126393708544",
"1962084595400425575","Sun Aug 31 09:26:35 +0000 2025","0","Pulang2 dr gunung kidul gw langsubg demam cokkkk knp coba","1962084595400425575","","","in","","0","0","0","https://x.com/undefined/status/1962084595400425575","1320907044707201025",
"1962084139227914290","Sun Aug 31 09:24:47 +0000 2025","0","SEDIH BGT GUE SUMMIT GUNUNG AKHIRAT GASEMPET FOTO","1962084139227914290","","","in","","0","0","0","https://x.com/undefined/status/1962084139227914290","1940962426671058947",
"1949148465830690920","Sun Aug 31 09:23:59 +0000 2025","0","lupa gunung apa yang jelas anomali bgt (kita ga jadi summit) https://t.co/1fmGHoofUF","1962083939482546472","https://pbs.twimg.com/media/Gzq48KcbYAAy0qs.jpg","estlye_","in","","0","1","0","https://x.com/undefined/status/1962083939482546472","1921520112538173440",
"1962083207052145085","Sun Aug 31 09:21:04 +0000 2025","0","gunung trunyan melatih kesabaran :) https://t.co/Y5IqCFA9nr","1962083207052145085","https://pbs.twimg.com/media/Gzq4RykbwAATyuo.jpg","","in","","0","0","0","https://x.com/undefined/status/1962083207052145085","892034029008019456",
"1962078917797597641","Sun Aug 31 09:20:10 +0000 2025","0","@DinaraAdamas @KompasTV Untuk poin pajak. Nanti bayar utang pke apa kalo pajak turun?? Secara si mulyono ngewarisin bergunung gunung utang yg mesti dibayar.","1962082979276329184","","DinaraAdamas","in","","0","0","0","https://x.com/undefined/status/1962082979276329184","1681507194901254144",
"1962081838857396336","Sun Aug 31 09:19:38 +0000 2025","0","@roblox_fess kalo dapet ikan bagus seru kalo enggak aku tinggal main gunung di akun sebelah","1962082844072988890","","roblox_fess","in","","0","0","0","https://x.com/undefined/status/1962082844072988890","1331963367662055424",
"1962073783944294882","Sun Aug 31 09:19:09 +0000 2025","0","@BudiBukanIntel Kayaknya dr Yonif 315 Garuda gunung batu Bogor","1962082722446512242","","BudiBukanIntel","in","","0","0","0","https://x.com/undefined/status/1962082722446512242","1589309513106345984",
"1962082714829627455","Sun Aug 31 09:19:07 +0000 2025","0","Tadi miss kunti lewat sekarang manusia srigala udh pada turun gunung","1962082714829627455","","","in","","0","0","0","https://x.com/undefined/status/1962082714829627455","3215511298",
"1962071595310305560","Sun Aug 31 09:18:07 +0000 2025","0","@id_lgk @KABAR_CHELSEA Jadi keinget jaman Gunung masih di Chelsea","1962082462189985820","","id_lgk","in","","0","0","0","https://x.com/undefined/status/1962082462189985820","1612789152197783552",
"1962082458809364525","Sun Aug 31 09:18:06 +0000 2025","1","Akhirnya Daun bersama pacarku ini walau dia dari CP2-AKHIR NANGIS You did well Mayiya sayangggg! Terima kasih untuk kakak yang gendong Mayiya berkali-kali akhirnya pacar aku summit Gunung Daun! (Abis ini self reward mie yayam ya cantik?) https://t.co/ecXOjoxfWM","1962082458809364525","https://pbs.twimg.com/media/Gzq3k6Va4AE3bVA.jpg","","in","","1","1","1","https://x.com/undefined/status/1962082458809364525","2886505663",
"1962082366287180246","Sun Aug 31 09:17:44 +0000 2025","11","️ Mt. Azuria! Gunung fiksi cantik yang cukup refreshing buat di daki Imo ga begitu susah tapi ga dontol friendly juga. Psttt... bisa carry kok. Gunung nya ga begitu panjang jadi aku enjoy bgt selama main. https://t.co/YMDKNMO8T3","1962082366287180246","https://pbs.twimg.com/media/Gzq3gKiasAA0bVB.jpg","","in","","1","3","0","https://x.com/undefined/status/1962082366287180246","1935282073507655680",
"1962082098996764754","Sun Aug 31 09:16:40 +0000 2025","1","Menamatkan gunung jawa bersama @b3lyui https://t.co/CiFYLoNg5L","1962082098996764754","https://pbs.twimg.com/media/Gzq3JAjbAAADo32.jpg","","in","","1","1","0","https://x.com/undefined/status/1962082098996764754","983971762202439680",
"1962082087701492209","Sun Aug 31 09:16:38 +0000 2025","0","Kirain jembatan Situ Gunung di Like Earth ","1962082087701492209","","","in","","0","0","0","https://x.com/undefined/status/1962082087701492209","511407406",
"1962057794137579796","Sun Aug 31 09:15:23 +0000 2025","0","@Melan_tika Mirip cerita film Marvel The Eternals. Jadi Ma Dong Seok dan kawan2nya itu adalah malaikat yg pernah ditugaskan membasi setan jahat (Park Hyung Sik) di bumi. Setan jahat kalah ditawan di dalam gunung. Pasukan malaikat menang kekuatan super power nya dilucuti dewa.","1962081772923207751","","Melan_tika","in","","0","2","0","https://x.com/undefined/status/1962081772923207751","10024342",
"1962054630718005643","Sun Aug 31 09:15:14 +0000 2025","0","@filepaws ini namanya menjadi biduan gunung","1962081737158410325","","filepaws","in","","0","1","0","https://x.com/undefined/status/1962081737158410325","1492720136918540288",
"1962044165421953184","Sun Aug 31 09:15:07 +0000 2025","0","@abdusyakur10 Baru mendaki gunung di roblox kak","1962081708695814232","","abdusyakur10","in","","0","1","0","https://x.com/undefined/status/1962081708695814232","1118100867079495680",
"1962081668933771598","Sun Aug 31 09:14:58 +0000 2025","0","Gunung Semeru yang berada di perbatasan Kabupaten Lumajang dan Malang Jawa Timur mengalami tiga kali erupsi dengan tinggi letusan hingga 900 meter di atas puncak pada Minggu.https://t.co/nFyDQeTJi3","1962081668933771598","","","in","","0","0","0","https://x.com/undefined/status/1962081668933771598","423220305",
"1962080764553842849","Sun Aug 31 09:13:47 +0000 2025","0","Kumpul sama admin admin gunung panderman roblox https://t.co/mbpuyjoTF5","1962081373797392547","https://pbs.twimg.com/media/Gzq2mp_aoAA2_a0.jpg","gentlby","in","","0","0","0","https://x.com/undefined/status/1962081373797392547","381465963",
"1962080894208118887","Sun Aug 31 09:11:53 +0000 2025","0","Aku rindu konten2 gunung dan travelling. Nih DPR buruan gak selesain masalah2 jgn diam doang kek orang bisu njirr. Minta maaf mulu kek mantan toxic yg nanti di ulangin lagi. Arghhhh","1962080894208118887","","","in","","0","0","0","https://x.com/undefined/status/1962080894208118887","1573740547528794112",
"1962080764553842849","Sun Aug 31 09:11:22 +0000 2025","0","Jadi keingat bercandaan cewek di gunung panderman roblox. Gunungnya yang bagus atau adminnya . Disenterin ya kaaan. https://t.co/YILRYmd47u","1962080764553842849","https://pbs.twimg.com/media/Gzq2DsPacAARkdW.jpg","","in","","1","1","0","https://x.com/undefined/status/1962080764553842849","381465963",
"1962080350332743979","Sun Aug 31 09:09:43 +0000 2025","0","️ Gunung Kelimutu https://t.co/idBSBQRG0s","1962080350332743979","https://pbs.twimg.com/media/Gzq1q-qbIAEOkKN.jpg","","in","","0","1","0","https://x.com/undefined/status/1962080350332743979","1640032655516520448",
"1949472355601854808","Sun Aug 31 09:08:24 +0000 2025","0","68. gunung papua https://t.co/IjL3a3epSL","1962080017019789405","https://pbs.twimg.com/media/Gzq1X3RbUAAcPhz.jpg","cheezzyb0ba","tl","","0","1","0","https://x.com/undefined/status/1962080017019789405","1452090279146622985",
"1962079924212416732","Sun Aug 31 09:08:02 +0000 2025","1","31 Agustus 2025 Gunung Telomoyo via Arsal Mengakhiri bulan kelahiran dengan fun tektok https://t.co/ASqyI4xXvv","1962079924212416732","https://pbs.twimg.com/media/Gzq1OAqagAAGgxm.jpg","","in","","0","0","0","https://x.com/undefined/status/1962079924212416732","342690344",
"1949472355601854808","Sun Aug 31 09:08:00 +0000 2025","0","67. gunung acumalaka https://t.co/Cun0cMy7Ia","1962079916301939184","https://pbs.twimg.com/media/Gzq1SCNbEAApyHl.jpg","cheezzyb0ba","in","","0","1","0","https://x.com/undefined/status/1962079916301939184","1452090279146622985",
"1962079604782596259","Sun Aug 31 09:06:46 +0000 2025","0","gunung atin emg bikin stress https://t.co/p74YlROFqH","1962079604782596259","https://pbs.twimg.com/media/Gzq0_oRbcAA0uF6.jpg","","in","","0","1","0","https://x.com/undefined/status/1962079604782596259","1748510287165325312",
"1962073616788672924","Sun Aug 31 09:06:45 +0000 2025","0","@dimsumchenle bisa ga ngaji bersama dari atas gunung??? kita doain pemerenta biar cpt tobat","1962079600185577543","","dimsumchenle","in","","0","1","0","https://x.com/undefined/status/1962079600185577543","1515091152902721540",
"1962077958484767098","Sun Aug 31 09:06:34 +0000 2025","0","@perjaki gunung apa ini biar ku hindari","1962079557827395661","","mychiabf","in","","0","1","0","https://x.com/undefined/status/1962079557827395661","1067314535533490176",
"1962079213026263432","Sun Aug 31 09:05:12 +0000 2025","0","SIAPA SANGKA TRISTAN TURUN GUNUNG BUAT DEMO ‍️","1962079213026263432","","","in","","0","0","0","https://x.com/undefined/status/1962079213026263432","1761764594878763008",
"1962079022076342275","Sun Aug 31 09:04:27 +0000 2025","1","dlu ada surat pemberitahuan daring gini karna ada covid gunung erupsi polusi udara skrng karna pemerenta huft","1962079022076342275","","","in","","0","0","0","https://x.com/undefined/status/1962079022076342275","1418921681633087500",
"1962078878358536435","Sun Aug 31 09:03:52 +0000 2025","0","kmrn diajakin naik gunung huhu tapi aku lgi difase ga excited naik gunung padahal udh beli ini itu buat daki https://t.co/TJcapBTNtj","1962078878358536435","https://pbs.twimg.com/media/Gzq0VZ-bUAAnahi.jpg","","in","","0","0","0","https://x.com/undefined/status/1962078878358536435","1618493891279474688",
"1962073616788672924","Sun Aug 31 09:03:38 +0000 2025","0","@lepurrple naik gunung aja ak cupu main tower","1962078819441160514","","lepurrple","in","","0","1","0","https://x.com/undefined/status/1962078819441160514","1933858929039319040",
"1962078684153790547","Sun Aug 31 09:03:06 +0000 2025","0","map roblok yang seru buat mabar selain naik gunung apa si we","1962078684153790547","","","in","","0","2","0","https://x.com/undefined/status/1962078684153790547","1302244988479184898",
"1961727744850710926","Sun Aug 31 08:27:08 +0000 2025","9","@ecco2kie Ga mending dua nya kata gw teh mending kita jalan naik gunung roblok","1962069630987719150","","ecco2kie","in","","0","0","0","https://x.com/undefined/status/1962069630987719150","1469972780250648576",
"1962068506784284994","Sun Aug 31 08:22:40 +0000 2025","0","Anjir anak eds cok dino turun gunung","1962068506784284994","","","in","","0","0","0","https://x.com/undefined/status/1962068506784284994","1822374728662917120",
"1962067637019779347","Sun Aug 31 08:19:12 +0000 2025","0","hmmm nih fyp gue isinya summit gunung semua curiga akhir taun ke rinjani AAAMINNN WWKWK","1962067637019779347","","","in","","0","0","0","https://x.com/undefined/status/1962067637019779347","1635280508233084930",
"1962067500176400677","Sun Aug 31 08:18:40 +0000 2025","1","Ngapain dah bawoook. Elu tuh turun dengerin aspirasi rakyat luuu kocakkkk. W gelindingin dr puncak gunung daun lu ya","1962067500176400677","","","in","","0","0","1","https://x.com/undefined/status/1962067500176400677","1184171510547660800",
"1962067151524942238","Sun Aug 31 08:17:17 +0000 2025","2","gunung hanami cantik bgtt https://t.co/M0Kah6ws3J","1962067151524942238","https://pbs.twimg.com/media/GzqpqY-bEAA8rTN.jpg","","in","","0","0","0","https://x.com/undefined/status/1962067151524942238","1659418274025852929",
"1962067092305576316","Sun Aug 31 08:17:02 +0000 2025","0","Inilah contoh orang yang dah dapat satu gunung emas dia akan teringin untuk memiliki gunung emas yang kedua. Dia ada Bitcoin bernilai $11.4 billion. Boleh sangat nak hidup selesa. Sekarang duk jual beli dengan ETH pula. Berapa nilai yang cukup untuk dia agaknya. .","1962067092305576316","","","in","","0","0","0","https://x.com/undefined/status/1962067092305576316","57345872",
"1962051954944966866","Sun Aug 31 08:16:28 +0000 2025","0","@HunterGame73812 @senjatanuklir Iya kau selanjutnya dilempar pake batu batu gunung","1962066948856144110","","HunterGame73812","in","","0","0","0","https://x.com/undefined/status/1962066948856144110","1441706866480873478",
"1962062434996199459","Sun Aug 31 08:16:15 +0000 2025","0","@roblox_fess Gunung suka ga nder? Hmu yuk nder biar ada temen","1962066892367306818","","roblox_fess","in","","0","0","0","https://x.com/undefined/status/1962066892367306818","1341968540102873090",
"1962057000352612369","Sun Aug 31 08:16:05 +0000 2025","0","@roblox_fess ayoo nder di gunung aneh itu seru bgttt","1962066852584317073","","roblox_fess","in","","0","0","0","https://x.com/undefined/status/1962066852584317073","1163716835885252608",
"1962024195224920083","Sun Aug 31 08:15:45 +0000 2025","0","@liskiataumi Anying ayah agra udh turun gunung","1962066768698253749","","liskiataumi","in","","0","0","0","https://x.com/undefined/status/1962066768698253749","1734830813999730688",
"1962066533137650157","Sun Aug 31 08:14:49 +0000 2025","0","lauren penunggu gunung junior","1962066533137650157","","","in","","0","2","0","https://x.com/undefined/status/1962066533137650157","1639651064722108417",
"1962065833133531395","Sun Aug 31 08:14:09 +0000 2025","0","@nzfiiaa PENUNGGU GUNUNG","1962066365860479186","","nzfiiaa","in","","0","1","0","https://x.com/undefined/status/1962066365860479186","1639651064722108417",
"1962057000352612369","Sun Aug 31 08:12:07 +0000 2025","0","@roblox_fess ayooo gunung apaa","1962065853534568792","","roblox_fess","in","","0","0","0","https://x.com/undefined/status/1962065853534568792","1942465783353020416",
"1962065833133531395","Sun Aug 31 08:12:02 +0000 2025","3","tamat gunung daun jalur digendong sepuh https://t.co/ElUPs9Rlqn","1962065833133531395","https://pbs.twimg.com/media/GzqodDjaMAA9dmW.jpg","","in","","1","2","0","https://x.com/undefined/status/1962065833133531395","1624216900745166850",
"1956277683639157075","Sun Aug 31 08:10:07 +0000 2025","1","@noahlovesart menamatkan hanami gunung seruu tapi sepi https://t.co/0jOl7unUC7","1962065351900012900","https://pbs.twimg.com/media/GzqoChna8AAa5_f.jpg","gurameyy","in","","0","1","0","https://x.com/undefined/status/1962065351900012900","1867365563011674112",
"1959559498840048102","Sun Aug 31 08:08:06 +0000 2025","0","@ravenclowni Betulan aku jatoh terus naik gunung aku random map soalnya ketemu tantangan dikit langsung menyerah","1962064841365201146","","ravenclowni","in","","0","0","0","https://x.com/undefined/status/1962064841365201146","1375080485836099592",
"1962064776122749369","Sun Aug 31 08:07:50 +0000 2025","0","frustasi banget naik gunung atin","1962064776122749369","","","in","","0","0","0","https://x.com/undefined/status/1962064776122749369","3148864666",
"1962064567527502125","Sun Aug 31 08:07:00 +0000 2025","0","vampir pun turun gunung ","1962064567527502125","","","in","","0","0","0","https://x.com/undefined/status/1962064567527502125","775978432689610753",
"1962063922703520207","Sun Aug 31 08:04:27 +0000 2025","1","ya allah apakah gunung virama benci aku","1962063922703520207","","","in","","0","2","0","https://x.com/undefined/status/1962063922703520207","2549542141",
"1962063279775515098","Sun Aug 31 08:01:53 +0000 2025","0","mau ratain semua gunung tpi bentar demam dulu klo susah rintangannya","1962063279775515098","","","in","","0","0","0","https://x.com/undefined/status/1962063279775515098","1873993241374453760",
"1961808133699011037","Sun Aug 31 08:00:09 +0000 2025","0","@DikaraXII pegal tangan ku koh abis main ni gunung","1962062842582171923","","DikaraXII","in","","0","0","0","https://x.com/undefined/status/1962062842582171923","1687392777397813248",
"1961763751453200849","Sun Aug 31 07:59:36 +0000 2025","0","@hmeyu Nou nou keliling gunung ya gege. Aku mau makan Tubby Custard :3","1962062703255781840","","hmeyu","in","","0","1","0","https://x.com/undefined/status/1962062703255781840","1428720963844067330",
"1962057000352612369","Sun Aug 31 07:58:33 +0000 2025","0","@roblox_fess yuk dm aja mau gunung apa.","1962062438049915304","","roblox_fess","in","","0","0","0","https://x.com/undefined/status/1962062438049915304","2962902440",
"1961991670192583056","Sun Aug 31 07:57:06 +0000 2025","0","@Hujandisenja Setrikaan aku udah kayak gunung ka naj ga sempet sempet setrika ","1962062074831626460","","Hujandisenja","in","","0","0","0","https://x.com/undefined/status/1962062074831626460","352813100",
"1962061921685037132","Sun Aug 31 07:56:30 +0000 2025","0","gunung apalagi yg hrs kudaki? https://t.co/kI9LEHJm3G","1962061921685037132","https://pbs.twimg.com/media/Gzqk5QEbwAADhLb.jpg","","in","","0","0","0","https://x.com/undefined/status/1962061921685037132","1245644322696921088",
"1962057000352612369","Sun Aug 31 07:54:18 +0000 2025","0","@roblox_fess Ayok gunung apapun gas kecuali rintangan gk masuk akal aku mundur ️","1962061370058555522","","roblox_fess","in","","0","0","0","https://x.com/undefined/status/1962061370058555522","1814239937811955712",
"1962061075404517517","Sun Aug 31 07:53:08 +0000 2025","1","jaket gunung yaa hiking the north face reebok dll bisa oren! bole nego tipis dm https://t.co/0uWdxZdZo8","1962061075404517517","https://pbs.twimg.com/media/GzqkJMMaAAA0i5F.jpg","","in","","1","1","0","https://x.com/undefined/status/1962061075404517517","1931945702349053952",
"1962060491301572655","Sun Aug 31 07:50:49 +0000 2025","0","Alhmdulillah pagi td muncul ga ujan .seruu jd nagih nge triak naik gunung https://t.co/CFIweFuccB","1962060491301572655","https://pbs.twimg.com/media/GzqjnRtasAAdN35.jpg","","in","","0","0","0","https://x.com/undefined/status/1962060491301572655","1070278746005893121",
"1962060222677311877","Sun Aug 31 07:49:45 +0000 2025","0","Gunung bohong mmebuat emosi jir","1962060222677311877","","","in","","0","1","0","https://x.com/undefined/status/1962060222677311877","2241236496",
"1962060123985281125","Sun Aug 31 07:49:21 +0000 2025","0","Mauuu... Tp gw maunya di daerah gunung dan dingin. Tdk di pantai yg puanas. Makasiii","1962060123985281125","","","in","","0","0","0","https://x.com/undefined/status/1962060123985281125","132209975",
"1962039843455914136","Sun Aug 31 07:44:30 +0000 2025","0","@oziriezzz Gunung brutal","1962058901375045905","","oziriezzz","in","","0","1","0","https://x.com/undefined/status/1962058901375045905","844486463844564992",
"1962058815496683949","Sun Aug 31 07:44:09 +0000 2025","0","Guys aku open joki gendong naik gunung di Roblox #zonauang","1962058815496683949","","","in","","0","0","0","https://x.com/undefined/status/1962058815496683949","1631134467460050945",
"1949472355601854808","Sun Aug 31 07:43:03 +0000 2025","0","66. gunung papandayan https://t.co/fN4DQ3Jy1u","1962058537091432619","https://pbs.twimg.com/media/Gzqh1g0bEAAsDxo.jpg","cheezzyb0ba","tl","","0","1","0","https://x.com/undefined/status/1962058537091432619","1452090279146622985",
"1949472355601854808","Sun Aug 31 07:42:29 +0000 2025","0","65. gunung jawir https://t.co/ajRgwSg9hz","1962058394657014141","https://pbs.twimg.com/media/GzqhtOlaEAAi05x.jpg","cheezzyb0ba","in","","0","1","0","https://x.com/undefined/status/1962058394657014141","1452090279146622985",
"1961004478938964072","Sun Aug 31 07:42:12 +0000 2025","0","@goyunjng Kalau menurutku c bertapa di gunung sekalian. Itu jg enak tinggal yoga terus merem. Ketemu sama penunggu pesugihan deh xixixi Btw tuyulnya mau barter ga? Kmrn ak abis mulung tuyul di hutan amazon.g","1962058325216178579","","goyunjng","in","","0","0","0","https://x.com/undefined/status/1962058325216178579","1329254337009254400",
"1962057895937446391","Sun Aug 31 07:40:30 +0000 2025","0","udah di tahap bosen main roblox karena gda temen ada yg mau berteman tida ya.. aku suka naik gunung dan mampir ke salon.. ayoo temenan plss","1962057895937446391","","","in","","0","4","0","https://x.com/undefined/status/1962057895937446391","1795404805822873601",
"1962057871992197427","Sun Aug 31 07:40:24 +0000 2025","0","wkwkwkwk niki zefanya sampe turun gunung tp artis indonesia yg speak up seupil doang","1962057871992197427","","","in","","0","0","0","https://x.com/undefined/status/1962057871992197427","1561004463296778241",
"1962057632300290318","Sun Aug 31 07:39:27 +0000 2025","0","Awokwokwokwok Tuan Muda mulai turun gunung ","1962057632300290318","","","in","","0","0","0","https://x.com/undefined/status/1962057632300290318","854414725",
"1962057569062801494","Sun Aug 31 07:39:12 +0000 2025","0","tanda tanganmu bikin danau di antara gunung?","1962057569062801494","","","in","","0","0","0","https://x.com/undefined/status/1962057569062801494","1224373153775800320",
"1962057197246177754","Sun Aug 31 07:37:43 +0000 2025","0","wayahe medun gunung https://t.co/uFaCARjW2F","1962057197246177754","https://pbs.twimg.com/media/Gzqgnk9aEAAAyC9.jpg","","in","","0","0","0","https://x.com/undefined/status/1962057197246177754","1642622948921180162",
"1962056850666619391","Sun Aug 31 07:36:21 +0000 2025","1","day 1 naik gunung langsung digendong trs adek ketinggalan hehe (sedikit merasa bersalah) https://t.co/IcQXM9SDj0","1962056850666619391","https://pbs.twimg.com/media/GzqgTHpbMAAcrIT.jpg","","in","","0","1","0","https://x.com/undefined/status/1962056850666619391","1526179915418062848",
"1962056740884852746","Sun Aug 31 07:35:54 +0000 2025","0","Kunti Gunung Cikuray.","1962056740884852746","","","in","","0","0","0","https://x.com/undefined/status/1962056740884852746","1759798413728845824",
"1962055778422194374","Sun Aug 31 07:35:13 +0000 2025","0","@delirirun Yang ini gunung akhirat with bestie ku Ethan. Sama ada Harley Quinn share in jar tu diatas. https://t.co/vf5xCvVflZ","1962056565042852271","https://pbs.twimg.com/media/GzqgDCAaIAAKqCZ.jpg","castratorp","in","","0","1","0","https://x.com/undefined/status/1962056565042852271","1948141785899003904",
"1956329311650320753","Sun Aug 31 07:34:44 +0000 2025","0","@Lijeau Turun di gunung antartika~","1962056443953402142","","Lijeau","in","","0","0","0","https://x.com/undefined/status/1962056443953402142","1120602131197644801",
"1962056440404996510","Sun Aug 31 07:34:43 +0000 2025","0","Kulihat ibu pertiwi Sedang bersusah hati Air matanya berlinang Mas intannya terkenang Hutan gunung sawah lautan Simpanan kekayaan Kini ibu sedang lara Merintih dan berdoa","1962056440404996510","","","in","","0","0","0","https://x.com/undefined/status/1962056440404996510","711393997202153472",
"1962024195224920083","Sun Aug 31 07:32:57 +0000 2025","0","@liskiataumi vampir turun gunung wkwk","1962055996043616728","","liskiataumi","in","","0","0","0","https://x.com/undefined/status/1962055996043616728","1201332393933557761",
"1962055733249540276","Sun Aug 31 07:31:54 +0000 2025","2","Latih Kepekaan dan Keterampilan Menembak Ini yang Dilakukan Polres Trenggalek Sejumlah personel Polres Trenggalek hari ini mengikuti kegiatan pengenalan senjata serta latihan menembak yang digelar di tembak gunung Sawe https://t.co/R36Y869dwU","1962055733249540276","https://pbs.twimg.com/media/GzqfSpXbwAAEOgP.jpg","","in","","0","1","1","https://x.com/undefined/status/1962055733249540276","947181899633516545",
"1962055662382588319","Sun Aug 31 07:31:37 +0000 2025","0","dr kmrn muncul konten gunung argopuro mulu mau bgt......cantik sekali.....","1962055662382588319","","","in","","0","1","0","https://x.com/undefined/status/1962055662382588319","1177609540809871360",
"1962055574985867523","Sun Aug 31 07:31:16 +0000 2025","2","Dan nyatanya gue otw kerja tadi tni udh mulai turun gunung ke arah rumah gue kata gue sih wowogombel sama si nenek lampir puan lo keluar deh!!! APA SUSAH NYA BUKA GERBANG DATENG TEMUIN MASSA DAN DENGERIN ASPIRASI NYA?? UDAH TUA GA TAKUT2 NYA SAMA TUHAN HERAN","1962055574985867523","","","in","","0","1","0","https://x.com/undefined/status/1962055574985867523","1660467003453493248",
"1962055565569614111","Sun Aug 31 07:31:14 +0000 2025","0","Gunung gila https://t.co/CCAaCn4quw","1962055565569614111","https://pbs.twimg.com/media/GzqfI18bcAAClGk.jpg","","tl","","0","0","0","https://x.com/undefined/status/1962055565569614111","1618206534940651526",
"1962055493456957734","Sun Aug 31 07:30:57 +0000 2025","0","nyobain map gunung lain ternyata ada yg rintangannya susah ya","1962055493456957734","","","in","","0","0","0","https://x.com/undefined/status/1962055493456957734","885054630681604097",
"1962055246617940293","Sun Aug 31 07:29:58 +0000 2025","1","Kos Unsoed Jl. Gunung Cikurai No.31 Bancarkembar dekat lapangan glempang. Fasilitas lengkap: kasur lemari meja belajar kulkas kamar mandi dalam. 6jt/tahun include air+listrik. Hanya patungan bayar wifi. #unsoed #kos https://t.co/BsdISAR0EY","1962055246617940293","https://pbs.twimg.com/media/Gzqe15RboAAgE9n.jpg","","in","","1","1","0","https://x.com/undefined/status/1962055246617940293","3444933913",
"1962053629407535530","Sun Aug 31 07:28:18 +0000 2025","0","@BudiBukanIntel Di sini gunung di sana gunung","1962054828215128532","","BudiBukanIntel","tl","","0","0","0","https://x.com/undefined/status/1962054828215128532","1027971762724556801",
"1961779098952532422","Sun Aug 31 07:28:06 +0000 2025","0","@swckie Bohonk kn pasti bisa bikin gunung. Dan ak jg sblumnya cma gambar gunung ","1962054774502863325","","swckie","in","","0","0","0","https://x.com/undefined/status/1962054774502863325","1832294330964590592",
"1962054190815150545","Sun Aug 31 07:25:46 +0000 2025","0","tetap naik sendiri ke puncak usaha sendiri Gunung Hilih https://t.co/KrY4i7Bj1e","1962054190815150545","https://pbs.twimg.com/media/Gzqd1GrbYAAwoP-.jpg","","in","","1","0","0","https://x.com/undefined/status/1962054190815150545","1886309711836012544",
"1962046625754570814","Sun Aug 31 07:23:46 +0000 2025","0","@obscrein Naik gunung tidaaa malam inii? ","1962053686148174226","","obscrein","in","","0","1","0","https://x.com/undefined/status/1962053686148174226","1720280892357398528",
"1962053307423408312","Sun Aug 31 07:22:16 +0000 2025","0","berhasil muncak di gunung daunn https://t.co/cFFZVNdDuq","1962053307423408312","https://pbs.twimg.com/media/GzqdEkSa4AA1lEs.jpg","","in","","0","0","0","https://x.com/undefined/status/1962053307423408312","1924714136359075840",
"1961588572152311983","Sun Aug 31 07:15:48 +0000 2025","1","@alisyarief Tdk layak sbg Ketua Partai Golkar : pengecut type penghindar tanggung jawab jika lihat ada krisis type penjilat jika lihat ada kursi kekuasan. Emangnya rapatnya di Gua di pucuk gunung shg tdk tahu apa2 yg terjadi didunia luar ?","1962051679630848302","","alisyarief","in","","0","0","0","https://x.com/undefined/status/1962051679630848302","170171658",
"1962023161391988881","Sun Aug 31 07:15:20 +0000 2025","0","@setro_gm @toniheru D Gunung Dudu D Sawah","1962051564534964648","","setro_gm","in","","0","1","0","https://x.com/undefined/status/1962051564534964648","1687432843759329280",
"1962051436419928250","Sun Aug 31 07:14:50 +0000 2025","0","LauBas aja sampe turun gunung mundur woy gatau malu!","1962051436419928250","","","in","","0","0","0","https://x.com/undefined/status/1962051436419928250","124152359",
"1943940233814585493","Sun Aug 31 07:14:22 +0000 2025","0","gn atin gunung yg isinya full cobaan semua untung aja ada shortcut dr cp 23 langsung ke summit. ini lebih tai dr mount sibuatan sih. ukuran char yg dipake menentukan jauhnya lompatan + berhasil tangkep tangga atau enggak. https://t.co/qorLGtUGsL","1962051319071744271","https://pbs.twimg.com/media/GzqbRY6b0AEhXgW.jpg","sushibackflips","in","","0","1","0","https://x.com/undefined/status/1962051319071744271","1265255610418790400",
"1962050732225626293","Sun Aug 31 07:12:02 +0000 2025","3","Terjadi erupsi G. Ibu pada hari Minggu 31 Agustus 2025 pukul 14:22 WIT tinggi kolom abu teramati ± 600 m di atas puncak. Erupsi terekam di seismograf dengan amplitudo maksimum 28 mm dan durasi 78 detik. https://t.co/xwp3n4wre1 via @id_magma https://t.co/mh3GJqkZpX","1962050732225626293","https://pbs.twimg.com/media/Gzqau43aUAABMk5.jpg","","in","","0","0","1","https://x.com/undefined/status/1962050732225626293","833912055614758912",
"1962050646070501379","Sun Aug 31 07:11:41 +0000 2025","6","Terjadi erupsi G. Semeru pada hari Minggu 31 Agustus 2025 pukul 05:38 WIB tinggi kolom abu teramati ± 800 m di atas puncak. Erupsi terekam di seismograf dengan amplitudo maksimum 22 mm dan durasi 136 detik. https://t.co/ajNfOPZFpz via @id_magma https://t.co/dbMYZuRFZz","1962050646070501379","https://pbs.twimg.com/media/GzqapkBaUAAvDfN.jpg","","in","","0","0","1","https://x.com/undefined/status/1962050646070501379","833912055614758912",
"1961867546300498427","Sun Aug 31 07:11:02 +0000 2025","0","@fukuace BETULS. Rekomendasi map gunung yang kayak gini ay.","1962050482698060077","","fukuace","in","","0","1","0","https://x.com/undefined/status/1962050482698060077","782028295013445632",
"1962050261108818088","Sun Aug 31 07:10:10 +0000 2025","0","Gunung Papua ada anomali Windah Barusadar https://t.co/aZvZ36MgxB","1962050261108818088","https://pbs.twimg.com/media/GzqaTfXakAAv5Gm.jpg","","in","","0","0","0","https://x.com/undefined/status/1962050261108818088","1701606167158693888",
"1962044330090319906","Sun Aug 31 07:09:33 +0000 2025","0","@jaeeyong_ Duh kemusuhan sama gunung ini","1962050108587233615","","jaeeyong_","in","","0","1","0","https://x.com/undefined/status/1962050108587233615","181857602",
"1962048993673781431","Sun Aug 31 07:08:38 +0000 2025","0","@tanyarlfes Yang suka naik gunung mari bermutualan https://t.co/5oceZwmVnz","1962049878768648242","","tanyarlfes","in","","0","0","0","https://x.com/undefined/status/1962049878768648242","1088761798340169728",
"1962040268796088605","Sun Aug 31 07:07:30 +0000 2025","0","@swudade sudah saatnya gelindingin prabowo dari gunung daun","1962049590401892791","","swudade","in","","0","0","0","https://x.com/undefined/status/1962049590401892791","1848759639208562689",
"1962045510778593775","Sun Aug 31 07:07:15 +0000 2025","0","@nazillymada @Hauptnnovae LUCUUU. Ide bagus! Nawa panggilan turun gunung ini.","1962049527944483316","","nazillymada","in","","0","0","0","https://x.com/undefined/status/1962049527944483316","1889979913253662720",
"1961749751973756967","Sun Aug 31 07:06:40 +0000 2025","0","@collegemfs ngga nder aku jg sempet healing main ke alam mendaki gunung jalan2 wkwk","1962049383090028723","","collegemfs","in","","0","0","0","https://x.com/undefined/status/1962049383090028723","1841626253268549634",
"1961801465066127764","Sun Aug 31 07:05:29 +0000 2025","0","@ayakaasayang gaada fitur carryAK STUCK DARI KAPAN DI CAMP3 GAJELAS RUH GUNUNG BLACKLIST AJA","1962049085592281303","","ayakaasayang","in","","0","1","0","https://x.com/undefined/status/1962049085592281303","1404748085209620481",
"1962049079086928091","Sun Aug 31 07:05:28 +0000 2025","0","Post igs naik gunung dluu biar stabil","1962049079086928091","","","in","","0","0","0","https://x.com/undefined/status/1962049079086928091","1246066397039321088",
"1962042995219615779","Sun Aug 31 07:04:42 +0000 2025","0","@chaasssie gunung abad brp ini masih ada yg main kah","1962048889189707962","","lostinjawa","in","","0","1","0","https://x.com/undefined/status/1962048889189707962","1919921968671076352",
"1962048655898358085","Sun Aug 31 07:03:47 +0000 2025","0","Jalan di Atas Punggung Pisau Di Chongqing Tiongkok ada jalan yang dibangun tepat di puncak gunung tipis menyerupai punggung pisau Ketinggiannya seribu delapan ratus meter dengan jurang enam ratus meter di kiri dan kanan bikin merinding. Kalau jatuh ya : Salam Satu Aspal. https://t.co/LHDusM10Te","1962048655898358085","https://pbs.twimg.com/ext_tw_video_thumb/1962048579058757632/pu/img/v5X-aHPjkK-LVN4a.jpg","","in","","0","0","0","https://x.com/undefined/status/1962048655898358085","828416659169775616",
"1962048617289855040","Sun Aug 31 07:03:38 +0000 2025","0","Cek SPEEDS Kursi Lipat Camping Kursi Lipat Outdoor Kursi Gunung Kursi Sauna Bangku Portable 031-13 dengan harga Rp58.650. Dapatkan di Shopee sekarang! https://t.co/eKQHXfeLWc https://t.co/jrNlYvUA89","1962048617289855040","https://pbs.twimg.com/media/GzqY0bKaIAEMl1G.jpg","","in","","0","0","0","https://x.com/undefined/status/1962048617289855040","1413362564843544577",
"1962015024391598429","Sun Aug 31 07:03:01 +0000 2025","0","@ziyuzhenq Udah siap trip gunung sama obba?","1962048463384031726","","ziyuzhenq","in","","0","0","0","https://x.com/undefined/status/1962048463384031726","944754003908354048",
"1962040179968946329","Sun Aug 31 07:00:59 +0000 2025","0","@IkytsuneI @babufess paling cuma upper sama underground sih kak kalo underground ada tanda lapisannya itu kayak yang udah ada. cuma kalo kayak adanya di kolong meja atau diatas gunung kt tdk tahu","1962047950114410542","","IkytsuneI","in","","0","0","0","https://x.com/undefined/status/1962047950114410542","1266342767443099648",
"1962047864076751258","Sun Aug 31 07:00:38 +0000 2025","0","Akhirnya menamatkan gunung sibuatan dan gunung atin. https://t.co/8aj5Hz1D8w","1962047864076751258","https://pbs.twimg.com/media/GzqYF07bEAAMAqn.jpg","","in","","0","1","0","https://x.com/undefined/status/1962047864076751258","844495821894647808",
"1962047774930968649","Sun Aug 31 07:00:17 +0000 2025","6","Disuruh cobain naik gunung muterin mall aja gue nyerah apalagi ini https://t.co/zPqcmA6RAr","1962047774930968649","https://pbs.twimg.com/media/GzqYCnjacAAkXPn.jpg","","in","","0","5","0","https://x.com/undefined/status/1962047774930968649","1554172530453123072",
"1962032492011250128","Sun Aug 31 06:59:40 +0000 2025","0","@Softthet1c Seruu kak bisa naik gunung mancing dan lain lain","1962047621104836753","","Softthet1c","in","","0","0","0","https://x.com/undefined/status/1962047621104836753","1011550655503261696",
"1962047414522851483","Sun Aug 31 06:58:51 +0000 2025","0","Bukan turun gunung lagi tapi bangkit dari alam kubur ","1962047414522851483","","","in","","0","0","0","https://x.com/undefined/status/1962047414522851483","1664502270166450176",
"1962047249204322375","Sun Aug 31 06:58:11 +0000 2025","0","Kata adek gua area gunung kidul agak rame ya? eh pls gw belom sempet balik","1962047249204322375","","","in","","0","0","0","https://x.com/undefined/status/1962047249204322375","1262941622133637120",
"1962030158619320358","Sun Aug 31 06:58:05 +0000 2025","0","@noterine mendaki gunung lewati lembah","1962047220494319981","","noterine","in","","0","1","0","https://x.com/undefined/status/1962047220494319981","1808428001425813504",
"1962046943863189548","Sun Aug 31 06:56:59 +0000 2025","0","Push gunung daun sampe 100","1962046943863189548","","","tl","","0","0","0","https://x.com/undefined/status/1962046943863189548","439481096",
"1962033403970330661","Sun Aug 31 06:56:26 +0000 2025","0","@heysephia__ Estetek tu yg mcm gunung daik bercabang dua ke?","1962046806973730928","","heysephia__","in","","0","1","0","https://x.com/undefined/status/1962046806973730928","1750047628711378944",
"1961987827526164792","Sun Aug 31 06:55:09 +0000 2025","0","@txtFromRoblox gunung stress aku cuma sampe cp 7","1962046481910882361","","txtFromRoblox","in","","0","1","0","https://x.com/undefined/status/1962046481910882361","1549159101682241536",
"1962028101212541301","Sun Aug 31 06:52:37 +0000 2025","0","@juicymalice gunung mana lg lice?","1962045846872285546","","juicymalice","tl","","0","1","0","https://x.com/undefined/status/1962045846872285546","1634593639010799616",
"1962008532032819508","Sun Aug 31 06:51:57 +0000 2025","1","@unclecminho Atau nggak naik gunung aja bareng fiersa","1962045677078552794","","unclecminho","in","","0","1","0","https://x.com/undefined/status/1962045677078552794","1362775372811571201",
"1962045657373626738","Sun Aug 31 06:51:52 +0000 2025","0","Gunung emas ada lautan luas sekali keindahan alam untuk wisata banyak hutan sebagai paru paru bumi ada orang pintar juga banyak tapi kenapa Indonesia gak bisa maju?","1962045657373626738","","","in","","0","0","0","https://x.com/undefined/status/1962045657373626738","298385571",
"1962045193013932099","Sun Aug 31 06:50:01 +0000 2025","0","Ada yang punya list map gunung rosblok ga?","1962045193013932099","","","in","","0","1","0","https://x.com/undefined/status/1962045193013932099","2589931452",
"1962045032380367024","Sun Aug 31 06:49:23 +0000 2025","0","Main di gunung wilis. https://t.co/fQT2BtepQk","1962045032380367024","https://pbs.twimg.com/media/GzqVjosbYAEEuDy.jpg","","in","","0","0","0","https://x.com/undefined/status/1962045032380367024","3141028785",
"1962044903137116650","Sun Aug 31 06:48:52 +0000 2025","0","Cek Jaket Gunung Carumby Monsoon Pria Wanita Unisex dengan harga Rp389.000. Dapatkan di Shopee sekarang! https://t.co/zMN236zn3v https://t.co/Oxzkxga6BN","1962044903137116650","https://pbs.twimg.com/media/GzqVcMKaUAACisl.jpg","","in","","0","0","0","https://x.com/undefined/status/1962044903137116650","1651075787561533440",
"1962042394679070812","Sun Aug 31 06:47:49 +0000 2025","0","@gumybae gunung apa","1962044637331476697","","gumybae","in","","0","1","0","https://x.com/undefined/status/1962044637331476697","1903322239908581376",
"1962039056088625580","Sun Aug 31 06:47:01 +0000 2025","0","@Opaaalls ahk ketempelan tapir gunung","1962044435778384189","","Opaaalls","in","","0","0","0","https://x.com/undefined/status/1962044435778384189","1194509261981663233",
"1961801465066127764","Sun Aug 31 06:46:44 +0000 2025","0","@ayakaasayang NOOOO KAMU JANGANN SAMPE KESANA RAMM CUKUP GUA AJA YANG GILA DI GUNUNG GAJELASSS ITUU UDAH 1 BULAN BTW BLOK SUMMIT","1962044364877930618","","ayakaasayang","in","","0","1","0","https://x.com/undefined/status/1962044364877930618","1404748085209620481",
"1961458726013157537","Sun Aug 31 06:44:56 +0000 2025","0","@g4zingthestar IYH ANJIRR GUNUNG GILA MANA GA SUMMIT LAGI KOCAGGG","1962043913776349427","","g4zingthestar","in","","0","1","0","https://x.com/undefined/status/1962043913776349427","1404748085209620481",
"1961867546300498427","Sun Aug 31 06:44:26 +0000 2025","0","@fukuace Ini baru beneran gunung enggak banyak babibu tangga-tangga menyebalkan. ","1962043788102451476","","fukuace","in","","0","1","0","https://x.com/undefined/status/1962043788102451476","782028295013445632",
"1962043423583813665","Sun Aug 31 06:42:59 +0000 2025","0","ih ya Allah gunung berapi benerrrr https://t.co/l9zDs1NXxs","1962043423583813665","https://pbs.twimg.com/amplify_video_thumb/1962040301771706370/img/aAa03O5OZHhxk7yS.jpg","","in","","0","0","0","https://x.com/undefined/status/1962043423583813665","1260976860583702529",
"1962038450766610821","Sun Aug 31 06:42:30 +0000 2025","1","@dipperhein Aku daerah gunung putri bogor","1962043298828439638","","dipperhein","in","","0","0","0","https://x.com/undefined/status/1962043298828439638","1493947625921744899",
"1962042693506543708","Sun Aug 31 06:40:05 +0000 2025","0","wkwkwkwkw gue di deketin dibaperin personal supaya map mereka rame lagi biar byk yg mampir doang. padahal gue baru beli pole? untung ga jdi beli vip ya karna emg jarang push gunung udh skrg. kacau dah wkwkwkw","1962042693506543708","","","in","","0","0","0","https://x.com/undefined/status/1962042693506543708","1479256033465798657",
"1961363224169005151","Sun Aug 31 06:39:29 +0000 2025","0","@intaaq ehh ada yang ultah nih ya? melet-melet terus gini jujur deh coba kamu bukan ikan kan?!?!? SIAP melewati lembah gunung danau laut sungai samudera semuanya siap! kalo pake umpan daging sapi kira-kira oke ga?","1962042541391659031","","intaaq","in","","0","0","0","https://x.com/undefined/status/1962042541391659031","1705081333721231360",
"1962042479416611170","Sun Aug 31 06:39:14 +0000 2025","0","capek banget naik gunung tiap hari https://t.co/BcZi3vsZRT","1962042479416611170","https://pbs.twimg.com/media/GzqTO4ha8AAIOxz.jpg","","in","","0","0","0","https://x.com/undefined/status/1962042479416611170","47571262",
"1962041095191437460","Sun Aug 31 06:33:44 +0000 2025","0","Selamat pagi @pln_123 mohon bantuannya wilayah wanaherang kec gunung putri kab bogor mati lampu karena apa ya mohon responnya","1962041095191437460","","","in","","0","2","1","https://x.com/undefined/status/1962041095191437460","70986898",
"1961710196637741124","Sun Aug 31 06:32:58 +0000 2025","0","@Baltonara Bagus gunung oayung sepi","1962040901750137257","","Baltonara","in","","0","1","0","https://x.com/undefined/status/1962040901750137257","1361903938715348993",
"1962040460563902886","Sun Aug 31 06:31:13 +0000 2025","0","hari ini udah summit brp gunung ya","1962040460563902886","","","in","","0","0","0","https://x.com/undefined/status/1962040460563902886","1362955209819844610",
"1961615594178187702","Sun Aug 31 06:30:44 +0000 2025","0","Gunung Sekte https://t.co/mfe1V99t7j","1962040340657102894","","dynamitxe","in","","0","1","0","https://x.com/undefined/status/1962040340657102894","1297040465489833985",
"1962040214098219111","Sun Aug 31 06:30:14 +0000 2025","0","Pngen muncak gunung jawir tp wifi ga stabil mulu anjir ak mw ngikutin jejak bg windut.. ","1962040214098219111","","","in","","0","0","0","https://x.com/undefined/status/1962040214098219111","1454176159",
"1962040207995490742","Sun Aug 31 06:30:13 +0000 2025","0","lagi iseng main gunung di roblox nemu tanda-tanda ini https://t.co/9y9ukUZ4WL","1962040207995490742","https://pbs.twimg.com/media/GzqRKcXbwAAotUo.jpg","","in","","0","1","0","https://x.com/undefined/status/1962040207995490742","1589087061466025984",
"1962040007813960181","Sun Aug 31 06:30:04 +0000 2025","0","YANG DIAJAK GA PERNAH NAIK GUNUNG DAN GA PERNAH OLAHRAGA ","1962040171282718776","","rainydeyz","in","","0","0","0","https://x.com/undefined/status/1962040171282718776","1014854794995908608",
"1962040086247383225","Sun Aug 31 06:29:44 +0000 2025","0","menamatkan gunung penuh ritual (orang dan pocong dibakar) https://t.co/B5JN2DVCby","1962040086247383225","https://pbs.twimg.com/amplify_video_thumb/1962040026042400768/img/WeGYGwSstiHEF7zF.jpg","","in","","0","0","0","https://x.com/undefined/status/1962040086247383225","1855916681593597952",
"1962040007813960181","Sun Aug 31 06:29:25 +0000 2025","0","BAYANGIN DIAJAK TEKTOK KE GUNUNG YG JALANNYA LUMAYAN EKSTREM","1962040007813960181","","","in","","0","1","0","https://x.com/undefined/status/1962040007813960181","1014854794995908608",
"1962039744994607526","Sun Aug 31 06:29:24 +0000 2025","0","@brotherhomies69 abis semedi di gunung kawi","1962040003045023896","","brotherhomies69","in","","0","1","0","https://x.com/undefined/status/1962040003045023896","1286219318707933186",
"1961615594178187702","Sun Aug 31 06:28:43 +0000 2025","0","Gunung Yahayuk https://t.co/aNw5sgOutg","1962039831477018771","","dynamitxe","in","","0","1","0","https://x.com/undefined/status/1962039831477018771","1297040465489833985",
"1961615594178187702","Sun Aug 31 06:28:17 +0000 2025","0","Gunung Sibayak https://t.co/f0v9j6Xyj0","1962039721703657548","","dynamitxe","in","","0","1","0","https://x.com/undefined/status/1962039721703657548","1297040465489833985",
"1962023833650561224","Sun Aug 31 06:26:31 +0000 2025","0","@calicoocat Kalo gunung coba eden kak kalo map lain buat foto aja ada ini aquarium date https://t.co/lpG7IxqYAG","1962039276805529978","https://pbs.twimg.com/media/GzqQUmxaoAAbnON.jpg","calicoocat","in","","0","0","0","https://x.com/undefined/status/1962039276805529978","1437984189257637890",
"1962039265275310435","Sun Aug 31 06:26:28 +0000 2025","0","mau lanjutin thread mendaki gunung yg udah aku lalui","1962039265275310435","","","in","","0","1","0","https://x.com/undefined/status/1962039265275310435","1297040465489833985",
"1962038784687743026","Sun Aug 31 06:24:33 +0000 2025","0","gunung di roblok makin banyak temen muncak itu itu aja","1962038784687743026","","","in","","0","1","0","https://x.com/undefined/status/1962038784687743026","3167213995",
"1962038488028823572","Sun Aug 31 06:23:23 +0000 2025","0","masa sampe naik gunung SEREM BGT","1962038488028823572","","","in","","0","0","0","https://x.com/undefined/status/1962038488028823572","1388988409159380993",
"1962011241662075256","Sun Aug 31 06:22:24 +0000 2025","0","@worksfess Masih WFO belum ada pengumuman rumah cililitan kantor gunung sahari aman lah yaa?","1962038243366695240","","worksfess","in","","0","0","0","https://x.com/undefined/status/1962038243366695240","1530071972922527745",
"1961987827526164792","Sun Aug 31 06:21:55 +0000 2025","0","@txtFromRoblox Gunung stress ajg","1962038119160836267","","txtFromRoblox","in","","0","0","0","https://x.com/undefined/status/1962038119160836267","852537598664785920",
"1962017017390567542","Sun Aug 31 05:20:15 +0000 2025","0","@roblox_fess gunung apa... kalo atin apa sibuatan mah skip aku aja atin digendong","1962022602408600046","","roblox_fess","in","","0","0","0","https://x.com/undefined/status/1962022602408600046","1144557664367591424",
"1962022573409276096","Sun Aug 31 05:20:08 +0000 2025","27","smpe hantu aj trun gunung ajgggg gegara pmrintah","1962022573409276096","","","in","","0","0","0","https://x.com/undefined/status/1962022573409276096","1272137549272608768",
"1962022383075905731","Sun Aug 31 05:19:23 +0000 2025","0","ampun ya Alloh cocobi rakyat indonesia meuni kieu kieu teuing. tumbuh kembang di daerah ring of fire nu bisa tbtb gunung meletus gempa tsunami di tambah pejabat aparat na jadi bencana oge kudu sasabar kumaha ieu Ya Alloh ujian dan cobaan meuni ripuh kieu Ya Alloh.","1962022383075905731","","","in","","0","0","0","https://x.com/undefined/status/1962022383075905731","1749674271037956098",
"1962013109247242696","Sun Aug 31 05:18:58 +0000 2025","0","@roblox_fess Aku kemarin beli dengan sangat impulsif untuk foto di gunung wkwk cakep sih buat anakku","1962022280399360291","","roblox_fess","in","","0","0","0","https://x.com/undefined/status/1962022280399360291","3294338857",
"1962002304540045694","Sun Aug 31 05:18:44 +0000 2025","0","@userntfndguys gunung ckptw :(","1962022221607772303","","userntfndguys","tl","","0","0","0","https://x.com/undefined/status/1962022221607772303","1636684664256745474",
"1962022045996507412","Sun Aug 31 05:18:03 +0000 2025","0","gunung asw aja ini hrusna https://t.co/0kdWRC6MIV","1962022045996507412","https://pbs.twimg.com/media/GzqApVKa8AAtnLB.jpg","","in","","0","0","0","https://x.com/undefined/status/1962022045996507412","1650770107252215808",
"1961987566502306260","Sun Aug 31 05:17:55 +0000 2025","0","@ballerineas @Jaxan ini gunung apa namanya lupa","1962022016200093822","","ballerineas","in","","0","1","0","https://x.com/undefined/status/1962022016200093822","1727007058397114368",
"1962021996465651842","Sun Aug 31 05:17:51 +0000 2025","0","Hendardi menyebut konflik anggota TNI dan Polri [di Tarakan] sebagai bentuk jiwa korsa yang keliru. SETARA Institute mencatat tidak kurang dari 37 konflik dan ketegangan antara anggota TNI-Polri itu terjadi di pada 2014-2024. Ini fenomena gunung es. https://t.co/ngD3xAW10n","1962021998906794138","","politikana","in","","0","0","0","https://x.com/undefined/status/1962021998906794138","18660644",
"1962021924378481086","Sun Aug 31 05:17:34 +0000 2025","0","perjalanan gw menjadi dewa gunung gunung jawa","1962021924378481086","","","in","","0","1","0","https://x.com/undefined/status/1962021924378481086","3168854983",
"1962021857940717609","Sun Aug 31 05:17:18 +0000 2025","0","Siapa mau ikut ke gunung akhirat cungg","1962021857940717609","","","in","","0","7","0","https://x.com/undefined/status/1962021857940717609","4851845236",
"1962016764717600983","Sun Aug 31 05:16:59 +0000 2025","0","@dikiraeasy Embee ee ee Is to Emoo oon It's time untuk Kambing Bulan Bukan Kambing Gunung Lagi. @GOATS_immortal","1962021778248831474","","dikiraeasy","in","","0","0","0","https://x.com/undefined/status/1962021778248831474","1831338470562017280",
"1962016072959402309","Sun Aug 31 05:15:51 +0000 2025","0","@faIaenofili @submergeez Abang baru bgt turun gunung masa diginiin dek demi ungger dah","1962021494512640387","","faIaenofili","in","","0","1","0","https://x.com/undefined/status/1962021494512640387","927949341041369088",
"1961421445537689762","Sun Aug 31 05:15:23 +0000 2025","0","@wizter Opennya carry gunung.","1962021377701273677","","wizter","in","","0","0","0","https://x.com/undefined/status/1962021377701273677","1330471294270226433",
"1962021214983266477","Sun Aug 31 05:14:44 +0000 2025","7","Masih memantau istri anggota dewan yg gue kenal terhitung detik ini masih tone deaf kemarin naik gunung dan post konten yg pulici ga punya pilihan untuk bertugas Uang haram memang mengalir sampai ke darah dan otak ya wkwkw","1962021214983266477","","","in","","0","0","1","https://x.com/undefined/status/1962021214983266477","1530534346079498240",
"1962020616787407144","Sun Aug 31 05:12:22 +0000 2025","2","Gojek mana anj yg make sepatu buat naik gunung harga jutaan begitu gblk bgt","1962020616787407144","","","in","","0","1","0","https://x.com/undefined/status/1962020616787407144","797067243418959873",
"1961964641023881312","Sun Aug 31 05:10:33 +0000 2025","0","@faynilate @aylafyou Gunung mana lg yg harus kita pijaki","1962020161474756642","","faynilate","in","","0","1","0","https://x.com/undefined/status/1962020161474756642","806667853935951872",
"1962016605610869173","Sun Aug 31 05:10:09 +0000 2025","0","@ryns13 @agv48 naek gunung batu - st hall","1962020059532136593","","ryns13","in","","0","1","0","https://x.com/undefined/status/1962020059532136593","151341728",
"1962019864463413726","Sun Aug 31 05:09:22 +0000 2025","2","welkambekkk queen serena!!! ratu chungmuro turun gunung pantes yejin sampe nangis bgt huhu","1962019864463413726","","","in","","0","0","0","https://x.com/undefined/status/1962019864463413726","897819927414833153",
"1961988018690249014","Sun Aug 31 05:09:20 +0000 2025","0","@sxgana kak ayo naik gunung","1962019855869374690","","sxgana","in","","0","1","0","https://x.com/undefined/status/1962019855869374690","1930216945120649216",
"1962019705490944195","Sun Aug 31 05:08:45 +0000 2025","0","tawarin apapun itu buat naik gunung pliss","1962019705490944195","","","in","","0","7","0","https://x.com/undefined/status/1962019705490944195","1369985612250451969",
"1962016605610869173","Sun Aug 31 05:06:26 +0000 2025","0","@L8uei @agv48 naik gunung ga nanti?","1962019125804581200","","L8uei","in","","0","1","0","https://x.com/undefined/status/1962019125804581200","70055710",
"1961738201132835318","Sun Aug 31 05:06:19 +0000 2025","0","@kampungphilos Kirain jembatan kek di map gunung rosblok ","1962019096817799511","","kampungphilos","in","","0","0","0","https://x.com/undefined/status/1962019096817799511","1014830807070924800",
"1962012539501662553","Sun Aug 31 05:06:10 +0000 2025","0","@sincerelypoem Di map mana itu Melati? Bentar lg abang Rengoku turun gunung","1962019059299741993","","sincerelypoem","in","","0","1","0","https://x.com/undefined/status/1962019059299741993","927949341041369088",
"1962018660723384820","Sun Aug 31 05:04:35 +0000 2025","7","Ada Mat Nasior woi! Baik korunk pergi. Minta dia nyanyi Gurindam Gunung Tahan satu","1962018660723384820","","","in","","0","1","1","https://x.com/undefined/status/1962018660723384820","1039436250258665472",
"1962017017390567542","Sun Aug 31 05:04:12 +0000 2025","0","@roblox_fess gunung apaaa duluuuu ‍️","1962018563096735991","","roblox_fess","in","","0","0","0","https://x.com/undefined/status/1962018563096735991","1906928893241802753",
"1962018311195308137","Sun Aug 31 05:03:12 +0000 2025","0","Sumpah aku bangga banget udah mulai terbiasa lompat-lompat di tangga aku bisa sampe pos 3 tanpa jatoh di gunung atin. Terus nyampe sini jatoh wkwkwk gapapa aku udah keren. Nanti lagi mainnya https://t.co/Xs3QPYo19f","1962018311195308137","https://pbs.twimg.com/media/Gzp9QWeb0AA_bh_.jpg","","in","","0","0","0","https://x.com/undefined/status/1962018311195308137","513950896",
"1961468271687041164","Sun Aug 31 05:01:53 +0000 2025","0","@IndoPopBase Gunung sendang","1962017981569147314","","IndoPopBase","in","","0","0","0","https://x.com/undefined/status/1962017981569147314","1599662107368513536",
"1961793740454199321","Sun Aug 31 05:01:43 +0000 2025","0","@MiawIady Main yang rame aja sih pas online kalau gabisa lewat lewat ya ganti gunung hehehe","1962017936287412353","","MiawIady","in","","0","0","0","https://x.com/undefined/status/1962017936287412353","1945546269528920065",
"1962017017390567542","Sun Aug 31 05:01:14 +0000 2025","0","@roblox_fess ak g jago naik gunung tp tmen2ku jago ayo kita brteman trs naik gunung brsama dan digendong tman2ku awokwkwk","1962017816447680785","","roblox_fess","in","","0","0","0","https://x.com/undefined/status/1962017816447680785","764628032170536960",
"1962016588326117488","Sun Aug 31 05:00:14 +0000 2025","0","Waktu kejebak di Lombok pas gunung di Bali erupsi keluarga gue khawatirnya ga kayak hari ini.","1962017562272911609","","sogeumihada","in","","0","1","0","https://x.com/undefined/status/1962017562272911609","1450974286710132744",
"1962017017390567542","Sun Aug 31 05:00:05 +0000 2025","0","@roblox_fess gunung ap nder?..","1962017528399741362","","roblox_fess","in","","0","0","0","https://x.com/undefined/status/1962017528399741362","1949226945281224704",
"1961981926841192702","Sun Aug 31 04:59:08 +0000 2025","0","@callme_m4r14 Okeh..... Ngotewe..... Biar di atas gunung pun....","1962017286719762533","","callme_m4r14","in","","0","1","0","https://x.com/undefined/status/1962017286719762533","1027756766270902272",
"1962013320984383840","Sun Aug 31 04:59:01 +0000 2025","0","@kegblgnunfaedh biar ga dikira settingan kah?","1962017258580185247","","kegblgnunfaedh","in","","0","0","0","https://x.com/undefined/status/1962017258580185247","186037399",
"1962016863279591811","Sun Aug 31 04:57:27 +0000 2025","0","ngajarin pemula roblox mendaki gunung padahal gw aja ga pernah summit dimanapun https://t.co/YT0zXID8WU","1962016863279591811","https://pbs.twimg.com/media/Gzp7jKRbMAAamOG.png","","in","","1","0","0","https://x.com/undefined/status/1962016863279591811","1501204069192454146",
"1961962902648397969","Sun Aug 31 04:55:22 +0000 2025","2","@v4nc1_b0zz @djaya42 @JonTukrat @Johnytruee @jannahseeker99 @Louis_chantika @4d3_4j4 @JHPrabowo_on_X @MisdiPriansyah4 @JurdilNdasMu @miladewy @YasmineMirzha @_Haris_Srg @hatinurani8842 @owireborn @ownerradikal1 Bungkus bahaya nih kalau lucunya Luna udah turun gunung https://t.co/vVOuV3L9BR","1962016340019183757","https://pbs.twimg.com/ext_tw_video_thumb/1962016210939469824/pu/img/z29XCFotE0rlCb3B.jpg","v4nc1_b0zz","in","","0","0","1","https://x.com/undefined/status/1962016340019183757","1605859899183099904",
"1962016252106535166","Sun Aug 31 04:55:01 +0000 2025","0","siapa yg ngide bikin tangga di cp 9 gunung akhirat ada anginnya","1962016252106535166","","","in","","0","1","0","https://x.com/undefined/status/1962016252106535166","845420940229947392",
"1961976080048210087","Sun Aug 31 04:54:45 +0000 2025","0","@roblox_fess ayooo summit gunung bareng aku @/shenin4e_3","1962016185199030327","","roblox_fess","tl","","0","0","0","https://x.com/undefined/status/1962016185199030327","1945003245233168386",
"1958491809329320093","Sun Aug 31 04:54:20 +0000 2025","0","@Lyeeseo WKWKWKWK gak papa banget dong! nanti aku yang bagian ngetawain ya jadi udah summit berapa gunung dede?? eumm gimana ya cara jawabnya. . .","1962016077761921449","","Lyeeseo","in","","0","0","0","https://x.com/undefined/status/1962016077761921449","1265394317566242816",
"1962013737180926046","Sun Aug 31 04:54:17 +0000 2025","0","@mowwiy gunung kwntut","1962016066001137735","","mowwiy","in","","0","1","0","https://x.com/undefined/status/1962016066001137735","1744084294270869504",
"1962016015694303467","Sun Aug 31 04:54:05 +0000 2025","138","!roblox jangan lupa mampir ke Gunung Babeh yaa dia grafiknya bagus banget + treknya luar biasa dicoba yaa https://t.co/JVvIaEy10y","1962016015694303467","https://pbs.twimg.com/media/Gzp7KsyW0AAtse_.jpg","","in","","2","12","5","https://x.com/undefined/status/1962016015694303467","1903872646678470656",
"1962015988075094491","Sun Aug 31 04:53:58 +0000 2025","0","Gunung jabar https://t.co/eQrBOzBmaH","1962015988075094491","https://pbs.twimg.com/media/Gzp7JA6bEAAtgvm.jpg","","in","","0","1","0","https://x.com/undefined/status/1962015988075094491","119362688",
"1962015804301680762","Sun Aug 31 04:53:14 +0000 2025","0","Apalah isi CA gue cuma pamerin mendaki gunung w pacar","1962015804301680762","","","in","","0","0","0","https://x.com/undefined/status/1962015804301680762","1643571250856607744",
"1962015669912006838","Sun Aug 31 04:52:42 +0000 2025","11","Gunung yang indah #NuNew #ukhti https://t.co/Uqd5mrbmS7","1962015669912006838","https://pbs.twimg.com/media/Gzp62qNbgAABOxQ.jpg","","in","","0","2","3","https://x.com/undefined/status/1962015669912006838","1355444415033077763",
"1961987827526164792","Sun Aug 31 04:52:34 +0000 2025","0","@txtFromRoblox gunung ga ngotak gw stuck cp 12","1962015635443233055","","txtFromRoblox","in","","0","0","0","https://x.com/undefined/status/1962015635443233055","1193351742848552961",
"1962015616552124554","Sun Aug 31 04:52:30 +0000 2025","0","lowkey pengen naik gunung tapi takut disangka fomo https://t.co/5vRLdSCZJQ","1962015616552124554","https://pbs.twimg.com/tweet_video_thumb/Gzp6zHNaYAAgtzb.jpg","","in","","0","0","0","https://x.com/undefined/status/1962015616552124554","1068505635531026432",
"1962015604749275199","Sun Aug 31 04:52:27 +0000 2025","0","plis lah among us udah ga jaman pak mending main roblox aja lah kita naik gunung","1962015604749275199","","","in","","0","0","0","https://x.com/undefined/status/1962015604749275199","1831315642823397377",
"1962009673370161392","Sun Aug 31 04:48:41 +0000 2025","0","@liann_1112 @recallnet gunung apa -_-","1962014656060641536","","liann_1112","in","","0","0","0","https://x.com/undefined/status/1962014656060641536","1592210015426748416",
"1961870967182864665","Sun Aug 31 04:48:17 +0000 2025","0","@roblox_fess adalah gue tiap main map gunung tapi solo","1962014559008657657","","roblox_fess","in","","0","0","0","https://x.com/undefined/status/1962014559008657657","2653367629",
"1961998979744596224","Sun Aug 31 04:48:07 +0000 2025","0","@Fruitionary @Hauptnnovae Abang udh turun gunung","1962014513106133453","","Fruitionary","in","","0","1","0","https://x.com/undefined/status/1962014513106133453","927949341041369088",
"1962014388308881766","Sun Aug 31 04:47:37 +0000 2025","0","Aman hari ini libur demo karena kecapean 2 hari 2 malem bahkan ada yg dari tanggal 25 agustus. September bisa jadi turun gunung lagi. Bebasin aja massa aksi yg ditangkep diseluruh wilayah indonesia biar mereda situasi dan kondisi.","1962014388308881766","","","in","","0","0","1","https://x.com/undefined/status/1962014388308881766","1594274770568482816",
"1962014343383720021","Sun Aug 31 04:47:26 +0000 2025","0","Diem dikit langsung ada di kaki gunung https://t.co/qpsxGvKCiy","1962014343383720021","https://pbs.twimg.com/media/Gzp5oHvaAAAbk_T.jpg","","in","","1","1","0","https://x.com/undefined/status/1962014343383720021","1422556323145818118",
"1959882297748205739","Sun Aug 31 04:44:39 +0000 2025","0","@OHMYV3NUS Kalau punya #GalaxyZFlip7 aku bakal bawa hiking ke gunung aman dari debu dan cipratan air ️ #ItsTimeToUnfold #ExploreGalaxyWay","1962013642129657924","","OHMYV3NUS","in","","0","0","0","https://x.com/undefined/status/1962013642129657924","1910247531650686976",
"1962009673370161392","Sun Aug 31 04:42:15 +0000 2025","1","@reyfourteen_ @recallnet GM Naik gunung aja ","1962013039290724547","","hrtlssxbt","in","","0","1","0","https://x.com/undefined/status/1962013039290724547","1875551819927355392",
"1961760676244004983","Sun Aug 31 04:42:07 +0000 2025","0","@SINFERNOsub NGAKAKA WOY ayo aku temenin gunung fav ku :V","1962013005346209871","","SINFERNOsub","in","","0","1","0","https://x.com/undefined/status/1962013005346209871","1714236055",
"1962011879490097656","Sun Aug 31 04:37:39 +0000 2025","1","Tiba-tiba join. Terima kasih telah menemani bebek summit Gunung Jawa! @apaajawehhgh https://t.co/BHcDDT2Z8z","1962011879490097656","https://pbs.twimg.com/media/Gzp3WCtboAAwEhn.jpg","","in","","0","1","0","https://x.com/undefined/status/1962011879490097656","1347343320490463232",
"1962011387133411664","Sun Aug 31 04:35:41 +0000 2025","1","Bertemu random persona yg pengen futu ku ajak lah beuh ternyata bagusss gess.. cubak gunung enih https://t.co/iNf3XPSblY","1962011387133411664","https://pbs.twimg.com/media/Gzp281kaEAEeke5.jpg","","in","","0","0","0","https://x.com/undefined/status/1962011387133411664","100951283",
"1961853159728656459","Sun Aug 31 04:34:34 +0000 2025","0","@infosurabaya Gunung sendang 🇲🇨🇲🇨","1962011106442129675","","infosurabaya","in","","0","0","0","https://x.com/undefined/status/1962011106442129675","1599662107368513536",
"1961992137228366203","Sun Aug 31 04:34:02 +0000 2025","0","@Resty_J_Cayah @prabowo @ListyoSigitP @jokowi Jajang @Resty_J_Cayah kalah sdh turun gunung bakalan rame nih time line.... ","1962010970278285572","","RestyeCayah","in","","0","0","0","https://x.com/undefined/status/1962010970278285572","1298810306550849542",
"1962010356467077244","Sun Aug 31 04:32:14 +0000 2025","0","@urwhiskyyy Gunung","1962010518446891238","","urwhiskyyy","in","","0","0","0","https://x.com/undefined/status/1962010518446891238","1104806332866023424",
"1962010243220873329","Sun Aug 31 04:31:09 +0000 2025","1","Aku di roblox naij gunung aja pake endera jepang ga mau ngaku kalo orang Indo https://t.co/kWpHLxgDZZ","1962010243220873329","https://pbs.twimg.com/media/Gzp16ezagAA6ds3.jpg","","in","","0","0","0","https://x.com/undefined/status/1962010243220873329","1641419539828330496",
"1962009397875679414","Sun Aug 31 04:27:47 +0000 2025","0","Selamat datang kembali Kontingen Kabupaten Sleman dalam ajang PEPARDA IV Tahun 2025 di Kabupaten Gunung Kidul Terimakasih atas perjuangannya!!! #disporasleman #olahragajaya #pemudamaju #pepardadiy2025 https://t.co/yvLB3rUwwI","1962009397875679414","https://pbs.twimg.com/amplify_video_thumb/1962008564064776193/img/FVrx53drHZrONm5E.jpg","","in","","0","0","0","https://x.com/undefined/status/1962009397875679414","1171642314835603459",
"1962008188619812874","Sun Aug 31 04:26:11 +0000 2025","15","Orang Eropa hanya 0.4% populasi orang Indonesia 97.4% sisanya Cina Arab India dll. Orang Eropa hidup dalam gelembung apartheid. Terpisah sama sekali dengan realita. Mereka hidup dalam kluster2 komplek nongkrong di klub eksklusif liburan di villa2 di gunung.","1962008996820214250","","malikarrahiem","in","","0","1","3","https://x.com/undefined/status/1962008996820214250","47891751",
"1961981020468617466","Sun Aug 31 04:25:39 +0000 2025","0","@roblox_fess Xixiix ayo gaes nnti aku ajak muncak di gunung Seulawah Agam https://t.co/p7pyFnETZs","1962008859956146424","https://pbs.twimg.com/media/Gzp0puVboAAypaL.jpg","roblox_fess","in","","0","0","0","https://x.com/undefined/status/1962008859956146424","1259946720701509632",
"1961975288663056412","Sun Aug 31 04:23:20 +0000 2025","0","@txtdrjkt Lisa &amp; Lucita sdh turun gunung keadaan sedang genting ","1962008277958684676","","txtdrjkt","in","","0","0","0","https://x.com/undefined/status/1962008277958684676","2491510472",
"1961713616391901582","Sun Aug 31 04:23:02 +0000 2025","3","@roblox_fess Pernah kak tapi bedaa aku ngga sengaja on mic di gunung Seulawah pagi pagi sambil ngopi sambil dengerin lagu indiaa trus ada sepasang muda mudi ngeceplos pagi pagi dah dengerin India pasti dah tua aku balesin kalo dengerin suaramu sembelit kak ","1962008201622380972","","roblox_fess","in","","0","0","0","https://x.com/undefined/status/1962008201622380972","1259946720701509632",
"1962008101504294988","Sun Aug 31 04:22:38 +0000 2025","0","Orng kita lagi menantikan yilibg laozu turun gunung","1962008101504294988","","","in","","0","0","0","https://x.com/undefined/status/1962008101504294988","1547199770825224192",
"1962007292364439914","Sun Aug 31 04:19:25 +0000 2025","0","yang lagi nyari kos putri di padang daerah gunung pangilun boleh DM aja ya","1962007292364439914","","","in","","0","0","0","https://x.com/undefined/status/1962007292364439914","1364226945832026115",
"1961978498408489335","Sun Aug 31 04:19:09 +0000 2025","0","@TirtoID Knp tidak tiadakan P3K Paruh waktu Bu langsung full waktu aja.","1962007224718672186","","TirtoID","in","","0","0","0","https://x.com/undefined/status/1962007224718672186","705413311",
"1962007142992629945","Sun Aug 31 04:18:49 +0000 2025","0","Bahkan gunung pun naik apabila Allah memerintahkan. Lelaki pun boleh. Muhammad Qasim","1962007142992629945","","","in","","0","0","0","https://x.com/undefined/status/1962007142992629945","3109484630",
"1961985305520812347","Sun Aug 31 04:18:19 +0000 2025","0","@hazmi_ash Nah kita dikampung LG persiapan mau maulid nabi.","1962007015309635833","","hazmi_ash","in","","0","0","0","https://x.com/undefined/status/1962007015309635833","705413311",
"1962002751031857268","Sun Aug 31 04:17:49 +0000 2025","0","@roblox_fess aku nder! semua gunung akan aku daki meskipun kadang butuh carry","1962006891074314533","","roblox_fess","in","","0","0","0","https://x.com/undefined/status/1962006891074314533","1306570813592674304",
"1962005040316743758","Sun Aug 31 04:13:07 +0000 2025","0","@soangliar @CHAEYfolk Aku kesal ga bisa-bisa lewatin jembatan tipisnya... Dan sempat kesasar.. trauma naik gunung(?)","1962005706707755516","","dmsMAYAY","in","","0","1","0","https://x.com/undefined/status/1962005706707755516","1446531657629003777",
"1962005313034555820","Sun Aug 31 04:11:33 +0000 2025","1","Pendaki Tewas di Gunung Pangrango Sempat Pingsan di Tenda https://t.co/ekk3rPjKfI","1962005313034555820","","","in","","0","0","0","https://x.com/undefined/status/1962005313034555820","240113510",
"1959882297748205739","Sun Aug 31 04:11:26 +0000 2025","0","@OHMYV3NUS Aku bakal bawa Galaxy Z Flip 7 camping di gunung karena IP48 Water &amp; Dust Resistance bikin hp ini kuat debu &amp; tahan air #GalaxyZFlip7 #ItsTimeToUnfold #ExploreGalaxyWay","1962005281317290370","","OHMYV3NUS","in","","0","0","0","https://x.com/undefined/status/1962005281317290370","1849409335606321152",
"1962005092359692744","Sun Aug 31 04:10:40 +0000 2025","0","Yg di uin sgd (sunan gunung djati bandung) hati hati ya","1962005092359692744","","","in","","0","0","0","https://x.com/undefined/status/1962005092359692744","1284034624855760897",
"1962005040316743758","Sun Aug 31 04:10:28 +0000 2025","0","kangen gunung daun deh","1962005040316743758","","","in","","0","4","0","https://x.com/undefined/status/1962005040316743758","758179455135322115",
"1961925641248616850","Sun Aug 31 04:10:23 +0000 2025","0","@eliozanquen happy birthday ell si akamsi gunung rosblok","1962005021073228128","","eliozanquen","tl","","0","1","0","https://x.com/undefined/status/1962005021073228128","584911857",
"1961662487994273915","Sun Aug 31 04:08:07 +0000 2025","0","@nattvers Gunung apa emng?","1962004446717821260","","nattvers","in","","0","0","0","https://x.com/undefined/status/1962004446717821260","1289563787557707777",
"1962003756738031744","Sun Aug 31 04:05:22 +0000 2025","0","Pulanh naik gunung liat emyu menang","1962003756738031744","","","in","","0","0","0","https://x.com/undefined/status/1962003756738031744","1295493513866391554",
"1961685231796425141","Sun Aug 31 04:05:18 +0000 2025","0","@for_melll di gunung batu ada harimau bgini juga yh??","1962003738685833701","","for_melll","in","","0","0","0","https://x.com/undefined/status/1962003738685833701","1786019160067395584",
"1961987827526164792","Sun Aug 31 03:46:40 +0000 2025","0","@txtFromRoblox NOOO KENAPA GUNUNG ATIN","1961999050569621777","","txtFromRoblox","tl","","0","0","0","https://x.com/undefined/status/1961999050569621777","1407865881896521731",
"1961850046808220084","Sun Aug 31 03:43:31 +0000 2025","3","@yappingfess gua juga turun gunung untuk log in kembali di Instagram","1961998259146392009","","yappingfess","in","","0","0","0","https://x.com/undefined/status/1961998259146392009","1398283893631897600",
"1961628378899136827","Sun Aug 31 03:43:00 +0000 2025","0","@jjhwonu Dan berangkat ke sekolah naik turun gunung lewati sungai deras dan bergantung di tali jembatan masih terjadi di 2025‍","1961998128271544538","","jjhwonu","in","","0","0","0","https://x.com/undefined/status/1961998128271544538","1100328142097461249",
"1961997250005197146","Sun Aug 31 03:42:36 +0000 2025","0","@Tan_Mar3M Dan rumah lumut jg","1961998025116819835","","Tan_Mar3M","in","","0","0","0","https://x.com/undefined/status/1961998025116819835","1701624074877984768",
"1961997844719800492","Sun Aug 31 03:41:52 +0000 2025","0","jagoan lah setengah jam dua gunung https://t.co/NAOXPSPLqM","1961997844719800492","https://pbs.twimg.com/media/Gzpqo0da8AAuZpc.jpg","","in","","0","0","0","https://x.com/undefined/status/1961997844719800492","760198885163884544",
"1961997826629796194","Sun Aug 31 03:41:48 +0000 2025","0","Disaat demo besar Gie sadar. Menggulingkan pemerintah menghasilkan monster baru karena akan diamabil alih abri. Dititik itu dia mengasingkan diri dan naik gunung. Dan benar saja setelah pemerintah guling periode berikutnya negara dikuasai militer berpuluh tahun hingga 98.","1961997826629796194","","","in","","0","0","0","https://x.com/undefined/status/1961997826629796194","468231167",
"1961997645154754654","Sun Aug 31 03:41:05 +0000 2025","1","heeeengfy bangeeet pagi ini summit 2 gunung caantik bareng temen baruuu! ketemuuu dia di hanami terus ternyata orang luar yaang lgg nyobain gunung indo. abis ituuu diajak lagi keee konohaa ___ https://t.co/UKKcK2og00","1961997645154754654","https://pbs.twimg.com/media/GzpqCJob0AAf1H6.jpg","","in","","0","0","0","https://x.com/undefined/status/1961997645154754654","1906928893241802753",
"1961997541488402808","Sun Aug 31 03:40:40 +0000 2025","48","Penghuni gunung kawi abis nonton https://t.co/hqPF75ozFH nya @pandji langsung gas ke garut.","1961997541488402808","","","in","","0","0","13","https://x.com/undefined/status/1961997541488402808","445524366",
"1961699146118922351","Sun Aug 31 03:40:06 +0000 2025","0","@Mdy_Asmara1701 Sampe fajar aje turun gunung jir","1961997397749543298","","Mdy_Asmara1701","in","","0","0","0","https://x.com/undefined/status/1961997397749543298","1181741270554705920",
"1961997312332648458","Sun Aug 31 03:39:46 +0000 2025","0","Udah sampe di tahap summit gunung digodain blonde ‍️ https://t.co/O7udPZCV8u","1961997312332648458","https://pbs.twimg.com/media/GzpqKCraIAAiTkn.jpg","","in","","0","0","0","https://x.com/undefined/status/1961997312332648458","986359642207936513",
"1961997072355475873","Sun Aug 31 03:38:48 +0000 2025","0","Guys plis info aku mau balik lagi ke jakarta daerah gunung sahari dari bogor itu aman ga ya? Senin masi masuk kerja soalnya plis infonya kawan kawan #pulang #jakarta #KRL","1961997072355475873","","","in","","0","0","0","https://x.com/undefined/status/1961997072355475873","1808139786978578438",
"1961996869124673642","Sun Aug 31 03:38:00 +0000 2025","0","OKEBUY MENYEDIAKAN PERALATAN OLAHRAGA OUTDOOR DAN FASHION 100% ORIGINAL SEPERTI : SEPATU GUNUNG TAS TOPI DOMPET BANDANA SLEEPING BAG JAM TANGAN KACAMATA DLL WA@085715400900 https://t.co/S4xSTEMKMf https://t.co/1bgvqRgdm1","1961996869124673642","https://pbs.twimg.com/amplify_video_thumb/1958735438971125760/img/FRXqBzcVwtPzD0CE.jpg","","in","","0","0","0","https://x.com/undefined/status/1961996869124673642","358503958",
"1961996841685492213","Sun Aug 31 03:37:53 +0000 2025","5","Baru naik ke gunung batur udah ngos ngos an","1961996841685492213","","","in","","0","0","0","https://x.com/undefined/status/1961996841685492213","1525228559274745856",
"1961996500973875315","Sun Aug 31 03:36:32 +0000 2025","0","first time main gunung ini dan udh setengah jam ga bisa ngelewatin ini... https://t.co/HhuGQlOPYN","1961996500973875315","https://pbs.twimg.com/media/Gzppac9aYAAhTjE.jpg","","in","","0","0","0","https://x.com/undefined/status/1961996500973875315","1259185246488211458",
"1961996023389401266","Sun Aug 31 03:34:38 +0000 2025","1","kayanya tempat paling aman tu di tengah jalan tol atau di atas gunung...","1961996023389401266","","","in","","0","1","0","https://x.com/undefined/status/1961996023389401266","1877949049892114432",
"1961995365881913784","Sun Aug 31 03:32:01 +0000 2025","0","ava bacon susah banget ya buat mt gunung. aku setiap main roblox minta tolong buat carry susah banget harus ava bagus dulu","1961995365881913784","","","in","","0","1","0","https://x.com/undefined/status/1961995365881913784","1176878898237202432",
"1961995162395070932","Sun Aug 31 03:31:13 +0000 2025","2","!roblox teman-timun saran gunung yang bisa carry tapi tetep ada challenge nya juga thanks in advance!","1961995162395070932","","","in","","0","6","0","https://x.com/undefined/status/1961995162395070932","1903872646678470656",
"1961994570251833552","Sun Aug 31 03:30:21 +0000 2025","2","CREW BUS/BIS GUNUNG HARTA MERAH GAK AMANAH! To Gunung Harta s CEO/HRD/whatever kalo rekrut orang tu yang bener jangan rekrut orang mental pencuri!","1961994946141094179","","gentabatara","in","","0","0","0","https://x.com/undefined/status/1961994946141094179","1486156342096441344",
"1961994893917905003","Sun Aug 31 03:30:09 +0000 2025","1","AJAIB! || ADA GUNUNG YANG MUNCUL DI TENGAH TENGAH SAWAH DI GROBOGAN #diluarbatas #misteri https://t.co/C0V1KDx6If","1961994893917905003","https://pbs.twimg.com/ext_tw_video_thumb/1961994847168131072/pu/img/VLJpOse_8hWtrVdz.jpg","","in","","0","0","0","https://x.com/undefined/status/1961994893917905003","1947200604901928960",
"1961994570251833552","Sun Aug 31 03:28:52 +0000 2025","0","Hp bapak gua ilang anjir di bus/bis gunung harta merah padahal setelah bapak gua turun (3 jam an) hp nya masih aktif trus pas gua telpon supir/kenek nya dia bilang gak ada tapi abis itu hp bapak gua langsung mati masuk akal ga??????????","1961994570251833552","","","in","","0","1","0","https://x.com/undefined/status/1961994570251833552","1486156342096441344",
"1961987632969494572","Sun Aug 31 03:01:18 +0000 2025","0","pov baru pertama naik gunung cantik tapi ketempelan https://t.co/qAISVH3Ppy","1961987632969494572","https://pbs.twimg.com/ext_tw_video_thumb/1961987603105988608/pu/img/ULj2we7XHCuOqjG4.jpg","","in","","0","0","0","https://x.com/undefined/status/1961987632969494572","1728714372560908288",
"1961987308833681528","Sun Aug 31 03:00:01 +0000 2025","0","Paket spesial buat @parkjeovngwoo karena nerobos gdm info. Pake ava putri padang ini dan TyPinG GunUng KayAK gInI sELaMa 16 jAm. Laporan ke base mulai dari jam berapa ok https://t.co/Jy4VWFg2Wu","1961987308833681528","https://pbs.twimg.com/media/GzphD14bQAABAMA.jpg","","in","","0","4","0","https://x.com/undefined/status/1961987308833681528","3383964819",
"1961978238131216499","Sun Aug 31 02:58:56 +0000 2025","1","@citrus_ed Iya aku barusan cek berarti kemungkinan mrk tni ad. Sepanjang jalan ada suara latihan(?) tembakan gitu. Aku takut aja mrk turun buat ngurus aksi Iya kak cif aku otw turun gunung juga balik ke habitat","1961987036677837219","","citrus_ed","in","","0","1","0","https://x.com/undefined/status/1961987036677837219","1593836973474533376",
"1961986970277797998","Sun Aug 31 02:58:40 +0000 2025","0","haloo aku punya jaket gunung the north face yaa aku jual 135k aja https://t.co/42wOWW4IVQ","1961986970277797998","https://pbs.twimg.com/media/Gzpgv1Da8AAWgzE.jpg","","in","","1","3","0","https://x.com/undefined/status/1961986970277797998","1933827772771880960",
"1961986600650600896","Sun Aug 31 02:57:12 +0000 2025","0","Sesuai nama lah ini gunung banyak bohongnya https://t.co/8ajUk40Zfn","1961986600650600896","https://pbs.twimg.com/media/GzpgaJ3aUAAxJ6w.jpg","","in","","0","1","0","https://x.com/undefined/status/1961986600650600896","880141799557218305",
"1961986043345031479","Sun Aug 31 02:54:59 +0000 2025","3","(31/08) 08.46 WIB Command Center 112 terima laporan adanya kecelakaan lalu lintas di Jalan Pakis Gunung. Petugas melakukan pengecekan.","1961986043345031479","","","in","","0","1","0","https://x.com/undefined/status/1961986043345031479","762497866501730304",
"1961985839937864016","Sun Aug 31 02:54:10 +0000 2025","1","roblox! haY____0 syapahmaw mutualan sama ayica️️ ygsukak mendaki gunung gunung gila yuk mendaki brsama dontol penghuni atin enih kitah mendontol brsama :0 drop usn yh nanti ak add hyap.","1961985839937864016","","","in","","0","0","0","https://x.com/undefined/status/1961985839937864016","1667714410000060416",
"1961662259882856468","Sun Aug 31 02:53:22 +0000 2025","0","@kangsomayy69 bacot dik apus lu bukan temen gunung gw lagi","1961985637017677832","","kangsomayy69","in","","0","1","0","https://x.com/undefined/status/1961985637017677832","1334902672122552321",
"1961982828163600453","Sun Aug 31 02:50:43 +0000 2025","1","@AdindaZahrany07 Karena yang dikejar berada diseberang gunung dan lautan ","1961984969519341735","","senjakelam07","in","","0","0","0","https://x.com/undefined/status/1961984969519341735","1866772743011831810",
"1961959830803075172","Sun Aug 31 02:49:34 +0000 2025","0","@taesan_bnd waduh ntar aku bilangin mama mu loh biar di tinggal di gunung lagi ","1961984680070418661","","taesan_bnd","in","","0","0","0","https://x.com/undefined/status/1961984680070418661","1740312857080934400",
"1961976080048210087","Sun Aug 31 02:48:22 +0000 2025","0","@roblox_fess ayo oi aku jg suka naik gunung dan main gag @ inisalzah","1961984380085432323","","roblox_fess","in","","0","1","0","https://x.com/undefined/status/1961984380085432323","1815733780931645440",
"1961983990539468871","Sun Aug 31 02:46:49 +0000 2025","1","cuti dan akan ku tamatkan semua live windah naik gunung roblox","1961983990539468871","","","in","","0","0","0","https://x.com/undefined/status/1961983990539468871","903405758",
"1961852331127116249","Sun Aug 31 02:45:29 +0000 2025","0","@FernaRondonuwu @KharizmaChaka @nafsutabiat @prabowo Gak ada yang mau seperti tapi mungkin ini adalah puncak gunung es kekesalan rakyat terhadap semua kebijakan yang memeras rakyat yang sama sekali tidak pernah memperhatikan rakyatnya lagi susah btw kamu kan pendukung garis keras 02 kenapa ikut demo???","1961983655326421308","","FernaRondonuwu","in","","0","0","0","https://x.com/undefined/status/1961983655326421308","1757062136323624960",
"1961976080048210087","Sun Aug 31 02:43:31 +0000 2025","0","@roblox_fess Ayo naik gunung @/lautsmdrax","1961983159027040464","","roblox_fess","in","","0","1","0","https://x.com/undefined/status/1961983159027040464","770540195599056896",
"1961976080048210087","Sun Aug 31 02:41:59 +0000 2025","0","@roblox_fess ayooo kita mendaki brsamaa ak jg suka naik gunung @ yuceals27","1961982772899369425","","roblox_fess","in","","0","1","0","https://x.com/undefined/status/1961982772899369425","764628032170536960",
"1961982758986875011","Sun Aug 31 02:41:56 +0000 2025","0","BETEEE ak dua kali gagal summit gunung karena SUSAH","1961982758986875011","","","in","","0","0","0","https://x.com/undefined/status/1961982758986875011","1437984189257637890",
"1961968467566850280","Sun Aug 31 02:40:46 +0000 2025","0","@tanyakanrl Walaupun kecil kemungkinan tapi bisa dicoba seenggaknya HOD Tik Tok indo biar mata dan hatinya kebuka. Kalau berhasil biasanya pusat turun gunung sih.","1961982464978804937","","tanyakanrl","in","","0","0","0","https://x.com/undefined/status/1961982464978804937","1634408417401139200",
"1961982337383825884","Sun Aug 31 02:40:15 +0000 2025","1","Setan udah turun gunung","1961982337383825884","","","in","","0","0","0","https://x.com/undefined/status/1961982337383825884","1437321889483878400",
"1961956459463463215","Sun Aug 31 02:40:14 +0000 2025","0","@wiinterry Mau mendaki gunung lewati lembah nuna ‍️ nuna hari ini mau ada kegiatan apa nih?","1961982333759971535","","wiinterry","in","","0","1","0","https://x.com/undefined/status/1961982333759971535","1231374741685952512",
"1961942465797345493","Sun Aug 31 02:39:34 +0000 2025","0","@Divantarie Garut mba Sagara. Kata mamang2nya tumbenan begini sejak Kamis. Hari ini juga masih kabarnya. Semua gunung di Garut begini semua. Itu video pas banget pas badai sedikit mereda https://t.co/c93h5kLxW8","1961982165480333556","https://pbs.twimg.com/ext_tw_video_thumb/1961982135331676160/pu/img/fCXMwtiixYvgWYai.jpg","Divantarie","in","","0","1","0","https://x.com/undefined/status/1961982165480333556","1181167923403997184",
"1961976080048210087","Sun Aug 31 02:18:00 +0000 2025","0","@roblox_fess tolong ajak sy naik gunung baru pernah summit daun sama ravika aja (sedih) usn roblox nocelest1al","1961976735555317972","","roblox_fess","in","","0","1","0","https://x.com/undefined/status/1961976735555317972","1731380270769770496",
"1961974287184929027","Sun Aug 31 02:17:33 +0000 2025","0","@ahexng @jaayipark @sunwoum @mipnghao @ntsakanc @leenagyuns @yerizmese @kentaxro @daaemin Udah banguuun udah berlatih dikaki gunung fuji https://t.co/Emw96GMcKy","1961976624448156052","https://pbs.twimg.com/tweet_video_thumb/GzpXVBFa0AAAbSH.jpg","ahexng","in","","0","0","0","https://x.com/undefined/status/1961976624448156052","1470857407857250304",
"1961976080048210087","Sun Aug 31 02:17:08 +0000 2025","0","@roblox_fess Yukk aku juga suka naik gunung usn ku berrypixh","1961976520093945910","","roblox_fess","in","","0","1","0","https://x.com/undefined/status/1961976520093945910","3291008936",
"1961976396177436705","Sun Aug 31 02:16:39 +0000 2025","0","ayo manjat gunung","1961976396177436705","","","in","","0","0","0","https://x.com/undefined/status/1961976396177436705","1958964755638755329",
"1961971938328498510","Sun Aug 31 02:16:19 +0000 2025","0","@Jyoonly_ Jiiirrr siapa yg ngangkut jauh bener sampek ke jawa? Di gunung pula ","1961976313373450338","","xmjnx_oclock","in","","0","1","0","https://x.com/undefined/status/1961976313373450338","1446586394457960448",
"1961975892135358569","Sun Aug 31 02:16:06 +0000 2025","1","@lavnrojeyz Ya ada laporan tentang kemungkinan demo di area Cikeas Gunung Putri Bogor hari ini. Pasar pagi ditutup sebagai antisipasi. Protes nasional sedang berlangsung di berbagai kota. Pantau berita resmi untuk konfirmasi terkini.","1961976260693004698","","lavnrojeyz","in","","0","0","0","https://x.com/undefined/status/1961976260693004698","1720665183188922368",
"1961976080048210087","Sun Aug 31 02:15:23 +0000 2025","0","temenan yu di !roblox saya gag enthusiast suka summit gunung juga tapi kalo mau diajakin main map lainnya juga boleehh bgt. playernya juga ga kalah cakep sm ava rosbloxnya kok wkwk https://t.co/Alg6gRfWhw","1961976080048210087","https://pbs.twimg.com/media/GzpW2LRXYAAb3T1.jpg","","in","","0","53","0","https://x.com/undefined/status/1961976080048210087","1903872646678470656",
"1961975288663056412","Sun Aug 31 02:15:07 +0000 2025","0","@txtdrjkt udh kg bisa di simpen makannya turun gunung","1961976011966619942","","txtdrjkt","in","","0","0","0","https://x.com/undefined/status/1961976011966619942","1756760778592661504",
"1961975870907965939","Sun Aug 31 02:14:34 +0000 2025","0","orang mah pagi pagi banget udah nangkring di gunung daun anjir ","1961975870907965939","","","in","","0","0","0","https://x.com/undefined/status/1961975870907965939","1628443311517368321",
"1961971938328498510","Sun Aug 31 02:13:46 +0000 2025","0","@9lucose99 Di gunung Jawa kak ketemu makamnya","1961975671791689791","","9lucose99","in","","0","1","0","https://x.com/undefined/status/1961975671791689791","1381124116678242304",
"1961974178716008464","Sun Aug 31 02:07:50 +0000 2025","0","Jadi inget tadi ada player di chat jangan jahat kak aku apa-apa sendirian setelah jatuh dari obstacle gunung karena dorong-dorongan","1961974178716008464","","","in","","0","0","0","https://x.com/undefined/status/1961974178716008464","1252072572004360193",
"1961874487340892618","Sun Aug 31 02:03:07 +0000 2025","0","@ahmadfaisal86 @Opposisi6890 gue nyuruh lu diem bukan bertanya... dasar m0ny3t gunung to L0L","1961972989563376101","","ahmadfaisal86","in","","0","1","0","https://x.com/undefined/status/1961972989563376101","1864321894859608064",
"1961972511199162879","Sun Aug 31 02:01:13 +0000 2025","0","gess demonya gimana anjir ak abis daki gunung","1961972511199162879","","","in","","0","0","0","https://x.com/undefined/status/1961972511199162879","1642693116464607235",
"1961972244827328921","Sun Aug 31 02:00:09 +0000 2025","0","Ruapanya orang gunung hanya bercawat setiap hari. Mereka baru berpakaian bila ada tamu atau pada kesempatan-kesempatan terentu. - Pramoedya Ananta Toer #BubarkanDPR #StopBayarPajak","1961972244827328921","","","in","","0","0","0","https://x.com/undefined/status/1961972244827328921","1891312552816287744",
"1961971506931745276","Sun Aug 31 01:57:13 +0000 2025","1","pengen naik gunung lg aja riweh bgt kondisi sekarang","1961971506931745276","","","in","","0","1","0","https://x.com/undefined/status/1961971506931745276","1148188260205617153",
"1961793701858165213","Sun Aug 31 01:56:34 +0000 2025","0","@seraphxxne kalau ada gunung NAGA aku akan NANGIS ","1961971344113086801","","seraphxxne","in","","0","1","0","https://x.com/undefined/status/1961971344113086801","1639651064722108417",
"1961970626916429940","Sun Aug 31 01:53:43 +0000 2025","0","Baruku sesali kenapa kemarin suka sekali beli baselayer kalau nda naik gunung kan nda berguna","1961970626916429940","","","in","","0","0","0","https://x.com/undefined/status/1961970626916429940","1461541600597708811",
"1961970075323572707","Sun Aug 31 01:53:30 +0000 2025","7","Pamole - Sandal Gunung Wanita Sandal Casual Wanita Sandal Wanita Kekinian - Lema Series https://t.co/F899yxTt7r https://t.co/Kz9PJeg0RZ","1961970571560030440","https://pbs.twimg.com/media/GzpR1H7aIAAU1KB.jpg","RekomenShopee00","in","","0","1","0","https://x.com/undefined/status/1961970571560030440","1641917287128272898",
"1961930717090152808","Sun Aug 31 01:52:58 +0000 2025","2","@KinderJoy163953 @tanyakanrl warga gabakal murka dan turun gunung kalo wakil rakyatnya ga betingkah. oon banget si logikanya.","1961970437115760952","","KinderJoy163953","in","","0","0","0","https://x.com/undefined/status/1961970437115760952","1799529881950412800",
"1961809887240884322","Sun Aug 31 01:52:11 +0000 2025","1","@detikcom 50 jt sbulan itu hanya permukaan gunung es. Kecil kan buat mreka? Konon sbln rata2 bs 1 M. Anggaran setahun 9T dibagi 700 org kira2. Yg trpenting bukan itu tp kinerja sikap ucapan n prilaku mreka sbg wakil rakyat.","1961970239119520194","","detikcom","in","","0","0","0","https://x.com/undefined/status/1961970239119520194","1624205113689804800",
"1961969453958377977","Sun Aug 31 01:49:45 +0000 2025","0","kalo pak ketua udah turun gunung(?) habis sih itu dragon boys ","1961969629640929478","","ofholyarks","in","","0","0","0","https://x.com/undefined/status/1961969629640929478","1924447865373659136",
"1961723514546786479","Sun Aug 31 01:49:09 +0000 2025","0","@roblox_fess aku ke gunung daun pake ava mini trs","1961969475538108605","","roblox_fess","in","","0","0","0","https://x.com/undefined/status/1961969475538108605","1327631977269248005",
"1961968782341234693","Sun Aug 31 01:46:23 +0000 2025","0","UNNES? UN? NES? WOI UNNES TUH DI ATAS GUNUNG LOH YA KELEN MAINNYA JAUH BANGET SIH ELAH ","1961968782341234693","","","in","","0","0","0","https://x.com/undefined/status/1961968782341234693","1788779601566871552",
"1961968142441148495","Sun Aug 31 01:43:51 +0000 2025","4","Dahhh gatell pengen turun gunung https://t.co/vxMFeXWJWE","1961968142441148495","https://pbs.twimg.com/media/GzpPoO0WMAACs-f.jpg","","in","","0","0","0","https://x.com/undefined/status/1961968142441148495","1003284072",
"1961968031334301933","Sun Aug 31 01:43:24 +0000 2025","9","Eh ges gua ijin ya non-aktif buat seharian ini. Posisi gw kejebak di pesantren kwitang belakang toko buku gunung agung lagi was2 soalnya.","1961968031334301933","","","in","","1","7","0","https://x.com/undefined/status/1961968031334301933","999418577215078400",
"1961967738181882277","Sun Aug 31 01:42:15 +0000 2025","8","the tower mksutnya trjatuh lalu menggelinding dari gunung semeru smbil berteriak titieskk kmbalilah pdakuu dn kita menonton smbari memakan jgung bakar","1961967738181882277","","","in","","1","4","3","https://x.com/undefined/status/1961967738181882277","1796911698701598720",
"1961967180540772480","Sun Aug 31 01:40:02 +0000 2025","4","Yang asli ada gambar badaknya -:)) Puncak gunung es","1961967180540772480","","","in","","0","0","2","https://x.com/undefined/status/1961967180540772480","1444193288047656965",
"1961966403453669481","Sun Aug 31 01:36:56 +0000 2025","2","gais tolong info daerah gunung putri dong ortu ku kerja dsna sdngkan aku di kramat jati huhu khawatir bgt","1961966403453669481","","","in","","0","0","0","https://x.com/undefined/status/1961966403453669481","1287318524747104257",
"1961728806474953081","Sun Aug 31 01:35:14 +0000 2025","0","@roblox_fess yg suka summit gunung ayok mutualannn aku follow duluan","1961965974393143544","","roblox_fess","in","","0","0","0","https://x.com/undefined/status/1961965974393143544","1340830238872227840",
"1950949437586735544","Sun Aug 31 01:34:07 +0000 2025","0","@kahlilintar Ada gunung didepanya","1961965691613131137","","kahlilintar","in","","0","1","0","https://x.com/undefined/status/1961965691613131137","1026670710557564939",
"1961762432898183570","Sun Aug 31 01:33:50 +0000 2025","0","@nksthi Mungkin syrat pesugihan gunung kawi salah satunya foto calon tumbal","1961965621715107956","","nksthi","in","","0","0","0","https://x.com/undefined/status/1961965621715107956","1394297970938417154",
"1961965524654727468","Sun Aug 31 01:33:27 +0000 2025","1","Pilu Pemangku Meninggal di Gunung Agung Saat Ambil Air Suci https://t.co/LUcBugz6hO","1961965524654727468","","","in","","0","0","0","https://x.com/undefined/status/1961965524654727468","240113510",
"1961965197087952898","Sun Aug 31 01:32:09 +0000 2025","0","Ada apa dengan my tl guys baru keluar dari goa lembah gunung sungai lautan curug pekerjaan ‍ (Gaji tidak seberapa tapi di tuntut bisa ini itu ‍) (akan aku tunjuk kan skill ku jika di bayar setimpal sorry not sorry) CAPEKK BROWWW","1961965197087952898","","","in","","0","0","0","https://x.com/undefined/status/1961965197087952898","1495933782817652737",
"1961964970222166420","Sun Aug 31 01:31:15 +0000 2025","0","Mulai banyak pejabat turun gunung utk nyari panggung. Menari diatas gendang sejawatnya yg kini panen hujatan.","1961964970222166420","","","in","","0","0","0","https://x.com/undefined/status/1961964970222166420","1019902297",
"1961964617971978373","Sun Aug 31 01:29:51 +0000 2025","2","Awokawok Yuri lord sampai turun gunung.","1961964617971978373","","","in","","0","0","0","https://x.com/undefined/status/1961964617971978373","1347232000583692288",
"1961961877640220962","Sun Aug 31 01:28:44 +0000 2025","0","semua normal karna masih libur ya main sepedahan ke rumah temen lain ampe sore sempat ada usul naik gunung karna sepedahan dah di kaki gunung jg tp ya skip dah capek sepedahan &amp; gk bawa apa apa. balik trus ke kafe ada temen yg nyoba open mic. disana makan sambil main uno jg","1961964339768004631","","upilcalestial","in","","0","1","0","https://x.com/undefined/status/1961964339768004631","1186776610474643456",
"1961919704252993726","Sun Aug 31 01:27:47 +0000 2025","0","@roblox_fess gunung daun bnyak yg onmic mah","1961964098511634454","","roblox_fess","in","","0","0","0","https://x.com/undefined/status/1961964098511634454","1340830238872227840",
"1961964075904282704","Sun Aug 31 01:27:41 +0000 2025","0","paling bner naik gunung horor klo pas siang gini soalnya dh gk ada serem nya","1961964075904282704","","","in","","0","0","0","https://x.com/undefined/status/1961964075904282704","1143345075872604160",
"1961963517105619086","Sun Aug 31 01:25:28 +0000 2025","0","@Kazujha Akhirnya Jovi turun gunung. Good luck cayang! &lt;3","1961963517105619086","","Kazujha","in","","0","0","0","https://x.com/undefined/status/1961963517105619086","3350668823",
"1961810371179917587","Sun Aug 31 01:25:03 +0000 2025","1","@fvcktraitor @jaeminners Makanya kan gue bilang lu mending dari pada bahas x pecah belah langsung turun gunung dong ntr tau sisi mana yang lu bisa liat yang bikin pecah belah ","1961963409819521046","","fvcktraitor","in","","0","0","0","https://x.com/undefined/status/1961963409819521046","1742891960178987008",
"1961775932630573161","Sun Aug 31 01:24:41 +0000 2025","0","@bbyhaeyongie Mau dibawa ke gunung kidul kali ","1961963318073229776","","bbyhaeyongie","in","","0","0","0","https://x.com/undefined/status/1961963318073229776","1607166525609504768",
"1961960383880868133","Sun Aug 31 01:21:49 +0000 2025","0","@picoez Rekuwes caping gunung mprop","1961962596749492346","","picoez","in","","0","0","0","https://x.com/undefined/status/1961962596749492346","1617891597684977664",
"1961961996380971438","Sun Aug 31 01:19:26 +0000 2025","70","Solo hiking di gunung tanpa pendaki lain https://t.co/YDICqomoyM","1961961996380971438","https://pbs.twimg.com/media/GzpKCHobIAA0Joz.jpg","","in","","0","2","0","https://x.com/undefined/status/1961961996380971438","1466798340587196417",
"1961955462796230780","Sun Aug 31 01:18:11 +0000 2025","0","@CNNIndonesia Masalah besarnya bukan disitu boss. Itu hanya puncak gunung es 10 thn kerusakan yg sdh dibuat rezim Jkw tdk lepas dari dukungan dn persetujuan DPR kalian punya andil besar atas kerusakan itu. Pengkhianatan kalian kpd rakyat dn negara sdh melampaui batas.","1961961685142671563","","CNNIndonesia","in","","0","0","0","https://x.com/undefined/status/1961961685142671563","1604246670027300864",
"1961961158614949959","Sun Aug 31 01:16:06 +0000 2025","0","Peringatan! 5 Erupsi &amp; 10 Gunung Api Aktif Indonesia yang Meningkat Agustus 2025: salah satu penyebab gempa di Bekasi https://t.co/rz0cQwFNPk","1961961158614949959","","","in","","0","0","0","https://x.com/undefined/status/1961961158614949959","1946785944662880256",
"1953111801010504199","Sun Aug 31 01:16:03 +0000 2025","0","GUNUNG TAEEEK lebih susah daripada atin ama sibuatan https://t.co/fwuRtdQlI0","1961961144622665823","https://pbs.twimg.com/media/GzpJQ2YbAAEtm98.jpg","anantooo","in","","0","0","0","https://x.com/undefined/status/1961961144622665823","1308829223147024384",
"1961960920545964166","Sun Aug 31 01:15:09 +0000 2025","1","yujiem! [[D-DAY CLOSEREC‼️]] Buat yang bingung masih nyari tim KKN langsung gass daftarin diri kalian di Rinai Cinangka Kapan lagi bisa KKN sambil sunsetan di ujung barat pulau Jawa dengan view Gunung Krakatau https://t.co/crVC38qQAC","1961960920545964166","https://pbs.twimg.com/media/GzpJDy9WAAAQfYV.jpg","","in","","0","1","0","https://x.com/undefined/status/1961960920545964166","1277749122296983552",
"1961959046711247264","Sun Aug 31 01:13:27 +0000 2025","0","@roblox_fess mau mutual sama yg bahas seputar gunung plissssss","1961960491708035091","","roblox_fess","in","","0","0","0","https://x.com/undefined/status/1961960491708035091","1340830238872227840",
"1961960061242409262","Sun Aug 31 01:11:44 +0000 2025","4","Tuhanlah kekuatan dan mazmurku Dialah gunung batu dan keselamatanku https://t.co/jLpy3UxDaY","1961960061242409262","https://pbs.twimg.com/media/GzpIRz6boAEff8x.jpg","","in","","0","0","0","https://x.com/undefined/status/1961960061242409262","1083554107883843584",
"1961959761253167397","Sun Aug 31 01:10:34 +0000 2025","0","Melalui peta GIS @mapidseeit Resiko Bencana Gempa Bumi Kawasan Wisata di sekitar Sesar Lembang Hal ini merupakan lanjutan dari Geotrack Sesar Lembang pada segmen Gunung Batu yang diselenggarakan oleh BPBD Kota Bandung","1961959766152122629","","EdanSepurBD","in","","0","1","0","https://x.com/undefined/status/1961959766152122629","427137339",
"1961959187271041415","Sun Aug 31 01:08:16 +0000 2025","0"," Dan janganlah kamu berjalan di muka bumi ini dengan sombong. Sesungguhnya kamu sekali-kali tidak dapat menembus bumi dan kamu sekali-kali tidak akan sampai setinggi gunung. (Surah Al-Isra 17:37)","1961959187271041415","","","in","","0","0","0","https://x.com/undefined/status/1961959187271041415","1766329623212875776",
"1961958605063926206","Sun Aug 31 01:05:57 +0000 2025","0","300k beres bulan depan fokus ikut event dan naik gunung hahaha https://t.co/14HuAq4TJs","1961958605063926206","https://pbs.twimg.com/media/GzpG8vuasAARY6D.jpg","","in","","0","1","0","https://x.com/undefined/status/1961958605063926206","1511920007365926913",
"1961958599024132212","Sun Aug 31 01:05:56 +0000 2025","1","Demo ini adalah puncak gunung es akibat kepemimpinan @jokowi &amp; angota @DPR_RI yg jadi dgn otak Atik rekap suara di PPK. Anggota DPR RI Bukan wakil Rakyat! lalu ada upaya menimpakan salah kpd @prabowo #AdiliJokowi #AdiliJokowi #AdiliJokowi","1961958599024132212","","","in","","0","0","1","https://x.com/undefined/status/1961958599024132212","1704826213842481152",
"1961833396147225018","Sun Aug 31 01:04:31 +0000 2025","0","Alhamdulillah subuh tadi jalanan lancar suasana Stasiun Gambir juga kondusif yg mau ke stasiun Gambir rute dari Kelapa Gading bisa via lewat Danau Sunter Kemayoran Gunung Sahari https://t.co/OhDAVCXkLN","1961958242382442740","https://pbs.twimg.com/media/GzpGnkabAAAmpdL.jpg","fialfianisa","in","","0","1","0","https://x.com/undefined/status/1961958242382442740","3273780852",
"1961958141484273919","Sun Aug 31 01:04:07 +0000 2025","0","Morning di pasar gunung bengkayang https://t.co/WdENi9wqoH","1961958141484273919","https://pbs.twimg.com/media/GzpGiECaoAAQ6dx.jpg","","in","","0","0","0","https://x.com/undefined/status/1961958141484273919","1775720360899756033",
"1961951201937011127","Sun Aug 31 00:59:10 +0000 2025","1","@yudiharahap46 DPD juga itu cukup Sejumlah Provinsi aja.","1961956898053435724","","yudiharahap46","in","","0","0","0","https://x.com/undefined/status/1961956898053435724","705413311",
"1961956897952846071","Sun Aug 31 00:59:10 +0000 2025","3","Babinsa Desa Gunung Perak Koramil 1424-02/Sinjai Barat Kodim 1424/Sinjai melaksanakan kegiatan pemantauan proses pengerjaan pembangunan Dapur Satuan Pelayanan Pemenuhan Gizi (SPPG) Makan Bergizi Gratis (MBG) #tniad #dispenad #puspentni #TNIindonesia https://t.co/CZPSADTpnK","1961956897952846071","https://pbs.twimg.com/media/GzpFZgzagAAtiDr.jpg","","in","","0","0","1","https://x.com/undefined/status/1961956897952846071","1846390926341799936",
"1961951201937011127","Sun Aug 31 00:56:42 +0000 2025","2","@yudiharahap46 Betul Mentri juga cukup 10-15 Orang aja nggak usah banyak-banyak.","1961956275295768886","","yudiharahap46","in","","0","0","0","https://x.com/undefined/status/1961956275295768886","705413311",
"1961953593038369000","Sun Aug 31 00:55:35 +0000 2025","0","Karena kalau beliau ( orang gunung ) turun tidak ada yang bisa menghentikan terakhir kali saya lihat dia turun dan dihentikan oleh 1 orang ( Abdurahman wahid ) sekarang beliau sudah wafat #gusdur","1961955995917443344","","riskichoiyum96","in","","0","0","0","https://x.com/undefined/status/1961955995917443344","969086566592204800",
"1961955670112280595","Sun Aug 31 00:54:17 +0000 2025","2","p info gunung yg YA YA lagi https://t.co/u3SEfOxOWX","1961955670112280595","https://pbs.twimg.com/media/GzpESIUbwAEVWtV.jpg","","in","","0","1","0","https://x.com/undefined/status/1961955670112280595","1421455975253377026",
"1961955371729539247","Sun Aug 31 00:53:06 +0000 2025","0","demo chaos dimana-mana kemarahan memuncak disertai anarkisme ni beneran gaada yang mau turun gunung? nunggu apalagi woyyy jing lu inget tragedi 98 awalnya gimana persis suu anarkisme penjarahan antar sipil pemerkosaan lu mau nunggu sampe gitu baru turun turun ndut tenangin","1961955371729539247","","","in","","0","1","0","https://x.com/undefined/status/1961955371729539247","1354353737179877378",
"1961955122403250235","Sun Aug 31 00:52:07 +0000 2025","0","18 agustus harus bgt di gunung pertamaku? hehe","1961955122403250235","","","in","","0","0","0","https://x.com/undefined/status/1961955122403250235","1492926066490429440",
"1961955001594716280","Sun Aug 31 00:51:38 +0000 2025","1","Akhirnya abang LL turun gunung dgn jargon Baling-Baling Bambu ","1961955001594716280","","","in","","0","0","0","https://x.com/undefined/status/1961955001594716280","1815386611582222337",
"1961954285018918956","Sun Aug 31 00:48:47 +0000 2025","0","Kukira ditinggal menghirup udara gunung balik pemerintahnya ada bener dikit ternyata makin gemblung","1961954285018918956","","","in","","0","1","0","https://x.com/undefined/status/1961954285018918956","1672139653686906881",
"1961953895388700834","Sun Aug 31 00:47:14 +0000 2025","0","!roblox guys saran map ekspedisi / gunung yg bisa milih mode dong makasii","1961953895388700834","","","in","","0","4","0","https://x.com/undefined/status/1961953895388700834","1903872646678470656",
"1961948863012696158","Sun Aug 31 00:46:44 +0000 2025","1","@susno2g Puncak gunung es dari rasa frustasi dan emosi yg tidak bisa di bendung jenderal","1961953769291407851","","susno2g","in","","0","0","0","https://x.com/undefined/status/1961953769291407851","3159578293",
"1961953593038369000","Sun Aug 31 00:46:02 +0000 2025","0","Di Indonesia ini ada 2 tipe orang yang ditakuti kecerdasan intelektual dan kemampuan ilmu spiritual. Sementara yang turun cuman 1 tipe orang kecerdasan intelektual. Dan jangan sampai orang no 2 turun jangan. Kalau pesan orang jawa kuno Ojok sampek wong gunung mudun #DPRBUBAR","1961953593038369000","","","in","","0","1","0","https://x.com/undefined/status/1961953593038369000","969086566592204800",
"1961953405351715129","Sun Aug 31 00:45:17 +0000 2025","0","Gunung Kasabaran https://t.co/Ue6pWscEBN via @YouTube","1961953405351715129","","","tl","","0","0","0","https://x.com/undefined/status/1961953405351715129","1728558724825174016",
"1961643541274202595","Sun Aug 31 00:44:40 +0000 2025","0","@wesaygooodbye @hahahiheho Gunung kembar senayan itu ","1961953248736358449","","wesaygooodbye","in","","0","0","0","https://x.com/undefined/status/1961953248736358449","1468404827378315265",
"1961952012805062787","Sun Aug 31 00:43:42 +0000 2025","24","@SiaranBolaLive Terutama Crazy Rich priuk itu emang ga ada lawan selama ini apalgi klw udh turun gunung ngeri Powernya kuat sekali nah sekarang kena batunya","1961953004011364782","","SiaranBolaLive","in","","0","0","0","https://x.com/undefined/status/1961953004011364782","1668121642600632321",
"1961385495625367708","Sun Aug 31 00:42:05 +0000 2025","0","@Mdy_Asmara1701 Dia lagi asik isap cerutu mahal di puncak gunung papua.","1961952600129228988","","Mdy_Asmara1701","in","","0","0","0","https://x.com/undefined/status/1961952600129228988","1419575874697891843",
"1961558478360907830","Sun Aug 31 00:38:58 +0000 2025","1","@Gunung_Agoeng @gilang_ahm31272 Ini provokator kaya nya","1961951815999914340","","Gunung_Agoeng","in","","0","0","0","https://x.com/undefined/status/1961951815999914340","1627618780347240448",
"1961951686769160566","Sun Aug 31 00:38:28 +0000 2025","0","ada yg punya grup naik gunung bareng? mau join","1961951686769160566","","","in","","0","1","0","https://x.com/undefined/status/1961951686769160566","1802243933877211136",
"1961950813863203174","Sun Aug 31 00:34:59 +0000 2025","0","@KAI121 min gunung jati bisa naik dari jatinegara gak?yg malam ini keberangkatan dari gambir","1961950813863203174","","KAI121","in","","0","1","0","https://x.com/undefined/status/1961950813863203174","115375679",
"1961629747202400608","Sun Aug 31 00:34:43 +0000 2025","0","@roblox_fess ada bbrp gunung yg gak bocil friendly klo km suka naik gunung mnding beli ava gede tpi klo emg suka ava mini gas aj","1961950743067537694","","roblox_fess","in","","0","0","0","https://x.com/undefined/status/1961950743067537694","1673333876737945602",
"1961950416591347866","Sun Aug 31 00:33:25 +0000 2025","1","habis menaklukan gunung paling tersohor di cimahi ","1961950416591347866","","","in","","0","0","0","https://x.com/undefined/status/1961950416591347866","1510211595833528322",
"1961950023404695901","Sun Aug 31 00:31:51 +0000 2025","10","07.13 Situasi lalu lintas di Jl Kramat Raya Jakarta Pusat arah Jl Gunung Sahari terpantau lancar. @TMCPoldaMetro https://t.co/1B1ihxnXVb","1961950023404695901","https://pbs.twimg.com/media/Gzo_JdoaoAA_ld7.jpg","","in","","0","0","1","https://x.com/undefined/status/1961950023404695901","180696019",
"1961949909294461309","Sun Aug 31 00:31:24 +0000 2025","1","Mau another tea gk? DPR NYEMBAH GUNUNG ANJING WKWKWKWKWK","1961949909294461309","","","in","","0","0","1","https://x.com/undefined/status/1961949909294461309","1268055937345966080",
"1961949336415482185","Sun Aug 31 00:29:07 +0000 2025","0","atin gunung stres","1961949336415482185","","","tl","","0","1","0","https://x.com/undefined/status/1961949336415482185","1143426754406580224",
"1961855783894954478","Sun Aug 31 00:01:28 +0000 2025","1","@Dahnilanzar Aspirasi cuman di denger tidak dilaksanakan ya percuma pak inikan titik kulminasi gunung es yg sudah tidak terbendung segala aspirasi dan kritik tidak di gubris","1961942375967973829","","Dahnilanzar","in","","0","0","0","https://x.com/undefined/status/1961942375967973829","3159578293",
"1961942089916350631","Sun Aug 31 00:00:20 +0000 2025","3","Foto Lukisan Liem Swie Liong dari dalam rumahnya di Jalan Gunung Sahari yang dijarah massa saat kerusuhan 1998. History repeats https://t.co/uI6fykDFZW","1961942089916350631","https://pbs.twimg.com/media/Gzo37YtaIAAok6z.jpg","","in","","0","1","0","https://x.com/undefined/status/1961942089916350631","72466001",
"1961850995081887842","Sun Aug 31 00:00:02 +0000 2025","0","@PartaiSocmed Ada indikasi sepuh militer KATANYA sudah turun gunung semua. Angel .........","1961942017006879054","","PartaiSocmed","in","","0","0","0","https://x.com/undefined/status/1961942017006879054","1620896003166724096",
"1961931934843670900","Sat Aug 30 23:57:24 +0000 2025","0","@loumiers Yuk! Mau sekarang? Naik gunung...","1961941355460198685","","loumiers","in","","0","1","0","https://x.com/undefined/status/1961941355460198685","1920062145863335936",
"1961940933123170533","Sat Aug 30 23:55:44 +0000 2025","15","Gunung Kerenai https://t.co/Abf8n1JA32","1961940933123170533","https://pbs.twimg.com/media/Gzo2kT6a0AA6fZ8.jpg","","in","","0","2","1","https://x.com/undefined/status/1961940933123170533","1558675496254070785",
"1961940206988452345","Sat Aug 30 23:52:51 +0000 2025","0","Anying turun gunung","1961940206988452345","","","in","","0","1","0","https://x.com/undefined/status/1961940206988452345","1106191054867329025",
"1961870967182864665","Sat Aug 30 23:49:03 +0000 2025","0","@roblox_fess yaampun eren nanjak gunung","1961939254097117454","","roblox_fess","in","","0","0","0","https://x.com/undefined/status/1961939254097117454","1952350161218494464",
"1961939135901655361","Sat Aug 30 23:48:35 +0000 2025","0","tinggal nunggu gempa badai angin topan gunung meletus tsunami aja sih ni indon","1961939135901655361","","","in","","0","0","0","https://x.com/undefined/status/1961939135901655361","1250072448311029760",
"1961938131944718362","Sat Aug 30 23:44:36 +0000 2025","2","Wtf you mean DPR NYEMBAH GUNUNG ANJING","1961938131944718362","","","in","","1","6","0","https://x.com/undefined/status/1961938131944718362","1268055937345966080",
"1961926454557680064","Sat Aug 30 23:44:33 +0000 2025","0","@tipersona Hmm dari kemarin2 cerah udah niat mau mendaki gunung pas liat cedeum bete :)","1961938118984310820","","tipersona","in","","0","1","0","https://x.com/undefined/status/1961938118984310820","565903482",
"1961937904978346262","Sat Aug 30 23:43:42 +0000 2025","0","Temen: gue khawatirin elo ya egek! Gue kira elu demo lagi. Gue chat centang 1. Me: kan udah pasang profil gak aktif sampe nanti malem. Temen: ya gue kira karena demo Me: aku mau naik gunung kok. Hemat baterai. ","1961937904978346262","","","in","","0","0","0","https://x.com/undefined/status/1961937904978346262","1083109195451326464",
"1961937734832210172","Sat Aug 30 23:43:01 +0000 2025","0","Lihat postingan kak Seto mendaki gunung di usia 74 th. Weh ternyata tidak ada kata terlalu tua untuk melakukan hal-hal yang disukai. Semoga someday bisa melakukan hal-hal yang aku sukai yang sempat ke pending ","1961937734832210172","","","in","","0","0","0","https://x.com/undefined/status/1961937734832210172","1893327716306558976",
"1961792497782563218","Sat Aug 30 23:37:59 +0000 2025","0","@sharpandshark @tonichan157 Lagi jantungan dia bro....","1961936466596225237","","sharpandshark","in","","0","0","0","https://x.com/undefined/status/1961936466596225237","1701624074877984768",
"1961918707875340545","Sat Aug 30 23:36:46 +0000 2025","0","@txtdrjkt Apa rumahnya ada cctv di depan?? Jgn hoax ya","1961936161770987980","","txtdrjkt","in","","0","0","0","https://x.com/undefined/status/1961936161770987980","1701624074877984768",
"1961933903658353072","Sat Aug 30 23:27:48 +0000 2025","5","Kulihat ibu pertiwi Sedang bersusah hati Air matanya berlinang Mas intannya terkenang Hutan gunung sawah lautan Simpanan kekayaan Kini ibu sedang lara Merintih dan berdoa Hhh Nangis denger lagu ini Terlalu byk korban Pulang kawan ini sdh terlalu jauh Maafkan kami Indonesiaku","1961933903658353072","","","in","","0","1","2","https://x.com/undefined/status/1961933903658353072","39716466",
"1961933586342531418","Sat Aug 30 23:26:32 +0000 2025","0","yuhuuu mendaki Gunung Sinabung EAZY PEAZY DONTOL FRIENDLY BUANGETTT mana cepet... TAPI DIKEJAR KUNTI https://t.co/aGUoI4CEtK","1961933586342531418","https://pbs.twimg.com/media/GzowMPeawAACZE3.jpg","","in","","1","0","0","https://x.com/undefined/status/1961933586342531418","1173928399661871104",
"1961915229744542153","Sat Aug 30 23:21:40 +0000 2025","1","@brrynbw_ dari posisi keluar stasiun pas naik ojol atau transportasi jgn ke arah kiri bablas krn itu arah menuju kwitang senen galur ka dkt bgt sama titik. kiri trus putar balik aja lewat jalan gunung sahari atau kemayoran trus rel kereta kemayoran ka","1961932361446343156","","brrynbw_","in","","0","2","0","https://x.com/undefined/status/1961932361446343156","1447650669389778950",
"1961834789969019309","Sat Aug 30 23:17:37 +0000 2025","0","@nosmoke_sanji @MiskinTV_ masih bagusan kamar mandi basecamp di gunung ","1961931343962701912","","nosmoke_sanji","in","","0","1","0","https://x.com/undefined/status/1961931343962701912","1150962308073394178",
"1961930390777819146","Sat Aug 30 23:16:03 +0000 2025","0","ini pas kita naik gunung hihiii https://t.co/J8OK4pLMmO","1961930946741207157","https://pbs.twimg.com/media/Gzoty02aUAAwz2L.jpg","yangteganteng","in","","0","1","0","https://x.com/undefined/status/1961930946741207157","1541667033502232577",
"1961930761227084012","Sat Aug 30 23:15:19 +0000 2025","0","kenapa ya orang-orang mainnya di salon sama gunung terus padahal kalo explore banyak map seru lain. kek gue pertama kali main roblox semua map dicoba jir kok mereka bisa betah cuma main itu itu aja","1961930761227084012","","","in","","0","1","0","https://x.com/undefined/status/1961930761227084012","1191203595363868672",
"1961930539046510960","Sat Aug 30 23:14:26 +0000 2025","0","Hujan ajg wkwkwkwkw first time mau ke gunung hujan ","1961930539046510960","","","in","","0","0","0","https://x.com/undefined/status/1961930539046510960","1422556323145818118",
"1961929461211021678","Sat Aug 30 23:10:09 +0000 2025","0","Kodok dari gunung miyoboku https://t.co/4gpcARTsLH","1961929461211021678","https://pbs.twimg.com/ext_tw_video_thumb/1961929422371737600/pu/img/EdoluSil2Tri1aUR.jpg","","in","","0","0","0","https://x.com/undefined/status/1961929461211021678","363075069",
"1961789009736401207","Sat Aug 30 23:07:25 +0000 2025","2","@CakKhum Waduh...gaswat neh kalo sampe jebol...kt beathor ada bunker duit ribuan trelyun.... bisa pesta pora tuh massa... jangan ya jangan...","1961928773961695379","","CakKhum","in","","0","0","0","https://x.com/undefined/status/1961928773961695379","1701624074877984768",
"1961739610666447108","Sat Aug 30 23:05:02 +0000 2025","3","@roblox_fess aku suka bgt liat avatar2 begini lucu gemes paling gasuka ava tinggi sumpah ya kalo naik gunung ngalangin bgt tingginya ","1961928173777797414","","roblox_fess","in","","0","1","0","https://x.com/undefined/status/1961928173777797414","1340830238872227840",
"1961903517465198695","Sat Aug 30 23:00:54 +0000 2025","0","@flyrxd jangan sampe banci2 samting turun gunung yh","1961927135293304950","","flyrxd","in","","0","1","0","https://x.com/undefined/status/1961927135293304950","1361401345",
"1961925951287447592","Sat Aug 30 22:56:12 +0000 2025","0","knp ya kalo alpin lagi naik gunung itu tebakan gue sealalu bner fix sih sindoro inimah ","1961925951287447592","","","in","","0","0","0","https://x.com/undefined/status/1961925951287447592","1144153621",
"1961920458808500613","Sat Aug 30 22:53:03 +0000 2025","0","@prettr mau ngajak ke gunung apatihh","1961925160384229862","","prettr","in","","0","0","0","https://x.com/undefined/status/1961925160384229862","3191734972",
"1961925105224974337","Sat Aug 30 22:52:50 +0000 2025","0","DAMN BRUH TERNYATA COWO KALAU GALAU POTONG RAMBUT KE GUNUNG KARNA MAU MEMIKAT YG BARU damn.. apakah si botak bgt cepet bgt dong kalau iya TAPI KAN DIA EMG PLAYBOY JG SEHARI PTS UDH ADA YG BARU FAKK AAAAA GAMAUUUU https://t.co/NaN7yOboH8","1961925105224974337","https://pbs.twimg.com/media/Gzooes0agAAAGrN.jpg","","in","","0","0","0","https://x.com/undefined/status/1961925105224974337","1893376660151640064",
"1961925037973443035","Sat Aug 30 22:52:34 +0000 2025","0","mundur jadi jasa naik gunung roblok aja kayak manager ku yang keren ini https://t.co/KceVM79t8o","1961925037973443035","https://pbs.twimg.com/media/GzoobMYa0AApkFd.jpg","","in","","0","0","0","https://x.com/undefined/status/1961925037973443035","1728714372560908288",
"1961919704252993726","Sat Aug 30 22:50:57 +0000 2025","0","@roblox_fess Gunung lawak","1961924630597575044","","roblox_fess","in","","0","0","0","https://x.com/undefined/status/1961924630597575044","1518367699361202176",
"1961807702570705148","Sat Aug 30 22:43:29 +0000 2025","0","@KAI121 Sy dpt SMS KAI121 untk pemberangkatan bisa ke Jatinegara utk alternatif meski pemberangkatan dari Gambir utk KA Gunung Jati jam 9 pagi ini. Nggak masalah kah nin?","1961922750035247474","","KAI121","in","","0","0","0","https://x.com/undefined/status/1961922750035247474","59404563",
"1961774507867402502","Sat Aug 30 22:42:30 +0000 2025","1","@taufik_q Ayo semua tokoh bangsa yang masih waras turun gunung !!! Jangan sampai kondisi ini menjadi semakin chaos dan tanpa arah.","1961922506102829243","","taufik_q","in","","0","0","0","https://x.com/undefined/status/1961922506102829243","1728600041970135040",
"1961921095532986402","Sat Aug 30 22:40:57 +0000 2025","1","@SprinterExpres0 Gunung es kekecewaan pada polri","1961922112962298042","","SprinterPress","in","","0","0","0","https://x.com/undefined/status/1961922112962298042","1504120298379288579",
"1961921505245405514","Sat Aug 30 22:38:32 +0000 2025","0","Main gunung sumbing udah lewatin goa trus salah jalan akhirnya malah balik tempat semula padahal didepan udah ada cp. Helper banyak tapi kerjaannya ngerumpi ama temen2nya doang si kocak. Kagak ada bantuin yg lain.","1961921505245405514","","","in","","0","0","0","https://x.com/undefined/status/1961921505245405514","1606253713227595776",
"1961405981000171918","Sat Aug 30 22:37:32 +0000 2025","1","@tvOneNews Dimobil pasti ada komunikasi dg markas nya apa itu keputusan dari team dalam mobil? Pak Presiden yang terhormat ini sudah habis gunung meletus itu mau bersih harus dr pohon yg paling tinggi arus atap rumah setelah itu baru halamannya kalau tidak kotoran diatas tetap kotor lagi","1961921254572904564","","tvOneNews","in","","0","0","0","https://x.com/undefined/status/1961921254572904564","1837422826992947204",
"1961919704252993726","Sat Aug 30 22:31:22 +0000 2025","1","!roblox timun-timun saran gunung yang lagi rame n banyak orangnyaa banyak yang onmic dong","1961919704252993726","","","in","","0","7","0","https://x.com/undefined/status/1961919704252993726","1903872646678470656",
"1961825272384377260","Sat Aug 30 22:17:21 +0000 2025","1","@vaduh_daw Rusak. Gw lagi ngumpet di pesantren belakang toko buku gunung agung","1961916175459504339","","vaduh_daw","in","","0","1","0","https://x.com/undefined/status/1961916175459504339","999418577215078400",
"1961915191693836432","Sat Aug 30 22:13:26 +0000 2025","5","pacarku jam segini lagi liat sunrise di gunung slamet gue diajak tapi masih menolak ","1961915191693836432","","","in","","0","0","0","https://x.com/undefined/status/1961915191693836432","1340940014478192641",
"1961914613345526239","Sat Aug 30 22:11:09 +0000 2025","0","Ketika jiwa rebahan terlalu kuat Mau di pantai gunung atau hotel bintang lima Ending-nya tetap rebahan sambil scroll TikTok Video ini relatable banget buat kaum rebahan sejati! Mau liat keseruan video lucu lainnya? Klik link di bio ya! #JiwaRebahan https://t.co/0mG5inYgZk","1961914613345526239","https://pbs.twimg.com/amplify_video_thumb/1961914098998018048/img/wxEwYRRLK46t6Qi8.jpg","","in","","0","0","0","https://x.com/undefined/status/1961914613345526239","742519554",
"1961914461654335558","Sat Aug 30 22:10:32 +0000 2025","0","ngumpet di ln ngumpet noh di gunung kawi","1961914461654335558","","","tl","","0","0","0","https://x.com/undefined/status/1961914461654335558","1301790363300950016",
"1961831956213375488","Sat Aug 30 21:42:17 +0000 2025","0","@coldthem area istiqlal dari gunung sahari aman ga kak?","1961907350136340771","","coldthem","in","","0","0","0","https://x.com/undefined/status/1961907350136340771","1160435804239351809",
"1961904210511012027","Sat Aug 30 21:29:48 +0000 2025","0","Mau naik gunung aja gue berasa pen nangis liat kawan2 aksi ditembak dipukul membabi-buta. Itu isilop pada labil gue sumpahin pada kena amuk massa pulang dihantam sama para tetangga di rumah. Anak-istri-suami dikeroyok tetangga yg menuntut keadilan.","1961904210511012027","","","in","","0","0","0","https://x.com/undefined/status/1961904210511012027","1083109195451326464",
"1939086523842076710","Sat Aug 30 21:15:11 +0000 2025","0","105. gunung daik https://t.co/CTT5I8exMo","1961900530751750632","https://pbs.twimg.com/media/GzoSGcNaEAAXcrp.jpg","szmbal","in","","0","1","0","https://x.com/undefined/status/1961900530751750632","1649140527441534976",
"1939086523842076710","Sat Aug 30 21:14:48 +0000 2025","0","104. gunung bohong https://t.co/bkc6htNEOH","1961900432210686311","https://pbs.twimg.com/media/GzoSAAVa4AApHSC.jpg","szmbal","in","","0","1","0","https://x.com/undefined/status/1961900432210686311","1649140527441534976",
"1939086523842076710","Sat Aug 30 21:14:15 +0000 2025","0","103. gunung nang east https://t.co/zcxVqVZtnk","1961900294356484140","https://pbs.twimg.com/media/GzoR4SnbMAAcapB.jpg","szmbal","tl","","0","1","0","https://x.com/undefined/status/1961900294356484140","1649140527441534976",
"1939086523842076710","Sat Aug 30 21:13:50 +0000 2025","0","102. gunung ejet https://t.co/MEoY7iRGsc","1961900192132989405","https://pbs.twimg.com/media/GzoRy46a0AAS4LR.jpg","szmbal","tl","","0","1","0","https://x.com/undefined/status/1961900192132989405","1649140527441534976",
"1939086523842076710","Sat Aug 30 21:13:12 +0000 2025","0","101. gunung basundara (lupa nama gunungnya) https://t.co/pqQWyPp4Y4","1961900033311424792","https://pbs.twimg.com/media/GzoRg5ibEAAXitN.jpg","szmbal","in","","0","1","0","https://x.com/undefined/status/1961900033311424792","1649140527441534976",
"1961899778423550054","Sat Aug 30 21:12:12 +0000 2025","0","dah seratus di gunung daun siapa mau digendog aowwkskkwwok","1961899778423550054","","","in","","0","0","0","https://x.com/undefined/status/1961899778423550054","1265932731420049411",
"1939086523842076710","Sat Aug 30 21:12:10 +0000 2025","0","100. gunung ravika https://t.co/wVHuZ5XaTG","1961899773272977631","https://pbs.twimg.com/media/GzoRZ7aaoAADQ5A.jpg","szmbal","in","","0","1","0","https://x.com/undefined/status/1961899773272977631","1649140527441534976",
"1950961255143084093","Sat Aug 30 21:09:00 +0000 2025","0","Gunung Hilih (9/10) ada 7 cp trs lucuu cpnya di api unggun gitu. rintangannya masih ok menurutku ez to medium. pink2 lucuu banyak spot foto https://t.co/rKIuydJfq3","1961898974291611885","https://pbs.twimg.com/media/GzoQtuWa0AAPCwj.jpg","naalonica","in","","0","1","0","https://x.com/undefined/status/1961898974291611885","1933222343188623362",
"1961782323709694096","Sat Aug 30 20:41:26 +0000 2025","0","@identetas akulah dontol yang cuma bisa gunung daun tersebut","1961892038305280392","","identetas","in","","0","1","0","https://x.com/undefined/status/1961892038305280392","1849879129820364803",
"1961890439407243390","Sat Aug 30 20:36:58 +0000 2025","0","@Belle_fleur01 Gw aja dah ngungsi ke gunung karna kota semakin tegang","1961890915116896611","","Belle_fleur01","in","","0","1","0","https://x.com/undefined/status/1961890915116896611","1301562993835085825",
"1961862570710868461","Sat Aug 30 20:35:02 +0000 2025","1","@thecancergirlss lagi gak kondusif aku pengen munggah gunung yo ngempet","1961890424496472229","","thecancergirlss","in","","0","1","0","https://x.com/undefined/status/1961890424496472229","1088800692205117440",
"1961881794816688285","Sat Aug 30 20:28:14 +0000 2025","0","@caaacing__ gerlong marnat gunung batu aman gada sweeping tadi","1961888714579456005","","caaacing__","in","","0","0","0","https://x.com/undefined/status/1961888714579456005","1111678118463340544",
"1961888391169196082","Sat Aug 30 20:26:57 +0000 2025","5","Memutuskan membatalkan perjalanan ke Semarang. Namun untuk kengkawan yang ada kebutuhan mobilitas di tanggal tersebut boleh DM ya. Harga cingcai. Saya jual 3 tiket Gunung Harta Eksekutif Semarang - Jakarta tanggal 7 September 2025 naik dari Banyumanik turun Pulo Gebang. https://t.co/R5y9ryaUMT","1961888391169196082","https://pbs.twimg.com/media/GzoHFmBbgAAs539.jpg","","in","","2","1","9","https://x.com/undefined/status/1961888391169196082","52052260",
"1961887733636591959","Sat Aug 30 20:24:20 +0000 2025","1","Ketika RAS terkuat di bumi turun dari gunung #warnetqq https://t.co/Q3tc5Im8HQ","1961887733636591959","https://pbs.twimg.com/amplify_video_thumb/1961887527213932544/img/XZ1XuRn_eYh_6iWF.jpg","","in","","0","0","0","https://x.com/undefined/status/1961887733636591959","1733435516895584256",
"1961887110065181168","Sat Aug 30 20:21:51 +0000 2025","0","Sipil vs aparat ternyata di roblox kita mancing dan naik gunung bareng NANGESSS","1961887110065181168","","","in","","0","0","0","https://x.com/undefined/status/1961887110065181168","73910920",
"1961881750264754263","Sat Aug 30 20:17:09 +0000 2025","0","@javedehaize Gatau bawaannya mau naik gunung terus","1961885927627985228","","javedehaize","in","","0","0","0","https://x.com/undefined/status/1961885927627985228","1889355147962396672",
"1961819858305442224","Sat Aug 30 20:13:13 +0000 2025","0","Gunung sahari masih ada kumpulan orgorg blm bubar","1961884936451035290","","ElfShibeewol","in","","0","1","0","https://x.com/undefined/status/1961884936451035290","1325569428323328000",
"1961884712328384747","Sat Aug 30 20:12:20 +0000 2025","0","day 1 cekek admin gunung atin https://t.co/6u1N19vjnZ","1961884712328384747","https://pbs.twimg.com/media/GzoDtndb0AAiSmF.jpg","","in","","0","0","0","https://x.com/undefined/status/1961884712328384747","1322394880010719232",
"1961883882711839120","Sat Aug 30 20:09:02 +0000 2025","0","Saya bingung terutama karena pemimpin kita gak tahu manajemen konflik yang baik. Mungkin mereka gak niat mau menjawab hak masyarakat atau tak menyangka orang2 akan semarah ini. Tidak sadar bawa ini adalah puncak gunung es dari kebijakan yang mencekik leher rakyat....","1961883882711839120","","","in","","0","1","0","https://x.com/undefined/status/1961883882711839120","42819347",
"1961220711315640670","Sat Aug 30 20:06:39 +0000 2025","0","@syabimosha @metmalaysia Natural disaster bang. Bukan human made disaster yang boleh control gunung berapi kalau meletus pun takde siapa boleh jangka. Tsunami nak datang pun tak boleh jangka. Lagikan gempa bumi.","1961883282842480767","","syabimosha","in","","0","0","0","https://x.com/undefined/status/1961883282842480767","1517469945029747104",
"1961444808825999795","Sat Aug 30 20:05:12 +0000 2025","0","@ceritadungimut tau! kalo ga gendong gue summit gunung sibuatan dah anjrit susah bgt","1961882919456436618","","ceritadungimut","in","","0","0","0","https://x.com/undefined/status/1961882919456436618","1787831139073421312",
"1961881750264754263","Sat Aug 30 20:00:33 +0000 2025","1","Sikecil lagi aktif naik gunung https://t.co/iM0sWl3GPw","1961881750264754263","https://pbs.twimg.com/media/GzoBDf2a8AAi5r5.jpg","","in","","0","1","0","https://x.com/undefined/status/1961881750264754263","1919491150215577600",
"1961880614963155391","Sat Aug 30 19:56:03 +0000 2025","0","Gunung Yagitu ini ga terlalu susah cuman apa ya capek karna jalannya ga cepet dan gua jadi bosen. Gunung Yagitu https://t.co/BhXfnO8dOi","1961880614963155391","https://pbs.twimg.com/media/GzoAAm5a8AEMdye.jpg","","in","","0","0","0","https://x.com/undefined/status/1961880614963155391","1935972671352909824",
"1961244256313438681","Sat Aug 30 19:55:20 +0000 2025","0","@IzzraifHarz Lagi satu mindset Malaysia takde gunung berapi tu salah ya. Kita ada gunung berapi. Tapi dah pupus atau tak aktif. Sebab kita dah tak duduk atas garisan api pasifik macam Indonesia dan negara lain. Kalau ditakdirkan kita kembali atas garisan aktif la depa balik.","1961880434461356249","","IzzraifHarz","in","","0","0","0","https://x.com/undefined/status/1961880434461356249","1517469945029747104",
"1961879181303963829","Sat Aug 30 19:50:21 +0000 2025","0","gunung aruna difficulty: ez. gatau lupa bisa gendong apa engga lupa juga berapa cp tapi keknya pendek. itu jembatan mayan ada yang jauh jaraknya jadi kudu mepet hitbox banget sebelum lompat. https://t.co/eGh9WwcoP6","1961879181303963829","https://pbs.twimg.com/media/Gzn-tKsbAAAYHLZ.jpg","","in","","1","0","0","https://x.com/undefined/status/1961879181303963829","1883212183",
"1961784097027822067","Sat Aug 30 19:47:40 +0000 2025","0","@sirionyourside ini gunung kimak sumpa ","1961878508369781078","","sirionyourside","in","","0","1","0","https://x.com/undefined/status/1961878508369781078","752835261273403392",
"1961877290239013285","Sat Aug 30 19:42:50 +0000 2025","0","mount sigma ez aja dek tapi antar cp jauh benul. gunung 'normal' yang cakeeeup pemandangannya. btw itu anomali squidward bisa gerak tapi gatau kalo nyentuh kena demek ga ane dari awal menghindar gede bener bejir serem awikwok. https://t.co/GQesERGqE5","1961877290239013285","https://pbs.twimg.com/media/Gzn8_K1aEAAjmuk.jpg","","in","","1","1","0","https://x.com/undefined/status/1961877290239013285","1883212183",
"1961876936067838091","Sat Aug 30 19:41:26 +0000 2025","0","Mending kita naik gunung besok ","1961876936067838091","","","in","","0","0","0","https://x.com/undefined/status/1961876936067838091","902460682280386561",
"1961875692423127380","Sat Aug 30 19:36:29 +0000 2025","0","gunung yahayuk https://t.co/Be6dY5XTeD","1961875692423127380","https://pbs.twimg.com/media/Gzn7isabwAASrfu.jpg","","in","","0","0","0","https://x.com/undefined/status/1961875692423127380","4023863171",
"1961875566795346422","Sat Aug 30 19:35:59 +0000 2025","0","mount owashu difficulty: ez aja dek track pendek bisa gendong. tapi terima kasih alomani berwarna pink penunggu gunung yang sudah membantu di 1 cp. https://t.co/EWp86rngcS","1961875566795346422","https://pbs.twimg.com/media/Gzn7a8XbwAAaZTb.jpg","","in","","1","1","0","https://x.com/undefined/status/1961875566795346422","1883212183",
"1961875512994988542","Sat Aug 30 19:35:46 +0000 2025","0","ava teteh2 cina secakep ini dibawa nya naik gunung WKWKKWKW https://t.co/edHBfQJp3W","1961875512994988542","https://pbs.twimg.com/media/Gzn7YLHaoAADbfH.jpg","","in","","0","0","0","https://x.com/undefined/status/1961875512994988542","1014825702086983680",
"1961780765177610342","Sat Aug 30 19:35:41 +0000 2025","0","@mayyarmdhi Aku gk cek sih kak brp memorinya soalnya kan itu dari robloxnya dan aku banyak masuk map gitu kadang naik gunung kadang berkebun","1961875492149317741","","mayyarmdhi","in","","0","0","0","https://x.com/undefined/status/1961875492149317741","1826084839365423104",
"1961875367750475824","Sat Aug 30 19:35:12 +0000 2025","3","semoga si gendut pejabat aparat beraknya susah aamiin mau kencing nyeng nyengan aamiin tai nya segede batu gunung dan sekeras batu kali aamiin https://t.co/P5wPtFWLRx","1961875367750475824","https://pbs.twimg.com/tweet_video_thumb/Gzn7P2kaMAA5PDa.jpg","","in","","0","1","0","https://x.com/undefined/status/1961875367750475824","1685202630602293248",
"1961870967182864665","Sat Aug 30 19:32:24 +0000 2025","0","@noturseverus @roblox_fess ayok gunung bwank ","1961874664516616417","","noturseverus","tl","","0","0","0","https://x.com/undefined/status/1961874664516616417","1005203634181869568",
"1961869332172218775","Sat Aug 30 19:30:01 +0000 2025","2","@SahroniNasdem gak ngefek ya pak..udeh harta benda ludes...mobil impian hancur...masih kuat aje main twitt...ya harta masih satu gunung santai aje yee","1961874063271628936","","","in","","0","0","0","https://x.com/undefined/status/1961874063271628936","149870118",
"1961826664994029752","Sat Aug 30 19:28:59 +0000 2025","1","@Licht_909 @riccivall terakhir aku liat ke gunung sahari jam segini kak masih aman udah ada buser jugaa sekarang pamit bobo dulu https://t.co/eKZ19yeekw","1961873805539950699","https://pbs.twimg.com/ext_tw_video_thumb/1961873783020826624/pu/img/KE1cD7g4sRfN2FVo.jpg","Licht_909","in","","0","1","1","https://x.com/undefined/status/1961873805539950699","1571056943460143104",
"1961777166318006740","Sat Aug 30 19:26:08 +0000 2025","15","@caaacing__ 5. Fly Over Jati Baru (Nyala tapi di Website terlihat Sepi ini berupa kayak foto bukan video live ya btw) 6. Gunung Sahari (MATI OFFLINE) 7. Hasyim Ashari (Nyala tapi di Website terlihat Sepi ini berupa kayak foto bukan video live ya btw) 8. Kyai Caringin - Cideng (MATI OFFLNE)","1961873085591941425","","motorbebek125","in","","0","1","8","https://x.com/undefined/status/1961873085591941425","1658134353573199872",
"1961869555862823264","Sat Aug 30 19:22:10 +0000 2025","0","@rahpequeno naik gunung apa sar","1961872088073142561","","rahpequeno","in","","0","1","0","https://x.com/undefined/status/1961872088073142561","1370386460130439168",
"1961861104780607726","Sat Aug 30 18:38:31 +0000 2025","1","astaghfirullah gemeter bgt masa udh sampe gunung sahari astaghfirullahaladzim astaghfirullahaladzim astaghfirullahaladzim ya allah lindungilah hamba sekeluarga ","1961861104780607726","","","in","","0","1","0","https://x.com/undefined/status/1961861104780607726","1362670075069689856",
"1961860911771365600","Sat Aug 30 18:37:45 +0000 2025","1","Gunung Sumbing bersama adik https://t.co/QA7GtT1azs","1961860911771365600","https://pbs.twimg.com/media/GznuGdraYAAC3HP.jpg","","in","","0","1","1","https://x.com/undefined/status/1961860911771365600","1792599958505615360",
"1961853996899201287","Sat Aug 30 18:36:58 +0000 2025","0","@ery_nvsn Sibuk ngerjain misi besok ya kita main aku habis menemukan gunung lusyu ala jejepangan.","1961860714685161945","","ery_nvsn","in","","0","0","0","https://x.com/undefined/status/1961860714685161945","1339557805515104257",
"1961859161563730092","Sat Aug 30 18:35:47 +0000 2025","2","@seyormeyor yang naik gunung jatohin aja","1961860415627071678","","seyormeyor","in","","0","0","1","https://x.com/undefined/status/1961860415627071678","1502421940111175680",
"1961646972156481933","Sat Aug 30 18:34:25 +0000 2025","0","@mrsziiya @narkotba @aimr0d gk mau gw ntar di jorokin pake perut gendutnya itu ke ujung gunung","1961860073388744935","","mrsziiya","in","","0","0","0","https://x.com/undefined/status/1961860073388744935","1801193583862849537",
"1961125390866681925","Sat Aug 30 18:30:50 +0000 2025","0","@Rcneyshc Naik gunung sya.","1961859170849693852","","Rcneyshc","in","","0","1","0","https://x.com/undefined/status/1961859170849693852","1801334178417418240",
"1961858291157667920","Sat Aug 30 18:27:20 +0000 2025","0","kocaknya adalah niat nya mau me time kayak naik gunung sendiri bertemu teman baru endingnya se tempat kerja mau ikutan juga... zzzzz ","1961858291157667920","","","in","","0","0","0","https://x.com/undefined/status/1961858291157667920","915159702404603905",
"1961841868851069212","Sat Aug 30 18:27:09 +0000 2025","0","@kjoowool_ gw naik gunung malah makin emosi krn gak nyampe2 CP ","1961858242759590387","","kjoowool_","in","","0","1","0","https://x.com/undefined/status/1961858242759590387","1830307732093796353",
"1961858150023438552","Sat Aug 30 18:26:47 +0000 2025","1","Menamatkan gunung ngantukan https://t.co/RyQqtTyYBl","1961858150023438552","https://pbs.twimg.com/media/GznrlI-aYAAse37.jpg","","in","","0","1","1","https://x.com/undefined/status/1961858150023438552","887991114216624128",
"1961857848150991048","Sat Aug 30 18:25:57 +0000 2025","1","Rakyat bukan sekadar air. Mereka adalah hujan yang jatuh satu-satu lalu bersatu menjadi banjir. Mereka bukan sekadar api; mereka bara yang disembunyikan angin lalu tiba-tiba menjelma gunung yang memuntahkan lahar. Mereka bukan sekadar suara; Mereka gema yang terus menggema. https://t.co/VeJyoIgNsd","1961857942145441835","https://pbs.twimg.com/media/GznrZtKbkAAftBQ.jpg","ssaleinad","in","","0","1","1","https://x.com/undefined/status/1961857942145441835","1257921026974822401",
"1961857393543020610","Sat Aug 30 18:23:46 +0000 2025","17","Dapet kabar daerah trisakti mangga besar kemayoran gunung sahari rame ricuh. Ada yang bisa verif?? Plis bantu up https://t.co/ijaruadNv4","1961857393543020610","https://pbs.twimg.com/media/Gznq5agaMAAymo0.jpg","","in","","0","8","2","https://x.com/undefined/status/1961857393543020610","1311733708202762243",
"1961857350727573917","Sat Aug 30 18:23:36 +0000 2025","0","Akhirnya nyoba juga daki gunung https://t.co/jFzZRQerCC","1961857350727573917","https://pbs.twimg.com/media/Gznq2mNboAE-2h0.jpg","","in","","0","3","0","https://x.com/undefined/status/1961857350727573917","1016220435006935040",
"1961857249456095556","Sat Aug 30 18:23:12 +0000 2025","2","Menamatkan Gunung sumbing Maksih uda carry dua bocil enih @KMINGYUfolk @BIAG3NCY https://t.co/nudHrKIs8a","1961857249456095556","https://pbs.twimg.com/media/GznqwzKaoAApJJM.jpg","","in","","1","1","2","https://x.com/undefined/status/1961857249456095556","887991114216624128",
"1961828344883982726","Sat Aug 30 18:22:12 +0000 2025","0","@urrhoneybby @ophtion Iyaa bisa pokoknya kalo udah ketemu gunung sahari jangan ke arah senen aja wkwkwk Masuk nyebrang lewat kemayoran duluu","1961856998536048877","","urrhoneybby","in","","0","0","0","https://x.com/undefined/status/1961856998536048877","1021624129",
"1961855715582308630","Sat Aug 30 18:21:17 +0000 2025","0","@eaJPark di sana gunung di sini gunung wayangnya bingung bang eja juga bingung","1961856768679764066","","eaJPark","in","","0","0","0","https://x.com/undefined/status/1961856768679764066","847721468716646405",
"1961856064250617925","Sat Aug 30 18:18:29 +0000 2025","0","gunung cantikkk ga banyak tangga jelek https://t.co/MxLikbeyZE","1961856064250617925","https://pbs.twimg.com/media/Gznpr4ma8AAirmW.jpg","","in","","0","1","0","https://x.com/undefined/status/1961856064250617925","1931954494398779392",
"1961855912660132066","Sat Aug 30 18:17:53 +0000 2025","0","maksudnya liat....ortu gua yg segengsi gunung everest dan ngechat cmn buat ngingetin mkn atau lg apa pun sampe ngechat kayak gini stelah liat berita smalem. ajg sedih bgt fakyu penyebab smua ini fakyu bnrn https://t.co/yYfhSy0je9","1961855912660132066","https://pbs.twimg.com/media/GznpjB0aYAAJ0g8.jpg","","in","","0","0","0","https://x.com/undefined/status/1961855912660132066","1278683407237517313",
"1961676393366118628","Sat Aug 30 18:17:19 +0000 2025","0","@Jokyeom Bener. Ini abang dah sampe gunung kawi.","1961855767675605096","","Jokyeom","in","","0","1","0","https://x.com/undefined/status/1961855767675605096","910627466737102848",
"1961845638699855888","Sat Aug 30 18:13:48 +0000 2025","0","@newnyorkcity takut bgt halte gunung sahari kena bakar.. gue kuliah naik apa woi","1961854885789659152","","erdntaed","in","","0","0","0","https://x.com/undefined/status/1961854885789659152","1538571464181329920",
"1961853665100411215","Sat Aug 30 18:13:38 +0000 2025","0","@chenloiya HAHAHAHAHAH NAURRRR actually aku kat kedah pastu pi gunung jerai pastu ada strawberry farm hshshsshshshshshshs","1961854843716522235","","chenloiya","in","","0","1","0","https://x.com/undefined/status/1961854843716522235","1086046672772259840",
"1961846547832066082","Sat Aug 30 17:40:41 +0000 2025","0","matahari sumber kalsium tp pendek karena dataran rendah. Yang orang gunung pun masih range pendek apalagi di lelaki. Dan lebar karena matahari. Sera genetik warna hitam dan genetik mata ke halis jauh hidung lebar.","1961846547832066082","","","in","","0","0","0","https://x.com/undefined/status/1961846547832066082","879899875",
"1961846057979244652","Sat Aug 30 17:38:44 +0000 2025","0","Dokum gunung akhirat hari ini bersama my adit setia saya aku gw (@darkmvon). Besok Atin sama Daun y. https://t.co/QlwL6fw2kC","1961846057979244652","https://pbs.twimg.com/media/GznglZkaYAADWBj.jpg","","in","","0","2","1","https://x.com/undefined/status/1961846057979244652","1353318547162767361",
"1961844860954263606","Sat Aug 30 17:33:58 +0000 2025","0","main gunung akhirat karena stress liat kondisi negara","1961844860954263606","","","in","","0","1","0","https://x.com/undefined/status/1961844860954263606","845420940229947392",
"1961840930400673955","Sat Aug 30 17:32:09 +0000 2025","0","@remahan_choco89 Temenku yg info tadi dia cari atm area gunung sahari deket2 situ","1961844403011809571","","remahan_choco89","in","","0","1","0","https://x.com/undefined/status/1961844403011809571","1497552343608356866",
"1961840930400673955","Sat Aug 30 17:31:29 +0000 2025","0","@julybloomy Iya temenku di area gunung sahari sih jaga2 aja tarik tunai dan stok makanan dulu ya","1961844233893261720","","julybloomy","in","","0","1","0","https://x.com/undefined/status/1961844233893261720","1497552343608356866",
"1961814288848269525","Sat Aug 30 17:30:25 +0000 2025","0","@BaseBDG aman ka padalarang mah bisa lewat pasteur gunung batu asal ulah ka arah dago","1961843966896476588","","BaseBDG","in","","0","0","0","https://x.com/undefined/status/1961843966896476588","1085051626933506048",
"1961789894327754786","Sat Aug 30 17:29:03 +0000 2025","0","@karim_maulana97 Tinggal pesugian di gunung kawi","1961843623185846570","","enka_lisa","in","","0","0","0","https://x.com/undefined/status/1961843623185846570","1353712674899599361",
"1961811907847008301","Sat Aug 30 17:29:01 +0000 2025","0","@delimaygm Nah ini kak masalahnya ngga ada kerabat disana kalau siang gitu aman ngga ya tapi akunya dari terminal terus lewat gunung anyar sampe mulyorejo gimana ya","1961843615652819178","","delimaygm","in","","0","1","0","https://x.com/undefined/status/1961843615652819178","1551071219864064000",
"1961843175146029453","Sat Aug 30 17:28:18 +0000 2025","0","@Gkddess Sosok juru kunci gunung Hauk","1961843432231419929","","Gkddess","in","","0","1","0","https://x.com/undefined/status/1961843432231419929","1417674869857157124",
"1961843175146029453","Sat Aug 30 17:27:16 +0000 2025","2","Tarian selebrasi summit 154 gunung Hauk https://t.co/lSUtpIvdC6","1961843175146029453","https://pbs.twimg.com/amplify_video_thumb/1961843107412291584/img/SlX09kdBx6-LDImx.jpg","","in","","0","4","0","https://x.com/undefined/status/1961843175146029453","1890007700387639296",
"1961842991783694812","Sat Aug 30 17:26:33 +0000 2025","0","manusia gengsi setinggi gunung rinjani ini beradu dengan manusia low profile stay private update se abad sekali mampusss ga tuh","1961842991783694812","","","in","","0","0","0","https://x.com/undefined/status/1961842991783694812","1008304326",
"1961842368354947396","Sat Aug 30 17:24:04 +0000 2025","1","gue benci pemerintaaahhh gue gabisa main liat bogel naik gunung sambil live tiktok karna lo block fiturnyaaaaa asuuuuu","1961842368354947396","","","in","","0","0","0","https://x.com/undefined/status/1961842368354947396","1273235370012848128",
"1961827096520745324","Sat Aug 30 17:23:53 +0000 2025","0","@erxxx11 @kegblgnunfaedh Gaakan lah bang. Pesugihannya aja ke gunung (sensor)","1961842324058882495","","erxxx11","in","","0","0","0","https://x.com/undefined/status/1961842324058882495","155202382",
"1961842180840202303","Sat Aug 30 17:23:19 +0000 2025","0","Sehari namatin 3 gunung cape juga","1961842180840202303","","","in","","0","0","0","https://x.com/undefined/status/1961842180840202303","1327473331533017088",
"1961833499612389513","Sat Aug 30 17:22:21 +0000 2025","0","@jaehyundtt Td gunung atin","1961841937046249619","","jaehyundtt","in","","0","0","0","https://x.com/undefined/status/1961841937046249619","1308213906368733184",
"1961841882704814417","Sat Aug 30 17:22:08 +0000 2025","0","Gua kira ini lagu bakal keluar pas gempa gunung meletus banjir bandang doang. Tapi pas munculnya sekarang hati tersayat banget rasanya","1961841882704814417","","","in","","0","0","0","https://x.com/undefined/status/1961841882704814417","1906942785678462976",
"1961826290685915439","Sat Aug 30 17:21:14 +0000 2025","0","@aceyous Gunung apa ini","1961841656229192086","","ceyilion","in","","0","1","0","https://x.com/undefined/status/1961841656229192086","1764637344454631424",
"1961820257938817359","Sat Aug 30 17:20:42 +0000 2025","0","@fjocalors Gunung apa ini","1961841519289311721","","fjocalors","in","","0","1","0","https://x.com/undefined/status/1961841519289311721","1318953966684626945",
"1961841446933393522","Sat Aug 30 17:20:24 +0000 2025","1"," Gunung Kerbau Moa Maluku Barat Daya https://t.co/8jLrsztvbA","1961841446933393522","https://pbs.twimg.com/media/GzncZCaawAAc3lp.jpg","","in","","0","0","0","https://x.com/undefined/status/1961841446933393522","386448218",
"1961827270554996996","Sat Aug 30 17:18:54 +0000 2025","0","@kiyfomi aww bisa ajh. yuk ah bersama duo imup dontol ini kita summit-kan map map gunung dontol friendly itu","1961841066308722863","","kiyfomi","in","","0","0","0","https://x.com/undefined/status/1961841066308722863","2653367629",
"1961830813466804517","Sat Aug 30 16:52:40 +0000 2025","1","@sensasisa @SolJackDripper Ya membekukan DPR tapi dgn alasan yg berbeda dengan gusdur kondisi saat ini smakin tidak kondusif rakyat sdh lama jengah dgn para wakil rakyat dan sekarang adalah puncak gunung es rakyat hidup makin susah dan menderita tp para wakil rakyat tidur nyenyak di dalam rumah mewah","1961834465074032712","","sensasisa","in","","0","0","0","https://x.com/undefined/status/1961834465074032712","892775046",
"1961834286598025425","Sat Aug 30 16:51:57 +0000 2025","0","mendaki gunung sibuatan sambil di carry^^","1961834286598025425","","","in","","0","0","0","https://x.com/undefined/status/1961834286598025425","758179455135322115",
"1961611997742862421","Sat Aug 30 16:51:07 +0000 2025","1","@RaydStudio Ayukk naik gunung bareng","1961834076173988304","","RaydStudio","in","","0","0","0","https://x.com/undefined/status/1961834076173988304","1940657781344018432",
"1961833825321029892","Sat Aug 30 16:50:07 +0000 2025","0","cacak ini jg definisi org baik sprt ibu per. walau syg tggl di gunung bantar ","1961833825321029892","","","in","","0","0","0","https://x.com/undefined/status/1961833825321029892","1293397827561771010",
"1961833499612389513","Sat Aug 30 16:48:50 +0000 2025","0","Hari2 summit gunung","1961833499612389513","","","in","","0","1","0","https://x.com/undefined/status/1961833499612389513","1308213906368733184",
"1961833376484311538","Sat Aug 30 16:48:20 +0000 2025","0","Pokonya ada gunung warna pink pasti kudatangi https://t.co/3xFVNNnpsu","1961833376484311538","https://pbs.twimg.com/media/GznVDikaUAAwYtq.jpg","","in","","0","0","0","https://x.com/undefined/status/1961833376484311538","1801492701193637890",
"1961827905044111621","Sat Aug 30 16:47:29 +0000 2025","0","@naalonica seru mendaki gunung yang asli","1961833159743717730","","k1lledbyna","in","","0","0","0","https://x.com/undefined/status/1961833159743717730","1065067003767967746",
"1961833118043976116","Sat Aug 30 16:47:19 +0000 2025","3","manusia² anj yg ada di senayan sana dan berpura² tolol semoga hidup lu ngk akan pernah tenang sampe kapanpun dan di akhirat lo akan dilindes batu api segede gunung tiap 1 detik sekali","1961833118043976116","","","in","","0","0","0","https://x.com/undefined/status/1961833118043976116","1884788966467186688",
"1961827125482471821","Sat Aug 30 16:46:13 +0000 2025","0","@calomnantu Naik gunung sm backroom walau dontol ️","1961832843547693509","","calomnantu","in","","0","1","0","https://x.com/undefined/status/1961832843547693509","1931229346825662464",
"1961825687440154908","Sat Aug 30 16:46:04 +0000 2025","0","@chc0lahot GUNUNG HANAMIII","1961832804221927819","","chc0lahot","tl","","0","0","0","https://x.com/undefined/status/1961832804221927819","1957875606823268359",
"1961832685141368954","Sat Aug 30 16:45:35 +0000 2025","178","jangan dijalan ya langusng masuk kampungan yang disenen yang di salemba ke arah paseban yang dari gunung sahari ke arah bungur jangan ke terusan garuda terus ke pasarnangka sebelah pombensin ada gang.","1961832685141368954","","","in","","3","1","109","https://x.com/undefined/status/1961832685141368954","1811741588944748545",
"1961823939673600501","Sat Aug 30 16:44:28 +0000 2025","0","@Syluvein gunung apa itu ay","1961832404097884584","","","in","","0","0","0","https://x.com/undefined/status/1961832404097884584","1951983156304936960",
"1961832326943608998","Sat Aug 30 16:44:10 +0000 2025","0","Tawarin apapun kebutuhan naik gunung","1961832326943608998","","","in","","0","2","0","https://x.com/undefined/status/1961832326943608998","1382902907247292419",
"1961832284090421302","Sat Aug 30 16:44:00 +0000 2025","1","Tawarin apapun untuk naik gunung","1961832284090421302","","","in","","0","7","0","https://x.com/undefined/status/1961832284090421302","1382902907247292419",
"1961832226779533338","Sat Aug 30 16:43:46 +0000 2025","13","BETI turun gunung.....","1961832226779533338","","","in","","0","2","5","https://x.com/undefined/status/1961832226779533338","1133311906976952320",
"1961831962685092079","Sat Aug 30 16:42:43 +0000 2025","0","Gw pergi besok (ke gunung) kalau ada apa apa ris yg pegang akun ini","1961831962685092079","","","in","","0","0","0","https://x.com/undefined/status/1961831962685092079","1422556323145818118",
"1961831809492426981","Sat Aug 30 16:42:07 +0000 2025","0","take me back to gunung kidul pas weekday dan nginep disana bisa sunsetan https://t.co/pXM3n4hnOP","1961831809492426981","https://pbs.twimg.com/media/GznTQwgagAIh2lF.jpg","","in","","0","1","0","https://x.com/undefined/status/1961831809492426981","1468080342342852613",
"1961831706455158833","Sat Aug 30 16:41:42 +0000 2025","0","tolong yang tau gunung yang ada satu nya lantai nya licin terus satu nya beda juga itu gunung apa yah nama nya","1961831706455158833","","","in","","1","2","0","https://x.com/undefined/status/1961831706455158833","1753305891162759168",
"1961809646148374918","Sat Aug 30 16:41:17 +0000 2025","57","@txtdrjkt Akhirnya ratu siluman tengkorak putih turun gunung Hajar mbak! Eh mksdnya mas eh gmn sih manggilnya","1961831599743648184","","txtdrjkt","in","","0","4","0","https://x.com/undefined/status/1961831599743648184","1591692827997925379",
"1961824817981870105","Sat Aug 30 16:40:30 +0000 2025","0","@lennn_10 @tsre0512 @rangga270407 bawa lumut ke gunung ?","1961831404326773118","","lennn_10","in","","0","1","0","https://x.com/undefined/status/1961831404326773118","1486295255645581312",
"1961831151573799088","Sat Aug 30 16:39:30 +0000 2025","1","Mo pulang ke semarang aja plis Ke rumah nenek gw di gunung atau pulang ke jogja tapi ke tmpt bapak gw di gunung ","1961831151573799088","","","in","","0","0","0","https://x.com/undefined/status/1961831151573799088","1826559487672811520",
"1961816457530261878","Sat Aug 30 16:39:21 +0000 2025","0","@shvinsuke Semuanya terdengar sangat menarik kecuali naik gunung aku takut ketinggian haha! Tapi terima kasih banyak atas rekomendasinya kak Ren Yu!","1961831116190646595","","shvinsuke","in","","0","1","0","https://x.com/undefined/status/1961831116190646595","1958758781506265091",
"1961823444678697109","Sat Aug 30 16:38:26 +0000 2025","0","@waldorfyin naik gunung only","1961830884954501177","","waldorfyin","in","","0","0","0","https://x.com/undefined/status/1961830884954501177","1134223695293980673",
"1961830796710609281","Sat Aug 30 16:38:05 +0000 2025","0","Gunung akhirat done https://t.co/pfnNk58hsi","1961830796710609281","https://pbs.twimg.com/media/GznStiRa0AAFcGr.jpg","","in","","0","1","0","https://x.com/undefined/status/1961830796710609281","1422232732042600451",
"1961803635165200840","Sat Aug 30 16:37:50 +0000 2025","0","@twayboo_ @tanyarlfes Kakk lewat tol atau kotaa? Aku rencana besok mauu ke gunung kidul dari semarang amannn ngga yaa ","1961830731984027936","","twayboo_","in","","0","0","0","https://x.com/undefined/status/1961830731984027936","1387534512884641793",
"1961611997742862421","Sat Aug 30 16:36:39 +0000 2025","0","@KiranA_168 Owalaaah klo ak suka naik gunung wkwkwk","1961830434817577467","","KiranA_168","in","","0","1","0","https://x.com/undefined/status/1961830434817577467","1109651955012362242",
"1961746839696490665","Sat Aug 30 16:35:20 +0000 2025","0","@missfloyen bukann aku klaten deket perbatasan gunung kidul :D","1961830104054858036","","missfloyen","in","","0","1","0","https://x.com/undefined/status/1961830104054858036","1742725555248934912",
"1961765746020884692","Sat Aug 30 16:35:13 +0000 2025","0","@Iceadmirer @soketxt Nyai udah turun gunung ","1961830075101483225","","Iceadmirer","in","","0","0","0","https://x.com/undefined/status/1961830075101483225","1382888043200139266",
"1961826683948040360","Sat Aug 30 16:35:00 +0000 2025","0","@haecniew @artgallcry Kakk kalo ke arah gunung kidul aman nggaa?","1961830021842296924","","haecniew","in","","0","1","0","https://x.com/undefined/status/1961830021842296924","1387534512884641793",
"1961827135611683307","Sat Aug 30 16:34:26 +0000 2025","0","@ch0cohazelmut Kak jogjanya sebelah manaa?. Aku dom semarang rencana besok pagi mau ke gunung kidul aman ngga ya","1961829875805040651","","ch0cohazelmut","in","","0","1","0","https://x.com/undefined/status/1961829875805040651","1387534512884641793",
"1961256776332173813","Sat Aug 30 16:34:08 +0000 2025","0","@moonserenth kok kakak tau. tapi gunung roblox juga susah :(","1961829803113468288","","moonserenth","in","","0","1","0","https://x.com/undefined/status/1961829803113468288","4725301642",
"1961820921402159260","Sat Aug 30 16:31:37 +0000 2025","0","@caelivie miss you too tapi jangan ekspek aku naik gunung lagi ya aku masih sedontol dulu","1961829169593217495","","caelivie","in","","0","1","0","https://x.com/undefined/status/1961829169593217495","1760364345954115587",
"1961829071589159234","Sat Aug 30 16:31:14 +0000 2025","0","Setiap kali hujan lebat potensi longsoran dan aliran material dari gunung cukup besar. @KemenPU https://t.co/qxgOJyHaME #DodyHanggodo #Sabodamternate #gununggamalama","1961829071589159234","","","in","","0","0","0","https://x.com/undefined/status/1961829071589159234","1183693365449084928",
"1961828661041979786","Sat Aug 30 16:29:36 +0000 2025","0","Bukit Cinta Anti Galau Cirebon Wisata Hits dengan View Gunung Pantai dan Danau Sekaligus https://t.co/mkTlzRjZqK","1961828661041979786","","","in","","0","0","0","https://x.com/undefined/status/1961828661041979786","239873274",
"1961828596743573777","Sat Aug 30 16:29:21 +0000 2025","0","CIBINONG CIOMAS TUGU KUJANG GUNUNG SINDUR JANGAN KELUAR KOS!","1961828596743573777","","","in","","0","0","0","https://x.com/undefined/status/1961828596743573777","1911984698810855424",
"1961828595615269356","Sat Aug 30 16:29:20 +0000 2025","0","gunung stres dikit tp gpp seru https://t.co/H6JGwd55U9","1961828595615269356","https://pbs.twimg.com/media/GznQtGmbUAEPG7y.jpg","","in","","1","1","0","https://x.com/undefined/status/1961828595615269356","1409520033223507972",
"1961789450410967081","Sat Aug 30 16:28:53 +0000 2025","0","@qranze Iyaaa ini aku sambil push Gunung Hauk biar gak ngantuk. ","1961828479105990890","","qranze","in","","0","0","0","https://x.com/undefined/status/1961828479105990890","3285195577",
"1961827872110494099","Sat Aug 30 16:26:28 +0000 2025","0","pengen naik gunung mumpung minggu depan libur 3 hari","1961827872110494099","","","in","","0","0","0","https://x.com/undefined/status/1961827872110494099","1141550000423354369",
"1961825507961647575","Sat Aug 30 16:24:00 +0000 2025","0","@imtheproublem kalo naik gunung?","1961827253979152417","","imtheproublem","in","","0","1","0","https://x.com/undefined/status/1961827253979152417","1933387885560147972",
"1961820770432430313","Sat Aug 30 16:23:55 +0000 2025","11","@GasMedsos Tinggal pesugihan ke gunung kawi","1961827231963193436","","GasMedsos","in","","0","1","0","https://x.com/undefined/status/1961827231963193436","1648166655732887552",
"1961827044184248663","Sat Aug 30 16:23:10 +0000 2025","0","Emg ya kalau mau surprise bgt tu filming mv nya d puncak gunung atau g tengah laut yg pasti gaada org","1961827044184248663","","","in","","0","0","0","https://x.com/undefined/status/1961827044184248663","1817577830445969408",
"1961826914718658673","Sat Aug 30 16:22:40 +0000 2025","0","Ada gak ya yang pengen naik gunung (jatim + cewek) bersama anak yang agak beban Masalahnya temenku dah naik ke buduk asu maupun buthak.. pengen coba 22nya","1961826914718658673","","","in","","0","0","0","https://x.com/undefined/status/1961826914718658673","1389246203456417793",
"1961681513176834518","Sat Aug 30 16:22:20 +0000 2025","8","@hauteric @dwisember @focalxrs ini ramalan jagabaya atau ramalan raja2 jawa itu bkn sih kk yg jawa terbelah tp spekulasi org2 terbelahnya itu rill terbelah pulaunya kyk banjir/gunung meletus","1961826830408982659","","hauteric","in","","0","1","1","https://x.com/undefined/status/1961826830408982659","2953603603",
"1961826674296963509","Sat Aug 30 16:22:14 +0000 2025","0","@tsre0512 @rangga270407 jauh bnr ni gunung","1961826808992874751","","tsre0512","in","","0","1","0","https://x.com/undefined/status/1961826808992874751","1011521265612435456",
"1961826674296963509","Sat Aug 30 16:21:42 +0000 2025","1","Hari ini cukup 1 gunung aja dulu @lennn_10 @rangga270407 https://t.co/wx4e2GluKv","1961826674296963509","https://pbs.twimg.com/media/GznO9pcaMAA3Nk8.jpg","","in","","0","1","1","https://x.com/undefined/status/1961826674296963509","591040074",
"1961826612762333282","Sat Aug 30 16:21:28 +0000 2025","100","PULANG. UDAH MULAI ADA TANK DI GUNUNG SAHARI MANGGA DUA DEPAN SAMSAT","1961826612762333282","","","in","","7","5","44","https://x.com/undefined/status/1961826612762333282","239593954",
"1961820648139051363","Sat Aug 30 16:20:13 +0000 2025","3","@Mdy_Asmara1701 Mak lampir dg grandong blm turun gunung...hehehehehe Btw gk jadi pasang sound horeg ya? Tempat yg cocok dikasih sound horeg depan gedung DPR/MPR buat yg gk dgr aspirasi rakyat aja tuh dipasang https://t.co/UVapg8CYjj","1961826301125570921","https://pbs.twimg.com/tweet_video_thumb/GznOis3asAALfOA.jpg","Mdy_Asmara1701","in","","0","0","0","https://x.com/undefined/status/1961826301125570921","1592672768914776064",
"1961826130887057488","Sat Aug 30 16:19:33 +0000 2025","0","hari ini dah berapa gunung gua daki di rosblos ya.. *coping*","1961826130887057488","","","in","","0","0","0","https://x.com/undefined/status/1961826130887057488","1883863794591682561",
"1961825649288716540","Sat Aug 30 16:17:38 +0000 2025","0","Gunung apalagi yg jejepangan gitu plis mau","1961825649288716540","","","in","","0","0","0","https://x.com/undefined/status/1961825649288716540","1437984189257637890",
"1961389295127937237","Sat Aug 30 16:17:05 +0000 2025","0","@gif_tech veteran Call of Duty turun gunung","1961825509534466313","","gif_tech","in","","0","0","0","https://x.com/undefined/status/1961825509534466313","590771660",
"1961809887240884322","Sat Aug 30 16:16:33 +0000 2025","1","@detikcom Tunjangan rumah cuma puncak gunung es nya. Setelah semua kekacauan ini kalian masih belum ngerti juga apa yg rakyat mau? Kalian buta tuli bisu","1961825375958467015","","detikcom","in","","0","0","0","https://x.com/undefined/status/1961825375958467015","1130018886",
"1961825223239753849","Sat Aug 30 16:15:56 +0000 2025","0","Malam merdeka teringat zaman aku sekolah pondok dekat Indonesia dulu waktu tu malam merdeka tapi takde bunga api sebab yang ada waktu tu hanya dendang-dendangan ayat Quran beralun diwaktu malam dengan sejuknya sebab tempat aku atas gunung hmm .","1961825223239753849","","","in","","0","0","0","https://x.com/undefined/status/1961825223239753849","1247773393165758470",
"1961823584256675904","Sat Aug 30 16:13:04 +0000 2025","0","@arellayella ak slalu menghindark gunung yg ad goany","1961824500930249067","","arellayella","in","","0","1","0","https://x.com/undefined/status/1961824500930249067","1957324042710740992",
"1961761702913138866","Sat Aug 30 16:12:35 +0000 2025","0","@hammsqi Macan tutul gunung slamet","1961824379165376751","","hammsqi","in","","0","0","0","https://x.com/undefined/status/1961824379165376751","1631153003611959304",
"1961824173371924975","Sat Aug 30 16:11:46 +0000 2025","0","Ramein gunung kakanya ges kalo kamu dontol 100x jatoh nanti dibantu. Namanya gunung magang https://t.co/YoPayL2HUr","1961824173371924975","https://pbs.twimg.com/media/GznMrflbMAA5_3E.jpg","","in","","0","1","0","https://x.com/undefined/status/1961824173371924975","875365633289928704",
"1961793740454199321","Sat Aug 30 16:11:13 +0000 2025","0","@MiawIady Naik gunung dulu enak kayaknya","1961824033433067908","","MiawIady","in","","0","1","0","https://x.com/undefined/status/1961824033433067908","1945546269528920065",
"1961824005998121270","Sat Aug 30 16:11:06 +0000 2025","0","Btw temen gw anak yuniv ub*ra lagi santai naik gunung","1961824005998121270","","","in","","0","0","0","https://x.com/undefined/status/1961824005998121270","1856008843010166785",
"1961823772203438225","Sat Aug 30 16:10:10 +0000 2025","0","berita ini gw mulai semua darimana yaallah sedih bgt gue baru turun gunung","1961823772203438225","","","in","","0","0","0","https://x.com/undefined/status/1961823772203438225","1740602456361558016",
"1961823584256675904","Sat Aug 30 16:09:26 +0000 2025","1","Sebel dgn gunung boong alias goa nya anjay 1 jam w muter-muter kagak jelas","1961823584256675904","","","in","","0","1","0","https://x.com/undefined/status/1961823584256675904","1944042038716248066",
"1961823354673156382","Sat Aug 30 16:08:31 +0000 2025","0","Gunung esnya udah cair ya jun?","1961823354673156382","","","in","","0","0","0","https://x.com/undefined/status/1961823354673156382","1933787391095156738",
"1961811017073356822","Sat Aug 30 16:08:02 +0000 2025","0","@Peke_y18 @fellizard OMG TURUN GUNUNG TIBA TIBA BRO INI MEMASAK DENGAN KERAS","1961823231901573340","","Peke_y18","in","","0","0","0","https://x.com/undefined/status/1961823231901573340","1610449711634472961",
"1961822815948345756","Sat Aug 30 16:06:22 +0000 2025","0","jujur di kondisi gini pas banget lagi naik gunung tuh mixed feelings satu sisi seneng happy gadapet kabar buruk gaada stressor dll tapi disisi lain pas dapet sinyal full kabar buruk banyak banget yang bikin gua khawatir sama orang2 di kota https://t.co/32Dyen9k2V","1961822815948345756","https://pbs.twimg.com/media/GznLY4OawAAtSHS.jpg","","in","","0","1","0","https://x.com/undefined/status/1961822815948345756","1254105733404082176",
"1961772195585446188","Sat Aug 30 16:05:50 +0000 2025","0","@merapi_uncover Guys yg stay di jogja kalo ke gunung kidul dari arah boyolali aman ngga ya? Help me guys terima kasihh sebelumnya","1961822679914446929","","merapi_uncover","in","","0","1","0","https://x.com/undefined/status/1961822679914446929","1387534512884641793",
"1961822521898274981","Sat Aug 30 16:05:12 +0000 2025","0","Disini gunung disana gunung ditengah tengahnya 02","1961822521898274981","","","in","","0","0","0","https://x.com/undefined/status/1961822521898274981","1414925774528729090",
"1961227747730292984","Sat Aug 30 16:04:31 +0000 2025","0","@jevdraz belakangan kos gue noh gunung sampah ","1961822347364905016","","LAvbreht0","in","","0","0","0","https://x.com/undefined/status/1961822347364905016","1576780435",
"1961821353264451791","Sat Aug 30 16:04:18 +0000 2025","0","@808DIANAAA Okay singkat saja gendong naik gunung mom. ","1961822292675313826","","dmsDIANAAA","in","","0","1","0","https://x.com/undefined/status/1961822292675313826","824517928917757952",
"1961821355017752595","Sat Aug 30 16:03:57 +0000 2025","0","@cutivikachu gunung sumbing ka ga ada setannya","1961822206268526803","","cutivikachu","in","","0","1","0","https://x.com/undefined/status/1961822206268526803","1066915480588312576",
"1961822165776674868","Sat Aug 30 16:03:47 +0000 2025","1","Wiii lucinta luna udh turun gunung ‍️","1961822165776674868","","","in","","0","0","1","https://x.com/undefined/status/1961822165776674868","1261340175889661952",
"1961822075494310018","Sat Aug 30 16:03:26 +0000 2025","48","23.03: Jalan Kramat Raya tidak bisa dilintasi imbas banyak massa di flyover Senen yang arah Gunung Sahari puter balik depan kantor Yudisial. (P. Ichsan) #InfoLalinElshinta https://t.co/idbiMn10gK","1961822075494310018","https://pbs.twimg.com/media/GznKw4_boAALc9s.jpg","","in","","1","0","43","https://x.com/undefined/status/1961822075494310018","121640063",
"1961796606803521576","Sat Aug 30 16:01:44 +0000 2025","0","@jogja_base guys maaf oot kalo ke gunung kidul lewat boyolali aman ngga ya?","1961821648925196346","","jogja_base","in","","0","0","0","https://x.com/undefined/status/1961821648925196346","1387534512884641793",
"1961819630168891500","Sat Aug 30 16:01:38 +0000 2025","0","@lafzyzy roblox gunung sukma horror bgt takutttt","1961821622622728697","","lafzyzy","in","","0","1","0","https://x.com/undefined/status/1961821622622728697","1371479239199891456",
"1961821466829431028","Sat Aug 30 16:01:01 +0000 2025","0","Gua benci gunung rame","1961821466829431028","","","in","","0","0","0","https://x.com/undefined/status/1961821466829431028","1756161653287383040",
"1961821461909483616","Sat Aug 30 16:01:00 +0000 2025","0","Dem kakak aku sudah bisa ngegendong di gunung skarang","1961821461909483616","","","in","","0","0","0","https://x.com/undefined/status/1961821461909483616","1505807689477107712",
"1961821311996702938","Sat Aug 30 16:00:24 +0000 2025","0","wes muak bgt mbe gunung roblox","1961821311996702938","","","in","","0","0","0","https://x.com/undefined/status/1961821311996702938","1062389319112028162",
"1961821304467898478","Sat Aug 30 16:00:23 +0000 2025","0","Gunung tinggi puncaknya biru Lautan luas beralun tenang Rakyat disantuni hidup bersatu Malaysia merdeka kekal gemilang. Semoga semangat kemerdekaan terus menyatukan kita &amp; menyuburkan jiwa kasih sayang demi Malaysia tercinta","1961821307475300394","","HescoUPM","in","","0","1","0","https://x.com/undefined/status/1961821307475300394","1005391688603299840",
"1961783515357323659","Sat Aug 30 15:58:25 +0000 2025","0","@sapphicsfess ak penunggu gunung gas dik","1961820811742036156","","sapphicsfess","in","","0","1","0","https://x.com/undefined/status/1961820811742036156","1427588629577170951",
"1961820726052462726","Sat Aug 30 15:58:04 +0000 2025","0","Udah parah ini.. yang dari gunung aja udah turun Stay safe...","1961820726052462726","","","in","","0","0","0","https://x.com/undefined/status/1961820726052462726","1226490675295686657",
"1961618616170024974","Sat Aug 30 15:57:52 +0000 2025","1","@LittleScrett_ ga paham bentuk dan tulisan ambulan si maklum turun gunung abis nglatih ilmu","1961820676043804781","","LittleScrett_","in","","0","1","0","https://x.com/undefined/status/1961820676043804781","68278305",
"1961820648139051363","Sat Aug 30 15:57:46 +0000 2025","907","Lucinta Luna sampai turun gunung https://t.co/CULVNsE7sA","1961820648139051363","https://pbs.twimg.com/ext_tw_video_thumb/1961820599418048512/pu/img/rtDFM9fFrbLq4jTb.jpg","","in","","20","43","316","https://x.com/undefined/status/1961820648139051363","1334853481019056128",
"1961820633790320772","Sat Aug 30 15:57:42 +0000 2025","0","Yang terjadi sekarang adalah puncak dari gunung es yang tertimbun begitu lama. Sedari kecil aku sudah mendengar kalimat lumrah terkait kelakuan politisi yang akhirnya sekadar dijadikan candaan atau dark jokes kaum menengah hingga kebawah.","1961820633790320772","","","in","","0","1","0","https://x.com/undefined/status/1961820633790320772","1171103052067033088",
"1961820595194335654","Sat Aug 30 15:57:33 +0000 2025","1","Me yang ngehype musisi lokal juga rada ga enak... ya merekanya lagi pada turun gunung bantu-bantu aksi semua juga ","1961820595194335654","","","in","","0","0","0","https://x.com/undefined/status/1961820595194335654","1029563491907076096",
"1961810881026904387","Sat Aug 30 15:56:39 +0000 2025","1","@LazadaID Gunung","1961820367691174328","","LazadaID","in","","0","0","0","https://x.com/undefined/status/1961820367691174328","1659753821252489216",
"1961819893244071968","Sat Aug 30 15:54:46 +0000 2025","0","Sesimple itu pdhl wkwkwkwkkw ga capek2 polri sama tni turun gunung. Gue beneran greget bgt DPR PRESIDEN POLRI pada lempar2an kasus alm Affan. Inti utamanya malah dikacangin njir","1961819893244071968","","","in","","0","1","0","https://x.com/undefined/status/1961819893244071968","1497253106807353344",
"1961819712012402876","Sat Aug 30 15:54:02 +0000 2025","0","besok sebelum naik gunung latian fisik dulu tiw jgn cuma nyiapin template capcut doang anjaay.","1961819712012402876","","","in","","0","0","0","https://x.com/undefined/status/1961819712012402876","2766041714",
"1961819703581819367","Sat Aug 30 15:54:00 +0000 2025","0","Panggonan Wingit: BERBURU MUSTIKA DI GUNUNG PERAHU https://t.co/JzQr4LWmgL KYAI PAMUNGKAS PARANORMAL Jasa Solusi Problem Hidup: Asmara Rumah Tangga Backup Usaha &amp; Karir Aura Pemikat Bersih Diri Pagar Diri dll. Jl. Raya Condet Gg. Kweni No.31 RT.01/RW.03 ","1961819703581819367","","","in","","0","0","0","https://x.com/undefined/status/1961819703581819367","1031096133546700800",
"1961819543904645329","Sat Aug 30 15:53:22 +0000 2025","0","HELP!! gunung lawak jalur mini ini pilih yg mana papan yg bener nyari tutor tiktok kaga nemu dah muak bgt jatuh ngulang jauh https://t.co/mw4GP54DEz","1961819543904645329","https://pbs.twimg.com/media/GznIej3bcAAI5Wb.jpg","","in","","0","1","0","https://x.com/undefined/status/1961819543904645329","1847204307478933504",
"1961819535205662998","Sat Aug 30 15:53:20 +0000 2025","0","anjjj gunung sukma","1961819535205662998","","","in","","0","0","0","https://x.com/undefined/status/1961819535205662998","1371479239199891456",
"1961819465286627833","Sat Aug 30 15:53:04 +0000 2025","0","Atin part 3 efek gada gunung lain yang seru https://t.co/vRuLtE01ja","1961819465286627833","https://pbs.twimg.com/media/GznHc-FakAAQycX.jpg","","in","","0","0","0","https://x.com/undefined/status/1961819465286627833","1795419335600791552",
"1961819440695427522","Sat Aug 30 15:52:58 +0000 2025","0","cantik banget gunung ravika.. https://t.co/uuH8TwntkO","1961819440695427522","https://pbs.twimg.com/media/GznIYVMaAAA7_2y.jpg","","in","","0","5","0","https://x.com/undefined/status/1961819440695427522","2576562984",
"1961596697601351880","Sat Aug 30 15:52:07 +0000 2025","0","@gadisberjilbabb Ah taik ngambil kaleng plat nomer di SAMSAT Gunung Sahari aja dimintain duit gw kasih 2000 perak masih diembat juga muke gile kaga ada malunya karma is real","1961819229285752883","","gadisberjilbabb","in","","0","0","0","https://x.com/undefined/status/1961819229285752883","1966276704",
"1961810881026904387","Sat Aug 30 15:50:00 +0000 2025","23","Jangan lupa sebelum rencana naik gunung beli dulu peralatan lengkapnya &gt;&gt; https://t.co/nRYbNVzcBW https://t.co/SyQo0MmHpg","1961818695447265450","https://pbs.twimg.com/media/GznAvnha0AAFPQN.jpg","LazadaID","in","","0","10","4","https://x.com/undefined/status/1961818695447265450","515203442",
"1961503049790492904","Sat Aug 30 15:48:51 +0000 2025","0","@BuruhYogyakarta @titiknol_jogja dadi kahanan demo ngono sing konkret stelke dangdut buos? btw aku wong piyungan mslh sampah saiki wes ra nggo jujukan sampahe sak yojo wes ratau sliringan ro truk sampah sek ambune rakalap gunung tpa wes mending rapatio mambu nek pas udan koyo mbiyen matur nuwun ND","1961818404907852273","","BuruhYogyakarta","in","","0","1","0","https://x.com/undefined/status/1961818404907852273","1014308018",
"1961817195107045711","Sat Aug 30 15:48:35 +0000 2025","3","@riicnees Wkwk. Justru Rick di kepalaku tadinya tuh kalo yg namanya 'Raja' kayak lebih masuk akal agak disembah2 cem dewa. Namanya juga monarki. Pas beliau ternyata pernah buat Pasowanan Ageng di Alun-Alun utk berdialog dgn rakyat aku kaget. Oh seorang 'Raja' mau toh 'turun gunung'. ","1961818341032837321","","riicnees","in","","0","1","1","https://x.com/undefined/status/1961818341032837321","79430599",
"1961810340561420482","Sat Aug 30 15:48:33 +0000 2025","0","@bitterthanshit penghuni gunung daun","1961818328986694061","","bitterthanshit","in","","0","0","0","https://x.com/undefined/status/1961818328986694061","2265880610",
"1961760891588038997","Sat Aug 30 15:48:13 +0000 2025","0","@sebaitelegi Berikan saya potion saja seperti healing potion siapa tahu jiwa saya jadi staycation di gunung everest. (tidak)","1961818244685426893","","sebaitelegi","in","","0","1","0","https://x.com/undefined/status/1961818244685426893","1939850843450380288",
"1961782313156825386","Sat Aug 30 15:44:08 +0000 2025","0","@_nunaJK_ emg dah kbnyk tangga tp ga sebrutal tangga yg gunung lainnya gw disini aja cape mn jatoh brp kali akhirnya digendong org eh puncaknya b aja mending mancing dah tp naik gnung seru juga https://t.co/OWkf11quXS","1961817217814962368","https://pbs.twimg.com/ext_tw_video_thumb/1961817153042296832/pu/img/pgVe-Hy7y7AAeXIn.jpg","_nunaJK_","in","","0","1","0","https://x.com/undefined/status/1961817217814962368","1322483382446510086",
"1961482053003989318","Sat Aug 30 15:44:00 +0000 2025","0","@Ziyourg @Ziyoiung lucuu sekali kakakk! ini konsepnya ootd naik gunung yaa?","1961817184789053550","","ziyourg","in","","0","1","0","https://x.com/undefined/status/1961817184789053550","307681254",
"1961816586006012208","Sat Aug 30 15:41:37 +0000 2025","0","salah satu map gunung rosblok yang cantik banget buat foto foto jadi map kesayangan kalau abis beli baju buat fotoooo https://t.co/BqgHcnzTiF","1961816586006012208","https://pbs.twimg.com/media/GznFyY8bgAEzlwI.jpg","","in","","0","1","0","https://x.com/undefined/status/1961816586006012208","2710318580",
"1961700778030346349","Sat Aug 30 15:41:31 +0000 2025","0","@kittywumin SETUJUUUUUUU! ini gunung seru bgttt","1961816559686721769","","kittywumin","in","","0","0","0","https://x.com/undefined/status/1961816559686721769","1682783475890528256",
"1961802115988529315","Sat Aug 30 15:40:53 +0000 2025","0","@powyyy @yukieruma_ bersama cipuy menakluko gunung ronllox","1961816401087492595","","powyyy","in","","0","2","0","https://x.com/undefined/status/1961816401087492595","1744084294270869504",
"1961684959414161660","Sat Aug 30 15:18:54 +0000 2025","0","@kiyaladivas GATAU KENAPA LANCAR BGT DI GUNUNG INI. HABIS BELAJAR PADA BG WINDAH","1961810870025200023","","kiyaladivas","in","","0","1","0","https://x.com/undefined/status/1961810870025200023","1851664387674873856",
"1961810703591108736","Sat Aug 30 15:18:15 +0000 2025","1","Seleb yang sok anggota dewan tolonglah entah besok atau Senin HARUS SEMUANYA TURUN GUNUNG dan MINTA MAAF ke RAKYAT !!!","1961810703591108736","","","in","","1","0","1","https://x.com/undefined/status/1961810703591108736","1765551994947956736",
"1961810436032270782","Sat Aug 30 15:17:11 +0000 2025","0","seruuuu entar map nya bikin gunung yh","1961810436032270782","","","in","","0","0","0","https://x.com/undefined/status/1961810436032270782","1804902959047962624",
"1961781262575952277","Sat Aug 30 15:17:09 +0000 2025","0","@esykiim baru turun gunung ke sial semua","1961810427568115928","","esykiim","in","","0","1","0","https://x.com/undefined/status/1961810427568115928","1001460259620175872",
"1961337201788137697","Sat Aug 30 15:17:06 +0000 2025","0","@Gunung_Agoeng @kitty_gandalf @VDSyst3msX @blackshark7890 @blank0429 @JanissaryD_Last oh ya? pernah tinggal di benteng juga?","1961810416314851800","","Gunung_Agoeng","in","","0","0","0","https://x.com/undefined/status/1961810416314851800","1081162781322137601",
"1961801146953248851","Sat Aug 30 15:17:05 +0000 2025","0","@roblox_fess yukkk muts di robloxku straeberriess aku suka nangkring di indo hangout dandut indo voice dan naik naik gunung","1961810412586045590","","roblox_fess","in","","0","1","0","https://x.com/undefined/status/1961810412586045590","1476158749",
"1961810195467882855","Sat Aug 30 15:16:13 +0000 2025","0","Belum liat bang windah yang gunung akhirat penasaran","1961810195467882855","","","in","","0","0","0","https://x.com/undefined/status/1961810195467882855","119362688",
"1961810061262746007","Sat Aug 30 15:15:41 +0000 2025","1","Hari ini temanya nama gunung aneh. https://t.co/TpFWZQtSco","1961810061262746007","https://pbs.twimg.com/media/Gzm_1EfaoAA4m6G.jpg","","in","","1","0","0","https://x.com/undefined/status/1961810061262746007","1559033205898231808",
"1961810021983170648","Sat Aug 30 15:15:32 +0000 2025","0","Naik gunung apa ya malam ini","1961810021983170648","","","in","","0","0","0","https://x.com/undefined/status/1961810021983170648","1052415000453795841",
"1961803445612269705","Sat Aug 30 15:15:03 +0000 2025","0","@neVerAl0nely__ Komandan Pacul kok gak turun gunung ?","1961809900906180797","","neVerAl0nely___","in","","0","0","0","https://x.com/undefined/status/1961809900906180797","770173024490315776",
"1961809875056681077","Sat Aug 30 15:14:57 +0000 2025","1","Salah satu pemandangan gunung jabar Padahal indonesia sebagus ini TAPI KENAPA PEMERITOTNYA KEK NGENTOT SEMUA YA NJINGS #IndonesiaGelap #indonesiadarurat https://t.co/Dci9XFb8ig","1961809875056681077","https://pbs.twimg.com/media/Gzm_rEFacAA1Gz6.jpg","","in","","0","0","0","https://x.com/undefined/status/1961809875056681077","1560102753657303040",
"1961705514083156364","Sat Aug 30 15:13:00 +0000 2025","0","@AraituLaki Saat yg tepat buat karungin monyet","1961809385463980288","","AraituLaki","in","","0","0","0","https://x.com/undefined/status/1961809385463980288","1701624074877984768",
"1961807270741959153","Sat Aug 30 15:12:51 +0000 2025","0","@semvoern gunung apa ini...","1961809347157295477","","semvoern","in","","0","1","0","https://x.com/undefined/status/1961809347157295477","1682783475890528256",
"1961799802011914655","Sat Aug 30 15:12:30 +0000 2025","0","@cwndana D-dari pada gunung atin--","1961809260100354277","","cwndana","in","","0","0","0","https://x.com/undefined/status/1961809260100354277","1239071479947378690",
"1961463959162065125","Sat Aug 30 15:11:33 +0000 2025","1","@Gunung_Agoeng @Ary_PrasKe2 @merapi_uncover Ternyata oon","1961809019317989474","","Gunung_Agoeng","in","","0","0","0","https://x.com/undefined/status/1961809019317989474","587188129",
"1961463959162065125","Sat Aug 30 15:11:19 +0000 2025","0","@Gunung_Agoeng @Ary_PrasKe2 @merapi_uncover Nah benarkan","1961808958768939117","","Gunung_Agoeng","in","","0","0","0","https://x.com/undefined/status/1961808958768939117","587188129",
"1961808468064837750","Sat Aug 30 15:09:55 +0000 2025","0","jujur jarang bgt ketemu orang yang sefrekuensi itu btw dia sering daki gunung","1961808608532029843","","ccheeeeeshiyya","in","","0","0","0","https://x.com/undefined/status/1961808608532029843","1946211468862734336",
"1961807270741959153","Sat Aug 30 15:09:31 +0000 2025","0","@semvoern NJIRRR ITU GUNUNG KEMATIAN KAH","1961808507688431879","","semvoern","in","","0","1","0","https://x.com/undefined/status/1961808507688431879","1955935879111077888",
"1961783221823438901","Sat Aug 30 15:08:27 +0000 2025","0","@Enjoy4play wkwkwkw gunung jawir ️","1961808239110328789","","Enjoy4play","in","","0","0","0","https://x.com/undefined/status/1961808239110328789","1361536237476016131",
"1961728891191779803","Sat Aug 30 15:07:37 +0000 2025","3","@BudiBukanIntel lu siapa sih bang @BudiBukanIntel prediksi lu tepat mulu belajar ngilmu di gunung salak atau pantai selatan ?","1961808027658703289","","BudiBukanIntel","in","","0","1","0","https://x.com/undefined/status/1961808027658703289","1795715442436427777",
"1961804960565526565","Sat Aug 30 14:55:25 +0000 2025","3","bru kelar main rosblos cpe bgt naik 3 gunung","1961804960565526565","","","in","","0","2","0","https://x.com/undefined/status/1961804960565526565","1540369212606013440",
"1961778952826998792","Sat Aug 30 14:54:08 +0000 2025","0","@Beritasatu Lah...antek yahudi pula... bukan cuma musuh rakyat indonesia tp musuh rakyat sedunia pak..pak... sampeyan kok keblinger...","1961804637927067662","","Beritasatu","in","","0","0","0","https://x.com/undefined/status/1961804637927067662","1701624074877984768",
"1961798823069745438","Sat Aug 30 14:53:56 +0000 2025","0","@luckyjangz lanjutin gunung kmrn yaa","1961804587956158690","","luckyjangz","in","","0","1","0","https://x.com/undefined/status/1961804587956158690","1778881395789901824",
"1961803952519073964","Sat Aug 30 14:51:25 +0000 2025","0","gunung apa lg yg harus saya tamatkan","1961803952519073964","","","in","","0","1","0","https://x.com/undefined/status/1961803952519073964","1451544091699945476",
"1898293138613268980","Sat Aug 30 14:51:15 +0000 2025","1","@GueImem40231 @DokterTifa maksud saya nama gunung nya ","1961803910819307978","","GueImem40231","in","","0","1","0","https://x.com/undefined/status/1961803910819307978","578216387",
"1961669940181963245","Sat Aug 30 14:50:24 +0000 2025","1","@msaid_didu @febriyanto94835 Lah yg nempel/pengawal dia ex ajudan jokowi loh pak...dapat bintang mahaputra pula...","1961803697035542699","","msaid_didu","in","","0","0","0","https://x.com/undefined/status/1961803697035542699","1701624074877984768",
"1961803578416504872","Sat Aug 30 14:49:56 +0000 2025","7","Sundanese culture traditional dance heritage in Indonesia: jaipongan/jaipong ketuk tilu ronggeng gunung doger merak sunda topeng banjet badaya kandagan keurseus gawil ratu graeni lenyepan sulintang kalang mayang katon kandagan gagahan putra sekar putri prawesti.","1961803578416504872","","","in","","0","0","0","https://x.com/undefined/status/1961803578416504872","1175518892178821120",
"1961803567926476998","Sat Aug 30 14:49:53 +0000 2025","7","Warisan budaya tari/tarian tradisional Sunda di Indonesia: jaipongan/jaipong ketuk tilu ronggeng gunung doger merak sunda topeng banjet badaya kandagan keurseus gawil ratu graeni lenyepan sulintang kalang mayang katon kandagan gagahan putra sekar putri prawesti.","1961803567926476998","","","in","","0","0","0","https://x.com/undefined/status/1961803567926476998","1175518892178821120",
"1961799426613408023","Sat Aug 30 14:49:07 +0000 2025","0","@talkwsatan hehehehe yg penting gunung mahh","1961803375810613442","","talkwsatan","in","","0","0","0","https://x.com/undefined/status/1961803375810613442","1663896101911695366",
"1961803321016291537","Sat Aug 30 14:48:54 +0000 2025","1","Saat peristiwa kudatuli saya masih kerja di Gunung Sahari. Saat terjadi kerusuhan Saya yg saat itu msh jd staf HR&amp;GA blm ada HP belum ada internet bisa tahu lho kalo Pasar Senen sdh mulai dibakar massa. Masa sekelas menteri negara bisa budeg gini??","1961803321016291537","","","in","","0","0","0","https://x.com/undefined/status/1961803321016291537","146184142",
"1961802801732071877","Sat Aug 30 14:46:51 +0000 2025","0","Mlm @KAI121 sy punya tiket Cirebon-Jatinegara dg KA Gunung Jati eksekutif jam 18.49 tgl 1 Sept. Di Cirebon sptnya ga kondusif. Krn sebenarnya sy dr Indramayu apa bisa sy naik keretanya dr Jatibarang saja? Tidak dr Indramayu? Trims.","1961802801732071877","","","in","","0","1","0","https://x.com/undefined/status/1961802801732071877","59404563",
"1961802790394843250","Sat Aug 30 14:46:48 +0000 2025","0","ga jadi kondangan ga jadi naik gunung","1961802790394843250","","","in","","0","0","0","https://x.com/undefined/status/1961802790394843250","1873385592320573440",
"1961802779695182182","Sat Aug 30 14:46:45 +0000 2025","0","Bahkan makhluk trans ini juga kembali jadi gagah berani turun gunung ikut demo ️️","1961802779695182182","","","in","","0","0","0","https://x.com/undefined/status/1961802779695182182","1786177916302462976",
"1961796178955419923","Sat Aug 30 14:46:34 +0000 2025","0","@atitpeyuth Naik gunung sama mancing","1961802730969927866","","bodilaiton","in","","0","0","0","https://x.com/undefined/status/1961802730969927866","1216663514451861504",
"1961799237806817370","Sat Aug 30 14:45:18 +0000 2025","1","@Tan_Mar3M Yg beha mana tan??","1961802412966150413","","Tan_Mar3M","in","","0","0","0","https://x.com/undefined/status/1961802412966150413","1701624074877984768",
"1961802350928269525","Sat Aug 30 14:45:03 +0000 2025","0","meanwhile sekarang nyari kerja minimal ipk 5 0 toefl 10000 bisa pindahin gunung bisa ngitung anak rambut bisa meninggal","1961802350928269525","","","in","","0","1","0","https://x.com/undefined/status/1961802350928269525","2936349002",
"1961801744394211535","Sat Aug 30 14:42:39 +0000 2025","0","Tenggelamin dalam perasaan gelisah yg unlimited tolong bikin mereka ngerasain semua rasa sakit rakyatnya yg bahkan gabisa bikin uang atau emas setinggi gunung pun cukup untuk nyembuhin buat mereka merasa lebih baik tenggelam kayak firaun daripada ngerasain semua rasa sakit itu.","1961801746831081906","","GoldenDelight_","in","","0","0","0","https://x.com/undefined/status/1961801746831081906","1014865200829247488",
"1961671826117202132","Sat Aug 30 14:42:12 +0000 2025","0","@Degrees_Esport @DessenceEsports langsung aja gunung atin","1961801631068295599","","Degrees_Esport","in","","0","0","0","https://x.com/undefined/status/1961801631068295599","1927929891783331842",
"1961793393555882245","Sat Aug 30 14:41:17 +0000 2025","0","Pergi ke gunung untuk berkemah Aku dapat Kincir angin mah","1961801400935199214","","Oliolivee_","in","","0","0","0","https://x.com/undefined/status/1961801400935199214","1634494189655171077",
"1961801344773423218","Sat Aug 30 14:41:03 +0000 2025","0","trail run di gunung seru banget anjing (turunnya aja kalo naik mah ogah)","1961801344773423218","","","in","","0","0","0","https://x.com/undefined/status/1961801344773423218","1599718920340275200",
"1961797977212952836","Sat Aug 30 14:32:17 +0000 2025","0","@balamwang gunung putri mana ka kmu? ","1961799137067971006","","balamwang","in","","0","0","0","https://x.com/undefined/status/1961799137067971006","1359424674900312070",
"1961794650156777499","Sat Aug 30 14:31:43 +0000 2025","0","@avenoer level dontolmu dgnku berbeda latian di gunung papua aja masih keringetan nih tangan","1961798995573178495","","avenoer","in","","0","1","0","https://x.com/undefined/status/1961798995573178495","1773733191578521600",
"1961798839603769436","Sat Aug 30 14:31:06 +0000 2025","0","info gunung yang susah suah :p","1961798839603769436","","","in","","0","1","0","https://x.com/undefined/status/1961798839603769436","1949494434376392704",
"1961798839545016656","Sat Aug 30 14:31:06 +0000 2025","0","Cek Athletica - Mount-Blanc Forest Green | Sepatu Trail Running | Sepatu Gunung | Sepatu Olahraga Pria Wanita dengan harga Rp399.000. Dapatkan di Shopee sekarang! https://t.co/AaiRRJpMvV https://t.co/Lu4sJYFN7x","1961798839545016656","https://pbs.twimg.com/media/Gzm1nmGbUAEBuG6.jpg","","in","","0","0","0","https://x.com/undefined/status/1961798839545016656","1514742094891429903",
"1961798798004695333","Sat Aug 30 14:30:56 +0000 2025","0","Wes kebiasa munggah gunung. .... Gunungpati ","1961798798004695333","","","in","","0","0","0","https://x.com/undefined/status/1961798798004695333","1036775029042700288",
"1961448373627883793","Sat Aug 30 14:30:40 +0000 2025","0","@pantai_gunung Untung baca sampe akhir","1961798728890884575","","pantai_gunung","in","","0","0","0","https://x.com/undefined/status/1961798728890884575","1954074488867569664",
"1961786471914057819","Sat Aug 30 14:28:31 +0000 2025","0","@sharpandshark Busettt...ni org bakal mati berdiri nih....","1961798189490786597","","sharpandshark","in","","0","0","0","https://x.com/undefined/status/1961798189490786597","1701624074877984768",
"1961736072318112023","Sat Aug 30 14:28:25 +0000 2025","1","@abdoelafif Buseeeet gila bener... tapi ya memang manusia ya di kasih gunung emas 1 aja pasti bakal minta kedua gunung emas yg lain ckckck gabakal pernah puas rumah udh banyak masih nuntut tunjangan rumah lagi gils!","1961798166111719584","","abdoelafif","in","","0","0","1","https://x.com/undefined/status/1961798166111719584","1025936215",
"1961786499311239600","Sat Aug 30 14:26:48 +0000 2025","0","@Ary_PrasKe2 Coba putar video saat dia flexing kasih duit bergepok2 ke cucunya saat ultah biar ngaca...","1961797757641068624","","Ary_PrasKe2","in","","0","0","0","https://x.com/undefined/status/1961797757641068624","1701624074877984768",
"1961796753767977074","Sat Aug 30 14:25:06 +0000 2025","0","@ezash Rill lg live nanjak gunung lah kok ke end tiba2","1961797331097092164","","ezash","in","","0","0","0","https://x.com/undefined/status/1961797331097092164","440610547",
"1956277683639157075","Sat Aug 30 14:25:01 +0000 2025","0","bersama @noahlovesart menamatkan gunung akhirat yang susahnya ngga seberapa itu https://t.co/HxPl0IslEW","1961797308233998835","https://pbs.twimg.com/media/Gzm0QU7bEAAl7sp.jpg","gurameyy","in","","1","1","0","https://x.com/undefined/status/1961797308233998835","1867365563011674112",
"1961793701858165213","Sat Aug 30 14:23:15 +0000 2025","0","@Syluvein WKWJKWJK PLEASE INI GUNUNG GAMPANG TAPI NGANU. ada psawat ada cilus trus mledag ","1961796862220128514","","","in","","0","0","0","https://x.com/undefined/status/1961796862220128514","1639651064722108417",
"1961796452910575858","Sat Aug 30 14:22:36 +0000 2025","1","@idextratime hahahaha si gunung keliatan bgt nyari penaltinya make segala narik jerseynya walker","1961796700814954684","","idextratime","in","","0","0","0","https://x.com/undefined/status/1961796700814954684","1710064612756910080",
"1961796616693649582","Sat Aug 30 14:22:16 +0000 2025","4","Jom jom daki gunung https://t.co/jMpl6n76nl","1961796616693649582","","","in","","0","0","0","https://x.com/undefined/status/1961796616693649582","1363153418274050052",
"1961795095864496373","Sat Aug 30 14:22:09 +0000 2025","0","@pulitzerkdot Tolong ajakin lewis mandi kembang 7 rupa di gunung kidul kak wkwkwkwk","1961796588684370234","","pulitzerkdot","in","","0","1","0","https://x.com/undefined/status/1961796588684370234","991529139814391809",
"1961795993420382331","Sat Aug 30 14:19:47 +0000 2025","0","temenin aku naik gunung roblok","1961795993420382331","","","in","","0","1","0","https://x.com/undefined/status/1961795993420382331","1877702929639223296",
"1961755399989911812","Sat Aug 30 14:19:32 +0000 2025","0","@forkangwonie biasku gunung gede a.k.a taesan skena cabang korea kakk","1961795930707075347","","forkangwonie","in","","0","1","0","https://x.com/undefined/status/1961795930707075347","1789965924789051392",
"1958366772186517788","Sat Aug 30 14:19:21 +0000 2025","0","@yawncatto @sereinyxra UDAH BALIK BELOM AYO GUNUNG JAWA","1961795882162307408","","yawncatto","in","","0","1","0","https://x.com/undefined/status/1961795882162307408","1536519183089156096",
"1961795874432139765","Sat Aug 30 14:19:19 +0000 2025","14","halooo ayoo muts x sama aku atau muts di !roblox aku suka naik gunung nongkrong di map hangout dan ojingan di orkes dangdut wkwk yang maw mutss bisa reply yaaa! https://t.co/As1azeTE3Y","1961795874432139765","https://pbs.twimg.com/media/Gzmy8embAAALhyt.jpg","","in","","2","34","0","https://x.com/undefined/status/1961795874432139765","1903872646678470656",
"1954885585631617221","Sat Aug 30 14:19:00 +0000 2025","0","@egyuvin Gunung mana yang sudah ditaklukan oleh egyuvin ini... Ngakak belum apa-apa udah mager biar gak mager coba naik helicopter biar langsung sampai atas ","1961795794660626476","","egyuvin","in","","0","1","0","https://x.com/undefined/status/1961795794660626476","3258055382",
"1961793701858165213","Sat Aug 30 14:10:41 +0000 2025","7","menamatkan gunung caleb bersama @nzfiiaa https://t.co/jUMGMElyGv","1961793701858165213","https://pbs.twimg.com/media/GzmwyVFbkAAuwea.jpg","","in","","0","8","0","https://x.com/undefined/status/1961793701858165213","1639651064722108417",
"1961712980942602517","Sat Aug 30 14:10:33 +0000 2025","2","@BudiBukanIntel Demo tak jelas tuntutannya apa yg ada cm kemarahan n jarah sana sini. Itu dah ckp menjadi alasan militer turun gunung. Hati2 Prabowo ini coy","1961793669981470887","","BudiBukanIntel","in","","0","0","0","https://x.com/undefined/status/1961793669981470887","1827983629370466304",
"1961793025337970923","Sat Aug 30 14:10:28 +0000 2025","0","Tower berkedok gunung ajg. Gua emosi karena jatuhnya lama","1961793645193166964","","crymorrow","in","","0","0","0","https://x.com/undefined/status/1961793645193166964","1585904809",
"1961768552211632188","Sat Aug 30 14:09:44 +0000 2025","1","@KangSemproel Cobian nganggo daun pulus. Tendeun di harigu gunung tunda di sisi lalamping. Pikeun pa-ngeling2. Aya partai waktu borojol di timang2. Heus badag kalah ngabangkang.","1961793461197443491","","KangSemproel","in","","1","1","0","https://x.com/undefined/status/1961793461197443491","1303861398246584320",
"1961783515357323659","Sat Aug 30 14:09:03 +0000 2025","0","@sapphicsfess EH AYOK MABAR AKU JG SUKA NAIK GUNUNG HEHEH dan aku juga sama kek kamu nder prenles","1961793289797161110","","sapphicsfess","in","","0","1","0","https://x.com/undefined/status/1961793289797161110","1861806338956984320",
"1961787639717355687","Sat Aug 30 14:08:54 +0000 2025","0","@LovelyBey_ Waduhhhh.... apaan nih min @RWWReborn @TheEagle_BEN @sugondese6666 ???","1961793254594412624","","LovelyBey_","in","","0","0","0","https://x.com/undefined/status/1961793254594412624","1701624074877984768",
"1961766315317940225","Sat Aug 30 14:08:18 +0000 2025","22","@komuniche Njirr turun gunung","1961793101015707987","","komuniche","in","","0","0","2","https://x.com/undefined/status/1961793101015707987","1648166655732887552",
"1961793025337970923","Sat Aug 30 14:08:00 +0000 2025","0","Gunung atin gak layak disebut gunung cok","1961793025337970923","","","in","","0","1","0","https://x.com/undefined/status/1961793025337970923","1585904809",
"1961776348957139336","Sat Aug 30 14:07:32 +0000 2025","0","@natzcyraa NAEK GUNUNG APA KM","1961792910409764968","","natzcyraa","in","","0","1","0","https://x.com/undefined/status/1961792910409764968","1945043121236271106",
"1961782248103104598","Sat Aug 30 14:07:32 +0000 2025","1","3️⃣ Day 3 Camping Malemnya mumpung masih di kawasan Situ Gunung aku memutuskan untuk camping di Danau Situ Gunungnya! ️ Tiket: 52k/orang termasuk parkir Bisa sewa perlengkapan camping di lokasi yaa. Ada warung-warung yang nyewain dan siap mengisi perutmu kalo laper di sini~ https://t.co/XsoUKPLP5n","1961792910103544181","https://pbs.twimg.com/media/GzmwMBKaAAAoQid.jpg","traveloka","in","","0","1","1","https://x.com/undefined/status/1961792910103544181","498496042",
"1961792693677547734","Sat Aug 30 14:06:41 +0000 2025","2","nanjak 4 gunung. https://t.co/Z09Ao8bkn3","1961792693677547734","https://pbs.twimg.com/media/GzmwDXaaAAAvxo5.jpg","","in","","0","0","0","https://x.com/undefined/status/1961792693677547734","1433432894697971719",
"1961782941325152471","Sat Aug 30 14:05:59 +0000 2025","0","@harnjihoon aku bawain gunung Fuji versi penghapus ya","1961792517663580344","","harnjihoon","in","","0","0","0","https://x.com/undefined/status/1961792517663580344","1795002972218462208",
"1961792373777928627","Sat Aug 30 14:05:24 +0000 2025","0"," Kak au kadal gunung dan si cantik wangi itu series few tweet aja ya ? Iya aku update bertahap semua au ku aku update kyak gitu #tellonym https://t.co/oi5hXIAsy0","1961792373777928627","","","in","","0","0","0","https://x.com/undefined/status/1961792373777928627","1390659899097423876",
"1961789479691424228","Sat Aug 30 14:04:53 +0000 2025","3","@BudiBukanIntel Apakah ada tanda2 nih manusia2 akan turun gunung ? Tapi ada Roy Suryo ya jelas gue males","1961792241292414996","","BudiBukanIntel","in","","0","1","0","https://x.com/undefined/status/1961792241292414996","1765551994947956736",
"1961792104595951975","Sat Aug 30 14:04:20 +0000 2025","0"," Kak au kadal gunung dan si cantik wangi itu series few tweet aja ya ? Iya aku update bertahap semua au ku aku update kyak gitu #tellonym https://t.co/oi5hXIAsy0","1961792104595951975","","","in","","0","0","0","https://x.com/undefined/status/1961792104595951975","1390659899097423876",
"1961475386178511339","Sat Aug 30 14:04:07 +0000 2025","0","@narraden Ak dah mengagendakan mw mendaki gunung tapi blum jadi anjayy ak lemes","1961792049239531608","","xhnghan","in","","0","0","0","https://x.com/undefined/status/1961792049239531608","1724573952788639744",
"1961792018667192492","Sat Aug 30 14:04:00 +0000 2025","1","Tadinya aku males main di gunung ini. Tapi karena waktu itu digendong Agi dan liat Agi 500 summit jadi semangat ngepush dan sekarang 50. https://t.co/UtABpKRgK7","1961792018667192492","https://pbs.twimg.com/media/GzmvcIoaQAEkW2a.jpg","","in","","1","2","0","https://x.com/undefined/status/1961792018667192492","2469144686",
"1961791913973240020","Sat Aug 30 14:03:35 +0000 2025","0","Map apaa ya yg seruuu selain gunung","1961791913973240020","","","in","","0","0","0","https://x.com/undefined/status/1961791913973240020","1408991892784652291",
"1961791820649902565","Sat Aug 30 14:03:13 +0000 2025","0","gunung akhirat apa banget dah gagal terus di cp 18 ^______^ ngasih jarak bola inulnya jauh banget ^______^","1961791820649902565","","","in","","0","0","0","https://x.com/undefined/status/1961791820649902565","1859644530234097668",
"1961791805818843419","Sat Aug 30 14:03:09 +0000 2025","1","Bener eh tinggal dilereng gunung di lembang malam takut macan yg kabur itu dan siang takut gempa. Udah dapat wejangan dari camat dan BPBD agar waspada.","1961791805818843419","","","in","","0","0","0","https://x.com/undefined/status/1961791805818843419","1568371297",
"1961788615106933098","Sat Aug 30 13:50:28 +0000 2025","0","cukup sekali ke andong to know naik2 gunung is jz not my thing wkakwokaoa","1961788615106933098","","","in","","0","0","0","https://x.com/undefined/status/1961788615106933098","1605828907621810177",
"1961778854353416419","Sat Aug 30 13:48:53 +0000 2025","1","@SimbokeSarah @BebySoSweet @AntoniusCDN Lebih baik memindahkan gunung dari pada mengubah watak kriminal Utk hal mendasar dalam meredam kerusuhan akibat demo yg direpresi oleh parcok saja tidak mampu. Sepertinya ada yg memanfaatkan ketidak terorganisirannya ojol berdemo dg para kriminal yg mengalihkan isu korupsinya","1961788216165724482","","SimbokeSarah","in","","0","1","0","https://x.com/undefined/status/1961788216165724482","2191579651",
"1961788016227418515","Sat Aug 30 13:48:05 +0000 2025","1","udah kagak ada temen buat naek gunung lagi gua anjinggg. gua ajakin pada susah bett sekarang ‍️","1961788016227418515","","","in","","0","0","0","https://x.com/undefined/status/1961788016227418515","795119886",
"1961604811222138980","Sat Aug 30 13:47:26 +0000 2025","0","@babufess Gara2 suka naik gunung dan bengong di hutan https://t.co/rkoHwIrj9Y","1961787850984440068","https://pbs.twimg.com/media/GzmrpjRbUAAZc6L.jpg","babufess","in","","0","0","0","https://x.com/undefined/status/1961787850984440068","1684500339251355648",
"1961787805128134995","Sat Aug 30 13:47:15 +0000 2025","0","SANG DIVA TURUN GUNUNG ","1961787805128134995","","","in","","0","0","0","https://x.com/undefined/status/1961787805128134995","1025088780892426240",
"1961777043043152158","Sat Aug 30 13:47:14 +0000 2025","0","@suaraseby susah banget naik gunung roblox...","1961787801462342013","","suaraseby","in","","0","1","0","https://x.com/undefined/status/1961787801462342013","1336445335397257218",
"1961785645527179563","Sat Aug 30 13:46:47 +0000 2025","0","@ren_dyys kamu lagi main apa kak? majunya pake tombol yang ada di bawah kanan kaaak ada panahnya gitu kalo kamu main map gunung (tapi semuanya gitu sih tinggal arahin maju aja)","1961787687524032794","","dearteaj","in","","0","1","0","https://x.com/undefined/status/1961787687524032794","502521204",
"1961786787736748345","Sat Aug 30 13:43:13 +0000 2025","0","AKHIRNYA SUMMIT GUNUNG STRESS SAMPE MAU DIAJAK BETUMBUK SAMA YG GENDONG AK https://t.co/jxWS3kKAmw","1961786787736748345","https://pbs.twimg.com/media/GzmqqqhawAAxrNy.jpg","","in","","0","0","0","https://x.com/undefined/status/1961786787736748345","1263658478788173824",
"1961558478360907830","Sat Aug 30 13:43:10 +0000 2025","1","@Gunung_Agoeng @gilang_ahm31272 Apa hubungannya dengan ras tertentu?","1961786775011197004","","Gunung_Agoeng","in","","0","0","0","https://x.com/undefined/status/1961786775011197004","1095494893894492167",
"1961786506663829845","Sat Aug 30 13:42:06 +0000 2025","0","puncak gunung batu keren bgt anjim https://t.co/dvqleAbveN","1961786506663829845","https://pbs.twimg.com/amplify_video_thumb/1961786443908722688/img/QD7O2oGzvi63Qi5W.jpg","","in","","1","1","0","https://x.com/undefined/status/1961786506663829845","1738069748267847680",
"1961786473553989703","Sat Aug 30 13:41:58 +0000 2025","0","Sebelum Agustus berakhir google photo rupanya mengingatkan 2 kejadian besar yang permah terjadi di hidupku. Naik gunung dan mengencani gadis berkerudung yg jauh di sana. semua yg terjadi aku masih ingat jelas. https://t.co/zz5e0u4aWq","1961786473553989703","https://pbs.twimg.com/media/GzmqZrLaEAAxJMA.jpg","","in","","0","1","0","https://x.com/undefined/status/1961786473553989703","135837551",
"1961779719734747555","Sat Aug 30 13:41:45 +0000 2025","0","@KezIynn Gunung apa? ","1961786420089295064","","KezIynn","in","","0","1","0","https://x.com/undefined/status/1961786420089295064","771182317616246785",
"1961777057740021947","Sat Aug 30 13:41:34 +0000 2025","0","@garrenskuy18 sejak kapan reja mau naik gunung cuk","1961786372379066415","","garrenskuy18","in","","0","1","0","https://x.com/undefined/status/1961786372379066415","1916863129533005824",
"1961778848024182973","Sat Aug 30 13:41:25 +0000 2025","0","@vanyajasip dapet 2 gunung mah ini","1961786336341590113","","vanyajasip","in","","0","0","0","https://x.com/undefined/status/1961786336341590113","1041456349438070784",
"1961784446937686301","Sat Aug 30 13:40:49 +0000 2025","0","@lizaqy_ Kamu mw aku minta maaf gimana aku panjat gunung Everest pun aku sanggup ","1961786185933889914","","penismydei","in","","0","1","0","https://x.com/undefined/status/1961786185933889914","1597543685092413442",
"1961786061459472765","Sat Aug 30 13:40:19 +0000 2025","0","w admin gunung jawir","1961786061459472765","","","in","","0","0","0","https://x.com/undefined/status/1961786061459472765","1945345308923420672",
"1961785645527179563","Sat Aug 30 13:40:06 +0000 2025","0","@ren_dyys yuk temenan nnt kita mendaki gunung","1961786006497358328","","dearteaj","in","","0","1","0","https://x.com/undefined/status/1961786006497358328","1606260127761252353",
"1961785888578719806","Sat Aug 30 13:39:38 +0000 2025","1","Day 1 ikut pacarku magang di Gunung Daun:","1961785888578719806","","","in","","0","0","0","https://x.com/undefined/status/1961785888578719806","1951176219648794624",
"1961785543462949252","Sat Aug 30 13:38:16 +0000 2025","0","Siapa mau naik gunung sm aku?","1961785543462949252","","","in","","0","0","0","https://x.com/undefined/status/1961785543462949252","887991114216624128",
"1961785506301350073","Sat Aug 30 13:38:07 +0000 2025","0","ketemu orang tolol di gunung akhirat tadi. perkara dia manggil kak kak aku ga nyaut ya aku mana tau di manggil aku kocak trs malah dikatain gagu dikira aku ga denger. piis lah lagian ga semua orang bisa open mic. asal aja anjing ngatain orang gagu. kampnk","1961785506301350073","","","in","","0","0","0","https://x.com/undefined/status/1961785506301350073","1562321348575502336",
"1961782398095684050","Sat Aug 30 13:25:46 +0000 2025","2","berhasil menamatkan mendaki gunung volcano di gag https://t.co/Ae25EnL9nb","1961782398095684050","https://pbs.twimg.com/media/Gzmmr9oboAAh9c3.jpg","","in","","0","0","0","https://x.com/undefined/status/1961782398095684050","1578285966913024001",
"1961782323709694096","Sat Aug 30 13:25:28 +0000 2025","1","Selain gunung daun gunung apa lagi yang ada rintangannya tapi masih ok buat pemula sedikit dontol macam aku ini pls rekomen","1961782323709694096","","","in","","0","3","0","https://x.com/undefined/status/1961782323709694096","1780133725680160768",
"1961770767370375378","Sat Aug 30 13:25:08 +0000 2025","13","@CNNIndonesia Bukan itu yg diinginkan rakyat. Tunjangan itu hanya puncak gunung es. Di bawahnya ada manajemen anggaran negara yg amburadul pajak gila2an pemimpin yg ga peka dengar suara rakyat bahkan kalau mau ditarik sampai bawah lagi itu ada permainan busuk di pemilu kemarin...","1961782238259089553","","CNNIndonesia","in","","0","1","1","https://x.com/undefined/status/1961782238259089553","97823924",
"1961715694804078823","Sat Aug 30 13:24:35 +0000 2025","0","@hynjiaa Ya allah kak betul bgt . Mood dibuat naik turun naik ke puncak gunung tinggi² sekali trs balik lagi dr kmrn dah rill no fek fek ","1961782098362266104","","hynjiaa","in","","0","0","0","https://x.com/undefined/status/1961782098362266104","526954828",
"1961770031479718367","Sat Aug 30 13:24:22 +0000 2025","0","@jencahyani baik kak jen akan ku cari gunung yang lain","1961782044725572029","","jencahyani","in","","0","0","0","https://x.com/undefined/status/1961782044725572029","1448643688440029189",
"1961782034520744141","Sat Aug 30 13:24:19 +0000 2025","19","Gunung Everest Pakai Drone untuk Ambil Sampah Pekerjaan 6 Jam Kelar 10 Menit Baca di: https://t.co/xdmiVQkeDi https://t.co/523EmyI260","1961782034520744141","https://pbs.twimg.com/media/GzmmGkaa0AAlx3v.jpg","","in","","0","0","6","https://x.com/undefined/status/1961782034520744141","23343960",
"1961456909825052772","Sat Aug 30 13:23:32 +0000 2025","0","@caestley gunung akhirat yaa","1961781835106820337","","caestley","in","","0","0","0","https://x.com/undefined/status/1961781835106820337","1903476695430307840",
"1961443751152554206","Sat Aug 30 13:22:58 +0000 2025","0","@Gunung_Agoeng @afrkml Diem lu manusia primitif musuh bersama rakyat tuh pemerintah ga usah lu mecah belah dengan bawa isu etnis jaman sekarang masih punya pikiran kolot aja lu","1961781692127138181","","Gunung_Agoeng","in","","0","0","0","https://x.com/undefined/status/1961781692127138181","114639796",
"1961781316988682637","Sat Aug 30 13:21:28 +0000 2025","1","Pemerintah Jepang Rilis Video Simulasi Erupsi Gunung Fuji https://t.co/OL4YMVOmXd","1961781316988682637","","","in","","0","0","0","https://x.com/undefined/status/1961781316988682637","55327439",
"1961781309816414676","Sat Aug 30 13:21:27 +0000 2025","0","Gunung streess cp nya banyak bgt sampe 43 https://t.co/kQRaFdTGLU","1961781309816414676","https://pbs.twimg.com/media/GzmlrUuagAAUsff.jpg","","in","","0","0","0","https://x.com/undefined/status/1961781309816414676","1914956427397095425",
"1961731153561579764","Sat Aug 30 13:20:07 +0000 2025","1","@Sadewa_39 @LtdAkbar @Catatan_ali7 Gunung Lawu","1961780974532100523","","Sadewa_39","in","","0","0","0","https://x.com/undefined/status/1961780974532100523","2338218877",
"1961780811898003496","Sat Aug 30 13:19:28 +0000 2025","259","Fajar sadboy dah sampe turun gunung https://t.co/DPeVOABznq","1961780811898003496","https://pbs.twimg.com/ext_tw_video_thumb/1961780698488193024/pu/img/wfbmNQhI0EI7ngO8.jpg","","in","","7","10","49","https://x.com/undefined/status/1961780811898003496","1012325844",
"1961779442260566252","Sat Aug 30 13:19:28 +0000 2025","0","@DikaraXII @_reginawilian Enaknya Gunung Atin atau Everest ya?","1961780811403030979","","DikaraXII","in","","0","1","0","https://x.com/undefined/status/1961780811403030979","1150765738069676032",
"1961761114762731940","Sat Aug 30 13:19:18 +0000 2025","0","@ptrbrmnty Makanya macem mau 'kasih angin' aja biar seolah dese lengah biar rakyat dapet aja pelampiasan walau fana. Padahal cuma seujung taikuku dia yg diambil itu puncak gunung es aja.","1961780769803948184","","ptrbrmnty","in","","0","1","0","https://x.com/undefined/status/1961780769803948184","74688507",
"1961747817246134743","Sat Aug 30 13:18:35 +0000 2025","0","@febdypw mio biru naik gunung","1961780589075599677","","febdypw","in","","0","0","0","https://x.com/undefined/status/1961780589075599677","1152013928404144130",
"1961765068066234712","Sat Aug 30 13:18:23 +0000 2025","0","@KangManto123 Kok njanur gunung .... si Mantan gk kelihatan biasanya auto gercep popularitas? Apa takut duduk kelamaan hingga pempersnya overload...? https://t.co/SCWLvre2DQ","1961780540681703861","https://pbs.twimg.com/ext_tw_video_thumb/1961780495865495553/pu/img/8nRSWHw1DvT7L7QG.jpg","KangManto123","in","","0","0","0","https://x.com/undefined/status/1961780540681703861","1633008680299012096",
"1961780233847095572","Sat Aug 30 13:17:10 +0000 2025","0","Roblox! Mau cerita jadikan sender punya abang nah abang ku ini main Roblox map gunung gitu sambil voice chat sama cewe. Tadinya ku kira dia main sama pacarnya eh ternyata dia lagi kenalan sama cewe lain . Mana dari jam 5 sore sampe jam 8 malam lagi ngobrol nya ","1961780233847095572","","","in","","0","1","0","https://x.com/undefined/status/1961780233847095572","1667714410000060416",
"1961779566013534691","Sat Aug 30 13:14:31 +0000 2025","0","Bhabinkamtibmas kelurahan gunung Ketur Bripka Didik Hestiyanta melaksanakan kegiatan sambang pantau di Rumah Tahanan klas IIA Yogyakarta terkait keamanan di lingkungan Rumah Tahanan klas IIA Yogyakarta. Sabtu 30/08/2025 siang. https://t.co/2ZsW9zOHym","1961779566013534691","https://pbs.twimg.com/media/GzmkHAVbgAAt77o.jpg","","in","","0","0","0","https://x.com/undefined/status/1961779566013534691","1174442132196622338",
"1961748692438024615","Sat Aug 30 13:11:45 +0000 2025","0","@sukabbobo gunung stres","1961778871625543737","","sukabbobo","tl","","0","1","0","https://x.com/undefined/status/1961778871625543737","1609913304629252096",
"1961764760279740849","Sat Aug 30 13:09:54 +0000 2025","0","Gajadi guys konten gunung yang gak sebrapa itu aku cf ajahh. Merasa gultik asin","1961778403977408556","","yulyaatp_","in","","0","1","0","https://x.com/undefined/status/1961778403977408556","1825170198724542464",
"1961778280673223152","Sat Aug 30 13:09:24 +0000 2025","0","gunung atin kontol gua suren","1961778280673223152","","","tl","","0","0","0","https://x.com/undefined/status/1961778280673223152","1154162514562707457",
"1954411495229366301","Sat Aug 30 13:09:12 +0000 2025","0","@hafizhimamm summit @ gunung funtake digendong raja summit wkwk thanks yaaa!! https://t.co/LibXt03Aui","1961778227707551802","https://pbs.twimg.com/media/Gzmi5LLbwAADYZm.jpg","revithavirgiany","in","","0","1","0","https://x.com/undefined/status/1961778227707551802","111239305",
"1961778200218124586","Sat Aug 30 13:09:05 +0000 2025","0","Tiap abis ke bukit/gunung selalu bingung kok mau aja diajak susah dan capek. Tapi tetep gamau nolak kalo ada tawaran hehe","1961778200218124586","","","in","","0","2","0","https://x.com/undefined/status/1961778200218124586","948133105809858560",
"1961777659266138359","Sat Aug 30 13:06:56 +0000 2025","0","Monyet gunung salak https://t.co/ytyYjFAwNq","1961777659266138359","https://pbs.twimg.com/media/GzmiYaaacAAhAN2.jpg","","in","","0","0","0","https://x.com/undefined/status/1961777659266138359","1426363549832552450",
"1961777525761483042","Sat Aug 30 13:06:24 +0000 2025","0","️ Gunung Kumahasia seru tantangannya masih masuk akal tapi tetep aku kesulitan kecil digendong dua kali sama orang yang summitnya udah banyak. makasih loh kak https://t.co/vwQqfFKZDq","1961777525761483042","https://pbs.twimg.com/media/GzmiQHsacAEMzOB.jpg","","in","","0","1","0","https://x.com/undefined/status/1961777525761483042","1640032655516520448",
"1961775626421170290","Sat Aug 30 13:04:44 +0000 2025","1","@TamiranaNS Belum aja raja terakhir Papipul turun gunung udah ngeri gini ","1961777104913371544","","TamiranaNS","in","","0","0","0","https://x.com/undefined/status/1961777104913371544","1681586255090565120",
"1961406295162143036","Sat Aug 30 13:04:28 +0000 2025","0","@pelmenyupi @seethelighteu @birkuit @accionino Di map gunung juga suka ada https://t.co/qv3IO52Tl4","1961777039276650976","https://pbs.twimg.com/media/Gzmh0eybsAAwZAC.jpg","pelmenyupi","in","","0","0","0","https://x.com/undefined/status/1961777039276650976","1342545446074343426",
"1961775894080713091","Sat Aug 30 13:03:16 +0000 2025","0","@ipuuyyy W kira elu turun gunung","1961776733964898809","","ipuuyyy","in","","0","0","0","https://x.com/undefined/status/1961776733964898809","4847035918",
"1961772308051226828","Sat Aug 30 13:02:42 +0000 2025","0","@roblox_fess Hmuu map gunung","1961776591870271634","","roblox_fess","in","","0","1","0","https://x.com/undefined/status/1961776591870271634","1408991892784652291",
"1961776464262767094","Sat Aug 30 13:02:11 +0000 2025","0","Mimpiku tadi malam sedikir absurd Mendaki ke gunung dg banyak teman yg tidak dikenal","1961776464262767094","","","in","","0","0","0","https://x.com/undefined/status/1961776464262767094","920474730351624192",
"1961774406088433860","Sat Aug 30 13:01:03 +0000 2025","0","@idextratime amorim sange amat ama gunung cokkkk","1961776177863143693","","idextratime","in","","0","0","0","https://x.com/undefined/status/1961776177863143693","1136480825464147969",
"1961775859611918717","Sat Aug 30 12:59:47 +0000 2025","0","im someone s dontol gunung sekte https://t.co/bD7fw2RRgY","1961775859611918717","https://pbs.twimg.com/media/GzmguS2bMAAL04k.jpg","","in","","0","0","0","https://x.com/undefined/status/1961775859611918717","1945694850386673664",
"1961772098931859693","Sat Aug 30 12:58:01 +0000 2025","0","@pinkycherieshh WKWKWK KACAMATA GUNUNG","1961775414394912853","","pinkycherieshh","in","","0","1","0","https://x.com/undefined/status/1961775414394912853","1388514878462205954",
"1961774556051632425","Sat Aug 30 12:54:36 +0000 2025","0","Mang boleh se-dontol ini sampe digendong 3 ojek gunung berbeda https://t.co/wVla0g5Ko1","1961774556051632425","https://pbs.twimg.com/media/GzmfjxBbUAAt281.jpg","","in","","0","0","0","https://x.com/undefined/status/1961774556051632425","1634218619726106626",
"1961774491237007823","Sat Aug 30 12:54:21 +0000 2025","7","UNESCO Global Geopark in Indonesia: 1. Batur 2. Gunung Sewu 3. Ciletuh-Palabuhanratu 4. Rinjani-Lombok 5. Toba Caldera 6. Belitong 7. Merangin Jambi 8. Ijen 9. Maros Pangkep 10. Raja Ampat 11. Kebumen 12. Meratus","1961774491237007823","","","in","","0","0","0","https://x.com/undefined/status/1961774491237007823","1584150314944692224",
"1961774001925284100","Sat Aug 30 12:54:19 +0000 2025","0","@idextratime wkwk gini Sesko yang katanya bagus cuma jadi cadangan Anak gunung","1961774481736634453","","idextratime","in","","0","0","0","https://x.com/undefined/status/1961774481736634453","1223520388463771648",
"1961774477370679776","Sat Aug 30 12:54:18 +0000 2025","7","Taman Bumi (Geopark) Dunia/Global UNESCO di Indonesia: 1. Batur 2. Gunung Sewu 3. Ciletuh-Palabuhanratu 4. Rinjani-Lombok 5. Kaldera Toba 6. Belitong 7. Merangin Jambi 8. Ijen 9. Maros Pangkep 10. Raja Ampat 11. Kebumen 12. Meratus","1961774477370679776","","","in","","0","0","0","https://x.com/undefined/status/1961774477370679776","1584150314944692224",
"1961774457506394252","Sat Aug 30 12:54:13 +0000 2025","7","UNESCO World Biosphere Reserves in Indonesia: 1. Cibodas 2. Komodo 3. Lore Lindu 4. Tanjung Puting 5. Gunung Leuser 6. Siberut 7. Giam Siak Kecil-Bukit Batu 8. Wakatobi 9.Bromo Tengger Semeru-Arjuno 10. Taka Bonerate-Selayar 11. Belambangan 12. Berbak-Sembilang","1961774457506394252","","","in","","0","1","0","https://x.com/undefined/status/1961774457506394252","1584150314944692224",
"1961774434559369402","Sat Aug 30 12:54:07 +0000 2025","7","Cagar Biosfer Dunia UNESCO di Indonesia: 1. Cibodas 2. Komodo 3. Lore Lindu 4. Tanjung Puting 5. Gunung Leuser 6. Siberut 7. Giam Siak Kecil-Bukit Batu 8. Wakatobi 9. Bromo Tengger Semeru-Arjuno 10. Taka Bonerate-Selayar 11. Belambangan 12. Berbak-Sembilang","1961774434559369402","","","in","","0","1","0","https://x.com/undefined/status/1961774434559369402","1584150314944692224",
"1961774424958566623","Sat Aug 30 12:54:05 +0000 2025","0","Gunung berapi berguncang lava meluap dan hawa panas membakar udara sekitar. Dari kawah menyala merah terlihat seekor kera raksasa berteriak menggetarkan bumi. Son Gokū (4-Tails) muncul di Gunung Api! Segera gunakan jutsu penyegelan sebelum ia menghilang! https://t.co/UrD6F1fAzW","1961774424958566623","https://pbs.twimg.com/media/GzmfbyaaYAA4SFM.jpg","","in","","0","2","0","https://x.com/undefined/status/1961774424958566623","4492985112",
"1961773827203158234","Sat Aug 30 12:51:43 +0000 2025","0","gunung bagus","1961773827203158234","","","in","","0","6","0","https://x.com/undefined/status/1961773827203158234","58193558",
"1961773770315563405","Sat Aug 30 12:51:29 +0000 2025","508","Nemu gunung baru di !roblox lucuu banget Rintangannya ga terlalu susah dan spot fotonya banyakk ada anime juga hihi :3 https://t.co/vleF50HN4l","1961773770315563405","https://pbs.twimg.com/media/Gzme2MuXgAAPJyE.jpg","","in","","35","32","17","https://x.com/undefined/status/1961773770315563405","1903872646678470656",
"1961772098931859693","Sat Aug 30 12:51:28 +0000 2025","0","@ndunarchive Kirain yg item itu apaan taunya kacamata gunung","1961773766956249212","","ndunarchive","in","","0","1","0","https://x.com/undefined/status/1961773766956249212","1702585098749804544",
"1961768677470273576","Sat Aug 30 12:50:32 +0000 2025","0","@kucingbertopi Ku sering ke gunung beli coki coki jd suka dapet ituu","1961773532951822532","","kucingbertopi","in","","0","1","0","https://x.com/undefined/status/1961773532951822532","1422556323145818118",
"1961442697094590649","Sat Aug 30 12:49:38 +0000 2025","0","@trsatang ak g bisa lewat situ jirr jdi ak muter ke jemursari trus lewat ketintang lanjut gunung sari","1961773303082975290","","trsatang","in","","0","0","0","https://x.com/undefined/status/1961773303082975290","1708498403980869632",
"1961773194144334155","Sat Aug 30 12:49:12 +0000 2025","38"," 250829 #EUNSEOK RIIZE ODYSSEY K-MONSTAR Fansign Event in Taipei Op minta Eunseok menirukan ekspresi gantungan kunci Gunung Fuji Malah jadi gemes banget Eunseok Binbin https://t.co/gNm2xK58Ef #RIIZE #라이즈 #은석 #ウンソク https://t.co/MXoEK6S0ut","1961773194144334155","https://pbs.twimg.com/media/GzmeUqJbUAAZ0xH.jpg","","in","","0","0","5","https://x.com/undefined/status/1961773194144334155","1404816728194830338",
"1961685591013069016","Sat Aug 30 12:47:54 +0000 2025","0","@ngalamfess Gunung harta juragan 99 Cuma pernah 2 itu aja","1961772866946638163","","ngalamfess","in","","0","0","0","https://x.com/undefined/status/1961772866946638163","418621256",
"1961443751152554206","Sat Aug 30 12:47:34 +0000 2025","1","@Gunung_Agoeng @afrkml buzzer dpr kontol","1961772784092414312","","Gunung_Agoeng","in","","0","0","0","https://x.com/undefined/status/1961772784092414312","1378139884641153024",
"1961770031479718367","Sat Aug 30 12:47:29 +0000 2025","0","@jencahyani gunung sunda","1961772764215615602","","jencahyani","in","","0","1","0","https://x.com/undefined/status/1961772764215615602","1448643688440029189",
"1961772557549666533","Sat Aug 30 12:46:40 +0000 2025","0","Hampir semua wilayah chaos gapapa fasilitas rusak masih bisa di bangun lagi coba itu hutan gunung laut yang di rusak pejabat apa bisa balik lagi? Kaga ya anjing","1961772557549666533","","","in","","0","0","0","https://x.com/undefined/status/1961772557549666533","1269790510186500096",
"1961772308051226828","Sat Aug 30 12:45:40 +0000 2025","1","!roblox ada yg main fish it dan map gunung kah? mutualan hayuu nanti aku add yahh","1961772308051226828","","","in","","1","20","0","https://x.com/undefined/status/1961772308051226828","1903872646678470656",
"1961771828273389589","Sat Aug 30 12:45:37 +0000 2025","0"," gunung sanggabuana ketemu bantu guys sumph jelek bngt setannya. COACH KITA UDH SAMPE PUNCAK MMKASIH RUMUSNYA COACH https://t.co/DayvQwvQKt","1961772294885576934","https://pbs.twimg.com/media/GzmdgCUa0AAt61U.jpg","ellameovvu","in","","0","1","0","https://x.com/undefined/status/1961772294885576934","1934485046490226688",
"1961771828273389589","Sat Aug 30 12:43:46 +0000 2025","0","gunung wilis ez pz cocok buat yg gak mau ketemu tangga inul https://t.co/C5b1L09TDV","1961771828273389589","https://pbs.twimg.com/media/GzmdEz2a8AAF9pz.jpg","","in","","0","1","0","https://x.com/undefined/status/1961771828273389589","1934485046490226688",
"1961621106751934831","Sat Aug 30 12:43:45 +0000 2025","0","@btsalbhy ITU GUNUNG APA ANJRIT","1961771824842428549","","btsalbhy","in","","0","1","0","https://x.com/undefined/status/1961771824842428549","1437022424134926344",
"1961723514546786479","Sat Aug 30 12:38:47 +0000 2025","0","@roblox_fess bisaa nder aku kadang naik gunung ava mini ava kotak ganti ganti. bisa bisa tadi aku nyoba naik gunung atin pakek ava mini lancar kok","1961770573698371935","","roblox_fess","in","","0","0","0","https://x.com/undefined/status/1961770573698371935","1210207856965742593",
"1961770172173459853","Sat Aug 30 12:37:11 +0000 2025","0","dia naik gunung sumbing aku malah bete ga ada kabarnya pas sampe basecamp","1961770172173459853","","","in","","0","0","0","https://x.com/undefined/status/1961770172173459853","619990286",
"1961102154959294718","Sat Aug 30 12:36:38 +0000 2025","0","@nowardsh Ada gunung gampang lagi nanti naik lagi","1961770032410812716","","nowardsh","in","","0","0","0","https://x.com/undefined/status/1961770032410812716","1889355147962396672",
"1961745884317876589","Sat Aug 30 12:36:04 +0000 2025","1","@only1am waktunya dukun juga turun gunung yuk","1961769890165198851","","only1am","in","","0","0","0","https://x.com/undefined/status/1961769890165198851","873893555663585280",
"1961759230207422693","Sat Aug 30 12:35:00 +0000 2025","0","@yejinging @urisabi___ Bener yuuuu Hikss apa mau dibawa ke gunung kah yoobarinya? (EHH)","1961769621213892767","","yejinging","in","","0","0","0","https://x.com/undefined/status/1961769621213892767","1419884363064352768",
"1961716549330555391","Sat Aug 30 12:34:49 +0000 2025","12","@hukumitb @txtdrimedia Sekalian aj ibu.ketua yg diganti..kami sdh muak dgn drama2 kalian.Dia fikir dgn uang semua selesai..nyawa anak manusia..yg hilang..mau diganti uang setinggi gunung uhud..ga akan bisa menggantikan yg hilang..apa lg bagi ibu yg sdh mengandung 9 bulan.","1961769574489280797","","HukumItb","in","","0","0","0","https://x.com/undefined/status/1961769574489280797","1851573340928143360",
"1961769466259550421","Sat Aug 30 12:34:23 +0000 2025","14"," NIGHT RAID Semarang 29/08/2025 pukul 22.34 WIB Malam itu masa dipukul mundur dihujani water canon &amp; tear gas. Fenomena gunung es dari luapan kekecewaan amarah dan emosi seluruh elemen sipil pecah di satu momen karena dosa dan kesalahan para aparat dan para pembuat kebijakan https://t.co/e2YZrcHulR","1961769466259550421","https://pbs.twimg.com/media/GzmasANa0AAEPvm.jpg","","in","","0","1","5","https://x.com/undefined/status/1961769466259550421","1583952758150901763",
"1961769262605017449","Sat Aug 30 12:33:34 +0000 2025","0","pengen mendaki gunung tapi mesti capek bgt","1961769262605017449","","","in","","1","0","0","https://x.com/undefined/status/1961769262605017449","1932999142764392449",
"1961769229725925800","Sat Aug 30 12:33:27 +0000 2025","0","Orang-orang gunung daun baik benar adanya","1961769232989073729","","hugbymoon","in","","0","0","0","https://x.com/undefined/status/1961769232989073729","1014847232493830144",
"1961700253855531180","Sat Aug 30 12:33:25 +0000 2025","0","@TxtdariHI naik naik ke puncak gunung tinggi tinggi sekaliiii wowo kebanyakan summit roblok","1961769225594503362","","TxtdariHI","in","","0","0","0","https://x.com/undefined/status/1961769225594503362","1798372803735113728",
"1961769057457492386","Sat Aug 30 12:32:45 +0000 2025","0","gunung daun dan gunung semesta https://t.co/fCFI4xtfFY","1961769057457492386","https://pbs.twimg.com/media/Gzmajd8bwAAybI6.jpg","","in","","0","0","0","https://x.com/undefined/status/1961769057457492386","1107278859471224833",
"1961767639271051433","Sat Aug 30 12:31:55 +0000 2025","0","@crushingonxuxi Gunung apani","1961768845817094222","","crushingonxuxi","in","","0","1","0","https://x.com/undefined/status/1961768845817094222","1031048625126690816",
"1961768776460026045","Sat Aug 30 12:31:38 +0000 2025","1","Itu botol apaan??? Maduuu?? Malum wong gunung ga paham","1961768776460026045","","","in","","0","1","0","https://x.com/undefined/status/1961768776460026045","1455796452387553283",
"1961470311456821460","Sat Aug 30 12:29:56 +0000 2025","0","@airazpt 3 hari summit gunung ini doanh","1961768346518696002","","airazpt","in","","0","1","0","https://x.com/undefined/status/1961768346518696002","1912859818333020160",
"1961768116784136303","Sat Aug 30 12:29:01 +0000 2025","0","https://t.co/TjnagqQtZ5 Pemkab Gunung Mas berharap GPM mampu kendalikan inflasi","1961768116784136303","","","in","","0","0","0","https://x.com/undefined/status/1961768116784136303","2421788773",
"1961693473419268531","Sat Aug 30 12:28:55 +0000 2025","0","@Camndy Gunung adu domba.","1961768091588960679","","Camndy","in","","0","0","0","https://x.com/undefined/status/1961768091588960679","414169912",
"1961764777245786484","Sat Aug 30 12:25:22 +0000 2025","19","@BudiBukanIntel ngeri intel real intel udh turun gunung kembali","1961767198370017457","","BudiBukanIntel","in","","0","0","0","https://x.com/undefined/status/1961767198370017457","2317024195",
"1961470131680481686","Sat Aug 30 12:24:41 +0000 2025","0","@kaorukocak gunung apa","1961767023815623031","","kaorukocak","in","","0","1","0","https://x.com/undefined/status/1961767023815623031","1939056342293172224",
"1961766955670733249","Sat Aug 30 12:24:24 +0000 2025","1","Turun gunung","1961766955670733249","","","in","","0","0","0","https://x.com/undefined/status/1961766955670733249","35680707",
"1961766902092775910","Sat Aug 30 12:24:11 +0000 2025","0","Ketua APGI Rahman Mukhlis menjelaskan langkah cepat pertolongan hipotermia di gunung. Kunci utama: tempat hangat pakaian kering dan komunikasi. https://t.co/3LKPFah88h","1961766902092775910","","","in","","0","0","0","https://x.com/undefined/status/1961766902092775910","454647489",
"1961766834665087072","Sat Aug 30 12:23:55 +0000 2025","0","Kita rakyat biasa bukan monster atau zombie ngapain segala kacang ijo turun gunung","1961766834665087072","","","in","","0","0","0","https://x.com/undefined/status/1961766834665087072","1436335671241707530",
"1961741607298060723","Sat Aug 30 12:23:55 +0000 2025","0","@dearnakaily I understand temen2 w dr fandom sebelah kek kamu bahkan mikirin summit gunung ","1961766831871652297","","dearnakaily","in","","0","1","0","https://x.com/undefined/status/1961766831871652297","1431480914081550338",
"1961766700451577910","Sat Aug 30 12:23:23 +0000 2025","1","Ketagihan naik gunung di roblox https://t.co/7pA9ZsE2OQ","1961766700451577910","https://pbs.twimg.com/media/GzmYapwaAAAkG9q.jpg","","tl","","0","0","0","https://x.com/undefined/status/1961766700451577910","1764467961086308352",
"1961766068269330448","Sat Aug 30 12:20:53 +0000 2025","0","Gunung apa pasir proyek ? Dari basecamp cuman 10 detik summit https://t.co/kMi6017qPi","1961766068269330448","https://pbs.twimg.com/ext_tw_video_thumb/1961766013453926400/pu/img/sOTpH1QW4aTopgxk.jpg","","in","","0","0","0","https://x.com/undefined/status/1961766068269330448","998938635452862464",
"1961766009318301909","Sat Aug 30 12:20:39 +0000 2025","0","Setelah kehilangan istri selama 7 tahun Tito hanya hidup berdua dengan Drupadi. Kabar Dru hilang di gunung membuat Tito terpukul. Tito nekat mencari Dru apapun yang terjadi Perjuangan seorang ayah yang berani dan tak kenal lelah demi sang anak bisa kamu saksikan di film https://t.co/TI935zICs7","1961766009318301909","https://pbs.twimg.com/amplify_video_thumb/1961765816271351809/img/whu9tGp4iGYl4bE5.jpg","","in","","0","1","0","https://x.com/undefined/status/1961766009318301909","71190489",
"1961765898001535028","Sat Aug 30 12:20:12 +0000 2025","0","Mount ke 21-30 yang berhasil di summit oleh Trent Tri si Bacon Pendaki Gunung haha https://t.co/4Uqq8H0nmq","1961765898001535028","https://pbs.twimg.com/ext_tw_video_thumb/1961765822839570432/pu/img/Qd3PiHrbp_ACDJan.jpg","","in","","0","0","0","https://x.com/undefined/status/1961765898001535028","1504841487464292355",
"1961642395629433135","Sat Aug 30 12:19:34 +0000 2025","1","@undipmfs2 pahami dan amati nder emg sih mereka jg ga sepenuhnya benar tapi ini jg fenomena gunung es akibat dari luapan kekecewaan amarah dan emosi yang telah dipendam oleh sipil dan pecah di momen itu karena dosa dan kesalahan aparat itu juga fokus demonstran juga tetap vertikal ke dpr","1961765739507204478","","undipmfs2","in","","0","1","0","https://x.com/undefined/status/1961765739507204478","1583952758150901763",
"1961722578411934178","Sat Aug 30 12:18:45 +0000 2025","0","@txtdrimedia Tak masuk akal.. Masak panglima sm kapolri yg buat statement ke rakyat.. Mereka itu hanya alat.. Mana tuan besarnya yg hebat2 itu.. Ayo turun gunung kalo kalian memang bisa naik tahta karna suara rakyat.. Tak jelas nerogo ini..","1961765532941860894","","txtdrimedia","in","","0","0","0","https://x.com/undefined/status/1961765532941860894","1661022734313459713",
"1961765180880359627","Sat Aug 30 12:17:21 +0000 2025","0","Abis ketemuan dan ngeracunin dia main Roblox baru juga pulang nyampe kost langsung diajak naik gunung https://t.co/JhzyEn7UGm","1961765180880359627","https://pbs.twimg.com/media/GzmXB2taUAA6gEh.jpg","","in","","0","0","0","https://x.com/undefined/status/1961765180880359627","1405132185342906370",
"1961763021665239518","Sat Aug 30 12:17:04 +0000 2025","0","@mightbemimi giliran benci nya udah ke shifting baru turun gunung anjay","1961765110827114532","","mightbemimi","in","","0","1","0","https://x.com/undefined/status/1961765110827114532","1808211992878239749",
"1961764760279740849","Sat Aug 30 12:15:41 +0000 2025","1","Guys bentar izin intermezzo konten naik gunung mumpung anaknya masih overstimulated. Habis ini kembali memperingati indonesia pecel suer ","1961764760279740849","","","in","","0","1","0","https://x.com/undefined/status/1961764760279740849","1825170198724542464",
"1949061411558334610","Sat Aug 30 12:15:07 +0000 2025","0","@sunglhyun kaaak kayanya ga ada gunung sahari di roblox deh - aku cuma asbun aja. ","1961764617258176569","","sunglhyun","in","","0","0","0","https://x.com/undefined/status/1961764617258176569","3351407720",
"1961653147480522896","Sat Aug 30 12:13:27 +0000 2025","0","@TensionYUNAH NAIK GUNUNG AJA YUK DD","1961764200050811051","","MinjiStudent","in","","0","0","0","https://x.com/undefined/status/1961764200050811051","1460397926",
"1961763963844309161","Sat Aug 30 12:12:31 +0000 2025","0","Agak tai dikit ya ini gunung tapi cakeup https://t.co/dpPCqTwC5G","1961763963844309161","https://pbs.twimg.com/media/GzmV7QibYAAywcu.jpg","","in","","0","1","0","https://x.com/undefined/status/1961763963844309161","1459421208403795971",
"1961763791546577002","Sat Aug 30 12:11:50 +0000 2025","1"," Perubahan tidak akan datang jika kita menunggu orang lain. Kita adalah perubahan yang kita cari. #katakata #vibes #storykatakata #senja #sorehari #pemandangan #aesthetic #aestheticvideo #aesteticvideo #katabijak #gunung https://t.co/jr58tk4RaX","1961763791546577002","https://pbs.twimg.com/amplify_video_thumb/1961763634365005824/img/vyaOj2cnj6cvWq8Z.jpg","","in","","0","0","0","https://x.com/undefined/status/1961763791546577002","1699273073042857984",
"1961763569340727488","Sat Aug 30 12:10:57 +0000 2025","0","seru sih ini gunung https://t.co/nn997nf7ce","1961763569340727488","https://pbs.twimg.com/media/GzmVkMMaQAEhUEw.jpg","","in","","0","0","0","https://x.com/undefined/status/1961763569340727488","1610763543686836226",
"1961762959493087734","Sat Aug 30 12:08:31 +0000 2025","0","Etmin drachin pun dah turun gunung saking muaknya","1961762959493087734","","","in","","0","0","0","https://x.com/undefined/status/1961762959493087734","1581916538591858688",
"1961761995734364542","Sat Aug 30 12:08:10 +0000 2025","0","@SEUNGHYUNNOX Salah summit gunung Rinjani.","1961762868598374418","","SEUNGHYUNNOX","in","","0","1","0","https://x.com/undefined/status/1961762868598374418","2994113022",
"1961420083898544261","Sat Aug 30 12:08:09 +0000 2025","0","@rercently cakaa kamu udah pernah summit gunung alamaknajisnya inisial atin?","1961762863082856732","","noxrth_","in","","0","1","0","https://x.com/undefined/status/1961762863082856732","2856578088",
"1961761957230587916","Sat Aug 30 12:06:53 +0000 2025","0","@frairytalee gunung punya nusantara kaya salak rinjani tapi itu mode horrornya di matiin yaa","1961762544391221567","","frairytalee","in","","0","1","0","https://x.com/undefined/status/1961762544391221567","1387025913359917058",
"1961762426166432135","Sat Aug 30 12:06:24 +0000 2025","1"," Jika Anda ingin berjalan cepat berjalanlah sendirian. Jika Anda ingin berjalan jauh berjalanlah bersama-sama. #katakata #vibes #storykatakata #senja #sorehari #pemandangan #aesthetic #aestheticvideo #aesteticvideo #katabijak #gunung #sad https://t.co/nm6IMyhQRU","1961762426166432135","https://pbs.twimg.com/amplify_video_thumb/1961762289067192320/img/QPPFdPLrUHfuR6KA.jpg","","in","","0","0","0","https://x.com/undefined/status/1961762426166432135","1699273073042857984",
"1961736258352488708","Sat Aug 30 12:05:36 +0000 2025","0","@ProfsMimi Gunung Atin.","1961762224701317287","","ProfsMimi","tl","","0","1","0","https://x.com/undefined/status/1961762224701317287","1261943741310328832",
"1961702968580812872","Sat Aug 30 12:04:50 +0000 2025","0","@unicelounge Indosat min aku pakainya .. tgl tua biasanya banyak promo kouta murah2 kak .. dan sinyalnya kalau di gunung pati aman dan stabil","1961762031503393206","","unicelounge","in","","0","0","0","https://x.com/undefined/status/1961762031503393206","315096847",
"1961761957230587916","Sat Aug 30 12:04:33 +0000 2025","0","Ada gunung buat pemula ga di roblox ","1961761957230587916","","","in","","0","9","0","https://x.com/undefined/status/1961761957230587916","1887406928818819072",
"1961707981978177666","Sat Aug 30 12:04:16 +0000 2025","0","@etherealdys Gunung mana nih?","1961761887563202773","","etherealdys","in","","0","1","0","https://x.com/undefined/status/1961761887563202773","1936831963073302528",
"1961761444003029194","Sat Aug 30 12:02:30 +0000 2025","1","summit gunung funtake anjaii gege w/ @MYEC tengs ia sudah di gendong https://t.co/W53RAUeiT1","1961761444003029194","https://pbs.twimg.com/media/GzmTnWbaAAAc0--.jpg","","in","","0","1","1","https://x.com/undefined/status/1961761444003029194","1781027768941318144",
"1961761432867139776","Sat Aug 30 12:02:28 +0000 2025","0","Cek Sandal Gunung Pria Skechers Terbaru Sendal Gunung Skechers Pria Kekinian Sendal Hiking Keren Anti Slip dengan harga Rp60.250. Dapatkan di Shopee sekarang! https://t.co/OY7BHibA22 https://t.co/ZxXufGRCSY","1961761432867139776","https://pbs.twimg.com/media/GzmToHBaoAElD6-.jpg","","in","","0","0","0","https://x.com/undefined/status/1961761432867139776","198063601",
"1961761188855021747","Sat Aug 30 12:01:29 +0000 2025","5","【Roblox】Gunung Sijjin With Keluarga MaPle [@MiracleVtuber] Hari/Tanggal: Sabtu 30 Agustus 2025 ⌚Jam Livestream : 19.00 WIB Streaming Tiktok : https://t.co/jB6lhIdKLm https://t.co/MbzaXi5zdy","1961761188855021747","https://pbs.twimg.com/media/GzmR-1GacAE-NzB.jpg","","in","","0","0","1","https://x.com/undefined/status/1961761188855021747","932646268433604608",
"1961759646429200448","Sat Aug 30 12:01:09 +0000 2025","0","@kureijiollie Sungguh kebahagiaan yg membanggakan ya Llie melewati 2 gunung yg tak di miliki ... ","1961761104759312534","","kureijiollie","in","","0","0","0","https://x.com/undefined/status/1961761104759312534","202584238",
"1961761070802182643","Sat Aug 30 12:01:01 +0000 2025","3"," Shifu....Shifu..aku dah selesai nyalin kitab L. Udah boleh turun gunung sebentar kan? (Zayne dengan segudang soal buatannya) Nyoh kerjain tuh soal dulu https://t.co/Rid4RnANWi","1961761070802182643","https://pbs.twimg.com/media/GzmTSpma8AAHfl5.jpg","","in","","0","0","0","https://x.com/undefined/status/1961761070802182643","1802662210495496192",
"1961760854929768900","Sat Aug 30 12:00:10 +0000 2025","0","Sehari gue udah manjat gunung berapa kali yak capek","1961760854929768900","","","in","","0","0","0","https://x.com/undefined/status/1961760854929768900","2400012522",
"1961760575018635417","Sat Aug 30 11:59:03 +0000 2025","0","Gunung Halimun. https://t.co/MFIncjhreW","1961760575018635417","https://pbs.twimg.com/media/GzmS1uSbUAAWs8r.jpg","","tl","","0","0","0","https://x.com/undefined/status/1961760575018635417","1213359058398244864",
"1961751412549075237","Sat Aug 30 11:57:34 +0000 2025","0","@Mdy_Asmara1701 Wadow....bijimane kalo bunker bos oslo dibongkar ribuan trelyun bs buat pesta pora dan bayar utang rakyat...","1961760203260715264","","Mdy_Asmara1701","in","","0","0","0","https://x.com/undefined/status/1961760203260715264","1701624074877984768",
"1961760169630859402","Sat Aug 30 11:57:26 +0000 2025","0","lucu bgt ajg alomani gunung daun https://t.co/DQR2nKlhPQ","1961760169630859402","https://pbs.twimg.com/ext_tw_video_thumb/1961759646286499840/pu/img/MKT1ooVuPuxx04oE.jpg","","in","","0","0","0","https://x.com/undefined/status/1961760169630859402","1433604374664605719",
"1961759692096709039","Sat Aug 30 11:55:32 +0000 2025","0","Ditantang summit gunung ini kalo bisa summit 1 gunung nya 100 robux tapi ini gunung yang bikin gw kena mental semua https://t.co/1AcSY81LFn","1961759692096709039","https://pbs.twimg.com/media/GzmSCfJaUAAUYzz.jpg","","in","","0","0","0","https://x.com/undefined/status/1961759692096709039","1324113648",
"1961759572647158038","Sat Aug 30 11:55:04 +0000 2025","0","penggendong gunung jawir https://t.co/NeM82LV6ho","1961759572647158038","https://pbs.twimg.com/media/GzmR7yzacAApiwR.jpg","","in","","0","2","0","https://x.com/undefined/status/1961759572647158038","1331885248905310209",
"1961758167974768993","Sat Aug 30 11:53:23 +0000 2025","0","@yourbae Nakama sudah turun gunung ntapsss","1961759147566969162","","yourbae","in","","0","0","0","https://x.com/undefined/status/1961759147566969162","2687247872",
"1961750834003476950","Sat Aug 30 11:52:49 +0000 2025","0","@usualix Itu beneran 6 apa dibantu jadi 6 biar lulus rata amat nilainya","1961759005543669820","","usualix","in","","0","0","0","https://x.com/undefined/status/1961759005543669820","186037399",
"1961758924874649946","Sat Aug 30 11:52:30 +0000 2025","0","adikku udah tau kakaknya pilek sampe nangis diajakin ayo naik gunung lebih cepet dari obat pilekmu. ril summit under 20 detik.","1961758924874649946","","","in","","0","0","0","https://x.com/undefined/status/1961758924874649946","1196700305599033344",
"1961751315664748579","Sat Aug 30 11:52:21 +0000 2025","1","@herricahyadi Wong edan....@msaid_didu @CakKhum @uyoktweet","1961758889990672714","","herricahyadi","in","","0","0","0","https://x.com/undefined/status/1961758889990672714","1701624074877984768",
"1961758488763519291","Sat Aug 30 11:52:13 +0000 2025","3","Hasil pemeriksaan mengarah JAGO yang diduga sebagai penyuplai. Tim gabungan telah melakukan pencarian di sejumlah lokasi di Desa Tumbang Miwan Kecamatan Kurun Kabupaten Gunung Mas namun tersangka belum ditemukan. Saat ini JAGO resmi ditetapkan sebagai https://t.co/2mEvys70BW","1961758853982556401","https://pbs.twimg.com/ext_tw_video_thumb/1961758731689189376/pu/img/fQn6XThCPYNAfV-K.jpg","infobnnpkalteng","in","","0","1","0","https://x.com/undefined/status/1961758853982556401","1193755333253988352",
"1961758571294765328","Sat Aug 30 11:51:05 +0000 2025","0","ini mt rintangannya hit diff bjir ada ke lava gunung sama kebawah laut juga ada dalem es ","1961758571294765328","","","in","","0","1","0","https://x.com/undefined/status/1961758571294765328","2653367629",
"1961758546674303442","Sat Aug 30 11:50:59 +0000 2025","0","hari ini menamatkan dua gunung gilaak https://t.co/cEbZeyfuus","1961758546674303442","https://pbs.twimg.com/media/GzmRABBa4AAZs8v.jpg","","in","","0","1","0","https://x.com/undefined/status/1961758546674303442","2666386111",
"1961758488763519291","Sat Aug 30 11:50:46 +0000 2025","3","BNN PROVINSI KALIMANTAN TENGAH AMANKAN 1KG SABU BANDAR DI GUNUNG MAS DALAM PENGEJARAN! BNN Provinsi Kalimantan Tengah bersama Satresnarkoba Polres Gunung Mas berhasil mengamankan barang bukti narkotika berupa 1 Kg sabu dan 24 butir ekstasi dari jaringan FREDY alias UNGA dkk. https://t.co/pDgBourAtx","1961758488763519291","https://pbs.twimg.com/ext_tw_video_thumb/1961758331724517377/pu/img/mPb6mQJbyldsMhhC.jpg","","in","","0","1","0","https://x.com/undefined/status/1961758488763519291","1193755333253988352",
"1961662872993529865","Sat Aug 30 11:49:52 +0000 2025","0","@sungchanzo gunung hilih.","1961758265123217828","","sungchanzo","in","","0","0","0","https://x.com/undefined/status/1961758265123217828","1358755773539446790",
"1961677050487681121","Sat Aug 30 11:46:25 +0000 2025","0","@ofTheVallley P info mabar gunung.","1961757394243100886","","ofTheVallley","in","","0","1","0","https://x.com/undefined/status/1961757394243100886","739890109642739712",
"1961755494131122516","Sat Aug 30 11:46:14 +0000 2025","0","@d3athvenom Minat kah naik gunung a?","1961757349691245005","","d3athvenom","in","","0","1","0","https://x.com/undefined/status/1961757349691245005","1136287214835343360",
"1961755009764434042","Sat Aug 30 11:46:13 +0000 2025","0","@keustruckpdf Mayan itu air gunung ga pake kaporit ","1961757345509425443","","keustruckpdf","in","","0","0","0","https://x.com/undefined/status/1961757345509425443","1715660326493126656",
"1961757079548707039","Sat Aug 30 11:45:10 +0000 2025","0","Oh ini ceritanya yg mereka naik gunung ya wkwk GEMINI FOURTH TO THE FUTURE #GFAWAKEConcertD1","1961757079548707039","","","in","","0","0","0","https://x.com/undefined/status/1961757079548707039","1326871435386580994",
"1961755235820716460","Sat Aug 30 11:45:00 +0000 2025","3","@txtdaribogor tadi pas di daerah gunung batu ngeliat banyak mobil plat B hmmmm","1961757039572742486","","txtdaribogor","in","","0","1","0","https://x.com/undefined/status/1961757039572742486","1262722284671758336",
"1961657249543467402","Sat Aug 30 11:44:51 +0000 2025","0","@barengwarga Kalo bos minoritas bgmn min....mereka bikin susah rakyat jg cem pagar laut dst","1961757003606577310","","barengwarga","in","","0","0","0","https://x.com/undefined/status/1961757003606577310","1701624074877984768",
"1961756926754353159","Sat Aug 30 11:44:33 +0000 2025","0","Terima Kasih Tempo atas liputan menariknya. Dua Minggu lalu baru menikmati lari dari gunung ke gunung yang ada di Dieng. Memang lelah dan pegal. Tapi setelahnya menjadi penyembuh fisik menjadi lebih bugar dan hati yang lebih tenang.","1961756926754353159","","","in","","0","0","0","https://x.com/undefined/status/1961756926754353159","35339444",
"1874424840192749775","Sat Aug 30 11:44:04 +0000 2025","0","4 5km for today! ‍️‍️ sepeda gunung ini berkelahi dgn tanjakan dan angin kencang ","1961756803609530773","","jguntari","in","","0","1","0","https://x.com/undefined/status/1961756803609530773","216724039",
"1961695410717876716","Sat Aug 30 11:42:53 +0000 2025","1","@Kanseulir @BpTrisaka Anjenk tanah pemda dibeli pemda","1961756505306481050","","Kanseulir","in","","0","0","0","https://x.com/undefined/status/1961756505306481050","1701624074877984768",
"1961723514546786479","Sat Aug 30 11:42:46 +0000 2025","0","@Stealforu @roblox_fess kalo pake ava bayi direport juga ka? aku lebih sering di gunung tapi kadang pengen ke salon buat dengerin lagu nya","1961756479280861395","","Stealforu","in","","0","1","0","https://x.com/undefined/status/1961756479280861395","3239606664",
"1961756373844476243","Sat Aug 30 11:42:24 +0000 2025","0","Semangat ya kak summit ke 57x gunung stress memang pantek https://t.co/0c2EgiTeGo","1961756385596911795","https://pbs.twimg.com/media/GzmPCPtbwAA6Fwq.jpg","kacnaya","in","","0","0","0","https://x.com/undefined/status/1961756385596911795","119362688",
"1961756373844476243","Sat Aug 30 11:42:21 +0000 2025","0","Gunung funtake alias panteeeek https://t.co/ju4ODaHcP2","1961756373844476243","https://pbs.twimg.com/media/GzmPBSjaYAAmcgC.jpg","","in","","0","1","0","https://x.com/undefined/status/1961756373844476243","119362688",
"1961756357755080759","Sat Aug 30 11:42:18 +0000 2025","0","Foto terakhir adalah gunung emas yg skrg jd lobang Emasnya kemana? USA Kalian dapet tainya doang","1961756357755080759","","","in","","0","1","0","https://x.com/undefined/status/1961756357755080759","606000080",
"1961448373627883793","Sat Aug 30 11:41:27 +0000 2025","0","@N4n0byteItss Duh takut bgtttt","1961756147771457712","","nan4loud","in","","0","0","0","https://x.com/undefined/status/1961756147771457712","1935533242813468672",
"1961756037163491479","Sat Aug 30 11:41:01 +0000 2025","0","SENDAL GUNUNG https://t.co/c5giCSxHzA https://t.co/Rdlysl2qoA","1961756037163491479","https://pbs.twimg.com/media/GzmOtr-bYAAFNEb.jpg","","in","","0","0","0","https://x.com/undefined/status/1961756037163491479","1322186870260822017",
"1961755944012198182","Sat Aug 30 11:40:39 +0000 2025","0","GASS SENDAL GUNUNG https://t.co/yomNhpt8a5 https://t.co/Q6690nJHBP","1961755944012198182","https://pbs.twimg.com/media/GzmOoSYaQAAuNqq.jpg","","in","","0","0","1","https://x.com/undefined/status/1961755944012198182","1344004785934979073",
"1961752484424401062","Sat Aug 30 11:40:19 +0000 2025","0","@BakersEzra Jauh sekali karena watashi mendaki gunung lewati lembah","1961755861149421851","","BakersEzra","in","","0","0","0","https://x.com/undefined/status/1961755861149421851","1937421357157117952",
"1961754819615740344","Sat Aug 30 11:40:18 +0000 2025","0","@iwaklawd itu masih yang di puncak gunung es karena yang di paling bawah gunung es adalah dildo kuda emas","1961755857110323323","","iwaklawd","in","","0","1","0","https://x.com/undefined/status/1961755857110323323","1421774351330807808",
"1961448373627883793","Sat Aug 30 11:39:34 +0000 2025","0","@pantai_gunung ak hampir mw banting km lo","1961755671751528635","","pantai_gunung","in","","0","1","0","https://x.com/undefined/status/1961755671751528635","1345565346208559106",
"1961740894723559425","Sat Aug 30 11:39:31 +0000 2025","0","@sugurueyes Boleh Bubu. Ajak ke gunung mana aja.","1961755658107437169","","sugurueyes","in","","0","1","0","https://x.com/undefined/status/1961755658107437169","837419570533019648",
"1961755479169986654","Sat Aug 30 11:38:48 +0000 2025","0","Naik gunung g seseru itu","1961755479169986654","","","in","","0","0","0","https://x.com/undefined/status/1961755479169986654","1317477258433499136",
"1961727622838378888","Sat Aug 30 11:37:23 +0000 2025","0","@casadoteknik itu sm temen rl juga sihh 2 orangg mereka ngajak naik gunung trsss","1961755124021563451","","casadoteknik","in","","0","0","0","https://x.com/undefined/status/1961755124021563451","1871079847809961984",
"1961755009537949753","Sat Aug 30 11:36:56 +0000 2025","0","Cpek abis naik gunung https://t.co/9QFpi5xpsr","1961755009537949753","https://pbs.twimg.com/amplify_video_thumb/1961716238088089600/img/CT5d_w-SvrOyiek1.jpg","","in","","0","0","0","https://x.com/undefined/status/1961755009537949753","1126668795634798592",
"1961754466421817441","Sat Aug 30 11:35:07 +0000 2025","0","kalo prabowo pls rintangannya gunung sibuatan (mampus 46 cp)","1961754552774078689","","pluffyupi","in","","0","0","0","https://x.com/undefined/status/1961754552774078689","1115383740484673537",
"1961754532276539643","Sat Aug 30 11:35:02 +0000 2025","1","gunung merapi #Yogyakarta https://t.co/Vg2SKQ8Dzl","1961754532276539643","https://pbs.twimg.com/media/GzmNVxHakAAEWMn.jpg","","in","","0","0","0","https://x.com/undefined/status/1961754532276539643","1614528448776765442",
"1961754466421817441","Sat Aug 30 11:34:47 +0000 2025","5","ya Allah semoga sahroni pas masuk neraka ttp harus ngelewatin rintangan lagi kaya rintangan di gunung atin (roblox)","1961754466421817441","","","in","","0","1","1","https://x.com/undefined/status/1961754466421817441","1115383740484673537",
"1961754403289055496","Sat Aug 30 11:34:35 +0000 2025","1","Kepala BWS Maluku Utara M. Saleh Talib menyampaikan Kementerian PU merencanakan total 20 sabo dam di 11 sungai aliran Gunung Gamalama. Selain menahan sedimen dan material dari hulu sabo dam juga bermanfaat melindungi wilayah hilir mencegah erosi serta berfungsi ganda sebagai https://t.co/F8MbqJXpHk","1961754419810402632","https://pbs.twimg.com/media/GzmNPdQa8AARwcN.jpg","KemenPU","in","","0","1","0","https://x.com/undefined/status/1961754419810402632","179835283",
"1961754403289055496","Sat Aug 30 11:34:32 +0000 2025","6","KURANGI RISIKO BANJIR BANDANG DAN MITIGASI LAHAR GUNUNG GAMALAMA KEMENTERIAN PU MELALUI BALAI WILAYAH SUNGAI (BWS) MALUKU UTARA BANGUN 2 SABO DAM DI SUNGAI RUA KOTA TERNATE Kementerian Pekerjaan Umum (PU) melalui Balai Wilayah Sungai (BWS) Maluku Utara membangun dua Sabo Dam di https://t.co/BA3bur3CTG","1961754403289055496","https://pbs.twimg.com/media/GzmNOXubUAAnk1P.jpg","","in","","0","3","2","https://x.com/undefined/status/1961754403289055496","179835283",
"1961750078840000955","Sat Aug 30 11:34:31 +0000 2025","0","@sekaladuniaa Ayo kita mendaki gunung Tapi gendong aku yaa️","1961754399333843128","","sekaladuniaa","in","","0","0","0","https://x.com/undefined/status/1961754399333843128","1866648575389868032",
"1961754267578208509","Sat Aug 30 11:33:59 +0000 2025","0","ayo gas mendaki gunung semeru dan mengibarkan bendera merah putih lalu berteriak TITIEKK KEMBALILAH KE PELUKANKU stlh itu menggelinding melewati tangga bergoyang spt landak dan pas smpe basecamp jgn lupa membeli jagung bakar","1961754267578208509","","","in","","0","0","0","https://x.com/undefined/status/1961754267578208509","1002845603431190529",
"1961754266701541461","Sat Aug 30 11:33:59 +0000 2025","2","Sosok amnomali penunggu gunung https://t.co/3Yxv76wgbL","1961754266701541461","https://pbs.twimg.com/media/GzmNG_la4AAMmSt.jpg","","in","","0","0","0","https://x.com/undefined/status/1961754266701541461","1182672491791044608",
"1961754204437156002","Sat Aug 30 11:33:44 +0000 2025","4","baru summit 3 gunung mount sunda ngelu sama pocongnya anjeng dikejar mulu https://t.co/j7RDOqo4Om","1961754204437156002","https://pbs.twimg.com/media/GzmNDHPawAAXMMd.jpg","","in","","0","4","0","https://x.com/undefined/status/1961754204437156002","1840416049340338176",
"1961752200025407556","Sat Aug 30 11:33:21 +0000 2025","0","@KamandanunGaPak Lah... mane gambarnye...biar rakyat se nusantara turut bersuka cita...","1961754107938762845","","KamandanunGaPak","in","","0","0","0","https://x.com/undefined/status/1961754107938762845","1701624074877984768",
"1961723034878005505","Sat Aug 30 11:33:02 +0000 2025","0","@hoyoonnim arah mata angin ada makna nya. contohnya di Yogya utara (lor) ada gunung Merapi (simbol dunia atas) tengah ada keraton (simbol dunia manusia) selatan (kidul) ada pantai selatan/nyai roro kidul (simbol dunia bawah). trus kalo diliat pake garis imajiner itu tuh segaris lurus :D","1961754025742983351","","hoyoonnim","in","","0","0","0","https://x.com/undefined/status/1961754025742983351","1270612714662948864",
"1961626949710917967","Sat Aug 30 11:33:01 +0000 2025","0","@ILAYRIEGR0W Klo ga pakai duit rakyat lonte lonte yg kalian sebut ani ani itu mau makan apa? Miskin semua paling turun gunung ke HW lg menjajakan diri","1961754024962924909","","ILAYRIEGR0W","in","","0","0","2","https://x.com/undefined/status/1961754024962924909","2281694042",
"1961754005979468153","Sat Aug 30 11:32:57 +0000 2025","0","temen temen !roblox mau minta review user ipad/tablet yang pake eksternal keyboard atau joystick itu gimanaa kalau naik gunung lebih enak ga?","1961754005979468153","","","in","","2","2","0","https://x.com/undefined/status/1961754005979468153","1903872646678470656",
"1961753381414084887","Sat Aug 30 11:32:10 +0000 2025","0","Foto normal di gunung menikmati pemandangan https://t.co/jhCCQ4qcWd","1961753810239733789","https://pbs.twimg.com/media/GzmMsPCakAAMabZ.jpg","ccutemeow","in","","0","1","0","https://x.com/undefined/status/1961753810239733789","1536909845059604481",
"1957970224902193152","Sat Aug 30 11:31:56 +0000 2025","0","@seurgwannie pengen noon tapi bisa ga ya naiknya ke gunung roblox aja? wah ga sabar liat comebacknya noona.","1961753750131155279","","seurgwannie","in","","0","1","0","https://x.com/undefined/status/1961753750131155279","750341417743122432",
"1961732313697427743","Sat Aug 30 11:31:55 +0000 2025","2","@roblox_fess mini plushie 2d nderr cubangett cuman di beberapa map apalagi gunung kadang suka kepleset dan kejepit https://t.co/tik7XpG6Nh","1961753746272325770","https://pbs.twimg.com/media/GzmMn1FaAAAX3wZ.jpg","roblox_fess","in","","0","1","0","https://x.com/undefined/status/1961753746272325770","1740351605130797056",
"1961701679038173360","Sat Aug 30 11:31:34 +0000 2025","0","@Theatricalune Iya makanya kebanyakan yg make di map gunung jir gua jarang daki masalahnya","1961753657281802269","","shini9ame","in","","0","0","0","https://x.com/undefined/status/1961753657281802269","3285186398",
"1961748896960631262","Sat Aug 30 11:30:59 +0000 2025","0","@peonalley mandi kembang sambil semedi di gunung kawi soalnya sahronjing melekat bgt dosanya","1961753510074319338","","peonalley","in","","0","1","0","https://x.com/undefined/status/1961753510074319338","1637080752511913984",
"1961753491317412248","Sat Aug 30 11:30:54 +0000 2025","0","Dr supir ampe jd DPR gini pesugihan di gunung mana dan tumbalnya apa ya ","1961753491317412248","","","in","","0","0","0","https://x.com/undefined/status/1961753491317412248","1143759382720548865",
"1961606365010604254","Sat Aug 30 11:30:46 +0000 2025","0","@warlokjakarta Taek...kasus bangka belitung bgmn?? Transjkt bgmn. Monyet.","1961753458010378511","","warlokjakarta","in","","0","0","0","https://x.com/undefined/status/1961753458010378511","1701624074877984768",
"1961753309716574277","Sat Aug 30 11:30:11 +0000 2025","0","day 1 jadi raksasa di gunung kotak ‍↕️ https://t.co/dfc4399iW3","1961753309716574277","https://pbs.twimg.com/media/GzmMPQ2aYAAOtqT.jpg","","in","","0","2","0","https://x.com/undefined/status/1961753309716574277","2388868087",
"1961753291177799743","Sat Aug 30 11:30:06 +0000 2025","0","sekalinya turun gunung langsung MEMASAK","1961753291177799743","","","in","","0","0","0","https://x.com/undefined/status/1961753291177799743","1164207649304371201",
"1961753137511043272","Sat Aug 30 11:29:30 +0000 2025","2","Menemukan 10 penghuni Gunung Kawi yang tersesat di Indonesia Arena. @pandji @Dzawinur https://t.co/HdrXs916tn","1961753137511043272","https://pbs.twimg.com/media/GzmLzQsaIAA98Wc.jpg","","in","","0","0","0","https://x.com/undefined/status/1961753137511043272","400619637",
"1961706355024433152","Sat Aug 30 11:29:10 +0000 2025","0","@moimoirech Naik gunung gak sih moi mendingan?","1961753055566921832","","moimoirech","in","","0","1","0","https://x.com/undefined/status/1961753055566921832","1655723785298014210",
"1961752912599916613","Sat Aug 30 11:28:36 +0000 2025","0","siapa mau naik gunung nnt malammm?","1961752912599916613","","","in","","0","0","0","https://x.com/undefined/status/1961752912599916613","845918347233497088",
"1961728403759132806","Sat Aug 30 11:27:32 +0000 2025","0","@pantai_gunung dimana tuhh","1961752642520297540","","pantai_gunung","in","","0","0","0","https://x.com/undefined/status/1961752642520297540","1441340894498607113",
"1961752542184157278","Sat Aug 30 11:27:08 +0000 2025","0"," ow ini yang sukak main roblox ya WIJSIDHDDGDH iyah (mengmalu soalnya aku ttp beban main gunung)","1961752542184157278","","","in","","0","0","0","https://x.com/undefined/status/1961752542184157278","1417494152988745733",
"1961752219717677408","Sat Aug 30 11:25:51 +0000 2025","1","Sabtu 30/8/25 pukul 03.00 Brigadir Atdriyono Bhabinkamtibmas Kel.Pademangan Barat dan Aiptu Dwi kapolsubsektor Pademangan Barat melaksanakan kunjungan ke Jl.Gunung Sahari Kel.Pademangan Barat bertemu Bpk. Katma linmas dan lainnya sampaikan pesan Kamtibmas https://t.co/RZlxkjlEKs","1961752219717677408","https://pbs.twimg.com/media/GzmLPc0bsAIhPqo.jpg","","in","","0","1","0","https://x.com/undefined/status/1961752219717677408","1092967217782640640",
"1961463959162065125","Sat Aug 30 11:25:27 +0000 2025","0","@BennyValentinus @Ary_PrasKe2 @merapi_uncover Kalo oon pasti gak tahu mana yg bangsat dan bukan. Bangsat.","1961752120677613788","","BennyValentinus","in","","0","2","0","https://x.com/undefined/status/1961752120677613788","1701624074877984768",
"1961735545257967898","Sat Aug 30 11:24:45 +0000 2025","0","@smoowthie Gunung jahanam itu","1961751945246564665","","smoowthie","in","","0","0","0","https://x.com/undefined/status/1961751945246564665","964077594172780544",
"1961722578411934178","Sat Aug 30 11:24:18 +0000 2025","0","@txtdrimedia Salah satu pemimpin aksi dimasa lampau turun gunung hati2 buat kawan2 stay safe takutnya kejadian masa lalu kejadian lagi","1961751830645624926","","txtdrimedia","in","","0","0","0","https://x.com/undefined/status/1961751830645624926","822964776",
"1961751820990357812","Sat Aug 30 11:24:16 +0000 2025","0","summit gunung roblox yu udah seminggu ga main rosblok","1961751820990357812","","","in","","0","3","0","https://x.com/undefined/status/1961751820990357812","1846515650015240192",
"1961619397237510476","Sat Aug 30 11:24:04 +0000 2025","5","@Urrangawak @prabowo @Gerindra Kulihat ibu pertiwi Sedang bersusah hati Air matanya berlinang Emas intannya terkenang HUTAN GUNUNG SAWAH LAUTAN Simpanan kekayaan Kini ibu sedang lara Merintih dan berdoa... ","1961751773074641034","","Urrangawak","in","","0","0","0","https://x.com/undefined/status/1961751773074641034","3646356984",
"1961751647925002282","Sat Aug 30 11:23:35 +0000 2025","0","Real anjir. Gue pakai ava mini kalau naik gunung terus nanjak susah banget kocaaak. ","1961751647925002282","","","in","","0","0","0","https://x.com/undefined/status/1961751647925002282","1269086151861657601",
"1961751421260636621","Sat Aug 30 11:22:41 +0000 2025","0","teruntuk Gunung Sibuatan https://t.co/Ywv4Tda6Bi","1961751421260636621","https://pbs.twimg.com/media/GzmKI1BbsAAnzJg.jpg","","in","","0","0","0","https://x.com/undefined/status/1961751421260636621","1467449135217319941",
"1961747417566785641","Sat Aug 30 11:21:58 +0000 2025","0","@riwoomentai minta sama daddy elon dek agar supaya biar dm kmu ga limit.. trs iya gwa setuju tar muka lihan kasih nama gunung besar aja skalian","1961751244227444854","","riwoomentai","in","","0","1","0","https://x.com/undefined/status/1961751244227444854","1947644640082984960",
"1961751124672913834","Sat Aug 30 11:21:30 +0000 2025","1","Sabtu 30 Agustus 2025 pukul 03.20 Anggota Opsnal Reskrim melaksanakan patroli kring serse antisipasi tawuran curas curat dan curanmor sepanjang Gunung Sahari Kel.Pademangan Barat serta memberikan himbauan kepada kerumunan masyarakat agar waspada terhadap gangguan guantibmas https://t.co/wloeSuRHv1","1961751124672913834","https://pbs.twimg.com/media/GzmKPsoakAAs7_g.jpg","","in","","0","1","0","https://x.com/undefined/status/1961751124672913834","1092967217782640640",
"1961751061758394636","Sat Aug 30 11:21:15 +0000 2025","0","udah gawat ini konoha sampe abang2an turun gunung ","1961751061758394636","","","in","","0","0","1","https://x.com/undefined/status/1961751061758394636","167683998",
"1961750596110942628","Sat Aug 30 11:19:24 +0000 2025","0","Lha kocak masa kata kk w klo mo nge gunung nunggu patah hati dlu ","1961750596110942628","","","in","","0","0","0","https://x.com/undefined/status/1961750596110942628","1745991553087393792",
"1961750429995540989","Sat Aug 30 11:18:44 +0000 2025","0","kulihat ibu pertiwi sedang bersusah hati air matanya berlinang mas intannya terkenang hutan gunung sawah lautan simpanan kekayaan kini ibu sedang lara merintih dan berdoa","1961750429995540989","","","in","","0","0","0","https://x.com/undefined/status/1961750429995540989","834374827330895873",
"1961750361414545739","Sat Aug 30 11:18:28 +0000 2025","0","makin kesini makin noob aja menanjak gunung rosblok","1961750361414545739","","","in","","0","1","0","https://x.com/undefined/status/1961750361414545739","3303561869",
"1961750174759546956","Sat Aug 30 11:17:43 +0000 2025","1","p naik gunung https://t.co/n2OQEXL5kT","1961750174759546956","https://pbs.twimg.com/amplify_video_thumb/1961750096267399169/img/QXpeKdyGKFw9gybf.jpg","","in","","0","2","0","https://x.com/undefined/status/1961750174759546956","1312786605778690052",
"1961749736953987434","Sat Aug 30 11:15:59 +0000 2025","1","️ Gunung Hanami akhirnya muncak lagi setelah sekian lamaa obstaclesnya menurutku susah sepertinya memang akunya aja yang gak bakat mendaki tapi mapnya cantik poll. https://t.co/USkUfjq4Ld","1961749736953987434","https://pbs.twimg.com/media/GzmI-libQAArO7Z.jpg","","in","","0","1","0","https://x.com/undefined/status/1961749736953987434","1640032655516520448",
"1961748692438024615","Sat Aug 30 11:15:04 +0000 2025","0","@sukabbobo gunung yang memakan korban","1961749506585931779","","sukabbobo","in","","0","1","0","https://x.com/undefined/status/1961749506585931779","1426784674823630855",
"1961749247692517642","Sat Aug 30 11:14:02 +0000 2025","0","td kan gw main di gunung atin ya di cp 19 tuh. ada yg minta gendong ANJIR LAH GW AJA GABISA KAN tp yaudah lah ttp gendong (gaenak nolaknya). sbnrnya 1-2 kali jatoh TP SUPRISINGLY BISA JIR SAMPE KE CP 20 trs di sana ketemu sm satu org lg. krn di cp situ gabisa2 (gw nyerah)","1961749247692517642","","","in","","0","1","0","https://x.com/undefined/status/1961749247692517642","1493892370135646208",
"1961749114187911441","Sat Aug 30 11:13:31 +0000 2025","2","gunung ini ternyata serunyaa with kak @kanyaahx https://t.co/pM8H3nGuDe","1961749114187911441","https://pbs.twimg.com/media/GzmIa1IacAIfsaH.jpg","","in","","0","1","1","https://x.com/undefined/status/1961749114187911441","1805467938243391488",
"1961648859391942987","Sat Aug 30 11:13:05 +0000 2025","0","@KaredokLeunca__ @prabowo @DPR_RI belum mak..ini semua puncak gunung es..DPR RI yg selalu abai tuntutan rakyat terutama pengesahan RUU perampasan aset..dan juga @ListyoSigitP yang gagal membuat suasana kondusif dan membiarkan aparat bertindak brutal kepada rakyat..harus ada kejelasan komitmen dari mereka dulu","1961749006062854556","","KaredokLeunca__","in","","0","0","0","https://x.com/undefined/status/1961749006062854556","1474435538165723136",
"1961748976648196450","Sat Aug 30 11:12:58 +0000 2025","1","Hari ini melewati beberapa perempatan dengan kondisi traffic light padam. Lalu lalu lintas diatur oleh inisiatif sipil dan berjalan cukup lancar. Mengingatkanku pada gigs di lereng gunung merapi beberapa bulan yang lalu . . .","1961748976648196450","","","in","","0","1","0","https://x.com/undefined/status/1961748976648196450","78265462",
"1961725405507063816","Sat Aug 30 11:11:59 +0000 2025","0","@sonzuer Tolong gambarin gunung yaa","1961748730463531289","","hzuer","in","","0","0","0","https://x.com/undefined/status/1961748730463531289","718994591681159169",
"1961748622892228675","Sat Aug 30 11:11:33 +0000 2025","0","eh gunung arunika beneran di hapus ya? gue blm nyampe puncak pls ","1961748622892228675","","","in","","0","1","0","https://x.com/undefined/status/1961748622892228675","1307811902123196422",
"1961748589522334034","Sat Aug 30 11:11:25 +0000 2025","2","Ada orang jual sepeda gunung 400k ak jg lg pengen sepedaan. Tapii kaloo beli ntarr aku jajan sama makan nya gmn:((((","1961748589522334034","","","in","","0","2","0","https://x.com/undefined/status/1961748589522334034","1273213802486489088",
"1961746398845833398","Sat Aug 30 11:10:01 +0000 2025","0","@fwbhub_ mauuu. i'm bored wanna yap while sumit gunung","1961748234629677487","","fwbhub_","in","","0","0","0","https://x.com/undefined/status/1961748234629677487","821488980",
"1961731521532031063","Sat Aug 30 11:08:10 +0000 2025","0","@prabowodickless sebbatra mencari gunung susah yang bs carry dulu","1961747769439469596","","BAYUK0KONUT","in","","0","0","0","https://x.com/undefined/status/1961747769439469596","1406983779973963778",
"1961725405507063816","Sat Aug 30 11:07:47 +0000 2025","0","@baijingtting Kok ga gambar gunung ge?","1961747672119046366","","baijingtting","in","","0","1","0","https://x.com/undefined/status/1961747672119046366","596431544",
"1961747604972405013","Sat Aug 30 11:07:31 +0000 2025","0","Yap ada yg mau meletus tapi bukan gunung berapi","1961747604972405013","","","in","","0","0","0","https://x.com/undefined/status/1961747604972405013","1331941096314740739",
"1961723514546786479","Sat Aug 30 11:07:18 +0000 2025","0","@roblox_fess aku nder segala gunung ku trabas pake ava kecil kecuali mt atin cp 3","1961747551348216294","","roblox_fess","in","","0","0","0","https://x.com/undefined/status/1961747551348216294","1458386567915970562",
"1961681685659226126","Sat Aug 30 11:06:32 +0000 2025","0","@kenttangmekdi Di sana gunung di sini gunuungg Syuuummm","1961747358305443843","","kenttangmekdi","in","","0","1","0","https://x.com/undefined/status/1961747358305443843","1216262758829674496",
"1961747088611639533","Sat Aug 30 11:06:04 +0000 2025","0","@juunggoo Wah akhir pekan ini (30-31 Agustus 2025) cuacanya lagi bagus nih! Coba eksplor alam: hiking di gunung terdekat atau piknik di taman. Kalau males keluar marathon film favorit atau coba resep masak baru. Atau join event lokal seperti festival musik kalau ada. Santai aja recharge","1961747240009294263","","juunggoo","in","","0","0","0","https://x.com/undefined/status/1961747240009294263","1720665183188922368",
"1961747168060182780","Sat Aug 30 11:05:47 +0000 2025","0","buat ava kotak ujungnya main gunung juga https://t.co/L8eIbmrNvF","1961747168060182780","https://pbs.twimg.com/media/GzmGphdbkAE6UFW.jpg","","in","","0","0","0","https://x.com/undefined/status/1961747168060182780","1308026434766528512",
"1961586060825440526","Sat Aug 30 11:05:43 +0000 2025","0","@azureblue_JH AYO NAIK GUNUNG","1961747153447182423","","azureblue_JH","in","","0","2","0","https://x.com/undefined/status/1961747153447182423","1874406835987656704",
"1961734852031783398","Sat Aug 30 11:05:41 +0000 2025","0","@moonstarsvv iyo pisan opo ancene gelek nang gunung kawi wkwk","1961747143771004966","","moonstarsvv","in","","0","0","0","https://x.com/undefined/status/1961747143771004966","1770783400778924032",
"1961678648836329584","Sat Aug 30 11:02:07 +0000 2025","0","@myungsoo_friend Mau masuk gambar dua gunung ditengahnya ada matahari. Terus di depannya ada jalanan bergelombang dengan sampingmua rumah dan sawah melimpah","1961746248916140540","","myungsoo_friend","in","","0","0","0","https://x.com/undefined/status/1961746248916140540","1884100188643680257",
"1961746014702071973","Sat Aug 30 11:01:12 +0000 2025","0","kalo ketemu aku di gunung terus mintol gendong plis ketik jangan ngomong on mic aku kalo solo tuh hampir selalu mute all buat dengerin lagu wqwq.","1961746014702071973","","","in","","0","1","0","https://x.com/undefined/status/1961746014702071973","1883212183",
"1961745824905666906","Sat Aug 30 11:00:26 +0000 2025","7","turun Gunung menjaga Ikon bandung Iroh lain ngonten seteh !! Meredam aksi Provokasi yg hampir membakar gedung Sate Bandung @DediMulyadi71 bersama massa demo ngahiji memadamkan beberapa titik kobaran api !! Tange dengeu 'Wooii matiin woii' Allahmdullillah aman https://t.co/ExM8ij7vE2","1961745824905666906","https://pbs.twimg.com/ext_tw_video_thumb/1961745720576491521/pu/img/vSdLopbQMN467NuA.jpg","","in","","0","0","5","https://x.com/undefined/status/1961745824905666906","1216290368397836290",
"1961722578411934178","Sat Aug 30 11:00:25 +0000 2025","0","@TxtMGT @txtdrimedia gass mabar naek gunung jawa","1961745820296126719","","TxtMGT","in","","0","0","0","https://x.com/undefined/status/1961745820296126719","196592802",
"1961745169411457060","Sat Aug 30 11:00:16 +0000 2025","0","harga diri ini ditukar dengan simaksi gunung yang ga seberapa itu. yeaa my bad","1961745779925880902","","starsandcow","in","","0","0","0","https://x.com/undefined/status/1961745779925880902","1155084993208582144",
"1961745538933788963","Sat Aug 30 10:59:18 +0000 2025","0","Lol kirain kalo ngga main sama cucu mainnya ke gunung ternyata mangku lc","1961745538933788963","","","in","","0","0","0","https://x.com/undefined/status/1961745538933788963","3272053429",
"1961745525860110702","Sat Aug 30 10:59:15 +0000 2025","0","Sampek seorang nicholas turun gunung ikut komen","1961745525860110702","","","in","","0","0","0","https://x.com/undefined/status/1961745525860110702","1938547638397538304",
"1961728403759132806","Sat Aug 30 10:58:31 +0000 2025","0","@pantai_gunung ini daerah mana kak?","1961745342015353239","","pantai_gunung","in","","0","0","0","https://x.com/undefined/status/1961745342015353239","1803629804102754306",
"1961257334199726469","Sat Aug 30 10:57:48 +0000 2025","0","@onyingg29 Yaudah lempar ke gunung ajah","1961745162083955193","","onyingg29","in","","0","0","0","https://x.com/undefined/status/1961745162083955193","983971762202439680",
"1961745000561307867","Sat Aug 30 10:57:10 +0000 2025","0","siapa yg mau gunung date di roblox?","1961745000561307867","","","in","","0","3","0","https://x.com/undefined/status/1961745000561307867","1942463596723830784",
"1961708389085642881","Sat Aug 30 10:56:43 +0000 2025","0","@inganggita Apakah pejabat sampai turun gunung?","1961744887419949542","","inganggita","in","","0","0","0","https://x.com/undefined/status/1961744887419949542","1645820726187012097",
"1961743846494351698","Sat Aug 30 10:56:42 +0000 2025","0","@fleursdedhiver @ery_nvsn Naik gunung yang gampang ajaaa.","1961744882181243302","","fleursdedhiver","in","","0","0","0","https://x.com/undefined/status/1961744882181243302","1339557805515104257",
"1961744613846519820","Sat Aug 30 10:55:38 +0000 2025","0","WIKA bersama UGM dan Pemerintah Desa Grogol Gelar Panen Raya di Gunung Kidul! #SobatBUMN Kolaborasi WIKA UGM dan Pemerintah Desa Grogol menghadirkan panen raya sebagai hasil pengembangan pertanian cerdas di lahan kering. #WIKA #WijayaKarya #PanenRayaWIKA https://t.co/8vIjKXAZUg","1961744613846519820","https://pbs.twimg.com/media/GzmEUZVaMAAhhkt.jpg","","in","","0","0","0","https://x.com/undefined/status/1961744613846519820","1914230622018797568",
"1961744508154241299","Sat Aug 30 10:55:12 +0000 2025","0","fyp gue gunung semua TOLONGGGGGGGGGGGGGGGGGG","1961744508154241299","","","in","","0","0","0","https://x.com/undefined/status/1961744508154241299","1126282004411047936",
"1961744283830255646","Sat Aug 30 10:54:19 +0000 2025","0","warung Soto sederhana with view gunung merapi &amp; merbabu Soto Ayam Kampung Mangun ( Belum ada Maps ) Pojok perempatan gapura Pluneng Klaten ( Kalo dari kota sebelum polsek kebonarum kanan jalan ) https://t.co/1CivVogBTN","1961744283830255646","https://pbs.twimg.com/ext_tw_video_thumb/1961744190746107904/pu/img/RhHaOSsCljnqaP8f.jpg","","in","","0","0","0","https://x.com/undefined/status/1961744283830255646","1297439223683805185",
"1961743992737206667","Sat Aug 30 10:53:09 +0000 2025","0","Siapa kira kira yang akan turun gunung? Eng ing eng","1961743992737206667","","","in","","0","0","0","https://x.com/undefined/status/1961743992737206667","1836373099115405312",
"1961743890777886833","Sat Aug 30 10:52:45 +0000 2025","0","rekomendasi sandal tali wanita sendal platform wedges slip on jelly strap gunung sepatu hak mules flatshoes high mini heels pretty adorable cute pink black hitam white putih cream kuliah kerja sekolah idea ootd event shopee 9.9 event sale gratis ongkir a thread","1961743890777886833","","","in","","0","0","0","https://x.com/undefined/status/1961743890777886833","1647445172211572737",
"1961743846494351698","Sat Aug 30 10:52:35 +0000 2025","0","Dia sekarang udah gak ngajak kita naik gunung lagi bub @fleursdedhiver","1961743846494351698","","","in","","1","1","0","https://x.com/undefined/status/1961743846494351698","1339557805515104257",
"1961743781780431311","Sat Aug 30 10:52:19 +0000 2025","4","Alhamdulilah 2025 dpt buat semula hobi/aktiviti yg pernah buat dulu. Lari Tenis Ada juga yg tgh cari masa sesuai utk mula semula Gitar Keyboard Mendaki gunung Skate??? Rasa indahnya zaman muda dulu bila igt balik ","1961743781780431311","","","in","","0","0","0","https://x.com/undefined/status/1961743781780431311","92462911",
"1961716549330555391","Sat Aug 30 10:51:45 +0000 2025","0","@txtdrimedia Mereka mikir nyawa bisa dibeli dan diganti sm uang atau barang kali ya? Ga ada otak nya mereka2 ini bagi orang tua korban itu mereka ga bisa ketemu anaknya lagi mau dikasih gunung emas juga anaknya udh ga bisa hadir di tengah2 keluarga kecil mereka","1961743638813413547","","txtdrimedia","in","","0","0","0","https://x.com/undefined/status/1961743638813413547","1475510773187182594",
"1961743365621584144","Sat Aug 30 10:51:19 +0000 2025","0","Gunung Sabar tadi dah gendong aku di Gunung Batu ","1961743528620642683","","deearest_","in","","0","0","0","https://x.com/undefined/status/1961743528620642683","1092328580208422912",
"1961743457481056517","Sat Aug 30 10:51:02 +0000 2025","7","Sundanese culture traditional performing art heritage in Indonesia: jaipong ketuk tilu ronggeng gunung merak dance topeng banjet sisingaan kuda renggong wayang golek longser ubrug pencak silat degung angklung calung karinding celempung kacapi suling tarawangsa.","1961743457481056517","","","in","","0","0","0","https://x.com/undefined/status/1961743457481056517","1175518892178821120",
"1961743443694330214","Sat Aug 30 10:50:59 +0000 2025","7","Warisan budaya seni pertunjukan/persembahan tradisional Sunda di Indonesia: jaipong ketuk tilu ronggeng gunung tari merak sisingaan kuda renggong wayang golek longser ubrug pencak silat cimande degung angklung calung karinding celempung kacapi suling tarawangsa.","1961743443694330214","","","in","","0","0","0","https://x.com/undefined/status/1961743443694330214","1175518892178821120",
"1961743365621584144","Sat Aug 30 10:50:40 +0000 2025","0","Makasih calon admin gunung","1961743365621584144","","","in","","0","1","0","https://x.com/undefined/status/1961743365621584144","1092328580208422912",
"1961743061949813087","Sat Aug 30 10:49:28 +0000 2025","0","me when ma friend baru install roblok dan minta rekomendasi gunung : https://t.co/WlOBXkOCeA","1961743061949813087","https://pbs.twimg.com/media/GzmC6znb0AA32Kl.jpg","","in","","0","1","0","https://x.com/undefined/status/1961743061949813087","1404748085209620481",
"1961742921310618079","Sat Aug 30 10:48:54 +0000 2025","0","Cek Sepatu Sneakers Aksara Pria Kasual Casual Kerja Formal Full Black Hitam Coklat Cream Boots Shoes Naik Gunung Hiking Touring Kerja Outdoor Proyek Karet dengan harga Rp225.000. Dapatkan di Shopee sekarang! https://t.co/Zu6qmP5QZr https://t.co/uNPA3Uijae","1961742921310618079","https://pbs.twimg.com/media/GzmCylkbsAAA7JI.jpg","","in","","0","0","0","https://x.com/undefined/status/1961742921310618079","193616389",
"1961742895859560762","Sat Aug 30 10:48:48 +0000 2025","0","Cek Sepatu Sneakers Aksara Pria Kasual Casual Kerja Formal Full Black Hitam Coklat Cream Boots Shoes Naik Gunung Hiking Touring Kerja Outdoor Proyek Karet dengan harga Rp225.000. Dapatkan di Shopee sekarang! https://t.co/Zu6qmP5QZr https://t.co/FDS18nPSeC","1961742895859560762","https://pbs.twimg.com/media/GzmCxKDagAAuAM5.jpg","","in","","0","0","0","https://x.com/undefined/status/1961742895859560762","193616389",
"1961450462072508745","Sat Aug 30 10:48:31 +0000 2025","0","@sunfleurias SUMPIL GUNUNG GILAKKKK","1961742825546297628","","sunfleurias","in","","0","0","0","https://x.com/undefined/status/1961742825546297628","1883835989946503168",
"1961387746918109286","Sat Aug 30 10:48:23 +0000 2025","0","@ayahi Bahkan kita belum summit satu gunung pun. Gua emang selalu jadi bahan suudzonan lu ya bang??","1961742790909644886","","ayahi","in","","0","1","0","https://x.com/undefined/status/1961742790909644886","1626889759993004032",
"1961707897412600039","Sat Aug 30 10:48:21 +0000 2025","0","@hohobebee iyaaa beb. ini aku kalau jalan yg ke pinggiran deket gunung. bukan yg kota. udh da bbrpa yg ga bs di lalui dlu.","1961742783955526053","","hohobebee","in","","0","1","0","https://x.com/undefined/status/1961742783955526053","203061341",
"1961742777102041182","Sat Aug 30 10:48:20 +0000 2025","0","mongken gw akan abadi di cp 9 gunung semesta","1961742777102041182","","","in","","1","0","0","https://x.com/undefined/status/1961742777102041182","1362019801028202502",
"1961742755383955887","Sat Aug 30 10:48:14 +0000 2025","0","sudah kah kalian dapetin aura baru di gunung atin gais? https://t.co/h6E3sjWP12","1961742755383955887","https://pbs.twimg.com/media/GzmCmZFasAAcEut.jpg","","in","","0","0","0","https://x.com/undefined/status/1961742755383955887","1721580224478081024",
"1961742649615876505","Sat Aug 30 10:47:49 +0000 2025","0","Sempat Pingsan dalam Perjalanan Menuju Puncak Gunung Agung Jro Mangku asal Klungkung Dinyatakan MD https://t.co/vqDIay3M6W","1961742649615876505","","","in","","0","0","0","https://x.com/undefined/status/1961742649615876505","798478258119405568",
"1948387421650907258","Sat Aug 30 10:46:45 +0000 2025","0","@soohbin @yeonjyunz baru kali ini gua liat pacarnya dinistain lgsg di depan matanya..! gunung akhirat bng..? ","1961742379192631685","","soohbin","in","","0","1","0","https://x.com/undefined/status/1961742379192631685","3700675754",
"1961742340952891892","Sat Aug 30 10:46:36 +0000 2025","0","Noh jalan ke kebun bapak gue di gunung noh batu semua segitu jalan mulus gitu bego emang","1961742340952891892","","","in","","0","0","0","https://x.com/undefined/status/1961742340952891892","1270478577138458626",
"1961735438898733280","Sat Aug 30 10:46:34 +0000 2025","0","@Vvyan21 Udah sampe gunung..","1961742333151686793","","Vvyan21","in","","0","0","0","https://x.com/undefined/status/1961742333151686793","1924229837243535360",
"1961723514546786479","Sat Aug 30 10:46:29 +0000 2025","0","@roblox_fess aku ava matahari tuh tapi khusus gunung gunung minim rintangan soalnya kalo kaya daun aku nyangkut rek","1961742314755482016","","roblox_fess","in","","0","0","0","https://x.com/undefined/status/1961742314755482016","1728097240819068929",
"1961261474523099342","Sat Aug 30 10:45:18 +0000 2025","0","@chaosmythc Gunung Semesta? ID kamu apa?","1961742016477614373","","chaosmythc","in","","0","1","0","https://x.com/undefined/status/1961742016477614373","513950896",
"1961741946239811911","Sat Aug 30 10:45:02 +0000 2025","0","demi allah baru turun gunung tbtb indonesia chaos bgt kayak.. GUA KETINGGALAN INFO JIR padahal ditinggal sehari doang buset dah","1961741946239811911","","","in","","0","0","0","https://x.com/undefined/status/1961741946239811911","1538030329759313921",
"1961741939402817834","Sat Aug 30 10:45:00 +0000 2025","0","Seorang pendaki meninggal dunia di kawasan Gunung Gede Pangrango. Belum diketahui persis penyebab kematiannya. Berdasarkan informasi peristiwa tersebut terjadi pada Jumat (29/8) malam. https://t.co/CNx75reFyH","1961741939402817834","","","in","","0","0","0","https://x.com/undefined/status/1961741939402817834","68930552",
"1961741923892535347","Sat Aug 30 10:44:56 +0000 2025","1","Ahmad Sahroni adl pemicu atau puncak gunung es dari kerusakan sistemik. Menjadikan dia seorg sbg kambing hitam adl tindakan yg tdk adil. Semoga ada perubahan bukan hanya thriller ketakutan yg ujung2nya merugikan kita sbg masyarakat.","1961741923892535347","","","in","","0","0","0","https://x.com/undefined/status/1961741923892535347","1683106866",
"1961741781571371209","Sat Aug 30 10:44:22 +0000 2025","3","Gunung Belumut w homies ️️ https://t.co/HbcULxCIt2","1961741781571371209","https://pbs.twimg.com/media/GzmBuKubIAA1S63.jpg","","in","","0","1","1","https://x.com/undefined/status/1961741781571371209","1354427614002180099",
"1961713465124683992","Sat Aug 30 10:43:21 +0000 2025","0","@aluured Takut nemu pasar di tengah gunung kah wkwk","1961741522854121677","","aluured","in","","0","0","0","https://x.com/undefined/status/1961741522854121677","1169242313459040262",
"1961741231454834938","Sat Aug 30 10:42:11 +0000 2025","0","mau tau ga seberapa cengeng gw? nonton live windah gunung jawir aja gw nangis","1961741231454834938","","","in","","0","0","0","https://x.com/undefined/status/1961741231454834938","1942465783353020416",
"1961723514546786479","Sat Aug 30 10:39:54 +0000 2025","0","@roblox_fess bisa tp paling nyangkut2 cm gunung sekarang kan rata2 bs carry nder gpp jadiny bli mini plushie aj","1961740654880641534","","roblox_fess","in","","0","0","0","https://x.com/undefined/status/1961740654880641534","1445744766231072779",
"1961717638104768627","Sat Aug 30 10:38:25 +0000 2025","0","@berepetisi Wkwkwk nanti du twitter ma di roblox gue temenan ma lu foang ga visa naik gunung","1961740281658978413","","berepetisi","in","","0","1","0","https://x.com/undefined/status/1961740281658978413","1501403468699172866",
"1961739967136420110","Sat Aug 30 10:37:10 +0000 2025","0","knp ya ava blonde gamau fotbar sama aku:( aku bukan mau bully plss aku ngefans 3 kali mendaki baru di gunung ini nemu kak blonde secara nyata https://t.co/UaGNwo2BeW","1961739967136420110","https://pbs.twimg.com/media/GzmAGQvbcAAsHUs.jpg","","in","","0","1","0","https://x.com/undefined/status/1961739967136420110","1762070407627390976",
"1961739927668093158","Sat Aug 30 10:37:00 +0000 2025","0","Siap membawa pria omega naik gunung","1961739927668093158","","","in","","0","0","0","https://x.com/undefined/status/1961739927668093158","2396802132",
"1961739799880204577","Sat Aug 30 10:36:30 +0000 2025","0","eksposur #MrMindAD &amp; gank telah eskalasi AditiaDS sejak thn 2003 hal yg sangat sederhana utk dibuktikan tetapi sangat sulit utk diselesaikan hingga kini. tanpa terbuka TERMINAL indikasi terpojok -pihak/negara yg besar -sampah2nya setinggi gunung terpojoknya bukan oleh gua","1961739799880204577","","","in","","0","0","0","https://x.com/undefined/status/1961739799880204577","624211261",
"1961739243786739805","Sat Aug 30 10:34:17 +0000 2025","1","hopeless bgt sama nih gunung kelaparan terus + ada stuck nya juga... hampir 2 jam baru selesai with @haruL0ves https://t.co/r7E7pZkeIi","1961739243786739805","https://pbs.twimg.com/media/Gzl_cOqbYAAJG_U.jpg","","in","","0","0","0","https://x.com/undefined/status/1961739243786739805","1648035030864896000",
"1961676403503763723","Sat Aug 30 10:33:42 +0000 2025","0","@26pressin Dua bosyil gunung sudah turun artinya indonesia sedang tidak baik-baik saja. ","1961739095820152898","","26pressin","in","","0","0","0","https://x.com/undefined/status/1961739095820152898","771017448816570369",
"1961739062550884505","Sat Aug 30 10:33:34 +0000 2025","0","btw gur ngapain ya summit gunung daun 4 kali? ","1961739062550884505","","","in","","0","0","0","https://x.com/undefined/status/1961739062550884505","1945345308923420672",
"1961719032819994697","Sat Aug 30 10:33:17 +0000 2025","0","@taelnewcast Loh bukanya kita ntr malem mau explore gunung?","1961738989624553753","","taeludahcasting","in","","0","1","0","https://x.com/undefined/status/1961738989624553753","152572518",
"1961417925648392625","Sat Aug 30 10:31:56 +0000 2025","0","@26pressin ARTIS GUNUNG KATANYA. Jumpa fans ( kuntilanak fans nya )","1961738651609731098","","26pressin","in","","0","0","0","https://x.com/undefined/status/1961738651609731098","771017448816570369",
"1961666825273712737","Sat Aug 30 10:31:23 +0000 2025","0","@pantai_gunung bowle yg gabole disuapin anggota dpr","1961738512933531955","","pantai_gunung","in","","0","0","0","https://x.com/undefined/status/1961738512933531955","1812889467776348161",
"1961649215916179600","Sat Aug 30 10:29:51 +0000 2025","0","@cattovirgo Aku nobar di Gunung Anyar paling","1961738125807685924","","cattovirgo","in","","0","1","0","https://x.com/undefined/status/1961738125807685924","4699410505",
"1961738029133177240","Sat Aug 30 10:29:28 +0000 2025","0","biasanya aku skrinsut ini nyoba foto pake media kok ga keliatan nama gunung sama ketinggiannya gunung sunda kesel karena kena tungtungtung sahur 3 kali ","1961738029133177240","","","in","","0","1","0","https://x.com/undefined/status/1961738029133177240","2432691225",
"1961738014021001517","Sat Aug 30 10:29:24 +0000 2025","2","Manjat gunung bareng @KarenRoseannaCh @RaizuBartender @amakimeira https://t.co/0mVAcclrVA","1961738014021001517","","","in","","0","0","1","https://x.com/undefined/status/1961738014021001517","1695749412310720512",
"1961727823842062385","Sat Aug 30 10:28:37 +0000 2025","0","@yuanfenzi Gunung daun pemula friendly","1961737815571812687","","ijoeksel","tl","","0","0","0","https://x.com/undefined/status/1961737815571812687","877482434001911809",
"1961737588416610337","Sat Aug 30 10:27:43 +0000 2025","0","Tenang dan nyaman banget rasanya Baca AU sambil di temanin view gunung","1961737588416610337","","","in","","0","0","0","https://x.com/undefined/status/1961737588416610337","1527121152593625092",
"1961737170403913960","Sat Aug 30 10:26:03 +0000 2025","0","Naik naik ke puncak gunung https://t.co/v9dxxzfxxZ","1961737170403913960","https://pbs.twimg.com/media/Gzl9j2Wa4AAear8.jpg","","in","","0","0","0","https://x.com/undefined/status/1961737170403913960","871571024",
"1961735438898733280","Sat Aug 30 10:26:02 +0000 2025","0","@Vvyan21 kereen. Youngdaeny msh mager namanya udh nyampe puncak gunung ","1961737167648305162","","Vvyan21","in","","0","1","0","https://x.com/undefined/status/1961737167648305162","756352130626179072",
"1961737151491756306","Sat Aug 30 10:25:58 +0000 2025","0","Kisah pencarian yang bikin deg-degan menakutkan tapi harus tetap dihadapi. Seperti keberanian Tito menembus misteri Gunung Sarangan demi sang anak Drupadi Film PENCARIAN TERAKHIR sudah tayang di Bioskop! #PencarianTerakhir #FilmPencarianTerakhir #Garut https://t.co/UcI36lT2cx","1961737151491756306","https://pbs.twimg.com/ext_tw_video_thumb/1961737055651942400/pu/img/kqnnHn_KpAGR_5iq.jpg","","in","","0","0","0","https://x.com/undefined/status/1961737151491756306","71190489",
"1956926729303605737","Sat Aug 30 10:25:35 +0000 2025","0","mending naik gunung lah w daripada salah ngetwit https://t.co/mXdasXggzm","1961737054259474743","https://pbs.twimg.com/media/Gzl9cmZaAAEiOHt.jpg","tidakbaru","in","","1","1","0","https://x.com/undefined/status/1961737054259474743","2432691225",
"1961723514546786479","Sat Aug 30 10:24:49 +0000 2025","0","@roblox_fess tergantung gunung dan rintangannya sih. atau Antarctica aja yg ava mini friendly","1961736862344827233","","roblox_fess","in","","0","0","0","https://x.com/undefined/status/1961736862344827233","1719769283474100224",
"1961736853952118914","Sat Aug 30 10:24:47 +0000 2025","0","Ges ayo mutualan sma aku esp yang suka main GAG sama naik gunung. ","1961736853952118914","","","in","","0","2","0","https://x.com/undefined/status/1961736853952118914","868979062558998528",
"1961731317911138361","Sat Aug 30 10:24:13 +0000 2025","0","@dimdimsum92 gunung kembar jg mempan buat nyantet DPR wkwkwk","1961736707474428050","","dimdimsum92","in","","0","1","0","https://x.com/undefined/status/1961736707474428050","2497764830",
"1961589135933649105","Sat Aug 30 10:23:25 +0000 2025","0","@caffeinye @zril_not_zriel @Carmwent @roblox_fess astaga bahkan di gunung pun di report ","1961736510191042595","","caffeinye","in","","0","1","0","https://x.com/undefined/status/1961736510191042595","2151832712",
"1961645570554024188","Sat Aug 30 10:21:10 +0000 2025","0","@tobelidaifuku @sitiropiah__ Kalimat lucu hari ini sinyal di gunung Indonesia lebih unggul dibanding wifi jerman ","1961735942869340298","","tobelidaifuku","in","","0","0","0","https://x.com/undefined/status/1961735942869340298","76838835",
"1961710453887021253","Sat Aug 30 10:20:28 +0000 2025","0","@seanvinxen omah e nde pucuk gunung kawi iku asli","1961735765559480338","","seanvinxen","in","","0","0","0","https://x.com/undefined/status/1961735765559480338","1260226468929507329",
"1961622195945574855","Sat Aug 30 10:20:22 +0000 2025","0","@22Awii Ayooo naikk gunung","1961735740200722938","","22Awii","in","","0","0","0","https://x.com/undefined/status/1961735740200722938","1614847234130210817",
"1961685541251895594","Sat Aug 30 10:19:59 +0000 2025","4","@roblox_fess Maju sini yg mau blokir roblox sampe bocah roblox aja turun gunung semua buat demo","1961735642410545526","","roblox_fess","in","","0","0","0","https://x.com/undefined/status/1961735642410545526","1236646057825538054",
"1961726830492238022","Sat Aug 30 10:19:31 +0000 2025","0","@roblox_fess Yukkk kak add aja arunaxt Aku gas gunung apa aja","1961735528501653622","","roblox_fess","in","","0","0","0","https://x.com/undefined/status/1961735528501653622","1102183047707815936",
"1961735503239430454","Sat Aug 30 10:19:25 +0000 2025","4","Betul di bandung jga katanya ada nih disini di atas gunung ada jga buat tempat nginep abis semedi kayanya ‍️","1961735503239430454","","","in","","0","0","0","https://x.com/undefined/status/1961735503239430454","1202024098685079552",
"1961735451481604236","Sat Aug 30 10:19:15 +0000 2025","0","Peristiwa terbaru hanyalah puncak gunung es. Sebelumnya berkali-kali aparat memukuli menembaki gas air mata hingga menyeret demonstran tanpa prosedur hukum.","1961735460885348792","","SandiMataram","in","","0","1","0","https://x.com/undefined/status/1961735460885348792","1758077753809907712",
"1961724891830591793","Sat Aug 30 10:18:32 +0000 2025","0","@Heezeeung @tokunoi gunung puji","1961735279708135441","","Heezeeung","in","","0","0","0","https://x.com/undefined/status/1961735279708135441","1346092567",
"1961731317911138361","Sat Aug 30 10:17:58 +0000 2025","0","@dimdimsum92 gunung kembar","1961735138599137791","","dimdimsum92","in","","0","1","0","https://x.com/undefined/status/1961735138599137791","2497764830",
"1961576770123223317","Sat Aug 30 09:49:04 +0000 2025","0","@jackcfrost Udh tunjangan segede gunung pensiunan tetap digaji pajak ditanggung negara. Enak bnget ya idup mereka tuh","1961727862664560879","","jackcfrost","in","","0","0","0","https://x.com/undefined/status/1961727862664560879","401147610",
"1961723514546786479","Sat Aug 30 09:48:57 +0000 2025","0","@roblox_fess beberapa gunung kurang sih mnurutku","1961727833883201979","","roblox_fess","in","","0","0","0","https://x.com/undefined/status/1961727833883201979","858628015986798592",
"1961727679641846203","Sat Aug 30 09:48:20 +0000 2025","4","Buset... dapet cust borong NaCL sm tabung oksigen kirain mau daki gunung gt kan ternyata mau donasi buat korban kwitang gue packingnya smbil mw nanges","1961727679641846203","","","in","","0","1","0","https://x.com/undefined/status/1961727679641846203","3052258759",
"1961727580601737396","Sat Aug 30 09:47:57 +0000 2025","1","gunung aneh yang ga aneh https://t.co/TIAKqI1ug1","1961727580601737396","https://pbs.twimg.com/media/Gzl01HjbAAA_HcI.jpg","","tl","","0","0","0","https://x.com/undefined/status/1961727580601737396","1950935969680506883",
"1961727419787989063","Sat Aug 30 09:47:18 +0000 2025","0","tag jejak hanif agama hanif jam 5 pagi di gunung huangbai kyoto . pemimpin agama mereka mengerjakan ibadah seperti gerakan solat https://t.co/RNfsVDZPws https://t.co/jznpQBD0D1","1961727419787989063","https://pbs.twimg.com/ext_tw_video_thumb/1961727327785869312/pu/img/AL4bT0UGZBSxJeAH.jpg","","in","","0","2","0","https://x.com/undefined/status/1961727419787989063","284709392",
"1961727311818146072","Sat Aug 30 09:46:52 +0000 2025","0","Uppp yang cari carrier buat naik gunung","1961727311818146072","","","in","","0","0","0","https://x.com/undefined/status/1961727311818146072","1701126425452171264",
"1961727267899601349","Sat Aug 30 09:46:42 +0000 2025","1","aku hari ini summit 3 gunung anjay gk https://t.co/HqoXzt3Id9","1961727267899601349","https://pbs.twimg.com/media/Gzl0ipCa0AAz0Cb.jpg","","in","","0","0","1","https://x.com/undefined/status/1961727267899601349","1732564948503662592",
"1961727070234673532","Sat Aug 30 09:45:55 +0000 2025","4","minta maaf mau rehat sejenak ini akun dari kemaren marah marah mulu soalnya (sumpah ini susah banget gunung mana solo jir sksksk) https://t.co/k7J8x8PBPJ","1961727070234673532","https://pbs.twimg.com/media/Gzl0XaNaMAER4q2.jpg","","in","","0","1","0","https://x.com/undefined/status/1961727070234673532","1467198433605795840",
"1961726429223350474","Sat Aug 30 09:45:13 +0000 2025","0","@thesimpsongs gendong gua di gunung alamak","1961726893482516954","","thesimpsongs","in","","0","1","0","https://x.com/undefined/status/1961726893482516954","1681138533799698437",
"1961705451890118684","Sat Aug 30 09:44:34 +0000 2025","0","@rosesnoo Makanya ke gunung keuntungan tinggal di gunung ","1961726732198908353","","rosesnoo","in","","0","0","0","https://x.com/undefined/status/1961726732198908353","1151397633153368064",
"1961726581908390382","Sat Aug 30 09:43:58 +0000 2025","0","disana gunung disini gunung cakep.","1961726581908390382","","","in","","0","0","0","https://x.com/undefined/status/1961726581908390382","1306619508",
"1961695798800138724","Sat Aug 30 09:42:40 +0000 2025","0","@vnfeast Gua jg suka Mt. Daun! Sekarang lg eksplor-eksplor expedition ama gunung aja sih.","1961726254589390999","","vnfeast","in","","0","0","0","https://x.com/undefined/status/1961726254589390999","2317381938",
"1961267866332008929","Sat Aug 30 09:42:05 +0000 2025","0","@nicsap Negara beneran kacau sampe Nicholas Saputra turun gunung ","1961726104835907787","","nicsap","in","","0","0","0","https://x.com/undefined/status/1961726104835907787","869534576900579328",
"1961725643298906516","Sat Aug 30 09:40:15 +0000 2025","0","Me dan luther habis summit 10 gunung sambil mamam dimsum","1961725643298906516","","","in","","0","0","0","https://x.com/undefined/status/1961725643298906516","2666270161",
"1961723514546786479","Sat Aug 30 09:38:54 +0000 2025","0","@roblox_fess aku pernah ke gunung aduh di gendong ava mini sampe hampir puncak. dia juga banyak gendong orang","1961725306936668301","","roblox_fess","in","","0","0","0","https://x.com/undefined/status/1961725306936668301","1887057030869082115",
"1961671788737462537","Sat Aug 30 09:38:34 +0000 2025","0","@shychop4th tidak menyangka abang gunung ini di incer blonde pasti","1961725220332732455","","shychop4th","in","","0","1","0","https://x.com/undefined/status/1961725220332732455","821488980",
"1961725017521266854","Sat Aug 30 09:37:45 +0000 2025","3","Masih berlanjut ya ges yaa dari arah salemba ke gunung sahari pada disuruh puter balik staysef smuanya https://t.co/ncSkr9zRRF","1961725017521266854","https://pbs.twimg.com/media/GzlyfqtaIAAZkQ8.jpg","","in","","1","0","1","https://x.com/undefined/status/1961725017521266854","1694279839623335936",
"1961724657390014569","Sat Aug 30 09:36:20 +0000 2025","10","Ngobrolnya jago Keputusan tambal sulam di puncak gunung es Keputusan strategis gak kelihatan","1961724657390014569","","","in","","0","0","1","https://x.com/undefined/status/1961724657390014569","2963337276",
"1961724507682640303","Sat Aug 30 09:35:44 +0000 2025","1","hari ke 3 muncak ke gunung daun cinta banget sama gunung daun mau spam gunung daun terus pengen 100 kalo bisa dan yang bikin betah orang disana baik banget ramah trus random jugaaaaaa https://t.co/GLhEVUuLJr","1961724507682640303","https://pbs.twimg.com/media/GzlyCRfaYAA-ThW.jpg","","in","","0","0","0","https://x.com/undefined/status/1961724507682640303","1364431214401056775",
"1961717416578420767","Sat Aug 30 09:34:35 +0000 2025","0","@ALPHINECARD Eh gua jg tau awal awal main langsung ke gunung sunda","1961724217340362893","","ALPHINECARD","in","","0","1","0","https://x.com/undefined/status/1961724217340362893","887991114216624128",
"1961530308966195473","Sat Aug 30 08:50:43 +0000 2025","1","@___freyxx AKU KAT KLUANG LA! ITU GUNUNG LAMBAK DARUL KLUANG","1961713179098312743","","___freyxx","in","","0","0","0","https://x.com/undefined/status/1961713179098312743","314390497",
"1961710196637741124","Sat Aug 30 08:49:29 +0000 2025","0","@Baltonara gunung payung mah aman bgt kak fav ku wkwk tenang bs buat renang","1961712871076987115","","Baltonara","in","","0","1","0","https://x.com/undefined/status/1961712871076987115","1837172425311850496",
"1961712547092164630","Sat Aug 30 08:48:12 +0000 2025","1","Mengapa Gunung Krakatau Meletus? Inilah Legenda Rakyat dan Kisah Terbukanya Kotak Pandora https://t.co/0ObSVAJvGw","1961712547092164630","","","in","","0","0","0","https://x.com/undefined/status/1961712547092164630","775598663024259072",
"1961619409086419382","Sat Aug 30 08:47:22 +0000 2025","0","@two2eight_ @PearlyTannn @Thinaah98 ku ukir namamu di awan gunung jerai bersaksikan laut daun niur melambai gunung apa tu?","1961712336609357984","","two2eight_","in","","0","1","0","https://x.com/undefined/status/1961712336609357984","1639509725892026368",
"1961711832537698463","Sat Aug 30 08:45:22 +0000 2025","0","-dips! Ada yg open sewa sepeda gunung gak? Sender pengen cari inspirasi nugas sambil sepedaan","1961711832537698463","","","in","","0","0","0","https://x.com/undefined/status/1961711832537698463","1938014810056364032",
"1961711276062814307","Sat Aug 30 08:43:09 +0000 2025","2","tutorial naik gunung ala aku https://t.co/tP8MudbIQV","1961711276062814307","https://pbs.twimg.com/ext_tw_video_thumb/1961711087759642624/pu/img/V1-AN01YyBpDQ80p.jpg","","in","","0","5","0","https://x.com/undefined/status/1961711276062814307","1570250257749118977",
"1961710560170643855","Sat Aug 30 08:40:19 +0000 2025","0","Bjir pascol turun gunung ","1961710560170643855","","","in","","0","0","0","https://x.com/undefined/status/1961710560170643855","1594274770568482816",
"1961710196637741124","Sat Aug 30 08:38:52 +0000 2025","5","Jalan ke Pantai Gunung Payung itu bagus ga sih ? Aku lupa mana pantainya. Sering kebalik2 sama Pandawa","1961710196637741124","","","in","","0","6","0","https://x.com/undefined/status/1961710196637741124","1778443788027125760",
"1961710133815484719","Sat Aug 30 08:38:37 +0000 2025","0","IMUPPP BGTTTTTTTTTT gunung akhirat https://t.co/DvYKdWLGNq","1961710133815484719","https://pbs.twimg.com/media/Gzlk9PYbUAA-LuC.jpg","","in","","0","1","0","https://x.com/undefined/status/1961710133815484719","1101808970497310720",
"1961707475109056536","Sat Aug 30 08:37:57 +0000 2025","0","@desembep @iyaslogic @ellameovvu @Natsuvki @Smngho Cari gunung yang bener may besok ","1961709965040918804","","muicviro","in","","0","1","0","https://x.com/undefined/status/1961709965040918804","2912504346",
"1961707475109056536","Sat Aug 30 08:37:45 +0000 2025","0","@Smngho @iyaslogic @desembep @ellameovvu @Natsuvki Asli.. besok ke gunung lain aja sumpah","1961709915388719427","","Opalaite","in","","0","0","0","https://x.com/undefined/status/1961709915388719427","2912504346",
"1961709829749432439","Sat Aug 30 08:37:24 +0000 2025","0","jujur ga siap banget di tinggal. ga pernah seberat ini cuma di tinggal naik gunung. mungkin karna kamu bilangnya baru semalem jadi aku ga ada persiapan diri. biasanya h-3 lah kamu bilang jadi ga seberat ini. ga bisa ikhlas rasanya.","1961709829749432439","","","in","","0","0","0","https://x.com/undefined/status/1961709829749432439","1879757020074754048",
"1956329311650320753","Sat Aug 30 08:35:54 +0000 2025","0","@wonwoouh Wkwkw spill gunung yang dontol friendly di rosblok bang? Biar gak berulang kali jatuh pas di jembatan inul","1961709449598718152","","wonwoouh","in","","0","1","0","https://x.com/undefined/status/1961709449598718152","1032847641221054466",
"1961695540162486347","Sat Aug 30 08:34:56 +0000 2025","0","@justnco @Yaiko_110 Aku si kalo udah seminggu ga naik mending naik gunung wkwkwkw","1961709207859912992","","justnco","in","","0","1","0","https://x.com/undefined/status/1961709207859912992","1046787734",
"1961709185869226087","Sat Aug 30 08:34:51 +0000 2025","1","summit mt buntu karua easy obstacle tracknya jauuuuh pol antar cp jaraknya juga jauh bisa ambil sampah2 yg ada di gunung grafiknya cakep betul bisa carry player lain https://t.co/rR9d1JOsRQ","1961709185869226087","https://pbs.twimg.com/media/GzlitKEbkAEEFTU.jpg","","in","","0","0","0","https://x.com/undefined/status/1961709185869226087","1279447373899395072",
"1961610371514732997","Sat Aug 30 08:34:43 +0000 2025","1","@yopydewo @dennyindrayana yg terjadi adalah puncak dari gunung es.","1961709152461635642","","yopydewo","in","","0","0","0","https://x.com/undefined/status/1961709152461635642","337116115",
"1961678142894166380","Sat Aug 30 08:34:13 +0000 2025","0","@BelanaSenduk IH IYA CIII gue kerja sambil misuh misuh pengen naek gunung juga","1961709025902694449","","BelanaSenduk","in","","0","1","0","https://x.com/undefined/status/1961709025902694449","1678389275665272834",
"1961707475109056536","Sat Aug 30 08:33:45 +0000 2025","1","@ellameovvu Aksi demo abis summit jangan ajak ke gunung najis ini lagi pliss muak tapi makasih ya https://t.co/3kIQ8XmTAo","1961708908541878277","https://pbs.twimg.com/ext_tw_video_thumb/1961708896294412288/pu/img/IsPY5DnkqCKaD2Gn.jpg","mikhaelpage","in","","0","1","0","https://x.com/undefined/status/1961708908541878277","2912504346",
"1961707984708604082","Sat Aug 30 08:33:41 +0000 2025","0","@anxsmineee Sekalian buat nyolong mangga di gunung kk kerel","1961708891571728388","","anxsmineee","in","","0","0","0","https://x.com/undefined/status/1961708891571728388","2946485784",
"1961708804544045148","Sat Aug 30 08:33:20 +0000 2025","0","meanwhile gue ditinggal sendiri disaat abang gue yang satu ke bali yang satunya lagi malah ke gunung gede","1961708804544045148","","","in","","0","0","0","https://x.com/undefined/status/1961708804544045148","1482208626114990083",
"1961708669147681059","Sat Aug 30 08:32:48 +0000 2025","0","YA ALLAH TOLONGIN INI MAH GUE NGEBET BGT PENGEN NAIK GUNUNG ANJRRRRRRRRRR","1961708669147681059","","","in","","0","0","0","https://x.com/undefined/status/1961708669147681059","1126282004411047936",
"1961708543658397882","Sat Aug 30 08:32:18 +0000 2025","2","Mau outfit naik gunung dong","1961708543658397882","","","in","","0","10","0","https://x.com/undefined/status/1961708543658397882","1905514496623607811",
"1961697931788013684","Sat Aug 30 08:31:59 +0000 2025","41","@hrjunfess Review temen ku gini 1. Sweetie picnic (dia seger banget maunya ademmmm kek di gunung) 2. Woodsand (kataku bau malaikat subuh) 3. Blooming garden (dia manisss kaya perpaduan vanila jaruk sama bunga) 4. Dream cloud (kayak bedak bayi)","1961708466122494143","","hrjunfess","in","","1","3","7","https://x.com/undefined/status/1961708466122494143","1544186085408145408",
"1961684754153255053","Sat Aug 30 08:31:58 +0000 2025","0","@jeltycat prospecting seruuu kaya nyari barang tambang gituu atau map gunung yang gampang","1961708460627898768","","jeltycat","in","","0","1","0","https://x.com/undefined/status/1961708460627898768","1895395817542025217",
"1961624039237288154","Sat Aug 30 08:31:41 +0000 2025","0","@Far_away90 hah? kabut itu lereng gunung lawu","1961708390822056028","","Far_away90","in","","0","0","0","https://x.com/undefined/status/1961708390822056028","2884949444",
"1961707931134812208","Sat Aug 30 08:29:52 +0000 2025","0","Katingali gunung batu cimindi cimahi ciburuy eta fiks husein satranagara ini mah.","1961707931134812208","","","in","","0","0","0","https://x.com/undefined/status/1961707931134812208","323793047",
"1961707704113848744","Sat Aug 30 08:28:58 +0000 2025","1","gunung bohong seru bangett punya lagu official yg keren bikin semangat rintangannya jg menantang xixi alhasil jadi tourguide di goa https://t.co/6Gpf5noV9d","1961707704113848744","https://pbs.twimg.com/media/GzliwqcaQAAa7m-.jpg","","in","","0","3","0","https://x.com/undefined/status/1961707704113848744","4597956132",
"1961707532013191664","Sat Aug 30 08:28:17 +0000 2025","6","td udah sempet post tp gue delete krn mau reply dulu jujur jijik bgt sm ni cewe yg ketawa sm kata jarah sedangkan biasanya dia post lg volunteer atau naik gunung trus blgnya aku punya 9 nyawa pagi volunteer trus nanti udah sampe puncak *ini contoh ya. Dia berasa influencer- https://t.co/6vl4bdKu3p","1961707532013191664","https://pbs.twimg.com/amplify_video_thumb/1961707428996857856/img/wP5WE-oxg1PBuGp-.jpg","","in","","0","2","1","https://x.com/undefined/status/1961707532013191664","1095971332871749633",
"1961707475109056536","Sat Aug 30 08:28:03 +0000 2025","2","Gunung jahanam... the rill jahanam bjir https://t.co/d9jNk2E8cy","1961707475109056536","https://pbs.twimg.com/ext_tw_video_thumb/1961707452812144640/pu/img/Q9nLPJw15YcoDkyS.jpg","","in","","0","3","0","https://x.com/undefined/status/1961707475109056536","2912504346",
"1961707197492326755","Sat Aug 30 08:26:57 +0000 2025","0","Naik naik ke puncak gunung @prabowo mantap gebrakan lu wo padahal blm setahun","1961707197492326755","","","in","","0","0","0","https://x.com/undefined/status/1961707197492326755","1241783542222217216",
"1961628631140344271","Sat Aug 30 08:24:49 +0000 2025","0","@pre66tygir yeayyy saatnya kamu menjelajah semua gunung","1961706661921657062","","pre66tygir","in","","0","0","0","https://x.com/undefined/status/1961706661921657062","1873993241374453760",
"1961706042217341379","Sat Aug 30 08:22:21 +0000 2025","0","sumpah kemuak bolak balik gunung sumbing mentok di sampingnya sungai yang ada air terjunnya(?) entah karna dc karna kena petir kena petir lagi. kapan sampe puncaknya https://t.co/CVRoyeuU7g","1961706042217341379","https://pbs.twimg.com/media/GzlhPtFbcAAUW3P.jpg","","in","","0","3","0","https://x.com/undefined/status/1961706042217341379","1665238146",
"1961705332025233643","Sat Aug 30 08:19:32 +0000 2025","0","Aku capek bgt main gunung sm lam dan kremi","1961705332025233643","","","in","","0","2","0","https://x.com/undefined/status/1961705332025233643","1943196452089663489",
"1961703181442060664","Sat Aug 30 08:19:21 +0000 2025","0","Setelah dirasa sudah cukup dengan satu tarikan napas panjang dia pun berjalan meninggalkan asramanya. Kali ini tempat yang ditujunya adalah Eiken. Namun sebelum itu dia akan mampir ke asrama kelinci yang terletak di gunung itu.","1961705285242028193","","railfenz","in","","0","1","0","https://x.com/undefined/status/1961705285242028193","1684325328850935813",
"1961699060563222635","Sat Aug 30 08:17:39 +0000 2025","3","@SoeTjenMarching CIA+MAMARIKA+SOEHARTO = BUNG KARNO TERSINGKIR + KAMBING HITAM PKI DAN HADIAH ORBA UNTUK MAMARIKA GUNUNG EMAS PAPUA FREEPORT","1961704859352350955","","SoeTjenMarching","in","","0","0","0","https://x.com/undefined/status/1961704859352350955","908525169135587329",
"1961619397237510476","Sat Aug 30 08:16:12 +0000 2025","0","@Urrangawak @prabowo @Gerindra Hutan gunung dan lautan kandunganya luar biasa. Jujur saya pernah bediskusi dengan orang korea mereka heran dengan negara ini semua ada tapi kenapa rakyatnya tidak sejahtera.","1961704491943956989","","Urrangawak","in","","0","0","0","https://x.com/undefined/status/1961704491943956989","857415548",
"1961704259910848846","Sat Aug 30 08:15:16 +0000 2025","0","dontol sok-sokan nge list gunung padahal mah kalau gaada yang carry gaakan sampe puncak ","1961704259910848846","","","in","","0","1","0","https://x.com/undefined/status/1961704259910848846","1643179758673625088",
"1961685372632522986","Sat Aug 30 08:15:06 +0000 2025","0","@mcnoyyie @unicelounge Hoduenya ukuran apa ka? Itu bisa buat cowo gak?","1961704214809514321","","mcnoyyie","in","","0","1","0","https://x.com/undefined/status/1961704214809514321","1935533242813468672",
"1961704186577666144","Sat Aug 30 08:14:59 +0000 2025","1","Sampe puncak jugaa gunung batu shibal https://t.co/C9PFzwH1jG","1961704186577666144","https://pbs.twimg.com/media/GzlfjogbkAIXkT3.jpg","","in","","0","0","1","https://x.com/undefined/status/1961704186577666144","1955686994115547136",
"1954511221203321298","Sat Aug 30 08:13:46 +0000 2025","0","@swhinyu KAN DD BAWA SATU BUNGKUS AJA ABANG!! kalo bawa banyak mah kasian dompet dd masih perlu nabung buat beli labubu -3- enggak kan pake uang mama :p abang udah gak dikasih uang jajan lagi ya? mimpi bertemu abang di gunung atin","1961703881324585290","","swhinyu","in","","0","1","0","https://x.com/undefined/status/1961703881324585290","2588545970",
"1961695134397186519","Sat Aug 30 07:39:01 +0000 2025","3","Coffee Morning di Lapas Narkotika Gunung Sindur Bahas Penanaman Pohon Kelapa https://t.co/n9JU4uw2xQ","1961695134397186519","https://pbs.twimg.com/amplify_video_thumb/1961695014322671619/img/dXJxERRdEPxEVjvl.jpg","","in","","0","0","0","https://x.com/undefined/status/1961695134397186519","4825173187",
"1961694877290565731","Sat Aug 30 07:37:59 +0000 2025","0","W ADMIN GUNUNG JAWIR!!!","1961694877290565731","","","in","","0","2","0","https://x.com/undefined/status/1961694877290565731","1421455975253377026",
"1960010082009428147","Sat Aug 30 07:37:42 +0000 2025","0","FINALLY GUNUNG WILIS with stranger foto gk pernah bener https://t.co/nbomdQYUG8","1961694803756028056","https://pbs.twimg.com/media/GzlXBtvbkAIfHyh.jpg","68O54","in","","0","1","0","https://x.com/undefined/status/1961694803756028056","3272858077",
"1961463959162065125","Sat Aug 30 07:36:35 +0000 2025","0","@Gunung_Agoeng @Ary_PrasKe2 @merapi_uncover Kayaknya agak oon nich org","1961694522502742343","","Gunung_Agoeng","in","","0","1","0","https://x.com/undefined/status/1961694522502742343","587188129",
"1961625883024003564","Sat Aug 30 07:36:23 +0000 2025","1","@fantechid Kalo mouse pasti beli biar skill naik gunung roblox-ku makin jago https://t.co/iiBldbFrqX","1961694471764283457","https://pbs.twimg.com/media/GzlWbc4agAA1AIq.jpg","fantechid","in","","0","2","0","https://x.com/undefined/status/1961694471764283457","1619368038599639040",
"1961694432165822899","Sat Aug 30 07:36:13 +0000 2025","0","5 Potret Kak Seto Naik Gunung Prau di Usia 74 Tahun Rayakan Pertambahan Umur https://t.co/UDCdUPvO7v","1961694432165822899","","","in","","0","0","0","https://x.com/undefined/status/1961694432165822899","864334585860980737",
"1961649773142036937","Sat Aug 30 07:35:58 +0000 2025","0","@bachiraalilyy @Lily_JKT48 umuf panjang pendaki gunung","1961694365996519620","","bachiraalilyy","in","","0","1","0","https://x.com/undefined/status/1961694365996519620","1670683157551808512",
"1961694060445647191","Sat Aug 30 07:34:45 +0000 2025","0","Cek GUIRENNIAO - Sandal Pria Wanita Olahraga Sandal Anak Laki laki Sepatu Pria Pasangan Unisex Casual Sandal Gunung Pria Wanita dengan harga Rp35.499. Dapatkan di Shopee sekarang! https://t.co/d9b2O1ihbC https://t.co/cxsh6zW1ik","1961694060445647191","https://pbs.twimg.com/media/GzlWWTObkAA-VcQ.jpg","","in","","0","0","0","https://x.com/undefined/status/1961694060445647191","973077666",
"1961694012483752425","Sat Aug 30 07:34:33 +0000 2025","0","bang windah main gunung jawir jadi titan","1961694012483752425","","","in","","0","0","0","https://x.com/undefined/status/1961694012483752425","1922699183326363649",
"1961684754153255053","Sat Aug 30 07:34:32 +0000 2025","0","@jeltycat coba gunung jawir tapi agak susah","1961694009233113591","","jeltycat","in","","0","1","0","https://x.com/undefined/status/1961694009233113591","1113013975766056960",
"1961652137487679712","Sat Aug 30 07:33:36 +0000 2025","2","@Ary_PrasKe2 Susah cari sasaran tembak di hutan &amp; gunung Papua?","1961693771722342720","","Ary_PrasKe2","in","","0","0","0","https://x.com/undefined/status/1961693771722342720","82789900",
"1961693473419268531","Sat Aug 30 07:32:25 +0000 2025","1","Gunung unik sih ini. https://t.co/UZqqDuynNx","1961693473419268531","https://pbs.twimg.com/media/GzlVlHNbkAMdliv.jpg","","in","","1","1","1","https://x.com/undefined/status/1961693473419268531","414169912",
"1961692617470890042","Sat Aug 30 07:29:01 +0000 2025","3","Saksikan program Oase Indonesia dengan tema Menelusuri Jejak Peradaban Gunung Padang Minggu 31 Agustus 2025 pukul 08.30 WIB hanya di tvOne &amp; live streaming https://t.co/wvfgXbpPtT #OaseIndonesia #tvOne #tvOneNews #CariBeritaditvOne https://t.co/6BEwery4O0","1961692617470890042","https://pbs.twimg.com/media/GzlVB6TbkAYYxqV.jpg","","in","","0","0","0","https://x.com/undefined/status/1961692617470890042","55507370",
"1961692573422293074","Sat Aug 30 07:28:50 +0000 2025","0","Lg nntn bl abang an kampus pendaki gunung x maba pendaki gunung","1961692573422293074","","","in","","0","1","0","https://x.com/undefined/status/1961692573422293074","1745127165388337152",
"1961439976236962072","Sat Aug 30 07:26:45 +0000 2025","0","@waw_keken @kvinnnnnnnnnnu lagi ke gunung anaknya","1961692047104237975","","waw_keken","in","","0","1","0","https://x.com/undefined/status/1961692047104237975","1756578850295992320",
"1961688996545024238","Sat Aug 30 07:24:06 +0000 2025","0","@lukcuu gpp kok aku bisa mendaki sendiri sambil nangis ditangga gunung atin gpp trus triak triak sendiri gpp","1961691380830671322","","lukcuu","in","","0","0","0","https://x.com/undefined/status/1961691380830671322","1950543881420079105",
"1961691364468691391","Sat Aug 30 07:24:02 +0000 2025","0","pwt cuacanya ga baik ih. yg lagi naik gunung musim hujan gini ke gn slamet sehat sehat lu pada di atas yaaa","1961691364468691391","","","in","","0","1","0","https://x.com/undefined/status/1961691364468691391","1840417466943766528",
"1961643035948978204","Sat Aug 30 07:23:39 +0000 2025","0","@slyqherin Kak boleh tolong jelasin gaa gimana bisa sesaknya? Mungkin jg karna naik gunung udaranya semakin tipis ya","1961691269580951558","","slyqherin","in","","0","1","0","https://x.com/undefined/status/1961691269580951558","1821819607843532801",
"1961618116624224632","Sat Aug 30 07:23:12 +0000 2025","0","@PaltiWest Wapresnya firdaus bintang 5 baret ungu yang punya gunung uranium ","1961691155030253716","","PaltiWest","in","","0","0","0","https://x.com/undefined/status/1961691155030253716","1525002519231238144",
"1961690854667817112","Sat Aug 30 07:22:00 +0000 2025","1","kegiatan hari ini adalah summit gunung apa gatau namanya dan mampir ke gunung jawa https://t.co/RQKDmelaet","1961690854667817112","https://pbs.twimg.com/media/GzlTTq_aAAA_VZf.jpg","","in","","0","0","0","https://x.com/undefined/status/1961690854667817112","1545993305242349568",
"1961689798349132265","Sat Aug 30 07:20:09 +0000 2025","0","@forfracha login nad. donlot dulu aja nanti temenan naik gunung yg gampang2","1961690387833393467","","forfracha","in","","0","1","0","https://x.com/undefined/status/1961690387833393467","1779475004264247296",
"1961690163048075699","Sat Aug 30 07:19:15 +0000 2025","0","RASANYA MAU GUE MAKI TEMEN GUE INI SUMPAH. Beli barang dia gas gas aja sedangkan duit gue kaga dibalikin bilang ga ada ga ada. PALA BAPAK KAU GA ADA. Maren sempet beli barang buat gegayaan doang untuk ngedaki gunung. Giliran ditagih kaga ada mulu.","1961690163048075699","","","in","","0","0","0","https://x.com/undefined/status/1961690163048075699","1165183994759020544",
"1961622195945574855","Sat Aug 30 07:17:11 +0000 2025","0","@22Awii Suka naik gunung juga?","1961689641805058365","","22Awii","in","","0","1","0","https://x.com/undefined/status/1961689641805058365","1614847234130210817",
"1961689018506383379","Sat Aug 30 07:14:43 +0000 2025","0","sumpah gue cinta tidur fish it gunung","1961689018506383379","","","in","","0","0","0","https://x.com/undefined/status/1961689018506383379","1959333900372865024",
"1961446636410003483","Sat Aug 30 07:13:44 +0000 2025","0","@woocnhak sudah dede malem ini gua gegerkan TL sama upchar gunung gua itu ya","1961688773961589102","","woocnhak","in","","0","1","0","https://x.com/undefined/status/1961688773961589102","1620443465707409408",
"1961688466816995663","Sat Aug 30 07:12:31 +0000 2025","0","cukup game Crash Bandicoot yg bikin gue naik darah.. tolong ini yg bikin map gunung ekstrim di roblox ada masalah apa ya?? ","1961688466816995663","","","in","","0","0","0","https://x.com/undefined/status/1961688466816995663","1708735957015687168",
"1961493613558526274","Sat Aug 30 07:11:42 +0000 2025","0","@ppleset gunung sakahayang!!!","1961688263099559967","","ppleset","tl","","0","0","0","https://x.com/undefined/status/1961688263099559967","3267158515",
"1961688115950883263","Sat Aug 30 07:11:07 +0000 2025","1","Gunung Akhirat walaupun ga dontol friendly tp ava mini friendly‍↕️ seruuu sihhh ada puzzlenya(?) juga buat buka pintu gituu bisa carry juga untuk yg merasa dontol wkwkw trs map ini 20 cp https://t.co/EAjSbPhVGa","1961688115950883263","https://pbs.twimg.com/media/GzlQ8ambkAAubxo.jpg","","in","","0","0","0","https://x.com/undefined/status/1961688115950883263","1138722367763390466",
"1961688039111233966","Sat Aug 30 07:10:49 +0000 2025","0","sepuh sudah turun gunung ini semoga the decade lancar yh tanpa kendala","1961688039111233966","","","in","","0","1","0","https://x.com/undefined/status/1961688039111233966","1351519243137781766",
"1961687685250330856","Sat Aug 30 07:09:25 +0000 2025","0","AKHIRNYAAAAAA! setelah dua hari menjadi anomali di gunung ini aku bisa summit juga https://t.co/UBL5HDZqnL","1961687685250330856","https://pbs.twimg.com/media/GzlQjAaa4AASSpO.jpg","","in","","0","1","0","https://x.com/undefined/status/1961687685250330856","1719781844441546753",
"1961687349932503138","Sat Aug 30 07:08:05 +0000 2025","0","Info gunung roblox yang thumbnail nya ngga pake AI ","1961687349932503138","","","tl","","0","0","0","https://x.com/undefined/status/1961687349932503138","1909932248570503168",
"1961059605481718069","Sat Aug 30 07:06:17 +0000 2025","0","@Yerfimiese Secakep ini dibilang kaya maling?! Itu kamu bertapa ke gunung?? Eh saya juga makan 3x sehari (kalau gak bangun kesiangan) https://t.co/k1dfhTfdxN","1961686897023226139","https://pbs.twimg.com/media/GzlPq_PbIAANTtm.jpg","Yerfimiese","in","","0","1","0","https://x.com/undefined/status/1961686897023226139","3173651544",
"1961686840198795643","Sat Aug 30 07:06:03 +0000 2025","0","Naik gunung seru kali ya","1961686840198795643","","","in","","0","1","0","https://x.com/undefined/status/1961686840198795643","1640348221712244741",
"1961611313635078406","Sat Aug 30 07:05:12 +0000 2025","0","@gearBAMBANG gunung kawinya yang gamau lu dateng","1961686626603782253","","gearBAMBANG","in","","0","0","0","https://x.com/undefined/status/1961686626603782253","1271038432848932866",
"1961603135035621551","Sat Aug 30 07:04:57 +0000 2025","0","@Jateng_Twit @MasMasBiassaa Damn negara dah genting banget sampe gen Alpha dah turun gunung.","1961686564146417979","","Jateng_Twit","in","","0","0","0","https://x.com/undefined/status/1961686564146417979","1885896380138577920",
"1961686224915370317","Sat Aug 30 07:03:37 +0000 2025","0","Kalo lagi sedih gini bawaanya pengen naik gunung :( gunung beneran yaa bukan gunung roblox","1961686224915370317","","","in","","0","0","0","https://x.com/undefined/status/1961686224915370317","1203081955241119744",
"1961398161647555054","Sat Aug 30 07:03:08 +0000 2025","0","@realfedinuril @ListyoSigitP ketua udah mulai turun gunung ini gengs ","1961686103540601100","","realfedinuril","in","","0","0","0","https://x.com/undefined/status/1961686103540601100","160264172",
"1961463959162065125","Sat Aug 30 07:01:42 +0000 2025","0","@BennyValentinus @Ary_PrasKe2 @merapi_uncover Jiahahahaha.... trus ngapain ada cokin yg mau gugat aturan raja jogja cuk....","1961685746135466397","","BennyValentinus","in","","0","1","0","https://x.com/undefined/status/1961685746135466397","1701624074877984768",
"1961667312655741181","Sat Aug 30 07:01:38 +0000 2025","1","@privbyc @roblox_fess gunung sumbing","1961685728553046232","","privbyc","tl","","0","1","0","https://x.com/undefined/status/1961685728553046232","246621417",
"1955563978723336233","Sat Aug 30 07:01:24 +0000 2025","0","@sohyunieo @FlickerPine Mandi di gunung alias mandi kabut ya nuna. Damn kenapa bisa bisanya nuna melupakan sikat gigi yanv sangat penting itu tapi gapapa. Masih ada ranting kayu yang menggantikan sikat. Boleh liat tapi harus ikut nyanyi ya?","1961685667412656164","","sohyunieo","in","","0","1","0","https://x.com/undefined/status/1961685667412656164","1452768578839535620",
"1961582504022102202","Sat Aug 30 05:28:04 +0000 2025","0","@westgalee Klo dia lansia tua renta sebatang kara yg tinggal di ujung gunung mah ak bakal percaya kli dia ga tau tpi sekelas menteri ga tau kejadian yg di dalam negeri parah bgt sih","1961662182384701695","","westgalee","in","","0","0","0","https://x.com/undefined/status/1961662182384701695","1561314352015495168",
"1961662039136350491","Sat Aug 30 05:27:30 +0000 2025","1","hai adakah di sini yg mau jadi temen mabar sender? kebetulan sender lagi sering naik gunung yg dontol friendly kpop random play dance evade. sender sudah legal (21+) jadi sender cari teman yg seumuran atau yg di atas umur 21 juga boleh. drop id !roblox kalian ya","1961662039136350491","","","in","","0","6","0","https://x.com/undefined/status/1961662039136350491","1903872646678470656",
"1961469472855699488","Sat Aug 30 05:24:15 +0000 2025","0","@tempodotco nah turun gunung kan cari muka setelah anis duluan yg turun","1961661220035183035","","tempodotco","in","","0","0","0","https://x.com/undefined/status/1961661220035183035","257391524",
"1961653186546074109","Sat Aug 30 05:23:54 +0000 2025","0","@rorashx Ganti gunung aja ganti","1961661133536071786","","roraeh","in","","0","1","0","https://x.com/undefined/status/1961661133536071786","1908559380511154176",
"1961381660257390783","Sat Aug 30 05:23:45 +0000 2025","0","@raamwen Sejarah resmi Korea Utara melebih-lebihkan Kim Il-sung dengan mitos seperti ia bisa berjalan pada usia 3 minggu berbicara pada 8 minggu lahir di Gunung Paektu dengan tanda ajaib (sebenarnya di Mangyongdae) dan mengalahkan Jepang dalam ratusan pertempuran tanpa kekalahan.","1961661094529044485","","raamwen","in","","0","1","0","https://x.com/undefined/status/1961661094529044485","1720665183188922368",
"1961660750688391414","Sat Aug 30 05:22:23 +0000 2025","1","kenapa sih tiap map gunung tuh selalu dipenuhi orang pacaran mana aku sendirian lagi https://t.co/AD1PNmHPdh","1961660750688391414","https://pbs.twimg.com/media/Gzk4DpbbMAAv8xB.jpg","","in","","0","1","0","https://x.com/undefined/status/1961660750688391414","1352897950041694210",
"1961660721395372315","Sat Aug 30 05:22:16 +0000 2025","0","ketemu di map gunung roblok kali ","1961660721395372315","","","in","","0","0","0","https://x.com/undefined/status/1961660721395372315","1419803970122387462",
"1961622309740982782","Sat Aug 30 05:20:09 +0000 2025","0","@hanbinteknik Wkwkwk emang co obby gunung","1961660188983005221","","hanbinteknik","in","","0","1","0","https://x.com/undefined/status/1961660188983005221","2494113494",
"1961660122176086353","Sat Aug 30 05:19:53 +0000 2025","0","Cobain gunung terserah. Baru mulai udah capek duluan terserah adminnya aja bikin gunungnya kaya ee","1961660122176086353","","","in","","0","0","0","https://x.com/undefined/status/1961660122176086353","3185513942",
"1959882297748205739","Sat Aug 30 05:19:24 +0000 2025","0","@OHMYV3NUS Gunung dan jalur berdebu bukan problem Galaxy Z Flip 7 tetap aman karena IP48 water &amp; dust resistance. #GalaxyZFlip7 #ItsTimeToUnfold #ExploreGalaxyWay","1961659998343516193","","OHMYV3NUS","in","","0","0","0","https://x.com/undefined/status/1961659998343516193","1958707455439118336",
"1961659414152454502","Sat Aug 30 05:17:04 +0000 2025","0","king finally turun gunung","1961659414152454502","","","in","","0","0","0","https://x.com/undefined/status/1961659414152454502","824880193890181120",
"1961573494753517614","Sat Aug 30 05:16:47 +0000 2025","0","@paivting Fenomena gaji DPR ibarat gunung es.... Sekarang baru heboh pdhl aslinya sudah lama. Dan Rakyat sudah muak dengan para wakil rakyat ","1961659340697604525","","paivting","in","","0","0","0","https://x.com/undefined/status/1961659340697604525","1542707764555698179",
"1959882297748205739","Sat Aug 30 05:16:07 +0000 2025","0","@OHMYV3NUS Mau ke gunung sambil hiking nggak khawatir sama debu karena ada IP48 water &amp; dust resistance di Galaxy Z Flip 7. #GalaxyZFlip7 #ItsTimeToUnfold #ExploreGalaxyWay","1961659174225678670","","OHMYV3NUS","in","","0","0","0","https://x.com/undefined/status/1961659174225678670","1958705457625014274",
"1961654091182170495","Sat Aug 30 05:16:06 +0000 2025","1","@arifbalikpapan1 Kira-kira buat apa ya kendaraan sebanyak ini sehari bisa gonta-ganti berapa kali makainya... Ya begitulah manusia diberikan satu gunung emas maka dia akan minta tambah lagi lagi dan lagi manusia tidak akan pernah puas.... Ya Rabb","1961659170622771239","","arifbalikpapan1","in","","0","0","0","https://x.com/undefined/status/1961659170622771239","1497748778690170880",
"1959882297748205739","Sat Aug 30 05:14:32 +0000 2025","0","@OHMYV3NUS Nanti aku bawa buat camping di gunung sambil bikin vlog Galaxy Z Flip 7 tetep aman berkat IP48 water &amp; dust resistance #GalaxyZFlip7 #ItsTimeToUnfold #ExploreGalaxyWay","1961658774000996744","","OHMYV3NUS","in","","0","0","0","https://x.com/undefined/status/1961658774000996744","1958704451742834688",
"1961657995063861524","Sat Aug 30 05:11:26 +0000 2025","0","males bgt main gunung ravika orang ny ngeselin bgt di tangga stlh cp 1","1961657995063861524","","","in","","1","0","0","https://x.com/undefined/status/1961657995063861524","1950935969680506883",
"1961657780793684003","Sat Aug 30 05:10:35 +0000 2025","0","Sikit masa lg gunung ledang naik jd gunung tertinggi kot.","1961657780793684003","","","in","","0","0","0","https://x.com/undefined/status/1961657780793684003","1827685765",
"1961657077434388755","Sat Aug 30 05:07:47 +0000 2025","7","anjay kumpul keluarga di puncak gunung https://t.co/yFYkcOStAY","1961657077434388755","https://pbs.twimg.com/media/Gzk0tzgagAAoYoR.jpg","","in","","0","0","1","https://x.com/undefined/status/1961657077434388755","482605220",
"1961657003610460568","Sat Aug 30 05:07:30 +0000 2025","1","pernah ngibarin merah putih di atap gunung rasanya sakit bgt lihat keadaan sekarang https://t.co/bH2PVgNNBy","1961657003610460568","https://pbs.twimg.com/media/Gzk0pisbkAMUJpN.jpg","","in","","0","0","0","https://x.com/undefined/status/1961657003610460568","1356416723029618689",
"1961305963891453999","Sat Aug 30 05:07:07 +0000 2025","0","@freshlimew gunung kotak udh ga bug lagi tangganya otw jadi dontol","1961656907049132166","","freshlimew","in","","0","0","0","https://x.com/undefined/status/1961656907049132166","1912482438066106369",
"1961642843673612729","Sat Aug 30 05:05:59 +0000 2025","0","@ceyyrries Freestyle sebelum naik gunung","1961656624931901503","","ceyyrries","in","","0","1","0","https://x.com/undefined/status/1961656624931901503","1941053335311994884",
"1961656531650580937","Sat Aug 30 05:05:39 +0000 2025","0","Kasus Affan ini cuma gunung es dari banyak ketidakadilan yang masyarakat rasakan dari ketidakhadiran fungsi polisi yang sebenar-benarnya.","1961656539724583188","","yutskhina","in","","0","1","0","https://x.com/undefined/status/1961656539724583188","98029799",
"1961633627944751586","Sat Aug 30 05:04:42 +0000 2025","0","@peacekarra pasti nonton gunung akhirat","1961656299420357108","","peacekarra","in","","0","1","0","https://x.com/undefined/status/1961656299420357108","1348534735249625089",
"1961655945794392305","Sat Aug 30 05:03:17 +0000 2025","2"," Hari ke-3 di Bali: masih debat kecil soal pilih pantai vs gunung tapi ujungnya ketawa bareng sambil makan nasi jinggo di pinggir jalan. Kadang liburan bukan soal tempat tapi soal siapa yang ada di sebelahmu","1961655945794392305","","","in","","0","0","0","https://x.com/undefined/status/1961655945794392305","1928819432991965184",
"1961618116624224632","Sat Aug 30 05:02:25 +0000 2025","0","@PaltiWest Kalau dia naik jangankan gedung dpr...gunung pun saya bakar","1961655725761204293","","PaltiWest","in","","0","0","0","https://x.com/undefined/status/1961655725761204293","2173331119",
"1961655438350717158","Sat Aug 30 05:01:16 +0000 2025","1","woi mau naik gunung","1961655438350717158","","","in","","0","0","0","https://x.com/undefined/status/1961655438350717158","1199935082061942785",
"1961654021787443707","Sat Aug 30 04:58:26 +0000 2025","1","@NOTASLIMBOY ke gunung kek bang panji bang","1961654723276419389","","NOTASLIMBOY","in","","0","0","0","https://x.com/undefined/status/1961654723276419389","1675651763733688320",
"1961654550731133311","Sat Aug 30 04:57:45 +0000 2025","3","gunung berapi yang bahaya adalah rakyat yang dah lama ditindas","1961654550731133311","","","in","","0","0","1","https://x.com/undefined/status/1961654550731133311","1619658974",
"1961654468795404295","Sat Aug 30 04:57:25 +0000 2025","0","ada gasi gunung di rl yg orang asma dan alergi dingin friendly","1961654468795404295","","","in","","0","1","0","https://x.com/undefined/status/1961654468795404295","1681210300157030400",
"1961654080289608193","Sat Aug 30 04:55:53 +0000 2025","2","I LOVE GUNUNG JAWIR!! Dabelyu Admin https://t.co/BuMSflwOVP","1961654080289608193","https://pbs.twimg.com/media/GzkxoqPbsAEJ2iA.jpg","","in","","0","1","0","https://x.com/undefined/status/1961654080289608193","1421455975253377026",
"1961653898911044075","Sat Aug 30 04:55:09 +0000 2025","0","hehe tengah malem kemarin berhasi naik gunung daun sendirian tanpa digendong orang. tumebnan banget jil biasa mentok di tangga sidjejr itu. https://t.co/Ip0aH7MZL0","1961653898911044075","https://pbs.twimg.com/media/Gzkx0YLbkAITkT-.jpg","","in","","0","1","0","https://x.com/undefined/status/1961653898911044075","1665238146",
"1961653803289375016","Sat Aug 30 04:54:47 +0000 2025","0","bete dasar gunung aneh APASIH MASA DITOLAK KAYU GENTAYANGAN NYEBELIN BGT mna ak no carry pride ️","1961653803289375016","","","in","","0","0","0","https://x.com/undefined/status/1961653803289375016","769959780056195072",
"1961653792048648533","Sat Aug 30 04:54:44 +0000 2025","3","Asah Profesionalisme Yonif 432 Kostrad Laksanakan Latihan Senjata Bantuan dan Drill Nis Blok Gunung Hutan https://t.co/ec3PizMSfq","1961653792048648533","https://pbs.twimg.com/media/GzkxuIjbIAAuhq3.jpg","","in","","0","1","1","https://x.com/undefined/status/1961653792048648533","702207679",
"1961446500724347024","Sat Aug 30 04:53:19 +0000 2025","0","@userxmlf lu pake baracuda ya ajg itu jg kerikil semua bukan gunung","1961653435645723030","","userxmlf","in","","0","0","0","https://x.com/undefined/status/1961653435645723030","61782782",
"1961637522368283017","Sat Aug 30 04:52:44 +0000 2025","0","@unicelounge Tololnya di sembunyiin dulu aja nderrr rakyat sudah capek","1961653289008980135","","unicelounge","in","","0","0","0","https://x.com/undefined/status/1961653289008980135","1935533242813468672",
"1961653251776106603","Sat Aug 30 04:52:35 +0000 2025","0","Ohhh tidak bisa ngana naek naek lu kata gunung naek naek ke puncak ‍↕️","1961653251776106603","","","in","","0","0","0","https://x.com/undefined/status/1961653251776106603","1567874310060281862",
"1961652919503057392","Sat Aug 30 04:51:16 +0000 2025","0","mlaku e ng jalan raya pak guduk ng gunung gendeng tenan lek golek alibi","1961652919503057392","","","in","","0","0","0","https://x.com/undefined/status/1961652919503057392","1089469289902436353",
"1961647766935163290","Sat Aug 30 04:49:49 +0000 2025","1","@biwllaaaa Aku yo melu gendeng tulonggg","1961652556049821738","","biwllaaaa","in","","0","0","0","https://x.com/undefined/status/1961652556049821738","1935533242813468672",
"1961363501756420146","Sat Aug 30 04:48:49 +0000 2025","0","@sidohoon gunung males tuh gunung yang suka rebahan kayak kamu yaaa?? EY KALAU ITU NANTI DULU YA BELUM GO","1961652303464665212","","sidohoon","in","","0","0","0","https://x.com/undefined/status/1961652303464665212","3160812632",
"1961642640740323493","Sat Aug 30 04:42:36 +0000 2025","0","@lipslyp Lagian itu si TNI Napa ikut turun gunung segala bukan tugasnya kocak","1961650738230350211","","kmholics","in","","0","0","0","https://x.com/undefined/status/1961650738230350211","1897485336709943296",
"1961650437431726493","Sat Aug 30 04:41:24 +0000 2025","1","tsunami lah tinggi tinggi gempalah kencang kencang meletuslah gunung gunung mati aja kita semua riset dri nol beneran aja biar sudah HAQIgua udh gapaham https://t.co/jAQSDONpih","1961650437431726493","https://pbs.twimg.com/media/GzkurGYb0AAubvr.jpg","","in","","0","1","0","https://x.com/undefined/status/1961650437431726493","1726926446424383488",
"1961650417970090235","Sat Aug 30 04:41:20 +0000 2025","3","ini gunung seru pool! (vibe nya agak mirip sama antartika apalagi pas diving) track nya emang panjang dan rintangan nya jg lumayan tp view nya cakeeep https://t.co/D9TXK6NRhT","1961650417970090235","https://pbs.twimg.com/media/GzkuqCHbkAAH8dJ.jpg","","in","","0","0","0","https://x.com/undefined/status/1961650417970090235","1682783475890528256",
"1961650365042196517","Sat Aug 30 04:41:07 +0000 2025","0","kangennya naik gunung ","1961650365042196517","","","in","","0","1","0","https://x.com/undefined/status/1961650365042196517","1108701539181355008",
"1961623059376607372","Sat Aug 30 04:40:43 +0000 2025","0","@_reginagata_ Juanda+Gunung Sari koyoke udah ada instruksi persiapan mbak kari diaba aba berangkat e kapan mbak","1961650265356194100","","_reginagata_","in","","0","1","0","https://x.com/undefined/status/1961650265356194100","306551745",
"1961642100954636379","Sat Aug 30 04:40:11 +0000 2025","0","@vitadewiw @e100ss Bisa lewat masjid agung jambangan karah gunung sari Bukit mas ....","1961650132325486829","","vitadewiw","in","","0","0","0","https://x.com/undefined/status/1961650132325486829","406724369",
"1961649805287199105","Sat Aug 30 04:38:53 +0000 2025","5","Bro pikir ini lagi nayangin OVJ...disana gunung disini gunung... ditengah-tengahnya...","1961649805287199105","","","in","","0","0","0","https://x.com/undefined/status/1961649805287199105","1142046433681395712",
"1961648379211153681","Sat Aug 30 04:38:33 +0000 2025","0","dari sekian banyak gunung ini yang paling seru omg https://t.co/DpM3oNv4sH","1961649721493405841","https://pbs.twimg.com/media/GzkuAgPbcAAwkHI.jpg","ikaeya","in","","0","0","0","https://x.com/undefined/status/1961649721493405841","1299360517962645505",
"1961649635631722956","Sat Aug 30 04:38:13 +0000 2025","0","saran gunung yg lebih susah https://t.co/acVLKTr7R5","1961649635631722956","https://pbs.twimg.com/media/Gzkt8m2bkAIcZlH.jpg","","in","","0","1","0","https://x.com/undefined/status/1961649635631722956","1772436162998923264",
"1960893712374096382","Sat Aug 30 04:35:58 +0000 2025","0","@_Jeonghanniyoon Ngyah ak suka mendaki gunung juga oppa tapi di rosbok","1961649070046634281","","_Jeonghanniyoon","in","","0","0","0","https://x.com/undefined/status/1961649070046634281","775746778050076673",
"1961636273485234400","Sat Aug 30 04:35:04 +0000 2025","0","@feigntokio pasitu aku kecanduan gag 10 hari main trus ada banyak gunung seru akhirnya.... lebih dari gag","1961648843856236920","","feigntokio","in","","0","0","0","https://x.com/undefined/status/1961648843856236920","845420940229947392",
"1961648743192883592","Sat Aug 30 04:34:40 +0000 2025","14","Jadi kangen muncak ke gunung Lawu terakhir kesana tahun 2021 sm mantan aku yg fisiknya mohon maaf ah sudahlah","1961648743192883592","","","in","","0","11","0","https://x.com/undefined/status/1961648743192883592","1733145006758912000",
"1961645534906913071","Sat Aug 30 04:33:49 +0000 2025","0","@meninthecornerx Literally Gunung yg pendek","1961648529920938320","","meninthecornerx","in","","0","1","0","https://x.com/undefined/status/1961648529920938320","1196686229904838656",
"1961648229612974311","Sat Aug 30 04:32:38 +0000 2025","0","Ihhhh gunung monyet","1961648229612974311","","","in","","0","0","0","https://x.com/undefined/status/1961648229612974311","2939016122",
"1944691967499415592","Sat Aug 30 04:32:19 +0000 2025","1","[ gunung Hanami ] 9/10 banyak spot fotoo dan cantik-cantikk dengan budaya Jepangnyaa. bisa carry &amp; rintangannya mayann susah https://t.co/DYPbKvrwXh","1961648152710451295","https://pbs.twimg.com/media/GzksmVEaIAEgc33.jpg","gurdyloaf","in","","0","1","0","https://x.com/undefined/status/1961648152710451295","1913453680294277120",
"1961614547867066394","Sat Aug 30 04:30:33 +0000 2025","0","@urgoddee @y0upiii aku dari pinang ranti ke gunung sahari kira kira aman ga yaa kak","1961647705849303243","","urgoddee","in","","0","1","0","https://x.com/undefined/status/1961647705849303243","1106156547585896448",
"1961642667236098347","Sat Aug 30 04:29:36 +0000 2025","0","@rezaimamri Sejak dahulu jalur panas anak2 STM tahun 90an sudah merasakan jalur panas ini setiap hari Intifadah berakhir di Gunung Sahari.","1961647468111888573","","rezaimamri","in","","0","1","0","https://x.com/undefined/status/1961647468111888573","3186026551",
"1961647140520038630","Sat Aug 30 04:28:18 +0000 2025","0","Mimpi naik gunung gara2 semalem manjat bareng han sm khai ffs","1961647140520038630","","","in","","0","0","0","https://x.com/undefined/status/1961647140520038630","1936440911875174400",
"1961645534906913071","Sat Aug 30 04:27:41 +0000 2025","0","@meninthecornerx Gunung putih memang menakjubkan ","1961646985926348947","","meninthecornerx","in","","0","1","0","https://x.com/undefined/status/1961646985926348947","1935696523129692160",
"1961554470497562707","Sat Aug 30 04:27:29 +0000 2025","0","@iteramfs Kakk di busa pustaka mau nyumbangin baju layak pakai untuk masyarakat di gunung. Aku mau nyumbang kesana.","1961646934130839694","","iteramfs","in","","0","0","0","https://x.com/undefined/status/1961646934130839694","909049132785967104",
"1959882297748205739","Sat Aug 30 04:26:00 +0000 2025","0","@OHMYV3NUS Jalan-jalan ke gunung atau pantai jadi lebih tenang karena #GalaxyZFlip7 punya IP48 Water &amp; Dust Resistance. #ItsTimeToUnfold #ExploreGalaxyWay","1961646562301677879","","OHMYV3NUS","in","","0","0","0","https://x.com/undefined/status/1961646562301677879","1734116549336989696",
"1961643035948978204","Sat Aug 30 04:11:59 +0000 2025","8","as someone yang pernah pake masker itu buat naik gunung: terlalu berat mudah rusak dan bisa sesak kalo ga pake dengan proper. not to mention sangat mahal yang berujung ke inefisiensi + pencurian barang ","1961643035948978204","","","in","","0","2","1","https://x.com/undefined/status/1961643035948978204","1412640466793689089",
"1961398161647555054","Sat Aug 30 04:11:50 +0000 2025","0","@realfedinuril @ardiratullah @ListyoSigitP AHAHAH akhirnya turun gunung bang","1961642994098221222","","realfedinuril","in","","0","0","0","https://x.com/undefined/status/1961642994098221222","1788227806104862720",
"1961642640740323493","Sat Aug 30 04:10:25 +0000 2025","0","TNI malah ikut turun gunung? Stres stres stres","1961642640740323493","","","in","","0","1","0","https://x.com/undefined/status/1961642640740323493","1897485336709943296",
"1961601742736691345","Sat Aug 30 04:09:57 +0000 2025","0","@DKIJakarta Bang Rano turun gunung dooong.. Menurut gue bang Rano figur yg cocok utk meredakan demo anarkis.. ","1961642523287588984","","DKIJakarta","in","","0","1","0","https://x.com/undefined/status/1961642523287588984","405490702",
"1961642464990629972","Sat Aug 30 04:09:43 +0000 2025","0","Gubung sibuatan mau siang mau malem gelap banget coy. Bikin males main Ada rekomendasi map gunung yg seru gaa","1961642464990629972","","","in","","0","0","0","https://x.com/undefined/status/1961642464990629972","788774051074281472",
"1959514899299922190","Sat Aug 30 04:06:21 +0000 2025","0","@Songhoon @sunoowim pamit ah main gunung anjirt.","1961641615526957103","","Songhoon","tl","","0","1","0","https://x.com/undefined/status/1961641615526957103","786780209726955520",
"1961641545318490610","Sat Aug 30 04:06:04 +0000 2025","0","HOK CUHHH kok ada beginian jing map gunung https://t.co/BEbiVSW03V","1961641545318490610","https://pbs.twimg.com/media/Gzkmlv6bkAMZIZ-.jpg","","in","","0","1","0","https://x.com/undefined/status/1961641545318490610","1313418439604666368",
"1961641095294861623","Sat Aug 30 04:04:17 +0000 2025","0","@TheOculis lucu banget.. kaya lagi summit ke gunung! makanan and minuman harus dicatat dan total yang dibawa naik = dibawa turun. :3","1961641095294861623","","TheOculis","in","","0","0","0","https://x.com/undefined/status/1961641095294861623","930647484",
"1961536950340391036","Sat Aug 30 04:03:36 +0000 2025","0","@jokoprabowo88 @Dennysiregar7 Ahhh...g usah jauh².. Minta arahan Firdaus O..kenama : 1. Bintang 5 2. Gelar segambreng 3. Punya gunung.. Keraguan apa lagi yang di dustakan..?? ","1961640922606940539","","jokoprabowo88","in","","0","0","0","https://x.com/undefined/status/1961640922606940539","996644029348560897",
"1961639522728558753","Sat Aug 30 04:03:32 +0000 2025","0","@lyliafterlight atin gunung atin","1961640908832845951","","lyliafterlight","tl","","0","1","0","https://x.com/undefined/status/1961640908832845951","1950543881420079105",
"1961640836871118883","Sat Aug 30 04:03:15 +0000 2025","1","setelah gunung sibuatan terbitlah si gunung atin dg segala keemosianya","1961640836871118883","","","in","","1","3","0","https://x.com/undefined/status/1961640836871118883","1950543881420079105",
"1961640368073744633","Sat Aug 30 04:01:23 +0000 2025","0","Dalang dalang dalang siapa?parto? Disana gunung disini gunung ","1961640368073744633","","","tl","","0","0","0","https://x.com/undefined/status/1961640368073744633","1064196297068953600",
"1961637991061098805","Sat Aug 30 04:01:23 +0000 2025","2","@suoheiwajima di sana gunung di sini gunung di tengah2nya pemerintah dungu","1961640367478190297","","suoheiwajima","in","","0","1","0","https://x.com/undefined/status/1961640367478190297","1114076638365356032",
"1961601831785959695","Sat Aug 30 03:59:26 +0000 2025","0","@ASAENOX Sengaja karena suka gunung.","1961639877122109886","","ASAENOX","in","","0","1","0","https://x.com/undefined/status/1961639877122109886","2994113022",
"1961638457404694551","Sat Aug 30 03:57:58 +0000 2025","0","@matchacheze selain gunung ikut kak","1961639504961581561","","matchacheze","in","","0","1","0","https://x.com/undefined/status/1961639504961581561","191323565",
"1961639495306187040","Sat Aug 30 03:57:55 +0000 2025","1","#Global Selama 318 tahun tidak pernah meletus Gunung Fuji di Jepun baru-baru ini digambarkan mengalami letusan dahsyat menerusi siaran video dikongsi pihak berkuasa. https://t.co/7VLZEaZDci","1961639495306187040","","","in","","0","0","0","https://x.com/undefined/status/1961639495306187040","63070015",
"1961639464557797713","Sat Aug 30 03:57:48 +0000 2025","0","Demi tuhan dan ci kopi panas waktu si Stipen leungit ya si aku lagi BERJIBAKU ngelawan mie rebus yang meluap di kompor karena pake endog airnya udah kayak lahar Gunung Merapiii sumpah fokusku cuma nyelametin panci bukan maling ayam ‼️ #GSPMalingMisiDua https://t.co/l8IbSEziQH","1961639464557797713","https://pbs.twimg.com/media/GzkksDZagAEB-_c.jpg","","in","","1","1","0","https://x.com/undefined/status/1961639464557797713","741204137858072582",
"1961354443472949497","Sat Aug 30 03:56:44 +0000 2025","0","Cianjur 29 Agustus 2025 Lapas Kelas IIB Cianjur melaksanakan kegiatan pemindahan sebanyak 17 orang warga binaan ke Lapas Narkotika Kelas IIA Gunung Sindur. https://t.co/p8Dej2FsVs","1961639194620825619","https://pbs.twimg.com/media/GzkkIqHbsAASNjk.jpg","lapas_cianjur","in","","0","1","0","https://x.com/undefined/status/1961639194620825619","1532888647518887938",
"1961638844824261010","Sat Aug 30 03:55:20 +0000 2025","0","dia pengen jadi presiden biar bisa balik ke titiek trus naik gunung abis itu KEMBALILAH KEPADAKU TITIEK eh dia baliknya gelinding abis itu makan jagung bakar deh","1961638844824261010","","","in","","0","0","0","https://x.com/undefined/status/1961638844824261010","1484026219775807489",
"1961610001975501183","Sat Aug 30 03:55:02 +0000 2025","0","@Inesandi_ bukannya itu gunung lagi meriang... kemarin kedengeran lagi batuk2 terus Mbak Makase @Inesandi_ ","1961638766705266776","","Inesandi_","in","","0","1","0","https://x.com/undefined/status/1961638766705266776","1510533317744947203",
"1961636522689778101","Sat Aug 30 03:52:10 +0000 2025","0","@rockstarilla lg di gunung sibuatan","1961638047424127184","","rockstarilla","in","","0","0","0","https://x.com/undefined/status/1961638047424127184","1718953577300000769",
"1961551952334008736","Sat Aug 30 03:51:36 +0000 2025","0","@Karuhunisme @sbyfess Lewat juanda iso mas lewat merr lurus mentok arah gunung anyar/rungkut -&gt; sedati -&gt; pocan -&gt; juanda","1961637904767488206","","Karuhunisme","in","","0","0","0","https://x.com/undefined/status/1961637904767488206","1253587221258489856",
"1961632562587042197","Sat Aug 30 03:51:32 +0000 2025","0","@archineo yah baru mau ngajak mendaki gunung","1961637885788262401","","archineo","in","","0","1","0","https://x.com/undefined/status/1961637885788262401","1229348293873811456",
"1961637642405384603","Sat Aug 30 03:50:34 +0000 2025","0","SEREM BANGET NI GUNUNG https://t.co/Stk5g4ekQm","1961637642405384603","https://pbs.twimg.com/media/GzkjCTJbkAIVd6t.jpg","","in","","0","0","0","https://x.com/undefined/status/1961637642405384603","921736419134947328",
"1961629747202400608","Sat Aug 30 03:49:20 +0000 2025","0","@roblox_fess gunung yg mnurutku aman buat minplush cmn daun sm antrik sih nder","1961637334883209221","","roblox_fess","in","","0","0","0","https://x.com/undefined/status/1961637334883209221","1507413589652819971",
"1961637253375300014","Sat Aug 30 03:49:01 +0000 2025","0","MAU MAU MAU TAPI SYARATNYA TURUN GUNUNG HARUS UDH GA RELAPSE https://t.co/Ur1TaqGaWy","1961637253375300014","https://pbs.twimg.com/media/Gzkirr-bkAEGwk3.jpg","","in","","0","1","0","https://x.com/undefined/status/1961637253375300014","1893376660151640064",
"1961592450646262157","Sat Aug 30 03:46:52 +0000 2025","1","@NgkongRoses Fenomena gunung es.","1961636711093735846","","NgkongRoses","in","","0","0","1","https://x.com/undefined/status/1961636711093735846","931278234",
"1961636581246423285","Sat Aug 30 03:46:22 +0000 2025","0","Percuma ges kalian anarkis semestara puncak gunung esnya malah kabur ke luar negeri. Itu malah semakin memudahkan provokator dan perpecahan yang harusnya kita bersatu.","1961636589211455927","","zienszh","in","","0","0","0","https://x.com/undefined/status/1961636589211455927","1539105148852908032",
"1961636581246423285","Sat Aug 30 03:46:21 +0000 2025","0","Anarkisme sama sama ga bisa menjadi solusi ges. Kalo emg mau bunuh bunuhan bunuh aja langsung puncak gunung esnya jgn orang di bawahnya yang juga sama seperti kalian hidup turut mencari nafkah ikut menjadi korban hanya sekedar mereka berada tempat itu.","1961636581246423285","","","in","","0","1","0","https://x.com/undefined/status/1961636581246423285","1539105148852908032",
"1961636570307727803","Sat Aug 30 03:46:18 +0000 2025","0","3 gunung udah aku lewatin bersama kiu dan gebetannya itu.","1961636570307727803","","","in","","0","0","0","https://x.com/undefined/status/1961636570307727803","771246029396029440",
"1961236469546455490","Sat Aug 30 03:45:11 +0000 2025","0","@heesetung YAGATAW MAH GUNUNG ORGIL JIR","1961636289822007366","","heesetung","in","","0","1","0","https://x.com/undefined/status/1961636289822007366","884147081853624321",
"1961627490574897458","Sat Aug 30 03:44:07 +0000 2025","0","@sungchanzo kawah gunung.","1961636021852123496","","sungchanzo","in","","0","0","0","https://x.com/undefined/status/1961636021852123496","1358755773539446790",
"1961635934895550699","Sat Aug 30 03:43:46 +0000 2025","0","adting gw naik gunung aja gw keingetnya gunung di roblox","1961635934895550699","","","in","","0","0","0","https://x.com/undefined/status/1961635934895550699","2495815734",
"1961635650563887232","Sat Aug 30 03:42:39 +0000 2025","0","Wapres Gibran 'Turun Gunung' Jenguk Para Korban Akibat Kekerasan Aparat saat Amankan Demo #gibran #demo #beritaterkini https://t.co/pX8w8hnMtW","1961635650563887232","","","in","","0","0","0","https://x.com/undefined/status/1961635650563887232","1892110442090332162",
"1961635395256328487","Sat Aug 30 03:41:38 +0000 2025","0","kirain kenapa hri ini ga merah ternyata sabtu wkwkw","1961635395256328487","","","in","","0","0","0","https://x.com/undefined/status/1961635395256328487","1105778609409552384",
"1961635014514184649","Sat Aug 30 03:40:07 +0000 2025","0","AKU NAMATIN GUNUNG AKHIRAT WKWKAKKA","1961635014514184649","","","in","","0","0","0","https://x.com/undefined/status/1961635014514184649","1480790240788762628",
"1959882297748205739","Sat Aug 30 03:39:38 +0000 2025","0","@OHMYV3NUS Galaxy Z Flip 7 aman di gunung &amp; ga masalah kena hujan karena ada IP48 Water &amp; Dust Resistance #GalaxyZFlip7 #ItsTimeToUnfold #ExploreGalaxyWay","1961634890778108343","","OHMYV3NUS","in","","0","0","0","https://x.com/undefined/status/1961634890778108343","1944549748100501504",
"1961634832431136856","Sat Aug 30 03:39:24 +0000 2025","0","@givyuu when summit gunung akhirat lagi sama aku? makasih ya kiu atas rekomendasi gunungnya yg monyd abis itu @antoelee https://t.co/F8ZSrUTDyj","1961634832431136856","https://pbs.twimg.com/media/Gzkge1MaIAAg00y.jpg","givyuu","in","","0","1","0","https://x.com/undefined/status/1961634832431136856","771246029396029440",
"1961634285200322794","Sat Aug 30 03:37:13 +0000 2025","0","2 gunung bikin mual https://t.co/A4fCVNScJv","1961634285200322794","https://pbs.twimg.com/media/Gzkf_CMbkAIfW1K.jpg","","in","","0","0","0","https://x.com/undefined/status/1961634285200322794","1849639258283544576",
"1961633543907676549","Sat Aug 30 03:34:16 +0000 2025","0","pencapaian terbesar hiduf enih selain berhasil summit gunung roblox never been interested in civil servants dan gx fernah sk keluarga fencuci dan fenjilat especially org enih.","1961633543907676549","","","in","","0","0","0","https://x.com/undefined/status/1961633543907676549","1133603657029545984",
"1961604056532582520","Sat Aug 30 03:32:15 +0000 2025","0","@raylenehil semuanya gunung pun jg","1961633034945638465","","raylenehil","in","","0","1","0","https://x.com/undefined/status/1961633034945638465","1117354680877666305",
"1961614547867066394","Sat Aug 30 03:31:38 +0000 2025","0","@dillalafyu @y0upiii Mangga dua kalo lewat kemayoran - gunung sahari harusnya aman kak blm di blokade yg arah kemayoran","1961632880615952865","","dillalafyu","in","","0","2","0","https://x.com/undefined/status/1961632880615952865","1014835691761487872",
"1961631774603448526","Sat Aug 30 03:27:15 +0000 2025","1","Patut la ada hiker tanya aku training load ke masa naik Gunung Bunga Buah. Sebab beg aku berat jugak la whenever I hike. Aku cakap tak hiking biasa je lol. Apa taknya bawak botol maggi first aid kit muscle spray tarp semua bawak. Naning nanti bawak bladder basic aid je.","1961631774603448526","","","in","","0","2","0","https://x.com/undefined/status/1961631774603448526","94277457",
"1961629747202400608","Sat Aug 30 03:25:04 +0000 2025","0","@roblox_fess aman di antartica doang gunung lain kadang kesusahan","1961631228898971851","","roblox_fess","in","","0","0","0","https://x.com/undefined/status/1961631228898971851","1904247157697478656",
"1961100533579849834","Sat Aug 30 03:24:24 +0000 2025","1","@AulFidz @Brokenbtch2 @pyeori_palm Padahal dingin itu jauh lebih mematikan orang yg meninggal karna hipotermia bahkan bisa terjadi di tempat yg tidak bersalju sama sekali contohnya di atas gunung. Suruh orang itu cari data seberapa banyak pendaki yg meninggal karna hipotermia?","1961631057121305070","","AulFidz","in","","0","0","0","https://x.com/undefined/status/1961631057121305070","1915307041301909504",
"1961628631140344271","Sat Aug 30 03:22:16 +0000 2025","0","@reiichandesu sudah saatnya trabas gunung","1961630524172021763","","reiichandesu","in","","0","1","0","https://x.com/undefined/status/1961630524172021763","1820022265083461632",
"1961584090999918895","Sat Aug 30 03:22:14 +0000 2025","0","@vaespc di gunung ini kk","1961630515192369556","","vaespc","in","","0","0","0","https://x.com/undefined/status/1961630515192369556","1636735469953368067",
"1961594347616702736","Sat Aug 30 03:21:19 +0000 2025","0","@calebvoc ini gas dari gunung vulkanik apa gimana sie aNJAY ","1961630283368898997","","calebvoc","in","","0","1","0","https://x.com/undefined/status/1961630283368898997","1639651064722108417",
"1961627490574897458","Sat Aug 30 03:20:06 +0000 2025","0","@sungchanzo ada gunung.","1961629978761596999","","sungchanzo","in","","0","0","0","https://x.com/undefined/status/1961629978761596999","1358755773539446790",
"1961629898532855827","Sat Aug 30 03:19:47 +0000 2025","1","kemarin yy ke gunung wibu bersama @imhisdaisy https://t.co/4EwCyUK8RO","1961629898532855827","https://pbs.twimg.com/media/Gzkb-O4bkAIociY.jpg","","in","","0","2","1","https://x.com/undefined/status/1961629898532855827","1945854486444228608",
"1961629747202400608","Sat Aug 30 03:19:11 +0000 2025","147","!roblox HELP! pengen pake ava mini cuma katanya sering nyangkut di tangga2 gunung :( kalian yang pake ava mini aman kah di gunung???","1961629747202400608","","","in","","19","146","2","https://x.com/undefined/status/1961629747202400608","1903872646678470656",
"1961629523390431744","Sat Aug 30 03:18:18 +0000 2025","0","Menjalankan misi nyicip semua gunung roblox. https://t.co/Nb1iUWHaBA","1961629523390431744","https://pbs.twimg.com/media/Gzkbp6obwAAqMKa.jpg","","in","","0","0","0","https://x.com/undefined/status/1961629523390431744","1344480254",
"1961629365487452386","Sat Aug 30 03:17:40 +0000 2025","0","Pengen ke gunung agung ","1961629365487452386","","","in","","0","1","0","https://x.com/undefined/status/1961629365487452386","1233476734000828416",
"1961604105295569275","Sat Aug 30 03:17:11 +0000 2025","0","@deaauliafrds Momeh pun ikut turun gunung kasih paham ketuaaaa","1961629243579990028","","deaauliafrds","in","","0","0","0","https://x.com/undefined/status/1961629243579990028","881118983033831425",
"1961337201788137697","Sat Aug 30 03:16:00 +0000 2025","3","@Gunung_Agoeng @kitty_gandalf @VDSyst3msX @blackshark7890 @blank0429 @JanissaryD_Last Iyain aja. Btw main dong sini ke benteng sama glodok. Dikira tionghoa tinggalnya di PIK BSD doang. Klo soal tambang mau nanya hasnur sama haji isam itu tionghoa bukan? dan juga kita semua yang ada di Indo ini imigran semua kok asalnya. Makanya belajar yg bener jgn cabut terus.","1961628944010182721","","Gunung_Agoeng","in","","0","1","0","https://x.com/undefined/status/1961628944010182721","1081162781322137601",
"1961628905934393645","Sat Aug 30 03:15:51 +0000 2025","0","sumpah enak bgt ril nanjak trs sepi.. tp agak serem kaya gunung bnran w kalo pas lg sendiri takut jir makanya selalu nengok belakang https://t.co/kaHkjSWwU7","1961628905934393645","https://pbs.twimg.com/media/GzkbFvZbkAA7ucC.jpg","","in","","0","1","0","https://x.com/undefined/status/1961628905934393645","1896943763513360384",
"1961628056910794990","Sat Aug 30 03:12:28 +0000 2025","0","harimau putih udah turun gunung tapi jejak siapa yang menuntunnya masih samar. Penjaga bayangan bukalah mata jangan biarkan kumbang terus menari di balik gelap.","1961628056910794990","","","in","","0","0","0","https://x.com/undefined/status/1961628056910794990","1437709808023441409",
"1961627877344227697","Sat Aug 30 03:11:45 +0000 2025","1","GUAH MAU NAIK GUNUNG ROBLOK AAAAAAAA","1961627877344227697","","","in","","0","1","0","https://x.com/undefined/status/1961627877344227697","878144476035727360",
"1961627853189157180","Sat Aug 30 03:11:40 +0000 2025","1","Naik perahu jangan lupa dayung Cek info gelombang biar aman di gunung Halo #SobatBMKG Mimin punya info penting buat kalian yang beraktivitas di laut nih! Diprediksi adanya potensi gelombang sedang (1.25 2.5 m) di 19 wilayah dan gelombang tinggi (2.5 4.0 m) di 12 https://t.co/L445McaTAP","1961627853189157180","https://pbs.twimg.com/media/GzkaGutbkAEiQs4.jpg","","in","","0","0","0","https://x.com/undefined/status/1961627853189157180","3063804174",
"1960883601295466892","Sat Aug 30 03:10:20 +0000 2025","0","@kimncyeon Main roblok tuh emang buat naik gunung doang??","1961627519385571672","","kimncyeon","in","","0","1","0","https://x.com/undefined/status/1961627519385571672","1740628716483678208",
"1961627255928762649","Sat Aug 30 03:09:17 +0000 2025","0","GUNUNG APASIH GUNUNG ATIN ITU KOSYAK","1961627255928762649","","","in","","0","1","0","https://x.com/undefined/status/1961627255928762649","1366077624376717319",
"1961592943179137276","Sat Aug 30 03:08:10 +0000 2025","0","@najongabiezZ najongabiezz turun gunung","1961626975048798621","","najongabiezZ","in","","0","1","0","https://x.com/undefined/status/1961626975048798621","770657979053977600",
"1961626735814025417","Sat Aug 30 03:07:13 +0000 2025","0","PENCAPAIAN gw bulan agustus ini: berhasil summit Olympus summit gunung daun 12× summit gunung atin 17× push 99 nights in the forest sampe 900+days","1961626735814025417","","","in","","0","1","0","https://x.com/undefined/status/1961626735814025417","1608883579983134724",
"1961625582552453187","Sat Aug 30 03:05:53 +0000 2025","0","Molah rule kedak org mok hike gunung kinabalu jak","1961626397275033706","","royol_stout","in","","0","1","0","https://x.com/undefined/status/1961626397275033706","627879181",
"1960885050872095183","Sat Aug 30 03:03:49 +0000 2025","0","@GianVialli @ARSIPAJA Ngadu layangan di gunung teu apal waktu wanci maghrib jadi dibawa ku kunci nepi leungit huntu na","1961625879970509170","","GianVialli","in","","0","0","0","https://x.com/undefined/status/1961625879970509170","1121558130",
"1961625840581841078","Sat Aug 30 03:03:40 +0000 2025","0","Malah ngeyume sama kambing gunung. ","1961625840581841078","","","in","","0","0","0","https://x.com/undefined/status/1961625840581841078","1907799399167909888",
"1961610001975501183","Sat Aug 30 03:02:46 +0000 2025","0","@Inesandi_ Gunung everest yaa...Mbak Suhu @Inesandi_ yuuk kita kesana !!","1961625614663942166","","Inesandi_","in","","0","1","0","https://x.com/undefined/status/1961625614663942166","1510533317744947203",
"1961625601774874739","Sat Aug 30 03:02:43 +0000 2025","0","benci banget naik gunung di roblox kalau ketemu tangga inul.","1961625601774874739","","","in","","0","0","0","https://x.com/undefined/status/1961625601774874739","1662412622703267840",
"1961625589498155456","Sat Aug 30 03:02:40 +0000 2025","0","semalem naik gunung akhirat trs gue digendong sm abang2. abangnya pantang menyerah bngt dri awal smpe mau ke akhir cp bhkn dia sm tmnnya rela saling tungguan demi gendongin gue tp gue ga ngikutin smpe summit krna udh ngantuk parah WKWKK https://t.co/yQItt1mIMt","1961625589498155456","https://pbs.twimg.com/ext_tw_video_thumb/1961625471080423424/pu/img/8Yyg2ORN9u2d1Pwf.jpg","","in","","0","0","0","https://x.com/undefined/status/1961625589498155456","1910644178822037504",
"1961259888010793321","Sat Aug 30 03:01:43 +0000 2025","0","@7jenoed Gunung nak yg banyak buahnya","1961625350145995258","","7jenoed","in","","0","1","0","https://x.com/undefined/status/1961625350145995258","1746803989730275328",
"1961579628297867627","Sat Aug 30 03:00:55 +0000 2025","0","@hdsambodo @InnaFaqis @txtdrimedia @DPR_RI @puanmaharani_ri Ya klo ini mah statusnya udah raja yak jarang jarang turun gunung jadi skalinya turun langsung disambut","1961625151365316985","","hdsambodo","in","","0","0","0","https://x.com/undefined/status/1961625151365316985","959446387996868609",
"1961624553387692343","Sat Aug 30 02:58:33 +0000 2025","0","Gunung meletus menyemburkan api api menyuburkan tanah.","1961624553387692343","","","in","","0","0","0","https://x.com/undefined/status/1961624553387692343","103574420",
"1961256932624535776","Sat Aug 30 02:58:14 +0000 2025","0","@abu_waras Tidak perlu ada pembahasan cukup lihat kerjanya dan kalau gagal rakyat langsung turun gunung","1961624474782163393","","abu_waras","in","","0","0","0","https://x.com/undefined/status/1961624474782163393","1876215604962799616",
"1961623702979678440","Sat Aug 30 02:55:10 +0000 2025","0","Berhasil naik gunung daun berkat digendong makasi kakak onlen wkwkkw https://t.co/fjJ2RUNI2x","1961623702979678440","https://pbs.twimg.com/media/GzkWW9eaMAAapJA.jpg","","in","","0","0","0","https://x.com/undefined/status/1961623702979678440","1176740353606504450",
"1961621492199809079","Sat Aug 30 02:54:24 +0000 2025","1","@roblox_fess Abis jembatan anginn kan ada naik gunung apaya lupa nah jgn naik tp turun ke belakang","1961623509802913846","","roblox_fess","in","","0","0","0","https://x.com/undefined/status/1961623509802913846","924069358317461504",
"1961623296446710144","Sat Aug 30 02:53:33 +0000 2025","26","!roblox ternyata apa yang orang orang bilang soal gendong mengendong di gunung bener gais aku ce liat para yang belum pernah submit aku udah kasih papan ojek ojek dan sebelah aku ada 1 cowo ada beberapa yang antri ce juga giliran aku klik gendong rata rata pada ke cwk","1961623296446710144","","","in","","9","54","1","https://x.com/undefined/status/1961623296446710144","1903872646678470656",
"1961623001033478353","Sat Aug 30 02:52:23 +0000 2025","0","Triggernya yah korban jiwa ini om puncak gunung es ini sih. Ane yakin juga ada makna terselubung","1961623001033478353","","","in","","0","0","0","https://x.com/undefined/status/1961623001033478353","80451777",
"1961353485527445731","Sat Aug 30 02:52:04 +0000 2025","0","Mereka udh terlanjur cuan di btc jd mereka abai dengan kerentanan btc baik dari security budget kurang terdesentralisasi karena ada channel LN yang punya pipa segede gunung jd org tergantung sama itu tp ini ga gw bahas disini ya btc lemot ga relevan sama perkembangan skrg","1961622920813523429","","kaspa_indo","in","","0","1","0","https://x.com/undefined/status/1961622920813523429","1854694229316190211",
"1961281708998988013","Sat Aug 30 02:51:43 +0000 2025","0","@Hullulemonade @vomdori Gajadi dia naik gunung atin gw sdh menganggap puncak gunung atin ada di cp 3","1961622835467845898","","Hullulemonade","in","","0","0","0","https://x.com/undefined/status/1961622835467845898","1245381860231766018",
"1961612116995317832","Sat Aug 30 02:50:12 +0000 2025","1","@nadiah_della Selama king ibul gak turun gunung all in kimseo","1961622450367586653","","nadiah_della","in","","0","1","0","https://x.com/undefined/status/1961622450367586653","28302169",
