"conversation_id_str","created_at","favorite_count","full_text","id_str","image_url","in_reply_to_screen_name","lang","location","quote_count","reply_count","retweet_count","tweet_url","user_id_str","username"
"1895624218479640848","Fri Feb 28 23:56:47 +0000 2025","64","Menarik soalan ni Kepada Pakar Pakar Geologi kat X ni Kita punya gunung dan bukit sesuai ke untuk bina pangkalan tentera dalam gunung macam kat US? Macam bawah tanah mungkin boleh sebab kita ada je buat fasiliti bawah tanah macam MRT dan Terowong SMART Tapi dalam gunung tak","1895624218479640848","","","in","","5","8","5","https://x.com/undefined/status/1895624218479640848","2194068895",
"1895619477657821327","Fri Feb 28 23:50:48 +0000 2025","6","@Marchfoward Military airbase bawah tanah/gunung possible ka boleh bina?","1895622713756328141","","Marchfoward","in","","1","2","0","https://x.com/undefined/status/1895622713756328141","1716247616877666304",
"1895579346301292705","Fri Feb 28 23:48:36 +0000 2025","1","Sebelum melompat mereka berkata dengan lantang jika mereka bersalah maka gunung tersebut tidak akan meletus tetapi jika mereka berdua tidak bersalah maka gunung tersebut akan meletus. Kisah ini pun berakhir dengan meletusnya Gunung Sitinjau sehingga membuktikan keduanya","1895622157801316693","","panjxat","in","","0","1","0","https://x.com/undefined/status/1895622157801316693","1734904938239868928",
"1895591172225319347","Fri Feb 28 23:44:05 +0000 2025","0","@rafiq_erouck wkkw punya gunung","1895621022294114502","","rafiq_erouck","in","","0","0","0","https://x.com/undefined/status/1895621022294114502","1370394626884997121",
"1895228354972000485","Fri Feb 28 23:43:39 +0000 2025","0","@Zeayuu Gunung yang sangat sulit untuk didaki","1895620913498075295","","Zeayuu","in","","0","0","0","https://x.com/undefined/status/1895620913498075295","1826201671908896768",
"1895579346301292705","Fri Feb 28 23:43:35 +0000 2025","1","Para bujang ini menuduh hubungan yang terjadi antara keduanya telah melampaui batas norma masyarakat. Dengan tuduhan yang dilontarkan oleh kesembilan saudaranya sang gadis beserta kekasihnya kemudian bersumpah. Keduanya akan melompat ke kawah Gunung Tinjau (Sitinjau) untuk","1895620896423051749","","panjxat","in","","0","1","0","https://x.com/undefined/status/1895620896423051749","1734904938239868928",
"1895579346301292705","Fri Feb 28 23:38:20 +0000 2025","1","Menurut sejarahnya danau ini terbentuk akibat erupsi vulkanik dari Gunung Sitinjau yang terjadi kurang lebih 52.000 tahun yang lalu. Kaldera yang terbentuk sedemikian luas kemudian berkembang menjadi sebuah danau. Hal ini sama seperti yang terjadi pada Danau Toba di Sumatra","1895619576286900495","","panjxat","in","","0","1","0","https://x.com/undefined/status/1895619576286900495","1734904938239868928",
"1895619332513862060","Fri Feb 28 23:37:22 +0000 2025","0","Negara dlm negara dikuasai oligarki gunung es via program2 bonekanya Alhamdulillah program bonekanya utk 2024&gt;plan A-B nya gagal alhasil ngamuk tak bertepi hrs segera diesksekusi","1895619332513862060","","","in","","0","0","0","https://x.com/undefined/status/1895619332513862060","1884101633656905730",
"1895606633944006810","Fri Feb 28 23:36:29 +0000 2025","0","[19] ️‍️ Sekarang Kejagung lagi usut dalem. Udah sita dokumen duit cash dan cek rekening luar negeri. Tapi pertanyaannya: apa cukup cuma 9 tersangka? Ini kayak gunung es bro. Big boss-nya harus kebongkar! #Pertamina","1895619112229093811","","rindrakari","in","","0","1","0","https://x.com/undefined/status/1895619112229093811","37704733",
"1895617415628931220","Fri Feb 28 23:29:45 +0000 2025","2","perubahan coping mechanism dari touched myself ke naik gunung #positivity","1895617415628931220","","","in","","0","2","1","https://x.com/undefined/status/1895617415628931220","1858887405559742464",
"1895326639422349615","Fri Feb 28 23:25:03 +0000 2025","0","@catur_fx @StefanAntonio__ Gak boleh su'udzon bang wkwkwkwkwwkwk Masih ada firdaus yg punya gunung uranium. Santai nanti kita minta bantuan dia","1895616231279051232","","catur_fx","in","","0","0","0","https://x.com/undefined/status/1895616231279051232","600917952",
"1894396643602305057","Fri Feb 28 23:21:17 +0000 2025","0","@subairiubay93 @WempiF90099 @XC1R3NG Tolol amat luh bubarin Petral tapi korupsinya pindah ke Patra. Yg dia angkat di Petra pun bukan orang bersih malah orang2 mantan Petral termasuk anaknya si Riza chalid. Tololmu harus dibawa ke gunung kawi biar diobatin disana.","1895615283504824405","","subairiubay93","in","","0","1","0","https://x.com/undefined/status/1895615283504824405","1006840774502146049",
"1894396035558248839","Fri Feb 28 23:19:39 +0000 2025","0","@novmbrgurl11 Iya orang Hindu Bali percaya daerah gunung adalah daerah sangat suci","1895614873062817896","","novmbrgurl11","in","","0","0","0","https://x.com/undefined/status/1895614873062817896","1604083921905364994",
"1895239252050616819","Fri Feb 28 23:14:49 +0000 2025","0","@Zeayuu ehh itu bentuk gunung nya unik","1895613656181981359","","Zeayuu","in","","0","0","0","https://x.com/undefined/status/1895613656181981359","1656404265727057920",
"1895239252050616819","Fri Feb 28 23:11:04 +0000 2025","0","@Zeayuu jadi tau fakta tntng gunung ini","1895612714158080479","","Zeayuu","in","","0","0","0","https://x.com/undefined/status/1895612714158080479","1084003665898135558",
"1881637162342654184","Fri Feb 28 23:04:48 +0000 2025","0","@pu_jalan_jtgdiy @merapi_uncover @LaporGub_ jalan kr santri jalur masuk/keluar bis ke makam gunung pring muntilan https://t.co/pC24gUrGi6 https://t.co/G9pd96Eofj","1895611136885788739","https://pbs.twimg.com/media/Gk6QSEeawAAJkdj.jpg","pu_jalan_jtgdiy","in","","0","1","0","https://x.com/undefined/status/1895611136885788739","1245480112146927617",
"1895239252050616819","Fri Feb 28 23:02:41 +0000 2025","0","@Zeayuu Iya Gunung Rushmore memang ikonik tapi di balik kemegahannya ada sejarah yang kompleks ","1895610603622072821","","Zeayuu","in","","0","0","0","https://x.com/undefined/status/1895610603622072821","1714091065202872320",
"1895608795587625288","Fri Feb 28 22:55:30 +0000 2025","0","Tanda Kiamat Makin Jelas di Ujung Bumi Gunung Bergeser https://t.co/voNGoA09x0","1895608795587625288","","","in","","0","2","0","https://x.com/undefined/status/1895608795587625288","847372542830444544",
"1895226475923808436","Fri Feb 28 22:55:12 +0000 2025","0","@Zeayuu ternyata banyak ya rahasia diatas gunung itu","1895608720325034294","","Zeayuu","in","","0","0","0","https://x.com/undefined/status/1895608720325034294","1565526548043956224",
"1895314291449799035","Fri Feb 28 22:47:16 +0000 2025","0","@tanyakanrl Golongan gunung kidul ini mah","1895606724075433988","","tanyakanrl","in","","0","0","0","https://x.com/undefined/status/1895606724075433988","883905907477725185",
"1895223931747131846","Fri Feb 28 22:43:33 +0000 2025","0","@Zeayuu Menarik banget sih fakta tentang gunung ini","1895605789668360367","","Zeayuu","in","","0","0","0","https://x.com/undefined/status/1895605789668360367","1792086572273373184",
"1895593806139212018","Fri Feb 28 22:40:09 +0000 2025","0","@luvforpaw @RealDhyra Jangan mau sebub makannya porsi kuli jd gunung mahameru bowl nya","1895604931719311479","","luvforpaw","in","","0","2","0","https://x.com/undefined/status/1895604931719311479","1706348328",
"1895228354972000485","Fri Feb 28 22:37:46 +0000 2025","0","@Zeayuu Gunung tertinggi di dunia","1895604333410222238","","Zeayuu","in","","0","0","0","https://x.com/undefined/status/1895604333410222238","1735965775960367104",
"1895226475923808436","Fri Feb 28 22:37:12 +0000 2025","0","@Zeayuu emang dingin banget ya diatas gunung tuh","1895604191726571894","","Zeayuu","in","","0","0","0","https://x.com/undefined/status/1895604191726571894","442446527",
"1895400867848949787","Fri Feb 28 22:36:32 +0000 2025","0","@notuboy1_ puasa puasa naik gunung..","1895604024885592087","","notuboy1_","in","","0","0","0","https://x.com/undefined/status/1895604024885592087","1086299100197249024",
"1895228354972000485","Fri Feb 28 22:35:50 +0000 2025","0","@Zeayuu gunung tertinggi di dunih","1895603847906934910","","Zeayuu","in","","0","0","0","https://x.com/undefined/status/1895603847906934910","1809558283650494467",
"1895603045863706934","Fri Feb 28 22:32:39 +0000 2025","0","kalo mau liat kepribadian orang sebenernya gausah ribet2 pas naik gunung dah liat gmn dia pas lagi closingan atau kerja in general apakah dia ketika orang lain pontang panting malah petantang petenteng? ‍↕️","1895603045863706934","","","in","","0","1","0","https://x.com/undefined/status/1895603045863706934","447569904",
"1895600053601046559","Fri Feb 28 22:20:45 +0000 2025","0","Gunung Merapi dari RSA UGM https://t.co/K4nrKU3h8Q","1895600053601046559","https://pbs.twimg.com/media/Gk6GMg9XQAAyjcz.jpg","","in","","0","0","0","https://x.com/undefined/status/1895600053601046559","1673226310091698177",
"1895583801788809534","Fri Feb 28 22:18:23 +0000 2025","1","@ShelteringSky99 Penghuni Gunung.. sangat fotogenik.","1895599456407732499","","ShelteringSky99","in","","0","0","0","https://x.com/undefined/status/1895599456407732499","1120223259633438720",
"1894597972224315825","Fri Feb 28 22:17:19 +0000 2025","0","Penyebutan Gunung Judi sebagai tempat peristirahatan bahtera merupakan detail unik dalam narasi Al-Quran berbeda dengan Gunung Ararat yang disebutkan dalam tradisi lain.","1895599187976470978","","GHFofc","in","","0","1","0","https://x.com/undefined/status/1895599187976470978","1802289598422536192",
"1894597972224315825","Fri Feb 28 22:17:18 +0000 2025","0","Gunung ini sering dikaitkan dengan wilayah di sekitar Turki modern. Fokus dalam Al-Quran adalah pada perintah Allah ﷻ atas alam dan keadilan-Nya dalam mengakhiri banjir.","1895599184251928668","","GHFofc","in","","0","1","0","https://x.com/undefined/status/1895599184251928668","1802289598422536192",
"1894597972224315825","Fri Feb 28 22:17:17 +0000 2025","0","Sebaliknya Al-Quran menggambarkan banjir yang surut atas perintah langsung Allah ﷻ dan bahtera itu kandas di Gunung Judi (QS. Hûd (11:44)).","1895599180267319777","","GHFofc","in","","0","1","0","https://x.com/undefined/status/1895599180267319777","1802289598422536192",
"1895228354972000485","Fri Feb 28 22:15:34 +0000 2025","0","@Zeayuu tinggi banget ni gunung","1895598746693747130","","Zeayuu","in","","0","0","0","https://x.com/undefined/status/1895598746693747130","1772672370605735936",
"1895212694128730417","Fri Feb 28 22:15:32 +0000 2025","0","@Zeayuu gunung terpanjang ya gunung Andes tuh ternyata","1895598738217095629","","Zeayuu","in","","0","0","0","https://x.com/undefined/status/1895598738217095629","1559668675",
"1895223931747131846","Fri Feb 28 22:14:38 +0000 2025","0","@Zeayuu Baru tauu ada taman geologi gunung berapi","1895598512924139641","","Zeayuu","in","","0","0","0","https://x.com/undefined/status/1895598512924139641","1603905229980065792",
"1895598194228412659","Fri Feb 28 22:13:22 +0000 2025","0","Suasana Ramadhan yang aku suka btw gunung merapi keliatan ganteng aslinya cmn di hp kentang aku burik bgt https://t.co/kih07jR6ly","1895598194228412659","https://pbs.twimg.com/media/Gk6Ef_QbQAI9Jm7.jpg","","in","","0","0","0","https://x.com/undefined/status/1895598194228412659","1589121321161498625",
"1895491451481719097","Fri Feb 28 22:12:36 +0000 2025","0","@bbibbimgyu AKU UDH DAPET NAGANYA SETELAH IKTIAR DI DALAM GUNUNG MERAPI","1895598001516847345","","","in","","0","0","0","https://x.com/undefined/status/1895598001516847345","802009797574828032",
"1895228354972000485","Fri Feb 28 22:09:47 +0000 2025","0","@Zeayuu Gunung tert8nggi di dunia","1895597293677789354","","Zeayuu","in","","0","0","0","https://x.com/undefined/status/1895597293677789354","1117948972616675328",
"1895228354972000485","Fri Feb 28 22:09:32 +0000 2025","0","@Zeayuu Wah ternyata gunung tertinggi ke 3 di dunia ya","1895597229274251378","","Zeayuu","in","","0","0","0","https://x.com/undefined/status/1895597229274251378","244870580",
"1895591172225319347","Fri Feb 28 22:08:26 +0000 2025","0","@rafiq_erouck Buset punya gunung diaa","1895596953658147255","","rafiq_erouck","in","","0","0","0","https://x.com/undefined/status/1895596953658147255","1606563651183595521",
"1895288046276497780","Fri Feb 28 21:23:07 +0000 2025","0","@AlhayzaX Gunung yg mudah didaki","1895585548796117453","","AlhayzaX","in","","0","0","0","https://x.com/undefined/status/1895585548796117453","1626245675855007744",
"1895584615005634722","Fri Feb 28 21:20:16 +0000 2025","0","@yamsorai Met pagi dik Gunung. Puasa ga?","1895584828667674854","","yamsorai","in","","0","1","0","https://x.com/undefined/status/1895584828667674854","1883205264381444096",
"1895580934604468265","Fri Feb 28 21:19:18 +0000 2025","0","@anggarasamvdr it satu suapan bawa gunung ya","1895584588015288621","","anggarasamvdr","in","","0","1","0","https://x.com/undefined/status/1895584588015288621","1647616520338698241",
"1895584468733419760","Fri Feb 28 21:18:50 +0000 2025","5","Mau fav lo datanya setinggi gunung everest kek mau dramanya jadi drama paling sukses sepanjang masa kek terus ngaruh di hidup reba sama bailu apa gue tanya? Mereka langsung berubah jadi buruk rupa dan miskin kah? Dasar fans fans gila.","1895584468733419760","","","in","","0","0","0","https://x.com/undefined/status/1895584468733419760","2212700360",
"1895452467862942029","Fri Feb 28 21:17:57 +0000 2025","0","@chilldarkest munggah gunung","1895584247291002971","","chilldarkest","in","","0","1","0","https://x.com/undefined/status/1895584247291002971","1249556428743827456",
"1895578919866376379","Fri Feb 28 21:12:48 +0000 2025","0","@rindumenyapa_ Kita naik ke gunung sari bae","1895582951284621797","","","in","","0","0","0","https://x.com/undefined/status/1895582951284621797","1672211876",
"1895578301416284590","Fri Feb 28 21:11:26 +0000 2025","20","@jaexhyuwn iya lagi ... bukan kesel gimana ya. kalau sekali dua kali nggapapa tapi kalau setiap ganti parfum terus dia pakai juga dan pas dia pakai dengan pedenya ke orang orang bilang parfumnya hasil dia naik turun gunung nyari parfum yang cocok terus akhirnya nemu SENDIRI tuh kek ...????","1895582606206648333","","jaexhyuwn","in","","0","1","0","https://x.com/undefined/status/1895582606206648333","1452582471409672194",
"1895443169204162657","Fri Feb 28 21:08:25 +0000 2025","0","@embunimutbgt Aku ke gunung kelud sekaki udah kapok... Cape bgt mendaki Tp view bromo bagus de....","1895581849428340738","","embunimutbgt","in","","0","1","0","https://x.com/undefined/status/1895581849428340738","1828250157273751553",
"1893930373488214310","Fri Feb 28 21:07:25 +0000 2025","0","atau jalan kaki untunglah tidak sepi. sebuah pedesaan di kaki gunung fuji sudah terlihat ia menunjuk ke arah lokasi di mana yang menurutnya sangat cocok untuk ambil foto kita foto di situ yuk habis itu bisa pamer. ajaknya pada @pulchrietuede.","1895581597623337208","","shamgxiao","in","","0","1","0","https://x.com/undefined/status/1895581597623337208","2438175445",
"1895522912356192648","Fri Feb 28 21:00:30 +0000 2025","0","@blucshing itu gunung gede","1895579858048311768","","blucshing","in","","0","0","0","https://x.com/undefined/status/1895579858048311768","1543668976882171904",
"1895578820004168154","Fri Feb 28 20:58:38 +0000 2025","0","6. Berfoto di gunung fuji bersama penghuni lain https://t.co/UJMMRNeW5J","1895579384800768002","","chateublanc","in","","0","1","0","https://x.com/undefined/status/1895579384800768002","1496846536960974854",
"1895578930230464788","Fri Feb 28 20:56:49 +0000 2025","1","Spesial Ramadan nih mimin kasih hadiah spesial 𝑎𝑙𝑎𝑟𝑚 sahur dari Yadi PETAKA GUNUNG GEDE sedang tayang di Bioskop. Ada promo Beli 1 Dapat 1 yang bisa kamu gunakan hari ini untuk ngabuburit bareng sahabat kamu di Bioskop ️ #PetakaGunungGede #FilmPetakaGunungGede https://t.co/pGhinUC8DF","1895578930230464788","https://pbs.twimg.com/ext_tw_video_thumb/1895578883858018304/pu/img/NharwZ9ShvBsK-9w.jpg","","in","","0","0","0","https://x.com/undefined/status/1895578930230464788","71190489",
"1895578211112927290","Fri Feb 28 20:53:58 +0000 2025","0","Mau lo cutt off mau benci lo setinggi gunung lo pernah baik gue gue juga harus bisa bales baik ke lu.","1895578211112927290","","","in","","0","0","0","https://x.com/undefined/status/1895578211112927290","1407585345475006465",
"1895467452445929510","Fri Feb 28 20:51:28 +0000 2025","1","@TGajuk9178 @prabowo Seperti gunung es...akan muncul satu persatu ke permukaan.. pertanyaan netizen +62 apakah uang hasil korupsi yg disita negara bisa dipakai utk kemaslahatan negeri ini?","1895577581673668749","","TGajuk9178","in","","0","0","0","https://x.com/undefined/status/1895577581673668749","1638814473476612096",
"1895577348453601764","Fri Feb 28 20:50:32 +0000 2025","0","Fact about fasting. . Thread. . Day 1. Saat nabi Musa mengambil dua log batu di gunung tursina yang nantinya di sebut taurat. . Beliau sedang dalam keadaan berpuasa. .","1895577348453601764","","","in","","0","2","1","https://x.com/undefined/status/1895577348453601764","387212013",
"1895494195323818182","Fri Feb 28 20:42:01 +0000 2025","0","@sbyfess infokan pendakian gunung 3000++ pengalamanku mongkrang mas awokwok","1895575204468047932","","sbyfess","in","","0","0","0","https://x.com/undefined/status/1895575204468047932","1094048844860424193",
"1895574969607938253","Fri Feb 28 20:41:05 +0000 2025","0","Drawing? Gabisa cuman bisa gambar gunung terus ditengahnya matahari. Singing? Gw penyanyi kamar mandi doang. Cooking? PFFT.. BWAHAHAHAHAHAH.. Anything else? Ada nder. Ntar aja pamer nya","1895574969607938253","","","in","","0","0","0","https://x.com/undefined/status/1895574969607938253","1682046130258071553",
"1895572353406718323","Fri Feb 28 20:30:41 +0000 2025","0","Oi uki kasih tau mereke bisikin efisiensi airnya yang gelas aja merek gunung ","1895572353406718323","","","in","","0","0","0","https://x.com/undefined/status/1895572353406718323","1431837708435873800",
"1895486052846219745","Fri Feb 28 20:23:51 +0000 2025","0","@mahesawancoy terimakasih porter gunung lawu ","1895570634312466531","","mahesawancoy","in","","0","0","0","https://x.com/undefined/status/1895570634312466531","1302994765663801346",
"1895558284591132907","Fri Feb 28 20:22:17 +0000 2025","0","@gewkko siap mendaki gunung ntar pagi","1895570238701519104","","gewkko","in","","0","0","0","https://x.com/undefined/status/1895570238701519104","1739667919335006208",
"1895487230816514145","Fri Feb 28 18:08:16 +0000 2025","16","@Sutakun4 @NarasiNewsroom sudah dientertain lah. ada kok pemda yang keuangan daerahnya sangat tidak sehat tapi selalu dapat predikat WTP belasan kali berturut-turut. Cemana tuh. Padahal utang rekanan aja belum dibayar. Dan fenomena ini kayak gunung es di Indonesia.","1895536511443177586","","","in","","0","1","0","https://x.com/undefined/status/1895536511443177586","44321053",
"1895535144532132347","Fri Feb 28 18:02:52 +0000 2025","2","Sebagai pemimpin ekspedisi ilmiah kamu akan menjelajahi berbagai medan ekstrem seperti hutan lebat gurun berbatu dan gunung bersalju sambil menggunakan alat canggih seperti dron winch otomatis dan pemindai tanah untuk membantu navigasi. https://t.co/VbfJ40WRXJ","1895535154430664964","https://pbs.twimg.com/media/Gk5K44WXsAAeS2J.jpg","KesendirianX","in","","0","1","0","https://x.com/undefined/status/1895535154430664964","1534468671283662848",
"1895428785408754074","Fri Feb 28 18:01:37 +0000 2025","9","@convomf Setiap tahun selalu ada mf seperti ini ya? tentu aja opsi 1 lari ke gunung bikin parit di sekitar persembunyian syukur syukur bisa bikin rumah kayu di kebon paritnya diisi Pertamax siapkan senjata? sebenarnya aku butuh aliran listrik","1895534840323407897","","convomf","in","","0","0","0","https://x.com/undefined/status/1895534840323407897","1353181924169195520",
"1895471684549066939","Fri Feb 28 17:59:01 +0000 2025","0","@DjM_46_531 Gunung kembar ","1895534184816656427","","DjM_46_531","in","","0","1","0","https://x.com/undefined/status/1895534184816656427","1273919883739189248",
"1895416236785451317","Fri Feb 28 17:51:53 +0000 2025","0","@xshua__ dan kalo misalkan aku cape sm hidup ku lagi tujuan ku tracking ke gunung cape hati tp yg disiksa kaki:( tp gpp terbayarkan semua di hutan yg hijau apalagi kalo kabut bikin syahdu bikin tenang hati dan jiwa ka + kalo smpe puncak dikasih view indah bangett","1895532388463362049","","jelovvu","in","","0","0","0","https://x.com/undefined/status/1895532388463362049","1332730860475301888",
"1895416236785451317","Fri Feb 28 17:50:01 +0000 2025","0","@xshua__ ka masih ada seventeen ka yg lucu bgt bikin ngakak kalo nonton gose dan aku mau kasih saran dlu blm lama aku jg cape sm dunia tp coba deh ka kk healing ke tempat tenang view hijau contohnya kek ke gunung wktu itu aku ke gunung prau sumpah ka mashallah viewnya bagus bikin tenang-","1895531920894935291","","xshua__","in","","0","1","0","https://x.com/undefined/status/1895531920894935291","1332730860475301888",
"1895109301871804598","Fri Feb 28 17:49:37 +0000 2025","0","@rdymty @stravenues Iki lak prapatan Gunung Sari Intan toh?","1895531819166285844","","Yukikaze_D_2","in","","0","0","0","https://x.com/undefined/status/1895531819166285844","1874326084596228098",
"1895529101886427229","Fri Feb 28 17:48:09 +0000 2025","1","3️⃣ Pemandangan Laut &amp; Gunung Sekaligus Dari puncaknya kamu bisa melihat kombinasi lanskap yang unik: lautan luas di satu sisi dan perbukitan hijau di sisi lain. Benar-benar perpaduan sempurna alam! 4️⃣ Sunrise dan Sunset Spektakuler CMC Tiga Warna adalah spot terbaik untuk","1895531451275518142","","lonxmusk","in","","0","1","0","https://x.com/undefined/status/1895531451275518142","819561342382338049",
"1895493194143670499","Fri Feb 28 17:46:51 +0000 2025","0","@wassupsalsal tapi dengan itu kita bisa sering naik gunung","1895531121317986653","","wassupsalsal","in","","0","1","0","https://x.com/undefined/status/1895531121317986653","1674463452646215680",
"1895530387797102908","Fri Feb 28 17:43:56 +0000 2025","0","abis nonton ini jadi pengen naik gunung https://t.co/1lPXu2iHh4","1895530387797102908","https://pbs.twimg.com/media/Gk5G155aAAE-dqX.jpg","","in","","0","0","0","https://x.com/undefined/status/1895530387797102908","1883157572485832704",
"1895518832028176833","Fri Feb 28 17:41:29 +0000 2025","0","@shawadhikap Widih cah gunung","1895529771305746600","","shawadhikap","in","","0","1","0","https://x.com/undefined/status/1895529771305746600","1214553527361499138",
"1895523751409877019","Fri Feb 28 17:36:40 +0000 2025","0","@kabelmiccc gimana kabar kolega ku? masih jualan rolex? sama jualin gunung nya firdaus?","1895528561609753043","","kabelmiccc","in","","0","1","0","https://x.com/undefined/status/1895528561609753043","418846977",
"1895528461483327923","Fri Feb 28 17:36:17 +0000 2025","1","Yang satu anak laut yang satu anak gunung","1895528461483327923","","","in","","0","0","0","https://x.com/undefined/status/1895528461483327923","1767148514356895744",
"1895526851407384850","Fri Feb 28 17:29:53 +0000 2025","0","awas aja klo sampee gunung itu gue ratain","1895526851407384850","","","in","","0","0","0","https://x.com/undefined/status/1895526851407384850","1405501623158198275",
"1895521345133543517","Fri Feb 28 17:29:15 +0000 2025","0","@jennsdyeon ajak aku ke gunung ajaa pls ","1895526694385250343","","jennsdyeon","in","","0","0","0","https://x.com/undefined/status/1895526694385250343","1440287537176592393",
"1895355298027827527","Fri Feb 28 17:26:46 +0000 2025","0","@littleletter4u Pendekar lagi turun gunung wkwkwk","1895526066896453657","","littleletter4u","in","","0","1","0","https://x.com/undefined/status/1895526066896453657","1150985255353872385",
"1884171781097005354","Fri Feb 28 17:24:27 +0000 2025","0","@Alexantdra hahah kapan-kapan bisa adventure bareng-bareng ya? waduh pilihan sangat sulit ini. 11 12 soalnya tapi kayaknya saya bakalan pilih gunung?","1895525485364535664","","Alexantdra","in","","0","0","0","https://x.com/undefined/status/1895525485364535664","1207340426459353088",
"1895524513892483464","Fri Feb 28 17:20:35 +0000 2025","0","pengen naik gunung","1895524513892483464","","","in","","0","0","0","https://x.com/undefined/status/1895524513892483464","1718114390384525312",
"1895524305511051381","Fri Feb 28 17:19:46 +0000 2025","0","Jin gunung kawinya paling kuat","1895524305511051381","","","in","","0","0","0","https://x.com/undefined/status/1895524305511051381","840460041102606336",
"1895523685504815408","Fri Feb 28 17:17:18 +0000 2025","0","tb tb kgn nongkrong bareng lgi kgn berenang bareng kgn naik gunung bareng kgn mantai bareng dan semuanyaaa","1895523685504815408","","","in","","0","0","0","https://x.com/undefined/status/1895523685504815408","1419119773082787840",
"1895522734630985909","Fri Feb 28 17:17:07 +0000 2025","0","@driverGAEUL Latihan naik gunung ini namanya","1895523638998417906","","BIAG3NCY","in","","0","1","0","https://x.com/undefined/status/1895523638998417906","1271326933389737986",
"1895288046276497780","Fri Feb 28 17:12:57 +0000 2025","0","@AlhayzaX aku kira ini gunung beneran","1895522592980943289","","AlhayzaX","in","","0","0","0","https://x.com/undefined/status/1895522592980943289","1026714525360242688",
"1895259804324765828","Fri Feb 28 17:07:01 +0000 2025","0","@daiisykyy Indah terus kalo gunung mah","1895521096520384651","","daiisykyy","in","","0","0","0","https://x.com/undefined/status/1895521096520384651","1055785871142608896",
"1895519489963290973","Fri Feb 28 17:00:38 +0000 2025","0","Itinerary Pendakian Gunung Lawu 2 Hari 1 Malam via Cemoro Kandang Siapkan Bujet Rp 210 Ribuan https://t.co/Fd9F4SpwtC","1895519489963290973","","","in","","0","0","0","https://x.com/undefined/status/1895519489963290973","262026799",
"1895518792643723299","Fri Feb 28 16:57:51 +0000 2025","0","[QUIZ] Kamu Anak Gunung atau Anak Pantai Cek Berdasar Karaktermu! https://t.co/95hGLkRiAj lewat @idntimes","1895518792643723299","","","in","","0","0","0","https://x.com/undefined/status/1895518792643723299","543399654",
"1895514392395202787","Fri Feb 28 16:57:25 +0000 2025","0","@saturnrockss Mendaki gunung kapuk.","1895518682270613754","","saturnrockss","in","","0","1","0","https://x.com/undefined/status/1895518682270613754","1805468809035497474",
"1895515676997300452","Fri Feb 28 16:56:19 +0000 2025","16","Sandal laki-laki karet Gunung anti slip (Discount 68%) Link https://t.co/uzvNg9eZAs https://t.co/tTNvB9kuBl","1895518404234416230","https://pbs.twimg.com/media/Gk478L9bcAAwCtu.jpg","Netizeeennn","in","","0","1","3","https://x.com/undefined/status/1895518404234416230","1778259282397691904",
"1895485196075700454","Fri Feb 28 16:54:00 +0000 2025","0","@itboyjuyeons ahzjzhsjsj gemaaas! i ll consider it onti salci mau bertapa dulu di gunung kawi.. nanti aku kasih tau hasil finalnya ","1895517822350250226","","itboyjuyeons","in","","0","0","0","https://x.com/undefined/status/1895517822350250226","1834530981983772672",
"1895504019440972156","Fri Feb 28 16:52:11 +0000 2025","1","@nraisyd dah aku merajuk atas gunung sampai akhir zaman.","1895517364684476925","","nraisyd","in","","0","0","0","https://x.com/undefined/status/1895517364684476925","1348168718799421440",
"1893317356434116705","Fri Feb 28 16:46:24 +0000 2025","0","@tsyawlndr_ @convomf Gunung","1895515911643341173","","tsyawlndr_","in","","0","0","0","https://x.com/undefined/status/1895515911643341173","1359199387499462656",
"1895515629345706105","Fri Feb 28 16:45:17 +0000 2025","0","Gunung Pas Kemarau? Kok Malah Dingin Banget? https://t.co/RM7yZrZpnm","1895515629345706105","","","in","","0","0","0","https://x.com/undefined/status/1895515629345706105","1124274127",
"1895514999256465781","Fri Feb 28 16:42:47 +0000 2025","1","Kenapa kapal #moqeel ini terus terusan diterpa badai halilintar tsunami gempa bumi angin topan gunung meletus siiihhhh saya kan bukan mba rara","1895514999256465781","","","in","","0","0","0","https://x.com/undefined/status/1895514999256465781","893659348945125376",
"1895364414544728253","Fri Feb 28 16:42:29 +0000 2025","0","@nescafegrly Makan seblak Tapi yg di puncak gunung","1895514922735583498","","nescafegrly","in","","0","0","0","https://x.com/undefined/status/1895514922735583498","1688931885123248128",
"1895428862613598348","Fri Feb 28 16:40:39 +0000 2025","0","@kompascom Hanya puncak gunung es","1895514462704353764","","kompascom","in","","0","0","0","https://x.com/undefined/status/1895514462704353764","1352864256",
"1895514392395202787","Fri Feb 28 16:40:22 +0000 2025","0","hmm ngantuk lanjut boboo apa lanjut mendaki gunung??","1895514392395202787","","","in","","0","3","0","https://x.com/undefined/status/1895514392395202787","1560108463706910720",
"1895514338288619706","Fri Feb 28 16:40:10 +0000 2025","0","Sementara sang puan ia akan terus menerka kemana perahu akan membawanya. Entah ke tepian dermaga indah atau pantai dengan pasir selembut sutra atau mungkin.. gunung es yang akan menghancurkan perahu kecil itu.","1895514341375631616","","vaugthan","in","","0","0","0","https://x.com/undefined/status/1895514341375631616","1084713556677804033",
"1895476327874175377","Fri Feb 28 16:39:46 +0000 2025","0","@tuerrible sebentar ya warga aku merenung dulu di gunung lawu . ‍️‍️‍️","1895514239793844708","","tuerrible","in","","0","1","0","https://x.com/undefined/status/1895514239793844708","1834530981983772672",
"1895513416464572696","Fri Feb 28 16:36:30 +0000 2025","0","rpg teen trope yg punya power granted dari natural site di indonesia kyk gunung merapi danau toba tanjung puting etc. inspired dari kartun lokal vatalla - sang pelindung. iirc characters nya dapet power dari roh gunung2 api di indonesia https://t.co/xcQymPmYh0","1895513416464572696","https://pbs.twimg.com/media/Gk43SkHWAAAuZ58.png","","in","","0","1","0","https://x.com/undefined/status/1895513416464572696","1330528212225564678",
"1895453181796319341","Fri Feb 28 16:36:26 +0000 2025","0","@shayisapotato @MalikMydin464 @JatIkhwan Tangkak ada Gunung Ledang.","1895513400358453384","","shayisapotato","in","","0","0","0","https://x.com/undefined/status/1895513400358453384","36712544",
"1895509430411915775","Fri Feb 28 16:31:24 +0000 2025","1","@ownedbyserina Sepeda gunung gw dulu cuma 2 jutaan lmaooo Tp emang parah sih willpowernya dari kecil gw rajin sepedaan jauh jadi pas udah SMA-Kuliah ngedaki flyover 3 biji 15 menit juga kuat.. Pasti bisa asal ya.. willpowernya cukup","1895512134542561781","","ownedbyserina","in","","0","0","0","https://x.com/undefined/status/1895512134542561781","1100493583",
"1895511925330718747","Fri Feb 28 16:30:34 +0000 2025","2","on behalf on all of my irl twitter mutuals aku nak mintak maaf sebab tweet benda2 pelik ngan aisy. kitorang baru abis tengok puteri gunung ledang and acah terpaling melayu terpaling berpuitis terpaling dinda dan kanda ampun beribu ribu ampun ","1895511925330718747","","","in","","0","0","1","https://x.com/undefined/status/1895511925330718747","1348168718799421440",
"1895455570804748601","Fri Feb 28 16:29:10 +0000 2025","0","@Yizjuo tnang aja by kita camping di puncak gunung everest kok","1895511571243368866","","Yizjuo","in","","0","1","0","https://x.com/undefined/status/1895511571243368866","2377377330",
"1895505702489293151","Fri Feb 28 16:28:06 +0000 2025","0","@jennsdyeon naik gunung putih putih mantap ka","1895511305903370437","","jennsdyeon","in","","0","1","0","https://x.com/undefined/status/1895511305903370437","1387967400721534976",
"1895498489762844994","Fri Feb 28 16:23:54 +0000 2025","0","@BosPurwa kadang pgn tuh Gunung BerApi seIndonesia : kompak MELETUS Luluh Lantahkan Bumi Indonesia Mao yg baek kena mao yg salah kena. Karena semua cuman BACOT termasuk gue https://t.co/dlL29CdNJu","1895510246833156371","https://pbs.twimg.com/media/Gk40Ow3XMCYKzXA.jpg","BosPurwa","in","","0","0","0","https://x.com/undefined/status/1895510246833156371","1696826531988066304",
"1895510185428553946","Fri Feb 28 16:23:39 +0000 2025","0","Yang diungkap itu hanya puncak gunung es","1895510185428553946","","","in","","0","0","0","https://x.com/undefined/status/1895510185428553946","1581687083303063552",
"1895396638027608363","Fri Feb 28 16:23:13 +0000 2025","0","@keennn29 njir pernah naik gunung ciremai","1895510074988372364","","Molyavax","in","","0","0","0","https://x.com/undefined/status/1895510074988372364","1199325918",
"1895507608397926608","Fri Feb 28 16:22:05 +0000 2025","0","@akarialeea ati2 dibawah ke gunung ","1895509788647469481","","akarialeea","in","","0","1","0","https://x.com/undefined/status/1895509788647469481","850194614124290048",
"1895509653188165648","Fri Feb 28 16:21:32 +0000 2025","1","tadi pas lagi digunung enak banget sepi tenang sunyi. cuma ada suara alam. eh balik ke X rame bgt pada tubir. pada naik gunung aja deh mendinf fans idol ibukota tuh biar ga sibuk ngetik jahat ","1895509653188165648","","","in","","0","0","0","https://x.com/undefined/status/1895509653188165648","289223592",
"1895509430411915775","Fri Feb 28 16:20:39 +0000 2025","9","Masalahnya otot quad di paha gw dah kegedean hasil sepedaan dari SD sampe kuliah.. Jd inget pernah ngintilin konvoi roadbike yang kecepatannya sampe 40km/h~.. Pake sepeda gunung Dan kalo PP rumah-kampus tuh ngelewatin flyover kalimalang tebet kokas.. Beh paha kebakar","1895509430411915775","","","in","","0","3","0","https://x.com/undefined/status/1895509430411915775","1100493583",
"1895321849707352302","Fri Feb 28 16:18:52 +0000 2025","1","@flxwergloom @UGM_FESS Gedungnya yg di geser biar 1 garis dengan jalan dan gunung","1895508980371505649","","flxwergloom","in","","0","0","0","https://x.com/undefined/status/1895508980371505649","210349402",
"1895319353090023551","Fri Feb 28 16:18:01 +0000 2025","0","@kabarpediia Keren banget kambing gunung","1895508767703552018","","NusaggOfficiall","in","","0","0","0","https://x.com/undefined/status/1895508767703552018","1249587376759824384",
"1895315406946189793","Fri Feb 28 16:16:45 +0000 2025","0","@dian_arifiya Bagus banget dikelilingi gunung","1895508447975895392","","dian_arifiya","in","","0","0","0","https://x.com/undefined/status/1895508447975895392","1001560603",
"1895508135605101011","Fri Feb 28 16:15:31 +0000 2025","0","Petaka gunung gede sedih banget bajingan","1895508135605101011","","","in","","0","0","0","https://x.com/undefined/status/1895508135605101011","2842292502",
"1895324196236075298","Fri Feb 28 16:14:27 +0000 2025","0","@lenteqra di puncak gunung tapi bisa sebagus itu ya","1895507868859961855","","lenteqra","in","","0","0","0","https://x.com/undefined/status/1895507868859961855","1389945668173590534",
"1895507178263609369","Fri Feb 28 16:11:42 +0000 2025","7","Kembali lagi kita di Ramadan tahun 1446 Hijrah. Untuk mereka yang sedang masih tergapai-gapai mencari jalan pulang. Yakinlah Allah sayang kepada para hamba-Nya walau dosa bertimbun setinggi gunung pengampunan-Nya itu seluas lautan Bulatkan tekad pada-Nya. Taubatlah kepada-Nya","1895507178263609369","","","in","","0","0","1","https://x.com/undefined/status/1895507178263609369","1107669584557957120",
"1893884775267438715","Fri Feb 28 16:11:11 +0000 2025","0","9. berfoto di Gunung Fuji dengan penghuni lain.","1895507048676413831","","ORCHISEA","in","","0","1","0","https://x.com/undefined/status/1895507048676413831","1447218483431755780",
"1895493498566303769","Fri Feb 28 16:09:12 +0000 2025","0","@bsyi Rechaaat but gengsi ku setinggi gunung everest ","1895506548195291585","","bsyi","in","","0","1","0","https://x.com/undefined/status/1895506548195291585","1454888797",
"1895349740742852840","Fri Feb 28 15:44:42 +0000 2025","1","@JhonSitorus_18 @woda_johan Kasus Edi Tansil korupsi 1 6 T mah cuma geli-geli doang. Ini skandal 1 Quadriliun itupun baru puncak gunung es. Puluhan ribu triliun sejak zaman si Mbah piye kabare? Penak zamanku tho..tho..tho... Ayo Kejagung tumpas habis cecurut hingga serigala buas rakyat mendukung mu","1895500383503741385","","ScioCogitoCredo","in","","0","0","0","https://x.com/undefined/status/1895500383503741385","1462397095290101761",
"1895499456910627300","Fri Feb 28 15:41:01 +0000 2025","0","yeu gajauh2 dr kang olahraga (lari futsal) anak alam yg naik gunung sama pecinta kucing","1895499456910627300","","","in","","0","0","0","https://x.com/undefined/status/1895499456910627300","906866896301047808",
"1895499014461866298","Fri Feb 28 15:39:16 +0000 2025","0","tiba-tiba so di gunung https://t.co/2rM2uVbvzD","1895499014461866298","https://pbs.twimg.com/media/Gk4qSjaWwAAX1nY.jpg","","tl","","0","0","0","https://x.com/undefined/status/1895499014461866298","213564569",
"1895498131191828968","Fri Feb 28 15:35:45 +0000 2025","0","gw masih heran dah semua org pake lagi sailor song buat konten pacaran straight naik gunung segala macem.. dan yg paling aneh ada yg buat bg ULTAH","1895498131191828968","","","in","","0","0","0","https://x.com/undefined/status/1895498131191828968","1500130047566368771",
"1894294488513683891","Fri Feb 28 15:34:30 +0000 2025","0","jujur ya menurut aku sih sebenernya mereka perlunya ke psikolog bukan ke gunung lawu","1895497814693794224","","plotwhore","in","","0","1","0","https://x.com/undefined/status/1895497814693794224","999812489192783873",
"1895497567909429640","Fri Feb 28 15:33:31 +0000 2025","0","Cafe di gunung https://t.co/0m0V1iJFI1","1895497567909429640","https://pbs.twimg.com/ext_tw_video_thumb/1895497524930306050/pu/img/WKy43HFqbMto_-mS.jpg","","in","","0","0","0","https://x.com/undefined/status/1895497567909429640","3041391506",
"1895497489610121312","Fri Feb 28 15:33:12 +0000 2025","0","betah aku nek due omah cidek gunung https://t.co/BkLuXqSdPF","1895497489610121312","https://pbs.twimg.com/media/Gk4o6LZWAAALH7x.jpg","","in","","0","0","0","https://x.com/undefined/status/1895497489610121312","1259237481381113857",
"1895288046276497780","Fri Feb 28 15:30:47 +0000 2025","0","@AlhayzaX yaallah beneran ya sampah sebanyak itu jd mirip gunung","1895496880370647145","","AlhayzaX","in","","0","0","0","https://x.com/undefined/status/1895496880370647145","1166295895228350465",
"1895486052846219745","Fri Feb 28 15:30:29 +0000 2025","0","@mahesawancoy NAIK GUNUNg COYYy","1895496803686244431","","mahesawancoy","in","","0","0","0","https://x.com/undefined/status/1895496803686244431","1097186447990304768",
"1895475570504560970","Fri Feb 28 15:29:48 +0000 2025","0","@stockmapping Makasih semoga bisa join di grup gunung kawi 2.0","1895496631161848106","","stockmapping","in","","0","0","0","https://x.com/undefined/status/1895496631161848106","1148271341038030854",
"1895441489452568593","Fri Feb 28 15:21:30 +0000 2025","0","@takoyukki_ makanya jgn nanjak gunung melulu","1895494543207993513","","takoyukki_","in","","0","1","0","https://x.com/undefined/status/1895494543207993513","1701642717527433216",
"1895493206026154027","Fri Feb 28 15:16:11 +0000 2025","0","mau didorong dari puncak gunung apa tepi sungai?","1895493206026154027","","","in","","0","1","0","https://x.com/undefined/status/1895493206026154027","1034789384548167680",
"1895318176843669887","Fri Feb 28 15:14:15 +0000 2025","0","@Rendy_Duck @yusrilfahriza Mirip sepatu hp yah outsolenya. ini nyaman banget dipake tracking naik turun gunung beneran ngegrip sih...","1895492717670735962","","Rendy_Duck","in","","0","0","0","https://x.com/undefined/status/1895492717670735962","1152598196",
"1895491403335221622","Fri Feb 28 15:09:01 +0000 2025","461","AWAS LUPA PAGAR LAUT! LBH MUHAMMADIYAH TURUN GUNUNG: BLAK-BLAKAN SEMUA RAHASIA! LIVE SEKARANG! https://t.co/TYjMHOuSID","1895491403335221622","","","in","","4","6","266","https://x.com/undefined/status/1895491403335221622","185116088",
"1895455968357663025","Fri Feb 28 15:08:24 +0000 2025","0","@argothrottle Dipikir lagi setelah dilepas status Argo-nya dan dipecah jadi 3 (bersama Cakrabuana dan Gunung Jati) kenapa namanya gak dibalikkin jadi Cirebon Ekspres....? Cheribon kek kurang 'wah' soalnya.","1895491246292091088","","argothrottle","in","","0","1","0","https://x.com/undefined/status/1895491246292091088","2215859544",
"1895491050539737434","Fri Feb 28 15:07:37 +0000 2025","1","Bakti Sosial Polri Presisi di Kelurahan Gunung Ibul Utara Kota Prabumulih. #swasembadapangan #ketahananpangan #polrimendukungketahananpangan #polisicintapetani #poldasumsel #polresprabumulih #prabumulih #sumsel https://t.co/IeSv3NyySp","1895491050539737434","https://pbs.twimg.com/media/Gk4jDrDaQAAsLWi.jpg","","in","","0","0","0","https://x.com/undefined/status/1895491050539737434","1646982366",
"1895491023545192701","Fri Feb 28 15:07:31 +0000 2025","1","rate jp naik naik ke puncak gunung","1895491023545192701","","","in","","0","0","0","https://x.com/undefined/status/1895491023545192701","1553397714343575552",
"1895490666345718240","Fri Feb 28 15:06:06 +0000 2025","0","SAGA INI EMG INTERNET GW JELEJ APA ZENO LU EMG NGADAT NGADAT KAYAK SINYAL GUNUNG SIH","1895490666345718240","","","in","","1","0","0","https://x.com/undefined/status/1895490666345718240","1537909273",
"1895490639929991182","Fri Feb 28 15:05:59 +0000 2025","1","Bakti Sosial Polri Presisi di Kelurahan Gunung Ibul Timur Kota Prabumulih. #swasembadapangan #ketahananpangan #polrimendukungketahananpangan #polisicintapetani #poldasumsel #polresprabumulih #prabumulih #sumsel https://t.co/3iqRK4AOcw","1895490639929991182","https://pbs.twimg.com/media/Gk4irq1aQAAjvVh.jpg","","in","","0","0","0","https://x.com/undefined/status/1895490639929991182","1646982366",
"1895425569032167715","Fri Feb 28 15:04:29 +0000 2025","0","@kopatttttt gunung sahari gas sih","1895490260911665173","","kopatttttt","in","","0","0","0","https://x.com/undefined/status/1895490260911665173","1659217534124724225",
"1894809365938610463","Fri Feb 28 14:32:28 +0000 2025","0","@rindraputr Yen di delok kata ne Cok Mong pemain bekas bedes gunung....","1895482206098964712","","rrrrrrindraaaa","in","","0","0","0","https://x.com/undefined/status/1895482206098964712","1211328821808398337",
"1895446584839782464","Fri Feb 28 14:31:01 +0000 2025","0","@Moa_sChild21 aaa gunung jati tau tau aku cirebon timur kak","1895481838283718709","","Moa_sChild21","in","","0","1","0","https://x.com/undefined/status/1895481838283718709","1675010194554880000",
"1895479881141788912","Fri Feb 28 14:29:23 +0000 2025","0","@hnhwg serius kakkkk ak either ke tokyo dulu apa osaka dehhh keknya main trus hotel yg sisaan yg deket si gunung fuji bjir","1895481427900371259","","hnhwg","in","","0","1","0","https://x.com/undefined/status/1895481427900371259","1523015477919985664",
"1895481201164742665","Fri Feb 28 14:28:29 +0000 2025","1","Beach date yg satu angkat gunung yg satu jadi sapi @mletthew https://t.co/f41OWTf1ri","1895481201164742665","https://pbs.twimg.com/media/Gk4aG0qXoAA80Cp.jpg","","in","","1","0","0","https://x.com/undefined/status/1895481201164742665","1276711689166045184",
"1895480800126419236","Fri Feb 28 14:26:53 +0000 2025","0","Kemarin ngobrolin sama @hebitosnake itu duit korupsi diambil dikit kek buat penelitian dan ekskavasi situs Gunung Padang","1895480800126419236","","","in","","0","1","0","https://x.com/undefined/status/1895480800126419236","88702546",
"1895430772741607682","Fri Feb 28 14:26:22 +0000 2025","0","ㅤ ... menarik perhatiannya saat diperkenalkan. Meski memang aslinya ia pun pernah tak sengaja melihat yokai di gunung belakang rumah. Dimana setelah menceritakannya pada sang kakek ia lekas mendapatkan ceramah seharian sampai membuat kedua kakinya kram karena kelamaan duduk. ㅤ","1895480668269985964","","tkeonhee","in","","0","1","0","https://x.com/undefined/status/1895480668269985964","3004085101",
"1895480340736811126","Fri Feb 28 14:25:04 +0000 2025","69","Gunung Pueh dicalonkan sebagai Tapak Rizab Biosfera UNESCO pertama di Sarawak Lebih lanjut: https://t.co/KD1vToCtXH #themalaysiapress #bangsamalaysia #informasiberfaktamembukaminda https://t.co/9rHgm3edDV","1895480340736811126","https://pbs.twimg.com/media/Gk4ZUgjbMAAtQ_J.jpg","","in","","0","22","44","https://x.com/undefined/status/1895480340736811126","1833340149369081857",
"1895446584839782464","Fri Feb 28 14:24:00 +0000 2025","0","@taegyundip Cirebon utara(?) Gunung Jati kakak dmna?","1895480072813089051","","taegyundip","in","","0","1","0","https://x.com/undefined/status/1895480072813089051","1415674768515158024",
"1895471864929275942","Fri Feb 28 14:20:01 +0000 2025","0","@meninaforte_ gunung ungarannnn ul","1895479073117491481","","meninaforte_","in","","0","0","0","https://x.com/undefined/status/1895479073117491481","1116321689946607618",
"1895396755212231029","Fri Feb 28 14:19:18 +0000 2025","0","@xiazoting HAWOOOO cung yang lagi off rp *mengacungkan tangan setinggi gunung everest","1895478889268552117","","xiazoting","in","","0","0","0","https://x.com/undefined/status/1895478889268552117","790773152871698432",
"1894994646809338182","Fri Feb 28 14:18:48 +0000 2025","0","@convomf 2 gunung emas tak cukup buat 1 orang serakah Tpi 1 piring nasi Padang sudah cukup buat orang bersyukur. Intinya dia kagak bersyukur dan serakah","1895478765700190418","","convomf","in","","0","0","0","https://x.com/undefined/status/1895478765700190418","1514657110671302675",
"1895397817553981720","Fri Feb 28 14:18:20 +0000 2025","0","@ojeyaaa Sekarang masih satu gunung apa dah jadi ¼ gunung? Anw izin tag ssd ya lenaaa","1895478649215971479","","ojeyaaa","in","","0","0","0","https://x.com/undefined/status/1895478649215971479","1410445849792978947",
"1895080035104759964","Fri Feb 28 14:17:37 +0000 2025","0","@MrOngDedy bikin/beli klub bola bangun beach club di canggu atau gunung kidul","1895478468521099750","","MrOngDedy","in","","0","0","0","https://x.com/undefined/status/1895478468521099750","1321445648369999872",
"1895478074315268389","Fri Feb 28 14:16:03 +0000 2025","0","lagian timbang milih pantai atau gunung intronya panjang bgt mae bawa2 moral ","1895478074315268389","","","in","","0","0","0","https://x.com/undefined/status/1895478074315268389","1156756346663866368",
"1895477632801833277","Fri Feb 28 14:14:18 +0000 2025","0","Panggilan gunung terdengar lebih imut daripada nama depanmu yang terdengar lebih jantan .","1895477632801833277","","","in","","1","1","0","https://x.com/undefined/status/1895477632801833277","1562814641658482688",
"1895465623423164696","Fri Feb 28 14:13:29 +0000 2025","0","@dicttion Nike? Nike nike ke puncak gunung","1895477427419369478","","dicttion","in","","0","0","0","https://x.com/undefined/status/1895477427419369478","1785379978311516161",
"1895407033274482702","Fri Feb 28 14:12:31 +0000 2025","0","@Zapeach_ Ini yg di gunung itu kan? Film hantu?","1895477182149071112","","Zapeach_","in","","0","1","0","https://x.com/undefined/status/1895477182149071112","1001560603",
"1895282395471020463","Fri Feb 28 14:12:19 +0000 2025","0","@hourly_absurd_2 gus akira kenal sm gus gunung ndak?","1895477133436420432","","hourly_absurd_3","in","","0","0","0","https://x.com/undefined/status/1895477133436420432","91108350",
"1895476842901201012","Fri Feb 28 14:11:10 +0000 2025","0","Saya juga punya gunung!","1895476842901201012","","","in","","0","0","0","https://x.com/undefined/status/1895476842901201012","391213449",
"1895476212509917673","Fri Feb 28 14:08:39 +0000 2025","0","mau makan chocolatos se gunung","1895476212509917673","","","in","","1","0","0","https://x.com/undefined/status/1895476212509917673","1521716735438913536",
"1895469484066103504","Fri Feb 28 13:41:55 +0000 2025","0","Wtb tiket biokop film petaka gunung Gede Xx1 Ramayana PKL yg pake promo beli 2 gratis 1 Wtb wts","1895469484066103504","","","in","","0","0","0","https://x.com/undefined/status/1895469484066103504","1181526624",
"1895469284694089872","Fri Feb 28 13:41:08 +0000 2025","4","dua dua langsung turun gunung","1895469284694089872","","","in","","0","0","0","https://x.com/undefined/status/1895469284694089872","1594891913882087424",
"1874144531849109993","Fri Feb 28 13:41:02 +0000 2025","0","@withloverain @gotshenburg Setuju suruh dia turun gunung ayang berantas yang jahat.","1895469258983006303","","withloverain","in","","0","1","0","https://x.com/undefined/status/1895469258983006303","1349912552801615872",
"1895297431472124266","Fri Feb 28 13:37:53 +0000 2025","0","@arsydeaa @evipuspitaaaa infone arep bukber ning gunung jare","1895468466532192511","","arsydeaa","in","","0","2","0","https://x.com/undefined/status/1895468466532192511","1232097153327091713",
"1895452663849918928","Fri Feb 28 13:34:49 +0000 2025","1","@caratstalk seungkwan tar tbtb hiking ke gunung lawu kan lucu yak","1895467696734740734","","caratstalk","in","","0","0","0","https://x.com/undefined/status/1895467696734740734","1861290708466049034",
"1895465313443176737","Fri Feb 28 13:30:47 +0000 2025","0","@SukabumiiFess gunung walat cafe","1895466682409423267","","SukabumiiFess","tl","","0","1","0","https://x.com/undefined/status/1895466682409423267","1525436436723683328",
"1895465754570698802","Fri Feb 28 13:27:06 +0000 2025","0","Lucu banget yang gambarin deh Jujur dari kelas 1 sampai kelas 6 esde masih suka gambar gunung gak berbakat menggambar. ","1895465754570698802","","","in","","0","0","0","https://x.com/undefined/status/1895465754570698802","2551415186",
"1895465274054463793","Fri Feb 28 13:25:12 +0000 2025","0","KALAPAS BERSERTA SELURUH PETUGAS LEMBAGA PEMASYARAKATAN NARKOTIKA KELAS IIA GUNUNG SINDUR Mengucapkan: Marhaban Ya Ramadhan SELAMAT MENUNAIKAN PUASA RAMADHAN 1446 H / 2025 M https://t.co/St4EsNi9qz","1895465274054463793","https://pbs.twimg.com/media/Gk4LnGMX0AApb82.jpg","","in","","0","0","0","https://x.com/undefined/status/1895465274054463793","4825173187",
"1894780963768697207","Fri Feb 28 13:24:26 +0000 2025","0","@yucattora ᅠ ᅠ Saya beberapa kali mendaki sebelumnya ... walau gunung Fuji belum pernah sih. Apakah Anda sendiri berpengalaman dengan gunung Fuji? Mendengar suara khas pengumuman kedatangan kereta nampaknya sedikit lagi mereka bisa berangkat. ᅠ","1895465082836140383","","yucattora","in","","0","1","0","https://x.com/undefined/status/1895465082836140383","1403190575092830211",
"1895457877185470858","Fri Feb 28 13:22:47 +0000 2025","0","Buat pembuka lihat gambar imut dari temennya nih. Dulu kalian kalau disuruh gambar bakal gambar sawah gunung dan matahari juga ga? https://t.co/wb8hkcgeYV","1895464666811523210","https://pbs.twimg.com/media/Gk4LEKpWAAAtCSv.jpg","Soaring2You","in","","28","1","0","https://x.com/undefined/status/1895464666811523210","2429061794",
"1895443603084001721","Fri Feb 28 13:22:37 +0000 2025","0","@beomtiyu Maklum anak gunung ","1895464627422871631","","beomtiyu","in","","0","1","0","https://x.com/undefined/status/1895464627422871631","1162503828530319361",
"1895464251965542782","Fri Feb 28 13:21:08 +0000 2025","0","Pgn naik gunung yang pantanganya di larang ngeluh sepanjang perjalanan aku bakal ngeluh kenapa duit ga abis abis malah tambah banyak. Biar jadi kenyataan","1895464251965542782","","","in","","0","0","0","https://x.com/undefined/status/1895464251965542782","1315674248",
"1895464232298361055","Fri Feb 28 13:21:03 +0000 2025","1","2025 nih beneran amaze: Lepas dari kemelekatan terhadap manusia Lari dan naik gunung Dikenalin temen di Gili Air sama (londo) lagi tapi satu Iman dan nyambung sampe sekarang. Karena sebelumnya pada Agnostic &amp; Atheis. Banyak cara Tuhan menyelamatkan Hamba-Nya","1895464232298361055","","","in","","0","0","0","https://x.com/undefined/status/1895464232298361055","226890734",
"1895462957590659248","Fri Feb 28 13:15:59 +0000 2025","0","taesan = gunung gede","1895462957590659248","","","in","","0","0","0","https://x.com/undefined/status/1895462957590659248","1403980920672030727",
"1895457496254623833","Fri Feb 28 13:14:02 +0000 2025","0","@lacosvte air gunung","1895462466689327114","","lacosvte","in","","0","1","0","https://x.com/undefined/status/1895462466689327114","866270832082927616",
"1895411712184230145","Fri Feb 28 13:13:18 +0000 2025","0","@IrawanRommi Buktikan saja dulu . Jangam kayak Jkw omonganja segede gunung . Akhirnja Utang segunung. . Ekonomi 7% 10 juta lapker swasemda pangan . Ujung2nja Angin @mir","1895462283255697464","","IrawanRommi","in","","0","1","0","https://x.com/undefined/status/1895462283255697464","1503028852087746560",
"1895451755376492991","Fri Feb 28 13:10:49 +0000 2025","0","@delusorys Mie ayam 9k ayam bakar bu setu sama gunung lawu.. sama inii sayur lodeh 3rb..","1895461654764396774","","delusorys","in","","0","1","0","https://x.com/undefined/status/1895461654764396774","1183679806350643200",
"1895461157928161311","Fri Feb 28 13:08:50 +0000 2025","0","Ada yg jual preloved jaket gunung? Especially Consina dkk? Thank youuu","1895461157928161311","","","in","","0","0","0","https://x.com/undefined/status/1895461157928161311","1377233419084570628",
"1894699950199513304","Fri Feb 28 13:06:43 +0000 2025","0","@babypinkkk23 @tanyakanrl Aku juga tim Indosat IM3 yg mudiknya ke plosok gunung tetap aman internetan","1895460623494140120","","babypinkkk23","in","","0","0","0","https://x.com/undefined/status/1895460623494140120","1835673992755355650",
"1895460510151430499","Fri Feb 28 13:06:16 +0000 2025","1","naik gunung kehujanan turun gunung kehujanan. balik pulang kehujanan juga dari mojokerto-surabaya ","1895460510151430499","","","in","","0","0","0","https://x.com/undefined/status/1895460510151430499","289223592",
"1894699950199513304","Fri Feb 28 13:04:40 +0000 2025","0","@arinaak17_ @tanyakanrl Pakai IM3 emang jaringannya luas. Aku juga mudiknya deket gunung lawu jangan2 sama nih","1895460109704388861","","ayin1717","in","","0","0","0","https://x.com/undefined/status/1895460109704388861","1835673992755355650",
"1895441484717162550","Fri Feb 28 13:04:00 +0000 2025","1","@alisyarief Dari tahun ke tahun ini saja yang terjadi perdebatan yang sebenar tidak perlu saya yakin kalau Rasulullah SAW masih hidup pasti beliau akan memakai metode hisab bayangkan seandainya terjadi letusan gunung macam krkatau bagaimana mau melihat hilal langit tertutup debu berbulan2","1895459941227655457","","alisyarief","in","","0","2","0","https://x.com/undefined/status/1895459941227655457","1369533748417495049",
"1894561496459579646","Fri Feb 28 12:59:26 +0000 2025","0","@supandi89 @Ewave_Network Benar sekali saya lebi baik hifup di gunung dari pada setiap saat saya menipu org dan membrri harapan palsu sma org lain","1895458792873312448","","supandi89","in","","0","0","0","https://x.com/undefined/status/1895458792873312448","1884242543120134144",
"1895458592146571596","Fri Feb 28 12:58:38 +0000 2025","0","DIPANGKU MAS GUNUNG️ https://t.co/bSrtVTkNce","1895458592146571596","https://pbs.twimg.com/media/Gk4Fi3MXcAACapz.jpg","","in","","0","1","0","https://x.com/undefined/status/1895458592146571596","1766394220087267328",
"1895310737247265194","Fri Feb 28 12:57:34 +0000 2025","0","@soihyurn DIATAS GUNUNG ITUH","1895458319776809409","","soihyurn","in","","0","1","0","https://x.com/undefined/status/1895458319776809409","522909449",
"1895457785678385473","Fri Feb 28 12:55:26 +0000 2025","8","Ugly mendenya babi. Tu plain looking aka muka awam ja. Kalau ugly tu pakwe si selena gomez. Muka serupa nenek moyang dia dari kerajaan khazar dekat gunung kaukasus tu tak mandi bawak ke dia.","1895457785678385473","","","in","","0","2","0","https://x.com/undefined/status/1895457785678385473","547011411",
"1895433254804816144","Fri Feb 28 12:54:33 +0000 2025","0","@latenightkaffee Emang atlet klo naik gunung mah malah milih pas puasa Gokss","1895457563434766606","","latenightkaffee","in","","0","1","0","https://x.com/undefined/status/1895457563434766606","289807639",
"1895042761327538347","Fri Feb 28 12:54:27 +0000 2025","0","@no1willfiindme Di gunung mana ini","1895457536519852108","","no1willfiindme","in","","0","0","0","https://x.com/undefined/status/1895457536519852108","1537154790614249472",
"1895456638003519707","Fri Feb 28 12:50:53 +0000 2025","0","wwkkw orang bumn udah pada turun gunung disuruh upload day in a life","1895456638003519707","","","in","","0","1","0","https://x.com/undefined/status/1895456638003519707","870910427021967360",
"1895290286349394027","Fri Feb 28 12:50:10 +0000 2025","1","@CutSarina5 @gtobing2903 @aniesbaswedan @KPK_RI @KejaksaanRI Ratu buzzer cebong sampai turun gunung buat curi start dan bersih². Tapi ngelemparin taik ke muka orang lain!!! Parah buzzer ternakan cebong!!!","1895456461171704318","","cutsarina5","in","","0","0","0","https://x.com/undefined/status/1895456461171704318","1816053576856403968",
"1895456271526174837","Fri Feb 28 12:49:25 +0000 2025","1","Ikan hiu ikan lele Gunung Gede leee Seneng banget Geng Pendaki bisa kembali ke lokasi syuting dengan teman-teman pemenang #MendakiBarengPGG. Terima kasih juga buat kalian yang sudah menjadi bagian dari PETAKA GUNUNG GEDE #PetakaGunungGede #FilmPetakaGunungGede https://t.co/hjwRJ3KAqv","1895456271526174837","https://pbs.twimg.com/ext_tw_video_thumb/1895456040872816640/pu/img/16yi7__hPGDtteUD.jpg","","in","","0","0","0","https://x.com/undefined/status/1895456271526174837","71190489",
"1895455397747790298","Fri Feb 28 12:46:28 +0000 2025","0","Ada juga keluarga yang datang ramean terus abis turun gunung mereka masih lanjut lagi nggak tahu ke gunung mana. DAMN aku aja baru satu gunung kaki udah gemeter. ","1895455529985880361","","neikomaa","in","","0","0","0","https://x.com/undefined/status/1895455529985880361","1873252041587658752",
"1895455397747790298","Fri Feb 28 12:46:28 +0000 2025","0","Banyak banget kakek nenek umur 60-70an yang naik gunung ini tapi mereka masih kuat banget! Mereka datang rombongan gitu. Banyak juga anak kecil karena hari ini libur. Aku jadi merasa yang paling jompo. ","1895455527355990424","","neikomaa","in","","0","1","0","https://x.com/undefined/status/1895455527355990424","1873252041587658752",
"1895455447152562323","Fri Feb 28 12:46:09 +0000 2025","0","Setelah sekian lama liat temen di instagram travelingnya gunung laut gunung laut terussss tadi pagi liat dia di jepang luxury trip happy bgttt","1895455447152562323","","","in","","0","0","0","https://x.com/undefined/status/1895455447152562323","2658741044",
"1895455397747790298","Fri Feb 28 12:46:05 +0000 2025","0","Katanya ini adalah gunung tertinggi di Taipei dengan main peak setinggi 1.120 mdpl. Tadi aku sampai puncak ke atas sana tapi karena rame banget dan antri jadi nggak sempat foto tiangnya. Foto di puncak ada aku-nya jadi nanti bakal aku post di akun gembok aja hihihi. ^^ https://t.co/DrtEpECgi3","1895455431226749006","https://pbs.twimg.com/media/Gk4CpYraoAA8PKH.jpg","neikomaa","in","","1","1","0","https://x.com/undefined/status/1895455431226749006","1873252041587658752",
"1895455397747790298","Fri Feb 28 12:45:57 +0000 2025","1","#LaurenGoesTo 七星山 ️️ Kegiatan yang benar-benar menguras energiku hari ini. Kata temenku jalurnya beginner-friendly karena di review cuma dikasih bintang satu jadi aku iya-iya aja. Tapi buat aku yang naik gunung setahun sekali ini CAPEK BANGET! *nangis* https://t.co/6NAB0fEKPG","1895455397747790298","https://pbs.twimg.com/media/Gk4Cl5TWoAAgkpT.jpg","","in","","0","1","0","https://x.com/undefined/status/1895455397747790298","1873252041587658752",
"1894776537398104380","Fri Feb 28 12:45:11 +0000 2025","0","@liyyyyaa waktu itu udah ke 1 psikolog dan 2 psikiater di rs yang berbeda malem malem mikirin mau gantungin tali di mana around 2019. apapun dilakuin biar bisa tidur biar ga kepikiran. survive yang pertama memutuskan naik gunung yang kedua gue pesen tiket pesawat buat liburan.","1895455207443906784","","liyyyyaa","in","","0","1","0","https://x.com/undefined/status/1895455207443906784","1276491981020000256",
"1895101026837143987","Fri Feb 28 12:43:38 +0000 2025","0","@sunsh1ne1njuly semangat kak lain kali nyoba berbuka di atas gunung lebih menantang","1895454817281318952","","sunsh1ne1njuly","in","","0","1","0","https://x.com/undefined/status/1895454817281318952","1864820842531889152",
"1895429292869509301","Fri Feb 28 12:38:27 +0000 2025","0","@gnejaadc Betul Indonesia arena itu artinya arena gunung","1895453512135520538","","gnejaadc","in","","0","1","0","https://x.com/undefined/status/1895453512135520538","1720287636936589312",
"1895441670008975659","Fri Feb 28 12:35:13 +0000 2025","0","@gashinaedeul kalo pake ini hrs jd anak gunung/trekking dlu ga sih","1895452696473456929","","gashinaedeul","in","","0","1","0","https://x.com/undefined/status/1895452696473456929","870638643802656768",
"1895438524280905923","Fri Feb 28 11:38:57 +0000 2025","0","Kalo tiba2 mereka ngundang antara @LArc_official @yuki_blue_tears @BoA_Official @pitbull @MichaelBuble @MCRofficial @falloutboy @30SECONDSTOMARS @secondhandjohn @GoodCharlotte ato semacamnya yang segenerasi... Fix langsung lah book vip-3 day pass. Kita turun gunung https://t.co/JpVTngJRWi","1895438538197602785","https://pbs.twimg.com/tweet_video_thumb/Gk3zTE9WcAAKDtC.jpg","yogasuud","in","","0","0","0","https://x.com/undefined/status/1895438538197602785","1183297844494524416",
"1895438524280905923","Fri Feb 28 11:38:54 +0000 2025","0","LETS GOOOOOO. Pinter ye @LalalaFest lineup phase 1 ada : @DoAsInfinity929 @bep @MayerHawthorne @MONDOGROSSO_JP Para kaum renta ini jadi mau turun gunung. Gamau tau harus ada booth tolak angin dan pijat. https://t.co/FlNLWZbZeo","1895438524280905923","https://pbs.twimg.com/ext_tw_video_thumb/1895438478919487489/pu/img/idmsdJDokbX31pdU.jpg","","in","","0","2","0","https://x.com/undefined/status/1895438524280905923","1183297844494524416",
"1895226008099528850","Fri Feb 28 11:37:46 +0000 2025","0","@yuppykenyyal Bagaikan gunung kembar siap di apit segala bidang","1895438240930574466","","yuppykenyyal","in","","0","0","0","https://x.com/undefined/status/1895438240930574466","1638946337935990784",
"1895436263450374235","Fri Feb 28 11:32:58 +0000 2025","1","@cimosoft Biji kembar bukan gunung ","1895437030747955559","","cimosoft","in","","0","1","0","https://x.com/undefined/status/1895437030747955559","1875760589609562117",
"1895436494447460515","Fri Feb 28 11:30:50 +0000 2025","0","18.30 WIB #Tol_Surabaya_Gempol Putat Gede KM 09 - Keluar Gunung Sari KM 12 PADAT kepadatan volume lalin di jalan arteri. Jambangan KM 13 - Masjid Agung KM 15 PADAT kepadatan volume lalin.","1895436494447460515","","","in","","0","1","0","https://x.com/undefined/status/1895436494447460515","540625251",
"1895429061801070887","Fri Feb 28 11:29:09 +0000 2025","0","@arsthimv menunaikan hidup baru ... di gunung ... kah ... (udah takut duluan) TAPI MAKASIH BANYAK ARA sudah meramaikan rafflenya! semoga kamu yang beruntung yah ","1895436071066046769","","arsthimv","in","","0","0","0","https://x.com/undefined/status/1895436071066046769","1494902237272838149",
"1895435592093282624","Fri Feb 28 11:27:15 +0000 2025","0","Pletan biin inget kin gus gunung masak jeg di rong telu ngengkebang sabu Mabok ratu batara","1895435592093282624","","","in","","0","1","0","https://x.com/undefined/status/1895435592093282624","878929467044790273",
"1895423729867596208","Fri Feb 28 11:25:23 +0000 2025","0","@pm_tan ooohh! lucu juga mau coba promptnya sama hatsuhina? tapi dia as personanya yang rambut pendek.. kecuali mau ketemu di kuil di gunung...","1895435123929334117","","pm_tan","in","","0","1","0","https://x.com/undefined/status/1895435123929334117","1665346047307321344",
"1895435032669618542","Fri Feb 28 11:25:01 +0000 2025","0","Alhamdulillah. Setelah ngerasain ga gajian selama 8 bulan hari ini balik ngerasain gajian lagi. Gapapa sedikit nanti lama lama jadi Gunung Everest https://t.co/cr0vZ1VE1C","1895435032669618542","https://pbs.twimg.com/media/Gk3wHWmXAAAy5QL.jpg","","in","","0","0","0","https://x.com/undefined/status/1895435032669618542","1044464222313148417",
"1895434731392840052","Fri Feb 28 11:23:50 +0000 2025","0","muka aku kayak gunung kah","1895434731392840052","","","in","","0","0","0","https://x.com/undefined/status/1895434731392840052","3093977605",
"1895434002028548354","Fri Feb 28 11:20:56 +0000 2025","0","@txtdariwolfer kata orang tak kenal maka tak sayang disana gunung disini gunung ditengah tengahnya orang jawa lu bingung gua bingung yang penting kita ketawa. bass ku petik gitar ku betot hai jelmaan patrick mau tau gejrot? https://t.co/vQMLYMeqWX","1895434002028548354","https://pbs.twimg.com/media/Gk3vLI9bkAAOK8A.jpg","txtdariwolfer","in","","1","40","0","https://x.com/undefined/status/1895434002028548354","1290560442553663490",
"1895295800839979392","Fri Feb 28 11:19:15 +0000 2025","0","@emerson_yuntho @Divpropam ada juga simulator sim mirip game android ... dari 1000 orang buat sim baru mungkin 2 yg lolos 998 orang akhirnya nembak ... saya pribadi mending di tes bawa kendaraan naik turun gunung ketimbang simulator jahanam","1895433579448136009","","emerson_yuntho","in","","0","0","0","https://x.com/undefined/status/1895433579448136009","1732058145818898432",
"1895433141688693124","Fri Feb 28 11:17:31 +0000 2025","0","ass wr wb pak ustadz bisakah diri saya dijadikan sebagai objek penelitian saya sendiri soalnya saya udh ga tau mau nyari kmn lagi......... haruskah saya menggali tanah atau membabat hutan atau menyelami lautan atau mendaki gunung atau mencintai yang semestinya tak dicintai","1895433141688693124","","","in","","0","0","0","https://x.com/undefined/status/1895433141688693124","1735890640494596096",
"1895432654327361703","Fri Feb 28 11:15:34 +0000 2025","10","Belum 20k. Naik2 ke puncak gunung. Duliu Pak BJ Habibie alm sanggup nurunin sampe 8k krn kredibilitas beliau TOP BGT. Klo yg skg mah gak tau jg sih ya. ","1895432654327361703","","","in","","0","4","3","https://x.com/undefined/status/1895432654327361703","1303615921550835712",
"1895425255365394723","Fri Feb 28 11:13:49 +0000 2025","0","@HarrisCainee syiapp riss janlup spoiler dikit dikit nanti lama lama menjadi gunung ","1895432213510201658","","HarrisCainee","in","","0","0","0","https://x.com/undefined/status/1895432213510201658","1809713060854329344",
"1893930373488214310","Fri Feb 28 11:13:38 +0000 2025","0","kesan hangat kala mata memandang dan dari posisi saat ini gunung fuji sudah terlihat walau begitu kecil jika dipandang dari posisi mereka saat ini kita foto di bawah kaki gunung saja sebentar lagi sampai seharusnya kalau jalan pintas masih dibuka. &amp;. @pulchrietuede.","1895432166357750012","","shamgxiao","in","","0","1","0","https://x.com/undefined/status/1895432166357750012","2438175445",
"1895432074594775156","Fri Feb 28 11:13:16 +0000 2025","0","Gue ga bisa cm pasang gas doang dulu waktu di kosan pake kompor gas kecil yg buat naik gunung soalnya sisanya gausah ditanya wkwkwk","1895432074594775156","","","in","","0","0","0","https://x.com/undefined/status/1895432074594775156","825207913677418496",
"1895432004373799370","Fri Feb 28 11:12:59 +0000 2025","0","Wamenaker Bakal Turun Gunung Datangi Korban PHK Sritex Janjikan Ini https://t.co/3NCCFGaljr","1895432004373799370","","","in","","0","2","1","https://x.com/undefined/status/1895432004373799370","847372542830444544",
"1895393972031533400","Fri Feb 28 11:10:36 +0000 2025","0","@dongyoeung itu gunung apa tinggi bener","1895431402038157502","","elscalpero","in","","0","0","0","https://x.com/undefined/status/1895431402038157502","1238681552030060544",
"1895151626035568823","Fri Feb 28 11:10:07 +0000 2025","0","@smgatdkgila @formulafakers Yo dah sana buruan ke gunung Kawi ","1895431282596905181","","smgatdkgila","in","","0","0","0","https://x.com/undefined/status/1895431282596905181","2542993615",
"1895288046276497780","Fri Feb 28 11:09:27 +0000 2025","0","@AlhayzaX jirr tinggi bgt yaa gunung sampahnya","1895431114527060084","","AlhayzaX","in","","0","0","0","https://x.com/undefined/status/1895431114527060084","1807435233471746048",
"1895431024643019192","Fri Feb 28 11:09:06 +0000 2025","0","Gunung Pueh dicalonkan sebagai Tapak Rizab Biosfera UNESCO pertama di Sarawak Strim live di https://t.co/XMTbm9wVSI atau di aplikasi MYTV Mana-Mana Unifi TV dan Astro GO sekarang! #TVS122 #TVSNews #TVSarawak https://t.co/bGmvQ0L2Xm","1895431024643019192","","","in","","0","0","0","https://x.com/undefined/status/1895431024643019192","2821017554",
"1895431019387625853","Fri Feb 28 11:09:05 +0000 2025","0","Ni orang orang semarang atas pada turun gunung semua apa gimana dah macetnya gila cok dari otw stasiun sampe balik lagi ke tembalang","1895431019387625853","","","in","","0","0","0","https://x.com/undefined/status/1895431019387625853","1650336156209532928",
"1895429292869509301","Fri Feb 28 11:08:47 +0000 2025","0","@ndathvi di indo naik gunung","1895430943965696051","","ndathvi","in","","0","1","0","https://x.com/undefined/status/1895430943965696051","989429839001104384",
"1895430746308747410","Fri Feb 28 11:07:59 +0000 2025","2","info masjid buat solat taraweh di sekitaran jl gunung slamet dong jendss yg deket","1895430746308747410","","","in","","0","0","0","https://x.com/undefined/status/1895430746308747410","1855834355165544448",
"1895430618412147077","Fri Feb 28 11:07:29 +0000 2025","0","COY ENAK BANGET GUE GATAU LAGI DAH CINTA SEGEDE GUNUNG HIMALAYA SAMA SI JUNG HOSEOK INI","1895430618412147077","","","in","","0","0","0","https://x.com/undefined/status/1895430618412147077","1331207771518242823",
"1895430498987720801","Fri Feb 28 11:07:01 +0000 2025","0","Celana gunung paling best. Bisa pilih warna. Paling diminati dan di cari banyak orang Cek harga https://t.co/jLgCsmklF0 https://t.co/ldM50G5tAS","1895430498987720801","https://pbs.twimg.com/media/Gk3r_P4a4AA3E6o.jpg","","in","","0","0","0","https://x.com/undefined/status/1895430498987720801","2545262275",
"1895430117389955472","Fri Feb 28 11:05:30 +0000 2025","0","Aduh anjeengggg kalau lu baru pulang naek gunung tuh minimal mandi dulu ngga sih baru naik KRL bau banget monyeeettt GW NAHAN MUNTAH DARI TADI","1895430117389955472","","","in","","0","0","0","https://x.com/undefined/status/1895430117389955472","1075415433740615685",
"1895429697300996108","Fri Feb 28 11:03:49 +0000 2025","0","18.03 WIB #Tol_Surabaya_Gempol Putat Gede KM 09 - Keluar Gunung Sari KM 12 PADAT kepadatan volume lalin di jalan arteri. Jambangan KM 13 - Masjid Agung KM 15 PADAT kepadatan volume lalin.","1895429697300996108","","","in","","0","1","0","https://x.com/undefined/status/1895429697300996108","540625251",
"1895428242930344377","Fri Feb 28 11:02:52 +0000 2025","0","Terakhir bgt nonton film rame2 di halaman rumah seorang kawan. Salah satu filmnya 5cm. Itu jg yg bikin fomo naik gunung bareng. Beberapa kawan malah keterusan sampe skrg. Tiap denger sountrack filmnya auto keinget moment2 bareng. Shit lah","1895429454962585856","","psycho_nautics","in","","0","0","0","https://x.com/undefined/status/1895429454962585856","401158352",
"1895105824416243899","Fri Feb 28 11:02:28 +0000 2025","0","@latenightkaffee Sering² naik gunung ","1895429357797355898","","latenightkaffee","in","","0","1","0","https://x.com/undefined/status/1895429357797355898","458802073",
"1894201072656552280","Fri Feb 28 11:01:59 +0000 2025","1","@rejekianakbaik Yang bisa nangis sambil makan asli itu beban udah segede gunung... Gak tegaa liat nya...","1895429235822797258","","rejekianakbaik","in","","0","0","0","https://x.com/undefined/status/1895429235822797258","240547387",
"1895429094235677140","Fri Feb 28 11:01:26 +0000 2025","0","PCNU Kabupaten Tuban mengungkapkan bahwa hilal di Gunung Rengit Kecamatan Grabagan belum terlihat karena cuaca mendung. Mari kita tunggu info dari lokasi lain yaa lur... #infotuban #tuban https://t.co/S2Qwwt7aNi","1895429094235677140","https://pbs.twimg.com/amplify_video_thumb/1895428971346505728/img/v5nudj5Jj-RJCl3B.jpg","","in","","0","0","0","https://x.com/undefined/status/1895429094235677140","962135283452993536",
"1895428922705322347","Fri Feb 28 11:00:45 +0000 2025","0","pengen nonton you are the apple of my eye tapi yang di tlaktir maunya nonton petaka gunung gede ‍️","1895428922705322347","","","in","","0","0","0","https://x.com/undefined/status/1895428922705322347","1721745690840465409",
"1895318176843669887","Fri Feb 28 10:59:09 +0000 2025","0","@yusrilfahriza Tapi bener Kanky ini bagus banget kualitas nya. Gw pernah pake Kanky yang buat casual tapi gw tantang dipake naik Gunung iya naik Gunung Ciremai buset bisa tahan sampe skrg masih sering dipaké buat ngantor ","1895428523311136982","","yusrilfahriza","in","","0","0","0","https://x.com/undefined/status/1895428523311136982","1156963421658574848",
"1895428510266835287","Fri Feb 28 10:59:06 +0000 2025","1","Terpantau di gunung kawi banyak org jualan bunga tabur di pinggir jalan tapi yg jual makanan nyaris gaada. Aku malem ini sama buat sahur besok mam kembang aja ta ini :'))","1895428510266835287","","","in","","0","1","0","https://x.com/undefined/status/1895428510266835287","991490559423344640",
"1895428416171802814","Fri Feb 28 10:58:44 +0000 2025","0","Syit kangen cuaca gunung","1895428416171802814","","","in","","0","0","0","https://x.com/undefined/status/1895428416171802814","45529134",
"1895427842231636389","Fri Feb 28 10:56:27 +0000 2025","0","gunung wae isoh banjir https://t.co/covVsXyJAv","1895427842231636389","https://pbs.twimg.com/media/Gk3pk9jWAAAnmS1.jpg","","in","","0","0","0","https://x.com/undefined/status/1895427842231636389","2462449513",
"1895408205163012589","Fri Feb 28 10:55:55 +0000 2025","0","@Godong_kluthuk Apa naik gunung harta aja ya mas wkwk","1895427709335179674","","Godong_kluthuk","in","","0","1","0","https://x.com/undefined/status/1895427709335179674","1750521079712628736",
"1895427658613432374","Fri Feb 28 10:55:43 +0000 2025","2","#BacaBukuSejarahBareng Kalo udah baca Namaku Alam. Ini denah rumah yg mereka sekeluarga dibawa ke Gunung Sahari dan Yu Kenanga disuru bersihin daeah di ruang penyiksaan https://t.co/tklzFuOSJ7","1895427658613432374","https://pbs.twimg.com/media/Gk3pZg1XgAAx4e-.jpg","","in","","0","2","0","https://x.com/undefined/status/1895427658613432374","434722370",
"1895421269857944039","Fri Feb 28 10:30:20 +0000 2025","0","Seharian hujan itu gunung jd ga kelihatan woyyyy. Bandung jd senduuu https://t.co/4fOS6F2lQo","1895421269857944039","https://pbs.twimg.com/media/Gk3jj2SXQAAvhjO.jpg","","in","","0","0","0","https://x.com/undefined/status/1895421269857944039","431428250",
"1894994646809338182","Fri Feb 28 10:29:40 +0000 2025","0","@convomf Karena pada dasarnya manusia ga akan puas sama harta bahkan kalau udh punya segunung emaspun dia bakal cari gunung emas yg kedua","1895421102874337730","","convomf","in","","0","0","0","https://x.com/undefined/status/1895421102874337730","1373563948956479491",
"1895421020741443820","Fri Feb 28 10:29:21 +0000 2025","0","Buat capai 1M viewers capek bgt berasa naik gunung ","1895421020741443820","","","in","","0","0","0","https://x.com/undefined/status/1895421020741443820","1583300811177672705",
"1895420601843757559","Fri Feb 28 10:27:41 +0000 2025","0","Gw rasanya pengen naik gunung lah","1895420601843757559","","","in","","1","1","0","https://x.com/undefined/status/1895420601843757559","1798383222164004864",
"1895420429872882141","Fri Feb 28 10:27:00 +0000 2025","0","Gubernur Jawa Barat Dedi Mulyadi merespons Kepala Desa Gunung Menyan Kabupaten Bogor Wiwin Komalasari yang viral di media sosial dan dianggap menghina bingkisan nasi kotak. Dedi Mulyadi menilai dalam video tersebut ada perkataan yang menyinggung publik. (ist) https://t.co/S5vmH3dIdZ","1895420429872882141","https://pbs.twimg.com/ext_tw_video_thumb/1895361739417382913/pu/img/FaFB8qUFJI6if-ay.jpg","","in","","0","0","1","https://x.com/undefined/status/1895420429872882141","124171593",
"1895418466045444564","Fri Feb 28 10:25:44 +0000 2025","0","itu dia beliin jaket tebel krna last time ak minjem carrier dan jaket buat ke gunung tp dia gapunya jaket jadi ya skrg dibeliin (ok next ke gunung mana kita wok) aww so cuteee","1895420110846009828","","mndingturuu","in","","0","1","0","https://x.com/undefined/status/1895420110846009828","1710732573884981248",
"1895410190398415232","Fri Feb 28 10:25:01 +0000 2025","0","Kasihan gak sih kurir paketnya menyebrangi sungai lembah melintasi gunung demi nganter paket :(((","1895419929387737277","","d7hd7ldj3s8","in","","0","2","0","https://x.com/undefined/status/1895419929387737277","1809092282832015360",
"1895409848881438957","Fri Feb 28 10:24:03 +0000 2025","1","@Jingga_ch Aman Pack emang rawan daerah gunung ","1895419686638301640","","Jingga_ch","in","","0","1","0","https://x.com/undefined/status/1895419686638301640","1334350027980857346",
"1895419582237876558","Fri Feb 28 10:23:38 +0000 2025","2","definisi film akan memilih aktornya sendiri.. dan bener keren banget akting @asheladz sama Arla mungkin kalo bukan mereka yg meranin gak bakalan sebagus itu chemistrynya gw naik gunung aja cape apalagi sambil syuting horor? u nailed it cel! #petakagununggede https://t.co/X47DGhkc4F","1895419582237876558","https://pbs.twimg.com/media/Gk3iDNQXIAAKJLS.jpg","","in","","0","0","1","https://x.com/undefined/status/1895419582237876558","291173257",
"1895419357376950592","Fri Feb 28 10:22:44 +0000 2025","0","Traveloka 13 tahun waktunya mewujudkan mimpi ke Jepang! Pemandangan gunung salju yang bikin adem mata udah lama ada di bucket list gue. Apalagi ada diskon s.d. 50% &amp; ekstra kupon s.d. Rp13jt! #TravelokaBirthday #GrowingwithYou https://t.co/Dz1i38emui","1895419357376950592","https://pbs.twimg.com/media/Gk3h3F-X0AE4MMF.jpg","","in","","0","0","0","https://x.com/undefined/status/1895419357376950592","743601330116247552",
"1895419179651813589","Fri Feb 28 10:22:02 +0000 2025","0","semoga ada rezeki menawan gunung kk ye lepas ni","1895419179651813589","","","in","","0","0","0","https://x.com/undefined/status/1895419179651813589","1533725662204547072",
"1895393111414898723","Fri Feb 28 10:21:45 +0000 2025","0","@mengalirsajaaaa kpn yh bisa naik gunung","1895419111292969310","","anaknyabulan","in","","0","0","0","https://x.com/undefined/status/1895419111292969310","485622807",
"1895411047294787596","Fri Feb 28 10:19:38 +0000 2025","0","@tetehtacil gengsi mereka berdua setinggi gunung Everest kata gue NIVEA X PERTHSANTA #NIVEAMicellarXPerthSanta","1895418576200442210","","tetehtacil","in","","0","0","0","https://x.com/undefined/status/1895418576200442210","1763061933375451136",
"1895288046276497780","Fri Feb 28 10:18:36 +0000 2025","0","@AlhayzaX Gunung sampah ga tuh dah","1895418317101531141","","AlhayzaX","in","","0","0","0","https://x.com/undefined/status/1895418317101531141","1198703200347422720",
"1895414464658526222","Fri Feb 28 10:15:56 +0000 2025","0","@3s_tgrngVna Mie ayam Tunggal dara gunung kidul.. ","1895417647183073422","","3s_VeeTgrJkt","in","","0","1","0","https://x.com/undefined/status/1895417647183073422","1142240415984173057",
"1895417420438700282","Fri Feb 28 10:15:02 +0000 2025","0","Dikenal dengan keindahan alamnya intip potret momen senja di Pantai Sundak Gunungkidul yang berhiaskan langit berwarna orange https://t.co/TAJuuoz3im","1895417420438700282","","","in","","0","0","0","https://x.com/undefined/status/1895417420438700282","1404018642",
"1895417160950026527","Fri Feb 28 10:14:00 +0000 2025","0","BENERAN GUNUNG GEDE","1895417160950026527","","","in","","0","0","0","https://x.com/undefined/status/1895417160950026527","1840327824873508864",
"1895407288233628020","Fri Feb 28 10:12:54 +0000 2025","0","@narayups disini ya gunung Kilimanjaro","1895416881663905925","","narayups","in","","0","0","0","https://x.com/undefined/status/1895416881663905925","1640699580",
"1895318176843669887","Fri Feb 28 10:11:31 +0000 2025","0","@yusrilfahriza Bisa buat naik gunung ga ya series ini. Belum punya sepatu trail run","1895416532987240633","","yusrilfahriza","in","","0","0","0","https://x.com/undefined/status/1895416532987240633","1616682207426514945",
"1895416409687314573","Fri Feb 28 10:11:01 +0000 2025","6","Gunung Semeru Erupsi Tinggi Letusan Capai 900 Meter https://t.co/uKsWpWBhqg","1895416409687314573","","","in","","0","0","1","https://x.com/undefined/status/1895416409687314573","47596019",
"1893930373488214310","Fri Feb 28 10:10:32 +0000 2025","0","... hal pertama yang ia lihat tetapi kali ini lebih dekat lebih terlihat nyata membuat gadis ini dibuat terperangah. ... Ah? Beruntung sekali. Aku sendiri hampir pernah ke sini juga. Ini bukan kali pertama dirinya ke Jepang namun Gunung Fuji tidak pernah masuk ...","1895416285749739602","","pulchrietuede","in","","0","1","0","https://x.com/undefined/status/1895416285749739602","1383622517156323335",
"1893930373488214310","Fri Feb 28 10:08:42 +0000 2025","0","@shamgxiao Bila ini bukan tempat umum dan Arlene tidak tahu cara beretika maka gadis ini pasti sudah melempar tantrum dengan sembarang. Mungkin Zhi Feng malah menjadi sasarannya tetapi beruntung hal tersebut tidak terjadi. Ketika turun dari stasiun pemandangan Gunung Fuji menjadi ...","1895415827073257597","","shamgxiao","in","","0","1","0","https://x.com/undefined/status/1895415827073257597","1383622517156323335",
"1895414648033472744","Fri Feb 28 10:07:25 +0000 2025","0","mencapai puncaknya dan nikmati segala keindahan dari puncak tertingginya disitu yang harus kita sadari klo nikmat Allah itu luas nikmat Allah itu tidak bisa kita hitung. -Gunung lakaan 1600 mdpl ahad 23 februari 2025.","1895415501339447618","","Wandhyi__","in","","0","0","0","https://x.com/undefined/status/1895415501339447618","1565259193409368064",
"1895366879272935928","Fri Feb 28 10:05:48 +0000 2025","0","@cchimoriw GEDE BGT EMANG ini mah udh perbandingan antara permukaan laut sama puncak gunung ","1895415093699150333","","cchimoriw","in","","0","1","0","https://x.com/undefined/status/1895415093699150333","1874838002033430528",
"1895264755440590890","Fri Feb 28 10:05:37 +0000 2025","0","@mincedtofu @pn7l7h @erickthohir Lumayan bang kebeli lah tuh gunung dan uranium punya pengacara Firdaid Oiwobo","1895415048690098231","","mincedtofu","in","","0","0","0","https://x.com/undefined/status/1895415048690098231","897749262653509632",
"1895301423673548934","Fri Feb 28 10:04:41 +0000 2025","0","@calomagang Hahaha dulu mah blm ada tangga kaya naik gunung aja","1895414813448376370","","calomagang","in","","0","0","0","https://x.com/undefined/status/1895414813448376370","1372816452386836480",
"1895414305417564302","Fri Feb 28 10:02:40 +0000 2025","0","Unit Samapta Polsek Ciledug Melakukan Patroli Dalam Rangka Mengantisipasi Kejahatan Rumsong Curat Curas &amp; Curanmor (3C) Serta Guantibmas Lainnya Di Alfamidi Jl. Sunan Gunung Jati Kel. Peninggilan Kec. Ciledug Kota Tangerang. Kamis 27/02/2025 https://t.co/H2lCu32A2y","1895414305417564302","https://pbs.twimg.com/media/Gk3dQZSW8AAvkcX.jpg","","in","","0","0","0","https://x.com/undefined/status/1895414305417564302","1309059801641619457",
"1895413882275221570","Fri Feb 28 10:00:59 +0000 2025","0","17.00 WIB #Tol_Surabaya_Gempol Putat Gede KM 09 - Keluar Gunung Sari KM 12 PADAT kepadatan volume lalin di jalan arteri. Jambangan KM 13 - Masjid Agung KM 15 PADAT kepadatan volume lalin.","1895413882275221570","","","in","","0","1","0","https://x.com/undefined/status/1895413882275221570","540625251",
"1895039983720993184","Fri Feb 28 09:59:53 +0000 2025","0","@KamoiRukaVT @raimukaxian @riou_izumi Perlu ku turun gunung kah?","1895413606067700054","","kamoirukavt","in","","0","0","0","https://x.com/undefined/status/1895413606067700054","1830141673437085696",
"1895412254486778151","Fri Feb 28 09:54:31 +0000 2025","0","ini sign apakah tahun depan bisa melihat gunung fuji https://t.co/RnNzE2f0MM","1895412254486778151","https://pbs.twimg.com/media/Gk3bY9basAAMSEL.jpg","","in","","0","0","0","https://x.com/undefined/status/1895412254486778151","2213480538",
"1895407824932671811","Fri Feb 28 09:53:51 +0000 2025","0","@narayups Dominika memiliki hutan hujan lebat sungai jernih gunung berapi dan mata air panas alami","1895412089252163732","","narayups","in","","0","0","0","https://x.com/undefined/status/1895412089252163732","1675308325142167553",
"1895365272669954558","Fri Feb 28 09:49:37 +0000 2025","0","@Boediantar4 @prabowo Sapi klo udah makan rumput kenyang udah diam manusia hutan segunung pun ga cukup masih mikirin gunung lain sapipun puyeng liatnya","1895411022762319963","","Boediantar4","in","","0","1","0","https://x.com/undefined/status/1895411022762319963","2574089832",
"1895410984875172243","Fri Feb 28 09:49:28 +0000 2025","0","12SKS dalam sehari? Wkwkw ya","1895410984875172243","","","in","","0","0","0","https://x.com/undefined/status/1895410984875172243","1279605542546051073",
"1895064327239172367","Fri Feb 28 09:49:28 +0000 2025","0","@gdzllq naik gunung ya...","1895410983813980597","","gdzllq","in","","0","0","0","https://x.com/undefined/status/1895410983813980597","1725714106102214656",
"1888525147273040105","Fri Feb 28 09:48:27 +0000 2025","0","@shuhuy Mendaki gituuu bawa anabulnya? Lucu amattt aku sama anabulku sih cmn jalan-jalan aja kasian kalo diajak naik gunung yang ada aku ngegendongin...","1895410730075300156","","shuhuy","in","","0","0","0","https://x.com/undefined/status/1895410730075300156","1449884127121920000",
"1895410468367524311","Fri Feb 28 09:47:25 +0000 2025","0","mau naik gunung fuji kah?","1895410468367524311","","","in","","0","0","0","https://x.com/undefined/status/1895410468367524311","1800365618891485184",
"1895410376466112796","Fri Feb 28 09:47:03 +0000 2025","0","sumpaahh mau nnton petaka gunung gede","1895410376466112796","","","in","","0","0","0","https://x.com/undefined/status/1895410376466112796","1278055927258574848",
"1895300815562383652","Fri Feb 28 09:45:26 +0000 2025","0","@DeniTrihatnowo @titiknol_jogja YK ada laut gunung agraris","1895409971296403750","","DeniTrihatnowo","in","","0","0","0","https://x.com/undefined/status/1895409971296403750","1271138776765480960",
"1895409848881438957","Fri Feb 28 09:44:57 +0000 2025","3","Longsor emang daerah Gunung Semeru rawan apalagi pas hujan https://t.co/5qBvNNDTZW","1895409848881438957","https://pbs.twimg.com/media/Gk3ZNRhaEAEldpj.jpg","","in","","0","2","0","https://x.com/undefined/status/1895409848881438957","1334350027980857346",
"1895409458089713754","Fri Feb 28 09:43:24 +0000 2025","0","16.43 WIB #Tol_Surabaya_Gempol Putat Gede KM 09 - Keluar Gunung Sari KM 12 PADAT kepadatan volume lalin di jalan arteri. Jambangan KM 13 - Masjid Agung KM 15 PADAT kepadatan volume lalin.","1895409458089713754","","","in","","0","1","0","https://x.com/undefined/status/1895409458089713754","540625251",
"1895338654916366602","Fri Feb 28 08:12:46 +0000 2025","0","@KompasTV Tapi kata buzzer Jokowi spt @mas_veel @Ndrewstjan @xquitavee @tham878 dkk Indonesia ini msh terang bnderang. Pd hal sritex ini hnyalah puncak gunung es dr ambruknya industri textile nasional akibat pembiaran @Jokowi thdp produk china masuk melalui Singapura (baca shopee dkk)","1895386647581397155","","KompasTV","in","","0","0","0","https://x.com/undefined/status/1895386647581397155","1100283395521708037",
"1895386412591304902","Fri Feb 28 08:11:49 +0000 2025","0","Awalnya gw sebel tiap liat berita si Firdaus Gunung. Tapi baru sadar kalo berita tentang dia itu hiburan gw sekarang ditengah berita bobroknya negara ini yang tiap hari ada aja kasus barunya. Sehat-sehat Firdaus kami mulai menikmati keunikanmu.","1895386412591304902","","","in","","0","0","0","https://x.com/undefined/status/1895386412591304902","42149504",
"1895386095019532486","Fri Feb 28 08:10:34 +0000 2025","0","Sobat hijau Dalm rangka perayaan Hari Bakti Rimbawan ke-42 di tahun 2025 Kementerian Kehutanan melaksanakan kegiatan penanaman bersama di Taman Wisata Alam Gunung Pancar Bogor Jawa Barat (28/02/2025) https://t.co/IogcO9SWOZ","1895386095019532486","https://pbs.twimg.com/media/Gk3Dl_BXIAANItL.jpg","","in","","0","1","0","https://x.com/undefined/status/1895386095019532486","961783788836552704",
"1892606343590088717","Fri Feb 28 08:07:54 +0000 2025","0","@MilkOverlordd @UstadzWaloni Mana peta gunung Judi fir ","1895385422764876048","","MilkOverlordd","in","","0","1","0","https://x.com/undefined/status/1895385422764876048","1743939521673367552",
"1895384589578969166","Fri Feb 28 08:04:35 +0000 2025","1","Kembali ke Gunung Gede Merayakan antusias penonton PETAKA GUNUNG GEDE yang sangat besar Geng Pendaki kembali ke Gunung Gede bersama teman-teman pemenang kuis. Terima kasih banyak untuk kamu yang sudah menenemani PETAKA GUNUNG GEDE di Bioskop sampai hari ini. https://t.co/VC53GXsypX","1895384589578969166","https://pbs.twimg.com/media/Gk3COdFXAAE6_y7.jpg","","in","","0","1","0","https://x.com/undefined/status/1895384589578969166","71190489",
"1895384207138120017","Fri Feb 28 08:03:04 +0000 2025","4","SERUAN SALEMBA! GURU BESAR TURUN GUNUNG DUKUNG MHS! PRABOWO GAK BOLEH LAGI ANGGAP SEKEDAR LUCU2AN https://t.co/XlGBGKPEvS https://t.co/t1dZBIgO2V","1895384207138120017","https://pbs.twimg.com/ext_tw_video_thumb/1895381134332047360/pu/img/0USUcvOVOeA9LD2o.jpg","","in","","1","1","1","https://x.com/undefined/status/1895384207138120017","1544303873523068928",
"1895383963436515780","Fri Feb 28 08:02:06 +0000 2025","1","Sudah saatnya naik gunung","1895383963436515780","","","in","","0","0","0","https://x.com/undefined/status/1895383963436515780","249527566",
"1895383907052527839","Fri Feb 28 08:01:52 +0000 2025","0","yg punya bursa sampe turun gunung https://t.co/pj086t3FtO","1895383907052527839","","","in","","0","0","0","https://x.com/undefined/status/1895383907052527839","1574003417831575552",
"1892606343590088717","Fri Feb 28 08:01:31 +0000 2025","0","@MilkOverlordd @Amirudi63421520 @AjiAndu67097 @UstadzWaloni Mana peta gunung Judi ","1895383819836105028","","MilkOverlordd","in","","0","1","0","https://x.com/undefined/status/1895383819836105028","1743939521673367552",
"1892606343590088717","Fri Feb 28 08:01:14 +0000 2025","0","@MilkOverlordd @UstadzWaloni Mana peta gunung Judi Gemetaran ","1895383747954123009","","MilkOverlordd","in","","0","1","0","https://x.com/undefined/status/1895383747954123009","1743939521673367552",
"1895021104412139709","Fri Feb 28 08:00:09 +0000 2025","2","@Sentjoko Terus wajahnya tubuhnya beserta tangan dan kakinya dimana dong? Gak mungkin manusia bisa membawa gigi seberat gunung Uhud. Gak masuk akal. Hanya demi mengejar seolah-olah siksaan yg tak terbayangkan tapi mengabaikan aspek aspek lainnya seperti masuk akal.","1895383474724577665","","Sentjoko","in","","0","0","0","https://x.com/undefined/status/1895383474724577665","1855077620221984768",
"1892606343590088717","Fri Feb 28 07:59:47 +0000 2025","0","@MilkOverlordd @Amirudi63421520 @AjiAndu67097 @UstadzWaloni Mana peta gunung Judi ","1895383380491215092","","MilkOverlordd","in","","0","1","0","https://x.com/undefined/status/1895383380491215092","1743939521673367552",
"1892606343590088717","Fri Feb 28 07:54:03 +0000 2025","0","@MilkOverlordd @Amirudi63421520 @AjiAndu67097 @UstadzWaloni Mana peta gunung Judi ","1895381940649558172","","MilkOverlordd","in","","0","1","0","https://x.com/undefined/status/1895381940649558172","1743939521673367552",
"1892606343590088717","Fri Feb 28 07:53:24 +0000 2025","0","@MilkOverlordd @UstadzWaloni Mana peta gunung Judi ","1895381777696575629","","MilkOverlordd","in","","0","1","0","https://x.com/undefined/status/1895381777696575629","1743939521673367552",
"1895381692921315730","Fri Feb 28 07:53:04 +0000 2025","0","Pengaturan Lalulintas Pagi Hari Oleh Unit Samapta Sawah Besar Panit 2 Samapta Polsek Sawah Besar Aiptu Toni lakukan pengawasan dan pengaturan arus lalulintas pagi hari bersama personil piket lainnya di sepanjang Jl Gunung Sahari Raya Sawah Besar Jakarta Pusat. Jumat pagi https://t.co/LhwqZQ4asi","1895381692921315730","https://pbs.twimg.com/media/Gk2_mM0W4AAezew.jpg","","in","","0","0","0","https://x.com/undefined/status/1895381692921315730","626213715",
"1895288046276497780","Fri Feb 28 07:52:36 +0000 2025","0","@AlhayzaX ya ampun ini gunung bukan sembarang gunung ya","1895381575644389683","","AlhayzaX","in","","0","0","0","https://x.com/undefined/status/1895381575644389683","1472880806578122758",
"1895381476495303126","Fri Feb 28 07:52:13 +0000 2025","0","Penjagaan Dini Hari Cegah Aksi Balapan Liar Di Sepanjang Jl Gunung Sahari Raya Panit 2 Samapta Polsek Sawah Besar Aiptu Toni beserta personil piket melakukan penjagaan serta himbauan di sepanjang Jl. Gunung Sahari Raya dan sekitarnya di wilayah hukum Polsek Sawah Besar https://t.co/LuZWSAfrVJ","1895381476495303126","https://pbs.twimg.com/media/Gk2_Z2oXYAAC6i-.jpg","","in","","0","0","0","https://x.com/undefined/status/1895381476495303126","626213715",
"1895381424657834202","Fri Feb 28 07:52:00 +0000 2025","2","benarlah sabdaan nabi apabila anak adam diberi segunung emas nescaya dia akan menginginkan gunung emas kedua. au kama qol sapa je perlukan 50 billion ntuk hidup","1895381424657834202","","","in","","0","0","0","https://x.com/undefined/status/1895381424657834202","922934660635791360",
"1895379527226081540","Fri Feb 28 07:51:29 +0000 2025","0","@starfishdoie udh pada bangkotan ini wkwkwk. nobar petaka gunung gede dah denger denger cuma dibikin vlog gt tau dah darimana","1895381294936363512","","starfishdoie","in","","0","0","0","https://x.com/undefined/status/1895381294936363512","3267105902",
"1895381010235433345","Fri Feb 28 07:50:21 +0000 2025","0","Bhabinkamtibmas Gunung Sahari Utara Aipda Adnan Munandar bersama Babinsa dan FKDM melakukan pengamanan dan pengawalan kegiatan Pawai Obor yang digelar oleh Majelis Raudhatul Muhibin di wilayah Kelurahan Gunung Sahari Utara Polsek Sawah Besar Jakarta Pusat. https://t.co/WFoaSnBaWX","1895381010235433345","https://pbs.twimg.com/media/Gk2--Z-W8AAxr5S.jpg","","in","","0","0","0","https://x.com/undefined/status/1895381010235433345","626213715",
"1892606343590088717","Fri Feb 28 07:49:41 +0000 2025","0","@MilkOverlordd @UstadzWaloni Mana peta gunung Judi ","1895380838587736177","","MilkOverlordd","in","","0","1","0","https://x.com/undefined/status/1895380838587736177","1743939521673367552",
"1892606343590088717","Fri Feb 28 07:48:52 +0000 2025","0","@MilkOverlordd @Amirudi63421520 @AjiAndu67097 @UstadzWaloni Yang mentok kamu ga mampu tunjukan peta gunung Judi dan jelaskan arti Injil dalam Qur'an Mentok kan ","1895380633112977875","","MilkOverlordd","in","","0","1","0","https://x.com/undefined/status/1895380633112977875","1743939521673367552",
"1892606343590088717","Fri Feb 28 07:47:52 +0000 2025","0","@MilkOverlordd @Amirudi63421520 @AjiAndu67097 @UstadzWaloni Setelah ga mampu tunjukan peta Gunung Judi jelaskan pada saya apa itu Injil dalam Qur'an ","1895380381660234208","","MilkOverlordd","in","","0","1","0","https://x.com/undefined/status/1895380381660234208","1743939521673367552",
"1892606343590088717","Fri Feb 28 07:47:16 +0000 2025","0","@MilkOverlordd @UstadzWaloni Mana peta gunung Judi https://t.co/NuienShWjs","1895380232926044599","https://pbs.twimg.com/media/Gk2-RwBaoAQtvwg.png","MilkOverlordd","in","","0","1","0","https://x.com/undefined/status/1895380232926044599","1743939521673367552",
"1895097047084384719","Fri Feb 28 07:46:15 +0000 2025","0","@LSRRakaArya Ini kakek lagi kabur ke Gunung Everest ya.","1895379975341252721","","LSRRakaArya","in","","0","1","0","https://x.com/undefined/status/1895379975341252721","2296874215",
"1892606343590088717","Fri Feb 28 07:45:20 +0000 2025","0","@MilkOverlordd @UstadzWaloni Bukti Qur'an merubahnya karena Alkitab sudah tulis bahtera Nuh terdampar di gunung Ararat ribuan tahun sebelum Islam lahir bandingkan dengan Qur'an yang tulis bahtera Nuh terdampar di gunung Judi Bisa tunjukan pada saya peta gunung Judi ","1895379747716374880","","MilkOverlordd","in","","0","1","0","https://x.com/undefined/status/1895379747716374880","1743939521673367552",
"1895021104412139709","Fri Feb 28 07:42:23 +0000 2025","3","@Sentjoko graham segede gunung kulit setebal 3 hari jalan kaki manusia jalan 5 kpj x 3 hari (72 jam)= 360 km kulit nya setebal 360 km bayangin aj segede apa itu org nya","1895379003357429956","","Sentjoko","in","","0","2","2","https://x.com/undefined/status/1895379003357429956","1586319875655753728",
"1895378875762516105","Fri Feb 28 07:41:54 +0000 2025","0","Dia adalah putra Gu Wol Ryung roh penjaga Gunung Jiri dan Yoon Seo Hwa seorang manusia.","1895378883178045839","","Zapeach_","in","","0","1","0","https://x.com/undefined/status/1895378883178045839","1636973550",
"1895378758938620271","Fri Feb 28 07:41:25 +0000 2025","0","15:41 Wita Kondisi Terkini Sekitar Gunung Nona #CCTVDiskominfoMKS #lalinmks*AHY https://t.co/F02mkNzHKi","1895378758938620271","https://pbs.twimg.com/ext_tw_video_thumb/1895378719830675456/pu/img/CPib5AHahRglBEVj.jpg","","in","","0","0","0","https://x.com/undefined/status/1895378758938620271","2476319472",
"1895314259292365065","Fri Feb 28 07:37:53 +0000 2025","0","@draftext bagus banget ya di kaki gunung gini","1895377870413013454","","draftext","in","","0","0","0","https://x.com/undefined/status/1895377870413013454","1853426247831068672",
"1895377522327740761","Fri Feb 28 07:36:30 +0000 2025","3","beda sama noah dan eve anaknya raga nggak bakal nolak kalo diajak berpetualang om yuyun : mamat marmar mau berburu di gunung besok ikut gak? si kembar : GASSS ","1895377522327740761","","","in","","0","1","0","https://x.com/undefined/status/1895377522327740761","1344289977228640256",
"1895167293350650139","Fri Feb 28 07:35:29 +0000 2025","0","@merapi_uncover ANJING MAKHLUK2 TERKUTUK BABI : MEREKA BERPESTA PORA HURA HURA BETAPA SENANG BAHAGIANYA HATI MEREKA. GILAAA GILAAA : YA ROBB : LETUSIN AJE GUNUNG BERAPI DISELURUH INDONESIA KAMI SUDAH MUAK ATAS PARA BAJINGAN YG PESTA PORA BERNYANYI : HIDUP RAKYAT LAGI SUSAH2NYE IBLIS","1895377267544727860","","merapi_uncover","in","","0","0","0","https://x.com/undefined/status/1895377267544727860","1696826531988066304",
"1895350588336169025","Fri Feb 28 07:35:02 +0000 2025","0","@miehigenis masi byk yg lebih pantas di banding saya mas. klo masnya nyuruh saya buka jalur di gunung saya sanggup mas","1895377153082208414","","miehigenis","in","","0","0","0","https://x.com/undefined/status/1895377153082208414","1302248309994577922",
"1895288046276497780","Fri Feb 28 07:31:06 +0000 2025","0","@AlhayzaX Aduh udah kayak gunung aja","1895376164916732411","","AlhayzaX","in","","0","0","0","https://x.com/undefined/status/1895376164916732411","1480178641183117319",
"1895375887886909823","Fri Feb 28 07:30:00 +0000 2025","0","Gunung Berapi Etna Erupsi Justru Ribuan Turis Mendekati Lava Pijar https://t.co/QfeRxp3DkL","1895375887886909823","","","in","","0","0","1","https://x.com/undefined/status/1895375887886909823","828503372969832448",
"1895261516850700660","Fri Feb 28 07:27:57 +0000 2025","0","@gayung_aer waw keren jga ya dia yg lahirin langit lautan gunung","1895375369722818811","","gayung_aer","in","","0","0","0","https://x.com/undefined/status/1895375369722818811","1625375131110641669",
"1895374916998099094","Fri Feb 28 07:26:09 +0000 2025","0"," ...Nona Popuri apakah ini kali pertama anda mengunjungi Gunung Fuji? tidak ada salahnya melempar basa-basi sebelum bus tiba di tujuan wisata mereka kan. Setelahnya barulah ia menyerahkan pamflet yang mengisahkan si gunung dengan puncak tertinggi seantaro negara. ⋄","1895374916998099094","","","in","","1","1","0","https://x.com/undefined/status/1895374916998099094","775594339829358592",
"1895372620230729987","Fri Feb 28 07:25:10 +0000 2025","0","@destrucache senyuman mu itu loh BIN SENYUMAN LOO BIKIN ATO GW RASA DIGUYUR AIR GUNUNG","1895374668946907441","","destrucache","in","","0","0","0","https://x.com/undefined/status/1895374668946907441","1288596210261979136",
"1895367613255164015","Fri Feb 28 07:18:32 +0000 2025","0","@Lyta_ch @reruzensky membaca ini rasanya ingin menjauhi diri dari hal2 duniawi dan bertapa di gunung","1895372999546867910","","Lyta_ch","in","","0","2","0","https://x.com/undefined/status/1895372999546867910","1140306561488703488",
"1895372900087275892","Fri Feb 28 07:18:08 +0000 2025","283","iyaaa sayangkuuu cantikku mau apaa? seisi dunia juga rela aku kasih buat kamuu cintaaaa mau aku belah lautan? mau aku pindahin gunung ke depan rumah kamu? ANYTHING FOR YOU PRETTY https://t.co/yd2akhGNIy","1895372900087275892","https://pbs.twimg.com/media/Gk23mfoWsAEPh06.jpg","","in","","0","4","32","https://x.com/undefined/status/1895372900087275892","1454782537172062215",
"1895372111532957909","Fri Feb 28 07:15:00 +0000 2025","0","Gubernur Jawa Barat Dedi Mulyadi merespons ulah Kepala Desa Gunung Menyan Wiwin Komalasari yang viral baru-baru ini. Dedi melakukan video call dengan Wiwin untuk meluruskan permasalahan yang sedang ramai di media sosial. https://t.co/klmWLOAggc","1895372111532957909","https://pbs.twimg.com/ext_tw_video_thumb/1895368168627150848/pu/img/mCe6I6zf9J2-m9kO.jpg","","in","","0","0","0","https://x.com/undefined/status/1895372111532957909","786549338818224128",
"1895314138169254283","Fri Feb 28 07:13:54 +0000 2025","0","@jennsdyeon aku gapernah naek gunung tapi pengen nyoba ","1895371834385965453","","jennsdyeon","in","","0","1","0","https://x.com/undefined/status/1895371834385965453","1440287537176592393",
"1895023415817576857","Fri Feb 28 07:13:42 +0000 2025","0","@501Awani China sepertinya telah bangkrut mungkin terkait sampah2nya China { India } warisannya sampah2nya China eksposur tumpukan sampah2nya setinggi gunung sebaiknya perlu ber-hati2 jangan sampaikan dialihkan atau diwariskan ke negara2 ASEAN salah satu negara ASEAN begitu?","1895371786436648989","","501Awani","in","","0","0","0","https://x.com/undefined/status/1895371786436648989","624211261",
"1895371785463570811","Fri Feb 28 07:13:42 +0000 2025","1","Dipantengin mulu dia makin mirip gunung putri tidur deket rumah","1895371785463570811","","","in","","0","0","0","https://x.com/undefined/status/1895371785463570811","1514484803751477256",
"1895371465987629122","Fri Feb 28 07:12:27 +0000 2025","0","Lain sambil bilang nyewa yg murah anjayyyy kata gua teh cuma yaudahlah ya. Terus tiba2 aku kaya naik gunung gitu sama ayang tapi datar mungkjn lebih ke menjelajah hutan kali ya.","1895371468969779593","","gfofndut","in","","0","1","0","https://x.com/undefined/status/1895371468969779593","1242816933453369350",
"1895111503017320695","Fri Feb 28 07:06:10 +0000 2025","0","@Boediantar4 @muhammadiyah @HaedarNs ditunggu di Gunung Putri","1895369889789157692","","Boediantar4","in","","0","0","0","https://x.com/undefined/status/1895369889789157692","822340792937123840",
"1895314138169254283","Fri Feb 28 07:05:06 +0000 2025","0","@jennsdyeon ngibuk dih. ajak aku naik gunung nep aku pro","1895369620732903746","","jennsdyeon","in","","0","1","0","https://x.com/undefined/status/1895369620732903746","1440287537176592393",
"1895340846129782872","Fri Feb 28 07:04:28 +0000 2025","0","@fqhehehe kannnn mana ada org suruh lukis gambar view auto lukis dua org kalau tak buat menda tu irl confirm dah gi datr dejat gunung tu ‍↔️‍↔️‍↔️","1895369461563302054","","fqhehehe","in","","0","0","0","https://x.com/undefined/status/1895369461563302054","942992058154860544",
"1895314138169254283","Fri Feb 28 07:04:27 +0000 2025","0","@jennsdyeon keren ih Ahyeon jadi anak gunung wkwk","1895369457679454610","","jennsdyeon","in","","0","1","0","https://x.com/undefined/status/1895369457679454610","1866773547424813056",
"1895324818029019604","Fri Feb 28 07:01:44 +0000 2025","0","@varrvva jelass kan di gunung ya","1895368771533156711","","varrvva","in","","0","0","0","https://x.com/undefined/status/1895368771533156711","1514737448605024292",
"1895292058153427020","Fri Feb 28 07:01:16 +0000 2025","1","@fulto27 @CakD3pp Pan maren waktu ke gunung saya isiin shell","1895368656022053135","","fulto27","in","","0","1","0","https://x.com/undefined/status/1895368656022053135","1240115615857127424",
"1894963518526628329","Fri Feb 28 06:57:45 +0000 2025","3","@Fatimah81819162 @MariaAlkaff_ @CNNIndonesia @ZazuziH @DrEvaChaniago @vanc1Bozz @0A4K7 @AntiBangsatBgs @Muslim_AntiPKI9 @4213f3 @ABjodohComeback @BarisanOpOsisi @MichelAdam717 @tedy_bambang @MichelAdam7__ @AntoSunarto5 @tijabar Hingga 980 sekian triliyun mantap itu uang banyaknya segimana yaaa.... ?? Sprt yg Allah katakan ttg betapa serakahnya anak adam kalaupun Allah beri satu gunung emas maka dia akan memintanya yg lbh dr itu ternyata mmg al Qur'an itu MAHA BENAR kita dipersaksikan qorun zaman now","1895367772311621927","","Fatimah81819162","in","","0","0","2","https://x.com/undefined/status/1895367772311621927","1168102826624483329",
"1895367106880999456","Fri Feb 28 06:55:07 +0000 2025","0","cewek seloyo ak diajak naik gunung brsama cewek loyo lainnya itu mksudnya ap","1895367106880999456","","","in","","0","1","0","https://x.com/undefined/status/1895367106880999456","1291344778173415424",
"1895366946696372369","Fri Feb 28 06:54:28 +0000 2025","0","Berikut kami sampaikan prakiraan cuaca di kawasan rawan bencana Gunung Marapi untuk hari Jumat 28 Februari 2025. Untuk informasi prakiraan cuaca per kecamatan bisa dilihat melalui aplikasi Info BMKG #infocuacasumbar #bmkgsumbar #infosumbar #infobmkg #infobencana #infomarapi https://t.co/2PQOYqEopf","1895366946696372369","https://pbs.twimg.com/media/Gk2yJkyaMAAhGF0.jpg","","in","","0","0","0","https://x.com/undefined/status/1895366946696372369","1296032890552115200",
"1895366586254737659","Fri Feb 28 06:53:03 +0000 2025","2","libur 2 minggu kenapa gak pake buat naik gunung aja ini mana besok udah mau puasa baru ngeh padahal ada beberapa wishlist","1895366586254737659","","","in","","0","0","0","https://x.com/undefined/status/1895366586254737659","1202174225512947717",
"1895365107846389779","Fri Feb 28 06:47:10 +0000 2025","1","mau tracking gunung bgt semoga terwujud!","1895365107846389779","","","in","","0","1","0","https://x.com/undefined/status/1895365107846389779","1071197640858071040",
"1895355712999694726","Fri Feb 28 06:43:02 +0000 2025","0","@Lvesbi noted bawa tas gunung","1895364067679948968","","ganjennnn","tl","","0","0","0","https://x.com/undefined/status/1895364067679948968","1099924219763150849",
"1895269835795497057","Fri Feb 28 06:41:28 +0000 2025","0","@rinoleeknw Harusnya se gunung es di timpah","1895363673486696777","","christopzr","in","","0","1","0","https://x.com/undefined/status/1895363673486696777","1476755188320858112",
"1895317584167514364","Fri Feb 28 06:16:28 +0000 2025","0","@dian_arifiya Pantai ada gunung juga ada","1895357383658086618","","dian_arifiya","in","","0","0","0","https://x.com/undefined/status/1895357383658086618","1218978333544742912",
"1895357272639111318","Fri Feb 28 06:16:02 +0000 2025","0","Mount M: Petualangan di Puncak Gunung https://t.co/iSaDWJCToz","1895357272639111318","","","in","","0","0","0","https://x.com/undefined/status/1895357272639111318","250009021",
"1895356895399158061","Fri Feb 28 06:14:32 +0000 2025","0","Sosialisasikan Program Pemerintah 100 Dai dan 100 Imam Tarawih Turun Gunung di Jakarta | https://t.co/NeTtcKxGES https://t.co/8cTedvUC26","1895356895399158061","","","in","","0","0","0","https://x.com/undefined/status/1895356895399158061","1482523214538747904",
"1895315406946189793","Fri Feb 28 06:14:17 +0000 2025","0","@dian_arifiya indah kali ya diliputi gunung ess","1895356831649956193","","dian_arifiya","in","","0","0","0","https://x.com/undefined/status/1895356831649956193","1819992597903159296",
"1895356810854617407","Fri Feb 28 06:14:12 +0000 2025","0","Jokowi die hard turun gunung Dulu nyembah2 Ahok sekarang langsung garcep saat Ahok opposite. life of buzzers. disgusting","1895356810854617407","","","in","","0","0","0","https://x.com/undefined/status/1895356810854617407","1100445057788702720",
"1895353940344217631","Fri Feb 28 06:10:00 +0000 2025","0","@Lily_JKT48 Gasss gunung salak","1895355753189531826","","Lily_JKT48","in","","0","0","0","https://x.com/undefined/status/1895355753189531826","1706840247370493952",
"1895355692816703852","Fri Feb 28 06:09:55 +0000 2025","0","Panjang Kaos Kakinya sampai sebetis cocok dipake diruangan ber-AC atau kalian yg suka kegiatan Mendaki Gunung Camping Travelling dll Banyak pilihan warna harga murah meriah Yang sering kedinginan pake AC cepetan beli kaos kaki ini https://t.co/6mggpBz3jy https://t.co/pBrXHJXGSj","1895355732943610236","https://pbs.twimg.com/media/Gk2n_Z8WAAAh_bj.jpg","qsenam","in","","0","0","0","https://x.com/undefined/status/1895355732943610236","772648609036644352",
"1894988416787648579","Fri Feb 28 06:06:51 +0000 2025","0","@kemgelapan Mungkin retreatnya di temanggung di gunung sumbing sindoro","1895354960323514522","","kemgelapan","in","","0","0","0","https://x.com/undefined/status/1895354960323514522","1368518909763055618",
"1895309515198996502","Fri Feb 28 06:06:37 +0000 2025","0","@kolaboirator wah pasti vibes-nya tenang banget! bangun tidur langsung disuguhi pemandangan gunung dan danau.","1895354904111391185","","kolaboirator","in","","0","0","0","https://x.com/undefined/status/1895354904111391185","485819312",
"1895354634241483037","Fri Feb 28 06:05:33 +0000 2025","1","JEMBER - Menjelang pelaksanaan ibadah Ramadhan 1446 H masyarakat biasa melaksanakan ziarah kubur yang diistilahkan gugur gunung oleh masyarakat menghadapi kebiasaan tersebut masyarakat melaksanakan pembersihan pemakaman umum. Pada Kamis 27/02/2025. https://t.co/HIpt1BmFxE","1895354634241483037","https://pbs.twimg.com/media/Gk2m_gLXUAAaeEh.jpg","","in","","0","0","0","https://x.com/undefined/status/1895354634241483037","1818554445019713536",
"1895354223149359212","Fri Feb 28 06:03:55 +0000 2025","0","masakkk gak ada kisss scenee si pas syuting di gunung? pelukan jg cuman seuprit lagiii pdhal suasananya udah mendukung sekalii loh ","1895354223149359212","","","in","","0","0","0","https://x.com/undefined/status/1895354223149359212","1167049569470799872",
"1895353627692408985","Fri Feb 28 06:02:25 +0000 2025","0","suk maskawin dari aku adalah Gunung.....","1895353844248535459","","karikaturari","in","","0","0","0","https://x.com/undefined/status/1895353844248535459","1529116535272312832",
"1895352982268715111","Fri Feb 28 05:58:59 +0000 2025","1","Sahur pertama di kaki gunung","1895352982268715111","","","in","","0","2","0","https://x.com/undefined/status/1895352982268715111","1393103652315746304",
"1893930373488214310","Fri Feb 28 05:58:41 +0000 2025","0","sudah sampai serunya sembari turun dari kereta tersebut permisi permisi.. air panas air panas. ah .. sudah lama sekali ia tak datang kemari terakhir kali ia ke gunung fuji adalah saat dirinya masih kecil dan pergi liburan sekolah bersama kedua orang tuanya. tak menyangka","1895352905634664549","","shamgxiao","in","","0","1","0","https://x.com/undefined/status/1895352905634664549","2438175445",
"1893930373488214310","Fri Feb 28 05:54:29 +0000 2025","0","@pulchrietuede sial zhi feng tengah menahan tawa melihat nasib dirimu yang harus tetap berdiri sebab ada ibu hamil yang duduk. untungnya kereta ini adalah kereta cepat nguengg.. yang mana tak membutuhkan waktu lama stasiun di mana mereka akan turun menuju gunung fuji itu berhenti. yah ","1895351849315955077","","pulchrietuede","in","","0","1","0","https://x.com/undefined/status/1895351849315955077","2438175445",
"1895349125421637992","Fri Feb 28 05:54:00 +0000 2025","0","@yourrdamn iya juga 23 thn cuma pernah naik gunung harta","1895351729660797167","","yourrdamn","in","","0","0","0","https://x.com/undefined/status/1895351729660797167","1501154781888344064",
"1895349125421637992","Fri Feb 28 05:53:27 +0000 2025","0","@panggilanajaa Naik gunung kak","1895351591051633043","","panggilanajaa","in","","0","1","0","https://x.com/undefined/status/1895351591051633043","1266412407565541383",
"1895316727791264022","Fri Feb 28 05:51:49 +0000 2025","0","@poon_mit23 Ga usah jauh jauh ke gunung","1895351177736581155","","poon_mit23","in","","0","0","0","https://x.com/undefined/status/1895351177736581155","1673190687419035649",
"1895351072249782510","Fri Feb 28 05:51:24 +0000 2025","0","Harga Aqiqah Surabaya Sudimoro Cek https://t.co/ghHeiqHioA atau https://t.co/y6O0Nxp8kT Melayani Menur Pumpungan Mulyorejo Gunung Anyar Tambak Banjar Sugihan Romokalisari Ampel Sememi Perak Barat Benowo. #aqiqahsurabaya https://t.co/jklRPUI7f1","1895351072249782510","https://pbs.twimg.com/media/Gk2jtCYaoAQeKCW.jpg","","in","","0","0","0","https://x.com/undefined/status/1895351072249782510","1677190306645803008",
"1895093947896340686","Fri Feb 28 05:49:17 +0000 2025","0","@alaanire Mendaki gunung. Nanti ketemu orang lain disana bisa nyeduh popmie bareng","1895350539145355286","","alaanire","in","","0","0","0","https://x.com/undefined/status/1895350539145355286","845479851746222081",
"1895349543983816780","Fri Feb 28 05:45:19 +0000 2025","0","Gunung kalo gumoh ngelap nya pake tissue basah apa tissu magic? EMJDFK LOL2025 PRESSTOUR #LOLFanFest2025LiveD2","1895349543983816780","","","in","","0","0","0","https://x.com/undefined/status/1895349543983816780","1848231308721561601",
"1895349146149961853","Fri Feb 28 05:43:44 +0000 2025","3649","SETELAH MENDAKI GUNUNG MENGARUNGI LEMBAH PONDASI GUE DAN WONGYULS SATU EVENT https://t.co/d3zBpuIAZU","1895349146149961853","https://pbs.twimg.com/amplify_video_thumb/1895349086628499456/img/rSExFAVLBrjevFA0.jpg","","in","","50","23","606","https://x.com/undefined/status/1895349146149961853","1720278276051255296",
"1895346727164707278","Fri Feb 28 05:42:19 +0000 2025","0","@violettaaster Udah ku dorong ke bromo Itu gunung nya lgi gumoh EMJDFK LOL2025 PRESSTOUR #LOLFanFest2025LiveD2","1895348787042000951","","violettaaster","in","","0","1","0","https://x.com/undefined/status/1895348787042000951","1848231308721561601",
"1895288046276497780","Fri Feb 28 05:41:15 +0000 2025","0","@AlhayzaX Kok gaada yang minat mendaki gunung ini ya","1895348520078766350","","AlhayzaX","in","","0","0","0","https://x.com/undefined/status/1895348520078766350","1857233291776299008",
"1895347833903239582","Fri Feb 28 05:39:35 +0000 2025","3","Riverside 2200000 1800000 Gunung Geulis 2500000 1880000 Sentul Highland 1888000 1428000","1895348100501479730","","nogolfnolife36","in","","0","1","0","https://x.com/undefined/status/1895348100501479730","782824484008894465",
"1895347976652104030","Fri Feb 28 05:39:06 +0000 2025","0","me time hari ini nonton pernikahan arwah atau petaka gunung gede yaaa doohh bingunggg","1895347976652104030","","","in","","1","0","0","https://x.com/undefined/status/1895347976652104030","1262284640242397185",
"1895053908428656974","Fri Feb 28 05:38:31 +0000 2025","0","@firhidz ini yang ceritanya naik gunung dan mengibarkan bendera merah putih kan?","1895347830338003245","","firhidz","in","","0","0","0","https://x.com/undefined/status/1895347830338003245","4333731500",
"1895294419190050851","Fri Feb 28 05:38:16 +0000 2025","0","@theT4ntryS1 ka gunung gera teh ","1895347767255671170","","theT4ntryS1","in","","0","0","0","https://x.com/undefined/status/1895347767255671170","1800485967410933760",
"1895347641648849238","Fri Feb 28 05:37:46 +0000 2025","0","Otak Manusia Berubah Jadi Kaca Akibat Wedhus Gembel Gunung Ini https://t.co/oxYExUUZpP","1895347641648849238","","","in","","0","0","0","https://x.com/undefined/status/1895347641648849238","240113510",
"1895294419190050851","Fri Feb 28 05:36:56 +0000 2025","0","@virza1 Ameng ka gunung ","1895347434135720387","","virza1","in","","0","1","0","https://x.com/undefined/status/1895347434135720387","1800485967410933760",
"1895346645136703602","Fri Feb 28 05:33:48 +0000 2025","0","Kangen gunung kidul","1895346645136703602","","","in","","0","0","0","https://x.com/undefined/status/1895346645136703602","931737252572684288",
"1895346236611535301","Fri Feb 28 05:32:11 +0000 2025","1","MEMANG KELUARGA MALING TUH SI JOKOPKI ! KELUARGA MISKIIN TUKANG KAYU GEMBEL ! LIHAT DUIT SE GUNUNG JOKOPKI KALAP ! DASAR KELUARGA MALING ! ‍️‍️ https://t.co/VLaCVb1P10 https://t.co/WbtyB0Mf0y","1895346236611535301","https://pbs.twimg.com/tweet_video_thumb/Gk2fWehaYAAlwek.jpg","","in","","0","0","1","https://x.com/undefined/status/1895346236611535301","1565278686555013121",
"1895275660463247826","Fri Feb 28 05:29:17 +0000 2025","0","@biarcepat Jembatan situ gunung ya itu? ","1895345506597118368","","biarcepat","in","","0","0","0","https://x.com/undefined/status/1895345506597118368","1460615975867281408",
"1895096286707359927","Fri Feb 28 05:25:57 +0000 2025","0","@Tan_Mar3M Hukuman yg cocok: Digampar rame2 pake sandal gunung","1895344670244475170","","Tan_Mar3M","in","","0","0","0","https://x.com/undefined/status/1895344670244475170","2221502246",
"1894575616256872587","Fri Feb 28 05:21:35 +0000 2025","7","@BBCIndonesia Limbah tailing freeport ya sebesar gunung yg dikeruk Yg diambil konsentrat dibawa keluar cuma 3% berarti 97% dibuang di sekirarnya Beda dg kalimantan yg 80% tanahnya (batubara) dijual keluar. Jadi lubang2 raksasa. Lebih cepat rusak parah kalimantan karena tanahnya banyak hilang","1895343567826305155","","BBCIndonesia","in","","0","0","0","https://x.com/undefined/status/1895343567826305155","1502197561175597060",
"1895343453762162934","Fri Feb 28 05:21:07 +0000 2025","0","Itu long text buat cerine isinya cerita waktu ke gunung","1895343453762162934","","","in","","0","0","0","https://x.com/undefined/status/1895343453762162934","1431604040882786306",
"1894935957436276794","Fri Feb 28 05:20:50 +0000 2025","1","@Mythicalforest Limbah tailing freeport ya sebesar gunung yg dikeruk Yg diambil konsentrat dibawa keluar cuma 3% berarti 97% dibuang di sekirarnya Beda dg kalimantan yg 80% tanahnya (batubara) dijual keluar. Jadi lubang2 raksasa. Lebih cepat rusak parah kalimantan karena tanahnya banyak hilang","1895343380860936241","","Mythicalforest","in","","0","0","0","https://x.com/undefined/status/1895343380860936241","1502197561175597060",
"1895341492266557493","Fri Feb 28 05:13:20 +0000 2025","0","Gak abis pikir sama ni orang naik gunung sambil gendong anak!! https://t.co/gJydOVJFYi","1895341492266557493","https://pbs.twimg.com/media/Gk2bCYoaoAEJjAA.jpg","","in","","0","1","0","https://x.com/undefined/status/1895341492266557493","1452517844902547459",
"1895340652302606466","Fri Feb 28 05:09:59 +0000 2025","0","Untung yg dimainin mobil di asterum bukan bus simulation naik gunung dempet an deket jurang pake lagu dj jamet ","1895340652302606466","","","in","","0","0","0","https://x.com/undefined/status/1895340652302606466","1673470951147839488",
"1895089716732797266","Fri Feb 28 05:02:59 +0000 2025","5","@unknowntism @numbingeyes @viiccc89 inget juga dia sebangga itu bawa nama tim K3 pas naik ke puncak gunung semeru demi konser tunggal tim K3. akhirnya dia balik jadi kapten lagi kan. *seingetku begitu. stefi juga kan pernah degradasi tim. dulu rumor melody pacaran tuh gak digubris sama jot. inget gak sih?","1895338887389815176","","unknowntism","in","","0","1","0","https://x.com/undefined/status/1895338887389815176","1304051551221161985",
"1895337186699956583","Fri Feb 28 04:56:13 +0000 2025","0","Mau liburan ke Pantai Sundak Gunung Kidul? Simak informasi lengkap tentang harga tiket masuk dan jam operasionalnya di sini https://t.co/MNJAAGmC3X","1895337186699956583","","","in","","0","0","0","https://x.com/undefined/status/1895337186699956583","1404018642",
"1895337028071628955","Fri Feb 28 04:55:35 +0000 2025","0","haloo aku lagi nyari au Jeno yg latarnya kalo ga salah di Semarang Unnes gunung pati karena beberapa kali mention swalayan goori aku agak lupa pokonya si jeno ini namanya je siapa gitu deh mereka satu kontrakan yg cwe di bag atas Jeno bag bawah (klo ga salah)","1895337028071628955","","","in","","0","0","0","https://x.com/undefined/status/1895337028071628955","1171440462776811521",
"1895336545177215368","Fri Feb 28 04:53:40 +0000 2025","0","Kan kemaren kek cape babget yak kuliah jam 6 pagi sampe 6 sore terus munggahan di cikutra terus gua mimpi naik gunung papandayan jir kek pas bangun gua cape banget","1895336545177215368","","","in","","0","0","0","https://x.com/undefined/status/1895336545177215368","1418836157819928578",
"1895291836530602239","Fri Feb 28 04:46:56 +0000 2025","0","@emojibiru Petaka gunung gede masih kah min XXI","1895334851248845271","","emojibiru","in","","0","0","0","https://x.com/undefined/status/1895334851248845271","1262859754780540928",
"1895321257803202788","Fri Feb 28 04:42:59 +0000 2025","0","@cultgirls gokil. mendaki gunung lewati lembah~","1895333856540344466","","CULTGIRLS","in","","0","0","0","https://x.com/undefined/status/1895333856540344466","1438094784468439046",
"1893948459029291066","Fri Feb 28 04:41:07 +0000 2025","0","akan ditempuh. sampai ini kita akan naik bus langsung ken gunung! memikirkannya saja sudah membuatnya tidak sabar. @ORCHISEA","1895333385901613554","","agapitedeva","in","","0","1","0","https://x.com/undefined/status/1895333385901613554","1829788662487531521",
"1893948459029291066","Fri Feb 28 04:40:42 +0000 2025","0","@ORCHISEA ⠀⠀ helaan nafas begitu berat ia loloskan menatap langit-langit kereta tuk mengatur nafasnya yang memburu. untung saja tepat waktu. kalau tadi ia terlambat sedikit saja bisa-bisa tiket hangus dan perjalanan ke gunung fuji untuk -","1895333279685058982","","ORCHISEA","in","","0","1","0","https://x.com/undefined/status/1895333279685058982","1829788662487531521",
"1895333244008034502","Fri Feb 28 04:40:33 +0000 2025","0","Viral Gunung di China Ini Disebut Mirip Anak Anjing https://t.co/B8iYgxgdY8","1895333244008034502","","","in","","0","0","0","https://x.com/undefined/status/1895333244008034502","1578222594",
"1895125219167371745","Fri Feb 28 04:40:07 +0000 2025","0","@DNLFantasy Sippel turun gunung lagi.","1895333132544639271","","DNLFantasy","in","","0","0","0","https://x.com/undefined/status/1895333132544639271","80337379",
"1895288046276497780","Fri Feb 28 04:39:27 +0000 2025","0","@AlhayzaX Kirain gunung beneran ternyata sampah","1895332965850456142","","AlhayzaX","in","","0","0","0","https://x.com/undefined/status/1895332965850456142","1117948972616675328",
"1895118199441809703","Fri Feb 28 04:37:01 +0000 2025","1","@Irwaaaa Alolololo...keyakinan setinggi gunung everest ye","1895332356015431693","","irwa_tannies","in","","0","0","0","https://x.com/undefined/status/1895332356015431693","1331095761795260416",
"1895332271735087139","Fri Feb 28 04:36:41 +0000 2025","0","Waduuuhhhh ntu fandom ga ngamuk? raja kpop turun gunung","1895332271735087139","","","in","","0","1","0","https://x.com/undefined/status/1895332271735087139","1315548932601049090",
"1895330740235276408","Fri Feb 28 04:36:21 +0000 2025","0","@Mastypo menikmati pemandangan diatas gunung","1895332184757805103","","Mastypo","in","","0","1","0","https://x.com/undefined/status/1895332184757805103","1756686944501940224",
"1895090754722374085","Fri Feb 28 04:32:44 +0000 2025","2","@Gunung_Agoeng @direktoridosen @UGMYogyakarta Rabakal wani mas.","1895331274786775501","","Gunung_Agoeng","in","","0","0","0","https://x.com/undefined/status/1895331274786775501","502836749",
"1895288046276497780","Fri Feb 28 04:32:38 +0000 2025","0","@AlhayzaX gunung sampah itu kak banyak banget","1895331249193132109","","AlhayzaX","in","","0","0","0","https://x.com/undefined/status/1895331249193132109","1819992597903159296",
"1895004474156163504","Fri Feb 28 04:30:00 +0000 2025","0","@Sylayuni ke gunung sih","1895330589139710436","","Sylayuni","in","","0","0","0","https://x.com/undefined/status/1895330589139710436","1348941554736513025",
"1895330421661147232","Fri Feb 28 04:29:20 +0000 2025","0","Kegiatan pengurasan sumur resapan di Jl. Wijaya 2 Kel. Gunung Kec. Kebayoran Baru @DKIJakarta @BPBDJakarta @BeritaJakarta #PasukanBiru #SiagaTanggapGalang #OperasiSiagaIbuKota #JagaJakarta #JAKI #SuksesJakartauntukIndonesia https://t.co/kMg0j322Gz","1895330421661147232","https://pbs.twimg.com/media/Gk2Q8mqW0AARt_w.jpg","","in","","0","0","0","https://x.com/undefined/status/1895330421661147232","2967790440",
"1895330090197885351","Fri Feb 28 04:28:01 +0000 2025","2","Longsor di KM 53 Piket Nol lereng Gunung Semeru di Kabupaten Lumajang Jawa Timur menyebabkan lumpuhnya akses jalan ke Malang dari arah Jember. Sementara beberapa pengendara nekat melintas aliran Gunung Semeru di Curah Kobokan Jumat (28/2). Efm #BeritElshinta https://t.co/b89rmGxHvx","1895330090197885351","https://pbs.twimg.com/ext_tw_video_thumb/1895329874468106240/pu/img/esiAj5YBH9fKMmWd.jpg","","in","","0","0","1","https://x.com/undefined/status/1895330090197885351","121640063",
"1895329961684410465","Fri Feb 28 04:27:31 +0000 2025","17","gunung https://t.co/eG5CzGx4iS","1895329961684410465","https://pbs.twimg.com/media/Gk2QjHHW8AAcE8K.jpg","","in","","0","0","0","https://x.com/undefined/status/1895329961684410465","1665654239316815872",
"1895131221270897137","Fri Feb 28 04:25:10 +0000 2025","5","@_sulistyawti @whoopziiy Iya kak dan Antartika sebenernya juga di buka untuk destinasi wisata dan bisa dijelajah gak ditutup militer. Tpi karna mahal banget untuk kesana makanya jarang orang tau kalo bisa wisata kesana. Bahkan youtuber mrbeast aja bikin video ngendaki gunung yang ada di Antartika ️","1895329372514680870","","_sulistyawti","in","","0","0","0","https://x.com/undefined/status/1895329372514680870","1890946165312782336",
"1895288046276497780","Fri Feb 28 04:24:43 +0000 2025","0","@AlhayzaX Gunung sampah ini mah ya kan kak","1895329258500919520","","AlhayzaX","in","","0","0","0","https://x.com/undefined/status/1895329258500919520","1734143539226001408",
"1895328745021722992","Fri Feb 28 04:22:40 +0000 2025","0","Cek Sepatu Pria Safety Boots Gunung 5AA Cordura 6inc Outdor Turing Hiking Bikers Ujung Besi Terbaru Sepatu Safety Gunung dengan harga Rp120.000. Dapatkan di Shopee sekarang! https://t.co/LvPfxA44TX https://t.co/98Z2JHM2eJ","1895328745021722992","https://pbs.twimg.com/media/Gk2PcaPb0AAJr3S.jpg","","in","","0","0","0","https://x.com/undefined/status/1895328745021722992","2939832086",
"1895328553866273161","Fri Feb 28 04:22:15 +0000 2025","0","Pada abad ke-10 pertapaan kecil mulai didirikan di sekitar gunung oleh para pertapa Kristen yang menjadi cikal bakal biara. - Pendiri Resmi (1025): Biara Santa Maria de Montserrat secara resmi didirikan pada tahun 1025 oleh Oliba seorang biarawan Benediktin yang juga https://t.co/sI2FRofHm1","1895328640159883665","https://pbs.twimg.com/media/Gk2PWiGXIAAn0fr.jpg","lenteqra","in","","0","1","0","https://x.com/undefined/status/1895328640159883665","1386971346748379137",
"1895328553866273161","Fri Feb 28 04:22:11 +0000 2025","0","sekelompok gembala menemukan patung kayu Perawan Maria (kemudian dikenal sebagai La Moreneta atau Madonna Hitam ) di sebuah gua di gunung ini setelah melihat cahaya misterius dan mendengar musik surgawi. Patung ini diyakini disembunyikan oleh umat Kristen untuk melindunginya https://t.co/X6cjMTCOV4","1895328622225084681","https://pbs.twimg.com/media/Gk2PVZMWkAADBo5.jpg","lenteqra","in","","0","1","0","https://x.com/undefined/status/1895328622225084681","1386971346748379137",
"1895328553866273161","Fri Feb 28 04:22:02 +0000 2025","0","Nama Montserrat berasal dari bahasa Latin mons serratus atau dalam bahasa Catalan berarti gunung bergerigi merujuk pada puncak-puncaknya yang menyerupai gigi gergaji. Biara itu sendiri berada pada ketinggian sekitar 720 meter di sisi gunung menawarkan pemandangan https://t.co/sJRDZBvNE4","1895328583532585091","https://pbs.twimg.com/media/Gk2PTKnaoAMxUeU.jpg","lenteqra","in","","0","1","0","https://x.com/undefined/status/1895328583532585091","1386971346748379137",
"1895328553866273161","Fri Feb 28 04:22:00 +0000 2025","0","Gunung ini memiliki ketinggian puncak tertinggi 1.236 meter di atas permukaan laut (Sant Jeroni) dan dikenal karena formasi batuan konglomerat merah mudanya yang khas yang terbentuk melalui proses sedimentasi dan erosi selama jutaan tahun. https://t.co/GEpGGxcXap","1895328573814382976","https://pbs.twimg.com/media/Gk2PSkEWMAA1u6C.jpg","lenteqra","in","","0","1","0","https://x.com/undefined/status/1895328573814382976","1386971346748379137",
"1895328553866273161","Fri Feb 28 04:21:57 +0000 2025","0","Berikut adalah penjelasan panjang dan terperinci tentang biara ini mencakup sejarah arsitektur makna spiritual dan daya tariknya. Lokasi dan Latar Belakang Geografis Biara Santa Maria de Montserrat terletak di Gunung Montserrat sebuah pegunungan bergerigi yang unik di https://t.co/j6j4YmJ1o9","1895328563093741626","https://pbs.twimg.com/media/Gk2PSAjaoAIgjzV.jpg","lenteqra","in","","0","1","0","https://x.com/undefined/status/1895328563093741626","1386971346748379137",
"1895296733732839623","Fri Feb 28 04:21:10 +0000 2025","1","@BonGos__ KETAWA Ga bisa banget gambar pemandangan hauwheushe jadinya cuma gunung sama matahari di tengah nanti","1895328367299399895","","BonGos__","in","","0","1","0","https://x.com/undefined/status/1895328367299399895","1244530503312523265",
"1895328316451860490","Fri Feb 28 04:20:58 +0000 2025","2","ni prodi kalau ga bahas gunung kidul/kulon progo sehari aja kayanya bubar ya","1895328316451860490","","","in","","1","0","0","https://x.com/undefined/status/1895328316451860490","1436541205811060743",
"1895327733951144166","Fri Feb 28 04:18:39 +0000 2025","1","ingin menikmati libur dengan jalan-jalan naik motor dengan pemandangan sawah atau gunung sembari menikmati musik.","1895327733951144166","","","in","","0","0","0","https://x.com/undefined/status/1895327733951144166","1190293658441936897",
"1895327373446590490","Fri Feb 28 04:17:13 +0000 2025","1","ada orang jual angin gunung fuji yg dari jepun tu","1895327373446590490","","","in","","0","0","0","https://x.com/undefined/status/1895327373446590490","231449454",
"1895327077198672091","Fri Feb 28 04:16:03 +0000 2025","1","SERUAN SALEMBA! GURU BESAR TURUN GUNUNG DUKUNG MHS! PRABOWO GAK BOLEH LAGI ANGGAP SEKEDAR LUCU2AN https://t.co/KsyP3f99th https://t.co/OGknVEOP2A","1895327077198672091","https://pbs.twimg.com/media/Gk2N7prWkAEHYEB.jpg","","in","","0","0","1","https://x.com/undefined/status/1895327077198672091","1251551142409977856",
"1895220347106140215","Fri Feb 28 04:15:40 +0000 2025","2","@cobeh2022 KIRA2 DI PERTAMINA ITU YG KERJA APA MANUSIA a JENIS LAIN YA ? GAJI SE GUNUNG MSH MALING ? NAUZUBILLAH ??? BISA DIHUKUM MATI NGAK MRK2 ITU MAS /MBAK HAKIM ? ","1895326980071137317","","cobeh2022","in","","0","0","0","https://x.com/undefined/status/1895326980071137317","1278528735256301568",
"1895282666335056142","Fri Feb 28 04:15:39 +0000 2025","0","@skywograve gunung siapa yg rela dicolongin sama abang? juru kuncinya udah siap geruduk","1895326978108252358","","skywograve","in","","0","1","0","https://x.com/undefined/status/1895326978108252358","1789568713072738304",
"1895288046276497780","Fri Feb 28 04:15:14 +0000 2025","1","@AlhayzaX Good morning Semoga naik gunung nya berjalan dengan lancar Semangat","1895326874068492289","","AlhayzaX","in","","0","0","0","https://x.com/undefined/status/1895326874068492289","721590341669748736",
"1894623990603550927","Fri Feb 28 04:12:15 +0000 2025","0"," (sepertinya) lebih paham negara ini daripada dirimu mau pergi bersamamu. Kamu merengut. Tidak bukan dia yang mau pergi bersamamu kamu yang sengaja ikut dengannya karena sekalian! Bukan kamu yang menginginkan liburan dadakan ini! ㅤㅤ Bersenang-senang di gunung saat ","1895326121287393457","","volkomenheit","in","","0","1","0","https://x.com/undefined/status/1895326121287393457","1673305397397159936",
"1895321223137239104","Fri Feb 28 03:52:47 +0000 2025","5","kalo disuruh milih antara gunung sama pantai kek nya aku gak suka dua duanya. ke gunung jalan nya oke kuat tapi menghadapi rintangannya naik turun di jalan yang kecil udah deg degan sendiri. kalo pantai takut air soalnya trauma tenggelam. ak emg cocok main di kebun teh","1895321223137239104","","","in","","0","6","0","https://x.com/undefined/status/1895321223137239104","1106031968817303552",
"1895120230495723600","Fri Feb 28 03:49:54 +0000 2025","11","@tanyakanrl Kalau jadi Dalang susah nder Disini gunung di sana gunung Ditengah tengahnya pulau jawa Wayangnya bingung dalangnya lebih bingung Yang penting bisa tertawa ","1895320496960610540","","tanyakanrl","in","","0","0","0","https://x.com/undefined/status/1895320496960610540","1238254062228746240",
"1895320383601127570","Fri Feb 28 03:49:27 +0000 2025","1","Babinsa Koramil 0109-03/Gunung Meriah Sambangi Petani Sayuran di Desa Tanah Merah Dorong Semangat dan Produktivitas https://t.co/uVsfuRDokd","1895320383601127570","","","in","","0","0","0","https://x.com/undefined/status/1895320383601127570","1313688723746217984",
"1895319048034091304","Fri Feb 28 03:44:09 +0000 2025","0","Gunung Dukono Meletus Kolom Abu Capai 1.500 Meter https://t.co/bN77Pn4iqE","1895319048034091304","","","in","","0","0","1","https://x.com/undefined/status/1895319048034091304","71436318",
"1895313767153676411","Fri Feb 28 03:42:24 +0000 2025","0","@AruYo23 Gausah bawa2 kampus gunung flop ituh","1895318609741914542","","AruYo23","in","","0","0","0","https://x.com/undefined/status/1895318609741914542","1572330076750118912",
"1895282578565054531","Fri Feb 28 03:41:17 +0000 2025","0","ㅤ Dari yang hanya ikut-ikutan berubah menjadi sebuah keharusan. Bagi Rexford gunung adalah satu dari sekian cara ampuh untuk kembali mengingatkan diri. Agar lebih bersyukur atas segala karunia yang diberikan sang pencipta. ㅤ","1895318330220949562","","noctuery","in","","0","1","0","https://x.com/undefined/status/1895318330220949562","1364929039761203210",
"1895318285773873222","Fri Feb 28 03:41:07 +0000 2025","0","Kasus Tarakan itu ibarat udh kayak gunung es diatas keliatan adem tapi dibawah itu udh gregetan 2 periode Mul itu menganak emaskan korp yg itu karena ketika bs kontrol politisi melalui sandera kasus maka Korp yg satunya bs distir korp satunya kena pangkas yg satunya ga.","1895318285773873222","","","in","","0","0","0","https://x.com/undefined/status/1895318285773873222","150530605",
"1895318249694191986","Fri Feb 28 03:40:58 +0000 2025","1","orang cimahi ada yg mau nemenin nonton petaka gunung gede ga euy? lg buy 1 get 1","1895318249694191986","","","in","","0","8","0","https://x.com/undefined/status/1895318249694191986","1248335621988311041",
"1895288046276497780","Fri Feb 28 03:39:55 +0000 2025","0","@AlhayzaX Ihh ngeri banget itu sampah menjulang jadi kek gunung ya","1895317984664789233","","AlhayzaX","in","","0","0","0","https://x.com/undefined/status/1895317984664789233","988835209188597761",
"1891117200972407092","Fri Feb 28 03:38:45 +0000 2025","2","@redcherryvk bener kan pengen gw tumbalin ke gunung kawi ni cewek obses","1895317692644720857","","redcherryvk","in","","0","0","0","https://x.com/undefined/status/1895317692644720857","1655746351010029568",
"1895298166041526345","Fri Feb 28 03:36:07 +0000 2025","0","@yurikenot Yuk daki gunung aja","1895317026446676014","","yurikenot","in","","0","0","0","https://x.com/undefined/status/1895317026446676014","60091296",
"1895282578565054531","Fri Feb 28 03:29:47 +0000 2025","0","@ILUSINIRWANA ㅤ Tiga kali di Papandayan pastilah Gama sudah mengetahui medannya dengan baik. Jumlah yang sama dengan pengalaman Rexford menyambangi gunung. Kali pertamanya adalah Semeru berangkat bersama anak-anak Mapala. Pendakian perdananya yang kandas di Kalimati. ㅤ","1895315433059918274","","ILUSINIRWANA","in","","0","1","0","https://x.com/undefined/status/1895315433059918274","1364929039761203210",
"1895315367561699548","Fri Feb 28 03:29:31 +0000 2025","0","Sekolah Pendaki Gunung Lawu- Wanandri X Garba Wira Bhuana UNS https://t.co/5tJ07pNH8z","1895315367561699548","https://pbs.twimg.com/media/Gk2DR0caoAkfk6b.jpg","","in","","0","0","0","https://x.com/undefined/status/1895315367561699548","283613441",
"1895302431682003221","Fri Feb 28 03:28:07 +0000 2025","1","@icedchocodrink we small small club buat wehhh gue naik kereta aja kadang lelah pegangan kereta di kota gue tinggi banget krn dekat pantai orang besar semua... kalo ke chongqing bogel gadis gunung wkwkwk","1895315014086729797","","","in","","0","0","0","https://x.com/undefined/status/1895315014086729797","1055907371153649664",
"1895314103402631316","Fri Feb 28 03:24:30 +0000 2025","0","rekomendasi sandal tali wanita sendal platform wedges slip on jelly strap gunung sepatu hak mules flatshoes high mini heels pretty adorable cute pink black hitam white putih cream kuliah kerja sekolah idea ootd event shopee 3.3 event sale gratis ongkir a thread","1895314103402631316","","","in","","0","0","0","https://x.com/undefined/status/1895314103402631316","1647445172211572737",
"1894371221917372856","Fri Feb 28 03:23:52 +0000 2025","0","@h_eartfelct Kurasa kalau kita mendaki kita akan banyak menghabiskan tenaga untuk mendaki dan kita tidak ada waktu untuk berjalan-jalan.. Kau jelaskan alasan kamu untuk tidak mendaki plus. Dari sini pun pemandangan gunung sudah begitu indah. Melihat para pendaki sudah ada beberapa -","1895313943532650500","","","in","","0","1","0","https://x.com/undefined/status/1895313943532650500","543222743",
"1895313543886708998","Fri Feb 28 03:22:16 +0000 2025","0","Gunung Pueh Dichalunka Nyadi Palan Rizab Biosfera UNESCO Berita silik ba : https://t.co/fuJuIg9cv7 #UKASnews #SaluranInformasiRakyat #SarawakMajuMakmur https://t.co/4lnLLyBpwC","1895313543886708998","https://pbs.twimg.com/media/Gk2BnnhXcAA1Ksa.jpg","","in","","0","0","0","https://x.com/undefined/status/1895313543886708998","1029230403465273345",
"1895164777565167933","Fri Feb 28 03:21:53 +0000 2025","0","@MhmmdRzkii16 @RafyMercury wkwkkwwkwk gapapa soalnya bos besar turun gunung","1895313444326514989","","MhmmdRzkii16","in","","0","0","0","https://x.com/undefined/status/1895313444326514989","1422433148634165250",
"1895307472883314828","Fri Feb 28 03:02:51 +0000 2025","0","@hatzlerr solo travelling. beneran dah ambil istirahat beberapa hari terus nginep hotel yg deket pantai or gunung depends on ur preference :3","1895308655366676852","","hatzlerr","in","","0","1","0","https://x.com/undefined/status/1895308655366676852","891580793251807232",
"1895288046276497780","Fri Feb 28 02:59:17 +0000 2025","0","@AlhayzaX sampahnya menjulang jadi kek gunung yak","1895307759639503191","","AlhayzaX","in","","0","0","0","https://x.com/undefined/status/1895307759639503191","754681543",
"1895307615485477264","Fri Feb 28 02:58:43 +0000 2025","12","Kak Re: aku ijin mengajak mu ke gunung Bromo Kutulis sebait sajak tentangmu Tpi tak prh bs selesai Kata demi kata sll tersaput air mataku Yg menetes kembali Tinta biru itu Menghablur membentuk genangan biru Meluruhkn satu demi satu Huruf² sajak itu karya kang @maman1965 https://t.co/soVjXuGbA0","1895307615485477264","https://pbs.twimg.com/media/Gk18OPVXUAAA6rH.jpg","","in","","0","0","4","https://x.com/undefined/status/1895307615485477264","1511771738",
"1895255553380880560","Fri Feb 28 02:58:43 +0000 2025","0","@guritaakota Nginep di gunung sama siapa Mas?","1895307615107981346","","guritaakota","in","","0","1","0","https://x.com/undefined/status/1895307615107981346","1767888649797214208",
"1895307107756601583","Fri Feb 28 02:56:42 +0000 2025","0"," Promo TIX ID Buy 1 Get 1 buat film horor Petaka Gunung Gede! Beli 1 tiket dapet 1 tiket GRATIS! Kuota terbatas jadi jangan sampai kehabisan! Pesan sekarang di aplikasi TIX ID! ️ https://t.co/vMTEZYq0I0 #PromoTIXID #TIXID #PetakaGunungGede https://t.co/SaqMd5Re4y","1895307107756601583","https://pbs.twimg.com/media/Gk17xUwaoAgyBV8.jpg","","in","","0","0","0","https://x.com/undefined/status/1895307107756601583","104065886",
"1895307017839112317","Fri Feb 28 02:56:20 +0000 2025","0","nonton petaka gunung gede apa 1 kakak 7 ponakan ya..","1895307017839112317","","","in","","0","0","0","https://x.com/undefined/status/1895307017839112317","11450472",
"1895306822581620777","Fri Feb 28 02:55:34 +0000 2025","0","ayo naik gunung","1895306822581620777","","","in","","0","3","0","https://x.com/undefined/status/1895306822581620777","1651593036391141380",
"1895111167649198461","Fri Feb 28 02:54:52 +0000 2025","0","@taudahhh_ Jalan** ke gunung","1895306648027386241","","biruwwlangitt","in","","0","0","0","https://x.com/undefined/status/1895306648027386241","1688931885123248128",
"1895306103006863556","Fri Feb 28 02:52:42 +0000 2025","0","Rangkaian peringatan Hari Peduli Sampah Nasional (HPSN) 2025 di Kabupaten Gresik berlanjut dengan aksi peduli lingkungan bertajuk Aksi Bersih Gunung (Asta Gunung). https://t.co/iwOladZj1E","1895306103006863556","","","in","","0","0","0","https://x.com/undefined/status/1895306103006863556","594258945",
"1895306100716810274","Fri Feb 28 02:52:42 +0000 2025","1","Bila berada di kawasan guunung ganang hutan jagalah adab jangan jadi macam orang kafir bukan Islam tak tahu kewujudan jin dan syaitan Ingat jin dan syaitan wajib diimani kewujudan mereka bukannya mengimani mereka https://t.co/HtNSMxrluR","1895306100716810274","","","in","","0","0","0","https://x.com/undefined/status/1895306100716810274","1690748018327482368",
"1895304726075580497","Fri Feb 28 02:52:27 +0000 2025","0","@sevenfouldism Mudah2an VIP beneran yg kebagian tiket bukan fomo yaa lama bgd nungguin beliau ini turun gunung soalnya","1895306040318795971","","sevenfouldism","in","","0","1","0","https://x.com/undefined/status/1895306040318795971","961820148804960256",
"1895255038903361938","Fri Feb 28 02:52:23 +0000 2025","4","@mulkanjabariyan @TedInvestigasi @StopPlandemit @SumandoGaek @mamakchayank @dokter_kampung @BabehAldoAje135 @Faraz_kepri @BukanAntarkota @FirmanSentosa22 @Sadewa_39 Sementara saya hapus dulu nanti udpate data yg lbh jelas baru post lagi. Tapi saya setuju itu gunung emas segitu larinya kemana Ini yg hrs kita tanyakan. Dan hati2 dgn scam Bank Emas ️","1895306021691892000","","mulkanjabariyan","in","","0","1","0","https://x.com/undefined/status/1895306021691892000","1501741769306021890",
"1895255038903361938","Fri Feb 28 02:49:42 +0000 2025","4","@ThatSun510 @TedInvestigasi @StopPlandemit @SumandoGaek @mamakchayank @dokter_kampung @BabehAldoAje135 @Faraz_kepri @BukanAntarkota @FirmanSentosa22 @Sadewa_39 Terlepas info cadangan emas salah ato tidak yg jelas gunung emas Papua dirampok dajjal","1895305347096813782","","ThatSun510","in","","0","2","0","https://x.com/undefined/status/1895305347096813782","1496834181279612933",
"1895305137415168098","Fri Feb 28 02:48:52 +0000 2025","0","pesona gunung terbalik https://t.co/wiHd5QXit1","1895305137415168098","https://pbs.twimg.com/ext_tw_video_thumb/1895186428822183936/pu/img/ZECoRqclWLKTYkBB.jpg","","in","","0","0","0","https://x.com/undefined/status/1895305137415168098","627302265",
"1895282578565054531","Fri Feb 28 02:46:37 +0000 2025","0","ㅤ Gunung yang mereka daki kali ini punya trek panjang dan menawan. Meski sekarang telah dipercantik dengan pengelolaan yang mumpuni untuk menarik lebih banyak orang. Terdapat tangga-tangga dan jalur beraspal untuk kendaraan roda dua. ㅤ","1895304570693369988","","noctuery","in","","0","1","0","https://x.com/undefined/status/1895304570693369988","1364929039761203210",
"1895293125532512604","Fri Feb 28 02:43:46 +0000 2025","1","@feveralte Istri pertama pados istri kedua kala berarti bisa ya kabibi berhubung kala udah ditinggal ajun jadi pupuk di gunung","1895303855765889368","","feveralte","in","","0","0","0","https://x.com/undefined/status/1895303855765889368","1576956549829865472",
"1895303855065501983","Fri Feb 28 02:43:46 +0000 2025","0","Semalem mimpi mendaki gunung terus basecamp-nya itu seaside resort berpasir putih di pinggir laut. Pendakiannya pake tangga darurat di dalem gunungnya . Pas udah sampe di lt.4 (anjir gunung ada lantainya) baru sadar kalo ngga bawa bekal apa-apa ","1895303855065501983","","","in","","0","1","0","https://x.com/undefined/status/1895303855065501983","1248122817599533056",
"1895303834802823351","Fri Feb 28 02:43:41 +0000 2025","0","Gunung Pueh Dicalonkan Sebagai Tapak Rizab Biosfera UNESCO Berita penuh boleh didapati di pautan EDISI UKAS berikut : https://t.co/IQuDbmsanh #UKASnews #SaluranInformasiRakyat #SarawakMajuMakmur https://t.co/25eWLGskuJ","1895303834802823351","https://pbs.twimg.com/media/Gk14ykjaAAAQYzI.jpg","","in","","0","0","0","https://x.com/undefined/status/1895303834802823351","1029230403465273345",
"1895145922205753840","Fri Feb 28 02:39:36 +0000 2025","2","@f1speed_indo mas gerobak belanda bilek: santai dulu gw mau ngopi sebelum besok turun gunung https://t.co/2Jjwc0DWDn","1895302803805143506","https://pbs.twimg.com/tweet_video_thumb/Gk132PEWAAA9Tok.jpg","f1speed_indo","in","","0","0","0","https://x.com/undefined/status/1895302803805143506","1270602301137227776",
"1895302402464690503","Fri Feb 28 02:38:00 +0000 2025","0","Giat Pemantapan Program Perkarangan Pangan Bergizi Program Pemantapan Lahan Produktif dan Program Pengawasan Distribusi di Kp. Komering Putih Kecamatan Gunung Sugih Kab.Lampung Tengah Petugas (Bhabinkamtibmas Aipda Zulkarnain). Jum at (28/2/2025) #swasembadapangan https://t.co/KRacEELilc","1895302402464690503","https://pbs.twimg.com/media/Gk13fQybUAAqJhT.jpg","","in","","0","0","0","https://x.com/undefined/status/1895302402464690503","1269125579841798146",
"1895021104412139709","Fri Feb 28 02:18:15 +0000 2025","0","@Sentjoko Aku GK bisa bayangkan Tubuh yg kecil ini punya Gigi sebesar gunung ..","1895297431212040556","","Sentjoko","in","","0","0","0","https://x.com/undefined/status/1895297431212040556","1767563604910571520",
"1895296989728026824","Fri Feb 28 02:16:29 +0000 2025","0","Kemhut Lepasliarkan Dua Kucing Emas Langka di Gunung Lauser https://t.co/POvnflMJfR","1895296989728026824","","","in","","0","0","0","https://x.com/undefined/status/1895296989728026824","1012174601055449088",
"1895012197031649699","Fri Feb 28 02:15:28 +0000 2025","1","@JajangRidwanK @kompascom Desa nenek saya di Karanganyar kaki Gunung Lawu","1895296733065945180","","JajangRidwanK","in","","0","0","0","https://x.com/undefined/status/1895296733065945180","1456303449394409472",
"1894565348999139413","Fri Feb 28 02:15:23 +0000 2025","0","@txtdariotomotif Yuk buka di Kab Magelang jangan cuma di kota saja rumahku pucuk gunung kasihanilah motorku tiap digas bunyinya jelekkk","1895296710433481033","","txtdariotomotif","in","","0","0","0","https://x.com/undefined/status/1895296710433481033","882475526992019456",
"1895259804324765828","Fri Feb 28 02:13:16 +0000 2025","0","@daiisykyy jadi seperti gunung hidup ya kak","1895296177492631585","","daiisykyy","in","","0","0","0","https://x.com/undefined/status/1895296177492631585","1139864740308500484",
"1894978222040981824","Fri Feb 28 02:13:15 +0000 2025","0","@idextratime Lebih hemat utk menghukum para koruptor : 1. Jatuhkan di kawah gunung anak kerakatau. 2. Jatuhkan di kawah gunung merapi. 3. Tengelamkan hidup hidup di laut dgn krangkeng. Setelah itu sita seluruh harta bendanya.","1895296172409135277","","idextratime","in","","0","0","0","https://x.com/undefined/status/1895296172409135277","2917435673",
"1895290570467352874","Fri Feb 28 02:12:17 +0000 2025","0","@erisa_santika Suruh nonton kontennya Dzawin soal gunung aja dulu","1895295929705734544","","erisa_santika","in","","0","1","0","https://x.com/undefined/status/1895295929705734544","70691947",
"1895150319736365291","Fri Feb 28 02:11:39 +0000 2025","1","@Matcharon__ jangan sampe paguyuban dean protector turun gunung yaa https://t.co/n7HbpsRYY2","1895295771827945632","https://pbs.twimg.com/media/Gk1xdIzXAAAWtkj.jpg","Matcharon__","in","","0","1","0","https://x.com/undefined/status/1895295771827945632","956111944297037825",
"1895288046276497780","Fri Feb 28 02:11:17 +0000 2025","0","@AlhayzaX Ini mah gunung yah wkwkw","1895295679763005690","","AlhayzaX","in","","0","0","0","https://x.com/undefined/status/1895295679763005690","1315198460946120704",
"1895144402340778000","Fri Feb 28 02:10:02 +0000 2025","1","@sbyfess naik gunung aja","1895295365248913686","","sbyfess","in","","0","0","0","https://x.com/undefined/status/1895295365248913686","1274373400069193728",
"1895272986648944769","Fri Feb 28 02:09:17 +0000 2025","0","@bucingsungguhan Gojila turun gunung itu ci.. Gojila pas jatuh gempa dikit g ci? ","1895295177323094475","","bucingsungguhan","in","","0","0","0","https://x.com/undefined/status/1895295177323094475","850700460952403969",
"1895260969313673556","Fri Feb 28 02:08:19 +0000 2025","0","@rosie_bl00ms iya sudah nikmati saja gengsi setinggi gunung itu","1895294934749700601","","anonimpeo","in","","0","0","0","https://x.com/undefined/status/1895294934749700601","1298209864720637952",
"1895294722446705069","Fri Feb 28 02:07:29 +0000 2025","0","buset ini knpa yang fllw gue anak gunung semua dah","1895294722446705069","","","in","","0","0","0","https://x.com/undefined/status/1895294722446705069","1672958894359056384",
"1895294405801844887","Fri Feb 28 02:06:13 +0000 2025","1192","Hasil dari pilihan all in all in Kata temen gue yang baru siuman/sadar kaduhung sagede gunung (menyesal segede gunung) Nikmati dan jogetin saja https://t.co/3B7wMkPQwY","1895294405801844887","https://pbs.twimg.com/ext_tw_video_thumb/1895294317650157568/pu/img/LlCZxe3OLFAP4_Xj.jpg","","in","","34","111","333","https://x.com/undefined/status/1895294405801844887","1572608169100316672",
"1895288046276497780","Fri Feb 28 02:05:38 +0000 2025","0","@AlhayzaX Gunung sampah itu mah ih bau pastiii","1895294257902293071","","AlhayzaX","in","","0","0","0","https://x.com/undefined/status/1895294257902293071","1718182477792210944",
"1895237211609837889","Fri Feb 28 02:02:13 +0000 2025","0","@jumaii11 Ada tp pendaki gunung everest","1895293396601970786","","jumaiirii","in","","0","0","0","https://x.com/undefined/status/1895293396601970786","1162671901627441154",
"1895288046276497780","Fri Feb 28 01:59:26 +0000 2025","2","@AlhayzaX Sampahnya banyak amat ya seperti mirip gunung","1895292698799796526","","AlhayzaX","in","","0","0","0","https://x.com/undefined/status/1895292698799796526","1839840078505619457",
"1895288046276497780","Fri Feb 28 01:58:36 +0000 2025","0","@AlhayzaX Ini mah gunung tumpukan sampah min","1895292486190538937","","AlhayzaX","in","","0","0","0","https://x.com/undefined/status/1895292486190538937","1205144213387526145",
"1895277745829224469","Fri Feb 28 01:58:07 +0000 2025","6","@FansNerazzurri Firdaus punya gunung uranium terasa lebih masuk akal untuk dipercaya daripada berita ini.","1895292365965009227","","FansNerazzurri","in","","0","5","0","https://x.com/undefined/status/1895292365965009227","1191529787166052352",
"1895292365927260674","Fri Feb 28 01:58:07 +0000 2025","2","Ngakak bgt liat yg review beli angin gunung fuji ","1895292365927260674","","","in","","0","0","0","https://x.com/undefined/status/1895292365927260674","236782211",
"1895288046276497780","Fri Feb 28 01:51:17 +0000 2025","0","@AlhayzaX Tadinya aku kira ini gunung beneran","1895290644798808152","","AlhayzaX","in","","0","0","0","https://x.com/undefined/status/1895290644798808152","1538005939294711812",
"1892236367498764581","Fri Feb 28 01:50:38 +0000 2025","0","@kentaxro Ayam gunung kan?","1895290480998711602","","rxyusei","in","","0","1","0","https://x.com/undefined/status/1895290480998711602","2378242728",
"1895290447104483807","Fri Feb 28 01:50:30 +0000 2025","102","Salah satu crew Aruna Foodcourt melaksanakan nadzar PSIM juara Liga 2 jalan kaki Gunung Sempu - Stipram. https://t.co/q8sn42wW43","1895290447104483807","https://pbs.twimg.com/amplify_video_thumb/1895290374966648833/img/-pq-xvH1GJZVA8ov.jpg","","in","","0","2","8","https://x.com/undefined/status/1895290447104483807","70881254",
"1895288046276497780","Fri Feb 28 01:50:26 +0000 2025","0","@AlhayzaX joging kok di lapangn di gunung dong","1895290432533549449","","AlhayzaX","in","","0","0","0","https://x.com/undefined/status/1895290432533549449","1735205208786132992",
"1895290159329091814","Fri Feb 28 01:49:21 +0000 2025","0","bngun pagi scroll salomon gua dh siap bgt ini naik gunung versi kalcerr","1895290159329091814","","","in","","0","1","0","https://x.com/undefined/status/1895290159329091814","1405943359093436416",
"1895288746578452636","Fri Feb 28 01:44:30 +0000 2025","0","Ini juga karena absen dilantai 6 kalau lantai 5 pasti telat 2menit (krn cepet 2menit kalau dimesin absen lat 5. Itung2 latihan naik gunung naik tanggal 6 lantai dalam 1menit walau udahannya kaki lemes ","1895288939289944144","","shflyy3424","in","","0","0","0","https://x.com/undefined/status/1895288939289944144","116783843",
"1895288924710543611","Fri Feb 28 01:44:27 +0000 2025","0","Nggak usah bicara Presisi di Sumut ada Polisi nipu Polisi untuk kelulusan menjadi Perwira. Ini indikasi gunung es institusi Polisi yang tidak baik. Kapan Kapolri merubah menjadi lebih baik? #kapolriSigit #humaspolri","1895288924710543611","","","in","","0","0","0","https://x.com/undefined/status/1895288924710543611","1807786790289637376",
"1895288618064978262","Fri Feb 28 01:43:13 +0000 2025","0","Gunung Dukono Erupsi Hari Ini Tinggi Abu Vulkanis Capai 1.500 Meter https://t.co/8OjeKnt6d3","1895288618064978262","","","in","","0","0","0","https://x.com/undefined/status/1895288618064978262","132078023",
"1895288046276497780","Fri Feb 28 01:40:57 +0000 2025","138","Good morningg Closingan sebelum Ramadhan joging ke gunung.....‍ https://t.co/rnwDKG64ny","1895288046276497780","https://pbs.twimg.com/ext_tw_video_thumb/1895288004979367936/pu/img/-FHKN1aT72gm5qEL.jpg","","in","","0","167","2","https://x.com/undefined/status/1895288046276497780","1743554203979833344",
"1895287790260363453","Fri Feb 28 01:40:43 +0000 2025","0","@SukabumiiFess Depan sd gunung puyuh ada","1895287987333894267","","SukabumiiFess","in","","0","0","0","https://x.com/undefined/status/1895287987333894267","1122678234422763520",
"1895287580205425012","Fri Feb 28 01:39:06 +0000 2025","2","Sabar ya MIMI PERI sudah turun gunung https://t.co/GZSt8dMouZ","1895287580205425012","https://pbs.twimg.com/media/Gk1p81EaoAQPuXD.jpg","","in","","0","12","0","https://x.com/undefined/status/1895287580205425012","1065422383421374465",
"1895282766281089487","Fri Feb 28 01:38:27 +0000 2025","1","@bacolumbia Dingin soalnya dilereng gunung mendung jg ","1895287417697116182","","millydanmumet","in","","0","0","0","https://x.com/undefined/status/1895287417697116182","847432091457339392",
"1895287139664851212","Fri Feb 28 01:37:21 +0000 2025","0","Segudang daya tarik yang dimiliki Pantai Sundak Gunung Kidul yang bisa membuat pengunjung terpesona saat berkunjung https://t.co/6sy8MIKqDQ","1895287139664851212","","","in","","0","0","0","https://x.com/undefined/status/1895287139664851212","1404018642",
"1895286919761928688","Fri Feb 28 01:36:29 +0000 2025","0","https://t.co/3XfRALmeZf SPEEDS Kursi Lipat Outdoor Portable Kursi Camping Folding Chair Gunung Kemah Mudah LX 031-14 dengan harga Rp52.200. Dapatkan di Shopee sekarang! https://t.co/TbrPONZctW https://t.co/dalNhMhyzu","1895286919761928688","https://pbs.twimg.com/media/Gk1paPLaoAEhWig.jpg","","in","","0","0","0","https://x.com/undefined/status/1895286919761928688","1879056642245009408",
"1895286772537663913","Fri Feb 28 01:35:53 +0000 2025","0","https://t.co/7s46WcCsnj SPEEDS Kursi Lipat Camping Kursi Lipat Outdoor Kursi Gunung Kursi Sauna Bangku Portable 031-12 dengan harga Rp58.650. Dapatkan di Shopee sekarang! https://t.co/qDT2yyrEdP https://t.co/2JhxqOHF2R","1895286772537663913","https://pbs.twimg.com/media/Gk1pRkyXEAAOW5Y.jpg","","in","","0","0","0","https://x.com/undefined/status/1895286772537663913","1879056642245009408",
"1895018285235904572","Fri Feb 28 01:35:45 +0000 2025","0","@wisnu_prasetya @kompascom Sikat tuh kkb wkwk Model bgini naik turun gunung di Papua pasti bisa pingsan wkwk","1895286736554770606","","wisnu_prasetya","in","","0","0","0","https://x.com/undefined/status/1895286736554770606","1456288684106346496",
"1894764181985112550","Fri Feb 28 01:35:22 +0000 2025","0","@bidaratiga Cinta itu gak semua soal kebahgiaan. Tapi cinta sejati itu akan selalu mengusahakan bahkan saat ada di posisi yang gak menguntungkan. Kadang hidup itu kan kayak mendaki gunung yah. Kita butuh tau lebih kuat atau enggak kita untuk sampai di tujuan kita.","1895286638592565564","","putroand","in","","0","2","0","https://x.com/undefined/status/1895286638592565564","767728889812496384",
"1895286610347864290","Fri Feb 28 01:35:15 +0000 2025","0","Silsilah Sunan Gunung Jati Berdasarkan Naqobah Ansab Maroko https://t.co/ZTdJygZIND","1895286610347864290","","","in","","0","0","0","https://x.com/undefined/status/1895286610347864290","1578222594",
"1895266834225758613","Fri Feb 28 01:32:25 +0000 2025","0","Pembentukan Danau Singkarak terjadi akibat proses tektonik yang dipicu oleh Sesar Sumatera yang menyebabkan terbentuknya Cekungan Singkarak Solok. Cekungan ini terbentuk dari akumulasi bahan vulkanik yang terkendali yang berasal dari letusan gunung berapi di sekitarnya dan","1895285897056395434","","panjxat","in","","0","1","0","https://x.com/undefined/status/1895285897056395434","1734904938239868928",
"1895285551122510178","Fri Feb 28 01:31:02 +0000 2025","0","Pesona Pantai Sundak di Gunung Kidul punya gua air tawar hingga tinggi gua yang mencapai dua meter jadi sorotan para pengunjung https://t.co/U3T0HIkuZC","1895285551122510178","","","in","","0","0","0","https://x.com/undefined/status/1895285551122510178","1404018642",
"1895037855485042938","Fri Feb 28 00:49:40 +0000 2025","0","@koentji__ Kamu abis dari mana? Ini pacet di tempatku banyak tapi di gunung gede ga yg sampe ke kota cuman di tempat lembab aja","1895275140860318045","","kangkunglic_","in","","0","1","0","https://x.com/undefined/status/1895275140860318045","1520289753924775936",
"1895251344539242866","Fri Feb 28 00:44:54 +0000 2025","0","@jogjamfs ada mobil di gunung kidul tp itu cuma kecil kaya per orangan gt yang punya","1895273941863932376","","jogjamfs","in","","0","0","0","https://x.com/undefined/status/1895273941863932376","1031336723043631105",
"1895269932008644991","Fri Feb 28 00:43:39 +0000 2025","0","@kompascom Rp20 4 miliar kerugian negara hanyalah puncak gunung es. 'Mark up' 10% bukanlah kecelakaan administrasi tapi rancangan atas nama 'dana komando' yang bisa dipakai sesuai selera para pejabat. Solusinya: audit forensik semua proyek Basarnas sejak 2009 lacak semua mantan kepala","1895273626779484166","","dimarsasongko98","in","","0","0","0","https://x.com/undefined/status/1895273626779484166","1781618112259076096",
"1895033405508907362","Fri Feb 28 00:39:28 +0000 2025","1","@RefublikAteis Kalau giginya Segede gunung trus muka dan badannya Segede apeyeh?","1895272574130749944","","RefublikAteis","in","","0","0","0","https://x.com/undefined/status/1895272574130749944","1790929976000462848",
"1895156729849250192","Fri Feb 28 00:34:57 +0000 2025","0","@portgasdathena Naik bis gunung harta","1895271436027338969","","portgasdathena","in","","0","1","0","https://x.com/undefined/status/1895271436027338969","1865723621647556608",
"1876452904284123372","Fri Feb 28 00:30:04 +0000 2025","0","@bigbanghhhhg Gunung salak","1895270205749969183","","bigbanghhhhg","in","","0","0","0","https://x.com/undefined/status/1895270205749969183","1443616722980724737",
"1895130259105907128","Fri Feb 28 00:29:22 +0000 2025","0","@kimschi Kamu juga suka naik gunung? ","1895270033070399966","","kimschilllll","in","","0","0","0","https://x.com/undefined/status/1895270033070399966","965033321490083840",
"1895269305320624209","Fri Feb 28 00:26:29 +0000 2025","107","Jends! Ujan di purwokerto kocak juga ya. Sender dari gunung muria deres pas sampe kampus belakang cerah. Malu banget masuk kelas basah sendiri ","1895269305320624209","","","in","","4","4","3","https://x.com/undefined/status/1895269305320624209","1855834355165544448",
"1892919283107152020","Fri Feb 28 00:17:15 +0000 2025","0","@jjjcyeon @bnsjoon @yourboyoungie gunung rinjani wkwk","1895266982305636718","","lyeonwooa","in","","0","1","0","https://x.com/undefined/status/1895266982305636718","820221588402376704",
"1895264658552140264","Fri Feb 28 00:09:27 +0000 2025","0","ah elah lu bikin gw turun gunung aje","1895265019979514048","","98archv","in","","0","0","0","https://x.com/undefined/status/1895265019979514048","1710708782798651392",
"1895261516850700660","Fri Feb 28 00:08:58 +0000 2025","0","@gayung_aer Wah ibunya langit laut dan gunung nih","1895264897598136736","","gayung_aer","in","","0","0","0","https://x.com/undefined/status/1895264897598136736","1298209864720637952",
"1895264817944162785","Fri Feb 28 00:08:39 +0000 2025","0","Wah kalapanunggal nih kaki gunung salak. Deket tempat kerja aku dulu","1895264817944162785","","","in","","0","0","0","https://x.com/undefined/status/1895264817944162785","1425377301953277953",
"1895264075556495375","Fri Feb 28 00:05:42 +0000 2025","3","afhk ini si anak gunung krakatau ntuh","1895264075556495375","","","in","","0","1","0","https://x.com/undefined/status/1895264075556495375","1307582979628126208",
"1895264005339652578","Fri Feb 28 00:05:25 +0000 2025","5","Petugas penyelamat pertama menyelamatkan 3 orang yang terluka dalam kecelakaan pesawat di Gunung Equinox. Sebuah helikopter menurunkan keranjang untuk menjemput orang-orang yang terluka yang telah menaiki pesawat mesin tunggal yang jatuh Rabu pagi di puncak gunung di Manchester https://t.co/Ebcs1LBdif","1895264005339652578","https://pbs.twimg.com/media/Gk1UkYzWkAAb66P.jpg","","in","","0","0","0","https://x.com/undefined/status/1895264005339652578","1603570929635692545",
"1895005230221402393","Fri Feb 28 00:05:03 +0000 2025","0","@giemminji Naik gunung dulu cari sinyal","1895263913266290895","","giemminji","in","","0","0","0","https://x.com/undefined/status/1895263913266290895","2668436132",
"1895263476983177310","Fri Feb 28 00:03:19 +0000 2025","0","kaki gunung merapiii ️ https://t.co/1prySy3jPO","1895263476983177310","https://pbs.twimg.com/media/Gk1UFSJWsAAXVoH.jpg","","in","","0","0","0","https://x.com/undefined/status/1895263476983177310","381528644",
"1895261904026886648","Thu Feb 27 23:57:04 +0000 2025","0","Cek Fertig - Levizka Black - Sandal Travel - Sandal Gunung - Open Toe - Sendal Pria Wanita dengan harga Rp165.900. Dapatkan di Shopee sekarang! https://t.co/ru7FsyMkaC https://t.co/QJga7SW057","1895261904026886648","https://pbs.twimg.com/media/Gk1SqHjX0AA7c0u.jpg","","in","","0","0","0","https://x.com/undefined/status/1895261904026886648","251598820",
"1895261500316754180","Thu Feb 27 23:55:29 +0000 2025","0","Lagi dicengkam berdarah berbekas mengalir luka Sedangkan gunung juga tahu dimana puncak berada Mabuk berdendam memakan hati yang dahulu mulia Tamparan yang kuat dibelai keras pada muka manusia Hilang duhai kasih kepada insan yang awalnya dijaga","1895261503697363321","","nikzahinn","in","","0","0","0","https://x.com/undefined/status/1895261503697363321","1864388582800281601",
"1894908590126952610","Thu Feb 27 23:54:35 +0000 2025","1","@MbulGendhutt @TOM5helby @Kemenperin_RI Mungkin surveynya di gunung Antartika. ","1895261279725724030","","MbulGendhutt","in","","0","0","0","https://x.com/undefined/status/1895261279725724030","1735183133912543232",
"1895064434579775613","Thu Feb 27 23:54:30 +0000 2025","0","@Calvsky @stockmapping aamiin bener tuh Bang bisa menjadi warga Gunung Kawi dengan slogan yang percaya2 aja ","1895261255633641903","","Thespian1313","in","","0","0","0","https://x.com/undefined/status/1895261255633641903","1710000198",
"1895260581818675569","Thu Feb 27 23:53:12 +0000 2025","0","Volcano humidifier kaya gunung berapi meletus : https://t.co/uWPd4Aea8B https://t.co/Samn2h9r38","1895260930390561254","https://pbs.twimg.com/amplify_video_thumb/1895260917174280194/img/zKkJNwwqbX5TbkFl.jpg","mowtly","in","","0","1","0","https://x.com/undefined/status/1895260930390561254","2758420257",
"1895090754722374085","Thu Feb 27 23:49:46 +0000 2025","1","@Gunung_Agoeng @direktoridosen @UGMYogyakarta yg mesti dag dig dug","1895260064426140139","","Gunung_Agoeng","in","","0","0","0","https://x.com/undefined/status/1895260064426140139","417547297",
"1895254791275917503","Thu Feb 27 23:43:57 +0000 2025","0","@sluibt Nenek-nenek kenapa hiking ke gunung","1895258602467918008","","sluibt","in","","0","0","0","https://x.com/undefined/status/1895258602467918008","1496493677371215877",
"1895013232173294018","Thu Feb 27 23:42:49 +0000 2025","0","@aboutcowek Gunung Emas yg menawan konon katanya potensi kandungan (emas tembaga dll) sampe kedalaman 7km saat ini msh sekitaran 3-4km dari thn 67.","1895258315665613255","","LauraPutri05","in","","0","0","0","https://x.com/undefined/status/1895258315665613255","1372823589804666885",
"1895131221270897137","Thu Feb 27 23:41:52 +0000 2025","33","@hadilsyah @whoopziiy Di peta al idrisi juga di gambarkan Gunung Qaf mengelilingi bumi Walaupun kepastian peta ini masih di teliti tapi bentuk datarannya bisa terbaca kalau di lihat seksama bedanya datarannya blm terpisah https://t.co/FdG8j36Bbb","1895258077336862942","https://pbs.twimg.com/media/Gk1PLSvaoAEgUt5.jpg","hadilsyah","in","","0","1","0","https://x.com/undefined/status/1895258077336862942","1667485516705693696",
"1895258024341839880","Thu Feb 27 23:41:39 +0000 2025","0","ajg stres bgt kuliah dibantai 4 laprak 2 propos kerkom bangke tugas macam gunung","1895258024341839880","","","in","","0","0","0","https://x.com/undefined/status/1895258024341839880","1835314362195836928",
"1895131221270897137","Thu Feb 27 23:37:04 +0000 2025","60","@hadilsyah @whoopziiy Gunung qaf bang. Tapi emang gunung qaf rumah buat jin-jin juga.. Gunung qaf di pisahkan dari dunia manusia oleh lautan https://t.co/baAjAZTxBj","1895256870585241830","https://pbs.twimg.com/media/Gk1OE1SXwAAV3Cu.jpg","hadilsyah","in","","0","1","5","https://x.com/undefined/status/1895256870585241830","1667485516705693696",
"1895256235974500830","Thu Feb 27 23:34:33 +0000 2025","0","incline walk 30 menit di treadmill manual yg BUSET UDH 3 KALI NAMBAH LUBRICANT MASIH SERET BANGET rasanya kayak mau meninggal jir alias mending w nanjak gunung sekalian ini jdnya kaya jalan sambil dorong beban.. open donasi treadmill agar cita²Q 10k steps di rumah aj trcapai https://t.co/PK9HKiuCSV","1895256235974500830","https://pbs.twimg.com/media/Gk1NgH7aUAAN4R4.jpg","","in","","0","1","0","https://x.com/undefined/status/1895256235974500830","1251167434368708611",
"1895256132253557141","Thu Feb 27 23:34:08 +0000 2025","0","07.34 Simpang Gunung Lingai &amp; simpang Alaya : Antrian kendaraan normal Situasi arus lalin lancar. #MinYn https://t.co/dnElc1mlur","1895256132253557141","https://pbs.twimg.com/media/Gk1NYiMWwAAvlKE.jpg","","in","","0","0","0","https://x.com/undefined/status/1895256132253557141","240460194",
"1895010086139072808","Thu Feb 27 23:33:28 +0000 2025","0","@kenhans03 Bayangin ini cuma sebagai puncak gunung es yg nampak saja belum yg belum nampak ","1895255964582060187","","kenhans03","in","","0","0","0","https://x.com/undefined/status/1895255964582060187","1168284851088158720",
"1895254823316135990","Thu Feb 27 23:28:56 +0000 2025","0","Nasib Tragis Pendaki Gunung Slamet Meninggal Dunia setelah terjatuh ke jurang https://t.co/2dKRSVofUp","1895254823316135990","","","in","","0","0","0","https://x.com/undefined/status/1895254823316135990","573498219",
"1895246167531008133","Thu Feb 27 23:24:18 +0000 2025","3","@ALTheDiscreet Karena yang banyak akses vct ini nonhetero data yang keluar dan disalahtafsirkan adalah queer itu rentan hiv . Yg bagusnya ya kasus2 hiv queer ppl mostly treated meanwhile kasus2 hiv hetero jadi underground &amp; gunung es.","1895253655881949208","","ALTheDiscreet","in","","0","2","0","https://x.com/undefined/status/1895253655881949208","73327619",
"1895078698623303999","Thu Feb 27 23:17:35 +0000 2025","1","@l0eydust Nikmatin sampe capee tapi jangan lupa disambi naik gunung dan solo traveling yee (pengalaman pribadi)","1895251966835798468","","l0eydust","in","","0","0","0","https://x.com/undefined/status/1895251966835798468","1636442583181434881",
"1895248830611771642","Thu Feb 27 23:13:29 +0000 2025","0","@convomf minum anget? kalo kata temen sering naik gunung... dia blg jangan difokusin kalo km sdg menggigil kedinginan alihkan dg aktivitas.","1895250933212422486","","convomf","in","","0","0","0","https://x.com/undefined/status/1895250933212422486","577738802",
"1895004121280995443","Thu Feb 27 23:08:37 +0000 2025","1","@ryanandrn_ Ini setuju bgt sih. Jalan kerumahku jelek banget tapi ada pemandangan gunung merapi pohon² pinus monyet lari sana sini nyolong sayur petani","1895249709637476582","","cryptovibe_id","in","","0","0","0","https://x.com/undefined/status/1895249709637476582","847432091457339392",
"1894174931945951353","Thu Feb 27 23:06:21 +0000 2025","0","Karena gunung dan laut tak punya rasa","1895249138847240480","","primadeca","in","","0","1","0","https://x.com/undefined/status/1895249138847240480","169421172",
"1895247549298098609","Thu Feb 27 23:00:02 +0000 2025","99","🇮🇱 Israel menempati salah satu titik tertinggi di Levant dan salah satu lokasi militer paling strategis puncak Gunung Hermon di Israel utara sekarang. https://t.co/ts51nKHyjH","1895247549298098609","https://pbs.twimg.com/ext_tw_video_thumb/1895200660158545920/pu/img/3-wZ3Rqw4bX3ll4f.jpg","","in","","1","5","14","https://x.com/undefined/status/1895247549298098609","1514605626877366272",
"1895029242121126290","Thu Feb 27 22:56:57 +0000 2025","0","@narayups wow 90% gunung sahara kerenn","1895246775289815443","","narayups","in","","0","0","0","https://x.com/undefined/status/1895246775289815443","1724147049300660225",
"1895072733895237998","Thu Feb 27 22:54:54 +0000 2025","0","@cowobangkit @JalanArsenal ompe sampe turun gunung","1895246256412467687","","cowobangkit","in","","0","0","0","https://x.com/undefined/status/1895246256412467687","1274512997075972096",
"1895245583625203842","Thu Feb 27 22:52:13 +0000 2025","0","Indonesia punya keindahan alam yang perlu kita jaga mulai dari pantai hingga gunung.","1895245583625203842","","","in","","0","0","0","https://x.com/undefined/status/1895245583625203842","2683477862",
"1894688382745563385","Thu Feb 27 18:26:45 +0000 2025","0","@huhhh192 Kumaha atuhda orang gunung","1895178774796476479","","huhhh192","tl","","0","0","0","https://x.com/undefined/status/1895178774796476479","1072135790757474305",
"1895166521829400748","Thu Feb 27 18:26:24 +0000 2025","0","@savoireu ayo kita naik gunung","1895178685545861599","","savoireu","in","","0","1","0","https://x.com/undefined/status/1895178685545861599","1522852630187241473",
"1895178682131718514","Thu Feb 27 18:26:23 +0000 2025","0","Fenomena Kenapa Gunung Terlihat Warna Biru dari Kejauhan https://t.co/gNt4zNdKLZ","1895178682131718514","","","in","","0","0","0","https://x.com/undefined/status/1895178682131718514","1760497324919603200",
"1895024972474785900","Thu Feb 27 18:22:12 +0000 2025","0","@altruismqt Ke gunung seru","1895177630087028959","","altruismqt","in","","0","0","0","https://x.com/undefined/status/1895177630087028959","1088800692205117440",
"1895177097234338276","Thu Feb 27 18:20:05 +0000 2025","0","Mari kita lihat apa keputusan mereka yang ada di gunung dari konsekuensi memiliki pemimpin yang dipuja-puja ini dan bagaimana pengaruhnya terhadap perjuangan membangun masyakarat modernitas demokratis sebagai alternatif negara-bangsa","1895177097234338276","","","in","","0","0","0","https://x.com/undefined/status/1895177097234338276","1203899429998055424",
"1894974933165580774","Thu Feb 27 18:19:37 +0000 2025","0","@mas2_jawa_ Pengen naik gunung jadinya","1895176978514444477","","mas2_jawa_","in","","0","0","0","https://x.com/undefined/status/1895176978514444477","896322446285979649",
"1894473620434321476","Thu Feb 27 18:19:11 +0000 2025","0","@_urdadlikesme_ seperti biasa suasana mencekam kursi gaming peninggalan kerajaan majapahit batik thrift di pasar setan gunung lawu dan mahkota pemberian raja samudra pasai https://t.co/UoJZ808pjX","1895176872033690010","https://pbs.twimg.com/media/Gk0FUNSWEAASBlN.jpg","_urdadlikesme_","in","","0","1","0","https://x.com/undefined/status/1895176872033690010","1285578561101811712",
"1894945551369785451","Thu Feb 27 18:18:40 +0000 2025","0","@gamtenwg iya jir enak banget naik gunung","1895176739476906453","","gamtenwg","in","","0","0","0","https://x.com/undefined/status/1895176739476906453","1001199102",
"1895176664566637040","Thu Feb 27 18:18:22 +0000 2025","1","gunung kidul bukan kak?","1895176664566637040","","","in","","0","0","1","https://x.com/undefined/status/1895176664566637040","3051941136",
"1894619821872222546","Thu Feb 27 18:15:33 +0000 2025","0","@profesor_saham Koruptor pribumi dibongkar buat nutupin koruptor aseng/pik2 dst..... siap2 pak haji ntu...","1895175956983357514","","profesor_saham","in","","0","0","0","https://x.com/undefined/status/1895175956983357514","1701624074877984768",
"1895172533235916946","Thu Feb 27 18:14:33 +0000 2025","0","@sebeqart sumpah pengen jorokin dari atas gunung","1895175703571931584","","sebeqart","in","","0","1","0","https://x.com/undefined/status/1895175703571931584","1625741398564806656",
"1895175674702504379","Thu Feb 27 18:14:26 +0000 2025","0","Si gunung raksasa jam segini blm tidur kah","1895175674702504379","","","in","","0","1","0","https://x.com/undefined/status/1895175674702504379","1845484005036367872",
"1895012197031649699","Thu Feb 27 18:12:31 +0000 2025","0","@kompascom Sawah gunung di buat perumahan dan villa....","1895175195637567874","","kompascom","in","","0","0","0","https://x.com/undefined/status/1895175195637567874","4773358273",
"1895103692225028496","Thu Feb 27 18:12:13 +0000 2025","0","@BudiBukanIntel Damkar","1895175118932127997","","BudiBukanIntel","tr","","0","0","0","https://x.com/undefined/status/1895175118932127997","1701624074877984768",
"1895004474156163504","Thu Feb 27 18:09:55 +0000 2025","0","@Sylayuni ke gunung sih kak","1895174540759810171","","Sylayuni","in","","0","0","0","https://x.com/undefined/status/1895174540759810171","1355552239960485888",
"1895044581928116407","Thu Feb 27 18:08:59 +0000 2025","0","@Hallobayyy Cup cup pembangunan baru di gunung selamet","1895174304574382327","","Hallobayyy","in","","0","0","0","https://x.com/undefined/status/1895174304574382327","51815301",
"1894679268204167561","Thu Feb 27 18:08:05 +0000 2025","0","@checkthreadsini @peoplepleaser7 Aku percaya ini sih tp mimpi yg muncul tu emang bentuknya dalam keadaan lain gitu kah? Misalnya kita lg semangat kerja trs mimpinya naik gunung. Atau lg khawatir akan sesuatu mimpinya liat ular. Emang dlm bentuk sperti itu atau dlm bntuk adegan yg wajar aja gitu? Paham kan wk","1895174076421022074","","checkthreadsini","in","","0","0","0","https://x.com/undefined/status/1895174076421022074","152471530",
"1895173961425789111","Thu Feb 27 18:07:37 +0000 2025","0","GUYSSSSS.... KANGEN BANGET...... APA AKU HARUS MENYEBRANGI SAMUDERAAAA.... APA AKU HARUS MENDAKI GUNUNG..... YA ALLAH... GIMANA.... KANGEN BANGET...... RASA KANGENNYA KONSRANG KONSRENG KAYAK WAJAN MAMANGA NASI GORENG.... KAK... YA ALLAH... KANGEN... KANGENNN.... https://t.co/iReKp3ICVv","1895173961425789111","https://pbs.twimg.com/ext_tw_video_thumb/1895173936025075712/pu/img/f_-XDiOM7kzYBabv.jpg","","in","","0","0","0","https://x.com/undefined/status/1895173961425789111","1805092358683512832",
"1894890321806532648","Thu Feb 27 18:07:10 +0000 2025","0","@subFORMULAONE kapan lagi naik gunung bawa cilok kan","1895173848670339211","","subFORMULAONE","in","","0","0","0","https://x.com/undefined/status/1895173848670339211","2759011666",
"1895173245034471473","Thu Feb 27 18:04:46 +0000 2025","0","Mau naik gunung sekaraang","1895173245034471473","","","in","","0","1","0","https://x.com/undefined/status/1895173245034471473","186698728",
"1895169545322533253","Thu Feb 27 18:03:25 +0000 2025","0","@lecheugo @convomf Petaka gunung gede","1895172904708645313","","lecheugo","in","","0","0","0","https://x.com/undefined/status/1895172904708645313","1300748401890320385",
"1895012987053973776","Thu Feb 27 17:59:00 +0000 2025","0","@Dinikrnw hati-hati ya kalau mau naik gunung apalagi pas cuaca hujan gini","1895171791754035265","","AnggurMerahMu","in","","0","0","0","https://x.com/undefined/status/1895171791754035265","1266694678826512384",
"1894936589496963485","Thu Feb 27 17:58:56 +0000 2025","0","@draftext Emang keren banget gunung Bromo","1895171773668434275","","draftext","in","","0","0","0","https://x.com/undefined/status/1895171773668434275","518418159",
"1895171559834427890","Thu Feb 27 17:58:05 +0000 2025","0","petaka gunung gede","1895171559834427890","","","in","","0","0","0","https://x.com/undefined/status/1895171559834427890","1871603366473895936",
"1895144402340778000","Thu Feb 27 17:53:38 +0000 2025","0","@nanadyayyyy @sbyfess kmrn tmnku tektok gunung daerah pacet sih nad ketok'e enak ikuu","1895170439628104121","","nadyanadyaaaax","in","","0","1","0","https://x.com/undefined/status/1895170439628104121","572256545",
"1895166969403633858","Thu Feb 27 17:52:02 +0000 2025","0","@Andria75777 Dan kerugian itu ditaksir mencapai gunung semeru https://t.co/kkALStlerH","1895170039634108765","https://pbs.twimg.com/media/Gkz_G3SXIAA9KL4.jpg","Andria75777","in","","0","0","0","https://x.com/undefined/status/1895170039634108765","1826873903580676096",
"1895144402340778000","Thu Feb 27 17:49:54 +0000 2025","0","@nanadyayyyy @sbyfess tuhkan naddd gunung ijo2 naddd ayooo tp guduk bromo ","1895169500095697017","","nadyanadyaaaax","in","","0","1","0","https://x.com/undefined/status/1895169500095697017","572256545",
"1895168541101568040","Thu Feb 27 17:46:05 +0000 2025","0","mau liburan ke alam please. semoga tahun ini jadi naik gunung lg","1895168541101568040","","","in","","0","0","0","https://x.com/undefined/status/1895168541101568040","1261592551594668032",
"1894974933165580774","Thu Feb 27 17:46:03 +0000 2025","0","@mas2_jawa_ wih keren naim gunung","1895168535158235251","","mas2_jawa_","in","","0","0","0","https://x.com/undefined/status/1895168535158235251","953535156",
"1895167231862153484","Thu Feb 27 17:43:04 +0000 2025","0","@jaynooku tergantung ketahanan dingin kamu sih kak tapi kurang lebih biasanya kayak suhu2 gunung pas pagi gitu kali ya?? tapi ini juga tergantung airlinenya sama tipe pesawatnya","1895167783408984551","","jaynooku","in","","0","0","0","https://x.com/undefined/status/1895167783408984551","3159505784",
"1895165900606841325","Thu Feb 27 17:39:58 +0000 2025","1","@virasaqmal @RafyMercury Kalo viras udah turun gunung berarti ","1895167001238388816","","virasaqmal","in","","0","1","0","https://x.com/undefined/status/1895167001238388816","1089173948",
"1895090754722374085","Thu Feb 27 17:35:50 +0000 2025","16","@direktoridosen Bagaimana dg dirimu @UGMYogyakarta ???","1895165961826902369","","direktoridosen","in","","0","4","2","https://x.com/undefined/status/1895165961826902369","1701624074877984768",
"1895155522669523185","Thu Feb 27 17:34:37 +0000 2025","0","@uyoktweet Goblok kok diumbar??? @kkpgoid","1895165654698991840","","uyoktweet","in","","0","0","0","https://x.com/undefined/status/1895165654698991840","1701624074877984768",
"1894893437813694775","Thu Feb 27 17:32:19 +0000 2025","0","@panjxat Wah indah banget ya gunung lawu","1895165077550178323","","panjxat","in","","0","0","0","https://x.com/undefined/status/1895165077550178323","864726638763925504",
"1895078698623303999","Thu Feb 27 17:31:06 +0000 2025","0","@l0eydust waktu itu sih w naik gunung ","1895164771173048831","","l0eydust","in","","0","0","0","https://x.com/undefined/status/1895164771173048831","1330372470994464769",
"1895164638922437074","Thu Feb 27 17:30:35 +0000 2025","5","Overthinking tengah malemku: jangan2 Abing lanjut s2 karena ngikutin ceweknya terus abing ditinggal selingkuh makanya jd playboy gunung dan gak mau make ilmu s2nya???? Apasih akunih.","1895164638922437074","","","in","","0","0","1","https://x.com/undefined/status/1895164638922437074","801330427",
"1895029242121126290","Thu Feb 27 17:24:05 +0000 2025","0","@narayups menjadi negara yang paling kering di dunia yaa karena 90% isinya gunung sahara","1895163004058247358","","narayups","in","","0","0","0","https://x.com/undefined/status/1895163004058247358","1795114362757398528",
"1895122970147733596","Thu Feb 27 17:21:29 +0000 2025","0","@DorDorDor_Dor @KompasTV Ingat kl @prabowo trah Prabu Siliwangi dia wajib membantu BANTEN krn Sultan Banten SA Hasanuddin merupakan anak dr cucu Prabu Siliwangi SYEIKH Syarief HIDAYATULLAH/Sunan Gunung Jati","1895162349407084772","","ENS53311139","in","","0","0","0","https://x.com/undefined/status/1895162349407084772","1168102826624483329",
"1895004474156163504","Thu Feb 27 17:18:13 +0000 2025","0","@Sylayuni gw pilih ke gunung sih","1895161528661447045","","Sylayuni","in","","0","0","0","https://x.com/undefined/status/1895161528661447045","1849965155712630784",
"1895161329058771380","Thu Feb 27 17:17:25 +0000 2025","0","Sobat hijau Dari Kebun Raya Bogor ke Gunung Batu langkah besar untuk pelestarian Vatica bantamensis atau Kokoleceran! P2HB dan BRIN memanfaatkan teknologi KOFFCO sebagai upaya untuk memperbanyak Vatica bantamensis tanaman langka endemik Ujung Kulon. https://t.co/eYLYw9xWr8","1895161329058771380","https://pbs.twimg.com/media/Gkz3LqKa0AAbyDy.jpg","","in","","0","1","0","https://x.com/undefined/status/1895161329058771380","1016506546086338560",
"1895160925868740945","Thu Feb 27 17:15:49 +0000 2025","5","Gubernur Jawa Barat Dedi Mulyadi sempat menyinggung soal penampilan utamanya tas mewah saat berkomunikasi dengan Kepala Desa Gunung Menyan Kabupaten Bogor Wiwin Komalasari. &lt; #WiwinKomalasari #DediMulyadi https://t.co/cAlVWt7pIC","1895160925868740945","","","in","","0","0","1","https://x.com/undefined/status/1895160925868740945","23343960",
"1895158559098445914","Thu Feb 27 17:14:05 +0000 2025","0","sebenernya pengen coba juga naik gunung tapi gatau knp gk yakin sama diri sendiri wkwk takuttttr masih takut banget klo naik gunung tuh soalnya itu lumayan extreme yaa ","1895160489522667706","","qwiyowow","in","","0","0","0","https://x.com/undefined/status/1895160489522667706","806199656170459144",
"1895139409713877416","Thu Feb 27 17:10:02 +0000 2025","0","@unicelounge yaallah jauh amat hrs turun gunung","1895159468570374186","","unicelounge","in","","0","0","0","https://x.com/undefined/status/1895159468570374186","1610293717193355265",
"1895022896629874731","Thu Feb 27 17:08:44 +0000 2025","0","@sunlitmoments Itu sodaraan sama uyang kuyang?","1895159143637622949","","mementertaiment","tl","","0","0","0","https://x.com/undefined/status/1895159143637622949","1701624074877984768",
"1895158360749810032","Thu Feb 27 17:05:38 +0000 2025","0","petaka gunung gede gada serem seremnya jir","1895158360749810032","","","in","","0","0","0","https://x.com/undefined/status/1895158360749810032","1710295515537997824",
"1895157948969820565","Thu Feb 27 17:04:14 +0000 2025","0","⠀ aku menghela napas panjang. oke artblock belum sembuh tapi setidaknya sekarang aku bisa ketawa. mungkin istana butuh satu ruangan seni khusus untuk menggambar makanan. siapa tahu inspirasiku lebih lancar kalau temanya bukan gunung tapi leker raksasa. ⠀","1895158007627161802","","adorabeIe","in","","0","1","0","https://x.com/undefined/status/1895158007627161802","2483787458",
"1895157948969820565","Thu Feb 27 17:04:12 +0000 2025","0","⠀ gambar apa sih dor? tanyanya akhirnya. gambar pemandangan lah jawabku pede. mulan menyipitkan mata mendekat lebih lagi. hmm ini sih lebih mirip leker dibanding gunung. aku langsung menatap gambaranku lagi. dan lah?! kok iya juga?! bentuk gunungnya lebih mirip","1895157999943196843","","adorabeIe","in","","0","1","0","https://x.com/undefined/status/1895157999943196843","2483787458",
"1895157948969820565","Thu Feb 27 17:04:11 +0000 2025","0","⠀ sambil makan leker aku kembali ke gambaranku. aku mulai menggambar dua gunung megah menambahkan sawah hijau dan sungai yang mengalir di tengahnya. fokus banget sampai nggak sadar mulan tiba-tiba udah berdiri di sebelahku mengamati hasil karyaku dengan ekspresi penuh","1895157996327768484","","adorabeIe","in","","0","1","0","https://x.com/undefined/status/1895157996327768484","2483787458",
"1895157927893442679","Thu Feb 27 17:03:54 +0000 2025","0","Jadwal KM Gunung Dempo 28 Februari - 24 Maret 2025: Rute Makassar Surabaya Jakarta Ambon https://t.co/i44pl1y28K","1895157927893442679","","","in","","0","0","0","https://x.com/undefined/status/1895157927893442679","1472817062900756487",
"1895040790633893966","Thu Feb 27 17:03:43 +0000 2025","0","@yourbae Masa lu ga inget rap pas ikut ngepung pake taktik pagar betis DI/TII di Gunung Geber bareng Kodam Siliwangi","1895157879931576662","","yourbae","in","","0","0","0","https://x.com/undefined/status/1895157879931576662","52739224",
"1895156282937745918","Thu Feb 27 16:59:36 +0000 2025","0","@HugPasutri Macan Deket gunung","1895156845612015663","","HugPasutri","in","","0","1","0","https://x.com/undefined/status/1895156845612015663","1813287172822474761",
"1895156283512332630","Thu Feb 27 16:57:22 +0000 2025","0","Storm shadow dilempar sana sini diatas gunung anjir mana kyk org mati ditutupin gt sama snake eyes ","1895156283512332630","","","in","","0","0","0","https://x.com/undefined/status/1895156283512332630","1471875563878903809",
"1894890117040611466","Thu Feb 27 16:57:17 +0000 2025","0","@cufrdy Gue jujur lebih suka gunung","1895156262515679444","","cufrdy","in","","0","0","0","https://x.com/undefined/status/1895156262515679444","181036727",
"1895119784020160877","Thu Feb 27 16:53:48 +0000 2025","0","@fouxtoir @bfgrent qm q rela brerkebun phon kaktus diatas puncak gunung Fuji. Sori sp bilang punk gx bs jtuh cinta akn ku buktikan cintaku abadi slama lamanya manisku. Gak kanx kukasih kendor cintaku padamu. Nanti kita sposes lagu punk aku kasih kamu lagu punx favoritku. Judulnya- https://t.co/PjDOUHCybl","1895155386027843658","https://pbs.twimg.com/media/Gkzxx5iaoAQk2kV.jpg","tyrtex","in","","0","1","0","https://x.com/undefined/status/1895155386027843658","877972076056920064",
"1895155004518081006","Thu Feb 27 16:52:18 +0000 2025","0","PLIS YG BIKIN KONSEP/IDE PERTHSANTA TEMANYA GUNUNG BERAPI SAHA COKK... VIBESNYA KEK NERAKA JAHANNAM BGSTTT MANA DOMIIA BENTUKANNYA IBLIS GITU LG","1895155004518081006","","","in","","0","0","0","https://x.com/undefined/status/1895155004518081006","1565675505327931392",
"1895060629469454492","Thu Feb 27 16:39:24 +0000 2025","0","@innovacommunity Supply bbmnya gimana ya kayanya masih kendala disitu Ada lahan gunung kidul tertarik sih kalo supply bbmnya terjamin","1895151761037631679","","innovacommunity","in","","0","1","0","https://x.com/undefined/status/1895151761037631679","1067968327325106176",
"1894773391426720162","Thu Feb 27 16:38:08 +0000 2025","0","@HYPENJWON Pernahnya gua menaiki gunung Semeru dengan setelan pakaian cosplay bawa weapon terus ketemu pasar malam disana kemudian diam sejenak melihat pemandangan luar biasa; Sawako-chan menjadi nyata di hadapan mengatakan i love you sambil membawa jagung bakar btw gua yg lebih ganteng.","1895151439401582847","","HYPENJWON","in","","0","0","0","https://x.com/undefined/status/1895151439401582847","1337797601261887491",
"1895151331222135222","Thu Feb 27 16:37:42 +0000 2025","0","Mau mengakui beberapa hari terakhir ini lagi sering memikirkan nama2 daerah di Lampung yang somehow menarik bagi gue... Like Bakauheni Negara Batin Gunung Batin Gunung Sugih ??? Bandar Surabaya ?????","1895151331222135222","","","in","","0","0","0","https://x.com/undefined/status/1895151331222135222","1140876135263162368",
"1895151081883345354","Thu Feb 27 16:36:43 +0000 2025","0","tpi anginnya senengnya waktu berhasil smpe puncak moment sama temen gabisa hari besok. but pasti ada cerita baik lagi di lain gunung mybe?? ok lah yya. ak tungguin alur cerita itu dehh (jdi kaya story time ‍)","1895151084089561096","","psshnigat_a","in","","0","0","0","https://x.com/undefined/status/1895151084089561096","1479838270972301314",
"1895150816270655698","Thu Feb 27 16:35:39 +0000 2025","1","tiba tiba uda AKU KAMU aja ni kadal gunung","1895150816270655698","","","in","","0","0","1","https://x.com/undefined/status/1895150816270655698","1796459468584284160",
"1895150653217087989","Thu Feb 27 16:35:00 +0000 2025","1","Selamat kpd sang bintang pelajar di MMU ULUL MAQAM Gunung Kesan Karang Penang Sampang Madura Semoga ilmunya bermanfaat dan barokah serta menjadi motivasi kedepannya #BangunDesaBangunIndonesia #TPPJawaTimur @YandriSusanto27 @kemendespdt @ArizaPatria @AbdiYahdil97895 @tppkemendes https://t.co/KN2SmoLr5H","1895150653217087989","https://pbs.twimg.com/ext_tw_video_thumb/1895149962016501760/pu/img/iOcMjsOWtoWVCYJ3.jpg","","in","","0","0","0","https://x.com/undefined/status/1895150653217087989","1654815549459947521",
"1895150262949683455","Thu Feb 27 16:33:27 +0000 2025","0","Bangkit Berjuang Menangkan Ah mantap","1895150262949683455","","","in","","0","0","0","https://x.com/undefined/status/1895150262949683455","926438445978853376",
"1895148413056090194","Thu Feb 27 16:29:25 +0000 2025","0","@SukabumiiFess Belum ges gunung puyuh masih helap","1895149247680651458","","SukabumiiFess","in","","0","0","0","https://x.com/undefined/status/1895149247680651458","374309843",
"1895148402813608437","Thu Feb 27 16:26:04 +0000 2025","0","Ini yg dimutilasi pas naik gunung ya??","1895148402813608437","","","in","","0","0","0","https://x.com/undefined/status/1895148402813608437","755418295",
"1895145258616545390","Thu Feb 27 16:22:40 +0000 2025","0","@hoshipu @Gcayoung Jadi ini rahasia sukses aespa ada jin gunung kawi yang membuat mereka populer","1895147547901206572","","hoshipu","in","","0","0","0","https://x.com/undefined/status/1895147547901206572","1371878658235789313",
"1895147427520504275","Thu Feb 27 16:22:11 +0000 2025","0","Bang kalo ke bali lagi ajak aku aja @Random_man_now kenalan dulu lah kalo suka naik gunung ayoklah. Tapi kalo abang kristen aja ya. Kalo ga kristen ga dulu siapa tahu bisa lanjut soalnya ye kan.","1895147427520504275","","","in","","0","0","0","https://x.com/undefined/status/1895147427520504275","1669345433674731522",
"1894925409529250117","Thu Feb 27 16:19:10 +0000 2025","0","@wurdianto @txtcigombong ka ciwaluh a hahaha kalaur di gang pangkalan bohlam mantap tour di kaki gunung gede a ","1895146667688763412","","","in","","0","0","0","https://x.com/undefined/status/1895146667688763412","278475626",
"1895145003636400282","Thu Feb 27 16:12:33 +0000 2025","0","sinyal telkomsel mau lu ditengah2 ibu kota mau lu di gunung atau hutan atau di dalem goa sama aja bafuck","1895145003636400282","","","in","","0","1","0","https://x.com/undefined/status/1895145003636400282","1496432490306625539",
"1894890117040611466","Thu Feb 27 16:12:12 +0000 2025","0","@cufrdy cakepo banget aku suka gunung","1895144913001656808","","cufrdy","in","","0","0","0","https://x.com/undefined/status/1895144913001656808","1656404265727057920",
"1895053925038072263","Thu Feb 27 16:08:32 +0000 2025","0","@mas_jawa00 Gunung Kelud tapi luwih apik kelon mas","1895143990351241687","","mas_jawa00","in","","0","0","0","https://x.com/undefined/status/1895143990351241687","1677995103401697286",
"1895143897246113847","Thu Feb 27 16:08:09 +0000 2025","0","serem beda banget di gunung kemarin","1895143897246113847","","","in","","0","1","0","https://x.com/undefined/status/1895143897246113847","1168014629458464769",
"1895040349263011843","Thu Feb 27 16:07:15 +0000 2025","1","@pondokG65657380 @Gank_Of_Petojo @UGMYogyakarta Ndasmu","1895143667628908933","","pondokG65657380","in","","0","0","0","https://x.com/undefined/status/1895143667628908933","1701624074877984768",
"1895143026592510351","Thu Feb 27 16:04:42 +0000 2025","0","jam jam rawan pengen naik gunung :v","1895143026592510351","","","in","","0","0","0","https://x.com/undefined/status/1895143026592510351","1175766309973327872",
"1895142179213058063","Thu Feb 27 16:01:20 +0000 2025","0","GUYSSSSS.... KANGEN BANGET.... APA AKU HARUS MENYEBRANGI SAMUDERAAAA.... APA AKU HARUS MENDAKI GUNUNG..... YA ALLAH... GIMANA.... KANGEN BANGET...... RASA KANGENNYA KONSRANG KONSRENG KAYAK WAJAN MAMANGA NASI GORENG.... KAK... YA ALLAH... KANGEN... KANGENNN.... https://t.co/hseH1g8vPL","1895142179213058063","https://pbs.twimg.com/media/GkzlxKKXgAEFf9r.jpg","","in","","0","0","0","https://x.com/undefined/status/1895142179213058063","874636016",
"1895004474156163504","Thu Feb 27 16:01:10 +0000 2025","0","@Sylayuni ke gunung sih seru","1895142138763174116","","Sylayuni","in","","0","0","0","https://x.com/undefined/status/1895142138763174116","1047003708",
"1895040349263011843","Thu Feb 27 16:00:34 +0000 2025","1","@Gank_Of_Petojo Era masih nulis judul dg apa itu? Rugos? Yg ditempel digosok..","1895141989324333182","","Gank_Of_Petojo","in","","0","0","0","https://x.com/undefined/status/1895141989324333182","1701624074877984768",
"1895141665712808130","Thu Feb 27 15:59:17 +0000 2025","0","naik gunung","1895141665712808130","","","in","","0","0","0","https://x.com/undefined/status/1895141665712808130","1255209761340973057",
"1895140828051312661","Thu Feb 27 15:57:37 +0000 2025","2","@FWBSMG3 gunung?","1895141243631677807","","FWBSMG3","in","","0","0","0","https://x.com/undefined/status/1895141243631677807","177117063",
"1895140995211370945","Thu Feb 27 15:56:37 +0000 2025","0","Oke men sekarang saatnya pantun gunung bromo gunung kelud","1895140995211370945","","","in","","0","0","0","https://x.com/undefined/status/1895140995211370945","348856048",
"1894897587041509424","Thu Feb 27 15:56:21 +0000 2025","0","@nwotariz Kayak lagi ngangkat gunung govardan","1895140926970044614","","nwotariz","in","","0","0","0","https://x.com/undefined/status/1895140926970044614","1476174754734166020",
"1895004924582535632","Thu Feb 27 15:53:49 +0000 2025","0","@msaid_didu Apa ga cemburu?? Siapa tahu si ibu pindah ke lain hati... secara doi lbh tajir melintir...","1895140288957751584","","msaid_didu","in","","0","0","0","https://x.com/undefined/status/1895140288957751584","1701624074877984768",
"1895139627419451805","Thu Feb 27 15:51:11 +0000 2025","0"," 7 Pendaki Ilegal Sombong Gunung Semeru Di-blacklist dan Tanam 20 Pohon https://t.co/kexihWBb2P","1895139627419451805","","","in","","0","0","0","https://x.com/undefined/status/1895139627419451805","4412446212",
"1895079596200280190","Thu Feb 27 15:47:50 +0000 2025","0","@txtdrimedia Audit aja itu data salur Pertamax dr tahun 2018 s.d 2023 kemana aja itu disalurkan ??","1895138781973643326","","txtdrimedia","in","","0","0","0","https://x.com/undefined/status/1895138781973643326","705413311",
"1895138642034860103","Thu Feb 27 15:47:16 +0000 2025","0","Cek Kanky Story Kitadake - Sepatu Gunung Casual Sport Style Pria Dewasa dengan harga Rp531.000. Dapatkan di Shopee sekarang! https://t.co/jemVfDqoI3 https://t.co/w5IOLiCQDV","1895138642034860103","https://pbs.twimg.com/media/GkzijSYaoAQI0RR.jpg","","in","","0","0","0","https://x.com/undefined/status/1895138642034860103","1846622878328041472",
"1895004474156163504","Thu Feb 27 15:45:21 +0000 2025","0","@Sylayuni Lebih suka ke gunung dong","1895138159048192136","","Sylayuni","in","","0","0","0","https://x.com/undefined/status/1895138159048192136","1450736292703064067",
"1895036201335390457","Thu Feb 27 15:44:53 +0000 2025","0","@andrigunardiii Iyaa mending naik gunung aja","1895138041234419870","","andrigunardiii","in","","0","0","0","https://x.com/undefined/status/1895138041234419870","1331436831129313281",
"1894890117040611466","Thu Feb 27 15:44:18 +0000 2025","0","@cufrdy Aku suka kepantai tapi pgn banget sekali seumur hidup naik gunung","1895137893217403124","","cufrdy","in","","0","0","0","https://x.com/undefined/status/1895137893217403124","864726638763925504",
"1895137076196319673","Thu Feb 27 15:41:03 +0000 2025","0","Cek SPEEDS Kursi Lipat Outdoor Portable Kursi Camping Folding Chair Gunung Kemah Mudah LX 031-14 dengan harga Rp52.200. Dapatkan di Shopee sekarang! https://t.co/XqMFih0UTY https://t.co/FZuoi5ej7G","1895137076196319673","https://pbs.twimg.com/media/GkzhIJ5WwAAU9Yw.jpg","","in","","0","0","0","https://x.com/undefined/status/1895137076196319673","1846622878328041472",
"1895006399694021109","Thu Feb 27 15:40:59 +0000 2025","0","@idextratime Tmpt gue jauh dr shell.","1895137058248892797","","idextratime","in","","0","0","0","https://x.com/undefined/status/1895137058248892797","705413311",
"1894933721536700913","Thu Feb 27 15:40:25 +0000 2025","0","@CNNIndonesia Loe kira tanam cabai 15 hari langsung berbuah mentri ngaco.","1895136918293356552","","CNNIndonesia","in","","0","0","0","https://x.com/undefined/status/1895136918293356552","705413311",
"1894986226886963423","Thu Feb 27 15:39:05 +0000 2025","0","@bbgjulianto Mendaki gunung lewati lembah","1895136578957386096","","bbgjulianto","in","","0","0","0","https://x.com/undefined/status/1895136578957386096","862771914",
"1895021104412139709","Thu Feb 27 15:37:37 +0000 2025","7","@Sentjoko Ngaku pencipta alam semesta kok ngertinya cuma gunung uhud..","1895136211284713917","","Sentjoko","in","","0","0","0","https://x.com/undefined/status/1895136211284713917","791912711143567364",
"1895135915099713602","Thu Feb 27 15:36:26 +0000 2025","0","Di potret dari puncak Bogor terlihat hamparan wilayah Bogor dan Gunung Salak. Toponimi Puncak sudah ada pada naskah Bujangga Manik sekitar abad 15. https://t.co/6W7DZWX2su","1895135915099713602","https://pbs.twimg.com/media/GkzgEkEWwAAVNJk.jpg","","in","","0","0","0","https://x.com/undefined/status/1895135915099713602","61924612",
"1895034173204898235","Thu Feb 27 15:36:02 +0000 2025","0","@NarasiNewsroom Di kita besaran korupsi mau segede koper atau segede gunung ancaman max-nya sama ya: 20 taun? belum kalo vonis biasanya lebih rendah dr tuntutan belum lg potongan remisi bebas bersyarat dll ya klo gini ga akan ada kapoknya.","1895135812649635863","","NarasiNewsroom","in","","0","0","0","https://x.com/undefined/status/1895135812649635863","1457548687068958723",
"1894890117040611466","Thu Feb 27 15:35:10 +0000 2025","0","@cufrdy Aku lebih suka k gunung","1895135593769939073","","cufrdy","in","","0","0","0","https://x.com/undefined/status/1895135593769939073","1643738768242008065",
"1895135423950979488","Thu Feb 27 15:34:29 +0000 2025","0","aku ss dlu yaa open trip gunung dan pantai ini tahun depan kalo panjang umur dan Tuhan berkehendak i'll make it happen ","1895135423950979488","","","in","","0","0","0","https://x.com/undefined/status/1895135423950979488","1762881351509008385",
"1895135133512175663","Thu Feb 27 15:33:20 +0000 2025","1","DULU PENGEN BANGET DAKI GUNUNG TAPI KARENA MANTAN GUE GUIDE DI SALAH SATU GUNUNG SINI JADI GA PERNAHH TAKUT KETEMUU","1895135133512175663","","","in","","0","0","0","https://x.com/undefined/status/1895135133512175663","2253220590",
"1892946442215694662","Thu Feb 27 15:32:32 +0000 2025","0","@GUBAHRUNYAM ️️ ️️ ️️ ️️ Seru banget hunting milky way! Mas Tama udah pernah keliling seluruh gunung di Indonesia belum? Atau masih ada yang belum pernah beberapa? ️️ ️️ ️️ ️️","1895134930755281246","","GUBAHRUNYAM","in","","0","1","0","https://x.com/undefined/status/1895134930755281246","865875104412061698",
"1895132632821924323","Thu Feb 27 15:29:42 +0000 2025","0","@reveluvante di sana gunung di sini gunung di tengah-tengahnya ada: https://t.co/V3HTfPQYeb","1895134218331766878","https://pbs.twimg.com/media/Gkzehg_XQAE85GE.jpg","defseoli","in","","0","1","0","https://x.com/undefined/status/1895134218331766878","1388816080248836102",
"1895042166550069703","Thu Feb 27 15:28:40 +0000 2025","0","@momzchulo_ Avtur aja klo nggak solar","1895133959987794161","","momzchulo_","in","","0","0","0","https://x.com/undefined/status/1895133959987794161","705413311",
"1895040425062453516","Thu Feb 27 15:27:11 +0000 2025","0","@txtfromsalss gunung pundak yach","1895133586313093235","","keypibaraa","in","","0","0","0","https://x.com/undefined/status/1895133586313093235","1494105370641727488",
"1895133552548950522","Thu Feb 27 15:27:03 +0000 2025","0","Liat woozi tuh beneran kayak lagi jalan menyusuri kaki gunung pagi-pagi dari yang kepalanya ribut dar der dor bisa langsung calm adem dan yakin kalau semuanya baik-baik aja Selama woozi bisa senyum dan selama aku masih bisa liat woozi semuanya aman aku mengerti","1895133552548950522","","","in","","0","0","0","https://x.com/undefined/status/1895133552548950522","1125557292286353408",
"1895133185115332746","Thu Feb 27 15:25:35 +0000 2025","0","Printer gw rusak temen gw yg tukang service printer dah ganti haluan jadi mbok mbok masak di gunung kidul... ","1895133185115332746","","","in","","0","0","0","https://x.com/undefined/status/1895133185115332746","65344647",
"1895133048091615284","Thu Feb 27 15:25:03 +0000 2025","4","Komisi IV DPR RI bersama @kementan meninjau salah satu perusahaan pembibitan ayam dan bebek terbesar di Indonesia yang berlokasi di Gunung Sindur Bogor Jawa Barat @ditjen_pkh #DitjenPKH","1895133048091615284","","","in","","0","0","0","https://x.com/undefined/status/1895133048091615284","821608397040746497",
"1895004474156163504","Thu Feb 27 15:21:53 +0000 2025","0","@Sylayuni ke gunung si maunya","1895132254101479916","","Sylayuni","in","","0","0","0","https://x.com/undefined/status/1895132254101479916","2734530816",
"1895131971845792037","Thu Feb 27 15:20:46 +0000 2025","0","Gunung Telomoyo sebenarnya dapat didaki menggunakan kendaraan bermotor namun ada jalur khusus jika ingin trekking https://t.co/asYRnpF9YT","1895131971845792037","","","in","","0","0","0","https://x.com/undefined/status/1895131971845792037","124171593",
"1895131683600638228","Thu Feb 27 15:19:37 +0000 2025","0","pgn ke daerah gunung keknya asiqqq","1895131683600638228","","","in","","0","0","0","https://x.com/undefined/status/1895131683600638228","1141235640257769473",
"1895131587748274360","Thu Feb 27 15:19:15 +0000 2025","0","bener ya kata kakak coba sekali mendaki eh pengen terus terusan.. 2 thun lalu gunung pertama gaberasa soalnya kan pake mobil.. skr malah suka nyiksa diri ga sih lebih tepatnya menikmati indahnya alam dengan bayaran tenaga dan sedikit materi. skr slalu ingt kk tiap naik‍ https://t.co/So2Myen9DL","1895131587748274360","https://pbs.twimg.com/media/GkzcIAHaoAQ9DXs.jpg","","in","","0","0","0","https://x.com/undefined/status/1895131587748274360","1118739874012549120",
"1895124946713747666","Thu Feb 27 15:18:06 +0000 2025","1","@pendakilawas Penipuan ala anak gunung sih ini","1895131299071041614","","pendakilawas","in","","0","0","0","https://x.com/undefined/status/1895131299071041614","347702587",
"1894994646809338182","Thu Feb 27 15:15:59 +0000 2025","0","@convomf manusia mah dikasih 1 gunung emas aja masih kurang nder untung aku kucing nder","1895130766671319155","","convomf","in","","0","0","0","https://x.com/undefined/status/1895130766671319155","1038659542815399936",
"1895130259105907128","Thu Feb 27 15:13:58 +0000 2025","0","Galau begini enak naik gunung kangen naik gunung","1895130259105907128","","","in","","0","4","0","https://x.com/undefined/status/1895130259105907128","965033321490083840",
"1895128750028922937","Thu Feb 27 15:13:42 +0000 2025","0","@JVLEHA Seenak uang benggol yg gambarnya wayang gunung?","1895130194031321516","","JVLEHA","in","","0","1","0","https://x.com/undefined/status/1895130194031321516","720840819876311040",
"1895129585001603495","Thu Feb 27 15:11:17 +0000 2025","0","asumsi ku kasus pertamina baru puncak gunung es udahlah emg bobrok banget negara ini","1895129585001603495","","","in","","0","0","0","https://x.com/undefined/status/1895129585001603495","1011441274992320512",
"1895101612336824685","Thu Feb 27 15:10:03 +0000 2025","0","@div___vy Di gunung Slamet","1895129275680047492","","div___vy","tl","","0","1","0","https://x.com/undefined/status/1895129275680047492","162987986",
"1893948459029291066","Thu Feb 27 15:07:49 +0000 2025","0","@agapitedeva di Gunung Fuji. Beruntunglah karena memiliki tiket reservasi sehingga mereka bisa mendapat duduk di dalam gerbong setelah tiba. Ah kursi yang begitu nyaman.","1895128711860756846","","ORCHISEA","in","","1","1","0","https://x.com/undefined/status/1895128711860756846","1447218483431755780",
"1895127880654290962","Thu Feb 27 15:04:31 +0000 2025","1","jends masjid daerah gunung muria yang tarawihnya cpet selesai dmn yahh/masjid MU sekitaran muria","1895127880654290962","","","in","","0","5","1","https://x.com/undefined/status/1895127880654290962","1855834355165544448",
"1895127695987785968","Thu Feb 27 15:03:47 +0000 2025","0","Not my day today kang. Lagi dihadang gunung besar ini gua sekarang hahaha.","1895127695987785968","","","in","","0","0","0","https://x.com/undefined/status/1895127695987785968","748318481288994816",
"1895018509069164873","Thu Feb 27 15:03:24 +0000 2025","0","@dieforscoups Naik gunung","1895127601477493046","","dieforscoups","in","","0","1","0","https://x.com/undefined/status/1895127601477493046","1797623425533607936",
"1894529099164438865","Thu Feb 27 15:02:14 +0000 2025","0","@qnongkrong @Mba_pl98 @tanyarlfes Fyi kalian bisa beli ini di Kudus daerah gunung muria ya ges yaaa. Disana yg budidaya banyakkkk bgt. Kebetulan aku deket sama daerah sini hehe.","1895127309352607747","","qnongkrong","in","","0","0","0","https://x.com/undefined/status/1895127309352607747","1283379658591924224",
"1895018380547236206","Thu Feb 27 15:00:16 +0000 2025","2","@HeyOm_Oky @gif_tech @mstugu @medyrenaldy_ bukan jokes tepi jurang lagi inimah tapi ini dijorokin ke tepi gunung merapi","1895126812033982800","","HeyOm_Oky","in","","0","0","0","https://x.com/undefined/status/1895126812033982800","1243536953280266251",
"1895121095516397940","Thu Feb 27 14:59:43 +0000 2025","0","@Enonigma Iya bner gunung misterius gtu infonya","1895126672439156938","","Enonigma","in","","0","0","0","https://x.com/undefined/status/1895126672439156938","1206144682054443009",
"1895126644383449445","Thu Feb 27 14:59:36 +0000 2025","0","Awal mei long weekend tuh udah musim kemarau belum ya? Mau ke merbabu. Tapi katanya hiatus naik gunung. Apa menyelam ke laut aja karena udah lama? Mau ke peucang ujung kulon banget tp berita gemp@ tuh valid ngga sih................... muda mudi galau","1895126644383449445","","","in","","0","1","0","https://x.com/undefined/status/1895126644383449445","1071060898028998656",
"1895121095516397940","Thu Feb 27 14:59:03 +0000 2025","0","@crystalman_9 Coba aja dicek soale kayane bahas ranger gunung tapi yang 1 tuh ilang gitu","1895126505824624952","","crystalman_9","in","","0","1","0","https://x.com/undefined/status/1895126505824624952","570450447",
"1895126436538917108","Thu Feb 27 14:58:46 +0000 2025","0","siapa yang jam 10 malam di hari kamis malah di gunung?","1895126436538917108","","","in","","0","2","0","https://x.com/undefined/status/1895126436538917108","1158269705351647232",
"1895126378607190351","Thu Feb 27 14:58:33 +0000 2025","2","Huhuhuhu seruuu bangett yaampunnn manis iya koclak juga iyaaa tp ada yg bikin sedih kayaknya ini Abing di satu sisi fakboi gunung di satu sisi ada traumanya jg ya️ pokoknya top bgt author-nim ","1895126378607190351","","","in","","0","0","1","https://x.com/undefined/status/1895126378607190351","1174619144001482753",
"1895126243395412290","Thu Feb 27 14:58:00 +0000 2025","7","lomba jaga nongki ke gunung dan main main main main main main main https://t.co/YsEOMXFDLu","1895126243395412290","https://pbs.twimg.com/media/GkzXPmCaoAIOc0N.jpg","","in","","0","2","0","https://x.com/undefined/status/1895126243395412290","1687024185691004928",
"1895105615502176267","Thu Feb 27 14:57:27 +0000 2025","0","@guavaple Di gunung kah rumah mu?","1895126105360883839","","guavaney","in","","0","1","0","https://x.com/undefined/status/1895126105360883839","1696662389523972096",
"1895125698479886747","Thu Feb 27 14:55:50 +0000 2025","0","gunung kawi yukk biar gua bisa setara sama ciize @Acil2402","1895125698479886747","","","in","","0","1","0","https://x.com/undefined/status/1895125698479886747","1396574991752122368",
"1895125343264219531","Thu Feb 27 14:54:26 +0000 2025","0","Memberi peringatan kepada teman biar besok kalo ke malang jangan naik gunung tanpa gue WKWKWKW ASLIAS GUE BISA IRIII BANGETTT karna sepenasaran itu pen naik gunung https://t.co/vSHAnctQeT","1895125343264219531","https://pbs.twimg.com/media/GkzWZ-JaoAEZT9C.jpg","","in","","0","0","0","https://x.com/undefined/status/1895125343264219531","1313153608519544835",
"1894890117040611466","Thu Feb 27 14:52:48 +0000 2025","0","@cufrdy Aku jujur lebih suka gunung","1895124931995943053","","cufrdy","in","","0","0","0","https://x.com/undefined/status/1895124931995943053","1084003665898135558",
"1895112293710737850","Thu Feb 27 14:51:59 +0000 2025","0","@sisterFreenBeck Misteri gunung Merapi #SummerInvitationxFB #CentralPattana #FreenBecky #srchafreen #beckysangels","1895124729335554311","","sisterFreenBeck","in","","0","1","0","https://x.com/undefined/status/1895124729335554311","1802645194187403264",
"1895112293710737850","Thu Feb 27 14:51:39 +0000 2025","0","@mevally418 judulnya GUNUNG MERAPI KAN #SummerInvitationxFB #CentralPattana #ฟรีนเบค #FreenBecky","1895124643062886791","","mevally418","in","","0","1","0","https://x.com/undefined/status/1895124643062886791","1613543525651730432",
"1895055062805905823","Thu Feb 27 14:45:32 +0000 2025","0","@lewonjung Loh iyayaaa...kirain mau naik gunung","1895123105028415512","","iwonjung","in","","0","0","0","https://x.com/undefined/status/1895123105028415512","1556785110241779714",
"1894819151111430276","Thu Feb 27 14:42:19 +0000 2025","0","@Najazi731 @Ndrewstjan banyak sampe ada tempat gunung atau apa gitu yg dibuat warga jepang buat bunuh diri.","1895122296425324781","","Najazi731","in","","0","1","0","https://x.com/undefined/status/1895122296425324781","1474981061490712576",
"1895107667275980836","Thu Feb 27 14:41:50 +0000 2025","0","@physicguro Biasalah sein kiri belok kanan. Yg bilang pensiun aja ikutan turun gunung wkwkwk LOL .","1895122171640660123","","physcedes","in","","0","0","0","https://x.com/undefined/status/1895122171640660123","1225948300630605826",
"1895122050848825372","Thu Feb 27 14:41:21 +0000 2025","3","Pada dasarnya secara sederhana kita itu dah punya peta kehidupan nya masing2 Tinggal bagaimana kita bisa menikmati setiap langkah perjalanan nya Dimulai dari kehidupan dan berakhir dgn kematian Lengkap dgn gunung dan lautnya Allah SWT Maha Mengetahui apa yg dibutuhkan hambanya. https://t.co/EuoiOe5dtp","1895122050848825372","https://pbs.twimg.com/media/GkzTdQwWIAARttI.jpg","","in","","0","0","0","https://x.com/undefined/status/1895122050848825372","1681680009021526022",
"1894809539041779824","Thu Feb 27 14:40:48 +0000 2025","0","@incridiblesmee wkwk udah kaya kambing gunung ini","1895121912109637872","","incridiblesmee","in","","0","1","0","https://x.com/undefined/status/1895121912109637872","270742108",
"1894772709353287789","Thu Feb 27 14:40:17 +0000 2025","0","@PartaiSocmed Ya sepertinya ada pemain baru dr kaltim yg siap masuk ","1895121782413349327","","PartaiSocmed","in","","0","0","0","https://x.com/undefined/status/1895121782413349327","705413311",
"1894794541464686711","Thu Feb 27 14:39:43 +0000 2025","0","@kegblgnunfaedh @afrkml . Tanpa mengurangi rasa belasungkawa atas bpk m firmansyah. Tp sekedar mengingatkan kpd saudara2ku muslim utk memilih tempat yg tepat shg bila terjadi hal yg sgt fatalpun kita berada di tempat dimana Alloh meridhoi kita","1895121642466222094","","kegblgnunfaedh","in","","0","0","0","https://x.com/undefined/status/1895121642466222094","1701624074877984768",
"1895107081117802686","Thu Feb 27 14:37:36 +0000 2025","0","@WriteItDream DI GUNUNG TERDEKAT ikut ga?","1895121107428212946","","WriteItDream","in","","0","1","0","https://x.com/undefined/status/1895121107428212946","1872494302255079424",
"1895040349263011843","Thu Feb 27 14:36:24 +0000 2025","3","@Gank_Of_Petojo Ini poto wisudanya yg asli. Alumni Universitas Gunung Merapi . https://t.co/9ay0jL1xI4","1895120806491103665","https://pbs.twimg.com/media/GkzSFQeWIAApaLU.jpg","Gank_Of_Petojo","in","","0","1","0","https://x.com/undefined/status/1895120806491103665","1585871991709798400",
"1895010086139072808","Thu Feb 27 14:36:15 +0000 2025","0","@kenhans03 Anjing......","1895120770046845058","","kenhans03","in","","0","0","0","https://x.com/undefined/status/1895120770046845058","705413311",
"1895120667068223953","Thu Feb 27 14:35:51 +0000 2025","0","mau naik gunung","1895120667068223953","","","in","","0","0","0","https://x.com/undefined/status/1895120667068223953","1573648480702435329",
"1895119432986567017","Thu Feb 27 14:35:46 +0000 2025","0","Banyak lagi kepelbagaian spesis haiwan tumbuhan dan fenomena aneh serta unik yang bertaburan di seluruh Bumi selain kewujudan lahar biru dari gunung berapi! Nak tahu dengan lebih lanjut tentang fakta aneh sains biologi dan haiwan? Mari dapatkan buku BIOLOGIA terbitan kami! https://t.co/5Pq761TLs4","1895120648399433796","https://pbs.twimg.com/media/GkzSEGcXYAAyCoN.jpg","thepatriotsasia","in","","0","0","0","https://x.com/undefined/status/1895120648399433796","770537353064517633",
"1895070760219328569","Thu Feb 27 14:31:56 +0000 2025","0","@StudJHY Gunung mana aja yang ilmunya paling gacor","1895119684179234892","","crushgebe","in","","0","1","0","https://x.com/undefined/status/1895119684179234892","1891415559679696896",
"1895119432986567017","Thu Feb 27 14:30:57 +0000 2025","9","ADA LAHAR GUNUNG BERAPI BERWARNA BIRU? Oleh: Dinie Liow Apabila berbincang tentang gunung berapi mesti kita bayangkan laharnya berwarna merah berapi dan mampu leburkan apa-apa saja termasuklah logam paling keras! Tapi anda semua tahu tak ada lahar gunung berapi berwarna biru? https://t.co/RN7gBXWMBp","1895119432986567017","https://pbs.twimg.com/media/GkzREj9bgAAG1eS.jpg","","in","","0","1","4","https://x.com/undefined/status/1895119432986567017","770537353064517633",
"1894801066245660783","Thu Feb 27 14:29:17 +0000 2025","0","@momichullo gunung gede seng","1895119014411804751","","fuckminime","in","","0","1","0","https://x.com/undefined/status/1895119014411804751","752692867991207936",
"1895118897474609545","Thu Feb 27 14:28:49 +0000 2025","1","Scene gunung Yujun pertama bersua setelah 800 th lost contact Baju merah payung merah","1895118897474609545","","","in","","0","0","0","https://x.com/undefined/status/1895118897474609545","1472835256264761346",
"1895062819223339072","Thu Feb 27 14:27:41 +0000 2025","0","@hvngseunghan @kdrama_menfess duel jirisan (latarnya di gunung) vigilante","1895118611733455290","","hvngseunghan","in","","0","1","0","https://x.com/undefined/status/1895118611733455290","1317737926688600066",
"1895068506984718775","Thu Feb 27 14:26:09 +0000 2025","0","ㅤ Nafas si bungsu berderu cepat kala menyelesaikan putaran terakhirnya. Perlahan ia berusaha kembali mengatur pernafasannya sebelum beranjak kembali ke tempat duduk. Padahal dulu dirinya sudah terbiasa berlari ataupun naik turun gunung di belakang rumah. ㅤ","1895118228088856788","","tkeonhee","in","","0","1","0","https://x.com/undefined/status/1895118228088856788","3004085101",
"1895088767574343745","Thu Feb 27 14:25:42 +0000 2025","0","@kindlyssuna gua nih penghuni asli gunung everest","1895118113487937581","","kindlyssuna","in","","0","0","0","https://x.com/undefined/status/1895118113487937581","1849092927471091712",
"1895064434579775613","Thu Feb 27 14:24:59 +0000 2025","0","@Calvsky @stockmapping samaan nih Bang masih harap2 cemas masih bisa ikut Padepokan Gunung Kawi apa kagak ini ","1895117933824876816","","Thespian1313","in","","0","1","0","https://x.com/undefined/status/1895117933824876816","1710000198",
"1895117697186513212","Thu Feb 27 14:24:03 +0000 2025","0","Mendaki gunung itu sebuah seni mencintai tanpa fikir untung dan rugi https://t.co/memHglTa16","1895117697186513212","https://pbs.twimg.com/media/GkzPgClaoAY3Dej.jpg","","in","","0","0","0","https://x.com/undefined/status/1895117697186513212","1813619104680669185",
"1895117364334846269","Thu Feb 27 14:22:47 +0000 2025","0","memeriahkan HUT Taman Nasional Gunung Gede Pangrango ke 45 tahun dan mendapat dukungan dari Medco Foundation serta Yayasan Trubus Bina Swadaya. Acara dibuka oleh Kepala Balai Besar TNGGP. Dalam sambutannya Kepala Balai menyampaikan ucapan terima kasih yang sebesar-besarnya https://t.co/eoWfsuJpjC","1895117379857981689","https://pbs.twimg.com/media/GkzPNiyWMAEDJZW.jpg","TNGedePangrango","in","","0","1","1","https://x.com/undefined/status/1895117379857981689","781780000986963969",
"1895117280998236498","Thu Feb 27 14:22:24 +0000 2025","0","satu persatu turun gunung tadi liat Laubas ","1895117280998236498","","","in","","0","2","0","https://x.com/undefined/status/1895117280998236498","1367423852603527172",
"1895012987053973776","Thu Feb 27 14:19:41 +0000 2025","0","@Dinikrnw Hati-hati ya Buat yang mau naik gunung","1895116600292020395","","AnggurMerahMu","in","","0","0","0","https://x.com/undefined/status/1895116600292020395","774096665955282946",
"1895112315382518177","Thu Feb 27 14:02:40 +0000 2025","0","Gunung Semeru Erupsi Kolom Letusan Capai 900 Meter di Atas Puncak https://t.co/zfgU3oojP8","1895112315382518177","","","in","","0","0","0","https://x.com/undefined/status/1895112315382518177","89877164",
"1895111881813307597","Thu Feb 27 14:00:56 +0000 2025","0","Tahun 2025 ini SMF akan fokus menjalankan perannya sebagai pelaksana FPP dalam mendukung Otorita IKN sebagai Penanggung Jawab Proyek Kerjasama (PJPK). @prabowo kapan ke IKN? https://t.co/uxz1dLZl7M.","1895111881813307597","","","in","","0","0","0","https://x.com/undefined/status/1895111881813307597","1486631613932834819",
"1895070319825821699","Thu Feb 27 13:58:53 +0000 2025","0","@ssinkingsunn gunung salak minder sama bentukan nasi gua td","1895111363653165512","","pantatpeler","in","","0","1","0","https://x.com/undefined/status/1895111363653165512","1047439345827766272",
"1895108180587487489","Thu Feb 27 13:56:55 +0000 2025","0","@woonhakpoca km jgn mulai apa aku kunci km di ruang sauna lalu kuncinya aku buang di gunung fuji","1895110871149576369","","woonhakpoca","in","","0","1","0","https://x.com/undefined/status/1895110871149576369","1553401009786867712",
"1895110469935153322","Thu Feb 27 13:55:20 +0000 2025","1","100k pertama untuk naik gunung https://t.co/H3THJAEmSg","1895110469935153322","https://pbs.twimg.com/media/GkzI7bEWMAA3yq4.jpg","","in","","0","0","0","https://x.com/undefined/status/1895110469935153322","1654409327875330055",
"1894887264670605413","Thu Feb 27 13:53:27 +0000 2025","0","@SUNOOKl Gunung meletus disini membuatku bingung dan aku melakukan yoga lalu ada orang utan yang menghampiriku lalu aku akhirnya dapat berkumpul dengan keluargaku","1895109996712731030","","SUNOOKl","in","","0","0","0","https://x.com/undefined/status/1895109996712731030","864785251167461376",
"1895109703153393851","Thu Feb 27 13:52:17 +0000 2025","2","Sebelum mendaki baca ini dulu ya ️ Yuk mendaki bareng Maya dan Ita di malam Jumat ini dengan menonton film PETAKA GUNUNG GEDE sedang tayang di Bioskop @petakagununggede #PetakaGunungGede #FilmPetakaGunungGede https://t.co/v0niu04Y2X","1895109703153393851","https://pbs.twimg.com/media/GkzIOyxaoAEt_1X.jpg","","in","","0","0","0","https://x.com/undefined/status/1895109703153393851","71190489",
"1894887264670605413","Thu Feb 27 13:52:11 +0000 2025","0","@SUNOOKl Ada gunung meletus karena gatau harus apa akhirnya aku bermeditasi. Hasilnya aku bermeditasi 1 abad terus berubah jadi orangutan. Kutukan ini akan hilang kalo aku nikah dan punya anak","1895109680126664831","","SUNOOKl","in","","1","0","0","https://x.com/undefined/status/1895109680126664831","1659047622",
"1894940756139483207","Thu Feb 27 13:51:49 +0000 2025","0","@tanyarlfes naik gunung nder","1895109585754800564","","tanyarlfes","in","","0","0","0","https://x.com/undefined/status/1895109585754800564","1641645755663519746",
"1894887264670605413","Thu Feb 27 13:51:21 +0000 2025","0","@SUNOOKl Gunung meletus kenapa harus panik? Santai dulu lah semedi sebelah orangutan. Tau-tau jadi tontonan warga.","1895109468666634463","","SUNOOKl","in","","0","0","0","https://x.com/undefined/status/1895109468666634463","1455763194652205059",
"1894887264670605413","Thu Feb 27 13:50:51 +0000 2025","0","@SUNOOKl ada gunung meletus namun aku tak tahu alhasil aku bermeditasi untuk mencari tahu tbtb sang gorilla datang dan membentuk keluarga","1895109343525364124","","SUNOOKl","in","","0","0","0","https://x.com/undefined/status/1895109343525364124","632014093",
"1895109284561891412","Thu Feb 27 13:50:37 +0000 2025","0","team liburan ke pantai tiba tiba ke gunung? okeh tapi seru dan gamau lagi https://t.co/TjXY4vkOAX","1895109284561891412","https://pbs.twimg.com/media/GkzHwACaoAI2vS1.jpg","","in","","0","0","0","https://x.com/undefined/status/1895109284561891412","1182697505013694464",
"1894887264670605413","Thu Feb 27 13:50:23 +0000 2025","0","@SUNOOKl Duar duarrr PARA WARGA BANGUNNN LETUSAN GUNUNG!!! Aku yg baru bangun tidak tahu apa tentang keributan ini memilih untuk bersemedi diatas dikamar tidurku. WOY TURUN LU NGAPAIN SEMEDI MONYET setelah panggilan itu akhirnya aku sekeluarga ngungsi deh sambil tergesah-gesah.","1895109225845792803","","SUNOOKl","in","","0","0","0","https://x.com/undefined/status/1895109225845792803","1756650368879263744",
"1894887264670605413","Thu Feb 27 13:50:16 +0000 2025","0","@SUNOOKl Gunung meletus apa kata dunia? Sudahlah aku semedi saja berdoa tidak jd orang hutan terus jd kepikiran apa aku dan suamiku sudah saatnya adopsi ya sebelum dunya kyamat?","1895109197307805867","","SUNOOKl","in","","0","0","0","https://x.com/undefined/status/1895109197307805867","741204137858072582",
"1894887264670605413","Thu Feb 27 13:49:57 +0000 2025","0","@SUNOOKl Waktu lagi mendaki aku melihat tiba tiba ada gunung meletus jadi aku bingung kenapa itu tiba tiba? Karna bingung aku akhirnya berhibernasi sambil ditemani peliharaanku monyet yang tiba tiba kegemu dijalan dan tiba tiba kita homoan?????","1895109116781379670","","SUNOOKl","in","","7","0","0","https://x.com/undefined/status/1895109116781379670","1933837974",
"1894887264670605413","Thu Feb 27 13:49:35 +0000 2025","0","@SUNOOKl Gunung meletus bikin bingung panik akhirnya aku memutuskan meditasi menjadi orang utan dan membentuk keluarga bahagia","1895109026364727644","","SUNOOKl","in","","0","0","0","https://x.com/undefined/status/1895109026364727644","1322476692",
"1895004474156163504","Thu Feb 27 13:49:27 +0000 2025","0","@Sylayuni Tim gunung kak","1895108992516649284","","Sylayuni","in","","0","0","0","https://x.com/undefined/status/1895108992516649284","1088783388499034112",
"1894887264670605413","Thu Feb 27 13:49:22 +0000 2025","0","@SUNOOKl Tiba tiba gunung meletus aku bingung kan karena apa. Ternyata tetanggaku yang lagi pesugihan berubah jadi bekantan.... Orang tuanya sangat sedih.","1895108967959011706","","SUNOOKl","in","","0","0","0","https://x.com/undefined/status/1895108967959011706","1556494043588091904",
"1894887264670605413","Thu Feb 27 13:49:07 +0000 2025","0","@SUNOOKl Saat gunung berapi meletus gua bingung banget anjay harus lari kemana ini?. Akhirnya setelah bertapa sedetik gua memutuskan untuk menyelamatkan diri bersama seekor gorila dan numpang ngungsi di habitat ntu gorila","1895108905359024451","","SUNOOKl","in","","0","0","0","https://x.com/undefined/status/1895108905359024451","3257414706",
"1894887264670605413","Thu Feb 27 13:49:03 +0000 2025","0","@SUNOOKl ada gunung meletus tapi aku gak tau itu gunung apa akhirnya aku ke mbah dukun terus dia meditasi eh tiba2 berubah jadi orang utan dia pun berkeluarga sama tetangganya","1895108892121800746","","SUNOOKl","in","","0","0","0","https://x.com/undefined/status/1895108892121800746","1345071573187772417",
"1894327407878049930","Thu Feb 27 13:41:28 +0000 2025","0","@bebekgrngosong Emang orang gunung brina","1895106980471255329","","bebekgrngosong","in","","0","0","0","https://x.com/undefined/status/1895106980471255329","1609584369286656000",
"1895106515318796570","Thu Feb 27 13:39:37 +0000 2025","8","Noh dengerin tu apq kata aqeela semuanya titik gess gak ada celah itumah anak ini kalo udah kecintaan semuanya dihadapin wkwk laut kan ku seberangi gunung kan kudaki #moqeel #MOQEELatagzeps89 Lihat video minlove! #TikTok https://t.co/1o668snRom","1895106515318796570","","","in","","0","0","0","https://x.com/undefined/status/1895106515318796570","1856579385899528193",
"1895081071416615181","Thu Feb 27 13:38:37 +0000 2025","0","- Kampungku dikepung Oleh imaji beton dan gedung Kotamu menagih sesajen hutan dan gunung! peradaban yang kau usung muslihat mencari untung! Untuk angkara ini tak berujung!","1895106263748616424","","weppewp","in","","0","0","0","https://x.com/undefined/status/1895106263748616424","867920666",
"1895106200360169482","Thu Feb 27 13:38:22 +0000 2025","0","Pura Gunung Kawi Pura Goa Gajah Bali https://t.co/epXxEr1f6X","1895106200360169482","https://pbs.twimg.com/media/GkzFCZuXEAAxYJH.jpg","","in","","0","0","0","https://x.com/undefined/status/1895106200360169482","1391961185398837248",
"1893316793399197714","Thu Feb 27 13:38:17 +0000 2025","0","@piiyychan Waduu wkwkw Kesimpulannya dari ak sepakat kl bumi itu bulat soalnya kl misal emg datar hrsnya patung liberty tokyo tower atau burj khalifa hrsnya keliatan dri puncak gunung sini ya ga si? Wkwk + jg kl dtar hrsnya ada pojokan nah smpe skrg blm ada yg nemuin ada pojok bumi kan","1895106179845759210","","piiyychan","in","","0","1","0","https://x.com/undefined/status/1895106179845759210","1721697349",
"1895102874398662942","Thu Feb 27 13:35:51 +0000 2025","0","org2 pd kg ngerti chara develop apa gmn ya? tp saltyin fiksi aja tuh udh gk waras sih kl menurut gue. its like knp lu mencoba bersifat realistis ditempat yg bahkan nendang perahu aja bisa jadi gunung dayang sumbi nikah ama anjg dan lahir manusia. ITU NAMANYA FIKSI MONYET FIKSI!","1895105566944698398","","dealovesei","in","","0","0","0","https://x.com/undefined/status/1895105566944698398","1472827792672772097",
"1895105543959961960","Thu Feb 27 13:35:45 +0000 2025","0","Mendaki gunung Lewati lembah Bukan cuma Ninja Hatori yang bisa Petugas Sensus Ekonomi 2026 siap tempuh segala cara! Terjang terik tanpa basa-basi Tak kenal lelah demi kuisioner terisi https://t.co/FDDjnudKZi","1895105543959961960","https://pbs.twimg.com/amplify_video_thumb/1895105371615670272/img/MIjBLVuaJZW5aIAI.jpg","","in","","0","1","0","https://x.com/undefined/status/1895105543959961960","2897158958",
"1894681579206922598","Thu Feb 27 13:34:37 +0000 2025","0","@4everwithgyu Kool fever sama printilan project section boro2 inget pake printilan project deh pas aju nice Kipas portable sama jas ujan gak kepake juga sih tapi emang punya kipas portable udah lama dan jas ujan sekali pakai emang punya buat printilan buat naik gunung","1895105257027575821","","4everwithgyu","in","","0","0","0","https://x.com/undefined/status/1895105257027575821","1859148661219094531",
"1894720179696972165","Thu Feb 27 13:34:35 +0000 2025","0","@JantanBinal @pyonnsuke000320 @kopididid Banyak mas tapi punya exxon mobil namanya mobil gas station di pedalaman jalan arah gunung slamet aja ada","1895105251172405532","","ButterChaiLatte","in","","0","1","0","https://x.com/undefined/status/1895105251172405532","1687689039162617856",
"1895012987053973776","Thu Feb 27 13:34:10 +0000 2025","0","@Dinikrnw bahaya ngga si naik gunung ujan-ujan","1895105142904774959","","AnggurMerahMu","in","","0","0","0","https://x.com/undefined/status/1895105142904774959","1215976994799640577",
"1895104306371817769","Thu Feb 27 13:30:50 +0000 2025","1","Gunung dicipta untuk pencinta. Sungai terbentang dengan kasi sayang. Sebab tu laki ajak hiking hehehehehehe","1895104306371817769","","","in","","0","0","0","https://x.com/undefined/status/1895104306371817769","1816186098814705665",
"1895103873595195582","Thu Feb 27 13:29:07 +0000 2025","0","Tidak sabarr mendaki gunung merbabu atau sumbing habis lebarann","1895103873595195582","","","in","","0","1","0","https://x.com/undefined/status/1895103873595195582","1513111149239103488",
"1895087168441426188","Thu Feb 27 13:29:00 +0000 2025","0","@Alfreddly Kak naik gunung jawa dong","1895103844440514645","","Alfreddly","in","","0","1","0","https://x.com/undefined/status/1895103844440514645","613059727",
"1895072488587251722","Thu Feb 27 13:28:48 +0000 2025","0","@ladybloem Ketika Legal Policy Procedure turun gunung ","1895103796088553905","","ladybloem","in","","0","0","0","https://x.com/undefined/status/1895103796088553905","1659108263655514112",
"1895103778212438461","Thu Feb 27 13:28:44 +0000 2025","0","abis lebaran ini harus banget naik gunung","1895103778212438461","","","in","","0","1","0","https://x.com/undefined/status/1895103778212438461","1249002994529492992",
"1895051226208969108","Thu Feb 27 13:25:47 +0000 2025","0","@jawafess Tuban nyelempit ning nduwur gunung wi","1895103035954905180","","jawafess","in","","0","0","0","https://x.com/undefined/status/1895103035954905180","1899341090",
"1894797362461319430","Thu Feb 27 13:25:10 +0000 2025","0","@gakgituvik @tvindonesiawkwk Tinggal di cemplungin ke gunung api","1895102880929218990","","gakgituvik","in","","0","0","0","https://x.com/undefined/status/1895102880929218990","233855601",
"1895101522310214054","Thu Feb 27 13:24:56 +0000 2025","0","@SW_RaishaJKT48 gunung bromo gunung kelud","1895102822800335339","","SW_RaishaJKT48","in","","0","0","0","https://x.com/undefined/status/1895102822800335339","1585088975135727616",
"1895058557134946549","Thu Feb 27 13:22:58 +0000 2025","0","@MarioNawfal Situ Gunung Sukabumi West Java","1895102325792088162","","MarioNawfal","in","","0","0","0","https://x.com/undefined/status/1895102325792088162","1617518879777116161",
"1895004474156163504","Thu Feb 27 13:22:24 +0000 2025","0","@Sylayuni lebih suka ke gunung","1895102183319970234","","Sylayuni","in","","0","0","0","https://x.com/undefined/status/1895102183319970234","1753419261861867520",
"1895101618535964967","Thu Feb 27 13:20:09 +0000 2025","0","Gunung di sini gunung","1895101618535964967","","","in","","0","1","0","https://x.com/undefined/status/1895101618535964967","762703351",
"1895094040137474502","Thu Feb 27 13:18:34 +0000 2025","1","@moodhope_ly Kata aku sih kamu gelinding dari atas gunung sambil teriak HAO CANTIK BANGET ","1895101220475543926","","moodhope_ly","in","","0","1","0","https://x.com/undefined/status/1895101220475543926","1793950196466102272",
"1895042761327538347","Thu Feb 27 13:18:10 +0000 2025","0","@no1willfiindme geser dikit udh gunung buthak kalo g salah ya?","1895101119837413824","","no1willfiindme","in","","0","1","0","https://x.com/undefined/status/1895101119837413824","140773358",
"1895100968599200126","Thu Feb 27 13:17:34 +0000 2025","1","Alamak ramai kena sekali gus https://t.co/zGjYejss6A","1895100968599200126","","","in","","0","0","0","https://x.com/undefined/status/1895100968599200126","822514562",
"1894723470887637496","Thu Feb 27 13:17:32 +0000 2025","0","@txtdrbekasi penghuni gunung bantar gebang","1895100958167986342","","txtdrbekasi","in","","0","0","0","https://x.com/undefined/status/1895100958167986342","1460928480204386305",
"1895100627350638993","Thu Feb 27 13:16:13 +0000 2025","0","saatnya turun gunung yang ke 73747829 kalinyaa","1895100627350638993","","","in","","0","0","0","https://x.com/undefined/status/1895100627350638993","1207141397842690048",
"1895092064607707418","Thu Feb 27 13:15:55 +0000 2025","182","@theH2HGLOBAL @Hearts2Hearts Request Gunung Bromo gunung Kelud coba. Ak udh follow","1895100550963961943","","theH2HGLOBAL","in","","1","6","5","https://x.com/undefined/status/1895100550963961943","812145880924991488",
"1895100292758413338","Thu Feb 27 13:14:53 +0000 2025","22","gunung fuji apanya gunung bromo ki? #moqeel https://t.co/nKQDWEmLUu","1895100292758413338","https://pbs.twimg.com/media/Gky_q6JWsAAo43m.jpg","","in","","0","0","0","https://x.com/undefined/status/1895100292758413338","1254922651534897152",
"1895100106938163712","Thu Feb 27 13:14:09 +0000 2025","0","Update pantauan curah hujan dan genangan di Wilayah Kelurahan Gunung Sahari Selatan terpantau aman terkendali Kamis (27/2). https://t.co/squCCYPRav","1895100106938163712","https://pbs.twimg.com/media/Gky_fuwWoAAUvYn.jpg","","in","","0","0","0","https://x.com/undefined/status/1895100106938163712","3079723462",
"1895098715800744414","Thu Feb 27 13:13:39 +0000 2025","0","@twiykles habis bertapa di gunung meonk https://t.co/omDMnEtmns","1895099980077244808","https://pbs.twimg.com/tweet_video_thumb/Gky_YdVb0AA6xXg.jpg","twiykles","in","","0","0","0","https://x.com/undefined/status/1895099980077244808","759788367332519936",
"1895083636925571116","Thu Feb 27 13:12:58 +0000 2025","0","@daily0urse oh bukan gunung?","1895099810467979482","","daily0urse","in","","0","1","0","https://x.com/undefined/status/1895099810467979482","1106384238",
"1895099235957383407","Thu Feb 27 13:12:47 +0000 2025","0","@batmanmolen ngelag gunung fuji maksutnya dimana ? wkwk","1895099764196417962","","batmanmolen","in","","0","0","0","https://x.com/undefined/status/1895099764196417962","1352229819165995017",
"1894940376802439404","Thu Feb 27 13:12:02 +0000 2025","3","@Dsinathrya Tragedi terbesar Indonesia bukan bencana alam tapi bencana moral para elit yang menggerogoti uang rakyat selama puluhan tahun. Rp193 7 triliun kasus Pertamina ini hanya puncak gunung es! Setiap korupsi adalah pengkhianatan terhadap sumpah jabatan dan pembunuhan masa depan anak","1895099573217173982","","dimarsasongko98","in","","0","0","0","https://x.com/undefined/status/1895099573217173982","1781618112259076096",
"1895091298111234068","Thu Feb 27 13:10:33 +0000 2025","0","@ceviestt SO TRUEEEE apa daya cm bisa gambar gunung","1895099202348425222","","ceviestt","in","","0","0","0","https://x.com/undefined/status/1895099202348425222","1146360402898329600",
"1895097983802417297","Thu Feb 27 13:05:43 +0000 2025","0","yang jadi ita di petaka gunung gede mirip sheryl sheinafia ya","1895097983802417297","","","in","","0","0","0","https://x.com/undefined/status/1895097983802417297","1380399451861176320",
"1895048621445570635","Thu Feb 27 13:05:25 +0000 2025","0","@YohanesYoga14 Ganti dukung psg gunung kidul","1895097908976087082","","YohanesYoga14","in","","0","1","0","https://x.com/undefined/status/1895097908976087082","737664179377569792",
"1894649925763268800","Thu Feb 27 13:04:33 +0000 2025","0","@tanyarlfes i will defend this shoes with my whole life anjir sepatu ternyaman tahan lama dan masuk segala outfit literally i used this shoes buat naik gunung andong coyy punyaku udh kyk 5 tahunan tpi ga ada kebongkarnya","1895097691648205146","","tanyarlfes","in","","0","0","0","https://x.com/undefined/status/1895097691648205146","866161420890554368",
"1895097147567284519","Thu Feb 27 13:02:23 +0000 2025","0","Melewati tempat horor seorang diri dengan kabut tebalnya diiringi suara gerimis rintik hujan. Didalam hati Saya tidak takut! saya pernah solo hiking naik gunung seorang diri. Jadi apa yang harus saya takuti ? Selain allah .","1895097147567284519","","","in","","0","1","0","https://x.com/undefined/status/1895097147567284519","384211881",
"1895097057045815800","Thu Feb 27 13:02:02 +0000 2025","0","#cybtalk cari abg/adek yg bisa salto melewati lembah gunung dan lautan","1895097057045815800","","","in","","0","3","0","https://x.com/undefined/status/1895097057045815800","1565253813069500421",
"1895051944269668672","Thu Feb 27 12:24:48 +0000 2025","0","@crygrlnnaaa jauh gunung kidul","1895087686987456663","","","in","","0","0","0","https://x.com/undefined/status/1895087686987456663","1665219174644482048",
"1895066142986903781","Thu Feb 27 12:23:58 +0000 2025","1","@ellen_js93940 Terlalu banyak yg di tutup²i mbak @ellen_js93940 ... Cuma puncak gunung es nya aja yg keliatan....‍️‍️‍️","1895087476437590141","","ellen_js93940","in","","0","1","0","https://x.com/undefined/status/1895087476437590141","941458748",
"1895085523678699837","Thu Feb 27 12:18:55 +0000 2025","0","mahameru yang si bara ngajak ayas mendaki gunung mahameru bukan yaa aduh gue masih ingat banget seluruh plot cerita nya wp kapan si ya gue lupa kayaknya pas mau masih SMK atau kls 9 gtu ga si ","1895086205718741274","","tayoyoie","in","","0","0","0","https://x.com/undefined/status/1895086205718741274","1511000181948366850",
"1894663204787425317","Thu Feb 27 12:18:45 +0000 2025","0","@augusta_tehe Ke gunung kak coba.","1895086164983628248","","","in","","0","0","0","https://x.com/undefined/status/1895086164983628248","505698607",
"1895077738194882722","Thu Feb 27 12:16:22 +0000 2025","0","@lunecorn_ wkwk beda gunung","1895085567622422663","","lunecorn","in","","0","0","0","https://x.com/undefined/status/1895085567622422663","1536364880994832387",
"1895066072413573516","Thu Feb 27 12:16:09 +0000 2025","0","@Santi_nya Gw sih lebih ke naik gunung atau lari ya ka","1895085512882561524","","Santi_nya","in","","0","0","0","https://x.com/undefined/status/1895085512882561524","1744699901462843392",
"1895084289311809972","Thu Feb 27 12:15:51 +0000 2025","0","Mereka tidak ingin mayoritas revenue freeport lari ke Jawa sedangkan mereka hanya mendapatkan sebagian kecil saja. Mereka ingin gunung emas tersebut digunakan sepenuhnya untuk kemakmuran masyarakat Papua","1895085437380894963","","dimassingwi","in","","0","0","0","https://x.com/undefined/status/1895085437380894963","1389085207832129539",
"1895085269193498730","Thu Feb 27 12:15:11 +0000 2025","0","@_ *merenung di gunung salak*","1895085269193498730","","_","in","","0","0","0","https://x.com/undefined/status/1895085269193498730","714858358",
"1895085133834891378","Thu Feb 27 12:14:39 +0000 2025","0","Iya plis T______T tapi kalo muak sama gw blg ya nanti aku healing dulu ke gunung","1895085133834891378","","","in","","0","1","0","https://x.com/undefined/status/1895085133834891378","2759145893",
"1895084672193044754","Thu Feb 27 12:13:55 +0000 2025","0","@sweetycakest di gunung tadi liat si","1895084950011158761","","pinksflare","in","","0","1","0","https://x.com/undefined/status/1895084950011158761","1215899406551019521",
"1895064327239172367","Thu Feb 27 12:12:18 +0000 2025","0","@Glousville naik gunung biar ga bosen","1895084542073151914","","Gohstherz","in","","0","1","0","https://x.com/undefined/status/1895084542073151914","1782229566087675904",
"1895084241471566195","Thu Feb 27 12:11:06 +0000 2025","1","nanti kita naik gunung sambil bawa orang yg bersyukur punya kita ya ️ https://t.co/6vxDe5McXp","1895084241471566195","https://pbs.twimg.com/amplify_video_thumb/1895083718458433536/img/EFcIZsAk5SLAYJwd.jpg","","in","","0","0","0","https://x.com/undefined/status/1895084241471566195","1106384238",
"1894681579206922598","Thu Feb 27 12:09:56 +0000 2025","0","@4everwithgyu Alhamdulillaah kepake semua hahaha kipasku jg kepake bgtt soalnya aku gobyosss selama nunggu di luar + menanjak gunung JIS (alias puanas puoolll)","1895083946523926567","","4everwithgyu","in","","0","0","0","https://x.com/undefined/status/1895083946523926567","936489681604116481",
"1895070532003086655","Thu Feb 27 12:09:12 +0000 2025","0","@saneiteeez Jangan san yang ada poto gunung nanti","1895083760598819117","","saneiteeez","in","","0","0","0","https://x.com/undefined/status/1895083760598819117","1517660381606408192",
"1895070630707634386","Thu Feb 27 12:07:02 +0000 2025","0","@jompvlang abis semedi di gunung","1895083218204008934","","jompvlang","in","","0","0","0","https://x.com/undefined/status/1895083218204008934","2306420383",
"1895081381480538464","Thu Feb 27 12:06:50 +0000 2025","1","@noctiscloud28 Si bahlul cocok ambi gelar Doktor di UGM ( Universitas Gunung Merapi ) https://t.co/tgMVXgL6cO","1895083167335473244","https://pbs.twimg.com/media/GkywF-uWYAAMpDg.jpg","noctiscloud28","in","","0","1","0","https://x.com/undefined/status/1895083167335473244","1813506920973762560",
"1894966571283710147","Thu Feb 27 12:03:32 +0000 2025","0","@MIYFEON WEITS.. BUMI MENGGELEGAR GUNUNG BERGEMURUH LAUT BERGOYANG ABIS MELIAT FOTO INI","1895082336070611301","","MIYFEON","in","","0","1","0","https://x.com/undefined/status/1895082336070611301","63951709",
"1895077870202167342","Thu Feb 27 12:02:45 +0000 2025","2","@__LOVE_AG4EVER Coba uang segitu banyak di berikan gratis pada rakyat Indonesia. .. Minimal sudah jadi rumah menengah ke atas lengkap dg gurniahnya mobil motor sepeda gunung. Wes sejahtera pokoknya. Dg gaji gratis dari pemerintah minimal 10jt/bulan...","1895082138921582797","","__LOVE_AG4EVER","in","","0","1","0","https://x.com/undefined/status/1895082138921582797","151006324",
"1895081739372110009","Thu Feb 27 12:01:10 +0000 2025","0","Gw jadi percaya diparung ada gunung adamantium","1895081739372110009","","","in","","0","0","0","https://x.com/undefined/status/1895081739372110009","494881223",
"1895081534983426495","Thu Feb 27 12:00:21 +0000 2025","2","Nonton bioskop makin seru bareng bestie karena ada promo Beli 1 Gratis 1 Tiket film Petaka Gunung Gede yang bisa kamu serbu promonya di TIX ID #TIXID #PetakaGunungGede #Bioskop #JadwalBioskop https://t.co/xbdd39HxQV","1895081534983426495","https://pbs.twimg.com/media/GkyunDWXIAAiwwg.jpg","","in","","0","0","1","https://x.com/undefined/status/1895081534983426495","983528630629183489",
"1895081448819830854","Thu Feb 27 12:00:00 +0000 2025","655","Gubernur Jawa Barat Dedi Mulyadi mencecar Kepala Desa Gunung Menyan Wiwin Kumalasari yang videonya viral karena tertawa saat membawa nasi kotak. Dedi pun menanyakan maksud Wiwin tertawa dalam video tersebut. https://t.co/8Jdp1Pz4tZ","1895081448819830854","https://pbs.twimg.com/ext_tw_video_thumb/1895029287243112448/pu/img/Z8Y_zjTyKWksWS02.jpg","","in","","37","171","119","https://x.com/undefined/status/1895081448819830854","69183155",
"1895081447989616831","Thu Feb 27 12:00:00 +0000 2025","1","Siap untuk petualangan cinta? Turun gunung cari jodoh? Dino auto panik! ️ #billionaire #cinta #reincarnation #booktook #bookrecommendations #reader #foryou #novel #freereading #storytime #viral #Xtrend #Xstorian #TwitterTrends #twitterstorians https://t.co/k0McKlr6K5","1895081447989616831","https://pbs.twimg.com/ext_tw_video_thumb/1890299193929134082/pu/img/n-86DGjZ0wr_xGox.jpg","","in","","0","0","0","https://x.com/undefined/status/1895081447989616831","1767764416995741696",
"1895081307325214977","Thu Feb 27 11:59:27 +0000 2025","2","alhamdulillah closingan sblm ramadhan tahun ini sangat produktif yaitu swimming ‍️‍️ soooo happy n fun!!!! dan ga lupa dgn tugas2 se gunung itu yg makin hari makin BYKKKKK kayanya emg puasa tahun ini dilatih kesabaran melalui tugas yg wow mau muntah","1895081307325214977","","","in","","0","0","0","https://x.com/undefined/status/1895081307325214977","1370650061625905153",
"1895080707636240653","Thu Feb 27 11:57:04 +0000 2025","1","Kita tunggu gerakan turun gunung partai Negoro @faizalassegaf @ReflyHZ @msaid_didu dkk.","1895080707636240653","","","in","","0","0","0","https://x.com/undefined/status/1895080707636240653","2323532161",
"1894644349352513581","Thu Feb 27 11:55:49 +0000 2025","0","@Datu4k @G0LIATH87 Kamu orang bodoh...hidupnya hanya bergantung pembagian nasi kotak.Malu Dong sama anak SD SMP SMA di pengunungan Papua yg kemarin Turun gunung menolak makan Gratis dari Pemerintah.","1895080392589484387","","Datu4k","in","","0","1","0","https://x.com/undefined/status/1895080392589484387","1509700424018063369",
"1895078336617144744","Thu Feb 27 11:55:22 +0000 2025","0","@Morrrigannnn Petaka gunung gede","1895080281281044519","","Veelkyries","in","","0","1","0","https://x.com/undefined/status/1895080281281044519","1214786709398773760",
"1895077738194882722","Thu Feb 27 11:49:59 +0000 2025","0","@saturizon taesan kan gunung cocok aja tuhh","1895078927460430241","","saturizon","in","","0","1","0","https://x.com/undefined/status/1895078927460430241","1064429178794045441",
"1895078654268580164","Thu Feb 27 11:48:54 +0000 2025","0"," SIALAN PAPA CUPA TURUN GUNUNG... Ati² paw jngn² papa lu di ajarin maen X&amp;tello ama temennya... Hayolo cupaw WOII ENGGA YAA GUA NANGIS AJA KALO BENERAN PAPA GUA MAEN X AMA TELLO #tellonym https://t.co/dgcaaxk0Nd","1895078654268580164","","","in","","0","0","0","https://x.com/undefined/status/1895078654268580164","1626097991399653376",
"1895078412857024598","Thu Feb 27 11:47:57 +0000 2025","0","hari ini aku mimpi konser di jis dapet section depan tapi jis nya bukan jis sekarang aku gangerti mappingnya gimana tapi kaya nnton konser di gunungsection depannya ngemper galebih dari 20 orang deket banget ama artisnyabyang bahkan gue gatau mukanya gimna","1895078412857024598","","","in","","0","0","0","https://x.com/undefined/status/1895078412857024598","818608930502774784",
"1893313978022891991","Thu Feb 27 11:47:26 +0000 2025","0","@jangyeojune Nanti yhh nuna cari dulu di puncak gunung everest ada yang riyal atau ngga","1895078284289065412","","jangyeojune","in","","0","0","0","https://x.com/undefined/status/1895078284289065412","1019459022678716416",
"1895050129624965348","Thu Feb 27 11:47:11 +0000 2025","4","@SeliaAisnith Emang aneh selll. Masalah rp bucin aja diributin. Tinggal diskip aja kok kyk disuruh pindahin gunung ke lautan. Heran gk bisa bedain mana real life mana roleplay. Touch some grass bocil2 belajar dlu yg bener gk usah aneh2 dah","1895078222779588620","","SeliaAisnith","in","","0","0","0","https://x.com/undefined/status/1895078222779588620","1715169417112539136",
"1895078064494661984","Thu Feb 27 11:46:34 +0000 2025","0","MAKAN MIE DI GUNUNG ES! https://t.co/m76sRiMafT via @YouTube","1895078064494661984","","","in","","0","0","0","https://x.com/undefined/status/1895078064494661984","3276003606",
"1895078046463598789","Thu Feb 27 11:46:29 +0000 2025","0","Olympus Mons=tertinggi di tata Surya Gunung chimborazo = tertinggi dari pusat bumi Gunung Everest = tertinggi dari MDPL Gunung mauna kea= tertinggi dari dasar laut Kamu = tertinggi dihatiku https://t.co/DUYiY4getf","1895078046463598789","https://pbs.twimg.com/media/GkyrcMIWkAAX7tK.jpg","","in","","0","0","0","https://x.com/undefined/status/1895078046463598789","1719574397588246528",
"1895077987407798499","Thu Feb 27 11:46:15 +0000 2025","0","Awas aja gw naek gunung","1895077987407798499","","","in","","0","0","0","https://x.com/undefined/status/1895077987407798499","177468113",
"1895077738194882722","Thu Feb 27 11:45:16 +0000 2025","0","nontonin highlightnya ciwen yg naik gunung seru2 bgt dah tp gua kaga cocok sama gunung ","1895077738194882722","","","in","","0","1","0","https://x.com/undefined/status/1895077738194882722","1536364880994832387",
"1894940756139483207","Thu Feb 27 11:44:25 +0000 2025","0","@tanyarlfes naik gunung nder main badminton rajin lari tiba tiba jd atlet aja dah","1895077523597468025","","tanyarlfes","in","","0","0","0","https://x.com/undefined/status/1895077523597468025","1552856609692430336",
"1895077020855570508","Thu Feb 27 11:42:25 +0000 2025","0","asli!! aku selalu kagum sama para kakak² mahasiswa terutama jurusan dkv... orang-orang teh knp pada berbakat bangetr:'(( keinginan masuk jurusan dkv ku selalu (tp apalah daya gambar gunung aje masih kaya batu bercorak) eheh","1895077020855570508","","","in","","0","0","0","https://x.com/undefined/status/1895077020855570508","1505156125834227712",
"1895053843362464019","Thu Feb 27 11:39:09 +0000 2025","2","Bumi membandingkan kekuatan penyimpangan kutub geografis dengan erupsi jutaan gunung berapi dan terjadinya hujan meteor yang masif dan lebat... Dan semua orang harus diketahui bahwa tidak ada langkah-langkah pencegahan yang harus diikuti pada saat kedatangan tetesan dosa ","1895076198570750284","","DambaanA","in","","0","1","0","https://x.com/undefined/status/1895076198570750284","1603570929635692545",
"1895075925664112693","Thu Feb 27 11:38:04 +0000 2025","0","Mendaki gunung Lewati lembah Bukan cuma Ninja Hatori yang bisa Petugas Sensus Ekonomi 2026 siap tempuh segala cara! Terjang terik tanpa basa-basi Tak kenal lelah demi kuisioner terisi Sahabat Data pada tahun 2026 mendatang BPS akan melaksanakan Sensus Ekonomi 2026... https://t.co/WNrZQIQD6e","1895075925664112693","https://pbs.twimg.com/media/GkypVX6aMAASy9p.jpg","","in","","0","2","0","https://x.com/undefined/status/1895075925664112693","1041505586808991744",
"1894751076953514170","Thu Feb 27 11:37:07 +0000 2025","0","@keinjeknasi fenomena alam kali gunung anyar ngalah ngalahi segitiga bermuda ","1895075689831059816","","keinjeknasi","in","","0","1","0","https://x.com/undefined/status/1895075689831059816","1494363975546388480",
"1895060629469454492","Thu Feb 27 11:35:44 +0000 2025","0","@innovacommunity Diy kebanyakan di pelosok kab gunung kidul entah kab yang lain kenapa? Apakah susah perijinan termasuk urusan sama ormas2??","1895075340013420980","","innovacommunity","in","","0","1","0","https://x.com/undefined/status/1895075340013420980","1154943780643954688",
"1895075221855707159","Thu Feb 27 11:35:16 +0000 2025","0","ps gunung merapi ppw laut samudera jd bukit gunung matahari ️","1895075221855707159","","","in","","0","0","0","https://x.com/undefined/status/1895075221855707159","1393578648968462340",
"1895074892640637079","Thu Feb 27 11:34:51 +0000 2025","0","siapa ya cowo pertama yang ngajak aku ke merbabu. siapa yang pertama bakal ngajak aku naik gunung plsss ","1895075118252175613","","dadd1issue","in","","0","0","0","https://x.com/undefined/status/1895075118252175613","1702327386682036224",
"1895074372597207333","Thu Feb 27 11:31:53 +0000 2025","0","Sandal gunung wanita dengan desain Korea yang kekinian. Bahannya empuk dan ringan bikin kaki kamu betah seharian. Yuk buruan sebelum kehabisan! https://t.co/waGyHCDi0J #Sandal #SandalWanita #SandalGunung #SandalKorea #SandalKekinian #SandalTrendy #FashionWanita #AfPlus https://t.co/XGqv77YPWN","1895074372597207333","https://pbs.twimg.com/media/GkyoB0uaoAAW9l3.jpg","","in","","0","0","1","https://x.com/undefined/status/1895074372597207333","1796414044704067584",
"1895073844156866777","Thu Feb 27 11:29:47 +0000 2025","0","info kos tembalang yg ada view gunung Ungaran nya pls","1895073844156866777","","","in","","0","2","0","https://x.com/undefined/status/1895073844156866777","1244512434221502464",
"1895073551411225004","Thu Feb 27 11:28:38 +0000 2025","0","mau cari kos baru tapi harus ada view gunung Ungaran nya juga️️️️️️","1895073551411225004","","","in","","0","1","0","https://x.com/undefined/status/1895073551411225004","1244512434221502464",
"1895070956009455983","Thu Feb 27 11:28:09 +0000 2025","0","@raditiadimas_ Mendaki gunung lewati lembah...","1895073433257681326","","rocky176__","in","","0","0","0","https://x.com/undefined/status/1895073433257681326","317098034",
"1895073169578561809","Thu Feb 27 11:27:07 +0000 2025","153","Felix : awas aja lu sekali lagi ngejekin tier gue... (Siap nimpuk pake gunung salju) @Stray_Kids ©Bobalix_ https://t.co/VoM5gpSlyW","1895073169578561809","https://pbs.twimg.com/ext_tw_video_thumb/1895070758898147329/pu/img/zd0UOlv2fXg_BROl.jpg","","in","","4","0","21","https://x.com/undefined/status/1895073169578561809","977560796187242496",
"1895072655759548495","Thu Feb 27 11:25:04 +0000 2025","0","bis nonton petaka gn gede fyp jd banyak anak gunung pesan teruntuk anak ku nanti nak karna mamamu ini kebanykan di larang ini itu sm kakek mu tp nanti km bebas lah lakuin apapun yg ente mau di alam bebas asal gk hs &amp; wine thanks.","1895072655759548495","","","in","","0","0","0","https://x.com/undefined/status/1895072655759548495","1660654140408594432",
"1894989493461229595","Thu Feb 27 11:24:54 +0000 2025","0","@yudhakhel Dollar &amp; Euro jg naik2 ke puncak gunung. Dlm beberapa jam udah naik hampir 100 perak","1895072614969663735","","yudhakhel","in","","0","0","0","https://x.com/undefined/status/1895072614969663735","986894770411900929",
"1894709804591182250","Thu Feb 27 11:22:20 +0000 2025","0","@neutvron Aku di gunung Sinabung kamu di gunung Krakatau.","1895071968183099596","","neutvron","in","","0","1","0","https://x.com/undefined/status/1895071968183099596","2321835714",
"1895071709486817697","Thu Feb 27 11:21:18 +0000 2025","0","Semuanya doain gw semoga besok gak terdampar di pacitan blora kulon progo gunung kidul atau purworejo jgn sampe yg jauh plis maksimal bantul https://t.co/xeMTBaY10Y","1895071709486817697","https://pbs.twimg.com/media/Gkylq-GWkAAnoNX.jpg","","in","","0","2","0","https://x.com/undefined/status/1895071709486817697","1145658390690988033",
"1894962086838768091","Thu Feb 27 11:16:57 +0000 2025","0","@djadja222 @harrysofian Suku jurchen/manchu itu sebenarnya petani-pemburu. Mereka orang hutan/gunung. Daerah padang rumput di Machuria itu sebenarnya tidaklah luas-luas amat.","1895070613397782805","","DSofdi","in","","0","0","0","https://x.com/undefined/status/1895070613397782805","1048099082261155840",
"1895070183909470589","Thu Feb 27 11:15:15 +0000 2025","0","(Repost)@ditjen_pkh#bvs_2025 . Komisi IV DPR RI bersama Kementerian Pertanian meninjau salah satu perusahaan pembibitan ayam dan bebek terbesar di Indonesia yang berlokasi di Gunung Sindur Bogor Jawa Barat. Ketua Komisi IV DPR RI Titiek Soeharto mengharapkan pemerintah terus https://t.co/BnFj66QcY8","1895070183909470589","https://pbs.twimg.com/ext_tw_video_thumb/1895069858800279552/pu/img/4twqdE2E3WMoUWS5.jpg","","in","","0","0","0","https://x.com/undefined/status/1895070183909470589","1823627049006981121",
"1894907931537424471","Thu Feb 27 11:14:42 +0000 2025","0","@Detoxistence kamu tim tiap pagi sarapan atau makan sarapan nya digabung sama makan siang? iyaa kurang effort apasih aku air minum aja aku ambil sendiri ke gunung apalagi buat ngejar kamu :3","1895070048680902929","","Detoxistence","in","","0","1","0","https://x.com/undefined/status/1895070048680902929","885816189380739072",
"1895069608090190149","Thu Feb 27 11:12:57 +0000 2025","3","ternyata selain ngasih keindahan gunung juga memberikan pelajaran. thank you buat bapak petugas yang udah sharing bareng aku di warung.. https://t.co/IXlwQBJTiE","1895069608090190149","https://pbs.twimg.com/media/GkyjweLaoAUuK_y.jpg","","in","","0","0","0","https://x.com/undefined/status/1895069608090190149","1683121045140803585",
"1895064434579775613","Thu Feb 27 11:12:23 +0000 2025","0","@stockmapping Gunung kawi buat yg percaya-percaya aja","1895069463671906395","","stockmapping","in","","0","0","0","https://x.com/undefined/status/1895069463671906395","74930333",
"1895064991272968496","Thu Feb 27 11:11:31 +0000 2025","0","@BRXTNxUSPA Kmu bukannya udah jadi penyembah gunung fuji?","1895069243722592465","","BRXTNxUSPA","in","","0","1","0","https://x.com/undefined/status/1895069243722592465","820459154078732288",
"1895058804661985450","Thu Feb 27 11:10:20 +0000 2025","1","@sweetmilkyna Gunung Sagara ini","1895068947080532031","","sweetmilkyna","in","","0","0","0","https://x.com/undefined/status/1895068947080532031","1541070648633872384",
"1894928234955014551","Thu Feb 27 11:08:20 +0000 2025","0","@skincarejunkie5 Iya kaget bgt biasanya kalau di kemayoran pagi2 bisa liat gunung salak lah tadi liat gedung yg cmn 1km aja burem","1895068443650806177","","skincarejunkie5","in","","0","0","0","https://x.com/undefined/status/1895068443650806177","1675026418005348353",
"1894907931537424471","Thu Feb 27 10:40:29 +0000 2025","0","@Giselrle betuul sarapan itu sangat penting! &lt;3 kamu ambil sendiri ya? mendaki gunung lewati lembahh?","1895061437674070073","","giselrleeee","in","","0","1","0","https://x.com/undefined/status/1895061437674070073","1892390281846411265",
"1895029242121126290","Thu Feb 27 10:39:34 +0000 2025","0","@narayups oh kebanyakan wilayah gunung Sahara ya","1895061206106546615","","narayups","in","","0","0","0","https://x.com/undefined/status/1895061206106546615","1565526548043956224",
"1895057047173079331","Thu Feb 27 10:38:53 +0000 2025","0","@individuliar Akur jol aya kabar we ieu alo2an. Di gunung itu di gunung ieu. Ampun. ","1895061034068816269","","individuliar","in","","0","1","0","https://x.com/undefined/status/1895061034068816269","1137423206",
"1895042055585571156","Thu Feb 27 10:37:01 +0000 2025","0","@jaeminenahceah aamiinn!!! harapan nya udah segede gunung himalaya","1895060563853746234","","jaeminenahceah","in","","0","1","0","https://x.com/undefined/status/1895060563853746234","1563444532317786112",
"1895051935633547424","Thu Feb 27 10:36:57 +0000 2025","0","@ekawicaksana Tapi entah gunung mana yg bikin mereka beda mas. Yg dua nyantai harganya yg satunya lagi bisa bikin prabski ga ngelakuin efisiensi pas makan bersama pimred kemarin","1895060546548047943","","ekawicaksana","in","","0","0","0","https://x.com/undefined/status/1895060546548047943","2195140554",
"1895057980569329698","Thu Feb 27 10:36:21 +0000 2025","0","@hxyabusa naik gunung gk si","1895060395796373691","","hxyabusa","in","","0","1","0","https://x.com/undefined/status/1895060395796373691","1502242263577292804",
"1894907261983826062","Thu Feb 27 10:33:54 +0000 2025","0","@V3g3L Ada saya jumpa mau isi bensin mobil cuma boleh isi 30ribu rupiah isi cari lagi pam bensin terdekat nol bensin mutar cari lagi sama bahkan sering kebetulan saya biasa di kawasan Gunung Putri Bogor mula2 saya rasa aneh lama2 jadi biasa saja lah ","1895059780521353374","","GujRashidi","in","","0","1","0","https://x.com/undefined/status/1895059780521353374","1285527332191518720",
"1895058640685670921","Thu Feb 27 10:32:12 +0000 2025","0","@coupdefle KATANYA MAU AJAK GW NAIK GUNUNG","1895059350512902311","","cyanicdemonride","in","","0","1","0","https://x.com/undefined/status/1895059350512902311","1873708032091357184",
"1895006371617349651","Thu Feb 27 10:30:44 +0000 2025","0","@jngvwonyoung Mau naik gunung kah kk","1895058983905566812","","","in","","0","0","0","https://x.com/undefined/status/1895058983905566812","1251752790117908480",
"1895056403284574512","Thu Feb 27 10:27:20 +0000 2025","0","@Beomglu Menumpuk setinggi gunung upcharku ","1895058124899524615","","Beomglu","in","","0","1","0","https://x.com/undefined/status/1895058124899524615","3291857351",
"1895054374344544259","Thu Feb 27 10:26:51 +0000 2025","1","@doublepaijo Rencana mau makan Mei Instan tapi blm beli kudu turun Gunung kaburu Hujan.️","1895058003847786645","","doublepaijo","in","","0","1","0","https://x.com/undefined/status/1895058003847786645","1603899617216987136",
"1895012987053973776","Thu Feb 27 10:25:07 +0000 2025","0","@Dinikrnw lagi hujan terus naik gunung harus hati-hati","1895057568357327074","","AnggurMerahMu","in","","0","0","0","https://x.com/undefined/status/1895057568357327074","233470506",
"1894945551369785451","Thu Feb 27 10:24:21 +0000 2025","0","@gamtenwg Rill banget semua kebuka waktu naik gunung","1895057374609842207","","gamtenwg","in","","0","0","0","https://x.com/undefined/status/1895057374609842207","2834552977",
"1895056994580734408","Thu Feb 27 10:22:50 +0000 2025","0","Menteri Kehutanan Lepas Liarkan Sepasang Kucing Emas di Taman Nasional Gunung Leuser https://t.co/OU2Mfxz44H https://t.co/bu3sQaWZ9A","1895056994580734408","https://pbs.twimg.com/media/GkyYSxUWIAAImIj.jpg","","in","","0","0","0","https://x.com/undefined/status/1895056994580734408","887616625175707649",
"1894889913642004789","Thu Feb 27 10:21:47 +0000 2025","1","@piyopikavet @valiisaa @sluibt Banyak penyebabnya mulai dari dikejar predator letusan gunung bawah laut gempa gangguan dari sonar kapal sampe pengeboran di dasar laut Masalah keliatan jadi makin sering bisa jadi karna pengaruh masifnya kamera &amp; sosmed sekarang","1895056729890791792","","piyopikavet","in","","0","0","1","https://x.com/undefined/status/1895056729890791792","404687730",
"1895056611800121813","Thu Feb 27 10:21:19 +0000 2025","0","Menteri Kehutanan Lepas Liarkan Sepasang Kucing Emas di Taman Nasional Gunung Leuser https://t.co/OU2Mfxz44H https://t.co/FRRA54szGd","1895056611800121813","https://pbs.twimg.com/media/GkyX8e6aAAA9zZ3.jpg","","in","","0","0","0","https://x.com/undefined/status/1895056611800121813","887616625175707649",
"1895055913469489218","Thu Feb 27 10:18:33 +0000 2025","0","Bahkan kekhawatiran semakin mencuat setelah ditemukan adanya dugaan selisih anggaran realisasi ratusan miliar rupiah pada laporan keuangan penerimaan pendapatan negara dari pertambangan panas bumi yang ada di Kabupaten Sukabumi. https://t.co/k2kvKdhe9V","1895055915868684443","","BdgBergerakID","in","","0","1","0","https://x.com/undefined/status/1895055915868684443","1493801169075855365",
"1895055913469489218","Thu Feb 27 10:18:32 +0000 2025","22","Aktivitas pengeboran proyek geotermal Gunung Salak di Kabupaten Sukabumi sudah merenggut dan menimbulkan banyak kekhawatiran warga. Hutan dibabat kesehatan terancam dan juga lindu membayangi warga. https://t.co/k2kvKdhe9V https://t.co/V27DfdI7hK","1895055913469489218","https://pbs.twimg.com/ext_tw_video_thumb/1895055832225562624/pu/img/CV7z4Qhg1zCIZses.jpg","","in","","1","2","19","https://x.com/undefined/status/1895055913469489218","1493801169075855365",
"1894663204787425317","Thu Feb 27 10:18:16 +0000 2025","0","@augusta_tehe Cara nyaman untuk Bundir: 1. Semangat cari duit yg banyak 2. Pergi ke Jepang naik tiket pesawat yg mahal 3. Tamasya ke Gunung Fuji masuk ke Hutan Aokigahara 4. Nanti disana pasti ada jawaban cara bunuh diri yg nyaman","1895055843835744430","","","in","","0","0","0","https://x.com/undefined/status/1895055843835744430","890957333332766721",
"1894899966738587841","Thu Feb 27 10:17:02 +0000 2025","0","@loepastigatau sebesar gunung fuji","1895055534254104961","","absurdrofficial","in","","0","0","0","https://x.com/undefined/status/1895055534254104961","1430815002991030282",
"1895055192850342110","Thu Feb 27 10:15:41 +0000 2025","0","Tapi pernahkah kamu merasa semakin kita melangkahkan kaki menuju mimpi semakin kamu melihat gunung besar di depan mata? Gunung itu membuatmu berat melangkah hingga akhirnya kamu berpikir bahwa langkah sebelumnya seperti sia-sia.","1895055196495192433","","Shonanar","in","","0","1","0","https://x.com/undefined/status/1895055196495192433","982526138",
"1895055133924565493","Thu Feb 27 10:15:27 +0000 2025","0","aku mimpi angkat gunung jerai pastu lempaq pi tempat lain gilaa betoi punya mimpi","1895055133924565493","","","in","","0","0","0","https://x.com/undefined/status/1895055133924565493","972443800109895680",
"1895055060117197024","Thu Feb 27 10:15:09 +0000 2025","15","-rek kalau aku open catering sahur di Surabaya Timur (Rungkut - Gunung Anyar UPNVJT) ada yang minat ga? Rep ya!","1895055060117197024","","","in","","0","5","1","https://x.com/undefined/status/1895055060117197024","1152437175587241985",
"1894780738421285133","Thu Feb 27 10:14:26 +0000 2025","4","@Mdy_Asmara1701 Sorry ye...gunung emas ja lenyap lu jual gmn emas receh milik rakyat??","1895054878864744483","","Mdy_Asmara1701","in","","0","0","0","https://x.com/undefined/status/1895054878864744483","1603701755115470848",
"1895054225094386143","Thu Feb 27 10:11:50 +0000 2025","36","Menjadi sebuah ketertarikan bagi kami untuk menyusuri hutan di Gunung Merapi yang konon ditunggui oleh para kasepuhan. Dekat dengan aliran Kali Kuning tanpa disengaja kami menemukan suatu jalur yang menghubungkan Kraton Merapi sampai ke Kraton Laut Kidul. #yogyakarta #merapi https://t.co/cpGwLgLdAe","1895054225094386143","https://pbs.twimg.com/amplify_video_thumb/1895054056277544961/img/vVxMfw-GLwQCz4OI.jpg","","in","","0","2","4","https://x.com/undefined/status/1895054225094386143","993888920432660481",
"1895044446611480751","Thu Feb 27 10:11:31 +0000 2025","0","@nineteenfreak Bukan masalah ekonomi sih beb. Cuma kalau mau look girly sngt dekat dg ekspresi 'kecil feminim warna halus' Mostly bag APALAGI BACKPACK itu laptop diatas 15 nyaris kayak orang naik gunung ada kesan macho-nya So agak kontradiktif ","1895054146010784030","","nineteenfreak","in","","0","0","0","https://x.com/undefined/status/1895054146010784030","1787904291245895680",
"1894925417900835236","Thu Feb 27 10:10:37 +0000 2025","3","@novmbrgurl11 @txtdrimedia dimandikan pake minyak mendidih dikafanin pake baju besi panas merah membara ga perlu disholatin langsung aja kubur mereka di kawah gunung berapi","1895053917689651612","","novmbrgurl11","in","","0","0","0","https://x.com/undefined/status/1895053917689651612","1543381425210392577",
"1895048799955067248","Thu Feb 27 10:10:04 +0000 2025","0","@tempeultra Misteri gunung merapi ama angling darmo tuh bagus padahal kalo di remake wkwk","1895053783304151429","","tempeultra","in","","0","1","0","https://x.com/undefined/status/1895053783304151429","878590937819041792",
"1895052914894479869","Thu Feb 27 10:06:37 +0000 2025","0","A LITTLE STORY... pas lagi di puncak pertengahan januari kemarin ada di saat di mana everyone is swimming terus suasananya MENDUNG RINTIK UDARANYA SEJUK PEMANDANGANNYA GUNUNG ENAK BANGET DEH romantis trs indah. aku duduk berdua sama juna di balkon https://t.co/2c3VstsXmH","1895052914894479869","https://pbs.twimg.com/media/GkyUlVrW0AAlRaR.jpg","","in","","0","1","0","https://x.com/undefined/status/1895052914894479869","1483304173441785856",
"1895052732542939411","Thu Feb 27 10:05:54 +0000 2025","2","Koordinator BPP Menggala melaksanakan kunjungan ke calon KWT sekaligus penyuluhan pembentukan KWT Rani Lestari di kelurahan Ujung Gunung Kecamatan Menggala sekaligus memberikan bimbingan pemanfaatan lahan pekarangan untuk mendukung swasembada pangan bergizi. https://t.co/S0aKMUUpVT","1895052732542939411","https://pbs.twimg.com/media/GkyUZrfWsAAeXbO.jpg","","in","","0","0","0","https://x.com/undefined/status/1895052732542939411","1275991837069602816",
"1895023054742528286","Thu Feb 27 10:02:58 +0000 2025","0","@bukanshampodidi Emang ada lagi selain gunung kapur sama rawa jejed?","1895051995398185061","","bukanshampodidi","in","","0","1","0","https://x.com/undefined/status/1895051995398185061","1345312132754116608",
"1894701173221003775","Thu Feb 27 10:02:32 +0000 2025","0","@Kucyber69 Ya emang kan mreka pakein warna.. Minyak itu kalo asli yo warnanya bisa bersih kaya air gunung or agak keruh or bening. Hampir sama minyak tanah","1895051883640955267","","Kucyber69","in","","0","0","0","https://x.com/undefined/status/1895051883640955267","1627491286679949314",
"1895051322644406392","Thu Feb 27 10:00:18 +0000 2025","0","Upaya Pemulihan Bekas Tambang DLH Gresik Tanam Pohon di Gunung Desa Suci https://t.co/G7GsGtFtf0 #gresiksatu","1895051322644406392","","","in","","0","0","0","https://x.com/undefined/status/1895051322644406392","1484413289249779712",
"1894960988103053364","Thu Feb 27 10:00:10 +0000 2025","0","Baju melayu aku tu dah sampai puncak Gunung Tahan Gunung Korbu Gayong. Dah sampai Jepun pun. Power tak power ah.","1895051291686248515","","yattadnan_","in","","0","0","0","https://x.com/undefined/status/1895051291686248515","498758434",
"1895051036529664209","Thu Feb 27 09:59:10 +0000 2025","0","Dia adalah Gunung Untuh meruntuhkannya dibuthkan bom seberat 85 ton #SayyedHassanNasrallah https://t.co/GXLFKVUIgH","1895051036529664209","https://pbs.twimg.com/media/GkySxwIWkAAMdNj.jpg","","in","","0","0","0","https://x.com/undefined/status/1895051036529664209","1717898640",
"1895050707226751155","Thu Feb 27 09:57:51 +0000 2025","0","bismillahirrahmanirrahi Dijual Cepat Tanah Strategis di Banyuwangi Menawarkan pemandangan indah Selat Bali dan Gunung Ijen. Dusun Krajan Olehsari Kec. Glagah Kabupaten Banyuwangi Jawa Timur 68432 Indonesia HUBUNGI 082 398 999 873 Spesifikasi dan Keunggulan Lokasi: https://t.co/75RRfach5F","1895050707226751155","https://pbs.twimg.com/media/GkySj7cXYAAkkAe.jpg","","in","","0","1","0","https://x.com/undefined/status/1895050707226751155","1343841766630334464",
"1895003209330237947","Thu Feb 27 09:55:22 +0000 2025","0","@JenggoBang82778 Jauh... Ketik aja di Google Saung Bismarck Gunung Seureuh.","1895050080555802947","","JenggoBang82778","in","","0","1","0","https://x.com/undefined/status/1895050080555802947","1603899617216987136",
"1895049861852233936","Thu Feb 27 09:54:30 +0000 2025","0","Cek SPEEDS Kursi Lipat Outdoor Portable Kursi Camping Folding Chair Gunung Kemah Mudah LX 031-14 dengan harga Rp62.100. Dapatkan di Shopee sekarang! https://t.co/DMbmkg3CiN https://t.co/CvNLPPfDYm","1895049861852233936","https://pbs.twimg.com/media/GkyRzmJWsAAySKH.jpg","","in","","0","0","0","https://x.com/undefined/status/1895049861852233936","108818752",
"1895049511938203703","Thu Feb 27 09:53:06 +0000 2025","5","PTPN 1 Regional 7 Gunung Dempo Pagar Alam Siap Berkolaborasi Bersama BNNP Sumatera Selatan https://t.co/EpRkIkIQ69","1895049511938203703","","","in","","0","0","0","https://x.com/undefined/status/1895049511938203703","1346072858397536256",
"1895049498608705594","Thu Feb 27 09:53:03 +0000 2025","3","Kok cuma gunung Uhud sih? Kenapa ngga gunung Everest sekalian? Oh iya gunung Everest si Owo belum tau ya! ","1895049498608705594","","","in","","0","1","2","https://x.com/undefined/status/1895049498608705594","116387061",
"1895031075518456217","Thu Feb 27 09:52:41 +0000 2025","0","@cupidflies gunung apa itu gio? merbabu? lawu? aku bulan kemarin ke butik ","1895049407999119804","","cupidflies","in","","0","1","0","https://x.com/undefined/status/1895049407999119804","3309034802",
"1895004474156163504","Thu Feb 27 09:51:33 +0000 2025","0","@Sylayuni Aku sih lebih suka ke gunung","1895049120605446325","","Sylayuni","in","","0","0","0","https://x.com/undefined/status/1895049120605446325","1681647345375801345",
"1894797362461319430","Thu Feb 27 09:51:27 +0000 2025","2","@tvindonesiawkwk Yah... gabakalan modar dong ini orang klo dilempar ke lahar gunung...","1895049098090480040","","tvindonesiawkwk","in","","0","0","0","https://x.com/undefined/status/1895049098090480040","1077111625197338625",
"1894923768650506340","Thu Feb 27 09:49:37 +0000 2025","2","@ysf_oiu @semangatvee @LloidOda @futomodaisuke @zfrakmal @aesculapiusw Ada tentang dua gunung kembar juga kalau ngga salah. Aku banyak lupa itu baca bible &gt; 20thn lalu. Tulisannya kicik² bingit dan bikin pusing bahasa Qur'an lebih bisa dimengerti.","1895048634598859098","","ysf_oiu","in","","0","0","0","https://x.com/undefined/status/1895048634598859098","1636556953207070720",
"1895048548959559897","Thu Feb 27 09:49:17 +0000 2025","0","Domiia diatas gunung berapi anjir terbangnya wkwkwkwkkwkwk https://t.co/a45CNtnWCi","1895048548959559897","https://pbs.twimg.com/media/GkyQm2EXcAASVLa.jpg","","in","","0","0","0","https://x.com/undefined/status/1895048548959559897","885812308995264512",
"1894896941898834226","Thu Feb 27 09:48:10 +0000 2025","1","@suchiQoe Gunung uang","1895048268238987496","","suchiQoe","in","","0","0","0","https://x.com/undefined/status/1895048268238987496","1531957384213843970",
"1895047919927206275","Thu Feb 27 09:46:47 +0000 2025","0","apalagi kalau habis traweh busetttt ngos ngosan kaya mendaki gunung but still love it karena itu jalan terdekat untuk ke warungnya mas supri","1895047922628378757","","urcancergurls","in","","0","0","0","https://x.com/undefined/status/1895047922628378757","1397351914811973632",
"1895029775657566600","Thu Feb 27 09:46:27 +0000 2025","1","@B_dzoel @KPK_RI apa lagi bertapa di gunung Kawi ya' nyari pesugihan agar harta tambah banyak ","1895047836158595351","","B_dzoel","in","","0","1","0","https://x.com/undefined/status/1895047836158595351","1256406459715223553",
"1895047520830791800","Thu Feb 27 09:45:11 +0000 2025","0","Emas setinggi gunung tidak akan pernah cukup untuk orang yg serakah tapi sepiring nasi sudah cukup untuk orang yg bersyukur. Syukuri dan nikmati apa yg kita miliki.","1895047520830791800","","","in","","0","0","0","https://x.com/undefined/status/1895047520830791800","1174551901",
"1894895001492169044","Thu Feb 27 09:43:21 +0000 2025","0","@panjxat pengenn ngeliat sunset di gunung gede tapii ga berani naik gunung","1895047057486061740","","panjxat","in","","0","0","0","https://x.com/undefined/status/1895047057486061740","1353922694199136257",
"1895046605017096439","Thu Feb 27 09:41:33 +0000 2025","1","-resched 3x -mau bimbingan offline UJAN DERES + BANJIRRRR Ya Allah adakah gunung emas yang berhiaskan berlian yang menanti hamba setelah badai ini semua ?","1895046605017096439","","","in","","0","0","0","https://x.com/undefined/status/1895046605017096439","1112989562991665158",
"1894939401249341621","Thu Feb 27 09:39:49 +0000 2025","0","@virnaan Healing ke gunung","1895046166888489343","","virnaan","in","","0","0","0","https://x.com/undefined/status/1895046166888489343","1855457548297801728",
"1894963867052015654","Thu Feb 27 09:36:03 +0000 2025","0","@unsoedmfs bu tini daerah gunung muria","1895045221815329203","","unsoedmfs","in","","0","0","0","https://x.com/undefined/status/1895045221815329203","1736323631033270272",
"1895021104412139709","Thu Feb 27 09:31:47 +0000 2025","20","@Sentjoko -katanya di neraka itu panas sekali kok masih ada gigi dan kulit ya? gak kebakar? atau panasnya cuma pura2? -gerahamnya segede gunung mulutnya segede apa ya? dgn ukuran mulut &amp; gigi segede itu apa yg ditakutin? setan pun ketakutan ya? -lbh bnyk org kafir bisa dong berontak?","1895044148492935612","","Sentjoko","in","","1","4","2","https://x.com/undefined/status/1895044148492935612","1221737894957568000",
"1895043174235807870","Thu Feb 27 09:27:55 +0000 2025","0","Rapat Monitoring dan Evaluasi Kesekretariatan PA Gunung Sugih. Selengkapnya https://t.co/DLFKGYhsSg @Humas_MA @DitjenBadilag @pta_lampung @pemdalamteng #bestari #wbkwbbm #zonaintegritas https://t.co/KZEnHTBwzx","1895043174235807870","https://pbs.twimg.com/media/GkyLtKGWkAABCHZ.jpg","","in","","0","0","0","https://x.com/undefined/status/1895043174235807870","1483008143953362946",
"1894998900962140664","Thu Feb 27 09:26:23 +0000 2025","0","@Putri0802395707 Jangan mending coklat umkm gunung kidul deh :)","1895042785935532243","","Putri0802395707","in","","0","1","0","https://x.com/undefined/status/1895042785935532243","1437851167808126976",
"1895042744026034657","Thu Feb 27 09:26:13 +0000 2025","0","kalo ditumpuk jadi gunung ngalahin everest 100x lipat https://t.co/fWxouiU4Ho","1895042744026034657","https://pbs.twimg.com/media/GkyLR_xaoAAU3n4.jpg","","in","","0","0","0","https://x.com/undefined/status/1895042744026034657","1239497496876871680",
"1895003209330237947","Thu Feb 27 09:25:47 +0000 2025","1","@DeddyDjumadi4 Emang dimana bogor ya om Di mari gue bozen liat gunung kembar mulu ‍️‍️‍️‍️‍️ https://t.co/tLZZ0D2WhU","1895042637004185727","https://pbs.twimg.com/tweet_video_thumb/GkyLOpqXkAAD6ZW.jpg","DeddyDjumadi4","in","","0","1","0","https://x.com/undefined/status/1895042637004185727","1716427244095283200",
"1895042334288761126","Thu Feb 27 09:24:35 +0000 2025","0","Ngopi sore di kaki gunung Ciremai. https://t.co/FvxrWkzugx","1895042334288761126","https://pbs.twimg.com/media/GkyK9B3XcAES5mb.jpg","","in","","0","0","0","https://x.com/undefined/status/1895042334288761126","42386439",
"1895042060077670673","Thu Feb 27 09:23:29 +0000 2025","1","Komisi IV DPR RI bersama Kementerian Pertanian meninjau salah satu perusahaan pembibitan ayam dan bebek terbesar di Indonesia yang berlokasi di Gunung Sindur Bogor Jawa Barat. . https://t.co/A0ISIyQ0kt","1895042060077670673","https://pbs.twimg.com/ext_tw_video_thumb/1895041948509184000/pu/img/-JXjwpQfysIRHT9Z.jpg","","in","","0","0","0","https://x.com/undefined/status/1895042060077670673","872864310875234304",
"1895027586423759261","Thu Feb 27 09:00:59 +0000 2025","0","@narayups ak penasaran bgt sama hewan yg tinggal diatas gunung itu","1895036396337025466","","narayups","in","","0","0","0","https://x.com/undefined/status/1895036396337025466","3097482314",
"1895036376548266381","Thu Feb 27 09:00:54 +0000 2025","0","Apa yang sebenarnya terjadi kepada 5 santri tersebut di Gunung Ciremai ? Simak kisah selengkapnya di Youtube Besok Pagi Channel! #pendaki #pendakigunung #gunung #berita #horror #beritahorror #podcastpendakianhorror #infopendaki #besokpagiadv #besokpagi https://t.co/V7PJew8S5i","1895036376548266381","https://pbs.twimg.com/ext_tw_video_thumb/1895032862061080576/pu/img/uQT4CfpIAKmJyl2B.jpg","","in","","0","0","0","https://x.com/undefined/status/1895036376548266381","1313076597935599616",
"1895035842831487330","Thu Feb 27 08:58:47 +0000 2025","0","Mencintai angin harus menjadi siut... Mencintai air harus menjadi ricik... Mencintai gunung harus menjadi terjal... Mencintai api harus menjadi jilat... Mencintai cakrawala harus menebas jarak.. MencintaiMu harus menjadi aku ~ Sajak kecil tentang cinta Karya Sapardi Djoko Damono","1895035842831487330","","","in","","0","0","0","https://x.com/undefined/status/1895035842831487330","1600631590710693889",
"1895035689512903100","Thu Feb 27 08:58:11 +0000 2025","0","Sinergitas Tercipta dalam Silaturahmi Kalapas Gunung sitoli dengan Kapolres Nias https://t.co/b7BRc2fN63 https://t.co/PuVarWTCDt","1895035689512903100","https://pbs.twimg.com/media/GkyE5cNaoAIkb92.jpg","","in","","0","0","0","https://x.com/undefined/status/1895035689512903100","1267322086625689605",
"1895031097391751343","Thu Feb 27 08:56:59 +0000 2025","4","Sisa penjelasannya ada lagi. Nanti kita cerita tentang hari ini di Padepokan Gunung Kawi.","1895035389527904490","","stockmapping","in","","0","6","0","https://x.com/undefined/status/1895035389527904490","1542403534288584705",
"1895034786273731030","Thu Feb 27 08:54:35 +0000 2025","0","HOTEL BUDGET COCOK BUAT KAUM MENDANG MENDING DI GARUT KOTA Kalau kalian ada rencana mau ke garut naik kereta dan minim budget atau cuman ngincer buat naik gunung aja ke papandayan dan butuh istirahat satu malem di garut kota hotel ini pas banget solusinya https://t.co/NHxjzx3DCQ","1895034786273731030","https://pbs.twimg.com/ext_tw_video_thumb/1895034701020061696/pu/img/82uYrkzF13y54_Id.jpg","","in","","0","1","0","https://x.com/undefined/status/1895034786273731030","1546202145313042432",
"1895013232173294018","Thu Feb 27 08:54:08 +0000 2025","0","@aboutcowek owalaa ternyata gunung asalnya","1895034672230604950","","LauraPutri05","in","","0","0","0","https://x.com/undefined/status/1895034672230604950","1524352694160601092",
"1895033181931479331","Thu Feb 27 08:53:52 +0000 2025","0","@ppetamal Ngeliat outfit nya aja udh bikin gerah + tempatnya di gunung lava dengan 7 domiia apa ga makin gerah ","1895034605767663805","","ppetamal","in","","0","1","0","https://x.com/undefined/status/1895034605767663805","1841420020150337536",
"1895034464423850420","Thu Feb 27 08:53:19 +0000 2025","1","Ya si cholo ma njun aja apetnya sama si njun cabang svt enih tiba2 naik gunung hari berikutnya makan hotpot wkwkwk basketnya jangan lupa ajakan dedek cholo","1895034464423850420","","","in","","0","0","0","https://x.com/undefined/status/1895034464423850420","1762349457168097280",
"1895034423776813149","Thu Feb 27 08:53:09 +0000 2025","0","nyoba naik gunung kali ya kayanya seru","1895034423776813149","","","in","","0","1","0","https://x.com/undefined/status/1895034423776813149","1081876840438878210",
"1895034273427792286","Thu Feb 27 08:52:33 +0000 2025","0","kiri perjalanan naik gunung kanan diatas kawah merapi","1895034273427792286","","","in","","0","1","0","https://x.com/undefined/status/1895034273427792286","1242772670506086401",
"1894991251344367858","Thu Feb 27 08:49:59 +0000 2025","0","@AghmadArfin Ga begitu excited ambek film bulan iki mbek maret e mas cuman aku penasaran ambek Petaka Gunung Gede karo Pernikahan Arwah (mergo horor sing ono unsur Tionghoa iku terakhir ndek film Perempuan Bergaun Merah)","1895033625974059490","","AghmadArfin","in","","0","0","0","https://x.com/undefined/status/1895033625974059490","1553289212719697921",
"1895033420344107444","Thu Feb 27 08:49:10 +0000 2025","2","Untuk dua tahun ni first time aku mimpi best selalunya seram memanjang kene kejar orang la apa la. This time aku pergi gunung tengok nature and lah tiber jadi gf Nadhir. ","1895033420344107444","","","in","","0","2","0","https://x.com/undefined/status/1895033420344107444","481781492",
"1895033282674467260","Thu Feb 27 08:48:37 +0000 2025","0","Pekerjaan pengurasan saluran air di jalan Industri Raya RT.13 RW.06 Kel. Gunung Sahari Utara Kec. Sawah Besar. https://t.co/Tu93sNQWmV","1895033282674467260","https://pbs.twimg.com/media/GkyCuP5XQAAUojO.jpg","","in","","0","0","0","https://x.com/undefined/status/1895033282674467260","3079723462",
"1895032091219501379","Thu Feb 27 08:45:41 +0000 2025","0","@dpeerlyn petaka gunung gede sana beb","1895032544384688337","","dpeerlyn","in","","0","1","0","https://x.com/undefined/status/1895032544384688337","1716144116034363392",
"1895031788642410892","Thu Feb 27 08:42:41 +0000 2025","0","Berfoto di Gunung Fuji dengan penghuni lain.","1895031788642410892","","","in","","1","1","0","https://x.com/undefined/status/1895031788642410892","1293707802863480832",
"1895031641904685225","Thu Feb 27 08:42:08 +0000 2025","0","️ Garam Gak Cuma Dari Laut Selain dari laut garam juga bisa ditambang dari gunung garam atau danau garam purba yang mengering. Contohnya Himalayan salt yang berasal dari tambang di Pakistan. Dari zaman dinosaurus baru masuk dapur kita sekarang. ⏳","1895031653590016394","","pokerfacedonut","in","","0","0","0","https://x.com/undefined/status/1895031653590016394","1640232027260854273",
"1895031511981953527","Thu Feb 27 08:41:35 +0000 2025","0","kangen gunung","1895031511981953527","","","in","","0","0","0","https://x.com/undefined/status/1895031511981953527","1474024445639475204",
"1895031500925813093","Thu Feb 27 08:41:32 +0000 2025","0","Berfoto di gunung Fuji dengan @scelevisor. https://t.co/mVjzEP1YpU","1895031500925813093","https://pbs.twimg.com/media/GkyA_coWUAAUjUw.jpg","","in","","2","1","0","https://x.com/undefined/status/1895031500925813093","1293707802863480832",
"1895004474156163504","Thu Feb 27 08:19:19 +0000 2025","0","@Sylayuni Ke gunung aja kalau ke pantai udah sering banget","1895025910912545232","","Sylayuni","in","","0","0","0","https://x.com/undefined/status/1895025910912545232","1480178641183117319",
"1894893437813694775","Thu Feb 27 08:19:00 +0000 2025","0","@panjxat wah baru tau gunung itu","1895025831971561641","","panjxat","in","","0","0","0","https://x.com/undefined/status/1895025831971561641","1230761916814872576",
"1894638410486452496","Thu Feb 27 08:17:26 +0000 2025","0","@Noer49661203 @aniesbaswedan Anda juga kembali ke gunung biar tenang hidupnya ga iri liat hidup orang lain","1895025434531930328","","Noer49661203","in","","0","0","0","https://x.com/undefined/status/1895025434531930328","1632898781300822017",
"1895024823233032662","Thu Feb 27 08:15:00 +0000 2025","0","Taman Nasional Bromo Tengger Semeru (TNBTS) Lakukan Blacklist pada 7 Pendaki Ilegal Gunung Semeru https://t.co/g3naKep1eL","1895024823233032662","","","in","","0","0","0","https://x.com/undefined/status/1895024823233032662","786549338818224128",
"1895024153352380543","Thu Feb 27 08:12:20 +0000 2025","10","Dipanggil Luckypool musim ini legenda Liverpool yang satu ini tidak terima dan memberikan bantahannya... Sampe segitunya pertahanannya... legend sampe turun gunung segala untuk klarifikasi... #luckypool #premierleague https://t.co/LNEsp8oxLA","1895024153352380543","","","in","","8","48","4","https://x.com/undefined/status/1895024153352380543","2154571790",
"1895004474156163504","Thu Feb 27 08:11:14 +0000 2025","0","@Sylayuni ke gunung deh","1895023875240661130","","Sylayuni","in","","0","0","0","https://x.com/undefined/status/1895023875240661130","3225919992",
"1895023264520610003","Thu Feb 27 08:08:48 +0000 2025","1","pas di trek : mending di kos tidur pas di puncak : gunung mana lagi ya","1895023264520610003","","","in","","0","0","0","https://x.com/undefined/status/1895023264520610003","1504129747546107911",
"1895012987053973776","Thu Feb 27 08:07:52 +0000 2025","0","@Dinikrnw Hati-hati ya guys kalau naik gunung","1895023028444201216","","AnggurMerahMu","in","","0","0","0","https://x.com/undefined/status/1895023028444201216","1644902128295739392",
"1895022864103022767","Thu Feb 27 08:07:13 +0000 2025","0","Dari gunung sampai pantai Indosat tetap nyambung terus!","1895022864103022767","","","in","","0","0","0","https://x.com/undefined/status/1895022864103022767","1874319245833887746",
"1894936457871270264","Thu Feb 27 08:06:17 +0000 2025","0","@draftext pasti seger banget kalo airnya langsung berasal dari gunung","1895022630144745674","","draftext","in","","0","0","0","https://x.com/undefined/status/1895022630144745674","754681543",
"1894911734902927771","Thu Feb 27 08:05:57 +0000 2025","0","@velzazyyy mau gunung","1895022544476086445","","velzazyyy","in","","0","0","0","https://x.com/undefined/status/1895022544476086445","554889573",
"1895004474156163504","Thu Feb 27 08:00:50 +0000 2025","0","@Sylayuni Aku sih ke gunung","1895021258464731419","","Sylayuni","in","","0","0","0","https://x.com/undefined/status/1895021258464731419","1880866508966187008",
"1894895001492169044","Thu Feb 27 07:55:45 +0000 2025","0","3. Spot kemping terbaik Alun-alun Suryakencana juga menjadi salah satu spot terbaik untuk kemping di Gunung Gede Pangrango. Hal tersebut karena lokasinya yang cukup tinggi namun tidak terlalu ekstrim. Selain itu Alun-alun Suryakencana memiliki luas sekitar 50 hektar. Selain","1895019979038511557","","panjxat","in","","0","1","0","https://x.com/undefined/status/1895019979038511557","1734904938239868928",
"1894990882668982415","Thu Feb 27 07:54:04 +0000 2025","0","@sbyfess mendaki gunung","1895019554293850395","","sbyfess","in","","0","0","0","https://x.com/undefined/status/1895019554293850395","1414126847424532488",
"1895019380540612647","Thu Feb 27 07:53:22 +0000 2025","0","pengen naik gunungntar lah kalau dah mulai kerja lagi","1895019380540612647","","","in","","0","1","0","https://x.com/undefined/status/1895019380540612647","1217997837234950144",
"1895018161214460238","Thu Feb 27 07:48:32 +0000 2025","0","era apa ini taylor?","1895018161214460238","","","in","","0","0","0","https://x.com/undefined/status/1895018161214460238","1105778609409552384",
"1895017265864810643","Thu Feb 27 07:44:58 +0000 2025","0","Bukit Klangon Jogja: Tempat Menikmati Pesona Merapi https://t.co/y4YGfZPdQa salah satu spot ciamik untuk menikmati keindahan Gunung Merapi di Jogja yaitu wisata Bukit Klangon. Baca artikel berikut ini yuk!","1895017265864810643","","","in","","0","0","0","https://x.com/undefined/status/1895017265864810643","716547659910107136",
"1894997386214445103","Thu Feb 27 07:41:46 +0000 2025","0","Dadan melanjutkan potret tren laporan di Ombudsman RI. Selama 2021-2024 yang tertinggi dilaporkan adalah tentang agraria. Ini selalu menjadi nomor satu. Yang diadukan lebih kecil dibandingkan kejadian nyata di lapangan layaknya fenomena gunung es.","1895016461351166432","","the_indonesian","in","","0","1","0","https://x.com/undefined/status/1895016461351166432","202579029",
"1894974933165580774","Thu Feb 27 07:40:43 +0000 2025","0","@mas2_jawa_ Anjay naik gunung","1895016195230966156","","mas2_jawa_","in","","0","0","0","https://x.com/undefined/status/1895016195230966156","1413019295899033603",
"1894766625565573356","Thu Feb 27 07:38:29 +0000 2025","0","@FolkMedsos tidak kaget jumlah yg ketahuan cuma seperti puncak gunung es saja yg lain mah tidak pernah ketahuan hanya bisa ketahuan jika istri punya perasaan indra ke enam yg tajam shg bisa merasakan bila suami bertatapan dg ipar atau dg pembantunya.","1895015635131998272","","FolkMedsos","in","","0","0","0","https://x.com/undefined/status/1895015635131998272","3248886918",
"1894759922300342285","Thu Feb 27 07:38:13 +0000 2025","0","@SFT04TAESAN @SFT00HRENJUN Soalnya nama dia artinya gunung","1895015565527523482","","bndtaezan","in","","0","1","0","https://x.com/undefined/status/1895015565527523482","1148337351845793793",
"1895015467993178586","Thu Feb 27 07:37:49 +0000 2025","0","pengen naik gunung lagi","1895015467993178586","","","in","","0","0","0","https://x.com/undefined/status/1895015467993178586","1852334995769315328",
"1895015192272216244","Thu Feb 27 07:36:44 +0000 2025","0","Satsamapta Polres Situbondo Polda Jatim merespon laporan masyarakat terkait viralnya video yang dinarasikan adanya perjudian Cap Jie Kie di eks Lokalisasi Gunung Sampan Desa Kotakan Situbondo.","1895015192272216244","","","in","","0","0","0","https://x.com/undefined/status/1895015192272216244","831412134",
"1895013232173294018","Thu Feb 27 07:29:31 +0000 2025","10","dari yang tadinya gunung sekarang menjadi kolam raksasa https://t.co/BNoTgtpeJt","1895013378302844976","https://pbs.twimg.com/media/GkxwnykaoAYE18T.jpg","LauraPutri05","in","","0","0","0","https://x.com/undefined/status/1895013378302844976","1626245675855007744",
"1894964615882383470","Thu Feb 27 07:28:19 +0000 2025","0","@princessjeruk Siluman kera dari gunung huakwo ","1895013074660426233","","","in","","0","0","0","https://x.com/undefined/status/1895013074660426233","1748048465496834048",
"1895012728290582564","Thu Feb 27 07:26:56 +0000 2025","6","Ini dia jawabannya kenapa Gunung lebih dingin di musim kemarau daripada musim hujan Superfriends. Tapi ingat bukan berarti bisa menyepelekan cuaca yah. #INIRASANYASUPER #SUPERLIVE #SUPERADVENTURE #FUNFACT https://t.co/P7BE10v4RQ","1895012728290582564","https://pbs.twimg.com/amplify_video_thumb/1895012558207111168/img/DHXUvXMVHj1p5O9c.jpg","","in","","0","0","1","https://x.com/undefined/status/1895012728290582564","3307781334",
"1895009610475737380","Thu Feb 27 07:22:08 +0000 2025","0","@malkatrid Kenapa gunung gede?","1895011520041623596","","malkatrid","in","","0","1","0","https://x.com/undefined/status/1895011520041623596","1313079446",
"1895011415435682006","Thu Feb 27 07:21:43 +0000 2025","0","Bhabinkamtibmas Kel. Gunung Sari Polsek Tanjung Karang Barat Polresta Bandar Lampung melaksanakan program Pemantapan Ketahanan Pangan dalam Pemanfaatan Lahan Pekarangan di Kel. Gunung Sari dalam rangka mendukung Program Asta Cita Presiden Republik Indonesia. https://t.co/bN10wqqdKa","1895011415435682006","https://pbs.twimg.com/media/Gkxu1sqaEAAPX8Y.jpg","","in","","0","0","0","https://x.com/undefined/status/1895011415435682006","1364382458527981570",
"1894699950199513304","Thu Feb 27 07:21:31 +0000 2025","0","@tanyakanrl Ada dong nderr rumahku dipelosok deket gunung wkwk. aku pake Indosat bwt","1895011362159628294","","tanyakanrl","in","","0","2","0","https://x.com/undefined/status/1895011362159628294","1448615978896478214",
"1894795978013815164","Thu Feb 27 07:19:55 +0000 2025","0","@V3g3L Karyawan Shell ini gimana sih ngubah gtu aja gak bisa contoh dunk Pertamina ngubah gunung jadi lautan aku cinta Pertamina aku cinta Indonesia #buzzer","1895010961549074827","","P3gEl","in","","0","0","0","https://x.com/undefined/status/1895010961549074827","1100317358",
"1895009152961011989","Thu Feb 27 07:19:31 +0000 2025","0","@eepymiwa @thisisaayy Sebelum meledak kayak gunung berapi di dinginkan dengan segelas kopi dulu","1895010861552672895","","eepyshawty","in","","0","0","0","https://x.com/undefined/status/1895010861552672895","1409464176859238403",
"1894944729047146901","Thu Feb 27 07:18:09 +0000 2025","0","@ofmavin kok lucu ke gunung bnran","1895010517259035136","","ofmavin","in","","0","0","0","https://x.com/undefined/status/1895010517259035136","1539875816049238016",
"1895009610475737380","Thu Feb 27 07:14:33 +0000 2025","0","petaka gunung gede ini wlw kah","1895009610475737380","","","in","","1","10","1","https://x.com/undefined/status/1895009610475737380","1169934259026448385",
"1894689987096141940","Thu Feb 27 07:11:06 +0000 2025","0","@Boediantar4 Sabar Mas.....Maksud ht meluk gunung ..pa daya...tau nya gunung tambora...","1895008744825856242","","Boediantar4","in","","0","0","0","https://x.com/undefined/status/1895008744825856242","4091944699",
"1895008681777078617","Thu Feb 27 07:10:51 +0000 2025","0","Pengen nonton petaka gunung gede bgt","1895008681777078617","","","in","","0","1","0","https://x.com/undefined/status/1895008681777078617","1385463113068122112",
"1894999118571020642","Thu Feb 27 06:32:51 +0000 2025","0","naik gunung yu","1894999118571020642","","","in","","0","1","0","https://x.com/undefined/status/1894999118571020642","1547503649487654912",
"1894998856338931996","Thu Feb 27 06:31:49 +0000 2025","1","Tas Gunung Carrier 60 Liter Arei Untuk Kegiatan Pendakian selama 3-4 hari ↪ https://t.co/PzcH6cFZIv #tasbackpack #racunshopee https://t.co/9ziDEB8gLg","1894998856338931996","https://pbs.twimg.com/media/GkxjWoGboAAR13z.jpg","","in","","0","0","0","https://x.com/undefined/status/1894998856338931996","619037713",
"1894978222040981824","Thu Feb 27 06:28:39 +0000 2025","0","@idextratime Eksekusi potong titit di depan warga masyarakat karena sesungguhnya duit satu gunung tidak ada arti jika tidak bisa ereksi.","1894998061459612037","","idextratime","in","","0","0","0","https://x.com/undefined/status/1894998061459612037","131814578",
"1894985674102841433","Thu Feb 27 06:24:51 +0000 2025","0","@CErine_JKT48 lgi nonton petaka gunung gede","1894997105523224679","","CErine_JKT48","in","","0","0","0","https://x.com/undefined/status/1894997105523224679","1526786995619438592",
"1894972242687336742","Thu Feb 27 06:23:08 +0000 2025","0","@embk321 @jokowi Betul juga lagu Sukatani Mau KORUPSI BAYAR POLISI. Gimana ceritanya Korupsi sampai Sebesar Gunung Uhud tidak ketahuan atau Jatah Upetinya sudah Mengalir sampai ke APH","1894996670594834468","","embk321","in","","0","0","0","https://x.com/undefined/status/1894996670594834468","1867466746690695168",
"1894996262493265971","Thu Feb 27 06:21:30 +0000 2025","0","Masih aja laper kocak apa gua makan kambing gunung aje.","1894996262493265971","","","in","","0","0","0","https://x.com/undefined/status/1894996262493265971","2758983507",
"1894996224987799719","Thu Feb 27 06:21:22 +0000 2025","1","xixixi mendaki gunung bersama hammy&lt;3 @julsalterego https://t.co/MhWWLk1AuX","1894996224987799719","https://pbs.twimg.com/media/GkxhBlKaoAMlvrw.jpg","","in","","1","1","1","https://x.com/undefined/status/1894996224987799719","1699961534200655872",
"1894995978421461259","Thu Feb 27 06:20:23 +0000 2025","0","Sakit rasa dihati dg kenyataan ini manusia diberi satu gunung emas masih kurang mo nambah lg satu gunung emas hingga berhentinya ketamakan saat tanah kubur sdh masuk ke mulut mereka ...","1894995978421461259","","","in","","0","0","0","https://x.com/undefined/status/1894995978421461259","1211004863506608128",
"1894954246426239325","Thu Feb 27 06:17:54 +0000 2025","0","@aerinauchinagax Berguru di gunung keramat noona.","1894995355495997475","","aerinauchinagax","in","","0","1","0","https://x.com/undefined/status/1894995355495997475","2192449954",
"1894994646809338182","Thu Feb 27 06:17:28 +0000 2025","0","@convomf sorry to say tapi yg ngomong gini karena lom pernah punya segitu..gw jg gitu sll beranggapan klo gw pnya ini gw g akan begitu ...manusiawi dan udah disebutin di agama Islam manusia dikasih 1 gunung emas pun akan nyari yg kedua dst","1894995247404589306","","convomf","in","","0","0","0","https://x.com/undefined/status/1894995247404589306","1536296120594206720",
"1894995108002701359","Thu Feb 27 06:16:55 +0000 2025","0","Kegiatan Personil Satlantas Polres Dharmasraya Bripka Luthfi Melaksanakan Live Report di Pantuan Arus Lalu Lintas depan Simpang Mikrowive Gunung Medan @divisihumaspolri @humaspoldasumbar @ditlantas_polda_sumbar @humaspolresdharmasraya @infodharmasraya_ https://t.co/Z2XvEDVbeY","1894995108002701359","https://pbs.twimg.com/ext_tw_video_thumb/1894994986997071872/pu/img/_c7XxM_a9wKlF066.jpg","","in","","0","0","0","https://x.com/undefined/status/1894995108002701359","1243811964532314112",
"1894361981366538590","Thu Feb 27 06:13:44 +0000 2025","0","@drhthariq Cocok buat gantiin puisi dari fufufafa soal pribowo gelinding dari gunung ","1894994304478912935","","","in","","0","0","0","https://x.com/undefined/status/1894994304478912935","1256600042099507200",
"1894894241001914868","Thu Feb 27 06:11:19 +0000 2025","0","@nnkkay yang suka ngerepotin orangtuh enaknya dibuang aja ke gunung kidul. ","1894993696917201181","","nnkkay","in","","0","0","0","https://x.com/undefined/status/1894993696917201181","1585664881310961665",
"1894987754750255474","Thu Feb 27 06:10:12 +0000 2025","0","@lumierebass dah siap start tp masi malesss bgt ketemu pohon gunung atau apalah itu semoga pas semangat lgsg lolos","1894993415777214779","","lumierebass","in","","0","1","0","https://x.com/undefined/status/1894993415777214779","1811373798727491584",
"1894993085341540644","Thu Feb 27 06:08:53 +0000 2025","0","Mendaki gunung Lewati lembah Bukan cuma Ninja Hatori yang bisa Petugas Sensus Ekonomi 2026 siap tempuh segala cara! Terjang terik tanpa basa-basi Tak kenal lelah demi kuisioner terisi https://t.co/tJ3wpybGRT","1894993085341540644","https://pbs.twimg.com/ext_tw_video_thumb/1894993007813746688/pu/img/ZoGAJX1F9H190F5n.jpg","","in","","0","1","0","https://x.com/undefined/status/1894993085341540644","4662532568",
"1894992926876537277","Thu Feb 27 06:08:15 +0000 2025","1","gengsi lawanan sama gunung Everest Everestnya yang cair ambruk runtuh meletus sampe rata","1894992926876537277","","","in","","0","0","0","https://x.com/undefined/status/1894992926876537277","1229071593827008512",
"1844927585383481538","Thu Feb 27 06:08:08 +0000 2025","0","@Jelajahi_IDN Aku juga pengen kesana pasti viewnya bagus banget dari Gunung Prau!","1894992897617113416","","Jelajahi_IDN","in","","0","0","0","https://x.com/undefined/status/1894992897617113416","3239739727",
"1894992754461286719","Thu Feb 27 06:07:34 +0000 2025","4","bisa nggak si wowo dimasukin ke keranjang shope dicekout dikirim ke kecamatan tanjungsari kabupaten gunung kidul","1894992754461286719","","","in","","0","2","0","https://x.com/undefined/status/1894992754461286719","193219172",
"1894371221917372856","Thu Feb 27 06:02:57 +0000 2025","0","seiring kau mendekati tujuan lokasi. Kita tidak mungkin naik ke puncak kan? Kita hanya cukup istirahat di kaki gunung? Tanyamu berusaha membangkitkan suasana diantara kalian. ( @h_eartfelct )","1894991591905050970","","ketenanganbiru","in","","0","0","0","https://x.com/undefined/status/1894991591905050970","543222743",
"1894890117040611466","Thu Feb 27 06:01:06 +0000 2025","0","@cufrdy Lebih suka ke gunung","1894991125980840392","","cufrdy","in","","0","0","0","https://x.com/undefined/status/1894991125980840392","1681647345375801345",
"1894847404056121819","Thu Feb 27 05:58:18 +0000 2025","0","@sepnote ke gunung aja kak","1894990422847692893","","AsmaraDuviana","in","","0","0","0","https://x.com/undefined/status/1894990422847692893","1089506448252461058",
"1894989954650120259","Thu Feb 27 05:56:27 +0000 2025","0","Random banget tiba2 gua co angin gunung Fuji di live TikTok ","1894989954650120259","","","in","","0","0","0","https://x.com/undefined/status/1894989954650120259","3288144962",
"1894989543948066850","Thu Feb 27 05:54:49 +0000 2025","2","Sebanyak 14 aktivis pertanahan dari Asia mengunjungi Kampung Damara (Desa Maju Reforma Agraria) di Gunung Anten Kabupaten Lebak Banten untuk mempelajari sejumlah kearifan lokal. Para peserta konferensi Asia Land Forum 2025 ini berada di Damara 16-18 Februari 2025 didampingi","1894989543948066850","","","in","","0","0","0","https://x.com/undefined/status/1894989543948066850","1324167667",
"1894974933165580774","Thu Feb 27 05:49:23 +0000 2025","0","@mas2_jawa_ buseh maennya sampe ke gunung","1894988180073709799","","mas2_jawa_","in","","0","0","0","https://x.com/undefined/status/1894988180073709799","1372618205965864961",
"1894987865505124762","Thu Feb 27 05:48:08 +0000 2025","0","Cerita Tentang Catty - Naik Naik Ke Puncak Gunung Tinggi Tinggi Sekali ... https://t.co/3J3fJ6qjXS via @YouTube","1894987865505124762","","","in","","0","0","0","https://x.com/undefined/status/1894987865505124762","1789897968222621696",
"1894987624525504716","Thu Feb 27 05:47:11 +0000 2025","59","Harimau Sumatera berjenis kelamin jantan bernama Indra telah dilepasliarkan kembali ke habitatnya di Taman Nasional Gunung Leuser. Sebelumnya terjadi upaya penyelamatan menggunakan kandang jebak (box trap) karena adanya interaksi negatif dari satwa tersebut di Kecamatan https://t.co/Wmcb2z8Qn2","1894987624525504716","https://pbs.twimg.com/amplify_video_thumb/1894982807673556992/img/1ExPlYC89SoVRYti.jpg","","in","","1","4","17","https://x.com/undefined/status/1894987624525504716","39677695",
"1894986906565517784","Thu Feb 27 05:46:45 +0000 2025","0","btw guru ku inin ngasih tau nilai nya padahal ujian praktek akhir jenjang di rangkingin lagi yg 1 itu yg ada gunung merah yg urutan ke 2 samping kirinya gunung itu ketiga milik ku ke 4 samping kanan ku. Aku bener bener mau apresiasi karna sedih aja di urutin ke 3 dri 4 lukisan","1894987516673241522","","Okta_markcity","in","","0","0","0","https://x.com/undefined/status/1894987516673241522","1544311631336902656",
"1894986954409923016","Thu Feb 27 05:44:32 +0000 2025","0","12.44 WIB #Tol_Jagorawi HATI-HATI di Gunung Putri KM 22 arah Bogor ada penanganan kendaraan Colt Diesel gangguan patah as roda di lajur bahu luar/kiri.","1894986956788150733","","PTJASAMARGA","in","","0","0","0","https://x.com/undefined/status/1894986956788150733","540625251",
"1894986954409923016","Thu Feb 27 05:44:31 +0000 2025","0","12.44 WIB #Tol_Jagorawi Gunung Putri KM 22 arah Bogor PADAT kepadatan volume lalin. ; Cililitan KM 02 - Cawang KM 00 PADAT kepadatan volume lalin.","1894986954409923016","","","in","","0","1","0","https://x.com/undefined/status/1894986954409923016","540625251",
"1894986931924328740","Thu Feb 27 05:44:26 +0000 2025","0","cpt abis lebaran wey ak bener mau refreshing nanjak gunung lagi","1894986931924328740","","","in","","0","0","0","https://x.com/undefined/status/1894986931924328740","1581135349241479168",
"1894763877923271162","Thu Feb 27 05:42:50 +0000 2025","0","@fahmi_fadzil @komunikasi_gov @TeoNieChing Terus mengorak langkah puncak bukit sudah ditawan puncak gunung pula dicari ","1894986529480810629","","fahmi_fadzil","in","","0","0","0","https://x.com/undefined/status/1894986529480810629","1165371988124192768",
"1894974933165580774","Thu Feb 27 05:41:38 +0000 2025","0","@mas2_jawa_ Akamsi naik gunung cuma pake celana pendek ","1894986226148815101","","mas2_jawa_","in","","0","0","0","https://x.com/undefined/status/1894986226148815101","3257171023",
"1894986128232718821","Thu Feb 27 05:41:14 +0000 2025","0","my top 5 TMI 1. gksuka sate tapi suka bumbu sate padang 2. introvert+pemalu tapi klo dah dkt malu in 3. dari kecil selalu disangka orang arab (padahal ak org betawi+sunda) 4. gksuka makanan yg baunya amis 5. suka nanjak gunung tapi takut ketinggian","1894986128232718821","","","in","","0","0","0","https://x.com/undefined/status/1894986128232718821","1581135349241479168",
"1894985350541648210","Thu Feb 27 05:38:09 +0000 2025","3","Wakil Menteri Dalam Negeri Bima Arya Sugiarto bagikan sebuah video yang menampilkan para Kepala Daerah mendaki puncak Gunung Tidar. #enamplus #Lip6van https://t.co/LtMKzg7Snm","1894985350541648210","https://pbs.twimg.com/ext_tw_video_thumb/1894985141522694144/pu/img/Ciz1-mVKjHii1qUH.jpg","","in","","0","2","0","https://x.com/undefined/status/1894985350541648210","47596019",
"1894985008332579222","Thu Feb 27 05:36:47 +0000 2025","0","Bhabinkamtibmas Aiptu Machmud melaksanakan kegiatan sambang dan himbauan keamanan lingkungan di Kelurahan Gunung Kebayoran Baru https://t.co/mphdtJx7nW","1894985008332579222","https://pbs.twimg.com/media/GkxWz5HWIAAilp0.jpg","","in","","0","0","0","https://x.com/undefined/status/1894985008332579222","779323893005688833",
"1894663204787425317","Thu Feb 27 05:34:53 +0000 2025","0","@dkdrcrane @augusta_tehe @iniayii_ Aku gak ada baca dia bilang gak punya duit. Yaudah versi budget: naik gunung pindah tempat tinggal jauhi keluarga (eh masih butuh duit juga ya?) Udah kerja keras aja cari duit banyak senengin diri sendiri gausah mikir keluarga yg toxic.","1894984529326297338","","dkdrcrane","in","","0","0","0","https://x.com/undefined/status/1894984529326297338","84002674",
"1894975401098961368","Thu Feb 27 05:33:29 +0000 2025","0","@JDPP_exe EMG SUSAH APA SIH JAGA NARA SEHARI DIA MINTA DIBELIIN MAKAN DI GUNUNG HIMALAYA KAH?? TRS MINUMANNYA KUDU DARI GUNUNG FUJI?","1894984178569224299","","itsjdpp","in","","0","1","0","https://x.com/undefined/status/1894984178569224299","1436655503208169477",
"1894969937946619941","Thu Feb 27 05:33:14 +0000 2025","0","@_billyonss Kalo pecahan uangnya 5ribuan. Terus ditumpuk dan dijajarin. Setara perumnas gunung + perumnas burung","1894984112617988364","","_billyonss","in","","0","1","0","https://x.com/undefined/status/1894984112617988364","3106860493",
"1894974933165580774","Thu Feb 27 05:30:06 +0000 2025","0","@mas2_jawa_ pengen naik gunung jadinya","1894983325691060431","","mas2_jawa_","in","","0","0","0","https://x.com/undefined/status/1894983325691060431","1225016681103151105",
"1894941604974338289","Thu Feb 27 05:29:10 +0000 2025","0","@FakhriSir duduk yan pun cun juga pagi pagi hirup kopi mengadap gunung jerai","1894983088587055610","","FakhriSir","in","","0","0","0","https://x.com/undefined/status/1894983088587055610","2248190642",
"1894983047595893022","Thu Feb 27 05:29:00 +0000 2025","0","GUIRENNIAO - Sandal Pria Wanita | Sandal gunung unisex yang nyaman untuk aktivitas outdoor maupun casual. Tersedia untuk pria dan wanita. Cek sekarang di https://t.co/20BpqoXvzX https://t.co/81FqV5kQUK","1894983047595893022","https://pbs.twimg.com/media/GkxPf1_aoAAwG1T.jpg","","in","","0","0","0","https://x.com/undefined/status/1894983047595893022","3266831376",
"1894982834231922711","Thu Feb 27 05:28:09 +0000 2025","0","Alhamdulilah dan terima kasih untuk 70.678 penonton yang sudah meramaikan PETAKA GUNUNG GEDE di hari ke-21 pemutaran Rabu kemarin. Hingga hari ini 2.590.465 penonton sudah mendoakan Almarhumah Ita. Selama libur panjang ini yuk ramaikan Bioskop nonton PETAKA GUNUNG GEDE https://t.co/b2axAFK5a3","1894982834231922711","https://pbs.twimg.com/media/GkxU2E3XsAALHnR.jpg","","in","","1","0","3","https://x.com/undefined/status/1894982834231922711","71190489",
"1894553696031445346","Thu Feb 27 05:24:12 +0000 2025","1","@MichelAdam717 hmmmmm Grup trio ada yg mau cawe Silauuuu men lihat DANANTARA 15 978 Trilyun turuuunn gunung https://t.co/CKE3RbVFVG","1894981838843810139","https://pbs.twimg.com/media/GkxT8LUaoAABHNd.jpg","MichelAdam717","in","","0","0","0","https://x.com/undefined/status/1894981838843810139","1484472727142486019",
"1894981111807385633","Thu Feb 27 05:21:18 +0000 2025","6","Bisa beli gunung uranium di kawasan Parung ","1894981111807385633","","","in","","0","3","0","https://x.com/undefined/status/1894981111807385633","947632364003368961",
"1894945551369785451","Thu Feb 27 05:21:10 +0000 2025","0","@gamtenwg Aku gak pernah naik gunung kak","1894981075224666323","","gamtenwg","in","","0","0","0","https://x.com/undefined/status/1894981075224666323","233470506",
"1894980819506348160","Thu Feb 27 05:20:09 +0000 2025","0","Rumah kyk kapal pecah Pusing nya mun melihat rumah nih behambur tapasan kyk gunung uhud setrikaan lipatan baju Kyk minta bantuan temen ae nah beresin rumah","1894980819506348160","","","in","","0","0","0","https://x.com/undefined/status/1894980819506348160","341276977",
"1894980728733196515","Thu Feb 27 05:19:47 +0000 2025","0","lu bayangin udah setahun ga napak ke gunung/bukit/alam terus sepatu lu dibuang sm org rumah. MASUK AKAL KAGAAA?","1894980728733196515","","","in","","0","2","0","https://x.com/undefined/status/1894980728733196515","460303195",
"1894980410645598244","Thu Feb 27 05:18:31 +0000 2025","0","ethical consumption sebenar benarnya adalah tinggal di puncak gunung berburu dan meramu minum air mata air dan menanam sayur serta karbohidrat sendiri","1894980410645598244","","","in","","0","0","0","https://x.com/undefined/status/1894980410645598244","1241724614197145600",
"1894980289090462088","Thu Feb 27 05:18:02 +0000 2025","0","Ini pejabat dah kayak mahasiswa akhir yg lagi skripsian. Semua dijabanin kayak jadi content creator mendaki gunung bahkan membelah lautan. Tapi untuk ngerjain skripsi entar dulu deh. Pejabat? Semua job yg ada dilakuin tapi untuk jobdesc dan tupoksinya ntar dulu deh ","1894980289090462088","","","in","","0","0","0","https://x.com/undefined/status/1894980289090462088","371116442",
"1894893437813694775","Thu Feb 27 05:17:46 +0000 2025","0","@panjxat Seindah ini yaa gunung lawu","1894980221914489225","","panjxat","in","","0","1","0","https://x.com/undefined/status/1894980221914489225","2222397253",
"1894980125525189004","Thu Feb 27 05:17:23 +0000 2025","1"," Pengabdian ndas mu! Please deh loe2 org tuh bukan guru honorer yg cuma dibayar ratusan ribu perak utk menjangkau dearah2 terpencil dgn jln kaki melewati gunung lembah dan sungai hanya demi mencerdaskan harapan bangsa! ","1894980125525189004","","","in","","0","0","1","https://x.com/undefined/status/1894980125525189004","1563786903526072320",
"1894979961251078614","Thu Feb 27 05:16:44 +0000 2025","0","Menjelajahi Keindahan Kebun Raya Kuningan: Surga Flora di Kaki Gunung Ciremai #JabarTourism https://t.co/NdcrGMmfhg","1894979961251078614","","","in","","0","0","0","https://x.com/undefined/status/1894979961251078614","1803644287621668864",
"1894979375671714097","Thu Feb 27 05:14:24 +0000 2025","0","Lah gassss nonton Petaka Gunung Gede masih ada kan? Trsvada trailernya H2H jg ?","1894979375671714097","","","in","","0","0","0","https://x.com/undefined/status/1894979375671714097","1340489955311677440",
"1894979221405212706","Thu Feb 27 05:13:48 +0000 2025","0","*Lapas Gunung sitoli Gelar Sosialisasi dan Pemetaan Kamar WBP Jelang Ramadhan* https://t.co/77Tq69wH6f https://t.co/UU6ao46ecX","1894979221405212706","https://pbs.twimg.com/media/GkxRjkQaoAMJ3Sy.jpg","","in","","0","0","0","https://x.com/undefined/status/1894979221405212706","1267322086625689605",
"1894936448572498361","Thu Feb 27 05:12:55 +0000 2025","0","@draftext lokasinya di gunung ini ya","1894978999711080789","","draftext","in","","0","0","0","https://x.com/undefined/status/1894978999711080789","1339544113381691392",
"1894764845192655301","Thu Feb 27 05:12:47 +0000 2025","0","@rakabima_8 @PSSleman aku sakjane malah persig gunung kidul bim","1894978965372313717","","rakabima_8","in","","0","0","0","https://x.com/undefined/status/1894978965372313717","400684658",
"1894978018009038857","Thu Feb 27 05:12:10 +0000 2025","0","@stockmapping Kol 5 masih digas sama mantri bri mas wkwk. Buat capai target tinggal gunung es nya kapan runtuhnya ini","1894978813282656750","","stockmapping","in","","0","1","0","https://x.com/undefined/status/1894978813282656750","1422079920",
"1894970180704575700","Thu Feb 27 04:55:40 +0000 2025","0","@beruangcepu @justfor_FY Gunung yg sangat indah.. Yoko hrs pake 2 tangan nih kyknya NINESTAR GOES DOWN #FayeYokoStay","1894974659323625560","","beruangcepu","in","","0","1","0","https://x.com/undefined/status/1894974659323625560","1885966237773213696",
"1894954430929477861","Thu Feb 27 04:55:14 +0000 2025","0","@Eza028382599313 Gunung kembar mana","1894974549579702581","","Eza028382599313","in","","0","1","0","https://x.com/undefined/status/1894974549579702581","1517841448192069632",
"1894974155474510109","Thu Feb 27 04:53:40 +0000 2025","1","Dari atas gunung area pantai terpantau cerah nih le... gass pantai ... #motorbiking #travel #pantai #BeachLife https://t.co/srhaDny069","1894974155474510109","https://pbs.twimg.com/media/GkxM80fWkAAzdbU.jpg","","in","","0","0","0","https://x.com/undefined/status/1894974155474510109","1643639588467113985",
"1894974091091964165","Thu Feb 27 04:53:24 +0000 2025","0","telo keju sak gunung e https://t.co/5syYgpBTcA","1894974091091964165","https://pbs.twimg.com/ext_tw_video_thumb/1894974041091719168/pu/img/Hk1ffzaMDm-AxPvu.jpg","","in","","0","0","0","https://x.com/undefined/status/1894974091091964165","1319228756918087680",
"1894713637773939092","Thu Feb 27 04:52:48 +0000 2025","0","@mhankumiz ini dia beliau turun gunung","1894973938931015986","","mhankumiz","in","","0","1","0","https://x.com/undefined/status/1894973938931015986","1477811659695554562",
"1894936589496963485","Thu Feb 27 04:52:35 +0000 2025","0","@draftext Jadi penasaran pingin ke gunung Bromo","1894973884514144675","","draftext","in","","0","0","0","https://x.com/undefined/status/1894973884514144675","1298209864720637952",
"1894954430929477861","Thu Feb 27 04:51:27 +0000 2025","0","@purecocoatall Gunung kembar aja boleh ga sih","1894973600769417620","","purecocoatall","in","","0","1","0","https://x.com/undefined/status/1894973600769417620","1715649017802346496",
"1894582876555153449","Thu Feb 27 04:50:54 +0000 2025","0","@Jack71906498 @tanggurniang Kirain sama gunung kembar kan jadi mau","1894973458284716460","","","in","","0","0","0","https://x.com/undefined/status/1894973458284716460","1715649017802346496",
"1894973278575567229","Thu Feb 27 04:50:11 +0000 2025","0","Naik seperti kura kura ke gunung Turun seperti kura kura di lempar dari pesawat. Bilangnya investasi buat balik modal aja setengah mati Ini tentang $MANTA","1894973278575567229","","","in","","0","0","0","https://x.com/undefined/status/1894973278575567229","1588945493438013440",
"1894918629868880131","Thu Feb 27 04:49:55 +0000 2025","0","@Calvsky @stockmapping Jangan bukak Sosmed tapi bukak lah grub gunung kawi biar dompetmu tambah tebal bukan ekspektasi yang tambah tebal","1894973214213972335","","Thespian1313","in","","0","1","0","https://x.com/undefined/status/1894973214213972335","1583082859845234688",
"1894972952187375689","Thu Feb 27 04:48:53 +0000 2025","0","Polres Gunung Kidul Periksa 31 Saksi Kasus Tenggelamnya 4 Siswa SMPN 7 Kota Mojokerto https://t.co/nT02NnXmZM #smp7 #polresgunungkidul #polres #mojokerto #kabarterdepan","1894972952187375689","","","in","","0","0","1","https://x.com/undefined/status/1894972952187375689","283305745",
"1894905443501367689","Thu Feb 27 04:48:30 +0000 2025","0","@grujffy Sejauh ini mood aku naik-naik ke puncak gunung sih kak untungnya gak tinggi-tinggi sekali lalu di kiri kanan saat kulihat saja engga ada pohon Cemaranya. Kalo kakak udah happy?","1894972855101857854","","grujffy","in","","0","1","0","https://x.com/undefined/status/1894972855101857854","834119813844709376",
"1894962574183276738","Thu Feb 27 04:48:20 +0000 2025","0","@linerousz ㅤ Selanjutnya? Gunungnya ada di sana mau tracking memang kita? Merangkul pula pada pundak Sakura agar yang lebih muda tak hilang. Di depan sana jelas terlihat pemandangan cantik gunung Fuji membuat Umemiya memujinya berkali-kali. Cantik- ㅤ","1894972816010944529","","linerousz","in","","0","1","0","https://x.com/undefined/status/1894972816010944529","930101307515400198",
"1894925417900835236","Thu Feb 27 04:48:17 +0000 2025","21","@HerrHeuschrecke @txtdrimedia Seandainya pun dia ada gunung emas pasti dianya berusaha lagi untuk dapet gunung emas lagi gitu terus pola kehidupan orang yang tamak utk dunia sampe mulut nya disumpal pake tanah baru berenti tu orang bersifat tamak/serakah bang","1894972802173935633","","kopitimetask","in","","0","0","1","https://x.com/undefined/status/1894972802173935633","4645731110",
"1894972766534934762","Thu Feb 27 04:48:09 +0000 2025","0","Kegiatan pengurasan saluran air di Jl. Industri Raya RT 13 RW 06 Kel. Gunung Sahari Utara Kec. Sawah Besar @DKIJakarta @BPBDJakarta @BeritaJakarta #PasukanBiru #SiagaTanggapGalang #OperasiSiagaIbuKota #JagaJakarta #JAKI #SuksesJakartauntukIndonesia https://t.co/oE4MGJzkZw","1894972766534934762","https://pbs.twimg.com/media/GkxLkUnaoAIxD-i.jpg","","in","","0","0","0","https://x.com/undefined/status/1894972766534934762","2967790440",
"1894741212441231466","Thu Feb 27 04:44:38 +0000 2025","0","@BforBAM @Dandhy_Laksono @prabowo Nnt ditutupi kss receh: anak sekolah keracunan sekolah ambruk perang takjil tabrakan di jalan tol longsor banjir bandang gunung meletus dll","1894971881515819071","","BforBAM","in","","0","1","0","https://x.com/undefined/status/1894971881515819071","1606916636837318660",
"1894960478117601517","Thu Feb 27 04:43:00 +0000 2025","0","@rascalman_ iku tandane kmu wes ditunggu sama pawang gunung","1894971473087078464","","yangbgituindah","in","","0","1","0","https://x.com/undefined/status/1894971473087078464","1882734515099197440",
"1698882720473182429","Thu Feb 27 04:39:56 +0000 2025","0","@adveniashelphi Wih wih wih aku lagi seneng2 nya ama gunung juga. Jadi cari² kata kunci gunung di Twitter terus liat ini. Btw kakaknya udh pernah naik kah slm ini? Semoga tercapai ya","1894970701607850254","","adveniashelphi","in","","0","1","0","https://x.com/undefined/status/1894970701607850254","1525672649049133058",
"1894770020783407432","Thu Feb 27 04:39:31 +0000 2025","0","@elariens Kenapa kok gak mau di Gunung Kidul?","1894970595638681634","","elariens","in","","0","1","0","https://x.com/undefined/status/1894970595638681634","2776644936",
"1894944818729755106","Thu Feb 27 04:35:48 +0000 2025","0","@bgasprmdya Aku gak pernah naik gunung","1894969660170477936","","penaikhwan","in","","0","0","0","https://x.com/undefined/status/1894969660170477936","1189069552220422144",
"1894940260641185964","Thu Feb 27 04:35:06 +0000 2025","0","@_siscasaras_ Aku 25 tahun 2 tahun lalu enaknya makan soto ayam sambal kecap di atas gunung","1894969483812614536","","_siscasaras_","in","","0","0","0","https://x.com/undefined/status/1894969483812614536","1603060863123890178",
"1894969378795622818","Thu Feb 27 04:34:42 +0000 2025","0","11.33 WIB #Tol_Jagorawi HATI-HATI di Gunung Putri KM 22 arah Bogor ada penanganan kendaraan Colt Diesel gangguan patah as roda di lajur bahu luar/kiri.","1894969381551251914","","PTJASAMARGA","in","","0","0","0","https://x.com/undefined/status/1894969381551251914","540625251",
"1894969378795622818","Thu Feb 27 04:34:41 +0000 2025","0","11.33 WIB #Tol_Jagorawi Cimanggis KM 19 - Gunung Putri KM 22 PADAT kepadatan volume lalin. ; Cililitan KM 02 - Cawang KM 00 PADAT kepadatan volume lalin.","1894969378795622818","","","in","","0","1","0","https://x.com/undefined/status/1894969378795622818","540625251",
"1894965770456834259","Thu Feb 27 04:33:56 +0000 2025","0","@starraied gunung slamet mau?","1894969189477322822","","starraied","in","","0","1","0","https://x.com/undefined/status/1894969189477322822","1888074720794525699",
"1894967924617814279","Thu Feb 27 04:33:39 +0000 2025","0","@turudq ngerays kau bang temenku juga punya gunung faucet ini orangnya @iniheksa","1894969117138133180","","turudq","in","","0","0","0","https://x.com/undefined/status/1894969117138133180","48671028",
"1894899966738587841","Thu Feb 27 04:31:47 +0000 2025","0","@loepastigatau Sebesar gunung karang","1894968650144325859","","absurdrofficial","in","","0","0","0","https://x.com/undefined/status/1894968650144325859","1282705288466845696",
"1894945551369785451","Thu Feb 27 04:28:44 +0000 2025","0","@gamtenwg wkwk real pertemanan kalo lg naik gunung","1894967882880295426","","gamtenwg","in","","0","0","0","https://x.com/undefined/status/1894967882880295426","1095314552424607744",
"1894967688956637649","Thu Feb 27 04:27:58 +0000 2025","0","tp beneran kl ada yg ngajak gue ngedate MENDAKI GUNUNG beneran mau gue kata2in si ️","1894967688956637649","","","in","","0","0","0","https://x.com/undefined/status/1894967688956637649","1611055289201225734",
"1894967629305258245","Thu Feb 27 04:27:44 +0000 2025","0","Berhubung sekarang tinggal di udik.. ya mau ga mau pake bbm kang eceran yg doi beli di plat merah.. emang rada beda dr bau dan tenaganya. So far ke mesin msh aman wlw sering disiksa naik n turun gunung.","1894967629305258245","","","in","","0","0","0","https://x.com/undefined/status/1894967629305258245","1309863244522074114",
"1894967425688649972","Thu Feb 27 04:26:55 +0000 2025","0","Gk kebayang nanti sehabis lebaran serangan kepada pemerintah seperti apa oposisi yg lain klo turun gunung sehabis lebaran gimana cara menghadapi serangannya. ","1894967425688649972","","","in","","0","0","0","https://x.com/undefined/status/1894967425688649972","1594274770568482816",
"1894893437813694775","Thu Feb 27 04:26:45 +0000 2025","0","@panjxat Pengen naik ke gunung Lawu","1894967380889214991","","panjxat","in","","0","0","0","https://x.com/undefined/status/1894967380889214991","1168767015009452032",
"1894967335397789777","Thu Feb 27 04:26:40 +0000 2025","1","Ada arc yg sangat sangatt resonates with me dari anime ini. Yaitu Arc Gunung Fuji dimana Aoi meratapi kegagalannya dlm mendaki ilang rasa sama mendaki begitu ngerasain banyak 'nggak enak'-nya pdhl selama ini dia selalu excited buat meraih puncak tertinggi di Jepang. https://t.co/M6V2O9gSJw","1894967362019115301","https://pbs.twimg.com/media/GkxGw8saoAQvHaM.jpg","simeteran","in","","0","1","0","https://x.com/undefined/status/1894967362019115301","1606222610597302272",
"1894893437813694775","Thu Feb 27 04:26:17 +0000 2025","0","@panjxat Belok pernah daki gunung w","1894967265998835790","","panjxat","in","","0","0","0","https://x.com/undefined/status/1894967265998835790","1061087853399105538",
"1894949285848064513","Thu Feb 27 04:26:15 +0000 2025","20","@id_lgk Orang ini ibarat gunung diatas bumi https://t.co/9bCWFsbyQP","1894967258801414202","https://pbs.twimg.com/media/GkxGrI_aoAMHtGA.jpg","id_lgk","in","","0","0","0","https://x.com/undefined/status/1894967258801414202","1779824206911504384",
"1894964884854710629","Thu Feb 27 04:25:06 +0000 2025","0","@kchooya @turtlerbt @officialBLISSOO mending ke daerah gue aja semua ada gunung bukit danau air terjun pantai ","1894966968261976324","","","in","","0","1","0","https://x.com/undefined/status/1894966968261976324","1615154782880268290",
"1894965770456834259","Thu Feb 27 04:23:46 +0000 2025","0","@ectraourdinary mamah mau naik gunung","1894966630066856354","","ectraourdinary","in","","0","1","0","https://x.com/undefined/status/1894966630066856354","1400131214296588290",
"1894965824412418465","Thu Feb 27 04:20:33 +0000 2025","7","Kecewa situasi dalam negeri sekelompok pemuda nekat mendaki gunung Lawu mencari tombol factory reset negaranya yang konon ditulis di dokumen kuno. Dalam perjalannya banyak menemui petualangan; menyadarkan bahwa factory reset tidak ada &amp; merekalah yg harus merubah negaranya","1894965824412418465","","","in","","0","1","0","https://x.com/undefined/status/1894965824412418465","1727958996567347200",
"1894922242133553314","Thu Feb 27 04:18:52 +0000 2025","0","@syabanitea aku hbis bertapa ke gunung semeru plz ","1894965399302873108","","syabanitea","in","","0","1","0","https://x.com/undefined/status/1894965399302873108","1151428632608301056",
"1894925500499534038","Thu Feb 27 04:18:26 +0000 2025","0","@lizttles aku hbis bertama ke gunung semeru kk ","1894965288631968136","","lizttles","in","","0","0","0","https://x.com/undefined/status/1894965288631968136","1151428632608301056",
"1894955842333745479","Thu Feb 27 04:16:58 +0000 2025","0","@adhi_adhrian91 Kemarin tapa di gunung ","1894964922733539559","","panggil_ajaAdhi","in","","0","0","0","https://x.com/undefined/status/1894964922733539559","1425848036236808192",
"1894960478117601517","Thu Feb 27 04:15:42 +0000 2025","0","@rascalman_ Jangan nostalgia kapan hari kita munggah gunung tapi bedoe dirimu tak tinggal disekan","1894964601504309358","","yangbgituindah","in","","0","1","0","https://x.com/undefined/status/1894964601504309358","1409464176859238403",
"1894964512807346253","Thu Feb 27 04:15:21 +0000 2025","5","Berburu air suci di lereng gunung merapi eh bukan Air terjun mini bukit klangon https://t.co/STzeeLDtJh","1894964512807346253","https://pbs.twimg.com/media/GkxELEMbkAAfp4b.jpg","","in","","0","2","0","https://x.com/undefined/status/1894964512807346253","1517640815816081409",
"1894960478117601517","Thu Feb 27 04:14:24 +0000 2025","0","@fikrifingkreww Ya ketemu gunung dong. Pakai nanya","1894964274847682807","","fikrifingkreww","in","","0","1","0","https://x.com/undefined/status/1894964274847682807","1551217401848823809",
"1894964261216231760","Thu Feb 27 04:14:21 +0000 2025","1","Siap-siap! Jawa Tengah punya segudang event sport tourism seru yang sayang untuk dilewatkan. Rasakan sensasi berolahraga melintasi megahnya Candi Borobudur eksotisnya gunung Lawu hingga cantiknya alam Dieng. Catat tanggalnya dan jangan sampai ketinggalan! https://t.co/rT0dnGmWIV","1894964261216231760","https://pbs.twimg.com/media/GkxD8VyW8AA-05x.jpg","","in","","0","0","1","https://x.com/undefined/status/1894964261216231760","403987850",
"1887434646461554983","Thu Feb 27 04:13:41 +0000 2025","0"," Film Baru Kamis 27/2 Tayang : 1. Samawa 🆕 2. Pernikahan Arwah 🆕 3. Jagal Teluh 🆕 4. Iblis dalam Kandungan 2 🆕 5. Anak Kunti 6. Rumah Teteh 7. Cinta Tak Pernah Tepat Waktu 8. Petaka Gunung Gede 9. Perayaan Mati Rasa 10. 1 Kakak 7 Ponakan Film keluar &gt;&gt; #Semarang","1894964092743643168","","Kofindo","in","","0","1","3","https://x.com/undefined/status/1894964092743643168","551700617",
"1894930045476708746","Thu Feb 27 04:13:06 +0000 2025","1","@Listy9021 Jd gmn neh. . .turun atau naik gunung neh?","1894963948291494174","","Listy9021","in","","0","1","0","https://x.com/undefined/status/1894963948291494174","94587308",
"1894963597094289537","Thu Feb 27 04:11:42 +0000 2025","0","Viral Gunung Menyerupai Anak Anjing di China https://t.co/CjPGQEq4nc","1894963597094289537","","","in","","0","0","0","https://x.com/undefined/status/1894963597094289537","240113510",
"1894962929105240147","Thu Feb 27 04:09:03 +0000 2025","0","h+1 wisuda kaki masih pegel udh diajak naik gunung","1894962929105240147","","","in","","0","0","0","https://x.com/undefined/status/1894962929105240147","1140459816533368832",
"1894962724049944842","Thu Feb 27 04:08:14 +0000 2025","0","Kek udah ga sanggup gambar gunung sm batu aku cuma mau gambar wajah perempuan atau lelaki cantik tanpa background!!!!","1894962724049944842","","","in","","0","1","0","https://x.com/undefined/status/1894962724049944842","1234391411455213568",
"1894962693582528627","Thu Feb 27 04:08:08 +0000 2025","0","11.07 WIB #Tol_Jagorawi HATI-HATI di Gunung Putri KM 22 arah Bogor ada penanganan kendaraan Colt Diesel gangguan patah as roda di lajur bahu luar/kiri.","1894962696115888308","","PTJASAMARGA","in","","0","0","0","https://x.com/undefined/status/1894962696115888308","540625251",
"1894962693582528627","Thu Feb 27 04:08:07 +0000 2025","0","11.07 WIB #Tol_Jagorawi Cimanggis KM 19 - Gunung Putri KM 22 PADAT kepadatan volume lalin. ; Cililitan KM 02 - Cawang KM 00 PADAT kepadatan volume lalin.","1894962693582528627","","","in","","0","1","0","https://x.com/undefined/status/1894962693582528627","540625251",
"1894962574183276738","Thu Feb 27 04:07:39 +0000 2025","0","⠀⠀⠀⠀⠀⠀⠀⠀⠀ ide siapa pula jalan-jalan menuju gunung fuji begitu mendadak? benar @bofwurin. sakura agaknya terlalu berpaku pada tugas patrolinya hari-hari hingga lupa nikmati hidup sendiri ... nn terus sekarang kemana? ⠀⠀⠀⠀⠀⠀⠀⠀⠀ https://t.co/coDWK1cE3y","1894962574183276738","https://pbs.twimg.com/media/GkxCa2AbUAArxGK.jpg","","in","","2","1","0","https://x.com/undefined/status/1894962574183276738","1695025946112430080",
"1894962404607533205","Thu Feb 27 04:06:58 +0000 2025","8","Satsamapta Polres Situbondo Polda Jatim merespon laporan masyarakat terkait viralnya video yang dinarasikan adanya perjudian Cap Jie Kie di eks Lokalisasi Gunung Sampan Desa Kotakan Situbondo. https://t.co/nMn8MDGKu0","1894962404607533205","https://pbs.twimg.com/ext_tw_video_thumb/1894962330003210241/pu/img/hy3dvNOoGz5W4SgM.jpg","","in","","17","0","2","https://x.com/undefined/status/1894962404607533205","218735896",
"1894961985491738813","Thu Feb 27 04:05:18 +0000 2025","0","SAMPAI TUTUP MUKA Apa momen dari PETAKA GUNUNG GEDE yang bikin kamu merinding? Isi hari liburmu dengan mengajak sahabatmu nonton PETAKA GUNUNG GEDE sedang tayang di Bioskop ️ #PetakaGunungGede #FilmPetakaGunungGede https://t.co/7G833GvmiH","1894961985491738813","https://pbs.twimg.com/ext_tw_video_thumb/1894961268068646912/pu/img/B6WOKzd4Y4I3dc8C.jpg","","in","","0","0","0","https://x.com/undefined/status/1894961985491738813","71190489",
"1894620935107359218","Thu Feb 27 04:03:14 +0000 2025","0","@zeyuian @fessthaii aku di deket gunung budeg situ wkwk","1894961464404021528","","zeyuian","in","","0","1","0","https://x.com/undefined/status/1894961464404021528","1765586143930912768",
"1894955116824002696","Thu Feb 27 04:02:58 +0000 2025","1","@piinkvy iyaa memang. nata kan anaknya lowkey lowkey gitu. tp klo udah turun gunung gini makin bikin gila VIVOV50 X JOONGDUNK #vivoV50 #จุงดังถ่ายที่รักอย่างโปร","1894961399484588482","","piinkvy","in","","0","0","1","https://x.com/undefined/status/1894961399484588482","1014899118165000192",
"1894960721785454840","Thu Feb 27 04:00:17 +0000 2025","0","#Earthquake (#terramoto) M3.1 strikes 103 km NE of Gunung Dilarini (#Timor-Leste) 9 min ago. More info: https://t.co/8OEXxqqEIw","1894960721785454840","","","in","","0","0","0","https://x.com/undefined/status/1894960721785454840","2449645080",
"1894960649350062457","Thu Feb 27 04:00:00 +0000 2025","0","Travel Fun Jeep Ride Inside Indonesia Gunung Sindoro | Nikon Z8 | 7Artisans 35mm lens #gunungsindoro #nikonz8 https://t.co/hSrdNCzwrb","1894960649350062457","","","in","","0","0","0","https://x.com/undefined/status/1894960649350062457","227197346",
"1894960478117601517","Thu Feb 27 03:59:19 +0000 2025","0","Mambengi aku ngimpi munggah gunung dewean dan iku pas malam hari","1894960478117601517","","","in","","0","4","0","https://x.com/undefined/status/1894960478117601517","1551217401848823809",
"1894958186660053263","Thu Feb 27 03:58:05 +0000 2025","0","@tanyakanrl Tinggal lurus aja lah anjir! Pake pedoman Demi cinta gunung kan ku daki lautan kan ku sebrangi dan gurun akan ku lewati ","1894960166757622217","","tanyakanrl","in","","0","0","0","https://x.com/undefined/status/1894960166757622217","1649493161092481024",
"1894954146853527946","Thu Feb 27 03:34:09 +0000 2025","1","Jabal qaf itu gunung gaib di alam dimensi suci yg di huni Para malaikat ruh suci jg ada Nabi &amp; manusia lampau umatnya Nabi Musa itu kata kabar di hadst @anandasaja","1894954146853527946","","","in","","0","0","0","https://x.com/undefined/status/1894954146853527946","366549945",
"1894925372497756363","Thu Feb 27 03:34:06 +0000 2025","0","@Mdy_Asmara1701 Pingin tau wujudnya duit 980 T kalau di koinkan haqul yakin pasti kyk gunung kratau","1894954131858854045","","Mdy_Asmara1701","in","","0","0","0","https://x.com/undefined/status/1894954131858854045","1798108609345372160",
"1894953445448393160","Thu Feb 27 03:31:23 +0000 2025","0","10.30 WIB #Tol_Jagorawi HATI-HATI di Gunung Putri KM 22 arah Bogor ada penanganan kendaraan Colt Diesel gangguan patah as roda di lajur bahu luar/kiri.","1894953447595876388","","PTJASAMARGA","in","","0","0","0","https://x.com/undefined/status/1894953447595876388","540625251",
"1894953445448393160","Thu Feb 27 03:31:22 +0000 2025","0","10.30 WIB #Tol_Jagorawi Cimanggis KM 19 - Gunung Putri KM 22 PADAT kepadatan volume lalin. ; Cililitan KM 01 - Cawang KM 00 PADAT kepadatan volume lalin.","1894953445448393160","","","in","","0","1","0","https://x.com/undefined/status/1894953445448393160","540625251",
"1894952531580854536","Thu Feb 27 03:27:44 +0000 2025","0","my mum kept complaining mau ngopi pinggir sawah akhirnya diajak keluar papi: ngga usah sawah iki sak gunung e","1894952531580854536","","","in","","0","0","0","https://x.com/undefined/status/1894952531580854536","862954582762078208",
"1894945564187598957","Thu Feb 27 03:26:42 +0000 2025","0","@str4wbri1 kayak abis naik gunung","1894952271022301242","","str4wbri1","in","","0","0","0","https://x.com/undefined/status/1894952271022301242","2963560087",
"1894952109302522328","Thu Feb 27 03:26:04 +0000 2025","0","Jangan2 token listrik dan gate tol dikorupsi juga nih @erickthohir @KPK_RI yuk audit lah wkwkwkwkkw Kacau ini duit receh yg dikumpulin jadi gunung :))","1894952109302522328","","","in","","0","0","0","https://x.com/undefined/status/1894952109302522328","3008634528",
"1894725915307032921","Thu Feb 27 03:24:54 +0000 2025","0","@Seungkwyn Gue mau yang aries karena gue adalah domba gunung.","1894951819409007005","","Seungkwyn","in","","0","0","0","https://x.com/undefined/status/1894951819409007005","2230434494",
"1894951663817105800","Thu Feb 27 03:24:17 +0000 2025","0","pengen naik gunung lagi dah ini apa gaada info abis lebaran","1894951663817105800","","","in","","0","0","0","https://x.com/undefined/status/1894951663817105800","1793884529457012736",
"1894945551369785451","Thu Feb 27 03:23:42 +0000 2025","0","@gamtenwg harus ngerti yahhh makany jangan adal naik gunung","1894951517553340495","","gamtenwg","in","","0","0","0","https://x.com/undefined/status/1894951517553340495","2244925596",
"1894951274346619137","Thu Feb 27 03:22:46 +0000 2025","0","Bisa kebayang nggak? Sebelum ada bandara ini warga harus jalan kaki dua hari lewat gunung tebing dan sungai buat sampai ke kampung terdekat atau Timika!","1894951281443405927","","KangOmong","in","","0","1","0","https://x.com/undefined/status/1894951281443405927","1361159131097300995",
"1894950161933312202","Thu Feb 27 03:18:19 +0000 2025","0","Gunung Semeru di Kabupaten Lumajang Jawa Timur kembali mengalami erupsi pada Kamis (27/2/2025) pagi. ~SA #GunungSemeru #ErupsiGunung https://t.co/7gACT9KGmk","1894950161933312202","","","in","","0","0","0","https://x.com/undefined/status/1894950161933312202","23343960",
"1894890117040611466","Thu Feb 27 03:16:41 +0000 2025","0","@cufrdy mending ke gunung kalo aku kak","1894949748584644834","","cufrdy","in","","0","0","0","https://x.com/undefined/status/1894949748584644834","2733635701",
"1894949387945812196","Thu Feb 27 03:15:15 +0000 2025","1","Kenapa ya ini lucu banget bayangin ndut gelinding dari atas gunung sampe bawah makan jagung bakar wkwkwkwkwkwkwkwkwkwkk","1894949387945812196","","","in","","0","0","1","https://x.com/undefined/status/1894949387945812196","1160749878579871745",
"1894762943876854107","Thu Feb 27 03:14:38 +0000 2025","0","@kegblgnunfaedh Ngomong OPO kue berapa % orang mau dengar dan percaya tunggu saja dicetrust itu mencair seperti gunung salju...sekarang anda boleh berpikir bagaimna nantinya.","1894949235038265453","","kegblgnunfaedh","in","","0","0","0","https://x.com/undefined/status/1894949235038265453","1510131291525902337",
"1894890117040611466","Thu Feb 27 03:13:08 +0000 2025","0","@cufrdy aku si ke gunung","1894948858398155206","","cufrdy","in","","0","0","0","https://x.com/undefined/status/1894948858398155206","1424554010",
"1894890117040611466","Thu Feb 27 03:11:01 +0000 2025","0","@cufrdy Ke Gunung sih adem","1894948325360836872","","cufrdy","in","","0","0","0","https://x.com/undefined/status/1894948325360836872","1738775768711512064",
"1894948063371993486","Thu Feb 27 03:09:59 +0000 2025","0","Giat Pemantapan Program Perkarangan Pangan Bergizi Program Pemantapan Lahan Produktif dan Program Pengawasan Distribusi di Kp.Buyut Udij Kecamatan Gunung Sugih Kab.Lampung Tengah Petugas (Kanit Binmas Bripka Nurman Agung). Kamis (27/2/2025) #swasembadapangan #ketahananpangan https://t.co/GyBlDtPiBS","1894948063371993486","https://pbs.twimg.com/media/Gkw1OBGXUAE_TWT.jpg","","in","","0","0","0","https://x.com/undefined/status/1894948063371993486","1269125579841798146",
"1894890117040611466","Thu Feb 27 03:07:47 +0000 2025","0","@a_otama gunung apa yg ga curam kak?","1894947510977994831","","a_otama","in","","0","0","0","https://x.com/undefined/status/1894947510977994831","768328967015149568",
"1894890117040611466","Thu Feb 27 03:07:23 +0000 2025","0","@dimsumgemoy hihi kalo gunung capekk dakinga","1894947409102528966","","dimsumgemoy","in","","0","0","0","https://x.com/undefined/status/1894947409102528966","768328967015149568",
"1894947249911931088","Thu Feb 27 03:06:45 +0000 2025","0","5 Gunung di Indonesia dengan Kawah Fenomenal Pesonanya Unreal! https://t.co/3vK9kBsS4K","1894947249911931088","","","in","","0","0","0","https://x.com/undefined/status/1894947249911931088","1616331769376276480",
"1894713342197170593","Thu Feb 27 03:06:41 +0000 2025","0","@altbumi Jujur aja suamiku tipe yg gengsinya segede gunung (agak fatherless nampaknya) jarang banget dia mau minta maaf jadi itu masih pr juga buat dia wkwk. Tapi kalo soal beli2 materi atau buku2 dia support sih. Jadi aku yg lbh sering jadi penghubung ke anak2 dan pengingat.","1894947235164758200","","altbumi","in","","0","1","0","https://x.com/undefined/status/1894947235164758200","1137300652655202304",
"1894946656917037546","Thu Feb 27 03:04:24 +0000 2025","0","️PERHATIAN️ Tim Starvision menghimbau untuk Stop rekam layar dan menyebar adegan film PETAKA GUNUNG GEDE saat nonton di Bioskop! Buat kamu yang melihat orang yang sedang merekam di Bioskop tolong diingatkan ya. Mari menghargai hasil karya dari kami untuk kamu ️ https://t.co/K6IHe8VSCq","1894946656917037546","https://pbs.twimg.com/media/Gkwz1tIaoAEongo.jpg","","in","","0","0","0","https://x.com/undefined/status/1894946656917037546","71190489",
"1894946536171413933","Thu Feb 27 03:03:55 +0000 2025","0","abang gue sibuk mencari uang untuk beli tiket bola yg vip kayanya sibuk mencari uang untuk bayar wisuda sibuk mencari uang untuk beli perlengkapan naik gunung. agak nya seperti itu satu lg sibuk mencari uang untuk beli beras dirumah","1894946536171413933","","","in","","0","0","0","https://x.com/undefined/status/1894946536171413933","1510892032612769792",
"1894946176266576141","Thu Feb 27 03:02:30 +0000 2025","0","10.00 WIB #Tol_Jagorawi HATI-HATI di Gunung Putri KM 22 arah Bogor ada penanganan kendaraan Colt Diesel gangguan patah as roda di lajur bahu luar/kiri.","1894946179626213808","","PTJASAMARGA","in","","0","0","0","https://x.com/undefined/status/1894946179626213808","540625251",
"1894946176266576141","Thu Feb 27 03:02:29 +0000 2025","0","10.00 WIB #Tol_Jagorawi Cimanggis KM 19 - Gunung Putri KM 22 PADAT kepadatan volume lalin. ; Cililitan KM 01 - Cawang KM 00 PADAT kepadatan volume lalin.","1894946176266576141","","","in","","0","1","0","https://x.com/undefined/status/1894946176266576141","540625251",
"1894945808015073764","Thu Feb 27 03:01:01 +0000 2025","0","muka capeks karna belom ketemu gunung 2 bulan https://t.co/9GkAF3XgIN","1894945808015073764","https://pbs.twimg.com/media/GkwzK4TaIAAbi_Y.jpg","","in","","0","1","0","https://x.com/undefined/status/1894945808015073764","289223592",
"1894762943876854107","Thu Feb 27 03:00:57 +0000 2025","0","@kegblgnunfaedh lebih percaya firdaus punya gunung parung isi uranium","1894945789300080691","","kegblgnunfaedh","in","","0","0","0","https://x.com/undefined/status/1894945789300080691","88104543",
"1894940260641185964","Thu Feb 27 03:00:17 +0000 2025","1","@_siscasaras_ naik gunung....","1894945623948042740","","_siscasaras_","in","","0","0","0","https://x.com/undefined/status/1894945623948042740","289223592",
"1894945551369785451","Thu Feb 27 03:00:00 +0000 2025","179","naik gunung bareng temen = ujian pertemanan sesungguhnya di situ keliatan mana yang sabar egois atau tiba-tiba ilang pas lo butuh bantuan https://t.co/dBfHZumiqm","1894945551369785451","https://pbs.twimg.com/ext_tw_video_thumb/1894811599002836994/pu/img/yVjhDXZbQa-Klbpn.jpg","","in","","0","190","45","https://x.com/undefined/status/1894945551369785451","2503292299",
"1894926594491416715","Thu Feb 27 02:58:12 +0000 2025","0","@driverJIWOONG paus di atas gunung kh","1894945098678575603","","dilanhogs","in","","0","0","0","https://x.com/undefined/status/1894945098678575603","1086484069267849216",
"1894927991089832251","Thu Feb 27 02:55:13 +0000 2025","25","@irnspektur Iyaa mentang² kita fandom umkm gak tau aja mereka kalau kita udah bersatu bisa meruntuhkan gunung everest","1894944346816028707","","irnspektur","in","","0","0","0","https://x.com/undefined/status/1894944346816028707","1469252282961129474",
"1894943331895202069","Thu Feb 27 02:51:11 +0000 2025","0","tadi pagi mimpi staycation di kaki gunung buka jendela balkon langsung pohon semua ️️","1894943331895202069","","","in","","0","1","0","https://x.com/undefined/status/1894943331895202069","1163764088435929088",
"1894753428506804494","Thu Feb 27 02:50:05 +0000 2025","2","@Daniel7iao Apalagi di deket gunung tempat touring~ https://t.co/yEfy5w4k45","1894943054647448030","https://pbs.twimg.com/media/GkwwivHa0AAq8S2.jpg","Daniel7iao","in","","0","1","0","https://x.com/undefined/status/1894943054647448030","33437112",
"1894936180002836576","Thu Feb 27 02:49:17 +0000 2025","0","@rzkidss Tunggu aku turun gunung ya ndannn","1894942854679797883","","rozakids","in","","0","0","0","https://x.com/undefined/status/1894942854679797883","1189979362310807552",
"1894942557643383077","Thu Feb 27 02:48:06 +0000 2025","0","Kopi beginian cuma puncak gunung es nya aja masalah besarnya jelas lifestyle. Maksud gw kalo perihal minum kopi aja harus yang harga 20ribuan gimana konsumsi yang lain. Sebagai perbandingan orang zaman dulu ngopinya kopi sachet biasanya konsumsi yang lain pun lebih irit.","1894942557643383077","","","in","","0","1","0","https://x.com/undefined/status/1894942557643383077","265191924",
"1894942507710193994","Thu Feb 27 02:47:54 +0000 2025","6","Ketua Komisi IV DPR RI kunjungi petetnakan pembibitan ayam di Gunung Sindur Bogor. #SobatTernak #sobatveteriner #bbvetwates #DitjenPKH #KementanRI #proudbbvetwates https://t.co/yzMbOFz0eL","1894942507710193994","https://pbs.twimg.com/ext_tw_video_thumb/1894942327421972480/pu/img/Il5ylyqNi5SDWZli.jpg","","in","","0","0","0","https://x.com/undefined/status/1894942507710193994","937577027225272320",
"1894942270706921564","Thu Feb 27 02:46:58 +0000 2025","0","seungseok bjir... satu baraaakk TAPI BLM ADA FOTO BSAMA?? mending gunung aja anjir dunia ini..","1894942270706921564","","","in","","0","0","0","https://x.com/undefined/status/1894942270706921564","804527566082097152",
"1894912861169951037","Thu Feb 27 02:45:50 +0000 2025","0","@anggaandinata Saat nya turun gunung","1894941988077871194","","anggaandinata","in","","0","0","0","https://x.com/undefined/status/1894941988077871194","1452279401190674447",
"1894603393282576522","Thu Feb 27 02:43:56 +0000 2025","0","@alongaiel Naik gunung sajalah...","1894941509725888719","","alongaiel","in","","0","0","0","https://x.com/undefined/status/1894941509725888719","59387305",
"1894931489768513579","Thu Feb 27 02:04:07 +0000 2025","0","gunpat mode gunung kipas ngga nyala tetep selimutan","1894931489768513579","","","in","","0","0","0","https://x.com/undefined/status/1894931489768513579","1547447485962289152",
"1894930521454682458","Thu Feb 27 02:01:27 +0000 2025","0","@cowobangkit Nyuhunkeun we ka firdaus om. Da gaduh seueur gunung na ge ceunah.","1894930817383833836","","cowobangkit","in","","0","1","0","https://x.com/undefined/status/1894930817383833836","855799278727438339",
"1894890117040611466","Thu Feb 27 02:01:17 +0000 2025","0","@cufrdy gak pernah ke gunung jadi aku pilih pantai aja","1894930774706790862","","cufrdy","in","","0","1","0","https://x.com/undefined/status/1894930774706790862","1722934100959641600",
"1894930612940873814","Thu Feb 27 02:00:38 +0000 2025","0","09.00 WIB #Tol_Jagorawi Cimanggis KM 18 - Gunung Putri KM 22 arah Bogor PADAT ada kendaraan Colt Diesel gangguan patah as roda di lajur 1/kiri. DIAMANKAN petugas ke lajur darurat.","1894930612940873814","","","in","","0","1","0","https://x.com/undefined/status/1894930612940873814","540625251",
"1894930521454682458","Thu Feb 27 02:00:17 +0000 2025","0","Pengen beli gunung.","1894930521454682458","","","in","","0","2","0","https://x.com/undefined/status/1894930521454682458","1455859868770791437",
"1894928784769589562","Thu Feb 27 01:53:23 +0000 2025","0","OPEN CATERING SAHUR Rungkut - Gunung Anyar (UPNVJT) - all menu 12k include nasi sayur dan lauk - bisa makan ditempat dan antar +5k - menu bisa request!!!! - free bangunin sahur Yang minat bisa join grupnya untuk menunya ya! https://t.co/Axlq7lRnxu","1894928784769589562","","","in","","1","2","1","https://x.com/undefined/status/1894928784769589562","2721170154",
"1894755473490063634","Thu Feb 27 01:51:15 +0000 2025","0","@trwify kl kamu naik gunung pasti keliatan","1894928251086348339","","trwify","in","","0","0","0","https://x.com/undefined/status/1894928251086348339","1862018073123020801",
"1894582876555153449","Thu Feb 27 01:50:58 +0000 2025","0","@Jack71906498 @tanggurniang Lempar batu sembunyi gunung ini mah","1894928178269081657","","","in","","0","1","0","https://x.com/undefined/status/1894928178269081657","1715649017802346496",
"1894927904586506274","Thu Feb 27 01:49:53 +0000 2025","0","Pendaki Ilegal Gunung Semeru Diblacklist dan Wajib Tanam 20 Pohon https://t.co/Gehl3tWT6e","1894927904586506274","","","in","","0","0","0","https://x.com/undefined/status/1894927904586506274","1167982392935514115",
"1894890117040611466","Thu Feb 27 01:48:27 +0000 2025","0","@cufrdy Aku suka pantai kalau gunung capek ih harus nanjak","1894927546254532786","","cufrdy","in","","0","0","0","https://x.com/undefined/status/1894927546254532786","1508872587635728385",
"1894544196888838393","Thu Feb 27 01:45:20 +0000 2025","3","@lhambohsopo @jogjamfs Luar kota nggak sih itu? Maksudnya tuh bukan yang kota Yogyakarta. Soalnya pernah liat yang Mobil tapi pas di Gunung Kidul kalo nggak salah.","1894926759742841155","","lhambohsopo","in","","0","1","0","https://x.com/undefined/status/1894926759742841155","536024858",
"1894924170816790628","Thu Feb 27 01:39:02 +0000 2025","0","@18fesss Cari FWB benar2 makna FWB yang sebenarnya ya bukan lonthay mendaki gunung berpetualang bermusik ngobrol sama saudara main twiter baca2 drama &amp; komentar di twiter ke gereja dll walaupun kadang malam suka kesepian sih wkwk","1894925175961067971","","18fesss","in","","0","0","0","https://x.com/undefined/status/1894925175961067971","1803423873809137664",
"1894782887301439614","Thu Feb 27 01:37:48 +0000 2025","0","@BASEMANLY backpacking sounds great suka naik gunung ga?","1894924865976852803","","BASEMANLY","tl","","0","0","0","https://x.com/undefined/status/1894924865976852803","1875821359026335744",
"1894923984254443677","Thu Feb 27 01:34:18 +0000 2025","0","Aslinya gunung di jauh sana itu bagus banget https://t.co/ZoMnz8OQj8","1894923984254443677","https://pbs.twimg.com/media/GkwfT6eXMAAuwnF.jpg","","in","","0","0","0","https://x.com/undefined/status/1894923984254443677","1484188584282587141",
"1894923014669770853","Thu Feb 27 01:30:27 +0000 2025","0","08.30 WIB #Tol_Jagorawi Cimanggis KM 17 - Gunung Putri KM 22 arah Bogor PADAT ada kendaraan Colt Diesel gangguan patah as roda di lajur 1/kiri. DIAMANKAN petugas ke lajur darurat.","1894923014669770853","","","in","","0","1","0","https://x.com/undefined/status/1894923014669770853","540625251",
"1894922902727967030","Thu Feb 27 01:30:00 +0000 2025","1","Cerita Della Dartyan yang sering menemukan banyak sampah di gunung hingga laut. https://t.co/rNE0cYFWWz","1894922902727967030","","","in","","0","0","0","https://x.com/undefined/status/1894922902727967030","48890883",
"1894889208013300211","Thu Feb 27 01:28:49 +0000 2025","2","@pakaipeci Kami lebih percaya omongan Firdaus Oibowo yang punya gunung di Parung daripada omongan Bahlil ini...","1894922606408802762","","pakaipeci","in","","0","2","0","https://x.com/undefined/status/1894922606408802762","72814853",
"1894921662560391671","Thu Feb 27 01:25:04 +0000 2025","1","08.25 #LalinSonora Tol Jagorawi arah Bogor PADAt di Cimanggis sd Gunung Putri imbas dari kmcelakaan di km 22. ( via Bp Dharma) https://t.co/uyCCwA9k0c","1894921662560391671","https://pbs.twimg.com/media/GkwdNEhagAArSw_.jpg","","in","","0","0","0","https://x.com/undefined/status/1894921662560391671","180696019",
"1894890117040611466","Thu Feb 27 01:02:42 +0000 2025","1","@cufrdy Kalau aku sih lebih suka ke gunung walaupun capek","1894916031187161430","","cufrdy","in","","0","0","0","https://x.com/undefined/status/1894916031187161430","1839840078505619457",
"1893801722675425498","Thu Feb 27 01:02:25 +0000 2025","0","@sztarlet Mau bertapa di gunung","1894915959972114835","","sztarlet","in","","0","1","0","https://x.com/undefined/status/1894915959972114835","1783206667041320966",
"1894893437813694775","Thu Feb 27 01:02:07 +0000 2025","0","1. Gupak Menjangan merupakan sabana hijau yang biasanya digunakan oleh para pendaki untuk istirahat ataupun camping 2. Untuk bisa sampai di Gupak Menjangan Anda bisa melalui jalur pendakian Gunung Lawu melalui Candi Cetho","1894915883186954587","","panjxat","in","","0","1","0","https://x.com/undefined/status/1894915883186954587","1734904938239868928",
"1894356671033467082","Thu Feb 27 01:00:07 +0000 2025","0","@detikcom awas dibeli itu RS sama pemilik Gunung dan uranium","1894915380688363641","","detikcom","in","","0","0","0","https://x.com/undefined/status/1894915380688363641","53598666",
"1894915357376491993","Thu Feb 27 01:00:01 +0000 2025","6","9/10 ALAMNYA BERASAAAAAAAAAAAAAAAAAAA gunung + langit biru + awan nya keliatan cantik pohonnya keliatan kaya bergoyang &lt;3 &lt;3 makacii ya dee udah share","1894915357376491993","","","in","","0","1","1","https://x.com/undefined/status/1894915357376491993","1229341086063087616",
"1894914886653878552","Thu Feb 27 00:58:09 +0000 2025","1","07.55 WIB #Tol_Jagorawi Cimanggis KM 19 - Gunung Putri KM 22 arah Bogor PADAT ada penanganan kendaraan Colt Diesel gangguan patah as roda di lajur 1/kiri. @PTJASAMARGA","1894914886653878552","","","in","","0","0","0","https://x.com/undefined/status/1894914886653878552","180696019",
"1894914377045975140","Thu Feb 27 00:56:07 +0000 2025","0","07.55 WIB #Tol_Jagorawi Cimanggis KM 19 - Gunung Putri KM 22 arah Bogor PADAT ada penanganan kendaraan Colt Diesel gangguan patah as roda di lajur 1/kiri.","1894914377045975140","","","in","","1","0","1","https://x.com/undefined/status/1894914377045975140","540625251",
"1894893437813694775","Thu Feb 27 00:54:28 +0000 2025","0","Gupak Menjangan Berada di lereng Gunung Lawu Sabana Gupak Menjangan menyimpan keindahan alam yang tak tergantikan. Pemandangan alamnya yang hijau dan sejuk dengan hamparan sabana yang luas akan menjadi pengalaman yang tak terlupakan. Gupak Menjangan adalah salah satu","1894913961709183475","","panjxat","in","","0","1","0","https://x.com/undefined/status/1894913961709183475","1734904938239868928",
"1894913302981157129","Thu Feb 27 00:51:51 +0000 2025","1","Gunung Lewotolok di Kecamatan Ile Ape Kabupaten Lembata Nusa Tenggara Timur meletus lagi pada Kamis (27/2) pukul 05.5 Wita. https://t.co/2W3ZC4Rtcf","1894913302981157129","","","in","","0","0","0","https://x.com/undefined/status/1894913302981157129","68930552",
"1894877206557696208","Thu Feb 27 00:48:10 +0000 2025","0","@ertigaid Jujurly kadang malu kalau ga jadi beli??? Kalau saya lebih cenderung rental di bawa Keliling kota dan naik turun gunung. Semisal Surabaya Mojokerto Pacet Trawas/cangar tembus batu malang toll Surabaya lagi.","1894912372432830622","","ertigaid","in","","0","1","0","https://x.com/undefined/status/1894912372432830622","699130044484980736",
"1894890117040611466","Thu Feb 27 00:45:30 +0000 2025","0","@cufrdy blm prnh ke gunung sih","1894911702925472077","","cufrdy","in","","0","0","0","https://x.com/undefined/status/1894911702925472077","1236989601329209345",
"1894730439337947610","Thu Feb 27 00:44:01 +0000 2025","1","@Ekachonsa Berasa kayak abis turun gunung trus tebar pesona ","1894911328487363059","","Ekachonsa","in","","0","0","0","https://x.com/undefined/status/1894911328487363059","1759910665542914048",
"1894890117040611466","Thu Feb 27 00:40:23 +0000 2025","0","@cufrdy Sukanya sih ke gunung karena dingin cuman nggak kuat naiknya","1894910417757196468","","cufrdy","in","","0","1","0","https://x.com/undefined/status/1894910417757196468","2881400671",
"1894910154434597355","Thu Feb 27 00:39:21 +0000 2025","0","dulu emas nya ada dari bukit gunung sekarang smp dalam bumi lembah ","1894910154434597355","","","in","","0","0","0","https://x.com/undefined/status/1894910154434597355","292255033",
"1894897749780271243","Thu Feb 27 00:37:04 +0000 2025","0","@basebuku Tanah surga merah 40 Tokyo Schoolgirl 30 Sejarah Kecil jilid-7 40 Deru gunung 20 Dajjal 25 https://t.co/iIz9cV1Wnf","1894909579903058223","https://pbs.twimg.com/media/GkwSOD3aoAA3vRd.jpg","basebuku","in","","0","0","0","https://x.com/undefined/status/1894909579903058223","1516966457242193920",
"1894909319340269925","Thu Feb 27 00:36:02 +0000 2025","0","Jadi yg hodl bitcoin kisaran harga dibawah 20rb akhirnya turun gunung jg menyuarakan bahwa dia hodl krn Masih tren bullish.. Ada masa nya pasar akan bullish tapi akan mengambil retail2 yg sudah mau margin call..","1894909319340269925","","","in","","0","1","0","https://x.com/undefined/status/1894909319340269925","1881670951869521920",
"1894908499387392079","Thu Feb 27 00:32:46 +0000 2025","0","Pgn naik gunung tp kena angin malam aja menggigil. Apa ga hipotermia klo naik gunung","1894908499387392079","","","in","","0","0","0","https://x.com/undefined/status/1894908499387392079","3159097447",
"1894693449347293322","Thu Feb 27 00:32:05 +0000 2025","0","@LuasSaud @NenkMonica setuju pak dulu pas di gunung putri dekat stasiun pengisian Shell lha sekarang di Solo nggak ada.","1894908326858891665","","LuasSaud","in","","0","0","0","https://x.com/undefined/status/1894908326858891665","82345303",
"1894908100299366416","Thu Feb 27 00:31:11 +0000 2025","0","07.30 WIB #Tol_Jagorawi Gunung Putri KM 22 arah Bogor PADAT ada penanganan kendaraan Colt Diesel gangguan patah as roda di lajur 1/kiri.","1894908100299366416","","","in","","1","1","0","https://x.com/undefined/status/1894908100299366416","540625251",
"1894908097547956463","Thu Feb 27 00:31:10 +0000 2025","0","Mat 4:13-14. Kamu adl terang dunia. Jika garam itu mjd tawar dgn apakah ia diasinkan? Tdk ada lagi gunanya selain dibuang &amp; diinjak org. Kamu adl terang dunia. Kota yg terletak di atas gunung tdk mungkin tersembunyi.","1894908097547956463","","","in","","0","0","0","https://x.com/undefined/status/1894908097547956463","256417511",
"1894174931945951353","Wed Feb 26 23:55:54 +0000 2025","0","Pada Gunung dan Laut","1894899220160876877","","primadeca","in","","0","1","0","https://x.com/undefined/status/1894899220160876877","169421172",
"1894899191748665430","Wed Feb 26 23:55:53 +0000 2025","0","Desain dan Arsitektur Torre Agbar memiliki desain yang sangat khas dan futuristik sering kali dibandingkan dengan bentuk peluru atau bahkan bentuk organik seperti geyser atau gunung berapi kecil karena lekukannya yang halus dan ujungnya yang meruncing. https://t.co/gKrozeEpq1","1894899218806194609","https://pbs.twimg.com/media/GkwIyt1X0AAyNhp.jpg","lenteqra","in","","0","1","0","https://x.com/undefined/status/1894899218806194609","1386971346748379137",
"1894898931957670223","Wed Feb 26 23:54:45 +0000 2025","0","39 Gempa Susulan Guncang Boltim Rumah Warga Rusak hingga Mengungsi ke Gunung https://t.co/axUDzO72wb","1894898931957670223","","","in","","0","0","0","https://x.com/undefined/status/1894898931957670223","132078023",
"1894898473583157588","Wed Feb 26 23:52:56 +0000 2025","0","pagi pagi udh nanjak gkb gunung anyar 5 mdpl","1894898473583157588","","","in","","0","3","0","https://x.com/undefined/status/1894898473583157588","1801956069893373952",
"1894155254767206428","Wed Feb 26 23:46:41 +0000 2025","0","@spvave Akhirnya baru tahu jalan setapak begini cara buatnya. Kalau jalan yg di gunung berarti prosotannya cukup lama dong ","1894896902644342931","","spvave","in","","0","0","0","https://x.com/undefined/status/1894896902644342931","88337977",
"1894895001492169044","Wed Feb 26 23:39:08 +0000 2025","142","Alun-Alun Suryakencana Gunung Gede Alun-alun Suryakencana adalah padang savana yang luas di Taman Nasional Gunung Gede Pangrango (TNGGP). Alun-alun ini berada di ketinggian 2.750 mdpl. Tt: rmfajar_97 https://t.co/t8r7UZEfLj","1894895001492169044","https://pbs.twimg.com/ext_tw_video_thumb/1894894970890518528/pu/img/-P0olzjUyhGwafAx.jpg","","in","","0","217","2","https://x.com/undefined/status/1894895001492169044","1734904938239868928",
"1894894120109515006","Wed Feb 26 23:35:38 +0000 2025","0","07.35 Simpang Gunung Lingai &amp; simpang Alaya : Antrian kendaraan normal Situasi arus lalin lancar. #MinYn https://t.co/h3Fu0mTGcJ","1894894120109515006","https://pbs.twimg.com/media/GkwEEu3WIAAN5zB.jpg","","in","","0","0","0","https://x.com/undefined/status/1894894120109515006","240460194",
"1894893437813694775","Wed Feb 26 23:32:55 +0000 2025","125","Gupakan Menjangan Gunung Lawu Gupak Menjangan adalah salah satu destinasi wisata yang paling populer di Ngawi dan tentu saja menawarkan banyak hal yang menakjubkan untuk dinikmati. Berikut adalah 7 keindahan Sabana Gupak Menjangan yang tak tergantikan. Tt: wargagunung https://t.co/tjIzmuvKsC","1894893437813694775","https://pbs.twimg.com/ext_tw_video_thumb/1894893408000581635/pu/img/VLu-ayewwF3Bwmzd.jpg","","in","","0","201","0","https://x.com/undefined/status/1894893437813694775","1734904938239868928",
"1894737943077834821","Wed Feb 26 23:32:25 +0000 2025","0","@NenkMonica Haha yg dirumah sih cuma recehan doank lah yg gunung hartanya mungkin sudah di cayman island ato blackrock ;) koruptor trilyunan bukan orang tolol lah #IndonesiaGelap","1894893310495617238","","NenkMonica","in","","0","0","0","https://x.com/undefined/status/1894893310495617238","2173331119",
"1894892252117512286","Wed Feb 26 23:30:01 +0000 2025","94","@SeputarMadrid Bisa ngga pak Toni turun gunung sebentar aja buat back up sementara Ceba","1894892708873080879","","SeputarMadrid","in","","0","0","2","https://x.com/undefined/status/1894892708873080879","1843209311629246464",
"1893081376615735632","Wed Feb 26 23:28:48 +0000 2025","0","@DjidiDewa @muslimorid @mabduhtuasikal @AmrullahAK @Firanda_Andirja @ustadzkhalid Ternyata dengan beberapa hari sy tinggal naik gunung turun2 belum juga si @DjidiDewa sanggup utk menjawabnya wajar sih kalau Aqidah rusak seperti km tdk akan sanggup utk menjawabnya https://t.co/1kMuJgcmHe","1894892402395226525","https://pbs.twimg.com/media/GkwCM1daoAUauwl.jpg","DjidiDewa","in","","0","0","0","https://x.com/undefined/status/1894892402395226525","69667455",
"1894891793382285341","Wed Feb 26 23:26:23 +0000 2025","6","Impian kami melebihi berat nya gunung Kamu kira kami jin padahal kami tidak tau apa apa","1894891793382285341","","","in","","0","0","0","https://x.com/undefined/status/1894891793382285341","1588033553916661760",
"1894889708003774923","Wed Feb 26 23:18:06 +0000 2025","0","ini seperti gunung es impak dri sebagian warga keturunan yg hidupnya eksklusif.","1894889708003774923","","","in","","0","0","0","https://x.com/undefined/status/1894889708003774923","2258475386",
"1894669042595799500","Wed Feb 26 23:11:30 +0000 2025","3","@CutSarina5 @andikamalreza Ini sih udah menganga kaya kaldera Gunung tambora","1894888046895735308","","cutsarina5","in","","0","0","0","https://x.com/undefined/status/1894888046895735308","1101090936115716096",
"1894886994213511376","Wed Feb 26 23:07:19 +0000 2025","0"," mau dia mindahin gunung sekalipun kalo lu ga yakin ya gabisa nit - abang nayla ","1894886994213511376","","","in","","0","0","0","https://x.com/undefined/status/1894886994213511376","1143309813889163264",
"1894886612645093766","Wed Feb 26 23:05:48 +0000 2025","0","Seorang pendaki lelaki warga British berusia sekitar 70-an meninggal dunia selepas ditemui tidak sedarkan diri ketika menuruni puncak Gunung Kinabalu pagi tadi. https://t.co/2dhNEbMvxu","1894886612645093766","","","in","","0","0","0","https://x.com/undefined/status/1894886612645093766","1315124822079238144",
"1894884481389277356","Wed Feb 26 22:57:20 +0000 2025","0","ini mah gausah naik gunung kakiku dah pegel woi keliling spot balairung jalan dri balairung ke gsp gsp ke feb feb ke fisipol memutari fisipol","1894884481389277356","","","in","","0","0","0","https://x.com/undefined/status/1894884481389277356","1140459816533368832",
"1894883846178713993","Wed Feb 26 22:54:48 +0000 2025","1","Jalan pagi nya naik turun gunung. Sempat ketemu preman komplek https://t.co/49H4A7fFmp","1894883846178713993","https://pbs.twimg.com/media/Gkv60CTbQAAmNIp.jpg","","in","","0","1","0","https://x.com/undefined/status/1894883846178713993","1860485391293501440",
"1894527816265601088","Wed Feb 26 22:52:29 +0000 2025","0","@FarhanN78265394 @Liborio4 @PeonyPrincess27 @YouKneelToZod @webberweather Saya berbicara beberapa bahasa dan tahu Indonesia bahkan tidak memiliki tornado. silakan masukkan pendapat Anda ketika percakapan tentang gunung berapi atau nasi goreng terima kasih.","1894883261135909039","","FarhanN78265394","in","","0","2","0","https://x.com/undefined/status/1894883261135909039","987726238868389888",
"1894871513683341548","Wed Feb 26 22:47:45 +0000 2025","0","@avocadojuiceee_ Rumah sini malah di kaki gunung Makanya sering berkabut wkwk","1894882071363100888","","smollluna","in","","0","0","0","https://x.com/undefined/status/1894882071363100888","1584777894861377538",
"1894881037827875135","Wed Feb 26 22:43:39 +0000 2025","0","Habis lihat VT Owen yg bahas Jogja darurat sampah. Iniiii bener bgt coyyy gue ga expect bahkan ketika otw dari kost ke kantor selalu nemu gunung sampah.","1894881037827875135","","","in","","0","1","0","https://x.com/undefined/status/1894881037827875135","970139982001143809",
"1894624656340193683","Wed Feb 26 22:38:10 +0000 2025","2","@cblxugarx Cobain ke Obellix Hills Ledok Sambi Nawang Jagad di Kaliurang Bukit Shoka di Gunung Kidul Kopi Puncak Menoreh Candi Ijo buat sunsetan Bukit Bintang Gudeg Sagan Sate Kere Ibu Sumarni di belakang pasar Beringharjo","1894879660728803572","","cblxugarx","in","","0","0","0","https://x.com/undefined/status/1894879660728803572","1342498853593915392",
"1894878361371189596","Wed Feb 26 22:33:01 +0000 2025","0","Prachin Buri Suarathailand- Lebih dari 40 orang terluka dan 18 orang kehilangan nyawa setelah sebuah bus wisata pendidikan terbalik saat menuruni gunung Khao San Pu Tone di distrik Na Di Prachin Buri pada hari Rabu. Baca selengkapnya: https://t.co/rrfz7SH6Ek https://t.co/8TfPekPjyx","1894878361371189596","https://pbs.twimg.com/media/Gkv10LIXwAAUAV4.jpg","","in","","0","0","0","https://x.com/undefined/status/1894878361371189596","1765922645365977088",
"1894877451702149380","Wed Feb 26 22:29:24 +0000 2025","0","Btw mau cerita. Tiap weekend selama sebulan ini aku naik gunung terus hahaha Siklusnya lutut sakit - sembuh - naik gn repeat","1894877451702149380","","","in","","0","0","0","https://x.com/undefined/status/1894877451702149380","983851562442223617",
"1894728600185926047","Wed Feb 26 22:27:14 +0000 2025","0","@eleanorr234 Coba diminum sama Pak Mentri klo emng speknya sesuai.","1894876906513932448","","eleanorr234","in","","0","0","0","https://x.com/undefined/status/1894876906513932448","705413311",
"1894874670756962486","Wed Feb 26 22:18:21 +0000 2025","0","Ternyata bikin acara bareng strangers tuh ga se menakutkan itu. Justru seru banget bisa kenal banyak orang baru dari background yg berbeda beda. Tapi buat aku ternyata cukup menghabiskan energi sosial. Abis selesai rasanya pengen mengasingkan diri di kaki gunung Slamet. https://t.co/298vwYmsPL","1894874670756962486","https://pbs.twimg.com/media/GkvyeJDaoAAleZk.jpg","","in","","1","0","0","https://x.com/undefined/status/1894874670756962486","1031451185528463362",
"1894873413837299996","Wed Feb 26 22:13:21 +0000 2025","0","Fenomena gunung es dari kejahatan luar biasa di tubuh BUMN. Prabowo bikin super holding dengan orang² yang tidak sepenuhnya bebas dari korupsi.","1894873413837299996","","","in","","0","0","0","https://x.com/undefined/status/1894873413837299996","225674664",
"1894872540893585828","Wed Feb 26 22:09:53 +0000 2025","0","Korupsi di Pertamina Patraniaga adalah fenomena gunung es dari kegelapan dan kejahiliyahan para pemangku kewajiban di negara ini.","1894872540893585828","","","in","","0","0","0","https://x.com/undefined/status/1894872540893585828","225674664",
"1894663204787425317","Wed Feb 26 22:09:37 +0000 2025","0","@augusta_tehe Coba kak naik gunung keluar dari jalur pendakian perbekalan minim aja tapi matinya pelan2 sih sama nyusahin timsar sama komunitas relawan","1894872474174791947","","","in","","0","0","0","https://x.com/undefined/status/1894872474174791947","1376536164350357508",
"1894527470407487959","Wed Feb 26 22:08:31 +0000 2025","0","@yasminzayda Hah ini apa kayak kambing gunung yaa","1894872198290252046","","lintanganandya","in","","0","0","0","https://x.com/undefined/status/1894872198290252046","1355552239960485888",
"1894775087691452810","Wed Feb 26 22:04:11 +0000 2025","0","@inijuul gtw lg gw sm gunung anyar","1894871105967673697","","inijuul","in","","0","1","0","https://x.com/undefined/status/1894871105967673697","1695334849299832832",
"1894775087691452810","Wed Feb 26 21:48:02 +0000 2025","0","@nadyarchstud dekett rumahh gunung anyarr","1894867043767459989","","nadyarchstud","in","","0","0","0","https://x.com/undefined/status/1894867043767459989","1658343079705989121",
"1894726903669612986","Wed Feb 26 21:36:15 +0000 2025","0","@cucujenderall aku mau ikut ke gunung","1894864078386196959","","jencruellaa","in","","0","0","0","https://x.com/undefined/status/1894864078386196959","1611139130926465024",
"1894210737171833243","Wed Feb 26 21:36:01 +0000 2025","0","@cimotyy #RonaldinhoAdaDiShopee wah legend turun gunung nih Ada Ronaldinho di iklan Shopee","1894864018709586011","","cimotyy","in","","0","0","0","https://x.com/undefined/status/1894864018709586011","1820991710501195776",
"1894863195426431434","Wed Feb 26 21:32:45 +0000 2025","0","Njanur gunung ","1894863195426431434","","","in","","0","0","0","https://x.com/undefined/status/1894863195426431434","242484646",
"1894859263136408005","Wed Feb 26 21:18:21 +0000 2025","0","@mediamadridista Mslhnya yg paling bs diandelin buat lawan dia harus liburan dlu (Fede) masa Lucas yg turun gunung? ","1894859570599862450","","mediamadridista","in","","0","0","0","https://x.com/undefined/status/1894859570599862450","801340739011694593",
"1894855748083236910","Wed Feb 26 21:03:09 +0000 2025","0","Lagu nya... Bandung 2016. Hujan. Perjalanan dari gunung batu sampe cihampelas. What a nostalgia.","1894855748083236910","","","in","","0","0","0","https://x.com/undefined/status/1894855748083236910","1200216519453499394",
"1894854861428269258","Wed Feb 26 20:59:38 +0000 2025","0","LUCU BGT GUNUNG","1894854861428269258","","","in","","0","0","0","https://x.com/undefined/status/1894854861428269258","1372553013642940419",
"1894852933969383567","Wed Feb 26 20:51:58 +0000 2025","0","petaka gunung gede serem gak yah? mau nonton tapi takut keburu dah abis","1894852933969383567","","","in","","0","1","0","https://x.com/undefined/status/1894852933969383567","1461580754446524421",
"1894698400551157761","Wed Feb 26 20:51:22 +0000 2025","5","@digigitnanas @GIBOLofficial Sosok dibalik berdirinya sebuah klub kebanggaan warga wonosari persigundul gunung kidul.","1894852779929395631","","digigitnanas","in","","0","0","0","https://x.com/undefined/status/1894852779929395631","1675976995",
"1894848343110754545","Wed Feb 26 20:36:54 +0000 2025","0","@bakwankrenyes Greedy udah sifat alami manusia dikasih 3 gunung emas pun akan tetap mencari yg ke 4. Tinggal bagaimana moral kita mengekangnya saja.","1894849141458797004","","bakwankrenyes","in","","0","0","0","https://x.com/undefined/status/1894849141458797004","1686434505769586688",
"1894663204787425317","Wed Feb 26 20:26:35 +0000 2025","0","@augusta_tehe K saya minta tolong kk jangan lakuin ya kka m3nding main aja ke tempat dugem kalo ngga naik gunung jalan ke pantai ke mana aja yg kk mau tuhan ngga suka orang yg mcelakai diri sendiri kalo kk mau temen ngobrol DM aja kaka ke sini boleh","1894846543200674072","","","in","","0","0","0","https://x.com/undefined/status/1894846543200674072","1365379382747885578",
"1894844754036441415","Wed Feb 26 20:19:28 +0000 2025","0","bisa bisa nya mimpi naik gunung; dan diskusi gear list sama orang random di mimpi ","1894844754036441415","","","in","","0","0","0","https://x.com/undefined/status/1894844754036441415","1648311919550537736",
"1894840366165303333","Wed Feb 26 20:02:02 +0000 2025","0","Abis balik dr gunung #dingin https://t.co/eOs2ytIWyS","1894840366165303333","https://pbs.twimg.com/media/GkvTQ78WwAApwsT.jpg","","in","","0","0","0","https://x.com/undefined/status/1894840366165303333","1517140379782778880",
"1894834658879398246","Wed Feb 26 19:46:48 +0000 2025","0","@lastg00dman ngidul gunung?","1894836535129973008","","lastg00dman","in","","0","0","0","https://x.com/undefined/status/1894836535129973008","4230821697",
"1894836407040127280","Wed Feb 26 19:46:18 +0000 2025","1","Gile sesepuh vtuber turun gunung. #KizunaAI I'm Back https://t.co/DJcol0mJk2 via @YouTube","1894836407040127280","","","in","","0","0","0","https://x.com/undefined/status/1894836407040127280","1687976755611758592",
"1894832918809452841","Wed Feb 26 19:34:34 +0000 2025","0","@Azharceria10 mugo2 ora ilang ng gunung yo zar","1894833454594039828","","Azharceria10","tl","","0","1","0","https://x.com/undefined/status/1894833454594039828","1118458318333153282",
"1894666147859239180","Wed Feb 26 19:26:09 +0000 2025","0","@papa_loren yg pegang Air Asia di Indonesia. Bahkan kalo ga salah sempat mau ngebangun rumah di bogor lift langsung ke kamar dengan kamar mandi view gunung salak itu tahun 2018 tapi gatau jadi dibangun apa ga ","1894831337644937254","","Altcoin_Whale1","in","","0","0","0","https://x.com/undefined/status/1894831337644937254","1883457152519696384",
"1894803755536986460","Wed Feb 26 19:18:42 +0000 2025","0","@Chriestomathy Gak nyangka elu masih mempertanyakan setelah mendaki gunung lewati lembah","1894829461780209998","","","in","","0","0","0","https://x.com/undefined/status/1894829461780209998","1848689089907986433",
"1894624820987671001","Wed Feb 26 19:14:10 +0000 2025","0","@ssoooyyaa Iya gw paling takut sama gunung meletus","1894828319742492921","","ReFeel_Pro","in","","0","0","0","https://x.com/undefined/status/1894828319742492921","3285345308",
"1894669027202716030","Wed Feb 26 19:09:31 +0000 2025","0","@yudiharahap46 Di Bogor ada juga pemilik gunung salak tapi setan bukan sultan","1894827152136364076","","yudiharahap46","in","","0","1","0","https://x.com/undefined/status/1894827152136364076","716601023771488257",
"1894824819067179116","Wed Feb 26 19:00:15 +0000 2025","0","Liburan kemana dulu pantai apa gunung yang penting jangan baper!","1894824819067179116","","","in","","0","0","0","https://x.com/undefined/status/1894824819067179116","1848907738992283650",
"1894817532999278963","Wed Feb 26 18:48:02 +0000 2025","0","@Kumarainaluna07 Dimana belajar jampi-jampinya apakah harus bertapa dulu di gunung","1894821743505875157","","Kumarainaluna07","in","","0","1","0","https://x.com/undefined/status/1894821743505875157","1346047727164035072",
"1894660813295878325","Wed Feb 26 18:46:53 +0000 2025","0","@gucciiigril Wkwk beneran beban anak pertama Segede gunung fuji","1894821454627381381","","gucciiigril","in","","0","0","0","https://x.com/undefined/status/1894821454627381381","851769756902236160",
"1894821022173667451","Wed Feb 26 18:45:10 +0000 2025","0","rute 4 hari 3 malam ini : magetan-jogja-kulonprogo-jogja-madiun-magetan-jogja-gunung kidul. Alhamdulillah waras","1894821022173667451","","","in","","0","0","0","https://x.com/undefined/status/1894821022173667451","1047537052684713984",
"1894700184028029091","Wed Feb 26 18:44:23 +0000 2025","0","bahkan ada salah satu orang mengajak kita untuk menjelajahi gunung Latimojong di Sulawesi tawaran itu sangat menarik mungkin itu bisa menjadi opsi pendakian berikut nya","1894820826056401093","","madaXfau","in","","0","0","0","https://x.com/undefined/status/1894820826056401093","1645125057298194432",
"1894700184028029091","Wed Feb 26 18:43:32 +0000 2025","0","dikereta ternyata banyak juga yang ingin pergi ke gunung tujuan berbeda beda ada yang ke Cikuray ada yang ke papandayan ada juga yang ke guntur kita semua saling bercengkrama satu sama lain https://t.co/5FcTWBQBBJ","1894820611366756773","https://pbs.twimg.com/ext_tw_video_thumb/1894820012525019136/pu/img/AZB5qF_1mMDBTmna.jpg","madaXfau","in","","0","1","0","https://x.com/undefined/status/1894820611366756773","1645125057298194432",
"1894789282948358206","Wed Feb 26 18:25:59 +0000 2025","0","@hitsujicchii Nulis bokep jodohin doll mendaki gunung (nonton di tiktok) belajar bahasa luar scroll sopi ngedem di ao3 ","1894816194018058277","","hitsujicchii","in","","0","1","0","https://x.com/undefined/status/1894816194018058277","1417321303778861058",
"1894580577237631131","Wed Feb 26 18:24:41 +0000 2025","0","@rejekianakbaik itu awan bentuk gunung kah","1894815867537629563","","rejekianakbaik","in","","0","0","0","https://x.com/undefined/status/1894815867537629563","1385936437095268357",
"1894815002118475939","Wed Feb 26 18:24:32 +0000 2025","0","and i almost always portray my character tuh yg tanggap &amp; sigap menolong karena itu adalah kepribadian yg gw pengenin dr laki gw yg mana gw baru sadar kl bokap gw pun kyk gt. mau mobil gw mogok di kaki gunung gw hrs ke bandara jam 3 pagi bnrn selalu sigap ","1894815832070664479","","librabooz","in","","0","0","0","https://x.com/undefined/status/1894815832070664479","1488871663777157120",
"1894791397171175901","Wed Feb 26 16:47:27 +0000 2025","0","cem outfit naik gunung","1894791397171175901","","","in","","0","0","0","https://x.com/undefined/status/1894791397171175901","1753846738098831360",
"1894790134266241035","Wed Feb 26 16:42:26 +0000 2025","0","Kalau jaman muda closingan sebelum Ramadan paham lah Saiki wis ora enom Turun gunung ke jakarta makan di indah seafood https://t.co/h17eLn64We","1894790134266241035","https://pbs.twimg.com/media/GkulksIbcAAD-4f.jpg","","in","","0","0","0","https://x.com/undefined/status/1894790134266241035","58173131",
"1894789710981304329","Wed Feb 26 16:40:45 +0000 2025","0","Gamau attachment ke hal2 yg aku inginin lg kapok sm cowo batak turun gunung tai semua babi bangsat.. aku nerima takdir aja.. semua kuterima","1894789710981304329","","","in","","0","0","0","https://x.com/undefined/status/1894789710981304329","1080041185219993600",
"1894639786037756112","Wed Feb 26 16:36:02 +0000 2025","0","@shuasvvt cantik bgt yaa gunung rinjani","1894788526358863933","","shuasvvt","in","","0","0","0","https://x.com/undefined/status/1894788526358863933","1241635030331305984",
"1894788223437808043","Wed Feb 26 16:34:50 +0000 2025","7","Sundanese culture traditional performing art in Indonesia: jaipong ketuk tilu ronggeng gunung merak dance topeng banjet sisingaan kuda renggong wayang golek longser ubrug pencak silat cimande degung angklung calung karinding celempung kacapi suling tarawangsa.","1894788223437808043","","","in","","0","0","0","https://x.com/undefined/status/1894788223437808043","1175518892178821120",
"1894788196447441093","Wed Feb 26 16:34:44 +0000 2025","7","Warisan budaya seni pertunjukan tradisional Sunda di Indonesia: jaipong ketuk tilu ronggeng gunung tari merak sisingaan kuda renggong ulin barong wayang golek longser ubrug pencak silat cimande degung angklung calung karinding celempung kacapi suling tarawangsa.","1894788196447441093","","","in","","0","0","0","https://x.com/undefined/status/1894788196447441093","1175518892178821120",
"1894788168635044290","Wed Feb 26 16:34:37 +0000 2025","7","Warisan budaya seni persembahan tradisional Sunda di Indonesia: jaipong ketuk tilu ronggeng gunung tari merak sisingaan kuda renggong ulin barong wayang golek longser ubrug pencak silat cimande degung angklung calung karinding celempung kacapi suling tarawangsa.","1894788168635044290","","","in","","0","0","0","https://x.com/undefined/status/1894788168635044290","1175518892178821120",
"1894788051089625468","Wed Feb 26 16:34:09 +0000 2025","0","duh besok free 4 jam enaknya mendaki gunung apa ya","1894788051089625468","","","in","","0","0","0","https://x.com/undefined/status/1894788051089625468","1339939732164280321",
"1894787986627404206","Wed Feb 26 16:33:54 +0000 2025","0","pesugihan gunung kawi","1894787986627404206","","","tl","","0","0","0","https://x.com/undefined/status/1894787986627404206","982447652",
"1894787764111172009","Wed Feb 26 16:33:01 +0000 2025","1","pantai sama puncak gunung apa pun yang ada di dunia tapi naeknya pake helikopter.","1894787764111172009","","","in","","0","0","0","https://x.com/undefined/status/1894787764111172009","1159008466112929792",
"1894787481339601146","Wed Feb 26 16:31:53 +0000 2025","0","kena air setelah keluar sana sini seharian tu udah berasa lg di gunung","1894787481339601146","","","in","","0","0","0","https://x.com/undefined/status/1894787481339601146","1262045802634940416",
"1894787236002234370","Wed Feb 26 16:30:55 +0000 2025","0","kmren abis nonton petaka gunung gede. kurang greget ah jumpscare nya (walaupun gue nonton sambil nutup satu mata). lebih seru dengerin podcast nya. podcast ±2½jam tpi film nya cuma 98menit 7/10","1894787236002234370","","","in","","0","1","0","https://x.com/undefined/status/1894787236002234370","1819871188304429056",
"1894526865077121133","Wed Feb 26 16:28:44 +0000 2025","0","@a_otama Konon dia juga yg MEMAHAT gunung gunung...keahliannya Memahat..","1894786688939176132","","a_otama","in","","0","0","0","https://x.com/undefined/status/1894786688939176132","1753348043431391232",
"1894526483470979091","Wed Feb 26 16:25:16 +0000 2025","0","@DolanIDN Pengen juga daki gunung mah","1894785816679104782","","rlyvolky","in","","0","0","0","https://x.com/undefined/status/1894785816679104782","1055785871142608896",
"1894785765244326096","Wed Feb 26 16:25:04 +0000 2025","0","PETAKA GUNUNG GEDE Atau juga karena cast Adzana ashel yang lagi hype secara dia cantik muda ex mem jkt48 berbakat dia sering podcast dimana mana atau karena soundtrack sheilaon7 sahabat sejati yang enal didengar lagunya Review dong yang udah nonton Petaka Gunung Gede ","1894785765244326096","","","in","","0","0","0","https://x.com/undefined/status/1894785765244326096","542243744",
"1894785375102755129","Wed Feb 26 16:23:42 +0000 2025","0","Sandal laki-laki karet Gunung anti slip (Discount 68%) Link https://t.co/636cmzgyX8 https://t.co/6wH0L2OG8k","1894785423140069605","https://pbs.twimg.com/media/GkuhS_zagAATuCi.jpg","MiraclessXx","in","","0","1","0","https://x.com/undefined/status/1894785423140069605","1744741101041520640",
"1894663204787425317","Wed Feb 26 16:22:28 +0000 2025","1","@augusta_tehe ka lampiasin ke healing aja yuk ke tempat yg indah indonesia punya pemandangan yg sejuk ka buat nenangin pikiran dan hati. saran ku coba naik gunung pake ot disitu banyak tmn yg bakalan asik ka jd kk ga sendiri️","1894785111243288848","","","in","","0","0","0","https://x.com/undefined/status/1894785111243288848","1332730860475301888",
"1894781074682892331","Wed Feb 26 16:22:28 +0000 2025","0","@taesanicn Harusny ngomong gini ke dia Papa gunung gede bangga padamu nak. ","1894785109330674067","","taesanicn","in","","0","1","0","https://x.com/undefined/status/1894785109330674067","1893155717198299137",
"1894784928996618480","Wed Feb 26 16:21:45 +0000 2025","0","PETAKA GUNUNG GEDE gw baru tau kalo petaka gunung gede sekarang udah 2 5 jt penonton dan gw blum tonton sih film itu ku kira bakal flop apa karena podcastnya seru atau apa? Lanjut","1894784928996618480","","","in","","0","0","0","https://x.com/undefined/status/1894784928996618480","542243744",
"1894784602256167375","Wed Feb 26 16:20:27 +0000 2025","0","jadi pengen pulang keretaan aja. ga kebayang 3x motoran lewat gunung mana udh bapil ini ","1894784602256167375","","","in","","0","0","0","https://x.com/undefined/status/1894784602256167375","1196698397652111361",
"1894726903669612986","Wed Feb 26 16:18:48 +0000 2025","0","@cucujenderall ajak w naik gunung kocak","1894784186298638663","","jencruellaa","in","","0","1","0","https://x.com/undefined/status/1894784186298638663","1840699548421042176",
"1894784003015840085","Wed Feb 26 16:18:04 +0000 2025","0","Rest Area Gunung Mas Puncak Bogor.. Kedai NN https://t.co/zCh8thQHZ5","1894784003015840085","https://pbs.twimg.com/media/GkufyD-bgAEngc9.jpg","","in","","0","0","0","https://x.com/undefined/status/1894784003015840085","1252684821429579777",
"1894784002080518301","Wed Feb 26 16:18:04 +0000 2025","0","Bingung sumpah -___ ego nya tinggi banget setinggi gunung everest","1894784002080518301","","","in","","0","1","0","https://x.com/undefined/status/1894784002080518301","1421070857594572800",
"1894753079469494739","Wed Feb 26 16:10:26 +0000 2025","0","@haoshokku naikin gunung ku aja mas","1894782080535634357","","","in","","0","0","0","https://x.com/undefined/status/1894782080535634357","1126161141984423936",
"1894781161039384968","Wed Feb 26 16:07:12 +0000 2025","8","Sandal laki-laki karet Gunung anti slip (Discount 68%) Link https://t.co/uzvNg9eZAs https://t.co/cT31nYXE3h","1894781270640754935","https://pbs.twimg.com/media/GkudhZJXYAA3MhV.jpg","Netizeeennn","in","","0","2","0","https://x.com/undefined/status/1894781270640754935","1778259282397691904",
"1894778262976614699","Wed Feb 26 16:05:43 +0000 2025","0","Banjir yang bergejolak memenuhi lembah yang hijau Sejarah telah melahirkan bunga menakjubkan mekar Mekar di lereng Gunung Kawi Di bawah sinar matahari yang membuat puncak Arjuno yang agung bersinar.","1894780897083425204","","2kaaang","in","","0","1","0","https://x.com/undefined/status/1894780897083425204","1109490337024598017",
"1894720935967789403","Wed Feb 26 16:05:43 +0000 2025","0","@orenjicoco Cuss naik gunung mas","1894780894386479413","","pisgorpalm","in","","0","1","0","https://x.com/undefined/status/1894780894386479413","1086969484080951297",
"1894780331590619434","Wed Feb 26 16:03:29 +0000 2025","0","Wanita adalah gunung yang cuacanya berubah-ubah dan pria adalah pendaki yang harus bisa bertahan dengan cuacanya.","1894780331590619434","","","in","","0","0","0","https://x.com/undefined/status/1894780331590619434","1866584796",
"1894772760255316122","Wed Feb 26 15:58:12 +0000 2025","3","@AsahPolaPikir Justru org makin tinggi gaji nya kalo maruk makin kemaruk firaun itu super duper kaya makanya ingin jadi Tuhan. Sifat dasar manusia tak pernah puas punya tanah ribuan hektar ingin beli pulau beli gunung beli laut beli semuanya","1894779005007704237","","AsahPolaPikir","in","","0","0","2","https://x.com/undefined/status/1894779005007704237","56909278",
"1894603393282576522","Wed Feb 26 15:58:03 +0000 2025","1","@alongaiel naek gunung","1894778967892365328","","alongaiel","in","","0","0","0","https://x.com/undefined/status/1894778967892365328","1138442096539398145",
"1894760550745469282","Wed Feb 26 15:57:34 +0000 2025","0","@moonhalv_ Akuuu tpi kmrn mh bnr bnr kyk abis tektok gunung njir. Sebenernya klo pms tu badan kyk org sakit ","1894778843032134011","","ddeok_bit","in","","0","0","0","https://x.com/undefined/status/1894778843032134011","1243836663215697922",
"1894778723783811566","Wed Feb 26 15:57:05 +0000 2025","9","Kasus Pendakalaan akibat Taling @IDFreeport sudah berlansung sejak 2016 6 pulau hilang sungai2 tertutup akibat limbah warga 2 distrik korban air tercermar anak² Kudis. negara terus abaikan walupun meraup kekayaan emas dari gunung menangkawi. #Bangsat dan #Biadap","1894778723783811566","","","in","","0","0","4","https://x.com/undefined/status/1894778723783811566","1273894271179878400",
"1894778598906855932","Wed Feb 26 15:56:35 +0000 2025","0","Tiap pagi pemandangan gw ini balkon depan lihat gunung. Balkon belakang lihat gunung lg Seger bgt yekannn Bandung apalagi pas JJS yg gw lihat aa aa nye yekan wkwkwkwkwk tmbh seger https://t.co/JC0JPJDZ8n","1894778598906855932","https://pbs.twimg.com/media/GkubEDLX0AAexq2.jpg","","in","","0","0","0","https://x.com/undefined/status/1894778598906855932","431428250",
"1894778218986786866","Wed Feb 26 15:55:50 +0000 2025","0","Gatau isinya muji apa ngehina gapapa yg penting kita semua ketawa di sana gunung di sini gunung","1894778409898955059","","_moonthelune","in","","0","0","0","https://x.com/undefined/status/1894778409898955059","776781923167326208",
"1894760865473446024","Wed Feb 26 15:51:11 +0000 2025","0","@ijulagiijulagi rasul pernah bilang bahkan dengan gunung emas dikedua tangannya niscaya manusia akan mencari gunung emas ke3. emang ga pernah cukup","1894777238366949787","","ijulagiijulagi","in","","0","0","0","https://x.com/undefined/status/1894777238366949787","1007628944751788032",
"1894659447827698042","Wed Feb 26 15:48:11 +0000 2025","0","@Ndrewstjan Halaah klo hati pikiran kotor krn kebencian sekecil apapun kesalahan dicari. Lupa klo didepan mata tai segede gunung mau nemplok ke muke lu","1894776484088459269","","Ndrewstjan","in","","0","0","0","https://x.com/undefined/status/1894776484088459269","1115184580443508741",
"1894776316077232504","Wed Feb 26 15:47:31 +0000 2025","0","Nempelnya di manusia. Perbuatannya di puncak gunung. Apa itu? Daki Kiw kiw","1894776316077232504","","","in","","0","0","0","https://x.com/undefined/status/1894776316077232504","1354625424001646594",
"1894775604362584491","Wed Feb 26 15:44:41 +0000 2025","0","dr matius sampai ke lukas berapa kali Tuhan menyampaikan apa yg km percaya itu yg akan terjadi imani semuanya maka saat percaya itu akan terjadi.. krn iman sebiji sesawi aj dpt memindahkan gunung kalau km percaya..","1894775604362584491","","","in","","0","0","0","https://x.com/undefined/status/1894775604362584491","528342750",
"1894580577237631131","Wed Feb 26 15:42:36 +0000 2025","0","@rejekianakbaik Apa itu gunung ya","1894775079588045259","","rejekianakbaik","in","","0","0","0","https://x.com/undefined/status/1894775079588045259","1246499158531272704",
"1894774592763482301","Wed Feb 26 15:40:40 +0000 2025","0","YaAllah pengen naik gunung","1894774592763482301","","","in","","0","0","0","https://x.com/undefined/status/1894774592763482301","954143193804652546",
"1894774393743806767","Wed Feb 26 15:39:53 +0000 2025","0","INI BENER BANGEEEETTTTT Pernah mimpi lari turun gunung persis kayak gini tp di area makam cina yg rapet","1894774393743806767","","","in","","0","0","0","https://x.com/undefined/status/1894774393743806767","820549578130735104",
"1894755860125294850","Wed Feb 26 15:38:21 +0000 2025","0","@tokopeqia di film nya kan dibikin salah bapaknya karena suruh buang barang itu di gunung tapi di podcast nya ngga","1894774008975139263","","tokopeqia","in","","0","1","0","https://x.com/undefined/status/1894774008975139263","1340617253843156992",
"1894363020408885358","Wed Feb 26 15:37:36 +0000 2025","0","@maman_mahrii @whosthevermean Kek monyet emang bandit gunung","1894773820243980709","","maman_mahrii","in","","0","0","0","https://x.com/undefined/status/1894773820243980709","1184712969235529728",
"1894664226012373133","Wed Feb 26 15:37:16 +0000 2025","0","@dongyoeung pengen deh sesekali naik gunung","1894773736433480014","","elscalpero","in","","0","0","0","https://x.com/undefined/status/1894773736433480014","3287508168",
"1894773575116300648","Wed Feb 26 15:36:38 +0000 2025","0","Tehdin said.. misal udah sampe di level bikin sakit kepala ngomong aja ke ybs. Kl gini terus nnt ga sadar tau2 kamu 30. Mending rusak sekalian pertemanan drpd hari harimu yang rusak Kataku sih teh mending naik lari tektok gunung lagi aja ak ","1894773575116300648","","","in","","0","0","0","https://x.com/undefined/status/1894773575116300648","348856048",
"1894755860125294850","Wed Feb 26 15:36:19 +0000 2025","0","@tokopeqia yg di podcast juga masih tanda tanya pas di rs itanya ditanya bilang ga ngapa ngapain di gunung","1894773495743324528","","tokopeqia","in","","0","1","0","https://x.com/undefined/status/1894773495743324528","1340617253843156992",
"1894695787759824950","Wed Feb 26 15:35:31 +0000 2025","0","@whoonagi kata ihan pdhl gunung gedenya ada di sebelahnya...","1894773296480362749","","whoonagi","in","","0","1","0","https://x.com/undefined/status/1894773296480362749","1877742978736979968",
"1894773272421794188","Wed Feb 26 15:35:25 +0000 2025","0","Asli ketambahan omah kaki gunung anyep mak serrr","1894773272421794188","","","in","","0","0","0","https://x.com/undefined/status/1894773272421794188","1140860424151162880",
"1894245940938097114","Wed Feb 26 15:34:52 +0000 2025","0","@detikcom Gak ada gunanya @KPK_RI semut diseberang gunung kelihatan gajah didepan mata gak keliatan","1894773132944409086","","detikcom","in","","0","0","0","https://x.com/undefined/status/1894773132944409086","430735415",
"1894772609541402864","Wed Feb 26 15:32:47 +0000 2025","2","Banyak lah.... Kontek temen2 via sms n tlp buat mancing mabol naik gunung badmintonan Ada baca buku maen sm bocah2 n kumpul keluarga bejibun kegiatan non medsos yg ilang gara2 medsos","1894772609541402864","","","in","","0","0","0","https://x.com/undefined/status/1894772609541402864","938916131217084416",
"1894541899966681279","Wed Feb 26 15:31:28 +0000 2025","0","@belijajan_ Berhubung gw serakah mau beli gunung dan isinya.","1894772278145302599","","missasbun","in","","0","0","0","https://x.com/undefined/status/1894772278145302599","1219556417415176192",
"1894552490911437092","Wed Feb 26 15:30:45 +0000 2025","0","@FaqihJabo Gunung merapi merbabu mas ","1894772097114947981","","FaqihJabo","in","","0","1","0","https://x.com/undefined/status/1894772097114947981","1266434007622803457",
"1894771480963252707","Wed Feb 26 15:28:18 +0000 2025","0","Waduhh suhuu turun gunung juga kah wkwk","1894771480963252707","","","in","","1","0","0","https://x.com/undefined/status/1894771480963252707","1618807501860007936",
"1894771175219454111","Wed Feb 26 15:27:05 +0000 2025","0","pengen naik gunung","1894771175219454111","","","in","","0","0","0","https://x.com/undefined/status/1894771175219454111","1650010056015114241",
"1893639513068446071","Wed Feb 26 15:26:42 +0000 2025","0","@Wonyouyng Sebesar gunung sedalam laut seluas langit ","1894771076418371845","","Wonyouyng","in","","0","0","0","https://x.com/undefined/status/1894771076418371845","1876070454311690240",
"1894701094200381467","Wed Feb 26 15:25:49 +0000 2025","0","@traveloka Petualangan ke Peru! Naik gunung ke Machu Picchu terus nyobain makanan khas Peru. Worth it banget buat pengalaman!","1894770855466725623","","traveloka","in","","0","0","0","https://x.com/undefined/status/1894770855466725623","1699653851031486464",
"1894770685119271023","Wed Feb 26 15:25:09 +0000 2025","0","si paling ateez turun gunung akhirnya","1894770685119271023","","","in","","0","0","0","https://x.com/undefined/status/1894770685119271023","1429452067681103880",
"1894770020783407432","Wed Feb 26 15:22:30 +0000 2025","0","Gelas dengan tema pemandangan di kaki Gunung Kidul.","1894770020783407432","","","in","","0","1","0","https://x.com/undefined/status/1894770020783407432","2776644936",
"1894769378778124542","Wed Feb 26 15:19:57 +0000 2025","5","Komisi IV DPR RI bersama Kementerian Pertanian meninjau salah satu perusahaan pembibitan ayam dan bebek terbesar di Indonesia yang berlokasi di Gunung Sindur Bogor Jawa Barat.Ketua Komisi IV DPR RI Titiek Soeharto mengharapkan pemerintah terus meningkatkan kualitas genetik https://t.co/HNrjruXCTj","1894769378778124542","https://pbs.twimg.com/ext_tw_video_thumb/1894769179947073536/pu/img/O2y4MRAPZm47K1Z6.jpg","","in","","0","2","3","https://x.com/undefined/status/1894769378778124542","1827185080336633856",
"1894766431985922149","Wed Feb 26 15:15:45 +0000 2025","2","Asal-usul Munggahan Sebagaimana diutarakan di awal istilah 'Munggahan' berasal dari kata 'unggah' yang berarti naik. Menurut Tata Twin Prehatinia dan Widiati Isana dalam jurnal di UIN Sunan Gunung Djati Bandung berjudul Perkembangan Tradisi Keagamaan Munggahan Kota Bandung Jawa","1894768323180876180","","DjajangKachev","in","","0","1","0","https://x.com/undefined/status/1894768323180876180","2757790193",
"1894767655191728184","Wed Feb 26 15:13:06 +0000 2025","0","Bisa race bareng naik gunung bareng ikut kegiatan sosial bareng aduh kayaknya seru yaa","1894767655191728184","","","in","","0","0","0","https://x.com/undefined/status/1894767655191728184","235015866",
"1894654565636870344","Wed Feb 26 15:12:02 +0000 2025","0","@Calamrary Boleh sayang tapi aku cuma bisa melukis gunung 2 ada sawahnya dan matahari di tengah","1894767386198454283","","Calamrary","in","","0","1","0","https://x.com/undefined/status/1894767386198454283","1442379907321843720",
"1894767381718962330","Wed Feb 26 15:12:01 +0000 2025","0","kok temen2 ku pada naik gunung semua dah","1894767381718962330","","","in","","0","0","0","https://x.com/undefined/status/1894767381718962330","1518251205667225601",
"1894766360351457308","Wed Feb 26 15:07:58 +0000 2025","0","pengen naik gunung deket rumah tp keburu puasa","1894766360351457308","","","in","","0","0","0","https://x.com/undefined/status/1894766360351457308","958826238281359360",
"1894765040403984699","Wed Feb 26 15:06:59 +0000 2025","0","@pin_apind Gunung Kelud","1894766116070891991","","","in","","0","0","0","https://x.com/undefined/status/1894766116070891991","1861422879268839426",
"1894663204787425317","Wed Feb 26 15:06:37 +0000 2025","0","@augusta_tehe Kak kamu berharga! Ga mudah hadepin apa yg kamu hadepin kamu keren banget udah sejauh ini. Kalau sudah sejauh ini aku yakin kamu punya masa depan. Mungkin sekarang dunia kamu lagi jatuh banget tapi semakin dalam dasar gunung semakin tinggi gunungnya. Tuhan memberkati ya kak!","1894766023666188500","","","in","","0","0","0","https://x.com/undefined/status/1894766023666188500","1419671059",
"1894734088776597707","Wed Feb 26 15:06:21 +0000 2025","0","@pardonbabe asli apa aku ke Gunung Lawu ya betapa atau ambil paket meditasi seminggu bareng biksu Ini semua AU yang aku baca akhir2 ini nyakitin aku bgtttt Ud","1894765954665775244","","pardonbabe","in","","0","1","0","https://x.com/undefined/status/1894765954665775244","1525394939039084545",
"1894765841780273632","Wed Feb 26 15:05:54 +0000 2025","0","Ketinggalan berita apa aing? Baru tturun gunung ","1894765841780273632","","","in","","0","0","0","https://x.com/undefined/status/1894765841780273632","2235474702",
"1894765521507381752","Wed Feb 26 15:04:38 +0000 2025","0","Semangat nabungnya kan mau naik gunung!️ -ucapku terhadap diri sendiri","1894765521507381752","","","in","","0","0","0","https://x.com/undefined/status/1894765521507381752","1034071687",
"1894708366255309044","Wed Feb 26 15:04:29 +0000 2025","0","@suasuwa OP tapi ga sombong wkwk gunung meledak sama dia juga bukannya bangga malah ngerasa bersalah ","1894765485587337352","","suasuwa","in","","0","1","0","https://x.com/undefined/status/1894765485587337352","1875037444154040320",
"1894765352304902377","Wed Feb 26 15:03:57 +0000 2025","0","Kasus DBD Terbanyak Kelurahan Gunung Telihan Bontang Ajak Warga Peduli Kebesihan https://t.co/bzvj1RsfQg","1894765352304902377","","","in","","0","0","0","https://x.com/undefined/status/1894765352304902377","1256110480994656256",
"1894569338704990468","Wed Feb 26 15:03:15 +0000 2025","0","@draftext pengen banget ke gunung itu","1894765173577248814","","draftext","in","","0","0","0","https://x.com/undefined/status/1894765173577248814","1246791549536497666",
"1894677786998301035","Wed Feb 26 15:00:47 +0000 2025","1","@jeannirsln Karena punya harapan setinggi gunung yg blm kesampaian ","1894764555668189552","","jeannirsln","in","","0","0","0","https://x.com/undefined/status/1894764555668189552","894417564591210497",
"1894764348033417229","Wed Feb 26 14:59:58 +0000 2025","0","2 bulan gak ke gunung manapun berasa kaya 2 tahun ","1894764348033417229","","","in","","0","0","0","https://x.com/undefined/status/1894764348033417229","917299792497094656",
"1894763595382305133","Wed Feb 26 14:59:28 +0000 2025","0","‍️: Mendesak gimana? Kok bisa gak kecanduan? Aku: Aku waktu naik gunung itu kena hipertermia udah minum kopi langsung dari panci istilahnya ttp mengigil ya cobain nganetin ngerokok malah pahit bukan hangat ","1894764222657200430","","Pemudabaja","in","","0","1","0","https://x.com/undefined/status/1894764222657200430","1541070648633872384",
"1894763917056115035","Wed Feb 26 14:58:15 +0000 2025","122","Betul memang gedenya semeter tapi dia bukan jaguar melainkan kambing gunung‍↔️ https://t.co/eBtx9UHEEa","1894763917056115035","https://pbs.twimg.com/media/GkuNu-7XsAAYwzA.jpg","","in","","0","3","8","https://x.com/undefined/status/1894763917056115035","1631328646693810177",
"1894762744773292392","Wed Feb 26 14:54:32 +0000 2025","0","@rakav_ KENAPA GUNUNG KIDUL KOCAK aku sleman pride ","1894762981399105562","","rakav_","in","","0","1","0","https://x.com/undefined/status/1894762981399105562","2228280439",
"1894688488844575179","Wed Feb 26 14:53:59 +0000 2025","0","@anakmamanenka @SukabumiiFess Mending ke gunung gunung puyuh ","1894762841665945770","","anakmamanenka","in","","0","1","0","https://x.com/undefined/status/1894762841665945770","1122678234422763520",
"1894626486545780942","Wed Feb 26 14:31:58 +0000 2025","0","@CNNIndonesia Kira2 kalo nanti gagal dan negara boncos dia masih ngomong kaya gitu atau pura2 ga tau kaya prabowo terhadap proyek lumbung pangan di gunung mas?","1894757303234252876","","CNNIndonesia","in","","0","0","0","https://x.com/undefined/status/1894757303234252876","1507769095152103431",
"1894757216366014593","Wed Feb 26 14:31:37 +0000 2025","0","Kalau yg rumahnya pinggir jalan tu ada kalau yg sampe masuk-masuk lewat sawah lembah gunung sungai hutan itu perlu kesabaran ekstra","1894757216366014593","","","in","","0","0","0","https://x.com/undefined/status/1894757216366014593","1514484803751477256",
"1894737006292599266","Wed Feb 26 14:27:40 +0000 2025","0","@berotaksengku_ ayo manjat gunung","1894756221393273211","","sengkuinc","in","","0","0","0","https://x.com/undefined/status/1894756221393273211","505841530",
"1894737006292599266","Wed Feb 26 14:27:08 +0000 2025","0","@telepon mending main manjat gunung gw jg ga bisa","1894756086680637844","","telepon","in","","0","1","0","https://x.com/undefined/status/1894756086680637844","1230298112243224576",
"1894593241334612064","Wed Feb 26 14:26:20 +0000 2025","0","@kelixmann Tengah gunung","1894755885970571559","","kelixmann","in","","0","0","0","https://x.com/undefined/status/1894755885970571559","777774752337309696",
"1894678224590000322","Wed Feb 26 14:25:29 +0000 2025","0","@Karnna Rambutnya bondol tapi pesonanya seluas semesta setiap helai memerintah angin tunduk padanya. Tatapannya menyalakan bintang senyumnya mencairkan gunung ia tak berjalan tapi bumi yang bergerak mendekatinya alamakkk ngeri kali spil barbersop","1894755671217951102","","Karnna","in","","0","1","0","https://x.com/undefined/status/1894755671217951102","768985195437436928",
"1894581005115429082","Wed Feb 26 14:24:57 +0000 2025","0","@pacarcyeol Gilaa kali padahal sesepuh exol udh pada mau turun gunung ","1894755537054790138","","pacarcyeol","in","","0","0","0","https://x.com/undefined/status/1894755537054790138","2380428572",
"1894754446036656210","Wed Feb 26 14:21:42 +0000 2025","0","@jahrarubyjaraa Makan udara gunung fuji jah","1894754717429039405","","jahrarubyjaraa","in","","0","1","0","https://x.com/undefined/status/1894754717429039405","1644032948495319042",
"1894588261399761246","Wed Feb 26 14:21:22 +0000 2025","1","@StefanAntonio__ @tempodotco Ndasmu @KPK_RI","1894754635950489620","","StefanAntonio__","in","","0","0","0","https://x.com/undefined/status/1894754635950489620","1701624074877984768",
"1889641577686901030","Wed Feb 26 14:21:19 +0000 2025","0","62. Raja Zhou kirim Zhang Shan perang lawan Xiqi. Dapeng bantu Zhang tapi kalah dari Nezha cs. Kesal coba keringin laut yang lindungi Xiqi gagal total. Kabur ke gunung ketemu pendeta dikasih kue aneh terus perutnya sakit parah. https://t.co/dt6gIgZoPI","1894754624122540425","https://pbs.twimg.com/media/GkuFSg1WkAAsiRp.jpg","wongkayan_","in","","0","1","0","https://x.com/undefined/status/1894754624122540425","171902222",
"1894754546691473616","Wed Feb 26 14:21:01 +0000 2025","7","Sundanese culture traditional dance heritage in Indonesia: jaipongan/jaipong ketuk tilu ronggeng gunung doger merak sunda topeng banjet badaya kandagan keurseus gawil ratu graeni lenyepan sulintang kalang mayang katon kandagan gagahan putra sekar putri prawesti.","1894754546691473616","","","in","","0","0","0","https://x.com/undefined/status/1894754546691473616","1175518892178821120",
"1894754529339637946","Wed Feb 26 14:20:57 +0000 2025","7","Warisan budaya tari tradisional Sunda di Indonesia: jaipongan/jaipong ketuk tilu ronggeng gunung doger tarian merak sunda topeng banjet badaya kandagan keurseus gawil ratu graeni lenyepan sulintang kalang mayang katon kandagan gagahan putra sekar putri prawesti.","1894754529339637946","","","in","","0","0","0","https://x.com/undefined/status/1894754529339637946","1175518892178821120",
"1894754499056869625","Wed Feb 26 14:20:50 +0000 2025","7","Warisan budaya tarian tradisional Sunda di Indonesia: jaipongan/jaipong ketuk tilu ronggeng gunung doger tari merak sunda topeng banjet badaya kandagan keurseus gawil ratu graeni lenyepan sulintang kalang mayang katon kandagan gagahan putra sekar putri prawesti.","1894754499056869625","","","in","","0","0","0","https://x.com/undefined/status/1894754499056869625","1175518892178821120",
"1894736733356351911","Wed Feb 26 14:19:08 +0000 2025","0","@siapaihh @sbyfess Ta ajak mangan ndi kene https://t.co/Sumbeb4fo1","1894754072261181593","","siapaihh","in","","0","0","0","https://x.com/undefined/status/1894754072261181593","173407719",
"1894753542902370529","Wed Feb 26 14:17:02 +0000 2025","5","Kangen main ke gunung https://t.co/f2EHk68kVg","1894753542902370529","https://pbs.twimg.com/ext_tw_video_thumb/1894753491819597824/pu/img/AgHRcKqOYAgRdTYw.jpg","","in","","0","2","0","https://x.com/undefined/status/1894753542902370529","1395549445127753729",
"1894753418092433907","Wed Feb 26 14:16:32 +0000 2025","1","Halo #SobATRBPN KaBar (Kantah Pesibar). . Pelaksanaan Kegiatan Konstatering (Pencocokan Objek). . Di Gunung Sari Kelurahan Pasar Kota Krui Kecamatan Pesisir Tengah Kabupaten Pesisir Barat Lampung. ----------- Humas Kantah Kab. Pesisir Barat https://t.co/K3DNjUu1do","1894753418092433907","https://pbs.twimg.com/media/GkuEJicWUAAdrhT.jpg","","in","","0","0","0","https://x.com/undefined/status/1894753418092433907","1572160999855386624",
"1894721062082097383","Wed Feb 26 14:12:50 +0000 2025","1","@prastow @PSIMJOGJA Ayo om suport persig gunung kidul","1894752489079197756","","prastow","in","","0","1","0","https://x.com/undefined/status/1894752489079197756","48320837",
"1894652232068731180","Wed Feb 26 14:12:20 +0000 2025","0","@alongaiel Jepang lah mentok biar bisa nonton Konser disana sekalian.Mantengin gelindingan salju di gunung Fuji ","1894752361249440010","","alongaiel","in","","0","0","0","https://x.com/undefined/status/1894752361249440010","1746378763443773440",
"1894663204787425317","Wed Feb 26 14:12:20 +0000 2025","0","@augusta_tehe Ayo kak bertahan sedikit lebih lama banyak sekali di kehidupan sekali ini kakak belum coba. Seperti pergi ke banda neira ke gunung fuji truss foto sama idol. Aku tau ini gak mudah tapi aku harap rep aku ini dibaca dan kakak berubah pikiran lgi tentang bundir. Semangat️","1894752359815020750","","keybelajar","in","","0","0","0","https://x.com/undefined/status/1894752359815020750","1807817369395638272",
"1894750696840519820","Wed Feb 26 14:11:42 +0000 2025","0","@Angkasasemesta1 Gunung mana nih","1894752201442279844","","Angkasasemesta1","in","","0","1","0","https://x.com/undefined/status/1894752201442279844","1580707124350705664",
