"conversation_id_str","created_at","favorite_count","full_text","id_str","image_url","in_reply_to_screen_name","lang","location","quote_count","reply_count","retweet_count","tweet_url","user_id_str","username"
"1862999567337402767","Sat Nov 30 23:18:04 +0000 2024","1","Aku benar-benar #MimpiIndah semalam karena aku mimpi diajak jalan-jalan sama Indah ke Gunung Kerinci","1862999567337402767","","","in","","0","0","0","https://x.com/undefined/status/1862999567337402767","1693530952474222593",
"1861677563711758496","Sat Nov 30 23:16:22 +0000 2024","0","Kesampaian akhirnya didatangkan langsung dari gunung kidul ","1862999141020012940","","ergiprahend","in","","0","0","0","https://x.com/undefined/status/1862999141020012940","302605415",
"1862999021553602607","Sat Nov 30 23:15:54 +0000 2024","171","Pos Pendakian Gunung Lemongan tidak memenuhi syarat untuk dianggap sebagai sebuah pos jalur pendakian. Setelah kami mengetahui kejadian ketika kami mendaki kemarin maka kami dapat mengambil asumsi demikian. Pada saat kami melakukan pendakian kemarin di gunung lemongan kami https://t.co/WbTaObz02w","1862999021553602607","https://pbs.twimg.com/media/GdqzueUXsAAcoZT.jpg","","in","","4","13","81","https://x.com/undefined/status/1862999021553602607","2218872146",
"1862838139536208265","Sat Nov 30 23:15:15 +0000 2024","0","@kegblgnunfaedh Ini yg cari sensasi si cewek ato polisi penyidiknya sih??? Herman gue... bukan agus...","1862998860429508846","","kegblgnunfaedh","in","","0","0","0","https://x.com/undefined/status/1862998860429508846","1701624074877984768",
"1862998044565979547","Sat Nov 30 23:12:01 +0000 2024","0","Capekk bgt seminggu 3 Gunung - 23/11/24 Mt. Lorokan - 27/11/24 Mt. Watu Jengger - 30/11/24 Mt. Budug Asu","1862998044565979547","","","in","","0","0","0","https://x.com/undefined/status/1862998044565979547","1458769470697066497",
"1862996710294954481","Sat Nov 30 23:06:43 +0000 2024","16","Istri Denny Sumargo Ternyata Lulusan Hukum Disebut Jadi Alasan Jusuf Hamka Turun Gunung https://t.co/7LfD7xWI76","1862996710294954481","","","in","","0","0","13","https://x.com/undefined/status/1862996710294954481","887743587579944960",
"1862792478354456789","Sat Nov 30 23:03:16 +0000 2024","0","@sbyfess terserah penting yg deket sawah/gunung","1862995841742741691","","sbyfess","in","","0","0","0","https://x.com/undefined/status/1862995841742741691","3166286166",
"1862995558555951151","Sat Nov 30 23:02:08 +0000 2024","1"," Lewotobi Calls We Answer Ada acara charity nih gaes bagi yang berminat bantu~ untuk membantu saudara dan saudari kita yang terkena dampak erupsi Gunung Lewotobi. https://t.co/6qhzRez6HP","1862995558555951151","","","in","","0","1","0","https://x.com/undefined/status/1862995558555951151","135589459",
"1862993883824869611","Sat Nov 30 22:58:31 +0000 2024","0","@Jiminbts_twt_13 Selamat pagi jimina.. Kamu tau apa yang ku minum sekarang.. Selamat hari Minggu... Jaga diri mu juga... jangan ke gunung dulu dingin..","1862994649042108720","","Jiminbts_twt_13","in","","0","1","0","https://x.com/undefined/status/1862994649042108720","1547353225367789568",
"1862743494823116844","Sat Nov 30 22:58:13 +0000 2024","0","@spargowentgone Opung gw dulu rumahnya di kaki gunung nebo","1862994573183914038","","spargowentgone","in","","0","0","0","https://x.com/undefined/status/1862994573183914038","95359127",
"1862994105774842276","Sat Nov 30 22:56:22 +0000 2024","11","Gua mau fokus nontonin iklan ama streaming dlu ya ntar kalo moots gua udh pada turun gunung gua mau ikutan tapi rada sorean ya xixi","1862994105774842276","","","in","","0","1","0","https://x.com/undefined/status/1862994105774842276","1751460889201676288",
"1862989408544399606","Sat Nov 30 22:56:08 +0000 2024","0","@Candrapangarep Cocok om.... jas udan ku suwek.... nopo kuiz e spil foto jas udan suwek mawon?? Yg terparah yg berhak diganti??? Hihihi....","1862994047637557331","","Candrapangarep","in","","0","0","0","https://x.com/undefined/status/1862994047637557331","1701624074877984768",
"1862450865283768747","Sat Nov 30 22:53:13 +0000 2024","0","@babybear141516 Tiktok ley aku ga ngerti cara make douyin soalnya ngakaaak di box mulu pls ntar kalo ada yang lucu lagi lu bawa ke kamu di sini yak jirrr ngedaki gunung bisa jadi ini anak soalnya pemberani habis ini foto naik naga dia ","1862993315723182235","","babybear141516","in","","0","1","0","https://x.com/undefined/status/1862993315723182235","1515613398113091584",
"1862698957476082081","Sat Nov 30 22:52:00 +0000 2024","0","@ianh1403 @Ant1_Z10NAZl @RWWReborn Dibawah tampah ibu2 mrk pegang senapan mesin... perang memang tipu daya....","1862993009023054040","","Gunung_Agoeng","in","","0","1","0","https://x.com/undefined/status/1862993009023054040","1701624074877984768",
"1862698957476082081","Sat Nov 30 22:50:39 +0000 2024","0","@ianh1403 @Ant1_Z10NAZl @RWWReborn Membedakan gam dan masyarakat emg sulit kata tentara jd bapakmu termasuk yg apes. Pernah ada cerita tentara sdg patroli melewati kampung yg isinya ibu2 begitu lewat sedikit patroli diberondong depan belakang... si penutur pas barisan tengah jd selamat... ternyata dibawah tampah","1862992666457432070","","ianh1403","in","","0","1","0","https://x.com/undefined/status/1862992666457432070","1701624074877984768",
"1862991509420929307","Sat Nov 30 22:46:03 +0000 2024","3","Gunung Semeru kembali erupsi dengan letusan setinggi 500 meter https://t.co/pU5pXzzXcE","1862991509420929307","","","in","","0","0","0","https://x.com/undefined/status/1862991509420929307","121640063",
"1862698957476082081","Sat Nov 30 22:43:58 +0000 2024","0","@Bang_guffy @RWWReborn Kkkk... dibilang penjajah...","1862990987368468901","","Bang_guf","in","","0","0","0","https://x.com/undefined/status/1862990987368468901","1701624074877984768",
"1862987362139336990","Sat Nov 30 22:29:34 +0000 2024","5","Selamat pagi gunung wilis https://t.co/BvahpXPeCa","1862987362139336990","https://pbs.twimg.com/media/GdqpIhYagAAKpdd.jpg","","in","","0","2","1","https://x.com/undefined/status/1862987362139336990","1499627508324794372",
"1862986480555323816","Sat Nov 30 22:26:04 +0000 2024","0","Cara ke Gunung Bromo dari Stasiun Malang Anti Ribet! https://t.co/ntw4vyOZzq","1862986480555323816","","","in","","0","0","0","https://x.com/undefined/status/1862986480555323816","1616331769376276480",
"1862743826336747960","Sat Nov 30 22:23:41 +0000 2024","0","@piotrj @nafasidn Sabtu 30/11/2024 Pagi2 bisa lihat gunung posisi di jatneg https://t.co/tGVisb33WC","1862985883059888638","https://pbs.twimg.com/media/Gdqnxhwb0AACN6w.jpg","piotrj","in","","0","0","0","https://x.com/undefined/status/1862985883059888638","1016538715584323585",
"1862790677110935645","Sat Nov 30 22:22:47 +0000 2024","0","@fajarnugros piramid di gunung padang gk di pagerin kok","1862985657343484268","","fajarnugros","in","","0","0","0","https://x.com/undefined/status/1862985657343484268","1750038245260587008",
"1862982487187808307","Sat Nov 30 22:10:12 +0000 2024","0","Ada hanya saat perlu.. Seperti lahar gunung https://t.co/DJBX0m5t5S","1862982487187808307","https://pbs.twimg.com/media/GdqksMsWMAASU-U.jpg","","in","","0","0","0","https://x.com/undefined/status/1862982487187808307","402309186",
"1862981708519498186","Sat Nov 30 22:07:06 +0000 2024","0","kayak tinggal di gunung deh hari2 dingin mendung gerimis ujan. kangen sinar matahariiiiiiii","1862981708519498186","","","in","","0","0","0","https://x.com/undefined/status/1862981708519498186","1103098362",
"1862977969532350848","Sat Nov 30 21:52:15 +0000 2024","0","Gue kira miminnya halu rupanya beneran bisa liat gunung di jkt cuyy ","1862977969532350848","","","in","","0","0","0","https://x.com/undefined/status/1862977969532350848","900624461778493440",
"1862828988344983652","Sat Nov 30 21:38:18 +0000 2024","0","@IbiSabrn @radenrauf Diajak naik gunung mau ga?","1862974461735317646","","IbiSabrn","in","","0","1","0","https://x.com/undefined/status/1862974461735317646","1207730958390059008",
"1862969088345292885","Sat Nov 30 21:21:55 +0000 2024","0","Ini tuh ibarat gunung aktif lama gak meletus sekalinya meletus langsung gede bgt. Ini antara anti teror indo yg hebat bgt dan gerak underground atau ada kemungkinan indo lagi kecolongan dan gk ada yg ngeh ?","1862970335827784173","","Bungkusinnn","in","","0","0","0","https://x.com/undefined/status/1862970335827784173","1759650195443490816",
"1751586670733136117","Sat Nov 30 21:05:45 +0000 2024","0","Day 314 (17 November) Hari minggu aku ke gunung pangradinan seneng bgt pemandangannya bagus bgt katanya merbabunya jawa barat udaranya adem huhu jd ketagihan naik gunung walaupun cape ini cepet bgt sih tektok pp cuma 2 jaman aja singkat tp nanjak jg.. seru banget. https://t.co/0A4Ya4vCF0","1862966271203246236","https://pbs.twimg.com/media/GdqV8NdXcAAeKC8.jpg","FolinLifter","in","","0","1","0","https://x.com/undefined/status/1862966271203246236","1751575238457094144",
"1862415030400295202","Sat Nov 30 20:55:26 +0000 2024","0","@canathoid666 tas medun gunung dadi gaero opo opo","1862963673138110939","","canathoid666","in","","0","0","0","https://x.com/undefined/status/1862963673138110939","1757705097432498176",
"1862743826336747960","Sat Nov 30 20:51:40 +0000 2024","3","@liperpuul @piotrj @nafasidn whatt amazing seumur2 gw lewatin HI tiap hr ga pernah ada gunung keliatan..","1862962724856078619","","liperpuul","in","","0","0","0","https://x.com/undefined/status/1862962724856078619","1675161847555555328",
"1862961548710523094","Sat Nov 30 20:47:00 +0000 2024","0","Pantesss kmaren pagi kek ternyata jakarta kalo pagi banget keliatan ada gunung ya . Ternyata ga cuma gw doang","1862961548710523094","","","in","","0","0","0","https://x.com/undefined/status/1862961548710523094","750883256",
"1862957618144391223","Sat Nov 30 20:31:22 +0000 2024","0","Seumur-umur gua ga pernah nyangka bakal bisa main sampe set 3 pagi trus juga ke gunung jam 2 pagi dan pulang jam 6 sore wkwkw","1862957618144391223","","","in","","0","0","0","https://x.com/undefined/status/1862957618144391223","1825832088819609603",
"1862956050393243684","Sat Nov 30 20:25:09 +0000 2024","1","MAKSUDDNYAA KE GUNUNG SUMBING YAALLAH","1862956050393243684","","","in","","0","0","1","https://x.com/undefined/status/1862956050393243684","1325047699201126402",
"1851457312751567177","Sat Nov 30 20:24:10 +0000 2024","0","@kthraam Aman aman aja kalo kuat fisiknya saya pertama kali naik gunung langsung ke ciremai kak trus tektok juga","1862955805404004599","","kthraam","in","","0","0","0","https://x.com/undefined/status/1862955805404004599","1606886455120650240",
"1862693068367175897","Sat Nov 30 20:21:55 +0000 2024","1","@FritzAlichT @perutgemes @sisthaaaaa halo ku dr wilayah Belinyu tapi bukan pusat Belinyu e Bahasa ya biase ade di Kelapo Utan Riding Panjang dan Gunung Muda tapi banyaklah yg dk pakai agik bahasa ngape nte ngeratak banyak ge org pake bahasa apo dio","1862955237419757961","","FritzAlichT","in","","1","0","0","https://x.com/undefined/status/1862955237419757961","1850943427321741316",
"1862927619983065331","Sat Nov 30 20:04:14 +0000 2024","0","@_muhshidqi Lagian negeri Ring of Fire gini memang banyak gempa dan letusan gunung. Tapi alhamdulillahnya letusan gunung bikin tanah subur nah loh musibah atau azab atau malah rahmat nih:v","1862950787137315321","","chaintodman","in","","0","0","0","https://x.com/undefined/status/1862950787137315321","1587469864981053440",
"1862816085210431903","Sat Nov 30 19:59:31 +0000 2024","0","@andrigunardiii Rindu naik gunung yh gun","1862949601072058778","","andrigunardiii","in","","0","0","0","https://x.com/undefined/status/1862949601072058778","3184673953",
"1862946229283627251","Sat Nov 30 19:51:48 +0000 2024","0","@PrincipalMaeve Habis ngumpulin mini misi Maeve. Tadi Abang dari daerah gunung jadi susah sinyal.. Ini mau rapihin thread abis itu bobo deh. Trus ini gak tidur lagi kah sampe nanti pagi?","1862947659801317564","","PrincipalMaeve","in","","0","1","0","https://x.com/undefined/status/1862947659801317564","938832331044818944",
"1862932999999730056","Sat Nov 30 19:41:18 +0000 2024","3","@bull_bnb Wah bro FIO itu kaya gunung Merapi ya siap meletus! Tapi kalo mau cuan beneran cek dulu $KOLIN di Solana. Chart-nya lebih yahud dari ini! NFA sih ya kawand","1862945015804166421","","bull_bnb","in","","0","2","0","https://x.com/undefined/status/1862945015804166421","1858092509232050177",
"1862828988344983652","Sat Nov 30 19:40:02 +0000 2024","3","@radenrauf Ayo kak naik gunung bareng menikmati alam https://t.co/95cyxmztq2","1862944698480087076","https://pbs.twimg.com/media/GdqCVIiWwAAaiN_.jpg","radenrauf","in","","0","2","0","https://x.com/undefined/status/1862944698480087076","1656964311213051905",
"1862764375658082684","Sat Nov 30 19:36:43 +0000 2024","0","@cindetr Pergi ke pantai atau gunung untuk merenung","1862943864275009710","","cindetr","in","","0","0","0","https://x.com/undefined/status/1862943864275009710","1433750119946473478",
"1862941372178993613","Sat Nov 30 19:26:49 +0000 2024","1","gasabar bgt bsk naik gunung!!","1862941372178993613","","","in","","0","0","0","https://x.com/undefined/status/1862941372178993613","1035010416907145216",
"1862790677110935645","Sat Nov 30 19:23:10 +0000 2024","0","@fajarnugros apasih yang gak diduitin di negara ini makam sunan gunung jati aja punglinya bisa lima lapis","1862940452854607913","","fajarnugros","in","","0","0","0","https://x.com/undefined/status/1862940452854607913","1685477192795660288",
"1862438915661013498","Sat Nov 30 19:18:34 +0000 2024","0","@tanyakanrl Anak jaman sekarang pada ga taukah kalo Indonesia punya gunung jaya wijaya di Papua yg puncaknya bisa bersalju di musim tertentu? Di sekolah ngapain aja Nder?","1862939297101615285","","tanyakanrl","in","","0","0","0","https://x.com/undefined/status/1862939297101615285","1360963694859980801",
"1862939007904354312","Sat Nov 30 19:17:25 +0000 2024","0","Belah gunung inimah","1862939007904354312","","","in","","0","0","0","https://x.com/undefined/status/1862939007904354312","1378874372182577156",
"1862936895225008378","Sat Nov 30 19:09:02 +0000 2024","0","Sebagai orang yang physical strengthnya lemah kalo tiba-tiba diajak traveling sama sahabat gw trus ternyata dibawa naik gunung gw langsung balik pulang si.","1862936895225008378","","","in","","0","1","0","https://x.com/undefined/status/1862936895225008378","1462041720913215496",
"1862935807033848291","Sat Nov 30 19:04:42 +0000 2024","0","KOCAK LU AKSEL GENGSI DIGEDEIN SETINGGI GUNUNG EVEREST. mending mah duit","1862935807033848291","","","in","","0","0","0","https://x.com/undefined/status/1862935807033848291","1550729506792517632",
"1862738416838009271","Sat Nov 30 19:02:27 +0000 2024","0","@fbyanaaa_ Gunung kembare....juann jaannn jos tenan","1862935240697868599","","ZarekXBT","in","","0","0","0","https://x.com/undefined/status/1862935240697868599","1792973089879498752",
"1862812212362138022","Sat Nov 30 19:00:53 +0000 2024","0","@pioyip Asli sok pengen naek gunung","1862934843505684558","","pioyip","in","","0","0","0","https://x.com/undefined/status/1862934843505684558","329086002",
"1862047593884418260","Sat Nov 30 18:59:12 +0000 2024","0","@YOUJUNGKlM JENG-JENG!!! Kita ke salah satu kota legend di Indonesia. Pasti udah pada tau dong? Kota ini tuh terkenal banget loh guys yaitu Kore gɑ Depok-shi desu Setelah berjuang melewati gunung lautan dan lembah akhirnya kita sampai juga di tujuan kita yaitu Depok https://t.co/QDu1JYlAqK","1862934421164408980","https://pbs.twimg.com/ext_tw_video_thumb/1862934397433106432/pu/img/incS_48VV7NH1zBu.jpg","enamiase","in","","0","1","0","https://x.com/undefined/status/1862934421164408980","1736379380249837568",
"1862552896040304764","Sat Nov 30 18:44:37 +0000 2024","0","@yosefikr kpn yah pendakian gunung semeru bisa dibuka lagi","1862930753539182739","","yosefikr","in","","0","0","0","https://x.com/undefined/status/1862930753539182739","1404438588792590341",
"1862929565632659909","Sat Nov 30 18:39:54 +0000 2024","0","Kangen naik gunung","1862929565632659909","","","in","","0","0","0","https://x.com/undefined/status/1862929565632659909","1399145078",
"1862927983213986087","Sat Nov 30 18:34:33 +0000 2024","0","ada keril apa gua nanjak gunung aja lagi","1862928219219058895","","latiidust","in","","0","0","0","https://x.com/undefined/status/1862928219219058895","1442465446477787139",
"1862928052805898286","Sat Nov 30 18:33:53 +0000 2024","2","Bisa ngeliat skyline jakarta &amp; gunung(gunung gede?) dari UI https://t.co/bqMZXvQR04","1862928052805898286","https://pbs.twimg.com/media/GdpzLp2WMAIOSaM.jpg","","in","","0","0","0","https://x.com/undefined/status/1862928052805898286","1142865901986779136",
"1862927767773536505","Sat Nov 30 18:32:46 +0000 2024","0","Kangen sekali naik gunung Ya Allah","1862927767773536505","","","in","","0","0","0","https://x.com/undefined/status/1862927767773536505","400445008",
"1862927619983065331","Sat Nov 30 18:32:10 +0000 2024","17","Masih menunggu Paris kenak gempa bumi 10SR Longsor entah dari gunung apa hujan nuklir SARMAT dan dibolakbalikkan seperti omelette au fromage","1862927619983065331","","","in","","0","3","0","https://x.com/undefined/status/1862927619983065331","1100493583",
"1862790677110935645","Sat Nov 30 18:31:49 +0000 2024","0","@fajarnugros KE PANTAI GUNUNG BAHKAN BAYAR BANGSAT NEGARA KONTOL","1862927530111730110","","fajarnugros","in","","0","0","0","https://x.com/undefined/status/1862927530111730110","719861499024551936",
"1862927317452070935","Sat Nov 30 18:30:58 +0000 2024","0","Naik gunung tp ak jompo tp pengen","1862927317452070935","","","in","","0","0","0","https://x.com/undefined/status/1862927317452070935","1325438311301746688",
"1862926954951004361","Sat Nov 30 18:29:32 +0000 2024","0","Tahun 2025 adalah tahun kita optimis dgn beberapa harapan / wishlist: - Naik salah satu gunung seven summit Indonesia - Investasi besar utk jangka panjang - Perluas Networking - Mau nyobain HM dan SLU atau sejenisnya - To be a better man kalo kata Robbie Williams. Amin","1862926954951004361","","","in","","0","0","0","https://x.com/undefined/status/1862926954951004361","1030682517173493760",
"1862885594495623463","Sat Nov 30 18:29:30 +0000 2024","0","@lusefeer Jadi keingetan cerita orang Mace aku punya banyak tanah loh di gunung . Beneran di gunung katanya di Toraja pula gunungnya. ","1862926947820699703","","","in","","0","0","0","https://x.com/undefined/status/1862926947820699703","184882384",
"1862725973130846387","Sat Nov 30 18:27:39 +0000 2024","0","@cauvalry anak gunung banget","1862926482928226451","","cauvalry","in","","0","0","0","https://x.com/undefined/status/1862926482928226451","2734530816",
"1862743377877639356","Sat Nov 30 18:26:04 +0000 2024","0","@KucengTerbanggg info keranjangnya bro buat ke gunung ","1862926082133131379","","KucengTerbanggg","in","","0","0","0","https://x.com/undefined/status/1862926082133131379","1542528449616969734",
"1862925911911436788","Sat Nov 30 18:25:23 +0000 2024","0","Nonton milan vs empoli berasa lagi main bola di gunung","1862925911911436788","","","in","","0","0","0","https://x.com/undefined/status/1862925911911436788","1121920280",
"1862743826336747960","Sat Nov 30 18:24:04 +0000 2024","7","@piotrj @nafasidn gunung yang ga biasanya keliatan dari jakut sekarang jadi keliatan https://t.co/R2p3qvnQkV","1862925582117568697","https://pbs.twimg.com/media/Gdpw7_ZXgAAeFpe.jpg","piotrj","in","","0","0","0","https://x.com/undefined/status/1862925582117568697","1214217724131299328",
"1862805882838610323","Sat Nov 30 18:18:02 +0000 2024","0","@ceyepar_kk Ha allah aku mesti kesini kalo ke batu ke lantai atas sendiri nyari yg view gunung calep bgt","1862924062181474345","","ceyepar_kk","in","","0","1","0","https://x.com/undefined/status/1862924062181474345","2887900290",
"1862922684868522121","Sat Nov 30 18:12:34 +0000 2024","0","ternyata rasa excited H-1 sebelum naik gunung masih ada aw aw aw","1862922684868522121","","","in","","0","0","0","https://x.com/undefined/status/1862922684868522121","1158713997492756481",
"1862921646493028524","Sat Nov 30 18:08:26 +0000 2024","0","tak perlu tertawa atau menangis pada gunung dan laut karena gunung dan laut tak punya rasa","1862921646493028524","","","in","","0","0","0","https://x.com/undefined/status/1862921646493028524","982779917103284225",
"1862897389536673893","Sat Nov 30 18:06:26 +0000 2024","0","@unsoedmfs di gunung muria banyak der","1862921141247213864","","unsoedmfs","in","","0","0","0","https://x.com/undefined/status/1862921141247213864","1501728120810123265",
"1862920297923715443","Sat Nov 30 18:03:27 +0000 2024","2"," Mungkin saja mereka memang ada ritual. Seperti mengonsumsi tumbuhan tertentu kan mereka tinggal di jauh di dalam hutan di gunung jadi otomatis kan namanya di gunung pasti banyak tumbuhan-tumbuhan yang mungkin kita belum tau khasiatnya jelas Yowan.","1862920392194806251","","BosRiyan","in","","0","1","0","https://x.com/undefined/status/1862920392194806251","796854135576350720",
"1862920126091477188","Sat Nov 30 18:02:24 +0000 2024","0","dalam satu semester ini sudah 3 gunung gasabar selanjut2nya ","1862920126091477188","","","in","","0","1","0","https://x.com/undefined/status/1862920126091477188","1275477263853608960",
"1862863934241354188","Sat Nov 30 18:00:31 +0000 2024","1","@harrysofian Pacetnya terlihat bergerak lebih cepat dibanding kalau ketemu pacet di sekitar gunung Gede ","1862919655800918144","","harrysofian","in","","0","1","0","https://x.com/undefined/status/1862919655800918144","937332991361040385",
"1862552445165150575","Sat Nov 30 18:00:26 +0000 2024","0","@yosefikr Puncak gunung emng selalu indah","1862919632874807625","","yosefikr","in","","0","0","0","https://x.com/undefined/status/1862919632874807625","352451595",
"1862552445165150575","Sat Nov 30 18:00:01 +0000 2024","0","@yosefikr belom pernah naik gunung gue bang :(","1862919528835084494","","yosefikr","in","","0","0","0","https://x.com/undefined/status/1862919528835084494","149835325",
"1862465872981590353","Sat Nov 30 17:56:10 +0000 2024","1","@bud1_f1 @CNNIndonesia Maksudnya UGM cabang gunung kidul bang..!","1862918558487052660","","bud1_f1","in","","0","0","0","https://x.com/undefined/status/1862918558487052660","1688579388915486721",
"1862828988344983652","Sat Nov 30 17:55:34 +0000 2024","3","@radenrauf Tolong angkut temen saya nih @pengumpulaamiin hidupnya kalo ga di rumah sakit ya di gunung. Kasian ga ada yg ngajakin jalan :( #LoveStory https://t.co/DxozdtdpZt","1862918407081103728","https://pbs.twimg.com/media/GdpqahMWkAApkRB.jpg","radenrauf","in","","0","0","0","https://x.com/undefined/status/1862918407081103728","59445063",
"1862556484409991498","Sat Nov 30 17:55:21 +0000 2024","0","@yosefikr keren bgt mi gunung yah cakep viewny","1862918354090209681","","yosefikr","in","","0","0","0","https://x.com/undefined/status/1862918354090209681","1317236826273312769",
"1862854356078608781","Sat Nov 30 17:46:37 +0000 2024","28","@terareka @kdrama_menfess Baru ngobrol bareng saeon nya stlh kejadian ilang di gunung kak. Pas heejoo ilang di gunung dia msh pura² jd 406. Saeon bisa nemuin heejoo karena heejoo nelpon pake hp 406 ceritanya si 406 ini tau keberadaan haejoo trs nyuruh saeon cepet dateng https://t.co/xzYw8jcWVI","1862916156610519398","","terareka","in","","0","1","3","https://x.com/undefined/status/1862916156610519398","994233535698423808",
"1862916129225847236","Sat Nov 30 17:46:31 +0000 2024","0","13. Sinonim mati tewas = ______gal + sinonim kodok = ___ak 14. ___daki gunung lewati lembah + selebtok yang terkenal itu namanya Fadil __i__ 15. Riyadh adalah ibukota ___b Saudi. Nomer 15 ulang dua kali","1862916129225847236","","","in","","0","0","0","https://x.com/undefined/status/1862916129225847236","2680238665",
"1862912955689701668","Sat Nov 30 17:33:54 +0000 2024","0","damn when the phone rings sebagus itu coii kata gua ya saon klo lu demen tuh tunjukin gengsinya setinggi gunung bjillll","1862912955689701668","","","in","","0","0","0","https://x.com/undefined/status/1862912955689701668","1073219555273584641",
"1862637623074070679","Sat Nov 30 17:33:44 +0000 2024","0","@Mailody_Anne aku gunung sama laut","1862912911980831018","","Mailody_Anne","in","","0","0","0","https://x.com/undefined/status/1862912911980831018","1124537245061369857",
"1862911282351149107","Sat Nov 30 17:31:40 +0000 2024","0","@ctrlnay Turun gunung","1862912392897958313","","ctrlnay","in","","0","0","0","https://x.com/undefined/status/1862912392897958313","1732418198547415040",
"1862666489314386110","Sat Nov 30 17:31:30 +0000 2024","0","@octarinecor Jadi pengen naik gunung ","1862912350732550223","","octarinecor","in","","0","0","0","https://x.com/undefined/status/1862912350732550223","1810300914487701505",
"1862912217160806504","Sat Nov 30 17:30:58 +0000 2024","0","Menemukan ini di fb Jikalau bumi berputar dengan kecepatan 1040 mile perjam kenapa asap gunung merapi bisa tetap tegak selama berjam jam bahkan bisa seharian ... harusnya kan asapnya kemana mana mengitari bumi ini .. #lol https://t.co/J0HlksZnYl","1862912217160806504","https://pbs.twimg.com/media/GdpjiMHWgAAllTh.jpg","","in","","1","0","0","https://x.com/undefined/status/1862912217160806504","1402624480757706757",
"1862878799857426712","Sat Nov 30 17:29:19 +0000 2024","0","@protozoazui spill kebab gunung guntur sbelah manany","1862911802637681037","","protozoazui","in","","0","1","0","https://x.com/undefined/status/1862911802637681037","1460512968009912320",
"1862911406108229666","Sat Nov 30 17:27:45 +0000 2024","0","Beneran lho menstruasi kadang sakitnya minta ampun apalagi di 30an ke atas ini makin edun. Dulu mens masih bisa naik gunung sekarang klo lagi puncaknya mens pengennya cuman rebahan sambil meluk buli-buli.","1862911406108229666","","","in","","0","0","0","https://x.com/undefined/status/1862911406108229666","1136265230",
"1862907031990194540","Sat Nov 30 17:17:27 +0000 2024","0","Gue pengen bgt nyoba backpackerrr.. terus ke gunung rinjanii.. tp krn gue belum prnh muncak gue pengen nyoba yg kecil2 dlu. Sayangnya skrg lg musim hujan gue gak bisa muncak pas libur akhir tahun","1862908815425015867","","victaetory","in","","0","0","0","https://x.com/undefined/status/1862908815425015867","1674743491",
"1862908765525467464","Sat Nov 30 17:17:15 +0000 2024","0","Tengah malem ngetawain VT jas ujan putih di gunung sama kuis family100 core wkwkwk","1862908765525467464","","","in","","0","0","0","https://x.com/undefined/status/1862908765525467464","111787463",
"1862907031990194540","Sat Nov 30 17:13:15 +0000 2024","0","Fyp gue isinya gunung bandung wisata alam semua... gue pengen banget ngunjungin. Tp sekilas pun gue gak ada keinginan ngajak temen gue. Dan ternyata bener pas gue coba ngajak jalan udah ngeluh duluan","1862907759722942469","","victaetory","in","","0","1","0","https://x.com/undefined/status/1862907759722942469","1674743491",
"1862907741154787664","Sat Nov 30 17:13:11 +0000 2024","0","Pernah nyiptain lagu pas masih kecil gara-gara abis nonton Titanic. Intronya gw lupa pokoknya liriknya ada: Awas di sana Ada gunung es Ku tak mau lihat AWWWW BRAAKKKKK SHAAAUUUU Untung tak terjadi apa-apa Karena apa? Karena kapal ini sangat besar Wooooo Wexiang wexiang","1862907741154787664","","","in","","0","1","0","https://x.com/undefined/status/1862907741154787664","1454128041374797824",
"1862500647616356627","Sat Nov 30 17:12:42 +0000 2024","0","@Lazoope boleh apalagi gunung km","1862907619675136099","","Lazoope","in","","0","0","0","https://x.com/undefined/status/1862907619675136099","1743365730240958464",
"1862907093138960737","Sat Nov 30 17:10:36 +0000 2024","0","DI SANA GUNUNG DI SINI GUNUNG","1862907093138960737","","","tl","","0","2","0","https://x.com/undefined/status/1862907093138960737","781179451971244032",
"1862904762108457067","Sat Nov 30 17:10:23 +0000 2024","0","@fluffyhairbuoy @skorpiyoo wondering siapa yg bisa menaklukan puncak gunung everest","1862907037283504159","","fluffyhairbuoy","in","","0","1","0","https://x.com/undefined/status/1862907037283504159","1746371298585145344",
"1862906782496313606","Sat Nov 30 17:09:22 +0000 2024","0","DI SANA GUNUNG DI SINI ..?","1862906782496313606","","","in","","0","0","0","https://x.com/undefined/status/1862906782496313606","781179451971244032",
"1862904969088938083","Sat Nov 30 17:05:51 +0000 2024","0","@pinoy1919 Gunung Selamat Ulang Tahun Doa Terbaik di Usia Sekarang ","1862905897816908097","","pinoy1919","in","","0","1","0","https://x.com/undefined/status/1862905897816908097","1582844174722019329",
"1862905650386546757","Sat Nov 30 17:04:52 +0000 2024","0","OK DI SANA GUNUNG RIKI","1862905650386546757","","","in","","0","0","0","https://x.com/undefined/status/1862905650386546757","781179451971244032",
"1862905602198163743","Sat Nov 30 17:04:41 +0000 2024","0","APAAN GUNUNG??","1862905602198163743","","","in","","0","0","0","https://x.com/undefined/status/1862905602198163743","781179451971244032",
"1862857654194122992","Sat Nov 30 17:03:20 +0000 2024","0","@hourlycint Gunung sindur","1862905262522396785","","notcinto","in","","0","1","0","https://x.com/undefined/status/1862905262522396785","1380541894086692879",
"1862905012730663092","Sat Nov 30 17:02:20 +0000 2024","0","Cek Celana Panjang Gunung Mount Avo Hitam Celana Outdoor Stretch Series Antarestar dengan harga Rp220.000. Dapatkan di Shopee sekarang! https://t.co/J3I1e1xFwK https://t.co/cxv34DZdjW","1862905012730663092","https://pbs.twimg.com/media/GdpePKwWkAAvFBQ.jpg","","in","","0","0","0","https://x.com/undefined/status/1862905012730663092","1231768276323074049",
"1862552445165150575","Sat Nov 30 17:01:18 +0000 2024","0","@yosefikr Jadi tau gunung manglayang","1862904749730963702","","yosefikr","in","","0","0","0","https://x.com/undefined/status/1862904749730963702","1424554010",
"1861056633646014478","Sat Nov 30 17:00:31 +0000 2024","0","@joyimsy Kok bisa naik gunung sendirian? Hmm me time ceritanya ya. Ah begitu","1862904553726955768","","joyimsy","in","","0","0","0","https://x.com/undefined/status/1862904553726955768","1099533112193609734",
"1862438915661013498","Sat Nov 30 16:51:47 +0000 2024","0","@tanyakanrl ada lho nder di gunung jaya wijaya ","1862902356930912536","","tanyakanrl","in","","0","0","0","https://x.com/undefined/status/1862902356930912536","1603825293378011136",
"1862556484409991498","Sat Nov 30 16:51:29 +0000 2024","0","@yosefikr gunung yang sangat tinggi banget kalau diliat","1862902282364612670","","yosefikr","in","","0","0","0","https://x.com/undefined/status/1862902282364612670","1734904938239868928",
"1862899822581489790","Sat Nov 30 16:49:30 +0000 2024","1","I mean dari yg awalnya Pangea trs terpecah pecah jadi Eurasia Afrika Amerika Antartika dan Australia itu sebabnya apa kalau bukan gempa letusan gunung berapi (dan tsunami)?? Ya kali bro krn azab.","1862901783552754156","","Leviathan5th","in","","0","1","0","https://x.com/undefined/status/1862901783552754156","2206517538",
"1862873184389005708","Sat Nov 30 16:48:19 +0000 2024","0","@hamangkurat lg di gunung mana lagi kau","1862901486075978211","","hamangkurat","in","","0","1","0","https://x.com/undefined/status/1862901486075978211","1287031286402387968",
"1843946542371402181","Sat Nov 30 16:42:24 +0000 2024","0","⠀⠀ (cont.) Tidak hanya dari ukuran pigura tapi ... Ini perempuan bisikan dari alam ya? Bukankah temanya begitu? Apakah ada alasan tersendiri mengapa sang pelukis meletakannya di tengah dengan warna yang mencolok pula di antara lukisan gunung dan laut; kuning. (cont.) ⠀⠀","1862899996183736373","","ROCKWIFHME","in","","0","1","1","https://x.com/undefined/status/1862899996183736373","1584890732258951168",
"1862899822581489790","Sat Nov 30 16:41:43 +0000 2024","3","Maslahnya tuh many of us dont believe in your sacred texts dan yg kalian sebut azab berupa gempa tsunami dan letusan gunung berapi dll itu emg bagian dari cara hukum alam bekerja demi trjaga keseimbangan. Lo jahat bngt kalau tsuanmi yg menimpa Aceh thn 2004 dianggap Azab cuy","1862899822581489790","","","in","","0","1","0","https://x.com/undefined/status/1862899822581489790","2206517538",
"1862899807540699600","Sat Nov 30 16:41:39 +0000 2024","1","cocok nih dipake pas naik gunung wkwk","1862899807540699600","","","in","","0","1","0","https://x.com/undefined/status/1862899807540699600","1600789496718848000",
"1862792478354456789","Sat Nov 30 16:38:19 +0000 2024","1","@sbyfess Kediri ae ngomah ngisor gunung ayem tentrem","1862898965563441472","","sbyfess","in","","0","0","0","https://x.com/undefined/status/1862898965563441472","1106604964250447872",
"1862884278457242007","Sat Nov 30 16:38:13 +0000 2024","0","@365DAYSBGR Bertapaaaa di gunung ","1862898940825436572","","365DAYSBGR","in","","0","1","0","https://x.com/undefined/status/1862898940825436572","1815627765481340928",
"1862829584678633818","Sat Nov 30 16:37:14 +0000 2024","0","@jurek_santai Kawah ratu kaki gunung salak kak","1862898696784130304","","jurek_santai","in","","0","1","0","https://x.com/undefined/status/1862898696784130304","1225249948704182272",
"1862898469993857098","Sat Nov 30 16:36:20 +0000 2024","0","infokan curug gunung tennis jogging badmin renang abis sidang‼️‼️‼️","1862898469993857098","","","in","","0","0","0","https://x.com/undefined/status/1862898469993857098","1257296434442862592",
"1862874132037452220","Sat Nov 30 16:36:01 +0000 2024","0","@Miloduasendok mau join jadi anak gunung kak? ️","1862898388704153650","","Miloduasendok","in","","0","0","0","https://x.com/undefined/status/1862898388704153650","3255534834",
"1843946542371402181","Sat Nov 30 16:35:16 +0000 2024","0","@kisahwinona ⠀⠀ ⠀⠀⠀ Soalnya Biologi itu banyak kuliah lapangan. Bisa di gunung bisa di pantai. Saya kuliah lapangan beberapa kali di gunung terang Ansel. ⠀⠀⠀Dapatkan respons bingung sang adam mulai menyadari bahwa komentar-komentarnya terdengar konyol. Lihat lah (cont.) ⠀⠀","1862898199645790439","","kisahwinona","in","","0","1","0","https://x.com/undefined/status/1862898199645790439","1584890732258951168",
"1862897918233166233","Sat Nov 30 16:34:09 +0000 2024","0","fto lama boleh join gak tiap pagi wktu sma pemandangan pagi sring bgt kliatan gunung jir dari matraman sini https://t.co/kX6k6bREnI","1862897918233166233","https://pbs.twimg.com/media/GdpXx5OX0AALz2T.jpg","","in","","0","0","0","https://x.com/undefined/status/1862897918233166233","1364184029252083713",
"1862873591790149930","Sat Nov 30 16:32:21 +0000 2024","0","@gyuyoeng Tiati kena gunung es 55555","1862897465164472793","","gyuyoeng","in","","0","1","0","https://x.com/undefined/status/1862897465164472793","1516670058160062466",
"1862876895949509111","Sat Nov 30 16:30:40 +0000 2024","1","@boldcommand makan nohhh gengsi Segede gunung","1862897042340864401","","boldcommand","in","","0","1","0","https://x.com/undefined/status/1862897042340864401","1450103800883077123",
"1862896115680727544","Sat Nov 30 16:26:59 +0000 2024","4","@cozy_lil_corner ... / : Disini gunung disana gunung di tengah-tengahnya pulau Jawa Daripada bingung dan termenung-menung mending kasih tau ak kalau chat km ada yg marah gak? pls jawa.. https://t.co/PYBBwpmKQ0","1862896115680727544","https://pbs.twimg.com/media/GdpWIo4bUAEaQjH.jpg","cozy_lil_corner","in","","1","43","0","https://x.com/undefined/status/1862896115680727544","3017870808",
"1862879363651482068","Sat Nov 30 16:26:14 +0000 2024","0","@edinbingung TRISTAN SAPAAAAH???? (＃ﾟДﾟ)ﾉ gunung mana dulu neh? Yakin mau?","1862895927528489042","","edinbingung","in","","0","1","0","https://x.com/undefined/status/1862895927528489042","358628341",
"1862895611672170549","Sat Nov 30 16:24:59 +0000 2024","0","Abis lihat-lihat galeri baru sadar bulan ini aku lengkap banget mainnya. Ke gunung ke danau ke laut kurang ke curug aja sih ini mah","1862895611672170549","","","in","","0","0","0","https://x.com/undefined/status/1862895611672170549","1249649996300824577",
"1862746139717459977","Sat Nov 30 16:23:59 +0000 2024","0","@tanyarlfes Post macam apa itu??? Mau salju di negara tropis? Kalau sampe ada salju di Indonesia kecuali di puncak gunung yang tingginya amit-amit udah deket kiamat kayaknya. Terus kok ngeluh cuaca tapi bawa pemerintah? ","1862895358965424353","","tanyarlfes","in","","0","0","0","https://x.com/undefined/status/1862895358965424353","31044494",
"1862894425111933046","Sat Nov 30 16:20:16 +0000 2024","0","gunung lawu malam ini https://t.co/n1A02LygDM","1862894425111933046","https://pbs.twimg.com/media/GdpUmZlXkAADx1G.jpg","","in","","0","1","0","https://x.com/undefined/status/1862894425111933046","257048256",
"1862473526378471918","Sat Nov 30 16:20:04 +0000 2024","0","@bcomgyuu capek ga sih pake naik gunung. mending main di pantai aja.","1862894375275298944","","bcomgyuu","in","","0","1","0","https://x.com/undefined/status/1862894375275298944","1039421394",
"1862893885581877283","Sat Nov 30 16:18:25 +0000 2024","0","yaa kalo ga naek gunung ke banda neira aja juga oke","1862893960894808323","","bismilahgailang","in","","0","1","0","https://x.com/undefined/status/1862893960894808323","1668994463379619843",
"1862746139717459977","Sat Nov 30 16:17:30 +0000 2024","0","@tanyarlfes indonesia punya salju kok di gunung jaya wijaya (walau sekarang udah meleleh karena pemanasan global)","1862893727859302472","","tanyarlfes","in","","0","0","0","https://x.com/undefined/status/1862893727859302472","1747613957811228672",
"1862556484409991498","Sat Nov 30 16:17:29 +0000 2024","0","@yosefikr Gunung Semeru nih atapnya Jawa timur gak sih","1862893724466028815","","yosefikr","in","","0","0","0","https://x.com/undefined/status/1862893724466028815","1589634772963188736",
"1862884829320327228","Sat Nov 30 16:16:45 +0000 2024","0","@hypeajjj Ya allah habis ngapainnnn??? Kesleo naik gunung ya lu?","1862893538268123457","","hypeajjj","in","","0","1","0","https://x.com/undefined/status/1862893538268123457","899945862",
"1862893219299881364","Sat Nov 30 16:15:29 +0000 2024","0","Jam 6 pagi tadi view gunung. Nemu jajanan cendil makannya sambil liat gunung. https://t.co/e1ouxS189d","1862893219299881364","https://pbs.twimg.com/media/GdpTgQkWUAAo9vE.jpg","","in","","0","0","0","https://x.com/undefined/status/1862893219299881364","1548002372",
"1862893211406221480","Sat Nov 30 16:15:27 +0000 2024","1","Drama percintaan. : sebesar apa cinta mu? : besar cintaku lebih dari dunia ini dek gunung akan ku daki lautan kusebrangi badai petir ku lewati.hanya untuk mu dek . : terus kenapa semalam tidak datang? : gerimis dek... https://t.co/U31zQQ8iGI","1862893211406221480","https://pbs.twimg.com/tweet_video_thumb/GdpTffOWoAAanI1.jpg","","in","","0","0","0","https://x.com/undefined/status/1862893211406221480","1547353225367789568",
"1862893004652163307","Sat Nov 30 16:14:37 +0000 2024","1","Btw sesekali naik kereta Batara Kresna deh bisa dapetin pemandangan lanskap persawahan Sukoharjo yang syahdu dengan Gunung Lawunya sekaligus lanskap perkotaan Solo yang slow paced dan 'berbudaya' itu. Ga usah jauh-jauh dari Wonogiri naik dari Sukoharjo kota juga cakep","1862893004652163307","","","in","","0","0","0","https://x.com/undefined/status/1862893004652163307","994635158555799552",
"1862892284007817632","Sat Nov 30 16:11:46 +0000 2024","0","Dulu kuat naik gunung Prau dari basecamp sampe puncak ga minum sama sekali n gak banyak brik padahal bawa carier isi tenda. Naik turun Merbabu kurang dari 8 jam udah termasuk isoma. Sekarang naik tangga aja udah engap. Wis tuoooo.","1862892284007817632","","","in","","0","0","0","https://x.com/undefined/status/1862892284007817632","755653550",
"1862877010974101689","Sat Nov 30 16:10:01 +0000 2024","0","@nhun Gunung agung sency tp skrng dah tutup","1862891843853418532","","nhun","in","","0","1","0","https://x.com/undefined/status/1862891843853418532","1128783846328025089",
"1862880639701364944","Sat Nov 30 16:07:26 +0000 2024","0","@kodzzukeng @butcheredlight Disini gunung disana gunung","1862891194378019083","","kodzzukeng","in","","0","1","0","https://x.com/undefined/status/1862891194378019083","1479877709434028032",
"1862851953182810364","Sat Nov 30 16:06:59 +0000 2024","0","@kxcaaap keren anaknya gunung bapa ibumu gunung pasti ya","1862891081513517550","","kxcaaap","in","","0","1","0","https://x.com/undefined/status/1862891081513517550","1275313178956578817",
"1862890411406344438","Sat Nov 30 16:04:19 +0000 2024","0","Hari ini ke margo city makan siang disuguhi pemandangan gunung gede tiap gw ngeliat itu gunung bawaannya masih baper.. karna itu gunung yg suka didaki sm doi dan mengingatkan gw betapa banyak rencana kita yg gagal buat daki bareng kesana..","1862890411406344438","","","in","","0","0","0","https://x.com/undefined/status/1862890411406344438","108214199",
"1862868993952112935","Sat Nov 30 16:03:57 +0000 2024","0","@zzbilooo gunung bromo gunung kelud","1862890320306094529","","zzbilooo","in","","0","0","0","https://x.com/undefined/status/1862890320306094529","1258991821281083392",
"1862766210582290561","Sat Nov 30 16:02:27 +0000 2024","0","@loepastigatau awan sebeernya tuh kek kabut ga si? soalnyab gue pernah di atas gunung trs setara sama awan","1862889942885757177","","absurdrofficial","in","","0","0","0","https://x.com/undefined/status/1862889942885757177","1404438588792590341",
"1862889483810812300","Sat Nov 30 16:01:48 +0000 2024","0","@myem_is_here Yang ada di gunung meletus itu loh","1862889778242543707","","EscapeJunghwan","in","","0","1","0","https://x.com/undefined/status/1862889778242543707","905079223584477185",
"1862889474151334197","Sat Nov 30 16:00:36 +0000 2024","1"," Pemerintah Kota (Pemkot) Surabaya merencanakan pembangunan tanggul laut untuk mengatasi banjir rob di pesisir kawasan Romokalisari hingga Gunung Anyar (Lansir suara surabaya) @ManusiaClassic gak salah juga liputan kemarin ‍","1862889474151334197","","","in","","0","1","0","https://x.com/undefined/status/1862889474151334197","1218434619680313344",
"1862797765715345824","Sat Nov 30 16:00:34 +0000 2024","0","@HANIF1225 Kirain mau bawa gunung ","1862889465653669965","","IORIJ1225","in","","0","1","0","https://x.com/undefined/status/1862889465653669965","101101374",
"1862874461701304828","Sat Nov 30 15:57:35 +0000 2024","0","@taesanbatagor @BOYNEXTDOOR_twt Kamu suka pantai apa gunung? Taesan","1862888718471999499","","","in","","0","0","0","https://x.com/undefined/status/1862888718471999499","1427306402658152450",
"1862881988904194127","Sat Nov 30 15:30:51 +0000 2024","0","Nani ditanya pilih sky apa gunung??? Nani jawab liat aja di ig siapa yg aku post lebih banyak itu yg ak suka ","1862881988904194127","","","in","","0","0","0","https://x.com/undefined/status/1862881988904194127","1528749495160213506",
"1862881099178975442","Sat Nov 30 15:27:19 +0000 2024","0","tp gapapa aku happy walaupun nginjek pedal + mendaki gunung melewati lembah TAPI HAPPYY","1862881100626018442","","fiastrash","in","","0","1","0","https://x.com/undefined/status/1862881100626018442","164291037",
"1862877010974101689","Sat Nov 30 15:25:18 +0000 2024","0","@biyubiyu__ Gunung agung di sency","1862880593098527149","","biyubiyu__","in","","0","1","0","https://x.com/undefined/status/1862880593098527149","1128783846328025089",
"1862879870973583758","Sat Nov 30 15:22:26 +0000 2024","0","Cek Jaket gunung outdoor waterproof anti air untuk pria wanita bahan parasut taslan big size jumbo dengan harga Rp219.000. Dapatkan di Shopee sekarang! https://t.co/K4swqaSsul https://t.co/fCsZDg5iN9","1862879870973583758","https://pbs.twimg.com/media/GdpHXtIXIAAUBNH.jpg","","in","","0","0","0","https://x.com/undefined/status/1862879870973583758","159558251",
"1862879737833828721","Sat Nov 30 15:21:54 +0000 2024","0","JOKES GUNUNG SAHARI GAK PERNAH GAK LUCU AJG ","1862879737833828721","","","in","","0","0","0","https://x.com/undefined/status/1862879737833828721","1667961975295594496",
"1862878254547484876","Sat Nov 30 15:21:53 +0000 2024","0","@Vitarianti05 Tp agak sedikit kesel ya sama ekspresi romeo malam ini kaya ada beban segede gunung. Pas scene halu aja dia sumringah ","1862879731500372436","","Vitarianti05","in","","0","1","0","https://x.com/undefined/status/1862879731500372436","1432824666641424385",
"1862879478722228443","Sat Nov 30 15:20:53 +0000 2024","0","ditinggal naik gunung wa jd sepi","1862879478722228443","","","in","","0","1","0","https://x.com/undefined/status/1862879478722228443","1198646732445241344",
"1862879354465972661","Sat Nov 30 15:20:23 +0000 2024","0","kasian juga ya liat gunung jd hal yg luar biasa istimewa bagi org jakarta","1862879354465972661","","","in","","0","0","0","https://x.com/undefined/status/1862879354465972661","1159486320466526208",
"1862556742124814773","Sat Nov 30 15:20:20 +0000 2024","0","@ristrettooooo_ Kapal Api yg kecil ","1862879340574494972","","ristrettooooo_","in","","0","0","0","https://x.com/undefined/status/1862879340574494972","705413311",
"1862731962802442506","Sat Nov 30 15:19:23 +0000 2024","1","@kompascom Anjing bener woy kelakuan loe di Indonesia jgn dibawa k negara orang.","1862879102849691728","","kompascom","in","","0","0","0","https://x.com/undefined/status/1862879102849691728","705413311",
"1862875921637945713","Sat Nov 30 15:18:08 +0000 2024","0","@epiphajinnyy gunung padi ka? apa gunung padang?","1862878790508290431","","epiphajinnyy","in","","0","1","0","https://x.com/undefined/status/1862878790508290431","2748736681",
"1862386409379893678","Sat Nov 30 15:18:05 +0000 2024","0","@piotrj @nafasidn Iya Kak bener tadi pagi aku jam 8 di tol Kelapa Gading tumben bisa liat gunung dan langit biru cakep seneng banget euy. Biasanya jam 7.30 pagi otw ke kantor cuman liat langit abu-abu butek.","1862878776256065631","","piotrj","in","","0","0","0","https://x.com/undefined/status/1862878776256065631","1791349033250041856",
"1862878652045865157","Sat Nov 30 15:17:35 +0000 2024","0","tugas gua udah kayak gunung fuji ayah mama maaf ya kalo ipk smt 1 anakmu kurang memuaskan setelah menginjak 19 thn gua kayak dibanting banget soalnya","1862878652045865157","","","in","","0","0","0","https://x.com/undefined/status/1862878652045865157","1615925048409456640",
"1862853110475219042","Sat Nov 30 15:17:07 +0000 2024","14","@womanfeeds_id makannya itu sepupuku bolak balik naik gunung ga make sunscreen tuh muka masih aja item ke pink pink an sedangkan aku ke pantai sekali lupa ga make sunscreen ya allah gosong anjir","1862878530780160299","","womanfeeds_id","in","","0","0","0","https://x.com/undefined/status/1862878530780160299","1693099461277523968",
"1862878329294204972","Sat Nov 30 15:16:18 +0000 2024","2","Sabtu Pagi Ini Gunung Semeru Kembali Erupsi Tiga Kali https://t.co/llM4huekiy","1862878329294204972","","","in","","0","0","0","https://x.com/undefined/status/1862878329294204972","41730943",
"1862878305617330575","Sat Nov 30 15:16:13 +0000 2024","0","Baru ditinggal bentar Jakarta udh numbuh gunung keren amat dah","1862878305617330575","","","in","","0","2","0","https://x.com/undefined/status/1862878305617330575","457134389",
"1862878168769851519","Sat Nov 30 15:15:40 +0000 2024","0","W pas op kaki nyanyi sama sama semua dokter-dokternya .. Agaknya nyanyi naik naik ke puncak gunung berkali kali ","1862878168769851519","","","in","","0","0","0","https://x.com/undefined/status/1862878168769851519","1680842548347277313",
"1862878109030117432","Sat Nov 30 15:15:26 +0000 2024","0","#Earthquake (#terramoto) M4.4 strikes 243 km N of Gunung Dilarini (#Timor-Leste) 9 min ago. More info: https://t.co/ZcWmb3HCv7","1862878109030117432","","","in","","0","0","0","https://x.com/undefined/status/1862878109030117432","2449645080",
"1862877846852747343","Sat Nov 30 15:14:23 +0000 2024","0","oh.. wow.. pantes beberapa hari ini berangkat kerja kok kelihatan jelas ya gunung.. tumben ","1862877846852747343","","","in","","0","0","0","https://x.com/undefined/status/1862877846852747343","1111203565505122304",
"1862874461701304828","Sat Nov 30 15:14:05 +0000 2024","0","@taesanbatagor @BOYNEXTDOOR_twt Yg satu gunung yg satu laut udah cocok saling melengkapi","1862877770520694844","","","in","","0","0","0","https://x.com/undefined/status/1862877770520694844","1556949646638886913",
"1862870941745004709","Sat Nov 30 14:46:57 +0000 2024","0","sementara buka tiktok buat nyalain api doang soalnya fypku gunung smuwaa","1862870941745004709","","","in","","0","0","0","https://x.com/undefined/status/1862870941745004709","814328883013124096",
"1862870530866733255","Sat Nov 30 14:45:19 +0000 2024","0","Ketua Pengasuh Ponpes Nurul Falah Gunung Labuhan Kabupaten Way Kanan https://t.co/vVMUze7xPQ Moh Sufandri mengucapkan terima kasih dan apresiasi kepada semua pihak dan penyelengara Pilkada maupun pihak keamanan sehingga pelaksanaan Pilkada 2024 terselengara dengan baik https://t.co/7Dj48ePv3b","1862870530866733255","https://pbs.twimg.com/ext_tw_video_thumb/1862868251904016384/pu/img/rJ7VVvTHru2u6dEk.jpg","","in","","0","0","0","https://x.com/undefined/status/1862870530866733255","767610884269146112",
"1861979932462878947","Sat Nov 30 14:43:01 +0000 2024","4","@gurumtkdigibaru @ppota_t00 @Jas_zedz Orang Subang gunung bahasanya sunda halus sunda pesisir lebih ke cirebon/dermayu yg beda jg ma bahasa Ngapak","1862869952635744515","","gurumtkdigibaru","in","","0","2","0","https://x.com/undefined/status/1862869952635744515","50509502",
"1862869569993572657","Sat Nov 30 14:41:30 +0000 2024","1482","Halo Warga Merapi! Gunung Merapi kembali memamerkan fenomena menakjubkan awan lentikular yang melayang di puncaknya! Awan berbentuk lensa ini terlihat pada Jumat 29 November 2024 dan terekam kamera pemantauan BPPTKG di lereng selatan. Awan lentikular tidak berhubungan dengan https://t.co/HFf1QAOc78","1862869569993572657","https://pbs.twimg.com/ext_tw_video_thumb/1862869535595884544/pu/img/f0NBgHa73BJYBphF.jpg","","in","","21","19","368","https://x.com/undefined/status/1862869569993572657","1279804428724211712",
"1862869464058126383","Sat Nov 30 14:41:05 +0000 2024","0","selalu uring an klo cowok gw lagi naik gunung alias gk dapet kabarrrr bikin khawatirrrr bisa gksih psang wifi aj digunung biar bisa berkabar","1862869464058126383","","","in","","0","0","0","https://x.com/undefined/status/1862869464058126383","1157184302792134656",
"1862784911150813536","Sat Nov 30 14:40:43 +0000 2024","0","@sakkusaitna @Ar4rmanSyah Semodern apapun jk dlm darurat umpama 1. Di sabana gunung bromo 2. Di pendakian gunung Merapi 3. Di tebing yg terjal Berak/kencing tapi ... 1. Tidak ada alat BERSUCI yg wajar 2. Tidk ada bhn BERSUCI yg wajar Pakai apa? Gigi Lo? Islam memberi tuntunan salah satunya dg batu","1862869374400692412","","sakkusaitna","in","","0","1","0","https://x.com/undefined/status/1862869374400692412","1603557669239128064",
"1862860004006809742","Sat Nov 30 14:38:47 +0000 2024","3","@KABAR_CHELSEA Pernah nangis pas anak gunung sama karpet dijual","1862868885936193783","","KABAR_CHELSEA","in","","0","1","0","https://x.com/undefined/status/1862868885936193783","1429015168789344257",
"1862868437967716850","Sat Nov 30 14:37:00 +0000 2024","0","Kemenag Sleman selenggarakan Touring sebagai Kick of Hari Amal Bakti Ke-79 Kementerian Agama RI. Kegiatan dilaksanakan Sabtu (30/11/2024) dengan lokasi Yogyakarta Lantai 2 Kabupaten Gunung Kidul. #touring #kickofhab79 #kemenagri #kemenagsleman https://t.co/f9cMq0NPcs","1862868437967716850","https://pbs.twimg.com/media/Gdo8-MEa4AAIiY3.jpg","","in","","0","0","0","https://x.com/undefined/status/1862868437967716850","4753408753",
"1862867847913087198","Sat Nov 30 14:34:40 +0000 2024","0","Ketua KMPI Gunung Labuhan Kabupaten Way Kanan Bpk.Dodi mengucapkan terima kasih dan apresiasi kepada semua pihak dan penyelengara Pilkada maupun pihak keamanan sehingga pelaksanaan Pilkada 2024 terselengara dengan baik aman dan lancar. https://t.co/A51XmFoSkr","1862867847913087198","https://pbs.twimg.com/ext_tw_video_thumb/1862867801280491520/pu/img/GRvNriqhHmx1l4JR.jpg","","in","","0","0","0","https://x.com/undefined/status/1862867847913087198","767610884269146112",
"1862664845478568167","Sat Nov 30 14:34:20 +0000 2024","0","@gottaluvadll Pengene dw bojo wong gunung ketoke ayem suasanane","1862867764094107651","","gottaluvadll","in","","0","0","0","https://x.com/undefined/status/1862867764094107651","1657457711934734336",
"1862867751624388669","Sat Nov 30 14:34:17 +0000 2024","0","Ketua PSI Gunung Labuhan Kabupaten Way Kanan Bpk.Atman mengucapkan terima kasih dan apresiasi kepada semua pihak dan penyelengara Pilkada maupun pihak keamanan sehingga pelaksanaan Pilkada 2024 terselengara dengan baik aman dan lancar. https://t.co/ONeX3j1zVH","1862867751624388669","https://pbs.twimg.com/ext_tw_video_thumb/1862867638403072000/pu/img/BpweiLpGc3hZMKN9.jpg","","in","","0","0","0","https://x.com/undefined/status/1862867751624388669","767610884269146112",
"1862867688256917574","Sat Nov 30 14:34:01 +0000 2024","0","Aktivitas Vulkanik Gunung Slamet Meningkat https://t.co/XYHS1yb1TF","1862867688256917574","","","in","","0","0","0","https://x.com/undefined/status/1862867688256917574","252948617",
"1862845561461977390","Sat Nov 30 14:33:53 +0000 2024","0","@wooniiy naiki gunung turuni lembah","1862867653087698945","","wooniiy","in","","0","1","0","https://x.com/undefined/status/1862867653087698945","1651612561782226944",
"1862867490029875589","Sat Nov 30 14:33:14 +0000 2024","0","Camat Gunung Labuhan Kabupaten Way Kanan Syaidan mengucapkan terima kasih dan apresiasi kepada semua pihak dan penyelengara Pilkada maupun pihak keamanan sehingga pelaksanaan Pilkada 2024 terselengara dengan baik aman dan lancar. https://t.co/AJNaHd5lCj","1862867490029875589","https://pbs.twimg.com/ext_tw_video_thumb/1862867401454366720/pu/img/sR0VL1i-9XzWBB-0.jpg","","in","","0","0","0","https://x.com/undefined/status/1862867490029875589","767610884269146112",
"1862864346147356976","Sat Nov 30 14:33:04 +0000 2024","0","@txtdarinana Samaaa dulu harddisk external rusak foto-foto pas naik gunung ada momen kebakaran hutan rescue sama polhut. Adu nangisss.","1862867448548217320","","txtdarinana","in","","0","1","0","https://x.com/undefined/status/1862867448548217320","233110436",
"1862556484409991498","Sat Nov 30 14:32:11 +0000 2024","0","@yosefikr keren banget yang udah bisa naklukin gunung semeru","1862867226359136303","","yosefikr","in","","0","0","0","https://x.com/undefined/status/1862867226359136303","1339134342543511552",
"1862860004006809742","Sat Nov 30 14:31:17 +0000 2024","0","@KABAR_CHELSEA dan punya jersey full patch + nameset gunung dan dulu selalu diagung agungkan karena selalu dipake ","1862866997681545643","","lavienkiy","in","","0","0","0","https://x.com/undefined/status/1862866997681545643","1277630347371401216",
"1862866865221202116","Sat Nov 30 14:30:45 +0000 2024","1","Ustad primitip kae yo gak instropeksi Wong wes ngerti omah gunung kok jaluk listrik lancar","1862866865221202116","","","in","","0","0","0","https://x.com/undefined/status/1862866865221202116","1406308161347227652",
"1862866694856695848","Sat Nov 30 14:30:05 +0000 2024","2","Wal di bjb adakah cafe di atas bukit/gunung kytu? Yg view nya pemandangan alam? Makasih","1862866694856695848","","","in","","0","2","0","https://x.com/undefined/status/1862866694856695848","981988393",
"1862866645829714130","Sat Nov 30 14:29:53 +0000 2024","0","CHAT JARANG~~~ TAPI BERARTI SEKALIII (cuz bahas gunung) sameee hobbiesssssssss","1862866645829714130","","","in","","0","0","0","https://x.com/undefined/status/1862866645829714130","1634949821374283777",
"1862866482344112228","Sat Nov 30 14:29:14 +0000 2024","1","Ini Wulei salah satunya deh pasti. Rela kerja di gunung darat laut luar angkasa...ternyata demi Financial Freedom ","1862866482344112228","","","in","","0","1","1","https://x.com/undefined/status/1862866482344112228","1552426308008693761",
"1862813486155510202","Sat Nov 30 14:28:42 +0000 2024","0","@Far_Rida_ gunung biasa ituu tapi musim dingin jadinya kelapis salju","1862866349577691303","","Far_Rida_","in","","0","0","0","https://x.com/undefined/status/1862866349577691303","1182527509453103106",
"1862453927062777970","Sat Nov 30 14:28:00 +0000 2024","0","@FiersaBesari Tinggal naik gunung","1862866173114957863","","FiersaBesari","in","","0","0","0","https://x.com/undefined/status/1862866173114957863","1354391492",
"1862865952217681994","Sat Nov 30 14:27:08 +0000 2024","1","5 tempat yang Tuan Hizwani sebutkan ni dan tambah 1 : - Gunung Kinabalu. Setiap kali pandang bongkah batu sebesar Kinabalu majestically standing rasa surreal kagum. Kalau ciptaan-Nya pun dah hebat begini apakan lagi Yang Mencipta tak terbayang.","1862865952217681994","","","in","","0","1","0","https://x.com/undefined/status/1862865952217681994","1760322726626271232",
"1860648316792672340","Sat Nov 30 14:25:22 +0000 2024","0","@ivenaoireii Kalo pulang kampung nitip bawain gunung fuji dong","1862865511308255705","","mizingyu","in","","0","1","0","https://x.com/undefined/status/1862865511308255705","1670037337311690752",
"1862865429276012701","Sat Nov 30 14:25:04 +0000 2024","0","Buat mengungkapkan sayang ini aku rasanya harus teriaaaaak di puncak Gunung Papandayan kalau aku sebegitu sayangnya sama Cilla adikku. Sebisa mungkin mau menyediakan ruang aman buat dia cerita dan ngasih saran menurut sudut pandangku.","1862865435894653308","","semerahati","in","","0","1","1","https://x.com/undefined/status/1862865435894653308","1427766049",
"1862865228595409175","Sat Nov 30 14:24:15 +0000 2024","0","disakitin siapa sih kok naik gunung trs?","1862865228595409175","","","in","","0","0","0","https://x.com/undefined/status/1862865228595409175","1150973171236872192",
"1862822788345762174","Sat Nov 30 14:21:22 +0000 2024","0","@IfulLarzida @kaptencrypto707 Metode Gunung Kawi lebi gada lawan bro","1862864503681249342","","IfulLarzida","in","","0","0","0","https://x.com/undefined/status/1862864503681249342","1567379251896406017",
"1862864392104088040","Sat Nov 30 14:20:56 +0000 2024","1","Pada ngajak ke gunung dingin gini mendingan tidur aja dikamar deh","1862864392104088040","","","in","","0","0","0","https://x.com/undefined/status/1862864392104088040","1036585469973225472",
"1862784911150813536","Sat Nov 30 14:20:37 +0000 2024","0","@sakkusaitna @GeeneHary Tolol n PEKOK. Lo pikir hidup selalu dlm normal?Kondisi darurat seperti Di puncak gunung? Di atas jurang yang dalam? Di tengah hutan saat perjalanan malam yg tidak tahu' ujung pangkalnya Pengen BERAK/BEOL/kencing. nggak ada alat dan bahan BERSUCI yg normal. Pakai apa pekok?","1862864313247240209","","sakkusaitna","in","","0","0","0","https://x.com/undefined/status/1862864313247240209","1603557669239128064",
"1862831430155604027","Sat Nov 30 14:17:49 +0000 2024","0","@hhotmaan @notabigguy Iya bener gunung kidul wkwkwkw","1862863609162076516","","hhotmaan","in","","0","0","0","https://x.com/undefined/status/1862863609162076516","3232224102",
"1862863110962639223","Sat Nov 30 14:17:10 +0000 2024","0","Apatah lg txt yg 5 org ja tu.. xdak sorg gap tu rasa mcm sebesar gunung jerai ","1862863446783717728","","20amy25","in","","0","0","0","https://x.com/undefined/status/1862863446783717728","1569674219293929474",
"1862862589090508913","Sat Nov 30 14:13:46 +0000 2024","0","akhirnya menamatkan my dearest yang happy ending tapi harus mendaki gunung melewati lembah dulu itu ","1862862589090508913","","","in","","0","0","0","https://x.com/undefined/status/1862862589090508913","1555427511294906369",
"1862743826336747960","Sat Nov 30 14:13:28 +0000 2024","1","@piotrj @nafasidn Pantauan tadi pagi dari daerah kemang bang yakub sampe2 gunung pangrango bisa keliatan saking bersihnya.. Kemang bogor tapi bukan kemang jakarta https://t.co/C0YIi7E8iq","1862862516399079610","https://pbs.twimg.com/ext_tw_video_thumb/1862862410920366081/pu/img/n5TLoDll_WNxGz44.jpg","piotrj","in","","0","0","0","https://x.com/undefined/status/1862862516399079610","197333422",
"1862859651634897188","Sat Nov 30 14:13:15 +0000 2024","0","@ducaticho dan setiap masuk nominasi yg jadi preview seriesnya pasti scene gunung nangis nangis legend itu sialan","1862862459151003742","","duxatico","in","","0","1","0","https://x.com/undefined/status/1862862459151003742","1276811650239102976",
"1862821756018581725","Sat Nov 30 14:13:04 +0000 2024","0","@excessloss gunung dingin ","1862862416155140143","","imzadhm","tl","","0","1","0","https://x.com/undefined/status/1862862416155140143","1698618347712397312",
"1862694898304229536","Sat Nov 30 14:12:58 +0000 2024","0","@putramastaka @Ichavarma_ pait pait pait...njir deket dr sumber ini mah lo kuningan skarang bang?tiap hari ketemu jalur naek turun gunung dong gw pernah ngantor kuningan tp dikasih tinggal di cirebon kota..tiap hari sabung nyawa mulu ama driver koplok ","1862862389642944685","","putramastaka","in","","0","1","0","https://x.com/undefined/status/1862862389642944685","1635747500081680385",
"1862450865283768747","Sat Nov 30 14:11:29 +0000 2024","0","@mbakwinter Kamu liat di tktok apa di douyin sih al kok banyak banget video yang baru perasaan aku dulu tiap liat selalu di box bayi nih anak lengah dikit udah dibawa ngedaki gunung kayaknya ","1862862013720145989","","vourloir","in","","0","1","0","https://x.com/undefined/status/1862862013720145989","1621766840140857344",
"1862861931448832281","Sat Nov 30 14:11:09 +0000 2024","0","WOILAAA PLS STOP FYP GUNUNG TERUS gua udah tertarik keracunan bgttt ini fomo mau nyobain naik gunung jugaaa fyi gua dari kmrin udah mimpi 2x di ajak naik gunung yg mimpi 1 sm keluarga gua yg 1 lg sama ","1862861931448832281","","","in","","0","0","0","https://x.com/undefined/status/1862861931448832281","1735869081897811968",
"1862844955196321966","Sat Nov 30 14:11:06 +0000 2024","2","Cantiknya gunung di balik sana Nampak jauh berbalam balam. Pejamlah mata tidurlah lena Semoga terjaga di pertiga malam.","1862861917746061714","","EncikMaTg","in","","0","1","1","https://x.com/undefined/status/1862861917746061714","1833795246725169153",
"1862842812699472008","Sat Nov 30 13:29:09 +0000 2024","0","@sbyfess gunung anyar karo gunung sari ","1862851361043575272","","sbyfess","tl","","0","1","0","https://x.com/undefined/status/1862851361043575272","1249932951569092610",
"1862849349073649734","Sat Nov 30 13:28:51 +0000 2024","0","@aeraara apa itu gunpat sebagai dongloers kami hanya tau gundur (gunung duren)","1862851286674407791","","aeraara","in","","0","1","0","https://x.com/undefined/status/1862851286674407791","1442878247117623297",
"1862364081233305666","Sat Nov 30 13:27:51 +0000 2024","0","@HabisNontonFilm Penduduk asli pasar bubrah gunung lawu ini","1862851033879503055","","HabisNontonFilm","in","","0","0","0","https://x.com/undefined/status/1862851033879503055","1005074404085125120",
"1862697630788460802","Sat Nov 30 13:27:16 +0000 2024","0","@yosefikr Puncak gunung manglayang emg indah banget","1862850890207830441","","yosefikr","in","","0","0","0","https://x.com/undefined/status/1862850890207830441","1235783468522418176",
"1862850384022417660","Sat Nov 30 13:25:16 +0000 2024","0","LRT. Aespa gila sih. Gak nyesel banget ngestan aespa. Ngikutin dari pas debut mereka emang naik-naik ke puncak gunung tinggi-tinggi sekali alias anjir lah udah gak bisa ngomong apa-apa. So proud of my girls. ","1862850384022417660","","","in","","0","0","0","https://x.com/undefined/status/1862850384022417660","740838341957029889",
"1862840635457450486","Sat Nov 30 13:24:57 +0000 2024","0","@sellshitpost Kaki gunung Lawu","1862850306880737523","","sellshitpost","in","","0","1","0","https://x.com/undefined/status/1862850306880737523","1847644911631552515",
"1862850133282750709","Sat Nov 30 13:24:16 +0000 2024","0","A.Memperbudayakan (Sejuta Manusia) Bertujuan Untuk Cemara Agung (Ada) Mengerti (Sejuta Gunung Api (O4 Mineral) Tertera) B.Memperbudayakan (Sejuta Manusia) Bertujuan Untuk Kereta Gantung Axa (Sejuta Pesisir Pantai (O4 Mineral) Tertera) https://t.co/oOdUdtju5J","1862850133282750709","https://pbs.twimg.com/media/GdosUn_WcAAPOwo.jpg","","in","","0","0","0","https://x.com/undefined/status/1862850133282750709","708940599005548544",
"1862849961551081936","Sat Nov 30 13:23:35 +0000 2024","0","gunung soalnya dingin","1862849961551081936","","","in","","0","0","0","https://x.com/undefined/status/1862849961551081936","2759011137",
"1862849948372652198","Sat Nov 30 13:23:32 +0000 2024","0","Murah Banget! Transmart Jual Sepeda Gunung dan Lipat Cuma Sejutaan https://t.co/btiFc6P9nI","1862849948372652198","","","in","","0","0","0","https://x.com/undefined/status/1862849948372652198","847372542830444544",
"1862849360419344588","Sat Nov 30 13:21:12 +0000 2024","0","kan ada tu temen sma aku cowo dia up ig story pemandangan gunung fuji gt kan pengen aku like story nya tp kaga enak kocakk tp keren banget pemandangannya zuzur","1862849360419344588","","","in","","0","0","0","https://x.com/undefined/status/1862849360419344588","1767088714126336000",
"1862188534544965899","Sat Nov 30 13:21:11 +0000 2024","0","@UmarHasibuan__ Wapres sedang flu seharian kehujanan dari rumah temen dekat lembah gunung pulangnya terlalu larut malam tanpa bawa jas hujan. Jadi mohon maaaf gak bisa ikut ratas.","1862849359135785161","","UmarHasibuan__","in","","0","0","0","https://x.com/undefined/status/1862849359135785161","126060514",
"1862799445789913100","Sat Nov 30 13:18:58 +0000 2024","0","@awninaaaaa Weru itu deket gunung pegat ya kak?","1862848797745058027","","awninaaaaa","in","","0","0","0","https://x.com/undefined/status/1862848797745058027","1798603300771897344",
"1862848476511711497","Sat Nov 30 13:17:43 +0000 2024","0","Perlis: PPR Sena Kangar Kedah: Masjid Jame' Al Islah Mukim Lesong Pokok Sena Pulau Pinang: Bukit Bendera Perak: Taman Rekreasi Gunung Lang Ipoh Kuala Lumpur: Kompleks Rakan Muda Bukit Kiara Negeri Sembilan: Surau Kg. Ulu Melang Kuala Pilah","1862848483998433492","","rakanmudaLAH","in","","0","1","0","https://x.com/undefined/status/1862848483998433492","1530570709",
"1862556484409991498","Sat Nov 30 13:16:50 +0000 2024","0","@yosefikr Minin pernah ngga ke gunung semeru ??","1862848260484014254","","yosefikr","in","","0","0","0","https://x.com/undefined/status/1862848260484014254","1069905041870340096",
"1862651342256578675","Sat Nov 30 13:15:24 +0000 2024","0","@junsiite1 ini gunung apa ndin??","1862847903401943379","","junsiite1","in","","0","1","0","https://x.com/undefined/status/1862847903401943379","1416643014676520960",
"1862847643870986389","Sat Nov 30 13:14:22 +0000 2024","1","celana gunung #outdoors #adventure #mountainman #racunshopee #celanagunung https://t.co/WNUUWVxhYv https://t.co/9X8tyRnD77","1862847643870986389","https://pbs.twimg.com/media/GdoqDwuXAAAtWNX.jpg","","in","","0","0","0","https://x.com/undefined/status/1862847643870986389","1472629203052859392",
"1862846197163319350","Sat Nov 30 13:14:11 +0000 2024","0","also ambulance tuh gak segercep itu di setiap tempat-_- km cb tanya ke org yg tinggal di gunung sana-_-","1862847597612003537","","browgenius","in","","0","0","0","https://x.com/undefined/status/1862847597612003537","1531301279070244864",
"1862846729277804847","Sat Nov 30 13:10:45 +0000 2024","1","2. Jadi relawan atau volunteer untuk komunitas lingkungan atau kegiatan sosial di sekitar 3. Kalo ada rencana naik gunung jangan lupa kaga kelestarian dan jangan buang sampah sembarangan ya! 4. Coba naik sepeda atau transportasi umum kalau pergi ","1862846732301910504","","EcoTourismBali","in","","0","1","0","https://x.com/undefined/status/1862846732301910504","1488739702807040003",
"1862846468807385211","Sat Nov 30 13:09:42 +0000 2024","0","Tidak menangis tapi langsung ngomong di sana gunung di sini gunung di tengah-tengah pulau Jawa.","1862846468807385211","","","in","","0","0","0","https://x.com/undefined/status/1862846468807385211","2167381484",
"1862836112873668843","Sat Nov 30 13:09:32 +0000 2024","0","@elioszz Gunung wkwkwkwk","1862846425194979433","","elioszz","in","","0","1","0","https://x.com/undefined/status/1862846425194979433","1718665659754954752",
"1862846216822018316","Sat Nov 30 13:08:42 +0000 2024","3","Orang ramai terutama mereka yang tinggal di kawasan cerun dan lereng bukit serta gunung dinasihati supaya lebih berhati-hati sepanjang musim MTL. #AWANInews #AWANI745 https://t.co/hUgrCIKc8M","1862846216822018316","","","in","","0","0","1","https://x.com/undefined/status/1862846216822018316","497665754",
"1862334537667420658","Sat Nov 30 13:06:07 +0000 2024","0","@bdlhpnda @buahrasp gunung pasir depan tukang bangunan bad","1862845564318281834","","diillaas","in","","0","1","0","https://x.com/undefined/status/1862845564318281834","1258112875782004736",
"1862820688995975271","Sat Nov 30 13:00:29 +0000 2024","0","@maldutss ampe gunung","1862844147063038188","","coroked","in","","0","1","0","https://x.com/undefined/status/1862844147063038188","2438153970",
"1862787514672857483","Sat Nov 30 12:59:23 +0000 2024","0","@iast_excerpt Saya... tidak segila itu Shishou... Sebenarnya awal-awal Yurai mendapatkan pedangnya dari mengalahkan roh penjaga gunung dia sempat hampir tidak ingin melepaskan pedangnya dan membawanya tidur. Namun karena diomeli oleh ayahnya karena dapat melukai dirinya ","1862843870570254511","","iast_excerpt","in","","0","1","0","https://x.com/undefined/status/1862843870570254511","1706701889700859904",
"1862801632523915606","Sat Nov 30 12:59:13 +0000 2024","0","@HidayatiMe30318 @mcaryeong Lah iya bts nya pas cipokan di gunung .Kaya ogah ogahan wkekkw sekarang mancing2","1862843828912419045","","HidayatiMe30318","in","","0","1","0","https://x.com/undefined/status/1862843828912419045","1311722734812975104",
"1862843582077669580","Sat Nov 30 12:58:14 +0000 2024","0","Dukung Keberlanjutan Lingkungan Kencana Group Tanam 1.000 Pohon di Kaki Gunung Welirang https://t.co/xcOKkvibMF","1862843582077669580","","","in","","0","0","0","https://x.com/undefined/status/1862843582077669580","132078023",
"1862534525915734412","Sat Nov 30 12:57:45 +0000 2024","1","@khalim_n @H4T14K4LN4L42 padahal masih untung di sekitaran sby gaada gunung.. jd rata2 bencana tahunannya cuma banjir sama angin adapun gempa juga dr laut.. belum aja ngerasain sekitaran gunung yg was2 gempa erupsi kadang banjir bandang.. bisa2 nyalahin gara2 trump kepilih di as..","1862843459159339363","","khalim_n","in","","0","0","0","https://x.com/undefined/status/1862843459159339363","1030980285213552640",
"1862843327332352231","Sat Nov 30 12:57:13 +0000 2024","56","Setelah memberikan bantuan awal di tahap darurat Indosat Ooredoo Hutchison kali ini melanjutkan upaya dengan menyalurkan bantuan tambahan untuk mendukung pemulihan masyarakat yang terdampak bencana erupsi Gunung Lewotobi. Bantuan yang diberikan di antaranya kartu SIM Prabayar https://t.co/1s8bLeosxA","1862843327332352231","https://pbs.twimg.com/ext_tw_video_thumb/1862842040180174848/pu/img/ba5kG5J3p3VwJFVn.jpg","","in","","1","11","18","https://x.com/undefined/status/1862843327332352231","982557721575608320",
"1862552445165150575","Sat Nov 30 12:57:00 +0000 2024","0","@yosefikr pgn ke gunung ini","1862843269874651446","","yosefikr","in","","0","0","0","https://x.com/undefined/status/1862843269874651446","53067827",
"1862843245673509046","Sat Nov 30 12:56:54 +0000 2024","0","???? Berarti damkarnya disewa/dibayar? Kalo pas unitnya lagi dibutuhin gimana? Apa ini unit seneng2 kek yg suka buat nyiramin anak tk-sd? Tapi itu kan buat edukasi? Kok bisa kepikirannya damkar? Gw kl pengen ginian manggilnya truk air gunung gakda pikiran make fasilitas publik","1862843245673509046","","","in","","0","1","1","https://x.com/undefined/status/1862843245673509046","1149715304538230784",
"1862842140138909958","Sat Nov 30 12:55:00 +0000 2024","0","@KataWhy Tp tumben aja sampe keliatan gunung wkwk","1862842767858344032","","KataWhy","in","","0","1","0","https://x.com/undefined/status/1862842767858344032","1268323474516226048",
"1862738998663553310","Sat Nov 30 12:54:37 +0000 2024","0","@faridhcrb @prabowo @SBYudhoyono Mending gunung ga sih bang drpd matahari ","1862842669971722543","","ninja_neonn","in","","0","1","0","https://x.com/undefined/status/1862842669971722543","1744699901462843392",
"1862534525915734412","Sat Nov 30 12:53:38 +0000 2024","1","@H4T14K4LN4L42 tiap tahun juga gitu.. mulai dr banjir angin puting beliung antara sda dan sby tiap tahun pasti kena.. masih untung gk deket dg gunung emang tololnya gak ketulungan sih para pecinta klenik nih.. kehidupan sendiri gak pernah bener tp kalo ada apa2 nyalahin orang..","1862842424709837041","","H4T14K4LN4L42","in","","0","0","0","https://x.com/undefined/status/1862842424709837041","1030980285213552640",
"1078829933529423872","Sat Nov 30 12:52:15 +0000 2024","0","@jokowi Seru banget bisa liat gunung sawah desa-desa sampe kuliner lokal di rest area selama perjalanan. Pengen coba!","1862842077304013227","","jokowi","in","","0","0","0","https://x.com/undefined/status/1862842077304013227","792125771980607488",
"1862800529887567980","Sat Nov 30 12:50:47 +0000 2024","0","@IamUrBoyfie asik naik gunung manaa","1862841706611380618","","","in","","0","0","0","https://x.com/undefined/status/1862841706611380618","1840015702092328962",
"1862821627047952396","Sat Nov 30 12:50:40 +0000 2024","0","@innovacommunity ..Pertama kali tol trans sumatera dibuka pulang ke Metro bawa penumpang yg model bgini 2 org pula...malah keluar di gunung sugih.. ga percaya sama omongan mbak2 google map","1862841678262108292","","innovacommunity","in","","0","0","0","https://x.com/undefined/status/1862841678262108292","2378255882",
"1862841461261389942","Sat Nov 30 12:49:48 +0000 2024","1","pada hari Sabtu 30 November 2024 pukul 03:30 Wib anggota Opsnal Reskrim Polsek Pademangan Melaksanakan Patroli kring serse antisipasi curas curat dan curanmor di sepanjang Jl. Gunung Sahari Raya Kel. Pademangan barat Kec. Pademangan Jakarta Utara https://t.co/sArUVmS9BX","1862841461261389942","https://pbs.twimg.com/media/Gdoka1oXQAABMDD.jpg","","in","","0","0","0","https://x.com/undefined/status/1862841461261389942","1092967217782640640",
"1862838964119630304","Sat Nov 30 12:47:32 +0000 2024","0","@A_FionyJKT48 Waduh lagi mau mendaki gunung ga bisa lihat","1862840887010898286","","A_FionyJKT48","in","","0","0","0","https://x.com/undefined/status/1862840887010898286","1815856203001720832",
"1862840817146315033","Sat Nov 30 12:47:15 +0000 2024","0","Netizen komen ckp influencer hidonh dia dah lain. Mcm mne korg boleh belek muka org ? Like seriously berani komen buat org tgk balik post dia lama lama. Dia tk tgk hidong aku time prgnnt. Haha. Beso gunung tk baik betul depa ni","1862840817146315033","","","in","","0","0","0","https://x.com/undefined/status/1862840817146315033","574480015",
"1862840201179218053","Sat Nov 30 12:44:48 +0000 2024","1","trekking Kawah Ratu gunung salak bogor https://t.co/KEE5BcU1if","1862840201179218053","https://pbs.twimg.com/media/GdojSlyW0AAm4Zl.jpg","","in","","0","0","0","https://x.com/undefined/status/1862840201179218053","747325703608107008",
"1862840003665244280","Sat Nov 30 12:44:01 +0000 2024","0","Gblok yah kita negara tropis anjengggg lu klo mau dingin ke gunung la ","1862840003665244280","","","in","","0","0","0","https://x.com/undefined/status/1862840003665244280","1431914592477671437",
"1862699497119523102","Sat Nov 30 12:41:54 +0000 2024","0","@BosPurwa Masih pura² sibuk naek gunung","1862839472288882816","","BosPurwa","in","","0","0","0","https://x.com/undefined/status/1862839472288882816","1211876210",
"1842531465063497986","Sat Nov 30 12:41:17 +0000 2024","0","@kitaakutagawa1 @basebuku dih ini tere liye sendiri yg turun gunung apa? basi bgt besok uda desember","1862839314759213408","","kitaakutagawa1","in","","0","1","0","https://x.com/undefined/status/1862839314759213408","1788078608776560640",
"1862829775469097391","Sat Nov 30 12:41:09 +0000 2024","0","@NerCassano Gas naik gunung wkwkwkwkw","1862839284467982408","","NerCassano","in","","0","1","0","https://x.com/undefined/status/1862839284467982408","1096023718206136320",
"1862786530475172294","Sat Nov 30 12:40:10 +0000 2024","6","@bam_abang Eyang gak punya makam wong makhluk cahaya. Gunung Tidar paling maqom. Kalau maqom ada residu energi beliau di Gunung Tidar. Begitu ","1862839033585676737","","bam_abang","in","","0","1","0","https://x.com/undefined/status/1862839033585676737","1403338018556022788",
"1862838828157002025","Sat Nov 30 12:39:21 +0000 2024","0","Habis nyuci baju didiemin di mesin cuci seminggu jemuran didiemin seminggu udah diangkat dilempar jadi gunung di sofa gimana visinya dah ini emaknya. Darah mens di kamar mandi bececeran gue lapor emaknya jawabnya biarin ajalah gue capek ngasih taunya. ‍","1862838830950396203","","punkdawa","in","","0","1","0","https://x.com/undefined/status/1862838830950396203","88981868",
"1862746139717459977","Sat Nov 30 12:38:51 +0000 2024","12","@hertakarun @tanyarlfes Gue yang rumahnya di bawah kaki gunung aja semenjak ngerantau ke kota jadi alergi dingin tiap pulang apalagi klo ada musim dingin","1862838703271690699","","hertakarun","in","","1","1","0","https://x.com/undefined/status/1862838703271690699","1315644242325245952",
"1862823498634477813","Sat Nov 30 12:38:35 +0000 2024","0","@Candrapangarep Istighfar","1862838634912891046","","Candrapangarep","tr","","0","0","0","https://x.com/undefined/status/1862838634912891046","1701624074877984768",
"1845087055891791940","Sat Nov 30 12:37:22 +0000 2024","0","@thedreamssclub btw aku opslot 1 tix yaa gak bisa dateng karena baru turun gunung yang mau boleh dm","1862838331547255239","","thedreamssclub","in","","0","0","0","https://x.com/undefined/status/1862838331547255239","1398973912491327490",
"1862838220851118512","Sat Nov 30 12:36:56 +0000 2024","1","tb2 Gunung kanget bgt Semeru gk kangen siih cuma tiba2 aja pengen Gunung https://t.co/uS306tBv1q","1862838220851118512","https://pbs.twimg.com/media/GdohfVfa4AAaEKW.jpg","","in","","0","0","0","https://x.com/undefined/status/1862838220851118512","498554752",
"1862482378775830802","Sat Nov 30 12:36:47 +0000 2024","1","@tifsembiring Hehe sampai turun gunung ya. Saya dulu ngefans PKS tapi skrg sudah tidak lagi. Coba bercermin pak kita tau PKS bisa menang dengan mengusung anies tapi karena kebodohan anda dan ke jumawa anda jadi PKS jadi nyungsep Selamat dengan ke sombongan dan kebodohan Anda.","1862838185627463860","","tifsembiring","in","","0","0","0","https://x.com/undefined/status/1862838185627463860","1512643511983611907",
"1862666489314386110","Sat Nov 30 12:36:26 +0000 2024","0","@octarinecor Ikut mas ke gunung","1862838093981901165","","octarinecor","in","","0","0","0","https://x.com/undefined/status/1862838093981901165","1633053665794863106",
"1862787483412631974","Sat Nov 30 12:34:33 +0000 2024","0","@woodruish Naik gunung lagi?","1862837621476757853","","woodruish","in","","0","1","0","https://x.com/undefined/status/1862837621476757853","1692108750969249792",
"1862769850000544253","Sat Nov 30 12:34:24 +0000 2024","0","@worksfess mau loker daerah Parung gunung Sindur Puspitek dan sekitarnya dong","1862837582020988993","","worksfess","in","","0","1","0","https://x.com/undefined/status/1862837582020988993","1515777794277470208",
"1862651342256578675","Sat Nov 30 12:34:05 +0000 2024","0","@seearene benerann jakarta skrg bisa ngeliat gunung gede wkwkw","1862837504489251146","","seearene","in","","0","1","0","https://x.com/undefined/status/1862837504489251146","1473078252247740416",
"1862646809962979585","Sat Nov 30 12:31:35 +0000 2024","0","@keennn29 Naik gunung juga harus hati-hati ya","1862836873460400172","","Molyavax","in","","0","0","0","https://x.com/undefined/status/1862836873460400172","1067680798973644806",
"1862836457431523741","Sat Nov 30 12:30:25 +0000 2024","0","sebenarnya banyakan foto fotonya sih dari pada daki gunung ","1862836583197794744","","leehcyein","in","","0","0","0","https://x.com/undefined/status/1862836583197794744","1162972547245211648",
"1862755210478952492","Sat Nov 30 12:30:01 +0000 2024","0","@bucinwonpiri dari posko kalo mau ke kota harus turun gunung dan pasti selalu kanarazu zutto ngelewatin bakul itu","1862836481313943729","","bucinwonpiri","in","","0","0","0","https://x.com/undefined/status/1862836481313943729","1095631527285682176",
"1862836457431523741","Sat Nov 30 12:29:55 +0000 2024","1","foto pas daki gunung kemarin! https://t.co/LVV7vgybnH","1862836457431523741","https://pbs.twimg.com/media/Gdofz0MXwAEkz-F.jpg","","in","","0","3","0","https://x.com/undefined/status/1862836457431523741","1162972547245211648",
"1862821684698292296","Sat Nov 30 12:28:58 +0000 2024","0","@BaseBDG Cikalong Cikuya Gunung kalong Rancakalong Rancabuaya Pasirmunding","1862836215252484108","","BaseBDG","in","","0","0","0","https://x.com/undefined/status/1862836215252484108","1645360341713588224",
"1862835811315765670","Sat Nov 30 12:27:21 +0000 2024","0","8.Biro Jasa Lampion Usa (1Paket) Peserta Bendera Harian Biasakan 44Cinta Suci Utarakan Nano Jajarana (1Paket) 9.Biro Jasa Gunung Jati Wariqsa Ida (1Paket) Peserta Bendera Harian Biasakan 44Cinta Suci Pelita Uirtasa Uda (1Paket) https://t.co/Vnb2Cm4sYn","1862835811315765670","https://pbs.twimg.com/media/GdofSEWWUAAoQmg.jpg","","in","","0","0","0","https://x.com/undefined/status/1862835811315765670","708940599005548544",
"1862743826336747960","Sat Nov 30 12:26:06 +0000 2024","31","@piotrj @nafasidn Lagi riding di Senen langsung buru keluarin hape karena ga nyangka ada real gunung woe https://t.co/Qak8v5Sxvw","1862835495413416145","https://pbs.twimg.com/media/GdofArXWgAAYBWU.jpg","piotrj","in","","0","0","2","https://x.com/undefined/status/1862835495413416145","1110001237842231296",
"1862438915661013498","Sat Nov 30 12:25:55 +0000 2024","0","@tanyakanrl Indonesia punya salju nder coba sesekali ke gunung Jayawijaya.","1862835449695437276","","tanyakanrl","in","","0","0","0","https://x.com/undefined/status/1862835449695437276","2271811988",
"1862831430155604027","Sat Nov 30 12:24:55 +0000 2024","0","@notabigguy Lah bukan ke gunung?","1862835199375200626","","bisadiamgak_","in","","0","1","0","https://x.com/undefined/status/1862835199375200626","1304617524919558144",
"1862828267323138139","Sat Nov 30 12:24:28 +0000 2024","0","@AkbilFauzi Ndadak turun gunung mas mie ayam ae","1862835084132540677","","AkbilFauzi","in","","0","0","0","https://x.com/undefined/status/1862835084132540677","1153020384666513409",
"1862476310368674281","Sat Nov 30 12:24:22 +0000 2024","0","@tanyakanrl Apasih berita ginian di up mending up berita erupsi gunung di NTT Nder","1862835056823382171","","tanyakanrl","in","","0","0","0","https://x.com/undefined/status/1862835056823382171","1841428519500554240",
"1862556484409991498","Sat Nov 30 12:24:20 +0000 2024","0","@yosefikr jadi mau naik gunung","1862835050150322323","","yosefikr","in","","0","0","0","https://x.com/undefined/status/1862835050150322323","1542802092532051968",
"1862834591285018997","Sat Nov 30 12:22:31 +0000 2024","8","Paras air sungai di Kedah semakin meningkat dan turut menjejaskan penduduk di beberapa buah kampung sekitar Jalan Gunung Keriang Alor Setar. Perkembangan terkini langsung bersama Noorhidayah Anuar. @mynadma @APMtwiter @RTM_Malaysia @JPenerangan #RTM #BeritaRTM #Banjir https://t.co/CYF6GfMOb4","1862834591285018997","https://pbs.twimg.com/ext_tw_video_thumb/1862834056938864640/pu/img/o2dUmUQNcroQG_8j.jpg","","in","","0","0","4","https://x.com/undefined/status/1862834591285018997","704725700",
"1862834580505694392","Sat Nov 30 12:22:28 +0000 2024","0","tawarin aku celana cargo atau parasut atau apapun itu yang bisa buat naik gunung under 50k dongg","1862834580505694392","","","in","","0","0","0","https://x.com/undefined/status/1862834580505694392","1235074110436200448",
"1862830094030663973","Sat Nov 30 12:22:13 +0000 2024","2","@fufufu2_ Maklum bang di Gunung Susah :v","1862834517070991590","","fufufu2_","in","","0","0","0","https://x.com/undefined/status/1862834517070991590","1165777690483281920",
"1862556484409991498","Sat Nov 30 12:21:51 +0000 2024","0","@yosefikr cung yang oengen mendaki gunung semeru","1862834426063008010","","yosefikr","in","","0","0","0","https://x.com/undefined/status/1862834426063008010","1742107264134369280",
"1862828988344983652","Sat Nov 30 12:21:23 +0000 2024","1","@radenrauf yg suka naik gunung ayo naik bareng","1862834308203089960","","radenrauf","in","","0","1","0","https://x.com/undefined/status/1862834308203089960","1830160515571834880",
"1862834237650698620","Sat Nov 30 12:21:06 +0000 2024","0","Woi heboh banget anjir tapi pagi bisa liat gunung dari jakarta","1862834237650698620","","","in","","0","0","0","https://x.com/undefined/status/1862834237650698620","1202382333287907329",
"1862833576762622155","Sat Nov 30 12:21:01 +0000 2024","0","@Americanohott2 gunung apaan dah","1862834214602940786","","Americanohott2","in","","0","1","0","https://x.com/undefined/status/1862834214602940786","1712943309159800832",
"1862834147997450675","Sat Nov 30 12:20:45 +0000 2024","0","rekomendasi sandal tali wanita sendal platform wedges slip on jelly strap gunung sepatu hak mules flatshoes high mini heels flat pretty adorable cute pink black hitam white putih cream murah kuliah kerja sekolah idea ootd event shopee 12.12 event sale gratis ongkir a thread","1862834147997450675","","","in","","0","0","0","https://x.com/undefined/status/1862834147997450675","1647445172211572737",
"1862833189062144220","Sat Nov 30 12:20:37 +0000 2024","0","Di Ipoh selain di Simpang Pulai ( hadapan Klinik Kesihatan Ibu &amp; Anak Simpang Pulai) ada juga di Manjoi Station 18 Gunung Rapat Taman Perpaduan Tasek dan Chemor tau! https://t.co/nhjuCWM1ku","1862834113201442854","https://pbs.twimg.com/media/Gdodvt4boAAKnWA.jpg","JJCMPERAK","in","","0","1","0","https://x.com/undefined/status/1862834113201442854","1220420680912519168",
"1862826697609142706","Sat Nov 30 12:19:21 +0000 2024","1","@B_dzoel alih profesi bang. Soalnya yg jualan togel miras itu manusia. Jd setan nya ngalah. Tp mmg ada mitos di gunung tertentu yg sering digunakan utk mencari pesugihan itu ada pasar setannya. Katanyaa...mbah dukun.","1862833798473490804","","B_dzoel","in","","0","1","0","https://x.com/undefined/status/1862833798473490804","1707299667577651200",
"1862810956197515736","Sat Nov 30 11:59:16 +0000 2024","0","@riizzeu KALO DIA MINTA DIBELAHIN GUNUNG SEKRANG GUE SANGGUP","1862828743288562036","","riizzeu","in","","0","0","0","https://x.com/undefined/status/1862828743288562036","1800511430715924480",
"1862813124887552270","Sat Nov 30 11:58:12 +0000 2024","0","@aramuzh bedane mung ono view gunung Slamet tok","1862828475536785794","","","in","","0","0","0","https://x.com/undefined/status/1862828475536785794","1251541065150001152",
"1862828309106892856","Sat Nov 30 11:57:33 +0000 2024","15","Mayoritas Jagoan Jokowi di Pilkada 2024 Serentak Unggul Suara: Efek Turun Gunung Saja? #TempoNasional","1862828309106892856","","","in","","0","9","0","https://x.com/undefined/status/1862828309106892856","18129942",
"1862828211354349939","Sat Nov 30 11:57:09 +0000 2024","0","P gunung","1862828211354349939","","","in","","0","1","0","https://x.com/undefined/status/1862828211354349939","1199893397344935936",
"1862697630788460802","Sat Nov 30 11:57:00 +0000 2024","0","@yosefikr bagus bangett yaa city lightnya diliat dari gunung manglayang","1862828172557128019","","yosefikr","in","","0","0","0","https://x.com/undefined/status/1862828172557128019","1129405111300632578",
"1862827971452838257","Sat Nov 30 11:56:12 +0000 2024","0","baek saeon yang gengsinya setinggi gunung everest","1862827971452838257","","","in","","0","0","0","https://x.com/undefined/status/1862827971452838257","1140258892808482817",
"1862556484409991498","Sat Nov 30 11:55:51 +0000 2024","0","@yosefikr Pengen nyoba naik gunung jugaa","1862827884228104310","","yosefikr","in","","0","0","0","https://x.com/undefined/status/1862827884228104310","1587119280",
"1862686606303666620","Sat Nov 30 11:55:04 +0000 2024","0","@newrandomlifele keren amay berarti emang bisa lihat gunung ya cuma karena polusi jadinya ga kelihatan","1862827686785388784","","newrandomlifele","in","","0","1","0","https://x.com/undefined/status/1862827686785388784","1538809095871877123",
"1862693068367175897","Sat Nov 30 11:52:12 +0000 2024","0","@peneluvie @sisthaaaaa @__Astari Panturaan sih + ada pengaruh dari Demak juga pas jaman keraton Cirebon kayaknya waktu jaman Sunan Gunung Jati","1862826964505317494","","peneluvie","in","","0","0","0","https://x.com/undefined/status/1862826964505317494","1115120762896052225",
"1853371245137739783","Sat Nov 30 11:50:32 +0000 2024","0","@Jenao Mesir naik dikit lewatin gunung","1862826544487706856","","xjewno","in","","0","0","0","https://x.com/undefined/status/1862826544487706856","1795256619846299648",
"1862826200093303039","Sat Nov 30 11:49:10 +0000 2024","1","eh stop ya ngajak naik gunung gw mau nabung syp tau semeru beneran buka 2025","1862826200093303039","","","in","","1","0","0","https://x.com/undefined/status/1862826200093303039","1697624821218287616",
"1862806321487388786","Sat Nov 30 11:47:49 +0000 2024","0","@EdenGardenium @PerangkaiLuka WN. Aduh Neik - Neona. Malu Sama Kucing - Romaria. Pelangi Pelangi - Uwa &amp; Friends. Aku Anak Gembala - Tasya Kamila. Naik-naik Ke Puncak Gunung - Alif Mimi. Boria suka-suka - U fine &amp; I fine. Goreng Pisang Ngap Ngap - U fine &amp; I fine.","1862825861403288005","","EdenGardenium","in","","1","0","0","https://x.com/undefined/status/1862825861403288005","1860687803509825537",
"1862653619470049769","Sat Nov 30 11:47:27 +0000 2024","0","@lylilacthetic Nek lewat daerah kono pernah daerah gunung sepikul yae tp mbuh wkwkwkwk","1862825770068181475","","lylilacthetic","in","","0","0","0","https://x.com/undefined/status/1862825770068181475","1231012738677321731",
"1850410159488840163","Sat Nov 30 11:47:17 +0000 2024","1","Tiap pagi nyampe ruangan Naro tas Langsung ngintip jendela Disuguhkan pemandangan kayak gini Kabut tiap pagi menyelimuti gunung https://t.co/bTxQ7kEyPL","1862825728448123203","https://pbs.twimg.com/media/GdoWIIlWAAAofWk.jpg","astiarr","in","","0","1","0","https://x.com/undefined/status/1862825728448123203","252099774",
"1862825666061984103","Sat Nov 30 11:47:03 +0000 2024","1","-oleh kaum Quraish Mekkah Malaikat itu berkata kepada Rasullulah 'Ya Rasulullah izinkanlah aku untuk membalikkan kedua gunung untuk menghancurkan kaum laknatullah ini' terus apa kata Rasulullah? Rasulullah berkata 'Ya Malaikat aku tidak mau kaumku nanti banyak yang masuk -","1862825668268228666","","veetacam","in","","0","1","0","https://x.com/undefined/status/1862825668268228666","2512003152",
"1862821060271550614","Sat Nov 30 11:46:02 +0000 2024","0","@devilran_ Jangan lupa bikin video kayak gunung meletus","1862825412445065622","","devilran_","in","","0","1","0","https://x.com/undefined/status/1862825412445065622","1156584909802225666",
"1862825040976482465","Sat Nov 30 11:44:34 +0000 2024","0","Sama sama tempat yg ku sukaa tpi gunung aja deh","1862825040976482465","","","in","","0","0","0","https://x.com/undefined/status/1862825040976482465","772810470545846272",
"1862824939763720319","Sat Nov 30 11:44:09 +0000 2024","0","rasanya naik gunung itu gimna sih","1862824939763720319","","","in","","0","1","0","https://x.com/undefined/status/1862824939763720319","1479351928685400066",
"1862824760398491926","Sat Nov 30 11:43:27 +0000 2024","0","Kemarin tuh niatnya ke Gn. Sagara lagi. Tapi dia yg ngebelokin ke Gn. Cikuray. Dia juga yg nangis kejer gara2 k Cikuray. Dikasih track edan start jalan jam 2 siang sampe camp site jam 9 malem untung gak dikasih hujan dan sekarang ngajak k Gunung lagi https://t.co/9McBcs0F1y","1862824760398491926","https://pbs.twimg.com/media/GdoVP14WIAEBTtR.jpg","","in","","0","0","0","https://x.com/undefined/status/1862824760398491926","538776995",
"1862353397489586382","Sat Nov 30 11:42:19 +0000 2024","2","@_shanindira sukabumi banyak tempat wisata ci pantai-pantai curug wisata daerah pegunungannya jg bagus-bagus yg terakhir sempet viral gara-gara om will smith situ gunung. di situ gunung jg banyak spot wisata ada jembatan gantung terpanjang keranjang sultan curug camp ground glamping https://t.co/nhuu0BLkmH","1862824475538137478","https://pbs.twimg.com/ext_tw_video_thumb/1862824361146662912/pu/img/H62Hm-QbMgFfiYof.jpg","_shanindira","in","","0","1","0","https://x.com/undefined/status/1862824475538137478","226861801",
"1862824120477737384","Sat Nov 30 11:42:10 +0000 2024","0","WKWKWK TP JUJUR IYE JELEK BANGET yg bagus cuma UGM Malbor tugu sm gunung merapi doang sisanya bablas angin e","1862824440767365262","","hiazzow","in","","0","0","0","https://x.com/undefined/status/1862824440767365262","1277964798781583361",
"1862823861420753004","Sat Nov 30 11:39:52 +0000 2024","0","Di Jawa Sunan Kalijaga menggunakan pertunjukan wayang dengan bahasa lokal yang merupakan tradisi setempat untuk berdakwah. Sunan Gunung Jati melakukan hal yang sama di Cirebon &amp; Banten. Rasanya Kang @DediMulyadi71 arahnya lebih benchmarking ke metode dan materi mereka ","1862823861420753004","","","in","","0","0","1","https://x.com/undefined/status/1862823861420753004","18580717",
"1862740397908546047","Sat Nov 30 11:39:51 +0000 2024","0","@meownyalah Baseball naik gunung wkwkw","1862823857792618979","","meownyalah","in","","0","0","0","https://x.com/undefined/status/1862823857792618979","816633620236353536",
"1862823648744419542","Sat Nov 30 11:39:02 +0000 2024","42","Melawan lupa: Tsunami Teluk Ambon 29 Nov. 1708. Tsunami menerjang Teluk Ambon dengan suara gemuruh membanjiri daratan sejauh daerah pemukiman di lereng Gunung Batu Merah sebelah timur kota. Terjangan tsunami berbalik arah dan menghancurkan jembatan (Wichmann 1918).","1862823648744419542","","","in","","1","1","2","https://x.com/undefined/status/1862823648744419542","195642037",
"1862823410805669892","Sat Nov 30 11:38:05 +0000 2024","2","nangiss bgt semalem orang tua mimpi aku tersesat di gunung akhirnya gaboleh naik lagi ","1862823410805669892","","","in","","0","0","0","https://x.com/undefined/status/1862823410805669892","1302449282172112896",
"1862823005828870581","Sat Nov 30 11:36:28 +0000 2024","1","Setiap sudut Tompobulu memberikan inspirasi seolah puncak gunung ini berbicara kepada kami untuk melihat kehidupan dari perspektif yang lebih tinggi. #Headline https://t.co/AnFT4Zy3Ru","1862823005828870581","","","in","","0","0","0","https://x.com/undefined/status/1862823005828870581","23786106",
"1862822968214348147","Sat Nov 30 11:36:19 +0000 2024","0","tektok gunung lawu done","1862822968214348147","","","in","","1","0","0","https://x.com/undefined/status/1862822968214348147","1162966506998644736",
"1862822866448003501","Sat Nov 30 11:35:55 +0000 2024","2","Eh tapi udah beberapa hari emang suka keliatan gunung juga disini apalagi kalo pagi beuh jelas bgt tu gunung berjejer ini tadi sore aja keliatan https://t.co/tdNqMXLcPI","1862822866448003501","https://pbs.twimg.com/media/GdoThedXYAA_GLC.jpg","","in","","0","0","0","https://x.com/undefined/status/1862822866448003501","1885087381",
"1862652483543474634","Sat Nov 30 11:33:14 +0000 2024","0","Disana gunung disini gunung di tengah tengahnya pulau jawa udah sih gitu aja sekali lagi terima kasih buat adolele yang udah mau berpasrtisipasi selamat istirahat dan jangan lupa diskusi tugas ya besok dikumpulin. Sampai besok guys! ","1862822191659892769","","TheJuveniles","in","","3","0","0","https://x.com/undefined/status/1862822191659892769","798539879726477312",
"1862822092112281682","Sat Nov 30 11:32:50 +0000 2024","0","ak mimpi satu kosan sama sunghoon tttppiiii kos nya di atas gunung es ","1862822092112281682","","","in","","0","0","0","https://x.com/undefined/status/1862822092112281682","1605418260937474048",
"1862821756790288579","Sat Nov 30 11:31:31 +0000 2024","4","Naik gunung https://t.co/36YwlDKdsG","1862821756790288579","https://pbs.twimg.com/media/GdoSglqaMAAV40F.jpg","","in","","0","4","0","https://x.com/undefined/status/1862821756790288579","107953765",
"1862821605195554990","Sat Nov 30 11:30:55 +0000 2024","0","rumah yg ditempati sekarang berasa sauna apalagi didalem kamar wkwkw.. kayaknya emang gini tipikal orang gunung kalo harus menetap di kota yg ketinggian dan hawanya panas..","1862821607284293918","","robby_andriyan","in","","0","0","0","https://x.com/undefined/status/1862821607284293918","821045106",
"1862816506805149742","Sat Nov 30 11:30:51 +0000 2024","0","@bakergyu Hai kak silahkan naik koridor 1 turun di Halte Kota kemudian naik koridor 12 turun di Halte Gunung Sahari lalu naik koridor 5. Untuk mengetahui posisi bus dan fitur perencanaan perjalanan kakak dapat mengunduh aplikasi TJ: Transjakarta pada Playstore atau Appstore. Trims ^RR","1862821592113303845","","bakergyu","in","","0","0","0","https://x.com/undefined/status/1862821592113303845","104556071",
"1862813486155510202","Sat Nov 30 11:27:42 +0000 2024","0","@mathelvar Agak ngeri juga ya kl liat gunung es gini dekat sm rumah","1862820796416368857","","mathelvar","in","","0","1","0","https://x.com/undefined/status/1862820796416368857","1117948972616675328",
"1862820475178815682","Sat Nov 30 11:27:12 +0000 2024","0","Belum kelar kueksplor Gunung Penanggungan aja belum sampe ke puncaknya ","1862820673879707748","","inganggita","in","","0","0","0","https://x.com/undefined/status/1862820673879707748","67848433",
"1862820092742164835","Sat Nov 30 11:24:54 +0000 2024","0","Seneng banget lihat grup keluarga pakdheku tiap weekend naik gunung sama teman-temannya. Udah masanya menikmati sih ya wong klinik udah bisa diserahin ke masku dan operasi bisa cuma mau ambil weekday aja. No more sabtu/minggu lagi dinner atau hang out tiba-tiba dipanggil RS.","1862820092742164835","","","in","","0","0","0","https://x.com/undefined/status/1862820092742164835","81785317",
"1862814529547342129","Sat Nov 30 11:24:14 +0000 2024","0","Berhubung ortuku ini anak alam bgt ya. Ortuku suka bgt ngomentari ttg lingkungan wk. Contohnya kyk wah ini cadas/karakter tanah/air daerah sini gini yaa or lihat itu gunungnya udh gundul bs² banjir ke daerah ini dll... Bahkan tiap naik gunung batu aj di teliti ama mereka","1862819926379245638","","rrapxy","in","","0","1","0","https://x.com/undefined/status/1862819926379245638","1585313259703652352",
"1862782481902297402","Sat Nov 30 11:02:38 +0000 2024","0","@Dyahnsi Turun gunung demi si langit sekeluarga","1862814490343194873","","Dyahnsi","in","","0","0","0","https://x.com/undefined/status/1862814490343194873","2529693646",
"1862814456767783250","Sat Nov 30 11:02:30 +0000 2024","0","Nunggu d gunung baili dongjun","1862814456767783250","","","in","","0","0","0","https://x.com/undefined/status/1862814456767783250","774976034491871234",
"1862688381698023490","Sat Nov 30 11:02:25 +0000 2024","0","@xharua @ijuyoen Gak kayak si Calvin lanjut Tara sambil melirik Calvin dengan senyum iseng. Kalau diajak liburan paling usulnya cuma ke pantai atau gunung. Bosen! Tara menjulurkan lidah meledek Calvin yang cuma bisa membalas dengan dengusan kecil.","1862814435188088919","","MiladySoojin","in","","0","1","0","https://x.com/undefined/status/1862814435188088919","3750060254",
"1862806204374012269","Sat Nov 30 11:00:40 +0000 2024","0","@blaiirwaalldorf yaudah gunung di kemang","1862813993771126875","","chicpriincesss","in","","0","0","0","https://x.com/undefined/status/1862813993771126875","1322445518220402688",
"1862447639134097483","Sat Nov 30 11:00:12 +0000 2024","0","@kang___L Pasti dihadang jin pink.... karena koruptor terbanyak indonesia adalah sodara jin pink....","1862813876745798081","","kang___L","in","","0","0","0","https://x.com/undefined/status/1862813876745798081","1701624074877984768",
"1862813486155510202","Sat Nov 30 10:59:01 +0000 2024","2","6. Pucón Chil Sebuah kota yang terletak di antara Gunung Berapi Villarrica dan sebuah danau yang masih alami menawarkan pemandangan menakjubkan dan kesempatan petualangan outdoor. cr: bree (eyeofshe) https://t.co/hn2CBfiwQp","1862813578988007478","https://pbs.twimg.com/media/GdoLEmmXEAAHZyo.jpg","mathelvar","in","","0","1","0","https://x.com/undefined/status/1862813578988007478","1182527509453103106",
"1862465091448545613","Sat Nov 30 10:58:59 +0000 2024","0","@faizfayeshz Kita org Sabah pun blk daki gunung Kinabalu. Biar dkt dgn rumah.","1862813571505352953","","faizfayeshz","in","","0","0","0","https://x.com/undefined/status/1862813571505352953","1801731765876494337",
"1862781146054246688","Sat Nov 30 10:57:12 +0000 2024","0","@Candrapangarep Siap om... biar pun jawaban nya salah yg penting hepiii.... o. Ya om njenengan bisa menebak jawaban yg otentik orisinil dr pikiran orang/orang?? Bkn contekan","1862813123117551729","","Candrapangarep","in","","0","0","0","https://x.com/undefined/status/1862813123117551729","1701624074877984768",
"1862693407002698090","Sat Nov 30 10:56:48 +0000 2024","0","@hafalan_ya Gunung bromo gunung kelud","1862813020373844036","","hafalan_ya","in","","0","1","0","https://x.com/undefined/status/1862813020373844036","1282445154",
"1862812961829740632","Sat Nov 30 10:56:34 +0000 2024","1","kl gw masi di depta pasti gw bisa liat gunung dr ruang kld 9h","1862812961829740632","","","in","","0","0","0","https://x.com/undefined/status/1862812961829740632","1726597527464820736",
"1862645299904487708","Sat Nov 30 10:55:47 +0000 2024","2","@c__milsa @honeeyda @BlueJeans_Hitam @Romijuliwanda Nunggu gunung kidul pindah lor","1862812767981596906","","c__milsa","in","","0","1","0","https://x.com/undefined/status/1862812767981596906","1495667120897593345",
"1862673032000807154","Sat Nov 30 10:54:51 +0000 2024","0","@sadarrdirii rumah di gunung","1862812530164617508","","sadarrdirii","in","","0","0","0","https://x.com/undefined/status/1862812530164617508","1534705517821501440",
"1862644074450481450","Sat Nov 30 10:54:41 +0000 2024","0","@faisalnrcaaa Mendaki gunung lewati lembah","1862812489144303706","","faisalnrcaaa","in","","0","0","0","https://x.com/undefined/status/1862812489144303706","1209631202153385986",
"1862729187968393520","Sat Nov 30 10:53:38 +0000 2024","0","@oboytweet bersemedi di gunung dapat ilmu wkwk","1862812225402204281","","oboytweet","in","","0","0","0","https://x.com/undefined/status/1862812225402204281","1534468671283662848",
"1862779044988928409","Sat Nov 30 10:53:28 +0000 2024","0","@Candrapangarep Meleset jawaban ku... air...","1862812182091833829","","Candrapangarep","in","","0","0","0","https://x.com/undefined/status/1862812182091833829","1701624074877984768",
"1862811749940093383","Sat Nov 30 10:51:45 +0000 2024","0","gunung tapi pantai oke","1862811749940093383","","","in","","0","0","0","https://x.com/undefined/status/1862811749940093383","1837822524010426368",
"1862811310431617395","Sat Nov 30 10:50:00 +0000 2024","5","Balai Besar TNBTS buka pengembalian biaya tiket pendakian Gunung Semeru yang ditutup sejak 3 Juli 2021. Calon pendaki dapat ajukan refund. https://t.co/4jfcwFkJZ0","1862811310431617395","","","in","","0","0","1","https://x.com/undefined/status/1862811310431617395","69183155",
"1862810703549329917","Sat Nov 30 10:47:35 +0000 2024","0","Habis turun gunung punggung kaki kanan masih kebas. ","1862810703549329917","","","in","","0","0","0","https://x.com/undefined/status/1862810703549329917","541656281",
"1862805487382901096","Sat Nov 30 10:46:56 +0000 2024","0","@aceellkz Di gunung Bantargebang","1862810538658689295","","aceellkz","in","","0","0","0","https://x.com/undefined/status/1862810538658689295","1794121061635911680",
"1862810479787417975","Sat Nov 30 10:46:42 +0000 2024","0","Day 2 jadi warga gunung. Masih betah blm mau nglaju. Betah bgt malah wkwowkwk","1862810479787417975","","","in","","0","0","0","https://x.com/undefined/status/1862810479787417975","292796086",
"1862802218174607596","Sat Nov 30 10:13:52 +0000 2024","0","LOWONGAN KERJA CV. MONTAG TECH SOLUTION DRIVER TEKNISI CCTV &amp; TEKNISI LISTRIK JAM KERJA : Senin-Sabtu (Tanggal Merah Libur) Kirim lamaran ke WA paling lambat 5 Desember 2024 : ▪︎ WhatsApp : 0823-123456-37 Jalan Gunung Latimojong No. 119E Makassar https://t.co/EoNYbSRDW7","1862802218174607596","https://pbs.twimg.com/media/GdoAvIMWsAAFjLr.jpg","","in","","0","0","0","https://x.com/undefined/status/1862802218174607596","827441108191883264",
"1862761591927972196","Sat Nov 30 10:13:29 +0000 2024","0","@justlia_twt 3 wishlist gunung yg ingin aku daki alhamdulilah Merbabu udah tinggal Semeru sm Rinjani","1862802119532904917","","liaaf_twt","in","","0","1","0","https://x.com/undefined/status/1862802119532904917","1582023429469138946",
"1862801411643453586","Sat Nov 30 10:10:40 +0000 2024","0","ini pertama kalinya aku minum mata air gunung kawi. seger bgttt berasa minum air dari kulkas https://t.co/JD7nNI20V2","1862801411643453586","https://pbs.twimg.com/media/Gdn__0WWgAAUCza.jpg","","in","","0","0","0","https://x.com/undefined/status/1862801411643453586","1254156085243416576",
"1862796746147160213","Sat Nov 30 10:07:48 +0000 2024","0","@shitlicious Tambang lah masa kalah ama bocil yg bs mbabat 2jt hektar di Papua. Jd pengn punya pertambangan di karang anyar mbabat lereng perkebunan gunung Lawu. Setelah itu invest ke diri bukan Kediri yang ada kampung inggrisny","1862800690785218561","","shitlicious","in","","0","0","0","https://x.com/undefined/status/1862800690785218561","841501786204590080",
"1862762236671824315","Sat Nov 30 10:04:26 +0000 2024","2","@brisbaneroar no punggung 7 gak starter lu kira camat cobham si mason gunung","1862799842302652879","","brisbaneroar","in","","0","0","0","https://x.com/undefined/status/1862799842302652879","1797589126482685952",
"1862795088696611282","Sat Nov 30 10:03:27 +0000 2024","35","@kochengfs roti jerukku yg gembrot dan nakal ft. si dede gunung https://t.co/80Hl1b3P3c","1862799594255700382","https://pbs.twimg.com/media/Gdn-WS-XYAAco30.jpg","kochengfs","in","","0","0","0","https://x.com/undefined/status/1862799594255700382","1225706608597975040",
"1862799215854031258","Sat Nov 30 10:01:56 +0000 2024","4","Banjir d Wang Tepus Jitra Ya ALLAH! Kami bermohon agar hujan hanya) mengelilingi kami dan bukannya menimpa ke atas kami. Ya ALLAH! (Alihkan ia) ke atas tempat2 tinggi gunung ganang dan bukit bukau perut2 lembah dan tempat tumbuhnya pokok2 Riwayat al-Bukhari. https://t.co/EszcpT7Io6","1862799215854031258","https://pbs.twimg.com/ext_tw_video_thumb/1862799152020598784/pu/img/RMBEhNBL_sk4soQl.jpg","","in","","0","0","2","https://x.com/undefined/status/1862799215854031258","959271794828955653",
"1860954504788897855","Sat Nov 30 10:01:15 +0000 2024","0","@oliviaxx80 Sini kak gratis apartemen gunung sahari","1862799040649568598","","oliviaxx80","in","","0","0","0","https://x.com/undefined/status/1862799040649568598","1775688421375352832",
"1862527046645424240","Sat Nov 30 10:00:52 +0000 2024","0","@uneksimiosism Njirr smpe meledak gunung nya","1862798944839049654","","uneksimiosism","in","","0","0","0","https://x.com/undefined/status/1862798944839049654","2222397253",
"1862556484409991498","Sat Nov 30 10:00:51 +0000 2024","0","@yosefikr Indah bgtt ya ini gunung","1862798942871986358","","yosefikr","in","","0","0","0","https://x.com/undefined/status/1862798942871986358","3253838942",
"1862798731621630006","Sat Nov 30 10:00:01 +0000 2024","1","twitter do your magic Guysss gw jual tanah bonus rumah nihh alesan dijual krn BU pengen nikah &amp; pgn beli rumah deket kantor aja hehehe Lokasi di Jl. Kp Gulusur desa Gunung Sindur. LT 294 m2. SHM atas nama sendiri Harga 700jt Nego sampe deal. https://t.co/wcU8pyqING","1862798731621630006","https://pbs.twimg.com/media/Gdn9hkQWwAA9_Ta.jpg","","in","","1","1","0","https://x.com/undefined/status/1862798731621630006","887208985",
"1862724686586479053","Sat Nov 30 09:59:23 +0000 2024","0","@henzieeAg @tanyarlfes naik gunung camp di pantai tidur riding","1862798571676049554","","henzieeAg","in","","0","0","0","https://x.com/undefined/status/1862798571676049554","1847310472967843840",
"1862797842521399432","Sat Nov 30 09:56:29 +0000 2024","0","eh dulu waktu ikut ke kantor kakak pernah ditinggalin sendiri trs ngeliat gunung abistu seneng bgt gw kira jakarta NUMBUH gunung","1862797842521399432","","","in","","0","0","0","https://x.com/undefined/status/1862797842521399432","1609060617612296192",
"1862779956838986197","Sat Nov 30 09:55:41 +0000 2024","1","@JowoNgalam Karo ngecat gunung takonke yo lek ","1862797642457297003","","JowoNgalam","in","","0","1","0","https://x.com/undefined/status/1862797642457297003","1358050106990186497",
"1862797315872039257","Sat Nov 30 09:54:23 +0000 2024","1","Korban Meninggal di Pengungsian Gunung Lewotobi Bertambah Total 5 Orang https://t.co/rQ4feqDCTG","1862797315872039257","","","in","","0","0","0","https://x.com/undefined/status/1862797315872039257","285986882",
"1862797053006610728","Sat Nov 30 09:53:22 +0000 2024","0","perguruan tinggi di wilayah Bandung. Kegiatan ini diikuti sebanyak 53 mahasiswa dari empat universitas di Bandung yakni Universitas Pasundan Universitas Padjajaran Univesitas Islam Negeri Sunan Gunung Djati dan STIKOM Bandung.","1862797057075163468","","BUMNJABAR_HEBAT","in","","0","1","0","https://x.com/undefined/status/1862797057075163468","1616295366722482181",
"1862499116649259132","Sat Nov 30 09:53:00 +0000 2024","0","@antibacterii @K_TFirdausi Nggalek cukup berpondasikan nasi pecel gunung ja'as mbak jujur aku kurang update makanya","1862796966473933078","","antibacterii","in","","0","0","0","https://x.com/undefined/status/1862796966473933078","231654797",
"1862707869571064313","Sat Nov 30 09:52:40 +0000 2024","0","@Saffaane tanggung jawabnya segede gunung udah itu mah","1862796881757417634","","Saffaane","in","","0","0","0","https://x.com/undefined/status/1862796881757417634","2420744467",
"1862543212831023345","Sat Nov 30 09:51:52 +0000 2024","1","@HYassin_88 Dia lagi nunggu mobil curhat nya dulu bang yang masih di bengkel ditune up takut gak kuat nanjak nanti di tanjakan Gunung Masigit Emil gak mau pulang pakai tol.","1862796682062430709","","HYassin_88","in","","0","0","0","https://x.com/undefined/status/1862796682062430709","1588173196729389056",
"1862666489314386110","Sat Nov 30 09:51:25 +0000 2024","0","@octarinecor Jadi kangen pengin naik gunung lagi. Tapi kapan ya","1862796566496743541","","octarinecor","in","","0","0","0","https://x.com/undefined/status/1862796566496743541","1194927386585788416",
"1862763565339615653","Sat Nov 30 09:49:48 +0000 2024","2","G: cowo pecinta alam bgt mungkin krna itu kita jd deket ya deket sbgai tmn mksdnya. Yg tdinya gue gprnh ksna kmri akhirnya berkat lu gue ngerasain. Makasi trip singkat nya ayo ajak gue kmna aja yg blm prnh huhu next naik gunung ayooo cuy","1862796161805058350","","crushableee","in","","0","1","0","https://x.com/undefined/status/1862796161805058350","557599479",
"1862457773469978696","Sat Nov 30 09:48:46 +0000 2024","0","@mbulnyaonyao @convomf Gunung Salak","1862795901212958913","","","in","","0","0","0","https://x.com/undefined/status/1862795901212958913","1811286537587535872",
"1862795562048950460","Sat Nov 30 09:47:25 +0000 2024","19","lantai atas with view gunung ungaran gini sebenernya luwih cocok nek isine warung mie ayam ketimbang franchise ayam cepat saji. bengong with view. https://t.co/xN90QUMBFz","1862795562048950460","https://pbs.twimg.com/media/Gdn6rsEXIAACuVB.jpg","","in","","0","2","0","https://x.com/undefined/status/1862795562048950460","412895947",
"1862386409379893678","Sat Nov 30 09:46:15 +0000 2024","0","@piotrj @nafasidn Ternyata sesepele ngeliat gunung sama langit bersih itu priceless ya buat orang jkt","1862795265960562776","","piotrj","in","","0","0","0","https://x.com/undefined/status/1862795265960562776","706654837",
"1862693818107404302","Sat Nov 30 09:43:21 +0000 2024","0","@aghisnada naik naik ke puncak gunung uuuuuuu","1862794536214552740","","aghisnada","in","","0","1","0","https://x.com/undefined/status/1862794536214552740","913911037140725760",
"1862792477683654706","Sat Nov 30 09:41:41 +0000 2024","1","@rwamantic ga salah sihh kan emg gunung tapi kakk ....","1862794116557644194","","rwamantic","in","","0","1","0","https://x.com/undefined/status/1862794116557644194","1479260195867877382",
"1862793832909480277","Sat Nov 30 09:40:33 +0000 2024","0","aku pernah matiin data wa berhari2 waktu kkn terus alesan gaada sinyal di gunung soalnya nggak mood dan lagi buntu nyusun proposal dan anggaran proyek sama dosen terus baru ngerjain h-1 minggu deadline pengumpulan","1862793832909480277","","","in","","0","1","0","https://x.com/undefined/status/1862793832909480277","948670490461130752",
"1862793779608170866","Sat Nov 30 09:40:20 +0000 2024","1","Kemenparekraf Perkuat Komitmen Keselamatan Pendakian Gunung Lewat IMMS 2024 https://t.co/UV3fHvO8JX","1862793779608170866","","","in","","0","0","0","https://x.com/undefined/status/1862793779608170866","3259539990",
"1862793284088959312","Sat Nov 30 09:40:16 +0000 2024","0","@mddlemzst Pindah atuh kak ke akar gunung","1862793761509810456","","mddlemzst","in","","0","1","0","https://x.com/undefined/status/1862793761509810456","1263918716",
"1862793758070526392","Sat Nov 30 09:40:15 +0000 2024","0","Tadi pagi liat gunung https://t.co/FhRGO3oPbw","1862793758070526392","https://pbs.twimg.com/media/Gdn5CpbXgAAj05v.jpg","","in","","0","0","0","https://x.com/undefined/status/1862793758070526392","52280526",
"1862665761816551441","Sat Nov 30 09:39:14 +0000 2024","0","@pipawhappy @kdrama_menfess Aktor yg jarang main drama lagi skrg turun gunung dan aktris yg langganan drama ciamik kak visual juga jangan ditanya ","1862793503014834294","","pipawhappy","in","","0","0","0","https://x.com/undefined/status/1862793503014834294","431619799",
"1862793284088959312","Sat Nov 30 09:38:22 +0000 2024","0","gini amat lah tinggal di kaki gunung listrik gada sinyal gada","1862793284088959312","","","in","","0","5","0","https://x.com/undefined/status/1862793284088959312","1739123132429119488",
"1862792399400862019","Sat Nov 30 09:34:51 +0000 2024","0","pengen ke gunung bokong tp lg musim ujan bgt takut remedi","1862792399400862019","","","in","","0","0","0","https://x.com/undefined/status/1862792399400862019","1729086016840151040",
"1862792193163108531","Sat Nov 30 09:34:02 +0000 2024","0","Polsek Gunung Labuhan Kawal Distribusi Logistik Pilkada 2024 dari PPK ke KPU Way Kanan Personel Polsek Gunung Labuhan Polres Way Kanan kembali melanjutkan tugas mereka dengan mengawal logistik Pilkada menuju kantor Komisi Pemilihan Umum (KPU) Daerah Way Kanan. https://t.co/vtLECC0BpV","1862792193163108531","https://pbs.twimg.com/media/Gdn3nlYXUAAD-24.jpg","","in","","0","0","0","https://x.com/undefined/status/1862792193163108531","767610884269146112",
"1862791989164691799","Sat Nov 30 09:33:13 +0000 2024","0","tugas fourty udh kelar saatnya prepare naik gunung!","1862791989164691799","","","in","","0","1","0","https://x.com/undefined/status/1862791989164691799","1035010416907145216",
"1862791965781495861","Sat Nov 30 09:33:08 +0000 2024","14","TPM arah agensi berkaitan pantau lokasi tanah runtuh Timbalan Perdana Menteri Datuk Seri Dr Ahmad Zahid Hamidi mengarahkan pihak berkaitan memantau kawasan berisiko terutama melibatkan lereng bukit atau gunung bagi mengelak berlaku kejadian tanah runtuh lapor wartawan Sinar https://t.co/OvVzjRhwfi","1862791965781495861","https://pbs.twimg.com/ext_tw_video_thumb/1862791189629698048/pu/img/yZ7-V9QBI22RYfmG.jpg","","in","","0","0","3","https://x.com/undefined/status/1862791965781495861","331383958",
"1862791796293882206","Sat Nov 30 09:32:53 +0000 2024","0","@TAESANtask ABANH ELU ILANH GUNUNG","1862791901633778128","","meongsain","in","","0","1","0","https://x.com/undefined/status/1862791901633778128","3256653630",
"1862791843832021477","Sat Nov 30 09:32:39 +0000 2024","2","Oalah wtpr last filming toh lumayan cepet juga berarti ya syutingnya cuma 5 bulanan. Sugo wtpr team! semoga dramanya makin sukses yaaa! ratingnya juga naik-naik sampe kepuncak gunung ️ https://t.co/jlWRVG9fU6","1862791843832021477","https://pbs.twimg.com/media/Gdn3SAkXMAA_fPi.jpg","","in","","0","1","1","https://x.com/undefined/status/1862791843832021477","3301441041",
"1862790788565844168","Sat Nov 30 09:28:27 +0000 2024","0","The Lost World Castle meskipun masih tergolong baru tempat ini telah berhasil menarik perhatian banyak wisatawan https://t.co/3rC38uW0XP","1862790788565844168","","","in","","0","0","0","https://x.com/undefined/status/1862790788565844168","1404018642",
"1862790710707298803","Sat Nov 30 09:28:09 +0000 2024","0","Pantes 2 hari yang lalu berangkat kerja mandangin gunung loji yang keliatan cantik banget","1862790710707298803","","","in","","0","0","0","https://x.com/undefined/status/1862790710707298803","1557569616",
"1862682695392010561","Sat Nov 30 09:27:25 +0000 2024","0","@risesknight121 wihhh pengen naik gunung kesinii deh","1862790527764373520","","Johnborhh","in","","0","0","0","https://x.com/undefined/status/1862790527764373520","1557310396121628672",
"1862790504364355620","Sat Nov 30 09:27:19 +0000 2024","1","oh!!! pantesan gue bisa liat 2 gunung di jalan tol tadi... gue sampe kagum bengong","1862790504364355620","","","in","","0","0","0","https://x.com/undefined/status/1862790504364355620","114728314",
"1862786178145272211","Sat Nov 30 09:27:00 +0000 2024","0","@bernotbeer bis bismillahirrohmanirrohim. gunung bromo gunung kelud","1862790423330332795","","bernotbeer","in","","0","1","0","https://x.com/undefined/status/1862790423330332795","716261313710718978",
"1862790363737702816","Sat Nov 30 09:26:46 +0000 2024","0","10.Ransel Dirafa Pemanjat Gunung Sejati Sepatura Iga (1Paket) 11.Umadasa Sola Sepatura Uga (1Paket) 12.Pesisir O2 Mineral Suhu Gugusan Bintang (1Paket) 13.Pesisir O4 Mineral Suhu Gugusan Bintang (1Paket) 14.Pesisir O8 Mineral Suhu Gugusan Bintang (1Paket) https://t.co/OtcHAFuioE","1862790363737702816","https://pbs.twimg.com/media/Gdn18_gaUAADMgJ.jpg","","in","","0","0","0","https://x.com/undefined/status/1862790363737702816","708940599005548544",
"1862790344234180739","Sat Nov 30 09:26:41 +0000 2024","1","resign dr kantor bilangnya mau ikut ekspedisi ke gunung es bawa nama indonesia padahal mah emang muak aja sm kantornya","1862790344234180739","","","in","","0","1","0","https://x.com/undefined/status/1862790344234180739","1163712611671609345",
"1862790158627844564","Sat Nov 30 09:25:57 +0000 2024","0","7.Buarnada Tradisi Selimut (1Paket) Sola Sepatu Dan Buarnafa Asa Tradisi Selimut (1Paket) Sola Sepatu 8.Kolam Renang Umaja Iso Tradisi Selimut (1Paket) Sola Sepatu Dan Kolam Jelita Rünang Asa (1Paket) Sola Sepatu 9.Ransel Pemanjat Gunung Sejati Sepatu Iga (1Paket) https://t.co/yRJcXu9nbH","1862790158627844564","https://pbs.twimg.com/media/Gdn1xqgWUAAZBxs.jpg","","in","","0","0","0","https://x.com/undefined/status/1862790158627844564","708940599005548544",
"1862789604925210821","Sat Nov 30 09:23:45 +0000 2024","1","Penyelundupan sianida dan 320 karung karbon ke gunung botak 8 orang di tahan #BerantasPenyelundupan #PrabowoBerantasPenyelundupan #AstaCita #IndonesiaTanpaPenyelundupan https://t.co/Mu5sXVogrq","1862789604925210821","https://pbs.twimg.com/media/Gdn1RhhbIAEzsMO.jpg","","in","","0","1","0","https://x.com/undefined/status/1862789604925210821","2329531294",
"1862552445165150575","Sat Nov 30 09:23:32 +0000 2024","0","@yosefikr Jadi kangen naik gunung nih bang","1862789552018190425","","yosefikr","in","","0","0","0","https://x.com/undefined/status/1862789552018190425","1450736292703064067",
"1862556484409991498","Sat Nov 30 09:22:49 +0000 2024","0","@yosefikr Jadi kangen banget sama Gunung Semeru","1862789368748163179","","yosefikr","in","","0","0","0","https://x.com/undefined/status/1862789368748163179","535901680",
"1862789343838101662","Sat Nov 30 09:22:43 +0000 2024","0","aku kira cuma Kediri yang kelihatan gunung nya ternyata semua daerah 3 hari ini pada kelihatan gunung nya ","1862789343838101662","","","in","","0","0","0","https://x.com/undefined/status/1862789343838101662","1708411778324144128",
"1862556484409991498","Sat Nov 30 09:20:35 +0000 2024","0","@yosefikr Jadi pengen naik gunung deh","1862788809144041557","","yosefikr","in","","0","0","0","https://x.com/undefined/status/1862788809144041557","1956089569",
"1862788508387344568","Sat Nov 30 09:19:23 +0000 2024","0","minggu depan gunung ungaran ?","1862788508387344568","","","in","","0","0","0","https://x.com/undefined/status/1862788508387344568","1256844298986811392",
"1862777361407909933","Sat Nov 30 09:18:13 +0000 2024","0","@bajaklauttt43 Minding view gunung ketimbang anime ","1862788211590001103","","bajaklauttt43","tl","","0","1","0","https://x.com/undefined/status/1862788211590001103","1297695750315315200",
"1862787431478755477","Sat Nov 30 09:17:31 +0000 2024","0","@andrigunardiii gunung mana tu bang","1862788034959413405","","andrigunardiii","in","","0","0","0","https://x.com/undefined/status/1862788034959413405","1102064503749959681",
"1862473200493633653","Sat Nov 30 09:17:30 +0000 2024","0","@kofiemilc_ @merekamcahaya Yg terakhir itu bukan bantul tapi ngoro oro gunung kidul saya sering kesitu soalnya ","1862788033629802797","","notnaria","in","","0","1","0","https://x.com/undefined/status/1862788033629802797","2887413990",
"1862787622382575847","Sat Nov 30 09:15:52 +0000 2024","0","Kata siapa negara Indonesia gak punya salju negara kita ada Lo salju di Papua di gunung Jayabaya. Gini kok mau jadi generasi emas wong info geografis negara aja gak tahu.","1862787622382575847","","","in","","0","0","0","https://x.com/undefined/status/1862787622382575847","1286300637693530113",
"1862787519706001484","Sat Nov 30 09:15:36 +0000 2024","1","pas banget daripada ribet bawa berat berat cocok buat yang suka traveling naik gunung apa kemah ringkas dan ringan banget jadinya https://t.co/uenlkN4riO https://t.co/6GpYjdHUqU","1862787553126236225","https://pbs.twimg.com/media/GdnzZp8bsAAWu3I.jpg","rayoffsunshinee","in","","0","1","0","https://x.com/undefined/status/1862787553126236225","270742108",
"1862779253286482136","Sat Nov 30 09:14:55 +0000 2024","0","@zsalvtr biasanya yg dari gunung itu demit","1862787383013560465","","zsalvtr","in","","0","1","0","https://x.com/undefined/status/1862787383013560465","1470662735826464768",
"1862725973130846387","Sat Nov 30 09:14:45 +0000 2024","0","@cauvalry Pasti lagi naik gunung","1862787338444972150","","cauvalry","in","","0","0","0","https://x.com/undefined/status/1862787338444972150","710500004",
"1862341208330445190","Sat Nov 30 08:50:07 +0000 2024","0","@txtdrjkt lah iya kemaren pagi juga mikir dari flyover ko gunung nya tumben keliatan banget","1862781139951481081","","txtdrjkt","in","","0","0","0","https://x.com/undefined/status/1862781139951481081","1350836759882436610",
"1862780431009230938","Sat Nov 30 08:47:18 +0000 2024","0","bisa liat gunung dari jakarta tu suatu hal yang sangat MASYAALLAH","1862780431009230938","","","in","","0","0","0","https://x.com/undefined/status/1862780431009230938","1121424848452870145",
"1862780384288932287","Sat Nov 30 08:47:07 +0000 2024","2","Video viral 1 menit di gunung kidul https://t.co/e6rmibvc2q #doodstreamviral #VideoViral #gunungkidulviral #1menitviral","1862780384288932287","","","in","","0","0","1","https://x.com/undefined/status/1862780384288932287","1663046862054785024",
"1862780309659648383","Sat Nov 30 08:46:49 +0000 2024","0","FI org2 pas follo igku sll pendaki bgt yaa wihh anak gunung pdhl mah kagak","1862780309659648383","","","in","","0","0","0","https://x.com/undefined/status/1862780309659648383","755103554",
"1862779945271095489","Sat Nov 30 08:45:22 +0000 2024","0","gue lagi pengen naik gunung tapi masih belum dapet izin. ‍","1862779945271095489","","","in","","0","0","0","https://x.com/undefined/status/1862779945271095489","1405031302483484673",
"1862746139717459977","Sat Nov 30 08:45:00 +0000 2024","0","@tanyarlfes Sono suruh naik ke puncak gunung jaya wijaya nanti ada saljunya","1862779852589535708","","tanyarlfes","in","","0","0","0","https://x.com/undefined/status/1862779852589535708","991903561",
"1862778919554068652","Sat Nov 30 08:41:17 +0000 2024","1","found ricky in gunung jerai. https://t.co/YdJkCnBqpy","1862778919554068652","https://pbs.twimg.com/media/GdnrjgmXQAAYe2R.jpg","","in","","0","0","0","https://x.com/undefined/status/1862778919554068652","1122516974100107264",
"1862731737278685226","Sat Nov 30 08:40:53 +0000 2024","0","@vvotanet Puncak gunung apa gmn nder","1862778816508444853","","vvotanet","in","","0","0","0","https://x.com/undefined/status/1862778816508444853","1295297666490830848",
"1862778544331616685","Sat Nov 30 08:40:07 +0000 2024","0","@rajadwm_ @Trent66Szn @_greatL GUNUNG","1862778626531533067","","rajadwm_","in","","0","0","0","https://x.com/undefined/status/1862778626531533067","1009966467696115713",
"1862777490743398535","Sat Nov 30 08:38:50 +0000 2024","0","@TAESANtask @HEESEUNGtask LU TEBAK DULU GUNUNG","1862778299841409152","","meongsain","in","","0","0","0","https://x.com/undefined/status/1862778299841409152","3256653630",
"1862746586809536951","Sat Nov 30 08:35:59 +0000 2024","1","ㅤ ㅤ️ Bareng Abang @kaneiral Jujur aku lebih suka ke pantai daripada ke gunung. Jadi aku mau ajak kakak liburan double date di Hawaii. Seruw banget main di pantai explore Hawaii diving di laut (bukan di mentab) snorkling sampai ngaso nunggu sunset. PASTI SERU BANGET‼️ https://t.co/94baT6MJPS","1862777582657401004","https://pbs.twimg.com/media/GdnqVgGXIAALoH5.jpg","yuivelle","in","","0","1","0","https://x.com/undefined/status/1862777582657401004","816349110118719488",
"1862776774288908433","Sat Nov 30 08:32:46 +0000 2024","0","Gunung Semeru kembali erupsi pada Sabtu pagi https://t.co/x6RQT5DCIO https://t.co/gbTjHCSYQm","1862776774288908433","https://pbs.twimg.com/media/GdnpmVFboAIQ5jV.png","","in","","0","0","0","https://x.com/undefined/status/1862776774288908433","1482999200988434435",
"1862684327915434432","Sat Nov 30 08:32:43 +0000 2024","1","@tanyakanrl apasih tolol dari jaman homo erectus disini juga sering kena gunung meletus gempa bumi makanya sekolah jgn ampe depan gerbang doang gatau yg namanya letak geografis","1862776763157553383","","tanyakanrl","in","","0","1","0","https://x.com/undefined/status/1862776763157553383","1333813202",
"1862776432205930772","Sat Nov 30 08:31:24 +0000 2024","0","capek banget diajak naik turun gunung kehidupan sama bulan november ini","1862776432205930772","","","in","","0","0","0","https://x.com/undefined/status/1862776432205930772","1090246829533364224",
"1862776313863623114","Sat Nov 30 08:30:56 +0000 2024","0","pada turun gunung aaakkk lucu banget fandom ini","1862776313863623114","","","in","","0","0","0","https://x.com/undefined/status/1862776313863623114","306149773",
"1862775993645375692","Sat Nov 30 08:29:40 +0000 2024","0","Bawa barang banyak pas naik gunung tapi tas nggak cukup atau nggak nyaman? ️ Carrier Toba Arei solusinya! Kapasitas luas untuk semua perlengkapan Desain ergonomis nyaman dibawa jauh Shopee https://t.co/AiNZMooOCN #TasGunung #CarrierHiking #AreiOutdoorgear #OutdoorGear https://t.co/kO0Jc3OpKu","1862775993645375692","https://pbs.twimg.com/media/Gdno5O9WoAAzJOk.jpg","","in","","0","0","0","https://x.com/undefined/status/1862775993645375692","1750005591911903232",
"1862743826336747960","Sat Nov 30 08:28:20 +0000 2024","203","@piotrj @nafasidn Gunung gede salak jelas dari utara jakarta. Emang dasar kameranya yg jelek jd agak burem https://t.co/x06TSeXn15","1862775658956693676","https://pbs.twimg.com/ext_tw_video_thumb/1862775625817165824/pu/img/a3ZKxliNnp0XcpF4.jpg","piotrj","in","","3","1","13","https://x.com/undefined/status/1862775658956693676","254926354",
"1862556484409991498","Sat Nov 30 08:28:03 +0000 2024","0","@yosefikr Kapan ya ke gunung semeru","1862775588865679701","","yosefikr","in","","0","0","0","https://x.com/undefined/status/1862775588865679701","1345354156844859392",
"1862710059266187483","Sat Nov 30 08:26:39 +0000 2024","2","@blank0429 @prabowo Kami rakyat dg tulus hati siap korbankan harta dan bhkn jiwa sperti tahun 2014 dan 2019 mendukung anda @prabowo . Salam hormat. Dipundak anda lah rakyat berharap perbaikan kondisi perbaikan hukum ekonomi sosial dll. Tegakkan hukum u/ satu virus #FufufafaPsikopatKronis ini pak.","1862775233935286750","","Gunung_Agoeng","in","","0","0","0","https://x.com/undefined/status/1862775233935286750","1701624074877984768",
"1862775008956936388","Sat Nov 30 08:25:45 +0000 2024","0","Bye-bye Pemandangan Ikonik Gunung Fuji Jepang Akan Pasang Layar Lagi https://t.co/IucXSzH4HN","1862775008956936388","","","in","","0","0","0","https://x.com/undefined/status/1862775008956936388","240113510",
"1862386409379893678","Sat Nov 30 08:23:47 +0000 2024","0","@piotrj @nafasidn SUMPAH IYA WEH!! pertama kali gua ke sekolah dan bisa ngeliat gunung.. bener bener takjub bangettt!!! pertama kali ngeliat gunung langsung dari kota ku","1862774513286750635","","piotrj","in","","0","0","0","https://x.com/undefined/status/1862774513286750635","1328336121202307074",
"1862386409379893678","Sat Nov 30 08:23:19 +0000 2024","0","@piotrj @nafasidn View gunung sahari https://t.co/XgrFmkzb0N","1862774395774935530","https://pbs.twimg.com/media/GdnncNnaAAAB47-.jpg","piotrj","in","","0","0","0","https://x.com/undefined/status/1862774395774935530","1286505814786584576",
"1862710059266187483","Sat Nov 30 08:22:46 +0000 2024","2","@blank0429 @prabowo Manusia yg sangat membenci anda dan keluarga dan semua org yg bertentangan dg dirinya?? Bahkan rela mencelakakan anda pak @prabowo . Seret dia ke pengadilan!!! Rakyat sdh siap mencincang dia bahkan keluarga dan kelompoknya jk ada yg brani membelanya... jk anda perintahkan","1862774259296481284","","Gunung_Agoeng","in","","0","1","0","https://x.com/undefined/status/1862774259296481284","1701624074877984768",
"1862473200493633653","Sat Nov 30 08:22:30 +0000 2024","0","@merekamcahaya sekitaran gunung sepikul kae lho lur pemandangane apik tenan nek esuk/sore pas ra udan","1862774191558467812","","merekamcahaya","in","","0","0","0","https://x.com/undefined/status/1862774191558467812","98613284",
"1862680184597729699","Sat Nov 30 08:22:26 +0000 2024","0","@nawraikoko Banyak dik tau gunung Everest? Kurang luas","1862774174546370969","","","in","","0","0","0","https://x.com/undefined/status/1862774174546370969","1546700668563439617",
"1862510892908441995","Sat Nov 30 08:22:14 +0000 2024","2","@suhairi4hmad Hancur apanya? Gunung Papua yg dilobangi asing nggk lo permasalahkan bahkan tambang yg dikuasai Imigran kekayaan meningkat drastis lo diam. Jdi yg bikin hancur Londo Ireng atau Bangsat?","1862774125460431031","","suhairi4hmad","in","","0","2","0","https://x.com/undefined/status/1862774125460431031","1284142983709724676",
"1862744980995153972","Sat Nov 30 08:20:50 +0000 2024","0","@veluesz sjak kpam ada gunung","1862773770160885949","","veluesz","in","","0","0","0","https://x.com/undefined/status/1862773770160885949","3261697500",
"1862773668079968711","Sat Nov 30 08:20:25 +0000 2024","16","begitulah hidup kadang motong gunung-kadang bikin gunung https://t.co/z55yx3z2tl","1862773668079968711","https://pbs.twimg.com/media/GdnmxasXUAMTrgf.jpg","","in","","1","0","0","https://x.com/undefined/status/1862773668079968711","1454437690359758850",
"1862735655484498069","Sat Nov 30 08:19:34 +0000 2024","3","@y03_n4n4 @Adiprayitno_20 Begitulah cara kita mendidik generasi emas. Kasus adalah puncak gunung es.","1862773454891884930","","y03_n4n4","in","","0","1","0","https://x.com/undefined/status/1862773454891884930","2445680646",
"1862724704198406507","Sat Nov 30 08:18:25 +0000 2024","1","@unicelounge naik gunung ae nderr","1862773164738314738","","unicelounge","in","","0","0","0","https://x.com/undefined/status/1862773164738314738","1110438567052869633",
"1862710059266187483","Sat Nov 30 08:18:25 +0000 2024","2","@blank0429 @prabowo Sekali lagi dan mungkin akan berkali kali lagi saya kami dan rakyat indonesia akan mengingatkan anda pak @prabowo sbg bentuk cinta dan hormat kpd anda sbg pribadi yg terhormat dan skrg lebih sbg presiden yg dicintai Tdk kah anda tergerak utk mengetahui siapa si #fufufafa ini???","1862773161814892728","","blank0429","in","","0","1","0","https://x.com/undefined/status/1862773161814892728","1701624074877984768",
"1862772690479980908","Sat Nov 30 08:16:32 +0000 2024","0","Lah Jakarta ada gunung?","1862772690479980908","","","in","","0","0","0","https://x.com/undefined/status/1862772690479980908","1069260459360972800",
"1862592244525736371","Sat Nov 30 08:15:17 +0000 2024","0","@sincrushn gunung bromo gunung setu nek gak trimo ayo","1862772373285708102","","sincrushn","in","","0","1","0","https://x.com/undefined/status/1862772373285708102","916686909732134913",
"1862772165516685638","Sat Nov 30 08:14:27 +0000 2024","1","semangat yaa kamu jangan sedih terus btw p naik gunung wkwk @asheladz","1862772165516685638","","","in","","0","0","0","https://x.com/undefined/status/1862772165516685638","1746906243867029504",
"1862771786854613127","Sat Nov 30 08:12:59 +0000 2024","0","1. Swiss with Oscar Aku mau ajak Oscar ke Swiss salah satu destinasi favoritku. Pengen ajakin Oscar hiking dan ski di Matternhorn (Zermatt) salah gunung di Pegunungan Alpen yang terkenal di dunia. Habis itu kita ke Mount Titlis untuk naik kereta gantung. Sekalian mau coba https://t.co/lkQQoTkIJX","1862771797105811561","https://pbs.twimg.com/media/GdnlE4hboAIlXV0.jpg","reisyazk","in","","0","1","0","https://x.com/undefined/status/1862771797105811561","1645792794773168129",
"1862733964416622672","Sat Nov 30 08:12:44 +0000 2024","0","@bacottetangga__ Matilah klo bunda corla udh turun gunung ","1862771732958126546","","Goonddrong","in","","0","0","0","https://x.com/undefined/status/1862771732958126546","155157511",
"1862519423078416450","Sat Nov 30 08:12:16 +0000 2024","0","@kfeldida Suka takut ama cerita org pengalaman2 menyeramkan pas naik gunung kek byk pantangannya gitu gak sih ","1862771616557719715","","kfeldida","in","","0","0","0","https://x.com/undefined/status/1862771616557719715","58159506",
"1862770866284896344","Sat Nov 30 08:09:17 +0000 2024","0","Pln haloo @pln_123 kasian bgt ini temen gw tiang listrik depan rumahnya ambruk dr semalem sampe skrg blm ada penanganan ini gmn woii? Udh rumahnya gunung kagak ada listrik pula tolong bgt https://t.co/QHL7HAqFYL","1862770866284896344","https://pbs.twimg.com/media/GdnkOMeXYAA_U6G.jpg","","in","","0","1","0","https://x.com/undefined/status/1862770866284896344","769356775661244417",
"1862770714350375243","Sat Nov 30 08:08:41 +0000 2024","0","Niat naek gunung pas ningali cuaca alus langsung dibelokeun ka curug https://t.co/MekkeW4hUB","1862770714350375243","https://pbs.twimg.com/ext_tw_video_thumb/1862770648759652353/pu/img/B5wb7RF_JE-gDyVz.jpg","","in","","0","1","0","https://x.com/undefined/status/1862770714350375243","1150147933",
"1862769599764472038","Sat Nov 30 08:08:25 +0000 2024","4","@Jenduck_nini Biasanya memasuki xmas gini mereka camping bareng ke gunung","1862770645253374095","","Jenduck_nini","in","","0","1","0","https://x.com/undefined/status/1862770645253374095","3801449473",
"1862770369473782127","Sat Nov 30 08:07:19 +0000 2024","1","Kaki gw mati rasa gilak udah medan naik turun kamera cuma satu per pos game yg satu di pucuk yg satu di bawah banget lari2 naik turun gunung bzir . But enjoying banyak moment2 seru tinggal edit2 sama Milah foto nya ini nih wkwkwk","1862770369473782127","","","in","","0","0","0","https://x.com/undefined/status/1862770369473782127","1215869040926740481",
"1862769173182783636","Sat Nov 30 08:05:10 +0000 2024","0","kan taii ya.. maksud gua kok bisa anjerr lu di gunung ngocok lu sange sama setan gunung apa gimana? terus dia gak mandi bersih. akhir cerita si pendaki yg coli ini meninggal karna penunggu gunung marah (katanya)","1862769830652518667","","hollameliyaw","in","","0","0","0","https://x.com/undefined/status/1862769830652518667","1019917065602281472",
"1862769531766309291","Sat Nov 30 08:03:59 +0000 2024","0","Kmaren pagi emg fresh bgt sih gunung aja keliatan","1862769531766309291","","","in","","0","0","0","https://x.com/undefined/status/1862769531766309291","1376291429408890882",
"1862727542500991420","Sat Nov 30 08:03:25 +0000 2024","0","@vanc1Bozz @ListyoSigitP Gua cc nya ke pace @NataliusPigai2 saja.... siapa tau ada unsur pelanggaran ham...","1862769390359650739","","vanc1Bozz","in","","0","0","0","https://x.com/undefined/status/1862769390359650739","1701624074877984768",
"1862730796555255968","Sat Nov 30 08:03:17 +0000 2024","0","@sundastruggle gunung halu","1862769354632568864","","sundastruggle","in","","0","0","0","https://x.com/undefined/status/1862769354632568864","1197886986641498113",
"1862769173182783636","Sat Nov 30 08:02:34 +0000 2024","0","abis nonton podcast horor narsum cerita soal nyasar di gunung arjuno (alas lali jiwo). aku gak percaya si cerita gituan karna keseringan nonton dzawin. yang bikin gong nya nih cerita mereka muncak bertujuh salah satu pendaki ini sempet2 nya coli di gunung anying","1862769173182783636","","","in","","0","1","0","https://x.com/undefined/status/1862769173182783636","1019917065602281472",
"1862769133055877477","Sat Nov 30 08:02:24 +0000 2024","0","37 #PELNIEvakuasiWisatawan - 18 November 2024 PELNI EVAKUASI WISATAWAN LABUAN BAJO PELNI turut membantu dalam proses evakuasi wisatawan yang tertahan di Labuan Bajo akibat erupsi Gunung Lewotobi Laki-Laki NTT sejak hari Sabtu (9/11). https://t.co/yXQR5LeDp2","1862769133055877477","https://pbs.twimg.com/ext_tw_video_thumb/1862768967971975168/pu/img/x9e1MpHbWMBlEw0e.jpg","","in","","0","0","0","https://x.com/undefined/status/1862769133055877477","1440480960017944579",
"1862743215528694028","Sat Nov 30 08:01:16 +0000 2024","1","@piotrj Psti hujan merata dari sebelum subuh. Gunung Gede dan Gunung Salak pun terlihat.","1862768848048734458","","piotrj","in","","0","0","0","https://x.com/undefined/status/1862768848048734458","65822418",
"1862768721791787063","Sat Nov 30 08:00:46 +0000 2024","0","@MyCherishLuck hayolhooo jiejie gege siapa tuh habis ini suruh nyabutin rumput di gunung!","1862768721791787063","","PenguasaXxX","in","","0","0","0","https://x.com/undefined/status/1862768721791787063","451301183",
"1862768499107754027","Sat Nov 30 07:59:53 +0000 2024","0","JUJUR IYA TD MO KE INTEN BNRBNR GUNUNG SEMUA KELIATAN DR HARAPAN INDAH DGN BENTUK SEMPURNA TRS CERAH BERSIH","1862768499107754027","","","in","","0","0","0","https://x.com/undefined/status/1862768499107754027","1294988663210663936",
"1862552896040304764","Sat Nov 30 07:57:55 +0000 2024","0","@yosefikr danau ranu kumbolo emah indah mana di dalam gunung letaknya","1862768002850279730","","yosefikr","in","","0","0","0","https://x.com/undefined/status/1862768002850279730","1385936437095268357",
"1862520799556772086","Sat Nov 30 07:57:50 +0000 2024","0","@Devovur I saw someone eating gacoan level 8.. kayaknya udah ada gunung berapi di perutnya ya kalau yang level 1 aja pedesnya gak nanggung.","1862767982289854911","","","in","","0","0","0","https://x.com/undefined/status/1862767982289854911","1860243059528859653",
"1862739123746087154","Sat Nov 30 07:56:26 +0000 2024","0","@urscorpionss Apa itu pamer pamer belahan gunung (follow)","1862767632191197648","","urscorpionss","in","","0","1","0","https://x.com/undefined/status/1862767632191197648","1564565322770042880",
"1862743826336747960","Sat Nov 30 07:56:20 +0000 2024","0","@piotrj @nafasidn karena udara bersih gini jadi bisa lihat gunung dari jakarta.","1862767606929006598","","piotrj","in","","0","0","0","https://x.com/undefined/status/1862767606929006598","2971465064",
"1862159973368905813","Sat Nov 30 07:56:05 +0000 2024","0","@ummutsaqief Kaya di gacoan gunung Sahari","1862767543406272547","","ummutsaqief","in","","0","0","0","https://x.com/undefined/status/1862767543406272547","1770788244973666304",
"1862552445165150575","Sat Nov 30 07:55:35 +0000 2024","0","@yosefikr next pngn ke gunung ini","1862767416784429366","","yosefikr","in","","0","0","0","https://x.com/undefined/status/1862767416784429366","1106879309862440961",
"1862556484409991498","Sat Nov 30 07:54:25 +0000 2024","0","@yosefikr pengen nyoba mendaki gunung tapi takut huhu","1862767122038104201","","yosefikr","in","","0","0","0","https://x.com/undefined/status/1862767122038104201","1075363035995267072",
"1862766479323926978","Sat Nov 30 07:53:29 +0000 2024","0","trus dulu ngeliat gunung di perjalanan menuju bekasi selalu buat gue EXCITED","1862766887870112245","","peonyzaa","in","","0","0","0","https://x.com/undefined/status/1862766887870112245","2413713612",
"1862765293334143021","Sat Nov 30 07:52:29 +0000 2024","1","@harineeya Pinter gini wooseok misahin warna sesuai objek gunung hejo istri koneng","1862766635368816786","","harineeya","in","","0","0","0","https://x.com/undefined/status/1862766635368816786","384845948",
"1862461808273236323","Sat Nov 30 07:30:55 +0000 2024","0","@irwndfrry Ada juga cerita temen yang temennya kesurupan di gunung. Doski dan teman2 langsung masukin tu yang kesurupan ke dalem sleeping bag masukin ke dalem tenda teriak2 sendiri di situ Yang lain keluar tenda bikin mie gitar-gitaran. Beres dah tuh kesurupan kalau gak ada yg dicaperin","1862761209390670203","","","in","","0","0","1","https://x.com/undefined/status/1862761209390670203","169763026",
"1862760868054008187","Sat Nov 30 07:29:34 +0000 2024","0","Naib Canselor Kelab Robotik UMS tawan puncak Gunung Kinabalu sempena ulang tahun ke-30 #malaysiagazette https://t.co/dIZhevEFQd","1862760868054008187","","","in","","0","0","0","https://x.com/undefined/status/1862760868054008187","1600369057",
"1862734689972424802","Sat Nov 30 07:28:02 +0000 2024","0","@addictedtoherrr kayak film indo yang dokumenter di gunung merapi itu gak sih bi? aku lupa lagi judul filmnya","1862760484002570622","","addictedtoherrr","in","","0","1","0","https://x.com/undefined/status/1862760484002570622","1677672959396413441",
"1862552445165150575","Sat Nov 30 07:26:13 +0000 2024","0","@yosefikr jd pengen ndaki gunung","1862760028635308054","","yosefikr","in","","0","0","0","https://x.com/undefined/status/1862760028635308054","268763282",
"1862730796555255968","Sat Nov 30 07:25:48 +0000 2024","0","@sundastruggle Garut Pride : Situ Sarkanjut Gunung Eweranda Pasir Anying","1862759924004270191","","sundastruggle","in","","0","0","0","https://x.com/undefined/status/1862759924004270191","1530548168974561286",
"1862759521338433981","Sat Nov 30 07:24:12 +0000 2024","3","Hidup adalah pilihan hendaknya kita senantiasa menjalani kehidupan dalam pilihan-pilihan yang mengedepankan kasih karunia Allah. https://t.co/rxFmoe2NDd https://t.co/yxBXbC4QKn","1862759521338433981","https://pbs.twimg.com/media/GdnZzdGWsAAvR3D.jpg","","in","","0","0","0","https://x.com/undefined/status/1862759521338433981","389206830",
"1862667613639516242","Sat Nov 30 07:21:56 +0000 2024","0","@StefanAntonio__ @ridwankamil @KPU_ID Kami siap turun gunung untuk membela 03 demi kebenaran dan keadilan.","1862758950720229712","","StefanAntonio__","in","","0","0","0","https://x.com/undefined/status/1862758950720229712","1491598644201783297",
"1862758847125102903","Sat Nov 30 07:21:32 +0000 2024","0","Lahan 100 M2. Kacang Panjang Terong Gelatik Tomat Rampai Labu Sayur Cabe hijau Cabe Gunung https://t.co/WNKtlZblNN","1862758847125102903","https://pbs.twimg.com/media/GdnZKTEXcAAnFEq.jpg","","in","","0","0","0","https://x.com/undefined/status/1862758847125102903","2248056396",
"1862740275707486415","Sat Nov 30 07:21:06 +0000 2024","0","@ssuk1dayo bekasi sumber gunung berapi","1862758740967256085","","ssuk1dayo","in","","0","1","0","https://x.com/undefined/status/1862758740967256085","1216976520465399808",
"1862758661212577868","Sat Nov 30 07:20:47 +0000 2024","0","keliatan gunung! tapi emang di bogor sih ini https://t.co/0tE3hZq9Tq","1862758661212577868","https://pbs.twimg.com/media/GdnZH3vWoAAhRMN.jpg","","in","","0","0","0","https://x.com/undefined/status/1862758661212577868","74106803",
"1862758588432662538","Sat Nov 30 07:20:30 +0000 2024","0","Iwo Jima sektor 3 sebelom naik gunung be like:","1862758588432662538","","","in","","0","0","0","https://x.com/undefined/status/1862758588432662538","191844034",
"1862664845478568167","Sat Nov 30 07:20:29 +0000 2024","0","@gottaluvadll Gunung ndi iki mbak ","1862758582074450354","","gottaluvadll","in","","0","0","0","https://x.com/undefined/status/1862758582074450354","1590339562831650818",
"1862743826336747960","Sat Nov 30 07:18:25 +0000 2024","0","@piotrj @nafasidn Td pagi ke Jagorawi berharap bisa liat gunung salak dgn jelas tp masih agak burik ... soalnya mgkin semalam gak hujan ya di situ...","1862758062165303780","","piotrj","in","","0","0","0","https://x.com/undefined/status/1862758062165303780","1792736765150998528",
"1862698793579524275","Sat Nov 30 07:18:19 +0000 2024","0","@ino_wilmac waktu itu gni pas naik gunung","1862758039813857404","","ino_wilmac","in","","0","0","0","https://x.com/undefined/status/1862758039813857404","1769204526333267968",
"1862552896040304764","Sat Nov 30 07:18:02 +0000 2024","0","@yosefikr Jadi pengen kesitu tapi aku takut naik gunung hehe","1862757966627446969","","yosefikr","in","","0","0","0","https://x.com/undefined/status/1862757966627446969","1794371868763521024",
"1862757887497708002","Sat Nov 30 07:17:43 +0000 2024","103","Keadaan terkini banjir di jalan Kampung Sungai Baru Gunung Kampung Alor Melintang Alor Gunung menghala ke Anak Bukit Alor Setar Kedah 30 November 2024 2:30 petang Kredit: Mahdzir Hasan https://t.co/Adb72pnwKn","1862757887497708002","https://pbs.twimg.com/media/GdnYYYuboAA113G.jpg","","in","","1","0","110","https://x.com/undefined/status/1862757887497708002","2231327545",
"1862727036328190072","Sat Nov 30 07:16:37 +0000 2024","0","@gilabola_ina Ikan mas on gunung.","1862757609838977215","","gilabola_ina","in","","0","0","0","https://x.com/undefined/status/1862757609838977215","1336940718917500928",
"1862757218837569617","Sat Nov 30 07:15:03 +0000 2024","0","pengen hujan2 di gunung ","1862757218837569617","","","in","","0","0","0","https://x.com/undefined/status/1862757218837569617","3255534834",
"1862556484409991498","Sat Nov 30 07:14:33 +0000 2024","0","@yosefikr bang cupp ayo ke gunung semeru asik kayanya","1862757091397816463","","yosefikr","in","","0","0","0","https://x.com/undefined/status/1862757091397816463","1722934100959641600",
"1862757016831500435","Sat Nov 30 07:14:15 +0000 2024","0","Rekomendasi Alat - alat Gunung low Budget! Harga Turun Spesial 12 Desember A Thread https://t.co/uBkQ7s3Upp","1862757016831500435","https://pbs.twimg.com/media/GdnXomrboAc13V8.jpg","","in","","0","1","0","https://x.com/undefined/status/1862757016831500435","1541011417725562882",
"1862687264180248816","Sat Nov 30 06:41:43 +0000 2024","0","@HintOfASMARA kamu ngapain di atas gunung gitu? turun turun nanti jtuh","1862748827448746261","","SwirlHOON","in","","1","0","0","https://x.com/undefined/status/1862748827448746261","2437615922",
"1862730865173844130","Sat Nov 30 06:41:23 +0000 2024","0","@yourghouns yuk kakak aku fotoin di gunung bromo..","1862748742824468899","","","in","","0","0","0","https://x.com/undefined/status/1862748742824468899","2512936116",
"1862742870861684938","Sat Nov 30 06:41:19 +0000 2024","0","@adeekcantik kaya aku ke gunung krna patah hati malah patah kaki","1862748726932263262","","adeekcantik","in","","0","0","0","https://x.com/undefined/status/1862748726932263262","1769204526333267968",
"1862748341073064357","Sat Nov 30 06:39:47 +0000 2024","2","mau liat pantai lagi... dengerin suara ombak... liat sunset... hirup udara segar... liat yang ijo ijo.. jalan-jalan... hirup embun pagi... liat gunung marapi... liat langit yang biru.... pantai............","1862748341073064357","","","in","","1","2","0","https://x.com/undefined/status/1862748341073064357","1832060930051735552",
"1862410814361411863","Sat Nov 30 06:39:12 +0000 2024","3","@txtfrombook Efek harga buku yg mahal. Gue dulu waktu kecil suka beli buku di Gramedia atau Gunung Agung. Jaman dulu harganya murah sekali beli bisa langsung 10 buku. Sekarang mahal2 bgt. Buku novel anak2 harganya 100 ribu/buku beli 10 udah sejuta. Gue mah kaum mendang mending.","1862748194633097603","","txtfrombook","in","","0","0","0","https://x.com/undefined/status/1862748194633097603","888029107711229952",
"1862556484409991498","Sat Nov 30 06:37:51 +0000 2024","0","@yosefikr aku pengen banget naik gunung ini","1862747853506191576","","yosefikr","in","","0","0","0","https://x.com/undefined/status/1862747853506191576","1754780163752198144",
"1862438915661013498","Sat Nov 30 06:36:41 +0000 2024","0","@tanyakanrl Nder org indo gada salju karna org indo gak terbiasa dgn dingin. Banyak org indo yg meninggal di gunung karna kena hipotermia itu dinginnya ga seberapa dibandingkan dinginnya salju. Kalo dingin salju bener2 nusuk sampe ke tulang. Baju winter nyapun mahal bgt.","1862747561729335749","","tanyakanrl","in","","0","1","0","https://x.com/undefined/status/1862747561729335749","1755887074585247744",
"1862451357644726757","Sat Nov 30 06:35:59 +0000 2024","2","@JhonSitorus_18 @JessicaNeo4 Tinggi gunung seribu janji..lain dibibir lain dihati..mmng lidah tak bertulang..tak terbatas kata ..","1862747387267363162","","JhonSitorus_18","in","","0","0","1","https://x.com/undefined/status/1862747387267363162","809306945869860864",
"1862731737278685226","Sat Nov 30 06:35:27 +0000 2024","0","@vvotanet puncak apaan gunung himalaya??","1862747249996173662","","vvotanet","in","","0","0","0","https://x.com/undefined/status/1862747249996173662","1309065239204376579",
"1862731737278685226","Sat Nov 30 06:34:53 +0000 2024","0","@vvotanet gunung Everest kah?","1862747109994504385","","vvotanet","tl","","0","0","0","https://x.com/undefined/status/1862747109994504385","1361737224732114944",
"1862747071809478989","Sat Nov 30 06:34:44 +0000 2024","0","Pernah berantem sama mantan gegara dia maunya gue cancel naik gunung tapi gue malah tetep berangkat. Dan itu jadi naik gunung ter- ga happy sih. Turun gunung ga dicariin gue dicuekin 3 hari. I feel u now. Sorry ya dulu ego akunya masih tinggi banget.","1862747071809478989","","","in","","0","0","0","https://x.com/undefined/status/1862747071809478989","373143085",
"1862552445165150575","Sat Nov 30 06:32:02 +0000 2024","0","@yosefikr Saya suka gunung kal","1862746393355730949","","yosefikr","in","","0","0","0","https://x.com/undefined/status/1862746393355730949","1084942119607783424",
"1862730796555255968","Sat Nov 30 06:31:27 +0000 2024","0","@sundastruggle Gunung bohong","1862746245107962241","","sundastruggle","in","","0","0","0","https://x.com/undefined/status/1862746245107962241","140427267",
"1862682695392010561","Sat Nov 30 06:30:30 +0000 2024","0","@risesknight121 Danau Ranukumbolo located at the foot of Gunung Semeru is a scenic lake in Indonesia.","1862746005478768936","","Johnborhh","in","","0","0","0","https://x.com/undefined/status/1862746005478768936","1710246922009911296",
"1862701418978976091","Sat Nov 30 06:30:03 +0000 2024","0","@smirnofckingu km ikutan bub spill kelakuan kita yg bersetubuh di gunung merapi itu","1862745891662438669","","smirnofckingu","in","","0","1","0","https://x.com/undefined/status/1862745891662438669","1607661455477964800",
"1862745477495885860","Sat Nov 30 06:28:24 +0000 2024","0","ada yg tau info trip gunung murah?","1862745477495885860","","","in","","0","0","0","https://x.com/undefined/status/1862745477495885860","1247875198210039812",
"1862745253285175802","Sat Nov 30 06:27:31 +0000 2024","0"," Lowongan Kerja PT. Plasma Kreasi Bersih Dibutuhkan Posisi : Pengrajin Furniture/Mebel Penempatan di Gunung Anyar Tambak Surabaya Pria - Maksimal Usia 45 Tahun Tanpa Minimal Ijazah Send Your CV to : WA : 0851 7978 8952 Email : platicmatters.id@gmail.com https://t.co/mjeHz5E36T","1862745253285175802","https://pbs.twimg.com/media/GdnMXkvbkAAmlW8.jpg","","in","","0","0","0","https://x.com/undefined/status/1862745253285175802","1639467114171088898",
"1862457773469978696","Sat Nov 30 06:27:29 +0000 2024","0","@cakecaineess @convomf Betul kak gunung salak","1862745244711948527","","cherizzonee","in","","0","0","0","https://x.com/undefined/status/1862745244711948527","607941256",
"1862556484409991498","Sat Nov 30 06:27:03 +0000 2024","0","@yosefikr tau gunung ini karena film 5 cm itu","1862745137283239937","","yosefikr","in","","0","0","0","https://x.com/undefined/status/1862745137283239937","1640699580",
"1862744950091522375","Sat Nov 30 06:26:18 +0000 2024","40","Test Moona.. pernah liat gunung gini ga mon?? sumpah bukan editan ini beneran ada :v https://t.co/sPWgnv7xyG","1862744950091522375","https://pbs.twimg.com/media/GdnMqQSWQAAj2xf.jpg","","in","","0","4","0","https://x.com/undefined/status/1862744950091522375","1419546750147125248",
"1862552896040304764","Sat Nov 30 06:24:42 +0000 2024","0","@yosefikr Subhanallah jadi pengen ke gunung Semeru","1862744546037383587","","yosefikr","in","","0","0","0","https://x.com/undefined/status/1862744546037383587","1681317664550191106",
"1861287929949364602","Sat Nov 30 06:24:29 +0000 2024","0","@vaniIlafluff Hahaha iya juga sih Pecinta alam itu ngobrolnya sama gunung pohon sama angin bukan sama rumput. Tapi kalau rumputnya udah hijau banget siapa tahu bisa diajak ngobrol juga kan?","1862744489657561361","","vaniIlafluff","in","","0","1","0","https://x.com/undefined/status/1862744489657561361","766755820268843010",
"1862731737278685226","Sat Nov 30 06:23:06 +0000 2024","0","@vvotanet gunung mana yg di daki?","1862744143765934385","","vvotanet","in","","0","0","0","https://x.com/undefined/status/1862744143765934385","1519288615649480705",
"1862386409379893678","Sat Nov 30 06:21:04 +0000 2024","0","@Raizeeel_ @piotrj @nafasidn Itu gunung salak dan gunung gede pangrango sampe keliatan yaa","1862743632887128114","","Raizeeel_","in","","0","0","0","https://x.com/undefined/status/1862743632887128114","317644906",
"1862556484409991498","Sat Nov 30 06:21:00 +0000 2024","0","@yosefikr Bang bahas gunung Papandayan sebelum meletus","1862743615443018189","","yosefikr","in","","0","0","0","https://x.com/undefined/status/1862743615443018189","1084942119607783424",
"1862386409379893678","Sat Nov 30 06:19:20 +0000 2024","0","@ratnasekar @piotrj @nafasidn Itu gunung salak kan? Keliatan yaa","1862743193529565310","","ratnasekar","in","","0","0","0","https://x.com/undefined/status/1862743193529565310","317644906",
"1862682695392010561","Sat Nov 30 06:18:57 +0000 2024","0","@risesknight121 Good to know about the Danau Ranukumbolo Gunung Semeru","1862743098406707567","","Johnborhh","in","","0","0","0","https://x.com/undefined/status/1862743098406707567","1743629863049691136",
"1862743056178655558","Sat Nov 30 06:18:47 +0000 2024","0","sama saja membangunkan singa yg tidur aktivis barbar bakal turun gunung bantu demo besar2an ojol klo beneran. ","1862743056178655558","","","in","","0","0","0","https://x.com/undefined/status/1862743056178655558","1594274770568482816",
"1862698212064469096","Sat Nov 30 06:17:41 +0000 2024","0","@saticsfy Gunung nya Masya Allah cantik banget","1862742778603872358","","saticsfy","in","","0","0","0","https://x.com/undefined/status/1862742778603872358","3266863724",
"1862531513608499709","Sat Nov 30 06:16:52 +0000 2024","0","@_NumberEight @mehelmy91 @woocf Pernah pergi ke sebelum ni? Jom mendaki Gunung","1862742575993823358","","_NumberEight","in","","0","0","0","https://x.com/undefined/status/1862742575993823358","545029942",
"1862438915661013498","Sat Nov 30 06:16:12 +0000 2024","0","@tanyakanrl ga semua orang tahan dingin anjir nder aku si bersyukur gaada salju waktu itu bukan ke daerah salju si tp lebih ke puncak gunung meskipun udah pake perlengkapan jacket sarung tangan tetep nembus dan berakhir demam dan biru2 bayangin klo ada salju ga beraktivitas dong?!?","1862742405763760557","","tanyakanrl","in","","0","0","0","https://x.com/undefined/status/1862742405763760557","1450495589188194310",
"1862742333697269961","Sat Nov 30 06:15:55 +0000 2024","1","gw lagi tiduran adik gw duduk di samping gw. isenglah dia buka² lengan baju gw sampai ke bahu nepuk² lengan gw sambil ngomong ih ma. tangannya berotot ini ma. gw cuma bilang apa sih. mama gw yang tiduran di sisi kasur lain nyaut itu naik gunung terus. ","1862742333697269961","","","in","","0","0","0","https://x.com/undefined/status/1862742333697269961","1541640932398755840",
"1862742127555616817","Sat Nov 30 06:15:05 +0000 2024","0"," Lowongan Kerja PT. Plasma Kreasi Bersih Dibutuhkan Posisi : Pengrajin Furniture/Mebel Penempatan di Gunung Anyar Tambak Surabaya Pria - Maksimal Usia 45 Tahun Tanpa Minimal Ijazah Send Your CV to : WA : 0851 7978 8952 Email : platicmatters.id@gmail.com https://t.co/Y5aWhxKnZ5","1862742127555616817","https://pbs.twimg.com/media/GdnKFBrboAARvj5.jpg","","in","","0","0","0","https://x.com/undefined/status/1862742127555616817","1639467114171088898",
"1862726875514380776","Sat Nov 30 06:14:30 +0000 2024","0","@DirectorsRoom Yang dia foto adalah pemandangan indah contohnya adalah gunung","1862741980016676948","","DirectorsRoom","in","","0","0","0","https://x.com/undefined/status/1862741980016676948","1644328767383539717",
"1862172454137090203","Sat Nov 30 06:11:56 +0000 2024","0","@nakamoto_yut_a Itu bakwan dari gunung fuji kah???","1862741332206506229","","qnakamotoyuta","in","","0","0","0","https://x.com/undefined/status/1862741332206506229","1830655789238992896",
"1862727149976772951","Sat Nov 30 06:10:19 +0000 2024","0","@tanyakanrl Niek niek ke puncak gunung","1862740927556849927","","tanyakanrl","in","","0","0","0","https://x.com/undefined/status/1862740927556849927","1358621386785189889",
"1862739201521066210","Sat Nov 30 06:09:28 +0000 2024","0","@Candrapangarep Tumbang....koyo ormas..pak dhe...","1862740713810894883","","Candrapangarep","in","","0","0","0","https://x.com/undefined/status/1862740713810894883","1701624074877984768",
"1862731737278685226","Sat Nov 30 06:09:19 +0000 2024","0","@kyraadzifa @vvotanet Ini mah. Manjat gunung endingnya masuk jurang","1862740675357540756","","kyraadzifa","in","","0","0","0","https://x.com/undefined/status/1862740675357540756","590872461",
"1862708131245301837","Sat Nov 30 06:09:11 +0000 2024","0","@EZGRLM Indon kafir laknat! Tunggu bala gempa bumi gunung berapi bulan 12 ni mampos kau","1862740641714999608","","T1vedo","in","","0","2","0","https://x.com/undefined/status/1862740641714999608","1394478353906749442",
"1862740596970201539","Sat Nov 30 06:09:01 +0000 2024","0","ketika pasangan gua selalu merasa kurang padahal gua udah membelah gunung menyurutkan lautan dan membangun seribu candi buat dia.","1862740596970201539","","","in","","0","0","0","https://x.com/undefined/status/1862740596970201539","1759449404539564032",
"1862726070510002620","Sat Nov 30 05:28:24 +0000 2024","0","@mariwpossa mau beli rumah aja di gunung deh","1862730376801878248","","taebyour","in","","0","0","0","https://x.com/undefined/status/1862730376801878248","723831560785424384",
"1862727036328190072","Sat Nov 30 05:28:05 +0000 2024","0","@gilabola_ina Ikan on gunung","1862730299014357398","","gilabola_ina","in","","0","0","0","https://x.com/undefined/status/1862730299014357398","1069499213329776640",
"1862727149976772951","Sat Nov 30 05:26:36 +0000 2024","0","@tanyakanrl niek niek kepuncak gunung tinggi-tinggi sekali","1862729924211352033","","tanyakanrl","in","","0","0","0","https://x.com/undefined/status/1862729924211352033","2824069735",
"1862729596061298809","Sat Nov 30 05:26:20 +0000 2024","0","@munvess naik gunung","1862729859157692812","","munvess","in","","0","0","0","https://x.com/undefined/status/1862729859157692812","3263467646",
"1862729715829834189","Sat Nov 30 05:25:46 +0000 2024","0","ini emg hari naik gunung sedunia? kok semuanya gt deh? barengan kah?","1862729715829834189","","","in","","0","0","1","https://x.com/undefined/status/1862729715829834189","1680856943626432512",
"1862729655402516696","Sat Nov 30 05:25:32 +0000 2024","3","Testimoni Pilkada Damai Romo Iwan dari Gereja Paroki Santo Petrus Jl. Gunung Batok Desa Tegal Harum Denpasar https://t.co/peqcfSLJOL","1862729655402516696","https://pbs.twimg.com/ext_tw_video_thumb/1862729620056899584/pu/img/WQnzrDyfntYHeafD.jpg","","in","","0","0","1","https://x.com/undefined/status/1862729655402516696","1303256647654019073",
"1862729521662660655","Sat Nov 30 05:25:00 +0000 2024","1","Pantau Kasus Penembakan Pelaku Tawuran Kompolnas Komnas HAM KPAI Turun Gunung Sambangi Polda Jateng#NewsRCTIPlus @RCTIPlus https://t.co/YfL4aou7L2","1862729521662660655","","","in","","0","1","0","https://x.com/undefined/status/1862729521662660655","1120911893663629312",
"1862727036328190072","Sat Nov 30 05:24:55 +0000 2024","0","@gilabola_ina Ikan Mas dipegang orang tombol on gunung everest","1862729501333233865","","gilabola_ina","in","","0","0","0","https://x.com/undefined/status/1862729501333233865","1744983225519558656",
"1862729454096982229","Sat Nov 30 05:24:44 +0000 2024","1"," Ah ini mah mba-mba gunung anjing ","1862729454096982229","","","in","","0","0","0","https://x.com/undefined/status/1862729454096982229","207935734",
"1862721725097714069","Sat Nov 30 05:24:28 +0000 2024","1","@syaqyla_azalea Lah gmn ngak kuat habis dipush habis2an sama arminnya.mau yg bertapa hiutus pada turun gunung push habisan demi pjms.ngak heran kalau ngak di-push favnya sama Armin apa bisa menang.stdknya JK mau vote ngak votepunbisa menang award sedangkan favnya kebnyk menangnya pake vote.","1862729389647307180","","syaqyla_azalea","in","","0","1","0","https://x.com/undefined/status/1862729389647307180","1427960675175784456",
"1862729387755675872","Sat Nov 30 05:24:28 +0000 2024","0","wah udara jakarta lagi bersih bersihnya ampe gunung keliatan. Ayo jalan2 (bawa kendaraan) [at the end ada 2 juta orang yg punya mindset begini dan ujung2nya penuh juga ni langit ama asep kendaraan]","1862729387755675872","","","in","","0","0","0","https://x.com/undefined/status/1862729387755675872","564450110",
"1862729152820064424","Sat Nov 30 05:23:32 +0000 2024","0","ini klo aku beli sepatu gunung bakal nyesel ga ya","1862729152820064424","","","in","","0","0","0","https://x.com/undefined/status/1862729152820064424","1177085890482491392",
"1862729127977263512","Sat Nov 30 05:23:26 +0000 2024","7","Pos watu gede gunung lemongan https://t.co/czu0BrtIbV","1862729127977263512","","","in","","0","1","1","https://x.com/undefined/status/1862729127977263512","2218872146",
"1862718644343734562","Sat Nov 30 05:20:57 +0000 2024","0","@saungwanara4444 Abis ini naik gunung yang mana tau nih ","1862728504334590294","","","in","","0","0","0","https://x.com/undefined/status/1862728504334590294","1825825822093225984",
"1862727036328190072","Sat Nov 30 05:20:56 +0000 2024","0","@gilabola_ina Ikan nyala di gunung?","1862728499167207613","","gilabola_ina","in","","0","0","0","https://x.com/undefined/status/1862728499167207613","385954539",
"1862727904825942211","Sat Nov 30 05:18:34 +0000 2024","0","mau ferrero rocher satu gunung","1862727904825942211","","","in","","0","0","0","https://x.com/undefined/status/1862727904825942211","1542906595050340354",
"1862664648539144399","Sat Nov 30 05:17:45 +0000 2024","0"," transfusi kopi untuk boost hari ini hari ini naik gunung?? baru pertama kali nyoba ini jadi gatau ni apaan https://t.co/CWi9PXeYbA","1862727697656684795","https://pbs.twimg.com/media/Gdm8nmVWYAAlps1.jpg","sangyeobojagi","in","","0","1","0","https://x.com/undefined/status/1862727697656684795","1399676562597814273",
"1862727036328190072","Sat Nov 30 05:16:45 +0000 2024","11","@gilabola_ina Ikan tombol gunung","1862727444526243977","","gilabola_ina","in","","0","1","0","https://x.com/undefined/status/1862727444526243977","1729891169709268992",
"1861998630296834146","Sat Nov 30 05:16:42 +0000 2024","0","ᅠ ᅠ ᅠ ─────────────── Langit pagi menggantung muram berlapis kabut yang enggan menyerah pada cahaya. Gunung Salak berdiri angkuh di kejauhan memamerkan kemisteriusannya seperti pelindung rahasia yang tak ingin dikuak. ᅠ ᅠ ᅠ","1862727434342473781","","baladarasa","in","","0","1","0","https://x.com/undefined/status/1862727434342473781","3264370998",
"1862646357665910950","Sat Nov 30 05:15:27 +0000 2024","0","@JeonHalee Di pake pas naik gunung kak ","1862727119199232439","","JeonHalee","in","","0","0","0","https://x.com/undefined/status/1862727119199232439","1390143710394929154",
"1862727086840193368","Sat Nov 30 05:15:19 +0000 2024","0","Iya kek w tau natlan sebelumnya kepikirannya ya mare jivari tp kok di aq ga ada nyenggol bahas ttg ini apa w kelewat apa gmn. Mare jivari tuh yg gunung api selatannya suku citlali itu bukan sih","1862727086840193368","","","in","","0","0","0","https://x.com/undefined/status/1862727086840193368","2923730568",
"1862386409379893678","Sat Nov 30 05:12:27 +0000 2024","1","@tigapedang @piotrj @nafasidn baru tau bisa keliatan dari Jakarta!!??? 17 tahun hidup di jakarta setelah pindah baru tau ternyata bisa liat gunung dari sana","1862726363188482536","","tigapedang","in","","0","1","0","https://x.com/undefined/status/1862726363188482536","1706632564096880640",
"1862725967539839311","Sat Nov 30 05:10:53 +0000 2024","3","Jujurr suka bgt suasana di desa dingin hawanya (salatiga jg sama sih) tp ini tuh deket gunung merbabu jd lebih ademm trs kata pakde anginnya kencengg jgv beberapa hari ini enak bgt duduk di teras https://t.co/XFyosnEQYU","1862725967539839311","https://pbs.twimg.com/ext_tw_video_thumb/1862725007777955840/pu/img/3YlUYMC8mzlwnSLK.jpg","","in","","0","3","0","https://x.com/undefined/status/1862725967539839311","1239510961939046400",
"1862426590808088823","Sat Nov 30 05:10:50 +0000 2024","0","@TheItomoriDream Perlukah saya berjanji di puncak gunung salak agar kalian percaya?","1862725957188235287","","TheItomoriDream","in","","0","1","0","https://x.com/undefined/status/1862725957188235287","574298970",
"1862725756998283622","Sat Nov 30 05:10:02 +0000 2024","0","Cek PROMO sandal carvil pria dewasa termurah/carvil pria sandal/sandal pria/sendal karvil/sendal cowo carvil asli/sandal gunung/sandal japit kasual/sandal santai pria/bisa nyar di tempat dengan harga Rp17.100. Dapatkan di Shopee sekarang! https://t.co/YNb10agyz0 https://t.co/BHKrSi636Y","1862725756998283622","https://pbs.twimg.com/media/Gdm7Mk5XQAAwnhO.jpg","","in","","0","0","0","https://x.com/undefined/status/1862725756998283622","1603502075459309568",
"1862725549443227856","Sat Nov 30 05:09:13 +0000 2024","0","Salam Lestari! Telah dilaksanakan kegiatan Pendakian Awal Oxygen-16 pada tanggal 22-24 November 2024 di Gunung Prau via Igirmranak. Kegiatan ini diikuti oleh 8 peserta dari masyarakat Teknik Kimia. Karena yang cantik dan ganteng cuman anak Oxygen-16 https://t.co/eM3cIktUKc","1862725549443227856","https://pbs.twimg.com/media/Gdm7AlkXwAAzbAQ.jpg","","in","","0","1","0","https://x.com/undefined/status/1862725549443227856","536503207",
"1862725529973268704","Sat Nov 30 05:09:08 +0000 2024","0","setan tukang berak di gunung","1862725529973268704","","","in","","0","0","0","https://x.com/undefined/status/1862725529973268704","1657295625187385344",
"1862724822029279591","Sat Nov 30 05:06:19 +0000 2024","0","Gunung","1862724822029279591","","","in","","0","0","0","https://x.com/undefined/status/1862724822029279591","1695061159030800387",
"1862455276332335477","Sat Nov 30 04:58:29 +0000 2024","0","@sbyfess iya aku pernah bgt gini sekali. first meet aku wes dandan ayu pokoke duwur tekan ngisor. dee hoodie an + SANDAL GUNUNG. nek hoodie an tp sepatuan rapopo. lah iki sandal gunung ","1862722849569742907","","sbyfess","in","","0","0","0","https://x.com/undefined/status/1862722849569742907","1721765466165952512",
"1862438915661013498","Sat Nov 30 04:58:22 +0000 2024","0","@tanyakanrl Indonesia memiliki salju ya sender sayang di gunung Jaya Wijaya️","1862722820079591897","","tanyakanrl","in","","0","0","0","https://x.com/undefined/status/1862722820079591897","813539468875427840",
"1862341208330445190","Sat Nov 30 04:58:04 +0000 2024","0","@txtdrjkt w kalo berangkat sekola liatnya 2 gunung ya di bkt kanan kiri ada gunung men","1862722743537688981","","txtdrjkt","in","","0","0","0","https://x.com/undefined/status/1862722743537688981","1592980618190561281",
"1862341208330445190","Sat Nov 30 04:58:04 +0000 2024","0","@txtdrjkt Baru tau bisa keliatan gunung gitu","1862722742115868870","","txtdrjkt","in","","0","0","0","https://x.com/undefined/status/1862722742115868870","1061195377397755904",
"1861979932462878947","Sat Nov 30 04:57:40 +0000 2024","0","@amoxcilliin @Jas_zedz Urusen sek India karo Cinomu des Malaydesh. Ga isok kan? Kon iku bedes gunung. Isok e kemlinti tok tukang nyolong utekmu dengkul gayamu sak langit. Negoro gak karu-karuan kacung e Inggris. Bisa ngerti? Tidak kan. Ini baru 1 Bahasa.","1862722642391994577","","amoxcilliin","in","","0","0","0","https://x.com/undefined/status/1862722642391994577","1037373214337290241",
"1845922021009772657","Sat Nov 30 04:57:16 +0000 2024","1","26. Sekawan Limo. plsss ni cerita hantu TAPI SEDIHHHH??? pasal dua kawan panjat gunung lepastu jumpa lagi 3 orang. plot twist dia salah sorang dari diorang berlima tu hantu?!?! pastu masing-masing punya backstory pun sedih :( recommended to watch!!! https://t.co/YX4HiAXi4Z","1862722543163252867","https://pbs.twimg.com/media/Gdm4RxvWgAA5Et1.jpg","dearwonhui","in","","0","1","0","https://x.com/undefined/status/1862722543163252867","832210670263246849",
"1862683477432574323","Sat Nov 30 04:56:50 +0000 2024","0","@4kyinnnn Aku di kaki Gunung Salak malah dingin nunggu panas haha","1862722434509811935","","karinblublue","in","","0","1","0","https://x.com/undefined/status/1862722434509811935","1723201022661959680",
"1856619162619285964","Sat Nov 30 04:54:29 +0000 2024","0","@sunghoorc emangnya kakak sanggup mendaki gunung Fuji?","1862721842928394249","","Sungeoon","in","","0","1","0","https://x.com/undefined/status/1862721842928394249","1202882150862733312",
"1862669810108440862","Sat Nov 30 04:53:29 +0000 2024","0","@chindoquil @crispyeggplant It just a gunung tiap pagi juga liat tangkuban perahu","1862721590913638793","","chindoquil","in","","0","0","0","https://x.com/undefined/status/1862721590913638793","880948242422222848",
"1862686967403876541","Sat Nov 30 04:51:53 +0000 2024","0","@re_Sagha @thejurgenholic Lah nunez mah setara sama bandit gunung kocak bisabisa mihawk","1862721185773142418","","re_Sagha","in","","0","0","0","https://x.com/undefined/status/1862721185773142418","1706031168209203200",
"1862710059266187483","Sat Nov 30 04:50:43 +0000 2024","0","@prabowo Ini saja dulu Pak @prabowo periksa apakah benar tambang galian c atau emas ijinnya galian c tapi gunungnya gunung emas https://t.co/5tBsTBd4BZ","1862720893266567579","","prabowo","in","","0","0","0","https://x.com/undefined/status/1862720893266567579","1720707251869233152",
"1862720691034103825","Sat Nov 30 04:49:55 +0000 2024","3","Join event pasai baju cantik je lama x masuk evet running maybe this my door to come back tadi jumpa berapa2 runuer yang pernah jumpa dkt gunung nuang senang je org boleh spot hamza @ktm_berhad https://t.co/HJQ5HotnHM","1862720691034103825","https://pbs.twimg.com/ext_tw_video_thumb/1862720636214550531/pu/img/iS-ari7pSXO_8sMD.jpg","","in","","0","1","0","https://x.com/undefined/status/1862720691034103825","434045545",
"1862720610662752739","Sat Nov 30 04:49:35 +0000 2024","0","tuhkan ada gunung taik lu yg ga percaya wkwkw","1862720610662752739","","","in","","0","0","0","https://x.com/undefined/status/1862720610662752739","1708450985788792832",
"1862720400037486966","Sat Nov 30 04:48:45 +0000 2024","0","Butuh liat sawas gunung pantai","1862720400037486966","","","in","","0","0","0","https://x.com/undefined/status/1862720400037486966","292311559",
"1862341208330445190","Sat Nov 30 04:48:20 +0000 2024","0","@jinyoungihyung @decemberprime @txtdrjkt Yg gunung agung report","1862720292742959446","","niceloopylife","in","","0","0","0","https://x.com/undefined/status/1862720292742959446","1583070831781228545",
"1862717045638668312","Sat Nov 30 04:48:13 +0000 2024","0","@kxcingw engga jir pemula juga gue tapi siap mendaki gunung manapun","1862720265798799542","","kxcingw","in","","0","1","0","https://x.com/undefined/status/1862720265798799542","1200035940372078592",
"1862665761816551441","Sat Nov 30 04:48:12 +0000 2024","1","@byeonmirae @kdrama_menfess IYAYAH aku lupa banget kirain itu di ep 1 wkwkwk maksudnya itu loh yang ada gunung aku teh juga shock mana posisi pake speaker ","1862720259519914130","","byeonmirae","in","","0","1","0","https://x.com/undefined/status/1862720259519914130","1318139021185351684",
"1861608324124553371","Sat Nov 30 04:46:23 +0000 2024","0","@blukutuk4 Diatas Gunung ada gunung what a great pic","1862719804509135022","","blukutuk4","in","","0","0","0","https://x.com/undefined/status/1862719804509135022","1256910692621246469",
"1862719798003867682","Sat Nov 30 04:46:22 +0000 2024","0","Nah harusnya ini. Cepirit 3x pas mahasiswa. 2 kali di SPBU 1 kali di Gunung Andong.","1862719798003867682","","","in","","0","0","0","https://x.com/undefined/status/1862719798003867682","128850910",
"1862648443443060929","Sat Nov 30 04:45:35 +0000 2024","3","@zassfarsabilah @Id77Kgt Ngawi parek gunung lawu nek candi cetho iso lewat ngawi","1862719603174252929","","no1melonlover","in","","0","0","0","https://x.com/undefined/status/1862719603174252929","1576361938300592128",
"1862719426149458160","Sat Nov 30 04:44:53 +0000 2024","1","Babinsa Koramil 0109-03/Gunung Meriah Ingatkan Bahaya Bermain di Jembatan Desa Blok 18: Fokus Keselamatan Anak https://t.co/pVxkYyGKPD","1862719426149458160","","","in","","0","0","0","https://x.com/undefined/status/1862719426149458160","1313688723746217984",
"1862719270423339456","Sat Nov 30 04:44:16 +0000 2024","0","Yaa bang gunung kk ","1862719270423339456","","","in","","0","0","0","https://x.com/undefined/status/1862719270423339456","1829325095313293312",
"1862718877400277146","Sat Nov 30 04:42:42 +0000 2024","0","Anda akan bersemangat begitu membaca bab kedua! Ayo baca 'Raja Naga Meninggalkan Gunung' bersama saya! https://t.co/GSjglhNTBc","1862718877400277146","","","in","","0","0","0","https://x.com/undefined/status/1862718877400277146","1798368046370922496",
"1862378177609584768","Sat Nov 30 04:38:50 +0000 2024","0","@CNNIndonesia Indonesia juga harus ini coba @kemkominfo bisa nggak biar anak nggak bisa main medsos","1862717901989715995","","CNNIndonesia","in","","0","0","0","https://x.com/undefined/status/1862717901989715995","705413311",
"1862710481938792723","Sat Nov 30 04:38:09 +0000 2024","0","@Kayoridare Ga punya Tet:( Klo sandal gunung msh cocok ga?","1862717732875378879","","Kayoridare","in","","0","1","0","https://x.com/undefined/status/1862717732875378879","1776050020128849922",
"1862717141872779544","Sat Nov 30 04:35:48 +0000 2024","0","Jakarta lagi bersih ya udaranya tumben gunung pada keliatan ? https://t.co/GAAJLNS7sC","1862717141872779544","https://pbs.twimg.com/ext_tw_video_thumb/1862717084972851200/pu/img/1sgFirtxJYwQ-d9f.jpg","","in","","0","0","0","https://x.com/undefined/status/1862717141872779544","1379403583",
"1862660371821060520","Sat Nov 30 04:35:29 +0000 2024","0","@starfess Bukan salah yg makai tapi salah yg bikin baju kenapa di jual belikan..mana nama Allah dan Muhammad berada di 2 gunung kutub..yg bikin baju si yg otaknya 1/4","1862717062386524451","","starfess","in","","0","0","0","https://x.com/undefined/status/1862717062386524451","1476463252901330946",
"1862461808273236323","Sat Nov 30 04:34:24 +0000 2024","0","@irwndfrry banggg tolong jelasin secara logis dong tentang pendaki gunung yang suka dibuat muter muter gunung jadi ga turun turun gituu","1862716787915465202","","","in","","0","0","0","https://x.com/undefined/status/1862716787915465202","1796215158702034945",
"1862716334175629741","Sat Nov 30 04:32:36 +0000 2024","0","seru ya konser di luar bleh bawa tas gunung ga deng bcanda tas gede mksdny","1862716334175629741","","","in","","0","0","0","https://x.com/undefined/status/1862716334175629741","1573996489273004033",
"1862716148531507697","Sat Nov 30 04:31:52 +0000 2024","0","dua hal yang sangat aku syukuri dari 2024 1. bisa lepas dari kinem 2. bisa naik gunung","1862716148531507697","","","in","","0","1","0","https://x.com/undefined/status/1862716148531507697","894580434",
"1862714856350294323","Sat Nov 30 04:26:43 +0000 2024","0","Gunung Semeru Erupsi Lagi pada Sabtu Pagi https://t.co/xwjvI4OZOB","1862714856350294323","","","in","","0","0","0","https://x.com/undefined/status/1862714856350294323","79130206",
"1862505967344394352","Sat Nov 30 04:22:34 +0000 2024","3","@Jateng_Twit Di DIY juga 4 Kabupaten/Kota PDIP menang... Sleman Gunung Kidul Kulon Progo Kota Madya Yogyakarta Kalahnya tipis di Kab Bantul.","1862713812002169143","","Jateng_Twit","in","","0","0","0","https://x.com/undefined/status/1862713812002169143","1633355555858419712",
"1862341208330445190","Sat Nov 30 04:00:55 +0000 2024","0","@markkganteng @txtdrjkt gunung lo cb pap","1862708361164370204","","markkganteng","in","","0","1","0","https://x.com/undefined/status/1862708361164370204","1686086129018454016",
"1862708329841402163","Sat Nov 30 04:00:47 +0000 2024","0","PELNI EVAKUASI WISATAWAN LABUAN BAJO PELNI turut membantu dalam proses evakuasi wisatawan yang tertahan di Labuan Bajo akibat erupsi Gunung Lewotobi Laki-Laki NTT sejak hari Sabtu (9/11). #PELNIEvakuasiWisatawan #Evakuasi #EvakuasiWisatawan #ErupsiGunungLewotobiLakiLaki https://t.co/32j4njQ9L9","1862708329841402163","https://pbs.twimg.com/ext_tw_video_thumb/1862708191097655296/pu/img/nk0Emy27N3gorewk.jpg","","in","","0","0","0","https://x.com/undefined/status/1862708329841402163","1570378487613227008",
"1862708245460394306","Sat Nov 30 04:00:27 +0000 2024","0","Soalnya orang selama ini kan hanya lingkup Singkawang sebatas pusat kotanya. Padahal Singkawang punya pantai gunung hutan dan persawahan juga.","1862708245460394306","","","in","","0","1","0","https://x.com/undefined/status/1862708245460394306","725941830",
"1862708134357475610","Sat Nov 30 04:00:01 +0000 2024","1","Lewotobi Erupsi Kita Bergerak! Amal Kampung Maghfirah bersama Rumah Zakat menyalurkan 500 Porsi Makanan Siap Saji Dapur umum di Lewolaga dan Lewoingu. Yuk jadi bagian dari perjalanan pemulihan ini! Sahabat yuk bantu ringankan duka saudara kita yang terdampak Erupsi Gunung https://t.co/rNg9mbGCqS","1862708134357475610","https://pbs.twimg.com/media/Gdi0oThXgAA4SRA.jpg","","in","","0","0","1","https://x.com/undefined/status/1862708134357475610","109865696",
"1862451483733893190","Sat Nov 30 03:58:29 +0000 2024","0","@imyourbbyss Ini judul film naik gunung ya?","1862707749584609552","","imyourbbyss","in","","0","0","0","https://x.com/undefined/status/1862707749584609552","3280738712",
"1862690935253213362","Sat Nov 30 03:58:03 +0000 2024","0","@piochiiw Sudah saatnya dia turun gunung ","1862707641971253582","","piochiiw","in","","0","0","0","https://x.com/undefined/status/1862707641971253582","1480790411580882945",
"1862707489684480285","Sat Nov 30 03:57:27 +0000 2024","0","Gw mimpi bapak gw ambil s2 pdhl s1 aja dia gak selesai keasikan naik gunung","1862707489684480285","","","in","","0","0","0","https://x.com/undefined/status/1862707489684480285","1813263485079592962",
"1862341208330445190","Sat Nov 30 03:57:20 +0000 2024","0","@txtdrjkt Aslinya lebih keliatan gunungnya kameranya aja yg tidak mendukung wkwwk Tp boro2 gunung biasanya gedung itu aja ga keliatan https://t.co/ISbvQTaLtc","1862707461716943029","https://pbs.twimg.com/media/GdmqkHIWwAAuU0i.jpg","txtdrjkt","in","","0","0","0","https://x.com/undefined/status/1862707461716943029","557794419",
"1862698123803689119","Sat Nov 30 03:57:16 +0000 2024","0","@hnirankara Sangat MIRIS... Padahal SDA sangat luar biasa dari puncak gunung sampai dasar samudera...","1862707443278713136","","Hnirankara","in","","0","0","0","https://x.com/undefined/status/1862707443278713136","1300765540424626176",
"1862662223333925263","Sat Nov 30 03:56:22 +0000 2024","1","@panglima_z @prabowo Perlahan? time bounded nya ada ngga? Kan paling lama (kalau 2 periode) cuma 10 thn yg baik pasti dan sdh SEHARUSNYA DIDUKUNG tapi akal juga harus digunakan apakah Prabowo bisa seperti Sangkuriang yg menyanggupi bikin danau dlm 1 malam dan menendang perahu seketik jadi gunung?","1862707217495101734","","panglima_z","in","","0","1","0","https://x.com/undefined/status/1862707217495101734","1603536827725811712",
"1862707149581033762","Sat Nov 30 03:56:06 +0000 2024","6","Gunung Semeru Kembali Erupsi pada Sabtu Pagi: Warga Diminta Waspada https://t.co/tnlqERL2zU","1862707149581033762","","","in","","1","0","2","https://x.com/undefined/status/1862707149581033762","848614550",
"1862706752246227148","Sat Nov 30 03:54:31 +0000 2024","0","Guys yg warga kls atas kalo pake sendal gunung aman gak yah buat naiknyaa? Ngeliat forecast cuaca jadi mikir dua kali buat sepatuaan","1862706752246227148","","","in","","0","0","0","https://x.com/undefined/status/1862706752246227148","1258231099223707648",
"1862633282330050909","Sat Nov 30 03:54:05 +0000 2024","0","@dinulfadli_ Di pedesaan asri yg suhunya adem rumahnya bs lihat gunung dan pantai... juga di kelilingi sawah yg ada sungai dg air bening yg mengalir... gak ada internet gpp. ","1862706642271531278","","dinulfadli_","in","","0","0","0","https://x.com/undefined/status/1862706642271531278","1673360660904960001",
"1862666489314386110","Sat Nov 30 03:53:13 +0000 2024","0","@octarinecor Pengen ikut tapi belum pernh naik gunung sama sekali","1862706423840526710","","octarinecor","in","","0","0","0","https://x.com/undefined/status/1862706423840526710","2840272358",
"1862706295746568434","Sat Nov 30 03:52:42 +0000 2024","0","Gunung Semeru yang memiliki ketinggian 3.676 meter di atas permukaan laut (mdpl) yang berada di perbatasan Kabupaten Lumajang dan Malang Jawa kembali erupsi pada Sabtu pagi. https://t.co/FKzBvuPwKE","1862706295746568434","","","in","","1","0","0","https://x.com/undefined/status/1862706295746568434","1557190679553769473",
"1862115084988027357","Sat Nov 30 03:52:40 +0000 2024","0","@sky_blue92ok @neobie_998 @kegblgnunfaedh Hihihi Santai ka. Akupuuunnn. Tp kalau namanya anak sendiri. Gunung kan kudaki lautan kusebrangi. Dan anak2ku tau yang terpenting tuh kami2 ortunya. Wkwkwk. Mereka harus hormati kami. Anak2 jg dianggap sbg individu d/ pikiran sndiri. Free choice-lah.","1862706284061237622","","sky_blue92ok","in","","0","1","0","https://x.com/undefined/status/1862706284061237622","1608031664223170563",
"1861953856265220588","Sat Nov 30 03:51:03 +0000 2024","1","@PriyonoDepi @emerson_yuntho Masih mending samsat gunung sahari jkt masih ada pungli wkwkwkw","1862705878065193369","","PriyonoDepi","in","","0","0","0","https://x.com/undefined/status/1862705878065193369","1049941983576260609",
"1862705551039504785","Sat Nov 30 03:49:45 +0000 2024","43","Gunung berapi klo yg udah gak aktif itu diblokir IMEInya ya?","1862705551039504785","","","in","","1","1","6","https://x.com/undefined/status/1862705551039504785","705079657",
"1862705048771580363","Sat Nov 30 03:47:45 +0000 2024","11","mampir soto gunung dulu https://t.co/2gYDEUZMju","1862705048771580363","https://pbs.twimg.com/media/GdmoWiwWQAAt6NW.jpg","","in","","0","0","0","https://x.com/undefined/status/1862705048771580363","1540540511614029825",
"1862438915661013498","Sat Nov 30 03:46:27 +0000 2024","1","@tanyakanrl Ada di puncak gunung jaya wijaya","1862704722073067847","","tanyakanrl","in","","0","0","0","https://x.com/undefined/status/1862704722073067847","1429043432366903304",
"1862704712849793401","Sat Nov 30 03:46:25 +0000 2024","0","jujur gasuka muncak ke gunung tp punya citacita ke ranukombolo","1862704712849793401","","","in","","0","0","0","https://x.com/undefined/status/1862704712849793401","890803409208594432",
"1862704670768275768","Sat Nov 30 03:46:15 +0000 2024","0","kebanyakan makan nangka sekarang rasanya kayak ada gunung mau meletus dalam perut aku","1862704670768275768","","","in","","0","0","0","https://x.com/undefined/status/1862704670768275768","1434777307328094211",
"1862704586206978086","Sat Nov 30 03:45:55 +0000 2024","0","btw tumben 2 hari ini tgr cerah sampe keliatan gunung ️","1862704586206978086","","","in","","0","0","0","https://x.com/undefined/status/1862704586206978086","1341732150",
"1862438915661013498","Sat Nov 30 03:44:39 +0000 2024","0","@tanyakanrl bikin di gunung papua aja nder","1862704266420658538","","tanyakanrl","in","","0","0","0","https://x.com/undefined/status/1862704266420658538","1820835662104518656",
"1862546197069856978","Sat Nov 30 03:44:05 +0000 2024","0","@jakegizi rillll gua waktu proses recruitment 2 ukm aja capenya kayak naik gunung tiap hari","1862704126377041994","","jakegizi","in","","0","1","0","https://x.com/undefined/status/1862704126377041994","1552523488313102337",
"1862704111806030229","Sat Nov 30 03:44:02 +0000 2024","18","Padepokan (Gerbang Pendakian Gunung Lemongan) Kab. Lumajang Jawa Timur. https://t.co/imCJVNABC6","1862704111806030229","https://pbs.twimg.com/media/GdmnPDcXAAAkPsc.jpg","","in","","0","0","4","https://x.com/undefined/status/1862704111806030229","2218872146",
"1862453927062777970","Sat Nov 30 03:42:13 +0000 2024","0","@FiersaBesari Haha ajak naik gunung pasti seru","1862703656539496650","","FiersaBesari","in","","0","0","0","https://x.com/undefined/status/1862703656539496650","1686604544632049664",
"1862703432739823843","Sat Nov 30 03:41:20 +0000 2024","0","Nasi bercampur tanah gunung aja gua makan biar gak dihukum apalah ini beralaskan lantai. Sikat Bos. Udah vaksin c0vid juga. Insyaa Allaah aman.","1862703432739823843","","","in","","0","0","0","https://x.com/undefined/status/1862703432739823843","1748695610096750592",
"1862703308877832559","Sat Nov 30 03:40:50 +0000 2024","1","depok ngeliat gunung brokk https://t.co/RGWLJWEFMb","1862703308877832559","https://pbs.twimg.com/media/Gdmmm4iXAAAixX8.jpg","","in","","0","0","0","https://x.com/undefined/status/1862703308877832559","1143331786048409600",
"1862703145509666922","Sat Nov 30 03:40:11 +0000 2024","0","Tanggap Darurat Erupsi Gunung Lewotobi Laki-laki dukungan dari Amanah Re... https://t.co/RArI5GDLAv via @YouTube","1862703145509666922","","","in","","0","0","0","https://x.com/undefined/status/1862703145509666922","357377321",
"1862662387570274364","Sat Nov 30 03:39:32 +0000 2024","0","@cithetic Sepatu gunung untuk tahun ini yah semoga tahun depan motor impian","1862702979775963288","","cithetic","in","","0","0","0","https://x.com/undefined/status/1862702979775963288","1322068303423045634",
"1862702811794088135","Sat Nov 30 03:38:52 +0000 2024","0","Naik naik ke puncak gunung ga?","1862702811794088135","","","in","","0","0","0","https://x.com/undefined/status/1862702811794088135","1509695580351582208",
"1862702675701506194","Sat Nov 30 03:38:19 +0000 2024","0","Kegiatan ini diikuti sebanyak 53 mahasiswa dari empat universitas di Bandung yakni Universitas Pasundan Universitas Padjajaran Univesitas Islam Negeri Sunan Gunung Djati dan STIKOM Bandung. Kira-kira seperti apa kegiatannya? Simak video berikut ini!","1862702675701506194","","","in","","0","0","0","https://x.com/undefined/status/1862702675701506194","1435526014730326018",
"1862702333714735162","Sat Nov 30 03:36:58 +0000 2024","3","teringin btl naik gunung kinabalu.. tpi sya tkt lepas sya naik sya x dpt bejalan suda sbb skrg lutut sya btl2 sakit","1862702333714735162","","","in","","0","0","0","https://x.com/undefined/status/1862702333714735162","1439484876135174144",
"1862702094828085545","Sat Nov 30 03:36:01 +0000 2024","0","4 Fakta Menarik Greenland Miliki Keindahan Gunung Es Raksasa dan Penduduknya Ramah! https://t.co/Pry67xUp9Z","1862702094828085545","","","in","","0","0","0","https://x.com/undefined/status/1862702094828085545","1671441894902210561",
"1862701819505590392","Sat Nov 30 03:34:55 +0000 2024","0","Kapolsek Gunung Putri Bersama Anggota Dan TNI Laksanakan Cooling Sistem Pasca Selesaikan Pilkada Mantap Praja Serentak 2024 Berjalan Kondusif https://t.co/DtStnjNARu","1862701819505590392","","","in","","0","0","0","https://x.com/undefined/status/1862701819505590392","1562144329942323200",
"1862151360428544222","Sat Nov 30 03:34:26 +0000 2024","0","@itsqwpy Karena mereka suka laut kamu suka gunung .","1862701698533531846","","itsqwpy","in","","0","1","0","https://x.com/undefined/status/1862701698533531846","787489015",
"1862695616335552993","Sat Nov 30 03:32:16 +0000 2024","0","@tyskyoong ga ngerti aku ada hubungannya atau gak sama hujan pikirku dlu itu cringe bgt soalnya tapi mungkin kebetulan aja karena deket sama gunung terus emang sering hujan","1862701151428517931","","tyskyoong","in","","0","0","0","https://x.com/undefined/status/1862701151428517931","1081856912713441280",
"1862700958696055075","Sat Nov 30 03:31:30 +0000 2024","0","Ternyata cantik juga pemandangan gunung sebagai latar belakang kota padat.","1862700958696055075","","","in","","0","0","0","https://x.com/undefined/status/1862700958696055075","1303531940578955266",
"1862700942145331378","Sat Nov 30 03:31:26 +0000 2024","0","Perjalanan yang luar biasa dan realistis melintasi lanskap Mars. Terbang di atas padang pasir yang luas gunung berapi yang menjulang tinggi dan ngarai yang dalam. Medan berwarna merah karat membentang tanpa henti di bawah langit merah muda. Gumpalan debu menari di permukaan https://t.co/HzxWP3GVfL","1862700942145331378","https://pbs.twimg.com/ext_tw_video_thumb/1862700877787643904/pu/img/qLB2LQF_IQpzYlye.jpg","","in","","0","0","0","https://x.com/undefined/status/1862700942145331378","1837891765090897920",
"1862700662066487348","Sat Nov 30 03:30:19 +0000 2024","0","oh ternyata satu jakarta emang lagi keliatan gunung ya.. ak kira aku doang.. https://t.co/bTrq8U1QTE","1862700662066487348","https://pbs.twimg.com/media/GdmkYSfa0AA3xGp.jpg","","in","","0","0","0","https://x.com/undefined/status/1862700662066487348","1698328911518834688",
"1862697066029621586","Sat Nov 30 03:28:25 +0000 2024","0","@materialwifeee Gunung sinabung","1862700184339456280","","","tl","","0","0","0","https://x.com/undefined/status/1862700184339456280","1380989234",
"1862699619492450467","Sat Nov 30 03:26:11 +0000 2024","4","Kaan.. bahkan dalam hal kesurupan pun masih Jawa sentris aing macan terus. Tulung khazanah hewan kesurupannya diperkaya dong sesuai kearifan lokal. Kesurupan kuskus di Sulawesi belalang di Gunung Kidul atau tengu sekalian. Kan meriah.","1862699619492450467","","","in","","0","0","0","https://x.com/undefined/status/1862699619492450467","196932262",
"1862699398150725655","Sat Nov 30 03:25:18 +0000 2024","0","Cek Sepatu Pria Safety Boots Gunung 5AA Cordura 6inc Outdor Turing Hiking Bikers Ujung Besi Terbaru Sepatu Safety Gunung dengan harga Rp120.000. Dapatkan di Shopee sekarang! https://t.co/vsukXYpTct https://t.co/e7wvRrRu3B","1862699398150725655","https://pbs.twimg.com/media/GdmjOVlW8AEB6hK.jpg","","in","","0","0","0","https://x.com/undefined/status/1862699398150725655","1571469534934216704",
"1862670493255705067","Sat Nov 30 03:18:52 +0000 2024","1","@hrdbacot pernah izin sakit karena cape banget minggunya baru turun gunung","1862697779237462414","","hrdbacot","in","","0","0","0","https://x.com/undefined/status/1862697779237462414","324228663",
"1862697630788460802","Sat Nov 30 03:18:17 +0000 2024","132","CITYLIGHT KOTA BANDUNG DILIHAT DARI PUNCAK GUNUNG MANGLAYANG Dari puncak Gunung Maglayang yang menjulang pemandangan malam hari menawarkan keindahan yang memukau bak lukisan alam yang hidup. Di kejauhan kota memamerkan kilauan lampu yang tampak seperti bintang bertebaran di https://t.co/FC7XLP4VtL","1862697630788460802","https://pbs.twimg.com/media/GdmhY3-XsAA0JYK.jpg","","in","","0","182","0","https://x.com/undefined/status/1862697630788460802","1433750119946473478",
"1862079601662718390","Sat Nov 30 03:17:23 +0000 2024","0","@inganggita Mau lihat ibadah sunda wiwitan ?? datang saja ke kaki gunung salak","1862697404031803782","","inganggita","in","","0","0","0","https://x.com/undefined/status/1862697404031803782","1211292991337332736",
"1862696266096111939","Sat Nov 30 03:12:51 +0000 2024","940","Bunda Corla turun gunung Agus bakal gigit jari yang donasi d tangan kemensos/pengadilan https://t.co/MOdDQMYGV3","1862696266096111939","https://pbs.twimg.com/ext_tw_video_thumb/1862696189222694912/pu/img/OsXOZkRWhFC8MBMJ.jpg","","in","","23","28","55","https://x.com/undefined/status/1862696266096111939","762115454861127680",
"1862695937384300562","Sat Nov 30 03:11:33 +0000 2024","1","Polsek Gunung Labuhan Melaksanakan PENDISTRIBUSIAN LOGISTIK PILAKDA TAHUN 2024 DARI PPK KEC. GUNUNG LABUHAN MENUJU KPU KAB. WAY KANAN.Kegiatan Berjalan Aman dan Kondusif.kegiatan pendistribusian Logistik Pilkada Gubernur dan Bupati Tahun 2024 di Wilayah Kec. Gunung Labuhan https://t.co/VRbeOo6DMt","1862695937384300562","https://pbs.twimg.com/ext_tw_video_thumb/1862695195113824256/pu/img/G3jPvVRkGpiFTWib.jpg","","in","","0","0","0","https://x.com/undefined/status/1862695937384300562","767610884269146112",
"1862678493932445712","Sat Nov 30 03:10:21 +0000 2024","0","@Amdrspt_ Mana sih gunung wkwk Aku td pagi naik MRT juga ke senayan","1862695635813802352","","Amdrspt_","in","","0","1","0","https://x.com/undefined/status/1862695635813802352","1826622468414734343",
"1862695194078171466","Sat Nov 30 03:08:36 +0000 2024","0","WISHLIST NAIK GUNUNG FINALLY TERKABUL","1862695194078171466","","","in","","0","0","0","https://x.com/undefined/status/1862695194078171466","1015521453062565890",
"1862689669013807587","Sat Nov 30 03:08:11 +0000 2024","3","@fakemaknae__ mader bestttt bgt cekhas/dianable buat daily ok bgt hijack kl suka model sendal gunung aku mah tim repeat merk itu2 aja","1862695088994050069","","fakemaknae__","in","","0","1","2","https://x.com/undefined/status/1862695088994050069","375423762",
"1862694700052087148","Sat Nov 30 03:06:38 +0000 2024","0"," Selama km blm kerja aku mw ajak km ke semua tmpt yg blm prnh km kunjungin dsni // Include naik gunung kan? // iyadongg BAIKKKKKKKK ","1862694700052087148","","","in","","0","0","0","https://x.com/undefined/status/1862694700052087148","1098811146985910272",
"1862694279606673640","Sat Nov 30 03:04:58 +0000 2024","0","PANTES kmrn sampe keliatan gunung","1862694279606673640","","","in","","0","0","0","https://x.com/undefined/status/1862694279606673640","1544281189380669440",
"1862694045426098287","Sat Nov 30 03:04:02 +0000 2024","1","Dakwaan Pencawang Elektrik di Gunung Tebu Meletup Hingga Jejaskan Bekalan Elektrik Di Kawasan Besut Adalah Tidak Benar Artikel lanjut https://t.co/7onWGQqSst","1862694045426098287","","","in","","1","0","0","https://x.com/undefined/status/1862694045426098287","841482704973529088",
"1862473200493633653","Sat Nov 30 02:59:29 +0000 2024","1","@merekamcahaya masss tak kiro wong gunung kidul ","1862692902293655843","","merekamcahaya","in","","0","1","0","https://x.com/undefined/status/1862692902293655843","1396982714260090881",
"1862692769120272592","Sat Nov 30 02:58:57 +0000 2024","0","Cuih jjik nian liat cewek caper naik gunung","1862692769120272592","","","in","","0","0","0","https://x.com/undefined/status/1862692769120272592","752402590323740672",
"1862692495198687504","Sat Nov 30 02:57:52 +0000 2024","0","sejak semalem view dari atas kostku cantik banget.. kyk.. clear bgt gitu bisa liat gunung sama bangunan2 yg jauh https://t.co/KuufFVNAFY","1862692495198687504","https://pbs.twimg.com/media/Gdmc7-yWgAAkvS-.jpg","","in","","0","0","0","https://x.com/undefined/status/1862692495198687504","1369857509872214016",
"1862341208330445190","Sat Nov 30 02:57:05 +0000 2024","0","@txtdrjkt SUMPAH YA GUA HARI KAMIS LEWAT FLYOVER PESING KEK ITU GUNUNG? ITU BENERAN GUNUNG?! dan besoknya gua selalu liat bagian yang keliatan gunung itu dan selalu bilang cantiknyaaa ","1862692295612805529","","txtdrjkt","in","","0","0","0","https://x.com/undefined/status/1862692295612805529","1773665572200562688",
"1862689759711436960","Sat Nov 30 02:56:47 +0000 2024","0","Tp setelah itu aku beneran beli tas gunung kok jadi pas balik kerumah bawa tas gunung","1862692221503643905","","super_wonu","in","","0","0","0","https://x.com/undefined/status/1862692221503643905","1663190592330010625",
"1862485549451550892","Sat Nov 30 02:56:37 +0000 2024","1","@rozepuzzle Gengsi segede gunung himalaya","1862692178411339892","","rozepuzzle","in","","0","1","0","https://x.com/undefined/status/1862692178411339892","1795821468712054784",
"1862341208330445190","Sat Nov 30 02:54:07 +0000 2024","0","@txtdrjkt Gunung Salak &amp; Gunung Halimun dari Jl. Pramuka Jaktim kemarin pagi.. https://t.co/1jorKmDejt","1862691550037516467","https://pbs.twimg.com/media/GdmcF64X0AAdBI5.jpg","txtdrjkt","in","","0","0","0","https://x.com/undefined/status/1862691550037516467","59760308",
"1862691272273928449","Sat Nov 30 02:53:01 +0000 2024","0","Eh lucu JKT nampak gunung emg se-langka itu kah","1862691272273928449","","","in","","0","0","0","https://x.com/undefined/status/1862691272273928449","1289511449274929152",
"1862691194314400003","Sat Nov 30 02:52:42 +0000 2024","0","akhir akhir ini gunung keliatan jelas bgt gile biasanya cuma pagi doang ini sampe siang masih keliatan","1862691194314400003","","","in","","0","0","0","https://x.com/undefined/status/1862691194314400003","1421404054043840512",
"1862674752235872256","Sat Nov 30 02:50:20 +0000 2024","0","@Santi_nya ayok kak healing sama aku ke gunung","1862690598555406698","","Santi_nya","in","","0","0","0","https://x.com/undefined/status/1862690598555406698","1129405111300632578",
"1862690581035835477","Sat Nov 30 02:50:16 +0000 2024","0","Tiba-tiba pengen naik gunung","1862690581035835477","","","in","","0","0","0","https://x.com/undefined/status/1862690581035835477","1209495316556324864",
"1862690305700765806","Sat Nov 30 02:49:10 +0000 2024","0","● LAKA Bus terperosok di jalan Wates - Sermo Pedukuhan Gunung Pentul RT 36 RT 17 Karangsari Pengasih Kulon Progo. ● Info dan Foto dikirim oleh : @prabu_satmoko ● Lokasi : Pedukuhan Gunung Pentul Kapanewon Pengasih Kulon Progo YK. #panoramakulonprogo #kulonprogo #jogja https://t.co/ey5kp2n8Ua","1862690305700765806","https://pbs.twimg.com/media/Gdma9ItWcAAxWSD.jpg","","in","","0","1","1","https://x.com/undefined/status/1862690305700765806","81806050",
"1847102812087636017","Sat Nov 30 02:48:15 +0000 2024","0","@MongabayID Ajag hutan tuh emang langka banget jarang banget bisa keliatan. Keren banget bisa liat rekamannya di Taman Nasional Gunung Leuser.","1862690073076277279","","MongabayID","in","","0","0","0","https://x.com/undefined/status/1862690073076277279","1230959791",
"1862652503416086982","Sat Nov 30 02:47:48 +0000 2024","4","@ma_cherie7 @HadeanEon_ @bamssoesilo1302 @HilFachruddin @kokomkomsari08 @alamanda_maroon @Bang_Ramzan @HadiatiTeti @ketupatminang @surasujaya @UTI40508653 @akundewe77 @Daliem8 Gunung Agung bukan siiii","1862689959624491445","","ma_cherie7","in","","0","0","0","https://x.com/undefined/status/1862689959624491445","1355098085844606981",
"1862689885527986586","Sat Nov 30 02:47:30 +0000 2024","0","malem ini keknya asik dah naik gunung mana gitu","1862689885527986586","","","in","","0","0","0","https://x.com/undefined/status/1862689885527986586","1344615155993231362",
"1862689759711436960","Sat Nov 30 02:47:00 +0000 2024","0","Belum punya penghasilan pas kuliah trs ada tabungan yg sengaja aku titipin ke bapak krn takut duitnya kepake buat makan di kos aku bilang mau ambil duit nya buat beli tas gunung padahal buat nonton koser bets","1862689759711436960","","","in","","0","1","0","https://x.com/undefined/status/1862689759711436960","1663190592330010625",
"1862663326888812605","Sat Nov 30 02:46:36 +0000 2024","0","@Joe_walking kaya gunung aja","1862689660977520720","","Joe_walking","in","","0","1","0","https://x.com/undefined/status/1862689660977520720","1636052592769011712",
"1862689501933637689","Sat Nov 30 02:45:59 +0000 2024","0","Jgn bikin polusi lg plis gue lebih suka keliatan gunung salak dari rumah gue","1862689501933637689","","","in","","0","0","0","https://x.com/undefined/status/1862689501933637689","1507753058419511301",
"1862689476193263850","Sat Nov 30 02:45:52 +0000 2024","0","Pengen naik gunung juga tapi takut banget jadi beban ","1862689476193263850","","","in","","0","1","0","https://x.com/undefined/status/1862689476193263850","1208778061950287873",
"1862688231890067646","Sat Nov 30 02:42:45 +0000 2024","0","Tas Eiger Chervus 10 L Deskripsi : Kondisi aman minus pemakaian biasa dipake tektok gunung kebutuhan summit atau yang lainnya Price: 75k https://t.co/1TsezYjI0F","1862688691548037189","https://pbs.twimg.com/media/GdmZezbboAAY9V4.jpg","skripsimaniaaa","in","","0","3","0","https://x.com/undefined/status/1862688691548037189","1272494916229160960",
"1862681868438839546","Sat Nov 30 02:42:35 +0000 2024","0","@lvmelikeu Gaseru ye belum naik gunung barengg","1862688646916448625","","lvmelikeu","in","","0","1","0","https://x.com/undefined/status/1862688646916448625","1744628538098282496",
"1862684025896542238","Sat Nov 30 02:41:33 +0000 2024","0","@nottypeurtea Ke gunung pati aja bisa pakai motor ","1862688389348434083","","nottypeurtea","in","","0","0","0","https://x.com/undefined/status/1862688389348434083","1721040385085259776",
"1862688316661145963","Sat Nov 30 02:41:16 +0000 2024","66","SIAP-SIAP TAMPUNG AIR!!! Sabtu 30 November 2024 Pukul 21.00 WIB - Selesai (Estimasi +/- 4 jam) Bagi warga terdampak air mengecil hingga tidak keluar di wilayah: - Dukuh Kupang Barat - Simo Gunung - Banyu Urip - Simo Kalangan - Simo Rejosari - Petemon - Simo Pomahan - Tanjung https://t.co/zwx0VwtYmp","1862688316661145963","https://pbs.twimg.com/media/GdmZJaiXUAAuFrU.jpg","","in","","6","4","12","https://x.com/undefined/status/1862688316661145963","316901513",
"1862688212252336477","Sat Nov 30 02:40:51 +0000 2024","0","Naik naik ke puncak gunung","1862688212252336477","","","in","","0","0","0","https://x.com/undefined/status/1862688212252336477","3263509819",
"1862687882680705480","Sat Nov 30 02:39:32 +0000 2024","0","Iya Gunung Salak itu nona ","1862687882680705480","","","in","","0","1","0","https://x.com/undefined/status/1862687882680705480","1827192472604438532",
"1862678047381450958","Sat Nov 30 02:38:14 +0000 2024","0","@sbyfess Golek maem plus ngopi nyoklat neng lereng Penanggungan nder mau tekan kono gunung e lagi cantik² nya","1862687555696959656","","sbyfess","in","","0","0","0","https://x.com/undefined/status/1862687555696959656","3383261353",
"1862484510061080975","Sat Nov 30 02:37:26 +0000 2024","1","@Yom_N_Friends Kenapa ndak pada minta yang 20 juta sebulan...? Padahal SDA luar biasa dari puncak gunung sampai laut terdalam...","1862687353678307615","","Yom_N_Friends","in","","0","1","0","https://x.com/undefined/status/1862687353678307615","1300765540424626176",
"1862687240981553255","Sat Nov 30 02:36:59 +0000 2024","0","ucapku awal tahun ini tapi malah kepincut mas mas jawa suka naik gunung dipertengahan tahun","1862687240981553255","","","in","","0","2","0","https://x.com/undefined/status/1862687240981553255","1203907371409408000",
"1862687172530458685","Sat Nov 30 02:36:43 +0000 2024","0","Cek SPEEDS Kursi Lipat Berkemah Portable Kursi Gunung Kursi Sauna Bangku Foldable Chair 031-14 dengan harga Rp53.550. Dapatkan di Shopee sekarang! https://t.co/Hr0HXyNzb5 https://t.co/SZgrEQPGsL","1862687172530458685","https://pbs.twimg.com/media/GdmYHJmXUAACzaj.jpg","","in","","0","0","0","https://x.com/undefined/status/1862687172530458685","1598317004749946881",
"1855260763805667643","Sat Nov 30 02:35:40 +0000 2024","0","@locsigur yahh aku bauk kalo warslot suka kalah apa aku harus manjat gunung dulu?","1862686906569695346","","locsigur","in","","0","1","0","https://x.com/undefined/status/1862686906569695346","812179747471900673",
"1862686689682235544","Sat Nov 30 02:35:11 +0000 2024","0","Selain membahas terkait asesmen dan strategi distribusi bantuan dalam situasi bencana Yayasan WAI juga membuka gudang logistik bantuan yang akan diserahkan kepada korban erupsi Gunung Lewotobi pada Desember mendatang.","1862686784372809862","","pmibali","in","","0","0","0","https://x.com/undefined/status/1862686784372809862","390466649",
"1862686739418292506","Sat Nov 30 02:35:00 +0000 2024","0","Jay Idzes bisa jadi memiliki pelatih top yang baru andai Venezia kembali mendapatkan hasil buruk di Liga Italia pekan ini. Pasukan Eusebio Di Francesco hanya mengemas 8 poin dari 13 pertandingan. https://t.co/E3KYtMstmn","1862686739418292506","","","in","","0","1","0","https://x.com/undefined/status/1862686739418292506","626306017",
"1862686739384447100","Sat Nov 30 02:35:00 +0000 2024","0","Jay Idzes bisa jadi memiliki pelatih top yang baru andai Venezia kembali mendapatkan hasil buruk di Liga Italia pekan ini. Pasukan Eusebio Di Francesco hanya mengemas 8 poin dari 13 pertandingan. https://t.co/809l2QoTzz","1862686739384447100","","","in","","0","1","0","https://x.com/undefined/status/1862686739384447100","78239324",
"1862686739199902043","Sat Nov 30 02:35:00 +0000 2024","0","Jay Idzes bisa jadi memiliki pelatih top yang baru andai Venezia kembali mendapatkan hasil buruk di Liga Italia pekan ini. Pasukan Eusebio Di Francesco hanya mengemas 8 poin dari 13 pertandingan. https://t.co/E3KYtMrVwP","1862686739199902043","","","in","","0","1","0","https://x.com/undefined/status/1862686739199902043","626306017",
"1862685535317430679","Sat Nov 30 02:30:13 +0000 2024","0","Temukan SEPEDA GUNUNG PACIFIC 27 5 INCH MTB PACIFIC INVERT 2.0 / SPAZIO 500 / SPAZIO 2.9 MD ALLOY / INVERT 400 seharga Rp1.931.080. Dapatkan sekarang juga di Shopee! https://t.co/cD46RmrtAi","1862685535317430679","","","in","","0","0","0","https://x.com/undefined/status/1862685535317430679","384360651",
"1862684830368244129","Sat Nov 30 02:27:25 +0000 2024","0","HAHH?! Hidup di jkt dari kecil kaget liat reply-an nya ternyata kita bisa liat gunung di jkt yaaa ","1862684830368244129","","","in","","0","0","0","https://x.com/undefined/status/1862684830368244129","1548297645818404867",
"1862684785543721034","Sat Nov 30 02:27:14 +0000 2024","1","Naa @detesyeux kayanya ini gasi yg kmrn km liatt ada gunung di ufuk ? Wkkk","1862684785543721034","","","in","","0","1","0","https://x.com/undefined/status/1862684785543721034","97439434",
"1862684704383852946","Sat Nov 30 02:26:55 +0000 2024","0","Dia resign dri kerjaan mau naik gunung dgn modal dri bpjs dia sndri dan gue ampe beliin dia sepatu gunung jg dri situ nganggur ampe 1tahun gue yg ngeluarin duit kalo kita mau ketemu dan kadang beliin dia rokok juga","1862684704383852946","","","in","","0","0","0","https://x.com/undefined/status/1862684704383852946","1380011780815028224",
"1862684283904958970","Sat Nov 30 02:25:14 +0000 2024","0","Gunung","1862684283904958970","","","in","","0","0","0","https://x.com/undefined/status/1862684283904958970","1266555165768921088",
"1862490534130184684","Sat Nov 30 02:24:30 +0000 2024","1","@mhuseinali Bisa kita liat orang kanekes sampai saat ini hingga ada filosofi di hidup mereka Gunung teu meunang dilebur Lebak teu meunang diruksak Pendek teu meunang disambung Lojong teu meunang dipotong ","1862684098005016852","","mhuseinali","in","","0","1","0","https://x.com/undefined/status/1862684098005016852","1748678391816151040",
"1862684025896542238","Sat Nov 30 02:24:13 +0000 2024","2","pengen naik gunung ih tapi kata mama gue ga boleh naik gunung ","1862684025896542238","","","in","","0","3","0","https://x.com/undefined/status/1862684025896542238","1725786935971696640",
"1862386409379893678","Sat Nov 30 02:23:38 +0000 2024","0","@piotrj @nafasidn @fewshigurou sampai gunung pun keliatan kita selama 3 bulan disini baru sekali liat udara sebersih itu","1862683880433885216","","piotrj","in","","0","1","0","https://x.com/undefined/status/1862683880433885216","778938823929532416",
"1862682695392010561","Sat Nov 30 02:18:56 +0000 2024","201","Danau Ranukumbolo Gunung Semeru. https://t.co/6ZGEVh9zr0","1862682695392010561","https://pbs.twimg.com/media/GdmUCE6WAAA19th.jpg","","in","","2","126","10","https://x.com/undefined/status/1862682695392010561","1026714525360242688",
"1862682551464468994","Sat Nov 30 02:18:21 +0000 2024","0","apa liburan imlek naik gunung yah","1862682551464468994","","","in","","0","1","0","https://x.com/undefined/status/1862682551464468994","1732980857567375360",
"1862681286869229778","Sat Nov 30 02:13:20 +0000 2024","0","WOIIII TANGERANG - JAKARTA HARI INI BERSIH BANGET AMPE GUNUNG KELIATAN BEGINI HWEHWHHE https://t.co/uws99UvKei","1862681286869229778","https://pbs.twimg.com/media/GdmSvWLWAAA-OSi.jpg","","in","","0","0","0","https://x.com/undefined/status/1862681286869229778","1737381970295103488",
"1862341208330445190","Sat Nov 30 02:12:05 +0000 2024","0","@txtdrjkt Emang itu gunung apa dah? Pls jawan","1862680972837494863","","txtdrjkt","in","","0","0","0","https://x.com/undefined/status/1862680972837494863","1419871275166486536",
"1862667008896377013","Sat Nov 30 02:09:50 +0000 2024","0","@phasyasrr Gunung mana ini?","1862680405272666337","","phasyasrr","in","","0","1","0","https://x.com/undefined/status/1862680405272666337","1466988874631024640",
"1862484804530516333","Sat Nov 30 02:08:38 +0000 2024","2","@Nurcholischol11 @choymarkochoy Yg tragis itu JABAR....yg turun gunung lgs PRESIDEN PKS nya.....","1862680105623200249","","Nurcholischol11","in","","0","0","0","https://x.com/undefined/status/1862680105623200249","990217579535855617",
"1862655669037670727","Sat Nov 30 02:08:14 +0000 2024","0","@lordmeong_ loh loh loh aku baru tau iki ada gunung indah macem ni. thank you mas romen dah rekomen and masuk list tempat nak saya datangi nih next year. aku prepare gearnya dulu","1862680003441565855","","lordmeong_","in","","0","0","0","https://x.com/undefined/status/1862680003441565855","1271313542",
"1862679883278950641","Sat Nov 30 02:07:45 +0000 2024","0","Seperti apa rasa berkat? Mungkin seperti melihat secercah cahaya muncul setelah membuat terowongan melewati gunung selama 6 tahun ","1862679883278950641","","","in","","0","0","0","https://x.com/undefined/status/1862679883278950641","122098659",
"1862679615447400730","Sat Nov 30 02:06:41 +0000 2024","0","dari kemarin nemu foto jkt ada gunung itu sempet ragu kek itu editan apaaa beneran sihhh ternyata itu beneran soalnya selama tinggal di jkt aku gapernah liat pemandangan begitu ","1862679615447400730","","","in","","0","0","0","https://x.com/undefined/status/1862679615447400730","1458851488696987649",
"1862679544349557130","Sat Nov 30 02:06:24 +0000 2024","0","Sabtu Pagi Ini Gunung Semeru Kembali Erupsi https://t.co/kKMwvadnqB","1862679544349557130","","","in","","0","0","0","https://x.com/undefined/status/1862679544349557130","1578222594",
"1862658792389058766","Sat Nov 30 02:05:45 +0000 2024","0","@9U5T1N44 Iya bener itu gunung ciremai","1862679379656274007","","9U5T1N44","in","","0","1","0","https://x.com/undefined/status/1862679379656274007","1133032747847507968",
"1862678617236676987","Sat Nov 30 02:02:43 +0000 2024","39","Ya soalnya banyak yang belain beda kalo lu yang kaya gitu jenshitters langsung pada turun gunung nyerang","1862678617236676987","","","in","","0","0","1","https://x.com/undefined/status/1862678617236676987","3801449473",
"1862678493932445712","Sat Nov 30 02:02:14 +0000 2024","0","Naik mrt bisa lihat gunung ","1862678493932445712","","","in","","0","1","0","https://x.com/undefined/status/1862678493932445712","3266713712",
"1862677480618041837","Sat Nov 30 01:58:12 +0000 2024","0","sekarang dingin bgt ky lagi di gunung es","1862677480618041837","","","in","","0","0","0","https://x.com/undefined/status/1862677480618041837","1802939311660384256",
"1862676822632407178","Sat Nov 30 01:55:36 +0000 2024","0","Cakep bat ya udara today. Gunung gunung keliatan jelas semua ️ https://t.co/vnt8Bj3xcl","1862676822632407178","https://pbs.twimg.com/media/GdmOsQ7WIAAbCRD.jpg","","in","","0","0","0","https://x.com/undefined/status/1862676822632407178","468457837",
"1862676772397166854","Sat Nov 30 01:55:24 +0000 2024","1","Eh iya sempatka pulang pagi-pagi kemarin dari kantor dan kuliat ini gunung waktu diperjalanan. Btw gunung apa ini?","1862676772397166854","","","in","","0","3","0","https://x.com/undefined/status/1862676772397166854","464113832",
"1862676720048017655","Sat Nov 30 01:55:11 +0000 2024","0","Salju di Indonesia ? kebayang ga tuh bantar gebang jd gunung sampah salju dan kalo meleleh gimana deh ","1862676720048017655","","","in","","0","0","0","https://x.com/undefined/status/1862676720048017655","799804604",
"1862676715170103799","Sat Nov 30 01:55:10 +0000 2024","1","Gunung Semeru kembali erupsi pada Sabtu pagi https://t.co/xb7mNPjAGA","1862676715170103799","","","in","","0","0","2","https://x.com/undefined/status/1862676715170103799","18071520",
"1862341208330445190","Sat Nov 30 01:54:45 +0000 2024","0","@txtdrjkt Selangka itu kah penampakan gunung di jkt ?","1862676610710901178","","txtdrjkt","in","","0","0","0","https://x.com/undefined/status/1862676610710901178","1084128347263627264",
"1862386409379893678","Sat Nov 30 01:54:18 +0000 2024","0","@piotrj @nafasidn keren jg bisa keliatan gunung dr jkt","1862676496302972985","","piotrj","in","","0","0","0","https://x.com/undefined/status/1862676496302972985","1259715463321317376",
"1862676324059685094","Sat Nov 30 01:53:37 +0000 2024","0","udah beberapa hari ini udaranya bersih. gunung salak &amp; gede pangrango masih keliatan jam segini","1862676324059685094","","","in","","0","0","0","https://x.com/undefined/status/1862676324059685094","1355912270581166084",
"1862676125048348758","Sat Nov 30 01:52:49 +0000 2024","0","pagi ini dari arah jakarta ke bojong gua ngeliat gunung anjg bertahun tahun lewat sini pertama kali liat gunung dijakarta . mana ada dua lagi keliatan bgt","1862676125048348758","","","in","","0","0","0","https://x.com/undefined/status/1862676125048348758","4718746639",
"1862662627161514083","Sat Nov 30 01:52:26 +0000 2024","0","@kylosyyy CAKEP BENER YA GUNUNG APA ITU","1862676027073601627","","kielgami","in","","0","1","0","https://x.com/undefined/status/1862676027073601627","554889573",
"1862465872981590353","Sat Nov 30 01:51:45 +0000 2024","0","@CNNIndonesia Raja turun gunung","1862675855451070828","","CNNIndonesia","in","","0","0","0","https://x.com/undefined/status/1862675855451070828","1288700679284875264",
"1862426065936802278","Sat Nov 30 01:50:41 +0000 2024","0","@alztermaid Wkwkwk mole ne Nang gunung pisan","1862675586113741115","","alztermaid","in","","0","1","0","https://x.com/undefined/status/1862675586113741115","1073758542547451904",
"1862438915661013498","Sat Nov 30 01:49:54 +0000 2024","0","@malapic4nte @tanyakanrl Belom lg ngga tahan dinginnya sih. Gue di gunung aja gemeletukan ini dihadepin sama derajat minus. Kaya gitu tetep mesti kerja dan beraktivitas di luar aduh ngga kebayang","1862675389354844543","","tropiqueta","in","","0","0","0","https://x.com/undefined/status/1862675389354844543","1814972142133661696",
"1862675130130079959","Sat Nov 30 01:48:52 +0000 2024","1","bucket list abis skripsi: jd pendaki gunung mahameru lgsg.. asik kyny","1862675130130079959","","","in","","0","0","0","https://x.com/undefined/status/1862675130130079959","1420515485590855683",
"1862675047661674675","Sat Nov 30 01:48:32 +0000 2024","221","Warga lama dan silent viewers sudah turun gunung. Keputusan akhirnya polling ini akan tetap dilanjutkan. Jangan lupa masih ada waktu polling sampai nanti malam. Terimakasih warga yang udah kasih feedback di emergency meeting kemarin. 🇮🇹 https://t.co/jKKGy3ElYP","1862675047661674675","https://pbs.twimg.com/media/GdmNFKhXwAAzXbo.jpg","","in","","0","26","4","https://x.com/undefined/status/1862675047661674675","2333060948",
"1862674824386290095","Sat Nov 30 01:47:39 +0000 2024","0","Sarapan sambil mandangin gunung ️ Btw ini gunung apa yaa? #jakartacerah https://t.co/j5HIn8mCA7","1862674824386290095","https://pbs.twimg.com/media/GdmM4DLXEAA8D_j.jpg","","in","","0","0","0","https://x.com/undefined/status/1862674824386290095","287584417",
"1862674673080967431","Sat Nov 30 01:47:03 +0000 2024","0","Pantes bbrp hari ini bisa lihat gunung","1862674673080967431","","","in","","0","0","0","https://x.com/undefined/status/1862674673080967431","1649449867",
"1862664845478568167","Sat Nov 30 01:43:24 +0000 2024","1","@urfavosins Gunung Kawi","1862673755287560689","","urfavosins","tl","","0","3","0","https://x.com/undefined/status/1862673755287560689","1006809926084284416",
"1862673689978052682","Sat Nov 30 01:43:09 +0000 2024","0","plis view gunung dkt sawah karlos bagus byk awan2 tipisnya","1862673689978052682","","","in","","0","0","0","https://x.com/undefined/status/1862673689978052682","948884370030444545",
"1862671137639211152","Sat Nov 30 01:40:59 +0000 2024","0","@seareanity Sini ke Jawa Barat banyak gunung","1862673144118747311","","liaufre","in","","0","0","0","https://x.com/undefined/status/1862673144118747311","329086002",
"1862672880049488162","Sat Nov 30 01:39:56 +0000 2024","0","Kalo ada yang bilang sekaranng lo suka naik gunung ya Jawaban gue adalah : definisi naik gunung tuh seperti apa dulu kalo tracking aja gue suka kalo sekalian ngecamp gue gamau. Mungkin lebih menikmati kalau tracking kali ya tanpa membawa yang berat-berat","1862672880049488162","","","in","","0","1","0","https://x.com/undefined/status/1862672880049488162","140012179",
"1862371504669041042","Sat Nov 30 01:38:47 +0000 2024","0","@kompascom emng SOP nya sembrono kok dr bawahan yg salah Pimpinan berkelit saja sudah hancur kredibilitasnya.","1862672593708622228","","kompascom","in","","0","0","0","https://x.com/undefined/status/1862672593708622228","705413311",
"1862671137639211152","Sat Nov 30 01:38:16 +0000 2024","1","@seareanity Tinggal naik gunung","1862672461315416105","","liaufre","in","","0","1","0","https://x.com/undefined/status/1862672461315416105","329086002",
"1862672345007366386","Sat Nov 30 01:37:48 +0000 2024","0","Perbaikan lampu PJU di Perbatasan Gunung Kidul Jalan Semin-Cawas Klaten. #pju #dishubklaten https://t.co/avhM5wd7tI","1862672345007366386","https://pbs.twimg.com/media/GdmKn3uWAAAuaLt.jpg","","in","","0","0","0","https://x.com/undefined/status/1862672345007366386","4356818775",
"1862672274719199496","Sat Nov 30 01:37:31 +0000 2024","36","Rest In Peace Wisnu Kempol vokalis Sleepless Angel back vocal To Die serta street team Kongsi Jahat Syndicate. Dimakamkan nanti sore jam 3 di Sasonoloyo Gunung Cilik Piyungan Bantul. Selamat jalan bung koe koncoku paling apik https://t.co/gkiMu3wGCB","1862672274719199496","https://pbs.twimg.com/media/GdmKjtFWwAAFMeW.jpg","","in","","1","4","12","https://x.com/undefined/status/1862672274719199496","101276191",
"1862672014387159303","Sat Nov 30 01:36:29 +0000 2024","0","Bade ngumbah kuda besi Hela teras Peking pan Abi Bade ka gunung. Mencari suasana syahdu bareng ayang ️","1862672014387159303","","","in","","0","0","0","https://x.com/undefined/status/1862672014387159303","1800485967410933760",
"1862529946343940283","Sat Nov 30 01:32:14 +0000 2024","0","@kenhariini Gunung bogor ampe keliatan jir","1862670945653256407","","kenhariini","in","","0","0","0","https://x.com/undefined/status/1862670945653256407","1634701736",
"1862386409379893678","Sat Nov 30 01:31:26 +0000 2024","0","@piotrj @nafasidn yakann bukan gue yg baru nyadar kok ada gunung tp emg baru keliatan aja tu view salak wkwk","1862670744532263317","","piotrj","in","","0","0","0","https://x.com/undefined/status/1862670744532263317","1646086780540841985",
"1862656889097789920","Sat Nov 30 01:28:45 +0000 2024","0","@jvunan @OfcArtism Masih cakepan gambar ponaksn gw gambar gunung kembar.","1862670067747758168","","xhguittarist","in","","0","0","0","https://x.com/undefined/status/1862670067747758168","620735951",
"1862669163325718621","Sat Nov 30 01:27:23 +0000 2024","0","@Dwulanjuni kemarin dari kantorku juga view nya ada gunung tapi pagi aja wkwk","1862669723034689851","","Dwulanjuni","in","","0","1","0","https://x.com/undefined/status/1862669723034689851","1263926761131147264",
"1862473200493633653","Sat Nov 30 01:25:18 +0000 2024","1","@merekamcahaya kangen ke gunung sepikul sama gunung pegat","1862669199711379715","","merekamcahaya","in","","0","0","0","https://x.com/undefined/status/1862669199711379715","1137345867201933315",
"1862669122347446761","Sat Nov 30 01:25:00 +0000 2024","2","langit jakarta lagi bersih dan pertama kali bisa liat gunung sama gedung gedung sejelas itu https://t.co/hN2J93MW92","1862669122347446761","https://pbs.twimg.com/media/GdmHsVMawAAVvsh.jpg","","in","","0","0","0","https://x.com/undefined/status/1862669122347446761","1263345365601918977",
"1862669046573146565","Sat Nov 30 01:24:42 +0000 2024","0"," Lowongan Kerja Tahu Krispy Joss Dibutuhkan Posisi : Pegawai Penempatan di Gunung Sari Indah Minimal SMA/SMK Pengalaman/Non Pengalaman Kirim CV ke : WA : 0818 310 028 https://t.co/5OUasMhqJF","1862669046573146565","https://pbs.twimg.com/media/GdmGiOXW0AACQxz.jpg","","in","","0","0","0","https://x.com/undefined/status/1862669046573146565","1639467114171088898",
"1862637351526445261","Sat Nov 30 01:23:40 +0000 2024","0","@ardisatriawan Masuk sistem eh malah ikutan edan di sistem ","1862668787226747125","","ardisatriawan","in","","0","0","0","https://x.com/undefined/status/1862668787226747125","705413311",
"1862658792389058766","Sat Nov 30 01:23:33 +0000 2024","0","@ArgentianaA Wah enak itu serabi dage...mana sambil liat gunung ciremai ya?","1862668757468160440","","ArgentianaA","in","","0","1","0","https://x.com/undefined/status/1862668757468160440","3338642112",
"1862662450962956683","Sat Nov 30 01:22:54 +0000 2024","0","@ybas25 kayakk kita kalo mau naik gunung atauu ke curug pastiii jalannya banyak tantangan tapiii rasa capek selama diperjalanan akan dibayar tuntas setelah nyampe ditempat tujuannya dengan semua pemandangan yang sangatt indahh","1862668595731603741","","ybas25","in","","0","0","0","https://x.com/undefined/status/1862668595731603741","1256637410454036480",
"1862667739682476478","Sat Nov 30 01:19:30 +0000 2024","0","aghh butuh naik gunung banget","1862667739682476478","","","in","","0","0","0","https://x.com/undefined/status/1862667739682476478","1105625300073746432",
"1862667322089251113","Sat Nov 30 01:18:14 +0000 2024","19","Sultan Abdul Samad tetapkan sempadan Selangor dengan daerah Sungai Ujong ialah dari Gunung Jugra menghilir ke kuala Sungai Langat sehingga ke titik pertemuan Sungai Ujong. Raja Jumaat tak setuju dengan penetapan sempadan ni. Tapi beliau tak ada masa mesyuarat tu. https://t.co/CBlcVsH5oX","1862667420940607887","https://pbs.twimg.com/media/GdmGI7yWMAAk3zf.jpg","AzizulFarhan2","in","","0","2","2","https://x.com/undefined/status/1862667420940607887","1061577921381298176",
"1862666506871722046","Sat Nov 30 01:14:36 +0000 2024","0","akhir2 ini langitnya lagi cerah bgt deh gada banyak polusi beberapa hari ini gunung keliatan dr tempat kerja biasanya ketutup polusi soalnya wkakakakak","1862666506871722046","","","in","","0","0","0","https://x.com/undefined/status/1862666506871722046","1579879554742906881",
"1862666482087498191","Sat Nov 30 01:14:30 +0000 2024","1","Semoga 2 hari ini Gunung Lawu cerah Gupakan Menjangan Kawah Telaga Kuning https://t.co/Yrc64WHGcO","1862666482087498191","https://pbs.twimg.com/media/GdmFSsqboAUv7cb.jpg","","in","","0","0","0","https://x.com/undefined/status/1862666482087498191","465183894",
"1862666374335930696","Sat Nov 30 01:14:04 +0000 2024","1","masih ada kaget-kagetnya nih naik MRT bisa lihat gunung","1862666374335930696","","","in","","0","1","1","https://x.com/undefined/status/1862666374335930696","293050926",
"1862665551883247899","Sat Nov 30 01:10:48 +0000 2024","0","Gunung Slamet pagi ini Menerima jasa renovasi/pembangunan rumah Instalasi listrik waterheater plumbing Area Purwokerto #purwokerto #mendoan #weekend https://t.co/dd9fcqlCww","1862665551883247899","https://pbs.twimg.com/media/GdmEL7VWAAA56Ou.jpg","","in","","0","0","0","https://x.com/undefined/status/1862665551883247899","405627559",
"1862491438103290173","Sat Nov 30 01:09:21 +0000 2024","0","@candyb0un lamongan gak ada gunung ","1862665184034398565","","candyb0un","in","","0","1","0","https://x.com/undefined/status/1862665184034398565","1296494599347687424",
"1862407711977349350","Sat Nov 30 01:08:20 +0000 2024","3","@jackjackparrr @realfedinuril @pongrekundharma Di sana gunung di sini gunung. Jakarta tidak memiliki gunung. Di laut ada air. Air di laut ada ikan. Ikan hidup dengan insang. Terimakasih. Wassalammualaikum Wr. Wb.","1862664929368850737","","","in","","0","1","1","https://x.com/undefined/status/1862664929368850737","37169208",
"1862657639756571083","Sat Nov 30 01:07:26 +0000 2024","0","@vaniepink wajib ada: susu sapi gunung kawi milik ustrali.","1862664703203557513","","vaniepink","in","","0","0","0","https://x.com/undefined/status/1862664703203557513","1190585519597469698",
"1862664249371500956","Sat Nov 30 01:06:09 +0000 2024","51","Pernah tutup setahun karena pandemi selama setahun itu mereka mengulik resepnya berdua suami istri ini rumahnya persis disamping kedai nya viewnya sawah dan gunung merapi. #kulyog Resonansi Ramen Burger Kopi https://t.co/SyK0YQr6o2 https://t.co/mKJltCtWzM","1862664378895802573","https://pbs.twimg.com/amplify_video_thumb/1862664254463090688/img/sMSqbyiCCMAvBQb0.jpg","Ariefboediman","in","","0","0","4","https://x.com/undefined/status/1862664378895802573","60546283",
"1862658792389058766","Sat Nov 30 01:05:07 +0000 2024","0","@ArgentianaA ohh gunung ciremai kapan kamu maen kesini","1862664121663332724","","ArgentianaA","in","","0","1","0","https://x.com/undefined/status/1862664121663332724","1306229125267374080",
"1862663851428454699","Sat Nov 30 01:04:03 +0000 2024","0","morningg all hari ini langitnya lagi cantik bangetsampe gunung ciremai lagi keliatan dan ga ketutup kabut","1862663851428454699","","","in","","0","5","0","https://x.com/undefined/status/1862663851428454699","1797931772862418944",
"1862528510415577285","Sat Nov 30 01:00:15 +0000 2024","0","@caprcrnn Puncak botak gunung ungaran","1862662894326087681","","caprcrnn","in","","0","1","0","https://x.com/undefined/status/1862662894326087681","1518258866399899650",
"1862490534130184684","Sat Nov 30 00:58:28 +0000 2024","89","@mhuseinali ah engga juga.. lo gk liat itu hutan dibabat habis tanah berhektar hektar dikeruk gunung di bom lautan di bor dan diambil sda nya itu kelakuan orang yg didorong oleh agama kah? justru yg merusak alam lebih cepat itu adalah orang kapitalis bukan oleh agama","1862662447821463685","","mhuseinali","in","","0","0","6","https://x.com/undefined/status/1862662447821463685","858557040607641602",
"1862662121324257340","Sat Nov 30 00:57:10 +0000 2024","0","Terheran heran kemaren berangkat pagi sambil di jalan bisa liat gunung","1862662121324257340","","","in","","0","0","0","https://x.com/undefined/status/1862662121324257340","1602423673",
"1862661863622025317","Sat Nov 30 00:56:09 +0000 2024","0","demi apa si yg gunung gunung itu beneran keliatan dari bekasi","1862661863622025317","","","in","","0","1","0","https://x.com/undefined/status/1862661863622025317","1568462259462246400",
"1862660562418901163","Sat Nov 30 00:54:04 +0000 2024","0","dan bwi utara tuh cerah gunung keliatan jelass bgt buaguss mana pas di sawah cangaan tuh ada yg panen padi jadi berasa kek liat lukisan huhu ril indah bgt subhanallah","1862661337199038741","","mignionette_","in","","0","0","0","https://x.com/undefined/status/1862661337199038741","2581717700",
"1862652999736459356","Sat Nov 30 00:51:12 +0000 2024","0","@fiekapas3hijab Gunung e kuwalek","1862660619780112647","","","tl","","0","0","0","https://x.com/undefined/status/1862660619780112647","123738072",
"1862660363608854604","Sat Nov 30 00:50:11 +0000 2024","0","Gunung Bromo Gunung Kelud https://t.co/dQai1cZS8J","1862660363608854604","https://pbs.twimg.com/media/Gdl_uggWoAAA86o.jpg","","in","","0","1","0","https://x.com/undefined/status/1862660363608854604","241808440",
"1862660234554352034","Sat Nov 30 00:49:41 +0000 2024","1","Usia 21 aku malah mikirnya gimana ini ijinnya kl mau mendaki gunung di sumatra.. ","1862660234554352034","","","in","","0","0","0","https://x.com/undefined/status/1862660234554352034","479381396",
"1862657865477247317","Sat Nov 30 00:49:11 +0000 2024","0","@tentakelgurita Apalah diriku yang cuma bisa makan bubur sambil liat gunung ungaran https://t.co/2Gl1BP0jYi","1862660111375933903","https://pbs.twimg.com/media/Gdl_f-8boAIJA4A.jpg","tentakelgurita","in","","0","1","0","https://x.com/undefined/status/1862660111375933903","1324960141435785216",
"1862658792389058766","Sat Nov 30 00:49:09 +0000 2024","0","@kalulutmeratus Nah tau mas itu gunung ceremai.. ","1862660102479896991","","kalulutmeratus","in","","0","0","0","https://x.com/undefined/status/1862660102479896991","1133032747847507968",
"1862658792389058766","Sat Nov 30 00:48:30 +0000 2024","0","@ArgentianaA Sorabi sambil menikmati Gunung Ciremai di kejauhan","1862659937673126399","","ArgentianaA","in","","0","1","0","https://x.com/undefined/status/1862659937673126399","1821469458906722304",
"1862317011646521742","Sat Nov 30 00:47:37 +0000 2024","0","@StefanAntonio__ @prabowo Namanya doang @meutya_hafid tp nyali kalah jauh sama pendahulunya cut nyak dien yg berani lawan penjajah","1862659715605700682","","StefanAntonio__","in","","0","0","0","https://x.com/undefined/status/1862659715605700682","1701624074877984768",
"1862649520754241994","Sat Nov 30 00:47:29 +0000 2024","1","@ferizandra Maksudnya gunung Ceremai? ","1862659681405317476","","ferizandra","in","","0","0","0","https://x.com/undefined/status/1862659681405317476","540629861",
"1862659528141254863","Sat Nov 30 00:46:52 +0000 2024","0","Lari kyk naik gunung nanjak mulu isinya https://t.co/AeJYAPGEzS","1862659528141254863","https://pbs.twimg.com/ext_tw_video_thumb/1862659497686073344/pu/img/uYt24PYyEGZ9udOR.jpg","","in","","0","0","0","https://x.com/undefined/status/1862659528141254863","1203191408930091008",
"1862659305415303323","Sat Nov 30 00:45:59 +0000 2024","1","this is petukangan not surya kencana bro kapan lagi keliatan gunung https://t.co/De2kzSS1cJ","1862659305415303323","https://pbs.twimg.com/media/Gdl-wyKa0AAcBHJ.jpg","","in","","0","1","0","https://x.com/undefined/status/1862659305415303323","1608128582580318209",
"1758453854944063713","Sat Nov 30 00:43:28 +0000 2024","0","@GabRey99 bagusnya jg ditanya: lu ke gunung kawi gak? ","1862658671215616386","","GabRey99","in","","0","0","0","https://x.com/undefined/status/1862658671215616386","1007601685349351425",
"1862448335883575620","Sat Nov 30 00:41:10 +0000 2024","0","@PelatihT1dur @NataliusPigai2 Lg ngisep cerutu dulu...","1862658094742085646","","PelatihT1dur","in","","0","1","0","https://x.com/undefined/status/1862658094742085646","1701624074877984768",
"1862657353881198914","Sat Nov 30 00:40:27 +0000 2024","0","@epiphanyjeen monmaap disini gada gunung","1862657913690759357","","epiphanyjeen","in","","0","1","0","https://x.com/undefined/status/1862657913690759357","1839682284750094336",
"1862657871902552283","Sat Nov 30 00:40:17 +0000 2024","0","Gunung nya Katy Perry nih ?","1862657871902552283","","","in","","0","0","0","https://x.com/undefined/status/1862657871902552283","504231236",
"1862652337950793755","Sat Nov 30 00:18:18 +0000 2024","0","terpantau hari ini jakarta masih cerah parah dari kantor bisa liat gunung (udik)","1862652337950793755","","","in","","0","0","0","https://x.com/undefined/status/1862652337950793755","1802304029214838785",
"1862652099206815885","Sat Nov 30 00:17:21 +0000 2024","1","aku gatau ya patokan sepuh ini pertaun berapa tp nell masih aktif pertahun ini bikin christmas concert. peppertones-daybreak jg masih sering jadi lineup festival. trus panic 2020 kemaren ada rilis lagu buat annive 25 tahun (nangis bgt om jinpyo ayo turun gunung lagi)","1862652099206815885","","","in","","0","1","0","https://x.com/undefined/status/1862652099206815885","1825398639826710529",
"1862651863583400450","Sat Nov 30 00:16:25 +0000 2024","1","suka bet dah sama bogor beberapa hari kebelakang gunung salak keliatan jelas bet coy","1862651863583400450","","","in","","0","0","0","https://x.com/undefined/status/1862651863583400450","1483096052278652931",
"1862651838606319807","Sat Nov 30 00:16:19 +0000 2024","0","Cek SPEEDS Kursi Lipat Outdoor Portable Kursi Camping Folding Chair Gunung Kemah Mudah LX 031-14 dengan harga Rp61.200. Dapatkan di Shopee sekarang! https://t.co/spr5exfF9g https://t.co/sOMt89LxY8","1862651838606319807","https://pbs.twimg.com/media/Gdl3-RXXoAAGP55.jpg","","in","","0","0","0","https://x.com/undefined/status/1862651838606319807","394486952",
"1862651361453908066","Sat Nov 30 00:14:25 +0000 2024","0","Temukan Pacific Sepeda Gunung MTB Valero 5.8 Size 27.5 seharga Rp2.415.000. Dapatkan sekarang juga di Shopee! https://t.co/U7jBTKYAKd","1862651361453908066","","","in","","0","0","0","https://x.com/undefined/status/1862651361453908066","384360651",
"1862650973350764988","Sat Nov 30 00:12:53 +0000 2024","0","kemaren sore bagus bgt sih pemandangan dr stasiun atas manggarai terus udah 2 harian ini gua bisa liat gunung di pas mau ke pocin kek woww sejak kapan ada gunubg?? ternyata all we need is hujan deras ya ges biar udaranya bersih","1862650973350764988","","","in","","0","0","0","https://x.com/undefined/status/1862650973350764988","1154308025378693120",
"1862650876029988949","Sat Nov 30 00:12:29 +0000 2024","0","Salah satu fenomena paling menakjubkan yang dapat ditemui di Goa Jomblang adalah fenomena yang dikenal dengan nama Cahaya Surga . https://t.co/oTyU8jiLhy","1862650876029988949","","","in","","0","0","0","https://x.com/undefined/status/1862650876029988949","1404018642",
"1862650857013293467","Sat Nov 30 00:12:25 +0000 2024","0","Gunung","1862650857013293467","","","in","","0","1","0","https://x.com/undefined/status/1862650857013293467","1233055996953518080",
"1862649208727380416","Sat Nov 30 00:11:56 +0000 2024","15"," Tim Tanggap Bencana dan Kemanusiaan Pendataan dampak banjir bandang di Provinsi Sumatera Barat. Pendataan pengungsi erupsi Gunung Ruang di Sulawesi Utara (BPMP dan BLK Bitung). Mari kita dukung dan apresiasi peran mereka untuk Indonesia yang lebih maju! https://t.co/e08kyyH5oW","1862650735860863093","https://pbs.twimg.com/media/Gdl29JjWsAAEP9N.jpg","bppsdm_pusluhkp","in","","0","0","1","https://x.com/undefined/status/1862650735860863093","1765183408278507520",
"1862650579006496993","Sat Nov 30 00:11:19 +0000 2024","0","Piano biola roadbike beserta spare parts dan toolsnya. Serba-serbi naik gunung trail run dan dan gears sport lainnya. Harus banget nih punya satu ruangan khusus per-hoby-an.","1862650579006496993","","","in","","0","0","0","https://x.com/undefined/status/1862650579006496993","1201045259263733761",
"1862631974613217578","Sat Nov 30 00:06:21 +0000 2024","1","@FlamboyanB74221 Yang di foto itu Gunung Tangkuban Perahu","1862649329758216549","","FlamboyanB74221","in","","0","0","0","https://x.com/undefined/status/1862649329758216549","2357650128",
"1862350279540404504","Sat Nov 30 00:05:37 +0000 2024","1","@cirqueduaether udara Jabodetabek lagi bersih kemarin gunung salak jelas bgt dari cibubur https://t.co/fYSyD8IlBr","1862649146030936075","https://pbs.twimg.com/media/Gdl1huIXUAAq0HN.jpg","cirqueduaether","in","","0","0","0","https://x.com/undefined/status/1862649146030936075","1714483674157285376",
"1862649132206170531","Sat Nov 30 00:05:34 +0000 2024","0","Jalur pendakian Gunung Lawu via Cemoroewu Magetan untuk sementara ditutup gegara cuaca ektrem. 59 pendaki di puncak diminta segera turun. https://t.co/edWcKyB9kY","1862649132206170531","","","in","","0","0","0","https://x.com/undefined/status/1862649132206170531","1404018642",
"1862648492071821345","Sat Nov 30 00:03:38 +0000 2024","0","Tapi disisi lain udara jakarta bersih banget sampe keliatan gunung","1862648647823106227","","Hamdifazryd1","in","","0","0","0","https://x.com/undefined/status/1862648647823106227","1147520479529295873",
"1862648395271479754","Sat Nov 30 00:02:38 +0000 2024","2","Gueest bangun secerah itu loh jakarta gunung bisa terlihat... https://t.co/bN9NvgHUnS","1862648395271479754","https://pbs.twimg.com/media/Gdl01roW0AASv4Y.jpg","","in","","1","0","0","https://x.com/undefined/status/1862648395271479754","1088861918834520064",
"1862341208330445190","Sat Nov 30 00:01:18 +0000 2024","0","@priyonoviantono @txtdrjkt Pernah bikin soal ttg nama2 gunung trus di opsinya naruh Gunung Sahari ","1862648059513250107","","pnantono","in","","0","0","0","https://x.com/undefined/status/1862648059513250107","327781512",
"1862648009680724436","Sat Nov 30 00:01:06 +0000 2024","1","Iya sumpah hari jumat pagi jakarta bisa ngeliat gunung salak + laut bnr bnr jelas bgt dan gaada polusi","1862648009680724436","","","in","","0","0","0","https://x.com/undefined/status/1862648009680724436","1324719957922344960",
"1862647301619294532","Fri Nov 29 23:58:17 +0000 2024","0","itu gunung bukan sih https://t.co/nbA8Q5rIu0","1862647301619294532","https://pbs.twimg.com/media/Gdlz19nWMAAPIiB.jpg","","in","","0","2","0","https://x.com/undefined/status/1862647301619294532","1199605739121070081",
"1862637623074070679","Fri Nov 29 23:57:45 +0000 2024","0","@Mailody_Anne kayaknya gunung deh","1862647166625620153","","Mailody_Anne","in","","0","0","0","https://x.com/undefined/status/1862647166625620153","1561585748566224897",
"1862635957981438444","Fri Nov 29 23:13:13 +0000 2024","0","tumben banget tangerang keliatan gunung https://t.co/HGg6mxPGX8","1862635957981438444","https://pbs.twimg.com/media/GdlphciWsAAK_s7.jpg","","in","","0","0","0","https://x.com/undefined/status/1862635957981438444","4919282449",
"1850410159488840163","Fri Nov 29 23:11:09 +0000 2024","0","@ikamustel Bukan aku yakin bukan. Karena luas dan ada di banyak gunung/bukit sepanjang jalan pulang","1862635439120949456","","ikamustel","in","","0","1","0","https://x.com/undefined/status/1862635439120949456","252099774",
"1862635389733019696","Fri Nov 29 23:10:57 +0000 2024","33","Buat sedulur semua yuk healing ke telomoyo jawa tengah Naik gunung bisa pakai motor https://t.co/4yZrzntXLV","1862635389733019696","https://pbs.twimg.com/ext_tw_video_thumb/1862635349245075456/pu/img/Vv-8MVtW6GrS3aQf.jpg","","in","","2","0","4","https://x.com/undefined/status/1862635389733019696","1418311652462579713",
"1862635362998493470","Fri Nov 29 23:10:51 +0000 2024","0","baru tau gunung salak keliatan ","1862635362998493470","","","in","","0","0","0","https://x.com/undefined/status/1862635362998493470","1304051551221161985",
"1862341208330445190","Fri Nov 29 23:10:04 +0000 2024","0","@onepaireclair @txtdrjkt Gunung apa sih di rangkasbitung keliatan deket gunung","1862635164767244565","","onepaireclair","in","","0","0","0","https://x.com/undefined/status/1862635164767244565","1563471950088769537",
"1862386409379893678","Fri Nov 29 23:03:59 +0000 2024","1","@Raizeeel_ @piotrj @nafasidn eh bukan maksudnya itu gunung apa wkwk","1862633634685231463","","Raizeeel_","in","","0","0","0","https://x.com/undefined/status/1862633634685231463","1455506849558532098",
"1862632988481396937","Fri Nov 29 23:01:25 +0000 2024","0","Mamakku orgnya pekerja kras bgt blio orgnya selagi msh ada cara ya lakuin sendiri sementara bapakku bilng wong gunung itu ga boleh males2an bru sadar tabiat gua dri mereka dgn perasaan ga terbebani dn tdk merasa diacuhin samsek that's why gua menikmati tantangan anjay mamen","1862632988481396937","","","in","","0","1","0","https://x.com/undefined/status/1862632988481396937","1300748401890320385",
"1862577560703693011","Fri Nov 29 22:58:59 +0000 2024","0","@aisyahbercadar Gede jg gunung nya","1862632376473723281","","aisyahbercadar","in","","0","0","0","https://x.com/undefined/status/1862632376473723281","1588799493545218048",
"1862632355669975258","Fri Nov 29 22:58:54 +0000 2024","0","Gunung","1862632355669975258","","","in","","0","0","0","https://x.com/undefined/status/1862632355669975258","1308771742924509184",
"1862632258877952427","Fri Nov 29 22:58:31 +0000 2024","0","suara apa ituuu tapi bukan kaya petir kaya gunung meletus","1862632258877952427","","","in","","0","0","0","https://x.com/undefined/status/1862632258877952427","1213079352742572032",
"1856325234233880603","Fri Nov 29 22:57:51 +0000 2024","0","@widlliam Koplak gunung.","1862632093609783339","","widlliam","in","","0","0","0","https://x.com/undefined/status/1862632093609783339","758230987977334784",
"1862630125722034432","Fri Nov 29 22:50:02 +0000 2024","0","Untuk kesekian kalinya gempa kecil terjadi dekat gunung Dempo","1862630125722034432","","","in","","0","0","0","https://x.com/undefined/status/1862630125722034432","104676286",
"1862628924548948206","Fri Nov 29 22:45:16 +0000 2024","0","Ada waktu yang ditetapkan untuk segala sesuatu. Pkh. 3:1. Waktu yang ditetapkan untuk menikmati semua ciptaan Allah waktu yang baik untuk kita sendiri Allah menciptakan pantai gunung untuk kita nikmati suatu saat di dunia baru nanti kita akan lebih menikmati ciptaan tanpa","1862628924548948206","","","in","","0","1","0","https://x.com/undefined/status/1862628924548948206","1570635220453593094",
"1861278629373845509","Fri Nov 29 22:39:36 +0000 2024","0","@Sungchnan BISA BANGETTT BRO boleh sini aku upcharin 1 aja ia. 1 pun udah kaya mendaki gunung lewati lembah buat aku ","1862627500855370009","","Sungchnan","in","","0","0","0","https://x.com/undefined/status/1862627500855370009","975336259919859712",
"1862386409379893678","Fri Nov 29 22:33:00 +0000 2024","0","@Raizeeel_ @piotrj @nafasidn penasaran itu diujung gunung apa ya kak?","1862625839936151594","","Raizeeel_","in","","0","1","0","https://x.com/undefined/status/1862625839936151594","1455506849558532098",
"1862625487325208692","Fri Nov 29 22:31:36 +0000 2024","0","trus keinget semlem mimpi naik gunung ","1862625487325208692","","","in","","0","0","0","https://x.com/undefined/status/1862625487325208692","1708452778509824000",
"1862623796907450597","Fri Nov 29 22:24:53 +0000 2024","0","Gunung apa ini ya https://t.co/48ChdD7wyT","1862623796907450597","https://pbs.twimg.com/ext_tw_video_thumb/1862623746307010560/pu/img/NhgvabntZGnSNn_N.jpg","","in","","0","0","0","https://x.com/undefined/status/1862623796907450597","28995010",
"1862623741437780102","Fri Nov 29 22:24:40 +0000 2024","0","gunungnya masih keliatan plss gede bgtt+cantik walaupun diliat dri jauh jadi pgn naik gunung tpi tmn ak pd remaja jompo smua","1862623741437780102","","","in","","0","0","0","https://x.com/undefined/status/1862623741437780102","1307946793171218432",
"1861056633646014478","Fri Nov 29 22:23:14 +0000 2024","0","@yoxngdae Hehehe iya. Apalagi naik gunung sendiri (walaupun takut banget) tuh bisa ngomong sama pohon hewan tanpa takut dan sungkan didenger orang lain. Sebenernya kalo naik sambil lepas topeng sih kayaknya bisa-bisa aja tapi kenapa ya aku ga pake topeng ","1862623380568162519","","yoxngdae","in","","0","1","0","https://x.com/undefined/status/1862623380568162519","4872914104",
"1862622421540597871","Fri Nov 29 22:19:25 +0000 2024","2","Waktu kuliah aku punya teman2 naik gunung lintas kampus. Waktu kita naik Arjuna tiba2 papasan sama rombongan lain. Pada tanya kita dr mana dan pas tahu ada temanku dr UIN &amp; Wahid Hasyim alhamdulillah mas tolong doain temen saya yg kesurupan! Pride of UIN &amp; Unwahas ","1862622421540597871","","","in","","0","1","0","https://x.com/undefined/status/1862622421540597871","1274745313144631297",
"1862621216777064945","Fri Nov 29 22:14:38 +0000 2024","0","Sumpah sksksk klo udara Jakarta bagus begini terus kek di jepang keknya beneran sneng bgt deh bisa liat gunung dr Jakarta aja ","1862621216777064945","","","in","","0","0","0","https://x.com/undefined/status/1862621216777064945","1445060267000229900",
"1862620838580953576","Fri Nov 29 22:13:08 +0000 2024","0","loh brrti kmrin yg ak liat itu bnrn gunung?? ak kira cm segumpalan awan biasa doang soalnya kan jauh itu gunung apa jirr","1862620838580953576","","","in","","0","1","0","https://x.com/undefined/status/1862620838580953576","1307946793171218432",
"1862619867935113615","Fri Nov 29 22:09:16 +0000 2024","0","Dulu waktu sekolah sering bgt liat gunung dr atas flyover sksksksk bagus bgt asli","1862619867935113615","","","in","","0","0","0","https://x.com/undefined/status/1862619867935113615","1445060267000229900",
"1862409028363792786","Fri Nov 29 22:02:44 +0000 2024","0","@999o7i Nggak seru amat klo nggak ambil bagian di keriuhan ini Pak Alvin","1862618222467658167","","999o7i","in","","0","0","0","https://x.com/undefined/status/1862618222467658167","705413311",
"1862617746368078180","Fri Nov 29 22:00:51 +0000 2024","5","Pap gunung (Salak) #fotosepur https://t.co/xXxTwDNwDo","1862617746368078180","https://pbs.twimg.com/media/GdlY7KPXgAAyukL.jpg","","tl","","0","0","0","https://x.com/undefined/status/1862617746368078180","1899144775",
"1862341208330445190","Fri Nov 29 21:58:54 +0000 2024","0","@txtdrjkt Gunung yg mana nih","1862617256414617983","","txtdrjkt","in","","0","0","0","https://x.com/undefined/status/1862617256414617983","1369814424593129473",
"1862615398900015438","Fri Nov 29 21:51:31 +0000 2024","0","Tadi pagi pas nyetir di tol sekitar jam 5.45 liat gunung salak gede banget. Tapi krn gue nyetir jadi ga bisa poto.","1862615398900015438","","","in","","0","0","0","https://x.com/undefined/status/1862615398900015438","14978889",
"1862614828902490131","Fri Nov 29 21:49:15 +0000 2024","0","Iyaaa udh 2 hari depok udaranya lg bersih bisa liat gunung salak soalnya","1862614828902490131","","","in","","0","0","0","https://x.com/undefined/status/1862614828902490131","802829590380982273",
"1862504303795347649","Fri Nov 29 21:38:31 +0000 2024","1","@garagarabola_ Haha si Lino padahal sudah mulai masuk DSP Oxford malah turun gunung balik lagi","1862612126034272504","","garagarabola_","in","","0","0","0","https://x.com/undefined/status/1862612126034272504","282971013",
"1862516643232194748","Fri Nov 29 21:37:54 +0000 2024","0","@undipmfs Yuk yang mau sewa alat gunung atau anjem ke gunung ungaran ready murmer bisa dm ya","1862611972807959029","","undipmfs","in","","0","0","0","https://x.com/undefined/status/1862611972807959029","1795987885994414080",
"1862072182643572777","Fri Nov 29 21:33:16 +0000 2024","0","@rafaelpratams Eeeeh Ada OM Yang Sering Naik Gunung Salak https://t.co/ySx260FKMn","1862610805474390288","https://pbs.twimg.com/media/GdlSqCsXsAAaE7d.jpg","rafaelpratams","in","","0","0","0","https://x.com/undefined/status/1862610805474390288","1152652096665034753",
"1862352225739448381","Fri Nov 29 21:22:32 +0000 2024","0","@orchdlrst wah kaya apa ya viewnya dari puncak gunung","1862608105542185316","","maryamatmarini","in","","0","0","0","https://x.com/undefined/status/1862608105542185316","1017930185176305664",
"1862605607288938631","Fri Nov 29 21:12:36 +0000 2024","0","Cek SELIS - EBike Sepeda listrik Gunung tipe Roadmaster 26 / Sepeda Gunung listrik dengan harga Rp9.900.000. Dapatkan di Shopee sekarang! https://t.co/bMNM881UwN https://t.co/AVBZH35u8Z","1862605607288938631","https://pbs.twimg.com/media/GdlNoYEXEAAadO5.jpg","","in","","0","0","0","https://x.com/undefined/status/1862605607288938631","384360651",
"1862386409379893678","Fri Nov 29 21:12:35 +0000 2024","0","@rizalazhare @piotrj @nafasidn iya dulu pas pagi di musim ujan selalu liat gunung kalo berangkat kerja sama mantanku yang enggak bisa kumiliki lg itu","1862605600066334959","","rizalazhare","in","","0","0","0","https://x.com/undefined/status/1862605600066334959","1451934815410745347",
"1862352225739448381","Fri Nov 29 20:50:53 +0000 2024","0","@orchdlrst Kenapa bisa di sebut gunung min","1862600141607436716","","maryamatmarini","in","","0","0","0","https://x.com/undefined/status/1862600141607436716","1298209864720637952",
"1862415300672798816","Fri Nov 29 20:47:17 +0000 2024","0","@fxbulous dengan melihat gunung sumbing","1862599236048888316","","fxbulous","in","","0","0","0","https://x.com/undefined/status/1862599236048888316","1463933586675945473",
"1862326555009327154","Fri Nov 29 20:45:31 +0000 2024","0","@PanggabeanPokas @vanc1Bozz Ada sebab - ada akibat. Banjir itu terjadi akibat perbuatan manusia. Jika terdahulu tdk pernah banjir lantas skrg jadi langganan banjir maka jgn menyalahkan alam. Harusnya intropeksi. Musibah alam itu contohnya Gunung meletus Gempa Tsunami. Kadang orang bodoh tdk bs intropeksi.","1862598790043377976","","PanggabeanPokas","in","","0","0","0","https://x.com/undefined/status/1862598790043377976","205103445",
"1862597620855971879","Fri Nov 29 20:40:52 +0000 2024","0","Erupsi Gunung Lewotobi Laki-laki di Flores Timur. menakjubkan kelihatan indah tapi juga sangat mengerikan. konon neraka 1.000 x panas di bumi. Ayo jangan bangga bisa masuk Neraka! Pemotretan drone nya bukan main dan bukan main² https://t.co/dAjvR7D7YR","1862597620855971879","https://pbs.twimg.com/ext_tw_video_thumb/1862590696483368960/pu/img/p49wNFRnm0ZR0U7b.jpg","","in","","0","0","0","https://x.com/undefined/status/1862597620855971879","1397053738225848325",
"1862373289580273956","Fri Nov 29 20:27:48 +0000 2024","0","@baajiingaan Ngeri bgt gunung meletus itu","1862594329522708592","","baajiingaan","in","","0","0","0","https://x.com/undefined/status/1862594329522708592","1173161119583571968",
"1861979932462878947","Fri Nov 29 20:27:09 +0000 2024","1","@Jas_zedz gunung bromo gunung kelud yo nek trimo ayo gelud","1862594167173784009","","Jas_zedz","in","","0","0","0","https://x.com/undefined/status/1862594167173784009","1607129645027328002",
"1862575423978446917","Fri Nov 29 19:22:15 +0000 2024","2","@miraewasoya aku malah mikir dia berimajinasi sendiri next time liburan bareng ayang liat pemandangan indahnya gunung berduaan aduh aduh aduh","1862577836596625547","","miraewasoya","in","","0","1","0","https://x.com/undefined/status/1862577836596625547","1356252194",
"1861965771997659498","Fri Nov 29 19:18:46 +0000 2024","1","@Gunung_Agoeng @PineksoRoyi1 @CNNIndonesia @CommuterLine @ridwankamil Pas masuk KRL ngak kebayang wanginya... ","1862576956300267940","","Gunung_Agoeng","in","","0","0","0","https://x.com/undefined/status/1862576956300267940","1604650474724265985",
"1862576638955069790","Fri Nov 29 19:17:30 +0000 2024","0","what if someday chanyeol jadi ayah punya anak perempuan beneran anaknya minta gunung everest pun dijabanin kyknya. ","1862576638955069790","","","in","","0","1","0","https://x.com/undefined/status/1862576638955069790","1745407003026223104",
"1862352225739448381","Fri Nov 29 19:15:55 +0000 2024","0","@orchdlrst baru tau klo ini gunung","1862576239023988775","","maryamatmarini","in","","0","0","0","https://x.com/undefined/status/1862576239023988775","783882470",
"1862575769513595129","Fri Nov 29 19:14:03 +0000 2024","0","stop ngeluh besok naik gunung ","1862575769513595129","","","in","","0","0","0","https://x.com/undefined/status/1862575769513595129","1051662373340082176",
"1862284533158310245","Fri Nov 29 19:00:30 +0000 2024","0","@seasaltcsb Hai Kak @seasaltcsb dengan senang hati mimin bantu infoin ya . Berikut lokasi mesin DigiCS di area Demak dan Semarang ya : 1. Jl.Sultan Patah No.11 Demak 2. Jl.Letjen. Mt.Haryono No.16 Semarang 3. Jl. Pandaran No. 21 - Semarang 4. Kampus UNNES Jl. Sekaran Gunung Pati ","1862572362832781507","","seasaltcsb","in","","0","0","0","https://x.com/undefined/status/1862572362832781507","3272444328",
"1862502699843174448","Fri Nov 29 18:58:41 +0000 2024","2","@SityaMasita2266 @XODIACOfficial Hiyaa.. gapapa antar gunung juga asal diseluruh dunia ‍️","1862571905641062484","","SityaMasita2266","in","","0","0","0","https://x.com/undefined/status/1862571905641062484","1708646666281390081",
"1862352225739448381","Fri Nov 29 18:57:03 +0000 2024","0","@orchdlrst Wah iya malah kayk bukan gunung ya","1862571493055766704","","maryamatmarini","in","","0","0","0","https://x.com/undefined/status/1862571493055766704","1349237124789272581",
"1862353397489586382","Fri Nov 29 18:55:24 +0000 2024","0","@_shanindira Ke cisaat ci situ gunung atau ke geopark ciletuh atau sawarna ujungggenteng Banyak sukabumi mau apa dulu? Gunung?pantai? Atau wahana?","1862571077412823056","","_shanindira","in","","0","0","0","https://x.com/undefined/status/1862571077412823056","250918425",
"1862346994989375619","Fri Nov 29 18:52:54 +0000 2024","0","@Widino barangkali rejeki bocil 3thn ku yg kulitnya kering krn panass extreme disini. wkwkw 2th lalu pas tnggal di bandung aman pindah bekasi kemudian gunung sindur kering banget.. pengaruh air juga kayaknya.. kalo boleh lotion aja.. makasii","1862570448132915488","","Widino","in","","0","0","0","https://x.com/undefined/status/1862570448132915488","865792598",
"1862568761477489065","Fri Nov 29 18:46:12 +0000 2024","0","Oh yang keluarga nya bisa bikin gundul hutan dan gunung","1862568761477489065","","","in","","0","0","0","https://x.com/undefined/status/1862568761477489065","1539584440631828481",
"1862567644077203749","Fri Nov 29 18:41:45 +0000 2024","0","Towel utama masih basah + apek gara gara keujanan pas dijemur haruskah towel Festive turun gunung lagi? ","1862567644077203749","","","in","","0","0","0","https://x.com/undefined/status/1862567644077203749","1667605599167868928",
"1862567515580506420","Fri Nov 29 18:41:15 +0000 2024","1","#imkevin kayak mau pergi mendaki gunung https://t.co/dbwuqQUvHr","1862567515580506420","https://pbs.twimg.com/media/GdkrRjsXIAA4hfH.jpg","","in","","0","0","0","https://x.com/undefined/status/1862567515580506420","1753074512894324736",
"1862566373408612619","Fri Nov 29 18:36:42 +0000 2024","1","camping di outdoor slain gunung asik kali ya","1862566373408612619","","","in","","0","1","0","https://x.com/undefined/status/1862566373408612619","1248210952299790337",
"1862370364522995941","Fri Nov 29 18:34:20 +0000 2024","0","@miwordss Ngeselin banget sih ini tapi dah denger yang pantun madura gak? Gunung bromo gunung kelud gak terimo ayok gelud ikan teri ikan mujaer astaghfirullahal-adzim astaghfirullahal-adzim ","1862565777398014141","","miwordss","in","","0","0","0","https://x.com/undefined/status/1862565777398014141","2679045906",
"1862565463471136953","Fri Nov 29 18:33:05 +0000 2024","0","YESS!! Aku sudah sering menyuarakan ini. Baru kerasa setelah lulus. Kenapa ya pikiran w baru kebuka setelah lulus ttg Jogja. Soalnya dulu jarang kemana2 sih. Deprok aja di gunung","1862565463471136953","","","in","","0","0","0","https://x.com/undefined/status/1862565463471136953","3179079498",
"1862315590162993545","Fri Nov 29 18:30:49 +0000 2024","1","@sbyfess Admine turun gunung ","1862564892215226466","","sbyfess","in","","0","0","0","https://x.com/undefined/status/1862564892215226466","1642167297598164993",
"1862564355562516792","Fri Nov 29 18:28:41 +0000 2024","0","intinya gini suatu saat kalo kita udah sering mendaki bukan gunung sebenernya yang bikin rindu. karena gunung gak bakal kemana mana. tetapi orang yang bersama kita dikala pendakian. itulah sebabnya.","1862564355562516792","","","in","","0","0","0","https://x.com/undefined/status/1862564355562516792","1478993571910860800",
"1862563750366323109","Fri Nov 29 18:28:41 +0000 2024","0","fak gw kek dikejar kejar monyet pemakan manusia trs gw diajak ke atap rumah carmen tp gw gabisa naik tangga gara gara kesurupan (idk man kek ada setan narik saya gitu jadi terbang) trs gw kabur kek 80% mimpi gw naik motor lewat gang di gunung wtf","1862564353167528052","","moseics","in","","0","1","0","https://x.com/undefined/status/1862564353167528052","1391440217966403584",
"1862555448681144433","Fri Nov 29 17:53:18 +0000 2024","0","ohhh polusinya emang lagi turun ya... tadi naik tj arah ciputskuy juga keliatan gunungnya padahal aku berangkat jam 1 siang. biasanya aku bisa liat gunung pas subuh doang wgwkwhk","1862555448681144433","","","in","","0","0","0","https://x.com/undefined/status/1862555448681144433","980741689747816448",
"1862555380691476833","Fri Nov 29 17:53:02 +0000 2024","0","Lagi ada acara apa ya? Jujur aja tadi pagi perkuliahan bener2 bisa sampai liat gunung. Sampai sore jga masih bersih","1862555380691476833","","","in","","0","0","0","https://x.com/undefined/status/1862555380691476833","1223529185647329280",
"1862555380318122177","Fri Nov 29 17:53:01 +0000 2024","0","18.Kuningan Daerah terakhir dari seluruh rangkaian perjalanan ini Tempat yang menjadi tempat kelahiranku sendiri. Menjadi salah satu daerah yang dilewati Gunung Ciremai sehingga banyak jalur pendakian yang dibuka dari sini ️ https://t.co/cXHTFIy3La","1862555380318122177","https://pbs.twimg.com/media/GdkgP2MboAM8yQM.jpg","","in","","1","1","0","https://x.com/undefined/status/1862555380318122177","1553187838929563649",
"1862352225739448381","Fri Nov 29 17:51:03 +0000 2024","0","@orchdlrst kecik banget itu gunung kah","1862554882806620247","","maryamatmarini","in","","0","0","0","https://x.com/undefined/status/1862554882806620247","1182527509453103106",
"1862386409379893678","Fri Nov 29 17:50:02 +0000 2024","0","@piotrj @nafasidn iya anjir dari bekasi ampe abis jumatan masih keliatan gunung di bogor biasanya mah boro ","1862554629663515073","","piotrj","in","","0","0","0","https://x.com/undefined/status/1862554629663515073","1352050771379027972",
"1862554137227042963","Fri Nov 29 17:48:05 +0000 2024","0","@dandyprs_ elu ngeliat gunung ga bossss","1862554137227042963","","dandyprs_","in","","0","1","0","https://x.com/undefined/status/1862554137227042963","1370404684016414721",
"1862553144766734854","Fri Nov 29 17:44:08 +0000 2024","0","hmm i'm not okay. aku juga pgn beli km zza. pgn makan pizza panas sambil liat gunung minum kopi trus bengong. https://t.co/NIkJ2AXZyV","1862553144766734854","https://pbs.twimg.com/media/GdkeNuzWMAA9Kt9.jpg","","in","","0","0","0","https://x.com/undefined/status/1862553144766734854","904877156945215488",
"1862341208330445190","Fri Nov 29 17:43:49 +0000 2024","0","@txtdrjkt @mirrorkidz jd keinget deh waktu pas upacara pagi2 di rooftop sekolah kan gw sama ahmad sama alinda liat ada gunung salak dari sekolah tau waktu itu lo belom dateng","1862553063267213756","","txtdrjkt","in","","0","2","0","https://x.com/undefined/status/1862553063267213756","1848004551842095104",
"1862341208330445190","Fri Nov 29 17:42:47 +0000 2024","2","@txtdrjkt dari mnc tower kebon jeruk. gunung apaya itu di banten https://t.co/xtNh1QT8p1","1862552803366855039","https://pbs.twimg.com/media/Gdkd5MBWYAA5fVK.jpg","txtdrjkt","in","","0","0","0","https://x.com/undefined/status/1862552803366855039","1734776323938332672",
"1862552689860911439","Fri Nov 29 17:42:20 +0000 2024","0","minggu ini ga naik gunung rasanya hampa","1862552689860911439","","","in","","0","2","0","https://x.com/undefined/status/1862552689860911439","2916949481",
"1862386409379893678","Fri Nov 29 17:42:17 +0000 2024","0","@ratnasekar @piotrj @nafasidn Njirr bisa liat gunung","1862552675432505853","","ratnasekar","in","","0","0","0","https://x.com/undefined/status/1862552675432505853","1781142107098693632",
"1862552656897585230","Fri Nov 29 17:42:12 +0000 2024","0","melihat postingan orang tentang gunung dijakarta jadi kangen berangkat pagi ke sekolah dehh. tiap pagi selalu liat gunung di flyover cipinang","1862552656897585230","","","in","","0","0","0","https://x.com/undefined/status/1862552656897585230","546713008",
"1862552445165150575","Fri Nov 29 17:41:22 +0000 2024","122","PESONA LAUTAN AWAN DI PUNCAK GUNUNG MANGLAYANG Gunung Manglayang adalah salah satu gunung yang terletak di wilayah perbatasan Kabupaten Sumedang dan Kabupaten Bandung Provinsi Jawa Barat Indonesia. Dengan ketinggian sekitar 1.818 meter di atas permukaan laut gunung ini https://t.co/eSdYKWt2Yo","1862552445165150575","https://pbs.twimg.com/media/GdkdQR-W4AAznAI.jpg","","in","","0","182","0","https://x.com/undefined/status/1862552445165150575","1433750119946473478",
"985101819125710848","Fri Nov 29 17:40:14 +0000 2024","0","@perkeretaapian @YudhaAtom30 Gunung putri masuk PSN pak tahun 97 karna krisis moneter jadi berhenti kami berharap 2025 sdh mulai tahap pembangunan pak mohon untuk di kaji aspirasi rakyat pak. St. Gn. Putri ini sangat strategis lokasinya pak","1862552162171330953","","perkeretaapian","in","","0","0","0","https://x.com/undefined/status/1862552162171330953","1854676385790672896",
"1862352225739448381","Fri Nov 29 17:39:35 +0000 2024","0","@orchdlrst itu bukan gunung namanya gak sihh","1862551997045776535","","maryamatmarini","in","","0","0","0","https://x.com/undefined/status/1862551997045776535","1338356670498402305",
"1862551279492636984","Fri Nov 29 17:38:57 +0000 2024","0","@jempussy Butuh energi banyak untuk mendaki lebih banyak gunung ","1862551837049856514","","tokopenida","in","","0","1","0","https://x.com/undefined/status/1862551837049856514","1119819338016382976",
"1862386409379893678","Fri Nov 29 17:35:28 +0000 2024","0","@iqbalu__ @piotrj @nafasidn ituu gunung apaaannnn","1862550961237237799","","iqbalu__","in","","0","1","0","https://x.com/undefined/status/1862550961237237799","1211689543264419841",
"1862550594789286401","Fri Nov 29 17:34:00 +0000 2024","0","November 0 balas di Desember 2","1862550594789286401","","","in","","0","0","0","https://x.com/undefined/status/1862550594789286401","926438445978853376",
"1862549520703508882","Fri Nov 29 17:29:44 +0000 2024","0","Naik gunung lagi aja kali yaaa ","1862549520703508882","","","in","","0","0","0","https://x.com/undefined/status/1862549520703508882","768683041388580865",
"1862170513113841902","Fri Nov 29 17:29:11 +0000 2024","0","@objxct aku suka banget naik gunung","1862549381209337982","","objxct","in","","0","0","0","https://x.com/undefined/status/1862549381209337982","1754780163752198144",
"1862539177419853954","Fri Nov 29 16:48:38 +0000 2024","0","gn slamet juga lagi bagus bangettt aku suka bengong di jalan sambil liatin gunung ","1862539177419853954","","","in","","0","0","0","https://x.com/undefined/status/1862539177419853954","1591097726938517505",
"1862538995051503748","Fri Nov 29 16:47:55 +0000 2024","0","jakarta lagi keliatan gunung yaah","1862538995051503748","","","in","","0","0","0","https://x.com/undefined/status/1862538995051503748","1591097726938517505",
"1862538883554320767","Fri Nov 29 16:47:28 +0000 2024","0","pantesan di tl banyak bgt pap jakarta yg keliatan gunung itu wkwkw","1862538883554320767","","","in","","0","0","0","https://x.com/undefined/status/1862538883554320767","107672126",
"1862538877837484122","Fri Nov 29 16:47:27 +0000 2024","0","Ini ril krn gunung ampe keliatan slm dua hari ini WKWKWK gw kaget??? Krn terakhir tuh kyk bbrp bulan lalu dan itu cmn pagi doang ","1862538877837484122","","","in","","0","0","0","https://x.com/undefined/status/1862538877837484122","1397129495371403268",
"1862508275260170325","Fri Nov 29 16:46:32 +0000 2024","0","@panndanlatte ketua turun gunung ","1862538648526495824","","panndanlatte","in","","0","1","0","https://x.com/undefined/status/1862538648526495824","1632964485312057345",
"1862187458643087521","Fri Nov 29 16:46:28 +0000 2024","0","@draftext Baru tau deh ternyata kalau ada gunung meletus pesawat nggak boleh terbang dulu","1862538629127835918","","draftext","in","","0","0","0","https://x.com/undefined/status/1862538629127835918","1557310396121628672",
"1862537699712016608","Fri Nov 29 16:42:46 +0000 2024","2","yg lagi viral di gunung kidul 1 Menit https://t.co/etbZ6HqtPT","1862537699712016608","","","in","","0","0","0","https://x.com/undefined/status/1862537699712016608","1588033388727832576",
"1862537667529044463","Fri Nov 29 16:42:38 +0000 2024","1","pengen mendaki gunung tp turunnya pake perosotan aja bisa ga huhu","1862537667529044463","","","in","","0","0","0","https://x.com/undefined/status/1862537667529044463","1533375595496648705",
"1862537031626142016","Fri Nov 29 16:40:07 +0000 2024","0","Sekrang akhirnya tahu kenapa banyaknya jadi konten kreator. Dua hari lalu ada bapak-bapak ke gunung gtu masuk hutan buat ekspedisi hantu. Trus si bapak cerita fb ama youtubenya udah monetasi dan ternyata udah bisa hasilin dollar njirr wkwk","1862537031626142016","","","in","","0","0","0","https://x.com/undefined/status/1862537031626142016","1247943150888341512",
"1862534358646841539","Fri Nov 29 16:39:54 +0000 2024","0","@ihaniees love you setinggi gunung everest untuk nea","1862536979109618006","","ihaniees","in","","0","1","0","https://x.com/undefined/status/1862536979109618006","1670639469878480897",
"1862536974151844319","Fri Nov 29 16:39:53 +0000 2024","0","yaAllah kenapa tadi pagi ga ngeh bisa liat gunung di mrt ya","1862536974151844319","","","in","","0","0","0","https://x.com/undefined/status/1862536974151844319","398630848",
"1862536944594690228","Fri Nov 29 16:39:46 +0000 2024","0","Kalo lagi bersih gunung salak dari fly over sedayu bisa keliatan","1862536944594690228","","","in","","0","0","0","https://x.com/undefined/status/1862536944594690228","1010062452162088960",
"1862536916039868540","Fri Nov 29 16:39:39 +0000 2024","0","sumpah tapi tadi pagi depok juga keliatan bgt gunung dari arah bogor anjir.. gue baru ngeh mana tadi dingin banget padahal biasanya ac kantor dingin juga tp td kayak di kulkas ","1862536916039868540","","","in","","0","0","0","https://x.com/undefined/status/1862536916039868540","1461037016666161158",
"1862536825820307591","Fri Nov 29 16:39:18 +0000 2024","1","trus hari ini semua org ngetweet jkt keliatan gunung jd makin kangen ","1862536825820307591","","","in","","0","0","0","https://x.com/undefined/status/1862536825820307591","1439403530511536128",
"1862352225739448381","Fri Nov 29 16:39:09 +0000 2024","0","@orchdlrst Kok bisa disebut gunung","1862536787945824596","","maryamatmarini","in","","0","0","0","https://x.com/undefined/status/1862536787945824596","6573972",
"1862386409379893678","Fri Nov 29 16:36:41 +0000 2024","0","@ratnasekar @piotrj @nafasidn Dr FO ps rebo juga keliatan gunung kalo pas cerah","1862536170468708747","","ratnasekar","in","","0","0","0","https://x.com/undefined/status/1862536170468708747","1274619283",
"1862341208330445190","Fri Nov 29 16:35:52 +0000 2024","0","@txtdrjkt Jakarta keren kalau tanpa polusi ya. Gedung tinggi Gunung dan Laut. ","1862535963878334591","","txtdrjkt","in","","0","0","0","https://x.com/undefined/status/1862535963878334591","78630813",
"1862535750413361503","Fri Nov 29 16:35:01 +0000 2024","4","Yang denial gini sepak aja langsung ke kawah gunung.","1862535750413361503","","","in","","0","0","1","https://x.com/undefined/status/1862535750413361503","72219475",
"1862535205309095987","Fri Nov 29 16:32:51 +0000 2024","0","Ada aja2 gebrakan fans turun gunung ","1862535205309095987","","","in","","0","0","0","https://x.com/undefined/status/1862535205309095987","303667884",
"1862341208330445190","Fri Nov 29 16:32:36 +0000 2024","0","@txtdrjkt @justzzyy kamu liat gunung gaa?","1862535142713303274","","txtdrjkt","in","","0","1","0","https://x.com/undefined/status/1862535142713303274","1392230994078437380",
"1862500219004625279","Fri Nov 29 16:31:50 +0000 2024","3","@puspaswarna (Sendal) sepatu kesayangan. Udah dipake buat mendaki gunung lewati lembah; Menerjang covid panas dan hujan sampai begini. Kalau bisa ngomong udah jerit-jerit kali... https://t.co/zCAtIxYJJR","1862534949129396518","https://pbs.twimg.com/media/GdkNqlDW4AE65A0.jpg","puspaswarna","in","","0","1","1","https://x.com/undefined/status/1862534949129396518","1047886938903011329",
"1862534931270049892","Fri Nov 29 16:31:46 +0000 2024","0","16.Majalengka Salah satu daerah yang ada di sebelah timur Jawa Barat. Dulunya daerah ini bernama Kabupaten Maja namun berganti nama jadi Majalengka pada tahun 1814. Karena jadi salah saty daerah dibawah kaki gunung ciremai suhu disini cukup dingin. https://t.co/4CRfsUiCA6","1862534931270049892","https://pbs.twimg.com/media/GdkNpkMboAIbqPF.jpg","","in","","1","1","0","https://x.com/undefined/status/1862534931270049892","1553187838929563649",
"1862386409379893678","Fri Nov 29 16:29:47 +0000 2024","0","@piotrj @nafasidn Dan baru tadi pagi bisa liat gunung salak di bsd.. Langitnya lg bersih banget","1862534431082521073","","piotrj","in","","0","0","0","https://x.com/undefined/status/1862534431082521073","30584480",
"1862534287612158128","Fri Nov 29 16:29:13 +0000 2024","0","duh gk kebayang doyoung sambat terus pas naik gunung","1862534287612158128","","","in","","0","0","0","https://x.com/undefined/status/1862534287612158128","3267105902",
"1862341208330445190","Fri Nov 29 16:28:55 +0000 2024","0","@pinkiespunk @txtdrjkt gunung apatuh","1862534213276508400","","pinkiespunk","in","","0","0","0","https://x.com/undefined/status/1862534213276508400","1086812353306324993",
"1862386409379893678","Fri Nov 29 16:28:15 +0000 2024","0","@piotrj @nafasidn Asli tadi 2 gunung keliatan sampe jam 9 di bekasi. Gokil. Pabrik sama pltu mana nih yg gak dioperasiin haha","1862534045122666507","","piotrj","in","","0","0","0","https://x.com/undefined/status/1862534045122666507","1041000581341442048",
"1862347728287830181","Fri Nov 29 16:27:48 +0000 2024","0","@KediriFess Metro wedak gunung ","1862533934615339237","","KediriFess","in","","0","0","0","https://x.com/undefined/status/1862533934615339237","1175413595875594241",
"1862533773340156166","Fri Nov 29 16:27:10 +0000 2024","0","ini berarti scene ngedaki gunung antara 5-6 nih klo gini","1862533773340156166","","","in","","0","0","0","https://x.com/undefined/status/1862533773340156166","1284700450684428288",
"1862533766750834984","Fri Nov 29 16:27:08 +0000 2024","0","agak nyesel ga foto gunung td pagi... Di LRT bnrn jelasss bgt gile cakeerpp ","1862533766750834984","","","in","","0","0","0","https://x.com/undefined/status/1862533766750834984","1339602891682631682",
"1862352225739448381","Fri Nov 29 16:27:00 +0000 2024","0","@orchdlrst Keren banget puncak gunung ini","1862533731749413369","","maryamatmarini","in","","0","0","0","https://x.com/undefined/status/1862533731749413369","1189801067753562114",
"1862386409379893678","Fri Nov 29 16:25:54 +0000 2024","0","@piotrj @nafasidn Bjir pantes tadi gunung di bogor keliatan jelas pas sore2","1862533453880914034","","piotrj","in","","0","0","0","https://x.com/undefined/status/1862533453880914034","84306858",
"1862533133692018705","Fri Nov 29 16:24:37 +0000 2024","0","sebenarnya ini gunung apasi pas skolah jg sering liat tapi gtw gunung ap","1862533133692018705","","","in","","0","0","0","https://x.com/undefined/status/1862533133692018705","1699822608890691584",
"1862533076297163054","Fri Nov 29 16:24:24 +0000 2024","0","dr kantor gue di kuningan keliatan semua ke gunung ke laut ampe pesawat mau landing yg di cgk tu keliatan bjir btw emng kantor gue highzone jd kmn2 keliatan","1862533076297163054","","","in","","0","0","0","https://x.com/undefined/status/1862533076297163054","1360586210121453569",
"1859250101115576458","Fri Nov 29 16:22:53 +0000 2024","0","@boreumbyeolie mau yg bentuk gunung fuji atau yg lain??","1862532696540635327","","boreumbyeolie","in","","0","1","0","https://x.com/undefined/status/1862532696540635327","863629228864020480",
"1862532628337037483","Fri Nov 29 16:22:37 +0000 2024","1","sana sini panas dan duar jadi lah gunung meletus","1862532628337037483","","","in","","0","0","0","https://x.com/undefined/status/1862532628337037483","1464633759060443149",
"1862532603775213793","Fri Nov 29 16:22:31 +0000 2024","0","jakarta kalo langitnya bersih &amp; bebas dari polusi tiap pagi bisa liat gunung trus malemnya nikmatin city light ","1862532603775213793","","","in","","0","0","0","https://x.com/undefined/status/1862532603775213793","1731608935583649792",
"1862341208330445190","Fri Nov 29 16:21:30 +0000 2024","0","@txtdrjkt hah jakarta bisa liat gunung??","1862532349357171001","","txtdrjkt","in","","0","0","0","https://x.com/undefined/status/1862532349357171001","1255050098939064320",
"1862386409379893678","Fri Nov 29 16:20:12 +0000 2024","0","@piotrj @nafasidn 2 hari ini langit biru dan gunung terlihat https://t.co/Nxd2dCpjkf","1862532022394343447","https://pbs.twimg.com/media/GdkK_m0WUAAdWHD.jpg","piotrj","in","","0","0","0","https://x.com/undefined/status/1862532022394343447","1732218536813350912",
"1862477371359863256","Fri Nov 29 16:19:58 +0000 2024","0","@maafnangisan @neeuroscientist ITU AKU SERIUS GUNUNG SALAK kayanya","1862531961899942343","","cbahngers","in","","0","1","0","https://x.com/undefined/status/1862531961899942343","1211640724598378496",
"1862386409379893678","Fri Nov 29 16:19:40 +0000 2024","4","@piotrj @nafasidn liat rep ternyata liat awan biru aka clear sky di jkt termasuk privilege yaa jadi inget dulu pas covid langit jkt cerah.. kalo jkt kaya gini terus bakalan tambah cakep sih ada view sky scrapers + awan biru + background gunung beuhh mantep","1862531885769146592","","piotrj","in","","0","0","0","https://x.com/undefined/status/1862531885769146592","1016247429258096640",
"1862531760355254764","Fri Nov 29 16:19:10 +0000 2024","0","gunung apa pls kok gue baru tau jakarta busa liat gunung","1862531760355254764","","","in","","0","0","0","https://x.com/undefined/status/1862531760355254764","1599971118953033729",
"1862514455181230557","Fri Nov 29 16:19:08 +0000 2024","34","@wseokiess Normalny kl disuruh gambar pemandangan kannya gambar gunung kembar sm sawah + jalan raya sm mobil2ny lah ini ngapa nyempil dua sejoli lg menikmati pemandangan yg satu big boy yg satu small girl pake spidol biru kuning pula. Gmn kita tdk berpikir sus sus sussss ","1862531753312932272","","wseokiess","in","","0","0","1","https://x.com/undefined/status/1862531753312932272","224921737",
"1862531669343051859","Fri Nov 29 16:18:48 +0000 2024","0","Gue pgn jd burung gue pgn terbang bebas bebas bebas ke gunung ke sungai ke curug ke pantai ke madinah ke mekah ke hutan ke itali ke spanyol ke china ke dll","1862531669343051859","","","in","","0","0","0","https://x.com/undefined/status/1862531669343051859","1677677481518845952",
"1862531410134995255","Fri Nov 29 16:17:46 +0000 2024","0","tadi sampe aku foto karena bener bener baru liat lagi jakarta dengan awan kayak gini! even gunung pun sampe keliatan banget https://t.co/XledUgFQtf","1862531410134995255","https://pbs.twimg.com/media/GdkKcgTboAES1I8.jpg","","in","","0","0","0","https://x.com/undefined/status/1862531410134995255","1473046188836458496",
"1862520223334900201","Fri Nov 29 16:17:13 +0000 2024","0","@Gyuvun Konsep gw toko gunung agung","1862531270573793674","","Gyuvun","in","","0","1","0","https://x.com/undefined/status/1862531270573793674","939898330192142337",
"1862531208183521712","Fri Nov 29 16:16:58 +0000 2024","0","Kaget bangett tadi berangkat kerja jam 9 gunung salak masih keliatan jelas","1862531208183521712","","","in","","0","0","0","https://x.com/undefined/status/1862531208183521712","896745857084669952",
"1862341208330445190","Fri Nov 29 16:16:00 +0000 2024","2","@txtdrjkt Eh beneran td pagi pas anter anakku sekolah d atas fly over kp melayu arah casablanca liat k kiri eh kok ada siluet gunung mau foto tp lupa gk bawa hp seumur2 lewat situ gk pernah ngeliat gunung","1862530964364435492","","txtdrjkt","in","","0","0","0","https://x.com/undefined/status/1862530964364435492","1592426816807239680",
"1862386409379893678","Fri Nov 29 16:11:52 +0000 2024","0","@piotrj @nafasidn Aseli dari Kemanggisan tadi bisa liat gunung coy wkwk","1862529924327948702","","piotrj","in","","0","0","0","https://x.com/undefined/status/1862529924327948702","703557200464080897",
"1862352225739448381","Fri Nov 29 16:11:40 +0000 2024","0","@orchdlrst lah itu gunung? kirain batu beneran deh","1862529872914260056","","maryamatmarini","in","","0","0","0","https://x.com/undefined/status/1862529872914260056","1339134342543511552",
"1862529796091338912","Fri Nov 29 16:11:22 +0000 2024","0","plis mau naik gunung sekali lagi baru ku selesaikan renlit dan semua uas ku ","1862529796091338912","","","in","","0","2","0","https://x.com/undefined/status/1862529796091338912","1283959236041388032",
"1862529661642973608","Fri Nov 29 16:10:50 +0000 2024","0","pantes tadi pagi naik mrt bisa liat gunung sejelas ituuuu padahal udh mikir kayanya kemarin ujannya ga segede itu sampe gaada polusi","1862529661642973608","","","in","","0","0","0","https://x.com/undefined/status/1862529661642973608","1142011242820751360",
"1862529628239475179","Fri Nov 29 16:10:42 +0000 2024","0","ahhhh ini yang naik gunung bareng jonathan itu tahh","1862529628239475179","","","in","","0","0","0","https://x.com/undefined/status/1862529628239475179","959755297047773184",
"1862509786354655737","Fri Nov 29 16:10:39 +0000 2024","0","@alyungg lumayan sih ada air terjun pemandian air panas gunung sama bukit2 yang agak rendah jg enak kalo pengen naik ada museum candi ada tempat camp juga. kalo mjk emang kebanyakan yang alam alam gini sihh","1862529616579371147","","alyungg","in","","0","1","0","https://x.com/undefined/status/1862529616579371147","1816000577660477440",
"1862529506533417426","Fri Nov 29 16:10:13 +0000 2024","0","btw ini bbrp hari bersih sih soalnya kebetulan kerja di kantor daerah thamrin gedung tertinggi. kebetulan lantai jg di 70an tiap sore bs liatt Gunung. ini foto kmrn soretoday lupa foto sangking jernihnya https://t.co/5BL17ashBW","1862529506533417426","https://pbs.twimg.com/media/GdkIta4XgAE0m0u.jpg","","in","","0","0","0","https://x.com/undefined/status/1862529506533417426","96272263",
"1862477044879433851","Fri Nov 29 16:09:48 +0000 2024","0","@blccknights Ke pantai aku suka alam kecuali gunung","1862529402107781433","","blccknights","in","","0","0","0","https://x.com/undefined/status/1862529402107781433","3184673953",
"1862529396692898179","Fri Nov 29 16:09:46 +0000 2024","14","Tahukah kamu? Kekerasan bisa terjadi di sekitar kita bahkan tanpa kita sadari. Luka yang terlihat di luar sering kali hanyalah puncak gunung es. Ada luka yang lebih dalam di hati dan pikiran korban. Kenali tandanya: luka fisik tanpa alasan jelas perubahan sikap jadi lebih https://t.co/BqJN9Qi4UB","1862529396692898179","https://pbs.twimg.com/media/GdkIm-jWkAAoa-W.jpg","","in","","0","0","5","https://x.com/undefined/status/1862529396692898179","480230317",
"1862462421509841070","Fri Nov 29 16:07:07 +0000 2024","0","@andrigunardiii Mending naik gunung gun","1862528729454714938","","andrigunardiii","in","","0","0","0","https://x.com/undefined/status/1862528729454714938","3184673953",
"1862386409379893678","Fri Nov 29 16:07:01 +0000 2024","0","@_oghi_ @piotrj @nafasidn pantesan tadi di ciputat juga keliatan gunung","1862528700660756857","","_oghi_","in","","0","0","0","https://x.com/undefined/status/1862528700660756857","1402842754623836161",
"1862528697158533576","Fri Nov 29 16:07:00 +0000 2024","0","Ooooo pantes gue baru maksud tweet yg nyuruh pamer foto gunung di jkt. Karna ini jirrrrrr","1862528697158533576","","","in","","0","0","0","https://x.com/undefined/status/1862528697158533576","502939016",
"1862528663323123927","Fri Nov 29 16:06:52 +0000 2024","1","gara gara tweet ini gue jadi tau kalo DI JAKARTA JG BISA LIAT GUNUNGG membayangkan siang liat gunung dgn langit biru trus malemnya disuguhin city light dari gedung gedung tinggi beuhhh","1862528663323123927","","","in","","0","0","0","https://x.com/undefined/status/1862528663323123927","1458986092569321472",
"1862528622025982177","Fri Nov 29 16:06:42 +0000 2024","0","Ibuku* jangan main terus gausah ikut ikutan naik gunung Yang ibuku tidak tahu padahal aku tukang ngopyak ngopyaki kancaku ","1862528622025982177","","","in","","0","0","0","https://x.com/undefined/status/1862528622025982177","1142453240",
"1862308469589823642","Fri Nov 29 16:04:40 +0000 2024","0","@aidenxvx pantai sama gunung aja deh","1862528112279634162","","aidenxvx","in","","0","0","0","https://x.com/undefined/status/1862528112279634162","1339544178871521281",
"1862483839064711351","Fri Nov 29 16:04:36 +0000 2024","0","@Aceh Asri dan indah nya gunung di Aceh dari gunung halimun gunung Leuser dan gunung tangse","1862528095431139621","","Aceh","in","","0","0","0","https://x.com/undefined/status/1862528095431139621","1222848431456022528",
"1862528009603080647","Fri Nov 29 16:04:16 +0000 2024","1","Sampe bisa lihat gunung lagi di Jakarta adalah sebuah pemandangan langka karena sehari-hari kebiasaan liat gedung tinggi featuring langit berpolusi","1862528009603080647","","","in","","0","0","0","https://x.com/undefined/status/1862528009603080647","1721554264353554432",
"1862483566120288567","Fri Nov 29 16:03:17 +0000 2024","0","@anothermiese @hyejours ini netflix an sih di gunung","1862527762118189279","","anothermiese","in","","0","1","0","https://x.com/undefined/status/1862527762118189279","2232501174",
"1862527670929731948","Fri Nov 29 16:02:55 +0000 2024","0","Oala pantes tb2 bgt twt pap gunung di jkt kek hah tumben","1862527670929731948","","","in","","0","0","0","https://x.com/undefined/status/1862527670929731948","1063764081906147330",
"1862527631696306408","Fri Nov 29 16:02:46 +0000 2024","0","Kegiatan ini diikuti sebanyak 53 mahasiswa dari empat universitas di Bandung yakni Universitas Pasundan Universitas Padjajaran Univesitas Islam Negeri Sunan Gunung Djati dan STIKOM Bandung.","1862527631696306408","","","in","","0","0","0","https://x.com/undefined/status/1862527631696306408","1432181389265227788",
"1862527628508619161","Fri Nov 29 16:02:45 +0000 2024","0","Pantesan bisa lihat gunung.","1862527628508619161","","","in","","0","0","0","https://x.com/undefined/status/1862527628508619161","58198159",
"1862527581163282821","Fri Nov 29 16:02:34 +0000 2024","0","sumpah terharu liatnya. baru tau harusnya ada gunung keliatan","1862527581163282821","","","in","","0","0","0","https://x.com/undefined/status/1862527581163282821","359272727",
"1862527354889019427","Fri Nov 29 16:01:40 +0000 2024","1"," Ya Allah kami memohon kepada-Mu agar hujan hanya mengelilingi kami dan bukan menimpa ke atas kami. Ya Allah! (alihkan ia) ke atas tempat-tempat tinggi gunung- ganang bukit-bukau perut-perut lembah dan tempat tumbuhnya pokok-pokok. #prayforpantaitimur #banjir2024 https://t.co/fLkpYJ4P4r","1862527354889019427","https://pbs.twimg.com/media/GdkGwAXWoAAzIjZ.jpg","","in","","0","0","1","https://x.com/undefined/status/1862527354889019427","64173165",
"1862527245106966567","Fri Nov 29 16:01:13 +0000 2024","0","Gw suka lupa deket Jakarta tuh ada gunung salak karena tiap keliatan gw merasa di gaslight SEJAK KAPAN ADA GUNUNG ","1862527245106966567","","","in","","0","0","0","https://x.com/undefined/status/1862527245106966567","52944857",
"1862076016581358074","Fri Nov 29 15:57:37 +0000 2024","0","@tubbirfess Pilih putus atau naik gunung ma tman2? Aku pilih putus malah cinlok di atas gunung. (Aku yg naik gunung ya inii). Skrg dia udah nikah aku udah gak naik gunung.. trauma ama yg cinlok di gunung waktu itu","1862526336612671646","","tubbirfess","in","","0","0","0","https://x.com/undefined/status/1862526336612671646","1493673608321048576",
"1862515523868926092","Fri Nov 29 15:57:03 +0000 2024","0","@jsngwony @Jakme @simjzaeyun Perjalanan menuju Gunung Everest tidak berjalan semulus rencana. Tidak ada dalam rencana bahwa Ben salah membaca GPS dan pada akhirnya membawa mereka ke jalan menuju hutan dengan medan sulit suasana sekitar pun cukup mencekam karena dipenuhi dengan pohon beringin.","1862526194501263785","","jsngwony","in","","0","0","0","https://x.com/undefined/status/1862526194501263785","1381956905166237697",
"1862525140770398613","Fri Nov 29 15:56:31 +0000 2024","0","@jwannnn99 @Gracie_JKT48 Sampe turun gunung lagi gw ju dah ah mao hibernasi di rumah yg baru lagi","1862526060690382883","","jwannnn99","in","","0","0","0","https://x.com/undefined/status/1862526060690382883","1715886781122682880",
"1862525919195500907","Fri Nov 29 15:55:57 +0000 2024","0","gw bisa liat gunung dari gading serpong️","1862525919195500907","","","in","","0","0","0","https://x.com/undefined/status/1862525919195500907","1811233486243774464",
"1862525626550558769","Fri Nov 29 15:54:48 +0000 2024","1","New achievement unlocked turun gunung dari Bumijawa ke kramat jam 9 malem motoran. Dinginnya sampe ke rusuk ","1862525626550558769","","","in","","0","0","0","https://x.com/undefined/status/1862525626550558769","517210512",
"1862525259750285733","Fri Nov 29 15:53:20 +0000 2024","0","fyp isinya gunung semua anj tunggu gua sembuh dulu yee","1862525259750285733","","","in","","0","0","0","https://x.com/undefined/status/1862525259750285733","1386000502647713795",
"1862513248500949499","Fri Nov 29 15:52:50 +0000 2024","0","@orendaia saking gak pernah muncul itu gunung sampe bikin orang kebingungan dan berdebat naaa wkwkwkwk jarang jarang gak ketutup polusi itu gunung","1862525132788703284","","orendaia","in","","0","1","0","https://x.com/undefined/status/1862525132788703284","1324330342040285185",
"1862525084252217639","Fri Nov 29 15:52:38 +0000 2024","0","Ih bener bangetttt! Pantes liat gunung salak dr Slipi. Kirain pagi doang ternyata hampir sore juga keliatan. Semoga terus bersih udara Jakarta","1862525084252217639","","","in","","0","0","0","https://x.com/undefined/status/1862525084252217639","1323456082354696192",
"1862023000692076574","Fri Nov 29 15:51:58 +0000 2024","0","@omhansss @RadioElshinta yg umum masih lewat gunung pancar kan?","1862524914194161978","","omhansss","in","","0","0","0","https://x.com/undefined/status/1862524914194161978","122678369",
"1862524805276434465","Fri Nov 29 15:51:32 +0000 2024","0","sampe keliatan gunung dan laut dari kuningan","1862524805276434465","","","in","","0","0","0","https://x.com/undefined/status/1862524805276434465","996041361609580544",
"1862524448521560342","Fri Nov 29 15:50:07 +0000 2024","2","Pengen beli gunung tapi baru ada 10 RB.","1862524448521560342","","","in","","0","2","0","https://x.com/undefined/status/1862524448521560342","1455859868770791437",
"1862524297417465871","Fri Nov 29 15:49:31 +0000 2024","1","warga jakarta bahagia bgt ya liat gunung","1862524297417465871","","","in","","0","0","0","https://x.com/undefined/status/1862524297417465871","1556844111776190466",
"1862386409379893678","Fri Nov 29 15:49:23 +0000 2024","0","@tigapedang @piotrj @nafasidn ohhhh ternyata gunung gede sama salak toh","1862524267088552394","","tigapedang","in","","0","0","0","https://x.com/undefined/status/1862524267088552394","1448096193817415680",
"1862519423078416450","Fri Nov 29 15:49:05 +0000 2024","1","@novinorah dulu pas hiatus kpop aku suka naik gunung. ini samudra awan ku yg pertama plus jadi perjalanan naik gunung aku yg terakhir : ) https://t.co/HiBUp3vKBG","1862524189770694758","https://pbs.twimg.com/media/GdkD4UOXYAAN9F8.jpg","novinorah","in","","0","1","0","https://x.com/undefined/status/1862524189770694758","1485946532721741831",
"1862352225739448381","Fri Nov 29 15:48:18 +0000 2024","0","@orchdlrst wah ternyata gunung terkecil ada di beijing ya","1862523991874773262","","maryamatmarini","in","","0","0","0","https://x.com/undefined/status/1862523991874773262","1819776453640388608",
"1862513248500949499","Fri Nov 29 15:46:47 +0000 2024","0","@chomyluvy Yaa kann thia aku juga awalnya jawab gunung beneran tp si ibu kaya ga percaya gitu saking jarangnya liat kali ya terus dia nanya emang itu gunung apa namanya? Ya aku juga ga tau buu akhirnya kita jadi bahas sampah2 ","1862523610742890931","","chomyluvy","in","","0","1","0","https://x.com/undefined/status/1862523610742890931","1417307939988148227",
"1862515523868926092","Fri Nov 29 15:46:14 +0000 2024","0","@Jakme @jsngwony @simjzaeyun Ben menatapnya dengan wajah terkejutnya lu serius? Terus lu mau jalan di gunung pakai sandal bling-bling gini? ","1862523473664561351","","saneghyon","in","","0","1","0","https://x.com/undefined/status/1862523473664561351","1381956905166237697",
"1862522894523457765","Fri Nov 29 15:46:03 +0000 2024","0","Tolong jgn tuhan plisss besok sabtu ya ternyata Tp knapasiii org2 weekend malah pada ke rs main2 ke pantai kek ke gunung kek ke mall ini malah pada main ke rs","1862523427015598178","","MWflyfe","in","","0","0","0","https://x.com/undefined/status/1862523427015598178","1654558054254534657",
"1862060080667247003","Fri Nov 29 15:45:48 +0000 2024","0","@JhonSitorus_18 Yang kalah menjelaskan....hahaha...piye isok di ulang maneh ta analisanya ..perlu 7 gunung 7 samudra 7 tanjakan 7 turunan Sampek puyer bintang 7 menjadi bintang 8....jawabannya ...memang wes wayahe kalah .... Wes takdir e ditrimo wae","1862523361672446122","","JhonSitorus_18","in","","0","0","0","https://x.com/undefined/status/1862523361672446122","2586088038",
"1862523349609717926","Fri Nov 29 15:45:45 +0000 2024","4","i used to do this a lot when i was a kid &amp; traveled with my parents. pernah pipis di kayak suket2 gt. bsknya dilewatin lagi tnyt kuburan bapakku lgsg panik kuatir aku digandoli demit. ada temen yg hbs naik gunung ngece2 emang aku bs eek di kresek/pasir? hehe ","1862523349609717926","","","in","","0","1","0","https://x.com/undefined/status/1862523349609717926","269966851",
"1862381051462451494","Fri Nov 29 15:45:25 +0000 2024","0","@jabksel @tanyarlfes Naik gunung banyak krikil gitu aman out solenya?","1862523265920766026","","jabksel","in","","0","0","0","https://x.com/undefined/status/1862523265920766026","79470260",
"1862523235218465063","Fri Nov 29 15:45:17 +0000 2024","0","pantes keliatan gunung pagi ini https://t.co/KkJ3YhhsWL","1862523235218465063","https://pbs.twimg.com/media/GdkDAvJWwAA3PDL.jpg","","in","","0","0","0","https://x.com/undefined/status/1862523235218465063","1366365623589031939",
"1862116494915821955","Fri Nov 29 15:44:32 +0000 2024","0","@RetroRebelss Mau sebesar gunung kah?","1862523042657968229","","TheRetroRebelss","in","","0","1","0","https://x.com/undefined/status/1862523042657968229","1843187449868271616",
"1862386409379893678","Fri Nov 29 15:44:18 +0000 2024","6","@piotrj @nafasidn sampe bisa keliatan gunung dari tanjung duren https://t.co/oqdWBTQ5uq","1862522987225960691","https://pbs.twimg.com/media/GdkCxzUXsAA_vSY.jpg","piotrj","in","","0","0","0","https://x.com/undefined/status/1862522987225960691","1059408877",
"1862352225739448381","Fri Nov 29 15:43:54 +0000 2024","0","@orchdlrst Walah ada ya gunung terkecil","1862522886587916629","","maryamatmarini","in","","0","0","0","https://x.com/undefined/status/1862522886587916629","2734530816",
"1862522328535769476","Fri Nov 29 15:41:41 +0000 2024","1","Gunung salak aja keliatan dari Jakut https://t.co/U1InJCTZyg","1862522328535769476","https://pbs.twimg.com/media/GdkCLmnXQAAkKuu.jpg","","in","","0","0","0","https://x.com/undefined/status/1862522328535769476","1267463622541762563",
"1862519934963917117","Fri Nov 29 15:32:11 +0000 2024","0","as a depok citizen dari sekolahku keliatan banget gunung pangrango apalagi kalo pagi dan dari lantai 3","1862519934963917117","","","in","","0","1","0","https://x.com/undefined/status/1862519934963917117","1240846508548706306",
"1862341208330445190","Fri Nov 29 15:32:00 +0000 2024","0","@txtdrjkt tapi hari ini emang cerah bgt gunung-gunung pada menampakkan diri","1862519890084864240","","txtdrjkt","in","","0","0","0","https://x.com/undefined/status/1862519890084864240","1101027323346710528",
"1862349525001936996","Fri Nov 29 15:31:55 +0000 2024","0","@odemargonda gunung aoaa?","1862519868488372464","","mhesaab","in","","0","1","0","https://x.com/undefined/status/1862519868488372464","1542451559002279937",
"1862386409379893678","Fri Nov 29 15:31:53 +0000 2024","7","@tigapedang @piotrj @nafasidn Ihhh bener tadi pas siangan juga keliatan gunung salak dari kantorr padahal biasanya ga keliatann","1862519859818696737","","tigapedang","in","","0","0","0","https://x.com/undefined/status/1862519859818696737","1062182820590710784",
"1862519191410196797","Fri Nov 29 15:31:29 +0000 2024","0","Kekerasan terhadap Perempuan dan Anak saat ini semakin banyak dan mengkhawatirkan seperti fenomena gunung es dimana yang tampak di permukaan belum seberapa dengan yang sebenarnya terjadi. https://t.co/LUTSVo5v3m","1862519759126110613","https://pbs.twimg.com/media/Gdj_ZWgWQAAG1v9.jpg","DiskominfoPWK","in","","0","1","0","https://x.com/undefined/status/1862519759126110613","1715572460",
"1862519673767829861","Fri Nov 29 15:31:08 +0000 2024","0","hah jakarta bisa liat gunung?","1862519673767829861","","","in","","0","0","0","https://x.com/undefined/status/1862519673767829861","1568149471107895297",
"1862519423078416450","Fri Nov 29 15:30:09 +0000 2024","0","Kok orang-orang pada suka sih naik gunung aku sih nggak. Terlalu menyeramkan. ","1862519423078416450","","","in","","0","4","0","https://x.com/undefined/status/1862519423078416450","58159506",
"1862373289580273956","Fri Nov 29 15:29:55 +0000 2024","0","@baajiingaan Serem banget kalau ada gunung meletus","1862519366438592982","","baajiingaan","in","","0","0","0","https://x.com/undefined/status/1862519366438592982","1735965775960367104",
"1862257372842140001","Fri Nov 29 15:28:49 +0000 2024","0","@Mangujang_fc Sleding palanya pakek spatu gunung","1862519089320927275","","Mangujang_fc","in","","0","0","0","https://x.com/undefined/status/1862519089320927275","3320133498",
"1862510562518982791","Fri Nov 29 15:28:37 +0000 2024","0","@horriblegitate gunung apa jir","1862519041052877265","","horriblegitate","in","","0","0","0","https://x.com/undefined/status/1862519041052877265","1460992758210912263",
"1862518258274115615","Fri Nov 29 15:28:32 +0000 2024","0","Emajie ada keluarkan bau seolah olah anda berada di sebuah gunung yang penuh dengan ais dan anda menghirup angin yang sejuk! Fresh cool effect dan ada elemen masculine! Dupe kepada Bvlgari Glacial Essence. Jom dapatkan sekarang! https://t.co/AHXl0Nr2sL","1862519018898563566","","EmajieOfficial","in","","0","0","1","https://x.com/undefined/status/1862519018898563566","1506842754311401472",
"1862352225739448381","Fri Nov 29 15:28:11 +0000 2024","0","@orchdlrst Keren bgt gunung nya di Beijing","1862518928184062370","","maryamatmarini","in","","0","0","0","https://x.com/undefined/status/1862518928184062370","1781594245826256896",
"1861270087237542172","Fri Nov 29 15:27:50 +0000 2024","0","@Mingurinul aPa InNi? (Maaf aku gak pro). Boleh gak ajarin typing naik-naik ke puncak gunung?","1862518840468676870","","Mingurinul","in","","0","1","0","https://x.com/undefined/status/1862518840468676870","1663767867643559936",
"1862518813780320405","Fri Nov 29 15:27:43 +0000 2024","0","IOH Beri Layanan Telekomunikasi Gratis bagi Korban Erupsi Gunung Lewotobi https://t.co/xLF98i1Ul7","1862518813780320405","","","in","","0","0","0","https://x.com/undefined/status/1862518813780320405","1388567274",
"1862181487384437133","Fri Nov 29 15:25:26 +0000 2024","9","@yopisid @BocorAlusPol Kyknya perusahaannya ini ada di seluruh Indonesia. Even di Sulawesi Tenggara jg ada pabrik gula yg hasilnya gatau kemana.. Gunung dibelah buat bikin jalanan baru untuk mobil gede mereka.","1862518237122240992","","BoilsUp","in","","0","0","0","https://x.com/undefined/status/1862518237122240992","3146157218",
"1862518137465479610","Fri Nov 29 15:25:02 +0000 2024","0","Naik gunung","1862518137465479610","","","in","","0","0","0","https://x.com/undefined/status/1862518137465479610","522982945",
"1862517992707490029","Fri Nov 29 15:24:28 +0000 2024","0","Nahkan cuaca hari ini beda bgt ternyata hijau.....Perjalanan pagi dari depok-jakarta adem sejuk dan keliatan jelas gunung di Bogor ","1862517992707490029","","","in","","0","0","0","https://x.com/undefined/status/1862517992707490029","86689643",
"1862517980753768539","Fri Nov 29 15:24:25 +0000 2024","2","Ngeliat gunung di Jakarta: Ngeliat laut di Bandung:‍","1862517980753768539","","","in","","0","1","0","https://x.com/undefined/status/1862517980753768539","1382409466750988291",
"1862517956716240913","Fri Nov 29 15:24:19 +0000 2024","0","##. Ketika para sepuh turun gunung semua... disitu kalian tau kalo teh-nya super panas ","1862517956716240913","","","in","","1","0","1","https://x.com/undefined/status/1862517956716240913","743311440853929988",
"1862516472167506326","Fri Nov 29 15:23:47 +0000 2024","0","@woostarss km pecinta gunung","1862517824557916489","","woostarss","in","","0","1","0","https://x.com/undefined/status/1862517824557916489","1354358755442315266",
"1862515407871201526","Fri Nov 29 15:14:11 +0000 2024","0","WKWKWKWK hari ini orang jakarta pada norak ngeliat gunung akulah orang jakarta tersebut","1862515407871201526","","","in","","0","0","0","https://x.com/undefined/status/1862515407871201526","2666041454",
"1862515350761611613","Fri Nov 29 15:13:58 +0000 2024","0","Jokowi dan Prabowo bersatu di Semarang tp keok. Kaesang sampe berkali kali turun gunung.","1862515350761611613","","","in","","0","0","0","https://x.com/undefined/status/1862515350761611613","69778881",
"1862453927062777970","Fri Nov 29 15:13:46 +0000 2024","0","@FiersaBesari Mau mendaki gunung yang mana lagi nih bung","1862515300316717150","","FiersaBesari","in","","0","0","0","https://x.com/undefined/status/1862515300316717150","1247943150888341512",
"1862486020559970602","Fri Nov 29 15:13:37 +0000 2024","0","@kosasyit Lu harus bersemedi di gunung selama 40 hari","1862515265977581810","","kosasyit","in","","0","0","0","https://x.com/undefined/status/1862515265977581810","1481207094477209600",
"1862421996442984926","Fri Nov 29 15:13:23 +0000 2024","0","@ofmavin Gunung Putri Lembang sih yang pengen banget","1862515206691463621","","ofmavin","in","","0","0","0","https://x.com/undefined/status/1862515206691463621","1325019723520598017",
"1862515119290556748","Fri Nov 29 15:13:02 +0000 2024","0","ini alasan knp bisa liat gunung dari jalan layang tj koridor 13","1862515119290556748","","","in","","0","0","0","https://x.com/undefined/status/1862515119290556748","1466208117142659072",
"1862514447816040812","Fri Nov 29 15:10:22 +0000 2024","2","TNB ambil maklum mesej palsu yang tersebar di media sosial mengenai dakwaan pencawang letrik kat Gunung Tebu meletop dan telah menjejaskan bekalan elektrik di kawasan Besut. TNB ingin menjelaskan bahawa sebenarnya tiada pencawang elektrik di Gunung Tebu. https://t.co/FSGRiqvB2h","1862514447816040812","https://pbs.twimg.com/media/Gdj7BDXWoAEx930.jpg","","in","","0","1","7","https://x.com/undefined/status/1862514447816040812","96897111",
"1862513993384174081","Fri Nov 29 15:08:34 +0000 2024","0","kmrn dan hari ini pas berangkat kerja liat gunung salak jelas bgt gk pake kabut2.. berarti 2hari ini udara jakarta alhamdulillah bersih","1862513993384174081","","","in","","0","0","0","https://x.com/undefined/status/1862513993384174081","491939584",
"1862386409379893678","Fri Nov 29 15:08:22 +0000 2024","0","@ratnasekar @piotrj @nafasidn Jadi kaya korea gedung tinggi gunung cantik city light","1862513943685865965","","ratnasekar","in","","0","0","0","https://x.com/undefined/status/1862513943685865965","279301654",
"1862513567184167414","Fri Nov 29 15:06:52 +0000 2024","0","eh sumpah tadi ada gunung keliatan anjir dari flyover Daan mogot yg bahkan biasanya gedung gedung aja ngga keliatan skaung jeleknya udara ","1862513567184167414","","","in","","0","0","0","https://x.com/undefined/status/1862513567184167414","1445221141614710786",
"1862473526378471918","Fri Nov 29 15:06:27 +0000 2024","0","@yewnzun Yaudah pohon Cemara aja hyungg....naik gunung deh","1862513462343344550","","yewnzun","in","","0","1","0","https://x.com/undefined/status/1862513462343344550","1744993015339610112",
"1862513388485845159","Fri Nov 29 15:06:10 +0000 2024","0","Happy anniversary enhypen dri aku di atas gunung ENHYPEN OUR 4EVER HOME #사년동안_달려온_우리의_하이웨이 #Happy_4th_ENniversary #ENHYPEN祝デビュー４周年 #ENHYPEN #엔하이픈 @ENHYPEN_members @ENHYPEN https://t.co/BgaYvhFcdx","1862513388485845159","https://pbs.twimg.com/media/Gdj6Dh7WMAE96w5.jpg","","in","","0","0","0","https://x.com/undefined/status/1862513388485845159","1276368502346006529",
"1862513003545154005","Fri Nov 29 15:05:48 +0000 2024","2","@SussyJoe_08 Stay safe bro. Anginnya di gunung juga lagi ngeri tadi banyak hewan terbangan","1862513297310065085","","SussyJoe_08","in","","0","1","0","https://x.com/undefined/status/1862513297310065085","4029715574",
"1862513248500949499","Fri Nov 29 15:05:36 +0000 2024","0","ih sumpah bukan di jakarta tp di bekasi td pas turun stasiun lgsg kaget ada keliatan gunung norak bgt yaallah","1862513248500949499","","","in","","0","1","0","https://x.com/undefined/status/1862513248500949499","1324330342040285185",
"1862337683076603985","Fri Nov 29 15:05:25 +0000 2024","0","@MakiunarNoble Ini salah satu alesan kenapa suka naik gunung","1862513198576050279","","MakiunarNoble","in","","0","0","0","https://x.com/undefined/status/1862513198576050279","1696153984174567424",
"1862513180934906085","Fri Nov 29 15:05:20 +0000 2024","0","Struktur Kepengurusan PBSI Periode 2024-2028 Taufik Hidayat Dikabarkan Turun Gunung https://t.co/YG2pa7MRva","1862513180934906085","","","in","","0","0","0","https://x.com/undefined/status/1862513180934906085","79130206",
"1860638381660917936","Fri Nov 29 15:04:55 +0000 2024","0","@Jenhie Iya dong lihat aja sunbaenim ini pencapaiannya udah tinggi banget loh. Kebetulan ini gunung yang dikhususkan untuk orang bertapa nun jadi masih banyak orang 1 meter disebelah gue udah ada pak sumanto juga udah dr 2016 dia disini. Beneran itu gak lagi bohong deh 100% real","1862513075422953500","","Jenhie","in","","0","1","0","https://x.com/undefined/status/1862513075422953500","3438160139",
"1862512954501210485","Fri Nov 29 15:04:26 +0000 2024","0","ternyata rame dari jakarta keliatan gunung ini dari kelas lanang emang cuaca tadi pagi rasanya enak banget https://t.co/ME3Pjr9hyy","1862512954501210485","https://pbs.twimg.com/media/Gdj5qTAXoAAibkn.jpg","","in","","0","1","0","https://x.com/undefined/status/1862512954501210485","40882382",
"1862473200493633653","Fri Nov 29 15:04:25 +0000 2024","1","@edenpratamaa Hampir Wonogiri tapi masih dekat ke kota. Naik Bhatara Kresna kalau udah sampai wilayah Kecamatan Nguter Sukoharjo nanti kanan-kiri isinya hamparan sawah mas. Ke selatan lagi baru ada barisan gunung-gunungnya Wonogiri.","1862512949484769663","","edenpratamaa","in","","1","3","1","https://x.com/undefined/status/1862512949484769663","1119615502987304960",
"1862512597997871299","Fri Nov 29 15:03:01 +0000 2024","0","Aelahhhh om gongyoo turun gunung cuma 8 eps doang","1862512597997871299","","","in","","0","0","0","https://x.com/undefined/status/1862512597997871299","1656103071200710656",
"1862512353939800355","Fri Nov 29 15:02:03 +0000 2024","0","kalau abis patah hati enaknya tektokin berapa gunung?","1862512353939800355","","","in","","0","0","0","https://x.com/undefined/status/1862512353939800355","1855495341170376704",
"1862512167083556911","Fri Nov 29 15:01:19 +0000 2024","2","Simple kalo elu ngomong jujur aja bagong.. itu anak kucing lu ajak ngapain aja juga ayo.. mendaki gunung melewati lembah mengarungi samudera juga mau aja *tapi gendong*.. nanti dicari bareng2 cara nyelesaiinnya gimana Mig.. hadehhhhh remaja","1862512167083556911","","","in","","0","0","0","https://x.com/undefined/status/1862512167083556911","1571094661871308802",
"1862386409379893678","Fri Nov 29 15:00:55 +0000 2024","0","@piotrj @nafasidn bkn cm jakarta disinipun gunung biasanya g kliatan td pas jumatan keliatan jelas. kayanya efek hari pemilihan kemarin kan libur nasional banyak orang diem dirumah serempak. polusi udara berkurang","1862512068718731779","","piotrj","in","","0","0","0","https://x.com/undefined/status/1862512068718731779","154157910",
"1862511847389421608","Fri Nov 29 15:00:02 +0000 2024","0","ternyata gue liat gunung dari jalan raya bogor jam 10 pagi itu ga halu ya","1862511847389421608","","","in","","0","0","0","https://x.com/undefined/status/1862511847389421608","1384410384266788870",
"1862511281212989561","Fri Nov 29 14:57:47 +0000 2024","0","NAIK NAIK KE PUNCAK GUNUNG","1862511281212989561","","","in","","0","0","0","https://x.com/undefined/status/1862511281212989561","2758521615",
"1862511211574960371","Fri Nov 29 14:57:31 +0000 2024","0","Liat di reply lucu org jkt excited bisa liat gunung","1862511211574960371","","","in","","0","0","0","https://x.com/undefined/status/1862511211574960371","1011798977891536896",
"1862511182256775659","Fri Nov 29 14:57:24 +0000 2024","0","Pantesan gua bisa liat gunung pangarango dan gunung tangkuban perahu sejeas itu https://t.co/vn1MdzNlOV","1862511182256775659","https://pbs.twimg.com/media/Gdj4CWoWYAAePu-.jpg","","in","","0","0","0","https://x.com/undefined/status/1862511182256775659","3299536428",
"1862510921463341318","Fri Nov 29 14:56:22 +0000 2024","396","#EarthMix au ; ditinggal mantan di gunung © viewswlee https://t.co/Ipyqo347Bw","1862510921463341318","https://pbs.twimg.com/media/Gdj3zpbboAY75vo.jpg","","in","","8","2","59","https://x.com/undefined/status/1862510921463341318","1843570380331692032",
"1862510661202477459","Fri Nov 29 14:55:20 +0000 2024","0","fyp isinya vt orang party terus fakkkkk apakah ini pertanda aku harus turun gunung setelah urusan kerjaan beres??????","1862510661202477459","","","in","","0","1","0","https://x.com/undefined/status/1862510661202477459","1687131876425863169",
"1862352225739448381","Fri Nov 29 14:55:05 +0000 2024","0","@orchdlrst kecil bgt gunung nya","1862510598262858103","","maryamatmarini","in","","0","0","0","https://x.com/undefined/status/1862510598262858103","1081742312202371077",
"1862170513113841902","Fri Nov 29 14:55:04 +0000 2024","0","@objxct pengen naik gunung lagi ih","1862510594286596575","","objxct","in","","0","0","0","https://x.com/undefined/status/1862510594286596575","4505978719",
"1862510577547190630","Fri Nov 29 14:55:00 +0000 2024","0","Plisss kalo gunung lagi keliatan tuh kek berasa ademmmm bgt","1862510577547190630","","","in","","0","0","0","https://x.com/undefined/status/1862510577547190630","1413091434748473352",
"1862493418410439054","Fri Nov 29 14:54:46 +0000 2024","2","@gina_vivu umi itu abu vulkanik gunung mana?","1862510520575959066","","gina_vivu","in","","0","0","0","https://x.com/undefined/status/1862510520575959066","1107278033281404928",
"1862505978723541184","Fri Nov 29 14:54:19 +0000 2024","0","@mjkparker emng ada gunung apa","1862510406197289040","","mjkparker","in","","0","1","0","https://x.com/undefined/status/1862510406197289040","1381490914229559296",
"1862504273898287361","Fri Nov 29 14:50:54 +0000 2024","0","@721O4 Kamu tidak sabar ya mendaki gunung lewati lembah.","1862509548466221563","","721O4","in","","0","0","0","https://x.com/undefined/status/1862509548466221563","1435900726295687172",
"1862386409379893678","Fri Nov 29 14:50:25 +0000 2024","1","@5ght4it @ratnasekar @piotrj @nafasidn Kalo langit lagi cerah &amp; polusi sedikit dr utara jakarta juga keliatan itu gnung gede sma gunung salak (asal tempat tinggi ya misal gedung). Mkanya dr zaman belanda lukisan pelabuhan batavia pasti latarnya gunung itu.. Prnah jg mbak sya liat dr flyover senen yg arah ke salemba","1862509423874515054","","","in","","0","1","0","https://x.com/undefined/status/1862509423874515054","384049949",
"1862509174586056976","Fri Nov 29 14:49:25 +0000 2024","1","di daerah solo keliatan pemukiman rumah-rumah yg ada di gunung sepanjang jalan pulang sekolah terkagum2 aslii ","1862509174586056976","","","in","","0","1","0","https://x.com/undefined/status/1862509174586056976","1801931080385306624",
"1862506807195050120","Fri Nov 29 14:49:07 +0000 2024","0","@_araaahere Bagi gue terbiasa yut lari gue sanggup ampe 30km seminggu jangankan turun gunung. Cuma kata JALANIN AJA DULU yg ga sanggup WOWKWOK ","1862509098077700263","","dprrra1","in","","0","1","0","https://x.com/undefined/status/1862509098077700263","1175436703823040513",
"1862386409379893678","Fri Nov 29 14:48:34 +0000 2024","4","@ratnasekar @piotrj @nafasidn Wah keren gunung salak sampe keliatan.. ","1862508958596178090","","ratnasekar","in","","0","0","0","https://x.com/undefined/status/1862508958596178090","1718939610838097920",
"1862508777968394464","Fri Nov 29 14:47:51 +0000 2024","0","aku kok tadi pagi ga liat pemandangan gunung di jekardaah yaa huuuh pdhal aku berangkat udh terpagi dalam sejarah hidupku jam 6 udh di mrt sampe ngerasa pekerja keras bgt akutu walaupun ujungnya sakit kepala","1862508777968394464","","","in","","0","0","0","https://x.com/undefined/status/1862508777968394464","60185193",
"1862508741150875719","Fri Nov 29 14:47:42 +0000 2024","0","Gue jadi Key pulang syuting healing di gunung sih capek banget kayaknya hard carry","1862508741150875719","","","in","","0","0","0","https://x.com/undefined/status/1862508741150875719","91288790",
"1862493995529904495","Fri Nov 29 14:46:50 +0000 2024","6","@adriansyahyasin coba Pakuwon kerjasama ama Fairpoint (Gunung Sewu) bikin jembatan Revo PMB","1862508522338230363","","adriansyahyasin","in","","0","1","0","https://x.com/undefined/status/1862508522338230363","1061495997849755650",
"1862187458643087521","Fri Nov 29 14:46:42 +0000 2024","0","@draftext Betul abu vulkanik dapat membahayakan penerbangan karena bisa merusak mesin pesawat terutama pada turbin. Oleh karena itu pesawat dilarang terbang saat gunung meletus untuk mencegah kecelakaan.","1862508491845599310","","draftext","in","","0","0","0","https://x.com/undefined/status/1862508491845599310","1819776453640388608",
"1862386409379893678","Fri Nov 29 14:46:02 +0000 2024","0","@piotrj @nafasidn Pantas pagi hari ini naik motor dari flyover Rawabuaya arah ke Walikota/Mall Puri (Arah ke selatan) gunung gede keliatan jelas. Sayang banget lupa di foto ","1862508322735440363","","piotrj","in","","0","0","0","https://x.com/undefined/status/1862508322735440363","384049949",
"1862320089900753387","Fri Nov 29 14:45:35 +0000 2024","14","@UusRsd Sama2 turun gunung di DKJ Abah bikin mukidi KO dan Parte Keranjang Sampah modar di ronde 1. https://t.co/IUu4KWl67W","1862508209057276226","https://pbs.twimg.com/media/Gdj1WHmX0AAm8lH.jpg","UusRsd","in","","0","0","0","https://x.com/undefined/status/1862508209057276226","468252538",
"1862508035245318281","Fri Nov 29 14:44:53 +0000 2024","0","TRS INI GW MILIH DI GUNUNG JAIH DARI PERADABAN","1862508035245318281","","","in","","0","0","0","https://x.com/undefined/status/1862508035245318281","1301169637279719425",
"1862352225739448381","Fri Nov 29 14:44:12 +0000 2024","0","@orchdlrst indahnya pemandangan dari puncak gunung","1862507862381273332","","maryamatmarini","in","","0","0","0","https://x.com/undefined/status/1862507862381273332","1826201671908896768",
"1862507166168752624","Fri Nov 29 14:41:26 +0000 2024","0","Dari rumah kamu kelihatan pemandangan Gunung Salak nggak?","1862507166168752624","","","in","","0","0","0","https://x.com/undefined/status/1862507166168752624","2834985456",
"1862347253589189101","Fri Nov 29 14:41:10 +0000 2024","0","@Ccookk_ Pernah ngobrol sama mas mas yang mau baik gunung di semarang Udah ngobrol panjang sampe ke cuti dan lain nya Tapi ga nanya nama nya siapa ","1862507098984395053","","Ccookk_","in","","0","0","0","https://x.com/undefined/status/1862507098984395053","173120540",
"1862506807195050120","Fri Nov 29 14:40:50 +0000 2024","0","@dutakayang_ kalo turun gunung tiap hari berdoa aja semoga kakinya ga pake koyo","1862507012304822775","","dutakayang_","in","","0","1","0","https://x.com/undefined/status/1862507012304822775","1374324898449920003",
"1862506879685206151","Fri Nov 29 14:40:18 +0000 2024","0","Tadi pagi gunung ungaran bagus bgt anjritttt","1862506879685206151","","","in","","0","0","0","https://x.com/undefined/status/1862506879685206151","1562701174452948994",
"1862483848774508946","Fri Nov 29 14:40:17 +0000 2024","0","@kdrama_menfess Betull.. para senior pada turun gunung","1862506877625713103","","kdrama_menfess","in","","0","0","0","https://x.com/undefined/status/1862506877625713103","1438022551712657412",
"1862341208330445190","Fri Nov 29 14:40:05 +0000 2024","0","@decemberprime @txtdrjkt mirip gunung lawu kalo diliat dr sebelah barat","1862506825129820431","","decemberprime","in","","0","0","0","https://x.com/undefined/status/1862506825129820431","1401030532553592837",
"1862506807195050120","Fri Nov 29 14:40:01 +0000 2024","1","Takutnya kl turun gunung tiap hari nanti mereka naksir sungguhan WOWKOWK","1862506807195050120","","","in","","0","1","0","https://x.com/undefined/status/1862506807195050120","1175436703823040513",
"1862506314074923244","Fri Nov 29 14:39:48 +0000 2024","0","udah tuh siap siap jam 7 kurang 10an gt otw gatau langsung racing pokoknya siap-siap nya juga cepet aja bangun tidur langsung mandi untung ada air anget karena DINGIN BANGETTTT rumahku kaki gunung","1862506754803999063","","vivaladalah","in","","0","1","0","https://x.com/undefined/status/1862506754803999063","1813931816430280704",
"1862068556407648297","Fri Nov 29 14:39:10 +0000 2024","0","@NenkMonica Sama2 turun gunung di DKJ Abah bikin mukidi KO di ronde 1....","1862506596620017999","","SlamyHwa","in","","0","0","0","https://x.com/undefined/status/1862506596620017999","468252538",
"1862506429988622773","Fri Nov 29 14:38:31 +0000 2024","0","(bali guy unhooking your bra) waktu gunung agung meletus nenekku jalan kaki cuk ke negare","1862506429988622773","","","in","","0","0","0","https://x.com/undefined/status/1862506429988622773","1291588688028168192",
"1862505985891606763","Fri Nov 29 14:36:59 +0000 2024","0","Warung Kopi Gunung dari sederet tempat nongki di Jalan Raya Tangkuban Perahu kayanya ini yg paling spacious tp juga serame itu bahkan hrs waiting list di peak hours. ada 3 area yg bisa dipilih buat duduk yg paling enak mungkin di area balkon yg lgsg menghadap ke hutan pinus https://t.co/GJtgBans7l","1862506043726864738","https://pbs.twimg.com/media/GdjzVJTWoAA12OB.jpg","aufanasdq","in","","0","1","0","https://x.com/undefined/status/1862506043726864738","325478408",
"1862352225739448381","Fri Nov 29 14:35:34 +0000 2024","0","@orchdlrst disurabaya tuh jg ada gunung kecil","1862505688637096317","","maryamatmarini","in","","0","0","0","https://x.com/undefined/status/1862505688637096317","1366887700855332864",
"1862497918369816828","Fri Nov 29 14:33:35 +0000 2024","0","@undipmfs Aku ada barang gunung kak bisa disewa harga murmer aja","1862505191150690528","","undipmfs","in","","0","0","0","https://x.com/undefined/status/1862505191150690528","1795987885994414080",
"1848009557932687723","Fri Nov 29 14:31:55 +0000 2024","46","7. Kebiasaan kalo ngetik suka kepisah gitu dah si abang gunung ini https://t.co/004x7PCkGx","1862504770109677749","https://pbs.twimg.com/media/Gdjx2gdXAAAZ4iZ.jpg","Dulseunghan","in","","1","1","0","https://x.com/undefined/status/1862504770109677749","1180415374413615104",
"1862504731551441009","Fri Nov 29 14:31:46 +0000 2024","0","naik naik kepuncak gunung gunungnya besar sekali","1862504731551441009","","","in","","0","0","0","https://x.com/undefined/status/1862504731551441009","1262028602159161346",
"1862386409379893678","Fri Nov 29 14:31:36 +0000 2024","0","@piotrj @nafasidn Di bandung juga bagus bgt cuacanya. Enak bs liat gunung gunung dr deket rumah. Biasanya butek https://t.co/qAdhQjAvLw","1862504690262712496","https://pbs.twimg.com/ext_tw_video_thumb/1862504654153637888/pu/img/bV2VOrVHbh3vFz7T.jpg","piotrj","in","","0","0","0","https://x.com/undefined/status/1862504690262712496","363721817",
"1862504297373868248","Fri Nov 29 14:30:02 +0000 2024","0","INI BENERAN GUNUNG KANNNNNN https://t.co/jkD2LTYWej","1862504297373868248","https://pbs.twimg.com/media/GdjxxzvWMAAqNDu.jpg","","in","","0","0","0","https://x.com/undefined/status/1862504297373868248","398630848",
"1862504262351429914","Fri Nov 29 14:29:54 +0000 2024","0","kemaren liat gunung https://t.co/q2gv9kGGTX","1862504262351429914","https://pbs.twimg.com/media/Gdjxv8xWAAAJ8bF.jpg","","in","","0","0","0","https://x.com/undefined/status/1862504262351429914","1317869263143591936",
"1862461808273236323","Fri Nov 29 14:29:23 +0000 2024","7","@cerisrou @pandariawan @mycterizans @irwndfrry Ceritanya aku lagi sakit gigi pas makrab dilereng gunung merapi kan jauh dari apotek tempatnya malam jam 9an pula dah aku teriak2 aja buat ngalihin rasa sakit eh malah dikira kesurupan. Kubablasin aja actingku dgn meranug. Alhamdulillah dapat pijitan bakso &amp; teh anget ","1862504133066203405","","cerisrou","in","","0","0","0","https://x.com/undefined/status/1862504133066203405","1747860093386063872",
"1862504007337697757","Fri Nov 29 14:28:53 +0000 2024","0","gunung ap nie https://t.co/tr5F8ArcSK","1862504007337697757","https://pbs.twimg.com/media/GdjxhgoWkAAsotS.jpg","","tl","","0","0","0","https://x.com/undefined/status/1862504007337697757","1385838311495725056",
"1862503478205300802","Fri Nov 29 14:26:47 +0000 2024","0","Dulu sekitar 1 dekade atau 2 dekade yang lalu penampakan siluet 2 gunung dari jalan tol atas sekitar rawamangun jatinegara kp. Melayu masih keliatan jelas tiap pagi. Selalu jadi pertanyaan buat gue yang masih anak sd waktu itu kenapa di kota bisa ada gunung ","1862503478205300802","","","in","","0","0","0","https://x.com/undefined/status/1862503478205300802","1371068396897398787",
"1862352225739448381","Fri Nov 29 14:25:42 +0000 2024","0","@orchdlrst inimah batu besar bukan gunung","1862503207110680619","","maryamatmarini","in","","0","0","0","https://x.com/undefined/status/1862503207110680619","1347069552836808704",
"1862493783998546279","Fri Nov 29 14:25:04 +0000 2024","0","@Rosalinda_22end @ViantyTJP Hahaha kangen tau mak anak onlinemu ini tak kira mak cocom lgi semedi di gunung eh gak taunya diem2 buat akun baru..aahhh peluk jauh buat mak cocom ","1862503045659337022","","","in","","0","0","0","https://x.com/undefined/status/1862503045659337022","1432328146808803335",
"1862503042933039263","Fri Nov 29 14:25:03 +0000 2024","0","goOd luck penempatan di jatengnyaa Z! meskipun aku bner bener sakit hati sm kamu tp gapapa udah ku maafin jugaa hehe. jaga diri baik baikk di sanaa. semoga dengan kamu di jateng km bisa explore gunung-gunung yg udah jadi wishlist kamu","1862503042933039263","","","in","","0","0","0","https://x.com/undefined/status/1862503042933039263","1068115600168218626",
"1862352225739448381","Fri Nov 29 14:23:23 +0000 2024","0","@orchdlrst Kecil banget ya gunung nya","1862502622290485663","","maryamatmarini","in","","0","0","0","https://x.com/undefined/status/1862502622290485663","1444541782654533633",
"1862476512794223098","Fri Nov 29 14:23:20 +0000 2024","0","@rindobu yang penting gunung","1862502607908217176","","rindobu","in","","0","0","0","https://x.com/undefined/status/1862502607908217176","1364380882757246978",
"1862395138926158106","Fri Nov 29 14:22:41 +0000 2024","0","@delfiayolanda Seperti melihat puncak gunung","1862502448323281344","","delfiayolanda","in","","0","0","0","https://x.com/undefined/status/1862502448323281344","1735513822562320384",
"1862502185508249920","Fri Nov 29 14:21:39 +0000 2024","0","2 hari ini kalo berangkat gawe udah keliatan gunung lagi biasanya boro2","1862502185508249920","","","in","","0","0","0","https://x.com/undefined/status/1862502185508249920","2239443944",
"1862433521341800568","Fri Nov 29 14:21:26 +0000 2024","0","@sonorousbaddie ohhh yaa anjir jelas kalo latar nya ke indo2an. gw gapernah baca yg jenis kyk gituu (keindo2an) soalnya simply emng di korea atau yaudah aja sekedar nyebut city places kyk rs kantor pantai gunung tanpa nyebut lokasinya dimana","1862502130466324665","","mademekyeom","in","","0","0","0","https://x.com/undefined/status/1862502130466324665","1250305661037973507",
"1861985045965406572","Fri Nov 29 14:20:22 +0000 2024","0","@zakiberkata min ini kenapa daerah gunung ungaran bagian kendal anginnya kenceng bgt yak sampe pohon genteng pada roboh. fenomena apa","1862501862689448440","","zakiberkata","in","","0","0","0","https://x.com/undefined/status/1862501862689448440","1538196142617694208",
"1862501732456227302","Fri Nov 29 14:19:51 +0000 2024","0","Beberapa hari ini langit kayak bersih banget gak sih. Gunung merapi merbabu keliatan jelas. Lawu doang yg malu2. Enak bgt pagi2 udah syahdu. Tp barkui overthinking meh enek opo iki ","1862501732456227302","","","in","","0","1","0","https://x.com/undefined/status/1862501732456227302","76833212",
"1862501530097848741","Fri Nov 29 14:19:03 +0000 2024","0","CT ARSA Foundation Bangun Rumah Inspirasi di Gunung Leutik Bogor https://t.co/oG8RIeTvmr","1862501530097848741","","","in","","0","0","0","https://x.com/undefined/status/1862501530097848741","847372542830444544",
"1862499864246198390","Fri Nov 29 14:17:51 +0000 2024","0","@ShiruShiru23 Ayang?! Yang bener aja? Itu di gunung yaangg","1862501229387260213","","ShiruShiru23","in","","0","1","0","https://x.com/undefined/status/1862501229387260213","1457363279802556419",
"1862501162580402517","Fri Nov 29 14:17:35 +0000 2024","0","Boleh ngga gue pilih pengen ke gunung kidul dlu??","1862501162580402517","","","in","","0","0","0","https://x.com/undefined/status/1862501162580402517","114093775",
"1862352225739448381","Fri Nov 29 14:16:45 +0000 2024","0","@orchdlrst baru tau itu gunung","1862500954438082916","","maryamatmarini","in","","0","0","0","https://x.com/undefined/status/1862500954438082916","1625375131110641669",
"1862500827795268086","Fri Nov 29 14:16:15 +0000 2024","0","Salah satu yg bikin betah di kantor ini walaupun agak jauh perjalanannya tapi disuguhin view lanskap gunung yang cakep dan clearrrrr banget apalagi kalau abis hujan huhu sayang tadi pagi ga sempet foto karena udah hectic sama kerjaan","1862500827795268086","","","in","","0","0","0","https://x.com/undefined/status/1862500827795268086","2208815694",
"1862500777790775712","Fri Nov 29 14:16:03 +0000 2024","2","bah besar kali gunung sibuatanmu hasian","1862500777790775712","","","in","","0","2","0","https://x.com/undefined/status/1862500777790775712","1364391736177430533",
"1862497509043839208","Fri Nov 29 14:15:29 +0000 2024","0","@capybardut pas kabisat doang buka hp sisanya motoran dr puncak ke gunung fuji","1862500634811089225","","capybardut","in","","0","1","0","https://x.com/undefined/status/1862500634811089225","1233775944013209600",
"1862352225739448381","Fri Nov 29 14:13:15 +0000 2024","0","@orchdlrst hah demi apa itu beneran gunung kah","1862500072946376719","","maryamatmarini","in","","0","0","0","https://x.com/undefined/status/1862500072946376719","1075363035995267072",
"1862500015333347699","Fri Nov 29 14:13:01 +0000 2024","0","Indikator udara bersih di daerah w ya gunung tu keliatan. Biasanya ga keliatan sm sekali https://t.co/cvWhu7vEDk","1862500015333347699","https://pbs.twimg.com/media/Gdjt5JaW0AAFKXy.jpg","","in","","0","0","0","https://x.com/undefined/status/1862500015333347699","977445899361124352",
"1862499921326461148","Fri Nov 29 14:12:39 +0000 2024","99","Ojo nggolek masalah mbe mhs menuju minggu 16 cah mereka saiki prinsip e lagi gunung bromo gunung kelud","1862499921326461148","","","in","","3","7","41","https://x.com/undefined/status/1862499921326461148","823095761067851777",
"1862499895787364638","Fri Nov 29 14:12:33 +0000 2024","0","Jual Rumah Kartini Gunung Sahari Sawah Besar Jakarta Pusat #jualrumahkar... https://t.co/dzAoT9Zg0m via @YouTube","1862499895787364638","","","in","","0","0","0","https://x.com/undefined/status/1862499895787364638","318898501",
"1862499881161826761","Fri Nov 29 14:12:29 +0000 2024","0","Jd hari ini ad fenomena langit Jkt bs lihat Gunung Salak n Gunung Gede ya? Emg gmn sehari² gabisa?","1862499881161826761","","","in","","0","0","0","https://x.com/undefined/status/1862499881161826761","4118619673",
"1862457773469978696","Fri Nov 29 14:10:04 +0000 2024","3","@convomf Beneran keliatan ko dlu pas aku SMP aja dari Tangerang keliatan gunung nya","1862499271314219063","","convomf","in","","0","0","0","https://x.com/undefined/status/1862499271314219063","1123513074097352705",
"1862499102849995016","Fri Nov 29 14:09:24 +0000 2024","7","Gini aku teh lembur yakk yg satu ngajak daki gunung di Kala yang satu ngajak naik wahana baru di Nusav &amp; yang satunya RP keluarga di WIRP arwahnya 1 doang iniii","1862499102849995016","","","in","","0","1","0","https://x.com/undefined/status/1862499102849995016","1828815950432661504",
"1862498985753419894","Fri Nov 29 14:08:56 +0000 2024","0","teddy bear masi gamau turun gunung yh","1862498985753419894","","","in","","0","1","0","https://x.com/undefined/status/1862498985753419894","1306881417058504714",
"1862498238974271876","Fri Nov 29 14:07:12 +0000 2024","0","@kwonbeani Aduh maaf ya chagy oppa tim pergih ke gunung","1862498548191043711","","jangnayourg","in","","0","0","0","https://x.com/undefined/status/1862498548191043711","1302814911593021441",
"1862498518117847499","Fri Nov 29 14:07:04 +0000 2024","0","hari ini naik lrt pas pagi liat pemandangan adem banget️ gunung keliatan jelas juga. andaikan tiap hari begini","1862498518117847499","","","in","","0","0","0","https://x.com/undefined/status/1862498518117847499","1390670370609373184",
"1862386409379893678","Fri Nov 29 14:06:38 +0000 2024","6","@tigapedang @piotrj @nafasidn Wah ternyata dari Jakarta keliatan juga ya. Kalo di tempatku (Bogor) itu rumah rumah di gunung nya sampe keliatan kalo indah banget ya dunia","1862498408155815959","","tigapedang","in","","0","0","0","https://x.com/undefined/status/1862498408155815959","1592575775818928129",
"1862486839233585207","Fri Nov 29 14:06:31 +0000 2024","0","@anyuuuen oh yg lewat wira wiri gunung anyar ya... bejir...","1862498376828559852","","anyuuuen","in","","0","1","0","https://x.com/undefined/status/1862498376828559852","1277137836810985472",
"1862498260373709230","Fri Nov 29 14:06:03 +0000 2024","0","Masih ada pesugihan ga si? Atau biasanya di gunung lawu ntu tp ternyata gunung lawu pemandangannya bagus bgt ga ada apa2 kok keknya keliatannya","1862498260373709230","","","in","","0","0","0","https://x.com/undefined/status/1862498260373709230","1355638410",
"1862498088356913236","Fri Nov 29 14:05:22 +0000 2024","0","pantes tadi pagi kliatan gunung kayakkkk tumben","1862498088356913236","","","in","","0","0","0","https://x.com/undefined/status/1862498088356913236","1158634116423667712",
"1862308469589823642","Fri Nov 29 14:05:14 +0000 2024","0","@aidenxvx mau ke gunung kerakatau","1862498056945770780","","aidenxvx","in","","0","0","0","https://x.com/undefined/status/1862498056945770780","783882470",
"1862498010581942340","Fri Nov 29 14:05:03 +0000 2024","1","Bukan gunung tp langitnya lg bagus https://t.co/TAa8Kq01hh","1862498010581942340","https://pbs.twimg.com/media/GdjsD8SboAAtw0b.jpg","","in","","0","0","0","https://x.com/undefined/status/1862498010581942340","1259012485631234048",
"1862341208330445190","Fri Nov 29 14:04:52 +0000 2024","7","@risetioz @txtdrjkt Sebelah kiri gunung gede sebelah kanan gunung salak.","1862497960631968152","","risetioz","in","","0","0","0","https://x.com/undefined/status/1862497960631968152","774880456290349056",
"1862386409379893678","Fri Nov 29 14:03:55 +0000 2024","0","@piotrj @typorini @nafasidn Tadi pagi bisa lihat gunung karang dari Bintaro. Berasa gimana gitu ","1862497725587365979","","piotrj","in","","0","0","0","https://x.com/undefined/status/1862497725587365979","87380623",
"1862492798857224553","Fri Nov 29 14:03:53 +0000 2024","0","@Ynuar_ gw tuh suka gunung","1862497714963194305","","Ynuar_","in","","0","0","0","https://x.com/undefined/status/1862497714963194305","1684564285228466176",
"1862497412922974313","Fri Nov 29 14:02:41 +0000 2024","0","Tapi kalau ke gunung aku nggak berani sendirian ","1862497412922974313","","","in","","0","0","0","https://x.com/undefined/status/1862497412922974313","342690344",
"1862496499860742456","Fri Nov 29 14:00:56 +0000 2024","1","@tira_mis_u_ Artiss kita udah turun gunung","1862496973594763448","","tira_mis_u_","in","","0","1","0","https://x.com/undefined/status/1862496973594763448","1309654958883528704",
"1862496801649258646","Fri Nov 29 14:00:15 +0000 2024","5","Cobalah ke gunung telomoyo lewat jalur pendakian bukan jalur kendaraan. Jalurnya mantep Vegetasinya rapet Viewnya cakep https://t.co/hZtpBMc1FY","1862496801649258646","https://pbs.twimg.com/media/Gdjo1KSXYAAwevq.jpg","","in","","1","2","0","https://x.com/undefined/status/1862496801649258646","1517640815816081409",
"1862359547857576311","Fri Nov 29 14:00:11 +0000 2024","0","@Yangziaoao Wkwkwkk bikin gregetan yg ada ya kak Dulu aku masih ngikutin nonton misteri gunung merapi angling darma dll nya seruuu","1862496783597019650","","ilusiakhir","in","","0","1","0","https://x.com/undefined/status/1862496783597019650","1156893232468393984",
"1862496666445836756","Fri Nov 29 13:59:43 +0000 2024","0","Pantesan tadi jalan menuju st harjamukti keliatan gunung. Cuma ngebatin cerah banget hari ini. Eh ternyata emang lagi bersih ya udaranya.","1862496666445836756","","","in","","0","0","0","https://x.com/undefined/status/1862496666445836756","1866512647",
"1862496663014900132","Fri Nov 29 13:59:42 +0000 2024","0","Bukan jakarta tapi jalan raya bogor ini kalo dah lewat kostrad cilodong pemadangannya langsung gunung salak https://t.co/shBYWAbAW6","1862496663014900132","https://pbs.twimg.com/media/Gdjq1uNboAUNyXk.jpg","","in","","0","0","0","https://x.com/undefined/status/1862496663014900132","1247696736207826944",
"1862496569419079934","Fri Nov 29 13:59:20 +0000 2024","0","pengen naik gunung","1862496569419079934","","","in","","0","1","0","https://x.com/undefined/status/1862496569419079934","1532382385081585664",
"1862446790857171400","Fri Nov 29 13:57:43 +0000 2024","0","@inijolie Ada noh gunung sahari cek aja di maps","1862496162332512746","","inijolie","in","","0","0","0","https://x.com/undefined/status/1862496162332512746","1917308257",
"1862490083850686543","Fri Nov 29 13:57:38 +0000 2024","0","@avprsn @Dzawinur akk dh gda tiktok jd gtw yg suka nntangin setan di gunung dik xixixi","1862496141138698535","","","in","","0","0","0","https://x.com/undefined/status/1862496141138698535","2473411724",
"1862496122713120929","Fri Nov 29 13:57:33 +0000 2024","0","sumpah dijalan tuh gunung banyak keliatan bagus bgt","1862496122713120929","","","in","","0","0","0","https://x.com/undefined/status/1862496122713120929","74993466",
"1862486017816904071","Fri Nov 29 13:56:14 +0000 2024","0","@SFT00YJ @SFT02DONGYUN Menangisi harapan orang tua yang setinggi gunung","1862495791736398085","","yejihwanp","in","","0","1","0","https://x.com/undefined/status/1862495791736398085","1160180665859444737",
"1862483758290723027","Fri Nov 29 13:54:12 +0000 2024","0","@vavivovuve gas gunung","1862495279234318485","","vavivovuve","in","","0","0","0","https://x.com/undefined/status/1862495279234318485","3181323229",
"1862495276545843527","Fri Nov 29 13:54:12 +0000 2024","0","Tiap hujan tuh wifiku gada sinyal apa gara2 rumahku melewati gunung di sisi lembah","1862495276545843527","","","in","","0","0","0","https://x.com/undefined/status/1862495276545843527","1467004756879020032",
"1862495267289014468","Fri Nov 29 13:54:09 +0000 2024","1","Barisan gunung pun keliatan https://t.co/N0t3baG6y6","1862495267289014468","https://pbs.twimg.com/media/GdjpkUbXgAAwROc.jpg","","in","","0","0","0","https://x.com/undefined/status/1862495267289014468","3256504825",
"1862464078297608197","Fri Nov 29 13:54:01 +0000 2024","0","@aghsa12345 Di gunung","1862495231490629860","","aghsa12345","in","","0","0","0","https://x.com/undefined/status/1862495231490629860","1314943446868660226",
"1862477044879433851","Fri Nov 29 13:53:16 +0000 2024","0","@blccknights Ke coffee shop sih kak yang di daerah gunung tapi","1862495042251915479","","blccknights","in","","0","0","0","https://x.com/undefined/status/1862495042251915479","121625332",
"1862495037797670961","Fri Nov 29 13:53:15 +0000 2024","1","memotret jakarta dan gunung dari kuningan jaksel lantai 58 https://t.co/ZDbgSikZXw","1862495037797670961","https://pbs.twimg.com/media/GdjpW6AXIAAtQCf.jpg","","in","","0","0","0","https://x.com/undefined/status/1862495037797670961","821364763267477509",
"1862352225739448381","Fri Nov 29 13:53:02 +0000 2024","0","@orchdlrst hah gunung dimana itu?","1862494983196184681","","maryamatmarini","in","","0","0","0","https://x.com/undefined/status/1862494983196184681","522011897",
"1862369953929969929","Fri Nov 29 13:52:14 +0000 2024","0","@alconicho Gunung tidur makan yang manis2","1862494781500436911","","rebecqaa","in","","0","0","0","https://x.com/undefined/status/1862494781500436911","1811611940910940160",
"1862386409379893678","Fri Nov 29 13:50:56 +0000 2024","0","@piotrj @nafasidn asli cuy tadi naik motor keliatan gunung","1862494457482158329","","piotrj","in","","0","0","0","https://x.com/undefined/status/1862494457482158329","1065584655099879424",
"1862352225739448381","Fri Nov 29 13:49:01 +0000 2024","0","@orchdlrst Ga butuh waktu lama dong yaa kalau mau muncak ke gunung ini","1862493974197633330","","maryamatmarini","in","","0","0","0","https://x.com/undefined/status/1862493974197633330","1558101535170605057",
"1862464847574966692","Fri Nov 29 13:48:26 +0000 2024","0","@sipanniee itu gunung masyaAllah","1862493828772737186","","sipanniee","in","","0","0","0","https://x.com/undefined/status/1862493828772737186","1439112240318222337",
"1862493554649743803","Fri Nov 29 13:47:21 +0000 2024","0","Seneng hr ini cerah ceria wlwpn saltum. Pas berangkat kerja eh ko ada gunungnya. Selama ini tu gunung selalu ketutupan awan Pas plg jg langitnya cerahseneng g liat jalanan basah. Tiap liat jalanan basah ini licin ini licin g boleh ngebut alhasil smp rumah 1.5 jam wkwk","1862493554649743803","","","in","","0","0","0","https://x.com/undefined/status/1862493554649743803","79652601",
"1862417608160813393","Fri Nov 29 13:47:09 +0000 2024","2","@JoJoDevanata Airin kan mantu bukan anak langsung bang coba anak langsung bisa all in keluarga besar turun gunung bang dok....... ngaoahahahahhahahahaha ibarat mantu mah bisa jadi mantan kalo anak kan kaga.","1862493503181517151","","JantunGPiisanG","in","","0","0","0","https://x.com/undefined/status/1862493503181517151","1460053902674464770",
"1862489716169601210","Fri Nov 29 13:45:43 +0000 2024","0","@amoregemini di sana gunung di sini gunung","1862493141879988487","","amoregemini","tl","","0","0","0","https://x.com/undefined/status/1862493141879988487","1800831296408817664",
"1862492861624684865","Fri Nov 29 13:44:36 +0000 2024","0","jends saran makan malam di area jl. gunung slamet dong sender gaada motor dan lagi males DO","1862492861624684865","","","in","","0","0","0","https://x.com/undefined/status/1862492861624684865","1855834355165544448",
"1862492641403052103","Fri Nov 29 13:43:43 +0000 2024","0","1. Maen hiking naek gunung 2. Event lari tiap bulan 3. Kulineran 4. Game Nintendo Switch Baik2 deh dompet......","1862492641403052103","","","in","","0","0","0","https://x.com/undefined/status/1862492641403052103","551651073",
"1862337683076603985","Fri Nov 29 13:43:15 +0000 2024","0","@MakiunarNoble jdi pgn naik gunung","1862492521718587897","","MakiunarNoble","in","","0","0","0","https://x.com/undefined/status/1862492521718587897","1168767015009452032",
"1862492505046139110","Fri Nov 29 13:43:11 +0000 2024","0","Pantesan banyak yg upload foto jakarta dngn background gunung gede pangrango ","1862492505046139110","","","in","","0","0","0","https://x.com/undefined/status/1862492505046139110","1679045026633121792",
"1862492377791045676","Fri Nov 29 13:42:40 +0000 2024","0","Seiring bertambahnya usia aku gak pingin lagi naik gunung karena sadar diri nanjak cuapekkk. Aku pingin camping pinggir danau pinggir sungai di dataran tinggi asal gak perlu jalan kaki wkkwkw. I love camping so badly.","1862492377791045676","","","in","","0","0","0","https://x.com/undefined/status/1862492377791045676","157628827",
"1862488878625824892","Fri Nov 29 13:42:37 +0000 2024","0","@SekarJayanti07 Di artikan dalam pemilu dan Pilkada. Yang kurus daya rusak hebat .. padahal badan kerempeng kurus... walaupun makan koyok gunung merapi liat nya.","1862492363824013788","","","in","","0","0","0","https://x.com/undefined/status/1862492363824013788","1705475303571861504",
"1862492352583278792","Fri Nov 29 13:42:34 +0000 2024","0","Hari ini emang mantep gunung dari kuningan aja keliatan ga panas tapi ga dingin juga jadi adem aja gitu bawaannya","1862492352583278792","","","in","","0","0","0","https://x.com/undefined/status/1862492352583278792","2256119810",
"1862440504480367084","Fri Nov 29 13:40:10 +0000 2024","0","@malochiro gengsinya EMG suka Segede kabupaten gunung kidul","1862491746544099746","","malochiro","in","","0","0","0","https://x.com/undefined/status/1862491746544099746","1366887700855332864",
"1862386409379893678","Fri Nov 29 13:39:40 +0000 2024","0","@piotrj @nafasidn setahun tuh bisa diitung gunung salak sm gunung gede munculnya. pov dari ccm bogor https://t.co/88RGsHvZ5B","1862491622547890421","https://pbs.twimg.com/media/GdjmP57XAAA6TaT.jpg","piotrj","in","","0","0","0","https://x.com/undefined/status/1862491622547890421","1248244225365250049",
"1862386409379893678","Fri Nov 29 13:38:57 +0000 2024","0","@piotrj @nafasidn Asli sih jakarta tadi pagi lagi bagus bgt sampe di flyover pasar rebo keliatan gunung salak","1862491440246661509","","piotrj","in","","0","0","0","https://x.com/undefined/status/1862491440246661509","1750413466131922944",
"1862491408084738352","Fri Nov 29 13:38:49 +0000 2024","0","Nanti kalo denger lagunya lagi udh bukan vlog naik gunung doang tapi keinget ibu2 poundfit","1862491408084738352","","","in","","0","0","0","https://x.com/undefined/status/1862491408084738352","840884457473101824",
"1862466701457334506","Fri Nov 29 13:38:18 +0000 2024","0","@txtdrimedia Untuk kami warga lereng gunung Merapi 10.000 sdh dapat nasi+ sayur+ ikan bisa di ganti telur atau ayam","1862491277721575538","","txtdrimedia","in","","0","0","0","https://x.com/undefined/status/1862491277721575538","1468832562004983808",
"1862352225739448381","Fri Nov 29 13:37:58 +0000 2024","0","@orchdlrst ternyata ada gunung yang kecil ya","1862491191650242564","","maryamatmarini","in","","0","0","0","https://x.com/undefined/status/1862491191650242564","1735513822562320384",
"1862459075318948011","Fri Nov 29 13:37:44 +0000 2024","0","@daisysy97 @vvotanet Cat 7 di atas gunung ","1862491132409835887","","daisysy97","in","","0","0","0","https://x.com/undefined/status/1862491132409835887","1720644098976280576",
"1862488775747936771","Fri Nov 29 13:37:42 +0000 2024","0","@kururumiino Gunung Gede Pangrango itu dep yg sering muncul di langit Jakarta.","1862491127938785324","","kururumiino","in","","0","1","0","https://x.com/undefined/status/1862491127938785324","487399795",
"1862490969683501530","Fri Nov 29 13:37:05 +0000 2024","0","Situ Sedong terletak di Cirebon dengan pemandangan Gunung Ciremai untuk wisata akhir pekan bersama keluarga berikut selengkapnya. https://t.co/twXF7KF3gP","1862490969683501530","","","in","","0","0","0","https://x.com/undefined/status/1862490969683501530","454647489",
"1856619162619285964","Fri Nov 29 13:36:06 +0000 2024","0","@sunghoorc Nanti aku tumpengan nya diatas gunung fuji.","1862490725390368906","","Sungeoon","in","","0","1","0","https://x.com/undefined/status/1862490725390368906","1202882150862733312",
"1862490612077072421","Fri Nov 29 13:35:39 +0000 2024","0","Yep hari ini enak banget.. Anginnya enak gunung keliatan langit biru","1862490612077072421","","","in","","0","0","0","https://x.com/undefined/status/1862490612077072421","757516396154675200",
"1862490268223905885","Fri Nov 29 13:34:19 +0000 2024","0","TAPI tbtb bgt nih hari ini ada orang dateng katanya adek gue nyewa tenda buat ke gunung wilis tgl 25 november DIMANA adek gue tuh tanggal segitu DIRUMAH trs disini tuh HUJAN. LAGIAN adek gue tuh lagi musim ujian di sekolah. NGAPAIN jg ke GUNUNG ANJIR? ga akan blh jg sm mak gw","1862490273248592288","","erdbeerenx","in","","0","1","0","https://x.com/undefined/status/1862490273248592288","1412357475303510020",
"1862490098354593882","Fri Nov 29 13:33:37 +0000 2024","0","Pantesan pada foto foto trnyata beneran ada gunung wkwkwk","1862490098354593882","","","in","","0","0","0","https://x.com/undefined/status/1862490098354593882","1755298176003903488",
"1862490052112392603","Fri Nov 29 13:33:26 +0000 2024","0","Langit jakarta biru dengan gunung. Enaknya dikasih backsound apa? https://t.co/NUGJGaOofR https://t.co/ZoOkzZBUWt","1862490052112392603","https://pbs.twimg.com/ext_tw_video_thumb/1862489547021430784/pu/img/0RXAuR3-Ml8EWDVu.jpg","","in","","0","0","0","https://x.com/undefined/status/1862490052112392603","1093748394042875904",
"1862484386371051877","Fri Nov 29 13:33:16 +0000 2024","0","@keposetiapsaat aku sebelum ini punya sendal gunung eiger udah dipake ke beberapa gunung ttp awet ka","1862490010798395713","","keposetiapsaat","in","","0","1","0","https://x.com/undefined/status/1862490010798395713","1445563708273430533",
"1862386409379893678","Fri Nov 29 13:32:41 +0000 2024","0","@piotrj @nafasidn Iyaaaaaa kaget dikit bisa liat gunung pangrango sama gunung salak","1862489864404623588","","piotrj","in","","0","0","0","https://x.com/undefined/status/1862489864404623588","1214617946",
"1862489644459597990","Fri Nov 29 13:31:49 +0000 2024","0","ini sih kayak di gunung abis ujan ta?","1862489644459597990","","","in","","0","1","0","https://x.com/undefined/status/1862489644459597990","185988731",
"1862489622754033819","Fri Nov 29 13:31:44 +0000 2024","0","udah lama banget sih ini dari jendela sekolah kalo nyampenya pagi banget masih bisa liat gunung https://t.co/nHWk4vic6L","1862489622754033819","https://pbs.twimg.com/media/GdjkcR4W8AAIGK4.jpg","","in","","0","0","0","https://x.com/undefined/status/1862489622754033819","1594591194256138240",
"1862489019642519916","Fri Nov 29 13:29:20 +0000 2024","0","Gunung ","1862489019642519916","","","in","","0","0","0","https://x.com/undefined/status/1862489019642519916","1486898091051851778",
"1862415209723494894","Fri Nov 29 13:28:09 +0000 2024","0","@fxbulous naik gunung g si kak","1862488721548783871","","fxbulous","in","","0","0","0","https://x.com/undefined/status/1862488721548783871","1539875816049238016",
"1862488390379417905","Fri Nov 29 13:26:50 +0000 2024","0","Sekalipun dagingku dan hatiku habis lenyap Gunung Batuku dan bagianku Tetaplah Allah selama-lamanya. ️","1862488390379417905","","","in","","0","0","0","https://x.com/undefined/status/1862488390379417905","1844757412236181504",
"1862488281797337524","Fri Nov 29 13:26:24 +0000 2024","0","Pantes pagi2 keliatan gunung","1862488281797337524","","","in","","0","0","0","https://x.com/undefined/status/1862488281797337524","366007736",
"1862488225144873132","Fri Nov 29 13:26:10 +0000 2024","0","lrt harjamukti tuh bagus bgt bisa keliatan gunung kalo hujan beuh dinginnya g main2","1862488225144873132","","","in","","0","0","0","https://x.com/undefined/status/1862488225144873132","914000307423547392",
"1862487760839614508","Fri Nov 29 13:24:20 +0000 2024","1","gunung sahari tah?","1862487760839614508","","","in","","0","0","0","https://x.com/undefined/status/1862487760839614508","3262590254",
"1862487265039327398","Fri Nov 29 13:22:21 +0000 2024","0","Takpelah... Hilir ke pekan membeli mangkuk Mangkuk pecah patah berdesik; Gunung intan tersinggung merajuk Jantung hatinya tetap sayang 'Deisik' (@day6official). -improvised from Kurik Kundi Merah Saga Status: masih merajuk #day6inKL","1862487265039327398","","","in","","0","0","0","https://x.com/undefined/status/1862487265039327398","1330768237294809089",
"1862266057815466044","Fri Nov 29 13:21:47 +0000 2024","5","@msaid_didu Bye - bye gunung emas https://t.co/UfPO1llgij","1862487119433986479","https://pbs.twimg.com/media/GdjiKhpXcAATpWQ.jpg","msaid_didu","tl","","0","1","3","https://x.com/undefined/status/1862487119433986479","1746757021863714816",
"1862386409379893678","Fri Nov 29 13:21:41 +0000 2024","0","@piotrj @nafasidn Gak ada gunung tp gapernah secerah ini kalo lagi jogging panas tp sejuk udaranya mataharinya tuh yg enak kena badan jd hangat gituuu susah jelasinnya wkwk https://t.co/OvKsrffHaH","1862487096495415322","https://pbs.twimg.com/media/GdjiIhrWgAAdjY3.jpg","piotrj","in","","0","0","0","https://x.com/undefined/status/1862487096495415322","2990429226",
"1862144268254708079","Fri Nov 29 13:21:18 +0000 2024","0","@sosmedkeras Untuk yang tercantum di lauh Mahfudz semoga mau jadi anak traveler yakk tau banyak tempat kalau ngga ya anak gunung lah yang mau ngajak muncak atau ngecamp","1862486998004674666","","sosmedkeras","in","","0","0","0","https://x.com/undefined/status/1862486998004674666","1266364007813754886",
"1862486590435860729","Fri Nov 29 13:19:41 +0000 2024","0","Oalah ternyata emang baru keliatan ya? Pantesan baru 3 bulan pindah ke depok baru sadar keliatan gunung dari rumah..","1862486590435860729","","","in","","0","0","0","https://x.com/undefined/status/1862486590435860729","1428926477479813125",
"1862486497917874686","Fri Nov 29 13:19:19 +0000 2024","0","Tahniah kepada Team Hot FM KJ AG Fafau &amp; Johan atas kejayaan menawan puncak Gunung Kinabalu dan mencipta rekod bersiaran langsung selama 24 jam! Kami bangga menjadi sebahagian daripada detik istimewa ini. #menatesteakhub #hotfm https://t.co/7FjLeKPmcj","1862486497917874686","https://pbs.twimg.com/media/Gdjhl_bXMAARbRx.jpg","","in","","0","0","0","https://x.com/undefined/status/1862486497917874686","860469046499696640",
"1862412267356086654","Fri Nov 29 13:17:32 +0000 2024","0","@AndiBae168 @Dennysiregar7 Nyalinya hrs sebesar gunung Semeru dulu ","1862486052885369296","","AndiBae168","in","","0","0","0","https://x.com/undefined/status/1862486052885369296","1496365791281057796",
"1862485248128557507","Fri Nov 29 13:16:46 +0000 2024","1","@PaceCrypto Wangsit gunung Kawi","1862485856059261194","","PaceCrypto","tl","","0","0","0","https://x.com/undefined/status/1862485856059261194","2277590815",
"1862485840448122946","Fri Nov 29 13:16:42 +0000 2024","1","Happy 300 show buat oshiku siji sijine @C_OnielJKT48 Semoga lancar terus ya sampai show 400 500 600 dst.. Tetap menjadi sumber energi buat seluruh umat manusia ya! JALAN JALAN KE GUNUNG MELETUS ILOVE YOU TIGA RATUS #WaktunyaOniel301Show #TunasDiBalikSeragamJKT48 https://t.co/aB8f03Yfnw","1862485840448122946","https://pbs.twimg.com/media/Gdjg-5pboAEUmwx.jpg","","in","","0","0","0","https://x.com/undefined/status/1862485840448122946","1368961945701740544",
"1861632171255177687","Fri Nov 29 13:15:58 +0000 2024","0","@Byeom Ini lagi mendaki gunung Bromo yaaa kakak? ","1862485655219315051","","Byeom","in","","0","1","0","https://x.com/undefined/status/1862485655219315051","533318800",
"1862484651761340870","Fri Nov 29 13:13:15 +0000 2024","0","@allforjnjm Mas mas bule sedang menurunkan gengsi yg setinggi gunung everest itu","1862484971405156548","","","in","","0","0","0","https://x.com/undefined/status/1862484971405156548","1730565872463511552",
"1861792724594405607","Fri Nov 29 13:13:05 +0000 2024","0","@yogi_bintoro @merapi_uncover udu gunung tidar kui mas","1862484931777298792","","yogi_bintoro","in","","0","1","0","https://x.com/undefined/status/1862484931777298792","1146859789248450560",
"1862484534379573634","Fri Nov 29 13:11:30 +0000 2024","0","ini gunung apa yaa? gunung sahari kayanya https://t.co/MUJXVqGgT2","1862484534379573634","https://pbs.twimg.com/media/GdjfzX2W8AABjC7.jpg","","in","","0","0","0","https://x.com/undefined/status/1862484534379573634","1233010915760427009",
"1862405893822062839","Fri Nov 29 13:11:28 +0000 2024","0","@Jacquellyn_Ch banget wkwkwk tanah nya aga lantai menurun makanya view nya keliatan jelas karena aga diatas kampus ku di kaki gunung wkwk","1862484525449978067","","Jacquellyn_Ch","in","","0","0","0","https://x.com/undefined/status/1862484525449978067","1282723243976126465",
"1862341208330445190","Fri Nov 29 13:10:28 +0000 2024","0","@txtdrjkt pdhl jakarta mah emg keliatan gunung gunung sahari","1862484273372209355","","txtdrjkt","in","","0","0","0","https://x.com/undefined/status/1862484273372209355","1153595143183712257",
"1862483783804756459","Fri Nov 29 13:08:32 +0000 2024","0","2. truss ada hal yg akan gw inget trus deh tp ga random waktu itu gue mau ngedaki event sekolah kan ni ramean. trus ada 2 laki org asing blg ngapain ke gunung bawa cewe? gtgt dah ngeremehinn kek emang yakin bisa gaakan sampe puncak susah bawa cewe dll. ( )","1862483786883375618","","hayewho","in","","0","1","0","https://x.com/undefined/status/1862483786883375618","1296322093726892033",
"1862437174945489074","Fri Nov 29 13:07:00 +0000 2024","0","@yourminegirls gunung bromo gunung kelud","1862483398545351131","","laporajadeh","in","","0","1","0","https://x.com/undefined/status/1862483398545351131","1170411341804273664",
"1862352225739448381","Fri Nov 29 13:06:57 +0000 2024","0","@orchdlrst Wah baru tau ada gunung ini","1862483387908595919","","maryamatmarini","in","","0","0","0","https://x.com/undefined/status/1862483387908595919","1345354156844859392",
"1862483387271061748","Fri Nov 29 13:06:57 +0000 2024","0","Gue sampe lupa kalo gunung salak itu dulu sering keliatan dari tol jagorawi sekarang ga pernah liat lagi","1862483387271061748","","","in","","0","0","0","https://x.com/undefined/status/1862483387271061748","601714250",
"1862352225739448381","Fri Nov 29 13:06:46 +0000 2024","0","@orchdlrst rill definisi GUNUNG gunung","1862483341406347443","","maryamatmarini","in","","0","0","0","https://x.com/undefined/status/1862483341406347443","1555086817296150529",
"1862483279410339850","Fri Nov 29 13:06:31 +0000 2024","0","semalam redah hujan harini sejuk je manjang air mandi pun macam kat gunung sejuk dia rasa macam nak demam mat ","1862483279410339850","","","in","","0","1","0","https://x.com/undefined/status/1862483279410339850","244908205",
"1862483274796605553","Fri Nov 29 13:06:30 +0000 2024","0","Baru kali ini liat Gunung di Tol arah Cawang. https://t.co/zC7Q2EoJO9","1862483274796605553","https://pbs.twimg.com/ext_tw_video_thumb/1862483212791853057/pu/img/aFYs8HAPvgHUYQg4.jpg","","in","","0","0","0","https://x.com/undefined/status/1862483274796605553","1312504118",
"1862352225739448381","Fri Nov 29 13:06:27 +0000 2024","0","@orchdlrst Kalau berulang ulang naik turun bilangnya udah sering naik gunung","1862483262649901536","","maryamatmarini","in","","0","0","0","https://x.com/undefined/status/1862483262649901536","105428309",
"1862386409379893678","Fri Nov 29 13:06:17 +0000 2024","0","@strongpowrthnks @piotrj @nafasidn Rilll sampe ada gunung cuy","1862483221570805983","","strongpowrthnks","in","","0","0","0","https://x.com/undefined/status/1862483221570805983","1186982402033246208",
"1862483171608293486","Fri Nov 29 13:06:06 +0000 2024","0","knp ya pengen naik gunung trs","1862483171608293486","","","in","","0","1","0","https://x.com/undefined/status/1862483171608293486","1275477263853608960",
"1861260081465340054","Fri Nov 29 13:05:35 +0000 2024","0","@TAJ01SUYUN kayanya harus betapa di puncak gunung everest","1862483043250053219","","SS00NAGYUNG","in","","0","0","0","https://x.com/undefined/status/1862483043250053219","1543610281070567424",
"1862483031313064326","Fri Nov 29 13:05:32 +0000 2024","5","Kalau gak karena sepedahan keknya gak bakal pernah tau ada kabupaten Sukoharjo di Jawa Tengah dan lewat sini seru banget sejauh mata memandang kelihatannya sawah doang sama gunung keren banget!","1862483031313064326","","","in","","0","2","0","https://x.com/undefined/status/1862483031313064326","181883907",
"1862147099627855896","Fri Nov 29 13:05:18 +0000 2024","0","@funkisscsme emg slah ya sama sama gunung","1862482971372265975","","funkisscsme","in","","0","1","0","https://x.com/undefined/status/1862482971372265975","703911054984638465",
"1862466109041254513","Fri Nov 29 13:05:11 +0000 2024","0","@casyizhuo bayangin foto gunung salju kmrin itu lokasi syutingnya hahaha sumpah lumis pada asbun asbun","1862482941177471279","","casyizhuo","in","","0","1","0","https://x.com/undefined/status/1862482941177471279","1388093072660045826",
"1862412815019188580","Fri Nov 29 13:04:52 +0000 2024","0","@echachaa__ Gak ke gunung kawi mba?","1862482863301828677","","echachaa__","in","","0","0","0","https://x.com/undefined/status/1862482863301828677","1088800692205117440",
"1862352225739448381","Fri Nov 29 13:04:29 +0000 2024","0","@orchdlrst oalah itu gunung jir","1862482766480515452","","maryamatmarini","in","","0","0","0","https://x.com/undefined/status/1862482766480515452","1298627580996640769",
"1862476512794223098","Fri Nov 29 13:04:02 +0000 2024","0","@muwiciro gunung kan itu","1862482655071322269","","muwiciro","in","","0","0","0","https://x.com/undefined/status/1862482655071322269","1364380882757246978",
"1862386409379893678","Fri Nov 29 13:03:38 +0000 2024","0","@piotrj @nafasidn Pantesan tadi keliatan gunung dari tangerang ","1862482552122220736","","piotrj","in","","0","0","0","https://x.com/undefined/status/1862482552122220736","1605821013971079168",
"1862386409379893678","Fri Nov 29 13:03:34 +0000 2024","0","@piotrj @nafasidn Karena musim hujan gak sih? Soalnya tempatku juga jam 1 siang gunung Merapi masih kelihatan padahal biasanya mentok lihat RS Indriati aja","1862482534036349186","","piotrj","in","","0","0","0","https://x.com/undefined/status/1862482534036349186","1742400523398234112",
"1862435369347948985","Fri Nov 29 12:46:22 +0000 2024","0","@YanGuning2 Rezeki emng datang dari mana aja misal rezeki lewat dari kak gunung ini","1862478207683108866","","YanGuning2","in","","0","0","0","https://x.com/undefined/status/1862478207683108866","1580598404966514688",
"1862382199120789717","Fri Nov 29 12:46:12 +0000 2024","0","@bangherikoswara Mantapks wali yu naik gunung salak lagi","1862478166167556554","","bangherikoswara","in","","0","0","0","https://x.com/undefined/status/1862478166167556554","1781649849496334336",
"1862341208330445190","Fri Nov 29 12:45:51 +0000 2024","0","@txtdrjkt Ini rill semua kah? Gunung betulan atau bantat gebang??","1862478077437387000","","txtdrjkt","in","","0","0","0","https://x.com/undefined/status/1862478077437387000","1608873161403293697",
"1862452316374540565","Fri Nov 29 12:45:15 +0000 2024","0","@jauhkhan Sujud bro suhu sudah turun gunung","1862477924471120219","","______far","in","","0","1","0","https://x.com/undefined/status/1862477924471120219","790948068166213632",
"1862477774591860892","Fri Nov 29 12:44:39 +0000 2024","5","sebutkan nama nama gunung di jakarta aq: Mountain Haryono","1862477774591860892","","","in","","0","3","0","https://x.com/undefined/status/1862477774591860892","781501194",
"1862477750667551243","Fri Nov 29 12:44:33 +0000 2024","0","dari kemarin jam 6-10 masih cerah gunung2 bahkan keliatan sampe gue shock ternyata jalanan legok mempunyai view gunung ","1862477750667551243","","","in","","0","1","0","https://x.com/undefined/status/1862477750667551243","1323311784279773184",
"1862449189852168641","Fri Nov 29 12:44:14 +0000 2024","0","@matchalathv kliatan gunung bantar gebang","1862477668845068610","","matchalathv","in","","0","0","0","https://x.com/undefined/status/1862477668845068610","1250352886371864576",
"1862477663035957302","Fri Nov 29 12:44:12 +0000 2024","0","Karena ROM adalah robot menurutku ke hutan bambu lebih bagus sih. Kalo mendaki gunung emangnya ROM kuat? Nanti baterainya cepet abis. Apalagi ke padang pasir kepanasan nanti mati baterainya. Hutan tropis juga yah kurang adem kayak bambu.","1862477663035957302","","","in","","0","1","0","https://x.com/undefined/status/1862477663035957302","1488149279428739077",
"1862465789737279893","Fri Nov 29 12:43:52 +0000 2024","1","@PineksoRoyi1 Tapi agak gerimis saat itu... Agak siang baru sedikit cerah lalu kabut lagi. Dan turun gunung basah kuyup kehujanan ","1862477580005515564","","PineksoRoyi1","in","","0","1","0","https://x.com/undefined/status/1862477580005515564","158660810",
"1862477371359863256","Fri Nov 29 12:43:03 +0000 2024","0","guys genuinely asking ini namanya gunung apa yaa adakah yang tau","1862477371359863256","","","in","","0","1","0","https://x.com/undefined/status/1862477371359863256","1086218726142140421",
"1862415238630613162","Fri Nov 29 12:42:49 +0000 2024","4","@kegblgnunfaedh Jangkrik tambah rame Ini pemerintah ga mau turun gunung apa biar ramai sekalian ","1862477314858394032","","kegblgnunfaedh","in","","0","1","0","https://x.com/undefined/status/1862477314858394032","1308116833",
"1862477308973785441","Fri Nov 29 12:42:48 +0000 2024","0","Mendaki gunung biar nanti pas di puncak langsung teriak MY TRIP MY ADVENTURE ","1862477308973785441","","","in","","0","0","0","https://x.com/undefined/status/1862477308973785441","870593299123392512",
"1862477266120532074","Fri Nov 29 12:42:38 +0000 2024","0","BISMILLAH MENDAKI GUNUNG","1862477266120532074","","","in","","0","0","0","https://x.com/undefined/status/1862477266120532074","3036311912",
"1861606188363981056","Fri Nov 29 12:41:31 +0000 2024","0","@Au_rinjani Emng Tinggal d desa itu enak..orng bnyk duit senengny pergi k pantai k gunung punya rumah d puncak ke sawah...","1862476985798373599","","Au_rinjani","in","","0","0","0","https://x.com/undefined/status/1862476985798373599","613293687",
"1862469362193723648","Fri Nov 29 12:40:22 +0000 2024","0","@rouvenoir Pst si gunung ya kan?","1862476698803216537","","rouvenoir","in","","0","0","0","https://x.com/undefined/status/1862476698803216537","3309421729",
"1862466251123302871","Fri Nov 29 12:40:05 +0000 2024","0","@aftertwenty0ne Eh ini lucu bgt anjir di jakarta mepet depok tiap liat gunung trs nanya gunung apa gunung salak ","1862476627772682749","","aftertwenty0ne","in","","0","1","0","https://x.com/undefined/status/1862476627772682749","1789637874692075520",
"1862476411531141392","Fri Nov 29 12:39:14 +0000 2024","0","Gunung apa sie yg keliatan emgny w kadang suka liat gunung kalo lwt becakayu","1862476411531141392","","","in","","0","0","0","https://x.com/undefined/status/1862476411531141392","2904214354",
"1862476071041737100","Fri Nov 29 12:37:53 +0000 2024","2","Alhamdulillah kk depan ada sungai kiri ada laut kanan ada gunung lengkap","1862476071041737100","","","in","","0","2","0","https://x.com/undefined/status/1862476071041737100","1258757805319712768",
"1862352225739448381","Fri Nov 29 12:37:14 +0000 2024","0","@orchdlrst Ternyata itu gunung yahh","1862475907027673410","","maryamatmarini","in","","0","0","0","https://x.com/undefined/status/1862475907027673410","155249567",
"1862475900346146975","Fri Nov 29 12:37:12 +0000 2024","0","EHHH IYAA TADI PAGI NGELIAT GUNUNG","1862475900346146975","","","in","","0","1","0","https://x.com/undefined/status/1862475900346146975","1210864852920438785",
"1862475804665683980","Fri Nov 29 12:36:49 +0000 2024","0","baru tau ada gunung lio di Brebes woiii","1862475804665683980","","","in","","0","0","0","https://x.com/undefined/status/1862475804665683980","1597150016891588609",
"1862352225739448381","Fri Nov 29 12:35:17 +0000 2024","0","@orchdlrst Wah baru tau ada gunung ini","1862475418789716314","","maryamatmarini","in","","0","0","0","https://x.com/undefined/status/1862475418789716314","3253838942",
"1862473396426350668","Fri Nov 29 12:34:40 +0000 2024","0","@lautberdialog Gunung gede eta","1862475261457179013","","lautberdialog","in","","0","0","0","https://x.com/undefined/status/1862475261457179013","1742950366520745984",
"1862475131395924114","Fri Nov 29 12:34:09 +0000 2024","0","jang ki yong main drama lg dong flis naik gunung mulu anjaayy ","1862475131395924114","","","in","","0","0","0","https://x.com/undefined/status/1862475131395924114","2299146368",
"1862475051024753127","Fri Nov 29 12:33:49 +0000 2024","0","Gunung sampe keliatan wkwkwkw","1862475051024753127","","","in","","0","0","0","https://x.com/undefined/status/1862475051024753127","1831554161311412224",
"1862364081233305666","Fri Nov 29 12:33:47 +0000 2024","0","@HabisNontonFilm Apresiasi sebesar nya kepada @fajarnugros karena bersedia mempekerjakan salah satu korban selamat dari erupsi gunung krakatau 1883 ","1862475039247048791","","HabisNontonFilm","in","","0","0","0","https://x.com/undefined/status/1862475039247048791","1701297042",
"1862474911614476775","Fri Nov 29 12:33:16 +0000 2024","0","Mendaki gunung lewati lembah~","1862474911614476775","","","in","","0","0","0","https://x.com/undefined/status/1862474911614476775","2763811297",
"1862381051462451494","Fri Nov 29 12:33:04 +0000 2024","54","@tanyarlfes Sepatu kesayangan wktu itu beli 800k baru 3x pakai jebol juga pas kerinjani haha sengaja gak ku cuci buat kenangan klo diriku pernah menginjak gunung tertinggi ke 3 di Indonesia https://t.co/iU9i660DVq","1862474861777756490","https://pbs.twimg.com/media/GdjXAnBXgAAvs70.jpg","tanyarlfes","in","","0","1","0","https://x.com/undefined/status/1862474861777756490","551783528",
"1862464811654955282","Fri Nov 29 12:32:58 +0000 2024","0","@aku_g_kaget_lae Semangat nabungnya kakk!! Semoga tabungannya setinggi gunung","1862474834254733584","","","in","","0","0","0","https://x.com/undefined/status/1862474834254733584","866247276955451393",
"1862474813845250069","Fri Nov 29 12:32:53 +0000 2024","1","sebenernya gunung yang keliatan dari jkt itu gunung apasi.. dari dulu bingung terus soal ini ","1862474813845250069","","","in","","0","0","0","https://x.com/undefined/status/1862474813845250069","1266780200592789504",
"1862386409379893678","Fri Nov 29 12:31:10 +0000 2024","0","@piotrj @nafasidn ihhh ikutan seneng liat jakarta hari ini sebersih itu udaranya bahkan bisa liat gunung last time i went to jakarta mau capture kesibukan jakarta di pagi hari malah tertutup kabut polusi ","1862474381223764459","","piotrj","in","","0","0","0","https://x.com/undefined/status/1862474381223764459","1294667894349946880",
"1862386409379893678","Fri Nov 29 12:30:51 +0000 2024","9","@piotrj @nafasidn yang bener aja keliatan beberapa gunung hari ini dari kantorku!? https://t.co/R2yhKyjyGo","1862474304614801515","https://pbs.twimg.com/media/GdjWgluWIAAWFCS.jpg","piotrj","in","","0","0","0","https://x.com/undefined/status/1862474304614801515","3252977299",
"1862474209387323646","Fri Nov 29 12:30:29 +0000 2024","0","berarti kalo keliatan gunung gini lagi bagus yaaa?? polusi udaranya gak terlalu tebel?","1862474209387323646","","","in","","0","0","0","https://x.com/undefined/status/1862474209387323646","1080055548899291137",
"1862470692811547058","Fri Nov 29 12:30:15 +0000 2024","0","@afterhyuk Wkwkwk mikirin jg dia msh kejebak di gunung apa engga","1862474151833084005","","afterhyuk","in","","0","0","0","https://x.com/undefined/status/1862474151833084005","1302397040509427712",
"1862373289580273956","Fri Nov 29 12:30:06 +0000 2024","0","@baajiingaan Skrng jadi lebih tau perihal gunung meletus","1862474111836201088","","baajiingaan","in","","0","0","0","https://x.com/undefined/status/1862474111836201088","1698333958860324864",
"1862341208330445190","Fri Nov 29 12:29:47 +0000 2024","0","@txtdrjkt itu gunung sumurbatu bukan si?","1862474036250652709","","txtdrjkt","in","","0","0","0","https://x.com/undefined/status/1862474036250652709","2342682894",
"1862473893677867397","Fri Nov 29 12:29:14 +0000 2024","0","Pantes dari tol dalam kota seksi utara (ancol) menuju barat (bandara) kalau nengok ke kiri (selatan) keliatan jelas gn. Salak -gn. Gede. Dari pantai terlihat gunung.","1862473893677867397","","","in","","0","0","0","https://x.com/undefined/status/1862473893677867397","42200413",
"1862352225739448381","Fri Nov 29 12:28:30 +0000 2024","0","@orchdlrst Apa Gunung itu sesungguhnya batu besar","1862473711707992066","","maryamatmarini","in","","0","0","0","https://x.com/undefined/status/1862473711707992066","1681317664550191106",
"1862031458719953095","Fri Nov 29 12:28:29 +0000 2024","0","@loyoteyus *manjat gunung bawa token listrik*","1862473708440625357","","loyoteyus","in","","0","1","0","https://x.com/undefined/status/1862473708440625357","1344868578680401920",
"1862457773469978696","Fri Nov 29 12:17:48 +0000 2024","29","@convomf Emg masih keliatan kok kalo lg sering ujan. Dr kemayoran aja kalo naik ke gedung tinggi beneran keliatan gunung. Tp emg langka soalnya lbih sering ketutup polusi.","1862471016951562496","","convomf","in","","0","0","0","https://x.com/undefined/status/1862471016951562496","1072571752654397440",
"1862465282201329802","Fri Nov 29 12:16:55 +0000 2024","0","@tantrardhtya sumpah moment langka dari dayak bisa liat gunung","1862470798101127304","","tantrardhtya","in","","0","0","0","https://x.com/undefined/status/1862470798101127304","1405504290135805952",
"1862470748893569456","Fri Nov 29 12:16:44 +0000 2024","0","aneh bgt liat gunung di jakarta","1862470748893569456","","","in","","0","0","0","https://x.com/undefined/status/1862470748893569456","725459846",
"1862341208330445190","Fri Nov 29 12:16:03 +0000 2024","0","@txtdrjkt Anjir gw uda negatif thinking Jakarta keliatan gunung. Ternyata beneran gunung keliatan dari Jakarta ","1862470577229058402","","txtdrjkt","in","","0","1","0","https://x.com/undefined/status/1862470577229058402","1230079034",
"1862470538507297277","Fri Nov 29 12:15:54 +0000 2024","1","2 hari ini keliatan gunung dari kantor!","1862470538507297277","","","in","","0","0","0","https://x.com/undefined/status/1862470538507297277","1211812164224208897",
"1862341208330445190","Fri Nov 29 12:15:23 +0000 2024","0","@txtdrjkt EIYA ANJJJ TADI GE GA FOTO PAS DI LRT TAPI LIAT GUNUNG FAKMENNN KEREN DAH LANGITNYA HARI INI","1862470412028060036","","txtdrjkt","in","","0","0","0","https://x.com/undefined/status/1862470412028060036","1854541382897328128",
"1862341208330445190","Fri Nov 29 12:14:28 +0000 2024","0","@bloomeryrose @txtdrjkt gunung gede kaa di bogor","1862470180938617115","","","in","","0","0","0","https://x.com/undefined/status/1862470180938617115","1066914056194338816",
"1862439871455105335","Fri Nov 29 12:14:17 +0000 2024","0","@solusitrnsport udah lama pas mau naik gunung","1862470132330897576","","solusitrnsport","in","","0","0","0","https://x.com/undefined/status/1862470132330897576","3097689204",
"1862467348013490496","Fri Nov 29 12:14:08 +0000 2024","0","@GIBOLofficial Turun gunung dulu bol mending ga usah nyari klub big five eropa aja dulu cari klub yg bisa beri dia menit bermain. Jangan ke asia dulu juga usianya masih muda nnti kaya dulu ke jepang cuman jdi ajang promosi klub doang","1862470096981303503","","GIBOLofficial","in","","0","0","0","https://x.com/undefined/status/1862470096981303503","3321255380",
"1862470095165169793","Fri Nov 29 12:14:08 +0000 2024","0","Pendakian Gunung Kerinci via Solsel bakal Dibuka Kembali Kabar baik bagi para pendaki yang sudah lama tidak menginjakan kakinya ke puncak Gunung Kerinci. Sebab jalur pendakian gunung dengan ketinggian 3.805 mdpl ini akan dibuka kembali via... https://t.co/037jzIxIUd","1862470095165169793","","","in","","0","0","0","https://x.com/undefined/status/1862470095165169793","270776229",
"1862373289580273956","Fri Nov 29 12:14:01 +0000 2024","0","@baajiingaan Benar-benar ngeri sih kalau gunung api udah meletus","1862470065121349908","","baajiingaan","in","","0","0","0","https://x.com/undefined/status/1862470065121349908","1589634772963188736",
"1862469990278123767","Fri Nov 29 12:13:43 +0000 2024","7","Wamen PU @dianakst_ menerima kunjungan Kepala @infobmkg Dwikorita Karnawati di Kantor Kementerian PU Jumat (29/11). Pertemuan ini membahas mitigasi bencana hidrometeorologi yang bertepatan dengan arus Nataru mitigasi gempa megathrust dan koordinasi penanganan Gunung Lewotobi. https://t.co/imJVZveEAE","1862469990278123767","https://pbs.twimg.com/media/GdjSjYpW8AA0SZp.jpg","","in","","0","4","0","https://x.com/undefined/status/1862469990278123767","179835283",
"1862469729987809329","Fri Nov 29 12:12:41 +0000 2024","0","Para wisatawan akan dipandu oleh instruktur berpengalaman yang memastikan semua peserta mengikuti prosedur keselamatan dengan baik. https://t.co/LDaQoYoESY","1862469729987809329","","","in","","0","0","0","https://x.com/undefined/status/1862469729987809329","1404018642",
"1862386409379893678","Fri Nov 29 12:12:09 +0000 2024","0","@piotrj @nafasidn Pantes hari ini bisa keliatan gunung salak","1862469594856005794","","piotrj","in","","0","0","0","https://x.com/undefined/status/1862469594856005794","515454364",
"1862341208330445190","Fri Nov 29 12:11:54 +0000 2024","1","@txtdrjkt Salam dari gunung yg lagi diliatin https://t.co/zlOasSzv5w","1862469532335710280","https://pbs.twimg.com/media/GdjSJNGXYAAVbDd.jpg","txtdrjkt","in","","0","0","0","https://x.com/undefined/status/1862469532335710280","1052795196",
"1862386409379893678","Fri Nov 29 12:11:53 +0000 2024","0","@piotrj @nafasidn pantes jakarta hari ini keliatan gunung","1862469529215148044","","piotrj","in","","0","0","0","https://x.com/undefined/status/1862469529215148044","858310271734960128",
"1862402686857220500","Fri Nov 29 12:11:46 +0000 2024","0","@waudira gengsinya setinggi gunung","1862469501679542559","","waudira","in","","0","0","0","https://x.com/undefined/status/1862469501679542559","2420744467",
"1862469347916357691","Fri Nov 29 12:11:10 +0000 2024","1","EH tp beneran sampe gunung2 keliatan dari kantor.. jd bagus bgt pemandangannya gedung2 tp gunung jg wkwk padahal biasanya putih doang karna polusi.. kenapa yah apa karna musim hujan?","1862469347916357691","","","in","","0","0","0","https://x.com/undefined/status/1862469347916357691","1184765551983263744",
"1862341208330445190","Fri Nov 29 12:11:00 +0000 2024","0","@thigiaga @txtdrjkt Gunung salak apa gunung gede yh ","1862469307537752194","","thigiaga","in","","0","0","0","https://x.com/undefined/status/1862469307537752194","1661643648",
"1862386409379893678","Fri Nov 29 12:10:52 +0000 2024","0","@arronax15 @piotrj @nafasidn Lagi badai di gunung bang","1862469273115070524","","arronax15","in","","0","0","0","https://x.com/undefined/status/1862469273115070524","1763988089188630528",
"1862381051462451494","Fri Nov 29 11:50:34 +0000 2024","0","@chaexogud @tanyarlfes kak ini aman g ya buat naik gunung pke sepatu gunung kakiku malah luka soalnya. trss pake uk brpp? soalnya setauku sizenya kecil ya?","1862464165086208149","","chaexogud","in","","0","1","0","https://x.com/undefined/status/1862464165086208149","1830267646853730305",
"1862352225739448381","Fri Nov 29 11:50:25 +0000 2024","0","@orchdlrst bisa termasuk gunung terkecil nggak sih","1862464127589130611","","maryamatmarini","in","","0","0","0","https://x.com/undefined/status/1862464127589130611","1110168280449208320",
"1862464017161437386","Fri Nov 29 11:49:59 +0000 2024","0","NOH KAN MAKANYA INI GUA NANYA SEJAK KAPAN JAKARTA ADA GUNUNG tp emg keliatan view nya biasanya gada anjr tbtb bgt lagi bersih gusi langitnya","1862464017161437386","","","in","","0","0","0","https://x.com/undefined/status/1862464017161437386","1431914592477671437",
"1862352225739448381","Fri Nov 29 11:49:36 +0000 2024","0","@orchdlrst nyempil gitu ya gunung nya","1862463923594961324","","maryamatmarini","in","","0","0","0","https://x.com/undefined/status/1862463923594961324","772867826625437696",
"1862341208330445190","Fri Nov 29 11:48:51 +0000 2024","0","@txtdrjkt Damn baru tau Jakarta ada gunung ","1862463733018370386","","txtdrjkt","in","","0","0","0","https://x.com/undefined/status/1862463733018370386","1766821204206424064",
"1862337683076603985","Fri Nov 29 11:48:39 +0000 2024","0","@MakiunarNoble Pengen banget ya Allah bisa liat awan gini diatas gunung","1862463681399071087","","MakiunarNoble","in","","0","0","0","https://x.com/undefined/status/1862463681399071087","1738775768711512064",
"1862463611152826566","Fri Nov 29 11:48:22 +0000 2024","0","Ketua umumnya sdh turun gunung berpasangan dgn putra mantan presiden terbaik menurut saya tapi tetap kalah. Aku sedih...aku sedih bangettt","1862463611152826566","","","in","","0","0","0","https://x.com/undefined/status/1862463611152826566","64671311",
"1862303095860203931","Fri Nov 29 11:47:29 +0000 2024","0","@woohyelicious ini wakakaaka disuruh gambar dia gambar 2 org manusya lg liatin gunung (yg satu kecil warna kuning)","1862463388569542673","","bluecurrentwave","in","","0","1","0","https://x.com/undefined/status/1862463388569542673","559217606",
"1862386409379893678","Fri Nov 29 11:47:11 +0000 2024","9","@piotrj @nafasidn View manggarai jam 6 pagi tadiadem keliatan gunung pula https://t.co/A9mzxQl1K0","1862463313885765916","https://pbs.twimg.com/media/GdjMeOWWkAA-RLK.jpg","piotrj","in","","0","1","1","https://x.com/undefined/status/1862463313885765916","967802557115412480",
"1862463258604744799","Fri Nov 29 11:46:58 +0000 2024","10","jakarta kalo gak polusi kren jg (ada gunung ges) https://t.co/qNrbEkemnw","1862463258604744799","https://pbs.twimg.com/media/GdjMdBAXgAAJglV.jpg","","in","","0","1","0","https://x.com/undefined/status/1862463258604744799","1535220984277368832",
"1862463191491793309","Fri Nov 29 11:46:42 +0000 2024","0","Bagus2 bgt tadi pagi gunung salak lg keliatan2 nya bgt tp gue mager potoin:(","1862463191491793309","","","in","","0","0","0","https://x.com/undefined/status/1862463191491793309","261719378",
"1862459314709176777","Fri Nov 29 11:45:28 +0000 2024","0","@naddior Aku prefer naik naik ke puncak gunung sih by","1862462880983261440","","naddior","in","","0","1","0","https://x.com/undefined/status/1862462880983261440","764013908050849792",
"1862318028689743969","Fri Nov 29 11:45:09 +0000 2024","0","@masucupppp anteng dan damai kayak gunung gede","1862462801874493742","","AnTeeRungKhuwad","in","","0","0","0","https://x.com/undefined/status/1862462801874493742","1433750119946473478",
"1862462570147586454","Fri Nov 29 11:44:14 +0000 2024","0","ini di alsut tapi sumpah tadi pagi juga gue liat gunung dari kaca apart gue pdhl sebelumnya gapernah keliatan anjir itu kek first timee","1862462570147586454","","","in","","0","0","0","https://x.com/undefined/status/1862462570147586454","1308308480202215425",
"1862462510429086124","Fri Nov 29 11:44:00 +0000 2024","0","ih iyaa td pagi w naik motor langit cerah keliatan gunung","1862462510429086124","","","in","","0","0","0","https://x.com/undefined/status/1862462510429086124","1292836462572969984",
"1862462479160479800","Fri Nov 29 11:43:52 +0000 2024","0","ada yg tau legenda gunung sahari?","1862462479160479800","","","in","","0","0","0","https://x.com/undefined/status/1862462479160479800","852098294998118400",
"1862462453885673753","Fri Nov 29 11:43:46 +0000 2024","0","baru tau jakarta keliatan gunung woi","1862462453885673753","","","in","","0","0","0","https://x.com/undefined/status/1862462453885673753","1456465498938306560",
"1862437515694944258","Fri Nov 29 11:43:02 +0000 2024","1","@WhyteKrys99 yang penting gunung dan orang kasmaran spill dong wattpad apa tuh?? ","1862462269487194434","","WhyteKrys99","in","","0","1","0","https://x.com/undefined/status/1862462269487194434","1331502672",
"1862462080198283743","Fri Nov 29 11:42:17 +0000 2024","0","Pokoknya kalau gunung di bogor kelihatan itu udara bagus","1862462080198283743","","","in","","0","0","0","https://x.com/undefined/status/1862462080198283743","871653446369263616",
"1862386409379893678","Fri Nov 29 11:42:14 +0000 2024","0","@piotrj @nafasidn Pantes waktu gw ke bogor tuh gunung indah banget dilihat","1862462066294235597","","piotrj","in","","0","0","0","https://x.com/undefined/status/1862462066294235597","925330291870142465",
"1862461745857777785","Fri Nov 29 11:40:57 +0000 2024","0","KAANNNN 2 HARI INI NGELIAT GUNUNG PAS LEWAT KEMAYORAN","1862461745857777785","","","in","","0","0","0","https://x.com/undefined/status/1862461745857777785","1685499454022193152",
"1862341208330445190","Fri Nov 29 11:40:53 +0000 2024","0","@physicarm @txtdrjkt pakaah ini gunung salak","1862461728673735082","","physicarm","in","","0","0","0","https://x.com/undefined/status/1862461728673735082","1192629132548435968",
"1862386409379893678","Fri Nov 29 11:40:35 +0000 2024","0","@EgarAutoReview @piotrj @nafasidn itu gunung apa kak","1862461653797020012","","EgarAutoReview","in","","0","1","0","https://x.com/undefined/status/1862461653797020012","1167932180665749505",
"1862378689528570149","Fri Nov 29 11:40:21 +0000 2024","0","@moraelx Gue mau naek gunung aja deh yaa","1862461593667477572","","moraelx","in","","0","0","0","https://x.com/undefined/status/1862461593667477572","1816790423291199492",
"1862352225739448381","Fri Nov 29 11:39:38 +0000 2024","0","@orchdlrst Loh itu gunung kirain cuma bebatuan","1862461413526315108","","maryamatmarini","in","","0","0","0","https://x.com/undefined/status/1862461413526315108","1046807754",
"1862455208124850575","Fri Nov 29 11:39:04 +0000 2024","0","@byeonmirae antara mendaki gunung atau tidur tu org","1862461272899690997","","byeonmirae","in","","0","0","0","https://x.com/undefined/status/1862461272899690997","1667227376819015680",
"1862461056427372877","Fri Nov 29 11:38:56 +0000 2024","0","21 Desember 2024 - Glor10us Journey di Timsar Futsal Land Sukoharjo - (IG)srs.fest 22 Desember 2024 - Rockin Surabaya 2024 di Lap. Bhumi Marinir Gunung Sari - (IG)mangatagroup 27 Desember 2024 - Ceremonasi 2024 di Pegasus Speed Track Circuit Magelang - (IG)ceremonasi","1862461238032441507","","TCATT_YK","in","","0","1","0","https://x.com/undefined/status/1862461238032441507","542570106",
"1862341208330445190","Fri Nov 29 11:38:30 +0000 2024","2","@txtdrjkt gunung jis https://t.co/fLZxU2A8Nm","1862461126505898286","https://pbs.twimg.com/media/GdjKhXhWkAAlFnb.jpg","txtdrjkt","in","","0","0","0","https://x.com/undefined/status/1862461126505898286","597060566",
"1862460970045698355","Fri Nov 29 11:37:52 +0000 2024","2","Ini antara emang style hikun yg bagus apa mba Jo suka style cowok motor sama cowo gunung TAPI kali ini aku suka style hikun sih Dari pada yg kemarin wkwkkw https://t.co/9wVazvUC80","1862460970045698355","https://pbs.twimg.com/media/GdjKXSkWcAAubmT.jpg","","in","","0","2","0","https://x.com/undefined/status/1862460970045698355","1628416598859202560",
"1862460641602367771","Fri Nov 29 11:37:13 +0000 2024","0","Abis itu gue tidur jam 3 sampe subuh tau gak mimpi apa mimpi sunami cok serem bgt ya allah trs gw tergopoh2 sambil bawa kucing lari ke gunung","1862460806593749195","","annisarfz","in","","0","1","0","https://x.com/undefined/status/1862460806593749195","1337435249974775809",
"1862460792823849295","Fri Nov 29 11:37:10 +0000 2024","0","ni gunung di pala gw ni jd jarjit gw anjg","1862460792823849295","","","in","","0","0","0","https://x.com/undefined/status/1862460792823849295","1678915098117820416",
"1862458589342048676","Fri Nov 29 11:37:03 +0000 2024","0","Lukisan ini pak Putu buat secara En Plein Air/ on the spot dengan objek Gunung Merapi","1862460762163392541","","cutetapikasep","in","","0","0","0","https://x.com/undefined/status/1862460762163392541","1474048537964937218",
"1862439346076622878","Fri Nov 29 11:35:53 +0000 2024","21","@cecikiciw Jd usogi mau jalan2 liat gunung sm someone yg warnanya kuning. Pdhl kan bisa pake warna pink klo emg buat cew yh knp hrs kuning yg identik sama... nganu. aduh takut ngmngnya","1862460467719151669","","","in","","0","0","0","https://x.com/undefined/status/1862460467719151669","1805929181941051392",
"1862460457522798649","Fri Nov 29 11:35:50 +0000 2024","0","Bener sih kaget juga dari Karawang bisa liat gunung-gunung di arah Selatan ","1862460457522798649","","","in","","0","0","0","https://x.com/undefined/status/1862460457522798649","150206211",
"1862132888428539905","Fri Nov 29 11:34:43 +0000 2024","0","@bajrul liat ni gambar jadi keinget salah satu cerpen di majalah bobo dia tentang tiga orang naik gunung gitu terus ilang","1862460175892062503","","bajrul","in","","0","0","0","https://x.com/undefined/status/1862460175892062503","1243569019384258561",
"1862457773469978696","Fri Nov 29 11:33:37 +0000 2024","1","@convomf Sebelum covid dr fly over tn. Abang aja sering keliatan gunung cmn pas ada gedung baru jd ketutupan","1862459898883448936","","convomf","in","","0","0","0","https://x.com/undefined/status/1862459898883448936","240989908",
"1862459722051592441","Fri Nov 29 11:32:55 +0000 2024","1","pantes gunung tadi keliatan https://t.co/6FREY6jxfV","1862459722051592441","https://pbs.twimg.com/media/GdjJPYYXUAAZr0v.jpg","","in","","0","0","0","https://x.com/undefined/status/1862459722051592441","1080705120495521792",
"1862459698651537459","Fri Nov 29 11:32:49 +0000 2024","0","Pantesan td pagi ada siluet gunung salak ternyata lagi bersih gessss","1862459698651537459","","","in","","0","0","0","https://x.com/undefined/status/1862459698651537459","780078764424245248",
"1862341208330445190","Fri Nov 29 11:32:23 +0000 2024","0","@txtdrjkt gunung sahari","1862459590748827864","","txtdrjkt","in","","0","0","0","https://x.com/undefined/status/1862459590748827864","3198591650",
"1862459538936668379","Fri Nov 29 11:32:11 +0000 2024","4","Imigran kadrun: setelah kami memiliki kekuatan (di parlemen jerman) kami akan melemparkan kaum homo dari atas gunung Homo jerman: ini pasti cuma propaganda kaum kristen kulit putih! Luar biasa. Benar2 luar biasa","1862459538936668379","","","in","","0","0","0","https://x.com/undefined/status/1862459538936668379","1223179827814887425",
"1862459391334916181","Fri Nov 29 11:31:36 +0000 2024","0","Inget banget dulu kalo di gedung sekolah lantai 4 suka sewaktu-waktu keliatan gunung....pasti langsung excited. Ternyata hari ini juga banyak yang liattt","1862459391334916181","","","in","","0","0","0","https://x.com/undefined/status/1862459391334916181","1180163126336966657",
"1862459229694828891","Fri Nov 29 11:30:57 +0000 2024","0","Pagi tadi langitnya cerah banget liat gunung kayak 4K abis. Aku sampe heran.","1862459229694828891","","","in","","0","1","0","https://x.com/undefined/status/1862459229694828891","782028295013445632",
"1862099747663983070","Fri Nov 29 11:28:45 +0000 2024","0","@evraelo kalo gua suruh naek gunung mauna Ioa semangat juga ga lu bang?","1862458672770949574","","evraelo","in","","0","0","0","https://x.com/undefined/status/1862458672770949574","1538165270283358208",
"1862352225739448381","Fri Nov 29 11:27:40 +0000 2024","0","@orchdlrst Eh itu gunung ya kok kaya batu","1862458400627741155","","maryamatmarini","in","","0","0","0","https://x.com/undefined/status/1862458400627741155","1092017518359629825",
"1862341208330445190","Fri Nov 29 11:27:08 +0000 2024","0","@txtdrjkt Itu yg kalian kirim di rep beneran gunung kan? Bukan bandar gebang?","1862458267458576615","","txtdrjkt","in","","0","0","0","https://x.com/undefined/status/1862458267458576615","1655097742249844737",
"1861056633646014478","Fri Nov 29 11:27:05 +0000 2024","0","@yoxngdae Sama-sama. Karena dengan mendaki gunung aku dapat menjadi diriku sendiri tidak ada harus menjadi badut yang ceria disana sini. (EAAA)","1862458254309433450","","yoxngdae","in","","0","1","0","https://x.com/undefined/status/1862458254309433450","4872914104",
"1862341208330445190","Fri Nov 29 11:26:50 +0000 2024","1","@pakinanon @txtdrjkt Kak mjb kakak tinggal/kerja di lantai berapa? Kayaknya tinggi bgtt sampe bisa keliatan gunung dan lauttt","1862458191952716234","","napatparakul","in","","0","1","0","https://x.com/undefined/status/1862458191952716234","146381598",
"1862458168640774391","Fri Nov 29 11:26:44 +0000 2024","0","eh iya pagi tadi emang lagi cerah banget ya? gua pas sampe di stasiun bogor kaget ngeliat pemandangan gunung yg sejelas dan segede itu ga kayao biasanya","1862458168640774391","","","in","","0","0","0","https://x.com/undefined/status/1862458168640774391","1742111065973137408",
"1862457850221797471","Fri Nov 29 11:25:28 +0000 2024","0","udah ya capek. saya mau mendaki gunung aja","1862457850221797471","","","in","","0","0","0","https://x.com/undefined/status/1862457850221797471","3111874412",
"1862457474449907716","Fri Nov 29 11:23:59 +0000 2024","0","Dah 3 minggu berturut busy. Dinner bank la. keje la. minggu ni plan nk lepak rumah lipat kain. Sekali dapat notis takdak letrik sampai 4pm esok. Alaaahaiii bilaa la siap gunung kain tu nokkkk.","1862457474449907716","","","in","","0","1","0","https://x.com/undefined/status/1862457474449907716","76887415",
"1862457431051444537","Fri Nov 29 11:23:49 +0000 2024","0","Pantes tadi seharian di Jakut cuaca mendukung dan bisa lihat gunung","1862457431051444537","","","in","","0","1","0","https://x.com/undefined/status/1862457431051444537","1231418740975099904",
"1862308469589823642","Fri Nov 29 11:22:11 +0000 2024","0","@aidenxvx Mau ke pantai aja ke Gunung juga boleh","1862457022698201421","","aidenxvx","in","","0","0","0","https://x.com/undefined/status/1862457022698201421","269165056",
"1862386409379893678","Fri Nov 29 11:21:36 +0000 2024","0","@piotrj @nafasidn kalo jkt gada polusi dari pabrik2/kendaraan yg berlebihan keknya jkt berasa punya gunung padahal tu gunung2 ada di kota2 tetangganya","1862456876962914589","","piotrj","in","","0","0","0","https://x.com/undefined/status/1862456876962914589","865818270502273025",
"1862415209723494894","Fri Nov 29 11:21:33 +0000 2024","0","@fxbulous Naik gunung","1862456863402729707","","fxbulous","in","","0","0","0","https://x.com/undefined/status/1862456863402729707","1182350199751995397",
"1862453927062777970","Fri Nov 29 11:20:39 +0000 2024","2","@FiersaBesari Ajakin naik gunung bareng Dzawin juga bang","1862456634804678731","","FiersaBesari","in","","0","0","0","https://x.com/undefined/status/1862456634804678731","947691254",
"1862288514819531182","Fri Nov 29 11:20:36 +0000 2024","0","@jessicaijes mau ikut juga dong naik gunung","1862456622632800567","","jessicaijes","in","","0","0","0","https://x.com/undefined/status/1862456622632800567","1366887700855332864",
"1862456487957995854","Fri Nov 29 11:20:04 +0000 2024","0","Jalan ke pantaiii gue orgnya malesan anjir tp hiling jg si naik gunung coba aja ada pintu kemana aja jadi gapegel","1862456487957995854","","","in","","0","0","0","https://x.com/undefined/status/1862456487957995854","1257326833638375429",
"1862456347364597921","Fri Nov 29 11:19:30 +0000 2024","0","ak ga sempet ngepap tp kemarin kaget dan kagum pas di flyover ngeliat gunung","1862456347364597921","","","in","","0","0","0","https://x.com/undefined/status/1862456347364597921","978498084744216577",
"1862170513113841902","Fri Nov 29 11:19:23 +0000 2024","0","@objxct apa rasanya diatas gunung ya","1862456316633260186","","objxct","in","","0","0","0","https://x.com/undefined/status/1862456316633260186","1385936437095268357",
"1862456179076866483","Fri Nov 29 11:18:50 +0000 2024","1","Udara jakarta beberapa hari ini seger bener dahhhh langitnya juga cerah alias polusi tipissss sampe gunung pada keliatan. Plssss gini terus","1862456179076866483","","","in","","0","0","0","https://x.com/undefined/status/1862456179076866483","1408009463915634689",
"1862352225739448381","Fri Nov 29 11:17:47 +0000 2024","0","@orchdlrst Dari ataspun bentuknya gak kaya gunung ya","1862455912734367916","","maryamatmarini","in","","0","0","0","https://x.com/undefined/status/1862455912734367916","1508872587635728385",
"1862386409379893678","Fri Nov 29 11:17:29 +0000 2024","0","@piotrj @nafasidn dari kemarin udara bersih bisa keliatan gunung dari jendela kantor. senengnya bukan main seneng udara bersih gini ","1862455838193144272","","piotrj","in","","0","0","0","https://x.com/undefined/status/1862455838193144272","236689877",
"1862386409379893678","Fri Nov 29 11:17:03 +0000 2024","3063","@piotrj @nafasidn Asli tumben ini gunung Gede dan Salak d bogor keliatan dari Jakbar. https://t.co/O8Whkr9RAi","1862455729783021988","https://pbs.twimg.com/media/GdjFlaxWgAAcLhU.jpg","piotrj","in","","26","13","128","https://x.com/undefined/status/1862455729783021988","1501569400859934723",
"1862455566549098588","Fri Nov 29 11:16:24 +0000 2024","0","GUA BS LIAT GUNUNG DR KANTOOOORRR DAN GUE BR TAU ADA GUNUNG","1862455566549098588","","","in","","0","0","0","https://x.com/undefined/status/1862455566549098588","981339763092279297",
"1862455484198134221","Fri Nov 29 11:16:04 +0000 2024","0","Eh pntesan td pagi pas mau ke kantor tbtb kok ada gunung? Apa emg biasanya ada tp gue ga ngeh? Trs lanjut belok ke komplek wkwkwkwk","1862455484198134221","","","in","","0","0","0","https://x.com/undefined/status/1862455484198134221","1400067811964186628",
"1862455111697801480","Fri Nov 29 11:14:36 +0000 2024","0","naik gunung pantai panas","1862455111697801480","","","in","","0","0","0","https://x.com/undefined/status/1862455111697801480","1492736703278518273",
"1862455094576652605","Fri Nov 29 11:14:31 +0000 2024","0","MasyaAllah akhirnya bisa melihat kembali gunung salak &amp; gunung pangrango dari balcon dan rooftop rumah ","1862455094576652605","","","in","","0","0","0","https://x.com/undefined/status/1862455094576652605","1472919387468288002",
"1862352225739448381","Fri Nov 29 11:14:04 +0000 2024","0","@orchdlrst buset dah gunung apa ini kecil bgt woiii","1862454981007454537","","maryamatmarini","in","","0","0","0","https://x.com/undefined/status/1862454981007454537","1722934100959641600",
"1862341208330445190","Fri Nov 29 11:12:49 +0000 2024","0","@txtdrjkt nih gunung kaca https://t.co/V0NBFtjqKR","1862454666166198719","https://pbs.twimg.com/media/GdjEo8TW0AAHXUA.jpg","txtdrjkt","in","","0","0","0","https://x.com/undefined/status/1862454666166198719","1078621837",
"1862454593218912416","Fri Nov 29 11:12:32 +0000 2024","0","udahan ah sakit2nya tugasku gunung nihh️","1862454593218912416","","","in","","0","0","0","https://x.com/undefined/status/1862454593218912416","1411188218771369985",
"1862454425237037117","Fri Nov 29 11:11:52 +0000 2024","0","lah ternyata beneran gunung.. kirain puncak gt","1862454425237037117","","","in","","0","0","0","https://x.com/undefined/status/1862454425237037117","1683064608284876800",
"1862454101105418655","Fri Nov 29 11:10:35 +0000 2024","0","penampakan gunung hari ini di jakarta https://t.co/5hKSN67LCQ","1862454101105418655","https://pbs.twimg.com/media/GdjECHsaIAAGhFe.jpg","","in","","0","1","0","https://x.com/undefined/status/1862454101105418655","1251333018989420544",
"1862451893982962061","Fri Nov 29 11:10:07 +0000 2024","0","@erlanstresss Fomo lagu gunung aja sih","1862453985011261742","","erlanstresss","in","","0","1","0","https://x.com/undefined/status/1862453985011261742","1651614254762704898",
"1862453889079156914","Fri Nov 29 11:09:44 +0000 2024","0","realll td liat sepanjang di flyover pesinggggg. pemandangan yg sangat jarang gue liat keknya twrakhir gue liat gunung di flyover pesing pas gue smp????","1862453889079156914","","","in","","0","0","0","https://x.com/undefined/status/1862453889079156914","1242746628563333120",
"1862378604912591188","Fri Nov 29 11:09:21 +0000 2024","0","@moraelx lah iya kaya gunung","1862453793566433465","","moraelx","in","","0","0","0","https://x.com/undefined/status/1862453793566433465","1479281481843240962",
"1862425053398200493","Fri Nov 29 11:09:16 +0000 2024","0","@munvess jalan ke pantai / naik gunung?","1862453773286932621","","munvess","in","","100","1","0","https://x.com/undefined/status/1862453773286932621","45802202",
"1862453752084799977","Fri Nov 29 11:09:11 +0000 2024","0","sumpah kangen view kls 10 gwh di lantai 4 sekolah pagi2 disambut view 2 gunung kek indah sekali","1862453752084799977","","","in","","0","0","0","https://x.com/undefined/status/1862453752084799977","1801623631560327169",
"1862453677082202579","Fri Nov 29 11:08:53 +0000 2024","0","Ini kalo dilihat pake mata langsung td sangat clear..((hp aku aje yg butut)) setelah seharian kemarin hujan dan berkabut hari ini dikasih pemandangan cantik dari gunung sindoro https://t.co/I9HzmwcRu9","1862453677082202579","https://pbs.twimg.com/media/GdjDv41XoAAEkUw.jpg","","in","","0","0","0","https://x.com/undefined/status/1862453677082202579","1358407349950550016",
"1862452410561831140","Fri Nov 29 11:08:30 +0000 2024","0","@Jiminbts_twt_13 Beritahu aku kondisi mu sekarang... Apa yang kamu lakukan sekarang Apa kamu masih sering naik gunung hanya untuk minum secangkir kopi... Aku merindukan mu sobat. https://t.co/5kVHItu9Mx","1862453577786302959","https://pbs.twimg.com/media/GdjDp58XkAAI-oJ.jpg","Jiminbts_twt_13","in","","1","0","0","https://x.com/undefined/status/1862453577786302959","1547353225367789568",
"1848157348235542916","Fri Nov 29 11:08:14 +0000 2024","0","@Jelajahi_IDN Gunung Merapi selalu jadi ikon kece Jogja keren banget ya!","1862453511025475751","","Jelajahi_IDN","in","","0","0","0","https://x.com/undefined/status/1862453511025475751","362522825",
"1862453444961083720","Fri Nov 29 11:07:58 +0000 2024","1","Rumah gw persis dibawah kaki gunung gede. Sejauh itu ya ternyata dari rumah ke Jkt","1862453444961083720","","","in","","0","0","0","https://x.com/undefined/status/1862453444961083720","402001281",
"1862341208330445190","Fri Nov 29 11:07:50 +0000 2024","0","@txtdrjkt ada gunung sindur","1862453411557589452","","txtdrjkt","in","","0","0","0","https://x.com/undefined/status/1862453411557589452","1212528088401104896",
"1862453343265988673","Fri Nov 29 11:07:34 +0000 2024","0","Gunung salak keliatan dari jakarta is my favorite season","1862453343265988673","","","in","","0","1","0","https://x.com/undefined/status/1862453343265988673","1612100520222818305",
"1862453309543780629","Fri Nov 29 11:07:26 +0000 2024","0","Lebih cape 3 jam naik motor daripada 6 jam naik gunung","1862453309543780629","","","in","","0","0","0","https://x.com/undefined/status/1862453309543780629","1393682614393839618",
"1862453229977780262","Fri Nov 29 11:07:07 +0000 2024","0","Langit lagi pada bagus ya? Di semarang jg tadi bagus bgt gunung full sampe atasnya keliatan","1862453229977780262","","","in","","0","0","0","https://x.com/undefined/status/1862453229977780262","1213821888293556224",
"1862453176538145238","Fri Nov 29 11:06:54 +0000 2024","0","Hal lucu sedunia adalah adek gue mabit semalem doang bawa tas gunung &amp; isinya full. Gatau diisi apaan","1862453176538145238","","","in","","0","0","0","https://x.com/undefined/status/1862453176538145238","1703818539164213248",
"1862453000884867193","Fri Nov 29 11:06:12 +0000 2024","0","sp mw ikut ke gunung cikuray?️","1862453000884867193","","","in","","1","1","0","https://x.com/undefined/status/1862453000884867193","1507630851324280834",
"1862452906437562580","Fri Nov 29 11:05:50 +0000 2024","0","seneng ya jkt bisa liat gunung","1862452906437562580","","","in","","0","1","0","https://x.com/undefined/status/1862452906437562580","1608653953583157249",
"1862452872459559057","Fri Nov 29 11:05:42 +0000 2024","0","pls ini lg cerah bgt ga ada kabut lampu kaki gunung lawu aja keliatan tp kamera hp tidak mumpuni ","1862452872459559057","","","in","","0","0","0","https://x.com/undefined/status/1862452872459559057","1269141977456508928",
"1862452802758615299","Fri Nov 29 11:05:25 +0000 2024","2","Ini gunung yg sering gw liat disekolah pas smp kalo lagi cerah gunungnya keliatan dr kelas gw","1862452802758615299","","","in","","0","0","0","https://x.com/undefined/status/1862452802758615299","1216932859488768007",
"1862452661586731025","Fri Nov 29 11:04:51 +0000 2024","1","perasaan dulu gapernah kepikiran mendaki gunung.","1862452661586731025","","","in","","0","0","0","https://x.com/undefined/status/1862452661586731025","1672506354081366016",
"1862319258346430749","Fri Nov 29 11:04:37 +0000 2024","0","@objxct ayok gas daki gunung","1862452599666221391","","objxct","in","","0","0","0","https://x.com/undefined/status/1862452599666221391","3097689204",
"1862452453003993324","Fri Nov 29 11:04:02 +0000 2024","1","bukan pap jakarta keliatan gunung tapi hari ini emang langit nya baguuss banget! tadi pagi keluar rumah berasa dikasih surprise (lebay) https://t.co/ufYqXmDVWE","1862452453003993324","https://pbs.twimg.com/media/GdjCoNYWsAAiVP7.jpg","","in","","0","0","0","https://x.com/undefined/status/1862452453003993324","1744329472772583424",
"1862352225739448381","Fri Nov 29 11:03:56 +0000 2024","0","@orchdlrst Aslinya mah gede gunung di dalam tanah","1862452430417666098","","maryamatmarini","in","","0","0","0","https://x.com/undefined/status/1862452430417666098","2489904794",
"1862452126544536030","Fri Nov 29 11:02:44 +0000 2024","0"," Johh lagune. Ombak Gedhe tak sebrangi gunung njeblug tak jak ngopi. Kenek udan isuk awan sore sobo e dokterr. Sorry lagumu penuh resikoo Kangg... ","1862452126544536030","","","in","","0","0","0","https://x.com/undefined/status/1862452126544536030","1446352166235504649",
"1862386409379893678","Fri Nov 29 11:02:28 +0000 2024","0","@piotrj @nafasidn Angin KTP mana Angin KTP macet parah bos tapi cerah tuh gunung ampe keliatan dari pancoran https://t.co/b5Xkyrg0wq","1862452061880857085","https://pbs.twimg.com/media/GdjCExeboAMr0fv.jpg","piotrj","in","","0","0","0","https://x.com/undefined/status/1862452061880857085","232451638",
"1862386409379893678","Fri Nov 29 11:02:24 +0000 2024","0","@piotrj @nafasidn jujurrr tadi jam 10 pagi masih keliatan gunung siang jam 2 langit cerah angin kenceng bener kaya jupiter mx","1862452042612240424","","piotrj","in","","0","0","0","https://x.com/undefined/status/1862452042612240424","1914073004",
"1862451887884443798","Fri Nov 29 11:01:47 +0000 2024","0","Koordinasi Pemantauan Lumbung Pangan ke Kabupaten Gunung Mas tanggal 28 s/d 30 november 2024 https://t.co/myMlcDOJYp","1862451887884443798","https://pbs.twimg.com/media/GdjCD8XboAEZzJu.jpg","","in","","0","0","0","https://x.com/undefined/status/1862451887884443798","1824799243900698624",
"1862437515694944258","Fri Nov 29 11:01:31 +0000 2024","3","@crescentmoon_il Gak sama persis sih tpi ambil scene kaki gunung alpen buat lamaran cable car Pokoknya gunung dan 2 orang kasmaran. https://t.co/oGJMqt9Jg9","1862451821744406601","https://pbs.twimg.com/media/GdjCDlFW0AAXPqZ.jpg","crescentmoon_il","in","","0","1","0","https://x.com/undefined/status/1862451821744406601","1738048464708337664",
"1862451545708929044","Fri Nov 29 11:00:25 +0000 2024","0","Sejarah Kampung Pitu Desa di Puncak Gunung Nglanggeran yang Hanya Boleh Dihuni 7 Keluarga https://t.co/ywxMBAhs9w","1862451545708929044","","","in","","0","0","0","https://x.com/undefined/status/1862451545708929044","1287642738683342848",
"1862449272874311859","Fri Nov 29 10:51:23 +0000 2024","0","Disini ada yg suka naik gunung ngga? Naik gunung yuk januari akhir hehe","1862449272874311859","","","in","","0","1","0","https://x.com/undefined/status/1862449272874311859","1394228215422484483",
"1862436436781236659","Fri Nov 29 10:50:23 +0000 2024","0","@creamilloo cuma diwaktu2 tertentu ya lagi pengen liat gunung ","1862449020813418588","","creamilloo","in","","0","1","0","https://x.com/undefined/status/1862449020813418588","1720772780495667200",
"1862341208330445190","Fri Nov 29 10:50:07 +0000 2024","0","@taufiqshaleh @txtdrjkt itu gunung salak kah?","1862448951917723959","","taufiqshaleh","in","","0","0","0","https://x.com/undefined/status/1862448951917723959","1860879911344635905",
"1862352225739448381","Fri Nov 29 10:49:48 +0000 2024","0","@orchdlrst wah ini gunung ya berarti","1862448873102614624","","maryamatmarini","in","","0","0","0","https://x.com/undefined/status/1862448873102614624","270742108",
"1862341208330445190","Fri Nov 29 10:49:37 +0000 2024","0","@txtdrjkt dari jaksel aslinya keliatan ini ada gunung.. https://t.co/1oEEkP9fxm","1862448825581150317","https://pbs.twimg.com/media/Gdi_VI1WsAA1G9-.jpg","txtdrjkt","in","","0","0","0","https://x.com/undefined/status/1862448825581150317","1321193883275980801",
"1862448517647651055","Fri Nov 29 10:48:23 +0000 2024","1","Chiang Mai from my apartment (Nimman area). Hari ini hari terakhir di apartemen ini besok pindah ke rumah di bawah kaki gunung https://t.co/9nYeZbIB2d","1862448517647651055","https://pbs.twimg.com/media/Gdi_BzqXMAAHezY.jpg","","in","","0","0","0","https://x.com/undefined/status/1862448517647651055","115310348",
"1862448468071244107","Fri Nov 29 10:48:12 +0000 2024","0","Pagi ini beneran cerah banget sampe sampe gunung salak kelihatan jelitanya priangan barat ketutupan pencakar langit jakarta https://t.co/F5yDeEt2dS","1862448468071244107","https://pbs.twimg.com/media/Gdi-z4tWwAEHgwJ.jpg","","in","","0","0","0","https://x.com/undefined/status/1862448468071244107","311453073",
"1862436436781236659","Fri Nov 29 10:45:59 +0000 2024","0","@creamilloo Besok besok kalo mau liat gunung ke stasiun manggarai aja kali ya ","1862447913986924890","","creamilloo","in","","0","1","0","https://x.com/undefined/status/1862447913986924890","1720772780495667200",
"1862444776974688502","Fri Nov 29 10:45:53 +0000 2024","0","@realoben Repot amat nih orang ngurusin silsilah gunung :)","1862447887139184922","","realoben","in","","0","1","0","https://x.com/undefined/status/1862447887139184922","804625446067261441",
"1862447875780694033","Fri Nov 29 10:45:50 +0000 2024","0","Kakek 72 Tahun Dituntut 1 6 Tahun Penjara Hakim PN Gunung Sugih Diminta Terapkan Nilai Keadilan https://t.co/M8rgxySGyh","1862447875780694033","","","in","","0","0","0","https://x.com/undefined/status/1862447875780694033","1578222594",
"1862410268757958958","Fri Nov 29 10:44:35 +0000 2024","0","@panzerbutut gunung agung jg tp dibelokin lagi jadi toko buku https://t.co/rOL4fQbPZq","1862447561153589397","https://pbs.twimg.com/media/Gdi-L_LboAITGf3.jpg","panzerbutut","in","","0","1","0","https://x.com/undefined/status/1862447561153589397","71216871",
"1862447512059355160","Fri Nov 29 10:44:24 +0000 2024","0","td siang jg gue baru tau ada gunung di sisi barat proyek dan bukan tangkuban perahu. bersih bgt udara hari ini ya berati ","1862447512059355160","","","in","","0","0","0","https://x.com/undefined/status/1862447512059355160","1003404000715132928",
"1862418222886400278","Fri Nov 29 10:44:15 +0000 2024","0","@kieransonion Iya soalnya puncaknya ada banyak kak. Wkwkk jakarta tiba2 tumbuh gunung ya ","1862447476848173304","","kieransonion","in","","0","0","0","https://x.com/undefined/status/1862447476848173304","1356460335318749187",
"1862447408397132158","Fri Nov 29 10:43:59 +0000 2024","0","Ih iya weh tdi pagi melaporkan dri jakut bagian pluit mau ke pik gw jg liat coy pas di jembatan kata gw teh tumben kok tetiba keliatan ada gunung nih","1862447408397132158","","","in","","0","0","0","https://x.com/undefined/status/1862447408397132158","1053479405538828288",
"1862446371183501347","Fri Nov 29 10:43:25 +0000 2024","0","Utk FM 42k di road aja udah ngga kebayang di nalarku kaya.. Anjir ngga lah ngapain aeng sampe segitunya ngebayangin latihannya aja udah males haha. Lari mah segitu2 aja weh.. Ini 50k di gunung vrohhh. Napa yak org hebat2 deh huhuuu","1862447266231198149","","lamyanafisa","in","","0","1","0","https://x.com/undefined/status/1862447266231198149","44063225",
"1862352225739448381","Fri Nov 29 10:42:22 +0000 2024","0","@orchdlrst itu gunung Tah?","1862446999829979478","","maryamatmarini","in","","0","0","0","https://x.com/undefined/status/1862446999829979478","1640699580",
"1862446953218679223","Fri Nov 29 10:42:10 +0000 2024","0","Agak bingung mungkin karena gue pendatang disini tapi orang Jakarta dan Bekasi seneng bgt ya bisa liat langut biru dan gunung? Di cirebon bisa liat kaya gitu tiap hari jadi kaya I don t get the hype for it. But happy for you guys!","1862446953218679223","","","in","","0","0","0","https://x.com/undefined/status/1862446953218679223","869938873480105984",
"1862446938270179578","Fri Nov 29 10:42:07 +0000 2024","0","Kak @tinaparvati bakal jadi movie drama vibes Misteri Gunung Merapi ini wkwkwk https://t.co/Lbcr6h7ABv","1862446938270179578","https://pbs.twimg.com/media/Gdi9np1XYAAZGxD.jpg","","in","","0","1","0","https://x.com/undefined/status/1862446938270179578","102917060",
"1862440305141981428","Fri Nov 29 10:41:57 +0000 2024","0","@undisclosedonny Tapi emg pagi tadi bersih sih om sampe keliatan gunung pas naik mrt tadi","1862446898826903846","","undisclosedonny","in","","0","1","0","https://x.com/undefined/status/1862446898826903846","381625070",
"1862386409379893678","Fri Nov 29 10:41:44 +0000 2024","0","@piotrj @nafasidn Pantesan hari ini berangkat kerja dari mrt lebak bulus terlihat lagi pemandangan gunung nya padahal udah jam 7 am lewat","1862446842937856134","","piotrj","in","","0","0","0","https://x.com/undefined/status/1862446842937856134","1529903425",
"1862444460791275657","Fri Nov 29 10:32:16 +0000 2024","0","ih rasanya aneh di tangsel ngeliat gunung","1862444460791275657","","","in","","0","0","0","https://x.com/undefined/status/1862444460791275657","1676983380150484992",
"1862443973736124615","Fri Nov 29 10:30:20 +0000 2024","0","Gunung","1862443973736124615","","","in","","0","0","0","https://x.com/undefined/status/1862443973736124615","724605278713462784",
"1862352225739448381","Fri Nov 29 10:30:17 +0000 2024","0","@orchdlrst aku baru tau gunung ini kak","1862443962356965721","","maryamatmarini","in","","0","0","0","https://x.com/undefined/status/1862443962356965721","1591371876315504642",
"1862352225739448381","Fri Nov 29 10:30:15 +0000 2024","0","@orchdlrst Baru tau ada gunung gitu","1862443951904760130","","maryamatmarini","in","","0","0","0","https://x.com/undefined/status/1862443951904760130","1393912532",
"1862296701878640907","Fri Nov 29 10:30:10 +0000 2024","0","@csehuna buka hyung mau nitip apa? asal jangan gunung fuji","1862443931654660212","","sehua","in","","0","1","0","https://x.com/undefined/status/1862443931654660212","1078511186008727552",
"1862418222886400278","Fri Nov 29 10:29:34 +0000 2024","0","@kinoishii oalah itu gunung salak ya kak??? aku bahkan gatau itu gunung apa wkakakakaaka td mikir hah emg di jekardah ada gunung ya","1862443782492627173","","kinoishii","in","","0","1","0","https://x.com/undefined/status/1862443782492627173","4489115652",
"1862443649092788389","Fri Nov 29 10:29:03 +0000 2024","2","Musim hujan tinggi Gunung Semeru Welirang dan Arjuno ditutup. Rencana sih alternatif nya ke gunung Butak tapi masih lihat sikontol (situasi kondisi dan toleransi) atau kalo nggak ya terpaksa dipending sampai musim hujan sudah agak berkurang. 🇮🇩 https://t.co/LyxcEOS3BO","1862443649092788389","https://pbs.twimg.com/media/Gdi6oQFboAMtXfX.jpg","","in","","0","0","1","https://x.com/undefined/status/1862443649092788389","1101696077147729920",
"1862443571904929823","Fri Nov 29 10:28:44 +0000 2024","0","this happened to everybody today as well???? today specifically???? TADI GUE JG NGELIAT GUNUNG PAS ISI BENSIN KELIATAN WOI WOWOWOWOW apakah polusi sedang berkurang hari ini ","1862443571904929823","","","in","","0","0","0","https://x.com/undefined/status/1862443571904929823","1265657708260147202",
"1862341208330445190","Fri Nov 29 10:28:15 +0000 2024","0","@txtdrjkt Ternyata pada pap gunung beneran","1862443450991616383","","txtdrjkt","in","","0","0","0","https://x.com/undefined/status/1862443450991616383","1559192415281774593",
"1862352225739448381","Fri Nov 29 10:28:12 +0000 2024","0","@orchdlrst Ini mau definisi gunung batu","1862443438572281867","","maryamatmarini","in","","0","0","0","https://x.com/undefined/status/1862443438572281867","1480881520134918146",
"1862410880769827032","Fri Nov 29 10:27:38 +0000 2024","0","@Ngt_OoOwls Ehh canda kak itu gunung nya susah wkwkw kU pikir tau","1862443292434341914","","","in","","0","0","0","https://x.com/undefined/status/1862443292434341914","1674498266933899264",
"1862443200985932224","Fri Nov 29 10:27:16 +0000 2024","0","Ke lantai 4 di SMA N 54 bisa liat gunung tiap pagi (me alumni yang sering dateng pagiii banget)","1862443200985932224","","","in","","0","0","0","https://x.com/undefined/status/1862443200985932224","414584333",
"1862442687124971804","Fri Nov 29 10:25:13 +0000 2024","0","wow tp aku jauh bgt dari view gunung itu pasti","1862442687124971804","","","in","","0","0","0","https://x.com/undefined/status/1862442687124971804","1806632355530244096",
"1862367189392642262","Fri Nov 29 10:24:03 +0000 2024","0","@starfess Iya katanya dia org gunung kidul ","1862442390931611672","","starfess","in","","0","0","0","https://x.com/undefined/status/1862442390931611672","1793979753965527041",
"1862441837476421744","Fri Nov 29 10:21:51 +0000 2024","0","gue kira cmn gue doang yg excited di rumah keliatan pemandangan gunung","1862441837476421744","","","in","","0","0","0","https://x.com/undefined/status/1862441837476421744","1434757493490532353",
"1862386409379893678","Fri Nov 29 10:21:31 +0000 2024","3","@piotrj @nafasidn jarang2 bisa ngeliat gunung salak dari fatmawati https://t.co/kMyD4D23cf","1862441756874481783","https://pbs.twimg.com/media/Gdi45iXboAQNWlF.jpg","piotrj","in","","0","0","0","https://x.com/undefined/status/1862441756874481783","1204569657782353920",
"1862405783570587851","Fri Nov 29 10:21:25 +0000 2024","2","@hi_akubahagia__ Kata siapa iklan penghapus? Itu iklan mie marimas susu keledai keripik keripik sariroti soflens motor becak hoodie ayam goreng grabfood tempat wisata gunung kidul dan masih banyak yg lainnya","1862441731041763347","","ayangnyafourth","in","","0","0","0","https://x.com/undefined/status/1862441731041763347","1789584388831035392",
"1862366842532307328","Fri Nov 29 10:20:56 +0000 2024","0","@winandayuditia Vieri turun gunung ","1862441609406947428","","winandayuditia","in","","0","0","0","https://x.com/undefined/status/1862441609406947428","62148552",
"1862434850307023041","Fri Nov 29 10:19:51 +0000 2024","0","@cauvalry 3726mdpl gunung Rinjani?","1862441336156430536","","cauvalry","in","","0","0","0","https://x.com/undefined/status/1862441336156430536","2901375732",
"1862341208330445190","Fri Nov 29 10:18:37 +0000 2024","0","@txtdrjkt @zaptio22 @nnnadas mana poto uin keliatan gunung","1862441026948145387","","txtdrjkt","in","","0","0","0","https://x.com/undefined/status/1862441026948145387","776774089138589700",
"1862438092592017857","Fri Nov 29 10:06:58 +0000 2024","0","Belakangan ini ujan melulu udara jadi bersih. Gue ampe bisa liat gunung dari BSD anjir wkwkwk","1862438092592017857","","","in","","0","0","0","https://x.com/undefined/status/1862438092592017857","1302049511783591936",
"1862433193800159307","Fri Nov 29 10:06:35 +0000 2024","0","@HeffleyA350XWB Warga gunung only mbaa ","1862437996727083014","","HeffleyA350XWB","in","","0","1","0","https://x.com/undefined/status/1862437996727083014","1391093033391714306",
"1862132557418278980","Fri Nov 29 10:06:09 +0000 2024","0","@zyugy Belah gunung coba...","1862437887322845417","","zyugy","in","","0","0","0","https://x.com/undefined/status/1862437887322845417","914143559405649922",
"1862419539931406601","Fri Nov 29 10:05:25 +0000 2024","0","@cigarettexecs Minusku gak macet tp jalan becek resiko dom agak ke gunung + jalannya super mulus kaya laut","1862437702274359760","","cigarettexecs","in","","0","1","0","https://x.com/undefined/status/1862437702274359760","1237136118190977025",
"1862437515694944258","Fri Nov 29 10:04:40 +0000 2024","31","Mohon maaf pak itu gambar gunung dan dua manusia duduk dampingan sedang jatuh cinta itu udah ku spill dluan yah. Aku punya wattpadnya pak suer gak niru krn mmg suka Swiss aja sekalian kupakai aja tempat lamaran mereka di Jungfraujoch. Ituloh Pak tempat wisata yg ada keretanya","1862437515694944258","","","in","","0","2","0","https://x.com/undefined/status/1862437515694944258","1738048464708337664",
"1862437470157365635","Fri Nov 29 10:04:29 +0000 2024","0","bukan jkt sih td di depok pagi2 pas gw berangjat kerja GW KAGET LIAT GUNUNG....","1862437470157365635","","","in","","0","0","0","https://x.com/undefined/status/1862437470157365635","1498680895834050561",
"1862410898129969524","Fri Nov 29 10:04:23 +0000 2024","0","@yehettt_ohoorat Udah jadi 3 gunung ini gosokan gua belum 1 gunung lg kelar. Gue bantuin buangin aja baju lo sini","1862437444949622974","","yehettt_ohoorat","in","","0","0","0","https://x.com/undefined/status/1862437444949622974","1447228800543064067",
"1862437396115333416","Fri Nov 29 10:04:12 +0000 2024","1","17.03 Situasi arus lalu lintas di Traffic Light Pintu Besi Jl. Gunung Sahari Jakpus arah Ancol maupun arah Kemayoran terpantau ramai lancar. https://t.co/GS0qzkpfKj","1862437396115333416","https://pbs.twimg.com/media/Gdi07fRboAU1pF5.jpg","","in","","0","0","0","https://x.com/undefined/status/1862437396115333416","76647722",
"1862145322874785824","Fri Nov 29 10:04:04 +0000 2024","0","@NFiaLysa @utopialalala Apa perlu kami samperin ke gunung sono? ","1862437363592699986","","NFiaLysa","in","","0","1","0","https://x.com/undefined/status/1862437363592699986","806336092941139968",
"1860638381660917936","Fri Nov 29 10:03:31 +0000 2024","0","@jinsikt SUPER MEGA BINTANG BANGET. Mantap yaaa weekendnya sungguh produktif. Kamu gak takut ketemu sesuatu kah di atas gunung itu? YANG BETUL? Terharu deh dibilang paling gemes","1862437222974464374","","jinsikt","in","","0","1","0","https://x.com/undefined/status/1862437222974464374","71764396",
"1862436633544729045","Fri Nov 29 10:02:57 +0000 2024","0","Next semoga bisa berenang please bangeet ini maah haruss bisa sihh soalnya nanti setelah pulang dari gunung enaknya berenang tpi dulu udah bisa kata temanku cuman sekarang udah ngga pernah praktek.","1862437084235276346","","Wandhyi__","in","","0","0","0","https://x.com/undefined/status/1862437084235276346","1565259193409368064",
"1862436436781236659","Fri Nov 29 10:02:35 +0000 2024","3","@tanyakanrl Gunung salak harusnya Sender upload gambar gak bener bikin susah aja. Ijin bantu rotate biar proper https://t.co/N8PP1njGbw","1862436988085051900","https://pbs.twimg.com/media/Gdi0ke7WkAAKQmr.jpg","tanyakanrl","in","","0","1","0","https://x.com/undefined/status/1862436988085051900","1589948444453793794",
"1862436324269334763","Fri Nov 29 10:02:15 +0000 2024","0","@asdfghjjislove Jkt klo pagi cerah langit bersih emang suka keliatan gunung ","1862436908107976792","","asdfghjjislove","in","","0","1","0","https://x.com/undefined/status/1862436908107976792","1259163675136413696",
"1862436629782396976","Fri Nov 29 10:01:09 +0000 2024","0","EHHH SUMPAH TADI GW JUGA NGEH tapi respon gue cuma eh ada gunung tumben wkakakakak","1862436629782396976","","","in","","0","0","0","https://x.com/undefined/status/1862436629782396976","1527362419743305733",
"1862436436781236659","Fri Nov 29 10:00:23 +0000 2024","39"," tadi pagi jakarta langit nya cerahh bgtt sampe keliatan gunung ini dari st manggarai ini gunung apa ya? https://t.co/BDD1cCmwwQ","1862436436781236659","https://pbs.twimg.com/media/Gdi0EYhWIAAXLb4.jpg","","in","","5","13","2","https://x.com/undefined/status/1862436436781236659","1331650559518990336",
"1862430813218119691","Fri Nov 29 09:59:24 +0000 2024","0","@werevtiger Gengsinya setinggi gunung olimpus di mars","1862436189372129770","","chevarru","in","","0","0","0","https://x.com/undefined/status/1862436189372129770","1425469735563452423",
"1862435360594403630","Fri Nov 29 09:56:06 +0000 2024","0","Aku pernah dilarang pacar untuk naik gunung. Besoknya aku memutuskan untuk berhenti pacaran","1862435360594403630","","","in","","0","0","0","https://x.com/undefined/status/1862435360594403630","525042917",
"1862341208330445190","Fri Nov 29 09:55:58 +0000 2024","0","@txtdrjkt gunung apaan anying di JKT","1862435326951924216","","txtdrjkt","in","","0","0","0","https://x.com/undefined/status/1862435326951924216","1691337482321965056",
"1862434904002502844","Fri Nov 29 09:54:18 +0000 2024","0","kirain gw doang yang ngeh td pagi tiba2 bisa liat gunung dr flyover kp melayu wkwkw","1862434904002502844","","","in","","0","0","0","https://x.com/undefined/status/1862434904002502844","69014783",
"1862352225739448381","Fri Nov 29 09:53:45 +0000 2024","0","@orchdlrst Gunung nih serius kecil amat","1862434765946986633","","maryamatmarini","in","","0","0","0","https://x.com/undefined/status/1862434765946986633","1792086572273373184",
