"conversation_id_str","created_at","favorite_count","full_text","id_str","image_url","in_reply_to_screen_name","lang","location","quote_count","reply_count","retweet_count","tweet_url","user_id_str","username"
"1928964493696008333","Sat May 31 23:59:08 +0000 2025","0","Kapolresta Cirebon Berikan Santunan kepada Keluarga Korban Longsor Gunung Kuda https://t.co/ognjduAvod","1928964493696008333","","","in","","0","0","0","https://x.com/undefined/status/1928964493696008333","278855466",
"1928964332794060838","Sat May 31 23:58:30 +0000 2025","0","Jauh bgt sama si pendaki gunung semeru","1928964332794060838","","","in","","0","0","0","https://x.com/undefined/status/1928964332794060838","236820783",
"1928963549184791003","Sat May 31 23:55:23 +0000 2025","0","Korban Longsor Gunung Kuda Cirebon 17 Orang Pagi Ini Pencarian Dilanjutkan https://t.co/qe5P84Irdb","1928963549184791003","","","in","","0","0","0","https://x.com/undefined/status/1928963549184791003","1578222594",
"1928962622096830698","Sat May 31 23:55:12 +0000 2025","0","@__stanzalit__ Mendaki gunung lewati lembah","1928963505908043938","","__stanzalit__","in","","0","1","0","https://x.com/undefined/status/1928963505908043938","1390055662646743046",
"1928956228845068342","Sat May 31 23:54:44 +0000 2025","0","Semakin mantap buat latihan fisik biar bisa naik gunung bawa carrier 10 kilo","1928963388287123921","","soebangcha","in","","0","0","0","https://x.com/undefined/status/1928963388287123921","914385914431864833",
"1928962162699153528","Sat May 31 23:49:52 +0000 2025","0","Pemprov Jabar Siapkan Santunan untuk Keluarga Korban Longsor Gunung Kuda https://t.co/gwfcu5gyKn","1928962162699153528","","","in","","0","0","0","https://x.com/undefined/status/1928962162699153528","278855466",
"1928962049108770968","Sat May 31 23:49:25 +0000 2025","10","Dedi Mulyadi Ungkap Pengelola Tambang Gunung Kuda Cirebon yang Longsor / #dedimulyadi #tambang #gunungkuda https://t.co/ckdMChuWDQ","1928962049108770968","https://pbs.twimg.com/amplify_video_thumb/1928961841776177152/img/9mgDQioYlraJ7ajL.jpg","","in","","0","2","3","https://x.com/undefined/status/1928962049108770968","23343960",
"1928962045309059126","Sat May 31 23:49:24 +0000 2025","0","Line wow ni promosi mcm kat gunung berapi... kat felda sahabat line mcm ...menyesal beli tapi dah 6tahun pakai","1928962045309059126","","","in","","0","0","0","https://x.com/undefined/status/1928962045309059126","240551774",
"1928958677924323535","Sat May 31 23:46:51 +0000 2025","0","@ainiishere gunung apaa","1928961403030814821","","ainiishere","in","","0","1","0","https://x.com/undefined/status/1928961403030814821","1279447373899395072",
"1928961402351374832","Sat May 31 23:46:51 +0000 2025","10","Dedi mengatakan telah mencabut izin operasional satu koperasi dan dua yayasan yang mengelola lokasi tambang di Gunung Kuda sebagai sanksi tegas setelah terjadinya tanah longsor. / #tambang #gunungkuda https://t.co/fFPglfmYDq","1928961402351374832","","","in","","0","2","2","https://x.com/undefined/status/1928961402351374832","23343960",
"1928811923921056028","Sat May 31 23:45:44 +0000 2025","0","@benard_trbntmr seleksi EPA lima kota: kota jogja sleman bantul kulon progo gunung kidul ","1928961123543363622","","benard_trbntmr","in","","0","0","1","https://x.com/undefined/status/1928961123543363622","460190304",
"1928960897558430104","Sat May 31 23:44:50 +0000 2025","3","Dulu sewaktu sma aku sabuk hitam karate shodan. Sekarang naik gunung besoknya kaki keram ","1928960897558430104","","","in","","0","2","0","https://x.com/undefined/status/1928960897558430104","982948852058570752",
"1928944328321232938","Sat May 31 23:39:53 +0000 2025","0","@carlaurslvt Jendela kamarnya pantai gunung atau sungai nih?","1928959651548377296","","","in","","0","0","0","https://x.com/undefined/status/1928959651548377296","1455802379836612615",
"1928959449479393663","Sat May 31 23:39:05 +0000 2025","1","tinggi tinggi gunung kinabalu tinggi lagi sayang sama kamu","1928959449479393663","","","in","","0","0","0","https://x.com/undefined/status/1928959449479393663","1083392628056481793",
"1928823443254075605","Sat May 31 23:38:59 +0000 2025","0","Baru sadar latar belakang LYN nyanyi semalam gunung es... https://t.co/CeZPhoMRFs","1928959424325918777","https://pbs.twimg.com/media/GsUKX66aMAIuzSn.jpg","Ti_ka_91","in","","0","1","0","https://x.com/undefined/status/1928959424325918777","1344258555205963777",
"1928959240133038139","Sat May 31 23:38:15 +0000 2025","29","Selamat pagi dari Gunung Prau ️ https://t.co/JqYNVipjy7","1928959240133038139","https://pbs.twimg.com/amplify_video_thumb/1928959067806158848/img/jRJUhy09PeQ_T1jK.jpg","","in","","1","11","2","https://x.com/undefined/status/1928959240133038139","768977829115621378",
"1928959147543794113","Sat May 31 23:37:53 +0000 2025","1","Gunung Dukono Meletus Dahsyat Warga Dilarang Dekati Kawah Malupang Warirang https://t.co/LmZWfNQtJn","1928959147543794113","","","in","","0","0","0","https://x.com/undefined/status/1928959147543794113","47274731",
"1928265763141366173","Sat May 31 23:37:40 +0000 2025","0","@keesss_leo @jawafess oh ternyata diwonosobo ya ka. itu viewnya gunung apa ka? ini era covid ya ka garda terdepan.","1928959090845163922","","keesss_leo","in","","0","1","0","https://x.com/undefined/status/1928959090845163922","90099456",
"1928958714826076326","Sat May 31 23:36:10 +0000 2025","2","Tim SAR gabungan akan memfokuskan pencarian pada minggu pagi ini terhadap 8 korban yang diduga masih tertimbun longsor di area tambang galian C Gunung Kuda Cirebon Jawa Barat . 17 orang meninggal dalam kejadian ini. Timbunan longsor yang dalam dan terdiri dari Material https://t.co/GBu4NrARHU","1928958714826076326","https://pbs.twimg.com/media/GsUJuDEaMAAyKQE.jpg","","in","","0","0","0","https://x.com/undefined/status/1928958714826076326","121640063",
"1928945309444616312","Sat May 31 23:34:17 +0000 2025","0","@cigafsexs Gunung Olympus","1928958242140418237","","cigafsexs","in","","0","0","0","https://x.com/undefined/status/1928958242140418237","1269836442093510656",
"1928873424421793963","Sat May 31 23:33:59 +0000 2025","0","@operiix Iya wkwkw. Ini gunung apa?","1928958163908235277","","operiix","in","","0","0","0","https://x.com/undefined/status/1928958163908235277","1333392727317176320",
"1928829082076131668","Sat May 31 23:33:04 +0000 2025","0","@itsvobo NGERI BGT MINGGU LALU DI ICE BSD MELENG DIKIT NAIK GUNUNG","1928957932680409401","","itsvobo","in","","0","1","0","https://x.com/undefined/status/1928957932680409401","1784823786153648128",
"1928957793878552927","Sat May 31 23:32:31 +0000 2025","3733","Hanya bermodalkan Kartu Indonesia Sehat (KIS) warga jalan pilakuik Kelurahan Gunung Sariak Kecamatan Kuranji Kota Padang Desi Erianti harus meregang nyawa setelah di tolak dari IGD RSUD Rasidin semalam (Sabtu 00;15 dini hari). Hal ini di ungkapkan oleh Yudi keluarga https://t.co/GTy0b6vbfp","1928957793878552927","https://pbs.twimg.com/ext_tw_video_thumb/1928957733971308544/pu/img/TZqKrk2vgwCiNNin.jpg","","in","","189","601","1461","https://x.com/undefined/status/1928957793878552927","1282751327588585473",
"1928265763141366173","Sat May 31 23:32:18 +0000 2025","0","@hawkcdewi @jawafess gaperna lepas jaket kak klo kerja. org depan gunung belakang jg gunung ","1928957741277519877","","hawkcdewi","in","","0","1","0","https://x.com/undefined/status/1928957741277519877","278064950",
"1928877811189821562","Sat May 31 23:31:37 +0000 2025","0","@sayid__machmoed Jgn gitu bib dia temennya orang yg kenal muridnya nabi khidir lo..","1928957568761868418","","sayid__machmoed","in","","0","1","0","https://x.com/undefined/status/1928957568761868418","1735141551393878016",
"1928956847169445997","Sat May 31 23:28:45 +0000 2025","2","Alhamdulillah bulan ini diajak sama orang2 baik naik gunung. Modal awak sehat","1928956847169445997","","","in","","0","5","0","https://x.com/undefined/status/1928956847169445997","200833126",
"1928265763141366173","Sat May 31 23:22:45 +0000 2025","0","@keesss_leo @jawafess Wah ini dimana ka? keren ada view gunung dibelakang puskesmasnya ka. pagi2 berangkat kerja berangkat sekolah syahdu bgt vibes ini ","1928955337878679842","","keesss_leo","in","","0","1","0","https://x.com/undefined/status/1928955337878679842","90099456",
"1928772636227641740","Sat May 31 23:19:34 +0000 2025","0","@kirruby mendaki gunung..","1928954534975414637","","kirruby","in","","0","0","0","https://x.com/undefined/status/1928954534975414637","1778789642856534016",
"1928235942474596835","Sat May 31 23:18:55 +0000 2025","0","@romadhanov @Jominangg Naik gunung kekurangan oksigen susah berpikir dan membaca dengan teliti","1928954374807760912","","romadhanov","in","","0","0","0","https://x.com/undefined/status/1928954374807760912","1697764585749782528",
"1928953097868685585","Sat May 31 23:13:51 +0000 2025","0","Hari ini aku mau keluar dari zona nyaman aku mau ikut hiking ke gunung sama mas. Huhuhu bakal jadi pengalaman pertama kalinya aku buat ikutan hiking semoga semuanya berjalan lancar aamiin ","1928953097868685585","","","in","","0","2","0","https://x.com/undefined/status/1928953097868685585","1328894210901065729",
"1928953066620928294","Sat May 31 23:13:43 +0000 2025","41","[FULL] Dedi Mulyadi Minta Tambang Gunung Kuda Tutup Siap Tanggung Biaya Hidup Anak Korban / #dedimulyadi #tambang #gunungkuda https://t.co/JOPkWWfPnV","1928953066620928294","https://pbs.twimg.com/amplify_video_thumb/1928952695811194880/img/WH8MCJDTR-8ySEHA.jpg","","in","","1","2","17","https://x.com/undefined/status/1928953066620928294","23343960",
"1928952975839604773","Sat May 31 23:13:22 +0000 2025","9","Breaking News Tim evakuasi gabungan dari TNI Polri Basarnas dan BPBD akhirnya berhasil menemukan tiga jenazah korban longsor di area tambang batu alam Gunung Kuda Kabupaten Cirebon Sabtu (31/5/2025) sore. Jadi data sementara total korban meninggal dunia 17 orang dan yang https://t.co/nDnTgx1ylJ","1928952975839604773","https://pbs.twimg.com/ext_tw_video_thumb/1928952910085500932/pu/img/Ey9cEzS6hgX_hAGP.jpg","","in","","0","5","4","https://x.com/undefined/status/1928952975839604773","1605859899183099904",
"1928952876266660224","Sat May 31 23:12:58 +0000 2025","0","sampe sekarang selalu ngakak sama scene kepiting salju terus yang debat mau ndaki ke gunung itu wkwkwk","1928952876266660224","","","in","","0","1","0","https://x.com/undefined/status/1928952876266660224","1436145342911692815",
"1928952765797249310","Sat May 31 23:12:32 +0000 2025","0","Bisa-bisanya ketemu temen lama di gunung https://t.co/EQ4e1oBQpl","1928952765797249310","https://pbs.twimg.com/media/GsUEUNUaMAAwiVy.jpg","","in","","0","0","0","https://x.com/undefined/status/1928952765797249310","1865411089787457536",
"1928952659643339226","Sat May 31 23:12:06 +0000 2025","0","pengen naik gunung ihhh","1928952659643339226","","","in","","0","0","0","https://x.com/undefined/status/1928952659643339226","1835533679080468480",
"1928842187464389062","Sat May 31 23:10:15 +0000 2025","1","@planktone Gunung","1928952192305709346","","planktone","in","","0","0","0","https://x.com/undefined/status/1928952192305709346","250106496",
"1928842187464389062","Sat May 31 23:10:10 +0000 2025","0","@ijalmale Pengen ke gunung atau curug","1928952170537165260","","ijalmale","in","","0","0","0","https://x.com/undefined/status/1928952170537165260","250106496",
"1928951930471997886","Sat May 31 23:09:13 +0000 2025","8","Biasanya naik gunung sama spek semi militer ini diajak sama spek challchill tiap pos ngopi sek lur mana 3000an meneh wkw rodo kaget tapi aman aja","1928951930471997886","","","in","","0","7","0","https://x.com/undefined/status/1928951930471997886","200833126",
"1928950629470466379","Sat May 31 23:04:02 +0000 2025","0","Ternyata Pohon 'Mengetahui' Kapan Gunung akan Meletus Begini Tanda-tandanya https://t.co/voV43eSiz8","1928950629470466379","","","in","","0","0","0","https://x.com/undefined/status/1928950629470466379","1668188086067683331",
"1928950370027589873","Sat May 31 23:03:01 +0000 2025","0","baru kali ini naik gunung sendirian dan gunung raung ini 3k mdpl pertama ku bangga sm diri ku sendiri awalnya bingung pas mau izin ke bunda pdhl udah book dari sebulan sebelumnya akhirnya izin pas h-2 hehehehe baru pas baliknya ngasih tau track gunung raung kek gimana","1928950370027589873","","","in","","0","0","0","https://x.com/undefined/status/1928950370027589873","770583298431029248",
"1928940051792019914","Sat May 31 22:22:00 +0000 2025","0","gunung pertamaku *proud* ⭐ https://t.co/Cl8CRkahbA","1928940051792019914","https://pbs.twimg.com/media/GsT4wTAacAA2cnZ.jpg","","in","","0","1","0","https://x.com/undefined/status/1928940051792019914","1874859970963124226",
"1928581616743624992","Sat May 31 22:14:55 +0000 2025","1","@Tomiceman88 @f4kr0ls00d Aku akan balik ke Gunung Ledang barang seminggu dua pondok dah berdebu sejak ke kota. Ingatkan nk bertapa semula tp ada khabar menyapa berbisik² di telinga lamaran dah diterima tunggu masanya saja akan majlis berinai nya pula.","1928938266696569145","","Tomiceman88","in","","0","1","0","https://x.com/undefined/status/1928938266696569145","1919623822560657415",
"1928884198716133554","Sat May 31 22:13:24 +0000 2025","0","@riwoog Bucin newbie ya? Pantes aktif banget kayak molekul gunung brahmantyo.","1928937885949968482","","riwoog","in","","0","0","0","https://x.com/undefined/status/1928937885949968482","1257763459166396417",
"1928909630157238543","Sat May 31 22:10:56 +0000 2025","0","@epoclipsz aku kira kamu beneran naik gunung nda.... baru mau aku tanyain","1928937263058268437","","epoclipsz","in","","0","1","0","https://x.com/undefined/status/1928937263058268437","1405118907497676800",
"1928934638036086964","Sat May 31 22:00:30 +0000 2025","0","Jam kerja TOA brutal 3:56 tiap pagi memutar MP3. Dengan suara cempreng TOA antar Kabupaten sampai ke puncak gunung. Pejebat korup yang mensubsidi: Prestasi yang menggembirakan. Kita bikin pendiri bangsa tersenyum di kuburannya .","1928934638036086964","","","in","","0","0","0","https://x.com/undefined/status/1928934638036086964","1534520507982561280",
"1928615993762255051","Sat May 31 21:55:58 +0000 2025","0","@salmagedone hhaahaha pas naik gunung","1928933498171031946","","salmagedone","tl","","0","0","0","https://x.com/undefined/status/1928933498171031946","2755821490",
"1928841759087538505","Sat May 31 21:53:05 +0000 2025","0","@latifahbinti17 Mantap gunung kembar bagaimana dengan keadaan kebun masih subur","1928932770975252791","","latifahbinti17","in","","0","0","0","https://x.com/undefined/status/1928932770975252791","1523706597603954688",
"1928932677706449345","Sat May 31 21:52:42 +0000 2025","0","Longsor Tambang Gunung Kuda Dukupuntang Cirebon Berstatus Tanggap Darurat https://t.co/FpOhQotOjT #Longsor #Cirebon #Ciayumajakuning","1928932677706449345","","","in","","0","0","0","https://x.com/undefined/status/1928932677706449345","341158195",
"1928930502410375641","Sat May 31 21:44:04 +0000 2025","6","Detik-detik bencana longsor terjadi di lokasi tambang galian C di kawasan Gunung Kuda Kabupaten Cirebon Jawa Barat pada Jumat (30/5/2025) pagi. https://t.co/WSjya4LKVW","1928930502410375641","https://pbs.twimg.com/ext_tw_video_thumb/1928930456327856128/pu/img/5qyEx8HZyLmnxe_F.jpg","","in","","0","0","2","https://x.com/undefined/status/1928930502410375641","1667088705180561409",
"1928928629444235507","Sat May 31 21:36:37 +0000 2025","2","gak lagi-lagi turun gunung langsung piket ke pantai ","1928928629444235507","","","in","","0","2","0","https://x.com/undefined/status/1928928629444235507","1308744060312498176",
"1928927471086293240","Sat May 31 21:32:01 +0000 2025","0","Kayaknya sekali seumur hidup kamu harus tau rasanya mendaki gunung di saat subuh tiba ngeliat langitnya dan pemandangan alam waw banget pasti.... Entah kapan gak ada yang ngajak.... ","1928927471086293240","","","in","","0","0","0","https://x.com/undefined/status/1928927471086293240","1727870899343544320",
"1928926459567157720","Sat May 31 21:28:00 +0000 2025","0","Kepikiran mau jalan2 ke Pakistan buat liat2 gunung yg viewnya keren banget. Eh ternyata di Jawa Timur juga ada euy atuhlah ","1928926459567157720","","","in","","0","0","0","https://x.com/undefined/status/1928926459567157720","440617699",
"1928925179805106601","Sat May 31 21:22:55 +0000 2025","0","Suara Gemuruh seperti Tsunami Detik-detik Longsor Gunung Kuda Cirebon 14 Orang Meninggal #TribunKaltim #Longsor #GunungKuda #Cirebon https://t.co/aKD9Jhpfa4 lewat @tribunnews","1928925179805106601","","","in","","0","0","1","https://x.com/undefined/status/1928925179805106601","103551225",
"1928923897581449571","Sat May 31 21:17:49 +0000 2025","0","Cek Sandal Pria Portee Goods Loom Sandal Pria Black Sandal Outdoor Sandal Gunung Sandal Traveling dengan harga Rp319.000. Dapatkan di Shopee sekarang! https://t.co/1TMO6raQd3 https://t.co/tqhNnZiE9o","1928923897581449571","https://pbs.twimg.com/media/GsTqD2LaMAI6r5d.jpg","","in","","0","0","0","https://x.com/undefined/status/1928923897581449571","2308193682",
"1928923671802032278","Sat May 31 21:16:55 +0000 2025","0","Cek Loggo - Sandal Borneo series - Sandal Japit Gunung Pria size 38-43 dengan harga Rp84.900. Dapatkan di Shopee sekarang! https://t.co/JBd8DUxt69 https://t.co/wdhR1REL3U","1928923671802032278","https://pbs.twimg.com/media/GsTp23vaMAAiade.jpg","","in","","0","0","0","https://x.com/undefined/status/1928923671802032278","2308193682",
"1928923540989857902","Sat May 31 21:16:24 +0000 2025","0","Cek BikeNBike - Sepeda Gunung 26 inch MTB RAZOR 3x8 Speed dengan harga Rp1.400.000. Dapatkan di Shopee sekarang! https://t.co/hWUVOh4FLY https://t.co/zTCCRjZ4xP","1928923540989857902","https://pbs.twimg.com/media/GsTpvG1bkAAhaYA.jpg","","in","","0","0","0","https://x.com/undefined/status/1928923540989857902","2308193682",
"1928923471314121020","Sat May 31 21:16:07 +0000 2025","0","Cek RUBTRACK Stingray Hiking 824 Sepatu Gunung Unisex dengan harga Rp219.000. Dapatkan di Shopee sekarang! https://t.co/MkIMGrlp26 https://t.co/gdIGoc1f3x","1928923471314121020","https://pbs.twimg.com/media/GsTprN6aMAIy0Cq.jpg","","in","","0","0","0","https://x.com/undefined/status/1928923471314121020","2308193682",
"1928922727269966088","Sat May 31 21:14:03 +0000 2025","0","@xoxopiey Masih banyak gunung yang harus di naiki atuhh","1928922948112666819","","xoxopiey","in","","0","1","0","https://x.com/undefined/status/1928922948112666819","1815328692597559296",
"1928922793988755632","Sat May 31 21:13:26 +0000 2025","0","Cek Athletica - Mount-Blanc Forest Green | Sepatu Trail Running | Sepatu Gunung | Sepatu Olahraga Pria Wanita dengan harga Rp394.000. Dapatkan di Shopee sekarang! https://t.co/xbhUWUEKZ4 https://t.co/W0xhCtDT0G","1928922793988755632","https://pbs.twimg.com/media/GsTpDx2bUAAH0zH.jpg","","in","","0","0","0","https://x.com/undefined/status/1928922793988755632","2308193682",
"1928922727269966088","Sat May 31 21:13:10 +0000 2025","1","summit 4 gunung bareng lovers hari ini https://t.co/rKCZuTuqk9","1928922727269966088","https://pbs.twimg.com/media/GsTo_nyaMAAaz1T.jpg","","in","","0","1","1","https://x.com/undefined/status/1928922727269966088","1513901959967043588",
"1928885858473583101","Sat May 31 18:46:40 +0000 2025","1","resmi menamatkan gunung slamet @babieapplee @zaynelie https://t.co/n1K8BR3j3k","1928885858473583101","https://pbs.twimg.com/media/GsTHdwQa0AAqzaX.jpg","","in","","0","1","1","https://x.com/undefined/status/1928885858473583101","1864927520833048578",
"1928840669360976083","Sat May 31 18:46:25 +0000 2025","13","@kdrama_menfess Yg nungguin ctlbt kesabarannnya sebesar gunung","1928885796737634597","","kdrama_menfess","in","","0","0","0","https://x.com/undefined/status/1928885796737634597","1147059793875460096",
"1927653932806889531","Sat May 31 18:46:13 +0000 2025","0","@killersmachine ⠀ Unik sekali. Tapi tidak ada gangguan kan sejauh ini? Iya kami memanggilnya dengan sebutan Ibu Ratu beliau adalah penjaga desa dan penunggu wilayah puncak gunung dekat desa kami berada. Sosok spesifiknya tidak bisa saya sebutkan agak pemali diceritakan ke orang asing. ⠀","1928885747873882509","","killersmachine","in","","0","0","0","https://x.com/undefined/status/1928885747873882509","1367857759",
"1928877981381882245","Sat May 31 18:43:06 +0000 2025","0","@Aclyieee oke nnti ku nntn ah makasih kak btw kalo mau naik gunung bareng aja yuk / ikut trip yuk kak WKWKKW","1928884961727173081","","Aclyieee","in","","0","1","0","https://x.com/undefined/status/1928884961727173081","1411728134731309058",
"1928864104816500826","Sat May 31 18:42:39 +0000 2025","0","Tapi saat kapten itu sedang melawan badainya sendiri di tengah samudera dia melihat gunung berapi yg ada di pulau itu sedang meletus. tapi sang kapten sudah terlalu lelah karena sudah selama itu mengarungi semudera tanpa tujuan. dia tetap menjadikan pulau itu tujuan.","1928884850422870132","","dhamaraaaaa","in","","0","1","0","https://x.com/undefined/status/1928884850422870132","1168579169023717376",
"1928884816445075909","Sat May 31 18:42:31 +0000 2025","1","kokwet menamatkan map gunung slamet dengan jiwa star syndrome @sorcerwess @babieapplee https://t.co/RguXv9pn7S","1928884816445075909","https://pbs.twimg.com/media/GsTGg4JbgAAlJV3.jpg","","in","","0","2","1","https://x.com/undefined/status/1928884816445075909","1917599307651506180",
"1928879119305158832","Sat May 31 18:42:21 +0000 2025","0","@cacingbermain dikampung nder ada gunung juga?","1928884774065607030","","cacingbermain","in","","0","1","0","https://x.com/undefined/status/1928884774065607030","1737417839064272896",
"1928884320778776711","Sat May 31 18:42:02 +0000 2025","0","@zaynelie @babieapplee skrg gw pham naik gunung itu lama karena jatoh mulu","1928884691446174142","","zayneliy","in","","0","1","0","https://x.com/undefined/status/1928884691446174142","1864927520833048578",
"1928883690358095982","Sat May 31 18:40:44 +0000 2025","2","@babieapplee @zaynelie btw gw naik gunung ga pake sepatu/sandal","1928884368178590198","","babieapplee","in","","0","1","0","https://x.com/undefined/status/1928884368178590198","1864927520833048578",
"1928884187391562081","Sat May 31 18:40:01 +0000 2025","0","TENDAKI Sleeping Bag Maninjau Model Mummy alat Camping utk Tidur di Gunung https://t.co/sC5aUEtDJk","1928884187391562081","","","in","","0","0","0","https://x.com/undefined/status/1928884187391562081","1864614913",
"1928884152947933376","Sat May 31 18:39:53 +0000 2025","4","PETAKA GUNUNG GEDE","1928884152947933376","","","in","","0","0","0","https://x.com/undefined/status/1928884152947933376","1617348889652400128",
"1928882759260377345","Sat May 31 18:34:21 +0000 2025","0","3 Jadilah bagiku gunung batu tempat berteduh kubu pertahanan untuk menyelamatkan aku; sebab Engkaulah bukit batuku dan pertahananku.","1928882759260377345","","","in","","0","0","0","https://x.com/undefined/status/1928882759260377345","551286859",
"1928881880650178786","Sat May 31 18:30:51 +0000 2025","0","Kakak Korban Longsor Gunung Kuda Minta Tolong Ke Kang Dedi Mulyadi Untuk Dicari Adiknya Yang Hilang Saat Sedang Berdagang Dilokasi Longsor Semoga Segera Ditemukan #kdm #dedimulyadi #gubernurjabar #gubernurjawabarat #kangdedimulyadi #longsor #gunungkuda https://t.co/zCP46io9we","1928881880650178786","https://pbs.twimg.com/ext_tw_video_thumb/1928881836975075331/pu/img/pqRIsZzbA0BWXh5-.jpg","","in","","0","0","0","https://x.com/undefined/status/1928881880650178786","2170763288",
"1928877981381882245","Sat May 31 18:28:15 +0000 2025","1","@bawakaleumaja banyak tau kasus diewe di gunung terus gak selamat pulangnya","1928881226657509667","","","in","","0","0","0","https://x.com/undefined/status/1928881226657509667","1821414111030480896",
"1928880389655073051","Sat May 31 18:24:56 +0000 2025","0","Tiga Jenazah Ditemukan di Galian C Gunung Kuda Cirebon https://t.co/AFsR1WS3og","1928880389655073051","","","in","","0","0","0","https://x.com/undefined/status/1928880389655073051","990237626",
"1928773537621316053","Sat May 31 18:23:43 +0000 2025","0","@pandji bang Pandji terima kasih sudah menghibur kita dengan vlog gunung Kawi lu bareng Dzawin. God bless you!","1928880083747700994","","pandji","in","","0","0","0","https://x.com/undefined/status/1928880083747700994","879621291896066048",
"1928877981381882245","Sat May 31 18:23:20 +0000 2025","4","@Aclyieee hah? WKWKWK lah kan naik gunung masa di ewe di gunung????","1928879987114828150","","Aclyieee","in","","0","1","0","https://x.com/undefined/status/1928879987114828150","1411728134731309058",
"1928847052810891689","Sat May 31 18:22:22 +0000 2025","0","@AliNgabalinNew Kalau Ngabalin sampai harus turun gunung kemungkinan raja jawa sudah semakin panik.. hidup Ngabalin ","1928879744101093865","","AliNgabalinNew","in","","0","0","0","https://x.com/undefined/status/1928879744101093865","1873302486074953728",
"1928878218863317376","Sat May 31 18:20:00 +0000 2025","1","tidak pernah se ez ini naik gunung https://t.co/DKC8S5Nr9I","1928879146442305862","https://pbs.twimg.com/media/GsTBTp5aMAcZ-Xt.jpg","fscalors","in","","0","0","0","https://x.com/undefined/status/1928879146442305862","1271073643057971202",
"1928879119305158832","Sat May 31 18:19:53 +0000 2025","1","duh pengen naik gunung","1928879119305158832","","","in","","0","2","0","https://x.com/undefined/status/1928879119305158832","1767915569762975744",
"1928869551388705047","Sat May 31 17:47:31 +0000 2025","0","@txtdrgame Cari aja min sepeda gunung 1 1 - 1 4jt banyak kokk","1928870972599447739","","txtdrgame","in","","0","1","0","https://x.com/undefined/status/1928870972599447739","1794218786964553729",
"1928869887272738847","Sat May 31 17:44:54 +0000 2025","0","@washereio cobain gunung sunda udah kahh?","1928870313313366174","","","in","","0","0","0","https://x.com/undefined/status/1928870313313366174","1887357312555491329",
"1928870045418926559","Sat May 31 17:43:50 +0000 2025","0","boleh tuh gunung fuji","1928870045418926559","","","in","","0","0","0","https://x.com/undefined/status/1928870045418926559","1915072395951644672",
"1928869905979551998","Sat May 31 17:43:16 +0000 2025","0","akhirnya selesai jg main gunung keramat","1928869905979551998","","","in","","0","0","0","https://x.com/undefined/status/1928869905979551998","1438077483832643584",
"1928635561117397065","Sat May 31 17:41:37 +0000 2025","0","@jejeayy1 gunung everest kali dia kak","1928869489573060724","","jejeayy1","tl","","0","0","0","https://x.com/undefined/status/1928869489573060724","1325019723520598017",
"1928869081538519108","Sat May 31 17:40:00 +0000 2025","4","Pohon di sekitar gunung ternyata 'mengetahui' kapan gunung akan meletus. Tanda-tanda ini terlihat dari daunnya. Wah seperti apa tandanya? Via @detik_edu https://t.co/QhEl1TXyZs","1928869081538519108","","","in","","0","0","1","https://x.com/undefined/status/1928869081538519108","69183155",
"1928853443122225636","Sat May 31 17:37:43 +0000 2025","0","@terbaku ajak naik gunung","1928868506822390244","","terbaku","in","","0","1","0","https://x.com/undefined/status/1928868506822390244","1319233173528535040",
"1928794197118566453","Sat May 31 17:36:55 +0000 2025","0","@sgu_minju Rasanya sangat kurang etis menyentuh sesuatu milik orang padahal kamu sudah punya juga '𝘬𝘢𝘯?! Haru akan mengamuk seperti gorila hewan buas yang diganggu tidurnya dan gunung berapi yang siap meletus. Yang kamu dengar bukan lagi suara sopran yang jelek akan tetapi ...","1928868306359914676","","sgu_minju","in","","0","1","0","https://x.com/undefined/status/1928868306359914676","821322058713874432",
"1928854609797558561","Sat May 31 17:36:17 +0000 2025","0","@fckwck_ Ayo tanduri meneh gunung e","1928868144837197831","","fckwck_","in","","0","1","0","https://x.com/undefined/status/1928868144837197831","758105618523623424",
"1928784017568026926","Sat May 31 17:31:11 +0000 2025","0","@swastamitta Gunung kapuk kah maksudnya?","1928866862881759630","","swastamitta","in","","0","0","0","https://x.com/undefined/status/1928866862881759630","1739265592534958080",
"1928843836245111266","Sat May 31 17:27:25 +0000 2025","1","@ainurohman Sejak awal komentator itu grindboys sama megawati kok bisa Komisaris ikut turun gunung #kritik","1928865916814504227","","ainurohman","in","","0","0","0","https://x.com/undefined/status/1928865916814504227","2160767077",
"1928719534862598458","Sat May 31 17:26:26 +0000 2025","0","@AliNgabalinNew Akhir turun gunung ali ngibulin","1928865669992362139","","AliNgabalinNew","in","","0","0","0","https://x.com/undefined/status/1928865669992362139","2295568801",
"1928804481971413416","Sat May 31 17:24:07 +0000 2025","0","@galihlanjar_ Ini kyknya yg arah ke base camp gunung kembang ya? Kemaren baru lewat situ","1928865084383674849","","galihlanjar_","in","","0","1","0","https://x.com/undefined/status/1928865084383674849","3570823154",
"1928864611777864177","Sat May 31 17:22:14 +0000 2025","0","bjirlah ak baru ada sinyal abis naik gunung","1928864611777864177","","","in","","0","1","0","https://x.com/undefined/status/1928864611777864177","1839186835182071812",
"1928864426783854622","Sat May 31 17:21:30 +0000 2025","0","salah satu wishlist tahun ini adalah harus bisa naik gunung. yg seribuan aja duluuu","1928864426783854622","","","in","","0","0","0","https://x.com/undefined/status/1928864426783854622","1009043702747021313",
"1928654514703270344","Sat May 31 17:20:22 +0000 2025","0","@OmJ_JeNggot gunung bersejarah ga si itu?","1928864142011592820","","OmJ_J3Nggott","in","","0","0","0","https://x.com/undefined/status/1928864142011592820","1780239800316157952",
"1928864104816500826","Sat May 31 17:20:13 +0000 2025","1","kapten sudah melihat pulau di depan sana pulau yg indah dengan gunung berapi yg kapan saja bisa meletus dan sekarang itulah tujuan kapten bersama kapal kecilnya. meski melewati badai tapi kapten telah menjadikan pulau itu tujuannya dan berharap bisa singgah selama mungkin. Juni.","1928864104816500826","","","in","","0","1","0","https://x.com/undefined/status/1928864104816500826","1168579169023717376",
"1928863544964981160","Sat May 31 17:18:00 +0000 2025","0","Gunung kawi selalu denger ceritanya waktu mama masih muda dan termyata kadang orang banyak gatau gn ini","1928863544964981160","","","in","","0","0","0","https://x.com/undefined/status/1928863544964981160","963718574",
"1928863434730291406","Sat May 31 17:17:34 +0000 2025","1","naik gunung seru banget ya walaupun emg cape tp seru ga sabar after skripsi gw kelar","1928863434730291406","","","in","","0","0","0","https://x.com/undefined/status/1928863434730291406","1238259631866011649",
"1928647713333068208","Sat May 31 17:16:24 +0000 2025","0","@kleponmaniz Jadi mikir..klo kebanyakan makan ayam..‍️","1928863141183557645","","kleponmaniz","in","","0","0","0","https://x.com/undefined/status/1928863141183557645","1735141551393878016",
"1928858948234535288","Sat May 31 16:59:44 +0000 2025","0","TAKUTTTTTTT SEMOGA ZANG HAI GA JADI UBI YA ALLAH MUSUH YANG INI PUNCAK GUNUNG ES BANGET https://t.co/Y7ATJJjEgR","1928858948234535288","https://pbs.twimg.com/media/GsSu_bBawAAtenC.jpg","","in","","0","1","0","https://x.com/undefined/status/1928858948234535288","4706156592",
"1928858804063461691","Sat May 31 16:59:16 +0000 2025","0","𝐈𝐈𝐈. 𝐓𝐈𝐓𝐈𝐀𝐍 𝐀𝐆𝐍𝐈 𝐓𝐎𝐌𝐁𝐀𝐊 𝐋𝐀𝐍𝐆𝐈𝐓 Ke timur gunung menghunjam langit dengan luka tombak nyala yang merobek dada cakrawala. Titian Agni belenggu bagi api yang tak bersuara penjara roh yang tak lahir hanya ditahan oleh mantra tua.","1928858830525399183","","AbdiKalidah","in","","0","1","0","https://x.com/undefined/status/1928858830525399183","1633493753599258625",
"1928826219518099919","Sat May 31 16:58:33 +0000 2025","0","@sweltesr cobain gunung olympus","1928858651856388405","","plersiden","in","","0","1","0","https://x.com/undefined/status/1928858651856388405","857464390991306752",
"1928858562354368986","Sat May 31 16:58:12 +0000 2025","0","Seraya komedi dalam puisi. Apabila aku titipkan resah dan duka ku pada semesta pastilah langit mengundang mendung angin menyeru badai laut menggiring ombak gunung pula meniupkan api. Tapi aku simpan sendiri aku sudah berusaha dan akhirnya membebaskan diri. Akhir dari Mei. ","1928858562354368986","","","in","","0","0","0","https://x.com/undefined/status/1928858562354368986","1109500478688096257",
"1928293569141543192","Sat May 31 16:58:04 +0000 2025","0","@rafiziramli Jalan terus DS walau mungkin dengan keadaan yang berbeza! Benih yang baik jatuh ke laut menjadi pulau jatuh ke darat menjadi gunung. Pedulikan yang remeh dan yang temeh. Nota: Tapi jangan lupa updates tentang ","1928858531114992086","","rafiziramli","in","","0","0","0","https://x.com/undefined/status/1928858531114992086","1397393126",
"1928837808195555765","Sat May 31 16:57:47 +0000 2025","0","@riyaavcs mending pantai apa gunung ya enaknya?","1928858455991005270","","secarikasa","in","","0","1","0","https://x.com/undefined/status/1928858455991005270","3095567305",
"1928783338011345371","Sat May 31 16:56:44 +0000 2025","0","@onyour___drew gass bang kita ratain gunung gunung itu","1928858193343418457","","onyour___drew","in","","0","0","0","https://x.com/undefined/status/1928858193343418457","1576175849069752320",
"1928857828770341240","Sat May 31 16:55:17 +0000 2025","0","Kalbar News: Korban Longsor Tambang Gunung Kuda Bertambah Tim ... https://t.co/sE8fmqZ2HZ","1928857828770341240","","","in","","0","0","0","https://x.com/undefined/status/1928857828770341240","1041431952362954752",
"1928857415308476491","Sat May 31 16:53:38 +0000 2025","0","Malmingan naik gunung malah jatuh anjir https://t.co/7XkTbZHdkv","1928857415308476491","https://pbs.twimg.com/media/GsStl9oaMAMJxXL.jpg","","in","","0","0","0","https://x.com/undefined/status/1928857415308476491","1687874399779913728",
"1928857011435024879","Sat May 31 16:52:02 +0000 2025","195","Longsor di tambang Galian C Gunung Kuda Cirebon 30 Mei 2025 tewaskan 17 orang 8 masih hilang. Diduga akibat metode penambangan tak aman. Tim SAR kesulitan karena cuaca buruk. Tambang ditutup permanen pemilik diamankan untuk penyelidikan. https://t.co/5cS7ZvRzqg","1928857011435024879","https://pbs.twimg.com/amplify_video_thumb/1928856756043788288/img/VvuuLRg3rWW9TgcV.jpg","","in","","9","7","124","https://x.com/undefined/status/1928857011435024879","483310591",
"1928856758694416713","Sat May 31 16:51:02 +0000 2025","1","bismillah lolos supaya bisa hiking dan melompat dari puncak gunung","1928856758694416713","","","in","","0","0","0","https://x.com/undefined/status/1928856758694416713","1645138725259853825",
"1928427465073901935","Sat May 31 16:50:32 +0000 2025","0","@tanyakanrl krn di gunung min 1x","1928856634673004957","","tanyakanrl","in","","0","0","0","https://x.com/undefined/status/1928856634673004957","1767889607411245056",
"1928750725443817724","Sat May 31 16:49:11 +0000 2025","0","@chesnutellatte_ sudah saatnya kita naik gunung","1928856295504842831","","","in","","0","0","0","https://x.com/undefined/status/1928856295504842831","1132399458476384256",
"1928845441627730127","Sat May 31 16:48:03 +0000 2025","0","@hugchannie Aku trauma naik gunung bukan puncak","1928856009470312467","","hugchannie","in","","0","1","0","https://x.com/undefined/status/1928856009470312467","1637563573537845249",
"1928363297688146234","Sat May 31 16:47:54 +0000 2025","0","@yourbae Kalu gunung yang lembek namanya apa","1928855972409176215","","yourbae","in","","0","0","0","https://x.com/undefined/status/1928855972409176215","1178134545234743296",
"1928855392303333813","Sat May 31 16:47:28 +0000 2025","0","sejauh ini rubasa paling cakep yah grafiknya.. trus ga bikin eneg jg seruu. nanti aku explore lg yah gunung seluruh dunia mungkin sampe bisa hiking beneran","1928855863554347272","","LCAMincil","in","","0","1","0","https://x.com/undefined/status/1928855863554347272","723138832393105409",
"1928841481835655503","Sat May 31 16:45:33 +0000 2025","0","@akmal_ardi78 @idextratime Ujung surken gunung gede dkt mata air bg wkwkwk","1928855378835423511","","akmal_ardi78","in","","0","0","0","https://x.com/undefined/status/1928855378835423511","1752035539426152448",
"1928822770135171210","Sat May 31 16:45:23 +0000 2025","0","@kechappywithu Ayoo nnti kita mndaki gunung yg blum kmu tamatinn kechaa","1928855335814709299","","cupofkecha","in","","0","1","0","https://x.com/undefined/status/1928855335814709299","1531488765272727557",
"1928852961578430683","Sat May 31 16:45:10 +0000 2025","0","@fenziel di gunung kodok tuu","1928855281448145365","","","in","","0","0","0","https://x.com/undefined/status/1928855281448145365","1743121349156253696",
"1928855244001390616","Sat May 31 16:45:01 +0000 2025","14","ekspedisi di gunung salak bersama bu imas dan pak markus https://t.co/mlFPXxCGa6","1928855244001390616","","","in","","0","0","3","https://x.com/undefined/status/1928855244001390616","1759858501596422144",
"1928854948369834452","Sat May 31 16:43:50 +0000 2025","0","Mokachang habis mendaki gunung yaa #MokaLCA","1928854948369834452","","","in","","0","1","0","https://x.com/undefined/status/1928854948369834452","994862518114889746",
"1928714953017438484","Sat May 31 16:43:31 +0000 2025","0","@kuyangmanis_ Yang mendaki gunung itu harus siap semuanya","1928854866849415251","","kuyangmanis_","in","","0","0","0","https://x.com/undefined/status/1928854866849415251","1376821909791240196",
"1923361265063207153","Sat May 31 16:43:20 +0000 2025","0","@chtaeryeong HAISH bisa aja... Ini jadi konsepnya self-love ya? Boleh-boleh ^^ Kakak tau bunga ini tumbuh di gunung-gunung jadi makna apa yang melekat di hatimu?","1928854820028334141","","chtaeryeong","in","","0","1","0","https://x.com/undefined/status/1928854820028334141","1902616029056167936",
"1928605184478916678","Sat May 31 16:41:46 +0000 2025","0","Bu Jendral turun gunung https://t.co/1BJmUwrx1k","1928854427890335988","https://pbs.twimg.com/media/GsSq4JmaMAIbxPA.jpg","fathale","in","","0","1","0","https://x.com/undefined/status/1928854427890335988","85293785",
"1928853692922450363","Sat May 31 16:38:51 +0000 2025","0","Polisi kerahkan Tim DVI identifikasi korban longsor Gunung Kuda Jabar https://t.co/xzRKhb5c13","1928853692922450363","","","in","","0","0","0","https://x.com/undefined/status/1928853692922450363","1006054070077964289",
"1928852836324094275","Sat May 31 16:38:24 +0000 2025","0","@marvenls Kata orang yang udah tamatin 20 gunung","1928853578094870941","","marvenls","in","","0","0","0","https://x.com/undefined/status/1928853578094870941","3073460635",
"1928853259051012218","Sat May 31 16:37:07 +0000 2025","0","Gimana kalo bulan juni naik gunung aja? Garut? Purwakarta?","1928853259051012218","","","in","","0","0","0","https://x.com/undefined/status/1928853259051012218","177494221",
"1928654514703270344","Sat May 31 16:33:14 +0000 2025","1","@DonaldTunp75739 Ya Jabal abu qubais gunung pertama yang diciptakan Allah di bumi dan gunung ini penuh dengan sejarah para nabi","1928852279584587962","","DonaldTunp75739","in","","0","0","0","https://x.com/undefined/status/1928852279584587962","721590341669748736",
"1928654514703270344","Sat May 31 16:33:00 +0000 2025","0","@OmJ_JeNggot gunung ini bersejarah","1928852219400683711","","OmJ_J3Nggott","in","","0","0","0","https://x.com/undefined/status/1928852219400683711","1081742312202371077",
"1928848830985810187","Sat May 31 16:32:50 +0000 2025","0","@cauwnie FELTTTTTTTTTTTTTT YUK NAEK GUNUNG","1928852180196376738","","cauwnie","in","","0","1","0","https://x.com/undefined/status/1928852180196376738","1404717319675211784",
"1927994009714069523","Sat May 31 16:32:46 +0000 2025","1","1-2: 40k 3: 10k 4: 45k wts want to sell jual preloved thrift kaos panjang long sleeve skena crop jersey orginal adidas lari gunung murah https://t.co/cv53Nk7vQx","1928852164140544278","https://pbs.twimg.com/media/GsSo0GTaMAIqR0o.jpg","skybbae","in","","0","0","0","https://x.com/undefined/status/1928852164140544278","1387844810866712577",
"1928834653068128761","Sat May 31 16:32:45 +0000 2025","0","@_freakingout haaiii kak w! untuk operasi hujan deras 30k yaa yang gunung suci boleh liat pl aku dibawah sini! masih ada diskon 1 slot nih! (2/3) benefitnya boleh di cek yaaa dibawah sini https://t.co/dQ166m39qc","1928852156414833008","","Yurifications_","in","","0","0","0","https://x.com/undefined/status/1928852156414833008","1186255724814336000",
"1928851982107947317","Sat May 31 16:32:03 +0000 2025","0","stress banget gunung dempo kok susah sih njing","1928851982107947317","","","in","","0","1","0","https://x.com/undefined/status/1928851982107947317","1768203777046425600",
"1928841931439714531","Sat May 31 16:31:25 +0000 2025","0","@mngpidni Kalau km suka naik gunung dia mau","1928851820794798375","","mngpidni","in","","0","1","0","https://x.com/undefined/status/1928851820794798375","2476277745",
"1927994009714069523","Sat May 31 16:30:54 +0000 2025","1","1: 7k 2: 60k (sekali pake beli di butik +180) 3: 10k 4: 15k wts want to sell jual jersey olahraga gunung hoodie crop pink baju tidur motif santai blouse preloved thrift murah https://t.co/tjVqERk9cd","1928851692298064083","https://pbs.twimg.com/media/GsSoYqsaMAIKAsQ.jpg","skybbae","in","","0","2","1","https://x.com/undefined/status/1928851692298064083","1387844810866712577",
"1928851624635883921","Sat May 31 16:30:38 +0000 2025","0","Dan ada gunung di jabar tangkuban perahu Apakah perahu nabi nuh Apakah sejarah dipelintir sang pemenang Faktanya slalu bipang bgitu Winner take em all","1928851624635883921","","","in","","0","0","0","https://x.com/undefined/status/1928851624635883921","1680284532015239168",
"1928851359748518034","Sat May 31 16:29:35 +0000 2025","0","Coba aja uang gw unlimited dean dimana lu show gw datangin anjirr Takut lu naik gunung lagiii","1928851359748518034","","","in","","0","0","0","https://x.com/undefined/status/1928851359748518034","1574048340601630725",
"1928846484516053173","Sat May 31 16:29:16 +0000 2025","0","@blessinmind naek gunung","1928851281575075929","","blessinmind","in","","0","0","0","https://x.com/undefined/status/1928851281575075929","1513179254107697155",
"1928851263761813886","Sat May 31 16:29:12 +0000 2025","0","dipa info dong yang sewain sepatu gunung &amp; tracking pole area tembalang makasiii yaaa","1928851263761813886","","","in","","0","0","0","https://x.com/undefined/status/1928851263761813886","1109229542416105472",
"1928851058081566897","Sat May 31 16:28:23 +0000 2025","0","22° klo dipucuk gunung emg sedingin ini ya abis dri kamar mandi kaki w kerasa beku ","1928851058081566897","","","in","","0","0","0","https://x.com/undefined/status/1928851058081566897","1870885476720353280",
"1928849445946343824","Sat May 31 16:27:47 +0000 2025","0","@tarnishedreed Hehe aku lagi sibuk direal life. Sekarang lagi dibasecamp gunung prau","1928850906793062507","","tarnishedreed","in","","0","0","0","https://x.com/undefined/status/1928850906793062507","768977829115621378",
"1928850788228432155","Sat May 31 16:27:18 +0000 2025","0","ini semua orang janjian ke gunung ya? liat insta story isinya gunung semua","1928850788228432155","","","in","","0","2","0","https://x.com/undefined/status/1928850788228432155","3103236235",
"1928846238851674280","Sat May 31 16:26:58 +0000 2025","0","@mayalutha ️️ Hmm nanti kita ke gunung ya ️️","1928850703839007130","","mayalutha","in","","0","0","0","https://x.com/undefined/status/1928850703839007130","1304818054014984192",
"1928850684511981877","Sat May 31 16:26:54 +0000 2025","0","Aku lagi di basecamp besok pagi mau tektok ke gunung prau","1928850684511981877","","","in","","0","1","0","https://x.com/undefined/status/1928850684511981877","768977829115621378",
"1928849359342547317","Sat May 31 16:25:27 +0000 2025","0","@lullobie OOHHH.. belum kami mau selesain merbabu tadinya tapi malah masuk gunung salak","1928850319020282106","","","in","","0","0","0","https://x.com/undefined/status/1928850319020282106","3073460635",
"1928840844766769563","Sat May 31 16:25:09 +0000 2025","0","@southrenz Kamu lagi di gunung bukannya? Emang ada sinyal?","1928850246194393177","","","in","","0","0","0","https://x.com/undefined/status/1928850246194393177","1739265592534958080",
"1928793598251905533","Sat May 31 16:25:07 +0000 2025","0","@xyzhov susa sih klo ama gunung salju itu tp klo ama gege keknya malah saling pelukan ya krn sama gila","1928850238309036108","","pleasekith","in","","0","0","0","https://x.com/undefined/status/1928850238309036108","1686753996181278720",
"1928849159399862386","Sat May 31 16:24:03 +0000 2025","0","@WonyoungRBR eneg aku mainnya ayaya sama kayak everest dan himalaya bkin aku eneg soalnya dia tuh jauh panjang lama... GELAP BGT... TRUS ADA ERUPSI GUNUNG MULU MONYEEEEEEEEET AKU UD SELANGKAH NYAMPE POS 6 MALAH KENA LAVA","1928849967424143821","","Mlerux","in","","0","0","0","https://x.com/undefined/status/1928849967424143821","723138832393105409",
"1928849538938277904","Sat May 31 16:22:21 +0000 2025","1","Jumat 30 Mei 2025 pukul 23.50 WIB Aipda Dede Anggota Samapta Polsek Pademangan melaksanakan Patroli Dialogis ke Jl.Gunung Sahari Pademangan Barat bertemu dengan Bpk.Priyatno sampaikan pesan kamtibmas agar mengantisipasi pencurian ranmor dengan menggunakan kunci ganda https://t.co/IwioDiYqFs","1928849538938277904","https://pbs.twimg.com/media/GsSmaLIaMAMiAeV.jpg","","in","","0","0","0","https://x.com/undefined/status/1928849538938277904","1092967217782640640",
"1928845371012223346","Sat May 31 16:22:13 +0000 2025","0","@hellomiiyuu tau ka main gunung Everest yg penting sinyal aman aja ","1928849509368422488","","hellomiiyuu","in","","0","1","0","https://x.com/undefined/status/1928849509368422488","1403780494794182660",
"1928846457383071863","Sat May 31 16:22:04 +0000 2025","0","@moiinwoo roblox duh banyak map nyaa kakk biasanya kalo mabar di map yg emg seru misal kyk map daki gunung atau segala macem lainnya gt kyk seluruh game ada di roblox ","1928849471506371030","","moiinwoo","in","","0","1","0","https://x.com/undefined/status/1928849471506371030","1896499092752322560",
"1928848310254608714","Sat May 31 16:22:01 +0000 2025","1","@librawhh ow shidd bahkan sampe di gunung pun banyak yg blng gini ","1928849458843758984","","librawhh","in","","0","0","0","https://x.com/undefined/status/1928849458843758984","1723348537768108032",
"1928331056416956566","Sat May 31 16:21:36 +0000 2025","0","@Wonbifin Ini yang katanya pesugihan gunung kawi itu ya? Gimana dik udah kaya belum sekarang? BjiL ada bang windut sebagai sumber kebahagiaan meski hari-hari dikasih makan jamsker. ","1928849354082963574","","Wonbifin","in","","0","1","0","https://x.com/undefined/status/1928849354082963574","1435131437682884609",
"1928849257177534854","Sat May 31 16:21:13 +0000 2025","0","Membasuh diri dalam kepulan asap gunung berapi seperti yang seharusnya dilakukan setiap hari oleh-oleh rasa berani yang sempat ditawarkan petinggi negeri ini bodohnya aku ambil saja tanpa pula berpikir apa-apa ucapnya baik-baik juga.","1928849257177534854","","","in","","0","0","0","https://x.com/undefined/status/1928849257177534854","1265444983584088064",
"1928849107029827802","Sat May 31 16:20:38 +0000 2025","0","Retak nya baru desember tau lalu pas natalan mau setrika baju ituu tpi aku ga ngeh setrika nya jatuh kena hp. pio ketawajn kamera ku jir lgi vc kamera ku kek di kabut gunung bromo ","1928849109714161904","","astjinwo","in","","0","0","0","https://x.com/undefined/status/1928849109714161904","1401201191535529987",
"1928827419986886692","Sat May 31 16:20:17 +0000 2025","0","@araaqsnr Preman yg jaga candi gunung gangsir ","1928849021935955980","","araaqsnr","in","","0","1","0","https://x.com/undefined/status/1928849021935955980","1821340521987764224",
"1928848753831604614","Sat May 31 16:19:13 +0000 2025","0","Marven vs gunung salak.","1928848753831604614","","","in","","1","0","0","https://x.com/undefined/status/1928848753831604614","3073460635",
"1928836020910567588","Sat May 31 16:04:11 +0000 2025","0","@fvckingtird gue naik gunung kagak nyampe ","1928844970745860473","","X365ONE","in","","0","1","0","https://x.com/undefined/status/1928844970745860473","1411295372131979265",
"1928844831305912800","Sat May 31 16:03:38 +0000 2025","0","paha gw pegel bgt serasa habis ngedaki gunung pendul. mana segala lupa bayar print print an ni besok pg buta harus udh otw ke abangnya dah","1928844831305912800","","","in","","0","0","0","https://x.com/undefined/status/1928844831305912800","1235383497558130688",
"1928844555966885996","Sat May 31 16:02:32 +0000 2025","1","Jumat 30 Mei 2025 pukul 22.22 WIB Anggota Samapta Polsek Pademangan bersama piket fungsi lainnya melaksanakan Giat Patroli Pembiruan di Jl.Gunung Sahari Pademangan Barat dalam rangka antisipasi 3C Tawuran Balapan Liar maupun Guantibmas Lainnya. https://t.co/gZRjD0l9nm","1928844555966885996","https://pbs.twimg.com/media/GsSh4IPaMAUinLm.jpg","","in","","0","0","0","https://x.com/undefined/status/1928844555966885996","1092967217782640640",
"1928843636147363893","Sat May 31 16:01:11 +0000 2025","0","Tiba tiba pengen bacang yang di gunung batu","1928844215703818279","","SmokerCat_","in","","0","0","0","https://x.com/undefined/status/1928844215703818279","1277067043",
"1928831546720727052","Sat May 31 16:01:10 +0000 2025","0","@rexlapis_legit Mantan anak gunung setaun nih makanya masih aklimatisasi wkwk","1928844211555807400","","rexlapis_legit","in","","0","0","0","https://x.com/undefined/status/1928844211555807400","1204300719613865984",
"1928834182567883154","Sat May 31 16:01:03 +0000 2025","0","@tehhalia444 gunung ni","1928844180870119701","","tehhalia444","in","","0","0","0","https://x.com/undefined/status/1928844180870119701","823139027180105729",
"1928811361179500948","Sat May 31 16:00:59 +0000 2025","0","@sanpeachykeen gimana ga berat yang lu gendong gunung...","1928844164122423532","","luvpahnthitta","in","","0","0","0","https://x.com/undefined/status/1928844164122423532","1703783584757350400",
"1928844104894410937","Sat May 31 16:00:45 +0000 2025","0","Sopo wong jowo sing rareti artine jawah Ki udan??? Aku. Biyen pas kkn aku ditakoni Mba nek blonjo nandi? Karna pondokku di gunung dan toko2 dibawah trs aku mengira jawah Ki kromo inggil e bawah yo tak jawab ae Teng jawah Bu Ancen pekok dlogog sakjenise","1928844104894410937","","","in","","0","0","0","https://x.com/undefined/status/1928844104894410937","1726463577371095041",
"1928844042240221640","Sat May 31 16:00:30 +0000 2025","1","Tim SAR gabungan masih melakukan upaya pencarian terhadap korban yang tertimbun longsor Gunung Kuda Dukupuntang Cirebon Jawa Barat. Pada pencairan hari kedua atau Sabtu (31/5/2025) tim gabungan berhasil mengevakuasi 3 korban dalam kondisi meninggal dunia tertimbun longsor https://t.co/NKxBx2ubTs","1928844042240221640","https://pbs.twimg.com/media/GsSUsAWa4AAljsY.jpg","","in","","0","0","0","https://x.com/undefined/status/1928844042240221640","231355136",
"1928507855981699554","Sat May 31 15:59:53 +0000 2025","0","@Mwizukii Ini mau rencana ke gunung mau ikut ?","1928843888380321923","","Mwizukii","in","","0","1","0","https://x.com/undefined/status/1928843888380321923","1162063708215894017",
"1928807469163085992","Sat May 31 15:58:40 +0000 2025","0","@JPFBASE waktu di gunung myoboku lagi belajar energi alam sama fukasaku","1928843581919285653","","JPFBASE","in","","0","0","0","https://x.com/undefined/status/1928843581919285653","2739071556",
"1928840090605719668","Sat May 31 15:57:47 +0000 2025","0","@kagokpisan @dinadotjpg @yasshyasu kalo naik gunung beraknya gmn-?","1928843360304877981","","kagokpisan","in","","0","1","0","https://x.com/undefined/status/1928843360304877981","1212630825939767297",
"1928708442690134482","Sat May 31 15:55:44 +0000 2025","0","@jellypastaa Bentar lagi adik ku juga nikah apa minta peralatan naik gunung aja ya kan lumayan bisa disewakan","1928842842182410336","","jellypastaa","in","","0","0","0","https://x.com/undefined/status/1928842842182410336","1632868149787000832",
"1928842727170437540","Sat May 31 15:55:16 +0000 2025","3","ak mw naik gunung lagi gaiss doain selamat sampe tujuan yahh https://t.co/7np7GacVEu","1928842727170437540","https://pbs.twimg.com/media/GsSgPJ0bIAAWNWa.jpg","","in","","0","5","0","https://x.com/undefined/status/1928842727170437540","1871580482946977793",
"1928842610354872425","Sat May 31 15:54:49 +0000 2025","0","Anjrit pak Duta bener bener awet muda bgt. Fix makan orok anjriiiiiitttttttt atau gak jumat kliwon ke gunung kidul","1928842610354872425","","","in","","0","0","0","https://x.com/undefined/status/1928842610354872425","1076344317805916166",
"1928838216460742981","Sat May 31 15:54:40 +0000 2025","0","@qewpye adaa tangkuban sama gunung dempo deh kayanya","1928842573260427520","","qewpye","in","","0","1","0","https://x.com/undefined/status/1928842573260427520","1764264705970057216",
"1928842110393856452","Sat May 31 15:52:49 +0000 2025","0","plotwist naik gunung nya ber 4","1928842110393856452","","","in","","0","0","0","https://x.com/undefined/status/1928842110393856452","1666095074873319425",
"1928842071777141099","Sat May 31 15:52:40 +0000 2025","0","Kabupaten Nias Catat 99 41 % Telah Terbentuk Kopdes https://t.co/jEGNKBGRJU","1928842071777141099","","","in","","0","0","0","https://x.com/undefined/status/1928842071777141099","934447907163357184",
"1928841916038189548","Sat May 31 15:52:03 +0000 2025","7","Pemerintah Provinsi Jawa Barat segera merespons Tragedi longsor di kawasan tambang Galian C Gunung Kuda dengan menetapkan status tanggap darurat bencana selama tujuh hari. ~LL #Peristiwa #Bencana #GunungKuda https://t.co/BcvTf6fq2l","1928841916038189548","https://pbs.twimg.com/amplify_video_thumb/1928838850534948864/img/UGdH9v0oIXKOvO8P.jpg","","in","","0","0","0","https://x.com/undefined/status/1928841916038189548","23343960",
"1928841897499357480","Sat May 31 15:51:59 +0000 2025","1","habis summit 2 gunung langsung encok. https://t.co/48IhoQwtnn","1928841897499357480","https://pbs.twimg.com/media/GsSfe8YaMAAoxrk.jpg","","in","","0","2","1","https://x.com/undefined/status/1928841897499357480","1614226045",
"1928838563799470148","Sat May 31 15:38:44 +0000 2025","14","Sebanyak 14 orang dilaporkan meninggal dunia dalam peristiwa longsor yang terjadi di Gunung Kuda Cirebon. ~LL #Peristiwa #Bencana #LongsorGunungKuda https://t.co/nKeZg0T1iL","1928838563799470148","https://pbs.twimg.com/amplify_video_thumb/1928812160110731264/img/nde5SqJRxlrXKYSR.jpg","","in","","1","3","7","https://x.com/undefined/status/1928838563799470148","23343960",
"1928828901599621536","Sat May 31 15:38:32 +0000 2025","0","@moonzierfa @BOYNEXTDOOR_twt thank u hahaha penuh nih si esannya kek gunung gede","1928838512092262528","","moonzierfa","in","","0","0","0","https://x.com/undefined/status/1928838512092262528","1921820499728117760",
"1928838481113133222","Sat May 31 15:38:24 +0000 2025","4","Mei segera berlalu. Terima kasih untuk banyak pelajaran pengalaman dan pencapaian berharga. Selamat dtg Juni yg pasti semakin baik dan menakjubkan. Perjalanan yg sempat tertunda untuk ke puncak gunung untuk menggapai bintang pasti semakin mengasyikkan dan menakjubkan https://t.co/nMGAGreMTw","1928838481113133222","https://pbs.twimg.com/tweet_video_thumb/GsScXtTaMAAqp5K.jpg","","in","","0","0","0","https://x.com/undefined/status/1928838481113133222","21760657",
"1928838344676372954","Sat May 31 15:37:52 +0000 2025","0","REVISI SE GUNUNG ANJINGGGGG ️️️️️️️️️ guys semangatin gue ️️️️️️️️","1928838344676372954","","","in","","1","2","0","https://x.com/undefined/status/1928838344676372954","1914870753973166081",
"1928831287198089521","Sat May 31 15:37:38 +0000 2025","0","@woonhakcookies @BOYNEXTDOOR_twt NYEMBUR CANTIK BANGET SAYANGKUU cantik kasihku manisku belahan jiwaku separuh nafasku hatiku jantungku lambungju liverku ususku ak rela terjun dari gunung everst demi kmu sayangg","1928838285499183574","","woonhakcookies","in","","0","1","0","https://x.com/undefined/status/1928838285499183574","1912527096850878464",
"1928838255752933657","Sat May 31 15:37:30 +0000 2025","0","ini mirip daerah rumahku Kabupaten Malang deket kaki Gunung Arjuno. Beberapa bulan lalu mereka nyanyi Garam &amp; Madu tapi minggu lalu nyanyi lagu JUMBO. Pas kutanyain: mereka belum nonton bioskop tapi tahu JUMBO d FB memang nyata kalau JUMBO udh masuk akar rumput @Adriandhy","1928838255752933657","","","in","","0","0","0","https://x.com/undefined/status/1928838255752933657","46315100",
"1928838216460742981","Sat May 31 15:37:21 +0000 2025","0","emg ada gunung roblok yg bisa gendong gendong gitu?","1928838216460742981","","","in","","0","3","0","https://x.com/undefined/status/1928838216460742981","1921957626914729984",
"1928837200101142569","Sat May 31 15:36:49 +0000 2025","0","@yournamecore crush lu yang mana yas mau gw kasih tau lu pernah berak dipuncak gunung sunda","1928838080154259770","","","in","","0","0","0","https://x.com/undefined/status/1928838080154259770","1369249795806687234",
"1928838016539439189","Sat May 31 15:36:33 +0000 2025","11"," Apa yang memang ditakdirkan untukmu pasti akan menjadi milikmu bahkan jika itu berada di bawah dua gunung. Dan apa yang memang tidak ditakdirkan untukmu tidak akan pernah menjadi milikmu bahkan jika itu berada tepat di antara dua bibirmu. (Imam Al-Ghazali)","1928838016539439189","","","in","","0","2","4","https://x.com/undefined/status/1928838016539439189","990440418",
"1928837698271252834","Sat May 31 15:35:17 +0000 2025","3","karena gapernah boleh nanjak gunung kita jajal trekking dulu. impianku pelan2 ayo kita capai satu2!! first time trekking berasa menemukan 'ini emg dunia gua bgt sih' https://t.co/70xOwWeq6H","1928837698271252834","https://pbs.twimg.com/media/GsSbnA_aMAUAtGa.jpg","","in","","0","2","0","https://x.com/undefined/status/1928837698271252834","1516001065787101184",
"1928834909285535801","Sat May 31 15:35:08 +0000 2025","0","@ciggavolu lu di kaki gunung ya","1928837659939451307","","ciggavolu","in","","0","0","0","https://x.com/undefined/status/1928837659939451307","1506347205724356609",
"1928834891283837414","Sat May 31 15:34:49 +0000 2025","0","@crunchyyummie itu yg di film petaka gunung gede","1928837579652079827","","crunchyyummie","in","","0","1","0","https://x.com/undefined/status/1928837579652079827","1178273360238657537",
"1928777967829655614","Sat May 31 15:34:15 +0000 2025","0","@cutie_tifa @hord_1921 Jauh bgt anj8r harus mendaki gunung lewati lembah dulu ","1928837434181345577","","dearyjhrj","in","","0","1","0","https://x.com/undefined/status/1928837434181345577","1710320762656280576",
"1928834653068128761","Sat May 31 15:34:07 +0000 2025","0","@_freakingout Haloo kk anomali lelah ketemu dengan anomali full energi sugar rush namanya calla! Operasi hujan deras : 30k all clear Explore gunung suci : 285k kalo belum quest! Kalo udah selesai quest bisa aku cek yaa udah berapa % Avail qris dapet bonus bnyk!","1928837403567075448","","Yurifications_","in","","0","0","0","https://x.com/undefined/status/1928837403567075448","1796841024817668096",
"1928805783141015910","Sat May 31 15:33:54 +0000 2025","0","@arrtmatika KOCAK tadi aku di pentung di gunung Sunda","1928837348025901216","","arrtmatika","in","","0","1","0","https://x.com/undefined/status/1928837348025901216","1920976557382004738",
"1928818043527827573","Sat May 31 15:33:05 +0000 2025","0","@midnightgurl___ Anying langsung pacaran dek gunung","1928837144388509886","","midnightgurl___","in","","0","1","0","https://x.com/undefined/status/1928837144388509886","1120539847158927360",
"1928836674974367764","Sat May 31 15:31:14 +0000 2025","1","Mendaki gunung lewati lembah bersama Sal. https://t.co/iXookIf7nO","1928836674974367764","https://pbs.twimg.com/media/GsSauvWa0AAj_vw.jpg","","in","","0","1","1","https://x.com/undefined/status/1928836674974367764","1511985016321978369",
"1928836020910567588","Sat May 31 15:30:36 +0000 2025","0","@fvckingtird Naik gunung yukk","1928836519118176325","","X365ONE","in","","0","1","0","https://x.com/undefined/status/1928836519118176325","1817428415596883968",
"1928836161364963521","Sat May 31 15:29:11 +0000 2025","0","Ya allah before nambah usia aku diberi kesempatan utk hiking ijen dan snorkeling menjangan. MasyaAllah tabarakallah 2 hal yg pernah aku impikan utk gak aku wujudkan: hiking gunung snorkeling di laut. Krn emg anaknya mager aja outdoor activity. Yg ga pernah disangka yg terjadi.","1928836161364963521","","","in","","0","0","0","https://x.com/undefined/status/1928836161364963521","1312716057589608448",
"1928836065256944015","Sat May 31 15:28:48 +0000 2025","0","memberanikan diri copot tempered glass yang udah kaya jendela bus gunung sembung ga kerawat","1928836065256944015","","","in","","0","0","0","https://x.com/undefined/status/1928836065256944015","1256253860739297283",
"1928806451008667673","Sat May 31 15:26:56 +0000 2025","0","@sbyfess mbendino munggah gunung sari yo gak ngowo opo opo aku cak","1928835595075297327","","sbyfess","in","","0","0","0","https://x.com/undefined/status/1928835595075297327","1909978693642186753",
"1928788844951781570","Sat May 31 15:26:46 +0000 2025","0","@4leci4 @Opowaelahkeno77 Percaya Atau Tidak bisa dibuktikan Asal berani bisa saya buktikan ke alam dimensi laen wilayah gunung Kawi..Harus dialami jgn cerita doang nanti penjelasannya kalo sudah mengalami","1928835553765499103","","4leci4","in","","0","1","0","https://x.com/undefined/status/1928835553765499103","1600575280870850560",
"1928835475625881977","Sat May 31 15:26:28 +0000 2025","0","males bgt kalo ditinggal naik gunung gini anjggg pasti susah ngabarinn","1928835475625881977","","","in","","0","1","0","https://x.com/undefined/status/1928835475625881977","1091966146524266496",
"1928834653068128761","Sat May 31 15:25:26 +0000 2025","0","@_freakingout Operasi hujan deras 30k all clear Gunung suci dan tanah Kudus ini explore ya kak 1 5k/% aku cek dulu ya progressnya udah sampai mana Avail qris dan dapat loyalty card bisa dikerjain sekarang nih tanpa antrian yang atas bisa selesai 40 menit-1 jam-an ya kak bonus mats by req.","1928835217688510966","","Yurifications_","in","","0","0","0","https://x.com/undefined/status/1928835217688510966","1720293097190612992",
"1928835149413679324","Sat May 31 15:25:10 +0000 2025","1","Giat Patroli KRYD di Jl Raya Komering Agung Kec Gunung Sugih Kab. Lampung Tengah guna Mencegah terjadinya Tindak Pidana C-3 dan Gangguan Kamtibmas lainnya di Wilayah Hukum Polsek Gunung Sugih Polres Lampung Tengah. Sabtu (31 Mei 2025). #patrolikryd #cegah3c https://t.co/c9pjUyoCwl","1928835149413679324","https://pbs.twimg.com/media/GsSZUgaasAA3Bny.jpg","","in","","0","0","1","https://x.com/undefined/status/1928835149413679324","1269125579841798146",
"1928811228660404270","Sat May 31 15:23:48 +0000 2025","0","@sanwooVk Seonghwa gendong gunung kasian","1928834807024234551","","sanwooVk","in","","0","1","0","https://x.com/undefined/status/1928834807024234551","1626145783610511361",
"1928833145916346481","Sat May 31 15:23:16 +0000 2025","0","@himasan666 gunung kembar (?)","1928834670822830463","","himasan666","in","","0","1","0","https://x.com/undefined/status/1928834670822830463","1849092280524980224",
"1928834447136231516","Sat May 31 15:22:22 +0000 2025","0","Tim SAR temukan tiga korban longsor tambang Gunung Kuda Cirebon https://t.co/sj5hj840Ng https://t.co/SU1aKlPRwG","1928834447136231516","https://pbs.twimg.com/media/GsSYsrzaMAQRkvD.png","","in","","0","0","0","https://x.com/undefined/status/1928834447136231516","1006054070077964289",
"1928834420766646639","Sat May 31 15:22:16 +0000 2025","0","3 Jenazah Korban Longsor Tambang Gunung Kuda Cirebon Ditemukan Total Korban Meninggal 17 Orang https://t.co/BcMO0Rmxgu","1928834420766646639","","","in","","0","0","3","https://x.com/undefined/status/1928834420766646639","848614550",
"1928834398440317361","Sat May 31 15:22:11 +0000 2025","0","sedih lgi naik gunung balik lagi dari awal","1928834401179160681","","pikapokoppang","in","","0","0","0","https://x.com/undefined/status/1928834401179160681","1916991681070829570",
"1928088105719886182","Sat May 31 15:22:06 +0000 2025","0","@jekkwalterz Menurut saya komunitas pendaki Gunung di Indonesia mesti bikin kurikulum atau regulasi pendidikan menurut tingkatannya. Entah Mapala atau Sispala. Supaya ada pakem yang mengatur semua itu. Kalau kelewat batas cabut izin atau bubarkan.","1928834377061933141","","jekkwalterz","in","","0","0","0","https://x.com/undefined/status/1928834377061933141","481866433",
"1928833145916346481","Sat May 31 15:21:16 +0000 2025","0","@iwooffyuu Waaaahhh gunung apa ini?","1928834170656055588","","iwooffyuu","in","","0","1","0","https://x.com/undefined/status/1928834170656055588","1714194186017337344",
"1928834157725233445","Sat May 31 15:21:13 +0000 2025","0","Cek SPEEDS Kursi Lipat Portable Kursi 150kg Bangku Lipat Outdoor Kursi Pancing Kursi Gunung Camping 031-18 dengan harga Rp126.000. Dapatkan di Shopee sekarang! https://t.co/m9NtJKq2d4 https://t.co/trF23UwWXb","1928834157725233445","https://pbs.twimg.com/media/GsSYcM4a0AAlWoo.jpg","","in","","0","0","0","https://x.com/undefined/status/1928834157725233445","193616389",
"1928834140499038354","Sat May 31 15:21:09 +0000 2025","0","Cek SPEEDS Kursi Lipat Portable Kursi 150kg Bangku Lipat Outdoor Kursi Pancing Kursi Gunung Camping 031-18 dengan harga Rp126.000. Dapatkan di Shopee sekarang! https://t.co/m9NtJKpunw https://t.co/zUHoj14RIe","1928834140499038354","https://pbs.twimg.com/media/GsSYbO3aMAQs6I8.jpg","","in","","0","0","0","https://x.com/undefined/status/1928834140499038354","193616389",
"1928834129690505328","Sat May 31 15:21:07 +0000 2025","0","Evakuasi Korban Longsor Gunung Kuda Cirebon Dihentikan Sementara Dilanjutkan Minggu Pagi https://t.co/59D5fcwQut","1928834129690505328","","","in","","0","0","0","https://x.com/undefined/status/1928834129690505328","132078023",
"1928834061075886349","Sat May 31 15:20:50 +0000 2025","2","Pop Play LIVE! - EP. 12 MENDAKI GUNUNG MELEWATI ZOMBIE https://t.co/1ylLg8jaK9 #WhisperMountainOutbreak #TogeProduction #GameLokal #GameIndie #GameIndo","1928834061075886349","","","in","","0","0","1","https://x.com/undefined/status/1928834061075886349","1880565828695080960",
"1928833985712435467","Sat May 31 15:20:32 +0000 2025","6","Tragedi longsor di kawasan tambang Galian C Gunung Kuda menyebabkan sedikitnya 14 orang meninggal dunia delapan orang masih dalam pencarian dan empat lainnya dirawat di rumah sakit. ~LL #Peristiwa #Bencana #GunungKuda https://t.co/Mriv52oTXm","1928833985712435467","https://pbs.twimg.com/amplify_video_thumb/1928812252347715584/img/BJoRlQDK9HYrztLL.jpg","","in","","0","3","1","https://x.com/undefined/status/1928833985712435467","23343960",
"1928833874160705846","Sat May 31 15:20:06 +0000 2025","2","Longsor di kawasan tambang galian C Gunung Kuda Desa Cipanas Kecamatan Dukupuntang Kabupaten Cirebon Jawa Barat (Jabar) menjadi sorotan beberapa media asing. ~LL #Peristiwa #Bencana #GunungKuda https://t.co/lmIl07ktMq","1928833874160705846","https://pbs.twimg.com/amplify_video_thumb/1928811957102194691/img/czvjh2oxPAUVO4Gh.jpg","","in","","0","0","3","https://x.com/undefined/status/1928833874160705846","23343960",
"1928822110048178486","Sat May 31 15:20:02 +0000 2025","1","@marvelholic Gunung mana uyyyy","1928833859753250984","","zombeeartwork","tl","","0","1","0","https://x.com/undefined/status/1928833859753250984","2789438078",
"1928795864400802062","Sat May 31 15:20:01 +0000 2025","0","@pransoc00l Gunung kidul ya","1928833854350963183","","pransoc00l","in","","0","1","0","https://x.com/undefined/status/1928833854350963183","1175235983496765440",
"1928714953017438484","Sat May 31 15:06:08 +0000 2025","0","@kuyangmanis_ Aku gak bisa daki gunung","1928830361728934048","","kuyangmanis_","in","","0","0","0","https://x.com/undefined/status/1928830361728934048","3257171023",
"1928830322449461666","Sat May 31 15:05:59 +0000 2025","0","semalem gue tidur dalam kondisi minus 7 derajat CUYYY even ac kamar aja paling mentok 23. inila problem anak pesisir main ke gunung tuh","1928830322449461666","","","in","","0","0","0","https://x.com/undefined/status/1928830322449461666","1081086334154944514",
"1928180819622809607","Sat May 31 15:05:44 +0000 2025","0","@kalebiyaa @tanyakanrl Dlu aku selalu begging kak dan ya masih bs diperbaiki. Mungkin krna emg blm ada org lain. Pas dia udh nemu org lain. Aku begging sampe nyungsep gunung gak dianggap samsek gak ada belas kasihan setitik pun dr dia","1928830258851041596","","kalebiyaa","in","","0","1","0","https://x.com/undefined/status/1928830258851041596","1681906703686844417",
"1928807469163085992","Sat May 31 15:04:41 +0000 2025","0","@JPFBASE Arc pain (otw) nyerang konoha pas lg latihan mode sanin di gunung kodok","1928829993448316985","","JPFBASE","in","","0","0","0","https://x.com/undefined/status/1928829993448316985","1707055126559752192",
"1928829318773314015","Sat May 31 15:03:52 +0000 2025","0","@Aurilvoe ㅤ ㅤ Aku nanjak gunung aja payah.. apalagi tower Kakak... ㅤ ㅤ","1928829788703084966","","Aurilvoe","in","","0","1","0","https://x.com/undefined/status/1928829788703084966","913708189",
"1928829636613423439","Sat May 31 15:03:15 +0000 2025","0","Angka maut meningkat kepada 17 dalam runtuhan kuari Indonesia ketika pencarian diteruskan https://t.co/j09a2zEgrT #maut #runtuh #kuari #Indonesia #Cirebon #JawaBarat #Jawa #GunungKuda #gunung #kuda","1928829636613423439","","","in","","0","0","0","https://x.com/undefined/status/1928829636613423439","850306897282342913",
"1928829496913703393","Sat May 31 15:02:42 +0000 2025","0","Rintihan Pilu Operator Alat Berat Sebelum Tewas Tertimbun Longsor Gunung Kuda Cirebon Minta Tolong https://t.co/ATxzxXXc1D","1928829496913703393","","","in","","0","0","0","https://x.com/undefined/status/1928829496913703393","262026799",
"1928771101078720699","Sat May 31 15:00:51 +0000 2025","1","@moyalyubov7 Lemuria dan atlantis itu blom bisa di telusuri secara ilmiah. Beberapa belahan dunia melewati Khatulistiwa. Hanya Amerika utara ( Maya / Astec ) dan Sundaland ( Gunung padang ) yg paling unggul dalam peradaban karna sumber daya dan Sumber Alam .","1928829031593451913","","moyalyubov7","in","","0","1","0","https://x.com/undefined/status/1928829031593451913","1284754481192726528",
"1928829019035779468","Sat May 31 15:00:48 +0000 2025","0","Gunung Kawi nya sudah luntur AWS minta korban. Jokowi korbannya","1928829019035779468","","","in","","0","0","0","https://x.com/undefined/status/1928829019035779468","1777308461434650625",
"1928723318011527171","Sat May 31 14:59:59 +0000 2025","0","@nana_feelss Gunung nya bagus ish","1928828810654527616","","nana_feelss","tl","","0","0","0","https://x.com/undefined/status/1928828810654527616","1374851674058018821",
"1928823855935541282","Sat May 31 14:59:44 +0000 2025","0","Map menentukan pertemuan dgn orang seru wkwkwkwk kocak seru bgttt wehhh ekspedisi gunung tiba2 setan mau skin","1928828750290186599","","yfinegood","in","","0","1","0","https://x.com/undefined/status/1928828750290186599","1714139296469540864",
"1928828657079902533","Sat May 31 14:59:22 +0000 2025","0","ada tutor biar jalan lancar jaya gk si pas lg mendaki gunung antartika ... alias gw jatoh terus cuy #roblox","1928828657079902533","","","in","","0","0","0","https://x.com/undefined/status/1928828657079902533","1402416931940880386",
"1928616458214318100","Sat May 31 14:59:21 +0000 2025","0","@_dressafumi enam orang liburan ke jepang terus pisah rombongan masing² tiga orang ada yang ke gunung fuji ada yang ke aokigahara terus kelanjutannya ini yaa: https://t.co/DZPc9QIpIb","1928828652936114648","","andresshua","in","","0","0","0","https://x.com/undefined/status/1928828652936114648","1133332385443958785",
"1928828601589236152","Sat May 31 14:59:09 +0000 2025","0","Gunung jateng lahhh","1928828601589236152","","","in","","0","1","0","https://x.com/undefined/status/1928828601589236152","1662855575393427459",
"1928828265575362731","Sat May 31 14:57:49 +0000 2025","0","Hari ini aku naik gunung tapi kosong saja rasanya bukan mengobati malah pulang darisana aku nangis huhuhu ya Allah","1928828265575362731","","","in","","0","0","0","https://x.com/undefined/status/1928828265575362731","1364388263268556803",
"1928828179239547042","Sat May 31 14:57:28 +0000 2025","0","pengen naik gunung sambil denger lagu ini https://t.co/I2UDQ1KexH","1928828179239547042","","","in","","0","0","0","https://x.com/undefined/status/1928828179239547042","1550844916527296518",
"1928816143466205451","Sat May 31 14:56:35 +0000 2025","0","@kayy_uyie jalan Gunung muria itu deket dan rame jugaaa","1928827955477704985","","kayy_uyie","in","","0","1","0","https://x.com/undefined/status/1928827955477704985","1456052890976460808",
"1928827955217682859","Sat May 31 14:56:35 +0000 2025","0","Semoga tahun ini bisa naik gunung merbabu ","1928827955217682859","","","in","","0","1","0","https://x.com/undefined/status/1928827955217682859","402709459",
"1928822949387341994","Sat May 31 14:55:22 +0000 2025","0","@shakinator3000 eleh tempek cedak tak kiro neng kaki gunung semeru opo Blitar opo ndi sisan explore....","1928827649595474339","","shakinator3000","in","","0","1","0","https://x.com/undefined/status/1928827649595474339","1498015632931328000",
"1928827559162294602","Sat May 31 14:55:00 +0000 2025","0","Video Detik-detik Longsor Tambang Gunung Kuda Cirebon https://t.co/fe3BHZMVL0","1928827559162294602","","","in","","0","0","0","https://x.com/undefined/status/1928827559162294602","598959076",
"1928788600788824161","Sat May 31 14:08:36 +0000 2025","0","@DAEGUBOYS_09 Seremnya seserem gunung salak juga dong ya","1928815882714620078","","DAEGUBOY_09","in","","0","1","0","https://x.com/undefined/status/1928815882714620078","1200693251226734592",
"1928815812271579590","Sat May 31 14:08:19 +0000 2025","1","Longsor Gunung Kuda Cirebon terjadi setelah hujan lebat mengguyur wilayah Cirebon mengakibatkan 14 warga tewas dan delapan orang masih tertimbun di material longsoran. Kejadian longsor Gunung KudaCirebon menambah deretan bencana tanah longsor di Jawa Barat selama musim hujan. https://t.co/OXN6u3o8jv","1928815812271579590","https://pbs.twimg.com/media/GsSHpmpaMAA4CSQ.jpg","","in","","0","1","0","https://x.com/undefined/status/1928815812271579590","1911740506847297536",
"1928815810786848999","Sat May 31 14:08:19 +0000 2025","1","gunung yang gampang diroblox gunung apa si","1928815810786848999","","","tl","","0","1","0","https://x.com/undefined/status/1928815810786848999","1838513382900797441",
"1928815791077523774","Sat May 31 14:08:14 +0000 2025","0","menggendong gunung ️","1928815791077523774","","","in","","0","0","0","https://x.com/undefined/status/1928815791077523774","1652501059133411328",
"1928661009360736271","Sat May 31 14:08:04 +0000 2025","0","@Gadtchy jalan ke kota lain oke si tp duitnya ga oke mendaki di dom ku gapunya gunung camping jg di dom ku gada air terjun sm danau ","1928815746790076599","","","in","","0","1","0","https://x.com/undefined/status/1928815746790076599","1465562273540296711",
"1928764755663069492","Sat May 31 14:07:52 +0000 2025","0","@basfiaaa Ternyata gunung kidul ra sekedar pantai tok ya","1928815696110145887","","basfiaaa","in","","0","0","0","https://x.com/undefined/status/1928815696110145887","192414480",
"1928747060762644781","Sat May 31 14:07:45 +0000 2025","0","@UGM_FESS naik gunung","1928815668478025793","","UGM_FESS","in","","0","0","0","https://x.com/undefined/status/1928815668478025793","1113664508008882176",
"1928815521471905836","Sat May 31 14:07:10 +0000 2025","0","Gunung bromo gunung kelud #surabaya #fj #abigames #rainbowslide #wahana #pakuwon #sby #fyp #bt https://t.co/KFLKHpt0yX","1928815521471905836","https://pbs.twimg.com/ext_tw_video_thumb/1928815501058113536/pu/img/pAh1aza_cQ9HO3JP.jpg","","in","","0","0","0","https://x.com/undefined/status/1928815521471905836","3266595594",
"1928633642101723517","Sat May 31 14:06:42 +0000 2025","0","@firzadwp Aku tiba2 daftar race/naik gunung","1928815405348565477","","firzadwp","in","","0","0","0","https://x.com/undefined/status/1928815405348565477","157253878",
"1928815181947146743","Sat May 31 14:05:49 +0000 2025","1","gunung atau pantai? https://t.co/L64ceUft9A","1928815181947146743","https://pbs.twimg.com/media/GsSHLRMaMAAvun0.jpg","","in","","0","0","0","https://x.com/undefined/status/1928815181947146743","1091972774397042699",
"1928813606398800277","Sat May 31 14:05:25 +0000 2025","52","@rubbergameid Betul. Masalahnya udh menumpuk bertahun2. Kekalahan terus gak bisa sampe semifinal ini ibarat puncak gunung es nya jadi kelihatan deh parahnya. Harus ada evaluasi. Perubahan menyeluruh. #KosongkanIstora","1928815080667492715","","rubbergameid","in","","0","0","2","https://x.com/undefined/status/1928815080667492715","995710629850767360",
"1928654248104874488","Sat May 31 14:05:04 +0000 2025","0","@kompascom Diketawain HDB Singapore yang sama² subsidi tapi minim 38m² mana lokasi dilewatin MRT pula bukan di balik gunung sonoan lagi ","1928814994155614455","","kompascom","in","","0","0","0","https://x.com/undefined/status/1928814994155614455","1118525170421915650",
"1928714169995378779","Sat May 31 14:04:22 +0000 2025","0","@damniloveu666 Gunung kembar","1928814816413540454","","fvck0ffbtch","in","","0","1","0","https://x.com/undefined/status/1928814816413540454","1913514213999603712",
"1928788600788824161","Sat May 31 14:03:23 +0000 2025","0","@DAEGUBOYS_09 Boleh kak kalo halaman rumahnya sebesar gunung salak","1928814568744059365","","DAEGUBOY_09","in","","0","1","0","https://x.com/undefined/status/1928814568744059365","1200693251226734592",
"1928814560217121091","Sat May 31 14:03:21 +0000 2025","1","Seonghwa : apapun kan kulakukan. Bahkan menggendong gunung buat kamu #ininamanyaeffort https://t.co/XrfV4sXGf4","1928814560217121091","https://pbs.twimg.com/media/GsSGntob0AATYZP.jpg","","in","","0","0","0","https://x.com/undefined/status/1928814560217121091","1310508706862305280",
"1928814380008821119","Sat May 31 14:02:38 +0000 2025","0","Mendaki gunung lewati lembah https://t.co/SN1GavOn7w","1928814380008821119","https://pbs.twimg.com/media/GsSGdPqaMAIW4_M.jpg","","in","","0","0","0","https://x.com/undefined/status/1928814380008821119","768401519494389760",
"1928813801962385423","Sat May 31 14:00:20 +0000 2025","0","kalo lu ngga mau naik gunung cuman karena lu dah pernah naik gunungnya berarti lu ga suka naik gunung","1928813801962385423","","","in","","0","0","0","https://x.com/undefined/status/1928813801962385423","1095729326262083584",
"1928813756559106383","Sat May 31 14:00:09 +0000 2025","0","emg lagi zamannya ya naik gunung","1928813756559106383","","","in","","0","0","0","https://x.com/undefined/status/1928813756559106383","1341611751486341120",
"1928812271582474626","Sat May 31 13:59:34 +0000 2025","0","@zulf4aA seru bisa naik gunung","1928813606277087505","","zulf4aA","in","","0","1","0","https://x.com/undefined/status/1928813606277087505","1784120378836885504",
"1928813559212826956","Sat May 31 13:59:22 +0000 2025","2","Mensos Pastikan Korban Longsor Gunung Kuda Cirebon Dapat Santunan https://t.co/yc9ydBtNXZ","1928813559212826956","","","in","","0","1","0","https://x.com/undefined/status/1928813559212826956","154102750",
"1928813494326972584","Sat May 31 13:59:07 +0000 2025","0","info kos gunung batu dong dket kampus b poltekkes bandung #poltekkes","1928813494326972584","","","in","","0","0","0","https://x.com/undefined/status/1928813494326972584","1735614425628069888",
"1928813454451933309","Sat May 31 13:58:57 +0000 2025","0","akan naik gunung dulu hbs itu belajar chapter 10","1928813454451933309","","","in","","0","0","0","https://x.com/undefined/status/1928813454451933309","945198822367490048",
"1928813450118963398","Sat May 31 13:58:56 +0000 2025","620","bisa ga sih kita fokus ke trejo aja? kalo makin dinaikin nanti makin naik naik ke puncak gunung repot","1928813450118963398","","","in","","2","30","86","https://x.com/undefined/status/1928813450118963398","1069890783736516608",
"1928807469163085992","Sat May 31 13:58:25 +0000 2025","0","@JPFBASE Pas latian Senjutsu di Gunung Myoboku. Di arc Pain nyerang Konoha","1928813319193772252","","JPFBASE","in","","0","0","0","https://x.com/undefined/status/1928813319193772252","1603576184586915840",
"1928724603272098222","Sat May 31 13:58:02 +0000 2025","0","@Fudgeeberry Ini daerah jakarta kan? Kalau daerah jakarta Cari posko p3s terdekat kak atau kelurahan daerah setempat biasanya ada posko p3s yang mengurus ada orang jalanan terlantar. Atau bisa ke kantor dinas sosial di daerah gunung sahari kak. Ada poskonya pasti.","1928813223689494625","","Fudgeeberry","in","","0","0","0","https://x.com/undefined/status/1928813223689494625","84076185",
"1928384894662517085","Sat May 31 13:57:02 +0000 2025","0","@noteMINJEONG gw simaksi aja ya kalo ada yg mau daki gunung","1928812972165537811","","niguning","in","","0","0","0","https://x.com/undefined/status/1928812972165537811","1261111569787654144",
"1928812871796011468","Sat May 31 13:56:38 +0000 2025","0","8 Korban Longsor Gunung Kuda Cirebon Belum Ditemukan https://t.co/vngCOHewbf","1928812871796011468","","","in","","0","1","0","https://x.com/undefined/status/1928812871796011468","132078023",
"1928812762328924385","Sat May 31 13:56:12 +0000 2025","0","Epyepe isinya gunung semua ini akankah...........","1928812762328924385","","","in","","0","0","0","https://x.com/undefined/status/1928812762328924385","1126816615046062080",
"1928812519654592518","Sat May 31 13:55:14 +0000 2025","0","Sengaja digeser sama orang yg belum pernah naik gunung tapi sok histeris kenapa sih ada gunung nyusahin orang aja mesti naek segala copas","1928812519654592518","","","in","","0","0","0","https://x.com/undefined/status/1928812519654592518","1491454403080904707",
"1928807306562875758","Sat May 31 13:55:05 +0000 2025","1","@Hamzah_bdg Kuncen gunung kembar kang gunung salak gk memuaskan ","1928812479846515011","","Hamzah_bdg","in","","0","0","0","https://x.com/undefined/status/1928812479846515011","1847675422043230212",
"1928812340390277143","Sat May 31 13:54:32 +0000 2025","1","Gunung Bubu &amp; Alai Gerik sampai puncak bukan saja nampak awan tapi berdiri di atas awan. Magical. #BubuAlai #AwanKarpet https://t.co/BC0dk9Z4fI","1928812340390277143","https://pbs.twimg.com/media/GsSElzJaMAMR07u.jpg","","in","","0","1","0","https://x.com/undefined/status/1928812340390277143","2378786444",
"1928811791905075525","Sat May 31 13:52:21 +0000 2025","0","nonton film/series baca buku naik gunung sama bengong","1928811791905075525","","","in","","0","0","0","https://x.com/undefined/status/1928811791905075525","98326130",
"1928717506555924972","Sat May 31 13:50:55 +0000 2025","0","@madameonx ini gue harus belajar sih apa lagi anak gunung kayanya harus bisa","1928811430427426896","","madameonx","in","","0","0","0","https://x.com/undefined/status/1928811430427426896","1819776453640388608",
"1928783570165797218","Sat May 31 13:50:40 +0000 2025","0","@Azulaaaaaaaz @radenrauf ayo naik gunung bareng agendakan","1928811369916211620","","Azulaaaaaaaz","in","","0","1","0","https://x.com/undefined/status/1928811369916211620","1603598804145827846",
"1928339382110502916","Sat May 31 13:49:22 +0000 2025","0","@StefanAntonio__ @kompascom Cocok tuh itu harus masukin ke kawah candradimuka magelang biar bs kerja tdk pansos mulu. Cc @prabowo","1928811039832818121","","StefanAntonio__","in","","0","0","0","https://x.com/undefined/status/1928811039832818121","1701624074877984768",
"1928592432545059003","Sat May 31 13:48:57 +0000 2025","1","@ekka67018 @EternalFirstLov Bukan kak sebnernya ini jalan emang beneran ada lupa tepatnya dimana kalau gak salah china jdi goa itu motong gunung dan emang sesempit itu","1928810935491375341","","ekka67018","in","","0","0","0","https://x.com/undefined/status/1928810935491375341","1523880872981630976",
"1928810826875425001","Sat May 31 13:48:31 +0000 2025","0","bermain ke coban tp melukis pantai (gpp next kita ke pantai tp yg dilukis gunung) https://t.co/Fad8HqWLVC","1928810826875425001","https://pbs.twimg.com/media/GsSDD7RbUAAeKkJ.jpg","","in","","0","0","0","https://x.com/undefined/status/1928810826875425001","1602257894400876544",
"1928810641067815271","Sat May 31 13:47:47 +0000 2025","0","Gilak headshot gituu gw juga kaget tuh musuhnya juga shock pasti dia di gunung bngt","1928810641067815271","","","in","","0","0","0","https://x.com/undefined/status/1928810641067815271","1567821898733715456",
"1928768911840850042","Sat May 31 13:46:07 +0000 2025","0","@neiuther Paling challenging ke gunung mana? Kalo aku baru sekali (sorry newbie lol). Eh what should i call you btw?","1928810223344439656","","neiuther","in","","0","1","0","https://x.com/undefined/status/1928810223344439656","413758427",
"1928798358090444980","Sat May 31 13:45:06 +0000 2025","0","@zanriz_ WAH SEPUH URANG TURUN GUNUNG COK ","1928809967076692238","","zanriz_","in","","0","1","0","https://x.com/undefined/status/1928809967076692238","1344982197762023424",
"1928801569295733230","Sat May 31 13:44:26 +0000 2025","0","@casxlemns @souranex gausa lu daki gunung itu","1928809799338148037","","casxlemns","in","","0","2","0","https://x.com/undefined/status/1928809799338148037","1916170458380288000",
"1928809638213853355","Sat May 31 13:43:47 +0000 2025","1","pengen naik gunung","1928809638213853355","","","in","","0","1","0","https://x.com/undefined/status/1928809638213853355","1172715320768774149",
"1927615362188914878","Sat May 31 13:43:24 +0000 2025","0","@zptdss ehh kemaren aku juga nemu opet di gunung merbabu sama cewenya soft spoken banget","1928809541786853699","","jjxpyy","in","","0","0","0","https://x.com/undefined/status/1928809541786853699","1399673373081305090",
"1928807306562875758","Sat May 31 13:43:18 +0000 2025","2","@fnubrawijaya0 Bang jay jadi kuncen gunung salak?","1928809514423263442","","fnubrawijaya0","in","","0","1","0","https://x.com/undefined/status/1928809514423263442","918600559891906560",
"1928596752895984041","Sat May 31 13:43:07 +0000 2025","0","@mojopahit_8 Hahaha... pinjam seratus bang biar mantap nyeruput kopinya.... gitu kalo yg deketi...","1928809467400901070","","mojopahit_8","in","","0","0","0","https://x.com/undefined/status/1928809467400901070","1701624074877984768",
"1928809441534587018","Sat May 31 13:43:01 +0000 2025","1","CELANA GUNUNG ALTITUDE GEAR SERI ACONCAGUA Siap nemenin kamu naik gunung camping trekking Bahan Despo Quick Dry nyaman dipakai cepat kering dan ringan banget 4 varian warna Size M XXL Harga Rp. 185.000 DM/ https://t.co/yrYhbrhDBm https://t.co/r4U1qqur13","1928809441534587018","https://pbs.twimg.com/ext_tw_video_thumb/1928809379693998080/pu/img/1MyY-uazXzW9skoI.jpg","","in","","0","0","2","https://x.com/undefined/status/1928809441534587018","1081793416986415105",
"1928470142549098719","Sat May 31 13:42:38 +0000 2025","0","@_siscasaras_ Gunung sahari aja sis","1928809346227417429","","_siscasaras_","in","","0","0","0","https://x.com/undefined/status/1928809346227417429","3623705294",
"1928807469163085992","Sat May 31 13:42:16 +0000 2025","0","@JPFBASE ini kayaknya di gunung myoboku deh belajar sage mode","1928809253135138862","","JPFBASE","in","","0","0","0","https://x.com/undefined/status/1928809253135138862","65888798",
"1928809184726036812","Sat May 31 13:41:59 +0000 2025","0","memoriable dan kangen masa-masanya era Jirisan dan 2521. beh apalagi jirisan nungguin genderuwo gunung jiri bakal bangun apa nggak sampe udah pada bikin yasin online dan siap siap tahlilan","1928809184726036812","","","in","","0","0","0","https://x.com/undefined/status/1928809184726036812","1140258892808482817",
"1928673427180679443","Sat May 31 13:41:31 +0000 2025","0","@cobeh2022 Burung emprit akan kumpul dg burung emprit pula. Kafir berkumpul dg kafir. Muslim berkumpul dg muslim.","1928809067838890145","","cobeh2022","in","","0","0","0","https://x.com/undefined/status/1928809067838890145","1701624074877984768",
"1928787831683489961","Sat May 31 13:41:22 +0000 2025","0","@valiisaa Kita bukan seorang pendaki namun kita bisa merasakan seorang mbok Yem bukan sekedar buka warung namun ada rasa bangga kebahagiaan dan rasa mulia ketika melayani pendaki pendaki gunung Lawu bukan hanya mencari keuntungan dan penghasilan","1928809027057668157","","valiisaa","in","","0","1","0","https://x.com/undefined/status/1928809027057668157","888855907",
"1928808935542464777","Sat May 31 13:41:00 +0000 2025","2","Gubernur Jawa Barat Dedi Mulyadi menegaskan bahwa aktivitas penambangan galian C di Gunung Kuda Desa Cipanas Kecamatan Dukupuntang Kabupaten Cirebon tidak memenuhi standar keamanan dan pengelolaan tambang yang tidak layak sehingga tambang tersebut sejak jum'at malam (30/05) https://t.co/LC3oaWSXP8","1928808935542464777","https://pbs.twimg.com/amplify_video_thumb/1928794559045316609/img/BLIOFFRe-2yPl41h.jpg","","in","","0","1","3","https://x.com/undefined/status/1928808935542464777","121640063",
"1928808864201273714","Sat May 31 13:40:43 +0000 2025","0","Fyp tiktokku sekarang mas2 dengan hobinya yg suka lari bersepeda naik gunung dll","1928808864201273714","","","in","","0","0","0","https://x.com/undefined/status/1928808864201273714","990595013452050432",
"1928808719246377213","Sat May 31 13:40:08 +0000 2025","1","Jadi fomo naik gunung Tiba2 freedive Rutin MCU Tiap hari ngopi Astagaaaaaa","1928808719246377213","","","in","","0","0","0","https://x.com/undefined/status/1928808719246377213","126157937",
"1928807469163085992","Sat May 31 13:38:57 +0000 2025","0","@JPFBASE Di gunung myoboku","1928808418313384147","","JPFBASE","in","","0","0","0","https://x.com/undefined/status/1928808418313384147","1376883755982352397",
"1928805125004443846","Sat May 31 13:38:51 +0000 2025","0","@waldorfdupe Ayok byy Aku baru mendaki di gunung lawu doang tpi blm nyoba yang lain ","1928808393856164285","","waldorfdupe","in","","0","0","0","https://x.com/undefined/status/1928808393856164285","1562732892962570245",
"1928808291469324753","Sat May 31 13:38:26 +0000 2025","0","Tim gabungan TNI Polri BPBD dan relawan akan memfokuskan pencarian terhadap delapan korban yang diduga masih tertimbun longsor di area tambang galian C Gunung Kuda Cirebon Jawa Barat pada Minggu (1/6) pagi.https://t.co/7JvXCBJQan","1928808291469324753","","","in","","0","1","0","https://x.com/undefined/status/1928808291469324753","423220305",
"1928808228474822917","Sat May 31 13:38:11 +0000 2025","0","Ih anjir xl kenapa wey gada sinyal gue di rumah berasa di gunung","1928808228474822917","","","in","","0","0","0","https://x.com/undefined/status/1928808228474822917","1259532595999567872",
"1928808169347887584","Sat May 31 13:37:57 +0000 2025","2"," Sadiki le sadiki le baru menyanyi sama deng bilang sedikit le sampe Puncak pas kita naik gunung PICHE KOTA DI JAILOLO #PicheKotaFestivalJailolo #PicheKota","1928808169347887584","","","in","","0","0","0","https://x.com/undefined/status/1928808169347887584","1924426135275991040",
"1928050342262100431","Sat May 31 13:37:10 +0000 2025","0","@bchlabill ayoo gunung apaaaaa","1928807970428596645","","bchlabill","in","","0","1","0","https://x.com/undefined/status/1928807970428596645","845756705690599424",
"1928798517113295265","Sat May 31 12:59:36 +0000 2025","1","pernah ga si lu mati di gunung karna ga makan pizza?","1928798517113295265","","","in","","0","13","0","https://x.com/undefined/status/1928798517113295265","1916170458380288000",
"1928797888282505590","Sat May 31 12:57:06 +0000 2025","0","Gunung Kerinci Nya lagi gak bisa di photo Besok ga di photo","1928797888282505590","","","in","","0","1","0","https://x.com/undefined/status/1928797888282505590","1738925843928543232",
"1928797851301138701","Sat May 31 12:56:57 +0000 2025","0","Kembali ingat ingat udah naik turun gunung berapa kali dan ke mana aja meskipun engga sepadan dengan cobaan hidup yg bener bener i love you God.","1928797851301138701","","","in","","0","0","0","https://x.com/undefined/status/1928797851301138701","1296142286594560000",
"1928797690525266301","Sat May 31 12:56:19 +0000 2025","2","Kapolda Jabar Kunjungi Korban Longsor Pertambangan Gunung Kuda di RS Mitra Plumbon #PolrestaCirebon #KapolrestaCirebon #PolriUntukMasyarakat #Hotline110 @divisihumaspolri @polisi_indonesia @spripim.polri @humaspoldajabar https://t.co/SBYJLwD5U8","1928797690525266301","https://pbs.twimg.com/media/GsR3Ri_bkAAVRTz.jpg","","in","","0","0","0","https://x.com/undefined/status/1928797690525266301","1262277887236825088",
"1928797649244676368","Sat May 31 12:56:09 +0000 2025","26","️ mvs BROKEBACK MOUNTAIN SPOILER ️ kemeja ennis yang ketinggalan di gunung diambil jack pas awal² karena jack takut gabakal ketemu ennis lagi. Ennis ngeganti posisi kemeja mereka karena ennis berharap bisa ngecover jack lewat kemeja itu :( https://t.co/ZX17pcCZkU","1928797649244676368","https://pbs.twimg.com/media/GsR3PWsXMAEBZql.jpg","","in","","4","12","2","https://x.com/undefined/status/1928797649244676368","1399254648",
"1928651880521150705","Sat May 31 12:56:05 +0000 2025","1","@yanuarnugroho Klo gitu semua gunung pasang stairlift donk biar mudah jgn nanggung BUNTAL!!! ","1928797631012041064","","yanuarnugroho","in","","0","0","0","https://x.com/undefined/status/1928797631012041064","1231219486117654529",
"1928797617754091962","Sat May 31 12:56:02 +0000 2025","2","Polda Jabar Kerahkan Tim K9 Bantu Pencarian Korban Longsor di Gunung Kuda Cirebon #PolrestaCirebon #KapolrestaCirebon #PolriUntukMasyarakat #Hotline110 @divisihumaspolri @polisi_indonesia @spripim.polri @humaspoldajabar https://t.co/IhXfoII18Q","1928797617754091962","https://pbs.twimg.com/media/GsR3NhMbsAEOqD3.jpg","","in","","0","0","0","https://x.com/undefined/status/1928797617754091962","1262277887236825088",
"1928797268359905610","Sat May 31 12:54:38 +0000 2025","0","sukatani ada aja gebrakannya anjir tiba tiba banget ada monyet??? PADAHAL BUKAN DI GUNUNG","1928797268359905610","","","in","","0","1","0","https://x.com/undefined/status/1928797268359905610","1255690719299112961",
"1928533458625716611","Sat May 31 12:54:15 +0000 2025","0","GBLK INI GUNUNG SUNDA BUKAN SALAK","1928797172549460198","","isamouvingon","in","","0","0","0","https://x.com/undefined/status/1928797172549460198","1667961975295594496",
"1928796978575466643","Sat May 31 12:53:29 +0000 2025","0","mau naek gunung tp yg naeknya pake grab ada gak sii?","1928796978575466643","","","in","","0","0","0","https://x.com/undefined/status/1928796978575466643","540841649",
"1928796918211280970","Sat May 31 12:53:15 +0000 2025","0","Karena minggu depan saya sudah disibukan pekerjaan duniawi. Maka sampe besok uwe puas2in upload video gunung ampe eneeeggg lu orang liat muka guaaahh","1928796918211280970","","","in","","0","0","0","https://x.com/undefined/status/1928796918211280970","42592269",
"1928796799478669607","Sat May 31 12:52:46 +0000 2025","0","Rasane podo kyk mudun gunung lesu","1928796799478669607","","","in","","0","0","0","https://x.com/undefined/status/1928796799478669607","1179249641759469568",
"1928410741549228302","Sat May 31 12:51:43 +0000 2025","0","@nattadechoko @garamxnly Kalau gitu kita kejut kejutnya manual biar enggak terlalu kejut kejut(?) Boleh banget cari ke gunung siapa tau nemu dia","1928796535288135751","","nattadechoko","in","","0","1","0","https://x.com/undefined/status/1928796535288135751","736840622271803392",
"1928753999504662925","Sat May 31 12:51:27 +0000 2025","0","@velentines roblox ku aja remed gunung salak","1928796465515929799","","velentines","in","","0","0","0","https://x.com/undefined/status/1928796465515929799","1488240833354616833",
"1928788719986946347","Sat May 31 12:50:33 +0000 2025","0","@gxporsche gunung mana hayo?","1928796241409757215","","gxporsche","tl","","0","0","0","https://x.com/undefined/status/1928796241409757215","1831018216967274496",
"1928795857555730458","Sat May 31 12:49:02 +0000 2025","0","Kalo di Jawa kayaknya sering ya update silsilah pertahun (at least di keluarga bokap) cuma yg sayang banget keluarga nyokap yg Sunda gak ke track sama sekali. Cuma tau bapaknya uyut makamnya diatas gunung di Panjalu.","1928795857555730458","","","in","","0","0","0","https://x.com/undefined/status/1928795857555730458","92715976",
"1928795533050630383","Sat May 31 12:47:45 +0000 2025","0","Hayang naik gunung ","1928795533050630383","","","in","","0","0","0","https://x.com/undefined/status/1928795533050630383","1794481141631873024",
"1928795398996636031","Sat May 31 12:47:13 +0000 2025","2","kangen image mas2 pendaki sing mben minggu munggah gunung ","1928795398996636031","","","in","","0","1","0","https://x.com/undefined/status/1928795398996636031","485622807",
"1928795358420738315","Sat May 31 12:47:03 +0000 2025","0","Esok pagi jom hiking gunung pulai?","1928795358420738315","","","in","","0","0","0","https://x.com/undefined/status/1928795358420738315","1556673950779772928",
"1928795109321224692","Sat May 31 12:46:03 +0000 2025","0","Kisah letusan Gunung Kelud pada 1864 berdasar pada laporan korban selamat https://t.co/waUqUv4KlE","1928795109321224692","","","in","","0","0","0","https://x.com/undefined/status/1928795109321224692","96826969",
"1928794877506039896","Sat May 31 12:45:08 +0000 2025","12","membawa tunyangie yoje sama yuya ke puncak gunung healing.. nature therapy #twsvielle #saivielle @TWS_PLEDIS https://t.co/KH70oRDwXl","1928794877506039896","https://pbs.twimg.com/media/GsR0slhbYAAOCUo.jpg","","in","","0","2","1","https://x.com/undefined/status/1928794877506039896","1381800343873318914",
"1928752877939388493","Sat May 31 12:45:07 +0000 2025","0","@yanagarago tepi gunung","1928794874070827128","","yanagarago","in","","0","0","0","https://x.com/undefined/status/1928794874070827128","1275089714",
"1928794529299136726","Sat May 31 12:43:45 +0000 2025","0","Tim gabungan TNI Polri BPBD dan relawan berhasil mengevakuasi tiga jenazah korban longsor di area tambang galian C Gunung Kuda Cirebon Jawa Barat pada Sabtu (31/5) petang.https://t.co/0q9id5zKna","1928794529299136726","","","in","","0","0","0","https://x.com/undefined/status/1928794529299136726","423220305",
"1928794503156019535","Sat May 31 12:43:39 +0000 2025","0"," rama kamu jadi anak fazza kala ajaaaaa Ntar diajak naik gunung terus sama papaza https://t.co/nYJ8rWRQVC","1928794503156019535","","","in","","0","0","0","https://x.com/undefined/status/1928794503156019535","1685184357953339392",
"1928791984480596362","Sat May 31 12:42:52 +0000 2025","0","@clownswers AYOK INSTAL GKKK MMIH NNTI AK GENDONG KT NAIK GUNUNG ","1928794304425898423","","yararirureroo","in","","0","1","0","https://x.com/undefined/status/1928794304425898423","805611099454177280",
"1928793716484878815","Sat May 31 12:40:31 +0000 2025","0","efek setelah nya berat gys teryata gunung 3000 mdpl ++ tu fisik memang okey tapi kalau mental nya lurang tetap ambyar https://t.co/oGsVvXFhpo","1928793716484878815","https://pbs.twimg.com/media/GsRzpnpaMAcTX2i.jpg","","in","","0","0","0","https://x.com/undefined/status/1928793716484878815","587424296",
"1928793484779245978","Sat May 31 12:39:36 +0000 2025","0","Tragedi longsor Galian C di Cirebon: 14 orang tewas semua korban berhasil diidentifikasi tim DVI Polda Jabar. Kalau Galian C ini diduga ilegal benarkah? #Longsor #Cirebon #Bencana #Jabar #GalianC #update #news #seketika https://t.co/QQ3fXmE6Ub","1928793484779245978","","","in","","0","0","0","https://x.com/undefined/status/1928793484779245978","1696426676065038336",
"1928793356458414104","Sat May 31 12:39:06 +0000 2025","0","Mengajak ayangku ke gunung ke laut ke kua kali yak https://t.co/dKq7DZkUUn","1928793356458414104","https://pbs.twimg.com/media/GsRzSWTbQAAdAJf.jpg","","in","","0","1","0","https://x.com/undefined/status/1928793356458414104","1771073828548198400",
"1928793305896390806","Sat May 31 12:38:54 +0000 2025","81","Perhutani kenapa tidak menjaga hutan dan seisinya malah merusak! Gubernur Jabar @DediMulyadi71 akan memanggil Perhutani selaku pemilik lahan Gunung Kuda di Cirebon serta tata ruang kabupaten Cirebon !! bapak aing hiji ge maung https://t.co/yWRCJZZI9a","1928793305896390806","https://pbs.twimg.com/ext_tw_video_thumb/1928793250682515459/pu/img/TbnmEHmpjWJxhzqi.jpg","","in","","3","7","23","https://x.com/undefined/status/1928793305896390806","1216290368397836290",
"1928793232659435557","Sat May 31 12:38:36 +0000 2025","0","Eh ya ampun lucu bgt event photo frame di bali AKHIRNYA ada yang deket tanpa harus nanjak gunung","1928793232659435557","","","in","","0","0","0","https://x.com/undefined/status/1928793232659435557","1385175960685727745",
"1928788334316498992","Sat May 31 12:37:15 +0000 2025","0","@spazzlii aku mendaki gunung sekali &amp; call it a day kembali ke twitter muring2 emang harus total sihh","1928792891939307561","","spazzlii","in","","0","1","0","https://x.com/undefined/status/1928792891939307561","1361232085298552833",
"1928787430330544388","Sat May 31 12:37:14 +0000 2025","0","Foto terakhir sebelum turun gunung https://t.co/OBUEtQuxMz","1928792886469964131","https://pbs.twimg.com/media/GsRy5A9aMAIwgWv.jpg","zhardini21","in","","0","1","0","https://x.com/undefined/status/1928792886469964131","1317866519091499008",
"1928462060205289949","Sat May 31 12:36:01 +0000 2025","0","@goygounjung Gunung mana","1928792580919013601","","kimyeocju","tl","","0","1","0","https://x.com/undefined/status/1928792580919013601","1848302254857854976",
"1928332544535044371","Sat May 31 12:35:41 +0000 2025","0","@Boediantar4 Dia tahu kl dirinya keturunan SNN Gunung Jati dan keturunan Prabu Siliwangi.","1928792499570479152","","ENS53311139","in","","0","0","1","https://x.com/undefined/status/1928792499570479152","1168102826624483329",
"1928785785387651567","Sat May 31 12:35:31 +0000 2025","0","@faIryitalles lu bayangin perasaan gua masih belia jadi anak gunung tiba tiba ditinggal wkwkwkwkw","1928792457061294291","","faIryitalles","in","","0","1","0","https://x.com/undefined/status/1928792457061294291","3361117394",
"1928792385997209793","Sat May 31 12:35:14 +0000 2025","0","https://t.co/Nahd9EQK88 Polda Jabar Dalami Dugaan Kelalaia Insiden Tambang Gunung Kuda Cirebon https://t.co/huhqPMQb8Z","1928792385997209793","https://pbs.twimg.com/media/GsRyaVsaMAQKNGg.png","","in","","0","1","0","https://x.com/undefined/status/1928792385997209793","765762376838840346",
"1928677007790878730","Sat May 31 12:34:11 +0000 2025","0","@licjker YOK MANJAT GUNUNG SEINDONESIA","1928792119860408459","","__gipi","in","","0","0","0","https://x.com/undefined/status/1928792119860408459","907259533197578241",
"1928792080266006789","Sat May 31 12:34:01 +0000 2025","0","Kombes Pol Hendra Rochmawan Kabid Humas Polda Jabar menegaskan bahwa pihak kepolisian juga menerjunkan tiga ekor anjing pelacak K9 https://t.co/lra1kC38Hn","1928792080266006789","","","in","","0","0","0","https://x.com/undefined/status/1928792080266006789","1404018642",
"1928332544535044371","Sat May 31 12:33:54 +0000 2025","0","@Boediantar4 KDM. sendiri zuriah Rosulullah dr Syeikh Syarief Hidayatullah/sunan Gunung jati. Dlm hal ini mmg sebaiknya para habib pun dlm ceramah wajib menyejukkan sehingga tdk ada yg tersinggung","1928792047684559072","","Boediantar4","in","","0","1","0","https://x.com/undefined/status/1928792047684559072","1168102826624483329",
"1928791989413454147","Sat May 31 12:33:40 +0000 2025","0","Pengen naikk gunung","1928791989413454147","","","in","","0","0","0","https://x.com/undefined/status/1928791989413454147","1875845713198006272",
"1928791834379083838","Sat May 31 12:33:03 +0000 2025","0","Tiga Korban Longsor Tambang Gunung Kuda Cirebon Ditemukan Delapan Masih Pencarian https://t.co/aJ79fVLWYU","1928791834379083838","","","in","","0","1","0","https://x.com/undefined/status/1928791834379083838","278855466",
"1928775998079725735","Sat May 31 12:32:27 +0000 2025","0","@imiseryloves Saya belum ke gunung Jawa Barat sih. Wkwk iya juga kalau solo hiking gampang gabut. Paling tinggi sih sejauh ini Rinjani sama Semeru.","1928791685665874340","","imiseryloves","in","","0","1","0","https://x.com/undefined/status/1928791685665874340","2758629503",
"1928791489347231818","Sat May 31 12:31:40 +0000 2025","0","LONGSOR Tambang GUNUNG KUDA CIREBON: Pemilik Tambang Diamankan Proses PENYELEIDIKAN Masih Berlangsung https://t.co/NDunxsPQPt","1928791489347231818","","","in","","0","1","0","https://x.com/undefined/status/1928791489347231818","1484521354842247169",
"1928791408183292280","Sat May 31 12:31:21 +0000 2025","1","Kabupaten Nias Catat 99 41 % Telah Terbentuk Kopdes https://t.co/OMlN1h8wCY","1928791408183292280","","","in","","0","0","0","https://x.com/undefined/status/1928791408183292280","1912720155559489538",
"1928571847399907400","Sat May 31 12:31:12 +0000 2025","0","@hidupdatarku Ugh....misyar gak itu kira2 tad..fasakh nggak sih nikah pake cara nipu??","1928791370161848617","","hidupdatarku","in","","0","0","0","https://x.com/undefined/status/1928791370161848617","1735141551393878016",
"1928791354580025456","Sat May 31 12:31:08 +0000 2025","1","Tim evakuasi berhasil temukan 3 jenazah korban longsor di Gunung Kuda Cirebon. Total korban meninggal 17 dan 8 orang masih hilang. Via @detikjabar_ https://t.co/4SwQSA1xp4","1928791354580025456","","","in","","0","1","2","https://x.com/undefined/status/1928791354580025456","69183155",
"1928791222996578422","Sat May 31 12:30:37 +0000 2025","0","https://t.co/0pujwCkvXc Polisi Periksa 6 Saksi dalam Kasus Longsor Galian C Gunung Kuda Cirebon https://t.co/jLKZF0neHp","1928791222996578422","https://pbs.twimg.com/media/GsRxYVJaMAE9X0E.jpg","","in","","0","1","0","https://x.com/undefined/status/1928791222996578422","765762376838840346",
"1928791191325450413","Sat May 31 12:30:29 +0000 2025","1","Kabupaten Nias Catat 99 41 % Telah Terbentuk Kopdes https://t.co/OMlN1h94sw","1928791191325450413","","","in","","0","0","0","https://x.com/undefined/status/1928791191325450413","1912720155559489538",
"1928791112019284364","Sat May 31 12:30:10 +0000 2025","0","jika masih ada pihak/negara terpojok sepertinya akan eksposur pada minggu depan. eksposur #MrMindAD sampah2nya setinggi gunung dimana negara2 #MrMindAD &amp; gank ada yg terjerat kasus di mahkamah internasional terpojok oleh negara yg bukan kerajaan India/China","1928791112019284364","","","in","","0","0","0","https://x.com/undefined/status/1928791112019284364","624211261",
"1928790928677884351","Sat May 31 12:29:27 +0000 2025","0","gue sendiri juga masih bingung dulu cuman 10 menit aja ke gunung papandayan dari kosan tp kenapa selama 1 5 tahun hidup di garut dan cuman berjarak 10 menit itu gue engga pernah mau ke papandayan ya","1928790928677884351","","","in","","0","2","0","https://x.com/undefined/status/1928790928677884351","1313821985848221699",
"1928462060205289949","Sat May 31 12:29:21 +0000 2025","0","@hibessne Shabell aku naik gunung yang mdpl nya 3000 3 hari 2 malam rencananya ","1928790904174948413","","hibessne","in","","0","1","0","https://x.com/undefined/status/1928790904174948413","291504553",
"1928769222609383896","Sat May 31 12:28:32 +0000 2025","0","@GabriellGany Sipaling gunung","1928790697374535968","","GabriellGany","tl","","0","0","0","https://x.com/undefined/status/1928790697374535968","402635383",
"1928790445674606790","Sat May 31 12:27:32 +0000 2025","0","Tiga Korban Tewas Kembali Ditemukan di Lokasi Longsor Galian C Gunung Kuda Total Jadi 17 Orang https://t.co/tg8ywQTX21","1928790445674606790","","","in","","0","0","0","https://x.com/undefined/status/1928790445674606790","594449085",
"1928790376501899406","Sat May 31 12:27:15 +0000 2025","0","Kapolda Jabar Tinjau Lokasi Longsor Galian C di Gunung Kuda Cirebon https://t.co/oRtvkHHfwk","1928790376501899406","","","in","","0","1","0","https://x.com/undefined/status/1928790376501899406","1112363743243952130",
"1928790362325164199","Sat May 31 12:27:12 +0000 2025","1","lu blm tau gua smp harus mendaki gunung lewaati lembah dlu dek","1928790362325164199","","","in","","0","0","0","https://x.com/undefined/status/1928790362325164199","1344153695500451842",
"1928768620278038965","Sat May 31 12:27:07 +0000 2025","1","@pucoroyo @appotalypse sbg org gunung jd approve ini sih asli","1928790342121435495","","pucoroyo","in","","0","0","0","https://x.com/undefined/status/1928790342121435495","1760236718463340544",
"1928790317769134410","Sat May 31 12:27:01 +0000 2025","1","NGAKAK!!!! Jaksel pinggiran mepet Depok juga segala Tokyo gunung fuji Asbunya bukan main gakuatt @Kanabel_ https://t.co/F19Xh16sO1","1928790317769134410","https://pbs.twimg.com/media/GsRwjMkaMAEe6ZZ.jpg","","in","","1","0","0","https://x.com/undefined/status/1928790317769134410","1068344178382274562",
"1914879888584040870","Sat May 31 12:26:59 +0000 2025","0","@kim_minjiuu jangan nangis unnyiee aku gak punya permen kalo di atas gunung ngeri kalo meletus gimana?","1928790307576946934","","kim_minjiuu","in","","0","1","0","https://x.com/undefined/status/1928790307576946934","520456200",
"1928412532194046107","Sat May 31 12:26:50 +0000 2025","0","@inciete seru kin itu pertama kali gua map gunung","1928790272034345257","","inciete","in","","0","2","0","https://x.com/undefined/status/1928790272034345257","3361117394",
"1928790094288146465","Sat May 31 12:26:08 +0000 2025","0","Kapolda Jabar Kunjungi Korban Longsor Pertambangan Gunung Kuda di RS Mitra Plumbon https://t.co/c4GNto4xRG","1928790094288146465","","","in","","0","1","0","https://x.com/undefined/status/1928790094288146465","1112363743243952130",
"1928790083760529460","Sat May 31 12:26:05 +0000 2025","0","hari ini shift malem bawa jaket yang dipake naik gunung lalu tiba tiba sangat ingin naik gunung lagi huft","1928790083760529460","","","in","","0","1","0","https://x.com/undefined/status/1928790083760529460","890034925",
"1928789962742215128","Sat May 31 12:25:36 +0000 2025","0","hidup kadang kidding alias gakjadi padahal udah mendaki gunung lewati lembah","1928789962742215128","","","in","","0","0","0","https://x.com/undefined/status/1928789962742215128","1562131397501861888",
"1928789877509722398","Sat May 31 12:25:16 +0000 2025","0","baru inget klo sebenernya gue sendiri yg minta kkn di pwk hahaha. nyeletuk doang sih pengen kkn disitu karena biar bisa main dan iseng-iseng naik gunung yg ada di daerah sana. kebetulan banget dapet tempatnya juga yg gak jauh dari tempat wisata jadi ya bolehlah nanti hehehe.","1928789877509722398","","","in","","0","0","0","https://x.com/undefined/status/1928789877509722398","1193897116239683586",
"1928789809272586473","Sat May 31 12:25:00 +0000 2025","0","Pernyataan Dedi Mulyadi Cek Lokasi Longsor Tambang Gunung Kuda Cirebon https://t.co/2Ckqrn1YoG","1928789809272586473","","","in","","0","1","0","https://x.com/undefined/status/1928789809272586473","71436318",
"1928788719986946347","Sat May 31 12:24:49 +0000 2025","0","@dxieforme pasti di gunung","1928789762506371568","","dxieforme","in","","0","1","0","https://x.com/undefined/status/1928789762506371568","1848951781306601472",
"1928740030983397703","Sat May 31 12:24:47 +0000 2025","0","@chrfulsunshine Gunung e to kak","1928789754729976266","","chrfulsunshine","tl","","0","1","0","https://x.com/undefined/status/1928789754729976266","1204678984371331073",
"1928762190695165984","Sat May 31 12:23:34 +0000 2025","0","@snbtfess sekali lagi yg begini lewat semoga orang² begini ketiban gunung kyk kaumnya nabi sholeh muak bgt bacanya","1928789449011306636","","snbtfess","in","","0","0","0","https://x.com/undefined/status/1928789449011306636","1511342007452856321",
"1928787812788076797","Sat May 31 12:22:57 +0000 2025","0","@cutieyuyuu @3anvychoi Dikira bigfoot pacaran di puncak gunung","1928789295214539159","","cutieyuyuu","in","","0","1","0","https://x.com/undefined/status/1928789295214539159","1543788094746689538",
"1928789190088548831","Sat May 31 12:22:32 +0000 2025","0","btw selama nonton mono aku sebagai penduduk shizuoka tuh ngerasa kayak oh... gunung fuji kalo dilihat dari yamanashi tuh jadi gini ya ","1928789190088548831","","","in","","0","0","0","https://x.com/undefined/status/1928789190088548831","115917675",
"1928784360343482795","Sat May 31 12:21:31 +0000 2025","1","@thebroccolihair takut tiba tiba manggung di gunung deh PICHE KOTA DI JAILOLO #PicheKotaFestivalJailolo #PicheKota","1928788934093353119","","","in","","0","0","0","https://x.com/undefined/status/1928788934093353119","1580149542078803969",
"1928787812788076797","Sat May 31 12:21:21 +0000 2025","0","@3anvychoi KAGAAAAAA DI ATAS GUNUNG GUE PACARAN AMA DIA","1928788890485248007","","3anvychoi","in","","0","2","0","https://x.com/undefined/status/1928788890485248007","1129233172460257280",
"1928788844951781570","Sat May 31 12:21:10 +0000 2025","231","Prosesi mencari pesugihan di gunung Kawi..... https://t.co/CHhF4PMWSp","1928788844951781570","https://pbs.twimg.com/amplify_video_thumb/1928788630405001217/img/XYvfaIP4aw4KNdfv.jpg","","in","","5","29","73","https://x.com/undefined/status/1928788844951781570","1426338303771508737",
"1928786365652607235","Sat May 31 12:19:58 +0000 2025","0","@ManagersRoom Dunia ini terlalu panas buat aku yang anak gunung.","1928788543373013264","","ManagersRoom","in","","0","1","0","https://x.com/undefined/status/1928788543373013264","306079913",
"1928615620079136879","Sat May 31 12:19:50 +0000 2025","0","@salmagedone BB nya Over.niat banget naek gunung sekalipun dibayar.kasian jg yg mikul","1928788509743264209","","salmagedone","in","","0","0","0","https://x.com/undefined/status/1928788509743264209","1853600950235381760",
"1928788406215065929","Sat May 31 12:19:25 +0000 2025","0","Status Tanggap Darurat Tragedi Longsor Gunung Kuda Cirebon Tewaskan 14 Orang https://t.co/Jt9UpogPf0","1928788406215065929","","","in","","0","1","0","https://x.com/undefined/status/1928788406215065929","1112363743243952130",
"1928787812788076797","Sat May 31 12:18:59 +0000 2025","0","@cutieyuyuu diatas gunung kita lompat","1928788296219635823","","cutieyuyuu","in","","0","1","0","https://x.com/undefined/status/1928788296219635823","1309012470024024066",
"1928762379753709667","Sat May 31 12:18:55 +0000 2025","0","@munvess yang suka naek gunung di roblox temenan?","1928788277638660451","","munvess","in","","0","1","0","https://x.com/undefined/status/1928788277638660451","1685848590198157312",
"1928437316617482281","Sat May 31 12:18:38 +0000 2025","0","@byolts lari ke gunung aku biar kita liat sunset bareng","1928788206998221127","","byolts","in","","0","1","0","https://x.com/undefined/status/1928788206998221127","1893115741400137728",
"1928768135080874266","Sat May 31 12:18:36 +0000 2025","0","@yourhabebaty Di kalimantan adanya di sabah sana gunung kinabalu. Kalo di sblh indo sini sayangnya ga ada deh","1928788200442704287","","yourhabebaty","in","","0","1","0","https://x.com/undefined/status/1928788200442704287","1331547960287498245",
"1928785381043900580","Sat May 31 12:18:31 +0000 2025","0","@ailesnoiru malmingan kok naek gunung di roblox nanti berdua sama setan","1928788176484585606","","ailesnoiru","in","","0","1","0","https://x.com/undefined/status/1928788176484585606","1685848590198157312",
"1928788129064038846","Sat May 31 12:18:19 +0000 2025","2","Beberapa pendaki gunung di bukit Waentumbu Palu disekap oleh sekelompok orang tak dikenal. Apa iya ada ladang SINGKONG di gunungnya sampe segitunya ? Ngeri... https://t.co/xQ6lhduzqc","1928788129064038846","https://pbs.twimg.com/ext_tw_video_thumb/1928788035984044034/pu/img/QUEEXH2DDfQlUxC4.jpg","","in","","0","1","0","https://x.com/undefined/status/1928788129064038846","1391273164731125760",
"1928788039666454804","Sat May 31 12:17:58 +0000 2025","34","Hallo gaes kita mau naik ke gunung Semeru (RAKUM) diakhir Juni masih open slot nih kalo ada yg mau join. https://t.co/bMDOmXUDDu","1928788039666454804","https://pbs.twimg.com/media/GsRufFJa0AAdGpG.jpg","","in","","0","11","0","https://x.com/undefined/status/1928788039666454804","1886051826367336448",
"1928787831683489961","Sat May 31 12:17:08 +0000 2025","9","Sekilas info warung mbok yem di Gunung Lawu tutup Yg pernah mendaki ke Lawu share cerita kalian yuk di reply aku pengen baca cerita pengalaman kalian selama di Lawu https://t.co/1wfx6l6nDG","1928787831683489961","https://pbs.twimg.com/media/GsRuTwLa4AEq2OM.jpg","","in","","0","2","2","https://x.com/undefined/status/1928787831683489961","233470506",
"1928787812788076797","Sat May 31 12:17:04 +0000 2025","2","aku rela mendaki gunung lewati lembah untuk mengejar cintamu https://t.co/uTwFZaAnZU","1928787812788076797","https://pbs.twimg.com/media/GsRuS0PaMAAtgEy.jpg","","in","","0","2","0","https://x.com/undefined/status/1928787812788076797","1129233172460257280",
"1928787791632388417","Sat May 31 12:16:59 +0000 2025","0","Ntr kl verif berkas di kampus ak akan mengajak masku memnuat konten Allah's gunung plan but instead of gunung anyar we're gunung sari","1928787791632388417","","","in","","0","0","0","https://x.com/undefined/status/1928787791632388417","1551528002215096321",
"1928770929296916714","Sat May 31 12:16:35 +0000 2025","0","@operah0use lebih seruan lu ke gunung anjay","1928787692512231887","","operah0use","in","","0","1","0","https://x.com/undefined/status/1928787692512231887","1402523210529206275",
"1928787528942768254","Sat May 31 12:15:56 +0000 2025","0","Lagi beresin foto/video di galeri jadi ga sengaja ngeliatin konten mas gunung yang belom sempet gue masukin folder. Gue dalam hati Masya Allah yang begini pasti taun depan pamer foto megangin kertas ","1928787528942768254","","","in","","0","0","0","https://x.com/undefined/status/1928787528942768254","1562814641658482688",
"1928787165070184666","Sat May 31 12:14:29 +0000 2025","0","WADIDAW... KETUA SUDAH TURUN GUNUNG #nneo_neos","1928787165070184666","","","in","","0","0","0","https://x.com/undefined/status/1928787165070184666","1709420503356919808",
"1928768911840850042","Sat May 31 12:14:05 +0000 2025","0","@aintphrodite Anytime. Ke lumayan banyak gunung sih kamu sendiri sudah ke mana?","1928787060606804288","","aintphrodite","in","","0","1","0","https://x.com/undefined/status/1928787060606804288","2758629503",
"1928482885972975868","Sat May 31 12:13:39 +0000 2025","0","@carsjebgail Saya suka lihat kontenya bang zawin yg mendaki gununug menerabas mitos2 yg beredar di gunung tersebut","1928786954579226931","","carsjebgail","in","","0","0","0","https://x.com/undefined/status/1928786954579226931","1085319385",
"1928786738249437603","Sat May 31 12:12:48 +0000 2025","9","met malem dari puncak gunung salak https://t.co/t9UXm1SfUK","1928786738249437603","https://pbs.twimg.com/media/GsRtPWraMAcDo8r.jpg","","in","","0","3","0","https://x.com/undefined/status/1928786738249437603","1785423575941627904",
"1928627539922268474","Sat May 31 12:12:45 +0000 2025","0","@DS_yantie Emng udah diterapkan dari tahun lalu","1928786726366933471","","DS_yantie","in","","0","0","0","https://x.com/undefined/status/1928786726366933471","705413311",
"1928785834049777685","Sat May 31 12:12:11 +0000 2025","5","@SianiparRismon Maju terus Cak Rismon pendekar @samhugget dari gunung lawu bersamamu","1928786584247156877","","SianiparRismon","in","","0","1","0","https://x.com/undefined/status/1928786584247156877","178707598",
"1928719534862598458","Sat May 31 12:11:32 +0000 2025","3","@AliNgabalinNew Akhirnya om Ngabalin turun gunung..... ","1928786418756677930","","AliNgabalinNew","in","","0","3","1","https://x.com/undefined/status/1928786418756677930","1296312516901916672",
"1928786277853209042","Sat May 31 12:10:58 +0000 2025","0","liat story orang bukan lagi bucin tp naik gunung lbih irii","1928786277853209042","","","in","","0","0","0","https://x.com/undefined/status/1928786277853209042","1644537821598978049",
"1928783570165797218","Sat May 31 12:10:46 +0000 2025","13","@radenrauf Tidak lagi cari jodoh meski jomblo cari temen aja yang sehobi mungkin ada yang suka pelihara reptil atau naik gunung? https://t.co/yqEv3m9pGK","1928786226565546473","https://pbs.twimg.com/media/GsRs11KaMAMGAfs.jpg","radenrauf","in","","0","3","0","https://x.com/undefined/status/1928786226565546473","1091995907522883584",
"1928786031760842872","Sat May 31 12:09:59 +0000 2025","3","Kapolda Jabar Tinjau Lokasi Longsor Galian C di Gunung Kuda Cirebon Kapolda Jawa Barat Irjen Pol. Rudi Setiawan S.I.K. S.H. M.H. melakukan kunjungan kerja ke lokasi bencana alam longsor Galian C di kawasan Gunung Kuda Kec. Dukupuntang Kab. Cirebon #PolriUntukMasyarakat https://t.co/dTfDNNmmLP","1928786031760842872","https://pbs.twimg.com/media/GsRsrASbkAAYi_M.jpg","","in","","0","1","0","https://x.com/undefined/status/1928786031760842872","1262277887236825088",
"1928784592535957645","Sat May 31 12:09:30 +0000 2025","0","pagi hari sebelum berangkat jam 6 pagi masih gelap dan gua? Masih setengah sadar. gua ngambil kopi sambil nguap tapi demi kabut gunung suara alam dan quality time sama diri sendiri worth it. https://t.co/nxZX1rBz6V","1928785908947362079","https://pbs.twimg.com/media/GsRsj-YaMAIGJG8.jpg","johnzyjsh","in","","0","0","0","https://x.com/undefined/status/1928785908947362079","2759040167",
"1928784142856032358","Sat May 31 12:09:17 +0000 2025","0","@gadismungil__ @susumilove26 Katek duet aku nk nanjak gunung","1928785856321757367","","gadismungil__","in","","0","0","0","https://x.com/undefined/status/1928785856321757367","997459437701902336",
"1928783992423420276","Sat May 31 12:01:53 +0000 2025","0","list gunung yang udah gua daki 1. gunung salak ️ 2. gunung sunda ️ 3. gunung andong ️ next gunung apa lagi ya ","1928783992423420276","","","in","","0","1","0","https://x.com/undefined/status/1928783992423420276","566251717",
"1928775998079725735","Sat May 31 12:01:30 +0000 2025","0","@imiseryloves Gunung Patuha di Jawa Barat bukan sih? Coba solo hiking. Saya sudah ke lumayan banyak gunung wkwk.","1928783897027858715","","imiseryloves","in","","0","1","0","https://x.com/undefined/status/1928783897027858715","2758629503",
"1927696358669975959","Sat May 31 12:01:22 +0000 2025","0","@3CareIndonesia Naik gunung enaknya musim kemarau","1928783862483579276","","3CareIndonesia","in","","0","0","0","https://x.com/undefined/status/1928783862483579276","2868509071",
"1928782321442083103","Sat May 31 12:00:49 +0000 2025","0","@faeel Udah naik gunung blum sm ayang bubub","1928783722070831259","","faeel","in","","0","1","0","https://x.com/undefined/status/1928783722070831259","1733779999872966656",
"1928783586074726658","Sat May 31 12:00:38 +0000 2025","1","A little trivia Helios 522 itu beneran kejadian:) satu pesawat hilang kesadaran karna decompression dan akhirnya kehabisan fuel dan nabrak gunung COME CHAT https://t.co/PKFOmenWgA","1928783679792308452","","plvtodearest","in","","0","0","0","https://x.com/undefined/status/1928783679792308452","1805615475914952704",
"1928783506651623825","Sat May 31 11:59:57 +0000 2025","1","Satu-satunya gunung yang kupercaya (awal-awal pas naik gunung) pas dibilang di puncak nanti ada warung . Karena di TV ada tayangannya warung tertinggi wkwk. Dan gobloknya dulu aku pernah nanyain ke Almarhumah ada es teh atau engga? wkwkw","1928783506651623825","","","in","","0","0","0","https://x.com/undefined/status/1928783506651623825","1639046738",
"1928783502075417040","Sat May 31 11:59:56 +0000 2025","3","Ngapa beneran kyk org naik gunung dah kocak https://t.co/c6A9vw7O3U","1928783502075417040","https://pbs.twimg.com/media/GsRqXaNaMAQMVLS.jpg","","in","","0","1","0","https://x.com/undefined/status/1928783502075417040","1409220768",
"1928783338011345371","Sat May 31 11:59:17 +0000 2025","37","gas lah 200 teman kita mendaki gunung merbabu piral skuy yang blm join sekte roblok abang ditunggu https://t.co/b3mVIoUdgq","1928783338011345371","https://pbs.twimg.com/media/GsRqOEaaoAAKPU9.jpg","","in","","0","9","2","https://x.com/undefined/status/1928783338011345371","1872262011696160768",
"1928781091424309612","Sat May 31 11:59:08 +0000 2025","0","@chimebelv KAKBEL.... terima kasih udah hadir di hidup aku bersama mereka semua yah.... NANGIS BGT AKU BACA KETIKANNYA ARKANA aku bahkan blm makan otak otak di gunung sampe sekarang... kak bel sehat sehat yaaa sampai jumpa di lain waktuuu kakabeltersayanglofyumuah ","1928783298240684381","","chimebelv","in","","0","0","0","https://x.com/undefined/status/1928783298240684381","1489271492764258307",
"1928783271405695181","Sat May 31 11:59:01 +0000 2025","0","petualangan gak harus di gunung. sunset gak harus di pantai. berkelana gak harus di hutan. coba kenali maknanya lebih dalam petualangan itu bisa saja antar kota antar provinsi antar negara antar benua... atau bahkan antar planet.","1928783271405695181","","","in","","0","0","0","https://x.com/undefined/status/1928783271405695181","1444979261790588929",
"1928768135080874266","Sat May 31 11:58:05 +0000 2025","0","@WickedDude6 Ehh pantes koo bagus banget btw d kalimantan ni sebenarnya ada ga sih bang gunung wkwkw","1928783035803251192","","WickedDude6","in","","0","1","0","https://x.com/undefined/status/1928783035803251192","1622484870412009472",
"1928707139867943076","Sat May 31 11:57:59 +0000 2025","0","@basotulangenak lucu banget ya sampai dibikin semirip mungkin sampai ada gunung kembarnya","1928783012751356067","","basotulangenak","in","","0","0","0","https://x.com/undefined/status/1928783012751356067","4505978719",
"1928782583644532752","Sat May 31 11:57:44 +0000 2025","0","@chocolateyunhoo mau ikit lompat dari gunung gk","1928782946988650744","","chocolateyunhoo","in","","0","1","0","https://x.com/undefined/status/1928782946988650744","1129233172460257280",
"1928750302078885962","Sat May 31 11:57:42 +0000 2025","0","@miliksunwoo bener sihh tapi sulitt sekalinya nemu ga doyan naek gunung","1928782939598577944","","hiraethwaves","in","","0","1","0","https://x.com/undefined/status/1928782939598577944","1140704319458533376",
"1928761469287485706","Sat May 31 11:57:14 +0000 2025","1","@ainascnrrmt @ytszam @Sopia_id @hilwarzkt @AgungNug033 jan ko semakan pemandangan bukit sama dri atas gunung jenab","1928782824058007822","","ainascnrrmt","in","","0","1","0","https://x.com/undefined/status/1928782824058007822","784291812",
"1928782540451561548","Sat May 31 11:56:07 +0000 2025","1","just got home! setelah hiking nyebrang gunung di garut sampe ke kabupaten tasik lanjut camping ditengah hutan sama di desa sekitaran sana.. for 3 whole days super duper SENANGGG :] https://t.co/kUQBognVPd","1928782540451561548","https://pbs.twimg.com/media/GsRpeHTaMAMwAl2.jpg","","in","","0","0","0","https://x.com/undefined/status/1928782540451561548","1751881738341711872",
"1928670125739430108","Sat May 31 11:55:36 +0000 2025","1","@sendalair Bisa si bawa genset kecil kalo emang gen alpha seniad itoooohh buat naek gunung bawa magiccom wakakakaka","1928782409362808859","","sendalair","in","","0","0","0","https://x.com/undefined/status/1928782409362808859","3814578973",
"1928782225203450036","Sat May 31 11:54:52 +0000 2025","0","Aku dah sampe kayu Aro lagi isi minyak kan Nemu lah sana akamsi yang jadi potter ke gunung kerinci Ku tanyak lah klien rata rata orang itu salut nya orang itu sering jadi potter orang luar juga dan besok orang ini kawal orang thailand Makin maju orang orang sini","1928782225203450036","","","in","","0","0","0","https://x.com/undefined/status/1928782225203450036","1738925843928543232",
"1928781860500595013","Sat May 31 11:53:25 +0000 2025","0","Identitas 3 Korban Tewas Longsor Gunung Kuda Cirebon yang Baru Ditemukan https://t.co/fbOzJp7OJE","1928781860500595013","","","in","","0","0","0","https://x.com/undefined/status/1928781860500595013","132078023",
"1928781703918567687","Sat May 31 11:52:47 +0000 2025","0","Aku sudah sampai puncak Aku akan mencari gunung baru yang seruuu tunggu https://t.co/25tRzlVTyj","1928781703918567687","https://pbs.twimg.com/media/GsRovMfaMAEe1OC.jpg","","in","","0","1","0","https://x.com/undefined/status/1928781703918567687","1314739545485656064",
"1928768419295617366","Sat May 31 11:00:00 +0000 2025","1","Saat musim panas pantai dan gunung jadi tujuan utama untuk berlibur. Tapi apa jadinya kalau kalian jadikan pemandian air panas sebagai alternatif menyegarkan diri saat musim panas? #TravelJepang https://t.co/peElVm6LR7 https://t.co/ryCBEAZhY5","1928768419295617366","https://pbs.twimg.com/media/GsOIyTPaMAERN37.jpg","","in","","0","0","1","https://x.com/undefined/status/1928768419295617366","69876693",
"1928768305621242325","Sat May 31 10:59:33 +0000 2025","0","Kang Dedi Mulyadi Tambang Gunung Kuda Sudah Ditutup! - Karena Pengelolaannya Tidak Mengikuti Standarisasi Bahkan K3 Dasarnya Saja Tidak Dipenuhi! KDM Bilang 3 Tahun Lalu Saya Bukan Siapa-siapa Dan Tidak Memiliki Kewenangan Maka Dari Itu Saat Ini Saya Baru Bisa Menutup! https://t.co/O8fRD39mqe","1928768305621242325","https://pbs.twimg.com/ext_tw_video_thumb/1928768217629306880/pu/img/7j85yuOrLrGHepza.jpg","","in","","0","0","0","https://x.com/undefined/status/1928768305621242325","2170763288",
"1928768283198763368","Sat May 31 10:59:28 +0000 2025","0","orang orang pada naik gunung semua","1928768283198763368","","","in","","0","1","0","https://x.com/undefined/status/1928768283198763368","1521385951020601349",
"1928768135080874266","Sat May 31 10:58:52 +0000 2025","1","Nemu poto gunung https://t.co/pRf7MlOckn","1928768135080874266","https://pbs.twimg.com/media/GsRcY_EaEAALTu8.jpg","","in","","0","1","0","https://x.com/undefined/status/1928768135080874266","1331547960287498245",
"1928763890902483074","Sat May 31 10:58:42 +0000 2025","2","@mbienyambay2 makanya ada pepatah jangan berumah ditepi pantai di tepi sungai dibawah bukit dikaki gunung.. orang2 Swiss harus berguru kepada bangsa Indonesa agar jadi bijak dan pintar","1928768091049058391","","mbienyambay2","in","","0","1","0","https://x.com/undefined/status/1928768091049058391","3248886918",
"1928482885972975868","Sat May 31 10:58:07 +0000 2025","0","@carsjebgail @Pramsplspass golek pesugihan ng gunung kawi","1928767943619293327","","carsjebgail","tl","","0","0","0","https://x.com/undefined/status/1928767943619293327","1161712774952574977",
"1928767431977120004","Sat May 31 10:57:52 +0000 2025","0","- temen gua yg 1 nya di gunung. waktu ibu gua bukain pintu mereka kaget kenapa ibu gua nangis mereka ngiranya lagi pelukan sama gua. padahal ibu gua terharu sama mereka yang jauh dateng ke rumah gua sambil bawa gift buat gua. sebenarnya ga heran karna setiap ada yg kenapa -","1928767882214658237","","sGadisampul","in","","0","1","0","https://x.com/undefined/status/1928767882214658237","1696371691587579904",
"1928717613452112276","Sat May 31 10:57:13 +0000 2025","5","@Jateng_Twit yg hobi naek gunung apalagi udah pensiun... cocok","1928767718989115740","","Jateng_Twit","in","","0","0","0","https://x.com/undefined/status/1928767718989115740","35490541",
"1928767522268131806","Sat May 31 10:56:26 +0000 2025","0","Bestnyaaa camping kat kawasan berlatar belakangkan gunung","1928767522268131806","","","in","","0","0","0","https://x.com/undefined/status/1928767522268131806","4245368845",
"1928767293598900524","Sat May 31 10:55:32 +0000 2025","3","Tim SAR Gabungan sore ini berhasil temukan 3 korban longsor tambang batu di Gunung Kuda Desa Cipanas Kecamatan Dukuh Puntang Kabupaten Cirebon Jawa Barat dengan jenis kelamin laki laki sementara itu operasi SAR hari ke 2 sore ini ditutup untuk sementara Sabtu (31/05). https://t.co/mX9RiKP09g","1928767293598900524","https://pbs.twimg.com/amplify_video_thumb/1928767157451763712/img/HdnE873m45wqTYpq.jpg","","in","","0","0","0","https://x.com/undefined/status/1928767293598900524","121640063",
"1928767263936811180","Sat May 31 10:55:25 +0000 2025","1"," uda pernah ke gunung mana aja emang? : gunungpati hehe ‍↔️","1928767263936811180","","","in","","0","1","1","https://x.com/undefined/status/1928767263936811180","1157838037746741248",
"1928660304768188561","Sat May 31 10:55:24 +0000 2025","0","@sympromis Gunung Kelima - Paulo Coelho - GPU 43rb https://t.co/eXXTByJFDs","1928767260849582494","","sympromis","in","","0","0","0","https://x.com/undefined/status/1928767260849582494","842214257898868736",
"1928766846955655514","Sat May 31 10:53:45 +0000 2025","19","Di lereng Gunung Hejo Purwakarta TNI AD bersama warga membangun harapan lewat penghijauan dan ketahanan pangan. #TNIAD #TNIADBerjuangBersamaRakyat #TNIADBekerjaDenganHati #TNIADdihatiRakyat #TNIADPrima https://t.co/TLeLe77LRC","1928766846955655514","https://pbs.twimg.com/amplify_video_thumb/1928764274098450433/img/Z4W5UfwbWHy1s8R_.jpg","","in","","1","0","6","https://x.com/undefined/status/1928766846955655514","4068016160",
"1928766846511010022","Sat May 31 10:53:45 +0000 2025","0","Lulus kompre dulu trs pgn bgt naik gunung 1x lagi plis sblm koasss ikut sp yh semoga temenku ada yg maw naik jg HAHA","1928766846511010022","","","in","","0","0","0","https://x.com/undefined/status/1928766846511010022","1675208584890834944",
"1928642414064939328","Sat May 31 10:53:13 +0000 2025","0","@czmillou @bfgrent Main roblox bareng Radhika @karchnaval &amp; Saga @holnestly nih mereka sering mainggg tapi belum avail otp gapapa? tapi mereka berdua anaknya seru bgt buat diajak ngorbrol. Nanti digendong naik gunung mau? Mereka bisa ditemui buldep yaah :3","1928766710955245873","","czmillou","in","","0","0","0","https://x.com/undefined/status/1928766710955245873","1882709079946362881",
"1928766710825238991","Sat May 31 10:53:13 +0000 2025","0","Fisik dah mayan okee ni pgn naik gunung lagi gaksi","1928766710825238991","","","in","","0","0","0","https://x.com/undefined/status/1928766710825238991","1675208584890834944",
"1928766693574094859","Sat May 31 10:53:09 +0000 2025","0","Ada kali 2 gunung baju belum gue lipet","1928766693574094859","","","in","","0","1","0","https://x.com/undefined/status/1928766693574094859","1518293169258909696",
"1927360984458403994","Sat May 31 10:52:13 +0000 2025","0","@Leesocl Gunung everest termasuk ga?? Nitip sekalian udara gunung fuji jugak","1928766458428797309","","Leesocl1","in","","0","1","0","https://x.com/undefined/status/1928766458428797309","1342824827514544131",
"1928117913380094305","Sat May 31 10:52:05 +0000 2025","0","@tanyarlfes Aku jg mau. bkn krn g dibolehinortu tp emg aku g mau. aku pingin pacaran after nikah kalau bisa jalan² bareng entah itu naik gunung atau ke pantai bareng . Soalnya selama ini aku kemana² sendiri aku mau ngerasain kemana² sama pasangan. That's my biggest dream ","1928766428003577872","","tanyarlfes","in","","0","1","0","https://x.com/undefined/status/1928766428003577872","1257092932663820288",
"1928742139350958141","Sat May 31 10:51:19 +0000 2025","3","@abi_sasaLL @DediMulyadi71 Alhamdulillah langkah mulia dari Gubernur Jabar @DediMulyadi71 untuk menanggung biaya pendidikan anak-anak korban longsor di Gunung Kuda Cirebon sekaligus menjadi ayah asuh. Ini bentuk kepedulian nyata. Semoga menjadi berkah dan meringankan beban keluarga korban ","1928766234364952766","","abi_sasaLL","in","","0","0","1","https://x.com/undefined/status/1928766234364952766","387021225",
"1928765800329908663","Sat May 31 10:49:36 +0000 2025","0","Kejadian longsor di Gunung Kuda Cirebon termasuk rock slide karena bebatuan gamping meluncur vertikal. Hal ini disebabkan rongga-rongga yang membentuk zona lemah. #Humaniora #Kompas60 https://t.co/GA0Xx9vaKN","1928765800329908663","","","in","","0","0","1","https://x.com/undefined/status/1928765800329908663","255866913",
"1928765709649080396","Sat May 31 10:49:14 +0000 2025","0","Kejadian longsor di Gunung Kuda Cirebon termasuk rock slide karena bebatuan gamping meluncur vertikal. Hal ini disebabkan rongga-rongga yang membentuk zona lemah. #Humaniora #Kompas60 https://t.co/iSOsRtaZfD","1928765709649080396","","","in","","0","0","0","https://x.com/undefined/status/1928765709649080396","771030588",
"1928638841390268751","Sat May 31 10:47:51 +0000 2025","0","@todayisfam @KABAR_CHELSEA Si gunung mh udh post cuma 1 caption nya dikit doang pula padahal dia dari akademi asli. Klo si havertz habis keluar udh gk post lagi sama admin padahal biasanya klo mantan pemain punya momen bagus di post tpi gk ada sama sekali biarpun memperingati juara UCL 2021 juga","1928765359462793717","","todayisfam","in","","0","0","0","https://x.com/undefined/status/1928765359462793717","1378513150849425408",
"1928765105593798910","Sat May 31 10:46:50 +0000 2025","1","Eh gais seru bgt liat org org pada ke pantai gunung jalan jalan ke luar kota gitu sama temen temennya. Aku sendirian terus","1928765105593798910","","","in","","0","4","0","https://x.com/undefined/status/1928765105593798910","1089833473831890944",
"1928764921841426778","Sat May 31 10:46:06 +0000 2025","0","Dari kemarin mobil ambulans banyak banget bolak-balik dari gunung kuda yang longsor","1928764921841426778","","","in","","0","0","0","https://x.com/undefined/status/1928764921841426778","1737288131165175808",
"1928764540193243594","Sat May 31 10:44:35 +0000 2025","2","impulsive thought : tiba tibaa pen naik gunung cuma pen ngetest aja dinginnya lebih nusuk udara puncak apa ur last chatt","1928764540193243594","","","in","","1","4","0","https://x.com/undefined/status/1928764540193243594","1864030157100756992",
"1928764489534521749","Sat May 31 10:44:23 +0000 2025","1","tiba tiba inget hal yg selalu pa iman gambar dikelas like every pertemuan beliau selalu bilang something like that wkwkwk gunung es yg di atasnya kecil tapi bawahnya beneran besar ga kekira","1928764489534521749","","","in","","0","0","0","https://x.com/undefined/status/1928764489534521749","1865732726864941056",
"1928763638221046071","Sat May 31 10:43:40 +0000 2025","0","@munvess gunung","1928764306830594375","","munvess","in","","0","0","0","https://x.com/undefined/status/1928764306830594375","1702255185987547136",
"1928722447743803728","Sat May 31 10:42:53 +0000 2025","6","@pandji bang pandji kata tukang baso cicaheum kapan solo hiking ke gunung kawi kangen itu beliau","1928764110730334482","","pandji","in","","0","0","0","https://x.com/undefined/status/1928764110730334482","1686217974360035329",
"1928717613452112276","Sat May 31 10:42:17 +0000 2025","3","@Jateng_Twit sugeng kondur mbok maturnuwun sampun dados kenangan sae pas dolan gunung lawu cerita panjenengan insyaallah abadi ","1928763960209133804","","Jateng_Twit","in","","0","0","0","https://x.com/undefined/status/1928763960209133804","170177097",
"1928763734098399448","Sat May 31 10:41:23 +0000 2025","0","Map gunung mana yg bisa on mic","1928763734098399448","","","in","","0","1","0","https://x.com/undefined/status/1928763734098399448","1802565850156945408",
"1928668941267710184","Sat May 31 10:40:56 +0000 2025","0","@naoshier Es gunung","1928763622244659486","","naoshier","in","","0","0","0","https://x.com/undefined/status/1928763622244659486","1919043113798213632",
"1928235942474596835","Sat May 31 10:40:38 +0000 2025","0","@romadhanov @Jominangg Sebelum naik gunung naikin dulu level literasi lu bang biar ga malu maluin..","1928763545023348983","","romadhanov","in","","0","0","0","https://x.com/undefined/status/1928763545023348983","228775936",
"1928763401704034551","Sat May 31 10:40:04 +0000 2025","0","2 Kembali Ditemukan Jumlah Korban Tewas Longsor Gunung Kuda Cirebon Bertambah Jadi 16 Orang https://t.co/YVdMjEtlBi","1928763401704034551","","","in","","0","0","0","https://x.com/undefined/status/1928763401704034551","132078023",
"1928758659766722992","Sat May 31 10:39:56 +0000 2025","6","@Sourbutsweet_17 Piknik? Naik gunung? Arum jeram? Sky ngerapiin ucapan Nani SKYNANI IN MILDTOPIA #รสดีมายด์xสกายนานิ","1928763370620277227","","Sourbutsweet_17","in","","1","0","0","https://x.com/undefined/status/1928763370620277227","1571103117625917440",
"1928763327770927360","Sat May 31 10:39:46 +0000 2025","0","Timbunan Longsor Gunung Kuda Cirebon Bertambah Tebal Evakuasi Korban Terhambat https://t.co/3Q1NjDwdnk","1928763327770927360","","","in","","0","0","0","https://x.com/undefined/status/1928763327770927360","132078023",
"1928287450318749998","Sat May 31 10:39:43 +0000 2025","1","@irfanfaria24 @TalkinAndy gak percaya pada negara adalah persoalan juga apalagi klo sudah menyangkut keamanan nyawa. Tidak selamanya negara salah. ini contohnya https://t.co/JQPvGg9Abv","1928763314370134419","","irfanfaria24","in","","0","0","0","https://x.com/undefined/status/1928763314370134419","1295544231616868353",
"1928762786504429943","Sat May 31 10:37:37 +0000 2025","1","SIAPAPUN TOLONG AJAKIN AKU NAIK GUNUNG. PENGEN BANGET WOYLAH ","1928762786504429943","","","in","","0","2","0","https://x.com/undefined/status/1928762786504429943","1239859331509522432",
"1928762383213724048","Sat May 31 10:36:01 +0000 2025","0","Spirit fingers kapan tayang si anjirrr Dikabarkan tayang akhir 2023 // dikabarkan tayang awal 2024 Permisi sayyy sekarang udh pertengahan 2025 gila ye kesulitan bikin set sekolah puncak gunung ha?!!","1928762383213724048","","","in","","0","0","0","https://x.com/undefined/status/1928762383213724048","1598886530990321664",
"1928762211498946597","Sat May 31 10:35:20 +0000 2025","0","Sebanyak 14 korban tewas sudah diidentifikasi tapi belasan lain disebut masih hilang. Ke depan seperti apa nasib kawasan ini ke depan? #Nusantara #Kompas60 https://t.co/y9KyTWTRp0","1928762211498946597","","","in","","0","0","0","https://x.com/undefined/status/1928762211498946597","79237556",
"1928758221780693257","Sat May 31 10:19:29 +0000 2025","0","Detik-detik Mencekam Sopir Truk Selamat dari Longsor Gunung Kuda https://t.co/9Kwz6NlkEn https://t.co/3ig8fkhF1j","1928758221780693257","https://pbs.twimg.com/media/GsRTYZlaMAA9l3k.jpg","","in","","0","0","0","https://x.com/undefined/status/1928758221780693257","502140136",
"1928736217237000507","Sat May 31 10:19:14 +0000 2025","0","@aletterfrompil lucu bngtt pil naik gunung salfok kk nya cantik bngt Masyaallah","1928758161319801110","","aletterfrompil","in","","0","1","0","https://x.com/undefined/status/1928758161319801110","1848590746456363012",
"1928758029413134823","Sat May 31 10:18:43 +0000 2025","0","Gubernur Jawa Barat Dedi Mulyadi resmi mencabut izin operasional tambang galian C di kawasan Gunung Kuda Cirebon Jabar menyusul insiden longsor yang terjadi pada Jumat (30/5). Selengkapnya: https://t.co/dNT6VAW5XI #Tambang #DediMulyadi #Longsor #Cirebon #KatadataUpdate https://t.co/Cq9XbNamH1","1928758029413134823","https://pbs.twimg.com/media/GsRTMKlaMAAVr-1.jpg","","in","","1","0","1","https://x.com/undefined/status/1928758029413134823","552523769",
"1928757881421312174","Sat May 31 10:18:08 +0000 2025","1","Tambang Galian C Gunung Kuda Cirebon Disegel Izin Operasional Dicabut! #galianc https://t.co/GiTfBnbFDa","1928757881421312174","","","in","","0","0","0","https://x.com/undefined/status/1928757881421312174","79130206",
"1928754443945644262","Sat May 31 10:18:05 +0000 2025","0","@albumketiga emang si slamet punya gunung?","1928757870805352520","","bobohogembrot","in","","0","0","0","https://x.com/undefined/status/1928757870805352520","1322531144290586624",
"1928757736088781056","Sat May 31 10:17:33 +0000 2025","1","Kabupaten Nias Catat 99 41 % Telah Terbentuk Kopdes https://t.co/wTIvfTiDcS","1928757736088781056","","","in","","0","0","0","https://x.com/undefined/status/1928757736088781056","1683235845028081668",
"1928757699027587533","Sat May 31 10:17:24 +0000 2025","1","Sebanyak 14 korban tewas sudah diidentifikasi tapi belasan lain disebut masih hilang. Ke depan seperti apa nasib kawasan ini ke depan? #Nusantara #Kompas60 https://t.co/ux6HBiObub","1928757699027587533","","","in","","0","0","0","https://x.com/undefined/status/1928757699027587533","255866913",
"1928757278624133251","Sat May 31 10:15:44 +0000 2025","1","Bawang putih masih bisa (Aku jg tau ini krn aku dari Jateng) Daerah2 dataran tinggi kayak di Karanganyar (Tawangmangu) Magelang dan Temanggung &amp; Wonosobo Daerah2 itu daerah gunung juga cthnya kayak Sumbing yg meliputi Temanggung Wonosobo dan Magelang Gandum ini yg krg tau","1928757278624133251","","","in","","0","1","0","https://x.com/undefined/status/1928757278624133251","1222806905732521984",
"1928747060762644781","Sat May 31 10:15:42 +0000 2025","0","@UGM_FESS naik gunung dan explore jogja atau klo km otw gamatu kerjain skripsi","1928757268826235243","","UGM_FESS","in","","0","0","0","https://x.com/undefined/status/1928757268826235243","1456768436873297926",
"1928754211421900859","Sat May 31 10:13:45 +0000 2025","0","@Nil2Crypthopia @ATTNtoken @GiveRep postingan sepi ? Tag @Opunx99 Solusinya mari kita ramekan --- @GiveRep @stayloudio @KaitoAI @ATTNtoken @cro_aggregator --- Siang Semua Sudah Boleh Indomie Seblak Libur Gunung Kuda Wkwk","1928756780999520715","","Nil2Crypthopia","in","","0","1","0","https://x.com/undefined/status/1928756780999520715","1826380836318629888",
"1928735462115717233","Sat May 31 10:12:57 +0000 2025","0","@dewafortunaa Coba naik ke gunung","1928756578171367565","","dewafortunaa","in","","0","1","0","https://x.com/undefined/status/1928756578171367565","1236226916",
"1928756128386564237","Sat May 31 10:11:10 +0000 2025","6","Analisis Longsoran Tambang Gunung Kuda Cirebon https://t.co/aTlxSuyMkd","1928756128386564237","https://pbs.twimg.com/media/GsRReemaMAAoazC.jpg","","in","","0","0","1","https://x.com/undefined/status/1928756128386564237","1324916368760844288",
"1928756052033524222","Sat May 31 10:10:52 +0000 2025","0","Gue baru turun gunung langsung huru hara","1928756052033524222","","","in","","0","0","0","https://x.com/undefined/status/1928756052033524222","1644566798",
"1928755957699588569","Sat May 31 10:10:29 +0000 2025","0","Sebanyak 12 korban lvk4 akibat tr4gedi longsor di Gunung Kuda Desa Cipanas Kabupaten Cirebon Jawa Barat hingga Sabtu (31/5) siang terus mendapat perawatan intensif di sejumlah fasilitas kesehatan. Hingga saat ini kondisi para korban pun telah berangsur membaik. https://t.co/N95KF4gm4L","1928755957699588569","https://pbs.twimg.com/amplify_video_thumb/1928753551221862401/img/lv2swnxefWDWZ4CK.jpg","","in","","0","0","0","https://x.com/undefined/status/1928755957699588569","57261519",
"1928601007283376168","Sat May 31 10:10:13 +0000 2025","1","@NekomizuRin ju ke Gunung gede - pangrango ju","1928755889873317955","","NekomizuRin","in","","0","0","0","https://x.com/undefined/status/1928755889873317955","1732814772083826688",
"1928755835397869735","Sat May 31 10:10:00 +0000 2025","2","Insiden longsor di lokasi tambang batu alam di Gunung Kuda Cirebon memakan korban jiwa. Dilihat melalui Google Earth dari tahun ke tahun lapisan gunung semakin terkikis. https://t.co/0u2P29uTM4","1928755835397869735","","","in","","0","0","1","https://x.com/undefined/status/1928755835397869735","69183155",
"1928755830007947448","Sat May 31 10:09:59 +0000 2025","0","rangkuman 5 fakta penting yang membuka tabir tragedi longsor di tambang galian C Gunung Kuda Desa Cipanas Kecamatan Dukupuntang https://t.co/ZO2aawHGsZ","1928755830007947448","","","in","","0","0","0","https://x.com/undefined/status/1928755830007947448","1404018642",
"1928755782561984852","Sat May 31 10:09:47 +0000 2025","1","Tragedi Longsor Gunung Kuda Tewaskan 14 Orang Zona Rawan Terabaikan? https://t.co/TATIEDC4t1 https://t.co/bcd84qK3Y1","1928755782561984852","https://pbs.twimg.com/media/GsRRJFjaMAMk_tt.jpg","","in","","0","0","0","https://x.com/undefined/status/1928755782561984852","1920301234671792129",
"1928755718271774922","Sat May 31 10:09:32 +0000 2025","0","Dah la g jadi aku punya niatan punya rumah di hawai yang halaman belakangnya view gunung tiap hari jalan jalan di pantai kalo pagi merawat kebun. Capek mending tidur aja la","1928755718271774922","","","in","","0","0","0","https://x.com/undefined/status/1928755718271774922","1275971096752222211",
"1928755574944027035","Sat May 31 10:08:58 +0000 2025","0","siap menaklukan semua gunung ((di roblok))","1928755574944027035","","","in","","0","0","0","https://x.com/undefined/status/1928755574944027035","1800796136170815488",
"1928720449669661162","Sat May 31 10:08:35 +0000 2025","0","@astrajig Adek aku jago bang mau diajarin ga sama adekku? Baru aja dia naek gunung","1928755478894424122","","astrajig","in","","0","0","0","https://x.com/undefined/status/1928755478894424122","1116200366746419200",
"1928755455737635324","Sat May 31 10:08:34 +0000 2025","0","Sekda Jabar bersama Kepala Pelaksana @bpbd_jabar dan Kadis @esdmprovjabar meninjau langsung lokasi kejadian tanah longsor yang terjadi di wilayah Galian C Gunung Kuda Dukupuntang Kabupaten Cirebon Jumat (30/5). https://t.co/JUQf4jltT5","1928755476533002256","https://pbs.twimg.com/media/GsRQ37maMAM1IQF.jpg","humasjabar","in","","0","1","0","https://x.com/undefined/status/1928755476533002256","2455950804",
"1928415603146076579","Sat May 31 10:06:36 +0000 2025","0","@geloraco Itu hanya puncak dari gunung es","1928754981521211727","","geloraco","in","","0","0","0","https://x.com/undefined/status/1928754981521211727","1496481253440503808",
"1928749236910465158","Sat May 31 10:06:16 +0000 2025","0","@waterclub_ Btw dy lagi enjoy menikmati pemandangan gunung idupnya niqmat yeee https://t.co/0vOE1XL6Hn","1928754895462539406","https://pbs.twimg.com/media/GsRQWRYaMAExXPO.jpg","waterclub_","in","","0","1","0","https://x.com/undefined/status/1928754895462539406","178606544",
"1928096861916909629","Sat May 31 10:04:50 +0000 2025","0","@kanjengGondoku1 @kegblgnunfaedh Gunung nder","1928754536333578251","","kanjengGondoku1","tl","","0","0","0","https://x.com/undefined/status/1928754536333578251","1119251172617932801",
"1928721741095862747","Sat May 31 10:04:30 +0000 2025","0","@sanchoiklat hai kak ve gunung kak ve gunung sdang apa","1928754451273089101","","sanchoiklat","in","","0","1","0","https://x.com/undefined/status/1928754451273089101","1906728009912205312",
"1928754259702563009","Sat May 31 10:03:44 +0000 2025","11","Thank you live nyaa dull @AdelRevaaa semangattt brok naik gunung nyaaa bareng yang lain ","1928754259702563009","","","in","","0","0","1","https://x.com/undefined/status/1928754259702563009","1665382552356667392",
"1928754087262076940","Sat May 31 10:03:03 +0000 2025","0","yg berbau gunung emang cakep! that's why gunung &gt; pantai","1928754087262076940","","","in","","0","0","0","https://x.com/undefined/status/1928754087262076940","1103428811297681408",
"1928754018731356265","Sat May 31 10:02:47 +0000 2025","0","Percaya atau ga pas SMP aku mayan kebantu gegara sama aku ga taw mandarinnya. Misal 山 sama 火 gitu ‍️ kan artinya sama gunung dan api","1928754018731356265","","","in","","0","0","0","https://x.com/undefined/status/1928754018731356265","1597582302418440193",
"1928666954740473883","Sat May 31 10:02:29 +0000 2025","0","@AbangWarkopp di gunung ungaran via perantunan pos 5","1928753942814666956","","AbangWarkopp","in","","0","1","0","https://x.com/undefined/status/1928753942814666956","784698314297974785",
"1928430446552977469","Sat May 31 10:02:28 +0000 2025","0","@maasdhimaas @BaseBDG Konser date atau naik gunung juga boleh tuh","1928753942160167007","","maasdhimaas","in","","0","0","0","https://x.com/undefined/status/1928753942160167007","1259168506882306049",
"1928753833523687527","Sat May 31 10:02:03 +0000 2025","0","Longsor Gunung Kuda Polisi Sebut Ada 11 Korban yang Belum Ditemukan https://t.co/rE8yRQgbZ1","1928753833523687527","","","in","","0","0","0","https://x.com/undefined/status/1928753833523687527","1406534413240786947",
"1928753819170582958","Sat May 31 10:01:59 +0000 2025","20","Nung~gunung ️ https://t.co/R91KqqtQ3M","1928753819170582958","https://pbs.twimg.com/media/GsRPXMlaMAI_HGn.jpg","","tl","","0","1","0","https://x.com/undefined/status/1928753819170582958","391092810",
"1928753527410553167","Sat May 31 10:00:50 +0000 2025","0","gunung. gatau kenapa aku suka bgt tracking pas naiknya. minusnya disini ga ada gunung jdi cuma tracking di bukit²","1928753527410553167","","","in","","0","0","0","https://x.com/undefined/status/1928753527410553167","1780523649373720576",
"1928651880521150705","Sat May 31 10:00:43 +0000 2025","0","@yanuarnugroho Gimana kalau pasang di gunung saja? ","1928753498486669816","","yanuarnugroho","in","","0","0","0","https://x.com/undefined/status/1928753498486669816","1722973939838877696",
"1928630036430483754","Sat May 31 10:00:33 +0000 2025","1","@BaseAnakFK Yg hobi nonton drakor/anime puas-puasin deh kataku. Kalo mau jalan-jalan atau naik gunung mending gas sekarang aja","1928753457588044077","","BaseAnakFK","in","","0","0","0","https://x.com/undefined/status/1928753457588044077","1767072583806337024",
"1928714953017438484","Sat May 31 10:00:04 +0000 2025","0","@kuyangmanis_ setuju banget kalo mau naik gunung utk pemula harus ada yang dampingi orang yg ud pengalaman.","1928753337761148957","","kuyangmanis_","in","","0","0","0","https://x.com/undefined/status/1928753337761148957","1935947137",
"1928753260787044724","Sat May 31 09:59:46 +0000 2025","0","yaallah jadikanlah hamba dgn teman hamba naik gunung dengan selamat menyenangkan seruu yaallah","1928753260787044724","","","in","","0","0","0","https://x.com/undefined/status/1928753260787044724","1503687989850898433",
"1928736709014901171","Sat May 31 09:58:48 +0000 2025","0","@vinnncaa bgus banget ini dari atas gunung kah","1928753018742210967","","vinnncaa","in","","0","0","0","https://x.com/undefined/status/1928753018742210967","1248242506287869952",
"1928752858872033685","Sat May 31 09:58:10 +0000 2025","0","Kangen naik gunung tapi umur bertambah beban tetap sama ","1928752858872033685","","","in","","0","0","0","https://x.com/undefined/status/1928752858872033685","1907672427460800512",
"1928752807508640243","Sat May 31 09:57:58 +0000 2025","0","setelah ngestuck 1 jam di pos 3 akhirnya mencoba dan sampai puncak gunung bromo selesai https://t.co/cBXGEmTfRp","1928752807508640243","https://pbs.twimg.com/media/GsROdImbQAAqVIx.jpg","","in","","0","0","0","https://x.com/undefined/status/1928752807508640243","1536958624358371328",
"1928752489123197289","Sat May 31 09:56:42 +0000 2025","0","Merasa pede2 aja kalo foto di gunung https://t.co/C9Nr189rrg","1928752489123197289","https://pbs.twimg.com/media/GsROJ8oaMAE_qae.jpg","","in","","0","0","0","https://x.com/undefined/status/1928752489123197289","397863740",
"1928752467329888397","Sat May 31 09:56:37 +0000 2025","0","mau jodoh yg suka traveling Tuhan terkhusus naik gunung tapi jangan dari lingkup temen yaa...","1928752467329888397","","","in","","0","1","0","https://x.com/undefined/status/1928752467329888397","2777829019",
"1928436162605269402","Sat May 31 09:56:01 +0000 2025","0","@waseaproject Gunung api blm","1928752316200448180","","waseaproject","in","","0","1","0","https://x.com/undefined/status/1928752316200448180","1219555279148204033",
"1928752082909286864","Sat May 31 09:55:05 +0000 2025","0","Kapolda Jawa Barat Irjen Pol Rudi Setiawan turun langsung meninjau lokasi bencana longsor di kawasan tambang galian C Gunung Kuda Kecamatan Dukupuntang Kabupaten Cirebon Sabtu (31/5/2025). Dalam kunjungannya Kapolda mengungkap perkembangan terbaru proses evakuasi dan https://t.co/pqnnmizDsd","1928752082909286864","https://pbs.twimg.com/media/GsRNxzaaMAMCusL.jpg","","in","","0","0","0","https://x.com/undefined/status/1928752082909286864","231355136",
"1928751543303516217","Sat May 31 09:52:57 +0000 2025","0","Asbunanku pas masih kecil usia 4-5thn di suatu sore di kota Surabaya ngeliat gunung nun jauh disana mau punya rumah deket gunung Usia 17th ortu dikasih rezeki lebih punya rumah di batu + kuliah di malang ","1928751543303516217","","","in","","0","0","0","https://x.com/undefined/status/1928751543303516217","1171605960",
"1928750898806927750","Sat May 31 09:50:23 +0000 2025","1","Lewat seminar bertema Gaul is Okay But Syar i is a Must Keputrian LDII Gunung Sindur mengajak remaja muslimah untuk tampil modis tanpa meninggalkan prinsip syar i. (1/2) https://t.co/OOb971BABA","1928750898806927750","https://pbs.twimg.com/media/GsRMri_aMAINIYC.jpg","","in","","0","1","0","https://x.com/undefined/status/1928750898806927750","1823950928942391296",
"1928750876048634026","Sat May 31 09:50:18 +0000 2025","0","..... Di atas gunung","1928750878468485378","","kolbiwasabi","in","","0","0","0","https://x.com/undefined/status/1928750878468485378","1669049225282490368",
"1928750802086367360","Sat May 31 09:50:00 +0000 2025","3","Gubernur Jabar Dedi Mulyadi tutup permanen tambang di Gunung Kuda Cirebon setelah longsor mematikan. Ia desak pengelola bertanggung jawab. Via @detikjabar_ https://t.co/CEtClhGnhD","1928750802086367360","","","in","","0","1","1","https://x.com/undefined/status/1928750802086367360","69183155",
"1928605022901907929","Sat May 31 09:49:42 +0000 2025","0","@_tokohfiksi Di gunung?","1928750725808746951","","_tokohfiksi","in","","0","1","0","https://x.com/undefined/status/1928750725808746951","1221760273",
"1928750590726688770","Sat May 31 09:49:09 +0000 2025","1","11 Korban Longsor Gunung Kuda Cirebon belum Ditemukan https://t.co/zLiR0YOz4h","1928750590726688770","","","in","","0","0","0","https://x.com/undefined/status/1928750590726688770","79130206",
"1928750302078885962","Sat May 31 09:48:01 +0000 2025","0","aing gapernah ke gunung karna hati sama omongan gabisa direm sompral mulu anjir makannya jadi gapernah ada yang ngajak wkwkwk","1928750302078885962","","","in","","0","1","0","https://x.com/undefined/status/1928750302078885962","1140704319458533376",
"1928750285972976061","Sat May 31 09:47:57 +0000 2025","0","Rumah di Komplek Bumi Sambara Babakan Loa Gunung Batu belakang Setraduta LT : 134 m2 LB : 126 m2 KT : 5 KM : 3 Harga Rp 2M (nego) https://t.co/BYU9MU3csA","1928750285972976061","https://pbs.twimg.com/media/GsRME80aMAI3V_k.jpg","","in","","0","0","0","https://x.com/undefined/status/1928750285972976061","115861882",
"1928747060762644781","Sat May 31 09:47:34 +0000 2025","0","@UGM_FESS Naik gunung","1928750192037073240","","UGM_FESS","in","","0","0","0","https://x.com/undefined/status/1928750192037073240","379044585",
"1928591835196436548","Sat May 31 09:47:34 +0000 2025","0","@exsipient Keren banget sih Bang naik gunung","1928750191454334979","","exsipient","in","","0","1","0","https://x.com/undefined/status/1928750191454334979","1644902128295739392",
"1928750109090627954","Sat May 31 09:47:15 +0000 2025","0","tebak gunung https://t.co/ZQrdcIYsx2","1928750109090627954","https://pbs.twimg.com/ext_tw_video_thumb/1928750072596193280/pu/img/_QgO2HnAXLZ7SUdz.jpg","","in","","0","0","0","https://x.com/undefined/status/1928750109090627954","1438833814575353860",
"1928674419964051875","Sat May 31 09:46:57 +0000 2025","0","@ssvnr1es Tp pendek tuh gunung tp rintangannya masya allah bgt","1928750035115884934","","ssvnr1es","in","","0","1","0","https://x.com/undefined/status/1928750035115884934","1604018945018953728",
"1928749182288015526","Sat May 31 09:46:56 +0000 2025","0","@navillera0__o Game yang isinya ada Genshin ml sky sampe naik gunung","1928750029272977652","","navillera0__o","in","","0","1","0","https://x.com/undefined/status/1928750029272977652","1820838435399274496",
"1928699943419560215","Sat May 31 09:45:46 +0000 2025","0","@monsouires Mendaki gunung apa yang seru Be","1928749738360238359","","monsouires","in","","0","1","0","https://x.com/undefined/status/1928749738360238359","993666986033889280",
"1928749702096277554","Sat May 31 09:45:38 +0000 2025","0","#GaleriFoto: Foto-foto Pencarian 11 Korban Longsor di Gunung Kuda #Kompas60 https://t.co/kDK4PQNVBi","1928749702096277554","","","in","","0","0","0","https://x.com/undefined/status/1928749702096277554","79237556",
"1928749498764787726","Sat May 31 09:44:49 +0000 2025","0","KDM Cabut Izin Tambang Gunung Kuda https://t.co/5JA9a4Jffx lewat @INAPOS","1928749498764787726","","","in","","0","0","0","https://x.com/undefined/status/1928749498764787726","2754735588",
"1928749462018540014","Sat May 31 09:44:40 +0000 2025","0","Tim SAR melanjutkan pencarian 11 korban longsor tambang galian C Gunung Kuda Desa Cipanas Kabupaten Cirebon. Sebanyak 14 korban ditemukan tewas. #Foto #Kompas60 https://t.co/KX5Ofq0GKZ","1928749462018540014","","","in","","0","0","0","https://x.com/undefined/status/1928749462018540014","155456716",
"1928749425259696197","Sat May 31 09:44:32 +0000 2025","0","minta maap deh tp gatel bgt taik kalo liat org post gunung bawaannya pen nnyain check point","1928749425259696197","","","in","","0","1","0","https://x.com/undefined/status/1928749425259696197","1318910285931900928",
"1928720368304361672","Sat May 31 09:41:36 +0000 2025","0","@nafaseparuh quest gunung api salah satu triggernya tapi nggak beda. kayak wq kecil kecil terus tribe challenge","1928748688156901751","","nafaseparuh","in","","0","0","0","https://x.com/undefined/status/1928748688156901751","1846146077600452608",
"1928651880521150705","Sat May 31 09:41:20 +0000 2025","0","@yanuarnugroho Malesnya emang dipelihara. Kalo contoh cina dan jepang alat bantu beginian cuma dipake buat ke gunung itupun itungannya mahal buat warlok sana.","1928748620347527469","","yanuarnugroho","in","","0","0","0","https://x.com/undefined/status/1928748620347527469","1143688271009964032",
"1928748295981248820","Sat May 31 09:40:02 +0000 2025","0","DPRD Jabar Desak Pemprov Evaluasi Seluruh Aktivitas Tambang Buntut Longsor Galian C Gunung Kuda https://t.co/d3v5hOa7dc","1928748295981248820","","","in","","0","0","0","https://x.com/undefined/status/1928748295981248820","903229236051247104",
"1928490307487781238","Sat May 31 09:39:44 +0000 2025","0","@rotifunwari besok gunung apaa lagi yaaaaah","1928748218969399506","","rotifunwari","in","","0","1","0","https://x.com/undefined/status/1928748218969399506","1852173274089951236",
"1928734222228783418","Sat May 31 09:38:32 +0000 2025","0","@chizumeey gunung apatu by","1928747918837821800","","chizumeey","in","","0","1","0","https://x.com/undefined/status/1928747918837821800","1292455026573504513",
"1928747676457439693","Sat May 31 09:37:35 +0000 2025","0","Tambang Gunung Kuda yang Renggut 14 Nyawa Dicabut Izinnya https://t.co/bHhJr9ET7C","1928747676457439693","","","in","","0","0","0","https://x.com/undefined/status/1928747676457439693","1902243031878922240",
"1928747577521951110","Sat May 31 09:37:11 +0000 2025","0","gw lagi naik gunung anjir https://t.co/vLLuEfMZnT","1928747577521951110","https://pbs.twimg.com/media/GsRJsmdaMAEDu35.jpg","","in","","0","0","0","https://x.com/undefined/status/1928747577521951110","1426009659446489094",
"1923343934043865377","Sat May 31 09:36:36 +0000 2025","0","@hanbinPC01 Demennya gunung fuji?","1928747432407372281","","TIANLEIcell","in","","0","1","0","https://x.com/undefined/status/1928747432407372281","2159141149",
"1928636302661972017","Sat May 31 09:36:26 +0000 2025","0","@alejandcarls @edykhemod Nah Justru pelopor nya ya Mulyono/JKW jadi sebuah puncak gunung es selama berdekade dekade Era Pak Beye gak ada pemimpin yang bisa turun langsung ke masyarakat liat situasi keadaan yang sebenarnya padahal turun doang tapi gak bisa problem resolve mah ya sama juga bohong","1928747387130163533","","alejandcarls","in","","0","0","0","https://x.com/undefined/status/1928747387130163533","118266819",
"1928635408369226149","Sat May 31 09:34:48 +0000 2025","0","@abbycidy Km pernah belang gak sih cea pas naik gunung ","1928746977535365147","","abbycidy","in","","0","0","0","https://x.com/undefined/status/1928746977535365147","90099313",
"1928746716213424221","Sat May 31 09:33:46 +0000 2025","0","Evakuasi Korban Longsor Gunung Kuda Cirebon 5 Ekskavator Dikerahkan https://t.co/VPEcRBZPpC","1928746716213424221","","","in","","0","0","0","https://x.com/undefined/status/1928746716213424221","132078023",
"1928746517923508373","Sat May 31 09:32:58 +0000 2025","11","jika saya menabung setiap melihat anak ITB mendaki gunung dan foto menggunakan jakang/jahimnya maka saya sudah pasti bisa membeli rokok LA Ice biru dari hasil menabung tsb","1928746517923508373","","","in","","0","0","0","https://x.com/undefined/status/1928746517923508373","1777368048774864896",
"1928742230908612738","Sat May 31 09:32:24 +0000 2025","0","@seohoow Banyak banget belakangan ini jadi korban. Udah saatnya aku bertapa di 1000 gunung biar nggak kena juga","1928746373123608730","","seohoow","in","","0","1","0","https://x.com/undefined/status/1928746373123608730","1546776719389966336",
"1928746365342855233","Sat May 31 09:32:22 +0000 2025","1","Foto-foto Pencarian 11 Korban Longsor di Gunung Kuda #Foto #Kompas60 https://t.co/svFmDZoqNY","1928746365342855233","","","in","","0","0","0","https://x.com/undefined/status/1928746365342855233","255866913",
"1928745578017730965","Sat May 31 09:32:22 +0000 2025","0","@plisbundir kalau gunung sahari harusnya ga begitu lama","1928746364827034081","","kentatkentit","in","","0","1","0","https://x.com/undefined/status/1928746364827034081","1313032481134710784",
"1928447384968942062","Sat May 31 09:32:08 +0000 2025","0","@itsskyday Dari gunung ke pantai ","1928746304462794905","","itsskyday","in","","0","1","0","https://x.com/undefined/status/1928746304462794905","1838177175025164288",
"1928745896625451345","Sat May 31 09:30:30 +0000 2025","7","Innalillahi wainnailaihi rojiun... Detik detik Longsor kawasan pertambangan Gunung Kuda Desa Bobos Kecamatan Dukupuntang Kabupaten Cirebon Jawa Barat. Jumat 30 Mei 2025 jam 10.23. Bencana alam disebabkan adanya pembiaran oleh pihak² yang punya kewenangan atau bahkan mungkin https://t.co/ZIF2VtdG0S","1928745896625451345","https://pbs.twimg.com/ext_tw_video_thumb/1928745335029161984/pu/img/18Tkv0QmaI34e8E2.jpg","","in","","0","0","4","https://x.com/undefined/status/1928745896625451345","1101696077147729920",
"1928591835196436548","Sat May 31 09:01:22 +0000 2025","0","@exsipient Jadi pengen naik gunung juga ih","1928738564604338205","","exsipient","in","","0","1","0","https://x.com/undefined/status/1928738564604338205","1110168280449208320",
"1928738550645993968","Sat May 31 09:01:19 +0000 2025","0","ini gunung dari gw kecil sampe sekarang dikerukin muluu","1928738550645993968","","","in","","0","0","0","https://x.com/undefined/status/1928738550645993968","1247887145374646273",
"1928098186872139865","Sat May 31 09:00:00 +0000 2025","0","@merekamcahaya Ini sukoharjo deket gunung kidul bkn mas?","1928738221883797596","","merekamcahaya","in","","0","0","0","https://x.com/undefined/status/1928738221883797596","1754153766797053952",
"1928738193131679825","Sat May 31 08:59:54 +0000 2025","5","Bagaimana kalau kita membangun eskalator sampai puncak gunung? Teknologi ini akan membuat pendakian gunung lebih inklusif. https://t.co/K82ZovbnE1","1928738193131679825","https://pbs.twimg.com/ext_tw_video_thumb/1928738169920667648/pu/img/Q6MDrChxHXwiFlzy.jpg","","in","","0","0","1","https://x.com/undefined/status/1928738193131679825","753309366",
"1928735034317615509","Sat May 31 08:59:04 +0000 2025","0","@mofugamma Gunung","1928737984641139146","","myungsoo__brew","in","","0","1","0","https://x.com/undefined/status/1928737984641139146","3385047802",
"1928737775198810387","Sat May 31 08:58:14 +0000 2025","1","Menantang &amp; memukau! Track ekstrem Gunung Halimun di Sukamakmur jadi surga tersembunyi para pendaki sejati. Siap uji adrenalinmu? Alam liar pemandangan luar biasa! baca berita lengkapnya di: https://t.co/aBz56Hx0U4 https://t.co/t9RjiJFqxa","1928737775198810387","https://pbs.twimg.com/media/GsRAxDkaMAct6xe.jpg","","in","","0","0","0","https://x.com/undefined/status/1928737775198810387","1915371814911696896",
"1928681593339777102","Sat May 31 08:58:11 +0000 2025","0","@CallmeR__ bukan di solo si tapi deket dari solo coba ke umbul di klaten atau ke rumah atsiri terus keatas lagi ke telaga sarangan. terus kalo malam ke lokananta atau ke ngarsopuro jogja bisa ke pantai daerah gunung kidul atau kalau ga mau pantai2an bisa keliling kota jogja saja","1928737762129359065","","CallmeR__","in","","0","1","0","https://x.com/undefined/status/1928737762129359065","1120837597113118720",
"1928735034317615509","Sat May 31 08:57:22 +0000 2025","0","@mofugamma Gunung","1928737555631034769","","myungsoo__brew","in","","0","0","0","https://x.com/undefined/status/1928737555631034769","765345216966557700",
"1928735034317615509","Sat May 31 08:57:14 +0000 2025","0","@mofugamma Gunung","1928737522462408906","","myungsoo__brew","in","","0","1","0","https://x.com/undefined/status/1928737522462408906","765345216966557700",
"1928735034317615509","Sat May 31 08:57:13 +0000 2025","0","@mofugamma gunung","1928737521233432964","","myungsoo__brew","in","","0","1","0","https://x.com/undefined/status/1928737521233432964","3293762281",
"1928714953017438484","Sat May 31 08:56:20 +0000 2025","0","@kuyangmanis_ makanya tuh kalo mau naik gunung pun untuk pemula jangan gunung yang track nya susah terus bener bener ada yang mandu lah","1928737298478158215","","kuyangmanis_","in","","0","0","0","https://x.com/undefined/status/1928737298478158215","3267103003",
"1928737234972487923","Sat May 31 08:56:05 +0000 2025","0","Tambang batu di Gunung Kuda alami longsor hebat saat aktivitas masih berlangsung. Proses evakuasi terus dilakukan oleh petugas gabungan. #UpdateLongsor #GunungKuda #TambangBatu #Evakuasi #BeritaViral https://t.co/K31vjbudqE","1928737234972487923","https://pbs.twimg.com/amplify_video_thumb/1928737135005413377/img/SYB9jd3BSfV30561.jpg","","in","","0","0","0","https://x.com/undefined/status/1928737234972487923","1565312729556328449",
"1928676203289804814","Sat May 31 08:53:47 +0000 2025","3","@IKNK0t4M4t1_ @BobbyPatriotCat Mungkin jin Qirin itu Yg KKN disana Pantesan Hutan gunung laut Rusak semua gegara latihan ilmu Rampas hak Rakyat #TurunkanGibranAdiliJokowi #GantungMatiKoruptorOCCRP #GantungMatiKoruptorOCCRP","1928736654048502154","","IKNK0t4M4t1_","in","","0","0","2","https://x.com/undefined/status/1928736654048502154","1789418819666186240",
"1928736583529934871","Sat May 31 08:53:30 +0000 2025","1","Duarr bgt part yg blm diceritain dari versi detailnya pov bro Abing yg terpesona ke Ayu di gunung ini. Beneran bkin flashback sama pertemuan pertama mereka Emang orang slengekan mode serius tuh gini nih damagenya parah. Kalimatnya bkin mleyot bgt. Ay aman ay? Gk mngkin sih ","1928736583529934871","","","in","","0","0","1","https://x.com/undefined/status/1928736583529934871","1373193829965209601",
"1928736450541138314","Sat May 31 08:52:58 +0000 2025","0","Infokan gunung yang ada setannya kata @goyjosatoru https://t.co/CadrGq8NDc","1928736450541138314","https://pbs.twimg.com/media/GsQ_krqacAAG_sG.jpg","","in","","0","2","1","https://x.com/undefined/status/1928736450541138314","998834367307776000",
"1928736217237000507","Sat May 31 08:52:03 +0000 2025","145","rempong bangettt bawa anak ke gunung https://t.co/YjYdxQzbfM","1928736217237000507","https://pbs.twimg.com/media/GsQ_XGbaMAABQK7.jpg","","in","","1","11","1","https://x.com/undefined/status/1928736217237000507","1668626121104166915",
"1928735964379177447","Sat May 31 08:51:02 +0000 2025","0","Ini gunung fuji kah?","1928735964379177447","","","in","","0","0","0","https://x.com/undefined/status/1928735964379177447","1964097102",
"1928638841390268751","Sat May 31 08:50:33 +0000 2025","4","@cfcx1905 @KABAR_CHELSEA Dulu inget banget meskipun si havert jg gak enak keluarnya tp doski masih dikasih beberapa post feed ig buat farewell. Beda bgt sama si gunung cuman dikasih bener2 1 post doang ","1928735839737074040","","cfcx1905","in","","0","1","0","https://x.com/undefined/status/1928735839737074040","384832989",
"1928735427717906711","Sat May 31 08:48:54 +0000 2025","0","belum sepenuhnya recovery abis naik turun gunung tadi pagi dihajar jogging 3 5 km alhasil edyan kakiku kesel banget","1928735427717906711","","","in","","0","0","0","https://x.com/undefined/status/1928735427717906711","1262884213788938241",
"1928714953017438484","Sat May 31 08:48:00 +0000 2025","0","@kuyangmanis_ Jangan pula kalian daki gunung tapi nggak ada persiapan","1928735200130785319","","kuyangmanis_","in","","0","0","0","https://x.com/undefined/status/1928735200130785319","2489904794",
"1928667700043096435","Sat May 31 08:47:38 +0000 2025","0","@kviyann banyakk iannnn ngedaki banyak gunung simulasi supermarket grow a garden banyak pol pokoknya mah","1928735107516436532","","kviyann","in","","0","0","0","https://x.com/undefined/status/1928735107516436532","1314007915104096256",
"1928734593219531251","Sat May 31 08:47:15 +0000 2025","0","naik berempat tapi di tengah jalan gue balik arah yg 3 lanjut (cowo kabeh). bener bener dah gunung salak...... berkali kali naik gunung baru ini yg bikin gue ngalah sama gunung alias bye puncak","1928735009747153284","","itsmefayy","in","","0","1","0","https://x.com/undefined/status/1928735009747153284","1088975465149165568",
"1928430446552977469","Sat May 31 08:46:31 +0000 2025","0","@kentutbrdahak_ @BaseBDG pantai gunung cape jalannya","1928734825021583741","","kentutbrdahak_","in","","0","0","0","https://x.com/undefined/status/1928734825021583741","1578044468871462917",
"1928734645668983031","Sat May 31 08:45:48 +0000 2025","5","menamatkan gunung dempo w/ @shammarizz ️ https://t.co/DF3z84cteg","1928734645668983031","https://pbs.twimg.com/media/GsQ97-JaMAIHII7.jpg","","in","","1","4","1","https://x.com/undefined/status/1928734645668983031","1609041498963849216",
"1928730149085700241","Sat May 31 08:45:40 +0000 2025","1","@aeerinchan gunung everest sih","1928734612143870345","","aeerinchan","in","","0","0","0","https://x.com/undefined/status/1928734612143870345","1256844298986811392",
"1928734341774877044","Sat May 31 08:44:35 +0000 2025","2","kenapa semua orang yg gua kenal lg pada naik gunung gede pangrango mah mau juga ","1928734341774877044","","","in","","0","2","0","https://x.com/undefined/status/1928734341774877044","1327616394872061952",
"1928734222228783418","Sat May 31 08:44:07 +0000 2025","1","akhirnya bisa maen roblok tapi gunung ini doang https://t.co/c7malZBtyz","1928734222228783418","https://pbs.twimg.com/media/GsQ9i5FagAAuBgx.jpg","","in","","0","4","0","https://x.com/undefined/status/1928734222228783418","1561217792669790209",
"1928733927486685335","Sat May 31 08:42:57 +0000 2025","1","11 Korban Longsor Gunung Kuda Masih Hilang Pencarian Terkendala Medan Curam #Korban #Longsor #GunungKuda #Hilang #Curam #Berita #News #Info https://t.co/h2gFDXErTR","1928733927486685335","","","in","","0","0","1","https://x.com/undefined/status/1928733927486685335","1412699218121166852",
"1928730149085700241","Sat May 31 08:41:26 +0000 2025","1","@gbolebegadang Coba tapa di gunung kawi","1928733546648096891","","gbolebegadang","in","","0","1","0","https://x.com/undefined/status/1928733546648096891","1680514218741878784",
"1928728125279502684","Sat May 31 08:40:51 +0000 2025","0","@cabiuw Ini udah 2 gunung ","1928733398580756566","","cabiuw","in","","0","0","0","https://x.com/undefined/status/1928733398580756566","1518293169258909696",
"1928709344255721480","Sat May 31 08:39:25 +0000 2025","0","@525saylav @tfsurabaya Naik feeder kadang kalo ga naik dari ujung ketolak saya ngalamin feedernya nolak bbrp kali di fd3 gunung anyar-tij.","1928733038458069256","","525saylav","in","","0","0","0","https://x.com/undefined/status/1928733038458069256","1546110368845803521",
"1928178317632458784","Sat May 31 08:39:22 +0000 2025","0","@EkaBekok1 @Alvianovianto umak sebagai budak gunung pasti cocok jeung ayabarus ","1928733026227241052","","EkaBekok1","in","","0","0","0","https://x.com/undefined/status/1928733026227241052","705706043905413120",
"1928732854743187889","Sat May 31 08:38:46 +0000 2025","0",": Aku bikinin buat ***** foto dia lagi naik gunung nanti kalau kalian pulang aku kasih yaaa DIA BIKIN GANCI BUAT KAKAK2 NYA GUYS HUHUHU TERHARUU","1928732877694308793","","hanaa_maru","in","","0","1","0","https://x.com/undefined/status/1928732877694308793","1327065982959984640",
"1928732077014360079","Sat May 31 08:35:35 +0000 2025","0","Pria Penyiram Air Keras ke Mantan Istri Siri di Gunung Sahari Ditangkap Polisi https://t.co/EiG5UvsfDV","1928732077014360079","","","in","","0","0","0","https://x.com/undefined/status/1928732077014360079","1578222594",
"1928715746034520131","Sat May 31 08:34:45 +0000 2025","0","@yalhy2 Mau ku mandiin pake lahar gunung berapi","1928731866158264441","","yalhy2","in","","0","0","0","https://x.com/undefined/status/1928731866158264441","1667373753431650306",
"1928731667151094219","Sat May 31 08:33:58 +0000 2025","0","Hujan Evakuasi Korban Longsor Gunung Kuda Cirebon Dihentikan Sementara https://t.co/Dc8at2ONhC","1928731667151094219","","","in","","0","0","0","https://x.com/undefined/status/1928731667151094219","132078023",
"1928731589602611585","Sat May 31 08:33:39 +0000 2025","0","Anjing Pelacak Dikerahkan Cari Korban Longsor Tambang Gunung Kuda Cirebon https://t.co/xNtA93W1RA","1928731589602611585","","","in","","0","0","0","https://x.com/undefined/status/1928731589602611585","132078023",
"1928731434715377732","Sat May 31 08:33:02 +0000 2025","0","Ngeri! Sopir Truk Cerita 30 Menit Tertimbun Longsor Gunung Kuda Semua Tertutup Batu https://t.co/NRbFO9DdWq","1928731434715377732","","","in","","0","0","0","https://x.com/undefined/status/1928731434715377732","132078023",
"1928719408748191865","Sat May 31 08:32:34 +0000 2025","0","@nandaalemont mendaki yuk nan di roblok gunung merbabu","1928731315521957987","","nandaalemont","in","","0","1","0","https://x.com/undefined/status/1928731315521957987","1833866932220731392",
"1928731184348938328","Sat May 31 08:32:03 +0000 2025","0","Tragedi Longsor Tambang Gunung Kuda Cirebon Masuk ke Proses Hukum 3 Orang Ditahan https://t.co/NoMDJ0rUSZ","1928731184348938328","","","in","","0","0","0","https://x.com/undefined/status/1928731184348938328","132078023",
"1928724470539391034","Sat May 31 08:05:22 +0000 2025","0","REAAALL tapi buat sehari hari aku di dom yang letaknya dilereng gunung sgt cocok","1928724470539391034","","","in","","0","0","0","https://x.com/undefined/status/1928724470539391034","1530696983387680771",
"1928680415046295921","Sat May 31 08:05:03 +0000 2025","0","@SantorinisSun Senang melihat pak SBY menikmati indahnya masa2 pensiun saat ini . Pakai quote unquote... tau saatnya kapan harus turun gunung .","1928724389992038496","","SantorinisSun","in","","0","0","0","https://x.com/undefined/status/1928724389992038496","899597703058817024",
"1928724381288616116","Sat May 31 08:05:01 +0000 2025","0","Tewaskan 14 Orang Tambang Gunung Kuda Cirebon Dihentikan Sementara https://t.co/MojWRwUkzy","1928724381288616116","","","in","","0","0","0","https://x.com/undefined/status/1928724381288616116","1012174601055449088",
"1928724377899774450","Sat May 31 08:05:00 +0000 2025","0","Maru turun gunung ngewar buset","1928724377899774450","","","in","","0","0","0","https://x.com/undefined/status/1928724377899774450","3269921683",
"1928724318562717942","Sat May 31 08:04:46 +0000 2025","0","Kepala Badan Geologi Kementerian Energi dan Sumber Daya Mineral Muhammad Wafid menyebut Gunung Kuda berada di zona dengan kerentanan gerakan tanah tinggi. #Nusantara #Kompas60 https://t.co/e9P5XTUt5N","1928724318562717942","","","in","","0","0","0","https://x.com/undefined/status/1928724318562717942","155456716",
"1928724214409822422","Sat May 31 08:04:21 +0000 2025","0","Tragedi Longsor di Gunung Kuda Cirebon: 14 Penambang Tewas 8 Masih Hilang https://t.co/Q7DCCjmZYZ","1928724214409822422","","","in","","0","0","0","https://x.com/undefined/status/1928724214409822422","1012174601055449088",
"1928722447743803728","Sat May 31 08:03:38 +0000 2025","5","@pandji ibu jin gunung kawi kirim salam bang pandji. wkwk.","1928724033174122817","","pandji","in","","0","0","0","https://x.com/undefined/status/1928724033174122817","1669758589186211840",
"1928714953017438484","Sat May 31 08:03:19 +0000 2025","0","@kuyangmanis_ Intinya kalau mau naik gunung boleh tapi harus ikutin persiapannya","1928723955340501314","","kuyangmanis_","in","","0","0","0","https://x.com/undefined/status/1928723955340501314","1204566692",
"1928662260597035245","Sat May 31 08:02:04 +0000 2025","0","@ccogitooo yg di gunung kesilauan pkein filter gsih","1928723641849753635","","tuckeeerr","in","","0","0","0","https://x.com/undefined/status/1928723641849753635","1907072547050737664",
"1928723623340077510","Sat May 31 08:02:00 +0000 2025","7","Gubernur Jabar Dedi Mulyadi menutup tambang Gunung Kuda setelah longsor fatal. Ia tegaskan pentingnya standar keselamatan dan perlindungan lingkungan. Via @detikjabar_ https://t.co/Dj8zGqUFMs","1928723623340077510","","","in","","0","3","1","https://x.com/undefined/status/1928723623340077510","69183155",
"1928723408466096190","Sat May 31 08:01:09 +0000 2025","0","11 Korban Longsor Gunung Kuda Cirebon belum Ditemukan #longsorGunungKuda https://t.co/zLiR0YP6TP","1928723408466096190","","","in","","0","0","0","https://x.com/undefined/status/1928723408466096190","79130206",
"1928723318426804244","Sat May 31 08:00:47 +0000 2025","0","Jalan jalan poe lumayan oge hiking mapay 2 gunung total perjalanan 8 jam https://t.co/3Tb5M4Tu8d","1928723318426804244","https://pbs.twimg.com/media/GsQzoajbMAAv_tx.jpg","","in","","0","0","0","https://x.com/undefined/status/1928723318426804244","1150147933",
"1928723303637635351","Sat May 31 08:00:44 +0000 2025","0","Pembangunan Jalan Desa di Kampung Gunung Puntang Tingkatkan Aksesibilitas dan Ekonomi Wargahttps://www.bantenmedsos.com/2025/05/pembangunan-jalan-desa-di-kampung.htmlMedsosnews","1928723303637635351","","","in","","0","0","0","https://x.com/undefined/status/1928723303637635351","1913741724394061824",
"1928723298717696101","Sat May 31 08:00:43 +0000 2025","43","Berawal 7 anak dan berkembang jadi 300 anak. Rumah Yoel shelter anak-anak kurang mampu memberikan kami kesempatan untuk selalu berbagi ilmu. Blok O Kali Code Parangkusumo Gunung Kidul Kulon Progo. Terima kasih semua orang baik di luar sana yang selalu support kami https://t.co/Ts8BT6HPZg","1928723298717696101","https://pbs.twimg.com/amplify_video_thumb/1928723159370575873/img/z3egAnvvuNpZrL3L.jpg","","in","","2","2","9","https://x.com/undefined/status/1928723298717696101","1359772617033482245",
"1928438820111884445","Sat May 31 08:00:05 +0000 2025","0","@mandarinfess Emang agak lain ini mah. Hanya Tuhan dan dia yang tau mau apa besok. Tiba² banget soalnya. Kadang di sirkuit balap mobil tiba² dah naek gunung tiba² besok jadi model.","1928723143041904853","","mandarinfess","in","","0","0","0","https://x.com/undefined/status/1928723143041904853","907673334",
"1928723127854628990","Sat May 31 08:00:02 +0000 2025","0","Longsor terjadi di area pertambangan Gunung Kuda Desa Bobos Kecamatan Dukupuntang Cirebon Jawa Barat menyebabkan puluhan kendaraan dan pekerja tertimbun material. Dugaan sementara sekitar 20 orang menjadi korban jiwa. Simak selengkapnya laporan langsung dari jurnalis iNews https://t.co/fPyG858zuD","1928723127854628990","https://pbs.twimg.com/amplify_video_thumb/1928710641990369280/img/T_Pc9MIz31gLOMSg.jpg","","in","","0","0","1","https://x.com/undefined/status/1928723127854628990","47274731",
"1928722944554840346","Sat May 31 07:59:18 +0000 2025","0","Tim Gabungan Terus Cari 11 Korban Longsor Gunung Kuda Cirebon https://t.co/JBzzJmwwT8","1928722944554840346","","","in","","0","0","0","https://x.com/undefined/status/1928722944554840346","154102750",
"1928720944132141457","Sat May 31 07:58:14 +0000 2025","0","@thvsideye gk dingin bub ke gunung lekbong gt","1928722676924678176","","brkalanaa","in","","0","1","0","https://x.com/undefined/status/1928722676924678176","1558783950507905024",
"1928722420564713726","Sat May 31 07:57:13 +0000 2025","0","Kepala Badan Geologi Kementerian Energi dan Sumber Daya Mineral Muhammad Wafid menyebut Gunung Kuda berada di zona dengan kerentanan gerakan tanah tinggi. #Nusantara #Kompas60 https://t.co/CTf4NQuwUL","1928722420564713726","","","in","","0","0","0","https://x.com/undefined/status/1928722420564713726","255866913",
"1928722168604393475","Sat May 31 07:56:13 +0000 2025","0","Helmy Yahya Turun Gunung! Wali Kota Bengkulu Bongkar Rahasia Sukses Bisnis di Hadapan Mahasiswa https://t.co/0DmDEffaB5","1928722168604393475","","","in","","0","0","0","https://x.com/undefined/status/1928722168604393475","298368598",
"1928320347712991677","Sat May 31 07:56:07 +0000 2025","0","@kelixmann Untuk gunung Merapi ada ahlinya sangat kredibel Mbah Rono julukannya.","1928722143937790109","","kelixmann","in","","0","1","0","https://x.com/undefined/status/1928722143937790109","2609743280",
"1928722075520233934","Sat May 31 07:55:51 +0000 2025","0","Polisi: 11 korban longsor Gunung Kuda belum ditemukan https://t.co/ReDlYrGfEz https://t.co/fQTooil1Mx","1928722075520233934","https://pbs.twimg.com/media/GsQygAdaMAAnyOZ.png","","in","","0","0","0","https://x.com/undefined/status/1928722075520233934","1482999200988434435",
"1928709413256442017","Sat May 31 07:55:13 +0000 2025","0","@chutooro Aku pinjemin kesabaran ku yang setebal gunung slamet","1928721915910238307","","chutooro","in","","0","1","0","https://x.com/undefined/status/1928721915910238307","1892269064854339584",
"1715945739053093267","Sat May 31 07:55:02 +0000 2025","0","#PenakTuruMalahMlayu turut gunung https://t.co/LDbtwVTnbd","1928721869475295299","https://pbs.twimg.com/media/GsQyTzObMAA5WNU.jpg","priambodoG","in","","0","1","0","https://x.com/undefined/status/1928721869475295299","73827046",
"1928721858016448956","Sat May 31 07:54:59 +0000 2025","33","Bagaimana masyarakat dapat mengakses informasi? Diperlukan peran warga yang kreatif dan pemerintah desa yang peduli. Contoh nyata UMKM yaitu paket data internet telah dilakukan di Desa Gunung Kembang Lama Kecamatan Bulang Tengah Suku Ulu Kabupaten Musi Rawas Sumatra Selatan. https://t.co/BgSsB7NEwc","1928721858016448956","https://pbs.twimg.com/media/GsQySWXaMAAfbuO.jpg","","in","","0","3","4","https://x.com/undefined/status/1928721858016448956","197428680",
"1928721702004883872","Sat May 31 07:54:22 +0000 2025","0","Pencarian korban 11 orang yang masih dinyatakan hilang akibat longsor di lokasi Tambang Batu Kapur Gunung Kuda Kab. Cirebon masih terus berlangsung Sabtu (31/05). Yoc #BeritaElshinta https://t.co/sjCItoRQV9","1928721702004883872","https://pbs.twimg.com/amplify_video_thumb/1928720223970144257/img/uYVxHWXvTl553GTn.jpg","","in","","0","0","0","https://x.com/undefined/status/1928721702004883872","121640063",
"1928721689522614445","Sat May 31 07:54:19 +0000 2025","0","Inilah Daftar Nama Korban Longsor Tambang Gunung Kuda https://t.co/I99VxpDcx6","1928721689522614445","","","in","","0","0","0","https://x.com/undefined/status/1928721689522614445","190325331",
"1928720805837549851","Sat May 31 07:54:08 +0000 2025","0","@sugureu ditnggalin di gunung mana kak acan","1928721645285351677","","sugureu","in","","0","1","0","https://x.com/undefined/status/1928721645285351677","1802384335091433472",
"1928695367819792465","Sat May 31 07:53:33 +0000 2025","0","@neanabae fotonye kok ga di gunung lagi brayy","1928721495657754842","","","in","","0","0","0","https://x.com/undefined/status/1928721495657754842","1061868062364721152",
"1928721455488827588","Sat May 31 07:53:23 +0000 2025","0","Polda Jabar dalami dugaan kelalaian operasional tambang di Gunung Kuda https://t.co/KDqoAbO5Ss https://t.co/MfXdGKFzdp","1928721455488827588","https://pbs.twimg.com/media/GsQx71UbgAAtie9.png","","in","","0","0","0","https://x.com/undefined/status/1928721455488827588","1482999200988434435",
"1928714953017438484","Sat May 31 07:51:46 +0000 2025","0","@kuyangmanis_ bnyk yg mendaki gunung cuma gegara fomo doang njir","1928721046653256125","","kuyangmanis_","in","","0","0","0","https://x.com/undefined/status/1928721046653256125","1900579883895676928",
"1928720780214313379","Sat May 31 07:50:42 +0000 2025","1","TIDAKKKKKK TIDAKKKKK lagi patah hati naik gunung lah aku turun gunung ku baca au nangis lagi kurang apa weekend ku ini penuh dengan airmata","1928720780214313379","","","in","","0","1","0","https://x.com/undefined/status/1928720780214313379","1257978645395595265",
"1928720603030397126","Sat May 31 07:50:00 +0000 2025","7","Cek Lokasi Longsor Tambang Dedi Mulyadi: Izin Tambang di Gunung Kuda Sudah Dicabut https://t.co/JJ9Pjewr4N","1928720603030397126","","","in","","1","0","3","https://x.com/undefined/status/1928720603030397126","71436318",
"1928720470234546657","Sat May 31 07:49:28 +0000 2025","0","Tragedi di Gunung Kuda Cirebon menyisakan duka mendalam. Sebuah tambang legal berubah jadi lokasi bencana menelan 14 korban jiwa dan menyebabkan 8 orang masih belum ditemukan. Belasan lainnya terluka dan masih dirawat. Sementara itu penyelidikan terhadap aktivitas tambang https://t.co/2B3U3k9KLO","1928720470234546657","https://pbs.twimg.com/amplify_video_thumb/1928719549450563585/img/Y-TvfA-30Sn_WFGH.jpg","","in","","0","0","0","https://x.com/undefined/status/1928720470234546657","502140136",
"1928720449669661162","Sat May 31 07:49:23 +0000 2025","0","Ajarin main roblox pls pengen naik gunung di roblox","1928720449669661162","","","in","","0","3","0","https://x.com/undefined/status/1928720449669661162","1410250102728396807",
"1928720166118109507","Sat May 31 07:48:16 +0000 2025","41","Arca-Menhir Diduga Makam di Gunung Tangkil Diusulkan Jadi Cagar Budaya https://t.co/zhu65J9anq","1928720166118109507","","","in","","0","1","18","https://x.com/undefined/status/1928720166118109507","79139422",
"1928720140100841941","Sat May 31 07:48:09 +0000 2025","0","Kejengkang bolak balik di gunung. Udah waktunya emang .... sepatu trail ","1928720140100841941","","","in","","0","0","0","https://x.com/undefined/status/1928720140100841941","167774647",
"1928720136250470661","Sat May 31 07:48:09 +0000 2025","0","Aaaa besok balik ke gunung","1928720136250470661","","","in","","0","0","0","https://x.com/undefined/status/1928720136250470661","1297335878059098113",
"1928262344746094894","Sat May 31 07:47:45 +0000 2025","0","@txtfromjogja bocahe gunung iki mesti","1928720035813511214","","txtfromjogja","in","","0","0","0","https://x.com/undefined/status/1928720035813511214","1189458526520803328",
"1928719022301868044","Sat May 31 07:43:43 +0000 2025","0","sedih raiso lari trail run ro munggah gunung‍","1928719022301868044","","","in","","0","0","0","https://x.com/undefined/status/1928719022301868044","1378647493399834630",
"1928718748053274788","Sat May 31 07:42:38 +0000 2025","0","Polisi Periksa 6 Saksi Longsor Gunung Kuda! 14 korban tewas teridentifikasi tim DVI Polda Jabar. Saksi pihak ponpes sopir hingga pembeli material mulai diperiksa. Tambang ilegal harus dihentikan sebelum korban berikutnya jatuh! #GunungKuda #LongsorCirebon https://t.co/51hX2C1UnZ","1928718748053274788","","","in","","0","0","0","https://x.com/undefined/status/1928718748053274788","2911375412",
"1928583188189950363","Sat May 31 07:42:17 +0000 2025","1","@crawbling Kalau ngelukis gunung sawah ma jalan cepet kak","1928718662388662672","","crawbling","in","","0","0","0","https://x.com/undefined/status/1928718662388662672","1699297254916620288",
"1928718589642891448","Sat May 31 07:42:00 +0000 2025","3","Korban Tewas Longsor Gunung Kuda Capai 14 Orang Dedi Mulyadi Minta Koperasi dan Pesantren Al Azhariyah Tanggung Jawab https://t.co/ZC1x6zyTlR","1928718589642891448","","","in","","0","0","0","https://x.com/undefined/status/1928718589642891448","2392460208",
"1928711180895277291","Sat May 31 07:41:54 +0000 2025","0","@radensatrioo Pengennya gitu mas tapi lagi nyari patner tektok gunung dulu hehe","1928718564388651230","","radensatrioo","in","","0","0","0","https://x.com/undefined/status/1928718564388651230","1248164281",
"1928718473611588050","Sat May 31 07:41:32 +0000 2025","2","gunung #zhongliinchongqing ³ https://t.co/jthulyiIv8","1928718473611588050","https://pbs.twimg.com/media/GsQvN6Ra8AAuB8z.jpg","","in","","0","0","0","https://x.com/undefined/status/1928718473611588050","1522776855576825857",
"1928718126180397390","Sat May 31 07:40:09 +0000 2025","1","bisnis mitos jauh lebih murah dibanding membangun bisnis pengkultusan tokoh agama. kalau di indonesia ada mitos di gunung &amp; laut. dr banyak catatan peneliti mitos dibangun utk melindungi alam dr manusia. atau sekadar melindungi ladang ganja... https://t.co/WuWvWaC2w5","1928718126180397390","","","in","","0","0","1","https://x.com/undefined/status/1928718126180397390","1901591046",
"1925336830763048966","Sat May 31 07:39:53 +0000 2025","0","@abcdefuck__me ke gunung bawa gunung wkwkwk","1928718056315895851","","","in","","0","0","0","https://x.com/undefined/status/1928718056315895851","1918866200995794944",
"1928717891328790877","Sat May 31 07:39:13 +0000 2025","0","Coverage Service perbaikan Pabx Bogor 0812-1923-7435 Wilayah Layanan Service Pabx Bogor mencakup Babakan Madang Bojonggede Cariu Ciampea Cibinong Cisarua Citeureup Dramaga Gunung Putri Gunung Sindur Jasinga Jonggol Kemang Ciseeng Kelapa Nunggal Rumpin dan Depok","1928717891328790877","","","in","","0","0","0","https://x.com/undefined/status/1928717891328790877","2401577972",
"1928717834332574020","Sat May 31 07:39:00 +0000 2025","1","Sudah Ada 14 Korban Tewas Keluarga Penambang Gunung Kuda Laporkan Masih Ada yang Belum Pulang https://t.co/OrPXRATPe3","1928717834332574020","","","in","","0","0","0","https://x.com/undefined/status/1928717834332574020","2392460208",
"1928717613452112276","Sat May 31 07:38:07 +0000 2025","585","INFO Terhitung Sejak 27 Mei 2025 Warung Mbok Yem yang berada di dekat puncak Gunung Lawu TUTUP Warung legendaris Mbok Yem yang telah puluhan tahun menjadi tempat beristirahat dan menghangatkan diri para pendaki kini resmi ditutup sementara mulai 27 Mei 2025. Keputusan ini https://t.co/WTNBmkGsv9","1928717613452112276","https://pbs.twimg.com/ext_tw_video_thumb/1928717571148353536/pu/img/JfrlM32V2JUfoK5v.jpg","","in","","13","8","133","https://x.com/undefined/status/1928717613452112276","785145642",
"1928717533793702080","Sat May 31 07:37:48 +0000 2025","0","Dari kasus Longsor Gunung Kuda jadi banyak yg tahu jika...ijin tambang galian C dikuasai Kopontren setempat #longsorgunungkudacirebon #kopontren #ijintambang","1928717533793702080","","","in","","0","0","0","https://x.com/undefined/status/1928717533793702080","481886419",
"1928717487048163346","Sat May 31 07:37:37 +0000 2025","0","W LUPA PUNYA GUNUNG KIWI","1928717487048163346","","","in","","0","0","0","https://x.com/undefined/status/1928717487048163346","1754327072200355840",
"1928689828503207994","Sat May 31 07:37:34 +0000 2025","0","@minwonjiejie Ihhh turun gunung lu ke satrio","1928717475387957379","","minwonjiejie","in","","0","1","0","https://x.com/undefined/status/1928717475387957379","1605085451408117760",
"1928717297377521998","Sat May 31 07:36:52 +0000 2025","0","Kang Dedi Mulyadi Geram Ke Orang Ini Dan Minta Di Hentikan Dulu! - Penambangan Batu Di Gunung Kuda Masa Harus Tunggu Kejadian Dulu? Ujar KDM Para Penambang Meninggalkan Lokasi Namun Hanya Sementara Sampai Kejadian Longsor Di Gunung Kuda 3 Tahun Setelahnya Terjadi https://t.co/p8aay67fqt","1928717297377521998","https://pbs.twimg.com/ext_tw_video_thumb/1928717175495471104/pu/img/Sqsc-6N7KXm5Zf8Y.jpg","","in","","0","0","0","https://x.com/undefined/status/1928717297377521998","2170763288",
"1928651880521150705","Sat May 31 07:36:45 +0000 2025","0","@yanuarnugroho sudahh lahh runtuhkan saja itu candi bikin ribut mulu tiket mahal lah blablabla dlu udh dihancurin gunung Merapi knp dipugar lg penyembahan berhala ","1928717270559125830","","yanuarnugroho","in","","0","0","0","https://x.com/undefined/status/1928717270559125830","1846962426895540224",
"1928717238149755082","Sat May 31 07:36:38 +0000 2025","0","Soal four ring rugi cuma ring red altar sebesar gunung jejer jejer juga kalah kalian repot terus aku tidak @AlecBaldwin @brielarson @ybaindonesia @FoxNews","1928717238149755082","","","in","","1","0","0","https://x.com/undefined/status/1928717238149755082","1912018962038325248",
"1928717132180684878","Sat May 31 07:36:12 +0000 2025","0","Buset dah para muggles turun gunung nih Duh buru deh refund kelarin cim","1928717132180684878","","","in","","0","0","0","https://x.com/undefined/status/1928717132180684878","1280035949229965312",
"1928717079689199885","Sat May 31 07:36:00 +0000 2025","0","Longsor Galian C Gunung Kuda Tewaskan 14 Korban Dedi Mulyadi: Akibat Kelalaian dan Standar Tak Penuhi https://t.co/r0aOqP77JX","1928717079689199885","","","in","","0","0","0","https://x.com/undefined/status/1928717079689199885","2392460208",
"1928716633276653638","Sat May 31 07:34:13 +0000 2025","319","#POLCASAN X #GUINZLY au as bocil kelas 3 si bawel mau naik gunung https://t.co/QLoj9t2iUh","1928716633276653638","https://pbs.twimg.com/media/GsQtjebaMAUheYJ.jpg","","in","","2","1","48","https://x.com/undefined/status/1928716633276653638","1300954669582184448",
"1928716168430498314","Sat May 31 07:32:23 +0000 2025","0","ajakk aku naik gunung plissss","1928716168430498314","","","in","","0","2","0","https://x.com/undefined/status/1928716168430498314","1296479521860796416",
"1928417920469565700","Sat May 31 07:32:06 +0000 2025","0","@vnllltee Aku pertama naik gunung ke merbabu dan lewat sini 10 tahun yg lalu kangen pengen lagi","1928716099794907221","","vnllltee","in","","0","1","0","https://x.com/undefined/status/1928716099794907221","186698728",
"1928715587082977621","Sat May 31 07:30:04 +0000 2025","30","Inalilahi Ibu Iis seorang pedagang di lokasi tambang gunung kuda Cirebon jadi korban longsor Semoga cepat ditemukan serta keluarga diberikan ketabahan Aamiin https://t.co/2HYtyBpqUe","1928715587082977621","https://pbs.twimg.com/ext_tw_video_thumb/1928715456485142531/pu/img/oiV3MRxcJ899wCPL.jpg","","in","","0","0","11","https://x.com/undefined/status/1928715587082977621","1249004237004009474",
"1927360984458403994","Sat May 31 07:29:44 +0000 2025","0","@awchaehyun Semoga nggak baca ya . Aku doa dulu ke 1000 gunung","1928715502819619116","","chaehyuna","in","","0","1","0","https://x.com/undefined/status/1928715502819619116","1546776719389966336",
"1928670125739430108","Sat May 31 07:29:12 +0000 2025","212","@sendalair Wakakakaka literaly mengikuti perkembangan zaman gpp si kemah kan sama aja kaya piknik... kalo naek gunung bawa segala koper magiccom baru gua heran","1928715370434588754","","sendalair","in","","0","1","3","https://x.com/undefined/status/1928715370434588754","3814578973",
"1928715087428169810","Sat May 31 07:28:05 +0000 2025","0","Kapolda Jabar Jenguk Korban Longsor Gunung Kuda #PerthSanta #دوري_أبطال_أوروبا https://t.co/jUsT20EYBs","1928715087428169810","","","in","","0","0","0","https://x.com/undefined/status/1928715087428169810","1605763298859057152",
"1928714953017438484","Sat May 31 07:27:57 +0000 2025","2","Sebanyak 11 orang pendaki sempat dikabarkan tersesat di Gunung Arjuno Malang Jawa Timur pada Kamis (29/5/25) sekitar pukul 09.00 WIB. Diduga para pendaki tersebut mendaki lewat jalur yang tidak resmi yakni melewati Kebun Teh Wonosari tanpa mengantongi tiket pendakian atau","1928715053039247599","","kuyangmanis_","in","","0","0","0","https://x.com/undefined/status/1928715053039247599","861604781869092864",
"1928714953017438484","Sat May 31 07:27:33 +0000 2025","203","Mendaki gunung tuh boleh aja. Tapi ya butuh persiapan yg lebih matang bukan yg asal sekedar yuk gaasss.. Kalau misal kamu dan rombongan malah tersesat gimana?? sc : ig/haluandotco https://t.co/SMgvejULDf","1928714953017438484","https://pbs.twimg.com/ext_tw_video_thumb/1928714912911753216/pu/img/4pBpwi7pnPYOXWzz.jpg","","in","","5","156","6","https://x.com/undefined/status/1928714953017438484","861604781869092864",
"1928711567270453656","Sat May 31 07:27:16 +0000 2025","0","@Suckerzpunch Ini otw gunung","1928714882133696608","","Suckerzpunch","in","","0","1","0","https://x.com/undefined/status/1928714882133696608","1594923500879609856",
"1928714528738439667","Sat May 31 07:25:52 +0000 2025","1","[bb] saranin sepatu yang ga licin buat naik gunung dong. kalo bisa pemakaian pribadi","1928714528738439667","","","in","","0","1","0","https://x.com/undefined/status/1928714528738439667","1239508341186916353",
"1928714311670636884","Sat May 31 07:25:00 +0000 2025","2","Dedi Mulyadi Minta Perhutani Usut Dugaan Alih Lahan Hutan Menjadi Tambang Gunung Kuda https://t.co/yR1qGoykFN","1928714311670636884","","","in","","0","0","0","https://x.com/undefined/status/1928714311670636884","71436318",
"1928381183408083194","Sat May 31 07:24:59 +0000 2025","0","@gunsnrosesgirl3 Gunung warna-warni seperti yang disebut di dalam Al Quran 1 400 tahun lampau. Indah.","1928714310018314679","","sciencegirl","in","","0","0","0","https://x.com/undefined/status/1928714310018314679","1850469524044382208",
"1928714285145858266","Sat May 31 07:24:54 +0000 2025","0","dan rupawan yang berhasil menggetarkan sinar ultrafeng dr Gunung Himalaya ke Gunung Semeru. CAKEP BANGETT. Makan nasi nggak sih km? Yg penting nggak makan beling. Bahayaa.","1928714287607918774","","111109XO","in","","0","0","0","https://x.com/undefined/status/1928714287607918774","3170527334",
"1928714260076532089","Sat May 31 07:24:48 +0000 2025","0","bismillâh walhamdulillâh kubedakn jiwa manusia mjd 3 umur tdk berlaku 1&gt; jiwa anak yg ingin main sampai dini hari 2&gt; jiwa gejolak muda yg ingin mnghancurkn gunung 3&gt; jiwa sepuh (tua) yg penuh dg penyesalan dan tangisan bahagia sbg penutup makanan jgn berharap ice cream","1928714260076532089","","","in","","0","0","0","https://x.com/undefined/status/1928714260076532089","569097674",
"1928714084700074199","Sat May 31 07:24:06 +0000 2025","1","Sedang nemu kaktus di gunung saja berduri https://t.co/OKT0IPgZrn","1928714084700074199","https://pbs.twimg.com/media/GsQrOc_aMAA9rAW.jpg","","in","","0","0","0","https://x.com/undefined/status/1928714084700074199","1627137286390579201",
"1928713067824656703","Sat May 31 07:23:12 +0000 2025","0","@banjarbase lain melihati knalpotnya nder ae knalpot gunung kah knalpot banyu","1928713859566809590","","banjarbase","in","","0","0","0","https://x.com/undefined/status/1928713859566809590","1717623843823788032",
"1928713817606775086","Sat May 31 07:23:02 +0000 2025","0","guys ada yang prelovedin baju olahraga atau outfit naik gunung ngga? boleh di spill dong siapa tau cocokk","1928713817606775086","","","in","","0","8","0","https://x.com/undefined/status/1928713817606775086","1378335629008723972",
"1928713802415018017","Sat May 31 07:22:58 +0000 2025","8","ada yg fokus naik2 gunung mancing kulineran jalan2 ngegame2 doang nongkrong ps-an... inilah semester 6","1928713802415018017","","","in","","0","1","0","https://x.com/undefined/status/1928713802415018017","1844414983507148802",
"1928713789785931900","Sat May 31 07:22:55 +0000 2025","0","wargaaa saranin wisata di pacet malang atau jombang yang aksesnya gampang dong. selain gunung bromo yaa","1928713789785931900","","","in","","0","0","0","https://x.com/undefined/status/1928713789785931900","1202736144925855744",
"1928713395345261005","Sat May 31 07:21:21 +0000 2025","1","turun gunung kok ada ada aja ya","1928713395345261005","","","in","","0","1","0","https://x.com/undefined/status/1928713395345261005","2834903202",
"1928666227951677480","Sat May 31 07:20:06 +0000 2025","0","@merapi_uncover keren hasil fotonya pas cerah tenan gunung sumbing detail pakai tele ki angel termasuke ","1928713079241548095","","merapi_uncover","in","","0","0","0","https://x.com/undefined/status/1928713079241548095","1316291210969972736",
"1928712872642686995","Sat May 31 07:19:17 +0000 2025","0","TANGIS Isnandi Keliling Cari Ayahnya Nurahman Hilang Dalam Longsor Gunung Kuda Cirebon https://t.co/UWJUO8STD4 via @tribunnews","1928712872642686995","","","in","","0","0","0","https://x.com/undefined/status/1928712872642686995","142305302",
"1928712521214734667","Sat May 31 07:17:53 +0000 2025","4","padahal ketua @jaesahicats sudah turun gunung buat ikutan ritual pemanggilan jsh bersama anggota sekte @jaesahee @JSH2320 @arsilena__ tapi 2 orang itu tetap nggak mau muncul ‍ keknya kapan-kapan semua anggota sekte mania yg cuma bbrp org itu mesti ikutan biar jsh muncul https://t.co/MIwPcBGgcP","1928712521214734667","https://pbs.twimg.com/media/GsQpzwLaMAUyBsl.jpg","","in","","0","2","1","https://x.com/undefined/status/1928712521214734667","1291790609070448640",
"1928642204286808263","Sat May 31 07:17:36 +0000 2025","0","@avfha Ini di area gunung cilik kak?","1928712448900825358","","avfha","in","","0","0","0","https://x.com/undefined/status/1928712448900825358","1419244677924999173",
"1928712370169278958","Sat May 31 07:17:17 +0000 2025","0","Izin Tambang Gunung Kuda Dicabut Polisi Police Line Lokasi Longsor #ReadySparklingLandxLingOrm https://t.co/4MJf60t0Jd","1928712370169278958","","","in","","0","0","0","https://x.com/undefined/status/1928712370169278958","1605763298859057152",
"1928347998557274290","Sat May 31 07:14:15 +0000 2025","2","@glucklich00 @sitsnoe @katzen_jammer Harusnya gak perlu khawatir dong kan sudah pada fucksin. Pake waspada-waspada segala emangnya gunung berapi apa.","1928711608915706338","","glucklich00","in","","0","1","0","https://x.com/undefined/status/1928711608915706338","1510927488146305025",
"1928627069883146391","Sat May 31 07:13:51 +0000 2025","0","@ciki_ariess Lapang tembak gunung bohong kan?","1928711508260720970","","ciki_ariess","in","","0","1","0","https://x.com/undefined/status/1928711508260720970","1840381802248273920",
"1928711198188728611","Sat May 31 07:12:38 +0000 2025","0","naik gunung gmn rasanya","1928711198188728611","","","in","","0","0","0","https://x.com/undefined/status/1928711198188728611","1406621871869632514",
"1928711100255646098","Sat May 31 07:12:14 +0000 2025","0","KH Maman Imanulhaq sampaikan duka atas 14 korban longsor di Gunung Kuda Cirebon. Ia juga geram: Ini tragedi yg bisa dicegah kalau tambang ilegal diawasi! Minta semua aktivitas dihentikan sampai ada kajian ilmiah. #GunungKuda #Cirebon #DPRRI #TambangIlegal https://t.co/Tm85uF5FMJ","1928711100255646098","","","in","","0","0","0","https://x.com/undefined/status/1928711100255646098","2911375412",
"1928688480944558129","Sat May 31 07:11:53 +0000 2025","0","@komunisasi cuma di kaki gunung ga pernah di puncak","1928711011063754945","","komunisasi","in","","0","0","0","https://x.com/undefined/status/1928711011063754945","1309856738284195840",
"1928709344255721480","Sat May 31 07:11:02 +0000 2025","39","@tfsurabaya Gunung anyar ke TP 1 5 jam Track nya muter2 koyok entut Transit nunggu armada nya lebih dari 15 menit","1928710797611409612","","tfsurabaya","in","","1","1","2","https://x.com/undefined/status/1928710797611409612","447987973",
"1928710400905982273","Sat May 31 07:10:10 +0000 2025","0","dan akan terus ditingkatkan. Bus dan truk listrik VKTR yang diproduksi VKTS ini memakai nama gunung dan sungai yang ada di Indonesia. Selain itu ada juga minibus forklift dll.","1928710578844918250","","anindyabakrie","in","","0","1","0","https://x.com/undefined/status/1928710578844918250","45871100",
"1928710571781746951","Sat May 31 07:10:08 +0000 2025","0","Ya Allah aku ketagihan tektok naik gunung ","1928710571781746951","","","in","","0","0","0","https://x.com/undefined/status/1928710571781746951","1606006965783519232",
"1928710060856820172","Sat May 31 07:08:55 +0000 2025","0","@Pacarnyazuko kakk klo jd naik gunung ajakin cindy","1928710265111195899","","Pacarnyazuko","in","","0","1","0","https://x.com/undefined/status/1928710265111195899","1002689503054606336",
"1928289164845285672","Sat May 31 07:08:14 +0000 2025","0","@oneokrockc gunung mana dulu","1928710091949117915","","oneokrockc","in","","0","0","0","https://x.com/undefined/status/1928710091949117915","1573933914250678272",
"1928709818870804928","Sat May 31 07:07:09 +0000 2025","0","Kasus Longsor Galian Tambang Gunung Kuda Cirebon Polisi Segera Tetapkan Tersangka #Longsor https://t.co/lLoi0hsLXd","1928709818870804928","","","in","","0","0","0","https://x.com/undefined/status/1928709818870804928","79130206",
"1928709809022578848","Sat May 31 07:07:06 +0000 2025","0","Tim SAR Kerahkan Anjing Pelacak Cari 8 Korban Longsor Gunung Kuda https://t.co/nUskCupzGH https://t.co/OX9eV4jvPu","1928709809022578848","https://pbs.twimg.com/media/GsQnWagaMAMdGOB.jpg","","in","","0","0","0","https://x.com/undefined/status/1928709809022578848","502140136",
"1928708950532542939","Sat May 31 07:03:42 +0000 2025","0","11 Korban Masih Hilang di Longsor Tambang Gunung Kuda Cirebon Polisi Periksa Enam Saksi https://t.co/hZOBf32wtn","1928708950532542939","","","in","","0","0","0","https://x.com/undefined/status/1928708950532542939","1272427767942926337",
"1928703021883547899","Sat May 31 07:02:57 +0000 2025","0","@tanyarlfes Belum ke gunung gede","1928708762115662021","","tanyarlfes","in","","0","0","0","https://x.com/undefined/status/1928708762115662021","508184555",
"1928708541084479575","Sat May 31 07:02:04 +0000 2025","5","Cek Lokasi Longsor Tambang Dedi Mulyadi: Izin Tambang di Gunung Kuda Sudah Dicabut https://t.co/JJ9Pjewr4N","1928708541084479575","","","in","","0","0","1","https://x.com/undefined/status/1928708541084479575","71436318",
"1928706543244943861","Sat May 31 06:54:08 +0000 2025","0","manjat gunung pun gue jabanin asal bukan bangun di bawah jam 10 pagi","1928706543244943861","","","in","","0","1","0","https://x.com/undefined/status/1928706543244943861","1426118768292364288",
"1928705974090739771","Sat May 31 06:51:52 +0000 2025","0","Polda Jabar menyebutkan sebanyak 11 korban tertimbun longsor tambang galian C di kawasan Gunung Kuda Cirebon Jabar hingga Sabtu (31/5) siang ini masih belum ditemukan. https://t.co/7rdiKs2k1D","1928705974090739771","","","in","","1","0","0","https://x.com/undefined/status/1928705974090739771","18071520",
"1928705922307674260","Sat May 31 06:51:40 +0000 2025","0","Gunung apa hayo https://t.co/Po1Xb6vy4m","1928705922307674260","https://pbs.twimg.com/media/GsQj0KbaMAEoO8r.jpg","","tl","","0","0","0","https://x.com/undefined/status/1928705922307674260","1907386895354707968",
"1928705893627211931","Sat May 31 06:51:33 +0000 2025","0","Polda Jawa Barat resmi meningkatkan status penanganan kasus longsor tambang galian C di Gunung Kuda Desa Cipanas Kecamatan Dukupuntang Kabupaten Cirebon dari penyelidikan ke tahap penyidikan Jumat (30/5/2025). Tragedi ini menewaskan 14 orang melukai 9 orang dan hingga kini https://t.co/vZbcP1unOi","1928705893627211931","https://pbs.twimg.com/media/GsQjuTmaMAMKkOY.jpg","","in","","0","0","0","https://x.com/undefined/status/1928705893627211931","132078023",
"1928705741294121400","Sat May 31 06:50:57 +0000 2025","0","aku adalah panji ketika naek gunung","1928705741294121400","","","in","","0","0","0","https://x.com/undefined/status/1928705741294121400","1185797210501332997",
"1928405311603568699","Sat May 31 06:49:10 +0000 2025","128","@axelisontwt pp biar anak nanti bisa diceritain ayah dulu kalo kuliah mendaki gunung lewati lembah menyelam di laut ","1928705295938679049","","axelisontwt","in","","0","0","0","https://x.com/undefined/status/1928705295938679049","1572244892147126275",
"1928705236497281131","Sat May 31 06:48:56 +0000 2025","3","SABDA KESIANGAN Sesungguhnya salah satu kebohongan agama yg bisa dibuktikan itu adalah ketika orang yg beriman bisa meminta apa saja kepada tuhan melalui doa &amp; menerima apa yg dimintanya. Bahkan gunung &amp; pohon dapat dilemparkan ke laut hanya dg doa. Bo'ong banget kan! tak","1928705236497281131","","","in","","0","0","1","https://x.com/undefined/status/1928705236497281131","1296100285375340544",
"1928660101126304217","Sat May 31 06:48:48 +0000 2025","0","@IzzaFachreza @Ardalyn_ Satu lgi bang gambar pattern tiap trader itu beda lu sm gw disuruh gambar gunung sama pemandangan itu udah jelas pasti gambar kita beda pattern itu seni tiap orang beda yg pentinh teorinya sama.. altcoin itu naik ketika suku bunga turun buktinya ap? Pas november naik","1928705200790950100","","IzzaFachreza","in","","0","2","0","https://x.com/undefined/status/1928705200790950100","957093816590217216",
"1928704760305086794","Sat May 31 06:47:03 +0000 2025","4","Longsor Gunung Kuda Polda Jabar: Haji Karim Ditahan Bersama Managernya https://t.co/98t5G3Z5gC","1928704760305086794","","","in","","1","0","0","https://x.com/undefined/status/1928704760305086794","132078023",
"1928704673638453358","Sat May 31 06:46:42 +0000 2025","2","gue akuin gue nyaman daki gunung nih","1928704673638453358","","","in","","0","1","0","https://x.com/undefined/status/1928704673638453358","1764551905358090240",
"1928704477076271288","Sat May 31 06:45:55 +0000 2025","142","Turut Berduka cita atas terjadinya tanah Longsor di Tambang Galian C Gunung Kuda Desa Cipanas Dukupuntang Kab. Cirebon Jum'at (30/5). Menyebabkan 14 Orang Meninggal dunia dan 11 orang masih dalam pencarian https://t.co/VS53kfC9kt","1928704477076271288","https://pbs.twimg.com/ext_tw_video_thumb/1928704442393833478/pu/img/Dm_bMCGGfonpVJEp.jpg","","in","","1","13","39","https://x.com/undefined/status/1928704477076271288","785145642",
"1928688367547408538","Sat May 31 06:45:19 +0000 2025","0","@neyeppeuda Gak seluruh indonesia panas kak aku tinggal di gunung jadi knit kepake banget","1928704324705874061","","neyeppeuda","in","","0","0","0","https://x.com/undefined/status/1928704324705874061","4656280514",
"1928704224457617919","Sat May 31 06:44:55 +0000 2025","0","Kapolda Jabar Tinjau Lokasi Gunung Kuda Cirebon Pastikan Proses Hukum Berjalan https://t.co/32VOtzSQhr","1928704224457617919","","","in","","0","0","0","https://x.com/undefined/status/1928704224457617919","278855466",
"1928704190580404675","Sat May 31 06:44:47 +0000 2025","0","Pengen bgt camping di gunung dipantai jalan² jauh pokoknya.. tp sisi lain punya bayi definisi ada duit ga ada waktu inimahh","1928704190580404675","","","in","","0","1","0","https://x.com/undefined/status/1928704190580404675","330109336",
"1928704166399971642","Sat May 31 06:44:41 +0000 2025","0","Update Longsor Tambang Batu Alam Gunung Kuda Korban Tewas Jadi 13 Korban Jiwa 8 Penambang Masih Hilang https://t.co/AOy7vspUif","1928704166399971642","","","in","","0","0","0","https://x.com/undefined/status/1928704166399971642","1447918723248107536",
"1928691994554933372","Sat May 31 06:44:27 +0000 2025","0","@seymeyy Tp adem tinggal di gunung ","1928704109630370182","","seymeyy","in","","0","1","0","https://x.com/undefined/status/1928704109630370182","1408693031318921217",
"1928417300413116518","Sat May 31 06:42:19 +0000 2025","0","@TheCradleMedia Setinggi gunung Barat membantu Israhell mereka tidak akan pernah mengingat kebaikan anda. Karena israel adalah kumpulan teroriz dan kaum yang dilaknat Tuhan. Percuma anda membantu mereka kalian hanya jadi budak mereka. Dan kalian Barat akan menyesali kesalahan berulang itu","1928703569915461790","","TheCradleMedia","in","","0","0","0","https://x.com/undefined/status/1928703569915461790","1505361383042732032",
"1928096861916909629","Sat May 31 06:42:06 +0000 2025","2","@kanjengGondoku1 @kegblgnunfaedh Gue taunya cuma gunung fuji doang yg lain gatau dan gamau tau thanks","1928703517868400948","","kanjengGondoku1","in","","0","0","0","https://x.com/undefined/status/1928703517868400948","1248567336245710848",
"1928703414285828385","Sat May 31 06:41:42 +0000 2025","0","yaAllah sebelah desanya gunung","1928703414285828385","","","in","","0","1","0","https://x.com/undefined/status/1928703414285828385","2934875190",
"1928703243422675378","Sat May 31 06:41:01 +0000 2025","0","Ongkos pp satu puskesmas udah 120K belum 5 puskesmas lainnya. Curiga besok rezekinya banyaknya segunung-gunung buat nutup ongkos transport","1928703243422675378","","","in","","0","0","0","https://x.com/undefined/status/1928703243422675378","1002929547086479361",
"1928675971822919926","Sat May 31 06:15:40 +0000 2025","0","@kairantara @dainzleif pasanganlu sp? setan gunung di roblok?","1928696865777733894","","","in","","0","0","0","https://x.com/undefined/status/1928696865777733894","1237371291889356800",
"1928696805790757190","Sat May 31 06:15:26 +0000 2025","0","aku suka nonton video2 org ndaki gunung. pengennn ke rinjani tp aku orgnya gampang kesandung","1928696805790757190","","","in","","0","1","0","https://x.com/undefined/status/1928696805790757190","1894961826204655616",
"1928696747494199392","Sat May 31 06:15:12 +0000 2025","1","ini orang pernah melewati 7 gunung di jateng (slamet rogojembangan sindoro prau sumbing merbabu lawu) dengan cara lari ","1928696747494199392","","","in","","0","0","0","https://x.com/undefined/status/1928696747494199392","1328562869370195968",
"1928696661200842857","Sat May 31 06:14:57 +0000 2025","0","2. Monumen peringatan meletusnya Gunung Krakatau pada tanggal 27 Agustus 1883 letusan dahsyat dengan gempa vulkanik semburan material gunung api yang menutupi langit selama berhari-hari menjadi gelap tanpa sinar matahari dan diikuti dengan gelombang pasang tsunami yang","1928696681945600160","","jihunf","in","","0","1","0","https://x.com/undefined/status/1928696681945600160","816691892",
"1928696672626028910","Sat May 31 06:14:54 +0000 2025","0","kpn yh ak ke gunung prau","1928696672626028910","","","in","","0","5","0","https://x.com/undefined/status/1928696672626028910","1767041850983043072",
"1927934154575909039","Sat May 31 06:14:48 +0000 2025","1","@inidanu @fallinstarsss @Afflictionist Kalau begitu aku jadi bisa sebarkan ke teman-teman ku yang sering ke hutan dan gunung. Trimakasih ","1928696645065044174","","inidanu","in","","0","0","0","https://x.com/undefined/status/1928696645065044174","163127323",
"1928696516929085784","Sat May 31 06:14:17 +0000 2025","0","pingin naik gunung","1928696516929085784","","","in","","0","0","0","https://x.com/undefined/status/1928696516929085784","1835494707918704640",
"1928691023703679318","Sat May 31 06:12:17 +0000 2025","0","@skylnay gunung apa iniiii","1928696012539048370","","skylnay","in","","0","1","0","https://x.com/undefined/status/1928696012539048370","1546113422844370946",
"1928695898353115452","Sat May 31 06:11:50 +0000 2025","0","Addict ya ternyata naik gunung jd lgn lagi","1928695898353115452","","","in","","0","0","0","https://x.com/undefined/status/1928695898353115452","1131182484471730181",
"1928615993762255051","Sat May 31 06:10:18 +0000 2025","0","@salmagedone ngeri naik gunung ini mah","1928695511701156011","","salmagedone","in","","0","0","0","https://x.com/undefined/status/1928695511701156011","1534468671283662848",
"1928695417564168686","Sat May 31 06:09:55 +0000 2025","0","pacarku hari ini muncak naik gunung terakhir ngabarin di pos 3 huft ak main mc je la","1928695417564168686","","","in","","0","1","0","https://x.com/undefined/status/1928695417564168686","1088993721398349824",
"1928542054944223658","Sat May 31 06:09:54 +0000 2025","2","@ardisatriawan Bukti GAK (gunung anak krakatau) erupsi lebih dr 500x (per 19 agustus 2018 = 576x) https://t.co/OqfyYfEs76","1928695411474153653","https://pbs.twimg.com/media/GsQaP79aMAUefpc.jpg","shintaeffendi","in","","0","0","0","https://x.com/undefined/status/1928695411474153653","46523425",
"1928695239688212662","Sat May 31 06:09:13 +0000 2025","0","Babinsa Koramil 09/Gunung Talang Kodim 0309/Solok Serka Andri bersama pengurus mesjid melaksanakan pembersihan masjid di Jorong Balai Oli Nagari Jawi-Jawi Kecamatan Gunung Talang Kab. Solok Jumat 30 Mei 2025. https://t.co/HFUAUEji4r","1928695239688212662","https://pbs.twimg.com/media/GsQaFuxaMAATYnP.jpg","","in","","0","0","0","https://x.com/undefined/status/1928695239688212662","1664068865813512197",
"1928686620015841633","Sat May 31 06:08:34 +0000 2025","0","@umemiyadesu Tidur sambil naik gunung pernah ga","1928695078270259330","","umemiyadesu","in","","0","1","0","https://x.com/undefined/status/1928695078270259330","1589875416415748096",
"1928694272716681333","Sat May 31 06:07:30 +0000 2025","0","@massiyann Gunung putri dmn a","1928694807217508779","","massiyann","in","","0","0","0","https://x.com/undefined/status/1928694807217508779","931926863781359617",
"1928694736115699719","Sat May 31 06:07:13 +0000 2025","1","Jumlah korban yang tertimbun material longsor di lokasi tambang galian C Gunung Kuda Kabupaten Cirebon mencapai 11 orang. #Nusantara #Kompas60 https://t.co/RPbHcKeoir","1928694736115699719","","","in","","0","1","0","https://x.com/undefined/status/1928694736115699719","255866913",
"1928694272716681333","Sat May 31 06:05:22 +0000 2025","5","Ada yg mau ikut camping ga ke gunung putri 1-2 juni","1928694272716681333","","","in","","0","1","0","https://x.com/undefined/status/1928694272716681333","1765708856846655488",
"1928363297688146234","Sat May 31 06:04:23 +0000 2025","0","@yourbae Gunung jepang","1928694024468123912","","yourbae","in","","0","0","0","https://x.com/undefined/status/1928694024468123912","1539074459532832768",
"1927949578097041463","Sat May 31 06:04:02 +0000 2025","0","@bagdul1l thanks lek info gunung terdekat","1928693937222402091","","bagdul1l","in","","0","1","0","https://x.com/undefined/status/1928693937222402091","1386676369359204352",
"1928693683190210815","Sat May 31 06:03:02 +0000 2025","2","1 of hidden cafe at Gunung Lambak Kluang. Cuti2 ni boleh lah nk buat cafe hunt. We start with nearby the house dlu #theMonkeyCoffee https://t.co/6Ar4Il1XVU","1928693683190210815","https://pbs.twimg.com/media/GsQYqwwbIAAF4oW.jpg","","in","","0","0","0","https://x.com/undefined/status/1928693683190210815","623567875",
"1928658224200208463","Sat May 31 06:02:26 +0000 2025","0","@fruitypebssss Samaaak ih aku baru kali ini excited nunggu orang naik gunung ","1928693535592558727","","fruitypebssss","in","","0","1","0","https://x.com/undefined/status/1928693535592558727","3425819507",
"1928693383666786525","Sat May 31 06:01:50 +0000 2025","0","ngomongin mau naik gunung pada nongol twitt naik gunung.","1928693383666786525","","","in","","0","0","0","https://x.com/undefined/status/1928693383666786525","2601661292",
"1928688480944558129","Sat May 31 06:01:12 +0000 2025","0","@sirgyrozeppeli lha wong gunung ra ngerti nanjak piye ki","1928693222944932024","","dieselrunawayc","in","","0","1","0","https://x.com/undefined/status/1928693222944932024","1649468946938994704",
"1928692923698393388","Sat May 31 06:00:01 +0000 2025","0","Naik Gunung Arjuno Tanpa Registrasi 11 Pendaki Tersesat dan Dievakuasi https://t.co/mlIHQokEfk","1928692923698393388","","","in","","0","0","1","https://x.com/undefined/status/1928692923698393388","828503372969832448",
"1928692920963477897","Sat May 31 06:00:00 +0000 2025","3","#Foto Tragedi terjadi di lokasi tambang batu alam Gunung Kuda Desa Cipanas Cirebon Jumat (30/5/2025) sekitar pukul 10.00 WIB. Longsor menimbun sekitar 10 orang pekerja. Sebagai respons Pemprov Jawa Barat memutuskan untuk menutup tambang tersebut secara permanen demi https://t.co/TesnrvNT66","1928692920963477897","https://pbs.twimg.com/media/GsP7GkuaMAQwkwf.jpg","","in","","1","1","2","https://x.com/undefined/status/1928692920963477897","69183155",
"1928692920606962097","Sat May 31 06:00:00 +0000 2025","0","7 Fakta Misteri Gunung Arjuno Nomor 3 Pernah Ada Pendaki Tewas karena Hipotermia https://t.co/hEB3P7basc","1928692920606962097","","","in","","0","0","0","https://x.com/undefined/status/1928692920606962097","132078023",
"1928591835196436548","Sat May 31 05:59:48 +0000 2025","0","@exsipient disini gaada gunung kak","1928692872511107503","","exsipient","in","","0","1","0","https://x.com/undefined/status/1928692872511107503","1411991026944806917",
"1928638841390268751","Sat May 31 05:59:24 +0000 2025","2","@KABAR_CHELSEA Perasaan kita gak ribut ribut amat sama fans emyu dah pas si gunung pindah malah kita terima kasih","1928692770522145082","","KABAR_CHELSEA","in","","0","1","0","https://x.com/undefined/status/1928692770522145082","589901096",
"1928418359395197140","Sat May 31 05:58:20 +0000 2025","0","@daynari_ gunung kembang emg secakep itu tapi tidak dgn trek nya","1928692501478506574","","daynari_","in","","0","1","0","https://x.com/undefined/status/1928692501478506574","1867961375605358592",
"1928606927602462955","Sat May 31 05:58:16 +0000 2025","1","@EkoPurwanto001 Lokasi gunung berapi tanahnya memang subur .. Tanah vulkanik terbentuk dari lahar dan abu. Lahar dan abu ini sangat kaya akan mineral seperti zat besi kalsium dan yang lainnya.. Jd jangan hati yg meletus karna amarah .. eaa","1928692485896757636","","EkoPurwanto001","in","","0","0","0","https://x.com/undefined/status/1928692485896757636","2412572689",
"1928692165380645076","Sat May 31 05:57:00 +0000 2025","0","Kapolda Jabar Turun Langsung ke Tambang Gunung Kuda Pimpin Pencarian 11 Korban Hilang https://t.co/uuF7eRRzdv","1928692165380645076","","","in","","0","0","0","https://x.com/undefined/status/1928692165380645076","132078023",
"1928690063317090554","Sat May 31 05:54:45 +0000 2025","0","@HTSLOVERZ LAGI MANJAT GUNUNG GASIH DIA","1928691600227438978","","04HTSAN","in","","0","1","0","https://x.com/undefined/status/1928691600227438978","1596102948236713984",
"1928687991079449032","Sat May 31 05:53:21 +0000 2025","7","@risalatulumami lhoo kan masih prediksi awal inih wkwk lagian bukan gue kok yg ngitung haha. so.. voter terbaik di planet ini masih sibuk d RL ato dah siap turun gunung ni ceritanya ","1928691247499399542","","risalatulumami","in","","0","1","0","https://x.com/undefined/status/1928691247499399542","1668925107446874112",
"1928687578414227965","Sat May 31 05:53:03 +0000 2025","0","@WordGateWeather Gunung kuda kota Cirebon Indonesia","1928691172207100208","","WordGateWeather","in","","0","0","0","https://x.com/undefined/status/1928691172207100208","1867629572784885760",
"1928690818543386900","Sat May 31 05:51:39 +0000 2025","1","Akhirnya kesampaian ke gunung Sunda bersama @airaasa_ https://t.co/DcscFcf9sI","1928690818543386900","https://pbs.twimg.com/media/GsQWE4maMAAYzv6.jpg","","in","","1","0","0","https://x.com/undefined/status/1928690818543386900","1868567668321841152",
"1928510891890180312","Sat May 31 05:49:56 +0000 2025","0","@gupiizzy_ Ada banyak mapnya kya berkebun mendaki gunung dll","1928690386077180066","","gupiizzy_","in","","0","1","0","https://x.com/undefined/status/1928690386077180066","1151026337315819522",
"1928690219718426690","Sat May 31 05:49:16 +0000 2025","0","yok bisa habis ini ngegym terus naik gunung https://t.co/Mvqj460vUV","1928690219718426690","https://pbs.twimg.com/media/GsQVTXUaMAAHIPX.jpg","","in","","0","0","0","https://x.com/undefined/status/1928690219718426690","1511723685400686597",
"1928688946965299486","Sat May 31 05:45:58 +0000 2025","0","*Gunung nyungcung damn ijbol.","1928689390202585358","","Stoicnair","in","","0","0","0","https://x.com/undefined/status/1928689390202585358","1919645390976253955",
"1928667669798031822","Sat May 31 05:45:25 +0000 2025","0","@Spiderwots616 @dyoPrabw023_ kemarin udah nanya in buat war VC tinggal tunggu waktu aja sih om dyo turun gunung entar tau tau aja dia nge dm ngajakin ke FX wkwkwk","1928689250226286763","","Spiderwots616","in","","0","1","0","https://x.com/undefined/status/1928689250226286763","1121720930",
"1928688964665254012","Sat May 31 05:44:17 +0000 2025","0","Kenalin Salzburger Nockerl dessert khas kota Salzburg Austria yang bentuknya unik kayak tiga gunung kecil. #Loungepedia #ReadinPeace #Salzburg #SalzburgerNockerl #kuliner #food https://t.co/QgwDMoBFEb","1928688964665254012","","","in","","0","0","0","https://x.com/undefined/status/1928688964665254012","1767601010804137984",
"1928688946965299486","Sat May 31 05:44:12 +0000 2025","0","Gunung nyuncung sama yaude deh yaude ngetik aja ketawa ketiwi.","1928688946965299486","","","in","","0","1","0","https://x.com/undefined/status/1928688946965299486","1919645390976253955",
"1928688547101388986","Sat May 31 05:42:37 +0000 2025","0","sibuk itu boong!?!?! buktinya pacarku naik gunung aja masih bisa vc hehehe https://t.co/DhWqYYvul5","1928688547101388986","https://pbs.twimg.com/media/GsQT4R6aMAAPmOk.jpg","","in","","1","0","0","https://x.com/undefined/status/1928688547101388986","1803304439249510405",
"1928688480944558129","Sat May 31 05:42:21 +0000 2025","0","ajakin mendaki gunung dong","1928688480944558129","","","in","","0","2","0","https://x.com/undefined/status/1928688480944558129","1309856738284195840",
"1928685630747275421","Sat May 31 05:41:51 +0000 2025","0","@pakar_ai Mempertajam aliran regionalism alam Pacitan dengan gunung dan debu terik mataharinya","1928688352217141614","","pakar_ai","in","","0","0","0","https://x.com/undefined/status/1928688352217141614","888855907",
"1928667669798031822","Sat May 31 05:41:45 +0000 2025","0","@itsme_Bertus @dyoPrabw023_ nih susah banget diajak turun gunung wkwkw","1928688330058658217","","itsme_Bertus","in","","0","2","0","https://x.com/undefined/status/1928688330058658217","247135071",
"1928656480380625193","Sat May 31 05:39:53 +0000 2025","0","@wwdkjh @sooolays Hiatus dulu kakk kalo naik gunung","1928687860875481446","","wwdkjh","in","","0","0","0","https://x.com/undefined/status/1928687860875481446","1583659550754107394",
"1928452165242085463","Sat May 31 05:39:08 +0000 2025","0","@cobeh2022 Berbahaya??? Duh g lama lagi...","1928687669569102320","","cobeh2022","in","","0","0","0","https://x.com/undefined/status/1928687669569102320","1701624074877984768",
"1928687544331546877","Sat May 31 05:38:38 +0000 2025","0","tawarin peralatan naik gunung dong","1928687544331546877","","","in","","0","2","0","https://x.com/undefined/status/1928687544331546877","1551886659376992256",
"1928627303837265966","Sat May 31 05:38:33 +0000 2025","3","@RWWReborn Depannya sih dilindungin dgn gun shield tebel tp samping kiri kanan kok kayak karoseri gunung mas atau madiun ya? Sama aja kalo dibredelin pake LMG jadi ayam geprek itu gunner didalamnya.","1928687522512527403","","RWWReborn","in","","0","1","0","https://x.com/undefined/status/1928687522512527403","566229882",
"1928687484680155430","Sat May 31 05:38:24 +0000 2025","0","Ada yaitu tiap minta duid sama bapake pa bagi duit donk sekian buat iniitu ( konteksnya gak penting banget ) ‍nanti yaaa nunggu tanah bapa laku dulu tanah yg dimna emang ‍ itu gunung gede punya bapa","1928687484680155430","","","in","","0","1","0","https://x.com/undefined/status/1928687484680155430","1077958916921683968",
"1928667669798031822","Sat May 31 05:37:57 +0000 2025","0","@Spiderwots616 kalo lagi turun gunung dikasih tempa enak gini bisa bikin keterusan ","1928687373237592395","","Spiderwots616","in","","0","1","0","https://x.com/undefined/status/1928687373237592395","1121720930",
"1928672950389191080","Sat May 31 05:37:43 +0000 2025","0","@SFT02MATTHEW SERUUUU METT main deh. tower yg biasa juga seru gunung juga seruuu","1928687314831601906","","xSFT02MATTHEW","in","","0","1","0","https://x.com/undefined/status/1928687314831601906","1437683197605597185",
"1928687268182561100","Sat May 31 05:37:32 +0000 2025","1"," Lebih mudah mengubah gunung menjadi debu daripada menanamkan cinta di hati yang dipenuhi dengan kebencian. -Ali bin Abi Thalib-","1928687268182561100","","","in","","0","0","0","https://x.com/undefined/status/1928687268182561100","1516160550962892802",
"1927310803704660130","Sat May 31 05:37:12 +0000 2025","0","@arvmcengkeh @ameliaditha1405 @Susantuyyy @MurtadhaOne1 Gausah diladenin kk wkwkwk","1928687183159820526","","arvmcengkeh","in","","0","0","0","https://x.com/undefined/status/1928687183159820526","1937070296",
"1928604941117174255","Sat May 31 05:36:27 +0000 2025","0","@txtdrjkt Bagus lah gw juga mulai biasain tp mesti nurunin BB dulu karena masih obes hehe Kalo ga sering cedera di kaki ntar. Target sih pengen bisa muncak ke gunung lagi kyk dulu","1928686992964886736","","txtdrjkt","in","","0","0","0","https://x.com/undefined/status/1928686992964886736","2485047416",
"1928686992620929530","Sat May 31 05:36:26 +0000 2025","0","Tragedi memilukan ini terjadi Jumat pagi (30/5/2025) pukul 09.30 WIB saat aktivitas tambang Galian C masih berjalan. https://t.co/XFAlphgJzH","1928686992620929530","","","in","","0","0","0","https://x.com/undefined/status/1928686992620929530","1404018642",
"1928317584145010758","Sat May 31 05:36:26 +0000 2025","0","@DokterTifa Itu ga beda dok. Sama. Sama2 jelek.","1928686992113504589","","DokterTifa","in","","0","0","0","https://x.com/undefined/status/1928686992113504589","1701624074877984768",
"1928686822923686140","Sat May 31 05:35:46 +0000 2025","0","Jam 8 pagi masih di gunung Jam 12san udh di tebet aja Sehat² ya badan month end https://t.co/qddTt47bgk","1928686822923686140","https://pbs.twimg.com/media/GsQSb8IaMAEwnKG.jpg","","in","","0","0","0","https://x.com/undefined/status/1928686822923686140","3320149122",
"1928686620015841633","Sat May 31 05:34:58 +0000 2025","0","kenapa engga?? aku baik effortnya jg mantep kalo ngilang paling tidur kalo ga naik gunung lucu ga kehabisan topik jd ngobrol apapun bisa nyambung cakep (dikit) g nuntut apa apa g suka kasar ke pasangan","1928686620015841633","","","in","","0","1","0","https://x.com/undefined/status/1928686620015841633","1752591141177012224",
"1928686539447443490","Sat May 31 05:34:38 +0000 2025","1","Ingat di atas gunung masih ada rumput vila restoran karaokean DLL https://t.co/75IehBfBTc","1928686539447443490","https://pbs.twimg.com/media/GsQSLcWaMAMK1lk.jpg","","in","","0","0","0","https://x.com/undefined/status/1928686539447443490","1779194894017564672",
"1928669053167497530","Sat May 31 05:22:27 +0000 2025","0","@WEBCOMICFESS gaboleh. aku umur sebulan udah bisa mindahin gunung","1928683471523733667","","WEBCOMICFESS","in","","0","0","0","https://x.com/undefined/status/1928683471523733667","1566502072715190272",
"1928683297632059420","Sat May 31 05:21:46 +0000 2025","0","wtb celana cargo dan outfit buat naik gunung pliss tas sepatu topi juga bolehh","1928683297632059420","","","in","","0","11","0","https://x.com/undefined/status/1928683297632059420","1249326247852691457",
"1921432677002949046","Sat May 31 05:21:33 +0000 2025","0","gunung kelud https://t.co/yaGeCv3ZAJ","1928683245337559139","https://pbs.twimg.com/media/GsQPMMabMAAZWxS.jpg","harcrystyles","in","","0","1","0","https://x.com/undefined/status/1928683245337559139","1003210566423363584",
"1928528321597296963","Sat May 31 05:21:12 +0000 2025","0","@kt2602__ naik gunung?","1928683155424251967","","urnonchxlant","in","","0","1","0","https://x.com/undefined/status/1928683155424251967","1290727586474029056",
"1928682854122189223","Sat May 31 05:20:00 +0000 2025","1","Gubernur Dedi Mulyadi Blak-blakan Minta Pengelola Tambang Gunung Kuda Tanggung Jawab https://t.co/9s6DHcvgy7","1928682854122189223","","","in","","0","0","1","https://x.com/undefined/status/1928682854122189223","71436318",
"1927305154253967700","Sat May 31 05:19:58 +0000 2025","0","Celana paskal Lp 76 Pjg 103 Lebar paha 29 Open leg 25 Size 27-28-29 Bahan chinos canvas Warna soft pink ada hint peachy sdkit Ada tali serut bgian smping bwh Good condi Bisa buat tektok gunung tipis2 casual main ngonser outfit skena 50k https://t.co/wfSOES94XB","1928682846014607401","https://pbs.twimg.com/media/GsQO0WVbQAAu9Yb.jpg","anothernura","in","","1","2","0","https://x.com/undefined/status/1928682846014607401","1809451654326153217",
"1928682795586461841","Sat May 31 05:19:46 +0000 2025","0","lesgoww gunung kidul","1928682795586461841","","","in","","0","5","0","https://x.com/undefined/status/1928682795586461841","1042431656135602176",
"1928681320541999184","Sat May 31 05:19:21 +0000 2025","0","yang nyetelin mamaku fun fact aja selain Andromeda Shun. ni Minky Momo juga dimasukin ke list inspirasi nama anak. tapi ujung ujungnya pake nama karakter radio minsteri gunung merapi ","1928682692712767930","","chainedbubble","in","","0","0","0","https://x.com/undefined/status/1928682692712767930","1564985510124081153",
"1928682559585534019","Sat May 31 05:18:50 +0000 2025","221","Media asal India The New Indian Express melaporkan bahwa longsor yang terjadi di Gunung Kuda Cirebon sebenarnya dioperasikan oleh perusahaan yang legal. ~MD #Longsor #GunungKuda https://t.co/Y5GkAHQfpo","1928682559585534019","","","in","","4","13","79","https://x.com/undefined/status/1928682559585534019","23343960",
"1928682407701389471","Sat May 31 05:18:13 +0000 2025","0","Fyp gua naik gunung semua pengen dah","1928682407701389471","","","in","","0","2","0","https://x.com/undefined/status/1928682407701389471","757214617659645953",
"1928655157203542240","Sat May 31 05:17:56 +0000 2025","0","@bwuronan Oh selama ini gunung yg nampak dari jendela tiap pagi bangun tidur itu ternyata","1928682334422790471","","bwuronan","in","","0","0","0","https://x.com/undefined/status/1928682334422790471","1547874510941999106",
"1928682238025015534","Sat May 31 05:17:33 +0000 2025","0","Longsor di Gunung Kuda Polda Jabar Dalami Dugaan Kelalaian Dalam Operasional Tambang https://t.co/J8UbGKSRo3","1928682238025015534","","","in","","0","0","0","https://x.com/undefined/status/1928682238025015534","2544978158",
"1928628717565198801","Sat May 31 05:16:15 +0000 2025","0","@Kleponyejun Aduh semedi ke gunung dulu kalau gitu","1928681910223491161","","Kleponyejun","in","","0","0","0","https://x.com/undefined/status/1928681910223491161","3156089616",
"1928681900752969735","Sat May 31 05:16:12 +0000 2025","2","Gimana kalo besok mendaki ke gunung catur?","1928681900752969735","","","in","","0","2","0","https://x.com/undefined/status/1928681900752969735","2396802132",
"1928616199874617553","Sat May 31 05:15:45 +0000 2025","0","@nosurpriseus Harii ini gue udah main obby sama mendaki gunung rinjani wkwkwk btw kapan kita mabar go?","1928681784276926567","","nosurpriseus","in","","0","1","0","https://x.com/undefined/status/1928681784276926567","902776582275825668",
"1928681735497109603","Sat May 31 05:15:33 +0000 2025","0","11 Korban Longsor Tambang Gunung Kuda Belum Ditemukan https://t.co/JOEm0dFtUd","1928681735497109603","","","in","","0","0","0","https://x.com/undefined/status/1928681735497109603","1578222594",
"1928347379578851840","Sat May 31 05:15:14 +0000 2025","0","@mementertaiment Jadi ingin rasanya berjodoh sama anak gunung gubuk sederhana nyaman aman dgn 2 anak cukup dan sepetak kebun ditanami sayur yg sehat. ","1928681653435523228","","mementertaiment","in","","0","0","0","https://x.com/undefined/status/1928681653435523228","1775981392108896256",
"1928681532115292380","Sat May 31 05:14:45 +0000 2025","1","Bukan hanya pak tri sutrisno mantan wapres beserta purnawirawan jendral yang turun gunung kini mantan presiden pun sudah mulai gerah menyaksikan situasi negri ini yang di porak porandakan https://t.co/gPnuhsP9nY","1928681532115292380","","","in","","0","0","1","https://x.com/undefined/status/1928681532115292380","1455796854650638340",
"1928430446552977469","Sat May 31 05:14:41 +0000 2025","0","@kentutbrdahak_ @BaseBDG Sukanya gunung cuma pantai lbh mudah di akses jdlah ke pantai","1928681518852894987","","kentutbrdahak_","in","","0","0","0","https://x.com/undefined/status/1928681518852894987","1078227245989122048",
"1928681509122117976","Sat May 31 05:14:39 +0000 2025","1","#mitigasi erupsi gunung illi Lewotolok sejak 28/5. https://t.co/lrNlUDelxQ","1928681509122117976","https://pbs.twimg.com/media/GsQNmxybgAAPxJu.jpg","","in","","0","0","0","https://x.com/undefined/status/1928681509122117976","46523425",
"1928681427563934128","Sat May 31 05:14:20 +0000 2025","0","Longsor Gunung Kuda Cirebon 10 Jenazah Dievakuasi ke RS Arjawinangun https://t.co/0RWp4Q5P1E","1928681427563934128","","","in","","0","0","0","https://x.com/undefined/status/1928681427563934128","154102750",
"1928674619940098423","Sat May 31 05:13:53 +0000 2025","0","@japotacheese gunung ap","1928681317253677225","","japotacheese","in","","0","1","0","https://x.com/undefined/status/1928681317253677225","1868211240826540032",
"1928680551948648777","Sat May 31 05:10:51 +0000 2025","0","Video: Longsor Tambang Batu Gunung Kuda Cirebon 14 Orang Tewas https://t.co/qodI3DJMST","1928680551948648777","","","in","","0","0","0","https://x.com/undefined/status/1928680551948648777","847372542830444544",
"1928680271173530046","Sat May 31 05:09:44 +0000 2025","1","pengalaman naik gunung pertama (gunung gede via putri) yg bikin salut liat para cewe2 masih bisa makeup tebel2 udh gitu sempetnya touchup","1928680271173530046","","","in","","0","0","0","https://x.com/undefined/status/1928680271173530046","1081795043764068352",
"1928672362423357831","Sat May 31 05:09:38 +0000 2025","0","@xxxdntcallme @pinecwan gunung indo aja te nyaman","1928680245332226476","","xxxdntcallme","in","","0","0","0","https://x.com/undefined/status/1928680245332226476","1298864999666868225",
"1928512826823348553","Sat May 31 05:09:33 +0000 2025","13","@bakuldimsum_ Ini bkn harga makelar ya ini harga lgsg dri ibu kos tp dibisikin sm makelar spy ga ngerusak harga pasar. Thn 2022 tuh heboh bgt lumayan susah jg byat nyari yg harga murah krn harus naik gunung lg dikit keatas... Krn aku ga bisa naik motor gabisa jaug2 dri kampus","1928680226357178593","","kertoffu","in","","0","0","0","https://x.com/undefined/status/1928680226357178593","1239943767693471744",
"1928673976332726737","Sat May 31 05:09:29 +0000 2025","0","@chalyaaat fokus mnikmati gunung beneran ga sempet nimatin gunung yg kembar","1928680206782668915","","chalyaaat","in","","0","1","0","https://x.com/undefined/status/1928680206782668915","1801193686027620352",
"1928676749933519097","Sat May 31 05:08:31 +0000 2025","0","@Clynnophile Bahkan papih Hansel sampe turun gunung ya.","1928679964070601181","","","in","","0","1","0","https://x.com/undefined/status/1928679964070601181","1631583716194791424",
"1928679727058874662","Sat May 31 05:07:34 +0000 2025","1","#mitigasi gunung dukono. https://t.co/eLJ5qm15ek","1928679727058874662","https://pbs.twimg.com/media/GsQL_HUaMAA24XH.jpg","","tl","","0","0","0","https://x.com/undefined/status/1928679727058874662","46523425",
"1928429975029297572","Sat May 31 05:04:34 +0000 2025","0","@frsbchtr @Raden__Ontoseno Hooo.. Tp yg twit cosplay gunung brapi kan dia https://t.co/kzUT5PZR4d","1928678971077476688","","frsbchtr","in","","0","0","0","https://x.com/undefined/status/1928678971077476688","1719406838100447232",
"1928660109539918284","Sat May 31 05:03:45 +0000 2025","0","@w_yirens pasti lagi di gunung","1928678767276310899","","daailuwa","in","","0","1","0","https://x.com/undefined/status/1928678767276310899","1720274131693031424",
"1928678702662955018","Sat May 31 05:03:30 +0000 2025","1","Sebanyak 14 korban meninggal akibat insiden longsor di tambang galian Gunung Kuda Desa Cipanas Kecamatan Dukupuntang Kabupaten Cirebon Jawa Barat telah berhasil dievakuasi dan teridentifikasi. - - #korban #longsortambang #bogor #mdkan https://t.co/Uy4KmNNUpA","1928678702662955018","https://pbs.twimg.com/media/GsQK_pCaMAMQu5z.jpg","","in","","0","3","0","https://x.com/undefined/status/1928678702662955018","456426648",
"1928678651433988478","Sat May 31 05:03:18 +0000 2025","84","Berdasarkan data dari BPBD (Badan Penanggulangan Bencana Daerah) Provinsi Jawa Barat jumlah korban meninggal akibat longsor di lokasi tambang Gunung Kuda telah mencapai 14 orang tim masih mencari sejumlah orang yang diduga masih tertimbun. Kepala Dinas Energi dan Sumber Daya https://t.co/jJdj9MUAdq","1928678651433988478","https://pbs.twimg.com/amplify_video_thumb/1928678475625631744/img/iI81ZHtAlKzuJLqG.jpg","","in","","8","10","44","https://x.com/undefined/status/1928678651433988478","1158355819512991747",
"1928674344856879300","Sat May 31 05:03:14 +0000 2025","1","@exhalesong Mostly jalan2 desa (yg kanan kirinya sawah) di purworejo viewnya kek gini kak kalo clear. Keliatan gunung sindoro &amp; sumbing kanan lagi bisa keliatan merapi. Kalo yg difotoku ini di kec ngombol","1928678635415683288","","exhalesong","in","","0","1","0","https://x.com/undefined/status/1928678635415683288","1055029313978818561",
"1928678587751624831","Sat May 31 05:03:03 +0000 2025","0","Suhunya AKB48 turun gunung semua ini ","1928678587751624831","","","in","","0","0","0","https://x.com/undefined/status/1928678587751624831","4713964334",
"1924419888028000708","Sat May 31 05:01:43 +0000 2025","0","@wocngravee Kalau lava gunung kejunya pizza domino sih enak kok :3","1928678252547101069","","wocngravee","in","","0","1","0","https://x.com/undefined/status/1928678252547101069","1946561466",
"1928678023110213835","Sat May 31 05:00:48 +0000 2025","0","tuh gunung dari jaman gua bocil aja udah gundul msih di pake smpe sekarang gimana ga longsor","1928678023110213835","","","in","","0","0","0","https://x.com/undefined/status/1928678023110213835","1717182936452341760",
"1928038263865970912","Sat May 31 05:00:19 +0000 2025","1","@source101comedy @Kakak211 @FaktaBerita89 @PaijoKhentirrr @SingaporePolice @DubaiPoliceHQ @UAEmediaoffice @BahrainEmbKSA @FBI @WhiteHouse @Seoul_gov @MOJ_IMMI @ICEgov Mau kamu bully lagi? Fenomena korban bocil krn beda agama ini spt puncak gunung es. Banyak kasus terjadi tak terliput media. Pemaksaan jilbab oleh sekolah di Sumbar itu juga termasuk bagian dari kafir no muslim yes .","1928677903115366561","","source101comedy","in","","0","2","0","https://x.com/undefined/status/1928677903115366561","1636096107150479360",
"1928677298133414237","Sat May 31 04:57:55 +0000 2025","0","Update Bencana Tambang Longsor Gunung Kuda Cirebon: 14 Orang Tewas 8 Lainnya Dilaporkan Hilang https://t.co/an2q3lBFtN","1928677298133414237","","","in","","0","0","0","https://x.com/undefined/status/1928677298133414237","224154229",
"1928676992347525512","Sat May 31 04:56:42 +0000 2025","0","kak aca lagi shooting di gunung seru banget?????????????","1928676992347525512","","","in","","1","0","0","https://x.com/undefined/status/1928676992347525512","4737574796",
"1928676743134556299","Sat May 31 04:55:43 +0000 2025","0","Longsor Tambang Gunung Kuda Tewaskan 14 Orang Tim SAR Lanjut Cari Korban yang Masih Tertimbun https://t.co/IohzczysED","1928676743134556299","","","in","","0","0","0","https://x.com/undefined/status/1928676743134556299","1578222594",
"1928676527614448029","Sat May 31 04:54:51 +0000 2025","0","balikin silver-haired mingi aku rela daki gunung lewatin lembah utk ini","1928676527614448029","","","in","","0","0","0","https://x.com/undefined/status/1928676527614448029","1187600830133784581",
"1928676319966974310","Sat May 31 04:54:02 +0000 2025","0","Update Longsor Tambang Gunung Kuda: 7 Truk Dievakuasi hingga Korban Hilang Jadi 11 Orang https://t.co/6aCRNcFv98","1928676319966974310","","","in","","0","0","0","https://x.com/undefined/status/1928676319966974310","132078023",
"1928449842998841793","Sat May 31 04:53:52 +0000 2025","0","@MasMasBiassaa Pernah lewat jalan ini lumayan sepi bisa foto ditengah jalan dgn background gunung Sindoro","1928676277285765312","","MasMasBiassaa","in","","0","0","0","https://x.com/undefined/status/1928676277285765312","1428903790636240899",
"1928305372059824586","Sat May 31 04:53:09 +0000 2025","0","@bitouv loalah lagi mendaki rupanya ayo segera turun gunung eyisss","1928676096427299071","","bitouv","in","","0","1","0","https://x.com/undefined/status/1928676096427299071","323740707",
"1928676022330802666","Sat May 31 04:52:52 +0000 2025","0","diakses melalui tautan berikut: https://t.co/mkARFzQUtd Aktivitas Gunung Merapi saat ini SIAGA (Level III). Tetap patuhi rekomendasi yaa #AktivitasMerapi #SiagaMerapi #MerapiSiaga sejak 5 November 2020 #aktivitasmerapi #siagamerapi [2/2] https://t.co/xdFkvdclAE","1928676025887535537","https://pbs.twimg.com/media/GsQIfQ1aMAQaoPE.jpg","badangeologi_","in","","0","0","0","https://x.com/undefined/status/1928676025887535537","833912055614758912",
"1928676022330802666","Sat May 31 04:52:51 +0000 2025","1","Halo Warga Merapi Berikut kami sampaikan Laporan Aktivitas G. Merapi Tanggal 23 Mei - 29 Mei 2025 Untuk mengikuti perkembangan aktivitas Gunung Merapi terkini dapat dilihat pada tautan berikut: https://t.co/nKhqfvfBnz untuk informasi pesan siaran WhatsApp Badan Geologi bisa [1/2] https://t.co/6AbC2Nr7SW","1928676022330802666","https://pbs.twimg.com/media/GsQIY42aMAEIraT.jpg","","in","","0","1","2","https://x.com/undefined/status/1928676022330802666","833912055614758912",
"1928675871889433054","Sat May 31 04:52:15 +0000 2025","0","pingin tinggal di kaki gunung terus berkebun pelihara kucing enaknya dimana yaa tak jadiin hombes","1928675871889433054","","","in","","0","4","0","https://x.com/undefined/status/1928675871889433054","1683209749",
"1928675645376311410","Sat May 31 04:51:21 +0000 2025","0","aduh pgen ngereply storynya tp gengsi setinggi puncak gunung everest","1928675645376311410","","","in","","0","0","0","https://x.com/undefined/status/1928675645376311410","1248562651287785473",
"1928604684886897128","Sat May 31 04:50:04 +0000 2025","0","@souranex Mendaki gunung apalagi jeng","1928675322112737542","","souranex","in","","0","1","0","https://x.com/undefined/status/1928675322112737542","1445403206226530314",
"1928675165744873793","Sat May 31 04:49:27 +0000 2025","1","ini chromebook itu ya wkwk emang gila dengan spek segitu fitur terbatas tapi harganya gila gilaan gw cuman ngebatin waktu dikasih tau harganya mahal ini mah kayak puncak gunung es di pendidikan mah banyak praktik korup yg kayak udah jadi hal normal ","1928675165744873793","","","in","","0","0","0","https://x.com/undefined/status/1928675165744873793","1027919528959733760",
"1928665727772266619","Sat May 31 04:48:36 +0000 2025","0","@Rifkiimam4 ini di gunung rinjani ya","1928674954029183302","","Rifkiimam4","in","","0","1","0","https://x.com/undefined/status/1928674954029183302","1211713790498103297",
"1928674636973117771","Sat May 31 04:47:21 +0000 2025","1","jgn bilang bunda kalo aku naik gunung https://t.co/Qiumxm3xal","1928674636973117771","https://pbs.twimg.com/media/GsQHXD9aMAAwsfO.jpg","","in","","0","2","0","https://x.com/undefined/status/1928674636973117771","2416953847",
"1928591835196436548","Sat May 31 04:46:29 +0000 2025","0","@exsipient Pasti sejuk ya kalo bisa naik gunung gini","1928674422132457748","","exsipient","in","","0","1","0","https://x.com/undefined/status/1928674422132457748","1813749212045348864",
"1928674257401426038","Sat May 31 04:45:50 +0000 2025","0","Seumur-umur baru pertama kali lewat halimun ya Allah jalanannya jelek bgt di gunung bunder","1928674257401426038","","","in","","0","0","0","https://x.com/undefined/status/1928674257401426038","303049563",
"1928674139876786359","Sat May 31 04:45:22 +0000 2025","0","jyakh latihan buat trekking di gunung kali ah","1928674139876786359","","","in","","0","0","0","https://x.com/undefined/status/1928674139876786359","279846240",
"1928673331022098765","Sat May 31 04:45:13 +0000 2025","0","@JVLEHA Gunung Salak?","1928674102409113707","","JVLEHA","in","","0","1","0","https://x.com/undefined/status/1928674102409113707","19759844",
"1928674050257084845","Sat May 31 04:45:01 +0000 2025","0","Polda Jabar Telusuri Kelalaian Operasional Tambang Gunung Kuda yang Tewaskan Belasan Orang https://t.co/okDUAE7K2D","1928674050257084845","","","in","","0","0","0","https://x.com/undefined/status/1928674050257084845","1578222594",
"1928673907612987545","Sat May 31 04:44:27 +0000 2025","0","Rekomendasi 5 motor matic terbaik untuk tanjakan. Cocok untuk naik gunung tanpa nyeret! Ada Yamaha X-Ride ADV 160 NMAX hingga Vario 160. https://t.co/LbSN150FmT","1928673907612987545","","","in","","0","0","0","https://x.com/undefined/status/1928673907612987545","1404018642",
"1928088696567517232","Sat May 31 04:43:50 +0000 2025","0","@ferizandra Goblok aja tuh yg bacot. Mana ada anak sapi yg tingginya 185 padahal tiap hari minum susu berliter2....wkwkwk....","1928673753493393762","","ferizandra","in","","0","0","0","https://x.com/undefined/status/1928673753493393762","1701624074877984768",
"1928673624476569668","Sat May 31 04:43:19 +0000 2025","29","Lucunya tim patroli gunung ini aku suka aku suka https://t.co/JSgN5bHfG2","1928673624476569668","https://pbs.twimg.com/media/GsQGbutaMAMnVK9.jpg","","in","","0","0","4","https://x.com/undefined/status/1928673624476569668","927519814645555201",
"1928482885972975868","Sat May 31 04:43:18 +0000 2025","0","@carsjebgail Sok keras di PANGGUNG ternyata PENGECUT diatas GUNUNG","1928673621037191679","","carsjebgail","in","","0","0","0","https://x.com/undefined/status/1928673621037191679","1560424533072695296",
"1928673332271997270","Sat May 31 04:42:10 +0000 2025","0","ini kok orang-orang pada udah sampe di puncak gunung semua sih ","1928673332271997270","","","in","","0","0","0","https://x.com/undefined/status/1928673332271997270","1226407599576252416",
"1928673331022098765","Sat May 31 04:42:09 +0000 2025","5","Tebak gunung https://t.co/EOV4CD9XBe","1928673331022098765","https://pbs.twimg.com/media/GsQGKxeboAAnp1o.jpg","","in","","0","6","0","https://x.com/undefined/status/1928673331022098765","181896677",
"1928270854565024011","Sat May 31 04:42:03 +0000 2025","0","@kafiradikalis @Rizieq_Sangean Wkwkwk....bilang toleran... org laen disuruh hormati perayaannya...giliran ada yg sdg ibadah disuruh ngikuti aturan dia jg... songong emg","1928673304270770340","","kafiradikalis","in","","0","0","0","https://x.com/undefined/status/1928673304270770340","1701624074877984768",
"1928673275988594855","Sat May 31 04:41:56 +0000 2025","0","Kronologi Kejadian Longsor Timbun Penambang dan Kendaraan di Batu Gunung Kuda Cirebon https://t.co/tIGikbbh10 lewat @WartaKepri.co.id","1928673275988594855","","","in","","0","0","0","https://x.com/undefined/status/1928673275988594855","4401199034",
"1928364526170427564","Sat May 31 04:41:52 +0000 2025","0","@taqipun samperin kali ya dia lagi naik gunung ungaran tuh di semarang","1928673257299083500","","taqipun","in","","0","1","0","https://x.com/undefined/status/1928673257299083500","1533302343160107008",
"1928673115942391809","Sat May 31 04:41:18 +0000 2025","0","Dipimpin Bung Sarja Pengukuhan Pengurus KOK Gunung Kaler Dikukuhkan https://t.co/fK4N7PiMUG","1928673115942391809","","","in","","0","0","0","https://x.com/undefined/status/1928673115942391809","145847759",
"1928672950389191080","Sat May 31 04:40:39 +0000 2025","0","#. niat hati mau namatin gunung sunda di roblox mau buat konten esport bulan depan. GA EKSPEK MALAH DIKEJAR POCI kenapa jd ada jamsker.a bjil lemes ","1928672950389191080","","","in","","1","2","0","https://x.com/undefined/status/1928672950389191080","1437683197605597185",
"1928672896886649039","Sat May 31 04:40:26 +0000 2025","0","Tambang Galian Gunung Kuda Cirebon Longsor 10 Pekerja Tewas https://t.co/BB4mQWvQnx","1928672896886649039","","","in","","0","0","0","https://x.com/undefined/status/1928672896886649039","916530767156568069",
"1928672757069525248","Sat May 31 04:39:52 +0000 2025","0","12.40 Pantauan lalin sekitar Gunung Nona terlihat lancar. Tetap gunakan sabuk pengaman saat berkendara. *gb #CCTVDiskominfoMKS #lalinmks https://t.co/2QRyTXCL3H","1928672757069525248","https://pbs.twimg.com/media/GsQFlAXaMAIjnW0.jpg","","in","","0","0","0","https://x.com/undefined/status/1928672757069525248","2476319472",
"1928672691394904556","Sat May 31 04:39:37 +0000 2025","0","13 orang ditemukan tewas akibat longsor di tambang galian C Gunung Kuda Cirebon Jawa Barat Jumat (30/5) kemarin. Dari 13 korban meninggal dunia 5 diantaranya masih dalam proses identifikasi. Longsor juga menimbun 3 unit alat berat ekskavator dan 6 unit mobil truk. #longsor https://t.co/lI32q84pJ4","1928672691394904556","https://pbs.twimg.com/media/GsQFlaJaMAMkYHW.jpg","","in","","0","0","0","https://x.com/undefined/status/1928672691394904556","1431093872835235843",
"1928672636499796176","Sat May 31 04:39:24 +0000 2025","2","Gunung bokong done! waktunya hibernasi ","1928672636499796176","","","in","","0","0","0","https://x.com/undefined/status/1928672636499796176","1205847073913851907",
"1928641968126701587","Sat May 31 04:38:00 +0000 2025","0","@padulz Masuk akal klo beliknya di Gunung Kidul / Kulon progo non perumahan &amp; dikampung klo bandingin Jkt aple to aple ya Jakarta prov mr. DIY jg prov ","1928672285294211124","","padulz","in","","0","1","0","https://x.com/undefined/status/1928672285294211124","1250802129612111872",
"1928631898235970023","Sat May 31 04:37:43 +0000 2025","0","@kkedinginan gunung naon","1928672212216852540","","kkedinginan","tl","","0","1","0","https://x.com/undefined/status/1928672212216852540","1718337301582082048",
"1928595092945920327","Sat May 31 04:37:16 +0000 2025","0","Kepala Pelaksana BPBD Provinsi Jawa Barat Teten Ali Mulku Engkun mengatakan hingga pukul 11.00 WIB masih dilakukan pencarian korban yang dilaporkan hilang pada peristiwa longsor tambang batu Gunung Kuda Desa Cipanas. 3 unit kendaraan truk dan 1 unit ekskavator. Sementara itu https://t.co/w6HkI0prL4","1928672100254101761","https://pbs.twimg.com/media/GsQEjRWaQAAwHOF.jpg","RadioElshinta","in","","0","1","0","https://x.com/undefined/status/1928672100254101761","121640063",
"1928647948981682408","Sat May 31 04:36:50 +0000 2025","0","@zakiberkata Cerah bgt jemur sejam doank udh kering. Masuk kamar mandi isi bak aernya anget dr toren. Dikaki gunung padahal ","1928671991818551775","","zakiberkata","in","","0","0","0","https://x.com/undefined/status/1928671991818551775","1837344189409021952",
"1928671541912359049","Sat May 31 04:36:31 +0000 2025","0","@MilesYuke Gunung mana bang?","1928671910860304630","","milesyuke","tl","","0","2","0","https://x.com/undefined/status/1928671910860304630","1197572462096969728",
"1928484567318487432","Sat May 31 04:33:03 +0000 2025","9","@fajarnugros pensiun apaan bentar bentar turun gunung","1928671038147117211","","fajarnugros","in","","0","0","0","https://x.com/undefined/status/1928671038147117211","1603953552845864962",
"1928591835196436548","Sat May 31 04:31:25 +0000 2025","0","@exsipient Wahh jadi kangen naik gunung gw. Kangen udara hutan","1928670627130650928","","exsipient","in","","0","1","0","https://x.com/undefined/status/1928670627130650928","538778037",
"1928133125806137400","Sat May 31 04:19:41 +0000 2025","0","@PineksoRoyi1 @madisnur Nyi roro kidul lg ngalor","1928667677725180415","","PineksoRoyi1","in","","0","0","0","https://x.com/undefined/status/1928667677725180415","1701624074877984768",
"1928654514703270344","Sat May 31 04:19:29 +0000 2025","0","@OmJ_JeNggot ini gunung yang sangat bersejarah dan berpengaruh dalam agama Islam","1928667626349408568","","OmJ_J3Nggott","in","","0","0","0","https://x.com/undefined/status/1928667626349408568","43486890",
"1928667368768540674","Sat May 31 04:18:28 +0000 2025","0","makanya kalo naik gunung latihan fisik dulu ","1928667368768540674","","","in","","0","0","0","https://x.com/undefined/status/1928667368768540674","1889153406201393152",
"1928665727772266619","Sat May 31 04:17:45 +0000 2025","0","@fitriiiiy_ di danau segara anak gunung rinjani","1928667189055193227","","fitriiiiy_","in","","0","0","0","https://x.com/undefined/status/1928667189055193227","1118523391139434496",
"1928667131958473114","Sat May 31 04:17:31 +0000 2025","0","Liburan Murah Meriah di Kaki Gunung Sawal https://t.co/RxaHL0GyGk","1928667131958473114","","","in","","0","0","0","https://x.com/undefined/status/1928667131958473114","240113510",
"1928363297688146234","Sat May 31 04:16:37 +0000 2025","3","@yourbae Gunung Myoboku bang bagus ada melukatnya https://t.co/qsfyp6LPnT","1928666902760767802","https://pbs.twimg.com/tweet_video_thumb/GsQAUSmaMAIyDYL.jpg","yourbae","in","","0","0","0","https://x.com/undefined/status/1928666902760767802","1455403936446222336",
"1928666517853409346","Sat May 31 04:15:05 +0000 2025","0","Beneran kek orang gunung sudah membumi ini lah enaknya punya bias yang wajahnya real","1928666517853409346","","","in","","0","0","0","https://x.com/undefined/status/1928666517853409346","1522701630197669888",
"1928666227951677480","Sat May 31 04:13:56 +0000 2025","42","2 Gunung yang berletak di jawa tengah yaitu gunung sumbing dan merbabu terlihat dari kota jogja. gunung sumbing saya ambil dari Flyover lempuyangan dan gunung merbabu saya ambil dari Jalan Johannes (lebih tepatnya utara galeria mall) foto pertama diambil pada tanggal 29 Mei 2025 https://t.co/VZQpAwWwEZ","1928666227951677480","https://pbs.twimg.com/media/GsP_skLaMAIKmDY.jpg","","in","","0","4","1","https://x.com/undefined/status/1928666227951677480","1279804428724211712",
"1927778256033374220","Sat May 31 04:13:16 +0000 2025","0","@nerdyluc Ya ampuunn nggak nyangka beneran sedekat itu lhooo. Gunung jadi nggak mistis lagi. Jadi rawan dieksploitasi","1928666061018181997","","nerdyluc","in","","0","0","0","https://x.com/undefined/status/1928666061018181997","34274901",
"1928621513563132103","Sat May 31 04:13:13 +0000 2025","0","@addddinaaaaa katanya ke gunung ya anj udah nyiapin cuti ni buat lu","1928666048758247861","","addddinaaaaa","in","","0","0","0","https://x.com/undefined/status/1928666048758247861","1421304957068746757",
"1928665866213654665","Sat May 31 04:12:30 +0000 2025","0","Tersangka pencuri padi Muhammad Rizky 31 tahun warga Desa Serdang Kecamatan Meranti Kabupaten Asahan yang diamankan di Polsek Lima Puluh ternyata telah dibebaskan sehari kemudian. https://t.co/ZeEGJWcPwq #batubara #sumut","1928665866213654665","","","in","","0","0","0","https://x.com/undefined/status/1928665866213654665","1728987951345065984",
"1928665498956226631","Sat May 31 04:11:02 +0000 2025","0","aku mau naik gunung ikut volunteer kitabisa hingga punya paspor terus ke luar negri tahun iniii pokoknya harus bismillah yallaaah mudahkanlah","1928665498956226631","","","in","","0","1","0","https://x.com/undefined/status/1928665498956226631","1201588605371572224",
"1928664384735166777","Sat May 31 04:10:30 +0000 2025","0","@ilysmgongfourz GENGSI NYA SEGEDE GUNUNG ANJ SI ESAN NIH","1928665364650504492","","ilysmgongfourz","in","","0","1","0","https://x.com/undefined/status/1928665364650504492","1548319683077877760",
"1928665128473424179","Sat May 31 04:09:34 +0000 2025","0","Berawal dr obrolan mau beli sepatu trail run trus papa nyautin beli yg murah aja sekali pake turun gunung langsung buang bjirr sama banget ama omongan gw pas turun Cendono papa dulu naik gunung dempo pas turun langsung buang sepatu soalnya dah gabisa dipake","1928665128473424179","","","in","","0","0","0","https://x.com/undefined/status/1928665128473424179","3319626708",
"1928664957874319671","Sat May 31 04:08:53 +0000 2025","0","Dari jam 12-1 malem lewat jalan sini mau ke arah temanggung (?) maps kedut2 doang gara2 gaada sinyal + diomelin bapak karena milih jalan kok meliuk2 gaada ujungnya view depanku gunung gede tinggi banget dan keliatan hitam nangis bgtt diri ini berasa kecyl","1928664957874319671","","","in","","0","1","0","https://x.com/undefined/status/1928664957874319671","1013448678114131968",
"1928664602960900375","Sat May 31 04:07:28 +0000 2025","0","Alasanku nda mau temaniko pi gunung @esteemaniz takukka dikasi gelinding turun","1928664602960900375","","","in","","0","1","0","https://x.com/undefined/status/1928664602960900375","272820626",
"1928664559255998915","Sat May 31 04:07:18 +0000 2025","11","sesusah itu nyari temen cewe buat naik gunung","1928664559255998915","","","in","","0","16","0","https://x.com/undefined/status/1928664559255998915","1736562632021389312",
"1928380704557314253","Sat May 31 04:07:11 +0000 2025","18","@lifeivedei @kimmyroses_ !SPOILER! #1 Ada 6 orang indo (4 cowo 2 cewe) namanya Laras Salsa (seingatku) Adit Rian Yofan Dika. Mereka ber6 rencana ke Jepang buat liburan dan naik gunung Fuji. Rian &amp; Adit pengen bikin vlog karna Rian ini youtuber sedangkan Adit Cameramen. Setelah naik gunung Fuji ","1928664530298475007","","lifeivedei","in","","1","1","3","https://x.com/undefined/status/1928664530298475007","1600008958856810496",
"1928663926427840920","Sat May 31 04:04:47 +0000 2025","1","excited banget karna selain ini pertama kalinya aca naik gunung abun mode mas mas pendaki tuh ganteng banget gila","1928663926427840920","","","in","","0","0","0","https://x.com/undefined/status/1928663926427840920","1926119276865327104",
"1928662041578901543","Sat May 31 04:02:17 +0000 2025","0","@bleknotblak gunung apa ini bleknotblak?","1928663295973638615","","bleknotblak","in","","0","1","0","https://x.com/undefined/status/1928663295973638615","1454097994911916041",
"1928635476434436160","Sat May 31 04:00:48 +0000 2025","0","@Naaasafr_ lah kamu aja masih di gunung","1928662923095712158","","Naaasafr_","in","","0","1","0","https://x.com/undefined/status/1928662923095712158","1715912994901970944",
"1928662784927219819","Sat May 31 04:00:15 +0000 2025","0","kenapa semua orang suka mengajak naik gunung","1928662784927219819","","","in","","0","0","0","https://x.com/undefined/status/1928662784927219819","1567801767039242241",
"1928662237146919410","Sat May 31 03:58:04 +0000 2025","4","Selamat Pagi Sobat PR! . Hari ini Koran Pikiran Rakyat membahas tentang longsor di penambangan batu kapur Gunung Kuda Cirebon. Ada juga pembahasan mengenai dihilangkannya Haji Furada tahun ini dan Ketua DPD Gerindra yang ingatkan seluruh kadernya untuk tidak melupakan partai. . https://t.co/melPu21pXr","1928662237146919410","https://pbs.twimg.com/amplify_video_thumb/1928662140577263617/img/gn5VJdTYl2D064p7.jpg","","in","","0","0","1","https://x.com/undefined/status/1928662237146919410","58880688",
"1928449842998841793","Sat May 31 03:57:56 +0000 2025","0","@mozart178 @MasMasBiassaa Tapi gunung e editan to","1928662202518470861","","mozart178","in","","0","0","0","https://x.com/undefined/status/1928662202518470861","790016888721985537",
"1928662112353792059","Sat May 31 03:57:35 +0000 2025","0","Tim Gabungan kembali melanjutkan proses evakuasi untuk mencari korban yang masih tertimbun longsor di kawasan Tambang Galian C Gunung Kuda Desa Cipanas Kecamatan Dukupuntang Cirebon Jawa Barat Sabtu (31/5). Tim SAR Gabungan mulai melakukan evakuasi dengan mengerahkan 4 https://t.co/tDKKFgYUr1","1928662112353792059","https://pbs.twimg.com/amplify_video_thumb/1928655569294077952/img/SOq9xlb45yEXGLm7.jpg","","in","","0","0","0","https://x.com/undefined/status/1928662112353792059","57261519",
"1928662041578901543","Sat May 31 03:57:18 +0000 2025","1","GAMPANG BANGET NIH GUNUNG https://t.co/cIeOSzONPW","1928662041578901543","https://pbs.twimg.com/media/GsP70beaMAAtazt.jpg","","in","","1","5","0","https://x.com/undefined/status/1928662041578901543","857464390991306752",
"1928452635583287702","Sat May 31 03:56:29 +0000 2025","0","@JS_Khairen kalo keluargaku lebih ke singkatan ada kepanjangannya misal aku bilang lah dd mah wanita anggun terus dijawabnya iya anak gunung atau dd kan kalem terus dijawabnya kaya lembu ","1928661836976763354","","JS_Khairen","in","","0","0","0","https://x.com/undefined/status/1928661836976763354","1768529707254083584",
"1928661223366598678","Sat May 31 03:54:03 +0000 2025","1","I did lot of things. Naik gunung nge gym makan enak ke salon treatment klinik nge game nonton konser travelling nonton film ngopi kerja bersih2 rumah upgrade skill excel ngonten beauty dan masih byk lagi. But I just feel like ya udah aja gitu. Where is the spark?","1928661223366598678","","","in","","0","1","0","https://x.com/undefined/status/1928661223366598678","1526955101914398720",
"1927740461382316538","Sat May 31 03:53:46 +0000 2025","0","@Gitabecek Gunung yg indah pengen naikin","1928661153632157757","","BecekBgt","in","","0","0","0","https://x.com/undefined/status/1928661153632157757","1594091227355283456",
"1928660852539842640","Sat May 31 03:52:34 +0000 2025","0","Kenapa sih gunung dikeruk ngerusak lingkungan hidup aja ️️ Kau kira material bahan bangunan rumah lo muncul begitu aja? ","1928660852539842640","","","in","","0","0","0","https://x.com/undefined/status/1928660852539842640","2837811799",
"1928658224200208463","Sat May 31 03:51:18 +0000 2025","0","@fruitypebssss riiillll mereka yang mau naik gunung aku yang excited","1928660534389301749","","fruitypebssss","in","","0","1","0","https://x.com/undefined/status/1928660534389301749","1926119276865327104",
"1928418359395197140","Sat May 31 03:50:58 +0000 2025","0","@hxyabusa juli-agustus gas naik gunung wkwk","1928660448401826020","","hxyabusa","in","","0","0","0","https://x.com/undefined/status/1928660448401826020","1137409062646083584",
"1928660205237071992","Sat May 31 03:50:00 +0000 2025","2","Tambang batu alam di Gunung Kuda Cirebon longsor dan menelan korban jiwa. Pemprov Jabar memutuskan menutup tambang itu secara permanen. https://t.co/Kk9kx7f4nI","1928660205237071992","","","in","","0","0","1","https://x.com/undefined/status/1928660205237071992","69183155",
"1928514162881188323","Sat May 31 03:49:54 +0000 2025","0","@MelissaReddy_ Alinea terakhir dapat di persepsikan senada dengan kultwit/ obrolan @LFC_Hardline / @LFC_ID bukan salty tapi emang kalo abang²an udah turun gunung itu better we listen semoga aja dalam waktu beberapa musim bisa lebih menghasilkan dgn throphy yg didapatkan...","1928660178808758681","","MelissaReddy_","in","","0","0","2","https://x.com/undefined/status/1928660178808758681","290054021",
"1928659890907787462","Sat May 31 03:48:45 +0000 2025","0","Gunung.. aku orang bandung rewel kalau panas","1928659890907787462","","","in","","0","0","0","https://x.com/undefined/status/1928659890907787462","1911076862249533440",
"1928659338685501610","Sat May 31 03:48:26 +0000 2025","0","Inget kata2 dia kalo berani jangan takut2 kalo takut jangan berani2 dan trnyata cewe ngambekan mu ini berani tau kmn2 sendiri naik gunung yg pdhl dia gasuka sama sekali. Kynya seru kalo bisa cerita lngsng sama kamu apa yg aku dapet disini","1928659809600933988","","itssabbell","in","","0","0","0","https://x.com/undefined/status/1928659809600933988","1215978369755443201",
"1928659358491030014","Sat May 31 03:46:38 +0000 2025","12","Kapan naik gunung besuk atau harini??have fun dan take care delSemoga lancar lancar ya Pap jgn lupa penting itu@AdelRevaaa","1928659358491030014","","","in","","0","0","1","https://x.com/undefined/status/1928659358491030014","1675573258228469760",
"1928659338685501610","Sat May 31 03:46:33 +0000 2025","0","Awalnya emng pengen pantai dan sunset tp pas udh disini aku ngerasa lebih enak kmn2 gapake itinerary yg udh aku buat aku lebih nyaman muter2 nowhere. Yg aku dapet malah sunrise dan gunung yg aslinya jauh dari yg aku mau tp itu menyenangkan dan core memory ku","1928659338685501610","","","in","","0","1","0","https://x.com/undefined/status/1928659338685501610","1215978369755443201",
"1928659288639062293","Sat May 31 03:46:21 +0000 2025","0","Pencarian Korban Longsor Gunung Kuda Dilanjutkan Dedi Mulyadi Akan Tinjau Lokasi https://t.co/uNWSb9RmWC","1928659288639062293","https://pbs.twimg.com/media/GsP5UMLaMBEQOaW.jpg","","in","","0","0","0","https://x.com/undefined/status/1928659288639062293","935726938378862592",
"1928658963035238790","Sat May 31 03:45:04 +0000 2025","0","pokoknya liburan gua kudu ke jogja solo 2 minggu naik gunung malang maybe? MAU LIBURR ","1928658963035238790","","","in","","0","0","0","https://x.com/undefined/status/1928658963035238790","1500455160648138755",
"1928394923998339432","Sat May 31 03:44:26 +0000 2025","0","@byihapwi rumahmu view ne kurleb kaya gini kan? background gunung kapur dan bukit teletubis","1928658805224546669","","byihapwi","in","","0","1","0","https://x.com/undefined/status/1928658805224546669","231731257",
"1928658640099225728","Sat May 31 03:43:47 +0000 2025","0","Oleh2 dari gunung batur https://t.co/UvSKtrGpiW","1928658640099225728","https://pbs.twimg.com/media/GsP4zToaMAEnmFy.jpg","","in","","0","1","0","https://x.com/undefined/status/1928658640099225728","1215978369755443201",
"1928658455319163369","Sat May 31 03:43:03 +0000 2025","9","Longsor besar terjadi di kawasan pertambangan Gunung Kuda Desa Bobos Kecamatan Dukupuntang Kabupaten Cirebon Jawa Barat Jumat (30/5). Musibah ini menelan sedikitnya empat korban jiwa dan menyebabkan puluhan pekerja serta kendaraan tertimbun material longsoran. Peristiwa https://t.co/WeHH0WxVox","1928658455319163369","https://pbs.twimg.com/ext_tw_video_thumb/1928658364336365568/pu/img/kD-Wg_guaDYLYxpt.jpg","","in","","0","3","1","https://x.com/undefined/status/1928658455319163369","1282751327588585473",
"1928658224200208463","Sat May 31 03:42:08 +0000 2025","3","ih bsk mereka udh mau brgkt naik gunung ashshshs gue yg excited liat aca pertama kali naik gunung","1928658224200208463","","","in","","0","4","0","https://x.com/undefined/status/1928658224200208463","1925129863545147392",
"1928512826823348553","Sat May 31 03:41:55 +0000 2025","18","@bakuldimsum_ Sebenernya sih gada apa2 ya skandal2 di unnes ya mirip2 lah ama univ2 lainnya. Mungkin yg bikin org gamau daftar ulang krn lokasinya yg jauh dari pusat kota jalannya nanjak naik turun kek gunung ( emg di gunung sih gunungpati maksudnya )","1928658169716162768","","bakuldimsum_","in","","0","0","0","https://x.com/undefined/status/1928658169716162768","975201858657529856",
"1928657688512090563","Sat May 31 03:40:00 +0000 2025","0","Gubernur Jabar Dedi Mulyadi menyampaikan belasungkawa atas meninggalnya para pekerja tambang akibat longsor tersebut. Ia juga sudah menginstruksikan Dinas ESDM Jabar untuk menutup tambang tersebut. https://t.co/2BEdjOmUxp","1928657688512090563","","","in","","0","0","0","https://x.com/undefined/status/1928657688512090563","68930552",
"1928657613115244611","Sat May 31 03:39:42 +0000 2025","2","Kembali ke Oli Mobile Super 10w-40 kemarin sempat nyoba 2 kali 5w-30 Fastron Techno ternyata kurang cocok buat Livina 1.8 yang sering naik Gunung wkwkwk https://t.co/S9ILuSJt2G","1928657613115244611","https://pbs.twimg.com/media/GsP3eNPaMAYPeBk.jpg","","in","","0","1","0","https://x.com/undefined/status/1928657613115244611","525452054",
"1928604137056252074","Sat May 31 03:38:40 +0000 2025","0","@myenglishHQ dulu prefer mountains (lebih ke hutan dan bukit sih gaperna ke gunung wkwk) tapi kek merasa beach&gt;&gt;&gt;&gt;&gt;&gt;&gt;&gt; karena mudah dijangkau dan kek pantai yuk hayuk gas","1928657354624548976","","cocomeanz","in","","0","0","0","https://x.com/undefined/status/1928657354624548976","750182749537832960",
"1928535479030300788","Sat May 31 03:36:28 +0000 2025","0","@__sweetycandyy gunung prau","1928656800523460651","","__sweetycandyy","in","","0","0","0","https://x.com/undefined/status/1928656800523460651","1234549702647046148",
"1928535479030300788","Sat May 31 03:36:14 +0000 2025","0","@flnive_ naik gunung","1928656739794112698","","flnive_","in","","0","0","0","https://x.com/undefined/status/1928656739794112698","1234549702647046148",
"1928656567596880378","Sat May 31 03:35:33 +0000 2025","0","Sudah terjadi delapan kali longsor susulan di tengah proses pencarian para korban yang tertimbun di areal tambang di Gunung Kuda Kabupaten Cirebon Jawa Barat. #Nusantara #Kompas60 https://t.co/7FhE5TjLDb","1928656567596880378","","","in","","0","0","0","https://x.com/undefined/status/1928656567596880378","79237556",
"1928655256868589680","Sat May 31 03:30:20 +0000 2025","0","Apa Faktor Penyebab Utama Longsor di Galian C Gunung Kuda Cirebon?https://t.co/Lmg3uBB3PB","1928655256868589680","","","in","","0","0","0","https://x.com/undefined/status/1928655256868589680","1913741724394061824",
"1928655147552424015","Sat May 31 03:29:54 +0000 2025","0","Sudah terjadi delapan kali longsor susulan di tengah proses pencarian para korban yang tertimbun di areal tambang di Gunung Kuda Kabupaten Cirebon Jawa Barat. #Nusantara #Kompas60 https://t.co/8hGLv106aD","1928655147552424015","","","in","","0","0","0","https://x.com/undefined/status/1928655147552424015","155456716",
"1928096861916909629","Sat May 31 03:28:51 +0000 2025","0","@kegblgnunfaedh Fuji siapa emang? Gunung? Minuman?","1928654884296966569","","kegblgnunfaedh","in","","0","0","0","https://x.com/undefined/status/1928654884296966569","69305853",
"1928654629363155085","Sat May 31 03:27:50 +0000 2025","0","Cegah Kemacetan dan Kecelakaan Satlantas Aceh Jaya Laksanakan Patroli di Gunung Geurutee https://t.co/ohghy3Rduy","1928654629363155085","","","in","","0","0","0","https://x.com/undefined/status/1928654629363155085","1365264462635098122",
"1928654514703270344","Sat May 31 03:27:23 +0000 2025","854","Sejarah Islam Gunung pertama yang bersejarah Jabal abu kubais atau Jabal Alamin digunung ini hajar Aswad di temukan Nabi Ibrahim as yang terdampar sejak banjir besar yang terjadi pada jaman Nabi Nuh as dan di gunung ini juga Rasulullah SAW membelah bulan https://t.co/S4Q2oJaN3j","1928654514703270344","https://pbs.twimg.com/ext_tw_video_thumb/1928654391181193218/pu/img/QL87NVS9NrVTIU4M.jpg","","in","","1","77","177","https://x.com/undefined/status/1928654514703270344","721590341669748736",
"1928639797582495778","Sat May 31 03:22:50 +0000 2025","0","@Duwdut Rajabasa apa gunung?","1928653368219807978","","","in","","0","0","0","https://x.com/undefined/status/1928653368219807978","1318876921636081665",
"1928653347445186628","Sat May 31 03:22:45 +0000 2025","0","Mau nugas tapi ngantuk apa harus minum kopi biar melek. Hmmmm yang ada asam lambung gue naik naik ke puncak gunung. ","1928653347445186628","","","in","","0","0","0","https://x.com/undefined/status/1928653347445186628","2756861714",
"1928652688822006155","Sat May 31 03:21:10 +0000 2025","0","@tanyarlfes Nah tinggal naik gunung beneran nder nanti","1928652950458740939","","tanyarlfes","in","","0","0","0","https://x.com/undefined/status/1928652950458740939","1441074776731127818",
"1928642317075849345","Sat May 31 03:20:15 +0000 2025","7","@zixinzilp kalo yg dipercaya akun yxh dan melon weibo ya gmn? susah jg si dari kemaren ga ditanggepin kok dari pusatnya cuma di diemin malah ngelunjak karna bawa2 keluarga xinxin sampe blg nenek xinxin bisa2 turun gunung ditanggepin nuduh poms pembully.","1928652720820359369","","zixinzilp","in","","0","1","0","https://x.com/undefined/status/1928652720820359369","1799498393712238592",
"1928652688822006155","Sat May 31 03:20:08 +0000 2025","13","Ikut tracking gunung tektok tapi bener bener jarang bgt olahraga ternyata gak cape2 amat Kayanya efek sejam berdiri di kereta transit manggarai turun sudirman lanjut MRT dan masih harus jalan 800m ke kantor tiap hari adalah modal yg cukup ","1928652688822006155","","","in","","2","3","0","https://x.com/undefined/status/1928652688822006155","1371650588",
"1928652279529296297","Sat May 31 03:18:30 +0000 2025","0","Insiden longsor terjadi di sebuah lokasi tambang batu alam di kawasan Gunung Kuda Desa Cipanas Dukupuntang Kabupaten Cirebon Jawa Barat. https://t.co/hDsjswhe2q","1928652279529296297","","","in","","0","0","0","https://x.com/undefined/status/1928652279529296297","350668803",
"1928652242607112597","Sat May 31 03:18:21 +0000 2025","2","Babinsa Gunung Perak Koramil 02/Sinjai Barat Kodim 1424/Sinjai Dampingi Petani Panen Padi di Dusun Lembanna Desa Gunung Perak Kec. Sinjai Barat Kab. Sinjai. #tniad #dispenad #puspentni #TNIindonesia https://t.co/j3ywR4WtxN","1928652242607112597","https://pbs.twimg.com/media/GsPy_hobMAAgMK8.jpg","","in","","0","0","0","https://x.com/undefined/status/1928652242607112597","1846390926341799936",
"1928652191591706874","Sat May 31 03:18:09 +0000 2025","0","Ini hewan yang di gif HAAAAAH di atas gunung itu kan ya kok kecil sih kirain gede bgt","1928652191591706874","","","in","","0","0","0","https://x.com/undefined/status/1928652191591706874","1531569481310298112",
"1928652104538755555","Sat May 31 03:17:49 +0000 2025","0","Sudah terjadi delapan kali longsor susulan di tengah proses pencarian para korban yang tertimbun di areal tambang di Gunung Kuda Kabupaten Cirebon Jawa Barat. #Nusantara #Kompas60 https://t.co/0b2iRhhumu","1928652104538755555","","","in","","0","0","0","https://x.com/undefined/status/1928652104538755555","255866913",
"1916471443807686708","Sat May 31 03:17:02 +0000 2025","0","@seungyouon Iya bener banget. Tau-tau kita udah ngelakuin hal yang pamali padahal nggak sengaja sama sekali. Jadi takut. Backflip banget nggak tuh? Sekalian handstand ya. Aku pakai sandal gunung aja biar agak ugh. ","1928651911550353770","","seungyouon","in","","0","1","0","https://x.com/undefined/status/1928651911550353770","1832048349962461184",
"1928651881045225662","Sat May 31 03:16:55 +0000 2025","0","Pencarian Korban Longsor di Gunung Kuda Cirebon Polri Kerahkan Anjing Pelacak K9 https://t.co/HAgpoWMcjE","1928651881045225662","","","in","","0","0","0","https://x.com/undefined/status/1928651881045225662","278855466",
"1928495589744062754","Sat May 31 03:15:49 +0000 2025","0","@alhayzn RIGHT... kek.. apa²n itu ada kota di dalam gunung boneka² naga batu.. keren banget semuanyaaaaa","1928651604049408100","","alhayzn","in","","0","0","0","https://x.com/undefined/status/1928651604049408100","1219275868477935617",
"1928650645088665654","Sat May 31 03:14:00 +0000 2025","0","@Tulipie_s pake map gunung","1928651145624322342","","leclerc9i1","tl","","0","1","0","https://x.com/undefined/status/1928651145624322342","1917046323028873216",
"1928480075038458187","Sat May 31 03:13:44 +0000 2025","0","@Sundaays_ ohh naik gunung ya dar naik gunung","1928651080352596274","","Sundaays_","in","","0","1","0","https://x.com/undefined/status/1928651080352596274","1280060224997490693",
"1928651019619033386","Sat May 31 03:13:30 +0000 2025","0","Dari pantai langsung ke gunung https://t.co/QBSvVZYPgI","1928651019619033386","https://pbs.twimg.com/media/GsPx4N1aMAEM4tV.jpg","","in","","0","0","0","https://x.com/undefined/status/1928651019619033386","1889249113881124864",
"1928651007493284124","Sat May 31 03:13:27 +0000 2025","1","mendaki gunung lewati lembah ️️ https://t.co/39p1279uLr","1928651007493284124","https://pbs.twimg.com/media/GsPx3fdaMAAw5HR.jpg","","in","","0","0","0","https://x.com/undefined/status/1928651007493284124","1675558850777456642",
"1928650829076033672","Sat May 31 03:12:44 +0000 2025","0","hay gunung andong https://t.co/igIlvO5LSm","1928650829076033672","https://pbs.twimg.com/media/GsPxs3wa8AA0jVS.jpg","","tl","","0","0","0","https://x.com/undefined/status/1928650829076033672","1381241351652536324",
"1928650139024965946","Sat May 31 03:10:00 +0000 2025","0","Korban Lonsor Galian C Gunung Kuda Cirebon Ini Nama Korban Meninggal dan Luka #cirebon #sabtu #peristiwa #bencanaalam #beritanasional https://t.co/ZISBD9kuyS","1928650139024965946","","","in","","0","0","0","https://x.com/undefined/status/1928650139024965946","1769451991124832257",
"1928490535796486565","Sat May 31 03:09:55 +0000 2025","0","@The_RedsIndo 11 12 ama musang gunung","1928650120460988439","","The_RedsIndo","in","","0","0","0","https://x.com/undefined/status/1928650120460988439","563453253",
"1928638841390268751","Sat May 31 03:08:06 +0000 2025","57","@KABAR_CHELSEA Dulu si gunung jga cuman dapet 1 post feed Chelsea sedangkan pemain lain kek Kante Karpet Kova dapet banyak post an ","1928649660643586109","","KABAR_CHELSEA","in","","0","1","0","https://x.com/undefined/status/1928649660643586109","384832989",
"1928649577285996549","Sat May 31 03:07:46 +0000 2025","18","Cafe di Batu Malang yg viewnya cakep parah Asli cocok bgt buat merenung sambil liat gunung. Suasananya nyaman seger full ijo2 Best view sih ini 20k-128k ⭐️8 5/10 Chatten Cafe Jl. Kopral Kasdi gg Dayan Banaran RT 001 RW 001 Kec. Bumiaji Kota Batu https://t.co/6QyKRqShYo","1928649577285996549","https://pbs.twimg.com/media/GsPwfBJaMAAigqm.jpg","","in","","0","1","5","https://x.com/undefined/status/1928649577285996549","1216570379390439424",
"1928649410352755193","Sat May 31 03:07:06 +0000 2025","0","Kang Dedi Mulyadi Sudah Bilang Resiko Gunung Kuda 3 Tahun Lalu Sudah Diperingatkan Berkali-kali Namun Tidak Digubris Bertahun Tahun Berjalan Dan Akhirnya Terjadi Peristiwa Saat Ini Di Gunung Kuda Bagaimana Pendapatmu? Tulis Di Kolom Komentar Ya! #gunung #kuda #gunungkuda https://t.co/KeV0CDtbvR","1928649410352755193","https://pbs.twimg.com/ext_tw_video_thumb/1928649318984278016/pu/img/iTldc7jmyzoDpu56.jpg","","in","","0","0","0","https://x.com/undefined/status/1928649410352755193","2170763288",
"1928649359928779258","Sat May 31 03:06:54 +0000 2025","1","mau lompat dari gunung dah ngurus daftar ulang sendirian","1928649359928779258","","","in","","0","0","0","https://x.com/undefined/status/1928649359928779258","1765036312892153856",
"1921749180625658136","Sat May 31 03:06:53 +0000 2025","0","» juga? tanyaku kemudian setengah meragu. Namun mengingat bahwa gunung tempat kami berada saat ini masih di wilayah Daejeon tentu saja kemungkinan hal itu terjadi sangatlah besar. Ah ya. Namaku Ji Yeonchae. Senang bertemu denganmu Yoon Bi-ssi. Aku lanjut »","1928649353595703660","","sgu_jiyeon","in","","0","1","0","https://x.com/undefined/status/1928649353595703660","811997523464196096",
"1928577943355170839","Sat May 31 02:26:00 +0000 2025","1","@ButterCupdanie1 Liat gunung rapuh kek gitu dah takut apalagi nambang dst","1928639068318900467","","ButterCupdanie1","in","","0","1","0","https://x.com/undefined/status/1928639068318900467","2412572689",
"1928420299365626092","Sat May 31 02:25:54 +0000 2025","0","@minamyuori Hatiku terkunci~ dan untuk mendapatkannya harus mendaki gunung dan lewati lembah~ ️","1928639039956980068","","minamyuori","in","","0","1","0","https://x.com/undefined/status/1928639039956980068","1036998859229081600",
"1928638835056877645","Sat May 31 02:25:05 +0000 2025","0","HAHAHHAHAHA I TOLD YOU MEREKA MIRIP Bentuk hurufnya 11 12 beda pronounce aja kebanyakan Sama korea juga Contohnya 山 tuh artinya gunung di korea san di jepang yama di cina apa ga ngerti tapi itu gununggg","1928638835056877645","","","in","","0","0","0","https://x.com/undefined/status/1928638835056877645","1740350162785255424",
"1928638674574688284","Sat May 31 02:24:27 +0000 2025","0","Pencarian Korban Longsor Penambangan Gunung Kuda Cirebon Dilanjutkan https://t.co/no65iXCxA2","1928638674574688284","","","in","","0","1","0","https://x.com/undefined/status/1928638674574688284","278855466",
"1928638014554583283","Sat May 31 02:21:49 +0000 2025","0","tapi perjalanan 1 5 jam di jakarta tu kerasa cepet banget. perbandingannya tu kaya jakarta-puncak rasanya sama kek jogja kota-pantai gunung kidul. padahal jakarta-puncak bisa 3 jaman","1928638014554583283","","","in","","0","0","0","https://x.com/undefined/status/1928638014554583283","1200417504272637952",
"1928633442222354867","Sat May 31 02:21:42 +0000 2025","3","@padangmenfess kota Bukan kecamatan/desa Lagian udah ada ratok gunung meru di taluak bayua","1928637983399489579","","padangmenfess","in","","0","0","0","https://x.com/undefined/status/1928637983399489579","1524722217548132352",
"1928636179228012694","Sat May 31 02:21:03 +0000 2025","0","@dextextip gunung salak","1928637821008621711","","dextextip","in","","0","0","0","https://x.com/undefined/status/1928637821008621711","1665271851625627649",
"1928636179228012694","Sat May 31 02:19:29 +0000 2025","0","@dextextip Gunung bromo","1928637425913336209","","dextextip","tl","","0","0","0","https://x.com/undefined/status/1928637425913336209","1702078667269267456",
"1928637175723352390","Sat May 31 02:18:29 +0000 2025","1","Guys kalian ada yang suka kemah nggak sih? Nggak mesti di gunung buat trekking dulu kalau ada komentar yaa!","1928637175723352390","","","in","","0","0","0","https://x.com/undefined/status/1928637175723352390","1480012764412137472",
"1928483352115286528","Sat May 31 02:17:16 +0000 2025","0","@avochadoeyyy Kamu pilih maps yang buat naik gunung beb terus di basecamp biasanya ada peralatan jangan lupa diambil. Dan jalannya ngikutin jalan setapak bakal lebih seru kalau ada temen sih","1928636869836742914","","avochadoeyyy","in","","0","1","0","https://x.com/undefined/status/1928636869836742914","1487354995037007875",
"1928636667591798996","Sat May 31 02:16:28 +0000 2025","1","Cegah Erosi Babinsa Koramil 0109-03/Gunung Meriah dan Warga Tanah Merah Kompak Tanam Pohon Kelapa https://t.co/gGO1eEi9jY","1928636667591798996","","","in","","0","0","0","https://x.com/undefined/status/1928636667591798996","1313688723746217984",
"1928636294516928989","Sat May 31 02:14:59 +0000 2025","225","Detik detik Longsor menimpa kawasan pertambangan Gunung Kuda Desa Bobos Kecamatan Dukupuntang Kabupaten Cirebon Jawa Barat. https://t.co/QtyFWKcUcn","1928636294516928989","https://pbs.twimg.com/ext_tw_video_thumb/1928636234123063298/pu/img/B5KI_O-OLpyydl9h.jpg","","in","","1","124","35","https://x.com/undefined/status/1928636294516928989","1861390803618406404",
"1928636137624530993","Sat May 31 02:14:22 +0000 2025","0","Pernyataan ini muncul karena gaboleh naik gunung","1928636137624530993","","","in","","0","0","0","https://x.com/undefined/status/1928636137624530993","1472936207029981190",
"1927692360495817050","Sat May 31 02:14:04 +0000 2025","0","@shimjaqe Halo abang Jake! Karena diving sampai sedalam itu bikin pengap dan #traumaberat! Caranya abang harus memiliki niat setinggi gunung Everest sih ","1928636064723345914","","shimjaqe","in","","0","0","0","https://x.com/undefined/status/1928636064723345914","1545677675880415232",
"1928633547444609161","Sat May 31 02:13:39 +0000 2025","0","@marimoxsa Mas kl buka toko minuman kopi a.k.a kopisop dan butuh kopi asal gunung puntang call me ya. Kami ada kopi hasil dari komunitas petani muda.","1928635958674469272","","","in","","0","0","0","https://x.com/undefined/status/1928635958674469272","173447449",
"1928604137056252074","Sat May 31 02:13:03 +0000 2025","0","@myenglishHQ Mountains good drpd pantai tp lebih good rebahan aja ngapain cape2 ke gunung","1928635807293636916","","myenglishHQ","in","","0","0","0","https://x.com/undefined/status/1928635807293636916","1226803384419700737",
"1928478911945453984","Sat May 31 02:12:35 +0000 2025","0","@hawkcdewi ada pernah denger kalo kamu suka laut maka jangan bikin rumah di pantai kalo suka gunung jangan bikin rumah di lereng naahh terusane iku aku lupa kek gimana ","1928635690423644409","","hawkcdewi","in","","0","1","0","https://x.com/undefined/status/1928635690423644409","1249556428743827456",
"1928635379256901856","Sat May 31 02:11:21 +0000 2025","2","Polresta Cirebon Identifikasi korban longsor Gunung Kuda Polresta Cirebon lakukan identifikasi sejumlah korban setelah bantu evakuasi Korban Longsor di Gunung Kuda Cirebon Jajaran Kepolisian Resor Kota (Polresta) Cirebon bergerak cepat dalam menangani identifikasi korban https://t.co/xkgs22dAgv","1928635379256901856","https://pbs.twimg.com/media/GsPjpjcbwAAcKQI.jpg","","in","","0","0","1","https://x.com/undefined/status/1928635379256901856","218742561",
"1928635342745194558","Sat May 31 02:11:12 +0000 2025","0","Tim gabungan berhasil menyelesaikan evakuasi 14 korban tewas akibat longsor di area tambang galian C Gunung Kuda Kabupaten Cirebon Jumat (30/5/2025) #longsor #galianc #cirebon https://t.co/jb8mV0rDbg","1928635342745194558","","","in","","0","1","0","https://x.com/undefined/status/1928635342745194558","1728987951345065984",
"1928629540584133001","Sat May 31 02:10:33 +0000 2025","1","@RAbdinyo Pastinya bang @RAbdinyo disini sih hutan beton dan gunung gedung...️ Lokasinya ga tau bang kayaknya sih di Cikeumeuh...(ngawur pol)...","1928635179997999622","","RAbdinyo","in","","0","1","0","https://x.com/undefined/status/1928635179997999622","941458748",
"1928513171481825635","Sat May 31 01:58:07 +0000 2025","0","@studitweet Kalau aku kemarin tak pentokin dulu ke atas. Soalnya ada gunung itu setidaknya kelihatan batasnya ke mana. Kalau ke sisi yang kanan kan luas banget. Jadi kerasa gak selesai-selesai karena ujungnya masih jauh.","1928632047767257508","","studitweet","in","","0","0","0","https://x.com/undefined/status/1928632047767257508","851830956138741761",
"1928611538413265184","Sat May 31 01:57:54 +0000 2025","1","@jogja_base 1 5 jam seko jogja wis tekan klaten pucuk gunung","1928631996135186577","","jogja_base","in","","0","0","0","https://x.com/undefined/status/1928631996135186577","1159013887",
"1928631898235970023","Sat May 31 01:57:31 +0000 2025","1","pengen naik gunung","1928631898235970023","","","in","","0","4","0","https://x.com/undefined/status/1928631898235970023","1474388971337576449",
"1928631700935831759","Sat May 31 01:56:44 +0000 2025","0","⠀ WN. Ga nyangka saya harus turun gunung. DM saya terbuka buat umum. Coba dong yang kirim ini di secreto Galuh DM saya mana sih akun X yang kamu kira punya saya itu? Maaf jadi menyeret orang lain tapi bisa tanya orang sekitar saya. Saya itu sudah 1-2 tahun tidak -- ⠀ https://t.co/XmILp9yg1P","1928631700935831759","https://pbs.twimg.com/media/GsPgT67bEAA0ttG.jpg","","in","","0","1","0","https://x.com/undefined/status/1928631700935831759","1135497252028395521",
"1927330322829492674","Sat May 31 01:56:22 +0000 2025","0","@adiosfey99853 @Me31324567Me @Narasi_winda Anda tak punya data. Bagaimana mungkin anda memaksa kaum nasrani memiliki kiblat. Sang Mesias mengatakan di Kitab Suci Yoh 4;21 Percayalah kepada-Ku hai perempuan saatnya akan tiba bahwa kamu akan menyembah Bapa bukan di gunung ini dan bukan juga di Yerusalem.","1928631609776877886","","Adios_Tahanina","in","","0","2","0","https://x.com/undefined/status/1928631609776877886","1396860805224689665",
"1928604684886897128","Sat May 31 01:55:43 +0000 2025","0","@souranex gunung manalagi?? satu hari satu gunung","1928631447255970237","","souranex","in","","0","0","0","https://x.com/undefined/status/1928631447255970237","1877646113987342336",
"1928631406105600114","Sat May 31 01:55:34 +0000 2025","1","Mulai suka pemandangan unreal Gni. Gunung bukit pedesaan ijo sawah..dkt pantai. Aku pngn idup di Swiss ato Cina Yunnan ato di Bali Kintamani","1928631406105600114","","","in","","0","0","0","https://x.com/undefined/status/1928631406105600114","1070278746005893121",
"1928619584376250486","Sat May 31 01:55:03 +0000 2025","3","@Aespatuh panjang urusan nya kalo udah ribut soal ex pemain contoh nya si gunung pindah ke emyu.","1928631277164380366","","Aespatuh","in","","0","2","0","https://x.com/undefined/status/1928631277164380366","1570014413121519616",
"1928631264321458419","Sat May 31 01:55:00 +0000 2025","0","Suasana kian mencekam di Gunung Kuda Cirebon setelah longsor susulan. Tim SAR fokus mitigasi sebelum melanjutkan pencarian delapan korban yang tertimbun. Via @detikjabar_ https://t.co/ogra3tqDUV","1928631264321458419","","","in","","0","2","3","https://x.com/undefined/status/1928631264321458419","69183155",
"1928449842998841793","Sat May 31 01:54:27 +0000 2025","0","@MasMasBiassaa Jl arah gunung kembang kah ini?","1928631126039437774","","MasMasBiassaa","in","","0","0","0","https://x.com/undefined/status/1928631126039437774","1842099381832712193",
"1928630898385367071","Sat May 31 01:53:33 +0000 2025","2","mendaki gunung apayaaa hari ini","1928630898385367071","","","in","","0","4","0","https://x.com/undefined/status/1928630898385367071","1274301199206895622",
"1928461368208052249","Sat May 31 01:53:09 +0000 2025","0","@iiiichigoo bener wkwk harua tuh kalo di manwha tipekal sub yang masih denial dan gengsi yg segede gunung","1928630797533123013","","iiiichigoo","in","","0","1","0","https://x.com/undefined/status/1928630797533123013","1889934165967249408",
"1928630581157572957","Sat May 31 01:52:17 +0000 2025","8","Sebanyak 14 orang ditemukan meninggal dunia dan 4 lainnya mengalami luka-luka dalam insiden longsor di tambang Galian C Gunung Kuda Desa Cipanas Kecamatan Dukupuntang Kabupaten Cirebon Jawa Barat. ~LL #Longsor #KorbanJiwa https://t.co/eqRcjTFC9R","1928630581157572957","","","in","","1","3","5","https://x.com/undefined/status/1928630581157572957","23343960",
"1928451742066163715","Sat May 31 01:50:56 +0000 2025","0","@serenitean Naik gunung","1928630241594863731","","serenitean","in","","0","1","0","https://x.com/undefined/status/1928630241594863731","1905137540530847744",
"1928629351962067324","Sat May 31 01:47:24 +0000 2025","0","+ warganya ga ngeyel. Disini kan double kill pemerintahnya kocak dan warganya jg sama kocaknya. Bencana yg udh depan mata kaya gunung meletus aja masih ada yg ngeyel gamau ngungsi","1928629351962067324","","","in","","0","0","0","https://x.com/undefined/status/1928629351962067324","2251493898",
"1928629058910232726","Sat May 31 01:46:14 +0000 2025","0","8 Penambang Tewas Tertimbun Longsor di Tambang Gunung Kuda Cirebon https://t.co/ajaBciBGSP","1928629058910232726","","","in","","0","0","0","https://x.com/undefined/status/1928629058910232726","1857478545024626690",
"1928291009349177757","Sat May 31 01:45:13 +0000 2025","0","@folklorhe ini bioskop bang bukan gunung kemukus ","1928628804269805621","","folklorhe","in","","0","1","0","https://x.com/undefined/status/1928628804269805621","1794147230800322560",
"1928604941117174255","Sat May 31 01:45:13 +0000 2025","0","@txtdrjkt cuma lari itu pun bukan lari mahal karena bersiap naik gunung","1928628803732980027","","txtdrjkt","in","","0","0","0","https://x.com/undefined/status/1928628803732980027","1268385529978118144",
"1928628650762440719","Sat May 31 01:44:37 +0000 2025","1","TNI AD Bantu Evakuasi Korban Longsor Tambang Gunung Kuda 14 Tewas @tni_ad #TNI #AD #Evakuasi #Korban #Longsor #Tambang #GunungKuda #14Tewas #Berita #News #Info https://t.co/O48xEWLiBR","1928628650762440719","","","in","","0","0","1","https://x.com/undefined/status/1928628650762440719","1412699218121166852",
"1928478523070488726","Sat May 31 01:43:42 +0000 2025","0","@pecintaicecubez Gunung kembar","1928628422172877043","","coffeelattextra","in","","0","1","0","https://x.com/undefined/status/1928628422172877043","125611103",
"1928266619798835415","Sat May 31 01:43:28 +0000 2025","0","@geloraco Dari Gunung Kawi mungkin. ","1928628361338748961","","geloraco","in","","0","0","0","https://x.com/undefined/status/1928628361338748961","3992530572",
"1928482885972975868","Sat May 31 01:42:01 +0000 2025","0","@carsjebgail Apa yang terjadi di gunung kawi? @grok","1928627997696778591","","carsjebgail","in","","0","1","0","https://x.com/undefined/status/1928627997696778591","1478509650228039682",
"1928623615236276704","Sat May 31 01:41:05 +0000 2025","0","@glowrysin Wkwkwkwk emang lagi main di map gunung apa?","1928627761075118365","","L3ECLERC","in","","0","1","0","https://x.com/undefined/status/1928627761075118365","1269836442093510656",
"1928627755274371516","Sat May 31 01:41:03 +0000 2025","0","Sandal Slop Pria Sendal Slide Pria Gunung Terbaru dengan harga Rp98.548. Dapatkan di Shopee sekarang! https://t.co/BJszRmEN5f https://t.co/s2tXsS3M6Q","1928627755274371516","https://pbs.twimg.com/media/GsPct6iaUAAbhRC.jpg","","in","","0","0","0","https://x.com/undefined/status/1928627755274371516","1614248301678989314",
"1928627500097093896","Sat May 31 01:40:02 +0000 2025","0","SAR Lanjutkan Pencarian 8 Korban Tertimbun Longsor di Tambang Batu Gunung Kuda Cirebon https://t.co/SduO7ZnZ2O","1928627500097093896","","","in","","0","1","0","https://x.com/undefined/status/1928627500097093896","509946051",
"1928627053554970749","Sat May 31 01:38:16 +0000 2025","1","Jalan-jalan ke kampung halaman Bapak di Gombong~ Dan melihat Gunung Slamet (sepertinya). Dari daerah Kebumen paling timur ke Kebumen paling barat. https://t.co/RXTSzuWsNE","1928627053554970749","https://pbs.twimg.com/media/GsPcDztaMAMP9Sb.jpg","","in","","0","1","0","https://x.com/undefined/status/1928627053554970749","1498732508904505346",
"1928626588683243563","Sat May 31 01:36:25 +0000 2025","0","Kang @DediMulyadi71 di Situ Gunung masih banyak preman. Kemaren datang di pintu gerbang dimintain 75 ribu buat satu mobil. Padahal resminya 1 mobil hanya bayar 10 ribu. Trus pas mau pulang ada lagi yang minta uang parkir padahal ada tulisan tidak ada uang parkir. @jabarprovgoid","1928626588683243563","","","in","","0","0","0","https://x.com/undefined/status/1928626588683243563","1561644955650494464",
"1928461621044654153","Sat May 31 01:36:17 +0000 2025","0","@FestivalDiengID Oalah jalannya udah mulus ya sekarang dulu pernah lewat situ motoran dari gunung Cilik Kaliurip tembus situ jalannya jelek banget buat lewat-lewat truk penambang pasir. Apakah sekarang msh dilewatin truk2 penambang pasir?","1928626555204301125","","FestivalDiengID","in","","0","1","0","https://x.com/undefined/status/1928626555204301125","76336267",
"1928525925236297923","Sat May 31 01:35:51 +0000 2025","0","@bittermiw pengennya sih ke hutan tapi yang bukan gunung. tapi apa ya","1928626447536578949","","miwnight_t","in","","0","1","0","https://x.com/undefined/status/1928626447536578949","1141577575686275072",
"1928626369161798120","Sat May 31 01:35:33 +0000 2025","0","Korban Tewas Jadi 10 Orang Longsor Tambang Batu Alam di Gunung Kuda Diduga Akibat Kesalahan Metode Penambangan https://t.co/IFLMcRq4lL","1928626369161798120","","","in","","0","0","0","https://x.com/undefined/status/1928626369161798120","1447918723248107536",
"1928626297560805516","Sat May 31 01:35:16 +0000 2025","0","lagi kultivasi di gunung siapa tau guwa jadi orang paling sakti n mandraguna","1928626297560805516","","","in","","0","0","0","https://x.com/undefined/status/1928626297560805516","1437559815891415046",
"1928470142549098719","Sat May 31 01:34:09 +0000 2025","0","@_siscasaras_ Gunung sahari","1928626018882842972","","_siscasaras_","in","","0","0","0","https://x.com/undefined/status/1928626018882842972","1779066542132707328",
"1928385294774186332","Sat May 31 01:33:38 +0000 2025","0","@DS_yantie Wkwkwkk ini lucu sih Singapura ga punya sumber energi. Korsel Jepang dan Eropa hampir ga ada. Sementara kita punya ratusan gunung berapi aktif tinggal colok kabel ke bumi nyala seumur hidup.","1928625887983067592","","DS_yantie","in","","0","0","0","https://x.com/undefined/status/1928625887983067592","1879727183289266176",
"1928625691936887161","Sat May 31 01:32:52 +0000 2025","0","Tembakau bagi orang Temanggung bukan cuma tanaman pada umumnya. Lebih daripada itu ia diposisikan sebagai sumber kehidupan dan penghidupan. Apalagi mereka yang tinggal di lereng Gunung Sumbing-Sindoro. #TerimakasihKretek #TembakauTidakJahat","1928625696135324121","","khoirul_atfi","in","","0","1","0","https://x.com/undefined/status/1928625696135324121","1263595603361054720",
"1928625691936887161","Sat May 31 01:32:52 +0000 2025","0","Saya tinggal di kabupaten yang diapit oleh dua gunung: Sindoro dan Sumbing. Saya besar di lingkungan para petani yang sebagian besar menggantungkan hidupnya dari tembakau. #TerimakasihKretek #TembakauTidakJahat","1928625693992399136","","khoirul_atfi","in","","0","1","0","https://x.com/undefined/status/1928625693992399136","1263595603361054720",
"1928625566841975024","Sat May 31 01:32:21 +0000 2025","0","Sebagian Korban Mungkin Masih Terkubur Longsoran Galian Cirebon Gunung Kuda - https://t.co/03A5ow32IY","1928625566841975024","","","in","","0","0","0","https://x.com/undefined/status/1928625566841975024","1303115408",
"1928625408490222063","Sat May 31 01:31:44 +0000 2025","3","08.29 Anggota Unit Satlantas Jakpus melaksanakan giat rutin penempatan pos pagi hari di Traffic Light Pintu Besi Jl Gunung Sahari situasi lalu lintas terpantau ramai lancar. https://t.co/owmGk3ZcSb","1928625408490222063","https://pbs.twimg.com/media/GsPajmzboAAkfCq.jpg","","in","","0","0","0","https://x.com/undefined/status/1928625408490222063","76647722",
"1928452635583287702","Sat May 31 01:30:30 +0000 2025","67","@JS_Khairen lagi main tebak bahasa inggris pakai poster gitu : apa bahasa inggrisnya gunung kelud? : nyari gambar gn. kelud nyerah : poster TERNYATA YANG GUE BACA TUH MERK NYA tapi karena peletakannya sama yang gambar - bahasa jadi ngiranya itu juga termasuk materi https://t.co/33bWw7LNxd","1928625099185209486","https://pbs.twimg.com/media/GsPaTN0aMAE-iJ8.jpg","JS_Khairen","in","","1","8","3","https://x.com/undefined/status/1928625099185209486","3016992614",
"1928624974111391834","Sat May 31 01:30:00 +0000 2025","0","Terjadi longsor di lokasi tambang batu alam Gunung Kuda di Desa Cipanas Kecamatan Dukupuntang Kabupaten Cirebon. Gubernur Jabar Kang @dedimulyadi71 memerintahkan supaya galian tersebut ditutup selamanya setelah menyebabkan longsor dan timbul korban jiwa. Dari sisi aspek https://t.co/C2phxK4Q5j","1928624974111391834","https://pbs.twimg.com/media/GsPONgsaQAADIDj.jpg","","in","","0","0","0","https://x.com/undefined/status/1928624974111391834","786549338818224128",
"1928624622460649918","Sat May 31 01:28:36 +0000 2025","0","Nyicil beli peralatan naek gunung kali yakk","1928624622460649918","","","in","","0","0","0","https://x.com/undefined/status/1928624622460649918","1824835109654282240",
"1928512599085428944","Sat May 31 01:28:05 +0000 2025","0","@jonihimself_ Sama mas org bilang naik gunung seremm padahal mah naik gunung seru","1928624493108293841","","jonihimself_","in","","0","0","0","https://x.com/undefined/status/1928624493108293841","1678469290956328960",
"1928624093634388424","Sat May 31 01:26:30 +0000 2025","0","[satire] : jadi ingat ketika Mas @bagus_muljadi cerita bagaimana Eropa menjadi pembelajar vulkanologi setelah mempelajari kebijaksanaan Nusantara mengenai hidup bersama gunung api.","1928624093634388424","","","in","","0","0","1","https://x.com/undefined/status/1928624093634388424","120643601",
"1928542054944223658","Sat May 31 01:24:17 +0000 2025","0","@ardisatriawan Desember 2018 bukan tsunami akibat gempa tetapi runtuhya dinding gunung krakatau jadi ada yang menganggap ini bukan tsunami.","1928623536899313826","","ardisatriawan","in","","0","0","0","https://x.com/undefined/status/1928623536899313826","629153891",
"1928413781236871652","Sat May 31 01:24:16 +0000 2025","0","@handthatfeed5 abis teriak2 trus pantun di sana gunung di sini gunung","1928623532423917933","","handthatfeed5","in","","0","0","0","https://x.com/undefined/status/1928623532423917933","233850385",
"1928096861916909629","Sat May 31 01:22:29 +0000 2025","0","@kanjengGondoku1 @kegblgnunfaedh Gunung","1928623080714170379","","kanjengGondoku1","in","","0","0","0","https://x.com/undefined/status/1928623080714170379","374803747",
"1928607362983526882","Sat May 31 01:21:58 +0000 2025","2","@Bro2Face Nak panjat gunung ekkk.. jom lah","1928622950275600648","","Bro2Face","in","","0","1","0","https://x.com/undefined/status/1928622950275600648","885403213716832256",
"1928291564830253206","Sat May 31 01:21:44 +0000 2025","0","@tanyarlfes Pernah makan nasi kuning yang masih di dalem bungkusan daun pisang ketika di jalanan berliku gunung kebun kopi","1928622891270033687","","tanyarlfes","in","","0","0","0","https://x.com/undefined/status/1928622891270033687","206113869",
"1928622750287175851","Sat May 31 01:21:10 +0000 2025","19","BREAKING NEWS!! . Proses evakuasi korban longsor di Gunung Kuda Desa Bobos Kecamatan Dukupuntang Kabupaten Cirebon. Jumat (30/5/2025). Menurut informasi di lokasi kejadian saat ini proses evakuasi masih berlangsung. Peristiwa ini menewaskan 14 orang dan 6 orang luka²... https://t.co/Xe6Z8mrMJP","1928622750287175851","https://pbs.twimg.com/ext_tw_video_thumb/1928622592812003331/pu/img/Uophmw6cDPuPcgHR.jpg","","in","","1","5","19","https://x.com/undefined/status/1928622750287175851","506059176",
"1928622695307944090","Sat May 31 01:20:57 +0000 2025","0","Dari gunung lanjut pantai","1928622695307944090","","","in","","0","0","0","https://x.com/undefined/status/1928622695307944090","1561623792895787008",
"1928622524541137312","Sat May 31 01:20:16 +0000 2025","6","Yang lain naik gunung ribuan mdpl apalah daya aku yg cuma bisa minus sekian mdpl https://t.co/PU3yZrvM7o","1928622524541137312","https://pbs.twimg.com/media/GsPX9R6aMAAk0WA.jpg","","in","","0","0","0","https://x.com/undefined/status/1928622524541137312","1675174784920088576",
"1928622471059747302","Sat May 31 01:20:06 +0000 2025","0","Timbalan Pendakwa Raya Yosua Berlian Rante Allo dari Bahagian Intelijen Pejabat Pendakwa Negeri Lampung Tengah memaklumkan bahawa kertas siasatan kes itu telah lengkap dan akan dibawa ke Mahkamah Negeri Gunung Sugih dalam masa terdekat.","1928622482010816961","","SinarOnline","in","","0","1","0","https://x.com/undefined/status/1928622482010816961","331383958",
"1928607457770877352","Sat May 31 01:19:28 +0000 2025","0","@DrivonHeeseung gunung","1928622324648919243","","DrivonDNI","in","","0","1","0","https://x.com/undefined/status/1928622324648919243","807923739992043520",
"1928419876265230514","Sat May 31 01:19:06 +0000 2025","1","@qoyumrohliyah @B3doel___ 14 tewas https://t.co/FetHUbpT3M","1928622231103357311","","Naliintang","in","","0","1","0","https://x.com/undefined/status/1928622231103357311","1691877737445863425",
"1928622056217985337","Sat May 31 01:18:24 +0000 2025","1","Dikirimin temen reels dia lagi jalan2 ke air terjun di Swiss menikmati kopi sambil liat pemandangan gunung bersalju. Dia nikah sama bule Swiss ya pasti gitu terus pemandangannya. And here i am nontonin reelsnya dia sambil duduk di lorong RS menunggu konsulen visite beda nasib.","1928622056217985337","","","in","","0","0","0","https://x.com/undefined/status/1928622056217985337","62012815",
"1928621832212533448","Sat May 31 01:17:31 +0000 2025","0","Kemarin pas jemur baju ada 3 gunung yang kelihatan jelas banget dari kos. Terutama puncak merapii. Kemarin depan merapi itu aku gatau gunung apa juga keliatan cantik bangett. Syanag banget ga aku foto karna ga bawa hp","1928621832212533448","","","in","","0","0","0","https://x.com/undefined/status/1928621832212533448","1491074090727215105",
"1928617375265407111","Sat May 31 01:16:53 +0000 2025","0","@echanrawr Hahaha Oo kirain ke daerah Dempo sana ya mbak Makan lenggang dong kalo ke Dempo Iya maksudnya gunung Dempo","1928621673261261302","","echanrawr","in","","0","1","0","https://x.com/undefined/status/1928621673261261302","1875054637071708160",
"1928617375265407111","Sat May 31 01:15:43 +0000 2025","0","@Alvd186 oh gunung.HAHAHAHAHAHA kirain rute lari. yg di jawa kak","1928621379655463286","","echanrawr","in","","0","1","0","https://x.com/undefined/status/1928621379655463286","1705286909323522048",
"1928269747298386193","Sat May 31 01:15:04 +0000 2025","8","@Effendi1952 @giIangmahesa Eh dia malah milih untuk prioritasin wisatawan yang mayoritas bukan warga jabar biar nyaman lah terus warga lu sendiri yang tinggal disana mobilitasnya gimana jalan kaki gitu dari gunung mas sampe gadog? supir angkot sih dikasih kompensasi ya ga narik tetep dapet uang ","1928621213691105308","","1020_pm","in","","0","1","0","https://x.com/undefined/status/1928621213691105308","994638852",
"1928621187325624486","Sat May 31 01:14:57 +0000 2025","0","Gunung salak","1928621187325624486","","","in","","0","0","0","https://x.com/undefined/status/1928621187325624486","1816396719074234368",
"1928449842998841793","Sat May 31 01:14:12 +0000 2025","0","@MasMasBiassaa Iki sing jeblose arah gunung sikendil kayake","1928620997944684910","","MasMasBiassaa","tl","","0","1","0","https://x.com/undefined/status/1928620997944684910","706346022373462016",
"1928265445250851003","Sat May 31 00:45:33 +0000 2025","0","@flutterrshy_ @_cindercilla @efraimsthoughts dr atas gunung stlh teriak","1928613786350497898","","flutterrshy_","in","","0","0","0","https://x.com/undefined/status/1928613786350497898","1126101181602750466",
"1928613648525586439","Sat May 31 00:45:00 +0000 2025","1","Tambang di Gunung Kuda Cirebon Ditutup Selamanya Terjadinya longsor di lokasi tambang batu alam Gunung Kuda di Desa Cipanas Dukupuntang Cirebon membuat Gubernur Jabar Dedi Mulyadi memerintahkan supaya galian tersebut ditutup selamanya. Dari sisi aspek kebijakan saya sudah https://t.co/u2SV16n4DC","1928613648525586439","https://pbs.twimg.com/media/GsPIOq1aMAM4Pjq.jpg","","in","","0","0","1","https://x.com/undefined/status/1928613648525586439","786549338818224128",
"1928610826178412815","Sat May 31 00:44:30 +0000 2025","0","@ciirrussky gunung apa ya","1928613521601745090","","ciirrussky","in","","0","1","0","https://x.com/undefined/status/1928613521601745090","1764683786447720449",
"1928613095997583644","Sat May 31 00:42:48 +0000 2025","0","Gubernur Jabar Dedi Mulyadi Instruksikan Penutupan Tambang Gunung Kuda https://t.co/w13cpkepaF","1928613095997583644","","","in","","0","1","0","https://x.com/undefined/status/1928613095997583644","278855466",
"1545671434051014656","Sat May 31 00:41:46 +0000 2025","1","@NoorFiena Lah.. kalau bukan alumninya mau siapa lagi ? Tapi faktanya memang begitu kok. Kalau dekat2 aja sih tak masalah bermotor ria kalau harus sampai gunung kidul yo kadohan jeng.. Kecamatan Toilet ? ","1928612836080587119","","NoorFiena","in","","0","1","0","https://x.com/undefined/status/1928612836080587119","213682020",
"1928612347649704213","Sat May 31 00:39:50 +0000 2025","0","Lemes liat anak 5 tahun naik gunung kelam via verrata. Mungkin untuk sebagian ortu itu keren. Tp aku tetap menangangap naik gunung apalagi via verrata adalah kegiatan ekstrem bukan wisata.","1928612347649704213","","","in","","0","0","0","https://x.com/undefined/status/1928612347649704213","444358668",
"1928612259380548053","Sat May 31 00:39:29 +0000 2025","0","Bisa kasih ortu ajak jalan2 &amp; makan enak ortu bayarin kebutuhan orang rumah kadang naik gunung kadang konser beli jajan di superindo beli printilan lucu yg gabutuh2 amat dan yang pasti bisa menghidupi diri sendiri woww ngekost tuh emng bikin pinter ngurus keuangan ya ","1928612259380548053","","","in","","0","0","0","https://x.com/undefined/status/1928612259380548053","1282044867602870272",
"1928437630758531262","Sat May 31 00:39:12 +0000 2025","4","@SumandoGaek @mulkanjabariyan @StopPlandemit @ch4o5Myth @Faraz_kepri @FirmanSentosa22 @BukanAntarkota @mamakchayank @honeeyyda @dokter_kampung @seekracle @kertaspinus Makin jauh dr ibukota negara dan kota2 unggulan biasanya masih adem Pak. Saya healing ke kampung ortu aja skrg malem masih adem tanpa ac padahal cuma di kaki gunung. Yg jelas 7-8 jam via tol 9-10jam non to dr jakarta.","1928612190161960969","","SumandoGaek","in","","0","1","0","https://x.com/undefined/status/1928612190161960969","1501741769306021890",
"1928612036289708310","Sat May 31 00:38:35 +0000 2025","28","Sebelum menjabat gubernur Jabar tpatnya 3 thn lalu pernah mendatangi lokasi penambangan Gunung Kuda Kab.Cirebon. @DediMulyadi71 meminta instansi/kementrian terkait melakukan evaluasi terkait izin tambangnya sebab tdk memenuhi unsur standardisasi keamanan bagi para pegawainya !! https://t.co/qzvTV3aLlN","1928612036289708310","https://pbs.twimg.com/ext_tw_video_thumb/1928611954085736449/pu/img/ZI0w37YByXJ4y99M.jpg","","in","","2","3","10","https://x.com/undefined/status/1928612036289708310","1216290368397836290",
"1928299293036716208","Sat May 31 00:38:33 +0000 2025","0","@pipoeww mainnn (kerjanya naik gunung aja sih) ","1928612026294698167","","pipoeww","in","","0","1","0","https://x.com/undefined/status/1928612026294698167","1867550850086055936",
"1928612019365626187","Sat May 31 00:38:32 +0000 2025","0","kakek dikasih duit banyak bgt. keluarganya terkenal bgt juragan. karena ya punya gunung. terakhir kali kesana kalo ga salah pas nikahan anak kakek yg bungsu. alias paman aku. kakek masih ada tapi nenek udah ga ada n udah nikah lagi. gunung udah rata. udah habis pasirnya. udah","1928612021576085979","","findingdotdae","in","","0","1","0","https://x.com/undefined/status/1928612021576085979","3114404111",
"1928612019365626187","Sat May 31 00:38:31 +0000 2025","0","gunung kuda. di cirebon. saudara aku punya gunung juga kaya gunung kuda. masih inget pas masih kecil kalo ke cirebon itu gunung bentuknya kaya gunung kuda banget diambilin n dijualin pasirnya. ya waktu kecil ga ngerti lah ya kalo merusak ekosistem. seneng2 aja kalo ketemu si-","1928612019365626187","","","in","","0","1","0","https://x.com/undefined/status/1928612019365626187","3114404111",
"1928503760298623041","Sat May 31 00:38:18 +0000 2025","0","@suneateerrrr saatnya saaa colab sama popol gw udh lama gak turun gunung ","1928611964160508279","","suneateerrrr","in","","0","1","0","https://x.com/undefined/status/1928611964160508279","1573934323304378368",
"1928610070637564397","Sat May 31 00:30:47 +0000 2025","0","Viral Wisatawan China Serbu Gunung Bromo Ini 7 Fakta Mengejutkan https://t.co/76l3cX37Lq","1928610070637564397","","","in","","0","0","0","https://x.com/undefined/status/1928610070637564397","132078023",
"1928610004107473258","Sat May 31 00:30:31 +0000 2025","0","Update Longsor Tambang Gunung Kuda: 14 Tewas Evakuasi Dihentikan Sementara Karena Medan Gelap https://t.co/j94UvESgnk","1928610004107473258","","","in","","0","0","0","https://x.com/undefined/status/1928610004107473258","263711825",
"1928398136566751577","Sat May 31 00:28:00 +0000 2025","0","@imwinler Kemana dulu gunung mana","1928609372092993917","","winqter","in","","0","1","0","https://x.com/undefined/status/1928609372092993917","1868249407499722752",
"1928609352786575798","Sat May 31 00:27:56 +0000 2025","0","Gunung sumbing secantik ituuu. Gpp saat ini cuma sampai 2812 mdpl semoga ada kesempatan lain buat bisa sampai ke puncak rajawali https://t.co/IapWDAX7Zo","1928609352786575798","https://pbs.twimg.com/media/GsPL5AoaMAA6uHm.jpg","","in","","0","2","0","https://x.com/undefined/status/1928609352786575798","1054283383407181824",
"1928303471779840286","Sat May 31 00:26:38 +0000 2025","1","@malikarrahiem Apakah di buku ini juga mengisahkan perjalanannya mendaki gunung di seluruh pulau Jawa?","1928609028935991771","","malikarrahiem","in","","0","1","0","https://x.com/undefined/status/1928609028935991771","1119880258075807744",
"1928487749306429779","Sat May 31 00:24:28 +0000 2025","0","@spasisspasi yang ada malah helikopter di tengah tengah gunung ","1928608481868702068","","spasisspasi","in","","0","1","0","https://x.com/undefined/status/1928608481868702068","1743101825652535296",
"1928607946612646027","Sat May 31 00:22:20 +0000 2025","0","Cek NEEDXUSS-#B52 Sandal Gunung Fashion Wanita Highsole Sandal Wedges Perekat Shoes Kekinian dengan harga Rp149.999. Dapatkan di Shopee sekarang! https://t.co/j57Ikf5bPI https://t.co/ZyBWAiTSu9","1928607946612646027","https://pbs.twimg.com/media/GsPKrTLaMAEWPWg.jpg","","in","","0","0","0","https://x.com/undefined/status/1928607946612646027","1902024888761892864",
"1928571847399907400","Sat May 31 00:20:22 +0000 2025","0","@kali_gunung Dari tulisan dia sih gitu. Dan bangga dong dia https://t.co/RWs4o9csgY","1928607447775649976","https://pbs.twimg.com/media/GsPKPqBbAAAz9Vx.jpg","autophile_lux","in","","0","1","0","https://x.com/undefined/status/1928607447775649976","1310279656965246976",
"1928595092945920327","Sat May 31 00:19:17 +0000 2025","0","Sekretaris Daerah (Sekda) Provinsi Jawa Barat Herman Suryatman menerangkan adanya penerapan SOP yang tidak sesuai standar sehingga menimbulkan korban jiwa di longsor tambang batu Gunung Kuda Desa Cipanas Kec. Dukupuntang Kab. Cirebon. Maka akan dilakukan penutupan permanen https://t.co/7pxkIdvXQf","1928607176035283405","https://pbs.twimg.com/media/GsPJ_wZaMAMJvYP.jpg","RadioElshinta","in","","0","1","0","https://x.com/undefined/status/1928607176035283405","121640063",
"1928607065561247868","Sat May 31 00:18:50 +0000 2025","0","nyaru bgt bujel sama batu cocok tinggal di gunung gamping. https://t.co/OgFw5M07xi","1928607065561247868","https://pbs.twimg.com/media/GsPJ52CbAAA4_6_.jpg","","in","","0","0","0","https://x.com/undefined/status/1928607065561247868","826093390706073605",
"1928606927602462955","Sat May 31 00:18:17 +0000 2025","11"," BISNIS SEPERTI MERAPI ‍️Ini adalah cara pandang seorang pebisnis pecinta gunung. Bisnis itu seperti merapi kadang tenang kadang meledak. Tapi justru dari letusan itu tanahnya semakin subur. Bisnis juga sering mengalami hal yang sama dikhianati ditinggalkan oleh rekan https://t.co/q9mxvkt7oh","1928606927602462955","https://pbs.twimg.com/ext_tw_video_thumb/1928605818272018432/pu/img/bF7jSK30ghVzLz9H.jpg","","in","","2","6","1","https://x.com/undefined/status/1928606927602462955","540629861",
"1928606911995457982","Sat May 31 00:18:14 +0000 2025","3","Kang Dedi Mulyadi 3 Tahun Lalu Tinjau Tambang Gunung Kuda Cirebon Karena Ada Peristiwa Gunung Roboh KDM Sudah Peringatkan Untuk Tinjau Terlebih Dulu Karena Jenis Batuan Gunung Ini Relatif Rapih Potensi Roboh Kembali 3 Tahun Kemudian Gunung Ini Roboh Kembali https://t.co/ph4w0NHNCS","1928606911995457982","https://pbs.twimg.com/ext_tw_video_thumb/1928606818013769728/pu/img/TJzRenmBrPU_pY3T.jpg","","in","","0","0","0","https://x.com/undefined/status/1928606911995457982","2170763288",
"1928606850972287363","Sat May 31 00:17:59 +0000 2025","0","Guys tawarin aku sepatu buat naik gunung dong","1928606850972287363","","","in","","0","1","0","https://x.com/undefined/status/1928606850972287363","1533466204194881536",
"1928606839295578608","Sat May 31 00:17:56 +0000 2025","4","Daftar Nama Korban Tewas Akibat Longsor Gunung Kuda Cirebon Polresta Cirebon Jawa Barat memastikan 14 korban tewas akibat longsor Gunung Kuda Cirebon berhasil dievakuasi oleh tim gabungan. Sebanyak 14 orang sudah dievakuasi teridentifikasi dan telah diserahkan kepada https://t.co/2CVAmyllOs","1928606839295578608","https://pbs.twimg.com/media/GsPJm8nbkAARihk.jpg","","in","","1","1","2","https://x.com/undefined/status/1928606839295578608","786549338818224128",
"1928606671380582453","Sat May 31 00:17:16 +0000 2025","0","Dia kemana sih tersesat di gunung apa gimana ni anak ilang mulu ","1928606671380582453","","","in","","0","2","0","https://x.com/undefined/status/1928606671380582453","1419295033",
"1928606369512345761","Sat May 31 00:16:04 +0000 2025","0","Pagi. Awalin weekend ini dengan nyuci baju setumpukan gunung anjim mau patah pinggang gue.","1928606369512345761","","","in","","0","4","0","https://x.com/undefined/status/1928606369512345761","1854424683158130688",
"1928604524694089769","Sat May 31 00:08:45 +0000 2025","0","banyak yg tanya kenapa sih kok aktif lagi ke gunung ya karena hobby lah babii.","1928604524694089769","","","in","","0","0","0","https://x.com/undefined/status/1928604524694089769","1293718392268980224",
"1928542054944223658","Sat May 31 00:08:23 +0000 2025","25","@ardisatriawan potensi gempanya dari aktifitas seismik tektonik lempeng kejadian benerannya tsunami dari longsor vulkanik gunung Rakata Tuhan kadang becanda yg ngga masuk akal manusia","1928604434482741669","","ardisatriawan","in","","0","2","0","https://x.com/undefined/status/1928604434482741669","859296876448718854",
"1928602532747817148","Sat May 31 00:05:29 +0000 2025","0","@aesthicblue Biasa gue kan petapa gunung kunlun","1928603703189066035","","aesthicblue","in","","0","1","0","https://x.com/undefined/status/1928603703189066035","1715660326493126656",
"1928571847399907400","Sat May 31 00:04:47 +0000 2025","0","@hidupdatarku Malsuin ktp tad?","1928603530274676958","","hidupdatarku","in","","0","1","0","https://x.com/undefined/status/1928603530274676958","1735141551393878016",
"1928482885972975868","Sat May 31 00:04:31 +0000 2025","0","@carsjebgail narasinya salah harusnya dzawin nur sukses bikin panji tidak takut setan lgi setelah mendaki gunung kawi ","1928603462138220862","","carsjebgail","in","","0","0","0","https://x.com/undefined/status/1928603462138220862","1241854767199956992",
"1928603090875306310","Sat May 31 00:03:03 +0000 2025","0","terbiasa ke gunung cobain mantaii .... https://t.co/bBOxLDMqD8","1928603090875306310","https://pbs.twimg.com/media/GsPGQqvaMAMqZFm.jpg","","in","","0","0","0","https://x.com/undefined/status/1928603090875306310","1055637676680826880",
"1928602395023651205","Sat May 31 00:00:17 +0000 2025","0","Nama-nama 25 Korban Longsor Tambang Gunung Kuda Cirebon: 14 Tewas 11 Luka-luka https://t.co/Q0kHPqXAxs","1928602395023651205","","","in","","0","1","0","https://x.com/undefined/status/1928602395023651205","132078023",
"1928602313913995471","Fri May 30 23:59:57 +0000 2025","0","Nama-nama 25 Korban Longsor Tambang Gunung Kuda Cirebon: 14 Tewas 11 Luka-luka https://t.co/Q0kHPqX2HU","1928602313913995471","","","in","","0","0","1","https://x.com/undefined/status/1928602313913995471","132078023",
"1928598429527048294","Fri May 30 23:59:00 +0000 2025","0","@DelonJu01 Bang kenapa ngga nyoba merayu Zidane buat turun gunung ya?","1928602072460538268","","DelonJu01","in","","0","1","0","https://x.com/undefined/status/1928602072460538268","1260520940007350272",
"1928602006375284934","Fri May 30 23:58:44 +0000 2025","0","Longsor di Gunung Kuda Cirebon: 14 Orang Tewas-8 Hilang https://t.co/QgoTpcRh6e","1928602006375284934","","","in","","0","1","0","https://x.com/undefined/status/1928602006375284934","1534151126097899521",
"1928601637113000066","Fri May 30 23:57:16 +0000 2025","0","Malam nanti aku mau trekking ke gunung Galunggung yang estimasinya 5-6 jam semoga badan ini fit mental ini baik fisik semuanya kuat dan sehat. Naik selamat turun pun selamat dijauhkan dari marabahaya dan Pacet","1928601637113000066","","","in","","0","1","0","https://x.com/undefined/status/1928601637113000066","1768524491918135296",
"1928363297688146234","Fri May 30 23:19:14 +0000 2025","0","@yourbae Gunung wilis","1928592066457776146","","yourbae","in","","0","0","0","https://x.com/undefined/status/1928592066457776146","1314271358",
"1928591125859938513","Fri May 30 23:15:30 +0000 2025","0","Giat Patroli Hunting di Seputaran Pepadun dan Buyut Udik Buyut Ilir Kec Gunung Sugih Kab. Lampung Tengah guna Mencegah terjadinya Tindak Pidana C-3 dan Gangguan Kamtibmas lainnya di Wilayah Hukum Polsek Gunung Sugih Polres Lampung Tengah. Sabtu (31 Mei 2025) #patrolikryd https://t.co/EQfyuEgPGo","1928591125859938513","https://pbs.twimg.com/media/GsO7TcpbgAAwNjV.jpg","","in","","0","0","0","https://x.com/undefined/status/1928591125859938513","1269125579841798146",
"1928224604562035093","Fri May 30 23:14:16 +0000 2025","0","@L4NK @OposisiCerdas Cerita pengalaman naik gunung saja pakai teks","1928590814231273485","","L4NK","in","","0","0","0","https://x.com/undefined/status/1928590814231273485","883815919473930240",
"1928590756085903544","Fri May 30 23:14:02 +0000 2025","0","Tragedi Galian C Gunung Kuda Cirebon Telan Korban 14 Orang Tewas 8 Orang Dilaporkan Hilang https://t.co/hhkcRSR0j4 Alhamdulillah Libur #cirebon","1928590756085903544","","","in","","0","1","0","https://x.com/undefined/status/1928590756085903544","1791843584666464256",
"1928590686326067430","Fri May 30 23:13:45 +0000 2025","0","Longsor di Gunung Kuda Cirebon Tewaskan 14 Orang Pemprov Jabar Tetapkan Darurat Bencana https://t.co/SlBzZsGzvq","1928590686326067430","","","in","","0","1","0","https://x.com/undefined/status/1928590686326067430","132078023",
"1928590447691157521","Fri May 30 23:12:48 +0000 2025","0","Garutt!! Bener bener bagus banget pemandangan alamnya! Definisi kota yg dikelilingi gunung dan pegunungan. Mata ini disuguhi sama pemandangan yg masyaallah banget. Aaaa next akan menjelajahi garut sampe puas!! See u Garut!","1928590447691157521","","","in","","0","0","0","https://x.com/undefined/status/1928590447691157521","1223666558",
"1928482885972975868","Fri May 30 23:12:35 +0000 2025","0","@indra1lesmana3 @carsjebgail udh pernah mendaki gunung gk bang tapi karna satu dan lain hal kendala sampe kemah tengah malam?","1928590392703766783","","indra1lesmana3","in","","0","0","0","https://x.com/undefined/status/1928590392703766783","2317024195",
"1928460137137922234","Fri May 30 23:11:25 +0000 2025","0","@democrazymedia Ngabarin turun gunung masuk kolam","1928590099350171957","","democrazymedia","in","","0","0","0","https://x.com/undefined/status/1928590099350171957","1916673164496805888",
"1928583502011805780","Fri May 30 23:09:27 +0000 2025","33","Karena gabut aku jalan pagi ke pasar deket sini viewnya baguuuus gunung gini https://t.co/yiPBeTROXi","1928589602866213063","https://pbs.twimg.com/media/GsO6BNbaMAAA-Qt.jpg","ditanyaan","in","","0","9","0","https://x.com/undefined/status/1928589602866213063","1265559020888371200",
"1928020407107375138","Fri May 30 23:05:21 +0000 2025","0","@caenip cwe di manga tt-nya segede gunung trus ada yg cosplay karakter itu tapi tt-nya ga segede itu dihujat diblg perasaan si ini mah tt-nya gede deh ya logika aja itu manga fiksi buatan manusia mau segede apa pun jg bsa ini mah manusia asli mna ada segede gitu.","1928588572615127474","","caenip","in","","0","0","0","https://x.com/undefined/status/1928588572615127474","1333577719225798657",
"1928507855981699554","Fri May 30 23:04:18 +0000 2025","1","@qzxrtp1 Infokan tektok gunung Everest","1928588306666651990","","qzxrtp1","in","","0","0","0","https://x.com/undefined/status/1928588306666651990","1162063708215894017",
"1912158119842492697","Fri May 30 23:01:48 +0000 2025","0","@SusantiOlga Pengen gunung kecil punya dirimu","1928587676032090549","","BalikpapanGl0_","in","","0","0","0","https://x.com/undefined/status/1928587676032090549","911615365515419648",
"1928587415133794588","Fri May 30 23:00:45 +0000 2025","16","Selamat pagi Indonesia Kemegahan Gunung Sumbing dan Candi Borobudur. @awaneko_20 https://t.co/XkxSn2fSGY","1928587415133794588","https://pbs.twimg.com/ext_tw_video_thumb/1928587384238780418/pu/img/DpquoEhjjR4ssJ2w.jpg","","in","","1","1","3","https://x.com/undefined/status/1928587415133794588","1548530637945982979",
"1928587408473296997","Fri May 30 23:00:44 +0000 2025","0","weekend gini saatnya apa? yap jadi babu nyuci baju yg numpuk spt gunung itu ","1928587408473296997","","","in","","0","0","0","https://x.com/undefined/status/1928587408473296997","1695033130909065216",
"1928587242911813822","Fri May 30 23:00:04 +0000 2025","0","Jikalau aku melihat gunung-gunung Gunung Merapi Gunung Semeru Gunung Merbabu Gunung Tangkuban Perahu Gunung Kelebet dan gunung-gunung yang lain Aku melihat Indonesia - Soekarno #IndonesiaEmas","1928587242911813822","","","in","","0","0","0","https://x.com/undefined/status/1928587242911813822","1891685698157281282",
"1928320347712991677","Fri May 30 22:53:18 +0000 2025","1","@kelixmann dulu ada pak surono (pvmbg) yg selalu memberi info dan pencerahan tentang bencana gunung api di media sampe sby dan sri sultan nurut sama dia ketika merapi 2010. Ada juga Alm Pak Sutopo yg sering memberi info tentang gempa dsb..dan sekarang orang² itu tak ada lg penerusnya.","1928585539449426259","","kelixmann","in","","0","0","0","https://x.com/undefined/status/1928585539449426259","1246132039360729088",
"1928577943355170839","Fri May 30 22:52:15 +0000 2025","1","@is_pelssy Siluman Penunggu gunung ngamuk Karena tempat tinggalnya tidak mau hilang tergusur oleh keserakahan Pengusaha ..","1928585276663935230","","is_pelssy","in","","0","0","0","https://x.com/undefined/status/1928585276663935230","709721068856954880",
"1928584543172173915","Fri May 30 22:49:21 +0000 2025","1","#Earthquake (#terramoto) M4.4 strikes 42 km SE of Gunung Dilarini (#Timor-Leste) 11 min ago. More info: https://t.co/qeMyKmD2V6","1928584543172173915","","","in","","0","0","0","https://x.com/undefined/status/1928584543172173915","2449645080",
"1928241408265122045","Fri May 30 22:47:51 +0000 2025","0","@angga_fzn jangankan detect longsor.. gempa dr gunung api keluar lava aja orang2nya susah juga dievakuasi jadi kadang in some cases emang krn rakyatnya jg yg bkin jd ada korban","1928584165668118638","","angga_fzn","in","","0","0","0","https://x.com/undefined/status/1928584165668118638","102256054",
"1928583450715447352","Fri May 30 22:45:00 +0000 2025","0","Keluarga Besar PA Gunung Sugih mengucapkan turut berduka cita atas wafatnya H. Yaya Sudarya bin Api (Ayahanda tercinta dari YM Bapak Asep Nurdiansyah S.H. Ketua PA Krui) Semoga amal ibadah beliau diterima disisi Nya dan keluarga yang ditinggalkan diberikan ketabahan. Aamiin. https://t.co/WoiModiifo","1928583450715447352","https://pbs.twimg.com/media/GsO0SzvaEAAWs83.jpg","","in","","0","0","0","https://x.com/undefined/status/1928583450715447352","1483008143953362946",
"1928583048125100500","Fri May 30 22:43:24 +0000 2025","86","Rekomendasi Dress Cewe Cantik Floral dress vintage cottagecore coquette elegan dan cocok untuk hangout jalan-jalan ke gunung atau pantai hari raya kondangan atau ootd -A Thread- https://t.co/vgIo0xU8Sr","1928583048125100500","https://pbs.twimg.com/media/GsO0DnwbEAA-l67.jpg","","in","","3","25","55","https://x.com/undefined/status/1928583048125100500","1516644246354161666",
"1928581415723045325","Fri May 30 22:36:55 +0000 2025","0","Tragedi longsor galian tambang Gunung Kuda Cirebon Jawa Barat merenggut 14 korban jiwa dan 11 lainnya luka. Kemungkinan korban bertambah. #mcinewsid #gunungkudacirebon https://t.co/2jV1n3N2Iw","1928581415723045325","","","in","","0","0","0","https://x.com/undefined/status/1928581415723045325","1898989765539819521",
"1928499329074966619","Fri May 30 22:35:29 +0000 2025","1","@n4rciss1st_ @ethaanleeee mungkin ngratain gunung di jabar","1928581055000231938","","n4rciss1st_","in","","0","0","0","https://x.com/undefined/status/1928581055000231938","1756318469216452608",
"1928483794534985991","Fri May 30 22:35:10 +0000 2025","0","@southrenz aku lebih sering ke bukit-bukit tinggi gituu kalau gunung cuma baru ke kembang. terus ke slamet juga tapi ga sampe puncak cuma sampai pos 2 an ajaa buat trail run :&gt; how about you? udah jadi pendaki sepuh ini kayanyaa ","1928580975392420002","","","in","","0","0","0","https://x.com/undefined/status/1928580975392420002","1736304380067098624",
"1928580410683863534","Fri May 30 22:32:55 +0000 2025","1","Unes tuh kebanyakan sampingan ANJEM soalnya alo mau ke semarang kota jauuuuuuuhh menuruni gunung awkaokaiqkq","1928580410683863534","","","in","","0","0","0","https://x.com/undefined/status/1928580410683863534","1308014881145196546",
"1928580348700422488","Fri May 30 22:32:41 +0000 2025","0","ngene iki lho gunung dipadakno tempat wisata https://t.co/GBjtTqy1bx","1928580348700422488","https://pbs.twimg.com/media/GsOxmf3aMAATfjH.jpg","","in","","0","0","0","https://x.com/undefined/status/1928580348700422488","310684504",
"1928579470601949464","Fri May 30 22:29:11 +0000 2025","0","Ini TL sg-ku dipenuhi oleh suami istri yang honeymoon ke gunung awokawok lumayan dapat view rinjani kawah ijen snorkling view pantai merah️","1928579470601949464","","","in","","0","0","0","https://x.com/undefined/status/1928579470601949464","713987424754335744",
"1928332385692832078","Fri May 30 22:26:29 +0000 2025","0","@Urrangawak worth it banget mereka riil ojek gunung dan sekuat itu","1928578789031710865","","Urrangawak","in","","0","0","0","https://x.com/undefined/status/1928578789031710865","1466370433",
"1928577943355170839","Fri May 30 22:23:07 +0000 2025","24","Innalillahi Wainnailaihi Raji'un .. Aktivitas Tambang di Gunung Kuda Dihentikan Usai Longsor Tewaskan 14 Orang https://t.co/gVr7C8qjgr","1928577943355170839","","","in","","1","15","6","https://x.com/undefined/status/1928577943355170839","2412572689",
"1927885677447840113","Fri May 30 22:14:46 +0000 2025","0","@Berant_takan Gunung harusnya tempat aman","1928575840423444487","","Berant_takan","in","","0","0","0","https://x.com/undefined/status/1928575840423444487","1456880017284427777",
"1928406122173464957","Fri May 30 22:08:44 +0000 2025","0","@Bacoleng sudah jadi konglomerat masih juga terlibat korupsi triliunan. Memang benar sabda Rasulullah Muhammad Saw bahwa manusia itu kalau dikasih 1 gunung emas tak puas hingga tanah masuk kedalam mulutnya alias masuk kubur baru berakhir keserakahannya","1928574323243004349","","Bacoleng","in","","0","0","0","https://x.com/undefined/status/1928574323243004349","126858175",
"1928572648876909013","Fri May 30 22:02:05 +0000 2025","6","Longsor di Gunung Kuda Desa Cipanas Kecamatan Dukuhpuntang Kabupaten Cirebon Jawa Barat ditetapkan sebagai darurat bencana. https://t.co/uat0JI81sq","1928572648876909013","","","in","","0","1","1","https://x.com/undefined/status/1928572648876909013","68930552",
"1928571288710205764","Fri May 30 21:56:41 +0000 2025","0","kalo nonton fullnya pandji akhirnya jadi ga takut woi wkwk dia tengah malem berani kencing sendiri yg mana dzawin sama tim yg lain itu takut kencing sendiri dia juga akhirnya bilang mau naik gunung lagi ","1928571288710205764","","","in","","0","0","0","https://x.com/undefined/status/1928571288710205764","1104926442658230272",
"1928570891031429269","Fri May 30 21:55:06 +0000 2025","0"," ayo main roblox kita hajar trend2 yg seliweran di tiktok. mau naik gunung juga ga? nanti kita dokumentasiin misalkan","1928570891031429269","","","in","","0","0","0","https://x.com/undefined/status/1928570891031429269","3351217367",
"1928378439091765397","Fri May 30 21:24:15 +0000 2025","0","@bimachandraaa @MelodyUnited Gunung/Cunha bisa sih.. hojlund tuker pala sama vlahovic.. duit penjualan Bruno tinggal mikir nanti buat beli siapa.","1928563130604408883","","bimachandraaa","in","","0","0","0","https://x.com/undefined/status/1928563130604408883","192425093",
"1928560708469317676","Fri May 30 21:22:29 +0000 2025","0","@headcnon Bnyak siu tadi gw manjat gunung salak main the mimic abis itu paling lama main indo camp","1928562682476584964","","ciphericz","in","","0","1","0","https://x.com/undefined/status/1928562682476584964","1726201696878252032",
"1928456262208942384","Fri May 30 20:58:06 +0000 2025","0","@mecalledu Wah mau. Baru 2 minggu lalu naik Puncak Junghun puncak gunung yang dinamakan atas namanya.","1928556547350696240","","mecalledu","in","","0","1","0","https://x.com/undefined/status/1928556547350696240","80359874",
"1928343037865832654","Fri May 30 20:53:14 +0000 2025","0","@msianaffairs Teropong Ajaib dr Gunung Ledang https://t.co/LQJrH8Is3g","1928555323276546187","https://pbs.twimg.com/tweet_video_thumb/GsOa1s6aEAAi8EV.jpg","RakyatDemocrat","in","","0","0","0","https://x.com/undefined/status/1928555323276546187","1919623822560657415",
"1928554592524185690","Fri May 30 20:50:20 +0000 2025","0","Long weekend kali ini gak ke gunung dulu ya guys https://t.co/CxFbylgyUh","1928554592524185690","https://pbs.twimg.com/media/GsOaK2EbAAAeGuN.jpg","","in","","0","0","0","https://x.com/undefined/status/1928554592524185690","1865411089787457536",
"1928551648105775236","Fri May 30 20:38:38 +0000 2025","1","recap malam ini edisi ngemong 2 bocil. bisa menamatkan gunung raung jadi model habis itu ditutup dengan photo booth. @coqyete gx bsa ditag memberi dislike https://t.co/BPsrBL3KjW","1928551648105775236","https://pbs.twimg.com/media/GsOXgA_bcAANxgo.jpg","","in","","1","1","1","https://x.com/undefined/status/1928551648105775236","724979009323450368",
"1928300263455981676","Fri May 30 18:59:32 +0000 2025","0","@ocehangaluh @AJoemanta klo dibahas lebih jauh tipe orng pesisir itu mudah beradaptasi mau apaapa harus berusaha dahulu makanya tipe mereka keras dan berbanding terbalik dari orng gunung. scr culture emng gaakan bisa nyatu","1928526709462122709","","ocehangaluh","in","","0","0","0","https://x.com/undefined/status/1928526709462122709","1265131821068455936",
"1928281346390077476","Fri May 30 18:59:25 +0000 2025","0","@alfamarl Naik gunung","1928526680538087829","","alfamarl","in","","0","0","0","https://x.com/undefined/status/1928526680538087829","1190159964574081024",
"1928264825421058403","Fri May 30 18:59:04 +0000 2025","0","@hipohan Mau Louw pakai anti peluru &amp; 10jt pengawal klau si panglima sdh turun gunung PUTUS LEHER LOE TOLOL !!! Gak perlu stop aja buang2x duit wong tugasnya hanya mengawasi para PSK dsana.","1928526591921106965","","hipohan","in","","0","0","0","https://x.com/undefined/status/1928526591921106965","1445130898467291149",
"1928363505704653288","Fri May 30 18:58:45 +0000 2025","0","@munvess GUNUNG GEDE PLISSS MENDAKI GUNUNG GEDEEE SUMPAH SE SERU ITUUU ","1928526511377699295","","munvess","in","","0","0","0","https://x.com/undefined/status/1928526511377699295","1813076726408486917",
"1928525845506699637","Fri May 30 18:56:06 +0000 2025","1","Kepala Kepolisian Resor Kota Cirebon Beserta Staf dan Jajaran Mengucapkan TURUT BERDUKA CITA Atas Musibah Bencana Tanah Longsor Pertambangan Galian C Gunung Kuda Desa Cipanas Kec. Dukupuntang Kab. Cirebon #PolrestaCirebon #KapolrestaCirebon @divisihumaspolri @humaspoldajabar https://t.co/rPApl3IXOL","1928525845506699637","https://pbs.twimg.com/media/GsOACSnaMAUvFYM.jpg","","in","","0","0","0","https://x.com/undefined/status/1928525845506699637","1262277887236825088",
"1928468507332645328","Fri May 30 18:54:39 +0000 2025","0","@RiesPris07 @Muhammadrizaa14 Sekalian gunung kidul biar ujung lagi","1928525482032599472","","RiesPris07","in","","0","2","0","https://x.com/undefined/status/1928525482032599472","1534355876836159489",
"1928525220937175457","Fri May 30 18:53:37 +0000 2025","4","first summit di gunung andong wit @fuclouie fotonya tdk estetok alias tlol bgt ga ke sep ke galeri https://t.co/qBrmlUYxXm","1928525220937175457","https://pbs.twimg.com/media/GsN_dnfaMAEmbbR.jpg","","in","","0","3","0","https://x.com/undefined/status/1928525220937175457","1122724179294310402",
"1928524868464623766","Fri May 30 18:52:13 +0000 2025","0","hmmmmmm gw kepikiran. idup gw ternyata hanya sebatas di rumah dan di kampus doanggg. gitu aja bulak-balik (2-3 bulan ini) kalo libur di rumah doang jir nugas kek....? gak seru bgt dah idup lo. I NEED TO FEEL SOMETHING. naek gunung kek tapi ke tahura aja gw nyerah deng https://t.co/AyfFOLjvgG","1928524868464623766","https://pbs.twimg.com/tweet_video_thumb/GsN_IvJa0AA4YuL.jpg","","in","","0","0","0","https://x.com/undefined/status/1928524868464623766","1404717319675211784",
"1928524249473626188","Fri May 30 18:49:45 +0000 2025","14","Detik-detik Tambang Batu Gunung Kuda Longsor 10 Korban Tewas. Kawasan Tambang Galian C Gunung Kuda Desa Cipanas Kecamatan Dukupuntang Cirebon Jawa Barat pada Jumat (30/5/2025). Innalillahi https://t.co/kL09dbQAYF","1928524249473626188","https://pbs.twimg.com/ext_tw_video_thumb/1928524210772783105/pu/img/RzV-zTP0LkCvBI0c.jpg","","in","","0","0","3","https://x.com/undefined/status/1928524249473626188","1729354223614304256",
"1928523790310649929","Fri May 30 18:48:42 +0000 2025","0","Mnamatkan gunung karang yg sering ngebug itu https://t.co/xdNpw62POw","1928523983063765081","https://pbs.twimg.com/media/GsN-V2faMAATHA7.jpg","jyanayune","in","","0","0","0","https://x.com/undefined/status/1928523983063765081","1531488765272727557",
"1928480173889888668","Fri May 30 18:45:58 +0000 2025","0","@tavorxyn @yappingfess Jangankan nguras air laut mindahin gunung juga ezzz sekarang nih.","1928523295747440962","","tavorxyn","in","","0","0","0","https://x.com/undefined/status/1928523295747440962","1820099497915277312",
"1928523049197818272","Fri May 30 18:44:59 +0000 2025","0","ya Allah mau ndaki gunung sumbing bgtt KEK GUNUNG SUMBING TU GANTENGG N GAGAHH BGTT GT haudjsksksk","1928523049197818272","","","in","","0","0","0","https://x.com/undefined/status/1928523049197818272","1266537939284094976",
"1928522763452690831","Fri May 30 18:43:51 +0000 2025","4","tektok gunung bongkok pagi ini lesgow ","1928522763452690831","","","in","","0","1","0","https://x.com/undefined/status/1928522763452690831","1239588382574964738",
"1928520300590752245","Fri May 30 18:43:18 +0000 2025","0","ㅤ ... tantangan kita. Teater itu bukan soal tempat tapi soal rasa. Lo bisa berdiri di halaman sekolah tapi dalam imajinasi lo lo lagi di puncak gunung. Atau di ruang takhta kerajaan. Imajinasi lo kunci. Karena panggung teater itu terbatas. Tapi pikiran lo nggak. ... ㅤ","1928522623987638661","","valley_lilie","in","","0","1","1","https://x.com/undefined/status/1928522623987638661","2276240240",
"1928482885972975868","Fri May 30 18:41:11 +0000 2025","0","@jackran99a @carsjebgail Ada di yt judulnya kesaktian gunung kawi.","1928522093454336169","","jackran99a","in","","0","1","0","https://x.com/undefined/status/1928522093454336169","1465699178332385289",
"1928520072689234194","Fri May 30 18:33:10 +0000 2025","1","SK*ND*LL Cewek Cantik Gunung Gede Limuyi https://t.co/S61rkAKYkD viral cosplay cosplayer hiburan","1928520072689234194","","","in","","0","0","0","https://x.com/undefined/status/1928520072689234194","1823406341458944002",
"1928519103066566825","Fri May 30 18:29:18 +0000 2025","1","mau pergi ke jepang terus naik gunung fuji pas udah dipuncaknya teriak: 'ANJING LU SEMUANYA' too much gak ya ges wkwkwkwk tai lah","1928519103066566825","","","in","","0","1","0","https://x.com/undefined/status/1928519103066566825","262633148",
"1928518162397671732","Fri May 30 18:25:34 +0000 2025","0","fyp gua skrng jadi mt.rinjaniii kmrn surfing skrng gunung hari sibuk bgt","1928518162397671732","","","in","","0","0","0","https://x.com/undefined/status/1928518162397671732","1518729069210193920",
"1928517266251129249","Fri May 30 18:22:01 +0000 2025","0","guys yg map tangkuban parahu sm gunung salak tuh emg ada hantunya kah???? ak mau main tp takut pocong bejir ","1928517266251129249","","","in","","0","3","0","https://x.com/undefined/status/1928517266251129249","1542579531776524289",
"1928517031969828897","Fri May 30 18:21:05 +0000 2025","2","cobain semuanya sebelum telat ntr kek makin jauh makin ribet dll nya kek naik gunung yaampun gua ngapain pas kemarin ga ribet gua ga kesitu sekarang makin ribet dem","1928517031969828897","","","in","","0","0","0","https://x.com/undefined/status/1928517031969828897","1674240667453882368",
"1928490746966839411","Fri May 30 18:18:22 +0000 2025","1","@hogheyyyy yu ke gunung lagiii ke prau yuu bagus banget trus treknya gabeda jauh sama papandayan vieww nyaa cakepp banget kalo cerahh","1928516350453964886","","hogheyyyy","in","","0","1","0","https://x.com/undefined/status/1928516350453964886","1287730003",
"1928363297688146234","Fri May 30 18:17:58 +0000 2025","0","@yourbae Gunung kembar klo ga bener","1928516248457150922","","yourbae","in","","0","0","0","https://x.com/undefined/status/1928516248457150922","1022509266366738432",
"1928516066591793237","Fri May 30 18:17:15 +0000 2025","0","kok kita jadi bahas gunung gini vey?? @vv_eyy","1928516066591793237","","","in","","0","1","0","https://x.com/undefined/status/1928516066591793237","1652912571006210048",
"1928515887554039819","Fri May 30 18:16:32 +0000 2025","0","kebiasaan di jam segini otak gua aktif banget. pengen mancing naik gunung liat komodo. gua cuma pengen tidur... ","1928515887554039819","","","in","","0","3","0","https://x.com/undefined/status/1928515887554039819","3248648323",
"1928088105719886182","Fri May 30 18:12:10 +0000 2025","0","@jekkwalterz Pecinta alam yg kegiatannya cuman naik gunung itu ?","1928514789405237536","","jekkwalterz","in","","0","0","0","https://x.com/undefined/status/1928514789405237536","1070335207415308288",
"1928514360093061475","Fri May 30 18:10:28 +0000 2025","0","Ini kenapa krenf pada turun gunung?","1928514360093061475","","","in","","0","0","0","https://x.com/undefined/status/1928514360093061475","1330273812114497537",
"1928513592577651109","Fri May 30 18:07:25 +0000 2025","0","Punya experience baru naik gunung wkwk Gunung andong done Gunung sindoro done Gunung prau done","1928513592577651109","","","in","","0","0","0","https://x.com/undefined/status/1928513592577651109","1188787930011058179",
"1928426384520536387","Fri May 30 18:06:05 +0000 2025","1","@babegini Gunung dan tiktoker.","1928513258396283101","","babegini","in","","0","0","0","https://x.com/undefined/status/1928513258396283101","919616833002512385",
"1928511881972703472","Fri May 30 18:00:37 +0000 2025","0","Semua orang naik gunung","1928511881972703472","","","in","","0","0","0","https://x.com/undefined/status/1928511881972703472","1762843993757667328",
"1928405395065754087","Fri May 30 17:59:50 +0000 2025","0","@flowelune kak nani alias si gunung fuji jepun dari awal muncul langsung suka sama karakter dia karena gapake basa basi dan sungkan langsung ngatain profil sky mirip ikan asin","1928511683661586648","","flowelune","in","","0","0","0","https://x.com/undefined/status/1928511683661586648","1240065838322831360",
"1921829706183114941","Fri May 30 17:59:23 +0000 2025","0","@yoojuwn Aerok aerok.. Noh lu inget gak tiap malem siapa yang minta kerok? Lu .. tiap malem gw mengukir sawah gunung dan matahari cerah di punggung lu. Serius lu nanya knp endingnya gini ya i'm not your problem anymore so who am i offending now?","1928511572554473863","","yoojuwn","in","","0","0","0","https://x.com/undefined/status/1928511572554473863","1726866101676699648",
"1928511400986501583","Fri May 30 17:58:42 +0000 2025","0","Tewaskan 14 Orang Izin Tambang Gunung Kuda Cirebon Stop Selamanya https://t.co/kpQiBz7763 lewat @nawacit4","1928511400986501583","","","in","","0","0","0","https://x.com/undefined/status/1928511400986501583","1667231432",
"1928511354463224254","Fri May 30 17:58:31 +0000 2025","0","Tewaskan 14 Orang Izin Tambang Gunung Kuda Cirebon Stop Selamanya https://t.co/hkCFRifHkq lewat @nawacit4","1928511354463224254","","","in","","0","0","0","https://x.com/undefined/status/1928511354463224254","3158354773",
"1928509117372543438","Fri May 30 17:58:28 +0000 2025","0","@evenofddablue gw mau naik gunung jam 2 nanggung","1928511340102168728","","sshxttygame","in","","0","0","0","https://x.com/undefined/status/1928511340102168728","1668626121104166915",
"1928510718036283410","Fri May 30 17:55:59 +0000 2025","0","gunung sunda with rafa n inan https://t.co/2og8L5eV4e","1928510718036283410","https://pbs.twimg.com/media/GsNyRnSaAAAOZHI.jpg","","in","","0","0","0","https://x.com/undefined/status/1928510718036283410","1917236853021028353",
"1928487462495727661","Fri May 30 17:55:04 +0000 2025","0","@dillonwillend bakal naik gunung lagi engga ka dil?","1928510485986431103","","dillonwillend","in","","0","0","0","https://x.com/undefined/status/1928510485986431103","1643996131838558210",
"1928510412712005944","Fri May 30 17:54:47 +0000 2025","1","info loker pengalaman terakhir mendaki gunung di roblok ","1928510412712005944","","","in","","0","3","0","https://x.com/undefined/status/1928510412712005944","1797557769043865600",
"1928501151953035632","Fri May 30 17:51:35 +0000 2025","0","@odbiruu kenapa tbtb gunung salak","1928509607258783952","","odbiruu","in","","0","0","0","https://x.com/undefined/status/1928509607258783952","1843722876538748928",
"1928124295743414325","Fri May 30 17:49:09 +0000 2025","0","@oktovers Gunung lembu ya kampung gue","1928508998031933602","","oktovers","in","","0","1","0","https://x.com/undefined/status/1928508998031933602","1543061598272532480",
"1928508630397067706","Fri May 30 17:47:42 +0000 2025","0","kapalnya udah nabrak gunung es tenggelem sama rose jack ","1928508630397067706","","","in","","0","0","0","https://x.com/undefined/status/1928508630397067706","2838662613",
"1928471092558954873","Fri May 30 17:47:04 +0000 2025","0","@atresyaa KNP NAIK GUNUNG","1928508474310148382","","atresyaa","in","","0","1","0","https://x.com/undefined/status/1928508474310148382","1912392224509415424",
"1928487462495727661","Fri May 30 17:46:35 +0000 2025","0","@dillonwillend ada agenda naik gunung lagi ga dil??","1928508349022134714","","dillonwillend","in","","0","0","0","https://x.com/undefined/status/1928508349022134714","1622646004595191809",
"1928096861916909629","Fri May 30 17:45:29 +0000 2025","0","@kanjengGondoku1 @kegblgnunfaedh Gunung","1928508075826159763","","kanjengGondoku1","in","","0","0","0","https://x.com/undefined/status/1928508075826159763","1599201673830072321",
"1928506146136142189","Fri May 30 17:41:29 +0000 2025","0","@idgaf4o di gunung kalik","1928507068945736053","","idgaf4o","in","","0","1","0","https://x.com/undefined/status/1928507068945736053","1773600783566864384",
"1928506992596767158","Fri May 30 17:41:11 +0000 2025","0","ingatkan aku untuk tidak ke gunung","1928506992596767158","","","in","","0","0","0","https://x.com/undefined/status/1928506992596767158","1826998180858499072",
"1928506222841405532","Fri May 30 17:38:08 +0000 2025","6","!Roblox Aku pernah sebelumnya ke gunung sunda. Sekarang nyoba lagi ada update ternyata. DISERBU POCI GUEH BEJIR. KANAN KIRI ADA BAYANGIN MANA ADA JAMSKER dan...aku sendiri. BERGETAR JIWA RAGA https://t.co/Iwd4Utpawu","1928506222841405532","https://pbs.twimg.com/media/GsNuMIXWsAAAYDQ.jpg","","in","","1","2","1","https://x.com/undefined/status/1928506222841405532","1903872646678470656",
"1928505414527889540","Fri May 30 17:34:55 +0000 2025","0","https://t.co/mzU3QggnQT: Satu Pelaku Pencurian di Gunung Maligas Diringkus ... https://t.co/PrYzFUlkqS","1928505414527889540","","","in","","0","0","0","https://x.com/undefined/status/1928505414527889540","837297869753233410",
"1928501079127584985","Fri May 30 17:32:59 +0000 2025","0","@Rmiezx ceweknya gunung gede","1928504927568949676","","Rmiezx","in","","0","1","0","https://x.com/undefined/status/1928504927568949676","1879477058046443520",
"1928452160368631908","Fri May 30 17:32:33 +0000 2025","0","@ardesignvisual @Heraloebss Orang-orang di Gunung Kuda Cirebon bekerja di tambang galian C untuk mengekstraksi batu alam. Mereka mencari nafkah melalui aktivitas penambangan yang sah karena situs ini berlisensi resmi. Namun longsor tragis pada 30 Mei 2025 mengungkap masalah keamanan serius dengan situs","1928504820484460835","","ardesignvisual","in","","0","0","0","https://x.com/undefined/status/1928504820484460835","1720665183188922368",
"1928502821776732538","Fri May 30 17:32:30 +0000 2025","0","@fraisedal naik gunung caleb","1928504808287383975","","fraisedal","in","","0","1","0","https://x.com/undefined/status/1928504808287383975","1405575372733747202",
"1928012259659260227","Fri May 30 17:32:14 +0000 2025","0","@Ehroumn sumpah gunung salak aja gw nyerah lohh apalahi yg ngejar :)))) tp ayo kapan kapan mabar kita","1928504738347106513","","Ehroumn","in","","0","1","0","https://x.com/undefined/status/1928504738347106513","2317903332",
"1928274327494881606","Fri May 30 17:31:44 +0000 2025","0","@whiskey250195 rutinitas ya ke gunung","1928504612182782009","","whiskey250195","in","","0","1","0","https://x.com/undefined/status/1928504612182782009","1365981927606378505",
"1928459544646025577","Fri May 30 17:30:43 +0000 2025","0","@roblox_fess gunung dempo ada playlist nya nder","1928504358817222767","","roblox_fess","in","","0","0","0","https://x.com/undefined/status/1928504358817222767","876024177018286081",
"1928502157797400969","Fri May 30 17:30:35 +0000 2025","0","@iniacikenyal gunung apaan ul","1928504326089056524","","iniacikenyal","in","","0","1","0","https://x.com/undefined/status/1928504326089056524","3289035790",
"1928482885972975868","Fri May 30 17:30:25 +0000 2025","1","@carsjebgail Macan ya (Kumbang Tutul) bukan Harimau.. Macan di gunung daerah Jawa memang ada Macan seperti kucing liar yg kalo ketemu manusia cenderung menghindar beda dengan Harimau yg jelas² memang cari mangsa termasuk manusia..","1928504284422742173","","carsjebgail","in","","0","0","0","https://x.com/undefined/status/1928504284422742173","304432702",
"1928462203352670348","Fri May 30 17:27:43 +0000 2025","2","@ngtvspace @NAGIISEISHIRO @senimangerabah di bukit aja mo nabrak temen sendiri apalagi gunung yg gede","1928503603267858849","","ngtvspace","in","","0","1","1","https://x.com/undefined/status/1928503603267858849","1498295169845981185",
"1928503384471904592","Fri May 30 17:26:51 +0000 2025","0","Seob kalo liat bocil lari di gunung.. biarin aja dia kesandung ya. Caper aja itu biarin ya https://t.co/6V7gI8uoUU","1928503384471904592","https://pbs.twimg.com/media/GsNrm3caMAMla_P.jpg","","in","","0","0","0","https://x.com/undefined/status/1928503384471904592","1896875705176395776",
"1928341653430939819","Fri May 30 17:26:28 +0000 2025","0","@andiiqbalilyas1 gunung dong pastinya","1928503289198297320","","andiiqbalilyas1","in","","0","0","0","https://x.com/undefined/status/1928503289198297320","1347069552836808704",
"1928503266993975496","Fri May 30 17:26:23 +0000 2025","0","Iya lagi baru sadar temen2 gw yg hobinya naik gunung rata2 mirip genta tinggi kurus ngemong dan banyak ide wkwkwk","1928503266993975496","","","in","","0","0","0","https://x.com/undefined/status/1928503266993975496","1572724323345117184",
"1928462203352670348","Fri May 30 17:26:21 +0000 2025","0","@masbiellr @ngtvspace @senimangerabah gunung rinjani aja lah bil ga maen kecil kecilan","1928503260597416075","","masbiellr","in","","0","0","0","https://x.com/undefined/status/1928503260597416075","1327991525742055426",
"1928498050000937047","Fri May 30 17:05:39 +0000 2025","0","Guys bengong di gunung yuk","1928498050000937047","","","in","","0","0","0","https://x.com/undefined/status/1928498050000937047","1771253259178766336",
"1928497984737570980","Fri May 30 17:05:23 +0000 2025","0","Mau naik gunung terus teriak sekencengnya ampe burung keluar dari kandangnya (kek di adegan film film)","1928497984737570980","","","in","","0","0","0","https://x.com/undefined/status/1928497984737570980","1771253259178766336",
"1928363297688146234","Fri May 30 17:05:06 +0000 2025","0","@yourbae gunung genji","1928497911622406234","","yourbae","in","","0","0","0","https://x.com/undefined/status/1928497911622406234","98783874",
"1928482885972975868","Fri May 30 17:04:48 +0000 2025","90","@carsjebgail beda pandji kak tapi iya katanya emang gunung kawi tuh angker soalnya sering buat pesugihan gitu-gitu cmiiw yaa","1928497837270028774","","carsjebgail","in","","0","3","3","https://x.com/undefined/status/1928497837270028774","1628699321045757953",
"1928490576330027454","Fri May 30 17:02:42 +0000 2025","0","@tthomaskong Semua anak kayaknya pernah gambar dua gunung matahari tengah deh","1928497309488222273","","","in","","0","0","0","https://x.com/undefined/status/1928497309488222273","1171520699799728129",
"1928496669294788984","Fri May 30 17:00:10 +0000 2025","0","gunung yg cocok buat pemula apa ya??? (irl)","1928496669294788984","","","in","","0","2","0","https://x.com/undefined/status/1928496669294788984","1882365355991142400",
"1928496651108495765","Fri May 30 17:00:06 +0000 2025","0","Masih ada pertanda lain ketika aku dilahirkan Gunung Kelud yang tidak jauh letaknya dari tempat kami meletus Orang yang percaya kepada tahyul meramalkan Ini adalah penyambutan terhadap bayi Sukarno - Soekarno #IndonesiaEmas","1928496651108495765","","","in","","0","0","0","https://x.com/undefined/status/1928496651108495765","1872885865955115011",
"1928496513577087436","Fri May 30 16:59:33 +0000 2025","0","Empat Orang Pekerja Tambang di Gunung Kuda Cirebon Tewas Tertimbun Longsoran Sembilan Luka-Luka https://t.co/Nw2njxN1AS.","1928496513577087436","","","in","","0","0","0","https://x.com/undefined/status/1928496513577087436","1919586890166239239",
"1928496079776924066","Fri May 30 16:57:49 +0000 2025","1","Pencarian korban longsor tambang batu alam Gunung Kuda Kabupaten Cirebon dihentikan hari ini. Pencarian korban akan dilanjutkan besok. Selengkapnya di sini! https://t.co/cesmbYCltI","1928496079776924066","https://pbs.twimg.com/amplify_video_thumb/1928495984839110656/img/Jmr4Z2rFX1_TpfY_.jpg","","in","","0","0","0","https://x.com/undefined/status/1928496079776924066","1668145168468541441",
"1928495754290639353","Fri May 30 16:56:32 +0000 2025","0","Longsor di Tambang Batu Gunung Kuda Cirebon: 4 Pekerja Tewas Sejumlah Korban Masih Dicari https://t.co/st7vobl2BU. Penulis: | Editor: Ign Prayoga","1928495754290639353","","","in","","0","0","0","https://x.com/undefined/status/1928495754290639353","1919586890166239239",
"1928495703833411924","Fri May 30 16:56:20 +0000 2025","0","Korban Jiwa Capai 13 Orang ESDM akan Tutup Galian C Gunung Kuda https://t.co/1drdEcWYVJ","1928495703833411924","","","in","","0","0","0","https://x.com/undefined/status/1928495703833411924","1318853792893300737",
"1928495633914302502","Fri May 30 16:56:03 +0000 2025","0","AHDONEKEEEJJWKWKWJ I NEED NAIK GUNUNG BUAT HEALING","1928495633914302502","","","in","","0","0","0","https://x.com/undefined/status/1928495633914302502","1771253259178766336",
"1928495526733033877","Fri May 30 16:55:37 +0000 2025","0","Badan Geologi: Lokasi Longsor Gunung Kuda Zona Rawan Gerakan Tanah https://t.co/2YTnDevv5Y","1928495526733033877","","","in","","0","0","0","https://x.com/undefined/status/1928495526733033877","1318853792893300737",
"1928461716502745433","Fri May 30 16:54:39 +0000 2025","0","@Kamoesiapa_ Main naik gunung dong seruu","1928495281974214843","","Kamoesiapa_","in","","0","1","0","https://x.com/undefined/status/1928495281974214843","1463419434186407942",
"1928441397973242268","Fri May 30 16:54:25 +0000 2025","2","dulu dari h-3 bulan sampe h-1minggu UTBK aku tetep ada agenda keluar tiap minggunya. aku belajar 5 hari dengan intens satu harinya aku pake untuk main sama orang terdekatku atau sendirian. intinya AKU HARUS MAIN. aku naik gunung main ps nongkrong gak belajar deh pokoknya !","1928495222188552396","","classicyys","in","","0","1","0","https://x.com/undefined/status/1928495222188552396","1860600832162693123",
"1928363297688146234","Fri May 30 16:54:11 +0000 2025","5","@yourbae Tanya kakak ini bang dia sering naik gunung @_Wendywalters","1928495163539624202","","yourbae","in","","0","0","0","https://x.com/undefined/status/1928495163539624202","3172185487",
"1928470142549098719","Fri May 30 16:53:20 +0000 2025","0","@_siscasaras_ Yu ka sis gunung gede","1928494948212461718","","_siscasaras_","tl","","0","0","0","https://x.com/undefined/status/1928494948212461718","1676959176713707522",
"1928490896384995639","Fri May 30 16:53:12 +0000 2025","1","@Putrichandra363 Pengen dijepit gunung kembar","1928494914930606557","","Putrichandra363","in","","0","0","0","https://x.com/undefined/status/1928494914930606557","1754506747707019265",
"1928363297688146234","Fri May 30 16:53:02 +0000 2025","0","@yourbae gunung pati rap gitu aja gatau","1928494873482780738","","yourbae","in","","0","0","0","https://x.com/undefined/status/1928494873482780738","1474857416361607168",
"1928363297688146234","Fri May 30 16:52:35 +0000 2025","0","@yourbae Gunung Myoboku","1928494760072798485","","yourbae","in","","0","0","0","https://x.com/undefined/status/1928494760072798485","1196759119241207808",
"1928438820111884445","Fri May 30 16:33:47 +0000 2025","20","@mandarinfess sesuai mood dia aja Nder kadang mood di motor kadang di mobil kadang di nyanyi kadang di aktor kadang naik gunung suka-suka dia lah semua","1928490032307875992","","mandarinfess","in","","0","0","0","https://x.com/undefined/status/1928490032307875992","1894089527914053632",
"1927782591236567307","Fri May 30 16:33:30 +0000 2025","1","Gunung Pangrango https://t.co/GWKMC5Atb9","1928489960610390118","https://pbs.twimg.com/media/GsNfZAGb0AAQ_up.jpg","Blaugrona","tl","","0","1","0","https://x.com/undefined/status/1928489960610390118","3254806876",
"1928489774458757532","Fri May 30 16:32:58 +0000 2025","0"," Gunung ini sudah berapa kali terjadi bencana longsor pernah ditutup dibuka lagi .","1928489826572968422","","Banyulangit__1","in","","0","0","0","https://x.com/undefined/status/1928489826572968422","1570642985527971840",
"1928101465697947787","Fri May 30 16:32:49 +0000 2025","0","@sosmedkeras Kalo kamu ga masalah sama jarak tempuh ke atas gunung berat air waktu yg dibuang silahkan ambil sendiri di gunung gratis.","1928489786882535518","","sosmedkeras","in","","0","0","0","https://x.com/undefined/status/1928489786882535518","226915883",
"1928489506686067112","Fri May 30 16:31:42 +0000 2025","0","wow ga espek udah mndaki 20 gunung di robloxx","1928489506686067112","","","in","","0","1","0","https://x.com/undefined/status/1928489506686067112","1814343113588219913",
"1928341653430939819","Fri May 30 16:30:46 +0000 2025","0","@andiiqbalilyas1 Lebih suka gunung sih","1928489269766521315","","andiiqbalilyas1","in","","0","0","0","https://x.com/undefined/status/1928489269766521315","1479281481843240962",
"1928489261281476993","Fri May 30 16:30:44 +0000 2025","0","ntr kalo dikasih khunnos rest dr semua sosmed dan semedi dulu di atas gunung himalaya","1928489261281476993","","","in","","0","0","0","https://x.com/undefined/status/1928489261281476993","1871921828740145152",
"1928466786477134311","Fri May 30 16:29:18 +0000 2025","0","@obsessionv_ seruuu ihhh apalgi waktu gunung semeru belum di tutup ak bsa melihat pemandangan danau yang bener bener bagus minus nya kalo baru pertama kali bakal geter kaki mending yang pemula dulu daki gunung nya kaya 1000/2000mdpl","1928488899988292086","","obsessionv_","in","","0","1","0","https://x.com/undefined/status/1928488899988292086","1808897152388902918",
"1928316886615195938","Fri May 30 16:28:48 +0000 2025","0","@urnahida gunung slamet cocok bgt buat pemulaaaa","1928488776638333235","","urnahida","in","","0","1","0","https://x.com/undefined/status/1928488776638333235","1441970277336768514",
"1928488706056343873","Fri May 30 16:28:31 +0000 2025","1","Polresta Cirebon Bantu Evakuasi Korban Pasca Bencana Longsor di Gunung Kuda. #PolrestaCirebon #KapolrestaCirebon #PolriUntukMasyarakat #Hotline110 @divisihumaspolri @polisi_indonesia @spripim.polri @humaspoldajabar https://t.co/oH95UwjmC5","1928488706056343873","https://pbs.twimg.com/media/GsNePlgaMAACPCB.jpg","","in","","0","0","0","https://x.com/undefined/status/1928488706056343873","1262277887236825088",
"1928488536296271932","Fri May 30 16:27:51 +0000 2025","0","ajak aku naik gunung pelisssss udah prepare bet iniiii https://t.co/jwtIaCyWrB","1928488536296271932","https://pbs.twimg.com/media/GsNeGOAaMAMNZUH.jpg","","in","","0","1","0","https://x.com/undefined/status/1928488536296271932","599039374",
"1928488461717135464","Fri May 30 16:27:39 +0000 2025","0","Terus kan gak lama lek ku turun gunung (kebetulan rumahnya di atas gunung atas banget mau puncaknya) bareng sama ipar aku juga mau beli bahan buat masak masak besoknya sekalian beli jajanan sekitar jam 7an lewat lek ku yang satu mau masak air buat mandi-","1928488485276569706","","rencheens","in","","0","1","0","https://x.com/undefined/status/1928488485276569706","297300082",
"1928433157180624966","Fri May 30 16:27:06 +0000 2025","0","@Iasthaitani Jauuuuuuh lebih gampang susah mati juga. Best gunung-gunung di Indonesia. Wkwkwkwk pernah gunung Slamet namanya doang artinya selamat. Gampang matinya disana ","1928488347867226334","","Iasthaitani","in","","0","1","0","https://x.com/undefined/status/1928488347867226334","3140546068",
"1928488305877721160","Fri May 30 16:26:56 +0000 2025","0","ketika kejebak di gunung dan respon pacarku: https://t.co/Ki3igOdNUV","1928488305877721160","https://pbs.twimg.com/media/GsNd4DXb0AA15zN.jpg","","in","","0","0","0","https://x.com/undefined/status/1928488305877721160","1452249774",
"1928453413517271293","Fri May 30 16:25:30 +0000 2025","0","@wangqnyu Kan aku bilang emang ga usah balik ke Gunung Daze stay aja di bumi","1928487946132300144","","wangqnyu","in","","0","1","0","https://x.com/undefined/status/1928487946132300144","2499927151",
"1928487932664725858","Fri May 30 16:25:27 +0000 2025","0","gua bsk mo naik gunung rinjani","1928487932664725858","","","in","","0","1","0","https://x.com/undefined/status/1928487932664725858","1319876725837238272",
"1928487841572479281","Fri May 30 16:25:05 +0000 2025","0","Bantuan Logistik Mulai Disalurkan ke Korban Longsor Gunung Kuda Cirebon https://t.co/NGECZCMqm8","1928487841572479281","","","in","","0","0","0","https://x.com/undefined/status/1928487841572479281","1578222594",
"1928487749306429779","Fri May 30 16:24:43 +0000 2025","2","ternyata kong juga sama aja kek kita yang kalo bikin gunung pasti segitiga lancip terus ada matahari nya di tengah https://t.co/lcQ4FNSHu6","1928487749306429779","https://pbs.twimg.com/media/GsNdYz-aMAImAkn.jpg","","in","","0","1","0","https://x.com/undefined/status/1928487749306429779","1743101825652535296",
"1928487704779423819","Fri May 30 16:24:33 +0000 2025","1","lika liku mabar gunung hari ini sama teh @bbmyeonn sampai sekarang kita belum ke pu cake Semeru *struggle berdua* https://t.co/AAsQO09KH4","1928487704779423819","https://pbs.twimg.com/media/GsNdWMXbEAAKmxS.jpg","","in","","1","1","0","https://x.com/undefined/status/1928487704779423819","1793973942031687680",
"1928487536525013139","Fri May 30 16:23:52 +0000 2025","1","edisi nyasar di gunung jir @41seraph @sangzhily https://t.co/Ze1JecPDYY","1928487536525013139","https://pbs.twimg.com/media/GsNdLxdaMAIXgBZ.jpg","","in","","0","2","1","https://x.com/undefined/status/1928487536525013139","1904526149465915392",
"1928487504942084108","Fri May 30 16:23:45 +0000 2025","4","Polisi memeriksa sejumlah orang termasuk pihak pengelola akibat insiden longsor tersebut. https://t.co/Q3wjzzMZrY","1928487504942084108","","","in","","1","0","1","https://x.com/undefined/status/1928487504942084108","69183155",
"1928487304395399482","Fri May 30 16:22:57 +0000 2025","14","Tragedi longsor di tambang Gunung Kuda Cirebon menewaskan 10 orang dan melukai 12 lainnya. Pemerintah Jawa Barat tutup lokasi dan cabut izin operasional. https://t.co/wsIu5EZk6Z","1928487304395399482","","","in","","1","0","1","https://x.com/undefined/status/1928487304395399482","69183155",
"1928481463458001104","Fri May 30 16:22:39 +0000 2025","0","@lavendelfarben buat nyapu gunung sp tw ye kan","1928487227333415210","","lavendelfarben","in","","0","1","0","https://x.com/undefined/status/1928487227333415210","1411616440717746177",
"1928484333603422397","Fri May 30 16:21:55 +0000 2025","0","@alkohoIr Walaupun dari sana gagal beli pindang gunung buat oleh-oleh jepret cakep itu wajib","1928487043203576100","","alkohoIr","in","","0","1","0","https://x.com/undefined/status/1928487043203576100","1882053739546378240",
"1928486989638123969","Fri May 30 16:21:42 +0000 2025","3","Pemerintah Provinsi Jawa Barat secara resmi menghentikan sementara seluruh aktivitas pertambangan di kawasan Gunung Kuda. https://t.co/RRRYawEth6","1928486989638123969","","","in","","0","0","1","https://x.com/undefined/status/1928486989638123969","69183155",
"1928486831399502072","Fri May 30 16:21:04 +0000 2025","11","Proses evakuasi korban longsor di Gunung Kuda. Menurut laporan wartawan Radar Cirebon di lokasi kejadian Sebanyak 14 orang meninggal dunia dan 5 luka-luka dalam insiden tanah longsor di lokasi pertambangan Gunung Kuda Desa Cipanas Kecamatan Dukupuntang Kabupaten Cirebon https://t.co/67WMAD2Cup","1928486831399502072","https://pbs.twimg.com/ext_tw_video_thumb/1928486752609767424/pu/img/06gRQzOpQ5dBYHmN.jpg","","in","","1","1","6","https://x.com/undefined/status/1928486831399502072","1570642985527971840",
"1928485483538989389","Fri May 30 16:20:58 +0000 2025","0","Siapa cb yg mau nambak gunung? atau menggarami air laut? yg sdh nyata asinnya. Jd kyk melakukan usaha yg sia-sia","1928486805596147854","","melamundimotor","in","","0","1","0","https://x.com/undefined/status/1928486805596147854","1824214873401856002",
"1928486466008527341","Fri May 30 16:19:37 +0000 2025","0","hari ini tektok 5 gunung sekaligus gg gaming gk gusy https://t.co/MSNhFFj7Ha","1928486466008527341","https://pbs.twimg.com/media/GsNcNybaoAARNLd.jpg","","in","","0","1","0","https://x.com/undefined/status/1928486466008527341","1654493364920758273",
"1928410977827000508","Fri May 30 16:19:12 +0000 2025","0","@ubaygaling cari aja di google gunung kuda longsor ","1928486362279457115","","ubaygaling","in","","0","0","0","https://x.com/undefined/status/1928486362279457115","1567855469242482688",
"1928475119187378201","Fri May 30 16:19:01 +0000 2025","0","@Muzal1410 efek erupsi gunung","1928486313868529881","","Muzal1410","in","","0","0","0","https://x.com/undefined/status/1928486313868529881","1683146040910946306",
"1928485701252719071","Fri May 30 16:16:35 +0000 2025","0","kalo lgi pusing gini jadi bm naik gunung lagi..","1928485701252719071","","","in","","0","1","0","https://x.com/undefined/status/1928485701252719071","1187203201159716864",
"1928485529244389473","Fri May 30 16:15:54 +0000 2025","0","Percepat Evakuasi Longsor Danrem 063/SGJ hadir di Gunung Kuda @puspentni @tni_angkatan_darat @kodamsiliwangi https://t.co/EVEx0HFk71","1928485529244389473","https://pbs.twimg.com/media/GsNbXbdaMAQTPeJ.jpg","","in","","0","0","0","https://x.com/undefined/status/1928485529244389473","1446855366524895240",
"1928485483538989389","Fri May 30 16:15:43 +0000 2025","0"," Menambak gunung menggarami laut peribahasa yg menarik :)) serta reflektif untuk dilamunkan","1928485483538989389","","","in","","0","1","0","https://x.com/undefined/status/1928485483538989389","1824214873401856002",
"1928485356631892084","Fri May 30 16:15:13 +0000 2025","0","Di sini gunung di sana gunung Adakah night owl yang mau berkawan all night long? Tinggalkan jejakmu biar kudobrak dmmu sampe meyon memisahkan hi hi hi hi https://t.co/sEuznfLG6c","1928485356631892084","https://pbs.twimg.com/media/GsNbNjjXsAE7uPS.jpg","","in","","0","25","0","https://x.com/undefined/status/1928485356631892084","1317650104937967616",
"1928485040851399165","Fri May 30 16:13:57 +0000 2025","1","Puncak Gunung Geurute Jaya Aceh https://t.co/VtoKzXdxuM","1928485040851399165","https://pbs.twimg.com/media/GsNa6rKbYAArtxN.jpg","","in","","0","1","0","https://x.com/undefined/status/1928485040851399165","892015585231380480",
"1928406128548880422","Fri May 30 16:13:41 +0000 2025","0","@Mdy_Asmara1701 Kasihan jadi tumbal penguasa gunung Alam punya cara sendiri untuk menghukum pengusaha tambang akibat keserakahan melupakan sedekah Bumi.","1928484972639195483","","Mdy_Asmara1701","in","","0","0","0","https://x.com/undefined/status/1928484972639195483","709721068856954880",
"1928484755076473211","Fri May 30 16:12:49 +0000 2025","1","Sumpah buaya: demi cintaku padamu gunung akan aku daki samudera akan kuseberangi. Baru lihat razia polisi malah pacarnya ditinggal kabur.","1928484755076473211","","","in","","0","1","0","https://x.com/undefined/status/1928484755076473211","4200694752",
"1928469544324247722","Fri May 30 16:12:15 +0000 2025","1","@TaklimH18275 Di gunung kuda?","1928484613099254231","","TaklimH18275","in","","0","2","0","https://x.com/undefined/status/1928484613099254231","1251824880967774208",
"1928484561102799032","Fri May 30 16:12:03 +0000 2025","0","pegel peg hbis naik gunung","1928484561102799032","","","in","","0","0","0","https://x.com/undefined/status/1928484561102799032","1846412217459294208",
"1928484222437675249","Fri May 30 16:10:42 +0000 2025","0","Akhir² ini lg doyan dengerin podcast cerita horror pendakian gunung ","1928484222437675249","","","in","","0","0","0","https://x.com/undefined/status/1928484222437675249","52047037",
"1928241408265122045","Fri May 30 16:06:48 +0000 2025","0","@angga_fzn Kalo masalah ini sih dari warganya juga kadang malah merusak alat. Kaya detector tsunami yg ilang alat deteksi gunung yg dipretelin. Bukan sekali dua kali bahkan di Semeru udah 4 kali (cmiiw) alat deteksi erupsinya hilang.","1928483240194560311","","angga_fzn","in","","0","0","0","https://x.com/undefined/status/1928483240194560311","615124453",
"1928482885972975868","Fri May 30 16:06:36 +0000 2025","746","harusnya bang Panji nonton ini dulu sebelum nge-iya-in naik gunung https://t.co/GRuxMabNzA","1928483189330190728","https://pbs.twimg.com/amplify_video_thumb/1928483116018290688/img/zOdJpMlbLdv_ychU.jpg","carsjebgail","in","","6","2","59","https://x.com/undefined/status/1928483189330190728","1590876191455465477",
"1928483146976153698","Fri May 30 16:06:26 +0000 2025","1","GENGSINYA SETINGGI GUNUNG EVEREST MASYAALLAH ","1928483146976153698","","","in","","0","0","0","https://x.com/undefined/status/1928483146976153698","1764591591245893632",
"1928471981248106859","Fri May 30 16:05:41 +0000 2025","0","@neiuther Manusia jaga sikap kan ga harus di gunung. Kamu di rumahku baru datang ga jaga sikap juga baliknya pasti pusing.","1928482957712646334","","neiuther","in","","0","1","0","https://x.com/undefined/status/1928482957712646334","1739265592534958080",
"1928482885972975868","Fri May 30 16:05:24 +0000 2025","16986","Komika SUCI 4 Dzawin Nur sukses bikin Panji ketakutan saat mendaki gunung Kawi. Setau aku yang namanya Panji itu ga takut hutan yaa.. tapi aku lupa kalo yang satu ini bukan Panji owner Garaga.. https://t.co/8GmbHZ4SDw","1928482885972975868","https://pbs.twimg.com/media/GsNY9WuaIAAsgqx.jpg","","in","","66","186","1308","https://x.com/undefined/status/1928482885972975868","1590876191455465477",
"1928482726556114993","Fri May 30 16:04:46 +0000 2025","4","naik gunung everest bikin kesel","1928482726556114993","","","in","","0","3","0","https://x.com/undefined/status/1928482726556114993","336462749",
"1928470142549098719","Fri May 30 16:04:08 +0000 2025","0","@_siscasaras_ naik gunung di roblox aje","1928482569730818166","","_siscasaras_","in","","0","0","0","https://x.com/undefined/status/1928482569730818166","1214978977",
"1928481312765022308","Fri May 30 16:04:07 +0000 2025","0","Pas lagi packing emak gua liat ... Trus ngomel2 kamu mau kmna? ke gunung? Pake tas gede sgala wkwkwk agak shock emak gua liat gua packing soal nya dah lama bgt ada 1 tahun lebih gua libur ke alam...","1928482564236255377","","Permata78088458","in","","0","0","0","https://x.com/undefined/status/1928482564236255377","1538495588089888768",
"1928482463912694057","Fri May 30 16:03:43 +0000 2025","0","info nanjak gunung bawakaraeng","1928482463912694057","","","in","","0","0","0","https://x.com/undefined/status/1928482463912694057","1896886238168379393",
"1928467347624587446","Fri May 30 16:03:28 +0000 2025","0","@zzeyanne Main puncak roblox yang gunung lawu","1928482401912569867","","zzeyanne","in","","0","0","0","https://x.com/undefined/status/1928482401912569867","4443166032",
"1928078198501261710","Fri May 30 16:03:24 +0000 2025","0","@hwowl Demi ape gunung asli sekarang","1928482384808177928","","hwowl","in","","0","1","0","https://x.com/undefined/status/1928482384808177928","3295609481",
"1928470142549098719","Fri May 30 16:03:22 +0000 2025","0","@_siscasaras_ Ayook sis.. gunung mana ???","1928482376885166112","","_siscasaras_","in","","0","0","0","https://x.com/undefined/status/1928482376885166112","1399511994",
"1928482260166307970","Fri May 30 16:02:54 +0000 2025","0","temen2 cewek gue keren bangettt dah ada yg diving paralayang naik gunung 3000an warwerworrrrr","1928482260166307970","","","in","","0","0","0","https://x.com/undefined/status/1928482260166307970","599039374",
"1928457919772700844","Fri May 30 16:01:03 +0000 2025","0","@keyokpum anak kecik naik gunung tanpa arahan ortu ","1928481794472702189","","keyokpum","in","","0","0","0","https://x.com/undefined/status/1928481794472702189","63071449",
"1928470142549098719","Fri May 30 16:00:29 +0000 2025","0","@_siscasaras_ AYOOOO MAU GUNUNG MANAA OTWWW","1928481650591039637","","_siscasaras_","in","","0","0","0","https://x.com/undefined/status/1928481650591039637","1329956653928652800",
"1928481622451511795","Fri May 30 16:00:22 +0000 2025","0","Ya bagus dong impor batu (mentah) diolah jadi stainless dkk. Ada added value ga cuma ngeruk gunung","1928481622451511795","","","in","","0","0","0","https://x.com/undefined/status/1928481622451511795","783583964",
"1928481574816760301","Fri May 30 16:00:11 +0000 2025","1","Tidak bisa dihubungi karena.... masih di gunung... see u tomorrow di bawah! https://t.co/dqSAEd3WTg","1928481574816760301","https://pbs.twimg.com/media/GsNXxBoa8AA6rtl.jpg","","in","","0","0","0","https://x.com/undefined/status/1928481574816760301","2197488559",
"1928481463458001104","Fri May 30 15:59:44 +0000 2025","0","cokk tektok gunung bawa bulu mata buat apa️️️","1928481463458001104","","","in","","0","1","0","https://x.com/undefined/status/1928481463458001104","1524334354964443136",
"1928470142549098719","Fri May 30 15:59:12 +0000 2025","0","@_siscasaras_ pas ke surabaya nanti jgn lupa mampir ke gunung sari mbk cocok buat pemula itu","1928481326379716759","","_siscasaras_","in","","0","0","0","https://x.com/undefined/status/1928481326379716759","1422569239261581314",
"1928096786612113498","Fri May 30 15:59:10 +0000 2025","0","@BELLEAlME ㅤ Betul kak dipaksa begadang sama tugas yang menumpuk seperti gunung. Jadi balas dendam tidurnya sewaktu ada hari libur. ㅤㅤ","1928481319123644632","","BELLEAlME","in","","0","1","0","https://x.com/undefined/status/1928481319123644632","739045720209149952",
"1928363297688146234","Fri May 30 15:43:57 +0000 2025","0","@yourbae gunung kembar rap","1928477488964874686","","yourbae","in","","0","0","0","https://x.com/undefined/status/1928477488964874686","1616026801373052930",
"1928431014054896025","Fri May 30 15:43:12 +0000 2025","0","@sphttr ayo gunung andonggg.","1928477301563404483","","sphttr","tl","","0","1","0","https://x.com/undefined/status/1928477301563404483","1454097994911916041",
"1928477197934657720","Fri May 30 15:42:48 +0000 2025","0","tema main roblox malam ini adalah mendaki gunung","1928477197934657720","","","in","","0","1","0","https://x.com/undefined/status/1928477197934657720","258218070",
"1928076521710964799","Fri May 30 15:41:02 +0000 2025","0","@KediriFess Mantep nder..semangat..yg kayak gitu bisa jadi berkah..gak usah nurutin ketikan menfess2 sing masalahke generasi sandwich berat meneko werno...perbuatan baik tu akan berbuah kebaikan pula entah apapun bentuk nya yg akan kembali ke kita..","1928476754307404209","","KediriFess","in","","0","0","0","https://x.com/undefined/status/1928476754307404209","1735141551393878016",
"1928426780525744389","Fri May 30 15:40:52 +0000 2025","0","@kompascom Alkohol juga knp sih klo bisa yg 70%","1928476713543151847","","kompascom","in","","0","0","0","https://x.com/undefined/status/1928476713543151847","705413311",
"1928476351188676979","Fri May 30 15:39:26 +0000 2025","0","Badan Geologi Kementerian Energi dan Sumber Daya Mineral (ESDM) menyatakan bahwa lokasi longsor di area Tambang Galian C Gunung Kuda Desa Cipanas Kecamatan Dukupuntang Kabupaten Cirebon Jawa Barat termasuk dalam zona kerentanan gerakan tanah tinggi.https://t.co/4Wn60T6rMe","1928476351188676979","","","in","","0","0","0","https://x.com/undefined/status/1928476351188676979","423220305",
"1928476289326891492","Fri May 30 15:39:11 +0000 2025","0","Kepolisian Resor Kota (Polresta) Cirebon Jawa Barat memastikan sebanyak 14 korban tewas akibat longsor di area tambang Gunung Kuda Kabupaten Cirebon telah berhasil dievakuasi oleh tim gabungan.https://t.co/rIzltxGhup","1928476289326891492","","","in","","0","0","0","https://x.com/undefined/status/1928476289326891492","423220305",
"1928476252660170941","Fri May 30 15:39:02 +0000 2025","0","gw udah di underestimate sebelum naek gunung gini mending muncak via roblox https://t.co/fBbYJhOFDF","1928476252660170941","https://pbs.twimg.com/media/GsNS7WCaoAAURv1.jpg","","in","","0","1","0","https://x.com/undefined/status/1928476252660170941","1183681926906830848",
"1928476144598180166","Fri May 30 15:38:36 +0000 2025","0","Kepala Dinas Penerangan TNI Angkatan Daerah Brigadir Jenderal TNI Wahyu Yudhayana mengatakan TNI AD telah menerjunkan 50 personel untuk membantu proses evakuasi korban bencana longsor di area tambang Gunung Kuda Kabupaten Cirebon Jawa Barat Jumat.https://t.co/AmhgAzoskf","1928476144598180166","","","in","","0","0","0","https://x.com/undefined/status/1928476144598180166","423220305",
"1928470142549098719","Fri May 30 15:38:12 +0000 2025","0","@_siscasaras_ Gunung sahari aja","1928476043863535893","","_siscasaras_","in","","0","0","0","https://x.com/undefined/status/1928476043863535893","1652551509207560193",
"1928475960430440495","Fri May 30 15:37:52 +0000 2025","0","Menyambangi lokasi penambangan sirtu Gunung Kuda 3 tahun yang lalu semasa menjadi anggota DPR @DediMulyadi71 https://t.co/uCiE6Q9LcO","1928475960430440495","","","in","","0","0","0","https://x.com/undefined/status/1928475960430440495","1360992242",
"1928373708218872171","Fri May 30 15:36:24 +0000 2025","0","@kompascom @ahriesonta nggak mau jemput bola Pak ?","1928475588995801265","","kompascom","in","","0","0","0","https://x.com/undefined/status/1928475588995801265","705413311",
"1928339333855027620","Fri May 30 15:36:08 +0000 2025","0","@A_FionyJKT48 @PS_AmandaJKT48 Sepuh turun gunung","1928475522775806444","","A_FionyJKT48","in","","0","0","0","https://x.com/undefined/status/1928475522775806444","1489807422785191936",
"1928475468254105825","Fri May 30 15:35:55 +0000 2025","1","Pulang (naik ke gunung lagi) liat langit cerah dan banyak bintangggg so happy","1928475468254105825","","","in","","0","0","0","https://x.com/undefined/status/1928475468254105825","1241515262165151745",
"1928470142549098719","Fri May 30 15:35:49 +0000 2025","0","@_siscasaras_ Fyp ku gunung semua gmn coba buk","1928475441058168932","","_siscasaras_","in","","0","0","0","https://x.com/undefined/status/1928475441058168932","1469682989869125639",
"1928467383405990150","Fri May 30 15:35:41 +0000 2025","0","@perwinklesss di gunung lingai qil ","1928475410758557954","","xamarinda","in","","0","0","0","https://x.com/undefined/status/1928475410758557954","1535195483198885888",
"1928418359395197140","Fri May 30 15:35:40 +0000 2025","0","@dhiasfra udara di gunung emang seseger ituu kak ","1928475405276619231","","dhiasfra","in","","0","0","0","https://x.com/undefined/status/1928475405276619231","1137409062646083584",
"1928475100946268369","Fri May 30 15:34:28 +0000 2025","1","Sewaktu jadi anggota DPR pernah ke lokasi Gunung Kuda Cirebon melihat aktivitas penambangan sirtu. Menjadi gubernur terjadi longsor sebagaimana yang dikhawatirkannya. @DediMulyadi71","1928475100946268369","","","in","","0","0","0","https://x.com/undefined/status/1928475100946268369","1360992242",
"1928474864177869057","Fri May 30 15:33:31 +0000 2025","9","Gubernur Jawa Barat Dedi Mulyadi memerintahkan penutupan secara permanen tambang galian C Gunung Kuda Cirebon. Keputusan itu diambil Dedi menyusul insiden longsor yang membuat 10 penambang pada Jumat (30/5/2025). ~LL #DediMulyadi #Tambang #Cirebon https://t.co/59rupQEfIR","1928474864177869057","https://pbs.twimg.com/amplify_video_thumb/1928458764031778817/img/VpUJUU42QFYNWlLi.jpg","","in","","0","0","2","https://x.com/undefined/status/1928474864177869057","23343960",
"1928470142549098719","Fri May 30 15:33:01 +0000 2025","0","@_siscasaras_ Gunung sahari gas","1928474736905892183","","_siscasaras_","in","","0","0","0","https://x.com/undefined/status/1928474736905892183","341495648",
"1928471773282209935","Fri May 30 15:31:57 +0000 2025","0","@tnagi Ak antartika blm coba weh mw coba gunung indo dlu aja ","1928474469426676051","","tnagi","in","","0","0","0","https://x.com/undefined/status/1928474469426676051","1956053528",
"1928474432512647519","Fri May 30 15:31:48 +0000 2025","1","Orang yang paling nyebelin di masa-masa sekarang adalah orang FOMO. Demi Allah. FOMO naik gunung lari gym.","1928474432512647519","","","in","","0","0","0","https://x.com/undefined/status/1928474432512647519","1375760757984399363",
"1928470142549098719","Fri May 30 15:31:04 +0000 2025","0","@_siscasaras_ naik ke gunung prau aja","1928474245979394070","","_siscasaras_","in","","0","0","0","https://x.com/undefined/status/1928474245979394070","1566467814458028032",
"1928462998319861855","Fri May 30 15:28:55 +0000 2025","0","@reyeyunie Di gunung slamet","1928473704087925224","","reyeyunie","tl","","0","1","0","https://x.com/undefined/status/1928473704087925224","1677994764149620737",
"1928473680075686374","Fri May 30 15:28:49 +0000 2025","0","14 Orang Tewas dalam Longsor Gunung Kuda Cirebon 13 Jenazah Telah Teridentifikasi https://t.co/V0oD15b1AJ","1928473680075686374","","","in","","0","0","0","https://x.com/undefined/status/1928473680075686374","594449085",
"1928470142549098719","Fri May 30 15:28:37 +0000 2025","0","@_siscasaras_ gunung anyar maw?","1928473632331960687","","_siscasaras_","tl","","0","0","0","https://x.com/undefined/status/1928473632331960687","991859474716442624",
"1928473504543805844","Fri May 30 15:28:07 +0000 2025","0","ke curug gunung","1928473504543805844","","","in","","0","1","0","https://x.com/undefined/status/1928473504543805844","1288529825070632961",
"1927667539104129132","Fri May 30 15:25:35 +0000 2025","0","@qrivasi Kelekmu mambu bathang sing wes seminggu nang gunung sampah isi perut ikan di siang hari yang panas nder....","1928472865394901217","","qrivasi","in","","0","0","0","https://x.com/undefined/status/1928472865394901217","343356779",
"1928345897634599095","Fri May 30 15:24:09 +0000 2025","0","@hazlntckies alfa dr rumahku jauh byyy rumahku pucuk gunung alfanya di bawah ","1928472508459581444","","hazlntckies","in","","0","0","0","https://x.com/undefined/status/1928472508459581444","1310319898069852161",
"1928332385692832078","Fri May 30 15:23:50 +0000 2025","7","@Urrangawak Ini bermanfaat ..di gunung kelud lewat Kediri ojeknya bangsat. Pengunjung bisa naik motor sampek deket ndak boleh..harus jalan kaki kalau ndak mau ngojek..kan jancuk..","1928472425982783499","","Urrangawak","in","","0","0","0","https://x.com/undefined/status/1928472425982783499","731391845574434816",
"1928470142549098719","Fri May 30 15:23:44 +0000 2025","0","@_siscasaras_ ada yang pengen naik gunung ni @adoraburst_","1928472403241234485","","_siscasaras_","in","","0","0","0","https://x.com/undefined/status/1928472403241234485","1315070290561441793",
"1928454776859119686","Fri May 30 15:23:29 +0000 2025","0","@mvlrma mau jadi ahli gunung","1928472336929620164","","mvlrma","in","","0","0","0","https://x.com/undefined/status/1928472336929620164","1445744766231072779",
"1928454776859119686","Fri May 30 15:23:17 +0000 2025","0","@satorugojoe gunung mna lg yg hrus me takhlukan","1928472286438330594","","satorugojoe","in","","0","0","0","https://x.com/undefined/status/1928472286438330594","1445744766231072779",
"1928470142549098719","Fri May 30 15:21:23 +0000 2025","0","@_siscasaras_ Ayo mau k gunung mana nih?","1928471808518607324","","_siscasaras_","in","","0","0","0","https://x.com/undefined/status/1928471808518607324","976722157",
"1928471806341448010","Fri May 30 15:21:22 +0000 2025","0","Gunung gedene sak mono dikeruk soko ngisor ","1928471806341448010","","","in","","0","0","0","https://x.com/undefined/status/1928471806341448010","3736599805",
"1928258001124630773","Fri May 30 15:19:53 +0000 2025","0","@Oreki3000 taatapi pasti gunung yang treknya sulit ","1928471433426178320","","Oreki3000","in","","0","1","0","https://x.com/undefined/status/1928471433426178320","1716054618390908928",
"1928447384968942062","Fri May 30 15:19:39 +0000 2025","0","@itsskyday Gunung","1928471374752002061","","itsskyday","in","","0","1","0","https://x.com/undefined/status/1928471374752002061","1807008960463138816",
"1928133125806137400","Fri May 30 15:19:20 +0000 2025","0","@Gunung_Agoeng @madisnur Nyi roro ngalor apa ngidul ?","1928471293713596503","","Gunung_Agoeng","in","","0","1","0","https://x.com/undefined/status/1928471293713596503","986467168580616193",
"1928471228194398521","Fri May 30 15:19:04 +0000 2025","1","belum jg turun gunung","1928471228194398521","","","in","","0","0","0","https://x.com/undefined/status/1928471228194398521","1793484181194063872",
"1928471092558954873","Fri May 30 15:18:32 +0000 2025","0","Naik gunung","1928471092558954873","","","in","","0","2","0","https://x.com/undefined/status/1928471092558954873","1868320394631118849",
"1928466954022752426","Fri May 30 15:02:05 +0000 2025","1","sunwoo main roblox aja please jgn pubg nanti kita mabar mendaki gunung merbabu","1928466954022752426","","","in","","0","2","0","https://x.com/undefined/status/1928466954022752426","1759868426863140864",
"1928466859235647761","Fri May 30 15:01:43 +0000 2025","28","kreneng pindah lokasi ke gunung agung https://t.co/zHzxo3jj6k","1928466859235647761","https://pbs.twimg.com/media/GsNKYT4aoAAPvLt.jpg","","in","","0","4","3","https://x.com/undefined/status/1928466859235647761","1244143190745042947",
"1928466834774225043","Fri May 30 15:01:37 +0000 2025","0","ibarat modelan Scholes Giggs Vidic turun gunung ","1928466834774225043","","","in","","0","0","0","https://x.com/undefined/status/1928466834774225043","537796390",
"1928466419299094681","Fri May 30 14:59:58 +0000 2025","0","gapapa @urgensi udah 45+ masih kuat mendaki gunung (di roblox)","1928466419299094681","","","in","","0","0","0","https://x.com/undefined/status/1928466419299094681","1271073643057971202",
"1928466372423545329","Fri May 30 14:59:47 +0000 2025","0","Gensi aja terus. Dah setinggi gunung fuji ni gengsi ku","1928466372423545329","","","in","","0","0","0","https://x.com/undefined/status/1928466372423545329","1875019920054034432",
"1928258001124630773","Fri May 30 14:59:17 +0000 2025","0","@lemaribakar Baru naek gunung 3 kali kak aku ","1928466247793959001","","lemaribakar","in","","0","1","0","https://x.com/undefined/status/1928466247793959001","986457711238832128",
"1928404474382713319","Fri May 30 14:58:49 +0000 2025","1","@Queenaa_sha Wah hati2 kalo nurutin keinginan tp gpp lah wong punya gunung uranium ","1928466132639387737","","Queenaa_sha","in","","0","1","0","https://x.com/undefined/status/1928466132639387737","1392409045730873344",
"1928466071897375115","Fri May 30 14:58:35 +0000 2025","0","keinginan naik gunung semakin meningkat","1928466071897375115","","","in","","0","0","0","https://x.com/undefined/status/1928466071897375115","2951677566",
"1927990390222684468","Fri May 30 14:57:19 +0000 2025","0","@sarramonez Puki puki jenis ni demi kepentingan diri sendiri benchmark untuk suami letak setinggi Gunung Everest tapi benchmark untuk servis &amp; marriage experience yg diberi pada suami entah entah kalau diukur lagi rendah dari busut semut.","1928465751662318045","","sarramonez","in","","0","0","1","https://x.com/undefined/status/1928465751662318045","1243297213742084097",
"1928465380495835356","Fri May 30 14:55:50 +0000 2025","0","pernah dong pil aku liat beginian pas naik gunung makanya suka naik gunung","1928465380495835356","","","in","","0","0","0","https://x.com/undefined/status/1928465380495835356","143334018",
"1928463831463768434","Fri May 30 14:55:33 +0000 2025","0","@Playliis_ berasa gunung gue.","1928465307615822178","","rmiild","in","","0","0","0","https://x.com/undefined/status/1928465307615822178","772129081697693696",
"1928459614967705924","Fri May 30 14:54:28 +0000 2025","0","@neverieblue roblox! naik gunung","1928465035694661806","","neverieblue","in","","0","0","0","https://x.com/undefined/status/1928465035694661806","1534102556313460737",
"1928222651627016309","Fri May 30 14:54:27 +0000 2025","1","@datsbiel Dia pasti sangat mencintai desanya sampai rela melakukan pekerjaan memotong gunung hanya dengan linggis selama 22 tahun agar desanya tidak terisolasi.","1928465032402133082","","sxptinobiel","in","","0","0","0","https://x.com/undefined/status/1928465032402133082","1649686141757722626",
"1928464872234537041","Fri May 30 14:53:49 +0000 2025","0","Tambang Gunung Kuda Longsor 14 Nyawa Melayang 9 Luka-luka - https://t.co/4j753AW5VJ https://t.co/ZcAW9uVYDA","1928464872234537041","https://pbs.twimg.com/media/GsNIlHza4AA2xyf.jpg","","in","","0","0","0","https://x.com/undefined/status/1928464872234537041","949224511508955136",
"1928428002209390815","Fri May 30 14:53:39 +0000 2025","0","@ciumkiss ini gunung apah","1928464829247062527","","ciumkiss","in","","0","1","0","https://x.com/undefined/status/1928464829247062527","1339914140740009984",
"1928440529819451805","Fri May 30 14:53:24 +0000 2025","0","@4___5___5 itu beneran summit gunung apa engga","1928464769469870187","","4___5___5","in","","0","0","0","https://x.com/undefined/status/1928464769469870187","764468516640681984",
"1928464697637876143","Fri May 30 14:53:07 +0000 2025","0","AKHIRNYA DI ANTARTIKA INI GUA MENAMATKAN GUNUNG VINSON biasanya blum sampe camp 1 udah mati https://t.co/QNuOdiZCkB","1928464697637876143","https://pbs.twimg.com/media/GsNIa9baMAA9OTS.jpg","","in","","0","0","0","https://x.com/undefined/status/1928464697637876143","1761664266271399936",
"1928464155398332689","Fri May 30 14:50:58 +0000 2025","0","Dicari seharian ngga ada taunya di gunung lagi Ya aku mah apa sih","1928464155398332689","","","in","","0","0","0","https://x.com/undefined/status/1928464155398332689","1381920441040728064",
"1928463995142357106","Fri May 30 14:50:20 +0000 2025","0","Pantes hari ini semua gunung keliatan","1928463995142357106","","","in","","0","0","0","https://x.com/undefined/status/1928463995142357106","1327213246885941248",
"1928311706381377703","Fri May 30 14:37:32 +0000 2025","0","@bnnamilkkx @tanyarlfes enak bgt kak pas buat ngemil tugas atau naik gunung top","1928460776257290404","","bnnamilkkx","in","","0","1","0","https://x.com/undefined/status/1928460776257290404","980503764795760640",
"1928449860136788336","Fri May 30 14:37:31 +0000 2025","0","@PaceCrypto @mumtazxrp Sepertinya harus kembali ke alam tanpa teknologi hidup di gunung nanam singkong mengembala ternak tiap sore sedang di ruma istri sedang menanti dengan makanan sederhana dengan segelas kopi","1928460769680674962","","PaceCrypto","in","","0","0","0","https://x.com/undefined/status/1928460769680674962","2951322325",
"1928363297688146234","Fri May 30 14:37:27 +0000 2025","0","@yourbae gunung muji","1928460754711187535","","yourbae","in","","0","0","0","https://x.com/undefined/status/1928460754711187535","1269445890911043590",
"1928460702550724728","Fri May 30 14:37:15 +0000 2025","2","Sementara ini masih menikmati Flores di sekitar Manggarai. Mendengar cerita warlok jalan negara dari Labuhan Bajo sampai Larantuka naik turun gunung. Berkelok-kelok menguji lambung. Merasa beruntung bisa ke sini. #flores https://t.co/bov9UY9xMi","1928460702550724728","https://pbs.twimg.com/media/GsNEwoBaEAA6lrg.jpg","","in","","0","0","0","https://x.com/undefined/status/1928460702550724728","125294261",
"1928441744120561871","Fri May 30 14:36:51 +0000 2025","0","@somvbong @CARPIC0N @t5aehyung @namjunkxm gass mendaki gunung ninjaaaa nih boss","1928460604559196382","","somvbong","in","","0","1","0","https://x.com/undefined/status/1928460604559196382","1748668981807034368",
"1928429636544864503","Fri May 30 14:35:57 +0000 2025","0","@stfano_s kelewatan naik gunung sm tugeder","1928460376473297286","","stfano_s","in","","0","0","0","https://x.com/undefined/status/1928460376473297286","1201900785023377408",
"1928459359903715767","Fri May 30 14:35:45 +0000 2025","2","dengan medan magnet Bumi ia terganggu dan gerakannya berubah... Di sana-sini ada tekanan dalam magma yang mencari pelepasan melalui gunung berapi... Dan karena lempeng tektonik Bumi mengapung di magma keseimbangan dinamis lempeng terpengaruh dan lempeng kehilangan","1928460326367871296","","DambaanA","in","","0","1","0","https://x.com/undefined/status/1928460326367871296","1603570929635692545",
"1928456128070861223","Fri May 30 14:35:22 +0000 2025","1","@Jayabay19479190 Betul Karena fufufafa melorot makanya Mulyono turun gunung dengan tetap mempertahankan keberadaan di dunia medsos Rakyat konoha suka sekali dengan hal itu","1928460230255350266","","Jayabay19479190","in","","0","0","0","https://x.com/undefined/status/1928460230255350266","1918515756440178688",
"1928460007504511259","Fri May 30 14:34:29 +0000 2025","0","aku mau naik gunung di roblox PLISSSS AJAK AKU NAIK GUNUNG aku ngga bisa mainnya......... BTW AK F24...... orang banyak kerjaan tp gabut.......","1928460007504511259","","","in","","0","0","0","https://x.com/undefined/status/1928460007504511259","1396336665237491714",
"1928459707913560475","Fri May 30 14:33:18 +0000 2025","0","semoga bisa naik gunung sebelum 20 :)","1928459707913560475","","","in","","0","1","0","https://x.com/undefined/status/1928459707913560475","1791747542012887040",
"1928419275699818757","Fri May 30 14:33:16 +0000 2025","0","@ihave100aura gw penasaran ama naik gunung","1928459702653907252","","sydnyyyzo","in","","0","1","0","https://x.com/undefined/status/1928459702653907252","1596518597735911431",
"1923321443028267202","Fri May 30 14:33:16 +0000 2025","0","@sirasastra ㅤ Berkemah bisa dijadikan opsi untuk merelaksasikan pikiran dari pekerjaan harian yang membuat jenuh. Di hutan/gunung/pantai tetapi saya lebih suka berkemah di pantai. ㅤ","1928459700711891088","","sirasastra","in","","0","1","0","https://x.com/undefined/status/1928459700711891088","1007025179573141504",
"1928459670118617127","Fri May 30 14:33:09 +0000 2025","123","Para sepuh twitterland tentang per-Liverpool-an pada turun gunung. Saya anak baru tak bersih-bersih TL dulu yak sambil ngopi. Hihihi.","1928459670118617127","","","in","","2","3","7","https://x.com/undefined/status/1928459670118617127","1093997036985147392",
"1928459668705157456","Fri May 30 14:33:08 +0000 2025","18","Longsor di Tambang Gunung Kuda Cirebon 8 Penambang Tewas Tertimbun https://t.co/UtF9BGM2eb","1928459668705157456","","","in","","0","0","16","https://x.com/undefined/status/1928459668705157456","887743587579944960",
"1928431014054896025","Fri May 30 14:31:04 +0000 2025","0","@sphttr ayooo. mau gunung apa?","1928459145683845356","","sphttr","in","","0","1","0","https://x.com/undefined/status/1928459145683845356","1454097994911916041",
"1928458783468277803","Fri May 30 14:29:37 +0000 2025","0","Sumber: https://t.co/tWhknjMaus https://t.co/3DOZ3Nz9kP Dibagikan melalui Aplikasi Google","1928458783468277803","","","in","","0","0","0","https://x.com/undefined/status/1928458783468277803","1027203563615793152",
"1928451710491541557","Fri May 30 14:28:09 +0000 2025","0","@twilowWw iya dia mau naik gunung","1928458412901224682","","eEellfp","in","","0","1","0","https://x.com/undefined/status/1928458412901224682","1805402919631831042",
"1928458286233206971","Fri May 30 14:27:39 +0000 2025","0","Pencarian korban longsor di lokasi tambang galian C di kawasan Gunung Kuda Cirebon dihentikan. Total 14 korban tewas dan 8 orang belum ditemukan. #Nusantara #Kompas60 https://t.co/hjqNBRgFQP","1928458286233206971","","","in","","0","0","1","https://x.com/undefined/status/1928458286233206971","255866913",
"1928258001124630773","Fri May 30 14:27:30 +0000 2025","0","@Oreki3000 wahh berarti udah hapal banget nih gunung pulau Jawa","1928458252112503038","","Oreki3000","in","","0","1","0","https://x.com/undefined/status/1928458252112503038","1716054618390908928",
"1928458109066129808","Fri May 30 14:26:56 +0000 2025","0","wah gita nyanyi Akan Kukenang dengan latar gunung fuji. lagunya udah ajaib ditambah set yang luar biasa indahnya. absolutely breathtaking. &lt;3","1928458109066129808","","","in","","0","0","0","https://x.com/undefined/status/1928458109066129808","1866318168081485824",
"1928145176410640809","Fri May 30 14:26:17 +0000 2025","0","@apelecider WKWKWK setidaknya kamu pernah summit gunung dd sayang itu sudah keren","1928457944447815703","","apelecider","in","","0","0","0","https://x.com/undefined/status/1928457944447815703","749065883721629698",
"1928457876449943754","Fri May 30 14:26:01 +0000 2025","0","Para author turun gunung isinya cemburu smua Jantung aku ga kuatttt Gemess bkin deg degan","1928457876449943754","","","in","","0","0","0","https://x.com/undefined/status/1928457876449943754","1492796638318182401",
"1928457870019883200","Fri May 30 14:25:59 +0000 2025","0","bro gunung gede beneran GEDE. ril nama adalah doa","1928457870019883200","","","in","","0","0","0","https://x.com/undefined/status/1928457870019883200","438170322",
"1928456298468630857","Fri May 30 14:25:51 +0000 2025","3","akibatnya akan terlempar ke bawah ke gunung berapi yang ada di Karibia atau Amerika Tengah. Kami telah menyebutkan apa yang mungkin dialami oleh mereka yang berada di wilayah ini selama pergeseran yang merupakan bagian dari Fase 7 dari 10 dan gempa bumi besar yang dapat mereka","1928457835727507763","","DambaanA","in","","0","1","0","https://x.com/undefined/status/1928457835727507763","1603570929635692545",
"1928445525252002240","Fri May 30 14:25:41 +0000 2025","0","@spideewman AKU BETE SEEII ngga di obby ngga di naik gunung fail mulu kesabaran ku diuji terlalu keras","1928457794677543012","","spideewman","in","","0","1","0","https://x.com/undefined/status/1928457794677543012","749065883721629698",
"1928456298468630857","Fri May 30 14:25:19 +0000 2025","3","terletak di sepanjang lengkungan timur Lempeng Karibia akan mengalami peningkatan aktivitas vulkanik di banyak gunung berapi di rantai pulau ini. Lempeng Karibia akan naik di tepi utaranya sementara tenggelam secara nyata di tepi selatannya didorong ke bawah oleh Lempeng Amerika","1928457701904003356","","DambaanA","in","","0","1","0","https://x.com/undefined/status/1928457701904003356","1603570929635692545",
"1928430446552977469","Fri May 30 14:25:07 +0000 2025","0","@BaseBDG Mun diajak naek gunung rek ngilu moal?","1928457650112463269","","BaseBDG","in","","3","8","0","https://x.com/undefined/status/1928457650112463269","873281424438181888",
"1928449842998841793","Fri May 30 14:24:39 +0000 2025","0","@MasMasBiassaa Iki ngarep gunung sumbing berti seg dari arah kota tembus deket kledung kah paman?","1928457531804041337","","MasMasBiassaa","in","","0","1","0","https://x.com/undefined/status/1928457531804041337","3140205169",
"1928456298468630857","Fri May 30 14:23:47 +0000 2025","3","kepulauan Karibia. Setiap pulau yang selamat dari tabrakan ini di mana lempeng yang lebih kecil akan dihancurkan oleh lempeng raksasa pasti akan berhadapan dengan gelombang pasang besar yang akan menyapu mereka dan dengan meletusnya gunung berapi. Melaut dengan perahu atau","1928457313850884564","","DambaanA","in","","0","1","0","https://x.com/undefined/status/1928457313850884564","1603570929635692545",
"1928456950108278886","Fri May 30 14:23:35 +0000 2025","0","@dnothing09 bener bangettt sudah numpuk kek gunung","1928457263997386947","","girlyay09","in","","0","1","0","https://x.com/undefined/status/1928457263997386947","3165625898",
"1928457241633726478","Fri May 30 14:23:30 +0000 2025","0","Ini ke gunung Sunda emang cuma bolak balik doang kah!? moment gongnya cuma ketemu pocong https://t.co/CDdNc5lxjp","1928457241633726478","https://pbs.twimg.com/media/GsNBpAtbkAA5hWp.jpg","","in","","0","2","0","https://x.com/undefined/status/1928457241633726478","1272849268861067266",
"1928445088096506251","Fri May 30 14:23:19 +0000 2025","3","@tanyarlfes Kalau gue mulai kumat gitu biasanya gue Suuuuuttt!!! gitu kediri gue sendiri Nder Trus tunggu beberapa detik sambil berdoa dalam hati bayangin taman sungai sawah gunung bunga gitu Nder... Ilang sendiri https://t.co/t3MkI7n6qb","1928457198704775428","","tanyarlfes","in","","0","0","0","https://x.com/undefined/status/1928457198704775428","1558027806424301569",
"1926221300478939517","Fri May 30 14:22:47 +0000 2025","0","gunung merbabu by NES https://t.co/vl0Z1fYiNQ","1928457065099337917","https://pbs.twimg.com/media/GsNBeMeaAAAdd6g.jpg","fraisedal","in","","0","1","0","https://x.com/undefined/status/1928457065099337917","1907683599949975552",
"1928450709281779758","Fri May 30 14:22:01 +0000 2025","0","@marajinsekali gunung mana yang seksi kak","1928456869632196854","","m0neymount","in","","0","1","0","https://x.com/undefined/status/1928456869632196854","1603697958230593537",
"1928012259659260227","Fri May 30 14:21:32 +0000 2025","0","@Ehroumn eh yg ada setannya itu gunung apa km dah coba blom itu? aku liat di tiktok","1928456749763227657","","Ehroumn","in","","0","1","0","https://x.com/undefined/status/1928456749763227657","2317903332",
"1928112755749290213","Fri May 30 14:21:26 +0000 2025","0","@RigenYipYip @ardantama @KeithStewa50130 @AMAZlNGNATURE Nah ini pernah denger di salah satu gunung di jawa pemerintah ke warga kaki gunung itu harus pake pendekatan mitos (kalau ga salah sebutannya) dulu baru mau di.. Lupa diedukasi atau dievakuasi gitu waktu itu.","1928456722529526177","","RigenYipYip","in","","0","0","0","https://x.com/undefined/status/1928456722529526177","177177853",
"1926221300478939517","Fri May 30 14:21:07 +0000 2025","0","gunung everest https://t.co/qdmPFREBiY","1928456642246692927","https://pbs.twimg.com/media/GsNBFulbQAEXkcP.jpg","fraisedal","tl","","0","1","0","https://x.com/undefined/status/1928456642246692927","1907683599949975552",
"1926666390712324118","Fri May 30 14:21:04 +0000 2025","0","@fishteens anjing kok lu turun gunung","1928456633090253150","","fishteens","in","","0","0","0","https://x.com/undefined/status/1928456633090253150","1800545642986803200",
"1928456534633095168","Fri May 30 14:20:41 +0000 2025","0","14 Korban Tewas Longsor Tambang Gunung Kuda Berhasil Dievakuasi https://t.co/deFbbmm1vS","1928456534633095168","","","in","","0","0","0","https://x.com/undefined/status/1928456534633095168","1578222594",
"1928456246631211442","Fri May 30 14:19:32 +0000 2025","0","Anjay sepuhnya @LFC_Hardline nongol . Setelah kutengok twit terakhirnya Bwhihihi. Gerah ya kak. Turun gunung","1928456246631211442","","","in","","0","1","0","https://x.com/undefined/status/1928456246631211442","69677144",
"1928447875186397338","Fri May 30 14:08:55 +0000 2025","0","2. Curug di gunung ️ Setelah bergelut dg berisiknya suara mesin kayu tetangga jalanan pantura omongan orang-orang dan isi kepala sendiri perlu detoks dg pergi ke curug yg tenang adem dan penuh hawa alamiah Eh bnyk orang yg berpikiran sama jadi di sana berisik juga https://t.co/3K1TtgTwMN","1928453573852963328","https://pbs.twimg.com/ext_tw_video_thumb/1928453435449593856/pu/img/TznbT6cLYMvabBH4.jpg","Zaqiyah27","in","","0","1","0","https://x.com/undefined/status/1928453573852963328","201656178",
"1928452824083333293","Fri May 30 14:08:54 +0000 2025","2","Lepas PBAKL nanti mungkin kena bertapa dalam gua atas gunung utk lapangkan fikiran dan rangka strategi yang sesuai. Sangat berterima kasih dengan rakan2 yg banyak bagi insights yg share pengalaman dan sebagainya dan harapnya aku boleh manfaatkan ilmu yg aku dpt tu sebaiknya.","1928453568236757070","","jules12anne","in","","0","1","0","https://x.com/undefined/status/1928453568236757070","986694272022757376",
"1928345044081078769","Fri May 30 14:08:51 +0000 2025","0","Update! Korban Tewas Longsor Gunung Kuda Cirebon Bertambah Jadi 14 Orang https://t.co/3VgaDv73PW","1928453557776171337","","okezonenews","in","","0","0","0","https://x.com/undefined/status/1928453557776171337","47274731",
"1928453342486794438","Fri May 30 14:08:00 +0000 2025","1","Korban Longsor Tambang Gunung Kuda Bertambah Jadi 14 Evakuasi Dihentikan Sementara #BNetwork https://t.co/1qYc0SrLQ3","1928453342486794438","","","in","","0","0","0","https://x.com/undefined/status/1928453342486794438","154102750",
"1928447384968942062","Fri May 30 14:07:37 +0000 2025","0","@itsskyday gunung","1928453244356825214","","itsskyday","in","","0","1","0","https://x.com/undefined/status/1928453244356825214","1314345173300572160",
"1928453187733770645","Fri May 30 14:07:23 +0000 2025","0","Diazab di gunung lima jari baru tau rasa","1928453187733770645","","","in","","0","0","0","https://x.com/undefined/status/1928453187733770645","236235596",
"1928453078111715446","Fri May 30 14:06:57 +0000 2025","2","Beruang sampe turun gunung","1928453078111715446","","","in","","0","2","0","https://x.com/undefined/status/1928453078111715446","1496370186743861250",
"1928452813954466205","Fri May 30 14:05:54 +0000 2025","3","Tadi buka linkedin ehh beritanya udh nembus sampe filipinaa Bener2 ngeri tinggal disini sebelah selatan gunung ciremai sebelah desa gunung kuda","1928452813954466205","","","in","","0","1","0","https://x.com/undefined/status/1928452813954466205","1567855469242482688",
"1928450296335704382","Fri May 30 14:05:52 +0000 2025","0","@phaainon_ Bisa kalo speedrun jangan lupa kerjain quest yang sama tepletsaurus(?) kecil itu buat buka wilayah dalam gunung berapi","1928452807121653959","","phaainon_","in","","0","1","0","https://x.com/undefined/status/1928452807121653959","1801983570023780352",
"1928452772623417558","Fri May 30 14:05:44 +0000 2025","0","ini kenapa tiba tiba pada naik gunung semua","1928452772623417558","","","in","","0","0","0","https://x.com/undefined/status/1928452772623417558","1314099535526813696",
"1928452657020285217","Fri May 30 14:05:17 +0000 2025","0","13 Tewas dan 6 Luka BPBD Jabar dan Kabupaten Cirebon Evakuasi Korban Longsor Galian Tambang Gunung Kuda https://t.co/kndNMTlzQT","1928452657020285217","","","in","","0","0","0","https://x.com/undefined/status/1928452657020285217","916381379230703616",
"1928449933247484353","Fri May 30 14:04:35 +0000 2025","0","@akuapeachy Iya seru bgt soalnya aku pernah jadi gunung","1928452482352525510","","akuapeachy","in","","0","1","0","https://x.com/undefined/status/1928452482352525510","1702078667269267456",
"1928446547232002270","Fri May 30 14:04:18 +0000 2025","0","@urpapsssss Mau naik gunung sii","1928452410588172471","","urpapsssss","in","","0","0","0","https://x.com/undefined/status/1928452410588172471","1839725525121855488",
"1928452287363494249","Fri May 30 14:03:48 +0000 2025","0","ak fomo mw naik gunung gegara liat salma","1928452287363494249","","","in","","0","2","0","https://x.com/undefined/status/1928452287363494249","1400501620081713155",
"1928405011530396063","Fri May 30 14:03:22 +0000 2025","5","@udangvelocity iya yahh dulu mamah kuliah pp melewati lembah menyeberangi lautan mendaki gunung ️️️","1928452174930956486","","udangvelocity","in","","0","1","0","https://x.com/undefined/status/1928452174930956486","1429806512449327110",
"1928452160368631908","Fri May 30 14:03:18 +0000 2025","143","KABAR TERKINI BENCANA LONGSOR GUNUNG KUDA 14 warga dinyatakan Tewas 8 Masih Hilang malam ini pencarian korban dihentikan demi alasan keamanan dan akan dilanjutkan besok pagi. Cirebon : Sekda Jawa Barat Herman Suryatman https://t.co/Bu7PkLyLQQ","1928452160368631908","https://pbs.twimg.com/ext_tw_video_thumb/1928452021885206528/pu/img/66yQNRuFqlNalzaV.jpg","","in","","1","15","48","https://x.com/undefined/status/1928452160368631908","1251824880967774208",
"1928451643625906680","Fri May 30 14:01:15 +0000 2025","17","Hari ini adalah pertama kalinya aku memberanikan diri pakai warna cerah buat ke gunung. Sebenernya karena aku begitu excited tamasya hari ini tadi jadi pilih warna2nya yg menggambarkan keceriaan aja. Aku ga expect kalo pakaian warna kuning cocok di aku https://t.co/wf4UvP4Rr8","1928451643625906680","https://pbs.twimg.com/media/GsM8iiVawAAmRII.jpg","","in","","0","4","0","https://x.com/undefined/status/1928451643625906680","3018803913",
"1928265763141366173","Fri May 30 14:01:11 +0000 2025","1","@adirflai @jawafess Lokasi iki kemungkinan Gunung Padang Jawa Barat amarga cocog karo deskripsi dalan berliku bukit lan motor sing diparkir. Gambar iki asalé saka papan asli nanging ana spekulasi amarga katon apik banget sing bisa uga AI-generated. Sanajan ana gambar palsu Gunung Padang","1928451628753166550","","adirflai","in","","0","0","0","https://x.com/undefined/status/1928451628753166550","1720665183188922368",
"1928418359395197140","Fri May 30 14:00:13 +0000 2025","0","@daynari_ Hari ini full cerah semua gunung https://t.co/appjOwRJaJ","1928451385718087784","https://pbs.twimg.com/media/GsM8TbNbUAAcQNd.jpg","daynari_","in","","0","1","0","https://x.com/undefined/status/1928451385718087784","1492162076990578688",
"1928449944475562076","Fri May 30 14:00:13 +0000 2025","0","@kachoooowwwww Turun gunung juga si mas","1928451384908632280","","kachoooowwwww","in","","0","0","0","https://x.com/undefined/status/1928451384908632280","1188418670331973633",
"1928451242151539133","Fri May 30 13:59:39 +0000 2025","0","Cek #Tongkat Daki Gunung/ Tongkat Hiking Trekking Pole/ Trekking Pole Tongkat Treking Gunung dengan harga Rp39.900. Dapatkan di Shopee sekarang! https://t.co/He7r7pIaCk https://t.co/0Eqm1OKo5k","1928451242151539133","https://pbs.twimg.com/media/GsM8L1fa8AAduF0.jpg","","in","","0","0","0","https://x.com/undefined/status/1928451242151539133","1885982985218088960",
"1928451137726013735","Fri May 30 13:59:14 +0000 2025","0","Bak Gunung Es PHK Massal di RI Diyakini Buruh Lebih Mengerikan https://t.co/7ZAJ1T94Jn","1928451137726013735","","","in","","1","0","1","https://x.com/undefined/status/1928451137726013735","847372542830444544",
"1928451026887012557","Fri May 30 13:58:48 +0000 2025","0","Juni terpantau bakal akeh prei ne raono info munggah gunung po iki","1928451026887012557","","","in","","0","1","0","https://x.com/undefined/status/1928451026887012557","1121804402908487680",
"1928450637055889673","Fri May 30 13:57:15 +0000 2025","0","Mau naik gunung kok jaketnya ketinggalan. Gek kepiye iki Cah2.... ","1928450637055889673","","","in","","0","0","0","https://x.com/undefined/status/1928450637055889673","186801197",
"1928450627061100965","Fri May 30 13:57:13 +0000 2025","0","Unggah Kolase Foto Pendakian Gunung Merbabu Ini Pesan yang Dibagikan Marianne Rumantir https://t.co/qiLeFNh0cg","1928450627061100965","","","in","","0","0","0","https://x.com/undefined/status/1928450627061100965","950002951824666624",
"1928450545976738115","Fri May 30 13:56:53 +0000 2025","0","late twenties tuh fase hidup yg kocak menurut aku. Di dalam satu grup aku ada yg baru bgt abis naik gunung ada yg terkapar di rs di hari yg sama ada yg nau donor darah tp takut darah bisa sampe pingsan","1928450545976738115","","","in","","0","1","0","https://x.com/undefined/status/1928450545976738115","1802192383276453888",
"1928447384968942062","Fri May 30 13:56:34 +0000 2025","0","@itsskyday pantai terus gunung","1928450465009672312","","itsskyday","in","","0","1","0","https://x.com/undefined/status/1928450465009672312","1749693691521101824",
"1928450322709598395","Fri May 30 13:56:00 +0000 2025","0","Terima kasih yang udah ngasih tau dan yang bikin video di youtube. Hari ini solo hiking 3 gunung brayyyyy https://t.co/XxHMEQXMWl","1928450322709598395","https://pbs.twimg.com/media/GsM7VxRbwAAU93I.jpg","","in","","0","0","0","https://x.com/undefined/status/1928450322709598395","1050785251973201920",
"1928450242963493254","Fri May 30 13:55:41 +0000 2025","0","Tambang Galian C Gunung Kuda Cirebon Longsor 10 Orang Meninggal Dunia https://t.co/7UIBHh1IXx #beritaterkini #beritaviral #kabarterbaru #klikwarta #news #beritanasional","1928450242963493254","","","in","","0","0","0","https://x.com/undefined/status/1928450242963493254","823779030767833088",
"1928363297688146234","Fri May 30 13:54:35 +0000 2025","0","@yourbae gunung harta","1928449966256562492","","yourbae","in","","0","0","0","https://x.com/undefined/status/1928449966256562492","1094801559018303489",
"1928421817531703778","Fri May 30 13:53:29 +0000 2025","0","@nanacoves memang ada aja tingkah anak itu kakk belum lagi yang kesesat di gunung wkwkwk bisa selamat gara2 minta tolong sama hantu anterin jalan pulang untungnya ga ada korban pas dia kesesat 1 minggu ituu","1928449690330112058","","nanacoves","in","","0","0","0","https://x.com/undefined/status/1928449690330112058","1764309143597486081",
"1928449662635446564","Fri May 30 13:53:23 +0000 2025","0","Si tiba2 ngajak ndaki... saya terakhir naik gunung 7 tahun yg lalu dan sudah tidak mau lagi mon maap https://t.co/8HeGM00SVI","1928449662635446564","https://pbs.twimg.com/media/GsM6vfAbsAAgNIe.jpg","","in","","0","0","0","https://x.com/undefined/status/1928449662635446564","1187191184185184256",
"1928438632211190141","Fri May 30 13:52:57 +0000 2025","0","@skenatesan @folkloresunrise jelas ngga ada kk gunung gede aku jg keabisan ","1928449553620963399","","skenatesan","in","","0","1","0","https://x.com/undefined/status/1928449553620963399","438170322",
"1928245320800161957","Fri May 30 13:52:36 +0000 2025","1","@agnezu_ giliran nanjak gunung gak capek ","1928449465507090477","","agnezu_","in","","0","1","0","https://x.com/undefined/status/1928449465507090477","2472138806",
"1928425306316239145","Fri May 30 13:51:26 +0000 2025","0","@373rimimachine Gunung/watu gajah","1928449171826389243","","373rimimachine","in","","0","0","0","https://x.com/undefined/status/1928449171826389243","792885518",
"1927728204183138644","Fri May 30 13:51:24 +0000 2025","0","@syaamyraziva jadi km dikabarin al pas dia naik gunung..?","1928449166126006672","","syaamyraziva","in","","0","0","0","https://x.com/undefined/status/1928449166126006672","1673577104116678656",
"1928449038828896372","Fri May 30 13:50:54 +0000 2025","0","Badan Geologi Tegaskan Gunung Kuda Masuk Zona Rawan Gerakan Tanah https://t.co/um5G2S8E1d","1928449038828896372","","","in","","0","0","0","https://x.com/undefined/status/1928449038828896372","1578222594",
"1928343028768682407","Fri May 30 13:50:47 +0000 2025","0","@justme_ayp nice la tu lep pun tk pernah terpikir nak panjat gunung kinabalu tu sendiri tau sendiri tu tk fit","1928449010236322239","","justme_ayp","in","","0","0","0","https://x.com/undefined/status/1928449010236322239","1252217428680929282",
"1928266082013565090","Fri May 30 13:50:41 +0000 2025","6","@zakiberkata Iyaa sih Dari pagi cerah banget awan tipis2 aja sampe sore Sunsetnya cuakep itu sampe 4 gunung keliatan semua (aslinya keliatan jauh lebih gede drpd foto) https://t.co/skaAH2WrWT","1928448986316243156","https://pbs.twimg.com/media/GsM6H0rakAA_W_7.jpg","zakiberkata","in","","0","0","1","https://x.com/undefined/status/1928448986316243156","142908480",
"1928448873879515354","Fri May 30 13:50:15 +0000 2025","0","aku akan reread baranala dan si pasangan penjaga gunung itu lagi","1928448873879515354","","","in","","0","0","0","https://x.com/undefined/status/1928448873879515354","1870495467391598592",
"1928448856586338812","Fri May 30 13:50:10 +0000 2025","0","GW BNRN MW NAIK GUNUNG","1928448856586338812","","","in","","0","0","0","https://x.com/undefined/status/1928448856586338812","1137692387600359425",
"1928418359395197140","Fri May 30 13:49:55 +0000 2025","3","@masbrodiiii Pict 1 di Pangonan Pict 2 di Gunung Kembang Pict 3 di Gunung Bismo","1928448793420132812","","masbrodiiii","tl","","0","0","1","https://x.com/undefined/status/1928448793420132812","1137409062646083584",
"1928448768090800337","Fri May 30 13:49:50 +0000 2025","0"," Yg Apocalyptic Chef ini ttg koki di kamp militer di pedalaman gunung jadi ya fokusnya ke pasukan di kamp-nya gimana bisa bertahan di masa apocalypse. Yg 1 lagi MC-nya politikus. Kalo gak salah ingat monster2 muncul pas hari pertama dia menjabat jadi..... Senat??","1928448771731394677","","slackxrlife","in","","0","0","0","https://x.com/undefined/status/1928448771731394677","1419727987",
"1928448618077253879","Fri May 30 13:49:14 +0000 2025","0","13 korban tewas longsor Gunung Kuda di Cirebon berhasil diidentifikasi. Kawasan tambang ini masuk dalam zona rawan longsor. https://t.co/q5FSwuXyy9","1928448618077253879","","","in","","0","0","0","https://x.com/undefined/status/1928448618077253879","1404018642",
"1928448539975160070","Fri May 30 13:48:55 +0000 2025","0","Orang kaki gunung ini terlalu mudah sumuk di tempat baru","1928448539975160070","","","in","","0","0","0","https://x.com/undefined/status/1928448539975160070","1131383591504453638",
"1928448440804974688","Fri May 30 13:48:31 +0000 2025","0","hii temenan sama aku yukk! nanti kita mabar jugaa aku suka muncak banyak gunung eheheh https://t.co/Oe52aXUWqs","1928448440804974688","https://pbs.twimg.com/media/GsM5oxVbkAA4OtY.jpg","","in","","0","5","0","https://x.com/undefined/status/1928448440804974688","767788462183424000",
"1928443104140702046","Fri May 30 13:48:14 +0000 2025","3","uniqlo heattech bw ld 95 p 60 42.000 ️‍36.000️‍ bahan halus bikin anget buat yg mau camping atau ke gunung cocok bgt (-)noda pic 4 https://t.co/ZGA9OqTzfp","1928448368533221885","https://pbs.twimg.com/media/GsM5kFVbMAAyb0L.jpg","kenmagirlf","in","","1","5","1","https://x.com/undefined/status/1928448368533221885","1194384066113490944",
"1928447700040622085","Fri May 30 13:45:35 +0000 2025","1","OCIL SMP OMEK MEKI TEMBEM https://t.co/ZFmQLbtCPl https://t.co/DJb5hk49fE","1928447700040622085","","","in","","0","0","1","https://x.com/undefined/status/1928447700040622085","1917976458775162880",
"1928362357832462422","Fri May 30 13:45:15 +0000 2025","0","@akyass634 Gunung dong","1928447617559830784","","akyass634","in","","0","0","0","https://x.com/undefined/status/1928447617559830784","1178632539109384192",
"1928447553940639972","Fri May 30 13:45:00 +0000 2025","0","Viral Gunung Bromo Dipadati Turis China Begini Penampakannya! https://t.co/ij8zhEkP3P","1928447553940639972","","","in","","0","0","0","https://x.com/undefined/status/1928447553940639972","132078023",
"1928447484747014288","Fri May 30 13:44:43 +0000 2025","0","masih deket itu mah jaman dulu mah mamah mau sekolah kudu nyebrang laut merah trus daki gunung himalaya sama nyebrang sungai nil","1928447484747014288","","","in","","0","0","0","https://x.com/undefined/status/1928447484747014288","1368093798694223873",
"1928447384968942062","Fri May 30 13:44:20 +0000 2025","7","pantai atau gunung?","1928447384968942062","","","in","","0","16","0","https://x.com/undefined/status/1928447384968942062","1695705981093920768",
"1928447330732446072","Fri May 30 13:44:07 +0000 2025","1","Longsor di Tambang Gunung Kuda Cirebon 8 Penambang Tewas Tertimbun Tragedi longsor mengguncang area tambang batu Gunung Kuda Kecamatan Dukuhpuntang Kabupaten Cirebon pada Jumat (30/5). Sedikitnya delapan penambang tewas setelah tertimbun material longsor saat sedang bekerja https://t.co/R7EZQO8Hte","1928447330732446072","https://pbs.twimg.com/media/GsM4nzAboAA9Gow.jpg","","in","","0","0","0","https://x.com/undefined/status/1928447330732446072","1905086631276912640",
"1928447251418103900","Fri May 30 13:43:48 +0000 2025","0"," Sebanyak 14 orang sudah dievakuasi teridentifikasi dan telah diserahkan kepada keluarga masing-masing kata Kapolresta Cirebon Kombes Pol Sumarni https://t.co/cx9nAFhbEn","1928447251418103900","","","in","","0","0","0","https://x.com/undefined/status/1928447251418103900","18071520",
"1928447143427133520","Fri May 30 13:43:22 +0000 2025","1","di bulan mei ini udah merasakan motoran ke tempat hijau hijau bukit bukit naik turun gunung di jabar dan jateng yg vibes nya sebenernya kayak di trawas tp bedaaaa (selain yg yaa vegetasi dan suhu nya yg berbeda) tp yg paling penting adalah perilaku pengendaranyaa ","1928447143427133520","","","in","","0","1","0","https://x.com/undefined/status/1928447143427133520","183241969",
"1928447124166840476","Fri May 30 13:43:17 +0000 2025","0","Kekuatannya Rara Santang Dulu ngefans bngt sama film RKS (Raden Kian Santang)terus sampe ngehalu jadi Rara Santang Bhkan karya ilmiah kelas 11 tentang sunan gunung jati yang anaknya Rara Santang️","1928447124166840476","","","in","","0","0","0","https://x.com/undefined/status/1928447124166840476","1511517322015506439",
"1928447086640656430","Fri May 30 13:43:08 +0000 2025","7","Badan Nasional Penanggulangan Bencana (BNPB) melaporkan 10 orang tewas akibat longsor di area Tambang Galian C Gunung Kuda Desa Cipanas Kecamatan Dukupuntang Cirebon Jawa Barat pada Jumat (30/5/2025). Menurut Dinas ESDM Jawa Barat longsor diduga terjadi karena kesalahan https://t.co/HUQKmndagW","1928447086640656430","https://pbs.twimg.com/amplify_video_thumb/1928446955006627840/img/-3bVqo6hzK8bUfee.jpg","","in","","0","0","3","https://x.com/undefined/status/1928447086640656430","46693036",
"1928434762026524702","Fri May 30 13:42:52 +0000 2025","0","@0_0alysu @yeaheavensent_ hapus sebelum gunung muria aku rubuhin","1928447019246330331","","0_0alysu","in","","0","1","0","https://x.com/undefined/status/1928447019246330331","1813400893053915136",
"1928446866615587298","Fri May 30 13:42:16 +0000 2025","0","wkwkw ini kenapa pada jadi suka naik gunung dah temen temen gua","1928446866615587298","","","in","","0","3","0","https://x.com/undefined/status/1928446866615587298","1084809247613804544",
"1928446750123077865","Fri May 30 13:41:48 +0000 2025","8","Penampakan sesosok tinggi besar sendirian di atas gunung di Mekkah. Wallahu... Subhanallah. Labbaik Allahumma labbaik.... https://t.co/L8UfS04YE7","1928446750123077865","https://pbs.twimg.com/ext_tw_video_thumb/1928446686583742464/pu/img/qRkDU39NTpJTIaoq.jpg","","in","","0","0","0","https://x.com/undefined/status/1928446750123077865","1391273164731125760",
"1928443780861943996","Fri May 30 13:30:00 +0000 2025","1","#Foto Longsor tambang Gunung Kuda Cirebon Jumat (30/5) menewaskan 13 orang dan melukai 9 lainnya. Diduga masih ada korban tertimbun. Penambangan resmi ditutup sementara. Baca berita selengkapnya di sini! https://t.co/wsIu5EZk6Z #detikcom #Longsor #Cirebon https://t.co/hYcq8ldbzF","1928443780861943996","https://pbs.twimg.com/media/GsMx0VlaoAAQQQP.jpg","","in","","1","0","2","https://x.com/undefined/status/1928443780861943996","69183155",
"1928436890694210043","Fri May 30 13:29:51 +0000 2025","0","@chococoffea CANTIK BGT GUNUNG APA INI","1928443740294730197","","chococoffea","in","","0","1","0","https://x.com/undefined/status/1928443740294730197","1352281968193335297",
"1928443715711906255","Fri May 30 13:29:45 +0000 2025","0","Cek Kacamata olahraga bingkai besar baru kacamata bersepeda luar ruangan one-piece kacamata hitam mode pria dan wanita untuk mendaki gunung dengan harga Rp25.168. Dapatkan di Shopee sekarang! https://t.co/lI76jt3VGp https://t.co/sS0KIu8w7b","1928443715711906255","https://pbs.twimg.com/media/GsM1Vu6aQAAEsPO.jpg","","in","","0","0","0","https://x.com/undefined/status/1928443715711906255","1846622878328041472",
"1928434135015801023","Fri May 30 13:29:33 +0000 2025","0","@kali_gunung @ipunk_baik Di grassroot juga laku banget","1928443667200803243","","autophile_lux","in","","0","0","0","https://x.com/undefined/status/1928443667200803243","449473411",
"1928443545683456438","Fri May 30 13:29:04 +0000 2025","11","membelah kota magelang dan memutari gunung merbabu demi bertemu cowokku itu &lt;3^^ https://t.co/QkXfLeHwYP","1928443545683456438","https://pbs.twimg.com/ext_tw_video_thumb/1693799398419951616/pu/img/SSy7C5CERv40Sk8T.jpg","","in","","0","0","0","https://x.com/undefined/status/1928443545683456438","1249704221420613634",
"1928443488657612983","Fri May 30 13:28:51 +0000 2025","0","pengen berani naik gunung lg pengen berani nyetir ke luar kota lg ","1928443488657612983","","","in","","0","0","0","https://x.com/undefined/status/1928443488657612983","1506315574690820096",
"1928443212022055111","Fri May 30 13:28:46 +0000 2025","0","orang orang ngapain si ada yg nge band digunung . karaoke . nyetel lagu ni gunung apa si anjay kaga ada silent hour apa?","1928443468595990599","","hazelyblush","in","","0","0","0","https://x.com/undefined/status/1928443468595990599","3011979120",
"1928443395573260295","Fri May 30 13:28:28 +0000 2025","0","Jumat 30 Mei 2025 View Gunung Sindoro Sumbing Merbabu Terlihat cerah merona dari lereng Gunung Slamet.. https://t.co/u0c2bBmyMJ","1928443395573260295","https://pbs.twimg.com/media/GsM1C7mboAAp9OV.jpg","","in","","0","0","0","https://x.com/undefined/status/1928443395573260295","1847576367220817920",
"1928443290203942928","Fri May 30 13:28:03 +0000 2025","8","ga tayang cepet2 gpp asal editing nya bagus terutama scene2 fav ku di gunung salju iniii https://t.co/FGBpZO0dnM","1928443290203942928","https://pbs.twimg.com/ext_tw_video_thumb/1873039547380187136/pu/img/NGE0_6kBpBSSOFF1.jpg","","in","","0","0","0","https://x.com/undefined/status/1928443290203942928","1736103299810791424",
"1928097121103761918","Fri May 30 13:27:54 +0000 2025","0","@joyilokal cari map mountain ajaa di rubluknya ini di gunung gede","1928443250513518622","","joyilokal","in","","0","0","0","https://x.com/undefined/status/1928443250513518622","1415590348433223682",
"1928430446552977469","Fri May 30 13:27:47 +0000 2025","0","@BaseBDG suka ke gunung atau ke pantai?","1928443220536746386","","BaseBDG","in","","13","26","0","https://x.com/undefined/status/1928443220536746386","3182629560",
"1928097121103761918","Fri May 30 13:27:30 +0000 2025","0","@maniakuromi ini dii gunung gede ajra","1928443148612542843","","maniakuromi","in","","0","1","0","https://x.com/undefined/status/1928443148612542843","1415590348433223682",
"1928443117168103562","Fri May 30 13:27:22 +0000 2025","0","gakuat mau naik gunung 6bulan ga kemanamana amit amit bgt","1928443117168103562","","","in","","0","0","0","https://x.com/undefined/status/1928443117168103562","989161362558337024",
"1928443023622656036","Fri May 30 13:27:00 +0000 2025","6","Detik-detik longsor di kawasan tambang galian C Gunung Kuda Desa Cipanas Kecamatan Dukupuntang Kabupaten Cirebon Provinsi Jawa Barat (Jabar) Jumat (30/5/2025). Informasi sementara korban meninggal sebanyak 13 orang. Selain itu tiga unit alat berat dan enam mobil truk tertimbun https://t.co/liJwPR7jVU","1928443023622656036","https://pbs.twimg.com/amplify_video_thumb/1928442852004270080/img/1LdOoINE3PVvFTS0.jpg","","in","","0","1","1","https://x.com/undefined/status/1928443023622656036","84221579",
"1928443009906966981","Fri May 30 13:26:56 +0000 2025","1","INFORMASI ANAK HILANG!!!! Nama : Naveed Rayhan Nurmantono Usia : 14 Tahun Memakai baju koko lengan pendek warna hijau naik sepeda gunung warna coklat anak berkebutuhan khusus komunikasi tidak lancar. @infobandung123 @Infobandungkota https://t.co/yUkc81A3Nj","1928443009906966981","https://pbs.twimg.com/media/GsM0sZ3akAAbfX_.jpg","","in","","0","0","0","https://x.com/undefined/status/1928443009906966981","1038997394",
"1928442663885242507","Fri May 30 13:25:34 +0000 2025","0","Tambang Galian C Gunung Kuda Cirebon Longsor 10 Orang Tewas Tertimbun #KorbanTambang https://t.co/GquvxbmEqz","1928442663885242507","","","in","","0","0","0","https://x.com/undefined/status/1928442663885242507","796595577953853440",
"1928434135015801023","Fri May 30 13:24:46 +0000 2025","0","@kali_gunung mungkin lagi pada gabut","1928442463796269399","","autophile_lux","in","","0","0","0","https://x.com/undefined/status/1928442463796269399","44568999",
"1928441260856967299","Fri May 30 13:24:37 +0000 2025","0","@fairysmurft muncak ke gunung kembar","1928442423346126916","","fairysmurft","in","","0","1","0","https://x.com/undefined/status/1928442423346126916","1849092280524980224",
"1928442353804845360","Fri May 30 13:24:20 +0000 2025","2","siapapun ajak aku mendaki gunung tpi yg deket jkt aja ","1928442353804845360","","","in","","0","3","0","https://x.com/undefined/status/1928442353804845360","1839693118071070720",
"1928442219582591382","Fri May 30 13:23:48 +0000 2025","1","KAKA CANTIK OMEK https://t.co/QHmMauCcS9 https://t.co/ziSjjnp1gC","1928442219582591382","","","in","","0","0","1","https://x.com/undefined/status/1928442219582591382","1917976458775162880",
"1928433139757822270","Fri May 30 13:23:37 +0000 2025","0","@itsongmin Betul di jaman snsd suju 2ne1 bigbang masi setinggi gunung himalaya ","1928442173965402505","","jennierjuby","in","","0","0","0","https://x.com/undefined/status/1928442173965402505","377505172",
"1928433808195379278","Fri May 30 13:23:31 +0000 2025","0","@cowobangkit kan cenah Sangkuriang saatosna najong parahu jadi gunung tuluy ngaleos ti lembang ka subang. Trus netep di Cimanggu. Di dinya nyiptakeun lagu Mangu nu asal katana ti Cimanggu..","1928442146996314233","","cowobangkit","in","","0","0","0","https://x.com/undefined/status/1928442146996314233","57804109",
"1928442075990618355","Fri May 30 13:23:14 +0000 2025","0","gimana ya pemerintah sana ngeyakinin warganya buat ngungsi? di sini kalau ada gunung meletus (telat sih) disuruh mengungsi tapi ada aja yg balik. apa karena ternaknya ga dibawa juga ya?","1928442075990618355","","","in","","0","0","0","https://x.com/undefined/status/1928442075990618355","1338322666147565568",
"1928434135015801023","Fri May 30 13:23:13 +0000 2025","0","@ipunk_baik Laku banget di tiktok","1928442073533022334","","ipunk_baik","in","","0","2","0","https://x.com/undefined/status/1928442073533022334","1735141551393878016",
"1928426192564093419","Fri May 30 13:22:24 +0000 2025","0","Ini jadi kali kedua longsor terjadi di Gunung Kuda. Yang pertama pada 2014. Kenapa bisa kejadian serupa terulang? Ada yang salah dengan sistem perizinan? #KecelakaanTambang","1928441868389401081","","alineadotid","in","","0","0","0","https://x.com/undefined/status/1928441868389401081","354168059",
"1928440058320728321","Fri May 30 13:22:23 +0000 2025","4","@PolJokesID CEO turun gunung demi sales","1928441863368761841","","PolJokesID","in","","0","1","0","https://x.com/undefined/status/1928441863368761841","272692490",
"1928437864200831088","Fri May 30 13:21:52 +0000 2025","0","@snarenette GAK PAKE WIFI ANJ PAKE PAKETAN AJA LEMOT COOOK GUNUNG","1928441733865758990","","mmigrenn","in","","0","1","0","https://x.com/undefined/status/1928441733865758990","1534403390481895424",
"1917488239725936771","Fri May 30 13:20:56 +0000 2025","0","@aanbin Pasti abang gofood nya juga seneng bisa berhadapan langsung sama gunung fuji my dream comes true.. Terima kasih Jepang terima kasih angin dan gacoan.. ","1928441496199434398","","aanbin","in","","0","1","0","https://x.com/undefined/status/1928441496199434398","1136476522481537024",
"1928441486137328076","Fri May 30 13:20:53 +0000 2025","0","mau naik gunung yg banyak pocongnya","1928441486137328076","","","in","","0","0","0","https://x.com/undefined/status/1928441486137328076","1904283416918659072",
"1928441439379214407","Fri May 30 13:20:42 +0000 2025","0","Lokasi tambang Gunung Kuda berada di zona kerentanan tanah tinggi. Perusahaan tambang sudah diberitahu tentang kerawanan itu. #Nusantara #Kompas60 https://t.co/x7WIpRyCrU","1928441439379214407","","","in","","0","0","0","https://x.com/undefined/status/1928441439379214407","79237556",
"1928441432672506309","Fri May 30 13:20:40 +0000 2025","0","Dua hari ini disuguhi POV kocak: 1. Main bareng antara milenial dan gen z yang milenial dah berangkat dari subuh gen z nya baru OTW saat matahari muncul (maafkan kami) 2. Satunya masuk angin turun gunung jadi naik motor 40 km/jam. Satunya ngantuk kalau motoran pelan ","1928441432672506309","","","in","","0","1","0","https://x.com/undefined/status/1928441432672506309","948533378197831680",
"1928388632823595141","Fri May 30 13:20:23 +0000 2025","0","@DMHAECHAN00 @markcleed @fleuricsh @fusciav @yoocheriiers @yupjiimin @haexcahn @Flouxnce @obsesved @renjunjh @kariinabluu_ @kaarinayo @barzomyu @kazvigetsu Png adalah kunci kids ayo dicek ava kalian yang gak png loncat ke kawah gunung berapi punya saya https://t.co/RkiD8gsyxf","1928441357909045486","https://pbs.twimg.com/media/GsMzMRWbUAAfgVt.jpg","AETERNEOTY","in","","12","1","0","https://x.com/undefined/status/1928441357909045486","3288805767",
"1928440821054931330","Fri May 30 13:19:23 +0000 2025","0","3) Percepat Evakuasi Longsor Danrem 063/SGJ hadir di Gunung Kuda https://t.co/qBgflGWdg2 https://t.co/EMYdzW49In","1928441105919480212","https://pbs.twimg.com/media/GsMy7bJaYAATROR.jpg","jurnalgiat1978","in","","0","0","0","https://x.com/undefined/status/1928441105919480212","1840217703866609664",
"1928440821054931330","Fri May 30 13:18:45 +0000 2025","0","2) Percepat Evakuasi Longsor Danrem 063/SGJ hadir di Gunung Kuda https://t.co/qBgflGWdg2 https://t.co/J1GQeSdzAi","1928440947039154351","https://pbs.twimg.com/media/GsMyzJVbUAAn_ac.jpg","jurnalgiat1978","in","","0","1","0","https://x.com/undefined/status/1928440947039154351","1840217703866609664",
"1928440821054931330","Fri May 30 13:18:15 +0000 2025","0","1) Percepat Evakuasi Longsor Danrem 063/SGJ hadir di Gunung Kuda https://t.co/qBgflGWdg2 https://t.co/sRruQLSVeO","1928440821054931330","https://pbs.twimg.com/media/GsMysh4b0AAYmXh.jpg","","in","","0","1","0","https://x.com/undefined/status/1928440821054931330","1840217703866609664",
"1928440463729500399","Fri May 30 13:16:49 +0000 2025","0","Update! Korban Tewas Longsor Gunung Kuda Cirebon Bertambah Jadi 14 Orang https://t.co/3VgaDv73PW","1928440463729500399","","","in","","0","1","0","https://x.com/undefined/status/1928440463729500399","47274731",
"1928440461917626606","Fri May 30 13:16:49 +0000 2025","1","giliran cintanya udah se nyata ini malah badai yg datang segunung gunung(stress semua) OBAT KAMGEN MORA 179 #AgainstTheworldWithMora #MORA #AsmaraGenZSolid179","1928440461917626606","","","in","","0","0","0","https://x.com/undefined/status/1928440461917626606","1825920182013014017",
"1928440438324593132","Fri May 30 13:16:43 +0000 2025","0","Gw jadi inget letusan gunung merapi 2010. Udah di kasih berapa kali peringatan evakuasi tp ga pada pergi. Rumah ladang ga bisa ditinggal ngikut juru kunci ga percaya krn 2006 ga meletus fasilitas evakuasi ga memadai. Akhirnya puluhan meninggal. Ada jg yg meninggal di bunker","1928440438324593132","","","in","","0","1","0","https://x.com/undefined/status/1928440438324593132","389300239",
"1928440409262354768","Fri May 30 13:16:36 +0000 2025","0","hari ini cerah banget gunung Slamet gunung Sindoro Sumbing kelihatan dari rumah","1928440409262354768","","","in","","0","0","0","https://x.com/undefined/status/1928440409262354768","1281243198963068932",
"1928440011256369381","Fri May 30 13:15:02 +0000 2025","0","Lokasi tambang Gunung Kuda berada di zona kerentanan tanah tinggi. Perusahaan tambang sudah diberitahu tentang kerawanan itu. #Nusantara #Kompas60 https://t.co/riWYb4LrfI","1928440011256369381","","","in","","0","0","0","https://x.com/undefined/status/1928440011256369381","155456716",
"1928440004587790682","Fri May 30 13:15:00 +0000 2025","1","Longsor Gunung Kuda Cirebon BPBD Jabar: 10 Orang Tewas Tertimbun Ini Identitasnya https://t.co/EVKn5HidiP","1928440004587790682","","","in","","0","1","0","https://x.com/undefined/status/1928440004587790682","47274731",
"1928012259659260227","Fri May 30 13:12:50 +0000 2025","0","@daorls Aku main map gunung wkwk","1928439459021738398","","freakys4ndwich","in","","0","1","0","https://x.com/undefined/status/1928439459021738398","1905137540530847744",
"1928439314079219749","Fri May 30 13:12:15 +0000 2025","0","Pemda Provinsi Jabar dan Kabupaten Cirebon Gerak Cepat Evakuasi Korban Longsor Gunung Kuda https://t.co/KDfT9aMXJ8","1928439314079219749","","","in","","0","0","0","https://x.com/undefined/status/1928439314079219749","278855466",
"1928438349791965274","Fri May 30 13:11:20 +0000 2025","1","@kissedmoons aku dah pernah liat sunrise sunset tangkuban perahu gunung bromo kawah ijen tapi tetep km ciptaan tuhan terbaik","1928439083837059082","","kissedmoons","in","","1","1","0","https://x.com/undefined/status/1928439083837059082","1852375186101993472",
"1928438883005411757","Fri May 30 13:10:33 +0000 2025","0","Disini nunggu juru kuncinya turun gunung atau ngga. Kalo juru kuncinya stay ya people stay","1928438883005411757","","","in","","0","0","0","https://x.com/undefined/status/1928438883005411757","379139224",
"1928438856317088053","Fri May 30 13:10:26 +0000 2025","0","Ada yang turun gunung bareng dedek kickflip https://t.co/Cpd5W028Ck","1928438856317088053","https://pbs.twimg.com/media/GsMw6fXaEAAyYsy.jpg","","in","","0","0","0","https://x.com/undefined/status/1928438856317088053","178606544",
"1928438762029134295","Fri May 30 13:10:04 +0000 2025","0","Akewski jadi Agung alias Anak Gunung https://t.co/0bOldgbXlG","1928438762029134295","https://pbs.twimg.com/media/GsMwytGaoAAVpRT.jpg","","in","","0","0","0","https://x.com/undefined/status/1928438762029134295","296775839",
"1927954352142012547","Fri May 30 13:09:00 +0000 2025","0","@adoredbyHAN oalahh ekspedisi naik gunung itu kamu udah coba yg mana aja?? aku baru yg merbabu sama antartika tp susah banget elahh baru nyampe bc 1 abis itu pasti mati ","1928438493941829870","","adoredbyHAN","in","","0","1","0","https://x.com/undefined/status/1928438493941829870","1351540555923111936",
"1928430446552977469","Fri May 30 13:08:07 +0000 2025","0","@Always_Hungry28 @BaseBDG babakaran jagung di gunung putri","1928438270532165637","","Always_Hungry28","in","","0","0","0","https://x.com/undefined/status/1928438270532165637","1924000217449496577",
"1928422084226465993","Fri May 30 13:07:53 +0000 2025","0","@izzlrfs Pdo mas gelisane nek aku koyok Iyo koyok gak budal munga gunung Iki Mergo koyok onok sing ilang pas ningal omah wkeke","1928438214601146504","","izzlrfs","in","","0","0","0","https://x.com/undefined/status/1928438214601146504","1613032675186728960",
"1928438124033495246","Fri May 30 13:07:32 +0000 2025","1","Lokasi tambang Gunung Kuda berada di zona kerentanan tanah tinggi. Perusahaan tambang sudah diberitahu tentang kerawanan itu. #Nusantara #Kompas60 https://t.co/VKrVWlRBVF","1928438124033495246","","","in","","0","0","0","https://x.com/undefined/status/1928438124033495246","255866913",
"1925195543598579867","Fri May 30 13:07:10 +0000 2025","1","@heseeeung halo dimi! salam kenall. INI KATA MOTIVASI APA YA BARU DENGER keren keren motivasinya.. aku lg sibuk mendaki gunung dan survive di kereta mati. kalau dimi?","1928438032849416207","","heseeeung","in","","0","0","0","https://x.com/undefined/status/1928438032849416207","772079281396600832",
"1928437972967342259","Fri May 30 13:06:56 +0000 2025","0","Tragedi Berulang Longsor Gunung Kuda Cirebon: Alarm Bahaya tak Digubris! Korban Tertimbun 1 Warga Padabeunghar https://t.co/HNeqRtEJ4H #LongsorGunungKudaCirebon #GunungKuda #longsor #Dukupuntang #cirebon #tambang #GalianC #PikiranRakyatKuningan","1928437972967342259","","","in","","0","0","0","https://x.com/undefined/status/1928437972967342259","1337831150287384576",
"1928437831724138780","Fri May 30 13:06:22 +0000 2025","0","baru ngeh si gue menerjang kemacetan pp trg - braga - trg lalu lanjut trg - kircon - PASKAL astaghfirullohadzim hujan gaje kota bdg + kemacetan long weekend as if ga pulang ke GUNUNG dan besok ga ngantor","1928437831724138780","","","in","","0","2","0","https://x.com/undefined/status/1928437831724138780","208817243",
"1928427838551519703","Fri May 30 13:06:14 +0000 2025","1","@Heraloebss Junjungane kelakuan dan mulutnya nggak mencerminkan ahli agama blas. Apa ekspektasinya? Miris namun tidak terkejut. Saya yakin ini fenomena gunung es. Banyak yg diam &amp; bungkam.","1928437800447230009","","Heraloebss","in","","0","0","0","https://x.com/undefined/status/1928437800447230009","1331762862881083393",
"1928437788208226743","Fri May 30 13:06:12 +0000 2025","0","Isak Tangis Keluarga Korban Longsor Gunung Kuda Cirebon Pecah di Rumah Sakit https://t.co/1E6U0tChKw","1928437788208226743","","","in","","0","0","0","https://x.com/undefined/status/1928437788208226743","132078023",
"1928437356849189352","Fri May 30 13:04:29 +0000 2025","1","Sandal Gunung Wanita Elegan Slop Tali Import Jelly Empuk dengan HARGA Rp36.463. Dapatkan di https://t.co/sBsEOJSpEx https://t.co/E0fM2cy2ms","1928437356849189352","https://pbs.twimg.com/media/GsMvjPhaYAAQbUA.jpg","","in","","0","0","0","https://x.com/undefined/status/1928437356849189352","1768150785119145984",
"1928437347416252731","Fri May 30 13:04:26 +0000 2025","0","celana tactical mossen panjang / celana cargo / celana autdoor Pria Sport Abu Outdoor Casual Gunung https://t.co/5EjMl6pWLv","1928437347416252731","","","in","","0","0","0","https://x.com/undefined/status/1928437347416252731","1789298412619489280",
"1928300290568245263","Fri May 30 13:04:12 +0000 2025","2","@WatchmenID @cinepoint_ YEAY! Ditinggal daki gunung ini Jumbo udah 10jt ana","1928437288603672839","","WatchmenID","in","","0","0","0","https://x.com/undefined/status/1928437288603672839","1550092204680835075",
"1928437042591002948","Fri May 30 13:03:14 +0000 2025","4","Badan Nasional Penanggulangan Bencana (BNPB) menyatakan longsor tambang galian C di Gunung Kuda Cirebon menewaskan 10 orang. ~LL #Longsor #GunungKuda https://t.co/cr7DNT9lnM","1928437042591002948","","","in","","0","0","0","https://x.com/undefined/status/1928437042591002948","23343960",
"1928289384257966104","Fri May 30 12:43:16 +0000 2025","0","@secaake gunung apa ituu","1928432018439987465","","secaake","in","","0","1","0","https://x.com/undefined/status/1928432018439987465","1728626822232133632",
"1928098186872139865","Fri May 30 12:42:17 +0000 2025","0","@merekamcahaya Pernah sepedaan dari Wonogiri ke gunung sepikul Sukoharjo","1928431771076436048","","merekamcahaya","in","","0","0","0","https://x.com/undefined/status/1928431771076436048","1604327300493111296",
"1928431390376264063","Fri May 30 12:40:46 +0000 2025","0","Jumlah korban tewas dalam musibah longsor di lokasi tambang galian C di kawasan Gunung Kuda Cirebon Jabar telah mencapai 13 orang. #Nusantara #Kompas60 https://t.co/wr5BswCZ8F","1928431390376264063","","","in","","0","0","0","https://x.com/undefined/status/1928431390376264063","79237556",
"1928287450318749998","Fri May 30 12:40:19 +0000 2025","0","@TalkinAndy ummm tapi pernah di satu wilayah negeri ini udah dikasih tau gunung mau meletus suruh evakuasi tapi malah pd gak mau.. ","1928431277494980814","","TalkinAndy","in","","0","1","0","https://x.com/undefined/status/1928431277494980814","198000295",
"1928431238571802979","Fri May 30 12:40:10 +0000 2025","0","️️ ️️ ️️ ️️ Merawat pohon di gunung. Lumayan biar enggak bosan banget habis mandi. ️️ ️️ ️️ ️️ ️️","1928431238571802979","","","in","","0","1","0","https://x.com/undefined/status/1928431238571802979","1639623461135081472",
"1928431089108079060","Fri May 30 12:39:34 +0000 2025","0","udah siap mendaki gunung https://t.co/xsavMWQTGK","1928431089108079060","https://pbs.twimg.com/media/GsMp2wZbUAA9tGe.jpg","","in","","0","3","0","https://x.com/undefined/status/1928431089108079060","1426007054670434305",
"1928431055666639088","Fri May 30 12:39:26 +0000 2025","0","Jumlah korban tewas dalam musibah longsor di lokasi tambang galian C di kawasan Gunung Kuda Cirebon Jabar telah mencapai 13 orang. #Nusantara #Kompas60 https://t.co/b06Q48kHCk","1928431055666639088","","","in","","0","0","0","https://x.com/undefined/status/1928431055666639088","155456716",
"1928430482443641336","Fri May 30 12:38:39 +0000 2025","1","Pasca 2010 SAR DIY+masy sendiri bikin inisiatif mitigasi mereka. Bahkan jauh lebih mandiri nga mengandalkan pemda+pusat. Relokasi perkampungan bikin shelter ternak relawan jaga bukan hal mudah. Namun perlahan wawasan ttg hidup bersama risiko gunung aktif ditata lebih rapi.","1928430858651730085","","samtantular","in","","0","0","0","https://x.com/undefined/status/1928430858651730085","61102458",
"1928430708940251423","Fri May 30 12:38:04 +0000 2025","0","Pelajaran berharga hari ini: Jangan angkat tlpn supplier sambil turun gunung. Kepleset wakkk","1928430708940251423","","","in","","0","0","0","https://x.com/undefined/status/1928430708940251423","519916899",
"1928303471779840286","Fri May 30 12:37:50 +0000 2025","9","@malikarrahiem Berkaitan sama gunung ini juga ya https://t.co/kQypqBXmI9","1928430650480119825","https://pbs.twimg.com/media/GsMpc5obQAAB288.jpg","malikarrahiem","in","","0","1","1","https://x.com/undefined/status/1928430650480119825","136147950",
"1928329610791379088","Fri May 30 12:37:42 +0000 2025","0","@caugct Emang dah pernah ke gunung Everest?","1928430618162921899","","olleuim","in","","0","0","0","https://x.com/undefined/status/1928430618162921899","538778037",
"1928430585644478925","Fri May 30 12:37:34 +0000 2025","14","Bencana longsor terjadi di tambang batu alam Gunung Kuda Desa Cipanas Kecamatan Dukupuntang Kabupaten Cirebon. Setidaknya 10 orang tewas tertimbun longsor. #detikcom #Longsor #Cirebon https://t.co/dDvuoKOIxM","1928430585644478925","https://pbs.twimg.com/amplify_video_thumb/1928430440937111553/img/UKAXG7W3h-fDZvu2.jpg","","in","","0","2","3","https://x.com/undefined/status/1928430585644478925","69183155",
"1928427717331931173","Fri May 30 12:36:36 +0000 2025","1","@hanamimiww belakang pos 1 gunung sumbing plsss wkwk","1928430341964111888","","hanamimiww","in","","0","0","0","https://x.com/undefined/status/1928430341964111888","1534832655052570626",
"1928430191308898419","Fri May 30 12:36:00 +0000 2025","4","Apa ada di tanah besar Kedah? (Part 2) La ni dah tau kan Kedah ada apa? Cuti Sekolah? Jom ke tanah besar Kedah! Kedah bukan sekadar sawah it s the full package! Udara sejuk Gunung Jerai buat hati tenang kemudian bergayut dari ketinggian 100 meter di Menara Alor Setar. https://t.co/nqHBpnk9nf","1928430191308898419","https://pbs.twimg.com/amplify_video_thumb/1928428815669473281/img/xJN60HRcCJa6pTCX.jpg","","in","","0","0","2","https://x.com/undefined/status/1928430191308898419","497665754",
"1928430189807337874","Fri May 30 12:36:00 +0000 2025","0","Bencana Longsor Gunung Kuda Cirebon Kesalahan Prosedur dalam Penambangan https://t.co/iPAHtaUili","1928430189807337874","","","in","","0","0","0","https://x.com/undefined/status/1928430189807337874","47274731",
"1928429975029297572","Fri May 30 12:35:09 +0000 2025","58","Cosplay gunung berapi Kmaren siapa sih yg post foto ginian gw lupa wkwwk jadi ikutan dah gw https://t.co/yPU9OtxhPB","1928429975029297572","https://pbs.twimg.com/media/GsMo1UMbYAA76Yb.jpg","","in","","1","11","1","https://x.com/undefined/status/1928429975029297572","1286947431490363392",
"1928427717331931173","Fri May 30 12:34:45 +0000 2025","0","@imnoturgfbtch plisss sama mau gunung sunda takut katanya ada jumpscare","1928429875536539762","","imnoturgfbtch","in","","0","0","0","https://x.com/undefined/status/1928429875536539762","1534832655052570626",
"1928272356285223098","Fri May 30 12:31:40 +0000 2025","0","@yappingfess libur ya menonton anime dan mendaki gunung di roblox","1928429098537234874","","yappingfess","in","","0","0","0","https://x.com/undefined/status/1928429098537234874","1446156383166996500",
"1928428059008303594","Fri May 30 12:30:52 +0000 2025","0","@HarrisCainee Sumpah ya Allah tengil bgt Kamu tau ga kita semu KANGEN rasa kangennya melebihi gunung eperest","1928428899114856699","","HarrisCainee","in","","0","0","0","https://x.com/undefined/status/1928428899114856699","1892079680146243587",
"1928376487469883678","Fri May 30 12:30:26 +0000 2025","0","@keancu @TheMegaBintang Di sana gunung di sini gunung Di tengah tengahnya ada naraikako mam rebung","1928428790742426047","","keancu","in","","0","1","0","https://x.com/undefined/status/1928428790742426047","1367314960993325056",
"1928428776129520075","Fri May 30 12:30:23 +0000 2025","587","Pernyataan gubernur Jawa Barat @DediMulyadi71 terkait longsor gunung kuda Cirebon yg menyebabkan puluhan orang hilang. Perusahaan akan ditutup untuk selamanya https://t.co/eP23FvJP8H","1928428776129520075","https://pbs.twimg.com/ext_tw_video_thumb/1928428522592411648/pu/img/V87PT6Tg52l_xISw.jpg","","in","","14","33","116","https://x.com/undefined/status/1928428776129520075","154435354",
"1928428635062751344","Fri May 30 12:29:49 +0000 2025","0","Update Korban Tewas Longsor Gunung Kuda Cirebon Bertambah jadi 14 Orang https://t.co/ZBco2enUHn","1928428635062751344","","","in","","0","0","0","https://x.com/undefined/status/1928428635062751344","132078023",
"1928098186872139865","Fri May 30 12:29:38 +0000 2025","0","@merekamcahaya Iki gunung sepikul mesti","1928428586182095106","","merekamcahaya","in","","0","0","0","https://x.com/undefined/status/1928428586182095106","848915078124404736",
"1928287450318749998","Fri May 30 12:29:29 +0000 2025","1","@TalkinAndy Ga gitu juga mas kalo disini walaupun negara hadir warga belum tentu mau dievakuasi berat sama hewan ternaknya inget kan erupsi gunung merapi betapa susahnya warga untuk disuruh mengungsi?","1928428549200916576","","TalkinAndy","in","","0","0","0","https://x.com/undefined/status/1928428549200916576","94994637",
"1928428525729816876","Fri May 30 12:29:23 +0000 2025","1","Kamis kemarin aku dan temenku berdua naik Gunung Gede. Kami pengin cobain tektok lintas: naik dari basecamp Putri dan turun ke basecamp Cibodas. Start jam 7.30 sampe puncak 12.30 dan setengah jam di atas finish jam 17.30. Pengalaman lintas ini jujur seru karena trek yang","1928428525729816876","","","in","","0","2","0","https://x.com/undefined/status/1928428525729816876","250520927",
"1928422584854413444","Fri May 30 12:28:27 +0000 2025","0","@godhugsme Ke gunung everest https://t.co/8BGY29LC2j","1928428290445803925","https://pbs.twimg.com/media/GsMnTf8bEAAtfp2.jpg","godhugsme","in","","0","1","0","https://x.com/undefined/status/1928428290445803925","1898639126393708544",
"1928424977344118915","Fri May 30 12:28:20 +0000 2025","0","@tacngle @OutMyClosett aku maunya gunung cina","1928428261882700274","","tacngle","in","","0","1","0","https://x.com/undefined/status/1928428261882700274","554889573",
"1928428135021752542","Fri May 30 12:27:50 +0000 2025","0","xh kalo ngumumin konser lagi dan ternyata pindah promotor. beneran deh kayaknya udara dari gunung langsung turun nyebar.","1928428135021752542","","","in","","0","0","0","https://x.com/undefined/status/1928428135021752542","1663454065962160129",
"1928428006810304923","Fri May 30 12:27:19 +0000 2025","1","adek gw tiba tiba kirim foto doi muncak gede for the first time doi naik gunung gokil ! stay hungry riq https://t.co/rCB2NAuiw5","1928428006810304923","https://pbs.twimg.com/media/GsMnDFtbcAAkFdO.jpg","","in","","0","0","0","https://x.com/undefined/status/1928428006810304923","1124264421096747009",
"1928427961415340113","Fri May 30 12:27:09 +0000 2025","0","Jumlah korban tewas dalam musibah longsor di lokasi tambang galian C di kawasan Gunung Kuda Cirebon Jabar telah mencapai 13 orang. #Nusantara #Kompas60 https://t.co/fhw97hTzOz","1928427961415340113","","","in","","0","0","0","https://x.com/undefined/status/1928427961415340113","255866913",
"1928098186872139865","Fri May 30 12:26:59 +0000 2025","0","@merekamcahaya dalan gunung pegat ki. ","1928427922362343930","","merekamcahaya","in","","0","0","0","https://x.com/undefined/status/1928427922362343930","1184933904035115008",
"1928427736722297062","Fri May 30 12:26:15 +0000 2025","1","Tragedi Longsor di Tambang Gunung Kuda Cirebon 10 Penambang Tewas #BNetwork https://t.co/b9Fy5nphuY","1928427736722297062","","","in","","0","0","0","https://x.com/undefined/status/1928427736722297062","154102750",
"1928427717331931173","Fri May 30 12:26:10 +0000 2025","0","main roblok naik gunung tiba tiba ada kuntilanak mana jatuh mlu ak hdh","1928427717331931173","","","in","","0","6","0","https://x.com/undefined/status/1928427717331931173","1534832655052570626",
"1928419268795810257","Fri May 30 12:25:59 +0000 2025","0","@Effervesceent abis mendaki gunung sawah dan lautan","1928427671186194748","","noesakarna","in","","0","0","0","https://x.com/undefined/status/1928427671186194748","1916729629278388224",
"1928427555511554360","Fri May 30 12:25:32 +0000 2025","0","Longsor Gunung Kuda Cirebon Polisi Dalami Kelalaian Pemilik Tambang https://t.co/N83R3iuqqn","1928427555511554360","","","in","","0","0","0","https://x.com/undefined/status/1928427555511554360","132078023",
"1928427554878165216","Fri May 30 12:25:32 +0000 2025","26","Longsor di Gunung Kuda Cirebon Jumat hari ini 9 pekerja tambang dikabarkan tewas innalilahi Wainnailaihi Raji'un https://t.co/uiIBIfAR74","1928427554878165216","https://pbs.twimg.com/ext_tw_video_thumb/1928427484959436800/pu/img/1NNjZCHZwjr-SaIZ.jpg","","in","","0","4","4","https://x.com/undefined/status/1928427554878165216","224431376",
"1928222651627016309","Fri May 30 12:24:39 +0000 2025","0","@datsbiel Luar biasa perjuangan beliau bikin jalan sampai ngebelah gunung","1928427333364457714","","sxptinobiel","in","","0","0","0","https://x.com/undefined/status/1928427333364457714","481823044",
"1928427304453046687","Fri May 30 12:24:32 +0000 2025","0","Longsor di Tambang Gunung Kuda Cirebon Puluhan Orang Tertimbun https://t.co/ZfzJvXccfS","1928427304453046687","","","in","","0","0","0","https://x.com/undefined/status/1928427304453046687","132078023",
"1926792191453671634","Fri May 30 12:23:15 +0000 2025","0","@Gunwookx @Acendants tim gunung tapi bukan gunung agung ya soalnya itu toko buku","1928426979847807483","","Gunxook","in","","0","0","0","https://x.com/undefined/status/1928426979847807483","1704363917013921792",
"1928426946867732967","Fri May 30 12:23:07 +0000 2025","4","Respon cepat tangani bencana tanah longsor di kawasan Gunung Kuda Kel. Cipanas Kec. Dukupuntang Kab. Cirebon Jum'at (30/3/2025) pagi hari. Pemda Provinsi Jabar menyampaikan duka cita yang mendalam kepada keluarga yang meninggal dunia Foto by @BPBDJabar https://t.co/fsfUVRJWq5","1928426946867732967","https://pbs.twimg.com/media/GsMmEYIagAARv0F.jpg","","in","","0","2","1","https://x.com/undefined/status/1928426946867732967","2455950804",
"1928327094175490117","Fri May 30 12:22:49 +0000 2025","0","@moonsaegi gunung apa","1928426872938831873","","moonsaegi","in","","0","0","0","https://x.com/undefined/status/1928426872938831873","761529365574225920",
"1928426816710091030","Fri May 30 12:22:36 +0000 2025","0","Pray for Gunung Kuda Cirebon #longsor #galianc #cirebon . Foto @BNPB_Indonesia https://t.co/2eYKOTOxmP","1928426816710091030","https://pbs.twimg.com/media/GsMl9h9bsAAzbc7.jpg","","in","","0","0","0","https://x.com/undefined/status/1928426816710091030","481886419",
"1928426803615461672","Fri May 30 12:22:33 +0000 2025","1","Ayo naik gunung @Mengcapeg @seasonefall @txtdarijose","1928426803615461672","","","in","","0","1","0","https://x.com/undefined/status/1928426803615461672","1784076701968027648",
"1928426733935714368","Fri May 30 12:22:16 +0000 2025","0","lucu skali ini dzawin sm pandji naik gunung hahahaahabahahahah","1928426733935714368","","","in","","0","0","0","https://x.com/undefined/status/1928426733935714368","773210684",
"1928426492058337316","Fri May 30 12:21:18 +0000 2025","0","Puncak gunung biasanya dingin ya tp ini kok panass","1928426492058337316","","","in","","0","0","0","https://x.com/undefined/status/1928426492058337316","1572114246753988608",
"1928426421904605576","Fri May 30 12:21:02 +0000 2025","11","Innalillahi Wainnailaihi Rojiun Turut Berduka cita BNPB konfirmasi 10 orang tewas dalam longsor tambang galian C di Gunung Kuda Cipanas Dukupuntang Cirebon Jumat (30/5). Ada pula 6 korban luka-luka lainnya https://t.co/SXOvTQgVhL","1928426421904605576","https://pbs.twimg.com/ext_tw_video_thumb/1928426340065464320/pu/img/LtuSYztaJkHP_PHu.jpg","","in","","0","0","8","https://x.com/undefined/status/1928426421904605576","1861693973703892993",
"1928415105617695093","Fri May 30 12:20:40 +0000 2025","0","@ardisatriawan Thn 2014 saya pernah ke Pertanian gandum di lereng Gunung BromoTosari Pasuruan Jawa Timur. Entah skrng msh produksi atau enggak. Makin besar atau sebaliknya.","1928426330724708757","","ardisatriawan","in","","0","0","0","https://x.com/undefined/status/1928426330724708757","1763795955911176192",
"1928426192564093419","Fri May 30 12:20:07 +0000 2025","0","Gubernur Jabar Dedi Mulyadi menutup secara permanen tambang galian C Gunung Kuda di Cirebon. Langkah tegas ini diambil usai longsor menewaskan 10 penambang pada Jumat 30 Mei 2025. #LongsorGunungKuda #penambangan https://t.co/lmrBKutK8J","1928426192564093419","https://pbs.twimg.com/ext_tw_video_thumb/1928425495596863488/pu/img/psTk5xojsKork6de.jpg","","in","","0","9","0","https://x.com/undefined/status/1928426192564093419","354168059",
"1928426162759291255","Fri May 30 12:20:00 +0000 2025","0","ragedi Tambang Gunung Kuda Cirebon Longsor kembali terjadi di tambang batu alam Gunung Kuda Cirebon pada Jumat (30/5/2025). ️ 8 orang dipastikan meninggal ️ Belasan lainnya masih dalam pencarian ️ Lokasi tambang resmi ditutup Gubernur Jabar https://t.co/uXmGQylAHq","1928426162759291255","https://pbs.twimg.com/amplify_video_thumb/1928423505726709760/img/wIdIKNpO3ZQrOB8h.jpg","","in","","0","0","0","https://x.com/undefined/status/1928426162759291255","1884896858310590464",
"1928416901446717683","Fri May 30 12:19:29 +0000 2025","0","@bfgrent Gimana rasanya nongs di gunung?","1928426034203918823","","bfgrent","in","","0","0","0","https://x.com/undefined/status/1928426034203918823","1323417558410616832",
"1928425964666573093","Fri May 30 12:19:13 +0000 2025","5","akhirnya ada queen yang turun gunung https://t.co/WJh26hS8ox","1928425964666573093","https://pbs.twimg.com/media/GsMlMUpaUAAZ1Kx.jpg","","in","","3","4","0","https://x.com/undefined/status/1928425964666573093","1327616394872061952",
"1928425817492643899","Fri May 30 12:18:37 +0000 2025","3","gunung yang bikin sakit mata https://t.co/ITO1L7WGQf","1928425817492643899","https://pbs.twimg.com/media/GsMlDQMbgAAv1kv.jpg","","tl","","0","7","1","https://x.com/undefined/status/1928425817492643899","785175779005108224",
"1928425242139213936","Fri May 30 12:16:20 +0000 2025","7","Sundanese culture traditional dance heritage in Indonesia: jaipongan/jaipong ketuk tilu ronggeng gunung doger merak sunda topeng banjet badaya kandagan keurseus gawil ratu graeni lenyepan sulintang kalang mayang katon kandagan gagahan putra sekar putri prawesti.","1928425242139213936","","","in","","0","0","0","https://x.com/undefined/status/1928425242139213936","1175518892178821120",
"1928425231632543899","Fri May 30 12:16:18 +0000 2025","7","Warisan budaya tari tradisional Sunda di Indonesia: jaipongan/jaipong ketuk tilu ronggeng gunung doger tarian merak sunda topeng banjet badaya kandagan keurseus gawil ratu graeni lenyepan sulintang kalang mayang katon kandagan gagahan putra sekar putri prawesti.","1928425231632543899","","","in","","0","0","0","https://x.com/undefined/status/1928425231632543899","1175518892178821120",
"1928425220701839448","Fri May 30 12:16:15 +0000 2025","7","Warisan budaya tarian tradisional Sunda di Indonesia: jaipongan/jaipong ketuk tilu ronggeng gunung doger tari merak sunda topeng banjet badaya kandagan keurseus gawil ratu graeni lenyepan sulintang kalang mayang katon kandagan gagahan putra sekar putri prawesti.","1928425220701839448","","","in","","0","0","0","https://x.com/undefined/status/1928425220701839448","1175518892178821120",
"1928425038824284600","Fri May 30 12:15:32 +0000 2025","0","ya allah pengen naik gunung snorkling belajar sepatu roda belajar tembak berkuda.......","1928425038824284600","","","in","","0","1","0","https://x.com/undefined/status/1928425038824284600","1374619402100826114",
"1928406070344511748","Fri May 30 12:14:51 +0000 2025","0","@gyeomubee gunung ada juji mode hyunjo","1928424869022118006","","gyeomubee","in","","0","1","0","https://x.com/undefined/status/1928424869022118006","1302154591035768832",
"1928424653376335896","Fri May 30 12:14:00 +0000 2025","0","Tambang Batu Gunung Kuda Longsor Dedi Mulyadi: Saya Pernah ke Sana Berbahaya! https://t.co/QhdzHJaE1j","1928424653376335896","","","in","","0","0","0","https://x.com/undefined/status/1928424653376335896","47274731",
"1928424378410156139","Fri May 30 12:12:54 +0000 2025","0","lebaran haji sbnrnya bisa pulang sih cuma udh ada agenda sebagai anak gunung","1928424378410156139","","","in","","0","1","0","https://x.com/undefined/status/1928424378410156139","1365211402906968068",
"1928384272286519400","Fri May 30 12:11:43 +0000 2025","0","@Minnie_imut Saya ada teman di gunung pongkor kakaknya juga korban longsor disana sudah banyak makan korban tapi sekarang sudah ditutup","1928424077997343048","","Minnie_imut","in","","0","2","0","https://x.com/undefined/status/1928424077997343048","1249004237004009474",
"1928419956347027677","Fri May 30 12:11:10 +0000 2025","1","@Febrianarusiwan @BisKota_ @CaloTerminl Gunung Harta","1928423940054974969","","Febrianarusiwan","in","","0","1","0","https://x.com/undefined/status/1928423940054974969","1587799992252567552",
"1928421684530360626","Fri May 30 12:11:03 +0000 2025","0","@vawnilaz Kalo ganjil gabisa naik gunung bareng","1928423911760535934","","vawnilaz","in","","0","1","0","https://x.com/undefined/status/1928423911760535934","1829458943904710656",
"1928423888410591368","Fri May 30 12:10:58 +0000 2025","0","Selama ini mjd orang yang selalu on whatsapp fast respon ga pernah matiin data seluler kecuali di gunung soalnya ga ada sinyal. Gada sinyal pun kadang ttep nyala berharap dapet sinyal. (Kecuali hp ku mati total) Karena takut ada kabar penting &amp; urgent dr siapapun","1928423888410591368","","","in","","0","0","0","https://x.com/undefined/status/1928423888410591368","3198819925",
"1928290539704832126","Fri May 30 12:10:56 +0000 2025","0","@collegemfs Nder.. kampus kuning di atas gunung yaaa? Sejujurnyaa sm nderr aga kesel juga tp lebih keselnya ke yg kmrn2 masi leha2 ga ngerjain tp tiba2 dipaksa dan disuruh ganti bookchp dan apa2nya dipermudah dan dibantu dosen :)","1928423882286911881","","collegemfs","in","","0","1","0","https://x.com/undefined/status/1928423882286911881","1411936814131126278",
"1928356812644110535","Fri May 30 12:10:05 +0000 2025","0","@sigwemas Bagus banget gunung batunya","1928423669056835918","","sigwemas","in","","0","0","0","https://x.com/undefined/status/1928423669056835918","1103659221466341376",
"1928423482976797157","Fri May 30 12:09:21 +0000 2025","83","Data Terbaru Korban Longsor Gunung Kuda Bobos Diungkap Kapolres 11 Tewas 8 Diduga Masih Tertimbun. Innalilahi wa innailaihi Raji'un. BREAKING NEWS Lokasi tambang batu atau galian C Gunung Kuda Bobos Kecamatan Dukupuntang Kabupaten Cirebon viral di media sosial mengalami https://t.co/zYQ47yaAkv","1928423482976797157","https://pbs.twimg.com/ext_tw_video_thumb/1928423421907705856/pu/img/rGrRjpIqfLXaMQNg.jpg","","in","","2","6","37","https://x.com/undefined/status/1928423482976797157","154435354",
"1928363297688146234","Fri May 30 12:08:50 +0000 2025","0","@yourbae gunung jepang","1928423352210710872","","yourbae","in","","0","0","0","https://x.com/undefined/status/1928423352210710872","235530025",
"1928423172799644012","Fri May 30 12:08:07 +0000 2025","6","Haii siapa mau mampir ke -jnjmfic latarnya gunung ini? Nanti aku ajakin menyusuri gunung! Yuk kepoin. https://t.co/zQ7NFv9emq","1928423172799644012","","","in","","0","0","1","https://x.com/undefined/status/1928423172799644012","869516159544049664",
"1928423075822842243","Fri May 30 12:07:44 +0000 2025","0","jadi mau naik gunung","1928423075822842243","","","in","","0","0","0","https://x.com/undefined/status/1928423075822842243","1537304538939416576",
"1928422937175928900","Fri May 30 12:07:11 +0000 2025","0","Malem sih keknya game pas malem itu di gunung","1928422937175928900","","","in","","0","0","0","https://x.com/undefined/status/1928422937175928900","1893571873130393600",
"1928422839444463977","Fri May 30 12:06:47 +0000 2025","0","Cek Car Sandal Robot Transformers Anak Laki-laki Termurah Sepatu Sendal Gunung Sport Import Fashion Terbaru Kekinian Mobil-mobilan Sepatu Anak Murah Cowok dengan harga Rp48.000. Dapatkan di Shopee sekarang! https://t.co/EAgjtHYTR7 https://t.co/Z0yxw0veYH","1928422839444463977","https://pbs.twimg.com/media/GsMiWblbYAA6Xva.jpg","","in","","0","0","0","https://x.com/undefined/status/1928422839444463977","4044975733",
"1928422712399020287","Fri May 30 12:06:17 +0000 2025","6","membawa bumi langitku untuk membumi di atas langit gunung gede pangrango https://t.co/f2WB9Zuejh","1928422712399020287","https://pbs.twimg.com/media/GsMiNUUasAA-yUO.jpg","","in","","0","1","0","https://x.com/undefined/status/1928422712399020287","1266946812398596097",
"1928422645462175818","Fri May 30 12:06:01 +0000 2025","0","ni napa story orang-orang tiba-tiba pada di gunung / pantai? ","1928422645462175818","","","in","","0","1","0","https://x.com/undefined/status/1928422645462175818","141831485",
"1928112755749290213","Fri May 30 12:06:00 +0000 2025","3","@ardantama @KeithStewa50130 @AMAZlNGNATURE Kalaupun pemerintahnya dengerin ahli masyarakatnya belum tentu mau pindah inget gunung berapi aja yang udah keprediksi masih banyak korban karna pada ngeyel","1928422639468704001","","ardantama","in","","0","1","0","https://x.com/undefined/status/1928422639468704001","3149325950",
"1928422593507606925","Fri May 30 12:05:49 +0000 2025","0","Nyokap nonton youtube orang hiking ke gunung prau. Tapi gue senyum-senyum sendiri. Because i imagine mas-ndoro ngebayangin nu hiking sendiri ke puncak prau","1928422593507606925","","","in","","0","1","0","https://x.com/undefined/status/1928422593507606925","1567866345571876866",
"1928422374946611419","Fri May 30 12:05:28 +0000 2025","0","@doesloved mau lanjut tapi tracking ke gunung dulu yh ak","1928422506248966274","","doesloved","in","","0","1","0","https://x.com/undefined/status/1928422506248966274","870308826590740480",
"1928420780263792655","Fri May 30 12:05:07 +0000 2025","0","@endahprrr halo nax gunung","1928422417908879659","","endahprrr","in","","0","1","0","https://x.com/undefined/status/1928422417908879659","1112201460987514881",
"1928422084226465993","Fri May 30 12:03:47 +0000 2025","1","opoo mesti ate munggah gunung iku jauh jauh hari semangat menggebu nggebu pas hari h ate budal kok gelisah men tapi pas wes tutuk basecamp enggak aneh.","1928422084226465993","","","in","","0","2","0","https://x.com/undefined/status/1928422084226465993","798100536557867008",
"1928422083052134850","Fri May 30 12:03:47 +0000 2025","245","; nomin few tweets au Kalau kata Gaung Lentera itu cantik selayaknya puncak Gunung Rinjani. © veljwrites 2025. https://t.co/yJOJ9OFxKS","1928422083052134850","https://pbs.twimg.com/media/GsMhqgebQAA8yV0.jpg","","in","","2","1","61","https://x.com/undefined/status/1928422083052134850","1559559546179551233",
"1928280898991997309","Fri May 30 12:03:47 +0000 2025","0","@mxtchamey Muncak gunung kan? Udah banyak sekarang open trip nya","1928422082108387553","","mxtchamey","in","","0","0","0","https://x.com/undefined/status/1928422082108387553","1539256187442667531",
"1928420408392302909","Fri May 30 12:03:44 +0000 2025","0","@jogja_base Banyak nder badminton naik gunung joging","1928422070305648891","","jogja_base","in","","0","0","0","https://x.com/undefined/status/1928422070305648891","1798062953574604802",
"1928400123500888411","Fri May 30 12:03:38 +0000 2025","0","@lullobie 13 gunung sudah ku daki","1928422042799645143","","","in","","0","0","0","https://x.com/undefined/status/1928422042799645143","1769299150095675392",
"1928422013527339060","Fri May 30 12:03:31 +0000 2025","0","Breaking News dari CIREBON.!!! Gunung Kuda Cirebon Longsor Puluhan Pekerja dan Truk Tambang Tertimbun... #chirpsitto https://t.co/MthFkp69xI @okezonenews https://t.co/UAzhYKgYCN","1928422013527339060","https://pbs.twimg.com/media/GsMhl7PbgAEFW-6.jpg","","in","","0","0","0","https://x.com/undefined/status/1928422013527339060","4840548266",
"1928421890852323740","Fri May 30 12:03:01 +0000 2025","0","iya hari ini panass banget dan udaranya clear bgt gaada awan. semua gunung keliatan jelass bgt","1928421890852323740","","","in","","0","0","0","https://x.com/undefined/status/1928421890852323740","1025393024841342977",
"1928363297688146234","Fri May 30 12:03:01 +0000 2025","0","@yourbae Perasaan wendy gak ke gunung Jepang dah","1928421889858576499","","yourbae","in","","0","0","0","https://x.com/undefined/status/1928421889858576499","1489722890",
"1928420529632886840","Fri May 30 12:00:47 +0000 2025","0","Netizen yg waras jg bisa menilai kok mana yang bener dan mana yang salah. Dan terbukti kan netizen pada berpihak ke cherry. Bukan cm fandom kpop aja tp normies pun pada ikutan turun gunung. Good job M telah menghancurkan reputasinya sendiri ","1928421328903643312","","ailulice","in","","0","0","0","https://x.com/undefined/status/1928421328903643312","831460603583606784",
"1928420529976832259","Fri May 30 12:00:03 +0000 2025","0","@saneiteeez gunung gede nu","1928421144773681276","","saneiteeez","in","","0","1","0","https://x.com/undefined/status/1928421144773681276","1589272742787891200",
"1928421136121135520","Fri May 30 12:00:01 +0000 2025","0","Gunung Semeru Terus Erupsi hingga 4 Kali dalam Sehari Warga Diminta Menjauh Aktivitas vulkanik Gunung Semeru yang berada di perbatasan Kabupaten Malang dan Lumajang kembali meningkat. Sejak Jumat dini hari (30/5) gunung tertinggi di Pulau Jawa ini tercatat sudah meletus https://t.co/piddNnwTS9","1928421136121135520","https://pbs.twimg.com/media/GsMDihfbkAAX6sa.jpg","","in","","0","0","0","https://x.com/undefined/status/1928421136121135520","786549338818224128",
"1928383533556334950","Fri May 30 12:00:00 +0000 2025","0","@teresfallin biasanya naik gunung =]","1928421130169454698","","","in","","0","0","0","https://x.com/undefined/status/1928421130169454698","3007836806",
"1928363297688146234","Fri May 30 11:58:53 +0000 2025","0","@yourbae gunung kidul mas yeb","1928420848081469567","","yourbae","in","","0","0","0","https://x.com/undefined/status/1928420848081469567","1267370556678008832",
"1928281346390077476","Fri May 30 11:58:28 +0000 2025","0","@alfamarl Naik gunung","1928420745564270647","","alfamarl","in","","0","0","0","https://x.com/undefined/status/1928420745564270647","1487787822790897664",
"1928420660620960097","Fri May 30 11:58:08 +0000 2025","35","Alhamdulillah...KDM perintahkan jajarannya untuk menutup tambang di Gunung Kuda selamanya setelah menyebabkan longsor dan timbul korban jiwa. #LongsorCirebon #GunungKuda #TambangMinerba #KorbanLongsorCirebon https://t.co/C95Tn7hzJB","1928420660620960097","https://pbs.twimg.com/amplify_video_thumb/1928419872633135104/img/fnFzld12w00AZxaP.jpg","","in","","0","1","18","https://x.com/undefined/status/1928420660620960097","1159475566069731331",
"1928406071837708688","Fri May 30 11:57:40 +0000 2025","0","@tabirlaut Gunung Agung gak boleh kah?","1928420541485940770","","tabirlaut","in","","0","1","0","https://x.com/undefined/status/1928420541485940770","1608099997257707524",
"1928420373634355697","Fri May 30 11:57:00 +0000 2025","33","️KABAR DUKA️ Longsor menimpa kawasan pertambangan Gunung Kuda Akibatnya puluhan kendaraan dan pekerja tertimbun material dugaan sementara mencapai 10 korban jiwa (30/5/2025) Kec. Dukupuntang Kabupaten Cirebon Jawa Barat. https://t.co/8D9f2V6VqW","1928420373634355697","https://pbs.twimg.com/media/GsMfjqfb0AAfEnQ.jpg","","in","","2","6","9","https://x.com/undefined/status/1928420373634355697","1251824880967774208",
"1928321778327175306","Fri May 30 11:56:57 +0000 2025","2","@Nuswantoro99 @hadeeeehhhhhhh @tanyarlfes kenapa? lu iri ya leluhur elu kagak setenar Sunan Muria sampe dijadiin nama gunung &amp; daerah di Kudus Muria?","1928420361873306006","","Nuswantoro99","in","","0","1","0","https://x.com/undefined/status/1928420361873306006","1328297441070702592",
"1928419924172755091","Fri May 30 11:55:12 +0000 2025","0","fuck drama ladstwt gw akan menamatkan seluruh gunung roblox ","1928419924172755091","","","in","","0","1","0","https://x.com/undefined/status/1928419924172755091","1907683599949975552",
"1928419876265230514","Fri May 30 11:55:01 +0000 2025","143","Detik detik Longsor menimpa kawasan pertambangan Gunung Kuda Desa Bobos Kecamatan Dukupuntang Kabupaten Cirebon Jawa Barat. Jumat 30 Mei 2025 jam 10.23 https://t.co/RYpbV3fPrO","1928419876265230514","https://pbs.twimg.com/ext_tw_video_thumb/1928419847844904960/pu/img/ktbK2TKNucOMCmTD.jpg","","in","","8","19","67","https://x.com/undefined/status/1928419876265230514","1351138416088510467",
"1928419866526294239","Fri May 30 11:54:59 +0000 2025","0","ide siapa si nih lagi uts malah naik naik ke puncak gunung?","1928419866526294239","","","in","","0","0","0","https://x.com/undefined/status/1928419866526294239","1012607710318059520",
"1928419803364286849","Fri May 30 11:54:44 +0000 2025","0","Pantesn bjir. Cerah tanpa awan ampe 2 gunung keliatan","1928419803364286849","","","in","","0","1","0","https://x.com/undefined/status/1928419803364286849","4742050032",
"1928417478469968113","Fri May 30 11:45:29 +0000 2025","0","Longsor di Tambang Gunung Kuda Cirebon 8 Penambang Tewas Tertimbun https://t.co/I99rGBggLu https://t.co/XJPlDLSyvN","1928417478469968113","https://pbs.twimg.com/media/GsMdeTnbAAALXQV.jpg","","in","","0","0","0","https://x.com/undefined/status/1928417478469968113","1316223188519383040",
"1928416881284977038","Fri May 30 11:43:07 +0000 2025","0","habitatnya di gunung hutan dan sungai https://t.co/ZyMeg9YOuT","1928416881284977038","https://pbs.twimg.com/media/GsMc5_DbcAA-PHZ.jpg","","in","","0","4","0","https://x.com/undefined/status/1928416881284977038","1636065835172401154",
"1928374419014943084","Fri May 30 11:41:46 +0000 2025","0","@ewzka Mendaki gunung lewati lembah","1928416541013672049","","ewzka","in","","0","0","0","https://x.com/undefined/status/1928416541013672049","2615101044",
"1928351688252903833","Fri May 30 11:41:31 +0000 2025","1","@dosenkesmas Bencana yang bisa di mitigasi di Indonesia baru erupsi gunung n tsunami (klo detektornya ga ilang). Tapi kesadaran masyarakat juga penting terutama penambanng pasir kaya di semeru meski ews nyala ya pada santai nunggu air naik wwk","1928416477591351316","","dosenkesmas","in","","0","1","0","https://x.com/undefined/status/1928416477591351316","1192292306742693888",
"1928416185260834897","Fri May 30 11:40:21 +0000 2025","0","10 Meninggal Dunia Akibat Longsor di Tambang Galian C Gunung Kuda Cirebon - https://t.co/EsONfVAKjt","1928416185260834897","","","in","","0","0","0","https://x.com/undefined/status/1928416185260834897","570559469",
"1926576564268839337","Fri May 30 11:40:09 +0000 2025","0","@inciete ajak ak naik gunung","1928416134895718504","","inciete","in","","0","1","0","https://x.com/undefined/status/1928416134895718504","844224024330878976",
"1928363297688146234","Fri May 30 11:40:01 +0000 2025","0","@yourbae Gunung bohong","1928416100192006482","","yourbae","in","","0","0","0","https://x.com/undefined/status/1928416100192006482","218760564",
"1928415961960313294","Fri May 30 11:39:28 +0000 2025","0","Longsor Gunung Kuda Cirebon memakan korban jiwa lagi. Sejumlah korban ditemukan. Sebagian diduga masih tertimbun batuan. #Nusantara #Kompas60 https://t.co/8ceIGvnB0b","1928415961960313294","","","in","","0","0","0","https://x.com/undefined/status/1928415961960313294","155456716",
"1928082651040125211","Fri May 30 11:39:05 +0000 2025","0","@douciebun bawa tas gunung yh","1928415867823591603","","douciebun","in","","0","1","0","https://x.com/undefined/status/1928415867823591603","1088896170359836673",
"1928415660691849587","Fri May 30 11:38:16 +0000 2025","1","Tragedi longsor galian C di Gunung Kuda makan korban. Polisi langsung periksa pemilik tambang. Izin tambang disebut masih berlaku sampai November 2025. Kapolresta Cirebon tegaskan proses penyelidikan masih berjalan. Masyarakat mulai pertanyakan pengawasan tambang. https://t.co/bqRlShJLrG","1928415660691849587","https://pbs.twimg.com/amplify_video_thumb/1928415026366517248/img/UyI3xMBhD-o5WD8v.jpg","","in","","0","0","2","https://x.com/undefined/status/1928415660691849587","1892081589989085184",
"1928415602345140717","Fri May 30 11:38:02 +0000 2025","1","Sulawesi kau memanggil! Dari puncak gunung yang menjulang birunya laut yang memukau hingga kekayaan budaya yang memesona. Setiap sudutnya adalah petualangan. Siap menjelajah keindahan Celebes yang tak ada habisnya! Saksikan #Journey episode Jelajah Negeri Celebes Minggu https://t.co/DnT0IoTmI7","1928415602345140717","https://pbs.twimg.com/media/GsMbxDVa4AAkOSY.jpg","","in","","0","0","0","https://x.com/undefined/status/1928415602345140717","57261519",
"1928408507004465260","Fri May 30 11:37:46 +0000 2025","1","@TheShooter_id Pemuda Gunung Kidul stay ora lik?","1928415535789740505","","TheShooter_id","in","","0","0","0","https://x.com/undefined/status/1928415535789740505","796586140895682562",
"1928325735854244061","Fri May 30 11:37:19 +0000 2025","0","@profesor_saham - Beli tanah - bikin kebun atau pertenakan - Kalau alam bagus bisa bikin wisata alam - Kalau dekat gunung bisa buat pemandian air panas kalau ada mata air panas - Kalau lagi musim tambang rakyat bisa ikutan","1928415421490712908","","profesor_saham","in","","0","1","0","https://x.com/undefined/status/1928415421490712908","1660666292465172480",
"1928412048896987478","Fri May 30 11:36:18 +0000 2025","0","@sumpekz Gpp sedikit tp lama2 jd gunung","1928415165877539010","","sumpekz","in","","0","0","0","https://x.com/undefined/status/1928415165877539010","173407719",
"1928133125806137400","Fri May 30 11:35:39 +0000 2025","1","@PineksoRoyi1 @madisnur Mengganggu nyi roro kidul","1928415004509802806","","PineksoRoyi1","in","","0","1","0","https://x.com/undefined/status/1928415004509802806","1701624074877984768",
"1928414978068955592","Fri May 30 11:35:33 +0000 2025","0","Makasih gunung Ungaran atas luka yang menyembuhkan luka yang lama https://t.co/1KYy9pyDmO","1928414978068955592","https://pbs.twimg.com/media/GsMbM49bUAAzR0i.jpg","","in","","0","0","0","https://x.com/undefined/status/1928414978068955592","1892099717896749056",
"1928370290624508202","Fri May 30 11:34:56 +0000 2025","0","@SeraViera iya pantai slili daerah gunung kidul klo udah malem emang gelap banget. udah gitu kadang baru sampe pertengahan jalan aja udah gaada sinyal ","1928414823345459539","","SeraViera","in","","0","0","0","https://x.com/undefined/status/1928414823345459539","1352897950041694210",
"1928414256023630261","Fri May 30 11:32:41 +0000 2025","0","Longsor Gunung Kuda Cirebon memakan korban jiwa lagi. Sejumlah korban ditemukan. Sebagian diduga masih tertimbun batuan. #Nusantara #Kompas60 https://t.co/z7J6KJZa9P","1928414256023630261","","","in","","0","0","0","https://x.com/undefined/status/1928414256023630261","255866913",
"1928396493922140198","Fri May 30 11:32:33 +0000 2025","0","@lsvely banyak korban ketimbun longsoran di gunung pas lagi nambang","1928414222163079651","","lsvely","in","","0","0","0","https://x.com/undefined/status/1928414222163079651","1057220564488642560",
"1928222651627016309","Fri May 30 11:32:12 +0000 2025","0","@datsbiel Kisah nyata belah gunung","1928414135693541464","","sxptinobiel","in","","0","0","0","https://x.com/undefined/status/1928414135693541464","1906315677713240065",
"1928411870118977904","Fri May 30 11:23:12 +0000 2025","0","ya allah pingin tektokan ngecamp ke gunung atau ga ke tempat alam yang ijo2. tapi ga ada temennya","1928411870118977904","","","in","","0","0","0","https://x.com/undefined/status/1928411870118977904","1625428523354841090",
"1928370834353312238","Fri May 30 11:22:55 +0000 2025","0","@Nadinqe Abis ini gunung apa lagi din ","1928411797952061796","","Nadinqe","in","","0","0","0","https://x.com/undefined/status/1928411797952061796","1516172673612935170",
"1928411576677102031","Fri May 30 11:22:02 +0000 2025","0","Merapi lagi gagah2nya #merapi #gunung https://t.co/OgIilwB3jo","1928411576677102031","https://pbs.twimg.com/media/GsMYEOTaMAAF4zY.jpg","","in","","0","0","0","https://x.com/undefined/status/1928411576677102031","734925358068162561",
"1928411558813864050","Fri May 30 11:21:58 +0000 2025","2","BREAKING NEWS - Begini Langkah Dedi Mulyadi Tangani Longsor Tambang di Gunung Kuda... https://t.co/5SfepnkqPX","1928411558813864050","","","in","","0","0","0","https://x.com/undefined/status/1928411558813864050","797761417894051840",
"1928276045041393785","Fri May 30 11:21:51 +0000 2025","2","@seigi_gambling @SianiparRismon Goblok emang bajer cebong. Jangankan ijasah orangtua saja bisa dipalsu.","1928411530044801422","","seigi_gambling","in","","0","0","0","https://x.com/undefined/status/1928411530044801422","1701624074877984768",
"1928411363803570402","Fri May 30 11:21:11 +0000 2025","0","Tragedi Longsor Gunung Kuda Cirebon Izin Tambang Masih Berlaku hingga 25 November 2025 https://t.co/HLEmZDGzP4","1928411363803570402","","","in","","0","0","0","https://x.com/undefined/status/1928411363803570402","132078023",
"1928411291380551752","Fri May 30 11:20:54 +0000 2025","0","Gunung buthal bisa di solo tektok ga ya","1928411291380551752","","","in","","0","1","0","https://x.com/undefined/status/1928411291380551752","820898453664374784",
"1928065898897657936","Fri May 30 11:20:48 +0000 2025","2","@ramli_sarapan @rahim12k @RosliSain @azmyklanajaya #DAMAI sedang terlunsur kebawah dari atas gunung &amp; dibawah beribu paku yg menunggu bontot² mereka. Kamu jelah terus bahlol bersama DaAMAI ","1928411266059768217","","ramli_sarapan","in","","0","1","1","https://x.com/undefined/status/1928411266059768217","1233648218166022145",
"1928384351554896047","Fri May 30 11:20:45 +0000 2025","0","@spexciel itu gunung ap?","1928411252000215393","","spexciel","in","","0","1","0","https://x.com/undefined/status/1928411252000215393","1909004808851480578",
"1928411205749948884","Fri May 30 11:20:34 +0000 2025","0","SEPULUH orang tewas saat bukit di galian pasir Gunung Kuda Desa Cipanas Kecamatan Dukupuntang Kabupaten Cirebon longsor. https://t.co/XEP2LtLFvR","1928411205749948884","","","in","","0","0","0","https://x.com/undefined/status/1928411205749948884","68930552",
"1928411010425131070","Fri May 30 11:19:47 +0000 2025","1","gunung thangkuban berhasil jg didaki (sekali lg dgn bantuan tmn sekali pake) trims buat uname botaks jasamu akan kukenang nb: @sindiqolbu udh menyerah duluan jatoh ke lobang lgsg siap² buka puasa https://t.co/teNDiBOlxO","1928411010425131070","https://pbs.twimg.com/media/GsMXlVza0AAm-Ny.jpg","","in","","0","1","0","https://x.com/undefined/status/1928411010425131070","1371088491245838340",
"1928410911330464236","Fri May 30 11:19:24 +0000 2025","0","5 tahun lebih ngga naik gunung sampe lupa cara packing HSHSHHHHH malas. jadi gede bgt carrier gue","1928410911330464236","","","in","","0","0","0","https://x.com/undefined/status/1928410911330464236","1088975465149165568",
"1928405173048942997","Fri May 30 11:18:42 +0000 2025","3","@argothrottle @instrail_id Mending kalau sekelas KA pantai pangandaran berangkat dari banjar kereta panoramic berada di paling ujung rangkaian. Jadi bisa dilepasin jika memungkinkan Berbeda dengan argo gunung wilis dan kuda turangga yang dimana panoramicnya berdempetan dengan pembangkit dan eksekutif","1928410739007422556","","argothrottle","in","","0","1","0","https://x.com/undefined/status/1928410739007422556","1311843980636643328",
"1928410405304492134","Fri May 30 11:17:23 +0000 2025","0","kere naik gunung ya begitulah jadinya.....","1928410405304492134","","","in","","0","0","0","https://x.com/undefined/status/1928410405304492134","61711993",
"1928410308659314930","Fri May 30 11:17:00 +0000 2025","150","Ketika kabut di Posong Gunung Sindoro dan Sumbing malu untuk menampakkan diri.Ketika kabut di Posong Gunung Sindoro dan Sumbing malu untuk menampakkan diri. (alga_fitrian) https://t.co/8fW61hTTyM","1928410308659314930","https://pbs.twimg.com/amplify_video_thumb/1928293996750852100/img/R-ZRdwwoZJ1R_ekS.jpg","","in","","1","2","25","https://x.com/undefined/status/1928410308659314930","785145642",
"1927925411822064093","Fri May 30 11:16:43 +0000 2025","7","@Anak__Ogi GUBERNUR JABAR AGAK LAIN: TAHU AKTIVITAS TAMBANG TAK SESUAI STANDAR KEAMANAN TAPI TAK SEGERA DITERTIBKAN: KENAPA MALAH SIBUK BIKIN KONTEN ? Setelah dilantik jadi Gubernur Jabar kenapa tak langsung tertibkan tambang Gunung Kuda di Cirebon tapi malah sibuk bikin konten? https://t.co/TDa3ZO1MOV","1928410238975164495","https://pbs.twimg.com/amplify_video_thumb/1928409630407086080/img/bmTt90g9BYOCWUD6.jpg","oposanvoice","in","","0","2","1","https://x.com/undefined/status/1928410238975164495","1686096384829915136",
"1927910451611861040","Fri May 30 11:16:42 +0000 2025","0","@NonoDwi1 @Gunung_Agoeng @SWAMI912757848 @SianiparRismon Lah itu beda cerita yg pasti Harto &amp; pki udah kaga ada seharusnya RI baik2 aja tp giliran ada yg bagus dilengserin keliatan yg bertahan ya yg pegang senjata sampe Jokowi si tukang mebel yg berhasil mendobrak ketertinggalan walopun hrs tegas pecat2in yg niatan korupsi","1928410232046190857","","NonoDwi1","in","","0","1","0","https://x.com/undefined/status/1928410232046190857","1335177409012719616",
"1928363297688146234","Fri May 30 11:16:25 +0000 2025","0","@yourbae Gunung sukufujin","1928410163200905480","","yourbae","in","","0","0","0","https://x.com/undefined/status/1928410163200905480","781426572",
"1928410046079353023","Fri May 30 11:15:57 +0000 2025","0","Tambang Batu Alam di Gunung Kuda Longsor 4 Tewas dan 10 Lebih Diduga Tertimbun https://t.co/bD26sRFs8u https://t.co/hoS4VbBZmO","1928410046079353023","https://pbs.twimg.com/media/GsMWt2ybUAAvHyq.jpg","","in","","0","0","0","https://x.com/undefined/status/1928410046079353023","1568514696424337413",
"1928409879099719875","Fri May 30 11:15:17 +0000 2025","0","Korban Tewas Longsor Galian C Gunung Kuda Cirebon Jadi 10 Orang https://t.co/Sq79I3EsEM","1928409879099719875","","","in","","0","0","0","https://x.com/undefined/status/1928409879099719875","79130206",
"1928409877170242025","Fri May 30 11:15:17 +0000 2025","0","Baru menyadari kayaknya lebih suka gunung daripada pantai","1928409877170242025","","","in","","0","0","0","https://x.com/undefined/status/1928409877170242025","1042166642929750017",
"1928406506418119120","Fri May 30 11:14:43 +0000 2025","1","@barabaeisberabe kembali ke peradaban dulu sebelum naik gunung masuk ke hutan lagi wkwkwk","1928409733695725858","","barabaeisberabe","in","","0","1","0","https://x.com/undefined/status/1928409733695725858","445332363",
"1928409396427555142","Fri May 30 11:13:22 +0000 2025","16","Breaking News Akibat tambang galian minerba longsor di Gunung Kuda Cirebon sebanyak 20 orang dinyatakan hilang sementara 4 orang ditemukan meninggal. Sumber : @Metro_TV https://t.co/YuUNUBsabo","1928409396427555142","https://pbs.twimg.com/ext_tw_video_thumb/1928409201103220736/pu/img/ZjwWBqrUg1Jv_O6o.jpg","","in","","1","2","13","https://x.com/undefined/status/1928409396427555142","3827798354",
"1928409284477431952","Fri May 30 11:12:56 +0000 2025","2","Gunung kuda sebagai sentra bahan baku batu alam kembali meminta korban kali ini sangat banyak perkiraan sekitar 20 orang https://t.co/10CI4JlNYW","1928409284477431952","https://pbs.twimg.com/ext_tw_video_thumb/1928409218513784832/pu/img/m5R4vC9FPbbj_hCM.jpg","","in","","0","0","2","https://x.com/undefined/status/1928409284477431952","1772661795230289920",
"1928407294431117765","Fri May 30 11:12:42 +0000 2025","3","@AntoniusCDN Nderek belasungkawa kagem para korban longsor di gunung kuda cirebon","1928409226000662537","","AntoniusCDN","in","","0","1","2","https://x.com/undefined/status/1928409226000662537","1395975607347863552",
"1928096861916909629","Fri May 30 11:12:21 +0000 2025","0","@kanjengGondoku1 @kegblgnunfaedh gunung kak","1928409140881215847","","kanjengGondoku1","tl","","0","0","0","https://x.com/undefined/status/1928409140881215847","1064531417869086720",
"1928406506418119120","Fri May 30 11:12:12 +0000 2025","1","@veeeenty Literally turun gunung https://t.co/ac3v12KHSz","1928409102868267328","https://pbs.twimg.com/tweet_video_thumb/GsMV2iYbAAAU1vR.jpg","veeeenty","in","","0","1","0","https://x.com/undefined/status/1928409102868267328","1677918648751788032",
"1928409067858592144","Fri May 30 11:12:04 +0000 2025","4","Ngide banget pocadate ke air terjun gunung https://t.co/rzNrvYRkd2","1928409067858592144","https://pbs.twimg.com/media/GsMVxggaEAAxgqK.jpg","","in","","0","2","0","https://x.com/undefined/status/1928409067858592144","1719614217412890624",
"1928097437203284004","Fri May 30 11:11:16 +0000 2025","0","@memeilisachan @TheEagle_BEN Kepo lo","1928408864799727906","","memeilisachan","in","","0","0","0","https://x.com/undefined/status/1928408864799727906","1701624074877984768",
"1927728356620943497","Fri May 30 11:10:54 +0000 2025","0","@DarsAlexandra1 Ilmu Pamungkas.. Konon katanya ilmu tersebut hasil pertapa 40hari -40malm + PatiGeni nya saat di gunung Kerinci Dan ilmu tersebut sudah siap dijual belikan secara online. Dah mabuk kecubung x yee..","1928408774043193404","","DarsAlexandra1","in","","0","0","0","https://x.com/undefined/status/1928408774043193404","621837007",
"1928370290624508202","Fri May 30 11:10:51 +0000 2025","0","@rafayelqyi Pantai silili? Kalo ga salah pokoknya ada sili2 nya Ombaknya kmrn lg gede bgt byy serem tp cakep juga sih aku kesono nya sblm sore tp lewat jalan gunung kidull serem klo malem kata aku ya gelep soalnya","1928408763494768936","","rafayelqyi","in","","0","1","0","https://x.com/undefined/status/1928408763494768936","1904754893686267908",
"1928398136566751577","Fri May 30 11:09:37 +0000 2025","0","@chrxstpchn ASLIIIII WKWKWKWK. butuh gunung yang seru lagi","1928408449915765225","","bangcchaan","in","","0","0","0","https://x.com/undefined/status/1928408449915765225","1128255584396988417",
"1928287420832960606","Fri May 30 11:08:13 +0000 2025","0","@AntarticaSnowWW @quitjournIs @fufufafagila @Gunung_Agoeng Cemen aslinya si tapir","1928408097887834254","","AntarticaSnowWW","in","","0","1","0","https://x.com/undefined/status/1928408097887834254","1085375803934851072",
"1928341653430939819","Fri May 30 11:06:20 +0000 2025","0","@andiiqbalilyas1 Aku suka laut daripada gunung","1928407625357574234","","andiiqbalilyas1","in","","0","0","0","https://x.com/undefined/status/1928407625357574234","774096665955282946",
"1928404979926147089","Fri May 30 11:06:11 +0000 2025","0","@pinkflowwie coba deh tonton yg daki gunung seruu bgtt itu","1928407588342800775","","pinkflowwie","in","","0","1","0","https://x.com/undefined/status/1928407588342800775","1621777010229137409",
"1928407337103925713","Fri May 30 11:05:11 +0000 2025","72"," ORANG HILANG. Adik kami Naveed hilang sejak 30 Mei 2025 pukul 13:30 di sekitar Masjid Jami Al-Barru Arcamanik/Cinambo Bandung. Terakhir mengenakan baju koko hijau lengan pendek dan sepeda gunung coklat. Mohon bantuannya. https://t.co/AHxOLth5Hg","1928407337103925713","https://pbs.twimg.com/media/GsMUQMRXQAAebW2.jpg","","in","","1","1","74","https://x.com/undefined/status/1928407337103925713","1248335621988311041",
"1928407294431117765","Fri May 30 11:05:01 +0000 2025","81","20 org diduga menjadi korban jiwa akibat longsor yg melanda area tambang gunung kuda... Cirebon Jabar https://t.co/l3Pr7q3x3J","1928407294431117765","https://pbs.twimg.com/ext_tw_video_thumb/1928407211635871744/pu/img/CGb-Hs_0ioghj-NY.jpg","","in","","5","24","44","https://x.com/undefined/status/1928407294431117765","4184979312",
"1928407277775556856","Fri May 30 11:04:57 +0000 2025","4","Duka menyelimuti Cirebon. Tanah longsor terjadi di area tambang Gunung Kuda dan hingga saat ini sedikitnya 20 orang dilaporkan hilang tertimbun material longsoran. Selengkapnya di https://t.co/eEySyAmcg0 https://t.co/vOZwWcGvay","1928407277775556856","https://pbs.twimg.com/ext_tw_video_thumb/1928407252966453248/pu/img/q8_hFJY8CpGQiG-t.jpg","","in","","0","0","0","https://x.com/undefined/status/1928407277775556856","1621390110947434498",
"1928407194006933865","Fri May 30 11:04:37 +0000 2025","0","Tebak gunung apa? https://t.co/xrMC9ZU9q1","1928407194006933865","https://pbs.twimg.com/media/GsMUH2yaAAATOqz.jpg","","in","","0","0","0","https://x.com/undefined/status/1928407194006933865","1325428739778383879",
"1928380388709199985","Fri May 30 11:04:14 +0000 2025","0","@nadeeea__ wihh gunung","1928407096678125775","","denyutnadiaku","in","","0","0","0","https://x.com/undefined/status/1928407096678125775","1580258495697326082",
"1928217288995655838","Fri May 30 10:54:31 +0000 2025","0","@yourchrie Dulu d gunung fuji","1928404652078530881","","yourchrie","in","","0","0","0","https://x.com/undefined/status/1928404652078530881","1839299819103465477",
"1928404378995867881","Fri May 30 10:53:26 +0000 2025","0","orang lama? apa orang baru? orang gagal naik gunung Everest disaat deket ke puncak dan lagi sekarat butuh checkpoint tapi ga ada dan tangganya jg lurus malah si bngst ini mati!!! arghh the real roblox bikin goblok","1928404378995867881","","","in","","0","3","0","https://x.com/undefined/status/1928404378995867881","1816045239465041921",
"1928404323777568873","Fri May 30 10:53:13 +0000 2025","4","Kok rada pusing yaa. Turun gunung langsung dua rapat ","1928404323777568873","","","in","","0","1","0","https://x.com/undefined/status/1928404323777568873","1389468463421292553",
"1928388942405280173","Fri May 30 10:52:37 +0000 2025","0","@akutemaram Di pbg aja ini kaa hehe nama wisatanya gunung beser","1928404172140945885","","akutemaram","in","","0","0","0","https://x.com/undefined/status/1928404172140945885","1410228793411706885",
"1928363297688146234","Fri May 30 10:50:52 +0000 2025","0","@yourbae gunung sindur","1928403731982295102","","yourbae","in","","0","0","0","https://x.com/undefined/status/1928403731982295102","1003862442588323840",
"1928384282692575382","Fri May 30 10:50:50 +0000 2025","0","@Mdy_Asmara1701 ini gunung kuda di bobos","1928403723560292417","","Mdy_Asmara1701","in","","0","1","0","https://x.com/undefined/status/1928403723560292417","1174205297973485569",
"1928403298366693686","Fri May 30 10:49:08 +0000 2025","0","Proses evakuasi korban longsor di Gunung Kuda Desa Bobos Kecamatan Dukupuntang Kabupaten Cirebon masih terus berlangsung pada Jumat (30/5/2025). Hingga saat ini tim evakuasi telah berhasil mengeluarkan 4 kantung jenazah dari reruntuhan material tanah. Source: @radarcirebon https://t.co/e6rHTJKmMb","1928403298366693686","https://pbs.twimg.com/ext_tw_video_thumb/1928403247964020737/pu/img/nNai9mXpWE39SRTD.jpg","","in","","0","0","0","https://x.com/undefined/status/1928403298366693686","1680017993227714562",
"1928402981080191027","Fri May 30 10:47:53 +0000 2025","23","Makasi Gunung Agung atas segala pengalamannya.. https://t.co/gCfsKbBLj0","1928402981080191027","https://pbs.twimg.com/media/GsMQR5vasAAnZOz.jpg","","in","","0","5","0","https://x.com/undefined/status/1928402981080191027","1615277826",
"1928402948268134733","Fri May 30 10:47:45 +0000 2025","0","Yaelah kekerasan dalam bentuk apapun tuh dilarang bahkan kalaupun tujuannya baik. Udah ada penelitiannya loh... Coba aja googling STANDFORD PRISON EXPERIMENT 1971. Biar mental kuat dan solid? alah PRET. Padahal sering naik gunung bareng aja dah cukup. Alay!","1928402948268134733","","","in","","0","0","0","https://x.com/undefined/status/1928402948268134733","1425739401590542336",
"1928402559422644331","Fri May 30 10:46:12 +0000 2025","0","11 Korban Tewas Longsor Gunung Kuda Cirebon Ditemukan 3 Kondisi Tragis Terhimpit Alat Berat https://t.co/3jsc1hX4mu","1928402559422644331","","","in","","0","0","0","https://x.com/undefined/status/1928402559422644331","132078023",
"1928287420832960606","Fri May 30 10:46:09 +0000 2025","1","@FidiansyahReza @quitjournIs @fufufafagila @Gunung_Agoeng Kena mental dia ","1928402547158487435","","FidiansyahReza","in","","0","2","0","https://x.com/undefined/status/1928402547158487435","1621109760266493954",
"1928402369458683941","Fri May 30 10:45:27 +0000 2025","2","Update : Jumat 30 Mei 2025 ± 10:20 WIB : Terjadi LONGSOR di tambang batu Gunung Kuda - Desa Bobos Kec. Dukupuntang Kab. Cirebon - JAWA BARAT 🇮🇩 ; --- @Mas Annadwi Kredit video : Drone Andrea Ramadhan Sumber Data : SAR Gabungan &amp; BPBD Kab. Cirebon. --- https://t.co/dEgDAvgvKC","1928402369458683941","https://pbs.twimg.com/ext_tw_video_thumb/1928402311774396416/pu/img/H4Hh8MgB6GSryiyA.jpg","","in","","0","1","1","https://x.com/undefined/status/1928402369458683941","1586986228087283712",
"1928401830775754841","Fri May 30 10:43:19 +0000 2025","0","Apa buka jasa porter naik gunung aja kali yak ehehee","1928401830775754841","","","in","","0","0","0","https://x.com/undefined/status/1928401830775754841","1921758350",
"1928401542815645821","Fri May 30 10:43:15 +0000 2025","0","@maayummm Gunung apa tu","1928401814254174594","","maayummm","in","","0","0","0","https://x.com/undefined/status/1928401814254174594","1102610225079541760",
"1928306739495010308","Fri May 30 10:42:58 +0000 2025","0","@wiragaksableng @iya_althaf @kafiradikalis Insha allah assibuntulu' laloa' segang anjo la kuerangngi mae ri gunung nona","1928401742443446559","","wiragaksableng","in","","0","0","0","https://x.com/undefined/status/1928401742443446559","1432654676227289088",
"1928363297688146234","Fri May 30 10:42:24 +0000 2025","0","@yourbae gunung fadli","1928401600869011808","","yourbae","tl","","0","0","0","https://x.com/undefined/status/1928401600869011808","1737187706852290563",
"1928398136566751577","Fri May 30 10:41:56 +0000 2025","0","@imwinler Dah mendaki gunung apa aja kmu","1928401485513322609","","winqter","in","","0","1","0","https://x.com/undefined/status/1928401485513322609","1694654982455488513",
"1928401201177002090","Fri May 30 10:40:48 +0000 2025","0","Mereka tertimbun material bebatuan saat bekerja menggali batu. Namun korban jiwa masih bisa bertambah karena pekerja yang tertimbun diduga sebanyak sepuluh orang. #Nusantara #Kompas60 https://t.co/BRxCFIjTqx","1928401201177002090","","","in","","0","0","0","https://x.com/undefined/status/1928401201177002090","79237556",
"1928401187910402250","Fri May 30 10:40:45 +0000 2025","0","Update Korban Longsor Tambang Gunung Kuda Cirebon: 11 Tewas 8 Masih Hilang https://t.co/a2SSOiMqpe","1928401187910402250","","","in","","0","0","0","https://x.com/undefined/status/1928401187910402250","132078023",
"1928400919571337258","Fri May 30 10:39:41 +0000 2025","0","Mereka tertimbun material bebatuan saat bekerja menggali batu. Namun korban jiwa masih bisa bertambah karena pekerja yang tertimbun diduga sebanyak sepuluh orang. #Nusantara #Kompas60 https://t.co/5BnUUzbehv","1928400919571337258","","","in","","0","0","0","https://x.com/undefined/status/1928400919571337258","155456716",
"1928400090554683443","Fri May 30 10:36:24 +0000 2025","0","Longsor melanda kawasan Pertambangan Gunung Kuda Kabupaten Cirebon Jawa Barat (jumat 30/5). 4 orang dilaporkan meninggal &amp; 20 orang dilaporkan hilang. https://t.co/PpW7Wp1Uuk","1928400090554683443","https://pbs.twimg.com/ext_tw_video_thumb/1928400021378170880/pu/img/CCs9zuwoCE7Cvhlw.jpg","","in","","0","0","0","https://x.com/undefined/status/1928400090554683443","1618443846890958849",
"1928399940109148431","Fri May 30 10:35:48 +0000 2025","0","Korban Longsor di Gunung Kuda Cirebon Bertambah Jadi 8 Orang https://t.co/zTG7Oxx7yK","1928399940109148431","","","in","","0","0","0","https://x.com/undefined/status/1928399940109148431","1578222594",
"1926554390036390131","Fri May 30 10:35:44 +0000 2025","0","Mt. Andong First time ke gunung bareng temen temen. Tracknya masih oke dan gak susah buat pemula tapi yang foto terkahir itu lumayan agak serem si soalnya kiri kanan jurang. Jangan lupa izin ke ortu ya yang kesini.. viewnya cakep bgtt bikin pengen kesini lagi️️ https://t.co/nDtc0CNjxp","1928399925420654940","https://pbs.twimg.com/media/GsMNekjbwAANokh.jpg","zazaa_ss","in","","0","1","0","https://x.com/undefined/status/1928399925420654940","1358804376660312065",
"1928399841362616801","Fri May 30 10:35:24 +0000 2025","0","Kacik newbie berhasil menamatkan 3 gunung. https://t.co/GEGQUlzRkM","1928399841362616801","https://pbs.twimg.com/ext_tw_video_thumb/1928399814481637377/pu/img/6ScAR-Vgh4UJcylL.jpg","","in","","0","0","0","https://x.com/undefined/status/1928399841362616801","1861856612505513984",
"1928291561042755907","Fri May 30 10:35:17 +0000 2025","5","@kampungphilos Kalo soal tinggal di gunung atau hutan kayaknya Zayne sih di MoF aja dia udah kayak mahluk astral gitu wkwk. Menyendiri dari pemukiman. Tinggal di hutan yang gak bisa dijangkau manusia","1928399810723479662","","kampungphilos","in","","0","1","0","https://x.com/undefined/status/1928399810723479662","1802662210495496192",
"1928399722743820543","Fri May 30 10:34:56 +0000 2025","0","Identitas Korban Tewas dan Luka Tragedi Longsor Tambang Gunung Kuda Cirebon https://t.co/sndJ6nYzlq","1928399722743820543","","","in","","0","0","0","https://x.com/undefined/status/1928399722743820543","132078023",
"1928399194236002501","Fri May 30 10:32:50 +0000 2025","53","Innalillahi Sedikitnya 6 orang dilaporkan tewas akibat longsor yang terjadi di lokasi pertambangan batu dan galian C di Gunung Kuda Desa Bobos Kec Dukupuntang Kab Cirebon Jabar Jumat (30/5/2025) pukul 11.30 WIB. Mereka tertimbun material bebatuan saat bekerja menggali batu. https://t.co/PxZPOVaf5m","1928399194236002501","https://pbs.twimg.com/amplify_video_thumb/1928398061946175488/img/yu_mkbqwY0u2OcOV.jpg","","in","","0","5","20","https://x.com/undefined/status/1928399194236002501","1404751063324889088",
"1928301649153413258","Fri May 30 10:32:21 +0000 2025","0","@tanyakanrl Jualan dimana? Kalo diatas gunung wajar. Kalo bukan istimewanya apa? Tempat? Atau lainnya?","1928399071762632883","","tanyakanrl","in","","0","0","0","https://x.com/undefined/status/1928399071762632883","1137889421313708032",
"1928096861916909629","Fri May 30 10:31:52 +0000 2025","0","@kanjengGondoku1 @kegblgnunfaedh gunung","1928398950828052803","","kanjengGondoku1","in","","0","0","0","https://x.com/undefined/status/1928398950828052803","1197798669342273537",
"1928361783623913491","Fri May 30 10:31:26 +0000 2025","0","@pensilpikachu gunung kapur","1928398840597750158","","paypaysop","in","","0","0","0","https://x.com/undefined/status/1928398840597750158","1112303234167693312",
"1928361783623913491","Fri May 30 10:31:18 +0000 2025","0","@pensilpikachu OH ETAAA GUNUNG KAPIR Ya allah Innalilahi Wa Innailaihi Rajiun ","1928398808444006829","","pensilpikachu","in","","0","2","0","https://x.com/undefined/status/1928398808444006829","1112303234167693312",
"1928398760679526720","Fri May 30 10:31:07 +0000 2025","0","Longsor Tambang Gunung Kuda: ESDM Tutup Lokasi Pemilik Diperiksa #BNetwork https://t.co/ckXZbfgAk2","1928398760679526720","","","in","","0","1","0","https://x.com/undefined/status/1928398760679526720","154102750",
"1928361783623913491","Fri May 30 10:30:33 +0000 2025","0","@paypaysop gunung nu korowok tea saacan tugu selamat datang majalengka https://t.co/X9gQedUzCT","1928398619222142976","https://pbs.twimg.com/media/GsMMUvCa8AA0OIF.jpg","paypaysop","in","","0","1","0","https://x.com/undefined/status/1928398619222142976","1148428761911549954",
"1928394441183924639","Fri May 30 10:30:21 +0000 2025","0","@kroenkelegacy emang bagus tamannya asli ini view nya gunung misal kita turun ke bawah ini danau lebih bagus lagi itu chelsea suru tc disini juga betah https://t.co/oHx2Vx88wq","1928398569121435879","https://pbs.twimg.com/media/GsMMRkMbQAAbSmi.jpg","kroenkelegacy","in","","0","1","0","https://x.com/undefined/status/1928398569121435879","1479308565038841857",
"1928398460816081244","Fri May 30 10:29:55 +0000 2025","7","Eksistensi orang macam ida yg menebarkan kebencian thdp islam seperti ini bisa jadi fenomena gunung es. Yang ketahuan baru satu. Yang tidak ketahuan? Mungkin @Kemenag_RI boleh silaturahmi ke majelis agama yns barangkali bisa memetakan lalu bikin program deradikalisasi.","1928398460816081244","","","in","","0","0","2","https://x.com/undefined/status/1928398460816081244","1588785793778479104",
"1928363297688146234","Fri May 30 10:29:51 +0000 2025","0","@yourbae Cie mau naik gunung juga","1928398441979265286","","yourbae","in","","0","0","0","https://x.com/undefined/status/1928398441979265286","1925262716",
"1928394896248864771","Fri May 30 10:29:49 +0000 2025","1","@gyuujiin @Diiizzee Nggk tau gyu di ig beliau cuma ngepost main sm temennya ndaki gunung ke pantai","1928398433607467149","","gyuujiin","in","","0","0","0","https://x.com/undefined/status/1928398433607467149","1291620976182980609",
"1928398407288373546","Fri May 30 10:29:42 +0000 2025","1","Longsor terjadi di lokasi tambang batu alam Gunung Kuda Desa Cipanas Kecamatan Dukupuntang Kabupaten Cirebon Jawa Barat pada Jumat (30/5/2025) sekitar pukul 10.00 WIB. Enam orang dilaporkan meninggal dunia dan lima lainnya mengalami luka-luka akibat tertimbun material https://t.co/yr3dl2eTWj","1928398407288373546","https://pbs.twimg.com/media/GsMMF0aawAACGC_.jpg","","in","","0","0","1","https://x.com/undefined/status/1928398407288373546","48359478",
"1928258001124630773","Fri May 30 10:29:24 +0000 2025","0","@lemaribakar Anjayy anak gunung","1928398331673489536","","lemaribakar","in","","0","1","0","https://x.com/undefined/status/1928398331673489536","986457711238832128",
"1928398276417519796","Fri May 30 10:29:11 +0000 2025","0","gw di gunung yang gw cari adalah jumbo dah 10jt blom?!!","1928398276417519796","","","in","","0","2","0","https://x.com/undefined/status/1928398276417519796","1111688681293672448",
"1928068795865698771","Fri May 30 09:58:27 +0000 2025","0","@bluishstore Lagi hobi manjat gunung tapi baru menamatkan merbabu","1928390541370065370","","bluishstore","in","","0","0","0","https://x.com/undefined/status/1928390541370065370","3003655316",
"1928390399959486485","Fri May 30 09:57:53 +0000 2025","0","Pemain timnasnya refreshing ke gunung dulu https://t.co/SN05AH0GpR","1928390399959486485","https://pbs.twimg.com/media/GsME0NJa4AAjHxQ.jpg","","in","","0","1","0","https://x.com/undefined/status/1928390399959486485","264772377",
"1928382992054976770","Fri May 30 09:57:47 +0000 2025","0","@aimeztoujours Naik gunung kak soalnya gk bisa naikin kamu","1928390374063481064","","lachayotte","in","","0","1","0","https://x.com/undefined/status/1928390374063481064","1683673120182501376",
"1928390273555427826","Fri May 30 09:57:23 +0000 2025","0","pada naik gunung tp gk dijaga kebersihannya:)","1928390273555427826","","","in","","0","0","0","https://x.com/undefined/status/1928390273555427826","1580045654021541888",
"1928363297688146234","Fri May 30 09:56:24 +0000 2025","0","@yourbae Gunung hiroshima","1928390025340928139","","yourbae","in","","0","0","0","https://x.com/undefined/status/1928390025340928139","1363519652526051331",
"1928387155900207513","Fri May 30 09:56:03 +0000 2025","0","@harqeelfams pernah naik gunung THE STORY OF HARQEEL 179 #HQ_AGZEPS179 #HARQEEL","1928389935658107074","","harqeelfams","in","","0","0","0","https://x.com/undefined/status/1928389935658107074","1349280718552121344",
"1928384894662517085","Fri May 30 09:55:47 +0000 2025","0","@noteMINJEONG mantap langsung bisa jadi kuncen gunung merapi","1928389872017961269","","niguning","in","","0","1","0","https://x.com/undefined/status/1928389872017961269","1261111569787654144",
"1928387155900207513","Fri May 30 09:55:44 +0000 2025","0","@harqeelfams pernah naik gunung+camping THE STORY OF HARQEEL 179 #HQ_AGZEPS179 #HARQEEL","1928389858428686790","","harqeelfams","in","","0","0","0","https://x.com/undefined/status/1928389858428686790","1480261651303579649",
"1928389778271035730","Fri May 30 09:55:25 +0000 2025","0","Korban tewas akibat longsor di lokasi tambang Galian C kawasan Gunung Kuda Kabupaten Cirebon mencapai 8 orang. #Nusantara #Kompas60 https://t.co/LYon6URIKM","1928389778271035730","","","in","","0","0","0","https://x.com/undefined/status/1928389778271035730","79237556",
"1928389680321679522","Fri May 30 09:55:02 +0000 2025","0","6 pekerja maut ramai dikhuatiri hilang insiden tanah runtuh di tapak lombong Puluhan dikhuatiri hilang dalam kejadian tanah runtuh di tapak perlombongan Gunung Kuda Cirebon Jawa Barat. #SinarHarian #pekerja #maut #tanahruntuh #cirebon https://t.co/Zfor5Di2uN","1928389680321679522","","","in","","0","0","0","https://x.com/undefined/status/1928389680321679522","331383958",
"1928389615691653351","Fri May 30 09:54:46 +0000 2025","0","tadi pagi naik gunung dempo sendirian terus diikuti tuyul https://t.co/zXirH0Zm2v","1928389615691653351","https://pbs.twimg.com/media/GsMEHyHbAAAGvUN.jpg","","in","","0","1","0","https://x.com/undefined/status/1928389615691653351","3103132248",
"1928348139095798128","Fri May 30 09:54:34 +0000 2025","1","@achehsultanate Tito itu harus di benam ke dlm gunung berapi krn dia terduga bajingan dan hampir bukan manusia..","1928389563883389362","","achehsultanate","in","","0","1","0","https://x.com/undefined/status/1928389563883389362","1780549848137408512",
"1928363297688146234","Fri May 30 09:54:13 +0000 2025","0","@yourbae Gunung antang","1928389477686472771","","yourbae","tl","","0","0","0","https://x.com/undefined/status/1928389477686472771","1233421073883860994",
"1928389263298580712","Fri May 30 09:53:22 +0000 2025","0","Longsor Gunung Kuda Cirebon 4 Tewas Tertimbun https://t.co/DPAUNV9O1q","1928389263298580712","","","in","","0","0","1","https://x.com/undefined/status/1928389263298580712","990237626",
"1928389245661503820","Fri May 30 09:53:18 +0000 2025","0","Tebak gunung. https://t.co/uj35AEUm99","1928389245661503820","https://pbs.twimg.com/media/GsMDzGIbEAA3dMF.jpg","","in","","0","0","0","https://x.com/undefined/status/1928389245661503820","711236472301592576",
"1928388805188567293","Fri May 30 09:51:33 +0000 2025","2","Viral video longsor di kawasan pertambangan Gunung Kuda Desa Bobos Kecamatan Dukupuntang Kabupaten Cirebon Jawa Barat Jumat (30/5/2025). Hingga saat ini tercatat 9 orang dinyatakan meninggal atas musibah ini. Puluhan orang dan kendaraan diduga masih tertimbun material https://t.co/w4hwLkhXzj","1928388805188567293","https://pbs.twimg.com/amplify_video_thumb/1928388394402603008/img/qSH5F3eUrfmlTJ12.jpg","","in","","1","0","0","https://x.com/undefined/status/1928388805188567293","132078023",
"1928388681288610148","Fri May 30 09:51:04 +0000 2025","0","gunung mana yg harus ku daki","1928388681288610148","","","in","","0","1","0","https://x.com/undefined/status/1928388681288610148","1282925360355540992",
"1928207032542245222","Fri May 30 09:50:45 +0000 2025","0","@tekoenamel Kalo naek gunung semua modal yang udah dikeluarkan..apalagi rasa capeknya semua akan terbayarkan kalo udah berhasil summit. Because it's there. The real pendaki gunung","1928388604415410278","","tekoenamel","in","","0","0","0","https://x.com/undefined/status/1928388604415410278","1219890224936783874",
"1928368146143998229","Fri May 30 09:50:44 +0000 2025","0","@artdecogirl12 gunung apa ni","1928388601047396385","","artdecogirl12","in","","0","1","0","https://x.com/undefined/status/1928388601047396385","1914748570126966785",
"1928328505734860945","Fri May 30 09:50:28 +0000 2025","0","@Prtshav ngeri ahh puh 2 gunung sehari sungkemm","1928388534219735075","","Prtshav","in","","0","1","0","https://x.com/undefined/status/1928388534219735075","1627819478393421824",
"1928379772058390671","Fri May 30 09:37:40 +0000 2025","0","@rikinoocimol naik gunung hayu","1928385311970881574","","rikinoocimol","in","","0","1","0","https://x.com/undefined/status/1928385311970881574","1131142085883486210",
"1928363297688146234","Fri May 30 09:33:54 +0000 2025","0","@yourbae Gunung Sindoro","1928384361369374729","","yourbae","tl","","0","0","0","https://x.com/undefined/status/1928384361369374729","273726206",
"1928384272286519400","Fri May 30 09:33:32 +0000 2025","527","Tanah longsor di gunung kuda Cirebon lebih dari 20 orang penambang menjadi korban jiwa https://t.co/l1SztaDFXM","1928384272286519400","https://pbs.twimg.com/ext_tw_video_thumb/1928384213746905088/pu/img/hIsjWWIoKEuV_6k8.jpg","","in","","14","66","152","https://x.com/undefined/status/1928384272286519400","1249004237004009474",
"1928383939623706898","Fri May 30 09:32:13 +0000 2025","1","Tragedi Longsor di Gunung Kuda Cirebon: Lima Tewas Puluhan Diduga Masih Tertimbun #Longsor #GunungKuda #Cirebon #LimaTewas #Tertimbun #Berita #News #Info https://t.co/z9b44OmNIv","1928383939623706898","","","in","","0","0","1","https://x.com/undefined/status/1928383939623706898","1412699218121166852",
"1928363297688146234","Fri May 30 09:31:33 +0000 2025","9","@yourbae Mau naik gunung ama Wendy bang?","1928383770131833263","","yourbae","in","","0","0","0","https://x.com/undefined/status/1928383770131833263","119035695",
"1928383586614358373","Fri May 30 09:30:49 +0000 2025","0","https://t.co/olpnrSixmK 16.29 Pendakian Gunung Waru Pamekasan Ditutup Sementara Dikhawatirkan Timbulkan Dampak Sosial. (Ag) https://t.co/aE4taWtkz0","1928383586614358373","","","in","","0","0","0","https://x.com/undefined/status/1928383586614358373","1123789453",
"1928383567970619737","Fri May 30 09:30:44 +0000 2025","0","Tim SAR Temukan 5 Korban Tewas akibat Longsor di Gunung Kuda https://t.co/KNx2eykJEZ","1928383567970619737","","","in","","0","0","0","https://x.com/undefined/status/1928383567970619737","1578222594",
"1928334057756315857","Fri May 30 09:30:39 +0000 2025","7","@DianSandiU Lo pernah kuliah ngk dhul? Kalo ngk ya wajar lo ngomong gitu krn lo ngk tahu tahapan kuliah itu spt ap. Ijasah Jokowi itu palsu Palsu Ijasahnya Palsu fotonya Palsu tandatangannya trus lo msh ngotot itu asli? Mending lo bertapa aj d gunung merapi sono bareng Jokowi ","1928383544348246077","","DianSandiU","in","","0","0","0","https://x.com/undefined/status/1928383544348246077","1655848158457638912",
"1928263049216950702","Fri May 30 09:29:33 +0000 2025","0","@sooningstar baru summit di 7 gunung sisanya belum tau gunung apa aja","1928383267876806903","","sooningstar","in","","0","1","0","https://x.com/undefined/status/1928383267876806903","1548844267317374976",
"1928383073449820600","Fri May 30 09:28:46 +0000 2025","2","ada yang mau ekspedisi gaa? terserah di gunung apa gabutt","1928383073449820600","","","in","","0","0","0","https://x.com/undefined/status/1928383073449820600","1207212051879231488",
"1928382992054976770","Fri May 30 09:28:27 +0000 2025","5","Enak naik gunung apa naik aku?","1928382992054976770","","","in","","0","5","0","https://x.com/undefined/status/1928382992054976770","1630949882310823936",
"1928363297688146234","Fri May 30 09:28:11 +0000 2025","0","@yourbae Jangankan gunung Fuji","1928382922496626705","","yourbae","in","","0","0","0","https://x.com/undefined/status/1928382922496626705","2352731826",
"1928345044081078769","Fri May 30 09:28:06 +0000 2025","1","Dedi Mulyadi Tutup Permanen Galian C Gunung Kuda Cirebon https://t.co/yPWwo6rTfH","1928382905283199017","","okezonenews","in","","0","1","1","https://x.com/undefined/status/1928382905283199017","47274731",
"1928382823125381432","Fri May 30 09:27:47 +0000 2025","0","Dedi Mulyadi Tutup Permanen Galian C Gunung Kuda Cirebon https://t.co/yPWwo6sr5f","1928382823125381432","","","in","","0","0","0","https://x.com/undefined/status/1928382823125381432","47274731",
"1928287420832960606","Fri May 30 09:27:25 +0000 2025","1","@quitjournIs @AntarticaSnowWW @fufufafagila @Gunung_Agoeng Ini akun asli gue blay....emang akun lo asli ?","1928382730901029035","","quitjournIs","in","","0","2","0","https://x.com/undefined/status/1928382730901029035","1085375803934851072",
"1928382669202546919","Fri May 30 09:27:10 +0000 2025","0","masyaAllah cerah bgt jam segini langit msih biru gunung slametnya keliatan jelas","1928382669202546919","","","in","","0","0","0","https://x.com/undefined/status/1928382669202546919","1065561052765597697",
"1928381943659511844","Fri May 30 09:27:09 +0000 2025","14","@GabRey99 Guru Saya Seorang Dukun Kejawen dari gunung Kawi Mengatakan Minggu Kedua Juni Pump. Saya Lebih Percaya Dia dengan metode hari weton Dibanding Data Bloomberg Terminal / Influencer Teknikal Terbaik Sekalipun","1928382666568827360","","GabRey99","in","","0","9","1","https://x.com/undefined/status/1928382666568827360","1176531014799085568",
"1928287420832960606","Fri May 30 09:26:44 +0000 2025","2","@quitjournIs @AntarticaSnowWW @fufufafagila @Gunung_Agoeng Ngapain DM elo blay....entar dikira gue minat lagi sama tampang kayak elo ","1928382560461013122","","quitjournIs","in","","0","1","0","https://x.com/undefined/status/1928382560461013122","1085375803934851072",
"1928350939913527407","Fri May 30 09:26:15 +0000 2025","0","@ygb59438 @unmagnetism lempar ke kawah gunung aja anjir jgn barak","1928382437064577147","","ygb59438","in","","0","0","0","https://x.com/undefined/status/1928382437064577147","1772351364498382852",
"1928382374343254440","Fri May 30 09:26:00 +0000 2025","1","Kasad Maruli Resmikan Sumur Bor di Gunung Kidul Bentuk Kepedulian Atasi Krisis Air https://t.co/2zNyaGDZ6P","1928382374343254440","","","in","","0","0","0","https://x.com/undefined/status/1928382374343254440","71436318",
"1928287420832960606","Fri May 30 09:26:00 +0000 2025","1","@quitjournIs @AntarticaSnowWW @fufufafagila @Gunung_Agoeng Kan elo hobinya sama satpam mall blay kata teman gue si fufufafagila https://t.co/1RnWMd4Aoh","1928382373957161345","https://pbs.twimg.com/media/GsL9jI2bUAAN8br.png","quitjournIs","in","","0","1","0","https://x.com/undefined/status/1928382373957161345","1085375803934851072",
"1928382286438801593","Fri May 30 09:25:39 +0000 2025","0","Longsor Maut di Gunung Kuda Cirebon 4 Penambang Tewas Tertimbun https://t.co/h30B7CoglE","1928382286438801593","","","in","","0","0","0","https://x.com/undefined/status/1928382286438801593","1318853792893300737",
"1928287420832960606","Fri May 30 09:25:18 +0000 2025","1","@quitjournIs @AntarticaSnowWW @fufufafagila @Gunung_Agoeng Sambil michatan ya blay ","1928382200699035968","","quitjournIs","in","","0","2","0","https://x.com/undefined/status/1928382200699035968","1085375803934851072",
"1928363297688146234","Fri May 30 09:24:45 +0000 2025","0","@pemudaperikanan @yourbae Halo @pemudaperikanan maksud gunung yang disebut @yourbae kemungkinan besar merujuk pada Gunung Fuji gunung paling terkenal di Jepang dan simbol budaya yang dihormati. Tidak ada bukti bahwa menyebut Gunung Fuji atau gunung lain di Jepang bersifat ofensif; mereka justru","1928382061154586968","","pemudaperikanan","in","","0","1","0","https://x.com/undefined/status/1928382061154586968","1720665183188922368",
"1928371084358738253","Fri May 30 09:24:41 +0000 2025","0","@extrophi Dipastikan gaada kecuali ke gunung","1928382043848651006","","extrophi","in","","0","0","0","https://x.com/undefined/status/1928382043848651006","1825785465678815232",
"1928382032184217996","Fri May 30 09:24:38 +0000 2025","0","Dijual dibawah harga pasar tanah kavling di jalan Gunung Sinabung Cluster Taman Simpruk di Lippo Cikarang...... #wahyuraywhitecikarang #raywhitepropertyagent https://t.co/r3Y8RSXjBo","1928382032184217996","https://pbs.twimg.com/amplify_video_thumb/1928381813304754176/img/uhO4TeZZE8WUigfQ.jpg","","in","","0","0","0","https://x.com/undefined/status/1928382032184217996","194154707",
"1928381969122918534","Fri May 30 09:24:24 +0000 2025","8","Maaf kalau telat yang punya akun abis berantem sama sinyal di gunung","1928381973136801844","","duapuIuhtiga","in","","0","0","0","https://x.com/undefined/status/1928381973136801844","1453307407694712851",
"1928287420832960606","Fri May 30 09:24:17 +0000 2025","1","@AntarticaSnowWW @quitjournIs @fufufafagila @Gunung_Agoeng Orangnya kasih supir lo aja neng","1928381944070340687","","AntarticaSnowWW","in","","0","1","0","https://x.com/undefined/status/1928381944070340687","1085375803934851072",
"1928287420832960606","Fri May 30 09:23:46 +0000 2025","1","@quitjournIs @AntarticaSnowWW @fufufafagila @Gunung_Agoeng Sebutin aja nama toko kue nya terus di mall mana blay....berani gak ?","1928381813912748218","","quitjournIs","in","","0","1","0","https://x.com/undefined/status/1928381813912748218","1085375803934851072",
"1928369156811821529","Fri May 30 09:23:25 +0000 2025","67","SAOKI SANDAL GUNUNG https://t.co/oXmZ2lLvUj https://t.co/plfQqwpOay AKU GATAHANNN MAU REVIEW SANDAL INI POKOKNYA BINTANG 5JT sandal gunung saoki brand lokal secakep itu plsss... aku beli yang warna desert size 39 dan dari pertama buka paket tuh aku literally https://t.co/U0MGDc8O5T","1928381726684053684","https://pbs.twimg.com/media/GsL88-VaYAAcIaV.jpg","roselymarchela","in","","1","2","9","https://x.com/undefined/status/1928381726684053684","1926811093",
"1926845245834334558","Fri May 30 09:23:10 +0000 2025","0","@bankmandiri Bank Mandiri Tlajung Udik kec Gunung Putri Kab Bogor","1928381661005107428","","bankmandiri","in","","0","1","0","https://x.com/undefined/status/1928381661005107428","4164870041",
"1928381656186191905","Fri May 30 09:23:09 +0000 2025","0","Ahad ni ada yg nk daki bukit kepayang atau gunung berembun tak? Anyone yg free laa ahad ni?","1928381656186191905","","","in","","0","0","0","https://x.com/undefined/status/1928381656186191905","1898684797477957633",
"1928287420832960606","Fri May 30 09:23:04 +0000 2025","1","@quitjournIs @AntarticaSnowWW @fufufafagila @Gunung_Agoeng Bodo amat blay gue org sibuk gak spt elo yg jaga toko kue sambil medsosan","1928381637961675158","","quitjournIs","in","","1","1","0","https://x.com/undefined/status/1928381637961675158","1085375803934851072",
"1928381561746907242","Fri May 30 09:22:47 +0000 2025","0","jatuh cinta dan admitting that he loves him (mirip Hanahaki kecuali ga ada bagian muntah bunga). Terus dia kek Ga mungkin sih jadi yaudah gue mau menikmati hidup. Abis itu dis mendaki gunung ikut les tap dance jadi nude model di kelas melukis kayaking and so on.","1928381565706326259","","rottenjarchive","in","","0","1","0","https://x.com/undefined/status/1928381565706326259","1486942698452156420",
"1928381153599279360","Fri May 30 09:22:25 +0000 2025","0","@selsylus Namanya gunung bokong?","1928381473406726367","","selsylus","tl","","0","1","0","https://x.com/undefined/status/1928381473406726367","1888003352082198528",
"1928078294387200299","Fri May 30 09:22:09 +0000 2025","0","@arkxyzand Gunung Kelud Kediri-Blitar Jawa Timur Indonesia Asia Tenggara Asia Dunia Bumi","1928381406360588600","","arkzyxand","in","","0","1","0","https://x.com/undefined/status/1928381406360588600","1420188635228295170",
"1928287420832960606","Fri May 30 09:21:50 +0000 2025","1","@quitjournIs @AntarticaSnowWW @fufufafagila @Gunung_Agoeng Mall mana blay entar gue mampir deh","1928381325012042153","","quitjournIs","in","","0","1","0","https://x.com/undefined/status/1928381325012042153","1085375803934851072",
"1928287420832960606","Fri May 30 09:21:33 +0000 2025","0","@AntarticaSnowWW @quitjournIs @fufufafagila @Gunung_Agoeng Jadi ani² pelanggan toko kue nya","1928381256338739713","","AntarticaSnowWW","in","","0","0","0","https://x.com/undefined/status/1928381256338739713","1085375803934851072",
"1928287420832960606","Fri May 30 09:21:00 +0000 2025","1","@quitjournIs @AntarticaSnowWW @fufufafagila @Gunung_Agoeng Halah ngeles aja elo blay saking penasarannya smp dalem² amat nyelemin akun org ","1928381115506561430","","quitjournIs","in","","0","1","0","https://x.com/undefined/status/1928381115506561430","1085375803934851072",
"1928380924988670150","Fri May 30 09:20:14 +0000 2025","0","Gear buat naik gunung belum lengkap udah kepengen gear buat lari","1928380924988670150","","","in","","0","0","0","https://x.com/undefined/status/1928380924988670150","1088761798340169728",
"1928377316381520316","Fri May 30 09:13:58 +0000 2025","0","@sumelleh ayo naik gunung salak","1928379345036308785","","tembokkeajaiban","in","","0","1","0","https://x.com/undefined/status/1928379345036308785","1671162352019054592",
"1928287420832960606","Fri May 30 09:13:20 +0000 2025","0","@quitjournIs @FidiansyahReza @fufufafagila @Gunung_Agoeng Mending cantik pake filter dari pada pake duit sopir truk yg jadiin Lo WC umum ","1928379188936954344","","quitjournIs","in","","0","1","0","https://x.com/undefined/status/1928379188936954344","1621109760266493954",
"1928287420832960606","Fri May 30 09:13:00 +0000 2025","0","@quitjournIs @AntarticaSnowWW @fufufafagila @Gunung_Agoeng Ya elo melarat sih ....skincare aja pake yg seken ","1928379101548617917","","quitjournIs","in","","0","1","0","https://x.com/undefined/status/1928379101548617917","1085375803934851072",
"1928341653430939819","Fri May 30 09:12:54 +0000 2025","0","@andiiqbalilyas1 suka laut dan gunung kalau aku kk","1928379078559596729","","andiiqbalilyas1","in","","0","0","0","https://x.com/undefined/status/1928379078559596729","1579754929605861376",
"1928287420832960606","Fri May 30 09:12:26 +0000 2025","1","@quitjournIs @AntarticaSnowWW @fufufafagila @Gunung_Agoeng Kotor amat tuh bacot ....cewek macem apa elo ","1928378960385102204","","quitjournIs","in","","0","1","0","https://x.com/undefined/status/1928378960385102204","1085375803934851072",
"1928287420832960606","Fri May 30 09:12:00 +0000 2025","0","@quitjournIs @FidiansyahReza @fufufafagila @Gunung_Agoeng Gimana mau sulam alis gaji Lo cukup buat makan nasbung sampe pertengahan bulan aja udah syukur ","1928378852600144125","","quitjournIs","in","","0","0","0","https://x.com/undefined/status/1928378852600144125","1621109760266493954",
"1928373241296421349","Fri May 30 09:11:38 +0000 2025","0","@nopalwho itu gunung apa","1928378759192952907","","","in","","0","0","0","https://x.com/undefined/status/1928378759192952907","1656950770473005057",
"1928378664418443632","Fri May 30 09:11:15 +0000 2025","4","Gubernur Jawa Barat Dedi Mulyadi menyoroti insiden longsor yang terjadi di kawasan pertambangan Gunung Kuda Cirebon pada Jumat siang 30 Mei 2025. Ia menyatakan keprihatinannya terhadap kejadian tersebut mengingat aktivitas penambangan tersebut seringkali menimbulkan risiko https://t.co/xSeXpCUxeg","1928378664418443632","https://pbs.twimg.com/amplify_video_thumb/1928378203741286400/img/bvVnzlP_05qziMvS.jpg","","in","","0","0","4","https://x.com/undefined/status/1928378664418443632","57261519",
"1928287420832960606","Fri May 30 09:11:15 +0000 2025","1","@AntarticaSnowWW @quitjournIs @fufufafagila @Gunung_Agoeng Di pinggir jalan lah kan gampang tuh ","1928378662338142287","","AntarticaSnowWW","in","","0","1","0","https://x.com/undefined/status/1928378662338142287","1085375803934851072",
"1928287420832960606","Fri May 30 09:09:53 +0000 2025","1","@quitjournIs @AntarticaSnowWW @fufufafagila @Gunung_Agoeng Muka spt begini pasaran di kalijodo https://t.co/jbNeVJ4HcP","1928378318832771510","https://pbs.twimg.com/media/GsL53H3bAAAWTkU.jpg","quitjournIs","in","","0","1","0","https://x.com/undefined/status/1928378318832771510","1085375803934851072",
"1928377926539444704","Fri May 30 09:08:19 +0000 2025","0","Padahal beberapa abad yang lalu justru di pulau Jawa masyarakatnya cukup sadar mitigasi bencana alam. Terlihat di situs Liyangan Temanggung. Area penduduk yg profan tersapu letusan Gunung Sumbing. Tapi tidak ditemukan sisa2 korban jiwa sama sekali.","1928377926539444704","","","in","","0","1","0","https://x.com/undefined/status/1928377926539444704","2470685198",
"1928377923850973549","Fri May 30 09:08:19 +0000 2025","0","I love when people ask me what do i want to be sebab BABE I NAK JADI GUNUNG. Sebab I nak lepak ramai ramai bersama gunung gunung yang lain dalam banjaran yang sama.","1928377923850973549","","","in","","0","1","0","https://x.com/undefined/status/1928377923850973549","888371787095957504",
"1928377895841378815","Fri May 30 09:08:13 +0000 2025","0","2/ Ukuran compact (16L) tapi muat banyak. Laptop charger botol minum kunci dompet masuk semua tanpa bikin tas kelihatan gembung . 3/ Dibuat oleh EIGER brand outdoor dengan kualitas yang udah gak diraguin lagi. Dipakai harian? Aman. Naik motor? Nyaman Naik gunung? https://t.co/QwiX64YnCw","1928377900438589674","https://pbs.twimg.com/media/GsL3603bUAAF7d4.jpg","Ruzbihan53","in","","0","1","0","https://x.com/undefined/status/1928377900438589674","280362583",
"1928377826778259581","Fri May 30 09:07:56 +0000 2025","1","Proses evakuasi korban longsor di tambang Gunung Kuda Cirebon masih berlangsung hingga saat ini. Karena lokasi yang cukup sempit hal itu menjadi kendala dan tantangan utama bagi para tim SAR dalam mengevakuasi para korban. Naskah: Awan Editor | Admin: Asas | Farraa https://t.co/wp0GjavXzt","1928377826778259581","https://pbs.twimg.com/amplify_video_thumb/1928374869684899840/img/VXancC8NGtKJdA89.jpg","","in","","1","0","1","https://x.com/undefined/status/1928377826778259581","502140136",
"1928363297688146234","Fri May 30 09:07:43 +0000 2025","0","@yourbae Gunung akina","1928377775561572732","","yourbae","tl","","0","0","0","https://x.com/undefined/status/1928377775561572732","1920127050209484801",
"1928377734893289591","Fri May 30 09:07:34 +0000 2025","4","wts jaket puffer un*qlo ukuran M good condition ori beli di store innernya body sherpa inner tangan beda bahan (foto ke 4) outernya water reppelent udah di uji buat naik gunung 2000an mdpl. anget kok!! 250k (more info dm) bisa cod/ lokasi : malang https://t.co/errwnGo15X","1928377734893289591","https://pbs.twimg.com/media/GsL5UPFagAAGiSJ.jpg","","in","","1","5","0","https://x.com/undefined/status/1928377734893289591","1268797154052632576",
"1928287420832960606","Fri May 30 09:07:22 +0000 2025","1","@quitjournIs @AntarticaSnowWW @fufufafagila @Gunung_Agoeng Emangnya elo cakep ? https://t.co/aP6sNpFht3","1928377687057498165","https://pbs.twimg.com/media/GsL5SQ7bEAAVmon.jpg","quitjournIs","in","","0","3","0","https://x.com/undefined/status/1928377687057498165","1085375803934851072",
"1928377461387260258","Fri May 30 09:06:28 +0000 2025","17"," Gunung Andong https://t.co/MuLSLviJjK","1928377461387260258","https://pbs.twimg.com/media/GsL5DrYaAAA9Rtr.jpg","","in","","0","4","0","https://x.com/undefined/status/1928377461387260258","1676139085365407744",
"1928370694124941626","Fri May 30 09:05:24 +0000 2025","1","@thoriqmm Organisasi yg isinya manusia si-paling merasa dekat dengan tuhan tapi abai solat di gunung kalau kumpul-kumpul cuma mabok-mabokan ","1928377189067550861","","thoriqmm","in","","0","0","0","https://x.com/undefined/status/1928377189067550861","1063079709137719296",
"1928376934196715703","Fri May 30 09:04:23 +0000 2025","1","dikirimin ini tbtb mau naik gunung jugaa kapan ya aku dibolehin https://t.co/XFtqYruC5b","1928376934196715703","https://pbs.twimg.com/media/GsL4macaIAAwDkZ.jpg","","in","","0","0","0","https://x.com/undefined/status/1928376934196715703","1334570112611876865",
"1928287450318749998","Fri May 30 08:53:19 +0000 2025","2","@TalkinAndy Bapakku kerja di bagian bencana waktu ada letusan gunung (kayaknya di sumut atau di jawa lupa krn udah lama) bener2 usaha evakuasi masyarakat di zona merah tp faktanya banyak yg nolak di evakuasi bahkan udah di datengin dan paksa berkali2 5 menit setelah bapakku pergi dari ","1928374148864348263","","TalkinAndy","in","","0","2","0","https://x.com/undefined/status/1928374148864348263","1266512654987751425",
"1928374067536810117","Fri May 30 08:52:59 +0000 2025","0","Bingung Cari Mobil Bekas Harga Bersahabat ??? PT Asuransi Sinar Mas Cab. Makassar Jl. Gunung Bawakaraeng No 67-69 Kelurahan Gaddong Kecamatan Bontoala North Pisang Ujung Pandang Makassar City South Sulawesi 90157 Buka Hari Setiap Hari Senin-Jum'at Jam 08.00-17.00 wib. https://t.co/VexGT51vyd","1928374067536810117","https://pbs.twimg.com/media/GsL1-t0bwAAFRSo.jpg","","in","","0","0","0","https://x.com/undefined/status/1928374067536810117","3848984838",
"1928323915991982333","Fri May 30 08:52:05 +0000 2025","0","@just_anotherea naik gunung manaa","1928373841321144703","","yappinggurllx","in","","0","0","0","https://x.com/undefined/status/1928373841321144703","1357274467345436676",
"1928373734324437379","Fri May 30 08:51:40 +0000 2025","1","Misteri 11 pendaki yang hilang di Gunung Arjuno masih jadi teka-teki yang menggetarkan. Apa sebenarnya yang terjadi? A Thread Naskah: Awan Editor | Admin: Uswah | Farraa Saksikan Garuda TV di Free to Air atau Streaming melalui: https://t.co/5ailDXRUX7 | YouTube Garuda TV | https://t.co/2lOcl0SGSs","1928373734324437379","https://pbs.twimg.com/media/GsL0qU8bQAA73FS.jpg","","in","","0","1","0","https://x.com/undefined/status/1928373734324437379","502140136",
"1928344012274160080","Fri May 30 08:51:05 +0000 2025","0","@zakiberkata grobogan 32 biasa hidup dibumiayu gunung paling panas cuma 27","1928373588307882459","","zakiberkata","in","","0","0","0","https://x.com/undefined/status/1928373588307882459","1102761758551289856",
"1928373339963166787","Fri May 30 08:50:06 +0000 2025","0","Polres Berau Melaksanakan Pemeriksaan Kesehatan Berkala Terhadap Korban Bencana Banjir di Kecamatan Segah Fokuskan Bantuan di Kampung Tepian Buah dan Gunung Sari. Kegiatan ini merupakan bagian dari upaya Polres Berau untuk memberikan rasa aman kepada masyarakat yang terdampak. https://t.co/2Q79JbLZ5r","1928373339963166787","https://pbs.twimg.com/media/GsL1UPJboAApMS9.jpg","","in","","0","0","0","https://x.com/undefined/status/1928373339963166787","1848565374889160704",
"1928373264155377867","Fri May 30 08:49:48 +0000 2025","0","Pihaknya memperkirakan masih ada lebih dari 10 orang terjebak di bawah timbunan longsoran. #longsor #gunungkuda #cirebon https://t.co/9Uixv9B53D https://t.co/p2NduWPUaC","1928373264155377867","https://pbs.twimg.com/media/GsL1Q6nbEAAs7eR.jpg","","in","","0","0","0","https://x.com/undefined/status/1928373264155377867","18071520",
"1928363297688146234","Fri May 30 08:48:49 +0000 2025","0","@yourbae jangankan gunung fuji mas","1928373017559601396","","yourbae","in","","0","0","0","https://x.com/undefined/status/1928373017559601396","1143508774230978561",
"1928362153527902399","Fri May 30 08:48:37 +0000 2025","0","@wagonrid Gunung kemukus?","1928372967311864315","","wagonrid","in","","0","1","0","https://x.com/undefined/status/1928372967311864315","1833001838020636672",
"1928360548661440780","Fri May 30 08:46:37 +0000 2025","1","Day 3 (29.05.2025) Hari terakhir di kasih Sunrise cakep banget dg Pemandangan Gunung Arjuna di belakang. Tak lupa beli oleh2 dan beli pentol urat yg lagi viral. Wenak pol ini (Pentol urat viral lokasi alun-alun kota Batu) https://t.co/JTHWTiGvkE","1928372464314204404","https://pbs.twimg.com/media/GsL0bqYbYAASVlf.jpg","jomblokesayanga","in","","0","0","0","https://x.com/undefined/status/1928372464314204404","1470710944879693827",
"1928262038926602455","Fri May 30 08:46:35 +0000 2025","0","@bennettluvrs Hmz gk ah daki gunung aj gw","1928372455468363835","","kkyokadesu","in","","0","1","0","https://x.com/undefined/status/1928372455468363835","1557774896502951937",
"1928330586281697469","Fri May 30 08:46:29 +0000 2025","44","@tanyakanrl naik gunung yuk","1928372430776533494","","tanyakanrl","in","","0","0","0","https://x.com/undefined/status/1928372430776533494","1570442394390364162",
"1928372102203064366","Fri May 30 08:45:11 +0000 2025","0","Longsor terjadi di lokasi pertambangan batu di Gunung Kuda Kabupaten Cirebon Jawa Barat. Puluhan orang diperkirakan tertimbun. #Nusantara #Kompas60 https://t.co/VNypiJoZqG","1928372102203064366","","","in","","0","0","0","https://x.com/undefined/status/1928372102203064366","79237556",
"1928372059505152203","Fri May 30 08:45:01 +0000 2025","0","Costa membawa cita rasa Mediterania ke bilangan Gunawarman Jakarta. Terinspirasi dari Catalan Chef Ryan Thedjakusuma menantang gempuran restoran Korea Selatan di area ini. Costa mengadaptasi Mar I Mutanya atau laut dan gunung. Selengkapnya: https://t.co/87nf2I8Vc2","1928372059505152203","","","in","","0","0","0","https://x.com/undefined/status/1928372059505152203","1054546782",
"1928371933009285392","Fri May 30 08:44:30 +0000 2025","5","Sebanyak empat orang meninggal dunia dalam peristiwa tanah longsor yang terjadi di lokasi Galian C Gunung Kuda Desa Cipanas Kecamatan Dukupuntang Kabupaten Cirebon Jawa Barat | #TanahLongsor #Cirebon https://t.co/WEkIn2YZZ7","1928371933009285392","","","in","","0","1","3","https://x.com/undefined/status/1928371933009285392","23343960",
"1928371870836916328","Fri May 30 08:44:16 +0000 2025","0","Tambang batu alam di Gunung Kuda Desa Cipanas Dukupuntang Kabupaten Cirebon Jawa Barat longsor Jumat (30/5) pagi. https://t.co/MyYU3B8IEE","1928371870836916328","","","in","","0","0","0","https://x.com/undefined/status/1928371870836916328","1404018642",
"1928096861916909629","Fri May 30 08:43:46 +0000 2025","0","@kanjengGondoku1 @kegblgnunfaedh gunung di jepang","1928371747998359650","","kanjengGondoku1","in","","0","0","0","https://x.com/undefined/status/1928371747998359650","1213743031163092997",
"1927999704274464848","Fri May 30 08:43:29 +0000 2025","0","SAOKI SANDAL GUNUNG https://t.co/oXmZ2lLvUj https://t.co/plfQqwpOay AKU GATAHANNN MAU REVIEW SANDAL INI POKOKNYA BINTANG 5JT sandal gunung saoki brand lokal secakep itu plsss... aku beli yang warna desert size 39 dan dari pertama buka paket tuh aku literally https://t.co/GasxYdabRB","1928371675307163713","https://pbs.twimg.com/media/GsLzz1PbMAAOSGC.jpg","roselymarchela","in","","0","0","0","https://x.com/undefined/status/1928371675307163713","1926811093",
"1927991145159639466","Fri May 30 08:43:24 +0000 2025","0","SAOKI SANDAL GUNUNG https://t.co/oXmZ2lLvUj https://t.co/plfQqwpOay AKU GATAHANNN MAU REVIEW SANDAL INI POKOKNYA BINTANG 5JT sandal gunung saoki brand lokal secakep itu plsss... aku beli yang warna desert size 39 dan dari pertama buka paket tuh aku literally https://t.co/uhmNv0akFy","1928371656332062813","https://pbs.twimg.com/media/GsLzyhrbAAA5fTN.jpg","roselymarchela","in","","0","0","0","https://x.com/undefined/status/1928371656332062813","1926811093",
"1928371494628864344","Fri May 30 08:42:46 +0000 2025","0","Diduga ada 10 orang tertimbun longsor di Cirebon. Lokasi penambangan bakal ditutup selamanya. #Nusantara #Kompas60 https://t.co/X80Y2EUQvo","1928371494628864344","","","in","","0","0","0","https://x.com/undefined/status/1928371494628864344","255866913",
"1928367450678075521","Fri May 30 08:26:42 +0000 2025","0","beli sleeping bukan buat tidur di gunung tapi buat tidur di rs anjay","1928367450678075521","","","in","","0","0","0","https://x.com/undefined/status/1928367450678075521","1184799981107961857",
"1928367410299519351","Fri May 30 08:26:32 +0000 2025","4","udah gelap mau ujan tpi masih betah main di gunung https://t.co/ynBmTBedlq","1928367410299519351","https://pbs.twimg.com/media/GsLv8LbaUAYWoFh.jpg","","in","","0","0","0","https://x.com/undefined/status/1928367410299519351","1840230833250283521",
"1928363297688146234","Fri May 30 08:26:15 +0000 2025","221","@yourbae Gunung fuji yeb? https://t.co/sKwTnQBkhQ","1928367339331891557","https://pbs.twimg.com/amplify_video_thumb/1928367267970174976/img/02h35MiPpga1VXY4.jpg","yourbae","in","","2","4","10","https://x.com/undefined/status/1928367339331891557","1067302411671236608",
"1928367193433198674","Fri May 30 08:25:40 +0000 2025","0","Jaket Pria Terbaru Type EVERES Original FCF Bandung size M L XL XXL / Jaket Gunung Pria Jumbo Anti Angin Jaket Distro Keren Outdoor Cowok Hitam Parasut Tebal https://t.co/OzLBX6Vhjm","1928367193433198674","","","in","","0","0","0","https://x.com/undefined/status/1928367193433198674","1789298412619489280",
"1928365432320258489","Fri May 30 08:25:29 +0000 2025","0","@pacarrrrkamuuuu gunung mana","1928367145798283638","","boywithbugsss","tl","","0","1","0","https://x.com/undefined/status/1928367145798283638","1239949259517997056",
"1928363297688146234","Fri May 30 08:25:00 +0000 2025","0","@yourbae Gunung Hinata soalnya kalo gunung sakura gaada","1928367023748239474","","yourbae","in","","0","0","0","https://x.com/undefined/status/1928367023748239474","1735333885473648640",
"1928363297688146234","Fri May 30 08:24:55 +0000 2025","0","@yourbae gunung chan","1928367002629943346","","yourbae","tl","","0","0","0","https://x.com/undefined/status/1928367002629943346","1072818279280857088",
"1928366613767803326","Fri May 30 08:23:22 +0000 2025","0","Korban Tewas Longsor Gunung Kuda Cirebon Bertambah jadi 9 Orang Puluhan Hilang https://t.co/gJihAK3HSg","1928366613767803326","","","in","","0","1","1","https://x.com/undefined/status/1928366613767803326","132078023",
"1928363297688146234","Fri May 30 08:22:37 +0000 2025","0","@yourbae gunung jepang","1928366424613081250","","yourbae","in","","0","0","0","https://x.com/undefined/status/1928366424613081250","1232242081185198080",
"1928362579308446071","Fri May 30 08:22:12 +0000 2025","0","@krosthornew Damnnn gunung mana itu???","1928366317872005563","","krosthornew","in","","0","1","0","https://x.com/undefined/status/1928366317872005563","1801857373449093120",
"1928320347712991677","Fri May 30 08:21:40 +0000 2025","1","@kelixmann Jd inget pas letusan gunung merapi banyak warga juga gamau di evakuasi :(","1928366185298477210","","kelixmann","in","","0","0","0","https://x.com/undefined/status/1928366185298477210","1071236000850993152",
"1928366151572070416","Fri May 30 08:21:32 +0000 2025","4","wts sepatu tracking gunung merk snta size 40 price 280k baru dipake sekali mendaki ke gunung prau bisa shopee atau tokopedia yaaaa masih mulusss bangett no minus https://t.co/buRm1GICnp","1928366151572070416","https://pbs.twimg.com/media/GsLuymaaUAIuQPU.jpg","","in","","0","10","0","https://x.com/undefined/status/1928366151572070416","1217100974789054464",
"1928096861916909629","Fri May 30 08:21:29 +0000 2025","0","@kanjengGondoku1 @kegblgnunfaedh Gunung","1928366140432208338","","kanjengGondoku1","in","","0","0","0","https://x.com/undefined/status/1928366140432208338","1527190514075770881",
"1928006435402637323","Fri May 30 08:21:22 +0000 2025","0","@faidilkamarudin okay bawak. next day nak gi pizza gunung.","1928366109138264505","","solemnxpromise","tl","","0","0","0","https://x.com/undefined/status/1928366109138264505","432461055",
"1928363505704653288","Fri May 30 08:20:40 +0000 2025","0","@munvess naikk gunung nderr","1928365933103297006","","munvess","in","","0","0","0","https://x.com/undefined/status/1928365933103297006","959389016788553728",
"1928363297688146234","Fri May 30 08:20:10 +0000 2025","0","@yourbae Gunung fadly faisal","1928365809099014402","","yourbae","tl","","0","0","0","https://x.com/undefined/status/1928365809099014402","1790252044919644160",
"1928363297688146234","Fri May 30 08:20:04 +0000 2025","0","@yourbae Gunung Fuji mas yeb Biar ga dingin pake ini https://t.co/Z4x2EzVEvD","1928365783685734441","","yourbae","in","","0","0","0","https://x.com/undefined/status/1928365783685734441","1508840296783937536",
"1928365647194690035","Fri May 30 08:19:32 +0000 2025","0","Longsor Besar di Tambang Gunung Kuda Cirebon 12 Korban Luka Dilarikan ke Rumah Sakit https://t.co/klYJETmrG3","1928365647194690035","","","in","","0","0","0","https://x.com/undefined/status/1928365647194690035","132078023",
"1928363297688146234","Fri May 30 08:19:20 +0000 2025","0","@yourbae Gunung Sindur rap","1928365597252854159","","yourbae","in","","0","0","0","https://x.com/undefined/status/1928365597252854159","824759664",
"1928365432320258489","Fri May 30 08:18:41 +0000 2025","1","pls jangan sakit dulu aku mau naik gunung","1928365432320258489","","","in","","0","3","0","https://x.com/undefined/status/1928365432320258489","1501563341923581952",
"1928096861916909629","Fri May 30 07:24:44 +0000 2025","0","@kanjengGondoku1 @kegblgnunfaedh Setau gue gunung kak","1928351856587145317","","kanjengGondoku1","in","","0","0","0","https://x.com/undefined/status/1928351856587145317","1657939576953122816",
"1928287450318749998","Fri May 30 07:24:02 +0000 2025","17","@TalkinAndy ga cuma pemerintah. warganya juga harus melek. kalo kek gini kejadian di Indo warganya lebih percaya sama juru kunci gunung dripada pemerintah wkwkw udah pernah kejadian soalnya. bahkan yg tanda2nya jelas diliat smua orang aja orang ga percaya wkwkw","1928351679704961469","","TalkinAndy","in","","0","11","3","https://x.com/undefined/status/1928351679704961469","1207573920",
"1927902978847166676","Fri May 30 07:23:56 +0000 2025","0","@sikoIorijo @collegemfs boleh tunggu jen turun gunung ya","1928351654828724705","","sikoIorijo","in","","0","1","0","https://x.com/undefined/status/1928351654828724705","1252582252183052294",
"1928096861916909629","Fri May 30 07:23:27 +0000 2025","0","@kanjengGondoku1 @kegblgnunfaedh Gunung di jepang bg","1928351533122429008","","kanjengGondoku1","in","","0","0","0","https://x.com/undefined/status/1928351533122429008","1125449932675010560",
"1928289749757722771","Fri May 30 07:23:09 +0000 2025","0","@nyctopheile gunung merbabu mod aku sama miyi lagi main","1928351460254961957","","nyctopheile","in","","0","1","0","https://x.com/undefined/status/1928351460254961957","1299725647846150144",
"1928096861916909629","Fri May 30 07:22:36 +0000 2025","0","@kanjengGondoku1 @kegblgnunfaedh Gunung di Jepang","1928351321788228089","","kanjengGondoku1","in","","0","0","0","https://x.com/undefined/status/1928351321788228089","1375799526",
"1928351048562888720","Fri May 30 07:21:31 +0000 2025","0","Tragedi Longsor Tambang Ilegal Gunung Kuda Cirebon: 4 Orang Tewas 9 Korban Dibawa ke RS https://t.co/8y6SvxaxMN","1928351048562888720","","","in","","0","0","0","https://x.com/undefined/status/1928351048562888720","132078023",
"1928350957777342743","Fri May 30 07:21:10 +0000 2025","0","Detik-Detik Mencekam Longsor di Gunung Kuda Cirebon Kepulan Debu Tebal Membubung Tinggi https://t.co/UkddEMFAWQ","1928350957777342743","","","in","","0","0","0","https://x.com/undefined/status/1928350957777342743","132078023",
"1928096861916909629","Fri May 30 07:20:58 +0000 2025","0","@kanjengGondoku1 @kegblgnunfaedh gunung","1928350908259389687","","kanjengGondoku1","in","","0","0","0","https://x.com/undefined/status/1928350908259389687","1517123003959902208",
"1928322429870334339","Fri May 30 07:20:53 +0000 2025","1","@Hareem4u Gunung kudaki..","1928350889799991424","","Hareem4u","in","","0","0","0","https://x.com/undefined/status/1928350889799991424","1829288912369623040",
"1928116582737187257","Fri May 30 07:20:36 +0000 2025","1","@unsoedmfs naik gunung: slamet sumbing muria lawu bareng pak parno. pak bunyamin. pak jelani tikum kampus xixixixi ","1928350817213464754","","unsoedmfs","in","","0","1","0","https://x.com/undefined/status/1928350817213464754","1910707069415747584",
"1928350589609726328","Fri May 30 07:19:42 +0000 2025","0","Gunung Semeru di Jatim dan Gunung Dukono di Malut Mengalami Erupsi https://t.co/oVqejWtz1n https://t.co/8S1YU4jXtO","1928350589609726328","https://pbs.twimg.com/media/GsLgpE6bsAAFWDT.jpg","","in","","0","0","0","https://x.com/undefined/status/1928350589609726328","1568514696424337413",
"1927644404992602137","Fri May 30 07:19:19 +0000 2025","0","@KangSemproel Dis itu paling cocok kalo berdampingan dengan Firdaus gunung","1928350492775600221","","KangSemproel","in","","0","0","0","https://x.com/undefined/status/1928350492775600221","1649657271037882369",
"1928222651627016309","Fri May 30 07:18:55 +0000 2025","0","@datsbiel Dashrath Manjhi Mountain Man yang luar biasa! Mengukir gunung sendirian dengan linggis selama 22 tahun demi membuat jalan untuk desanya ini menunjukkan keteguhan dan dedikasi yang luar biasa. Sebuah contoh inspiratif tentang bagaimana satu orang bisa membuat perbedaan besar","1928350392846536926","","sxptinobiel","in","","0","1","0","https://x.com/undefined/status/1928350392846536926","1880658874291892224",
"1928306739495010308","Fri May 30 07:18:45 +0000 2025","1","@kafiradikalis Negara islam/mayoritas islam sdh pasti aman buat penganut agama lain. Karena ajaran kami tdk boleh mengganggu kafir(dzimmi dan muahad). Dan keyakinan/ibadah mereka. Dari jaman nabi Muhammad khilafah dan seterusnya hingga akhir jaman.Beda ketika islam minoritas sdh pasti diganggu","1928350350265688263","","kafiradikalis","in","","0","0","0","https://x.com/undefined/status/1928350350265688263","1701624074877984768",
"1928350180950299140","Fri May 30 07:18:04 +0000 2025","0","Gunung Semeru di Jatim dan Gunung Dukono di Malut Mengalami Erupsi https://t.co/oVqejWtz1n https://t.co/CowROGNaSQ","1928350180950299140","https://pbs.twimg.com/media/GsLgRRdaUAA2nk5.jpg","","in","","0","0","0","https://x.com/undefined/status/1928350180950299140","1568514696424337413",
"1928350165351682521","Fri May 30 07:18:01 +0000 2025","66","CAMPING GROUND MAWAR pendakian gunung ungaran via mawar kab. semarang buat kalian yang suka camping ngaku pecinta alam atau buat kalian yang pemula mau nyobain sensasi ngecamp.. bisa cobain camping di mawar nih. tenang aja semua peralatan atau fasilitas sudah ada kalian https://t.co/4ts40t4tFh","1928350165351682521","https://pbs.twimg.com/ext_tw_video_thumb/1928350109684879363/pu/img/hL_GTMyLmRaiSx9N.jpg","","in","","0","68","6","https://x.com/undefined/status/1928350165351682521","1299215871366189056",
"1928350142060507276","Fri May 30 07:17:55 +0000 2025","0","TRAGEDI CIREBON! Longsor Dahsyat di Gunung Kuda Puluhan Orang Diduga Tertimbun! https://t.co/pjhVxIAcYs","1928350142060507276","","","in","","0","0","0","https://x.com/undefined/status/1928350142060507276","944180887171743745",
"1928350039333818621","Fri May 30 07:17:31 +0000 2025","0","Pas nonton story-nya mas Timo ternyata mas Timo pas di belakangku naik Gunung Harta Jadi ketagihan ngebis Apa perlu nyobain bus Rela Solo - Purwodadi? Wkwkwk https://t.co/sxEs5uJhLN","1928350039333818621","https://pbs.twimg.com/media/GsLgJCkaUAAvDLN.jpg","","in","","0","1","1","https://x.com/undefined/status/1928350039333818621","248221779",
"1928071948145164408","Fri May 30 07:15:41 +0000 2025","0","@godokPisangg @Jateng_Twit @injourney_IDM nah keluar satu cecunguk wkwkw coba di Mekkah dan Madinah dikasih eskalator waktu naik bukit/gunung buat lempar jumrah jadi umat tinggal duduk sampe deh di puncak Ga ngerti esensi pilgrimage itu apa heboh ga tuh dunia persilatan?","1928349580355068379","","godokPisangg","in","","0","1","0","https://x.com/undefined/status/1928349580355068379","370104327",
"1928349386049757261","Fri May 30 07:14:55 +0000 2025","0","Alasan udh mls naik gunung adl banyak orang prg mountain date bjirrr. Bukannya nyari adem malah makin panas","1928349386049757261","","","in","","0","0","0","https://x.com/undefined/status/1928349386049757261","3953448380",
"1928347854931906912","Fri May 30 07:14:54 +0000 2025","0","@Amourcats FELT GIRL aku jalan 1 KM kayak naik gunung rasanya","1928349384204296205","","fatedshore","in","","0","0","0","https://x.com/undefined/status/1928349384204296205","1877423141846396928",
"1928069282841190630","Fri May 30 07:14:50 +0000 2025","0","@suarakeadilan88 Biar ko sembunyi di gunung-gunung Tuhan pung tangan pasti turun kasih balas ko pung perbuatan","1928349368010039746","","suarakeadilan88","in","","0","0","0","https://x.com/undefined/status/1928349368010039746","725461335249698817",
"1928349349509034443","Fri May 30 07:14:46 +0000 2025","0","Mahasiswa pencinta alam memakan korban lagi. Ini fenomena gunung es. Sayangnya gak pernah diusut sampai tuntas tas tas. Sejak zaman kuliah sering banget denger kasus kasus begini tapi semua pilih diam. Baik pelaku (yaiyalah) maupun korban pun saksi.","1928349349509034443","","","in","","0","1","0","https://x.com/undefined/status/1928349349509034443","178023827",
"1927274924005048786","Fri May 30 07:14:15 +0000 2025","1","@AntarticaSnowWW Pesawat televisi","1928349217342263711","","AntarticaSnowWW","in","","0","1","0","https://x.com/undefined/status/1928349217342263711","1701624074877984768",
"1927768579362975761","Fri May 30 07:13:09 +0000 2025","0","@adityazulk47491 gunung ?","1928348943244742917","","adityazulk47491","in","","0","0","0","https://x.com/undefined/status/1928348943244742917","1753771285149286400",
"1928348914530345056","Fri May 30 07:13:02 +0000 2025","0","hii mendaki bareng yukk? gunung apapun asalkan gampil","1928348914530345056","","","in","","0","2","0","https://x.com/undefined/status/1928348914530345056","1548844267317374976",
"1928341977872937391","Fri May 30 07:12:49 +0000 2025","0","@arvfna gunung ejet ","1928348857529692317","","arvfna","tl","","0","1","0","https://x.com/undefined/status/1928348857529692317","1706676234258919424",
"1927929389557092855","Fri May 30 07:12:00 +0000 2025","0","@txtdrimedia Bukan pilih hu ibu yang mulia tapi persawatan harus bisa pindahin gunung umur max 20 tahun pengalaman kerja harus 10 tahun bsa usir setan bisa mengadali kan air dan api","1928348651832688805","","txtdrimedia","in","","0","0","0","https://x.com/undefined/status/1928348651832688805","1418503537340735489",
"1928348481527157148","Fri May 30 07:11:19 +0000 2025","1","siapaa yang boseen nanjak gunung yuk roblox! nanti aku DM yaah","1928348481527157148","","","in","","0","6","0","https://x.com/undefined/status/1928348481527157148","1667714410000060416",
"1928348226966470880","Fri May 30 07:10:18 +0000 2025","0","tawarin celana untuk ke gunung dong gais untuk tracking","1928348226966470880","","","in","","0","1","0","https://x.com/undefined/status/1928348226966470880","1878778427962200064",
"1928348150655570352","Fri May 30 07:10:00 +0000 2025","0","Polsek Sawah Besar melakukan pengamanan dan pemantauan kegiatan ibadah dalam rangka peringatan Kenaikan Isa Almasih di Gereja Isa Almasih Jalan Rasela Raya No. 35 Gunung Sahari Utara Sawah Besar Jakarta Pusat Kamis (29/5/2025) pagi. https://t.co/E6IPPZzFnF","1928348150655570352","https://pbs.twimg.com/media/GsLeau_boAAjWRs.jpg","","in","","0","0","0","https://x.com/undefined/status/1928348150655570352","626213715",
"1928289749757722771","Fri May 30 07:09:30 +0000 2025","0","@zonailee Ayo naik gunung sama gw kak dolie jago btw","1928348023345611141","","zonailee","in","","0","1","0","https://x.com/undefined/status/1928348023345611141","1018884113506316289",
"1928347927774421343","Fri May 30 07:09:07 +0000 2025","1","Misteri 11 Pendaki Hilang di Gunung Arjuno Ini Kronologi dan Kisah Pasar Setan https://t.co/kgubCDOv4d https://t.co/s2UMK88YCE","1928347927774421343","https://pbs.twimg.com/media/GsLeOJwaUAQwIGy.jpg","","in","","0","0","0","https://x.com/undefined/status/1928347927774421343","502140136",
"1928289749757722771","Fri May 30 07:09:01 +0000 2025","0","@nyctopheile Mod ajarin naik gunung","1928347903313203489","","nyctopheile","in","","0","1","0","https://x.com/undefined/status/1928347903313203489","1299725647846150144",
"1928347781489737836","Fri May 30 07:08:32 +0000 2025","0","bukannya plan setelah pengumuman tuh mau main mau ke gunung mau ke kost ii mau jajan di unjani mau naik kereta yaa? kok harus belajar lagi buat mandiri sih","1928347781489737836","","","in","","0","0","0","https://x.com/undefined/status/1928347781489737836","1251389285602754562",
"1928347647271694813","Fri May 30 07:08:00 +0000 2025","0","SOLOO PANASS BANGETT tapi pemandangannya jadi bagus gunung-gunung nya jadi keliatan jelass ","1928347647271694813","","","in","","0","0","0","https://x.com/undefined/status/1928347647271694813","931920269161009152",
"1928346923695530451","Fri May 30 07:05:08 +0000 2025","0","org org kok kuat ya main gunung gunungan... yg bikin kalian ngerasa asik tuh apaa /gen ask","1928346923695530451","","","in","","0","6","0","https://x.com/undefined/status/1928346923695530451","1098925961746145281",
"1928344012274160080","Fri May 30 07:05:07 +0000 2025","0","@zakiberkata Cerah vibes menyenangkan pemandangan gunung jadi resolusi 8K minus puanas","1928346921791369322","","zakiberkata","in","","0","0","0","https://x.com/undefined/status/1928346921791369322","1560915820569538560",
"1928346779067764906","Fri May 30 07:04:33 +0000 2025","0","Bulan mei ini aktivitas yg gua lakuin sudah dilaksanakan Naik gunung Mancing di laut Model Pengantin Lari Touring motoran Renang Ngegame udah pastii Badminton Basket Untuk bulan juni yang belum gua lakuin mau coba aktivitas Gym Padel Sepeda Beli buku baru","1928346779067764906","","","in","","0","0","0","https://x.com/undefined/status/1928346779067764906","740134112",
"1928341977872937391","Fri May 30 07:04:19 +0000 2025","0","@arvfna yUks gunung aph yh yg menantang ","1928346717876875351","","arvfna","in","","0","1","0","https://x.com/undefined/status/1928346717876875351","1706676234258919424",
"1928039190928777678","Fri May 30 07:04:14 +0000 2025","0","@lleenyo EH BENER JIR KARANG = coral ANYAR (gwe typo) = baru. TUH BNER gwejh ngefoto gunung lawu btw","1928346698583064590","","lleenyo","in","","0","1","0","https://x.com/undefined/status/1928346698583064590","1703335314566332417",
"1928346486724583927","Fri May 30 07:03:24 +0000 2025","0","Viral Longsor di Gunung Kuda Cirebon Puluhan Orang dan Kendaraan Tertimbun https://t.co/aJoprxzUpS","1928346486724583927","","","in","","0","0","0","https://x.com/undefined/status/1928346486724583927","132078023",
"1928346466294145432","Fri May 30 07:03:19 +0000 2025","21","view gunung sinabung https://t.co/9dWKxzkljU","1928346466294145432","https://pbs.twimg.com/media/GsLc4QYaUAIAunY.jpg","","tl","","0","2","0","https://x.com/undefined/status/1928346466294145432","1119667544778924032",
"1928337550415978698","Fri May 30 07:00:46 +0000 2025","0","@endahprrr gunung wkwk","1928345826260029707","","endahprrr","in","","0","0","0","https://x.com/undefined/status/1928345826260029707","543874792",
"1928345296071004335","Fri May 30 06:58:40 +0000 2025","0","Setelah sebulan di tenda darurat akibat pergerakan tanah ratusan warga Desa Mendala Krajan Sirampong Gunung Poh Brebes akhirnya menempati hunian sementara semi permanen yang lebih layak. #relokaai #bencana #pengungsi #brebes #jawatengah https://t.co/xkzYbXF8zG","1928345296071004335","https://pbs.twimg.com/amplify_video_thumb/1928344861318729729/img/GWunZDVFm8ee1kkG.jpg","","in","","0","0","0","https://x.com/undefined/status/1928345296071004335","1726143628836499456",
"1928345044081078769","Fri May 30 06:57:40 +0000 2025","10","Breaking News! Gunung Kuda Cirebon Longsor Puluhan Pekerja dan Truk Tambang Tertimbun https://t.co/67kX6IVkYV","1928345044081078769","","","in","","2","2","3","https://x.com/undefined/status/1928345044081078769","47274731",
"1928344784378228962","Fri May 30 06:56:38 +0000 2025","10","tadi pagi baru ngepap kalo naik gunung sendiri lah agak siangan udah atraksi aja ","1928344784378228962","","","in","","0","4","0","https://x.com/undefined/status/1928344784378228962","1236662984312639488",
"1928344033174376912","Fri May 30 06:53:39 +0000 2025","0","Gunung Dukono Kembali Erupsi Semburkan Abu Vulkanik Setinggi 1 5 Km #BNetwork https://t.co/n0imtvf1NY","1928344033174376912","","","in","","0","0","0","https://x.com/undefined/status/1928344033174376912","154102750",
"1928344031190286819","Fri May 30 06:53:38 +0000 2025","0","Longsor Tambang Gunung Kuda Cirebon Puluhan Kendaraan dan Pekerja Tertimbun https://t.co/Wb2LTEkV4I #LongsorGunungKuda #TambangCirebon #BobosBerduka #TragediGunungKuda","1928344031190286819","","","in","","0","0","0","https://x.com/undefined/status/1928344031190286819","1641028826489823232",
"1928222651627016309","Fri May 30 06:53:02 +0000 2025","0","@datsbiel Keren banget ya motong gunung pake linggis mana lama banget sampe 22 tahun","1928343880413442476","","sxptinobiel","in","","0","0","0","https://x.com/undefined/status/1928343880413442476","1406206545625419777",
"1928343871437537399","Fri May 30 06:53:00 +0000 2025","5","Pajero lama masih kuat juga naik gunung wkwk https://t.co/inr3AQbzgr","1928343871437537399","https://pbs.twimg.com/media/GsLahpsaUAEb2bL.jpg","","in","","0","2","0","https://x.com/undefined/status/1928343871437537399","1895495752690061312",
"1928343592902574282","Fri May 30 06:51:54 +0000 2025","0","Gunung Semeru Kembali Bergemuruh 61 Kali Erupsi dalam Sehari https://t.co/8pqil9zHI8 https://t.co/M98wEcP2fr","1928343592902574282","https://pbs.twimg.com/media/GsLaR1CaUAEazkU.jpg","","in","","0","0","0","https://x.com/undefined/status/1928343592902574282","502140136",
"1928275217673011641","Fri May 30 06:51:19 +0000 2025","4","@tanyarlfes Motivasi untuk belajar motornya coba dikuatkan dulu anak manja yang kemana2 minta tolong buat dianter/jemput tapi ketika emak2 harus antar anak2 sekolah tiba2 cuma belajar 1 Minggu aja udah lancar Alhamdulillah padahal anak sekolahnya di gunung hahha","1928343447867642250","","tanyarlfes","in","","0","1","0","https://x.com/undefined/status/1928343447867642250","61132094",
"1928343374358270058","Fri May 30 06:51:01 +0000 2025","0","Dandim 0710/Pekalongan Letkol Inf. Rizky Aditya melaksanakan pelepasan dan penyerahan bendera merah putih kepada peserta upacara peringatan Hari Lahir Pancasila lintas agama dan kepercayaan terhadap tuhan YME di puncak Gunung Lawu bertempat di Gereja Katolik Santo Petrus. https://t.co/e07ESDeQXM","1928343374358270058","https://pbs.twimg.com/media/GsLaErYaUAIrr1l.jpg","","in","","0","0","0","https://x.com/undefined/status/1928343374358270058","778788691804389378",
"1928314336793006517","Fri May 30 06:50:35 +0000 2025","1","@zakiberkata Cuaca pulang jumatan Di sana gunung di sini gunung + terik langit biru https://t.co/y06uopEmpC","1928343263783653877","https://pbs.twimg.com/media/GsLZh3JaUAAMx1n.jpg","zakiberkata","in","","0","0","1","https://x.com/undefined/status/1928343263783653877","841633171586265088",
"1928343056647905491","Fri May 30 06:49:46 +0000 2025","1","Main-main ke puncak gunung tinggi-tinggi sekali","1928343056647905491","","","in","","0","1","0","https://x.com/undefined/status/1928343056647905491","1505515305724182529",
"1928343015564689919","Fri May 30 06:49:36 +0000 2025","0","PRET PRET gengsi lu segede gunung","1928343015564689919","","","in","","0","0","0","https://x.com/undefined/status/1928343015564689919","1162717158",
"1928336275519459802","Fri May 30 06:49:25 +0000 2025","0","@niceetrrryyyy anjay keren gunung mana ni","1928342967733080314","","niceetrrryyyy","in","","0","1","0","https://x.com/undefined/status/1928342967733080314","1493348852",
"1928153547725492316","Fri May 30 06:47:50 +0000 2025","1","@kafucka akuu yang naik gunung belum pernah aku suka yang tanaman gitu grow a garden","1928342571492987119","","haisilens","in","","0","1","0","https://x.com/undefined/status/1928342571492987119","1801645300106543105",
